# 3ds Max Wavefront OBJ Exporter v0.99 - (c)2007 guruware
# File Created: 02.09.2026 22:17:49

mtllib banana_hero.mtl

#
# object Line001
#

v  -0.1695 0.6335 0.1244
v  -0.1629 0.6402 0.1091
v  -0.2003 0.6623 0.1080
v  -0.2065 0.6554 0.1212
v  -0.1591 0.6460 0.0942
v  -0.1964 0.6685 0.0949
v  -0.2350 0.6906 0.0949
v  -0.2390 0.6844 0.1067
v  -0.2707 0.7135 0.0949
v  -0.2744 0.7079 0.1055
v  -0.3023 0.7377 0.0953
v  -0.3051 0.7330 0.1049
v  -0.3291 0.7636 0.0963
v  -0.3310 0.7598 0.1050
v  -0.3529 0.7910 0.0983
v  -0.3543 0.7881 0.1063
v  -0.3747 0.8194 0.1013
v  -0.3757 0.8172 0.1088
v  -0.3939 0.8483 0.1054
v  -0.3948 0.8466 0.1124
v  -0.4100 0.8770 0.1103
v  -0.4108 0.8756 0.1169
v  -0.4217 0.9049 0.1157
v  -0.4226 0.9037 0.1220
v  -0.4243 0.9022 0.1283
v  -0.4123 0.8739 0.1234
v  -0.4267 0.9004 0.1346
v  -0.4147 0.8719 0.1299
v  -0.4298 0.8983 0.1409
v  -0.4176 0.8696 0.1362
v  -0.4335 0.8960 0.1472
v  -0.4211 0.8671 0.1425
v  -0.4376 0.8936 0.1534
v  -0.4250 0.8646 0.1486
v  -0.4420 0.8913 0.1593
v  -0.4292 0.8621 0.1544
v  -0.4465 0.8889 0.1647
v  -0.4334 0.8596 0.1598
v  -0.4509 0.8868 0.1695
v  -0.4376 0.8574 0.1646
v  -0.4552 0.8848 0.1735
v  -0.4416 0.8553 0.1686
v  -0.4593 0.8830 0.1766
v  -0.4455 0.8534 0.1718
v  -0.4631 0.8814 0.1788
v  -0.4492 0.8518 0.1741
v  -0.4668 0.8800 0.1802
v  -0.4528 0.8503 0.1757
v  -0.4704 0.8788 0.1810
v  -0.4564 0.8490 0.1767
v  -0.4740 0.8776 0.1813
v  -0.4600 0.8477 0.1772
v  -0.4779 0.8764 0.1812
v  -0.4638 0.8464 0.1772
v  -0.4821 0.8752 0.1805
v  -0.4680 0.8450 0.1767
v  -0.4867 0.8739 0.1794
v  -0.4727 0.8436 0.1757
v  -0.4918 0.8726 0.1779
v  -0.4778 0.8422 0.1744
v  -0.4973 0.8713 0.1760
v  -0.4833 0.8406 0.1727
v  -0.5032 0.8699 0.1738
v  -0.4893 0.8391 0.1708
v  -0.5093 0.8686 0.1716
v  -0.4955 0.8377 0.1688
v  -0.5154 0.8674 0.1694
v  -0.5018 0.8363 0.1667
v  -0.5215 0.8663 0.1672
v  -0.5081 0.8351 0.1647
v  -0.5273 0.8653 0.1651
v  -0.5143 0.8341 0.1628
v  -0.5328 0.8645 0.1630
v  -0.5203 0.8333 0.1608
v  -0.5378 0.8639 0.1608
v  -0.5259 0.8327 0.1588
v  -0.5425 0.8634 0.1584
v  -0.5313 0.8323 0.1566
v  -0.5469 0.8631 0.1560
v  -0.5364 0.8321 0.1544
v  -0.5509 0.8628 0.1533
v  -0.5412 0.8320 0.1519
v  -0.5547 0.8627 0.1505
v  -0.5458 0.8321 0.1493
v  -0.5582 0.8628 0.1474
v  -0.5502 0.8323 0.1462
v  -0.5613 0.8631 0.1440
v  -0.5541 0.8327 0.1428
v  -0.5640 0.8636 0.1402
v  -0.5577 0.8333 0.1388
v  -0.5663 0.8644 0.1358
v  -0.5608 0.8340 0.1342
v  -0.5682 0.8653 0.1310
v  -0.5634 0.8348 0.1290
v  -0.5698 0.8661 0.1256
v  -0.5655 0.8356 0.1233
v  -0.5710 0.8668 0.1199
v  -0.5671 0.8363 0.1172
v  -0.5720 0.8673 0.1140
v  -0.5684 0.8367 0.1108
v  -0.5633 0.8032 0.1070
v  -0.5616 0.8026 0.1142
v  -0.5581 0.7671 0.1028
v  -0.5558 0.7663 0.1111
v  -0.5528 0.7652 0.1192
v  -0.5594 0.8019 0.1211
v  -0.5490 0.7640 0.1268
v  -0.5565 0.8010 0.1275
v  -0.5445 0.7628 0.1336
v  -0.5530 0.8000 0.1334
v  -0.5394 0.7617 0.1395
v  -0.5490 0.7992 0.1385
v  -0.5337 0.7608 0.1443
v  -0.5444 0.7984 0.1428
v  -0.5277 0.7601 0.1483
v  -0.5395 0.7979 0.1464
v  -0.5215 0.7597 0.1514
v  -0.5342 0.7975 0.1494
v  -0.5152 0.7594 0.1541
v  -0.5288 0.7973 0.1521
v  -0.5090 0.7594 0.1564
v  -0.5232 0.7973 0.1544
v  -0.5026 0.7596 0.1585
v  -0.5174 0.7974 0.1565
v  -0.4962 0.7601 0.1604
v  -0.5115 0.7978 0.1585
v  -0.4897 0.7610 0.1621
v  -0.5053 0.7985 0.1604
v  -0.4830 0.7621 0.1637
v  -0.4990 0.7994 0.1622
v  -0.4762 0.7636 0.1653
v  -0.4925 0.8006 0.1640
v  -0.4693 0.7654 0.1668
v  -0.4859 0.8020 0.1658
v  -0.4625 0.7673 0.1683
v  -0.4794 0.8036 0.1676
v  -0.4560 0.7694 0.1698
v  -0.4730 0.8054 0.1693
v  -0.4497 0.7715 0.1711
v  -0.4669 0.8071 0.1710
v  -0.4439 0.7735 0.1722
v  -0.4613 0.8089 0.1724
v  -0.4386 0.7754 0.1730
v  -0.4561 0.8106 0.1735
v  -0.4338 0.7772 0.1734
v  -0.4515 0.8122 0.1742
v  -0.4296 0.7789 0.1735
v  -0.4473 0.8137 0.1745
v  -0.4257 0.7805 0.1731
v  -0.4434 0.8151 0.1743
v  -0.4221 0.7820 0.1723
v  -0.4398 0.8166 0.1737
v  -0.4186 0.7836 0.1710
v  -0.4363 0.8181 0.1725
v  -0.4150 0.7854 0.1691
v  -0.4328 0.8197 0.1707
v  -0.4114 0.7873 0.1666
v  -0.4292 0.8214 0.1682
v  -0.4076 0.7896 0.1632
v  -0.4254 0.8234 0.1649
v  -0.4037 0.7921 0.1590
v  -0.4214 0.8257 0.1609
v  -0.3996 0.7950 0.1541
v  -0.4174 0.8282 0.1561
v  -0.3954 0.7981 0.1486
v  -0.4132 0.8309 0.1507
v  -0.3912 0.8014 0.1426
v  -0.4092 0.8337 0.1449
v  -0.4053 0.8365 0.1387
v  -0.3871 0.8049 0.1363
v  -0.3834 0.8083 0.1297
v  -0.4018 0.8394 0.1324
v  -0.3802 0.8116 0.1229
v  -0.3988 0.8420 0.1259
v  -0.3775 0.8146 0.1160
v  -0.3964 0.8445 0.1192
v  -0.3597 0.7809 0.1213
v  -0.3566 0.7847 0.1139
v  -0.3379 0.7507 0.1213
v  -0.3340 0.7555 0.1133
v  -0.3143 0.7218 0.1229
v  -0.3091 0.7277 0.1140
v  -0.2865 0.6946 0.1259
v  -0.2796 0.7016 0.1157
v  -0.2530 0.6697 0.1298
v  -0.2449 0.6775 0.1181
v  -0.2156 0.6473 0.1351
v  -0.1795 0.6253 0.1405
v  -0.2275 0.6381 0.1502
v  -0.1925 0.6157 0.1576
v  -0.2421 0.6272 0.1676
v  -0.2092 0.6039 0.1771
v  -0.2576 0.6154 0.1861
v  -0.2282 0.5896 0.1989
v  -0.2016 0.5615 0.2080
v  -0.1796 0.5781 0.1830
v  -0.1772 0.5294 0.2129
v  -0.1530 0.5472 0.1852
v  -0.1533 0.4914 0.2137
v  -0.1278 0.5093 0.1839
v  -0.1270 0.4462 0.2104
v  -0.1018 0.4627 0.1799
v  -0.1224 0.4125 0.2209
v  -0.1125 0.4194 0.2069
v  -0.1491 0.4329 0.2388
v  -0.1328 0.4053 0.2348
v  -0.3128 0.4163 0.2909
v  -0.3283 0.4128 0.2890
v  -0.3074 0.3625 0.2989
v  -0.2916 0.3669 0.3007
v  -0.3442 0.4095 0.2893
v  -0.3238 0.3580 0.2992
v  -0.3607 0.4060 0.2922
v  -0.3409 0.3531 0.3016
v  -0.3777 0.4020 0.2963
v  -0.3586 0.3477 0.3048
v  -0.3952 0.3977 0.2994
v  -0.3770 0.3420 0.3068
v  -0.4130 0.3930 0.2999
v  -0.3955 0.3363 0.3061
v  -0.4306 0.3881 0.2977
v  -0.4139 0.3308 0.3026
v  -0.4477 0.3833 0.2925
v  -0.4321 0.3257 0.2957
v  -0.4645 0.3784 0.2845
v  -0.4503 0.3207 0.2856
v  -0.4814 0.3734 0.2739
v  -0.4684 0.3156 0.2730
v  -0.4986 0.3684 0.2616
v  -0.4862 0.3101 0.2590
v  -0.5157 0.3634 0.2481
v  -0.5031 0.3047 0.2443
v  -0.5312 0.3587 0.2328
v  -0.5183 0.3001 0.2289
v  -0.5433 0.3545 0.2145
v  -0.5311 0.2968 0.2119
v  -0.5538 0.3521 0.1932
v  -0.5421 0.2954 0.1919
v  -0.5635 0.3515 0.1673
v  -0.5515 0.2959 0.1662
v  -0.5726 0.3523 0.1360
v  -0.5604 0.2980 0.1328
v  -0.5808 0.3541 0.0999
v  -0.5685 0.3013 0.0919
v  -0.5859 0.3555 0.0617
v  -0.5723 0.3030 0.0503
v  -0.5897 0.3585 0.0259
v  -0.5744 0.3052 0.0129
v  -0.5941 0.3637 -0.0069
v  -0.5774 0.3096 -0.0208
v  -0.5986 0.3698 -0.0363
v  -0.5810 0.3149 -0.0504
v  -0.6017 0.3746 -0.0606
v  -0.5844 0.3202 -0.0752
v  -0.6034 0.3776 -0.0786
v  -0.5871 0.3243 -0.0938
v  -0.6040 0.3793 -0.0913
v  -0.5884 0.3263 -0.1065
v  -0.6039 0.3803 -0.1004
v  -0.5886 0.3273 -0.1155
v  -0.6028 0.3811 -0.1076
v  -0.5880 0.3281 -0.1225
v  -0.6002 0.3823 -0.1147
v  -0.5859 0.3292 -0.1295
v  -0.5945 0.3842 -0.1232
v  -0.5809 0.3312 -0.1379
v  -0.5841 0.3872 -0.1342
v  -0.5711 0.3344 -0.1492
v  -0.5685 0.3914 -0.1485
v  -0.5555 0.3392 -0.1641
v  -0.5487 0.3962 -0.1652
v  -0.5348 0.3446 -0.1820
v  -0.5269 0.4006 -0.1824
v  -0.5116 0.3496 -0.2006
v  -0.5058 0.4042 -0.1982
v  -0.4889 0.3533 -0.2176
v  -0.4891 0.3388 -0.2180
v  -0.5044 0.3300 -0.2067
v  -0.4842 0.3416 -0.2216
v  -0.4685 0.3504 -0.2325
v  -0.4689 0.3562 -0.2320
v  -0.4668 0.3513 -0.2337
v  -0.4533 0.3589 -0.2427
v  -0.4524 0.3594 -0.2433
v  -0.4525 0.3593 -0.2433
v  -0.4713 0.4098 -0.2223
v  -0.4583 0.4126 -0.2304
v  -0.4405 0.3658 -0.2504
v  -0.4397 0.3663 -0.2508
v  -0.4472 0.4156 -0.2361
v  -0.4301 0.3713 -0.2557
v  -0.4288 0.3719 -0.2561
v  -0.4367 0.4190 -0.2400
v  -0.4200 0.3763 -0.2593
v  -0.4184 0.3771 -0.2596
v  -0.4254 0.4233 -0.2424
v  -0.4091 0.3815 -0.2616
v  -0.3979 0.3865 -0.2629
v  -0.4121 0.4290 -0.2435
v  -0.3959 0.3874 -0.2630
v  -0.3815 0.3938 -0.2640
v  -0.3960 0.4369 -0.2437
v  -0.3795 0.3946 -0.2641
v  -0.3605 0.4030 -0.2651
v  -0.3763 0.4476 -0.2432
v  -0.3592 0.4036 -0.2652
v  -0.3449 0.4099 -0.2661
v  -0.3355 0.4164 -0.2657
v  -0.3531 0.4610 -0.2420
v  -0.3347 0.4144 -0.2665
v  -0.3334 0.4149 -0.2666
v  -0.3094 0.4348 -0.2642
v  -0.3062 0.4268 -0.2676
v  -0.3006 0.4293 -0.2677
v  -0.2812 0.4539 -0.2620
v  -0.2753 0.4402 -0.2680
v  -0.2666 0.4438 -0.2674
v  -0.2540 0.4706 -0.2592
v  -0.2461 0.4525 -0.2666
v  -0.2382 0.4556 -0.2654
v  -0.2330 0.4821 -0.2560
v  -0.2243 0.4614 -0.2640
v  -0.2187 0.4635 -0.2627
v  -0.2194 0.4885 -0.2529
v  -0.2103 0.4667 -0.2609
v  -0.2068 0.4680 -0.2595
v  -0.2108 0.4919 -0.2495
v  -0.2017 0.4698 -0.2576
v  -0.1992 0.4706 -0.2559
v  -0.1958 0.4716 -0.2538
v  -0.2050 0.4938 -0.2458
v  -0.1906 0.4730 -0.2492
v  -0.1998 0.4952 -0.2413
v  -0.1852 0.4742 -0.2434
v  -0.1944 0.4965 -0.2356
v  -0.1787 0.4755 -0.2358
v  -0.1881 0.4979 -0.2280
v  -0.1754 0.4761 -0.2314
v  -0.1802 0.4997 -0.2181
v  -0.1707 0.4770 -0.2257
v  -0.1664 0.4778 -0.2201
v  -0.1702 0.5021 -0.2053
v  -0.1605 0.4790 -0.2128
v  -0.1553 0.4799 -0.2059
v  -0.1585 0.5051 -0.1899
v  -0.1484 0.4812 -0.1972
v  -0.1424 0.4822 -0.1892
v  -0.1455 0.5085 -0.1721
v  -0.1349 0.4836 -0.1794
v  -0.1282 0.4847 -0.1701
v  -0.1315 0.5121 -0.1523
v  -0.1203 0.4860 -0.1595
v  -0.1131 0.4871 -0.1490
v  -0.1172 0.5159 -0.1308
v  -0.1053 0.4884 -0.1379
v  -0.0978 0.4894 -0.1263
v  -0.1030 0.5193 -0.1079
v  -0.0904 0.4904 -0.1149
v  -0.0831 0.4911 -0.1023
v  -0.0896 0.5220 -0.0839
v  -0.0764 0.4918 -0.0908
v  -0.0698 0.4921 -0.0774
v  -0.0776 0.5233 -0.0592
v  -0.0640 0.4924 -0.0659
v  -0.0585 0.4921 -0.0522
v  -0.0676 0.5232 -0.0342
v  -0.0538 0.4919 -0.0406
v  -0.0501 0.4913 -0.0291
v  -0.0596 0.5217 -0.0095
v  -0.0458 0.4906 -0.0156
v  -0.0431 0.4896 -0.0045
v  -0.0537 0.5193 0.0143
v  -0.0399 0.4885 0.0083
v  -0.0382 0.4873 0.0188
v  -0.0499 0.5162 0.0365
v  -0.0360 0.4859 0.0306
v  -0.0351 0.4845 0.0404
v  -0.0477 0.5128 0.0568
v  -0.0338 0.4830 0.0512
v  -0.0339 0.4811 0.0605
v  -0.0477 0.5086 0.0759
v  -0.0338 0.4793 0.0705
v  -0.0352 0.4769 0.0797
v  -0.0505 0.5033 0.0947
v  -0.0364 0.4745 0.0895
v  -0.0396 0.4714 0.0991
v  -0.0566 0.4965 0.1139
v  -0.0425 0.4682 0.1090
v  -0.0478 0.4640 0.1192
v  -0.0669 0.4877 0.1341
v  -0.0528 0.4599 0.1295
v  -0.0605 0.4545 0.1404
v  -0.0817 0.4767 0.1554
v  -0.0678 0.4492 0.1514
v  -0.0783 0.4423 0.1641
v  -0.0882 0.4357 0.1767
v  -0.0933 0.5341 0.1403
v  -0.1080 0.5232 0.1606
v  -0.1195 0.5711 0.1435
v  -0.1340 0.5605 0.1631
v  -0.1477 0.6007 0.1435
v  -0.1616 0.5906 0.1621
v  -0.1372 0.6092 0.1258
v  -0.1088 0.5798 0.1247
v  -0.1022 0.5866 0.1068
v  -0.1304 0.6159 0.1090
v  -0.0990 0.5919 0.0893
v  -0.1270 0.6213 0.0926
v  -0.0985 0.5962 0.0714
v  -0.1260 0.6258 0.0757
v  -0.1576 0.6511 0.0787
v  -0.1269 0.6299 0.0576
v  -0.1577 0.6559 0.0621
v  -0.1944 0.6790 0.0659
v  -0.1946 0.6741 0.0810
v  -0.2325 0.7003 0.0687
v  -0.2329 0.6959 0.0824
v  -0.2684 0.7218 0.0713
v  -0.2687 0.7182 0.0836
v  -0.3008 0.7444 0.0742
v  -0.3009 0.7415 0.0851
v  -0.3287 0.7687 0.0773
v  -0.3283 0.7666 0.0871
v  -0.3533 0.7947 0.0810
v  -0.3526 0.7932 0.0898
v  -0.3754 0.8220 0.0855
v  -0.3746 0.8210 0.0936
v  -0.3947 0.8501 0.0908
v  -0.3939 0.8494 0.0982
v  -0.4099 0.8779 0.1035
v  -0.4106 0.8783 0.0965
v  -0.4221 0.9061 0.1026
v  -0.4216 0.9057 0.1092
v  -0.4289 0.9326 0.1087
v  -0.4286 0.9322 0.1151
v  -0.4289 0.9314 0.1213
v  -0.4326 0.9561 0.1207
v  -0.4331 0.9552 0.1267
v  -0.4342 0.9540 0.1326
v  -0.4300 0.9302 0.1274
v  -0.4361 0.9525 0.1385
v  -0.4318 0.9288 0.1335
v  -0.4389 0.9507 0.1446
v  -0.4344 0.9270 0.1397
v  -0.4425 0.9486 0.1508
v  -0.4379 0.9249 0.1459
v  -0.4468 0.9463 0.1572
v  -0.4419 0.9227 0.1523
v  -0.4515 0.9439 0.1636
v  -0.4463 0.9204 0.1586
v  -0.4565 0.9413 0.1698
v  -0.4511 0.9179 0.1646
v  -0.4617 0.9387 0.1755
v  -0.4559 0.9155 0.1702
v  -0.4668 0.9363 0.1804
v  -0.4606 0.9133 0.1751
v  -0.4716 0.9340 0.1843
v  -0.4652 0.9112 0.1790
v  -0.4761 0.9321 0.1872
v  -0.4695 0.9094 0.1820
v  -0.4803 0.9305 0.1891
v  -0.4735 0.9078 0.1840
v  -0.4842 0.9291 0.1903
v  -0.4772 0.9064 0.1853
v  -0.4880 0.9278 0.1909
v  -0.4809 0.9052 0.1860
v  -0.4917 0.9265 0.1912
v  -0.4846 0.9040 0.1862
v  -0.4955 0.9254 0.1910
v  -0.4885 0.9029 0.1860
v  -0.4996 0.9241 0.1905
v  -0.4927 0.9017 0.1853
v  -0.5041 0.9229 0.1894
v  -0.4973 0.9006 0.1842
v  -0.5090 0.9217 0.1877
v  -0.5023 0.8993 0.1825
v  -0.5142 0.9204 0.1857
v  -0.5078 0.8981 0.1805
v  -0.5197 0.9191 0.1834
v  -0.5135 0.8968 0.1782
v  -0.5253 0.9178 0.1809
v  -0.5194 0.8956 0.1758
v  -0.5309 0.9165 0.1785
v  -0.5253 0.8944 0.1735
v  -0.5363 0.9152 0.1761
v  -0.5310 0.8932 0.1712
v  -0.5412 0.9141 0.1737
v  -0.5364 0.8922 0.1690
v  -0.5457 0.9131 0.1712
v  -0.5414 0.8914 0.1666
v  -0.5496 0.9123 0.1684
v  -0.5459 0.8906 0.1642
v  -0.5531 0.9115 0.1655
v  -0.5499 0.8900 0.1616
v  -0.5562 0.9109 0.1625
v  -0.5535 0.8895 0.1588
v  -0.5589 0.9105 0.1592
v  -0.5568 0.8891 0.1559
v  -0.5615 0.9102 0.1559
v  -0.5599 0.8889 0.1529
v  -0.5637 0.9103 0.1525
v  -0.5627 0.8889 0.1496
v  -0.5656 0.9107 0.1488
v  -0.5651 0.8892 0.1461
v  -0.5672 0.9115 0.1448
v  -0.5672 0.8898 0.1423
v  -0.5683 0.9128 0.1404
v  -0.5688 0.8907 0.1380
v  -0.5692 0.9143 0.1354
v  -0.5702 0.8918 0.1332
v  -0.5699 0.9160 0.1299
v  -0.5713 0.8930 0.1278
v  -0.5707 0.9176 0.1239
v  -0.5723 0.8940 0.1221
v  -0.5715 0.9188 0.1176
v  -0.5732 0.8948 0.1162
v  -0.5725 0.9196 0.1114
v  -0.5740 0.8951 0.1104
v  -0.5735 0.9200 0.1056
v  -0.5747 0.8952 0.1048
v  -0.5733 0.8673 0.1023
v  -0.5728 0.8675 0.1080
v  -0.5699 0.8367 0.0984
v  -0.5693 0.8368 0.1045
v  -0.5653 0.8035 0.0932
v  -0.5645 0.8035 0.0999
v  -0.5609 0.7681 0.0868
v  -0.5598 0.7678 0.0946
v  -0.5583 0.7309 0.0795
v  -0.5567 0.7300 0.0885
v  -0.5590 0.6921 0.0712
v  -0.5569 0.6906 0.0818
v  -0.5653 0.6527 0.0616
v  -0.5625 0.6504 0.0744
v  -0.5794 0.6139 0.0502
v  -0.5758 0.6110 0.0655
v  -0.5968 0.5758 0.0366
v  -0.5913 0.5725 0.0550
v  -0.6120 0.5377 0.0219
v  -0.6053 0.5338 0.0435
v  -0.6205 0.4991 0.0068
v  -0.6139 0.4947 0.0314
v  -0.6193 0.4596 -0.0082
v  -0.6137 0.4545 0.0188
v  -0.6116 0.4174 -0.0226
v  -0.6063 0.4115 0.0061
v  -0.6216 0.4633 -0.0308
v  -0.6140 0.4214 -0.0460
v  -0.6213 0.4654 -0.0475
v  -0.6147 0.4239 -0.0635
v  -0.6201 0.4666 -0.0594
v  -0.6145 0.4253 -0.0760
v  -0.6185 0.4674 -0.0682
v  -0.6136 0.4261 -0.0850
v  -0.6163 0.4682 -0.0753
v  -0.6120 0.4270 -0.0922
v  -0.6124 0.4693 -0.0822
v  -0.6087 0.4281 -0.0993
v  -0.6057 0.4710 -0.0903
v  -0.6024 0.4299 -0.1076
v  -0.5947 0.4735 -0.1005
v  -0.5916 0.4328 -0.1183
v  -0.5793 0.4767 -0.1133
v  -0.5761 0.4365 -0.1319
v  -0.5608 0.4804 -0.1279
v  -0.5570 0.4408 -0.1475
v  -0.5412 0.4840 -0.1429
v  -0.5365 0.4448 -0.1635
v  -0.5224 0.4874 -0.1566
v  -0.5166 0.4483 -0.1783
v  -0.5059 0.4903 -0.1682
v  -0.4990 0.4513 -0.1907
v  -0.4870 0.4071 -0.2117
v  -0.4842 0.4539 -0.2006
v  -0.4719 0.4566 -0.2079
v  -0.4919 0.4930 -0.1773
v  -0.4803 0.4955 -0.1840
v  -0.4962 0.5289 -0.1521
v  -0.4853 0.5313 -0.1584
v  -0.4988 0.5634 -0.1256
v  -0.4887 0.5657 -0.1314
v  -0.5015 0.5978 -0.0986
v  -0.4921 0.5998 -0.1042
v  -0.5027 0.6327 -0.0727
v  -0.4948 0.6344 -0.0779
v  -0.5027 0.6682 -0.0489
v  -0.4959 0.6696 -0.0538
v  -0.5041 0.7038 -0.0277
v  -0.4980 0.7050 -0.0322
v  -0.5081 0.7395 -0.0088
v  -0.5025 0.7405 -0.0131
v  -0.5147 0.7746 0.0076
v  -0.5095 0.7756 0.0037
v  -0.5224 0.8087 0.0215
v  -0.5176 0.8097 0.0178
v  -0.5299 0.8413 0.0328
v  -0.5254 0.8425 0.0293
v  -0.5361 0.8724 0.0416
v  -0.5319 0.8736 0.0382
v  -0.5401 0.9014 0.0476
v  -0.5360 0.9028 0.0442
v  -0.5413 0.9278 0.0509
v  -0.5372 0.9293 0.0474
v  -0.5334 0.9306 0.0446
v  -0.5321 0.9040 0.0414
v  -0.5296 0.9318 0.0424
v  -0.5282 0.9052 0.0391
v  -0.5257 0.9330 0.0407
v  -0.5241 0.9063 0.0373
v  -0.5211 0.9342 0.0394
v  -0.5195 0.9075 0.0359
v  -0.5157 0.9353 0.0383
v  -0.5143 0.9086 0.0347
v  -0.5094 0.9365 0.0373
v  -0.5083 0.9097 0.0337
v  -0.5023 0.9377 0.0365
v  -0.5017 0.9109 0.0328
v  -0.4950 0.9388 0.0358
v  -0.4949 0.9120 0.0321
v  -0.4878 0.9398 0.0352
v  -0.4882 0.9131 0.0315
v  -0.4814 0.9407 0.0350
v  -0.4821 0.9141 0.0311
v  -0.4758 0.9416 0.0350
v  -0.4766 0.9151 0.0309
v  -0.4713 0.9424 0.0353
v  -0.4721 0.9159 0.0311
v  -0.4677 0.9431 0.0359
v  -0.4683 0.9167 0.0315
v  -0.4648 0.9437 0.0368
v  -0.4652 0.9173 0.0323
v  -0.4622 0.9442 0.0380
v  -0.4625 0.9179 0.0334
v  -0.4599 0.9447 0.0396
v  -0.4600 0.9185 0.0350
v  -0.4576 0.9452 0.0417
v  -0.4577 0.9191 0.0370
v  -0.4554 0.9458 0.0444
v  -0.4553 0.9199 0.0396
v  -0.4531 0.9466 0.0477
v  -0.4529 0.9208 0.0429
v  -0.4508 0.9476 0.0518
v  -0.4503 0.9218 0.0467
v  -0.4483 0.9487 0.0566
v  -0.4476 0.9231 0.0513
v  -0.4457 0.9500 0.0620
v  -0.4448 0.9245 0.0565
v  -0.4431 0.9513 0.0678
v  -0.4420 0.9259 0.0621
v  -0.4406 0.9526 0.0741
v  -0.4393 0.9274 0.0683
v  -0.4383 0.9539 0.0807
v  -0.4367 0.9289 0.0748
v  -0.4364 0.9550 0.0875
v  -0.4344 0.9302 0.0815
v  -0.4349 0.9559 0.0944
v  -0.4325 0.9313 0.0884
v  -0.4338 0.9566 0.1013
v  -0.4309 0.9321 0.0953
v  -0.4331 0.9568 0.1080
v  -0.4297 0.9325 0.1021
v  -0.4326 0.9566 0.1145
v  -0.4356 0.9773 0.1133
v  -0.4356 0.9769 0.1197
v  -0.4357 0.9761 0.1258
v  -0.4400 0.9924 0.1238
v  -0.4403 0.9914 0.1299
v  -0.4407 0.9902 0.1356
v  -0.4363 0.9751 0.1316
v  -0.4416 0.9887 0.1409
v  -0.4375 0.9738 0.1373
v  -0.4434 0.9871 0.1462
v  -0.4394 0.9722 0.1430
v  -0.4464 0.9854 0.1516
v  -0.4424 0.9704 0.1488
v  -0.4505 0.9834 0.1574
v  -0.4462 0.9683 0.1549
v  -0.4552 0.9811 0.1635
v  -0.4507 0.9659 0.1612
v  -0.4603 0.9784 0.1698
v  -0.4556 0.9633 0.1675
v  -0.4654 0.9756 0.1761
v  -0.4607 0.9606 0.1738
v  -0.4704 0.9727 0.1820
v  -0.4659 0.9578 0.1796
v  -0.4751 0.9699 0.1871
v  -0.4710 0.9552 0.1846
v  -0.4796 0.9675 0.1910
v  -0.4759 0.9528 0.1885
v  -0.4840 0.9656 0.1937
v  -0.4804 0.9509 0.1913
v  -0.4882 0.9641 0.1953
v  -0.4847 0.9492 0.1932
v  -0.4921 0.9626 0.1963
v  -0.4887 0.9477 0.1943
v  -0.4958 0.9611 0.1969
v  -0.4924 0.9463 0.1949
v  -0.4993 0.9595 0.1974
v  -0.4961 0.9450 0.1953
v  -0.5027 0.9579 0.1977
v  -0.4998 0.9436 0.1953
v  -0.5061 0.9563 0.1976
v  -0.5036 0.9423 0.1949
v  -0.5098 0.9547 0.1969
v  -0.5079 0.9409 0.1940
v  -0.5140 0.9533 0.1955
v  -0.5124 0.9395 0.1925
v  -0.5185 0.9519 0.1934
v  -0.5174 0.9381 0.1904
v  -0.5234 0.9505 0.1910
v  -0.5226 0.9367 0.1881
v  -0.5284 0.9488 0.1887
v  -0.5278 0.9353 0.1857
v  -0.5333 0.9470 0.1867
v  -0.5331 0.9338 0.1833
v  -0.5380 0.9453 0.1846
v  -0.5380 0.9324 0.1810
v  -0.5421 0.9437 0.1823
v  -0.5426 0.9311 0.1785
v  -0.5457 0.9425 0.1797
v  -0.5466 0.9300 0.1758
v  -0.5487 0.9416 0.1768
v  -0.5501 0.9290 0.1729
v  -0.5513 0.9410 0.1736
v  -0.5531 0.9283 0.1697
v  -0.5535 0.9406 0.1701
v  -0.5557 0.9277 0.1664
v  -0.5555 0.9403 0.1663
v  -0.5581 0.9273 0.1629
v  -0.5574 0.9401 0.1623
v  -0.5602 0.9271 0.1592
v  -0.5590 0.9402 0.1582
v  -0.5621 0.9272 0.1555
v  -0.5603 0.9407 0.1541
v  -0.5637 0.9277 0.1516
v  -0.5611 0.9419 0.1500
v  -0.5648 0.9288 0.1475
v  -0.5611 0.9440 0.1455
v  -0.5654 0.9305 0.1429
v  -0.5604 0.9470 0.1403
v  -0.5657 0.9327 0.1377
v  -0.5594 0.9506 0.1340
v  -0.5658 0.9351 0.1318
v  -0.5588 0.9543 0.1264
v  -0.5662 0.9375 0.1251
v  -0.5593 0.9572 0.1180
v  -0.5669 0.9395 0.1181
v  -0.5607 0.9592 0.1098
v  -0.5681 0.9409 0.1111
v  -0.5625 0.9605 0.1025
v  -0.5695 0.9417 0.1048
v  -0.5649 0.9608 0.0964
v  -0.5711 0.9419 0.0993
v  -0.5678 0.9603 0.0919
v  -0.5727 0.9415 0.0948
v  -0.5754 0.9196 0.0959
v  -0.5745 0.9199 0.1004
v  -0.5756 0.8945 0.0950
v  -0.5753 0.8949 0.0996
v  -0.5737 0.8665 0.0921
v  -0.5736 0.8670 0.0970
v  -0.5700 0.8360 0.0874
v  -0.5701 0.8364 0.0927
v  -0.5657 0.8032 0.0811
v  -0.5657 0.8034 0.0869
v  -0.5618 0.7684 0.0734
v  -0.5616 0.7683 0.0798
v  -0.5598 0.7318 0.0644
v  -0.5593 0.7314 0.0714
v  -0.5612 0.6940 0.0540
v  -0.5604 0.6933 0.0618
v  -0.5681 0.6556 0.0416
v  -0.5671 0.6544 0.0506
v  -0.5823 0.6177 0.0263
v  -0.5815 0.6161 0.0369
v  -0.6003 0.5801 0.0081
v  -0.5997 0.5785 0.0206
v  -0.6157 0.5423 -0.0112
v  -0.6154 0.5406 0.0032
v  -0.6227 0.5043 -0.0300
v  -0.6233 0.5024 -0.0143
v  -0.6145 0.5433 -0.0215
v  -0.6209 0.5054 -0.0412
v  -0.6128 0.5440 -0.0291
v  -0.6188 0.5061 -0.0495
v  -0.6106 0.5446 -0.0354
v  -0.6161 0.5069 -0.0563
v  -0.6069 0.5454 -0.0416
v  -0.6120 0.5079 -0.0629
v  -0.6005 0.5467 -0.0489
v  -0.6051 0.5094 -0.0706
v  -0.5903 0.5485 -0.0583
v  -0.5941 0.5115 -0.0804
v  -0.5763 0.5507 -0.0698
v  -0.5791 0.5142 -0.0925
v  -0.5596 0.5532 -0.0826
v  -0.5612 0.5173 -0.1062
v  -0.5421 0.5558 -0.0956
v  -0.5425 0.5205 -0.1201
v  -0.5255 0.5585 -0.1076
v  -0.5248 0.5235 -0.1329
v  -0.5110 0.5610 -0.1176
v  -0.5092 0.5263 -0.1437
v  -0.5253 0.5935 -0.0818
v  -0.5125 0.5957 -0.0912
v  -0.5223 0.6293 -0.0574
v  -0.5118 0.6310 -0.0659
v  -0.5192 0.6654 -0.0350
v  -0.5104 0.6668 -0.0427
v  -0.5184 0.7015 -0.0152
v  -0.5108 0.7027 -0.0220
v  -0.5210 0.7375 0.0024
v  -0.5143 0.7385 -0.0037
v  -0.5262 0.7727 0.0177
v  -0.5203 0.7736 0.0123
v  -0.5328 0.8066 0.0307
v  -0.5275 0.8076 0.0258
v  -0.5396 0.8391 0.0415
v  -0.5346 0.8402 0.0369
v  -0.5453 0.8699 0.0499
v  -0.5406 0.8711 0.0455
v  -0.5491 0.8985 0.0557
v  -0.5445 0.9000 0.0514
v  -0.5505 0.9245 0.0591
v  -0.5457 0.9262 0.0548
v  -0.5498 0.9471 0.0605
v  -0.5449 0.9490 0.0561
v  -0.5403 0.9508 0.0521
v  -0.5436 0.9675 0.0565
v  -0.5390 0.9694 0.0524
v  -0.5349 0.9709 0.0488
v  -0.5362 0.9524 0.0486
v  -0.5314 0.9721 0.0459
v  -0.5325 0.9537 0.0458
v  -0.5282 0.9733 0.0439
v  -0.5290 0.9549 0.0436
v  -0.5249 0.9745 0.0427
v  -0.5253 0.9561 0.0421
v  -0.5208 0.9760 0.0419
v  -0.5210 0.9574 0.0410
v  -0.5155 0.9775 0.0413
v  -0.5156 0.9587 0.0401
v  -0.5088 0.9790 0.0408
v  -0.5090 0.9599 0.0393
v  -0.5009 0.9804 0.0402
v  -0.5015 0.9611 0.0386
v  -0.4925 0.9815 0.0397
v  -0.4936 0.9622 0.0380
v  -0.4845 0.9824 0.0395
v  -0.4860 0.9632 0.0376
v  -0.4778 0.9832 0.0395
v  -0.4793 0.9641 0.0375
v  -0.4727 0.9841 0.0401
v  -0.4738 0.9650 0.0378
v  -0.4689 0.9850 0.0411
v  -0.4695 0.9658 0.0383
v  -0.4659 0.9858 0.0423
v  -0.4661 0.9665 0.0392
v  -0.4633 0.9863 0.0437
v  -0.4634 0.9670 0.0403
v  -0.4608 0.9866 0.0451
v  -0.4609 0.9674 0.0416
v  -0.4584 0.9868 0.0467
v  -0.4586 0.9677 0.0433
v  -0.4560 0.9869 0.0486
v  -0.4564 0.9681 0.0453
v  -0.4540 0.9872 0.0512
v  -0.4543 0.9686 0.0481
v  -0.4524 0.9879 0.0548
v  -0.4522 0.9693 0.0515
v  -0.4511 0.9888 0.0594
v  -0.4502 0.9703 0.0559
v  -0.4497 0.9898 0.0650
v  -0.4481 0.9713 0.0610
v  -0.4479 0.9907 0.0713
v  -0.4458 0.9725 0.0667
v  -0.4455 0.9915 0.0778
v  -0.4433 0.9736 0.0729
v  -0.4429 0.9922 0.0843
v  -0.4409 0.9746 0.0794
v  -0.4408 0.9927 0.0908
v  -0.4389 0.9756 0.0860
v  -0.4395 0.9931 0.0972
v  -0.4373 0.9764 0.0928
v  -0.4391 0.9934 0.1039
v  -0.4364 0.9770 0.0997
v  -0.4393 0.9934 0.1107
v  -0.4359 0.9774 0.1066
v  -0.4397 0.9931 0.1174
v  -0.4451 1.0045 0.1133
v  -0.4462 1.0040 0.1201
v  -0.4469 1.0031 0.1268
v  -0.4552 1.0104 0.1216
v  -0.4564 1.0092 0.1286
v  -0.4563 1.0079 0.1352
v  -0.4471 1.0019 0.1329
v  -0.4551 1.0065 0.1411
v  -0.4470 1.0006 0.1386
v  -0.4534 1.0046 0.1459
v  -0.4470 0.9989 0.1436
v  -0.4522 1.0025 0.1489
v  -0.4482 0.9974 0.1481
v  -0.4562 1.0026 0.1519
v  -0.4512 0.9960 0.1528
v  -0.4622 1.0015 0.1564
v  -0.4559 0.9944 0.1580
v  -0.4684 0.9992 0.1617
v  -0.4611 0.9921 0.1638
v  -0.4741 0.9963 0.1678
v  -0.4664 0.9894 0.1700
v  -0.4786 0.9931 0.1745
v  -0.4713 0.9864 0.1764
v  -0.4820 0.9898 0.1812
v  -0.4757 0.9833 0.1826
v  -0.4844 0.9864 0.1870
v  -0.4795 0.9803 0.1878
v  -0.4856 0.9834 0.1905
v  -0.4831 0.9779 0.1915
v  -0.4892 0.9837 0.1908
v  -0.4871 0.9764 0.1936
v  -0.4939 0.9830 0.1906
v  -0.4913 0.9752 0.1946
v  -0.4984 0.9815 0.1904
v  -0.4954 0.9737 0.1952
v  -0.5024 0.9794 0.1906
v  -0.4990 0.9720 0.1957
v  -0.5057 0.9773 0.1918
v  -0.5024 0.9702 0.1965
v  -0.5085 0.9749 0.1937
v  -0.5054 0.9683 0.1973
v  -0.5107 0.9722 0.1956
v  -0.5083 0.9662 0.1978
v  -0.5121 0.9696 0.1965
v  -0.5112 0.9644 0.1975
v  -0.5148 0.9702 0.1943
v  -0.5146 0.9634 0.1960
v  -0.5188 0.9699 0.1908
v  -0.5188 0.9623 0.1935
v  -0.5238 0.9687 0.1870
v  -0.5235 0.9609 0.1908
v  -0.5303 0.9666 0.1836
v  -0.5287 0.9590 0.1887
v  -0.5351 0.9631 0.1857
v  -0.5336 0.9568 0.1875
v  -0.5386 0.9606 0.1859
v  -0.5378 0.9546 0.1862
v  -0.5416 0.9581 0.1848
v  -0.5414 0.9526 0.1844
v  -0.5435 0.9559 0.1834
v  -0.5444 0.9512 0.1823
v  -0.5448 0.9568 0.1819
v  -0.5468 0.9507 0.1798
v  -0.5463 0.9573 0.1792
v  -0.5488 0.9505 0.1767
v  -0.5476 0.9574 0.1757
v  -0.5506 0.9503 0.1732
v  -0.5488 0.9575 0.1715
v  -0.5523 0.9501 0.1691
v  -0.5502 0.9574 0.1667
v  -0.5539 0.9499 0.1648
v  -0.5517 0.9572 0.1617
v  -0.5554 0.9499 0.1604
v  -0.5532 0.9568 0.1570
v  -0.5567 0.9501 0.1561
v  -0.5543 0.9561 0.1538
v  -0.5572 0.9511 0.1522
v  -0.5525 0.9593 0.1520
v  -0.5565 0.9535 0.1484
v  -0.5489 0.9640 0.1490
v  -0.5544 0.9574 0.1439
v  -0.5426 0.9707 0.1451
v  -0.5511 0.9627 0.1378
v  -0.5232 0.9873 0.1375
v  -0.5479 0.9688 0.1287
v  -0.5342 0.9875 0.1153
v  -0.5484 0.9729 0.1175
v  -0.5380 0.9889 0.1048
v  -0.5505 0.9752 0.1077
v  -0.5384 0.9915 0.0952
v  -0.5524 0.9770 0.0991
v  -0.5355 0.9975 0.0799
v  -0.5557 0.9776 0.0917
v  -0.5553 0.9874 0.0812
v  -0.5615 0.9757 0.0874
v  -0.5624 0.9833 0.0811
v  -0.5662 0.9735 0.0852
v  -0.5704 0.9592 0.0887
v  -0.5688 0.9717 0.0837
v  -0.5718 0.9583 0.0862
v  -0.5745 0.9404 0.0881
v  -0.5739 0.9410 0.0911
v  -0.5758 0.9186 0.0886
v  -0.5759 0.9191 0.0920
v  -0.5752 0.8936 0.0871
v  -0.5756 0.8940 0.0909
v  -0.5726 0.8656 0.0836
v  -0.5734 0.8661 0.0877
v  -0.5687 0.8353 0.0783
v  -0.5696 0.8356 0.0827
v  -0.5643 0.8028 0.0712
v  -0.5652 0.8030 0.0760
v  -0.5607 0.7683 0.0627
v  -0.5615 0.7683 0.0678
v  -0.5591 0.7323 0.0530
v  -0.5597 0.7321 0.0583
v  -0.5611 0.6950 0.0419
v  -0.5614 0.6946 0.0474
v  -0.5684 0.6571 0.0287
v  -0.5685 0.6565 0.0345
v  -0.5820 0.6194 0.0121
v  -0.5824 0.6187 0.0183
v  -0.5988 0.5818 -0.0080
v  -0.5998 0.5811 -0.0011
v  -0.5810 0.6200 0.0067
v  -0.5973 0.5824 -0.0137
v  -0.5789 0.6208 0.0010
v  -0.5945 0.5832 -0.0196
v  -0.5748 0.6219 -0.0059
v  -0.5893 0.5843 -0.0267
v  -0.5678 0.6232 -0.0147
v  -0.5807 0.5857 -0.0358
v  -0.5579 0.6246 -0.0252
v  -0.5686 0.5874 -0.0468
v  -0.5462 0.6261 -0.0364
v  -0.5544 0.5893 -0.0588
v  -0.5340 0.6276 -0.0474
v  -0.5396 0.5914 -0.0708
v  -0.5388 0.6628 -0.0164
v  -0.5288 0.6641 -0.0262
v  -0.5348 0.6995 0.0010
v  -0.5265 0.7005 -0.0074
v  -0.5352 0.7357 0.0164
v  -0.5280 0.7366 0.0092
v  -0.5386 0.7709 0.0299
v  -0.5325 0.7718 0.0236
v  -0.5439 0.8048 0.0415
v  -0.5384 0.8057 0.0360
v  -0.5497 0.8371 0.0513
v  -0.5446 0.8381 0.0463
v  -0.5548 0.8676 0.0591
v  -0.5501 0.8687 0.0544
v  -0.5584 0.8958 0.0646
v  -0.5538 0.8970 0.0601
v  -0.5600 0.9213 0.0678
v  -0.5553 0.9228 0.0635
v  -0.5596 0.9434 0.0691
v  -0.5548 0.9451 0.0649
v  -0.5585 0.9612 0.0692
v  -0.5537 0.9632 0.0652
v  -0.5486 0.9653 0.0609
v  -0.5533 0.9764 0.0656
v  -0.5482 0.9788 0.0614
v  -0.5431 0.9812 0.0571
v  -0.5488 0.9878 0.0631
v  -0.5434 0.9904 0.0589
v  -0.5384 0.9924 0.0545
v  -0.5383 0.9831 0.0529
v  -0.5339 0.9936 0.0505
v  -0.5341 0.9845 0.0492
v  -0.5304 0.9937 0.0472
v  -0.5307 0.9854 0.0462
v  -0.5281 0.9928 0.0452
v  -0.5279 0.9862 0.0444
v  -0.5267 0.9952 0.0455
v  -0.5252 0.9876 0.0436
v  -0.5238 0.9977 0.0461
v  -0.5217 0.9894 0.0433
v  -0.5192 1.0001 0.0466
v  -0.5166 0.9913 0.0432
v  -0.5125 1.0023 0.0467
v  -0.5099 0.9931 0.0430
v  -0.5039 1.0042 0.0463
v  -0.5016 0.9947 0.0426
v  -0.4945 1.0054 0.0455
v  -0.4928 0.9959 0.0421
v  -0.4857 1.0054 0.0444
v  -0.4846 0.9965 0.0416
v  -0.4801 1.0043 0.0436
v  -0.4783 0.9971 0.0417
v  -0.4789 1.0066 0.0453
v  -0.4742 0.9981 0.0426
v  -0.4776 1.0084 0.0478
v  -0.4714 0.9993 0.0442
v  -0.4760 1.0095 0.0503
v  -0.4690 1.0002 0.0460
v  -0.4735 1.0102 0.0525
v  -0.4665 1.0008 0.0476
v  -0.4701 1.0104 0.0542
v  -0.4638 1.0011 0.0492
v  -0.4607 1.0010 0.0506
v  -0.4658 1.0102 0.0554
v  -0.4614 1.0093 0.0561
v  -0.4578 1.0007 0.0521
v  -0.4584 1.0077 0.0565
v  -0.4557 1.0007 0.0542
v  -0.4599 1.0097 0.0599
v  -0.4550 1.0015 0.0577
v  -0.4624 1.0111 0.0655
v  -0.4551 1.0025 0.0627
v  -0.4656 1.0117 0.0728
v  -0.4553 1.0034 0.0691
v  -0.4697 1.0118 0.0837
v  -0.4546 1.0040 0.0764
v  -0.4618 1.0119 0.0907
v  -0.4516 1.0044 0.0834
v  -0.4556 1.0119 0.0959
v  -0.4480 1.0046 0.0896
v  -0.4507 1.0113 0.1003
v  -0.4451 1.0046 0.0953
v  -0.4476 1.0101 0.1030
v  -0.4436 1.0045 0.1008
v  -0.4498 1.0111 0.1077
v  -0.4439 1.0046 0.1067
v  -0.4527 1.0112 0.1144
v  -0.4565 1.0140 0.1064
v  -0.4620 1.0141 0.1138
v  -0.4663 1.0128 0.1218
v  -0.4728 1.0142 0.1120
v  -0.4792 1.0117 0.1211
v  -0.4819 1.0093 0.1304
v  -0.4682 1.0111 0.1297
v  -0.4802 1.0079 0.1391
v  -0.4675 1.0098 0.1371
v  -0.4647 1.0084 0.1436
v  -0.4752 1.0071 0.1466
v  -0.4689 1.0054 0.1525
v  -0.4608 1.0063 0.1488
v  -0.4851 1.0036 0.1507
v  -0.4766 1.0027 0.1573
v  -0.4924 0.9992 0.1569
v  -0.4829 0.9993 0.1633
v  -0.4960 0.9953 0.1652
v  -0.4870 0.9958 0.1705
v  -0.4966 0.9920 0.1746
v  -0.4892 0.9924 0.1783
v  -0.4957 0.9883 0.1836
v  -0.4899 0.9886 0.1855
v  -0.5038 0.9895 0.1716
v  -0.5012 0.9864 0.1820
v  -0.5100 0.9861 0.1712
v  -0.5060 0.9838 0.1820
v  -0.5144 0.9825 0.1744
v  -0.5096 0.9811 0.1840
v  -0.5169 0.9791 0.1798
v  -0.5122 0.9782 0.1874
v  -0.5182 0.9752 0.1858
v  -0.5139 0.9748 0.1912
v  -0.5228 0.9781 0.1726
v  -0.5236 0.9741 0.1804
v  -0.5297 0.9757 0.1671
v  -0.5298 0.9724 0.1757
v  -0.5367 0.9720 0.1640
v  -0.5360 0.9703 0.1721
v  -0.5428 0.9677 0.1628
v  -0.5415 0.9673 0.1697
v  -0.5477 0.9629 0.1623
v  -0.5462 0.9630 0.1681
v  -0.5450 0.9670 0.1556
v  -0.5497 0.9619 0.1567
v  -0.5383 0.9727 0.1549
v  -0.5290 0.9788 0.1572
v  -0.5452 0.9628 0.1735
v  -0.5411 0.9664 0.1757
v  -0.5445 0.9625 0.1779
v  -0.5413 0.9653 0.1801
v  -0.5381 0.9658 0.1827
v  -0.5365 0.9680 0.1787
v  -0.5417 0.9642 0.1822
v  -0.5402 0.9636 0.1841
v  -0.5438 0.9619 0.1811
v  -0.5426 0.9608 0.1835
v  -0.5205 0.9820 0.1648
v  -0.5146 0.9872 0.1594
v  -0.5053 0.9923 0.1603
v  -0.5026 0.9967 0.1495
v  -0.4928 1.0031 0.1424
v  -0.4971 1.0037 0.1317
v  -0.4936 1.0078 0.1197
v  -0.5087 1.0025 0.1162
v  -0.4847 1.0122 0.1092
v  -0.4970 1.0095 0.1057
v  -0.4735 1.0141 0.0996
v  -0.4845 1.0131 0.0958
v  -0.4866 1.0140 0.0841
v  -0.4971 1.0116 0.0935
v  -0.5009 1.0121 0.0841
v  -0.5096 1.0085 0.0926
v  -0.5149 1.0055 0.0987
v  -0.5080 1.0072 0.1017
v  -0.5248 0.9996 0.1015
v  -0.5201 0.9995 0.1090
v  -0.5231 1.0022 0.0932
v  -0.5151 1.0073 0.0835
v  -0.5026 1.0129 0.0744
v  -0.5108 1.0111 0.0704
v  -0.4901 1.0158 0.0669
v  -0.4962 1.0149 0.0641
v  -0.4791 1.0152 0.0602
v  -0.4837 1.0147 0.0581
v  -0.4813 1.0164 0.0678
v  -0.4728 1.0151 0.0611
v  -0.4661 1.0136 0.0610
v  -0.4716 1.0153 0.0673
v  -0.4909 1.0151 0.0755
v  -0.4782 1.0152 0.0749
v  -0.4863 1.0140 0.0551
v  -0.4988 1.0144 0.0599
v  -0.4871 1.0128 0.0515
v  -0.4985 1.0134 0.0549
v  -0.4867 1.0103 0.0478
v  -0.4967 1.0108 0.0499
v  -0.5071 1.0095 0.0514
v  -0.5103 1.0116 0.0573
v  -0.5162 1.0072 0.0519
v  -0.5207 1.0086 0.0583
v  -0.5257 1.0069 0.0658
v  -0.5124 1.0115 0.0639
v  -0.5280 1.0057 0.0573
v  -0.5343 1.0038 0.0640
v  -0.5430 0.9989 0.0707
v  -0.5526 0.9933 0.0749
v  -0.5445 0.9985 0.0659
v  -0.5514 0.9947 0.0700
v  -0.5442 0.9959 0.0619
v  -0.5500 0.9929 0.0660
v  -0.5538 0.9849 0.0669
v  -0.5553 0.9895 0.0694
v  -0.5581 0.9818 0.0700
v  -0.5596 0.9855 0.0720
v  -0.5608 0.9791 0.0720
v  -0.5626 0.9801 0.0738
v  -0.5615 0.9723 0.0723
v  -0.5646 0.9716 0.0750
v  -0.5671 0.9712 0.0777
v  -0.5648 0.9803 0.0763
v  -0.5690 0.9708 0.0801
v  -0.5667 0.9793 0.0789
v  -0.5697 0.9707 0.0821
v  -0.5678 0.9777 0.0806
v  -0.5662 0.9803 0.0809
v  -0.5711 0.9577 0.0816
v  -0.5721 0.9577 0.0840
v  -0.5730 0.9400 0.0826
v  -0.5742 0.9401 0.0854
v  -0.5736 0.9183 0.0824
v  -0.5751 0.9183 0.0854
v  -0.5723 0.8932 0.0802
v  -0.5741 0.8933 0.0836
v  -0.5693 0.8653 0.0760
v  -0.5713 0.8654 0.0798
v  -0.5651 0.8351 0.0699
v  -0.5672 0.8351 0.0741
v  -0.5606 0.8028 0.0621
v  -0.5628 0.8027 0.0667
v  -0.5570 0.7686 0.0530
v  -0.5592 0.7684 0.0579
v  -0.5557 0.7329 0.0428
v  -0.5578 0.7326 0.0479
v  -0.5580 0.6960 0.0313
v  -0.5601 0.6955 0.0367
v  -0.5657 0.6584 0.0179
v  -0.5676 0.6577 0.0235
v  -0.5546 0.6967 0.0251
v  -0.5621 0.6593 0.0112
v  -0.5494 0.6976 0.0178
v  -0.5563 0.6604 0.0030
v  -0.5427 0.6985 0.0096
v  -0.5483 0.6616 -0.0065
v  -0.5477 0.7341 0.0307
v  -0.5419 0.7349 0.0237
v  -0.5496 0.7695 0.0422
v  -0.5445 0.7702 0.0361
v  -0.5537 0.8034 0.0524
v  -0.5491 0.8040 0.0470
v  -0.5586 0.8357 0.0611
v  -0.5544 0.8363 0.0563
v  -0.5633 0.8659 0.0680
v  -0.5593 0.8666 0.0636
v  -0.5666 0.8939 0.0729
v  -0.5628 0.8947 0.0688
v  -0.5681 0.9191 0.0757
v  -0.5643 0.9200 0.0719
v  -0.5678 0.9409 0.0766
v  -0.5640 0.9420 0.0730
v  -0.5663 0.9586 0.0761
v  -0.5627 0.9597 0.0729
v  -0.5708 0.9403 0.0797
v  -0.5691 0.9580 0.0790
v  -0.5712 0.9186 0.0792
v  -0.5698 0.8934 0.0766
v  -0.5666 0.8655 0.0721
v  -0.5622 0.8353 0.0656
v  -0.5575 0.8030 0.0574
v  -0.5538 0.7690 0.0478
v  -0.5523 0.7335 0.0371
v  -0.5639 0.9847 0.0780
v  -0.5595 0.9889 0.0769
v  -0.5572 0.9907 0.0729
v  -0.5616 0.9863 0.0749
v  -0.5578 0.9740 0.0692
v  -0.5377 1.0015 0.0606
v  -0.5386 0.9982 0.0572
v  -0.5320 1.0029 0.0551
v  -0.5336 0.9993 0.0526
v  -0.5273 1.0019 0.0501
v  -0.5295 0.9986 0.0485
v  -0.5231 1.0046 0.0514
v  -0.4644 1.0147 0.1034
v  -0.4232 0.9060 0.0958
v  -0.4248 0.9055 0.0889
v  -0.4119 0.8782 0.0894
v  -0.4138 0.8777 0.0821
v  -0.4162 0.8767 0.0748
v  -0.4268 0.9045 0.0819
v  -0.4189 0.8753 0.0676
v  -0.4291 0.9033 0.0749
v  -0.4220 0.8737 0.0606
v  -0.4318 0.9018 0.0681
v  -0.4253 0.8719 0.0540
v  -0.4346 0.9001 0.0616
v  -0.4286 0.8700 0.0478
v  -0.4377 0.8985 0.0555
v  -0.4320 0.8682 0.0421
v  -0.4407 0.8969 0.0499
v  -0.4353 0.8665 0.0370
v  -0.4437 0.8954 0.0448
v  -0.4385 0.8650 0.0325
v  -0.4466 0.8940 0.0404
v  -0.4414 0.8636 0.0286
v  -0.4493 0.8928 0.0366
v  -0.4442 0.8625 0.0254
v  -0.4519 0.8918 0.0334
v  -0.4469 0.8614 0.0228
v  -0.4544 0.8909 0.0308
v  -0.4496 0.8605 0.0207
v  -0.4569 0.8901 0.0288
v  -0.4523 0.8597 0.0191
v  -0.4595 0.8894 0.0272
v  -0.4553 0.8588 0.0180
v  -0.4623 0.8887 0.0261
v  -0.4587 0.8580 0.0172
v  -0.4656 0.8880 0.0254
v  -0.4627 0.8570 0.0168
v  -0.4695 0.8872 0.0250
v  -0.4673 0.8559 0.0166
v  -0.4740 0.8862 0.0249
v  -0.4725 0.8547 0.0167
v  -0.4793 0.8852 0.0250
v  -0.4783 0.8535 0.0170
v  -0.4851 0.8841 0.0254
v  -0.4844 0.8521 0.0174
v  -0.4914 0.8829 0.0260
v  -0.4906 0.8508 0.0180
v  -0.4978 0.8817 0.0267
v  -0.4967 0.8495 0.0187
v  -0.5039 0.8805 0.0275
v  -0.5097 0.8793 0.0285
v  -0.5024 0.8482 0.0196
v  -0.5076 0.8469 0.0208
v  -0.5149 0.8781 0.0297
v  -0.5124 0.8458 0.0222
v  -0.5195 0.8770 0.0312
v  -0.5168 0.8447 0.0241
v  -0.5238 0.8759 0.0330
v  -0.5211 0.8436 0.0264
v  -0.5278 0.8748 0.0353
v  -0.5084 0.8119 0.0124
v  -0.5130 0.8108 0.0148
v  -0.4998 0.7778 -0.0019
v  -0.5046 0.7767 0.0005
v  -0.4922 0.7428 -0.0189
v  -0.4973 0.7416 -0.0164
v  -0.4869 0.7076 -0.0382
v  -0.4924 0.7062 -0.0357
v  -0.4837 0.6725 -0.0600
v  -0.4897 0.6710 -0.0575
v  -0.4809 0.6378 -0.0843
v  -0.4877 0.6360 -0.0817
v  -0.4762 0.6037 -0.1108
v  -0.4840 0.6017 -0.1081
v  -0.4715 0.5701 -0.1382
v  -0.4799 0.5679 -0.1355
v  -0.4669 0.5362 -0.1655
v  -0.4759 0.5337 -0.1627
v  -0.4606 0.5008 -0.1917
v  -0.4703 0.4981 -0.1887
v  -0.4509 0.4624 -0.2166
v  -0.4612 0.4593 -0.2131
v  -0.4500 0.5042 -0.1934
v  -0.4399 0.4662 -0.2186
v  -0.4374 0.5086 -0.1940
v  -0.4267 0.4713 -0.2194
v  -0.4218 0.5144 -0.1938
v  -0.4106 0.4781 -0.2194
v  -0.4028 0.5218 -0.1928
v  -0.3909 0.4871 -0.2186
v  -0.3806 0.5309 -0.1913
v  -0.3678 0.4982 -0.2172
v  -0.3563 0.5410 -0.1893
v  -0.3421 0.5108 -0.2153
v  -0.3314 0.5516 -0.1873
v  -0.3153 0.5240 -0.2132
v  -0.2991 0.4927 -0.2382
v  -0.3269 0.4765 -0.2404
v  -0.2901 0.5365 -0.2112
v  -0.2726 0.5078 -0.2359
v  -0.2695 0.5472 -0.2094
v  -0.2514 0.5201 -0.2337
v  -0.2552 0.5554 -0.2077
v  -0.2375 0.5278 -0.2314
v  -0.2466 0.5605 -0.2057
v  -0.2291 0.5319 -0.2286
v  -0.2410 0.5635 -0.2029
v  -0.2235 0.5342 -0.2252
v  -0.2362 0.5659 -0.1993
v  -0.2185 0.5359 -0.2211
v  -0.2311 0.5682 -0.1946
v  -0.2133 0.5375 -0.2157
v  -0.2252 0.5706 -0.1881
v  -0.2071 0.5392 -0.2086
v  -0.2179 0.5734 -0.1795
v  -0.1995 0.5413 -0.1992
v  -0.2089 0.5767 -0.1683
v  -0.1900 0.5442 -0.1872
v  -0.1984 0.5807 -0.1548
v  -0.1788 0.5477 -0.1727
v  -0.1868 0.5853 -0.1392
v  -0.1664 0.5519 -0.1560
v  -0.1743 0.5903 -0.1218
v  -0.1532 0.5563 -0.1373
v  -0.1614 0.5955 -0.1027
v  -0.1395 0.5607 -0.1167
v  -0.1482 0.6003 -0.0821
v  -0.1258 0.5647 -0.0948
v  -0.1357 0.6043 -0.0604
v  -0.1129 0.5679 -0.0718
v  -0.1246 0.6067 -0.0377
v  -0.1014 0.5698 -0.0480
v  -0.1154 0.6072 -0.0145
v  -0.0918 0.5700 -0.0238
v  -0.1083 0.6059 0.0088
v  -0.0841 0.5686 0.0004
v  -0.1032 0.6032 0.0313
v  -0.0785 0.5661 0.0237
v  -0.1000 0.5998 0.0523
v  -0.0749 0.5629 0.0454
v  -0.0730 0.5593 0.0653
v  -0.1294 0.6336 0.0377
v  -0.1339 0.6365 0.0164
v  -0.1638 0.6625 0.0239
v  -0.1596 0.6600 0.0437
v  -0.2001 0.6842 0.0313
v  -0.1962 0.6826 0.0491
v  -0.2373 0.7044 0.0382
v  -0.2339 0.7032 0.0538
v  -0.2727 0.7249 0.0445
v  -0.2697 0.7241 0.0582
v  -0.3051 0.7465 0.0506
v  -0.3023 0.7461 0.0626
v  -0.3331 0.7699 0.0565
v  -0.3303 0.7698 0.0670
v  -0.3576 0.7952 0.0624
v  -0.3549 0.7954 0.0718
v  -0.3794 0.8220 0.0687
v  -0.3770 0.8223 0.0772
v  -0.3962 0.8502 0.0831
v  -0.3984 0.8497 0.0754
v  -0.3825 0.8209 0.0603
v  -0.4011 0.8486 0.0676
v  -0.3862 0.8193 0.0519
v  -0.4043 0.8471 0.0599
v  -0.3902 0.8172 0.0439
v  -0.4079 0.8453 0.0525
v  -0.3945 0.8149 0.0364
v  -0.4116 0.8433 0.0455
v  -0.3989 0.8125 0.0294
v  -0.4154 0.8412 0.0390
v  -0.4032 0.8100 0.0230
v  -0.4192 0.8391 0.0331
v  -0.4074 0.8077 0.0173
v  -0.4229 0.8372 0.0278
v  -0.4114 0.8056 0.0123
v  -0.4264 0.8354 0.0231
v  -0.4151 0.8037 0.0080
v  -0.4297 0.8338 0.0191
v  -0.4185 0.8021 0.0044
v  -0.4328 0.8324 0.0157
v  -0.4217 0.8006 0.0014
v  -0.4357 0.8312 0.0130
v  -0.4248 0.7993 -0.0010
v  -0.4385 0.8301 0.0108
v  -0.4279 0.7981 -0.0028
v  -0.4415 0.8291 0.0091
v  -0.4313 0.7969 -0.0043
v  -0.4446 0.8281 0.0078
v  -0.4352 0.7956 -0.0053
v  -0.4482 0.8270 0.0070
v  -0.4396 0.7942 -0.0060
v  -0.4524 0.8258 0.0064
v  -0.4448 0.7926 -0.0065
v  -0.4572 0.8246 0.0061
v  -0.4506 0.7909 -0.0068
v  -0.4626 0.8232 0.0060
v  -0.4570 0.7891 -0.0070
v  -0.4685 0.8217 0.0061
v  -0.4638 0.7872 -0.0070
v  -0.4748 0.8201 0.0064
v  -0.4707 0.7853 -0.0069
v  -0.4812 0.8185 0.0068
v  -0.4774 0.7835 -0.0065
v  -0.4874 0.8170 0.0073
v  -0.4837 0.7819 -0.0059
v  -0.4933 0.8156 0.0081
v  -0.4988 0.8143 0.0091
v  -0.4896 0.7804 -0.0050
v  -0.4949 0.7790 -0.0037
v  -0.5038 0.8130 0.0105
v  -0.4811 0.7457 -0.0219
v  -0.4869 0.7442 -0.0207
v  -0.4748 0.7108 -0.0411
v  -0.4812 0.7091 -0.0400
v  -0.4773 0.6742 -0.0617
v  -0.4701 0.6762 -0.0627
v  -0.4651 0.6421 -0.0868
v  -0.4736 0.6397 -0.0860
v  -0.4583 0.6088 -0.1129
v  -0.4679 0.6060 -0.1123
v  -0.4518 0.5759 -0.1402
v  -0.4625 0.5727 -0.1396
v  -0.4452 0.5429 -0.1675
v  -0.4570 0.5391 -0.1670
v  -0.4386 0.5800 -0.1399
v  -0.4307 0.5477 -0.1671
v  -0.4228 0.5852 -0.1390
v  -0.4130 0.5539 -0.1661
v  -0.4046 0.5914 -0.1376
v  -0.3926 0.5613 -0.1646
v  -0.3850 0.5982 -0.1359
v  -0.3704 0.5696 -0.1627
v  -0.3480 0.5783 -0.1606
v  -0.3654 0.6054 -0.1340
v  -0.3473 0.6124 -0.1320
v  -0.3272 0.5867 -0.1587
v  -0.3081 0.5617 -0.1852
v  -0.3097 0.5943 -0.1569
v  -0.2887 0.5707 -0.1835
v  -0.2964 0.6006 -0.1552
v  -0.2745 0.5780 -0.1820
v  -0.2873 0.6054 -0.1534
v  -0.2654 0.5832 -0.1803
v  -0.2811 0.6089 -0.1511
v  -0.2595 0.5866 -0.1780
v  -0.2762 0.6117 -0.1482
v  -0.2547 0.5894 -0.1750
v  -0.2715 0.6144 -0.1443
v  -0.2498 0.5922 -0.1708
v  -0.2663 0.6173 -0.1390
v  -0.2443 0.5952 -0.1650
v  -0.2601 0.6206 -0.1319
v  -0.2374 0.5986 -0.1572
v  -0.2527 0.6243 -0.1229
v  -0.2291 0.6022 -0.1470
v  -0.2441 0.6284 -0.1119
v  -0.2195 0.6064 -0.1347
v  -0.2345 0.6333 -0.0993
v  -0.2088 0.6112 -0.1205
v  -0.2240 0.6388 -0.0852
v  -0.1973 0.6166 -0.1046
v  -0.2128 0.6448 -0.0699
v  -0.1850 0.6225 -0.0873
v  -0.2013 0.6510 -0.0532
v  -0.1724 0.6284 -0.0687
v  -0.1900 0.6565 -0.0354
v  -0.1602 0.6334 -0.0487
v  -0.1795 0.6606 -0.0164
v  -0.1493 0.6367 -0.0276
v  -0.1706 0.6628 0.0036
v  -0.1405 0.6377 -0.0057
v  -0.2141 0.6812 -0.0046
v  -0.2062 0.6838 0.0132
v  -0.2494 0.7012 0.0067
v  -0.2425 0.7037 0.0223
v  -0.2833 0.7217 0.0170
v  -0.2773 0.7240 0.0306
v  -0.3146 0.7434 0.0266
v  -0.3093 0.7456 0.0385
v  -0.3417 0.7669 0.0354
v  -0.3370 0.7689 0.0458
v  -0.3610 0.7941 0.0530
v  -0.3652 0.7923 0.0438
v  -0.3470 0.7642 0.0255
v  -0.3698 0.7900 0.0349
v  -0.3528 0.7609 0.0161
v  -0.3748 0.7872 0.0266
v  -0.3587 0.7575 0.0075
v  -0.3799 0.7843 0.0189
v  -0.3646 0.7540 -0.0003
v  -0.3849 0.7814 0.0119
v  -0.3702 0.7507 -0.0073
v  -0.3897 0.7787 0.0056
v  -0.3754 0.7478 -0.0135
v  -0.3943 0.7762 0.0002
v  -0.3801 0.7452 -0.0188
v  -0.3984 0.7739 -0.0046
v  -0.3843 0.7429 -0.0233
v  -0.4023 0.7720 -0.0086
v  -0.3882 0.7410 -0.0271
v  -0.4058 0.7703 -0.0118
v  -0.3918 0.7393 -0.0301
v  -0.4092 0.7688 -0.0145
v  -0.3955 0.7376 -0.0326
v  -0.4126 0.7673 -0.0166
v  -0.3994 0.7359 -0.0345
v  -0.4162 0.7659 -0.0183
v  -0.4040 0.7341 -0.0360
v  -0.4204 0.7644 -0.0196
v  -0.4094 0.7320 -0.0373
v  -0.4252 0.7627 -0.0206
v  -0.4159 0.7296 -0.0384
v  -0.4309 0.7607 -0.0213
v  -0.4235 0.7269 -0.0394
v  -0.4374 0.7586 -0.0220
v  -0.4321 0.7240 -0.0402
v  -0.4446 0.7563 -0.0225
v  -0.4412 0.7209 -0.0409
v  -0.4523 0.7539 -0.0228
v  -0.4505 0.7180 -0.0415
v  -0.4601 0.7516 -0.0230
v  -0.4594 0.7153 -0.0417
v  -0.4677 0.7494 -0.0230
v  -0.4675 0.7129 -0.0416
v  -0.4747 0.7474 -0.0226
v  -0.4519 0.6816 -0.0628
v  -0.4616 0.6787 -0.0630
v  -0.4550 0.6450 -0.0869
v  -0.4432 0.6486 -0.0865
v  -0.4328 0.6166 -0.1122
v  -0.4466 0.6123 -0.1129
v  -0.4299 0.6529 -0.0856
v  -0.4170 0.6217 -0.1111
v  -0.4002 0.6274 -0.1096
v  -0.4158 0.6575 -0.0844
v  -0.4018 0.6624 -0.0831
v  -0.3835 0.6334 -0.1079
v  -0.3681 0.6392 -0.1061
v  -0.3888 0.6671 -0.0816
v  -0.3776 0.6714 -0.0800
v  -0.3549 0.6445 -0.1043
v  -0.3320 0.6188 -0.1302
v  -0.3445 0.6491 -0.1025
v  -0.3202 0.6243 -0.1283
v  -0.3367 0.6527 -0.1006
v  -0.3116 0.6285 -0.1264
v  -0.3309 0.6556 -0.0983
v  -0.3055 0.6317 -0.1241
v  -0.3261 0.6580 -0.0955
v  -0.3006 0.6344 -0.1211
v  -0.3217 0.6602 -0.0920
v  -0.2960 0.6368 -0.1174
v  -0.3172 0.6626 -0.0875
v  -0.2912 0.6395 -0.1125
v  -0.3121 0.6653 -0.0819
v  -0.2855 0.6424 -0.1061
v  -0.3063 0.6684 -0.0750
v  -0.2789 0.6458 -0.0982
v  -0.2996 0.6721 -0.0667
v  -0.2713 0.6499 -0.0887
v  -0.2920 0.6765 -0.0573
v  -0.2628 0.6545 -0.0777
v  -0.2838 0.6814 -0.0467
v  -0.2534 0.6599 -0.0655
v  -0.2751 0.6868 -0.0349
v  -0.2435 0.6657 -0.0520
v  -0.2661 0.6922 -0.0221
v  -0.2333 0.6716 -0.0373
v  -0.2574 0.6972 -0.0082
v  -0.2233 0.6770 -0.0215
v  -0.2979 0.7136 -0.0081
v  -0.2903 0.7180 0.0041
v  -0.3274 0.7364 0.0047
v  -0.3208 0.7402 0.0153
v  -0.3058 0.7089 -0.0193
v  -0.3343 0.7323 -0.0051
v  -0.3134 0.7041 -0.0295
v  -0.3410 0.7282 -0.0140
v  -0.3207 0.6997 -0.0386
v  -0.3474 0.7244 -0.0220
v  -0.3273 0.6958 -0.0468
v  -0.3532 0.7209 -0.0290
v  -0.3332 0.6924 -0.0539
v  -0.3585 0.7180 -0.0352
v  -0.3384 0.6896 -0.0599
v  -0.3632 0.7154 -0.0404
v  -0.3430 0.6872 -0.0649
v  -0.3674 0.7132 -0.0447
v  -0.3473 0.6850 -0.0689
v  -0.3713 0.7113 -0.0482
v  -0.3514 0.6829 -0.0720
v  -0.3753 0.7094 -0.0509
v  -0.3560 0.6808 -0.0745
v  -0.3796 0.7075 -0.0532
v  -0.3847 0.7053 -0.0550
v  -0.3615 0.6782 -0.0766
v  -0.3686 0.6752 -0.0784
v  -0.3910 0.7028 -0.0565
v  -0.3987 0.6998 -0.0579
v  -0.4079 0.6963 -0.0591
v  -0.4184 0.6926 -0.0603
v  -0.4297 0.6887 -0.0614
v  -0.4411 0.6850 -0.0623
v  -0.6004 0.4060 0.0374
v  -0.6065 0.4491 0.0480
v  -0.5942 0.4019 0.0708
v  -0.5984 0.4448 0.0785
v  -0.5963 0.4858 0.0849
v  -0.6055 0.4900 0.0577
v  -0.5883 0.5259 0.0903
v  -0.5971 0.5297 0.0665
v  -0.5771 0.5654 0.0949
v  -0.5845 0.5688 0.0746
v  -0.5652 0.6048 0.0992
v  -0.5710 0.6079 0.0820
v  -0.5546 0.6448 0.1028
v  -0.5591 0.6477 0.0883
v  -0.5502 0.6866 0.1055
v  -0.5540 0.6888 0.0934
v  -0.5514 0.7275 0.1081
v  -0.5544 0.7289 0.0982
v  -0.5453 0.6842 0.1175
v  -0.5475 0.7259 0.1179
v  -0.5393 0.6818 0.1290
v  -0.5427 0.7242 0.1272
v  -0.5322 0.6796 0.1394
v  -0.5370 0.7225 0.1355
v  -0.5242 0.6781 0.1482
v  -0.5305 0.7211 0.1425
v  -0.5158 0.6772 0.1550
v  -0.5236 0.7201 0.1481
v  -0.5073 0.6770 0.1599
v  -0.5165 0.7195 0.1525
v  -0.4991 0.6771 0.1634
v  -0.5093 0.7192 0.1558
v  -0.4913 0.6775 0.1659
v  -0.5023 0.7191 0.1585
v  -0.4839 0.6781 0.1682
v  -0.4955 0.7193 0.1608
v  -0.4768 0.6789 0.1702
v  -0.4887 0.7197 0.1629
v  -0.4697 0.6800 0.1719
v  -0.4819 0.7205 0.1647
v  -0.4625 0.6815 0.1733
v  -0.4750 0.7216 0.1663
v  -0.4552 0.6834 0.1743
v  -0.4680 0.7231 0.1677
v  -0.4478 0.6857 0.1752
v  -0.4608 0.7250 0.1690
v  -0.4403 0.6882 0.1761
v  -0.4537 0.7272 0.1702
v  -0.4328 0.6909 0.1769
v  -0.4466 0.7295 0.1713
v  -0.4254 0.6936 0.1778
v  -0.4396 0.7319 0.1725
v  -0.4182 0.6962 0.1786
v  -0.4330 0.7343 0.1735
v  -0.4115 0.6987 0.1792
v  -0.4269 0.7366 0.1743
v  -0.4055 0.7009 0.1796
v  -0.4213 0.7387 0.1748
v  -0.4002 0.7030 0.1796
v  -0.4164 0.7406 0.1750
v  -0.3956 0.7048 0.1793
v  -0.4120 0.7424 0.1748
v  -0.3915 0.7066 0.1787
v  -0.4080 0.7441 0.1743
v  -0.3877 0.7083 0.1777
v  -0.4043 0.7457 0.1734
v  -0.3840 0.7102 0.1764
v  -0.4008 0.7475 0.1720
v  -0.3802 0.7122 0.1745
v  -0.3972 0.7494 0.1701
v  -0.3935 0.7515 0.1675
v  -0.3763 0.7146 0.1719
v  -0.3723 0.7176 0.1683
v  -0.3896 0.7541 0.1640
v  -0.3679 0.7211 0.1636
v  -0.3855 0.7571 0.1596
v  -0.3632 0.7252 0.1580
v  -0.3812 0.7605 0.1544
v  -0.3582 0.7299 0.1515
v  -0.3767 0.7643 0.1486
v  -0.3530 0.7350 0.1443
v  -0.3722 0.7683 0.1422
v  -0.3477 0.7403 0.1368
v  -0.3677 0.7726 0.1355
v  -0.3635 0.7768 0.1285
v  -0.3426 0.7456 0.1291
v  -0.3270 0.7088 0.1408
v  -0.3204 0.7154 0.1318
v  -0.3036 0.6787 0.1473
v  -0.2947 0.6869 0.1364
v  -0.2753 0.6509 0.1564
v  -0.2633 0.6608 0.1425
v  -0.2874 0.6409 0.1713
v  -0.3126 0.6703 0.1584
v  -0.3207 0.6624 0.1690
v  -0.2976 0.6319 0.1852
v  -0.2708 0.6042 0.2027
v  -0.3058 0.6244 0.1966
v  -0.2806 0.5950 0.2154
v  -0.2555 0.5649 0.2323
v  -0.2443 0.5756 0.2183
v  -0.2325 0.5342 0.2451
v  -0.2202 0.5455 0.2301
v  -0.2109 0.5021 0.2536
v  -0.1978 0.5130 0.2375
v  -0.1887 0.4659 0.2585
v  -0.1750 0.4760 0.2408
v  -0.1639 0.4246 0.2584
v  -0.1972 0.4594 0.2695
v  -0.1734 0.4192 0.2708
v  -0.2035 0.4553 0.2771
v  -0.1801 0.4154 0.2793
v  -0.2096 0.4524 0.2826
v  -0.1862 0.4122 0.2855
v  -0.2165 0.4499 0.2867
v  -0.1929 0.4089 0.2904
v  -0.2246 0.4470 0.2897
v  -0.2009 0.4050 0.2944
v  -0.2345 0.4435 0.2916
v  -0.2110 0.4000 0.2975
v  -0.2467 0.4388 0.2928
v  -0.2238 0.3936 0.2998
v  -0.2615 0.4330 0.2934
v  -0.2400 0.3861 0.3016
v  -0.2785 0.4268 0.2938
v  -0.2580 0.3784 0.3030
v  -0.2961 0.4210 0.2931
v  -0.2754 0.3719 0.3027
v  -0.2954 0.4664 0.2836
v  -0.3124 0.4612 0.2828
v  -0.3295 0.4564 0.2809
v  -0.3265 0.4957 0.2709
v  -0.3435 0.4908 0.2697
v  -0.3594 0.4868 0.2689
v  -0.3450 0.4528 0.2795
v  -0.3745 0.4837 0.2692
v  -0.3605 0.4498 0.2799
v  -0.3900 0.4810 0.2712
v  -0.3766 0.4470 0.2825
v  -0.4059 0.4782 0.2741
v  -0.3932 0.4439 0.2864
v  -0.4218 0.4751 0.2767
v  -0.4100 0.4403 0.2895
v  -0.4376 0.4717 0.2776
v  -0.4269 0.4363 0.2905
v  -0.4531 0.4682 0.2762
v  -0.4433 0.4322 0.2891
v  -0.4681 0.4648 0.2721
v  -0.4593 0.4281 0.2848
v  -0.4829 0.4616 0.2656
v  -0.4752 0.4242 0.2777
v  -0.4976 0.4582 0.2573
v  -0.4913 0.4201 0.2682
v  -0.5124 0.4546 0.2477
v  -0.5077 0.4158 0.2571
v  -0.5272 0.4505 0.2371
v  -0.5240 0.4111 0.2449
v  -0.5406 0.4463 0.2240
v  -0.5384 0.4062 0.2303
v  -0.5520 0.4427 0.2077
v  -0.5499 0.4018 0.2125
v  -0.5629 0.4404 0.1887
v  -0.5604 0.3991 0.1918
v  -0.5727 0.4394 0.1655
v  -0.5701 0.3980 0.1670
v  -0.5818 0.4398 0.1387
v  -0.5790 0.3981 0.1377
v  -0.5902 0.4416 0.1092
v  -0.5873 0.3995 0.1052
v  -0.5792 0.4802 0.1387
v  -0.5875 0.4825 0.1122
v  -0.5713 0.5203 0.1376
v  -0.5798 0.5227 0.1142
v  -0.5606 0.5602 0.1357
v  -0.5694 0.5625 0.1156
v  -0.5500 0.5997 0.1335
v  -0.5584 0.6020 0.1166
v  -0.5490 0.6420 0.1173
v  -0.5418 0.6395 0.1312
v  -0.5398 0.5980 0.1488
v  -0.5330 0.6376 0.1438
v  -0.5281 0.5970 0.1612
v  -0.5231 0.6364 0.1542
v  -0.5162 0.5968 0.1702
v  -0.5127 0.6359 0.1621
v  -0.5043 0.5970 0.1762
v  -0.5024 0.6360 0.1675
v  -0.4929 0.5975 0.1798
v  -0.4925 0.6364 0.1709
v  -0.4828 0.5983 0.1825
v  -0.4834 0.6370 0.1732
v  -0.4745 0.5992 0.1856
v  -0.4755 0.6379 0.1756
v  -0.4667 0.6004 0.1889
v  -0.4680 0.6390 0.1779
v  -0.4591 0.6019 0.1919
v  -0.4606 0.6403 0.1800
v  -0.4514 0.6038 0.1944
v  -0.4533 0.6421 0.1817
v  -0.4432 0.6061 0.1963
v  -0.4458 0.6442 0.1829
v  -0.4382 0.6467 0.1839
v  -0.4347 0.6088 0.1976
v  -0.4259 0.6116 0.1984
v  -0.4304 0.6494 0.1847
v  -0.4167 0.6146 0.1991
v  -0.4224 0.6523 0.1855
v  -0.4071 0.6177 0.1999
v  -0.4143 0.6552 0.1863
v  -0.3973 0.6208 0.2008
v  -0.4062 0.6580 0.1872
v  -0.3880 0.6238 0.2017
v  -0.3987 0.6606 0.1879
v  -0.3797 0.6264 0.2025
v  -0.3919 0.6629 0.1883
v  -0.3727 0.6286 0.2028
v  -0.3861 0.6650 0.1884
v  -0.3669 0.6306 0.2027
v  -0.3810 0.6669 0.1881
v  -0.3618 0.6325 0.2022
v  -0.3766 0.6688 0.1875
v  -0.3572 0.6344 0.2014
v  -0.3725 0.6706 0.1866
v  -0.3527 0.6364 0.2004
v  -0.3685 0.6725 0.1854
v  -0.3483 0.6386 0.1988
v  -0.3645 0.6747 0.1836
v  -0.3437 0.6413 0.1962
v  -0.3604 0.6774 0.1810
v  -0.3560 0.6807 0.1772
v  -0.3390 0.6448 0.1921
v  -0.3337 0.6495 0.1861
v  -0.3512 0.6849 0.1720
v  -0.3277 0.6554 0.1783
v  -0.3459 0.6899 0.1656
v  -0.3400 0.6957 0.1580
v  -0.3125 0.6182 0.2052
v  -0.3184 0.6133 0.2114
v  -0.2946 0.5827 0.2308
v  -0.2882 0.5880 0.2245
v  -0.2702 0.5521 0.2482
v  -0.2635 0.5573 0.2418
v  -0.2476 0.5220 0.2615
v  -0.2408 0.5269 0.2548
v  -0.2260 0.4906 0.2708
v  -0.2194 0.4951 0.2637
v  -0.2541 0.5186 0.2660
v  -0.2324 0.4876 0.2759
v  -0.2609 0.5160 0.2690
v  -0.2394 0.4852 0.2795
v  -0.2684 0.5135 0.2708
v  -0.2474 0.4826 0.2818
v  -0.2767 0.5108 0.2717
v  -0.2566 0.4796 0.2832
v  -0.2861 0.5077 0.2721
v  -0.2672 0.4758 0.2838
v  -0.2972 0.5043 0.2721
v  -0.2801 0.4713 0.2838
v  -0.3107 0.5003 0.2718
v  -0.3148 0.5350 0.2576
v  -0.3264 0.5316 0.2571
v  -0.3405 0.5276 0.2561
v  -0.3430 0.5631 0.2393
v  -0.3546 0.5596 0.2384
v  -0.3682 0.5553 0.2373
v  -0.3565 0.5228 0.2551
v  -0.3825 0.5509 0.2367
v  -0.3722 0.5184 0.2546
v  -0.3962 0.5471 0.2366
v  -0.3868 0.5150 0.2549
v  -0.4091 0.5441 0.2371
v  -0.4012 0.5122 0.2560
v  -0.4216 0.5414 0.2379
v  -0.4156 0.5095 0.2579
v  -0.4342 0.5387 0.2385
v  -0.4300 0.5068 0.2596
v  -0.4444 0.5038 0.2600
v  -0.4467 0.5360 0.2381
v  -0.4588 0.5332 0.2362
v  -0.4585 0.5008 0.2584
v  -0.4702 0.5306 0.2327
v  -0.4720 0.4978 0.2545
v  -0.4808 0.5283 0.2279
v  -0.4850 0.4950 0.2487
v  -0.4912 0.5261 0.2221
v  -0.4976 0.4921 0.2416
v  -0.5103 0.4892 0.2337
v  -0.5019 0.5241 0.2159
v  -0.5131 0.5221 0.2092
v  -0.5233 0.4861 0.2251
v  -0.5250 0.5205 0.2010
v  -0.5357 0.4832 0.2140
v  -0.5375 0.5192 0.1905
v  -0.5476 0.4809 0.2003
v  -0.5499 0.5186 0.1767
v  -0.5592 0.4794 0.1835
v  -0.5614 0.5188 0.1589
v  -0.5698 0.4791 0.1628
v  -0.5380 0.5579 0.1691
v  -0.5501 0.5586 0.1542
v  -0.5253 0.5580 0.1800
v  -0.5127 0.5586 0.1875
v  -0.5009 0.5595 0.1929
v  -0.4906 0.5605 0.1974
v  -0.4817 0.5617 0.2021
v  -0.4731 0.5632 0.2066
v  -0.4644 0.5650 0.2106
v  -0.4553 0.5672 0.2137
v  -0.4454 0.5697 0.2157
v  -0.4350 0.5724 0.2168
v  -0.4244 0.5752 0.2172
v  -0.4137 0.5782 0.2173
v  -0.4023 0.5815 0.2175
v  -0.3903 0.5852 0.2181
v  -0.3784 0.5890 0.2190
v  -0.3677 0.5925 0.2200
v  -0.3587 0.5953 0.2207
v  -0.3336 0.5660 0.2398
v  -0.3513 0.5978 0.2209
v  -0.3257 0.5686 0.2397
v  -0.3451 0.6000 0.2207
v  -0.3188 0.5709 0.2393
v  -0.3394 0.6022 0.2201
v  -0.3125 0.5733 0.2386
v  -0.3341 0.6043 0.2193
v  -0.3064 0.5758 0.2372
v  -0.3289 0.6067 0.2179
v  -0.3006 0.5788 0.2348
v  -0.3238 0.6096 0.2154
v  -0.2829 0.5455 0.2550
v  -0.2765 0.5483 0.2524
v  -0.2898 0.5430 0.2564
v  -0.2971 0.5405 0.2571
v  -0.3053 0.5379 0.2575
v  -0.3337 0.7021 0.1496
v  -0.0733 0.5551 0.0839
v  -0.0763 0.5497 0.1021
v  -0.0827 0.5429 0.1207
v  -0.5127 0.3252 -0.1999
v  -0.5257 0.3176 -0.1895
v  -0.2861 0.3264 0.3032
v  -0.2765 0.3304 0.3040
v  -0.2923 0.3239 0.3026
v  -0.2699 0.3331 0.3048
v  -0.2605 0.3369 0.3057
v  -0.2532 0.3401 0.3058
v  -0.2433 0.3444 0.3057
v  -0.2329 0.3490 0.3045
v  -0.2253 0.3524 0.3039
v  -0.2156 0.3569 0.3022
v  -0.2088 0.3600 0.3015
v  -0.2007 0.3638 0.2995
v  -0.1954 0.3663 0.2985
v  -0.1888 0.3696 0.2960
v  -0.1848 0.3716 0.2948
v  -0.1795 0.3744 0.2917
v  -0.1763 0.3761 0.2902
v  -0.1720 0.3786 0.2865
v  -0.1694 0.3801 0.2846
v  -0.1670 0.3817 0.2820
v  -0.1630 0.3842 0.2775
v  -0.1603 0.3861 0.2740
v  -0.1560 0.3890 0.2681
v  -0.1521 0.3918 0.2626
v  -0.1466 0.3956 0.2546
v  -0.5353 0.3118 -0.1808
v  -0.5450 0.3061 -0.1724
v  -0.5530 0.3011 -0.1642
v  -0.5592 0.2972 -0.1582
v  -0.5641 0.2939 -0.1517
v  -0.5676 0.2916 -0.1476
v  -0.5700 0.2896 -0.1425
v  -0.5716 0.2883 -0.1396
v  -0.5724 0.2872 -0.1353
v  -0.5730 0.2865 -0.1329
v  -0.5731 0.2856 -0.1284
v  -0.5732 0.2850 -0.1261
v  -0.5729 0.2841 -0.1202
v  -0.5727 0.2836 -0.1173
v  -0.5719 0.2823 -0.1088
v  -0.5715 0.2817 -0.1045
v  -0.5701 0.2799 -0.0923
v  -0.5694 0.2790 -0.0858
v  -0.5677 0.2767 -0.0696
v  -0.5667 0.2754 -0.0605
v  -0.5648 0.2725 -0.0414
v  -0.5636 0.2709 -0.0303
v  -0.5618 0.2675 -0.0086
v  -0.5606 0.2657 0.0037
v  -0.5583 0.2620 0.0283
v  -0.5571 0.2600 0.0411
v  -0.5537 0.2559 0.0704
v  -0.5520 0.2541 0.0835
v  -0.5469 0.2504 0.1146
v  -0.5445 0.2492 0.1264
v  -0.5419 0.2485 0.1359
v  -0.5361 0.2463 0.1601
v  -0.5297 0.2457 0.1780
v  -0.5272 0.2455 0.1848
v  -0.5198 0.2460 0.1985
v  -0.5169 0.2463 0.2036
v  -0.5078 0.2479 0.2156
v  -0.5046 0.2485 0.2198
v  -0.4935 0.2510 0.2315
v  -0.4898 0.2519 0.2352
v  -0.4767 0.2552 0.2473
v  -0.4726 0.2563 0.2508
v  -0.4582 0.2601 0.2634
v  -0.4538 0.2613 0.2668
v  -0.4393 0.2653 0.2784
v  -0.4346 0.2667 0.2817
v  -0.4212 0.2708 0.2907
v  -0.4162 0.2724 0.2935
v  -0.4035 0.2767 0.2996
v  -0.3984 0.2785 0.3015
v  -0.3857 0.2833 0.3052
v  -0.3804 0.2853 0.3063
v  -0.3675 0.2905 0.3080
v  -0.3620 0.2929 0.3082
v  -0.3494 0.2983 0.3081
v  -0.3437 0.3009 0.3074
v  -0.3317 0.3063 0.3062
v  -0.3259 0.3090 0.3050
v  -0.3146 0.3141 0.3039
v  -0.3087 0.3168 0.3030
v  -0.3027 0.3194 0.3028
v  -0.1401 0.4002 0.2456
v  -0.0996 0.4279 0.1914
# 2138 vertices

vn 0.4347 0.7039 0.5618
vn 0.4873 0.7373 0.4679
vn 0.4141 0.7415 0.5279
vn 0.3661 0.7120 0.5992
vn 0.5351 0.7620 0.3647
vn 0.4600 0.7735 0.4361
vn 0.4566 0.7546 0.4713
vn 0.4152 0.7062 0.5735
vn 0.5089 0.7222 0.4684
vn 0.4727 0.6637 0.5797
vn 0.5971 0.6826 0.4213
vn 0.5668 0.6226 0.5395
vn 0.6905 0.6370 0.3427
vn 0.6651 0.5826 0.4672
vn 0.7590 0.5953 0.2638
vn 0.7389 0.5489 0.3908
vn 0.8089 0.5537 0.1977
vn 0.7936 0.5147 0.3246
vn 0.8536 0.4985 0.1512
vn 0.8407 0.4654 0.2769
vn 0.9004 0.4163 0.1263
vn 0.8870 0.3877 0.2508
vn 0.9457 0.3015 0.1216
vn 0.9292 0.2763 0.2456
vn 0.8995 0.2501 0.3583
vn 0.8610 0.3566 0.3626
vn 0.8635 0.2268 0.4505
vn 0.8290 0.3272 0.4536
vn 0.8282 0.2081 0.5203
vn 0.7973 0.3020 0.5226
vn 0.7971 0.1936 0.5720
vn 0.7694 0.2817 0.5733
vn 0.7693 0.1816 0.6126
vn 0.7448 0.2651 0.6124
vn 0.7418 0.1696 0.6488
vn 0.7203 0.2498 0.6471
vn 0.7099 0.1551 0.6870
vn 0.6923 0.2331 0.6829
vn 0.6678 0.1353 0.7319
vn 0.6559 0.2126 0.7243
vn 0.6093 0.1075 0.7856
vn 0.6050 0.1847 0.7745
vn 0.5288 0.0694 0.8459
vn 0.5341 0.1470 0.8325
vn 0.4248 0.0216 0.9050
vn 0.4401 0.0984 0.8926
vn 0.3044 -0.0318 0.9520
vn 0.3264 0.0417 0.9443
vn 0.1801 -0.0847 0.9800
vn 0.2037 -0.0172 0.9789
vn 0.0620 -0.1332 0.9891
vn 0.0843 -0.0720 0.9938
vn -0.0437 -0.1747 0.9837
vn -0.0219 -0.1181 0.9928
vn -0.1325 -0.2071 0.9693
vn -0.1092 -0.1532 0.9821
vn -0.2003 -0.2291 0.9526
vn -0.1751 -0.1764 0.9686
vn -0.2465 -0.2409 0.9387
vn -0.2201 -0.1886 0.9571
vn -0.2735 -0.2440 0.9304
vn -0.2472 -0.1917 0.9498
vn -0.2856 -0.2408 0.9276
vn -0.2604 -0.1884 0.9469
vn -0.2886 -0.2342 0.9284
vn -0.2649 -0.1813 0.9471
vn -0.2896 -0.2271 0.9298
vn -0.2663 -0.1734 0.9482
vn -0.2963 -0.2216 0.9290
vn -0.2704 -0.1670 0.9481
vn -0.3147 -0.2191 0.9236
vn -0.2821 -0.1637 0.9453
vn -0.3474 -0.2190 0.9118
vn -0.3043 -0.1639 0.9384
vn -0.3923 -0.2193 0.8933
vn -0.3361 -0.1665 0.9270
vn -0.4436 -0.2178 0.8693
vn -0.3747 -0.1697 0.9115
vn -0.4973 -0.2137 0.8409
vn -0.4186 -0.1729 0.8916
vn -0.5539 -0.2077 0.8062
vn -0.4698 -0.1764 0.8650
vn -0.6187 -0.2013 0.7594
vn -0.5333 -0.1818 0.8262
vn -0.6950 -0.1945 0.6922
vn -0.6122 -0.1893 0.7677
vn -0.7772 -0.1853 0.6013
vn -0.7020 -0.1965 0.6846
vn -0.8522 -0.1713 0.4944
vn -0.7895 -0.1993 0.5804
vn -0.9088 -0.1525 0.3884
vn -0.8612 -0.1950 0.4694
vn -0.9454 -0.1320 0.2982
vn -0.9117 -0.1847 0.3669
vn -0.9668 -0.1135 0.2290
vn -0.9442 -0.1716 0.2812
vn -0.9789 -0.0997 0.1783
vn -0.9641 -0.1588 0.2130
vn -0.9858 -0.0916 0.1409
vn -0.9761 -0.1481 0.1590
vn -0.9681 -0.1650 0.1884
vn -0.9514 -0.1762 0.2526
vn -0.9648 -0.1428 0.2209
vn -0.9450 -0.1529 0.2891
vn -0.9143 -0.1595 0.3722
vn -0.9249 -0.1861 0.3315
vn -0.8675 -0.1598 0.4710
vn -0.8836 -0.1926 0.4267
vn -0.7993 -0.1511 0.5816
vn -0.8226 -0.1925 0.5350
vn -0.7088 -0.1327 0.6929
vn -0.7404 -0.1839 0.6466
vn -0.6048 -0.1076 0.7891
vn -0.6444 -0.1677 0.7461
vn -0.5051 -0.0823 0.8591
vn -0.5497 -0.1489 0.8220
vn -0.4251 -0.0622 0.9030
vn -0.4701 -0.1325 0.8726
vn -0.3684 -0.0487 0.9284
vn -0.4094 -0.1205 0.9044
vn -0.3283 -0.0392 0.9438
vn -0.3637 -0.1122 0.9247
vn -0.2959 -0.0316 0.9547
vn -0.3269 -0.1059 0.9391
vn -0.2672 -0.0253 0.9633
vn -0.2956 -0.1008 0.9500
vn -0.2427 -0.0215 0.9698
vn -0.2704 -0.0978 0.9578
vn -0.2247 -0.0216 0.9742
vn -0.2528 -0.0979 0.9625
vn -0.2143 -0.0260 0.9764
vn -0.2431 -0.1020 0.9646
vn -0.2093 -0.0334 0.9773
vn -0.2389 -0.1089 0.9649
vn -0.2050 -0.0416 0.9779
vn -0.2360 -0.1171 0.9647
vn -0.1969 -0.0482 0.9792
vn -0.2294 -0.1240 0.9654
vn -0.1803 -0.0507 0.9823
vn -0.2141 -0.1268 0.9685
vn -0.1514 -0.0465 0.9874
vn -0.1859 -0.1232 0.9748
vn -0.1071 -0.0339 0.9937
vn -0.1410 -0.1104 0.9838
vn -0.0449 -0.0111 0.9989
vn -0.0763 -0.0866 0.9933
vn 0.0349 0.0220 0.9991
vn 0.0084 -0.0510 0.9987
vn 0.1293 0.0640 0.9895
vn 0.1109 -0.0045 0.9938
vn 0.2329 0.1126 0.9660
vn 0.2252 0.0503 0.9730
vn 0.3378 0.1637 0.9269
vn 0.3407 0.1082 0.9339
vn 0.4343 0.2122 0.8754
vn 0.4456 0.1626 0.8804
vn 0.5134 0.2531 0.8200
vn 0.5304 0.2081 0.8218
vn 0.5720 0.2845 0.7694
vn 0.5929 0.2427 0.7679
vn 0.6126 0.3074 0.7282
vn 0.6370 0.2684 0.7226
vn 0.6398 0.3248 0.6965
vn 0.6681 0.2879 0.6861
vn 0.6591 0.3398 0.6709
vn 0.6914 0.3045 0.6552
vn 0.6752 0.3556 0.6462
vn 0.7118 0.3212 0.6246
vn 0.7331 0.3406 0.5887
vn 0.6922 0.3751 0.6166
vn 0.7132 0.4008 0.5751
vn 0.7578 0.3647 0.5411
vn 0.7392 0.4336 0.5154
vn 0.7865 0.3945 0.4752
vn 0.7679 0.4728 0.4323
vn 0.8161 0.4292 0.3870
vn 0.6819 0.4580 0.5703
vn 0.7104 0.5010 0.4942
vn 0.6070 0.4834 0.6308
vn 0.6343 0.5289 0.5638
vn 0.5104 0.5227 0.6828
vn 0.5350 0.5667 0.6266
vn 0.4107 0.5750 0.7076
vn 0.4371 0.6119 0.6592
vn 0.3372 0.6389 0.6915
vn 0.3724 0.6650 0.6474
vn 0.3248 0.6921 0.6447
vn 0.3883 0.6749 0.6275
vn 0.2955 0.6864 0.6645
vn 0.3543 0.6556 0.6668
vn 0.2799 0.6879 0.6697
vn 0.3333 0.6406 0.6918
vn 0.2776 0.6832 0.6755
vn 0.3260 0.6262 0.7083
vn 0.4230 0.5318 0.7337
vn 0.4368 0.5387 0.7204
vn 0.5282 0.4290 0.7328
vn 0.5398 0.4212 0.7288
vn 0.6101 0.3504 0.7106
vn 0.6121 0.3295 0.7188
vn 0.6630 0.3035 0.6843
vn 0.6623 0.2765 0.6963
vn 0.8175 -0.4413 0.3700
vn 0.8007 -0.4730 0.3676
vn 0.6695 0.3351 0.6629
vn 0.8161 -0.4544 0.3570
vn -0.1613 0.1489 0.9756
vn -0.0879 0.1766 0.9804
vn -0.0775 0.1130 0.9906
vn -0.1400 0.0828 0.9867
vn 0.0460 0.2259 0.9731
vn 0.0343 0.1527 0.9877
vn 0.1430 0.2528 0.9569
vn 0.1066 0.1664 0.9803
vn 0.1418 0.2404 0.9603
vn 0.0943 0.1408 0.9855
vn 0.0490 0.1945 0.9797
vn 0.0038 0.0871 0.9962
vn -0.0823 0.1345 0.9875
vn -0.1229 0.0239 0.9921
vn -0.2240 0.0712 0.9720
vn -0.2638 -0.0414 0.9637
vn -0.3623 0.0101 0.9320
vn -0.3977 -0.1026 0.9117
vn -0.4716 -0.0392 0.8809
vn -0.4958 -0.1507 0.8553
vn -0.5405 -0.0731 0.8381
vn -0.5525 -0.1839 0.8130
vn -0.5801 -0.0971 0.8087
vn -0.5853 -0.2084 0.7836
vn -0.6358 -0.1220 0.7622
vn -0.6280 -0.2312 0.7431
vn -0.7441 -0.1427 0.6526
vn -0.7033 -0.2497 0.6656
vn -0.8454 -0.1497 0.5128
vn -0.7967 -0.2537 0.5485
vn -0.9030 -0.1558 0.4004
vn -0.8774 -0.2545 0.4066
vn -0.9359 -0.1697 0.3088
vn -0.9231 -0.2615 0.2819
vn -0.9533 -0.1848 0.2388
vn -0.9402 -0.2765 0.1989
vn -0.9652 -0.2028 0.1651
vn -0.9506 -0.2884 0.1150
vn -0.9670 -0.2333 0.1026
vn -0.9521 -0.3012 0.0534
vn -0.9599 -0.2674 0.0839
vn -0.9489 -0.3128 0.0409
vn -0.9532 -0.2906 0.0839
vn -0.9445 -0.3249 0.0488
vn -0.9508 -0.3012 0.0722
vn -0.9407 -0.3347 0.0553
vn -0.9552 -0.2916 0.0513
vn -0.9398 -0.3364 0.0599
vn -0.9618 -0.2722 0.0279
vn -0.9425 -0.3299 0.0525
vn -0.9688 -0.2475 -0.0136
vn -0.9484 -0.3168 0.0147
vn -0.9722 -0.2103 -0.1034
vn -0.9538 -0.2930 -0.0668
vn -0.9527 -0.1459 -0.2665
vn -0.9451 -0.2457 -0.2153
vn -0.8824 -0.0571 -0.4670
vn -0.8916 -0.1669 -0.4210
vn -0.7848 0.0231 -0.6193
vn -0.7984 -0.0830 -0.5964
vn -0.7124 0.0740 -0.6979
vn -0.7211 -0.0249 -0.6924
vn -0.6711 0.1047 -0.7339
vn -0.6749 0.0098 -0.7379
vn -0.6434 0.1263 -0.7551
vn -0.6446 0.0341 -0.7637
vn -0.6200 0.1423 -0.7716
vn -0.6189 0.0544 -0.7836
vn -0.5998 0.1540 -0.7852
vn -0.5972 0.0689 -0.7991
vn -0.1620 -0.6620 -0.7318
vn -0.1789 -0.6646 -0.7255
vn -0.1583 -0.6551 -0.7388
vn -0.1490 -0.6536 -0.7420
vn -0.5824 0.0780 -0.8092
vn -0.1464 -0.6485 -0.7470
vn -0.1505 -0.6192 -0.7706
vn -0.6070 0.6756 -0.4186
vn -0.1400 -0.6055 -0.7834
vn -0.5604 0.1794 -0.8086
vn -0.5225 0.2049 -0.8276
vn -0.1157 -0.5818 -0.8051
vn -0.5737 0.6923 -0.4378
vn -0.4544 0.2488 -0.8554
vn -0.0670 -0.5435 -0.8367
vn -0.5155 0.7249 -0.4569
vn -0.3620 0.3029 -0.8816
vn 0.0067 -0.4996 -0.8662
vn -0.4477 0.7602 -0.4707
vn -0.2757 0.3502 -0.8952
vn 0.0735 -0.4734 -0.8778
vn 0.1191 -0.4583 -0.8808
vn -0.2215 0.3831 -0.8968
vn 0.1361 -0.4532 -0.8809
vn 0.1489 -0.4408 -0.8851
vn -0.2014 0.4023 -0.8931
vn 0.1554 -0.4459 -0.8815
vn 0.1540 -0.4309 -0.8892
vn -0.2065 0.4208 -0.8834
vn 0.1573 -0.4411 -0.8836
vn 0.1410 -0.4419 -0.8859
vn -0.1933 0.3450 -0.9185
vn -0.2078 0.4395 -0.8739
vn 0.1620 -0.4728 -0.8662
vn 0.1404 -0.4387 -0.8876
vn -0.1946 0.3693 -0.9087
vn 0.1743 -0.4560 -0.8727
vn 0.1796 -0.4485 -0.8756
vn -0.1707 0.3932 -0.9034
vn 0.2086 -0.4310 -0.8779
vn 0.2417 -0.4520 -0.8586
vn -0.1214 0.4075 -0.9051
vn 0.2530 -0.4164 -0.8733
vn 0.2925 -0.4422 -0.8479
vn -0.0394 0.4200 -0.9067
vn 0.3075 -0.3996 -0.8636
vn 0.3558 -0.4178 -0.8360
vn 0.0859 0.4442 -0.8918
vn 0.3917 -0.3688 -0.8429
vn 0.4543 -0.3834 -0.8041
vn 0.2560 0.4808 -0.8386
vn 0.5109 -0.3283 -0.7945
vn 0.3888 -0.9050 -0.1728
vn 0.6219 -0.3115 -0.7185
vn 0.4141 0.5065 -0.7563
vn 0.6965 -0.3054 -0.6493
vn 0.5190 0.5155 -0.6818
vn 0.7391 -0.3069 -0.5996
vn 0.5844 0.5159 -0.6264
vn 0.7615 -0.3100 -0.5692
vn 0.6166 0.5132 -0.5969
vn 0.1854 0.9397 -0.2874
vn 0.6288 0.5087 -0.5881
vn 0.7663 -0.3137 -0.5607
vn 0.1906 0.9389 -0.2867
vn 0.6358 0.5030 -0.5855
vn 0.7685 -0.3156 -0.5566
vn 0.1969 0.9382 -0.2846
vn 0.6469 0.4962 -0.5791
vn 0.7725 -0.3175 -0.5499
vn 0.2049 0.9382 -0.2788
vn 0.6622 0.4889 -0.5679
vn 0.7790 -0.3194 -0.5395
vn 0.2151 0.9385 -0.2703
vn 0.6801 0.4823 -0.5521
vn 0.7878 -0.3208 -0.5258
vn 0.2273 0.9390 -0.2582
vn 0.7019 0.4774 -0.5286
vn 0.8000 -0.3208 -0.5070
vn 0.2441 0.9399 -0.2386
vn 0.7307 0.4735 -0.4919
vn 0.8172 -0.3199 -0.4794
vn 0.2657 0.9412 -0.2085
vn 0.7662 0.4699 -0.4383
vn 0.8394 -0.3186 -0.4405
vn 0.2904 0.9425 -0.1654
vn 0.8048 0.4666 -0.3668
vn 0.8645 -0.3180 -0.3892
vn 0.3151 0.9426 -0.1102
vn 0.8384 0.4631 -0.2874
vn 0.8866 -0.3214 -0.3327
vn 0.3335 0.9410 -0.0567
vn 0.8634 0.4592 -0.2088
vn 0.9046 -0.3245 -0.2766
vn 0.3499 0.9368 -0.0041
vn 0.8806 0.4552 -0.1316
vn 0.9181 -0.3272 -0.2235
vn 0.3594 0.9320 0.0470
vn 0.8908 0.4511 -0.0554
vn 0.9285 -0.3296 -0.1714
vn 0.3643 0.9261 0.0982
vn 0.8958 0.4428 0.0386
vn 0.9382 -0.3296 -0.1051
vn 0.3651 0.9145 0.1744
vn 0.8899 0.4241 0.1682
vn 0.9412 -0.3376 -0.0101
vn 0.3539 0.8936 0.2760
vn 0.8622 0.3924 0.3206
vn 0.9274 -0.3592 0.1039
vn 0.3249 0.8642 0.3841
vn 0.8102 0.3514 0.4691
vn 0.8943 -0.3917 0.2162
vn 0.2805 0.8305 0.4812
vn 0.7450 0.3098 0.5907
vn 0.8488 -0.4297 0.3082
vn 0.2338 0.8005 0.5518
vn 0.6882 0.2800 0.6693
vn 0.8083 -0.4615 0.3657
vn 0.2020 0.7837 0.5873
vn 0.7976 -0.4743 0.3728
vn 0.6922 0.3726 0.6181
vn 0.6378 0.3394 0.6914
vn 0.6117 0.4731 0.6340
vn 0.5656 0.4388 0.6983
vn 0.5011 0.5881 0.6349
vn 0.4624 0.5586 0.6885
vn 0.5540 0.6267 0.5480
vn 0.6727 0.5158 0.5305
vn 0.7303 0.5605 0.3904
vn 0.6100 0.6690 0.4247
vn 0.7673 0.5948 0.2397
vn 0.6535 0.6985 0.2916
vn 0.7835 0.6114 0.1109
vn 0.6827 0.7087 0.1778
vn 0.5725 0.7756 0.2657
vn 0.7020 0.7069 0.0866
vn 0.5960 0.7855 0.1668
vn 0.5139 0.8348 0.1974
vn 0.4956 0.8049 0.3265
vn 0.5021 0.8415 0.1996
vn 0.4878 0.8019 0.3449
vn 0.5444 0.8203 0.1751
vn 0.5353 0.7773 0.3305
vn 0.6172 0.7773 0.1219
vn 0.6162 0.7368 0.2783
vn 0.6952 0.7173 0.0475
vn 0.7020 0.6839 0.1987
vn 0.7516 0.6593 -0.0186
vn 0.7640 0.6334 0.1231
vn 0.7933 0.6050 -0.0688
vn 0.8089 0.5846 0.0624
vn 0.8349 0.5411 -0.1011
vn 0.8512 0.5243 0.0213
vn 0.8985 0.4390 0.0012
vn 0.8838 0.4539 -0.1131
vn 0.9364 0.3349 -0.1047
vn 0.9468 0.3217 0.0010
vn 0.9736 0.2163 -0.0724
vn 0.9785 0.2049 0.0229
vn 0.9731 0.1859 0.1361
vn 0.9878 0.1470 0.0517
vn 0.9798 0.1279 0.1537
vn 0.9575 0.1023 0.2698
vn 0.9528 0.1619 0.2569
vn 0.9211 0.0779 0.3815
vn 0.9190 0.1381 0.3693
vn 0.8790 0.0602 0.4731
vn 0.8792 0.1183 0.4615
vn 0.8404 0.0497 0.5397
vn 0.8417 0.1042 0.5297
vn 0.8085 0.0435 0.5868
vn 0.8101 0.0948 0.5786
vn 0.7812 0.0376 0.6232
vn 0.7825 0.0873 0.6164
vn 0.7529 0.0288 0.6575
vn 0.7544 0.0790 0.6516
vn 0.7165 0.0145 0.6974
vn 0.7197 0.0671 0.6911
vn 0.6650 -0.0062 0.7468
vn 0.6720 0.0493 0.7389
vn 0.5923 -0.0331 0.8050
vn 0.6052 0.0233 0.7957
vn 0.4959 -0.0651 0.8660
vn 0.5150 -0.0117 0.8571
vn 0.3834 -0.0995 0.9182
vn 0.4039 -0.0536 0.9132
vn 0.2710 -0.1326 0.9534
vn 0.2833 -0.0978 0.9540
vn 0.1697 -0.1636 0.9718
vn 0.1661 -0.1398 0.9761
vn 0.0760 -0.1947 0.9779
vn 0.0569 -0.1787 0.9823
vn -0.0185 -0.2270 0.9737
vn -0.0446 -0.2143 0.9758
vn -0.1131 -0.2574 0.9597
vn -0.1352 -0.2443 0.9602
vn -0.1967 -0.2803 0.9395
vn -0.2080 -0.2660 0.9413
vn -0.2595 -0.2930 0.9202
vn -0.2591 -0.2782 0.9249
vn -0.2984 -0.2968 0.9071
vn -0.2893 -0.2822 0.9147
vn -0.3167 -0.2952 0.9014
vn -0.3029 -0.2801 0.9109
vn -0.3224 -0.2920 0.9004
vn -0.3066 -0.2749 0.9113
vn -0.3289 -0.2889 0.8991
vn -0.3096 -0.2690 0.9120
vn -0.3511 -0.2851 0.8919
vn -0.3224 -0.2643 0.9090
vn -0.3993 -0.2776 0.8738
vn -0.3530 -0.2607 0.8986
vn -0.4727 -0.2629 0.8411
vn -0.4035 -0.2565 0.8783
vn -0.5593 -0.2391 0.7937
vn -0.4679 -0.2490 0.8480
vn -0.6416 -0.2074 0.7385
vn -0.5357 -0.2364 0.8107
vn -0.7089 -0.1715 0.6841
vn -0.5989 -0.2190 0.7703
vn -0.7631 -0.1345 0.6321
vn -0.6581 -0.1984 0.7263
vn -0.8130 -0.0972 0.5742
vn -0.7195 -0.1761 0.6718
vn -0.8640 -0.0589 0.5001
vn -0.7871 -0.1520 0.5978
vn -0.9127 -0.0193 0.4081
vn -0.8554 -0.1251 0.5026
vn -0.9502 0.0211 0.3109
vn -0.9125 -0.0952 0.3977
vn -0.9714 0.0599 0.2297
vn -0.9509 -0.0643 0.3028
vn -0.9794 0.0939 0.1789
vn -0.9720 -0.0363 0.2320
vn -0.9801 0.1198 0.1582
vn -0.9824 -0.0144 0.1865
vn -0.9783 0.1344 0.1576
vn -0.9872 -0.0008 0.1597
vn -0.9766 0.1369 0.1657
vn -0.9896 0.0038 0.1438
vn -0.9759 0.1299 0.1751
vn -0.9912 0.0010 0.1323
vn -0.9763 0.1158 0.1826
vn -0.9929 -0.0075 0.1188
vn -0.9927 -0.0894 0.0805
vn -0.9899 -0.0886 0.1107
vn -0.9884 -0.1337 0.0716
vn -0.9836 -0.1400 0.1141
vn -0.9861 -0.1428 0.0851
vn -0.9789 -0.1539 0.1346
vn -0.9868 -0.1170 0.1117
vn -0.9778 -0.1306 0.1637
vn -0.9880 -0.0556 0.1442
vn -0.9784 -0.0702 0.1944
vn -0.9829 0.0453 0.1785
vn -0.9740 0.0299 0.2247
vn -0.9579 0.1894 0.2158
vn -0.9518 0.1729 0.2534
vn -0.9239 0.3024 0.2344
vn -0.9188 0.2674 0.2905
vn -0.9176 0.2924 0.2693
vn -0.9071 0.2503 0.3385
vn -0.9464 0.1894 0.2615
vn -0.9263 0.1661 0.3383
vn -0.9803 0.0167 0.1968
vn -0.9591 0.0136 0.2827
vn -0.9813 -0.1474 0.1234
vn -0.9708 -0.1445 0.1917
vn -0.9646 -0.2471 0.0920
vn -0.9611 -0.2426 0.1322
vn -0.9926 -0.1192 0.0238
vn -0.9735 -0.2262 0.0340
vn -0.9954 -0.0689 -0.0663
vn -0.9813 -0.1917 -0.0160
vn -0.9898 -0.0160 -0.1416
vn -0.9858 -0.1516 -0.0728
vn -0.9705 0.0440 -0.2371
vn -0.9808 -0.0995 -0.1679
vn -0.9176 0.1228 -0.3781
vn -0.9452 -0.0222 -0.3257
vn -0.8236 0.2066 -0.5282
vn -0.8601 0.0697 -0.5053
vn -0.7285 0.2687 -0.6301
vn -0.7622 0.1431 -0.6313
vn -0.6673 0.3065 -0.6788
vn -0.6959 0.1882 -0.6930
vn -0.6345 0.3308 -0.6985
vn -0.6590 0.2165 -0.7203
vn -0.6147 0.3489 -0.7073
vn -0.6356 0.2369 -0.7348
vn -0.5990 0.3625 -0.7140
vn -0.6151 0.2520 -0.7471
vn -0.5831 0.3728 -0.7218
vn -0.5958 0.2634 -0.7587
vn -0.5651 0.3821 -0.7313
vn -0.5765 0.2740 -0.7698
vn -0.5819 0.1644 -0.7965
vn -0.5513 0.2889 -0.7827
vn -0.5088 0.3142 -0.8015
vn -0.5398 0.3945 -0.7436
vn -0.4966 0.4156 -0.7620
vn -0.5310 0.4669 -0.7072
vn -0.4895 0.4844 -0.7251
vn -0.5286 0.4951 -0.6895
vn -0.4894 0.5108 -0.7068
vn -0.5357 0.4930 -0.6856
vn -0.4966 0.5055 -0.7056
vn -0.5701 0.4670 -0.6759
vn -0.5272 0.4783 -0.7023
vn -0.6015 0.4191 -0.6802
vn -0.5572 0.4334 -0.7083
vn -0.6205 0.3478 -0.7028
vn -0.5752 0.3666 -0.7313
vn -0.6292 0.2690 -0.7293
vn -0.5834 0.2906 -0.7584
vn -0.6341 0.1968 -0.7478
vn -0.5894 0.2185 -0.7778
vn -0.6396 0.1397 -0.7559
vn -0.5962 0.1595 -0.7869
vn -0.6467 0.0984 -0.7563
vn -0.6051 0.1148 -0.7878
vn -0.6551 0.0726 -0.7520
vn -0.6156 0.0844 -0.7835
vn -0.6618 0.0636 -0.7470
vn -0.6251 0.0700 -0.7774
vn -0.6653 0.0658 -0.7437
vn -0.6321 0.0663 -0.7721
vn -0.5685 0.0678 -0.8199
vn -0.5626 0.0810 -0.8228
vn -0.4704 0.0720 -0.8795
vn -0.4733 0.0968 -0.8756
vn -0.3563 0.0795 -0.9310
vn -0.3726 0.1147 -0.9209
vn -0.2581 0.0888 -0.9620
vn -0.2838 0.1307 -0.9499
vn -0.1919 0.0978 -0.9765
vn -0.2193 0.1428 -0.9652
vn -0.1515 0.1057 -0.9828
vn -0.1771 0.1512 -0.9725
vn -0.1249 0.1123 -0.9858
vn -0.1486 0.1572 -0.9763
vn -0.1024 0.1182 -0.9877
vn -0.1261 0.1621 -0.9787
vn -0.0769 0.1236 -0.9894
vn -0.1031 0.1666 -0.9806
vn -0.0416 0.1289 -0.9908
vn -0.0734 0.1714 -0.9825
vn 0.0109 0.1341 -0.9909
vn -0.0300 0.1767 -0.9838
vn 0.0889 0.1385 -0.9864
vn 0.0363 0.1828 -0.9825
vn 0.1984 0.1404 -0.9700
vn 0.1352 0.1889 -0.9726
vn 0.3343 0.1374 -0.9324
vn 0.2679 0.1934 -0.9438
vn 0.4774 0.1282 -0.8693
vn 0.4174 0.1936 -0.8879
vn 0.6062 0.1143 -0.7871
vn 0.5546 0.1893 -0.8103
vn 0.7092 0.0992 -0.6980
vn 0.6600 0.1830 -0.7287
vn 0.7848 0.0881 -0.6135
vn 0.7328 0.1781 -0.6567
vn 0.8349 0.0848 -0.5438
vn 0.7810 0.1766 -0.5990
vn 0.8648 0.0898 -0.4940
vn 0.8125 0.1788 -0.5549
vn 0.8817 0.1000 -0.4611
vn 0.8341 0.1835 -0.5202
vn 0.8932 0.1100 -0.4359
vn 0.8515 0.1890 -0.4892
vn 0.9060 0.1157 -0.4072
vn 0.8682 0.1938 -0.4569
vn 0.9227 0.1172 -0.3672
vn 0.8859 0.1977 -0.4196
vn 0.9417 0.1178 -0.3151
vn 0.9046 0.2017 -0.3755
vn 0.9591 0.1215 -0.2558
vn 0.9227 0.2065 -0.3255
vn 0.9717 0.1304 -0.1970
vn 0.9387 0.2124 -0.2715
vn 0.9795 0.1424 -0.1427
vn 0.9523 0.2177 -0.2138
vn 0.9843 0.1524 -0.0895
vn 0.9640 0.2199 -0.1495
vn 0.9875 0.1552 -0.0279
vn 0.9814 0.1912 -0.0147
vn 0.9787 0.2032 0.0293
vn 0.9761 0.1979 0.0902
vn 0.9145 0.3927 0.0969
vn 0.9131 0.3874 0.1273
vn 0.9167 0.3492 0.1940
vn 0.9682 0.1738 0.1799
vn 0.9080 0.2829 0.3091
vn 0.9456 0.1374 0.2950
vn 0.8652 0.2203 0.4505
vn 0.9046 0.1042 0.4132
vn 0.7990 0.2029 0.5661
vn 0.8562 0.0869 0.5094
vn 0.7449 0.2169 0.6309
vn 0.8144 0.0838 0.5743
vn 0.7135 0.2359 0.6598
vn 0.7841 0.0857 0.6147
vn 0.6997 0.2442 0.6714
vn 0.7618 0.0842 0.6423
vn 0.6941 0.2321 0.6814
vn 0.7401 0.0735 0.6684
vn 0.6827 0.1953 0.7041
vn 0.7096 0.0509 0.7027
vn 0.6463 0.1372 0.7507
vn 0.6599 0.0177 0.7511
vn 0.5608 0.0766 0.8244
vn 0.5819 -0.0198 0.8130
vn 0.4259 0.0438 0.9037
vn 0.4758 -0.0543 0.8779
vn 0.2880 0.0338 0.9570
vn 0.3592 -0.0828 0.9296
vn 0.1908 0.0315 0.9811
vn 0.2564 -0.1059 0.9607
vn 0.1443 0.0251 0.9892
vn 0.1773 -0.1277 0.9758
vn 0.1167 0.0002 0.9932
vn 0.1074 -0.1550 0.9821
vn 0.0602 -0.0515 0.9969
vn 0.0244 -0.1906 0.9814
vn -0.0499 -0.1186 0.9917
vn -0.0775 -0.2280 0.9706
vn -0.1978 -0.1633 0.9665
vn -0.1824 -0.2547 0.9497
vn -0.3266 -0.1562 0.9322
vn -0.2677 -0.2633 0.9268
vn -0.3924 -0.1247 0.9113
vn -0.3202 -0.2594 0.9111
vn -0.3974 -0.1019 0.9120
vn -0.3406 -0.2538 0.9053
vn -0.3649 -0.1133 0.9241
vn -0.3411 -0.2549 0.9048
vn -0.3407 -0.1630 0.9259
vn -0.3451 -0.2629 0.9010
vn -0.3756 -0.2027 0.9043
vn -0.3766 -0.2675 0.8869
vn -0.4716 -0.2062 0.8574
vn -0.4456 -0.2580 0.8572
vn -0.6006 -0.1692 0.7814
vn -0.5444 -0.2295 0.8068
vn -0.7250 -0.0991 0.6816
vn -0.6509 -0.1832 0.7367
vn -0.8146 -0.0197 0.5797
vn -0.7405 -0.1280 0.6598
vn -0.8659 0.0522 0.4974
vn -0.8030 -0.0731 0.5914
vn -0.8909 0.1117 0.4402
vn -0.8446 -0.0229 0.5348
vn -0.9039 0.1601 0.3967
vn -0.8767 0.0231 0.4806
vn -0.9154 0.2011 0.3488
vn -0.9072 0.0669 0.4154
vn -0.9295 0.2395 0.2806
vn -0.9363 0.1104 0.3333
vn -0.9394 0.2842 0.1916
vn -0.9574 0.1552 0.2436
vn -0.9328 0.3410 0.1165
vn -0.9645 0.2011 0.1711
vn -0.9118 0.3996 0.0940
vn -0.9599 0.2446 0.1370
vn -0.8832 0.4505 0.1306
vn -0.9493 0.2802 0.1426
vn -0.8544 0.4818 0.1945
vn -0.9383 0.3006 0.1708
vn -0.8447 0.4772 0.2424
vn -0.9317 0.3022 0.2015
vn -0.8420 0.4642 0.2747
vn -0.9284 0.2930 0.2285
vn -0.8282 0.4601 0.3199
vn -0.9251 0.2786 0.2582
vn -0.8037 0.4414 0.3990
vn -0.9226 0.2524 0.2917
vn -0.7929 0.3729 0.4820
vn -0.9303 0.2085 0.3019
vn -0.9867 0.0671 0.1482
vn -0.9790 0.0946 0.1805
vn -0.9987 -0.0324 0.0405
vn -0.9954 -0.0196 0.0934
vn -0.9956 -0.0917 -0.0210
vn -0.9950 -0.0915 0.0409
vn -0.9921 -0.1177 -0.0439
vn -0.9916 -0.1273 0.0227
vn -0.9928 -0.1141 -0.0371
vn -0.9910 -0.1305 0.0316
vn -0.9967 -0.0807 -0.0101
vn -0.9932 -0.1011 0.0573
vn -0.9994 -0.0161 0.0296
vn -0.9950 -0.0382 0.0927
vn -0.9936 0.0858 0.0737
vn -0.9894 0.0636 0.1306
vn -0.9680 0.2246 0.1117
vn -0.9640 0.2066 0.1675
vn -0.9305 0.3553 0.0891
vn -0.9288 0.3335 0.1618
vn -0.9215 0.3858 0.0441
vn -0.9255 0.3450 0.1565
vn -0.9577 0.2876 -0.0137
vn -0.9627 0.2379 0.1286
vn -0.9898 0.1133 -0.0859
vn -0.9969 0.0566 0.0554
vn -0.9377 0.3241 -0.1251
vn -0.9685 0.1634 -0.1879
vn -0.9066 0.3572 -0.2247
vn -0.9361 0.2115 -0.2810
vn -0.8479 0.4007 -0.3471
vn -0.8747 0.2722 -0.4010
vn -0.7597 0.4447 -0.4744
vn -0.7811 0.3354 -0.5266
vn -0.6747 0.4721 -0.5674
vn -0.6915 0.3806 -0.6140
vn -0.6184 0.4833 -0.6197
vn -0.6344 0.4064 -0.6575
vn -0.5879 0.4866 -0.6462
vn -0.6048 0.4222 -0.6753
vn -0.5718 0.4873 -0.6600
vn -0.5888 0.4340 -0.6819
vn -0.5633 0.4870 -0.6675
vn -0.5775 0.4437 -0.6853
vn -0.5575 0.4864 -0.6728
vn -0.5667 0.4510 -0.6895
vn -0.5481 0.4881 -0.6792
vn -0.5533 0.4574 -0.6962
vn -0.5714 0.4914 -0.6573
vn -0.5580 0.4891 -0.6704
vn -0.6063 0.4697 -0.6417
vn -0.5936 0.4654 -0.6566
vn -0.6410 0.4124 -0.6473
vn -0.6263 0.4131 -0.6611
vn -0.6667 0.3299 -0.6683
vn -0.6482 0.3365 -0.6831
vn -0.6789 0.2445 -0.6923
vn -0.6584 0.2545 -0.7083
vn -0.6847 0.1716 -0.7084
vn -0.6637 0.1820 -0.7255
vn -0.6880 0.1175 -0.7161
vn -0.6681 0.1266 -0.7332
vn -0.6906 0.0814 -0.7187
vn -0.6731 0.0882 -0.7343
vn -0.6920 0.0615 -0.7193
vn -0.6783 0.0658 -0.7318
vn -0.6902 0.0569 -0.7214
vn -0.6808 0.0599 -0.7300
vn -0.6841 0.0620 -0.7267
vn -0.6796 0.0647 -0.7308
vn -0.6740 0.0616 -0.7362
vn -0.6754 0.0639 -0.7346
vn -0.6686 0.0631 -0.7409
vn -0.6744 0.0597 -0.7359
vn -0.6743 0.0603 -0.7360
vn -0.6542 0.0559 -0.7543
vn -0.6419 0.0592 -0.7645
vn -0.5903 0.0461 -0.8059
vn -0.5780 0.0529 -0.8143
vn -0.4563 0.0373 -0.8890
vn -0.4660 0.0478 -0.8835
vn -0.2885 0.0468 -0.9563
vn -0.3304 0.0496 -0.9425
vn -0.1704 0.0718 -0.9828
vn -0.2206 0.0588 -0.9736
vn -0.1172 0.0961 -0.9884
vn -0.1556 0.0706 -0.9853
vn -0.0955 0.1133 -0.9890
vn -0.1206 0.0814 -0.9894
vn -0.0813 0.1228 -0.9891
vn -0.0980 0.0900 -0.9911
vn -0.0625 0.1259 -0.9901
vn -0.0763 0.0965 -0.9924
vn -0.0265 0.1248 -0.9918
vn -0.0466 0.1015 -0.9937
vn 0.0437 0.1276 -0.9909
vn 0.0001 0.1068 -0.9943
vn 0.1525 0.1491 -0.9770
vn 0.0706 0.1147 -0.9909
vn 0.2733 0.1857 -0.9438
vn 0.1665 0.1245 -0.9781
vn 0.3724 0.2208 -0.9014
vn 0.2806 0.1328 -0.9506
vn 0.4390 0.2412 -0.8655
vn 0.3992 0.1350 -0.9068
vn 0.4930 0.2415 -0.8359
vn 0.5123 0.1279 -0.8492
vn 0.5706 0.2213 -0.7909
vn 0.6210 0.1106 -0.7759
vn 0.6969 0.1826 -0.6935
vn 0.7273 0.0871 -0.6808
vn 0.8370 0.1481 -0.5268
vn 0.8182 0.0685 -0.5708
vn 0.9173 0.1607 -0.3644
vn 0.8777 0.0679 -0.4744
vn 0.9332 0.2178 -0.2858
vn 0.9053 0.0870 -0.4158
vn 0.9099 0.2978 -0.2889
vn 0.9115 0.1175 -0.3941
vn 0.8687 0.3648 -0.3350
vn 0.9094 0.1442 -0.3900
vn 0.8517 0.3731 -0.3679
vn 0.9129 0.1542 -0.3780
vn 0.8730 0.3429 -0.3469
vn 0.9288 0.1483 -0.3396
vn 0.9173 0.2987 -0.2633
vn 0.9522 0.1371 -0.2731
vn 0.9534 0.2684 -0.1379
vn 0.9723 0.1334 -0.1920
vn 0.9582 0.2851 -0.0228
vn 0.9825 0.1453 -0.1162
vn 0.9432 0.3290 0.0460
vn 0.9840 0.1684 -0.0583
vn 0.9256 0.3702 0.0781
vn 0.7886 0.5927 0.1637
vn 0.7402 0.6498 0.1729
vn 0.7154 0.6807 0.1575
vn 0.3997 0.8888 0.2243
vn 0.3638 0.9112 0.1931
vn 0.3731 0.9136 0.1617
vn 0.7202 0.6781 0.1463
vn 0.4274 0.8880 0.1695
vn 0.7536 0.6338 0.1743
vn 0.5165 0.8199 0.2471
vn 0.7980 0.5340 0.2793
vn 0.6306 0.6220 0.4642
vn 0.7849 0.3967 0.4760
vn 0.4175 0.6664 0.6178
vn 0.6653 0.3964 0.6326
vn 0.3128 0.7115 0.6292
vn 0.5838 0.4440 0.6797
vn 0.2498 0.7582 0.6023
vn 0.5442 0.4897 0.6812
vn 0.2327 0.7929 0.5631
vn 0.5378 0.5162 0.6666
vn 0.2592 0.8004 0.5405
vn 0.5564 0.5092 0.6566
vn 0.3128 0.7667 0.5607
vn 0.5829 0.4602 0.6696
vn 0.3649 0.6833 0.6325
vn 0.5884 0.3660 0.7210
vn 0.3452 0.4821 0.8053
vn 0.4975 0.2444 0.8323
vn 0.0045 0.5674 0.8234
vn 0.2724 0.2497 0.9292
vn -0.1843 0.6072 0.7729
vn 0.0900 0.2889 0.9531
vn -0.2703 0.6370 0.7219
vn -0.0036 0.3236 0.9462
vn -0.2458 0.6762 0.6945
vn -0.0042 0.3478 0.9376
vn -0.1688 0.6972 0.6968
vn 0.0370 0.3390 0.9401
vn -0.1243 0.6569 0.7436
vn 0.0412 0.2708 0.9618
vn -0.1551 0.5324 0.8321
vn -0.0440 0.1392 0.9893
vn -0.2658 0.2740 0.9243
vn -0.2589 0.0101 0.9659
vn -0.5822 0.3767 0.7205
vn -0.4703 0.0562 0.8807
vn -0.6098 0.4485 0.6535
vn -0.5271 0.1365 0.8388
vn -0.5565 0.5259 0.6433
vn -0.4892 0.2000 0.8490
vn -0.3589 0.6614 0.6586
vn -0.3973 0.2293 0.8886
vn -0.0820 0.4470 0.8907
vn -0.2804 0.0481 0.9587
vn -0.2476 0.1794 0.9521
vn -0.3212 -0.0776 0.9438
vn -0.4776 0.0507 0.8771
vn -0.4612 -0.1271 0.8781
vn -0.6373 0.0033 0.7706
vn -0.6338 -0.1013 0.7669
vn -0.7987 0.1337 0.5867
vn -0.7798 -0.0028 0.6261
vn -0.8742 0.2361 0.4242
vn -0.8619 0.0983 0.4975
vn -0.8901 0.3406 0.3028
vn -0.8971 0.1859 0.4008
vn -0.8759 0.4141 0.2478
vn -0.9038 0.2536 0.3447
vn -0.8581 0.4557 0.2369
vn -0.8994 0.3013 0.3167
vn -0.8450 0.4803 0.2351
vn -0.8954 0.3349 0.2935
vn -0.8425 0.4974 0.2069
vn -0.8994 0.3601 0.2476
vn -0.8610 0.4952 0.1158
vn -0.9044 0.3992 0.1506
vn -0.8085 0.5852 0.0630
vn -0.8796 0.4715 0.0638
vn -0.7428 0.6683 0.0413
vn -0.8367 0.5454 0.0502
vn -0.6665 0.7436 0.0526
vn -0.7896 0.6028 0.1148
vn -0.5459 0.8076 0.2230
vn -0.7133 0.6585 0.2400
vn -0.6014 0.7362 0.3105
vn -0.7245 0.6286 0.2828
vn -0.6309 0.7267 0.2718
vn -0.7340 0.6123 0.2939
vn -0.6198 0.7585 0.2015
vn -0.7046 0.6308 0.3251
vn -0.4234 0.8451 0.3263
vn -0.6159 0.6718 0.4115
vn -0.3339 0.6609 0.6721
vn -0.5832 0.5291 0.6164
vn -0.4258 0.5841 0.6911
vn -0.6001 0.4241 0.6783
vn -0.8326 0.2911 0.4712
vn -0.7869 0.3337 0.5191
vn -0.9436 0.2098 0.2562
vn -0.9943 0.1040 0.0254
vn -0.9607 0.1553 0.2302
vn -0.9925 0.0178 -0.1207
vn -0.9978 0.0387 0.0534
vn -0.9779 -0.0398 -0.2051
vn -0.9975 -0.0410 -0.0578
vn -0.9664 -0.0698 -0.2473
vn -0.9894 -0.0856 -0.1171
vn -0.9626 -0.0756 -0.2600
vn -0.9852 -0.1013 -0.1383
vn -0.9665 -0.0578 -0.2502
vn -0.9873 -0.0905 -0.1309
vn -0.9750 -0.0150 -0.2215
vn -0.9934 -0.0525 -0.1020
vn -0.9828 0.0548 -0.1762
vn -0.9982 0.0143 -0.0576
vn -0.9809 0.1569 -0.1153
vn -0.9933 0.1158 -0.0042
vn -0.9572 0.2844 -0.0538
vn -0.9677 0.2484 0.0434
vn -0.9145 0.3997 -0.0627
vn -0.9275 0.3732 0.0219
vn -0.8906 0.4352 -0.1323
vn -0.9108 0.4105 -0.0436
vn -0.8798 0.4383 -0.1842
vn -0.8458 0.4703 -0.2520
vn -0.8188 0.4746 -0.3231
vn -0.7723 0.5041 -0.3865
vn -0.7485 0.4941 -0.4422
vn -0.6945 0.5213 -0.4958
vn -0.6898 0.4973 -0.5261
vn -0.6376 0.5227 -0.5659
vn -0.6502 0.4922 -0.5788
vn -0.6054 0.5162 -0.6058
vn -0.6275 0.4846 -0.6095
vn -0.5894 0.5072 -0.6288
vn -0.6154 0.4768 -0.6277
vn -0.5803 0.4980 -0.6443
vn -0.6712 0.4157 -0.6137
vn -0.6532 0.4141 -0.6339
vn -0.7046 0.3200 -0.6334
vn -0.6835 0.3251 -0.6536
vn -0.7188 0.2265 -0.6573
vn -0.6974 0.2360 -0.6767
vn -0.7227 0.1528 -0.6741
vn -0.7028 0.1627 -0.6926
vn -0.7226 0.1007 -0.6839
vn -0.7047 0.1096 -0.7010
vn -0.7193 0.0679 -0.6914
vn -0.7044 0.0754 -0.7058
vn -0.7126 0.0515 -0.6996
vn -0.7018 0.0573 -0.7100
vn -0.7031 0.0482 -0.7094
vn -0.6958 0.0534 -0.7162
vn -0.6892 0.0520 -0.7227
vn -0.6856 0.0578 -0.7257
vn -0.6710 0.0507 -0.7398
vn -0.6708 0.0569 -0.7395
vn -0.6554 0.0398 -0.7542
vn -0.6581 0.0477 -0.7515
vn -0.6666 0.0551 -0.7433
vn -0.6455 0.0585 -0.7616
vn -0.6585 0.0748 -0.7488
vn -0.6726 0.0868 -0.7349
vn -0.6582 0.1737 -0.7325
vn -0.6755 0.1987 -0.7100
vn -0.6864 0.2105 -0.6961
vn -0.6800 0.0922 -0.7274
vn -0.6792 0.2146 -0.7019
vn -0.6700 0.0901 -0.7369
vn -0.6258 0.2205 -0.7482
vn -0.6135 0.0788 -0.7857
vn -0.3753 0.1851 -0.9082
vn -0.4412 0.0657 -0.8950
vn -0.2372 0.3425 -0.9091
vn -0.2274 0.1206 -0.9663
vn -0.1590 0.4460 -0.8808
vn -0.1235 0.1878 -0.9744
vn -0.1468 0.4960 -0.8558
vn -0.1000 0.2305 -0.9679
vn -0.1502 0.5094 -0.8473
vn -0.0980 0.2509 -0.9630
vn -0.1437 0.4961 -0.8563
vn -0.0937 0.2534 -0.9628
vn -0.1218 0.4663 -0.8762
vn -0.0794 0.2422 -0.9670
vn -0.0727 0.4366 -0.8967
vn -0.0387 0.2221 -0.9743
vn 0.1748 0.3919 -0.9032
vn 0.0833 0.2099 -0.9742
vn 0.2853 0.6009 -0.7466
vn 0.2632 0.2952 -0.9185
vn 0.3236 0.7250 -0.6081
vn 0.3814 0.3976 -0.8345
vn 0.3005 0.7810 -0.5475
vn 0.4163 0.4647 -0.7815
vn 0.2537 0.7861 -0.5636
vn 0.4020 0.4888 -0.7743
vn 0.2217 0.7629 -0.6074
vn 0.3863 0.4801 -0.7876
vn 0.4186 0.4503 -0.7886
vn 0.2448 0.7364 -0.6308
vn 0.3702 0.7122 -0.5964
vn 0.5641 0.3955 -0.7248
vn 0.7631 0.5403 -0.3546
vn 0.8257 0.3164 -0.4670
vn 0.7179 0.6959 0.0165
vn 0.9118 0.3769 -0.1630
vn 0.6158 0.7752 0.1411
vn 0.8701 0.4890 -0.0611
vn 0.4799 0.8640 0.1525
vn 0.7747 0.6247 -0.0981
vn 0.1920 0.9806 -0.0401
vn 0.6144 0.7577 -0.2197
vn 0.2223 0.9379 -0.2665
vn 0.6069 0.7189 -0.3390
vn 0.3042 0.9056 -0.2957
vn 0.6571 0.6589 -0.3661
vn 0.4419 0.8608 -0.2524
vn 0.7645 0.5764 -0.2886
vn 0.6982 0.7145 -0.0449
vn 0.8732 0.4782 -0.0939
vn 0.5711 0.8038 0.1667
vn 0.8488 0.5203 0.0941
vn 0.4733 0.8521 0.2235
vn 0.2502 0.9682 0.0057
vn 0.1285 0.9795 0.1550
vn 0.0486 0.9789 0.1984
vn -0.0969 0.9918 0.0835
vn -0.1902 0.9689 0.1582
vn -0.2405 0.9525 0.1866
vn 0.0102 0.9811 0.1931
vn -0.2140 0.9524 0.2169
vn 0.0241 0.9817 0.1890
vn 0.0929 0.9668 0.2381
vn -0.1263 0.9494 0.2874
vn 0.0451 0.8928 0.4482
vn 0.2245 0.8907 0.3953
vn -0.2525 0.9233 0.2893
vn -0.0556 0.9002 0.4319
vn -0.3212 0.9060 0.2756
vn -0.0995 0.9127 0.3963
vn -0.3388 0.8964 0.2856
vn -0.0964 0.9193 0.3815
vn -0.3328 0.8793 0.3407
vn -0.0666 0.9020 0.4267
vn -0.3086 0.8082 0.5016
vn -0.0387 0.8155 0.5774
vn -0.4450 0.8404 0.3093
vn -0.4119 0.7909 0.4526
vn -0.4696 0.8309 0.2985
vn -0.4079 0.8061 0.4287
vn -0.4701 0.8283 0.3048
vn -0.3707 0.8242 0.4282
vn -0.4929 0.7970 0.3491
vn -0.3712 0.7975 0.4757
vn -0.5612 0.6845 0.4653
vn -0.4543 0.6689 0.5884
vn -0.5156 0.8007 0.3050
vn -0.5428 0.7217 0.4296
vn -0.5161 0.8168 0.2579
vn -0.4965 0.7737 0.3935
vn -0.5530 0.8122 0.1857
vn -0.4859 0.8416 0.2358
vn -0.6448 0.7506 0.1444
vn -0.6113 0.7759 0.1558
vn -0.7564 0.6317 0.1699
vn -0.7610 0.6264 0.1691
vn -0.6765 0.7297 0.0995
vn -0.7632 0.6322 0.1334
vn -0.5927 0.7959 0.1234
vn -0.5434 0.8141 0.2050
vn -0.7737 0.6114 0.1658
vn -0.5576 0.8147 0.1591
vn -0.8062 0.5499 0.2183
vn -0.5315 0.8159 0.2276
vn -0.1589 0.8216 0.5474
vn -0.2585 0.9076 0.3309
vn -0.5684 0.6733 0.4729
vn -0.3477 0.5175 0.7819
vn -0.8192 0.4061 0.4049
vn -0.6713 0.2750 0.6883
vn -0.5110 0.8220 0.2514
vn -0.4979 0.8370 0.2268
vn -0.4535 0.8551 0.2513
vn -0.4523 0.8688 0.2013
vn -0.3543 0.9068 0.2285
vn -0.4276 0.8825 0.1958
vn -0.3225 0.9309 0.1717
vn -0.3870 0.8802 0.2749
vn -0.2094 0.9734 0.0925
vn -0.2616 0.9488 0.1770
vn -0.0507 0.9947 -0.0892
vn -0.1083 0.9939 -0.0194
vn 0.0005 0.9808 0.1948
vn -0.1985 0.9707 0.1352
vn -0.2249 0.9665 0.1235
vn -0.3405 0.9353 0.0967
vn -0.4347 0.8802 0.1903
vn -0.3074 0.9158 0.2584
vn -0.5310 0.8146 0.2335
vn -0.4544 0.8248 0.3364
vn -0.5057 0.8582 0.0878
vn -0.3833 0.9185 0.0966
vn -0.2253 0.9624 0.1517
vn -0.3315 0.9230 0.1955
vn -0.0894 0.9959 0.0160
vn -0.1497 0.9887 0.0004
vn 0.0591 0.9576 -0.2819
vn 0.0439 0.9635 -0.2642
vn 0.0371 0.9985 0.0391
vn 0.1485 0.9532 -0.2634
vn 0.3861 0.9101 -0.1503
vn 0.2840 0.9509 0.1234
vn -0.0901 0.9849 0.1480
vn 0.1556 0.9647 0.2123
vn 0.0554 0.9517 -0.3018
vn -0.1514 0.9811 -0.1207
vn 0.0614 0.8916 -0.4486
vn -0.1341 0.9291 -0.3448
vn 0.0162 0.7228 -0.6909
vn -0.1358 0.7486 -0.6490
vn -0.2026 0.7759 -0.5974
vn -0.2392 0.9404 -0.2416
vn -0.2366 0.7889 -0.5671
vn -0.3033 0.9358 -0.1797
vn -0.3147 0.9253 0.2116
vn -0.2721 0.9620 0.0224
vn -0.3735 0.8910 -0.2580
vn -0.4128 0.9107 0.0130
vn -0.3766 0.8972 0.2308
vn -0.3562 0.8437 0.4017
vn -0.5429 0.8145 -0.2046
vn -0.5704 0.8021 -0.1768
vn -0.6626 0.4722 -0.5814
vn -0.6626 0.4307 -0.6127
vn -0.6433 0.1384 -0.7530
vn -0.6699 0.3491 -0.6552
vn -0.6426 0.1008 -0.7595
vn -0.6920 0.2409 -0.6806
vn -0.6608 0.0661 -0.7477
vn -0.7157 0.1245 -0.6872
vn -0.6608 0.0339 -0.7498
vn -0.7036 0.0494 -0.7089
vn -0.7662 0.0790 -0.6378
vn -0.7800 0.1950 -0.5946
vn -0.8746 0.1240 -0.4688
vn -0.8754 0.3032 -0.3765
vn -0.9775 0.2106 0.0089
vn -0.9222 0.3379 0.1879
vn -0.6611 0.5164 0.5442
vn -0.8702 0.0752 -0.4869
vn -0.9801 0.1294 -0.1503
vn -0.8617 0.0452 -0.5053
vn -0.9618 0.0651 -0.2659
vn -0.8579 0.0158 -0.5136
vn -0.9423 0.0108 -0.3345
vn -0.8569 -0.0068 -0.5155
vn -0.9275 -0.0267 -0.3728
vn -0.8585 -0.0162 -0.5126
vn -0.9198 -0.0446 -0.3899
vn -0.8637 -0.0091 -0.5040
vn -0.9196 -0.0428 -0.3906
vn -0.8716 0.0179 -0.4898
vn -0.9255 -0.0194 -0.3782
vn -0.8810 0.0673 -0.4683
vn -0.9354 0.0276 -0.3526
vn -0.8887 0.1421 -0.4359
vn -0.9446 0.1006 -0.3124
vn -0.8892 0.2471 -0.3850
vn -0.9456 0.2046 -0.2528
vn -0.8694 0.3716 -0.3257
vn -0.9255 0.3302 -0.1857
vn -0.8282 0.2781 -0.4865
vn -0.8042 0.3983 -0.4411
vn -0.7755 0.2987 -0.5562
vn -0.7461 0.4112 -0.5237
vn -0.7344 0.3120 -0.6028
vn -0.7014 0.4156 -0.5790
vn -0.7834 0.1974 -0.5893
vn -0.7465 0.2142 -0.6300
vn -0.7822 0.1227 -0.6109
vn -0.7482 0.1400 -0.6485
vn -0.7766 0.0719 -0.6259
vn -0.7454 0.0886 -0.6607
vn -0.7683 0.0415 -0.6388
vn -0.7392 0.0571 -0.6711
vn -0.7576 0.0286 -0.6521
vn -0.7295 0.0424 -0.6827
vn -0.7448 0.0287 -0.6667
vn -0.7174 0.0402 -0.6955
vn -0.7283 0.0357 -0.6843
vn -0.7008 0.0446 -0.7119
vn -0.7101 0.0400 -0.7030
vn -0.6812 0.0445 -0.7307
vn -0.6989 0.0375 -0.7143
vn -0.6665 0.0349 -0.7447
vn -0.7681 0.0391 -0.6391
vn -0.7621 0.0491 -0.6456
vn -0.7799 0.0257 -0.6254
vn -0.7912 0.0129 -0.6114
vn -0.8008 0.0091 -0.5988
vn -0.8101 0.0197 -0.5860
vn -0.8190 0.0487 -0.5717
vn -0.8267 0.0991 -0.5538
vn -0.8315 0.1741 -0.5276
vn -0.7718 0.6265 0.1089
vn -0.5107 0.7785 0.3649
vn -0.6651 0.7027 -0.2528
vn -0.7711 0.4608 -0.4395
vn -0.6418 0.0414 -0.7657
vn -0.5407 0.7845 -0.3038
vn -0.6569 0.4801 -0.5814
vn -0.4858 0.7531 -0.4436
vn -0.6162 0.4830 -0.6221
vn -0.3347 0.6749 -0.6577
vn -0.4714 0.4766 -0.7420
vn -0.2646 0.7660 -0.5859
vn 0.0482 0.9948 -0.0899
vn 0.9199 0.3415 -0.1927
vn 0.9010 0.3428 -0.2658
vn 0.8615 0.4617 -0.2113
vn 0.8360 0.4636 -0.2936
vn 0.8101 0.4613 -0.3619
vn 0.8813 0.3404 -0.3278
vn 0.7851 0.4561 -0.4191
vn 0.8613 0.3360 -0.3813
vn 0.7616 0.4491 -0.4672
vn 0.8411 0.3307 -0.4281
vn 0.7400 0.4414 -0.5076
vn 0.8211 0.3250 -0.4692
vn 0.7200 0.4333 -0.5421
vn 0.8019 0.3192 -0.5050
vn 0.7010 0.4254 -0.5725
vn 0.7833 0.3132 -0.5370
vn 0.6816 0.4178 -0.6007
vn 0.7637 0.3075 -0.5676
vn 0.6591 0.4109 -0.6299
vn 0.7404 0.3024 -0.6004
vn 0.6295 0.4044 -0.6634
vn 0.7088 0.2985 -0.6392
vn 0.5868 0.3978 -0.7053
vn 0.6623 0.2957 -0.6884
vn 0.5224 0.3894 -0.7586
vn 0.5920 0.2934 -0.7506
vn 0.4297 0.3766 -0.8207
vn 0.4901 0.2890 -0.8223
vn 0.3122 0.3572 -0.8803
vn 0.3593 0.2798 -0.8903
vn 0.1879 0.3328 -0.9241
vn 0.2197 0.2655 -0.9387
vn 0.0799 0.3087 -0.9478
vn 0.0986 0.2497 -0.9633
vn -0.0002 0.2897 -0.9571
vn 0.0097 0.2363 -0.9716
vn -0.0541 0.2770 -0.9593
vn -0.0496 0.2266 -0.9727
vn -0.0898 0.2694 -0.9588
vn -0.0884 0.2200 -0.9715
vn -0.1151 0.2650 -0.9574
vn -0.1155 0.2154 -0.9697
vn -0.1365 0.2618 -0.9554
vn -0.1376 0.2116 -0.9676
vn -0.1595 0.2581 -0.9529
vn -0.1605 0.2074 -0.9650
vn -0.1895 0.2521 -0.9490
vn -0.1900 0.2012 -0.9609
vn -0.2330 0.1912 -0.9535
vn -0.2327 0.2416 -0.9421
vn -0.2943 0.2242 -0.9290
vn -0.2955 0.1756 -0.9391
vn -0.3742 0.1992 -0.9057
vn -0.3783 0.1536 -0.9129
vn -0.4624 0.1689 -0.8704
vn -0.4704 0.1277 -0.8731
vn -0.5432 0.1390 -0.8280
vn -0.5538 0.1031 -0.8262
vn -0.4515 0.2204 -0.8646
vn -0.5328 0.1874 -0.8252
vn -0.4396 0.2824 -0.8527
vn -0.5239 0.2482 -0.8148
vn -0.4271 0.3528 -0.8326
vn -0.5154 0.3199 -0.7950
vn -0.4135 0.4226 -0.8065
vn -0.5053 0.3931 -0.7682
vn -0.3932 0.4830 -0.7824
vn -0.4865 0.4565 -0.7450
vn -0.3670 0.5263 -0.7670
vn -0.4578 0.5000 -0.7351
vn -0.3452 0.5550 -0.7569
vn -0.4316 0.5280 -0.7314
vn -0.3352 0.5643 -0.7544
vn -0.4225 0.5358 -0.7310
vn -0.3323 0.5430 -0.7712
vn -0.4205 0.5118 -0.7492
vn -0.3369 0.4856 -0.8067
vn -0.4262 0.4481 -0.7859
vn -0.3478 0.3994 -0.8482
vn -0.4384 0.3534 -0.8264
vn -0.2568 0.5173 -0.8163
vn -0.2660 0.4391 -0.8582
vn -0.2067 0.5394 -0.8163
vn -0.2156 0.4666 -0.8578
vn -0.1849 0.5555 -0.8107
vn -0.1958 0.4859 -0.8518
vn -0.1802 0.5702 -0.8015
vn -0.1942 0.5039 -0.8416
vn -0.1833 0.5861 -0.7893
vn -0.2001 0.5246 -0.8275
vn -0.1900 0.6026 -0.7751
vn -0.2078 0.5480 -0.8103
vn -0.2004 0.6167 -0.7613
vn -0.2171 0.5692 -0.7930
vn -0.2129 0.4897 -0.8455
vn -0.2126 0.4653 -0.8592
vn -0.2301 0.5823 -0.7797
vn -0.2081 0.5029 -0.8389
vn -0.2420 0.5871 -0.7725
vn -0.1753 0.5126 -0.8406
vn -0.2120 0.6007 -0.7709
vn -0.0692 0.5391 -0.8394
vn -0.0896 0.6473 -0.7570
vn 0.1108 0.5818 -0.8058
vn 0.0768 0.6956 -0.7143
vn 0.2908 0.6118 -0.7356
vn 0.2151 0.7177 -0.6623
vn 0.4170 0.6184 -0.6661
vn 0.3148 0.7207 -0.6176
vn 0.4945 0.6134 -0.6158
vn 0.3825 0.7139 -0.5865
vn 0.5368 0.6041 -0.5890
vn 0.4270 0.7038 -0.5678
vn 0.5549 0.5948 -0.5817
vn 0.4509 0.6949 -0.5602
vn 0.5636 0.5867 -0.5815
vn 0.4649 0.6876 -0.5578
vn 0.5752 0.5784 -0.5784
vn 0.4825 0.6799 -0.5522
vn 0.5938 0.5693 -0.5686
vn 0.5088 0.6699 -0.5407
vn 0.6185 0.5600 -0.5512
vn 0.5445 0.6558 -0.5229
vn 0.6477 0.5512 -0.5260
vn 0.5907 0.6393 -0.4924
vn 0.6823 0.5424 -0.4901
vn 0.6473 0.6254 -0.4358
vn 0.7238 0.5346 -0.4362
vn 0.7053 0.6167 -0.3495
vn 0.7678 0.5296 -0.3605
vn 0.7506 0.6117 -0.2500
vn 0.8044 0.5269 -0.2745
vn 0.7773 0.6103 -0.1525
vn 0.8296 0.5255 -0.1885
vn 0.7888 0.6115 -0.0628
vn 0.8452 0.5243 -0.1041
vn 0.7892 0.6138 0.0173
vn 0.8528 0.5216 -0.0240
vn 0.8553 0.5132 0.0711
vn 0.7093 0.7049 -0.0051
vn 0.6951 0.7104 -0.1108
vn 0.5705 0.8155 -0.0972
vn 0.5985 0.7997 0.0473
vn 0.4779 0.8725 -0.1017
vn 0.5077 0.8601 0.0503
vn 0.4697 0.8755 -0.1137
vn 0.4959 0.8673 0.0426
vn 0.5036 0.8523 -0.1412
vn 0.5332 0.8459 0.0136
vn 0.5646 0.8049 -0.1827
vn 0.5989 0.8000 -0.0356
vn 0.6338 0.7384 -0.2304
vn 0.6708 0.7351 -0.0984
vn 0.6883 0.6744 -0.2674
vn 0.7247 0.6723 -0.1509
vn 0.7319 0.6164 -0.2904
vn 0.7660 0.6149 -0.1876
vn 0.8090 0.5495 -0.2088
vn 0.7785 0.5511 -0.3004
vn 0.6957 0.6117 -0.3766
vn 0.7471 0.5477 -0.3766
vn 0.6607 0.6028 -0.4473
vn 0.7171 0.5410 -0.4395
vn 0.6288 0.5917 -0.5045
vn 0.6898 0.5323 -0.4908
vn 0.6011 0.5797 -0.5501
vn 0.6656 0.5226 -0.5328
vn 0.5778 0.5679 -0.5862
vn 0.6441 0.5127 -0.5677
vn 0.5581 0.5571 -0.6149
vn 0.6248 0.5032 -0.5971
vn 0.5402 0.5476 -0.6390
vn 0.6060 0.4943 -0.6232
vn 0.5216 0.5390 -0.6614
vn 0.5853 0.4861 -0.6489
vn 0.4985 0.5308 -0.6854
vn 0.5587 0.4782 -0.6776
vn 0.4654 0.5219 -0.7148
vn 0.5205 0.4696 -0.7131
vn 0.4151 0.5104 -0.7531
vn 0.4632 0.4583 -0.7585
vn 0.3424 0.4936 -0.7995
vn 0.3811 0.4418 -0.8121
vn 0.2498 0.4696 -0.8468
vn 0.2773 0.4181 -0.8650
vn 0.1511 0.4407 -0.8849
vn 0.1672 0.3896 -0.9057
vn 0.0641 0.4129 -0.9085
vn 0.0711 0.3621 -0.9294
vn -0.0007 0.3918 -0.9201
vn -0.0008 0.3409 -0.9401
vn -0.0442 0.3787 -0.9245
vn -0.0496 0.3272 -0.9437
vn -0.0723 0.3722 -0.9253
vn -0.0820 0.3195 -0.9440
vn -0.0924 0.3697 -0.9245
vn -0.1053 0.3157 -0.9430
vn -0.1107 0.3687 -0.9230
vn -0.1258 0.3134 -0.9413
vn -0.1321 0.3671 -0.9207
vn -0.1485 0.3107 -0.9389
vn -0.1618 0.3631 -0.9176
vn -0.1788 0.3054 -0.9353
vn -0.2055 0.3544 -0.9122
vn -0.2224 0.2953 -0.9292
vn -0.2840 0.2780 -0.9176
vn -0.2678 0.3387 -0.9020
vn -0.3489 0.3144 -0.8829
vn -0.3636 0.2524 -0.8967
vn -0.2498 0.4033 -0.8803
vn -0.3327 0.3821 -0.8622
vn -0.2339 0.4645 -0.8541
vn -0.3164 0.4478 -0.8363
vn -0.2966 0.5050 -0.8105
vn -0.2183 0.5189 -0.8265
vn -0.2057 0.5619 -0.8012
vn -0.2758 0.5482 -0.7896
vn -0.1981 0.5911 -0.7819
vn -0.2602 0.5772 -0.7740
vn -0.1960 0.6015 -0.7744
vn -0.2527 0.5872 -0.7690
vn -0.1991 0.5858 -0.7856
vn -0.2516 0.5687 -0.7831
vn -0.1661 0.6101 -0.7747
vn -0.1738 0.5975 -0.7828
vn -0.1535 0.6161 -0.7726
vn -0.1654 0.6073 -0.7771
vn -0.1504 0.6210 -0.7692
vn -0.1655 0.6169 -0.7695
vn -0.1526 0.6250 -0.7656
vn -0.1702 0.6258 -0.7612
vn -0.1791 0.6326 -0.7535
vn -0.1587 0.6276 -0.7622
vn -0.1674 0.6292 -0.7590
vn -0.1925 0.6358 -0.7475
vn -0.2161 0.6250 -0.7501
vn -0.2067 0.6375 -0.7422
vn -0.2347 0.6277 -0.7423
vn -0.2067 0.6478 -0.7332
vn -0.2359 0.6366 -0.7342
vn -0.1683 0.6794 -0.7142
vn -0.1808 0.6710 -0.7191
vn -0.0855 0.7279 -0.6803
vn -0.0698 0.7212 -0.6892
vn 0.0104 0.7720 -0.6355
vn 0.0471 0.7605 -0.6477
vn 0.0902 0.8009 -0.5919
vn 0.1423 0.7814 -0.6075
vn 0.1513 0.8182 -0.5547
vn 0.2168 0.7903 -0.5730
vn 0.1977 0.8275 -0.5255
vn 0.2755 0.7921 -0.5447
vn 0.2289 0.8299 -0.5088
vn 0.3147 0.7895 -0.5269
vn 0.2460 0.8271 -0.5054
vn 0.3348 0.7849 -0.5213
vn 0.2561 0.8210 -0.5103
vn 0.3483 0.7785 -0.5222
vn 0.2676 0.8136 -0.5162
vn 0.3658 0.7690 -0.5242
vn 0.2882 0.8085 -0.5130
vn 0.3954 0.7568 -0.5205
vn 0.3240 0.8097 -0.4892
vn 0.4437 0.7462 -0.4964
vn 0.3770 0.8169 -0.4364
vn 0.5116 0.7402 -0.4364
vn 0.4438 0.8240 -0.3522
vn 0.5879 0.7340 -0.3400
vn 0.5137 0.8245 -0.2375
vn 0.6536 0.7225 -0.2253
vn 0.3789 0.8549 -0.3544
vn 0.4321 0.8692 -0.2404
vn 0.3806 0.8484 -0.3680
vn 0.4285 0.8671 -0.2540
vn 0.4145 0.8229 -0.3886
vn 0.4615 0.8425 -0.2778
vn 0.4739 0.7773 -0.4139
vn 0.5206 0.7954 -0.3103
vn 0.5457 0.7155 -0.4362
vn 0.5901 0.7305 -0.3438
vn 0.6478 0.6681 -0.3660
vn 0.6079 0.6565 -0.4466
vn 0.5052 0.6977 -0.5079
vn 0.5716 0.6422 -0.5108
vn 0.4712 0.6803 -0.5613
vn 0.5405 0.6275 -0.5605
vn 0.4447 0.6655 -0.5995
vn 0.5152 0.6139 -0.5980
vn 0.4249 0.6540 -0.6259
vn 0.4950 0.6023 -0.6263
vn 0.4105 0.6460 -0.6436
vn 0.4781 0.5927 -0.6481
vn 0.3985 0.6414 -0.6556
vn 0.4617 0.5849 -0.6669
vn 0.3855 0.6384 -0.6662
vn 0.4418 0.5782 -0.6859
vn 0.3646 0.6346 -0.6814
vn 0.4144 0.5714 -0.7084
vn 0.3283 0.6270 -0.7065
vn 0.3721 0.5620 -0.7387
vn 0.2710 0.6127 -0.7424
vn 0.3080 0.5470 -0.7784
vn 0.1938 0.5896 -0.7841
vn 0.2245 0.5244 -0.8214
vn 0.1091 0.5597 -0.8215
vn 0.1347 0.4964 -0.8576
vn 0.0348 0.5299 -0.8473
vn 0.0560 0.4693 -0.8813
vn -0.0186 0.5072 -0.8616
vn -0.0021 0.4487 -0.8937
vn -0.0520 0.4932 -0.8684
vn -0.0405 0.4362 -0.8990
vn -0.0719 0.4859 -0.8710
vn -0.0648 0.4301 -0.9005
vn -0.0852 0.4827 -0.8716
vn -0.0821 0.4277 -0.9002
vn -0.0974 0.4814 -0.8711
vn -0.0981 0.4269 -0.8990
vn -0.1129 0.4804 -0.8697
vn -0.1174 0.4258 -0.8972
vn -0.1368 0.4784 -0.8674
vn -0.1453 0.4228 -0.8945
vn -0.1749 0.4738 -0.8631
vn -0.1876 0.4161 -0.8898
vn -0.1341 0.5299 -0.8374
vn -0.1656 0.5263 -0.8340
vn -0.1619 0.5692 -0.8061
vn -0.1379 0.5731 -0.8078
vn -0.1448 0.6030 -0.7845
vn -0.1623 0.5986 -0.7844
vn -0.1262 0.5753 -0.8081
vn -0.1379 0.6058 -0.7836
vn -0.1368 0.6077 -0.7823
vn -0.1212 0.5768 -0.8079
vn -0.1191 0.5782 -0.8071
vn -0.1389 0.6091 -0.7808
vn -0.1416 0.6114 -0.7786
vn -0.1165 0.5810 -0.8055
vn -0.1079 0.5882 -0.8015
vn -0.1396 0.6175 -0.7741
vn -0.1736 0.6330 -0.7544
vn -0.1235 0.6331 -0.7642
vn -0.1653 0.6467 -0.7446
vn -0.0816 0.6634 -0.7438
vn -0.1265 0.6781 -0.7240
vn -0.0105 0.7057 -0.7084
vn -0.0525 0.7241 -0.6877
vn 0.0733 0.7466 -0.6612
vn 0.0364 0.7681 -0.6393
vn 0.1444 0.7746 -0.6157
vn 0.1103 0.7978 -0.5928
vn 0.1922 0.7901 -0.5821
vn 0.1601 0.8143 -0.5579
vn 0.2203 0.7973 -0.5619
vn 0.1919 0.8227 -0.5352
vn 0.2345 0.7992 -0.5534
vn 0.2107 0.8249 -0.5246
vn 0.2388 0.7972 -0.5544
vn 0.2208 0.8227 -0.5238
vn 0.2413 0.7938 -0.5583
vn 0.2285 0.8179 -0.5281
vn 0.2505 0.7925 -0.5560
vn 0.2384 0.8136 -0.5304
vn 0.2679 0.7968 -0.5417
vn 0.2560 0.8138 -0.5217
vn 0.2956 0.8083 -0.5092
vn 0.2855 0.8217 -0.4933
vn 0.3342 0.8267 -0.4527
vn 0.3276 0.8368 -0.4387
vn 0.3331 0.7807 -0.5288
vn 0.3700 0.8004 -0.4716
vn 0.3950 0.7368 -0.5487
vn 0.4307 0.7562 -0.4925
vn 0.3059 0.7667 -0.5644
vn 0.3680 0.7217 -0.5862
vn 0.2882 0.7592 -0.5836
vn 0.3496 0.7118 -0.6093
vn 0.2810 0.7581 -0.5884
vn 0.3402 0.7072 -0.6198
vn 0.2794 0.7599 -0.5870
vn 0.3347 0.7067 -0.6233
vn 0.2730 0.7605 -0.5891
vn 0.3253 0.7062 -0.6289
vn 0.2581 0.7584 -0.5985
vn 0.3074 0.7032 -0.6411
vn 0.2298 0.7516 -0.6183
vn 0.2753 0.6958 -0.6633
vn 0.1808 0.7364 -0.6520
vn 0.2230 0.6809 -0.6976
vn 0.1093 0.7090 -0.6967
vn 0.1503 0.6553 -0.7402
vn 0.0281 0.6709 -0.7410
vn 0.0692 0.6210 -0.7807
vn -0.0014 0.5865 -0.8099
vn -0.0408 0.6326 -0.7734
vn -0.0852 0.6043 -0.7922
vn -0.0504 0.5603 -0.8267
vn -0.0789 0.5445 -0.8350
vn -0.0930 0.5370 -0.8385
vn -0.0999 0.5341 -0.8395
vn -0.1063 0.5328 -0.8395
vn -0.1163 0.5317 -0.8389
vn -0.9655 -0.2140 0.1485
vn -0.9669 -0.1122 0.2289
vn -0.9709 -0.1675 0.1713
vn -0.9662 -0.0646 0.2496
vn -0.9441 0.0705 0.3219
vn -0.9469 0.0375 0.3192
vn -0.9170 0.1749 0.3584
vn -0.9171 0.1662 0.3623
vn -0.9029 0.2223 0.3678
vn -0.9036 0.2292 0.3618
vn -0.9034 0.2195 0.3683
vn -0.9135 0.2376 0.3303
vn -0.9255 0.1449 0.3501
vn -0.9432 0.1576 0.2925
vn -0.9396 0.0138 0.3420
vn -0.9607 0.0197 0.2770
vn -0.9436 -0.0906 0.3185
vn -0.9646 -0.0821 0.2505
vn -0.9059 0.0125 0.4234
vn -0.9109 -0.0941 0.4017
vn -0.8548 0.0160 0.5188
vn -0.8611 -0.0903 0.5003
vn -0.7817 0.0256 0.6231
vn -0.7884 -0.0763 0.6104
vn -0.6824 0.0426 0.7298
vn -0.6907 -0.0514 0.7213
vn -0.5624 0.0652 0.8243
vn -0.5778 -0.0206 0.8159
vn -0.4417 0.0871 0.8929
vn -0.4713 0.0078 0.8820
vn -0.3489 0.0991 0.9319
vn -0.3905 0.0266 0.9202
vn -0.3053 0.0993 0.9471
vn -0.3398 0.0362 0.9398
vn -0.2878 0.1022 0.9522
vn -0.3074 0.0428 0.9506
vn -0.2641 0.1109 0.9581
vn -0.2787 0.0497 0.9591
vn -0.2312 0.1230 0.9651
vn -0.2483 0.0569 0.9670
vn -0.1972 0.1346 0.9711
vn -0.2194 0.0620 0.9737
vn -0.1717 0.1409 0.9750
vn -0.1975 0.0625 0.9783
vn -0.1595 0.1412 0.9770
vn -0.1852 0.0582 0.9810
vn -0.1574 0.1367 0.9780
vn -0.1799 0.0504 0.9824
vn -0.1590 0.1302 0.9787
vn -0.1763 0.0420 0.9834
vn -0.1573 0.1252 0.9796
vn -0.1691 0.0357 0.9850
vn -0.1472 0.1243 0.9813
vn -0.1538 0.0336 0.9875
vn -0.1253 0.1295 0.9836
vn -0.1265 0.0380 0.9912
vn -0.0879 0.1421 0.9859
vn -0.0847 0.0502 0.9951
vn -0.0340 0.1618 0.9862
vn -0.0264 0.0711 0.9971
vn 0.0314 0.1864 0.9820
vn 0.0465 0.0997 0.9939
vn 0.1012 0.2132 0.9718
vn 0.1296 0.1342 0.9824
vn 0.1741 0.2423 0.9545
vn 0.2194 0.1732 0.9601
vn 0.2548 0.2755 0.9269
vn 0.3128 0.2152 0.9251
vn 0.3423 0.3111 0.8866
vn 0.4036 0.2568 0.8782
vn 0.4815 0.2928 0.8261
vn 0.4249 0.3432 0.8377
vn 0.4900 0.3674 0.7905
vn 0.5404 0.3205 0.7779
vn 0.5331 0.3837 0.7541
vn 0.5804 0.3404 0.7398
vn 0.5576 0.3947 0.7303
vn 0.6051 0.3549 0.7127
vn 0.5692 0.4034 0.7164
vn 0.6205 0.3673 0.6929
vn 0.5741 0.4131 0.7069
vn 0.6314 0.3807 0.6756
vn 0.5789 0.4273 0.6945
vn 0.6427 0.3984 0.6544
vn 0.6588 0.4235 0.6217
vn 0.5886 0.4497 0.6718
vn 0.4944 0.4767 0.7268
vn 0.4973 0.4934 0.7136
vn 0.3953 0.5497 0.7359
vn 0.3973 0.5552 0.7307
vn 0.3090 0.6425 0.7013
vn 0.3144 0.6315 0.7087
vn 0.3193 0.6594 0.6806
vn 0.3969 0.5563 0.7301
vn 0.3937 0.5679 0.7228
vn 0.3243 0.6654 0.6724
vn 0.2797 0.6695 0.6881
vn 0.3077 0.6595 0.6858
vn 0.2710 0.6536 0.7067
vn 0.3130 0.6045 0.7325
vn 0.3229 0.6144 0.7199
vn 0.4013 0.5357 0.7430
vn 0.4138 0.5342 0.7372
vn 0.4991 0.4651 0.7312
vn 0.5156 0.4502 0.7290
vn 0.5945 0.4067 0.6936
vn 0.6066 0.3836 0.6963
vn 0.6656 0.3550 0.6565
vn 0.5780 0.4183 0.7007
vn 0.6520 0.3612 0.6666
vn 0.5358 0.4105 0.7379
vn 0.6126 0.3467 0.7103
vn 0.4430 0.3758 0.8140
vn 0.5286 0.3086 0.7908
vn 0.3117 0.3208 0.8944
vn 0.4099 0.2549 0.8758
vn 0.1746 0.2616 0.9492
vn 0.2784 0.2006 0.9393
vn 0.0634 0.2155 0.9744
vn 0.1627 0.1579 0.9740
vn -0.0069 0.1916 0.9814
vn 0.0827 0.1356 0.9873
vn -0.0396 0.1895 0.9811
vn 0.0365 0.1316 0.9906
vn -0.0735 0.1871 0.9796
vn -0.0192 0.1214 0.9924
vn -0.1350 0.1645 0.9771
vn -0.1032 0.0940 0.9902
vn -0.1074 0.2443 0.9637
vn -0.1429 0.2302 0.9626
vn -0.1509 0.2148 0.9649
vn -0.1503 0.3134 0.9376
vn -0.1412 0.3092 0.9405
vn -0.0856 0.3226 0.9427
vn -0.0818 0.2319 0.9693
vn 0.0015 0.3603 0.9328
vn 0.0387 0.2787 0.9596
vn 0.0715 0.4000 0.9137
vn 0.1284 0.3176 0.9395
vn 0.0785 0.4203 0.9040
vn 0.1304 0.3261 0.9363
vn 0.0144 0.4149 0.9098
vn 0.0490 0.3010 0.9524
vn -0.1017 0.3884 0.9159
vn -0.0757 0.2544 0.9641
vn -0.2435 0.3507 0.9043
vn -0.2194 0.2003 0.9548
vn -0.3787 0.3107 0.8718
vn -0.3631 0.1455 0.9203
vn -0.4814 0.2760 0.8319
vn -0.4762 0.0998 0.8736
vn -0.5450 0.2509 0.8000
vn -0.5450 0.0677 0.8357
vn -0.5865 0.2306 0.7765
vn -0.5866 0.0441 0.8087
vn -0.6648 0.1996 0.7199
vn -0.6589 0.0149 0.7521
vn -0.7739 0.1579 0.6132
vn -0.7776 -0.0144 0.6286
vn -0.8477 0.1044 0.5201
vn -0.8631 -0.0436 0.5032
vn -0.8966 0.0587 0.4389
vn -0.9080 -0.0694 0.4132
vn -0.9340 0.0230 0.3565
vn -0.9403 -0.0900 0.3283
vn -0.9548 -0.0052 0.2972
vn -0.9581 -0.1085 0.2650
vn -0.9644 -0.0239 0.2635
vn -0.9688 -0.1261 0.2134
vn -0.9332 0.1259 0.3366
vn -0.9449 0.1019 0.3110
vn -0.8948 0.2206 0.3882
vn -0.9157 0.1922 0.3529
vn -0.8552 0.2525 0.4527
vn -0.8920 0.2290 0.3898
vn -0.8301 0.2268 0.5094
vn -0.8794 0.2165 0.4239
vn -0.8917 0.1388 0.4308
vn -0.8357 0.1404 0.5310
vn -0.7478 0.2442 0.6174
vn -0.7552 0.1466 0.6389
vn -0.6367 0.2601 0.7259
vn -0.6507 0.1542 0.7435
vn -0.5037 0.2713 0.8202
vn -0.5246 0.1633 0.8356
vn -0.3672 0.2799 0.8870
vn -0.3901 0.1709 0.9048
vn -0.2827 0.2931 0.9133
vn -0.2889 0.1739 0.9414
vn -0.3173 0.3121 0.8955
vn -0.2797 0.1689 0.9451
vn -0.3888 0.3296 0.8604
vn -0.3085 0.1718 0.9356
vn -0.4067 0.3474 0.8449
vn -0.3061 0.1855 0.9337
vn -0.3872 0.3648 0.8468
vn -0.2825 0.2046 0.9372
vn -0.3390 0.3791 0.8610
vn -0.2462 0.2245 0.9428
vn -0.2798 0.3865 0.8788
vn -0.2129 0.2386 0.9475
vn -0.1927 0.2449 0.9502
vn -0.2319 0.3860 0.8929
vn -0.2016 0.3790 0.9032
vn -0.1827 0.2448 0.9522
vn -0.1912 0.3677 0.9101
vn -0.1811 0.2401 0.9537
vn -0.1933 0.3555 0.9145
vn -0.1816 0.2351 0.9549
vn -0.1974 0.3463 0.9171
vn -0.1764 0.2333 0.9563
vn -0.1949 0.3443 0.9184
vn -0.1603 0.2380 0.9580
vn -0.1760 0.3532 0.9188
vn -0.1277 0.2511 0.9595
vn -0.1384 0.3722 0.9178
vn -0.0786 0.2711 0.9593
vn -0.0908 0.3962 0.9137
vn -0.0210 0.2942 0.9555
vn -0.0444 0.4194 0.9067
vn 0.0348 0.3162 0.9481
vn -0.0058 0.4393 0.8983
vn 0.0880 0.3378 0.9371
vn 0.0441 0.4648 0.8843
vn 0.1522 0.3645 0.9187
vn 0.1243 0.5003 0.8569
vn 0.2367 0.3965 0.8870
vn 0.2186 0.5362 0.8153
vn 0.3290 0.4267 0.8424
vn 0.4062 0.4477 0.7966
vn 0.3033 0.5625 0.7692
vn 0.3567 0.5739 0.7371
vn 0.4573 0.4582 0.7622
vn 0.3815 0.5744 0.7243
vn 0.4843 0.4633 0.7422
vn 0.4950 0.4657 0.7336
vn 0.2696 0.6453 0.7148
vn 0.2061 0.6194 0.7576
vn 0.1862 0.6087 0.7713
vn 0.2429 0.6351 0.7333
vn 0.2379 0.5753 0.7826
vn 0.2894 0.5937 0.7509
vn 0.3332 0.5246 0.7834
vn 0.3804 0.5342 0.7549
vn 0.4398 0.4697 0.7655
vn 0.4812 0.4736 0.7377
vn 0.2457 0.4969 0.8323
vn 0.3499 0.4412 0.8264
vn 0.1330 0.4519 0.8821
vn 0.2241 0.3903 0.8930
vn 0.0268 0.4031 0.9148
vn 0.0970 0.3327 0.9380
vn -0.0464 0.3658 0.9295
vn -0.0009 0.2859 0.9583
vn -0.0888 0.3409 0.9359
vn -0.0613 0.2565 0.9646
vn -0.1126 0.3259 0.9387
vn -0.0878 0.2466 0.9651
vn -0.1319 0.3195 0.9384
vn -0.1353 0.3946 0.9088
vn -0.1605 0.3854 0.9087
vn -0.1726 0.3847 0.9068
vn -0.1854 0.4146 0.8909
vn -0.1990 0.4118 0.8893
vn -0.1862 0.4224 0.8871
vn -0.1565 0.3935 0.9059
vn -0.1501 0.4429 0.8839
vn -0.1112 0.4123 0.9042
vn -0.1052 0.4682 0.8773
vn -0.0494 0.4423 0.8955
vn -0.0679 0.4957 0.8658
vn 0.0041 0.4756 0.8796
vn -0.0636 0.5200 0.8518
vn 0.0134 0.4989 0.8666
vn -0.1096 0.5372 0.8363
vn -0.0399 0.5075 0.8607
vn -0.1452 0.5013 0.8530
vn -0.1968 0.5447 0.8152
vn -0.3048 0.5413 0.7836
vn -0.2750 0.4827 0.8315
vn -0.4046 0.5310 0.7445
vn -0.3939 0.4598 0.7959
vn -0.4710 0.5205 0.7122
vn -0.4801 0.4403 0.7587
vn -0.4991 0.5113 0.6997
vn -0.5302 0.4257 0.7332
vn -0.5601 0.4106 0.7195
vn -0.5057 0.4981 0.7044
vn -0.5286 0.4703 0.7067
vn -0.6208 0.3837 0.6837
vn -0.5829 0.4209 0.6950
vn -0.7048 0.3370 0.6243
vn -0.6625 0.3630 0.6552
vn -0.7768 0.2722 0.5679
vn -0.7576 0.3087 0.5752
vn -0.8445 0.2126 0.4916
vn -0.8416 0.2577 0.4746
vn -0.9000 0.1601 0.4053
vn -0.6754 0.3186 0.6651
vn -0.7822 0.2846 0.5542
vn -0.5529 0.3499 0.7562
vn -0.4458 0.3836 0.8088
vn -0.3985 0.4240 0.8133
vn -0.4269 0.4601 0.7785
vn -0.4659 0.4788 0.7441
vn -0.4605 0.4911 0.7394
vn -0.4161 0.5012 0.7587
vn -0.3407 0.5069 0.7918
vn -0.2559 0.5052 0.8242
vn -0.1878 0.4950 0.8484
vn -0.1485 0.4781 0.8657
vn -0.1428 0.4572 0.8778
vn -0.1605 0.4360 0.8855
vn -0.1858 0.4170 0.8897
vn -0.2057 0.4038 0.8914
vn -0.2063 0.4022 0.8920
vn -0.1845 0.4135 0.8916
vn -0.1548 0.4287 0.8901
vn -0.1485 0.4337 0.8887
vn -0.1197 0.4482 0.8859
vn -0.1098 0.4562 0.8831
vn -0.0878 0.4672 0.8798
vn -0.0764 0.4765 0.8758
vn -0.0456 0.4919 0.8695
vn -0.0332 0.5020 0.8643
vn 0.0216 0.5290 0.8484
vn 0.0357 0.5392 0.8414
vn 0.1053 0.5713 0.8140
vn 0.1215 0.5817 0.8043
vn 0.0573 0.4995 0.8644
vn 0.1537 0.5427 0.8258
vn -0.0238 0.4588 0.8882
vn -0.0743 0.4310 0.8993
vn -0.1064 0.4113 0.9053
vn 0.4961 0.4687 0.7309
vn 0.8462 0.4932 0.2016
vn 0.8145 0.4590 0.3548
vn 0.7585 0.4157 0.5018
vn -0.1798 -0.6765 -0.7141
vn -0.1995 -0.6781 -0.7074
vn 0.2268 -0.7004 0.6768
vn -0.3185 0.5936 0.7390
vn -0.2845 0.6002 0.7475
vn 0.2173 -0.7054 0.6747
vn 0.2520 -0.6886 0.6800
vn 0.2907 -0.6767 0.6765
vn 0.3316 -0.6544 0.6795
vn 0.3565 -0.6605 0.6608
vn 0.3731 -0.6411 0.6706
vn 0.3866 -0.6542 0.6500
vn 0.4087 -0.6270 0.6632
vn 0.4328 -0.6392 0.6356
vn 0.4681 -0.5996 0.6491
vn 0.5078 -0.6084 0.6099
vn 0.5537 -0.5588 0.6174
vn 0.0008 0.7084 0.7059
vn 0.6496 -0.5120 0.5620
vn 0.0834 0.7501 0.6561
vn 0.7281 -0.4765 0.4928
vn 0.7721 -0.4633 0.4350
vn 0.7944 -0.4467 0.4115
vn 0.8139 -0.4382 0.3815
vn 0.8175 -0.4404 0.3713
vn 0.8260 -0.4302 0.3643
vn 0.8222 -0.4434 0.3571
vn -0.1983 -0.6919 -0.6942
vn -0.2243 -0.6936 -0.6845
vn -0.2227 -0.7107 -0.6673
vn -0.2692 -0.7149 -0.6453
vn -0.2652 -0.7442 -0.6131
vn -0.3408 -0.7509 -0.5657
vn -0.3300 -0.8000 -0.5012
vn -0.4136 -0.8043 -0.4266
vn -0.3840 -0.8616 -0.3320
vn -0.4333 -0.8577 -0.2769
vn -0.3997 -0.8937 -0.2037
vn -0.4221 -0.8905 -0.1697
vn -0.3977 -0.9080 -0.1314
vn -0.4074 -0.9059 -0.1159
vn -0.3952 -0.9135 -0.0967
vn -0.3975 -0.9129 -0.0926
vn -0.3950 -0.9147 -0.0855
vn -0.3934 -0.9151 -0.0883
vn -0.3971 -0.9135 -0.0883
vn -0.3944 -0.9143 -0.0929
vn -0.4009 -0.9114 -0.0926
vn -0.3970 -0.9125 -0.0980
vn -0.4053 -0.9088 -0.0992
vn -0.4035 -0.9098 -0.0970
vn -0.4027 -0.9097 -0.1015
vn -0.4064 -0.9091 -0.0914
vn -0.4028 -0.9121 -0.0767
vn -0.4062 -0.9119 -0.0583
vn -0.4080 -0.9127 -0.0206
vn -0.4084 -0.9127 0.0168
vn -0.3901 -0.9205 0.0231
vn -0.4106 -0.9095 0.0654
vn -0.3832 -0.9172 0.1093
vn -0.3781 -0.9090 0.1757
vn -0.3313 -0.9164 0.2246
vn -0.3169 -0.9046 0.2849
vn -0.2616 -0.9082 0.3268
vn -0.2448 -0.8977 0.3663
vn -0.1983 -0.8945 0.4007
vn -0.1829 -0.8901 0.4174
vn -0.1599 -0.8820 0.4432
vn -0.6523 0.4248 0.6277
vn -0.1443 -0.8723 0.4671
vn -0.6292 0.4382 0.6420
vn -0.1205 -0.8595 0.4967
vn -0.0946 -0.8543 0.5111
vn -0.0677 -0.8371 0.5428
vn -0.0260 -0.8227 0.5679
vn 0.0243 -0.8018 0.5970
vn 0.0748 -0.7816 0.6193
vn 0.1384 -0.7561 0.6397
vn 0.1860 -0.7387 0.6479
vn 0.2429 -0.7100 0.6609
vn 0.2876 -0.6956 0.6583
vn 0.3384 -0.6646 0.6662
vn -0.2017 0.6294 0.7505
vn 0.3949 -0.6346 0.6644
vn -0.1774 0.6383 0.7491
vn 0.3805 -0.6373 0.6701
vn -0.2074 0.6290 0.7493
vn 0.3083 -0.6726 0.6727
vn 0.8265 -0.4315 0.3614
vn 0.7986 -0.4596 0.3886
# 2138 vertex normals

vt 0.3387 0.7362 0.0000
vt 0.3443 0.7358 0.0000
vt 0.3435 0.7493 0.0000
vt 0.3383 0.7495 0.0000
vt 0.3495 0.7359 0.0000
vt 0.3482 0.7496 0.0000
vt 0.3466 0.7634 0.0000
vt 0.3422 0.7632 0.0000
vt 0.3457 0.7767 0.0000
vt 0.3417 0.7765 0.0000
vt 0.3456 0.7891 0.0000
vt 0.3421 0.7890 0.0000
vt 0.3464 0.8008 0.0000
vt 0.3434 0.8007 0.0000
vt 0.3475 0.8121 0.0000
vt 0.3448 0.8121 0.0000
vt 0.3486 0.8234 0.0000
vt 0.3461 0.8235 0.0000
vt 0.3496 0.8343 0.0000
vt 0.3474 0.8346 0.0000
vt 0.3509 0.8447 0.0000
vt 0.3488 0.8450 0.0000
vt 0.3524 0.8542 0.0000
vt 0.3504 0.8547 0.0000
vt 0.3483 0.8551 0.0000
vt 0.3466 0.8454 0.0000
vt 0.3462 0.8556 0.0000
vt 0.3444 0.8458 0.0000
vt 0.3439 0.8561 0.0000
vt 0.3421 0.8463 0.0000
vt 0.3415 0.8567 0.0000
vt 0.3397 0.8467 0.0000
vt 0.3391 0.8572 0.0000
vt 0.3373 0.8472 0.0000
vt 0.3367 0.8578 0.0000
vt 0.3349 0.8477 0.0000
vt 0.3344 0.8584 0.0000
vt 0.3327 0.8482 0.0000
vt 0.3323 0.8589 0.0000
vt 0.3306 0.8487 0.0000
vt 0.3304 0.8594 0.0000
vt 0.3287 0.8492 0.0000
vt 0.3287 0.8599 0.0000
vt 0.3271 0.8496 0.0000
vt 0.3094 0.8685 0.0000
vt 0.3080 0.8692 0.0000
vt 0.3049 0.8592 0.0000
vt 0.3063 0.8587 0.0000
vt 0.3069 0.8697 0.0000
vt 0.3037 0.8597 0.0000
vt 0.3057 0.8703 0.0000
vt 0.3025 0.8602 0.0000
vt 0.3046 0.8708 0.0000
vt 0.3014 0.8607 0.0000
vt 0.3035 0.8714 0.0000
vt 0.3002 0.8613 0.0000
vt 0.3023 0.8721 0.0000
vt 0.2990 0.8619 0.0000
vt 0.3009 0.8728 0.0000
vt 0.2976 0.8626 0.0000
vt 0.2993 0.8736 0.0000
vt 0.2960 0.8634 0.0000
vt 0.2976 0.8745 0.0000
vt 0.2943 0.8643 0.0000
vt 0.2959 0.8755 0.0000
vt 0.2925 0.8653 0.0000
vt 0.2940 0.8766 0.0000
vt 0.2906 0.8663 0.0000
vt 0.2922 0.8776 0.0000
vt 0.2887 0.8674 0.0000
vt 0.2904 0.8787 0.0000
vt 0.2869 0.8685 0.0000
vt 0.2887 0.8798 0.0000
vt 0.2851 0.8696 0.0000
vt 0.2871 0.8808 0.0000
vt 0.2834 0.8707 0.0000
vt 0.1680 0.9129 0.0000
vt 0.1662 0.9132 0.0000
vt 0.1665 0.9025 0.0000
vt 0.1683 0.9021 0.0000
vt 0.1646 0.9134 0.0000
vt 0.1647 0.9028 0.0000
vt 0.1630 0.9136 0.0000
vt 0.1630 0.9031 0.0000
vt 0.1615 0.9138 0.0000
vt 0.1613 0.9034 0.0000
vt 0.1601 0.9140 0.0000
vt 0.1597 0.9037 0.0000
vt 0.1586 0.9143 0.0000
vt 0.1581 0.9041 0.0000
vt 0.1572 0.9146 0.0000
vt 0.1565 0.9045 0.0000
vt 0.1558 0.9150 0.0000
vt 0.1548 0.9050 0.0000
vt 0.1543 0.9155 0.0000
vt 0.1532 0.9055 0.0000
vt 0.1527 0.9160 0.0000
vt 0.1514 0.9060 0.0000
vt 0.1510 0.9166 0.0000
vt 0.1495 0.9066 0.0000
vt 0.1492 0.9172 0.0000
vt 0.1475 0.9071 0.0000
vt 0.1473 0.9176 0.0000
vt 0.1455 0.9075 0.0000
vt 0.1435 0.8965 0.0000
vt 0.1458 0.8960 0.0000
vt 0.1412 0.8848 0.0000
vt 0.1439 0.8841 0.0000
vt 0.1466 0.8834 0.0000
vt 0.1481 0.8954 0.0000
vt 0.1492 0.8826 0.0000
vt 0.1503 0.8948 0.0000
vt 0.1518 0.8817 0.0000
vt 0.1524 0.8941 0.0000
vt 0.1542 0.8810 0.0000
vt 0.1544 0.8935 0.0000
vt 0.1564 0.8803 0.0000
vt 0.1563 0.8929 0.0000
vt 0.1586 0.8797 0.0000
vt 0.1581 0.8924 0.0000
vt 0.1608 0.8792 0.0000
vt 0.1600 0.8920 0.0000
vt 0.1629 0.8787 0.0000
vt 0.1618 0.8916 0.0000
vt 0.1649 0.8783 0.0000
vt 0.1637 0.8912 0.0000
vt 0.1670 0.8780 0.0000
vt 0.1656 0.8908 0.0000
vt 0.1691 0.8778 0.0000
vt 0.1675 0.8905 0.0000
vt 0.1712 0.8775 0.0000
vt 0.1696 0.8902 0.0000
vt 0.2758 0.8472 0.0000
vt 0.2777 0.8460 0.0000
vt 0.2816 0.8582 0.0000
vt 0.2798 0.8594 0.0000
vt 0.2796 0.8449 0.0000
vt 0.2834 0.8571 0.0000
vt 0.2816 0.8437 0.0000
vt 0.2854 0.8559 0.0000
vt 0.2837 0.8427 0.0000
vt 0.2873 0.8548 0.0000
vt 0.2857 0.8417 0.0000
vt 0.2892 0.8538 0.0000
vt 0.2876 0.8407 0.0000
vt 0.2911 0.8529 0.0000
vt 0.2894 0.8399 0.0000
vt 0.2928 0.8520 0.0000
vt 0.2910 0.8392 0.0000
vt 0.2944 0.8512 0.0000
vt 0.2925 0.8385 0.0000
vt 0.2958 0.8506 0.0000
vt 0.2939 0.8380 0.0000
vt 0.2972 0.8500 0.0000
vt 0.2952 0.8375 0.0000
vt 0.2984 0.8495 0.0000
vt 0.2964 0.8370 0.0000
vt 0.2995 0.8490 0.0000
vt 0.2976 0.8366 0.0000
vt 0.3007 0.8485 0.0000
vt 0.2989 0.8362 0.0000
vt 0.3020 0.8481 0.0000
vt 0.3004 0.8358 0.0000
vt 0.3034 0.8476 0.0000
vt 0.3226 0.8265 0.0000
vt 0.3243 0.8262 0.0000
vt 0.3268 0.8380 0.0000
vt 0.3251 0.8384 0.0000
vt 0.3262 0.8258 0.0000
vt 0.3287 0.8376 0.0000
vt 0.3284 0.8254 0.0000
vt 0.3308 0.8371 0.0000
vt 0.3308 0.8251 0.0000
vt 0.3330 0.8367 0.0000
vt 0.3333 0.8247 0.0000
vt 0.3354 0.8363 0.0000
vt 0.3379 0.8359 0.0000
vt 0.3359 0.8244 0.0000
vt 0.3385 0.8241 0.0000
vt 0.3403 0.8355 0.0000
vt 0.3411 0.8239 0.0000
vt 0.3427 0.8351 0.0000
vt 0.3436 0.8237 0.0000
vt 0.3451 0.8348 0.0000
vt 0.3392 0.8123 0.0000
vt 0.3420 0.8122 0.0000
vt 0.3370 0.8007 0.0000
vt 0.3403 0.8007 0.0000
vt 0.3348 0.7891 0.0000
vt 0.3386 0.7890 0.0000
vt 0.3331 0.7770 0.0000
vt 0.3376 0.7766 0.0000
vt 0.3324 0.7639 0.0000
vt 0.3376 0.7633 0.0000
vt 0.3325 0.7502 0.0000
vt 0.3324 0.7370 0.0000
vt 0.3259 0.7512 0.0000
vt 0.3252 0.7382 0.0000
vt 0.3180 0.7526 0.0000
vt 0.3166 0.7398 0.0000
vt 0.3097 0.7540 0.0000
vt 0.3066 0.7415 0.0000
vt 0.3037 0.7294 0.0000
vt 0.3152 0.7275 0.0000
vt 0.3010 0.7169 0.0000
vt 0.3135 0.7150 0.0000
vt 0.2984 0.7031 0.0000
vt 0.3116 0.7009 0.0000
vt 0.2963 0.6867 0.0000
vt 0.3094 0.6844 0.0000
vt 0.2898 0.6780 0.0000
vt 0.2954 0.6771 0.0000
vt 0.2847 0.6892 0.0000
vt 0.2840 0.6790 0.0000
vt 0.2387 0.7229 0.0000
vt 0.2344 0.7254 0.0000
vt 0.2291 0.7087 0.0000
vt 0.2336 0.7064 0.0000
vt 0.2300 0.7279 0.0000
vt 0.2244 0.7111 0.0000
vt 0.2253 0.7304 0.0000
vt 0.2193 0.7134 0.0000
vt 0.2202 0.7328 0.0000
vt 0.2139 0.7157 0.0000
vt 0.2149 0.7353 0.0000
vt 0.2084 0.7180 0.0000
vt 0.2097 0.7377 0.0000
vt 0.2028 0.7204 0.0000
vt 0.2044 0.7402 0.0000
vt 0.1971 0.7228 0.0000
vt 0.1940 0.7462 0.0000
vt 0.1882 0.7464 0.0000
vt 0.1867 0.7269 0.0000
vt 0.1929 0.7260 0.0000
vt 0.1822 0.7468 0.0000
vt 0.1801 0.7279 0.0000
vt 0.1759 0.7473 0.0000
vt 0.1731 0.7288 0.0000
vt 0.1692 0.7478 0.0000
vt 0.1660 0.7295 0.0000
vt 0.1624 0.7483 0.0000
vt 0.1590 0.7301 0.0000
vt 0.1556 0.7488 0.0000
vt 0.1523 0.7307 0.0000
vt 0.1488 0.7492 0.0000
vt 0.1458 0.7315 0.0000
vt 0.1414 0.7501 0.0000
vt 0.1389 0.7327 0.0000
vt 0.1330 0.7515 0.0000
vt 0.1306 0.7344 0.0000
vt 0.1231 0.7535 0.0000
vt 0.1201 0.7367 0.0000
vt 0.1117 0.7558 0.0000
vt 0.1073 0.7394 0.0000
vt 0.0998 0.7578 0.0000
vt 0.0944 0.7413 0.0000
vt 0.0887 0.7601 0.0000
vt 0.0827 0.7431 0.0000
vt 0.0786 0.7630 0.0000
vt 0.0723 0.7455 0.0000
vt 0.0696 0.7661 0.0000
vt 0.0631 0.7482 0.0000
vt 0.0621 0.7686 0.0000
vt 0.0555 0.7507 0.0000
vt 0.0566 0.7703 0.0000
vt 0.0497 0.7527 0.0000
vt 0.6070 0.7368 0.0000
vt 0.6104 0.7191 0.0000
vt 0.6144 0.7201 0.0000
vt 0.6108 0.7382 0.0000
vt 0.6043 0.7357 0.0000
vt 0.6077 0.7182 0.0000
vt 0.6022 0.7348 0.0000
vt 0.6056 0.7174 0.0000
vt 0.5999 0.7339 0.0000
vt 0.6034 0.7166 0.0000
vt 0.5969 0.7327 0.0000
vt 0.6004 0.7156 0.0000
vt 0.5923 0.7310 0.0000
vt 0.5958 0.7140 0.0000
vt 0.5858 0.7286 0.0000
vt 0.5892 0.7116 0.0000
vt 0.5780 0.7256 0.0000
vt 0.5809 0.7086 0.0000
vt 0.5696 0.7222 0.0000
vt 0.5720 0.7049 0.0000
vt 0.5617 0.7188 0.0000
vt 0.5637 0.7011 0.0000
vt 0.5662 0.6973 0.0000
vt 0.5728 0.6982 0.0000
vt 0.5641 0.6970 0.0000
vt 0.5574 0.6961 0.0000
vt 0.5565 0.6977 0.0000
vt 0.5566 0.6960 0.0000
vt 0.5509 0.6951 0.0000
vt 0.5506 0.6951 0.0000
vt 0.5490 0.7132 0.0000
vt 0.5441 0.7113 0.0000
vt 0.5456 0.6944 0.0000
vt 0.5453 0.6943 0.0000
vt 0.5400 0.7098 0.0000
vt 0.5415 0.6937 0.0000
vt 0.5410 0.6936 0.0000
vt 0.5361 0.7087 0.0000
vt 0.5377 0.6930 0.0000
vt 0.5371 0.6929 0.0000
vt 0.5320 0.7076 0.0000
vt 0.5338 0.6922 0.0000
vt 0.5298 0.6913 0.0000
vt 0.5272 0.7064 0.0000
vt 0.5291 0.6912 0.0000
vt 0.5240 0.6901 0.0000
vt 0.5211 0.7053 0.0000
vt 0.5233 0.6900 0.0000
vt 0.5166 0.6887 0.0000
vt 0.5136 0.7046 0.0000
vt 0.5161 0.6886 0.0000
vt 0.5111 0.6877 0.0000
vt 0.5074 0.6877 0.0000
vt 0.5047 0.7041 0.0000
vt 0.5075 0.6870 0.0000
vt 0.5071 0.6869 0.0000
vt 0.4972 0.6881 0.0000
vt 0.4977 0.6853 0.0000
vt 0.4958 0.6849 0.0000
vt 0.4863 0.6884 0.0000
vt 0.4871 0.6834 0.0000
vt 0.4842 0.6829 0.0000
vt 0.4762 0.6883 0.0000
vt 0.4772 0.6817 0.0000
vt 0.4746 0.6813 0.0000
vt 0.4687 0.6878 0.0000
vt 0.4699 0.6804 0.0000
vt 0.4681 0.6801 0.0000
vt 0.4641 0.6873 0.0000
vt 0.4654 0.6795 0.0000
vt 0.4642 0.6793 0.0000
vt 0.4612 0.6867 0.0000
vt 0.4625 0.6789 0.0000
vt 0.4617 0.6786 0.0000
vt 0.4605 0.6783 0.0000
vt 0.4592 0.6861 0.0000
vt 0.4585 0.6778 0.0000
vt 0.4572 0.6856 0.0000
vt 0.4562 0.6772 0.0000
vt 0.4548 0.6851 0.0000
vt 0.4532 0.6766 0.0000
vt 0.4518 0.6846 0.0000
vt 0.4515 0.6764 0.0000
vt 0.4479 0.6840 0.0000
vt 0.4492 0.6760 0.0000
vt 0.4470 0.6757 0.0000
vt 0.4429 0.6834 0.0000
vt 0.4441 0.6753 0.0000
vt 0.4414 0.6749 0.0000
vt 0.4368 0.6829 0.0000
vt 0.4380 0.6745 0.0000
vt 0.4349 0.6741 0.0000
vt 0.4299 0.6823 0.0000
vt 0.4310 0.6736 0.0000
vt 0.4275 0.6732 0.0000
vt 0.4223 0.6819 0.0000
vt 0.4234 0.6727 0.0000
vt 0.4194 0.6723 0.0000
vt 0.4142 0.6815 0.0000
vt 0.4152 0.6719 0.0000
vt 0.4109 0.6715 0.0000
vt 0.4059 0.6811 0.0000
vt 0.4067 0.6711 0.0000
vt 0.4021 0.6707 0.0000
vt 0.3974 0.6809 0.0000
vt 0.3980 0.6704 0.0000
vt 0.3934 0.6701 0.0000
vt 0.3890 0.6806 0.0000
vt 0.3895 0.6699 0.0000
vt 0.3849 0.6697 0.0000
vt 0.3808 0.6803 0.0000
vt 0.3811 0.6695 0.0000
vt 0.3775 0.6694 0.0000
vt 0.3730 0.6801 0.0000
vt 0.3731 0.6693 0.0000
vt 0.3697 0.6693 0.0000
vt 0.3657 0.6799 0.0000
vt 0.3657 0.6692 0.0000
vt 0.3625 0.6692 0.0000
vt 0.3590 0.6798 0.0000
vt 0.3588 0.6693 0.0000
vt 0.3559 0.6694 0.0000
vt 0.3529 0.6799 0.0000
vt 0.3527 0.6695 0.0000
vt 0.3499 0.6696 0.0000
vt 0.3472 0.6800 0.0000
vt 0.3469 0.6697 0.0000
vt 0.3441 0.6700 0.0000
vt 0.3415 0.6803 0.0000
vt 0.3410 0.6702 0.0000
vt 0.3380 0.6705 0.0000
vt 0.3354 0.6808 0.0000
vt 0.3347 0.6709 0.0000
vt 0.3311 0.6713 0.0000
vt 0.3282 0.6816 0.0000
vt 0.3275 0.6718 0.0000
vt 0.3232 0.6725 0.0000
vt 0.3198 0.6828 0.0000
vt 0.3189 0.6731 0.0000
vt 0.3135 0.6740 0.0000
vt 0.3093 0.6844 0.0000
vt 0.3082 0.6749 0.0000
vt 0.3297 0.6981 0.0000
vt 0.3216 0.6993 0.0000
vt 0.3310 0.7121 0.0000
vt 0.3231 0.7133 0.0000
vt 0.3319 0.7246 0.0000
vt 0.3243 0.7259 0.0000
vt 0.3385 0.7237 0.0000
vt 0.3378 0.7112 0.0000
vt 0.3436 0.7108 0.0000
vt 0.3442 0.7233 0.0000
vt 0.3488 0.7106 0.0000
vt 0.3495 0.7233 0.0000
vt 0.3540 0.7106 0.0000
vt 0.3547 0.7234 0.0000
vt 0.3546 0.7365 0.0000
vt 0.3602 0.7233 0.0000
vt 0.3614 0.7360 0.0000
vt 0.3560 0.7363 0.0000
vt 0.3639 0.7494 0.0000
vt 0.3589 0.7501 0.0000
vt 0.3672 0.7628 0.0000
vt 0.3627 0.7635 0.0000
vt 0.3705 0.7756 0.0000
vt 0.3664 0.7762 0.0000
vt 0.3731 0.7878 0.0000
vt 0.3696 0.7882 0.0000
vt 0.3749 0.7993 0.0000
vt 0.3717 0.7995 0.0000
vt 0.3758 0.8107 0.0000
vt 0.3729 0.8107 0.0000
vt 0.3759 0.8219 0.0000
vt 0.3733 0.8219 0.0000
vt 0.3755 0.8329 0.0000
vt 0.3732 0.8329 0.0000
vt 0.3511 0.8233 0.0000
vt 0.3519 0.8340 0.0000
vt 0.3530 0.8443 0.0000
vt 0.3747 0.8434 0.0000
vt 0.3725 0.8434 0.0000
vt 0.3734 0.8532 0.0000
vt 0.3713 0.8531 0.0000
vt 0.3544 0.8537 0.0000
vt 0.3715 0.8620 0.0000
vt 0.3695 0.8618 0.0000
vt 0.3562 0.8622 0.0000
vt 0.3543 0.8628 0.0000
vt 0.3580 0.8698 0.0000
vt 0.3562 0.8704 0.0000
vt 0.3543 0.8709 0.0000
vt 0.3524 0.8633 0.0000
vt 0.3524 0.8714 0.0000
vt 0.3504 0.8638 0.0000
vt 0.3502 0.8719 0.0000
vt 0.3482 0.8644 0.0000
vt 0.3479 0.8725 0.0000
vt 0.3459 0.8649 0.0000
vt 0.3455 0.8731 0.0000
vt 0.3435 0.8655 0.0000
vt 0.3429 0.8737 0.0000
vt 0.3410 0.8661 0.0000
vt 0.3403 0.8743 0.0000
vt 0.3385 0.8668 0.0000
vt 0.3379 0.8749 0.0000
vt 0.3361 0.8674 0.0000
vt 0.3355 0.8755 0.0000
vt 0.3339 0.8679 0.0000
vt 0.3335 0.8760 0.0000
vt 0.3319 0.8684 0.0000
vt 0.3317 0.8763 0.0000
vt 0.3302 0.8688 0.0000
vt 0.3151 0.8844 0.0000
vt 0.3115 0.8776 0.0000
vt 0.3129 0.8769 0.0000
vt 0.3165 0.8837 0.0000
vt 0.3139 0.8850 0.0000
vt 0.3103 0.8782 0.0000
vt 0.3128 0.8856 0.0000
vt 0.3092 0.8788 0.0000
vt 0.3117 0.8862 0.0000
vt 0.3081 0.8794 0.0000
vt 0.3105 0.8867 0.0000
vt 0.3070 0.8800 0.0000
vt 0.3093 0.8874 0.0000
vt 0.3058 0.8806 0.0000
vt 0.3080 0.8881 0.0000
vt 0.3044 0.8813 0.0000
vt 0.3065 0.8888 0.0000
vt 0.3029 0.8822 0.0000
vt 0.3049 0.8897 0.0000
vt 0.3012 0.8831 0.0000
vt 0.3031 0.8906 0.0000
vt 0.2995 0.8841 0.0000
vt 0.3014 0.8915 0.0000
vt 0.2977 0.8851 0.0000
vt 0.2997 0.8925 0.0000
vt 0.2959 0.8861 0.0000
vt 0.2980 0.8933 0.0000
vt 0.2941 0.8871 0.0000
vt 0.2964 0.8942 0.0000
vt 0.2925 0.8880 0.0000
vt 0.2949 0.8949 0.0000
vt 0.2910 0.8889 0.0000
vt 0.1684 0.9293 0.0000
vt 0.1670 0.9222 0.0000
vt 0.1686 0.9220 0.0000
vt 0.1699 0.9293 0.0000
vt 0.1669 0.9293 0.0000
vt 0.1654 0.9223 0.0000
vt 0.1655 0.9293 0.0000
vt 0.1640 0.9224 0.0000
vt 0.1641 0.9293 0.0000
vt 0.1626 0.9225 0.0000
vt 0.1628 0.9294 0.0000
vt 0.1612 0.9226 0.0000
vt 0.1615 0.9296 0.0000
vt 0.1599 0.9228 0.0000
vt 0.1602 0.9299 0.0000
vt 0.1585 0.9231 0.0000
vt 0.1589 0.9304 0.0000
vt 0.1572 0.9235 0.0000
vt 0.1575 0.9311 0.0000
vt 0.1558 0.9240 0.0000
vt 0.1560 0.9319 0.0000
vt 0.1543 0.9247 0.0000
vt 0.1543 0.9329 0.0000
vt 0.1526 0.9254 0.0000
vt 0.1524 0.9338 0.0000
vt 0.1508 0.9260 0.0000
vt 0.1505 0.9346 0.0000
vt 0.1490 0.9267 0.0000
vt 0.1485 0.9353 0.0000
vt 0.1471 0.9272 0.0000
vt 0.1466 0.9358 0.0000
vt 0.1453 0.9275 0.0000
vt 0.1471 0.9271 0.0000
vt 0.1436 0.9182 0.0000
vt 0.1454 0.9180 0.0000
vt 0.1415 0.9081 0.0000
vt 0.1435 0.9079 0.0000
vt 0.1391 0.8973 0.0000
vt 0.1413 0.8970 0.0000
vt 0.1362 0.8859 0.0000
vt 0.1386 0.8854 0.0000
vt 0.1326 0.8741 0.0000
vt 0.1354 0.8734 0.0000
vt 0.1279 0.8623 0.0000
vt 0.1313 0.8613 0.0000
vt 0.1221 0.8505 0.0000
vt 0.1261 0.8491 0.0000
vt 0.1147 0.8390 0.0000
vt 0.1195 0.8372 0.0000
vt 0.1062 0.8278 0.0000
vt 0.1120 0.8257 0.0000
vt 0.0976 0.8168 0.0000
vt 0.1045 0.8143 0.0000
vt 0.0898 0.8058 0.0000
vt 0.0974 0.8030 0.0000
vt 0.0826 0.7943 0.0000
vt 0.0909 0.7912 0.0000
vt 0.0760 0.7813 0.0000
vt 0.0847 0.7781 0.0000
vt 0.0758 0.7966 0.0000
vt 0.0688 0.7836 0.0000
vt 0.0707 0.7981 0.0000
vt 0.0634 0.7852 0.0000
vt 0.6009 0.7660 0.0000
vt 0.6039 0.7522 0.0000
vt 0.6075 0.7539 0.0000
vt 0.6042 0.7680 0.0000
vt 0.5985 0.7646 0.0000
vt 0.6013 0.7509 0.0000
vt 0.5964 0.7634 0.0000
vt 0.5992 0.7498 0.0000
vt 0.5941 0.7623 0.0000
vt 0.5969 0.7488 0.0000
vt 0.5910 0.7609 0.0000
vt 0.5938 0.7475 0.0000
vt 0.5865 0.7592 0.0000
vt 0.5892 0.7457 0.0000
vt 0.5804 0.7568 0.0000
vt 0.5829 0.7434 0.0000
vt 0.5732 0.7540 0.0000
vt 0.5754 0.7405 0.0000
vt 0.5657 0.7510 0.0000
vt 0.5675 0.7373 0.0000
vt 0.5586 0.7481 0.0000
vt 0.5600 0.7342 0.0000
vt 0.5524 0.7457 0.0000
vt 0.5533 0.7314 0.0000
vt 0.5548 0.7157 0.0000
vt 0.5476 0.7291 0.0000
vt 0.5428 0.7274 0.0000
vt 0.5471 0.7437 0.0000
vt 0.5427 0.7422 0.0000
vt 0.5467 0.7576 0.0000
vt 0.5427 0.7563 0.0000
vt 0.5464 0.7715 0.0000
vt 0.5427 0.7704 0.0000
vt 0.5462 0.7855 0.0000
vt 0.5428 0.7844 0.0000
vt 0.5454 0.7993 0.0000
vt 0.5425 0.7983 0.0000
vt 0.5438 0.8128 0.0000
vt 0.5413 0.8118 0.0000
vt 0.5418 0.8259 0.0000
vt 0.5396 0.8250 0.0000
vt 0.5397 0.8387 0.0000
vt 0.5377 0.8378 0.0000
vt 0.5376 0.8511 0.0000
vt 0.5357 0.8502 0.0000
vt 0.5354 0.8629 0.0000
vt 0.5336 0.8621 0.0000
vt 0.5329 0.8739 0.0000
vt 0.5312 0.8732 0.0000
vt 0.5300 0.8840 0.0000
vt 0.5283 0.8833 0.0000
vt 0.5264 0.8928 0.0000
vt 0.5248 0.8922 0.0000
vt 0.5223 0.9002 0.0000
vt 0.5207 0.8997 0.0000
vt 0.5192 0.8992 0.0000
vt 0.5233 0.8917 0.0000
vt 0.5178 0.8987 0.0000
vt 0.5219 0.8912 0.0000
vt 0.5165 0.8982 0.0000
vt 0.5205 0.8907 0.0000
vt 0.4840 0.8851 0.0000
vt 0.4825 0.8849 0.0000
vt 0.4853 0.8768 0.0000
vt 0.4868 0.8771 0.0000
vt 0.4807 0.8845 0.0000
vt 0.4835 0.8764 0.0000
vt 0.4787 0.8840 0.0000
vt 0.4816 0.8759 0.0000
vt 0.4765 0.8834 0.0000
vt 0.4796 0.8754 0.0000
vt 0.4742 0.8828 0.0000
vt 0.4774 0.8748 0.0000
vt 0.4720 0.8822 0.0000
vt 0.4753 0.8743 0.0000
vt 0.4700 0.8816 0.0000
vt 0.4734 0.8738 0.0000
vt 0.4683 0.8812 0.0000
vt 0.4717 0.8734 0.0000
vt 0.4669 0.8809 0.0000
vt 0.4702 0.8731 0.0000
vt 0.3995 0.8695 0.0000
vt 0.3983 0.8694 0.0000
vt 0.4011 0.8614 0.0000
vt 0.4023 0.8616 0.0000
vt 0.3973 0.8693 0.0000
vt 0.4001 0.8612 0.0000
vt 0.3965 0.8691 0.0000
vt 0.3991 0.8611 0.0000
vt 0.3956 0.8690 0.0000
vt 0.3982 0.8609 0.0000
vt 0.3946 0.8689 0.0000
vt 0.3971 0.8608 0.0000
vt 0.3935 0.8688 0.0000
vt 0.3960 0.8608 0.0000
vt 0.3921 0.8688 0.0000
vt 0.3946 0.8608 0.0000
vt 0.3906 0.8689 0.0000
vt 0.3931 0.8608 0.0000
vt 0.3889 0.8689 0.0000
vt 0.3913 0.8609 0.0000
vt 0.3869 0.8690 0.0000
vt 0.3894 0.8610 0.0000
vt 0.3849 0.8691 0.0000
vt 0.3873 0.8611 0.0000
vt 0.3827 0.8693 0.0000
vt 0.3851 0.8613 0.0000
vt 0.3804 0.8694 0.0000
vt 0.3828 0.8615 0.0000
vt 0.3781 0.8696 0.0000
vt 0.3805 0.8617 0.0000
vt 0.3759 0.8697 0.0000
vt 0.3781 0.8618 0.0000
vt 0.3736 0.8698 0.0000
vt 0.3758 0.8620 0.0000
vt 0.3715 0.8698 0.0000
vt 0.3736 0.8620 0.0000
vt 0.3694 0.8697 0.0000
vt 0.3695 0.8764 0.0000
vt 0.3674 0.8762 0.0000
vt 0.3655 0.8759 0.0000
vt 0.3674 0.8695 0.0000
vt 0.3659 0.8813 0.0000
vt 0.3640 0.8809 0.0000
vt 0.3604 0.8814 0.0000
vt 0.3586 0.8818 0.0000
vt 0.3577 0.8768 0.0000
vt 0.3595 0.8762 0.0000
vt 0.3569 0.8822 0.0000
vt 0.3559 0.8772 0.0000
vt 0.3551 0.8825 0.0000
vt 0.3540 0.8777 0.0000
vt 0.3532 0.8830 0.0000
vt 0.3519 0.8782 0.0000
vt 0.3509 0.8836 0.0000
vt 0.3497 0.8787 0.0000
vt 0.3485 0.8843 0.0000
vt 0.3472 0.8793 0.0000
vt 0.3480 0.8725 0.0000
vt 0.3459 0.8849 0.0000
vt 0.3446 0.8799 0.0000
vt 0.3432 0.8854 0.0000
vt 0.3420 0.8805 0.0000
vt 0.3404 0.8743 0.0000
vt 0.3406 0.8859 0.0000
vt 0.3395 0.8811 0.0000
vt 0.3383 0.8863 0.0000
vt 0.3371 0.8816 0.0000
vt 0.3363 0.8867 0.0000
vt 0.3350 0.8820 0.0000
vt 0.3346 0.8871 0.0000
vt 0.3333 0.8824 0.0000
vt 0.3209 0.8939 0.0000
vt 0.3184 0.8897 0.0000
vt 0.3197 0.8890 0.0000
vt 0.3223 0.8932 0.0000
vt 0.3197 0.8945 0.0000
vt 0.3171 0.8904 0.0000
vt 0.3186 0.8950 0.0000
vt 0.3160 0.8909 0.0000
vt 0.3174 0.8955 0.0000
vt 0.3149 0.8914 0.0000
vt 0.3163 0.8959 0.0000
vt 0.3138 0.8919 0.0000
vt 0.3152 0.8963 0.0000
vt 0.3126 0.8925 0.0000
vt 0.3140 0.8967 0.0000
vt 0.3113 0.8931 0.0000
vt 0.3127 0.8973 0.0000
vt 0.3099 0.8938 0.0000
vt 0.3112 0.8980 0.0000
vt 0.3083 0.8945 0.0000
vt 0.3096 0.8987 0.0000
vt 0.3066 0.8953 0.0000
vt 0.3079 0.8994 0.0000
vt 0.3049 0.8962 0.0000
vt 0.3062 0.9001 0.0000
vt 0.3032 0.8970 0.0000
vt 0.3046 0.9007 0.0000
vt 0.3016 0.8977 0.0000
vt 0.3032 0.9012 0.0000
vt 0.3001 0.8984 0.0000
vt 0.3018 0.9018 0.0000
vt 0.2986 0.8991 0.0000
vt 0.1718 0.9388 0.0000
vt 0.1701 0.9347 0.0000
vt 0.1716 0.9348 0.0000
vt 0.1732 0.9389 0.0000
vt 0.1705 0.9387 0.0000
vt 0.1687 0.9346 0.0000
vt 0.1691 0.9387 0.0000
vt 0.1673 0.9346 0.0000
vt 0.1677 0.9387 0.0000
vt 0.1660 0.9346 0.0000
vt 0.1663 0.9388 0.0000
vt 0.1646 0.9347 0.0000
vt 0.1649 0.9391 0.0000
vt 0.1633 0.9349 0.0000
vt 0.1636 0.9394 0.0000
vt 0.1619 0.9353 0.0000
vt 0.1623 0.9401 0.0000
vt 0.1606 0.9359 0.0000
vt 0.1611 0.9411 0.0000
vt 0.1593 0.9368 0.0000
vt 0.1598 0.9426 0.0000
vt 0.1578 0.9379 0.0000
vt 0.1581 0.9445 0.0000
vt 0.1561 0.9392 0.0000
vt 0.1561 0.9464 0.0000
vt 0.1541 0.9405 0.0000
vt 0.1536 0.9481 0.0000
vt 0.1519 0.9417 0.0000
vt 0.1510 0.9495 0.0000
vt 0.1497 0.9427 0.0000
vt 0.1485 0.9505 0.0000
vt 0.1477 0.9434 0.0000
vt 0.1463 0.9511 0.0000
vt 0.1458 0.9439 0.0000
vt 0.1446 0.9511 0.0000
vt 0.1443 0.9440 0.0000
vt 0.1435 0.9362 0.0000
vt 0.1449 0.9361 0.0000
vt 0.1422 0.9277 0.0000
vt 0.1437 0.9277 0.0000
vt 0.1404 0.9183 0.0000
vt 0.1419 0.9183 0.0000
vt 0.1381 0.9083 0.0000
vt 0.1397 0.9082 0.0000
vt 0.1353 0.8976 0.0000
vt 0.1371 0.8975 0.0000
vt 0.1320 0.8864 0.0000
vt 0.1340 0.8862 0.0000
vt 0.1279 0.8752 0.0000
vt 0.1300 0.8747 0.0000
vt 0.1226 0.8639 0.0000
vt 0.1251 0.8632 0.0000
vt 0.1160 0.8528 0.0000
vt 0.1187 0.8518 0.0000
vt 0.1075 0.8420 0.0000
vt 0.1106 0.8406 0.0000
vt 0.0976 0.8313 0.0000
vt 0.1013 0.8297 0.0000
vt 0.0877 0.8205 0.0000
vt 0.0919 0.8189 0.0000
vt 0.0786 0.8096 0.0000
vt 0.0834 0.8080 0.0000
vt 0.5935 0.7923 0.0000
vt 0.5977 0.7792 0.0000
vt 0.6007 0.7813 0.0000
vt 0.5960 0.7944 0.0000
vt 0.5916 0.7908 0.0000
vt 0.5955 0.7777 0.0000
vt 0.5898 0.7896 0.0000
vt 0.5935 0.7765 0.0000
vt 0.5878 0.7885 0.0000
vt 0.5913 0.7754 0.0000
vt 0.5850 0.7871 0.0000
vt 0.5882 0.7740 0.0000
vt 0.5808 0.7853 0.0000
vt 0.5838 0.7722 0.0000
vt 0.5754 0.7831 0.0000
vt 0.5779 0.7699 0.0000
vt 0.5691 0.7804 0.0000
vt 0.5711 0.7672 0.0000
vt 0.5625 0.7777 0.0000
vt 0.5641 0.7643 0.0000
vt 0.5563 0.7753 0.0000
vt 0.5574 0.7617 0.0000
vt 0.5509 0.7732 0.0000
vt 0.5516 0.7594 0.0000
vt 0.5551 0.7890 0.0000
vt 0.5503 0.7870 0.0000
vt 0.5528 0.8026 0.0000
vt 0.5488 0.8008 0.0000
vt 0.5500 0.8158 0.0000
vt 0.5467 0.8142 0.0000
vt 0.5473 0.8287 0.0000
vt 0.5444 0.8272 0.0000
vt 0.5446 0.8412 0.0000
vt 0.5420 0.8398 0.0000
vt 0.5420 0.8533 0.0000
vt 0.5397 0.8521 0.0000
vt 0.5394 0.8648 0.0000
vt 0.5374 0.8638 0.0000
vt 0.5367 0.8756 0.0000
vt 0.5348 0.8747 0.0000
vt 0.5336 0.8855 0.0000
vt 0.5317 0.8847 0.0000
vt 0.5301 0.8942 0.0000
vt 0.5282 0.8935 0.0000
vt 0.5261 0.9016 0.0000
vt 0.5242 0.9009 0.0000
vt 0.5221 0.9076 0.0000
vt 0.5200 0.9069 0.0000
vt 0.5181 0.9062 0.0000
vt 0.5164 0.9116 0.0000
vt 0.5144 0.9109 0.0000
vt 0.5128 0.9103 0.0000
vt 0.5164 0.9057 0.0000
vt 0.5114 0.9098 0.0000
vt 0.5149 0.9052 0.0000
vt 0.5102 0.9094 0.0000
vt 0.5137 0.9048 0.0000
vt 0.5090 0.9091 0.0000
vt 0.5124 0.9044 0.0000
vt 0.4787 0.8972 0.0000
vt 0.4773 0.8971 0.0000
vt 0.4796 0.8916 0.0000
vt 0.4811 0.8919 0.0000
vt 0.4756 0.8968 0.0000
vt 0.4779 0.8913 0.0000
vt 0.4734 0.8964 0.0000
vt 0.4758 0.8908 0.0000
vt 0.4709 0.8958 0.0000
vt 0.4735 0.8902 0.0000
vt 0.4684 0.8951 0.0000
vt 0.4710 0.8895 0.0000
vt 0.4659 0.8943 0.0000
vt 0.4687 0.8889 0.0000
vt 0.4639 0.8938 0.0000
vt 0.4666 0.8883 0.0000
vt 0.4622 0.8934 0.0000
vt 0.4649 0.8879 0.0000
vt 0.4610 0.8933 0.0000
vt 0.4635 0.8877 0.0000
vt 0.3950 0.8824 0.0000
vt 0.3940 0.8824 0.0000
vt 0.3959 0.8765 0.0000
vt 0.3970 0.8765 0.0000
vt 0.3931 0.8823 0.0000
vt 0.3949 0.8764 0.0000
vt 0.3922 0.8822 0.0000
vt 0.3941 0.8762 0.0000
vt 0.3913 0.8820 0.0000
vt 0.3932 0.8761 0.0000
vt 0.3904 0.8818 0.0000
vt 0.3923 0.8760 0.0000
vt 0.3894 0.8816 0.0000
vt 0.3912 0.8759 0.0000
vt 0.3882 0.8816 0.0000
vt 0.3899 0.8759 0.0000
vt 0.3867 0.8817 0.0000
vt 0.3884 0.8759 0.0000
vt 0.3849 0.8818 0.0000
vt 0.3866 0.8760 0.0000
vt 0.3828 0.8819 0.0000
vt 0.3847 0.8761 0.0000
vt 0.3806 0.8818 0.0000
vt 0.3826 0.8761 0.0000
vt 0.3784 0.8817 0.0000
vt 0.3804 0.8762 0.0000
vt 0.3763 0.8817 0.0000
vt 0.3782 0.8763 0.0000
vt 0.3743 0.8817 0.0000
vt 0.3760 0.8763 0.0000
vt 0.3722 0.8817 0.0000
vt 0.3738 0.8764 0.0000
vt 0.3701 0.8816 0.0000
vt 0.3716 0.8764 0.0000
vt 0.3679 0.8815 0.0000
vt 0.3691 0.8856 0.0000
vt 0.3669 0.8855 0.0000
vt 0.3701 0.8817 0.0000
vt 0.3647 0.8853 0.0000
vt 0.1744 0.9838 0.0000
vt 0.1760 0.9822 0.0000
vt 0.1781 0.9852 0.0000
vt 0.1765 0.9868 0.0000
vt 0.1777 0.9810 0.0000
vt 0.1797 0.9840 0.0000
vt 0.1795 0.9801 0.0000
vt 0.1813 0.9829 0.0000
vt 0.3608 0.8855 0.0000
vt 0.3590 0.8857 0.0000
vt 0.1811 0.9795 0.0000
vt 0.1828 0.9818 0.0000
vt 0.3573 0.8859 0.0000
vt 0.1823 0.9792 0.0000
vt 0.1839 0.9805 0.0000
vt 0.3557 0.8861 0.0000
vt 0.1821 0.9776 0.0000
vt 0.1846 0.9786 0.0000
vt 0.1822 0.9752 0.0000
vt 0.1851 0.9762 0.0000
vt 0.1824 0.9725 0.0000
vt 0.1855 0.9735 0.0000
vt 0.1830 0.9698 0.0000
vt 0.1862 0.9708 0.0000
vt 0.1839 0.9672 0.0000
vt 0.1869 0.9682 0.0000
vt 0.1850 0.9648 0.0000
vt 0.1878 0.9657 0.0000
vt 0.3414 0.8896 0.0000
vt 0.3440 0.8893 0.0000
vt 0.1861 0.9629 0.0000
vt 0.1885 0.9634 0.0000
vt 0.3391 0.8898 0.0000
vt 0.1869 0.9617 0.0000
vt 0.1888 0.9614 0.0000
vt 0.3373 0.8900 0.0000
vt 0.1862 0.9608 0.0000
vt 0.1885 0.9598 0.0000
vt 0.1853 0.9596 0.0000
vt 0.1879 0.9583 0.0000
vt 0.1845 0.9583 0.0000
vt 0.1872 0.9569 0.0000
vt 0.3216 0.8977 0.0000
vt 0.3229 0.8970 0.0000
vt 0.1839 0.9570 0.0000
vt 0.1867 0.9557 0.0000
vt 0.3204 0.8981 0.0000
vt 0.1836 0.9557 0.0000
vt 0.1862 0.9544 0.0000
vt 0.3192 0.8985 0.0000
vt 0.1836 0.9544 0.0000
vt 0.1859 0.9532 0.0000
vt 0.3181 0.8988 0.0000
vt 0.1838 0.9532 0.0000
vt 0.1856 0.9520 0.0000
vt 0.3169 0.8990 0.0000
vt 0.1839 0.9523 0.0000
vt 0.1849 0.9510 0.0000
vt 0.3158 0.8992 0.0000
vt 0.1828 0.9521 0.0000
vt 0.1839 0.9501 0.0000
vt 0.1812 0.9515 0.0000
vt 0.1824 0.9493 0.0000
vt 0.1793 0.9505 0.0000
vt 0.1809 0.9482 0.0000
vt 0.1772 0.9489 0.0000
vt 0.1794 0.9469 0.0000
vt 0.1768 0.9469 0.0000
vt 0.1783 0.9454 0.0000
vt 0.3082 0.9025 0.0000
vt 0.3099 0.9020 0.0000
vt 0.1762 0.9456 0.0000
vt 0.1772 0.9440 0.0000
vt 0.3067 0.9028 0.0000
vt 0.1755 0.9444 0.0000
vt 0.1759 0.9428 0.0000
vt 0.3053 0.9032 0.0000
vt 0.1748 0.9435 0.0000
vt 0.1745 0.9419 0.0000
vt 0.3041 0.9035 0.0000
vt 0.1741 0.9437 0.0000
vt 0.1733 0.9417 0.0000
vt 0.1731 0.9439 0.0000
vt 0.1720 0.9417 0.0000
vt 0.1720 0.9440 0.0000
vt 0.1707 0.9417 0.0000
vt 0.1706 0.9442 0.0000
vt 0.1693 0.9418 0.0000
vt 0.1691 0.9445 0.0000
vt 0.1678 0.9420 0.0000
vt 0.1674 0.9447 0.0000
vt 0.1663 0.9422 0.0000
vt 0.1659 0.9448 0.0000
vt 0.1650 0.9425 0.0000
vt 0.1648 0.9448 0.0000
vt 0.1638 0.9431 0.0000
vt 0.1646 0.9461 0.0000
vt 0.1629 0.9443 0.0000
vt 0.1644 0.9483 0.0000
vt 0.1620 0.9462 0.0000
vt 0.1644 0.9516 0.0000
vt 0.1608 0.9488 0.0000
vt 0.1656 0.9604 0.0000
vt 0.1588 0.9521 0.0000
vt 0.1577 0.9611 0.0000
vt 0.1556 0.9544 0.0000
vt 0.1543 0.9621 0.0000
vt 0.1525 0.9559 0.0000
vt 0.1518 0.9642 0.0000
vt 0.1497 0.9574 0.0000
vt 0.1486 0.9688 0.0000
vt 0.1468 0.9582 0.0000
vt 0.1444 0.9631 0.0000
vt 0.1442 0.9578 0.0000
vt 0.1425 0.9615 0.0000
vt 0.1419 0.9579 0.0000
vt 0.5258 0.9209 0.0000
vt 0.5294 0.9178 0.0000
vt 0.5300 0.9189 0.0000
vt 0.5260 0.9227 0.0000
vt 0.5256 0.9198 0.0000
vt 0.5290 0.9169 0.0000
vt 0.5330 0.9128 0.0000
vt 0.5337 0.9136 0.0000
vt 0.5373 0.9074 0.0000
vt 0.5381 0.9081 0.0000
vt 0.5374 0.9074 0.0000
vt 0.5416 0.9006 0.0000
vt 0.5425 0.9014 0.0000
vt 0.5457 0.8926 0.0000
vt 0.5467 0.8935 0.0000
vt 0.5497 0.8835 0.0000
vt 0.5508 0.8844 0.0000
vt 0.5536 0.8736 0.0000
vt 0.5548 0.8745 0.0000
vt 0.5577 0.8630 0.0000
vt 0.5590 0.8640 0.0000
vt 0.5622 0.8520 0.0000
vt 0.5636 0.8530 0.0000
vt 0.5673 0.8407 0.0000
vt 0.5687 0.8418 0.0000
vt 0.5731 0.8291 0.0000
vt 0.5745 0.8303 0.0000
vt 0.5794 0.8169 0.0000
vt 0.5809 0.8182 0.0000
vt 0.5859 0.8039 0.0000
vt 0.5876 0.8053 0.0000
vt 0.5780 0.8158 0.0000
vt 0.5844 0.8028 0.0000
vt 0.5764 0.8147 0.0000
vt 0.5826 0.8017 0.0000
vt 0.5741 0.8134 0.0000
vt 0.5800 0.8004 0.0000
vt 0.5709 0.8116 0.0000
vt 0.5764 0.7986 0.0000
vt 0.5667 0.8095 0.0000
vt 0.5716 0.7963 0.0000
vt 0.5620 0.8071 0.0000
vt 0.5661 0.7938 0.0000
vt 0.5573 0.8047 0.0000
vt 0.5604 0.7913 0.0000
vt 0.5578 0.8199 0.0000
vt 0.5538 0.8178 0.0000
vt 0.5538 0.8322 0.0000
vt 0.5504 0.8304 0.0000
vt 0.5502 0.8443 0.0000
vt 0.5474 0.8427 0.0000
vt 0.5469 0.8560 0.0000
vt 0.5445 0.8546 0.0000
vt 0.5438 0.8672 0.0000
vt 0.5416 0.8660 0.0000
vt 0.5407 0.8777 0.0000
vt 0.5387 0.8766 0.0000
vt 0.5375 0.8873 0.0000
vt 0.5356 0.8864 0.0000
vt 0.5339 0.8959 0.0000
vt 0.5320 0.8950 0.0000
vt 0.5301 0.9031 0.0000
vt 0.5281 0.9024 0.0000
vt 0.5261 0.9090 0.0000
vt 0.5241 0.9083 0.0000
vt 0.5226 0.9135 0.0000
vt 0.5207 0.9129 0.0000
vt 0.5185 0.9122 0.0000
vt 0.5182 0.9163 0.0000
vt 0.5161 0.9158 0.0000
vt 0.5139 0.9151 0.0000
vt 0.1399 0.9694 0.0000
vt 0.1400 0.9718 0.0000
vt 0.1371 0.9715 0.0000
vt 0.1370 0.9690 0.0000
vt 0.1401 0.9741 0.0000
vt 0.1371 0.9738 0.0000
vt 0.1400 0.9762 0.0000
vt 0.1371 0.9759 0.0000
vt 0.1398 0.9778 0.0000
vt 0.1372 0.9777 0.0000
vt 0.1395 0.9788 0.0000
vt 0.1374 0.9790 0.0000
vt 0.5088 0.9132 0.0000
vt 0.5078 0.9128 0.0000
vt 0.1403 0.9792 0.0000
vt 0.1379 0.9801 0.0000
vt 0.1413 0.9799 0.0000
vt 0.1388 0.9813 0.0000
vt 0.1425 0.9812 0.0000
vt 0.1399 0.9829 0.0000
vt 0.1439 0.9830 0.0000
vt 0.1412 0.9849 0.0000
vt 0.1454 0.9854 0.0000
vt 0.1428 0.9874 0.0000
vt 0.4720 0.9007 0.0000
vt 0.4694 0.9002 0.0000
vt 0.1469 0.9881 0.0000
vt 0.1443 0.9901 0.0000
vt 0.4667 0.8994 0.0000
vt 0.1482 0.9906 0.0000
vt 0.1459 0.9925 0.0000
vt 0.4642 0.8985 0.0000
vt 0.1489 0.9924 0.0000
vt 0.1473 0.9943 0.0000
vt 0.4623 0.8979 0.0000
vt 0.1499 0.9922 0.0000
vt 0.1487 0.9952 0.0000
vt 0.1509 0.9920 0.0000
vt 0.1500 0.9956 0.0000
vt 0.1520 0.9920 0.0000
vt 0.1511 0.9959 0.0000
vt 0.1530 0.9922 0.0000
vt 0.1523 0.9962 0.0000
vt 0.3931 0.8871 0.0000
vt 0.3921 0.8871 0.0000
vt 0.1542 0.9928 0.0000
vt 0.1534 0.9967 0.0000
vt 0.3911 0.8869 0.0000
vt 0.3901 0.8865 0.0000
vt 0.1553 0.9936 0.0000
vt 0.1546 0.9973 0.0000
vt 0.1563 0.9946 0.0000
vt 0.1559 0.9978 0.0000
vt 0.3891 0.8861 0.0000
vt 0.1570 0.9954 0.0000
vt 0.1571 0.9978 0.0000
vt 0.3882 0.8859 0.0000
vt 0.1576 0.9942 0.0000
vt 0.1584 0.9972 0.0000
vt 0.1586 0.9924 0.0000
vt 0.1598 0.9959 0.0000
vt 0.1599 0.9902 0.0000
vt 0.1613 0.9943 0.0000
vt 0.1620 0.9870 0.0000
vt 0.1632 0.9929 0.0000
vt 0.1653 0.9878 0.0000
vt 0.1654 0.9924 0.0000
vt 0.3814 0.8867 0.0000
vt 0.3790 0.8864 0.0000
vt 0.1678 0.9884 0.0000
vt 0.1677 0.9923 0.0000
vt 0.3768 0.8861 0.0000
vt 0.1698 0.9889 0.0000
vt 0.1699 0.9921 0.0000
vt 0.3749 0.8857 0.0000
vt 0.1711 0.9892 0.0000
vt 0.1717 0.9914 0.0000
vt 0.3731 0.8855 0.0000
vt 0.1719 0.9878 0.0000
vt 0.1734 0.9901 0.0000
vt 0.1730 0.9858 0.0000
vt 0.1749 0.9885 0.0000
vt 0.1702 0.9861 0.0000
vt 0.1710 0.9834 0.0000
vt 0.1722 0.9809 0.0000
vt 0.1685 0.9809 0.0000
vt 0.1696 0.9775 0.0000
vt 0.1714 0.9751 0.0000
vt 0.1739 0.9789 0.0000
vt 0.1740 0.9740 0.0000
vt 0.1758 0.9777 0.0000
vt 0.1780 0.9772 0.0000
vt 0.1768 0.9739 0.0000
vt 0.1795 0.9744 0.0000
vt 0.1801 0.9772 0.0000
vt 0.1761 0.9704 0.0000
vt 0.1794 0.9714 0.0000
vt 0.1764 0.9671 0.0000
vt 0.1798 0.9686 0.0000
vt 0.1779 0.9645 0.0000
vt 0.1810 0.9660 0.0000
vt 0.1803 0.9626 0.0000
vt 0.1826 0.9638 0.0000
vt 0.1828 0.9610 0.0000
vt 0.1844 0.9621 0.0000
vt 0.1782 0.9609 0.0000
vt 0.1815 0.9596 0.0000
vt 0.1771 0.9589 0.0000
vt 0.1808 0.9581 0.0000
vt 0.1772 0.9569 0.0000
vt 0.1807 0.9565 0.0000
vt 0.1783 0.9550 0.0000
vt 0.1812 0.9550 0.0000
vt 0.1797 0.9532 0.0000
vt 0.1819 0.9535 0.0000
vt 0.1753 0.9543 0.0000
vt 0.1774 0.9524 0.0000
vt 0.1727 0.9529 0.0000
vt 0.1751 0.9512 0.0000
vt 0.1707 0.9510 0.0000
vt 0.1730 0.9499 0.0000
vt 0.1693 0.9489 0.0000
vt 0.1714 0.9483 0.0000
vt 0.1683 0.9468 0.0000
vt 0.1702 0.9465 0.0000
vt 0.1669 0.9491 0.0000
vt 0.1665 0.9468 0.0000
vt 0.1679 0.9519 0.0000
vt 0.1701 0.9549 0.0000
vt 0.1718 0.9461 0.0000
vt 0.1731 0.9475 0.0000
vt 0.1731 0.9457 0.0000
vt 0.1742 0.9468 0.0000
vt 0.1754 0.9472 0.0000
vt 0.1747 0.9485 0.0000
vt 0.1746 0.9463 0.0000
vt 0.1753 0.9462 0.0000
vt 0.1740 0.9454 0.0000
vt 0.1748 0.9452 0.0000
vt 0.1736 0.9565 0.0000
vt 0.1731 0.9595 0.0000
vt 0.1750 0.9625 0.0000
vt 0.1726 0.9653 0.0000
vt 0.1725 0.9697 0.0000
vt 0.1689 0.9703 0.0000
vt 0.1665 0.9736 0.0000
vt 0.1628 0.9697 0.0000
vt 0.1655 0.9782 0.0000
vt 0.1623 0.9754 0.0000
vt 0.1652 0.9829 0.0000
vt 0.1622 0.9807 0.0000
vt 0.1589 0.9824 0.0000
vt 0.1593 0.9777 0.0000
vt 0.1563 0.9784 0.0000
vt 0.1567 0.9743 0.0000
vt 0.1573 0.9716 0.0000
vt 0.1593 0.9730 0.0000
vt 0.1561 0.9678 0.0000
vt 0.1589 0.9676 0.0000
vt 0.1543 0.9700 0.0000
vt 0.1535 0.9744 0.0000
vt 0.1536 0.9798 0.0000
vt 0.1512 0.9784 0.0000
vt 0.1540 0.9847 0.0000
vt 0.1523 0.9837 0.0000
vt 0.1542 0.9890 0.0000
vt 0.1529 0.9882 0.0000
vt 0.1557 0.9868 0.0000
vt 0.1555 0.9903 0.0000
vt 0.1567 0.9921 0.0000
vt 0.1573 0.9894 0.0000
vt 0.1559 0.9828 0.0000
vt 0.1581 0.9863 0.0000
vt 0.1518 0.9881 0.0000
vt 0.1508 0.9839 0.0000
vt 0.1507 0.9885 0.0000
vt 0.1497 0.9849 0.0000
vt 0.1496 0.9894 0.0000
vt 0.1485 0.9863 0.0000
vt 0.1470 0.9834 0.0000
vt 0.1482 0.9813 0.0000
vt 0.1454 0.9809 0.0000
vt 0.1465 0.9784 0.0000
vt 0.1473 0.9754 0.0000
vt 0.1494 0.9794 0.0000
vt 0.1448 0.9767 0.0000
vt 0.1452 0.9737 0.0000
vt 0.1449 0.9698 0.0000
vt 0.1438 0.9662 0.0000
vt 0.1434 0.9706 0.0000
vt 0.1430 0.9679 0.0000
vt 0.1420 0.9714 0.0000
vt 0.1418 0.9689 0.0000
vt 0.1397 0.9671 0.0000
vt 0.1414 0.9667 0.0000
vt 0.1394 0.9652 0.0000
vt 0.1407 0.9648 0.0000
vt 0.1390 0.9638 0.0000
vt 0.1397 0.9631 0.0000
vt 0.1372 0.9627 0.0000
vt 0.1376 0.9612 0.0000
vt 0.1382 0.9599 0.0000
vt 0.1402 0.9621 0.0000
vt 0.1397 0.9632 0.0000
vt 0.1388 0.9588 0.0000
vt 0.1405 0.9610 0.0000
vt 0.1395 0.9580 0.0000
vt 0.1406 0.9601 0.0000
vt 0.1405 0.9578 0.0000
vt 0.1413 0.9607 0.0000
vt 0.5279 0.9159 0.0000
vt 0.5285 0.9163 0.0000
vt 0.5254 0.9192 0.0000
vt 0.5248 0.9188 0.0000
vt 0.5316 0.9116 0.0000
vt 0.5324 0.9122 0.0000
vt 0.5357 0.9060 0.0000
vt 0.5366 0.9067 0.0000
vt 0.5398 0.8991 0.0000
vt 0.5407 0.8998 0.0000
vt 0.5436 0.8909 0.0000
vt 0.5447 0.8917 0.0000
vt 0.5474 0.8817 0.0000
vt 0.5486 0.8826 0.0000
vt 0.5511 0.8716 0.0000
vt 0.5524 0.8726 0.0000
vt 0.5550 0.8610 0.0000
vt 0.5564 0.8620 0.0000
vt 0.5594 0.8499 0.0000
vt 0.5609 0.8510 0.0000
vt 0.5644 0.8386 0.0000
vt 0.5660 0.8397 0.0000
vt 0.5702 0.8270 0.0000
vt 0.5717 0.8281 0.0000
vt 0.5625 0.8374 0.0000
vt 0.5680 0.8257 0.0000
vt 0.5600 0.8359 0.0000
vt 0.5652 0.8240 0.0000
vt 0.5570 0.8341 0.0000
vt 0.5617 0.8220 0.0000
vt 0.5555 0.8474 0.0000
vt 0.5530 0.8459 0.0000
vt 0.5515 0.8587 0.0000
vt 0.5493 0.8574 0.0000
vt 0.5479 0.8695 0.0000
vt 0.5459 0.8683 0.0000
vt 0.5444 0.8798 0.0000
vt 0.5427 0.8787 0.0000
vt 0.5410 0.8892 0.0000
vt 0.5393 0.8883 0.0000
vt 0.5373 0.8975 0.0000
vt 0.5357 0.8967 0.0000
vt 0.5334 0.9047 0.0000
vt 0.5318 0.9039 0.0000
vt 0.5294 0.9104 0.0000
vt 0.5279 0.9097 0.0000
vt 0.5258 0.9148 0.0000
vt 0.5244 0.9141 0.0000
vt 0.5229 0.9178 0.0000
vt 0.5217 0.9172 0.0000
vt 0.5307 0.9110 0.0000
vt 0.5270 0.9153 0.0000
vt 0.5240 0.9184 0.0000
vt 0.5347 0.9054 0.0000
vt 0.5386 0.8983 0.0000
vt 0.5424 0.8901 0.0000
vt 0.5460 0.8807 0.0000
vt 0.5496 0.8706 0.0000
vt 0.5534 0.8599 0.0000
vt 0.5459 0.8684 0.0000
vt 0.5577 0.8488 0.0000
vt 0.1416 0.9625 0.0000
vt 0.1426 0.9640 0.0000
vt 0.1423 0.9657 0.0000
vt 0.1414 0.9639 0.0000
vt 0.5202 0.9168 0.0000
vt 0.1370 0.9645 0.0000
vt 0.1370 0.9666 0.0000
vt 0.1436 0.9735 0.0000
vt 0.1421 0.9739 0.0000
vt 0.1433 0.9761 0.0000
vt 0.1419 0.9761 0.0000
vt 0.1427 0.9782 0.0000
vt 0.1414 0.9779 0.0000
vt 0.1440 0.9792 0.0000
vt 0.1679 0.9846 0.0000
vt 0.3712 0.8855 0.0000
vt 0.3836 0.8865 0.0000
vt 0.3856 0.8863 0.0000
vt 0.3871 0.8860 0.0000
vt 0.3941 0.8871 0.0000
vt 0.4609 0.8978 0.0000
vt 0.4599 0.8979 0.0000
vt 0.4742 0.9010 0.0000
vt 0.4759 0.9011 0.0000
vt 0.4772 0.9010 0.0000
vt 0.5068 0.9127 0.0000
vt 0.5102 0.9138 0.0000
vt 0.5119 0.9145 0.0000
vt 0.5897 0.8074 0.0000
vt 0.5828 0.8199 0.0000
vt 0.5762 0.8318 0.0000
vt 0.5703 0.8431 0.0000
vt 0.5651 0.8542 0.0000
vt 0.5605 0.8651 0.0000
vt 0.5561 0.8756 0.0000
vt 0.5519 0.8854 0.0000
vt 0.5478 0.8944 0.0000
vt 0.5435 0.9023 0.0000
vt 0.5390 0.9090 0.0000
vt 0.5345 0.9145 0.0000
vt 0.3117 0.9013 0.0000
vt 0.3133 0.9005 0.0000
vt 0.3147 0.8998 0.0000
vt 0.3241 0.8963 0.0000
vt 0.3359 0.8904 0.0000
vt 0.3467 0.8888 0.0000
vt 0.3493 0.8881 0.0000
vt 0.3518 0.8874 0.0000
vt 0.3540 0.8867 0.0000
vt 0.3628 0.8849 0.0000
vt 0.3756 0.8532 0.0000
vt 0.3779 0.8531 0.0000
vt 0.3770 0.8434 0.0000
vt 0.3794 0.8433 0.0000
vt 0.3819 0.8432 0.0000
vt 0.3802 0.8530 0.0000
vt 0.3844 0.8430 0.0000
vt 0.3826 0.8528 0.0000
vt 0.3869 0.8428 0.0000
vt 0.3850 0.8526 0.0000
vt 0.3894 0.8426 0.0000
vt 0.3874 0.8524 0.0000
vt 0.3917 0.8424 0.0000
vt 0.3896 0.8522 0.0000
vt 0.3939 0.8423 0.0000
vt 0.3918 0.8520 0.0000
vt 0.3959 0.8422 0.0000
vt 0.3937 0.8519 0.0000
vt 0.3977 0.8421 0.0000
vt 0.3955 0.8518 0.0000
vt 0.3993 0.8420 0.0000
vt 0.3971 0.8518 0.0000
vt 0.4008 0.8420 0.0000
vt 0.3985 0.8518 0.0000
vt 0.4020 0.8421 0.0000
vt 0.3997 0.8519 0.0000
vt 0.4031 0.8422 0.0000
vt 0.4007 0.8520 0.0000
vt 0.4042 0.8423 0.0000
vt 0.4017 0.8521 0.0000
vt 0.4052 0.8425 0.0000
vt 0.4027 0.8523 0.0000
vt 0.4063 0.8428 0.0000
vt 0.4038 0.8525 0.0000
vt 0.4076 0.8431 0.0000
vt 0.4051 0.8528 0.0000
vt 0.4762 0.8543 0.0000
vt 0.4744 0.8644 0.0000
vt 0.4729 0.8641 0.0000
vt 0.4747 0.8541 0.0000
vt 0.4779 0.8547 0.0000
vt 0.4761 0.8648 0.0000
vt 0.4797 0.8550 0.0000
vt 0.4779 0.8652 0.0000
vt 0.4817 0.8555 0.0000
vt 0.4799 0.8657 0.0000
vt 0.4837 0.8559 0.0000
vt 0.4819 0.8662 0.0000
vt 0.4856 0.8564 0.0000
vt 0.4839 0.8667 0.0000
vt 0.4857 0.8671 0.0000
vt 0.4875 0.8568 0.0000
vt 0.4892 0.8572 0.0000
vt 0.4874 0.8675 0.0000
vt 0.4907 0.8576 0.0000
vt 0.4890 0.8679 0.0000
vt 0.5282 0.8720 0.0000
vt 0.5254 0.8822 0.0000
vt 0.5240 0.8817 0.0000
vt 0.5267 0.8715 0.0000
vt 0.5297 0.8726 0.0000
vt 0.5268 0.8827 0.0000
vt 0.5304 0.8609 0.0000
vt 0.5320 0.8614 0.0000
vt 0.5323 0.8490 0.0000
vt 0.5340 0.8496 0.0000
vt 0.5340 0.8365 0.0000
vt 0.5358 0.8371 0.0000
vt 0.5357 0.8238 0.0000
vt 0.5376 0.8243 0.0000
vt 0.5370 0.8107 0.0000
vt 0.5391 0.8111 0.0000
vt 0.5376 0.7971 0.0000
vt 0.5400 0.7976 0.0000
vt 0.5373 0.7833 0.0000
vt 0.5399 0.7836 0.0000
vt 0.5367 0.7692 0.0000
vt 0.5396 0.7696 0.0000
vt 0.5361 0.7550 0.0000
vt 0.5393 0.7554 0.0000
vt 0.5353 0.7404 0.0000
vt 0.5389 0.7411 0.0000
vt 0.5343 0.7251 0.0000
vt 0.5385 0.7261 0.0000
vt 0.5316 0.7404 0.0000
vt 0.5297 0.7240 0.0000
vt 0.5230 0.7364 0.0000
vt 0.5189 0.7350 0.0000
vt 0.5245 0.7220 0.0000
vt 0.5137 0.7338 0.0000
vt 0.5182 0.7205 0.0000
vt 0.5072 0.7326 0.0000
vt 0.5107 0.7194 0.0000
vt 0.4994 0.7316 0.0000
vt 0.5021 0.7184 0.0000
vt 0.4908 0.7305 0.0000
vt 0.4926 0.7176 0.0000
vt 0.4820 0.7296 0.0000
vt 0.4827 0.7168 0.0000
vt 0.4842 0.7035 0.0000
vt 0.4947 0.7038 0.0000
vt 0.4734 0.7161 0.0000
vt 0.4743 0.7031 0.0000
vt 0.4654 0.7156 0.0000
vt 0.4663 0.7027 0.0000
vt 0.4594 0.7153 0.0000
vt 0.4612 0.7023 0.0000
vt 0.4556 0.7142 0.0000
vt 0.4582 0.7017 0.0000
vt 0.4529 0.7136 0.0000
vt 0.4560 0.7012 0.0000
vt 0.4505 0.7131 0.0000
vt 0.4539 0.7007 0.0000
vt 0.4479 0.7127 0.0000
vt 0.4515 0.7002 0.0000
vt 0.4448 0.7123 0.0000
vt 0.4485 0.6997 0.0000
vt 0.4409 0.7119 0.0000
vt 0.4446 0.6993 0.0000
vt 0.4362 0.7116 0.0000
vt 0.4396 0.6988 0.0000
vt 0.4306 0.7112 0.0000
vt 0.4338 0.6984 0.0000
vt 0.4243 0.7111 0.0000
vt 0.4272 0.6980 0.0000
vt 0.4175 0.7109 0.0000
vt 0.4199 0.6978 0.0000
vt 0.4102 0.7109 0.0000
vt 0.4122 0.6975 0.0000
vt 0.4026 0.7109 0.0000
vt 0.4042 0.6973 0.0000
vt 0.3949 0.7108 0.0000
vt 0.3961 0.6972 0.0000
vt 0.3873 0.7108 0.0000
vt 0.3881 0.6971 0.0000
vt 0.3799 0.7108 0.0000
vt 0.3803 0.6969 0.0000
vt 0.3726 0.7107 0.0000
vt 0.3727 0.6967 0.0000
vt 0.3658 0.7106 0.0000
vt 0.3657 0.6966 0.0000
vt 0.3596 0.7106 0.0000
vt 0.3592 0.6966 0.0000
vt 0.3534 0.6965 0.0000
vt 0.3592 0.6965 0.0000
vt 0.3663 0.7232 0.0000
vt 0.3728 0.7232 0.0000
vt 0.3735 0.7356 0.0000
vt 0.3673 0.7357 0.0000
vt 0.3751 0.7488 0.0000
vt 0.3693 0.7491 0.0000
vt 0.3771 0.7620 0.0000
vt 0.3720 0.7623 0.0000
vt 0.3792 0.7749 0.0000
vt 0.3747 0.7752 0.0000
vt 0.3808 0.7873 0.0000
vt 0.3768 0.7875 0.0000
vt 0.3816 0.7991 0.0000
vt 0.3782 0.7992 0.0000
vt 0.3818 0.8105 0.0000
vt 0.3787 0.8106 0.0000
vt 0.3814 0.8218 0.0000
vt 0.3786 0.8219 0.0000
vt 0.3780 0.8329 0.0000
vt 0.3806 0.8328 0.0000
vt 0.3842 0.8217 0.0000
vt 0.3832 0.8327 0.0000
vt 0.3871 0.8215 0.0000
vt 0.3859 0.8325 0.0000
vt 0.3900 0.8214 0.0000
vt 0.3885 0.8324 0.0000
vt 0.3928 0.8212 0.0000
vt 0.3911 0.8322 0.0000
vt 0.3955 0.8210 0.0000
vt 0.3936 0.8320 0.0000
vt 0.3980 0.8208 0.0000
vt 0.3959 0.8318 0.0000
vt 0.4002 0.8207 0.0000
vt 0.3980 0.8317 0.0000
vt 0.4023 0.8206 0.0000
vt 0.3999 0.8316 0.0000
vt 0.4040 0.8205 0.0000
vt 0.4015 0.8315 0.0000
vt 0.4056 0.8205 0.0000
vt 0.4030 0.8315 0.0000
vt 0.4069 0.8205 0.0000
vt 0.4043 0.8315 0.0000
vt 0.4081 0.8206 0.0000
vt 0.4054 0.8316 0.0000
vt 0.4093 0.8207 0.0000
vt 0.4065 0.8318 0.0000
vt 0.4104 0.8210 0.0000
vt 0.4076 0.8320 0.0000
vt 0.4116 0.8213 0.0000
vt 0.4087 0.8323 0.0000
vt 0.4130 0.8218 0.0000
vt 0.4100 0.8327 0.0000
vt 0.4775 0.8318 0.0000
vt 0.4773 0.8434 0.0000
vt 0.4757 0.8432 0.0000
vt 0.4758 0.8317 0.0000
vt 0.4795 0.8321 0.0000
vt 0.4791 0.8437 0.0000
vt 0.4816 0.8324 0.0000
vt 0.4810 0.8440 0.0000
vt 0.4838 0.8327 0.0000
vt 0.4830 0.8444 0.0000
vt 0.4860 0.8331 0.0000
vt 0.4850 0.8448 0.0000
vt 0.4882 0.8335 0.0000
vt 0.4871 0.8453 0.0000
vt 0.4902 0.8339 0.0000
vt 0.4890 0.8457 0.0000
vt 0.4907 0.8461 0.0000
vt 0.4921 0.8343 0.0000
vt 0.4938 0.8348 0.0000
vt 0.4924 0.8465 0.0000
vt 0.5288 0.8604 0.0000
vt 0.5307 0.8485 0.0000
vt 0.4936 0.8221 0.0000
vt 0.4955 0.8226 0.0000
vt 0.4962 0.8099 0.0000
vt 0.4983 0.8104 0.0000
vt 0.5323 0.8361 0.0000
vt 0.5337 0.8235 0.0000
vt 0.5348 0.8105 0.0000
vt 0.4998 0.7978 0.0000
vt 0.5021 0.7984 0.0000
vt 0.5035 0.7854 0.0000
vt 0.5062 0.7861 0.0000
vt 0.5352 0.7971 0.0000
vt 0.5066 0.7727 0.0000
vt 0.5097 0.7734 0.0000
vt 0.5345 0.7833 0.0000
vt 0.5102 0.7600 0.0000
vt 0.5136 0.7610 0.0000
vt 0.5337 0.7693 0.0000
vt 0.5144 0.7476 0.0000
vt 0.5181 0.7487 0.0000
vt 0.5328 0.7551 0.0000
vt 0.5060 0.7591 0.0000
vt 0.5097 0.7465 0.0000
vt 0.5008 0.7582 0.0000
vt 0.5038 0.7454 0.0000
vt 0.4948 0.7573 0.0000
vt 0.4969 0.7444 0.0000
vt 0.4883 0.7564 0.0000
vt 0.4894 0.7434 0.0000
vt 0.4817 0.7425 0.0000
vt 0.4817 0.7556 0.0000
vt 0.4755 0.7551 0.0000
vt 0.4745 0.7418 0.0000
vt 0.4737 0.7288 0.0000
vt 0.4684 0.7413 0.0000
vt 0.4667 0.7282 0.0000
vt 0.4637 0.7412 0.0000
vt 0.4615 0.7282 0.0000
vt 0.4442 0.7371 0.0000
vt 0.4498 0.7251 0.0000
vt 0.4528 0.7267 0.0000
vt 0.4471 0.7387 0.0000
vt 0.4420 0.7363 0.0000
vt 0.4474 0.7244 0.0000
vt 0.4400 0.7358 0.0000
vt 0.4453 0.7240 0.0000
vt 0.4378 0.7356 0.0000
vt 0.4430 0.7238 0.0000
vt 0.4353 0.7355 0.0000
vt 0.4402 0.7236 0.0000
vt 0.4322 0.7354 0.0000
vt 0.4367 0.7234 0.0000
vt 0.4283 0.7352 0.0000
vt 0.4323 0.7232 0.0000
vt 0.4238 0.7352 0.0000
vt 0.4272 0.7230 0.0000
vt 0.4186 0.7351 0.0000
vt 0.4214 0.7229 0.0000
vt 0.4129 0.7351 0.0000
vt 0.4151 0.7229 0.0000
vt 0.4067 0.7352 0.0000
vt 0.4084 0.7229 0.0000
vt 0.4002 0.7353 0.0000
vt 0.4013 0.7230 0.0000
vt 0.3935 0.7354 0.0000
vt 0.3940 0.7230 0.0000
vt 0.3867 0.7354 0.0000
vt 0.3868 0.7231 0.0000
vt 0.3800 0.7355 0.0000
vt 0.3797 0.7232 0.0000
vt 0.3872 0.7484 0.0000
vt 0.3811 0.7486 0.0000
vt 0.3879 0.7616 0.0000
vt 0.3825 0.7618 0.0000
vt 0.3886 0.7745 0.0000
vt 0.3838 0.7747 0.0000
vt 0.3890 0.7870 0.0000
vt 0.3848 0.7871 0.0000
vt 0.3889 0.7988 0.0000
vt 0.3852 0.7989 0.0000
vt 0.3849 0.8104 0.0000
vt 0.3882 0.8102 0.0000
vt 0.3925 0.7986 0.0000
vt 0.3914 0.8101 0.0000
vt 0.3962 0.7985 0.0000
vt 0.3945 0.8099 0.0000
vt 0.3996 0.7983 0.0000
vt 0.3975 0.8097 0.0000
vt 0.4029 0.7982 0.0000
vt 0.4004 0.8096 0.0000
vt 0.4059 0.7981 0.0000
vt 0.4029 0.8095 0.0000
vt 0.4086 0.7981 0.0000
vt 0.4053 0.8094 0.0000
vt 0.4109 0.7981 0.0000
vt 0.4073 0.8093 0.0000
vt 0.4130 0.7981 0.0000
vt 0.4091 0.8093 0.0000
vt 0.4148 0.7982 0.0000
vt 0.4106 0.8094 0.0000
vt 0.4163 0.7983 0.0000
vt 0.4120 0.8095 0.0000
vt 0.4178 0.7985 0.0000
vt 0.4133 0.8096 0.0000
vt 0.4192 0.7989 0.0000
vt 0.4145 0.8099 0.0000
vt 0.4207 0.7994 0.0000
vt 0.4159 0.8104 0.0000
vt 0.4224 0.8002 0.0000
vt 0.4174 0.8111 0.0000
vt 0.4769 0.8076 0.0000
vt 0.4773 0.8198 0.0000
vt 0.4754 0.8198 0.0000
vt 0.4747 0.8076 0.0000
vt 0.4795 0.8077 0.0000
vt 0.4795 0.8200 0.0000
vt 0.4823 0.8079 0.0000
vt 0.4818 0.8202 0.0000
vt 0.4854 0.8082 0.0000
vt 0.4843 0.8205 0.0000
vt 0.4884 0.8086 0.0000
vt 0.4869 0.8209 0.0000
vt 0.4913 0.8090 0.0000
vt 0.4893 0.8213 0.0000
vt 0.4939 0.8095 0.0000
vt 0.4916 0.8217 0.0000
vt 0.4939 0.7967 0.0000
vt 0.4970 0.7972 0.0000
vt 0.5002 0.7847 0.0000
vt 0.4963 0.7840 0.0000
vt 0.4983 0.7711 0.0000
vt 0.5028 0.7719 0.0000
vt 0.4919 0.7834 0.0000
vt 0.4932 0.7703 0.0000
vt 0.4876 0.7696 0.0000
vt 0.4873 0.7828 0.0000
vt 0.4826 0.7823 0.0000
vt 0.4820 0.7690 0.0000
vt 0.4768 0.7686 0.0000
vt 0.4782 0.7820 0.0000
vt 0.4744 0.7818 0.0000
vt 0.4723 0.7684 0.0000
vt 0.4702 0.7548 0.0000
vt 0.4686 0.7684 0.0000
vt 0.4661 0.7547 0.0000
vt 0.4344 0.7627 0.0000
vt 0.4391 0.7498 0.0000
vt 0.4418 0.7512 0.0000
vt 0.4369 0.7640 0.0000
vt 0.4324 0.7619 0.0000
vt 0.4370 0.7489 0.0000
vt 0.4370 0.7490 0.0000
vt 0.4305 0.7615 0.0000
vt 0.4350 0.7485 0.0000
vt 0.4287 0.7612 0.0000
vt 0.4331 0.7483 0.0000
vt 0.4265 0.7611 0.0000
vt 0.4307 0.7482 0.0000
vt 0.4240 0.7610 0.0000
vt 0.4279 0.7481 0.0000
vt 0.4210 0.7610 0.0000
vt 0.4245 0.7480 0.0000
vt 0.4175 0.7610 0.0000
vt 0.4205 0.7479 0.0000
vt 0.4134 0.7610 0.0000
vt 0.4159 0.7479 0.0000
vt 0.4089 0.7610 0.0000
vt 0.4108 0.7480 0.0000
vt 0.4040 0.7611 0.0000
vt 0.4053 0.7480 0.0000
vt 0.3988 0.7612 0.0000
vt 0.3994 0.7482 0.0000
vt 0.3934 0.7614 0.0000
vt 0.3934 0.7483 0.0000
vt 0.3982 0.7741 0.0000
vt 0.3935 0.7743 0.0000
vt 0.3974 0.7866 0.0000
vt 0.3933 0.7868 0.0000
vt 0.4028 0.7740 0.0000
vt 0.4014 0.7865 0.0000
vt 0.4071 0.7739 0.0000
vt 0.4052 0.7864 0.0000
vt 0.4111 0.7739 0.0000
vt 0.4086 0.7864 0.0000
vt 0.4146 0.7739 0.0000
vt 0.4117 0.7864 0.0000
vt 0.4177 0.7739 0.0000
vt 0.4144 0.7863 0.0000
vt 0.4204 0.7739 0.0000
vt 0.4168 0.7864 0.0000
vt 0.4226 0.7740 0.0000
vt 0.4188 0.7864 0.0000
vt 0.4246 0.7741 0.0000
vt 0.4206 0.7866 0.0000
vt 0.4263 0.7743 0.0000
vt 0.4222 0.7868 0.0000
vt 0.4280 0.7748 0.0000
vt 0.4238 0.7873 0.0000
vt 0.4255 0.7879 0.0000
vt 0.4299 0.7755 0.0000
vt 0.4321 0.7766 0.0000
vt 0.4274 0.7889 0.0000
vt 0.4761 0.7950 0.0000
vt 0.4735 0.7950 0.0000
vt 0.4712 0.7818 0.0000
vt 0.4793 0.7951 0.0000
vt 0.4828 0.7954 0.0000
vt 0.4866 0.7957 0.0000
vt 0.4903 0.7962 0.0000
vt 0.5393 0.7555 0.0000
vt 0.0944 0.7749 0.0000
vt 0.0999 0.7880 0.0000
vt 0.1047 0.7720 0.0000
vt 0.1094 0.7850 0.0000
vt 0.1143 0.7972 0.0000
vt 0.1057 0.8000 0.0000
vt 0.1196 0.8092 0.0000
vt 0.1119 0.8117 0.0000
vt 0.1250 0.8211 0.0000
vt 0.1183 0.8234 0.0000
vt 0.1303 0.8332 0.0000
vt 0.1247 0.8352 0.0000
vt 0.1351 0.8456 0.0000
vt 0.1304 0.8474 0.0000
vt 0.1388 0.8587 0.0000
vt 0.1349 0.8600 0.0000
vt 0.1417 0.8716 0.0000
vt 0.1384 0.8726 0.0000
vt 0.1428 0.8573 0.0000
vt 0.1449 0.8706 0.0000
vt 0.1469 0.8558 0.0000
vt 0.1481 0.8695 0.0000
vt 0.1508 0.8545 0.0000
vt 0.1512 0.8685 0.0000
vt 0.1545 0.8534 0.0000
vt 0.1542 0.8675 0.0000
vt 0.1580 0.8526 0.0000
vt 0.1569 0.8667 0.0000
vt 0.1611 0.8521 0.0000
vt 0.1595 0.8661 0.0000
vt 0.1639 0.8517 0.0000
vt 0.1620 0.8656 0.0000
vt 0.1666 0.8515 0.0000
vt 0.1643 0.8652 0.0000
vt 0.1690 0.8514 0.0000
vt 0.1665 0.8649 0.0000
vt 0.1714 0.8513 0.0000
vt 0.1687 0.8647 0.0000
vt 0.1737 0.8514 0.0000
vt 0.1709 0.8646 0.0000
vt 0.1760 0.8517 0.0000
vt 0.1732 0.8646 0.0000
vt 0.2647 0.8232 0.0000
vt 0.2668 0.8219 0.0000
vt 0.2729 0.8337 0.0000
vt 0.2709 0.8350 0.0000
vt 0.2689 0.8207 0.0000
vt 0.2749 0.8325 0.0000
vt 0.2712 0.8196 0.0000
vt 0.2770 0.8314 0.0000
vt 0.2735 0.8185 0.0000
vt 0.2792 0.8304 0.0000
vt 0.2758 0.8175 0.0000
vt 0.2813 0.8294 0.0000
vt 0.2780 0.8165 0.0000
vt 0.2833 0.8285 0.0000
vt 0.2801 0.8155 0.0000
vt 0.2852 0.8276 0.0000
vt 0.2820 0.8147 0.0000
vt 0.2870 0.8268 0.0000
vt 0.2836 0.8140 0.0000
vt 0.2886 0.8262 0.0000
vt 0.2851 0.8134 0.0000
vt 0.2900 0.8256 0.0000
vt 0.2865 0.8130 0.0000
vt 0.2913 0.8252 0.0000
vt 0.2878 0.8125 0.0000
vt 0.2926 0.8248 0.0000
vt 0.2892 0.8122 0.0000
vt 0.2939 0.8244 0.0000
vt 0.2906 0.8118 0.0000
vt 0.2953 0.8240 0.0000
vt 0.2968 0.8237 0.0000
vt 0.2923 0.8115 0.0000
vt 0.3160 0.8023 0.0000
vt 0.3209 0.8141 0.0000
vt 0.3191 0.8145 0.0000
vt 0.3141 0.8027 0.0000
vt 0.3182 0.8020 0.0000
vt 0.3229 0.8138 0.0000
vt 0.3209 0.8017 0.0000
vt 0.3253 0.8135 0.0000
vt 0.3238 0.8015 0.0000
vt 0.3279 0.8132 0.0000
vt 0.3270 0.8013 0.0000
vt 0.3306 0.8129 0.0000
vt 0.3304 0.8011 0.0000
vt 0.3335 0.8127 0.0000
vt 0.3364 0.8125 0.0000
vt 0.3337 0.8009 0.0000
vt 0.3267 0.7897 0.0000
vt 0.3308 0.7894 0.0000
vt 0.3230 0.7781 0.0000
vt 0.3282 0.7775 0.0000
vt 0.3200 0.7657 0.0000
vt 0.3266 0.7647 0.0000
vt 0.3132 0.7666 0.0000
vt 0.3178 0.7786 0.0000
vt 0.3129 0.7790 0.0000
vt 0.3071 0.7673 0.0000
vt 0.3022 0.7549 0.0000
vt 0.3021 0.7677 0.0000
vt 0.2963 0.7554 0.0000
vt 0.2911 0.7430 0.0000
vt 0.2976 0.7424 0.0000
vt 0.2866 0.7311 0.0000
vt 0.2935 0.7305 0.0000
vt 0.2827 0.7192 0.0000
vt 0.2899 0.7183 0.0000
vt 0.2794 0.7061 0.0000
vt 0.2868 0.7049 0.0000
vt 0.2770 0.6911 0.0000
vt 0.2749 0.7069 0.0000
vt 0.2722 0.6924 0.0000
vt 0.2718 0.7077 0.0000
vt 0.2690 0.6934 0.0000
vt 0.2695 0.7087 0.0000
vt 0.2666 0.6943 0.0000
vt 0.2673 0.7098 0.0000
vt 0.2642 0.6952 0.0000
vt 0.2649 0.7110 0.0000
vt 0.2616 0.6962 0.0000
vt 0.2620 0.7124 0.0000
vt 0.2585 0.6972 0.0000
vt 0.2584 0.7139 0.0000
vt 0.2543 0.6985 0.0000
vt 0.2539 0.7157 0.0000
vt 0.2492 0.7001 0.0000
vt 0.2487 0.7179 0.0000
vt 0.2436 0.7020 0.0000
vt 0.2435 0.7203 0.0000
vt 0.2383 0.7041 0.0000
vt 0.2532 0.7310 0.0000
vt 0.2482 0.7335 0.0000
vt 0.2432 0.7362 0.0000
vt 0.2524 0.7451 0.0000
vt 0.2474 0.7477 0.0000
vt 0.2428 0.7502 0.0000
vt 0.2389 0.7387 0.0000
vt 0.2386 0.7527 0.0000
vt 0.2346 0.7413 0.0000
vt 0.2342 0.7551 0.0000
vt 0.2300 0.7438 0.0000
vt 0.2296 0.7576 0.0000
vt 0.2251 0.7463 0.0000
vt 0.2249 0.7600 0.0000
vt 0.2202 0.7488 0.0000
vt 0.2204 0.7624 0.0000
vt 0.2153 0.7512 0.0000
vt 0.2161 0.7650 0.0000
vt 0.2105 0.7538 0.0000
vt 0.1907 0.7754 0.0000
vt 0.1857 0.7750 0.0000
vt 0.1876 0.7619 0.0000
vt 0.1930 0.7621 0.0000
vt 0.1805 0.7749 0.0000
vt 0.1821 0.7621 0.0000
vt 0.1751 0.7751 0.0000
vt 0.1762 0.7625 0.0000
vt 0.1695 0.7753 0.0000
vt 0.1699 0.7628 0.0000
vt 0.1637 0.7754 0.0000
vt 0.1635 0.7631 0.0000
vt 0.1578 0.7756 0.0000
vt 0.1570 0.7633 0.0000
vt 0.1516 0.7760 0.0000
vt 0.1504 0.7636 0.0000
vt 0.1448 0.7768 0.0000
vt 0.1432 0.7643 0.0000
vt 0.1371 0.7782 0.0000
vt 0.1351 0.7656 0.0000
vt 0.1284 0.7800 0.0000
vt 0.1257 0.7674 0.0000
vt 0.1191 0.7823 0.0000
vt 0.1155 0.7696 0.0000
vt 0.1315 0.7921 0.0000
vt 0.1230 0.7945 0.0000
vt 0.1350 0.8045 0.0000
vt 0.1273 0.8067 0.0000
vt 0.1386 0.8169 0.0000
vt 0.1318 0.8190 0.0000
vt 0.1420 0.8295 0.0000
vt 0.1361 0.8313 0.0000
vt 0.1399 0.8439 0.0000
vt 0.1449 0.8423 0.0000
vt 0.1479 0.8280 0.0000
vt 0.1498 0.8409 0.0000
vt 0.1534 0.8269 0.0000
vt 0.1544 0.8398 0.0000
vt 0.1584 0.8263 0.0000
vt 0.1587 0.8391 0.0000
vt 0.1628 0.8260 0.0000
vt 0.1625 0.8387 0.0000
vt 0.1667 0.8259 0.0000
vt 0.1659 0.8385 0.0000
vt 0.1701 0.8259 0.0000
vt 0.1690 0.8384 0.0000
vt 0.1730 0.8259 0.0000
vt 0.1717 0.8384 0.0000
vt 0.1758 0.8259 0.0000
vt 0.1742 0.8385 0.0000
vt 0.1784 0.8262 0.0000
vt 0.1767 0.8388 0.0000
vt 0.1810 0.8267 0.0000
vt 0.1791 0.8392 0.0000
vt 0.2515 0.8012 0.0000
vt 0.2598 0.8109 0.0000
vt 0.2576 0.8122 0.0000
vt 0.2492 0.8027 0.0000
vt 0.2620 0.8097 0.0000
vt 0.2540 0.7998 0.0000
vt 0.2566 0.7984 0.0000
vt 0.2644 0.8086 0.0000
vt 0.2593 0.7970 0.0000
vt 0.2668 0.8074 0.0000
vt 0.2621 0.7955 0.0000
vt 0.2693 0.8062 0.0000
vt 0.2650 0.7940 0.0000
vt 0.2717 0.8051 0.0000
vt 0.2678 0.7926 0.0000
vt 0.2740 0.8039 0.0000
vt 0.2702 0.7913 0.0000
vt 0.2761 0.8029 0.0000
vt 0.2722 0.7903 0.0000
vt 0.2779 0.8021 0.0000
vt 0.2740 0.7894 0.0000
vt 0.2795 0.8015 0.0000
vt 0.2756 0.7888 0.0000
vt 0.2809 0.8010 0.0000
vt 0.2770 0.7883 0.0000
vt 0.2823 0.8005 0.0000
vt 0.2785 0.7878 0.0000
vt 0.2837 0.8001 0.0000
vt 0.2801 0.7874 0.0000
vt 0.2852 0.7998 0.0000
vt 0.2820 0.7872 0.0000
vt 0.2870 0.7996 0.0000
vt 0.3095 0.7910 0.0000
vt 0.3074 0.7915 0.0000
vt 0.2998 0.7805 0.0000
vt 0.3020 0.7799 0.0000
vt 0.3049 0.7796 0.0000
vt 0.3121 0.7907 0.0000
vt 0.3086 0.7793 0.0000
vt 0.3152 0.7904 0.0000
vt 0.3187 0.7902 0.0000
vt 0.3050 0.7796 0.0000
vt 0.2981 0.7681 0.0000
vt 0.2950 0.7686 0.0000
vt 0.2888 0.7564 0.0000
vt 0.2920 0.7558 0.0000
vt 0.2833 0.7440 0.0000
vt 0.2866 0.7434 0.0000
vt 0.2788 0.7323 0.0000
vt 0.2820 0.7316 0.0000
vt 0.2749 0.7206 0.0000
vt 0.2781 0.7199 0.0000
vt 0.2762 0.7332 0.0000
vt 0.2724 0.7218 0.0000
vt 0.2746 0.7346 0.0000
vt 0.2722 0.7353 0.0000
vt 0.2701 0.7230 0.0000
vt 0.2698 0.7363 0.0000
vt 0.2676 0.7242 0.0000
vt 0.2672 0.7375 0.0000
vt 0.2649 0.7256 0.0000
vt 0.2644 0.7389 0.0000
vt 0.2616 0.7270 0.0000
vt 0.2610 0.7406 0.0000
vt 0.2578 0.7288 0.0000
vt 0.2570 0.7426 0.0000
vt 0.2638 0.7523 0.0000
vt 0.2604 0.7541 0.0000
vt 0.2563 0.7563 0.0000
vt 0.2637 0.7662 0.0000
vt 0.2603 0.7680 0.0000
vt 0.2563 0.7701 0.0000
vt 0.2515 0.7588 0.0000
vt 0.2521 0.7722 0.0000
vt 0.2469 0.7612 0.0000
vt 0.2481 0.7743 0.0000
vt 0.2427 0.7635 0.0000
vt 0.2444 0.7763 0.0000
vt 0.2387 0.7657 0.0000
vt 0.2408 0.7782 0.0000
vt 0.2345 0.7680 0.0000
vt 0.2372 0.7802 0.0000
vt 0.2304 0.7702 0.0000
vt 0.2263 0.7725 0.0000
vt 0.2337 0.7823 0.0000
vt 0.2305 0.7846 0.0000
vt 0.2225 0.7751 0.0000
vt 0.1812 0.7998 0.0000
vt 0.1833 0.7871 0.0000
vt 0.1878 0.7878 0.0000
vt 0.1849 0.8006 0.0000
vt 0.1774 0.7995 0.0000
vt 0.1787 0.7869 0.0000
vt 0.1734 0.7994 0.0000
vt 0.1741 0.7869 0.0000
vt 0.1692 0.7870 0.0000
vt 0.1694 0.7995 0.0000
vt 0.1650 0.7996 0.0000
vt 0.1642 0.7870 0.0000
vt 0.1603 0.7999 0.0000
vt 0.1588 0.7873 0.0000
vt 0.1550 0.8003 0.0000
vt 0.1530 0.7878 0.0000
vt 0.1490 0.8012 0.0000
vt 0.1466 0.7888 0.0000
vt 0.1423 0.8025 0.0000
vt 0.1394 0.7902 0.0000
vt 0.1515 0.8140 0.0000
vt 0.1453 0.8152 0.0000
vt 0.1570 0.8133 0.0000
vt 0.1619 0.8130 0.0000
vt 0.1661 0.8129 0.0000
vt 0.1699 0.8129 0.0000
vt 0.1732 0.8127 0.0000
vt 0.1764 0.8127 0.0000
vt 0.1795 0.8129 0.0000
vt 0.1826 0.8136 0.0000
vt 0.2423 0.7918 0.0000
vt 0.2396 0.7937 0.0000
vt 0.2453 0.7901 0.0000
vt 0.2483 0.7884 0.0000
vt 0.2514 0.7867 0.0000
vt 0.2548 0.7850 0.0000
vt 0.2583 0.7832 0.0000
vt 0.2618 0.7814 0.0000
vt 0.2650 0.7797 0.0000
vt 0.2676 0.7784 0.0000
vt 0.2665 0.7647 0.0000
vt 0.2698 0.7773 0.0000
vt 0.2689 0.7636 0.0000
vt 0.2717 0.7764 0.0000
vt 0.2710 0.7626 0.0000
vt 0.2734 0.7757 0.0000
vt 0.2730 0.7618 0.0000
vt 0.2751 0.7750 0.0000
vt 0.2750 0.7611 0.0000
vt 0.2769 0.7746 0.0000
vt 0.2772 0.7608 0.0000
vt 0.2789 0.7744 0.0000
vt 0.2927 0.7692 0.0000
vt 0.2863 0.7571 0.0000
vt 0.2736 0.7478 0.0000
vt 0.2760 0.7473 0.0000
vt 0.2807 0.7448 0.0000
vt 0.2714 0.7486 0.0000
vt 0.2691 0.7496 0.0000
vt 0.2666 0.7508 0.0000
vt 0.3226 0.7899 0.0000
vt 0.3371 0.8007 0.0000
vt 0.3503 0.8122 0.0000
vt 0.3495 0.8009 0.0000
vt 0.3491 0.7894 0.0000
vt 0.3496 0.7771 0.0000
vt 0.3510 0.7640 0.0000
vt 0.3529 0.7503 0.0000
vt 0.3480 0.6966 0.0000
vt 0.3426 0.6968 0.0000
vt 0.3367 0.6973 0.0000
vt 0.5765 0.6987 0.0000
vt 0.5823 0.6995 0.0000
vt 0.2272 0.6955 0.0000
vt 0.2302 0.6944 0.0000
vt 0.2253 0.6962 0.0000
vt 0.2322 0.6936 0.0000
vt 0.2351 0.6926 0.0000
vt 0.2374 0.6918 0.0000
vt 0.2405 0.6908 0.0000
vt 0.2437 0.6897 0.0000
vt 0.2461 0.6890 0.0000
vt 0.2492 0.6880 0.0000
vt 0.2513 0.6873 0.0000
vt 0.2539 0.6865 0.0000
vt 0.2556 0.6860 0.0000
vt 0.2577 0.6853 0.0000
vt 0.2590 0.6849 0.0000
vt 0.2609 0.6843 0.0000
vt 0.2619 0.6839 0.0000
vt 0.2636 0.6834 0.0000
vt 0.2646 0.6831 0.0000
vt 0.2656 0.6828 0.0000
vt 0.2674 0.6823 0.0000
vt 0.2688 0.6820 0.0000
vt 0.2710 0.6815 0.0000
vt 0.2732 0.6810 0.0000
vt 0.2762 0.6804 0.0000
vt 0.5868 0.7002 0.0000
vt 0.5913 0.7008 0.0000
vt 0.5952 0.7014 0.0000
vt 0.5982 0.7018 0.0000
vt 0.6010 0.7022 0.0000
vt 0.6028 0.7025 0.0000
vt 0.6047 0.7028 0.0000
vt 0.6058 0.7030 0.0000
vt 0.6072 0.7033 0.0000
vt 0.6080 0.7035 0.0000
vt 0.6094 0.7037 0.0000
vt 0.6102 0.7039 0.0000
vt 0.6120 0.7043 0.0000
vt 0.6130 0.7045 0.0000
vt 0.6156 0.7051 0.0000
vt 0.6170 0.7054 0.0000
vt 0.0489 0.7374 0.0000
vt 0.0509 0.7369 0.0000
vt 0.0451 0.7383 0.0000
vt 0.0560 0.7357 0.0000
vt 0.0588 0.7349 0.0000
vt 0.0647 0.7335 0.0000
vt 0.0682 0.7327 0.0000
vt 0.0749 0.7311 0.0000
vt 0.0787 0.7301 0.0000
vt 0.0863 0.7283 0.0000
vt 0.0903 0.7273 0.0000
vt 0.0994 0.7252 0.0000
vt 0.1034 0.7242 0.0000
vt 0.1131 0.7220 0.0000
vt 0.1167 0.7211 0.0000
vt 0.1197 0.7204 0.0000
vt 0.1273 0.7187 0.0000
vt 0.1329 0.7175 0.0000
vt 0.1351 0.7171 0.0000
vt 0.1398 0.7162 0.0000
vt 0.1415 0.7159 0.0000
vt 0.1460 0.7151 0.0000
vt 0.1476 0.7148 0.0000
vt 0.1525 0.7140 0.0000
vt 0.1541 0.7138 0.0000
vt 0.1596 0.7129 0.0000
vt 0.1612 0.7127 0.0000
vt 0.1671 0.7117 0.0000
vt 0.1689 0.7115 0.0000
vt 0.1747 0.7105 0.0000
vt 0.1765 0.7103 0.0000
vt 0.1815 0.7094 0.0000
vt 0.1834 0.7092 0.0000
vt 0.1878 0.7080 0.0000
vt 0.1896 0.7079 0.0000
vt 0.1950 0.7054 0.0000
vt 0.1967 0.7048 0.0000
vt 0.1908 0.7070 0.0000
vt 0.2008 0.7034 0.0000
vt 0.2026 0.7029 0.0000
vt 0.2067 0.7016 0.0000
vt 0.2086 0.7011 0.0000
vt 0.2125 0.7000 0.0000
vt 0.2145 0.6995 0.0000
vt 0.2181 0.6984 0.0000
vt 0.2201 0.6978 0.0000
vt 0.2220 0.6972 0.0000
vt 0.2798 0.6797 0.0000
vt 0.3020 0.6759 0.0000
vt 0.7577 0.9043 0.0000
vt 0.7508 0.9102 0.0000
vt 0.7466 0.9123 0.0000
vt 0.5670 0.0456 0.0000
vt 0.0487 0.4420 0.0000
vt 0.0496 0.4314 0.0000
vt 0.0517 0.4242 0.0000
vt 0.0478 0.4481 0.0000
vt 0.0484 0.4579 0.0000
vt 0.0485 0.4636 0.0000
vt 0.0495 0.4695 0.0000
vt 0.0545 0.4123 0.0000
vt 0.0581 0.4034 0.0000
vt 0.0515 0.4795 0.0000
vt 0.0535 0.4868 0.0000
vt 0.0570 0.4985 0.0000
vt 0.0628 0.3896 0.0000
vt 0.0680 0.3787 0.0000
vt 0.0602 0.5093 0.0000
vt 0.0746 0.3629 0.0000
vt 0.0807 0.3510 0.0000
vt 0.0653 0.5247 0.0000
vt 0.0885 0.3345 0.0000
vt 0.0973 0.3196 0.0000
vt 0.1040 0.3089 0.0000
vt 0.1135 0.2957 0.0000
vt 0.1204 0.2866 0.0000
vt 0.1300 0.2730 0.0000
vt 0.1363 0.2645 0.0000
vt 0.1454 0.2489 0.0000
vt 0.1505 0.2397 0.0000
vt 0.1546 0.2302 0.0000
vt 0.1633 0.2123 0.0000
vt 0.1671 0.2027 0.0000
vt 0.1763 0.1837 0.0000
vt 0.1806 0.1746 0.0000
vt 0.1918 0.1558 0.0000
vt 0.1970 0.1477 0.0000
vt 0.2106 0.1302 0.0000
vt 0.2167 0.1232 0.0000
vt 0.2327 0.1076 0.0000
vt 0.2397 0.1019 0.0000
vt 0.2587 0.0886 0.0000
vt 0.2665 0.0838 0.0000
vt 0.2898 0.0720 0.0000
vt 0.2981 0.0680 0.0000
vt 0.3254 0.0571 0.0000
vt 0.3336 0.0537 0.0000
vt 0.3622 0.0438 0.0000
vt 0.3701 0.0409 0.0000
vt 0.3970 0.0325 0.0000
vt 0.4049 0.0303 0.0000
vt 0.4294 0.0245 0.0000
vt 0.4375 0.0235 0.0000
vt 0.4605 0.0209 0.0000
vt 0.4694 0.0214 0.0000
vt 0.4931 0.0228 0.0000
vt 0.5038 0.0252 0.0000
vt 0.5317 0.0321 0.0000
vt 0.0707 0.5426 0.0000
vt 0.0776 0.5633 0.0000
vt 0.0854 0.5915 0.0000
vt 0.0939 0.6190 0.0000
vt 0.1017 0.6522 0.0000
vt 0.1097 0.6827 0.0000
vt 0.1165 0.7089 0.0000
vt 0.1229 0.7360 0.0000
vt 0.1300 0.7570 0.0000
vt 0.1366 0.7783 0.0000
vt 0.1450 0.7952 0.0000
vt 0.1529 0.8123 0.0000
vt 0.1626 0.8257 0.0000
vt 0.1716 0.8391 0.0000
vt 0.1827 0.8498 0.0000
vt 0.1929 0.8604 0.0000
vt 0.2055 0.8693 0.0000
vt 0.2169 0.8779 0.0000
vt 0.2314 0.8859 0.0000
vt 0.2444 0.8934 0.0000
vt 0.2610 0.9010 0.0000
vt 0.2756 0.9080 0.0000
vt 0.2943 0.9150 0.0000
vt 0.3106 0.9211 0.0000
vt 0.3312 0.9270 0.0000
vt 0.3488 0.9320 0.0000
vt 0.3674 0.9356 0.0000
vt 0.3893 0.9399 0.0000
vt 0.4089 0.9418 0.0000
vt 0.4313 0.9442 0.0000
vt 0.4517 0.9447 0.0000
vt 0.4739 0.9454 0.0000
vt 0.4947 0.9447 0.0000
vt 0.5158 0.9443 0.0000
vt 0.5366 0.9427 0.0000
vt 0.5561 0.9416 0.0000
vt 0.5763 0.9396 0.0000
vt 0.5938 0.9381 0.0000
vt 0.6127 0.9359 0.0000
vt 0.6281 0.9343 0.0000
vt 0.6450 0.9320 0.0000
vt 0.6582 0.9305 0.0000
vt 0.6725 0.9284 0.0000
vt 0.6834 0.9271 0.0000
vt 0.6947 0.9254 0.0000
vt 0.7032 0.9243 0.0000
vt 0.7184 0.9218 0.0000
vt 0.7305 0.9190 0.0000
vt 0.7408 0.9154 0.0000
vt 0.7627 0.9003 0.0000
vt 0.7724 0.8894 0.0000
vt 0.7790 0.8825 0.0000
vt 0.7933 0.8630 0.0000
vt 0.5811 0.0504 0.0000
vt 0.5979 0.0576 0.0000
vt 0.8018 0.8524 0.0000
vt 0.8211 0.8226 0.0000
vt 0.6411 0.0783 0.0000
vt 0.6588 0.0878 0.0000
vt 0.8296 0.8102 0.0000
vt 0.8520 0.7724 0.0000
vt 0.8569 0.7640 0.0000
vt 0.6983 0.1094 0.0000
vt 0.7153 0.1194 0.0000
vt 0.8800 0.7226 0.0000
vt 0.8810 0.7206 0.0000
vt 0.7479 0.1384 0.0000
vt 0.8896 0.7051 0.0000
vt 0.9014 0.6830 0.0000
vt 0.9025 0.6811 0.0000
vt 0.9182 0.6517 0.0000
vt 0.9199 0.6487 0.0000
vt 0.9316 0.6264 0.0000
vt 0.9332 0.6234 0.0000
vt 0.9416 0.6056 0.0000
vt 0.9475 0.5898 0.0000
vt 0.9486 0.5872 0.0000
vt 0.9525 0.5711 0.0000
vt 0.9531 0.5690 0.0000
vt 0.9556 0.5502 0.0000
vt 0.9559 0.5487 0.0000
vt 0.9577 0.5245 0.0000
vt 0.9577 0.5243 0.0000
vt 0.9578 0.5227 0.0000
vt 0.7642 0.1478 0.0000
vt 0.9587 0.4943 0.0000
vt 0.9588 0.4907 0.0000
vt 0.7928 0.1648 0.0000
vt 0.9593 0.4575 0.0000
vt 0.9591 0.4469 0.0000
vt 0.8077 0.1732 0.0000
vt 0.9589 0.4139 0.0000
vt 0.8331 0.1879 0.0000
vt 0.9579 0.3953 0.0000
vt 0.8453 0.1947 0.0000
vt 0.9566 0.3665 0.0000
vt 0.8669 0.2069 0.0000
vt 0.9545 0.3442 0.0000
vt 0.8757 0.2118 0.0000
vt 0.9527 0.3223 0.0000
vt 0.8921 0.2209 0.0000
vt 0.9497 0.3029 0.0000
vt 0.8978 0.2242 0.0000
vt 0.9090 0.2306 0.0000
vt 0.9128 0.2332 0.0000
vt 0.9477 0.2882 0.0000
vt 0.9441 0.2749 0.0000
vt 0.9204 0.2379 0.0000
vt 0.9232 0.2403 0.0000
vt 0.9287 0.2446 0.0000
vt 0.9311 0.2476 0.0000
vt 0.9358 0.2528 0.0000
vt 0.9379 0.2579 0.0000
vt 0.9421 0.2660 0.0000
# 2502 texture coords

o Line001
g Line001
usemtl wire_225143087
s 1
f 1/1/1 2/2/2 3/3/3 4/4/4 
f 5/5/5 6/6/6 3/3/3 2/2/2 
f 7/7/7 8/8/8 3/3/3 6/6/6 
f 7/7/7 9/9/9 10/10/10 8/8/8 
f 9/9/9 11/11/11 12/12/12 10/10/10 
f 11/11/11 13/13/13 14/14/14 12/12/12 
f 13/13/13 15/15/15 16/16/16 14/14/14 
f 15/15/15 17/17/17 18/18/18 16/16/16 
f 17/17/17 19/19/19 20/20/20 18/18/18 
f 19/19/19 21/21/21 22/22/22 20/20/20 
f 23/23/23 24/24/24 22/22/22 21/21/21 
f 24/24/24 25/25/25 26/26/26 22/22/22 
f 25/25/25 27/27/27 28/28/28 26/26/26 
f 27/27/27 29/29/29 30/30/30 28/28/28 
f 29/29/29 31/31/31 32/32/32 30/30/30 
f 31/31/31 33/33/33 34/34/34 32/32/32 
f 33/33/33 35/35/35 36/36/36 34/34/34 
f 35/35/35 37/37/37 38/38/38 36/36/36 
f 37/37/37 39/39/39 40/40/40 38/38/38 
f 39/39/39 41/41/41 42/42/42 40/40/40 
f 41/41/41 43/43/43 44/44/44 42/42/42 
f 43/45/43 45/46/45 46/47/46 44/48/44 
f 45/46/45 47/49/47 48/50/48 46/47/46 
f 47/49/47 49/51/49 50/52/50 48/50/48 
f 49/51/49 51/53/51 52/54/52 50/52/50 
f 51/53/51 53/55/53 54/56/54 52/54/52 
f 53/55/53 55/57/55 56/58/56 54/56/54 
f 55/57/55 57/59/57 58/60/58 56/58/56 
f 57/59/57 59/61/59 60/62/60 58/60/58 
f 59/61/59 61/63/61 62/64/62 60/62/60 
f 61/63/61 63/65/63 64/66/64 62/64/62 
f 63/65/63 65/67/65 66/68/66 64/66/64 
f 65/67/65 67/69/67 68/70/68 66/68/66 
f 67/69/67 69/71/69 70/72/70 68/70/68 
f 69/71/69 71/73/71 72/74/72 70/72/70 
f 71/73/71 73/75/73 74/76/74 72/74/72 
f 73/77/73 75/78/75 76/79/76 74/80/74 
f 75/78/75 77/81/77 78/82/78 76/79/76 
f 77/81/77 79/83/79 80/84/80 78/82/78 
f 79/83/79 81/85/81 82/86/82 80/84/80 
f 81/85/81 83/87/83 84/88/84 82/86/82 
f 83/87/83 85/89/85 86/90/86 84/88/84 
f 85/89/85 87/91/87 88/92/88 86/90/86 
f 87/91/87 89/93/89 90/94/90 88/92/88 
f 89/93/89 91/95/91 92/96/92 90/94/90 
f 91/95/91 93/97/93 94/98/94 92/96/92 
f 93/97/93 95/99/95 96/100/96 94/98/94 
f 95/99/95 97/101/97 98/102/98 96/100/96 
f 99/103/99 100/104/100 98/102/98 97/101/97 
f 100/104/100 101/105/101 102/106/102 98/102/98 
f 103/107/103 104/108/104 102/106/102 101/105/101 
f 104/108/104 105/109/105 106/110/106 102/106/102 
f 105/109/105 107/111/107 108/112/108 106/110/106 
f 107/111/107 109/113/109 110/114/110 108/112/108 
f 109/113/109 111/115/111 112/116/112 110/114/110 
f 111/115/111 113/117/113 114/118/114 112/116/112 
f 113/117/113 115/119/115 116/120/116 114/118/114 
f 115/119/115 117/121/117 118/122/118 116/120/116 
f 117/121/117 119/123/119 120/124/120 118/122/118 
f 119/123/119 121/125/121 122/126/122 120/124/120 
f 121/125/121 123/127/123 124/128/124 122/126/122 
f 123/127/123 125/129/125 126/130/126 124/128/124 
f 125/129/125 127/131/127 128/132/128 126/130/126 
f 127/133/127 129/134/129 130/135/130 128/136/128 
f 129/134/129 131/137/131 132/138/132 130/135/130 
f 131/137/131 133/139/133 134/140/134 132/138/132 
f 133/139/133 135/141/135 136/142/136 134/140/134 
f 135/141/135 137/143/137 138/144/138 136/142/136 
f 137/143/137 139/145/139 140/146/140 138/144/138 
f 139/145/139 141/147/141 142/148/142 140/146/140 
f 141/147/141 143/149/143 144/150/144 142/148/142 
f 143/149/143 145/151/145 146/152/146 144/150/144 
f 145/151/145 147/153/147 148/154/148 146/152/146 
f 147/153/147 149/155/149 150/156/150 148/154/148 
f 149/155/149 151/157/151 152/158/152 150/156/150 
f 151/157/151 153/159/153 154/160/154 152/158/152 
f 153/159/153 155/161/155 156/162/156 154/160/154 
f 155/161/155 157/163/157 158/164/158 156/162/156 
f 157/165/157 159/166/159 160/167/160 158/168/158 
f 159/166/159 161/169/161 162/170/162 160/167/160 
f 163/171/163 164/172/164 162/170/162 161/169/161 
f 38/38/38 40/40/40 162/170/162 164/172/164 
f 165/173/165 166/174/166 164/172/164 163/171/163 
f 36/36/36 38/38/38 164/172/164 166/174/166 
f 167/175/167 168/176/168 166/174/166 165/173/165 
f 34/34/34 36/36/36 166/174/166 168/176/168 
f 169/177/169 32/32/32 34/34/34 168/176/168 
f 168/176/168 167/175/167 170/178/170 169/177/169 
f 171/179/171 172/180/172 169/177/169 170/178/170 
f 172/180/172 30/30/30 32/32/32 169/177/169 
f 173/181/173 174/182/174 172/180/172 171/179/171 
f 174/182/174 28/28/28 30/30/30 172/180/172 
f 175/183/175 176/184/176 174/182/174 173/181/173 
f 176/184/176 26/26/26 28/28/28 174/182/174 
f 18/18/18 20/20/20 176/184/176 175/183/175 
f 173/181/173 177/185/177 178/186/178 175/183/175 
f 177/185/177 179/187/179 180/188/180 178/186/178 
f 179/187/179 181/189/181 182/190/182 180/188/180 
f 181/189/181 183/191/183 184/192/184 182/190/182 
f 185/193/185 186/194/186 184/192/184 183/191/183 
f 186/194/186 8/8/8 10/10/10 184/192/184 
f 187/195/187 4/4/4 186/194/186 185/193/185 
f 4/4/4 3/3/3 8/8/8 186/194/186 
f 188/196/188 1/1/1 4/4/4 187/195/187 
f 187/195/187 189/197/189 190/198/190 188/196/188 
f 189/197/189 191/199/191 192/200/192 190/198/190 
f 193/201/193 194/202/194 192/200/192 191/199/191 
f 194/202/194 195/203/195 196/204/196 192/200/192 
f 195/203/195 197/205/197 198/206/198 196/204/196 
f 197/205/197 199/207/199 200/208/200 198/206/198 
f 199/207/199 201/209/201 202/210/202 200/208/200 
f 203/211/203 204/212/204 201/209/201 205/213/205 
f 203/211/203 205/213/205 206/214/206 
f 207/215/207 208/216/208 209/217/209 210/218/210 
f 208/216/208 211/219/211 212/220/212 209/217/209 
f 211/219/211 213/221/213 214/222/214 212/220/212 
f 213/221/213 215/223/215 216/224/216 214/222/214 
f 215/223/215 217/225/217 218/226/218 216/224/216 
f 217/225/217 219/227/219 220/228/220 218/226/218 
f 219/227/219 221/229/221 222/230/222 220/228/220 
f 221/231/221 223/232/223 224/233/224 222/234/222 
f 225/235/225 226/236/226 224/233/224 223/232/223 
f 227/237/227 228/238/228 226/236/226 225/235/225 
f 229/239/229 230/240/230 228/238/228 227/237/227 
f 231/241/231 232/242/232 230/240/230 229/239/229 
f 233/243/233 234/244/234 232/242/232 231/241/231 
f 235/245/235 236/246/236 234/244/234 233/243/233 
f 237/247/237 238/248/238 236/246/236 235/245/235 
f 237/247/237 239/249/239 240/250/240 238/248/238 
f 239/249/239 241/251/241 242/252/242 240/250/240 
f 241/251/241 243/253/243 244/254/244 242/252/242 
f 245/255/245 246/256/246 244/254/244 243/253/243 
f 247/257/247 248/258/248 246/256/246 245/255/245 
f 249/259/249 250/260/250 248/258/248 247/257/247 
f 251/261/251 252/262/252 250/260/250 249/259/249 
f 253/263/253 254/264/254 252/262/252 251/261/251 
f 255/265/255 256/266/256 254/264/254 253/263/253 
f 257/267/257 258/268/258 256/269/256 255/270/255 
f 259/271/259 260/272/260 258/268/258 257/267/257 
f 261/273/261 262/274/262 260/272/260 259/271/259 
f 263/275/263 264/276/264 262/274/262 261/273/261 
f 265/277/265 266/278/266 264/276/264 263/275/263 
f 267/279/267 268/280/268 266/278/266 265/277/265 
f 269/281/269 270/282/270 268/280/268 267/279/267 
f 271/283/271 272/284/272 270/282/270 269/281/269 
f 273/285/273 274/286/274 272/284/272 271/283/271 
f 275/287/275 276/288/276 274/286/274 273/285/273 
f 277/289/277 278/290/278 274/286/274 276/288/276 
f 277/289/277 276/288/276 279/291/279 
f 280/292/280 279/291/279 276/288/276 281/293/281 
f 280/292/280 281/293/281 282/294/282 
f 283/295/283 282/294/282 281/293/281 
f 284/296/284 285/296/285 286/297/286 287/298/287 
f 284/296/284 287/298/287 288/299/288 
f 289/300/289 288/299/288 287/298/287 290/301/290 
f 289/300/289 290/301/290 291/302/291 
f 292/303/292 291/302/291 290/301/290 293/304/293 
f 292/303/292 293/304/293 294/305/294 
f 295/306/295 294/305/294 293/304/293 296/307/296 
f 295/306/295 296/307/296 297/308/297 
f 298/309/298 297/308/297 296/307/296 299/310/299 
f 298/309/298 299/310/299 300/311/300 
f 301/312/301 300/311/300 299/310/299 302/313/302 
f 301/312/301 302/313/302 303/314/303 
f 304/315/304 303/314/303 302/313/302 305/316/305 
f 304/315/304 305/316/305 306/317/306 
f 307/318/307 306/317/306 305/316/305 308/319/308 
f 305/316/305 309/320/309 308/319/308 
f 310/321/310 307/318/307 308/319/308 
f 311/322/311 310/321/310 308/319/308 312/323/312 
f 311/322/311 312/323/312 313/324/313 
f 314/325/314 313/324/313 312/323/312 315/326/315 
f 314/325/314 315/326/315 316/327/316 
f 317/328/317 316/327/316 315/326/315 318/329/318 
f 317/328/317 318/329/318 319/330/319 
f 320/331/320 319/330/319 318/329/318 321/332/321 
f 320/331/320 321/332/321 322/333/322 
f 323/334/323 322/333/322 321/332/321 324/335/324 
f 323/334/323 324/335/324 325/336/325 
f 326/337/326 325/336/325 324/335/324 327/338/327 
f 326/337/326 327/338/327 328/339/328 
f 329/340/329 328/339/328 327/338/327 330/341/330 
f 330/341/330 327/338/327 331/342/331 
f 330/341/330 331/342/331 332/343/332 
f 332/343/332 331/342/331 333/344/333 
f 332/343/332 333/344/333 334/345/334 
f 334/345/334 333/344/333 335/346/335 
f 334/345/334 335/346/335 336/347/336 
f 336/347/336 335/346/335 337/348/337 
f 338/349/338 336/347/336 337/348/337 339/350/339 
f 338/349/338 339/350/339 340/351/340 
f 341/352/341 340/351/340 339/350/339 342/353/342 
f 341/352/341 342/353/342 343/354/343 
f 344/355/344 343/354/343 342/353/342 345/356/345 
f 344/355/344 345/356/345 346/357/346 
f 347/358/347 346/357/346 345/356/345 348/359/348 
f 347/358/347 348/359/348 349/360/349 
f 350/361/350 349/360/349 348/359/348 351/362/351 
f 350/361/350 351/362/351 352/363/352 
f 353/364/353 352/363/352 351/362/351 354/365/354 
f 353/364/353 354/365/354 355/366/355 
f 356/367/356 355/366/355 354/365/354 357/368/357 
f 356/367/356 357/368/357 358/369/358 
f 359/370/359 358/369/358 357/368/357 360/371/360 
f 359/370/359 360/371/360 361/372/361 
f 362/373/362 361/372/361 360/371/360 363/374/363 
f 362/373/362 363/374/363 364/375/364 
f 365/376/365 364/375/364 363/374/363 366/377/366 
f 365/376/365 366/377/366 367/378/367 
f 368/379/368 367/378/367 366/377/366 369/380/369 
f 368/379/368 369/380/369 370/381/370 
f 371/382/371 370/381/370 369/380/369 372/383/372 
f 371/382/371 372/383/372 373/384/373 
f 374/385/374 373/384/373 372/383/372 375/386/375 
f 374/385/374 375/386/375 376/387/376 
f 377/388/377 376/387/376 375/386/375 378/389/378 
f 377/388/377 378/389/378 379/390/379 
f 380/391/380 379/390/379 378/389/378 381/392/381 
f 380/391/380 381/392/381 382/393/382 
f 383/394/383 382/393/382 381/392/381 384/395/384 
f 383/394/383 384/395/384 385/396/385 
f 386/397/386 385/396/385 384/395/384 387/398/387 
f 386/397/386 387/398/387 388/399/388 
f 389/400/389 388/399/388 387/398/387 390/401/390 
f 389/400/389 390/401/390 391/402/391 
f 392/403/392 391/402/391 390/401/390 393/404/393 
f 392/403/392 393/404/393 394/405/394 
f 395/406/395 394/405/394 393/404/393 202/407/202 
f 395/406/395 202/407/202 396/408/396 
f 390/401/390 397/409/397 398/410/398 393/404/393 
f 399/411/399 400/412/400 398/410/398 397/409/397 
f 400/412/400 198/206/198 200/208/200 398/410/398 
f 401/413/401 402/414/402 400/412/400 399/411/399 
f 402/414/402 196/204/196 198/206/198 400/412/400 
f 188/196/188 190/198/190 402/414/402 401/413/401 
f 401/413/401 403/415/403 1/1/1 188/196/188 
f 399/411/399 404/416/404 403/415/403 401/413/401 
f 404/416/404 405/417/405 406/418/406 403/415/403 
f 407/419/407 408/420/408 406/418/406 405/417/405 
f 408/420/408 5/5/5 2/2/2 406/418/406 
f 409/421/409 410/422/410 408/420/408 407/419/407 
f 410/422/410 411/423/411 5/5/5 408/420/408 
f 412/424/412 413/425/413 411/426/411 410/422/410 
f 413/425/413 414/427/414 415/428/415 411/426/411 
f 414/427/414 416/429/416 417/430/417 415/428/415 
f 416/429/416 418/431/418 419/432/419 417/430/417 
f 418/431/418 420/433/420 421/434/421 419/432/419 
f 420/433/420 422/435/422 423/436/423 421/434/421 
f 422/435/422 424/437/424 425/438/425 423/436/423 
f 424/437/424 426/439/426 427/440/427 425/438/425 
f 428/441/428 429/442/429 427/440/427 426/439/426 
f 19/19/19 17/17/17 427/443/427 429/444/429 
f 430/445/430 21/21/21 19/19/19 429/444/429 
f 429/442/429 428/441/428 431/446/431 430/447/430 
f 432/448/432 433/449/433 430/447/430 431/446/431 
f 433/450/433 23/23/23 21/21/21 430/445/430 
f 434/451/434 435/452/435 433/449/433 432/448/432 
f 435/453/435 436/454/436 23/23/23 433/450/433 
f 437/455/437 438/456/438 436/454/436 435/453/435 
f 438/456/438 439/457/439 440/458/440 436/454/436 
f 439/457/439 441/459/441 442/460/442 440/458/440 
f 443/461/443 444/462/444 442/460/442 441/459/441 
f 27/27/27 25/25/25 442/460/442 444/462/444 
f 445/463/445 446/464/446 444/462/444 443/461/443 
f 29/29/29 27/27/27 444/462/444 446/464/446 
f 447/465/447 448/466/448 446/464/446 445/463/445 
f 31/31/31 29/29/29 446/464/446 448/466/448 
f 449/467/449 450/468/450 448/466/448 447/465/447 
f 33/33/33 31/31/31 448/466/448 450/468/450 
f 451/469/451 452/470/452 450/468/450 449/467/449 
f 35/35/35 33/33/33 450/468/450 452/470/452 
f 453/471/453 454/472/454 452/470/452 451/469/451 
f 37/37/37 35/35/35 452/470/452 454/472/454 
f 455/473/455 456/474/456 454/472/454 453/471/453 
f 39/39/39 37/37/37 454/472/454 456/474/456 
f 457/475/457 458/476/458 456/474/456 455/473/455 
f 41/41/41 39/39/39 456/474/456 458/476/458 
f 459/477/459 460/478/460 458/476/458 457/475/457 
f 43/43/43 41/41/41 458/476/458 460/478/460 
f 461/479/461 462/480/462 460/481/460 459/482/459 
f 45/46/45 43/45/43 460/481/460 462/480/462 
f 463/483/463 464/484/464 462/480/462 461/479/461 
f 47/49/47 45/46/45 462/480/462 464/484/464 
f 465/485/465 466/486/466 464/484/464 463/483/463 
f 49/51/49 47/49/47 464/484/464 466/486/466 
f 467/487/467 468/488/468 466/486/466 465/485/465 
f 51/53/51 49/51/49 466/486/466 468/488/468 
f 469/489/469 470/490/470 468/488/468 467/487/467 
f 53/55/53 51/53/51 468/488/468 470/490/470 
f 471/491/471 472/492/472 470/490/470 469/489/469 
f 55/57/55 53/55/53 470/490/470 472/492/472 
f 473/493/473 474/494/474 472/492/472 471/491/471 
f 57/59/57 55/57/55 472/492/472 474/494/474 
f 475/495/475 476/496/476 474/494/474 473/493/473 
f 59/61/59 57/59/57 474/494/474 476/496/476 
f 477/497/477 478/498/478 476/496/476 475/495/475 
f 61/63/61 59/61/59 476/496/476 478/498/478 
f 479/499/479 480/500/480 478/498/478 477/497/477 
f 63/65/63 61/63/61 478/498/478 480/500/480 
f 481/501/481 482/502/482 480/500/480 479/499/479 
f 65/67/65 63/65/63 480/500/480 482/502/482 
f 483/503/483 484/504/484 482/502/482 481/501/481 
f 67/69/67 65/67/65 482/502/482 484/504/484 
f 485/505/485 486/506/486 484/504/484 483/503/483 
f 69/71/69 67/69/67 484/504/484 486/506/486 
f 487/507/487 488/508/488 486/506/486 485/505/485 
f 71/73/71 69/71/69 486/506/486 488/508/488 
f 489/509/489 490/510/490 488/508/488 487/507/487 
f 73/75/73 71/73/71 488/508/488 490/510/490 
f 491/511/491 492/512/492 490/513/490 489/514/489 
f 75/78/75 73/77/73 490/513/490 492/512/492 
f 493/515/493 494/516/494 492/512/492 491/511/491 
f 77/81/77 75/78/75 492/512/492 494/516/494 
f 495/517/495 496/518/496 494/516/494 493/515/493 
f 79/83/79 77/81/77 494/516/494 496/518/496 
f 497/519/497 498/520/498 496/518/496 495/517/495 
f 81/85/81 79/83/79 496/518/496 498/520/498 
f 499/521/499 500/522/500 498/520/498 497/519/497 
f 83/87/83 81/85/81 498/520/498 500/522/500 
f 501/523/501 502/524/502 500/522/500 499/521/499 
f 85/89/85 83/87/83 500/522/500 502/524/502 
f 503/525/503 504/526/504 502/524/502 501/523/501 
f 87/91/87 85/89/85 502/524/502 504/526/504 
f 503/525/503 505/527/505 506/528/506 504/526/504 
f 505/527/505 507/529/507 508/530/508 506/528/506 
f 507/529/507 509/531/509 510/532/510 508/530/508 
f 509/531/509 511/533/511 512/534/512 510/532/510 
f 511/533/511 513/535/513 514/536/514 512/534/512 
f 513/535/513 515/537/515 516/538/516 514/536/514 
f 515/537/515 517/539/517 518/540/518 516/538/516 
f 519/541/519 520/542/520 518/543/518 517/539/517 
f 520/542/520 521/544/521 522/545/522 518/543/518 
f 521/544/521 523/546/523 524/547/524 522/545/522 
f 523/546/523 525/548/525 526/549/526 524/547/524 
f 525/548/525 527/550/527 528/551/528 526/549/526 
f 527/550/527 529/552/529 530/553/530 528/551/528 
f 529/552/529 531/554/531 532/555/532 530/553/530 
f 531/554/531 533/556/533 534/557/534 532/555/532 
f 533/556/533 535/558/535 536/559/536 534/557/534 
f 535/558/535 537/560/537 538/561/538 536/559/536 
f 537/560/537 539/562/539 540/563/540 538/561/538 
f 539/562/539 541/564/541 542/565/542 540/563/540 
f 541/564/541 543/566/543 544/567/544 542/565/542 
f 543/566/543 545/568/545 546/569/546 544/567/544 
f 545/568/545 251/261/251 249/259/249 546/569/546 
f 547/570/547 548/571/548 545/568/545 543/566/543 
f 548/571/548 253/263/253 251/261/251 545/568/545 
f 549/572/549 550/573/550 548/571/548 547/570/547 
f 550/573/550 255/265/255 253/263/253 548/571/548 
f 551/574/551 552/575/552 550/576/550 549/577/549 
f 552/575/552 257/267/257 255/270/255 550/576/550 
f 553/578/553 554/579/554 552/575/552 551/574/551 
f 554/579/554 259/271/259 257/267/257 552/575/552 
f 555/580/555 556/581/556 554/579/554 553/578/553 
f 556/581/556 261/273/261 259/271/259 554/579/554 
f 557/582/557 558/583/558 556/581/556 555/580/555 
f 558/583/558 263/275/263 261/273/261 556/581/556 
f 559/584/559 560/585/560 558/583/558 557/582/557 
f 560/585/560 265/277/265 263/275/263 558/583/558 
f 561/586/561 562/587/562 560/585/560 559/584/559 
f 562/587/562 267/279/267 265/277/265 560/585/560 
f 563/588/563 564/589/564 562/587/562 561/586/561 
f 564/589/564 269/281/269 267/279/267 562/587/562 
f 565/590/565 566/591/566 564/589/564 563/588/563 
f 566/591/566 271/283/271 269/281/269 564/589/564 
f 567/592/567 568/593/568 566/591/566 565/590/565 
f 568/593/568 273/285/273 271/283/271 566/591/566 
f 569/594/569 570/595/570 568/593/568 567/592/567 
f 570/595/570 275/287/275 273/285/273 568/593/568 
f 571/596/571 572/597/572 570/595/570 569/594/569 
f 572/597/572 573/598/573 275/287/275 570/595/570 
f 574/599/574 286/297/286 573/598/573 572/597/572 
f 575/600/575 287/298/287 286/297/286 574/599/574 
f 574/599/574 576/601/576 577/602/577 575/600/575 
f 576/601/576 578/603/578 579/604/579 577/602/577 
f 578/603/578 580/605/580 581/606/581 579/604/579 
f 580/605/580 582/607/582 583/608/583 581/606/581 
f 582/607/582 584/609/584 585/610/585 583/608/583 
f 584/609/584 586/611/586 587/612/587 585/610/585 
f 586/611/586 588/613/588 589/614/589 587/612/587 
f 588/613/588 590/615/590 591/616/591 589/614/589 
f 590/615/590 592/617/592 593/618/593 591/616/591 
f 592/617/592 594/619/594 595/620/595 593/618/593 
f 594/619/594 596/621/596 597/622/597 595/620/595 
f 596/621/596 598/623/598 599/624/599 597/622/597 
f 598/623/598 600/625/600 601/626/601 599/624/599 
f 602/627/602 603/628/603 601/626/601 600/625/600 
f 603/628/603 604/629/604 605/630/605 601/626/601 
f 604/629/604 606/631/606 607/632/607 605/630/605 
f 606/631/606 608/633/608 609/634/609 607/632/607 
f 608/635/608 610/636/610 611/637/611 609/638/609 
f 610/636/610 612/639/612 613/640/613 611/637/611 
f 612/639/612 614/641/614 615/642/615 613/640/613 
f 614/641/614 616/643/616 617/644/617 615/642/615 
f 616/643/616 618/645/618 619/646/619 617/644/617 
f 618/645/618 620/647/620 621/648/621 619/646/619 
f 620/647/620 622/649/622 623/650/623 621/648/621 
f 622/649/622 624/651/624 625/652/625 623/650/623 
f 624/651/624 626/653/626 627/654/627 625/652/625 
f 626/655/626 628/656/628 629/657/629 627/658/627 
f 628/656/628 630/659/630 631/660/631 629/657/629 
f 630/659/630 632/661/632 633/662/633 631/660/631 
f 632/661/632 634/663/634 635/664/635 633/662/633 
f 634/663/634 636/665/636 637/666/637 635/664/635 
f 636/665/636 638/667/638 639/668/639 637/666/637 
f 638/667/638 640/669/640 641/670/641 639/668/639 
f 640/669/640 642/671/642 643/672/643 641/670/641 
f 642/671/642 644/673/644 645/674/645 643/672/643 
f 644/673/644 646/675/646 647/676/647 645/674/645 
f 646/675/646 648/677/648 649/678/649 647/676/647 
f 648/677/648 650/679/650 651/680/651 649/678/649 
f 650/679/650 652/681/652 653/682/653 651/680/651 
f 652/681/652 654/683/654 655/684/655 653/682/653 
f 654/683/654 656/685/656 657/686/657 655/684/655 
f 656/685/656 658/687/658 659/688/659 657/686/657 
f 658/687/658 660/689/660 661/690/661 659/688/659 
f 660/689/660 662/691/662 434/451/434 661/690/661 
f 663/692/663 664/693/664 662/691/662 660/689/660 
f 664/693/664 665/694/665 437/695/437 662/691/662 
f 666/696/666 667/697/667 665/694/665 664/693/664 
f 667/698/667 668/699/668 669/700/669 665/701/665 
f 668/699/668 670/702/670 671/703/671 669/700/669 
f 670/702/670 672/704/672 673/705/673 671/703/671 
f 672/704/672 674/706/674 675/707/675 673/705/673 
f 674/706/674 676/708/676 677/709/677 675/707/675 
f 678/710/678 679/711/679 677/709/677 676/708/676 
f 679/711/679 447/465/447 445/712/445 677/709/677 
f 680/713/680 681/714/681 679/711/679 678/710/678 
f 681/714/681 449/467/449 447/465/447 679/711/679 
f 682/715/682 683/716/683 681/714/681 680/713/680 
f 683/716/683 451/717/451 449/467/449 681/714/681 
f 684/718/684 685/719/685 683/716/683 682/715/682 
f 685/719/685 453/471/453 451/717/451 683/716/683 
f 686/720/686 687/721/687 685/719/685 684/718/684 
f 687/721/687 455/473/455 453/471/453 685/719/685 
f 688/722/688 689/723/689 687/721/687 686/720/686 
f 689/723/689 457/475/457 455/473/455 687/721/687 
f 690/724/690 691/725/691 689/723/689 688/722/688 
f 691/725/691 459/477/459 457/475/457 689/723/689 
f 692/726/692 693/727/693 691/728/691 690/729/690 
f 693/727/693 461/479/461 459/482/459 691/728/691 
f 694/730/694 695/731/695 693/727/693 692/726/692 
f 695/731/695 463/483/463 461/479/461 693/727/693 
f 696/732/696 697/733/697 695/731/695 694/730/694 
f 697/733/697 465/485/465 463/483/463 695/731/695 
f 698/734/698 699/735/699 697/733/697 696/732/696 
f 699/735/699 467/487/467 465/485/465 697/733/697 
f 700/736/700 701/737/701 699/735/699 698/734/698 
f 701/737/701 469/489/469 467/487/467 699/735/699 
f 702/738/702 703/739/703 701/737/701 700/736/700 
f 703/739/703 471/491/471 469/489/469 701/737/701 
f 704/740/704 705/741/705 703/739/703 702/738/702 
f 705/741/705 473/493/473 471/491/471 703/739/703 
f 706/742/706 707/743/707 705/741/705 704/740/704 
f 707/743/707 475/495/475 473/493/473 705/741/705 
f 708/744/708 709/745/709 707/743/707 706/742/706 
f 709/745/709 477/497/477 475/495/475 707/743/707 
f 710/746/710 711/747/711 709/745/709 708/744/708 
f 711/747/711 479/499/479 477/497/477 709/745/709 
f 712/748/712 713/749/713 711/747/711 710/746/710 
f 713/749/713 481/501/481 479/499/479 711/747/711 
f 714/750/714 715/751/715 713/749/713 712/748/712 
f 715/751/715 483/503/483 481/501/481 713/749/713 
f 716/752/716 717/753/717 715/751/715 714/750/714 
f 717/753/717 485/505/485 483/503/483 715/751/715 
f 718/754/718 719/755/719 717/753/717 716/752/716 
f 719/755/719 487/507/487 485/505/485 717/753/717 
f 720/756/720 721/757/721 719/755/719 718/754/718 
f 721/757/721 489/509/489 487/507/487 719/755/719 
f 722/758/722 723/759/723 721/760/721 720/761/720 
f 723/759/723 491/511/491 489/514/489 721/760/721 
f 724/762/724 725/763/725 723/759/723 722/758/722 
f 725/763/725 493/515/493 491/511/491 723/759/723 
f 726/764/726 727/765/727 725/763/725 724/762/724 
f 727/765/727 495/517/495 493/515/493 725/763/725 
f 728/766/728 729/767/729 727/765/727 726/764/726 
f 729/767/729 497/519/497 495/517/495 727/765/727 
f 730/768/730 731/769/731 729/767/729 728/766/728 
f 731/769/731 499/521/499 497/519/497 729/767/729 
f 732/770/732 733/771/733 731/769/731 730/768/730 
f 733/771/733 501/523/501 499/521/499 731/769/731 
f 734/772/734 735/773/735 733/771/733 732/770/732 
f 735/773/735 503/525/503 501/523/501 733/771/733 
f 734/772/734 736/774/736 737/775/737 735/773/735 
f 736/774/736 738/776/738 739/777/739 737/775/737 
f 738/776/738 740/778/740 741/779/741 739/777/739 
f 740/778/740 742/780/742 743/781/743 741/779/741 
f 742/780/742 744/782/744 745/783/745 743/781/743 
f 744/782/744 746/784/746 747/785/747 745/783/745 
f 746/784/746 748/786/748 749/787/749 747/785/747 
f 748/786/748 750/788/750 751/789/751 749/787/749 
f 750/788/750 752/790/752 753/791/753 751/789/751 
f 754/792/754 755/793/755 753/791/753 752/790/752 
f 755/793/755 756/794/756 757/795/757 753/791/753 
f 756/794/756 758/796/758 759/797/759 757/795/757 
f 758/796/758 760/798/760 761/799/761 759/797/759 
f 760/798/760 762/800/762 763/801/763 761/799/761 
f 762/800/762 764/802/764 765/803/765 763/801/763 
f 764/802/764 766/804/766 767/805/767 765/803/765 
f 766/804/766 768/806/768 769/807/769 767/805/767 
f 768/806/768 770/808/770 771/809/771 769/807/769 
f 770/808/770 772/810/772 773/811/773 771/809/771 
f 772/810/772 774/812/774 775/813/775 773/811/773 
f 774/812/774 776/814/776 777/815/777 775/813/775 
f 776/814/776 778/816/778 779/817/779 777/815/777 
f 778/816/778 780/818/780 781/819/781 779/817/779 
f 780/818/780 549/572/549 547/570/547 781/819/781 
f 782/820/782 783/821/783 780/822/780 778/823/778 
f 783/821/783 551/574/551 549/577/549 780/822/780 
f 784/824/784 785/825/785 783/821/783 782/820/782 
f 785/825/785 553/578/553 551/574/551 783/821/783 
f 786/826/786 787/827/787 785/825/785 784/824/784 
f 787/827/787 555/580/555 553/578/553 785/825/785 
f 788/828/788 789/829/789 787/827/787 786/826/786 
f 789/829/789 557/582/557 555/580/555 787/827/787 
f 790/830/790 791/831/791 789/829/789 788/828/788 
f 791/831/791 559/584/559 557/582/557 789/829/789 
f 792/832/792 793/833/793 791/831/791 790/830/790 
f 793/833/793 561/586/561 559/584/559 791/831/791 
f 794/834/794 795/835/795 793/833/793 792/832/792 
f 795/835/795 563/588/563 561/586/561 793/833/793 
f 796/836/796 797/837/797 795/835/795 794/834/794 
f 797/837/797 565/590/565 563/588/563 795/835/795 
f 798/838/798 799/839/799 797/837/797 796/836/796 
f 799/839/799 567/592/567 565/590/565 797/837/797 
f 800/840/800 801/841/801 799/839/799 798/838/798 
f 801/841/801 569/594/569 567/592/567 799/839/799 
f 802/842/802 803/843/803 801/841/801 800/840/800 
f 803/843/803 571/596/571 569/594/569 801/841/801 
f 580/605/580 578/603/578 803/843/803 802/842/802 
f 800/840/800 804/844/804 805/845/805 802/842/802 
f 804/844/804 806/846/806 807/847/807 805/845/805 
f 806/846/806 808/848/808 809/849/809 807/847/807 
f 808/848/808 810/850/810 811/851/811 809/849/809 
f 810/850/810 812/852/812 813/853/813 811/851/811 
f 812/852/812 814/854/814 815/855/815 813/853/813 
f 814/854/814 816/856/816 817/857/817 815/855/815 
f 816/856/816 818/858/818 819/859/819 817/857/817 
f 818/858/818 820/860/820 821/861/821 819/859/819 
f 820/860/820 822/862/822 823/863/823 821/861/821 
f 824/864/824 825/865/825 823/863/823 822/862/822 
f 825/865/825 602/627/602 600/625/600 823/863/823 
f 826/866/826 827/867/827 825/865/825 824/864/824 
f 827/867/827 828/868/828 602/627/602 825/865/825 
f 829/869/829 830/870/830 828/868/828 827/867/827 
f 830/870/830 831/871/831 832/872/832 828/868/828 
f 831/871/831 833/873/833 834/874/834 832/872/832 
f 833/873/833 835/875/835 836/876/836 834/874/834 
f 835/875/835 837/877/837 838/878/838 836/876/836 
f 837/879/837 839/880/839 840/881/840 838/882/838 
f 839/880/839 841/883/841 842/884/842 840/881/840 
f 841/883/841 843/885/843 844/886/844 842/884/842 
f 843/885/843 845/887/845 846/888/846 844/886/844 
f 845/887/845 847/889/847 848/890/848 846/888/846 
f 847/889/847 849/891/849 850/892/850 848/890/848 
f 849/891/849 851/893/851 852/894/852 850/892/850 
f 851/893/851 853/895/853 854/896/854 852/894/852 
f 853/895/853 855/897/855 856/898/856 854/896/854 
f 855/899/855 857/900/857 858/901/858 856/902/856 
f 857/900/857 859/903/859 860/904/860 858/901/858 
f 859/903/859 861/905/861 862/906/862 860/904/860 
f 861/905/861 863/907/863 864/908/864 862/906/862 
f 863/907/863 865/909/865 866/910/866 864/908/864 
f 865/909/865 867/911/867 868/912/868 866/910/866 
f 867/911/867 869/913/869 870/914/870 868/912/868 
f 869/913/869 871/915/871 872/916/872 870/914/870 
f 871/915/871 873/917/873 874/918/874 872/916/872 
f 873/917/873 875/919/875 876/920/876 874/918/874 
f 875/919/875 877/921/877 878/922/878 876/920/876 
f 877/921/877 879/923/879 880/924/880 878/922/878 
f 879/923/879 881/925/881 882/926/882 880/924/880 
f 881/925/881 883/927/883 884/928/884 882/926/882 
f 883/927/883 885/929/885 886/930/886 884/928/884 
f 885/929/885 887/931/887 888/932/888 886/930/886 
f 887/931/887 889/933/889 663/692/663 888/932/888 
f 890/934/890 891/935/891 889/933/889 887/936/887 
f 891/935/891 892/937/892 666/696/666 889/933/889 
f 893/938/893 894/939/894 892/940/892 891/941/891 
f 894/939/894 895/942/895 896/943/896 892/940/892 
f 897/944/897 898/945/898 896/943/896 895/942/895 
f 668/699/668 667/698/667 896/946/896 898/947/898 
f 899/948/899 900/949/900 898/945/898 897/944/897 
f 670/702/670 668/699/668 898/947/898 900/950/900 
f 901/951/901 902/952/902 900/949/900 899/948/899 
f 672/704/672 670/702/670 900/950/900 902/953/902 
f 901/951/901 903/954/903 904/955/904 902/952/902 
f 903/954/903 905/956/905 906/957/906 904/955/904 
f 905/956/905 907/958/907 908/959/908 906/957/906 
f 907/958/907 909/960/909 910/961/910 908/959/908 
f 909/960/909 911/962/911 912/963/912 910/961/910 
f 913/964/913 914/965/914 912/963/912 911/962/911 
f 914/966/914 684/718/684 682/715/682 912/967/912 
f 915/968/915 916/969/916 914/965/914 913/964/913 
f 916/970/916 686/720/686 684/718/684 914/966/914 
f 917/971/917 918/972/918 916/969/916 915/968/915 
f 918/973/918 688/722/688 686/720/686 916/970/916 
f 917/971/917 919/974/919 920/975/920 918/972/918 
f 919/974/919 921/976/921 922/977/922 920/975/920 
f 923/978/923 924/979/924 922/977/922 921/976/921 
f 924/980/924 694/730/694 692/726/692 922/981/922 
f 925/982/925 926/983/926 924/979/924 923/978/923 
f 926/984/926 696/732/696 694/730/694 924/980/924 
f 927/985/927 928/986/928 926/983/926 925/982/925 
f 928/987/928 698/734/698 696/732/696 926/984/926 
f 929/988/929 930/989/930 928/986/928 927/985/927 
f 930/990/930 700/736/700 698/734/698 928/987/928 
f 931/991/931 932/992/932 930/989/930 929/988/929 
f 932/993/932 702/738/702 700/736/700 930/990/930 
f 933/994/933 934/995/934 932/992/932 931/991/931 
f 934/996/934 704/740/704 702/738/702 932/993/932 
f 933/994/933 935/997/935 936/998/936 934/995/934 
f 935/997/935 937/999/937 938/1000/938 936/998/936 
f 937/999/937 939/1001/939 940/1002/940 938/1000/938 
f 939/1001/939 941/1003/941 942/1004/942 940/1002/940 
f 943/1005/943 944/1006/944 942/1004/942 941/1003/941 
f 944/1007/944 714/750/714 712/748/712 942/1008/942 
f 945/1009/945 946/1010/946 944/1006/944 943/1005/943 
f 946/1011/946 716/752/716 714/750/714 944/1007/944 
f 947/1012/947 948/1013/948 946/1010/946 945/1009/945 
f 948/1014/948 718/754/718 716/752/716 946/1011/946 
f 949/1015/949 950/1016/950 948/1013/948 947/1012/947 
f 950/1017/950 720/756/720 718/754/718 948/1014/948 
f 951/1018/951 952/1019/952 950/1016/950 949/1015/949 
f 952/1019/952 722/758/722 720/761/720 950/1016/950 
f 953/1020/953 954/1021/954 952/1019/952 951/1018/951 
f 954/1021/954 724/762/724 722/758/722 952/1019/952 
f 955/1022/955 956/1023/956 954/1021/954 953/1020/953 
f 956/1023/956 726/764/726 724/762/724 954/1021/954 
f 957/1024/957 958/1025/958 956/1023/956 955/1022/955 
f 958/1025/958 728/766/728 726/764/726 956/1023/956 
f 959/1026/959 960/1027/960 958/1025/958 957/1024/957 
f 960/1027/960 730/768/730 728/766/728 958/1025/958 
f 961/1028/961 962/1029/962 960/1027/960 959/1026/959 
f 962/1029/962 732/770/732 730/768/730 960/1027/960 
f 963/1030/963 964/1031/964 962/1029/962 961/1028/961 
f 964/1031/964 734/772/734 732/770/732 962/1029/962 
f 965/1032/965 966/1033/966 964/1031/964 963/1030/963 
f 966/1033/966 736/774/736 734/772/734 964/1031/964 
f 965/1032/965 967/1034/967 968/1035/968 966/1033/966 
f 967/1034/967 969/1036/969 970/1037/970 968/1035/968 
f 969/1036/969 971/1038/971 972/1039/972 970/1037/970 
f 971/1038/971 973/1040/973 974/1041/974 972/1039/972 
f 975/1042/975 976/1043/976 974/1041/974 973/1040/973 
f 746/784/746 744/782/744 974/1041/974 976/1043/976 
f 975/1042/975 977/1044/977 978/1045/978 976/1043/976 
f 977/1044/977 979/1046/979 980/1047/980 978/1045/978 
f 979/1046/979 981/1048/981 982/1049/982 980/1047/980 
f 983/1050/983 984/1051/984 982/1049/982 981/1048/981 
f 984/1051/984 754/792/754 752/790/752 982/1049/982 
f 985/1052/985 986/1053/986 984/1051/984 983/1050/983 
f 986/1054/986 987/1055/987 754/1056/754 984/1057/984 
f 988/1058/988 989/1059/989 987/1055/987 986/1054/986 
f 989/1059/989 990/1060/990 991/1061/991 987/1055/987 
f 990/1060/990 992/1062/992 993/1063/993 991/1061/991 
f 992/1064/992 994/1065/994 995/1066/995 993/1063/993 
f 994/1065/994 996/1067/996 997/1068/997 995/1066/995 
f 996/1067/996 998/1069/998 999/1070/999 997/1068/997 
f 998/1069/998 1000/1071/1000 1001/1072/1001 999/1070/999 
f 1000/1071/1000 1002/1073/1002 1003/1074/1003 1001/1072/1001 
f 1002/1073/1002 1004/1075/1004 1005/1076/1005 1003/1074/1003 
f 1004/1075/1004 1006/1077/1006 1007/1078/1007 1005/1076/1005 
f 1006/1077/1006 1008/1079/1008 1009/1080/1009 1007/1078/1007 
f 1008/1079/1008 1010/1081/1010 1011/1082/1011 1009/1080/1009 
f 1010/1081/1010 1012/1083/1012 1013/1084/1013 1011/1082/1011 
f 1012/1083/1012 784/824/784 782/820/782 1013/1084/1013 
f 1014/1085/1014 1015/1086/1015 1012/1083/1012 1010/1081/1010 
f 1015/1086/1015 786/826/786 784/824/784 1012/1083/1012 
f 1016/1087/1016 1017/1088/1017 1015/1086/1015 1014/1085/1014 
f 1017/1088/1017 788/828/788 786/826/786 1015/1086/1015 
f 1018/1089/1018 1019/1090/1019 1017/1088/1017 1016/1087/1016 
f 1019/1090/1019 790/830/790 788/828/788 1017/1088/1017 
f 1020/1091/1020 1021/1092/1021 1019/1090/1019 1018/1089/1018 
f 1021/1092/1021 792/832/792 790/830/790 1019/1090/1019 
f 1022/1093/1022 1023/1094/1023 1021/1092/1021 1020/1091/1020 
f 1023/1094/1023 794/834/794 792/832/792 1021/1092/1021 
f 1024/1095/1024 1025/1096/1025 1023/1094/1023 1022/1093/1022 
f 1025/1096/1025 796/836/796 794/834/794 1023/1094/1023 
f 1026/1097/1026 1027/1098/1027 1025/1096/1025 1024/1095/1024 
f 1027/1098/1027 798/838/798 796/836/796 1025/1096/1025 
f 806/846/806 804/844/804 1027/1098/1027 1026/1097/1026 
f 1024/1095/1024 1028/1099/1028 1029/1100/1029 1026/1097/1026 
f 1028/1099/1028 1030/1101/1030 1031/1102/1031 1029/1100/1029 
f 1030/1101/1030 1032/1103/1032 1033/1104/1033 1031/1102/1031 
f 1032/1103/1032 1034/1105/1034 1035/1106/1035 1033/1104/1033 
f 1034/1105/1034 1036/1107/1036 1037/1108/1037 1035/1106/1035 
f 1036/1107/1036 1038/1109/1038 1039/1110/1039 1037/1108/1037 
f 1038/1109/1038 1040/1111/1040 1041/1112/1041 1039/1110/1039 
f 1040/1111/1040 1042/1113/1042 1043/1114/1043 1041/1112/1041 
f 1044/1115/1044 1045/1116/1045 1043/1114/1043 1042/1113/1042 
f 1045/1116/1045 824/864/824 822/862/822 1043/1114/1043 
f 1046/1117/1046 1047/1118/1047 1045/1116/1045 1044/1115/1044 
f 1047/1118/1047 826/866/826 824/864/824 1045/1116/1045 
f 1048/1119/1048 1049/1120/1049 1047/1118/1047 1046/1117/1046 
f 1049/1120/1049 1050/1121/1050 826/866/826 1047/1118/1047 
f 1051/1122/1051 1052/1123/1052 1050/1121/1050 1049/1120/1049 
f 1052/1123/1052 1053/1124/1053 829/869/829 1050/1121/1050 
f 1054/1125/1054 1055/1126/1055 1053/1127/1053 1052/1128/1052 
f 1055/1126/1055 1056/1129/1056 1057/1130/1057 1053/1127/1053 
f 1056/1129/1056 1058/1131/1058 1059/1132/1059 1057/1130/1057 
f 1058/1131/1058 1060/1133/1060 1061/1134/1061 1059/1132/1059 
f 1062/1135/1062 1063/1136/1063 1061/1134/1061 1060/1133/1060 
f 835/875/835 833/873/833 1061/1137/1061 1063/1138/1063 
f 1062/1135/1062 1064/1139/1064 1065/1140/1065 1063/1136/1063 
f 1064/1139/1064 1066/1141/1066 1067/1142/1067 1065/1140/1065 
f 1066/1141/1066 1068/1143/1068 1069/1144/1069 1067/1142/1067 
f 1068/1143/1068 1070/1145/1070 1071/1146/1071 1069/1144/1069 
f 1072/1147/1072 1073/1148/1073 1071/1146/1071 1070/1145/1070 
f 845/887/845 843/885/843 1071/1149/1071 1073/1150/1073 
f 1074/1151/1074 1075/1152/1075 1073/1148/1073 1072/1147/1072 
f 847/889/847 845/887/845 1073/1150/1073 1075/1153/1075 
f 1076/1154/1076 1077/1155/1077 1075/1152/1075 1074/1151/1074 
f 849/891/849 847/889/847 1075/1153/1075 1077/1156/1077 
f 1078/1157/1078 1079/1158/1079 1077/1155/1077 1076/1154/1076 
f 851/893/851 849/891/849 1077/1156/1077 1079/1159/1079 
f 1078/1157/1078 1080/1160/1080 1081/1161/1081 1079/1158/1079 
f 1080/1160/1080 1082/1162/1082 1083/1163/1083 1081/1161/1081 
f 1082/1162/1082 1084/1164/1084 1085/1165/1085 1083/1163/1083 
f 1086/1166/1086 1087/1167/1087 1085/1165/1085 1084/1164/1084 
f 859/903/859 857/900/857 1085/1168/1085 1087/1169/1087 
f 1088/1170/1088 1089/1171/1089 1087/1167/1087 1086/1166/1086 
f 861/905/861 859/903/859 1087/1169/1087 1089/1172/1089 
f 1090/1173/1090 863/907/863 861/905/861 1089/1172/1089 
f 1089/1171/1089 1088/1170/1088 1091/1174/1091 1090/1175/1090 
f 1092/1176/1092 1093/1177/1093 1090/1175/1090 1091/1174/1091 
f 1093/1178/1093 865/909/865 863/907/863 1090/1173/1090 
f 1094/1179/1094 1095/1180/1095 1093/1177/1093 1092/1176/1092 
f 867/911/867 865/909/865 1093/1178/1093 1095/1181/1095 
f 1094/1179/1094 1096/1182/1096 1097/1183/1097 1095/1180/1095 
f 1096/1182/1096 1098/1184/1098 1099/1185/1099 1097/1183/1097 
f 1098/1184/1098 1100/1186/1100 1101/1187/1101 1099/1185/1099 
f 1100/1186/1100 1102/1188/1102 1103/1189/1103 1101/1187/1101 
f 1104/1190/1104 1105/1191/1105 1103/1189/1103 1102/1188/1102 
f 877/921/877 875/919/875 1103/1192/1103 1105/1193/1105 
f 1106/1194/1106 1107/1195/1107 1105/1191/1105 1104/1190/1104 
f 879/923/879 877/921/877 1105/1193/1105 1107/1196/1107 
f 1108/1197/1108 1109/1198/1109 1107/1195/1107 1106/1194/1106 
f 881/925/881 879/923/879 1107/1196/1107 1109/1199/1109 
f 1110/1200/1110 1111/1201/1111 1109/1198/1109 1108/1197/1108 
f 883/927/883 881/925/881 1109/1199/1109 1111/1202/1111 
f 1110/1200/1110 1112/1203/1112 1113/1204/1113 1111/1201/1111 
f 1112/1203/1112 1114/1205/1114 890/1206/890 1113/1204/1113 
f 1115/1207/1115 1116/1208/1116 1114/1205/1114 1112/1203/1112 
f 1116/1208/1116 1117/1209/1117 893/938/893 1114/1205/1114 
f 1118/1210/1118 1119/1211/1119 1117/1209/1117 1116/1208/1116 
f 1119/1211/1119 1120/1212/1120 1121/1213/1121 1117/1209/1117 
f 1122/1214/1122 1123/1215/1123 1121/1213/1121 1120/1212/1120 
f 895/942/895 894/939/894 1121/1213/1121 1123/1215/1123 
f 1124/1216/1124 897/944/897 895/942/895 1123/1215/1123 
f 1123/1215/1123 1122/1214/1122 1125/1217/1125 1124/1216/1124 
f 1126/1218/1126 1127/1219/1127 1124/1216/1124 1125/1217/1125 
f 1127/1219/1127 899/948/899 897/944/897 1124/1216/1124 
f 905/956/905 903/954/903 1127/1219/1127 1126/1218/1126 
f 1125/1217/1125 1128/1220/1128 1129/1221/1129 1126/1218/1126 
f 1128/1220/1128 1130/1222/1130 1131/1223/1131 1129/1221/1129 
f 1132/1224/1132 1133/1225/1133 1131/1223/1131 1130/1222/1130 
f 1133/1225/1133 911/962/911 909/960/909 1131/1223/1131 
f 1134/1226/1134 1135/1227/1135 1133/1225/1133 1132/1224/1132 
f 1135/1227/1135 913/964/913 911/962/911 1133/1225/1133 
f 1136/1228/1136 1137/1229/1137 1135/1227/1135 1134/1226/1134 
f 1137/1229/1137 915/968/915 913/964/913 1135/1227/1135 
f 921/976/921 919/974/919 1137/1229/1137 1136/1228/1136 
f 1134/1226/1134 1138/1230/1138 1139/1231/1139 1136/1228/1136 
f 1138/1230/1138 1140/1232/1140 1141/1233/1141 1139/1231/1139 
f 1142/1234/1142 1143/1235/1143 1141/1233/1141 1140/1232/1140 
f 1143/1235/1143 927/985/927 925/982/925 1141/1233/1141 
f 1144/1236/1144 1145/1237/1145 1143/1235/1143 1142/1234/1142 
f 1145/1237/1145 929/988/929 927/985/927 1143/1235/1143 
f 1146/1238/1146 1147/1239/1147 1145/1237/1145 1144/1236/1144 
f 1147/1239/1147 931/991/931 929/988/929 1145/1237/1145 
f 937/999/937 935/997/935 1147/1239/1147 1146/1238/1146 
f 1144/1236/1144 1148/1240/1148 1149/1241/1149 1146/1238/1146 
f 1148/1240/1148 1150/1242/1150 1151/1243/1151 1149/1241/1149 
f 1150/1242/1150 1152/1244/1152 1153/1245/1153 1151/1243/1151 
f 1152/1244/1152 1154/1246/1154 1155/1247/1155 1153/1245/1153 
f 1154/1246/1154 1156/1248/1156 1157/1249/1157 1155/1247/1155 
f 1156/1248/1156 961/1028/961 959/1026/959 1157/1249/1157 
f 1158/1250/1158 1159/1251/1159 1156/1248/1156 1154/1246/1154 
f 1159/1251/1159 963/1030/963 961/1028/961 1156/1248/1156 
f 969/1036/969 967/1034/967 1159/1251/1159 1158/1250/1158 
f 1154/1246/1154 1152/1244/1152 1160/1252/1160 1158/1250/1158 
f 971/1038/971 969/1036/969 1158/1250/1158 1160/1252/1160 
f 1161/1253/1161 973/1040/973 971/1038/971 1160/1252/1160 
f 1152/1244/1152 1150/1242/1150 1161/1253/1161 1160/1252/1160 
f 1162/1254/1162 1163/1255/1163 1155/1247/1155 1157/1249/1157 
f 1164/1256/1164 1165/1257/1165 1163/1255/1163 1162/1254/1162 
f 1165/1257/1165 1166/1258/1166 1167/1259/1167 1163/1255/1163 
f 1166/1258/1166 943/1005/943 941/1003/941 1167/1259/1167 
f 1151/1243/1151 1153/1245/1153 1167/1259/1167 941/1003/941 
f 1168/1260/1168 1169/1261/1169 1166/1258/1166 1165/1257/1165 
f 1169/1261/1169 945/1009/945 943/1005/943 1166/1258/1166 
f 1168/1260/1168 1170/1262/1170 1171/1263/1171 1169/1261/1169 
f 1170/1262/1170 953/1020/953 951/1018/951 1171/1263/1171 
f 951/1018/951 949/1015/949 947/1012/947 1171/1263/1171 
f 1171/1263/1171 947/1012/947 945/1009/945 1169/1261/1169 
f 1165/1257/1165 1164/1256/1164 1170/1262/1170 1168/1260/1168 
f 1153/1245/1153 1155/1247/1155 1163/1255/1163 1167/1259/1167 
f 1164/1256/1164 955/1022/955 953/1020/953 1170/1262/1170 
f 1162/1254/1162 957/1024/957 955/1022/955 1164/1256/1164 
f 1157/1249/1157 959/1026/959 957/1024/957 1162/1254/1162 
f 1150/1242/1150 1148/1240/1148 1172/1264/1172 1161/1253/1161 
f 1173/1265/1173 973/1040/973 1161/1253/1161 1172/1264/1172 
f 1173/1265/1173 1174/1266/1174 1175/1267/1175 973/1040/973 
f 1174/1266/1174 1132/1224/1132 1130/1222/1130 1175/1267/1175 
f 1130/1222/1130 1128/1220/1128 1176/1268/1176 1175/1267/1175 
f 1177/1269/1177 973/1040/973 1175/1267/1175 1176/1268/1176 
f 1176/1268/1176 1122/1214/1122 1120/1212/1120 1177/1269/1177 
f 1120/1212/1120 1119/1211/1119 1178/1270/1178 1177/1269/1177 
f 1179/1271/1179 973/1040/973 1177/1269/1177 1178/1270/1178 
f 1178/1270/1178 1180/1272/1180 1181/1273/1181 1179/1271/1179 
f 1180/1272/1180 1182/1274/1182 1183/1275/1183 1181/1273/1181 
f 1182/1274/1182 1104/1190/1104 1102/1188/1102 1183/1275/1183 
f 1184/1276/1184 1185/1277/1185 1183/1275/1183 1102/1188/1102 
f 1186/1278/1186 1187/1279/1187 1185/1277/1185 1184/1276/1184 
f 1187/1279/1187 1188/1280/1188 1189/1281/1189 1185/1277/1185 
f 1188/1280/1188 1190/1282/1190 1191/1283/1191 1189/1281/1189 
f 1190/1282/1190 977/1044/977 975/1042/975 1191/1283/1191 
f 975/1042/975 973/1040/973 1179/1271/1179 1191/1283/1191 
f 1188/1280/1188 1187/1279/1187 1192/1284/1192 1190/1282/1190 
f 979/1046/979 977/1044/977 1190/1282/1190 1192/1284/1192 
f 1179/1271/1179 1181/1273/1181 1189/1281/1189 1191/1283/1191 
f 1187/1279/1187 1186/1278/1186 1193/1285/1193 1192/1284/1192 
f 981/1048/981 979/1046/979 1192/1284/1192 1193/1285/1193 
f 1193/1285/1193 1194/1286/1194 1195/1287/1195 981/1048/981 
f 1194/1286/1194 1196/1288/1196 1197/1289/1197 1195/1287/1195 
f 1196/1288/1196 1198/1290/1198 1199/1291/1199 1197/1289/1197 
f 1198/1290/1198 1088/1170/1088 1086/1166/1086 1199/1291/1199 
f 1200/1292/1200 1201/1293/1201 1198/1290/1198 1196/1288/1196 
f 1201/1293/1201 1091/1174/1091 1088/1170/1088 1198/1290/1198 
f 1202/1294/1202 1092/1176/1092 1091/1174/1091 1201/1293/1201 
f 1201/1293/1201 1200/1292/1200 1203/1295/1203 1202/1294/1202 
f 1098/1184/1098 1096/1182/1096 1202/1294/1202 1203/1295/1203 
f 1200/1292/1200 1204/1296/1204 1205/1297/1205 1203/1295/1203 
f 1204/1296/1204 1186/1278/1186 1184/1276/1184 1205/1297/1205 
f 1100/1186/1100 1098/1184/1098 1203/1295/1203 1205/1297/1205 
f 1196/1288/1196 1194/1286/1194 1204/1296/1204 1200/1292/1200 
f 1206/1298/1206 1207/1299/1207 1197/1289/1197 1199/1291/1199 
f 1206/1298/1206 1208/1300/1208 1209/1301/1209 1207/1299/1207 
f 1208/1300/1208 1210/1302/1210 1211/1303/1211 1209/1301/1209 
f 1210/1302/1210 1076/1154/1076 1074/1151/1074 1211/1303/1211 
f 1082/1162/1082 1080/1160/1080 1210/1302/1210 1208/1300/1208 
f 1212/1304/1212 1213/1305/1213 1209/1301/1209 1211/1303/1211 
f 1214/1306/1214 1215/1307/1215 1213/1305/1213 1212/1304/1212 
f 1215/1307/1215 1216/1308/1216 1217/1309/1217 1213/1305/1213 
f 1216/1308/1216 981/1048/981 1195/1287/1195 1217/1309/1217 
f 1195/1287/1195 1197/1289/1197 1207/1299/1207 1217/1309/1217 
f 1218/1310/1218 1219/1311/1219 1216/1308/1216 1215/1307/1215 
f 1219/1311/1219 1220/1312/1220 981/1048/981 1216/1308/1216 
f 1221/1313/1221 983/1050/983 981/1048/981 1220/1312/1220 
f 1220/1312/1220 1222/1314/1222 1223/1315/1223 1221/1313/1221 
f 1222/1314/1222 1224/1316/1224 1225/1317/1225 1223/1315/1223 
f 1224/1316/1224 1055/1126/1055 1054/1125/1054 1225/1317/1225 
f 1226/1318/1226 1227/1319/1227 1225/1317/1225 1054/1125/1054 
f 1226/1318/1226 1228/1320/1228 1229/1321/1229 1227/1319/1227 
f 1228/1320/1228 1230/1322/1230 1231/1323/1231 1229/1321/1229 
f 1232/1324/1232 1233/1325/1233 1231/1323/1231 1230/1322/1230 
f 1233/1325/1233 1234/1326/1234 1235/1327/1235 1231/1328/1231 
f 1234/1326/1234 1236/1329/1236 1237/1330/1237 1235/1327/1235 
f 1236/1329/1236 1238/1331/1238 1239/1332/1239 1237/1330/1237 
f 988/1333/988 1240/1334/1240 1239/1332/1239 1238/1331/1238 
f 1241/1335/1241 1242/1336/1242 1238/1337/1238 1236/1338/1236 
f 989/1059/989 988/1058/988 1238/1337/1238 1242/1336/1242 
f 1243/1339/1243 1244/1340/1244 1242/1336/1242 1241/1335/1241 
f 990/1060/990 989/1059/989 1242/1336/1242 1244/1340/1244 
f 1243/1339/1243 1245/1341/1245 1246/1342/1246 1244/1340/1244 
f 1245/1341/1245 1247/1343/1247 1248/1344/1248 1246/1342/1246 
f 1247/1343/1247 1249/1345/1249 1250/1346/1250 1248/1344/1248 
f 1249/1345/1249 1251/1347/1251 1252/1348/1252 1250/1346/1250 
f 1251/1347/1251 1253/1349/1253 1254/1350/1254 1252/1348/1252 
f 1253/1349/1253 1255/1351/1255 1256/1352/1256 1254/1350/1254 
f 1255/1351/1255 1257/1353/1257 1258/1354/1258 1256/1352/1256 
f 1257/1353/1257 1259/1355/1259 1260/1356/1260 1258/1354/1258 
f 1259/1355/1259 1261/1357/1261 1262/1358/1262 1260/1356/1260 
f 1261/1357/1261 1016/1087/1016 1014/1085/1014 1262/1358/1262 
f 1263/1359/1263 1264/1360/1264 1261/1357/1261 1259/1355/1259 
f 1264/1360/1264 1018/1089/1018 1016/1087/1016 1261/1357/1261 
f 1265/1361/1265 1266/1362/1266 1264/1360/1264 1263/1359/1263 
f 1266/1362/1266 1020/1091/1020 1018/1089/1018 1264/1360/1264 
f 1267/1363/1267 1268/1364/1268 1266/1362/1266 1265/1361/1265 
f 1268/1364/1268 1022/1093/1022 1020/1091/1020 1266/1362/1266 
f 1030/1101/1030 1028/1099/1028 1268/1364/1268 1267/1363/1267 
f 1265/1361/1265 1269/1365/1269 1270/1366/1270 1267/1363/1267 
f 1269/1365/1269 1271/1367/1271 1272/1368/1272 1270/1366/1270 
f 1271/1367/1271 1273/1369/1273 1274/1370/1274 1272/1368/1272 
f 1273/1369/1273 1275/1371/1275 1276/1372/1276 1274/1370/1274 
f 1275/1371/1275 1277/1373/1277 1278/1374/1278 1276/1372/1276 
f 1277/1373/1277 1279/1375/1279 1280/1376/1280 1278/1374/1278 
f 1281/1377/1281 1282/1378/1282 1280/1376/1280 1279/1375/1279 
f 1282/1378/1282 1044/1115/1044 1042/1113/1042 1280/1376/1280 
f 1283/1379/1283 1284/1380/1284 1282/1378/1282 1281/1377/1281 
f 1284/1380/1284 1046/1117/1046 1044/1115/1044 1282/1378/1282 
f 1285/1381/1285 1286/1382/1286 1284/1380/1284 1283/1379/1283 
f 1286/1382/1286 1048/1119/1048 1046/1117/1046 1284/1380/1284 
f 1233/1383/1233 1232/1384/1232 1286/1382/1286 1285/1381/1285 
f 1283/1379/1283 1287/1385/1287 1288/1386/1288 1285/1381/1285 
f 1287/1385/1287 1243/1339/1243 1241/1335/1241 1288/1386/1288 
f 1234/1387/1234 1233/1383/1233 1285/1381/1285 1288/1386/1288 
f 1281/1377/1281 1289/1388/1289 1287/1385/1287 1283/1379/1283 
f 1289/1388/1289 1245/1341/1245 1243/1339/1243 1287/1385/1287 
f 1281/1377/1281 1279/1375/1279 1290/1389/1290 1289/1388/1289 
f 1247/1343/1247 1245/1341/1245 1289/1388/1289 1290/1389/1290 
f 1279/1375/1279 1277/1373/1277 1291/1390/1291 1290/1389/1290 
f 1249/1345/1249 1247/1343/1247 1290/1389/1290 1291/1390/1291 
f 1277/1373/1277 1275/1371/1275 1292/1391/1292 1291/1390/1291 
f 1251/1347/1251 1249/1345/1249 1291/1390/1291 1292/1391/1292 
f 1042/1113/1042 1040/1111/1040 1278/1374/1278 1280/1376/1280 
f 1275/1371/1275 1273/1369/1273 1293/1392/1293 1292/1391/1292 
f 1253/1349/1253 1251/1347/1251 1292/1391/1292 1293/1392/1293 
f 1040/1111/1040 1038/1109/1038 1276/1372/1276 1278/1374/1278 
f 1273/1369/1273 1271/1367/1271 1294/1393/1294 1293/1392/1293 
f 1255/1351/1255 1253/1349/1253 1293/1392/1293 1294/1393/1294 
f 1038/1109/1038 1036/1107/1036 1274/1394/1274 1276/1372/1276 
f 1271/1367/1271 1269/1365/1269 1295/1395/1295 1294/1393/1294 
f 1257/1353/1257 1255/1351/1255 1294/1393/1294 1295/1395/1295 
f 1036/1107/1036 1034/1105/1034 1272/1368/1272 1274/1394/1274 
f 1269/1365/1269 1265/1361/1265 1263/1359/1263 1295/1395/1295 
f 1034/1105/1034 1032/1103/1032 1270/1366/1270 1272/1368/1272 
f 1032/1103/1032 1030/1101/1030 1267/1363/1267 1270/1366/1270 
f 1259/1355/1259 1257/1353/1257 1295/1395/1295 1263/1359/1263 
f 1008/1079/1008 1006/1077/1006 1260/1356/1260 1262/1358/1262 
f 1006/1077/1006 1004/1075/1004 1258/1354/1258 1260/1356/1260 
f 1004/1075/1004 1002/1073/1002 1256/1352/1256 1258/1354/1258 
f 1002/1073/1002 1000/1071/1000 1254/1350/1254 1256/1352/1256 
f 1000/1071/1000 998/1069/998 1252/1348/1252 1254/1350/1254 
f 998/1069/998 996/1067/996 1250/1346/1250 1252/1348/1252 
f 996/1067/996 994/1065/994 1248/1344/1248 1250/1346/1250 
f 994/1065/994 992/1064/992 1246/1342/1246 1248/1344/1248 
f 992/1062/992 990/1060/990 1244/1340/1244 1246/1342/1246 
f 1236/1338/1236 1234/1387/1234 1288/1386/1288 1241/1335/1241 
f 1240/1334/1240 1296/1396/1296 1237/1330/1237 1239/1332/1239 
f 985/1052/985 1297/1397/1297 1296/1396/1296 1240/1334/1240 
f 1297/1397/1297 1298/1398/1298 1299/1399/1299 1296/1396/1296 
f 1298/1398/1298 1227/1319/1227 1229/1321/1229 1299/1399/1299 
f 1221/1313/1221 1223/1315/1223 1298/1398/1298 1297/1397/1297 
f 1297/1397/1297 985/1052/985 983/1050/983 1221/1313/1221 
f 1235/1327/1235 1237/1330/1237 1296/1396/1296 1299/1399/1299 
f 1299/1399/1299 1229/1321/1229 1231/1328/1231 1235/1327/1235 
f 1232/1384/1232 1300/1400/1300 1048/1119/1048 1286/1382/1286 
f 1230/1322/1230 1228/1320/1228 1300/1401/1300 1232/1324/1232 
f 1228/1320/1228 1226/1318/1226 1051/1402/1051 1300/1401/1300 
f 1223/1315/1223 1225/1317/1225 1227/1319/1227 1298/1398/1298 
f 1301/1403/1301 1302/1404/1302 1224/1316/1224 1222/1314/1222 
f 1302/1404/1302 1056/1129/1056 1055/1126/1055 1224/1316/1224 
f 1303/1405/1303 1304/1406/1304 1302/1404/1302 1301/1403/1301 
f 1304/1406/1304 1058/1131/1058 1056/1129/1056 1302/1404/1302 
f 1305/1407/1305 1306/1408/1306 1304/1406/1304 1303/1405/1303 
f 1306/1408/1306 1060/1133/1060 1058/1131/1058 1304/1406/1304 
f 1066/1141/1066 1064/1139/1064 1306/1408/1306 1305/1407/1305 
f 1307/1409/1307 1068/1143/1068 1066/1141/1066 1305/1407/1305 
f 1305/1407/1305 1303/1405/1303 1218/1310/1218 1307/1409/1307 
f 1219/1311/1219 1218/1310/1218 1303/1405/1303 1301/1403/1301 
f 1222/1314/1222 1220/1312/1220 1219/1311/1219 1301/1403/1301 
f 1215/1307/1215 1214/1306/1214 1307/1409/1307 1218/1310/1218 
f 1207/1299/1207 1209/1301/1209 1213/1305/1213 1217/1309/1217 
f 1214/1306/1214 1070/1145/1070 1068/1143/1068 1307/1409/1307 
f 1212/1304/1212 1072/1147/1072 1070/1145/1070 1214/1306/1214 
f 1211/1303/1211 1074/1151/1074 1072/1147/1072 1212/1304/1212 
f 1084/1164/1084 1082/1162/1082 1208/1300/1208 1206/1298/1206 
f 1199/1291/1199 1086/1166/1086 1084/1164/1084 1206/1298/1206 
f 1194/1286/1194 1193/1285/1193 1186/1278/1186 1204/1296/1204 
f 1181/1273/1181 1183/1275/1183 1185/1277/1185 1189/1281/1189 
f 1102/1188/1102 1100/1186/1100 1205/1297/1205 1184/1276/1184 
f 1118/1210/1118 1308/1410/1308 1182/1274/1182 1180/1272/1180 
f 1308/1410/1308 1106/1194/1106 1104/1190/1104 1182/1274/1182 
f 1119/1211/1119 1118/1210/1118 1180/1272/1180 1178/1270/1178 
f 1140/1232/1140 1138/1230/1138 1174/1266/1174 1173/1265/1173 
f 1172/1264/1172 1142/1234/1142 1140/1232/1140 1173/1265/1173 
f 1148/1240/1148 1144/1236/1144 1142/1234/1142 1172/1264/1172 
f 941/1003/941 939/1001/939 1149/1241/1149 1151/1243/1151 
f 939/1001/939 937/999/937 1146/1238/1146 1149/1241/1149 
f 1138/1230/1138 1134/1226/1134 1132/1224/1132 1174/1266/1174 
f 925/982/925 923/978/923 1139/1231/1139 1141/1233/1141 
f 923/978/923 921/976/921 1136/1228/1136 1139/1231/1139 
f 1128/1220/1128 1125/1217/1125 1122/1214/1122 1176/1268/1176 
f 909/960/909 907/958/907 1129/1221/1129 1131/1223/1131 
f 907/958/907 905/956/905 1126/1218/1126 1129/1221/1129 
f 894/939/894 893/938/893 1117/1209/1117 1121/1213/1121 
f 1116/1208/1116 1115/1207/1115 1308/1410/1308 1118/1210/1118 
f 1115/1207/1115 1108/1197/1108 1106/1194/1106 1308/1410/1308 
f 1112/1203/1112 1110/1200/1110 1108/1197/1108 1115/1207/1115 
f 885/929/885 883/927/883 1111/1202/1111 1113/1411/1113 
f 875/919/875 873/917/873 1101/1412/1101 1103/1192/1103 
f 873/917/873 871/915/871 1099/1413/1099 1101/1412/1101 
f 1096/1182/1096 1094/1179/1094 1092/1176/1092 1202/1294/1202 
f 871/915/871 869/913/869 1097/1414/1097 1099/1413/1099 
f 869/913/869 867/911/867 1095/1181/1095 1097/1414/1097 
f 857/900/857 855/899/855 1083/1415/1083 1085/1168/1085 
f 1080/1160/1080 1078/1157/1078 1076/1154/1076 1210/1302/1210 
f 855/897/855 853/895/853 1081/1416/1081 1083/1417/1083 
f 853/895/853 851/893/851 1079/1159/1079 1081/1416/1081 
f 843/885/843 841/883/841 1069/1418/1069 1071/1149/1071 
f 841/883/841 839/880/839 1067/1419/1067 1069/1418/1069 
f 1064/1139/1064 1062/1135/1062 1060/1133/1060 1306/1408/1306 
f 839/880/839 837/879/837 1065/1420/1065 1067/1419/1067 
f 837/877/837 835/875/835 1063/1138/1063 1065/1421/1065 
f 833/873/833 831/871/831 1059/1422/1059 1061/1137/1061 
f 831/871/831 830/870/830 1057/1423/1057 1059/1422/1059 
f 830/870/830 829/869/829 1053/1124/1053 1057/1423/1057 
f 1052/1128/1052 1051/1402/1051 1226/1318/1226 1054/1125/1054 
f 1049/1120/1049 1048/1119/1048 1300/1400/1300 1051/1122/1051 
f 822/862/822 820/860/820 1041/1112/1041 1043/1114/1043 
f 820/860/820 818/858/818 1039/1110/1039 1041/1112/1041 
f 818/858/818 816/856/816 1037/1108/1037 1039/1110/1039 
f 816/856/816 814/854/814 1035/1106/1035 1037/1108/1037 
f 814/854/814 812/852/812 1033/1104/1033 1035/1106/1035 
f 812/852/812 810/850/810 1031/1102/1031 1033/1104/1033 
f 1028/1099/1028 1024/1095/1024 1022/1093/1022 1268/1364/1268 
f 810/850/810 808/848/808 1029/1100/1029 1031/1102/1031 
f 808/848/808 806/846/806 1026/1097/1026 1029/1100/1029 
f 1010/1081/1010 1008/1079/1008 1262/1358/1262 1014/1085/1014 
f 776/1424/776 774/1425/774 1011/1082/1011 1013/1084/1013 
f 774/1425/774 772/1426/772 1009/1080/1009 1011/1082/1011 
f 772/1426/772 770/1427/770 1007/1078/1007 1009/1080/1009 
f 770/1427/770 768/1428/768 1005/1076/1005 1007/1078/1007 
f 768/1428/768 766/1429/766 1003/1074/1003 1005/1076/1005 
f 766/1429/766 764/1430/764 1001/1072/1001 1003/1074/1003 
f 764/1430/764 762/1431/762 999/1070/999 1001/1072/1001 
f 762/1431/762 760/1432/760 997/1068/997 999/1070/999 
f 760/1432/760 758/1433/758 995/1066/995 997/1068/997 
f 758/1433/758 756/1434/756 993/1063/993 995/1066/995 
f 756/1434/756 755/1435/755 991/1061/991 993/1063/993 
f 755/1435/755 754/1056/754 987/1055/987 991/1061/991 
f 986/1053/986 985/1052/985 1240/1334/1240 988/1333/988 
f 752/790/752 750/788/750 980/1047/980 982/1049/982 
f 750/788/750 748/786/748 978/1045/978 980/1047/980 
f 748/786/748 746/784/746 976/1043/976 978/1045/978 
f 744/782/744 742/780/742 972/1039/972 974/1041/974 
f 742/780/742 740/778/740 970/1037/970 972/1039/972 
f 967/1034/967 965/1032/965 963/1030/963 1159/1251/1159 
f 740/778/740 738/776/738 968/1035/968 970/1037/970 
f 738/776/738 736/774/736 966/1033/966 968/1035/968 
f 942/1008/942 712/748/712 710/746/710 940/1436/940 
f 940/1436/940 710/746/710 708/744/708 938/1437/938 
f 935/997/935 933/994/933 931/991/931 1147/1239/1147 
f 938/1437/938 708/744/708 706/742/706 936/1438/936 
f 936/1438/936 706/742/706 704/740/704 934/996/934 
f 919/974/919 917/971/917 915/968/915 1137/1229/1137 
f 922/981/922 692/726/692 690/729/690 920/1439/920 
f 920/1440/920 690/724/690 688/722/688 918/973/918 
f 912/967/912 682/715/682 680/713/680 910/1441/910 
f 680/713/680 678/710/678 908/1442/908 910/1441/910 
f 678/710/678 676/708/676 906/1443/906 908/1442/908 
f 903/954/903 901/951/901 899/948/899 1127/1219/1127 
f 676/708/676 674/706/674 904/1444/904 906/1443/906 
f 674/706/674 672/704/672 902/953/902 904/1444/904 
f 667/697/667 666/696/666 892/937/892 896/1445/896 
f 891/941/891 890/1206/890 1114/1205/1114 893/938/893 
f 887/936/887 885/929/885 1113/1411/1113 890/934/890 
f 658/687/658 656/685/656 886/930/886 888/932/888 
f 656/685/656 654/683/654 884/928/884 886/930/886 
f 654/683/654 652/681/652 882/926/882 884/928/884 
f 652/681/652 650/679/650 880/924/880 882/926/882 
f 650/679/650 648/677/648 878/922/878 880/924/880 
f 648/677/648 646/675/646 876/920/876 878/922/878 
f 646/675/646 644/673/644 874/918/874 876/920/876 
f 644/673/644 642/671/642 872/916/872 874/918/874 
f 642/671/642 640/669/640 870/914/870 872/916/872 
f 640/669/640 638/667/638 868/912/868 870/914/870 
f 638/667/638 636/665/636 866/910/866 868/912/868 
f 636/665/636 634/663/634 864/908/864 866/910/866 
f 634/663/634 632/661/632 862/906/862 864/908/864 
f 632/661/632 630/659/630 860/904/860 862/906/862 
f 630/659/630 628/656/628 858/901/858 860/904/860 
f 628/656/628 626/655/626 856/902/856 858/901/858 
f 626/653/626 624/651/624 854/896/854 856/898/856 
f 624/651/624 622/649/622 852/894/852 854/896/854 
f 622/649/622 620/647/620 850/892/850 852/894/852 
f 620/647/620 618/645/618 848/890/848 850/892/850 
f 618/645/618 616/643/616 846/888/846 848/890/848 
f 616/643/616 614/641/614 844/886/844 846/888/846 
f 614/641/614 612/639/612 842/884/842 844/886/844 
f 612/639/612 610/636/610 840/881/840 842/884/842 
f 610/636/610 608/635/608 838/882/838 840/881/840 
f 608/633/608 606/631/606 836/876/836 838/878/838 
f 606/631/606 604/629/604 834/874/834 836/876/836 
f 604/629/604 603/628/603 832/872/832 834/874/834 
f 603/628/603 602/627/602 828/868/828 832/872/832 
f 827/867/827 826/866/826 1050/1121/1050 829/869/829 
f 600/625/600 598/623/598 821/861/821 823/863/823 
f 598/623/598 596/621/596 819/859/819 821/861/821 
f 596/621/596 594/619/594 817/857/817 819/859/819 
f 594/619/594 592/617/592 815/855/815 817/857/817 
f 592/617/592 590/615/590 813/853/813 815/855/815 
f 590/615/590 588/613/588 811/851/811 813/853/813 
f 588/613/588 586/611/586 809/849/809 811/851/811 
f 586/611/586 584/609/584 807/847/807 809/849/809 
f 804/844/804 800/840/800 798/838/798 1027/1098/1027 
f 584/609/584 582/607/582 805/845/805 807/847/807 
f 582/607/582 580/605/580 802/842/802 805/845/805 
f 778/823/778 776/1424/776 1013/1084/1013 782/820/782 
f 541/564/541 539/562/539 779/817/779 781/819/781 
f 539/562/539 537/560/537 777/815/777 779/817/779 
f 537/560/537 535/558/535 775/813/775 777/815/777 
f 535/558/535 533/556/533 773/811/773 775/813/775 
f 533/556/533 531/554/531 771/809/771 773/811/773 
f 531/554/531 529/552/529 769/807/769 771/809/771 
f 529/552/529 527/550/527 767/805/767 769/807/769 
f 527/550/527 525/548/525 765/803/765 767/805/767 
f 525/548/525 523/546/523 763/801/763 765/803/765 
f 523/546/523 521/544/521 761/799/761 763/801/763 
f 521/544/521 520/542/520 759/797/759 761/799/761 
f 520/542/520 519/541/519 757/795/757 759/797/759 
f 757/795/757 519/541/519 751/789/751 753/791/753 
f 519/541/519 517/539/517 749/787/749 751/789/751 
f 517/539/517 515/537/515 747/785/747 749/787/749 
f 515/537/515 513/535/513 745/783/745 747/785/747 
f 513/535/513 511/533/511 743/781/743 745/783/745 
f 511/533/511 509/531/509 741/779/741 743/781/743 
f 509/531/509 507/529/507 739/777/739 741/779/741 
f 507/529/507 505/527/505 737/775/737 739/777/739 
f 505/527/505 503/525/503 735/773/735 737/775/737 
f 677/709/677 445/712/445 443/461/443 675/707/675 
f 675/707/675 443/461/443 441/459/441 673/705/673 
f 441/459/441 439/457/439 671/703/671 673/705/673 
f 439/457/439 438/456/438 669/700/669 671/703/671 
f 438/456/438 437/455/437 665/701/665 669/700/669 
f 664/693/664 663/692/663 889/933/889 666/696/666 
f 660/689/660 658/687/658 888/932/888 663/692/663 
f 1309/1446/1309 1310/1447/1310 659/688/659 661/690/661 
f 1311/1448/1311 1312/1449/1312 1310/1447/1310 1309/1446/1309 
f 1312/1449/1312 1313/1450/1313 1314/1451/1314 1310/1447/1310 
f 1313/1450/1313 1315/1452/1315 1316/1453/1316 1314/1451/1314 
f 1315/1452/1315 1317/1454/1317 1318/1455/1318 1316/1453/1316 
f 1317/1454/1317 1319/1456/1319 1320/1457/1320 1318/1455/1318 
f 1319/1456/1319 1321/1458/1321 1322/1459/1322 1320/1457/1320 
f 1321/1458/1321 1323/1460/1323 1324/1461/1324 1322/1459/1322 
f 1323/1460/1323 1325/1462/1325 1326/1463/1326 1324/1461/1324 
f 1325/1462/1325 1327/1464/1327 1328/1465/1328 1326/1463/1326 
f 1327/1464/1327 1329/1466/1329 1330/1467/1330 1328/1465/1328 
f 1329/1466/1329 1331/1468/1331 1332/1469/1332 1330/1467/1330 
f 1331/1468/1331 1333/1470/1333 1334/1471/1334 1332/1469/1332 
f 1333/1470/1333 1335/1472/1335 1336/1473/1336 1334/1471/1334 
f 1335/1472/1335 1337/1474/1337 1338/1475/1338 1336/1473/1336 
f 1337/1474/1337 1339/1476/1339 1340/1477/1340 1338/1475/1338 
f 1339/1476/1339 1341/1478/1341 1342/1479/1342 1340/1477/1340 
f 1341/1478/1341 1343/1480/1343 1344/1481/1344 1342/1479/1342 
f 1345/1482/1345 1346/1483/1346 1344/1484/1344 1343/1485/1343 
f 625/652/625 627/654/627 1344/1484/1344 1346/1483/1346 
f 1347/1486/1347 1348/1487/1348 1346/1483/1346 1345/1482/1345 
f 623/650/623 625/652/625 1346/1483/1346 1348/1487/1348 
f 1349/1488/1349 1350/1489/1350 1348/1487/1348 1347/1486/1347 
f 621/648/621 623/650/623 1348/1487/1348 1350/1489/1350 
f 1351/1490/1351 1352/1491/1352 1350/1489/1350 1349/1488/1349 
f 619/646/619 621/648/621 1350/1489/1350 1352/1491/1352 
f 1353/1492/1353 1354/1493/1354 1352/1491/1352 1351/1490/1351 
f 617/644/617 619/646/619 1352/1491/1352 1354/1493/1354 
f 1355/1494/1355 1356/1495/1356 1354/1493/1354 1353/1492/1353 
f 615/642/615 617/644/617 1354/1493/1354 1356/1495/1356 
f 1357/1496/1357 613/640/613 615/642/615 1356/1495/1356 
f 1356/1495/1356 1355/1494/1355 1358/1497/1358 1357/1496/1357 
f 1359/1498/1359 1360/1499/1360 1357/1496/1357 1358/1497/1358 
f 1360/1499/1360 611/637/611 613/640/613 1357/1496/1357 
f 1361/1500/1361 1362/1501/1362 1360/1499/1360 1359/1498/1359 
f 609/638/609 611/637/611 1360/1499/1360 1362/1501/1362 
f 1363/1502/1363 1364/1503/1364 1362/1504/1362 1361/1505/1361 
f 607/632/607 609/634/609 1362/1504/1362 1364/1503/1364 
f 1365/1506/1365 1366/1507/1366 1364/1503/1364 1363/1502/1363 
f 605/630/605 607/632/607 1364/1503/1364 1366/1507/1366 
f 599/624/599 601/626/601 605/630/605 1366/1507/1366 
f 597/622/597 599/624/599 1366/1507/1366 1365/1506/1365 
f 1363/1502/1363 1367/1508/1367 1368/1509/1368 1365/1506/1365 
f 1367/1508/1367 1369/1510/1369 1370/1511/1370 1368/1509/1368 
f 1369/1510/1369 1371/1512/1371 1372/1513/1372 1370/1511/1370 
f 1371/1512/1371 1373/1514/1373 1374/1515/1374 1372/1513/1372 
f 1373/1514/1373 1375/1516/1375 1376/1517/1376 1374/1515/1374 
f 1375/1516/1375 1377/1518/1377 1378/1519/1378 1376/1517/1376 
f 1377/1518/1377 1379/1520/1379 1380/1521/1380 1378/1519/1378 
f 1379/1520/1379 1381/1522/1381 1382/1523/1382 1380/1521/1380 
f 1381/1522/1381 1383/1524/1383 1384/1525/1384 1382/1523/1382 
f 1383/1524/1383 1385/1526/1385 1386/1527/1386 1384/1525/1384 
f 1385/1526/1385 1387/1528/1387 1388/1529/1388 1386/1527/1386 
f 1387/1528/1387 293/304/293 290/301/290 1388/1529/1388 
f 1389/1530/1389 1390/1531/1390 1387/1528/1387 1385/1526/1385 
f 1390/1531/1390 296/307/296 293/304/293 1387/1528/1387 
f 1389/1532/1389 1391/1533/1391 1392/1534/1392 1390/1531/1390 
f 1391/1533/1391 1393/1535/1393 1394/1536/1394 1392/1534/1392 
f 1393/1535/1393 1395/1537/1395 1396/1538/1396 1394/1536/1394 
f 1395/1537/1395 1397/1539/1397 1398/1540/1398 1396/1538/1396 
f 1397/1539/1397 1399/1541/1399 1400/1542/1400 1398/1540/1398 
f 1401/1543/1401 1402/1544/1402 1400/1542/1400 1399/1541/1399 
f 1403/1545/1403 1404/1546/1404 1400/1542/1400 1402/1544/1402 
f 315/326/315 312/323/312 1404/1546/1404 1403/1545/1403 
f 1402/1544/1402 1405/1547/1405 1406/1548/1406 1403/1545/1403 
f 1407/1549/1407 1408/1550/1408 1406/1548/1406 1405/1547/1405 
f 321/332/321 318/329/318 1406/1548/1406 1408/1550/1408 
f 1407/1549/1407 1409/1551/1409 1410/1552/1410 1408/1550/1408 
f 1409/1551/1409 1411/1553/1411 1412/1554/1412 1410/1552/1410 
f 1411/1553/1411 1413/1555/1413 1414/1556/1414 1412/1554/1412 
f 1413/1555/1413 1415/1557/1415 1416/1558/1416 1414/1556/1414 
f 1415/1557/1415 1417/1559/1417 1418/1560/1418 1416/1558/1416 
f 1417/1559/1417 1419/1561/1419 1420/1562/1420 1418/1560/1418 
f 1419/1561/1419 1421/1563/1421 1422/1564/1422 1420/1562/1420 
f 1421/1563/1421 1423/1565/1423 1424/1566/1424 1422/1564/1422 
f 1423/1565/1423 1425/1567/1425 1426/1568/1426 1424/1566/1424 
f 1425/1567/1425 1427/1569/1427 1428/1570/1428 1426/1568/1426 
f 1427/1569/1427 1429/1571/1429 1430/1572/1430 1428/1570/1428 
f 1429/1571/1429 1431/1573/1431 1432/1574/1432 1430/1572/1430 
f 1431/1573/1431 1433/1575/1433 1434/1576/1434 1432/1574/1432 
f 1433/1575/1433 1435/1577/1435 1436/1578/1436 1434/1576/1434 
f 1435/1577/1435 1437/1579/1437 1438/1580/1438 1436/1578/1436 
f 1437/1579/1437 1439/1581/1439 1440/1582/1440 1438/1580/1438 
f 1441/1583/1441 1442/1584/1442 1440/1582/1440 1439/1581/1439 
f 1442/1584/1442 369/380/369 366/377/366 1440/1582/1440 
f 1443/1585/1443 1444/1586/1444 1442/1584/1442 1441/1583/1441 
f 1444/1586/1444 372/383/372 369/380/369 1442/1584/1442 
f 1445/1587/1445 1446/1588/1446 1444/1586/1444 1443/1585/1443 
f 1446/1588/1446 375/386/375 372/383/372 1444/1586/1444 
f 409/421/409 1447/1589/1447 1446/1590/1446 1445/1587/1445 
f 1447/1589/1447 378/389/378 375/386/375 1446/1590/1446 
f 1443/1585/1443 1448/1591/1448 412/424/412 1445/1587/1445 
f 1441/1583/1441 1449/1592/1449 1448/1591/1448 1443/1585/1443 
f 1449/1592/1449 1450/1593/1450 1451/1594/1451 1448/1591/1448 
f 1450/1593/1450 1452/1595/1452 1453/1596/1453 1451/1594/1451 
f 1452/1595/1452 1454/1597/1454 1455/1598/1455 1453/1596/1453 
f 1454/1597/1454 1456/1599/1456 1457/1600/1457 1455/1598/1455 
f 1456/1599/1456 1458/1601/1458 1459/1602/1459 1457/1600/1457 
f 1458/1601/1458 1460/1603/1460 1461/1604/1461 1459/1602/1459 
f 1460/1603/1460 1462/1605/1462 1463/1606/1463 1461/1604/1461 
f 1464/1607/1464 1465/1608/1465 1463/1606/1463 1462/1605/1462 
f 426/439/426 424/437/424 1463/1606/1463 1465/1608/1465 
f 1466/1609/1466 428/441/428 426/439/426 1465/1608/1465 
f 1465/1608/1465 1464/1607/1464 1467/1610/1467 1466/1609/1466 
f 1312/1449/1312 1311/1448/1311 1466/1609/1466 1467/1610/1467 
f 1464/1607/1464 1468/1611/1468 1469/1612/1469 1467/1610/1467 
f 1468/1611/1468 1470/1613/1470 1471/1614/1471 1469/1612/1469 
f 1470/1613/1470 1472/1615/1472 1473/1616/1473 1471/1614/1471 
f 1472/1615/1472 1474/1617/1474 1475/1618/1475 1473/1616/1473 
f 1474/1617/1474 1476/1619/1476 1477/1620/1477 1475/1618/1475 
f 1476/1619/1476 1478/1621/1478 1479/1622/1479 1477/1620/1477 
f 1478/1621/1478 1480/1623/1480 1481/1624/1481 1479/1622/1479 
f 1480/1623/1480 1482/1625/1482 1483/1626/1483 1481/1624/1481 
f 1482/1625/1482 1484/1627/1484 1485/1628/1485 1483/1626/1483 
f 1484/1627/1484 1486/1629/1486 1487/1630/1487 1485/1628/1485 
f 1486/1629/1486 1488/1631/1488 1489/1632/1489 1487/1630/1487 
f 1488/1631/1488 1490/1633/1490 1491/1634/1491 1489/1632/1489 
f 1490/1633/1490 1492/1635/1492 1493/1636/1493 1491/1634/1491 
f 1492/1635/1492 1494/1637/1494 1495/1638/1495 1493/1636/1493 
f 1494/1637/1494 1496/1639/1496 1497/1640/1497 1495/1638/1495 
f 1498/1641/1498 1499/1642/1499 1497/1640/1497 1496/1639/1496 
f 1499/1642/1499 1343/1480/1343 1341/1478/1341 1497/1640/1497 
f 1500/1643/1500 1501/1644/1501 1499/1645/1499 1498/1646/1498 
f 1501/1644/1501 1345/1482/1345 1343/1485/1343 1499/1645/1499 
f 1502/1647/1502 1503/1648/1503 1501/1644/1501 1500/1643/1500 
f 1503/1648/1503 1347/1486/1347 1345/1482/1345 1501/1644/1501 
f 1504/1649/1504 1505/1650/1505 1503/1648/1503 1502/1647/1502 
f 1505/1650/1505 1349/1488/1349 1347/1486/1347 1503/1648/1503 
f 1506/1651/1506 1507/1652/1507 1505/1650/1505 1504/1649/1504 
f 1507/1652/1507 1351/1490/1351 1349/1488/1349 1505/1650/1505 
f 1508/1653/1508 1509/1654/1509 1507/1652/1507 1506/1651/1506 
f 1509/1654/1509 1353/1492/1353 1351/1490/1351 1507/1652/1507 
f 1510/1655/1510 1511/1656/1511 1509/1654/1509 1508/1653/1508 
f 1511/1656/1511 1355/1494/1355 1353/1492/1353 1509/1654/1509 
f 1512/1657/1512 1513/1658/1513 1511/1656/1511 1510/1655/1510 
f 1513/1658/1513 1358/1497/1358 1355/1494/1355 1511/1656/1511 
f 1514/1659/1514 1359/1498/1359 1358/1497/1358 1513/1658/1513 
f 1513/1658/1513 1512/1657/1512 1515/1660/1515 1514/1659/1514 
f 1516/1661/1516 1517/1662/1517 1514/1659/1514 1515/1660/1515 
f 1517/1662/1517 1361/1500/1361 1359/1498/1359 1514/1659/1514 
f 1369/1510/1369 1367/1508/1367 1517/1663/1517 1516/1664/1516 
f 1515/1660/1515 1518/1665/1518 1519/1666/1519 1516/1661/1516 
f 1520/1667/1520 1521/1668/1521 1519/1666/1519 1518/1665/1518 
f 1373/1514/1373 1371/1512/1371 1519/1669/1519 1521/1670/1521 
f 1522/1671/1522 1375/1516/1375 1373/1514/1373 1521/1670/1521 
f 1521/1668/1521 1520/1667/1520 1523/1672/1523 1522/1673/1522 
f 1524/1674/1524 1525/1675/1525 1522/1673/1522 1523/1672/1523 
f 1377/1518/1377 1375/1516/1375 1522/1671/1522 1525/1676/1525 
f 1526/1677/1526 1527/1678/1527 1525/1675/1525 1524/1674/1524 
f 1379/1520/1379 1377/1518/1377 1525/1676/1525 1527/1679/1527 
f 1528/1680/1528 1529/1681/1529 1527/1678/1527 1526/1677/1526 
f 1381/1522/1381 1379/1520/1379 1527/1679/1527 1529/1682/1529 
f 1530/1683/1530 1531/1684/1531 1529/1681/1529 1528/1680/1528 
f 1383/1524/1383 1381/1522/1381 1529/1682/1529 1531/1685/1531 
f 1391/1533/1391 1389/1532/1389 1531/1684/1531 1530/1683/1530 
f 1528/1680/1528 1532/1686/1532 1533/1687/1533 1530/1683/1530 
f 1532/1686/1532 1534/1688/1534 1535/1689/1535 1533/1687/1533 
f 1534/1688/1534 1536/1690/1536 1537/1691/1537 1535/1689/1535 
f 1538/1692/1538 1539/1693/1539 1537/1691/1537 1536/1690/1536 
f 1399/1541/1399 1397/1539/1397 1537/1691/1537 1539/1693/1539 
f 1540/1694/1540 1401/1543/1401 1399/1541/1399 1539/1693/1539 
f 1539/1693/1539 1538/1692/1538 1541/1695/1541 1540/1694/1540 
f 1542/1696/1542 1543/1697/1543 1540/1694/1540 1541/1695/1541 
f 1543/1697/1543 1544/1698/1544 1401/1543/1401 1540/1694/1540 
f 1545/1699/1545 1546/1700/1546 1544/1698/1544 1543/1697/1543 
f 1546/1700/1546 1407/1549/1407 1405/1547/1405 1544/1698/1544 
f 1547/1701/1547 1548/1702/1548 1546/1700/1546 1545/1699/1545 
f 1548/1702/1548 1409/1551/1409 1407/1549/1407 1546/1700/1546 
f 1549/1703/1549 1550/1704/1550 1548/1705/1548 1547/1706/1547 
f 1550/1704/1550 1411/1553/1411 1409/1551/1409 1548/1705/1548 
f 1549/1703/1549 1551/1707/1551 1552/1708/1552 1550/1704/1550 
f 1551/1707/1551 1553/1709/1553 1554/1710/1554 1552/1708/1552 
f 1553/1709/1553 1555/1711/1555 1556/1712/1556 1554/1710/1554 
f 1555/1711/1555 1557/1713/1557 1558/1714/1558 1556/1712/1556 
f 1557/1713/1557 1559/1715/1559 1560/1716/1560 1558/1714/1558 
f 1559/1715/1559 1561/1717/1561 1562/1718/1562 1560/1716/1560 
f 1561/1717/1561 1563/1719/1563 1564/1720/1564 1562/1718/1562 
f 1563/1719/1563 1565/1721/1565 1566/1722/1566 1564/1720/1564 
f 1565/1721/1565 1567/1723/1567 1568/1724/1568 1566/1722/1566 
f 1567/1723/1567 1569/1725/1569 1570/1726/1570 1568/1724/1568 
f 1569/1725/1569 1571/1727/1571 1572/1728/1572 1570/1726/1570 
f 1571/1727/1571 1573/1729/1573 1574/1730/1574 1572/1728/1572 
f 1573/1729/1573 1575/1731/1575 1576/1732/1576 1574/1730/1574 
f 1577/1733/1577 1578/1734/1578 1576/1732/1576 1575/1731/1575 
f 1439/1581/1439 1437/1579/1437 1576/1732/1576 1578/1734/1578 
f 1449/1592/1449 1441/1583/1441 1439/1581/1439 1578/1734/1578 
f 1450/1593/1450 1449/1592/1449 1578/1734/1578 1577/1733/1577 
f 1575/1731/1575 1579/1735/1579 1580/1736/1580 1577/1733/1577 
f 1579/1735/1579 1581/1737/1581 1582/1738/1582 1580/1736/1580 
f 1581/1737/1581 1583/1739/1583 1584/1740/1584 1582/1738/1582 
f 1583/1739/1583 1585/1741/1585 1586/1742/1586 1584/1740/1584 
f 1587/1743/1587 1588/1744/1588 1586/1742/1586 1585/1741/1585 
f 1460/1603/1460 1458/1601/1458 1586/1742/1586 1588/1744/1588 
f 1589/1745/1589 1462/1605/1462 1460/1603/1460 1588/1744/1588 
f 1588/1744/1588 1587/1743/1587 1590/1746/1590 1589/1745/1589 
f 1470/1613/1470 1468/1611/1468 1589/1745/1589 1590/1746/1590 
f 1587/1743/1587 1591/1747/1591 1592/1748/1592 1590/1746/1590 
f 1591/1747/1591 1593/1749/1593 1594/1750/1594 1592/1748/1592 
f 1593/1749/1593 1595/1751/1595 1596/1752/1596 1594/1750/1594 
f 1595/1751/1595 1597/1753/1597 1598/1754/1598 1596/1752/1596 
f 1597/1753/1597 1599/1755/1599 1600/1756/1600 1598/1754/1598 
f 1599/1755/1599 1601/1757/1601 1602/1758/1602 1600/1756/1600 
f 1601/1757/1601 1603/1759/1603 1604/1760/1604 1602/1758/1602 
f 1603/1759/1603 1605/1761/1605 1606/1762/1606 1604/1760/1604 
f 1605/1761/1605 1607/1763/1607 1608/1764/1608 1606/1762/1606 
f 1607/1763/1607 1609/1765/1609 1610/1766/1610 1608/1764/1608 
f 1609/1765/1609 1611/1767/1611 1612/1768/1612 1610/1766/1610 
f 1611/1767/1611 1613/1769/1613 1614/1770/1614 1612/1768/1612 
f 1613/1769/1613 1615/1771/1615 1616/1772/1616 1614/1770/1614 
f 1617/1773/1617 1618/1774/1618 1616/1772/1616 1615/1771/1615 
f 1618/1774/1618 1498/1641/1498 1496/1639/1496 1616/1772/1616 
f 1619/1775/1619 1620/1776/1620 1618/1777/1618 1617/1778/1617 
f 1620/1776/1620 1500/1643/1500 1498/1646/1498 1618/1777/1618 
f 1621/1779/1621 1622/1780/1622 1620/1776/1620 1619/1775/1619 
f 1622/1780/1622 1502/1647/1502 1500/1643/1500 1620/1776/1620 
f 1623/1781/1623 1624/1782/1624 1622/1780/1622 1621/1779/1621 
f 1624/1782/1624 1504/1649/1504 1502/1647/1502 1622/1780/1622 
f 1623/1781/1623 1625/1783/1625 1626/1784/1626 1624/1782/1624 
f 1625/1783/1625 1627/1785/1627 1628/1786/1628 1626/1784/1626 
f 1627/1785/1627 1629/1787/1629 1630/1788/1630 1628/1786/1628 
f 1629/1787/1629 1631/1789/1631 1632/1790/1632 1630/1788/1630 
f 1631/1789/1631 1520/1667/1520 1518/1665/1518 1632/1790/1632 
f 1518/1665/1518 1515/1660/1515 1512/1657/1512 1632/1790/1632 
f 1633/1791/1633 1634/1792/1634 1631/1789/1631 1629/1787/1629 
f 1634/1792/1634 1523/1672/1523 1520/1667/1520 1631/1789/1631 
f 1635/1793/1635 1524/1674/1524 1523/1672/1523 1634/1792/1634 
f 1634/1792/1634 1633/1791/1633 1636/1794/1636 1635/1793/1635 
f 1637/1795/1637 1638/1796/1638 1635/1793/1635 1636/1794/1636 
f 1638/1796/1638 1526/1677/1526 1524/1674/1524 1635/1793/1635 
f 1534/1688/1534 1532/1686/1532 1638/1796/1638 1637/1795/1637 
f 1639/1797/1639 1640/1798/1640 1637/1795/1637 1636/1794/1636 
f 1536/1690/1536 1534/1688/1534 1637/1795/1637 1640/1798/1640 
f 1641/1799/1641 1538/1692/1538 1536/1690/1536 1640/1798/1640 
f 1640/1798/1640 1639/1797/1639 1642/1800/1642 1641/1799/1641 
f 1643/1801/1643 1644/1802/1644 1641/1799/1641 1642/1800/1642 
f 1644/1802/1644 1541/1695/1541 1538/1692/1538 1641/1799/1641 
f 1645/1803/1645 1542/1696/1542 1541/1695/1541 1644/1802/1644 
f 1644/1802/1644 1643/1801/1643 1646/1804/1646 1645/1803/1645 
f 1647/1805/1647 1648/1806/1648 1645/1803/1645 1646/1804/1646 
f 1648/1806/1648 1649/1807/1649 1542/1696/1542 1645/1803/1645 
f 1650/1808/1650 1651/1809/1651 1649/1807/1649 1648/1806/1648 
f 1651/1809/1651 1547/1701/1547 1545/1699/1545 1649/1807/1649 
f 1652/1810/1652 1653/1811/1653 1651/1812/1651 1650/1813/1650 
f 1653/1811/1653 1549/1703/1549 1547/1706/1547 1651/1812/1651 
f 1654/1814/1654 1655/1815/1655 1653/1811/1653 1652/1810/1652 
f 1655/1816/1655 1551/1707/1551 1549/1703/1549 1653/1811/1653 
f 1654/1814/1654 1656/1817/1656 1657/1818/1657 1655/1815/1655 
f 1656/1817/1656 1658/1819/1658 1659/1820/1659 1657/1818/1657 
f 1658/1819/1658 1660/1821/1660 1661/1822/1661 1659/1820/1659 
f 1660/1821/1660 1662/1823/1662 1663/1824/1663 1661/1822/1661 
f 1662/1823/1662 1664/1825/1664 1665/1826/1665 1663/1824/1663 
f 1664/1825/1664 1666/1827/1666 1667/1828/1667 1665/1826/1665 
f 1666/1827/1666 1668/1829/1668 1669/1830/1669 1667/1828/1667 
f 1668/1829/1668 1670/1831/1670 1671/1832/1671 1669/1830/1669 
f 1670/1831/1670 1672/1833/1672 1673/1834/1673 1671/1832/1671 
f 1672/1833/1672 1674/1835/1674 1675/1836/1675 1673/1834/1673 
f 1676/1837/1676 1677/1838/1677 1675/1836/1675 1674/1835/1674 
f 1573/1729/1573 1571/1727/1571 1675/1836/1675 1677/1838/1677 
f 1579/1735/1579 1575/1731/1575 1573/1729/1573 1677/1838/1677 
f 1581/1737/1581 1579/1735/1579 1677/1838/1677 1676/1837/1676 
f 1678/1839/1678 1679/1840/1679 1676/1837/1676 1674/1835/1674 
f 1583/1739/1583 1581/1737/1581 1676/1837/1676 1679/1840/1679 
f 1680/1841/1680 1681/1842/1681 1679/1840/1679 1678/1839/1678 
f 1585/1741/1585 1583/1739/1583 1679/1840/1679 1681/1842/1681 
f 1591/1747/1591 1587/1743/1587 1585/1741/1585 1681/1842/1681 
f 1593/1749/1593 1591/1747/1591 1681/1842/1681 1680/1841/1680 
f 1678/1839/1678 1682/1843/1682 1683/1844/1683 1680/1841/1680 
f 1682/1843/1682 1684/1845/1684 1685/1846/1685 1683/1844/1683 
f 1684/1845/1684 1686/1847/1686 1687/1848/1687 1685/1846/1685 
f 1686/1847/1686 1688/1849/1688 1689/1850/1689 1687/1848/1687 
f 1688/1849/1688 1690/1851/1690 1691/1852/1691 1689/1850/1689 
f 1690/1851/1690 1692/1853/1692 1693/1854/1693 1691/1852/1691 
f 1692/1853/1692 1694/1855/1694 1695/1856/1695 1693/1854/1693 
f 1694/1855/1694 1696/1857/1696 1697/1858/1697 1695/1856/1695 
f 1696/1857/1696 1698/1859/1698 1699/1860/1699 1697/1858/1697 
f 1700/1861/1700 1701/1862/1701 1699/1860/1699 1698/1859/1698 
f 1613/1769/1613 1611/1767/1611 1699/1860/1699 1701/1862/1701 
f 1702/1863/1702 1615/1771/1615 1613/1769/1613 1701/1862/1701 
f 1701/1862/1701 1700/1861/1700 1703/1864/1703 1702/1863/1702 
f 1704/1865/1704 1705/1866/1705 1702/1863/1702 1703/1864/1703 
f 1705/1866/1705 1617/1773/1617 1615/1771/1615 1702/1863/1702 
f 1647/1805/1647 1706/1867/1706 1705/1868/1705 1704/1869/1704 
f 1706/1867/1706 1619/1775/1619 1617/1778/1617 1705/1868/1705 
f 1703/1864/1703 1652/1810/1652 1650/1813/1650 1704/1865/1704 
f 1700/1861/1700 1654/1814/1654 1652/1810/1652 1703/1864/1703 
f 1698/1859/1698 1656/1817/1656 1654/1814/1654 1700/1861/1700 
f 1658/1819/1658 1656/1817/1656 1698/1859/1698 1696/1857/1696 
f 1611/1767/1611 1609/1765/1609 1697/1858/1697 1699/1860/1699 
f 1660/1821/1660 1658/1819/1658 1696/1857/1696 1694/1855/1694 
f 1609/1765/1609 1607/1763/1607 1695/1856/1695 1697/1858/1697 
f 1662/1823/1662 1660/1821/1660 1694/1855/1694 1692/1853/1692 
f 1607/1763/1607 1605/1761/1605 1693/1854/1693 1695/1856/1695 
f 1664/1825/1664 1662/1823/1662 1692/1853/1692 1690/1851/1690 
f 1605/1761/1605 1603/1759/1603 1691/1852/1691 1693/1854/1693 
f 1666/1827/1666 1664/1825/1664 1690/1851/1690 1688/1849/1688 
f 1603/1759/1603 1601/1757/1601 1689/1850/1689 1691/1852/1691 
f 1668/1829/1668 1666/1827/1666 1688/1849/1688 1686/1847/1686 
f 1601/1757/1601 1599/1755/1599 1687/1848/1687 1689/1850/1689 
f 1670/1831/1670 1668/1829/1668 1686/1847/1686 1684/1845/1684 
f 1599/1755/1599 1597/1753/1597 1685/1846/1685 1687/1848/1687 
f 1672/1833/1672 1670/1831/1670 1684/1845/1684 1682/1843/1682 
f 1597/1753/1597 1595/1751/1595 1683/1844/1683 1685/1846/1685 
f 1595/1751/1595 1593/1749/1593 1680/1841/1680 1683/1844/1683 
f 1674/1835/1674 1672/1833/1672 1682/1843/1682 1678/1839/1678 
f 1571/1727/1571 1569/1725/1569 1673/1834/1673 1675/1836/1675 
f 1569/1725/1569 1567/1723/1567 1671/1832/1671 1673/1834/1673 
f 1567/1723/1567 1565/1721/1565 1669/1830/1669 1671/1832/1671 
f 1565/1721/1565 1563/1719/1563 1667/1828/1667 1669/1830/1669 
f 1563/1719/1563 1561/1717/1561 1665/1826/1665 1667/1828/1667 
f 1561/1717/1561 1559/1715/1559 1663/1824/1663 1665/1826/1665 
f 1559/1715/1559 1557/1713/1557 1661/1822/1661 1663/1824/1663 
f 1557/1713/1557 1555/1711/1555 1659/1820/1659 1661/1822/1661 
f 1555/1711/1555 1553/1709/1553 1657/1818/1657 1659/1820/1659 
f 1553/1709/1553 1551/1707/1551 1655/1816/1655 1657/1818/1657 
f 1648/1806/1648 1647/1805/1647 1704/1869/1704 1650/1808/1650 
f 1646/1804/1646 1707/1870/1707 1706/1867/1706 1647/1805/1647 
f 1707/1870/1707 1621/1779/1621 1619/1775/1619 1706/1867/1706 
f 1643/1801/1643 1708/1871/1708 1707/1870/1707 1646/1804/1646 
f 1708/1871/1708 1623/1781/1623 1621/1779/1621 1707/1870/1707 
f 1642/1800/1642 1709/1872/1709 1708/1871/1708 1643/1801/1643 
f 1625/1783/1625 1623/1781/1623 1708/1871/1708 1709/1872/1709 
f 1639/1797/1639 1710/1873/1710 1709/1872/1709 1642/1800/1642 
f 1627/1785/1627 1625/1783/1625 1709/1872/1709 1710/1873/1710 
f 1639/1797/1639 1636/1794/1636 1633/1791/1633 1710/1873/1710 
f 1629/1787/1629 1627/1785/1627 1710/1873/1710 1633/1791/1633 
f 1632/1790/1632 1512/1657/1512 1510/1655/1510 1630/1788/1630 
f 1630/1788/1630 1510/1655/1510 1508/1653/1508 1628/1786/1628 
f 1628/1786/1628 1508/1653/1508 1506/1651/1506 1626/1784/1626 
f 1626/1784/1626 1506/1651/1506 1504/1649/1504 1624/1782/1624 
f 1496/1639/1496 1494/1637/1494 1614/1770/1614 1616/1772/1616 
f 1494/1637/1494 1492/1635/1492 1612/1768/1612 1614/1770/1614 
f 1492/1635/1492 1490/1633/1490 1610/1766/1610 1612/1768/1612 
f 1490/1633/1490 1488/1631/1488 1608/1764/1608 1610/1766/1610 
f 1488/1631/1488 1486/1629/1486 1606/1762/1606 1608/1764/1608 
f 1486/1629/1486 1484/1627/1484 1604/1760/1604 1606/1762/1606 
f 1484/1627/1484 1482/1625/1482 1602/1758/1602 1604/1760/1604 
f 1482/1625/1482 1480/1623/1480 1600/1756/1600 1602/1758/1602 
f 1480/1623/1480 1478/1621/1478 1598/1754/1598 1600/1756/1600 
f 1478/1621/1478 1476/1619/1476 1596/1752/1596 1598/1754/1598 
f 1476/1619/1476 1474/1617/1474 1594/1750/1594 1596/1752/1596 
f 1474/1617/1474 1472/1615/1472 1592/1748/1592 1594/1750/1594 
f 1472/1615/1472 1470/1613/1470 1590/1746/1590 1592/1748/1592 
f 1458/1601/1458 1456/1599/1456 1584/1740/1584 1586/1742/1586 
f 1456/1599/1456 1454/1597/1454 1582/1738/1582 1584/1740/1584 
f 1454/1597/1454 1452/1595/1452 1580/1736/1580 1582/1738/1582 
f 1452/1595/1452 1450/1593/1450 1577/1733/1577 1580/1736/1580 
f 1437/1579/1437 1435/1577/1435 1574/1730/1574 1576/1732/1576 
f 1435/1577/1435 1433/1575/1433 1572/1728/1572 1574/1730/1574 
f 1433/1575/1433 1431/1573/1431 1570/1726/1570 1572/1728/1572 
f 1431/1573/1431 1429/1571/1429 1568/1724/1568 1570/1726/1570 
f 1429/1571/1429 1427/1569/1427 1566/1722/1566 1568/1724/1568 
f 1427/1569/1427 1425/1567/1425 1564/1720/1564 1566/1722/1566 
f 1425/1567/1425 1423/1565/1423 1562/1718/1562 1564/1720/1564 
f 1423/1565/1423 1421/1563/1421 1560/1716/1560 1562/1718/1562 
f 1421/1563/1421 1419/1561/1419 1558/1714/1558 1560/1716/1560 
f 1419/1561/1419 1417/1559/1417 1556/1712/1556 1558/1714/1558 
f 1417/1559/1417 1415/1557/1415 1554/1710/1554 1556/1712/1556 
f 1415/1557/1415 1413/1555/1413 1552/1708/1552 1554/1710/1554 
f 1413/1555/1413 1411/1553/1411 1550/1704/1550 1552/1708/1552 
f 1543/1697/1543 1542/1696/1542 1649/1807/1649 1545/1699/1545 
f 1397/1539/1397 1395/1537/1395 1535/1689/1535 1537/1691/1537 
f 1532/1686/1532 1528/1680/1528 1526/1677/1526 1638/1796/1638 
f 1395/1537/1395 1393/1535/1393 1533/1687/1533 1535/1689/1535 
f 1393/1535/1393 1391/1533/1391 1530/1683/1530 1533/1687/1533 
f 1371/1512/1371 1369/1510/1369 1516/1664/1516 1519/1669/1519 
f 1497/1640/1497 1341/1478/1341 1339/1476/1339 1495/1638/1495 
f 1339/1476/1339 1337/1474/1337 1493/1636/1493 1495/1638/1495 
f 1337/1474/1337 1335/1472/1335 1491/1634/1491 1493/1636/1493 
f 1335/1472/1335 1333/1470/1333 1489/1632/1489 1491/1634/1491 
f 1333/1470/1333 1331/1468/1331 1487/1630/1487 1489/1632/1489 
f 1331/1468/1331 1329/1466/1329 1485/1628/1485 1487/1630/1487 
f 1329/1466/1329 1327/1464/1327 1483/1626/1483 1485/1628/1485 
f 1327/1464/1327 1325/1462/1325 1481/1624/1481 1483/1626/1483 
f 1325/1462/1325 1323/1460/1323 1479/1622/1479 1481/1624/1481 
f 1323/1460/1323 1321/1458/1321 1477/1620/1477 1479/1622/1479 
f 1321/1458/1321 1319/1456/1319 1475/1618/1475 1477/1620/1477 
f 1319/1456/1319 1317/1454/1317 1473/1616/1473 1475/1618/1475 
f 1317/1454/1317 1315/1452/1315 1471/1614/1471 1473/1616/1473 
f 1468/1611/1468 1464/1607/1464 1462/1605/1462 1589/1745/1589 
f 1315/1452/1315 1313/1450/1313 1469/1612/1469 1471/1614/1471 
f 1313/1450/1313 1312/1449/1312 1467/1610/1467 1469/1612/1469 
f 424/437/424 422/435/422 1461/1604/1461 1463/1606/1463 
f 422/435/422 420/433/420 1459/1602/1459 1461/1604/1461 
f 420/433/420 418/431/418 1457/1600/1457 1459/1602/1459 
f 418/431/418 416/429/416 1455/1598/1455 1457/1600/1457 
f 416/429/416 414/427/414 1453/1596/1453 1455/1598/1455 
f 414/427/414 413/425/413 1451/1594/1451 1453/1596/1453 
f 413/425/413 412/424/412 1448/1591/1448 1451/1594/1451 
f 366/377/366 363/374/363 1438/1580/1438 1440/1582/1440 
f 363/374/363 360/371/360 1436/1578/1436 1438/1580/1438 
f 360/371/360 357/368/357 1434/1576/1434 1436/1578/1436 
f 357/368/357 354/365/354 1432/1574/1432 1434/1576/1434 
f 354/365/354 351/362/351 1430/1572/1430 1432/1574/1432 
f 351/362/351 348/359/348 1428/1570/1428 1430/1572/1430 
f 348/359/348 345/356/345 1426/1568/1426 1428/1570/1428 
f 345/356/345 342/353/342 1424/1566/1424 1426/1568/1426 
f 342/353/342 339/350/339 1422/1564/1422 1424/1566/1424 
f 339/350/339 337/348/337 1420/1562/1420 1422/1564/1422 
f 337/348/337 335/346/335 1418/1560/1418 1420/1562/1420 
f 335/346/335 333/344/333 1416/1558/1416 1418/1560/1418 
f 333/344/333 331/342/331 1414/1556/1414 1416/1558/1416 
f 331/342/331 327/338/327 1412/1554/1412 1414/1556/1414 
f 327/338/327 324/335/324 1410/1552/1410 1412/1554/1412 
f 324/335/324 321/332/321 1408/1550/1408 1410/1552/1410 
f 1402/1544/1402 1401/1543/1401 1544/1698/1544 1405/1547/1405 
f 318/329/318 315/326/315 1403/1545/1403 1406/1548/1406 
f 1404/1546/1404 309/320/309 1398/1540/1398 1400/1542/1400 
f 312/323/312 308/319/308 309/320/309 1404/1546/1404 
f 309/320/309 305/316/305 1396/1538/1396 1398/1540/1398 
f 305/316/305 302/313/302 1394/1536/1394 1396/1538/1396 
f 302/313/302 299/310/299 1392/1534/1392 1394/1536/1394 
f 299/310/299 296/307/296 1390/1531/1390 1392/1534/1392 
f 1385/1526/1385 1383/1524/1383 1531/1685/1531 1389/1530/1389 
f 575/600/575 577/602/577 1386/1527/1386 1388/1529/1388 
f 1388/1529/1388 290/301/290 287/298/287 575/600/575 
f 577/602/577 579/604/579 1384/1874/1384 1386/1527/1386 
f 579/604/579 581/606/581 1382/1523/1382 1384/1874/1384 
f 581/606/581 583/608/583 1380/1521/1380 1382/1523/1382 
f 583/608/583 585/610/585 1378/1519/1378 1380/1521/1380 
f 585/610/585 587/612/587 1376/1517/1376 1378/1519/1378 
f 587/612/587 589/614/589 1374/1515/1374 1376/1517/1376 
f 589/614/589 591/616/591 1372/1513/1372 1374/1515/1374 
f 591/616/591 593/618/593 1370/1511/1370 1372/1513/1372 
f 1367/1508/1367 1363/1502/1363 1361/1505/1361 1517/1663/1517 
f 593/618/593 595/620/595 1368/1509/1368 1370/1511/1370 
f 595/620/595 597/622/597 1365/1506/1365 1368/1509/1368 
f 627/658/627 629/657/629 1342/1479/1342 1344/1481/1344 
f 629/657/629 631/660/631 1340/1477/1340 1342/1479/1342 
f 631/660/631 633/662/633 1338/1475/1338 1340/1477/1340 
f 633/662/633 635/664/635 1336/1473/1336 1338/1475/1338 
f 635/664/635 637/666/637 1334/1471/1334 1336/1473/1336 
f 637/666/637 639/668/639 1332/1469/1332 1334/1471/1334 
f 639/668/639 641/670/641 1330/1467/1330 1332/1469/1332 
f 641/670/641 643/672/643 1328/1465/1328 1330/1467/1330 
f 643/672/643 645/674/645 1326/1463/1326 1328/1465/1328 
f 645/674/645 647/676/647 1324/1461/1324 1326/1463/1326 
f 647/676/647 649/678/649 1322/1459/1322 1324/1461/1324 
f 649/678/649 651/680/651 1320/1457/1320 1322/1459/1322 
f 651/680/651 653/682/653 1318/1455/1318 1320/1457/1320 
f 653/682/653 655/684/655 1316/1453/1316 1318/1455/1318 
f 655/684/655 657/686/657 1314/1451/1314 1316/1453/1316 
f 657/686/657 659/688/659 1310/1447/1310 1314/1451/1314 
f 1311/1448/1311 431/446/431 428/441/428 1466/1609/1466 
f 1309/1446/1309 432/448/432 431/446/431 1311/1448/1311 
f 661/690/661 434/451/434 432/448/432 1309/1446/1309 
f 578/603/578 576/601/576 571/596/571 803/843/803 
f 572/597/572 571/596/571 576/601/576 574/599/574 
f 543/566/543 541/564/541 781/819/781 547/570/547 
f 1711/1875/1711 1712/1876/1712 544/567/544 546/569/546 
f 1713/1877/1713 1714/1878/1714 1712/1876/1712 1711/1875/1711 
f 1714/1878/1714 1715/1879/1715 1716/1880/1716 1712/1876/1712 
f 1715/1879/1715 1717/1881/1717 1718/1882/1718 1716/1880/1716 
f 1717/1881/1717 1719/1883/1719 1720/1884/1720 1718/1882/1718 
f 1719/1883/1719 1721/1885/1721 1722/1886/1722 1720/1884/1720 
f 1721/1885/1721 1723/1887/1723 1724/1888/1724 1722/1886/1722 
f 1725/1889/1725 1726/1890/1726 1724/1888/1724 1723/1887/1723 
f 1724/1888/1724 1726/1890/1726 532/555/532 534/557/534 
f 1727/1891/1727 1728/1892/1728 1726/1890/1726 1725/1889/1725 
f 1728/1892/1728 530/553/530 532/555/532 1726/1890/1726 
f 104/108/104 103/107/103 1728/1892/1728 1727/1891/1727 
f 1725/1889/1725 1729/1893/1729 1730/1894/1730 1727/1891/1727 
f 1729/1893/1729 1731/1895/1731 1732/1896/1732 1730/1894/1730 
f 1731/1895/1731 1733/1897/1733 1734/1898/1734 1732/1896/1732 
f 1733/1897/1733 1735/1899/1735 1736/1900/1736 1734/1898/1734 
f 1735/1899/1735 1737/1901/1737 1738/1902/1738 1736/1900/1736 
f 1737/1901/1737 1739/1903/1739 1740/1904/1740 1738/1902/1738 
f 1739/1903/1739 1741/1905/1741 1742/1906/1742 1740/1904/1740 
f 1741/1905/1741 1743/1907/1743 1744/1908/1744 1742/1906/1742 
f 1743/1907/1743 1745/1909/1745 1746/1910/1746 1744/1908/1744 
f 1745/1909/1745 1747/1911/1747 1748/1912/1748 1746/1910/1746 
f 1747/1911/1747 1749/1913/1749 1750/1914/1750 1748/1912/1748 
f 1749/1913/1749 1751/1915/1751 1752/1916/1752 1750/1914/1750 
f 1751/1917/1751 1753/1918/1753 1754/1919/1754 1752/1920/1752 
f 1753/1918/1753 1755/1921/1755 1756/1922/1756 1754/1919/1754 
f 1755/1921/1755 1757/1923/1757 1758/1924/1758 1756/1922/1756 
f 1757/1923/1757 1759/1925/1759 1760/1926/1760 1758/1924/1758 
f 1759/1925/1759 1761/1927/1761 1762/1928/1762 1760/1926/1760 
f 1761/1927/1761 1763/1929/1763 1764/1930/1764 1762/1928/1762 
f 1763/1929/1763 1765/1931/1765 1766/1932/1766 1764/1930/1764 
f 1765/1931/1765 1767/1933/1767 1768/1934/1768 1766/1932/1766 
f 1767/1933/1767 1769/1935/1769 1770/1936/1770 1768/1934/1768 
f 1769/1935/1769 1771/1937/1771 1772/1938/1772 1770/1936/1770 
f 1771/1937/1771 1773/1939/1773 1774/1940/1774 1772/1938/1772 
f 1775/1941/1775 1776/1942/1776 1774/1940/1774 1773/1939/1773 
f 151/157/151 149/155/149 1774/1940/1774 1776/1942/1776 
f 1777/1943/1777 1778/1944/1778 1776/1942/1776 1775/1941/1775 
f 153/159/153 151/157/151 1776/1942/1776 1778/1944/1778 
f 1779/1945/1779 1780/1946/1780 1778/1944/1778 1777/1943/1777 
f 155/161/155 153/159/153 1778/1944/1778 1780/1946/1780 
f 1781/1947/1781 157/163/157 155/161/155 1780/1946/1780 
f 1780/1946/1780 1779/1945/1779 1782/1948/1782 1781/1947/1781 
f 1783/1949/1783 1784/1950/1784 1781/1951/1781 1782/1952/1782 
f 1784/1950/1784 159/166/159 157/165/157 1781/1951/1781 
f 1785/1953/1785 1786/1954/1786 1784/1950/1784 1783/1949/1783 
f 1786/1954/1786 161/169/161 159/166/159 1784/1950/1784 
f 1787/1955/1787 1788/1956/1788 1786/1954/1786 1785/1953/1785 
f 1788/1956/1788 163/171/163 161/169/161 1786/1954/1786 
f 1789/1957/1789 1790/1958/1790 1788/1956/1788 1787/1955/1787 
f 1790/1958/1790 165/173/165 163/171/163 1788/1956/1788 
f 1791/1959/1791 1792/1960/1792 1790/1958/1790 1789/1957/1789 
f 1792/1960/1792 167/175/167 165/173/165 1790/1958/1790 
f 1793/1961/1793 1794/1962/1794 1792/1960/1792 1791/1959/1791 
f 1794/1962/1794 170/178/170 167/175/167 1792/1960/1792 
f 1795/1963/1795 171/179/171 170/178/170 1794/1962/1794 
f 1794/1962/1794 1793/1961/1793 1796/1964/1796 1795/1963/1795 
f 179/187/179 177/185/177 1795/1963/1795 1796/1964/1796 
f 1793/1961/1793 1797/1965/1797 1798/1966/1798 1796/1964/1796 
f 1797/1965/1797 1799/1967/1799 1800/1968/1800 1798/1966/1798 
f 1799/1967/1799 1801/1969/1801 1802/1970/1802 1800/1968/1800 
f 191/199/191 189/197/189 1802/1970/1802 1801/1969/1801 
f 1803/1971/1803 193/201/193 191/199/191 1801/1969/1801 
f 1801/1969/1801 1799/1967/1799 1804/1972/1804 1803/1971/1803 
f 1805/1973/1805 1806/1974/1806 1803/1971/1803 1804/1972/1804 
f 1806/1974/1806 1807/1975/1807 193/201/193 1803/1971/1803 
f 1808/1976/1808 1809/1977/1809 1807/1975/1807 1806/1974/1806 
f 1809/1977/1809 1810/1978/1810 1811/1979/1811 1807/1975/1807 
f 1810/1978/1810 1812/1980/1812 1813/1981/1813 1811/1979/1811 
f 1812/1980/1812 1814/1982/1814 1815/1983/1815 1813/1981/1813 
f 1814/1982/1814 1816/1984/1816 1817/1985/1817 1815/1983/1815 
f 1816/1984/1816 1818/1986/1818 205/213/205 1817/1985/1817 
f 1819/1987/1819 1820/1988/1820 1818/1986/1818 1816/1984/1816 
f 1821/1989/1821 1822/1990/1822 1820/1988/1820 1819/1987/1819 
f 1823/1991/1823 1824/1992/1824 1822/1990/1822 1821/1989/1821 
f 1823/1991/1823 1825/1993/1825 1826/1994/1826 1824/1992/1824 
f 1825/1993/1825 1827/1995/1827 1828/1996/1828 1826/1994/1826 
f 1827/1995/1827 1829/1997/1829 1830/1998/1830 1828/1996/1828 
f 1829/1997/1829 1831/1999/1831 1832/2000/1832 1830/1998/1830 
f 1831/1999/1831 1833/2001/1833 1834/2002/1834 1832/2000/1832 
f 1833/2001/1833 1835/2003/1835 1836/2004/1836 1834/2002/1834 
f 1835/2003/1835 1837/2005/1837 1838/2006/1838 1836/2004/1836 
f 1837/2005/1837 207/215/207 210/218/210 1838/2006/1838 
f 1839/2007/1839 1840/2008/1840 1837/2005/1837 1835/2003/1835 
f 1840/2008/1840 1841/2009/1841 207/215/207 1837/2005/1837 
f 1842/2010/1842 1843/2011/1843 1841/2009/1841 1840/2008/1840 
f 1843/2011/1843 1844/2012/1844 1845/2013/1845 1841/2009/1841 
f 1844/2012/1844 1846/2014/1846 1847/2015/1847 1845/2013/1845 
f 1846/2014/1846 1848/2016/1848 1849/2017/1849 1847/2015/1847 
f 1848/2016/1848 1850/2018/1850 1851/2019/1851 1849/2017/1849 
f 1850/2018/1850 1852/2020/1852 1853/2021/1853 1851/2019/1851 
f 1852/2020/1852 1854/2022/1854 1855/2023/1855 1853/2021/1853 
f 1854/2022/1854 1856/2024/1856 1857/2025/1857 1855/2023/1855 
f 1856/2026/1856 1858/2027/1858 1859/2028/1859 1857/2029/1857 
f 1858/2027/1858 1860/2030/1860 1861/2031/1861 1859/2028/1859 
f 1860/2030/1860 1862/2032/1862 1863/2033/1863 1861/2031/1861 
f 1862/2032/1862 1864/2034/1864 1865/2035/1865 1863/2033/1863 
f 1866/2036/1866 1867/2037/1867 1865/2035/1865 1864/2034/1864 
f 1867/2037/1867 231/241/231 229/239/229 1865/2035/1865 
f 1868/2038/1868 1869/2039/1869 1867/2037/1867 1866/2036/1866 
f 1869/2039/1869 233/243/233 231/241/231 1867/2037/1867 
f 1870/2040/1870 1871/2041/1871 1869/2039/1869 1868/2038/1868 
f 1871/2041/1871 235/245/235 233/243/233 1869/2039/1869 
f 1872/2042/1872 1873/2043/1873 1871/2041/1871 1870/2040/1870 
f 1873/2043/1873 237/247/237 235/245/235 1871/2041/1871 
f 1872/2042/1872 1874/2044/1874 1875/2045/1875 1873/2043/1873 
f 1874/2044/1874 1876/2046/1876 1877/2047/1877 1875/2045/1875 
f 1876/2046/1876 1878/2048/1878 1879/2049/1879 1877/2047/1877 
f 1714/1878/1714 1713/1877/1713 1879/2049/1879 1878/2048/1878 
f 1880/2050/1880 1881/2051/1881 1878/2048/1878 1876/2046/1876 
f 1715/1879/1715 1714/1878/1714 1878/2048/1878 1881/2051/1881 
f 1882/2052/1882 1883/2053/1883 1881/2051/1881 1880/2050/1880 
f 1717/1881/1717 1715/1879/1715 1881/2051/1881 1883/2053/1883 
f 1884/2054/1884 1885/2055/1885 1883/2053/1883 1882/2052/1882 
f 1719/1883/1719 1717/1881/1717 1883/2053/1883 1885/2055/1885 
f 1886/2056/1886 1887/2057/1887 1885/2055/1885 1884/2054/1884 
f 1721/1885/1721 1719/1883/1719 1885/2055/1885 1887/2057/1887 
f 1888/2058/1888 1723/1887/1723 1721/1885/1721 1887/2057/1887 
f 1887/2057/1887 1886/2056/1886 1889/2059/1889 1888/2058/1888 
f 1731/1895/1731 1729/1893/1729 1888/2058/1888 1889/2059/1889 
f 1886/2056/1886 1890/2060/1890 1891/2061/1891 1889/2059/1889 
f 1890/2060/1890 1892/2062/1892 1893/2063/1893 1891/2061/1891 
f 1892/2062/1892 1894/2064/1894 1895/2065/1895 1893/2063/1893 
f 1894/2064/1894 1896/2066/1896 1897/2067/1897 1895/2065/1895 
f 1898/2068/1898 1899/2069/1899 1897/2067/1897 1896/2066/1896 
f 1741/1905/1741 1739/1903/1739 1897/2067/1897 1899/2069/1899 
f 1900/2070/1900 1901/2071/1901 1899/2069/1899 1898/2068/1898 
f 1743/1907/1743 1741/1905/1741 1899/2069/1899 1901/2071/1901 
f 1902/2072/1902 1903/2073/1903 1901/2071/1901 1900/2070/1900 
f 1745/1909/1745 1743/1907/1743 1901/2071/1901 1903/2073/1903 
f 1904/2074/1904 1905/2075/1905 1903/2073/1903 1902/2072/1902 
f 1747/1911/1747 1745/1909/1745 1903/2073/1903 1905/2075/1905 
f 1906/2076/1906 1907/2077/1907 1905/2075/1905 1904/2074/1904 
f 1749/1913/1749 1747/1911/1747 1905/2075/1905 1907/2077/1907 
f 1908/2078/1908 1909/2079/1909 1907/2077/1907 1906/2076/1906 
f 1751/1915/1751 1749/1913/1749 1907/2077/1907 1909/2079/1909 
f 1910/2080/1910 1911/2081/1911 1909/2082/1909 1908/2083/1908 
f 1753/1918/1753 1751/1917/1751 1909/2082/1909 1911/2081/1911 
f 1912/2084/1912 1755/1921/1755 1753/1918/1753 1911/2081/1911 
f 1911/2081/1911 1910/2080/1910 1913/2085/1913 1912/2084/1912 
f 1914/2086/1914 1915/2087/1915 1912/2084/1912 1913/2085/1913 
f 1915/2087/1915 1757/1923/1757 1755/1921/1755 1912/2084/1912 
f 1916/2088/1916 1917/2089/1917 1915/2087/1915 1914/2086/1914 
f 1917/2089/1917 1759/1925/1759 1757/1923/1757 1915/2087/1915 
f 1918/2090/1918 1919/2091/1919 1917/2089/1917 1916/2088/1916 
f 1919/2091/1919 1761/1927/1761 1759/1925/1759 1917/2089/1917 
f 1920/2092/1920 1921/2093/1921 1919/2091/1919 1918/2090/1918 
f 1921/2093/1921 1763/1929/1763 1761/1927/1761 1919/2091/1919 
f 1922/2094/1922 1923/2095/1923 1921/2093/1921 1920/2092/1920 
f 1765/1931/1765 1763/1929/1763 1921/2093/1921 1923/2095/1923 
f 1924/2096/1924 1925/2097/1925 1923/2095/1923 1922/2094/1922 
f 1767/1933/1767 1765/1931/1765 1923/2095/1923 1925/2097/1925 
f 1924/2096/1924 1926/2098/1926 1927/2099/1927 1925/2097/1925 
f 1928/2100/1928 1929/2101/1929 1927/2099/1927 1926/2098/1926 
f 1929/2101/1929 1771/1937/1771 1769/1935/1769 1927/2099/1927 
f 1930/2102/1930 1931/2103/1931 1929/2101/1929 1928/2100/1928 
f 1931/2103/1931 1773/1939/1773 1771/1937/1771 1929/2101/1929 
f 1932/2104/1932 1933/2105/1933 1931/2103/1931 1930/2102/1930 
f 1933/2105/1933 1775/1941/1775 1773/1939/1773 1931/2103/1931 
f 1934/2106/1934 1935/2107/1935 1933/2105/1933 1932/2104/1932 
f 1935/2107/1935 1777/1943/1777 1775/1941/1775 1933/2105/1933 
f 1936/2108/1936 1937/2109/1937 1935/2107/1935 1934/2106/1934 
f 1937/2109/1937 1779/1945/1779 1777/1943/1777 1935/2107/1935 
f 1938/2110/1938 1939/2111/1939 1937/2109/1937 1936/2108/1936 
f 1939/2111/1939 1782/1948/1782 1779/1945/1779 1937/2109/1937 
f 1940/2112/1940 1783/1949/1783 1782/1952/1782 1939/2113/1939 
f 1939/2113/1939 1938/2114/1938 1941/2115/1941 1940/2112/1940 
f 1942/2116/1942 1943/2117/1943 1940/2112/1940 1941/2115/1941 
f 1943/2117/1943 1785/1953/1785 1783/1949/1783 1940/2112/1940 
f 1944/2118/1944 1945/2119/1945 1943/2117/1943 1942/2116/1942 
f 1945/2119/1945 1787/1955/1787 1785/1953/1785 1943/2117/1943 
f 1805/1973/1805 1946/2120/1946 1945/2119/1945 1944/2118/1944 
f 1946/2120/1946 1789/1957/1789 1787/1955/1787 1945/2119/1945 
f 1942/2121/1942 1947/2122/1947 1808/1976/1808 1944/2118/1944 
f 1941/2115/1941 1948/2123/1948 1947/2122/1947 1942/2116/1942 
f 1948/2123/1948 1949/2124/1949 1950/2125/1950 1947/2122/1947 
f 1949/2124/1949 1951/2126/1951 1952/2127/1952 1950/2125/1950 
f 1951/2126/1951 1953/2128/1953 1954/2129/1954 1952/2127/1952 
f 1953/2128/1953 1955/2130/1955 1956/2131/1956 1954/2129/1954 
f 1955/2130/1955 1821/1989/1821 1819/1987/1819 1956/2131/1956 
f 1957/2132/1957 1958/2133/1958 1955/2130/1955 1953/2128/1953 
f 1958/2133/1958 1823/1991/1823 1821/1989/1821 1955/2130/1955 
f 1957/2134/1957 1959/2135/1959 1960/2136/1960 1958/2133/1958 
f 1959/2135/1959 1961/2137/1961 1962/2138/1962 1960/2136/1960 
f 1961/2137/1961 1963/2139/1963 1964/2140/1964 1962/2138/1962 
f 1963/2139/1963 1965/2141/1965 1966/2142/1966 1964/2140/1964 
f 1965/2141/1965 1967/2143/1967 1968/2144/1968 1966/2142/1966 
f 1967/2143/1967 1969/2145/1969 1839/2007/1839 1968/2144/1968 
f 1970/2146/1970 1971/2147/1971 1969/2145/1969 1967/2143/1967 
f 1971/2147/1971 1972/2148/1972 1842/2010/1842 1969/2145/1969 
f 1973/2149/1973 1974/2150/1974 1972/2148/1972 1971/2147/1971 
f 1974/2150/1974 1975/2151/1975 1976/2152/1976 1972/2148/1972 
f 1975/2151/1975 1977/2153/1977 1978/2154/1978 1976/2152/1976 
f 1977/2153/1977 1979/2155/1979 1980/2156/1980 1978/2154/1978 
f 1979/2155/1979 1981/2157/1981 1982/2158/1982 1980/2156/1980 
f 1983/2159/1983 1984/2160/1984 1982/2158/1982 1981/2157/1981 
f 1850/2018/1850 1848/2016/1848 1982/2158/1982 1984/2160/1984 
f 1985/2161/1985 1986/2162/1986 1984/2160/1984 1983/2159/1983 
f 1852/2020/1852 1850/2018/1850 1984/2160/1984 1986/2162/1986 
f 1987/2163/1987 1854/2022/1854 1852/2020/1852 1986/2162/1986 
f 1986/2162/1986 1985/2161/1985 1988/2164/1988 1987/2163/1987 
f 1989/2165/1989 1990/2166/1990 1987/2163/1987 1988/2164/1988 
f 1856/2024/1856 1854/2022/1854 1987/2163/1987 1990/2166/1990 
f 1991/2167/1991 1992/2168/1992 1990/2169/1990 1989/2170/1989 
f 1858/2027/1858 1856/2026/1856 1990/2169/1990 1992/2168/1992 
f 1993/2171/1993 1994/2172/1994 1992/2168/1992 1991/2167/1991 
f 1860/2030/1860 1858/2027/1858 1992/2168/1992 1994/2172/1994 
f 1995/2173/1995 1996/2174/1996 1994/2172/1994 1993/2171/1993 
f 1862/2032/1862 1860/2030/1860 1994/2172/1994 1996/2174/1996 
f 1997/2175/1997 1864/2034/1864 1862/2032/1862 1996/2174/1996 
f 1996/2174/1996 1995/2173/1995 1998/2176/1998 1997/2175/1997 
f 1999/2177/1999 2000/2178/2000 1997/2175/1997 1998/2176/1998 
f 2000/2178/2000 1866/2036/1866 1864/2034/1864 1997/2175/1997 
f 2001/2179/2001 2002/2180/2002 2000/2178/2000 1999/2177/1999 
f 2002/2180/2002 1868/2038/1868 1866/2036/1866 2000/2178/2000 
f 2003/2181/2003 2004/2182/2004 2002/2180/2002 2001/2179/2001 
f 2004/2182/2004 1870/2040/1870 1868/2038/1868 2002/2180/2002 
f 2005/2183/2005 2006/2184/2006 2004/2182/2004 2003/2181/2003 
f 2006/2184/2006 1872/2042/1872 1870/2040/1870 2004/2182/2004 
f 2007/2185/2007 2008/2186/2008 2006/2184/2006 2005/2183/2005 
f 1874/2044/1874 1872/2042/1872 2006/2184/2006 2008/2186/2008 
f 2007/2185/2007 1882/2052/1882 1880/2050/1880 2008/2186/2008 
f 2005/2183/2005 2009/2187/2009 2010/2188/2010 2007/2185/2007 
f 2009/2187/2009 1892/2062/1892 1890/2060/1890 2010/2188/2010 
f 1890/2060/1890 1886/2056/1886 1884/2054/1884 2010/2188/2010 
f 2010/2188/2010 1884/2054/1884 1882/2052/1882 2007/2185/2007 
f 2003/2181/2003 2011/2189/2011 2009/2187/2009 2005/2183/2005 
f 2011/2189/2011 1894/2064/1894 1892/2062/1892 2009/2187/2009 
f 2001/2179/2001 2012/2190/2012 2011/2189/2011 2003/2181/2003 
f 2012/2190/2012 1896/2066/1896 1894/2064/1894 2011/2189/2011 
f 1999/2177/1999 2013/2191/2013 2012/2190/2012 2001/2179/2001 
f 2013/2191/2013 1898/2068/1898 1896/2066/1896 2012/2190/2012 
f 1998/2176/1998 2014/2192/2014 2013/2191/2013 1999/2177/1999 
f 2014/2192/2014 1900/2070/1900 1898/2068/1898 2013/2191/2013 
f 1995/2173/1995 2015/2193/2015 2014/2192/2014 1998/2176/1998 
f 2015/2193/2015 1902/2072/1902 1900/2070/1900 2014/2192/2014 
f 1993/2171/1993 2016/2194/2016 2015/2193/2015 1995/2173/1995 
f 2016/2194/2016 1904/2074/1904 1902/2072/1902 2015/2193/2015 
f 1991/2167/1991 2017/2195/2017 2016/2194/2016 1993/2171/1993 
f 2017/2195/2017 1906/2076/1906 1904/2074/1904 2016/2194/2016 
f 1989/2170/1989 2018/2196/2018 2017/2195/2017 1991/2167/1991 
f 2018/2196/2018 1908/2078/1908 1906/2076/1906 2017/2195/2017 
f 1988/2164/1988 2019/2197/2019 2018/2198/2018 1989/2165/1989 
f 2019/2197/2019 1910/2080/1910 1908/2083/1908 2018/2198/2018 
f 1985/2161/1985 2020/2199/2020 2019/2197/2019 1988/2164/1988 
f 2020/2199/2020 1913/2085/1913 1910/2080/1910 2019/2197/2019 
f 2021/2200/2021 1914/2086/1914 1913/2085/1913 2020/2199/2020 
f 2020/2199/2020 1985/2161/1985 1983/2159/1983 2021/2200/2021 
f 1981/2157/1981 2022/2201/2022 2021/2200/2021 1983/2159/1983 
f 2022/2201/2022 1916/2088/1916 1914/2086/1914 2021/2200/2021 
f 1979/2155/1979 2023/2202/2023 2022/2201/2022 1981/2157/1981 
f 2023/2202/2023 1918/2090/1918 1916/2088/1916 2022/2201/2022 
f 1848/2016/1848 1846/2014/1846 1980/2156/1980 1982/2158/1982 
f 1977/2153/1977 2024/2203/2024 2023/2202/2023 1979/2155/1979 
f 2024/2203/2024 1920/2092/1920 1918/2090/1918 2023/2202/2023 
f 1846/2014/1846 1844/2012/1844 1978/2154/1978 1980/2156/1980 
f 1975/2151/1975 2025/2204/2025 2024/2203/2024 1977/2153/1977 
f 2025/2204/2025 1922/2094/1922 1920/2092/1920 2024/2203/2024 
f 1975/2151/1975 1974/2150/1974 2026/2205/2026 2025/2204/2025 
f 1924/2096/1924 1922/2094/1922 2025/2204/2025 2026/2205/2026 
f 1844/2012/1844 1843/2011/1843 1976/2152/1976 1978/2154/1978 
f 1974/2150/1974 1973/2149/1973 2027/2206/2027 2026/2205/2026 
f 1926/2098/1926 1924/2096/1924 2026/2205/2026 2027/2206/2027 
f 1843/2011/1843 1842/2010/1842 1972/2148/1972 1976/2152/1976 
f 1973/2149/1973 2028/2207/2028 2029/2208/2029 2027/2206/2027 
f 2028/2207/2028 2030/2209/2030 2031/2210/2031 2029/2208/2029 
f 2030/2209/2030 2032/2211/2032 2033/2212/2033 2031/2210/2031 
f 2032/2211/2032 2034/2213/2034 2035/2214/2035 2033/2212/2033 
f 2034/2213/2034 2036/2215/2036 2037/2216/2037 2035/2214/2035 
f 2038/2217/2038 2039/2218/2039 2037/2216/2037 2036/2215/2036 
f 2039/2218/2039 1938/2110/1938 1936/2108/1936 2037/2216/2037 
f 1949/2124/1949 1948/2123/1948 2039/2219/2039 2038/2220/2038 
f 2040/2221/2040 2041/2222/2041 2038/2217/2038 2036/2215/2036 
f 1951/2126/1951 1949/2124/1949 2038/2220/2038 2041/2223/2041 
f 1959/2135/1959 1957/2134/1957 2041/2222/2041 2040/2221/2040 
f 2036/2215/2036 2034/2213/2034 2042/2224/2042 2040/2221/2040 
f 1961/2137/1961 1959/2135/1959 2040/2221/2040 2042/2224/2042 
f 2034/2213/2034 2032/2211/2032 2043/2225/2043 2042/2224/2042 
f 1963/2139/1963 1961/2137/1961 2042/2224/2042 2043/2225/2043 
f 2037/2216/2037 1936/2108/1936 1934/2106/1934 2035/2214/2035 
f 2032/2211/2032 2030/2209/2030 2044/2226/2044 2043/2225/2043 
f 1965/2141/1965 1963/2139/1963 2043/2225/2043 2044/2226/2044 
f 1934/2106/1934 1932/2104/1932 2033/2212/2033 2035/2214/2035 
f 2030/2209/2030 2028/2207/2028 1970/2146/1970 2044/2226/2044 
f 1932/2104/1932 1930/2102/1930 2031/2210/2031 2033/2212/2033 
f 1930/2102/1930 1928/2100/1928 2029/2208/2029 2031/2210/2031 
f 1928/2100/1928 1926/2098/1926 2027/2206/2027 2029/2208/2029 
f 1971/2147/1971 1970/2146/1970 2028/2207/2028 1973/2149/1973 
f 1967/2143/1967 1965/2141/1965 2044/2226/2044 1970/2146/1970 
f 1833/2001/1833 1831/1999/1831 1966/2142/1966 1968/2144/1968 
f 1831/1999/1831 1829/1997/1829 1964/2140/1964 1966/2142/1966 
f 1829/1997/1829 1827/1995/1827 1962/2138/1962 1964/2140/1964 
f 1827/1995/1827 1825/1993/1825 1960/2136/1960 1962/2138/1962 
f 1825/1993/1825 1823/1991/1823 1958/2133/1958 1960/2136/1960 
f 1953/2128/1953 1951/2126/1951 2041/2223/2041 1957/2132/1957 
f 1814/1982/1814 1812/1980/1812 1954/2129/1954 1956/2131/1956 
f 1812/1980/1812 1810/1978/1810 1952/2127/1952 1954/2129/1954 
f 1810/1978/1810 1809/1977/1809 1950/2125/1950 1952/2127/1952 
f 1948/2123/1948 1941/2115/1941 1938/2114/1938 2039/2219/2039 
f 1809/1977/1809 1808/1976/1808 1947/2122/1947 1950/2125/1950 
f 1769/1935/1769 1767/1933/1767 1925/2097/1925 1927/2099/1927 
f 1739/1903/1739 1737/1901/1737 1895/2065/1895 1897/2067/1897 
f 1737/1901/1737 1735/1899/1735 1893/2063/1893 1895/2065/1895 
f 1735/1899/1735 1733/1897/1733 1891/2061/1891 1893/2063/1893 
f 1733/1897/1733 1731/1895/1731 1889/2059/1889 1891/2061/1891 
f 1876/2046/1876 1874/2044/1874 2008/2186/2008 1880/2050/1880 
f 1879/2049/1879 243/253/243 241/251/241 1877/2047/1877 
f 241/251/241 239/249/239 1875/2045/1875 1877/2047/1877 
f 239/249/239 237/247/237 1873/2043/1873 1875/2045/1875 
f 1865/2035/1865 229/239/229 227/237/227 1863/2033/1863 
f 227/237/227 225/235/225 1861/2031/1861 1863/2033/1863 
f 225/235/225 223/232/223 1859/2028/1859 1861/2031/1861 
f 223/232/223 221/231/221 1857/2029/1857 1859/2028/1859 
f 221/229/221 219/227/219 1855/2023/1855 1857/2025/1857 
f 219/227/219 217/225/217 1853/2021/1853 1855/2023/1855 
f 217/225/217 215/223/215 1851/2019/1851 1853/2021/1853 
f 215/223/215 213/221/213 1849/2017/1849 1851/2019/1851 
f 213/221/213 211/219/211 1847/2015/1847 1849/2017/1849 
f 211/219/211 208/216/208 1845/2013/1845 1847/2015/1847 
f 208/216/208 207/215/207 1841/2009/1841 1845/2013/1845 
f 1840/2008/1840 1839/2007/1839 1969/2145/1969 1842/2010/1842 
f 1835/2003/1835 1833/2001/1833 1968/2144/1968 1839/2007/1839 
f 1816/1984/1816 1814/1982/1814 1956/2131/1956 1819/1987/1819 
f 205/213/205 201/209/201 199/207/199 1817/1985/1817 
f 199/207/199 197/205/197 1815/1983/1815 1817/1985/1817 
f 197/205/197 195/203/195 1813/1981/1813 1815/1983/1815 
f 195/203/195 194/202/194 1811/1979/1811 1813/1981/1813 
f 194/202/194 193/201/193 1807/1975/1807 1811/1979/1811 
f 1806/1974/1806 1805/1973/1805 1944/2118/1944 1808/1976/1808 
f 1804/1972/1804 2045/2227/2045 1946/2120/1946 1805/1973/1805 
f 2045/2227/2045 1791/1959/1791 1789/1957/1789 1946/2120/1946 
f 1799/1967/1799 1797/1965/1797 2045/2227/2045 1804/1972/1804 
f 1802/1970/1802 185/193/185 183/191/183 1800/1968/1800 
f 1797/1965/1797 1793/1961/1793 1791/1959/1791 2045/2227/2045 
f 183/191/183 181/189/181 1798/1966/1798 1800/1968/1800 
f 181/189/181 179/2228/179 1796/1964/1796 1798/1966/1798 
f 149/155/149 147/153/147 1772/1938/1772 1774/1940/1774 
f 147/153/147 145/151/145 1770/1936/1770 1772/1938/1772 
f 145/151/145 143/149/143 1768/1934/1768 1770/1936/1770 
f 143/149/143 141/147/141 1766/1932/1766 1768/1934/1768 
f 141/147/141 139/145/139 1764/1930/1764 1766/1932/1766 
f 139/145/139 137/143/137 1762/1928/1762 1764/1930/1764 
f 137/143/137 135/141/135 1760/1926/1760 1762/1928/1762 
f 135/141/135 133/139/133 1758/1924/1758 1760/1926/1760 
f 133/139/133 131/137/131 1756/1922/1756 1758/1924/1758 
f 131/137/131 129/134/129 1754/1919/1754 1756/1922/1756 
f 129/134/129 127/133/127 1752/1920/1752 1754/1919/1754 
f 127/131/127 125/129/125 1750/1914/1750 1752/1916/1752 
f 125/129/125 123/127/123 1748/1912/1748 1750/1914/1750 
f 123/127/123 121/125/121 1746/1910/1746 1748/1912/1748 
f 121/125/121 119/123/119 1744/1908/1744 1746/1910/1746 
f 119/123/119 117/121/117 1742/1906/1742 1744/1908/1744 
f 117/121/117 115/119/115 1740/1904/1740 1742/1906/1742 
f 115/119/115 113/117/113 1738/1902/1738 1740/1904/1740 
f 113/117/113 111/115/111 1736/1900/1736 1738/1902/1738 
f 111/115/111 109/113/109 1734/1898/1734 1736/1900/1736 
f 109/113/109 107/111/107 1732/1896/1732 1734/1898/1734 
f 1729/1893/1729 1725/1889/1725 1723/1887/1723 1888/2058/1888 
f 107/111/107 105/109/105 1730/1894/1730 1732/1896/1732 
f 105/109/105 104/108/104 1727/1891/1727 1730/1894/1730 
f 534/557/534 536/559/536 1722/1886/1722 1724/1888/1724 
f 536/559/536 538/561/538 1720/1884/1720 1722/1886/1722 
f 538/561/538 540/563/540 1718/1882/1718 1720/1884/1720 
f 540/563/540 542/565/542 1716/1880/1716 1718/1882/1718 
f 542/565/542 544/567/544 1712/1876/1712 1716/1880/1716 
f 1713/1877/1713 245/255/245 243/253/243 1879/2049/1879 
f 1711/1875/1711 247/257/247 245/255/245 1713/1877/1713 
f 546/569/546 249/259/249 247/257/247 1711/1875/1711 
f 1728/1892/1728 103/107/103 528/551/528 530/553/530 
f 103/107/103 101/105/101 526/549/526 528/551/528 
f 101/105/101 100/104/100 524/547/524 526/549/526 
f 100/104/100 99/103/99 522/545/522 524/547/524 
f 99/103/99 516/538/516 518/543/518 522/545/522 
f 99/103/99 97/101/97 514/536/514 516/538/516 
f 97/101/97 95/99/95 512/534/512 514/536/514 
f 95/99/95 93/97/93 510/532/510 512/534/512 
f 93/97/93 91/95/91 508/530/508 510/532/510 
f 91/95/91 89/93/89 506/528/506 508/530/508 
f 89/93/89 87/91/87 504/526/504 506/528/506 
f 25/25/25 24/24/24 440/458/440 442/460/442 
f 24/24/24 23/23/23 436/454/436 440/458/440 
f 435/452/435 434/451/434 662/691/662 437/695/437 
f 17/17/17 15/15/15 425/2229/425 427/443/427 
f 15/15/15 13/13/13 423/2230/423 425/2229/425 
f 13/13/13 11/11/11 421/2231/421 423/2230/423 
f 11/11/11 9/9/9 419/2232/419 421/2231/421 
f 9/9/9 7/7/7 417/2233/417 419/2232/419 
f 7/7/7 6/6/6 415/2234/415 417/2233/417 
f 6/6/6 5/5/5 411/423/411 415/2234/415 
f 410/422/410 409/421/409 1445/1587/1445 412/424/412 
f 407/419/407 2046/2235/2046 1447/1589/1447 409/421/409 
f 2046/2235/2046 381/392/381 378/389/378 1447/1589/1447 
f 405/417/405 2047/2236/2047 2046/2235/2046 407/419/407 
f 2047/2236/2047 384/395/384 381/392/381 2046/2235/2046 
f 404/416/404 2048/2237/2048 2047/2236/2047 405/417/405 
f 2048/2237/2048 387/398/387 384/395/384 2047/2236/2047 
f 404/416/404 399/411/399 397/409/397 2048/2237/2048 
f 397/409/397 390/401/390 387/398/387 2048/2237/2048 
f 2/2/2 1/1/1 403/415/403 406/418/406 
f 200/208/200 202/407/202 393/404/393 398/410/398 
f 281/293/281 573/598/573 286/297/286 283/295/283 
f 286/297/286 285/296/285 283/295/283 
f 276/288/276 275/287/275 573/598/573 281/293/281 
f 2049/2238/2049 2050/2239/2050 272/284/272 274/286/274 
f 278/290/278 2049/2238/2049 274/286/274 
f 2051/2240/2051 2052/2241/2052 210/218/210 209/217/209 
f 2051/2240/2051 209/217/209 2053/2242/2053 
f 2054/2243/2054 2055/2244/2055 1838/2006/1838 210/218/210 
f 2054/2243/2054 210/218/210 2052/2241/2052 
f 2056/2245/2056 2057/2246/2057 1836/2004/1836 1838/2006/1838 
f 2056/2245/2056 1838/2006/1838 2055/2244/2055 
f 2058/2247/2058 2059/2248/2059 1834/2002/1834 1836/2004/1836 
f 2057/2246/2057 2058/2247/2058 1836/2004/1836 
f 2060/2249/2060 2061/2250/2061 1832/2000/1832 1834/2002/1834 
f 2059/2248/2059 2060/2249/2060 1834/2002/1834 
f 2062/2251/2062 2063/2252/2063 1830/1998/1830 1832/2000/1832 
f 2061/2250/2061 2062/2251/2062 1832/2000/1832 
f 2064/2253/2064 2065/2254/2065 1828/1996/1828 1830/1998/1830 
f 2063/2252/2063 2064/2253/2064 1830/1998/1830 
f 2066/2255/2066 2067/2256/2067 1826/1994/1826 1828/1996/1828 
f 2065/2254/2065 2066/2255/2066 1828/1996/1828 
f 2068/2257/2068 2069/2258/2069 1824/1992/1824 1826/1994/1826 
f 2067/2256/2067 2068/2257/2068 1826/1994/1826 
f 2070/2259/2070 2071/2260/2071 1822/1990/1822 1824/1992/1824 
f 2070/2259/2070 1824/1992/1824 2069/2258/2069 
f 2072/2261/2072 2073/2262/2073 1820/1988/1820 1822/1990/1822 
f 2072/2261/2072 1822/1990/1822 2071/2260/2071 
f 2074/2263/2074 2075/2264/2075 1818/1986/1818 1820/1988/1820 
f 2074/2263/2074 1820/1988/1820 2073/2262/2073 
f 2076/2265/2076 2077/2266/2077 270/282/270 272/284/272 
f 2050/2239/2050 2076/2265/2076 272/284/272 
f 2078/2267/2078 2079/2268/2079 268/280/268 270/282/270 
f 2077/2266/2077 2078/2267/2078 270/282/270 
f 2080/2269/2080 2081/2270/2081 266/278/266 268/280/268 
f 2079/2268/2079 2080/2269/2080 268/280/268 
f 2082/2271/2082 2083/2272/2083 264/276/264 266/278/266 
f 2081/2270/2081 2082/2271/2082 266/278/266 
f 2084/2273/2084 2085/2274/2085 262/274/262 264/276/264 
f 2083/2272/2083 2084/2273/2084 264/276/264 
f 2086/2275/2086 2087/2276/2087 260/272/260 262/274/262 
f 2085/2274/2085 2086/2275/2086 262/274/262 
f 2088/2277/2088 2089/2278/2089 258/268/258 260/272/260 
f 2087/2276/2087 2088/2277/2088 260/272/260 
f 2090/2279/2090 2091/2280/2091 256/269/256 258/268/258 
f 2089/2278/2089 2090/2279/2090 258/268/258 
f 2092/2281/2092 2093/2282/2093 254/264/254 256/266/256 
f 2091/2283/2091 2092/2281/2092 256/266/256 
f 2094/2284/2094 2095/2285/2095 252/262/252 254/264/254 
f 2093/2282/2093 2094/2284/2094 254/264/254 
f 2096/2286/2096 2097/2287/2097 250/260/250 252/262/252 
f 2095/2285/2095 2096/2286/2096 252/262/252 
f 2098/2288/2098 2099/2289/2099 248/258/248 250/260/250 
f 2097/2287/2097 2098/2288/2098 250/260/250 
f 2100/2290/2100 2101/2291/2101 246/256/246 248/258/248 
f 2099/2289/2099 2100/2290/2100 248/258/248 
f 2102/2292/2102 2103/2293/2103 244/254/244 246/256/246 
f 2101/2291/2101 2102/2292/2102 246/256/246 
f 2104/2294/2104 2105/2295/2105 242/252/242 244/254/244 
f 2103/2293/2103 2104/2294/2104 244/254/244 
f 2106/2296/2106 2107/2297/2107 240/250/240 242/252/242 
f 2106/2296/2106 242/252/242 2105/2295/2105 
f 2108/2298/2108 2109/2299/2109 238/248/238 240/250/240 
f 2107/2297/2107 2108/2298/2108 240/250/240 
f 2110/2300/2110 2111/2301/2111 236/246/236 238/248/238 
f 2109/2299/2109 2110/2300/2110 238/248/238 
f 2112/2302/2112 2113/2303/2113 234/244/234 236/246/236 
f 2111/2301/2111 2112/2302/2112 236/246/236 
f 2114/2304/2114 2115/2305/2115 232/242/232 234/244/234 
f 2113/2303/2113 2114/2304/2114 234/244/234 
f 2116/2306/2116 2117/2307/2117 230/240/230 232/242/232 
f 2115/2305/2115 2116/2306/2116 232/242/232 
f 2118/2308/2118 2119/2309/2119 228/238/228 230/240/230 
f 2117/2307/2117 2118/2308/2118 230/240/230 
f 2120/2310/2120 2121/2311/2121 226/236/226 228/238/228 
f 2119/2309/2119 2120/2310/2120 228/238/228 
f 2122/2312/2122 2123/2313/2123 224/233/224 226/236/226 
f 2121/2311/2121 2122/2312/2122 226/236/226 
f 2124/2314/2124 2125/2315/2125 222/234/222 224/233/224 
f 2123/2313/2123 2124/2314/2124 224/233/224 
f 2126/2316/2126 2127/2317/2127 220/228/220 222/230/222 
f 2125/2318/2125 2126/2316/2126 222/230/222 
f 2128/2319/2128 2129/2320/2129 218/226/218 220/228/220 
f 2127/2317/2127 2128/2319/2128 220/228/220 
f 2130/2321/2130 2131/2322/2131 216/224/216 218/226/218 
f 2129/2320/2129 2130/2321/2130 218/226/218 
f 2132/2323/2132 2133/2324/2133 214/222/214 216/224/216 
f 2131/2322/2131 2132/2323/2132 216/224/216 
f 2134/2325/2134 2135/2326/2135 212/220/212 214/222/214 
f 2133/2324/2133 2134/2325/2134 214/222/214 
f 2136/2327/2136 2053/2242/2053 209/217/209 212/220/212 
f 2136/2327/2136 212/220/212 2135/2326/2135 
f 2137/2328/2137 206/214/206 205/213/205 1818/1986/1818 
f 2137/2328/2137 1818/1986/1818 2075/2264/2075 
f 2138/2329/2138 396/408/396 202/407/202 201/209/201 
f 2138/2329/2138 201/209/201 204/212/204 
f 190/198/190 192/200/192 196/204/196 402/414/402 
f 189/197/189 187/195/187 185/193/185 1802/1970/1802 
f 10/10/10 12/12/12 182/190/182 184/192/184 
f 12/12/12 14/14/14 180/188/180 182/190/182 
f 177/185/177 173/181/173 171/179/171 1795/1963/1795 
f 14/14/14 16/16/16 178/186/178 180/188/180 
f 16/16/16 18/18/18 175/183/175 178/186/178 
f 40/40/40 42/42/42 160/167/160 162/170/162 
f 42/42/42 44/44/44 158/168/158 160/167/160 
f 44/48/44 46/47/46 156/162/156 158/164/158 
f 46/47/46 48/50/48 154/160/154 156/162/156 
f 48/50/48 50/52/50 152/158/152 154/160/154 
f 50/52/50 52/54/52 150/156/150 152/158/152 
f 52/54/52 54/56/54 148/154/148 150/156/150 
f 54/56/54 56/58/56 146/152/146 148/154/148 
f 56/58/56 58/60/58 144/150/144 146/152/146 
f 58/60/58 60/62/60 142/148/142 144/150/144 
f 60/62/60 62/64/62 140/146/140 142/148/142 
f 62/64/62 64/66/64 138/144/138 140/146/140 
f 64/66/64 66/68/66 136/142/136 138/144/138 
f 66/68/66 68/70/68 134/140/134 136/142/136 
f 68/70/68 70/72/70 132/138/132 134/140/134 
f 70/72/70 72/74/72 130/135/130 132/138/132 
f 72/74/72 74/76/74 128/136/128 130/135/130 
f 74/80/74 76/79/76 126/130/126 128/132/128 
f 76/79/76 78/82/78 124/128/124 126/130/126 
f 78/82/78 80/84/80 122/126/122 124/128/124 
f 80/84/80 82/86/82 120/124/120 122/126/122 
f 82/86/82 84/88/84 118/122/118 120/124/120 
f 84/88/84 86/90/86 116/120/116 118/122/118 
f 86/90/86 88/92/88 114/118/114 116/120/116 
f 88/92/88 90/94/90 112/116/112 114/118/114 
f 90/94/90 92/96/92 110/114/110 112/116/112 
f 92/96/92 94/98/94 108/112/108 110/114/110 
f 94/98/94 96/100/96 106/110/106 108/112/108 
f 96/100/96 98/102/98 102/106/102 106/110/106 
f 20/20/20 22/22/22 26/26/26 176/184/176 
s 2
f 326/2330/326 328/2331/328 329/2332/329 2106/2333/2106 
f 2066/2334/2066 2065/2335/2065 2064/2336/2064 2067/2337/2067 
f 2068/2338/2068 2067/2337/2067 2064/2336/2064 2069/2339/2069 
f 2070/2340/2070 2069/2339/2069 2064/2336/2064 2063/2341/2063 
f 2070/2340/2070 2063/2341/2063 2062/2342/2062 2071/2343/2071 
f 2072/2344/2072 2071/2343/2071 2062/2342/2062 2073/2345/2073 
f 2073/2345/2073 2062/2342/2062 2061/2346/2061 2060/2347/2060 
f 2074/2348/2074 2073/2345/2073 2060/2347/2060 2059/2349/2059 
f 2074/2348/2074 2059/2349/2059 2058/2350/2058 2075/2351/2075 
f 2075/2351/2075 2058/2350/2058 2057/2352/2057 2056/2353/2056 
f 2075/2351/2075 2056/2353/2056 2055/2354/2055 2054/2355/2054 
f 2075/2351/2075 2054/2355/2054 2052/2356/2052 2051/2357/2051 
f 2075/2351/2075 2051/2357/2051 2053/2358/2053 2136/2359/2136 
f 2075/2351/2075 2136/2359/2136 2135/2360/2135 2134/2361/2134 
f 2075/2351/2075 2134/2361/2134 2133/2362/2133 2132/2363/2132 
f 2075/2351/2075 2132/2363/2132 2131/2364/2131 2130/2365/2130 
f 2075/2351/2075 2130/2365/2130 2129/2366/2129 2128/2367/2128 
f 2075/2351/2075 2128/2367/2128 2127/2368/2127 2126/2369/2126 
f 2075/2351/2075 2126/2369/2126 2125/2370/2125 2124/2371/2124 
f 2075/2351/2075 2124/2371/2124 2123/2372/2123 2122/2373/2122 
f 2075/2351/2075 2122/2373/2122 2121/2374/2121 2120/2375/2120 
f 2075/2351/2075 2120/2375/2120 2119/2376/2119 2118/2377/2118 
f 2075/2351/2075 2118/2377/2118 2117/2378/2117 2116/2379/2116 
f 2075/2351/2075 2116/2379/2116 2115/2380/2115 2114/2381/2114 
f 2075/2351/2075 2114/2381/2114 2113/2382/2113 2112/2383/2112 
f 2075/2351/2075 2112/2383/2112 2111/2384/2111 2110/2385/2110 
f 2075/2351/2075 2110/2385/2110 2109/2386/2109 2108/2387/2108 
f 2075/2351/2075 2108/2387/2108 2107/2388/2107 2106/2333/2106 
f 2137/2389/2137 2075/2351/2075 2106/2333/2106 206/2390/206 
f 203/2391/203 206/2390/206 2106/2333/2106 204/2392/204 
f 2138/2393/2138 204/2392/204 2106/2333/2106 396/2394/396 
f 395/2395/395 396/2394/396 2106/2333/2106 394/2396/394 
f 392/2397/392 394/2396/394 2106/2333/2106 391/2398/391 
f 389/2399/389 391/2398/391 2106/2333/2106 388/2400/388 
f 386/2401/386 388/2400/388 2106/2333/2106 385/2402/385 
f 383/2403/383 385/2402/385 2106/2333/2106 382/2404/382 
f 380/2405/380 382/2404/382 2106/2333/2106 379/2406/379 
f 377/2407/377 379/2406/379 2106/2333/2106 376/2408/376 
f 374/2409/374 376/2408/376 2106/2333/2106 373/2410/373 
f 371/2411/371 373/2410/373 2106/2333/2106 370/2412/370 
f 368/2413/368 370/2412/370 2106/2333/2106 367/2414/367 
f 365/2415/365 367/2414/367 2106/2333/2106 364/2416/364 
f 362/2417/362 364/2416/364 2106/2333/2106 361/2418/361 
f 359/2419/359 361/2418/361 2106/2333/2106 358/2420/358 
f 356/2421/356 358/2420/358 2106/2333/2106 355/2422/355 
f 353/2423/353 355/2422/355 2106/2333/2106 352/2424/352 
f 350/2425/350 352/2424/352 2106/2333/2106 349/2426/349 
f 347/2427/347 349/2426/349 2106/2333/2106 346/2428/346 
f 344/2429/344 346/2428/346 2106/2333/2106 343/2430/343 
f 341/2431/341 343/2430/343 2106/2333/2106 340/2432/340 
f 338/2433/338 340/2432/340 2106/2333/2106 336/2434/336 
f 336/2434/336 2106/2333/2106 334/2435/334 
f 334/2435/334 2106/2333/2106 332/2436/332 
f 332/2436/332 2106/2333/2106 330/2437/330 
f 329/2332/329 330/2437/330 2106/2333/2106 
f 325/2438/325 326/2330/326 2106/2333/2106 323/2439/323 
f 322/2440/322 323/2439/323 2106/2333/2106 320/2441/320 
f 320/2441/320 2106/2333/2106 2105/2442/2105 2104/2443/2104 
f 319/2444/319 320/2441/320 2104/2443/2104 317/2445/317 
f 317/2445/317 2104/2443/2104 2103/2446/2103 2102/2447/2102 
f 316/2448/316 317/2445/317 2102/2447/2102 314/2449/314 
f 313/2450/313 314/2449/314 2102/2447/2102 2101/2451/2101 
f 313/2450/313 2101/2451/2101 2100/2452/2100 311/2453/311 
f 310/2454/310 311/2453/311 2100/2452/2100 2099/2455/2099 
f 307/2456/307 310/2454/310 2099/2455/2099 306/2457/306 
f 304/2458/304 306/2457/306 2099/2455/2099 303/2459/303 
f 301/2460/301 303/2459/303 2099/2455/2099 300/2461/300 
f 298/2462/298 300/2461/300 2099/2455/2099 297/2463/297 
f 295/2464/295 297/2463/297 2099/2455/2099 294/2465/294 
f 292/2466/292 294/2465/294 2099/2455/2099 291/2467/291 
f 289/2468/289 291/2467/291 2099/2455/2099 288/2469/288 
f 284/2470/284 288/2469/288 2099/2455/2099 285/2471/285 
f 283/2472/283 285/2471/285 2099/2455/2099 2098/2473/2098 
f 282/2474/282 283/2472/283 2098/2473/2098 280/2475/280 
f 280/2475/280 2098/2473/2098 2097/2476/2097 279/2477/279 
f 277/2478/277 279/2477/279 2097/2476/2097 2096/2479/2096 
f 278/2480/278 277/2478/277 2096/2479/2096 2095/2481/2095 
f 2049/2482/2049 278/2480/278 2095/2481/2095 2094/2483/2094 
f 2050/2484/2050 2049/2482/2049 2094/2483/2094 2093/2485/2093 
f 2076/2486/2076 2050/2484/2050 2093/2485/2093 2092/2487/2092 
f 2077/2488/2077 2076/2486/2076 2092/2487/2092 2091/2489/2091 
f 2078/2490/2078 2077/2488/2077 2091/2489/2091 2090/2491/2090 
f 2078/2490/2078 2090/2491/2090 2089/2492/2089 2088/2493/2088 
f 2079/2494/2079 2078/2490/2078 2088/2493/2088 2080/2495/2080 
f 2080/2495/2080 2088/2493/2088 2087/2496/2087 2086/2497/2086 
f 2086/2497/2086 2085/2498/2085 2084/2499/2084 2080/2495/2080 
f 2084/2499/2084 2083/2500/2083 2082/2501/2082 2080/2495/2080 
f 2080/2495/2080 2082/2501/2082 2081/2502/2081 
# 2087 polygons - 98 triangles

#
# object Object001
#

v  0.9208 -0.8359 -0.1643
v  0.9059 -0.7869 -0.1492
v  0.9038 -0.7912 -0.1393
v  0.9189 -0.8408 -0.1564
v  0.9215 -0.8280 -0.1705
v  0.9067 -0.7819 -0.1578
v  0.8839 -0.7280 -0.1427
v  0.8825 -0.7315 -0.1311
v  0.8802 -0.7360 -0.1186
v  0.9194 -0.8160 -0.1752
v  0.9055 -0.7757 -0.1656
v  0.9154 -0.8037 -0.1781
v  0.9037 -0.7724 -0.1735
v  0.8823 -0.7247 -0.1662
v  0.8836 -0.7254 -0.1542
v  0.8552 -0.6697 -0.1424
v  0.8554 -0.6711 -0.1279
v  0.8540 -0.6696 -0.1577
v  0.8232 -0.6168 -0.1500
v  0.8243 -0.6169 -0.1323
v  0.8245 -0.6184 -0.1157
v  0.8540 -0.6745 -0.1138
v  0.8515 -0.6798 -0.0993
v  0.8232 -0.6221 -0.0994
v  0.8205 -0.6281 -0.0829
v  0.9184 -0.8165 -0.1847
v  0.9038 -0.7767 -0.1829
v  0.9196 -0.8292 -0.1930
v  0.9041 -0.7835 -0.1935
v  0.8804 -0.7296 -0.1935
v  0.8814 -0.7265 -0.1793
v  0.9184 -0.8382 -0.2019
v  0.9028 -0.7887 -0.2050
v  0.9161 -0.8447 -0.2120
v  0.9001 -0.7930 -0.2179
v  0.8752 -0.7363 -0.2252
v  0.8783 -0.7327 -0.2088
v  0.8483 -0.6751 -0.2113
v  0.8509 -0.6722 -0.1924
v  0.8448 -0.6792 -0.2310
v  0.8121 -0.6271 -0.2344
v  0.8162 -0.6223 -0.2120
v  0.8193 -0.6193 -0.1901
v  0.8527 -0.6705 -0.1744
v  0.8216 -0.6175 -0.1694
v  0.9134 -0.8505 -0.2237
v  0.8967 -0.7977 -0.2325
v  0.9104 -0.8555 -0.2370
v  0.8929 -0.8032 -0.2485
v  0.8670 -0.7471 -0.2599
v  0.8713 -0.7411 -0.2425
v  0.9076 -0.8594 -0.2506
v  0.8892 -0.8087 -0.2643
v  0.9052 -0.8618 -0.2627
v  0.8860 -0.8137 -0.2780
v  0.8583 -0.7615 -0.2933
v  0.8626 -0.7541 -0.2770
v  0.8300 -0.6997 -0.2900
v  0.8354 -0.6919 -0.2707
v  0.8244 -0.7083 -0.3089
v  0.7882 -0.6593 -0.3226
v  0.7947 -0.6501 -0.3016
v  0.8011 -0.6414 -0.2797
v  0.8404 -0.6849 -0.2509
v  0.8070 -0.6335 -0.2572
v  0.9034 -0.8623 -0.2728
v  0.8832 -0.8174 -0.2897
v  0.9003 -0.8592 -0.2824
v  0.8798 -0.8189 -0.3001
v  0.8504 -0.7735 -0.3207
v  0.8543 -0.7683 -0.3081
v  0.8947 -0.8510 -0.2930
v  0.8754 -0.8178 -0.3097
v  0.8879 -0.8416 -0.3022
v  0.8719 -0.8176 -0.3169
v  0.8433 -0.7801 -0.3396
v  0.8465 -0.7770 -0.3313
v  0.8098 -0.7305 -0.3555
v  0.8141 -0.7244 -0.3426
v  0.8063 -0.7352 -0.3655
v  0.7677 -0.6917 -0.3875
v  0.7716 -0.6857 -0.3759
v  0.7763 -0.6781 -0.3609
v  0.8191 -0.7168 -0.3268
v  0.7819 -0.6689 -0.3428
v  0.8928 -0.8543 -0.2986
v  0.8721 -0.8227 -0.3195
v  0.8960 -0.8673 -0.2961
v  0.8731 -0.8292 -0.3204
v  0.8407 -0.7875 -0.3488
v  0.8416 -0.7838 -0.3450
v  0.8961 -0.8756 -0.2963
v  0.8728 -0.8337 -0.3220
v  0.8947 -0.8804 -0.2982
v  0.8716 -0.8366 -0.3241
v  0.8380 -0.7928 -0.3546
v  0.8394 -0.7904 -0.3518
v  0.7998 -0.7447 -0.3823
v  0.8016 -0.7420 -0.3782
v  0.7981 -0.7473 -0.3856
v  0.7578 -0.7058 -0.4114
v  0.7599 -0.7027 -0.4075
v  0.7621 -0.6997 -0.4026
v  0.8037 -0.7390 -0.3728
v  0.7646 -0.6962 -0.3962
v  0.8932 -0.8828 -0.3008
v  0.8701 -0.8388 -0.3265
v  0.8897 -0.8826 -0.3054
v  0.8672 -0.8405 -0.3300
v  0.8335 -0.7990 -0.3602
v  0.8363 -0.7953 -0.3572
v  0.8824 -0.8793 -0.3133
v  0.8615 -0.8425 -0.3353
v  0.8730 -0.8751 -0.3223
v  0.8544 -0.8498 -0.3406
v  0.8211 -0.8167 -0.3689
v  0.8286 -0.8050 -0.3641
v  0.7878 -0.7640 -0.3953
v  0.7930 -0.7554 -0.3916
v  0.7790 -0.7789 -0.4004
v  0.7341 -0.7419 -0.4286
v  0.7449 -0.7252 -0.4227
v  0.7514 -0.7153 -0.4184
v  0.7961 -0.7504 -0.3886
v  0.7552 -0.7094 -0.4148
v  0.8752 -0.8954 -0.3176
v  0.8477 -0.8686 -0.3435
v  0.8729 -0.9154 -0.3158
v  0.8390 -0.8895 -0.3466
v  0.7984 -0.8607 -0.3804
v  0.8105 -0.8373 -0.3746
v  0.8650 -0.9270 -0.3186
v  0.8293 -0.9035 -0.3503
v  0.8571 -0.9349 -0.3221
v  0.8211 -0.9137 -0.3536
v  0.7780 -0.8906 -0.3875
v  0.7870 -0.8778 -0.3846
v  0.7382 -0.8498 -0.4202
v  0.7508 -0.8285 -0.4152
v  0.7285 -0.8654 -0.4221
v  0.6766 -0.8391 -0.4530
v  0.6876 -0.8212 -0.4523
v  0.7018 -0.7964 -0.4459
v  0.7656 -0.8025 -0.4076
v  0.7185 -0.7674 -0.4368
v  0.8507 -0.9399 -0.3253
v  0.8145 -0.9210 -0.3564
v  0.8437 -0.9421 -0.3300
v  0.8083 -0.9257 -0.3595
v  0.7650 -0.9072 -0.3913
v  0.7709 -0.9002 -0.3896
v  0.8342 -0.9419 -0.3373
v  0.8023 -0.9286 -0.3625
v  0.8240 -0.9403 -0.3446
v  0.7984 -0.9312 -0.3636
v  0.7570 -0.9167 -0.3918
v  0.7603 -0.9123 -0.3923
v  0.7095 -0.8929 -0.4238
v  0.7143 -0.8861 -0.4239
v  0.7058 -0.8987 -0.4226
v  0.6511 -0.8773 -0.4490
v  0.6555 -0.8705 -0.4507
v  0.6609 -0.8625 -0.4516
v  0.7206 -0.8772 -0.4232
v  0.6679 -0.8524 -0.4523
v  0.8322 -0.9458 -0.3359
v  0.7987 -0.9355 -0.3601
v  0.8386 -0.9524 -0.3263
v  0.8000 -0.9415 -0.3541
v  0.7535 -0.9280 -0.3844
v  0.7551 -0.9217 -0.3892
v  0.8410 -0.9596 -0.3180
v  0.8000 -0.9491 -0.3469
v  0.8413 -0.9682 -0.3096
v  0.7982 -0.9589 -0.3385
v  0.7471 -0.9478 -0.3694
v  0.7510 -0.9365 -0.3779
v  0.6955 -0.9214 -0.4092
v  0.6996 -0.9118 -0.4155
v  0.6897 -0.9341 -0.4009
v  0.6303 -0.9172 -0.4291
v  0.6376 -0.9031 -0.4366
v  0.6430 -0.8925 -0.4423
v  0.7027 -0.9046 -0.4199
v  0.6473 -0.8843 -0.4463
v  0.8417 -0.9788 -0.2995
v  0.7953 -0.9718 -0.3278
v  0.8371 -0.9904 -0.2898
v  0.7898 -0.9877 -0.3151
v  0.7336 -0.9821 -0.3432
v  0.7415 -0.9628 -0.3582
v  0.8246 -1.0008 -0.2843
v  0.7796 -1.0024 -0.3046
v  0.8092 -1.0075 -0.2841
v  0.7718 -1.0114 -0.2981
v  0.7171 -1.0116 -0.3186
v  0.7237 -1.0000 -0.3287
v  0.6609 -0.9933 -0.3537
v  0.6714 -0.9725 -0.3720
v  0.6540 -1.0076 -0.3407
v  0.5895 -0.9983 -0.3606
v  0.5974 -0.9814 -0.3766
v  0.6086 -0.9583 -0.3977
v  0.6817 -0.9511 -0.3892
v  0.6203 -0.9357 -0.4169
v  0.8191 -1.0083 -0.2769
v  0.7727 -1.0157 -0.2919
v  0.8222 -1.0099 -0.2719
v  0.7741 -1.0182 -0.2871
v  0.7142 -1.0212 -0.3066
v  0.7149 -1.0179 -0.3116
v  0.8161 -1.0128 -0.2708
v  0.7705 -1.0200 -0.2852
v  0.8041 -1.0158 -0.2729
v  0.7671 -1.0211 -0.2840
v  0.7117 -1.0239 -0.3008
v  0.7126 -1.0230 -0.3034
v  0.6472 -1.0220 -0.3224
v  0.6483 -1.0198 -0.3266
v  0.6469 -1.0231 -0.3187
v  0.5795 -1.0181 -0.3328
v  0.5801 -1.0167 -0.3376
v  0.5816 -1.0138 -0.3431
v  0.6503 -1.0155 -0.3324
v  0.5845 -1.0082 -0.3502
v  0.8167 -1.0131 -0.2683
v  0.7714 -1.0207 -0.2807
v  0.8271 -1.0101 -0.2641
v  0.7793 -1.0194 -0.2760
v  0.7161 -1.0241 -0.2928
v  0.7131 -1.0242 -0.2975
v  0.8356 -1.0058 -0.2600
v  0.7877 -1.0172 -0.2701
v  0.8534 -0.9926 -0.2564
v  0.7938 -1.0150 -0.2630
v  0.7216 -1.0238 -0.2763
v  0.7194 -1.0239 -0.2862
v  0.6483 -1.0248 -0.3009
v  0.6477 -1.0242 -0.3092
v  0.6486 -1.0258 -0.2873
v  0.5788 -1.0219 -0.2935
v  0.5792 -1.0205 -0.3103
v  0.5793 -1.0197 -0.3209
v  0.6471 -1.0237 -0.3146
v  0.5794 -1.0190 -0.3277
v  0.8461 -1.0034 -0.2462
v  0.7933 -1.0160 -0.2528
v  0.8463 -1.0071 -0.2336
v  0.7920 -1.0170 -0.2369
v  0.7203 -1.0258 -0.2370
v  0.7214 -1.0245 -0.2603
v  0.8511 -1.0050 -0.2158
v  0.7944 -1.0174 -0.2142
v  0.8653 -0.9916 -0.1877
v  0.7944 -1.0187 -0.1856
v  0.7201 -1.0302 -0.1771
v  0.7205 -1.0275 -0.2089
v  0.6478 -1.0316 -0.2078
v  0.6474 -1.0295 -0.2379
v  0.6491 -1.0343 -0.1728
v  0.5812 -1.0309 -0.1716
v  0.5788 -1.0281 -0.2089
v  0.5779 -1.0259 -0.2403
v  0.6481 -1.0275 -0.2656
v  0.5780 -1.0238 -0.2689
v  0.8418 -1.0164 -0.1759
v  0.7850 -1.0255 -0.1588
v  0.8264 -1.0216 -0.1565
v  0.7729 -1.0296 -0.1378
v  0.7112 -1.0359 -0.1187
v  0.7162 -1.0337 -0.1423
v  0.8085 -1.0239 -0.1364
v  0.7629 -1.0311 -0.1225
v  0.7934 -1.0253 -0.1234
v  0.7586 -1.0303 -0.1120
v  0.7061 -1.0351 -0.0949
v  0.7074 -1.0363 -0.1048
v  0.6503 -1.0380 -0.0883
v  0.6505 -1.0383 -0.1040
v  0.6503 -1.0365 -0.0771
v  0.5936 -1.0326 -0.0599
v  0.5924 -1.0350 -0.0759
v  0.5901 -1.0355 -0.0967
v  0.6502 -1.0371 -0.1325
v  0.5857 -1.0339 -0.1302
v  0.8083 -1.0216 -0.1225
v  0.7640 -1.0272 -0.1052
v  0.8225 -1.0166 -0.1195
v  0.7737 -1.0226 -0.0990
v  0.7141 -1.0274 -0.0758
v  0.7084 -1.0322 -0.0860
v  0.8338 -1.0108 -0.1154
v  0.7833 -1.0170 -0.0920
v  0.8485 -1.0029 -0.1110
v  0.7911 -1.0109 -0.0838
v  0.7287 -1.0129 -0.0500
v  0.7216 -1.0206 -0.0634
v  0.6623 -1.0181 -0.0311
v  0.6557 -1.0272 -0.0506
v  0.6682 -1.0083 -0.0123
v  0.6139 -0.9980 0.0209
v  0.6079 -1.0086 0.0009
v  0.6008 -1.0196 -0.0227
v  0.6516 -1.0333 -0.0656
v  0.5958 -1.0278 -0.0432
v  0.8424 -0.9997 -0.0973
v  0.7939 -1.0053 -0.0736
v  0.8384 -0.9967 -0.0874
v  0.7942 -1.0004 -0.0629
v  0.7367 -1.0002 -0.0271
v  0.7336 -1.0059 -0.0376
v  0.8319 -0.9933 -0.0768
v  0.7928 -0.9954 -0.0526
v  0.8236 -0.9900 -0.0666
v  0.7934 -0.9894 -0.0457
v  0.7426 -0.9867 -0.0130
v  0.7391 -0.9943 -0.0187
v  0.6785 -0.9879 0.0191
v  0.6753 -0.9946 0.0115
v  0.6827 -0.9795 0.0246
v  0.6283 -0.9679 0.0573
v  0.6243 -0.9762 0.0517
v  0.6211 -0.9832 0.0446
v  0.6722 -1.0007 0.0015
v  0.6178 -0.9899 0.0347
v  0.8364 -0.9857 -0.0722
v  0.8007 -0.9821 -0.0450
v  0.8481 -0.9792 -0.0767
v  0.8101 -0.9732 -0.0460
v  0.7578 -0.9649 -0.0075
v  0.7490 -0.9769 -0.0100
v  0.8557 -0.9715 -0.0787
v  0.8181 -0.9625 -0.0454
v  0.8612 -0.9630 -0.0791
v  0.8251 -0.9503 -0.0434
v  0.7773 -0.9337 -0.0007
v  0.7675 -0.9502 -0.0043
v  0.7091 -0.9386 0.0373
v  0.6978 -0.9556 0.0331
v  0.7220 -0.9187 0.0413
v  0.6667 -0.9050 0.0768
v  0.6530 -0.9269 0.0718
v  0.6422 -0.9442 0.0670
v  0.6889 -0.9691 0.0289
v  0.6341 -0.9577 0.0622
v  0.8667 -0.9538 -0.0796
v  0.8318 -0.9376 -0.0415
v  0.8720 -0.9444 -0.0803
v  0.8383 -0.9254 -0.0403
v  0.7945 -0.9027 0.0049
v  0.7864 -0.9176 0.0024
v  0.8769 -0.9355 -0.0809
v  0.8441 -0.9145 -0.0397
v  0.8812 -0.9273 -0.0808
v  0.8494 -0.9047 -0.0394
v  0.8074 -0.8774 0.0079
v  0.8014 -0.8893 0.0067
v  0.7558 -0.8603 0.0516
v  0.7467 -0.8775 0.0489
v  0.7629 -0.8457 0.0534
v  0.7202 -0.8136 0.0910
v  0.7112 -0.8308 0.0892
v  0.6987 -0.8530 0.0862
v  0.7352 -0.8975 0.0454
v  0.6829 -0.8788 0.0820
v  0.8844 -0.9193 -0.0794
v  0.8538 -0.8957 -0.0389
v  0.8855 -0.9102 -0.0751
v  0.8564 -0.8869 -0.0373
v  0.8165 -0.8579 0.0083
v  0.8125 -0.8671 0.0083
v  0.8829 -0.8990 -0.0667
v  0.8568 -0.8776 -0.0340
v  0.8778 -0.8884 -0.0574
v  0.8577 -0.8701 -0.0324
v  0.8227 -0.8416 0.0073
v  0.8195 -0.8493 0.0084
v  0.7772 -0.8157 0.0526
v  0.7731 -0.8241 0.0537
v  0.7812 -0.8081 0.0507
v  0.7399 -0.7755 0.0878
v  0.7359 -0.7828 0.0897
v  0.7316 -0.7909 0.0910
v  0.7685 -0.8339 0.0540
v  0.7266 -0.8008 0.0915
v  0.8862 -0.8929 -0.0680
v  0.8628 -0.8670 -0.0368
v  0.8933 -0.8958 -0.0784
v  0.8689 -0.8646 -0.0434
v  0.8325 -0.8290 -0.0006
v  0.8273 -0.8353 0.0041
v  0.8970 -0.8947 -0.0856
v  0.8731 -0.8601 -0.0494
v  0.8991 -0.8901 -0.0912
v  0.8762 -0.8535 -0.0557
v  0.8423 -0.8131 -0.0141
v  0.8375 -0.8217 -0.0063
v  0.7959 -0.7846 0.0380
v  0.7903 -0.7931 0.0440
v  0.8022 -0.7747 0.0289
v  0.7618 -0.7413 0.0655
v  0.7546 -0.7523 0.0754
v  0.7489 -0.7609 0.0815
v  0.7855 -0.8007 0.0480
v  0.7441 -0.7684 0.0853
v  0.9013 -0.8820 -0.0967
v  0.8794 -0.8447 -0.0632
v  0.9032 -0.8692 -0.1010
v  0.8825 -0.8331 -0.0709
v  0.8529 -0.7911 -0.0363
v  0.8475 -0.8029 -0.0245
v  0.9032 -0.8512 -0.1032
v  0.8846 -0.8191 -0.0782
v  0.9009 -0.8344 -0.1033
v  0.8870 -0.8072 -0.0869
v  0.8628 -0.7666 -0.0622
v  0.8579 -0.7783 -0.0489
v  0.8249 -0.7341 -0.0175
v  0.8174 -0.7487 -0.0002
v  0.8316 -0.7205 -0.0346
v  0.7973 -0.6751 -0.0090
v  0.7894 -0.6907 0.0107
v  0.7805 -0.7086 0.0312
v  0.8095 -0.7626 0.0158
v  0.7708 -0.7265 0.0505
v  0.9079 -0.8405 -0.1173
v  0.8921 -0.8023 -0.0997
v  0.9138 -0.8444 -0.1335
v  0.8975 -0.7996 -0.1144
v  0.8731 -0.7493 -0.0911
v  0.8680 -0.7572 -0.0765
v  0.9169 -0.8440 -0.1465
v  0.9013 -0.7956 -0.1278
v  0.8771 -0.7420 -0.1052
v  0.8480 -0.6874 -0.0839
v  0.8433 -0.6970 -0.0679
v  0.8164 -0.6369 -0.0654
v  0.8109 -0.6480 -0.0471
v  0.8377 -0.7082 -0.0514
v  0.8045 -0.6609 -0.0282
v  0.7916 -0.5779 -0.0884
v  0.7888 -0.5844 -0.0703
v  0.7928 -0.5740 -0.1062
v  0.7592 -0.5354 -0.0988
v  0.7579 -0.5395 -0.0801
v  0.7550 -0.5462 -0.0609
v  0.7927 -0.5723 -0.1244
v  0.7916 -0.5720 -0.1438
v  0.7579 -0.5331 -0.1385
v  0.7591 -0.5335 -0.1180
v  0.7211 -0.4970 -0.1125
v  0.7213 -0.4990 -0.0928
v  0.7197 -0.4966 -0.1336
v  0.7200 -0.5032 -0.0734
v  0.7168 -0.5102 -0.0536
v  0.7898 -0.5727 -0.1649
v  0.7872 -0.5745 -0.1876
v  0.7530 -0.5356 -0.1848
v  0.7559 -0.5337 -0.1608
v  0.7837 -0.5778 -0.2114
v  0.7790 -0.5828 -0.2360
v  0.7439 -0.5441 -0.2359
v  0.7491 -0.5390 -0.2099
v  0.7102 -0.5022 -0.2072
v  0.7144 -0.4989 -0.1813
v  0.7046 -0.5074 -0.2340
v  0.7176 -0.4971 -0.1566
v  0.7732 -0.5898 -0.2609
v  0.7664 -0.5982 -0.2855
v  0.7301 -0.5600 -0.2881
v  0.7375 -0.5513 -0.2621
v  0.7592 -0.6075 -0.3094
v  0.7518 -0.6173 -0.3321
v  0.7140 -0.5797 -0.3372
v  0.7221 -0.5697 -0.3133
v  0.6811 -0.5330 -0.3137
v  0.6897 -0.5233 -0.2878
v  0.6724 -0.5431 -0.3383
v  0.6976 -0.5146 -0.2610
v  0.7447 -0.6270 -0.3532
v  0.7383 -0.6363 -0.3722
v  0.6989 -0.5989 -0.3789
v  0.7062 -0.5896 -0.3592
v  0.7328 -0.6448 -0.3886
v  0.7282 -0.6517 -0.4018
v  0.6870 -0.6144 -0.4102
v  0.6925 -0.6073 -0.3961
v  0.6490 -0.5707 -0.3988
v  0.6561 -0.5623 -0.3812
v  0.6431 -0.5778 -0.4134
v  0.6639 -0.5530 -0.3609
v  0.7245 -0.6570 -0.4118
v  0.7215 -0.6611 -0.4193
v  0.6793 -0.6245 -0.4293
v  0.6827 -0.6200 -0.4211
v  0.7188 -0.6647 -0.4251
v  0.7162 -0.6683 -0.4297
v  0.6734 -0.6323 -0.4406
v  0.6763 -0.6284 -0.4356
v  0.6315 -0.5920 -0.4396
v  0.6347 -0.5880 -0.4331
v  0.6285 -0.5960 -0.4448
v  0.6384 -0.5835 -0.4246
v  0.7131 -0.6725 -0.4337
v  0.7085 -0.6791 -0.4379
v  0.6652 -0.6440 -0.4493
v  0.6701 -0.6369 -0.4449
v  0.7010 -0.6901 -0.4427
v  0.6894 -0.7077 -0.4489
v  0.6451 -0.6739 -0.4606
v  0.6573 -0.6556 -0.4544
v  0.6114 -0.6197 -0.4590
v  0.6197 -0.6079 -0.4538
v  0.5984 -0.6382 -0.4653
v  0.6250 -0.6006 -0.4493
v  0.6733 -0.7335 -0.4567
v  0.6557 -0.7643 -0.4658
v  0.6083 -0.7304 -0.4768
v  0.6280 -0.6999 -0.4684
v  0.6395 -0.7921 -0.4728
v  0.6259 -0.8111 -0.4732
v  0.5737 -0.7788 -0.4845
v  0.5891 -0.7592 -0.4836
v  0.5373 -0.7205 -0.4866
v  0.5585 -0.6938 -0.4810
v  0.5198 -0.7392 -0.4879
v  0.5801 -0.6643 -0.4731
v  0.6155 -0.8245 -0.4716
v  0.6075 -0.8353 -0.4704
v  0.5531 -0.8040 -0.4827
v  0.5621 -0.7927 -0.4835
v  0.6013 -0.8441 -0.4693
v  0.5964 -0.8519 -0.4676
v  0.5410 -0.8219 -0.4801
v  0.5463 -0.8135 -0.4817
v  0.5065 -0.7532 -0.4877
v  0.5919 -0.8598 -0.4649
v  0.5871 -0.8689 -0.4612
v  0.5314 -0.8404 -0.4739
v  0.5362 -0.8305 -0.4776
v  0.5812 -0.8807 -0.4563
v  0.5733 -0.8960 -0.4498
v  0.5182 -0.8697 -0.4617
v  0.5257 -0.8531 -0.4691
v  0.4683 -0.8184 -0.4743
v  0.4733 -0.8046 -0.4791
v  0.4618 -0.8362 -0.4664
v  0.4734 -0.8042 -0.4792
v  0.4794 -0.7945 -0.4824
v  0.5625 -0.9160 -0.4359
v  0.5499 -0.9394 -0.4155
v  0.4937 -0.9148 -0.4253
v  0.5072 -0.8908 -0.4466
v  0.5376 -0.9636 -0.3934
v  0.5280 -0.9829 -0.3752
v  0.4695 -0.9598 -0.3834
v  0.4803 -0.9391 -0.4029
v  0.4225 -0.9066 -0.4058
v  0.4368 -0.8826 -0.4286
v  0.4106 -0.9270 -0.3856
v  0.4510 -0.8582 -0.4505
v  0.5217 -0.9949 -0.3627
v  0.5180 -1.0017 -0.3540
v  0.4581 -0.9809 -0.3594
v  0.4623 -0.9732 -0.3693
v  0.5161 -1.0052 -0.3474
v  0.5154 -1.0069 -0.3416
v  0.4551 -0.9868 -0.3454
v  0.4560 -0.9849 -0.3519
v  0.3957 -0.9534 -0.3516
v  0.3980 -0.9491 -0.3597
v  0.3948 -0.9554 -0.3446
v  0.4026 -0.9408 -0.3706
v  0.5151 -1.0079 -0.3355
v  0.5150 -1.0086 -0.3274
v  0.4546 -0.9885 -0.3297
v  0.4547 -0.9878 -0.3386
v  0.5149 -1.0094 -0.3151
v  0.5147 -1.0106 -0.2967
v  0.4548 -0.9902 -0.2976
v  0.4546 -0.9891 -0.3166
v  0.3948 -0.9583 -0.3150
v  0.3945 -0.9575 -0.3282
v  0.3953 -0.9596 -0.2960
v  0.3944 -0.9566 -0.3374
v  0.5145 -1.0123 -0.2713
v  0.5150 -1.0145 -0.2417
v  0.4559 -0.9942 -0.2411
v  0.4552 -0.9919 -0.2719
v  0.5158 -1.0167 -0.2085
v  0.5178 -1.0193 -0.1711
v  0.4582 -0.9991 -0.1684
v  0.4568 -0.9966 -0.2064
v  0.3979 -0.9665 -0.2026
v  0.3969 -0.9639 -0.2385
v  0.3990 -0.9690 -0.1629
v  0.3960 -0.9615 -0.2701
v  0.5222 -1.0224 -0.1297
v  0.5272 -1.0244 -0.0924
v  0.4635 -1.0031 -0.0861
v  0.4607 -1.0016 -0.1263
v  0.5301 -1.0242 -0.0657
v  0.5323 -1.0213 -0.0444
v  0.4680 -1.0003 -0.0320
v  0.4656 -1.0027 -0.0554
v  0.4024 -0.9716 -0.0459
v  0.4010 -0.9721 -0.0769
v  0.4050 -0.9695 -0.0230
v  0.4000 -0.9711 -0.1184
v  0.5367 -1.0153 -0.0231
v  0.5446 -1.0061 0.0004
v  0.4828 -0.9862 0.0137
v  0.4733 -0.9950 -0.0102
v  0.5545 -0.9947 0.0242
v  0.5628 -0.9836 0.0440
v  0.5071 -0.9620 0.0607
v  0.4956 -0.9744 0.0387
v  0.4332 -0.9462 0.0453
v  0.4192 -0.9579 0.0192
v  0.4482 -0.9323 0.0711
v  0.4101 -0.9654 -0.0029
v  0.5684 -0.9744 0.0584
v  0.5723 -0.9667 0.0688
v  0.5198 -0.9419 0.0888
v  0.5147 -0.9511 0.0771
v  0.5759 -0.9590 0.0767
v  0.5800 -0.9502 0.0829
v  0.5285 -0.9236 0.1045
v  0.5239 -0.9331 0.0976
v  0.4715 -0.9007 0.1129
v  0.4663 -0.9099 0.1038
v  0.4767 -0.8913 0.1199
v  0.4593 -0.9201 0.0908
v  0.5856 -0.9394 0.0882
v  0.5933 -0.9261 0.0932
v  0.5423 -0.9000 0.1142
v  0.5344 -0.9128 0.1098
v  0.6035 -0.9090 0.0981
v  0.6167 -0.8869 0.1035
v  0.5667 -0.8626 0.1228
v  0.5528 -0.8839 0.1182
v  0.5008 -0.8530 0.1319
v  0.4906 -0.8684 0.1286
v  0.5144 -0.8324 0.1356
v  0.4829 -0.8807 0.1248
v  0.6338 -0.8589 0.1092
v  0.6524 -0.8292 0.1140
v  0.6055 -0.8030 0.1337
v  0.5847 -0.8346 0.1283
v  0.6681 -0.8037 0.1170
v  0.6793 -0.7847 0.1184
v  0.6364 -0.7565 0.1382
v  0.6234 -0.7763 0.1369
v  0.5753 -0.7462 0.1498
v  0.5551 -0.7737 0.1457
v  0.5894 -0.7260 0.1518
v  0.5327 -0.8051 0.1404
v  0.6869 -0.7714 0.1185
v  0.6924 -0.7615 0.1178
v  0.6513 -0.7329 0.1372
v  0.6451 -0.7428 0.1381
v  0.6970 -0.7536 0.1164
v  0.7013 -0.7466 0.1144
v  0.6609 -0.7178 0.1336
v  0.6564 -0.7249 0.1356
v  0.6103 -0.6938 0.1494
v  0.6051 -0.7020 0.1510
v  0.6151 -0.6865 0.1474
v  0.5986 -0.7121 0.1519
v  0.7056 -0.7396 0.1119
v  0.7104 -0.7321 0.1081
v  0.6706 -0.7028 0.1271
v  0.6655 -0.7106 0.1310
v  0.7163 -0.7231 0.1020
v  0.7239 -0.7108 0.0918
v  0.6850 -0.6790 0.1099
v  0.6768 -0.6929 0.1208
v  0.6320 -0.6602 0.1339
v  0.6253 -0.6707 0.1407
v  0.6411 -0.6451 0.1222
v  0.6199 -0.6791 0.1447
v  0.7339 -0.6930 0.0752
v  0.7447 -0.6714 0.0537
v  0.7076 -0.6358 0.0691
v  0.6959 -0.6588 0.0918
v  0.7543 -0.6519 0.0317
v  0.7629 -0.6353 0.0105
v  0.7269 -0.5996 0.0245
v  0.7177 -0.6166 0.0466
v  0.6772 -0.5820 0.0571
v  0.6665 -0.6011 0.0797
v  0.6871 -0.5647 0.0344
v  0.6536 -0.6239 0.1030
v  0.7709 -0.6200 -0.0105
v  0.7781 -0.6060 -0.0311
v  0.7434 -0.5689 -0.0195
v  0.7356 -0.5835 0.0023
v  0.7842 -0.5939 -0.0511
v  0.7500 -0.5562 -0.0406
v  0.7116 -0.5204 -0.0328
v  0.7046 -0.5333 -0.0109
v  0.6963 -0.5483 0.0116
v  0.8414 -1.0001 -0.2724
v  0.8514 -0.9917 -0.2741
v  0.8514 -0.9946 -0.2655
v  0.8433 -1.0021 -0.2658
v  0.8572 -0.9831 -0.2798
v  0.8613 -0.9747 -0.2873
v  0.8617 -0.9794 -0.2742
v  0.8565 -0.9869 -0.2687
v  0.8515 -0.9945 -0.2614
v  0.8460 -1.0014 -0.2612
v  0.8575 -0.9853 -0.2651
v  0.8370 -1.0068 -0.2640
v  0.8554 -0.9524 -0.3174
v  0.8673 -0.9551 -0.3057
v  0.8718 -0.9631 -0.2913
v  0.8645 -0.9600 -0.3036
v  0.8724 -0.9542 -0.3004
v  0.8770 -0.9498 -0.2985
v  0.8767 -0.9592 -0.2841
v  0.8733 -0.9634 -0.2857
v  0.8658 -0.9738 -0.2740
v  0.8678 -0.9712 -0.2817
v  0.8681 -0.9713 -0.2714
v  0.8648 -0.9670 -0.2947
v  0.8909 -0.9093 -0.3012
v  0.8982 -0.9145 -0.2917
v  0.8946 -0.9338 -0.2863
v  0.8905 -0.9291 -0.2972
v  0.9013 -0.9155 -0.2862
v  0.9033 -0.9131 -0.2827
v  0.8965 -0.9344 -0.2742
v  0.8947 -0.9360 -0.2792
v  0.8806 -0.9558 -0.2751
v  0.8850 -0.9484 -0.2846
v  0.8801 -0.9582 -0.2673
v  0.8839 -0.9414 -0.2973
v  0.9048 -0.8780 -0.2829
v  0.9101 -0.8919 -0.2716
v  0.9094 -0.9128 -0.2684
v  0.9076 -0.8961 -0.2793
v  0.9117 -0.8988 -0.2624
v  0.9128 -0.9022 -0.2533
v  0.9030 -0.9325 -0.2509
v  0.9057 -0.9235 -0.2598
v  0.8917 -0.9448 -0.2627
v  0.9026 -0.9263 -0.2701
v  0.8805 -0.9637 -0.2528
v  0.9059 -0.9069 -0.2799
v  0.9148 -0.9030 -0.2426
v  0.9173 -0.9012 -0.2305
v  0.9080 -0.9398 -0.2274
v  0.9049 -0.9386 -0.2402
v  0.9193 -0.8967 -0.2187
v  0.9212 -0.8895 -0.2083
v  0.9127 -0.9247 -0.2034
v  0.9098 -0.9349 -0.2146
v  0.8861 -0.9740 -0.2148
v  0.8804 -0.9776 -0.2285
v  0.8953 -0.9599 -0.1990
v  0.8776 -0.9743 -0.2415
v  0.9254 -0.8445 -0.1836
v  0.9268 -0.8646 -0.1802
v  0.9248 -0.8914 -0.1876
v  0.9259 -0.8656 -0.1915
v  0.9249 -0.8772 -0.1746
v  0.9225 -0.8842 -0.1668
v  0.9157 -0.9172 -0.1718
v  0.9195 -0.9083 -0.1809
v  0.9078 -0.9343 -0.1875
v  0.9183 -0.9099 -0.1946
v  0.8997 -0.9467 -0.1772
v  0.9235 -0.8796 -0.1994
v  0.9142 -0.8719 -0.1251
v  0.9144 -0.8958 -0.1267
v  0.9179 -0.9111 -0.1462
v  0.9195 -0.8833 -0.1432
v  0.9121 -0.9104 -0.1245
v  0.9100 -0.9184 -0.1199
v  0.9086 -0.9377 -0.1409
v  0.9123 -0.9279 -0.1451
v  0.9046 -0.9401 -0.1618
v  0.9161 -0.9175 -0.1605
v  0.8946 -0.9562 -0.1597
v  0.9213 -0.8866 -0.1567
v  0.8979 -0.9127 -0.0888
v  0.9018 -0.9272 -0.1019
v  0.9085 -0.9369 -0.1202
v  0.9056 -0.9199 -0.1038
v  0.9006 -0.9375 -0.1088
v  0.8974 -0.9460 -0.1113
v  0.8967 -0.9593 -0.1340
v  0.9034 -0.9492 -0.1297
v  0.8972 -0.9559 -0.1470
v  0.9085 -0.9401 -0.1330
v  0.8837 -0.9714 -0.1565
v  0.9086 -0.9214 -0.1135
v  0.8817 -0.9711 -0.1026
v  0.8854 -0.9655 -0.1055
v  0.8851 -0.9794 -0.1151
v  0.8878 -0.9757 -0.1210
v  0.8905 -0.9716 -0.1273
v  0.8895 -0.9596 -0.1085
v  0.8751 -0.9905 -0.1180
v  0.8799 -0.9872 -0.1297
v  0.8684 -0.9980 -0.1342
v  0.8711 -0.9930 -0.1525
v  0.8815 -0.9828 -0.1421
v  0.8798 -0.9783 -0.1526
v  0.8927 -0.9665 -0.1325
v  0.8671 -0.9916 -0.1683
v  0.8935 -0.9532 -0.1108
v  0.8777 -0.9764 -0.1003
v  0.8700 -0.9821 -0.0965
v  0.8764 -0.9848 -0.1047
v  0.8822 -0.9824 -0.1101
v  0.8560 -0.9883 -0.0897
v  0.8659 -0.9904 -0.1008
v  0.8714 -0.9912 -0.1092
v  0.8615 -1.0051 -0.1707
v  0.8658 -1.0021 -0.1569
v  0.8613 -1.0099 -0.1555
v  0.8537 -1.0149 -0.1613
v  0.8603 -1.0062 -0.1380
v  0.8527 -1.0133 -0.1411
v  0.8382 -1.0189 -0.1429
v  0.4140 -0.9531 0.0218
v  0.4131 -0.9543 0.0194
v  0.4234 -0.9408 0.0453
v  0.4254 -0.9381 0.0497
v  0.4353 -0.9249 0.0715
v  0.6410 -0.6027 0.0973
v  0.6362 -0.6112 0.1058
v  0.6492 -0.5881 0.0824
v  0.6282 -0.6252 0.1182
v  0.6237 -0.6331 0.1251
v  0.5924 -0.6855 0.1528
v  0.5889 -0.6912 0.1538
v  0.5940 -0.6830 0.1523
v  0.5954 -0.6807 0.1517
v  0.5986 -0.6755 0.1503
v  0.6178 -0.6432 0.1328
v  0.6147 -0.6486 0.1369
v  0.6104 -0.6558 0.1414
v  0.6083 -0.6594 0.1436
v  0.6048 -0.6652 0.1463
v  0.6032 -0.6680 0.1476
v  0.6000 -0.6731 0.1494
v  0.5798 -0.7056 0.1545
v  0.5736 -0.7154 0.1543
v  0.5825 -0.7014 0.1546
v  0.5465 -0.7577 0.1488
v  0.5415 -0.7654 0.1475
v  0.5602 -0.7363 0.1520
v  0.5641 -0.7302 0.1528
v  0.5173 -0.8030 0.1412
v  0.5033 -0.8247 0.1374
v  0.5208 -0.7975 0.1421
v  0.5253 -0.7905 0.1432
v  0.5870 -0.6943 0.1540
v  0.4577 -0.8940 0.1130
v  0.4530 -0.9007 0.1061
v  0.4593 -0.8918 0.1153
v  0.5007 -0.8287 0.1368
v  0.4900 -0.8452 0.1338
v  0.4881 -0.8482 0.1333
v  0.4801 -0.8606 0.1306
v  0.4640 -0.8849 0.1206
v  0.4654 -0.8829 0.1221
v  0.4785 -0.8630 0.1300
v  0.4722 -0.8727 0.1270
v  0.4707 -0.8748 0.1260
v  0.4510 -0.9035 0.1023
v  0.4454 -0.9111 0.0923
v  0.4378 -0.9215 0.0768
v  0.4287 -0.8807 -0.4259
v  0.4302 -0.8781 -0.4283
v  0.4164 -0.9024 -0.4055
v  0.4152 -0.9045 -0.4035
v  0.4048 -0.9230 -0.3854
v  0.4040 -0.9243 -0.3840
v  0.3969 -0.9370 -0.3703
v  0.3891 -0.9530 -0.3377
v  0.3894 -0.9518 -0.3443
v  0.3891 -0.9531 -0.3371
v  0.3892 -0.9539 -0.3286
v  0.3892 -0.9539 -0.3279
v  0.3894 -0.9517 -0.3449
v  0.3902 -0.9498 -0.3513
v  0.3904 -0.9494 -0.3520
v  0.3924 -0.9454 -0.3595
v  0.3928 -0.9446 -0.3604
v  0.3896 -0.9549 -0.3130
v  0.3895 -0.9548 -0.3146
v  0.3900 -0.9561 -0.2957
v  0.3895 -0.9548 -0.3158
v  0.3901 -0.9563 -0.2935
v  0.3907 -0.9580 -0.2698
v  0.3913 -0.9601 -0.2409
v  0.3914 -0.9603 -0.2381
v  0.3948 -0.9676 -0.1214
v  0.3935 -0.9653 -0.1622
v  0.3950 -0.9678 -0.1176
v  0.3967 -0.9693 -0.0791
v  0.3968 -0.9694 -0.0762
v  0.3922 -0.9625 -0.2054
v  0.3923 -0.9628 -0.2022
v  0.3934 -0.9651 -0.1659
v  0.4016 -0.9676 -0.0237
v  0.3990 -0.9694 -0.0454
v  0.4018 -0.9675 -0.0226
v  0.3989 -0.9694 -0.0470
v  0.4065 -0.9624 -0.0013
v  0.4061 -0.9629 -0.0026
v  0.4058 -0.9631 -0.0037
v  0.7026 -0.4816 -0.1190
v  0.7031 -0.4818 -0.1104
v  0.7019 -0.4814 -0.1316
v  0.6703 -0.5132 -0.2958
v  0.6732 -0.5097 -0.2867
v  0.6650 -0.5198 -0.3128
v  0.6781 -0.5039 -0.2695
v  0.6808 -0.5006 -0.2598
v  0.6540 -0.5336 -0.3449
v  0.6567 -0.5303 -0.3375
v  0.6486 -0.5405 -0.3603
v  0.6622 -0.5233 -0.3211
v  0.6303 -0.5641 -0.4086
v  0.6343 -0.5589 -0.3984
v  0.6286 -0.5663 -0.4129
v  0.6434 -0.5472 -0.3742
v  0.6410 -0.5502 -0.3807
v  0.6364 -0.5562 -0.3930
v  0.6986 -0.4829 -0.1646
v  0.6998 -0.4821 -0.1548
v  0.6968 -0.4841 -0.1796
v  0.6850 -0.4959 -0.2427
v  0.6875 -0.4931 -0.2326
v  0.6953 -0.4855 -0.1898
v  0.6928 -0.4876 -0.2057
v  0.6908 -0.4897 -0.2159
v  0.7010 -0.4817 -0.1409
v  0.5816 -0.6347 -0.4668
v  0.5857 -0.6284 -0.4651
v  0.5682 -0.6552 -0.4728
v  0.5521 -0.6799 -0.4792
v  0.5484 -0.6857 -0.4804
v  0.6121 -0.5885 -0.4478
v  0.6146 -0.5850 -0.4445
v  0.6112 -0.5898 -0.4490
v  0.6099 -0.5918 -0.4503
v  0.6062 -0.5973 -0.4536
v  0.6041 -0.6005 -0.4549
v  0.5981 -0.6094 -0.4587
v  0.5950 -0.6142 -0.4603
v  0.6184 -0.5798 -0.4375
v  0.6206 -0.5768 -0.4328
v  0.6175 -0.5809 -0.4393
v  0.6154 -0.5839 -0.4430
v  0.6255 -0.5704 -0.4210
v  0.6241 -0.5721 -0.4242
v  0.6216 -0.5755 -0.4304
v  0.6968 -0.4992 -0.0427
v  0.6937 -0.5054 -0.0302
v  0.6988 -0.4950 -0.0512
v  0.7007 -0.4908 -0.0629
v  0.7019 -0.4879 -0.0711
v  0.7025 -0.4862 -0.0790
v  0.7032 -0.4838 -0.0905
v  0.7032 -0.4830 -0.0986
v  0.6752 -0.5405 0.0230
v  0.6697 -0.5508 0.0371
v  0.6788 -0.5339 0.0143
v  0.6910 -0.5106 -0.0215
v  0.6869 -0.5185 -0.0083
v  0.6837 -0.5246 0.0005
v  0.6559 -0.5759 0.0681
v  0.6599 -0.5687 0.0599
v  0.6659 -0.5576 0.0456
v  0.5324 -0.7104 -0.4854
v  0.5299 -0.7142 -0.4860
v  0.5171 -0.7344 -0.4875
v  0.5161 -0.7359 -0.4876
v  0.5058 -0.7522 -0.4876
v  0.5056 -0.7525 -0.4877
v  0.5017 -0.7587 -0.4874
v  0.4655 -0.8174 -0.4739
v  0.4658 -0.8168 -0.4742
v  0.4564 -0.8325 -0.4661
v  0.4732 -0.8046 -0.4791
v  0.4795 -0.7943 -0.4825
v  0.4849 -0.7855 -0.4847
v  0.4851 -0.7852 -0.4847
v  0.4907 -0.7762 -0.4861
v  0.4974 -0.7655 -0.4871
v  0.4973 -0.7657 -0.4870
v  0.4553 -0.8344 -0.4648
v  0.4442 -0.8536 -0.4503
v  0.4426 -0.8563 -0.4478
# 1000 vertices

vn 0.9591 0.1052 0.2629
vn 0.9303 0.2489 0.2695
vn 0.9274 0.2319 0.2934
vn 0.9607 0.1006 0.2586
vn 0.9726 0.1711 0.1573
vn 0.9390 0.2963 0.1746
vn 0.9129 0.3827 0.1420
vn 0.9069 0.3391 0.2499
vn 0.8984 0.3094 0.3115
vn 0.9648 0.2617 0.0270
vn 0.9330 0.3579 0.0381
vn 0.9296 0.3530 -0.1063
vn 0.9105 0.3993 -0.1077
vn 0.8906 0.4445 -0.0963
vn 0.9042 0.4270 0.0007
vn 0.8756 0.4828 -0.0153
vn 0.8843 0.4525 0.1150
vn 0.8686 0.4889 -0.0811
vn 0.8347 0.5465 -0.0680
vn 0.8393 0.5436 -0.0054
vn 0.8444 0.5241 0.1110
vn 0.8797 0.4094 0.2420
vn 0.8668 0.3716 0.3326
vn 0.8406 0.4839 0.2432
vn 0.8258 0.4407 0.3518
vn 0.9344 0.2879 -0.2100
vn 0.9042 0.3804 -0.1943
vn 0.9361 0.2246 -0.2705
vn 0.9087 0.3488 -0.2294
vn 0.8874 0.4242 -0.1805
vn 0.8883 0.4373 -0.1406
vn 0.9342 0.1765 -0.3100
vn 0.9082 0.3203 -0.2693
vn 0.9383 0.1619 -0.3057
vn 0.9060 0.3010 -0.2976
vn 0.8755 0.3934 -0.2805
vn 0.8829 0.4093 -0.2302
vn 0.8522 0.4747 -0.2202
vn 0.8608 0.4823 -0.1625
vn 0.8403 0.4628 -0.2824
vn 0.7954 0.5305 -0.2932
vn 0.8101 0.5409 -0.2262
vn 0.8214 0.5460 -0.1646
vn 0.8661 0.4864 -0.1153
vn 0.8296 0.5471 -0.1117
vn 0.9442 0.1655 -0.2849
vn 0.9047 0.2917 -0.3106
vn 0.9478 0.1776 -0.2646
vn 0.9027 0.2922 -0.3158
vn 0.8572 0.3724 -0.3557
vn 0.8665 0.3801 -0.3235
vn 0.9516 0.1936 -0.2387
vn 0.8992 0.3012 -0.3174
vn 0.9539 0.2161 -0.2082
vn 0.8938 0.3166 -0.3175
vn 0.8396 0.3733 -0.3945
vn 0.8481 0.3706 -0.3787
vn 0.8037 0.4284 -0.4130
vn 0.8141 0.4373 -0.3821
vn 0.7959 0.4236 -0.4326
vn 0.7479 0.4847 -0.4536
vn 0.7553 0.4920 -0.4330
vn 0.7659 0.5033 -0.4000
vn 0.8266 0.4493 -0.3389
vn 0.7796 0.5167 -0.3540
vn 0.9479 0.2393 -0.2104
vn 0.8853 0.3319 -0.3257
vn 0.9268 0.2669 -0.2640
vn 0.8721 0.3429 -0.3492
vn 0.8232 0.3798 -0.4220
vn 0.8315 0.3773 -0.4078
vn 0.9011 0.3026 -0.3107
vn 0.8548 0.3572 -0.3765
vn 0.8596 0.3195 -0.3989
vn 0.8276 0.3316 -0.4530
vn 0.8053 0.3665 -0.4661
vn 0.8143 0.3794 -0.4393
vn 0.7823 0.4148 -0.4647
vn 0.7863 0.4189 -0.4541
vn 0.7787 0.4078 -0.4768
vn 0.7308 0.4696 -0.4954
vn 0.7349 0.4753 -0.4838
vn 0.7390 0.4791 -0.4736
vn 0.7905 0.4214 -0.4444
vn 0.7430 0.4814 -0.4649
vn 0.8592 0.1708 -0.4822
vn 0.8122 0.2374 -0.5329
vn 0.8470 0.0859 -0.5246
vn 0.8075 0.1766 -0.5628
vn 0.7918 0.2897 -0.5377
vn 0.7987 0.3333 -0.5009
vn 0.8240 0.0166 -0.5663
vn 0.7950 0.1296 -0.5926
vn 0.8299 0.0139 -0.5577
vn 0.7910 0.1178 -0.6004
vn 0.7572 0.1913 -0.6245
vn 0.7787 0.2426 -0.5786
vn 0.7496 0.3123 -0.5836
vn 0.7666 0.3623 -0.5302
vn 0.7185 0.2399 -0.6528
vn 0.6577 0.3020 -0.6901
vn 0.6937 0.3796 -0.6121
vn 0.7144 0.4302 -0.5519
vn 0.7746 0.3926 -0.4958
vn 0.7253 0.4577 -0.5143
vn 0.8227 0.0067 -0.5684
vn 0.7727 0.0895 -0.6284
vn 0.7621 -0.0221 -0.6471
vn 0.7184 0.0266 -0.6951
vn 0.6595 0.0296 -0.7511
vn 0.7166 0.1156 -0.6879
vn 0.7038 -0.0495 -0.7087
vn 0.6628 -0.0274 -0.7483
vn 0.6535 -0.0718 -0.7535
vn 0.6207 -0.0718 -0.7807
vn 0.5859 -0.0604 -0.8081
vn 0.6130 -0.0289 -0.7896
vn 0.5616 -0.0171 -0.8273
vn 0.6041 0.0416 -0.7958
vn 0.5405 -0.0416 -0.8403
vn 0.4724 -0.0006 -0.8814
vn 0.4913 0.0224 -0.8707
vn 0.5341 0.0861 -0.8411
vn 0.6657 0.1399 -0.7330
vn 0.5992 0.1933 -0.7769
vn 0.6427 -0.1211 -0.7565
vn 0.6021 -0.1107 -0.7907
vn 0.6203 -0.1786 -0.7637
vn 0.5818 -0.1549 -0.7984
vn 0.5556 -0.1243 -0.8221
vn 0.5727 -0.0816 -0.8157
vn 0.5970 -0.2448 -0.7640
vn 0.5640 -0.1876 -0.8042
vn 0.5931 -0.2719 -0.7578
vn 0.5592 -0.1957 -0.8056
vn 0.5190 -0.1900 -0.8334
vn 0.5344 -0.1724 -0.8274
vn 0.4974 -0.1479 -0.8548
vn 0.5227 -0.0786 -0.8489
vn 0.4577 -0.2013 -0.8660
vn 0.3365 -0.2196 -0.9157
vn 0.4105 -0.1108 -0.9051
vn 0.4608 -0.0103 -0.8874
vn 0.5320 -0.0508 -0.8452
vn 0.4683 0.0022 -0.8835
vn 0.5941 -0.2768 -0.7552
vn 0.5549 -0.2011 -0.8073
vn 0.5801 -0.2663 -0.7698
vn 0.5401 -0.2182 -0.8128
vn 0.4808 -0.2377 -0.8440
vn 0.5053 -0.2019 -0.8390
vn 0.5451 -0.2818 -0.7896
vn 0.4958 -0.2868 -0.8197
vn 0.4384 -0.4299 -0.7893
vn 0.3904 -0.4674 -0.7931
vn 0.3528 -0.4646 -0.8122
vn 0.4305 -0.3254 -0.8419
vn 0.3521 -0.3337 -0.8744
vn 0.3994 -0.2567 -0.8801
vn 0.2901 -0.4446 -0.8474
vn 0.1957 -0.3975 -0.8965
vn 0.2392 -0.3195 -0.9169
vn 0.2712 -0.2723 -0.9232
vn 0.4299 -0.2224 -0.8751
vn 0.2946 -0.2541 -0.9212
vn 0.3571 -0.6117 -0.7059
vn 0.3116 -0.6135 -0.7256
vn 0.3649 -0.6354 -0.6805
vn 0.2965 -0.6491 -0.7005
vn 0.2647 -0.6280 -0.7318
vn 0.2893 -0.5795 -0.7619
vn 0.3880 -0.6338 -0.6692
vn 0.2987 -0.6530 -0.6959
vn 0.4173 -0.6223 -0.6623
vn 0.3027 -0.6508 -0.6963
vn 0.2709 -0.6373 -0.7214
vn 0.2644 -0.6373 -0.7238
vn 0.2214 -0.6016 -0.7675
vn 0.2185 -0.5891 -0.7780
vn 0.2267 -0.6131 -0.7568
vn 0.1528 -0.5653 -0.8106
vn 0.1554 -0.5270 -0.8355
vn 0.1482 -0.5093 -0.8477
vn 0.2394 -0.5401 -0.8068
vn 0.1609 -0.4682 -0.8688
vn 0.4611 -0.6257 -0.6292
vn 0.3042 -0.6527 -0.6939
vn 0.4160 -0.7096 -0.5687
vn 0.3014 -0.6682 -0.6802
vn 0.2509 -0.6725 -0.6963
vn 0.2692 -0.6469 -0.7135
vn 0.3442 -0.7674 -0.5410
vn 0.2881 -0.6978 -0.6558
vn 0.2882 -0.7947 -0.5342
vn 0.2607 -0.7457 -0.6131
vn 0.2092 -0.7357 -0.6441
vn 0.2287 -0.6982 -0.6784
vn 0.1597 -0.7021 -0.6939
vn 0.1783 -0.6826 -0.7087
vn 0.1450 -0.7266 -0.6716
vn 0.0491 -0.7166 -0.6958
vn 0.0610 -0.6948 -0.7166
vn 0.0728 -0.6795 -0.7300
vn 0.2103 -0.6468 -0.7331
vn 0.1097 -0.6338 -0.7657
vn 0.3414 -0.7797 -0.5249
vn 0.2543 -0.8034 -0.5383
vn 0.3851 -0.8467 -0.3671
vn 0.2573 -0.8578 -0.4448
vn 0.1670 -0.8606 -0.4811
vn 0.1889 -0.7967 -0.5740
vn 0.2725 -0.9487 -0.1602
vn 0.2106 -0.9137 -0.3477
vn 0.1109 -0.9876 0.1110
vn 0.1055 -0.9849 -0.1376
vn 0.0678 -0.9783 -0.1958
vn 0.1234 -0.9263 -0.3559
vn 0.0476 -0.9308 -0.3624
vn 0.0914 -0.8547 -0.5109
vn 0.0090 -0.9764 -0.2157
vn -0.0809 -0.9689 -0.2340
vn -0.0477 -0.9203 -0.3883
vn -0.0053 -0.8382 -0.5454
vn 0.1235 -0.7799 -0.6136
vn 0.0281 -0.7633 -0.6454
vn 0.1923 -0.9773 0.0889
vn 0.0843 -0.9922 0.0915
vn 0.2445 -0.9458 0.2138
vn 0.0923 -0.9831 0.1583
vn 0.0397 -0.9992 0.0011
vn 0.0417 -0.9973 -0.0608
vn 0.2912 -0.7217 0.6280
vn 0.1343 -0.9786 0.1559
vn 0.6457 -0.7217 -0.2496
vn 0.2694 -0.9628 -0.0190
vn 0.0825 -0.9962 -0.0285
vn 0.0590 -0.9983 -0.0016
vn -0.0113 -0.9974 -0.0713
vn -0.0155 -0.9967 -0.0798
vn -0.0052 -0.9972 -0.0750
vn -0.1093 -0.9907 -0.0812
vn -0.1076 -0.9910 -0.0802
vn -0.1054 -0.9902 -0.0915
vn -0.0107 -0.9924 -0.1227
vn -0.0982 -0.9856 -0.1378
vn 0.4413 -0.8095 -0.3873
vn 0.1830 -0.9808 -0.0677
vn 0.4086 -0.9038 -0.1275
vn 0.1497 -0.9879 -0.0412
vn 0.0857 -0.9948 -0.0553
vn 0.0834 -0.9955 -0.0448
vn 0.4369 -0.8935 0.1032
vn 0.1739 -0.9840 -0.0386
vn 0.6731 -0.7378 -0.0515
vn 0.2607 -0.9608 -0.0938
vn 0.0991 -0.9914 -0.0860
vn 0.0934 -0.9930 -0.0723
vn 0.0027 -0.9973 -0.0729
vn 0.0009 -0.9974 -0.0718
vn 0.0009 -0.9974 -0.0727
vn -0.1161 -0.9912 -0.0628
vn -0.1149 -0.9912 -0.0656
vn -0.1139 -0.9910 -0.0696
vn -0.0014 -0.9972 -0.0749
vn -0.1122 -0.9906 -0.0776
vn 0.1666 -0.7901 -0.5898
vn 0.0918 -0.9804 -0.1744
vn 0.1717 -0.9840 -0.0466
vn 0.0992 -0.9917 -0.0821
vn 0.0601 -0.9973 -0.0431
vn 0.0700 -0.9939 -0.0849
vn 0.1790 -0.9809 0.0762
vn 0.1383 -0.9888 0.0562
vn 0.1992 -0.9645 0.1735
vn 0.1704 -0.9642 0.2031
vn 0.1172 -0.9726 0.2006
vn 0.0792 -0.9949 0.0620
vn 0.0090 -0.9970 0.0770
vn -0.0049 -0.9999 -0.0091
vn 0.0386 -0.9795 0.1978
vn -0.0626 -0.9736 0.2195
vn -0.0921 -0.9912 0.0951
vn -0.1097 -0.9940 0.0022
vn -0.0038 -0.9985 -0.0554
vn -0.1160 -0.9922 -0.0458
vn 0.2395 -0.9325 0.2703
vn 0.2090 -0.9297 0.3032
vn 0.2881 -0.8962 0.3374
vn 0.2352 -0.9054 0.3534
vn 0.1823 -0.9158 0.3579
vn 0.1559 -0.9397 0.3045
vn 0.3432 -0.8697 0.3547
vn 0.2605 -0.8857 0.3844
vn 0.4164 -0.8563 0.3056
vn 0.2804 -0.8749 0.3949
vn 0.2184 -0.8876 0.4056
vn 0.2038 -0.8987 0.3884
vn 0.1310 -0.9054 0.4039
vn 0.1074 -0.9235 0.3682
vn 0.1482 -0.8900 0.4311
vn 0.0455 -0.8778 0.4768
vn 0.0292 -0.8978 0.4394
vn 0.0059 -0.9189 0.3945
vn 0.0762 -0.9489 0.3063
vn -0.0262 -0.9446 0.3272
vn 0.3384 -0.8631 0.3748
vn 0.2741 -0.8745 0.4002
vn 0.3555 -0.8244 0.4404
vn 0.2840 -0.8609 0.4221
vn 0.2470 -0.8537 0.4585
vn 0.2213 -0.8847 0.4104
vn 0.3970 -0.7509 0.5278
vn 0.3334 -0.7876 0.5181
vn 0.4321 -0.6464 0.6289
vn 0.4104 -0.6275 0.6617
vn 0.3947 -0.5886 0.7055
vn 0.3183 -0.7450 0.5862
vn 0.2840 -0.7037 0.6513
vn 0.2023 -0.8232 0.5304
vn 0.3519 -0.5822 0.7329
vn 0.2644 -0.5808 0.7699
vn 0.1958 -0.6813 0.7054
vn 0.1120 -0.7911 0.6014
vn 0.1604 -0.8751 0.4566
vn 0.0626 -0.8529 0.5182
vn 0.5057 -0.5216 0.6872
vn 0.4776 -0.4819 0.7346
vn 0.5517 -0.4280 0.7159
vn 0.5071 -0.4354 0.7438
vn 0.4558 -0.4768 0.7516
vn 0.4374 -0.4982 0.7486
vn 0.5864 -0.3734 0.7189
vn 0.5240 -0.4258 0.7377
vn 0.6201 -0.3473 0.7035
vn 0.5427 -0.4129 0.7314
vn 0.4880 -0.4378 0.7551
vn 0.4717 -0.4589 0.7529
vn 0.4252 -0.4555 0.7822
vn 0.4091 -0.4854 0.7727
vn 0.4380 -0.4334 0.7876
vn 0.3666 -0.4067 0.8368
vn 0.3538 -0.4300 0.8306
vn 0.3352 -0.4651 0.8193
vn 0.3883 -0.5202 0.7607
vn 0.3065 -0.5148 0.8006
vn 0.6527 -0.3342 0.6799
vn 0.5673 -0.3917 0.7244
vn 0.6742 -0.3338 0.6589
vn 0.5909 -0.3714 0.7162
vn 0.5274 -0.3944 0.7525
vn 0.5066 -0.4169 0.7547
vn 0.6809 -0.3453 0.6459
vn 0.6083 -0.3569 0.7089
vn 0.6716 -0.3686 0.6428
vn 0.6190 -0.3463 0.7049
vn 0.5730 -0.3357 0.7477
vn 0.5493 -0.3684 0.7501
vn 0.4907 -0.3592 0.7938
vn 0.4687 -0.3904 0.7924
vn 0.5186 -0.3194 0.7932
vn 0.4443 -0.2878 0.8484
vn 0.4172 -0.3274 0.8478
vn 0.3961 -0.3591 0.8450
vn 0.4512 -0.4146 0.7903
vn 0.3790 -0.3855 0.8413
vn 0.6582 -0.3821 0.6487
vn 0.6288 -0.3290 0.7045
vn 0.6583 -0.3549 0.6638
vn 0.6407 -0.2966 0.7082
vn 0.6236 -0.2487 0.7411
vn 0.5987 -0.2948 0.7448
vn 0.6727 -0.2959 0.6782
vn 0.6486 -0.2591 0.7157
vn 0.7016 -0.1818 0.6890
vn 0.6728 -0.1921 0.7145
vn 0.6687 -0.1490 0.7285
vn 0.6458 -0.1998 0.7369
vn 0.6150 -0.1650 0.7710
vn 0.5859 -0.2160 0.7810
vn 0.6383 -0.1219 0.7601
vn 0.5768 -0.0818 0.8128
vn 0.5506 -0.1262 0.8252
vn 0.5169 -0.1801 0.8369
vn 0.5520 -0.2699 0.7889
vn 0.4791 -0.2373 0.8451
vn 0.7769 -0.1083 0.6202
vn 0.7254 -0.1099 0.6795
vn 0.8447 -0.0400 0.5338
vn 0.7801 -0.0290 0.6249
vn 0.7320 -0.0291 0.6807
vn 0.6965 -0.0966 0.7111
vn 0.9000 0.0294 0.4350
vn 0.8297 0.0622 0.5547
vn 0.9129 0.0472 0.4056
vn 0.8526 0.1091 0.5111
vn 0.8028 0.1281 0.5824
vn 0.7723 0.0572 0.6326
vn 0.7303 0.0777 0.6787
vn 0.6954 -0.0070 0.7186
vn 0.7601 0.1565 0.6307
vn 0.7059 0.2022 0.6789
vn 0.6772 0.1307 0.7240
vn 0.6418 0.0465 0.7654
vn 0.6636 -0.0740 0.7444
vn 0.6054 -0.0290 0.7954
vn 0.9044 0.0265 0.4260
vn 0.8554 0.1114 0.5058
vn 0.8962 0.0419 0.4416
vn 0.8538 0.1226 0.5059
vn 0.8240 0.1852 0.5355
vn 0.8174 0.1624 0.5527
vn 0.8912 0.0932 0.4440
vn 0.8537 0.1572 0.4965
vn 0.8867 0.1763 0.4274
vn 0.8630 0.2050 0.4617
vn 0.8378 0.2387 0.4909
vn 0.8297 0.2127 0.5161
vn 0.8007 0.2577 0.5407
vn 0.7913 0.2329 0.5653
vn 0.8088 0.2773 0.5186
vn 0.7669 0.3315 0.5495
vn 0.7574 0.3110 0.5741
vn 0.7445 0.2825 0.6049
vn 0.7793 0.2041 0.5924
vn 0.7277 0.2494 0.6390
vn 0.9243 0.1627 0.3453
vn 0.8875 0.2260 0.4015
vn 0.9504 0.1435 0.2760
vn 0.9087 0.2280 0.3496
vn 0.8685 0.2696 0.4161
vn 0.8516 0.2562 0.4572
vn 0.9649 0.1221 0.2323
vn 0.9232 0.2307 0.3074
vn 0.8852 0.2872 0.3659
vn 0.8490 0.3380 0.4062
vn 0.8318 0.3116 0.4593
vn 0.8060 0.4011 0.4353
vn 0.7887 0.3700 0.4910
vn 0.8184 0.2928 0.4944
vn 0.7760 0.3481 0.5259
vn 0.7863 0.5656 0.2487
vn 0.7695 0.5198 0.3710
vn 0.7906 0.6008 0.1184
vn 0.7290 0.6726 0.1272
vn 0.7224 0.6402 0.2612
vn 0.7033 0.5944 0.3899
vn 0.7874 0.6164 0.0101
vn 0.7818 0.6206 -0.0598
vn 0.7192 0.6925 -0.0562
vn 0.7257 0.6878 0.0172
vn 0.6712 0.7409 0.0215
vn 0.6739 0.7267 0.1338
vn 0.6651 0.7449 -0.0533
vn 0.6657 0.6953 0.2707
vn 0.6451 0.6495 0.4024
vn 0.7751 0.6219 -0.1118
vn 0.7659 0.6205 -0.1683
vn 0.7029 0.6908 -0.1695
vn 0.7122 0.6932 -0.1110
vn 0.7535 0.6149 -0.2328
vn 0.7375 0.6038 -0.3027
vn 0.6732 0.6722 -0.3080
vn 0.6900 0.6842 -0.2360
vn 0.6361 0.7346 -0.2362
vn 0.6491 0.7418 -0.1686
vn 0.6189 0.7220 -0.3093
vn 0.6583 0.7448 -0.1091
vn 0.7203 0.5892 -0.3661
vn 0.7056 0.5750 -0.4141
vn 0.6395 0.6422 -0.4226
vn 0.6551 0.6569 -0.3733
vn 0.6940 0.5630 -0.4488
vn 0.6853 0.5539 -0.4728
vn 0.6176 0.6202 -0.4837
vn 0.6270 0.6299 -0.4584
vn 0.5709 0.6789 -0.4617
vn 0.5839 0.6914 -0.4255
vn 0.5610 0.6691 -0.4874
vn 0.6002 0.7063 -0.3755
vn 0.6784 0.5485 -0.4889
vn 0.6722 0.5454 -0.5007
vn 0.6036 0.6070 -0.5170
vn 0.6101 0.6127 -0.5024
vn 0.6667 0.5425 -0.5110
vn 0.6618 0.5387 -0.5213
vn 0.5937 0.5991 -0.5371
vn 0.5980 0.6027 -0.5283
vn 0.5420 0.6497 -0.5331
vn 0.5470 0.6548 -0.5216
vn 0.5380 0.6457 -0.5418
vn 0.5533 0.6613 -0.5064
vn 0.6554 0.5292 -0.5388
vn 0.6428 0.5045 -0.5764
vn 0.5736 0.5691 -0.5892
vn 0.5876 0.5911 -0.5526
vn 0.6192 0.4567 -0.6387
vn 0.5793 0.3808 -0.7207
vn 0.5007 0.4531 -0.7376
vn 0.5465 0.5250 -0.6525
vn 0.4842 0.5762 -0.6584
vn 0.5156 0.6174 -0.5941
vn 0.4320 0.5078 -0.7453
vn 0.5315 0.6380 -0.5572
vn 0.5155 0.2706 -0.8130
vn 0.4453 0.1593 -0.8811
vn 0.3501 0.2331 -0.9073
vn 0.4285 0.3451 -0.8350
vn 0.3989 0.0903 -0.9125
vn 0.3760 0.0608 -0.9246
vn 0.2700 0.1262 -0.9546
vn 0.2979 0.1615 -0.9408
vn 0.2105 0.2205 -0.9524
vn 0.2663 0.2922 -0.9185
vn 0.1807 0.1833 -0.9663
vn 0.3518 0.4030 -0.8449
vn 0.3663 0.0597 -0.9286
vn 0.3477 0.0535 -0.9361
vn 0.2254 0.0995 -0.9692
vn 0.2531 0.1121 -0.9609
vn 0.2766 -0.0486 -0.9598
vn 0.1869 -0.1872 -0.9644
vn 0.0861 -0.0814 -0.9930
vn 0.1549 0.0252 -0.9876
vn 0.0627 0.0827 -0.9946
vn 0.1236 0.1363 -0.9829
vn 0.0139 0.0169 -0.9998
vn 0.1587 0.1618 -0.9740
vn 0.1558 -0.2270 -0.9614
vn 0.1561 -0.2239 -0.9620
vn 0.0639 -0.1360 -0.9886
vn 0.0675 -0.1249 -0.9899
vn 0.1368 -0.2581 -0.9564
vn 0.1014 -0.3242 -0.9405
vn 0.0050 -0.2411 -0.9705
vn 0.0419 -0.1745 -0.9838
vn -0.0051 -0.0235 -0.9997
vn 0.0724 -0.3837 -0.9206
vn 0.0668 -0.4090 -0.9101
vn -0.0389 -0.3344 -0.9416
vn -0.0248 -0.3022 -0.9529
vn 0.0748 -0.4186 -0.9051
vn 0.0383 -0.4991 -0.8657
vn -0.1078 -0.4532 -0.8849
vn -0.0490 -0.3622 -0.9308
vn -0.1802 -0.3036 -0.9356
vn -0.1515 -0.2551 -0.9550
vn -0.2422 -0.4029 -0.8826
vn -0.7040 0.2052 -0.6799
vn -0.6960 0.2093 -0.6869
vn -0.0324 -0.6035 -0.7967
vn -0.0635 -0.6464 -0.7603
vn -0.2053 -0.5917 -0.7795
vn -0.1778 -0.5532 -0.8139
vn -0.0713 -0.6590 -0.7488
vn -0.0813 -0.6805 -0.7282
vn -0.2278 -0.6230 -0.7484
vn -0.2143 -0.6029 -0.7685
vn -0.3331 -0.5474 -0.7677
vn -0.3222 -0.5337 -0.7819
vn -0.3496 -0.5686 -0.7446
vn -0.2988 -0.4976 -0.8143
vn -0.1041 -0.7284 -0.6772
vn -0.1420 -0.8078 -0.5721
vn -0.2989 -0.7520 -0.5875
vn -0.2555 -0.6707 -0.6963
vn -0.1867 -0.8961 -0.4028
vn -0.2175 -0.9475 -0.2344
vn -0.3747 -0.8977 -0.2319
vn -0.3465 -0.8437 -0.4100
vn -0.4725 -0.7792 -0.4118
vn -0.4238 -0.6897 -0.5871
vn -0.4991 -0.8344 -0.2339
vn -0.3789 -0.6132 -0.6931
vn -0.2318 -0.9642 -0.1286
vn -0.2380 -0.9682 -0.0770
vn -0.3874 -0.9198 -0.0615
vn -0.3845 -0.9155 -0.1185
vn -0.2417 -0.9682 -0.0642
vn -0.2463 -0.9669 -0.0669
vn -0.3908 -0.9190 -0.0512
vn -0.3889 -0.9201 -0.0463
vn -0.5062 -0.8613 -0.0440
vn -0.5067 -0.8600 -0.0610
vn -0.5059 -0.8613 -0.0465
vn -0.5061 -0.8542 -0.1194
vn -0.2507 -0.9657 -0.0673
vn -0.2521 -0.9657 -0.0627
vn -0.3924 -0.9181 -0.0558
vn -0.3922 -0.9181 -0.0569
vn -0.2525 -0.9659 -0.0567
vn -0.2530 -0.9662 -0.0486
vn -0.3909 -0.9196 -0.0390
vn -0.3920 -0.9186 -0.0498
vn -0.5052 -0.8619 -0.0440
vn -0.5056 -0.8614 -0.0493
vn -0.5038 -0.8631 -0.0355
vn -0.5058 -0.8612 -0.0506
vn -0.2513 -0.9674 -0.0319
vn -0.2442 -0.9697 0.0066
vn -0.3797 -0.9250 0.0137
vn -0.3868 -0.9219 -0.0204
vn -0.2277 -0.9692 0.0933
vn -0.1938 -0.9543 0.2274
vn -0.3370 -0.9163 0.2165
vn -0.3672 -0.9262 0.0858
vn -0.4813 -0.8725 0.0840
vn -0.4925 -0.8702 0.0133
vn -0.4576 -0.8639 0.2105
vn -0.4999 -0.8659 -0.0200
vn -0.1515 -0.9235 0.3524
vn -0.1177 -0.8927 0.4350
vn -0.2539 -0.8453 0.4700
vn -0.2923 -0.8847 0.3632
vn -0.0954 -0.8661 0.4906
vn -0.0796 -0.8408 0.5355
vn -0.2083 -0.7849 0.5836
vn -0.2279 -0.8120 0.5373
vn -0.3454 -0.7512 0.5625
vn -0.3749 -0.7894 0.4861
vn -0.3247 -0.7250 0.6074
vn -0.4173 -0.8332 0.3628
vn -0.0607 -0.8101 0.5832
vn -0.0209 -0.7564 0.6537
vn -0.1455 -0.7045 0.6946
vn -0.1844 -0.7535 0.6311
vn 0.0555 -0.6650 0.7448
vn 0.1379 -0.5600 0.8169
vn 0.0065 -0.5212 0.8534
vn -0.0808 -0.6271 0.7747
vn -0.1907 -0.5737 0.7966
vn -0.2567 -0.6489 0.7163
vn -0.1010 -0.4674 0.8783
vn -0.2994 -0.6966 0.6520
vn 0.1930 -0.4792 0.8562
vn 0.2276 -0.4226 0.8773
vn 0.1204 -0.3543 0.9274
vn 0.0788 -0.4219 0.9032
vn 0.2483 -0.3840 0.8893
vn 0.2602 -0.3580 0.8967
vn 0.1453 -0.2886 0.9464
vn 0.1404 -0.3115 0.9398
vn 0.0646 -0.2316 0.9707
vn 0.0419 -0.2758 0.9603
vn 0.0642 -0.2147 0.9746
vn -0.0134 -0.3560 0.9344
vn 0.2731 -0.3349 0.9018
vn 0.2937 -0.3089 0.9046
vn 0.1689 -0.2511 0.9531
vn 0.1502 -0.2720 0.9505
vn 0.3187 -0.2778 0.9062
vn 0.3473 -0.2381 0.9070
vn 0.2375 -0.1813 0.9543
vn 0.2009 -0.2224 0.9540
vn 0.0869 -0.1818 0.9795
vn 0.0612 -0.1999 0.9779
vn 0.1286 -0.1400 0.9818
vn 0.0579 -0.2079 0.9764
vn 0.3826 -0.1865 0.9049
vn 0.4220 -0.1265 0.8977
vn 0.3190 -0.0628 0.9457
vn 0.2771 -0.1265 0.9525
vn 0.4583 -0.0687 0.8861
vn 0.4875 -0.0205 0.8729
vn 0.3886 0.0492 0.9201
vn 0.3575 -0.0016 0.9339
vn 0.2658 0.0577 0.9623
vn 0.2237 -0.0071 0.9746
vn 0.2992 0.1108 0.9477
vn 0.1752 -0.0772 0.9815
vn 0.5198 0.0367 0.8535
vn 0.5613 0.1158 0.8195
vn 0.4684 0.1885 0.8632
vn 0.4234 0.1084 0.8994
vn 0.6015 0.1986 0.7738
vn 0.6334 0.2650 0.7270
vn 0.5478 0.3325 0.7677
vn 0.5124 0.2694 0.8154
vn 0.4273 0.3309 0.8414
vn 0.3823 0.2517 0.8891
vn 0.4633 0.3916 0.7949
vn 0.3356 0.1715 0.9262
vn 0.6586 0.3104 0.6855
vn 0.6795 0.3475 0.6462
vn 0.6028 0.4188 0.6791
vn 0.5768 0.3776 0.7244
vn 0.6951 0.3811 0.6096
vn 0.7059 0.4027 0.5826
vn 0.6349 0.4740 0.6102
vn 0.6224 0.4539 0.6377
vn 0.5501 0.5104 0.6610
vn 0.5260 0.4773 0.7039
vn 0.5676 0.5283 0.6314
vn 0.4947 0.4362 0.7517
vn 0.7156 0.4195 0.5585
vn 0.7289 0.4428 0.5221
vn 0.6598 0.5144 0.5478
vn 0.6454 0.4904 0.5856
vn 0.7475 0.4761 0.4632
vn 0.6796 0.5490 0.4866
vn 0.6202 0.6035 0.5011
vn 0.5990 0.5683 0.5640
vn 0.5822 0.5442 0.6041
vn 0.4583 -0.7538 -0.4709
vn 0.6183 -0.6988 -0.3597
vn 0.8237 -0.5488 0.1423
vn 0.6203 -0.7835 -0.0356
vn 0.6870 -0.6442 -0.3362
vn 0.6238 -0.6658 -0.4094
vn 0.7385 -0.6571 -0.1509
vn 0.7798 -0.6110 -0.1362
vn 0.5566 -0.1438 0.8182
vn 0.4260 -0.6030 0.6744
vn 0.7726 -0.6239 -0.1175
vn 0.2776 -0.9052 0.3219
vn 0.5562 -0.3799 -0.7392
vn 0.6089 -0.4291 -0.6672
vn 0.8269 -0.4107 -0.3841
vn 0.7059 -0.3439 -0.6192
vn 0.6598 -0.5051 -0.5564
vn 0.6885 -0.4811 -0.5427
vn 0.7870 -0.5894 -0.1822
vn 0.7670 -0.6100 -0.1992
vn 0.7971 -0.6031 -0.0297
vn 0.8154 -0.5680 -0.1117
vn 0.7620 -0.6339 -0.1323
vn 0.6457 -0.5990 -0.4735
vn 0.7214 -0.1024 -0.6849
vn 0.7906 -0.1691 -0.5886
vn 0.8744 -0.3902 -0.2884
vn 0.7782 -0.2420 -0.5794
vn 0.8664 -0.2470 -0.4341
vn 0.9190 -0.2249 -0.3239
vn 0.8448 -0.5134 -0.1508
vn 0.8470 -0.5051 -0.1657
vn 0.7712 -0.6218 -0.1365
vn 0.7901 -0.5725 -0.2189
vn 0.7716 -0.6223 -0.1318
vn 0.7163 -0.4330 -0.5471
vn 0.9277 0.1807 -0.3267
vn 0.9671 0.0915 -0.2375
vn 0.9804 -0.1797 -0.0805
vn 0.9517 0.0346 -0.3051
vn 0.9813 -0.0430 -0.1879
vn 0.9770 -0.1045 -0.1859
vn 0.8393 -0.4427 -0.3157
vn 0.9184 -0.3810 -0.1063
vn 0.8081 -0.5599 -0.1830
vn 0.8779 -0.4473 -0.1707
vn 0.7382 -0.5841 -0.3376
vn 0.9413 -0.1430 -0.3058
vn 0.9778 -0.0916 -0.1885
vn 0.9842 -0.0752 -0.1603
vn 0.8915 -0.4430 -0.0942
vn 0.8366 -0.4438 -0.3212
vn 0.9887 -0.0866 -0.1224
vn 0.9880 -0.0870 -0.1276
vn 0.9372 -0.3454 0.0480
vn 0.9122 -0.3998 0.0902
vn 0.7554 -0.6550 0.0195
vn 0.7167 -0.6653 -0.2091
vn 0.8296 -0.5376 0.1508
vn 0.6996 -0.6192 -0.3566
vn 0.9820 0.1621 -0.0971
vn 0.9990 0.0150 0.0417
vn 0.9822 -0.1636 -0.0924
vn 0.9801 0.0474 -0.1928
vn 0.9853 -0.0931 0.1432
vn 0.9841 -0.1102 0.1393
vn 0.9270 -0.3740 -0.0273
vn 0.9516 -0.3072 0.0051
vn 0.8995 -0.4340 0.0502
vn 0.9520 -0.2970 -0.0745
vn 0.8213 -0.5697 -0.0294
vn 0.9822 -0.0497 -0.1811
vn 0.9420 0.0541 0.3313
vn 0.9458 -0.0491 0.3212
vn 0.9743 -0.1838 0.1305
vn 0.9780 0.0039 0.2085
vn 0.9620 -0.1013 0.2535
vn 0.9738 -0.1041 0.2024
vn 0.9243 -0.3718 -0.0860
vn 0.9471 -0.3206 0.0153
vn 0.8688 -0.4923 -0.0523
vn 0.9432 -0.3321 0.0028
vn 0.8289 -0.5353 -0.1623
vn 0.9892 -0.0725 0.1275
vn 0.7867 -0.2029 0.5830
vn 0.7729 -0.3255 0.5446
vn 0.9205 -0.2778 0.2749
vn 0.8937 -0.1185 0.4327
vn 0.8024 -0.3868 0.4545
vn 0.8205 -0.4088 0.3996
vn 0.8671 -0.4974 -0.0257
vn 0.8813 -0.4656 0.0804
vn 0.8155 -0.5697 -0.1017
vn 0.9247 -0.3783 0.0422
vn 0.7942 -0.5997 -0.0982
vn 0.9542 -0.1160 0.2758
vn 0.7730 -0.2643 0.5767
vn 0.8098 -0.2855 0.5125
vn 0.8820 -0.4375 0.1753
vn 0.9053 -0.3996 0.1443
vn 0.9093 -0.4127 0.0533
vn 0.8179 -0.3424 0.4624
vn 0.5696 -0.8190 0.0697
vn 0.7600 -0.6497 -0.0158
vn 0.6624 -0.7372 0.1335
vn 0.8264 -0.5412 -0.1554
vn 0.8374 -0.5014 -0.2177
vn 0.8315 -0.4958 -0.2505
vn 0.8829 -0.4659 -0.0580
vn 0.8610 -0.4857 -0.1509
vn 0.8225 -0.3911 0.4129
vn 0.6863 -0.3309 0.6477
vn 0.5874 -0.4550 0.6693
vn 0.6412 -0.6141 0.4602
vn 0.8071 -0.5248 0.2704
vn 0.4969 -0.6206 0.6066
vn 0.4636 -0.7546 0.4644
vn 0.4793 -0.8418 0.2481
vn 0.6411 -0.3736 -0.6704
vn 0.8721 -0.4873 -0.0437
vn 0.7786 -0.6269 -0.0264
vn 0.3424 -0.8887 -0.3048
vn 0.6167 -0.7470 0.2485
vn 0.4568 -0.8504 0.2612
vn 0.2478 -0.9618 0.1161
vn -0.8882 -0.1616 0.4302
vn -0.9012 -0.1759 0.3961
vn -0.8812 -0.1417 0.4509
vn -0.8738 -0.1286 0.4690
vn -0.8681 -0.1190 0.4819
vn -0.2691 0.7510 0.6029
vn -0.2823 0.7369 0.6142
vn -0.2526 0.7752 0.5791
vn -0.2938 0.7197 0.6290
vn -0.3034 0.7022 0.6441
vn 0.7106 -0.3260 0.6236
vn -0.4801 0.4001 0.7806
vn -0.4508 0.4513 0.7701
vn -0.4433 0.4791 0.7576
vn -0.4262 0.4956 0.7568
vn -0.3202 0.6846 0.6549
vn -0.3257 0.6573 0.6796
vn -0.3519 0.6334 0.6892
vn -0.3571 0.5991 0.7167
vn -0.3794 0.5682 0.7303
vn -0.3943 0.5401 0.7435
vn -0.4203 0.5148 0.7472
vn 0.6425 -0.4248 0.6378
vn -0.5492 0.3059 0.7777
vn -0.5163 0.3438 0.7844
vn -0.5897 0.2536 0.7668
vn -0.5994 0.2579 0.7577
vn -0.5869 0.2688 0.7638
vn -0.5711 0.2702 0.7751
vn -0.5948 0.2546 0.7625
vn -0.5960 0.2605 0.7596
vn -0.5961 0.2633 0.7585
vn 0.5917 -0.4876 0.6420
vn 0.6775 -0.3754 0.6325
vn -0.8089 -0.0415 0.5864
vn -0.8205 -0.0767 0.5664
vn -0.7730 -0.0242 0.6339
vn -0.5903 0.2532 0.7665
vn -0.5962 0.2479 0.7636
vn -0.5988 0.2359 0.7654
vn -0.6110 0.2106 0.7631
vn -0.7561 0.0242 0.6540
vn -0.7074 0.0547 0.7047
vn -0.6302 0.1903 0.7527
vn -0.6488 0.1413 0.7477
vn -0.6883 0.1156 0.7162
vn -0.8455 -0.0818 0.5276
vn -0.8501 -0.1024 0.5166
vn -0.8632 -0.1105 0.4925
vn -0.8637 0.0175 -0.5037
vn -0.8580 0.0182 -0.5133
vn -0.8645 0.0074 -0.5025
vn -0.8714 0.0098 -0.4904
vn -0.8729 -0.0114 -0.4878
vn -0.8842 -0.0124 -0.4670
vn -0.8892 -0.0477 -0.4551
vn -0.9773 -0.1997 -0.0706
vn -0.9691 -0.2118 -0.1267
vn -0.9752 -0.2169 -0.0430
vn -0.9782 -0.2072 -0.0112
vn -0.9770 -0.2134 -0.0005
vn -0.9691 -0.1771 -0.1714
vn -0.9484 -0.1828 -0.2589
vn -0.8318 -0.3628 -0.4201
vn -0.9169 -0.1117 -0.3832
vn -0.9024 -0.0660 -0.4258
vn -0.9820 -0.1885 0.0140
vn -0.9777 -0.2095 0.0117
vn -0.9781 -0.2081 0.0106
vn 0.2256 -0.9716 -0.0722
vn -0.9808 -0.1950 0.0091
vn -0.9779 -0.2089 0.0079
vn -0.9779 -0.2090 0.0075
vn -0.9777 -0.2099 0.0087
vn -0.9774 -0.2103 0.0202
vn -0.9771 -0.2121 0.0176
vn -0.9757 -0.2172 0.0273
vn -0.9763 -0.2134 0.0347
vn -0.9730 -0.2252 0.0505
vn -0.9778 -0.2093 0.0101
vn -0.9775 -0.2107 0.0123
vn -0.9777 -0.2096 0.0145
vn -0.9661 -0.2190 0.1369
vn -0.9666 -0.2345 0.1033
vn -0.9508 -0.2376 0.1986
vn -0.9736 -0.2181 0.0675
vn -0.9107 -0.2072 0.3572
vn -0.9283 -0.2162 0.3026
vn -0.9470 -0.2042 0.2481
vn -0.1514 0.9881 0.0265
vn -0.1343 0.9890 0.0626
vn -0.1442 0.9895 0.0049
vn -0.2191 0.9310 -0.2919
vn -0.2056 0.9382 -0.2783
vn -0.2172 0.9273 -0.3048
vn -0.2082 0.9428 -0.2605
vn -0.1911 0.9515 -0.2412
vn -0.2337 0.9145 -0.3301
vn -0.2261 0.9188 -0.3236
vn -0.2324 0.9123 -0.3371
vn -0.2275 0.9216 -0.3144
vn -0.2453 0.9003 -0.3597
vn -0.2423 0.9022 -0.3567
vn -0.2461 0.8988 -0.3628
vn -0.2379 0.9089 -0.3426
vn -0.2379 0.9066 -0.3485
vn -0.2421 0.9039 -0.3525
vn 0.9798 0.1525 -0.1291
vn -0.1491 0.9881 -0.0380
vn -0.1545 0.9844 -0.0838
vn -0.1950 0.9565 -0.2171
vn -0.1748 0.9658 -0.1915
vn 0.9733 0.1523 -0.1719
vn -0.1627 0.9773 -0.1356
vn 0.9648 0.1439 -0.2199
vn 0.9835 0.1560 -0.0920
vn -0.5323 0.5313 -0.6591
vn -0.5090 0.5393 -0.6708
vn -0.5232 0.5262 -0.6703
vn -0.5350 0.5117 -0.6722
vn -0.5540 0.4972 -0.6677
vn -0.3533 0.7603 -0.5451
vn -0.3094 0.7944 -0.5226
vn -0.3646 0.7122 -0.5998
vn -0.4260 0.6629 -0.6157
vn -0.4352 0.6261 -0.6470
vn -0.4785 0.5909 -0.6495
vn -0.4832 0.5707 -0.6639
vn -0.5069 0.5528 -0.6614
vn -0.2729 0.8658 -0.4195
vn -0.2552 0.8780 -0.4050
vn -0.2742 0.8470 -0.4554
vn -0.3045 0.8249 -0.4763
vn -0.2479 0.8972 -0.3655
vn -0.2479 0.8931 -0.3754
vn -0.2552 0.8881 -0.3823
vn -0.1809 0.8985 0.4000
vn -0.1754 0.8838 0.4338
vn -0.1501 0.9212 0.3590
vn -0.1615 0.9376 0.3078
vn -0.1315 0.9574 0.2571
vn -0.1495 0.9686 0.1985
vn -0.1271 0.9805 0.1500
vn -0.1477 0.9842 0.0980
vn -0.2273 0.8244 0.5184
vn -0.2240 0.8163 0.5325
vn -0.2111 0.8323 0.5126
vn -0.1988 0.8660 0.4588
vn -0.1958 0.8543 0.4815
vn -0.2137 0.8420 0.4954
vn -0.2564 0.7896 0.5575
vn -0.2356 0.7991 0.5531
vn -0.2398 0.8108 0.5339
vn -0.5596 0.4900 -0.6684
vn -0.5775 0.4575 -0.6762
vn 0.5900 -0.3138 -0.7439
vn -0.5983 0.4217 -0.6813
vn 0.5689 -0.3478 -0.7453
vn -0.6157 0.3956 -0.6815
vn -0.6146 0.3486 -0.7077
vn -0.7717 0.1544 -0.6170
vn -0.7613 0.1790 -0.6232
vn -0.7950 0.1121 -0.5962
vn 0.3293 -0.5219 -0.7869
vn -0.7438 0.2095 -0.6347
vn -0.6801 0.2266 -0.6972
vn -0.6647 0.2574 -0.7014
vn -0.6489 0.2813 -0.7070
vn -0.6321 0.3091 -0.7106
vn -0.6195 0.3325 -0.7111
vn 0.5641 -0.4226 -0.7093
vn -0.7983 0.0431 -0.6007
vn -0.8394 0.0413 -0.5420
vn -0.8486 0.0186 -0.5287
# 1001 vertex normals

vt 0.1470 0.0372 0.0000
vt 0.1612 0.0279 0.0000
vt 0.1631 0.0312 0.0000
vt 0.1481 0.0400 0.0000
vt 0.1469 0.0340 0.0000
vt 0.1597 0.0247 0.0000
vt 0.3262 0.1584 0.0000
vt 0.3276 0.1775 0.0000
vt 0.3237 0.1778 0.0000
vt 0.3231 0.1579 0.0000
vt 0.3194 0.1780 0.0000
vt 0.3195 0.1578 0.0000
vt 0.1480 0.0301 0.0000
vt 0.1588 0.0213 0.0000
vt 0.1497 0.0262 0.0000
vt 0.1571 0.0185 0.0000
vt 0.3392 0.1607 0.0000
vt 0.3387 0.1774 0.0000
vt 0.3349 0.1775 0.0000
vt 0.3365 0.1598 0.0000
vt 0.3292 0.1595 0.0000
vt 0.3313 0.1772 0.0000
vt 0.3334 0.1975 0.0000
vt 0.3289 0.1982 0.0000
vt 0.3386 0.1972 0.0000
vt 0.3338 0.1978 0.0000
vt 0.3396 0.2167 0.0000
vt 0.3343 0.2174 0.0000
vt 0.3294 0.2180 0.0000
vt 0.3243 0.1987 0.0000
vt 0.3195 0.1988 0.0000
vt 0.3244 0.2184 0.0000
vt 0.3191 0.2185 0.0000
vt 0.1454 0.0284 0.0000
vt 0.1535 0.0176 0.0000
vt 0.1407 0.0302 0.0000
vt 0.1490 0.0174 0.0000
vt 0.3473 0.1752 0.0000
vt 0.3428 0.1765 0.0000
vt 0.3421 0.1590 0.0000
vt 0.3454 0.1566 0.0000
vt 0.1365 0.0310 0.0000
vt 0.1446 0.0165 0.0000
vt 0.1324 0.0309 0.0000
vt 0.1400 0.0153 0.0000
vt 0.3575 0.1729 0.0000
vt 0.3522 0.1741 0.0000
vt 0.3492 0.1549 0.0000
vt 0.3536 0.1536 0.0000
vt 0.3555 0.1944 0.0000
vt 0.3495 0.1955 0.0000
vt 0.3617 0.1930 0.0000
vt 0.3655 0.2121 0.0000
vt 0.3584 0.2136 0.0000
vt 0.3517 0.2148 0.0000
vt 0.3439 0.1965 0.0000
vt 0.3454 0.2159 0.0000
vt 0.1281 0.0304 0.0000
vt 0.1349 0.0139 0.0000
vt 0.1234 0.0294 0.0000
vt 0.1294 0.0124 0.0000
vt 0.3690 0.1700 0.0000
vt 0.3632 0.1716 0.0000
vt 0.3586 0.1522 0.0000
vt 0.3640 0.1507 0.0000
vt 0.1190 0.0280 0.0000
vt 0.1240 0.0110 0.0000
vt 0.1153 0.0265 0.0000
vt 0.1193 0.0097 0.0000
vt 0.3803 0.1663 0.0000
vt 0.3748 0.1682 0.0000
vt 0.3694 0.1493 0.0000
vt 0.3741 0.1480 0.0000
vt 0.3813 0.1876 0.0000
vt 0.3748 0.1896 0.0000
vt 0.3878 0.1855 0.0000
vt 0.3949 0.2039 0.0000
vt 0.3876 0.2061 0.0000
vt 0.3802 0.2082 0.0000
vt 0.3682 0.1914 0.0000
vt 0.3728 0.2103 0.0000
vt 0.1125 0.0249 0.0000
vt 0.1153 0.0085 0.0000
vt 0.1105 0.0223 0.0000
vt 0.1121 0.0069 0.0000
vt 0.3816 0.1471 0.0000
vt 0.3897 0.1635 0.0000
vt 0.3853 0.1647 0.0000
vt 0.3780 0.1472 0.0000
vt 0.1089 0.0179 0.0000
vt 0.1093 0.0046 0.0000
vt 0.1078 0.0134 0.0000
vt 0.1069 0.0031 0.0000
vt 0.3875 0.1484 0.0000
vt 0.3963 0.1625 0.0000
vt 0.3934 0.1629 0.0000
vt 0.3849 0.1479 0.0000
vt 0.4043 0.1800 0.0000
vt 0.3997 0.1815 0.0000
vt 0.4080 0.1789 0.0000
vt 0.4187 0.1954 0.0000
vt 0.4142 0.1971 0.0000
vt 0.4086 0.1991 0.0000
vt 0.3941 0.1833 0.0000
vt 0.4021 0.2015 0.0000
vt 0.1068 0.0178 0.0000
vt 0.1050 0.0042 0.0000
vt 0.1054 0.0221 0.0000
vt 0.1034 0.0061 0.0000
vt 0.3996 0.1608 0.0000
vt 0.3983 0.1617 0.0000
vt 0.3884 0.1470 0.0000
vt 0.3889 0.1452 0.0000
vt 0.1039 0.0245 0.0000
vt 0.1019 0.0073 0.0000
vt 0.1024 0.0256 0.0000
vt 0.1003 0.0079 0.0000
vt 0.3906 0.1434 0.0000
vt 0.4021 0.1598 0.0000
vt 0.4009 0.1603 0.0000
vt 0.3896 0.1440 0.0000
vt 0.4147 0.1767 0.0000
vt 0.4130 0.1773 0.0000
vt 0.4163 0.1761 0.0000
vt 0.4300 0.1908 0.0000
vt 0.4277 0.1919 0.0000
vt 0.4252 0.1930 0.0000
vt 0.4108 0.1780 0.0000
vt 0.4223 0.1941 0.0000
vt 0.1011 0.0259 0.0000
vt 0.0988 0.0083 0.0000
vt 0.0995 0.0251 0.0000
vt 0.0969 0.0082 0.0000
vt 0.3931 0.1428 0.0000
vt 0.4047 0.1584 0.0000
vt 0.4033 0.1593 0.0000
vt 0.3916 0.1430 0.0000
vt 0.0970 0.0227 0.0000
vt 0.0940 0.0078 0.0000
vt 0.0938 0.0197 0.0000
vt 0.0900 0.0088 0.0000
vt 0.4327 0.1280 0.0000
vt 0.4370 0.1448 0.0000
vt 0.4325 0.1460 0.0000
vt 0.4290 0.1280 0.0000
vt 0.4297 0.1463 0.0000
vt 0.4267 0.1270 0.0000
vt 0.4368 0.1664 0.0000
vt 0.4335 0.1673 0.0000
vt 0.4424 0.1646 0.0000
vt 0.4479 0.1842 0.0000
vt 0.4406 0.1865 0.0000
vt 0.4356 0.1879 0.0000
vt 0.4178 0.1754 0.0000
vt 0.4195 0.1741 0.0000
vt 0.4324 0.1896 0.0000
vt 0.0923 0.0264 0.0000
vt 0.0850 0.0136 0.0000
vt 0.0895 0.0324 0.0000
vt 0.0795 0.0191 0.0000
vt 0.4520 0.1386 0.0000
vt 0.4440 0.1419 0.0000
vt 0.4381 0.1246 0.0000
vt 0.4445 0.1210 0.0000
vt 0.0857 0.0352 0.0000
vt 0.0746 0.0225 0.0000
vt 0.0825 0.0369 0.0000
vt 0.0708 0.0251 0.0000
vt 0.4541 0.1185 0.0000
vt 0.4632 0.1350 0.0000
vt 0.4584 0.1365 0.0000
vt 0.4499 0.1194 0.0000
vt 0.4682 0.1551 0.0000
vt 0.4605 0.1580 0.0000
vt 0.4738 0.1529 0.0000
vt 0.4848 0.1704 0.0000
vt 0.4783 0.1733 0.0000
vt 0.4691 0.1768 0.0000
vt 0.4510 0.1615 0.0000
vt 0.4581 0.1808 0.0000
vt 0.0799 0.0379 0.0000
vt 0.0678 0.0270 0.0000
vt 0.0772 0.0379 0.0000
vt 0.0651 0.0281 0.0000
vt 0.4600 0.1182 0.0000
vt 0.4699 0.1333 0.0000
vt 0.4670 0.1340 0.0000
vt 0.4574 0.1181 0.0000
vt 0.0737 0.0368 0.0000
vt 0.0626 0.0288 0.0000
vt 0.0699 0.0353 0.0000
vt 0.0609 0.0299 0.0000
vt 0.5203 0.1016 0.0000
vt 0.5204 0.1182 0.0000
vt 0.5187 0.1179 0.0000
vt 0.5191 0.1007 0.0000
vt 0.4623 0.1188 0.0000
vt 0.4721 0.1329 0.0000
vt 0.4839 0.1490 0.0000
vt 0.4815 0.1500 0.0000
vt 0.5195 0.1382 0.0000
vt 0.5173 0.1380 0.0000
vt 0.5180 0.1590 0.0000
vt 0.5153 0.1589 0.0000
vt 0.4965 0.1652 0.0000
vt 0.4937 0.1667 0.0000
vt 0.4781 0.1512 0.0000
vt 0.4898 0.1683 0.0000
vt 0.0728 0.0385 0.0000
vt 0.0608 0.0322 0.0000
vt 0.0752 0.0424 0.0000
vt 0.0613 0.0356 0.0000
vt 0.5245 0.1163 0.0000
vt 0.5222 0.1176 0.0000
vt 0.5217 0.1004 0.0000
vt 0.5236 0.0982 0.0000
vt 0.0763 0.0462 0.0000
vt 0.0615 0.0397 0.0000
vt 0.0769 0.0505 0.0000
vt 0.0612 0.0447 0.0000
vt 0.5321 0.1130 0.0000
vt 0.5278 0.1148 0.0000
vt 0.5263 0.0960 0.0000
vt 0.5300 0.0939 0.0000
vt 0.5285 0.1355 0.0000
vt 0.5247 0.1368 0.0000
vt 0.5336 0.1341 0.0000
vt 0.5349 0.1554 0.0000
vt 0.5290 0.1566 0.0000
vt 0.5245 0.1576 0.0000
vt 0.5218 0.1377 0.0000
vt 0.5209 0.1585 0.0000
vt 0.0778 0.0556 0.0000
vt 0.0610 0.0511 0.0000
vt 0.0772 0.0610 0.0000
vt 0.0604 0.0590 0.0000
vt 0.5460 0.1084 0.0000
vt 0.5381 0.1109 0.0000
vt 0.5350 0.0914 0.0000
vt 0.5416 0.0889 0.0000
vt 0.0742 0.0661 0.0000
vt 0.0586 0.0666 0.0000
vt 0.0699 0.0696 0.0000
vt 0.0574 0.0721 0.0000
vt 0.5530 0.0883 0.0000
vt 0.5594 0.1056 0.0000
vt 0.5540 0.1068 0.0000
vt 0.5484 0.0883 0.0000
vt 0.5591 0.1276 0.0000
vt 0.5498 0.1299 0.0000
vt 0.5656 0.1258 0.0000
vt 0.5712 0.1464 0.0000
vt 0.5635 0.1486 0.0000
vt 0.5530 0.1514 0.0000
vt 0.5406 0.1323 0.0000
vt 0.5428 0.1539 0.0000
vt 0.0737 0.0704 0.0000
vt 0.0589 0.0756 0.0000
vt 0.0754 0.0719 0.0000
vt 0.0606 0.0784 0.0000
vt 0.5643 0.1035 0.0000
vt 0.5624 0.1044 0.0000
vt 0.5551 0.0865 0.0000
vt 0.5565 0.0851 0.0000
vt 0.0741 0.0742 0.0000
vt 0.0607 0.0814 0.0000
vt 0.0711 0.0772 0.0000
vt 0.0610 0.0843 0.0000
vt 0.5593 0.0862 0.0000
vt 0.5667 0.1030 0.0000
vt 0.5657 0.1032 0.0000
vt 0.5581 0.0855 0.0000
vt 0.5734 0.1233 0.0000
vt 0.5718 0.1238 0.0000
vt 0.5746 0.1227 0.0000
vt 0.5826 0.1429 0.0000
vt 0.5811 0.1436 0.0000
vt 0.5790 0.1442 0.0000
vt 0.5694 0.1246 0.0000
vt 0.5760 0.1451 0.0000
vt 0.0748 0.0755 0.0000
vt 0.0635 0.0855 0.0000
vt 0.0779 0.0742 0.0000
vt 0.0670 0.0862 0.0000
vt 0.5681 0.1005 0.0000
vt 0.5674 0.1021 0.0000
vt 0.5594 0.0846 0.0000
vt 0.5590 0.0817 0.0000
vt 0.0805 0.0731 0.0000
vt 0.0704 0.0876 0.0000
vt 0.0865 0.0684 0.0000
vt 0.0732 0.0881 0.0000
vt 0.0602 0.1111 0.0000
vt 0.0571 0.1105 0.0000
vt 0.5588 0.0785 0.0000
vt 0.5690 0.0984 0.0000
vt 0.5792 0.1193 0.0000
vt 0.5772 0.1210 0.0000
vt 0.0482 0.1344 0.0000
vt 0.0441 0.1331 0.0000
vt 0.0386 0.1571 0.0000
vt 0.0336 0.1555 0.0000
vt 0.5890 0.1395 0.0000
vt 0.5861 0.1412 0.0000
vt 0.5758 0.1220 0.0000
vt 0.5842 0.1422 0.0000
vt 0.0873 0.0748 0.0000
vt 0.0763 0.0907 0.0000
vt 0.0866 0.0684 0.0000
vt 0.0905 0.0778 0.0000
vt 0.0808 0.0940 0.0000
vt 0.0712 0.1166 0.0000
vt 0.0647 0.1133 0.0000
vt 0.0963 0.0792 0.0000
vt 0.0879 0.0967 0.0000
vt 0.1072 0.0779 0.0000
vt 0.0961 0.1006 0.0000
vt 0.0883 0.1242 0.0000
vt 0.0792 0.1201 0.0000
vt 0.0710 0.1431 0.0000
vt 0.0623 0.1400 0.0000
vt 0.0813 0.1465 0.0000
vt 0.0748 0.1678 0.0000
vt 0.0635 0.1650 0.0000
vt 0.0541 0.1623 0.0000
vt 0.0621 0.1404 0.0000
vt 0.0544 0.1368 0.0000
vt 0.0542 0.1623 0.0000
vt 0.0458 0.1596 0.0000
vt 0.1065 0.0890 0.0000
vt 0.1020 0.1074 0.0000
vt 0.1092 0.0961 0.0000
vt 0.1063 0.1138 0.0000
vt 0.1039 0.1341 0.0000
vt 0.0978 0.1297 0.0000
vt 0.1122 0.1038 0.0000
vt 0.1093 0.1186 0.0000
vt 0.1137 0.1098 0.0000
vt 0.1118 0.1212 0.0000
vt 0.1101 0.1383 0.0000
vt 0.1073 0.1368 0.0000
vt 0.1061 0.1552 0.0000
vt 0.1015 0.1535 0.0000
vt 0.1093 0.1565 0.0000
vt 0.1091 0.1747 0.0000
vt 0.1042 0.1734 0.0000
vt 0.0978 0.1721 0.0000
vt 0.0932 0.1506 0.0000
vt 0.0875 0.1703 0.0000
vt 0.1161 0.1055 0.0000
vt 0.1148 0.1204 0.0000
vt 0.1191 0.1017 0.0000
vt 0.1182 0.1183 0.0000
vt 0.1171 0.1383 0.0000
vt 0.1131 0.1387 0.0000
vt 0.1220 0.0988 0.0000
vt 0.1220 0.1163 0.0000
vt 0.1256 0.0949 0.0000
vt 0.1261 0.1149 0.0000
vt 0.1278 0.1372 0.0000
vt 0.1223 0.1376 0.0000
vt 0.1255 0.1585 0.0000
vt 0.1183 0.1580 0.0000
vt 0.1325 0.1591 0.0000
vt 0.1373 0.1788 0.0000
vt 0.1300 0.1779 0.0000
vt 0.1215 0.1770 0.0000
vt 0.1130 0.1574 0.0000
vt 0.1144 0.1759 0.0000
vt 0.1292 0.0981 0.0000
vt 0.1301 0.1152 0.0000
vt 0.1319 0.1003 0.0000
vt 0.1339 0.1162 0.0000
vt 0.1366 0.1376 0.0000
vt 0.1326 0.1372 0.0000
vt 0.1349 0.1032 0.0000
vt 0.1376 0.1177 0.0000
vt 0.1375 0.1065 0.0000
vt 0.1408 0.1179 0.0000
vt 0.1432 0.1374 0.0000
vt 0.1400 0.1379 0.0000
vt 0.1449 0.1603 0.0000
vt 0.1415 0.1602 0.0000
vt 0.1483 0.1598 0.0000
vt 0.1531 0.1802 0.0000
vt 0.1497 0.1805 0.0000
vt 0.1464 0.1802 0.0000
vt 0.1376 0.1598 0.0000
vt 0.1425 0.1797 0.0000
vt 0.1377 0.1017 0.0000
vt 0.1436 0.1148 0.0000
vt 0.1386 0.0971 0.0000
vt 0.1463 0.1106 0.0000
vt 0.2120 0.1526 0.0000
vt 0.2074 0.1513 0.0000
vt 0.2189 0.1351 0.0000
vt 0.2231 0.1350 0.0000
vt 0.2157 0.1348 0.0000
vt 0.2038 0.1499 0.0000
vt 0.1401 0.0937 0.0000
vt 0.1496 0.1068 0.0000
vt 0.1421 0.0909 0.0000
vt 0.1534 0.1030 0.0000
vt 0.2232 0.1566 0.0000
vt 0.2174 0.1544 0.0000
vt 0.2273 0.1358 0.0000
vt 0.2316 0.1373 0.0000
vt 0.2053 0.1740 0.0000
vt 0.1991 0.1719 0.0000
vt 0.2126 0.1764 0.0000
vt 0.2019 0.1948 0.0000
vt 0.1941 0.1920 0.0000
vt 0.1880 0.1897 0.0000
vt 0.1942 0.1701 0.0000
vt 0.1905 0.1682 0.0000
vt 0.1832 0.1877 0.0000
vt 0.1796 0.1858 0.0000
vt 0.1442 0.0879 0.0000
vt 0.1571 0.0992 0.0000
vt 0.1461 0.0848 0.0000
vt 0.1603 0.0953 0.0000
vt 0.2404 0.1405 0.0000
vt 0.2339 0.1607 0.0000
vt 0.2288 0.1587 0.0000
vt 0.2361 0.1390 0.0000
vt 0.1479 0.0819 0.0000
vt 0.1630 0.0917 0.0000
vt 0.1496 0.0794 0.0000
vt 0.1653 0.0883 0.0000
vt 0.2479 0.1429 0.0000
vt 0.2424 0.1641 0.0000
vt 0.2384 0.1625 0.0000
vt 0.2443 0.1418 0.0000
vt 0.2327 0.1839 0.0000
vt 0.2270 0.1816 0.0000
vt 0.2374 0.1860 0.0000
vt 0.2333 0.2060 0.0000
vt 0.2277 0.2038 0.0000
vt 0.2202 0.2011 0.0000
vt 0.2201 0.1790 0.0000
vt 0.2111 0.1980 0.0000
vt 0.1516 0.0772 0.0000
vt 0.1675 0.0853 0.0000
vt 0.1546 0.0758 0.0000
vt 0.1699 0.0829 0.0000
vt 0.2537 0.1459 0.0000
vt 0.2488 0.1667 0.0000
vt 0.2458 0.1654 0.0000
vt 0.2510 0.1442 0.0000
vt 0.1592 0.0751 0.0000
vt 0.1729 0.0811 0.0000
vt 0.1640 0.0753 0.0000
vt 0.1750 0.0792 0.0000
vt 0.2577 0.1504 0.0000
vt 0.2540 0.1690 0.0000
vt 0.2515 0.1681 0.0000
vt 0.2558 0.1485 0.0000
vt 0.2473 0.1897 0.0000
vt 0.2444 0.1888 0.0000
vt 0.2500 0.1905 0.0000
vt 0.2456 0.2103 0.0000
vt 0.2431 0.2096 0.0000
vt 0.2405 0.2088 0.0000
vt 0.2413 0.1876 0.0000
vt 0.2412 0.1876 0.0000
vt 0.2373 0.2077 0.0000
vt 0.1600 0.0729 0.0000
vt 0.1745 0.0764 0.0000
vt 0.1567 0.0706 0.0000
vt 0.1732 0.0734 0.0000
vt 0.2596 0.1689 0.0000
vt 0.2567 0.1692 0.0000
vt 0.2599 0.1495 0.0000
vt 0.2623 0.1479 0.0000
vt 0.1551 0.0684 0.0000
vt 0.1726 0.0703 0.0000
vt 0.1547 0.0660 0.0000
vt 0.1724 0.0668 0.0000
vt 0.2767 0.1732 0.0000
vt 0.2728 0.1724 0.0000
vt 0.2815 0.1527 0.0000
vt 0.2845 0.1534 0.0000
vt 0.2649 0.1471 0.0000
vt 0.2629 0.1686 0.0000
vt 0.2596 0.1912 0.0000
vt 0.2558 0.1912 0.0000
vt 0.2676 0.1935 0.0000
vt 0.2629 0.1929 0.0000
vt 0.2596 0.2122 0.0000
vt 0.2546 0.2115 0.0000
vt 0.2510 0.2112 0.0000
vt 0.2528 0.1910 0.0000
vt 0.2481 0.2108 0.0000
vt 0.1550 0.0627 0.0000
vt 0.1724 0.0626 0.0000
vt 0.1566 0.0586 0.0000
vt 0.1729 0.0577 0.0000
vt 0.2924 0.1563 0.0000
vt 0.2870 0.1751 0.0000
vt 0.2815 0.1741 0.0000
vt 0.2882 0.1544 0.0000
vt 0.1598 0.0539 0.0000
vt 0.1740 0.0524 0.0000
vt 0.1635 0.0499 0.0000
vt 0.1743 0.0473 0.0000
vt 0.3011 0.1609 0.0000
vt 0.2984 0.1776 0.0000
vt 0.2927 0.1765 0.0000
vt 0.2967 0.1589 0.0000
vt 0.2880 0.1960 0.0000
vt 0.2806 0.1951 0.0000
vt 0.2950 0.1969 0.0000
vt 0.2919 0.2164 0.0000
vt 0.2839 0.2154 0.0000
vt 0.2752 0.2142 0.0000
vt 0.2736 0.1942 0.0000
vt 0.2666 0.2130 0.0000
vt 0.1584 0.0482 0.0000
vt 0.1717 0.0430 0.0000
vt 0.1534 0.0456 0.0000
vt 0.1683 0.0389 0.0000
vt 0.3095 0.1779 0.0000
vt 0.3040 0.1779 0.0000
vt 0.3059 0.1602 0.0000
vt 0.3108 0.1587 0.0000
vt 0.1501 0.0428 0.0000
vt 0.1654 0.0349 0.0000
vt 0.3147 0.1780 0.0000
vt 0.3154 0.1580 0.0000
vt 0.3140 0.1987 0.0000
vt 0.3081 0.1982 0.0000
vt 0.3132 0.2183 0.0000
vt 0.3065 0.2178 0.0000
vt 0.3017 0.1977 0.0000
vt 0.2994 0.2172 0.0000
vt 0.3245 0.2358 0.0000
vt 0.3189 0.2359 0.0000
vt 0.3298 0.2355 0.0000
vt 0.3303 0.2517 0.0000
vt 0.3247 0.2521 0.0000
vt 0.3188 0.2522 0.0000
vt 0.3350 0.2349 0.0000
vt 0.3407 0.2341 0.0000
vt 0.3418 0.2504 0.0000
vt 0.3358 0.2511 0.0000
vt 0.3367 0.2678 0.0000
vt 0.3309 0.2683 0.0000
vt 0.3430 0.2670 0.0000
vt 0.3251 0.2687 0.0000
vt 0.3189 0.2688 0.0000
vt 0.3469 0.2332 0.0000
vt 0.3537 0.2321 0.0000
vt 0.3555 0.2483 0.0000
vt 0.3483 0.2494 0.0000
vt 0.3609 0.2307 0.0000
vt 0.3686 0.2291 0.0000
vt 0.3713 0.2453 0.0000
vt 0.3632 0.2469 0.0000
vt 0.3653 0.2636 0.0000
vt 0.3573 0.2649 0.0000
vt 0.3737 0.2620 0.0000
vt 0.3498 0.2661 0.0000
vt 0.3765 0.2273 0.0000
vt 0.3847 0.2252 0.0000
vt 0.3883 0.2413 0.0000
vt 0.3797 0.2434 0.0000
vt 0.3927 0.2229 0.0000
vt 0.4006 0.2207 0.0000
vt 0.4051 0.2369 0.0000
vt 0.3968 0.2391 0.0000
vt 0.4003 0.2561 0.0000
vt 0.3914 0.2582 0.0000
vt 0.4089 0.2540 0.0000
vt 0.3825 0.2602 0.0000
vt 0.4080 0.2184 0.0000
vt 0.4149 0.2162 0.0000
vt 0.4199 0.2327 0.0000
vt 0.4128 0.2348 0.0000
vt 0.4208 0.2141 0.0000
vt 0.4257 0.2123 0.0000
vt 0.4313 0.2292 0.0000
vt 0.4261 0.2308 0.0000
vt 0.4306 0.2482 0.0000
vt 0.4242 0.2500 0.0000
vt 0.4359 0.2467 0.0000
vt 0.4169 0.2519 0.0000
vt 0.4296 0.2110 0.0000
vt 0.4327 0.2099 0.0000
vt 0.4385 0.2268 0.0000
vt 0.4353 0.2279 0.0000
vt 0.4352 0.2089 0.0000
vt 0.4374 0.2080 0.0000
vt 0.4432 0.2250 0.0000
vt 0.4410 0.2259 0.0000
vt 0.4457 0.2435 0.0000
vt 0.4432 0.2444 0.0000
vt 0.4479 0.2427 0.0000
vt 0.4400 0.2455 0.0000
vt 0.4397 0.2069 0.0000
vt 0.4427 0.2057 0.0000
vt 0.4485 0.2229 0.0000
vt 0.4454 0.2241 0.0000
vt 0.4474 0.2042 0.0000
vt 0.4546 0.2019 0.0000
vt 0.4602 0.2188 0.0000
vt 0.4531 0.2212 0.0000
vt 0.4579 0.2390 0.0000
vt 0.4532 0.2406 0.0000
vt 0.4651 0.2367 0.0000
vt 0.4502 0.2418 0.0000
vt 0.4646 0.1984 0.0000
vt 0.4761 0.1940 0.0000
vt 0.4819 0.2115 0.0000
vt 0.4702 0.2155 0.0000
vt 0.4866 0.1899 0.0000
vt 0.4945 0.1871 0.0000
vt 0.5013 0.2054 0.0000
vt 0.4931 0.2078 0.0000
vt 0.4979 0.2275 0.0000
vt 0.4870 0.2302 0.0000
vt 0.5062 0.2260 0.0000
vt 0.4753 0.2335 0.0000
vt 0.5008 0.1848 0.0000
vt 0.5062 0.1826 0.0000
vt 0.5125 0.2021 0.0000
vt 0.5075 0.2037 0.0000
vt 0.5111 0.1803 0.0000
vt 0.5158 0.1795 0.0000
vt 0.5203 0.1998 0.0000
vt 0.5166 0.2008 0.0000
vt 0.5125 0.2249 0.0000
vt 0.5201 0.1787 0.0000
vt 0.5247 0.1778 0.0000
vt 0.5282 0.1978 0.0000
vt 0.5240 0.1989 0.0000
vt 0.5300 0.1767 0.0000
vt 0.5366 0.1754 0.0000
vt 0.5397 0.1945 0.0000
vt 0.5332 0.1963 0.0000
vt 0.5373 0.2171 0.0000
vt 0.5325 0.2190 0.0000
vt 0.5435 0.2146 0.0000
vt 0.5324 0.2190 0.0000
vt 0.5285 0.2199 0.0000
vt 0.5455 0.1736 0.0000
vt 0.5563 0.1710 0.0000
vt 0.5600 0.1899 0.0000
vt 0.5488 0.1923 0.0000
vt 0.5674 0.1682 0.0000
vt 0.5762 0.1659 0.0000
vt 0.5808 0.1850 0.0000
vt 0.5713 0.1873 0.0000
vt 0.5753 0.2074 0.0000
vt 0.5639 0.2097 0.0000
vt 0.5851 0.2054 0.0000
vt 0.5526 0.2121 0.0000
vt 0.5821 0.1645 0.0000
vt 0.5857 0.1635 0.0000
vt 0.5915 0.1824 0.0000
vt 0.5874 0.1834 0.0000
vt 0.5882 0.1628 0.0000
vt 0.5900 0.1622 0.0000
vt 0.5964 0.1811 0.0000
vt 0.5943 0.1817 0.0000
vt 0.5997 0.2022 0.0000
vt 0.5967 0.2029 0.0000
vt 0.6020 0.2016 0.0000
vt 0.5921 0.2039 0.0000
vt 0.5919 0.1615 0.0000
vt 0.5942 0.1604 0.0000
vt 0.6011 0.1795 0.0000
vt 0.5984 0.1804 0.0000
vt 0.5978 0.1588 0.0000
vt 0.0312 0.1787 0.0000
vt 0.0256 0.1772 0.0000
vt 0.0253 0.1998 0.0000
vt 0.0194 0.1985 0.0000
vt 0.6050 0.1781 0.0000
vt 0.6111 0.1991 0.0000
vt 0.6071 0.2002 0.0000
vt 0.0204 0.2221 0.0000
vt 0.0145 0.2211 0.0000
vt 0.6042 0.2010 0.0000
vt 0.0388 0.1808 0.0000
vt 0.0477 0.1831 0.0000
vt 0.0425 0.2034 0.0000
vt 0.0331 0.2015 0.0000
vt 0.0311 0.1787 0.0000
vt 0.0576 0.1855 0.0000
vt 0.0690 0.1880 0.0000
vt 0.0646 0.2079 0.0000
vt 0.0530 0.2056 0.0000
vt 0.0492 0.2269 0.0000
vt 0.0382 0.2251 0.0000
vt 0.0614 0.2290 0.0000
vt 0.0284 0.2234 0.0000
vt 0.0818 0.1900 0.0000
vt 0.0934 0.1916 0.0000
vt 0.0899 0.2122 0.0000
vt 0.0776 0.2101 0.0000
vt 0.1016 0.1930 0.0000
vt 0.1082 0.1944 0.0000
vt 0.1065 0.2153 0.0000
vt 0.0993 0.2140 0.0000
vt 0.0971 0.2357 0.0000
vt 0.0877 0.2339 0.0000
vt 0.1041 0.2368 0.0000
vt 0.0750 0.2315 0.0000
vt 0.1152 0.1955 0.0000
vt 0.1234 0.1960 0.0000
vt 0.1219 0.2163 0.0000
vt 0.1135 0.2161 0.0000
vt 0.1322 0.1964 0.0000
vt 0.1397 0.1968 0.0000
vt 0.1400 0.2163 0.0000
vt 0.1314 0.2162 0.0000
vt 0.1280 0.2372 0.0000
vt 0.1182 0.2374 0.0000
vt 0.1383 0.2371 0.0000
vt 0.1105 0.2373 0.0000
vt 0.1453 0.1975 0.0000
vt 0.1495 0.1982 0.0000
vt 0.1514 0.2178 0.0000
vt 0.1465 0.2170 0.0000
vt 0.1531 0.1987 0.0000
vt 0.1568 0.1989 0.0000
vt 0.1594 0.2192 0.0000
vt 0.1554 0.2186 0.0000
vt 0.1560 0.2392 0.0000
vt 0.1517 0.2383 0.0000
vt 0.1599 0.2404 0.0000
vt 0.1462 0.2375 0.0000
vt 0.1755 0.2044 0.0000
vt 0.1718 0.2024 0.0000
vt 0.1801 0.2065 0.0000
vt 0.1737 0.2247 0.0000
vt 0.1691 0.2230 0.0000
vt 0.1652 0.2211 0.0000
vt 0.1860 0.2088 0.0000
vt 0.1938 0.2117 0.0000
vt 0.1872 0.2291 0.0000
vt 0.1795 0.2267 0.0000
vt 0.1741 0.2455 0.0000
vt 0.1684 0.2438 0.0000
vt 0.1816 0.2477 0.0000
vt 0.1639 0.2421 0.0000
vt 0.2035 0.2151 0.0000
vt 0.2140 0.2185 0.0000
vt 0.2085 0.2355 0.0000
vt 0.1972 0.2322 0.0000
vt 0.2228 0.2213 0.0000
vt 0.2291 0.2234 0.0000
vt 0.2248 0.2400 0.0000
vt 0.2180 0.2381 0.0000
vt 0.2135 0.2557 0.0000
vt 0.2032 0.2534 0.0000
vt 0.2207 0.2574 0.0000
vt 0.1915 0.2505 0.0000
vt 0.2334 0.2248 0.0000
vt 0.2364 0.2258 0.0000
vt 0.2324 0.2421 0.0000
vt 0.2293 0.2412 0.0000
vt 0.2388 0.2265 0.0000
vt 0.2410 0.2270 0.0000
vt 0.2370 0.2431 0.0000
vt 0.2348 0.2427 0.0000
vt 0.2310 0.2601 0.0000
vt 0.2285 0.2595 0.0000
vt 0.2333 0.2607 0.0000
vt 0.2253 0.2587 0.0000
vt 0.2433 0.2274 0.0000
vt 0.2459 0.2278 0.0000
vt 0.2419 0.2440 0.0000
vt 0.2392 0.2436 0.0000
vt 0.2493 0.2282 0.0000
vt 0.2544 0.2289 0.0000
vt 0.2510 0.2454 0.0000
vt 0.2454 0.2446 0.0000
vt 0.2423 0.2622 0.0000
vt 0.2384 0.2616 0.0000
vt 0.2484 0.2631 0.0000
vt 0.2356 0.2611 0.0000
vt 0.2622 0.2300 0.0000
vt 0.2719 0.2316 0.0000
vt 0.2698 0.2484 0.0000
vt 0.2596 0.2468 0.0000
vt 0.2811 0.2330 0.0000
vt 0.2896 0.2339 0.0000
vt 0.2879 0.2504 0.0000
vt 0.2791 0.2495 0.0000
vt 0.2776 0.2665 0.0000
vt 0.2682 0.2656 0.0000
vt 0.2867 0.2673 0.0000
vt 0.2577 0.2643 0.0000
vt 0.2976 0.2347 0.0000
vt 0.3053 0.2353 0.0000
vt 0.3045 0.2517 0.0000
vt 0.2964 0.2511 0.0000
vt 0.3125 0.2358 0.0000
vt 0.3120 0.2520 0.0000
vt 0.3118 0.2687 0.0000
vt 0.3040 0.2684 0.0000
vt 0.2955 0.2679 0.0000
vt 0.0805 0.0668 0.0000
vt 0.0833 0.0637 0.0000
vt 0.0845 0.0663 0.0000
vt 0.0819 0.0686 0.0000
vt 0.0845 0.0599 0.0000
vt 0.0850 0.0559 0.0000
vt 0.0869 0.0600 0.0000
vt 0.0860 0.0636 0.0000
vt 0.0850 0.0676 0.0000
vt 0.0830 0.0693 0.0000
vt 0.0868 0.0640 0.0000
vt 0.0803 0.0709 0.0000
vt 0.0809 0.0435 0.0000
vt 0.0853 0.0462 0.0000
vt 0.0878 0.0512 0.0000
vt 0.0846 0.0482 0.0000
vt 0.0873 0.0468 0.0000
vt 0.0890 0.0457 0.0000
vt 0.0904 0.0513 0.0000
vt 0.0890 0.0523 0.0000
vt 0.0884 0.0583 0.0000
vt 0.0877 0.0557 0.0000
vt 0.0896 0.0579 0.0000
vt 0.0853 0.0521 0.0000
vt 0.0966 0.0335 0.0000
vt 0.0989 0.0366 0.0000
vt 0.0967 0.0430 0.0000
vt 0.0946 0.0399 0.0000
vt 0.1001 0.0377 0.0000
vt 0.1013 0.0376 0.0000
vt 0.0988 0.0452 0.0000
vt 0.0975 0.0448 0.0000
vt 0.0933 0.0521 0.0000
vt 0.0933 0.0478 0.0000
vt 0.0942 0.0543 0.0000
vt 0.0917 0.0434 0.0000
vt 0.1072 0.0276 0.0000
vt 0.1078 0.0335 0.0000
vt 0.1049 0.0398 0.0000
vt 0.1052 0.0333 0.0000
vt 0.1088 0.0369 0.0000
vt 0.1104 0.0393 0.0000
vt 0.1047 0.0484 0.0000
vt 0.1046 0.0443 0.0000
vt 0.0988 0.0506 0.0000
vt 0.1016 0.0434 0.0000
vt 0.0963 0.0584 0.0000
vt 0.1031 0.0363 0.0000
vt 0.1130 0.0413 0.0000
vt 0.1166 0.0428 0.0000
vt 0.1097 0.0538 0.0000
vt 0.1065 0.0516 0.0000
vt 0.1206 0.0434 0.0000
vt 0.1248 0.0432 0.0000
vt 0.1189 0.0534 0.0000
vt 0.1139 0.0544 0.0000
vt 0.1050 0.0664 0.0000
vt 0.1003 0.0660 0.0000
vt 0.1123 0.0644 0.0000
vt 0.0970 0.0635 0.0000
vt 0.1402 0.0359 0.0000
vt 0.1371 0.0415 0.0000
vt 0.1300 0.0470 0.0000
vt 0.1340 0.0398 0.0000
vt 0.1361 0.0456 0.0000
vt 0.1366 0.0487 0.0000
vt 0.1286 0.0564 0.0000
vt 0.1282 0.0525 0.0000
vt 0.1209 0.0588 0.0000
vt 0.1242 0.0507 0.0000
vt 0.1206 0.0642 0.0000
vt 0.1291 0.0421 0.0000
vt 0.1496 0.0539 0.0000
vt 0.1443 0.0593 0.0000
vt 0.1363 0.0591 0.0000
vt 0.1427 0.0529 0.0000
vt 0.1419 0.0632 0.0000
vt 0.1414 0.0660 0.0000
vt 0.1322 0.0668 0.0000
vt 0.1332 0.0636 0.0000
vt 0.1261 0.0645 0.0000
vt 0.1314 0.0583 0.0000
vt 0.1230 0.0697 0.0000
vt 0.1387 0.0511 0.0000
vt 0.1503 0.0718 0.0000
vt 0.1440 0.0719 0.0000
vt 0.1375 0.0699 0.0000
vt 0.1450 0.0696 0.0000
vt 0.1403 0.0730 0.0000
vt 0.1380 0.0748 0.0000
vt 0.1296 0.0739 0.0000
vt 0.1327 0.0716 0.0000
vt 0.1266 0.0712 0.0000
vt 0.1338 0.0686 0.0000
vt 0.1205 0.0749 0.0000
vt 0.1423 0.0679 0.0000
vt 0.1350 0.0836 0.0000
vt 0.1355 0.0815 0.0000
vt 0.1305 0.0822 0.0000
vt 0.1298 0.0802 0.0000
vt 0.1290 0.0781 0.0000
vt 0.1360 0.0792 0.0000
vt 0.1274 0.0857 0.0000
vt 0.1253 0.0825 0.0000
vt 0.1218 0.0859 0.0000
vt 0.1176 0.0815 0.0000
vt 0.1227 0.0795 0.0000
vt 0.1202 0.0772 0.0000
vt 0.1286 0.0760 0.0000
vt 0.1129 0.0797 0.0000
vt 0.1367 0.0769 0.0000
vt 0.1343 0.0857 0.0000
vt 0.1338 0.0890 0.0000
vt 0.1315 0.0865 0.0000
vt 0.1309 0.0840 0.0000
vt 0.1337 0.0944 0.0000
vt 0.1337 0.0943 0.0000
vt 0.1311 0.0904 0.0000
vt 0.1292 0.0879 0.0000
vt 0.1106 0.0833 0.0000
vt 0.1151 0.0836 0.0000
vt 0.1143 0.0860 0.0000
vt 0.1116 0.0876 0.0000
vt 0.1191 0.0882 0.0000
vt 0.1169 0.0904 0.0000
vt 0.1144 0.0944 0.0000
vt 0.1186 0.2396 0.0000
vt 0.1177 0.2395 0.0000
vt 0.1272 0.2406 0.0000
vt 0.1289 0.2408 0.0000
vt 0.1373 0.2417 0.0000
vt 0.2609 0.2716 0.0000
vt 0.2570 0.2711 0.0000
vt 0.2677 0.2724 0.0000
vt 0.2510 0.2702 0.0000
vt 0.2475 0.2698 0.0000
vt 0.2290 0.2660 0.0000
vt 0.2273 0.2655 0.0000
vt 0.2298 0.2662 0.0000
vt 0.2306 0.2664 0.0000
vt 0.2321 0.2668 0.0000
vt 0.2435 0.2691 0.0000
vt 0.2413 0.2688 0.0000
vt 0.2387 0.2683 0.0000
vt 0.2373 0.2680 0.0000
vt 0.2354 0.2676 0.0000
vt 0.2345 0.2674 0.0000
vt 0.2329 0.2670 0.0000
vt 0.2227 0.2642 0.0000
vt 0.2195 0.2633 0.0000
vt 0.2241 0.2646 0.0000
vt 0.2047 0.2590 0.0000
vt 0.2020 0.2583 0.0000
vt 0.2123 0.2612 0.0000
vt 0.2144 0.2618 0.0000
vt 0.1885 0.2543 0.0000
vt 0.1808 0.2520 0.0000
vt 0.1905 0.2549 0.0000
vt 0.1930 0.2556 0.0000
vt 0.2263 0.2652 0.0000
vt 0.1546 0.2439 0.0000
vt 0.1513 0.2435 0.0000
vt 0.1556 0.2441 0.0000
vt 0.1794 0.2515 0.0000
vt 0.1734 0.2497 0.0000
vt 0.1724 0.2494 0.0000
vt 0.1679 0.2479 0.0000
vt 0.1587 0.2447 0.0000
vt 0.1595 0.2450 0.0000
vt 0.1670 0.2477 0.0000
vt 0.1634 0.2464 0.0000
vt 0.1627 0.2462 0.0000
vt 0.1498 0.2432 0.0000
vt 0.1455 0.2427 0.0000
vt 0.1393 0.2420 0.0000
vt 0.5656 0.2119 0.0000
vt 0.5644 0.2122 0.0000
vt 0.5758 0.2097 0.0000
vt 0.5767 0.2095 0.0000
vt 0.5856 0.2075 0.0000
vt 0.5862 0.2074 0.0000
vt 0.5925 0.2060 0.0000
vt 0.6044 0.2030 0.0000
vt 0.6024 0.2036 0.0000
vt 0.6046 0.2030 0.0000
vt 0.6072 0.2022 0.0000
vt 0.6075 0.2022 0.0000
vt 0.6022 0.2036 0.0000
vt 0.6001 0.2042 0.0000
vt 0.5998 0.2043 0.0000
vt 0.5971 0.2049 0.0000
vt 0.5967 0.2050 0.0000
vt 0.0147 0.2232 0.0000
vt 0.0142 0.2232 0.0000
vt 0.0201 0.2242 0.0000
vt 0.6112 0.2011 0.0000
vt 0.6115 0.2011 0.0000
vt 0.0208 0.2243 0.0000
vt 0.0281 0.2256 0.0000
vt 0.0370 0.2271 0.0000
vt 0.0378 0.2272 0.0000
vt 0.0737 0.2333 0.0000
vt 0.0611 0.2312 0.0000
vt 0.0749 0.2334 0.0000
vt 0.0867 0.2353 0.0000
vt 0.0876 0.2355 0.0000
vt 0.0479 0.2290 0.0000
vt 0.0489 0.2291 0.0000
vt 0.0600 0.2310 0.0000
vt 0.1036 0.2379 0.0000
vt 0.0970 0.2369 0.0000
vt 0.1040 0.2379 0.0000
vt 0.0965 0.2369 0.0000
vt 0.1107 0.2387 0.0000
vt 0.1103 0.2387 0.0000
vt 0.1099 0.2387 0.0000
vt 0.3398 0.2749 0.0000
vt 0.3372 0.2752 0.0000
vt 0.3435 0.2744 0.0000
vt 0.3956 0.2641 0.0000
vt 0.3924 0.2648 0.0000
vt 0.4013 0.2626 0.0000
vt 0.3867 0.2662 0.0000
vt 0.3834 0.2670 0.0000
vt 0.4126 0.2596 0.0000
vt 0.4099 0.2603 0.0000
vt 0.4180 0.2581 0.0000
vt 0.4043 0.2618 0.0000
vt 0.4354 0.2530 0.0000
vt 0.4317 0.2541 0.0000
vt 0.4370 0.2525 0.0000
vt 0.4230 0.2566 0.0000
vt 0.4253 0.2560 0.0000
vt 0.4297 0.2547 0.0000
vt 0.3535 0.2729 0.0000
vt 0.3505 0.2734 0.0000
vt 0.3580 0.2722 0.0000
vt 0.3779 0.2682 0.0000
vt 0.3746 0.2690 0.0000
vt 0.3612 0.2716 0.0000
vt 0.3661 0.2707 0.0000
vt 0.3694 0.2700 0.0000
vt 0.3463 0.2740 0.0000
vt 0.4686 0.2408 0.0000
vt 0.4662 0.2416 0.0000
vt 0.4763 0.2381 0.0000
vt 0.4856 0.2349 0.0000
vt 0.4877 0.2342 0.0000
vt 0.4507 0.2474 0.0000
vt 0.4491 0.2481 0.0000
vt 0.4513 0.2471 0.0000
vt 0.4521 0.2468 0.0000
vt 0.4544 0.2459 0.0000
vt 0.4556 0.2454 0.0000
vt 0.4591 0.2442 0.0000
vt 0.4609 0.2435 0.0000
vt 0.4462 0.2493 0.0000
vt 0.4443 0.2500 0.0000
vt 0.4469 0.2490 0.0000
vt 0.4485 0.2484 0.0000
vt 0.4399 0.2515 0.0000
vt 0.4412 0.2511 0.0000
vt 0.4434 0.2503 0.0000
vt 0.3161 0.2762 0.0000
vt 0.3118 0.2761 0.0000
vt 0.3190 0.2762 0.0000
vt 0.3227 0.2762 0.0000
vt 0.3253 0.2761 0.0000
vt 0.3278 0.2760 0.0000
vt 0.3312 0.2758 0.0000
vt 0.3337 0.2755 0.0000
vt 0.2918 0.2748 0.0000
vt 0.2863 0.2744 0.0000
vt 0.2953 0.2751 0.0000
vt 0.3086 0.2759 0.0000
vt 0.3039 0.2757 0.0000
vt 0.3005 0.2755 0.0000
vt 0.2736 0.2731 0.0000
vt 0.2772 0.2735 0.0000
vt 0.2829 0.2740 0.0000
vt 0.4970 0.2310 0.0000
vt 0.4984 0.2305 0.0000
vt 0.5058 0.2278 0.0000
vt 0.5064 0.2276 0.0000
vt 0.5124 0.2253 0.0000
vt 0.5125 0.2252 0.0000
vt 0.5148 0.2243 0.0000
vt 0.5377 0.2179 0.0000
vt 0.5374 0.2180 0.0000
vt 0.5439 0.2166 0.0000
vt 0.5284 0.2199 0.0000
vt 0.5250 0.2208 0.0000
vt 0.5248 0.2208 0.0000
vt 0.5214 0.2219 0.0000
vt 0.5174 0.2233 0.0000
vt 0.5447 0.2164 0.0000
vt 0.5531 0.2146 0.0000
vt 0.5544 0.2144 0.0000
vt 0.0416 0.3870 0.0000
vt 0.0422 0.3791 0.0000
vt 0.0455 0.3627 0.0000
vt 0.0465 0.3573 0.0000
vt 0.0516 0.3426 0.0000
vt 0.0531 0.3383 0.0000
vt 0.0608 0.3239 0.0000
vt 0.0629 0.3201 0.0000
vt 0.0737 0.3047 0.0000
vt 0.0765 0.3010 0.0000
vt 0.0912 0.2828 0.0000
vt 0.0949 0.2784 0.0000
vt 0.0396 0.4083 0.0000
vt 0.0386 0.4393 0.0000
vt 0.0383 0.4498 0.0000
vt 0.0387 0.4918 0.0000
vt 0.0389 0.5002 0.0000
vt 0.0420 0.5431 0.0000
vt 0.0424 0.5474 0.0000
vt 0.0489 0.5820 0.0000
vt 0.0493 0.5840 0.0000
vt 0.0500 0.5857 0.0000
vt 0.0601 0.6134 0.0000
vt 0.0609 0.6148 0.0000
vt 0.0769 0.6428 0.0000
vt 0.0784 0.6447 0.0000
vt 0.1151 0.2547 0.0000
vt 0.1202 0.2491 0.0000
vt 0.1032 0.6793 0.0000
vt 0.1059 0.6826 0.0000
vt 0.1467 0.2180 0.0000
vt 0.1535 0.2103 0.0000
vt 0.1622 0.2004 0.0000
vt 0.1932 0.1645 0.0000
vt 0.2027 0.1536 0.0000
vt 0.2293 0.1237 0.0000
vt 0.2370 0.1153 0.0000
vt 0.2561 0.0954 0.0000
vt 0.2695 0.0832 0.0000
vt 0.2752 0.0778 0.0000
vt 0.2855 0.0699 0.0000
vt 0.2899 0.0663 0.0000
vt 0.2987 0.0607 0.0000
vt 0.3025 0.0581 0.0000
vt 0.3063 0.0560 0.0000
vt 0.3146 0.0514 0.0000
vt 0.3186 0.0495 0.0000
vt 0.3272 0.0453 0.0000
vt 0.3321 0.0434 0.0000
vt 0.3424 0.0395 0.0000
vt 0.3493 0.0378 0.0000
vt 0.3631 0.0342 0.0000
vt 0.3740 0.0325 0.0000
vt 0.3945 0.0294 0.0000
vt 0.4113 0.0279 0.0000
vt 0.4411 0.0256 0.0000
vt 0.4600 0.0251 0.0000
vt 0.1407 0.7265 0.0000
vt 0.4929 0.0249 0.0000
vt 0.5220 0.0270 0.0000
vt 0.5389 0.0279 0.0000
vt 0.5663 0.0313 0.0000
vt 0.5830 0.0330 0.0000
vt 0.6093 0.0371 0.0000
vt 0.6258 0.0394 0.0000
vt 0.6503 0.0444 0.0000
vt 0.6662 0.0474 0.0000
vt 0.6883 0.0534 0.0000
vt 0.7030 0.0573 0.0000
vt 0.7222 0.0646 0.0000
vt 0.7352 0.0695 0.0000
vt 0.7510 0.0783 0.0000
vt 0.7619 0.0844 0.0000
vt 0.7711 0.0918 0.0000
vt 0.7843 0.1024 0.0000
vt 0.7923 0.1110 0.0000
vt 0.8040 0.1236 0.0000
vt 0.8116 0.1336 0.0000
vt 0.1444 0.7308 0.0000
vt 0.8226 0.1483 0.0000
vt 0.8302 0.1596 0.0000
vt 0.8414 0.1766 0.0000
vt 0.8488 0.1892 0.0000
vt 0.8600 0.2084 0.0000
vt 0.8667 0.2222 0.0000
vt 0.8774 0.2437 0.0000
vt 0.8833 0.2584 0.0000
vt 0.8928 0.2822 0.0000
vt 0.8976 0.2976 0.0000
vt 0.1823 0.7763 0.0000
vt 0.9057 0.3236 0.0000
vt 0.9095 0.3392 0.0000
vt 0.9161 0.3667 0.0000
vt 0.9191 0.3819 0.0000
vt 0.9245 0.4100 0.0000
vt 0.9268 0.4243 0.0000
vt 0.9312 0.4521 0.0000
vt 0.9329 0.4650 0.0000
vt 0.9365 0.4917 0.0000
vt 0.9393 0.5163 0.0000
vt 0.9406 0.5277 0.0000
vt 0.9428 0.5496 0.0000
vt 0.9437 0.5593 0.0000
vt 0.9454 0.5778 0.0000
vt 0.9460 0.5856 0.0000
vt 0.9472 0.6002 0.0000
vt 0.9477 0.6062 0.0000
vt 0.9482 0.6175 0.0000
vt 0.9485 0.6221 0.0000
vt 0.9484 0.6312 0.0000
vt 0.9484 0.6348 0.0000
vt 0.9475 0.6428 0.0000
vt 0.9472 0.6459 0.0000
vt 0.9452 0.6541 0.0000
vt 0.9444 0.6572 0.0000
vt 0.9427 0.6611 0.0000
vt 0.9381 0.6717 0.0000
vt 0.9348 0.6772 0.0000
vt 0.9257 0.6926 0.0000
vt 0.9205 0.7004 0.0000
vt 0.1858 0.7805 0.0000
vt 0.9050 0.7234 0.0000
vt 0.8979 0.7331 0.0000
vt 0.2200 0.8206 0.0000
vt 0.8747 0.7653 0.0000
vt 0.2231 0.8242 0.0000
vt 0.8461 0.8031 0.0000
vt 0.8392 0.8117 0.0000
vt 0.8094 0.8478 0.0000
vt 0.8047 0.8532 0.0000
vt 0.7782 0.8796 0.0000
vt 0.7762 0.8817 0.0000
vt 0.7538 0.9016 0.0000
vt 0.7534 0.9019 0.0000
vt 0.7447 0.9092 0.0000
vt 0.7349 0.9172 0.0000
vt 0.7347 0.9174 0.0000
vt 0.7195 0.9291 0.0000
vt 0.7059 0.9384 0.0000
vt 0.7054 0.9387 0.0000
vt 0.6914 0.9469 0.0000
vt 0.6911 0.9471 0.0000
vt 0.6749 0.9552 0.0000
vt 0.6744 0.9555 0.0000
vt 0.6534 0.9645 0.0000
vt 0.6522 0.9650 0.0000
vt 0.6248 0.9742 0.0000
vt 0.6211 0.9750 0.0000
vt 0.5822 0.9812 0.0000
vt 0.5764 0.9817 0.0000
vt 0.2541 0.8601 0.0000
vt 0.2567 0.8631 0.0000
vt 0.5298 0.9852 0.0000
vt 0.5241 0.9855 0.0000
vt 0.2843 0.8948 0.0000
vt 0.4767 0.9879 0.0000
vt 0.4723 0.9880 0.0000
vt 0.3069 0.9209 0.0000
vt 0.3090 0.9233 0.0000
vt 0.4312 0.9892 0.0000
vt 0.4282 0.9891 0.0000
vt 0.3254 0.9425 0.0000
vt 0.3270 0.9442 0.0000
vt 0.3280 0.9455 0.0000
vt 0.3395 0.9588 0.0000
vt 0.3402 0.9596 0.0000
vt 0.3991 0.9885 0.0000
vt 0.3486 0.9687 0.0000
vt 0.3493 0.9693 0.0000
vt 0.3564 0.9758 0.0000
vt 0.3572 0.9763 0.0000
vt 0.3802 0.9860 0.0000
vt 0.3783 0.9858 0.0000
vt 0.3664 0.9818 0.0000
vt 0.3652 0.9815 0.0000
# 1276 texture coords

o Object001
g Object001
usemtl wire_214229166
s 2
f 2139/2503/2139 2140/2504/2140 2141/2505/2141 2142/2506/2142 
f 2143/2507/2143 2144/2508/2144 2140/2504/2140 2139/2503/2139 
f 2144/2509/2144 2145/2510/2145 2146/2511/2146 2140/2512/2140 
f 2146/2511/2146 2147/2513/2147 2141/2514/2141 2140/2512/2140 
f 2148/2515/2148 2149/2516/2149 2144/2508/2144 2143/2507/2143 
f 2150/2517/2150 2151/2518/2151 2149/2516/2149 2148/2515/2148 
f 2151/2519/2151 2152/2520/2152 2153/2521/2153 2149/2522/2149 
f 2149/2523/2149 2153/2524/2153 2145/2510/2145 2144/2509/2144 
f 2154/2525/2154 2155/2526/2155 2145/2510/2145 2153/2524/2153 
f 2153/2521/2153 2152/2520/2152 2156/2527/2156 2154/2528/2154 
f 2157/2529/2157 2158/2530/2158 2154/2528/2154 2156/2527/2156 
f 2158/2530/2158 2159/2531/2159 2155/2526/2155 2154/2525/2154 
f 2160/2532/2160 2161/2533/2161 2147/2513/2147 2146/2511/2146 
f 2146/2511/2146 2145/2510/2145 2155/2526/2155 2160/2532/2160 
f 2159/2531/2159 2162/2534/2162 2160/2532/2160 2155/2526/2155 
f 2162/2534/2162 2163/2535/2163 2161/2533/2161 2160/2532/2160 
f 2150/2517/2150 2164/2536/2164 2165/2537/2165 2151/2518/2151 
f 2164/2536/2164 2166/2538/2166 2167/2539/2167 2165/2537/2165 
f 2168/2540/2168 2169/2541/2169 2165/2542/2165 2167/2543/2167 
f 2151/2519/2151 2165/2542/2165 2169/2541/2169 2152/2520/2152 
f 2166/2538/2166 2170/2544/2170 2171/2545/2171 2167/2539/2167 
f 2170/2544/2170 2172/2546/2172 2173/2547/2173 2171/2545/2171 
f 2174/2548/2174 2175/2549/2175 2171/2550/2171 2173/2551/2173 
f 2167/2543/2167 2171/2550/2171 2175/2549/2175 2168/2540/2168 
f 2176/2552/2176 2177/2553/2177 2168/2540/2168 2175/2549/2175 
f 2175/2549/2175 2174/2548/2174 2178/2554/2178 2176/2552/2176 
f 2179/2555/2179 2180/2556/2180 2176/2552/2176 2178/2554/2178 
f 2180/2556/2180 2181/2557/2181 2177/2553/2177 2176/2552/2176 
f 2152/2520/2152 2169/2541/2169 2182/2558/2182 2156/2527/2156 
f 2169/2541/2169 2168/2540/2168 2177/2553/2177 2182/2558/2182 
f 2181/2557/2181 2183/2559/2183 2182/2558/2182 2177/2553/2177 
f 2156/2527/2156 2182/2558/2182 2183/2559/2183 2157/2529/2157 
f 2172/2546/2172 2184/2560/2184 2185/2561/2185 2173/2547/2173 
f 2184/2560/2184 2186/2562/2186 2187/2563/2187 2185/2561/2185 
f 2188/2564/2188 2189/2565/2189 2185/2566/2185 2187/2567/2187 
f 2173/2551/2173 2185/2566/2185 2189/2565/2189 2174/2548/2174 
f 2190/2568/2190 2191/2569/2191 2187/2563/2187 2186/2562/2186 
f 2192/2570/2192 2193/2571/2193 2191/2569/2191 2190/2568/2190 
f 2194/2572/2194 2195/2573/2195 2191/2574/2191 2193/2575/2193 
f 2187/2567/2187 2191/2574/2191 2195/2573/2195 2188/2564/2188 
f 2196/2576/2196 2197/2577/2197 2188/2564/2188 2195/2573/2195 
f 2195/2573/2195 2194/2572/2194 2198/2578/2198 2196/2576/2196 
f 2198/2578/2198 2199/2579/2199 2200/2580/2200 2196/2576/2196 
f 2196/2576/2196 2200/2580/2200 2201/2581/2201 2197/2577/2197 
f 2174/2548/2174 2189/2565/2189 2202/2582/2202 2178/2554/2178 
f 2189/2565/2189 2188/2564/2188 2197/2577/2197 2202/2582/2202 
f 2201/2581/2201 2203/2583/2203 2202/2582/2202 2197/2577/2197 
f 2178/2554/2178 2202/2582/2202 2203/2583/2203 2179/2555/2179 
f 2204/2584/2204 2205/2585/2205 2193/2571/2193 2192/2570/2192 
f 2206/2586/2206 2207/2587/2207 2205/2585/2205 2204/2584/2204 
f 2207/2588/2207 2208/2589/2208 2209/2590/2209 2205/2591/2205 
f 2205/2591/2205 2209/2590/2209 2194/2572/2194 2193/2575/2193 
f 2210/2592/2210 2211/2593/2211 2207/2587/2207 2206/2586/2206 
f 2212/2594/2212 2213/2595/2213 2211/2593/2211 2210/2592/2210 
f 2213/2596/2213 2214/2597/2214 2215/2598/2215 2211/2599/2211 
f 2211/2599/2211 2215/2598/2215 2208/2589/2208 2207/2588/2207 
f 2215/2598/2215 2216/2600/2216 2217/2601/2217 2208/2589/2208 
f 2214/2597/2214 2218/2602/2218 2216/2600/2216 2215/2598/2215 
f 2218/2602/2218 2219/2603/2219 2220/2604/2220 2216/2600/2216 
f 2216/2600/2216 2220/2604/2220 2221/2605/2221 2217/2601/2217 
f 2209/2590/2209 2222/2606/2222 2198/2578/2198 2194/2572/2194 
f 2208/2589/2208 2217/2601/2217 2222/2606/2222 2209/2590/2209 
f 2217/2601/2217 2221/2605/2221 2223/2607/2223 2222/2606/2222 
f 2222/2606/2222 2223/2607/2223 2199/2579/2199 2198/2578/2198 
f 2212/2594/2212 2224/2608/2224 2225/2609/2225 2213/2595/2213 
f 2224/2608/2224 2226/2610/2226 2227/2611/2227 2225/2609/2225 
f 2228/2612/2228 2229/2613/2229 2225/2614/2225 2227/2615/2227 
f 2213/2596/2213 2225/2614/2225 2229/2613/2229 2214/2597/2214 
f 2226/2610/2226 2230/2616/2230 2231/2617/2231 2227/2611/2227 
f 2230/2616/2230 2232/2618/2232 2233/2619/2233 2231/2617/2231 
f 2233/2620/2233 2234/2621/2234 2235/2622/2235 2231/2623/2231 
f 2227/2615/2227 2231/2623/2231 2235/2622/2235 2228/2612/2228 
f 2235/2622/2235 2236/2624/2236 2237/2625/2237 2228/2612/2228 
f 2234/2621/2234 2238/2626/2238 2236/2624/2236 2235/2622/2235 
f 2238/2626/2238 2239/2627/2239 2240/2628/2240 2236/2624/2236 
f 2236/2624/2236 2240/2628/2240 2241/2629/2241 2237/2625/2237 
f 2229/2613/2229 2242/2630/2242 2218/2602/2218 2214/2597/2214 
f 2228/2612/2228 2237/2625/2237 2242/2630/2242 2229/2613/2229 
f 2237/2625/2237 2241/2629/2241 2243/2631/2243 2242/2630/2242 
f 2242/2630/2242 2243/2631/2243 2219/2603/2219 2218/2602/2218 
f 2244/2632/2244 2245/2633/2245 2233/2619/2233 2232/2618/2232 
f 2246/2634/2246 2247/2635/2247 2245/2633/2245 2244/2632/2244 
f 2247/2636/2247 2248/2637/2248 2249/2638/2249 2245/2639/2245 
f 2245/2639/2245 2249/2638/2249 2234/2621/2234 2233/2620/2233 
f 2250/2640/2250 2251/2641/2251 2247/2635/2247 2246/2634/2246 
f 2252/2642/2252 2253/2643/2253 2251/2641/2251 2250/2640/2250 
f 2253/2644/2253 2254/2645/2254 2255/2646/2255 2251/2647/2251 
f 2251/2647/2251 2255/2646/2255 2248/2648/2248 2247/2649/2247 
f 2255/2646/2255 2256/2650/2256 2257/2651/2257 2248/2648/2248 
f 2255/2646/2255 2254/2645/2254 2258/2652/2258 2256/2650/2256 
f 2259/2653/2259 2260/2654/2260 2256/2650/2256 2258/2652/2258 
f 2260/2654/2260 2261/2655/2261 2257/2651/2257 2256/2650/2256 
f 2249/2638/2249 2262/2656/2262 2238/2626/2238 2234/2621/2234 
f 2248/2637/2248 2257/2657/2257 2262/2656/2262 2249/2638/2249 
f 2257/2657/2257 2261/2655/2261 2263/2658/2263 2262/2656/2262 
f 2262/2656/2262 2263/2658/2263 2239/2627/2239 2238/2626/2238 
f 2252/2642/2252 2264/2659/2264 2265/2660/2265 2253/2643/2253 
f 2264/2659/2264 2266/2661/2266 2267/2662/2267 2265/2660/2265 
f 2268/2663/2268 2269/2664/2269 2265/2665/2265 2267/2666/2267 
f 2253/2644/2253 2265/2665/2265 2269/2664/2269 2254/2645/2254 
f 2270/2667/2270 2271/2668/2271 2267/2662/2267 2266/2661/2266 
f 2272/2669/2272 2273/2670/2273 2271/2668/2271 2270/2667/2270 
f 2273/2671/2273 2274/2672/2274 2275/2673/2275 2271/2674/2271 
f 2271/2674/2271 2275/2673/2275 2268/2663/2268 2267/2666/2267 
f 2275/2673/2275 2276/2675/2276 2277/2676/2277 2268/2663/2268 
f 2274/2672/2274 2278/2677/2278 2276/2675/2276 2275/2673/2275 
f 2278/2677/2278 2279/2678/2279 2280/2679/2280 2276/2675/2276 
f 2276/2675/2276 2280/2679/2280 2281/2680/2281 2277/2676/2277 
f 2254/2645/2254 2269/2664/2269 2282/2681/2282 2258/2652/2258 
f 2268/2663/2268 2277/2676/2277 2282/2681/2282 2269/2664/2269 
f 2277/2676/2277 2281/2680/2281 2283/2682/2283 2282/2681/2282 
f 2282/2681/2282 2283/2682/2283 2259/2653/2259 2258/2652/2258 
f 2284/2683/2284 2285/2684/2285 2273/2670/2273 2272/2669/2272 
f 2286/2685/2286 2287/2686/2287 2285/2684/2285 2284/2683/2284 
f 2287/2687/2287 2288/2688/2288 2289/2689/2289 2285/2690/2285 
f 2285/2690/2285 2289/2689/2289 2274/2672/2274 2273/2671/2273 
f 2290/2691/2290 2291/2692/2291 2287/2686/2287 2286/2685/2286 
f 2292/2693/2292 2293/2694/2293 2291/2692/2291 2290/2691/2290 
f 2293/2695/2293 2294/2696/2294 2295/2697/2295 2291/2698/2291 
f 2291/2699/2291 2295/2700/2295 2288/2688/2288 2287/2687/2287 
f 2295/2700/2295 2296/2701/2296 2297/2702/2297 2288/2688/2288 
f 2294/2696/2294 2298/2703/2298 2296/2704/2296 2295/2697/2295 
f 2298/2703/2298 2299/2705/2299 2300/2706/2300 2296/2704/2296 
f 2296/2701/2296 2300/2707/2300 2301/2708/2301 2297/2702/2297 
f 2289/2689/2289 2302/2709/2302 2278/2677/2278 2274/2672/2274 
f 2288/2688/2288 2297/2702/2297 2302/2709/2302 2289/2689/2289 
f 2297/2702/2297 2301/2708/2301 2303/2710/2303 2302/2709/2302 
f 2302/2709/2302 2303/2710/2303 2279/2678/2279 2278/2677/2278 
f 2292/2693/2292 2304/2711/2304 2305/2712/2305 2293/2694/2293 
f 2304/2711/2304 2306/2713/2306 2307/2714/2307 2305/2712/2305 
f 2308/2715/2308 2309/2716/2309 2305/2717/2305 2307/2718/2307 
f 2293/2695/2293 2305/2717/2305 2309/2716/2309 2294/2696/2294 
f 2306/2713/2306 2310/2719/2310 2311/2720/2311 2307/2714/2307 
f 2310/2719/2310 2312/2721/2312 2313/2722/2313 2311/2720/2311 
f 2314/2723/2314 2315/2724/2315 2311/2725/2311 2313/2726/2313 
f 2307/2718/2307 2311/2725/2311 2315/2724/2315 2308/2715/2308 
f 2316/2727/2316 2317/2728/2317 2308/2715/2308 2315/2724/2315 
f 2315/2724/2315 2314/2723/2314 2318/2729/2318 2316/2727/2316 
f 2319/2730/2319 2320/2731/2320 2316/2727/2316 2318/2729/2318 
f 2320/2731/2320 2321/2732/2321 2317/2728/2317 2316/2727/2316 
f 2294/2696/2294 2309/2716/2309 2322/2733/2322 2298/2703/2298 
f 2309/2716/2309 2308/2715/2308 2317/2728/2317 2322/2733/2322 
f 2321/2732/2321 2323/2734/2323 2322/2733/2322 2317/2728/2317 
f 2298/2703/2298 2322/2733/2322 2323/2734/2323 2299/2705/2299 
f 2312/2721/2312 2324/2735/2324 2325/2736/2325 2313/2722/2313 
f 2324/2735/2324 2326/2737/2326 2327/2738/2327 2325/2736/2325 
f 2328/2739/2328 2329/2740/2329 2325/2741/2325 2327/2742/2327 
f 2313/2726/2313 2325/2741/2325 2329/2740/2329 2314/2723/2314 
f 2330/2743/2330 2331/2744/2331 2327/2738/2327 2326/2737/2326 
f 2332/2745/2332 2333/2746/2333 2331/2744/2331 2330/2743/2330 
f 2333/2747/2333 2334/2748/2334 2335/2749/2335 2331/2750/2331 
f 2331/2750/2331 2335/2749/2335 2328/2739/2328 2327/2742/2327 
f 2335/2749/2335 2336/2751/2336 2337/2752/2337 2328/2739/2328 
f 2334/2748/2334 2338/2753/2338 2336/2751/2336 2335/2749/2335 
f 2338/2753/2338 2339/2754/2339 2340/2755/2340 2336/2751/2336 
f 2340/2755/2340 2341/2756/2341 2337/2752/2337 2336/2751/2336 
f 2314/2723/2314 2329/2740/2329 2342/2757/2342 2318/2729/2318 
f 2329/2740/2329 2328/2739/2328 2337/2752/2337 2342/2757/2342 
f 2341/2756/2341 2343/2758/2343 2342/2757/2342 2337/2752/2337 
f 2318/2729/2318 2342/2757/2342 2343/2758/2343 2319/2730/2319 
f 2332/2745/2332 2344/2759/2344 2345/2760/2345 2333/2746/2333 
f 2344/2759/2344 2346/2761/2346 2347/2762/2347 2345/2760/2345 
f 2348/2763/2348 2349/2764/2349 2345/2765/2345 2347/2766/2347 
f 2333/2747/2333 2345/2765/2345 2349/2764/2349 2334/2748/2334 
f 2350/2767/2350 2351/2768/2351 2347/2762/2347 2346/2761/2346 
f 2352/2769/2352 2353/2770/2353 2351/2768/2351 2350/2767/2350 
f 2353/2771/2353 2354/2772/2354 2355/2773/2355 2351/2774/2351 
f 2351/2774/2351 2355/2773/2355 2348/2763/2348 2347/2766/2347 
f 2355/2773/2355 2356/2775/2356 2357/2776/2357 2348/2763/2348 
f 2355/2773/2355 2354/2772/2354 2358/2777/2358 2356/2775/2356 
f 2359/2778/2359 2360/2779/2360 2356/2775/2356 2358/2777/2358 
f 2356/2775/2356 2360/2779/2360 2361/2780/2361 2357/2776/2357 
f 2349/2764/2349 2362/2781/2362 2338/2753/2338 2334/2748/2334 
f 2349/2764/2349 2348/2763/2348 2357/2776/2357 2362/2781/2362 
f 2357/2776/2357 2361/2780/2361 2363/2782/2363 2362/2781/2362 
f 2362/2781/2362 2363/2782/2363 2339/2754/2339 2338/2753/2338 
f 2352/2769/2352 2364/2783/2364 2365/2784/2365 2353/2770/2353 
f 2364/2783/2364 2366/2785/2366 2367/2786/2367 2365/2784/2365 
f 2368/2787/2368 2369/2788/2369 2365/2789/2365 2367/2790/2367 
f 2353/2771/2353 2365/2789/2365 2369/2788/2369 2354/2772/2354 
f 2366/2785/2366 2370/2791/2370 2371/2792/2371 2367/2786/2367 
f 2370/2791/2370 2372/2793/2372 2373/2794/2373 2371/2792/2371 
f 2374/2795/2374 2375/2796/2375 2371/2792/2371 2373/2794/2373 
f 2367/2790/2367 2371/2797/2371 2375/2798/2375 2368/2787/2368 
f 2376/2799/2376 2377/2800/2377 2368/2787/2368 2375/2798/2375 
f 2375/2796/2375 2374/2795/2374 2378/2801/2378 2376/2802/2376 
f 2379/2803/2379 2380/2804/2380 2376/2802/2376 2378/2801/2378 
f 2380/2805/2380 2381/2806/2381 2377/2800/2377 2376/2799/2376 
f 2354/2772/2354 2369/2788/2369 2382/2807/2382 2358/2777/2358 
f 2369/2788/2369 2368/2787/2368 2377/2800/2377 2382/2807/2382 
f 2381/2806/2381 2383/2808/2383 2382/2807/2382 2377/2800/2377 
f 2358/2777/2358 2382/2807/2382 2383/2808/2383 2359/2778/2359 
f 2384/2809/2384 2385/2810/2385 2373/2794/2373 2372/2811/2372 
f 2384/2809/2384 2386/2812/2386 2387/2813/2387 2385/2810/2385 
f 2387/2813/2387 2388/2814/2388 2389/2815/2389 2385/2810/2385 
f 2373/2794/2373 2385/2810/2385 2389/2815/2389 2374/2795/2374 
f 2386/2812/2386 2390/2816/2390 2391/2817/2391 2387/2813/2387 
f 2390/2816/2390 2392/2818/2392 2393/2819/2393 2391/2817/2391 
f 2393/2819/2393 2394/2820/2394 2395/2821/2395 2391/2817/2391 
f 2391/2817/2391 2395/2821/2395 2388/2814/2388 2387/2813/2387 
f 2395/2821/2395 2396/2822/2396 2397/2823/2397 2388/2814/2388 
f 2394/2820/2394 2398/2824/2398 2396/2822/2396 2395/2821/2395 
f 2396/2822/2396 2398/2824/2398 2399/2825/2399 2400/2826/2400 
f 2400/2826/2400 2401/2827/2401 2397/2828/2397 2396/2822/2396 
f 2374/2795/2374 2389/2815/2389 2402/2829/2402 2378/2801/2378 
f 2388/2814/2388 2397/2823/2397 2402/2829/2402 2389/2815/2389 
f 2401/2830/2401 2403/2831/2403 2402/2829/2402 2397/2823/2397 
f 2378/2801/2378 2402/2829/2402 2403/2831/2403 2379/2803/2379 
f 2404/2832/2404 2405/2833/2405 2393/2819/2393 2392/2818/2392 
f 2406/2834/2406 2407/2835/2407 2405/2833/2405 2404/2832/2404 
f 2407/2835/2407 2408/2836/2408 2409/2837/2409 2405/2833/2405 
f 2405/2833/2405 2409/2837/2409 2394/2820/2394 2393/2819/2393 
f 2410/2838/2410 2411/2839/2411 2407/2835/2407 2406/2834/2406 
f 2412/2840/2412 2413/2841/2413 2411/2839/2411 2410/2838/2410 
f 2413/2841/2413 2414/2842/2414 2415/2843/2415 2411/2839/2411 
f 2411/2839/2411 2415/2843/2415 2408/2836/2408 2407/2835/2407 
f 2415/2843/2415 2416/2844/2416 2417/2845/2417 2408/2836/2408 
f 2414/2842/2414 2418/2846/2418 2416/2844/2416 2415/2843/2415 
f 2418/2846/2418 2419/2847/2419 2420/2848/2420 2416/2844/2416 
f 2416/2844/2416 2420/2848/2420 2421/2849/2421 2417/2845/2417 
f 2409/2837/2409 2422/2850/2422 2398/2824/2398 2394/2820/2394 
f 2408/2836/2408 2417/2845/2417 2422/2850/2422 2409/2837/2409 
f 2417/2845/2417 2421/2849/2421 2423/2851/2423 2422/2850/2422 
f 2398/2824/2398 2422/2850/2422 2423/2851/2423 2399/2825/2399 
f 2412/2840/2412 2424/2852/2424 2425/2853/2425 2413/2841/2413 
f 2424/2852/2424 2426/2854/2426 2427/2855/2427 2425/2853/2425 
f 2428/2856/2428 2429/2857/2429 2425/2853/2425 2427/2855/2427 
f 2413/2841/2413 2425/2853/2425 2429/2857/2429 2414/2842/2414 
f 2426/2854/2426 2430/2858/2430 2431/2859/2431 2427/2855/2427 
f 2430/2858/2430 2432/2860/2432 2433/2861/2433 2431/2859/2431 
f 2434/2862/2434 2435/2863/2435 2431/2859/2431 2433/2861/2433 
f 2427/2855/2427 2431/2859/2431 2435/2863/2435 2428/2856/2428 
f 2435/2863/2435 2436/2864/2436 2437/2865/2437 2428/2856/2428 
f 2434/2862/2434 2438/2866/2438 2436/2864/2436 2435/2863/2435 
f 2438/2866/2438 2439/2867/2439 2440/2868/2440 2436/2864/2436 
f 2436/2864/2436 2440/2868/2440 2441/2869/2441 2437/2865/2437 
f 2429/2857/2429 2442/2870/2442 2418/2846/2418 2414/2842/2414 
f 2428/2856/2428 2437/2865/2437 2442/2870/2442 2429/2857/2429 
f 2437/2865/2437 2441/2869/2441 2443/2871/2443 2442/2870/2442 
f 2442/2870/2442 2443/2871/2443 2419/2847/2419 2418/2846/2418 
f 2444/2872/2444 2445/2873/2445 2433/2861/2433 2432/2860/2432 
f 2446/2874/2446 2447/2875/2447 2445/2873/2445 2444/2872/2444 
f 2447/2875/2447 2448/2876/2448 2449/2877/2449 2445/2873/2445 
f 2445/2873/2445 2449/2877/2449 2434/2862/2434 2433/2861/2433 
f 2450/2878/2450 2451/2879/2451 2447/2875/2447 2446/2874/2446 
f 2452/2880/2452 2453/2881/2453 2451/2879/2451 2450/2878/2450 
f 2453/2881/2453 2454/2882/2454 2455/2883/2455 2451/2879/2451 
f 2451/2879/2451 2455/2883/2455 2448/2876/2448 2447/2875/2447 
f 2455/2883/2455 2456/2884/2456 2457/2885/2457 2448/2876/2448 
f 2454/2882/2454 2458/2886/2458 2456/2884/2456 2455/2883/2455 
f 2458/2886/2458 2459/2887/2459 2460/2888/2460 2456/2884/2456 
f 2456/2884/2456 2460/2888/2460 2461/2889/2461 2457/2885/2457 
f 2449/2877/2449 2462/2890/2462 2438/2866/2438 2434/2862/2434 
f 2448/2876/2448 2457/2885/2457 2462/2890/2462 2449/2877/2449 
f 2457/2885/2457 2461/2889/2461 2463/2891/2463 2462/2890/2462 
f 2462/2890/2462 2463/2891/2463 2439/2867/2439 2438/2866/2438 
f 2452/2880/2452 2464/2892/2464 2465/2893/2465 2453/2881/2453 
f 2464/2892/2464 2466/2894/2466 2467/2895/2467 2465/2893/2465 
f 2468/2896/2468 2469/2897/2469 2465/2898/2465 2467/2899/2467 
f 2453/2900/2453 2465/2898/2465 2469/2897/2469 2454/2901/2454 
f 2466/2894/2466 2470/2902/2470 2471/2903/2471 2467/2895/2467 
f 2470/2902/2470 2472/2904/2472 2473/2905/2473 2471/2903/2471 
f 2474/2906/2474 2475/2907/2475 2471/2908/2471 2473/2909/2473 
f 2467/2899/2467 2471/2908/2471 2475/2907/2475 2468/2896/2468 
f 2476/2910/2476 2477/2911/2477 2468/2896/2468 2475/2907/2475 
f 2475/2907/2475 2474/2906/2474 2478/2912/2478 2476/2910/2476 
f 2479/2913/2479 2480/2914/2480 2476/2910/2476 2478/2912/2478 
f 2480/2914/2480 2481/2915/2481 2477/2911/2477 2476/2910/2476 
f 2454/2901/2454 2469/2897/2469 2482/2916/2482 2458/2917/2458 
f 2469/2897/2469 2468/2896/2468 2477/2911/2477 2482/2916/2482 
f 2481/2915/2481 2483/2918/2483 2482/2916/2482 2477/2911/2477 
f 2458/2917/2458 2482/2916/2482 2483/2918/2483 2459/2919/2459 
f 2472/2904/2472 2484/2920/2484 2485/2921/2485 2473/2905/2473 
f 2486/2922/2486 2487/2923/2487 2485/2921/2485 2484/2920/2484 
f 2487/2924/2487 2488/2925/2488 2489/2926/2489 2485/2927/2485 
f 2485/2927/2485 2489/2926/2489 2474/2906/2474 2473/2909/2473 
f 2490/2928/2490 2491/2929/2491 2487/2923/2487 2486/2922/2486 
f 2492/2930/2492 2493/2931/2493 2491/2929/2491 2490/2928/2490 
f 2493/2932/2493 2494/2933/2494 2495/2934/2495 2491/2935/2491 
f 2491/2935/2491 2495/2934/2495 2488/2925/2488 2487/2924/2487 
f 2495/2934/2495 2496/2936/2496 2497/2937/2497 2488/2925/2488 
f 2494/2933/2494 2498/2938/2498 2496/2936/2496 2495/2934/2495 
f 2498/2938/2498 2499/2939/2499 2500/2940/2500 2496/2936/2496 
f 2496/2936/2496 2500/2940/2500 2501/2941/2501 2497/2937/2497 
f 2474/2906/2474 2489/2926/2489 2502/2942/2502 2478/2912/2478 
f 2488/2925/2488 2497/2937/2497 2502/2942/2502 2489/2926/2489 
f 2501/2941/2501 2503/2943/2503 2502/2942/2502 2497/2937/2497 
f 2478/2912/2478 2502/2942/2502 2503/2943/2503 2479/2913/2479 
f 2504/2944/2504 2505/2945/2505 2493/2931/2493 2492/2930/2492 
f 2506/2946/2506 2507/2947/2507 2505/2945/2505 2504/2944/2504 
f 2507/2948/2507 2508/2949/2508 2509/2950/2509 2505/2951/2505 
f 2505/2951/2505 2509/2950/2509 2494/2933/2494 2493/2932/2493 
f 2510/2952/2510 2511/2953/2511 2507/2947/2507 2506/2946/2506 
f 2512/2954/2512 2513/2955/2513 2511/2953/2511 2510/2952/2510 
f 2513/2956/2513 2514/2957/2514 2515/2958/2515 2511/2959/2511 
f 2511/2959/2511 2515/2958/2515 2508/2949/2508 2507/2948/2507 
f 2515/2958/2515 2516/2960/2516 2517/2961/2517 2508/2949/2508 
f 2514/2957/2514 2518/2962/2518 2516/2960/2516 2515/2958/2515 
f 2518/2962/2518 2519/2963/2519 2520/2964/2520 2516/2960/2516 
f 2516/2960/2516 2520/2964/2520 2521/2965/2521 2517/2961/2517 
f 2509/2950/2509 2522/2966/2522 2498/2938/2498 2494/2933/2494 
f 2508/2949/2508 2517/2961/2517 2522/2967/2522 2509/2950/2509 
f 2517/2961/2517 2521/2965/2521 2523/2968/2523 2522/2966/2522 
f 2522/2966/2522 2523/2968/2523 2499/2939/2499 2498/2938/2498 
f 2512/2954/2512 2524/2969/2524 2525/2970/2525 2513/2955/2513 
f 2524/2969/2524 2526/2971/2526 2527/2972/2527 2525/2970/2525 
f 2528/2973/2528 2529/2974/2529 2525/2975/2525 2527/2976/2527 
f 2513/2956/2513 2525/2975/2525 2529/2974/2529 2514/2957/2514 
f 2526/2971/2526 2530/2977/2530 2531/2978/2531 2527/2972/2527 
f 2530/2977/2530 2532/2979/2532 2533/2980/2533 2531/2978/2531 
f 2534/2981/2534 2535/2982/2535 2531/2983/2531 2533/2984/2533 
f 2527/2976/2527 2531/2985/2531 2535/2986/2535 2528/2973/2528 
f 2536/2987/2536 2537/2988/2537 2528/2973/2528 2535/2986/2535 
f 2535/2982/2535 2534/2981/2534 2538/2989/2538 2536/2990/2536 
f 2539/2991/2539 2540/2992/2540 2536/2990/2536 2538/2989/2538 
f 2540/2992/2540 2541/2993/2541 2537/2988/2537 2536/2987/2536 
f 2514/2957/2514 2529/2974/2529 2542/2994/2542 2518/2962/2518 
f 2529/2974/2529 2528/2973/2528 2537/2988/2537 2542/2994/2542 
f 2541/2993/2541 2543/2995/2543 2542/2994/2542 2537/2988/2537 
f 2518/2962/2518 2542/2994/2542 2543/2995/2543 2519/2963/2519 
f 2544/2996/2544 2545/2997/2545 2533/2980/2533 2532/2979/2532 
f 2546/2998/2546 2547/2999/2547 2545/2997/2545 2544/2996/2544 
f 2547/3000/2547 2548/3001/2548 2549/3002/2549 2545/3003/2545 
f 2533/2984/2533 2545/3003/2545 2549/3002/2549 2534/2981/2534 
f 2550/3004/2550 2551/3005/2551 2547/2999/2547 2546/2998/2546 
f 2552/3006/2552 2553/3007/2553 2551/3005/2551 2550/3004/2550 
f 2553/3008/2553 2554/3009/2554 2555/3010/2555 2551/3011/2551 
f 2551/3011/2551 2555/3010/2555 2548/3001/2548 2547/3000/2547 
f 2556/3012/2556 2557/3013/2557 2548/3001/2548 2555/3010/2555 
f 2555/3010/2555 2554/3009/2554 2558/3014/2558 2556/3012/2556 
f 2559/3015/2559 2560/3016/2560 2556/3012/2556 2558/3014/2558 
f 2560/3016/2560 2561/3017/2561 2557/3013/2557 2556/3012/2556 
f 2534/2981/2534 2549/3002/2549 2562/3018/2562 2538/2989/2538 
f 2549/3002/2549 2548/3001/2548 2557/3013/2557 2562/3018/2562 
f 2561/3017/2561 2563/3019/2563 2562/3018/2562 2557/3013/2557 
f 2538/2989/2538 2562/3018/2562 2563/3019/2563 2539/2991/2539 
f 2552/3006/2552 2564/3020/2564 2565/3021/2565 2553/3007/2553 
f 2564/3020/2564 2566/3022/2566 2567/3023/2567 2565/3021/2565 
f 2568/3024/2568 2569/3025/2569 2565/3026/2565 2567/3027/2567 
f 2553/3008/2553 2565/3026/2565 2569/3025/2569 2554/3009/2554 
f 2566/3022/2566 2570/3028/2570 2571/3029/2571 2567/3023/2567 
f 2570/3028/2570 2142/2506/2142 2141/2505/2141 2571/3029/2571 
f 2147/2513/2147 2572/3030/2572 2571/3031/2571 2141/2514/2141 
f 2567/3027/2567 2571/3031/2571 2572/3030/2572 2568/3024/2568 
f 2573/3032/2573 2574/3033/2574 2568/3024/2568 2572/3030/2572 
f 2147/2513/2147 2161/2533/2161 2573/3032/2573 2572/3030/2572 
f 2161/2533/2161 2163/2535/2163 2575/3034/2575 2573/3032/2573 
f 2573/3032/2573 2575/3034/2575 2576/3035/2576 2574/3033/2574 
f 2554/3009/2554 2569/3025/2569 2577/3036/2577 2558/3014/2558 
f 2569/3025/2569 2568/3024/2568 2574/3033/2574 2577/3036/2577 
f 2574/3033/2574 2576/3035/2576 2578/3037/2578 2577/3036/2577 
f 2558/3014/2558 2577/3036/2577 2578/3037/2578 2559/3015/2559 
f 2579/3038/2579 2580/3039/2580 2163/2535/2163 2162/2534/2162 
f 2162/2534/2162 2159/2531/2159 2581/3040/2581 2579/3038/2579 
f 2582/3041/2582 2583/3042/2583 2579/3038/2579 2581/3040/2581 
f 2583/3042/2583 2584/3043/2584 2580/3039/2580 2579/3038/2579 
f 2159/2531/2159 2158/2530/2158 2585/3044/2585 2581/3040/2581 
f 2158/2530/2158 2157/2529/2157 2586/3045/2586 2585/3044/2585 
f 2587/3046/2587 2588/3047/2588 2585/3044/2585 2586/3045/2586 
f 2581/3040/2581 2585/3044/2585 2588/3047/2588 2582/3041/2582 
f 2589/3048/2589 2590/3049/2590 2582/3041/2582 2588/3047/2588 
f 2588/3047/2588 2587/3046/2587 2591/3050/2591 2589/3048/2589 
f 2583/3042/2583 2592/3051/2592 2593/3052/2593 2584/3043/2584 
f 2583/3042/2583 2582/3041/2582 2590/3049/2590 2592/3051/2592 
f 2157/2529/2157 2183/2559/2183 2594/3053/2594 2586/3045/2586 
f 2183/2559/2183 2181/2557/2181 2595/3054/2595 2594/3053/2594 
f 2596/3055/2596 2597/3056/2597 2594/3053/2594 2595/3054/2595 
f 2586/3045/2586 2594/3053/2594 2597/3056/2597 2587/3046/2587 
f 2181/2557/2181 2180/2556/2180 2598/3057/2598 2595/3054/2595 
f 2180/2556/2180 2179/2555/2179 2599/3058/2599 2598/3057/2598 
f 2600/3059/2600 2601/3060/2601 2598/3057/2598 2599/3058/2599 
f 2595/3054/2595 2598/3057/2598 2601/3060/2601 2596/3055/2596 
f 2602/3061/2602 2603/3062/2603 2596/3055/2596 2601/3060/2601 
f 2601/3060/2601 2600/3059/2600 2604/3063/2604 2602/3061/2602 
f 2587/3046/2587 2597/3056/2597 2605/3064/2605 2591/3050/2591 
f 2597/3056/2597 2596/3055/2596 2603/3062/2603 2605/3064/2605 
f 2179/2555/2179 2203/2583/2203 2606/3065/2606 2599/3058/2599 
f 2203/2583/2203 2201/2581/2201 2607/3066/2607 2606/3065/2606 
f 2608/3067/2608 2609/3068/2609 2606/3065/2606 2607/3066/2607 
f 2599/3058/2599 2606/3065/2606 2609/3068/2609 2600/3059/2600 
f 2200/2580/2200 2610/3069/2610 2607/3066/2607 2201/2581/2201 
f 2199/2579/2199 2611/3070/2611 2610/3069/2610 2200/2580/2200 
f 2611/3070/2611 2612/3071/2612 2613/3072/2613 2610/3069/2610 
f 2610/3069/2610 2613/3072/2613 2608/3067/2608 2607/3066/2607 
f 2614/3073/2614 2615/3074/2615 2608/3067/2608 2613/3072/2613 
f 2612/3071/2612 2616/3075/2616 2614/3073/2614 2613/3072/2613 
f 2600/3059/2600 2609/3068/2609 2617/3076/2617 2604/3063/2604 
f 2609/3068/2609 2608/3067/2608 2615/3074/2615 2617/3076/2617 
f 2223/2607/2223 2618/3077/2618 2611/3070/2611 2199/2579/2199 
f 2221/2605/2221 2619/3078/2619 2618/3077/2618 2223/2607/2223 
f 2619/3078/2619 2620/3079/2620 2621/3080/2621 2618/3077/2618 
f 2618/3077/2618 2621/3080/2621 2612/3071/2612 2611/3070/2611 
f 2220/2604/2220 2622/3081/2622 2619/3078/2619 2221/2605/2221 
f 2219/2603/2219 2623/3082/2623 2622/3081/2622 2220/2604/2220 
f 2623/3082/2623 2624/3083/2624 2625/3084/2625 2622/3081/2622 
f 2622/3081/2622 2625/3084/2625 2620/3079/2620 2619/3078/2619 
f 2625/3084/2625 2626/3085/2626 2627/3086/2627 2620/3079/2620 
f 2624/3083/2624 2628/3087/2628 2626/3085/2626 2625/3084/2625 
f 2621/3080/2621 2629/3088/2629 2616/3075/2616 2612/3071/2612 
f 2620/3079/2620 2627/3086/2627 2629/3088/2629 2621/3080/2621 
f 2243/2631/2243 2630/3089/2630 2623/3082/2623 2219/2603/2219 
f 2241/2629/2241 2631/3090/2631 2630/3089/2630 2243/2631/2243 
f 2631/3090/2631 2632/3091/2632 2633/3092/2633 2630/3089/2630 
f 2630/3089/2630 2633/3092/2633 2624/3083/2624 2623/3082/2623 
f 2240/2628/2240 2634/3093/2634 2631/3090/2631 2241/2629/2241 
f 2239/2627/2239 2635/3094/2635 2634/3093/2634 2240/2628/2240 
f 2635/3094/2635 2636/3095/2636 2637/3096/2637 2634/3093/2634 
f 2634/3093/2634 2637/3096/2637 2632/3091/2632 2631/3090/2631 
f 2637/3096/2637 2638/3097/2638 2639/3098/2639 2632/3091/2632 
f 2636/3095/2636 2640/3099/2640 2638/3097/2638 2637/3096/2637 
f 2633/3092/2633 2641/3100/2641 2628/3087/2628 2624/3083/2624 
f 2632/3091/2632 2639/3098/2639 2641/3100/2641 2633/3092/2633 
f 2263/2658/2263 2642/3101/2642 2635/3094/2635 2239/2627/2239 
f 2261/2655/2261 2643/3102/2643 2642/3101/2642 2263/2658/2263 
f 2643/3102/2643 2644/3103/2644 2645/3104/2645 2642/3101/2642 
f 2642/3101/2642 2645/3104/2645 2636/3095/2636 2635/3094/2635 
f 2260/2654/2260 2646/3105/2646 2643/3102/2643 2261/2655/2261 
f 2259/2653/2259 2647/3106/2647 2646/3105/2646 2260/2654/2260 
f 2648/3107/2648 2649/3108/2649 2646/3105/2646 2647/3106/2647 
f 2646/3105/2646 2649/3108/2649 2644/3103/2644 2643/3102/2643 
f 2650/3109/2650 2651/3110/2651 2644/3103/2644 2649/3108/2649 
f 2649/3108/2649 2648/3107/2648 2652/3111/2652 2650/3109/2650 
f 2645/3104/2645 2653/3112/2653 2640/3099/2640 2636/3095/2636 
f 2645/3104/2645 2644/3103/2644 2651/3110/2651 2653/3112/2653 
f 2283/2682/2283 2654/3113/2654 2647/3106/2647 2259/2653/2259 
f 2283/2682/2283 2281/2680/2281 2655/3114/2655 2654/3113/2654 
f 2656/3115/2656 2657/3116/2657 2654/3113/2654 2655/3114/2655 
f 2647/3106/2647 2654/3113/2654 2657/3116/2657 2648/3107/2648 
f 2280/2679/2280 2658/3117/2658 2655/3114/2655 2281/2680/2281 
f 2279/2678/2279 2659/3118/2659 2658/3117/2658 2280/2679/2280 
f 2659/3118/2659 2660/3119/2660 2661/3120/2661 2658/3117/2658 
f 2658/3117/2658 2661/3120/2661 2656/3115/2656 2655/3114/2655 
f 2661/3120/2661 2662/3121/2662 2663/3122/2663 2656/3115/2656 
f 2660/3119/2660 2664/3123/2664 2662/3121/2662 2661/3120/2661 
f 2648/3107/2648 2657/3116/2657 2665/3124/2665 2652/3111/2652 
f 2657/3116/2657 2656/3115/2656 2663/3122/2663 2665/3124/2665 
f 2303/2710/2303 2666/3125/2666 2659/3118/2659 2279/2678/2279 
f 2301/2708/2301 2667/3126/2667 2666/3125/2666 2303/2710/2303 
f 2667/3126/2667 2668/3127/2668 2669/3128/2669 2666/3125/2666 
f 2666/3125/2666 2669/3128/2669 2660/3119/2660 2659/3118/2659 
f 2300/2707/2300 2670/3129/2670 2667/3126/2667 2301/2708/2301 
f 2299/2705/2299 2671/3130/2671 2670/3129/2670 2300/2706/2300 
f 2671/3130/2671 2672/3131/2672 2673/3132/2673 2670/3129/2670 
f 2670/3129/2670 2673/3132/2673 2668/3127/2668 2667/3126/2667 
f 2669/3128/2669 2674/3133/2674 2664/3123/2664 2660/3119/2660 
f 2323/2734/2323 2675/3134/2675 2671/3130/2671 2299/2705/2299 
f 2323/2734/2323 2321/2732/2321 2676/3135/2676 2675/3134/2675 
f 2677/3136/2677 2678/3137/2678 2675/3134/2675 2676/3135/2676 
f 2671/3130/2671 2675/3134/2675 2678/3137/2678 2672/3131/2672 
f 2321/2732/2321 2320/2731/2320 2679/3138/2679 2676/3135/2676 
f 2320/2731/2320 2319/2730/2319 2680/3139/2680 2679/3138/2679 
f 2681/3140/2681 2682/3141/2682 2679/3138/2679 2680/3139/2680 
f 2676/3135/2676 2679/3138/2679 2682/3141/2682 2677/3136/2677 
f 2683/3142/2683 2684/3143/2684 2677/3136/2677 2682/3141/2682 
f 2682/3141/2682 2681/3140/2681 2685/3144/2685 2683/3142/2683 
f 2678/3137/2678 2677/3136/2677 2684/3143/2684 2686/3145/2686 
f 2678/3137/2678 2686/3145/2686 2687/3146/2687 
f 2319/2730/2319 2343/2758/2343 2688/3147/2688 2680/3139/2680 
f 2343/2758/2343 2341/2756/2341 2689/3148/2689 2688/3147/2688 
f 2690/3149/2690 2691/3150/2691 2688/3147/2688 2689/3148/2689 
f 2680/3139/2680 2688/3147/2688 2691/3150/2691 2681/3140/2681 
f 2341/2756/2341 2340/2755/2340 2692/3151/2692 2689/3148/2689 
f 2340/2755/2340 2339/2754/2339 2693/3152/2693 2692/3151/2692 
f 2694/3153/2694 2695/3154/2695 2692/3151/2692 2693/3152/2693 
f 2689/3148/2689 2692/3151/2692 2695/3154/2695 2690/3149/2690 
f 2696/3155/2696 2697/3156/2697 2690/3149/2690 2695/3154/2695 
f 2695/3154/2695 2694/3153/2694 2698/3157/2698 2696/3155/2696 
f 2681/3140/2681 2691/3150/2691 2699/3158/2699 2685/3144/2685 
f 2691/3150/2691 2690/3149/2690 2697/3156/2697 2699/3158/2699 
f 2363/2782/2363 2700/3159/2700 2693/3152/2693 2339/2754/2339 
f 2361/2780/2361 2701/3160/2701 2700/3159/2700 2363/2782/2363 
f 2701/3160/2701 2702/3161/2702 2703/3162/2703 2700/3159/2700 
f 2700/3159/2700 2703/3162/2703 2694/3153/2694 2693/3152/2693 
f 2360/2779/2360 2704/3163/2704 2701/3160/2701 2361/2780/2361 
f 2360/2779/2360 2359/2778/2359 2705/3164/2705 2704/3163/2704 
f 2706/3165/2706 2707/3166/2707 2704/3163/2704 2705/3164/2705 
f 2704/3163/2704 2707/3166/2707 2702/3161/2702 2701/3160/2701 
f 2707/3166/2707 2708/3167/2708 2709/3168/2709 2702/3161/2702 
f 2706/3165/2706 2710/3169/2710 2708/3167/2708 2707/3166/2707 
f 2694/3153/2694 2703/3162/2703 2711/3170/2711 2698/3157/2698 
f 2702/3161/2702 2709/3168/2709 2711/3170/2711 2703/3162/2703 
f 2359/2778/2359 2383/2808/2383 2712/3171/2712 2705/3164/2705 
f 2383/2808/2383 2381/2806/2381 2713/3172/2713 2712/3171/2712 
f 2714/3173/2714 2715/3174/2715 2712/3171/2712 2713/3172/2713 
f 2705/3164/2705 2712/3171/2712 2715/3174/2715 2706/3165/2706 
f 2381/2806/2381 2380/2805/2380 2716/3175/2716 2713/3172/2713 
f 2380/2804/2380 2379/2803/2379 2717/3176/2717 2716/3177/2716 
f 2718/3178/2718 2719/3179/2719 2716/3177/2716 2717/3176/2717 
f 2713/3172/2713 2716/3175/2716 2719/3180/2719 2714/3173/2714 
f 2720/3181/2720 2721/3182/2721 2714/3173/2714 2719/3180/2719 
f 2719/3179/2719 2718/3178/2718 2722/3183/2722 2720/3184/2720 
f 2715/3174/2715 2723/3185/2723 2710/3169/2710 2706/3165/2706 
f 2714/3173/2714 2721/3182/2721 2723/3185/2723 2715/3174/2715 
f 2379/2803/2379 2403/2831/2403 2724/3186/2724 2717/3176/2717 
f 2403/2831/2403 2401/2830/2401 2725/3187/2725 2724/3186/2724 
f 2726/3188/2726 2727/3189/2727 2724/3186/2724 2725/3187/2725 
f 2717/3190/2717 2724/3186/2724 2727/3189/2727 2718/3178/2718 
f 2401/2830/2401 2400/2826/2400 2728/3191/2728 2725/3187/2725 
f 2400/2826/2400 2399/2825/2399 2729/3192/2729 2728/3191/2728 
f 2730/3193/2730 2731/3194/2731 2728/3191/2728 2729/3192/2729 
f 2725/3187/2725 2728/3191/2728 2731/3194/2731 2726/3188/2726 
f 2732/3195/2732 2733/3196/2733 2726/3188/2726 2731/3194/2731 
f 2730/3193/2730 2734/3197/2734 2732/3195/2732 2731/3194/2731 
f 2718/3178/2718 2727/3189/2727 2735/3198/2735 2722/3183/2722 
f 2727/3189/2727 2726/3188/2726 2733/3196/2733 2735/3198/2735 
f 2399/2825/2399 2423/2851/2423 2736/3199/2736 2729/3192/2729 
f 2423/2851/2423 2421/2849/2421 2737/3200/2737 2736/3199/2736 
f 2738/3201/2738 2739/3202/2739 2736/3199/2736 2737/3200/2737 
f 2729/3192/2729 2736/3199/2736 2739/3202/2739 2730/3193/2730 
f 2420/2848/2420 2740/3203/2740 2737/3200/2737 2421/2849/2421 
f 2419/2847/2419 2741/3204/2741 2740/3203/2740 2420/2848/2420 
f 2741/3204/2741 2742/3205/2742 2743/3206/2743 2740/3203/2740 
f 2740/3203/2740 2743/3206/2743 2738/3201/2738 2737/3200/2737 
f 2743/3206/2743 2744/3207/2744 2745/3208/2745 2738/3201/2738 
f 2742/3205/2742 2746/3209/2746 2744/3207/2744 2743/3206/2743 
f 2739/3202/2739 2747/3210/2747 2734/3197/2734 2730/3193/2730 
f 2738/3201/2738 2745/3208/2745 2747/3210/2747 2739/3202/2739 
f 2443/2871/2443 2748/3211/2748 2741/3204/2741 2419/2847/2419 
f 2441/2869/2441 2749/3212/2749 2748/3211/2748 2443/2871/2443 
f 2750/3213/2750 2751/3214/2751 2748/3211/2748 2749/3212/2749 
f 2748/3211/2748 2751/3214/2751 2742/3205/2742 2741/3204/2741 
f 2440/2868/2440 2752/3215/2752 2749/3212/2749 2441/2869/2441 
f 2439/2867/2439 2753/3216/2753 2752/3215/2752 2440/2868/2440 
f 2753/3216/2753 2754/3217/2754 2755/3218/2755 2752/3215/2752 
f 2749/3212/2749 2752/3215/2752 2755/3218/2755 2750/3213/2750 
f 2756/3219/2756 2757/3220/2757 2750/3213/2750 2755/3218/2755 
f 2755/3218/2755 2754/3217/2754 2758/3221/2758 2756/3219/2756 
f 2742/3205/2742 2751/3214/2751 2759/3222/2759 2746/3209/2746 
f 2751/3214/2751 2750/3213/2750 2757/3220/2757 2759/3222/2759 
f 2463/2891/2463 2760/3223/2760 2753/3216/2753 2439/2867/2439 
f 2461/2889/2461 2761/3224/2761 2760/3223/2760 2463/2891/2463 
f 2761/3224/2761 2762/3225/2762 2763/3226/2763 2760/3223/2760 
f 2760/3223/2760 2763/3226/2763 2754/3217/2754 2753/3216/2753 
f 2460/2888/2460 2764/3227/2764 2761/3224/2761 2461/2889/2461 
f 2459/2887/2459 2765/3228/2765 2764/3227/2764 2460/2888/2460 
f 2765/3228/2765 2766/3229/2766 2767/3230/2767 2764/3227/2764 
f 2764/3227/2764 2767/3230/2767 2762/3225/2762 2761/3224/2761 
f 2767/3230/2767 2768/3231/2768 2769/3232/2769 2762/3225/2762 
f 2766/3229/2766 2770/3233/2770 2768/3231/2768 2767/3230/2767 
f 2763/3226/2763 2771/3234/2771 2758/3221/2758 2754/3217/2754 
f 2762/3225/2762 2769/3232/2769 2771/3234/2771 2763/3226/2763 
f 2483/2918/2483 2772/3235/2772 2765/3236/2765 2459/2919/2459 
f 2483/2918/2483 2481/2915/2481 2773/3237/2773 2772/3235/2772 
f 2773/3237/2773 2774/3238/2774 2775/3239/2775 2772/3235/2772 
f 2772/3235/2772 2775/3239/2775 2766/3240/2766 2765/3236/2765 
f 2481/2915/2481 2480/2914/2480 2776/3241/2776 2773/3237/2773 
f 2480/2914/2480 2479/2913/2479 2777/3242/2777 2776/3241/2776 
f 2778/3243/2778 2779/3244/2779 2776/3241/2776 2777/3242/2777 
f 2776/3241/2776 2779/3244/2779 2774/3238/2774 2773/3237/2773 
f 2779/3244/2779 2780/3245/2780 2781/3246/2781 2774/3238/2774 
f 2779/3244/2779 2778/3243/2778 2782/3247/2782 2780/3245/2780 
f 2775/3239/2775 2783/3248/2783 2770/3233/2770 2766/3240/2766 
f 2774/3238/2774 2781/3246/2781 2783/3248/2783 2775/3239/2775 
f 2479/2913/2479 2503/2943/2503 2784/3249/2784 2777/3242/2777 
f 2503/2943/2503 2501/2941/2501 2785/3250/2785 2784/3249/2784 
f 2786/3251/2786 2787/3252/2787 2784/3249/2784 2785/3250/2785 
f 2777/3242/2777 2784/3249/2784 2787/3252/2787 2778/3243/2778 
f 2500/2940/2500 2788/3253/2788 2785/3250/2785 2501/2941/2501 
f 2499/2939/2499 2789/3254/2789 2788/3253/2788 2500/2940/2500 
f 2789/3254/2789 2790/3255/2790 2791/3256/2791 2788/3253/2788 
f 2788/3253/2788 2791/3256/2791 2786/3251/2786 2785/3250/2785 
f 2792/3257/2792 2793/3258/2793 2786/3251/2786 2791/3256/2791 
f 2791/3256/2791 2790/3255/2790 2794/3259/2794 2792/3257/2792 
f 2778/3243/2778 2787/3252/2787 2795/3260/2795 2782/3247/2782 
f 2787/3252/2787 2786/3251/2786 2793/3258/2793 2795/3260/2795 
f 2523/2968/2523 2796/3261/2796 2789/3254/2789 2499/2939/2499 
f 2521/2965/2521 2797/3262/2797 2796/3261/2796 2523/2968/2523 
f 2797/3262/2797 2798/3263/2798 2799/3264/2799 2796/3261/2796 
f 2796/3261/2796 2799/3264/2799 2790/3255/2790 2789/3254/2789 
f 2520/2964/2520 2800/3265/2800 2797/3262/2797 2521/2965/2521 
f 2519/2963/2519 2801/3266/2801 2800/3265/2800 2520/2964/2520 
f 2802/3267/2802 2803/3268/2803 2800/3265/2800 2801/3266/2801 
f 2800/3265/2800 2803/3268/2803 2798/3263/2798 2797/3262/2797 
f 2804/3269/2804 2805/3270/2805 2798/3263/2798 2803/3268/2803 
f 2803/3268/2803 2802/3267/2802 2806/3271/2806 2804/3269/2804 
f 2799/3264/2799 2807/3272/2807 2794/3259/2794 2790/3255/2790 
f 2798/3263/2798 2805/3270/2805 2807/3272/2807 2799/3264/2799 
f 2519/2963/2519 2543/2995/2543 2808/3273/2808 2801/3266/2801 
f 2543/2995/2543 2541/2993/2541 2809/3274/2809 2808/3273/2808 
f 2810/3275/2810 2811/3276/2811 2808/3273/2808 2809/3274/2809 
f 2801/3266/2801 2808/3273/2808 2811/3276/2811 2802/3267/2802 
f 2541/2993/2541 2540/2992/2540 2812/3277/2812 2809/3274/2809 
f 2540/2992/2540 2539/2991/2539 2813/3278/2813 2812/3277/2812 
f 2814/3279/2814 2815/3280/2815 2812/3277/2812 2813/3278/2813 
f 2809/3274/2809 2812/3277/2812 2815/3280/2815 2810/3275/2810 
f 2816/3281/2816 2817/3282/2817 2810/3275/2810 2815/3280/2815 
f 2815/3280/2815 2814/3279/2814 2818/3283/2818 2816/3281/2816 
f 2802/3267/2802 2811/3276/2811 2819/3284/2819 2806/3271/2806 
f 2811/3276/2811 2810/3275/2810 2817/3282/2817 2819/3284/2819 
f 2539/2991/2539 2563/3019/2563 2820/3285/2820 2813/3278/2813 
f 2563/3019/2563 2561/3017/2561 2821/3286/2821 2820/3285/2820 
f 2821/3286/2821 2822/3287/2822 2823/3288/2823 2820/3285/2820 
f 2813/3278/2813 2820/3285/2820 2823/3288/2823 2814/3279/2814 
f 2561/3017/2561 2560/3016/2560 2824/3289/2824 2821/3286/2821 
f 2560/3016/2560 2559/3015/2559 2825/3290/2825 2824/3289/2824 
f 2826/3291/2826 2827/3292/2827 2824/3289/2824 2825/3290/2825 
f 2821/3286/2821 2824/3289/2824 2827/3292/2827 2822/3287/2822 
f 2827/3292/2827 2828/3293/2828 2829/3294/2829 2822/3287/2822 
f 2827/3292/2827 2826/3291/2826 2830/3295/2830 2828/3293/2828 
f 2823/3288/2823 2831/3296/2831 2818/3283/2818 2814/3279/2814 
f 2822/3287/2822 2829/3294/2829 2831/3296/2831 2823/3288/2823 
f 2559/3015/2559 2578/3037/2578 2832/3297/2832 2825/3290/2825 
f 2576/3035/2576 2833/3298/2833 2832/3297/2832 2578/3037/2578 
f 2833/3298/2833 2834/3299/2834 2835/3300/2835 2832/3297/2832 
f 2825/3290/2825 2832/3297/2832 2835/3300/2835 2826/3291/2826 
f 2575/3034/2575 2836/3301/2836 2833/3298/2833 2576/3035/2576 
f 2163/2535/2163 2580/3039/2580 2836/3301/2836 2575/3034/2575 
f 2580/3039/2580 2584/3043/2584 2837/3302/2837 2836/3301/2836 
f 2836/3301/2836 2837/3302/2837 2834/3299/2834 2833/3298/2833 
f 2837/3302/2837 2838/3303/2838 2839/3304/2839 2834/3299/2834 
f 2584/3043/2584 2593/3052/2593 2838/3303/2838 2837/3302/2837 
f 2835/3300/2835 2840/3305/2840 2830/3295/2830 2826/3291/2826 
f 2834/3299/2834 2839/3304/2839 2840/3305/2840 2835/3300/2835 
f 2330/2743/2330 2841/3306/2841 2344/2759/2344 2332/2745/2332 
f 2326/2737/2326 2842/3307/2842 2841/3306/2841 2330/2743/2330 
f 2843/3308/2843 2844/3309/2844 2841/3306/2841 2842/3307/2842 
f 2841/3306/2841 2844/3309/2844 2346/2761/2346 2344/2759/2344 
f 2326/2737/2326 2324/2735/2324 2845/3310/2845 2842/3307/2842 
f 2324/2735/2324 2312/2721/2312 2846/3311/2846 2845/3310/2845 
f 2847/3312/2847 2848/3313/2848 2845/3310/2845 2846/3311/2846 
f 2842/3307/2842 2845/3310/2845 2848/3313/2848 2843/3308/2843 
f 2849/3314/2849 2850/3315/2850 2843/3308/2843 2848/3313/2848 
f 2848/3313/2848 2847/3312/2847 2851/3316/2851 2849/3314/2849 
f 2372/2793/2372 2370/2791/2370 2849/3314/2849 2851/3316/2851 
f 2850/3315/2850 2849/3314/2849 2370/2791/2370 2366/2785/2366 
f 2346/2761/2346 2844/3309/2844 2852/3317/2852 2350/2767/2350 
f 2844/3309/2844 2843/3308/2843 2850/3315/2850 2852/3317/2852 
f 2852/3317/2852 2850/3315/2850 2366/2785/2366 2364/2783/2364 
f 2350/2767/2350 2852/3317/2852 2364/2783/2364 2352/2769/2352 
f 2290/2691/2290 2853/3318/2853 2304/2711/2304 2292/2693/2292 
f 2286/2685/2286 2854/3319/2854 2853/3318/2853 2290/2691/2290 
f 2854/3319/2854 2855/3320/2855 2856/3321/2856 2853/3318/2853 
f 2853/3318/2853 2856/3321/2856 2306/2713/2306 2304/2711/2304 
f 2284/2683/2284 2857/3322/2857 2854/3319/2854 2286/2685/2286 
f 2272/2669/2272 2858/3323/2858 2857/3322/2857 2284/2683/2284 
f 2859/3324/2859 2860/3325/2860 2857/3322/2857 2858/3323/2858 
f 2857/3322/2857 2860/3325/2860 2855/3320/2855 2854/3319/2854 
f 2860/3325/2860 2861/3326/2861 2862/3327/2862 2855/3320/2855 
f 2860/3325/2860 2859/3324/2859 2863/3328/2863 2861/3326/2861 
f 2863/3328/2863 2372/2793/2372 2851/3316/2851 2861/3326/2861 
f 2861/3326/2861 2851/3316/2851 2847/3312/2847 2862/3327/2862 
f 2856/3321/2856 2864/3329/2864 2310/2719/2310 2306/2713/2306 
f 2855/3320/2855 2862/3327/2862 2864/3329/2864 2856/3321/2856 
f 2862/3327/2862 2847/3312/2847 2846/3311/2846 2864/3329/2864 
f 2864/3329/2864 2846/3311/2846 2312/2721/2312 2310/2719/2310 
f 2250/2640/2250 2865/3330/2865 2264/2659/2264 2252/2642/2252 
f 2246/2634/2246 2866/3331/2866 2865/3330/2865 2250/2640/2250 
f 2866/3331/2866 2867/3332/2867 2868/3333/2868 2865/3330/2865 
f 2865/3330/2865 2868/3333/2868 2266/2661/2266 2264/2659/2264 
f 2244/2632/2244 2869/3334/2869 2866/3331/2866 2246/2634/2246 
f 2244/2632/2244 2232/2618/2232 2870/3335/2870 2869/3334/2869 
f 2871/3336/2871 2872/3337/2872 2869/3334/2869 2870/3335/2870 
f 2869/3334/2869 2872/3337/2872 2867/3332/2867 2866/3331/2866 
f 2872/3337/2872 2873/3338/2873 2874/3339/2874 2867/3332/2867 
f 2871/3336/2871 2875/3340/2875 2873/3338/2873 2872/3337/2872 
f 2875/3340/2875 2372/2793/2372 2863/3328/2863 2873/3338/2873 
f 2873/3338/2873 2863/3328/2863 2859/3324/2859 2874/3339/2874 
f 2868/3333/2868 2876/3341/2876 2270/2667/2270 2266/2661/2266 
f 2867/3332/2867 2874/3339/2874 2876/3341/2876 2868/3333/2868 
f 2874/3339/2874 2859/3324/2859 2858/3323/2858 2876/3341/2876 
f 2270/2667/2270 2876/3341/2876 2858/3323/2858 2272/2669/2272 
f 2210/2592/2210 2877/3342/2877 2224/2608/2224 2212/2594/2212 
f 2206/2586/2206 2878/3343/2878 2877/3342/2877 2210/2592/2210 
f 2878/3343/2878 2879/3344/2879 2880/3345/2880 2877/3342/2877 
f 2877/3342/2877 2880/3345/2880 2226/2610/2226 2224/2608/2224 
f 2204/2584/2204 2881/3346/2881 2878/3343/2878 2206/2586/2206 
f 2192/2570/2192 2882/3347/2882 2881/3346/2881 2204/2584/2204 
f 2882/3347/2882 2883/3348/2883 2884/3349/2884 2881/3346/2881 
f 2881/3346/2881 2884/3349/2884 2879/3344/2879 2878/3343/2878 
f 2884/3349/2884 2885/3350/2885 2886/3351/2886 2879/3344/2879 
f 2883/3348/2883 2887/3352/2887 2885/3350/2885 2884/3349/2884 
f 2887/3352/2887 2372/2793/2372 2875/3340/2875 2885/3350/2885 
f 2885/3350/2885 2875/3340/2875 2871/3336/2871 2886/3351/2886 
f 2880/3345/2880 2888/3353/2888 2230/2616/2230 2226/2610/2226 
f 2879/3344/2879 2886/3351/2886 2888/3353/2888 2880/3345/2880 
f 2886/3351/2886 2871/3336/2871 2870/3335/2870 2888/3353/2888 
f 2888/3353/2888 2870/3335/2870 2232/2618/2232 2230/2616/2230 
f 2190/2568/2190 2889/3354/2889 2882/3347/2882 2192/2570/2192 
f 2190/2568/2190 2186/2562/2186 2890/3355/2890 2889/3354/2889 
f 2890/3355/2890 2891/3356/2891 2892/3357/2892 2889/3354/2889 
f 2889/3354/2889 2892/3357/2892 2883/3348/2883 2882/3347/2882 
f 2186/2562/2186 2184/2560/2184 2893/3358/2893 2890/3355/2890 
f 2184/2560/2184 2172/2546/2172 2894/3359/2894 2893/3358/2893 
f 2895/3360/2895 2896/3361/2896 2893/3358/2893 2894/3359/2894 
f 2890/3355/2890 2893/3358/2893 2896/3361/2896 2891/3356/2891 
f 2897/3362/2897 2898/3363/2898 2891/3356/2891 2896/3361/2896 
f 2896/3361/2896 2895/3360/2895 2899/3364/2899 2897/3362/2897 
f 2897/3362/2897 2899/3364/2899 2392/2818/2392 2390/2816/2390 
f 2898/3363/2898 2897/3362/2897 2390/2816/2390 2386/2812/2386 
f 2892/3357/2892 2900/3365/2900 2887/3352/2887 2883/3348/2883 
f 2892/3357/2892 2891/3356/2891 2898/3363/2898 2900/3365/2900 
f 2900/3365/2900 2898/3363/2898 2386/2812/2386 2384/2809/2384 
f 2900/3365/2900 2384/2809/2384 2372/2793/2372 2887/3352/2887 
f 2148/2515/2148 2901/3366/2901 2164/2536/2164 2150/2517/2150 
f 2143/2507/2143 2902/3367/2902 2901/3366/2901 2148/2515/2148 
f 2902/3367/2902 2903/3368/2903 2904/3369/2904 2901/3366/2901 
f 2901/3366/2901 2904/3369/2904 2166/2538/2166 2164/2536/2164 
f 2139/2503/2139 2905/3370/2905 2902/3367/2902 2143/2507/2143 
f 2142/2506/2142 2906/3371/2906 2905/3370/2905 2139/2503/2139 
f 2906/3371/2906 2907/3372/2907 2908/3373/2908 2905/3370/2905 
f 2905/3370/2905 2908/3373/2908 2903/3368/2903 2902/3367/2902 
f 2908/3373/2908 2909/3374/2909 2910/3375/2910 2903/3368/2903 
f 2907/3372/2907 2911/3376/2911 2909/3374/2909 2908/3373/2908 
f 2911/3376/2911 2392/2818/2392 2899/3364/2899 2909/3374/2909 
f 2909/3374/2909 2899/3364/2899 2895/3360/2895 2910/3375/2910 
f 2904/3369/2904 2912/3377/2912 2170/2544/2170 2166/2538/2166 
f 2903/3368/2903 2910/3375/2910 2912/3377/2912 2904/3369/2904 
f 2910/3375/2910 2895/3360/2895 2894/3359/2894 2912/3377/2912 
f 2912/3377/2912 2894/3359/2894 2172/2546/2172 2170/2544/2170 
f 2550/3004/2550 2913/3378/2913 2564/3020/2564 2552/3006/2552 
f 2546/2998/2546 2914/3379/2914 2913/3378/2913 2550/3004/2550 
f 2914/3379/2914 2915/3380/2915 2916/3381/2916 2913/3378/2913 
f 2913/3378/2913 2916/3381/2916 2566/3022/2566 2564/3020/2564 
f 2544/2996/2544 2917/3382/2917 2914/3379/2914 2546/2998/2546 
f 2532/2979/2532 2918/3383/2918 2917/3382/2917 2544/2996/2544 
f 2918/3383/2918 2919/3384/2919 2920/3385/2920 2917/3382/2917 
f 2917/3382/2917 2920/3385/2920 2915/3380/2915 2914/3379/2914 
f 2920/3385/2920 2921/3386/2921 2922/3387/2922 2915/3380/2915 
f 2919/3384/2919 2923/3388/2923 2921/3386/2921 2920/3385/2920 
f 2923/3388/2923 2392/2818/2392 2911/3376/2911 2921/3386/2921 
f 2921/3386/2921 2911/3376/2911 2907/3372/2907 2922/3387/2922 
f 2916/3381/2916 2924/3389/2924 2570/3028/2570 2566/3022/2566 
f 2915/3380/2915 2922/3387/2922 2924/3389/2924 2916/3381/2916 
f 2922/3387/2922 2907/3372/2907 2906/3371/2906 2924/3389/2924 
f 2570/3028/2570 2924/3389/2924 2906/3371/2906 2142/2506/2142 
f 2510/2952/2510 2925/3390/2925 2524/2969/2524 2512/2954/2512 
f 2506/2946/2506 2926/3391/2926 2925/3390/2925 2510/2952/2510 
f 2926/3391/2926 2927/3392/2927 2928/3393/2928 2925/3390/2925 
f 2925/3390/2925 2928/3393/2928 2526/2971/2526 2524/2969/2524 
f 2504/2944/2504 2929/3394/2929 2926/3391/2926 2506/2946/2506 
f 2492/2930/2492 2930/3395/2930 2929/3394/2929 2504/2944/2504 
f 2930/3395/2930 2931/3396/2931 2932/3397/2932 2929/3394/2929 
f 2929/3394/2929 2932/3397/2932 2927/3392/2927 2926/3391/2926 
f 2932/3397/2932 2933/3398/2933 2934/3399/2934 2927/3392/2927 
f 2931/3396/2931 2935/3400/2935 2933/3398/2933 2932/3397/2932 
f 2935/3400/2935 2392/2818/2392 2923/3388/2923 2933/3398/2933 
f 2933/3398/2933 2923/3388/2923 2919/3384/2919 2934/3399/2934 
f 2928/3393/2928 2936/3401/2936 2530/2977/2530 2526/2971/2526 
f 2927/3392/2927 2934/3399/2934 2936/3401/2936 2928/3393/2928 
f 2934/3399/2934 2919/3384/2919 2918/3383/2918 2936/3401/2936 
f 2936/3401/2936 2918/3383/2918 2532/2979/2532 2530/2977/2530 
f 2937/3402/2937 2938/3403/2938 2484/2920/2484 2472/2904/2472 
f 2939/3404/2939 2940/3405/2940 2938/3403/2938 2937/3402/2937 
f 2940/3405/2940 2941/3406/2941 2942/3407/2942 2938/3403/2938 
f 2938/3403/2938 2942/3407/2942 2486/2922/2486 2484/2920/2484 
f 2939/3404/2939 2943/3408/2943 2944/3409/2944 2940/3405/2940 
f 2943/3408/2943 2432/2860/2432 2945/3410/2945 2944/3409/2944 
f 2945/3410/2945 2946/3411/2946 2947/3412/2947 2944/3409/2944 
f 2944/3409/2944 2947/3412/2947 2941/3406/2941 2940/3405/2940 
f 2947/3412/2947 2948/3413/2948 2949/3414/2949 2941/3406/2941 
f 2946/3411/2946 2950/3415/2950 2948/3413/2948 2947/3412/2947 
f 2950/3415/2950 2392/2818/2392 2935/3400/2935 2948/3413/2948 
f 2949/3414/2949 2948/3413/2948 2935/3400/2935 2931/3396/2931 
f 2486/2922/2486 2942/3407/2942 2951/3416/2951 2490/2928/2490 
f 2941/3406/2941 2949/3414/2949 2951/3416/2951 2942/3407/2942 
f 2951/3416/2951 2949/3414/2949 2931/3396/2931 2930/3395/2930 
f 2490/2928/2490 2951/3416/2951 2930/3395/2930 2492/2930/2492 
f 2472/2904/2472 2470/2902/2470 2952/3417/2952 2937/3402/2937 
f 2470/2902/2470 2466/2894/2466 2953/3418/2953 2952/3417/2952 
f 2954/3419/2954 2955/3420/2955 2952/3417/2952 2953/3418/2953 
f 2937/3402/2937 2952/3417/2952 2955/3420/2955 2939/3404/2939 
f 2466/2894/2466 2464/2892/2464 2956/3421/2956 2953/3418/2953 
f 2464/2892/2464 2452/2880/2452 2450/2878/2450 2956/3422/2956 
f 2446/2874/2446 2957/3423/2957 2956/3421/2956 2450/2878/2450 
f 2953/3418/2953 2956/3421/2956 2957/3423/2957 2954/3419/2954 
f 2955/3420/2955 2958/3424/2958 2943/3408/2943 2939/3404/2939 
f 2954/3419/2954 2957/3423/2957 2958/3424/2958 2955/3420/2955 
f 2957/3423/2957 2446/2874/2446 2444/2872/2444 2958/3424/2958 
f 2958/3424/2958 2444/2872/2444 2432/2860/2432 2943/3408/2943 
f 2392/2818/2392 2950/3415/2950 2959/3425/2959 2404/2832/2404 
f 2950/3415/2950 2946/3411/2946 2960/3426/2960 2959/3425/2959 
f 2961/3427/2961 2962/3428/2962 2959/3425/2959 2960/3426/2960 
f 2404/2832/2404 2959/3425/2959 2962/3428/2962 2406/2834/2406 
f 2946/3411/2946 2945/3410/2945 2963/3429/2963 2960/3426/2960 
f 2432/2860/2432 2430/2858/2430 2963/3429/2963 2945/3410/2945 
f 2430/2858/2430 2426/2854/2426 2964/3430/2964 2963/3429/2963 
f 2963/3429/2963 2964/3430/2964 2961/3427/2961 2960/3426/2960 
f 2406/2834/2406 2962/3428/2962 2965/3431/2965 2410/2838/2410 
f 2962/3428/2962 2961/3427/2961 2964/3430/2964 2965/3431/2965 
f 2965/3431/2965 2964/3430/2964 2426/2854/2426 2424/2852/2424 
f 2410/2838/2410 2965/3431/2965 2424/2852/2424 2412/2840/2412 
f 2966/3432/2966 2967/3433/2967 2757/3220/2757 2756/3219/2756 
f 2966/3432/2966 2756/3219/2756 2968/3434/2968 
f 2969/3435/2969 2968/3434/2968 2756/3219/2756 2758/3221/2758 
f 2969/3435/2969 2758/3221/2758 2970/3436/2970 
f 2971/3437/2971 2972/3438/2972 2831/3296/2831 2829/3294/2829 
f 2971/3437/2971 2829/3294/2829 2973/3439/2973 
f 2974/3440/2974 2975/3441/2975 2818/3283/2818 2831/3296/2831 
f 2974/3440/2974 2831/3296/2831 2972/3438/2972 
f 2976/3442/2976 2977/3443/2977 2805/3270/2805 2804/3269/2804 
f 2976/3442/2976 2804/3269/2804 2978/3444/2978 
f 2979/3445/2979 2978/3444/2978 2804/3269/2804 2806/3271/2806 
f 2979/3445/2979 2806/3271/2806 2980/3446/2980 
f 2981/3447/2981 2982/3448/2982 2816/3281/2816 2818/3283/2818 
f 2981/3447/2981 2818/3283/2818 2975/3441/2975 
f 2983/3449/2983 2984/3450/2984 2817/3282/2817 2816/3281/2816 
f 2983/3449/2983 2816/3281/2816 2982/3448/2982 
f 2985/3451/2985 2986/3452/2986 2819/3284/2819 2817/3282/2817 
f 2985/3451/2985 2817/3282/2817 2984/3450/2984 
f 2987/3453/2987 2980/3446/2980 2806/3271/2806 2819/3284/2819 
f 2987/3453/2987 2819/3284/2819 2986/3452/2986 
f 2988/3454/2988 2989/3455/2989 2794/3259/2794 2807/3272/2807 
f 2988/3454/2988 2807/3272/2807 2990/3456/2990 
f 2991/3457/2991 2992/3458/2992 2793/3258/2793 2792/3257/2792 
f 2991/3457/2991 2792/3257/2792 2993/3459/2993 
f 2994/3460/2994 2993/3459/2993 2792/3257/2792 2794/3259/2794 
f 2994/3460/2994 2794/3259/2794 2989/3455/2989 
f 2995/3461/2995 2996/3462/2996 2782/3247/2782 2795/3260/2795 
f 2997/3463/2997 2995/3461/2995 2795/3260/2795 
f 2998/3464/2998 2997/3463/2997 2795/3260/2795 2793/3258/2793 
f 2998/3464/2998 2793/3258/2793 2992/3458/2992 
f 2999/3465/2999 2990/3456/2990 2807/3272/2807 2805/3270/2805 
f 2977/3443/2977 2999/3465/2999 2805/3270/2805 
f 3000/3466/3000 3001/3467/3001 2769/3232/2769 2768/3231/2768 
f 3000/3466/3000 2768/3231/2768 3002/3468/3002 
f 3003/3469/3003 3004/3470/3004 2780/3245/2780 2782/3247/2782 
f 2996/3462/2996 3003/3469/3003 2782/3247/2782 
f 3005/3471/3005 3006/3472/3006 2781/3246/2781 2780/3245/2780 
f 3004/3470/3004 3005/3471/3005 2780/3245/2780 
f 3007/3473/3007 3002/3468/3002 2768/3231/2768 2770/3233/2770 
f 3007/3473/3007 2770/3233/2770 3008/3474/3008 
f 3009/3475/3009 3010/3476/3010 2783/3248/2783 2781/3246/2781 
f 3006/3472/3006 3009/3475/3009 2781/3246/2781 
f 3011/3477/3011 3008/3474/3008 2770/3233/2770 2783/3248/2783 
f 3011/3477/3011 2783/3248/2783 3010/3476/3010 
f 3012/3478/3012 3013/3479/3013 2771/3234/2771 2769/3232/2769 
f 3012/3478/3012 2769/3232/2769 3001/3467/3001 
f 3014/3480/3014 2970/3436/2970 2758/3221/2758 2771/3234/2771 
f 3014/3480/3014 2771/3234/2771 3013/3479/3013 
f 3015/3481/3015 3016/3482/3016 2697/3156/2697 2696/3155/2696 
f 3015/3481/3015 2696/3155/2696 3017/3483/3017 
f 3018/3484/3018 3017/3483/3017 2696/3155/2696 2698/3157/2698 
f 3018/3484/3018 2698/3157/2698 3019/3485/3019 
f 3020/3486/3020 3019/3485/3019 2698/3157/2698 2711/3170/2711 
f 3020/3486/3020 2711/3170/2711 3021/3487/3021 
f 3022/3488/3022 3023/3489/3023 2710/3169/2710 2723/3185/2723 
f 3022/3488/3022 2723/3185/2723 3024/3490/3024 
f 3025/3491/3025 3024/3490/3024 2723/3185/2723 2721/3182/2721 
f 3025/3491/3025 2721/3182/2721 3026/3492/3026 
f 3027/3493/3027 3028/3494/3028 2708/3167/2708 2710/3169/2710 
f 3027/3493/3027 2710/3169/2710 3023/3489/3023 
f 3029/3495/3029 3030/3496/3030 2709/3168/2709 2708/3167/2708 
f 3029/3495/3029 2708/3167/2708 3028/3494/3028 
f 3031/3497/3031 3021/3487/3021 2711/3170/2711 2709/3168/2709 
f 3031/3497/3031 2709/3168/2709 3030/3496/3030 
f 3032/3498/3032 3033/3499/3033 2720/3184/2720 2722/3183/2722 
f 3032/3498/3032 2722/3183/2722 3034/3500/3034 
f 3035/3501/3035 3026/3492/3026 2721/3182/2721 2720/3181/2720 
f 3035/3501/3035 2720/3181/2720 3033/3502/3033 
f 3036/3503/3036 3034/3500/3034 2722/3183/2722 2735/3198/2735 
f 3036/3503/3036 2735/3198/2735 3037/3504/3037 
f 3038/3505/3038 3037/3504/3037 2735/3198/2735 2733/3196/2733 
f 3038/3505/3038 2733/3196/2733 3039/3506/3039 
f 3040/3507/3040 3041/3508/3041 2734/3197/2734 2747/3210/2747 
f 3040/3507/3040 2747/3210/2747 3042/3509/3042 
f 3043/3510/3043 3042/3509/3042 2747/3210/2747 2745/3208/2745 
f 3043/3510/3043 2745/3208/2745 3044/3511/3044 
f 3045/3512/3045 3039/3506/3039 2733/3196/2733 2732/3195/2732 
f 3045/3512/3045 2732/3195/2732 3046/3513/3046 
f 3047/3514/3047 3046/3513/3046 2732/3195/2732 2734/3197/2734 
f 3047/3514/3047 2734/3197/2734 3041/3508/3041 
f 3048/3515/3048 3049/3516/3049 2744/3207/2744 2746/3209/2746 
f 3048/3515/3048 2746/3209/2746 3050/3517/3050 
f 3051/3518/3051 3044/3511/3044 2745/3208/2745 2744/3207/2744 
f 3051/3518/3051 2744/3207/2744 3049/3516/3049 
f 3052/3519/3052 3053/3520/3053 2759/3222/2759 2757/3220/2757 
f 3052/3519/3052 2757/3220/2757 2967/3433/2967 
f 3050/3517/3050 2746/3209/2746 2759/3222/2759 3054/3521/3054 
f 2759/3222/2759 3053/3520/3053 3054/3521/3054 
f 3055/3522/3055 3056/3523/3056 2589/3048/2589 2591/3050/2591 
f 3055/3522/3055 2591/3050/2591 3057/3524/3057 
f 3058/3525/3058 3059/3526/3059 2615/3074/2615 2614/3073/2614 
f 3058/3525/3058 2614/3073/2614 3060/3527/3060 
f 3061/3528/3061 3062/3529/3062 2617/3076/2617 2615/3074/2615 
f 3061/3528/3061 2615/3074/2615 3059/3526/3059 
f 3063/3530/3063 3064/3531/3064 2616/3075/2616 2629/3088/2629 
f 3063/3530/3063 2629/3088/2629 3065/3532/3065 
f 3066/3533/3066 3060/3527/3060 2614/3073/2614 2616/3075/2616 
f 3066/3533/3066 2616/3075/2616 3064/3531/3064 
f 3067/3534/3067 3068/3535/3068 2626/3085/2626 2628/3087/2628 
f 3067/3534/3067 2628/3087/2628 3069/3536/3069 
f 3070/3537/3070 3065/3532/3065 2629/3088/2629 2627/3086/2627 
f 3071/3538/3071 3070/3537/3070 2627/3086/2627 
f 3072/3539/3072 3071/3538/3071 2627/3086/2627 2626/3085/2626 
f 3072/3539/3072 2626/3085/2626 3068/3535/3068 
f 3073/3540/3073 3074/3541/3074 2605/3064/2605 2603/3062/2603 
f 3073/3540/3073 2603/3062/2603 3075/3542/3075 
f 3076/3543/3076 3077/3544/3077 2604/3063/2604 2617/3076/2617 
f 3076/3543/3076 2617/3076/2617 3062/3529/3062 
f 3078/3545/3078 3075/3542/3075 2603/3062/2603 2602/3061/2602 
f 3078/3545/3078 2602/3061/2602 3079/3546/3079 
f 3080/3547/3080 3079/3546/3079 2602/3061/2602 2604/3063/2604 
f 3080/3547/3080 2604/3063/2604 3077/3544/3077 
f 3081/3548/3081 3057/3524/3057 2591/3050/2591 2605/3064/2605 
f 3081/3548/3081 2605/3064/2605 3074/3541/3074 
f 3082/3549/3082 3083/3550/3083 2652/3111/2652 2665/3124/2665 
f 3082/3549/3082 2665/3124/2665 3084/3551/3084 
f 3085/3552/3085 3084/3551/3084 2665/3124/2665 2663/3122/2663 
f 3085/3552/3085 2663/3122/2663 3086/3553/3086 
f 3087/3554/3087 3088/3555/3088 2640/3099/2640 2653/3112/2653 
f 3087/3554/3087 2653/3112/2653 3089/3556/3089 
f 3090/3557/3090 3089/3556/3089 2653/3112/2653 2651/3110/2651 
f 3090/3557/3090 2651/3110/2651 3091/3558/3091 
f 3092/3559/3092 3091/3558/3091 2651/3110/2651 2650/3109/2650 
f 3092/3559/3092 2650/3109/2650 3093/3560/3093 
f 3094/3561/3094 3093/3560/3093 2650/3109/2650 2652/3111/2652 
f 3094/3561/3094 2652/3111/2652 3083/3550/3083 
f 3095/3562/3095 3096/3563/3096 2639/3098/2639 2638/3097/2638 
f 3095/3562/3095 2638/3097/2638 3097/3564/3097 
f 3098/3565/3098 3097/3564/3097 2638/3097/2638 2640/3099/2640 
f 3088/3555/3088 3098/3565/3098 2640/3099/2640 
f 3099/3566/3099 3069/3536/3069 2628/3087/2628 2641/3100/2641 
f 3099/3566/3099 2641/3100/2641 3100/3567/3100 
f 3101/3568/3101 3100/3567/3100 2641/3100/2641 2639/3098/2639 
f 3096/3563/3096 3101/3568/3101 2639/3098/2639 
f 3102/3569/3102 3103/3570/3103 2838/3303/2838 2593/3052/2593 
f 3104/3571/3104 3102/3569/3102 2593/3052/2593 
f 3105/3572/3105 3104/3571/3104 2593/3052/2593 2592/3051/2592 
f 3105/3572/3105 2592/3051/2592 3106/3573/3106 
f 3107/3574/3107 3106/3573/3106 2592/3051/2592 2590/3049/2590 
f 3107/3574/3107 2590/3049/2590 3108/3575/3108 
f 3109/3576/3109 3108/3575/3108 2590/3049/2590 2589/3048/2589 
f 3109/3576/3109 2589/3048/2589 3056/3523/3056 
f 3110/3577/3110 3111/3578/3111 2830/3295/2830 2840/3305/2840 
f 3110/3577/3110 2840/3305/2840 3112/3579/3112 
f 3113/3580/3113 3114/3581/3114 2839/3304/2839 2838/3303/2838 
f 3113/3580/3113 2838/3303/2838 3103/3570/3103 
f 3115/3582/3115 3112/3579/3112 2840/3305/2840 2839/3304/2839 
f 3115/3582/3115 2839/3304/2839 3114/3581/3114 
f 3116/3583/3116 2973/3439/2973 2829/3294/2829 2828/3293/2828 
f 3116/3583/3116 2828/3293/2828 3117/3584/3117 
f 3118/3585/3118 3117/3584/3117 2828/3293/2828 2830/3295/2830 
f 3111/3578/3111 3118/3585/3118 2830/3295/2830 
f 3119/3586/3119 3086/3553/3086 2663/3122/2663 2662/3121/2662 
f 3119/3586/3119 2662/3121/2662 3120/3587/3120 
f 3121/3588/3121 3120/3587/3120 2662/3121/2662 2664/3123/2664 
f 3121/3588/3121 2664/3123/2664 3122/3589/3122 
f 3123/3590/3123 3122/3589/3122 2664/3123/2664 2674/3133/2674 
f 3123/3590/3123 2674/3133/2674 3124/3591/3124 
f 3125/3592/3125 3124/3591/3124 2674/3133/2674 
f 3126/3593/3126 3127/3594/3127 2683/3142/2683 2685/3144/2685 
f 3126/3593/3126 2685/3144/2685 3128/3595/3128 
f 3129/3143/3129 3129/3143/3130 2684/3143/2684 2683/3142/2683 
f 3129/3143/3129 2683/3142/2683 3127/3594/3127 
f 3129/3143/3130 2686/3145/2686 2684/3143/2684 
f 3130/3596/3131 3131/3597/3132 2672/3131/2672 2678/3137/2678 
f 3130/3596/3131 2678/3137/2678 2687/3146/2687 
f 3132/3598/3133 3133/3599/3134 2673/3132/2673 2672/3131/2672 
f 3132/3598/3133 2672/3131/2672 3131/3597/3132 
f 2674/3133/2674 2669/3128/2669 2668/3127/2668 3125/3592/3125 
f 3125/3592/3125 2668/3127/2668 3134/3600/3135 
f 3135/3600/3136 3134/3600/3135 2668/3127/2668 2673/3132/2673 
f 3135/3600/3136 2673/3132/2673 3133/3599/3134 
f 3136/3601/3137 3128/3595/3128 2685/3144/2685 2699/3158/2699 
f 3136/3601/3137 2699/3158/2699 3137/3602/3138 
f 3138/3603/3139 3137/3602/3138 2699/3158/2699 2697/3156/2697 
f 3138/3603/3139 2697/3156/2697 3016/3482/3016 
s 1
f 3012/3604/3012 3001/3605/3001 3000/3606/3000 3002/3607/3002 
f 3012/3604/3012 3002/3607/3002 3007/3608/3007 3008/3609/3008 
f 3012/3604/3012 3008/3609/3008 3011/3610/3011 3010/3611/3010 
f 3012/3604/3012 3010/3611/3010 3009/3612/3009 3006/3613/3006 
f 3012/3604/3012 3006/3613/3006 3005/3614/3005 3004/3615/3004 
f 3013/3616/3013 3012/3604/3012 3004/3615/3004 3014/3617/3014 
f 2970/3618/2970 3014/3617/3014 3004/3615/3004 2969/3619/2969 
f 2968/3620/2968 2969/3619/2969 3004/3615/3004 2966/3621/2966 
f 2967/3622/2967 2966/3621/2966 3004/3615/3004 3052/3623/3052 
f 3053/3624/3053 3052/3623/3052 3004/3615/3004 3054/3625/3054 
f 3050/3626/3050 3054/3625/3054 3004/3615/3004 3048/3627/3048 
f 3049/3628/3049 3048/3627/3048 3004/3615/3004 3051/3629/3051 
f 3051/3629/3051 3004/3615/3004 3003/3630/3003 2996/3631/2996 
f 3044/3632/3044 3051/3629/3051 2996/3631/2996 3043/3633/3043 
f 3043/3633/3043 2996/3631/2996 2995/3634/2995 2997/3635/2997 
f 3043/3633/3043 2997/3635/2997 2998/3636/2998 2992/3637/2992 
f 3043/3633/3043 2992/3637/2992 2991/3638/2991 2993/3639/2993 
f 3043/3633/3043 2993/3639/2993 2994/3640/2994 2989/3641/2989 
f 3043/3633/3043 2989/3641/2989 2988/3642/2988 2990/3643/2990 
f 3043/3633/3043 2990/3643/2990 2999/3644/2999 2977/3645/2977 
f 3043/3633/3043 2977/3645/2977 2976/3646/2976 2978/3647/2978 
f 3043/3633/3043 2978/3647/2978 2979/3648/2979 2980/3649/2980 
f 3043/3633/3043 2980/3649/2980 2987/3650/2987 2986/3651/2986 
f 3043/3633/3043 2986/3651/2986 2985/3652/2985 2984/3653/2984 
f 3043/3633/3043 2984/3653/2984 2983/3654/2983 2982/3655/2982 
f 3043/3633/3043 2982/3655/2982 2981/3656/2981 2975/3657/2975 
f 3043/3633/3043 2975/3657/2975 2974/3658/2974 2972/3659/2972 
f 3043/3633/3043 2972/3659/2972 2971/3660/2971 3042/3661/3042 
f 3042/3661/3042 2971/3660/2971 2973/3662/2973 3116/3663/3116 
f 3042/3661/3042 3116/3663/3116 3117/3664/3117 3118/3665/3118 
f 3042/3661/3042 3118/3665/3118 3111/3666/3111 3110/3667/3110 
f 3042/3661/3042 3110/3667/3110 3112/3668/3112 3115/3669/3115 
f 3042/3661/3042 3115/3669/3115 3114/3670/3114 3113/3671/3113 
f 3042/3661/3042 3113/3671/3113 3103/3672/3103 3102/3673/3102 
f 3042/3661/3042 3102/3673/3102 3104/3674/3104 3105/3675/3105 
f 3042/3661/3042 3105/3675/3105 3106/3676/3106 3107/3677/3107 
f 3042/3661/3042 3107/3677/3107 3108/3678/3108 3109/3679/3109 
f 3042/3661/3042 3109/3679/3109 3056/3680/3056 3055/3681/3055 
f 3040/3682/3040 3042/3661/3042 3055/3681/3055 3057/3683/3057 
f 3040/3682/3040 3057/3683/3057 3081/3684/3081 3074/3685/3074 
f 3040/3682/3040 3074/3685/3074 3073/3686/3073 3075/3687/3075 
f 3040/3682/3040 3075/3687/3075 3078/3688/3078 3079/3689/3079 
f 3040/3682/3040 3079/3689/3079 3080/3690/3080 3077/3691/3077 
f 3040/3682/3040 3077/3691/3077 3076/3692/3076 3041/3693/3041 
f 3041/3693/3041 3076/3692/3076 3062/3694/3062 3061/3695/3061 
f 3041/3693/3041 3061/3695/3061 3059/3696/3059 3058/3697/3058 
f 3041/3693/3041 3058/3697/3058 3060/3698/3060 3066/3699/3066 
f 3041/3693/3041 3066/3699/3066 3064/3700/3064 3063/3701/3063 
f 3041/3693/3041 3063/3701/3063 3065/3702/3065 3070/3703/3070 
f 3041/3693/3041 3070/3703/3070 3071/3704/3071 3072/3705/3072 
f 3041/3693/3041 3072/3705/3072 3068/3706/3068 3067/3707/3067 
f 3041/3693/3041 3067/3707/3067 3069/3708/3069 3099/3709/3099 
f 3041/3693/3041 3099/3709/3099 3100/3710/3100 3101/3711/3101 
f 3041/3693/3041 3101/3711/3101 3096/3712/3096 3095/3713/3095 
f 3041/3693/3041 3095/3713/3095 3097/3714/3097 3098/3715/3098 
f 3041/3693/3041 3098/3715/3098 3088/3716/3088 3087/3717/3087 
f 3041/3693/3041 3087/3717/3087 3089/3718/3089 3090/3719/3090 
f 3041/3693/3041 3090/3719/3090 3091/3720/3091 3092/3721/3092 
f 3041/3693/3041 3092/3721/3092 3093/3722/3093 3094/3723/3094 
f 3047/3724/3047 3041/3693/3041 3094/3723/3094 3083/3725/3083 
f 3047/3724/3047 3083/3725/3083 3082/3726/3082 3046/3727/3046 
f 3046/3727/3046 3082/3726/3082 3084/3728/3084 3045/3729/3045 
f 3045/3729/3045 3084/3728/3084 3085/3730/3085 3086/3731/3086 
f 3045/3729/3045 3086/3731/3086 3119/3732/3119 3120/3733/3120 
f 3045/3729/3045 3120/3733/3120 3121/3734/3121 3122/3735/3122 
f 3045/3729/3045 3122/3735/3122 3123/3736/3123 3124/3737/3124 
f 3045/3729/3045 3124/3737/3124 3125/3738/3125 3134/3739/3135 
f 3045/3729/3045 3134/3739/3135 3135/3740/3136 3133/3741/3134 
f 3045/3729/3045 3133/3741/3134 3132/3742/3133 3131/3743/3132 
f 3045/3729/3045 3131/3743/3132 3130/3744/3131 2687/3745/2687 
f 3045/3729/3045 2687/3745/2687 2686/3746/2686 3129/3747/3130 
f 3045/3729/3045 3129/3747/3130 3129/3747/3129 3127/3748/3127 
f 3045/3729/3045 3127/3748/3127 3126/3749/3126 3128/3750/3128 
f 3045/3729/3045 3128/3750/3128 3136/3751/3137 3137/3752/3138 
f 3045/3729/3045 3137/3752/3138 3138/3753/3139 3039/3754/3039 
f 3038/3755/3038 3039/3754/3039 3138/3753/3139 3016/3756/3016 
f 3038/3755/3038 3016/3756/3016 3015/3757/3015 3037/3758/3037 
f 3037/3758/3037 3015/3757/3015 3017/3759/3017 3018/3760/3018 
f 3036/3761/3036 3037/3758/3037 3018/3760/3018 3034/3762/3034 
f 3034/3762/3034 3018/3760/3018 3019/3763/3019 3020/3764/3020 
f 3032/3765/3032 3034/3762/3034 3020/3764/3020 3033/3766/3033 
f 3035/3767/3035 3033/3766/3033 3020/3764/3020 3026/3768/3026 
f 3025/3769/3025 3026/3768/3026 3020/3764/3020 3021/3770/3021 
f 3024/3771/3024 3025/3769/3025 3021/3770/3021 3022/3772/3022 
f 3023/3773/3023 3022/3772/3022 3021/3770/3021 3027/3774/3027 
f 3027/3774/3027 3021/3770/3021 3031/3775/3031 3030/3776/3030 
f 3027/3774/3027 3030/3776/3030 3029/3777/3029 3028/3778/3028 
# 954 polygons - 90 triangles

#
# object Object002
#

v  0.7026 -0.4816 -0.1190
v  0.7019 -0.4814 -0.1316
v  0.6751 -0.4587 -0.1286
v  0.6766 -0.4593 -0.1073
v  0.7031 -0.4818 -0.1104
v  0.7032 -0.4830 -0.0986
v  0.6768 -0.4614 -0.0872
v  0.7032 -0.4838 -0.0905
v  0.7025 -0.4862 -0.0790
v  0.6755 -0.4656 -0.0676
v  0.7019 -0.4879 -0.0711
v  0.7007 -0.4908 -0.0629
v  0.6723 -0.4726 -0.0476
v  0.6988 -0.4950 -0.0512
v  0.6908 -0.4897 -0.2159
v  0.6875 -0.4931 -0.2326
v  0.6588 -0.4690 -0.2303
v  0.6648 -0.4640 -0.2032
v  0.6928 -0.4876 -0.2057
v  0.6953 -0.4855 -0.1898
v  0.6693 -0.4609 -0.1770
v  0.6968 -0.4841 -0.1796
v  0.6986 -0.4829 -0.1646
v  0.6727 -0.4592 -0.1519
v  0.6998 -0.4821 -0.1548
v  0.7010 -0.4817 -0.1409
v  0.6622 -0.5233 -0.3211
v  0.6567 -0.5303 -0.3375
v  0.6245 -0.5040 -0.3359
v  0.6338 -0.4941 -0.3111
v  0.6650 -0.5198 -0.3128
v  0.6703 -0.5132 -0.2958
v  0.6429 -0.4846 -0.2848
v  0.6732 -0.5097 -0.2867
v  0.6781 -0.5039 -0.2695
v  0.6514 -0.4760 -0.2577
v  0.6808 -0.5006 -0.2598
v  0.6850 -0.4959 -0.2427
v  0.6303 -0.5641 -0.4086
v  0.6286 -0.5663 -0.4129
v  0.5934 -0.5382 -0.4119
v  0.5997 -0.5312 -0.3972
v  0.6343 -0.5589 -0.3984
v  0.6364 -0.5562 -0.3930
v  0.6072 -0.5229 -0.3794
v  0.6410 -0.5502 -0.3807
v  0.6434 -0.5472 -0.3742
v  0.6156 -0.5138 -0.3589
v  0.6486 -0.5405 -0.3603
v  0.6540 -0.5336 -0.3449
v  0.6154 -0.5839 -0.4430
v  0.6146 -0.5850 -0.4445
v  0.5779 -0.5561 -0.4437
v  0.5811 -0.5522 -0.4385
v  0.6175 -0.5809 -0.4393
v  0.6184 -0.5798 -0.4375
v  0.5845 -0.5482 -0.4319
v  0.6206 -0.5768 -0.4328
v  0.6216 -0.5755 -0.4304
v  0.5885 -0.5438 -0.4233
v  0.6241 -0.5721 -0.4242
v  0.6255 -0.5704 -0.4210
v  0.5950 -0.6142 -0.4603
v  0.5857 -0.6284 -0.4651
v  0.5461 -0.5979 -0.4644
v  0.5598 -0.5796 -0.4580
v  0.5981 -0.6094 -0.4587
v  0.6041 -0.6005 -0.4549
v  0.5686 -0.5679 -0.4529
v  0.6062 -0.5973 -0.4536
v  0.6099 -0.5918 -0.4503
v  0.5742 -0.5607 -0.4483
v  0.6112 -0.5898 -0.4490
v  0.6121 -0.5885 -0.4478
v  0.5171 -0.7344 -0.4875
v  0.5161 -0.7359 -0.4876
v  0.4621 -0.6901 -0.4844
v  0.4805 -0.6718 -0.4823
v  0.5299 -0.7142 -0.4860
v  0.5324 -0.7104 -0.4854
v  0.5024 -0.6488 -0.4778
v  0.5484 -0.6857 -0.4804
v  0.5521 -0.6799 -0.4792
v  0.5263 -0.6230 -0.4718
v  0.5682 -0.6552 -0.4728
v  0.5816 -0.6347 -0.4668
v  0.4973 -0.7657 -0.4870
v  0.4907 -0.7762 -0.4861
v  0.4887 -0.7748 -0.4863
v  0.4963 -0.7648 -0.4871
v  0.4974 -0.7655 -0.4871
v  0.4849 -0.7855 -0.4847
v  0.4829 -0.7841 -0.4848
v  0.4208 -0.7369 -0.4823
v  0.4275 -0.7270 -0.4839
v  0.4362 -0.7165 -0.4848
v  0.5017 -0.7587 -0.4874
v  0.4475 -0.7045 -0.4850
v  0.5056 -0.7525 -0.4877
v  0.5058 -0.7522 -0.4876
v  0.4655 -0.8174 -0.4739
v  0.4564 -0.8325 -0.4661
v  0.3995 -0.7932 -0.4629
v  0.4050 -0.7742 -0.4707
v  0.4658 -0.8168 -0.4742
v  0.4732 -0.8046 -0.4791
v  0.4100 -0.7593 -0.4759
v  0.4795 -0.7943 -0.4825
v  0.4794 -0.7945 -0.4824
v  0.4780 -0.7936 -0.4825
v  0.4734 -0.8042 -0.4792
v  0.4152 -0.7473 -0.4797
v  0.4152 -0.9045 -0.4035
v  0.4048 -0.9230 -0.3854
v  0.3481 -0.8848 -0.3830
v  0.3607 -0.8647 -0.4034
v  0.4164 -0.9024 -0.4055
v  0.4287 -0.8807 -0.4259
v  0.3757 -0.8409 -0.4265
v  0.4302 -0.8781 -0.4283
v  0.4426 -0.8563 -0.4478
v  0.3901 -0.8163 -0.4483
v  0.4442 -0.8536 -0.4503
v  0.4553 -0.8344 -0.4648
v  0.3894 -0.9517 -0.3449
v  0.3894 -0.9518 -0.3443
v  0.3313 -0.9134 -0.3410
v  0.3322 -0.9113 -0.3481
v  0.3902 -0.9498 -0.3513
v  0.3904 -0.9494 -0.3520
v  0.3346 -0.9069 -0.3565
v  0.3924 -0.9454 -0.3595
v  0.3928 -0.9446 -0.3604
v  0.3396 -0.8986 -0.3676
v  0.3969 -0.9370 -0.3703
v  0.4040 -0.9243 -0.3840
v  0.3896 -0.9549 -0.3130
v  0.3900 -0.9561 -0.2957
v  0.3323 -0.9180 -0.2919
v  0.3316 -0.9166 -0.3110
v  0.3895 -0.9548 -0.3146
v  0.3895 -0.9548 -0.3158
v  0.3312 -0.9156 -0.3243
v  0.3892 -0.9539 -0.3279
v  0.3892 -0.9539 -0.3286
v  0.3311 -0.9147 -0.3337
v  0.3891 -0.9531 -0.3371
v  0.3891 -0.9530 -0.3377
v  0.3934 -0.9651 -0.1659
v  0.3935 -0.9653 -0.1622
v  0.3369 -0.9283 -0.1558
v  0.3354 -0.9253 -0.1973
v  0.3923 -0.9628 -0.2022
v  0.3922 -0.9625 -0.2054
v  0.3342 -0.9226 -0.2337
v  0.3914 -0.9603 -0.2381
v  0.3913 -0.9601 -0.2409
v  0.3332 -0.9200 -0.2658
v  0.3907 -0.9580 -0.2698
v  0.3901 -0.9563 -0.2935
v  0.4016 -0.9676 -0.0237
v  0.4018 -0.9675 -0.0226
v  0.3433 -0.9302 -0.0155
v  0.3412 -0.9324 -0.0370
v  0.3990 -0.9694 -0.0454
v  0.3989 -0.9694 -0.0470
v  0.3401 -0.9329 -0.0666
v  0.3968 -0.9694 -0.0762
v  0.3967 -0.9693 -0.0791
v  0.3387 -0.9313 -0.1083
v  0.3950 -0.9678 -0.1176
v  0.3948 -0.9676 -0.1214
v  0.4254 -0.9381 0.0497
v  0.4353 -0.9249 0.0715
v  0.3838 -0.8955 0.0732
v  0.3668 -0.9097 0.0454
v  0.4234 -0.9408 0.0453
v  0.4140 -0.9531 0.0218
v  0.3547 -0.9201 0.0218
v  0.4131 -0.9543 0.0194
v  0.4065 -0.9624 -0.0013
v  0.3475 -0.9264 0.0027
v  0.4061 -0.9629 -0.0026
v  0.4058 -0.9631 -0.0037
v  0.4654 -0.8829 0.1221
v  0.4238 -0.8520 0.1304
v  0.4176 -0.8615 0.1234
v  0.4640 -0.8849 0.1206
v  0.4593 -0.8918 0.1153
v  0.4577 -0.8940 0.1130
v  0.4104 -0.8709 0.1134
v  0.4530 -0.9007 0.1061
v  0.4510 -0.9035 0.1023
v  0.3997 -0.8819 0.0974
v  0.4454 -0.9111 0.0923
v  0.4378 -0.9215 0.0768
v  0.5007 -0.8287 0.1368
v  0.5033 -0.8247 0.1374
v  0.4602 -0.7950 0.1442
v  0.4475 -0.8145 0.1414
v  0.4900 -0.8452 0.1338
v  0.4881 -0.8482 0.1333
v  0.4380 -0.8294 0.1387
v  0.4801 -0.8606 0.1306
v  0.4785 -0.8630 0.1300
v  0.4303 -0.8415 0.1353
v  0.4722 -0.8727 0.1270
v  0.4707 -0.8748 0.1260
v  0.5641 -0.7302 0.1528
v  0.5736 -0.7154 0.1543
v  0.5362 -0.6905 0.1604
v  0.5213 -0.7110 0.1577
v  0.5602 -0.7363 0.1520
v  0.5465 -0.7577 0.1488
v  0.4996 -0.7395 0.1530
v  0.5415 -0.7654 0.1475
v  0.5253 -0.7905 0.1432
v  0.4773 -0.7697 0.1481
v  0.5208 -0.7975 0.1421
v  0.5173 -0.8030 0.1412
v  0.5954 -0.6807 0.1517
v  0.5986 -0.6755 0.1503
v  0.5625 -0.6516 0.1566
v  0.5576 -0.6588 0.1586
v  0.5940 -0.6830 0.1523
v  0.5924 -0.6855 0.1528
v  0.5523 -0.6668 0.1601
v  0.5889 -0.6912 0.1538
v  0.5870 -0.6943 0.1540
v  0.5457 -0.6768 0.1609
v  0.5825 -0.7014 0.1546
v  0.5798 -0.7056 0.1545
v  0.6178 -0.6432 0.1328
v  0.6237 -0.6331 0.1251
v  0.5901 -0.6099 0.1307
v  0.5801 -0.6253 0.1429
v  0.6147 -0.6486 0.1369
v  0.6104 -0.6558 0.1414
v  0.5730 -0.6359 0.1498
v  0.6083 -0.6594 0.1436
v  0.6048 -0.6652 0.1463
v  0.5674 -0.6443 0.1539
v  0.6032 -0.6680 0.1476
v  0.6000 -0.6731 0.1494
v  0.6659 -0.5576 0.0456
v  0.6697 -0.5508 0.0371
v  0.6408 -0.5277 0.0417
v  0.6302 -0.5456 0.0646
v  0.6599 -0.5687 0.0599
v  0.6559 -0.5759 0.0681
v  0.6186 -0.5650 0.0872
v  0.6492 -0.5881 0.0824
v  0.6410 -0.6027 0.0973
v  0.6042 -0.5881 0.1108
v  0.6362 -0.6112 0.1058
v  0.6282 -0.6252 0.1182
v  0.6968 -0.4992 -0.0427
v  0.6668 -0.4828 -0.0264
v  0.6937 -0.5054 -0.0302
v  0.6910 -0.5106 -0.0215
v  0.6595 -0.4958 -0.0042
v  0.6869 -0.5185 -0.0083
v  0.6837 -0.5246 0.0005
v  0.6507 -0.5109 0.0186
v  0.6788 -0.5339 0.0143
v  0.6752 -0.5405 0.0230
v  0.4730 -0.3060 -0.0358
v  0.4714 -0.3090 -0.0267
v  0.5001 -0.3339 -0.0298
v  0.5035 -0.3272 -0.0497
v  0.4749 -0.3024 -0.0465
v  0.5615 -0.3842 -0.0359
v  0.5650 -0.3773 -0.0560
v  0.5662 -0.3731 -0.0756
v  0.5048 -0.3230 -0.0690
v  0.4755 -0.3005 -0.0553
v  0.4762 -0.2983 -0.0657
v  0.6199 -0.4306 -0.0418
v  0.6232 -0.4237 -0.0619
v  0.6245 -0.4194 -0.0816
v  0.6242 -0.4173 -0.1017
v  0.5658 -0.3709 -0.0956
v  0.6226 -0.4166 -0.1231
v  0.5641 -0.3701 -0.1168
v  0.4759 -0.2972 -0.0748
v  0.5043 -0.3207 -0.0888
v  0.4756 -0.2959 -0.0854
v  0.5024 -0.3198 -0.1099
v  0.4747 -0.2954 -0.0950
v  0.4736 -0.2949 -0.1063
v  0.4721 -0.2948 -0.1168
v  0.4995 -0.3198 -0.1328
v  0.4705 -0.2947 -0.1291
v  0.5613 -0.3703 -0.1401
v  0.5575 -0.3715 -0.1650
v  0.4954 -0.3208 -0.1575
v  0.4685 -0.2950 -0.1404
v  0.4662 -0.2955 -0.1535
v  0.6200 -0.4169 -0.1464
v  0.6164 -0.4184 -0.1715
v  0.6115 -0.4214 -0.1978
v  0.5523 -0.3742 -0.1911
v  0.6052 -0.4261 -0.2249
v  0.5456 -0.3786 -0.2181
v  0.4635 -0.2964 -0.1655
v  0.4900 -0.3232 -0.1833
v  0.4604 -0.2975 -0.1792
v  0.4830 -0.3272 -0.2099
v  0.4570 -0.2992 -0.1915
v  0.4530 -0.3011 -0.2056
v  0.4488 -0.3037 -0.2181
v  0.4743 -0.3330 -0.2368
v  0.4440 -0.3065 -0.2322
v  0.5374 -0.3849 -0.2453
v  0.5279 -0.3927 -0.2722
v  0.4644 -0.3402 -0.2634
v  0.4390 -0.3097 -0.2448
v  0.4336 -0.3132 -0.2586
v  0.5973 -0.4328 -0.2523
v  0.5883 -0.4411 -0.2795
v  0.5787 -0.4502 -0.3058
v  0.5178 -0.4014 -0.2984
v  0.5689 -0.4598 -0.3307
v  0.5075 -0.4104 -0.3231
v  0.4283 -0.3168 -0.2709
v  0.4538 -0.3483 -0.2892
v  0.4225 -0.3207 -0.2842
v  0.4431 -0.3567 -0.3136
v  0.4171 -0.3245 -0.2958
v  0.4113 -0.3286 -0.3083
v  0.4060 -0.3324 -0.3192
v  0.4327 -0.3651 -0.3361
v  0.4004 -0.3364 -0.3306
v  0.4976 -0.4193 -0.3458
v  0.4883 -0.4277 -0.3663
v  0.4230 -0.3729 -0.3562
v  0.3955 -0.3401 -0.3404
v  0.3904 -0.3438 -0.3505
v  0.5594 -0.4692 -0.3536
v  0.5506 -0.4780 -0.3742
v  0.5427 -0.4860 -0.3920
v  0.4800 -0.4353 -0.3839
v  0.5361 -0.4928 -0.4067
v  0.4730 -0.4417 -0.3986
v  0.3859 -0.3471 -0.3591
v  0.4144 -0.3801 -0.3737
v  0.3813 -0.3505 -0.3678
v  0.4071 -0.3861 -0.3881
v  0.3775 -0.3533 -0.3749
v  0.3737 -0.3562 -0.3821
v  0.3707 -0.3584 -0.3876
v  0.4013 -0.3909 -0.3993
v  0.3677 -0.3607 -0.3931
v  0.4675 -0.4468 -0.4099
v  0.4632 -0.4510 -0.4184
v  0.3968 -0.3948 -0.4077
v  0.3653 -0.3625 -0.3973
v  0.3630 -0.3643 -0.4014
v  0.5309 -0.4981 -0.4181
v  0.5267 -0.5025 -0.4268
v  0.5231 -0.5063 -0.4333
v  0.4594 -0.4546 -0.4249
v  0.5197 -0.5100 -0.4385
v  0.4558 -0.4582 -0.4301
v  0.3609 -0.3659 -0.4047
v  0.3929 -0.3982 -0.4141
v  0.3589 -0.3675 -0.4078
v  0.3891 -0.4016 -0.4192
v  0.3569 -0.3691 -0.4103
v  0.3550 -0.3707 -0.4128
v  0.3528 -0.3727 -0.4151
v  0.3849 -0.4057 -0.4237
v  0.3506 -0.3746 -0.4172
v  0.4518 -0.4625 -0.4346
v  0.4457 -0.4692 -0.4391
v  0.3786 -0.4121 -0.4281
v  0.3473 -0.3777 -0.4194
v  0.3441 -0.3807 -0.4216
v  0.5158 -0.5145 -0.4431
v  0.5100 -0.5215 -0.4476
v  0.5007 -0.5330 -0.4528
v  0.4360 -0.4803 -0.4442
v  0.4862 -0.5507 -0.4590
v  0.4209 -0.4974 -0.4503
v  0.3387 -0.3858 -0.4240
v  0.3685 -0.4226 -0.4330
v  0.3336 -0.3907 -0.4264
v  0.3529 -0.4389 -0.4390
v  0.3253 -0.3987 -0.4294
v  0.3175 -0.4063 -0.4323
v  0.3070 -0.4166 -0.4355
v  0.3312 -0.4608 -0.4458
v  0.2956 -0.4277 -0.4391
v  0.3993 -0.5202 -0.4571
v  0.3758 -0.5421 -0.4624
v  0.3085 -0.4820 -0.4514
v  0.2850 -0.4382 -0.4418
v  0.2738 -0.4493 -0.4449
v  0.4650 -0.5745 -0.4659
v  0.4409 -0.5977 -0.4712
v  0.4191 -0.6186 -0.4753
v  0.3544 -0.5619 -0.4665
v  0.4005 -0.6363 -0.4778
v  0.3359 -0.5790 -0.4693
v  0.2639 -0.4591 -0.4471
v  0.2876 -0.5011 -0.4557
v  0.2539 -0.4689 -0.4495
v  0.2693 -0.5177 -0.4587
v  0.2451 -0.4777 -0.4512
v  0.2366 -0.4861 -0.4529
v  0.2290 -0.4938 -0.4538
v  0.2537 -0.5317 -0.4604
v  0.2220 -0.5008 -0.4549
v  0.3204 -0.5933 -0.4707
v  0.3079 -0.6053 -0.4710
v  0.2410 -0.5436 -0.4609
v  0.2155 -0.5074 -0.4552
v  0.2098 -0.5133 -0.4555
v  0.3853 -0.6508 -0.4790
v  0.3732 -0.6629 -0.4790
v  0.3637 -0.6737 -0.4781
v  0.2978 -0.6160 -0.4701
v  0.3561 -0.6839 -0.4763
v  0.2896 -0.6262 -0.4681
v  0.2042 -0.5190 -0.4551
v  0.2306 -0.5541 -0.4601
v  0.1995 -0.5239 -0.4549
v  0.2219 -0.5640 -0.4580
v  0.1954 -0.5282 -0.4539
v  0.1905 -0.5334 -0.4527
v  0.1866 -0.5377 -0.4510
v  0.2141 -0.5742 -0.4545
v  0.1820 -0.5427 -0.4490
v  0.2824 -0.6369 -0.4648
v  0.2756 -0.6490 -0.4600
v  0.2064 -0.5857 -0.4492
v  0.1777 -0.5475 -0.4463
v  0.1730 -0.5528 -0.4434
v  0.3497 -0.6947 -0.4734
v  0.3438 -0.7070 -0.4691
v  0.3379 -0.7222 -0.4632
v  0.2684 -0.6635 -0.4532
v  0.3313 -0.7411 -0.4547
v  0.2602 -0.6815 -0.4440
v  0.1679 -0.5585 -0.4395
v  0.1980 -0.5993 -0.4418
v  0.1627 -0.5645 -0.4355
v  0.1882 -0.6160 -0.4319
v  0.1564 -0.5718 -0.4301
v  0.1504 -0.5786 -0.4251
v  0.1424 -0.5880 -0.4174
v  0.1760 -0.6360 -0.4183
v  0.1355 -0.5960 -0.4109
v  0.2498 -0.7033 -0.4309
v  0.2350 -0.7271 -0.4106
v  0.1602 -0.6588 -0.3986
v  0.1257 -0.6077 -0.3997
v  0.1180 -0.6170 -0.3908
v  0.3222 -0.7641 -0.4413
v  0.3078 -0.7885 -0.4202
v  0.2922 -0.8121 -0.3972
v  0.2189 -0.7500 -0.3877
v  0.2791 -0.8318 -0.3766
v  0.2053 -0.7693 -0.3672
v  0.1082 -0.6289 -0.3780
v  0.1436 -0.6808 -0.3759
v  0.1007 -0.6381 -0.3682
v  0.1295 -0.6993 -0.3555
v  0.0924 -0.6483 -0.3566
v  0.0862 -0.6559 -0.3479
v  0.0806 -0.6630 -0.3391
v  0.1201 -0.7121 -0.3402
v  0.0764 -0.6682 -0.3326
v  0.1961 -0.7825 -0.3518
v  0.1908 -0.7904 -0.3406
v  0.1146 -0.7198 -0.3291
v  0.0732 -0.6725 -0.3262
v  0.0708 -0.6757 -0.3216
v  0.2702 -0.8454 -0.3611
v  0.2651 -0.8536 -0.3499
v  0.2626 -0.8579 -0.3415
v  0.1882 -0.7947 -0.3322
v  0.2617 -0.8600 -0.3344
v  0.1873 -0.7968 -0.3252
v  0.0692 -0.6780 -0.3168
v  0.1119 -0.7239 -0.3208
v  0.0681 -0.6797 -0.3133
v  0.1110 -0.7259 -0.3138
v  0.0675 -0.6808 -0.3093
v  0.0671 -0.6817 -0.3064
v  0.0670 -0.6824 -0.3022
v  0.1108 -0.7272 -0.3066
v  0.0669 -0.6830 -0.2992
v  0.1871 -0.7981 -0.3179
v  0.1873 -0.7991 -0.3085
v  0.1110 -0.7282 -0.2973
v  0.0671 -0.6836 -0.2939
v  0.0672 -0.6840 -0.2900
v  0.2614 -0.8613 -0.3271
v  0.2616 -0.8623 -0.3177
v  0.2621 -0.8633 -0.3044
v  0.1879 -0.8002 -0.2953
v  0.2629 -0.8648 -0.2852
v  0.1887 -0.8017 -0.2762
v  0.0676 -0.6847 -0.2825
v  0.1117 -0.7294 -0.2842
v  0.0679 -0.6852 -0.2770
v  0.1126 -0.7310 -0.2654
v  0.0685 -0.6862 -0.2662
v  0.0690 -0.6869 -0.2583
v  0.0695 -0.6880 -0.2475
v  0.1138 -0.7333 -0.2396
v  0.0703 -0.6894 -0.2327
v  0.1898 -0.8039 -0.2501
v  0.1911 -0.8067 -0.2182
v  0.1153 -0.7362 -0.2080
v  0.0712 -0.6911 -0.2147
v  0.0719 -0.6924 -0.2014
v  0.2638 -0.8669 -0.2590
v  0.2650 -0.8696 -0.2269
v  0.2664 -0.8725 -0.1905
v  0.1927 -0.8097 -0.1821
v  0.2685 -0.8758 -0.1494
v  0.1949 -0.8129 -0.1425
v  0.0730 -0.6943 -0.1810
v  0.1171 -0.7394 -0.1723
v  0.0738 -0.6957 -0.1660
v  0.1192 -0.7426 -0.1339
v  0.0751 -0.6976 -0.1442
v  0.0761 -0.6990 -0.1280
v  0.0927 -0.7040 0.0200
v  0.0896 -0.7050 0.0044
v  0.1361 -0.7537 -0.0016
v  0.1396 -0.7525 0.0214
v  0.0941 -0.7038 0.0281
v  0.0878 -0.7046 -0.0098
v  0.1301 -0.7512 -0.0397
v  0.0843 -0.7045 -0.0349
v  0.2052 -0.8221 -0.0469
v  0.2084 -0.8228 -0.0126
v  0.2099 -0.8204 0.0089
v  0.0823 -0.7034 -0.0555
v  0.0793 -0.7021 -0.0855
v  0.1229 -0.7462 -0.0906
v  0.0779 -0.7008 -0.1037
v  0.1990 -0.8173 -0.0962
v  0.2726 -0.8805 -0.1004
v  0.2764 -0.8840 -0.0561
v  0.2779 -0.8837 -0.0260
v  0.2790 -0.8810 -0.0052
v  0.0956 -0.7030 0.0335
v  0.1431 -0.7496 0.0365
v  0.0988 -0.7013 0.0434
v  0.2123 -0.8166 0.0243
v  0.2166 -0.8118 0.0376
v  0.1480 -0.7457 0.0488
v  0.1026 -0.6986 0.0515
v  0.1045 -0.6973 0.0557
v  0.2819 -0.8769 0.0114
v  0.2870 -0.8713 0.0273
v  0.2956 -0.8627 0.0459
v  0.2232 -0.8052 0.0518
v  0.3096 -0.8498 0.0702
v  0.2337 -0.7953 0.0700
v  0.1094 -0.6934 0.0637
v  0.1548 -0.7403 0.0609
v  0.1118 -0.6916 0.0678
v  0.1642 -0.7323 0.0754
v  0.1151 -0.6889 0.0728
v  0.1217 -0.6835 0.0818
v  0.1264 -0.6796 0.0883
v  0.1777 -0.7206 0.0945
v  0.1353 -0.6722 0.0994
v  0.2494 -0.7817 0.0933
v  0.2673 -0.7672 0.1166
v  0.1949 -0.7057 0.1165
v  0.1411 -0.6673 0.1068
v  0.1521 -0.6580 0.1198
v  0.3273 -0.8349 0.0968
v  0.3428 -0.8221 0.1174
v  0.3534 -0.8117 0.1302
v  0.2823 -0.7548 0.1336
v  0.3616 -0.8019 0.1383
v  0.2934 -0.7445 0.1437
v  0.1633 -0.6483 0.1317
v  0.2118 -0.6913 0.1354
v  0.1689 -0.6435 0.1380
v  0.2253 -0.6796 0.1474
v  0.1783 -0.6350 0.1460
v  0.1827 -0.6312 0.1499
v  0.1864 -0.6277 0.1520
v  0.2367 -0.6690 0.1539
v  0.1943 -0.6202 0.1559
v  0.3030 -0.7342 0.1497
v  0.3130 -0.7228 0.1534
v  0.2482 -0.6576 0.1576
v  0.1980 -0.6166 0.1571
v  0.2060 -0.6086 0.1591
v  0.3695 -0.7914 0.1436
v  0.3780 -0.7794 0.1471
v  0.3880 -0.7653 0.1494
v  0.3240 -0.7094 0.1557
v  0.4003 -0.7478 0.1516
v  0.3367 -0.6928 0.1575
v  0.2101 -0.6046 0.1598
v  0.2606 -0.6443 0.1597
v  0.2191 -0.5955 0.1609
v  0.2745 -0.6279 0.1614
v  0.2239 -0.5907 0.1614
v  0.2343 -0.5801 0.1624
v  0.2404 -0.5740 0.1632
v  0.2906 -0.6073 0.1638
v  0.2526 -0.5618 0.1652
v  0.3524 -0.6716 0.1599
v  0.3727 -0.6444 0.1635
v  0.3100 -0.5818 0.1677
v  0.2607 -0.5537 0.1666
v  0.2744 -0.5401 0.1699
v  0.4164 -0.7255 0.1544
v  0.4377 -0.6970 0.1586
v  0.4598 -0.6686 0.1632
v  0.3935 -0.6179 0.1677
v  0.4751 -0.6485 0.1660
v  0.4085 -0.5990 0.1704
v  0.2830 -0.5315 0.1716
v  0.3284 -0.5578 0.1721
v  0.2948 -0.5200 0.1749
v  0.3419 -0.5404 0.1749
v  0.3017 -0.5131 0.1761
v  0.3095 -0.5053 0.1777
v  0.3144 -0.5004 0.1781
v  0.3508 -0.5290 0.1757
v  0.3193 -0.4954 0.1785
v  0.4183 -0.5866 0.1712
v  0.4251 -0.5778 0.1707
v  0.3573 -0.5209 0.1753
v  0.3228 -0.4918 0.1783
v  0.3262 -0.4883 0.1780
v  0.4848 -0.6353 0.1668
v  0.4916 -0.6259 0.1662
v  0.4970 -0.6183 0.1648
v  0.4306 -0.5708 0.1695
v  0.5019 -0.6114 0.1629
v  0.4356 -0.5644 0.1676
v  0.3291 -0.4852 0.1774
v  0.3626 -0.5143 0.1741
v  0.3317 -0.4824 0.1769
v  0.3674 -0.5083 0.1724
v  0.3344 -0.4795 0.1760
v  0.3368 -0.4770 0.1751
v  0.3396 -0.4740 0.1739
v  0.3724 -0.5022 0.1701
v  0.3420 -0.4713 0.1728
v  0.4407 -0.5578 0.1652
v  0.4465 -0.5502 0.1613
v  0.3781 -0.4951 0.1664
v  0.3451 -0.4678 0.1709
v  0.3478 -0.4648 0.1692
v  0.5070 -0.6044 0.1603
v  0.5126 -0.5965 0.1563
v  0.5198 -0.5861 0.1495
v  0.4538 -0.5402 0.1547
v  0.5304 -0.5708 0.1372
v  0.4646 -0.5254 0.1426
v  0.3519 -0.4601 0.1658
v  0.3854 -0.4857 0.1600
v  0.3552 -0.4563 0.1630
v  0.3963 -0.4717 0.1483
v  0.3614 -0.4490 0.1567
v  0.3661 -0.4434 0.1515
v  0.3732 -0.4348 0.1424
v  0.4131 -0.4511 0.1283
v  0.3824 -0.4238 0.1316
v  0.4810 -0.5035 0.1224
v  0.4988 -0.4794 0.0981
v  0.4324 -0.4278 0.1033
v  0.3910 -0.4131 0.1193
v  0.4011 -0.4008 0.1061
v  0.5458 -0.5487 0.1170
v  0.5619 -0.5250 0.0930
v  0.5747 -0.5050 0.0704
v  0.5130 -0.4590 0.0753
v  0.5864 -0.4864 0.0475
v  0.5258 -0.4401 0.0527
v  0.4089 -0.3910 0.0942
v  0.4482 -0.4075 0.0800
v  0.4173 -0.3806 0.0821
v  0.4620 -0.3888 0.0575
v  0.4242 -0.3720 0.0714
v  0.4317 -0.3625 0.0597
v  0.4381 -0.3545 0.0494
v  0.4748 -0.3713 0.0352
v  0.4450 -0.3456 0.0377
v  0.5375 -0.4225 0.0299
v  0.5476 -0.4069 0.0073
v  0.4856 -0.3561 0.0130
v  0.4504 -0.3385 0.0275
v  0.4564 -0.3307 0.0158
v  0.5971 -0.4690 0.0245
v  0.6065 -0.4536 0.0017
v  0.6142 -0.4407 -0.0205
v  0.5557 -0.3941 -0.0148
v  0.4605 -0.3249 0.0058
v  0.4941 -0.3435 -0.0088
v  0.4652 -0.3184 -0.0059
v  0.4680 -0.3141 -0.0155
# 706 vertices

vn 0.9868 0.1523 -0.0545
vn 0.9841 0.1619 -0.0736
vn 0.6319 0.7734 -0.0511
vn 0.6376 0.7700 0.0242
vn 0.9860 0.1651 -0.0230
vn 0.9890 0.1474 0.0077
vn 0.6395 0.7565 0.1373
vn 0.9854 0.1615 0.0539
vn 0.9866 0.1328 0.0945
vn 0.6304 0.7258 0.2754
vn 0.9786 0.1428 0.1483
vn 0.9762 0.1059 0.1893
vn 0.6090 0.6801 0.4081
vn 0.9651 0.1094 0.2379
vn -0.1805 0.9703 -0.1608
vn 0.9571 0.1499 -0.2479
vn 0.5858 0.7494 -0.3087
vn 0.6033 0.7621 -0.2352
vn 0.9675 0.1576 -0.1978
vn -0.1713 0.9795 -0.1063
vn 0.6163 0.7695 -0.1672
vn 0.9752 0.1610 -0.1517
vn -0.1606 0.9853 -0.0586
vn 0.6254 0.7729 -0.1073
vn 0.9805 0.1618 -0.1112
vn -0.1577 0.9874 -0.0161
vn 0.9277 0.1056 -0.3582
vn 0.9240 0.1069 -0.3672
vn 0.5265 0.6965 -0.4875
vn 0.5367 0.7063 -0.4617
vn 0.9297 0.1148 -0.3501
vn 0.9345 0.1129 -0.3375
vn 0.5500 0.7187 -0.4253
vn 0.9371 0.1248 -0.3260
vn 0.9433 0.1219 -0.3089
vn 0.5667 0.7336 -0.3751
vn 0.9464 0.1370 -0.2925
vn 0.9538 0.1323 -0.2697
vn 0.9120 0.0890 -0.4004
vn 0.9106 0.0892 -0.4036
vn 0.5029 0.6733 -0.5420
vn 0.5069 0.6773 -0.5332
vn 0.9130 0.0917 -0.3975
vn 0.9146 0.0919 -0.3937
vn 0.5120 0.6824 -0.5216
vn 0.9159 0.0956 -0.3898
vn 0.9181 0.0959 -0.3845
vn 0.5185 0.6889 -0.5065
vn 0.9197 0.1009 -0.3794
vn 0.9225 0.1000 -0.3727
vn 0.8609 0.0249 -0.5082
vn 0.8323 0.0143 -0.5542
vn 0.3868 0.5418 -0.7462
vn 0.4436 0.6075 -0.6589
vn 0.8701 0.0556 -0.4897
vn 0.8883 0.0599 -0.4553
vn 0.4783 0.6465 -0.5944
vn 0.8935 0.0776 -0.4424
vn 0.9036 0.0789 -0.4211
vn 0.4959 0.6659 -0.5574
vn 0.9057 0.0862 -0.4150
vn 0.9099 0.0866 -0.4057
vn 0.6827 -0.2145 -0.6985
vn 0.6697 -0.2222 -0.7086
vn 0.1191 0.2189 -0.9684
vn 0.1527 0.2597 -0.9535
vn 0.6890 -0.1918 -0.6989
vn 0.7078 -0.1800 -0.6831
vn 0.2108 0.3311 -0.9197
vn 0.7210 -0.1361 -0.6794
vn 0.7549 -0.1160 -0.6455
vn 0.3008 0.4400 -0.8461
vn 0.7743 -0.0534 -0.6306
vn 0.8182 -0.0307 -0.5741
vn -0.5918 0.4434 -0.6732
vn 0.5743 -0.3280 -0.7501
vn -0.0068 0.0846 -0.9964
vn 0.0213 0.1297 -0.9913
vn 0.5956 -0.2930 -0.7479
vn 0.6252 -0.2690 -0.7327
vn 0.0514 0.1641 -0.9851
vn 0.6351 -0.2609 -0.7271
vn 0.6419 -0.2511 -0.7245
vn 0.0859 0.1905 -0.9779
vn 0.6605 -0.2350 -0.7131
vn 0.6692 -0.2353 -0.7048
vn -0.6308 0.3277 -0.7034
vn 0.5566 -0.4342 -0.7083
vn -0.0457 -0.0901 -0.9949
vn -0.0191 -0.0530 -0.9984
vn 0.5700 -0.4147 -0.7093
vn 0.5315 -0.4715 -0.7038
vn -0.0858 -0.1486 -0.9852
vn -0.1536 -0.1107 -0.9819
vn -0.1036 -0.0483 -0.9934
vn -0.0638 0.0022 -0.9980
vn 0.5560 -0.3777 -0.7404
vn -0.0338 0.0435 -0.9985
vn 0.5627 -0.3549 -0.7466
vn -0.6124 0.4083 -0.6769
vn 0.4082 -0.5940 -0.6932
vn 0.3714 -0.6314 -0.6807
vn -0.3237 -0.3406 -0.8827
vn -0.2736 -0.2649 -0.9247
vn 0.4166 -0.5699 -0.7083
vn -0.8011 0.2647 -0.5368
vn -0.2404 -0.2227 -0.9448
vn 0.4394 -0.5405 -0.7175
vn 0.4459 -0.4949 -0.7458
vn 0.5067 -0.5253 -0.6836
vn -0.1255 -0.2111 -0.9694
vn 0.4523 -0.5268 -0.7196
vn -0.2032 -0.1743 -0.9635
vn 0.3246 -0.7494 -0.5771
vn 0.3095 -0.7612 -0.5699
vn -0.4255 -0.5225 -0.7389
vn -0.4099 -0.4997 -0.7631
vn 0.3239 -0.7444 -0.5839
vn 0.3311 -0.7387 -0.5871
vn -0.3981 -0.4822 -0.7804
vn 0.3309 -0.7333 -0.5939
vn 0.3361 -0.7256 -0.6004
vn -0.3704 -0.4337 -0.8214
vn 0.3396 -0.7057 -0.6219
vn 0.3552 -0.6771 -0.6446
vn 0.2181 -0.9413 -0.2577
vn 0.1896 -0.9593 -0.2093
vn -0.5763 -0.7841 -0.2304
vn -0.5501 -0.7287 -0.4080
vn 0.1971 -0.9193 -0.3407
vn 0.5043 -0.8102 -0.2988
vn -0.5002 -0.6409 -0.5823
vn 0.2401 -0.8517 -0.4658
vn 0.2951 -0.8137 -0.5008
vn -0.4544 -0.5666 -0.6873
vn 0.2833 -0.7940 -0.5379
vn 0.3106 -0.7720 -0.5546
vn 0.1855 -0.9801 -0.0702
vn 0.2091 -0.9752 -0.0728
vn -0.5816 -0.8124 -0.0414
vn -0.5817 -0.8125 -0.0393
vn 0.2075 -0.9756 -0.0716
vn -0.9738 -0.2272 0.0100
vn -0.5821 -0.8111 -0.0567
vn 0.2023 -0.9757 -0.0835
vn 0.2077 -0.9736 -0.0950
vn -0.5822 -0.8048 -0.1156
vn 0.1941 -0.9729 -0.1257
vn 0.2090 -0.9655 -0.1555
vn 0.2088 -0.9755 -0.0692
vn 0.2071 -0.9761 -0.0657
vn -0.5804 -0.8136 -0.0331
vn -0.5812 -0.8128 -0.0390
vn 0.2071 -0.9757 -0.0709
vn 0.2081 -0.9753 -0.0733
vn -0.5815 -0.8124 -0.0436
vn 0.2074 -0.9754 -0.0746
vn 0.2080 -0.9752 -0.0760
vn -0.5816 -0.8122 -0.0451
vn 0.2081 -0.9752 -0.0755
vn 0.1928 -0.9784 -0.0751
vn 0.2278 -0.9722 0.0539
vn 0.2134 -0.9703 0.1139
vn -0.5401 -0.8143 0.2127
vn -0.5639 -0.8213 0.0861
vn 0.2071 -0.9781 0.0190
vn 0.2184 -0.9757 -0.0156
vn -0.5737 -0.8190 0.0126
vn 0.2075 -0.9777 -0.0335
vn 0.2142 -0.9755 -0.0496
vn -0.5783 -0.8155 -0.0206
vn 0.2071 -0.9767 -0.0563
vn 0.2108 -0.9754 -0.0642
vn 0.3202 -0.8682 0.3790
vn 0.3228 -0.8611 0.3929
vn -0.4032 -0.6754 0.6174
vn -0.4230 -0.7047 0.5696
vn 0.3062 -0.8798 0.3637
vn 0.3028 -0.8907 0.3392
vn -0.4564 -0.7450 0.4864
vn 0.2784 -0.9090 0.3102
vn 0.2760 -0.9232 0.2675
vn -0.5006 -0.7867 0.3613
vn 0.2401 -0.9460 0.2176
vn 0.2513 -0.9542 0.1621
vn 0.4563 -0.6701 0.5854
vn -0.1793 -0.4194 0.8899
vn -0.2731 -0.5248 0.8062
vn 0.4433 -0.7134 0.5428
vn 0.3968 -0.7519 0.5264
vn 0.3914 -0.7821 0.4849
vn -0.3420 -0.6006 0.7227
vn 0.3550 -0.8091 0.4683
vn 0.3539 -0.8286 0.4339
vn -0.3825 -0.6472 0.6594
vn 0.3349 -0.8410 0.4250
vn 0.3320 -0.8532 0.4022
vn 0.5994 -0.4874 0.6350
vn 0.6027 -0.4900 0.6298
vn 0.0186 -0.1611 0.9868
vn 0.0180 -0.1737 0.9846
vn 0.5977 -0.4983 0.6281
vn 0.5912 -0.5040 0.6297
vn -0.0119 -0.2184 0.9758
vn 0.5729 -0.5281 0.6268
vn 0.5629 -0.5483 0.6184
vn -0.0814 -0.3053 0.9488
vn 0.5224 -0.5883 0.6172
vn 0.5100 -0.6233 0.5927
vn 0.6097 -0.4647 0.6421
vn 0.6276 -0.4371 0.6443
vn 0.0493 -0.1162 0.9920
vn 0.0126 -0.1552 0.9878
vn 0.6032 -0.4784 0.6382
vn 0.5954 -0.4851 0.6404
vn 0.0025 -0.1638 0.9865
vn 0.5936 -0.4909 0.6377
vn -0.5979 0.2578 0.7590
vn 0.0095 -0.1618 0.9868
vn 0.5990 -0.4867 0.6358
vn 0.5961 -0.4875 0.6379
vn 0.7367 -0.2844 0.6135
vn 0.7435 -0.2637 0.6146
vn 0.2354 0.1529 0.9598
vn 0.1993 0.0969 0.9751
vn 0.7174 -0.3020 0.6279
vn -0.4716 0.4331 0.7681
vn 0.1532 0.0273 0.9878
vn 0.6861 -0.3465 0.6397
vn -0.5069 0.3775 0.7749
vn 0.1001 -0.0489 0.9938
vn 0.6512 -0.3977 0.6463
vn -0.5440 0.3216 0.7750
vn 0.8486 -0.0941 0.5207
vn 0.8557 -0.0731 0.5123
vn 0.4005 0.4294 0.8095
vn 0.3662 0.3719 0.8530
vn 0.8306 -0.1102 0.5459
vn 0.8212 -0.1428 0.5526
vn 0.3216 0.2950 0.8997
vn 0.7985 -0.1620 0.5797
vn 0.7920 -0.2081 0.5740
vn 0.2739 0.2150 0.9374
vn 0.7669 -0.2186 0.6034
vn 0.7578 -0.2527 0.6016
vn 0.9176 0.0004 0.3974
vn 0.9192 0.0141 0.3936
vn 0.5198 0.5553 0.6492
vn 0.4967 0.5384 0.6808
vn 0.9088 0.0054 0.4171
vn 0.9058 -0.0146 0.4234
vn 0.4661 0.5084 0.7241
vn 0.8952 -0.0109 0.4456
vn 0.8852 -0.0319 0.4642
vn 0.4306 0.4707 0.7701
vn 0.8752 -0.0449 0.4817
vn 0.8679 -0.0601 0.4931
vn 0.9601 0.0730 0.2699
vn 0.5833 0.6339 0.5079
vn 0.9503 0.0724 0.3029
vn 0.9456 0.0459 0.3220
vn 0.5607 0.5979 0.5728
vn 0.9377 0.0444 0.3447
vn 0.9343 0.0254 0.3557
vn 0.5401 0.5722 0.6171
vn 0.9275 0.0254 0.3730
vn 0.9253 0.0103 0.3792
vn 0.9846 -0.0063 0.1749
vn -0.0406 0.9338 0.3554
vn 0.6122 0.6766 0.4092
vn 0.6357 0.7214 0.2747
vn -0.0221 0.9650 0.2612
vn 0.5974 0.6890 0.4104
vn 0.6202 0.7341 0.2765
vn 0.6301 0.7641 0.1381
vn 0.6457 0.7513 0.1364
vn 0.0430 0.9759 0.2138
vn -0.0176 0.9863 0.1640
vn 0.5951 0.6912 0.4101
vn 0.6172 0.7365 0.2769
vn 0.6268 0.7668 0.1385
vn 0.6253 0.7799 0.0252
vn 0.6287 0.7772 0.0249
vn 0.6199 0.7831 -0.0502
vn 0.6232 0.7804 -0.0504
vn -0.0390 0.9922 0.1185
vn 0.6442 0.7645 0.0233
vn -0.0247 0.9961 0.0852
vn 0.6385 0.7679 -0.0519
vn -0.0442 0.9975 0.0543
vn -0.0346 0.9988 0.0335
vn -0.0503 0.9986 0.0160
vn 0.6317 0.7677 -0.1081
vn -0.0395 0.9992 -0.0053
vn 0.6167 0.7799 -0.1067
vn 0.6074 0.7767 -0.1666
vn 0.6220 0.7648 -0.1679
vn -0.0521 0.9984 -0.0227
vn -0.0452 0.9979 -0.0470
vn 0.6134 0.7825 -0.1065
vn 0.6044 0.7791 -0.1664
vn 0.5912 0.7717 -0.2344
vn 0.5939 0.7696 -0.2345
vn 0.5733 0.7592 -0.3080
vn 0.5755 0.7576 -0.3079
vn -0.0615 0.9959 -0.0662
vn 0.6079 0.7582 -0.2357
vn -0.0538 0.9941 -0.0945
vn 0.5888 0.7469 -0.3091
vn -0.0698 0.9907 -0.1164
vn -0.0668 0.9871 -0.1458
vn -0.0855 0.9821 -0.1677
vn 0.5678 0.7326 -0.3753
vn -0.0841 0.9780 -0.1911
vn 0.5554 0.7426 -0.3743
vn 0.5378 0.7284 -0.4245
vn 0.5495 0.7191 -0.4253
vn -0.0985 0.9731 -0.2081
vn -0.0995 0.9693 -0.2250
vn 0.5538 0.7437 -0.3744
vn 0.5367 0.7291 -0.4246
vn 0.5231 0.7169 -0.4610
vn 0.5237 0.7166 -0.4607
vn 0.5126 0.7073 -0.4868
vn 0.5129 0.7073 -0.4865
vn -0.1107 0.9652 -0.2371
vn 0.5349 0.7078 -0.4615
vn -0.1117 0.9620 -0.2493
vn 0.5237 0.6988 -0.4872
vn -0.1206 0.9587 -0.2576
vn -0.1210 0.9562 -0.2665
vn -0.1274 0.9537 -0.2723
vn 0.5150 0.6918 -0.5062
vn -0.1279 0.9516 -0.2793
vn 0.5046 0.6999 -0.5055
vn 0.4977 0.6937 -0.5206
vn 0.5078 0.6858 -0.5213
vn -0.1330 0.9496 -0.2839
vn -0.1334 0.9478 -0.2896
vn 0.5045 0.6997 -0.5059
vn 0.4978 0.6934 -0.5210
vn 0.4925 0.6883 -0.5326
vn 0.4922 0.6888 -0.5322
vn 0.4884 0.6844 -0.5413
vn 0.4880 0.6850 -0.5409
vn -0.1376 0.9461 -0.2932
vn 0.5022 0.6811 -0.5328
vn -0.1381 0.9448 -0.2972
vn 0.4978 0.6775 -0.5415
vn -0.1410 0.9435 -0.2999
vn -0.1417 0.9424 -0.3030
vn -0.1438 0.9413 -0.3053
vn 0.4897 0.6709 -0.5568
vn -0.1447 0.9380 -0.3149
vn 0.4803 0.6782 -0.5563
vn 0.4605 0.6606 -0.5930
vn 0.4690 0.6542 -0.5934
vn -0.1525 0.9348 -0.3208
vn -0.1545 0.9266 -0.3430
vn 0.4811 0.6773 -0.5567
vn 0.4622 0.6588 -0.5935
vn 0.4252 0.6215 -0.6580
vn 0.4215 0.6248 -0.6572
vn 0.3650 0.5583 -0.7450
vn 0.3584 0.5640 -0.7440
vn -0.1733 0.9186 -0.3552
vn 0.4282 0.6201 -0.6573
vn -0.1784 0.9031 -0.3906
vn 0.3622 0.5619 -0.7437
vn -0.2102 0.8885 -0.4079
vn -0.2210 0.8627 -0.4549
vn -0.2667 0.8398 -0.4728
vn 0.2641 0.4696 -0.8425
vn -0.2870 0.7983 -0.5295
vn 0.2643 0.4682 -0.8432
vn 0.1673 0.3643 -0.9161
vn 0.1633 0.3691 -0.9149
vn -0.3490 0.7644 -0.5421
vn -0.3665 0.7313 -0.5752
vn 0.2747 0.4594 -0.8447
vn 0.1812 0.3527 -0.9180
vn 0.1205 0.2816 -0.9519
vn 0.1048 0.2950 -0.9497
vn 0.0838 0.2383 -0.9676
vn 0.0686 0.2535 -0.9649
vn -0.4090 0.7073 -0.5765
vn 0.0989 0.3023 -0.9481
vn -0.4188 0.6887 -0.5919
vn 0.0636 0.2641 -0.9624
vn -0.4402 0.6759 -0.5912
vn -0.4472 0.6637 -0.5996
vn 0.5498 -0.3174 -0.7726
vn 0.0399 0.2363 -0.9709
vn -0.4626 0.6469 -0.6062
vn 0.0418 0.2205 -0.9745
vn 0.0233 0.1948 -0.9806
vn 0.0238 0.2133 -0.9767
vn 0.5340 -0.3338 -0.7768
vn -0.4737 0.6344 -0.6109
vn 0.0529 0.2035 -0.9776
vn 0.0297 0.1775 -0.9837
vn 0.0116 0.1547 -0.9879
vn 0.0084 0.1734 -0.9848
vn -0.0115 0.1217 -0.9925
vn -0.0131 0.1445 -0.9894
vn 0.5241 -0.3467 -0.7779
vn 0.0094 0.1921 -0.9813
vn -0.4846 0.6207 -0.6163
vn -0.0121 0.1646 -0.9863
vn 0.5105 -0.3625 -0.7797
vn -0.5001 0.6021 -0.6224
vn 0.4911 -0.3838 -0.7820
vn -0.0438 0.1270 -0.9909
vn -0.5220 0.5761 -0.6289
vn -0.0437 0.1060 -0.9934
vn -0.0865 0.0550 -0.9947
vn -0.0903 0.0744 -0.9931
vn 0.4631 -0.4139 -0.7837
vn -0.5545 0.5384 -0.6345
vn -0.0406 0.0814 -0.9959
vn -0.0783 0.0334 -0.9964
vn -0.1283 -0.0270 -0.9914
vn -0.1445 -0.0119 -0.9894
vn -0.1876 -0.0975 -0.9774
vn -0.2130 -0.0902 -0.9729
vn 0.4221 -0.4579 -0.7824
vn -0.1551 0.0027 -0.9879
vn -0.6008 0.4863 -0.6344
vn -0.2324 -0.0827 -0.9691
vn -0.6367 0.4640 -0.6158
vn -0.6618 0.4196 -0.6212
vn 0.3048 -0.5827 -0.7534
vn -0.3056 -0.1630 -0.9381
vn -0.7168 0.3618 -0.5961
vn -0.2783 -0.1647 -0.9463
vn -0.3298 -0.2227 -0.9174
vn -0.3609 -0.2231 -0.9055
vn 0.2543 -0.6359 -0.7287
vn -0.7570 0.3226 -0.5682
vn -0.2443 -0.1652 -0.9555
vn -0.2896 -0.2188 -0.9318
vn -0.3272 -0.2612 -0.9081
vn -0.3674 -0.2633 -0.8920
vn -0.3684 -0.3122 -0.8757
vn -0.3987 -0.2984 -0.8672
vn 0.2227 -0.6704 -0.7077
vn -0.3968 -0.2611 -0.8800
vn -0.7821 0.2999 -0.5463
vn -0.4241 -0.2904 -0.8578
vn 0.2051 -0.6905 -0.6936
vn -0.8007 0.2790 -0.5301
vn 0.1853 -0.7122 -0.6771
vn -0.4605 -0.3328 -0.8229
vn -0.8241 0.2482 -0.5092
vn -0.4381 -0.3535 -0.8265
vn -0.4723 -0.4078 -0.7814
vn -0.4958 -0.3799 -0.7809
vn 0.1557 -0.7488 -0.6443
vn -0.8505 0.2207 -0.4774
vn -0.4113 -0.3861 -0.8257
vn -0.4428 -0.4412 -0.7805
vn -0.4574 -0.4635 -0.7589
vn -0.4906 -0.4344 -0.7554
vn -0.4736 -0.4870 -0.7338
vn -0.5079 -0.4583 -0.7294
vn -0.8622 0.2151 -0.4587
vn -0.5173 -0.4083 -0.7522
vn -0.8667 0.2050 -0.4547
vn -0.5356 -0.4324 -0.7254
vn -0.8724 0.2020 -0.4450
vn -0.8797 0.1860 -0.4377
vn -0.8883 0.1821 -0.4216
vn -0.5671 -0.4741 -0.6735
vn -0.9016 0.1509 -0.4053
vn -0.5383 -0.5010 -0.6777
vn -0.5870 -0.5724 -0.5725
vn -0.6174 -0.5441 -0.5681
vn -0.9168 0.1453 -0.3719
vn -0.9374 0.0917 -0.3360
vn -0.5031 -0.5305 -0.6822
vn -0.5504 -0.6033 -0.5772
vn -0.6013 -0.6900 -0.4029
vn -0.6391 -0.6580 -0.3982
vn -0.6269 -0.7457 -0.2255
vn -0.6645 -0.7139 -0.2210
vn -0.9582 0.0877 -0.2724
vn -0.6708 -0.6285 -0.3937
vn -0.9767 0.0243 -0.2132
vn -0.6964 -0.6842 -0.2166
vn -0.9914 0.0311 -0.1273
vn -0.9966 -0.0045 -0.0824
vn -0.9996 0.0069 -0.0272
vn -0.7001 -0.7067 -0.1024
vn -0.9999 -0.0114 0.0007
vn -0.6686 -0.7360 -0.1066
vn -0.6672 -0.7433 -0.0480
vn -0.6983 -0.7144 -0.0439
vn -0.9995 -0.0023 0.0320
vn -0.9990 -0.0088 0.0428
vn -0.6318 -0.7672 -0.1109
vn -0.6309 -0.7741 -0.0521
vn -0.6303 -0.7756 -0.0348
vn -0.6664 -0.7450 -0.0308
vn -0.6304 -0.7754 -0.0369
vn -0.6665 -0.7448 -0.0329
vn -0.9985 -0.0049 0.0546
vn -0.6974 -0.7162 -0.0267
vn -0.9985 -0.0054 0.0553
vn -0.6976 -0.7159 -0.0288
vn -0.9984 -0.0050 0.0561
vn -0.9985 -0.0038 0.0538
vn -0.9987 -0.0046 0.0516
vn -0.6978 -0.7156 -0.0324
vn -0.9987 -0.0044 0.0514
vn -0.6667 -0.7444 -0.0365
vn -0.6667 -0.7445 -0.0350
vn -0.6978 -0.7156 -0.0309
vn -0.9987 -0.0044 0.0510
vn -0.9986 -0.0052 0.0523
vn -0.6305 -0.7751 -0.0405
vn -0.6305 -0.7752 -0.0391
vn -0.6303 -0.7756 -0.0338
vn -0.6665 -0.7449 -0.0290
vn -0.6306 -0.7757 -0.0268
vn -0.6663 -0.7455 -0.0178
vn -0.9985 -0.0046 0.0537
vn -0.6975 -0.7161 -0.0249
vn -0.9984 -0.0062 0.0564
vn -0.6969 -0.7170 -0.0116
vn -0.0130 -0.9962 -0.0864
vn -0.9978 -0.0089 0.0662
vn -0.0059 -0.9990 0.0454
vn -0.9871 -0.0169 0.1592
vn -0.6958 -0.7108 0.1032
vn -0.6786 -0.7024 0.2149
vn -0.9747 -0.0144 0.2229
vn -0.9918 0.0030 0.1276
vn -0.6988 -0.7137 0.0488
vn -0.9931 -0.0147 0.1164
vn -0.6687 -0.7429 0.0297
vn -0.6636 -0.7428 0.0887
vn -0.6412 -0.7397 0.2042
vn -0.9950 -0.0018 0.0995
vn -0.9961 -0.0133 0.0868
vn -0.6964 -0.7175 0.0129
vn 0.0002 -0.9973 -0.0731
vn -0.6673 -0.7448 0.0004
vn -0.6314 -0.7753 -0.0141
vn -0.6306 -0.7759 0.0170
vn -0.6222 -0.7781 0.0866
vn -0.5970 -0.7743 0.2100
vn -0.9584 0.0103 0.2852
vn -0.6336 -0.6788 0.3713
vn -0.9307 0.0063 0.3658
vn -0.5960 -0.7199 0.3558
vn -0.5412 -0.6831 0.4904
vn -0.5761 -0.6363 0.5130
vn -0.9164 0.0566 0.3963
vn -0.8904 0.0332 0.4539
vn -0.5525 -0.7524 0.3586
vn -0.5034 -0.7150 0.4852
vn -0.4648 -0.6755 0.5724
vn -0.4965 -0.6431 0.5830
vn -0.4426 -0.6432 0.6248
vn -0.4704 -0.6103 0.6373
vn -0.8727 0.0912 0.4796
vn -0.5257 -0.5932 0.6097
vn -0.8639 0.0731 0.4983
vn -0.4941 -0.5609 0.6642
vn -0.8411 0.0979 0.5320
vn -0.8334 0.1157 0.5405
vn -0.8262 0.1156 0.5513
vn -0.4770 -0.5325 0.6992
vn -0.8180 0.1324 0.5598
vn -0.4545 -0.5812 0.6750
vn -0.4318 -0.5439 0.7195
vn -0.4558 -0.4984 0.7375
vn -0.8115 0.1344 0.5687
vn -0.7923 0.1507 0.5912
vn -0.4264 -0.6136 0.6646
vn -0.3957 -0.5708 0.7195
vn -0.3317 -0.5004 0.7997
vn -0.3804 -0.4835 0.7884
vn -0.2352 -0.3974 0.8870
vn -0.2853 -0.3851 0.8777
vn -0.7904 0.1713 0.5882
vn -0.4129 -0.4453 0.7945
vn -0.7608 0.1678 0.6269
vn -0.3182 -0.3532 0.8798
vn -0.7431 0.2146 0.6338
vn -0.6954 0.2200 0.6841
vn -0.6494 0.2864 0.7045
vn -0.1950 -0.2364 0.9519
vn -0.6033 0.3172 0.7317
vn -0.1731 -0.2681 0.9477
vn -0.0824 -0.1731 0.9815
vn -0.0992 -0.1416 0.9849
vn -0.5680 0.3629 0.7387
vn -0.5407 0.3894 0.7457
vn -0.1294 -0.2823 0.9506
vn -0.0464 -0.1905 0.9806
vn -0.0039 -0.1404 0.9901
vn -0.0299 -0.1168 0.9927
vn 0.0032 -0.1260 0.9920
vn -0.0157 -0.0989 0.9950
vn -0.5222 0.4116 0.7469
vn -0.0478 -0.0880 0.9950
vn -0.5142 0.4250 0.7450
vn -0.0398 -0.0766 0.9963
vn -0.5105 0.4285 0.7455
vn 0.4897 -0.5621 0.6665
vn -0.5258 0.4186 0.7405
vn -0.0557 -0.0926 0.9941
vn 0.4728 -0.5823 0.6614
vn -0.0231 -0.1042 0.9943
vn -0.0342 -0.1172 0.9925
vn -0.0692 -0.1169 0.9907
vn -0.5458 0.3998 0.7363
vn -0.5444 0.3832 0.7461
vn -0.0074 -0.1297 0.9915
vn -0.0200 -0.1371 0.9904
vn -0.0205 -0.1352 0.9906
vn -0.0350 -0.1217 0.9920
vn 0.0055 -0.1025 0.9947
vn -0.0114 -0.0954 0.9954
vn -0.5535 0.3847 0.7387
vn -0.0604 -0.1259 0.9902
vn -0.5372 0.3722 0.7569
vn -0.0228 -0.0994 0.9948
vn -0.5328 0.3926 0.7497
vn -0.5047 0.3950 0.7676
vn -0.4905 0.4262 0.7601
vn 0.0360 -0.0426 0.9984
vn -0.4568 0.4403 0.7730
vn 0.0374 -0.0366 0.9986
vn 0.0965 0.0375 0.9946
vn 0.1027 0.0275 0.9943
vn -0.4399 0.4736 0.7630
vn -0.4064 0.4914 0.7703
vn 0.0548 -0.0378 0.9978
vn 0.1110 0.0394 0.9930
vn 0.1613 0.1110 0.9806
vn 0.1509 0.1076 0.9827
vn 0.2013 0.1695 0.9647
vn 0.1945 0.1650 0.9669
vn -0.3909 0.5226 0.7577
vn 0.1635 0.0936 0.9821
vn -0.3635 0.5383 0.7603
vn 0.2118 0.1475 0.9661
vn -0.3515 0.5630 0.7480
vn -0.3299 0.5759 0.7480
vn -0.3211 0.5950 0.7368
vn 0.2630 0.2059 0.9426
vn -0.2884 0.6142 0.7345
vn 0.2411 0.2277 0.9434
vn 0.2977 0.3059 0.9043
vn 0.3259 0.2794 0.9032
vn -0.2767 0.6424 0.7147
vn -0.2404 0.6644 0.7076
vn 0.2436 0.2333 0.9414
vn 0.2948 0.3131 0.9028
vn 0.3409 0.3874 0.8566
vn 0.3483 0.3774 0.8580
vn 0.3742 0.4403 0.8161
vn 0.3825 0.4268 0.8195
vn -0.2283 0.6953 0.6815
vn 0.3831 0.3483 0.8555
vn -0.2012 0.7134 0.6712
vn 0.4215 0.3992 0.8143
vn -0.1900 0.7383 0.6472
vn -0.1657 0.7590 0.6296
vn -0.1843 0.7750 0.6045
vn 0.4390 0.4385 0.7842
vn -0.1568 0.7770 0.6096
vn 0.4055 0.4607 0.7895
vn 0.4301 0.4933 0.7561
vn 0.4522 0.4747 0.7551
vn -0.1787 0.7955 0.5790
vn -0.1551 0.7944 0.5873
vn 0.4011 0.4767 0.7822
vn 0.4322 0.5102 0.7436
vn 0.4624 0.5378 0.7050
vn 0.4560 0.5209 0.7216
vn 0.4875 0.5550 0.6740
vn 0.4791 0.5398 0.6921
vn -0.1659 0.8089 0.5641
vn 0.4675 0.5010 0.7283
vn -0.1552 0.8078 0.5686
vn 0.4845 0.5180 0.7050
vn -0.1542 0.8148 0.5588
vn -0.1497 0.8178 0.5558
vn -0.1399 0.8226 0.5512
vn 0.5110 0.5416 0.6675
vn -0.1277 0.8354 0.5346
vn 0.5058 0.5626 0.6540
vn 0.5373 0.5973 0.5954
vn 0.5466 0.5803 0.6037
vn -0.1174 0.8468 0.5189
vn -0.0956 0.8656 0.4915
vn 0.5135 0.5753 0.6367
vn 0.5413 0.6055 0.5833
vn 0.5681 0.6444 0.5118
vn 0.5684 0.6407 0.5162
vn -0.0935 0.8822 0.4614
vn 0.5814 0.6272 0.5183
vn -0.0668 0.8998 0.4312
vn -0.0717 0.9165 0.3935
# 707 vertex normals

vt 0.3398 0.2749 0.0000
vt 0.3435 0.2744 0.0000
vt 0.3443 0.2854 0.0000
vt 0.3378 0.2861 0.0000
vt 0.3372 0.2752 0.0000
vt 0.3337 0.2755 0.0000
vt 0.3317 0.2867 0.0000
vt 0.3312 0.2758 0.0000
vt 0.3278 0.2760 0.0000
vt 0.3257 0.2870 0.0000
vt 0.3253 0.2761 0.0000
vt 0.3227 0.2762 0.0000
vt 0.3192 0.2872 0.0000
vt 0.3190 0.2762 0.0000
vt 0.3694 0.2700 0.0000
vt 0.3746 0.2690 0.0000
vt 0.3761 0.2806 0.0000
vt 0.3674 0.2821 0.0000
vt 0.3661 0.2707 0.0000
vt 0.3612 0.2716 0.0000
vt 0.3592 0.2834 0.0000
vt 0.3580 0.2722 0.0000
vt 0.3535 0.2729 0.0000
vt 0.3514 0.2845 0.0000
vt 0.3505 0.2734 0.0000
vt 0.3463 0.2740 0.0000
vt 0.4043 0.2618 0.0000
vt 0.4099 0.2603 0.0000
vt 0.4122 0.2732 0.0000
vt 0.4034 0.2751 0.0000
vt 0.4013 0.2626 0.0000
vt 0.3956 0.2641 0.0000
vt 0.3943 0.2771 0.0000
vt 0.3924 0.2648 0.0000
vt 0.3867 0.2662 0.0000
vt 0.3851 0.2789 0.0000
vt 0.3834 0.2670 0.0000
vt 0.3779 0.2682 0.0000
vt 0.4354 0.2530 0.0000
vt 0.4370 0.2525 0.0000
vt 0.4398 0.2664 0.0000
vt 0.4344 0.2678 0.0000
vt 0.4317 0.2541 0.0000
vt 0.4297 0.2547 0.0000
vt 0.4278 0.2695 0.0000
vt 0.4253 0.2560 0.0000
vt 0.4230 0.2566 0.0000
vt 0.4204 0.2713 0.0000
vt 0.4180 0.2581 0.0000
vt 0.4126 0.2596 0.0000
vt 0.4485 0.2484 0.0000
vt 0.4491 0.2481 0.0000
vt 0.4521 0.2625 0.0000
vt 0.4499 0.2634 0.0000
vt 0.4469 0.2490 0.0000
vt 0.4462 0.2493 0.0000
vt 0.4473 0.2642 0.0000
vt 0.4443 0.2500 0.0000
vt 0.4434 0.2503 0.0000
vt 0.4440 0.2652 0.0000
vt 0.4412 0.2511 0.0000
vt 0.4399 0.2515 0.0000
vt 0.4609 0.2435 0.0000
vt 0.4662 0.2416 0.0000
vt 0.4697 0.2569 0.0000
vt 0.4623 0.2591 0.0000
vt 0.4591 0.2442 0.0000
vt 0.4556 0.2454 0.0000
vt 0.4575 0.2606 0.0000
vt 0.4544 0.2459 0.0000
vt 0.4521 0.2468 0.0000
vt 0.4544 0.2617 0.0000
vt 0.4513 0.2471 0.0000
vt 0.4507 0.2474 0.0000
vt 0.5058 0.2278 0.0000
vt 0.5064 0.2276 0.0000
vt 0.5096 0.2497 0.0000
vt 0.5013 0.2508 0.0000
vt 0.4984 0.2305 0.0000
vt 0.4970 0.2310 0.0000
vt 0.4911 0.2524 0.0000
vt 0.4877 0.2342 0.0000
vt 0.4856 0.2349 0.0000
vt 0.4799 0.2543 0.0000
vt 0.4763 0.2381 0.0000
vt 0.4686 0.2408 0.0000
vt 0.5174 0.2233 0.0000
vt 0.5214 0.2219 0.0000
vt 0.5215 0.2226 0.0000
vt 0.5175 0.2237 0.0000
vt 0.5250 0.2208 0.0000
vt 0.5251 0.2216 0.0000
vt 0.5295 0.2460 0.0000
vt 0.5257 0.2470 0.0000
vt 0.5214 0.2480 0.0000
vt 0.5148 0.2243 0.0000
vt 0.5162 0.2489 0.0000
vt 0.5125 0.2252 0.0000
vt 0.5124 0.2253 0.0000
vt 0.5377 0.2179 0.0000
vt 0.5439 0.2166 0.0000
vt 0.5482 0.2378 0.0000
vt 0.5421 0.2408 0.0000
vt 0.5374 0.2180 0.0000
vt 0.5325 0.2190 0.0000
vt 0.5373 0.2431 0.0000
vt 0.5284 0.2199 0.0000
vt 0.5285 0.2199 0.0000
vt 0.5286 0.2204 0.0000
vt 0.5324 0.2190 0.0000
vt 0.5332 0.2447 0.0000
vt 0.5767 0.2095 0.0000
vt 0.5856 0.2075 0.0000
vt 0.5896 0.2283 0.0000
vt 0.5797 0.2302 0.0000
vt 0.5758 0.2097 0.0000
vt 0.5656 0.2119 0.0000
vt 0.5682 0.2323 0.0000
vt 0.5644 0.2122 0.0000
vt 0.5544 0.2144 0.0000
vt 0.5569 0.2347 0.0000
vt 0.5531 0.2146 0.0000
vt 0.5447 0.2164 0.0000
vt 0.6022 0.2036 0.0000
vt 0.6024 0.2036 0.0000
vt 0.6069 0.2249 0.0000
vt 0.6045 0.2255 0.0000
vt 0.6001 0.2042 0.0000
vt 0.5998 0.2043 0.0000
vt 0.6014 0.2261 0.0000
vt 0.5971 0.2049 0.0000
vt 0.5967 0.2050 0.0000
vt 0.5967 0.2270 0.0000
vt 0.5925 0.2060 0.0000
vt 0.5862 0.2074 0.0000
vt 0.0147 0.2232 0.0000
vt 0.0201 0.2242 0.0000
vt 0.0164 0.2471 0.0000
vt 0.0104 0.2463 0.0000
vt 0.0142 0.2232 0.0000
vt 0.6112 0.2011 0.0000
vt 0.6115 0.2011 0.0000
vt 0.6163 0.2229 0.0000
vt 0.6121 0.2237 0.0000
vt 0.6075 0.2022 0.0000
vt 0.6072 0.2022 0.0000
vt 0.6092 0.2244 0.0000
vt 0.6046 0.2030 0.0000
vt 0.6044 0.2030 0.0000
vt 0.0600 0.2310 0.0000
vt 0.0611 0.2312 0.0000
vt 0.0586 0.2527 0.0000
vt 0.0458 0.2510 0.0000
vt 0.0489 0.2291 0.0000
vt 0.0479 0.2290 0.0000
vt 0.0345 0.2495 0.0000
vt 0.0378 0.2272 0.0000
vt 0.0370 0.2271 0.0000
vt 0.0245 0.2482 0.0000
vt 0.0281 0.2256 0.0000
vt 0.0208 0.2243 0.0000
vt 0.1036 0.2379 0.0000
vt 0.1040 0.2379 0.0000
vt 0.1015 0.2591 0.0000
vt 0.0950 0.2580 0.0000
vt 0.0970 0.2369 0.0000
vt 0.0965 0.2369 0.0000
vt 0.0861 0.2565 0.0000
vt 0.0876 0.2355 0.0000
vt 0.0867 0.2353 0.0000
vt 0.0733 0.2546 0.0000
vt 0.0749 0.2334 0.0000
vt 0.0737 0.2333 0.0000
vt 0.1289 0.2408 0.0000
vt 0.1373 0.2417 0.0000
vt 0.1334 0.2599 0.0000
vt 0.1224 0.2600 0.0000
vt 0.1272 0.2406 0.0000
vt 0.1186 0.2396 0.0000
vt 0.1137 0.2599 0.0000
vt 0.1177 0.2395 0.0000
vt 0.1107 0.2387 0.0000
vt 0.1072 0.2596 0.0000
vt 0.1103 0.2387 0.0000
vt 0.1099 0.2387 0.0000
vt 0.1595 0.2450 0.0000
vt 0.1579 0.2618 0.0000
vt 0.1542 0.2608 0.0000
vt 0.1587 0.2447 0.0000
vt 0.1556 0.2441 0.0000
vt 0.1546 0.2439 0.0000
vt 0.1498 0.2601 0.0000
vt 0.1513 0.2435 0.0000
vt 0.1498 0.2432 0.0000
vt 0.1432 0.2598 0.0000
vt 0.1455 0.2427 0.0000
vt 0.1393 0.2420 0.0000
vt 0.1794 0.2515 0.0000
vt 0.1808 0.2520 0.0000
vt 0.1776 0.2683 0.0000
vt 0.1708 0.2663 0.0000
vt 0.1734 0.2497 0.0000
vt 0.1724 0.2494 0.0000
vt 0.1657 0.2646 0.0000
vt 0.1679 0.2479 0.0000
vt 0.1670 0.2477 0.0000
vt 0.1616 0.2631 0.0000
vt 0.1634 0.2464 0.0000
vt 0.1627 0.2462 0.0000
vt 0.2144 0.2618 0.0000
vt 0.2195 0.2633 0.0000
vt 0.2166 0.2771 0.0000
vt 0.2091 0.2755 0.0000
vt 0.2123 0.2612 0.0000
vt 0.2047 0.2590 0.0000
vt 0.1982 0.2733 0.0000
vt 0.2020 0.2583 0.0000
vt 0.1930 0.2556 0.0000
vt 0.1868 0.2708 0.0000
vt 0.1905 0.2549 0.0000
vt 0.1885 0.2543 0.0000
vt 0.2306 0.2664 0.0000
vt 0.2321 0.2668 0.0000
vt 0.2296 0.2803 0.0000
vt 0.2272 0.2798 0.0000
vt 0.2298 0.2662 0.0000
vt 0.2290 0.2660 0.0000
vt 0.2246 0.2791 0.0000
vt 0.2273 0.2655 0.0000
vt 0.2263 0.2652 0.0000
vt 0.2214 0.2783 0.0000
vt 0.2241 0.2646 0.0000
vt 0.2227 0.2642 0.0000
vt 0.2435 0.2691 0.0000
vt 0.2475 0.2698 0.0000
vt 0.2458 0.2826 0.0000
vt 0.2392 0.2818 0.0000
vt 0.2413 0.2688 0.0000
vt 0.2387 0.2683 0.0000
vt 0.2350 0.2813 0.0000
vt 0.2373 0.2680 0.0000
vt 0.2354 0.2676 0.0000
vt 0.2321 0.2808 0.0000
vt 0.2345 0.2674 0.0000
vt 0.2329 0.2670 0.0000
vt 0.2829 0.2740 0.0000
vt 0.2863 0.2744 0.0000
vt 0.2858 0.2861 0.0000
vt 0.2764 0.2854 0.0000
vt 0.2772 0.2735 0.0000
vt 0.2736 0.2731 0.0000
vt 0.2666 0.2845 0.0000
vt 0.2677 0.2724 0.0000
vt 0.2609 0.2716 0.0000
vt 0.2557 0.2835 0.0000
vt 0.2570 0.2711 0.0000
vt 0.2510 0.2702 0.0000
vt 0.3161 0.2762 0.0000
vt 0.3119 0.2872 0.0000
vt 0.3118 0.2761 0.0000
vt 0.3086 0.2759 0.0000
vt 0.3037 0.2870 0.0000
vt 0.3039 0.2757 0.0000
vt 0.3005 0.2755 0.0000
vt 0.2950 0.2866 0.0000
vt 0.2953 0.2751 0.0000
vt 0.2918 0.2748 0.0000
vt 0.3246 0.3692 0.0000
vt 0.3212 0.3693 0.0000
vt 0.3208 0.3573 0.0000
vt 0.3279 0.3570 0.0000
vt 0.3284 0.3690 0.0000
vt 0.3202 0.3320 0.0000
vt 0.3271 0.3318 0.0000
vt 0.3282 0.3569 0.0000
vt 0.3336 0.3314 0.0000
vt 0.3346 0.3566 0.0000
vt 0.3315 0.3688 0.0000
vt 0.3351 0.3686 0.0000
vt 0.3196 0.3084 0.0000
vt 0.3263 0.3082 0.0000
vt 0.3326 0.3079 0.0000
vt 0.3319 0.2867 0.0000
vt 0.3273 0.3318 0.0000
vt 0.3389 0.3074 0.0000
vt 0.3401 0.3309 0.0000
vt 0.3456 0.3067 0.0000
vt 0.3470 0.3303 0.0000
vt 0.3382 0.3684 0.0000
vt 0.3413 0.3561 0.0000
vt 0.3418 0.3682 0.0000
vt 0.3484 0.3555 0.0000
vt 0.3452 0.3679 0.0000
vt 0.3490 0.3677 0.0000
vt 0.3526 0.3674 0.0000
vt 0.3561 0.3548 0.0000
vt 0.3567 0.3670 0.0000
vt 0.3546 0.3295 0.0000
vt 0.3627 0.3286 0.0000
vt 0.3644 0.3540 0.0000
vt 0.3606 0.3667 0.0000
vt 0.3651 0.3663 0.0000
vt 0.3530 0.3058 0.0000
vt 0.3610 0.3048 0.0000
vt 0.3694 0.3036 0.0000
vt 0.3714 0.3275 0.0000
vt 0.3783 0.3022 0.0000
vt 0.3804 0.3262 0.0000
vt 0.3692 0.3659 0.0000
vt 0.3731 0.3530 0.0000
vt 0.3739 0.3654 0.0000
vt 0.3823 0.3519 0.0000
vt 0.3782 0.3650 0.0000
vt 0.3831 0.3645 0.0000
vt 0.3876 0.3640 0.0000
vt 0.3918 0.3507 0.0000
vt 0.3926 0.3635 0.0000
vt 0.3898 0.3249 0.0000
vt 0.3993 0.3234 0.0000
vt 0.4014 0.3494 0.0000
vt 0.3972 0.3630 0.0000
vt 0.4022 0.3624 0.0000
vt 0.3875 0.3007 0.0000
vt 0.3969 0.2990 0.0000
vt 0.4062 0.2972 0.0000
vt 0.4087 0.3218 0.0000
vt 0.4152 0.2955 0.0000
vt 0.4178 0.3203 0.0000
vt 0.4068 0.3619 0.0000
vt 0.4109 0.3481 0.0000
vt 0.4117 0.3613 0.0000
vt 0.4200 0.3468 0.0000
vt 0.4162 0.3608 0.0000
vt 0.4209 0.3602 0.0000
vt 0.4251 0.3597 0.0000
vt 0.4286 0.3455 0.0000
vt 0.4295 0.3591 0.0000
vt 0.4263 0.3188 0.0000
vt 0.4339 0.3173 0.0000
vt 0.4363 0.3443 0.0000
vt 0.4334 0.3586 0.0000
vt 0.4373 0.3581 0.0000
vt 0.4235 0.2937 0.0000
vt 0.4311 0.2921 0.0000
vt 0.4378 0.2906 0.0000
vt 0.4407 0.3160 0.0000
vt 0.4377 0.2906 0.0000
vt 0.4433 0.2893 0.0000
vt 0.4463 0.3149 0.0000
vt 0.4407 0.3577 0.0000
vt 0.4432 0.3431 0.0000
vt 0.4442 0.3572 0.0000
vt 0.4489 0.3421 0.0000
vt 0.4471 0.3568 0.0000
vt 0.4499 0.3563 0.0000
vt 0.4522 0.3560 0.0000
vt 0.4534 0.3413 0.0000
vt 0.4545 0.3556 0.0000
vt 0.4507 0.3139 0.0000
vt 0.4542 0.3130 0.0000
vt 0.4569 0.3405 0.0000
vt 0.4563 0.3553 0.0000
vt 0.4580 0.3550 0.0000
vt 0.4476 0.2882 0.0000
vt 0.4509 0.2873 0.0000
vt 0.4536 0.2864 0.0000
vt 0.4569 0.3122 0.0000
vt 0.4559 0.2857 0.0000
vt 0.4594 0.3115 0.0000
vt 0.4595 0.3547 0.0000
vt 0.4598 0.3398 0.0000
vt 0.4609 0.3544 0.0000
vt 0.4623 0.3392 0.0000
vt 0.4623 0.3541 0.0000
vt 0.4635 0.3538 0.0000
vt 0.4649 0.3535 0.0000
vt 0.4649 0.3385 0.0000
vt 0.4661 0.3532 0.0000
vt 0.4619 0.3107 0.0000
vt 0.4652 0.3098 0.0000
vt 0.4683 0.3377 0.0000
vt 0.4679 0.3529 0.0000
vt 0.4696 0.3525 0.0000
vt 0.4583 0.2848 0.0000
vt 0.4615 0.2838 0.0000
vt 0.4664 0.2824 0.0000
vt 0.4702 0.3086 0.0000
vt 0.4739 0.2806 0.0000
vt 0.4777 0.3070 0.0000
vt 0.4722 0.3521 0.0000
vt 0.4734 0.3367 0.0000
vt 0.4747 0.3517 0.0000
vt 0.4810 0.3353 0.0000
vt 0.4786 0.3511 0.0000
vt 0.4823 0.3506 0.0000
vt 0.4872 0.3500 0.0000
vt 0.4911 0.3339 0.0000
vt 0.4925 0.3493 0.0000
vt 0.4879 0.3054 0.0000
vt 0.4984 0.3043 0.0000
vt 0.5013 0.3328 0.0000
vt 0.4974 0.3487 0.0000
vt 0.5026 0.3479 0.0000
vt 0.4842 0.2786 0.0000
vt 0.4949 0.2774 0.0000
vt 0.5046 0.2764 0.0000
vt 0.5078 0.3034 0.0000
vt 0.5128 0.2755 0.0000
vt 0.5159 0.3027 0.0000
vt 0.5071 0.3473 0.0000
vt 0.5105 0.3320 0.0000
vt 0.5117 0.3467 0.0000
vt 0.5186 0.3312 0.0000
vt 0.5158 0.3461 0.0000
vt 0.5197 0.3456 0.0000
vt 0.5232 0.3451 0.0000
vt 0.5253 0.3306 0.0000
vt 0.5264 0.3446 0.0000
vt 0.5226 0.3020 0.0000
vt 0.5282 0.3014 0.0000
vt 0.5310 0.3301 0.0000
vt 0.5294 0.3442 0.0000
vt 0.5321 0.3438 0.0000
vt 0.5195 0.2747 0.0000
vt 0.5249 0.2740 0.0000
vt 0.5295 0.2732 0.0000
vt 0.5328 0.3007 0.0000
vt 0.5335 0.2722 0.0000
vt 0.5371 0.2998 0.0000
vt 0.5347 0.3434 0.0000
vt 0.5358 0.3295 0.0000
vt 0.5369 0.3431 0.0000
vt 0.5401 0.3287 0.0000
vt 0.5389 0.3428 0.0000
vt 0.5412 0.3425 0.0000
vt 0.5432 0.3422 0.0000
vt 0.5443 0.3278 0.0000
vt 0.5455 0.3420 0.0000
vt 0.5412 0.2987 0.0000
vt 0.5457 0.2973 0.0000
vt 0.5490 0.3267 0.0000
vt 0.5477 0.3417 0.0000
vt 0.5502 0.3414 0.0000
vt 0.5375 0.2710 0.0000
vt 0.5418 0.2693 0.0000
vt 0.5469 0.2671 0.0000
vt 0.5511 0.2955 0.0000
vt 0.5532 0.2643 0.0000
vt 0.5577 0.2931 0.0000
vt 0.5530 0.3411 0.0000
vt 0.5545 0.3253 0.0000
vt 0.5559 0.3409 0.0000
vt 0.5613 0.3235 0.0000
vt 0.5594 0.3405 0.0000
vt 0.5627 0.3402 0.0000
vt 0.5674 0.3397 0.0000
vt 0.5698 0.3215 0.0000
vt 0.5714 0.3394 0.0000
vt 0.5660 0.2904 0.0000
vt 0.5769 0.2882 0.0000
vt 0.5805 0.3198 0.0000
vt 0.5774 0.3388 0.0000
vt 0.5822 0.3384 0.0000
vt 0.5616 0.2610 0.0000
vt 0.5726 0.2587 0.0000
vt 0.5841 0.2567 0.0000
vt 0.5883 0.2865 0.0000
vt 0.5941 0.2551 0.0000
vt 0.5982 0.2851 0.0000
vt 0.5886 0.3378 0.0000
vt 0.5919 0.3184 0.0000
vt 0.5935 0.3374 0.0000
vt 0.6017 0.3173 0.0000
vt 0.5991 0.3369 0.0000
vt 0.6032 0.3365 0.0000
vt 0.6073 0.3362 0.0000
vt 0.6088 0.3165 0.0000
vt 0.6102 0.3359 0.0000
vt 0.6053 0.2841 0.0000
vt 0.6100 0.2834 0.0000
vt 0.6134 0.3160 0.0000
vt 0.6129 0.3357 0.0000
vt 0.6149 0.3355 0.0000
vt 0.6012 0.2539 0.0000
vt 0.6059 0.2531 0.0000
vt 0.6090 0.2526 0.0000
vt 0.6131 0.2830 0.0000
vt 0.6114 0.2521 0.0000
vt 0.6091 0.2527 0.0000
vt 0.6155 0.2826 0.0000
vt 0.6166 0.3353 0.0000
vt 0.6165 0.3156 0.0000
vt 0.6179 0.3352 0.0000
vt 0.6189 0.3153 0.0000
vt 0.6193 0.3350 0.0000
vt 0.6203 0.3349 0.0000
vt 0.6216 0.3348 0.0000
vt 0.6212 0.3150 0.0000
vt 0.6226 0.3347 0.0000
vt 0.6179 0.2823 0.0000
vt 0.6208 0.2819 0.0000
vt 0.6242 0.3148 0.0000
vt 0.6243 0.3346 0.0000
vt 0.6255 0.3345 0.0000
vt 0.6138 0.2517 0.0000
vt 0.6122 0.2239 0.0000
vt 0.6168 0.2512 0.0000
vt 0.6210 0.2506 0.0000
vt 0.6251 0.2814 0.0000
vt 0.0130 0.2758 0.0000
vt 0.0070 0.2752 0.0000
vt 0.0106 0.3077 0.0000
vt 0.0046 0.3073 0.0000
vt 0.6279 0.3344 0.0000
vt 0.6283 0.3145 0.0000
vt 0.6297 0.3342 0.0000
vt 0.0092 0.3416 0.0000
vt 0.0033 0.3413 0.0000
vt 0.0066 0.3617 0.0000
vt 0.0032 0.3616 0.0000
vt 0.0091 0.3618 0.0000
vt 0.0125 0.3619 0.0000
vt 0.0174 0.3419 0.0000
vt 0.0172 0.3620 0.0000
vt 0.0188 0.3083 0.0000
vt 0.0289 0.3090 0.0000
vt 0.0274 0.3424 0.0000
vt 0.0230 0.3621 0.0000
vt 0.0272 0.3622 0.0000
vt 0.0213 0.2767 0.0000
vt 0.0313 0.2777 0.0000
vt 0.0427 0.2789 0.0000
vt 0.0402 0.3099 0.0000
vt 0.0555 0.2800 0.0000
vt 0.0526 0.3107 0.0000
vt 0.0336 0.3624 0.0000
vt 0.0386 0.3429 0.0000
vt 0.0383 0.3625 0.0000
vt 0.0507 0.3434 0.0000
vt 0.0452 0.3627 0.0000
vt 0.0503 0.3629 0.0000
vt 0.0970 0.3638 0.0000
vt 0.0921 0.3637 0.0000
vt 0.0924 0.3428 0.0000
vt 0.0994 0.3431 0.0000
vt 0.0995 0.3638 0.0000
vt 0.0876 0.3636 0.0000
vt 0.0805 0.3431 0.0000
vt 0.0797 0.3635 0.0000
vt 0.0827 0.3110 0.0000
vt 0.0933 0.3116 0.0000
vt 0.0997 0.3127 0.0000
vt 0.0732 0.3633 0.0000
vt 0.0637 0.3632 0.0000
vt 0.0643 0.3437 0.0000
vt 0.0580 0.3630 0.0000
vt 0.0672 0.3111 0.0000
vt 0.0709 0.2808 0.0000
vt 0.0847 0.2816 0.0000
vt 0.0938 0.2828 0.0000
vt 0.0999 0.2841 0.0000
vt 0.1011 0.3639 0.0000
vt 0.1041 0.3435 0.0000
vt 0.1043 0.3639 0.0000
vt 0.1043 0.3135 0.0000
vt 0.1085 0.3140 0.0000
vt 0.1081 0.3437 0.0000
vt 0.1072 0.3640 0.0000
vt 0.1086 0.3640 0.0000
vt 0.1049 0.2849 0.0000
vt 0.1102 0.2854 0.0000
vt 0.1168 0.2858 0.0000
vt 0.1135 0.3144 0.0000
vt 0.1263 0.2862 0.0000
vt 0.1204 0.3148 0.0000
vt 0.1116 0.3641 0.0000
vt 0.1124 0.3438 0.0000
vt 0.1131 0.3641 0.0000
vt 0.1181 0.3440 0.0000
vt 0.1151 0.3641 0.0000
vt 0.1189 0.3642 0.0000
vt 0.1216 0.3642 0.0000
vt 0.1261 0.3442 0.0000
vt 0.1266 0.3644 0.0000
vt 0.1299 0.3150 0.0000
vt 0.1399 0.3150 0.0000
vt 0.1358 0.3445 0.0000
vt 0.1299 0.3644 0.0000
vt 0.1360 0.3646 0.0000
vt 0.1371 0.2862 0.0000
vt 0.1458 0.2862 0.0000
vt 0.1515 0.2865 0.0000
vt 0.1477 0.3150 0.0000
vt 0.1557 0.2872 0.0000
vt 0.1530 0.3153 0.0000
vt 0.1419 0.3648 0.0000
vt 0.1448 0.3447 0.0000
vt 0.1449 0.3648 0.0000
vt 0.1513 0.3449 0.0000
vt 0.1496 0.3650 0.0000
vt 0.1513 0.3448 0.0000
vt 0.1518 0.3651 0.0000
vt 0.1534 0.3652 0.0000
vt 0.1564 0.3451 0.0000
vt 0.1571 0.3654 0.0000
vt 0.1574 0.3158 0.0000
vt 0.1619 0.3166 0.0000
vt 0.1614 0.3456 0.0000
vt 0.1587 0.3656 0.0000
vt 0.1623 0.3659 0.0000
vt 0.1596 0.2882 0.0000
vt 0.1638 0.2894 0.0000
vt 0.1687 0.2907 0.0000
vt 0.1669 0.3176 0.0000
vt 0.1749 0.2924 0.0000
vt 0.1731 0.3189 0.0000
vt 0.1640 0.3660 0.0000
vt 0.1670 0.3462 0.0000
vt 0.1681 0.3663 0.0000
vt 0.1736 0.3473 0.0000
vt 0.1702 0.3665 0.0000
vt 0.1750 0.3668 0.0000
vt 0.1776 0.3670 0.0000
vt 0.1817 0.3488 0.0000
vt 0.1832 0.3674 0.0000
vt 0.1811 0.3207 0.0000
vt 0.1914 0.3228 0.0000
vt 0.1917 0.3507 0.0000
vt 0.1868 0.3676 0.0000
vt 0.1930 0.3680 0.0000
vt 0.1831 0.2944 0.0000
vt 0.1940 0.2966 0.0000
vt 0.2050 0.2987 0.0000
vt 0.2050 0.2985 0.0000
vt 0.2019 0.3246 0.0000
vt 0.2126 0.3000 0.0000
vt 0.2094 0.3259 0.0000
vt 0.1969 0.3682 0.0000
vt 0.2012 0.3525 0.0000
vt 0.2023 0.3684 0.0000
vt 0.2082 0.3538 0.0000
vt 0.2054 0.3686 0.0000
vt 0.2090 0.3688 0.0000
vt 0.2112 0.3690 0.0000
vt 0.2128 0.3546 0.0000
vt 0.2135 0.3692 0.0000
vt 0.2142 0.3267 0.0000
vt 0.2176 0.3274 0.0000
vt 0.2161 0.3552 0.0000
vt 0.2152 0.3693 0.0000
vt 0.2168 0.3694 0.0000
vt 0.2175 0.3010 0.0000
vt 0.2208 0.3018 0.0000
vt 0.2235 0.3024 0.0000
vt 0.2204 0.3279 0.0000
vt 0.2260 0.3029 0.0000
vt 0.2229 0.3283 0.0000
vt 0.2182 0.3696 0.0000
vt 0.2189 0.3557 0.0000
vt 0.2195 0.3697 0.0000
vt 0.2215 0.3560 0.0000
vt 0.2209 0.3698 0.0000
vt 0.2221 0.3699 0.0000
vt 0.2236 0.3699 0.0000
vt 0.2243 0.3563 0.0000
vt 0.2249 0.3700 0.0000
vt 0.2256 0.3287 0.0000
vt 0.2289 0.3290 0.0000
vt 0.2276 0.3567 0.0000
vt 0.2243 0.3564 0.0000
vt 0.2266 0.3701 0.0000
vt 0.2281 0.3701 0.0000
vt 0.2285 0.3033 0.0000
vt 0.2316 0.3038 0.0000
vt 0.2359 0.3043 0.0000
vt 0.2333 0.3295 0.0000
vt 0.2428 0.3049 0.0000
vt 0.2403 0.3300 0.0000
vt 0.2305 0.3702 0.0000
vt 0.2320 0.3570 0.0000
vt 0.2325 0.3703 0.0000
vt 0.2390 0.3573 0.0000
vt 0.2362 0.3703 0.0000
vt 0.2392 0.3703 0.0000
vt 0.2440 0.3704 0.0000
vt 0.2498 0.3574 0.0000
vt 0.2498 0.3704 0.0000
vt 0.2511 0.3304 0.0000
vt 0.2634 0.3308 0.0000
vt 0.2626 0.3573 0.0000
vt 0.2558 0.3704 0.0000
vt 0.2625 0.3704 0.0000
vt 0.2532 0.3056 0.0000
vt 0.2649 0.3064 0.0000
vt 0.2751 0.3071 0.0000
vt 0.2742 0.3313 0.0000
vt 0.2850 0.3077 0.0000
vt 0.2845 0.3317 0.0000
vt 0.2682 0.3703 0.0000
vt 0.2739 0.3574 0.0000
vt 0.2741 0.3703 0.0000
vt 0.2844 0.3576 0.0000
vt 0.2792 0.3703 0.0000
vt 0.2847 0.3702 0.0000
vt 0.2895 0.3702 0.0000
vt 0.2946 0.3576 0.0000
vt 0.2949 0.3701 0.0000
vt 0.2944 0.3320 0.0000
vt 0.3038 0.3322 0.0000
vt 0.3041 0.3576 0.0000
vt 0.2994 0.3700 0.0000
vt 0.3044 0.3699 0.0000
vt 0.2946 0.3081 0.0000
vt 0.3037 0.3084 0.0000
vt 0.3120 0.3085 0.0000
vt 0.3124 0.3322 0.0000
vt 0.3086 0.3698 0.0000
vt 0.3129 0.3575 0.0000
vt 0.3132 0.3696 0.0000
vt 0.3170 0.3695 0.0000
vt 0.6797 0.0549 0.0000
vt 0.6940 0.0621 0.0000
vt 0.7004 0.0663 0.0000
vt 0.6750 0.0526 0.0000
vt 0.6609 0.0478 0.0000
vt 0.6568 0.0465 0.0000
vt 0.6413 0.0441 0.0000
vt 0.6372 0.0435 0.0000
vt 0.6191 0.0429 0.0000
vt 0.6147 0.0429 0.0000
vt 0.5921 0.0438 0.0000
vt 0.5866 0.0442 0.0000
vt 0.7176 0.0773 0.0000
vt 0.7416 0.0951 0.0000
vt 0.7496 0.1011 0.0000
vt 0.7811 0.1264 0.0000
vt 0.7874 0.1315 0.0000
vt 0.8179 0.1596 0.0000
vt 0.8209 0.1625 0.0000
vt 0.8431 0.1883 0.0000
vt 0.8444 0.1898 0.0000
vt 0.8453 0.1913 0.0000
vt 0.8602 0.2159 0.0000
vt 0.8608 0.2174 0.0000
vt 0.8723 0.2469 0.0000
vt 0.8729 0.2492 0.0000
vt 0.5567 0.0462 0.0000
vt 0.5495 0.0469 0.0000
vt 0.8842 0.2897 0.0000
vt 0.8851 0.2937 0.0000
vt 0.5102 0.0496 0.0000
vt 0.5003 0.0505 0.0000
vt 0.4877 0.0515 0.0000
vt 0.4421 0.0548 0.0000
vt 0.4283 0.0559 0.0000
vt 0.3898 0.0593 0.0000
vt 0.3789 0.0605 0.0000
vt 0.3525 0.0639 0.0000
vt 0.3353 0.0674 0.0000
vt 0.3278 0.0687 0.0000
vt 0.3157 0.0722 0.0000
vt 0.3104 0.0736 0.0000
vt 0.3009 0.0772 0.0000
vt 0.2967 0.0788 0.0000
vt 0.2929 0.0805 0.0000
vt 0.2845 0.0844 0.0000
vt 0.2806 0.0864 0.0000
vt 0.2723 0.0909 0.0000
vt 0.2680 0.0937 0.0000
vt 0.2589 0.0996 0.0000
vt 0.2535 0.1040 0.0000
vt 0.2426 0.1129 0.0000
vt 0.2348 0.1206 0.0000
vt 0.2202 0.1351 0.0000
vt 0.2091 0.1476 0.0000
vt 0.1896 0.1700 0.0000
vt 0.1780 0.1849 0.0000
vt 0.8975 0.3477 0.0000
vt 0.1582 0.2110 0.0000
vt 0.1425 0.2355 0.0000
vt 0.1330 0.2496 0.0000
vt 0.1193 0.2735 0.0000
vt 0.1107 0.2878 0.0000
vt 0.0981 0.3113 0.0000
vt 0.0900 0.3258 0.0000
vt 0.0791 0.3484 0.0000
vt 0.0720 0.3628 0.0000
vt 0.0633 0.3841 0.0000
vt 0.0575 0.3982 0.0000
vt 0.0516 0.4178 0.0000
vt 0.0475 0.4311 0.0000
vt 0.0448 0.4490 0.0000
vt 0.0429 0.4614 0.0000
vt 0.0430 0.4731 0.0000
vt 0.0431 0.4899 0.0000
vt 0.0448 0.5015 0.0000
vt 0.0474 0.5183 0.0000
vt 0.0504 0.5303 0.0000
vt 0.8986 0.3532 0.0000
vt 0.0549 0.5479 0.0000
vt 0.0590 0.5607 0.0000
vt 0.0650 0.5798 0.0000
vt 0.0702 0.5931 0.0000
vt 0.0781 0.6135 0.0000
vt 0.0844 0.6271 0.0000
vt 0.0943 0.6485 0.0000
vt 0.1019 0.6619 0.0000
vt 0.1142 0.6838 0.0000
vt 0.1229 0.6967 0.0000
vt 0.9103 0.4106 0.0000
vt 0.1378 0.7187 0.0000
vt 0.1472 0.7310 0.0000
vt 0.1641 0.7527 0.0000
vt 0.1737 0.7641 0.0000
vt 0.1917 0.7852 0.0000
vt 0.2011 0.7955 0.0000
vt 0.2195 0.8156 0.0000
vt 0.2283 0.8247 0.0000
vt 0.2462 0.8434 0.0000
vt 0.2631 0.8604 0.0000
vt 0.2709 0.8682 0.0000
vt 0.2862 0.8830 0.0000
vt 0.2929 0.8895 0.0000
vt 0.3059 0.9018 0.0000
vt 0.3114 0.9070 0.0000
vt 0.3217 0.9166 0.0000
vt 0.3260 0.9205 0.0000
vt 0.3342 0.9278 0.0000
vt 0.3375 0.9307 0.0000
vt 0.3444 0.9361 0.0000
vt 0.3472 0.9382 0.0000
vt 0.3537 0.9423 0.0000
vt 0.3563 0.9438 0.0000
vt 0.3636 0.9471 0.0000
vt 0.3664 0.9484 0.0000
vt 0.3704 0.9493 0.0000
vt 0.3811 0.9519 0.0000
vt 0.3872 0.9526 0.0000
vt 0.4043 0.9545 0.0000
vt 0.4133 0.9550 0.0000
vt 0.9113 0.4159 0.0000
vt 0.4399 0.9563 0.0000
vt 0.4514 0.9564 0.0000
vt 0.9213 0.4670 0.0000
vt 0.4895 0.9571 0.0000
vt 0.9221 0.4717 0.0000
vt 0.5350 0.9568 0.0000
vt 0.5456 0.9563 0.0000
vt 0.5907 0.9540 0.0000
vt 0.5975 0.9535 0.0000
vt 0.6333 0.9480 0.0000
vt 0.6360 0.9477 0.0000
vt 0.6644 0.9417 0.0000
vt 0.6649 0.9416 0.0000
vt 0.6755 0.9390 0.0000
vt 0.6874 0.9359 0.0000
vt 0.6877 0.9358 0.0000
vt 0.7056 0.9306 0.0000
vt 0.7212 0.9252 0.0000
vt 0.7358 0.9189 0.0000
vt 0.7361 0.9187 0.0000
vt 0.7518 0.9106 0.0000
vt 0.7524 0.9104 0.0000
vt 0.7717 0.8990 0.0000
vt 0.7727 0.8983 0.0000
vt 0.7961 0.8820 0.0000
vt 0.7989 0.8794 0.0000
vt 0.8267 0.8521 0.0000
vt 0.8305 0.8477 0.0000
vt 0.9308 0.5178 0.0000
vt 0.9315 0.5218 0.0000
vt 0.8610 0.8126 0.0000
vt 0.8645 0.8082 0.0000
vt 0.9390 0.5627 0.0000
vt 0.8946 0.7718 0.0000
vt 0.8974 0.7683 0.0000
vt 0.9452 0.5962 0.0000
vt 0.9457 0.5994 0.0000
vt 0.9227 0.7362 0.0000
vt 0.9244 0.7338 0.0000
vt 0.9504 0.6239 0.0000
vt 0.9509 0.6262 0.0000
vt 0.9512 0.6277 0.0000
vt 0.9544 0.6448 0.0000
vt 0.9546 0.6460 0.0000
vt 0.9413 0.7101 0.0000
vt 0.9564 0.6580 0.0000
vt 0.9565 0.6589 0.0000
vt 0.9571 0.6685 0.0000
vt 0.9570 0.6694 0.0000
vt 0.9507 0.6936 0.0000
vt 0.9516 0.6919 0.0000
vt 0.9557 0.6801 0.0000
vt 0.9561 0.6789 0.0000
vt 0.0596 0.5890 0.0000
vt 0.0575 0.5821 0.0000
vt 0.0561 0.5667 0.0000
vt 0.0692 0.6169 0.0000
vt 0.0673 0.3785 0.0000
vt 0.0695 0.3677 0.0000
vt 0.0726 0.3598 0.0000
vt 0.1778 0.7530 0.0000
vt 0.9565 0.6086 0.0000
vt 0.9557 0.6142 0.0000
vt 0.9531 0.6216 0.0000
vt 0.3751 0.9475 0.0000
vt 0.4216 0.9819 0.0000
vt 0.4160 0.9806 0.0000
vt 0.4106 0.9778 0.0000
vt 0.4019 0.9721 0.0000
vt 0.4067 0.9757 0.0000
vt 0.4293 0.9837 0.0000
vt 0.4381 0.9841 0.0000
vt 0.3984 0.9695 0.0000
vt 0.3927 0.9643 0.0000
vt 0.3886 0.9606 0.0000
vt 0.4501 0.9846 0.0000
vt 0.4636 0.9838 0.0000
vt 0.3808 0.9530 0.0000
vt 0.4818 0.9827 0.0000
vt 0.5009 0.9805 0.0000
vt 0.5263 0.9776 0.0000
vt 0.5484 0.9744 0.0000
vt 0.5775 0.9701 0.0000
vt 0.5990 0.9656 0.0000
vt 0.6262 0.9600 0.0000
vt 0.6438 0.9547 0.0000
vt 0.6645 0.9486 0.0000
vt 0.6791 0.9435 0.0000
vt 0.6946 0.9382 0.0000
vt 0.7068 0.9332 0.0000
vt 0.7187 0.9286 0.0000
vt 0.7291 0.9234 0.0000
vt 0.7385 0.9190 0.0000
vt 0.7476 0.9133 0.0000
vt 0.7555 0.9085 0.0000
vt 0.7641 0.9015 0.0000
vt 0.7713 0.8957 0.0000
vt 0.7787 0.8882 0.0000
vt 0.7875 0.8795 0.0000
vt 0.7956 0.8699 0.0000
vt 0.8050 0.8590 0.0000
vt 0.8144 0.8466 0.0000
vt 0.8248 0.8332 0.0000
vt 0.8355 0.8178 0.0000
vt 0.8469 0.8019 0.0000
vt 0.8591 0.7834 0.0000
vt 0.8715 0.7652 0.0000
vt 0.8848 0.7441 0.0000
vt 0.8977 0.7241 0.0000
vt 0.9107 0.7023 0.0000
vt 0.9229 0.6822 0.0000
vt 0.9314 0.6667 0.0000
vt 0.9404 0.6504 0.0000
vt 0.9455 0.6399 0.0000
vt 0.9507 0.6289 0.0000
vt 0.9574 0.6029 0.0000
vt 0.9575 0.5975 0.0000
vt 0.9576 0.5919 0.0000
vt 0.9571 0.5858 0.0000
vt 0.9565 0.5795 0.0000
vt 0.9555 0.5718 0.0000
vt 0.3640 0.9366 0.0000
vt 0.9543 0.5640 0.0000
vt 0.9527 0.5541 0.0000
vt 0.3558 0.9286 0.0000
vt 0.9510 0.5441 0.0000
vt 0.9487 0.5313 0.0000
vt 0.3445 0.9177 0.0000
vt 0.9464 0.5185 0.0000
vt 0.9435 0.5031 0.0000
vt 0.3292 0.9029 0.0000
vt 0.9406 0.4879 0.0000
vt 0.9369 0.4702 0.0000
vt 0.3104 0.8848 0.0000
vt 0.9334 0.4531 0.0000
vt 0.2965 0.8714 0.0000
vt 0.9290 0.4336 0.0000
vt 0.9248 0.4149 0.0000
vt 0.2754 0.8509 0.0000
vt 0.9195 0.3940 0.0000
vt 0.9145 0.3744 0.0000
vt 0.9083 0.3527 0.0000
vt 0.9026 0.3328 0.0000
vt 0.8952 0.3112 0.0000
vt 0.8886 0.2917 0.0000
vt 0.8800 0.2709 0.0000
vt 0.8724 0.2523 0.0000
vt 0.8625 0.2330 0.0000
vt 0.8539 0.2161 0.0000
vt 0.8431 0.1984 0.0000
vt 0.8338 0.1831 0.0000
vt 0.8226 0.1673 0.0000
vt 0.8129 0.1536 0.0000
vt 0.8017 0.1396 0.0000
vt 0.7920 0.1276 0.0000
vt 0.7810 0.1154 0.0000
vt 0.7717 0.1051 0.0000
vt 0.7602 0.0948 0.0000
vt 0.7505 0.0861 0.0000
vt 0.7379 0.0776 0.0000
vt 0.7271 0.0704 0.0000
vt 0.7123 0.0638 0.0000
vt 0.6997 0.0581 0.0000
vt 0.6822 0.0532 0.0000
vt 0.6671 0.0490 0.0000
vt 0.6471 0.0460 0.0000
vt 0.6297 0.0435 0.0000
vt 0.6076 0.0425 0.0000
vt 0.2598 0.8358 0.0000
vt 0.5881 0.0420 0.0000
vt 0.5646 0.0426 0.0000
vt 0.5435 0.0436 0.0000
vt 0.5192 0.0451 0.0000
vt 0.4968 0.0465 0.0000
vt 0.4708 0.0491 0.0000
vt 0.4458 0.0509 0.0000
vt 0.4159 0.0554 0.0000
vt 0.3892 0.0581 0.0000
vt 0.3634 0.0632 0.0000
vt 0.3426 0.0664 0.0000
vt 0.3297 0.0694 0.0000
vt 0.3133 0.0737 0.0000
vt 0.3052 0.0765 0.0000
vt 0.2952 0.0801 0.0000
vt 0.2893 0.0829 0.0000
vt 0.2824 0.0863 0.0000
vt 0.2776 0.0893 0.0000
vt 0.2721 0.0926 0.0000
vt 0.2676 0.0958 0.0000
vt 0.2626 0.0993 0.0000
vt 0.2580 0.1032 0.0000
vt 0.2530 0.1073 0.0000
vt 0.2477 0.1127 0.0000
vt 0.2421 0.1182 0.0000
vt 0.2352 0.1266 0.0000
vt 0.2284 0.1348 0.0000
vt 0.2185 0.1492 0.0000
vt 0.2095 0.1615 0.0000
vt 0.1955 0.1838 0.0000
vt 0.2374 0.8137 0.0000
vt 0.2207 0.7972 0.0000
vt 0.1846 0.1994 0.0000
vt 0.1677 0.2249 0.0000
vt 0.1962 0.7719 0.0000
vt 0.1572 0.2394 0.0000
vt 0.1410 0.2612 0.0000
vt 0.1328 0.2718 0.0000
vt 0.1182 0.2899 0.0000
vt 0.1117 0.2982 0.0000
vt 0.0994 0.3139 0.0000
vt 0.0941 0.3212 0.0000
vt 0.0843 0.3361 0.0000
vt 0.0801 0.3432 0.0000
vt 0.0621 0.4012 0.0000
vt 0.0607 0.4161 0.0000
vt 0.1489 0.7204 0.0000
vt 0.0573 0.4454 0.0000
vt 0.0554 0.4752 0.0000
vt 0.1288 0.6983 0.0000
vt 0.0549 0.4916 0.0000
vt 0.1060 0.6694 0.0000
vt 0.0541 0.5163 0.0000
vt 0.0543 0.5299 0.0000
vt 0.0544 0.5489 0.0000
vt 0.0550 0.5590 0.0000
vt 0.0927 0.6536 0.0000
vt 0.0799 0.6341 0.0000
vt 0.0730 0.6244 0.0000
vt 0.0629 0.6026 0.0000
# 1070 texture coords

o Object002
g Object002
usemtl wire_006135006
s 4
f 3139/3779/3140 3140/3780/3141 3141/3781/3142 3142/3782/3143 
f 3139/3779/3140 3142/3782/3143 3143/3783/3144 
f 3144/3784/3145 3143/3783/3144 3142/3782/3143 3145/3785/3146 
f 3144/3784/3145 3145/3785/3146 3146/3786/3147 
f 3147/3787/3148 3146/3786/3147 3145/3785/3146 3148/3788/3149 
f 3147/3787/3148 3148/3788/3149 3149/3789/3150 
f 3150/3790/3151 3149/3789/3150 3148/3788/3149 3151/3791/3152 
f 3152/3792/3153 3150/3790/3151 3151/3791/3152 
f 3153/3793/3154 3154/3794/3155 3155/3795/3156 3156/3796/3157 
f 3153/3793/3154 3156/3796/3157 3157/3797/3158 
f 3158/3798/3159 3157/3797/3158 3156/3796/3157 3159/3799/3160 
f 3158/3798/3159 3159/3799/3160 3160/3800/3161 
f 3161/3801/3162 3160/3800/3161 3159/3799/3160 3162/3802/3163 
f 3161/3801/3162 3162/3802/3163 3163/3803/3164 
f 3164/3804/3165 3163/3803/3164 3162/3802/3163 3141/3781/3142 
f 3164/3804/3165 3141/3781/3142 3140/3780/3141 
f 3165/3805/3166 3166/3806/3167 3167/3807/3168 3168/3808/3169 
f 3165/3805/3166 3168/3808/3169 3169/3809/3170 
f 3170/3810/3171 3169/3809/3170 3168/3808/3169 3171/3811/3172 
f 3170/3810/3171 3171/3811/3172 3172/3812/3173 
f 3173/3813/3174 3172/3812/3173 3171/3811/3172 3174/3814/3175 
f 3173/3813/3174 3174/3814/3175 3175/3815/3176 
f 3176/3816/3177 3175/3815/3176 3174/3814/3175 3155/3795/3156 
f 3176/3816/3177 3155/3795/3156 3154/3794/3155 
f 3177/3817/3178 3178/3818/3179 3179/3819/3180 3180/3820/3181 
f 3181/3821/3182 3177/3817/3178 3180/3820/3181 
f 3182/3822/3183 3181/3821/3182 3180/3820/3181 3183/3823/3184 
f 3184/3824/3185 3182/3822/3183 3183/3823/3184 
f 3185/3825/3186 3184/3824/3185 3183/3823/3184 3186/3826/3187 
f 3187/3827/3188 3185/3825/3186 3186/3826/3187 
f 3188/3828/3189 3187/3827/3188 3186/3826/3187 3167/3807/3168 
f 3188/3828/3189 3167/3807/3168 3166/3806/3167 
f 3189/3829/3190 3190/3830/3191 3191/3831/3192 3192/3832/3193 
f 3193/3833/3194 3189/3829/3190 3192/3832/3193 
f 3194/3834/3195 3193/3833/3194 3192/3832/3193 3195/3835/3196 
f 3196/3836/3197 3194/3834/3195 3195/3835/3196 
f 3197/3837/3198 3196/3836/3197 3195/3835/3196 3198/3838/3199 
f 3199/3839/3200 3197/3837/3198 3198/3838/3199 
f 3200/3840/3201 3199/3839/3200 3198/3838/3199 3179/3819/3180 
f 3178/3818/3179 3200/3840/3201 3179/3819/3180 
f 3201/3841/3202 3202/3842/3203 3203/3843/3204 3204/3844/3205 
f 3201/3841/3202 3204/3844/3205 3205/3845/3206 
f 3206/3846/3207 3205/3845/3206 3204/3844/3205 3207/3847/3208 
f 3206/3846/3207 3207/3847/3208 3208/3848/3209 
f 3209/3849/3210 3208/3848/3209 3207/3847/3208 3210/3850/3211 
f 3209/3849/3210 3210/3850/3211 3211/3851/3212 
f 3212/3852/3213 3211/3851/3212 3210/3850/3211 3191/3831/3192 
f 3190/3830/3191 3212/3852/3213 3191/3831/3192 
f 3213/3853/3214 3214/3854/3215 3215/3855/3216 3216/3856/3217 
f 3217/3857/3218 3213/3853/3214 3216/3856/3217 
f 3218/3858/3219 3217/3857/3218 3216/3856/3217 3219/3859/3220 
f 3220/3860/3221 3218/3858/3219 3219/3859/3220 
f 3221/3861/3222 3220/3860/3221 3219/3859/3220 3222/3862/3223 
f 3223/3863/3224 3221/3861/3222 3222/3862/3223 
f 3224/3864/3225 3223/3863/3224 3222/3862/3223 3203/3843/3204 
f 3224/3864/3225 3203/3843/3204 3202/3842/3203 
f 3225/3865/3226 3226/3866/3227 3227/3867/3228 3228/3868/3229 
f 3229/3865/3230 3225/3865/3226 3228/3868/3229 
f 3230/3869/3231 3231/3870/3232 3226/3866/3227 
f 3231/3870/3232 3227/3867/3228 3226/3866/3227 
f 3227/3867/3228 3231/3870/3232 3232/3871/3233 3233/3872/3234 
f 3227/3867/3228 3233/3872/3234 3234/3873/3235 3228/3868/3229 
f 3235/3874/3236 3229/3865/3230 3228/3868/3229 
f 3228/3868/3229 3234/3873/3235 3236/3875/3237 3235/3874/3236 
f 3236/3875/3237 3237/3876/3238 3235/3874/3236 
f 3238/3877/3239 3237/3876/3238 3236/3875/3237 3215/3855/3216 
f 3214/3854/3215 3238/3877/3239 3215/3855/3216 
f 3239/3878/3240 3240/3879/3241 3241/3880/3242 3242/3881/3243 
f 3239/3878/3240 3242/3881/3243 3243/3882/3244 
f 3244/3883/3245 3243/3882/3244 3242/3881/3243 3245/3884/3246 
f 3244/3883/3245 3245/3884/3246 3244/3883/3247 
f 3246/3885/3248 3247/3886/3249 3248/3887/3250 3231/3870/3232 
f 3246/3885/3248 3231/3870/3232 3230/3869/3231 
f 3247/3886/3249 3249/3888/3251 3248/3887/3250 
f 3245/3884/3246 3250/3889/3252 3248/3887/3250 3249/3888/3251 
f 3245/3884/3246 3249/3888/3251 3244/3883/3247 
f 3231/3870/3232 3248/3887/3250 3250/3889/3252 3232/3871/3233 
f 3251/3890/3253 3252/3891/3254 3253/3892/3255 3254/3893/3256 
f 3251/3890/3253 3254/3893/3256 3255/3894/3257 
f 3256/3895/3258 3255/3894/3257 3254/3893/3256 3257/3896/3259 
f 3256/3895/3258 3257/3896/3259 3258/3897/3260 
f 3259/3898/3261 3258/3897/3260 3257/3896/3259 3260/3899/3262 
f 3259/3898/3261 3260/3899/3262 3261/3900/3263 
f 3262/3901/3264 3261/3900/3263 3260/3899/3262 3241/3880/3242 
f 3262/3901/3264 3241/3880/3242 3240/3879/3241 
f 3263/3902/3265 3264/3903/3266 3265/3904/3267 3266/3905/3268 
f 3267/3906/3269 3263/3902/3265 3266/3905/3268 
f 3268/3907/3270 3267/3906/3269 3266/3905/3268 3269/3908/3271 
f 3270/3909/3272 3268/3907/3270 3269/3908/3271 
f 3271/3910/3273 3270/3909/3272 3269/3908/3271 3272/3911/3274 
f 3273/3912/3275 3271/3910/3273 3272/3911/3274 
f 3274/3913/3276 3273/3912/3275 3272/3911/3274 3253/3892/3255 
f 3274/3913/3276 3253/3892/3255 3252/3891/3254 
f 3275/3914/3277 3276/3915/3278 3277/3916/3279 3278/3917/3280 
f 3275/3914/3277 3278/3917/3280 3279/3918/3281 
f 3280/3919/3282 3279/3920/3281 3278/3921/3280 3281/3922/3283 
f 3282/3923/3284 3280/3919/3282 3281/3922/3283 
f 3283/3924/3285 3282/3923/3284 3281/3922/3283 3284/3925/3286 
f 3285/3926/3287 3283/3924/3285 3284/3925/3286 
f 3286/3927/3288 3285/3926/3287 3284/3925/3286 3265/3904/3267 
f 3264/3903/3266 3286/3927/3288 3265/3904/3267 
f 3287/3928/3289 3288/3929/3290 3289/3930/3291 3290/3931/3292 
f 3291/3932/3293 3287/3928/3289 3290/3931/3292 
f 3292/3933/3294 3291/3932/3293 3290/3931/3292 3293/3934/3295 
f 3294/3935/3296 3292/3933/3294 3293/3934/3295 
f 3295/3936/3297 3294/3935/3296 3293/3934/3295 3296/3937/3298 
f 3297/3938/3299 3295/3936/3297 3296/3937/3298 
f 3298/3939/3300 3297/3938/3299 3296/3937/3298 3277/3916/3279 
f 3298/3939/3300 3277/3916/3279 3276/3915/3278 
f 3299/3940/3301 3300/3941/3302 3301/3942/3303 3302/3943/3304 
f 3303/3944/3305 3299/3940/3301 3302/3943/3304 
f 3304/3945/3306 3303/3944/3305 3302/3943/3304 3305/3946/3307 
f 3306/3947/3308 3304/3945/3306 3305/3946/3307 
f 3307/3948/3309 3306/3947/3308 3305/3946/3307 3308/3949/3310 
f 3309/3950/3311 3307/3948/3309 3308/3949/3310 
f 3310/3951/3312 3309/3950/3311 3308/3949/3310 3289/3930/3291 
f 3288/3929/3290 3310/3951/3312 3289/3930/3291 
f 3311/3952/3313 3312/3953/3314 3313/3954/3315 3314/3955/3316 
f 3311/3952/3313 3314/3955/3316 3315/3956/3317 
f 3316/3957/3318 3315/3956/3317 3314/3955/3316 3317/3958/3319 
f 3316/3957/3318 3317/3958/3319 3318/3959/3320 
f 3319/3960/3321 3318/3959/3320 3317/3958/3319 3320/3961/3322 
f 3319/3960/3321 3320/3961/3322 3321/3962/3323 
f 3322/3963/3324 3321/3962/3323 3320/3961/3322 3301/3942/3303 
f 3300/3941/3302 3322/3963/3324 3301/3942/3303 
f 3323/3964/3325 3324/3965/3326 3325/3966/3327 3326/3967/3328 
f 3327/3968/3329 3326/3967/3328 3325/3966/3327 
f 3328/3969/3330 3327/3968/3329 3325/3966/3327 3329/3970/3331 
f 3330/3971/3332 3328/3969/3330 3329/3970/3331 
f 3331/3972/3333 3330/3971/3332 3329/3970/3331 3332/3973/3334 
f 3333/3974/3335 3331/3972/3333 3332/3973/3334 
f 3334/3975/3336 3333/3974/3335 3332/3973/3334 3313/3954/3315 
f 3334/3975/3336 3313/3954/3315 3312/3953/3314 
f 3335/3976/3337 3336/3977/3338 3337/3978/3339 3338/3979/3340 
f 3339/3980/3341 3335/3976/3337 3338/3979/3340 
f 3340/3981/3342 3339/3980/3341 3338/3979/3340 3341/3982/3343 
f 3342/3983/3344 3340/3981/3342 3341/3982/3343 
f 3343/3984/3345 3342/3983/3344 3341/3982/3343 3344/3985/3346 
f 3345/3986/3347 3343/3984/3345 3344/3985/3346 
f 3345/3986/3347 3344/3985/3346 3324/3965/3326 3346/3987/3348 
f 3323/3964/3325 3346/3987/3348 3324/3965/3326 
f 3347/3988/3349 3348/3989/3350 3349/3990/3351 3350/3991/3352 
f 3347/3988/3349 3350/3991/3352 3351/3992/3353 
f 3352/3993/3354 3351/3992/3353 3350/3991/3352 3353/3994/3355 
f 3352/3993/3354 3353/3994/3355 3354/3995/3356 
f 3355/3996/3357 3354/3995/3356 3353/3994/3355 3356/3997/3358 
f 3355/3996/3357 3356/3997/3358 3357/3998/3359 
f 3358/3999/3360 3357/3998/3359 3356/3997/3358 3337/3978/3339 
f 3336/3977/3338 3358/3999/3360 3337/3978/3339 
f 3359/4000/3361 3360/4001/3362 3361/4002/3363 3362/4003/3364 
f 3359/4000/3361 3362/4003/3364 3363/4004/3365 
f 3364/4005/3366 3363/4004/3365 3362/4003/3364 3365/4006/3367 
f 3366/4007/3368 3364/4005/3366 3365/4006/3367 
f 3367/4008/3369 3366/4007/3368 3365/4006/3367 3368/4009/3370 
f 3369/4010/3371 3367/4008/3369 3368/4009/3370 
f 3370/4011/3372 3369/4010/3371 3368/4009/3370 3349/3990/3351 
f 3348/3989/3350 3370/4011/3372 3349/3990/3351 
f 3371/4012/3373 3372/4013/3374 3373/4014/3375 3374/4015/3376 
f 3371/4012/3373 3374/4015/3376 3375/4016/3377 
f 3376/4017/3378 3375/4016/3377 3374/4015/3376 3377/4018/3379 
f 3376/4017/3378 3377/4018/3379 3378/4019/3380 
f 3379/4020/3381 3378/4019/3380 3377/4018/3379 3380/4021/3382 
f 3379/4020/3381 3380/4021/3382 3381/4022/3383 
f 3382/4023/3384 3381/4022/3383 3380/4021/3382 3361/4002/3363 
f 3382/4023/3384 3361/4002/3363 3360/4001/3362 
f 3383/4024/3385 3384/4025/3386 3385/4026/3387 3386/4027/3388 
f 3387/4028/3389 3383/4024/3385 3386/4027/3388 
f 3388/4029/3390 3387/4028/3389 3386/4027/3388 3389/4030/3391 
f 3388/4029/3390 3389/4030/3391 3390/4031/3392 
f 3391/4032/3393 3390/4031/3392 3389/4030/3391 3392/4033/3394 
f 3391/4032/3393 3392/4033/3394 3393/4034/3395 
f 3394/4035/3396 3393/4034/3395 3392/4033/3394 3373/4014/3375 
f 3394/4035/3396 3373/4014/3375 3372/4013/3374 
f 3395/4036/3397 3152/3792/3153 3151/3791/3152 3396/4037/3398 
f 3397/4038/3399 3395/4036/3397 3396/4037/3398 
f 3398/4039/3400 3397/4038/3399 3396/4037/3398 3399/4040/3401 
f 3400/4041/3402 3398/4039/3400 3399/4040/3401 
f 3401/4042/3403 3400/4041/3402 3399/4040/3401 3402/4043/3404 
f 3403/4044/3405 3401/4042/3403 3402/4043/3404 
f 3404/4045/3406 3403/4044/3405 3402/4043/3404 3385/4026/3387 
f 3384/4025/3386 3404/4045/3406 3385/4026/3387 
f 3405/4046/3407 3406/4047/3408 3407/4048/3409 3408/4049/3410 
f 3405/4046/3407 3408/4049/3410 3409/4050/3411 
f 3410/4051/3412 3411/4052/3413 3408/4049/3410 3407/4048/3409 
f 3408/4053/3410 3411/4052/3413 3412/4054/3414 3413/4055/3415 
f 3414/4056/3416 3409/4050/3411 3408/4049/3410 3413/4055/3415 
f 3414/4056/3416 3413/4055/3415 3415/4057/3417 
f 3416/4058/3418 3417/4059/3419 3411/4052/3413 3410/4051/3412 
f 3151/3791/3152 3148/3788/3149 3417/4059/3419 3416/4058/3418 
f 3418/4060/3420 3417/4059/3419 3148/3788/3149 3145/4061/3146 
f 3411/4062/3413 3417/4059/3419 3418/4060/3420 3412/4054/3414 
f 3418/4060/3420 3419/4063/3421 3420/4064/3422 3412/4054/3414 
f 3145/3785/3146 3142/3782/3143 3419/4063/3421 3418/4060/3420 
f 3142/3782/3143 3141/3781/3142 3421/4065/3423 3419/4063/3421 
f 3419/4063/3421 3421/4065/3423 3422/4066/3424 3420/4064/3422 
f 3423/4067/3425 3415/4057/3417 3413/4055/3415 3424/4068/3426 
f 3423/4067/3425 3424/4068/3426 3425/4069/3427 
f 3412/4054/3414 3420/4064/3422 3424/4068/3426 3413/4055/3415 
f 3420/4064/3422 3422/4066/3424 3426/4070/3428 3424/4068/3426 
f 3427/4071/3429 3425/4069/3427 3424/4068/3426 3426/4070/3428 
f 3427/4071/3429 3426/4070/3428 3428/4072/3430 
f 3429/4073/3431 3428/4072/3430 3426/4070/3428 3430/4074/3432 
f 3429/4073/3431 3430/4074/3432 3431/4075/3433 
f 3422/4066/3424 3432/4076/3434 3430/4074/3432 3426/4070/3428 
f 3432/4076/3434 3433/4077/3435 3434/4078/3436 3430/4074/3432 
f 3435/4079/3437 3431/4075/3433 3430/4074/3432 3434/4078/3436 
f 3435/4079/3437 3434/4078/3436 3436/4080/3438 
f 3421/4065/3423 3437/4081/3439 3432/4076/3434 3422/4066/3424 
f 3141/3781/3142 3162/3802/3163 3437/4081/3439 3421/4065/3423 
f 3162/3802/3163 3159/3799/3160 3438/4082/3440 3437/4081/3439 
f 3437/4081/3439 3438/4082/3440 3433/4077/3435 3432/4076/3434 
f 3438/4082/3440 3439/4083/3441 3440/4084/3442 3433/4077/3435 
f 3159/3799/3160 3156/3796/3157 3439/4083/3441 3438/4082/3440 
f 3156/3796/3157 3155/3795/3156 3441/4085/3443 3439/4083/3441 
f 3439/4083/3441 3441/4085/3443 3442/4086/3444 3440/4084/3442 
f 3443/4087/3445 3436/4080/3438 3434/4078/3436 3444/4088/3446 
f 3443/4087/3445 3444/4088/3446 3445/4089/3447 
f 3433/4077/3435 3440/4084/3442 3444/4088/3446 3434/4078/3436 
f 3440/4084/3442 3442/4086/3444 3446/4090/3448 3444/4088/3446 
f 3447/4091/3449 3445/4089/3447 3444/4088/3446 3446/4090/3448 
f 3447/4091/3449 3446/4090/3448 3448/4092/3450 
f 3449/4093/3451 3448/4092/3450 3446/4090/3448 3450/4094/3452 
f 3449/4093/3451 3450/4094/3452 3451/4095/3453 
f 3442/4086/3444 3452/4096/3454 3450/4094/3452 3446/4090/3448 
f 3452/4096/3454 3453/4097/3455 3454/4098/3456 3450/4094/3452 
f 3455/4099/3457 3451/4095/3453 3450/4094/3452 3454/4098/3456 
f 3455/4099/3457 3454/4098/3456 3456/4100/3458 
f 3441/4085/3443 3457/4101/3459 3452/4096/3454 3442/4086/3444 
f 3155/3795/3156 3174/3814/3175 3457/4101/3459 3441/4085/3443 
f 3174/3814/3175 3171/3811/3172 3458/4102/3460 3457/4101/3459 
f 3457/4101/3459 3458/4102/3460 3453/4097/3455 3452/4096/3454 
f 3458/4102/3460 3459/4103/3461 3460/4104/3462 3453/4097/3455 
f 3171/3811/3172 3168/3808/3169 3459/4103/3461 3458/4102/3460 
f 3168/3808/3169 3167/3807/3168 3461/4105/3463 3459/4103/3461 
f 3459/4103/3461 3461/4105/3463 3462/4106/3464 3460/4104/3462 
f 3463/4107/3465 3456/4100/3458 3454/4098/3456 3464/4108/3466 
f 3463/4107/3465 3464/4108/3466 3465/4109/3467 
f 3453/4097/3455 3460/4104/3462 3464/4108/3466 3454/4098/3456 
f 3460/4104/3462 3462/4106/3464 3466/4110/3468 3464/4108/3466 
f 3467/4111/3469 3465/4109/3467 3464/4108/3466 3466/4110/3468 
f 3467/4111/3469 3466/4110/3468 3468/4112/3470 
f 3469/4113/3471 3468/4112/3470 3466/4110/3468 3470/4114/3472 
f 3469/4113/3471 3470/4114/3472 3471/4115/3473 
f 3462/4106/3464 3472/4116/3474 3470/4114/3472 3466/4110/3468 
f 3472/4116/3474 3473/4117/3475 3474/4118/3476 3470/4114/3472 
f 3475/4119/3477 3471/4115/3473 3470/4114/3472 3474/4118/3476 
f 3475/4119/3477 3474/4118/3476 3476/4120/3478 
f 3461/4105/3463 3477/4121/3479 3472/4116/3474 3462/4106/3464 
f 3167/3807/3168 3186/3826/3187 3477/4121/3479 3461/4105/3463 
f 3186/3826/3187 3183/3823/3184 3478/4122/3480 3477/4121/3479 
f 3477/4121/3479 3478/4122/3480 3473/4117/3475 3472/4116/3474 
f 3478/4122/3480 3479/4123/3481 3480/4124/3482 3473/4117/3475 
f 3183/3823/3184 3180/3820/3181 3479/4125/3481 3478/4122/3480 
f 3180/3820/3181 3179/3819/3180 3481/4126/3483 3479/4125/3481 
f 3479/4123/3481 3481/4126/3483 3482/4127/3484 3480/4124/3482 
f 3483/4128/3485 3476/4120/3478 3474/4118/3476 3484/4129/3486 
f 3483/4128/3485 3484/4129/3486 3485/4130/3487 
f 3473/4117/3475 3480/4124/3482 3484/4129/3486 3474/4118/3476 
f 3480/4124/3482 3482/4127/3484 3486/4131/3488 3484/4129/3486 
f 3487/4132/3489 3485/4130/3487 3484/4129/3486 3486/4131/3488 
f 3487/4132/3489 3486/4131/3488 3488/4133/3490 
f 3489/4134/3491 3488/4133/3490 3486/4131/3488 3490/4135/3492 
f 3489/4134/3491 3490/4135/3492 3491/4136/3493 
f 3482/4127/3484 3492/4137/3494 3490/4135/3492 3486/4131/3488 
f 3492/4137/3494 3493/4138/3495 3494/4139/3496 3490/4135/3492 
f 3495/4140/3497 3491/4136/3493 3490/4135/3492 3494/4139/3496 
f 3495/4140/3497 3494/4139/3496 3496/4141/3498 
f 3481/4126/3483 3497/4142/3499 3492/4137/3494 3482/4127/3484 
f 3179/3819/3180 3198/3838/3199 3497/4142/3499 3481/4126/3483 
f 3198/3838/3199 3195/3835/3196 3498/4143/3500 3497/4142/3499 
f 3497/4142/3499 3498/4143/3500 3493/4138/3495 3492/4137/3494 
f 3498/4143/3500 3499/4144/3501 3500/4145/3502 3493/4138/3495 
f 3195/3835/3196 3192/3832/3193 3499/4144/3501 3498/4143/3500 
f 3192/3832/3193 3191/3831/3192 3501/4146/3503 3499/4144/3501 
f 3499/4144/3501 3501/4146/3503 3502/4147/3504 3500/4145/3502 
f 3503/4148/3505 3496/4141/3498 3494/4139/3496 3504/4149/3506 
f 3503/4148/3505 3504/4149/3506 3505/4150/3507 
f 3493/4138/3495 3500/4145/3502 3504/4149/3506 3494/4139/3496 
f 3500/4145/3502 3502/4147/3504 3506/4151/3508 3504/4149/3506 
f 3507/4152/3509 3505/4150/3507 3504/4149/3506 3506/4151/3508 
f 3507/4152/3509 3506/4151/3508 3508/4153/3510 
f 3509/4154/3511 3508/4153/3510 3506/4151/3508 3510/4155/3512 
f 3509/4154/3511 3510/4155/3512 3511/4156/3513 
f 3502/4147/3504 3512/4157/3514 3510/4155/3512 3506/4151/3508 
f 3512/4157/3514 3513/4158/3515 3514/4159/3516 3510/4155/3512 
f 3515/4160/3517 3511/4156/3513 3510/4155/3512 3514/4159/3516 
f 3515/4160/3517 3514/4159/3516 3516/4161/3518 
f 3501/4146/3503 3517/4162/3519 3512/4157/3514 3502/4147/3504 
f 3191/3831/3192 3210/3850/3211 3517/4162/3519 3501/4146/3503 
f 3210/3850/3211 3207/3847/3208 3518/4163/3520 3517/4162/3519 
f 3517/4162/3519 3518/4163/3520 3513/4158/3515 3512/4157/3514 
f 3518/4163/3520 3519/4164/3521 3520/4165/3522 3513/4158/3515 
f 3207/3847/3208 3204/3844/3205 3519/4164/3521 3518/4163/3520 
f 3204/3844/3205 3203/3843/3204 3521/4166/3523 3519/4164/3521 
f 3519/4164/3521 3521/4166/3523 3522/4167/3524 3520/4165/3522 
f 3523/4168/3525 3516/4161/3518 3514/4159/3516 3524/4169/3526 
f 3523/4168/3525 3524/4169/3526 3525/4170/3527 
f 3513/4158/3515 3520/4165/3522 3524/4169/3526 3514/4159/3516 
f 3520/4165/3522 3522/4167/3524 3526/4171/3528 3524/4169/3526 
f 3527/4172/3529 3525/4170/3527 3524/4169/3526 3526/4171/3528 
f 3527/4172/3529 3526/4171/3528 3528/4173/3530 
f 3529/4174/3531 3528/4173/3530 3526/4171/3528 3530/4175/3532 
f 3531/4176/3533 3529/4174/3531 3530/4175/3532 
f 3526/4171/3528 3522/4167/3524 3532/4177/3534 3530/4175/3532 
f 3530/4175/3532 3532/4177/3534 3533/4178/3535 3534/4179/3536 
f 3535/4180/3537 3531/4176/3533 3530/4175/3532 3534/4179/3536 
f 3536/4181/3538 3535/4180/3537 3534/4179/3536 
f 3522/4167/3524 3521/4166/3523 3537/4182/3539 3532/4177/3534 
f 3521/4166/3523 3203/3843/3204 3222/3862/3223 3537/4182/3539 
f 3537/4182/3539 3222/3862/3223 3219/3859/3220 3538/4183/3540 
f 3532/4177/3534 3537/4182/3539 3538/4183/3540 3533/4178/3535 
f 3533/4178/3535 3538/4183/3540 3539/4184/3541 3540/4185/3542 
f 3538/4183/3540 3219/3859/3220 3216/3856/3217 3539/4184/3541 
f 3539/4184/3541 3216/3856/3217 3215/3855/3216 3541/4186/3543 
f 3540/4185/3542 3539/4184/3541 3541/4186/3543 3542/4187/3544 
f 3543/4188/3545 3536/4181/3538 3534/4179/3536 3544/4189/3546 
f 3545/4190/3547 3543/4188/3545 3544/4189/3546 
f 3534/4179/3536 3533/4178/3535 3540/4185/3542 3544/4189/3546 
f 3544/4189/3546 3540/4185/3542 3542/4187/3544 3546/4191/3548 
f 3547/4192/3549 3545/4190/3547 3544/4189/3546 3546/4191/3548 
f 3548/4193/3550 3547/4192/3549 3546/4191/3548 
f 3549/4194/3551 3548/4193/3550 3546/4191/3548 3550/4195/3552 
f 3551/4196/3553 3549/4194/3551 3550/4195/3552 
f 3546/4191/3548 3542/4187/3544 3552/4197/3554 3550/4195/3552 
f 3550/4195/3552 3552/4197/3554 3553/4198/3555 3554/4199/3556 
f 3555/4200/3557 3551/4196/3553 3550/4195/3552 3554/4199/3556 
f 3556/4201/3558 3555/4200/3557 3554/4199/3556 
f 3542/4187/3544 3541/4186/3543 3557/4202/3559 3552/4197/3554 
f 3541/4186/3543 3215/3855/3216 3236/3875/3237 3557/4202/3559 
f 3557/4202/3559 3236/3875/3237 3234/3873/3235 3558/4203/3560 
f 3552/4197/3554 3557/4202/3559 3558/4203/3560 3553/4198/3555 
f 3553/4198/3555 3558/4203/3560 3559/4204/3561 3560/4205/3562 
f 3234/3873/3235 3233/3872/3234 3559/4204/3561 3558/4203/3560 
f 3233/3872/3234 3232/3871/3233 3561/4206/3563 3559/4204/3561 
f 3559/4204/3561 3561/4206/3563 3562/4207/3564 3560/4205/3562 
f 3563/4208/3565 3556/4201/3558 3554/4199/3556 3564/4209/3566 
f 3565/4210/3567 3563/4208/3565 3564/4209/3566 
f 3554/4199/3556 3553/4198/3555 3560/4205/3562 3564/4209/3566 
f 3560/4205/3562 3562/4207/3564 3566/4211/3568 3564/4209/3566 
f 3567/4212/3569 3565/4210/3567 3564/4209/3566 3566/4211/3568 
f 3567/4212/3569 3566/4211/3568 3568/4213/3570 
f 3569/4214/3571 3568/4213/3570 3566/4211/3568 3570/4215/3572 
f 3569/4214/3571 3570/4215/3572 3571/4216/3573 
f 3562/4207/3564 3572/4217/3574 3570/4215/3572 3566/4211/3568 
f 3572/4217/3574 3573/4218/3575 3574/4219/3576 3570/4215/3572 
f 3575/4220/3577 3571/4216/3573 3570/4215/3572 3574/4219/3576 
f 3575/4220/3577 3574/4219/3576 3576/4221/3578 
f 3561/4206/3563 3577/4222/3579 3572/4217/3574 3562/4207/3564 
f 3232/3871/3233 3250/3889/3252 3577/4222/3579 3561/4206/3563 
f 3250/3889/3252 3245/3884/3246 3578/4223/3580 3577/4222/3579 
f 3577/4222/3579 3578/4223/3580 3573/4218/3575 3572/4217/3574 
f 3578/4223/3580 3579/4224/3581 3580/4225/3582 3573/4218/3575 
f 3245/3884/3246 3242/3881/3243 3579/4224/3581 3578/4223/3580 
f 3242/3881/3243 3241/3880/3242 3581/4226/3583 3579/4224/3581 
f 3579/4224/3581 3581/4226/3583 3582/4227/3584 3580/4225/3582 
f 3583/4228/3585 3576/4221/3578 3574/4219/3576 3584/4229/3586 
f 3583/4228/3585 3584/4229/3586 3585/4230/3587 
f 3573/4218/3575 3580/4225/3582 3584/4229/3586 3574/4219/3576 
f 3580/4225/3582 3582/4227/3584 3586/4231/3588 3584/4229/3586 
f 3587/4232/3589 3585/4230/3587 3584/4229/3586 3586/4231/3588 
f 3587/4232/3589 3586/4231/3588 3588/4233/3590 
f 3589/4234/3591 3588/4233/3590 3586/4231/3588 3590/4235/3592 
f 3589/4234/3591 3590/4235/3592 3591/4236/3593 
f 3582/4227/3584 3592/4237/3594 3590/4235/3592 3586/4231/3588 
f 3592/4237/3594 3593/4238/3595 3594/4239/3596 3590/4235/3592 
f 3595/4240/3597 3591/4236/3593 3590/4235/3592 3594/4239/3596 
f 3595/4240/3597 3594/4239/3596 3596/4241/3598 
f 3581/4226/3583 3597/4242/3599 3592/4237/3594 3582/4227/3584 
f 3241/3880/3242 3260/3899/3262 3597/4242/3599 3581/4226/3583 
f 3260/3899/3262 3257/3896/3259 3598/4243/3600 3597/4242/3599 
f 3597/4242/3599 3598/4243/3600 3593/4238/3595 3592/4237/3594 
f 3598/4243/3600 3599/4244/3601 3600/4245/3602 3593/4238/3595 
f 3257/3896/3259 3254/3893/3256 3599/4244/3601 3598/4243/3600 
f 3254/3893/3256 3253/3892/3255 3601/4246/3603 3599/4244/3601 
f 3599/4244/3601 3601/4246/3603 3602/4247/3604 3600/4245/3602 
f 3603/4248/3605 3596/4241/3598 3594/4239/3596 3604/4249/3606 
f 3603/4248/3605 3604/4249/3606 3605/4250/3607 
f 3593/4238/3595 3600/4245/3602 3604/4249/3606 3594/4239/3596 
f 3600/4245/3602 3602/4247/3604 3606/4251/3608 3604/4249/3606 
f 3607/4252/3609 3605/4250/3607 3604/4249/3606 3606/4251/3608 
f 3607/4252/3609 3606/4251/3608 3608/4253/3610 
f 3609/4254/3611 3608/4253/3610 3606/4251/3608 3610/4255/3612 
f 3609/4254/3611 3610/4255/3612 3611/4256/3613 
f 3602/4247/3604 3612/4257/3614 3610/4255/3612 3606/4251/3608 
f 3612/4257/3614 3613/4258/3615 3614/4259/3616 3610/4255/3612 
f 3615/4260/3617 3611/4256/3613 3610/4255/3612 3614/4259/3616 
f 3615/4260/3617 3614/4259/3616 3616/4261/3618 
f 3601/4246/3603 3617/4262/3619 3612/4257/3614 3602/4247/3604 
f 3253/3892/3255 3272/3911/3274 3617/4262/3619 3601/4246/3603 
f 3272/3911/3274 3269/3908/3271 3618/4263/3620 3617/4262/3619 
f 3617/4262/3619 3618/4263/3620 3613/4258/3615 3612/4257/3614 
f 3618/4263/3620 3619/4264/3621 3620/4265/3622 3613/4258/3615 
f 3269/3908/3271 3266/3905/3268 3619/4264/3621 3618/4263/3620 
f 3621/4266/3623 3619/4267/3621 3266/3905/3268 3265/3904/3267 
f 3619/4264/3621 3621/4266/3623 3622/4268/3624 3620/4265/3622 
f 3623/4269/3625 3616/4261/3618 3614/4259/3616 3624/4270/3626 
f 3623/4269/3625 3624/4270/3626 3625/4271/3627 
f 3613/4258/3615 3620/4265/3622 3624/4270/3626 3614/4259/3616 
f 3620/4265/3622 3622/4268/3624 3626/4272/3628 3624/4270/3626 
f 3627/4273/3629 3625/4271/3627 3624/4270/3626 3626/4272/3628 
f 3627/4273/3629 3626/4272/3628 3628/4274/3630 
f 3629/4275/3631 3628/4274/3630 3626/4272/3628 3630/4276/3632 
f 3629/4275/3631 3630/4276/3632 3631/4277/3633 
f 3622/4268/3624 3632/4278/3634 3630/4276/3632 3626/4272/3628 
f 3632/4278/3634 3633/4279/3635 3634/4280/3636 3630/4276/3632 
f 3635/4281/3637 3631/4277/3633 3630/4276/3632 3634/4280/3636 
f 3635/4281/3637 3634/4280/3636 3636/4282/3638 
f 3621/4266/3623 3637/4283/3639 3632/4278/3634 3622/4268/3624 
f 3265/3904/3267 3284/3925/3286 3637/4283/3639 3621/4266/3623 
f 3637/4283/3639 3284/3925/3286 3281/4284/3283 3638/4285/3640 
f 3637/4283/3639 3638/4285/3640 3633/4279/3635 3632/4278/3634 
f 3638/4285/3640 3639/4286/3641 3640/4287/3642 3633/4279/3635 
f 3281/3922/3283 3278/3921/3280 3639/4286/3641 3638/4285/3640 
f 3278/3917/3280 3277/3916/3279 3641/4288/3643 3639/4289/3641 
f 3639/4289/3641 3641/4288/3643 3642/4290/3644 3640/4291/3642 
f 3643/4292/3645 3636/4282/3638 3634/4280/3636 3644/4293/3646 
f 3643/4292/3645 3644/4293/3646 3645/4294/3647 
f 3633/4279/3635 3640/4287/3642 3644/4293/3646 3634/4280/3636 
f 3640/4291/3642 3642/4290/3644 3646/4295/3648 3644/4296/3646 
f 3647/4297/3649 3645/4298/3647 3644/4296/3646 3646/4295/3648 
f 3647/4297/3649 3646/4295/3648 3648/4299/3650 
f 3649/4300/3651 3648/4299/3650 3646/4295/3648 3650/4301/3652 
f 3651/4302/3653 3649/4300/3651 3650/4301/3652 
f 3642/4290/3644 3652/4303/3654 3650/4301/3652 3646/4295/3648 
f 3652/4303/3654 3653/4304/3655 3654/4305/3656 3650/4301/3652 
f 3655/4306/3657 3651/4302/3653 3650/4301/3652 3654/4305/3656 
f 3655/4306/3657 3654/4305/3656 3656/4307/3658 
f 3641/4288/3643 3657/4308/3659 3652/4303/3654 3642/4290/3644 
f 3277/3916/3279 3296/3937/3298 3657/4308/3659 3641/4288/3643 
f 3296/3937/3298 3293/3934/3295 3658/4309/3660 3657/4308/3659 
f 3657/4308/3659 3658/4309/3660 3653/4304/3655 3652/4303/3654 
f 3658/4309/3660 3659/4310/3661 3660/4311/3662 3653/4304/3655 
f 3293/3934/3295 3290/3931/3292 3659/4310/3661 3658/4309/3660 
f 3290/3931/3292 3289/3930/3291 3661/4312/3663 3659/4310/3661 
f 3659/4310/3661 3661/4312/3663 3662/4313/3664 3660/4311/3662 
f 3663/4314/3665 3656/4307/3658 3654/4305/3656 3664/4315/3666 
f 3663/4314/3665 3664/4315/3666 3665/4316/3667 
f 3653/4304/3655 3660/4311/3662 3664/4315/3666 3654/4305/3656 
f 3660/4311/3662 3662/4313/3664 3666/4317/3668 3664/4315/3666 
f 3667/4318/3669 3665/4316/3667 3664/4315/3666 3666/4317/3668 
f 3667/4318/3669 3666/4317/3668 3668/4319/3670 
f 3669/4320/3671 3670/4321/3672 3671/4322/3673 3672/4323/3674 
f 3669/4320/3671 3672/4323/3674 3673/4324/3675 
f 3671/4322/3673 3670/4321/3672 3674/4325/3676 3675/4326/3677 
f 3676/4327/3678 3675/4326/3677 3674/4325/3676 
f 3671/4322/3673 3675/4326/3677 3677/4328/3679 3678/4329/3680 
f 3671/4322/3673 3678/4329/3680 3679/4330/3681 3672/4323/3674 
f 3680/4331/3682 3681/4332/3683 3682/4333/3684 3675/4326/3677 
f 3680/4331/3682 3675/4326/3677 3676/4327/3678 
f 3683/4334/3685 3668/4319/3670 3666/4317/3668 3682/4333/3684 
f 3683/4334/3685 3682/4333/3684 3681/4332/3683 
f 3682/4333/3684 3666/4317/3668 3662/4313/3664 3684/4335/3686 
f 3675/4326/3677 3682/4333/3684 3684/4335/3686 3677/4328/3679 
f 3677/4328/3679 3684/4335/3686 3685/4336/3687 3686/4337/3688 
f 3684/4335/3686 3662/4313/3664 3661/4312/3663 3685/4336/3687 
f 3685/4336/3687 3661/4312/3663 3289/3930/3291 3308/3949/3310 
f 3685/4336/3687 3308/3949/3310 3305/3946/3307 3686/4337/3688 
f 3678/4329/3680 3687/4338/3689 3688/4339/3690 3679/4330/3681 
f 3677/4328/3679 3686/4337/3688 3687/4338/3689 3678/4329/3680 
f 3686/4337/3688 3305/3946/3307 3302/3943/3304 3687/4338/3689 
f 3687/4338/3689 3302/3943/3304 3301/3942/3303 3688/4339/3690 
f 3689/4340/3691 3673/4324/3675 3672/4323/3674 3690/4341/3692 
f 3691/4342/3693 3689/4340/3691 3690/4341/3692 
f 3672/4323/3674 3679/4330/3681 3692/4343/3694 3690/4341/3692 
f 3690/4341/3692 3692/4343/3694 3693/4344/3695 3694/4345/3696 
f 3695/4346/3697 3691/4342/3693 3690/4341/3692 3694/4345/3696 
f 3695/4346/3697 3694/4345/3696 3696/4347/3698 
f 3679/4330/3681 3688/4339/3690 3697/4348/3699 3692/4343/3694 
f 3688/4339/3690 3301/3942/3303 3320/3961/3322 3697/4348/3699 
f 3320/3961/3322 3317/3958/3319 3698/4349/3700 3697/4348/3699 
f 3692/4343/3694 3697/4348/3699 3698/4349/3700 3693/4344/3695 
f 3693/4344/3695 3698/4349/3700 3699/4350/3701 3700/4351/3702 
f 3317/3958/3319 3314/3955/3316 3699/4350/3701 3698/4349/3700 
f 3314/3955/3316 3313/3954/3315 3701/4352/3703 3699/4350/3701 
f 3699/4350/3701 3701/4352/3703 3702/4353/3704 3700/4351/3702 
f 3703/4354/3705 3696/4347/3698 3694/4345/3696 3704/4355/3706 
f 3703/4354/3705 3704/4355/3706 3705/4356/3707 
f 3694/4345/3696 3693/4344/3695 3700/4351/3702 3704/4355/3706 
f 3700/4351/3702 3702/4353/3704 3706/4357/3708 3704/4355/3706 
f 3707/4358/3709 3705/4356/3707 3704/4355/3706 3706/4357/3708 
f 3708/4359/3710 3707/4358/3709 3706/4357/3708 
f 3709/4360/3711 3708/4359/3710 3706/4357/3708 3710/4361/3712 
f 3711/4362/3713 3709/4360/3711 3710/4361/3712 
f 3702/4353/3704 3712/4363/3714 3710/4361/3712 3706/4357/3708 
f 3712/4363/3714 3713/4364/3715 3714/4365/3716 3710/4361/3712 
f 3715/4366/3717 3711/4362/3713 3710/4361/3712 3714/4365/3716 
f 3716/4367/3718 3715/4366/3717 3714/4365/3716 
f 3701/4352/3703 3717/4368/3719 3712/4363/3714 3702/4353/3704 
f 3313/3954/3315 3332/3973/3334 3717/4368/3719 3701/4352/3703 
f 3332/3973/3334 3329/3970/3331 3718/4369/3720 3717/4368/3719 
f 3717/4368/3719 3718/4369/3720 3713/4364/3715 3712/4363/3714 
f 3718/4369/3720 3719/4370/3721 3720/4371/3722 3713/4364/3715 
f 3329/3970/3331 3325/3966/3327 3719/4370/3721 3718/4369/3720 
f 3719/4370/3721 3325/3966/3327 3324/3965/3326 3721/4372/3723 
f 3719/4370/3721 3721/4372/3723 3722/4373/3724 3720/4371/3722 
f 3723/4374/3725 3716/4367/3718 3714/4365/3716 3724/4375/3726 
f 3723/4374/3725 3724/4375/3726 3725/4376/3727 
f 3713/4364/3715 3720/4371/3722 3724/4375/3726 3714/4365/3716 
f 3720/4371/3722 3722/4373/3724 3726/4377/3728 3724/4375/3726 
f 3727/4378/3729 3725/4376/3727 3724/4375/3726 3726/4379/3728 
f 3727/4378/3729 3726/4379/3728 3728/4380/3730 
f 3729/4381/3731 3728/4380/3730 3726/4379/3728 3730/4382/3732 
f 3731/4383/3733 3729/4381/3731 3730/4382/3732 
f 3722/4373/3724 3732/4384/3734 3730/4382/3732 3726/4379/3728 
f 3730/4382/3732 3732/4384/3734 3733/4385/3735 3734/4386/3736 
f 3735/4387/3737 3731/4383/3733 3730/4382/3732 3734/4386/3736 
f 3736/4388/3738 3735/4387/3737 3734/4386/3736 
f 3722/4373/3724 3721/4372/3723 3737/4389/3739 3732/4384/3734 
f 3721/4372/3723 3324/3965/3326 3344/3985/3346 3737/4389/3739 
f 3737/4389/3739 3344/3985/3346 3341/3982/3343 3738/4390/3740 
f 3732/4384/3734 3737/4389/3739 3738/4390/3740 3733/4385/3735 
f 3733/4385/3735 3738/4390/3740 3739/4391/3741 3740/4392/3742 
f 3738/4390/3740 3341/3982/3343 3338/3979/3340 3739/4391/3741 
f 3739/4391/3741 3338/3979/3340 3337/3978/3339 3741/4393/3743 
f 3740/4392/3742 3739/4391/3741 3741/4393/3743 3742/4394/3744 
f 3743/4395/3745 3736/4388/3738 3734/4386/3736 3744/4396/3746 
f 3745/4397/3747 3743/4395/3745 3744/4396/3746 
f 3734/4386/3736 3733/4385/3735 3740/4392/3742 3744/4396/3746 
f 3744/4396/3746 3740/4392/3742 3742/4394/3744 3746/4398/3748 
f 3747/4399/3749 3745/4397/3747 3744/4396/3746 3746/4398/3748 
f 3748/4400/3750 3747/4399/3749 3746/4398/3748 
f 3749/4401/3751 3748/4400/3750 3746/4398/3748 3750/4402/3752 
f 3751/4403/3753 3749/4401/3751 3750/4402/3752 
f 3746/4398/3748 3742/4394/3744 3752/4404/3754 3750/4402/3752 
f 3750/4402/3752 3752/4404/3754 3753/4405/3755 3754/4406/3756 
f 3755/4407/3757 3751/4403/3753 3750/4402/3752 3754/4406/3756 
f 3756/4408/3758 3755/4407/3757 3754/4406/3756 
f 3742/4394/3744 3741/4393/3743 3757/4409/3759 3752/4404/3754 
f 3741/4393/3743 3337/3978/3339 3356/3997/3358 3757/4409/3759 
f 3758/4410/3760 3757/4409/3759 3356/3997/3358 3353/3994/3355 
f 3353/3994/3355 3350/3991/3352 3759/4411/3761 3758/4410/3760 
f 3752/4404/3754 3757/4409/3759 3758/4410/3760 3753/4405/3755 
f 3753/4405/3755 3758/4410/3760 3759/4412/3761 3760/4413/3762 
f 3350/3991/3352 3349/3990/3351 3761/4414/3763 3759/4412/3761 
f 3759/4412/3761 3761/4414/3763 3762/4415/3764 3760/4413/3762 
f 3763/4416/3765 3756/4408/3758 3754/4406/3756 3764/4417/3766 
f 3765/4418/3767 3763/4416/3765 3764/4417/3766 
f 3754/4406/3756 3753/4405/3755 3760/4413/3762 3764/4417/3766 
f 3764/4417/3766 3760/4413/3762 3762/4415/3764 3766/4419/3768 
f 3767/4420/3769 3765/4418/3767 3764/4417/3766 3766/4419/3768 
f 3768/4421/3770 3767/4420/3769 3766/4419/3768 
f 3769/4422/3771 3768/4421/3770 3766/4419/3768 3770/4423/3772 
f 3771/4424/3773 3769/4422/3771 3770/4423/3772 
f 3766/4419/3768 3762/4415/3764 3772/4425/3774 3770/4423/3772 
f 3770/4423/3772 3772/4425/3774 3773/4426/3775 3774/4427/3776 
f 3775/4428/3777 3771/4424/3773 3770/4423/3772 3774/4427/3776 
f 3776/4429/3778 3775/4428/3777 3774/4427/3776 
f 3761/4414/3763 3777/4430/3779 3772/4425/3774 3762/4415/3764 
f 3349/3990/3351 3368/4009/3370 3777/4430/3779 3761/4414/3763 
f 3368/4009/3370 3365/4006/3367 3778/4431/3780 3777/4430/3779 
f 3777/4430/3779 3778/4431/3780 3773/4426/3775 3772/4425/3774 
f 3778/4431/3780 3779/4432/3781 3780/4433/3782 3773/4426/3775 
f 3365/4006/3367 3362/4003/3364 3779/4432/3781 3778/4431/3780 
f 3362/4003/3364 3361/4002/3363 3781/4434/3783 3779/4432/3781 
f 3779/4432/3781 3781/4434/3783 3782/4435/3784 3780/4433/3782 
f 3783/4436/3785 3776/4429/3778 3774/4427/3776 3784/4437/3786 
f 3785/4438/3787 3783/4436/3785 3784/4437/3786 
f 3773/4426/3775 3780/4433/3782 3784/4437/3786 3774/4427/3776 
f 3780/4433/3782 3782/4435/3784 3786/4439/3788 3784/4437/3786 
f 3787/4440/3789 3785/4438/3787 3784/4437/3786 3786/4439/3788 
f 3788/4441/3790 3787/4440/3789 3786/4439/3788 
f 3789/4442/3791 3788/4441/3790 3786/4439/3788 3790/4443/3792 
f 3791/4444/3793 3789/4442/3791 3790/4443/3792 
f 3782/4435/3784 3792/4445/3794 3790/4443/3792 3786/4439/3788 
f 3792/4445/3794 3793/4446/3795 3794/4447/3796 3790/4448/3792 
f 3795/4449/3797 3791/4444/3793 3790/4448/3792 3794/4447/3796 
f 3796/4450/3798 3795/4449/3797 3794/4447/3796 
f 3781/4434/3783 3797/4451/3799 3792/4445/3794 3782/4435/3784 
f 3361/4002/3363 3380/4021/3382 3797/4451/3799 3781/4434/3783 
f 3380/4021/3382 3377/4018/3379 3798/4452/3800 3797/4451/3799 
f 3797/4451/3799 3798/4452/3800 3793/4446/3795 3792/4445/3794 
f 3798/4452/3800 3799/4453/3801 3800/4454/3802 3793/4446/3795 
f 3377/4018/3379 3374/4015/3376 3799/4453/3801 3798/4452/3800 
f 3374/4015/3376 3373/4014/3375 3801/4455/3803 3799/4453/3801 
f 3799/4453/3801 3801/4455/3803 3802/4456/3804 3800/4454/3802 
f 3803/4457/3805 3796/4450/3798 3794/4447/3796 3804/4458/3806 
f 3805/4459/3807 3803/4457/3805 3804/4458/3806 
f 3793/4446/3795 3800/4454/3802 3804/4458/3806 3794/4447/3796 
f 3800/4454/3802 3802/4456/3804 3806/4460/3808 3804/4458/3806 
f 3807/4461/3809 3805/4459/3807 3804/4458/3806 3806/4460/3808 
f 3808/4462/3810 3807/4461/3809 3806/4460/3808 
f 3809/4463/3811 3808/4462/3810 3806/4460/3808 3810/4464/3812 
f 3809/4463/3811 3810/4464/3812 3811/4465/3813 
f 3802/4456/3804 3812/4466/3814 3810/4464/3812 3806/4460/3808 
f 3812/4466/3814 3813/4467/3815 3814/4468/3816 3810/4464/3812 
f 3815/4469/3817 3811/4465/3813 3810/4464/3812 3814/4468/3816 
f 3815/4469/3817 3814/4468/3816 3816/4470/3818 
f 3801/4455/3803 3817/4471/3819 3812/4466/3814 3802/4456/3804 
f 3373/4014/3375 3392/4033/3394 3817/4471/3819 3801/4455/3803 
f 3392/4033/3394 3389/4030/3391 3818/4472/3820 3817/4471/3819 
f 3817/4471/3819 3818/4472/3820 3813/4467/3815 3812/4466/3814 
f 3818/4472/3820 3819/4473/3821 3820/4474/3822 3813/4467/3815 
f 3389/4030/3391 3386/4027/3388 3819/4473/3821 3818/4472/3820 
f 3386/4027/3388 3385/4026/3387 3821/4475/3823 3819/4473/3821 
f 3819/4473/3821 3821/4475/3823 3822/4476/3824 3820/4474/3822 
f 3823/4477/3825 3816/4470/3818 3814/4468/3816 3824/4478/3826 
f 3823/4477/3825 3824/4478/3826 3825/4479/3827 
f 3813/4467/3815 3820/4474/3822 3824/4478/3826 3814/4468/3816 
f 3820/4474/3822 3822/4476/3824 3826/4480/3828 3824/4478/3826 
f 3827/4481/3829 3825/4479/3827 3824/4478/3826 3826/4480/3828 
f 3827/4481/3829 3826/4480/3828 3828/4482/3830 
f 3829/4483/3831 3828/4482/3830 3826/4480/3828 3830/4484/3832 
f 3829/4483/3831 3830/4484/3832 3831/4485/3833 
f 3822/4476/3824 3832/4486/3834 3830/4484/3832 3826/4480/3828 
f 3832/4486/3834 3833/4487/3835 3834/4488/3836 3830/4484/3832 
f 3835/4489/3837 3831/4485/3833 3830/4484/3832 3834/4488/3836 
f 3835/4489/3837 3834/4488/3836 3836/4490/3838 
f 3821/4475/3823 3837/4491/3839 3832/4486/3834 3822/4476/3824 
f 3821/4475/3823 3385/4026/3387 3402/4043/3404 3837/4491/3839 
f 3837/4491/3839 3402/4043/3404 3399/4040/3401 3838/4492/3840 
f 3837/4491/3839 3838/4492/3840 3833/4487/3835 3832/4486/3834 
f 3838/4492/3840 3839/4493/3841 3840/4494/3842 3833/4487/3835 
f 3838/4492/3840 3399/4040/3401 3396/4037/3398 3839/4493/3841 
f 3396/4037/3398 3151/3791/3152 3416/4058/3418 3839/4493/3841 
f 3839/4493/3841 3416/4058/3418 3410/4051/3412 3840/4494/3842 
f 3841/4495/3843 3836/4490/3838 3834/4488/3836 3842/4496/3844 
f 3841/4495/3843 3842/4496/3844 3843/4497/3845 
f 3833/4487/3835 3840/4494/3842 3842/4496/3844 3834/4488/3836 
f 3840/4494/3842 3410/4051/3412 3407/4048/3409 3842/4496/3844 
f 3844/4498/3846 3843/4497/3845 3842/4496/3844 3407/4048/3409 
f 3844/4498/3846 3407/4048/3409 3406/4047/3408 
s 1
f 3328/4499/3330 3330/4500/3332 3331/4501/3333 3327/4502/3329 
f 3326/4503/3328 3327/4502/3329 3331/4501/3333 3323/4504/3325 
f 3346/4505/3348 3323/4504/3325 3331/4501/3333 3345/4506/3347 
f 3343/4507/3345 3345/4506/3347 3331/4501/3333 3342/4508/3344 
f 3340/4509/3342 3342/4508/3344 3331/4501/3333 3339/4510/3341 
f 3339/4510/3341 3331/4501/3333 3333/4511/3335 3334/4512/3336 
f 3339/4510/3341 3334/4512/3336 3312/4513/3314 3311/4514/3313 
f 3339/4510/3341 3311/4514/3313 3315/4515/3317 3316/4516/3318 
f 3339/4510/3341 3316/4516/3318 3318/4517/3320 3319/4518/3321 
f 3339/4510/3341 3319/4518/3321 3321/4519/3323 3322/4520/3324 
f 3339/4510/3341 3322/4520/3324 3300/4521/3302 3299/4522/3301 
f 3339/4510/3341 3299/4522/3301 3303/4523/3305 3304/4524/3306 
f 3335/4525/3337 3339/4510/3341 3304/4524/3306 3336/4526/3338 
f 3336/4526/3338 3304/4524/3306 3306/4527/3308 3307/4528/3309 
f 3358/4529/3360 3336/4526/3338 3307/4528/3309 3357/4530/3359 
f 3355/4531/3357 3357/4530/3359 3307/4528/3309 3354/4532/3356 
f 3352/4533/3354 3354/4532/3356 3307/4528/3309 3351/4534/3353 
f 3347/4535/3349 3351/4534/3353 3307/4528/3309 3348/4536/3350 
f 3370/4537/3372 3348/4536/3350 3307/4528/3309 3369/4538/3371 
f 3367/4539/3369 3369/4538/3371 3307/4528/3309 3366/4540/3368 
f 3364/4541/3366 3366/4540/3368 3307/4528/3309 3363/4542/3365 
f 3359/4543/3361 3363/4542/3365 3307/4528/3309 3360/4544/3362 
f 3382/4545/3384 3360/4544/3362 3307/4528/3309 3381/4546/3383 
f 3379/4547/3381 3381/4546/3383 3307/4528/3309 3378/4548/3380 
f 3376/4549/3378 3378/4548/3380 3307/4528/3309 3375/4550/3377 
f 3371/4551/3373 3375/4550/3377 3307/4528/3309 3372/4552/3374 
f 3394/4553/3396 3372/4552/3374 3307/4528/3309 3393/4554/3395 
f 3391/4555/3393 3393/4554/3395 3307/4528/3309 3309/4556/3311 
f 3390/4557/3392 3391/4555/3393 3309/4556/3311 3388/4558/3390 
f 3387/4559/3389 3388/4558/3390 3309/4556/3311 3383/4560/3385 
f 3384/4561/3386 3383/4560/3385 3309/4556/3311 3404/4562/3406 
f 3403/4563/3405 3404/4562/3406 3309/4556/3311 3401/4564/3403 
f 3400/4565/3402 3401/4564/3403 3309/4556/3311 3398/4566/3400 
f 3397/4567/3399 3398/4566/3400 3309/4556/3311 3395/4568/3397 
f 3152/4569/3153 3395/4568/3397 3309/4556/3311 3150/4570/3151 
f 3149/4571/3150 3150/4570/3151 3309/4556/3311 3147/4572/3148 
f 3146/4573/3147 3147/4572/3148 3309/4556/3311 3144/4574/3145 
f 3143/4575/3144 3144/4574/3145 3309/4556/3311 3139/4576/3140 
f 3139/4576/3140 3309/4556/3311 3310/4577/3312 3140/4578/3141 
f 3164/4579/3165 3140/4578/3141 3310/4577/3312 3163/4580/3164 
f 3161/4581/3162 3163/4580/3164 3310/4577/3312 3160/4582/3161 
f 3158/4583/3159 3160/4582/3161 3310/4577/3312 3157/4584/3158 
f 3153/4585/3154 3157/4584/3158 3310/4577/3312 3154/4586/3155 
f 3176/4587/3177 3154/4586/3155 3310/4577/3312 3288/4588/3290 
f 3175/4589/3176 3176/4587/3177 3288/4588/3290 3173/4590/3174 
f 3172/4591/3173 3173/4590/3174 3288/4588/3290 3170/4592/3171 
f 3169/4593/3170 3170/4592/3171 3288/4588/3290 3165/4594/3166 
f 3166/4595/3167 3165/4594/3166 3288/4588/3290 3188/4596/3189 
f 3187/4597/3188 3188/4596/3189 3288/4588/3290 3185/4598/3186 
f 3184/4599/3185 3185/4598/3186 3288/4588/3290 3182/4600/3183 
f 3181/4601/3182 3182/4600/3183 3288/4588/3290 3177/4602/3178 
f 3178/4603/3179 3177/4602/3178 3288/4588/3290 3200/4604/3201 
f 3199/4605/3200 3200/4604/3201 3288/4588/3290 3197/4606/3198 
f 3196/4607/3197 3197/4606/3198 3288/4588/3290 3194/4608/3195 
f 3193/4609/3194 3194/4608/3195 3288/4588/3290 3189/4610/3190 
f 3190/4611/3191 3189/4610/3190 3288/4588/3290 3212/4612/3213 
f 3211/4613/3212 3212/4612/3213 3288/4588/3290 3209/4614/3210 
f 3208/4615/3209 3209/4614/3210 3288/4588/3290 3206/4616/3207 
f 3205/4617/3206 3206/4616/3207 3288/4588/3290 3201/4618/3202 
f 3201/4618/3202 3288/4588/3290 3287/4619/3289 3202/4620/3203 
f 3224/4621/3225 3202/4620/3203 3287/4619/3289 3291/4622/3293 
f 3223/4623/3224 3224/4621/3225 3291/4622/3293 3292/4624/3294 
f 3221/4625/3222 3223/4623/3224 3292/4624/3294 3220/4626/3221 
f 3218/4627/3219 3220/4626/3221 3292/4624/3294 3217/4628/3218 
f 3213/4629/3214 3217/4628/3218 3292/4624/3294 3214/4630/3215 
f 3238/4631/3239 3214/4630/3215 3292/4624/3294 3237/4632/3238 
f 3235/4633/3236 3237/4632/3238 3292/4624/3294 3229/4634/3230 
f 3225/4635/3226 3229/4634/3230 3292/4624/3294 3226/4636/3227 
f 3226/4636/3227 3292/4624/3294 3230/4637/3231 
f 3246/4638/3248 3230/4637/3231 3292/4624/3294 3247/4639/3249 
f 3249/4640/3251 3247/4639/3249 3292/4624/3294 3244/4641/3247 
f 3244/4641/3245 3244/4641/3247 3292/4624/3294 3243/4642/3244 
f 3239/4643/3240 3243/4642/3244 3292/4624/3294 3240/4644/3241 
f 3262/4645/3264 3240/4644/3241 3292/4624/3294 3261/4646/3263 
f 3259/4647/3261 3261/4646/3263 3292/4624/3294 3294/4648/3296 
f 3259/4647/3261 3294/4648/3296 3295/4649/3297 3258/4650/3260 
f 3256/4651/3258 3258/4650/3260 3295/4649/3297 3297/4652/3299 
f 3255/4653/3257 3256/4651/3258 3297/4652/3299 3251/4654/3253 
f 3251/4654/3253 3297/4652/3299 3298/4655/3300 3276/4656/3278 
f 3252/4657/3254 3251/4654/3253 3276/4656/3278 3274/4658/3276 
f 3274/4658/3276 3276/4656/3278 3275/4659/3277 3279/4660/3281 
f 3274/4658/3276 3279/4660/3281 3280/4661/3282 3282/4662/3284 
f 3274/4658/3276 3282/4662/3284 3283/4663/3285 3273/4664/3275 
f 3273/4664/3275 3283/4663/3285 3285/4665/3287 3286/4666/3288 
f 3273/4664/3275 3286/4666/3288 3264/4667/3266 3263/4668/3265 
f 3271/4669/3273 3273/4664/3275 3263/4668/3265 3270/4670/3272 
f 3268/4671/3270 3270/4670/3272 3263/4668/3265 3267/4672/3269 
s 2
f 3695/4673/3697 3696/4674/3698 3703/4675/3705 3689/4676/3691 
f 3727/4677/3729 3728/4678/3730 3729/4679/3731 3681/4680/3683 
f 3509/4681/3511 3511/4682/3513 3515/4683/3517 3645/4684/3647 
f 3623/4685/3625 3625/4686/3627 3627/4687/3629 3629/4688/3631 
f 3627/4687/3629 3628/4689/3630 3629/4688/3631 
f 3616/4690/3618 3623/4685/3625 3629/4688/3631 3615/4691/3617 
f 3615/4691/3617 3629/4688/3631 3631/4692/3633 3635/4693/3637 
f 3615/4691/3617 3635/4693/3637 3636/4694/3638 3611/4695/3613 
f 3609/4696/3611 3611/4695/3613 3636/4694/3638 3643/4697/3645 
f 3609/4696/3611 3643/4697/3645 3645/4684/3647 3608/4698/3610 
f 3607/4699/3609 3608/4698/3610 3645/4684/3647 3605/4700/3607 
f 3603/4701/3605 3605/4700/3607 3645/4684/3647 3596/4702/3598 
f 3595/4703/3597 3596/4702/3598 3645/4684/3647 3591/4704/3593 
f 3589/4705/3591 3591/4704/3593 3645/4684/3647 3588/4706/3590 
f 3587/4707/3589 3588/4706/3590 3645/4684/3647 3585/4708/3587 
f 3583/4709/3585 3585/4708/3587 3645/4684/3647 3576/4710/3578 
f 3575/4711/3577 3576/4710/3578 3645/4684/3647 3571/4712/3573 
f 3569/4713/3571 3571/4712/3573 3645/4684/3647 3568/4714/3570 
f 3567/4715/3569 3568/4714/3570 3645/4684/3647 3565/4716/3567 
f 3563/4717/3565 3565/4716/3567 3645/4684/3647 3556/4718/3558 
f 3555/4719/3557 3556/4718/3558 3645/4684/3647 3551/4720/3553 
f 3549/4721/3551 3551/4720/3553 3645/4684/3647 3548/4722/3550 
f 3547/4723/3549 3548/4722/3550 3645/4684/3647 3545/4724/3547 
f 3543/4725/3545 3545/4724/3547 3645/4684/3647 3536/4726/3538 
f 3535/4727/3537 3536/4726/3538 3645/4684/3647 3531/4728/3533 
f 3529/4729/3531 3531/4728/3533 3645/4684/3647 3528/4730/3530 
f 3527/4731/3529 3528/4730/3530 3645/4684/3647 3525/4732/3527 
f 3523/4733/3525 3525/4732/3527 3645/4684/3647 3516/4734/3518 
f 3515/4683/3517 3516/4734/3518 3645/4684/3647 
f 3508/4735/3510 3509/4681/3511 3645/4684/3647 3507/4736/3509 
f 3505/4737/3507 3507/4736/3509 3645/4684/3647 3503/4738/3505 
f 3496/4739/3498 3503/4738/3505 3645/4684/3647 3495/4740/3497 
f 3495/4740/3497 3645/4684/3647 3647/4741/3649 3491/4742/3493 
f 3489/4743/3491 3491/4742/3493 3647/4741/3649 3648/4744/3650 
f 3488/4745/3490 3489/4743/3491 3648/4744/3650 3487/4746/3489 
f 3487/4746/3489 3648/4744/3650 3649/4747/3651 3485/4748/3487 
f 3483/4749/3485 3485/4748/3487 3649/4747/3651 3651/4750/3653 
f 3476/4751/3478 3483/4749/3485 3651/4750/3653 3475/4752/3477 
f 3475/4752/3477 3651/4750/3653 3655/4753/3657 3471/4754/3473 
f 3471/4754/3473 3655/4753/3657 3656/4755/3658 3469/4756/3471 
f 3468/4757/3470 3469/4756/3471 3656/4755/3658 3663/4758/3665 
f 3467/4759/3469 3468/4757/3470 3663/4758/3665 3465/4760/3467 
f 3463/4761/3465 3465/4760/3467 3663/4758/3665 3456/4762/3458 
f 3455/4763/3457 3456/4762/3458 3663/4758/3665 3451/4764/3453 
f 3449/4765/3451 3451/4764/3453 3663/4758/3665 3448/4766/3450 
f 3447/4767/3449 3448/4766/3450 3663/4758/3665 3445/4768/3447 
f 3443/4769/3445 3445/4768/3447 3663/4758/3665 3436/4770/3438 
f 3435/4771/3437 3436/4770/3438 3663/4758/3665 3431/4772/3433 
f 3429/4773/3431 3431/4772/3433 3663/4758/3665 3428/4774/3430 
f 3427/4775/3429 3428/4774/3430 3663/4758/3665 3425/4776/3427 
f 3423/4777/3425 3425/4776/3427 3663/4758/3665 3415/4778/3417 
f 3414/4779/3416 3415/4778/3417 3663/4758/3665 3409/4780/3411 
f 3405/4781/3407 3409/4780/3411 3663/4758/3665 3406/4782/3408 
f 3844/4783/3846 3406/4782/3408 3663/4758/3665 3843/4784/3845 
f 3841/4785/3843 3843/4784/3845 3663/4758/3665 3836/4786/3838 
f 3835/4787/3837 3836/4786/3838 3663/4758/3665 3665/4788/3667 
f 3831/4789/3833 3835/4787/3837 3665/4788/3667 3829/4790/3831 
f 3828/4791/3830 3829/4790/3831 3665/4788/3667 3827/4792/3829 
f 3825/4793/3827 3827/4792/3829 3665/4788/3667 3823/4794/3825 
f 3816/4795/3818 3823/4794/3825 3665/4788/3667 3815/4796/3817 
f 3811/4797/3813 3815/4796/3817 3665/4788/3667 3809/4798/3811 
f 3808/4799/3810 3809/4798/3811 3665/4788/3667 3807/4800/3809 
f 3805/4801/3807 3807/4800/3809 3665/4788/3667 3803/4802/3805 
f 3796/4803/3798 3803/4802/3805 3665/4788/3667 3795/4804/3797 
f 3791/4805/3793 3795/4804/3797 3665/4788/3667 3789/4806/3791 
f 3788/4807/3790 3789/4806/3791 3665/4788/3667 3787/4808/3789 
f 3785/4809/3787 3787/4808/3789 3665/4788/3667 3783/4810/3785 
f 3776/4811/3778 3783/4810/3785 3665/4788/3667 3775/4812/3777 
f 3771/4813/3773 3775/4812/3777 3665/4788/3667 3769/4814/3771 
f 3768/4815/3770 3769/4814/3771 3665/4788/3667 3767/4816/3769 
f 3765/4817/3767 3767/4816/3769 3665/4788/3667 3763/4818/3765 
f 3763/4818/3765 3665/4788/3667 3667/4819/3669 3668/4820/3670 
f 3756/4821/3758 3763/4818/3765 3668/4820/3670 3755/4822/3757 
f 3755/4822/3757 3668/4820/3670 3683/4823/3685 3681/4680/3683 
f 3751/4824/3753 3755/4822/3757 3681/4680/3683 3749/4825/3751 
f 3748/4826/3750 3749/4825/3751 3681/4680/3683 3747/4827/3749 
f 3745/4828/3747 3747/4827/3749 3681/4680/3683 3743/4829/3745 
f 3736/4830/3738 3743/4829/3745 3681/4680/3683 3735/4831/3737 
f 3731/4832/3733 3735/4831/3737 3681/4680/3683 3729/4679/3731 
f 3725/4833/3727 3727/4677/3729 3681/4680/3683 3723/4834/3725 
f 3723/4834/3725 3681/4680/3683 3680/4835/3682 3716/4836/3718 
f 3715/4837/3717 3716/4836/3718 3680/4835/3682 3676/4838/3678 
f 3711/4839/3713 3715/4837/3717 3676/4838/3678 3674/4840/3676 
f 3709/4841/3711 3711/4839/3713 3674/4840/3676 3708/4842/3710 
f 3707/4843/3709 3708/4842/3710 3674/4840/3676 3705/4844/3707 
f 3703/4675/3705 3705/4844/3707 3674/4840/3676 3670/4845/3672 
f 3703/4675/3705 3670/4845/3672 3669/4846/3671 3673/4847/3675 
f 3703/4675/3705 3673/4847/3675 3689/4676/3691 
f 3695/4673/3697 3689/4676/3691 3691/4848/3693 
# 613 polygons - 184 triangles

#
# object Object003
#

v  0.0023 -0.4957 0.1237
v  0.0215 -0.4854 0.1413
v  -0.0434 -0.4065 0.1524
v  -0.0640 -0.4166 0.1339
v  0.0385 -0.4747 0.1563
v  -0.0255 -0.3963 0.1674
v  0.0521 -0.4648 0.1660
v  -0.0113 -0.3870 0.1768
v  0.0638 -0.4552 0.1707
v  0.0009 -0.3775 0.1817
v  0.0752 -0.4447 0.1728
v  0.0127 -0.3670 0.1842
v  0.0875 -0.4322 0.1740
v  0.0250 -0.3554 0.1855
v  0.1015 -0.4169 0.1756
v  0.0385 -0.3418 0.1867
v  0.1179 -0.3976 0.1788
v  0.0546 -0.3254 0.1890
v  0.1375 -0.3740 0.1845
v  0.0747 -0.3051 0.1932
v  0.1549 -0.3518 0.1906
v  0.0948 -0.2847 0.1983
v  0.1673 -0.3357 0.1942
v  0.1100 -0.2689 0.2020
v  0.1755 -0.3253 0.1951
v  0.1202 -0.2582 0.2032
v  0.1815 -0.3181 0.1944
v  0.1275 -0.2506 0.2026
v  0.1863 -0.3123 0.1930
v  0.1333 -0.2447 0.2011
v  0.1905 -0.3072 0.1912
v  0.1383 -0.2394 0.1991
v  0.1948 -0.3022 0.1889
v  0.1432 -0.2343 0.1965
v  0.1993 -0.2965 0.1857
v  0.1481 -0.2287 0.1930
v  0.2047 -0.2894 0.1803
v  0.1536 -0.2220 0.1875
v  0.2121 -0.2798 0.1708
v  0.1604 -0.2131 0.1784
v  0.2239 -0.2667 0.1535
v  0.1703 -0.2010 0.1626
v  0.2412 -0.2506 0.1271
v  0.1847 -0.1866 0.1383
v  0.2608 -0.2326 0.0981
v  0.2033 -0.1703 0.1092
v  0.2780 -0.2152 0.0739
v  0.2220 -0.1531 0.0828
v  0.2927 -0.1993 0.0532
v  0.2378 -0.1374 0.0616
v  0.3052 -0.1852 0.0331
v  0.2510 -0.1236 0.0418
v  0.2453 -0.0985 0.0296
v  0.2376 -0.1065 0.0445
v  0.2611 -0.1123 0.0217
v  0.2481 -0.0956 0.0243
v  0.2532 -0.0894 0.0096
v  0.2678 -0.1037 0.0017
v  0.2550 -0.0872 0.0044
v  0.3148 -0.1737 0.0127
v  0.3212 -0.1649 -0.0075
v  0.2277 -0.1161 0.0589
v  0.2239 -0.1198 0.0645
v  0.3627 -0.2448 0.0255
v  0.3719 -0.2329 0.0047
v  0.4232 -0.3018 0.0190
v  0.4320 -0.2896 -0.0025
v  0.4504 -0.3385 0.0275
v  0.4564 -0.3307 0.0158
v  0.4116 -0.3166 0.0405
v  0.4450 -0.3456 0.0377
v  0.4381 -0.3545 0.0494
v  0.3982 -0.3335 0.0621
v  0.4317 -0.3625 0.0597
v  0.4242 -0.3720 0.0714
v  0.3836 -0.3513 0.0845
v  0.4173 -0.3806 0.0821
v  0.4089 -0.3910 0.0942
v  0.3664 -0.3708 0.1092
v  0.4011 -0.4008 0.1061
v  0.3910 -0.4131 0.1193
v  0.3465 -0.3918 0.1354
v  0.3824 -0.4238 0.1316
v  0.3732 -0.4348 0.1424
v  0.3305 -0.4099 0.1552
v  0.3661 -0.4434 0.1515
v  0.3614 -0.4490 0.1567
v  0.3207 -0.4225 0.1664
v  0.3552 -0.4563 0.1630
v  0.3519 -0.4601 0.1658
v  0.3141 -0.4313 0.1724
v  0.3478 -0.4648 0.1692
v  0.3451 -0.4678 0.1709
v  0.3090 -0.4380 0.1758
v  0.3420 -0.4713 0.1728
v  0.3396 -0.4740 0.1739
v  0.3044 -0.4438 0.1780
v  0.3368 -0.4770 0.1751
v  0.3344 -0.4795 0.1760
v  0.2999 -0.4495 0.1797
v  0.3317 -0.4824 0.1769
v  0.3291 -0.4852 0.1774
v  0.2950 -0.4557 0.1808
v  0.3262 -0.4883 0.1780
v  0.3228 -0.4918 0.1783
v  0.2891 -0.4634 0.1812
v  0.3193 -0.4954 0.1785
v  0.3144 -0.5004 0.1781
v  0.2809 -0.4742 0.1803
v  0.3095 -0.5053 0.1777
v  0.3017 -0.5131 0.1761
v  0.2687 -0.4907 0.1770
v  0.2948 -0.5200 0.1749
v  0.2830 -0.5315 0.1716
v  0.2517 -0.5134 0.1712
v  0.2744 -0.5401 0.1699
v  0.2607 -0.5537 0.1666
v  0.2324 -0.5375 0.1659
v  0.2526 -0.5618 0.1652
v  0.2404 -0.5740 0.1632
v  0.2152 -0.5573 0.1629
v  0.2343 -0.5801 0.1624
v  0.2239 -0.5907 0.1614
v  0.2001 -0.5733 0.1614
v  0.2191 -0.5955 0.1609
v  0.2101 -0.6046 0.1598
v  0.1867 -0.5862 0.1598
v  0.2060 -0.6086 0.1591
v  0.1980 -0.6166 0.1571
v  0.1744 -0.5973 0.1569
v  0.1943 -0.6202 0.1559
v  0.1864 -0.6277 0.1520
v  0.1621 -0.6078 0.1511
v  0.1827 -0.6312 0.1499
v  0.1783 -0.6350 0.1460
v  0.1476 -0.6198 0.1393
v  0.1689 -0.6435 0.1380
v  0.1633 -0.6483 0.1317
v  0.1306 -0.6341 0.1214
v  0.1521 -0.6580 0.1198
v  0.1411 -0.6673 0.1068
v  0.1139 -0.6479 0.1019
v  0.1353 -0.6722 0.0994
v  0.1264 -0.6796 0.0883
v  0.1000 -0.6585 0.0851
v  0.1217 -0.6835 0.0818
v  0.1151 -0.6889 0.0728
v  0.0891 -0.6659 0.0715
v  0.1118 -0.6916 0.0678
v  0.1094 -0.6934 0.0637
v  0.0807 -0.6710 0.0595
v  0.1045 -0.6973 0.0557
v  0.1026 -0.6986 0.0515
v  0.0742 -0.6745 0.0473
v  0.0988 -0.7013 0.0434
v  0.0956 -0.7030 0.0335
v  0.0689 -0.6768 0.0318
v  0.0941 -0.7038 0.0281
v  0.0927 -0.7040 0.0200
v  0.0631 -0.6773 0.0078
v  0.0896 -0.7050 0.0044
v  0.0878 -0.7046 -0.0098
v  0.0551 -0.6746 -0.0318
v  0.0843 -0.7045 -0.0349
v  0.0823 -0.7034 -0.0555
v  0.0480 -0.6705 -0.0819
v  0.0793 -0.7021 -0.0855
v  0.0779 -0.7008 -0.1037
v  0.0445 -0.6670 -0.1236
v  0.0761 -0.6990 -0.1280
v  0.0751 -0.6976 -0.1442
v  0.0422 -0.6637 -0.1614
v  0.0738 -0.6957 -0.1660
v  0.0730 -0.6943 -0.1810
v  0.0403 -0.6604 -0.1966
v  0.0719 -0.6924 -0.2014
v  0.0712 -0.6911 -0.2147
v  0.0387 -0.6574 -0.2278
v  0.0703 -0.6894 -0.2327
v  0.0695 -0.6880 -0.2475
v  0.0373 -0.6550 -0.2532
v  0.0690 -0.6869 -0.2583
v  0.0685 -0.6862 -0.2662
v  0.0363 -0.6533 -0.2718
v  0.0679 -0.6852 -0.2770
v  0.0676 -0.6847 -0.2825
v  0.0356 -0.6521 -0.2847
v  0.0672 -0.6840 -0.2900
v  0.0671 -0.6836 -0.2939
v  0.0353 -0.6511 -0.2938
v  0.0669 -0.6830 -0.2992
v  0.0670 -0.6824 -0.3022
v  0.0355 -0.6498 -0.3010
v  0.0671 -0.6817 -0.3064
v  0.0675 -0.6808 -0.3093
v  0.0364 -0.6478 -0.3079
v  0.0681 -0.6797 -0.3133
v  0.0692 -0.6780 -0.3168
v  0.0391 -0.6438 -0.3161
v  0.0708 -0.6757 -0.3216
v  0.0732 -0.6725 -0.3262
v  0.0448 -0.6364 -0.3271
v  0.0764 -0.6682 -0.3326
v  0.0806 -0.6630 -0.3391
v  0.0545 -0.6242 -0.3423
v  0.0862 -0.6559 -0.3479
v  0.0924 -0.6483 -0.3566
v  0.0689 -0.6064 -0.3624
v  0.1007 -0.6381 -0.3682
v  0.1082 -0.6289 -0.3780
v  0.0862 -0.5854 -0.3850
v  0.1180 -0.6170 -0.3908
v  0.1257 -0.6077 -0.3997
v  0.1032 -0.5642 -0.4050
v  0.1355 -0.5960 -0.4109
v  0.1424 -0.5880 -0.4174
v  0.1171 -0.5458 -0.4191
v  0.1504 -0.5786 -0.4251
v  0.1564 -0.5718 -0.4301
v  0.1282 -0.5305 -0.4295
v  0.1627 -0.5645 -0.4355
v  0.1679 -0.5585 -0.4395
v  0.1375 -0.5179 -0.4372
v  0.1730 -0.5528 -0.4434
v  0.1777 -0.5475 -0.4463
v  0.1458 -0.5073 -0.4428
v  0.1820 -0.5427 -0.4490
v  0.1866 -0.5377 -0.4510
v  0.1540 -0.4978 -0.4466
v  0.1905 -0.5334 -0.4527
v  0.1954 -0.5282 -0.4539
v  0.1629 -0.4883 -0.4487
v  0.1995 -0.5239 -0.4549
v  0.2042 -0.5190 -0.4551
v  0.1736 -0.4781 -0.4493
v  0.2098 -0.5133 -0.4555
v  0.2155 -0.5074 -0.4552
v  0.1865 -0.4664 -0.4486
v  0.2220 -0.5008 -0.4549
v  0.2290 -0.4938 -0.4538
v  0.2021 -0.4527 -0.4467
v  0.2366 -0.4861 -0.4529
v  0.2451 -0.4777 -0.4512
v  0.2202 -0.4366 -0.4434
v  0.2539 -0.4689 -0.4495
v  0.2639 -0.4591 -0.4471
v  0.2408 -0.4181 -0.4388
v  0.2738 -0.4493 -0.4449
v  0.2850 -0.4382 -0.4418
v  0.2630 -0.3975 -0.4329
v  0.2956 -0.4277 -0.4391
v  0.3070 -0.4166 -0.4355
v  0.2849 -0.3764 -0.4261
v  0.3175 -0.4063 -0.4323
v  0.3253 -0.3987 -0.4294
v  0.3010 -0.3609 -0.4202
v  0.3336 -0.3907 -0.4264
v  0.3387 -0.3858 -0.4240
v  0.3114 -0.3510 -0.4154
v  0.3441 -0.3807 -0.4216
v  0.3473 -0.3777 -0.4194
v  0.3180 -0.3450 -0.4111
v  0.3506 -0.3746 -0.4172
v  0.3528 -0.3727 -0.4151
v  0.3224 -0.3412 -0.4067
v  0.3550 -0.3707 -0.4128
v  0.3569 -0.3691 -0.4103
v  0.3262 -0.3380 -0.4017
v  0.3589 -0.3675 -0.4078
v  0.3609 -0.3659 -0.4047
v  0.3303 -0.3348 -0.3954
v  0.3630 -0.3643 -0.4014
v  0.3653 -0.3625 -0.3973
v  0.3350 -0.3312 -0.3871
v  0.3677 -0.3607 -0.3931
v  0.3707 -0.3584 -0.3876
v  0.3410 -0.3267 -0.3761
v  0.3737 -0.3562 -0.3821
v  0.3775 -0.3533 -0.3749
v  0.3486 -0.3211 -0.3619
v  0.3813 -0.3505 -0.3678
v  0.3859 -0.3471 -0.3591
v  0.3575 -0.3145 -0.3448
v  0.3904 -0.3438 -0.3505
v  0.3955 -0.3401 -0.3404
v  0.3676 -0.3072 -0.3249
v  0.4004 -0.3364 -0.3306
v  0.4060 -0.3324 -0.3192
v  0.3784 -0.2995 -0.3028
v  0.4113 -0.3286 -0.3083
v  0.4171 -0.3245 -0.2958
v  0.3895 -0.2917 -0.2788
v  0.4225 -0.3207 -0.2842
v  0.4283 -0.3168 -0.2709
v  0.4006 -0.2842 -0.2535
v  0.4336 -0.3132 -0.2586
v  0.4390 -0.3097 -0.2448
v  0.4109 -0.2776 -0.2272
v  0.4440 -0.3065 -0.2322
v  0.4488 -0.3037 -0.2181
v  0.4199 -0.2723 -0.2008
v  0.4530 -0.3011 -0.2056
v  0.4570 -0.2992 -0.1915
v  0.4272 -0.2688 -0.1746
v  0.4604 -0.2975 -0.1792
v  0.4635 -0.2964 -0.1655
v  0.4330 -0.2667 -0.1491
v  0.4662 -0.2955 -0.1535
v  0.4685 -0.2950 -0.1404
v  0.4373 -0.2660 -0.1248
v  0.4705 -0.2947 -0.1291
v  0.4721 -0.2948 -0.1168
v  0.4403 -0.2662 -0.1022
v  0.4736 -0.2949 -0.1063
v  0.4747 -0.2954 -0.0950
v  0.4423 -0.2672 -0.0814
v  0.4756 -0.2959 -0.0854
v  0.4759 -0.2972 -0.0748
v  0.4429 -0.2696 -0.0619
v  0.4762 -0.2983 -0.0657
v  0.4755 -0.3005 -0.0553
v  0.4417 -0.2737 -0.0428
v  0.4749 -0.3024 -0.0465
v  0.3824 -0.2110 -0.0732
v  0.3830 -0.2134 -0.0540
v  0.3253 -0.1522 -0.0643
v  0.3261 -0.1547 -0.0453
v  0.2719 -0.0911 -0.0546
v  0.2727 -0.0936 -0.0358
v  0.3802 -0.2098 -0.0937
v  0.3231 -0.1509 -0.0845
v  0.2696 -0.0897 -0.0746
v  0.3770 -0.2094 -0.1160
v  0.3197 -0.1503 -0.1065
v  0.2660 -0.0888 -0.0964
v  0.3725 -0.2099 -0.1399
v  0.3150 -0.1505 -0.1301
v  0.2611 -0.0888 -0.1197
v  0.3665 -0.2116 -0.1650
v  0.3088 -0.1518 -0.1549
v  0.2547 -0.0897 -0.1442
v  0.3589 -0.2147 -0.1908
v  0.3009 -0.1545 -0.1803
v  0.2466 -0.0920 -0.1693
v  0.3495 -0.2194 -0.2169
v  0.2912 -0.1587 -0.2060
v  0.2365 -0.0956 -0.1947
v  0.3389 -0.2254 -0.2427
v  0.2802 -0.1641 -0.2314
v  0.2251 -0.1004 -0.2198
v  0.3274 -0.2323 -0.2676
v  0.2684 -0.1703 -0.2559
v  0.2130 -0.1060 -0.2440
v  0.3159 -0.2394 -0.2912
v  0.2565 -0.1768 -0.2792
v  0.2006 -0.1118 -0.2670
v  0.3047 -0.2465 -0.3130
v  0.2449 -0.1832 -0.3006
v  0.1888 -0.1177 -0.2881
v  0.2943 -0.2532 -0.3325
v  0.2342 -0.1894 -0.3197
v  0.1777 -0.1232 -0.3070
v  0.2850 -0.2593 -0.3494
v  0.2246 -0.1949 -0.3364
v  0.1678 -0.1282 -0.3234
v  0.2772 -0.2645 -0.3633
v  0.2165 -0.1996 -0.3501
v  0.1595 -0.1325 -0.3369
v  0.2710 -0.2686 -0.3741
v  0.2102 -0.2034 -0.3607
v  0.1529 -0.1359 -0.3474
v  0.2661 -0.2719 -0.3822
v  0.2051 -0.2065 -0.3687
v  0.1477 -0.1387 -0.3553
v  0.2619 -0.2749 -0.3884
v  0.2008 -0.2092 -0.3748
v  0.1432 -0.1412 -0.3613
v  0.2579 -0.2778 -0.3933
v  0.1967 -0.2119 -0.3796
v  0.1390 -0.1437 -0.3660
v  0.2534 -0.2814 -0.3976
v  0.1920 -0.2153 -0.3838
v  0.1342 -0.1468 -0.3702
v  0.2467 -0.2871 -0.4018
v  0.1851 -0.2205 -0.3879
v  0.1271 -0.1517 -0.3742
v  0.2359 -0.2964 -0.4065
v  0.1741 -0.2293 -0.3925
v  0.1158 -0.1599 -0.3786
v  0.2194 -0.3110 -0.4122
v  0.1571 -0.2430 -0.3980
v  0.0983 -0.1728 -0.3840
v  0.1970 -0.3310 -0.4190
v  0.1340 -0.2620 -0.4047
v  0.0744 -0.1907 -0.3906
v  0.1744 -0.3511 -0.4252
v  0.1106 -0.2814 -0.4112
v  0.0501 -0.2094 -0.3972
v  0.0893 -0.2990 -0.4164
v  0.0277 -0.2267 -0.4027
v  0.1538 -0.3691 -0.4301
v  0.1356 -0.3847 -0.4337
v  0.0706 -0.3143 -0.4203
v  0.0078 -0.2418 -0.4068
v  0.1199 -0.3981 -0.4359
v  0.0546 -0.3273 -0.4227
v  -0.0087 -0.2544 -0.4093
v  0.1068 -0.4095 -0.4368
v  0.0413 -0.3382 -0.4237
v  -0.0221 -0.2647 -0.4103
v  0.0960 -0.4192 -0.4362
v  0.0305 -0.3474 -0.4232
v  -0.0329 -0.2731 -0.4099
v  0.0869 -0.4281 -0.4341
v  0.0214 -0.3555 -0.4211
v  -0.0418 -0.2804 -0.4079
v  0.0785 -0.4369 -0.4303
v  0.0131 -0.3634 -0.4173
v  -0.0500 -0.2875 -0.4040
v  0.0699 -0.4466 -0.4245
v  0.0043 -0.3722 -0.4113
v  0.0600 -0.4580 -0.4164
v  -0.0059 -0.3826 -0.4028
v  0.0480 -0.4719 -0.4056
v  -0.0185 -0.3953 -0.3913
v  0.0329 -0.4889 -0.3907
v  -0.0342 -0.4110 -0.3759
v  -0.0981 -0.3312 -0.3610
v  -0.0820 -0.3166 -0.3770
v  0.0150 -0.5088 -0.3704
v  -0.0527 -0.4298 -0.3554
v  -0.1170 -0.3490 -0.3403
v  -0.0026 -0.5288 -0.3480
v  -0.0708 -0.4489 -0.3331
v  -0.1355 -0.3671 -0.3180
v  -0.0175 -0.5458 -0.3280
v  -0.0859 -0.4651 -0.3132
v  -0.1510 -0.3826 -0.2983
v  -0.0274 -0.5575 -0.3130
v  -0.0962 -0.4762 -0.2983
v  -0.1615 -0.3933 -0.2834
v  -0.1020 -0.4830 -0.2875
v  -0.1675 -0.3998 -0.2727
v  -0.1049 -0.4867 -0.2795
v  -0.1704 -0.4033 -0.2647
v  -0.1058 -0.4886 -0.2727
v  -0.1714 -0.4052 -0.2580
v  -0.1060 -0.4899 -0.2658
v  -0.1715 -0.4065 -0.2511
v  -0.1056 -0.4910 -0.2569
v  -0.1711 -0.4076 -0.2423
v  -0.1048 -0.4923 -0.2443
v  -0.1702 -0.4090 -0.2299
v  -0.1036 -0.4942 -0.2262
v  -0.1689 -0.4109 -0.2120
v  -0.1020 -0.4968 -0.2014
v  -0.1673 -0.4137 -0.1874
v  -0.1001 -0.5001 -0.1711
v  -0.1652 -0.4171 -0.1573
v  -0.0979 -0.5037 -0.1368
v  -0.1629 -0.4209 -0.1234
v  -0.0953 -0.5073 -0.1002
v  -0.1601 -0.4247 -0.0871
v  -0.0915 -0.5109 -0.0607
v  -0.1562 -0.4286 -0.0478
v  -0.0834 -0.5147 -0.0146
v  -0.1487 -0.4331 -0.0030
v  -0.0725 -0.5177 0.0243
v  -0.1386 -0.4367 0.0341
v  -0.0631 -0.5183 0.0494
v  -0.1297 -0.4379 0.0583
v  -0.0543 -0.5171 0.0660
v  -0.1209 -0.4372 0.0748
v  -0.0444 -0.5145 0.0792
v  -0.1110 -0.4351 0.0882
v  -0.0320 -0.5104 0.0922
v  -0.0989 -0.4312 0.1012
v  -0.0162 -0.5041 0.1068
v  -0.0833 -0.4251 0.1162
v  0.0318 -0.5904 0.0827
v  0.0455 -0.5831 0.0970
v  0.0615 -0.5732 0.1137
v  0.0787 -0.5610 0.1315
v  0.0210 -0.5955 0.0698
v  0.0124 -0.5988 0.0568
v  0.0049 -0.6006 0.0406
v  -0.0038 -0.6000 0.0155
v  -0.0151 -0.5963 -0.0246
v  -0.0234 -0.5919 -0.0722
v  -0.0271 -0.5883 -0.1124
v  -0.0296 -0.5849 -0.1495
v  -0.0316 -0.5814 -0.1842
v  -0.0334 -0.5783 -0.2150
v  -0.0349 -0.5758 -0.2401
v  -0.0360 -0.5740 -0.2584
v  -0.0368 -0.5727 -0.2711
v  -0.0371 -0.5716 -0.2801
v  -0.0369 -0.5704 -0.2872
v  -0.0360 -0.5684 -0.2940
v  -0.0332 -0.5646 -0.3021
v  -0.0690 -0.3048 -0.3890
v  -0.0587 -0.2953 -0.3979
v  0.3818 -0.2175 -0.0351
v  0.0947 -0.5485 0.1471
v  0.1082 -0.5376 0.1573
v  0.1199 -0.5277 0.1623
v  0.1316 -0.5172 0.1646
v  0.1445 -0.5046 0.1658
v  0.1592 -0.4887 0.1673
v  0.1763 -0.4684 0.1707
v  0.1957 -0.4434 0.1769
v  0.2121 -0.4205 0.1835
v  0.2236 -0.4042 0.1870
v  0.2313 -0.3936 0.1878
v  0.2368 -0.3861 0.1873
v  0.2413 -0.3802 0.1861
v  0.2455 -0.3748 0.1845
v  0.2496 -0.3694 0.1823
v  0.2542 -0.3633 0.1790
v  0.2600 -0.3556 0.1734
v  0.2685 -0.3449 0.1630
v  0.2824 -0.3300 0.1440
v  0.3018 -0.3119 0.1168
v  0.3207 -0.2931 0.0896
v  0.3364 -0.2757 0.0669
v  0.3505 -0.2593 0.0461
v  0.4605 -0.3249 0.0058
v  0.4652 -0.3184 -0.0059
v  0.4680 -0.3141 -0.0155
v  0.4714 -0.3090 -0.0267
v  0.4382 -0.2802 -0.0232
v  0.3782 -0.2238 -0.0158
v  0.2123 -0.1307 0.0798
v  0.2075 -0.1352 0.0862
v  0.1941 -0.1481 0.1054
v  0.1891 -0.1530 0.1130
v  -0.0895 -0.3593 0.1545
v  -0.1020 -0.3663 0.1430
v  -0.0820 -0.3551 0.1616
v  -0.1092 -0.3702 0.1358
v  -0.1206 -0.3764 0.1245
v  -0.1265 -0.3796 0.1182
v  -0.1352 -0.3841 0.1087
v  -0.1399 -0.3865 0.1029
v  -0.1463 -0.3897 0.0947
v  -0.1502 -0.3914 0.0885
v  -0.1551 -0.3936 0.0804
v  -0.1586 -0.3947 0.0725
v  -0.1625 -0.3960 0.0633
v  -0.1661 -0.3965 0.0511
v  -0.1695 -0.3967 0.0388
v  -0.1737 -0.3963 0.0190
v  -0.1768 -0.3957 0.0021
v  -0.1804 -0.3940 -0.0230
v  -0.1829 -0.3925 -0.0421
v  -0.1851 -0.3903 -0.0644
v  -0.1867 -0.3886 -0.0812
v  -0.1897 -0.3845 -0.1173
v  -0.1908 -0.3828 -0.1320
v  -0.1922 -0.3805 -0.1512
v  -0.1931 -0.3790 -0.1642
v  -0.1943 -0.3770 -0.1811
v  -0.1951 -0.3757 -0.1918
v  -0.1961 -0.3740 -0.2056
v  -0.1967 -0.3731 -0.2134
v  -0.1975 -0.3720 -0.2235
v  -0.1979 -0.3714 -0.2289
v  -0.1984 -0.3705 -0.2359
v  -0.1986 -0.3700 -0.2397
v  -0.1989 -0.3693 -0.2447
v  -0.1988 -0.3688 -0.2477
v  -0.1987 -0.3681 -0.2515
v  -0.1983 -0.3673 -0.2545
v  -0.1977 -0.3662 -0.2582
v  -0.1965 -0.3647 -0.2617
v  -0.1948 -0.3628 -0.2662
v  -0.1921 -0.3600 -0.2709
v  -0.1886 -0.3565 -0.2769
v  -0.1839 -0.3520 -0.2834
v  -0.1779 -0.3463 -0.2919
v  0.1759 -0.1661 0.1346
v  0.1719 -0.1701 0.1415
v  0.1610 -0.1810 0.1598
v  0.1579 -0.1842 0.1651
v  0.1554 -0.1865 0.1688
v  0.1473 -0.1944 0.1808
v  0.1452 -0.1963 0.1833
v  0.1394 -0.2016 0.1901
v  0.1376 -0.2032 0.1917
v  0.1331 -0.2071 0.1957
v  0.1313 -0.2086 0.1969
v  0.1274 -0.2118 0.1995
v  0.1255 -0.2133 0.2004
v  0.1218 -0.2163 0.2022
v  0.1198 -0.2179 0.2029
v  0.1160 -0.2208 0.2044
v  0.1134 -0.2228 0.2049
v  0.1091 -0.2261 0.2060
v  0.1055 -0.2286 0.2062
v  0.1002 -0.2326 0.2067
v  0.0947 -0.2364 0.2062
v  0.0873 -0.2416 0.2056
v  0.0785 -0.2476 0.2044
v  0.0679 -0.2549 0.2025
v  0.0567 -0.2627 0.2010
v  0.0439 -0.2714 0.1986
v  0.0332 -0.2789 0.1974
v  0.0216 -0.2869 0.1957
v  0.0125 -0.2933 0.1951
v  0.0040 -0.2992 0.1943
v  -0.0042 -0.3050 0.1939
v  -0.0107 -0.3096 0.1936
v  -0.0186 -0.3151 0.1930
v  -0.0241 -0.3190 0.1926
v  -0.0320 -0.3244 0.1910
v  -0.0370 -0.3278 0.1901
v  -0.0452 -0.3332 0.1868
v  -0.0501 -0.3363 0.1851
v  -0.0554 -0.3396 0.1817
v  -0.0645 -0.3451 0.1760
v  -0.0711 -0.3488 0.1704
v  0.3248 -0.1587 -0.0266
v  0.2715 -0.0976 -0.0173
v  0.2578 -0.0828 -0.0097
v  0.2588 -0.0813 -0.0146
v  0.2600 -0.0773 -0.0331
v  0.2594 -0.0754 -0.0470
v  0.2591 -0.0747 -0.0518
v  0.2573 -0.0735 -0.0666
v  0.2567 -0.0731 -0.0718
v  0.2539 -0.0723 -0.0878
v  0.2529 -0.0720 -0.0935
v  0.2492 -0.0717 -0.1106
v  0.2479 -0.0717 -0.1168
v  0.2430 -0.0721 -0.1346
v  0.2412 -0.0723 -0.1412
v  0.2350 -0.0736 -0.1593
v  0.2327 -0.0741 -0.1662
v  0.2252 -0.0763 -0.1843
v  0.2223 -0.0772 -0.1915
v  0.2138 -0.0802 -0.2092
v  0.2104 -0.0814 -0.2164
v  0.2015 -0.0849 -0.2334
v  0.1978 -0.0863 -0.2405
v  0.1889 -0.0900 -0.2565
v  0.1850 -0.0916 -0.2633
v  0.1765 -0.0952 -0.2779
v  0.1727 -0.0968 -0.2843
v  0.1648 -0.1002 -0.2972
v  0.1612 -0.1018 -0.3031
v  0.1542 -0.1049 -0.3142
v  0.1510 -0.1063 -0.3194
v  0.1451 -0.1090 -0.3285
v  0.1424 -0.1102 -0.3328
v  0.1378 -0.1123 -0.3398
v  0.1356 -0.1133 -0.3432
v  0.1319 -0.1150 -0.3485
v  0.1302 -0.1158 -0.3511
v  0.1271 -0.1173 -0.3551
v  0.1256 -0.1181 -0.3570
v  0.1226 -0.1197 -0.3602
v  0.1212 -0.1204 -0.3617
v  0.1179 -0.1223 -0.3645
v  0.1162 -0.1233 -0.3658
v  0.1113 -0.1263 -0.3685
v  0.1089 -0.1279 -0.3698
v  0.1011 -0.1329 -0.3726
v  0.0971 -0.1355 -0.3741
v  0.0854 -0.1433 -0.3775
v  0.0791 -0.1475 -0.3794
v  0.0632 -0.1582 -0.3834
v  0.0543 -0.1642 -0.3857
v  0.0448 -0.1706 -0.3881
v  0.0286 -0.1815 -0.3921
v  0.0142 -0.1912 -0.3953
v  0.0049 -0.1975 -0.3974
v  -0.0075 -0.2059 -0.3997
v  -0.0159 -0.2117 -0.4014
v  -0.0260 -0.2187 -0.4028
v  -0.0332 -0.2236 -0.4039
v  -0.0413 -0.2294 -0.4044
v  -0.0471 -0.2334 -0.4049
v  -0.0536 -0.2381 -0.4046
v  -0.0581 -0.2413 -0.4044
v  -0.0634 -0.2454 -0.4031
v  -0.0670 -0.2481 -0.4023
v  -0.0719 -0.2520 -0.4000
v  -0.0752 -0.2546 -0.3984
v  -0.0804 -0.2589 -0.3948
v  -0.0840 -0.2620 -0.3922
v  -0.0901 -0.2672 -0.3871
v  -0.0944 -0.2710 -0.3833
v  -0.1020 -0.2775 -0.3763
v  -0.1075 -0.2824 -0.3711
v  -0.1168 -0.2906 -0.3619
v  -0.1237 -0.2968 -0.3548
v  -0.1347 -0.3067 -0.3429
v  -0.1429 -0.3141 -0.3340
v  -0.1538 -0.3240 -0.3213
v  -0.1619 -0.3315 -0.3117
v  -0.1710 -0.3399 -0.3005
v  0.4730 -0.3060 -0.0358
# 702 vertices

vn -0.4603 -0.4660 0.7556
vn -0.4380 -0.4501 0.7782
vn -0.4292 -0.4616 0.7763
vn -0.4567 -0.4800 0.7490
vn -0.3798 -0.4096 0.8294
vn -0.3667 -0.4179 0.8312
vn -0.2561 -0.3202 0.9121
vn -0.2465 -0.3326 0.9103
vn -0.1063 -0.2091 0.9721
vn -0.1061 -0.2325 0.9668
vn -0.0098 -0.1366 0.9906
vn -0.0068 -0.1623 0.9867
vn 0.0187 -0.1152 0.9932
vn 0.0347 -0.1334 0.9905
vn -0.0014 -0.1312 0.9914
vn 0.0263 -0.1401 0.9898
vn -0.0446 -0.1640 0.9855
vn -0.0073 -0.1634 0.9865
vn -0.0834 -0.1878 0.9787
vn -0.0411 -0.1815 0.9825
vn -0.0842 -0.1796 0.9801
vn -0.0556 -0.1797 0.9821
vn -0.0248 -0.1306 0.9911
vn -0.0239 -0.1460 0.9890
vn 0.0712 -0.0545 0.9960
vn 0.0594 -0.0792 0.9951
vn 0.1664 0.0227 0.9858
vn 0.1626 -0.0007 0.9867
vn 0.2421 0.0858 0.9664
vn 0.2508 0.0665 0.9657
vn 0.2971 0.1328 0.9456
vn 0.3155 0.1165 0.9417
vn 0.3535 0.1817 0.9176
vn 0.3788 0.1666 0.9103
vn 0.4257 0.2451 0.8710
vn 0.4569 0.2302 0.8592
vn 0.5004 0.3130 0.8073
vn 0.5364 0.2977 0.7897
vn 0.5620 0.3741 0.7377
vn 0.6004 0.3566 0.7158
vn 0.5967 0.4195 0.6841
vn 0.6391 0.3985 0.6578
vn 0.5967 0.4425 0.6694
vn 0.6461 0.4173 0.6391
vn 0.5741 0.4396 0.6907
vn 0.6228 0.4099 0.6664
vn 0.5564 0.4269 0.7129
vn 0.5940 0.3907 0.7032
vn 0.5674 0.4360 0.6986
vn 0.5946 0.3932 0.7013
vn 0.6106 0.4781 0.6314
vn 0.6355 0.4320 0.6399
vn 0.9062 -0.2656 0.3289
vn 0.0699 0.8367 0.5432
vn 0.6918 0.4901 0.5303
vn 0.1142 0.8749 0.4707
vn 0.9460 -0.2225 0.2356
vn 0.7377 0.5456 0.3976
vn 0.1473 0.9153 0.3749
vn 0.6625 0.5345 0.5248
vn 0.7031 0.5879 0.4000
vn 0.0337 0.8217 0.5690
vn 0.0309 0.8124 0.5822
vn 0.5843 0.5152 0.6271
vn 0.6320 0.5710 0.5239
vn 0.5635 0.5534 0.6134
vn 0.6041 0.6036 0.5202
vn 0.9101 -0.1028 0.4015
vn 0.9240 -0.0788 0.3741
vn 0.5230 0.5138 0.6800
vn 0.8991 -0.1149 0.4225
vn 0.8892 -0.1272 0.4394
vn 0.4996 0.4962 0.7101
vn 0.8834 -0.1366 0.4482
vn 0.8810 -0.1420 0.4513
vn 0.4931 0.4891 0.7194
vn 0.8748 -0.1449 0.4623
vn 0.8748 -0.1608 0.4571
vn 0.4929 0.4705 0.7319
vn 0.8648 -0.1561 0.4772
vn 0.8632 -0.1903 0.4676
vn 0.4921 0.4329 0.7552
vn 0.8532 -0.1778 0.4904
vn 0.8488 -0.2138 0.4836
vn 0.4743 0.3853 0.7916
vn 0.8400 -0.2029 0.5032
vn 0.8237 -0.2313 0.5177
vn 0.4281 0.3272 0.8424
vn 0.8009 -0.2506 0.5439
vn 0.7852 -0.2792 0.5527
vn 0.3638 0.2570 0.8953
vn 0.7564 -0.2974 0.5826
vn 0.7364 -0.3342 0.5882
vn 0.2945 0.1866 0.9373
vn 0.7094 -0.3508 0.6114
vn 0.6912 -0.3831 0.6128
vn 0.2389 0.1317 0.9621
vn 0.6725 -0.3949 0.6259
vn 0.6600 -0.4160 0.6256
vn 0.1868 0.0815 0.9790
vn 0.6352 -0.4313 0.6407
vn 0.6196 -0.4579 0.6375
vn 0.1202 0.0191 0.9926
vn 0.5876 -0.4772 0.6534
vn 0.5693 -0.5091 0.6455
vn 0.0436 -0.0507 0.9978
vn 0.5342 -0.5297 0.6588
vn 0.5182 -0.5609 0.6457
vn -0.0313 -0.1159 0.9928
vn 0.4844 -0.5779 0.6568
vn 0.4763 -0.6029 0.6400
vn -0.0862 -0.1569 0.9839
vn 0.4536 -0.6067 0.6528
vn 0.4555 -0.6205 0.6384
vn -0.0998 -0.1533 0.9831
vn 0.4543 -0.6046 0.6543
vn 0.4626 -0.6047 0.6483
vn -0.0764 -0.1168 0.9902
vn -0.5306 0.4078 0.7431
vn 0.4821 -0.5768 0.6595
vn -0.0442 -0.0806 0.9958
vn -0.5127 0.4248 0.7461
vn 0.4956 -0.5591 0.6646
vn -0.0362 -0.0729 0.9967
vn 0.4911 -0.5638 0.6640
vn 0.4796 -0.5725 0.6650
vn -0.0755 -0.1105 0.9910
vn 0.4528 -0.5957 0.6633
vn 0.4271 -0.6223 0.6560
vn -0.1726 -0.1982 0.9648
vn 0.3725 -0.6645 0.6478
vn 0.3390 -0.7074 0.6202
vn -0.3105 -0.3165 0.8963
vn 0.2607 -0.7590 0.5966
vn 0.2488 -0.8055 0.5378
vn -0.4167 -0.4075 0.8126
vn 0.1993 -0.8220 0.5334
vn 0.2002 -0.8526 0.4826
vn -0.4662 -0.4526 0.7601
vn 0.1816 -0.8527 0.4898
vn 0.1676 -0.8686 0.4663
vn -0.4907 -0.4782 0.7283
vn 0.1656 -0.8775 0.4501
vn 0.1534 -0.8836 0.4424
vn -0.5067 -0.5011 0.7015
vn 0.1535 -0.8924 0.4244
vn 0.1389 -0.8983 0.4169
vn -0.5362 -0.5316 0.6556
vn 0.1070 -0.9201 0.3769
vn 0.1274 -0.9280 0.3501
vn -0.5904 -0.5777 0.5636
vn 0.0635 -0.9424 0.3285
vn 0.0812 -0.9617 0.2619
vn -0.6578 -0.6258 0.4192
vn 0.0260 -0.9714 0.2359
vn 0.0198 -0.9880 0.1532
vn -0.7072 -0.6574 0.2604
vn -0.0128 -0.9962 0.0862
vn -0.9834 -0.0102 0.1810
vn -0.7237 -0.6749 0.1441
vn -0.0155 -0.9997 0.0192
vn 0.0125 -0.9997 -0.0201
vn -0.7245 -0.6853 0.0734
vn -0.0084 -0.9996 -0.0265
vn 0.0064 -0.9988 -0.0492
vn -0.7244 -0.6890 0.0248
vn -0.0052 -0.9983 -0.0579
vn -0.9973 -0.0067 0.0729
vn -0.7259 -0.6878 -0.0063
vn -0.0028 -0.9968 -0.0797
vn -0.9981 0.0078 0.0605
vn -0.7267 -0.6867 -0.0205
vn -0.0015 -0.9959 -0.0900
vn -0.0002 -0.9957 -0.0929
vn -0.7270 -0.6862 -0.0264
vn -0.0010 -0.9956 -0.0942
vn -0.0004 -0.9954 -0.0957
vn -0.7270 -0.6861 -0.0279
vn -0.0003 -0.9955 -0.0953
vn -0.0004 -0.9955 -0.0950
vn -0.7267 -0.6865 -0.0243
vn 0.0008 -0.9957 -0.0929
vn 0.0000 -0.9959 -0.0905
vn -0.7266 -0.6867 -0.0222
vn -0.0005 -0.9958 -0.0912
vn -0.0001 -0.9958 -0.0920
vn -0.7276 -0.6849 -0.0394
vn -0.0060 -0.9946 -0.1034
vn -0.0013 -0.9934 -0.1150
vn -0.7296 -0.6769 -0.0978
vn -0.0156 -0.9892 -0.1454
vn -0.0020 -0.9845 -0.1754
vn -0.7261 -0.6541 -0.2120
vn -0.0222 -0.9732 -0.2289
vn 0.0055 -0.9607 -0.2776
vn -0.7000 -0.5988 -0.3891
vn -0.0147 -0.9325 -0.3609
vn 0.0383 -0.9037 -0.4265
vn -0.6449 -0.5160 -0.5638
vn 0.0327 -0.8724 -0.4876
vn 0.0801 -0.8451 -0.5286
vn -0.5928 -0.4477 -0.6694
vn 0.0807 -0.8242 -0.5606
vn 0.1090 -0.8075 -0.5797
vn -0.5602 -0.4070 -0.7215
vn 0.1104 -0.7960 -0.5952
vn 0.1250 -0.7872 -0.6039
vn -0.5414 -0.3837 -0.7481
vn 0.1264 -0.7797 -0.6133
vn 0.1354 -0.7741 -0.6184
vn -0.5200 -0.3580 -0.7755
vn 0.1383 -0.7590 -0.6362
vn -0.8415 0.2392 -0.4844
vn -0.4843 -0.3184 -0.8149
vn 0.1613 -0.7265 -0.6680
vn -0.8107 0.2732 -0.5178
vn -0.4478 -0.2816 -0.8487
vn 0.1905 -0.6993 -0.6889
vn -0.7922 0.2943 -0.5346
vn -0.4208 -0.2552 -0.8705
vn 0.2103 -0.6779 -0.7044
vn -0.7745 0.3128 -0.5499
vn -0.3859 -0.2203 -0.8959
vn 0.2314 -0.6493 -0.7244
vn -0.7438 0.3461 -0.5718
vn -0.3276 -0.1599 -0.9312
vn 0.2677 -0.6040 -0.7507
vn -0.6963 0.3996 -0.5963
vn -0.2464 -0.0749 -0.9663
vn 0.3218 -0.5433 -0.7754
vn 0.3676 -0.5184 -0.7721
vn -0.1597 0.0156 -0.9870
vn 0.3855 -0.4774 -0.7896
vn -0.5810 0.5227 -0.6239
vn -0.0883 0.0895 -0.9921
vn 0.4360 -0.4280 -0.7917
vn -0.5398 0.5654 -0.6236
vn -0.0389 0.1417 -0.9891
vn 0.4729 -0.3932 -0.7885
vn -0.5120 0.5948 -0.6197
vn -0.0064 0.1778 -0.9840
vn 0.4982 -0.3689 -0.7847
vn -0.4932 0.6154 -0.6149
vn 0.0156 0.2041 -0.9788
vn 0.5159 -0.3511 -0.7814
vn -0.4797 0.6303 -0.6104
vn 0.0310 0.2249 -0.9739
vn 0.5284 -0.3373 -0.7791
vn -0.4699 0.6420 -0.6058
vn 0.0451 0.2453 -0.9684
vn 0.5392 -0.3226 -0.7779
vn -0.4570 0.6577 -0.5988
vn 0.0652 0.2688 -0.9610
vn 0.5559 -0.3050 -0.7733
vn 0.5686 -0.2979 -0.7667
vn 0.1000 0.3041 -0.9474
vn 0.5818 -0.2745 -0.7656
vn 0.6020 -0.2647 -0.7534
vn 0.1667 0.3680 -0.9147
vn 0.6269 -0.2197 -0.7475
vn 0.6651 -0.2046 -0.7181
vn 0.2718 0.4644 -0.8429
vn 0.7010 -0.1399 -0.6993
vn 0.7522 -0.1247 -0.6470
vn 0.3743 0.5525 -0.7448
vn 0.7776 -0.0791 -0.6238
vn 0.8118 -0.0732 -0.5793
vn 0.4433 0.6079 -0.6588
vn 0.8287 -0.0427 -0.5580
vn 0.8508 -0.0415 -0.5239
vn 0.4859 0.6401 -0.5951
vn 0.8604 -0.0242 -0.5091
vn 0.8727 -0.0245 -0.4877
vn 0.5076 0.6559 -0.5587
vn 0.8767 -0.0173 -0.4808
vn 0.8817 -0.0176 -0.4714
vn 0.5161 0.6621 -0.5434
vn 0.8831 -0.0152 -0.4689
vn 0.8848 -0.0152 -0.4658
vn 0.5207 0.6655 -0.5347
vn 0.8864 -0.0125 -0.4627
vn 0.8884 -0.0123 -0.4589
vn 0.5266 0.6700 -0.5233
vn 0.8907 -0.0086 -0.4545
vn 0.8934 -0.0085 -0.4492
vn 0.5341 0.6756 -0.5082
vn 0.8961 -0.0037 -0.4438
vn 0.8994 -0.0039 -0.4371
vn 0.5432 0.6823 -0.4893
vn 0.9027 0.0021 -0.4303
vn 0.9067 0.0015 -0.4218
vn 0.5549 0.6907 -0.4637
vn 0.9111 0.0099 -0.4120
vn 0.9166 0.0077 -0.3997
vn 0.5703 0.7014 -0.4276
vn 0.9222 0.0199 -0.3862
vn 0.9292 0.0158 -0.3692
vn 0.5894 0.7141 -0.3777
vn 0.9361 0.0320 -0.3502
vn 0.9445 0.0269 -0.3274
vn 0.6114 0.7274 -0.3117
vn 0.9522 0.0446 -0.3021
vn 0.9612 0.0362 -0.2734
vn 0.6315 0.7378 -0.2385
vn 0.9673 0.0519 -0.2483
vn 0.9741 0.0459 -0.2216
vn 0.6464 0.7437 -0.1707
vn 0.9785 0.0551 -0.1985
vn 0.9834 0.0478 -0.1752
vn 0.6566 0.7460 -0.1110
vn 0.9864 0.0558 -0.1547
vn 0.9895 0.0523 -0.1345
vn 0.6638 0.7459 -0.0550
vn 0.9920 0.0559 -0.1135
vn 0.9944 0.0494 -0.0934
vn 0.6700 0.7421 0.0202
vn 0.9966 0.0590 -0.0577
vn 0.9988 0.0424 -0.0249
vn 0.6719 0.7286 0.1332
vn 0.9981 0.0550 0.0269
vn 0.9970 -0.0556 0.0535
vn 0.6618 0.6987 0.2716
vn 0.9909 0.0352 0.1302
vn 0.7020 0.7120 0.0157
vn 0.7044 0.6980 0.1288
vn 0.7362 0.6767 0.0103
vn 0.7392 0.6621 0.1232
vn 0.7719 0.6358 0.0037
vn 0.7755 0.6205 0.1165
vn 0.6953 0.7163 -0.0593
vn 0.7289 0.6816 -0.0647
vn 0.7639 0.6414 -0.0712
vn 0.6875 0.7169 -0.1153
vn 0.7206 0.6828 -0.1206
vn 0.7550 0.6433 -0.1270
vn 0.6766 0.7152 -0.1749
vn 0.7090 0.6818 -0.1801
vn 0.7428 0.6430 -0.1864
vn 0.6609 0.7102 -0.2425
vn 0.6924 0.6777 -0.2476
vn 0.7253 0.6400 -0.2538
vn 0.6397 0.7009 -0.3156
vn 0.6701 0.6696 -0.3204
vn 0.7018 0.6332 -0.3264
vn 0.6166 0.6887 -0.3815
vn 0.6458 0.6587 -0.3862
vn 0.6764 0.6236 -0.3919
vn 0.5964 0.6770 -0.4312
vn 0.6247 0.6480 -0.4357
vn 0.6543 0.6141 -0.4413
vn 0.5803 0.6671 -0.4671
vn 0.6078 0.6389 -0.4715
vn 0.6367 0.6059 -0.4770
vn 0.5680 0.6593 -0.4927
vn 0.5949 0.6317 -0.4970
vn 0.6233 0.5993 -0.5023
vn 0.5585 0.6530 -0.5115
vn 0.5849 0.6259 -0.5158
vn 0.6128 0.5941 -0.5210
vn 0.5506 0.6478 -0.5265
vn 0.5767 0.6211 -0.5307
vn 0.6042 0.5897 -0.5359
vn 0.5444 0.6436 -0.5379
vn 0.5702 0.6172 -0.5421
vn 0.5975 0.5861 -0.5472
vn 0.5396 0.6404 -0.5466
vn 0.5652 0.6142 -0.5507
vn 0.5922 0.5834 -0.5558
vn 0.5307 0.6346 -0.5618
vn 0.5560 0.6089 -0.5658
vn 0.5827 0.5784 -0.5708
vn 0.5081 0.6199 -0.5980
vn 0.5324 0.5951 -0.6020
vn 0.5584 0.5656 -0.6068
vn 0.4636 0.5896 -0.6614
vn 0.4863 0.5668 -0.6650
vn 0.5107 0.5392 -0.6696
vn 0.3916 0.5373 -0.7469
vn 0.4116 0.5177 -0.7501
vn 0.4335 0.4932 -0.7542
vn 0.2847 0.4538 -0.8444
vn 0.3005 0.4388 -0.8469
vn 0.3185 0.4190 -0.8503
vn 0.1750 0.3621 -0.9156
vn 0.1864 0.3520 -0.9173
vn 0.2002 0.3373 -0.9199
vn 0.1056 0.3014 -0.9476
vn 0.1144 0.2945 -0.9488
vn 0.1255 0.2832 -0.9508
vn 0.0709 0.2698 -0.9603
vn 0.0796 0.2657 -0.9608
vn 0.0902 0.2568 -0.9622
vn 0.0539 0.2521 -0.9662
vn 0.0651 0.2521 -0.9655
vn 0.0773 0.2465 -0.9661
vn 0.0417 0.2355 -0.9710
vn 0.0544 0.2392 -0.9695
vn 0.0672 0.2366 -0.9693
vn 0.0374 0.2210 -0.9746
vn 0.0492 0.2208 -0.9741
vn 0.0254 0.2154 -0.9762
vn 0.0025 0.1899 -0.9818
vn 0.0134 0.1968 -0.9804
vn 0.0240 0.1989 -0.9797
vn -0.0313 0.1547 -0.9875
vn -0.0222 0.1628 -0.9864
vn -0.0132 0.1670 -0.9859
vn -0.0838 0.1025 -0.9912
vn -0.0782 0.1111 -0.9907
vn -0.0724 0.1168 -0.9905
vn -0.1613 0.0267 -0.9865
vn -0.1630 0.0338 -0.9861
vn -0.1645 0.0387 -0.9856
vn -0.2573 -0.0672 -0.9640
vn -0.2693 -0.0636 -0.9609
vn -0.2824 -0.0622 -0.9573
vn -0.3475 -0.1563 -0.9246
vn -0.3689 -0.1555 -0.9164
vn -0.3920 -0.1573 -0.9064
vn -0.4107 -0.2178 -0.8854
vn -0.4379 -0.2183 -0.8721
vn -0.4474 -0.2511 -0.8584
vn -0.4777 -0.2517 -0.8417
vn -0.4760 -0.2748 -0.8354
vn -0.5044 -0.2706 -0.8200
vn -0.5107 -0.3060 -0.8035
vn -0.5336 -0.2938 -0.7931
vn -0.5533 -0.2852 -0.7826
vn -0.5297 -0.2689 -0.8044
vn -0.5428 -0.3381 -0.7688
vn -0.5617 -0.3201 -0.7629
vn -0.5768 -0.3051 -0.7578
vn -0.5627 -0.3604 -0.7440
vn -0.5802 -0.3395 -0.7403
vn -0.5941 -0.3218 -0.7372
vn -0.5819 -0.3826 -0.7176
vn -0.5998 -0.3607 -0.7142
vn -0.6142 -0.3419 -0.7113
vn -0.6157 -0.4220 -0.6654
vn -0.6347 -0.3989 -0.6618
vn -0.6501 -0.3788 -0.6586
vn -0.6904 -0.4634 -0.5555
vn -0.7074 -0.4414 -0.5520
vn -0.7491 -0.5425 -0.3801
vn -0.7679 -0.5185 -0.3762
vn -0.7767 -0.5963 -0.2027
vn -0.7963 -0.5713 -0.1985
vn -0.7802 -0.6192 -0.0886
vn -0.8000 -0.5941 -0.0843
vn -0.7779 -0.6276 -0.0302
vn -0.7977 -0.6025 -0.0260
vn -0.7768 -0.6296 -0.0131
vn -0.7965 -0.6046 -0.0089
vn -0.7770 -0.6294 -0.0152
vn -0.7967 -0.6043 -0.0110
vn -0.7772 -0.6289 -0.0188
vn -0.7969 -0.6039 -0.0146
vn -0.7772 -0.6290 -0.0173
vn -0.7969 -0.6040 -0.0131
vn -0.7768 -0.6296 -0.0114
vn -0.7965 -0.6046 -0.0072
vn -0.7757 -0.6311 0.0048
vn -0.7954 -0.6061 0.0073
vn -0.7714 -0.6345 0.0493
vn -0.7910 -0.6102 0.0446
vn -0.7602 -0.6382 0.1216
vn -0.7781 -0.6185 0.1094
vn -0.7420 -0.6365 0.2104
vn -0.7565 -0.6239 0.1959
vn -0.7082 -0.6223 0.3334
vn -0.7197 -0.6164 0.3197
vn -0.6469 -0.5877 0.4859
vn -0.6570 -0.5881 0.4716
vn -0.5699 -0.5396 0.6198
vn -0.5813 -0.5471 0.6024
vn -0.5076 -0.4987 0.7026
vn -0.5174 -0.5116 0.6860
vn -0.4755 -0.4770 0.7392
vn -0.4788 -0.4915 0.7274
vn -0.5211 -0.4981 0.6931
vn -0.4914 -0.4728 0.7314
vn -0.4771 -0.4568 0.7508
vn -0.4546 -0.4372 0.7761
vn -0.5806 -0.5411 0.6083
vn -0.6557 -0.5914 0.4693
vn -0.7122 -0.6281 0.3135
vn -0.7373 -0.6471 0.1939
vn -0.7457 -0.6574 0.1085
vn -0.7499 -0.6603 0.0402
vn -0.7527 -0.6584 -0.0005
vn -0.7536 -0.6571 -0.0159
vn -0.7539 -0.6566 -0.0217
vn -0.7540 -0.6565 -0.0233
vn -0.7537 -0.6569 -0.0197
vn -0.7535 -0.6572 -0.0176
vn -0.7546 -0.6553 -0.0347
vn -0.7568 -0.6470 -0.0931
vn -0.7533 -0.6241 -0.2073
vn -0.7266 -0.5695 -0.3845
vn -0.6696 -0.4885 -0.5595
vn -0.5062 -0.2531 -0.8244
vn -0.4658 -0.2208 -0.8569
vn 0.6944 0.6682 0.2671
vn -0.3982 -0.3962 0.8273
vn -0.2781 -0.3082 0.9098
vn -0.1295 -0.1944 0.9723
vn -0.0333 -0.1166 0.9926
vn -0.0046 -0.0917 0.9958
vn -0.0249 -0.1085 0.9938
vn -0.0712 -0.1483 0.9864
vn -0.1092 -0.1817 0.9773
vn -0.0980 -0.1762 0.9795
vn -0.0299 -0.1244 0.9918
vn 0.0609 -0.0503 0.9969
vn 0.1464 0.0227 0.9890
vn 0.2161 0.0840 0.9728
vn 0.2689 0.1317 0.9541
vn 0.3254 0.1839 0.9275
vn 0.3985 0.2523 0.8818
vn 0.4720 0.3248 0.8196
vn 0.5271 0.3880 0.7561
vn 0.5506 0.4354 0.7122
vn 0.5450 0.4637 0.6986
vn 0.5302 0.4673 0.7075
vn 0.5236 0.4608 0.7165
vn 0.5408 0.4727 0.6958
vn 0.9378 -0.0713 0.3398
vn 0.9501 -0.0401 0.3094
vn 0.9628 -0.0388 0.2674
vn 0.9733 0.0003 0.2296
vn 0.6376 0.6542 0.4068
vn 0.6693 0.6238 0.4037
vn 0.8542 -0.3135 0.4147
vn 0.0251 0.8165 0.5768
vn 0.8714 -0.2916 0.3945
vn 0.0455 0.8343 0.5495
vn -0.7289 0.2403 0.6410
vn -0.7357 0.2286 0.6376
vn -0.7121 0.2379 0.6606
vn -0.7468 0.2263 0.6254
vn -0.7550 0.2199 0.6177
vn -0.7668 0.2137 0.6053
vn -0.7851 0.2002 0.5861
vn -0.8037 0.1954 0.5621
vn -0.8323 0.1686 0.5280
vn -0.8580 0.1692 0.4850
vn -0.8899 0.1358 0.4354
vn -0.9158 0.1430 0.3752
vn -0.9386 0.1202 0.3234
vn -0.9554 0.1296 0.2654
vn -0.9647 0.1260 0.2312
vn -0.9724 0.1291 0.1941
vn -0.9766 0.1339 0.1683
vn -0.9802 0.1376 0.1424
vn -0.9819 0.1420 0.1251
vn -0.9828 0.1480 0.1104
vn -0.9836 0.1479 0.1030
vn -0.9841 0.1504 0.0941
vn -0.9842 0.1519 0.0915
vn -0.9843 0.1515 0.0901
vn -0.9844 0.1522 0.0888
vn -0.9843 0.1523 0.0891
vn -0.9843 0.1521 0.0893
vn -0.9840 0.1529 0.0917
vn -0.9840 0.1516 0.0939
vn -0.9841 0.1514 0.0931
vn -0.9841 0.1518 0.0923
vn -0.9857 0.1482 0.0803
vn -0.9855 0.1547 0.0695
vn -0.9886 0.1462 0.0373
vn -0.9863 0.1644 0.0094
vn -0.9870 0.1534 -0.0472
vn -0.9777 0.1883 -0.0926
vn -0.9669 0.1805 -0.1806
vn -0.9400 0.2413 -0.2411
vn -0.9205 0.2428 -0.3062
vn -0.8922 0.2937 -0.3431
vn -0.8770 0.2971 -0.3775
vn -0.8590 0.3267 -0.3942
vn -0.8502 0.3291 -0.4110
vn 0.0487 0.8476 0.5284
vn 0.0660 0.8415 0.5363
vn 0.0612 0.8425 0.5352
vn 0.0639 0.8300 0.5540
vn 0.0467 0.8213 0.5685
vn 0.0406 0.8021 0.5958
vn 0.0120 0.7874 0.6163
vn -0.0014 0.7593 0.6508
vn -0.0416 0.7411 0.6701
vn -0.0591 0.7093 0.7024
vn -0.1028 0.6919 0.7146
vn -0.1191 0.6631 0.7390
vn 0.6650 -0.4867 0.5665
vn -0.1697 0.6263 0.7609
vn 0.6227 -0.5178 0.5866
vn -0.2159 0.5856 0.7813
vn 0.5648 -0.5600 0.6062
vn -0.2788 0.5336 0.7985
vn -0.3291 0.5269 0.7836
vn -0.3501 0.4842 0.8018
vn -0.3972 0.4742 0.7857
vn -0.4052 0.4585 0.7909
vn -0.4299 0.4399 0.7884
vn -0.4298 0.4490 0.7833
vn -0.4294 0.4323 0.7929
vn 0.3892 -0.6929 0.6069
vn -0.4133 0.4421 0.7961
vn 0.4090 -0.6810 0.6074
vn -0.3894 0.4594 0.7983
vn 0.4302 -0.6692 0.6059
vn -0.3719 0.4737 0.7983
vn -0.3794 0.4642 0.8004
vn -0.3861 0.4663 0.7959
vn -0.4083 0.4311 0.8046
vn -0.4406 0.4312 0.7874
vn -0.4759 0.3755 0.7953
vn -0.5303 0.3699 0.7628
vn -0.5744 0.3078 0.7585
vn -0.6333 0.3011 0.7129
vn -0.6649 0.2581 0.7009
vn -0.6994 0.2610 0.6654
vn 0.7293 0.6322 0.2618
vn 0.7656 0.5903 0.2556
vn 0.9731 -0.1867 0.1347
vn 0.1669 0.9477 0.2722
vn 0.1711 0.9699 0.1732
vn 0.1500 0.9804 0.1280
vn 0.1626 0.9822 0.0939
vn 0.1449 0.9874 0.0631
vn 0.1511 0.9876 0.0422
vn 0.9758 -0.1332 -0.1733
vn 0.1447 0.9895 0.0031
vn 0.1323 0.9911 -0.0142
vn 0.1372 0.9898 -0.0388
vn 0.1219 0.9908 -0.0581
vn 0.1260 0.9883 -0.0864
vn 0.1073 0.9884 -0.1075
vn 0.1099 0.9844 -0.1377
vn 0.0887 0.9833 -0.1588
vn 0.0894 0.9791 -0.1829
vn 0.9029 -0.1482 -0.4034
vn 0.0714 0.9737 -0.2166
vn 0.8880 -0.1541 -0.4332
vn 0.0570 0.9689 -0.2407
vn 0.8765 -0.1591 -0.4544
vn 0.0461 0.9651 -0.2578
vn 0.8679 -0.1628 -0.4694
vn 0.0380 0.9620 -0.2705
vn 0.8608 -0.1661 -0.4811
vn 0.0314 0.9593 -0.2806
vn 0.8549 -0.1688 -0.4905
vn 0.0260 0.9572 -0.2882
vn 0.8506 -0.1708 -0.4973
vn 0.0219 0.9555 -0.2941
vn 0.8471 -0.1725 -0.5027
vn 0.0176 0.9519 -0.3060
vn 0.8365 -0.1776 -0.5185
vn 0.0049 0.9425 -0.3342
vn 0.8109 -0.1903 -0.5534
vn -0.0243 0.9238 -0.3821
vn 0.7656 -0.2143 -0.6066
vn -0.0757 0.8917 -0.4463
vn -0.1256 0.8776 -0.4626
vn -0.1549 0.8398 -0.5202
vn -0.2230 0.8177 -0.5307
vn -0.2472 0.7876 -0.5644
vn -0.2937 0.7714 -0.5645
vn -0.3069 0.7550 -0.5795
vn -0.3303 0.7466 -0.5775
vn -0.3357 0.7399 -0.5830
vn -0.3450 0.7365 -0.5819
vn -0.3460 0.7353 -0.5828
vn -0.3475 0.7336 -0.5840
vn -0.3536 0.7278 -0.5876
vn -0.3601 0.7259 -0.5860
vn -0.3654 0.7178 -0.5927
vn -0.3757 0.7145 -0.5902
vn -0.3836 0.7032 -0.5987
vn -0.3971 0.6990 -0.5948
vn -0.4097 0.6812 -0.6067
vn -0.4301 0.6746 -0.6000
vn -0.4516 0.6454 -0.6160
vn -0.4844 0.6333 -0.6035
vn -0.5194 0.5883 -0.6198
vn -0.5675 0.5682 -0.5959
vn -0.6100 0.5153 -0.6020
vn -0.6619 0.4915 -0.5661
vn -0.6959 0.4508 -0.5591
vn -0.7325 0.4324 -0.5259
vn -0.7519 0.4117 -0.5148
vn -0.7704 0.4008 -0.4958
vn -0.7802 0.3932 -0.4864
vn -0.7882 0.3868 -0.4786
vn -0.7949 0.3831 -0.4705
vn -0.7996 0.3786 -0.4662
vn -0.8094 0.3693 -0.4565
vn -0.8157 0.3667 -0.4474
vn -0.8234 0.3563 -0.4417
vn -0.8299 0.3543 -0.4310
vn -0.8354 0.3458 -0.4273
vn -0.8405 0.3444 -0.4183
vn -0.0485 0.9502 0.3079
# 702 vertex normals

vt 0.1333 0.4333 0.0000
vt 0.1422 0.4322 0.0000
vt 0.1427 0.4644 0.0000
vt 0.1333 0.4656 0.0000
vt 0.1503 0.4317 0.0000
vt 0.1510 0.4635 0.0000
vt 0.1566 0.4314 0.0000
vt 0.1574 0.4631 0.0000
vt 0.1618 0.4314 0.0000
vt 0.1628 0.4630 0.0000
vt 0.1670 0.4316 0.0000
vt 0.1681 0.4631 0.0000
vt 0.1728 0.4321 0.0000
vt 0.1738 0.4633 0.0000
vt 0.1796 0.4328 0.0000
vt 0.1802 0.4637 0.0000
vt 0.1878 0.4340 0.0000
vt 0.1878 0.4643 0.0000
vt 0.1979 0.4357 0.0000
vt 0.1973 0.4651 0.0000
vt 0.2072 0.4374 0.0000
vt 0.2069 0.4659 0.0000
vt 0.2140 0.4387 0.0000
vt 0.2143 0.4666 0.0000
vt 0.2186 0.4395 0.0000
vt 0.2195 0.4670 0.0000
vt 0.2220 0.4399 0.0000
vt 0.2233 0.4672 0.0000
vt 0.2248 0.4402 0.0000
vt 0.2265 0.4673 0.0000
vt 0.2274 0.4404 0.0000
vt 0.2294 0.4674 0.0000
vt 0.2301 0.4405 0.0000
vt 0.2323 0.4674 0.0000
vt 0.2331 0.4407 0.0000
vt 0.2354 0.4674 0.0000
vt 0.2368 0.4409 0.0000
vt 0.2392 0.4675 0.0000
vt 0.2422 0.4411 0.0000
vt 0.2444 0.4676 0.0000
vt 0.2506 0.4409 0.0000
vt 0.2520 0.4676 0.0000
vt 0.2623 0.4397 0.0000
vt 0.2627 0.4667 0.0000
vt 0.2754 0.4383 0.0000
vt 0.2754 0.4652 0.0000
vt 0.2870 0.4375 0.0000
vt 0.2877 0.4640 0.0000
vt 0.2972 0.4370 0.0000
vt 0.2982 0.4633 0.0000
vt 0.3067 0.4366 0.0000
vt 0.3078 0.4628 0.0000
vt 0.3146 0.4692 0.0000
vt 0.3081 0.4697 0.0000
vt 0.3166 0.4623 0.0000
vt 0.3169 0.4690 0.0000
vt 0.3229 0.4686 0.0000
vt 0.3247 0.4618 0.0000
vt 0.3249 0.4685 0.0000
vt 0.3155 0.4362 0.0000
vt 0.3236 0.4358 0.0000
vt 0.3011 0.4703 0.0000
vt 0.2985 0.4705 0.0000
vt 0.3057 0.4102 0.0000
vt 0.3145 0.4099 0.0000
vt 0.3048 0.3838 0.0000
vt 0.3136 0.3836 0.0000
vt 0.2994 0.3700 0.0000
vt 0.3044 0.3699 0.0000
vt 0.2952 0.3841 0.0000
vt 0.2949 0.3701 0.0000
vt 0.2895 0.3702 0.0000
vt 0.2850 0.3842 0.0000
vt 0.2847 0.3702 0.0000
vt 0.2792 0.3703 0.0000
vt 0.2743 0.3844 0.0000
vt 0.2741 0.3703 0.0000
vt 0.2682 0.3703 0.0000
vt 0.2625 0.3848 0.0000
vt 0.2625 0.3704 0.0000
vt 0.2558 0.3704 0.0000
vt 0.2498 0.3855 0.0000
vt 0.2498 0.3704 0.0000
vt 0.2440 0.3704 0.0000
vt 0.2395 0.3857 0.0000
vt 0.2392 0.3703 0.0000
vt 0.2362 0.3703 0.0000
vt 0.2330 0.3855 0.0000
vt 0.2325 0.3703 0.0000
vt 0.2305 0.3702 0.0000
vt 0.2329 0.3855 0.0000
vt 0.2287 0.3851 0.0000
vt 0.2281 0.3701 0.0000
vt 0.2266 0.3701 0.0000
vt 0.2255 0.3848 0.0000
vt 0.2249 0.3700 0.0000
vt 0.2236 0.3699 0.0000
vt 0.2228 0.3845 0.0000
vt 0.2221 0.3699 0.0000
vt 0.2209 0.3698 0.0000
vt 0.2202 0.3841 0.0000
vt 0.2195 0.3697 0.0000
vt 0.2182 0.3696 0.0000
vt 0.2175 0.3837 0.0000
vt 0.2168 0.3694 0.0000
vt 0.2152 0.3693 0.0000
vt 0.2142 0.3831 0.0000
vt 0.2135 0.3692 0.0000
vt 0.2112 0.3690 0.0000
vt 0.2097 0.3822 0.0000
vt 0.2090 0.3688 0.0000
vt 0.2054 0.3686 0.0000
vt 0.2031 0.3808 0.0000
vt 0.2023 0.3684 0.0000
vt 0.1969 0.3682 0.0000
vt 0.1939 0.3790 0.0000
vt 0.1930 0.3680 0.0000
vt 0.1868 0.3676 0.0000
vt 0.1840 0.3773 0.0000
vt 0.1832 0.3674 0.0000
vt 0.1776 0.3670 0.0000
vt 0.1756 0.3762 0.0000
vt 0.1750 0.3668 0.0000
vt 0.1702 0.3665 0.0000
vt 0.1686 0.3755 0.0000
vt 0.1681 0.3663 0.0000
vt 0.1640 0.3660 0.0000
vt 0.1627 0.3751 0.0000
vt 0.1623 0.3659 0.0000
vt 0.1587 0.3656 0.0000
vt 0.1574 0.3750 0.0000
vt 0.1571 0.3654 0.0000
vt 0.1534 0.3652 0.0000
vt 0.1520 0.3749 0.0000
vt 0.1518 0.3651 0.0000
vt 0.1496 0.3650 0.0000
vt 0.1450 0.3748 0.0000
vt 0.1449 0.3648 0.0000
vt 0.1419 0.3648 0.0000
vt 0.1360 0.3747 0.0000
vt 0.1360 0.3646 0.0000
vt 0.1299 0.3644 0.0000
vt 0.1269 0.3745 0.0000
vt 0.1266 0.3644 0.0000
vt 0.1216 0.3642 0.0000
vt 0.1193 0.3745 0.0000
vt 0.1189 0.3642 0.0000
vt 0.1151 0.3641 0.0000
vt 0.1135 0.3748 0.0000
vt 0.1131 0.3641 0.0000
vt 0.1116 0.3641 0.0000
vt 0.1088 0.3750 0.0000
vt 0.1086 0.3640 0.0000
vt 0.1072 0.3640 0.0000
vt 0.1045 0.3752 0.0000
vt 0.1043 0.3639 0.0000
vt 0.1011 0.3639 0.0000
vt 0.0995 0.3753 0.0000
vt 0.0995 0.3638 0.0000
vt 0.0970 0.3638 0.0000
vt 0.0919 0.3756 0.0000
vt 0.0921 0.3637 0.0000
vt 0.0876 0.3636 0.0000
vt 0.0792 0.3766 0.0000
vt 0.0797 0.3635 0.0000
vt 0.0732 0.3633 0.0000
vt 0.0633 0.3772 0.0000
vt 0.0637 0.3632 0.0000
vt 0.0580 0.3630 0.0000
vt 0.0501 0.3771 0.0000
vt 0.0503 0.3629 0.0000
vt 0.0452 0.3627 0.0000
vt 0.0381 0.3769 0.0000
vt 0.0383 0.3625 0.0000
vt 0.0336 0.3624 0.0000
vt 0.0270 0.3767 0.0000
vt 0.0272 0.3622 0.0000
vt 0.0230 0.3621 0.0000
vt 0.0171 0.3765 0.0000
vt 0.0172 0.3620 0.0000
vt 0.0125 0.3619 0.0000
vt 0.0090 0.3764 0.0000
vt 0.0091 0.3618 0.0000
vt 0.0066 0.3617 0.0000
vt 0.0031 0.3763 0.0000
vt 0.0032 0.3616 0.0000
vt 0.6279 0.3344 0.0000
vt 0.6297 0.3342 0.0000
vt 0.6307 0.3485 0.0000
vt 0.6265 0.3487 0.0000
vt 0.6255 0.3345 0.0000
vt 0.6243 0.3346 0.0000
vt 0.6236 0.3489 0.0000
vt 0.6226 0.3347 0.0000
vt 0.6216 0.3348 0.0000
vt 0.6213 0.3491 0.0000
vt 0.6203 0.3349 0.0000
vt 0.6193 0.3350 0.0000
vt 0.6190 0.3493 0.0000
vt 0.6179 0.3352 0.0000
vt 0.6166 0.3353 0.0000
vt 0.6159 0.3496 0.0000
vt 0.6149 0.3355 0.0000
vt 0.6129 0.3357 0.0000
vt 0.6113 0.3500 0.0000
vt 0.6102 0.3359 0.0000
vt 0.6073 0.3362 0.0000
vt 0.6044 0.3506 0.0000
vt 0.6032 0.3365 0.0000
vt 0.5991 0.3369 0.0000
vt 0.5946 0.3514 0.0000
vt 0.5935 0.3374 0.0000
vt 0.5886 0.3378 0.0000
vt 0.5834 0.3525 0.0000
vt 0.5822 0.3384 0.0000
vt 0.5774 0.3388 0.0000
vt 0.5726 0.3536 0.0000
vt 0.5714 0.3394 0.0000
vt 0.5674 0.3397 0.0000
vt 0.5640 0.3549 0.0000
vt 0.5627 0.3402 0.0000
vt 0.5594 0.3405 0.0000
vt 0.5571 0.3561 0.0000
vt 0.5559 0.3409 0.0000
vt 0.5530 0.3411 0.0000
vt 0.5515 0.3571 0.0000
vt 0.5502 0.3414 0.0000
vt 0.5477 0.3417 0.0000
vt 0.5468 0.3579 0.0000
vt 0.5455 0.3420 0.0000
vt 0.5432 0.3422 0.0000
vt 0.5425 0.3586 0.0000
vt 0.5412 0.3425 0.0000
vt 0.5389 0.3428 0.0000
vt 0.5382 0.3591 0.0000
vt 0.5369 0.3431 0.0000
vt 0.5347 0.3434 0.0000
vt 0.5334 0.3597 0.0000
vt 0.5321 0.3438 0.0000
vt 0.5294 0.3442 0.0000
vt 0.5277 0.3602 0.0000
vt 0.5264 0.3446 0.0000
vt 0.5232 0.3451 0.0000
vt 0.5209 0.3607 0.0000
vt 0.5197 0.3456 0.0000
vt 0.5158 0.3461 0.0000
vt 0.5129 0.3614 0.0000
vt 0.5117 0.3467 0.0000
vt 0.5071 0.3473 0.0000
vt 0.5038 0.3623 0.0000
vt 0.5026 0.3479 0.0000
vt 0.4974 0.3487 0.0000
vt 0.4937 0.3634 0.0000
vt 0.4925 0.3493 0.0000
vt 0.4872 0.3500 0.0000
vt 0.4836 0.3647 0.0000
vt 0.4823 0.3506 0.0000
vt 0.4786 0.3511 0.0000
vt 0.4760 0.3657 0.0000
vt 0.4747 0.3517 0.0000
vt 0.4722 0.3521 0.0000
vt 0.4708 0.3666 0.0000
vt 0.4696 0.3525 0.0000
vt 0.4679 0.3529 0.0000
vt 0.4673 0.3672 0.0000
vt 0.4661 0.3532 0.0000
vt 0.4649 0.3535 0.0000
vt 0.4647 0.3678 0.0000
vt 0.4635 0.3538 0.0000
vt 0.4623 0.3541 0.0000
vt 0.4621 0.3683 0.0000
vt 0.4609 0.3544 0.0000
vt 0.4595 0.3547 0.0000
vt 0.4591 0.3689 0.0000
vt 0.4580 0.3550 0.0000
vt 0.4563 0.3553 0.0000
vt 0.4555 0.3696 0.0000
vt 0.4545 0.3556 0.0000
vt 0.4522 0.3560 0.0000
vt 0.4509 0.3703 0.0000
vt 0.4499 0.3563 0.0000
vt 0.4471 0.3568 0.0000
vt 0.4452 0.3711 0.0000
vt 0.4442 0.3572 0.0000
vt 0.4407 0.3577 0.0000
vt 0.4383 0.3721 0.0000
vt 0.4373 0.3581 0.0000
vt 0.4334 0.3586 0.0000
vt 0.4305 0.3731 0.0000
vt 0.4295 0.3591 0.0000
vt 0.4251 0.3597 0.0000
vt 0.4219 0.3741 0.0000
vt 0.4209 0.3602 0.0000
vt 0.4162 0.3608 0.0000
vt 0.4127 0.3752 0.0000
vt 0.4117 0.3613 0.0000
vt 0.4068 0.3619 0.0000
vt 0.4031 0.3763 0.0000
vt 0.4022 0.3624 0.0000
vt 0.3972 0.3630 0.0000
vt 0.3935 0.3774 0.0000
vt 0.3926 0.3635 0.0000
vt 0.3876 0.3640 0.0000
vt 0.3839 0.3784 0.0000
vt 0.3831 0.3645 0.0000
vt 0.3782 0.3650 0.0000
vt 0.3747 0.3793 0.0000
vt 0.3739 0.3654 0.0000
vt 0.3692 0.3659 0.0000
vt 0.3658 0.3802 0.0000
vt 0.3651 0.3663 0.0000
vt 0.3606 0.3667 0.0000
vt 0.3575 0.3810 0.0000
vt 0.3567 0.3670 0.0000
vt 0.3526 0.3674 0.0000
vt 0.3496 0.3816 0.0000
vt 0.3490 0.3677 0.0000
vt 0.3452 0.3679 0.0000
vt 0.3424 0.3821 0.0000
vt 0.3418 0.3682 0.0000
vt 0.3382 0.3684 0.0000
vt 0.3356 0.3826 0.0000
vt 0.3351 0.3686 0.0000
vt 0.3315 0.3688 0.0000
vt 0.3289 0.3830 0.0000
vt 0.3284 0.3690 0.0000
vt 0.3424 0.3822 0.0000
vt 0.3436 0.4084 0.0000
vt 0.3367 0.4088 0.0000
vt 0.3447 0.4345 0.0000
vt 0.3378 0.4349 0.0000
vt 0.3458 0.4605 0.0000
vt 0.3389 0.4609 0.0000
vt 0.3509 0.4079 0.0000
vt 0.3520 0.4341 0.0000
vt 0.3531 0.4601 0.0000
vt 0.3587 0.4073 0.0000
vt 0.3599 0.4335 0.0000
vt 0.3610 0.4596 0.0000
vt 0.3672 0.4066 0.0000
vt 0.3683 0.4330 0.0000
vt 0.3694 0.4591 0.0000
vt 0.3761 0.4059 0.0000
vt 0.3772 0.4324 0.0000
vt 0.3783 0.4586 0.0000
vt 0.3853 0.4051 0.0000
vt 0.3865 0.4317 0.0000
vt 0.3876 0.4581 0.0000
vt 0.3949 0.4043 0.0000
vt 0.3961 0.4310 0.0000
vt 0.3971 0.4576 0.0000
vt 0.4046 0.4034 0.0000
vt 0.4057 0.4304 0.0000
vt 0.4067 0.4571 0.0000
vt 0.4141 0.4025 0.0000
vt 0.4153 0.4297 0.0000
vt 0.4163 0.4566 0.0000
vt 0.4233 0.4016 0.0000
vt 0.4245 0.4290 0.0000
vt 0.4254 0.4562 0.0000
vt 0.4319 0.4008 0.0000
vt 0.4331 0.4284 0.0000
vt 0.4340 0.4557 0.0000
vt 0.4398 0.4000 0.0000
vt 0.4409 0.4278 0.0000
vt 0.4418 0.4553 0.0000
vt 0.4467 0.3992 0.0000
vt 0.4478 0.4272 0.0000
vt 0.4487 0.4550 0.0000
vt 0.4525 0.3986 0.0000
vt 0.4537 0.4267 0.0000
vt 0.4545 0.4547 0.0000
vt 0.4571 0.3980 0.0000
vt 0.4583 0.4263 0.0000
vt 0.4592 0.4544 0.0000
vt 0.4608 0.3975 0.0000
vt 0.4620 0.4260 0.0000
vt 0.4629 0.4542 0.0000
vt 0.4638 0.3970 0.0000
vt 0.4650 0.4256 0.0000
vt 0.4660 0.4540 0.0000
vt 0.4665 0.3966 0.0000
vt 0.4678 0.4253 0.0000
vt 0.4687 0.4538 0.0000
vt 0.4692 0.3961 0.0000
vt 0.4705 0.4250 0.0000
vt 0.4715 0.4537 0.0000
vt 0.4727 0.3956 0.0000
vt 0.4741 0.4247 0.0000
vt 0.4751 0.4535 0.0000
vt 0.4779 0.3950 0.0000
vt 0.4793 0.4242 0.0000
vt 0.4802 0.4533 0.0000
vt 0.4855 0.3942 0.0000
vt 0.4869 0.4237 0.0000
vt 0.4879 0.4530 0.0000
vt 0.4957 0.3932 0.0000
vt 0.4971 0.4230 0.0000
vt 0.4980 0.4525 0.0000
vt 0.5058 0.3922 0.0000
vt 0.5073 0.4222 0.0000
vt 0.5084 0.4520 0.0000
vt 0.5166 0.4215 0.0000
vt 0.5179 0.4515 0.0000
vt 0.5149 0.3914 0.0000
vt 0.5229 0.3908 0.0000
vt 0.5246 0.4210 0.0000
vt 0.5263 0.4512 0.0000
vt 0.5297 0.3903 0.0000
vt 0.5315 0.4206 0.0000
vt 0.5332 0.4510 0.0000
vt 0.5354 0.3898 0.0000
vt 0.5372 0.4203 0.0000
vt 0.5388 0.4508 0.0000
vt 0.5402 0.3894 0.0000
vt 0.5419 0.4200 0.0000
vt 0.5434 0.4507 0.0000
vt 0.5445 0.3890 0.0000
vt 0.5461 0.4198 0.0000
vt 0.5473 0.4507 0.0000
vt 0.5487 0.3885 0.0000
vt 0.5502 0.4195 0.0000
vt 0.5512 0.4506 0.0000
vt 0.5534 0.3880 0.0000
vt 0.5547 0.4192 0.0000
vt 0.5590 0.3874 0.0000
vt 0.5603 0.4189 0.0000
vt 0.5659 0.3867 0.0000
vt 0.5672 0.4187 0.0000
vt 0.5746 0.3860 0.0000
vt 0.5759 0.4184 0.0000
vt 0.5767 0.4506 0.0000
vt 0.5679 0.4505 0.0000
vt 0.5853 0.3853 0.0000
vt 0.5866 0.4181 0.0000
vt 0.5873 0.4506 0.0000
vt 0.5965 0.3846 0.0000
vt 0.5976 0.4177 0.0000
vt 0.5982 0.4505 0.0000
vt 0.6061 0.3840 0.0000
vt 0.6071 0.4173 0.0000
vt 0.6076 0.4504 0.0000
vt 0.6130 0.3836 0.0000
vt 0.6139 0.4171 0.0000
vt 0.6143 0.4503 0.0000
vt 0.6184 0.4169 0.0000
vt 0.6187 0.4503 0.0000
vt 0.6213 0.4168 0.0000
vt 0.6217 0.4502 0.0000
vt 0.6236 0.4167 0.0000
vt 0.6239 0.4502 0.0000
vt 0.6258 0.4166 0.0000
vt 0.6261 0.4502 0.0000
vt 0.6287 0.4166 0.0000
vt 0.6289 0.4502 0.0000
vt 0.6327 0.4166 0.0000
vt 0.6329 0.4502 0.0000
vt 0.0112 0.4457 0.0000
vt 0.0131 0.4799 0.0000
vt 0.0074 0.4802 0.0000
vt 0.0054 0.4459 0.0000
vt 0.0191 0.4454 0.0000
vt 0.0210 0.4794 0.0000
vt 0.0288 0.4451 0.0000
vt 0.0306 0.4789 0.0000
vt 0.0397 0.4448 0.0000
vt 0.0414 0.4783 0.0000
vt 0.0514 0.4444 0.0000
vt 0.0530 0.4776 0.0000
vt 0.0641 0.4439 0.0000
vt 0.0656 0.4768 0.0000
vt 0.0790 0.4426 0.0000
vt 0.0800 0.4753 0.0000
vt 0.0918 0.4407 0.0000
vt 0.0922 0.4733 0.0000
vt 0.1004 0.4394 0.0000
vt 0.1003 0.4718 0.0000
vt 0.1065 0.4383 0.0000
vt 0.1062 0.4706 0.0000
vt 0.1118 0.4373 0.0000
vt 0.1115 0.4695 0.0000
vt 0.1177 0.4360 0.0000
vt 0.1173 0.4683 0.0000
vt 0.1248 0.4347 0.0000
vt 0.1244 0.4670 0.0000
vt 0.1165 0.4042 0.0000
vt 0.1232 0.4034 0.0000
vt 0.1311 0.4028 0.0000
vt 0.1399 0.4026 0.0000
vt 0.1109 0.4049 0.0000
vt 0.1059 0.4055 0.0000
vt 0.1001 0.4062 0.0000
vt 0.0917 0.4074 0.0000
vt 0.0786 0.4093 0.0000
vt 0.0632 0.4106 0.0000
vt 0.0504 0.4109 0.0000
vt 0.0386 0.4109 0.0000
vt 0.0275 0.4110 0.0000
vt 0.0177 0.4111 0.0000
vt 0.0097 0.4112 0.0000
vt 0.0039 0.4113 0.0000
vt 0.6280 0.3827 0.0000
vt 0.6320 0.3826 0.0000
vt 0.6251 0.3828 0.0000
vt 0.6228 0.3830 0.0000
vt 0.6205 0.3831 0.0000
vt 0.6175 0.3833 0.0000
vt 0.5610 0.4505 0.0000
vt 0.5556 0.4506 0.0000
vt 0.3298 0.4092 0.0000
vt 0.1480 0.4026 0.0000
vt 0.1545 0.4026 0.0000
vt 0.1597 0.4026 0.0000
vt 0.1648 0.4028 0.0000
vt 0.1707 0.4032 0.0000
vt 0.1776 0.4039 0.0000
vt 0.1862 0.4052 0.0000
vt 0.1965 0.4071 0.0000
vt 0.2058 0.4092 0.0000
vt 0.2124 0.4107 0.0000
vt 0.2168 0.4116 0.0000
vt 0.2200 0.4122 0.0000
vt 0.2227 0.4126 0.0000
vt 0.2253 0.4130 0.0000
vt 0.2279 0.4133 0.0000
vt 0.2309 0.4136 0.0000
vt 0.2348 0.4139 0.0000
vt 0.2407 0.4141 0.0000
vt 0.2499 0.4136 0.0000
vt 0.2624 0.4124 0.0000
vt 0.2750 0.4114 0.0000
vt 0.2860 0.4109 0.0000
vt 0.2961 0.4106 0.0000
vt 0.3086 0.3698 0.0000
vt 0.3132 0.3696 0.0000
vt 0.3170 0.3695 0.0000
vt 0.3212 0.3693 0.0000
vt 0.3216 0.3833 0.0000
vt 0.3226 0.4096 0.0000
vt 0.2909 0.4711 0.0000
vt 0.2878 0.4713 0.0000
vt 0.2788 0.4721 0.0000
vt 0.2754 0.4723 0.0000
vt 0.1404 0.4849 0.0000
vt 0.1344 0.4854 0.0000
vt 0.1440 0.4846 0.0000
vt 0.1309 0.4858 0.0000
vt 0.1254 0.4862 0.0000
vt 0.1224 0.4865 0.0000
vt 0.1180 0.4869 0.0000
vt 0.1155 0.4871 0.0000
vt 0.1120 0.4874 0.0000
vt 0.1096 0.4876 0.0000
vt 0.1065 0.4879 0.0000
vt 0.1037 0.4881 0.0000
vt 0.1005 0.4884 0.0000
vt 0.0964 0.4887 0.0000
vt 0.0924 0.4890 0.0000
vt 0.0860 0.4895 0.0000
vt 0.0806 0.4899 0.0000
vt 0.0725 0.4905 0.0000
vt 0.0664 0.4910 0.0000
vt 0.0593 0.4914 0.0000
vt 0.0539 0.4919 0.0000
vt 0.0424 0.4927 0.0000
vt 0.0377 0.4930 0.0000
vt 0.0316 0.4934 0.0000
vt 0.0274 0.4938 0.0000
vt 0.0220 0.4941 0.0000
vt 0.0186 0.4944 0.0000
vt 0.0142 0.4947 0.0000
vt 0.0117 0.4949 0.0000
vt 0.0085 0.4951 0.0000
vt 0.6312 0.4648 0.0000
vt 0.6290 0.4648 0.0000
vt 0.6329 0.4648 0.0000
vt 0.6277 0.4648 0.0000
vt 0.6261 0.4648 0.0000
vt 0.6252 0.4648 0.0000
vt 0.6239 0.4648 0.0000
vt 0.6230 0.4648 0.0000
vt 0.6217 0.4648 0.0000
vt 0.6204 0.4647 0.0000
vt 0.6188 0.4647 0.0000
vt 0.6169 0.4647 0.0000
vt 0.6144 0.4647 0.0000
vt 0.6115 0.4646 0.0000
vt 0.6077 0.4646 0.0000
vt 0.2658 0.4731 0.0000
vt 0.2628 0.4733 0.0000
vt 0.2548 0.4740 0.0000
vt 0.2524 0.4741 0.0000
vt 0.2507 0.4743 0.0000
vt 0.2450 0.4748 0.0000
vt 0.2437 0.4749 0.0000
vt 0.2400 0.4753 0.0000
vt 0.2388 0.4754 0.0000
vt 0.2362 0.4757 0.0000
vt 0.2352 0.4758 0.0000
vt 0.2330 0.4760 0.0000
vt 0.2320 0.4761 0.0000
vt 0.2301 0.4763 0.0000
vt 0.2290 0.4764 0.0000
vt 0.2271 0.4766 0.0000
vt 0.2259 0.4768 0.0000
vt 0.2238 0.4770 0.0000
vt 0.2222 0.4771 0.0000
vt 0.2198 0.4774 0.0000
vt 0.2175 0.4776 0.0000
vt 0.2143 0.4779 0.0000
vt 0.2108 0.4782 0.0000
vt 0.2064 0.4786 0.0000
vt 0.2019 0.4790 0.0000
vt 0.1967 0.4795 0.0000
vt 0.1924 0.4799 0.0000
vt 0.1877 0.4803 0.0000
vt 0.1840 0.4807 0.0000
vt 0.1806 0.4810 0.0000
vt 0.1772 0.4814 0.0000
vt 0.1745 0.4816 0.0000
vt 0.1713 0.4820 0.0000
vt 0.1691 0.4822 0.0000
vt 0.1658 0.4825 0.0000
vt 0.1638 0.4827 0.0000
vt 0.1603 0.4830 0.0000
vt 0.1583 0.4832 0.0000
vt 0.1560 0.4835 0.0000
vt 0.1520 0.4838 0.0000
vt 0.1490 0.4841 0.0000
vt 0.3309 0.4354 0.0000
vt 0.3320 0.4613 0.0000
vt 0.3304 0.4681 0.0000
vt 0.3322 0.4680 0.0000
vt 0.3391 0.4676 0.0000
vt 0.3443 0.4673 0.0000
vt 0.3461 0.4672 0.0000
vt 0.3514 0.4669 0.0000
vt 0.3534 0.4668 0.0000
vt 0.3592 0.4665 0.0000
vt 0.3612 0.4664 0.0000
vt 0.3674 0.4662 0.0000
vt 0.3697 0.4661 0.0000
vt 0.3762 0.4658 0.0000
vt 0.3786 0.4657 0.0000
vt 0.3853 0.4655 0.0000
vt 0.3878 0.4654 0.0000
vt 0.3947 0.4651 0.0000
vt 0.3974 0.4651 0.0000
vt 0.4042 0.4649 0.0000
vt 0.4070 0.4648 0.0000
vt 0.4137 0.4646 0.0000
vt 0.4165 0.4645 0.0000
vt 0.4229 0.4644 0.0000
vt 0.4257 0.4643 0.0000
vt 0.4316 0.4641 0.0000
vt 0.4342 0.4641 0.0000
vt 0.4396 0.4640 0.0000
vt 0.4421 0.4639 0.0000
vt 0.4468 0.4638 0.0000
vt 0.4489 0.4637 0.0000
vt 0.4529 0.4636 0.0000
vt 0.4548 0.4636 0.0000
vt 0.4579 0.4635 0.0000
vt 0.4594 0.4635 0.0000
vt 0.4619 0.4634 0.0000
vt 0.4631 0.4634 0.0000
vt 0.4652 0.4633 0.0000
vt 0.4662 0.4633 0.0000
vt 0.4680 0.4632 0.0000
vt 0.4689 0.4632 0.0000
vt 0.4708 0.4632 0.0000
vt 0.4717 0.4632 0.0000
vt 0.4741 0.4631 0.0000
vt 0.4753 0.4631 0.0000
vt 0.4787 0.4631 0.0000
vt 0.4804 0.4631 0.0000
vt 0.4854 0.4631 0.0000
vt 0.4880 0.4631 0.0000
vt 0.4945 0.4632 0.0000
vt 0.4982 0.4631 0.0000
vt 0.5021 0.4631 0.0000
vt 0.5087 0.4632 0.0000
vt 0.5145 0.4632 0.0000
vt 0.5183 0.4632 0.0000
vt 0.5233 0.4633 0.0000
vt 0.5267 0.4633 0.0000
vt 0.5308 0.4633 0.0000
vt 0.5337 0.4634 0.0000
vt 0.5370 0.4634 0.0000
vt 0.5393 0.4634 0.0000
vt 0.5420 0.4635 0.0000
vt 0.5439 0.4635 0.0000
vt 0.5462 0.4635 0.0000
vt 0.5477 0.4636 0.0000
vt 0.5500 0.4636 0.0000
vt 0.5515 0.4636 0.0000
vt 0.5540 0.4637 0.0000
vt 0.5558 0.4637 0.0000
vt 0.5589 0.4638 0.0000
vt 0.5612 0.4638 0.0000
vt 0.5651 0.4639 0.0000
vt 0.5681 0.4640 0.0000
vt 0.5731 0.4641 0.0000
vt 0.5768 0.4641 0.0000
vt 0.5829 0.4642 0.0000
vt 0.5874 0.4643 0.0000
vt 0.5937 0.4644 0.0000
vt 0.5983 0.4644 0.0000
vt 0.6036 0.4645 0.0000
vt 0.3388 0.4609 0.0000
vt 0.3377 0.4350 0.0000
vt 0.3246 0.3692 0.0000
vt 0.9643 0.4751 0.0000
vt 0.9669 0.4805 0.0000
vt 0.9681 0.4847 0.0000
vt 0.9701 0.4962 0.0000
vt 0.9698 0.4904 0.0000
vt 0.9705 0.5041 0.0000
vt 0.9694 0.5129 0.0000
vt 0.9624 0.4712 0.0000
vt 0.9586 0.4647 0.0000
vt 0.9558 0.4600 0.0000
vt 0.9678 0.5249 0.0000
vt 0.9648 0.5381 0.0000
vt 0.9500 0.4510 0.0000
vt 0.9458 0.4444 0.0000
vt 0.9606 0.5560 0.0000
vt 0.9554 0.5744 0.0000
vt 0.9484 0.5991 0.0000
vt 0.9416 0.6205 0.0000
vt 0.9327 0.6485 0.0000
vt 0.9248 0.6690 0.0000
vt 0.9149 0.6950 0.0000
vt 0.9070 0.7114 0.0000
vt 0.8978 0.7309 0.0000
vt 0.8905 0.7444 0.0000
vt 0.8829 0.7589 0.0000
vt 0.8762 0.7702 0.0000
vt 0.8699 0.7812 0.0000
vt 0.8633 0.7906 0.0000
vt 0.8576 0.7991 0.0000
vt 0.8507 0.8072 0.0000
vt 0.8448 0.8141 0.0000
vt 0.8369 0.8215 0.0000
vt 0.8302 0.8277 0.0000
vt 0.8220 0.8337 0.0000
vt 0.8124 0.8409 0.0000
vt 0.8020 0.8473 0.0000
vt 0.7902 0.8548 0.0000
vt 0.7770 0.8619 0.0000
vt 0.7627 0.8699 0.0000
vt 0.7465 0.8779 0.0000
vt 0.7297 0.8865 0.0000
vt 0.7104 0.8955 0.0000
vt 0.6912 0.9046 0.0000
vt 0.6692 0.9142 0.0000
vt 0.6484 0.9236 0.0000
vt 0.6258 0.9327 0.0000
vt 0.6049 0.9414 0.0000
vt 0.5890 0.9472 0.0000
vt 0.5722 0.9534 0.0000
vt 0.5615 0.9566 0.0000
vt 0.5504 0.9599 0.0000
vt 0.5432 0.9610 0.0000
vt 0.5305 0.9622 0.0000
vt 0.5358 0.9623 0.0000
vt 0.5250 0.9621 0.0000
vt 0.5199 0.9612 0.0000
vt 0.5147 0.9604 0.0000
vt 0.5090 0.9588 0.0000
vt 0.5032 0.9573 0.0000
vt 0.4962 0.9549 0.0000
vt 0.9375 0.4315 0.0000
vt 0.4891 0.9525 0.0000
vt 0.4801 0.9491 0.0000
vt 0.9314 0.4221 0.0000
vt 0.4711 0.9457 0.0000
vt 0.4595 0.9413 0.0000
vt 0.9232 0.4091 0.0000
vt 0.4480 0.9369 0.0000
vt 0.4340 0.9314 0.0000
vt 0.9119 0.3914 0.0000
vt 0.4203 0.9260 0.0000
vt 0.4044 0.9193 0.0000
vt 0.8982 0.3697 0.0000
vt 0.3890 0.9129 0.0000
vt 0.8881 0.3537 0.0000
vt 0.3715 0.9053 0.0000
vt 0.3548 0.8979 0.0000
vt 0.8725 0.3294 0.0000
vt 0.3361 0.8892 0.0000
vt 0.3186 0.8809 0.0000
vt 0.2994 0.8711 0.0000
vt 0.2818 0.8620 0.0000
vt 0.2628 0.8511 0.0000
vt 0.2457 0.8412 0.0000
vt 0.2277 0.8292 0.0000
vt 0.2117 0.8185 0.0000
vt 0.1953 0.8055 0.0000
vt 0.1809 0.7941 0.0000
vt 0.1662 0.7804 0.0000
vt 0.1535 0.7686 0.0000
vt 0.1406 0.7548 0.0000
vt 0.1294 0.7429 0.0000
vt 0.1182 0.7294 0.0000
vt 0.1087 0.7179 0.0000
vt 0.0992 0.7049 0.0000
vt 0.0911 0.6939 0.0000
vt 0.0834 0.6809 0.0000
vt 0.0769 0.6698 0.0000
vt 0.0711 0.6558 0.0000
vt 0.0663 0.6439 0.0000
vt 0.0625 0.6282 0.0000
vt 0.0594 0.6147 0.0000
vt 0.0578 0.5965 0.0000
vt 0.0564 0.5809 0.0000
vt 0.0570 0.5606 0.0000
vt 0.0576 0.5430 0.0000
vt 0.0604 0.5210 0.0000
vt 0.8610 0.3114 0.0000
vt 0.0632 0.5016 0.0000
vt 0.0678 0.4784 0.0000
vt 0.0723 0.4578 0.0000
vt 0.0778 0.4339 0.0000
vt 0.0829 0.4121 0.0000
vt 0.0897 0.3867 0.0000
vt 0.0957 0.3623 0.0000
vt 0.1049 0.3335 0.0000
vt 0.1121 0.3075 0.0000
vt 0.1212 0.2829 0.0000
vt 0.1277 0.2628 0.0000
vt 0.1327 0.2505 0.0000
vt 0.1394 0.2351 0.0000
vt 0.1435 0.2275 0.0000
vt 0.1485 0.2183 0.0000
vt 0.1522 0.2129 0.0000
vt 0.1565 0.2067 0.0000
vt 0.1601 0.2024 0.0000
vt 0.1642 0.1976 0.0000
vt 0.1679 0.1936 0.0000
vt 0.1720 0.1893 0.0000
vt 0.1764 0.1854 0.0000
vt 0.1811 0.1811 0.0000
vt 0.1870 0.1767 0.0000
vt 0.1932 0.1722 0.0000
vt 0.2022 0.1668 0.0000
vt 0.2110 0.1614 0.0000
vt 0.2261 0.1541 0.0000
vt 0.2392 0.1472 0.0000
vt 0.2623 0.1372 0.0000
vt 0.8441 0.2854 0.0000
vt 0.8315 0.2661 0.0000
vt 0.2788 0.1290 0.0000
vt 0.3055 0.1167 0.0000
vt 0.8121 0.2377 0.0000
vt 0.7975 0.2162 0.0000
vt 0.3208 0.1087 0.0000
vt 0.3439 0.0964 0.0000
vt 0.3552 0.0901 0.0000
vt 0.3746 0.0787 0.0000
vt 0.3835 0.0736 0.0000
vt 0.4003 0.0641 0.0000
vt 0.4080 0.0601 0.0000
vt 0.4236 0.0530 0.0000
vt 0.4310 0.0500 0.0000
vt 0.4477 0.0455 0.0000
vt 0.4557 0.0437 0.0000
vt 0.4661 0.0434 0.0000
vt 0.4883 0.0421 0.0000
vt 0.5024 0.0433 0.0000
vt 0.7719 0.1820 0.0000
vt 0.5304 0.0448 0.0000
vt 0.5586 0.0480 0.0000
vt 0.7546 0.1584 0.0000
vt 0.5740 0.0502 0.0000
vt 0.7315 0.1309 0.0000
vt 0.5972 0.0537 0.0000
vt 0.6099 0.0562 0.0000
vt 0.6276 0.0596 0.0000
vt 0.6370 0.0618 0.0000
vt 0.6440 0.0642 0.0000
vt 0.7190 0.1151 0.0000
vt 0.7029 0.0992 0.0000
vt 0.6950 0.0907 0.0000
vt 0.6887 0.0857 0.0000
vt 0.6642 0.0714 0.0000
vt 0.6581 0.0682 0.0000
vt 0.6764 0.0770 0.0000
vt 0.5321 0.9977 0.0000
vt 0.5260 0.9979 0.0000
vt 0.5202 0.9966 0.0000
vt 0.5491 0.9953 0.0000
vt 0.0349 0.4693 0.0000
vt 0.0350 0.4574 0.0000
vt 0.0369 0.4475 0.0000
vt 0.2996 0.0771 0.0000
vt 0.1475 0.1594 0.0000
vt 0.1510 0.1530 0.0000
vt 0.1564 0.1457 0.0000
vt 0.1596 0.1413 0.0000
vt 0.1651 0.1353 0.0000
vt 0.1681 0.1319 0.0000
vt 0.1740 0.1263 0.0000
vt 0.1770 0.1234 0.0000
vt 0.1841 0.1178 0.0000
vt 0.1419 0.1690 0.0000
vt 0.1376 0.1793 0.0000
vt 0.1875 0.1152 0.0000
vt 0.1972 0.1094 0.0000
vt 0.2013 0.1071 0.0000
vt 0.2162 0.1006 0.0000
vt 0.2215 0.0984 0.0000
vt 0.1316 0.1932 0.0000
vt 0.2460 0.0907 0.0000
vt 0.1253 0.2100 0.0000
vt 0.2534 0.0885 0.0000
vt 0.2637 0.0860 0.0000
vt 0.1183 0.2305 0.0000
vt 0.1101 0.2521 0.0000
vt 0.1018 0.2769 0.0000
vt 0.0937 0.2973 0.0000
vt 0.0855 0.3196 0.0000
vt 0.0781 0.3367 0.0000
vt 0.0715 0.3527 0.0000
vt 0.0645 0.3679 0.0000
vt 0.0589 0.3801 0.0000
vt 0.0527 0.3949 0.0000
vt 0.0482 0.4052 0.0000
vt 0.0432 0.4207 0.0000
vt 0.0398 0.4303 0.0000
vt 0.0346 0.4894 0.0000
vt 0.0364 0.5048 0.0000
vt 0.0390 0.5302 0.0000
vt 0.0421 0.5484 0.0000
vt 0.0469 0.5782 0.0000
vt 0.0504 0.5958 0.0000
vt 0.0561 0.6235 0.0000
vt 0.0595 0.6382 0.0000
vt 0.0650 0.6599 0.0000
vt 0.0689 0.6719 0.0000
vt 0.0746 0.6888 0.0000
vt 0.0798 0.6997 0.0000
vt 0.0867 0.7137 0.0000
vt 0.0947 0.7249 0.0000
vt 0.1041 0.7376 0.0000
vt 0.1181 0.7517 0.0000
vt 0.3129 0.0740 0.0000
vt 0.1323 0.7653 0.0000
vt 0.1566 0.7850 0.0000
vt 0.1775 0.8010 0.0000
vt 0.2096 0.8229 0.0000
vt 0.3555 0.0631 0.0000
vt 0.3709 0.0585 0.0000
vt 0.4102 0.0456 0.0000
vt 0.4237 0.0408 0.0000
vt 0.4559 0.0288 0.0000
vt 0.4673 0.0251 0.0000
vt 0.4968 0.0157 0.0000
vt 0.5248 0.0107 0.0000
vt 0.5348 0.0088 0.0000
vt 0.5603 0.0084 0.0000
vt 0.5692 0.0083 0.0000
vt 0.5917 0.0117 0.0000
vt 0.5995 0.0129 0.0000
vt 0.6267 0.0220 0.0000
vt 0.6457 0.0316 0.0000
vt 0.6524 0.0350 0.0000
vt 0.6715 0.0473 0.0000
vt 0.2344 0.8392 0.0000
vt 0.6783 0.0517 0.0000
vt 0.6984 0.0664 0.0000
vt 0.7056 0.0717 0.0000
vt 0.7263 0.0889 0.0000
vt 0.2638 0.8567 0.0000
vt 0.7338 0.0952 0.0000
vt 0.7545 0.1149 0.0000
vt 0.7622 0.1222 0.0000
vt 0.7821 0.1446 0.0000
vt 0.7897 0.1531 0.0000
vt 0.8085 0.1778 0.0000
vt 0.2860 0.8699 0.0000
vt 0.8159 0.1875 0.0000
vt 0.8332 0.2138 0.0000
vt 0.8403 0.2244 0.0000
vt 0.8562 0.2511 0.0000
vt 0.8628 0.2622 0.0000
vt 0.8771 0.2883 0.0000
vt 0.8833 0.2995 0.0000
vt 0.8960 0.3240 0.0000
vt 0.9017 0.3349 0.0000
vt 0.9127 0.3572 0.0000
vt 0.9177 0.3674 0.0000
vt 0.9270 0.3869 0.0000
vt 0.9314 0.3960 0.0000
vt 0.9389 0.4123 0.0000
vt 0.9424 0.4200 0.0000
vt 0.9482 0.4327 0.0000
vt 0.9509 0.4388 0.0000
vt 0.9550 0.4487 0.0000
vt 0.9571 0.4535 0.0000
vt 0.9599 0.4616 0.0000
vt 0.9613 0.4656 0.0000
vt 0.9630 0.4728 0.0000
vt 0.9639 0.4765 0.0000
vt 0.9647 0.4842 0.0000
vt 0.9644 0.4986 0.0000
vt 0.9651 0.4881 0.0000
vt 0.9640 0.5039 0.0000
vt 0.9610 0.5198 0.0000
vt 0.9594 0.5280 0.0000
vt 0.9535 0.5517 0.0000
vt 0.9503 0.5643 0.0000
vt 0.9415 0.5959 0.0000
vt 0.9366 0.6137 0.0000
vt 0.9313 0.6325 0.0000
vt 0.9221 0.6646 0.0000
vt 0.9135 0.6929 0.0000
vt 0.9080 0.7112 0.0000
vt 0.8999 0.7353 0.0000
vt 0.8945 0.7518 0.0000
vt 0.8873 0.7712 0.0000
vt 0.8822 0.7849 0.0000
vt 0.8755 0.8002 0.0000
vt 0.8709 0.8110 0.0000
vt 0.8645 0.8228 0.0000
vt 0.8602 0.8309 0.0000
vt 0.8536 0.8399 0.0000
vt 0.8490 0.8460 0.0000
vt 0.8414 0.8536 0.0000
vt 0.8360 0.8587 0.0000
vt 0.8263 0.8660 0.0000
vt 0.8193 0.8710 0.0000
vt 0.8065 0.8790 0.0000
vt 0.7971 0.8847 0.0000
vt 0.3344 0.8973 0.0000
vt 0.7804 0.8943 0.0000
vt 0.7679 0.9011 0.0000
vt 0.3541 0.9082 0.0000
vt 0.7464 0.9127 0.0000
vt 0.7301 0.9211 0.0000
vt 0.3799 0.9225 0.0000
vt 0.7033 0.9340 0.0000
vt 0.3974 0.9322 0.0000
vt 0.6832 0.9435 0.0000
vt 0.4202 0.9447 0.0000
vt 0.6553 0.9557 0.0000
vt 0.4346 0.9527 0.0000
vt 0.6343 0.9648 0.0000
vt 0.4532 0.9629 0.0000
vt 0.6101 0.9745 0.0000
vt 0.4636 0.9687 0.0000
vt 0.5917 0.9820 0.0000
vt 0.4771 0.9763 0.0000
vt 0.5743 0.9879 0.0000
vt 0.4844 0.9804 0.0000
vt 0.4938 0.9856 0.0000
vt 0.4991 0.9883 0.0000
vt 0.5608 0.9926 0.0000
vt 0.5058 0.9917 0.0000
vt 0.5101 0.9934 0.0000
vt 0.5157 0.9956 0.0000
vt 0.5400 0.9974 0.0000
# 1062 texture coords

o Object003
g Object003
usemtl wire_138008110
s 1
f 3845/4849/3847 3846/4850/3848 3847/4851/3849 3848/4852/3850 
f 3846/4850/3848 3849/4853/3851 3850/4854/3852 3847/4851/3849 
f 3851/4855/3853 3852/4856/3854 3850/4854/3852 3849/4853/3851 
f 3853/4857/3855 3854/4858/3856 3852/4856/3854 3851/4855/3853 
f 3855/4859/3857 3856/4860/3858 3854/4858/3856 3853/4857/3855 
f 3857/4861/3859 3858/4862/3860 3856/4860/3858 3855/4859/3857 
f 3859/4863/3861 3860/4864/3862 3858/4862/3860 3857/4861/3859 
f 3861/4865/3863 3862/4866/3864 3860/4864/3862 3859/4863/3861 
f 3863/4867/3865 3864/4868/3866 3862/4866/3864 3861/4865/3863 
f 3865/4869/3867 3866/4870/3868 3864/4868/3866 3863/4867/3865 
f 3867/4871/3869 3868/4872/3870 3866/4870/3868 3865/4869/3867 
f 3869/4873/3871 3870/4874/3872 3868/4872/3870 3867/4871/3869 
f 3871/4875/3873 3872/4876/3874 3870/4874/3872 3869/4873/3871 
f 3873/4877/3875 3874/4878/3876 3872/4876/3874 3871/4875/3873 
f 3875/4879/3877 3876/4880/3878 3874/4878/3876 3873/4877/3875 
f 3877/4881/3879 3878/4882/3880 3876/4880/3878 3875/4879/3877 
f 3879/4883/3881 3880/4884/3882 3878/4882/3880 3877/4881/3879 
f 3881/4885/3883 3882/4886/3884 3880/4884/3882 3879/4883/3881 
f 3883/4887/3885 3884/4888/3886 3882/4886/3884 3881/4885/3883 
f 3885/4889/3887 3886/4890/3888 3884/4888/3886 3883/4887/3885 
f 3885/4889/3887 3887/4891/3889 3888/4892/3890 3886/4890/3888 
f 3887/4891/3889 3889/4893/3891 3890/4894/3892 3888/4892/3890 
f 3889/4893/3891 3891/4895/3893 3892/4896/3894 3890/4894/3892 
f 3891/4895/3893 3893/4897/3895 3894/4898/3896 3892/4896/3894 
f 3895/4899/3897 3896/4900/3898 3894/4898/3896 3893/4897/3895 
f 3897/4901/3899 3898/4902/3900 3896/4900/3898 3899/4903/3901 
f 3897/4901/3899 3899/4903/3901 3900/4904/3902 
f 3901/4905/3903 3900/4904/3902 3899/4903/3901 3902/4906/3904 
f 3901/4905/3903 3902/4906/3904 3903/4907/3905 
f 3896/4900/3898 3895/4899/3897 3904/4908/3906 3899/4903/3901 
f 3905/4909/3907 3902/4906/3904 3899/4903/3901 3904/4908/3906 
f 3906/4910/3908 3907/4911/3909 3894/4898/3896 3896/4900/3898 
f 3906/4910/3908 3896/4900/3898 3898/4902/3900 
f 3895/4899/3897 3908/4912/3910 3909/4913/3911 3904/4908/3906 
f 3908/4912/3910 3910/4914/3912 3911/4915/3913 3909/4913/3911 
f 3912/4916/3914 3913/4917/3915 3910/4914/3912 3914/4918/3916 
f 3912/4916/3914 3914/4918/3916 3915/4919/3917 
f 3916/4920/3918 3915/4919/3917 3914/4918/3916 3917/4921/3919 
f 3916/4920/3918 3917/4921/3919 3918/4922/3920 
f 3919/4923/3921 3918/4922/3920 3917/4921/3919 3920/4924/3922 
f 3919/4923/3921 3920/4924/3922 3921/4925/3923 
f 3922/4926/3924 3921/4925/3923 3920/4924/3922 3923/4927/3925 
f 3922/4926/3924 3923/4927/3925 3924/4928/3926 
f 3925/4929/3927 3924/4928/3926 3923/4927/3925 3926/4930/3928 
f 3925/4929/3927 3926/4930/3928 3927/4931/3929 
f 3928/4932/3930 3927/4931/3929 3926/4930/3928 3929/4933/3931 
f 3928/4932/3930 3929/4933/3931 3930/4934/3932 
f 3931/4935/3933 3930/4934/3932 3929/4933/3931 3932/4936/3934 
f 3931/4935/3933 3932/4936/3934 3933/4937/3935 
f 3934/4938/3936 3933/4937/3935 3932/4939/3934 3935/4940/3937 
f 3934/4938/3936 3935/4940/3937 3936/4941/3938 
f 3937/4942/3939 3936/4941/3938 3935/4940/3937 3938/4943/3940 
f 3937/4942/3939 3938/4943/3940 3939/4944/3941 
f 3940/4945/3942 3939/4944/3941 3938/4943/3940 3941/4946/3943 
f 3940/4945/3942 3941/4946/3943 3942/4947/3944 
f 3943/4948/3945 3942/4947/3944 3941/4946/3943 3944/4949/3946 
f 3943/4948/3945 3944/4949/3946 3945/4950/3947 
f 3946/4951/3948 3945/4950/3947 3944/4949/3946 3947/4952/3949 
f 3946/4951/3948 3947/4952/3949 3948/4953/3950 
f 3949/4954/3951 3948/4953/3950 3947/4952/3949 3950/4955/3952 
f 3949/4954/3951 3950/4955/3952 3951/4956/3953 
f 3952/4957/3954 3951/4956/3953 3950/4955/3952 3953/4958/3955 
f 3952/4957/3954 3953/4958/3955 3954/4959/3956 
f 3955/4960/3957 3954/4959/3956 3953/4958/3955 3956/4961/3958 
f 3955/4960/3957 3956/4961/3958 3957/4962/3959 
f 3958/4963/3960 3957/4962/3959 3956/4961/3958 3959/4964/3961 
f 3958/4963/3960 3959/4964/3961 3960/4965/3962 
f 3961/4966/3963 3960/4965/3962 3959/4964/3961 3962/4967/3964 
f 3961/4966/3963 3962/4967/3964 3963/4968/3965 
f 3964/4969/3966 3963/4968/3965 3962/4967/3964 3965/4970/3967 
f 3964/4969/3966 3965/4970/3967 3966/4971/3968 
f 3967/4972/3969 3966/4971/3968 3965/4970/3967 3968/4973/3970 
f 3967/4972/3969 3968/4973/3970 3969/4974/3971 
f 3970/4975/3972 3969/4974/3971 3968/4973/3970 3971/4976/3973 
f 3970/4975/3972 3971/4976/3973 3972/4977/3974 
f 3973/4978/3975 3972/4977/3974 3971/4976/3973 3974/4979/3976 
f 3973/4978/3975 3974/4979/3976 3975/4980/3977 
f 3976/4981/3978 3975/4980/3977 3974/4979/3976 3977/4982/3979 
f 3976/4981/3978 3977/4982/3979 3978/4983/3980 
f 3979/4984/3981 3978/4983/3980 3977/4982/3979 3980/4985/3982 
f 3979/4984/3981 3980/4985/3982 3981/4986/3983 
f 3982/4987/3984 3981/4986/3983 3980/4985/3982 3983/4988/3985 
f 3982/4987/3984 3983/4988/3985 3984/4989/3986 
f 3985/4990/3987 3984/4989/3986 3983/4988/3985 3986/4991/3988 
f 3985/4990/3987 3986/4991/3988 3987/4992/3989 
f 3988/4993/3990 3987/4992/3989 3986/4991/3988 3989/4994/3991 
f 3988/4993/3990 3989/4994/3991 3990/4995/3992 
f 3991/4996/3993 3990/4995/3992 3989/4994/3991 3992/4997/3994 
f 3991/4996/3993 3992/4997/3994 3993/4998/3995 
f 3994/4999/3996 3993/4998/3995 3992/4997/3994 3995/5000/3997 
f 3994/4999/3996 3995/5000/3997 3996/5001/3998 
f 3997/5002/3999 3996/5001/3998 3995/5000/3997 3998/5003/4000 
f 3997/5002/3999 3998/5003/4000 3999/5004/4001 
f 4000/5005/4002 3999/5004/4001 3998/5003/4000 4001/5006/4003 
f 4000/5005/4002 4001/5006/4003 4002/5007/4004 
f 4003/5008/4005 4002/5007/4004 4001/5006/4003 4004/5009/4006 
f 4003/5008/4005 4004/5009/4006 4005/5010/4007 
f 4006/5011/4008 4005/5010/4007 4004/5009/4006 4007/5012/4009 
f 4006/5011/4008 4007/5012/4009 4008/5013/4010 
f 4009/5014/4011 4008/5013/4010 4007/5012/4009 4010/5015/4012 
f 4009/5014/4011 4010/5015/4012 4011/5016/4013 
f 4012/5017/4014 4011/5016/4013 4010/5015/4012 4013/5018/4015 
f 4012/5017/4014 4013/5018/4015 4014/5019/4016 
f 4015/5020/4017 4014/5019/4016 4013/5018/4015 4016/5021/4018 
f 4015/5020/4017 4016/5021/4018 4017/5022/4019 
f 4018/5023/4020 4017/5022/4019 4016/5021/4018 4019/5024/4021 
f 4018/5023/4020 4019/5024/4021 4020/5025/4022 
f 4021/5026/4023 4020/5025/4022 4019/5024/4021 4022/5027/4024 
f 4021/5026/4023 4022/5027/4024 4023/5028/4025 
f 4024/5029/4026 4023/5028/4025 4022/5027/4024 4025/5030/4027 
f 4024/5029/4026 4025/5030/4027 4026/5031/4028 
f 4027/5032/4029 4026/5031/4028 4025/5030/4027 4028/5033/4030 
f 4027/5032/4029 4028/5033/4030 4029/5034/4031 
f 4030/5035/4032 4029/5036/4031 4028/5037/4030 4031/5038/4033 
f 4030/5035/4032 4031/5038/4033 4032/5039/4034 
f 4033/5040/4035 4032/5039/4034 4031/5038/4033 4034/5041/4036 
f 4033/5040/4035 4034/5041/4036 4035/5042/4037 
f 4036/5043/4038 4035/5042/4037 4034/5041/4036 4037/5044/4039 
f 4036/5043/4038 4037/5044/4039 4038/5045/4040 
f 4039/5046/4041 4038/5045/4040 4037/5044/4039 4040/5047/4042 
f 4039/5046/4041 4040/5047/4042 4041/5048/4043 
f 4042/5049/4044 4041/5048/4043 4040/5047/4042 4043/5050/4045 
f 4042/5049/4044 4043/5050/4045 4044/5051/4046 
f 4045/5052/4047 4044/5051/4046 4043/5050/4045 4046/5053/4048 
f 4045/5052/4047 4046/5053/4048 4047/5054/4049 
f 4048/5055/4050 4047/5054/4049 4046/5053/4048 4049/5056/4051 
f 4048/5055/4050 4049/5056/4051 4050/5057/4052 
f 4051/5058/4053 4050/5057/4052 4049/5056/4051 4052/5059/4054 
f 4051/5058/4053 4052/5059/4054 4053/5060/4055 
f 4054/5061/4056 4053/5060/4055 4052/5059/4054 4055/5062/4057 
f 4054/5061/4056 4055/5062/4057 4056/5063/4058 
f 4057/5064/4059 4056/5063/4058 4055/5062/4057 4058/5065/4060 
f 4057/5064/4059 4058/5065/4060 4059/5066/4061 
f 4060/5067/4062 4059/5066/4061 4058/5065/4060 4061/5068/4063 
f 4060/5067/4062 4061/5068/4063 4062/5069/4064 
f 4063/5070/4065 4062/5069/4064 4061/5068/4063 4064/5071/4066 
f 4063/5070/4065 4064/5071/4066 4065/5072/4067 
f 4066/5073/4068 4065/5072/4067 4064/5071/4066 4067/5074/4069 
f 4066/5073/4068 4067/5074/4069 4068/5075/4070 
f 4069/5076/4071 4068/5075/4070 4067/5074/4069 4070/5077/4072 
f 4069/5076/4071 4070/5077/4072 4071/5078/4073 
f 4072/5079/4074 4071/5078/4073 4070/5077/4072 4073/5080/4075 
f 4072/5079/4074 4073/5080/4075 4074/5081/4076 
f 4075/5082/4077 4074/5081/4076 4073/5080/4075 4076/5083/4078 
f 4075/5082/4077 4076/5083/4078 4077/5084/4079 
f 4078/5085/4080 4077/5084/4079 4076/5083/4078 4079/5086/4081 
f 4078/5085/4080 4079/5086/4081 4080/5087/4082 
f 4081/5088/4083 4080/5087/4082 4079/5086/4081 4082/5089/4084 
f 4081/5088/4083 4082/5089/4084 4083/5090/4085 
f 4084/5091/4086 4083/5090/4085 4082/5089/4084 4085/5092/4087 
f 4084/5091/4086 4085/5092/4087 4086/5093/4088 
f 4087/5094/4089 4086/5093/4088 4085/5092/4087 4088/5095/4090 
f 4087/5094/4089 4088/5095/4090 4089/5096/4091 
f 4090/5097/4092 4089/5096/4091 4088/5095/4090 4091/5098/4093 
f 4090/5097/4092 4091/5098/4093 4092/5099/4094 
f 4093/5100/4095 4092/5099/4094 4091/5098/4093 4094/5101/4096 
f 4093/5100/4095 4094/5101/4096 4095/5102/4097 
f 4096/5103/4098 4095/5102/4097 4094/5101/4096 4097/5104/4099 
f 4096/5103/4098 4097/5104/4099 4098/5105/4100 
f 4099/5106/4101 4098/5105/4100 4097/5104/4099 4100/5107/4102 
f 4099/5106/4101 4100/5107/4102 4101/5108/4103 
f 4102/5109/4104 4101/5108/4103 4100/5107/4102 4103/5110/4105 
f 4102/5109/4104 4103/5110/4105 4104/5111/4106 
f 4105/5112/4107 4104/5111/4106 4103/5110/4105 4106/5113/4108 
f 4105/5112/4107 4106/5113/4108 4107/5114/4109 
f 4108/5115/4110 4107/5114/4109 4106/5113/4108 4109/5116/4111 
f 4108/5115/4110 4109/5116/4111 4110/5117/4112 
f 4111/5118/4113 4110/5117/4112 4109/5116/4111 4112/5119/4114 
f 4111/5118/4113 4112/5119/4114 4113/5120/4115 
f 4114/5121/4116 4113/5120/4115 4112/5119/4114 4115/5122/4117 
f 4114/5121/4116 4115/5122/4117 4116/5123/4118 
f 4117/5124/4119 4116/5123/4118 4115/5122/4117 4118/5125/4120 
f 4117/5124/4119 4118/5125/4120 4119/5126/4121 
f 4120/5127/4122 4119/5126/4121 4118/5125/4120 4121/5128/4123 
f 4120/5127/4122 4121/5128/4123 4122/5129/4124 
f 4123/5130/4125 4122/5129/4124 4121/5128/4123 4124/5131/4126 
f 4123/5130/4125 4124/5131/4126 4125/5132/4127 
f 4126/5133/4128 4125/5132/4127 4124/5131/4126 4127/5134/4129 
f 4126/5133/4128 4127/5134/4129 4128/5135/4130 
f 4129/5136/4131 4128/5135/4130 4127/5134/4129 4130/5137/4132 
f 4129/5136/4131 4130/5137/4132 4131/5138/4133 
f 4132/5139/4134 4131/5138/4133 4130/5137/4132 4133/5140/4135 
f 4132/5139/4134 4133/5140/4135 4134/5141/4136 
f 4135/5142/4137 4134/5141/4136 4133/5140/4135 4136/5143/4138 
f 4135/5142/4137 4136/5143/4138 4137/5144/4139 
f 4138/5145/4140 4137/5144/4139 4136/5143/4138 4139/5146/4141 
f 4138/5145/4140 4139/5146/4141 4140/5147/4142 
f 4141/5148/4143 4140/5147/4142 4139/5146/4141 4142/5149/4144 
f 4141/5148/4143 4142/5149/4144 4143/5150/4145 
f 4144/5151/4146 4143/5150/4145 4142/5149/4144 4145/5152/4147 
f 4144/5151/4146 4145/5152/4147 4146/5153/4148 
f 4147/5154/4149 4146/5153/4148 4145/5152/4147 4148/5155/4150 
f 4147/5154/4149 4148/5155/4150 4149/5156/4151 
f 4150/5157/4152 4149/5156/4151 4148/5155/4150 4151/5158/4153 
f 4150/5157/4152 4151/5158/4153 4152/5159/4154 
f 4153/5160/4155 4152/5159/4154 4151/5158/4153 4154/5161/4156 
f 4153/5160/4155 4154/5161/4156 4155/5162/4157 
f 4156/5163/4158 4155/5162/4157 4154/5161/4156 4157/5164/4159 
f 4156/5163/4158 4157/5164/4159 4158/5165/4160 
f 4159/5166/4161 4158/5165/4160 4157/5164/4159 4160/5167/4162 
f 4159/5166/4161 4160/5167/4162 4161/5168/4163 
f 4162/5169/4164 4161/5168/4163 4160/5167/4162 4163/5170/4165 
f 4162/5169/4164 4163/5170/4165 4164/5171/4166 
f 4165/5172/4167 4164/5171/4166 4163/5170/4165 4166/5173/4168 
f 4165/5172/4167 4166/5173/4168 4167/5174/4169 
f 4160/5175/4162 4168/5176/4170 4169/5177/4171 4163/5170/4165 
f 4168/5176/4170 4170/5178/4172 4171/5179/4173 4169/5177/4171 
f 4170/5178/4172 4172/5180/4174 4173/5181/4175 4171/5179/4173 
f 4174/5182/4176 4175/5183/4177 4170/5178/4172 4168/5176/4170 
f 4175/5183/4177 4176/5184/4178 4172/5180/4174 4170/5178/4172 
f 4177/5185/4179 4178/5186/4180 4175/5183/4177 4174/5182/4176 
f 4178/5186/4180 4179/5187/4181 4176/5184/4178 4175/5183/4177 
f 4180/5188/4182 4181/5189/4183 4178/5186/4180 4177/5185/4179 
f 4181/5189/4183 4182/5190/4184 4179/5187/4181 4178/5186/4180 
f 4183/5191/4185 4184/5192/4186 4181/5189/4183 4180/5188/4182 
f 4184/5192/4186 4185/5193/4187 4182/5190/4184 4181/5189/4183 
f 4186/5194/4188 4187/5195/4189 4184/5192/4186 4183/5191/4185 
f 4187/5195/4189 4188/5196/4190 4185/5193/4187 4184/5192/4186 
f 4189/5197/4191 4190/5198/4192 4187/5195/4189 4186/5194/4188 
f 4190/5198/4192 4191/5199/4193 4188/5196/4190 4187/5195/4189 
f 4192/5200/4194 4193/5201/4195 4190/5198/4192 4189/5197/4191 
f 4193/5201/4195 4194/5202/4196 4191/5199/4193 4190/5198/4192 
f 4195/5203/4197 4196/5204/4198 4193/5201/4195 4192/5200/4194 
f 4196/5204/4198 4197/5205/4199 4194/5202/4196 4193/5201/4195 
f 4198/5206/4200 4199/5207/4201 4196/5204/4198 4195/5203/4197 
f 4199/5207/4201 4200/5208/4202 4197/5205/4199 4196/5204/4198 
f 4201/5209/4203 4202/5210/4204 4199/5207/4201 4198/5206/4200 
f 4202/5210/4204 4203/5211/4205 4200/5208/4202 4199/5207/4201 
f 4204/5212/4206 4205/5213/4207 4202/5210/4204 4201/5209/4203 
f 4205/5213/4207 4206/5214/4208 4203/5211/4205 4202/5210/4204 
f 4207/5215/4209 4208/5216/4210 4205/5213/4207 4204/5212/4206 
f 4208/5216/4210 4209/5217/4211 4206/5214/4208 4205/5213/4207 
f 4210/5218/4212 4211/5219/4213 4208/5216/4210 4207/5215/4209 
f 4211/5219/4213 4212/5220/4214 4209/5217/4211 4208/5216/4210 
f 4213/5221/4215 4214/5222/4216 4211/5219/4213 4210/5218/4212 
f 4214/5222/4216 4215/5223/4217 4212/5220/4214 4211/5219/4213 
f 4216/5224/4218 4217/5225/4219 4214/5222/4216 4213/5221/4215 
f 4217/5225/4219 4218/5226/4220 4215/5223/4217 4214/5222/4216 
f 4219/5227/4221 4220/5228/4222 4217/5225/4219 4216/5224/4218 
f 4220/5228/4222 4221/5229/4223 4218/5226/4220 4217/5225/4219 
f 4222/5230/4224 4223/5231/4225 4220/5228/4222 4219/5227/4221 
f 4223/5231/4225 4224/5232/4226 4221/5229/4223 4220/5228/4222 
f 4225/5233/4227 4226/5234/4228 4223/5231/4225 4222/5230/4224 
f 4226/5234/4228 4227/5235/4229 4224/5232/4226 4223/5231/4225 
f 4228/5236/4230 4229/5237/4231 4226/5234/4228 4225/5233/4227 
f 4229/5237/4231 4230/5238/4232 4227/5235/4229 4226/5234/4228 
f 4231/5239/4233 4232/5240/4234 4229/5237/4231 4228/5236/4230 
f 4232/5240/4234 4233/5241/4235 4230/5238/4232 4229/5237/4231 
f 4234/5242/4236 4235/5243/4237 4232/5240/4234 4231/5239/4233 
f 4235/5243/4237 4236/5244/4238 4233/5241/4235 4232/5240/4234 
f 4237/5245/4239 4238/5246/4240 4235/5243/4237 4234/5242/4236 
f 4238/5246/4240 4239/5247/4241 4236/5244/4238 4235/5243/4237 
f 4240/5248/4242 4241/5249/4243 4238/5246/4240 4237/5245/4239 
f 4242/5250/4244 4239/5247/4241 4238/5246/4240 4241/5249/4243 
f 4243/5251/4245 4244/5252/4246 4242/5250/4244 4241/5249/4243 
f 4241/5249/4243 4240/5248/4242 4245/5253/4247 4243/5251/4245 
f 4246/5254/4248 4247/5255/4249 4243/5251/4245 4245/5253/4247 
f 4247/5255/4249 4248/5256/4250 4244/5252/4246 4243/5251/4245 
f 4249/5257/4251 4250/5258/4252 4247/5255/4249 4246/5254/4248 
f 4250/5258/4252 4251/5259/4253 4248/5256/4250 4247/5255/4249 
f 4252/5260/4254 4253/5261/4255 4250/5258/4252 4249/5257/4251 
f 4253/5261/4255 4254/5262/4256 4251/5259/4253 4250/5258/4252 
f 4255/5263/4257 4256/5264/4258 4253/5261/4255 4252/5260/4254 
f 4256/5264/4258 4257/5265/4259 4254/5262/4256 4253/5261/4255 
f 4258/5266/4260 4259/5267/4261 4256/5264/4258 4255/5263/4257 
f 4259/5267/4261 4260/5268/4262 4257/5265/4259 4256/5264/4258 
f 4261/5269/4263 4262/5270/4264 4259/5267/4261 4258/5266/4260 
f 4262/5270/4264 4263/5271/4265 4260/5268/4262 4259/5267/4261 
f 4261/5269/4263 4264/5272/4266 4265/5273/4267 4262/5270/4264 
f 4264/5272/4266 4266/5274/4268 4267/5275/4269 4265/5273/4267 
f 4266/5274/4268 4268/5276/4270 4269/5277/4271 4267/5275/4269 
f 4270/5278/4272 4271/5279/4273 4269/5277/4271 4268/5276/4270 
f 4271/5279/4273 4272/5280/4274 4273/5281/4275 4269/5277/4271 
f 4274/5282/4276 4275/5283/4277 4271/5279/4273 4270/5278/4272 
f 4275/5283/4277 4276/5284/4278 4272/5280/4274 4271/5279/4273 
f 4277/5285/4279 4278/5286/4280 4275/5283/4277 4274/5282/4276 
f 4278/5286/4280 4279/5287/4281 4276/5284/4278 4275/5283/4277 
f 4280/5288/4282 4281/5289/4283 4278/5286/4280 4277/5285/4279 
f 4281/5289/4283 4282/5290/4284 4279/5287/4281 4278/5286/4280 
f 4283/5291/4285 4284/5292/4286 4281/5289/4283 4280/5288/4282 
f 4284/5292/4286 4285/5293/4287 4282/5290/4284 4281/5289/4283 
f 4286/5294/4288 4287/5295/4289 4285/5293/4287 4284/5292/4286 
f 4288/5296/4290 4289/5297/4291 4287/5295/4289 4286/5294/4288 
f 4290/5298/4292 4291/5299/4293 4289/5297/4291 4288/5296/4290 
f 4292/5300/4294 4293/5301/4295 4291/5299/4293 4290/5298/4292 
f 4294/5302/4296 4295/5303/4297 4293/5301/4295 4292/5300/4294 
f 4296/5304/4298 4297/5305/4299 4295/5303/4297 4294/5302/4296 
f 4298/5306/4300 4299/5307/4301 4297/5308/4299 4296/5309/4298 
f 4300/5310/4302 4301/5311/4303 4299/5307/4301 4298/5306/4300 
f 4302/5312/4304 4303/5313/4305 4301/5311/4303 4300/5310/4302 
f 4304/5314/4306 4305/5315/4307 4303/5313/4305 4302/5312/4304 
f 4306/5316/4308 4307/5317/4309 4305/5315/4307 4304/5314/4306 
f 4306/5316/4308 4308/5318/4310 4309/5319/4311 4307/5317/4309 
f 4308/5318/4310 4310/5320/4312 4311/5321/4313 4309/5319/4311 
f 4310/5320/4312 4312/5322/4314 4313/5323/4315 4311/5321/4313 
f 4312/5322/4314 4314/5324/4316 4315/5325/4317 4313/5323/4315 
f 4314/5324/4316 4316/5326/4318 4317/5327/4319 4315/5325/4317 
f 4316/5326/4318 4318/5328/4320 4319/5329/4321 4317/5327/4319 
f 4318/5328/4320 4320/5330/4322 4321/5331/4323 4319/5329/4321 
f 4320/5330/4322 4322/5332/4324 4323/5333/4325 4321/5331/4323 
f 4322/5332/4324 3845/4849/3847 3848/4852/3850 4323/5333/4325 
f 4324/5334/4326 4325/5335/4327 4322/5332/4324 4320/5330/4322 
f 4325/5335/4327 4326/5336/4328 3845/4849/3847 4322/5332/4324 
f 4327/5337/4329 3846/4850/3848 3845/4849/3847 4326/5336/4328 
f 4326/5336/4328 3986/4991/3988 3983/4988/3985 4327/5337/4329 
f 4325/5335/4327 3989/4994/3991 3986/4991/3988 4326/5336/4328 
f 4324/5334/4326 3992/4997/3994 3989/4994/3991 4325/5335/4327 
f 4320/5330/4322 4318/5328/4320 4328/5338/4330 4324/5334/4326 
f 3995/5000/3997 3992/4997/3994 4324/5334/4326 4328/5338/4330 
f 4318/5328/4320 4316/5326/4318 4329/5339/4331 4328/5338/4330 
f 3998/5003/4000 3995/5000/3997 4328/5338/4330 4329/5339/4331 
f 4316/5326/4318 4314/5324/4316 4330/5340/4332 4329/5339/4331 
f 4001/5006/4003 3998/5003/4000 4329/5339/4331 4330/5340/4332 
f 4314/5324/4316 4312/5322/4314 4331/5341/4333 4330/5340/4332 
f 4004/5009/4006 4001/5006/4003 4330/5340/4332 4331/5341/4333 
f 4312/5322/4314 4310/5320/4312 4332/5342/4334 4331/5341/4333 
f 4007/5012/4009 4004/5009/4006 4331/5341/4333 4332/5342/4334 
f 4310/5320/4312 4308/5318/4310 4333/5343/4335 4332/5342/4334 
f 4010/5015/4012 4007/5012/4009 4332/5342/4334 4333/5343/4335 
f 4308/5318/4310 4306/5316/4308 4334/5344/4336 4333/5343/4335 
f 4013/5018/4015 4010/5015/4012 4333/5343/4335 4334/5344/4336 
f 4335/5345/4337 4016/5021/4018 4013/5018/4015 4334/5344/4336 
f 4334/5344/4336 4306/5316/4308 4304/5314/4306 4335/5345/4337 
f 4302/5312/4304 4336/5346/4338 4335/5345/4337 4304/5314/4306 
f 4336/5346/4338 4019/5024/4021 4016/5021/4018 4335/5345/4337 
f 4300/5310/4302 4337/5347/4339 4336/5346/4338 4302/5312/4304 
f 4337/5347/4339 4022/5027/4024 4019/5024/4021 4336/5346/4338 
f 4298/5306/4300 4338/5348/4340 4337/5347/4339 4300/5310/4302 
f 4338/5348/4340 4025/5030/4027 4022/5027/4024 4337/5347/4339 
f 4296/5309/4298 4339/5349/4341 4338/5348/4340 4298/5306/4300 
f 4339/5349/4341 4028/5033/4030 4025/5030/4027 4338/5348/4340 
f 4294/5302/4296 4340/5350/4342 4339/5351/4341 4296/5304/4298 
f 4340/5350/4342 4031/5038/4033 4028/5037/4030 4339/5351/4341 
f 4292/5300/4294 4341/5352/4343 4340/5350/4342 4294/5302/4296 
f 4341/5352/4343 4034/5041/4036 4031/5038/4033 4340/5350/4342 
f 4290/5298/4292 4342/5353/4344 4341/5352/4343 4292/5300/4294 
f 4342/5353/4344 4037/5044/4039 4034/5041/4036 4341/5352/4343 
f 4288/5296/4290 4343/5354/4345 4342/5353/4344 4290/5298/4292 
f 4343/5354/4345 4040/5047/4042 4037/5044/4039 4342/5353/4344 
f 4286/5294/4288 4344/5355/4346 4343/5354/4345 4288/5296/4290 
f 4344/5355/4346 4043/5050/4045 4040/5047/4042 4343/5354/4345 
f 4284/5292/4286 4283/5291/4285 4344/5355/4346 4286/5294/4288 
f 4283/5291/4285 4046/5053/4048 4043/5050/4045 4344/5355/4346 
f 4280/5288/4282 4049/5056/4051 4046/5053/4048 4283/5291/4285 
f 4277/5285/4279 4052/5059/4054 4049/5056/4051 4280/5288/4282 
f 4274/5282/4276 4055/5062/4057 4052/5059/4054 4277/5285/4279 
f 4058/5065/4060 4055/5062/4057 4274/5282/4276 4270/5278/4272 
f 4061/5068/4063 4058/5065/4060 4270/5278/4272 4268/5276/4270 
f 4064/5071/4066 4061/5068/4063 4268/5276/4270 4266/5274/4268 
f 4269/5277/4271 4273/5281/4275 4345/5356/4347 4267/5275/4269 
f 4067/5074/4069 4064/5071/4066 4266/5274/4268 4264/5272/4266 
f 4267/5275/4269 4345/5356/4347 4346/5357/4348 4265/5273/4267 
f 4070/5077/4072 4067/5074/4069 4264/5272/4266 4261/5269/4263 
f 4265/5273/4267 4346/5357/4348 4263/5271/4265 4262/5270/4264 
f 4073/5080/4075 4070/5077/4072 4261/5269/4263 4258/5266/4260 
f 4255/5263/4257 4076/5083/4078 4073/5080/4075 4258/5266/4260 
f 4252/5260/4254 4079/5086/4081 4076/5083/4078 4255/5263/4257 
f 4249/5257/4251 4082/5089/4084 4079/5086/4081 4252/5260/4254 
f 4246/5254/4248 4085/5092/4087 4082/5089/4084 4249/5257/4251 
f 4245/5253/4247 4088/5095/4090 4085/5092/4087 4246/5254/4248 
f 4240/5248/4242 4091/5098/4093 4088/5095/4090 4245/5253/4247 
f 4237/5245/4239 4094/5101/4096 4091/5098/4093 4240/5248/4242 
f 4234/5242/4236 4097/5104/4099 4094/5101/4096 4237/5245/4239 
f 4231/5239/4233 4100/5107/4102 4097/5104/4099 4234/5242/4236 
f 4228/5236/4230 4103/5110/4105 4100/5107/4102 4231/5239/4233 
f 4225/5233/4227 4106/5113/4108 4103/5110/4105 4228/5236/4230 
f 4222/5230/4224 4109/5116/4111 4106/5113/4108 4225/5233/4227 
f 4219/5227/4221 4112/5119/4114 4109/5116/4111 4222/5230/4224 
f 4216/5224/4218 4115/5122/4117 4112/5119/4114 4219/5227/4221 
f 4213/5221/4215 4118/5125/4120 4115/5122/4117 4216/5224/4218 
f 4210/5218/4212 4121/5128/4123 4118/5125/4120 4213/5221/4215 
f 4124/5131/4126 4121/5128/4123 4210/5218/4212 4207/5215/4209 
f 4127/5134/4129 4124/5131/4126 4207/5215/4209 4204/5212/4206 
f 4130/5137/4132 4127/5134/4129 4204/5212/4206 4201/5209/4203 
f 4198/5206/4200 4133/5140/4135 4130/5137/4132 4201/5209/4203 
f 4195/5203/4197 4136/5143/4138 4133/5140/4135 4198/5206/4200 
f 4192/5200/4194 4139/5146/4141 4136/5143/4138 4195/5203/4197 
f 4189/5197/4191 4142/5149/4144 4139/5146/4141 4192/5200/4194 
f 4186/5194/4188 4145/5152/4147 4142/5149/4144 4189/5197/4191 
f 4183/5191/4185 4148/5155/4150 4145/5152/4147 4186/5194/4188 
f 4180/5188/4182 4151/5158/4153 4148/5155/4150 4183/5191/4185 
f 4177/5185/4179 4154/5161/4156 4151/5158/4153 4180/5188/4182 
f 4174/5182/4176 4157/5164/4159 4154/5161/4156 4177/5185/4179 
f 4168/5176/4170 4160/5167/4162 4157/5164/4159 4174/5182/4176 
f 4347/5358/4349 4166/5173/4168 4163/5170/4165 4169/5177/4171 
f 3980/4985/3982 4348/5359/4350 4327/5337/4329 3983/4988/3985 
f 4348/5359/4350 3849/4853/3851 3846/4850/3848 4327/5337/4329 
f 3977/4982/3979 4349/5360/4351 4348/5359/4350 3980/4985/3982 
f 4349/5360/4351 3851/4855/3853 3849/4853/3851 4348/5359/4350 
f 3974/4979/3976 4350/5361/4352 4349/5360/4351 3977/4982/3979 
f 4350/5361/4352 3853/4857/3855 3851/4855/3853 4349/5360/4351 
f 3971/4976/3973 4351/5362/4353 4350/5361/4352 3974/4979/3976 
f 4351/5362/4353 3855/4859/3857 3853/4857/3855 4350/5361/4352 
f 3968/4973/3970 4352/5363/4354 4351/5362/4353 3971/4976/3973 
f 4352/5363/4354 3857/4861/3859 3855/4859/3857 4351/5362/4353 
f 3965/4970/3967 4353/5364/4355 4352/5363/4354 3968/4973/3970 
f 4353/5364/4355 3859/4863/3861 3857/4861/3859 4352/5363/4354 
f 3962/4967/3964 4354/5365/4356 4353/5364/4355 3965/4970/3967 
f 4354/5365/4356 3861/4865/3863 3859/4863/3861 4353/5364/4355 
f 3959/4964/3961 4355/5366/4357 4354/5365/4356 3962/4967/3964 
f 4355/5366/4357 3863/4867/3865 3861/4865/3863 4354/5365/4356 
f 3956/4961/3958 4356/5367/4358 4355/5366/4357 3959/4964/3961 
f 4356/5367/4358 3865/4869/3867 3863/4867/3865 4355/5366/4357 
f 3953/4958/3955 4357/5368/4359 4356/5367/4358 3956/4961/3958 
f 4357/5368/4359 3867/4871/3869 3865/4869/3867 4356/5367/4358 
f 3950/4955/3952 4358/5369/4360 4357/5368/4359 3953/4958/3955 
f 4358/5369/4360 3869/4873/3871 3867/4871/3869 4357/5368/4359 
f 3947/4952/3949 4359/5370/4361 4358/5369/4360 3950/4955/3952 
f 4359/5370/4361 3871/4875/3873 3869/4873/3871 4358/5369/4360 
f 3944/4949/3946 4360/5371/4362 4359/5370/4361 3947/4952/3949 
f 4360/5371/4362 3873/4877/3875 3871/4875/3873 4359/5370/4361 
f 3941/4946/3943 4361/5372/4363 4360/5371/4362 3944/4949/3946 
f 4361/5372/4363 3875/4879/3877 3873/4877/3875 4360/5371/4362 
f 3938/4943/3940 4362/5373/4364 4361/5372/4363 3941/4946/3943 
f 4362/5373/4364 3877/4881/3879 3875/4879/3877 4361/5372/4363 
f 3935/4940/3937 4363/5374/4365 4362/5373/4364 3938/4943/3940 
f 4363/5374/4365 3879/4883/3881 3877/4881/3879 4362/5373/4364 
f 3932/4939/3934 4364/5375/4366 4363/5374/4365 3935/4940/3937 
f 4364/5375/4366 3881/4885/3883 3879/4883/3881 4363/5374/4365 
f 3929/4933/3931 4365/5376/4367 4364/5375/4366 3932/4939/3934 
f 4365/5376/4367 3883/4887/3885 3881/4885/3883 4364/5375/4366 
f 3929/4933/3931 3926/4930/3928 4366/5377/4368 4365/5376/4367 
f 3885/4889/3887 3883/4887/3885 4365/5376/4367 4366/5377/4368 
f 3926/4930/3928 3923/4927/3925 4367/5378/4369 4366/5377/4368 
f 3887/4891/3889 3885/4889/3887 4366/5377/4368 4367/5378/4369 
f 3923/4927/3925 3920/4924/3922 4368/5379/4370 4367/5378/4369 
f 3889/4893/3891 3887/4891/3889 4367/5378/4369 4368/5379/4370 
f 3920/4924/3922 3917/4921/3919 4369/5380/4371 4368/5379/4370 
f 3891/4895/3893 3889/4893/3891 4368/5379/4370 4369/5380/4371 
f 4370/5381/4372 3893/4897/3895 3891/4895/3893 4369/5380/4371 
f 4369/5380/4371 3917/4921/3919 3914/4918/3916 4370/5381/4372 
f 3910/4914/3912 3908/4912/3910 4370/5381/4372 3914/4918/3916 
f 4371/5382/4373 4372/5383/4374 3911/4915/3913 3910/4914/3912 
f 4371/5382/4373 3910/4914/3912 3913/4917/3915 
f 4373/5384/4375 4374/5385/4376 4375/5386/4377 3911/4915/3913 
f 4373/5384/4375 3911/4915/3913 4372/5383/4374 
f 3908/4912/3910 3895/4899/3897 3893/4897/3895 4370/5381/4372 
f 4375/5386/4377 4376/5387/4378 3909/4913/3911 3911/4915/3913 
f 4376/5387/4378 3905/4909/3907 3904/4908/3906 3909/4913/3911 
f 4377/5388/4379 4378/5389/4380 3892/4896/3894 3894/4898/3896 
f 4377/5388/4379 3894/4898/3896 3907/4911/3909 
f 4379/5390/4381 4380/5391/4382 3890/4894/3892 3892/4896/3894 
f 4379/5390/4381 3892/4896/3894 4378/5389/4380 
f 4381/5392/4383 4382/5393/4384 3848/4852/3850 3847/4851/3849 
f 4381/5392/4383 3847/4851/3849 4383/5394/4385 
f 4384/5395/4386 4385/5396/4387 4323/5333/4325 3848/4852/3850 
f 4384/5395/4386 3848/4852/3850 4382/5393/4384 
f 4386/5397/4388 4387/5398/4389 4321/5331/4323 4323/5333/4325 
f 4386/5397/4388 4323/5333/4325 4385/5396/4387 
f 4388/5399/4390 4389/5400/4391 4319/5329/4321 4321/5331/4323 
f 4388/5399/4390 4321/5331/4323 4387/5398/4389 
f 4390/5401/4392 4391/5402/4393 4317/5327/4319 4319/5329/4321 
f 4390/5401/4392 4319/5329/4321 4389/5400/4391 
f 4392/5403/4394 4393/5404/4395 4315/5325/4317 4317/5327/4319 
f 4392/5403/4394 4317/5327/4319 4391/5402/4393 
f 4394/5405/4396 4395/5406/4397 4313/5323/4315 4315/5325/4317 
f 4394/5405/4396 4315/5325/4317 4393/5404/4395 
f 4396/5407/4398 4397/5408/4399 4311/5321/4313 4313/5323/4315 
f 4396/5407/4398 4313/5323/4315 4395/5406/4397 
f 4398/5409/4400 4399/5410/4401 4309/5319/4311 4311/5321/4313 
f 4398/5409/4400 4311/5321/4313 4397/5408/4399 
f 4400/5411/4402 4401/5412/4403 4307/5317/4309 4309/5319/4311 
f 4400/5411/4402 4309/5319/4311 4399/5410/4401 
f 4401/5412/4403 4402/5413/4404 4305/5315/4307 4307/5317/4309 
f 4403/5414/4405 4404/5415/4406 4303/5313/4305 4305/5315/4307 
f 4402/5413/4404 4403/5414/4405 4305/5315/4307 
f 4405/5416/4407 4406/5417/4408 4301/5311/4303 4303/5313/4305 
f 4404/5415/4406 4405/5416/4407 4303/5313/4305 
f 4407/5418/4409 4408/5419/4410 4299/5307/4301 4301/5311/4303 
f 4406/5417/4408 4407/5418/4409 4301/5311/4303 
f 4409/5420/4411 4410/5421/4412 4297/5308/4299 4299/5307/4301 
f 4408/5419/4410 4409/5420/4411 4299/5307/4301 
f 4411/5422/4413 4412/5423/4414 4295/5303/4297 4297/5305/4299 
f 4410/5424/4412 4411/5422/4413 4297/5305/4299 
f 4413/5425/4415 4414/5426/4416 4293/5301/4295 4295/5303/4297 
f 4412/5423/4414 4413/5425/4415 4295/5303/4297 
f 4415/5427/4417 4416/5428/4418 4291/5299/4293 4293/5301/4295 
f 4414/5426/4416 4415/5427/4417 4293/5301/4295 
f 4417/5429/4419 4418/5430/4420 4289/5297/4291 4291/5299/4293 
f 4416/5428/4418 4417/5429/4419 4291/5299/4293 
f 4419/5431/4421 4420/5432/4422 4287/5295/4289 4289/5297/4291 
f 4418/5430/4420 4419/5431/4421 4289/5297/4291 
f 4421/5433/4423 4422/5434/4424 4285/5293/4287 4287/5295/4289 
f 4420/5432/4422 4421/5433/4423 4287/5295/4289 
f 4423/5435/4425 4424/5436/4426 4282/5290/4284 4285/5293/4287 
f 4422/5434/4424 4423/5435/4425 4285/5293/4287 
f 4425/5437/4427 4426/5438/4428 3888/4892/3890 3890/4894/3892 
f 4425/5437/4427 3890/4894/3892 4380/5391/4382 
f 4427/5439/4429 4428/5440/4430 3886/4890/3888 3888/4892/3890 
f 4427/5439/4429 3888/4892/3890 4426/5438/4428 
f 4429/5441/4431 4430/5442/4432 3884/4888/3886 3886/4890/3888 
f 4428/5440/4430 4429/5441/4431 3886/4890/3888 
f 4431/5443/4433 4432/5444/4434 3882/4886/3884 3884/4888/3886 
f 4430/5442/4432 4431/5443/4433 3884/4888/3886 
f 4433/5445/4435 4434/5446/4436 3880/4884/3882 3882/4886/3884 
f 4432/5444/4434 4433/5445/4435 3882/4886/3884 
f 4435/5447/4437 4436/5448/4438 3878/4882/3880 3880/4884/3882 
f 4434/5446/4436 4435/5447/4437 3880/4884/3882 
f 4437/5449/4439 4438/5450/4440 3876/4880/3878 3878/4882/3880 
f 4436/5448/4438 4437/5449/4439 3878/4882/3880 
f 4439/5451/4441 4440/5452/4442 3874/4878/3876 3876/4880/3878 
f 4438/5450/4440 4439/5451/4441 3876/4880/3878 
f 4441/5453/4443 4442/5454/4444 3872/4876/3874 3874/4878/3876 
f 4440/5452/4442 4441/5453/4443 3874/4878/3876 
f 4443/5455/4445 4444/5456/4446 3870/4874/3872 3872/4876/3874 
f 4442/5454/4444 4443/5455/4445 3872/4876/3874 
f 4445/5457/4447 4446/5458/4448 3868/4872/3870 3870/4874/3872 
f 4444/5456/4446 4445/5457/4447 3870/4874/3872 
f 4447/5459/4449 4448/5460/4450 3866/4870/3868 3868/4872/3870 
f 4446/5458/4448 4447/5459/4449 3868/4872/3870 
f 4449/5461/4451 4450/5462/4452 3864/4868/3866 3866/4870/3868 
f 4448/5460/4450 4449/5461/4451 3866/4870/3868 
f 4451/5463/4453 4452/5464/4454 3862/4866/3864 3864/4868/3866 
f 4450/5462/4452 4451/5463/4453 3864/4868/3866 
f 4453/5465/4455 4454/5466/4456 3860/4864/3862 3862/4866/3864 
f 4452/5464/4454 4453/5465/4455 3862/4866/3864 
f 4455/5467/4457 4456/5468/4458 3858/4862/3860 3860/4864/3862 
f 4454/5466/4456 4455/5467/4457 3860/4864/3862 
f 4457/5469/4459 4458/5470/4460 3856/4860/3858 3858/4862/3860 
f 4456/5468/4458 4457/5469/4459 3858/4862/3860 
f 4459/5471/4461 4460/5472/4462 3854/4858/3856 3856/4860/3858 
f 4458/5470/4460 4459/5471/4461 3856/4860/3858 
f 4461/5473/4463 4462/5474/4464 3852/4856/3854 3854/4858/3856 
f 4460/5472/4462 4461/5473/4463 3854/4858/3856 
f 4463/5475/4465 4464/5476/4466 3850/4854/3852 3852/4856/3854 
f 4463/5475/4465 3852/4856/3854 4462/5474/4464 
f 4465/5477/4467 4383/5394/4385 3847/4851/3849 3850/4854/3852 
f 4465/5477/4467 3850/4854/3852 4464/5476/4466 
f 4166/5173/4168 4347/5358/4349 4376/5387/4378 4375/5386/4377 
f 4347/5358/4349 4466/5478/4468 3905/4909/3907 4376/5387/4378 
f 4466/5478/4468 4467/5479/4469 3902/4906/3904 3905/4909/3907 
f 4468/5480/4470 3903/4907/3905 3902/4906/3904 4467/5479/4469 
f 4468/5480/4470 4467/5479/4469 4469/5481/4471 
f 4173/5181/4175 4470/5482/4472 4469/5481/4471 4467/5479/4469 
f 4471/5483/4473 4470/5482/4472 4173/5181/4175 4172/5180/4174 
f 4471/5483/4473 4172/5180/4174 4472/5484/4474 
f 4473/5485/4475 4472/5484/4474 4172/5180/4174 4176/5184/4178 
f 4473/5485/4475 4176/5184/4178 4474/5486/4476 
f 4475/5487/4477 4474/5486/4476 4176/5184/4178 4179/5187/4181 
f 4475/5487/4477 4179/5187/4181 4476/5488/4478 
f 4477/5489/4479 4476/5488/4478 4179/5187/4181 4182/5190/4184 
f 4477/5489/4479 4182/5190/4184 4478/5490/4480 
f 4479/5491/4481 4478/5490/4480 4182/5190/4184 4185/5193/4187 
f 4479/5491/4481 4185/5193/4187 4480/5492/4482 
f 4481/5493/4483 4480/5492/4482 4185/5193/4187 4188/5196/4190 
f 4481/5493/4483 4188/5196/4190 4482/5494/4484 
f 4483/5495/4485 4482/5494/4484 4188/5196/4190 4191/5199/4193 
f 4483/5495/4485 4191/5199/4193 4484/5496/4486 
f 4485/5497/4487 4484/5496/4486 4191/5199/4193 4194/5202/4196 
f 4485/5497/4487 4194/5202/4196 4486/5498/4488 
f 4487/5499/4489 4486/5498/4488 4194/5202/4196 4197/5205/4199 
f 4487/5499/4489 4197/5205/4199 4488/5500/4490 
f 4489/5501/4491 4488/5500/4490 4197/5205/4199 4200/5208/4202 
f 4489/5501/4491 4200/5208/4202 4490/5502/4492 
f 4491/5503/4493 4490/5502/4492 4200/5208/4202 4203/5211/4205 
f 4491/5503/4493 4203/5211/4205 4492/5504/4494 
f 4493/5505/4495 4492/5504/4494 4203/5211/4205 4206/5214/4208 
f 4493/5505/4495 4206/5214/4208 4494/5506/4496 
f 4495/5507/4497 4494/5506/4496 4206/5214/4208 4209/5217/4211 
f 4495/5507/4497 4209/5217/4211 4496/5508/4498 
f 4497/5509/4499 4496/5508/4498 4209/5217/4211 4212/5220/4214 
f 4497/5509/4499 4212/5220/4214 4498/5510/4500 
f 4499/5511/4501 4498/5510/4500 4212/5220/4214 4215/5223/4217 
f 4499/5511/4501 4215/5223/4217 4500/5512/4502 
f 4501/5513/4503 4500/5512/4502 4215/5223/4217 4218/5226/4220 
f 4501/5513/4503 4218/5226/4220 4502/5514/4504 
f 4503/5515/4505 4502/5514/4504 4218/5226/4220 4221/5229/4223 
f 4503/5515/4505 4221/5229/4223 4504/5516/4506 
f 4505/5517/4507 4504/5516/4506 4221/5229/4223 4224/5232/4226 
f 4505/5517/4507 4224/5232/4226 4506/5518/4508 
f 4507/5519/4509 4506/5518/4508 4224/5232/4226 4227/5235/4229 
f 4507/5519/4509 4227/5235/4229 4508/5520/4510 
f 4509/5521/4511 4508/5520/4510 4227/5235/4229 4230/5238/4232 
f 4509/5521/4511 4230/5238/4232 4510/5522/4512 
f 4511/5523/4513 4510/5522/4512 4230/5238/4232 4233/5241/4235 
f 4511/5523/4513 4233/5241/4235 4512/5524/4514 
f 4513/5525/4515 4512/5524/4514 4233/5241/4235 4236/5244/4238 
f 4513/5525/4515 4236/5244/4238 4514/5526/4516 
f 4515/5527/4517 4514/5526/4516 4236/5244/4238 4239/5247/4241 
f 4515/5527/4517 4239/5247/4241 4516/5528/4518 
f 4517/5529/4519 4516/5528/4518 4239/5247/4241 4242/5250/4244 
f 4517/5529/4519 4242/5250/4244 4518/5530/4520 
f 4519/5531/4521 4518/5530/4520 4242/5250/4244 4244/5252/4246 
f 4519/5531/4521 4244/5252/4246 4520/5532/4522 
f 4521/5533/4523 4520/5532/4522 4244/5252/4246 4248/5256/4250 
f 4521/5533/4523 4248/5256/4250 4522/5534/4524 
f 4523/5535/4525 4522/5534/4524 4248/5256/4250 4251/5259/4253 
f 4523/5535/4525 4251/5259/4253 4524/5536/4526 
f 4525/5537/4527 4524/5536/4526 4251/5259/4253 4254/5262/4256 
f 4525/5537/4527 4254/5262/4256 4526/5538/4528 
f 4527/5539/4529 4526/5538/4528 4254/5262/4256 4257/5265/4259 
f 4527/5539/4529 4257/5265/4259 4528/5540/4530 
f 4529/5541/4531 4528/5540/4530 4257/5265/4259 4260/5268/4262 
f 4529/5541/4531 4260/5268/4262 4530/5542/4532 
f 4531/5543/4533 4530/5542/4532 4260/5268/4262 4263/5271/4265 
f 4531/5543/4533 4263/5271/4265 4532/5544/4534 
f 4533/5545/4535 4532/5544/4534 4263/5271/4265 4346/5357/4348 
f 4533/5545/4535 4346/5357/4348 4534/5546/4536 
f 4535/5547/4537 4534/5546/4536 4346/5357/4348 4345/5356/4347 
f 4535/5547/4537 4345/5356/4347 4536/5548/4538 
f 4537/5549/4539 4536/5548/4538 4345/5356/4347 4273/5281/4275 
f 4537/5549/4539 4273/5281/4275 4538/5550/4540 
f 4539/5551/4541 4538/5550/4540 4273/5281/4275 4272/5280/4274 
f 4539/5551/4541 4272/5280/4274 4540/5552/4542 
f 4541/5553/4543 4540/5552/4542 4272/5280/4274 4276/5284/4278 
f 4541/5553/4543 4276/5284/4278 4542/5554/4544 
f 4543/5555/4545 4542/5554/4544 4276/5284/4278 4279/5287/4281 
f 4543/5555/4545 4279/5287/4281 4544/5556/4546 
f 4545/5557/4547 4544/5556/4546 4279/5287/4281 4282/5290/4284 
f 4424/5436/4426 4545/5557/4547 4282/5290/4284 
f 4171/5179/4173 4173/5558/4175 4467/5479/4469 4466/5478/4468 
f 4169/5177/4171 4171/5559/4173 4466/5478/4468 4347/5358/4349 
f 4546/5560/4548 4167/5174/4169 4166/5173/4168 4375/5386/4377 
f 4546/5560/4548 4375/5386/4377 4374/5385/4376 
s 2
f 4036/5561/4038 4038/5562/4040 4039/5563/4041 4042/5564/4044 
f 4039/5563/4041 4041/5565/4043 4042/5564/4044 
f 4036/5561/4038 4042/5564/4044 4044/5566/4046 4045/5567/4047 
f 4035/5568/4037 4036/5561/4038 4045/5567/4047 4033/5569/4035 
f 4032/5570/4034 4033/5569/4035 4045/5567/4047 4047/5571/4049 
f 4032/5570/4034 4047/5571/4049 4048/5572/4050 4030/5573/4032 
f 4029/5574/4031 4030/5573/4032 4048/5572/4050 4050/5575/4052 
f 4029/5574/4031 4050/5575/4052 4051/5576/4053 4053/5577/4055 
f 4029/5574/4031 4053/5577/4055 4054/5578/4056 4056/5579/4058 
f 4029/5574/4031 4056/5579/4058 4057/5580/4059 4059/5581/4061 
f 4029/5574/4031 4059/5581/4061 4060/5582/4062 4062/5583/4064 
f 4029/5574/4031 4062/5583/4064 4063/5584/4065 4065/5585/4067 
f 4029/5574/4031 4065/5585/4067 4066/5586/4068 4068/5587/4070 
f 4029/5574/4031 4068/5587/4070 4069/5588/4071 4071/5589/4073 
f 4029/5574/4031 4071/5589/4073 4072/5590/4074 4074/5591/4076 
f 4029/5574/4031 4074/5591/4076 4075/5592/4077 4077/5593/4079 
f 4029/5574/4031 4077/5593/4079 4078/5594/4080 4080/5595/4082 
f 4029/5574/4031 4080/5595/4082 4081/5596/4083 4083/5597/4085 
f 4029/5574/4031 4083/5597/4085 4084/5598/4086 4086/5599/4088 
f 4029/5574/4031 4086/5599/4088 4087/5600/4089 4089/5601/4091 
f 4029/5574/4031 4089/5601/4091 4090/5602/4092 4092/5603/4094 
f 4029/5574/4031 4092/5603/4094 4093/5604/4095 4095/5605/4097 
f 4029/5574/4031 4095/5605/4097 4096/5606/4098 4098/5607/4100 
f 4029/5574/4031 4098/5607/4100 4099/5608/4101 4101/5609/4103 
f 4029/5574/4031 4101/5609/4103 4102/5610/4104 4104/5611/4106 
f 4029/5574/4031 4104/5611/4106 4105/5612/4107 4108/5613/4110 
f 4105/5612/4107 4107/5614/4109 4108/5613/4110 
f 4029/5574/4031 4108/5613/4110 4110/5615/4112 4111/5616/4113 
f 4029/5574/4031 4111/5616/4113 4113/5617/4115 4114/5618/4116 
f 4029/5574/4031 4114/5618/4116 4116/5619/4118 4117/5620/4119 
f 4027/5621/4029 4029/5574/4031 4117/5620/4119 4119/5622/4121 
f 4027/5621/4029 4119/5622/4121 4120/5623/4122 4026/5624/4028 
f 4026/5624/4028 4120/5623/4122 4122/5625/4124 4123/5626/4125 
f 4024/5627/4026 4026/5624/4028 4123/5626/4125 4125/5628/4127 
f 4024/5627/4026 4125/5628/4127 4126/5629/4128 4023/5630/4025 
f 4023/5630/4025 4126/5629/4128 4128/5631/4130 4129/5632/4131 
f 4021/5633/4023 4023/5630/4025 4129/5632/4131 4131/5634/4133 
f 4020/5635/4022 4021/5633/4023 4131/5634/4133 4132/5636/4134 
f 4020/5635/4022 4132/5636/4134 4134/5637/4136 4018/5638/4020 
f 4018/5638/4020 4134/5637/4136 4135/5639/4137 4137/5640/4139 
f 4018/5638/4020 4137/5640/4139 4138/5641/4140 4140/5642/4142 
f 4018/5638/4020 4140/5642/4142 4141/5643/4143 4143/5644/4145 
f 4018/5638/4020 4143/5644/4145 4144/5645/4146 4146/5646/4148 
f 4018/5638/4020 4146/5646/4148 4147/5647/4149 4149/5648/4151 
f 4018/5638/4020 4149/5648/4151 4150/5649/4152 4152/5650/4154 
f 4018/5638/4020 4152/5650/4154 4153/5651/4155 4155/5652/4157 
f 4018/5638/4020 4155/5652/4157 4156/5653/4158 4158/5654/4160 
f 4018/5638/4020 4158/5654/4160 4159/5655/4161 4161/5656/4163 
f 4018/5638/4020 4161/5656/4163 4162/5657/4164 4164/5658/4166 
f 4018/5638/4020 4164/5658/4166 4165/5659/4167 4167/5660/4169 
f 4018/5638/4020 4167/5660/4169 4546/5661/4548 4374/5662/4376 
f 4018/5638/4020 4374/5662/4376 4373/5663/4375 4372/5664/4374 
f 4018/5638/4020 4372/5664/4374 4371/5665/4373 3913/5666/3915 
f 4018/5638/4020 3913/5666/3915 3912/5667/3914 4017/5668/4019 
f 4017/5668/4019 3912/5667/3914 3915/5669/3917 3916/5670/3918 
f 4017/5668/4019 3916/5670/3918 3918/5671/3920 3919/5672/3921 
f 4017/5668/4019 3919/5672/3921 3921/5673/3923 3922/5674/3924 
f 4017/5668/4019 3922/5674/3924 3924/5675/3926 3925/5676/3927 
f 4017/5668/4019 3925/5676/3927 3927/5677/3929 3928/5678/3930 
f 4017/5668/4019 3928/5678/3930 3930/5679/3932 3931/5680/3933 
f 4017/5668/4019 3931/5680/3933 3933/5681/3935 3934/5682/3936 
f 4017/5668/4019 3934/5682/3936 3936/5683/3938 3937/5684/3939 
f 4017/5668/4019 3937/5684/3939 3939/5685/3941 3940/5686/3942 
f 4017/5668/4019 3940/5686/3942 3942/5687/3944 3943/5688/3945 
f 4017/5668/4019 3943/5688/3945 3945/5689/3947 3946/5690/3948 
f 4017/5668/4019 3946/5690/3948 3948/5691/3950 3949/5692/3951 
f 4017/5668/4019 3949/5692/3951 3951/5693/3953 3952/5694/3954 
f 4017/5668/4019 3952/5694/3954 3954/5695/3956 3955/5696/3957 
f 4017/5668/4019 3955/5696/3957 3957/5697/3959 3958/5698/3960 
f 4015/5699/4017 4017/5668/4019 3958/5698/3960 4014/5700/4016 
f 4014/5700/4016 3958/5698/3960 3960/5701/3962 3961/5702/3963 
f 4012/5703/4014 4014/5700/4016 3961/5702/3963 4011/5704/4013 
f 4011/5704/4013 3961/5702/3963 3963/5705/3965 3964/5706/3966 
f 4011/5704/4013 3964/5706/3966 3966/5707/3968 3967/5708/3969 
f 4011/5704/4013 3967/5708/3969 3969/5709/3971 3970/5710/3972 
f 4011/5704/4013 3970/5710/3972 3972/5711/3974 3973/5712/3975 
f 4011/5704/4013 3973/5712/3975 3975/5713/3977 3976/5714/3978 
f 3976/5714/3978 3978/5715/3980 3979/5716/3981 4011/5704/4013 
f 4011/5704/4013 3979/5716/3981 3981/5717/3983 3982/5718/3984 
f 4009/5719/4011 4011/5704/4013 3982/5718/3984 3984/5720/3986 
f 4009/5719/4011 3984/5720/3986 3985/5721/3987 4008/5722/4010 
f 4008/5722/4010 3985/5721/3987 3987/5723/3989 4006/5724/4008 
f 4006/5724/4008 3987/5723/3989 3988/5725/3990 3990/5726/3992 
f 4006/5724/4008 3990/5726/3992 3991/5727/3993 3993/5728/3995 
f 4006/5724/4008 3993/5728/3995 3994/5729/3996 4005/5730/4007 
f 4003/5731/4005 4005/5730/4007 3994/5729/3996 4002/5732/4004 
f 4000/5733/4002 4002/5732/4004 3994/5729/3996 3997/5734/3999 
f 3994/5729/3996 3996/5735/3998 3997/5734/3999 
f 4000/5733/4002 3997/5734/3999 3999/5736/4001 
f 4419/5737/4421 4418/5738/4420 4417/5739/4419 4421/5740/4423 
f 4463/5741/4465 4462/5742/4464 4461/5743/4463 4426/5744/4428 
f 4443/5745/4445 4442/5746/4444 4441/5747/4443 4440/5748/4442 
f 4443/5745/4445 4440/5748/4442 4439/5749/4441 4438/5750/4440 
f 4443/5745/4445 4438/5750/4440 4437/5751/4439 4436/5752/4438 
f 4443/5745/4445 4436/5752/4438 4435/5753/4437 4444/5754/4446 
f 4445/5755/4447 4444/5754/4446 4435/5753/4437 4434/5756/4436 
f 4445/5755/4447 4434/5756/4436 4433/5757/4435 4432/5758/4434 
f 4445/5755/4447 4432/5758/4434 4431/5759/4433 4430/5760/4432 
f 4446/5761/4448 4445/5755/4447 4430/5760/4432 4429/5762/4431 
f 4447/5763/4449 4446/5761/4448 4429/5762/4431 4428/5764/4430 
f 4447/5763/4449 4428/5764/4430 4427/5765/4429 4448/5766/4450 
f 4449/5767/4451 4448/5766/4450 4427/5765/4429 4426/5744/4428 
f 4450/5768/4452 4449/5767/4451 4426/5744/4428 4451/5769/4453 
f 4452/5770/4454 4451/5769/4453 4426/5744/4428 4453/5771/4455 
f 4454/5772/4456 4453/5771/4455 4426/5744/4428 4455/5773/4457 
f 4456/5774/4458 4455/5773/4457 4426/5744/4428 4457/5775/4459 
f 4458/5776/4460 4457/5775/4459 4426/5744/4428 4459/5777/4461 
f 4460/5778/4462 4459/5777/4461 4426/5744/4428 4461/5743/4463 
f 4464/5779/4466 4463/5741/4465 4426/5744/4428 4465/5780/4467 
f 4383/5781/4385 4465/5780/4467 4426/5744/4428 4381/5782/4383 
f 4382/5783/4384 4381/5782/4383 4426/5744/4428 4384/5784/4386 
f 4385/5785/4387 4384/5784/4386 4426/5744/4428 4386/5786/4388 
f 4387/5787/4389 4386/5786/4388 4426/5744/4428 4388/5788/4390 
f 4389/5789/4391 4388/5788/4390 4426/5744/4428 4390/5790/4392 
f 4391/5791/4393 4390/5790/4392 4426/5744/4428 4392/5792/4394 
f 4393/5793/4395 4392/5792/4394 4426/5744/4428 4394/5794/4396 
f 4394/5794/4396 4426/5744/4428 4425/5795/4427 4395/5796/4397 
f 4396/5797/4398 4395/5796/4397 4425/5795/4427 4397/5798/4399 
f 4398/5799/4400 4397/5798/4399 4425/5795/4427 4380/5800/4382 
f 4398/5799/4400 4380/5800/4382 4379/5801/4381 4378/5802/4380 
f 4398/5799/4400 4378/5802/4380 4377/5803/4379 3907/5804/3909 
f 4398/5799/4400 3907/5804/3909 3906/5805/3908 3898/5806/3900 
f 4398/5799/4400 3898/5806/3900 3897/5807/3899 3900/5808/3902 
f 4398/5799/4400 3900/5808/3902 3901/5809/3903 3903/5810/3905 
f 4398/5799/4400 3903/5810/3905 4468/5811/4470 4469/5812/4471 
f 4398/5799/4400 4469/5812/4471 4470/5813/4472 4471/5814/4473 
f 4398/5799/4400 4471/5814/4473 4472/5815/4474 4473/5816/4475 
f 4399/5817/4401 4398/5799/4400 4473/5816/4475 4474/5818/4476 
f 4399/5817/4401 4474/5818/4476 4475/5819/4477 4476/5820/4478 
f 4399/5817/4401 4476/5820/4478 4477/5821/4479 4400/5822/4402 
f 4400/5822/4402 4477/5821/4479 4478/5823/4480 4479/5824/4481 
f 4400/5822/4402 4479/5824/4481 4480/5825/4482 4481/5826/4483 
f 4400/5822/4402 4481/5826/4483 4482/5827/4484 4483/5828/4485 
f 4401/5829/4403 4400/5822/4402 4483/5828/4485 4484/5830/4486 
f 4401/5829/4403 4484/5830/4486 4485/5831/4487 4486/5832/4488 
f 4401/5829/4403 4486/5832/4488 4487/5833/4489 4488/5834/4490 
f 4401/5829/4403 4488/5834/4490 4489/5835/4491 4490/5836/4492 
f 4401/5829/4403 4490/5836/4492 4491/5837/4493 4492/5838/4494 
f 4401/5829/4403 4492/5838/4494 4493/5839/4495 4494/5840/4496 
f 4401/5829/4403 4494/5840/4496 4495/5841/4497 4496/5842/4498 
f 4401/5829/4403 4496/5842/4498 4497/5843/4499 4498/5844/4500 
f 4401/5829/4403 4498/5844/4500 4499/5845/4501 4500/5846/4502 
f 4401/5829/4403 4500/5846/4502 4501/5847/4503 4502/5848/4504 
f 4401/5829/4403 4502/5848/4504 4503/5849/4505 4504/5850/4506 
f 4401/5829/4403 4504/5850/4506 4505/5851/4507 4506/5852/4508 
f 4401/5829/4403 4506/5852/4508 4507/5853/4509 4509/5854/4511 
f 4507/5853/4509 4508/5855/4510 4509/5854/4511 
f 4401/5829/4403 4509/5854/4511 4510/5856/4512 4511/5857/4513 
f 4401/5829/4403 4511/5857/4513 4512/5858/4514 4513/5859/4515 
f 4401/5829/4403 4513/5859/4515 4514/5860/4516 4515/5861/4517 
f 4401/5829/4403 4515/5861/4517 4516/5862/4518 4517/5863/4519 
f 4401/5829/4403 4517/5863/4519 4518/5864/4520 4519/5865/4521 
f 4401/5829/4403 4519/5865/4521 4520/5866/4522 4521/5867/4523 
f 4401/5829/4403 4521/5867/4523 4522/5868/4524 4523/5869/4525 
f 4401/5829/4403 4523/5869/4525 4524/5870/4526 4525/5871/4527 
f 4401/5829/4403 4525/5871/4527 4526/5872/4528 4527/5873/4529 
f 4401/5829/4403 4527/5873/4529 4528/5874/4530 4529/5875/4531 
f 4401/5829/4403 4529/5875/4531 4530/5876/4532 4531/5877/4533 
f 4401/5829/4403 4531/5877/4533 4532/5878/4534 4533/5879/4535 
f 4401/5829/4403 4533/5879/4535 4534/5880/4536 4535/5881/4537 
f 4401/5829/4403 4535/5881/4537 4536/5882/4538 4402/5883/4404 
f 4402/5883/4404 4536/5882/4538 4537/5884/4539 4538/5885/4540 
f 4403/5886/4405 4402/5883/4404 4538/5885/4540 4539/5887/4541 
f 4403/5886/4405 4539/5887/4541 4540/5888/4542 4404/5889/4406 
f 4404/5889/4406 4540/5888/4542 4541/5890/4543 4405/5891/4407 
f 4405/5891/4407 4541/5890/4543 4542/5892/4544 4406/5893/4408 
f 4406/5893/4408 4542/5892/4544 4543/5894/4545 4407/5895/4409 
f 4407/5895/4409 4543/5894/4545 4544/5896/4546 4408/5897/4410 
f 4408/5897/4410 4544/5896/4546 4545/5898/4547 4409/5899/4411 
f 4409/5899/4411 4545/5898/4547 4424/5900/4426 4410/5901/4412 
f 4410/5901/4412 4424/5900/4426 4423/5902/4425 4411/5903/4413 
f 4412/5904/4414 4411/5903/4413 4423/5902/4425 4413/5905/4415 
f 4413/5905/4415 4423/5902/4425 4422/5906/4424 4421/5740/4423 
f 4414/5907/4416 4413/5905/4415 4421/5740/4423 4415/5908/4417 
f 4416/5909/4418 4415/5908/4417 4421/5740/4423 4417/5739/4419 
f 4419/5737/4421 4421/5740/4423 4420/5910/4422 
# 610 polygons - 180 triangles

#
# object Object004
#

v  0.0865 0.1898 0.0471
v  0.0849 0.1876 0.0544
v  0.0974 0.1612 0.0491
v  0.1016 0.1669 0.0299
v  0.0891 0.1935 0.0350
v  0.0895 0.1950 0.0280
v  0.1028 0.1710 0.0111
v  0.0903 0.1976 0.0162
v  0.0899 0.1987 0.0091
v  0.1017 0.1739 -0.0079
v  0.0892 0.2005 -0.0029
v  0.0882 0.2012 -0.0104
v  0.0989 0.1761 -0.0280
v  0.0865 0.2025 -0.0231
v  0.0849 0.2031 -0.0313
v  0.0947 0.1778 -0.0500
v  0.0823 0.2041 -0.0452
v  0.0802 0.2045 -0.0538
v  0.0890 0.1790 -0.0734
v  0.0767 0.2052 -0.0687
v  0.0740 0.2053 -0.0777
v  0.0816 0.1794 -0.0980
v  0.0693 0.2054 -0.0934
v  0.0659 0.2052 -0.1025
v  0.0722 0.1789 -0.1231
v  0.0599 0.2047 -0.1187
v  0.0558 0.2040 -0.1277
v  0.0606 0.1772 -0.1485
v  0.0484 0.2027 -0.1442
v  0.0439 0.2017 -0.1530
v  0.0475 0.1746 -0.1735
v  0.0354 0.1999 -0.1694
v  0.0307 0.1987 -0.1777
v  0.0336 0.1714 -0.1977
v  0.0215 0.1964 -0.1937
v  0.0168 0.1951 -0.2013
v  0.0195 0.1679 -0.2205
v  0.0075 0.1925 -0.2166
v  0.0031 0.1912 -0.2235
v  0.0059 0.1643 -0.2415
v  -0.0060 0.1886 -0.2377
v  -0.0101 0.1874 -0.2438
v  -0.0068 0.1609 -0.2603
v  -0.0186 0.1849 -0.2566
v  -0.0221 0.1838 -0.2618
v  -0.0181 0.1577 -0.2765
v  -0.0298 0.1814 -0.2730
v  -0.0328 0.1805 -0.2772
v  -0.0276 0.1549 -0.2900
v  -0.0393 0.1785 -0.2865
v  -0.0416 0.1777 -0.2897
v  -0.0351 0.1527 -0.3003
v  -0.0467 0.1761 -0.2969
v  -0.0485 0.1755 -0.2993
v  -0.0411 0.1509 -0.3082
v  -0.0526 0.1742 -0.3048
v  -0.0542 0.1736 -0.3066
v  -0.0461 0.1493 -0.3141
v  -0.0577 0.1724 -0.3108
v  -0.0591 0.1718 -0.3122
v  -0.0510 0.1475 -0.3188
v  -0.0625 0.1705 -0.3155
v  -0.0641 0.1698 -0.3167
v  -0.0564 0.1452 -0.3228
v  -0.0679 0.1681 -0.3195
v  -0.0703 0.1670 -0.3206
v  -0.0645 0.1415 -0.3267
v  -0.0759 0.1642 -0.3234
v  -0.0797 0.1623 -0.3246
v  -0.0773 0.1352 -0.3308
v  -0.0886 0.1577 -0.3275
v  -0.0944 0.1547 -0.3288
v  -0.0970 0.1251 -0.3357
v  -0.1083 0.1474 -0.3323
v  -0.1163 0.1431 -0.3338
v  -0.1246 0.1107 -0.3414
v  -0.1358 0.1327 -0.3380
v  -0.1450 0.1277 -0.3395
v  -0.1554 0.0940 -0.3473
v  -0.1669 0.1160 -0.3436
v  -0.1754 0.1114 -0.3449
v  -0.1830 0.0787 -0.3522
v  -0.1950 0.1008 -0.3482
v  -0.2021 0.0969 -0.3491
v  -0.2059 0.0658 -0.3556
v  -0.2183 0.0881 -0.3515
v  -0.2240 0.0849 -0.3520
v  -0.2243 0.0554 -0.3577
v  -0.2369 0.0778 -0.3535
v  -0.2412 0.0754 -0.3536
v  -0.2384 0.0473 -0.3584
v  -0.2510 0.0698 -0.3540
v  -0.2542 0.0680 -0.3538
v  -0.2491 0.0411 -0.3576
v  -0.2616 0.0637 -0.3533
v  -0.2641 0.0621 -0.3526
v  -0.2576 0.0359 -0.3553
v  -0.2700 0.0585 -0.3510
v  -0.2755 0.0548 -0.3482
v  -0.2655 0.0309 -0.3513
v  -0.2778 0.0533 -0.3470
v  -0.2839 0.0490 -0.3425
v  -0.2744 0.0251 -0.3448
v  -0.2864 0.0472 -0.3406
v  -0.2941 0.0416 -0.3339
v  -0.2855 0.0177 -0.3353
v  -0.2972 0.0394 -0.3313
v  -0.3073 0.0319 -0.3219
v  -0.2998 0.0084 -0.3222
v  -0.3111 0.0291 -0.3184
v  -0.3241 0.0195 -0.3060
v  -0.3180 -0.0033 -0.3053
v  -0.3286 0.0161 -0.3018
v  -0.3445 0.0042 -0.2861
v  -0.3394 -0.0173 -0.2847
v  -0.3493 0.0006 -0.2815
v  -0.3655 -0.0118 -0.2637
v  -0.3605 -0.0322 -0.2619
v  -0.3699 -0.0152 -0.2590
v  -0.3837 -0.0260 -0.2427
v  -0.3779 -0.0452 -0.2415
v  -0.3872 -0.0287 -0.2387
v  -0.3965 -0.0363 -0.2264
v  -0.3897 -0.0543 -0.2262
v  -0.3988 -0.0381 -0.2234
v  -0.4042 -0.0428 -0.2145
v  -0.3964 -0.0599 -0.2152
v  -0.4054 -0.0439 -0.2125
v  -0.4060 -0.0445 -0.2109
v  -0.3996 -0.0631 -0.2070
v  -0.4086 -0.0472 -0.2043
v  -0.4088 -0.0475 -0.2030
v  -0.4006 -0.0649 -0.2002
v  -0.4096 -0.0490 -0.1975
v  -0.4097 -0.0493 -0.1962
v  -0.4008 -0.0663 -0.1932
v  -0.4098 -0.0503 -0.1905
v  -0.4097 -0.0506 -0.1889
v  -0.4002 -0.0676 -0.1843
v  -0.4093 -0.0517 -0.1816
v  -0.4091 -0.0520 -0.1793
v  -0.3991 -0.0693 -0.1718
v  -0.4082 -0.0533 -0.1690
v  -0.4079 -0.0538 -0.1656
v  -0.3975 -0.0717 -0.1537
v  -0.4066 -0.0557 -0.1509
v  -0.4062 -0.0563 -0.1462
v  -0.3954 -0.0751 -0.1289
v  -0.4045 -0.0590 -0.1261
v  -0.4041 -0.0598 -0.1203
v  -0.3929 -0.0793 -0.0986
v  -0.4021 -0.0631 -0.0957
v  -0.4015 -0.0640 -0.0891
v  -0.3899 -0.0839 -0.0644
v  -0.3991 -0.0677 -0.0613
v  -0.3985 -0.0686 -0.0543
v  -0.3865 -0.0888 -0.0279
v  -0.3958 -0.0724 -0.0248
v  -0.3950 -0.0732 -0.0175
v  -0.3825 -0.0935 0.0091
v  -0.3919 -0.0769 0.0124
v  -0.3908 -0.0776 0.0196
v  -0.3766 -0.0979 0.0455
v  -0.3865 -0.0804 0.0489
v  -0.3851 -0.0809 0.0561
v  -0.3678 -0.1018 0.0792
v  -0.3790 -0.0824 0.0832
v  -0.3769 -0.0824 0.0902
v  -0.3566 -0.1041 0.1087
v  -0.3694 -0.0823 0.1132
v  -0.3664 -0.0818 0.1199
v  -0.3432 -0.1044 0.1332
v  -0.3576 -0.0801 0.1384
v  -0.3534 -0.0789 0.1449
v  -0.3272 -0.1027 0.1545
v  -0.3432 -0.0759 0.1603
v  -0.3376 -0.0739 0.1671
v  -0.3074 -0.0991 0.1748
v  -0.3256 -0.0696 0.1811
v  -0.3189 -0.0670 0.1881
v  -0.2863 -0.0945 0.1937
v  -0.3068 -0.0624 0.2002
v  -0.3001 -0.0597 0.2070
v  -0.2673 -0.0900 0.2097
v  -0.2900 -0.0557 0.2166
v  -0.2835 -0.0531 0.2224
v  -0.2514 -0.0858 0.2222
v  -0.2756 -0.0498 0.2294
v  -0.2694 -0.0471 0.2341
v  -0.2380 -0.0817 0.2315
v  -0.2629 -0.0443 0.2391
v  -0.2566 -0.0414 0.2428
v  -0.2256 -0.0773 0.2383
v  -0.2508 -0.0387 0.2463
v  -0.2440 -0.0353 0.2490
v  -0.2132 -0.0723 0.2428
v  -0.2383 -0.0325 0.2512
v  -0.2307 -0.0285 0.2530
v  -0.2002 -0.0662 0.2454
v  -0.2247 -0.0253 0.2543
v  -0.2180 -0.0215 0.2547
v  -0.1860 -0.0583 0.2463
v  -0.2094 -0.0167 0.2555
v  -0.2012 -0.0120 0.2554
v  -0.1701 -0.0472 0.2464
v  -0.1915 -0.0065 0.2554
v  -0.1810 -0.0005 0.2552
v  -0.1523 -0.0322 0.2468
v  -0.1712 0.0051 0.2552
v  -0.1585 0.0123 0.2555
v  -0.1332 -0.0149 0.2484
v  -0.1502 0.0170 0.2558
v  -0.1365 0.0246 0.2567
v  -0.1140 0.0011 0.2508
v  -0.1299 0.0283 0.2572
v  -0.1160 0.0361 0.2579
v  -0.0948 0.0153 0.2524
v  -0.1096 0.0397 0.2582
v  -0.0962 0.0474 0.2580
v  -0.0770 0.0285 0.2527
v  -0.0901 0.0509 0.2577
v  -0.0786 0.0577 0.2567
v  -0.0622 0.0399 0.2517
v  -0.0735 0.0607 0.2561
v  -0.0642 0.0663 0.2543
v  -0.0505 0.0490 0.2496
v  -0.0605 0.0686 0.2535
v  -0.0529 0.0734 0.2511
v  -0.0410 0.0564 0.2466
v  -0.0502 0.0751 0.2503
v  -0.0436 0.0793 0.2475
v  -0.0328 0.0627 0.2431
v  -0.0414 0.0807 0.2465
v  -0.0354 0.0848 0.2430
v  -0.0253 0.0685 0.2387
v  -0.0336 0.0860 0.2420
v  -0.0279 0.0901 0.2373
v  -0.0182 0.0742 0.2328
v  -0.0263 0.0912 0.2361
v  -0.0206 0.0957 0.2295
v  -0.0112 0.0806 0.2245
v  -0.0191 0.0969 0.2278
v  -0.0128 0.1022 0.2182
v  -0.0038 0.0883 0.2127
v  -0.0112 0.1035 0.2160
v  -0.0037 0.1101 0.2031
v  0.0053 0.0971 0.1967
v  -0.0019 0.1117 0.2001
v  0.0004 0.1137 0.1962
v  0.0176 0.1064 0.1759
v  0.0097 0.1220 0.1799
v  0.0134 0.1252 0.1737
v  0.0357 0.1172 0.1481
v  0.0260 0.1362 0.1529
v  0.0319 0.1411 0.1440
v  0.0580 0.1304 0.1171
v  0.0465 0.1534 0.1225
v  0.0527 0.1586 0.1133
v  0.0767 0.1432 0.0910
v  0.0645 0.1684 0.0962
v  0.0690 0.1724 0.0884
v  0.0893 0.1533 0.0694
v  0.0769 0.1794 0.0746
v  0.1145 0.0737 0.0768
v  0.1264 0.0840 0.0559
v  0.1340 0.0920 0.0358
v  0.1669 0.0167 0.0433
v  0.1742 0.0248 0.0234
v  0.1781 0.0307 0.0044
v  0.1380 0.0978 0.0167
v  0.1793 0.0347 -0.0140
v  0.1392 0.1018 -0.0018
v  0.1784 0.0374 -0.0328
v  0.1382 0.1046 -0.0207
v  0.1758 0.0392 -0.0526
v  0.1355 0.1066 -0.0407
v  0.1719 0.0404 -0.0743
v  0.1315 0.1081 -0.0624
v  0.1667 0.0411 -0.0975
v  0.1260 0.1090 -0.0857
v  0.1598 0.0408 -0.1218
v  0.1189 0.1091 -0.1101
v  0.1510 0.0394 -0.1467
v  0.1098 0.1082 -0.1351
v  0.1402 0.0368 -0.1718
v  0.0986 0.1060 -0.1603
v  0.1280 0.0332 -0.1966
v  0.0860 0.1030 -0.1852
v  0.1150 0.0289 -0.2206
v  0.0725 0.0992 -0.2092
v  0.1018 0.0243 -0.2433
v  0.0588 0.0952 -0.2319
v  0.0891 0.0196 -0.2642
v  0.0457 0.0911 -0.2528
v  0.0773 0.0152 -0.2829
v  0.0334 0.0871 -0.2715
v  0.0667 0.0111 -0.2990
v  0.0225 0.0835 -0.2877
v  0.0578 0.0077 -0.3124
v  0.0133 0.0804 -0.3011
v  0.0508 0.0049 -0.3227
v  0.0061 0.0780 -0.3114
v  0.0453 0.0026 -0.3305
v  0.0003 0.0759 -0.3192
v  0.0405 0.0006 -0.3364
v  -0.0046 0.0741 -0.3252
v  0.0360 -0.0016 -0.3411
v  -0.0093 0.0721 -0.3298
v  0.0309 -0.0042 -0.3452
v  -0.0146 0.0697 -0.3338
v  0.0233 -0.0084 -0.3491
v  -0.0224 0.0657 -0.3377
v  0.0113 -0.0156 -0.3533
v  -0.0348 0.0591 -0.3419
v  -0.0073 -0.0268 -0.3584
v  -0.0540 0.0485 -0.3469
v  -0.0330 -0.0426 -0.3646
v  -0.0808 0.0336 -0.3529
v  -0.0603 -0.0600 -0.3710
v  -0.1100 0.0168 -0.3590
v  -0.0849 -0.0759 -0.3763
v  -0.1359 0.0016 -0.3642
v  -0.1065 -0.0898 -0.3803
v  -0.1581 -0.0116 -0.3679
v  -0.1244 -0.1014 -0.3829
v  -0.1764 -0.0225 -0.3702
v  -0.1386 -0.1106 -0.3839
v  -0.1906 -0.0311 -0.3711
v  -0.1494 -0.1178 -0.3834
v  -0.2015 -0.0378 -0.3705
v  -0.1581 -0.1238 -0.3813
v  -0.2101 -0.0434 -0.3683
v  -0.1660 -0.1295 -0.3774
v  -0.2181 -0.0488 -0.3643
v  -0.1746 -0.1361 -0.3711
v  -0.2268 -0.0550 -0.3580
v  -0.1851 -0.1442 -0.3619
v  -0.2376 -0.0628 -0.3486
v  -0.1985 -0.1547 -0.3492
v  -0.2514 -0.0728 -0.3357
v  -0.2155 -0.1680 -0.3325
v  -0.2688 -0.0854 -0.3190
v  -0.2354 -0.1841 -0.3116
v  -0.2894 -0.1006 -0.2981
v  -0.2550 -0.2007 -0.2892
v  -0.3096 -0.1165 -0.2755
v  -0.2713 -0.2148 -0.2693
v  -0.3264 -0.1302 -0.2553
v  -0.2823 -0.2246 -0.2543
v  -0.3378 -0.1397 -0.2402
v  -0.2887 -0.2307 -0.2435
v  -0.3443 -0.1455 -0.2293
v  -0.2917 -0.2340 -0.2355
v  -0.3474 -0.1488 -0.2213
v  -0.2927 -0.2359 -0.2288
v  -0.3484 -0.1506 -0.2145
v  -0.2928 -0.2372 -0.2220
v  -0.3485 -0.1519 -0.2076
v  -0.2923 -0.2384 -0.2132
v  -0.3480 -0.1532 -0.1988
v  -0.2914 -0.2399 -0.2008
v  -0.3470 -0.1548 -0.1863
v  -0.2899 -0.2421 -0.1830
v  -0.3454 -0.1571 -0.1684
v  -0.2880 -0.2451 -0.1586
v  -0.3435 -0.1603 -0.1439
v  -0.2857 -0.2489 -0.1286
v  -0.3411 -0.1643 -0.1138
v  -0.2831 -0.2531 -0.0949
v  -0.3382 -0.1687 -0.0798
v  -0.2800 -0.2574 -0.0588
v  -0.3350 -0.1732 -0.0437
v  -0.2760 -0.2618 -0.0209
v  -0.3310 -0.1778 -0.0065
v  -0.2696 -0.2668 0.0194
v  -0.3246 -0.1828 0.0312
v  -0.2609 -0.2711 0.0540
v  -0.3153 -0.1877 0.0654
v  -0.2518 -0.2732 0.0795
v  -0.3044 -0.1905 0.0931
v  -0.2417 -0.2728 0.0988
v  -0.2923 -0.1905 0.1151
v  -0.2300 -0.2704 0.1153
v  -0.2785 -0.1880 0.1341
v  -0.2158 -0.2660 0.1316
v  -0.2615 -0.1833 0.1527
v  -0.1980 -0.2594 0.1494
v  -0.2414 -0.1765 0.1718
v  -0.1773 -0.2509 0.1683
v  -0.2212 -0.1692 0.1898
v  -0.1575 -0.2423 0.1850
v  -0.2037 -0.1625 0.2043
v  -0.1412 -0.2346 0.1971
v  -0.1893 -0.1567 0.2147
v  -0.1272 -0.2273 0.2054
v  -0.1766 -0.1510 0.2221
v  -0.1142 -0.2197 0.2106
v  -0.1642 -0.1452 0.2269
v  -0.1015 -0.2118 0.2133
v  -0.1516 -0.1389 0.2293
v  -0.0888 -0.2036 0.2141
v  -0.1383 -0.1316 0.2299
v  -0.0752 -0.1943 0.2143
v  -0.1238 -0.1226 0.2296
v  -0.0600 -0.1829 0.2150
v  -0.1075 -0.1103 0.2298
v  -0.0414 -0.1678 0.2167
v  -0.0885 -0.0940 0.2313
v  -0.0189 -0.1487 0.2195
v  -0.0673 -0.0755 0.2340
v  0.0020 -0.1305 0.2222
v  -0.0468 -0.0587 0.2361
v  0.0167 -0.1175 0.2236
v  -0.0304 -0.0456 0.2370
v  0.0272 -0.1082 0.2234
v  -0.0180 -0.0355 0.2365
v  0.0353 -0.1009 0.2218
v  -0.0083 -0.0276 0.2349
v  0.0420 -0.0948 0.2195
v  -0.0003 -0.0211 0.2324
v  0.0481 -0.0892 0.2166
v  0.0068 -0.0152 0.2293
v  0.0540 -0.0837 0.2127
v  0.0136 -0.0096 0.2251
v  0.0600 -0.0776 0.2070
v  0.0202 -0.0036 0.2193
v  0.0664 -0.0701 0.1984
v  0.0268 0.0035 0.2107
v  0.0744 -0.0603 0.1850
v  0.0343 0.0124 0.1981
v  0.0854 -0.0487 0.1658
v  0.0440 0.0230 0.1806
v  0.1006 -0.0363 0.1407
v  0.0573 0.0340 0.1580
v  0.1207 -0.0220 0.1114
v  0.0762 0.0466 0.1294
v  0.1405 -0.0070 0.0851
v  0.0976 0.0609 0.1004
v  0.1557 0.0060 0.0636
v  0.1871 -0.0732 0.0721
v  0.2011 -0.0598 0.0518
v  0.2117 -0.0488 0.0318
v  0.2453 -0.0985 0.0296
v  0.2481 -0.0956 0.0243
v  0.2376 -0.1065 0.0445
v  0.2532 -0.0894 0.0096
v  0.2550 -0.0872 0.0044
v  0.2187 -0.0404 0.0120
v  0.2578 -0.0828 -0.0097
v  0.2588 -0.0813 -0.0146
v  0.2224 -0.0345 -0.0069
v  0.2600 -0.0773 -0.0331
v  0.2236 -0.0305 -0.0253
v  0.2594 -0.0754 -0.0470
v  0.2591 -0.0747 -0.0518
v  0.2228 -0.0279 -0.0441
v  0.2573 -0.0735 -0.0666
v  0.2567 -0.0731 -0.0718
v  0.2203 -0.0263 -0.0639
v  0.2539 -0.0723 -0.0878
v  0.2529 -0.0720 -0.0935
v  0.2166 -0.0252 -0.0856
v  0.2492 -0.0717 -0.1106
v  0.2479 -0.0717 -0.1168
v  0.2116 -0.0249 -0.1088
v  0.2430 -0.0721 -0.1346
v  0.2412 -0.0723 -0.1412
v  0.2049 -0.0255 -0.1331
v  0.2350 -0.0736 -0.1593
v  0.2327 -0.0741 -0.1662
v  0.1964 -0.0273 -0.1581
v  0.2252 -0.0763 -0.1843
v  0.2223 -0.0772 -0.1915
v  0.1861 -0.0304 -0.1833
v  0.2138 -0.0802 -0.2092
v  0.2104 -0.0814 -0.2164
v  0.1743 -0.0346 -0.2081
v  0.2015 -0.0849 -0.2334
v  0.1978 -0.0863 -0.2405
v  0.1617 -0.0395 -0.2322
v  0.1889 -0.0900 -0.2565
v  0.1850 -0.0916 -0.2633
v  0.1490 -0.0447 -0.2549
v  0.1765 -0.0952 -0.2779
v  0.1727 -0.0968 -0.2843
v  0.1367 -0.0500 -0.2759
v  0.1648 -0.1002 -0.2972
v  0.1612 -0.1018 -0.3031
v  0.1253 -0.0549 -0.2946
v  0.1542 -0.1049 -0.3142
v  0.1510 -0.1063 -0.3194
v  0.1151 -0.0595 -0.3109
v  0.1451 -0.1090 -0.3285
v  0.1424 -0.1102 -0.3328
v  0.1065 -0.0634 -0.3243
v  0.1378 -0.1123 -0.3398
v  0.1356 -0.1133 -0.3432
v  0.0997 -0.0664 -0.3346
v  0.1319 -0.1150 -0.3485
v  0.1302 -0.1158 -0.3511
v  0.0943 -0.0690 -0.3425
v  0.1271 -0.1173 -0.3551
v  0.1256 -0.1181 -0.3570
v  0.0897 -0.0712 -0.3484
v  0.1226 -0.1197 -0.3602
v  0.1212 -0.1204 -0.3617
v  0.0854 -0.0735 -0.3531
v  0.1179 -0.1223 -0.3645
v  0.1162 -0.1233 -0.3658
v  0.0804 -0.0764 -0.3572
v  0.1113 -0.1263 -0.3685
v  0.1089 -0.1279 -0.3698
v  0.0731 -0.0810 -0.3611
v  0.1011 -0.1329 -0.3726
v  0.0971 -0.1355 -0.3741
v  0.0614 -0.0886 -0.3655
v  0.0854 -0.1433 -0.3775
v  0.0791 -0.1475 -0.3794
v  0.0434 -0.1006 -0.3707
v  0.0632 -0.1582 -0.3834
v  0.0543 -0.1642 -0.3857
v  0.0187 -0.1174 -0.3771
v  -0.0068 -0.1355 -0.3837
v  0.0448 -0.1706 -0.3881
v  0.0286 -0.1815 -0.3921
v  0.0142 -0.1912 -0.3953
v  0.0049 -0.1975 -0.3974
v  -0.0304 -0.1521 -0.3892
v  -0.0075 -0.2059 -0.3997
v  -0.0159 -0.2117 -0.4014
v  -0.0512 -0.1668 -0.3933
v  -0.0687 -0.1790 -0.3960
v  -0.0260 -0.2187 -0.4028
v  -0.0332 -0.2236 -0.4039
v  -0.0413 -0.2294 -0.4044
v  -0.0471 -0.2334 -0.4049
v  -0.0826 -0.1889 -0.3970
v  -0.0536 -0.2381 -0.4046
v  -0.0581 -0.2413 -0.4044
v  -0.0934 -0.1966 -0.3966
v  -0.0634 -0.2454 -0.4031
v  -0.0670 -0.2481 -0.4023
v  -0.1021 -0.2032 -0.3946
v  -0.0719 -0.2520 -0.4000
v  -0.0752 -0.2546 -0.3984
v  -0.1100 -0.2094 -0.3907
v  -0.0804 -0.2589 -0.3948
v  -0.0840 -0.2620 -0.3922
v  -0.1185 -0.2164 -0.3845
v  -0.1289 -0.2251 -0.3755
v  -0.0901 -0.2672 -0.3871
v  -0.0944 -0.2710 -0.3833
v  -0.1020 -0.2775 -0.3763
v  -0.1075 -0.2824 -0.3711
v  -0.1420 -0.2361 -0.3630
v  -0.1168 -0.2906 -0.3619
v  -0.1237 -0.2968 -0.3548
v  -0.1585 -0.2500 -0.3465
v  -0.1347 -0.3067 -0.3429
v  -0.1429 -0.3141 -0.3340
v  -0.1779 -0.2669 -0.3256
v  -0.1538 -0.3240 -0.3213
v  -0.1619 -0.3315 -0.3117
v  -0.1969 -0.2842 -0.3033
v  -0.1710 -0.3399 -0.3005
v  -0.1779 -0.3463 -0.2919
v  -0.2128 -0.2990 -0.2835
v  -0.1839 -0.3520 -0.2834
v  -0.1886 -0.3565 -0.2769
v  -0.2235 -0.3092 -0.2686
v  -0.1921 -0.3600 -0.2709
v  -0.1948 -0.3628 -0.2662
v  -0.2297 -0.3155 -0.2579
v  -0.1965 -0.3647 -0.2617
v  -0.1977 -0.3662 -0.2582
v  -0.2326 -0.3189 -0.2500
v  -0.1983 -0.3673 -0.2545
v  -0.1987 -0.3681 -0.2515
v  -0.2336 -0.3208 -0.2433
v  -0.1988 -0.3688 -0.2477
v  -0.1989 -0.3693 -0.2447
v  -0.2338 -0.3220 -0.2364
v  -0.1986 -0.3700 -0.2397
v  -0.1984 -0.3705 -0.2359
v  -0.2333 -0.3232 -0.2277
v  -0.1979 -0.3714 -0.2289
v  -0.1975 -0.3720 -0.2235
v  -0.2324 -0.3247 -0.2153
v  -0.1967 -0.3731 -0.2134
v  -0.1961 -0.3740 -0.2056
v  -0.2310 -0.3267 -0.1975
v  -0.1951 -0.3757 -0.1918
v  -0.1943 -0.3770 -0.1811
v  -0.2292 -0.3296 -0.1731
v  -0.1931 -0.3790 -0.1642
v  -0.1922 -0.3805 -0.1512
v  -0.2271 -0.3332 -0.1432
v  -0.1908 -0.3828 -0.1320
v  -0.1897 -0.3845 -0.1173
v  -0.2246 -0.3372 -0.1094
v  -0.1867 -0.3886 -0.0812
v  -0.2216 -0.3412 -0.0733
v  -0.2177 -0.3454 -0.0347
v  -0.1851 -0.3903 -0.0644
v  -0.1829 -0.3925 -0.0421
v  -0.2109 -0.3505 0.0083
v  -0.1804 -0.3940 -0.0230
v  -0.1768 -0.3957 0.0021
v  -0.2019 -0.3547 0.0438
v  -0.1737 -0.3963 0.0190
v  -0.1695 -0.3967 0.0388
v  -0.1935 -0.3565 0.0680
v  -0.1661 -0.3965 0.0511
v  -0.1625 -0.3960 0.0633
v  -0.1846 -0.3560 0.0853
v  -0.1586 -0.3947 0.0725
v  -0.1551 -0.3936 0.0804
v  -0.1743 -0.3538 0.0998
v  -0.1502 -0.3914 0.0885
v  -0.1463 -0.3897 0.0947
v  -0.1617 -0.3497 0.1141
v  -0.1399 -0.3865 0.1029
v  -0.1352 -0.3841 0.1087
v  -0.1460 -0.3432 0.1301
v  -0.1262 -0.3343 0.1487
v  -0.1092 -0.3702 0.1358
v  -0.1020 -0.3663 0.1430
v  -0.1206 -0.3764 0.1245
v  -0.1051 -0.3243 0.1671
v  -0.0895 -0.3593 0.1545
v  -0.0820 -0.3551 0.1616
v  -0.0872 -0.3153 0.1810
v  -0.0711 -0.3488 0.1704
v  -0.0645 -0.3451 0.1760
v  -0.0726 -0.3069 0.1899
v  -0.0554 -0.3396 0.1817
v  -0.0501 -0.3363 0.1851
v  -0.0452 -0.3332 0.1868
v  -0.0370 -0.3278 0.1901
v  -0.0597 -0.2980 0.1951
v  -0.0474 -0.2885 0.1979
v  -0.0320 -0.3244 0.1910
v  -0.0241 -0.3190 0.1926
v  -0.0186 -0.3151 0.1930
v  -0.0107 -0.3096 0.1936
v  -0.0351 -0.2783 0.1992
v  -0.0042 -0.3050 0.1939
v  0.0040 -0.2992 0.1943
v  -0.0220 -0.2670 0.2000
v  0.0125 -0.2933 0.1951
v  0.0216 -0.2869 0.1957
v  -0.0068 -0.2537 0.2015
v  0.0332 -0.2789 0.1974
v  0.0439 -0.2714 0.1986
v  0.0126 -0.2371 0.2042
v  0.0567 -0.2627 0.2010
v  0.0679 -0.2549 0.2025
v  0.0349 -0.2181 0.2078
v  0.0785 -0.2476 0.2044
v  0.0873 -0.2416 0.2056
v  0.0538 -0.2013 0.2109
v  0.0947 -0.2364 0.2062
v  0.1002 -0.2326 0.2067
v  0.0665 -0.1895 0.2125
v  0.1055 -0.2286 0.2062
v  0.1091 -0.2261 0.2060
v  0.0753 -0.1810 0.2122
v  0.1134 -0.2228 0.2049
v  0.1160 -0.2208 0.2044
v  0.0822 -0.1743 0.2107
v  0.1198 -0.2179 0.2029
v  0.1218 -0.2163 0.2022
v  0.0879 -0.1686 0.2086
v  0.1255 -0.2133 0.2004
v  0.1274 -0.2118 0.1995
v  0.0933 -0.1632 0.2058
v  0.1313 -0.2086 0.1969
v  0.1331 -0.2071 0.1957
v  0.0986 -0.1575 0.2020
v  0.1376 -0.2032 0.1917
v  0.1394 -0.2016 0.1901
v  0.1042 -0.1510 0.1964
v  0.1452 -0.1963 0.1833
v  0.1473 -0.1944 0.1808
v  0.1107 -0.1428 0.1875
v  0.1554 -0.1865 0.1688
v  0.1579 -0.1842 0.1651
v  0.1195 -0.1318 0.1730
v  0.1322 -0.1189 0.1512
v  0.1610 -0.1810 0.1598
v  0.1719 -0.1701 0.1415
v  0.1494 -0.1046 0.1236
v  0.1759 -0.1661 0.1346
v  0.1891 -0.1530 0.1130
v  0.1695 -0.0885 0.0952
v  0.1941 -0.1481 0.1054
v  0.2075 -0.1352 0.0862
v  0.2123 -0.1307 0.0798
v  0.2239 -0.1198 0.0645
v  -0.1265 -0.3796 0.1182
v  0.2277 -0.1161 0.0589
v  0.0799 0.1825 0.0671
# 702 vertices

vn 0.2916 0.8959 0.3352
vn 0.2991 0.8683 0.3956
vn 0.8546 0.3536 0.3804
vn 0.8883 0.3995 0.2265
vn 0.3239 0.9038 0.2797
vn 0.3067 0.9255 0.2220
vn 0.8982 0.4316 0.0837
vn 0.3278 0.9289 0.1725
vn 0.3065 0.9437 0.1246
vn 0.8925 0.4501 -0.0291
vn 0.3177 0.9440 0.0887
vn 0.2991 0.9526 0.0561
vn 0.8824 0.4590 -0.1034
vn 0.3044 0.9519 0.0342
vn 0.2918 0.9564 0.0151
vn 0.8716 0.4638 -0.1588
vn 0.2960 0.9552 -0.0068
vn 0.2824 0.9590 -0.0252
vn 0.8569 0.4672 -0.2176
vn 0.2861 0.9569 -0.0506
vn 0.2692 0.9604 -0.0710
vn 0.8363 0.4689 -0.2842
vn 0.2717 0.9572 -0.1001
vn 0.2510 0.9602 -0.1224
vn 0.8090 0.4678 -0.3558
vn 0.2517 0.9556 -0.1532
vn 0.2280 0.9577 -0.1755
vn 0.7796 0.4642 -0.4203
vn 0.2273 0.9531 -0.1998
vn 0.8646 -0.2829 -0.4153
vn 0.7542 0.4598 -0.4688
vn 0.2059 0.9501 -0.2344
vn 0.8496 -0.2850 -0.4437
vn 0.7340 0.4555 -0.5038
vn 0.1890 0.9472 -0.2592
vn 0.8379 -0.2872 -0.4641
vn 0.7185 0.4520 -0.5286
vn 0.1761 0.9447 -0.2766
vn 0.8293 -0.2887 -0.4785
vn 0.7066 0.4491 -0.5469
vn 0.1665 0.9426 -0.2895
vn 0.8219 -0.2915 -0.4894
vn 0.6967 0.4466 -0.5614
vn 0.1586 0.9408 -0.2997
vn 0.8164 -0.2905 -0.4992
vn 0.6890 0.4446 -0.5725
vn 0.1523 0.9393 -0.3074
vn 0.8120 -0.2915 -0.5057
vn 0.6830 0.4429 -0.5808
vn 0.1475 0.9381 -0.3133
vn 0.8074 -0.2985 -0.5089
vn 0.6723 0.4397 -0.5955
vn 0.1420 0.9349 -0.3254
vn 0.7972 -0.2974 -0.5254
vn 0.6453 0.4309 -0.6308
vn 0.1263 0.9267 -0.3539
vn 0.7708 -0.3065 -0.5585
vn 0.5924 0.4123 -0.6922
vn 0.0917 0.9110 -0.4021
vn 0.7239 -0.3235 -0.6093
vn 0.5064 0.3793 -0.7744
vn 0.0317 0.8843 -0.4659
vn -0.0246 0.8761 -0.4816
vn 0.3779 0.3253 -0.8668
vn -0.0600 0.8410 -0.5377
vn -0.1376 0.8268 -0.5455
vn 0.2450 0.2653 -0.9325
vn -0.1651 0.7986 -0.5787
vn -0.2202 0.7887 -0.5740
vn 0.1597 0.2255 -0.9611
vn -0.2342 0.7716 -0.5914
vn -0.2662 0.7685 -0.5818
vn 0.1148 0.2057 -0.9719
vn -0.2708 0.7574 -0.5941
vn 0.3992 -0.4544 -0.7963
vn 0.0900 0.1980 -0.9761
vn -0.2909 0.7504 -0.5935
vn 0.3828 -0.4552 -0.8039
vn 0.0713 0.1962 -0.9780
vn -0.3044 0.7467 -0.5914
vn 0.3709 -0.4579 -0.8080
vn 0.0514 0.1933 -0.9798
vn -0.3168 0.7433 -0.5892
vn 0.3601 -0.4640 -0.8094
vn 0.0255 0.1842 -0.9826
vn -0.3327 0.7363 -0.5892
vn 0.3432 -0.4748 -0.8104
vn -0.0148 0.1642 -0.9863
vn -0.3593 0.7206 -0.5930
vn 0.3092 -0.4939 -0.8127
vn -0.0847 0.1255 -0.9885
vn -0.4070 0.6897 -0.5989
vn 0.2457 -0.5297 -0.8118
vn -0.1987 0.0591 -0.9783
vn -0.4858 0.6384 -0.5970
vn 0.1484 -0.5873 -0.7956
vn -0.3427 -0.0296 -0.9390
vn -0.5865 0.5754 -0.5700
vn -0.6415 0.5581 -0.5263
vn -0.4683 -0.1120 -0.8764
vn -0.6780 0.5207 -0.5188
vn -0.0272 -0.7026 -0.7111
vn -0.5443 -0.1644 -0.8226
vn -0.7304 0.4905 -0.4752
vn -0.7466 0.4882 -0.4519
vn -0.5786 -0.1895 -0.7933
vn -0.7536 0.4776 -0.4516
vn -0.7601 0.4778 -0.4403
vn -0.5906 -0.1994 -0.7819
vn -0.7622 0.4728 -0.4423
vn -0.7646 0.4736 -0.4372
vn -0.5979 -0.2072 -0.7744
vn -0.7684 0.4665 -0.4380
vn -0.7714 0.4679 -0.4312
vn -0.6160 -0.2255 -0.7548
vn -0.7824 0.4506 -0.4299
vn -0.7922 0.4509 -0.4113
vn -0.6383 -0.2470 -0.7291
vn -0.7994 0.4371 -0.4121
vn -0.8064 0.4379 -0.3974
vn -0.6611 -0.2682 -0.7007
vn -0.8177 0.4199 -0.3938
vn -0.8275 0.4198 -0.3728
vn -0.7005 -0.3019 -0.6466
vn -0.8481 0.3902 -0.3583
vn -0.1711 -0.8240 -0.5402
vn -0.7633 -0.3574 -0.5382
vn -0.8955 0.3415 -0.2855
vn -0.9146 0.3408 -0.2178
vn -0.8296 -0.4263 -0.3606
vn -0.9458 0.2843 -0.1568
vn -0.9538 0.2928 -0.0679
vn -0.8611 -0.4748 -0.1818
vn -0.9655 0.2596 -0.0227
vn -0.9622 0.2703 0.0341
vn -0.8653 -0.4966 -0.0673
vn -0.9656 0.2525 0.0617
vn -0.9609 0.2606 0.0938
vn -0.8630 -0.5051 -0.0089
vn -0.9615 0.2541 0.1045
vn -0.9592 0.2575 0.1165
vn -0.8617 -0.5073 0.0083
vn -0.9592 0.2571 0.1172
vn -0.9591 0.2573 0.1180
vn -0.8619 -0.5071 0.0061
vn -0.9590 0.2586 0.1159
vn -0.9595 0.2579 0.1135
vn -0.8622 -0.5066 0.0025
vn -0.9595 0.2581 0.1132
vn -0.9595 0.2580 0.1129
vn -0.8620 -0.5069 0.0040
vn -0.9596 0.2572 0.1142
vn -0.9593 0.2576 0.1156
vn -0.8615 -0.5076 0.0097
vn -0.9594 0.2561 0.1182
vn -0.9589 0.2569 0.1209
vn -0.8604 -0.5092 0.0214
vn -0.9590 0.2539 0.1260
vn -0.9581 0.2544 0.1315
vn -0.8567 -0.5132 0.0521
vn -0.9579 0.2476 0.1455
vn -0.9562 0.2451 0.1600
vn -0.8459 -0.5205 0.1159
vn -0.9531 0.2375 0.1878
vn -0.9490 0.2319 0.2137
vn -0.8231 -0.5274 0.2106
vn -0.9400 0.2265 0.2552
vn -0.9301 0.2256 0.2899
vn -0.7800 -0.5291 0.3341
vn -0.9126 0.2164 0.3470
vn -0.8907 0.2293 0.3926
vn -0.7099 -0.5201 0.4749
vn -0.8653 0.2198 0.4505
vn -0.8348 0.2396 0.4957
vn -0.6243 -0.5007 0.5996
vn -0.8069 0.2374 0.5409
vn -0.7774 0.2539 0.5755
vn -0.5533 -0.4818 0.6795
vn -0.7582 0.2602 0.5978
vn -0.7414 0.2645 0.6167
vn -0.5136 -0.4732 0.7158
vn -0.7314 0.2736 0.6246
vn -0.7247 0.2697 0.6341
vn -0.4851 -0.4679 0.7388
vn -0.7113 0.2774 0.6459
vn -0.7012 0.2807 0.6554
vn -0.4423 -0.4532 0.7740
vn -0.6784 0.2844 0.6774
vn -0.6584 0.3033 0.6889
vn -0.3712 -0.4204 0.8279
vn -0.6232 0.3032 0.7209
vn 0.1112 -0.8650 0.4894
vn -0.2664 -0.3653 0.8920
vn -0.5444 0.3386 0.7674
vn 0.1958 -0.8218 0.5350
vn -0.1399 -0.2945 0.9454
vn -0.4537 0.3882 0.8021
vn -0.4092 0.4292 0.8052
vn -0.0158 -0.2241 0.9744
vn -0.3567 0.4413 0.8234
vn 0.3640 -0.7308 0.5775
vn 0.0733 -0.1730 0.9822
vn -0.2989 0.4777 0.8261
vn 0.4088 -0.7075 0.5766
vn 0.1065 -0.1561 0.9820
vn -0.2784 0.4974 0.8217
vn 0.4123 -0.7073 0.5743
vn 0.0925 -0.1660 0.9818
vn -0.2900 0.4957 0.8186
vn 0.3916 -0.7201 0.5728
vn 0.0584 -0.1863 0.9808
vn -0.3140 0.4825 0.8176
vn 0.3678 -0.7347 0.5701
vn 0.0486 -0.1939 0.9798
vn -0.3168 0.4722 0.8226
vn -0.3078 0.4802 0.8214
vn 0.0808 -0.1735 0.9815
vn -0.2871 0.4866 0.8251
vn -0.2679 0.5033 0.8215
vn 0.1308 -0.1367 0.9819
vn -0.2460 0.5148 0.8213
vn -0.2305 0.5286 0.8170
vn 0.1935 -0.0941 0.9766
vn -0.1987 0.5402 0.8178
vn -0.1780 0.5614 0.8081
vn 0.2707 -0.0466 0.9615
vn -0.1421 0.5727 0.8074
vn -0.1219 0.5961 0.7936
vn 0.3461 -0.0019 0.9382
vn -0.0893 0.6053 0.7910
vn -0.0743 0.6275 0.7751
vn 0.4244 0.0437 0.9044
vn -0.0306 0.6370 0.7702
vn 0.6653 -0.5550 0.4994
vn 0.5192 0.0997 0.8488
vn 0.0410 0.6764 0.7354
vn 0.7302 -0.5086 0.4562
vn 0.6223 0.1630 0.7656
vn 0.1177 0.7219 0.6819
vn 0.1264 0.7594 0.6383
vn 0.7084 0.2188 0.6710
vn 0.1778 0.7656 0.6182
vn 0.8424 -0.4276 0.3278
vn 0.7562 0.2513 0.6042
vn 0.2059 0.7975 0.5672
vn 0.2066 0.8140 0.5429
vn 0.7716 0.2623 0.5796
vn 0.2114 0.8122 0.5436
vn 0.2145 0.8148 0.5386
vn 0.7684 0.2590 0.5852
vn 0.2072 0.8147 0.5416
vn 0.2036 0.8111 0.5484
vn 0.7498 0.2473 0.6137
vn 0.8520 -0.4206 0.3119
vn 0.1837 0.7997 0.5715
vn 0.7328 0.2416 0.6361
vn 0.8411 -0.4321 0.3254
vn 0.1815 0.7957 0.5779
vn 0.7489 0.2588 0.6101
vn 0.2064 0.8002 0.5632
vn 0.2114 0.8159 0.5382
vn 0.7999 0.3012 0.5191
vn 0.2535 0.8286 0.4992
vn 0.7277 0.2959 0.6188
vn 0.7811 0.3441 0.5210
vn 0.8337 0.3976 0.3832
vn 0.7556 0.3902 0.5262
vn 0.8067 0.4460 0.3876
vn 0.8372 0.4913 0.2400
vn 0.8658 0.4429 0.2329
vn 0.8468 0.5224 0.0999
vn 0.8755 0.4745 0.0914
vn 0.8420 0.5393 -0.0128
vn 0.8702 0.4923 -0.0213
vn 0.8328 0.5466 -0.0875
vn 0.8605 0.5004 -0.0958
vn 0.8228 0.5500 -0.1430
vn 0.8500 0.5046 -0.1512
vn 0.8092 0.5517 -0.2022
vn 0.8358 0.5072 -0.2102
vn 0.7899 0.5510 -0.2691
vn 0.8158 0.5077 -0.2769
vn 0.7644 0.5471 -0.3413
vn 0.7894 0.5052 -0.3488
vn 0.7367 0.5405 -0.4063
vn 0.7608 0.5002 -0.4136
vn 0.7128 0.5335 -0.4553
vn 0.7360 0.4945 -0.4623
vn 0.6937 0.5273 -0.4906
vn 0.7163 0.4893 -0.4975
vn 0.6792 0.5223 -0.5157
vn 0.7013 0.4851 -0.5224
vn 0.6679 0.5182 -0.5342
vn 0.6896 0.4816 -0.5408
vn 0.6586 0.5147 -0.5489
vn 0.6800 0.4786 -0.5554
vn 0.6513 0.5120 -0.5601
vn 0.6725 0.4762 -0.5665
vn 0.6456 0.5098 -0.5686
vn 0.6666 0.4743 -0.5750
vn 0.6355 0.5057 -0.5835
vn 0.6562 0.4707 -0.5898
vn 0.6098 0.4948 -0.6191
vn 0.6299 0.4608 -0.6252
vn 0.5594 0.4721 -0.6813
vn 0.5782 0.4401 -0.6870
vn 0.4776 0.4324 -0.7648
vn 0.4944 0.4037 -0.7698
vn 0.3555 0.3681 -0.8591
vn 0.3690 0.3446 -0.8632
vn 0.2294 0.2971 -0.9269
vn 0.2396 0.2790 -0.9299
vn 0.1493 0.2498 -0.9567
vn 0.1572 0.2355 -0.9591
vn 0.1100 0.2262 -0.9679
vn 0.1156 0.2133 -0.9701
vn 0.0947 0.2180 -0.9714
vn 0.0962 0.2042 -0.9742
vn 0.0835 0.2141 -0.9732
vn 0.0826 0.2009 -0.9761
vn 0.0650 0.2039 -0.9768
vn 0.0646 0.1942 -0.9788
vn 0.0385 0.1873 -0.9815
vn 0.0384 0.1807 -0.9828
vn -0.0007 0.1615 -0.9869
vn -0.0018 0.1574 -0.9875
vn -0.0661 0.1176 -0.9909
vn -0.0695 0.1161 -0.9908
vn -0.1721 0.0447 -0.9841
vn -0.1799 0.0465 -0.9826
vn -0.3092 -0.0531 -0.9495
vn -0.3216 -0.0468 -0.9457
vn -0.4326 -0.1451 -0.8898
vn -0.4476 -0.1338 -0.8842
vn -0.5100 -0.2046 -0.8355
vn -0.5252 -0.1897 -0.8296
vn -0.5478 -0.2339 -0.8033
vn -0.5618 -0.2166 -0.7984
vn -0.5659 -0.2476 -0.7864
vn -0.5771 -0.2281 -0.7842
vn -0.5800 -0.2596 -0.7721
vn -0.5886 -0.2385 -0.7724
vn -0.5974 -0.2761 -0.7529
vn -0.6066 -0.2566 -0.7525
vn -0.6152 -0.2918 -0.7324
vn -0.6264 -0.2739 -0.7298
vn -0.6365 -0.3104 -0.7060
vn -0.6484 -0.2924 -0.7029
vn -0.6744 -0.3448 -0.6529
vn -0.6870 -0.3256 -0.6496
vn -0.7346 -0.4033 -0.5456
vn -0.7485 -0.3822 -0.5419
vn -0.7983 -0.4760 -0.3690
vn -0.8136 -0.4527 -0.3650
vn -0.8285 -0.5265 -0.1909
vn -0.8445 -0.5020 -0.1866
vn -0.8326 -0.5486 -0.0765
vn -0.8487 -0.5239 -0.0722
vn -0.8303 -0.5570 -0.0182
vn -0.8464 -0.5323 -0.0138
vn -0.8291 -0.5591 -0.0010
vn -0.8452 -0.5345 0.0033
vn -0.8293 -0.5588 -0.0032
vn -0.8454 -0.5342 0.0012
vn -0.8295 -0.5584 -0.0068
vn -0.8456 -0.5338 -0.0024
vn -0.8294 -0.5586 -0.0052
vn -0.8455 -0.5340 -0.0009
vn -0.8290 -0.5593 0.0005
vn -0.8450 -0.5347 0.0048
vn -0.8279 -0.5607 0.0125
vn -0.8439 -0.5362 0.0168
vn -0.8249 -0.5639 0.0411
vn -0.8405 -0.5397 0.0474
vn -0.8177 -0.5675 0.0966
vn -0.8321 -0.5439 0.1084
vn -0.8021 -0.5679 0.1847
vn -0.8139 -0.5442 0.2035
vn -0.7661 -0.5596 0.3162
vn -0.7738 -0.5380 0.3344
vn -0.7001 -0.5395 0.4678
vn -0.7052 -0.5231 0.4787
vn -0.6217 -0.5130 0.5919
vn -0.6224 -0.5010 0.6014
vn -0.5543 -0.4883 0.6740
vn -0.5506 -0.4790 0.6836
vn -0.5065 -0.4705 0.7225
vn -0.5055 -0.4660 0.7262
vn -0.4698 -0.4579 0.7548
vn -0.4740 -0.4587 0.7516
vn -0.4258 -0.4409 0.7901
vn -0.4321 -0.4461 0.7838
vn -0.3576 -0.4089 0.8396
vn -0.3644 -0.4183 0.8320
vn -0.2521 -0.3545 0.9004
vn -0.2604 -0.3668 0.8931
vn -0.1212 -0.2808 0.9521
vn -0.1282 -0.2932 0.9474
vn -0.0034 -0.2077 0.9782
vn -0.0017 -0.2168 0.9762
vn 0.0663 -0.1597 0.9849
vn 0.0807 -0.1639 0.9832
vn 0.0782 -0.1472 0.9860
vn 0.1033 -0.1476 0.9836
vn 0.0546 -0.1567 0.9861
vn 0.0826 -0.1570 0.9841
vn 0.0296 -0.1661 0.9857
vn 0.0505 -0.1731 0.9836
vn 0.0204 -0.1666 0.9858
vn 0.0397 -0.1799 0.9829
vn 0.0257 -0.1561 0.9874
vn 0.0573 -0.1665 0.9844
vn 0.0693 -0.1219 0.9901
vn 0.0984 -0.1329 0.9862
vn 0.1596 -0.0623 0.9852
vn 0.1694 -0.0852 0.9819
vn 0.2569 -0.0008 0.9664
vn 0.2561 -0.0320 0.9661
vn 0.3371 0.0493 0.9402
vn 0.3365 0.0162 0.9415
vn 0.4175 0.1003 0.9031
vn 0.4192 0.0656 0.9055
vn 0.5137 0.1634 0.8422
vn 0.5187 0.1263 0.8456
vn 0.6096 0.2295 0.7588
vn 0.6228 0.1924 0.7584
vn 0.6795 0.2818 0.6774
vn 0.7034 0.2472 0.6664
vn 0.7142 0.3120 0.6265
vn 0.7431 0.2775 0.6089
vn 0.7259 0.3246 0.6063
vn 0.7544 0.2891 0.5894
vn 0.7164 0.3220 0.6189
vn 0.7478 0.2868 0.5988
vn 0.6879 0.3093 0.6566
vn 0.7236 0.2749 0.6332
vn 0.6731 0.3076 0.6726
vn 0.7062 0.2717 0.6539
vn 0.7001 0.3366 0.6298
vn 0.6336 0.3486 0.6906
vn 0.6684 0.3832 0.6375
vn 0.7251 0.4400 0.5298
vn 0.0720 0.8587 0.5073
vn 0.9291 -0.2232 0.2949
vn 0.8892 -0.2690 0.3700
vn 0.1104 0.9019 0.4177
vn 0.9636 -0.1824 0.1954
vn 0.7738 0.4968 0.3930
vn 0.1359 0.9375 0.3202
vn 0.9847 -0.1496 0.0890
vn 0.8028 0.5422 0.2481
vn 0.9914 -0.1299 -0.0141
vn 0.8125 0.5728 0.1085
vn 0.9876 -0.1426 -0.0654
vn 0.9875 -0.1242 -0.0976
vn 0.8083 0.5888 -0.0043
vn 0.9818 -0.1356 -0.1329
vn 0.9803 -0.1254 -0.1526
vn 0.7996 0.5953 -0.0790
vn 0.1395 0.9899 0.0242
vn 0.9734 -0.1238 -0.1930
vn 0.7902 0.5979 -0.1347
vn 0.9680 -0.1323 -0.2131
vn 0.9640 -0.1222 -0.2361
vn 0.7772 0.5986 -0.1940
vn 0.9568 -0.1330 -0.2585
vn 0.9507 -0.1225 -0.2849
vn 0.7588 0.5966 -0.2612
vn 0.9411 -0.1359 -0.3095
vn 0.9328 -0.1262 -0.3376
vn 0.7343 0.5912 -0.3336
vn 0.9212 -0.1417 -0.3624
vn 0.9132 -0.1349 -0.3846
vn 0.7077 0.5831 -0.3989
vn 0.0717 0.9774 -0.1987
vn 0.8962 -0.1438 -0.4198
vn 0.6847 0.5748 -0.4480
vn 0.0578 0.9720 -0.2278
vn 0.8827 -0.1512 -0.4450
vn 0.6663 0.5676 -0.4836
vn 0.0469 0.9675 -0.2486
vn 0.8724 -0.1571 -0.4628
vn 0.6523 0.5618 -0.5088
vn 0.0387 0.9640 -0.2632
vn 0.8645 -0.1614 -0.4760
vn 0.6415 0.5571 -0.5274
vn 0.0320 0.9610 -0.2747
vn 0.8580 -0.1650 -0.4864
vn 0.6325 0.5532 -0.5422
vn 0.0265 0.9585 -0.2840
vn 0.8529 -0.1680 -0.4944
vn 0.6254 0.5500 -0.5535
vn 0.0223 0.9566 -0.2906
vn 0.8489 -0.1703 -0.5004
vn 0.6200 0.5475 -0.5620
vn 0.0190 0.9550 -0.2959
vn 0.8419 -0.1709 -0.5118
vn 0.6102 0.5430 -0.5769
vn 0.0088 0.9502 -0.3114
vn 0.8239 -0.1744 -0.5392
vn 0.5852 0.5311 -0.6128
vn -0.0155 0.9382 -0.3457
vn 0.7883 -0.1869 -0.5862
vn 0.5361 0.5066 -0.6753
vn -0.0591 0.9154 -0.3982
vn 0.7300 -0.2133 -0.6493
vn 0.4565 0.4637 -0.7594
vn 0.6964 -0.2543 -0.6711
vn 0.6426 -0.2589 -0.7211
vn 0.3378 0.3944 -0.8546
vn 0.5958 -0.3168 -0.7380
vn 0.5551 -0.3237 -0.7662
vn 0.2155 0.3178 -0.9233
vn 0.5233 -0.3647 -0.7702
vn 0.5017 -0.3691 -0.7823
vn 0.1380 0.2671 -0.9537
vn 0.4859 -0.3901 -0.7821
vn 0.4771 -0.3921 -0.7865
vn 0.1011 0.2424 -0.9649
vn 0.4708 -0.4005 -0.7861
vn 0.4692 -0.4009 -0.7868
vn 0.0885 0.2345 -0.9681
vn 0.0782 0.2278 -0.9706
vn 0.4669 -0.4025 -0.7874
vn 0.4596 -0.4056 -0.7901
vn 0.4563 -0.4121 -0.7886
vn 0.4463 -0.4139 -0.7934
vn 0.0589 0.2140 -0.9751
vn 0.4404 -0.4240 -0.7914
vn 0.4267 -0.4268 -0.7974
vn 0.0329 0.1947 -0.9803
vn -0.0051 0.1661 -0.9861
vn 0.4190 -0.4404 -0.7941
vn 0.3981 -0.4450 -0.8022
vn 0.3860 -0.4656 -0.7964
vn 0.3522 -0.4742 -0.8069
vn -0.0674 0.1191 -0.9906
vn 0.3315 -0.5070 -0.7956
vn 0.2800 -0.5228 -0.8052
vn -0.1675 0.0428 -0.9849
vn 0.2485 -0.5704 -0.7828
vn 0.1890 -0.5924 -0.7832
vn -0.2972 -0.0583 -0.9530
vn 0.1548 -0.6441 -0.7491
vn 0.1097 -0.6641 -0.7396
vn -0.4158 -0.1534 -0.8964
vn 0.0848 -0.7011 -0.7080
vn 0.0618 -0.7141 -0.6973
vn -0.4922 -0.2154 -0.8434
vn -0.5313 -0.2460 -0.8107
vn 0.0468 -0.7325 -0.6791
vn 0.0380 -0.7399 -0.6716
vn 0.0283 -0.7473 -0.6639
vn 0.0236 -0.7525 -0.6582
vn -0.5520 -0.2607 -0.7920
vn 0.0159 -0.7567 -0.6536
vn 0.0053 -0.7633 -0.6460
vn -0.5699 -0.2743 -0.7746
vn 0.0016 -0.7706 -0.6373
vn -0.0094 -0.7754 -0.6314
vn -0.5885 -0.2912 -0.7542
vn -0.0116 -0.7833 -0.6215
vn -0.0204 -0.7867 -0.6170
vn -0.6052 -0.3067 -0.7347
vn -0.0219 -0.7931 -0.6087
vn -0.0377 -0.7991 -0.6000
vn -0.6257 -0.3260 -0.7087
vn -0.0400 -0.8105 -0.5844
vn -0.0699 -0.8220 -0.5651
vn -0.6627 -0.3616 -0.6558
vn -0.0723 -0.8428 -0.5333
vn -0.1219 -0.8620 -0.4920
vn -0.7215 -0.4222 -0.5488
vn -0.1188 -0.8941 -0.4317
vn -0.1735 -0.9144 -0.3658
vn -0.7836 -0.4971 -0.3726
vn -0.1552 -0.9460 -0.2847
vn -0.1831 -0.9544 -0.2358
vn -0.8130 -0.5488 -0.1947
vn -0.1633 -0.9693 -0.1840
vn -0.1765 -0.9722 -0.1540
vn -0.8168 -0.5712 -0.0804
vn -0.1624 -0.9788 -0.1248
vn -0.1668 -0.9795 -0.1131
vn -0.8146 -0.5796 -0.0221
vn -0.1610 -0.9816 -0.1022
vn -0.1613 -0.9817 -0.1014
vn -0.8134 -0.5817 -0.0050
vn -0.1609 -0.9818 -0.1007
vn -0.1600 -0.9817 -0.1030
vn -0.8135 -0.5815 -0.0071
vn -0.1612 -0.9813 -0.1052
vn -0.1611 -0.9813 -0.1055
vn -0.8138 -0.5810 -0.0107
vn -0.1613 -0.9812 -0.1057
vn -0.1618 -0.9813 -0.1043
vn -0.8137 -0.5812 -0.0092
vn -0.1611 -0.9815 -0.1030
vn -0.1621 -0.9817 -0.1002
vn -0.8133 -0.5819 -0.0034
vn -0.1630 -0.9824 -0.0911
vn -0.8122 -0.5833 0.0093
vn -0.8088 -0.5868 0.0391
vn -0.1604 -0.9835 -0.0836
vn -0.1633 -0.9842 -0.0686
vn -0.7994 -0.5933 0.0940
vn -0.1592 -0.9860 -0.0487
vn -0.1566 -0.9873 -0.0254
vn -0.7816 -0.5982 0.1769
vn -0.1504 -0.9886 0.0033
vn -0.1441 -0.9889 0.0369
vn -0.7463 -0.5922 0.3040
vn -0.1311 -0.9888 0.0710
vn -0.1263 -0.9834 0.1305
vn -0.6820 -0.5685 0.4601
vn -0.0927 -0.9798 0.1773
vn -0.0831 -0.9667 0.2420
vn -0.6042 -0.5345 0.5910
vn -0.0380 -0.9575 0.2860
vn -0.0240 -0.9430 0.3319
vn -0.5391 -0.5054 0.6737
vn 0.0139 -0.9316 0.3633
vn 0.0284 -0.9219 0.3864
vn -0.4951 -0.4865 0.7198
vn -0.4629 -0.4718 0.7505
vn 0.0731 -0.9036 0.4221
vn 0.0812 -0.8974 0.4337
vn 0.0629 -0.9078 0.4146
vn -0.4254 -0.4511 0.7845
vn 0.0935 -0.8957 0.4348
vn 0.0991 -0.8829 0.4590
vn -0.3592 -0.4107 0.8380
vn 0.1228 -0.8797 0.4595
vn 0.1362 -0.8523 0.5051
vn -0.2464 -0.3422 0.9067
vn 0.1849 -0.8390 0.5118
vn 0.2181 -0.7932 0.5685
vn 0.2864 -0.7739 0.5649
vn 0.3182 -0.7297 0.6052
vn -0.1140 -0.2600 0.9589
vn -0.0083 -0.1908 0.9816
vn 0.3763 -0.7144 0.5899
vn 0.3934 -0.6865 0.6115
vn 0.4296 -0.6759 0.5989
vn 0.4322 -0.6694 0.6042
vn 0.0458 -0.1521 0.9873
vn 0.4427 -0.6644 0.6022
vn -0.3802 0.4618 0.8014
vn 0.0476 -0.1475 0.9879
vn 0.4249 -0.6750 0.6032
vn -0.3998 0.4454 0.8011
vn 0.0209 -0.1608 0.9868
vn 0.4014 -0.6885 0.6040
vn -0.4205 0.4340 0.7968
vn -0.0050 -0.1699 0.9854
vn 0.3855 -0.6944 0.6077
vn 0.3879 -0.7000 0.5996
vn -0.0184 -0.1673 0.9857
vn 0.3841 -0.6927 0.6104
vn 0.4046 -0.6737 0.6185
vn -0.0074 -0.1505 0.9886
vn 0.4187 -0.6715 0.6114
vn 0.4502 -0.6297 0.6331
vn 0.0535 -0.1060 0.9929
vn 0.4910 -0.6217 0.6103
vn 0.5205 -0.5772 0.6293
vn 0.1549 -0.0354 0.9873
vn -0.2525 0.5735 0.7793
vn 0.5884 -0.5309 0.6099
vn 0.2537 0.0334 0.9667
vn -0.1967 0.6171 0.7619
vn 0.6399 -0.4960 0.5869
vn 0.3305 0.0871 0.9398
vn -0.1564 0.6499 0.7437
vn 0.6887 -0.4557 0.5639
vn 0.4045 0.1400 0.9038
vn 0.7190 -0.4432 0.5353
vn 0.7473 -0.4064 0.5258
vn 0.4914 0.2042 0.8467
vn 0.7799 -0.3917 0.4882
vn 0.8063 -0.3570 0.4717
vn 0.5764 0.2703 0.7712
vn 0.8337 -0.3441 0.4319
vn 0.8528 -0.3180 0.4142
vn 0.6400 0.3233 0.6971
vn 0.8699 -0.3110 0.3829
vn 0.8811 -0.2940 0.3705
vn 0.6768 0.3571 0.6437
vn 0.6893 0.3710 0.6222
vn 0.8889 -0.2939 0.3514
vn 0.8902 -0.2897 0.3517
vn 0.6735 0.3619 0.6445
vn 0.8892 -0.2934 0.3511
vn 0.8785 -0.3047 0.3680
vn 0.6418 0.3476 0.6836
vn 0.0448 0.8196 0.5712
vn 0.8595 -0.3184 0.3999
vn 0.0240 0.8077 0.5891
vn 0.8588 -0.3090 0.4086
vn 0.0506 -0.9127 0.4054
vn 0.8666 -0.3063 0.3938
vn 0.2570 0.8555 0.4496
# 702 vertex normals

vt 0.3324 0.5724 0.0000
vt 0.3298 0.5726 0.0000
vt 0.3293 0.5632 0.0000
vt 0.3364 0.5626 0.0000
vt 0.3368 0.5720 0.0000
vt 0.3392 0.5719 0.0000
vt 0.3430 0.5621 0.0000
vt 0.3434 0.5716 0.0000
vt 0.3458 0.5714 0.0000
vt 0.3497 0.5618 0.0000
vt 0.3500 0.5711 0.0000
vt 0.3525 0.5710 0.0000
vt 0.3567 0.5614 0.0000
vt 0.3570 0.5708 0.0000
vt 0.3597 0.5707 0.0000
vt 0.3644 0.5612 0.0000
vt 0.3646 0.5705 0.0000
vt 0.3675 0.5705 0.0000
vt 0.3726 0.5611 0.0000
vt 0.3728 0.5704 0.0000
vt 0.3759 0.5703 0.0000
vt 0.3813 0.5611 0.0000
vt 0.3814 0.5702 0.0000
vt 0.3846 0.5702 0.0000
vt 0.3903 0.5611 0.0000
vt 0.3904 0.5702 0.0000
vt 0.3937 0.5702 0.0000
vt 0.3997 0.5612 0.0000
vt 0.3998 0.5702 0.0000
vt 0.4030 0.5703 0.0000
vt 0.4092 0.5614 0.0000
vt 0.4092 0.5703 0.0000
vt 0.4124 0.5704 0.0000
vt 0.4185 0.5617 0.0000
vt 0.4186 0.5705 0.0000
vt 0.4215 0.5705 0.0000
vt 0.4276 0.5620 0.0000
vt 0.4276 0.5707 0.0000
vt 0.4303 0.5707 0.0000
vt 0.4360 0.5623 0.0000
vt 0.4359 0.5709 0.0000
vt 0.4384 0.5710 0.0000
vt 0.4436 0.5627 0.0000
vt 0.4436 0.5712 0.0000
vt 0.4457 0.5713 0.0000
vt 0.4503 0.5631 0.0000
vt 0.4503 0.5715 0.0000
vt 0.4520 0.5716 0.0000
vt 0.4560 0.5634 0.0000
vt 0.4558 0.5718 0.0000
vt 0.4572 0.5719 0.0000
vt 0.4604 0.5638 0.0000
vt 0.4603 0.5721 0.0000
vt 0.4613 0.5722 0.0000
vt 0.4639 0.5641 0.0000
vt 0.4637 0.5724 0.0000
vt 0.4645 0.5725 0.0000
vt 0.4667 0.5645 0.0000
vt 0.4665 0.5727 0.0000
vt 0.4672 0.5728 0.0000
vt 0.4692 0.5648 0.0000
vt 0.4690 0.5730 0.0000
vt 0.4697 0.5731 0.0000
vt 0.4718 0.5652 0.0000
vt 0.4715 0.5733 0.0000
vt 0.4725 0.5734 0.0000
vt 0.4751 0.5656 0.0000
vt 0.4748 0.5737 0.0000
vt 0.4763 0.5738 0.0000
vt 0.4801 0.5661 0.0000
vt 0.4798 0.5741 0.0000
vt 0.4819 0.5743 0.0000
vt 0.4876 0.5667 0.0000
vt 0.4872 0.5747 0.0000
vt 0.4902 0.5748 0.0000
vt 0.4979 0.5675 0.0000
vt 0.4975 0.5753 0.0000
vt 0.5008 0.5755 0.0000
vt 0.5093 0.5682 0.0000
vt 0.5090 0.5760 0.0000
vt 0.5121 0.5762 0.0000
vt 0.5196 0.5688 0.0000
vt 0.5193 0.5768 0.0000
vt 0.5219 0.5770 0.0000
vt 0.5281 0.5694 0.0000
vt 0.5278 0.5774 0.0000
vt 0.5299 0.5776 0.0000
vt 0.5348 0.5699 0.0000
vt 0.5346 0.5780 0.0000
vt 0.5362 0.5782 0.0000
vt 0.5400 0.5704 0.0000
vt 0.5398 0.5785 0.0000
vt 0.5409 0.5787 0.0000
vt 0.5439 0.5708 0.0000
vt 0.5436 0.5790 0.0000
vt 0.5445 0.5791 0.0000
vt 0.5471 0.5713 0.0000
vt 0.5468 0.5794 0.0000
vt 0.5490 0.5797 0.0000
vt 0.5504 0.5717 0.0000
vt 0.5500 0.5798 0.0000
vt 0.5527 0.5801 0.0000
vt 0.5543 0.5723 0.0000
vt 0.5538 0.5802 0.0000
vt 0.5575 0.5806 0.0000
vt 0.5594 0.5729 0.0000
vt 0.5589 0.5807 0.0000
vt 0.5639 0.5811 0.0000
vt 0.5662 0.5738 0.0000
vt 0.5657 0.5813 0.0000
vt 0.5721 0.5818 0.0000
vt 0.5748 0.5750 0.0000
vt 0.5743 0.5819 0.0000
vt 0.5823 0.5826 0.0000
vt 0.5852 0.5763 0.0000
vt 0.5847 0.5827 0.0000
vt 0.5933 0.5834 0.0000
vt 0.5961 0.5774 0.0000
vt 0.5956 0.5835 0.0000
vt 0.6032 0.5841 0.0000
vt 0.6055 0.5783 0.0000
vt 0.6051 0.5843 0.0000
vt 0.6105 0.5847 0.0000
vt 0.6123 0.5789 0.0000
vt 0.6119 0.5848 0.0000
vt 0.6155 0.5851 0.0000
vt 0.6168 0.5794 0.0000
vt 0.6163 0.5851 0.0000
vt 0.6169 0.5852 0.0000
vt 0.6197 0.5796 0.0000
vt 0.6193 0.5854 0.0000
vt 0.6197 0.5854 0.0000
vt 0.6220 0.5798 0.0000
vt 0.6216 0.5856 0.0000
vt 0.6220 0.5857 0.0000
vt 0.6242 0.5800 0.0000
vt 0.6238 0.5858 0.0000
vt 0.6244 0.5859 0.0000
vt 0.6271 0.5802 0.0000
vt 0.6267 0.5860 0.0000
vt 0.6274 0.5861 0.0000
vt 0.6311 0.5804 0.0000
vt 0.6307 0.5862 0.0000
vt 0.0219 0.6183 0.0000
vt 0.0208 0.6185 0.0000
vt 0.0200 0.6126 0.0000
vt 0.0257 0.6117 0.0000
vt 0.0265 0.6177 0.0000
vt 0.0280 0.6174 0.0000
vt 0.0335 0.6106 0.0000
vt 0.0344 0.6165 0.0000
vt 0.0362 0.6162 0.0000
vt 0.0432 0.6091 0.0000
vt 0.0440 0.6151 0.0000
vt 0.0461 0.6147 0.0000
vt 0.0540 0.6075 0.0000
vt 0.0549 0.6134 0.0000
vt 0.0571 0.6131 0.0000
vt 0.0655 0.6058 0.0000
vt 0.0665 0.6117 0.0000
vt 0.0687 0.6114 0.0000
vt 0.0773 0.6040 0.0000
vt 0.0782 0.6100 0.0000
vt 0.0805 0.6096 0.0000
vt 0.0889 0.6020 0.0000
vt 0.0898 0.6083 0.0000
vt 0.0921 0.6079 0.0000
vt 0.0998 0.5997 0.0000
vt 0.1009 0.6067 0.0000
vt 0.1031 0.6063 0.0000
vt 0.1096 0.5974 0.0000
vt 0.1108 0.6052 0.0000
vt 0.1131 0.6049 0.0000
vt 0.1183 0.5952 0.0000
vt 0.1196 0.6040 0.0000
vt 0.1220 0.6037 0.0000
vt 0.1266 0.5931 0.0000
vt 0.1279 0.6028 0.0000
vt 0.1308 0.6025 0.0000
vt 0.1354 0.5907 0.0000
vt 0.1367 0.6016 0.0000
vt 0.1398 0.6012 0.0000
vt 0.1442 0.5884 0.0000
vt 0.1454 0.6004 0.0000
vt 0.1485 0.6000 0.0000
vt 0.1520 0.5863 0.0000
vt 0.1530 0.5993 0.0000
vt 0.1557 0.5990 0.0000
vt 0.1583 0.5847 0.0000
vt 0.1592 0.5984 0.0000
vt 0.1617 0.5981 0.0000
vt 0.1634 0.5834 0.0000
vt 0.1643 0.5976 0.0000
vt 0.1667 0.5972 0.0000
vt 0.1679 0.5822 0.0000
vt 0.1689 0.5968 0.0000
vt 0.1714 0.5964 0.0000
vt 0.1722 0.5810 0.0000
vt 0.1734 0.5960 0.0000
vt 0.1761 0.5955 0.0000
vt 0.1766 0.5799 0.0000
vt 0.1782 0.5950 0.0000
vt 0.1806 0.5946 0.0000
vt 0.1817 0.5788 0.0000
vt 0.1836 0.5940 0.0000
vt 0.1866 0.5934 0.0000
vt 0.1878 0.5782 0.0000
vt 0.1900 0.5928 0.0000
vt 0.1938 0.5920 0.0000
vt 0.1952 0.5782 0.0000
vt 0.1973 0.5914 0.0000
vt 0.2020 0.5906 0.0000
vt 0.2034 0.5785 0.0000
vt 0.2049 0.5900 0.0000
vt 0.2099 0.5892 0.0000
vt 0.2114 0.5786 0.0000
vt 0.2123 0.5887 0.0000
vt 0.2174 0.5878 0.0000
vt 0.2190 0.5783 0.0000
vt 0.2196 0.5874 0.0000
vt 0.2246 0.5866 0.0000
vt 0.2262 0.5779 0.0000
vt 0.2268 0.5862 0.0000
vt 0.2312 0.5854 0.0000
vt 0.2322 0.5775 0.0000
vt 0.2330 0.5851 0.0000
vt 0.2366 0.5844 0.0000
vt 0.2372 0.5772 0.0000
vt 0.2380 0.5842 0.0000
vt 0.2411 0.5836 0.0000
vt 0.2413 0.5768 0.0000
vt 0.2422 0.5834 0.0000
vt 0.2450 0.5828 0.0000
vt 0.2450 0.5763 0.0000
vt 0.2458 0.5827 0.0000
vt 0.2486 0.5821 0.0000
vt 0.2485 0.5758 0.0000
vt 0.2493 0.5820 0.0000
vt 0.2522 0.5814 0.0000
vt 0.2522 0.5753 0.0000
vt 0.2530 0.5813 0.0000
vt 0.2563 0.5807 0.0000
vt 0.2565 0.5748 0.0000
vt 0.2571 0.5806 0.0000
vt 0.2613 0.5799 0.0000
vt 0.2618 0.5743 0.0000
vt 0.2623 0.5797 0.0000
vt 0.2676 0.5790 0.0000
vt 0.2685 0.5736 0.0000
vt 0.2688 0.5788 0.0000
vt 0.2704 0.5786 0.0000
vt 0.2770 0.5721 0.0000
vt 0.2772 0.5777 0.0000
vt 0.2797 0.5774 0.0000
vt 0.2882 0.5696 0.0000
vt 0.2883 0.5764 0.0000
vt 0.2921 0.5761 0.0000
vt 0.3012 0.5669 0.0000
vt 0.3015 0.5752 0.0000
vt 0.3054 0.5748 0.0000
vt 0.3125 0.5651 0.0000
vt 0.3130 0.5741 0.0000
vt 0.3162 0.5738 0.0000
vt 0.3215 0.5640 0.0000
vt 0.3220 0.5733 0.0000
vt 0.3112 0.5397 0.0000
vt 0.3202 0.5388 0.0000
vt 0.3281 0.5381 0.0000
vt 0.3189 0.5135 0.0000
vt 0.3269 0.5129 0.0000
vt 0.3341 0.5123 0.0000
vt 0.3353 0.5375 0.0000
vt 0.3410 0.5119 0.0000
vt 0.3420 0.5370 0.0000
vt 0.3478 0.5115 0.0000
vt 0.3488 0.5366 0.0000
vt 0.3551 0.5111 0.0000
vt 0.3559 0.5363 0.0000
vt 0.3629 0.5108 0.0000
vt 0.3637 0.5360 0.0000
vt 0.3713 0.5105 0.0000
vt 0.3720 0.5358 0.0000
vt 0.3801 0.5102 0.0000
vt 0.3807 0.5356 0.0000
vt 0.3893 0.5100 0.0000
vt 0.3899 0.5356 0.0000
vt 0.3987 0.5098 0.0000
vt 0.3993 0.5355 0.0000
vt 0.4083 0.5097 0.0000
vt 0.4088 0.5356 0.0000
vt 0.4178 0.5096 0.0000
vt 0.4183 0.5356 0.0000
vt 0.4269 0.5095 0.0000
vt 0.4273 0.5358 0.0000
vt 0.4354 0.5095 0.0000
vt 0.4358 0.5359 0.0000
vt 0.4431 0.5095 0.0000
vt 0.4435 0.5361 0.0000
vt 0.4500 0.5095 0.0000
vt 0.4503 0.5363 0.0000
vt 0.4557 0.5096 0.0000
vt 0.4560 0.5365 0.0000
vt 0.4603 0.5096 0.0000
vt 0.4605 0.5368 0.0000
vt 0.4639 0.5097 0.0000
vt 0.4641 0.5370 0.0000
vt 0.4670 0.5098 0.0000
vt 0.4670 0.5372 0.0000
vt 0.4696 0.5099 0.0000
vt 0.4696 0.5374 0.0000
vt 0.4724 0.5100 0.0000
vt 0.4723 0.5377 0.0000
vt 0.4759 0.5101 0.0000
vt 0.4757 0.5380 0.0000
vt 0.4810 0.5103 0.0000
vt 0.4808 0.5383 0.0000
vt 0.4885 0.5105 0.0000
vt 0.4883 0.5388 0.0000
vt 0.4987 0.5108 0.0000
vt 0.4985 0.5393 0.0000
vt 0.5096 0.5109 0.0000
vt 0.5097 0.5399 0.0000
vt 0.5193 0.5110 0.0000
vt 0.5196 0.5403 0.0000
vt 0.5278 0.5112 0.0000
vt 0.5280 0.5407 0.0000
vt 0.5349 0.5114 0.0000
vt 0.5350 0.5411 0.0000
vt 0.5405 0.5116 0.0000
vt 0.5404 0.5415 0.0000
vt 0.5448 0.5118 0.0000
vt 0.5445 0.5419 0.0000
vt 0.5484 0.5121 0.0000
vt 0.5480 0.5422 0.0000
vt 0.5519 0.5123 0.0000
vt 0.5514 0.5426 0.0000
vt 0.5560 0.5126 0.0000
vt 0.5554 0.5430 0.0000
vt 0.5612 0.5129 0.0000
vt 0.5606 0.5435 0.0000
vt 0.5681 0.5134 0.0000
vt 0.5674 0.5441 0.0000
vt 0.5768 0.5139 0.0000
vt 0.5761 0.5449 0.0000
vt 0.5874 0.5145 0.0000
vt 0.5866 0.5458 0.0000
vt 0.5982 0.5149 0.0000
vt 0.5975 0.5465 0.0000
vt 0.6076 0.5153 0.0000
vt 0.6069 0.5471 0.0000
vt 0.6143 0.5156 0.0000
vt 0.6136 0.5475 0.0000
vt 0.6187 0.5157 0.0000
vt 0.6181 0.5478 0.0000
vt 0.6216 0.5159 0.0000
vt 0.6210 0.5480 0.0000
vt 0.6238 0.5160 0.0000
vt 0.6233 0.5481 0.0000
vt 0.6260 0.5161 0.0000
vt 0.6255 0.5483 0.0000
vt 0.6288 0.5161 0.0000
vt 0.6283 0.5484 0.0000
vt 0.6328 0.5162 0.0000
vt 0.6323 0.5485 0.0000
vt 0.0128 0.5474 0.0000
vt 0.0184 0.5469 0.0000
vt 0.0218 0.5796 0.0000
vt 0.0161 0.5803 0.0000
vt 0.0262 0.5461 0.0000
vt 0.0296 0.5786 0.0000
vt 0.0358 0.5451 0.0000
vt 0.0392 0.5774 0.0000
vt 0.0465 0.5440 0.0000
vt 0.0500 0.5760 0.0000
vt 0.0580 0.5428 0.0000
vt 0.0615 0.5746 0.0000
vt 0.0701 0.5415 0.0000
vt 0.0733 0.5730 0.0000
vt 0.0830 0.5396 0.0000
vt 0.0854 0.5709 0.0000
vt 0.0942 0.5374 0.0000
vt 0.0965 0.5684 0.0000
vt 0.1026 0.5356 0.0000
vt 0.1057 0.5660 0.0000
vt 0.1094 0.5342 0.0000
vt 0.1136 0.5642 0.0000
vt 0.1158 0.5329 0.0000
vt 0.1210 0.5625 0.0000
vt 0.1227 0.5316 0.0000
vt 0.1291 0.5609 0.0000
vt 0.1310 0.5302 0.0000
vt 0.1381 0.5592 0.0000
vt 0.1404 0.5287 0.0000
vt 0.1470 0.5575 0.0000
vt 0.1491 0.5273 0.0000
vt 0.1545 0.5562 0.0000
vt 0.1561 0.5262 0.0000
vt 0.1604 0.5551 0.0000
vt 0.1619 0.5254 0.0000
vt 0.1654 0.5541 0.0000
vt 0.1671 0.5247 0.0000
vt 0.1700 0.5531 0.0000
vt 0.1721 0.5240 0.0000
vt 0.1745 0.5521 0.0000
vt 0.1771 0.5233 0.0000
vt 0.1793 0.5510 0.0000
vt 0.1826 0.5227 0.0000
vt 0.1848 0.5501 0.0000
vt 0.1888 0.5222 0.0000
vt 0.1914 0.5497 0.0000
vt 0.1968 0.5220 0.0000
vt 0.1995 0.5497 0.0000
vt 0.2065 0.5221 0.0000
vt 0.2087 0.5500 0.0000
vt 0.2157 0.5224 0.0000
vt 0.2174 0.5500 0.0000
vt 0.2223 0.5225 0.0000
vt 0.2243 0.5499 0.0000
vt 0.2272 0.5225 0.0000
vt 0.2297 0.5497 0.0000
vt 0.2312 0.5224 0.0000
vt 0.2340 0.5494 0.0000
vt 0.2346 0.5222 0.0000
vt 0.2377 0.5491 0.0000
vt 0.2379 0.5220 0.0000
vt 0.2412 0.5488 0.0000
vt 0.2413 0.5218 0.0000
vt 0.2447 0.5484 0.0000
vt 0.2450 0.5216 0.0000
vt 0.2485 0.5480 0.0000
vt 0.2497 0.5214 0.0000
vt 0.2530 0.5477 0.0000
vt 0.2561 0.5213 0.0000
vt 0.2589 0.5475 0.0000
vt 0.2646 0.5206 0.0000
vt 0.2665 0.5470 0.0000
vt 0.2753 0.5191 0.0000
vt 0.2760 0.5456 0.0000
vt 0.2879 0.5170 0.0000
vt 0.2879 0.5433 0.0000
vt 0.3000 0.5153 0.0000
vt 0.3006 0.5411 0.0000
vt 0.3101 0.5143 0.0000
vt 0.2992 0.4894 0.0000
vt 0.3089 0.4887 0.0000
vt 0.3177 0.4880 0.0000
vt 0.3146 0.4692 0.0000
vt 0.3169 0.4690 0.0000
vt 0.3081 0.4697 0.0000
vt 0.3229 0.4686 0.0000
vt 0.3249 0.4685 0.0000
vt 0.3258 0.4875 0.0000
vt 0.3304 0.4681 0.0000
vt 0.3322 0.4680 0.0000
vt 0.3330 0.4870 0.0000
vt 0.3391 0.4676 0.0000
vt 0.3399 0.4866 0.0000
vt 0.3443 0.4673 0.0000
vt 0.3461 0.4672 0.0000
vt 0.3468 0.4862 0.0000
vt 0.3514 0.4669 0.0000
vt 0.3534 0.4668 0.0000
vt 0.3541 0.4858 0.0000
vt 0.3592 0.4665 0.0000
vt 0.3612 0.4664 0.0000
vt 0.3620 0.4854 0.0000
vt 0.3674 0.4662 0.0000
vt 0.3697 0.4661 0.0000
vt 0.3704 0.4850 0.0000
vt 0.3762 0.4658 0.0000
vt 0.3786 0.4657 0.0000
vt 0.3793 0.4846 0.0000
vt 0.3853 0.4655 0.0000
vt 0.3878 0.4654 0.0000
vt 0.3885 0.4842 0.0000
vt 0.3947 0.4651 0.0000
vt 0.3974 0.4651 0.0000
vt 0.3980 0.4839 0.0000
vt 0.4042 0.4649 0.0000
vt 0.4070 0.4648 0.0000
vt 0.4076 0.4836 0.0000
vt 0.4137 0.4646 0.0000
vt 0.4165 0.4645 0.0000
vt 0.4171 0.4833 0.0000
vt 0.4229 0.4644 0.0000
vt 0.4257 0.4643 0.0000
vt 0.4262 0.4830 0.0000
vt 0.4316 0.4641 0.0000
vt 0.4342 0.4641 0.0000
vt 0.4348 0.4828 0.0000
vt 0.4396 0.4640 0.0000
vt 0.4421 0.4639 0.0000
vt 0.4426 0.4826 0.0000
vt 0.4468 0.4638 0.0000
vt 0.4489 0.4637 0.0000
vt 0.4494 0.4824 0.0000
vt 0.4529 0.4636 0.0000
vt 0.4548 0.4636 0.0000
vt 0.4552 0.4823 0.0000
vt 0.4579 0.4635 0.0000
vt 0.4594 0.4635 0.0000
vt 0.4599 0.4822 0.0000
vt 0.4619 0.4634 0.0000
vt 0.4631 0.4634 0.0000
vt 0.4635 0.4821 0.0000
vt 0.4652 0.4633 0.0000
vt 0.4662 0.4633 0.0000
vt 0.4666 0.4821 0.0000
vt 0.4680 0.4632 0.0000
vt 0.4689 0.4632 0.0000
vt 0.4693 0.4821 0.0000
vt 0.4708 0.4632 0.0000
vt 0.4717 0.4632 0.0000
vt 0.4721 0.4820 0.0000
vt 0.4741 0.4631 0.0000
vt 0.4753 0.4631 0.0000
vt 0.4757 0.4820 0.0000
vt 0.4787 0.4631 0.0000
vt 0.4804 0.4631 0.0000
vt 0.4808 0.4820 0.0000
vt 0.4854 0.4631 0.0000
vt 0.4880 0.4631 0.0000
vt 0.4884 0.4819 0.0000
vt 0.4945 0.4632 0.0000
vt 0.4982 0.4631 0.0000
vt 0.4986 0.4818 0.0000
vt 0.5091 0.4816 0.0000
vt 0.5021 0.4631 0.0000
vt 0.5087 0.4632 0.0000
vt 0.5145 0.4632 0.0000
vt 0.5183 0.4632 0.0000
vt 0.5188 0.4814 0.0000
vt 0.5233 0.4633 0.0000
vt 0.5267 0.4633 0.0000
vt 0.5273 0.4813 0.0000
vt 0.5344 0.4813 0.0000
vt 0.5308 0.4633 0.0000
vt 0.5337 0.4634 0.0000
vt 0.5370 0.4634 0.0000
vt 0.5393 0.4634 0.0000
vt 0.5401 0.4813 0.0000
vt 0.5420 0.4635 0.0000
vt 0.5439 0.4635 0.0000
vt 0.5445 0.4814 0.0000
vt 0.5462 0.4635 0.0000
vt 0.5477 0.4636 0.0000
vt 0.5482 0.4815 0.0000
vt 0.5500 0.4636 0.0000
vt 0.5515 0.4636 0.0000
vt 0.5519 0.4816 0.0000
vt 0.5540 0.4637 0.0000
vt 0.5558 0.4637 0.0000
vt 0.5560 0.4817 0.0000
vt 0.5614 0.4819 0.0000
vt 0.5589 0.4638 0.0000
vt 0.5612 0.4638 0.0000
vt 0.5651 0.4639 0.0000
vt 0.5681 0.4640 0.0000
vt 0.5682 0.4822 0.0000
vt 0.5731 0.4641 0.0000
vt 0.5768 0.4641 0.0000
vt 0.5770 0.4825 0.0000
vt 0.5829 0.4642 0.0000
vt 0.5874 0.4643 0.0000
vt 0.5876 0.4828 0.0000
vt 0.5937 0.4644 0.0000
vt 0.5983 0.4644 0.0000
vt 0.5985 0.4829 0.0000
vt 0.6036 0.4645 0.0000
vt 0.6077 0.4646 0.0000
vt 0.6078 0.4831 0.0000
vt 0.6115 0.4646 0.0000
vt 0.6144 0.4647 0.0000
vt 0.6145 0.4832 0.0000
vt 0.6169 0.4647 0.0000
vt 0.6188 0.4647 0.0000
vt 0.6189 0.4832 0.0000
vt 0.6204 0.4647 0.0000
vt 0.6217 0.4648 0.0000
vt 0.6218 0.4833 0.0000
vt 0.6230 0.4648 0.0000
vt 0.6239 0.4648 0.0000
vt 0.6240 0.4833 0.0000
vt 0.6252 0.4648 0.0000
vt 0.6261 0.4648 0.0000
vt 0.6262 0.4834 0.0000
vt 0.6277 0.4648 0.0000
vt 0.6290 0.4648 0.0000
vt 0.6290 0.4834 0.0000
vt 0.6312 0.4648 0.0000
vt 0.6329 0.4648 0.0000
vt 0.6330 0.4834 0.0000
vt 0.0117 0.4949 0.0000
vt 0.0142 0.4947 0.0000
vt 0.0156 0.5136 0.0000
vt 0.0099 0.5141 0.0000
vt 0.0085 0.4951 0.0000
vt 0.0186 0.4944 0.0000
vt 0.0220 0.4941 0.0000
vt 0.0234 0.5130 0.0000
vt 0.0274 0.4938 0.0000
vt 0.0316 0.4934 0.0000
vt 0.0329 0.5123 0.0000
vt 0.0377 0.4930 0.0000
vt 0.0424 0.4927 0.0000
vt 0.0436 0.5114 0.0000
vt 0.0424 0.4928 0.0000
vt 0.0539 0.4919 0.0000
vt 0.0551 0.5105 0.0000
vt 0.0675 0.5094 0.0000
vt 0.0593 0.4914 0.0000
vt 0.0664 0.4910 0.0000
vt 0.0812 0.5076 0.0000
vt 0.0725 0.4905 0.0000
vt 0.0806 0.4899 0.0000
vt 0.0927 0.5056 0.0000
vt 0.0860 0.4895 0.0000
vt 0.0924 0.4890 0.0000
vt 0.1007 0.5040 0.0000
vt 0.0964 0.4887 0.0000
vt 0.1005 0.4884 0.0000
vt 0.1067 0.5028 0.0000
vt 0.1037 0.4881 0.0000
vt 0.1065 0.4879 0.0000
vt 0.1124 0.5016 0.0000
vt 0.1096 0.4876 0.0000
vt 0.1120 0.4874 0.0000
vt 0.1185 0.5005 0.0000
vt 0.1155 0.4871 0.0000
vt 0.1180 0.4869 0.0000
vt 0.1260 0.4993 0.0000
vt 0.1352 0.4980 0.0000
vt 0.1309 0.4858 0.0000
vt 0.1344 0.4854 0.0000
vt 0.1254 0.4862 0.0000
vt 0.1447 0.4967 0.0000
vt 0.1404 0.4849 0.0000
vt 0.1440 0.4846 0.0000
vt 0.1526 0.4956 0.0000
vt 0.1490 0.4841 0.0000
vt 0.1520 0.4838 0.0000
vt 0.1589 0.4949 0.0000
vt 0.1560 0.4835 0.0000
vt 0.1583 0.4832 0.0000
vt 0.1603 0.4830 0.0000
vt 0.1638 0.4827 0.0000
vt 0.1644 0.4945 0.0000
vt 0.1696 0.4943 0.0000
vt 0.1658 0.4825 0.0000
vt 0.1691 0.4822 0.0000
vt 0.1713 0.4820 0.0000
vt 0.1745 0.4816 0.0000
vt 0.1750 0.4942 0.0000
vt 0.1772 0.4814 0.0000
vt 0.1806 0.4810 0.0000
vt 0.1808 0.4941 0.0000
vt 0.1840 0.4807 0.0000
vt 0.1877 0.4803 0.0000
vt 0.1876 0.4941 0.0000
vt 0.1924 0.4799 0.0000
vt 0.1967 0.4795 0.0000
vt 0.1961 0.4942 0.0000
vt 0.2019 0.4790 0.0000
vt 0.2064 0.4786 0.0000
vt 0.2059 0.4943 0.0000
vt 0.2108 0.4782 0.0000
vt 0.2143 0.4779 0.0000
vt 0.2144 0.4945 0.0000
vt 0.2175 0.4776 0.0000
vt 0.2198 0.4774 0.0000
vt 0.2204 0.4947 0.0000
vt 0.2222 0.4771 0.0000
vt 0.2238 0.4770 0.0000
vt 0.2247 0.4948 0.0000
vt 0.2259 0.4768 0.0000
vt 0.2271 0.4766 0.0000
vt 0.2283 0.4948 0.0000
vt 0.2290 0.4764 0.0000
vt 0.2301 0.4763 0.0000
vt 0.2315 0.4948 0.0000
vt 0.2320 0.4761 0.0000
vt 0.2330 0.4760 0.0000
vt 0.2346 0.4947 0.0000
vt 0.2352 0.4758 0.0000
vt 0.2362 0.4757 0.0000
vt 0.2379 0.4947 0.0000
vt 0.2388 0.4754 0.0000
vt 0.2400 0.4753 0.0000
vt 0.2418 0.4946 0.0000
vt 0.2437 0.4749 0.0000
vt 0.2450 0.4748 0.0000
vt 0.2468 0.4947 0.0000
vt 0.2507 0.4743 0.0000
vt 0.2524 0.4741 0.0000
vt 0.2538 0.4946 0.0000
vt 0.2634 0.4939 0.0000
vt 0.2548 0.4740 0.0000
vt 0.2628 0.4733 0.0000
vt 0.2753 0.4922 0.0000
vt 0.2658 0.4731 0.0000
vt 0.2754 0.4723 0.0000
vt 0.2881 0.4905 0.0000
vt 0.2788 0.4721 0.0000
vt 0.2878 0.4713 0.0000
vt 0.2909 0.4711 0.0000
vt 0.2985 0.4705 0.0000
vt 0.1224 0.4865 0.0000
vt 0.3011 0.4703 0.0000
vt 0.0233 0.5129 0.0000
vt 0.6330 0.4835 0.0000
vt 0.3248 0.5731 0.0000
vt 0.3545 0.9621 0.0000
vt 0.3444 0.9596 0.0000
vt 0.3409 0.9580 0.0000
vt 0.9107 0.4001 0.0000
vt 0.2692 0.0502 0.0000
vt 0.2776 0.0470 0.0000
vt 0.2847 0.0455 0.0000
vt 0.2641 0.0520 0.0000
vt 0.2567 0.0556 0.0000
vt 0.2526 0.0576 0.0000
vt 0.2455 0.0617 0.0000
vt 0.2419 0.0638 0.0000
vt 0.2344 0.0693 0.0000
vt 0.2954 0.0428 0.0000
vt 0.3064 0.0417 0.0000
vt 0.2310 0.0718 0.0000
vt 0.2226 0.0797 0.0000
vt 0.2191 0.0830 0.0000
vt 0.2085 0.0959 0.0000
vt 0.2048 0.1005 0.0000
vt 0.3214 0.0400 0.0000
vt 0.1901 0.1225 0.0000
vt 0.3391 0.0388 0.0000
vt 0.1857 0.1292 0.0000
vt 0.1802 0.1387 0.0000
vt 0.3606 0.0381 0.0000
vt 0.3833 0.0365 0.0000
vt 0.1610 0.1718 0.0000
vt 0.4092 0.0358 0.0000
vt 0.4309 0.0340 0.0000
vt 0.4543 0.0326 0.0000
vt 0.4727 0.0305 0.0000
vt 0.4897 0.0288 0.0000
vt 0.5062 0.0264 0.0000
vt 0.5193 0.0247 0.0000
vt 0.5352 0.0229 0.0000
vt 0.5462 0.0216 0.0000
vt 0.5623 0.0214 0.0000
vt 0.5724 0.0210 0.0000
vt 0.5894 0.0233 0.0000
vt 0.5994 0.0244 0.0000
vt 0.6105 0.0279 0.0000
vt 0.6295 0.0338 0.0000
vt 0.6435 0.0403 0.0000
vt 0.6666 0.0506 0.0000
vt 0.6827 0.0592 0.0000
vt 0.7094 0.0731 0.0000
vt 0.7248 0.0820 0.0000
vt 0.7491 0.0961 0.0000
vt 0.7619 0.1040 0.0000
vt 0.7806 0.1161 0.0000
vt 0.7908 0.1236 0.0000
vt 0.8049 0.1345 0.0000
vt 0.8136 0.1429 0.0000
vt 0.8246 0.1540 0.0000
vt 0.8327 0.1654 0.0000
vt 0.8418 0.1787 0.0000
vt 0.8508 0.1969 0.0000
vt 0.1540 0.1841 0.0000
vt 0.8592 0.2152 0.0000
vt 0.8704 0.2453 0.0000
vt 0.8791 0.2711 0.0000
vt 0.8899 0.3097 0.0000
vt 0.1307 0.2232 0.0000
vt 0.1217 0.2370 0.0000
vt 0.0975 0.2723 0.0000
vt 0.0889 0.2842 0.0000
vt 0.0678 0.3126 0.0000
vt 0.0609 0.3228 0.0000
vt 0.0431 0.3493 0.0000
vt 0.0298 0.3757 0.0000
vt 0.0249 0.3850 0.0000
vt 0.0168 0.4103 0.0000
vt 0.0139 0.4192 0.0000
vt 0.0103 0.4426 0.0000
vt 0.0091 0.4507 0.0000
vt 0.0093 0.4805 0.0000
vt 0.0126 0.5025 0.0000
vt 0.0137 0.5101 0.0000
vt 0.0194 0.5329 0.0000
vt 0.8976 0.3393 0.0000
vt 0.0215 0.5410 0.0000
vt 0.0292 0.5655 0.0000
vt 0.0320 0.5743 0.0000
vt 0.0419 0.6001 0.0000
vt 0.9051 0.3739 0.0000
vt 0.0455 0.6095 0.0000
vt 0.0577 0.6361 0.0000
vt 0.0623 0.6460 0.0000
vt 0.0772 0.6727 0.0000
vt 0.0828 0.6829 0.0000
vt 0.1004 0.7091 0.0000
vt 0.1073 0.7194 0.0000
vt 0.1267 0.7447 0.0000
vt 0.1345 0.7549 0.0000
vt 0.1548 0.7789 0.0000
vt 0.1632 0.7889 0.0000
vt 0.1834 0.8111 0.0000
vt 0.1920 0.8207 0.0000
vt 0.2112 0.8408 0.0000
vt 0.2197 0.8498 0.0000
vt 0.2373 0.8675 0.0000
vt 0.2453 0.8756 0.0000
vt 0.2609 0.8909 0.0000
vt 0.2682 0.8980 0.0000
vt 0.2812 0.9104 0.0000
vt 0.2873 0.9163 0.0000
vt 0.2975 0.9259 0.0000
vt 0.3024 0.9305 0.0000
vt 0.3105 0.9376 0.0000
vt 0.3144 0.9411 0.0000
vt 0.3211 0.9463 0.0000
vt 0.3244 0.9489 0.0000
vt 0.3307 0.9529 0.0000
vt 0.3339 0.9549 0.0000
vt 0.3597 0.9634 0.0000
vt 0.3755 0.9652 0.0000
vt 0.3838 0.9662 0.0000
vt 0.4078 0.9674 0.0000
vt 0.4207 0.9681 0.0000
vt 0.4530 0.9690 0.0000
vt 0.4713 0.9695 0.0000
vt 0.4906 0.9700 0.0000
vt 0.5236 0.9707 0.0000
vt 0.5528 0.9707 0.0000
vt 0.5717 0.9708 0.0000
vt 0.5969 0.9702 0.0000
vt 0.6140 0.9698 0.0000
vt 0.6345 0.9685 0.0000
vt 0.6489 0.9677 0.0000
vt 0.6654 0.9657 0.0000
vt 0.6769 0.9644 0.0000
vt 0.6899 0.9616 0.0000
vt 0.6988 0.9598 0.0000
vt 0.7094 0.9559 0.0000
vt 0.7165 0.9533 0.0000
vt 0.7260 0.9479 0.0000
vt 0.7324 0.9442 0.0000
vt 0.7422 0.9367 0.0000
vt 0.7490 0.9313 0.0000
vt 0.7605 0.9210 0.0000
vt 0.7687 0.9134 0.0000
vt 0.9218 0.4566 0.0000
vt 0.7828 0.8997 0.0000
vt 0.7931 0.8894 0.0000
vt 0.9260 0.4796 0.0000
vt 0.8105 0.8714 0.0000
vt 0.8234 0.8578 0.0000
vt 0.9316 0.5096 0.0000
vt 0.8437 0.8350 0.0000
vt 0.9353 0.5300 0.0000
vt 0.8588 0.8180 0.0000
vt 0.9402 0.5566 0.0000
vt 0.8788 0.7939 0.0000
vt 0.9432 0.5733 0.0000
vt 0.8938 0.7758 0.0000
vt 0.9472 0.5949 0.0000
vt 0.9103 0.7547 0.0000
vt 0.9495 0.6071 0.0000
vt 0.9229 0.7386 0.0000
vt 0.9525 0.6228 0.0000
vt 0.9338 0.7231 0.0000
vt 0.9541 0.6313 0.0000
vt 0.9561 0.6423 0.0000
vt 0.9571 0.6483 0.0000
vt 0.9423 0.7111 0.0000
vt 0.9484 0.7002 0.0000
vt 0.9582 0.6561 0.0000
vt 0.9585 0.6609 0.0000
vt 0.9589 0.6671 0.0000
vt 0.9585 0.6719 0.0000
vt 0.9579 0.6781 0.0000
vt 0.9558 0.6841 0.0000
vt 0.9531 0.6918 0.0000
vt 0.1580 0.1693 0.0000
vt 0.1611 0.1650 0.0000
vt 0.1695 0.1549 0.0000
vt 0.1723 0.1517 0.0000
vt 0.1814 0.1429 0.0000
vt 0.1841 0.1402 0.0000
vt 0.1946 0.1325 0.0000
vt 0.1975 0.1303 0.0000
vt 0.2109 0.1234 0.0000
vt 0.1495 0.1814 0.0000
vt 0.1459 0.1875 0.0000
vt 0.2143 0.1214 0.0000
vt 0.2322 0.1149 0.0000
vt 0.2365 0.1132 0.0000
vt 0.1370 0.2028 0.0000
vt 0.1328 0.2113 0.0000
vt 0.2601 0.1060 0.0000
vt 0.1235 0.2308 0.0000
vt 0.2655 0.1043 0.0000
vt 0.1190 0.2413 0.0000
vt 0.2727 0.1022 0.0000
vt 0.1097 0.2644 0.0000
vt 0.1058 0.2754 0.0000
vt 0.0975 0.2998 0.0000
vt 0.0938 0.3115 0.0000
vt 0.0859 0.3356 0.0000
vt 0.0808 0.3501 0.0000
vt 0.0726 0.3722 0.0000
vt 0.0660 0.3892 0.0000
vt 0.0586 0.4072 0.0000
vt 0.0522 0.4240 0.0000
vt 0.0465 0.4381 0.0000
vt 0.0418 0.4535 0.0000
vt 0.0379 0.4652 0.0000
vt 0.0357 0.4762 0.0000
vt 0.0332 0.4901 0.0000
vt 0.0326 0.5010 0.0000
vt 0.0319 0.5140 0.0000
vt 0.0330 0.5255 0.0000
vt 0.0341 0.5382 0.0000
vt 0.0368 0.5516 0.0000
vt 0.0395 0.5645 0.0000
vt 0.0442 0.5814 0.0000
vt 0.3025 0.0934 0.0000
vt 0.0482 0.5952 0.0000
vt 0.0552 0.6170 0.0000
vt 0.0603 0.6318 0.0000
vt 0.0697 0.6581 0.0000
vt 0.0753 0.6729 0.0000
vt 0.0873 0.7000 0.0000
vt 0.0933 0.7128 0.0000
vt 0.1085 0.7375 0.0000
vt 0.1151 0.7476 0.0000
vt 0.1357 0.7712 0.0000
vt 0.1433 0.7795 0.0000
vt 0.1713 0.8029 0.0000
vt 0.1800 0.8098 0.0000
vt 0.3137 0.0898 0.0000
vt 0.2148 0.8325 0.0000
vt 0.2241 0.8383 0.0000
vt 0.3521 0.0774 0.0000
vt 0.3689 0.0712 0.0000
vt 0.4097 0.0557 0.0000
vt 0.4270 0.0491 0.0000
vt 0.4595 0.0365 0.0000
vt 0.4738 0.0322 0.0000
vt 0.4989 0.0248 0.0000
vt 0.5117 0.0230 0.0000
vt 0.5334 0.0202 0.0000
vt 0.5448 0.0208 0.0000
vt 0.5639 0.0218 0.0000
vt 0.5744 0.0242 0.0000
vt 0.5918 0.0282 0.0000
vt 0.6018 0.0321 0.0000
vt 0.6185 0.0386 0.0000
vt 0.6287 0.0439 0.0000
vt 0.6457 0.0526 0.0000
vt 0.6564 0.0590 0.0000
vt 0.2633 0.8590 0.0000
vt 0.6746 0.0698 0.0000
vt 0.6856 0.0774 0.0000
vt 0.2730 0.8641 0.0000
vt 0.7047 0.0903 0.0000
vt 0.7158 0.0990 0.0000
vt 0.7351 0.1143 0.0000
vt 0.7459 0.1242 0.0000
vt 0.7652 0.1420 0.0000
vt 0.7754 0.1531 0.0000
vt 0.3139 0.8831 0.0000
vt 0.7941 0.1733 0.0000
vt 0.8036 0.1852 0.0000
vt 0.8215 0.2073 0.0000
vt 0.8302 0.2192 0.0000
vt 0.8471 0.2423 0.0000
vt 0.8549 0.2539 0.0000
vt 0.8706 0.2769 0.0000
vt 0.8776 0.2878 0.0000
vt 0.8918 0.3099 0.0000
vt 0.8979 0.3197 0.0000
vt 0.9105 0.3402 0.0000
vt 0.9156 0.3487 0.0000
vt 0.9265 0.3671 0.0000
vt 0.9306 0.3741 0.0000
vt 0.9395 0.3895 0.0000
vt 0.9426 0.3950 0.0000
vt 0.9495 0.4072 0.0000
vt 0.9517 0.4114 0.0000
vt 0.9568 0.4210 0.0000
vt 0.9584 0.4244 0.0000
vt 0.9620 0.4324 0.0000
vt 0.9631 0.4355 0.0000
vt 0.9656 0.4428 0.0000
vt 0.9662 0.4462 0.0000
vt 0.9677 0.4587 0.0000
vt 0.9677 0.4540 0.0000
vt 0.9679 0.4696 0.0000
vt 0.9671 0.4767 0.0000
vt 0.9652 0.4935 0.0000
vt 0.9633 0.5041 0.0000
vt 0.3238 0.8877 0.0000
vt 0.9590 0.5297 0.0000
vt 0.9558 0.5443 0.0000
vt 0.9485 0.5800 0.0000
vt 0.9446 0.5964 0.0000
vt 0.9358 0.6363 0.0000
vt 0.9319 0.6515 0.0000
vt 0.9235 0.6869 0.0000
vt 0.9200 0.6997 0.0000
vt 0.9125 0.7288 0.0000
vt 0.9095 0.7389 0.0000
vt 0.9028 0.7619 0.0000
vt 0.9002 0.7693 0.0000
vt 0.8942 0.7866 0.0000
vt 0.8917 0.7919 0.0000
vt 0.8859 0.8045 0.0000
vt 0.8833 0.8084 0.0000
vt 0.8771 0.8180 0.0000
vt 0.8693 0.8262 0.0000
vt 0.8661 0.8297 0.0000
vt 0.8554 0.8382 0.0000
vt 0.8511 0.8417 0.0000
vt 0.8362 0.8520 0.0000
vt 0.3643 0.9058 0.0000
vt 0.8304 0.8562 0.0000
vt 0.8101 0.8693 0.0000
vt 0.3740 0.9101 0.0000
vt 0.8026 0.8743 0.0000
vt 0.7760 0.8912 0.0000
vt 0.4123 0.9267 0.0000
vt 0.7670 0.8970 0.0000
vt 0.4214 0.9307 0.0000
vt 0.7338 0.9174 0.0000
vt 0.4554 0.9453 0.0000
vt 0.7239 0.9237 0.0000
vt 0.4634 0.9488 0.0000
vt 0.6874 0.9436 0.0000
vt 0.4912 0.9608 0.0000
vt 0.6777 0.9491 0.0000
vt 0.4977 0.9636 0.0000
vt 0.6450 0.9656 0.0000
vt 0.5180 0.9725 0.0000
vt 0.6369 0.9698 0.0000
vt 0.5227 0.9745 0.0000
vt 0.5368 0.9807 0.0000
vt 0.6129 0.9804 0.0000
vt 0.5400 0.9821 0.0000
vt 0.6072 0.9829 0.0000
vt 0.5908 0.9883 0.0000
vt 0.5869 0.9895 0.0000
vt 0.5843 0.9898 0.0000
vt 0.5502 0.9861 0.0000
vt 0.5525 0.9870 0.0000
vt 0.5607 0.9894 0.0000
vt 0.5626 0.9900 0.0000
vt 0.5711 0.9910 0.0000
vt 0.5731 0.9913 0.0000
# 1061 texture coords

o Object004
g Object004
usemtl wire_198225087
s 1
f 4547/5911/4549 4548/5912/4550 4549/5913/4551 4550/5914/4552 
f 4547/5911/4549 4550/5914/4552 4551/5915/4553 
f 4552/5916/4554 4551/5915/4553 4550/5914/4552 4553/5917/4555 
f 4552/5916/4554 4553/5917/4555 4554/5918/4556 
f 4555/5919/4557 4554/5918/4556 4553/5917/4555 4556/5920/4558 
f 4555/5919/4557 4556/5920/4558 4557/5921/4559 
f 4558/5922/4560 4557/5921/4559 4556/5920/4558 4559/5923/4561 
f 4558/5922/4560 4559/5923/4561 4560/5924/4562 
f 4561/5925/4563 4560/5924/4562 4559/5923/4561 4562/5926/4564 
f 4561/5925/4563 4562/5926/4564 4563/5927/4565 
f 4564/5928/4566 4563/5927/4565 4562/5926/4564 4565/5929/4567 
f 4564/5928/4566 4565/5929/4567 4566/5930/4568 
f 4567/5931/4569 4566/5930/4568 4565/5929/4567 4568/5932/4570 
f 4567/5931/4569 4568/5932/4570 4569/5933/4571 
f 4570/5934/4572 4569/5933/4571 4568/5932/4570 4571/5935/4573 
f 4570/5934/4572 4571/5935/4573 4572/5936/4574 
f 4573/5937/4575 4572/5936/4574 4571/5935/4573 4574/5938/4576 
f 4573/5937/4575 4574/5938/4576 4575/5939/4577 
f 4576/5940/4578 4575/5939/4577 4574/5938/4576 4577/5941/4579 
f 4576/5940/4578 4577/5941/4579 4578/5942/4580 
f 4579/5943/4581 4578/5942/4580 4577/5941/4579 4580/5944/4582 
f 4579/5943/4581 4580/5944/4582 4581/5945/4583 
f 4582/5946/4584 4581/5945/4583 4580/5944/4582 4583/5947/4585 
f 4582/5946/4584 4583/5947/4585 4584/5948/4586 
f 4585/5949/4587 4584/5948/4586 4583/5947/4585 4586/5950/4588 
f 4585/5949/4587 4586/5950/4588 4587/5951/4589 
f 4588/5952/4590 4587/5951/4589 4586/5950/4588 4589/5953/4591 
f 4588/5952/4590 4589/5953/4591 4590/5954/4592 
f 4591/5955/4593 4590/5954/4592 4589/5953/4591 4592/5956/4594 
f 4591/5955/4593 4592/5956/4594 4593/5957/4595 
f 4594/5958/4596 4593/5957/4595 4592/5956/4594 4595/5959/4597 
f 4594/5958/4596 4595/5959/4597 4596/5960/4598 
f 4597/5961/4599 4596/5960/4598 4595/5959/4597 4598/5962/4600 
f 4597/5961/4599 4598/5962/4600 4599/5963/4601 
f 4600/5964/4602 4599/5963/4601 4598/5962/4600 4601/5965/4603 
f 4600/5964/4602 4601/5965/4603 4602/5966/4604 
f 4603/5967/4605 4602/5966/4604 4601/5965/4603 4604/5968/4606 
f 4603/5967/4605 4604/5968/4606 4605/5969/4607 
f 4606/5970/4608 4605/5969/4607 4604/5968/4606 4607/5971/4609 
f 4606/5970/4608 4607/5971/4609 4608/5972/4610 
f 4609/5973/4611 4608/5972/4610 4607/5971/4609 4610/5974/4612 
f 4609/5973/4611 4610/5974/4612 4611/5975/4613 
f 4612/5976/4614 4611/5975/4613 4610/5974/4612 4613/5977/4615 
f 4612/5976/4614 4613/5977/4615 4614/5978/4616 
f 4615/5979/4617 4614/5978/4616 4613/5977/4615 4616/5980/4618 
f 4615/5979/4617 4616/5980/4618 4617/5981/4619 
f 4618/5982/4620 4617/5981/4619 4616/5980/4618 4619/5983/4621 
f 4618/5982/4620 4619/5983/4621 4620/5984/4622 
f 4621/5985/4623 4620/5984/4622 4619/5983/4621 4622/5986/4624 
f 4621/5985/4623 4622/5986/4624 4623/5987/4625 
f 4624/5988/4626 4623/5987/4625 4622/5986/4624 4625/5989/4627 
f 4624/5988/4626 4625/5989/4627 4626/5990/4628 
f 4627/5991/4629 4626/5990/4628 4625/5989/4627 4628/5992/4630 
f 4627/5991/4629 4628/5992/4630 4629/5993/4631 
f 4630/5994/4632 4629/5993/4631 4628/5992/4630 4631/5995/4633 
f 4630/5994/4632 4631/5995/4633 4632/5996/4634 
f 4633/5997/4635 4632/5996/4634 4631/5995/4633 4634/5998/4636 
f 4633/5997/4635 4634/5998/4636 4635/5999/4637 
f 4636/6000/4638 4635/5999/4637 4634/5998/4636 4637/6001/4639 
f 4636/6000/4638 4637/6001/4639 4638/6002/4640 
f 4639/6003/4641 4638/6002/4640 4637/6001/4639 4640/6004/4642 
f 4639/6003/4641 4640/6004/4642 4641/6005/4643 
f 4642/6006/4644 4641/6005/4643 4640/6004/4642 4643/6007/4645 
f 4642/6006/4644 4643/6007/4645 4644/6008/4646 
f 4645/6009/4647 4644/6008/4646 4643/6007/4645 4646/6010/4648 
f 4645/6009/4647 4646/6010/4648 4647/6011/4649 
f 4648/6012/4650 4647/6011/4649 4646/6010/4648 4649/6013/4651 
f 4648/6012/4650 4649/6013/4651 4650/6014/4652 
f 4651/6015/4653 4650/6014/4652 4649/6013/4651 4652/6016/4654 
f 4651/6015/4653 4652/6016/4654 4653/6017/4655 
f 4654/6018/4656 4653/6017/4655 4652/6016/4654 4655/6019/4657 
f 4654/6018/4656 4655/6019/4657 4656/6020/4658 
f 4657/6021/4659 4656/6020/4658 4655/6019/4657 4658/6022/4660 
f 4657/6021/4659 4658/6022/4660 4659/6023/4661 
f 4660/6024/4662 4659/6023/4661 4658/6022/4660 4661/6025/4663 
f 4660/6024/4662 4661/6025/4663 4662/6026/4664 
f 4663/6027/4665 4662/6026/4664 4661/6025/4663 4664/6028/4666 
f 4663/6027/4665 4664/6028/4666 4665/6029/4667 
f 4666/6030/4668 4665/6029/4667 4664/6028/4666 4667/6031/4669 
f 4666/6030/4668 4667/6031/4669 4668/6032/4670 
f 4669/6033/4671 4668/6032/4670 4667/6031/4669 4670/6034/4672 
f 4669/6033/4671 4670/6034/4672 4671/6035/4673 
f 4672/6036/4674 4671/6035/4673 4670/6034/4672 4673/6037/4675 
f 4672/6036/4674 4673/6037/4675 4674/6038/4676 
f 4675/6039/4677 4674/6038/4676 4673/6037/4675 4676/6040/4678 
f 4675/6039/4677 4676/6040/4678 4677/6041/4679 
f 4678/6042/4680 4677/6041/4679 4676/6040/4678 4679/6043/4681 
f 4678/6042/4680 4679/6043/4681 4680/6044/4682 
f 4681/6045/4683 4680/6044/4682 4679/6043/4681 4682/6046/4684 
f 4681/6045/4683 4682/6046/4684 4683/6047/4685 
f 4684/6048/4686 4683/6047/4685 4682/6046/4684 4685/6049/4687 
f 4684/6048/4686 4685/6049/4687 4686/6050/4688 
f 4687/6051/4689 4686/6050/4688 4685/6049/4687 4688/6052/4690 
f 4687/6051/4689 4688/6052/4690 4689/6053/4691 
f 4690/6054/4692 4689/6055/4691 4688/6056/4690 4691/6057/4693 
f 4690/6054/4692 4691/6057/4693 4692/6058/4694 
f 4693/6059/4695 4692/6058/4694 4691/6057/4693 4694/6060/4696 
f 4693/6059/4695 4694/6060/4696 4695/6061/4697 
f 4696/6062/4698 4695/6061/4697 4694/6060/4696 4697/6063/4699 
f 4696/6062/4698 4697/6063/4699 4698/6064/4700 
f 4699/6065/4701 4698/6064/4700 4697/6063/4699 4700/6066/4702 
f 4699/6065/4701 4700/6066/4702 4701/6067/4703 
f 4702/6068/4704 4701/6067/4703 4700/6066/4702 4703/6069/4705 
f 4702/6068/4704 4703/6069/4705 4704/6070/4706 
f 4705/6071/4707 4704/6070/4706 4703/6069/4705 4706/6072/4708 
f 4705/6071/4707 4706/6072/4708 4707/6073/4709 
f 4708/6074/4710 4707/6073/4709 4706/6072/4708 4709/6075/4711 
f 4708/6074/4710 4709/6075/4711 4710/6076/4712 
f 4711/6077/4713 4710/6076/4712 4709/6075/4711 4712/6078/4714 
f 4711/6077/4713 4712/6078/4714 4713/6079/4715 
f 4714/6080/4716 4713/6079/4715 4712/6078/4714 4715/6081/4717 
f 4714/6080/4716 4715/6081/4717 4716/6082/4718 
f 4717/6083/4719 4716/6082/4718 4715/6081/4717 4718/6084/4720 
f 4717/6083/4719 4718/6084/4720 4719/6085/4721 
f 4720/6086/4722 4719/6085/4721 4718/6084/4720 4721/6087/4723 
f 4720/6086/4722 4721/6087/4723 4722/6088/4724 
f 4723/6089/4725 4722/6088/4724 4721/6087/4723 4724/6090/4726 
f 4723/6089/4725 4724/6090/4726 4725/6091/4727 
f 4726/6092/4728 4725/6091/4727 4724/6090/4726 4727/6093/4729 
f 4726/6092/4728 4727/6093/4729 4728/6094/4730 
f 4729/6095/4731 4728/6094/4730 4727/6093/4729 4730/6096/4732 
f 4729/6095/4731 4730/6096/4732 4731/6097/4733 
f 4732/6098/4734 4731/6097/4733 4730/6096/4732 4733/6099/4735 
f 4732/6098/4734 4733/6099/4735 4734/6100/4736 
f 4735/6101/4737 4734/6100/4736 4733/6099/4735 4736/6102/4738 
f 4735/6101/4737 4736/6102/4738 4737/6103/4739 
f 4738/6104/4740 4737/6103/4739 4736/6102/4738 4739/6105/4741 
f 4738/6104/4740 4739/6105/4741 4740/6106/4742 
f 4741/6107/4743 4740/6106/4742 4739/6105/4741 4742/6108/4744 
f 4741/6107/4743 4742/6108/4744 4743/6109/4745 
f 4744/6110/4746 4743/6109/4745 4742/6108/4744 4745/6111/4747 
f 4744/6110/4746 4745/6111/4747 4746/6112/4748 
f 4747/6113/4749 4746/6112/4748 4745/6111/4747 4748/6114/4750 
f 4747/6113/4749 4748/6114/4750 4749/6115/4751 
f 4750/6116/4752 4749/6115/4751 4748/6114/4750 4751/6117/4753 
f 4750/6116/4752 4751/6117/4753 4752/6118/4754 
f 4753/6119/4755 4752/6118/4754 4751/6117/4753 4754/6120/4756 
f 4753/6119/4755 4754/6120/4756 4755/6121/4757 
f 4756/6122/4758 4755/6121/4757 4754/6120/4756 4757/6123/4759 
f 4756/6122/4758 4757/6123/4759 4758/6124/4760 
f 4759/6125/4761 4758/6124/4760 4757/6123/4759 4760/6126/4762 
f 4759/6125/4761 4760/6126/4762 4761/6127/4763 
f 4762/6128/4764 4761/6127/4763 4760/6126/4762 4763/6129/4765 
f 4762/6128/4764 4763/6129/4765 4764/6130/4766 
f 4765/6131/4767 4764/6130/4766 4763/6129/4765 4766/6132/4768 
f 4765/6131/4767 4766/6132/4768 4767/6133/4769 
f 4768/6134/4770 4767/6133/4769 4766/6132/4768 4769/6135/4771 
f 4768/6134/4770 4769/6135/4771 4770/6136/4772 
f 4771/6137/4773 4770/6136/4772 4769/6135/4771 4772/6138/4774 
f 4771/6137/4773 4772/6138/4774 4773/6139/4775 
f 4774/6140/4776 4773/6139/4775 4772/6138/4774 4775/6141/4777 
f 4774/6140/4776 4775/6141/4777 4776/6142/4778 
f 4777/6143/4779 4776/6142/4778 4775/6141/4777 4778/6144/4780 
f 4777/6143/4779 4778/6144/4780 4779/6145/4781 
f 4780/6146/4782 4779/6145/4781 4778/6144/4780 4781/6147/4783 
f 4780/6146/4782 4781/6147/4783 4782/6148/4784 
f 4783/6149/4785 4782/6148/4784 4781/6147/4783 4784/6150/4786 
f 4783/6149/4785 4784/6150/4786 4785/6151/4787 
f 4786/6152/4788 4785/6151/4787 4784/6150/4786 4787/6153/4789 
f 4786/6152/4788 4787/6153/4789 4788/6154/4790 
f 4789/6155/4791 4788/6154/4790 4787/6153/4789 4790/6156/4792 
f 4789/6155/4791 4790/6156/4792 4791/6157/4793 
f 4792/6158/4794 4791/6157/4793 4790/6156/4792 4793/6159/4795 
f 4792/6158/4794 4793/6159/4795 4794/6160/4796 
f 4795/6161/4797 4794/6160/4796 4793/6159/4795 4796/6162/4798 
f 4795/6161/4797 4796/6162/4798 4797/6163/4799 
f 4798/6164/4800 4797/6163/4799 4796/6162/4798 4799/6165/4801 
f 4798/6164/4800 4799/6165/4801 4800/6166/4802 
f 4801/6167/4803 4800/6166/4802 4799/6165/4801 4802/6168/4804 
f 4801/6167/4803 4802/6168/4804 4803/6169/4805 
f 4804/6170/4806 4803/6169/4805 4802/6168/4804 4805/6171/4807 
f 4804/6170/4806 4805/6171/4807 4806/6172/4808 
f 4807/6173/4809 4806/6172/4808 4805/6171/4807 4808/6174/4810 
f 4807/6173/4809 4808/6174/4810 4809/6175/4811 
f 4810/6176/4812 4811/6177/4813 4808/6174/4810 4805/6171/4807 
f 4811/6177/4813 4812/6178/4814 4549/5913/4551 4808/6174/4810 
f 4813/6179/4815 4814/6180/4816 4812/6178/4814 4811/6177/4813 
f 4814/6180/4816 4815/6181/4817 4816/6182/4818 4812/6178/4814 
f 4815/6181/4817 4817/6183/4819 4818/6184/4820 4816/6182/4818 
f 4817/6183/4819 4819/6185/4821 4820/6186/4822 4818/6184/4820 
f 4819/6185/4821 4821/6187/4823 4822/6188/4824 4820/6186/4822 
f 4821/6187/4823 4823/6189/4825 4824/6190/4826 4822/6188/4824 
f 4823/6189/4825 4825/6191/4827 4826/6192/4828 4824/6190/4826 
f 4825/6191/4827 4827/6193/4829 4828/6194/4830 4826/6192/4828 
f 4827/6193/4829 4829/6195/4831 4830/6196/4832 4828/6194/4830 
f 4829/6195/4831 4831/6197/4833 4832/6198/4834 4830/6196/4832 
f 4831/6197/4833 4833/6199/4835 4834/6200/4836 4832/6198/4834 
f 4833/6199/4835 4835/6201/4837 4836/6202/4838 4834/6200/4836 
f 4835/6201/4837 4837/6203/4839 4838/6204/4840 4836/6202/4838 
f 4837/6203/4839 4839/6205/4841 4840/6206/4842 4838/6204/4840 
f 4839/6205/4841 4841/6207/4843 4842/6208/4844 4840/6206/4842 
f 4841/6207/4843 4843/6209/4845 4844/6210/4846 4842/6208/4844 
f 4843/6209/4845 4845/6211/4847 4846/6212/4848 4844/6210/4846 
f 4845/6211/4847 4847/6213/4849 4848/6214/4850 4846/6212/4848 
f 4847/6213/4849 4849/6215/4851 4850/6216/4852 4848/6214/4850 
f 4849/6215/4851 4851/6217/4853 4852/6218/4854 4850/6216/4852 
f 4851/6217/4853 4853/6219/4855 4854/6220/4856 4852/6218/4854 
f 4853/6219/4855 4855/6221/4857 4856/6222/4858 4854/6220/4856 
f 4855/6221/4857 4857/6223/4859 4858/6224/4860 4856/6222/4858 
f 4857/6223/4859 4859/6225/4861 4860/6226/4862 4858/6224/4860 
f 4859/6225/4861 4861/6227/4863 4862/6228/4864 4860/6226/4862 
f 4861/6227/4863 4863/6229/4865 4864/6230/4866 4862/6228/4864 
f 4863/6229/4865 4865/6231/4867 4866/6232/4868 4864/6230/4866 
f 4865/6231/4867 4867/6233/4869 4868/6234/4870 4866/6232/4868 
f 4867/6233/4869 4869/6235/4871 4870/6236/4872 4868/6234/4870 
f 4871/6237/4873 4872/6238/4874 4870/6236/4872 4869/6235/4871 
f 4634/5998/4636 4631/5995/4633 4870/6236/4872 4872/6238/4874 
f 4871/6237/4873 4873/6239/4875 4874/6240/4876 4872/6238/4874 
f 4873/6239/4875 4875/6241/4877 4876/6242/4878 4874/6240/4876 
f 4875/6241/4877 4877/6243/4879 4878/6244/4880 4876/6242/4878 
f 4877/6243/4879 4879/6245/4881 4880/6246/4882 4878/6244/4880 
f 4879/6245/4881 4881/6247/4883 4882/6248/4884 4880/6246/4882 
f 4883/6249/4885 4884/6250/4886 4882/6248/4884 4881/6247/4883 
f 4884/6250/4886 4652/6016/4654 4649/6013/4651 4882/6248/4884 
f 4885/6251/4887 4886/6252/4888 4884/6250/4886 4883/6249/4885 
f 4886/6252/4888 4655/6019/4657 4652/6016/4654 4884/6250/4886 
f 4887/6253/4889 4888/6254/4890 4886/6252/4888 4885/6251/4887 
f 4888/6254/4890 4658/6022/4660 4655/6019/4657 4886/6252/4888 
f 4889/6255/4891 4890/6256/4892 4888/6254/4890 4887/6253/4889 
f 4890/6256/4892 4661/6025/4663 4658/6022/4660 4888/6254/4890 
f 4889/6255/4891 4891/6257/4893 4892/6258/4894 4890/6256/4892 
f 4891/6257/4893 4893/6259/4895 4894/6260/4896 4892/6258/4894 
f 4893/6259/4895 4895/6261/4897 4896/6262/4898 4894/6260/4896 
f 4895/6261/4897 4897/6263/4899 4898/6264/4900 4896/6262/4898 
f 4897/6263/4899 4899/6265/4901 4900/6266/4902 4898/6264/4900 
f 4899/6265/4901 4901/6267/4903 4902/6268/4904 4900/6266/4902 
f 4901/6267/4903 4903/6269/4905 4904/6270/4906 4902/6268/4904 
f 4903/6269/4905 4905/6271/4907 4906/6272/4908 4904/6270/4906 
f 4905/6271/4907 4907/6273/4909 4908/6274/4910 4906/6272/4908 
f 4907/6275/4909 4909/6276/4911 4910/6277/4912 4908/6278/4910 
f 4909/6276/4911 4911/6279/4913 4912/6280/4914 4910/6277/4912 
f 4911/6279/4913 4913/6281/4915 4914/6282/4916 4912/6280/4914 
f 4913/6281/4915 4915/6283/4917 4916/6284/4918 4914/6282/4916 
f 4915/6283/4917 4917/6285/4919 4918/6286/4920 4916/6284/4918 
f 4917/6285/4919 4919/6287/4921 4920/6288/4922 4918/6286/4920 
f 4919/6287/4921 4921/6289/4923 4922/6290/4924 4920/6288/4922 
f 4921/6289/4923 4923/6291/4925 4924/6292/4926 4922/6290/4924 
f 4923/6291/4925 4925/6293/4927 4926/6294/4928 4924/6292/4926 
f 4925/6293/4927 4927/6295/4929 4928/6296/4930 4926/6294/4928 
f 4927/6295/4929 4929/6297/4931 4930/6298/4932 4928/6296/4930 
f 4929/6297/4931 4931/6299/4933 4932/6300/4934 4930/6298/4932 
f 4933/6301/4935 4934/6302/4936 4932/6300/4934 4931/6299/4933 
f 4727/6093/4729 4724/6090/4726 4932/6300/4934 4934/6302/4936 
f 4935/6303/4937 4936/6304/4938 4934/6302/4936 4933/6301/4935 
f 4730/6096/4732 4727/6093/4729 4934/6302/4936 4936/6304/4938 
f 4937/6305/4939 4938/6306/4940 4936/6304/4938 4935/6303/4937 
f 4733/6099/4735 4730/6096/4732 4936/6304/4938 4938/6306/4940 
f 4937/6305/4939 4939/6307/4941 4940/6308/4942 4938/6306/4940 
f 4939/6307/4941 4941/6309/4943 4942/6310/4944 4940/6308/4942 
f 4941/6309/4943 4943/6311/4945 4944/6312/4946 4942/6310/4944 
f 4943/6311/4945 4945/6313/4947 4946/6314/4948 4944/6312/4946 
f 4945/6313/4947 4947/6315/4949 4948/6316/4950 4946/6314/4948 
f 4947/6315/4949 4949/6317/4951 4950/6318/4952 4948/6316/4950 
f 4951/6319/4953 4952/6320/4954 4950/6318/4952 4949/6317/4951 
f 4952/6320/4954 4754/6120/4756 4751/6117/4753 4950/6318/4952 
f 4953/6321/4955 4954/6322/4956 4952/6320/4954 4951/6319/4953 
f 4954/6322/4956 4757/6123/4759 4754/6120/4756 4952/6320/4954 
f 4955/6323/4957 4956/6324/4958 4954/6322/4956 4953/6321/4955 
f 4956/6324/4958 4760/6126/4762 4757/6123/4759 4954/6322/4956 
f 4957/6325/4959 4958/6326/4960 4956/6324/4958 4955/6323/4957 
f 4958/6326/4960 4763/6129/4765 4760/6126/4762 4956/6324/4958 
f 4959/6327/4961 4960/6328/4962 4958/6326/4960 4957/6325/4959 
f 4960/6328/4962 4766/6132/4768 4763/6129/4765 4958/6326/4960 
f 4961/6329/4963 4962/6330/4964 4960/6328/4962 4959/6327/4961 
f 4962/6330/4964 4769/6135/4771 4766/6132/4768 4960/6328/4962 
f 4963/6331/4965 4964/6332/4966 4962/6330/4964 4961/6329/4963 
f 4964/6332/4966 4772/6138/4774 4769/6135/4771 4962/6330/4964 
f 4965/6333/4967 4966/6334/4968 4964/6332/4966 4963/6331/4965 
f 4966/6334/4968 4775/6141/4777 4772/6138/4774 4964/6332/4966 
f 4967/6335/4969 4968/6336/4970 4966/6334/4968 4965/6333/4967 
f 4968/6336/4970 4778/6144/4780 4775/6141/4777 4966/6334/4968 
f 4969/6337/4971 4970/6338/4972 4968/6336/4970 4967/6335/4969 
f 4970/6338/4972 4781/6147/4783 4778/6144/4780 4968/6336/4970 
f 4971/6339/4973 4972/6340/4974 4970/6338/4972 4969/6337/4971 
f 4972/6340/4974 4784/6150/4786 4781/6147/4783 4970/6338/4972 
f 4973/6341/4975 4974/6342/4976 4972/6340/4974 4971/6339/4973 
f 4974/6342/4976 4787/6153/4789 4784/6150/4786 4972/6340/4974 
f 4975/6343/4977 4976/6344/4978 4974/6342/4976 4973/6341/4975 
f 4976/6344/4978 4790/6156/4792 4787/6153/4789 4974/6342/4976 
f 4977/6345/4979 4978/6346/4980 4976/6344/4978 4975/6343/4977 
f 4978/6346/4980 4793/6159/4795 4790/6156/4792 4976/6344/4978 
f 4977/6345/4979 4979/6347/4981 4980/6348/4982 4978/6346/4980 
f 4979/6347/4981 4981/6349/4983 4982/6350/4984 4980/6348/4982 
f 4981/6349/4983 4983/6351/4985 4984/6352/4986 4982/6350/4984 
f 4983/6351/4985 4985/6353/4987 4810/6176/4812 4984/6352/4986 
f 4986/6354/4988 4987/6355/4989 4985/6353/4987 4983/6351/4985 
f 4987/6355/4989 4988/6356/4990 4813/6179/4815 4985/6353/4987 
f 4989/6357/4991 4990/6358/4992 4988/6356/4990 4987/6355/4989 
f 4989/6357/4991 4987/6355/4989 4991/6359/4993 
f 4992/6360/4994 4993/6361/4995 4994/6362/4996 4988/6356/4990 
f 4990/6358/4992 4992/6360/4994 4988/6356/4990 
f 4814/6180/4816 4813/6179/4815 4988/6356/4990 4994/6362/4996 
f 4995/6363/4997 4996/6364/4998 4997/6365/4999 4994/6362/4996 
f 4993/6361/4995 4995/6363/4997 4994/6362/4996 
f 4815/6181/4817 4814/6180/4816 4994/6362/4996 4997/6365/4999 
f 4997/6365/4999 4996/6364/4998 4998/6366/5000 4999/6367/5001 
f 4817/6183/4819 4815/6181/4817 4997/6365/4999 4999/6367/5001 
f 5000/6368/5002 5001/6369/5003 5002/6370/5004 4999/6367/5001 
f 4998/6366/5000 5000/6368/5002 4999/6367/5001 
f 4819/6185/4821 4817/6183/4819 4999/6367/5001 5002/6370/5004 
f 5003/6371/5005 5004/6372/5006 5005/6373/5007 5002/6370/5004 
f 5001/6369/5003 5003/6371/5005 5002/6370/5004 
f 4821/6187/4823 4819/6185/4821 5002/6370/5004 5005/6373/5007 
f 5006/6374/5008 5007/6375/5009 5008/6376/5010 5005/6373/5007 
f 5004/6372/5006 5006/6374/5008 5005/6373/5007 
f 4823/6189/4825 4821/6187/4823 5005/6373/5007 5008/6376/5010 
f 5009/6377/5011 5010/6378/5012 5011/6379/5013 5008/6376/5010 
f 5007/6375/5009 5009/6377/5011 5008/6376/5010 
f 4825/6191/4827 4823/6189/4825 5008/6376/5010 5011/6379/5013 
f 5012/6380/5014 5013/6381/5015 5014/6382/5016 5011/6379/5013 
f 5010/6378/5012 5012/6380/5014 5011/6379/5013 
f 4827/6193/4829 4825/6191/4827 5011/6379/5013 5014/6382/5016 
f 5015/6383/5017 5016/6384/5018 5017/6385/5019 5014/6382/5016 
f 5013/6381/5015 5015/6383/5017 5014/6382/5016 
f 4829/6195/4831 4827/6193/4829 5014/6382/5016 5017/6385/5019 
f 5018/6386/5020 5019/6387/5021 5020/6388/5022 5017/6385/5019 
f 5016/6384/5018 5018/6386/5020 5017/6385/5019 
f 4831/6197/4833 4829/6195/4831 5017/6385/5019 5020/6388/5022 
f 5021/6389/5023 5022/6390/5024 5023/6391/5025 5020/6388/5022 
f 5019/6387/5021 5021/6389/5023 5020/6388/5022 
f 4833/6199/4835 4831/6197/4833 5020/6388/5022 5023/6391/5025 
f 5024/6392/5026 5025/6393/5027 5026/6394/5028 5023/6391/5025 
f 5022/6390/5024 5024/6392/5026 5023/6391/5025 
f 4835/6201/4837 4833/6199/4835 5023/6391/5025 5026/6394/5028 
f 5027/6395/5029 5028/6396/5030 5029/6397/5031 5026/6394/5028 
f 5025/6393/5027 5027/6395/5029 5026/6394/5028 
f 4837/6203/4839 4835/6201/4837 5026/6394/5028 5029/6397/5031 
f 5030/6398/5032 5031/6399/5033 5032/6400/5034 5029/6397/5031 
f 5028/6396/5030 5030/6398/5032 5029/6397/5031 
f 4839/6205/4841 4837/6203/4839 5029/6397/5031 5032/6400/5034 
f 5033/6401/5035 5034/6402/5036 5035/6403/5037 5032/6400/5034 
f 5031/6399/5033 5033/6401/5035 5032/6400/5034 
f 4841/6207/4843 4839/6205/4841 5032/6400/5034 5035/6403/5037 
f 5036/6404/5038 5037/6405/5039 5038/6406/5040 5035/6403/5037 
f 5034/6402/5036 5036/6404/5038 5035/6403/5037 
f 4843/6209/4845 4841/6207/4843 5035/6403/5037 5038/6406/5040 
f 5039/6407/5041 5040/6408/5042 5041/6409/5043 5038/6406/5040 
f 5037/6405/5039 5039/6407/5041 5038/6406/5040 
f 4845/6211/4847 4843/6209/4845 5038/6406/5040 5041/6409/5043 
f 5042/6410/5044 5043/6411/5045 5044/6412/5046 5041/6409/5043 
f 5040/6408/5042 5042/6410/5044 5041/6409/5043 
f 4847/6213/4849 4845/6211/4847 5041/6409/5043 5044/6412/5046 
f 5045/6413/5047 5046/6414/5048 5047/6415/5049 5044/6412/5046 
f 5043/6411/5045 5045/6413/5047 5044/6412/5046 
f 4849/6215/4851 4847/6213/4849 5044/6412/5046 5047/6415/5049 
f 5048/6416/5050 5049/6417/5051 5050/6418/5052 5047/6415/5049 
f 5046/6414/5048 5048/6416/5050 5047/6415/5049 
f 4851/6217/4853 4849/6215/4851 5047/6415/5049 5050/6418/5052 
f 5051/6419/5053 5052/6420/5054 5053/6421/5055 5050/6418/5052 
f 5049/6417/5051 5051/6419/5053 5050/6418/5052 
f 4853/6219/4855 4851/6217/4853 5050/6418/5052 5053/6421/5055 
f 5054/6422/5056 5055/6423/5057 5056/6424/5058 5053/6421/5055 
f 5052/6420/5054 5054/6422/5056 5053/6421/5055 
f 4855/6221/4857 4853/6219/4855 5053/6421/5055 5056/6424/5058 
f 5057/6425/5059 5058/6426/5060 5059/6427/5061 5056/6424/5058 
f 5055/6423/5057 5057/6425/5059 5056/6424/5058 
f 4857/6223/4859 4855/6221/4857 5056/6424/5058 5059/6427/5061 
f 5060/6428/5062 5061/6429/5063 5062/6430/5064 5059/6427/5061 
f 5058/6426/5060 5060/6428/5062 5059/6427/5061 
f 4859/6225/4861 4857/6223/4859 5059/6427/5061 5062/6430/5064 
f 5063/6431/5065 5064/6432/5066 5065/6433/5067 5062/6430/5064 
f 5061/6429/5063 5063/6431/5065 5062/6430/5064 
f 4861/6227/4863 4859/6225/4861 5062/6430/5064 5065/6433/5067 
f 5066/6434/5068 5067/6435/5069 5068/6436/5070 5065/6433/5067 
f 5064/6432/5066 5066/6434/5068 5065/6433/5067 
f 4863/6229/4865 4861/6227/4863 5065/6433/5067 5068/6436/5070 
f 4865/6231/4867 4863/6229/4865 5068/6436/5070 5069/6437/5071 
f 5070/6438/5072 5071/6439/5073 5069/6437/5071 5068/6436/5070 
f 5070/6438/5072 5068/6436/5070 5067/6435/5069 
f 5072/6440/5074 5073/6441/5075 5074/6442/5076 5069/6437/5071 
f 5071/6439/5073 5072/6440/5074 5069/6437/5071 
f 4867/6233/4869 4865/6231/4867 5069/6437/5071 5074/6442/5076 
f 5075/6443/5077 5076/6444/5078 5077/6445/5079 5074/6442/5076 
f 5073/6441/5075 5075/6443/5077 5074/6442/5076 
f 4869/6235/4871 4867/6233/4869 5074/6442/5076 5077/6445/5079 
f 5078/6446/5080 4871/6237/4873 4869/6235/4871 5077/6445/5079 
f 5079/6447/5081 5080/6448/5082 5078/6446/5080 5077/6445/5079 
f 5079/6447/5081 5077/6445/5079 5076/6444/5078 
f 5081/6449/5083 5082/6450/5084 5083/6451/5085 5078/6446/5080 
f 5080/6448/5082 5081/6449/5083 5078/6446/5080 
f 5083/6451/5085 4873/6239/4875 4871/6237/4873 5078/6446/5080 
f 5084/6452/5086 5085/6453/5087 5086/6454/5088 5083/6451/5085 
f 5082/6450/5084 5084/6452/5086 5083/6451/5085 
f 4875/6241/4877 4873/6239/4875 5083/6451/5085 5086/6454/5088 
f 5087/6455/5089 5088/6456/5090 5089/6457/5091 5086/6454/5088 
f 5085/6453/5087 5087/6455/5089 5086/6454/5088 
f 4877/6243/4879 4875/6241/4877 5086/6454/5088 5089/6457/5091 
f 5090/6458/5092 5091/6459/5093 5092/6460/5094 5089/6457/5091 
f 5088/6456/5090 5090/6458/5092 5089/6457/5091 
f 4879/6245/4881 4877/6243/4879 5089/6457/5091 5092/6460/5094 
f 5093/6461/5095 5094/6462/5096 5095/6463/5097 5092/6460/5094 
f 5091/6459/5093 5093/6461/5095 5092/6460/5094 
f 4881/6247/4883 4879/6245/4881 5092/6460/5094 5095/6463/5097 
f 5096/6464/5098 4883/6249/4885 4881/6247/4883 5095/6463/5097 
f 5097/6465/5099 5098/6466/5100 5096/6464/5098 5095/6463/5097 
f 5097/6465/5099 5095/6463/5097 5094/6462/5096 
f 5099/6467/5101 5100/6468/5102 5101/6469/5103 5096/6464/5098 
f 5098/6466/5100 5099/6467/5101 5096/6464/5098 
f 5101/6469/5103 4885/6251/4887 4883/6249/4885 5096/6464/5098 
f 5102/6470/5104 5103/6471/5105 5104/6472/5106 5101/6469/5103 
f 5100/6468/5102 5102/6470/5104 5101/6469/5103 
f 5104/6472/5106 4887/6253/4889 4885/6251/4887 5101/6469/5103 
f 5105/6473/5107 5106/6474/5108 5107/6475/5109 5104/6472/5106 
f 5103/6471/5105 5105/6473/5107 5104/6472/5106 
f 5107/6475/5109 4889/6255/4891 4887/6253/4889 5104/6472/5106 
f 5108/6476/5110 5109/6477/5111 5110/6478/5112 5107/6475/5109 
f 5106/6474/5108 5108/6476/5110 5107/6475/5109 
f 4891/6257/4893 4889/6255/4891 5107/6475/5109 5110/6478/5112 
f 5111/6479/5113 5112/6480/5114 5113/6481/5115 5110/6478/5112 
f 5109/6477/5111 5111/6479/5113 5110/6478/5112 
f 4893/6259/4895 4891/6257/4893 5110/6478/5112 5113/6481/5115 
f 5114/6482/5116 5115/6483/5117 5116/6484/5118 5113/6481/5115 
f 5112/6480/5114 5114/6482/5116 5113/6481/5115 
f 4895/6261/4897 4893/6259/4895 5113/6481/5115 5116/6484/5118 
f 5117/6485/5119 5118/6486/5120 5119/6487/5121 5116/6484/5118 
f 5115/6483/5117 5117/6485/5119 5116/6484/5118 
f 4897/6263/4899 4895/6261/4897 5116/6484/5118 5119/6487/5121 
f 5120/6488/5122 5121/6489/5123 5122/6490/5124 5119/6487/5121 
f 5118/6486/5120 5120/6488/5122 5119/6487/5121 
f 4899/6265/4901 4897/6263/4899 5119/6487/5121 5122/6490/5124 
f 5123/6491/5125 5124/6492/5126 5125/6493/5127 5122/6490/5124 
f 5121/6489/5123 5123/6491/5125 5122/6490/5124 
f 4901/6267/4903 4899/6265/4901 5122/6490/5124 5125/6493/5127 
f 5126/6494/5128 5127/6495/5129 5128/6496/5130 5125/6493/5127 
f 5124/6492/5126 5126/6494/5128 5125/6493/5127 
f 4903/6269/4905 4901/6267/4903 5125/6493/5127 5128/6496/5130 
f 5129/6497/5131 5130/6498/5132 5131/6499/5133 5128/6496/5130 
f 5127/6495/5129 5129/6497/5131 5128/6496/5130 
f 5132/6500/5134 5133/6501/5135 5134/6502/5136 5131/6499/5133 
f 5130/6498/5132 5132/6500/5134 5131/6499/5133 
f 5135/6503/5137 5136/6504/5138 5137/6505/5139 5134/6506/5136 
f 5133/6507/5135 5135/6503/5137 5134/6506/5136 
f 4909/6276/4911 4907/6275/4909 5134/6506/5136 5137/6505/5139 
f 5138/6508/5140 5139/6509/5141 5140/6510/5142 5137/6505/5139 
f 5136/6504/5138 5138/6508/5140 5137/6505/5139 
f 5141/6511/5143 5142/6512/5144 5143/6513/5145 5140/6510/5142 
f 5139/6509/5141 5141/6511/5143 5140/6510/5142 
f 4913/6281/4915 4911/6279/4913 5140/6510/5142 5143/6513/5145 
f 5144/6514/5146 5145/6515/5147 5146/6516/5148 5143/6513/5145 
f 5142/6512/5144 5144/6514/5146 5143/6513/5145 
f 4915/6283/4917 4913/6281/4915 5143/6513/5145 5146/6516/5148 
f 5145/6517/5147 5147/6518/5149 5148/6519/5150 5146/6516/5148 
f 4917/6285/4919 4915/6283/4917 5146/6516/5148 5148/6519/5150 
f 4919/6287/4921 4917/6285/4919 5148/6519/5150 5149/6520/5151 
f 5150/6521/5152 5151/6522/5153 5149/6520/5151 5148/6519/5150 
f 5150/6521/5152 5148/6519/5150 5147/6518/5149 
f 4921/6289/4923 4919/6287/4921 5149/6520/5151 5152/6523/5154 
f 5153/6524/5155 5154/6525/5156 5152/6523/5154 5149/6520/5151 
f 5153/6524/5155 5149/6520/5151 5151/6522/5153 
f 4923/6291/4925 4921/6289/4923 5152/6523/5154 5155/6526/5157 
f 5156/6527/5158 5157/6528/5159 5155/6526/5157 5152/6523/5154 
f 5156/6527/5158 5152/6523/5154 5154/6525/5156 
f 4925/6293/4927 4923/6291/4925 5155/6526/5157 5158/6529/5160 
f 5159/6530/5161 5160/6531/5162 5158/6529/5160 5155/6526/5157 
f 5159/6530/5161 5155/6526/5157 5157/6528/5159 
f 4927/6295/4929 4925/6293/4927 5158/6529/5160 5161/6532/5163 
f 5162/6533/5164 5163/6534/5165 5161/6532/5163 5158/6529/5160 
f 5162/6533/5164 5158/6529/5160 5160/6531/5162 
f 4929/6297/4931 4927/6295/4929 5161/6532/5163 5164/6535/5166 
f 5165/6536/5167 5166/6537/5168 5164/6535/5166 5161/6532/5163 
f 5165/6536/5167 5161/6532/5163 5163/6534/5165 
f 4931/6299/4933 4929/6297/4931 5164/6535/5166 5167/6538/5169 
f 5168/6539/5170 5169/6540/5171 5167/6538/5169 5164/6535/5166 
f 5168/6539/5170 5164/6535/5166 5166/6537/5168 
f 4933/6301/4935 4931/6299/4933 5167/6538/5169 5170/6541/5172 
f 5171/6542/5173 4935/6303/4937 4933/6301/4935 5170/6541/5172 
f 5172/6543/5174 5173/6544/5175 5171/6542/5173 5170/6541/5172 
f 5172/6543/5174 5170/6541/5172 5174/6545/5176 
f 5175/6546/5177 4937/6305/4939 4935/6303/4937 5171/6542/5173 
f 5176/6547/5178 5177/6548/5179 5175/6546/5177 5171/6542/5173 
f 5176/6547/5178 5171/6542/5173 5173/6544/5175 
f 4939/6307/4941 4937/6305/4939 5175/6546/5177 5178/6549/5180 
f 5179/6550/5181 5180/6551/5182 5178/6549/5180 5175/6546/5177 
f 5179/6550/5181 5175/6546/5177 5177/6548/5179 
f 4941/6309/4943 4939/6307/4941 5178/6549/5180 5181/6552/5183 
f 5182/6553/5184 5183/6554/5185 5181/6552/5183 5178/6549/5180 
f 5182/6553/5184 5178/6549/5180 5180/6551/5182 
f 5184/6555/5186 5185/6556/5187 5186/6557/5188 5181/6552/5183 
f 5183/6554/5185 5184/6555/5186 5181/6552/5183 
f 4943/6311/4945 4941/6309/4943 5181/6552/5183 5186/6557/5188 
f 5187/6558/5189 4945/6313/4947 4943/6311/4945 5186/6557/5188 
f 5188/6559/5190 5189/6560/5191 5187/6558/5189 5186/6557/5188 
f 5188/6559/5190 5186/6557/5188 5185/6556/5187 
f 5190/6561/5192 5191/6562/5193 5192/6563/5194 5187/6558/5189 
f 5189/6560/5191 5190/6561/5192 5187/6558/5189 
f 5192/6563/5194 4947/6315/4949 4945/6313/4947 5187/6558/5189 
f 5193/6564/5195 5194/6565/5196 5195/6566/5197 5192/6563/5194 
f 5191/6562/5193 5193/6564/5195 5192/6563/5194 
f 5195/6566/5197 4949/6317/4951 4947/6315/4949 5192/6563/5194 
f 5196/6567/5198 5197/6568/5199 5198/6569/5200 5195/6566/5197 
f 5194/6565/5196 5196/6567/5198 5195/6566/5197 
f 5198/6569/5200 4951/6319/4953 4949/6317/4951 5195/6566/5197 
f 5199/6570/5201 5200/6571/5202 5201/6572/5203 5198/6569/5200 
f 5197/6568/5199 5199/6570/5201 5198/6569/5200 
f 5201/6572/5203 4953/6321/4955 4951/6319/4953 5198/6569/5200 
f 5202/6573/5204 5203/6574/5205 5204/6575/5206 5201/6572/5203 
f 5200/6571/5202 5202/6573/5204 5201/6572/5203 
f 5204/6575/5206 4955/6323/4957 4953/6321/4955 5201/6572/5203 
f 5205/6576/5207 5206/6577/5208 5207/6578/5209 5204/6575/5206 
f 5203/6574/5205 5205/6576/5207 5204/6575/5206 
f 5207/6578/5209 4957/6325/4959 4955/6323/4957 5204/6575/5206 
f 5208/6579/5210 5209/6580/5211 5210/6581/5212 5207/6578/5209 
f 5206/6577/5208 5208/6579/5210 5207/6578/5209 
f 5210/6581/5212 4959/6327/4961 4957/6325/4959 5207/6578/5209 
f 5211/6582/5213 5212/6583/5214 5213/6584/5215 5210/6581/5212 
f 5209/6580/5211 5211/6582/5213 5210/6581/5212 
f 5213/6584/5215 4961/6329/4963 4959/6327/4961 5210/6581/5212 
f 5214/6585/5216 5215/6586/5217 5216/6587/5218 5213/6584/5215 
f 5212/6583/5214 5214/6585/5216 5213/6584/5215 
f 5216/6587/5218 4963/6331/4965 4961/6329/4963 5213/6584/5215 
f 5217/6588/5219 5218/6589/5220 5219/6590/5221 5216/6587/5218 
f 5215/6586/5217 5217/6588/5219 5216/6587/5218 
f 5219/6590/5221 4965/6333/4967 4963/6331/4965 5216/6587/5218 
f 5220/6591/5222 5221/6592/5223 5222/6593/5224 5219/6590/5221 
f 5218/6589/5220 5220/6591/5222 5219/6590/5221 
f 5222/6593/5224 4967/6335/4969 4965/6333/4967 5219/6590/5221 
f 5223/6594/5225 5224/6595/5226 5225/6596/5227 5222/6593/5224 
f 5221/6592/5223 5223/6594/5225 5222/6593/5224 
f 5225/6596/5227 4969/6337/4971 4967/6335/4969 5222/6593/5224 
f 5226/6597/5228 5227/6598/5229 5228/6599/5230 5225/6596/5227 
f 5224/6595/5226 5226/6597/5228 5225/6596/5227 
f 5228/6599/5230 4971/6339/4973 4969/6337/4971 5225/6596/5227 
f 5229/6600/5231 5230/6601/5232 5231/6602/5233 5228/6599/5230 
f 5227/6598/5229 5229/6600/5231 5228/6599/5230 
f 5231/6602/5233 4973/6341/4975 4971/6339/4973 5228/6599/5230 
f 5232/6603/5234 5233/6604/5235 5234/6605/5236 5231/6602/5233 
f 5230/6601/5232 5232/6603/5234 5231/6602/5233 
f 5234/6605/5236 4975/6343/4977 4973/6341/4975 5231/6602/5233 
f 5235/6606/5237 4977/6345/4979 4975/6343/4977 5234/6605/5236 
f 5236/6607/5238 5237/6608/5239 5235/6606/5237 5234/6605/5236 
f 5236/6607/5238 5234/6605/5236 5233/6604/5235 
f 4979/6347/4981 4977/6345/4979 5235/6606/5237 5238/6609/5240 
f 5235/6606/5237 5237/6608/5239 5239/6610/5241 5238/6609/5240 
f 5240/6611/5242 5238/6609/5240 5239/6610/5241 
f 4981/6349/4983 4979/6347/4981 5238/6609/5240 5241/6612/5243 
f 5242/6613/5244 5243/6614/5245 5241/6612/5243 5238/6609/5240 
f 5242/6613/5244 5238/6609/5240 5240/6611/5242 
f 5244/6615/5246 5245/6616/5247 4986/6354/4988 5241/6612/5243 
f 5244/6615/5246 5241/6612/5243 5243/6614/5245 
f 5246/6617/5248 5174/6545/5176 5170/6541/5172 5167/6538/5169 
f 5246/6617/5248 5167/6538/5169 5169/6540/5171 
f 5247/6618/5249 4991/6359/4993 4987/6355/4989 4986/6354/4988 
f 5247/6618/5249 4986/6354/4988 5245/6616/5247 
f 4983/6351/4985 4981/6349/4983 5241/6612/5243 4986/6354/4988 
f 4802/6168/4804 4799/6165/4801 4982/6350/4984 4984/6352/4986 
f 4799/6165/4801 4796/6162/4798 4980/6348/4982 4982/6350/4984 
f 4796/6162/4798 4793/6159/4795 4978/6346/4980 4980/6348/4982 
f 4950/6318/4952 4751/6117/4753 4748/6114/4750 4948/6316/4950 
f 4748/6114/4750 4745/6111/4747 4946/6314/4948 4948/6316/4950 
f 4745/6111/4747 4742/6108/4744 4944/6312/4946 4946/6314/4948 
f 4742/6108/4744 4739/6105/4741 4942/6310/4944 4944/6312/4946 
f 4739/6105/4741 4736/6102/4738 4940/6308/4942 4942/6310/4944 
f 4736/6102/4738 4733/6099/4735 4938/6306/4940 4940/6308/4942 
f 4724/6090/4726 4721/6087/4723 4930/6298/4932 4932/6300/4934 
f 4721/6087/4723 4718/6084/4720 4928/6296/4930 4930/6298/4932 
f 4718/6084/4720 4715/6081/4717 4926/6294/4928 4928/6296/4930 
f 4715/6081/4717 4712/6078/4714 4924/6292/4926 4926/6294/4928 
f 4712/6078/4714 4709/6075/4711 4922/6290/4924 4924/6292/4926 
f 4709/6075/4711 4706/6072/4708 4920/6288/4922 4922/6290/4924 
f 4706/6072/4708 4703/6069/4705 4918/6286/4920 4920/6288/4922 
f 4703/6069/4705 4700/6066/4702 4916/6284/4918 4918/6286/4920 
f 4700/6066/4702 4697/6063/4699 4914/6282/4916 4916/6284/4918 
f 4697/6063/4699 4694/6060/4696 4912/6280/4914 4914/6282/4916 
f 5140/6619/5142 4911/6279/4913 4909/6276/4911 5137/6505/5139 
f 4694/6060/4696 4691/6057/4693 4910/6277/4912 4912/6280/4914 
f 4691/6057/4693 4688/6056/4690 4908/6278/4910 4910/6277/4912 
f 5134/6620/5136 4907/6273/4909 4905/6271/4907 5131/6499/5133 
f 4688/6052/4690 4685/6049/4687 4906/6272/4908 4908/6274/4910 
f 5131/6499/5133 4905/6271/4907 4903/6269/4905 5128/6496/5130 
f 4685/6049/4687 4682/6046/4684 4904/6270/4906 4906/6272/4908 
f 4682/6046/4684 4679/6043/4681 4902/6268/4904 4904/6270/4906 
f 4679/6043/4681 4676/6040/4678 4900/6266/4902 4902/6268/4904 
f 4676/6040/4678 4673/6037/4675 4898/6264/4900 4900/6266/4902 
f 4673/6037/4675 4670/6034/4672 4896/6262/4898 4898/6264/4900 
f 4670/6034/4672 4667/6031/4669 4894/6260/4896 4896/6262/4898 
f 4894/6260/4896 4667/6031/4669 4664/6028/4666 4892/6258/4894 
f 4892/6258/4894 4664/6028/4666 4661/6025/4663 4890/6256/4892 
f 4649/6013/4651 4646/6010/4648 4880/6246/4882 4882/6248/4884 
f 4646/6010/4648 4643/6007/4645 4878/6244/4880 4880/6246/4882 
f 4643/6007/4645 4640/6004/4642 4876/6242/4878 4878/6244/4880 
f 4640/6004/4642 4637/6001/4639 4874/6240/4876 4876/6242/4878 
f 4637/6001/4639 4634/5998/4636 4872/6238/4874 4874/6240/4876 
f 4631/5995/4633 4628/5992/4630 4868/6234/4870 4870/6236/4872 
f 4628/5992/4630 4625/5989/4627 4866/6232/4868 4868/6234/4870 
f 4625/5989/4627 4622/5986/4624 4864/6230/4866 4866/6232/4868 
f 4622/5986/4624 4619/5983/4621 4862/6228/4864 4864/6230/4866 
f 4619/5983/4621 4616/5980/4618 4860/6226/4862 4862/6228/4864 
f 4616/5980/4618 4613/5977/4615 4858/6224/4860 4860/6226/4862 
f 4613/5977/4615 4610/5974/4612 4856/6222/4858 4858/6224/4860 
f 4610/5974/4612 4607/5971/4609 4854/6220/4856 4856/6222/4858 
f 4607/5971/4609 4604/5968/4606 4852/6218/4854 4854/6220/4856 
f 4604/5968/4606 4601/5965/4603 4850/6216/4852 4852/6218/4854 
f 4601/5965/4603 4598/5962/4600 4848/6214/4850 4850/6216/4852 
f 4598/5962/4600 4595/5959/4597 4846/6212/4848 4848/6214/4850 
f 4595/5959/4597 4592/5956/4594 4844/6210/4846 4846/6212/4848 
f 4592/5956/4594 4589/5953/4591 4842/6208/4844 4844/6210/4846 
f 4589/5953/4591 4586/5950/4588 4840/6206/4842 4842/6208/4844 
f 4586/5950/4588 4583/5947/4585 4838/6204/4840 4840/6206/4842 
f 4583/5947/4585 4580/5944/4582 4836/6202/4838 4838/6204/4840 
f 4580/5944/4582 4577/5941/4579 4834/6200/4836 4836/6202/4838 
f 4577/5941/4579 4574/5938/4576 4832/6198/4834 4834/6200/4836 
f 4574/5938/4576 4571/5935/4573 4830/6196/4832 4832/6198/4834 
f 4571/5935/4573 4568/5932/4570 4828/6194/4830 4830/6196/4832 
f 4568/5932/4570 4565/5929/4567 4826/6192/4828 4828/6194/4830 
f 4565/5929/4567 4562/5926/4564 4824/6190/4826 4826/6192/4828 
f 4562/5926/4564 4559/5923/4561 4822/6188/4824 4824/6190/4826 
f 4559/5923/4561 4556/5920/4558 4820/6186/4822 4822/6188/4824 
f 4556/5920/4558 4553/5917/4555 4818/6184/4820 4820/6186/4822 
f 4553/5917/4555 4550/5914/4552 4816/6182/4818 4818/6184/4820 
f 4550/5914/4552 4549/5913/4551 4812/6178/4814 4816/6182/4818 
f 4811/6177/4813 4810/6176/4812 4985/6353/4987 4813/6179/4815 
f 4805/6171/4807 4802/6168/4804 4984/6352/4986 4810/6176/4812 
f 5248/6621/5250 4809/6175/4811 4808/6174/4810 4549/5913/4551 
f 5248/6621/5250 4549/5913/4551 4548/5912/4550 
s 2
f 5057/6622/5059 5055/6623/5057 5054/6624/5056 5147/6625/5149 
f 5214/6626/5216 5212/6627/5214 5211/6628/5213 5215/6629/5217 
f 5217/6630/5219 5215/6629/5217 5211/6628/5213 5218/6631/5220 
f 5220/6632/5222 5218/6631/5220 5211/6628/5213 5221/6633/5223 
f 5223/6634/5225 5221/6633/5223 5211/6628/5213 5209/6635/5211 
f 5223/6634/5225 5209/6635/5211 5208/6636/5210 5224/6637/5226 
f 5226/6638/5228 5224/6637/5226 5208/6636/5210 5227/6639/5229 
f 5229/6640/5231 5227/6639/5229 5208/6636/5210 5230/6641/5232 
f 5230/6641/5232 5208/6636/5210 5206/6642/5208 5232/6643/5234 
f 5232/6643/5234 5206/6642/5208 5205/6644/5207 5233/6645/5235 
f 5236/6646/5238 5233/6645/5235 5205/6644/5207 5203/6647/5205 
f 5236/6646/5238 5203/6647/5205 5202/6648/5204 5237/6649/5239 
f 5237/6649/5239 5202/6648/5204 5200/6650/5202 5199/6651/5201 
f 5237/6649/5239 5199/6651/5201 5197/6652/5199 5196/6653/5198 
f 5237/6649/5239 5196/6653/5198 5194/6654/5196 5193/6655/5195 
f 5237/6649/5239 5193/6655/5195 5191/6656/5193 5190/6657/5192 
f 5237/6649/5239 5190/6657/5192 5189/6658/5191 5188/6659/5190 
f 5237/6649/5239 5188/6659/5190 5185/6660/5187 5184/6661/5186 
f 5184/6661/5186 5183/6662/5185 5182/6663/5184 5237/6649/5239 
f 5237/6649/5239 5182/6663/5184 5180/6664/5182 5179/6665/5181 
f 5237/6649/5239 5179/6665/5181 5177/6666/5179 5176/6667/5178 
f 5237/6649/5239 5176/6667/5178 5173/6668/5175 5172/6669/5174 
f 5237/6649/5239 5172/6669/5174 5174/6670/5176 5246/6671/5248 
f 5237/6649/5239 5246/6671/5248 5169/6672/5171 5168/6673/5170 
f 5237/6649/5239 5168/6673/5170 5166/6674/5168 5165/6675/5167 
f 5237/6649/5239 5165/6675/5167 5163/6676/5165 5162/6677/5164 
f 5237/6649/5239 5162/6677/5164 5160/6678/5162 5159/6679/5161 
f 5239/6680/5241 5237/6649/5239 5159/6679/5161 5157/6681/5159 
f 5239/6680/5241 5157/6681/5159 5156/6682/5158 5154/6683/5156 
f 5239/6680/5241 5154/6683/5156 5153/6684/5155 5240/6685/5242 
f 5242/6686/5244 5240/6685/5242 5153/6684/5155 5243/6687/5245 
f 5244/6688/5246 5243/6687/5245 5153/6684/5155 5245/6689/5247 
f 5247/6690/5249 5245/6689/5247 5153/6684/5155 4991/6691/4993 
f 4989/6692/4991 4991/6691/4993 5153/6684/5155 4990/6693/4992 
f 4992/6694/4994 4990/6693/4992 5153/6684/5155 4993/6695/4995 
f 4995/6696/4997 4993/6695/4995 5153/6684/5155 4996/6697/4998 
f 4998/6698/5000 4996/6697/4998 5153/6684/5155 5000/6699/5002 
f 5001/6700/5003 5000/6699/5002 5153/6684/5155 5003/6701/5005 
f 5003/6701/5005 5153/6684/5155 5151/6702/5153 5004/6703/5006 
f 5006/6704/5008 5004/6703/5006 5151/6702/5153 5007/6705/5009 
f 5009/6706/5011 5007/6705/5009 5151/6702/5153 5150/6707/5152 
f 5010/6708/5012 5009/6706/5011 5150/6707/5152 5012/6709/5014 
f 5013/6710/5015 5012/6709/5014 5150/6707/5152 5015/6711/5017 
f 5016/6712/5018 5015/6711/5017 5150/6707/5152 5018/6713/5020 
f 5018/6713/5020 5150/6707/5152 5147/6625/5149 5019/6714/5021 
f 5021/6715/5023 5019/6714/5021 5147/6625/5149 5022/6716/5024 
f 5024/6717/5026 5022/6716/5024 5147/6625/5149 5025/6718/5027 
f 5027/6719/5029 5025/6718/5027 5147/6625/5149 5028/6720/5030 
f 5030/6721/5032 5028/6720/5030 5147/6625/5149 5031/6722/5033 
f 5033/6723/5035 5031/6722/5033 5147/6625/5149 5034/6724/5036 
f 5036/6725/5038 5034/6724/5036 5147/6625/5149 5037/6726/5039 
f 5039/6727/5041 5037/6726/5039 5147/6625/5149 5040/6728/5042 
f 5042/6729/5044 5040/6728/5042 5147/6625/5149 5043/6730/5045 
f 5045/6731/5047 5043/6730/5045 5147/6625/5149 5046/6732/5048 
f 5048/6733/5050 5046/6732/5048 5147/6625/5149 5049/6734/5051 
f 5051/6735/5053 5049/6734/5051 5147/6625/5149 5052/6736/5054 
f 5054/6624/5056 5052/6736/5054 5147/6625/5149 
f 5058/6737/5060 5057/6622/5059 5147/6625/5149 5060/6738/5062 
f 5061/6739/5063 5060/6738/5062 5147/6625/5149 5063/6740/5065 
f 5064/6741/5066 5063/6740/5065 5147/6625/5149 5066/6742/5068 
f 5067/6743/5069 5066/6742/5068 5147/6625/5149 5070/6744/5072 
f 5071/6745/5073 5070/6744/5072 5147/6625/5149 5072/6746/5074 
f 5073/6747/5075 5072/6746/5074 5147/6625/5149 5075/6748/5077 
f 5076/6749/5078 5075/6748/5077 5147/6625/5149 5079/6750/5081 
f 5080/6751/5082 5079/6750/5081 5147/6625/5149 5081/6752/5083 
f 5082/6753/5084 5081/6752/5083 5147/6625/5149 5084/6754/5086 
f 5085/6755/5087 5084/6754/5086 5147/6625/5149 5087/6756/5089 
f 5088/6757/5090 5087/6756/5089 5147/6625/5149 5090/6758/5092 
f 5091/6759/5093 5090/6758/5092 5147/6625/5149 5093/6760/5095 
f 5094/6761/5096 5093/6760/5095 5147/6625/5149 5097/6762/5099 
f 5098/6763/5100 5097/6762/5099 5147/6625/5149 5145/6764/5147 
f 5099/6765/5101 5098/6763/5100 5145/6764/5147 5100/6766/5102 
f 5100/6766/5102 5145/6764/5147 5144/6767/5146 5102/6768/5104 
f 5103/6769/5105 5102/6768/5104 5144/6767/5146 5142/6770/5144 
f 5105/6771/5107 5103/6769/5105 5142/6770/5144 5141/6772/5143 
f 5106/6773/5108 5105/6771/5107 5141/6772/5143 5139/6774/5141 
f 5108/6775/5110 5106/6773/5108 5139/6774/5141 5138/6776/5140 
f 5109/6777/5111 5108/6775/5110 5138/6776/5140 5136/6778/5138 
f 5111/6779/5113 5109/6777/5111 5136/6778/5138 5135/6780/5137 
f 5112/6781/5114 5111/6779/5113 5135/6780/5137 5133/6782/5135 
f 5114/6783/5116 5112/6781/5114 5133/6782/5135 5132/6784/5134 
f 5114/6783/5116 5132/6784/5134 5130/6785/5132 5129/6786/5131 
f 5115/6787/5117 5114/6783/5116 5129/6786/5131 5117/6788/5119 
f 5117/6788/5119 5129/6786/5131 5127/6789/5129 5126/6790/5128 
f 5117/6788/5119 5126/6790/5128 5124/6791/5126 5123/6792/5125 
f 5123/6792/5125 5121/6793/5123 5120/6794/5122 5117/6788/5119 
f 5117/6788/5119 5120/6794/5122 5118/6795/5120 
f 4774/6796/4776 4776/6797/4778 4777/6798/4779 4779/6799/4781 
f 4774/6796/4776 4779/6799/4781 4780/6800/4782 4782/6801/4784 
f 4774/6796/4776 4782/6801/4784 4783/6802/4785 4785/6803/4787 
f 4774/6796/4776 4785/6803/4787 4786/6804/4788 4773/6805/4775 
f 4771/6806/4773 4773/6805/4775 4786/6804/4788 4788/6807/4790 
f 4771/6806/4773 4788/6807/4790 4789/6808/4791 4791/6809/4793 
f 4770/6810/4772 4771/6806/4773 4791/6809/4793 4768/6811/4770 
f 4768/6811/4770 4791/6809/4793 4792/6812/4794 4767/6813/4769 
f 4767/6813/4769 4792/6812/4794 4794/6814/4796 4765/6815/4767 
f 4765/6815/4767 4794/6814/4796 4795/6816/4797 4764/6817/4766 
f 4762/6818/4764 4764/6817/4766 4795/6816/4797 4761/6819/4763 
f 4759/6820/4761 4761/6819/4763 4795/6816/4797 4758/6821/4760 
f 4756/6822/4758 4758/6821/4760 4795/6816/4797 4755/6823/4757 
f 4753/6824/4755 4755/6823/4757 4795/6816/4797 4752/6825/4754 
f 4750/6826/4752 4752/6825/4754 4795/6816/4797 4749/6827/4751 
f 4747/6828/4749 4749/6827/4751 4795/6816/4797 4746/6829/4748 
f 4744/6830/4746 4746/6829/4748 4795/6816/4797 4743/6831/4745 
f 4741/6832/4743 4743/6831/4745 4795/6816/4797 4740/6833/4742 
f 4738/6834/4740 4740/6833/4742 4795/6816/4797 4737/6835/4739 
f 4735/6836/4737 4737/6835/4739 4795/6816/4797 4734/6837/4736 
f 4732/6838/4734 4734/6837/4736 4795/6816/4797 4797/6839/4799 
f 4731/6840/4733 4732/6838/4734 4797/6839/4799 4729/6841/4731 
f 4728/6842/4730 4729/6841/4731 4797/6839/4799 4726/6843/4728 
f 4725/6844/4727 4726/6843/4728 4797/6839/4799 4723/6845/4725 
f 4722/6846/4724 4723/6845/4725 4797/6839/4799 4720/6847/4722 
f 4719/6848/4721 4720/6847/4722 4797/6839/4799 4717/6849/4719 
f 4716/6850/4718 4717/6849/4719 4797/6839/4799 4714/6851/4716 
f 4713/6852/4715 4714/6851/4716 4797/6839/4799 4798/6853/4800 
f 4711/6854/4713 4713/6852/4715 4798/6853/4800 4710/6855/4712 
f 4710/6855/4712 4798/6853/4800 4800/6856/4802 4801/6857/4803 
f 4710/6855/4712 4801/6857/4803 4803/6858/4805 4804/6859/4806 
f 4710/6855/4712 4804/6859/4806 4806/6860/4808 4807/6861/4809 
f 4710/6855/4712 4807/6861/4809 4809/6862/4811 5248/6863/5250 
f 4710/6855/4712 5248/6863/5250 4548/6864/4550 4547/6865/4549 
f 4710/6855/4712 4547/6865/4549 4551/6866/4553 4552/6867/4554 
f 4710/6855/4712 4552/6867/4554 4554/6868/4556 4555/6869/4557 
f 4710/6855/4712 4555/6869/4557 4557/6870/4559 4558/6871/4560 
f 4710/6855/4712 4558/6871/4560 4560/6872/4562 4561/6873/4563 
f 4708/6874/4710 4710/6855/4712 4561/6873/4563 4563/6875/4565 
f 4708/6874/4710 4563/6875/4565 4564/6876/4566 4707/6877/4709 
f 4707/6877/4709 4564/6876/4566 4566/6878/4568 4567/6879/4569 
f 4707/6877/4709 4567/6879/4569 4569/6880/4571 4570/6881/4572 
f 4707/6877/4709 4570/6881/4572 4572/6882/4574 4573/6883/4575 
f 4705/6884/4707 4707/6877/4709 4573/6883/4575 4575/6885/4577 
f 4705/6884/4707 4575/6885/4577 4576/6886/4578 4578/6887/4580 
f 4705/6884/4707 4578/6887/4580 4579/6888/4581 4581/6889/4583 
f 4705/6884/4707 4581/6889/4583 4582/6890/4584 4584/6891/4586 
f 4705/6884/4707 4584/6891/4586 4585/6892/4587 4587/6893/4589 
f 4705/6884/4707 4587/6893/4589 4588/6894/4590 4590/6895/4592 
f 4705/6884/4707 4590/6895/4592 4591/6896/4593 4593/6897/4595 
f 4705/6884/4707 4593/6897/4595 4594/6898/4596 4596/6899/4598 
f 4705/6884/4707 4596/6899/4598 4597/6900/4599 4599/6901/4601 
f 4705/6884/4707 4599/6901/4601 4600/6902/4602 4602/6903/4604 
f 4705/6884/4707 4602/6903/4604 4603/6904/4605 4605/6905/4607 
f 4705/6884/4707 4605/6905/4607 4606/6906/4608 4608/6907/4610 
f 4705/6884/4707 4608/6907/4610 4609/6908/4611 4612/6909/4614 
f 4609/6908/4611 4611/6910/4613 4612/6909/4614 
f 4705/6884/4707 4612/6909/4614 4614/6911/4616 4615/6912/4617 
f 4705/6884/4707 4615/6912/4617 4617/6913/4619 4618/6914/4620 
f 4704/6915/4706 4705/6884/4707 4618/6914/4620 4620/6916/4622 
f 4704/6915/4706 4620/6916/4622 4621/6917/4623 4623/6918/4625 
f 4704/6915/4706 4623/6918/4625 4624/6919/4626 4626/6920/4628 
f 4704/6915/4706 4626/6920/4628 4627/6921/4629 4629/6922/4631 
f 4704/6915/4706 4629/6922/4631 4630/6923/4632 4632/6924/4634 
f 4704/6915/4706 4632/6924/4634 4633/6925/4635 4635/6926/4637 
f 4704/6915/4706 4635/6926/4637 4636/6927/4638 4638/6928/4640 
f 4704/6915/4706 4638/6928/4640 4639/6929/4641 4641/6930/4643 
f 4704/6915/4706 4641/6930/4643 4642/6931/4644 4644/6932/4646 
f 4704/6915/4706 4644/6932/4646 4645/6933/4647 4647/6934/4649 
f 4704/6915/4706 4647/6934/4649 4648/6935/4650 4650/6936/4652 
f 4704/6915/4706 4650/6936/4652 4651/6937/4653 4702/6938/4704 
f 4702/6938/4704 4651/6937/4653 4653/6939/4655 4654/6940/4656 
f 4701/6941/4703 4702/6938/4704 4654/6940/4656 4656/6942/4658 
f 4701/6941/4703 4656/6942/4658 4657/6943/4659 4699/6944/4701 
f 4699/6944/4701 4657/6943/4659 4659/6945/4661 4698/6946/4700 
f 4698/6946/4700 4659/6945/4661 4660/6947/4662 4696/6948/4698 
f 4696/6948/4698 4660/6947/4662 4662/6949/4664 4695/6950/4697 
f 4695/6950/4697 4662/6949/4664 4663/6951/4665 4693/6952/4695 
f 4693/6952/4695 4663/6951/4665 4665/6953/4667 4692/6954/4694 
f 4692/6954/4694 4665/6953/4667 4666/6955/4668 4690/6956/4692 
f 4690/6956/4692 4666/6955/4668 4668/6957/4670 4689/6958/4691 
f 4687/6959/4689 4689/6958/4691 4668/6957/4670 4669/6960/4671 
f 4686/6961/4688 4687/6959/4689 4669/6960/4671 4671/6962/4673 
f 4686/6961/4688 4671/6962/4673 4672/6963/4674 4674/6964/4676 
f 4686/6961/4688 4674/6964/4676 4675/6965/4677 4684/6966/4686 
f 4683/6967/4685 4684/6966/4686 4675/6965/4677 4681/6968/4683 
f 4680/6969/4682 4681/6968/4683 4675/6965/4677 4678/6970/4680 
f 4678/6970/4680 4675/6965/4677 4677/6971/4679 
# 611 polygons - 178 triangles

#
# object Object005
#

v  -0.3146 0.3141 0.3039
v  -0.3259 0.3090 0.3050
v  -0.3177 0.2848 0.3069
v  -0.2997 0.2920 0.3052
v  -0.3087 0.3168 0.3030
v  -0.2892 0.2059 0.3007
v  -0.2709 0.2155 0.3001
v  -0.2531 0.1216 0.2842
v  -0.2347 0.1344 0.2847
v  -0.2134 0.0351 0.2647
v  -0.1946 0.0511 0.2656
v  -0.1810 -0.0005 0.2552
v  -0.1712 0.0051 0.2552
v  -0.1915 -0.0065 0.2554
v  -0.2012 -0.0120 0.2554
v  -0.2308 0.0213 0.2639
v  -0.2094 -0.0167 0.2555
v  -0.2180 -0.0215 0.2547
v  -0.2465 0.0111 0.2622
v  -0.2247 -0.0253 0.2543
v  -0.2307 -0.0285 0.2530
v  -0.2610 0.0036 0.2589
v  -0.2383 -0.0325 0.2512
v  -0.2440 -0.0353 0.2490
v  -0.2748 -0.0018 0.2539
v  -0.2508 -0.0387 0.2463
v  -0.2566 -0.0414 0.2428
v  -0.2885 -0.0058 0.2468
v  -0.2629 -0.0443 0.2391
v  -0.2694 -0.0471 0.2341
v  -0.3029 -0.0090 0.2375
v  -0.2756 -0.0498 0.2294
v  -0.2835 -0.0531 0.2224
v  -0.3192 -0.0115 0.2253
v  -0.2900 -0.0557 0.2166
v  -0.3001 -0.0597 0.2070
v  -0.3379 -0.0138 0.2102
v  -0.3068 -0.0624 0.2002
v  -0.3189 -0.0670 0.1881
v  -0.3585 -0.0161 0.1923
v  -0.3256 -0.0696 0.1811
v  -0.3376 -0.0739 0.1671
v  -0.3778 -0.0180 0.1727
v  -0.3432 -0.0759 0.1603
v  -0.3534 -0.0789 0.1449
v  -0.3937 -0.0189 0.1514
v  -0.3576 -0.0801 0.1384
v  -0.3664 -0.0818 0.1199
v  -0.4068 -0.0184 0.1265
v  -0.3694 -0.0823 0.1132
v  -0.3769 -0.0824 0.0902
v  -0.4171 -0.0163 0.0966
v  -0.3790 -0.0824 0.0832
v  -0.3851 -0.0809 0.0561
v  -0.4248 -0.0131 0.0623
v  -0.3865 -0.0804 0.0489
v  -0.3908 -0.0776 0.0196
v  -0.4303 -0.0087 0.0257
v  -0.3919 -0.0769 0.0124
v  -0.3950 -0.0732 -0.0175
v  -0.4345 -0.0038 -0.0117
v  -0.3958 -0.0724 -0.0248
v  -0.3985 -0.0686 -0.0543
v  -0.4380 0.0012 -0.0485
v  -0.3991 -0.0677 -0.0613
v  -0.4015 -0.0640 -0.0891
v  -0.4411 0.0061 -0.0831
v  -0.4021 -0.0631 -0.0957
v  -0.4041 -0.0598 -0.1203
v  -0.4438 0.0105 -0.1137
v  -0.4045 -0.0590 -0.1261
v  -0.4062 -0.0563 -0.1462
v  -0.4459 0.0140 -0.1387
v  -0.4066 -0.0557 -0.1509
v  -0.4079 -0.0538 -0.1656
v  -0.4476 0.0166 -0.1570
v  -0.4082 -0.0533 -0.1690
v  -0.4091 -0.0520 -0.1793
v  -0.4488 0.0183 -0.1697
v  -0.4093 -0.0517 -0.1816
v  -0.4097 -0.0506 -0.1889
v  -0.4493 0.0197 -0.1786
v  -0.4098 -0.0503 -0.1905
v  -0.4097 -0.0493 -0.1962
v  -0.4492 0.0211 -0.1857
v  -0.4096 -0.0490 -0.1975
v  -0.4088 -0.0475 -0.2030
v  -0.4481 0.0228 -0.1925
v  -0.4086 -0.0472 -0.2043
v  -0.4060 -0.0445 -0.2109
v  -0.4448 0.0259 -0.2008
v  -0.4054 -0.0439 -0.2125
v  -0.4042 -0.0428 -0.2145
v  -0.4377 0.0311 -0.2119
v  -0.3988 -0.0381 -0.2234
v  -0.3965 -0.0363 -0.2264
v  -0.4253 0.0394 -0.2273
v  -0.3872 -0.0287 -0.2387
v  -0.3837 -0.0260 -0.2427
v  -0.4066 0.0508 -0.2477
v  -0.3699 -0.0152 -0.2590
v  -0.3655 -0.0118 -0.2637
v  -0.3841 0.0639 -0.2704
v  -0.3493 0.0006 -0.2815
v  -0.3445 0.0042 -0.2861
v  -0.3613 0.0760 -0.2910
v  -0.3286 0.0161 -0.3018
v  -0.3241 0.0195 -0.3060
v  -0.3421 0.0862 -0.3080
v  -0.3111 0.0291 -0.3184
v  -0.3073 0.0319 -0.3219
v  -0.3272 0.0944 -0.3211
v  -0.2972 0.0394 -0.3313
v  -0.2941 0.0416 -0.3339
v  -0.3157 0.1010 -0.3305
v  -0.2864 0.0472 -0.3406
v  -0.2839 0.0490 -0.3425
v  -0.3068 0.1062 -0.3369
v  -0.2778 0.0533 -0.3470
v  -0.2755 0.0548 -0.3482
v  -0.2988 0.1109 -0.3409
v  -0.2700 0.0585 -0.3510
v  -0.2641 0.0621 -0.3526
v  -0.2905 0.1156 -0.3433
v  -0.2616 0.0637 -0.3533
v  -0.2542 0.0680 -0.3538
v  -0.2801 0.1214 -0.3442
v  -0.2510 0.0698 -0.3540
v  -0.2412 0.0754 -0.3536
v  -0.2660 0.1292 -0.3437
v  -0.2369 0.0778 -0.3535
v  -0.2240 0.0849 -0.3520
v  -0.2472 0.1397 -0.3419
v  -0.2183 0.0881 -0.3515
v  -0.2021 0.0969 -0.3491
v  -0.2235 0.1532 -0.3389
v  -0.1950 0.1008 -0.3482
v  -0.1754 0.1114 -0.3449
v  -0.1950 0.1696 -0.3346
v  -0.1669 0.1160 -0.3436
v  -0.1450 0.1277 -0.3395
v  -0.1637 0.1871 -0.3294
v  -0.1358 0.1327 -0.3380
v  -0.1163 0.1431 -0.3338
v  -0.1360 0.2021 -0.3241
v  -0.1083 0.1474 -0.3323
v  -0.0944 0.1547 -0.3288
v  -0.1161 0.2123 -0.3195
v  -0.0886 0.1577 -0.3275
v  -0.0797 0.1623 -0.3246
v  -0.1031 0.2185 -0.3155
v  -0.0759 0.1642 -0.3234
v  -0.0703 0.1670 -0.3206
v  -0.0949 0.2222 -0.3116
v  -0.0679 0.1681 -0.3195
v  -0.0641 0.1698 -0.3167
v  -0.0894 0.2243 -0.3076
v  -0.0625 0.1705 -0.3155
v  -0.0591 0.1718 -0.3122
v  -0.0844 0.2260 -0.3029
v  -0.0577 0.1724 -0.3108
v  -0.0542 0.1736 -0.3066
v  -0.0792 0.2275 -0.2970
v  -0.0526 0.1742 -0.3048
v  -0.0485 0.1755 -0.2993
v  -0.0731 0.2292 -0.2891
v  -0.0467 0.1761 -0.2969
v  -0.0416 0.1777 -0.2897
v  -0.0653 0.2311 -0.2787
v  -0.0393 0.1785 -0.2865
v  -0.0328 0.1805 -0.2772
v  -0.0555 0.2335 -0.2652
v  -0.0298 0.1814 -0.2730
v  -0.0221 0.1838 -0.2618
v  -0.0439 0.2363 -0.2488
v  -0.0186 0.1849 -0.2566
v  -0.0101 0.1874 -0.2438
v  -0.0308 0.2394 -0.2299
v  -0.0060 0.1886 -0.2377
v  0.0031 0.1912 -0.2235
v  -0.0168 0.2425 -0.2087
v  0.0075 0.1925 -0.2166
v  0.0168 0.1951 -0.2013
v  -0.0022 0.2455 -0.1858
v  0.0215 0.1964 -0.1937
v  0.0307 0.1987 -0.1777
v  0.0122 0.2482 -0.1614
v  0.0354 0.1999 -0.1694
v  0.0439 0.2017 -0.1530
v  0.0257 0.2503 -0.1362
v  0.0484 0.2027 -0.1442
v  0.0558 0.2040 -0.1277
v  0.0376 0.2516 -0.1107
v  0.0599 0.2047 -0.1187
v  0.0659 0.2052 -0.1025
v  0.0473 0.2517 -0.0853
v  0.0693 0.2054 -0.0934
v  0.0740 0.2053 -0.0777
v  0.0550 0.2510 -0.0606
v  0.0767 0.2052 -0.0687
v  0.0802 0.2045 -0.0538
v  0.0609 0.2496 -0.0369
v  0.0823 0.2041 -0.0452
v  0.0849 0.2031 -0.0313
v  0.0652 0.2476 -0.0148
v  0.0865 0.2025 -0.0231
v  0.0882 0.2012 -0.0104
v  0.0682 0.2453 0.0056
v  0.0892 0.2005 -0.0029
v  0.0899 0.1987 0.0091
v  0.0693 0.2423 0.0248
v  0.0903 0.1976 0.0162
v  0.0895 0.1950 0.0280
v  0.0680 0.2382 0.0437
v  0.0891 0.1935 0.0350
v  0.0369 0.3182 0.0195
v  0.0380 0.3151 0.0389
v  0.0073 0.3895 0.0333
v  0.0082 0.3860 0.0528
v  -0.0210 0.4554 0.0460
v  -0.0205 0.4515 0.0654
v  0.0339 0.3207 -0.0010
v  0.0045 0.3923 0.0127
v  -0.0235 0.4585 0.0254
v  0.0294 0.3229 -0.0233
v  0.0000 0.3947 -0.0098
v  -0.0277 0.4613 0.0030
v  0.0234 0.3246 -0.0472
v  -0.0061 0.3966 -0.0338
v  -0.0337 0.4635 -0.0210
v  0.0155 0.3256 -0.0721
v  -0.0142 0.3978 -0.0589
v  -0.0418 0.4649 -0.0461
v  0.0055 0.3257 -0.0977
v  -0.0244 0.3983 -0.0846
v  -0.0521 0.4654 -0.0716
v  -0.0068 0.3249 -0.1235
v  -0.0368 0.3976 -0.1104
v  -0.0207 0.3232 -0.1488
v  -0.0509 0.3960 -0.1357
v  -0.0354 0.3209 -0.1733
v  -0.0657 0.3937 -0.1600
v  -0.0503 0.3182 -0.1964
v  -0.0807 0.3909 -0.1828
v  -0.0647 0.3154 -0.2176
v  -0.0952 0.3881 -0.2038
v  -0.0781 0.3127 -0.2366
v  -0.1087 0.3854 -0.2226
v  -0.0900 0.3102 -0.2530
v  -0.1207 0.3829 -0.2389
v  -0.1001 0.3080 -0.2666
v  -0.1309 0.3809 -0.2525
v  -0.1080 0.3063 -0.2771
v  -0.1390 0.3793 -0.2630
v  -0.1142 0.3047 -0.2850
v  -0.1454 0.3779 -0.2709
v  -0.1195 0.3032 -0.2910
v  -0.1508 0.3766 -0.2769
v  -0.1245 0.3016 -0.2956
v  -0.1559 0.3751 -0.2815
v  -0.1302 0.2994 -0.2996
v  -0.1617 0.3730 -0.2855
v  -0.1384 0.2958 -0.3033
v  -0.1701 0.3696 -0.2892
v  -0.1515 0.2894 -0.3071
v  -0.1834 0.3634 -0.2930
v  -0.1714 0.2789 -0.3114
v  -0.2036 0.3533 -0.2971
v  -0.1989 0.2633 -0.3161
v  -0.2314 0.3378 -0.3016
v  -0.2289 0.2442 -0.3201
v  -0.2606 0.3170 -0.3047
v  -0.2564 0.2262 -0.3234
v  -0.2867 0.2970 -0.3067
v  -0.2795 0.2114 -0.3256
v  -0.3089 0.2808 -0.3081
v  -0.2982 0.2003 -0.3270
v  -0.3275 0.2688 -0.3090
v  -0.3128 0.1921 -0.3272
v  -0.3425 0.2601 -0.3089
v  -0.3241 0.1862 -0.3263
v  -0.3545 0.2539 -0.3078
v  -0.3333 0.1815 -0.3239
v  -0.3645 0.2491 -0.3053
v  -0.3930 0.3125 -0.2844
v  -0.3823 0.3173 -0.2871
v  -0.4172 0.3692 -0.2625
v  -0.4061 0.3738 -0.2651
v  -0.3931 0.3801 -0.2665
v  -0.3698 0.3237 -0.2885
v  -0.3740 0.2449 -0.3010
v  -0.4031 0.3084 -0.2800
v  -0.4278 0.3654 -0.2583
v  -0.3845 0.2408 -0.2946
v  -0.4141 0.3047 -0.2735
v  -0.4390 0.3621 -0.2520
v  -0.3974 0.2367 -0.2855
v  -0.4275 0.3012 -0.2645
v  -0.4524 0.3590 -0.2434
v  -0.4140 0.2325 -0.2735
v  -0.4444 0.2980 -0.2526
v  -0.4353 0.2280 -0.2578
v  -0.4654 0.2948 -0.2375
v  -0.3796 0.1614 -0.2924
v  -0.4000 0.1534 -0.2757
v  -0.4242 0.1436 -0.2549
v  -0.4606 0.2218 -0.2381
v  -0.4898 0.2905 -0.2191
v  -0.4481 0.1325 -0.2323
v  -0.4855 0.2127 -0.2161
v  -0.5145 0.2843 -0.1988
v  -0.4680 0.1227 -0.2121
v  -0.5062 0.2038 -0.1961
v  -0.5359 0.2775 -0.1796
v  -0.5198 0.1973 -0.1811
v  -0.5511 0.2719 -0.1643
v  -0.5276 0.1930 -0.1702
v  -0.5597 0.2682 -0.1533
v  -0.5314 0.1905 -0.1621
v  -0.5637 0.2658 -0.1452
v  -0.5326 0.1890 -0.1552
v  -0.5651 0.2644 -0.1384
v  -0.5329 0.1878 -0.1482
v  -0.5653 0.2632 -0.1315
v  -0.5324 0.1866 -0.1392
v  -0.5648 0.2620 -0.1227
v  -0.5313 0.1848 -0.1264
v  -0.5635 0.2600 -0.1100
v  -0.5295 0.1821 -0.1080
v  -0.5612 0.2566 -0.0916
v  -0.5271 0.1783 -0.0826
v  -0.5582 0.2521 -0.0665
v  -0.5243 0.1736 -0.0516
v  -0.5553 0.2474 -0.0360
v  -0.5212 0.1686 -0.0166
v  -0.5528 0.2433 -0.0015
v  -0.5175 0.1632 0.0213
v  -0.5496 0.2387 0.0366
v  -0.5131 0.1584 0.0629
v  -0.5449 0.2337 0.0799
v  -0.5080 0.1555 0.1060
v  -0.5381 0.2297 0.1238
v  -0.5016 0.1544 0.1408
v  -0.5303 0.2277 0.1579
v  -0.4938 0.1539 0.1662
v  -0.5219 0.2275 0.1822
v  -0.4839 0.1540 0.1855
v  -0.5120 0.2290 0.2008
v  -0.4715 0.1547 0.2022
v  -0.5002 0.2318 0.2168
v  -0.4561 0.1557 0.2185
v  -0.4857 0.2356 0.2323
v  -0.4375 0.1572 0.2354
v  -0.4684 0.2397 0.2483
v  -0.4175 0.1592 0.2527
v  -0.4490 0.2438 0.2648
v  -0.3983 0.1624 0.2679
v  -0.4291 0.2477 0.2803
v  -0.3806 0.1666 0.2798
v  -0.4102 0.2520 0.2926
v  -0.3632 0.1721 0.2887
v  -0.3921 0.2571 0.3011
v  -0.3451 0.1789 0.2951
v  -0.3738 0.2633 0.3063
v  -0.3266 0.1870 0.2993
v  -0.3550 0.2701 0.3088
v  -0.3079 0.1961 0.3010
v  -0.3362 0.2774 0.3087
v  -0.2891 0.0975 0.2810
v  -0.2715 0.1087 0.2834
v  -0.3061 0.0886 0.2768
v  -0.3226 0.0820 0.2707
v  -0.3388 0.0774 0.2625
v  -0.3552 0.0741 0.2520
v  -0.3726 0.0717 0.2389
v  -0.3914 0.0703 0.2234
v  -0.4105 0.0694 0.2065
v  -0.4277 0.0690 0.1888
v  -0.4421 0.0692 0.1695
v  -0.4538 0.0698 0.1466
v  -0.4627 0.0707 0.1175
v  -0.4693 0.0725 0.0820
v  -0.4743 0.0761 0.0434
v  -0.4785 0.0811 0.0049
v  -0.4822 0.0864 -0.0324
v  -0.4854 0.0915 -0.0673
v  -0.4881 0.0960 -0.0982
v  -0.4904 0.0997 -0.1235
v  -0.4921 0.1023 -0.1419
v  -0.4933 0.1041 -0.1547
v  -0.4938 0.1054 -0.1637
v  -0.4936 0.1067 -0.1707
v  -0.4924 0.1083 -0.1776
v  -0.4888 0.1110 -0.1859
v  -0.4812 0.1156 -0.1969
v  -0.3639 0.1675 -0.3047
v  -0.3517 0.1726 -0.3137
v  -0.3420 0.1772 -0.3199
v  -0.3544 0.3326 -0.2888
v  -0.3772 0.3888 -0.2669
v  -0.3357 0.3452 -0.2884
v  -0.3581 0.4008 -0.2666
v  -0.3137 0.3620 -0.2876
v  -0.2880 0.3825 -0.2863
v  -0.2594 0.4034 -0.2838
v  -0.2317 0.4196 -0.2801
v  -0.2109 0.4297 -0.2762
v  -0.1974 0.4355 -0.2726
v  -0.1888 0.4387 -0.2689
v  -0.1829 0.4405 -0.2650
v  -0.1777 0.4418 -0.2604
v  -0.1722 0.4431 -0.2544
v  -0.1657 0.4443 -0.2465
v  -0.1576 0.4459 -0.2361
v  -0.1474 0.4479 -0.2228
v  -0.1354 0.4504 -0.2067
v  -0.1220 0.4533 -0.1883
v  -0.1076 0.4564 -0.1677
v  -0.0928 0.4596 -0.1454
v  -0.0782 0.4624 -0.1217
v  -0.0644 0.4644 -0.0970
v  0.0064 0.3814 0.0720
v  0.0367 0.3108 0.0581
v  -0.1585 0.0123 0.2555
v  -0.1502 0.0170 0.2558
v  -0.1764 0.0662 0.2671
v  -0.1365 0.0246 0.2567
v  -0.1299 0.0283 0.2572
v  -0.1593 0.0788 0.2691
v  -0.2005 0.1564 0.2874
v  -0.2172 0.1460 0.2857
v  -0.2362 0.2330 0.3017
v  -0.2531 0.2246 0.3004
v  -0.2660 0.3050 0.3063
v  -0.2824 0.2987 0.3050
v  -0.2189 0.2415 0.3027
v  -0.2496 0.3114 0.3079
v  -0.1997 0.2512 0.3017
v  -0.2322 0.3188 0.3077
v  -0.1806 0.2610 0.2991
v  -0.2142 0.3273 0.3056
v  -0.1642 0.2695 0.2958
v  -0.1980 0.3357 0.3027
v  -0.1511 0.2763 0.2920
v  -0.1846 0.3431 0.2992
v  -0.1403 0.2818 0.2875
v  -0.1739 0.3491 0.2950
v  -0.1313 0.2865 0.2823
v  -0.1652 0.3539 0.2900
v  -0.1233 0.2907 0.2758
v  -0.1578 0.3581 0.2839
v  -0.1157 0.2951 0.2677
v  -0.1507 0.3619 0.2763
v  -0.1076 0.3005 0.2567
v  -0.1428 0.3662 0.2660
v  -0.0980 0.3077 0.2419
v  -0.1324 0.3717 0.2515
v  -0.0853 0.3169 0.2221
v  -0.1178 0.3798 0.2311
v  -0.0668 0.3291 0.1949
v  -0.0975 0.3919 0.2034
v  -0.0431 0.3436 0.1631
v  -0.0737 0.4070 0.1733
v  -0.0222 0.3568 0.1353
v  -0.0533 0.4205 0.1472
v  -0.0078 0.3671 0.1126
v  -0.0384 0.4314 0.1248
v  0.0014 0.3753 0.0917
v  -0.0284 0.4400 0.1041
v  0.0097 0.2872 0.1210
v  0.0235 0.2973 0.0985
v  0.0322 0.3051 0.0777
v  0.0421 0.2147 0.1059
v  0.0553 0.2247 0.0837
v  0.0637 0.2325 0.0632
v  0.0799 0.1825 0.0671
v  0.0849 0.1876 0.0544
v  0.0769 0.1794 0.0746
v  0.0690 0.1724 0.0884
v  0.0645 0.1684 0.0962
v  0.0527 0.1586 0.1133
v  0.0222 0.2018 0.1338
v  0.0465 0.1534 0.1225
v  0.0319 0.1411 0.1440
v  -0.0010 0.1887 0.1665
v  0.0260 0.1362 0.1529
v  0.0134 0.1252 0.1737
v  -0.0190 0.1784 0.1942
v  0.0097 0.1220 0.1799
v  0.0004 0.1137 0.1962
v  -0.0310 0.1700 0.2139
v  -0.0019 0.1117 0.2001
v  -0.0037 0.1101 0.2031
v  -0.0399 0.1625 0.2288
v  -0.0112 0.1035 0.2160
v  -0.0128 0.1022 0.2182
v  -0.0476 0.1562 0.2397
v  -0.0191 0.0969 0.2278
v  -0.0206 0.0957 0.2295
v  -0.0549 0.1508 0.2475
v  -0.0263 0.0912 0.2361
v  -0.0279 0.0901 0.2373
v  -0.0622 0.1458 0.2532
v  -0.0336 0.0860 0.2420
v  -0.0354 0.0848 0.2430
v  -0.0702 0.1404 0.2578
v  -0.0414 0.0807 0.2465
v  -0.0436 0.0793 0.2475
v  -0.0792 0.1342 0.2617
v  -0.0502 0.0751 0.2503
v  -0.0529 0.0734 0.2511
v  -0.0901 0.1266 0.2653
v  -0.0605 0.0686 0.2535
v  -0.0642 0.0663 0.2543
v  -0.1040 0.1167 0.2681
v  -0.0735 0.0607 0.2561
v  -0.0786 0.0577 0.2567
v  -0.1215 0.1045 0.2698
v  -0.0901 0.0509 0.2577
v  -0.0962 0.0474 0.2580
v  -0.1410 0.0912 0.2703
v  -0.1096 0.0397 0.2582
v  -0.1160 0.0361 0.2579
v  -0.1623 0.1798 0.2872
v  -0.1825 0.1673 0.2883
v  -0.1431 0.1915 0.2848
v  -0.1276 0.2009 0.2815
v  -0.1155 0.2080 0.2776
v  -0.1056 0.2137 0.2734
v  -0.0972 0.2184 0.2686
v  -0.0895 0.2228 0.2627
v  -0.0820 0.2275 0.2549
v  -0.0741 0.2332 0.2443
v  -0.0650 0.2403 0.2297
v  -0.0532 0.2491 0.2103
v  -0.0351 0.2603 0.1826
v  -0.0112 0.2742 0.1495
v  -0.0605 0.4545 0.1404
v  -0.0678 0.4492 0.1514
v  -0.0528 0.4599 0.1295
v  -0.0478 0.4640 0.1192
v  -0.0425 0.4682 0.1090
v  -0.0783 0.4423 0.1641
v  -0.0882 0.4357 0.1767
v  -0.0996 0.4279 0.1914
v  -0.1125 0.4194 0.2069
v  -0.3317 0.3063 0.3062
v  -0.3437 0.3009 0.3074
v  -0.3494 0.2983 0.3081
v  -0.3620 0.2929 0.3082
v  -0.3675 0.2905 0.3080
v  -0.3804 0.2853 0.3063
v  -0.3857 0.2833 0.3052
v  -0.3984 0.2785 0.3015
v  -0.4035 0.2767 0.2996
v  -0.4162 0.2724 0.2935
v  -0.4212 0.2708 0.2907
v  -0.4346 0.2667 0.2817
v  -0.4393 0.2653 0.2784
v  -0.4538 0.2613 0.2668
v  -0.4582 0.2601 0.2634
v  -0.4726 0.2563 0.2508
v  -0.4767 0.2552 0.2473
v  -0.4898 0.2519 0.2352
v  -0.4935 0.2510 0.2315
v  -0.5046 0.2485 0.2198
v  -0.5078 0.2479 0.2156
v  -0.5169 0.2463 0.2036
v  -0.5198 0.2460 0.1985
v  -0.5272 0.2455 0.1848
v  -0.5297 0.2457 0.1780
v  -0.5361 0.2463 0.1601
v  -0.5419 0.2485 0.1359
v  -0.5445 0.2492 0.1264
v  -0.5469 0.2504 0.1146
v  -0.5520 0.2541 0.0835
v  -0.5537 0.2559 0.0704
v  -0.5571 0.2600 0.0411
v  -0.5583 0.2620 0.0283
v  -0.5606 0.2657 0.0037
v  -0.5618 0.2675 -0.0086
v  -0.5636 0.2709 -0.0303
v  -0.5648 0.2725 -0.0414
v  -0.5667 0.2754 -0.0605
v  -0.5677 0.2767 -0.0696
v  -0.5694 0.2790 -0.0858
v  -0.5701 0.2799 -0.0923
v  -0.5715 0.2817 -0.1045
v  -0.5719 0.2823 -0.1088
v  -0.5727 0.2836 -0.1173
v  -0.5729 0.2841 -0.1202
v  -0.5732 0.2850 -0.1261
v  -0.5731 0.2856 -0.1284
v  -0.5730 0.2865 -0.1329
v  -0.5724 0.2872 -0.1353
v  -0.5716 0.2883 -0.1396
v  -0.5700 0.2896 -0.1425
v  -0.5676 0.2916 -0.1476
v  -0.5641 0.2939 -0.1517
v  -0.5592 0.2972 -0.1582
v  -0.5530 0.3011 -0.1642
v  -0.5450 0.3061 -0.1724
v  -0.5353 0.3118 -0.1808
v  -0.5257 0.3176 -0.1895
v  -0.1224 0.4125 0.2209
v  -0.1328 0.4053 0.2348
v  -0.1401 0.4002 0.2456
v  -0.1466 0.3956 0.2546
v  -0.1521 0.3918 0.2626
v  -0.1560 0.3890 0.2681
v  -0.1603 0.3861 0.2740
v  -0.1630 0.3842 0.2775
v  -0.1670 0.3817 0.2820
v  -0.1694 0.3801 0.2846
v  -0.1720 0.3786 0.2865
v  -0.1763 0.3761 0.2902
v  -0.1795 0.3744 0.2917
v  -0.1848 0.3716 0.2948
v  -0.1888 0.3696 0.2960
v  -0.1954 0.3663 0.2985
v  -0.2007 0.3638 0.2995
v  -0.2088 0.3600 0.3015
v  -0.2156 0.3569 0.3022
v  -0.2253 0.3524 0.3039
v  -0.2329 0.3490 0.3045
v  -0.2433 0.3444 0.3057
v  -0.2532 0.3401 0.3058
v  -0.2605 0.3369 0.3057
v  -0.2699 0.3331 0.3048
v  -0.2765 0.3304 0.3040
v  -0.2861 0.3264 0.3032
v  -0.2923 0.3239 0.3026
v  -0.3027 0.3194 0.3028
v  -0.0228 0.4465 0.0845
v  -0.0396 0.4714 0.0991
v  -0.0364 0.4745 0.0895
v  -0.0352 0.4769 0.0797
v  -0.0338 0.4793 0.0705
v  -0.0339 0.4811 0.0605
v  -0.0338 0.4830 0.0512
v  -0.0351 0.4845 0.0404
v  -0.0360 0.4859 0.0306
v  -0.0382 0.4873 0.0188
v  -0.0399 0.4885 0.0083
v  -0.0431 0.4896 -0.0045
v  -0.0458 0.4906 -0.0156
v  -0.0501 0.4913 -0.0291
v  -0.0538 0.4919 -0.0406
v  -0.0585 0.4921 -0.0522
v  -0.0640 0.4924 -0.0659
v  -0.0698 0.4921 -0.0774
v  -0.0764 0.4918 -0.0908
v  -0.0831 0.4911 -0.1023
v  -0.0904 0.4904 -0.1149
v  -0.0978 0.4894 -0.1263
v  -0.1053 0.4884 -0.1379
v  -0.1131 0.4871 -0.1490
v  -0.1203 0.4860 -0.1595
v  -0.1282 0.4847 -0.1701
v  -0.1349 0.4836 -0.1794
v  -0.1424 0.4822 -0.1892
v  -0.1484 0.4812 -0.1972
v  -0.1553 0.4799 -0.2059
v  -0.1605 0.4790 -0.2128
v  -0.1664 0.4778 -0.2201
v  -0.1707 0.4770 -0.2257
v  -0.1787 0.4755 -0.2358
v  -0.1852 0.4742 -0.2434
v  -0.1906 0.4730 -0.2492
v  -0.1958 0.4716 -0.2538
v  -0.1992 0.4706 -0.2559
v  -0.2017 0.4698 -0.2576
v  -0.2068 0.4680 -0.2595
v  -0.2103 0.4667 -0.2609
v  -0.2187 0.4635 -0.2627
v  -0.2243 0.4614 -0.2640
v  -0.2382 0.4556 -0.2654
v  -0.2461 0.4525 -0.2666
v  -0.2666 0.4438 -0.2674
v  -0.2753 0.4402 -0.2680
v  -0.3006 0.4293 -0.2677
v  -0.3062 0.4268 -0.2676
v  -0.3334 0.4149 -0.2666
v  -0.3347 0.4144 -0.2665
v  -0.3449 0.4099 -0.2661
v  -0.3592 0.4036 -0.2652
v  -0.3605 0.4030 -0.2651
v  -0.3795 0.3946 -0.2641
v  -0.3815 0.3938 -0.2640
v  -0.3959 0.3874 -0.2630
v  -0.3979 0.3865 -0.2629
v  -0.4091 0.3815 -0.2616
v  -0.4184 0.3771 -0.2596
v  -0.4200 0.3763 -0.2593
v  -0.4288 0.3719 -0.2561
v  -0.4301 0.3713 -0.2557
v  -0.4397 0.3663 -0.2508
v  -0.4405 0.3658 -0.2504
v  -0.4524 0.3594 -0.2433
v  -0.4525 0.3593 -0.2433
v  -0.4533 0.3589 -0.2427
v  -0.4685 0.3504 -0.2325
v  -0.4668 0.3513 -0.2337
v  -0.4842 0.3416 -0.2216
v  -0.4891 0.3388 -0.2180
v  -0.5044 0.3300 -0.2067
v  -0.5127 0.3252 -0.1999
v  0.0865 0.1898 0.0471
# 708 vertices

vn -0.1945 0.6386 0.7445
vn 0.3885 -0.6334 0.6693
vn 0.0891 0.0258 0.9957
vn 0.0464 0.0266 0.9986
vn 0.3504 -0.6406 0.6833
vn 0.0775 -0.1043 0.9915
vn 0.0609 -0.1011 0.9930
vn 0.0843 -0.1695 0.9819
vn 0.0738 -0.1718 0.9824
vn 0.0979 -0.1724 0.9801
vn 0.0873 -0.1806 0.9797
vn -0.2771 0.4983 0.8216
vn 0.4028 -0.7170 0.5688
vn 0.4088 -0.7080 0.5759
vn -0.2807 0.4973 0.8209
vn 0.0593 -0.1880 0.9804
vn 0.3818 -0.7144 0.5864
vn -0.3272 0.4734 0.8178
vn -0.0327 -0.2303 0.9726
vn 0.3226 -0.7418 0.5879
vn 0.2838 -0.7742 0.5658
vn -0.1517 -0.2875 0.9457
vn 0.2288 -0.7913 0.5670
vn -0.5014 0.3847 0.7750
vn -0.2728 -0.3492 0.8964
vn 0.1416 -0.8356 0.5308
vn -0.5907 0.3367 0.7333
vn -0.3799 -0.4038 0.8323
vn 0.0706 -0.8741 0.4807
vn 0.0481 -0.8951 0.4432
vn -0.4569 -0.4411 0.7724
vn 0.0237 -0.9005 0.4342
vn 0.0071 -0.9116 0.4110
vn -0.5046 -0.4606 0.7302
vn -0.0037 -0.9157 0.4018
vn -0.0171 -0.9193 0.3932
vn -0.5350 -0.4680 0.7034
vn -0.0229 -0.9236 0.3828
vn -0.0352 -0.9246 0.3794
vn -0.5743 -0.4764 0.6658
vn -0.0560 -0.9305 0.3619
vn -0.0720 -0.9368 0.3425
vn -0.6427 -0.4932 0.5863
vn -0.1133 -0.9433 0.3119
vn -0.1303 -0.9546 0.2678
vn -0.7254 -0.5098 0.4624
vn -0.1768 -0.9577 0.2269
vn -0.1884 -0.9673 0.1699
vn -0.7957 -0.5143 0.3200
vn -0.2255 -0.9659 0.1270
vn -0.2318 -0.9701 0.0725
vn -0.8400 -0.5057 0.1969
vn -0.2529 -0.9668 0.0368
vn -0.2550 -0.9669 -0.0016
vn -0.8632 -0.4928 0.1093
vn -0.2680 -0.9630 -0.0301
vn -0.2650 -0.9626 -0.0571
vn -0.8736 -0.4837 0.0536
vn -0.2720 -0.9595 -0.0729
vn -0.2682 -0.9594 -0.0877
vn -0.8770 -0.4797 0.0263
vn -0.2709 -0.9581 -0.0932
vn -0.2692 -0.9580 -0.0987
vn -0.8781 -0.4782 0.0152
vn -0.2705 -0.9574 -0.1012
vn -0.2696 -0.9573 -0.1040
vn -0.8786 -0.4774 0.0095
vn -0.2703 -0.9570 -0.1053
vn -0.2699 -0.9570 -0.1067
vn -0.8788 -0.4772 0.0080
vn -0.2697 -0.9570 -0.1065
vn -0.2698 -0.9570 -0.1062
vn -0.8785 -0.4777 0.0116
vn -0.2687 -0.9576 -0.1040
vn -0.2695 -0.9576 -0.1016
vn -0.8783 -0.4779 0.0137
vn -0.2699 -0.9574 -0.1023
vn -0.2696 -0.9574 -0.1032
vn -0.8796 -0.4756 -0.0036
vn -0.2754 -0.9546 -0.1140
vn -0.2711 -0.9543 -0.1260
vn -0.8822 -0.4668 -0.0621
vn -0.2849 -0.9460 -0.1549
vn -0.2720 -0.9442 -0.1858
vn -0.8780 -0.4447 -0.1772
vn -0.2907 -0.9270 -0.2370
vn -0.2627 -0.9210 -0.2878
vn -0.8458 -0.3961 -0.3573
vn -0.2783 -0.8872 -0.3679
vn -0.2222 -0.8717 -0.4368
vn -0.7773 -0.3276 -0.5370
vn -0.2218 -0.8385 -0.4978
vn -0.8636 0.3881 -0.3217
vn -0.7118 -0.2718 -0.6477
vn -0.1664 -0.8026 -0.5728
vn -0.1326 -0.7946 -0.5925
vn -0.6698 -0.2361 -0.7040
vn -0.1318 -0.7811 -0.6103
vn -0.1115 -0.7775 -0.6190
vn -0.6452 -0.2121 -0.7340
vn -0.1134 -0.7674 -0.6310
vn -0.0984 -0.7655 -0.6358
vn -0.6227 -0.1887 -0.7593
vn -0.1002 -0.7523 -0.6512
vn -0.0800 -0.7487 -0.6580
vn -0.6062 -0.1712 -0.7767
vn -0.0839 -0.7437 -0.6633
vn -0.0759 -0.7428 -0.6652
vn -0.6010 -0.1616 -0.7827
vn -0.0779 -0.7390 -0.6692
vn -0.0723 -0.7391 -0.6697
vn -0.5909 -0.1475 -0.7932
vn -0.0723 -0.7306 -0.6790
vn -0.0596 -0.7288 -0.6822
vn -0.5600 -0.1200 -0.8198
vn -0.0536 -0.7100 -0.7021
vn -0.7120 0.5119 -0.4806
vn -0.4891 -0.0683 -0.8695
vn -0.0066 -0.6683 -0.7439
vn 0.0469 -0.6556 -0.7537
vn -0.3693 0.0096 -0.9293
vn 0.0817 -0.6039 -0.7929
vn -0.5390 0.6236 -0.5662
vn -0.2286 0.0921 -0.9691
vn 0.1859 -0.5427 -0.8191
vn -0.4427 0.6798 -0.5847
vn -0.1140 0.1534 -0.9816
vn 0.2722 -0.5014 -0.8213
vn -0.3796 0.7152 -0.5869
vn -0.0428 0.1871 -0.9814
vn 0.3255 -0.4790 -0.8153
vn -0.3443 0.7331 -0.5866
vn -0.0038 0.2004 -0.9797
vn 0.3544 -0.4678 -0.8097
vn -0.3240 0.7412 -0.5880
vn 0.0205 0.2019 -0.9792
vn 0.3707 -0.4628 -0.8053
vn -0.3095 0.7451 -0.5908
vn 0.0426 0.1985 -0.9792
vn 0.3825 -0.4609 -0.8008
vn -0.2969 0.7486 -0.5928
vn 0.0678 0.1958 -0.9783
vn 0.3951 -0.4588 -0.7959
vn -0.2830 0.7543 -0.5924
vn 0.0993 0.2019 -0.9744
vn 0.4130 -0.4514 -0.7910
vn 0.4289 -0.4546 -0.7807
vn 0.1502 0.2203 -0.9638
vn 0.4444 -0.4334 -0.7840
vn 0.4703 -0.4343 -0.7682
vn 0.2409 0.2572 -0.9358
vn 0.5033 -0.3980 -0.7670
vn 0.5472 -0.3983 -0.7362
vn 0.3793 0.3125 -0.8709
vn 0.5966 -0.3484 -0.7229
vn 0.6523 -0.3525 -0.6710
vn 0.5123 0.3616 -0.7790
vn 0.6884 -0.3171 -0.6524
vn 0.0540 0.9064 -0.4190
vn 0.6010 0.3913 -0.6969
vn 0.7487 -0.3002 -0.5910
vn 0.1039 0.9249 -0.3657
vn 0.6555 0.4078 -0.6356
vn 0.7851 -0.2934 -0.5455
vn 0.1317 0.9346 -0.3305
vn 0.6833 0.4154 -0.6004
vn 0.8031 -0.2928 -0.5190
vn 0.1474 0.9369 -0.3171
vn 0.6943 0.4182 -0.5857
vn 0.8100 -0.2934 -0.5078
vn 0.1462 0.9399 -0.3085
vn 0.7005 0.4195 -0.5774
vn 0.8141 -0.2920 -0.5021
vn 0.1513 0.9413 -0.3019
vn 0.7085 0.4211 -0.5664
vn 0.8193 -0.2900 -0.4945
vn 0.1601 0.9423 -0.2940
vn 0.7186 0.4230 -0.5520
vn 0.8260 -0.2878 -0.4846
vn 0.1673 0.9448 -0.2818
vn 0.7309 0.4252 -0.5338
vn 0.8342 -0.2851 -0.4721
vn 0.1777 0.9471 -0.2673
vn 0.7468 0.4279 -0.5092
vn 0.8447 -0.2813 -0.4553
vn 0.1912 0.9501 -0.2463
vn 0.7675 0.4311 -0.4744
vn 0.8587 -0.2766 -0.4314
vn 0.2088 0.9536 -0.2170
vn 0.7935 0.4344 -0.4261
vn 0.8762 -0.2714 -0.3982
vn 0.8832 -0.2800 -0.3763
vn 0.8236 0.4367 -0.3618
vn 0.8965 -0.2667 -0.3538
vn 0.9033 -0.2784 -0.3263
vn 0.8515 0.4365 -0.2904
vn 0.9146 -0.2669 -0.3039
vn 0.9192 -0.2789 -0.2781
vn 0.8726 0.4340 -0.2240
vn 0.9279 -0.2695 -0.2576
vn 0.9305 -0.2808 -0.2353
vn 0.8876 0.4298 -0.1653
vn 0.9372 -0.2732 -0.2169
vn 0.9383 -0.2835 -0.1978
vn 0.8987 0.4245 -0.1100
vn 0.9442 -0.2766 -0.1787
vn 0.9444 -0.2874 -0.1598
vn 0.9090 0.4152 -0.0357
vn 0.9524 -0.2772 -0.1270
vn 0.9503 -0.2961 -0.0963
vn 0.9148 0.3965 0.0772
vn 0.9575 -0.2844 -0.0480
vn 0.9497 -0.3131 -0.0064
vn 0.9046 0.3645 0.2211
vn 0.9514 -0.3034 0.0527
vn 0.9182 0.3944 -0.0370
vn 0.9229 0.3773 0.0776
vn 0.9195 0.3925 -0.0214
vn 0.9211 0.3761 0.1001
vn 0.9124 0.4092 0.0073
vn 0.9098 0.3928 0.1342
vn 0.9083 0.4027 -0.1131
vn 0.9107 0.3996 -0.1047
vn 0.9060 0.4154 -0.0810
vn 0.8972 0.4078 -0.1694
vn 0.8998 0.4031 -0.1668
vn 0.8960 0.4178 -0.1502
vn 0.8820 0.4122 -0.2284
vn 0.8845 0.4066 -0.2287
vn 0.8799 0.4207 -0.2208
vn 0.8605 0.4155 -0.2947
vn 0.8626 0.4101 -0.2961
vn 0.8566 0.4240 -0.2939
vn 0.8322 0.4166 -0.3660
vn 0.8335 0.4122 -0.3680
vn 0.8254 0.4271 -0.3691
vn 0.8014 0.4155 -0.4302
vn 0.8012 0.4129 -0.4331
vn 0.7745 0.4136 -0.4786
vn 0.7720 0.4133 -0.4829
vn 0.7527 0.4119 -0.5135
vn 0.7477 0.4142 -0.5191
vn 0.7359 0.4110 -0.5381
vn 0.7291 0.4154 -0.5439
vn 0.7229 0.4103 -0.5560
vn 0.7152 0.4168 -0.5611
vn 0.7122 0.4097 -0.5700
vn 0.7044 0.4179 -0.5737
vn 0.7040 0.4091 -0.5805
vn 0.6965 0.4187 -0.5827
vn 0.6976 0.4085 -0.5886
vn 0.6908 0.4191 -0.5892
vn 0.6862 0.4064 -0.6033
vn 0.6795 0.4182 -0.6028
vn 0.6572 0.4001 -0.6388
vn 0.6498 0.4140 -0.6375
vn 0.6002 0.3860 -0.7005
vn 0.5912 0.4032 -0.6985
vn 0.5075 0.3598 -0.7829
vn 0.4961 0.3816 -0.7799
vn 0.3687 0.3149 -0.8746
vn 0.3539 0.3421 -0.8705
vn 0.2240 0.2628 -0.9385
vn 0.2060 0.2940 -0.9333
vn 0.1288 0.2269 -0.9654
vn 0.1092 0.2595 -0.9596
vn 0.0737 0.2071 -0.9755
vn 0.0505 0.2396 -0.9696
vn 0.0320 0.1954 -0.9802
vn -0.0110 0.2230 -0.9748
vn -0.0039 0.1973 -0.9803
vn -0.0669 0.2120 -0.9750
vn -0.0277 0.2067 -0.9780
vn -0.0938 0.2168 -0.9717
vn -0.0479 0.2130 -0.9759
vn -0.1035 0.2263 -0.9685
vn -0.0775 0.2089 -0.9749
vn -0.1184 0.2288 -0.9662
vn -0.1353 0.1863 -0.9731
vn -0.1629 0.2136 -0.9632
vn -0.2358 0.1375 -0.9620
vn -0.2519 0.1727 -0.9522
vn -0.3658 0.0658 -0.9284
vn -0.3727 0.1082 -0.9216
vn -0.3800 0.1583 -0.9113
vn -0.2731 0.2168 -0.9372
vn -0.3734 0.2249 -0.9000
vn -0.2797 0.2759 -0.9196
vn -0.2186 0.3088 -0.9257
vn -0.1990 0.2523 -0.9469
vn -0.4821 0.0415 -0.8752
vn -0.4814 0.0948 -0.8714
vn -0.4686 0.1656 -0.8677
vn -0.5478 -0.0043 -0.8366
vn -0.5452 0.0490 -0.8369
vn -0.5339 0.1193 -0.8371
vn -0.5748 -0.0268 -0.8179
vn -0.5723 0.0261 -0.8196
vn -0.5664 0.0927 -0.8189
vn -0.5833 -0.0388 -0.8113
vn -0.5810 0.0175 -0.8137
vn -0.5945 -0.0563 -0.8021
vn -0.5927 0.0071 -0.8054
vn -0.5967 -0.1046 -0.7956
vn -0.6088 -0.1247 -0.7835
vn -0.6261 -0.1463 -0.7659
vn -0.6208 -0.0840 -0.7795
vn -0.6164 -0.0116 -0.7874
vn -0.6470 -0.1701 -0.7433
vn -0.6488 -0.1154 -0.7522
vn -0.6440 -0.0380 -0.7641
vn -0.6722 -0.1950 -0.7143
vn -0.6778 -0.1441 -0.7210
vn -0.6750 -0.0666 -0.7348
vn -0.7257 -0.1845 -0.6628
vn -0.7260 -0.1072 -0.6793
vn -0.7996 -0.2458 -0.5480
vn -0.8081 -0.1730 -0.5630
vn -0.8756 -0.3207 -0.3612
vn -0.8931 -0.2580 -0.3686
vn -0.9103 -0.3758 -0.1737
vn -0.9303 -0.3240 -0.1722
vn -0.9140 -0.4021 -0.0543
vn -0.9327 -0.3577 -0.0473
vn -0.9107 -0.4130 0.0067
vn -0.9278 -0.3726 0.0179
vn -0.9092 -0.4156 0.0259
vn -0.9249 -0.3777 0.0425
vn -0.9098 -0.4142 0.0252
vn -0.9251 -0.3770 0.0446
vn -0.9110 -0.4119 0.0215
vn -0.9270 -0.3732 0.0372
vn -0.9113 -0.4112 0.0214
vn -0.9291 -0.3686 0.0287
vn -0.9102 -0.4134 0.0264
vn -0.9300 -0.3663 0.0297
vn -0.9084 -0.4164 0.0385
vn -0.9281 -0.3696 0.0452
vn -0.9056 -0.4194 0.0634
vn -0.9237 -0.3737 0.0838
vn -0.8992 -0.4222 0.1148
vn -0.9170 -0.3685 0.1530
vn -0.8804 -0.4280 0.2042
vn -0.8998 -0.3591 0.2477
vn -0.8366 -0.4326 0.3359
vn -0.8508 -0.3588 0.3840
vn -0.7660 -0.4256 0.4818
vn -0.7719 -0.3510 0.5301
vn -0.6898 -0.4072 0.5987
vn -0.6881 -0.3367 0.6427
vn -0.6311 -0.3877 0.6719
vn -0.6257 -0.3199 0.7114
vn -0.5966 -0.3739 0.7101
vn -0.5927 -0.3033 0.7462
vn -0.5659 -0.3620 0.7407
vn -0.5682 -0.2853 0.7718
vn -0.5086 -0.3439 0.7893
vn -0.5199 -0.2615 0.8132
vn -0.4162 -0.3156 0.8528
vn -0.4269 -0.2262 0.8756
vn -0.3011 -0.2765 0.9126
vn -0.2954 -0.1763 0.9390
vn -0.1843 -0.2313 0.9553
vn -0.1590 -0.1188 0.9801
vn -0.0713 -0.1826 0.9806
vn -0.0366 -0.0600 0.9975
vn 0.0287 -0.1348 0.9905
vn 0.0576 -0.0064 0.9983
vn -0.0561 -0.2304 0.9715
vn 0.0397 -0.1904 0.9809
vn -0.1684 -0.2768 0.9460
vn -0.2833 -0.3253 0.9022
vn -0.3917 -0.3709 0.8420
vn -0.4767 -0.4049 0.7803
vn -0.5336 -0.4250 0.7312
vn -0.5695 -0.4351 0.6974
vn -0.6097 -0.4458 0.6554
vn -0.6726 -0.4631 0.5772
vn -0.7486 -0.4797 0.4578
vn -0.8164 -0.4836 0.3156
vn -0.8598 -0.4740 0.1901
vn -0.8812 -0.4610 0.1049
vn -0.8899 -0.4527 0.0556
vn -0.8928 -0.4493 0.0318
vn -0.8940 -0.4476 0.0210
vn -0.8946 -0.4465 0.0154
vn -0.8947 -0.4464 0.0138
vn -0.8943 -0.4471 0.0173
vn -0.8941 -0.4474 0.0192
vn -0.8956 -0.4449 0.0014
vn -0.8984 -0.4354 -0.0582
vn -0.8942 -0.4119 -0.1754
vn -0.8605 -0.3613 -0.3593
vn -0.7877 -0.2907 -0.5431
vn -0.7174 -0.2326 -0.6567
vn -0.5796 -0.0832 -0.8106
vn -0.5485 -0.0549 -0.8343
vn -0.4804 -0.0058 -0.8770
vn -0.1672 0.2648 -0.9497
vn -0.1949 0.3244 -0.9256
vn -0.1631 0.2643 -0.9506
vn -0.1966 0.3344 -0.9217
vn -0.1610 0.2627 -0.9513
vn -0.1435 0.2743 -0.9509
vn -0.0886 0.2960 -0.9511
vn -0.0138 0.3108 -0.9504
vn 0.0650 0.3272 -0.9427
vn 0.1730 0.3574 -0.9178
vn 0.3255 0.3987 -0.8574
vn 0.4711 0.4311 -0.7695
vn 0.5694 0.4463 -0.6904
vn 0.6300 0.4521 -0.6315
vn 0.6604 0.4530 -0.5989
vn 0.6714 0.4517 -0.5876
vn 0.6779 0.4481 -0.5828
vn 0.6861 0.4448 -0.5757
vn 0.6975 0.4413 -0.5646
vn 0.7121 0.4379 -0.5488
vn 0.7316 0.4347 -0.5251
vn 0.7578 0.4318 -0.4891
vn 0.7901 0.4294 -0.4375
vn 0.9038 0.3480 0.2491
vn 0.9107 0.3478 0.2227
vn -0.2986 0.4853 0.8218
vn 0.3807 -0.7311 0.5661
vn 0.0561 -0.1986 0.9785
vn -0.3236 0.4711 0.8206
vn 0.3719 -0.7308 0.5723
vn 0.0534 -0.2001 0.9783
vn 0.0410 -0.1862 0.9817
vn 0.0411 -0.1858 0.9817
vn -0.0041 -0.1252 0.9921
vn 0.0129 -0.1163 0.9931
vn -0.0810 -0.0201 0.9965
vn -0.0357 0.0028 0.9994
vn 0.0514 -0.1081 0.9928
vn -0.0379 -0.0112 0.9992
vn 0.1315 -0.0772 0.9883
vn 0.0540 0.0192 0.9984
vn 0.1899 -0.0484 0.9806
vn 0.1218 0.0450 0.9915
vn 0.2483 -0.0209 0.9685
vn 0.1772 0.0620 0.9822
vn 0.3222 0.0148 0.9465
vn 0.2567 0.0906 0.9622
vn 0.4144 0.0647 0.9078
vn 0.3646 0.1365 0.9211
vn 0.5160 0.1254 0.8474
vn 0.4829 0.1933 0.8541
vn 0.6102 0.1872 0.7698
vn 0.5878 0.2492 0.7696
vn 0.6823 0.2393 0.6908
vn 0.6616 0.2915 0.6909
vn 0.7245 0.2711 0.6337
vn 0.6972 0.3128 0.6450
vn 0.7414 0.2796 0.6100
vn 0.7092 0.3135 0.6315
vn 0.7424 0.2706 0.6128
vn 0.7093 0.2998 0.6380
vn 0.7323 0.2482 0.6341
vn 0.6995 0.2735 0.6602
vn 0.7257 0.2265 0.6496
vn 0.6954 0.2491 0.6741
vn 0.7474 0.2312 0.6228
vn 0.7181 0.2518 0.6489
vn 0.8006 0.2641 0.5379
vn 0.7738 0.2810 0.5677
vn 0.8610 0.3084 0.4043
vn 0.8375 0.3234 0.4404
vn 0.7620 0.2184 0.6096
vn 0.8141 0.2554 0.5215
vn 0.8729 0.3048 0.3809
vn 0.7633 0.2292 0.6040
vn 0.8132 0.2676 0.5168
vn 0.8694 0.3188 0.3776
vn 0.9044 -0.3746 0.2044
vn 0.9284 -0.3347 0.1615
vn 0.8901 -0.3754 0.2584
vn 0.8647 -0.4112 0.2883
vn 0.8540 -0.4132 0.3161
vn 0.8395 -0.4344 0.3265
vn 0.7479 0.2188 0.6267
vn 0.1855 0.7948 0.5778
vn 0.8419 -0.4345 0.3201
vn 0.7613 0.2303 0.6061
vn 0.2031 0.8005 0.5639
vn 0.8573 -0.4206 0.2968
vn 0.7751 0.2440 0.5829
vn 0.8607 -0.4192 0.2888
vn 0.8646 -0.4129 0.2864
vn 0.7748 0.2460 0.5824
vn 0.8619 -0.4140 0.2926
vn 0.8602 -0.4180 0.2922
vn 0.7537 0.2307 0.6154
vn 0.8520 -0.4151 0.3189
vn 0.1877 0.7928 0.5799
vn 0.6998 0.1931 0.6878
vn 0.8213 -0.4305 0.3742
vn 0.7933 -0.4705 0.3865
vn 0.6154 0.1379 0.7760
vn 0.7661 -0.4680 0.4405
vn 0.0591 0.7066 0.7051
vn 0.5214 0.0799 0.8495
vn 0.6993 -0.5160 0.4947
vn -0.0107 0.6609 0.7504
vn 0.4347 0.0287 0.9001
vn 0.6369 -0.5597 0.5302
vn 0.6093 -0.5858 0.5344
vn 0.3607 -0.0137 0.9326
vn 0.5849 -0.5947 0.5516
vn 0.5628 -0.6155 0.5518
vn 0.2885 -0.0546 0.9559
vn 0.5340 -0.6250 0.5694
vn 0.5086 -0.6477 0.5673
vn 0.2138 -0.0980 0.9720
vn 0.4812 -0.6582 0.5790
vn 0.4578 -0.6782 0.5748
vn 0.1531 -0.1364 0.9788
vn 0.4387 -0.6875 0.5787
vn 0.4215 -0.7006 0.5758
vn 0.0980 -0.1732 0.9800
vn 0.3982 -0.7125 0.5778
vn 0.3830 -0.7259 0.5713
vn 0.1636 -0.1250 0.9786
vn 0.0984 -0.1601 0.9822
vn 0.2201 -0.0914 0.9712
vn 0.2877 -0.0544 0.9562
vn 0.3586 -0.0167 0.9333
vn 0.4350 0.0271 0.9000
vn 0.5215 0.0810 0.8494
vn 0.6103 0.1407 0.7796
vn 0.6890 0.1973 0.6974
vn 0.7422 0.2372 0.6268
vn 0.7657 0.2529 0.5914
vn 0.7676 0.2486 0.5908
vn 0.7553 0.2300 0.6137
vn 0.7442 0.2116 0.6336
vn 0.8213 -0.4608 0.3363
vn 0.2279 0.7877 0.5724
vn 0.2756 0.8077 0.5213
vn 0.8655 -0.4299 0.2570
vn 0.3266 0.8385 0.4362
vn 0.7938 -0.4754 0.3793
vn 0.2019 0.7929 0.5749
vn 0.2033 0.7834 0.5873
vn 0.1889 0.8047 0.5629
vn -0.1793 0.6326 0.7534
vn 0.3673 -0.6584 0.6570
vn -0.2234 0.6052 0.7641
vn -0.2626 0.5940 0.7604
vn -0.3020 0.5681 0.7656
vn -0.3442 0.5534 0.7584
vn -0.3896 0.5303 0.7530
vn -0.4355 0.5113 0.7408
vn -0.4870 0.4913 0.7221
vn -0.5248 0.4776 0.7046
vn -0.5685 0.4585 0.6830
vn -0.5913 0.4556 0.6655
vn -0.6188 0.4376 0.6524
vn -0.1312 -0.8713 0.4729
vn -0.6447 0.4245 0.6357
vn -0.1518 -0.8813 0.4475
vn -0.6632 0.4151 0.6228
vn -0.6814 0.4111 0.6055
vn -0.6991 0.4066 0.5882
vn -0.7306 0.3904 0.5602
vn -0.7536 0.4002 0.5214
vn -0.7899 0.3770 0.4837
vn -0.8127 0.3948 0.4285
vn -0.8450 0.3730 0.3832
vn -0.8602 0.3924 0.3256
vn -0.8808 0.3781 0.2850
vn -0.8707 0.4157 0.2627
vn -0.8918 0.3800 0.2455
vn -0.9025 0.3793 0.2041
vn -0.9080 0.3782 0.1804
vn -0.9089 0.3840 0.1627
vn -0.9119 0.3819 0.1505
vn -0.9098 0.3895 0.1433
vn -0.9095 0.3892 0.1460
vn -0.9120 0.3853 0.1405
vn -0.9097 0.3889 0.1455
vn -0.9127 0.3810 0.1475
vn -0.9109 0.3842 0.1503
vn -0.9127 0.3789 0.1532
vn -0.9116 0.3808 0.1546
vn -0.9125 0.3780 0.1567
vn -0.9138 0.3772 0.1503
vn -0.9127 0.3811 0.1471
vn -0.9181 0.3753 0.1276
vn -0.9133 0.3906 0.1150
vn -0.9227 0.3779 0.0758
vn -0.9110 0.4095 0.0481
vn -0.9202 0.3905 -0.0268
vn -0.8907 0.4496 -0.0667
vn -0.8885 0.4270 -0.1681
vn -0.8339 0.5075 -0.2170
vn -0.8189 0.4939 -0.2924
vn -0.7699 0.5544 -0.3160
vn -0.7561 0.5483 -0.3573
vn -0.7275 0.5816 -0.3640
vn -0.7176 0.5795 -0.3863
vn -0.7026 0.5981 -0.3856
vn -0.6943 0.5971 -0.4017
vn 0.2117 0.7988 0.5631
vn 0.1957 0.8154 0.5449
vn 0.2117 0.8088 0.5487
vn 0.1962 0.8190 0.5392
vn 0.2052 0.8122 0.5461
vn 0.1908 0.8147 0.5477
vn 0.1898 0.8088 0.5566
vn 0.1755 0.7967 0.5783
vn 0.1515 0.7859 0.5995
vn 0.1240 0.7563 0.6423
vn 0.6983 -0.5046 0.5078
vn 0.0592 0.7165 0.6951
vn 0.6051 -0.5504 0.5753
vn -0.0262 0.6775 0.7351
vn -0.0880 0.6843 0.7239
vn -0.1039 0.6495 0.7532
vn -0.1508 0.6606 0.7355
vn -0.1595 0.6360 0.7550
vn -0.1891 0.6488 0.7371
vn -0.1932 0.6318 0.7506
vn -0.2141 0.6405 0.7375
vn -0.2265 0.6204 0.7508
vn -0.2653 0.6104 0.7464
vn -0.2914 0.5979 0.7467
vn -0.3226 0.5885 0.7414
vn 0.2204 -0.7036 0.6756
vn -0.3152 0.5951 0.7393
vn 0.2559 -0.6790 0.6881
vn -0.2543 0.6290 0.7346
vn 0.8862 0.3634 0.2873
vn 0.9061 -0.3953 0.1510
vn 0.3645 0.8703 0.3312
vn 0.9295 -0.3672 0.0356
vn 0.3820 0.8967 0.2235
vn 0.9345 -0.3488 -0.0709
vn 0.3809 0.9149 0.1336
vn 0.9283 -0.3405 -0.1491
vn 0.3726 0.9253 0.0706
vn 0.9194 -0.3384 -0.2006
vn 0.3654 0.9306 0.0193
vn 0.9074 -0.3369 -0.2513
vn 0.3536 0.9348 -0.0332
vn 0.8922 -0.3340 -0.3040
vn 0.3361 0.9377 -0.0885
vn 0.8730 -0.3304 -0.3586
vn 0.3138 0.9386 -0.1436
vn 0.8483 -0.3279 -0.4157
vn 0.2855 0.9390 -0.1919
vn 0.8250 -0.3259 -0.4616
vn 0.2591 0.9388 -0.2271
vn 0.8061 -0.3240 -0.4952
vn 0.2373 0.9386 -0.2506
vn 0.7920 -0.3225 -0.5183
vn 0.2207 0.9385 -0.2653
vn 0.7825 -0.3206 -0.5337
vn 0.2084 0.9385 -0.2753
vn 0.7751 -0.3178 -0.5460
vn 0.1983 0.9387 -0.2819
vn 0.7697 -0.3154 -0.5550
vn 0.1906 0.9393 -0.2851
vn 0.7668 -0.3132 -0.5602
vn 0.1862 0.9406 -0.2838
vn 0.1775 0.9394 -0.2933
vn 0.1602 0.9350 -0.3164
vn 0.1219 0.9259 -0.3576
vn 0.0549 0.9081 -0.4151
vn -0.3888 0.9050 0.1728
vn -0.0417 0.8776 -0.4776
vn -0.1276 0.8743 -0.4683
vn -0.1560 0.8462 -0.5095
vn -0.2190 0.8469 -0.4846
vn -0.2358 0.8240 -0.5152
vn -0.2793 0.8300 -0.4828
vn -0.2867 0.8124 -0.5077
vn -0.3184 0.8164 -0.4818
vn -0.3259 0.8036 -0.4980
vn -0.3513 0.7970 -0.4913
vn -0.3585 0.7931 -0.4924
vn -0.3691 0.7844 -0.4984
vn -0.3722 0.7865 -0.4928
vn -0.3675 0.7872 -0.4952
vn -0.3723 0.8084 -0.4559
vn -0.3514 0.7826 -0.5139
vn -0.3733 0.8030 -0.4646
vn -0.3642 0.7890 -0.4949
vn -0.3863 0.7922 -0.4724
vn -0.3909 0.7789 -0.4905
vn -0.4315 0.7637 -0.4801
vn 0.0552 -0.4917 -0.8690
vn -0.4835 0.7319 -0.4803
vn -0.0273 -0.5359 -0.8439
vn -0.5470 0.6986 -0.4612
vn -0.0947 -0.5773 -0.8110
vn -0.5921 0.6762 -0.4383
vn -0.1349 -0.6000 -0.7885
vn -0.6159 0.6650 -0.4224
vn -0.6407 0.6357 -0.4306
vn -0.6502 0.6301 -0.4245
vn -0.6464 0.6312 -0.4286
vn -0.6573 0.6236 -0.4231
vn -0.6625 0.6229 -0.4161
vn -0.6748 0.6113 -0.4136
vn -0.6823 0.6113 -0.4009
vn 0.9355 -0.3396 0.0981
# 708 vertex normals

vt 0.2181 0.6984 0.0000
vt 0.2145 0.6995 0.0000
vt 0.2118 0.6919 0.0000
vt 0.2175 0.6899 0.0000
vt 0.2201 0.6978 0.0000
vt 0.2044 0.6664 0.0000
vt 0.2106 0.6650 0.0000
vt 0.1982 0.6377 0.0000
vt 0.2050 0.6371 0.0000
vt 0.1923 0.6076 0.0000
vt 0.2000 0.6078 0.0000
vt 0.1938 0.5920 0.0000
vt 0.1973 0.5914 0.0000
vt 0.1900 0.5928 0.0000
vt 0.1866 0.5934 0.0000
vt 0.1854 0.6078 0.0000
vt 0.1836 0.5940 0.0000
vt 0.1806 0.5946 0.0000
vt 0.1796 0.6085 0.0000
vt 0.1782 0.5950 0.0000
vt 0.1761 0.5955 0.0000
vt 0.1746 0.6095 0.0000
vt 0.1734 0.5960 0.0000
vt 0.1714 0.5964 0.0000
vt 0.1699 0.6108 0.0000
vt 0.1689 0.5968 0.0000
vt 0.1667 0.5972 0.0000
vt 0.1653 0.6123 0.0000
vt 0.1643 0.5976 0.0000
vt 0.1617 0.5981 0.0000
vt 0.1602 0.6140 0.0000
vt 0.1592 0.5984 0.0000
vt 0.1557 0.5990 0.0000
vt 0.1543 0.6161 0.0000
vt 0.1530 0.5993 0.0000
vt 0.1485 0.6000 0.0000
vt 0.1472 0.6185 0.0000
vt 0.1454 0.6004 0.0000
vt 0.1398 0.6012 0.0000
vt 0.1391 0.6213 0.0000
vt 0.1367 0.6016 0.0000
vt 0.1308 0.6025 0.0000
vt 0.1308 0.6238 0.0000
vt 0.1279 0.6028 0.0000
vt 0.1220 0.6037 0.0000
vt 0.1228 0.6261 0.0000
vt 0.1196 0.6040 0.0000
vt 0.1131 0.6049 0.0000
vt 0.1142 0.6283 0.0000
vt 0.1108 0.6052 0.0000
vt 0.1031 0.6063 0.0000
vt 0.1045 0.6304 0.0000
vt 0.1009 0.6067 0.0000
vt 0.0921 0.6079 0.0000
vt 0.0936 0.6324 0.0000
vt 0.0898 0.6083 0.0000
vt 0.0805 0.6096 0.0000
vt 0.0820 0.6345 0.0000
vt 0.0782 0.6100 0.0000
vt 0.0687 0.6114 0.0000
vt 0.0703 0.6365 0.0000
vt 0.0665 0.6117 0.0000
vt 0.0571 0.6131 0.0000
vt 0.0587 0.6385 0.0000
vt 0.0549 0.6134 0.0000
vt 0.0461 0.6147 0.0000
vt 0.0478 0.6404 0.0000
vt 0.0440 0.6151 0.0000
vt 0.0362 0.6162 0.0000
vt 0.0381 0.6421 0.0000
vt 0.0344 0.6165 0.0000
vt 0.0280 0.6174 0.0000
vt 0.0302 0.6434 0.0000
vt 0.0265 0.6177 0.0000
vt 0.0219 0.6183 0.0000
vt 0.0245 0.6444 0.0000
vt 0.0208 0.6185 0.0000
vt 0.6274 0.5861 0.0000
vt 0.6307 0.5862 0.0000
vt 0.6290 0.6118 0.0000
vt 0.6249 0.6115 0.0000
vt 0.6267 0.5860 0.0000
vt 0.6244 0.5859 0.0000
vt 0.6220 0.6112 0.0000
vt 0.6238 0.5858 0.0000
vt 0.6220 0.5857 0.0000
vt 0.6197 0.6110 0.0000
vt 0.6216 0.5856 0.0000
vt 0.6197 0.5854 0.0000
vt 0.6175 0.6107 0.0000
vt 0.6193 0.5854 0.0000
vt 0.6169 0.5852 0.0000
vt 0.6145 0.6104 0.0000
vt 0.6163 0.5851 0.0000
vt 0.6155 0.5851 0.0000
vt 0.6100 0.6098 0.0000
vt 0.6119 0.5848 0.0000
vt 0.6105 0.5847 0.0000
vt 0.6033 0.6088 0.0000
vt 0.6051 0.5843 0.0000
vt 0.6032 0.5841 0.0000
vt 0.5939 0.6073 0.0000
vt 0.5956 0.5835 0.0000
vt 0.5933 0.5834 0.0000
vt 0.5831 0.6054 0.0000
vt 0.5847 0.5827 0.0000
vt 0.5823 0.5826 0.0000
vt 0.5728 0.6034 0.0000
vt 0.5743 0.5819 0.0000
vt 0.5721 0.5818 0.0000
vt 0.5643 0.6017 0.0000
vt 0.5657 0.5813 0.0000
vt 0.5639 0.5811 0.0000
vt 0.5577 0.6004 0.0000
vt 0.5589 0.5807 0.0000
vt 0.5575 0.5806 0.0000
vt 0.5527 0.5995 0.0000
vt 0.5538 0.5802 0.0000
vt 0.5527 0.5801 0.0000
vt 0.5490 0.5988 0.0000
vt 0.5500 0.5798 0.0000
vt 0.5490 0.5797 0.0000
vt 0.5459 0.5983 0.0000
vt 0.5468 0.5794 0.0000
vt 0.5445 0.5791 0.0000
vt 0.5429 0.5978 0.0000
vt 0.5436 0.5790 0.0000
vt 0.5409 0.5787 0.0000
vt 0.5392 0.5972 0.0000
vt 0.5398 0.5785 0.0000
vt 0.5362 0.5782 0.0000
vt 0.5342 0.5967 0.0000
vt 0.5346 0.5780 0.0000
vt 0.5299 0.5776 0.0000
vt 0.5274 0.5962 0.0000
vt 0.5278 0.5774 0.0000
vt 0.5219 0.5770 0.0000
vt 0.5187 0.5957 0.0000
vt 0.5193 0.5768 0.0000
vt 0.5121 0.5762 0.0000
vt 0.5081 0.5952 0.0000
vt 0.5090 0.5760 0.0000
vt 0.5008 0.5755 0.0000
vt 0.4965 0.5947 0.0000
vt 0.4975 0.5753 0.0000
vt 0.4902 0.5748 0.0000
vt 0.4863 0.5942 0.0000
vt 0.4872 0.5747 0.0000
vt 0.4819 0.5743 0.0000
vt 0.4789 0.5936 0.0000
vt 0.4798 0.5741 0.0000
vt 0.4763 0.5738 0.0000
vt 0.4741 0.5930 0.0000
vt 0.4748 0.5737 0.0000
vt 0.4725 0.5734 0.0000
vt 0.4708 0.5926 0.0000
vt 0.4715 0.5733 0.0000
vt 0.4697 0.5731 0.0000
vt 0.4684 0.5921 0.0000
vt 0.4690 0.5730 0.0000
vt 0.4672 0.5728 0.0000
vt 0.4660 0.5917 0.0000
vt 0.4665 0.5727 0.0000
vt 0.4645 0.5725 0.0000
vt 0.4633 0.5913 0.0000
vt 0.4637 0.5724 0.0000
vt 0.4613 0.5722 0.0000
vt 0.4600 0.5908 0.0000
vt 0.4603 0.5721 0.0000
vt 0.4572 0.5719 0.0000
vt 0.4556 0.5904 0.0000
vt 0.4558 0.5718 0.0000
vt 0.4520 0.5716 0.0000
vt 0.4501 0.5899 0.0000
vt 0.4503 0.5715 0.0000
vt 0.4457 0.5713 0.0000
vt 0.4435 0.5893 0.0000
vt 0.4436 0.5712 0.0000
vt 0.4384 0.5710 0.0000
vt 0.4359 0.5888 0.0000
vt 0.4359 0.5709 0.0000
vt 0.4303 0.5707 0.0000
vt 0.4275 0.5883 0.0000
vt 0.4276 0.5707 0.0000
vt 0.4215 0.5705 0.0000
vt 0.4186 0.5878 0.0000
vt 0.4186 0.5705 0.0000
vt 0.4124 0.5704 0.0000
vt 0.4093 0.5874 0.0000
vt 0.4092 0.5703 0.0000
vt 0.4030 0.5703 0.0000
vt 0.3999 0.5870 0.0000
vt 0.3998 0.5702 0.0000
vt 0.3937 0.5702 0.0000
vt 0.3906 0.5868 0.0000
vt 0.3904 0.5702 0.0000
vt 0.3846 0.5702 0.0000
vt 0.3816 0.5866 0.0000
vt 0.3814 0.5702 0.0000
vt 0.3759 0.5703 0.0000
vt 0.3731 0.5865 0.0000
vt 0.3728 0.5704 0.0000
vt 0.3675 0.5705 0.0000
vt 0.3650 0.5866 0.0000
vt 0.3646 0.5705 0.0000
vt 0.3597 0.5707 0.0000
vt 0.3574 0.5868 0.0000
vt 0.3570 0.5708 0.0000
vt 0.3525 0.5710 0.0000
vt 0.3505 0.5870 0.0000
vt 0.3500 0.5711 0.0000
vt 0.3458 0.5714 0.0000
vt 0.3440 0.5874 0.0000
vt 0.3434 0.5716 0.0000
vt 0.3392 0.5719 0.0000
vt 0.3375 0.5879 0.0000
vt 0.3368 0.5720 0.0000
vt 0.3513 0.6124 0.0000
vt 0.3449 0.6128 0.0000
vt 0.3519 0.6370 0.0000
vt 0.3458 0.6373 0.0000
vt 0.3524 0.6598 0.0000
vt 0.3465 0.6600 0.0000
vt 0.3580 0.6122 0.0000
vt 0.3584 0.6369 0.0000
vt 0.3587 0.6597 0.0000
vt 0.3654 0.6121 0.0000
vt 0.3656 0.6368 0.0000
vt 0.3657 0.6597 0.0000
vt 0.3733 0.6121 0.0000
vt 0.3734 0.6369 0.0000
vt 0.3733 0.6599 0.0000
vt 0.3818 0.6122 0.0000
vt 0.3817 0.6371 0.0000
vt 0.3814 0.6601 0.0000
vt 0.3907 0.6125 0.0000
vt 0.3904 0.6375 0.0000
vt 0.3899 0.6605 0.0000
vt 0.3998 0.6129 0.0000
vt 0.3995 0.6379 0.0000
vt 0.4092 0.6134 0.0000
vt 0.4086 0.6385 0.0000
vt 0.4184 0.6140 0.0000
vt 0.4176 0.6391 0.0000
vt 0.4272 0.6146 0.0000
vt 0.4263 0.6397 0.0000
vt 0.4355 0.6152 0.0000
vt 0.4343 0.6404 0.0000
vt 0.4429 0.6159 0.0000
vt 0.4417 0.6411 0.0000
vt 0.4495 0.6166 0.0000
vt 0.4480 0.6418 0.0000
vt 0.4549 0.6172 0.0000
vt 0.4533 0.6424 0.0000
vt 0.4591 0.6177 0.0000
vt 0.4574 0.6430 0.0000
vt 0.4623 0.6182 0.0000
vt 0.4605 0.6436 0.0000
vt 0.4649 0.6187 0.0000
vt 0.4630 0.6441 0.0000
vt 0.4671 0.6191 0.0000
vt 0.4651 0.6446 0.0000
vt 0.4693 0.6196 0.0000
vt 0.4672 0.6451 0.0000
vt 0.4724 0.6200 0.0000
vt 0.4701 0.6456 0.0000
vt 0.4771 0.6205 0.0000
vt 0.4747 0.6462 0.0000
vt 0.4843 0.6210 0.0000
vt 0.4818 0.6468 0.0000
vt 0.4944 0.6214 0.0000
vt 0.4918 0.6472 0.0000
vt 0.5057 0.6212 0.0000
vt 0.5030 0.6465 0.0000
vt 0.5161 0.6211 0.0000
vt 0.5132 0.6457 0.0000
vt 0.5247 0.6212 0.0000
vt 0.5218 0.6452 0.0000
vt 0.5247 0.6211 0.0000
vt 0.5315 0.6215 0.0000
vt 0.5287 0.6453 0.0000
vt 0.5367 0.6220 0.0000
vt 0.5341 0.6458 0.0000
vt 0.5406 0.6226 0.0000
vt 0.5382 0.6464 0.0000
vt 0.5438 0.6233 0.0000
vt 0.5417 0.6472 0.0000
vt 0.5398 0.6698 0.0000
vt 0.5361 0.6689 0.0000
vt 0.5380 0.6904 0.0000
vt 0.5341 0.6894 0.0000
vt 0.5294 0.6885 0.0000
vt 0.5317 0.6682 0.0000
vt 0.5450 0.6481 0.0000
vt 0.5434 0.6709 0.0000
vt 0.5417 0.6915 0.0000
vt 0.5489 0.6493 0.0000
vt 0.5474 0.6723 0.0000
vt 0.5458 0.6930 0.0000
vt 0.5537 0.6510 0.0000
vt 0.5522 0.6742 0.0000
vt 0.5506 0.6950 0.0000
vt 0.5598 0.6535 0.0000
vt 0.5582 0.6770 0.0000
vt 0.5675 0.6569 0.0000
vt 0.5656 0.6806 0.0000
vt 0.5618 0.6283 0.0000
vt 0.5701 0.6307 0.0000
vt 0.5803 0.6335 0.0000
vt 0.5771 0.6608 0.0000
vt 0.5745 0.6846 0.0000
vt 0.5909 0.6361 0.0000
vt 0.5875 0.6640 0.0000
vt 0.5841 0.6884 0.0000
vt 0.6002 0.6382 0.0000
vt 0.5967 0.6664 0.0000
vt 0.5931 0.6914 0.0000
vt 0.6033 0.6680 0.0000
vt 0.5998 0.6935 0.0000
vt 0.6076 0.6690 0.0000
vt 0.6043 0.6948 0.0000
vt 0.6105 0.6696 0.0000
vt 0.6071 0.6955 0.0000
vt 0.6127 0.6701 0.0000
vt 0.6093 0.6961 0.0000
vt 0.6149 0.6705 0.0000
vt 0.6115 0.6966 0.0000
vt 0.6178 0.6710 0.0000
vt 0.6142 0.6972 0.0000
vt 0.6218 0.6717 0.0000
vt 0.6182 0.6980 0.0000
vt 0.0416 0.7036 0.0000
vt 0.0484 0.7293 0.0000
vt 0.0427 0.7310 0.0000
vt 0.0358 0.7049 0.0000
vt 0.0495 0.7018 0.0000
vt 0.0562 0.7272 0.0000
vt 0.0592 0.6997 0.0000
vt 0.0657 0.7249 0.0000
vt 0.0701 0.6974 0.0000
vt 0.0764 0.7228 0.0000
vt 0.0819 0.6949 0.0000
vt 0.0883 0.7204 0.0000
vt 0.0948 0.6925 0.0000
vt 0.1017 0.7176 0.0000
vt 0.1082 0.6905 0.0000
vt 0.1154 0.7149 0.0000
vt 0.1191 0.6891 0.0000
vt 0.1260 0.7128 0.0000
vt 0.1270 0.6877 0.0000
vt 0.1338 0.7115 0.0000
vt 0.1334 0.6864 0.0000
vt 0.1400 0.7105 0.0000
vt 0.1394 0.6848 0.0000
vt 0.1461 0.7097 0.0000
vt 0.1459 0.6829 0.0000
vt 0.1525 0.7088 0.0000
vt 0.1531 0.6805 0.0000
vt 0.1597 0.7075 0.0000
vt 0.1608 0.6781 0.0000
vt 0.1675 0.7059 0.0000
vt 0.1680 0.6760 0.0000
vt 0.1752 0.7041 0.0000
vt 0.1743 0.6743 0.0000
vt 0.1821 0.7024 0.0000
vt 0.1802 0.6726 0.0000
vt 0.1882 0.7005 0.0000
vt 0.1860 0.6709 0.0000
vt 0.1941 0.6981 0.0000
vt 0.1920 0.6692 0.0000
vt 0.2000 0.6959 0.0000
vt 0.1982 0.6678 0.0000
vt 0.2059 0.6938 0.0000
vt 0.1850 0.6389 0.0000
vt 0.1913 0.6382 0.0000
vt 0.1791 0.6400 0.0000
vt 0.1736 0.6415 0.0000
vt 0.1682 0.6432 0.0000
vt 0.1625 0.6451 0.0000
vt 0.1563 0.6473 0.0000
vt 0.1493 0.6498 0.0000
vt 0.1420 0.6525 0.0000
vt 0.1349 0.6551 0.0000
vt 0.1279 0.6573 0.0000
vt 0.1202 0.6592 0.0000
vt 0.1109 0.6608 0.0000
vt 0.0998 0.6624 0.0000
vt 0.0877 0.6643 0.0000
vt 0.0757 0.6665 0.0000
vt 0.0641 0.6688 0.0000
vt 0.0532 0.6709 0.0000
vt 0.0479 0.6406 0.0000
vt 0.0435 0.6728 0.0000
vt 0.0355 0.6744 0.0000
vt 0.0297 0.6755 0.0000
vt 0.6216 0.6421 0.0000
vt 0.6257 0.6426 0.0000
vt 0.6187 0.6417 0.0000
vt 0.6165 0.6414 0.0000
vt 0.6142 0.6410 0.0000
vt 0.6113 0.6405 0.0000
vt 0.6069 0.6396 0.0000
vt 0.5555 0.6264 0.0000
vt 0.5618 0.6282 0.0000
vt 0.5507 0.6250 0.0000
vt 0.5470 0.6240 0.0000
vt 0.5261 0.6678 0.0000
vt 0.5236 0.6878 0.0000
vt 0.5190 0.6678 0.0000
vt 0.5163 0.6876 0.0000
vt 0.5104 0.6684 0.0000
vt 0.5001 0.6694 0.0000
vt 0.4890 0.6701 0.0000
vt 0.4790 0.6698 0.0000
vt 0.4718 0.6691 0.0000
vt 0.4673 0.6684 0.0000
vt 0.4644 0.6678 0.0000
vt 0.4624 0.6673 0.0000
vt 0.4604 0.6667 0.0000
vt 0.4580 0.6662 0.0000
vt 0.4550 0.6656 0.0000
vt 0.4510 0.6650 0.0000
vt 0.4458 0.6643 0.0000
vt 0.4395 0.6637 0.0000
vt 0.4324 0.6630 0.0000
vt 0.4245 0.6624 0.0000
vt 0.4161 0.6618 0.0000
vt 0.4074 0.6613 0.0000
vt 0.3986 0.6609 0.0000
vt 0.3396 0.6377 0.0000
vt 0.3386 0.6132 0.0000
vt 0.2020 0.5906 0.0000
vt 0.2049 0.5900 0.0000
vt 0.2074 0.6078 0.0000
vt 0.2099 0.5892 0.0000
vt 0.2123 0.5887 0.0000
vt 0.2140 0.6074 0.0000
vt 0.2174 0.6355 0.0000
vt 0.2114 0.6363 0.0000
vt 0.2220 0.6621 0.0000
vt 0.2164 0.6635 0.0000
vt 0.2278 0.6860 0.0000
vt 0.2228 0.6880 0.0000
vt 0.2276 0.6606 0.0000
vt 0.2327 0.6842 0.0000
vt 0.2340 0.6590 0.0000
vt 0.2381 0.6823 0.0000
vt 0.2404 0.6575 0.0000
vt 0.2439 0.6806 0.0000
vt 0.2459 0.6561 0.0000
vt 0.2492 0.6793 0.0000
vt 0.2503 0.6549 0.0000
vt 0.2536 0.6782 0.0000
vt 0.2539 0.6538 0.0000
vt 0.2573 0.6772 0.0000
vt 0.2572 0.6527 0.0000
vt 0.2604 0.6763 0.0000
vt 0.2603 0.6517 0.0000
vt 0.2632 0.6754 0.0000
vt 0.2637 0.6506 0.0000
vt 0.2663 0.6744 0.0000
vt 0.2680 0.6496 0.0000
vt 0.2702 0.6732 0.0000
vt 0.2737 0.6485 0.0000
vt 0.2756 0.6716 0.0000
vt 0.2814 0.6471 0.0000
vt 0.2834 0.6695 0.0000
vt 0.2922 0.6451 0.0000
vt 0.2945 0.6671 0.0000
vt 0.3052 0.6426 0.0000
vt 0.3071 0.6648 0.0000
vt 0.3167 0.6405 0.0000
vt 0.3180 0.6630 0.0000
vt 0.3256 0.6392 0.0000
vt 0.3268 0.6618 0.0000
vt 0.3331 0.6384 0.0000
vt 0.3341 0.6609 0.0000
vt 0.3154 0.6161 0.0000
vt 0.3243 0.6148 0.0000
vt 0.3319 0.6139 0.0000
vt 0.3139 0.5906 0.0000
vt 0.3229 0.5894 0.0000
vt 0.3306 0.5885 0.0000
vt 0.3248 0.5731 0.0000
vt 0.3298 0.5726 0.0000
vt 0.3220 0.5733 0.0000
vt 0.3162 0.5738 0.0000
vt 0.3130 0.5741 0.0000
vt 0.3054 0.5748 0.0000
vt 0.3021 0.5926 0.0000
vt 0.3015 0.5752 0.0000
vt 0.2921 0.5761 0.0000
vt 0.2888 0.5955 0.0000
vt 0.2883 0.5764 0.0000
vt 0.2797 0.5774 0.0000
vt 0.2779 0.5981 0.0000
vt 0.2772 0.5777 0.0000
vt 0.2704 0.5786 0.0000
vt 0.2701 0.5997 0.0000
vt 0.2688 0.5788 0.0000
vt 0.2676 0.5790 0.0000
vt 0.2641 0.6007 0.0000
vt 0.2623 0.5797 0.0000
vt 0.2613 0.5799 0.0000
vt 0.2593 0.6014 0.0000
vt 0.2571 0.5806 0.0000
vt 0.2563 0.5807 0.0000
vt 0.2555 0.6022 0.0000
vt 0.2530 0.5813 0.0000
vt 0.2522 0.5814 0.0000
vt 0.2521 0.6029 0.0000
vt 0.2493 0.5820 0.0000
vt 0.2486 0.5821 0.0000
vt 0.2487 0.6036 0.0000
vt 0.2458 0.5827 0.0000
vt 0.2450 0.5828 0.0000
vt 0.2450 0.6042 0.0000
vt 0.2422 0.5834 0.0000
vt 0.2411 0.5836 0.0000
vt 0.2406 0.6049 0.0000
vt 0.2380 0.5842 0.0000
vt 0.2366 0.5844 0.0000
vt 0.2351 0.6054 0.0000
vt 0.2330 0.5851 0.0000
vt 0.2312 0.5854 0.0000
vt 0.2284 0.6061 0.0000
vt 0.2268 0.5862 0.0000
vt 0.2246 0.5866 0.0000
vt 0.2209 0.6068 0.0000
vt 0.2196 0.5874 0.0000
vt 0.2174 0.5878 0.0000
vt 0.2311 0.6334 0.0000
vt 0.2238 0.6345 0.0000
vt 0.2380 0.6324 0.0000
vt 0.2436 0.6314 0.0000
vt 0.2480 0.6304 0.0000
vt 0.2517 0.6295 0.0000
vt 0.2549 0.6285 0.0000
vt 0.2581 0.6276 0.0000
vt 0.2616 0.6267 0.0000
vt 0.2660 0.6257 0.0000
vt 0.2717 0.6247 0.0000
vt 0.2793 0.6233 0.0000
vt 0.2901 0.6210 0.0000
vt 0.3036 0.6182 0.0000
vt 0.3232 0.6725 0.0000
vt 0.3189 0.6731 0.0000
vt 0.3275 0.6718 0.0000
vt 0.3311 0.6713 0.0000
vt 0.3347 0.6709 0.0000
vt 0.3135 0.6740 0.0000
vt 0.3082 0.6749 0.0000
vt 0.3020 0.6759 0.0000
vt 0.2954 0.6771 0.0000
vt 0.2125 0.7000 0.0000
vt 0.2086 0.7011 0.0000
vt 0.2067 0.7016 0.0000
vt 0.2026 0.7029 0.0000
vt 0.2008 0.7034 0.0000
vt 0.1967 0.7048 0.0000
vt 0.1950 0.7054 0.0000
vt 0.1908 0.7070 0.0000
vt 0.1878 0.7080 0.0000
vt 0.1834 0.7092 0.0000
vt 0.1896 0.7079 0.0000
vt 0.1815 0.7094 0.0000
vt 0.1765 0.7103 0.0000
vt 0.1747 0.7105 0.0000
vt 0.1689 0.7115 0.0000
vt 0.1671 0.7117 0.0000
vt 0.1612 0.7127 0.0000
vt 0.1596 0.7129 0.0000
vt 0.1541 0.7138 0.0000
vt 0.1525 0.7140 0.0000
vt 0.1476 0.7148 0.0000
vt 0.1460 0.7151 0.0000
vt 0.1415 0.7159 0.0000
vt 0.1398 0.7162 0.0000
vt 0.1351 0.7171 0.0000
vt 0.1329 0.7175 0.0000
vt 0.1273 0.7187 0.0000
vt 0.1197 0.7204 0.0000
vt 0.1167 0.7211 0.0000
vt 0.1131 0.7220 0.0000
vt 0.1034 0.7242 0.0000
vt 0.0994 0.7252 0.0000
vt 0.0903 0.7273 0.0000
vt 0.0863 0.7283 0.0000
vt 0.0787 0.7301 0.0000
vt 0.0749 0.7311 0.0000
vt 0.0682 0.7327 0.0000
vt 0.0647 0.7335 0.0000
vt 0.0588 0.7349 0.0000
vt 0.0560 0.7357 0.0000
vt 0.0509 0.7369 0.0000
vt 0.0489 0.7374 0.0000
vt 0.0451 0.7383 0.0000
vt 0.6156 0.7051 0.0000
vt 0.6130 0.7045 0.0000
vt 0.6170 0.7054 0.0000
vt 0.6120 0.7043 0.0000
vt 0.6102 0.7039 0.0000
vt 0.6094 0.7037 0.0000
vt 0.6080 0.7035 0.0000
vt 0.6072 0.7033 0.0000
vt 0.6058 0.7030 0.0000
vt 0.6047 0.7028 0.0000
vt 0.6028 0.7025 0.0000
vt 0.6010 0.7022 0.0000
vt 0.5982 0.7018 0.0000
vt 0.5952 0.7014 0.0000
vt 0.5913 0.7008 0.0000
vt 0.5868 0.7002 0.0000
vt 0.5823 0.6995 0.0000
vt 0.2898 0.6780 0.0000
vt 0.2840 0.6790 0.0000
vt 0.2798 0.6797 0.0000
vt 0.2762 0.6804 0.0000
vt 0.2732 0.6810 0.0000
vt 0.2710 0.6815 0.0000
vt 0.2688 0.6820 0.0000
vt 0.2674 0.6823 0.0000
vt 0.2656 0.6828 0.0000
vt 0.2646 0.6831 0.0000
vt 0.2636 0.6834 0.0000
vt 0.2619 0.6839 0.0000
vt 0.2609 0.6843 0.0000
vt 0.2590 0.6849 0.0000
vt 0.2577 0.6853 0.0000
vt 0.2556 0.6860 0.0000
vt 0.2539 0.6865 0.0000
vt 0.2513 0.6873 0.0000
vt 0.2492 0.6880 0.0000
vt 0.2461 0.6890 0.0000
vt 0.2437 0.6897 0.0000
vt 0.2405 0.6908 0.0000
vt 0.2374 0.6918 0.0000
vt 0.2351 0.6926 0.0000
vt 0.2322 0.6936 0.0000
vt 0.2302 0.6944 0.0000
vt 0.2272 0.6955 0.0000
vt 0.2253 0.6962 0.0000
vt 0.2220 0.6972 0.0000
vt 0.3406 0.6604 0.0000
vt 0.3380 0.6705 0.0000
vt 0.3410 0.6702 0.0000
vt 0.3441 0.6700 0.0000
vt 0.3469 0.6697 0.0000
vt 0.3499 0.6696 0.0000
vt 0.3527 0.6695 0.0000
vt 0.3559 0.6694 0.0000
vt 0.3588 0.6693 0.0000
vt 0.3625 0.6692 0.0000
vt 0.3657 0.6692 0.0000
vt 0.3697 0.6693 0.0000
vt 0.3731 0.6693 0.0000
vt 0.3775 0.6694 0.0000
vt 0.3811 0.6695 0.0000
vt 0.3849 0.6697 0.0000
vt 0.3895 0.6699 0.0000
vt 0.3934 0.6701 0.0000
vt 0.3980 0.6704 0.0000
vt 0.4021 0.6707 0.0000
vt 0.4067 0.6711 0.0000
vt 0.4109 0.6715 0.0000
vt 0.4152 0.6719 0.0000
vt 0.4194 0.6723 0.0000
vt 0.4234 0.6727 0.0000
vt 0.4275 0.6732 0.0000
vt 0.4310 0.6736 0.0000
vt 0.4349 0.6741 0.0000
vt 0.4380 0.6745 0.0000
vt 0.4414 0.6749 0.0000
vt 0.4441 0.6753 0.0000
vt 0.4470 0.6757 0.0000
vt 0.4492 0.6760 0.0000
vt 0.4532 0.6766 0.0000
vt 0.4562 0.6772 0.0000
vt 0.4585 0.6778 0.0000
vt 0.4605 0.6783 0.0000
vt 0.4617 0.6786 0.0000
vt 0.4625 0.6789 0.0000
vt 0.4642 0.6793 0.0000
vt 0.4654 0.6795 0.0000
vt 0.4681 0.6801 0.0000
vt 0.4699 0.6804 0.0000
vt 0.4746 0.6813 0.0000
vt 0.4772 0.6817 0.0000
vt 0.4842 0.6829 0.0000
vt 0.4871 0.6834 0.0000
vt 0.4958 0.6849 0.0000
vt 0.4977 0.6853 0.0000
vt 0.5071 0.6869 0.0000
vt 0.5075 0.6870 0.0000
vt 0.5111 0.6877 0.0000
vt 0.5161 0.6886 0.0000
vt 0.5166 0.6887 0.0000
vt 0.5233 0.6900 0.0000
vt 0.5240 0.6901 0.0000
vt 0.5291 0.6912 0.0000
vt 0.5298 0.6913 0.0000
vt 0.5338 0.6922 0.0000
vt 0.5371 0.6929 0.0000
vt 0.5377 0.6930 0.0000
vt 0.5410 0.6936 0.0000
vt 0.5415 0.6937 0.0000
vt 0.5453 0.6943 0.0000
vt 0.5456 0.6944 0.0000
vt 0.5506 0.6951 0.0000
vt 0.5509 0.6951 0.0000
vt 0.5574 0.6961 0.0000
vt 0.5566 0.6960 0.0000
vt 0.5641 0.6970 0.0000
vt 0.5662 0.6973 0.0000
vt 0.5728 0.6982 0.0000
vt 0.5765 0.6987 0.0000
vt 0.3324 0.5724 0.0000
vt 0.4371 0.9722 0.0000
vt 0.4325 0.9719 0.0000
vt 0.4248 0.9700 0.0000
vt 0.8843 0.3231 0.0000
vt 0.1719 0.1434 0.0000
vt 0.1822 0.1352 0.0000
vt 0.1866 0.1323 0.0000
vt 0.1685 0.1461 0.0000
vt 0.1594 0.1550 0.0000
vt 0.1567 0.1576 0.0000
vt 0.1486 0.1680 0.0000
vt 0.1463 0.1709 0.0000
vt 0.1389 0.1842 0.0000
vt 0.1989 0.1241 0.0000
vt 0.2050 0.1207 0.0000
vt 0.1369 0.1876 0.0000
vt 0.1296 0.2057 0.0000
vt 0.1277 0.2100 0.0000
vt 0.2205 0.1123 0.0000
vt 0.2290 0.1084 0.0000
vt 0.1197 0.2337 0.0000
vt 0.2487 0.0998 0.0000
vt 0.1177 0.2392 0.0000
vt 0.2593 0.0957 0.0000
vt 0.1153 0.2465 0.0000
vt 0.2825 0.0872 0.0000
vt 0.2936 0.0837 0.0000
vt 0.3179 0.0762 0.0000
vt 0.3297 0.0730 0.0000
vt 0.3538 0.0660 0.0000
vt 0.3684 0.0614 0.0000
vt 0.3905 0.0540 0.0000
vt 0.4076 0.0480 0.0000
vt 0.4257 0.0413 0.0000
vt 0.4426 0.0355 0.0000
vt 0.4567 0.0303 0.0000
vt 0.4721 0.0261 0.0000
vt 0.4838 0.0227 0.0000
vt 0.4947 0.0210 0.0000
vt 0.5086 0.0190 0.0000
vt 0.5193 0.0189 0.0000
vt 0.5322 0.0188 0.0000
vt 0.5436 0.0204 0.0000
vt 0.5560 0.0221 0.0000
vt 0.5691 0.0254 0.0000
vt 0.5818 0.0287 0.0000
vt 0.5983 0.0343 0.0000
vt 0.1054 0.2765 0.0000
vt 0.6117 0.0390 0.0000
vt 0.6329 0.0472 0.0000
vt 0.6473 0.0530 0.0000
vt 0.6728 0.0637 0.0000
vt 0.6872 0.0701 0.0000
vt 0.7134 0.0836 0.0000
vt 0.7258 0.0903 0.0000
vt 0.7495 0.1069 0.0000
vt 0.7592 0.1140 0.0000
vt 0.7816 0.1362 0.0000
vt 0.7894 0.1443 0.0000
vt 0.8113 0.1739 0.0000
vt 0.8178 0.1831 0.0000
vt 0.1013 0.2878 0.0000
vt 0.8386 0.2197 0.0000
vt 0.8440 0.2294 0.0000
vt 0.0874 0.3265 0.0000
vt 0.0806 0.3433 0.0000
vt 0.0635 0.3843 0.0000
vt 0.0563 0.4017 0.0000
vt 0.0424 0.4343 0.0000
vt 0.0375 0.4488 0.0000
vt 0.0291 0.4740 0.0000
vt 0.0268 0.4870 0.0000
vt 0.0231 0.5091 0.0000
vt 0.0232 0.5208 0.0000
vt 0.0233 0.5404 0.0000
vt 0.0252 0.5511 0.0000
vt 0.0284 0.5691 0.0000
vt 0.0319 0.5795 0.0000
vt 0.0376 0.5969 0.0000
vt 0.0423 0.6074 0.0000
vt 0.0502 0.6253 0.0000
vt 0.0561 0.6365 0.0000
vt 0.8628 0.2704 0.0000
vt 0.0659 0.6555 0.0000
vt 0.0729 0.6671 0.0000
vt 0.8673 0.2805 0.0000
vt 0.0848 0.6871 0.0000
vt 0.0930 0.6988 0.0000
vt 0.1072 0.7193 0.0000
vt 0.1165 0.7308 0.0000
vt 0.1332 0.7512 0.0000
vt 0.1438 0.7622 0.0000
vt 0.1629 0.7821 0.0000
vt 0.1742 0.7924 0.0000
vt 0.1952 0.8116 0.0000
vt 0.2067 0.8211 0.0000
vt 0.2287 0.8393 0.0000
vt 0.2398 0.8479 0.0000
vt 0.2619 0.8649 0.0000
vt 0.2723 0.8725 0.0000
vt 0.2935 0.8880 0.0000
vt 0.3029 0.8946 0.0000
vt 0.3226 0.9085 0.0000
vt 0.3308 0.9140 0.0000
vt 0.3484 0.9260 0.0000
vt 0.3552 0.9304 0.0000
vt 0.3700 0.9403 0.0000
vt 0.3753 0.9437 0.0000
vt 0.3870 0.9512 0.0000
vt 0.3911 0.9537 0.0000
vt 0.4003 0.9594 0.0000
vt 0.4037 0.9611 0.0000
vt 0.4114 0.9652 0.0000
vt 0.4144 0.9664 0.0000
vt 0.4215 0.9692 0.0000
vt 0.4479 0.9728 0.0000
vt 0.4549 0.9723 0.0000
vt 0.4716 0.9712 0.0000
vt 0.4821 0.9697 0.0000
vt 0.8885 0.3335 0.0000
vt 0.5076 0.9663 0.0000
vt 0.5221 0.9637 0.0000
vt 0.5576 0.9579 0.0000
vt 0.5740 0.9546 0.0000
vt 0.6138 0.9474 0.0000
vt 0.6289 0.9441 0.0000
vt 0.6643 0.9371 0.0000
vt 0.6770 0.9341 0.0000
vt 0.7061 0.9277 0.0000
vt 0.7162 0.9251 0.0000
vt 0.7392 0.9193 0.0000
vt 0.7466 0.9169 0.0000
vt 0.7639 0.9115 0.0000
vt 0.7692 0.9093 0.0000
vt 0.7819 0.9039 0.0000
vt 0.7860 0.9014 0.0000
vt 0.7957 0.8955 0.0000
vt 0.8041 0.8879 0.0000
vt 0.8076 0.8848 0.0000
vt 0.8165 0.8743 0.0000
vt 0.8202 0.8700 0.0000
vt 0.8310 0.8553 0.0000
vt 0.9045 0.3757 0.0000
vt 0.8353 0.8495 0.0000
vt 0.8492 0.8294 0.0000
vt 0.9084 0.3858 0.0000
vt 0.8545 0.8219 0.0000
vt 0.8723 0.7955 0.0000
vt 0.9231 0.4256 0.0000
vt 0.8785 0.7866 0.0000
vt 0.9267 0.4351 0.0000
vt 0.9000 0.7535 0.0000
vt 0.9396 0.4705 0.0000
vt 0.9066 0.7437 0.0000
vt 0.9427 0.4788 0.0000
vt 0.9278 0.7073 0.0000
vt 0.9533 0.5077 0.0000
vt 0.9337 0.6976 0.0000
vt 0.9558 0.5145 0.0000
vt 0.9514 0.6650 0.0000
vt 0.9637 0.5355 0.0000
vt 0.9559 0.6569 0.0000
vt 0.9655 0.5404 0.0000
vt 0.9710 0.5551 0.0000
vt 0.9674 0.6329 0.0000
vt 0.9723 0.5585 0.0000
vt 0.9702 0.6271 0.0000
vt 0.9761 0.6106 0.0000
vt 0.9775 0.6067 0.0000
vt 0.9780 0.6041 0.0000
vt 0.9758 0.5690 0.0000
vt 0.9766 0.5715 0.0000
vt 0.9786 0.5800 0.0000
vt 0.9791 0.5819 0.0000
vt 0.9797 0.5907 0.0000
vt 0.9799 0.5927 0.0000
vt 0.0713 0.7728 0.0000
vt 0.0681 0.7683 0.0000
vt 0.0661 0.7615 0.0000
vt 0.0827 0.7870 0.0000
vt 0.0647 0.7578 0.0000
vt 0.0638 0.7507 0.0000
vt 0.6626 0.0567 0.0000
vt 0.6698 0.0584 0.0000
vt 0.6793 0.0629 0.0000
vt 0.6849 0.0652 0.0000
vt 0.6930 0.0707 0.0000
vt 0.6978 0.0737 0.0000
vt 0.7023 0.0776 0.0000
vt 0.6510 0.0531 0.0000
vt 0.6416 0.0519 0.0000
vt 0.7098 0.0845 0.0000
vt 0.7150 0.0900 0.0000
vt 0.7233 0.0991 0.0000
vt 0.6274 0.0491 0.0000
vt 0.6155 0.0483 0.0000
vt 0.7309 0.1075 0.0000
vt 0.5986 0.0462 0.0000
vt 0.5854 0.0457 0.0000
vt 0.7414 0.1199 0.0000
vt 0.5673 0.0444 0.0000
vt 0.5502 0.0448 0.0000
vt 0.5376 0.0454 0.0000
vt 0.5215 0.0473 0.0000
vt 0.5103 0.0489 0.0000
vt 0.4939 0.0507 0.0000
vt 0.4834 0.0521 0.0000
vt 0.4655 0.0524 0.0000
vt 0.4550 0.0524 0.0000
vt 0.4448 0.0512 0.0000
vt 0.4251 0.0501 0.0000
vt 0.4150 0.0485 0.0000
vt 0.3941 0.0473 0.0000
vt 0.3842 0.0466 0.0000
vt 0.3625 0.0471 0.0000
vt 0.3530 0.0477 0.0000
vt 0.3311 0.0511 0.0000
vt 0.3221 0.0531 0.0000
vt 0.3006 0.0597 0.0000
vt 0.2922 0.0631 0.0000
vt 0.2712 0.0734 0.0000
vt 0.2632 0.0781 0.0000
vt 0.2413 0.0932 0.0000
vt 0.2337 0.0986 0.0000
vt 0.2105 0.1178 0.0000
vt 0.2034 0.1235 0.0000
vt 0.1805 0.1442 0.0000
vt 0.1740 0.1499 0.0000
vt 0.1532 0.1700 0.0000
vt 0.1474 0.1760 0.0000
vt 0.1300 0.1951 0.0000
vt 0.1250 0.2019 0.0000
vt 0.1112 0.2215 0.0000
vt 0.1070 0.2297 0.0000
vt 0.0962 0.2519 0.0000
vt 0.0929 0.2628 0.0000
vt 0.0846 0.2914 0.0000
vt 0.0782 0.3302 0.0000
vt 0.7540 0.1338 0.0000
vt 0.7681 0.1505 0.0000
vt 0.7883 0.1719 0.0000
vt 0.8074 0.1935 0.0000
vt 0.8318 0.2174 0.0000
vt 0.8538 0.2401 0.0000
vt 0.8726 0.2595 0.0000
vt 0.8926 0.2790 0.0000
vt 0.9069 0.2960 0.0000
vt 0.9218 0.3129 0.0000
vt 0.9319 0.3289 0.0000
vt 0.9425 0.3448 0.0000
vt 0.9490 0.3603 0.0000
vt 0.9559 0.3753 0.0000
vt 0.9594 0.3907 0.0000
vt 0.9633 0.4052 0.0000
vt 0.9645 0.4211 0.0000
vt 0.9660 0.4359 0.0000
vt 0.9655 0.4530 0.0000
vt 0.9653 0.4685 0.0000
vt 0.9634 0.4874 0.0000
vt 0.9620 0.5042 0.0000
vt 0.9584 0.5246 0.0000
vt 0.9554 0.5424 0.0000
vt 0.9500 0.5639 0.0000
vt 0.9454 0.5824 0.0000
vt 0.9390 0.6011 0.0000
vt 0.9316 0.6230 0.0000
vt 0.9233 0.6417 0.0000
vt 0.9139 0.6632 0.0000
vt 0.9040 0.6818 0.0000
vt 0.8934 0.7022 0.0000
vt 0.8822 0.7206 0.0000
vt 0.8712 0.7395 0.0000
vt 0.8593 0.7575 0.0000
vt 0.8484 0.7745 0.0000
vt 0.8365 0.7917 0.0000
vt 0.8264 0.8068 0.0000
vt 0.8149 0.8227 0.0000
vt 0.8057 0.8359 0.0000
vt 0.7952 0.8500 0.0000
vt 0.7872 0.8611 0.0000
vt 0.7782 0.8730 0.0000
vt 0.7715 0.8822 0.0000
vt 0.7592 0.8986 0.0000
vt 0.7493 0.9111 0.0000
vt 0.7407 0.9206 0.0000
vt 0.7325 0.9281 0.0000
vt 0.7269 0.9317 0.0000
vt 0.7144 0.9377 0.0000
vt 0.7229 0.9344 0.0000
vt 0.7085 0.9403 0.0000
vt 0.6943 0.9435 0.0000
vt 0.6850 0.9460 0.0000
vt 0.6611 0.9489 0.0000
vt 0.0752 0.3453 0.0000
vt 0.0727 0.3642 0.0000
vt 0.6477 0.9512 0.0000
vt 0.6125 0.9536 0.0000
vt 0.0685 0.4136 0.0000
vt 0.0677 0.4345 0.0000
vt 0.5977 0.9550 0.0000
vt 0.5540 0.9560 0.0000
vt 0.5444 0.9562 0.0000
vt 0.0661 0.4811 0.0000
vt 0.0660 0.5015 0.0000
vt 0.4973 0.9561 0.0000
vt 0.4952 0.9560 0.0000
vt 0.0657 0.5407 0.0000
vt 0.4775 0.9559 0.0000
vt 0.4527 0.9553 0.0000
vt 0.4505 0.9553 0.0000
vt 0.4175 0.9547 0.0000
vt 0.4140 0.9547 0.0000
vt 0.3891 0.9540 0.0000
vt 0.3857 0.9538 0.0000
vt 0.3662 0.9525 0.0000
vt 0.3498 0.9497 0.0000
vt 0.3470 0.9494 0.0000
vt 0.3313 0.9448 0.0000
vt 0.3292 0.9442 0.0000
vt 0.3119 0.9370 0.0000
vt 0.3105 0.9365 0.0000
vt 0.2888 0.9259 0.0000
vt 0.2887 0.9258 0.0000
vt 0.2873 0.9250 0.0000
vt 0.0654 0.5601 0.0000
vt 0.2626 0.9115 0.0000
vt 0.2595 0.9097 0.0000
vt 0.0655 0.5946 0.0000
vt 0.2309 0.8933 0.0000
vt 0.2219 0.8878 0.0000
vt 0.0651 0.6123 0.0000
vt 0.1939 0.8708 0.0000
vt 0.0648 0.6427 0.0000
vt 0.1786 0.8605 0.0000
vt 0.0644 0.6571 0.0000
vt 0.1546 0.8448 0.0000
vt 0.0639 0.6829 0.0000
vt 0.1367 0.8316 0.0000
vt 0.0636 0.6933 0.0000
vt 0.1188 0.8188 0.0000
vt 0.0631 0.7127 0.0000
vt 0.1038 0.8063 0.0000
vt 0.0630 0.7195 0.0000
vt 0.0628 0.7329 0.0000
vt 0.0630 0.7376 0.0000
vt 0.0922 0.7970 0.0000
vt 0.0632 0.7469 0.0000
vt 0.0762 0.7807 0.0000
# 1065 texture coords

o Object005
g Object005
usemtl wire_088199225
s 1
f 5249/6972/5251 5250/6973/5252 5251/6974/5253 5252/6975/5254 
f 5253/6976/5255 5249/6972/5251 5252/6975/5254 
f 5251/6974/5253 5254/6977/5256 5255/6978/5257 5252/6975/5254 
f 5254/6977/5256 5256/6979/5258 5257/6980/5259 5255/6978/5257 
f 5256/6979/5258 5258/6981/5260 5259/6982/5261 5257/6980/5259 
f 5260/6983/5262 5261/6984/5263 5259/6982/5261 5258/6981/5260 
f 5260/6983/5262 5258/6981/5260 5262/6985/5264 
f 5263/6986/5265 5262/6985/5264 5258/6981/5260 5264/6987/5266 
f 5263/6986/5265 5264/6987/5266 5265/6988/5267 
f 5266/6989/5268 5265/6988/5267 5264/6987/5266 5267/6990/5269 
f 5266/6989/5268 5267/6990/5269 5268/6991/5270 
f 5269/6992/5271 5268/6991/5270 5267/6990/5269 5270/6993/5272 
f 5269/6992/5271 5270/6993/5272 5271/6994/5273 
f 5272/6995/5274 5271/6994/5273 5270/6993/5272 5273/6996/5275 
f 5272/6995/5274 5273/6996/5275 5274/6997/5276 
f 5275/6998/5277 5274/6997/5276 5273/6996/5275 5276/6999/5278 
f 5275/6998/5277 5276/6999/5278 5277/7000/5279 
f 5278/7001/5280 5277/7000/5279 5276/6999/5278 5279/7002/5281 
f 5278/7001/5280 5279/7002/5281 5280/7003/5282 
f 5281/7004/5283 5280/7003/5282 5279/7002/5281 5282/7005/5284 
f 5281/7004/5283 5282/7005/5284 5283/7006/5285 
f 5284/7007/5286 5283/7006/5285 5282/7005/5284 5285/7008/5287 
f 5284/7007/5286 5285/7008/5287 5286/7009/5288 
f 5287/7010/5289 5286/7009/5288 5285/7008/5287 5288/7011/5290 
f 5287/7010/5289 5288/7011/5290 5289/7012/5291 
f 5290/7013/5292 5289/7012/5291 5288/7011/5290 5291/7014/5293 
f 5290/7013/5292 5291/7014/5293 5292/7015/5294 
f 5293/7016/5295 5292/7015/5294 5291/7014/5293 5294/7017/5296 
f 5293/7016/5295 5294/7017/5296 5295/7018/5297 
f 5296/7019/5298 5295/7018/5297 5294/7017/5296 5297/7020/5299 
f 5296/7019/5298 5297/7020/5299 5298/7021/5300 
f 5299/7022/5301 5298/7021/5300 5297/7020/5299 5300/7023/5302 
f 5299/7022/5301 5300/7023/5302 5301/7024/5303 
f 5302/7025/5304 5301/7024/5303 5300/7023/5302 5303/7026/5305 
f 5302/7025/5304 5303/7026/5305 5304/7027/5306 
f 5305/7028/5307 5304/7027/5306 5303/7026/5305 5306/7029/5308 
f 5305/7028/5307 5306/7029/5308 5307/7030/5309 
f 5308/7031/5310 5307/7030/5309 5306/7029/5308 5309/7032/5311 
f 5308/7031/5310 5309/7032/5311 5310/7033/5312 
f 5311/7034/5313 5310/7033/5312 5309/7032/5311 5312/7035/5314 
f 5311/7034/5313 5312/7035/5314 5313/7036/5315 
f 5314/7037/5316 5313/7036/5315 5312/7035/5314 5315/7038/5317 
f 5314/7037/5316 5315/7038/5317 5316/7039/5318 
f 5317/7040/5319 5316/7039/5318 5315/7038/5317 5318/7041/5320 
f 5317/7040/5319 5318/7041/5320 5319/7042/5321 
f 5320/7043/5322 5319/7042/5321 5318/7041/5320 5321/7044/5323 
f 5320/7043/5322 5321/7044/5323 5322/7045/5324 
f 5323/7046/5325 5322/7045/5324 5321/7044/5323 5324/7047/5326 
f 5323/7046/5325 5324/7047/5326 5325/7048/5327 
f 5326/7049/5328 5325/7050/5327 5324/7051/5326 5327/7052/5329 
f 5326/7049/5328 5327/7052/5329 5328/7053/5330 
f 5329/7054/5331 5328/7053/5330 5327/7052/5329 5330/7055/5332 
f 5329/7054/5331 5330/7055/5332 5331/7056/5333 
f 5332/7057/5334 5331/7056/5333 5330/7055/5332 5333/7058/5335 
f 5332/7057/5334 5333/7058/5335 5334/7059/5336 
f 5335/7060/5337 5334/7059/5336 5333/7058/5335 5336/7061/5338 
f 5335/7060/5337 5336/7061/5338 5337/7062/5339 
f 5338/7063/5340 5337/7062/5339 5336/7061/5338 5339/7064/5341 
f 5338/7063/5340 5339/7064/5341 5340/7065/5342 
f 5341/7066/5343 5340/7065/5342 5339/7064/5341 5342/7067/5344 
f 5341/7066/5343 5342/7067/5344 5343/7068/5345 
f 5344/7069/5346 5343/7068/5345 5342/7067/5344 5345/7070/5347 
f 5344/7069/5346 5345/7070/5347 5346/7071/5348 
f 5347/7072/5349 5346/7071/5348 5345/7070/5347 5348/7073/5350 
f 5347/7072/5349 5348/7073/5350 5349/7074/5351 
f 5350/7075/5352 5349/7074/5351 5348/7073/5350 5351/7076/5353 
f 5350/7075/5352 5351/7076/5353 5352/7077/5354 
f 5353/7078/5355 5352/7077/5354 5351/7076/5353 5354/7079/5356 
f 5353/7078/5355 5354/7079/5356 5355/7080/5357 
f 5356/7081/5358 5355/7080/5357 5354/7079/5356 5357/7082/5359 
f 5356/7081/5358 5357/7082/5359 5358/7083/5360 
f 5359/7084/5361 5358/7083/5360 5357/7082/5359 5360/7085/5362 
f 5359/7084/5361 5360/7085/5362 5361/7086/5363 
f 5362/7087/5364 5361/7086/5363 5360/7085/5362 5363/7088/5365 
f 5362/7087/5364 5363/7088/5365 5364/7089/5366 
f 5365/7090/5367 5364/7089/5366 5363/7088/5365 5366/7091/5368 
f 5365/7090/5367 5366/7091/5368 5367/7092/5369 
f 5368/7093/5370 5367/7092/5369 5366/7091/5368 5369/7094/5371 
f 5368/7093/5370 5369/7094/5371 5370/7095/5372 
f 5371/7096/5373 5370/7095/5372 5369/7094/5371 5372/7097/5374 
f 5371/7096/5373 5372/7097/5374 5373/7098/5375 
f 5374/7099/5376 5373/7098/5375 5372/7097/5374 5375/7100/5377 
f 5374/7099/5376 5375/7100/5377 5376/7101/5378 
f 5377/7102/5379 5376/7101/5378 5375/7100/5377 5378/7103/5380 
f 5377/7102/5379 5378/7103/5380 5379/7104/5381 
f 5380/7105/5382 5379/7104/5381 5378/7103/5380 5381/7106/5383 
f 5380/7105/5382 5381/7106/5383 5382/7107/5384 
f 5383/7108/5385 5382/7107/5384 5381/7106/5383 5384/7109/5386 
f 5383/7108/5385 5384/7109/5386 5385/7110/5387 
f 5386/7111/5388 5385/7110/5387 5384/7109/5386 5387/7112/5389 
f 5386/7111/5388 5387/7112/5389 5388/7113/5390 
f 5389/7114/5391 5388/7113/5390 5387/7112/5389 5390/7115/5392 
f 5389/7114/5391 5390/7115/5392 5391/7116/5393 
f 5392/7117/5394 5391/7116/5393 5390/7115/5392 5393/7118/5395 
f 5392/7117/5394 5393/7118/5395 5394/7119/5396 
f 5395/7120/5397 5394/7119/5396 5393/7118/5395 5396/7121/5398 
f 5395/7120/5397 5396/7121/5398 5397/7122/5399 
f 5398/7123/5400 5397/7122/5399 5396/7121/5398 5399/7124/5401 
f 5398/7123/5400 5399/7124/5401 5400/7125/5402 
f 5401/7126/5403 5400/7125/5402 5399/7124/5401 5402/7127/5404 
f 5401/7126/5403 5402/7127/5404 5403/7128/5405 
f 5404/7129/5406 5403/7128/5405 5402/7127/5404 5405/7130/5407 
f 5404/7129/5406 5405/7130/5407 5406/7131/5408 
f 5407/7132/5409 5406/7131/5408 5405/7130/5407 5408/7133/5410 
f 5407/7132/5409 5408/7133/5410 5409/7134/5411 
f 5410/7135/5412 5409/7134/5411 5408/7133/5410 5411/7136/5413 
f 5410/7135/5412 5411/7136/5413 5412/7137/5414 
f 5413/7138/5415 5412/7137/5414 5411/7136/5413 5414/7139/5416 
f 5413/7138/5415 5414/7139/5416 5415/7140/5417 
f 5416/7141/5418 5415/7140/5417 5414/7139/5416 5417/7142/5419 
f 5416/7141/5418 5417/7142/5419 5418/7143/5420 
f 5419/7144/5421 5418/7143/5420 5417/7142/5419 5420/7145/5422 
f 5419/7144/5421 5420/7145/5422 5421/7146/5423 
f 5422/7147/5424 5421/7146/5423 5420/7145/5422 5423/7148/5425 
f 5422/7147/5424 5423/7148/5425 5424/7149/5426 
f 5425/7150/5427 5424/7149/5426 5423/7148/5425 5426/7151/5428 
f 5425/7150/5427 5426/7151/5428 5427/7152/5429 
f 5428/7153/5430 5427/7152/5429 5426/7151/5428 5429/7154/5431 
f 5428/7153/5430 5429/7154/5431 5430/7155/5432 
f 5431/7156/5433 5430/7155/5432 5429/7154/5431 5432/7157/5434 
f 5431/7156/5433 5432/7157/5434 5433/7158/5435 
f 5434/7159/5436 5433/7158/5435 5432/7157/5434 5435/7160/5437 
f 5434/7159/5436 5435/7160/5437 5436/7161/5438 
f 5437/7162/5439 5436/7161/5438 5435/7160/5437 5438/7163/5440 
f 5437/7162/5439 5438/7163/5440 5439/7164/5441 
f 5440/7165/5442 5439/7164/5441 5438/7163/5440 5441/7166/5443 
f 5440/7165/5442 5441/7166/5443 5442/7167/5444 
f 5443/7168/5445 5442/7167/5444 5441/7166/5443 5444/7169/5446 
f 5443/7168/5445 5444/7169/5446 5445/7170/5447 
f 5446/7171/5448 5445/7170/5447 5444/7169/5446 5447/7172/5449 
f 5446/7171/5448 5447/7172/5449 5448/7173/5450 
f 5449/7174/5451 5448/7173/5450 5447/7172/5449 5450/7175/5452 
f 5449/7174/5451 5450/7175/5452 5451/7176/5453 
f 5452/7177/5454 5451/7176/5453 5450/7175/5452 5453/7178/5455 
f 5452/7177/5454 5453/7178/5455 5454/7179/5456 
f 5455/7180/5457 5454/7179/5456 5453/7178/5455 5456/7181/5458 
f 5455/7180/5457 5456/7181/5458 5457/7182/5459 
f 5458/7183/5460 5457/7182/5459 5456/7181/5458 5459/7184/5461 
f 5458/7183/5460 5459/7184/5461 5460/7185/5462 
f 5461/7186/5463 5460/7185/5462 5459/7184/5461 5462/7187/5464 
f 5461/7186/5463 5462/7187/5464 5463/7188/5465 
f 5456/7181/5458 5464/7189/5466 5465/7190/5467 5459/7184/5461 
f 5464/7189/5466 5466/7191/5468 5467/7192/5469 5465/7190/5467 
f 5466/7191/5468 5468/7193/5470 5469/7194/5471 5467/7192/5469 
f 5470/7195/5472 5471/7196/5473 5466/7191/5468 5464/7189/5466 
f 5471/7196/5473 5472/7197/5474 5468/7193/5470 5466/7191/5468 
f 5473/7198/5475 5474/7199/5476 5471/7196/5473 5470/7195/5472 
f 5474/7199/5476 5475/7200/5477 5472/7197/5474 5471/7196/5473 
f 5476/7201/5478 5477/7202/5479 5474/7199/5476 5473/7198/5475 
f 5477/7202/5479 5478/7203/5480 5475/7200/5477 5474/7199/5476 
f 5479/7204/5481 5480/7205/5482 5477/7202/5479 5476/7201/5478 
f 5480/7205/5482 5481/7206/5483 5478/7203/5480 5477/7202/5479 
f 5482/7207/5484 5483/7208/5485 5480/7205/5482 5479/7204/5481 
f 5484/7209/5486 5481/7206/5483 5480/7205/5482 5483/7208/5485 
f 5482/7207/5484 5485/7210/5487 5486/7211/5488 5483/7208/5485 
f 5485/7210/5487 5487/7212/5489 5488/7213/5490 5486/7211/5488 
f 5487/7212/5489 5489/7214/5491 5490/7215/5492 5488/7213/5490 
f 5489/7214/5491 5491/7216/5493 5492/7217/5494 5490/7215/5492 
f 5491/7216/5493 5493/7218/5495 5494/7219/5496 5492/7217/5494 
f 5493/7218/5495 5495/7220/5497 5496/7221/5498 5494/7219/5496 
f 5495/7220/5497 5497/7222/5499 5498/7223/5500 5496/7221/5498 
f 5497/7222/5499 5499/7224/5501 5500/7225/5502 5498/7223/5500 
f 5499/7224/5501 5501/7226/5503 5502/7227/5504 5500/7225/5502 
f 5501/7226/5503 5503/7228/5505 5504/7229/5506 5502/7227/5504 
f 5503/7228/5505 5505/7230/5507 5506/7231/5508 5504/7229/5506 
f 5505/7230/5507 5507/7232/5509 5508/7233/5510 5506/7231/5508 
f 5507/7232/5509 5509/7234/5511 5510/7235/5512 5508/7233/5510 
f 5509/7234/5511 5511/7236/5513 5512/7237/5514 5510/7235/5512 
f 5511/7236/5513 5513/7238/5515 5514/7239/5516 5512/7237/5514 
f 5513/7238/5515 5515/7240/5517 5516/7241/5518 5514/7239/5516 
f 5515/7240/5517 5517/7242/5519 5518/7243/5520 5516/7241/5518 
f 5517/7242/5519 5519/7244/5521 5520/7245/5522 5518/7243/5520 
f 5519/7244/5521 5521/7246/5523 5522/7247/5524 5520/7245/5522 
f 5521/7246/5523 5523/7248/5525 5524/7249/5526 5522/7247/5524 
f 5523/7250/5525 5525/7251/5527 5526/7252/5528 5524/7249/5526 
f 5525/7251/5527 5527/7253/5529 5528/7254/5530 5526/7252/5528 
f 5527/7253/5529 5529/7255/5531 5530/7256/5532 5528/7254/5530 
f 5531/7257/5533 5532/7258/5534 5530/7256/5532 5529/7255/5531 
f 5532/7258/5534 5533/7259/5535 5534/7260/5536 5530/7256/5532 
f 5533/7259/5535 5535/7261/5537 5536/7262/5538 5534/7260/5536 
f 5536/7262/5538 5537/7263/5539 5538/7264/5540 5534/7260/5536 
f 5528/7254/5530 5530/7256/5532 5534/7260/5536 5538/7264/5540 
f 5539/7265/5541 5540/7266/5542 5533/7259/5535 5532/7258/5534 
f 5540/7266/5542 5541/7267/5543 5535/7261/5537 5533/7259/5535 
f 5542/7268/5544 5543/7269/5545 5540/7266/5542 5539/7265/5541 
f 5543/7269/5545 5544/7270/5546 5541/7267/5543 5540/7266/5542 
f 5545/7271/5547 5546/7272/5548 5543/7269/5545 5542/7268/5544 
f 5546/7272/5548 5547/7273/5549 5544/7270/5546 5543/7269/5545 
f 5548/7274/5550 5549/7275/5551 5546/7272/5548 5545/7271/5547 
f 5550/7276/5552 5551/7277/5553 5549/7275/5551 5548/7274/5550 
f 5548/7274/5550 5552/7278/5554 5553/7279/5555 5550/7276/5552 
f 5552/7278/5554 5357/7082/5359 5354/7079/5356 5553/7279/5555 
f 5554/7280/5556 5555/7281/5557 5550/7276/5552 5553/7279/5555 
f 5555/7281/5557 5556/7282/5558 5551/7277/5553 5550/7276/5552 
f 5557/7283/5559 5558/7284/5560 5555/7281/5557 5554/7280/5556 
f 5558/7284/5560 5559/7285/5561 5556/7282/5558 5555/7281/5557 
f 5560/7286/5562 5561/7287/5563 5558/7284/5560 5557/7283/5559 
f 5561/7287/5563 5562/7288/5564 5559/7285/5561 5558/7284/5560 
f 5563/7289/5565 5564/7290/5566 5562/7288/5564 5561/7287/5563 
f 5565/7291/5567 5566/7292/5568 5564/7290/5566 5563/7289/5565 
f 5567/7293/5569 5568/7294/5570 5566/7292/5568 5565/7291/5567 
f 5569/7295/5571 5570/7296/5572 5568/7294/5570 5567/7293/5569 
f 5571/7297/5573 5572/7298/5574 5570/7296/5572 5569/7295/5571 
f 5573/7299/5575 5574/7300/5576 5572/7298/5574 5571/7297/5573 
f 5575/7301/5577 5576/7302/5578 5574/7300/5576 5573/7299/5575 
f 5577/7303/5579 5578/7304/5580 5576/7305/5578 5575/7306/5577 
f 5579/7307/5581 5580/7308/5582 5578/7304/5580 5577/7303/5579 
f 5581/7309/5583 5582/7310/5584 5580/7308/5582 5579/7307/5581 
f 5583/7311/5585 5584/7312/5586 5582/7310/5584 5581/7309/5583 
f 5585/7313/5587 5586/7314/5588 5584/7312/5586 5583/7311/5585 
f 5587/7315/5589 5588/7316/5590 5586/7314/5588 5585/7313/5587 
f 5589/7317/5591 5590/7318/5592 5588/7316/5590 5587/7315/5589 
f 5591/7319/5593 5592/7320/5594 5590/7318/5592 5589/7317/5591 
f 5593/7321/5595 5594/7322/5596 5592/7320/5594 5591/7319/5593 
f 5595/7323/5597 5596/7324/5598 5594/7322/5596 5593/7321/5595 
f 5597/7325/5599 5598/7326/5600 5596/7324/5598 5595/7323/5597 
f 5597/7325/5599 5599/7327/5601 5600/7328/5602 5598/7326/5600 
f 5599/7327/5601 5601/7329/5603 5602/7330/5604 5600/7328/5602 
f 5601/7329/5603 5603/7331/5605 5604/7332/5606 5602/7330/5604 
f 5603/7331/5605 5605/7333/5607 5606/7334/5608 5604/7332/5606 
f 5605/7333/5607 5607/7335/5609 5608/7336/5610 5606/7334/5608 
f 5609/7337/5611 5610/7338/5612 5608/7336/5610 5607/7335/5609 
f 5611/7339/5613 5612/7340/5614 5610/7338/5612 5609/7337/5611 
f 5613/7341/5615 5614/7342/5616 5612/7340/5614 5611/7339/5613 
f 5615/7343/5617 5616/7344/5618 5614/7342/5616 5613/7341/5615 
f 5254/6977/5256 5251/6974/5253 5616/7344/5618 5615/7343/5617 
f 5613/7341/5615 5617/7345/5619 5618/7346/5620 5615/7343/5617 
f 5617/7345/5619 5267/6990/5269 5264/6987/5266 5618/7346/5620 
f 5256/6979/5258 5254/6977/5256 5615/7343/5617 5618/7346/5620 
f 5611/7339/5613 5619/7347/5621 5617/7345/5619 5613/7341/5615 
f 5619/7347/5621 5270/6993/5272 5267/6990/5269 5617/7345/5619 
f 5609/7337/5611 5620/7348/5622 5619/7347/5621 5611/7339/5613 
f 5273/6996/5275 5270/6993/5272 5619/7347/5621 5620/7348/5622 
f 5609/7337/5611 5607/7335/5609 5621/7349/5623 5620/7348/5622 
f 5276/6999/5278 5273/6996/5275 5620/7348/5622 5621/7349/5623 
f 5607/7335/5609 5605/7333/5607 5622/7350/5624 5621/7349/5623 
f 5279/7002/5281 5276/6999/5278 5621/7349/5623 5622/7350/5624 
f 5605/7333/5607 5603/7331/5605 5623/7351/5625 5622/7350/5624 
f 5282/7005/5284 5279/7002/5281 5622/7350/5624 5623/7351/5625 
f 5603/7331/5605 5601/7329/5603 5624/7352/5626 5623/7351/5625 
f 5285/7008/5287 5282/7005/5284 5623/7351/5625 5624/7352/5626 
f 5601/7329/5603 5599/7327/5601 5625/7353/5627 5624/7352/5626 
f 5288/7011/5290 5285/7008/5287 5624/7352/5626 5625/7353/5627 
f 5599/7327/5601 5597/7325/5599 5626/7354/5628 5625/7353/5627 
f 5291/7014/5293 5288/7011/5290 5625/7353/5627 5626/7354/5628 
f 5597/7325/5599 5595/7323/5597 5627/7355/5629 5626/7354/5628 
f 5294/7017/5296 5291/7014/5293 5626/7354/5628 5627/7355/5629 
f 5595/7323/5597 5593/7321/5595 5628/7356/5630 5627/7355/5629 
f 5297/7020/5299 5294/7017/5296 5627/7355/5629 5628/7356/5630 
f 5629/7357/5631 5300/7023/5302 5297/7020/5299 5628/7356/5630 
f 5628/7356/5630 5593/7321/5595 5591/7319/5593 5629/7357/5631 
f 5589/7317/5591 5630/7358/5632 5629/7357/5631 5591/7319/5593 
f 5630/7358/5632 5303/7026/5305 5300/7023/5302 5629/7357/5631 
f 5587/7315/5589 5631/7359/5633 5630/7358/5632 5589/7317/5591 
f 5631/7359/5633 5306/7029/5308 5303/7026/5305 5630/7358/5632 
f 5585/7313/5587 5632/7360/5634 5631/7359/5633 5587/7315/5589 
f 5632/7360/5634 5309/7032/5311 5306/7029/5308 5631/7359/5633 
f 5583/7311/5585 5633/7361/5635 5632/7360/5634 5585/7313/5587 
f 5633/7361/5635 5312/7035/5314 5309/7032/5311 5632/7360/5634 
f 5581/7309/5583 5634/7362/5636 5633/7361/5635 5583/7311/5585 
f 5312/7035/5314 5633/7361/5635 5634/7362/5636 5315/7363/5317 
f 5579/7307/5581 5635/7364/5637 5634/7362/5636 5581/7309/5583 
f 5635/7364/5637 5318/7041/5320 5315/7038/5317 5634/7362/5636 
f 5577/7303/5579 5636/7365/5638 5635/7364/5637 5579/7307/5581 
f 5636/7365/5638 5321/7044/5323 5318/7041/5320 5635/7364/5637 
f 5575/7306/5577 5637/7366/5639 5636/7365/5638 5577/7303/5579 
f 5637/7366/5639 5324/7047/5326 5321/7044/5323 5636/7365/5638 
f 5573/7299/5575 5638/7367/5640 5637/7368/5639 5575/7301/5577 
f 5638/7367/5640 5327/7052/5329 5324/7051/5326 5637/7368/5639 
f 5571/7297/5573 5639/7369/5641 5638/7367/5640 5573/7299/5575 
f 5639/7369/5641 5330/7055/5332 5327/7052/5329 5638/7367/5640 
f 5569/7295/5571 5640/7370/5642 5639/7369/5641 5571/7297/5573 
f 5640/7370/5642 5333/7058/5335 5330/7055/5332 5639/7369/5641 
f 5567/7293/5569 5641/7371/5643 5640/7370/5642 5569/7295/5571 
f 5641/7371/5643 5336/7061/5338 5333/7058/5335 5640/7370/5642 
f 5565/7291/5567 5642/7372/5644 5641/7371/5643 5567/7293/5569 
f 5642/7372/5644 5339/7064/5341 5336/7061/5338 5641/7371/5643 
f 5563/7289/5565 5643/7373/5645 5642/7372/5644 5565/7291/5567 
f 5643/7373/5645 5342/7067/5344 5339/7064/5341 5642/7372/5644 
f 5561/7287/5563 5560/7286/5562 5643/7373/5645 5563/7289/5565 
f 5560/7286/5562 5345/7070/5347 5342/7067/5344 5643/7373/5645 
f 5557/7283/5559 5348/7073/5350 5345/7070/5347 5560/7286/5562 
f 5554/7280/5556 5351/7076/5353 5348/7073/5350 5557/7283/5559 
f 5553/7279/5555 5354/7079/5356 5351/7076/5353 5554/7280/5556 
f 5545/7271/5547 5644/7374/5646 5552/7375/5554 5548/7274/5550 
f 5644/7374/5646 5360/7085/5362 5357/7082/5359 5552/7278/5554 
f 5542/7268/5544 5645/7376/5647 5644/7374/5646 5545/7271/5547 
f 5645/7376/5647 5363/7088/5365 5360/7085/5362 5644/7374/5646 
f 5539/7265/5541 5646/7377/5648 5645/7376/5647 5542/7268/5544 
f 5646/7377/5648 5366/7091/5368 5363/7088/5365 5645/7376/5647 
f 5532/7258/5534 5531/7257/5533 5646/7377/5648 5539/7265/5541 
f 5531/7257/5533 5369/7094/5371 5366/7091/5368 5646/7377/5648 
f 5529/7255/5531 5372/7097/5374 5369/7094/5371 5531/7257/5533 
f 5375/7100/5377 5372/7097/5374 5529/7255/5531 5527/7253/5529 
f 5378/7103/5380 5375/7100/5377 5527/7253/5529 5525/7251/5527 
f 5538/7264/5540 5647/7378/5649 5526/7252/5528 5528/7254/5530 
f 5537/7263/5539 5648/7379/5650 5647/7378/5649 5538/7264/5540 
f 5381/7106/5383 5378/7103/5380 5525/7251/5527 5523/7248/5525 
f 5647/7378/5649 5649/7380/5651 5524/7249/5526 5526/7252/5528 
f 5648/7379/5650 5650/7381/5652 5649/7380/5651 5647/7378/5649 
f 5384/7109/5386 5381/7106/5383 5523/7250/5525 5521/7246/5523 
f 5649/7380/5651 5651/7382/5653 5522/7247/5524 5524/7249/5526 
f 5387/7112/5389 5384/7109/5386 5521/7246/5523 5519/7244/5521 
f 5651/7382/5653 5652/7383/5654 5520/7245/5522 5522/7247/5524 
f 5390/7115/5392 5387/7112/5389 5519/7244/5521 5517/7242/5519 
f 5652/7383/5654 5653/7384/5655 5518/7243/5520 5520/7245/5522 
f 5393/7118/5395 5390/7115/5392 5517/7242/5519 5515/7240/5517 
f 5653/7384/5655 5654/7385/5656 5516/7241/5518 5518/7243/5520 
f 5396/7121/5398 5393/7118/5395 5515/7240/5517 5513/7238/5515 
f 5654/7385/5656 5655/7386/5657 5514/7239/5516 5516/7241/5518 
f 5399/7124/5401 5396/7121/5398 5513/7238/5515 5511/7236/5513 
f 5655/7386/5657 5656/7387/5658 5512/7237/5514 5514/7239/5516 
f 5402/7127/5404 5399/7124/5401 5511/7236/5513 5509/7234/5511 
f 5656/7387/5658 5657/7388/5659 5510/7235/5512 5512/7237/5514 
f 5507/7232/5509 5405/7130/5407 5402/7127/5404 5509/7234/5511 
f 5657/7388/5659 5658/7389/5660 5508/7233/5510 5510/7235/5512 
f 5505/7230/5507 5408/7133/5410 5405/7130/5407 5507/7232/5509 
f 5658/7389/5660 5659/7390/5661 5506/7231/5508 5508/7233/5510 
f 5503/7228/5505 5411/7136/5413 5408/7133/5410 5505/7230/5507 
f 5659/7390/5661 5660/7391/5662 5504/7229/5506 5506/7231/5508 
f 5501/7226/5503 5414/7139/5416 5411/7136/5413 5503/7228/5505 
f 5660/7391/5662 5661/7392/5663 5502/7227/5504 5504/7229/5506 
f 5499/7224/5501 5417/7142/5419 5414/7139/5416 5501/7226/5503 
f 5661/7392/5663 5662/7393/5664 5500/7225/5502 5502/7227/5504 
f 5497/7222/5499 5420/7145/5422 5417/7142/5419 5499/7224/5501 
f 5662/7393/5664 5663/7394/5665 5498/7223/5500 5500/7225/5502 
f 5495/7220/5497 5423/7148/5425 5420/7145/5422 5497/7222/5499 
f 5663/7394/5665 5664/7395/5666 5496/7221/5498 5498/7223/5500 
f 5493/7218/5495 5426/7151/5428 5423/7148/5425 5495/7220/5497 
f 5664/7395/5666 5665/7396/5667 5494/7219/5496 5496/7221/5498 
f 5491/7216/5493 5429/7154/5431 5426/7151/5428 5493/7218/5495 
f 5665/7396/5667 5666/7397/5668 5492/7217/5494 5494/7219/5496 
f 5489/7214/5491 5432/7157/5434 5429/7154/5431 5491/7216/5493 
f 5666/7397/5668 5667/7398/5669 5490/7215/5492 5492/7217/5494 
f 5487/7212/5489 5435/7160/5437 5432/7157/5434 5489/7214/5491 
f 5667/7398/5669 5668/7399/5670 5488/7213/5490 5490/7215/5492 
f 5485/7210/5487 5438/7163/5440 5435/7160/5437 5487/7212/5489 
f 5668/7399/5670 5669/7400/5671 5486/7211/5488 5488/7213/5490 
f 5482/7207/5484 5441/7166/5443 5438/7163/5440 5485/7210/5487 
f 5669/7400/5671 5484/7209/5486 5483/7208/5485 5486/7211/5488 
f 5479/7204/5481 5444/7169/5446 5441/7166/5443 5482/7207/5484 
f 5476/7201/5478 5447/7172/5449 5444/7169/5446 5479/7204/5481 
f 5473/7198/5475 5450/7175/5452 5447/7172/5449 5476/7201/5478 
f 5470/7195/5472 5453/7178/5455 5450/7175/5452 5473/7198/5475 
f 5464/7189/5466 5456/7181/5458 5453/7178/5455 5470/7195/5472 
f 5670/7401/5672 5671/7402/5673 5465/7190/5467 5467/7192/5469 
f 5671/7402/5673 5462/7187/5464 5459/7184/5461 5465/7190/5467 
f 5258/6981/5260 5256/6979/5258 5618/7346/5620 5264/6987/5266 
f 5672/7403/5674 5673/7404/5675 5674/7405/5676 5259/6982/5261 
f 5261/6984/5263 5672/7403/5674 5259/6982/5261 
f 5675/7406/5677 5676/7407/5678 5677/7408/5679 5674/7405/5676 
f 5673/7404/5675 5675/7406/5677 5674/7405/5676 
f 5677/7408/5679 5678/7409/5680 5679/7410/5681 5674/7405/5676 
f 5678/7409/5680 5680/7411/5682 5681/7412/5683 5679/7410/5681 
f 5680/7411/5682 5682/7413/5684 5683/7414/5685 5681/7412/5683 
f 5684/7415/5686 5685/7416/5687 5682/7413/5684 5680/7411/5682 
f 5686/7417/5688 5687/7418/5689 5685/7416/5687 5684/7415/5686 
f 5688/7419/5690 5689/7420/5691 5687/7418/5689 5686/7417/5688 
f 5690/7421/5692 5691/7422/5693 5689/7420/5691 5688/7419/5690 
f 5692/7423/5694 5693/7424/5695 5691/7422/5693 5690/7421/5692 
f 5694/7425/5696 5695/7426/5697 5693/7424/5695 5692/7423/5694 
f 5694/7425/5696 5696/7427/5698 5697/7428/5699 5695/7426/5697 
f 5696/7427/5698 5698/7429/5700 5699/7430/5701 5697/7428/5699 
f 5698/7429/5700 5700/7431/5702 5701/7432/5703 5699/7430/5701 
f 5700/7431/5702 5702/7433/5704 5703/7434/5705 5701/7432/5703 
f 5702/7433/5704 5704/7435/5706 5705/7436/5707 5703/7434/5705 
f 5704/7435/5706 5706/7437/5708 5707/7438/5709 5705/7436/5707 
f 5706/7437/5708 5708/7439/5710 5709/7440/5711 5707/7438/5709 
f 5708/7439/5710 5710/7441/5712 5711/7442/5713 5709/7440/5711 
f 5710/7441/5712 5712/7443/5714 5713/7444/5715 5711/7442/5713 
f 5712/7443/5714 5714/7445/5716 5715/7446/5717 5713/7444/5715 
f 5716/7447/5718 5717/7448/5719 5715/7446/5717 5714/7445/5716 
f 5718/7449/5720 5719/7450/5721 5714/7445/5716 5712/7443/5714 
f 5720/7451/5722 5716/7447/5718 5714/7445/5716 5719/7450/5721 
f 5721/7452/5723 5722/7453/5724 5719/7450/5721 5718/7449/5720 
f 5723/7454/5725 5720/7451/5722 5719/7450/5721 5722/7453/5724 
f 5724/7455/5726 5725/7456/5727 5723/7454/5725 5722/7453/5724 
f 5724/7455/5726 5722/7453/5724 5726/7457/5728 
f 5727/7458/5729 5726/7457/5728 5722/7453/5724 5721/7452/5723 
f 5727/7458/5729 5721/7452/5723 5728/7459/5730 
f 5729/7460/5731 5728/7459/5730 5721/7452/5723 5730/7461/5732 
f 5729/7460/5731 5730/7461/5732 5731/7462/5733 
f 5732/7463/5734 5731/7462/5733 5730/7461/5732 5733/7464/5735 
f 5732/7463/5734 5733/7464/5735 5734/7465/5736 
f 5735/7466/5737 5734/7465/5736 5733/7464/5735 5736/7467/5738 
f 5735/7466/5737 5736/7467/5738 5737/7468/5739 
f 5738/7469/5740 5737/7468/5739 5736/7467/5738 5739/7470/5741 
f 5738/7469/5740 5739/7470/5741 5740/7471/5742 
f 5741/7472/5743 5740/7471/5742 5739/7470/5741 5742/7473/5744 
f 5741/7472/5743 5742/7473/5744 5743/7474/5745 
f 5744/7475/5746 5743/7474/5745 5742/7473/5744 5745/7476/5747 
f 5744/7475/5746 5745/7476/5747 5746/7477/5748 
f 5747/7478/5749 5746/7477/5748 5745/7476/5747 5748/7479/5750 
f 5747/7478/5749 5748/7479/5750 5749/7480/5751 
f 5750/7481/5752 5749/7480/5751 5748/7479/5750 5751/7482/5753 
f 5750/7481/5752 5751/7482/5753 5752/7483/5754 
f 5753/7484/5755 5752/7483/5754 5751/7482/5753 5754/7485/5756 
f 5753/7484/5755 5754/7485/5756 5755/7486/5757 
f 5756/7487/5758 5755/7486/5757 5754/7485/5756 5757/7488/5759 
f 5756/7487/5758 5757/7488/5759 5758/7489/5760 
f 5759/7490/5761 5758/7489/5760 5757/7488/5759 5760/7491/5762 
f 5759/7490/5761 5760/7491/5762 5761/7492/5763 
f 5762/7493/5764 5761/7492/5763 5760/7491/5762 5763/7494/5765 
f 5762/7493/5764 5763/7494/5765 5764/7495/5766 
f 5765/7496/5767 5764/7495/5766 5763/7494/5765 5766/7497/5768 
f 5765/7496/5767 5766/7497/5768 5767/7498/5769 
f 5768/7499/5770 5767/7498/5769 5766/7497/5768 5769/7500/5771 
f 5768/7499/5770 5769/7500/5771 5770/7501/5772 
f 5771/7502/5773 5770/7501/5772 5769/7500/5771 5677/7408/5679 
f 5771/7502/5773 5677/7408/5679 5676/7407/5678 
f 5766/7497/5768 5772/7503/5774 5773/7504/5775 5769/7500/5771 
f 5772/7503/5774 5686/7417/5688 5684/7415/5686 5773/7504/5775 
f 5678/7409/5680 5677/7408/5679 5769/7500/5771 5773/7504/5775 
f 5763/7494/5765 5774/7505/5776 5772/7503/5774 5766/7497/5768 
f 5774/7505/5776 5688/7419/5690 5686/7417/5688 5772/7503/5774 
f 5760/7491/5762 5775/7506/5777 5774/7505/5776 5763/7494/5765 
f 5690/7421/5692 5688/7419/5690 5774/7505/5776 5775/7506/5777 
f 5757/7488/5759 5776/7507/5778 5775/7506/5777 5760/7491/5762 
f 5692/7423/5694 5690/7421/5692 5775/7506/5777 5776/7507/5778 
f 5754/7485/5756 5777/7508/5779 5776/7507/5778 5757/7488/5759 
f 5694/7425/5696 5692/7423/5694 5776/7507/5778 5777/7508/5779 
f 5751/7482/5753 5778/7509/5780 5777/7508/5779 5754/7485/5756 
f 5696/7427/5698 5694/7425/5696 5777/7508/5779 5778/7509/5780 
f 5748/7479/5750 5779/7510/5781 5778/7509/5780 5751/7482/5753 
f 5698/7429/5700 5696/7427/5698 5778/7509/5780 5779/7510/5781 
f 5745/7476/5747 5780/7511/5782 5779/7510/5781 5748/7479/5750 
f 5700/7431/5702 5698/7429/5700 5779/7510/5781 5780/7511/5782 
f 5742/7473/5744 5781/7512/5783 5780/7511/5782 5745/7476/5747 
f 5702/7433/5704 5700/7431/5702 5780/7511/5782 5781/7512/5783 
f 5782/7513/5784 5704/7435/5706 5702/7433/5704 5781/7512/5783 
f 5742/7473/5744 5739/7470/5741 5782/7513/5784 5781/7512/5783 
f 5739/7470/5741 5736/7467/5738 5783/7514/5785 5782/7513/5784 
f 5706/7437/5708 5704/7435/5706 5782/7513/5784 5783/7514/5785 
f 5736/7467/5738 5733/7464/5735 5784/7515/5786 5783/7514/5785 
f 5708/7439/5710 5706/7437/5708 5783/7514/5785 5784/7515/5786 
f 5733/7464/5735 5730/7461/5732 5785/7516/5787 5784/7515/5786 
f 5710/7441/5712 5708/7439/5710 5784/7515/5786 5785/7516/5787 
f 5730/7461/5732 5721/7452/5723 5718/7449/5720 5785/7516/5787 
f 5712/7443/5714 5710/7441/5712 5785/7516/5787 5718/7449/5720 
f 5786/7517/5788 5787/7518/5789 5713/7444/5715 5715/7446/5717 
f 5786/7517/5788 5715/7446/5717 5788/7519/5790 
f 5789/7520/5791 5788/7519/5790 5715/7446/5717 5717/7448/5719 
f 5789/7520/5791 5717/7448/5719 5790/7521/5792 
f 5791/7522/5793 5792/7523/5794 5711/7442/5713 5713/7444/5715 
f 5787/7518/5789 5791/7522/5793 5713/7444/5715 
f 5793/7524/5795 5794/7525/5796 5709/7440/5711 5711/7442/5713 
f 5793/7524/5795 5711/7442/5713 5792/7523/5794 
f 5680/7411/5682 5678/7409/5680 5773/7504/5775 5684/7415/5686 
f 5252/6975/5254 5255/6978/5257 5681/7412/5683 5683/7414/5685 
f 5255/6978/5257 5257/6980/5259 5679/7410/5681 5681/7412/5683 
f 5257/6980/5259 5259/6982/5261 5674/7405/5676 5679/7410/5681 
f 5795/7526/5797 5796/7527/5798 5616/7344/5618 5251/6974/5253 
f 5250/6973/5252 5795/7526/5797 5251/6974/5253 
f 5797/7528/5799 5798/7529/5800 5614/7342/5616 5616/7344/5618 
f 5796/7527/5798 5797/7528/5799 5616/7344/5618 
f 5799/7530/5801 5800/7531/5802 5612/7340/5614 5614/7342/5616 
f 5798/7529/5800 5799/7530/5801 5614/7342/5616 
f 5801/7532/5803 5802/7533/5804 5610/7338/5612 5612/7340/5614 
f 5800/7531/5802 5801/7532/5803 5612/7340/5614 
f 5803/7534/5805 5804/7535/5806 5608/7336/5610 5610/7338/5612 
f 5802/7536/5804 5803/7534/5805 5610/7338/5612 
f 5805/7537/5807 5806/7538/5808 5606/7334/5608 5608/7336/5610 
f 5804/7535/5806 5805/7537/5807 5608/7336/5610 
f 5807/7539/5809 5808/7540/5810 5604/7332/5606 5606/7334/5608 
f 5806/7538/5808 5807/7539/5809 5606/7334/5608 
f 5809/7541/5811 5810/7542/5812 5602/7330/5604 5604/7332/5606 
f 5808/7540/5810 5809/7541/5811 5604/7332/5606 
f 5811/7543/5813 5812/7544/5814 5600/7328/5602 5602/7330/5604 
f 5810/7542/5812 5811/7543/5813 5602/7330/5604 
f 5813/7545/5815 5814/7546/5816 5598/7326/5600 5600/7328/5602 
f 5812/7544/5814 5813/7545/5815 5600/7328/5602 
f 5815/7547/5817 5816/7548/5818 5596/7324/5598 5598/7326/5600 
f 5814/7546/5816 5815/7547/5817 5598/7326/5600 
f 5817/7549/5819 5818/7550/5820 5594/7322/5596 5596/7324/5598 
f 5816/7548/5818 5817/7549/5819 5596/7324/5598 
f 5819/7551/5821 5820/7552/5822 5592/7320/5594 5594/7322/5596 
f 5818/7550/5820 5819/7551/5821 5594/7322/5596 
f 5821/7553/5823 5822/7554/5824 5590/7318/5592 5592/7320/5594 
f 5821/7553/5823 5592/7320/5594 5820/7552/5822 
f 5823/7555/5825 5824/7556/5826 5588/7316/5590 5590/7318/5592 
f 5822/7554/5824 5823/7555/5825 5590/7318/5592 
f 5825/7557/5827 5826/7558/5828 5586/7314/5588 5588/7316/5590 
f 5824/7556/5826 5825/7557/5827 5588/7316/5590 
f 5827/7559/5829 5828/7560/5830 5584/7312/5586 5586/7314/5588 
f 5826/7558/5828 5827/7559/5829 5586/7314/5588 
f 5829/7561/5831 5830/7562/5832 5582/7310/5584 5584/7312/5586 
f 5828/7560/5830 5829/7561/5831 5584/7312/5586 
f 5831/7563/5833 5832/7564/5834 5580/7308/5582 5582/7310/5584 
f 5830/7562/5832 5831/7563/5833 5582/7310/5584 
f 5833/7565/5835 5834/7566/5836 5578/7304/5580 5580/7308/5582 
f 5832/7564/5834 5833/7565/5835 5580/7308/5582 
f 5835/7567/5837 5836/7568/5838 5576/7305/5578 5578/7304/5580 
f 5834/7566/5836 5835/7567/5837 5578/7304/5580 
f 5837/7569/5839 5838/7570/5840 5574/7300/5576 5576/7302/5578 
f 5836/7571/5838 5837/7569/5839 5576/7302/5578 
f 5839/7572/5841 5840/7573/5842 5572/7298/5574 5574/7300/5576 
f 5838/7570/5840 5839/7572/5841 5574/7300/5576 
f 5841/7574/5843 5842/7575/5844 5570/7296/5572 5572/7298/5574 
f 5840/7573/5842 5841/7574/5843 5572/7298/5574 
f 5843/7576/5845 5844/7577/5846 5568/7294/5570 5570/7296/5572 
f 5842/7575/5844 5843/7576/5845 5570/7296/5572 
f 5845/7578/5847 5846/7579/5848 5566/7292/5568 5568/7294/5570 
f 5844/7577/5846 5845/7578/5847 5568/7294/5570 
f 5847/7580/5849 5848/7581/5850 5564/7290/5566 5566/7292/5568 
f 5846/7579/5848 5847/7580/5849 5566/7292/5568 
f 5849/7582/5851 5850/7583/5852 5562/7288/5564 5564/7290/5566 
f 5848/7581/5850 5849/7582/5851 5564/7290/5566 
f 5851/7584/5853 5852/7585/5854 5559/7285/5561 5562/7288/5564 
f 5850/7583/5852 5851/7584/5853 5562/7288/5564 
f 5853/7586/5855 5854/7587/5856 5707/7438/5709 5709/7440/5711 
f 5853/7586/5855 5709/7440/5711 5794/7525/5796 
f 5855/7588/5857 5856/7589/5858 5705/7436/5707 5707/7438/5709 
f 5855/7588/5857 5707/7438/5709 5854/7587/5856 
f 5857/7590/5859 5858/7591/5860 5703/7434/5705 5705/7436/5707 
f 5857/7590/5859 5705/7436/5707 5856/7589/5858 
f 5859/7592/5861 5860/7593/5862 5701/7432/5703 5703/7434/5705 
f 5859/7592/5861 5703/7434/5705 5858/7591/5860 
f 5861/7594/5863 5862/7595/5864 5699/7430/5701 5701/7432/5703 
f 5861/7594/5863 5701/7432/5703 5860/7593/5862 
f 5863/7596/5865 5864/7597/5866 5697/7428/5699 5699/7430/5701 
f 5862/7595/5864 5863/7596/5865 5699/7430/5701 
f 5865/7598/5867 5866/7599/5868 5695/7426/5697 5697/7428/5699 
f 5864/7597/5866 5865/7598/5867 5697/7428/5699 
f 5867/7600/5869 5868/7601/5870 5693/7424/5695 5695/7426/5697 
f 5866/7599/5868 5867/7600/5869 5695/7426/5697 
f 5869/7602/5871 5870/7603/5872 5691/7422/5693 5693/7424/5695 
f 5868/7601/5870 5869/7602/5871 5693/7424/5695 
f 5871/7604/5873 5872/7605/5874 5689/7420/5691 5691/7422/5693 
f 5870/7603/5872 5871/7604/5873 5691/7422/5693 
f 5873/7606/5875 5874/7607/5876 5687/7418/5689 5689/7420/5691 
f 5872/7605/5874 5873/7606/5875 5689/7420/5691 
f 5875/7608/5877 5876/7609/5878 5685/7416/5687 5687/7418/5689 
f 5875/7608/5877 5687/7418/5689 5874/7607/5876 
f 5877/7610/5879 5878/7611/5880 5682/7413/5684 5685/7416/5687 
f 5877/7610/5879 5685/7416/5687 5876/7609/5878 
f 5879/7612/5881 5880/7613/5882 5683/7414/5685 5682/7413/5684 
f 5879/7612/5881 5682/7413/5684 5878/7611/5880 
f 5881/7614/5883 5253/6976/5255 5252/6975/5254 5683/7414/5685 
f 5881/7614/5883 5683/7414/5685 5880/7613/5882 
f 5462/7187/5464 5671/7402/5673 5720/7451/5722 5723/7454/5725 
f 5671/7402/5673 5670/7401/5672 5716/7447/5718 5720/7451/5722 
f 5670/7401/5672 5882/7615/5884 5717/7448/5719 5716/7447/5718 
f 5883/7616/5885 5790/7521/5792 5717/7448/5719 5882/7615/5884 
f 5883/7616/5885 5882/7615/5884 5884/7617/5886 
f 5885/7618/5887 5884/7617/5886 5882/7615/5884 5469/7194/5471 
f 5885/7618/5887 5469/7194/5471 5886/7619/5888 
f 5887/7620/5889 5886/7619/5888 5469/7194/5471 5468/7193/5470 
f 5887/7620/5889 5468/7193/5470 5888/7621/5890 
f 5889/7622/5891 5888/7621/5890 5468/7193/5470 5472/7197/5474 
f 5889/7622/5891 5472/7197/5474 5890/7623/5892 
f 5891/7624/5893 5890/7623/5892 5472/7197/5474 5475/7200/5477 
f 5891/7624/5893 5475/7200/5477 5892/7625/5894 
f 5893/7626/5895 5892/7625/5894 5475/7200/5477 5478/7203/5480 
f 5893/7626/5895 5478/7203/5480 5894/7627/5896 
f 5895/7628/5897 5894/7627/5896 5478/7203/5480 5481/7206/5483 
f 5895/7628/5897 5481/7206/5483 5896/7629/5898 
f 5897/7630/5899 5896/7629/5898 5481/7206/5483 5484/7209/5486 
f 5897/7630/5899 5484/7209/5486 5898/7631/5900 
f 5899/7632/5901 5898/7631/5900 5484/7209/5486 5669/7400/5671 
f 5899/7632/5901 5669/7400/5671 5900/7633/5902 
f 5901/7634/5903 5900/7633/5902 5669/7400/5671 5668/7399/5670 
f 5901/7634/5903 5668/7399/5670 5902/7635/5904 
f 5903/7636/5905 5902/7635/5904 5668/7399/5670 5667/7398/5669 
f 5903/7636/5905 5667/7398/5669 5904/7637/5906 
f 5905/7638/5907 5904/7637/5906 5667/7398/5669 5666/7397/5668 
f 5905/7638/5907 5666/7397/5668 5906/7639/5908 
f 5907/7640/5909 5906/7639/5908 5666/7397/5668 5665/7396/5667 
f 5907/7640/5909 5665/7396/5667 5908/7641/5910 
f 5909/7642/5911 5908/7641/5910 5665/7396/5667 5664/7395/5666 
f 5909/7642/5911 5664/7395/5666 5910/7643/5912 
f 5911/7644/5913 5910/7643/5912 5664/7395/5666 5663/7394/5665 
f 5911/7644/5913 5663/7394/5665 5912/7645/5914 
f 5913/7646/5915 5912/7645/5914 5663/7394/5665 5662/7393/5664 
f 5913/7646/5915 5662/7393/5664 5914/7647/5916 
f 5914/7647/5916 5662/7393/5664 5915/7648/5917 
f 5915/7648/5917 5662/7393/5664 5661/7392/5663 
f 5915/7648/5917 5661/7392/5663 5916/7649/5918 
f 5916/7649/5918 5661/7392/5663 5660/7391/5662 
f 5916/7649/5918 5660/7391/5662 5917/7650/5919 
f 5917/7650/5919 5660/7391/5662 5659/7390/5661 
f 5917/7650/5919 5659/7390/5661 5918/7651/5920 
f 5918/7651/5920 5659/7390/5661 5658/7389/5660 
f 5919/7652/5921 5918/7651/5920 5658/7389/5660 5920/7653/5922 
f 5920/7653/5922 5658/7389/5660 5657/7388/5659 
f 5921/7654/5923 5920/7653/5922 5657/7388/5659 5656/7387/5658 
f 5921/7654/5923 5656/7387/5658 5922/7655/5924 
f 5923/7656/5925 5922/7655/5924 5656/7387/5658 5655/7386/5657 
f 5923/7656/5925 5655/7386/5657 5924/7657/5926 
f 5925/7658/5927 5924/7657/5926 5655/7386/5657 5654/7385/5656 
f 5925/7658/5927 5654/7385/5656 5926/7659/5928 
f 5927/7660/5929 5926/7659/5928 5654/7385/5656 5653/7384/5655 
f 5927/7660/5929 5653/7384/5655 5928/7661/5930 
f 5929/7662/5931 5928/7661/5930 5653/7384/5655 5652/7383/5654 
f 5929/7662/5931 5652/7383/5654 5930/7663/5932 
f 5931/7664/5933 5930/7663/5932 5652/7383/5654 5651/7382/5653 
f 5931/7664/5933 5651/7382/5653 5932/7665/5934 
f 5933/7666/5935 5932/7665/5934 5651/7382/5653 5650/7381/5652 
f 5651/7382/5653 5649/7380/5651 5650/7381/5652 
f 5934/7667/5936 5933/7666/5935 5650/7381/5652 
f 5935/7668/5937 5934/7667/5936 5650/7381/5652 5648/7379/5650 
f 5935/7668/5937 5648/7379/5650 5936/7669/5938 
f 5937/7670/5939 5936/7669/5938 5648/7379/5650 5537/7263/5539 
f 5937/7670/5939 5537/7263/5539 5938/7671/5940 
f 5939/7672/5941 5938/7671/5940 5537/7263/5539 5536/7262/5538 
f 5939/7672/5941 5536/7262/5538 5940/7673/5942 
f 5941/7674/5943 5940/7673/5942 5536/7262/5538 5535/7261/5537 
f 5941/7674/5943 5535/7261/5537 5942/7675/5944 
f 5943/7676/5945 5942/7675/5944 5535/7261/5537 5541/7267/5543 
f 5943/7676/5945 5541/7267/5543 5944/7677/5946 
f 5945/7678/5947 5944/7677/5946 5541/7267/5543 5544/7270/5546 
f 5945/7678/5947 5544/7270/5546 5946/7679/5948 
f 5947/7680/5949 5946/7679/5948 5544/7270/5546 5547/7273/5549 
f 5947/7680/5949 5547/7273/5549 5948/7680/5950 
f 5949/7681/5951 5948/7680/5950 5547/7273/5549 
f 5950/7682/5952 5951/7683/5953 5549/7275/5551 5551/7277/5553 
f 5950/7682/5952 5551/7277/5553 5952/7684/5954 
f 5953/7685/5955 5952/7684/5954 5551/7277/5553 5556/7282/5558 
f 5953/7685/5955 5556/7282/5558 5954/7686/5956 
f 5955/7687/5957 5954/7686/5956 5556/7282/5558 5559/7285/5561 
f 5955/7687/5957 5559/7285/5561 5852/7585/5854 
f 5547/7273/5549 5546/7272/5548 5549/7275/5551 5949/7681/5951 
f 5549/7275/5551 5951/7683/5953 5949/7681/5951 
f 5882/7615/5884 5670/7401/5672 5467/7192/5469 5469/7194/5471 
f 5956/7688/5958 5463/7188/5465 5462/7187/5464 5723/7454/5725 
f 5956/7688/5958 5723/7454/5725 5725/7456/5727 
s 2
f 5401/7689/5403 5403/7690/5405 5404/7691/5406 5308/7692/5310 
f 5756/7693/5758 5758/7694/5760 5759/7695/5761 5755/7696/5757 
f 5753/7697/5755 5755/7696/5757 5759/7695/5761 5752/7698/5754 
f 5750/7699/5752 5752/7698/5754 5759/7695/5761 5749/7700/5751 
f 5747/7701/5749 5749/7700/5751 5759/7695/5761 5761/7702/5763 
f 5747/7701/5749 5761/7702/5763 5762/7703/5764 5746/7704/5748 
f 5744/7705/5746 5746/7704/5748 5762/7703/5764 5743/7706/5745 
f 5743/7706/5745 5762/7703/5764 5764/7707/5766 5765/7708/5767 
f 5741/7709/5743 5743/7706/5745 5765/7708/5767 5767/7710/5769 
f 5740/7711/5742 5741/7709/5743 5767/7710/5769 5768/7712/5770 
f 5738/7713/5740 5740/7711/5742 5768/7712/5770 5770/7714/5772 
f 5738/7713/5740 5770/7714/5772 5771/7715/5773 5676/7716/5678 
f 5738/7713/5740 5676/7716/5678 5675/7717/5677 5673/7718/5675 
f 5738/7713/5740 5673/7718/5675 5672/7719/5674 5261/7720/5263 
f 5738/7713/5740 5261/7720/5263 5260/7721/5262 5262/7722/5264 
f 5738/7713/5740 5262/7722/5264 5263/7723/5265 5265/7724/5267 
f 5738/7713/5740 5265/7724/5267 5266/7725/5268 5268/7726/5270 
f 5738/7713/5740 5268/7726/5270 5269/7727/5271 5271/7728/5273 
f 5738/7713/5740 5271/7728/5273 5272/7729/5274 5274/7730/5276 
f 5738/7713/5740 5274/7730/5276 5275/7731/5277 5277/7732/5279 
f 5738/7713/5740 5277/7732/5279 5278/7733/5280 5280/7734/5282 
f 5738/7713/5740 5280/7734/5282 5281/7735/5283 5737/7736/5739 
f 5737/7736/5739 5281/7735/5283 5283/7737/5285 5284/7738/5286 
f 5737/7736/5739 5284/7738/5286 5286/7739/5288 5287/7740/5289 
f 5737/7736/5739 5287/7740/5289 5289/7741/5291 5290/7742/5292 
f 5737/7736/5739 5290/7742/5292 5292/7743/5294 5293/7744/5295 
f 5737/7736/5739 5293/7744/5295 5295/7745/5297 5296/7746/5298 
f 5737/7736/5739 5296/7746/5298 5298/7747/5300 5299/7748/5301 
f 5737/7736/5739 5299/7748/5301 5301/7749/5303 5735/7750/5737 
f 5735/7750/5737 5301/7749/5303 5302/7751/5304 5304/7752/5306 
f 5734/7753/5736 5735/7750/5737 5304/7752/5306 5732/7754/5734 
f 5731/7755/5733 5732/7754/5734 5304/7752/5306 5729/7756/5731 
f 5728/7757/5730 5729/7756/5731 5304/7752/5306 5727/7758/5729 
f 5726/7759/5728 5727/7758/5729 5304/7752/5306 5724/7760/5726 
f 5725/7761/5727 5724/7760/5726 5304/7752/5306 5956/7762/5958 
f 5463/7763/5465 5956/7762/5958 5304/7752/5306 5461/7764/5463 
f 5460/7765/5462 5461/7764/5463 5304/7752/5306 5458/7766/5460 
f 5457/7767/5459 5458/7766/5460 5304/7752/5306 5455/7768/5457 
f 5454/7769/5456 5455/7768/5457 5304/7752/5306 5452/7770/5454 
f 5452/7770/5454 5304/7752/5306 5305/7771/5307 5451/7772/5453 
f 5449/7773/5451 5451/7772/5453 5305/7771/5307 5307/7774/5309 
f 5448/7775/5450 5449/7773/5451 5307/7774/5309 5446/7776/5448 
f 5445/7777/5447 5446/7776/5448 5307/7774/5309 5443/7778/5445 
f 5442/7779/5444 5443/7778/5445 5307/7774/5309 5440/7780/5442 
f 5440/7780/5442 5307/7774/5309 5308/7692/5310 5439/7781/5441 
f 5437/7782/5439 5439/7781/5441 5308/7692/5310 5436/7783/5438 
f 5434/7784/5436 5436/7783/5438 5308/7692/5310 5433/7785/5435 
f 5431/7786/5433 5433/7785/5435 5308/7692/5310 5430/7787/5432 
f 5428/7788/5430 5430/7787/5432 5308/7692/5310 5427/7789/5429 
f 5425/7790/5427 5427/7789/5429 5308/7692/5310 5424/7791/5426 
f 5422/7792/5424 5424/7791/5426 5308/7692/5310 5421/7793/5423 
f 5419/7794/5421 5421/7793/5423 5308/7692/5310 5418/7795/5420 
f 5416/7796/5418 5418/7795/5420 5308/7692/5310 5415/7797/5417 
f 5413/7798/5415 5415/7797/5417 5308/7692/5310 5412/7799/5414 
f 5410/7800/5412 5412/7799/5414 5308/7692/5310 5409/7801/5411 
f 5407/7802/5409 5409/7801/5411 5308/7692/5310 5406/7803/5408 
f 5404/7691/5406 5406/7803/5408 5308/7692/5310 
f 5400/7804/5402 5401/7689/5403 5308/7692/5310 5398/7805/5400 
f 5397/7806/5399 5398/7805/5400 5308/7692/5310 5395/7807/5397 
f 5395/7807/5397 5308/7692/5310 5310/7808/5312 5394/7809/5396 
f 5392/7810/5394 5394/7809/5396 5310/7808/5312 5391/7811/5393 
f 5389/7812/5391 5391/7811/5393 5310/7808/5312 5388/7813/5390 
f 5386/7814/5388 5388/7813/5390 5310/7808/5312 5385/7815/5387 
f 5383/7816/5385 5385/7815/5387 5310/7808/5312 5382/7817/5384 
f 5380/7818/5382 5382/7817/5384 5310/7808/5312 5379/7819/5381 
f 5377/7820/5379 5379/7819/5381 5310/7808/5312 5376/7821/5378 
f 5374/7822/5376 5376/7821/5378 5310/7808/5312 5373/7823/5375 
f 5371/7824/5373 5373/7823/5375 5310/7808/5312 5370/7825/5372 
f 5368/7826/5370 5370/7825/5372 5310/7808/5312 5367/7827/5369 
f 5365/7828/5367 5367/7827/5369 5310/7808/5312 5364/7829/5366 
f 5362/7830/5364 5364/7829/5366 5310/7808/5312 5311/7831/5313 
f 5361/7832/5363 5362/7830/5364 5311/7831/5313 5359/7833/5361 
f 5359/7833/5361 5311/7831/5313 5313/7834/5315 5358/7835/5360 
f 5356/7836/5358 5358/7835/5360 5313/7834/5315 5314/7837/5316 
f 5355/7838/5357 5356/7836/5358 5314/7837/5316 5316/7839/5318 
f 5353/7840/5355 5355/7838/5357 5316/7839/5318 5317/7841/5319 
f 5352/7842/5354 5353/7840/5355 5317/7841/5319 5319/7843/5321 
f 5350/7844/5352 5352/7842/5354 5319/7843/5321 5320/7845/5322 
f 5349/7846/5351 5350/7844/5352 5320/7845/5322 5322/7847/5324 
f 5347/7848/5349 5349/7846/5351 5322/7847/5324 5323/7849/5325 
f 5346/7850/5348 5347/7848/5349 5323/7849/5325 5325/7851/5327 
f 5346/7850/5348 5325/7851/5327 5326/7852/5328 5344/7853/5346 
f 5344/7853/5346 5326/7852/5328 5328/7854/5330 5343/7855/5345 
f 5341/7856/5343 5343/7855/5345 5328/7854/5330 5340/7857/5342 
f 5338/7858/5340 5340/7857/5342 5328/7854/5330 5329/7859/5331 
f 5338/7858/5340 5329/7859/5331 5331/7860/5333 5332/7861/5334 
f 5338/7858/5340 5332/7861/5334 5334/7862/5336 5335/7863/5337 
f 5338/7858/5340 5335/7863/5337 5337/7864/5339 
f 5845/7865/5847 5844/7866/5846 5843/7867/5845 5847/7868/5849 
f 5843/7867/5845 5842/7869/5844 5841/7870/5843 5847/7868/5849 
f 5867/7871/5869 5866/7872/5868 5865/7873/5867 5864/7874/5866 
f 5867/7871/5869 5864/7874/5866 5863/7875/5865 5862/7876/5864 
f 5867/7871/5869 5862/7876/5864 5861/7877/5863 5868/7878/5870 
f 5869/7879/5871 5868/7878/5870 5861/7877/5863 5860/7880/5862 
f 5869/7879/5871 5860/7880/5862 5859/7881/5861 5858/7882/5860 
f 5870/7883/5872 5869/7879/5871 5858/7882/5860 5871/7884/5873 
f 5871/7884/5873 5858/7882/5860 5857/7885/5859 5872/7886/5874 
f 5873/7887/5875 5872/7886/5874 5857/7885/5859 5856/7888/5858 
f 5874/7889/5876 5873/7887/5875 5856/7888/5858 5875/7890/5877 
f 5876/7891/5878 5875/7890/5877 5856/7888/5858 5877/7892/5879 
f 5878/7893/5880 5877/7892/5879 5856/7888/5858 5879/7894/5881 
f 5880/7895/5882 5879/7894/5881 5856/7888/5858 5881/7896/5883 
f 5253/7897/5255 5881/7896/5883 5856/7888/5858 5249/7898/5251 
f 5250/7899/5252 5249/7898/5251 5856/7888/5858 5795/7900/5797 
f 5796/7901/5798 5795/7900/5797 5856/7888/5858 5797/7902/5799 
f 5798/7903/5800 5797/7902/5799 5856/7888/5858 5799/7904/5801 
f 5800/7905/5802 5799/7904/5801 5856/7888/5858 5801/7906/5803 
f 5802/7907/5804 5801/7906/5803 5856/7888/5858 5803/7908/5805 
f 5804/7909/5806 5803/7908/5805 5856/7888/5858 5805/7910/5807 
f 5806/7911/5808 5805/7910/5807 5856/7888/5858 5807/7912/5809 
f 5808/7913/5810 5807/7912/5809 5856/7888/5858 5809/7914/5811 
f 5810/7915/5812 5809/7914/5811 5856/7888/5858 5811/7916/5813 
f 5812/7917/5814 5811/7916/5813 5856/7888/5858 5813/7918/5815 
f 5814/7919/5816 5813/7918/5815 5856/7888/5858 5815/7920/5817 
f 5816/7921/5818 5815/7920/5817 5856/7888/5858 5817/7922/5819 
f 5818/7923/5820 5817/7922/5819 5856/7888/5858 5819/7924/5821 
f 5820/7925/5822 5819/7924/5821 5856/7888/5858 5821/7926/5823 
f 5821/7926/5823 5856/7888/5858 5855/7927/5857 5854/7928/5856 
f 5821/7926/5823 5854/7928/5856 5853/7929/5855 5794/7930/5796 
f 5821/7926/5823 5794/7930/5796 5793/7931/5795 5792/7932/5794 
f 5821/7926/5823 5792/7932/5794 5791/7933/5793 5787/7934/5789 
f 5821/7926/5823 5787/7934/5789 5786/7935/5788 5788/7936/5790 
f 5821/7926/5823 5788/7936/5790 5789/7937/5791 5790/7938/5792 
f 5821/7926/5823 5790/7938/5792 5883/7939/5885 5884/7940/5886 
f 5821/7926/5823 5884/7940/5886 5885/7941/5887 5886/7942/5888 
f 5821/7926/5823 5886/7942/5888 5887/7943/5889 5888/7944/5890 
f 5821/7926/5823 5888/7944/5890 5889/7945/5891 5890/7946/5892 
f 5821/7926/5823 5890/7946/5892 5891/7947/5893 5892/7948/5894 
f 5821/7926/5823 5892/7948/5894 5893/7949/5895 5894/7950/5896 
f 5821/7926/5823 5894/7950/5896 5895/7951/5897 5896/7952/5898 
f 5821/7926/5823 5896/7952/5898 5897/7953/5899 5898/7954/5900 
f 5821/7926/5823 5898/7954/5900 5899/7955/5901 5900/7956/5902 
f 5821/7926/5823 5900/7956/5902 5901/7957/5903 5902/7958/5904 
f 5821/7926/5823 5902/7958/5904 5903/7959/5905 5904/7960/5906 
f 5821/7926/5823 5904/7960/5906 5905/7961/5907 5906/7962/5908 
f 5821/7926/5823 5906/7962/5908 5907/7963/5909 5908/7964/5910 
f 5821/7926/5823 5908/7964/5910 5909/7965/5911 5910/7966/5912 
f 5821/7926/5823 5910/7966/5912 5911/7967/5913 5912/7968/5914 
f 5821/7926/5823 5912/7968/5914 5913/7969/5915 5914/7970/5916 
f 5821/7926/5823 5914/7970/5916 5915/7971/5917 
f 5821/7926/5823 5915/7971/5917 5916/7972/5918 
f 5821/7926/5823 5916/7972/5918 5917/7973/5919 
f 5821/7926/5823 5917/7973/5919 5918/7974/5920 
f 5821/7926/5823 5918/7974/5920 5919/7975/5921 5921/7976/5923 
f 5919/7975/5921 5920/7977/5922 5921/7976/5923 
f 5821/7926/5823 5921/7976/5923 5922/7978/5924 5923/7979/5925 
f 5821/7926/5823 5923/7979/5925 5924/7980/5926 5925/7981/5927 
f 5822/7982/5824 5821/7926/5823 5925/7981/5927 5823/7983/5825 
f 5823/7983/5825 5925/7981/5927 5926/7984/5928 5927/7985/5929 
f 5824/7986/5826 5823/7983/5825 5927/7985/5929 5825/7987/5827 
f 5825/7987/5827 5927/7985/5929 5928/7988/5930 5929/7989/5931 
f 5825/7987/5827 5929/7989/5931 5930/7990/5932 5826/7991/5828 
f 5827/7992/5829 5826/7991/5828 5930/7990/5932 5931/7993/5933 
f 5827/7992/5829 5931/7993/5933 5932/7994/5934 5828/7995/5830 
f 5828/7995/5830 5932/7994/5934 5933/7996/5935 5934/7997/5936 
f 5828/7995/5830 5934/7997/5936 5935/7998/5937 5936/7999/5938 
f 5828/7995/5830 5936/7999/5938 5937/8000/5939 5938/8001/5940 
f 5828/7995/5830 5938/8001/5940 5939/8002/5941 5940/8003/5942 
f 5828/7995/5830 5940/8003/5942 5941/8004/5943 5942/8005/5944 
f 5828/7995/5830 5942/8005/5944 5943/8006/5945 5944/8007/5946 
f 5828/7995/5830 5944/8007/5946 5945/8008/5947 5946/8009/5948 
f 5828/7995/5830 5946/8009/5948 5947/8010/5949 5948/8011/5950 
f 5828/7995/5830 5948/8011/5950 5949/8012/5951 5829/8013/5831 
f 5829/8013/5831 5949/8012/5951 5951/8014/5953 5950/8015/5952 
f 5830/8016/5832 5829/8013/5831 5950/8015/5952 5952/8017/5954 
f 5830/8016/5832 5952/8017/5954 5953/8018/5955 5831/8019/5833 
f 5831/8019/5833 5953/8018/5955 5954/8020/5956 5832/8021/5834 
f 5832/8021/5834 5954/8020/5956 5955/8022/5957 5833/8023/5835 
f 5833/8023/5835 5955/8022/5957 5852/8024/5854 5834/8025/5836 
f 5834/8025/5836 5852/8024/5854 5851/8026/5853 5835/8027/5837 
f 5835/8027/5837 5851/8026/5853 5850/8028/5852 5836/8029/5838 
f 5836/8029/5838 5850/8028/5852 5849/8030/5851 5837/8031/5839 
f 5838/8032/5840 5837/8031/5839 5849/8030/5851 5839/8033/5841 
f 5839/8033/5841 5849/8030/5851 5848/8034/5850 5847/7868/5849 
f 5840/8035/5842 5839/8033/5841 5847/7868/5849 5841/7870/5843 
f 5845/7865/5847 5847/7868/5849 5846/8036/5848 
# 611 polygons - 190 triangles

