# 3ds Max Wavefront OBJ Exporter v0.99 - (c)2007 guruware
# File Created: 02.09.2026 22:17:50

mtllib baseball bat_hero.mtl

#
# object Cylinder001_frag_008
#

v  0.1083 -0.5142 0.6030
v  0.1090 -0.5163 0.6004
v  0.1071 -0.5142 0.6013
v  0.1070 -0.5137 0.6020
v  0.1031 -0.5062 0.6092
v  0.1044 -0.5065 0.6104
v  0.1064 -0.5069 0.6122
v  0.1105 -0.5149 0.6045
v  0.0978 -0.4986 0.6152
v  0.0989 -0.4987 0.6166
v  0.0911 -0.4911 0.6198
v  0.0920 -0.4910 0.6213
v  0.0935 -0.4907 0.6236
v  0.1007 -0.4987 0.6186
v  0.0833 -0.4839 0.6229
v  0.0840 -0.4835 0.6245
v  0.0746 -0.4772 0.6244
v  0.0751 -0.4767 0.6260
v  0.0759 -0.4758 0.6285
v  0.0852 -0.4830 0.6269
v  0.0725 -0.4750 0.6259
v  0.0713 -0.4729 0.6284
v  0.1146 -0.5450 0.6138
v  0.1152 -0.5524 0.6036
v  0.1186 -0.5466 0.6000
v  0.1180 -0.5394 0.6099
v  0.1151 -0.5301 0.6207
v  0.1117 -0.5357 0.6246
v  0.1101 -0.5204 0.6301
v  0.1066 -0.5259 0.6341
v  0.1028 -0.5315 0.6377
v  0.1078 -0.5412 0.6283
v  0.1108 -0.5505 0.6175
v  0.1031 -0.5104 0.6380
v  0.0996 -0.5160 0.6420
v  0.0944 -0.5006 0.6441
v  0.0909 -0.5061 0.6480
v  0.0871 -0.5117 0.6516
v  0.0958 -0.5215 0.6456
v  0.0842 -0.4911 0.6481
v  0.0806 -0.4966 0.6521
v  0.0728 -0.4824 0.6500
v  0.0692 -0.4878 0.6540
v  0.0655 -0.4935 0.6576
v  0.0769 -0.5022 0.6557
v  0.0606 -0.4746 0.6498
v  0.0570 -0.4800 0.6537
v  0.0554 -0.4792 0.6534
v  0.0518 -0.4848 0.6570
v  0.0533 -0.4857 0.6573
v  0.0931 -0.4840 0.6100
v  0.0918 -0.4877 0.6148
v  0.0982 -0.4949 0.6104
v  0.0992 -0.4909 0.6058
v  0.0912 -0.4897 0.6175
v  0.0977 -0.4971 0.6130
v  0.1029 -0.5045 0.6071
v  0.1033 -0.5022 0.6047
v  0.1040 -0.4978 0.6003
v  0.0844 -0.4809 0.6177
v  0.0859 -0.4774 0.6128
v  0.0815 -0.4740 0.6136
v  0.0773 -0.4754 0.6189
v  0.0836 -0.4827 0.6205
v  0.0752 -0.4760 0.6217
v  0.0752 -0.4762 0.6219
v  0.1006 -0.4856 0.5999
v  0.0967 -0.4793 0.6014
v  0.0953 -0.4778 0.6023
v  0.0884 -0.4723 0.6058
v  0.0868 -0.4719 0.6068
v  0.1201 -0.5352 0.6069
v  0.1172 -0.5260 0.6176
v  0.1208 -0.5318 0.6044
v  0.1180 -0.5228 0.6149
v  0.1131 -0.5133 0.6241
v  0.1122 -0.5163 0.6270
v  0.1053 -0.5064 0.6348
v  0.1063 -0.5036 0.6318
v  0.0977 -0.4939 0.6377
v  0.0966 -0.4967 0.6408
v  0.0865 -0.4873 0.6448
v  0.0878 -0.4847 0.6417
v  0.0767 -0.4762 0.6435
v  0.0752 -0.4786 0.6467
v  0.0631 -0.4709 0.6464
v  0.0648 -0.4686 0.6433
v  0.0610 -0.4698 0.6460
v  0.0625 -0.4674 0.6428
v  0.0619 -0.4678 0.6435
v  0.0588 -0.4737 0.6494
v  0.0932 -0.5589 0.6213
v  0.0907 -0.5509 0.6306
v  0.0843 -0.5499 0.6272
v  0.0849 -0.5518 0.6250
v  0.0925 -0.5587 0.6211
v  0.0973 -0.5591 0.6222
v  0.0947 -0.5506 0.6320
v  0.0901 -0.5417 0.6406
v  0.0864 -0.5424 0.6388
v  0.0804 -0.5423 0.6346
v  0.0803 -0.5338 0.6456
v  0.0750 -0.5346 0.6407
v  0.0837 -0.5327 0.6478
v  0.0757 -0.5237 0.6533
v  0.0728 -0.5253 0.6508
v  0.0682 -0.5269 0.6454
v  0.0639 -0.5171 0.6543
v  0.0603 -0.5196 0.6486
v  0.0664 -0.5151 0.6570
v  0.0561 -0.5071 0.6587
v  0.0541 -0.5096 0.6560
v  0.0514 -0.5128 0.6501
v  0.0449 -0.5000 0.6585
v  0.0440 -0.5020 0.6565
v  0.0442 -0.5032 0.6557
v  0.1204 -0.5289 0.6020
v  0.1176 -0.5201 0.6122
v  0.1187 -0.5263 0.5997
v  0.1161 -0.5179 0.6095
v  0.1115 -0.5090 0.6181
v  0.1128 -0.5108 0.6212
v  0.1159 -0.5241 0.5975
v  0.1134 -0.5161 0.6068
v  0.1156 -0.5239 0.5973
v  0.1120 -0.5196 0.5990
v  0.1091 -0.5077 0.6150
v  0.1062 -0.5014 0.6286
v  0.1051 -0.4999 0.6253
v  0.0972 -0.4909 0.6308
v  0.0979 -0.4920 0.6344
v  0.1030 -0.4991 0.6218
v  0.0955 -0.4905 0.6270
v  0.0882 -0.4831 0.6382
v  0.0879 -0.4823 0.6345
v  0.0775 -0.4743 0.6363
v  0.0774 -0.4747 0.6401
v  0.0867 -0.4824 0.6305
v  0.0768 -0.4748 0.6322
v  0.0658 -0.4673 0.6398
v  0.0661 -0.4673 0.6377
v  0.0649 -0.4668 0.6396
v  0.1011 -0.5584 0.6222
v  0.0983 -0.5496 0.6324
v  0.1045 -0.5568 0.6215
v  0.1016 -0.5478 0.6320
v  0.0967 -0.5383 0.6412
v  0.0935 -0.5404 0.6414
v  0.1076 -0.5543 0.6200
v  0.1047 -0.5451 0.6307
v  0.0997 -0.5354 0.6401
v  0.0869 -0.5309 0.6489
v  0.0899 -0.5285 0.6489
v  0.0814 -0.5189 0.6548
v  0.0786 -0.5216 0.6546
v  0.0928 -0.5255 0.6479
v  0.0841 -0.5158 0.6539
v  0.0689 -0.5126 0.6585
v  0.0714 -0.5097 0.6588
v  0.0603 -0.5012 0.6607
v  0.0581 -0.5043 0.6603
v  0.0740 -0.5064 0.6579
v  0.0627 -0.4977 0.6598
v  0.0465 -0.4969 0.6600
v  0.0484 -0.4936 0.6604
v  0.0462 -0.4924 0.6600
v  0.0436 -0.4953 0.6595
v  0.0435 -0.4992 0.6582
v  0.0506 -0.4900 0.6595
v  0.0488 -0.4891 0.6592
v  0.1067 -0.5132 0.6014
v  0.1064 -0.5128 0.6015
v  0.1028 -0.5057 0.6084
v  0.0909 -0.4908 0.6189
v  0.0975 -0.4982 0.6143
v  0.0747 -0.4770 0.6234
v  0.0832 -0.4836 0.6219
v  0.1114 -0.5578 0.6075
v  0.1042 -0.4981 0.6000
v  0.1052 -0.5060 0.6009
v  0.1060 -0.5105 0.6013
v  0.1041 -0.4975 0.5999
v  0.0955 -0.4773 0.6018
v  0.0928 -0.4755 0.6033
v  0.0826 -0.5496 0.6262
v  0.0748 -0.5419 0.6301
v  0.0680 -0.5352 0.6336
v  0.0616 -0.5289 0.6367
v  0.0554 -0.5226 0.6399
v  0.0499 -0.5171 0.6426
v  0.0492 -0.5154 0.6443
v  0.1213 -0.5378 0.5962
v  0.1206 -0.5420 0.5976
v  0.0932 -0.5593 0.6207
v  0.0976 -0.5620 0.6182
v  0.1190 -0.5290 0.5960
v  0.1208 -0.5335 0.5957
v  0.1159 -0.5243 0.5972
v  0.1015 -0.5632 0.6157
v  0.1050 -0.5629 0.6131
v  0.1081 -0.5612 0.6105
v  0.0733 -0.4763 0.6244
v  0.0466 -0.5097 0.6500
v  0.0672 -0.4677 0.6360
v  0.0695 -0.4701 0.6320
v  0.0739 -0.4766 0.6233
v  0.0750 -0.4761 0.6219
# 207 vertices

vn 0.5556 0.7030 -0.4439
vn -0.0185 0.3867 -0.9220
vn 0.0253 0.3430 -0.9390
vn 0.7426 0.6079 -0.2810
vn 0.7208 0.6501 -0.2404
vn 0.5496 0.7147 -0.4326
vn 0.5710 0.7099 -0.4123
vn 0.5788 0.6947 -0.4271
vn 0.6909 0.6929 -0.2063
vn 0.5412 0.7267 -0.4231
vn 0.6531 0.7354 -0.1804
vn 0.5307 0.7385 -0.4159
vn 0.5465 0.7408 -0.3906
vn 0.5601 0.7254 -0.4001
vn 0.6092 0.7761 -0.1627
vn 0.5185 0.7499 -0.4110
vn 0.5601 0.8138 -0.1547
vn 0.5048 0.7604 -0.4087
vn 0.5129 0.7691 -0.3813
vn 0.5306 0.7555 -0.3843
vn -0.2195 0.6842 -0.6955
vn -0.2008 0.7151 -0.6695
vn 0.8713 -0.3069 0.3831
vn 0.3995 -0.6759 -0.6194
vn 0.4424 -0.6063 -0.6609
vn 0.9039 -0.2524 0.3453
vn 0.8690 -0.1412 0.4742
vn 0.8362 -0.1953 0.5124
vn 0.8087 -0.0241 0.5877
vn 0.7758 -0.0779 0.6261
vn 0.7386 -0.1313 0.6612
vn 0.7989 -0.2484 0.5477
vn 0.8338 -0.3596 0.4188
vn 0.7250 0.0954 0.6822
vn 0.6918 0.0419 0.7209
vn 0.6202 0.2136 0.7548
vn 0.5868 0.1604 0.7937
vn 0.5501 0.1064 0.8283
vn 0.6549 -0.0118 0.7557
vn 0.4977 0.3270 0.8034
vn 0.4639 0.2741 0.8424
vn 0.3611 0.4320 0.8264
vn 0.3270 0.3794 0.8655
vn 0.2910 0.3248 0.8999
vn 0.4276 0.2197 0.8769
vn 0.2146 0.5256 0.8232
vn 0.1801 0.4732 0.8623
vn -0.3604 0.6706 0.6483
vn -0.3778 0.6368 0.6721
vn 0.1446 0.4183 0.8967
vn 0.7246 0.4286 0.5397
vn 0.7310 0.4481 0.5146
vn 0.8265 0.3403 0.4484
vn 0.8214 0.3192 0.4726
vn 0.7342 0.4583 0.5009
vn 0.8289 0.3514 0.4353
vn 0.9047 0.2434 0.3498
vn 0.9029 0.2314 0.3622
vn 0.8989 0.2088 0.3852
vn 0.6193 0.5514 0.5589
vn 0.6112 0.5334 0.5847
vn 0.7401 0.2126 0.6380
vn -0.2884 0.9575 0.0019
vn 0.6234 0.5608 0.5449
vn -0.2850 0.9585 0.0018
vn 0.4998 0.6558 0.5657
vn 0.5728 0.3843 -0.7240
vn 0.5081 0.4858 -0.7112
vn 0.7164 0.4061 0.5674
vn 0.1413 0.8499 -0.5076
vn -0.1787 0.9201 -0.3485
vn 0.9530 -0.1433 0.2669
vn 0.9188 -0.0344 0.3932
vn 0.9914 0.0486 0.1214
vn 0.9601 0.1484 0.2372
vn 0.9059 0.2536 0.3391
vn 0.8598 0.0803 0.5043
vn 0.7778 0.1973 0.5968
vn 0.8307 0.3609 0.4239
vn 0.7367 0.4670 0.4891
vn 0.6752 0.3130 0.6679
vn 0.5552 0.4240 0.7155
vn 0.6267 0.5688 0.5327
vn 0.5041 0.6631 0.5534
vn 0.4215 0.5269 0.7381
vn 0.2780 0.6185 0.7349
vn 0.3725 0.7471 0.5505
vn -0.2818 0.7631 0.5817
vn -0.4305 0.9023 0.0233
vn -0.5384 0.8352 0.1120
vn -0.3355 0.7023 0.6279
vn -0.2767 -0.7750 0.5681
vn -0.2843 -0.7511 0.5958
vn -0.4258 -0.7361 0.5261
vn -0.7152 -0.6717 -0.1929
vn -0.7090 -0.6773 -0.1965
vn -0.0143 -0.7855 0.6187
vn -0.0307 -0.7336 0.6789
vn -0.0587 -0.6789 0.7319
vn -0.2972 -0.7259 0.6202
vn -0.4292 -0.7294 0.5327
vn -0.3152 -0.7003 0.6405
vn -0.4341 -0.7225 0.5381
vn -0.0979 -0.6231 0.7760
vn -0.1467 -0.5679 0.8099
vn -0.3377 -0.6748 0.6562
vn -0.4401 -0.7157 0.5423
vn -0.3641 -0.6505 0.6665
vn -0.4471 -0.7092 0.5451
vn -0.2040 -0.5150 0.8325
vn -0.2677 -0.4660 0.8433
vn -0.3934 -0.6279 0.6716
vn -0.4550 -0.7032 0.5464
vn -0.3361 -0.4223 0.8418
vn -0.9485 -0.2776 0.1526
vn -0.9374 -0.3223 0.1320
vn 0.9553 0.2865 -0.0725
vn 0.9302 0.3665 0.0201
vn 0.8256 0.4997 -0.2620
vn 0.8093 0.5517 -0.2018
vn 0.7812 0.6063 -0.1488
vn 0.8869 0.4506 0.1017
vn 0.6780 0.6259 -0.3855
vn 0.6692 0.6539 -0.3531
vn 0.0371 0.3788 -0.9247
vn 0.0293 0.3884 -0.9210
vn 0.6540 0.6833 -0.3245
vn 0.8267 0.5365 0.1695
vn 0.7420 0.6621 -0.1048
vn 0.6931 0.7173 -0.0708
vn 0.7514 0.6214 0.2218
vn 0.6329 0.7134 -0.3008
vn 0.6066 0.7431 -0.2824
vn 0.6634 0.7029 0.2566
vn 0.6359 0.7702 -0.0482
vn 0.5722 0.8193 -0.0374
vn 0.5653 0.7783 0.2732
vn 0.5757 0.7717 -0.2703
vn 0.5414 0.7981 -0.2644
vn 0.4600 0.8456 0.2709
vn -0.2305 0.8937 -0.3849
vn -0.3095 0.9289 -0.2035
vn 0.2934 -0.7263 0.6216
vn 0.2683 -0.6464 0.7142
vn 0.5688 -0.5981 0.5646
vn 0.5375 -0.4982 0.6804
vn 0.4834 -0.3931 0.7822
vn 0.2250 -0.5623 0.7958
vn 0.7486 -0.4560 0.4812
vn 0.7144 -0.3471 0.6075
vn 0.6554 -0.2324 0.7186
vn 0.1648 -0.4764 0.8636
vn 0.4081 -0.2858 0.8670
vn 0.3141 -0.1797 0.9322
vn 0.0896 -0.3914 0.9158
vn 0.5734 -0.1154 0.8111
vn 0.4708 0.0003 0.8822
vn 0.0015 -0.3100 0.9507
vn 0.2041 -0.0779 0.9758
vn 0.0815 0.0164 0.9965
vn -0.0966 -0.2345 0.9673
vn 0.3509 0.1113 0.9298
vn 0.2171 0.2142 0.9524
vn -0.2019 -0.1673 0.9650
vn -0.0501 0.1004 0.9937
vn -0.4871 0.4258 0.7625
vn -0.8829 0.2713 0.3833
vn -0.9150 0.0740 0.3966
vn -0.9486 -0.1565 0.2751
vn 0.0737 0.3058 0.9492
vn -0.4109 0.5630 0.7171
vn 0.3182 0.3210 -0.8920
vn 0.3258 0.2788 -0.9034
vn 0.8993 0.4069 0.1600
vn 0.7545 0.5895 0.2884
vn 0.8350 0.4986 0.2328
vn 0.5554 0.7573 0.3435
vn 0.6604 0.6765 0.3259
vn 0.3558 -0.7403 -0.5704
vn 0.6027 -0.0216 -0.7977
vn 0.5874 0.0188 -0.8091
vn 0.8367 0.1906 0.5134
vn 0.6338 0.1217 -0.7639
vn 0.4156 0.6632 -0.6224
vn 0.2413 0.7793 -0.5783
vn -0.7368 -0.6422 -0.2116
vn -0.7380 -0.6413 -0.2102
vn -0.7393 -0.6401 -0.2092
vn -0.7406 -0.6388 -0.2083
vn -0.7420 -0.6374 -0.2077
vn -0.8645 -0.4634 -0.1946
vn -0.9255 -0.3768 -0.0380
vn 0.5261 -0.2286 -0.8191
vn 0.5028 -0.4670 -0.7274
vn -0.6194 -0.7674 -0.1657
vn -0.4474 -0.8795 -0.1624
vn 0.2864 0.2440 -0.9265
vn 0.4474 0.0409 -0.8934
vn 0.1190 0.3426 -0.9319
vn -0.2012 -0.9551 -0.2175
vn 0.0653 -0.9388 -0.3384
vn 0.2614 -0.8401 -0.4753
vn -0.2713 0.7359 -0.6203
vn -0.9293 -0.3692 0.0019
vn -0.1853 0.8793 -0.4388
vn -0.1888 0.7774 -0.6000
vn 0.7622 0.4211 0.4916
vn -0.3752 0.9269 0.0034
# 208 vertex normals

vt 0.5000 0.0199 0.7724
vt 0.5085 0.0199 0.7725
vt 0.5023 0.0200 0.7520
vt 0.5000 0.0200 0.7519
vt 0.4718 0.0200 0.7522
vt 0.4718 0.0199 0.7727
vt 0.4718 0.0199 0.8051
vt 0.5000 0.0199 0.8048
vt 0.4437 0.0200 0.7532
vt 0.4437 0.0199 0.7737
vt 0.4157 0.0200 0.7547
vt 0.4157 0.0199 0.7752
vt 0.4157 0.0199 0.8077
vt 0.4437 0.0199 0.8061
vt 0.3878 0.0200 0.7564
vt 0.3878 0.0199 0.7770
vt 0.3600 0.0200 0.7583
vt 0.3600 0.0199 0.7790
vt 0.3600 0.0199 0.8116
vt 0.3878 0.0199 0.8096
vt 0.3524 0.0199 0.7795
vt 0.3473 0.0199 0.8125
vt 0.5282 0.0102 0.9869
vt 0.5526 0.0102 0.9880
vt 0.5521 0.0132 0.9854
vt 0.5282 0.0132 0.9843
vt 0.5000 0.0132 0.9839
vt 0.5000 0.0102 0.9865
vt 0.4718 0.0132 0.9843
vt 0.4718 0.0102 0.9869
vt 0.4718 0.0072 0.9843
vt 0.5000 0.0072 0.9839
vt 0.5282 0.0072 0.9843
vt 0.4437 0.0132 0.9856
vt 0.4437 0.0102 0.9882
vt 0.4157 0.0132 0.9875
vt 0.4157 0.0102 0.9901
vt 0.4157 0.0072 0.9875
vt 0.4437 0.0072 0.9856
vt 0.3878 0.0132 0.9898
vt 0.3878 0.0102 0.9925
vt 0.3600 0.0132 0.9923
vt 0.3600 0.0102 0.9949
vt 0.3600 0.0072 0.9923
vt 0.3878 0.0072 0.9898
vt 0.3323 0.0132 0.9946
vt 0.3323 0.0102 0.9973
vt 0.3289 0.0102 0.9975
vt 0.3289 0.0072 0.9949
vt 0.3323 0.0072 0.9946
vt 0.4157 0.0243 0.6889
vt 0.4157 0.0221 0.7183
vt 0.4437 0.0221 0.7169
vt 0.4437 0.0243 0.6875
vt 0.4157 0.0209 0.7357
vt 0.4437 0.0209 0.7343
vt 0.4718 0.0209 0.7333
vt 0.4718 0.0221 0.7160
vt 0.4718 0.0243 0.6867
vt 0.3878 0.0221 0.7200
vt 0.3878 0.0243 0.6905
vt 0.3721 0.0243 0.6915
vt 0.3640 0.0221 0.7215
vt 0.3878 0.0209 0.7374
vt 0.3600 0.0210 0.7376
vt 0.3600 0.0209 0.7393
vt 0.4437 0.0272 0.6519
vt 0.4223 0.0280 0.6437
vt 0.4157 0.0280 0.6439
vt 0.3878 0.0276 0.6503
vt 0.3832 0.0272 0.6552
vt 0.5282 0.0154 0.9765
vt 0.5000 0.0154 0.9761
vt 0.5282 0.0170 0.9608
vt 0.5000 0.0170 0.9604
vt 0.4718 0.0170 0.9608
vt 0.4718 0.0154 0.9765
vt 0.4437 0.0154 0.9777
vt 0.4437 0.0170 0.9620
vt 0.4157 0.0170 0.9638
vt 0.4157 0.0154 0.9796
vt 0.3878 0.0154 0.9819
vt 0.3878 0.0170 0.9661
vt 0.3600 0.0170 0.9685
vt 0.3600 0.0154 0.9844
vt 0.3323 0.0154 0.9867
vt 0.3323 0.0170 0.9708
vt 0.3278 0.0154 0.9870
vt 0.3273 0.0170 0.9712
vt 0.3268 0.0166 0.9749
vt 0.3285 0.0132 0.9949
vt 0.5282 0.0009 0.8508
vt 0.5000 0.0009 0.8504
vt 0.5000 0.0006 0.7650
vt 0.5075 0.0006 0.7651
vt 0.5282 0.0008 0.8420
vt 0.5282 0.0014 0.8979
vt 0.5000 0.0014 0.8975
vt 0.4718 0.0014 0.8979
vt 0.4718 0.0009 0.8508
vt 0.4718 0.0006 0.7653
vt 0.4437 0.0009 0.8519
vt 0.4437 0.0006 0.7663
vt 0.4437 0.0014 0.8991
vt 0.4157 0.0014 0.9008
vt 0.4157 0.0009 0.8535
vt 0.4157 0.0006 0.7678
vt 0.3878 0.0009 0.8555
vt 0.3878 0.0006 0.7696
vt 0.3878 0.0014 0.9029
vt 0.3600 0.0014 0.9052
vt 0.3600 0.0009 0.8577
vt 0.3600 0.0006 0.7715
vt 0.3323 0.0014 0.9073
vt 0.3323 0.0010 0.8732
vt 0.3340 0.0009 0.8596
vt 0.5282 0.0182 0.9346
vt 0.5000 0.0182 0.9342
vt 0.5282 0.0191 0.8979
vt 0.5000 0.0191 0.8975
vt 0.4718 0.0191 0.8979
vt 0.4718 0.0182 0.9346
vt 0.5282 0.0196 0.8508
vt 0.5000 0.0196 0.8504
vt 0.5282 0.0196 0.8463
vt 0.5176 0.0199 0.8050
vt 0.4718 0.0196 0.8508
vt 0.4437 0.0182 0.9358
vt 0.4437 0.0191 0.8991
vt 0.4157 0.0191 0.9008
vt 0.4157 0.0182 0.9376
vt 0.4437 0.0196 0.8519
vt 0.4157 0.0196 0.8535
vt 0.3878 0.0182 0.9398
vt 0.3878 0.0191 0.9029
vt 0.3600 0.0191 0.9052
vt 0.3600 0.0182 0.9422
vt 0.3878 0.0196 0.8555
vt 0.3600 0.0196 0.8577
vt 0.3323 0.0182 0.9444
vt 0.3323 0.0187 0.9241
vt 0.3302 0.0182 0.9445
vt 0.5282 0.0023 0.9346
vt 0.5000 0.0023 0.9342
vt 0.5282 0.0035 0.9608
vt 0.5000 0.0035 0.9604
vt 0.4718 0.0035 0.9608
vt 0.4718 0.0023 0.9346
vt 0.5282 0.0051 0.9765
vt 0.5000 0.0051 0.9761
vt 0.4718 0.0051 0.9765
vt 0.4437 0.0023 0.9358
vt 0.4437 0.0035 0.9620
vt 0.4157 0.0035 0.9638
vt 0.4157 0.0023 0.9376
vt 0.4437 0.0051 0.9777
vt 0.4157 0.0051 0.9796
vt 0.3878 0.0023 0.9398
vt 0.3878 0.0035 0.9661
vt 0.3600 0.0035 0.9685
vt 0.3600 0.0023 0.9422
vt 0.3878 0.0051 0.9819
vt 0.3600 0.0051 0.9844
vt 0.3323 0.0023 0.9444
vt 0.3323 0.0035 0.9708
vt 0.3274 0.0035 0.9711
vt 0.3255 0.0023 0.9453
vt 0.3255 0.0023 0.9448
vt 0.3289 0.0014 0.9075
vt 0.3323 0.0051 0.9867
vt 0.3285 0.0051 0.9869
vt 0.5000 0.0202 0.7446
vt 0.4989 0.0203 0.7420
vt 0.4718 0.0203 0.7423
vt 0.4157 0.0203 0.7446
vt 0.4437 0.0203 0.7432
vt 0.3600 0.0203 0.7483
vt 0.3878 0.0203 0.7464
vt 0.5523 0.0072 0.9854
vt 0.4730 0.0243 0.6867
vt 0.4872 0.0221 0.7158
vt 0.4950 0.0209 0.7331
vt 0.4718 0.0245 0.6843
vt 0.4157 0.0283 0.6411
vt 0.4052 0.0280 0.6445
vt 0.5000 0.0006 0.7406
vt 0.4718 0.0005 0.6799
vt 0.4437 0.0005 0.6473
vt 0.4157 0.0005 0.6364
vt 0.3878 0.0005 0.6455
vt 0.3650 0.0005 0.6703
vt 0.3600 0.0005 0.6909
vt 0.5484 0.0170 0.9616
vt 0.5508 0.0154 0.9775
vt 0.5299 0.0009 0.8509
vt 0.5386 0.0014 0.8984
vt 0.5379 0.0191 0.8983
vt 0.5442 0.0182 0.9353
vt 0.5291 0.0196 0.8508
vt 0.5448 0.0023 0.9353
vt 0.5489 0.0035 0.9617
vt 0.5512 0.0051 0.9775
vt 0.7162 0.4639 0.2574
vt 0.7078 0.4643 0.2523
vt 0.6776 0.4647 0.2340
vt 0.6484 0.4647 0.2164
vt 0.6598 0.4649 0.2232
vt 0.6113 0.4639 0.1941
vt 0.5594 0.4612 0.1630
vt 0.5571 0.4610 0.1616
vt 0.5283 0.4588 0.1444
vt 0.4798 0.4566 0.1154
vt 0.4564 0.4565 0.1012
vt 0.4265 0.4563 0.0832
vt 0.3741 0.4548 0.0517
vt 0.4238 0.4563 0.0816
vt 0.3959 0.4557 0.0648
vt 0.4946 0.4567 0.1243
vt 0.5590 0.4372 0.1651
vt 0.3585 0.4536 0.0424
vt 0.3491 0.4520 0.0368
vt 0.3423 0.4469 0.0333
vt 0.3442 0.4499 0.0341
vt 0.3435 0.4439 0.0343
vt 0.3479 0.4417 0.0372
vt 0.3723 0.4389 0.0522
vt 0.3570 0.4401 0.0428
vt 0.3939 0.4380 0.0653
vt 0.4217 0.4375 0.0822
vt 0.4269 0.4375 0.0853
vt 0.4824 0.4372 0.1188
vt 0.5000 0.4372 0.1295
vt 0.5000 0.4569 0.1275
vt 0.5025 0.4569 0.1290
vt 0.5113 0.4576 0.1343
vt 0.6105 0.4372 0.1962
vt 0.6586 0.4372 0.2253
vt 0.7063 0.4372 0.2541
vt 0.7477 0.4372 0.2791
vt 0.3559 0.0200 0.7586
vt 0.3460 0.0006 0.7724
vt 0.3345 0.0191 0.9072
vt 0.3407 0.0196 0.8591
vt 0.3578 0.0203 0.7484
vt 0.3596 0.0209 0.7393
vt 0.7266 0.4401 0.0776
vt 0.7333 0.4417 0.0721
vt 0.7364 0.4439 0.0692
vt 0.7259 0.4532 0.0753
vt 0.7370 0.4469 0.0681
vt 0.7353 0.4499 0.0687
vt 0.7314 0.4520 0.0712
vt 0.7154 0.4389 0.0865
vt 0.9247 0.4532 0.2741
vt 0.9225 0.4536 0.2737
vt 0.9074 0.4548 0.2722
vt 0.9132 0.4389 0.2846
vt 0.8960 0.4553 0.2713
vt 0.8854 0.4557 0.2706
vt 0.8556 0.4563 0.2690
vt 0.8269 0.4565 0.2676
vt 0.8065 0.4566 0.2667
vt 0.7445 0.4610 0.2608
vt 0.7679 0.4588 0.2634
vt 0.7803 0.4577 0.2648
vt 0.7814 0.4576 0.2649
vt 0.7873 0.4569 0.2656
vt 0.7937 0.4567 0.2661
vt 0.7625 0.4372 0.2797
vt 0.8125 0.4372 0.2817
vt 0.8659 0.4375 0.2837
vt 0.8742 0.4376 0.2839
vt 0.8930 0.4380 0.2844
vt 0.9135 0.4389 0.2846
# 274 texture coords

o Cylinder001_frag_008
g Cylinder001_frag_008
usemtl wire_088144225
s 2
f 1/1/1 2/2/2 3/3/3 4/4/4 
f 4/4/4 5/5/5 6/6/6 1/1/1 
f 7/7/7 8/8/8 1/1/1 6/6/6 
f 5/5/5 9/9/9 10/10/10 6/6/6 
f 9/9/9 11/11/11 12/12/12 10/10/10 
f 13/13/13 14/14/14 10/10/10 12/12/12 
f 14/14/14 7/7/7 6/6/6 10/10/10 
f 11/11/11 15/15/15 16/16/16 12/12/12 
f 15/15/15 17/17/17 18/18/18 16/16/16 
f 19/19/19 20/20/20 16/16/16 18/18/18 
f 20/20/20 13/13/13 12/12/12 16/16/16 
f 21/21/21 22/22/22 19/19/19 18/18/18 
f 23/23/23 24/24/24 25/25/25 26/26/26 
f 26/26/26 27/27/27 28/28/28 23/23/23 
f 27/27/27 29/29/29 30/30/30 28/28/28 
f 31/31/31 32/32/32 28/28/28 30/30/30 
f 32/32/32 33/33/33 23/23/23 28/28/28 
f 29/29/29 34/34/34 35/35/35 30/30/30 
f 34/34/34 36/36/36 37/37/37 35/35/35 
f 38/38/38 39/39/39 35/35/35 37/37/37 
f 39/39/39 31/31/31 30/30/30 35/35/35 
f 36/36/36 40/40/40 41/41/41 37/37/37 
f 40/40/40 42/42/42 43/43/43 41/41/41 
f 44/44/44 45/45/45 41/41/41 43/43/43 
f 45/45/45 38/38/38 37/37/37 41/41/41 
f 42/42/42 46/46/46 47/47/47 43/43/43 
f 48/48/48 49/49/49 50/50/50 47/47/47 
f 50/50/50 44/44/44 43/43/43 47/47/47 
f 51/51/51 52/52/52 53/53/53 54/54/54 
f 52/52/52 55/55/55 56/56/56 53/53/53 
f 57/57/57 58/58/58 53/53/53 56/56/56 
f 58/58/58 59/59/59 54/54/54 53/53/53 
f 60/60/60 61/61/61 62/62/62 63/63/63 
f 64/64/64 60/60/60 63/63/63 65/65/65 
f 64/64/64 65/65/65 66/66/66 
f 55/55/55 52/52/52 60/60/60 64/64/64 
f 52/52/52 51/51/51 61/61/61 60/60/60 
f 54/54/54 67/67/67 68/68/68 69/69/69 
f 54/54/54 69/69/69 51/51/51 
f 61/61/61 70/70/70 71/71/71 62/62/62 
f 26/26/26 72/72/72 73/73/73 27/27/27 
f 72/72/72 74/74/74 75/75/75 73/73/73 
f 76/76/76 77/77/77 73/73/73 75/75/75 
f 77/77/77 29/29/29 27/27/27 73/73/73 
f 29/29/29 77/77/77 78/78/78 34/34/34 
f 77/77/77 76/76/76 79/79/79 78/78/78 
f 80/80/80 81/81/81 78/78/78 79/79/79 
f 81/81/81 36/36/36 34/34/34 78/78/78 
f 36/36/36 81/81/81 82/82/82 40/40/40 
f 81/81/81 80/80/80 83/83/83 82/82/82 
f 84/84/84 85/85/85 82/82/82 83/83/83 
f 85/85/85 42/42/42 40/40/40 82/82/82 
f 42/42/42 85/85/85 86/86/86 46/46/46 
f 85/85/85 84/84/84 87/87/87 86/86/86 
f 88/88/88 86/86/86 87/87/87 89/89/89 
f 88/88/88 89/89/89 90/90/90 
f 86/86/86 88/88/88 91/91/91 46/46/46 
f 92/92/92 93/93/93 94/94/94 95/95/95 
f 92/92/92 95/95/95 96/96/96 
f 92/92/92 97/97/97 98/98/98 93/93/93 
f 99/99/99 100/100/100 93/93/93 98/98/98 
f 100/100/100 101/101/101 94/94/94 93/93/93 
f 101/101/101 100/100/100 102/102/102 103/103/103 
f 100/100/100 99/99/99 104/104/104 102/102/102 
f 105/105/105 106/106/106 102/102/102 104/104/104 
f 106/106/106 107/107/107 103/103/103 102/102/102 
f 107/107/107 106/106/106 108/108/108 109/109/109 
f 106/106/106 105/105/105 110/110/110 108/108/108 
f 111/111/111 112/112/112 108/108/108 110/110/110 
f 112/112/112 113/113/113 109/109/109 108/108/108 
f 114/114/114 115/115/115 116/116/116 112/112/112 
f 114/114/114 112/112/112 111/111/111 
f 74/74/74 117/117/117 118/118/118 75/75/75 
f 117/117/117 119/119/119 120/120/120 118/118/118 
f 121/121/121 122/122/122 118/118/118 120/120/120 
f 122/122/122 76/76/76 75/75/75 118/118/118 
f 119/119/119 123/123/123 124/124/124 120/120/120 
f 123/123/123 125/125/125 126/126/126 8/8/8 
f 123/123/123 8/8/8 124/124/124 
f 7/7/7 127/127/127 124/124/124 8/8/8 
f 127/127/127 121/121/121 120/120/120 124/124/124 
f 76/76/76 122/122/122 128/128/128 79/79/79 
f 122/122/122 121/121/121 129/129/129 128/128/128 
f 130/130/130 131/131/131 128/128/128 129/129/129 
f 131/131/131 80/80/80 79/79/79 128/128/128 
f 121/121/121 127/127/127 132/132/132 129/129/129 
f 127/127/127 7/7/7 14/14/14 132/132/132 
f 13/13/13 133/133/133 132/132/132 14/14/14 
f 133/133/133 130/130/130 129/129/129 132/132/132 
f 80/80/80 131/131/131 134/134/134 83/83/83 
f 131/131/131 130/130/130 135/135/135 134/134/134 
f 136/136/136 137/137/137 134/134/134 135/135/135 
f 137/137/137 84/84/84 83/83/83 134/134/134 
f 130/130/130 133/133/133 138/138/138 135/135/135 
f 133/133/133 13/13/13 20/20/20 138/138/138 
f 19/19/19 139/139/139 138/138/138 20/20/20 
f 139/139/139 136/136/136 135/135/135 138/138/138 
f 84/84/84 137/137/137 140/140/140 87/87/87 
f 140/140/140 141/141/141 142/142/142 
f 87/87/87 140/140/140 142/142/142 89/89/89 
f 97/97/97 143/143/143 144/144/144 98/98/98 
f 143/143/143 145/145/145 146/146/146 144/144/144 
f 147/147/147 148/148/148 144/144/144 146/146/146 
f 148/148/148 99/99/99 98/98/98 144/144/144 
f 145/145/145 149/149/149 150/150/150 146/146/146 
f 149/149/149 33/33/33 32/32/32 150/150/150 
f 31/31/31 151/151/151 150/150/150 32/32/32 
f 151/151/151 147/147/147 146/146/146 150/150/150 
f 99/99/99 148/148/148 152/152/152 104/104/104 
f 148/148/148 147/147/147 153/153/153 152/152/152 
f 154/154/154 155/155/155 152/152/152 153/153/153 
f 155/155/155 105/105/105 104/104/104 152/152/152 
f 147/147/147 151/151/151 156/156/156 153/153/153 
f 151/151/151 31/31/31 39/39/39 156/156/156 
f 38/38/38 157/157/157 156/156/156 39/39/39 
f 157/157/157 154/154/154 153/153/153 156/156/156 
f 105/105/105 155/155/155 158/158/158 110/110/110 
f 155/155/155 154/154/154 159/159/159 158/158/158 
f 160/160/160 161/161/161 158/158/158 159/159/159 
f 161/161/161 111/111/111 110/110/110 158/158/158 
f 154/154/154 157/157/157 162/162/162 159/159/159 
f 157/157/157 38/38/38 45/45/45 162/162/162 
f 44/44/44 163/163/163 162/162/162 45/45/45 
f 163/163/163 160/160/160 159/159/159 162/162/162 
f 111/111/111 161/161/161 164/164/164 114/114/114 
f 161/161/161 160/160/160 165/165/165 164/164/164 
f 166/166/166 167/167/167 167/168/168 164/164/164 
f 166/166/166 164/164/164 165/165/165 
f 164/164/164 167/168/168 168/169/169 114/114/114 
f 160/160/160 163/163/163 169/170/170 165/165/165 
f 163/163/163 44/44/44 50/50/50 169/170/170 
f 169/170/170 50/50/50 49/49/49 170/171/171 
f 165/165/165 169/170/170 170/171/171 166/166/166 
f 4/4/4 171/172/172 172/173/173 173/174/174 
f 4/4/4 173/174/174 5/5/5 
f 55/55/55 174/175/175 175/176/176 56/56/56 
f 174/175/175 11/11/11 9/9/9 175/176/176 
f 5/5/5 173/174/174 175/176/176 9/9/9 
f 173/174/174 57/57/57 56/56/56 175/176/176 
f 66/66/66 176/177/177 177/178/178 64/64/64 
f 176/177/177 17/17/17 15/15/15 177/178/178 
f 11/11/11 174/175/175 177/178/178 15/15/15 
f 174/175/175 55/55/55 64/64/64 177/178/178 
f 2/2/2 1/1/1 8/8/8 126/126/126 
f 23/23/23 33/33/33 178/179/179 24/24/24 
f 179/180/180 59/59/59 58/58/58 180/181/181 
f 180/181/181 58/58/58 57/57/57 181/182/182 
f 182/183/183 59/59/59 179/180/180 
f 183/184/184 69/69/69 68/68/68 
f 54/54/54 59/59/59 182/183/183 67/67/67 
f 184/185/185 70/70/70 61/61/61 51/51/51 
f 184/185/185 51/51/51 69/69/69 
f 184/185/185 69/69/69 183/184/184 
f 95/95/95 94/94/94 185/186/186 
f 185/186/186 94/94/94 101/101/101 186/187/187 
f 186/187/187 101/101/101 103/103/103 187/188/188 
f 187/188/188 103/103/103 107/107/107 188/189/189 
f 107/107/107 109/109/109 189/190/190 188/189/189 
f 190/191/191 189/190/190 109/109/109 113/113/113 
f 190/191/191 113/113/113 191/192/192 
f 192/193/193 74/74/74 72/72/72 193/194/194 
f 193/194/194 72/72/72 26/26/26 25/25/25 
f 97/97/97 92/92/92 194/195/195 195/196/196 
f 194/195/195 92/92/92 96/96/96 
f 196/197/197 119/119/119 117/117/117 197/198/198 
f 197/198/198 117/117/117 74/74/74 192/193/193 
f 125/125/125 123/123/123 198/199/199 
f 198/199/199 123/123/123 119/119/119 196/197/197 
f 145/145/145 143/143/143 199/200/200 200/201/201 
f 143/143/143 97/97/97 195/196/196 199/200/200 
f 33/33/33 149/149/149 201/202/202 178/179/179 
f 149/149/149 145/145/145 200/201/201 201/202/202 
f 181/182/182 57/57/57 173/174/174 172/173/173 
f 171/172/172 4/4/4 3/3/3 
s off
f 71/203/71 70/204/70 184/205/185 68/206/68 
f 184/205/185 183/207/184 68/206/68 
f 68/206/68 67/208/67 182/209/183 179/210/180 
f 71/203/71 68/206/68 179/210/180 180/211/181 
f 2/212/2 126/213/126 125/214/125 197/215/198 
f 198/216/199 196/217/197 197/215/198 125/214/125 
f 3/218/3 2/212/2 197/215/198 186/219/187 
f 197/215/198 192/220/193 193/221/194 24/222/24 
f 193/221/194 25/223/25 24/222/24 
f 24/222/24 178/224/179 201/225/202 199/226/200 
f 201/225/202 200/227/201 199/226/200 
f 197/215/198 24/222/24 199/226/200 186/219/187 
f 199/226/200 195/228/196 194/229/195 96/230/96 
f 96/230/96 95/231/95 185/232/186 186/219/187 
f 199/226/200 96/230/96 186/219/187 
f 171/233/172 3/218/3 186/219/187 172/234/173 
f 181/235/182 172/234/173 186/219/187 180/211/181 
f 71/203/71 180/211/181 186/219/187 187/236/188 
f 71/203/71 187/236/188 188/237/189 189/238/190 
f 71/203/71 189/238/190 190/239/191 
s 2
f 48/48/48 47/47/47 46/46/46 91/91/91 
f 18/18/18 17/17/17 202/240/203 21/21/21 
f 203/241/204 113/113/113 112/112/112 116/116/116 
f 115/115/115 114/114/114 168/169/169 
f 204/242/205 141/141/141 140/140/140 137/137/137 
f 204/242/205 137/137/137 136/136/136 
f 136/136/136 139/139/139 205/243/206 204/242/205 
f 139/139/139 19/19/19 22/22/22 205/243/206 
f 17/17/17 176/177/177 206/244/207 202/240/203 
f 207/245/208 206/244/207 176/177/177 66/66/66 
f 207/245/208 66/66/66 65/65/65 
f 191/192/192 113/113/113 203/241/204 
s off
f 166/246/166 170/247/171 49/248/49 90/249/90 
f 49/248/49 48/250/48 91/251/91 90/249/90 
f 91/251/91 88/252/88 90/249/90 
f 166/246/166 90/249/90 167/253/167 
f 90/254/90 89/255/89 142/256/142 167/257/168 
f 141/258/141 204/259/205 205/260/206 142/256/142 
f 205/260/206 22/261/22 21/262/21 190/239/191 
f 62/263/62 71/203/71 190/239/191 63/264/63 
f 65/265/65 63/264/63 190/239/191 207/266/208 
f 206/267/207 207/266/208 190/239/191 202/268/203 
f 21/262/21 202/268/203 190/239/191 
f 191/269/192 203/270/204 116/271/116 190/239/191 
f 115/272/115 168/273/169 167/257/168 116/271/116 
f 190/239/191 116/271/116 167/257/168 205/260/206 
f 142/256/142 205/260/206 167/257/168 
f 90/254/90 167/257/168 167/274/167 
# 190 polygons - 32 triangles

#
# object Cylinder001_frag_009
#

v  0.0443 -0.4734 0.6513
v  0.0554 -0.4792 0.6534
v  0.0588 -0.4737 0.6494
v  0.0479 -0.4680 0.6473
v  0.0352 -0.4628 0.6428
v  0.0315 -0.4682 0.6467
v  0.0233 -0.4658 0.6424
v  0.0198 -0.4715 0.6461
v  0.0279 -0.4739 0.6504
v  0.0407 -0.4791 0.6549
v  0.0505 -0.4643 0.6440
v  0.0379 -0.4592 0.6395
v  0.0524 -0.4621 0.6409
v  0.0400 -0.4571 0.6365
v  0.0351 -0.4556 0.6339
v  0.0312 -0.4572 0.6360
v  0.0275 -0.4605 0.6387
v  0.0538 -0.4611 0.6375
v  0.0417 -0.4561 0.6332
v  0.0425 -0.4563 0.6313
v  0.0397 -0.4555 0.6321
v  0.0224 -0.4857 0.6534
v  0.0219 -0.4887 0.6523
v  0.0225 -0.4895 0.6524
v  0.0334 -0.4940 0.6563
v  0.0345 -0.4906 0.6577
v  0.0361 -0.4871 0.6580
v  0.0237 -0.4820 0.6536
v  0.0177 -0.4803 0.6504
v  0.0192 -0.4847 0.6517
v  0.0380 -0.4834 0.6571
v  0.0254 -0.4783 0.6526
v  0.0179 -0.4761 0.6487
v  0.0518 -0.4848 0.6570
v  0.0610 -0.4698 0.6460
v  0.0435 -0.4953 0.6595
v  0.0436 -0.4953 0.6595
v  0.0462 -0.4924 0.6600
v  0.0488 -0.4891 0.6592
v  0.0619 -0.4678 0.6435
v  0.0292 -0.4957 0.6524
v  0.0326 -0.4971 0.6536
v  0.0458 -0.4575 0.6306
v  0.0548 -0.4612 0.6338
v  0.0551 -0.4618 0.6317
v  0.0529 -0.4613 0.6294
v  0.0313 -0.4973 0.6523
v  0.0619 -0.4671 0.6427
v  0.0331 -0.4974 0.6537
v  0.0387 -0.4967 0.6573
v  0.0574 -0.4625 0.6343
v  0.0604 -0.4645 0.6388
v  0.0326 -0.4974 0.6533
# 53 vertices

vn 0.0277 0.5527 0.8329
vn 0.8031 -0.1080 0.5860
vn 0.8328 -0.0548 0.5509
vn 0.0627 0.6048 0.7939
vn -0.0901 0.6672 0.7394
vn -0.1255 0.6153 0.7782
vn -0.8607 0.4651 -0.2070
vn -0.9130 0.3800 -0.1482
vn -0.1602 0.5600 0.8129
vn -0.0074 0.4975 0.8674
vn 0.1293 0.6961 0.7062
vn -0.0203 0.7572 0.6528
vn 0.2361 0.8182 0.5242
vn 0.0990 0.8743 0.4753
vn -0.4433 0.7364 -0.5111
vn -0.6675 0.6542 -0.3555
vn -0.7979 0.5435 -0.2608
vn 0.3508 0.9025 0.2499
vn 0.2410 0.9474 0.2107
vn 0.0035 0.5951 -0.8037
vn -0.1975 0.7046 -0.6815
vn -0.4209 -0.0655 0.9048
vn -0.7948 -0.6068 0.0053
vn -0.7635 -0.6458 0.0072
vn -0.4070 -0.3853 0.8282
vn -0.3111 -0.1104 0.9440
vn -0.1865 0.1715 0.9674
vn -0.3236 0.2276 0.9184
vn -0.9967 -0.0710 0.0386
vn -0.9250 -0.3766 0.0495
vn -0.0751 0.3833 0.9206
vn -0.2247 0.4445 0.8671
vn -0.9760 0.2116 -0.0522
vn 0.7672 -0.1573 0.6218
vn 0.8796 0.0422 0.4739
vn 0.2663 -0.8418 0.4696
vn 0.4069 -0.7740 0.4852
vn 0.5594 -0.4252 0.7115
vn 0.6909 -0.2524 0.6775
vn 0.9924 0.0504 0.1125
vn -0.6665 -0.7356 -0.1210
vn -0.4575 -0.5908 0.6646
vn 0.0468 0.5774 -0.8151
vn 0.4328 0.8999 -0.0525
vn 0.7383 0.1805 -0.6499
vn 0.3920 0.1637 -0.9053
vn -0.2565 -0.9209 -0.2935
vn 0.9864 0.1643 0.0055
vn 0.0162 -0.9935 0.1126
vn 0.0983 -0.9515 0.2916
vn 0.8331 0.2382 -0.4992
vn 0.9295 0.2534 -0.2681
vn -0.0092 -0.9998 -0.0175
# 53 vertex normals

vt 0.3048 0.0102 0.9992
vt 0.3289 0.0102 0.9975
vt 0.3285 0.0132 0.9949
vt 0.3048 0.0132 0.9965
vt 0.2774 0.0132 0.9977
vt 0.2774 0.0102 1.0004
vt 0.2593 0.0102 1.0007
vt 0.2594 0.0072 0.9980
vt 0.2774 0.0072 0.9977
vt 0.3048 0.0072 0.9965
vt 0.3048 0.0154 0.9886
vt 0.2774 0.0154 0.9898
vt 0.3048 0.0170 0.9727
vt 0.2774 0.0170 0.9739
vt 0.2663 0.0170 0.9740
vt 0.2625 0.0154 0.9900
vt 0.2604 0.0132 0.9980
vt 0.3048 0.0182 0.9462
vt 0.2774 0.0182 0.9473
vt 0.2774 0.0186 0.9280
vt 0.2726 0.0182 0.9474
vt 0.2774 0.0023 0.9473
vt 0.2774 0.0015 0.9154
vt 0.2791 0.0014 0.9101
vt 0.3048 0.0014 0.9090
vt 0.3048 0.0023 0.9462
vt 0.3048 0.0035 0.9727
vt 0.2774 0.0035 0.9739
vt 0.2639 0.0035 0.9741
vt 0.2698 0.0023 0.9474
vt 0.3048 0.0051 0.9886
vt 0.2774 0.0051 0.9898
vt 0.2607 0.0051 0.9900
vt 0.3289 0.0072 0.9949
vt 0.3278 0.0154 0.9870
vt 0.3254 0.0023 0.9448
vt 0.3255 0.0023 0.9453
vt 0.3274 0.0035 0.9711
vt 0.3285 0.0051 0.9869
vt 0.2636 0.4439 0.0692
vt 0.2667 0.4417 0.0721
vt 0.2734 0.4401 0.0776
vt 0.2741 0.4532 0.0752
vt 0.2846 0.4389 0.0865
vt 0.2686 0.4520 0.0712
vt 0.2647 0.4499 0.0687
vt 0.2630 0.4469 0.0681
vt 0.2962 0.0009 0.8617
vt 0.3048 0.0009 0.8613
vt 0.2836 0.0191 0.9099
vt 0.3048 0.0191 0.9090
vt 0.3048 0.0193 0.8837
vt 0.2991 0.0195 0.8671
vt 0.3770 0.4375 0.0942
vt 0.4172 0.4380 0.0591
vt 0.4216 0.4381 0.0553
vt 0.3688 0.4562 0.0936
vt 0.4415 0.4389 0.0378
vt 0.4576 0.4401 0.0233
vt 0.4708 0.4439 0.0104
vt 0.4669 0.4417 0.0146
vt 0.4709 0.4469 0.0090
vt 0.4676 0.4499 0.0106
vt 0.4505 0.4536 0.0239
vt 0.4614 0.4520 0.0151
vt 0.4330 0.4548 0.0386
vt 0.4205 0.4553 0.0492
vt 0.4050 0.4557 0.0624
vt 0.3650 0.4375 0.1046
vt 0.3268 0.0166 0.9749
vt 0.3259 0.0170 0.9712
vt 0.3061 0.0009 0.8613
vt 0.3175 0.0014 0.9082
vt 0.3111 0.0191 0.9086
vt 0.3199 0.0182 0.9452
vt 0.3048 0.0008 0.8564
vt 0.3017 0.0008 0.8473
vt 0.3553 0.4375 0.1025
vt 0.3507 0.4560 0.0898
vt 0.3302 0.4557 0.0856
vt 0.2998 0.4548 0.0797
vt 0.2850 0.4389 0.0866
vt 0.2775 0.4536 0.0757
vt 0.3514 0.4375 0.1017
vt 0.3138 0.4380 0.0933
# 85 texture coords

o Cylinder001_frag_009
g Cylinder001_frag_009
usemtl wire_171252143
s 2
f 208/275/209 209/276/210 210/277/211 211/278/212 
f 211/278/212 212/279/213 213/280/214 208/275/209 
f 214/281/215 215/282/216 216/283/217 213/280/214 
f 216/283/217 217/284/218 208/275/209 213/280/214 
f 211/278/212 218/285/219 219/286/220 212/279/213 
f 218/285/219 220/287/221 221/288/222 219/286/220 
f 219/286/220 221/288/222 222/289/223 223/290/224 
f 212/279/213 219/286/220 223/290/224 224/291/225 
f 220/287/221 225/292/226 226/293/227 221/288/222 
f 226/293/227 227/294/228 228/295/229 
f 221/288/222 226/293/227 228/295/229 222/289/223 
f 229/296/230 230/297/231 231/298/232 232/299/233 
f 229/296/230 232/299/233 233/300/234 
f 233/300/234 234/301/235 235/302/236 229/296/230 
f 235/302/236 236/303/237 237/304/238 229/296/230 
f 234/301/235 238/305/239 239/306/240 235/302/236 
f 238/305/239 217/284/218 216/283/217 239/306/240 
f 216/283/217 215/282/216 240/307/241 239/306/240 
f 239/306/240 240/307/241 236/303/237 235/302/236 
f 208/275/209 217/284/218 241/308/242 209/276/210 
f 242/309/243 218/285/219 211/278/212 210/277/211 
f 234/301/235 233/300/234 243/310/244 244/311/245 
f 234/301/235 244/311/245 245/312/246 
f 217/284/218 238/305/239 246/313/247 241/308/242 
f 238/305/239 234/301/235 245/312/246 246/313/247 
s off
f 241/314/242 246/315/247 245/316/246 247/317/248 
f 245/316/246 244/318/245 247/317/248 
f 247/317/248 242/319/243 210/320/211 241/314/242 
f 241/314/242 210/320/211 209/321/210 
s 2
f 213/280/214 212/279/213 224/291/225 214/281/215 
f 248/322/249 249/323/250 232/299/233 231/298/232 
f 250/324/251 227/294/228 226/293/227 225/292/226 
f 250/324/251 225/292/226 251/325/252 
f 251/325/252 252/326/253 253/327/254 250/324/251 
f 230/297/231 229/296/230 237/304/238 
s off
f 248/328/249 231/329/232 230/330/231 253/331/254 
f 230/330/231 237/332/238 236/333/237 215/334/216 
f 236/333/237 240/335/241 215/334/216 
f 215/334/216 214/336/215 224/337/225 222/338/223 
f 224/337/225 223/339/224 222/338/223 
f 222/338/223 228/340/229 227/341/228 253/331/254 
f 227/341/228 250/342/251 253/331/254 
f 215/334/216 222/338/223 253/331/254 230/330/231 
f 248/328/249 253/331/254 254/343/255 
s 2
f 247/344/248 255/345/256 220/287/221 218/285/219 
f 247/344/248 218/285/219 242/309/243 
f 232/299/233 249/323/250 256/346/257 257/347/258 
f 258/348/259 251/325/252 225/292/226 259/349/260 
f 259/349/260 225/292/226 220/287/221 255/345/256 
f 252/326/253 251/325/252 258/348/259 
f 233/300/234 232/299/233 257/347/258 243/310/244 
f 256/346/257 249/323/250 260/350/261 
f 260/350/261 249/323/250 248/322/249 254/351/255 
s off
f 260/352/261 254/343/255 253/331/254 252/353/253 
f 252/353/253 258/354/259 259/355/260 243/356/244 
f 259/355/260 255/357/256 247/317/248 243/356/244 
f 247/317/248 244/318/245 243/356/244 
f 260/352/261 252/353/253 243/356/244 256/358/257 
f 243/356/244 257/359/258 256/358/257 
# 43 polygons - 16 triangles

#
# object Cylinder001_frag_010
#

v  0.0701 -0.4213 0.5593
v  0.0742 -0.4220 0.5622
v  0.0785 -0.4122 0.5511
v  0.0779 -0.4121 0.5507
v  0.0729 -0.4120 0.5460
v  0.0647 -0.4212 0.5544
v  0.0564 -0.4300 0.5629
v  0.0621 -0.4302 0.5681
v  0.0684 -0.4127 0.5408
v  0.0600 -0.4219 0.5488
v  0.0648 -0.4142 0.5351
v  0.0562 -0.4235 0.5429
v  0.0474 -0.4325 0.5506
v  0.0515 -0.4308 0.5570
v  0.0620 -0.4165 0.5292
v  0.0533 -0.4259 0.5366
v  0.0514 -0.4290 0.5303
v  0.0608 -0.4185 0.5251
v  0.0567 -0.4233 0.5261
v  0.0423 -0.4383 0.5373
v  0.0443 -0.4350 0.5440
v  0.0512 -0.4302 0.5284
v  0.0417 -0.4417 0.5317
v  0.0456 -0.4613 0.6203
v  0.0521 -0.4640 0.6226
v  0.0519 -0.4647 0.6210
v  0.0459 -0.4622 0.6189
v  0.0364 -0.4594 0.6139
v  0.0358 -0.4584 0.6152
v  0.0350 -0.4568 0.6172
v  0.0451 -0.4598 0.6225
v  0.0275 -0.4579 0.6076
v  0.0266 -0.4569 0.6087
v  0.0193 -0.4577 0.6001
v  0.0183 -0.4566 0.6010
v  0.0167 -0.4549 0.6024
v  0.0254 -0.4552 0.6105
v  0.0122 -0.4588 0.5917
v  0.0110 -0.4578 0.5924
v  0.0064 -0.4612 0.5826
v  0.0050 -0.4603 0.5830
v  0.0028 -0.4587 0.5837
v  0.0091 -0.4561 0.5934
v  0.0020 -0.4649 0.5731
v  0.0005 -0.4640 0.5733
v  -0.0008 -0.4696 0.5635
v  -0.0024 -0.4689 0.5634
v  -0.0049 -0.4677 0.5633
v  -0.0019 -0.4626 0.5736
v  -0.0020 -0.4753 0.5541
v  -0.0036 -0.4747 0.5538
v  -0.0015 -0.4818 0.5451
v  -0.0031 -0.4814 0.5446
v  -0.0055 -0.4807 0.5436
v  -0.0061 -0.4738 0.5532
v  -0.0032 -0.4883 0.5348
v  -0.0008 -0.4885 0.5364
v  -0.0012 -0.4886 0.5359
v  0.0233 -0.4658 0.6424
v  0.0275 -0.4605 0.6387
v  0.0228 -0.4591 0.6363
v  0.0191 -0.4645 0.6402
v  0.0111 -0.4572 0.6280
v  0.0073 -0.4625 0.6319
v  0.0004 -0.4569 0.6182
v  -0.0034 -0.4623 0.6221
v  -0.0069 -0.4680 0.6258
v  0.0038 -0.4682 0.6356
v  0.0155 -0.4702 0.6439
v  -0.0089 -0.4584 0.6072
v  -0.0127 -0.4637 0.6111
v  -0.0166 -0.4615 0.5953
v  -0.0203 -0.4669 0.5991
v  -0.0238 -0.4726 0.6029
v  -0.0161 -0.4694 0.6148
v  -0.0223 -0.4663 0.5829
v  -0.0261 -0.4717 0.5867
v  -0.0260 -0.4725 0.5703
v  -0.0298 -0.4779 0.5741
v  -0.0332 -0.4835 0.5779
v  -0.0295 -0.4773 0.5905
v  -0.0275 -0.4799 0.5580
v  -0.0313 -0.4854 0.5617
v  -0.0268 -0.4884 0.5463
v  -0.0306 -0.4939 0.5500
v  -0.0340 -0.4995 0.5539
v  -0.0347 -0.4910 0.5656
v  -0.0239 -0.4977 0.5355
v  -0.0277 -0.5032 0.5392
v  -0.0239 -0.5106 0.5320
v  -0.0273 -0.5161 0.5360
v  -0.0311 -0.5088 0.5431
v  0.0431 -0.4551 0.6046
v  0.0398 -0.4576 0.6091
v  0.0488 -0.4603 0.6139
v  0.0518 -0.4577 0.6091
v  0.0379 -0.4589 0.6117
v  0.0471 -0.4616 0.6165
v  0.0526 -0.4638 0.6185
v  0.0537 -0.4623 0.6156
v  0.0558 -0.4593 0.6105
v  0.0275 -0.4535 0.5920
v  0.0235 -0.4560 0.5960
v  0.0312 -0.4562 0.6031
v  0.0350 -0.4537 0.5988
v  0.0212 -0.4572 0.5982
v  0.0292 -0.4574 0.6055
v  0.0157 -0.4568 0.5760
v  0.0112 -0.4593 0.5793
v  0.0167 -0.4570 0.5880
v  0.0210 -0.4546 0.5843
v  0.0086 -0.4606 0.5811
v  0.0143 -0.4583 0.5900
v  0.0091 -0.4644 0.5586
v  0.0043 -0.4673 0.5612
v  0.0070 -0.4628 0.5703
v  0.0117 -0.4601 0.5673
v  0.0016 -0.4688 0.5625
v  0.0043 -0.4642 0.5719
v  0.0086 -0.4755 0.5418
v  0.0037 -0.4789 0.5437
v  0.0032 -0.4727 0.5522
v  0.0081 -0.4696 0.5500
v  0.0010 -0.4807 0.5446
v  0.0005 -0.4743 0.5534
v  0.0627 -0.4473 0.5927
v  0.0644 -0.4454 0.5903
v  0.0663 -0.4401 0.5832
v  0.0616 -0.4387 0.5807
v  0.0552 -0.4451 0.5888
v  0.0489 -0.4374 0.5705
v  0.0549 -0.4376 0.5760
v  0.0416 -0.4438 0.5778
v  0.0481 -0.4439 0.5838
v  0.0684 -0.4312 0.5725
v  0.0393 -0.4401 0.5575
v  0.0437 -0.4383 0.5643
v  0.0314 -0.4466 0.5640
v  0.0360 -0.4447 0.5712
v  0.0340 -0.4463 0.5434
v  0.0361 -0.4428 0.5505
v  0.0257 -0.4532 0.5489
v  0.0279 -0.4494 0.5565
v  0.0331 -0.4505 0.5364
v  0.0392 -0.4446 0.5323
v  0.0333 -0.4519 0.5345
v  0.0248 -0.4577 0.5415
v  0.0251 -0.4613 0.5365
v  0.0486 -0.4508 0.5972
v  0.0567 -0.4532 0.6015
v  0.0593 -0.4542 0.6024
v  0.0635 -0.4477 0.5930
v  0.0631 -0.4487 0.5944
v  0.0340 -0.4493 0.5855
v  0.0410 -0.4495 0.5918
v  0.0230 -0.4523 0.5705
v  0.0280 -0.4503 0.5783
v  0.0168 -0.4595 0.5542
v  0.0192 -0.4554 0.5624
v  0.0198 -0.4671 0.5369
v  0.0163 -0.4699 0.5386
v  0.0159 -0.4643 0.5462
v  0.0722 -0.4059 0.5283
v  0.0696 -0.4080 0.5226
v  0.0702 -0.4073 0.5221
v  0.0695 -0.4082 0.5224
v  0.0799 -0.4037 0.5388
v  0.0757 -0.4044 0.5337
v  0.0822 -0.3964 0.5273
v  0.0840 -0.3986 0.5345
v  0.0844 -0.3961 0.5298
v  0.0789 -0.3978 0.5220
v  0.0793 -0.4106 0.5493
v  0.0818 -0.4038 0.5404
v  0.0861 -0.3912 0.5234
v  0.0810 -0.3949 0.5199
v  0.0222 -0.4976 0.6444
v  0.0237 -0.5056 0.6346
v  0.0262 -0.5066 0.6355
v  0.0280 -0.5060 0.6380
v  0.0300 -0.5007 0.6472
v  0.0126 -0.4947 0.6394
v  0.0160 -0.5033 0.6305
v  0.0185 -0.5094 0.6241
v  0.0241 -0.5074 0.6323
v  0.0034 -0.4932 0.6329
v  0.0087 -0.5021 0.6253
v  -0.0048 -0.4930 0.6253
v  0.0020 -0.5019 0.6192
v  0.0091 -0.5108 0.6130
v  0.0110 -0.5121 0.6130
v  0.0141 -0.5110 0.6175
v  -0.0121 -0.4941 0.6167
v  -0.0038 -0.5028 0.6124
v  -0.0180 -0.4966 0.6075
v  -0.0085 -0.5048 0.6050
v  0.0011 -0.5130 0.6023
v  0.0044 -0.5144 0.6034
v  0.0068 -0.5136 0.6068
v  0.0093 -0.5127 0.6105
v  -0.0225 -0.5003 0.5979
v  -0.0121 -0.5078 0.5972
v  -0.0254 -0.5051 0.5881
v  -0.0144 -0.5116 0.5894
v  -0.0043 -0.5175 0.5905
v  -0.0003 -0.5161 0.5964
v  0.0023 -0.5151 0.6003
v  -0.0265 -0.5109 0.5785
v  -0.0154 -0.5163 0.5817
v  -0.0149 -0.5213 0.5748
v  -0.0091 -0.5192 0.5834
v  0.0256 -0.4555 0.6330
v  0.0140 -0.4536 0.6248
v  0.0279 -0.4535 0.6301
v  0.0164 -0.4516 0.6220
v  0.0060 -0.4513 0.6125
v  0.0034 -0.4533 0.6151
v  -0.0058 -0.4548 0.6042
v  -0.0031 -0.4527 0.6017
v  -0.0105 -0.4558 0.5901
v  -0.0134 -0.4579 0.5924
v  -0.0191 -0.4626 0.5801
v  -0.0161 -0.4605 0.5780
v  -0.0197 -0.4665 0.5657
v  -0.0228 -0.4688 0.5676
v  -0.0243 -0.4762 0.5554
v  -0.0212 -0.4738 0.5537
v  -0.0205 -0.4821 0.5423
v  -0.0236 -0.4846 0.5438
v  -0.0207 -0.4938 0.5331
v  -0.0177 -0.4911 0.5318
v  -0.0144 -0.4976 0.5255
v  -0.0171 -0.5008 0.5263
v  -0.0201 -0.5050 0.5285
v  0.0292 -0.4957 0.6524
v  0.0216 -0.4926 0.6497
v  0.0313 -0.4973 0.6523
v  0.0225 -0.4895 0.6524
v  0.0218 -0.4892 0.6521
v  0.0104 -0.4859 0.6462
v  0.0109 -0.4895 0.6441
v  0.0008 -0.4878 0.6369
v  -0.0002 -0.4841 0.6386
v  -0.0100 -0.4838 0.6297
v  -0.0085 -0.4875 0.6285
v  -0.0165 -0.4888 0.6189
v  -0.0185 -0.4852 0.6197
v  -0.0254 -0.4880 0.6088
v  -0.0231 -0.4915 0.6087
v  -0.0281 -0.4956 0.5979
v  -0.0307 -0.4924 0.5975
v  -0.0340 -0.4980 0.5860
v  -0.0312 -0.5010 0.5871
v  -0.0325 -0.5074 0.5764
v  -0.0354 -0.5048 0.5748
v  -0.0348 -0.5126 0.5641
v  -0.0319 -0.5148 0.5663
v  -0.0260 -0.5175 0.5694
v  -0.0294 -0.5228 0.5570
v  -0.0243 -0.5245 0.5606
v  -0.0238 -0.5243 0.5615
v  -0.0321 -0.5210 0.5543
v  -0.0299 -0.5254 0.5501
v  -0.0280 -0.5255 0.5544
v  0.0432 -0.4564 0.6296
v  0.0425 -0.4563 0.6313
v  0.0458 -0.4575 0.6306
v  0.0529 -0.4613 0.6294
v  0.0529 -0.4614 0.6289
v  0.0443 -0.4579 0.6259
v  0.0525 -0.4628 0.6252
v  0.0336 -0.4547 0.6203
v  0.0319 -0.4531 0.6237
v  0.0300 -0.4527 0.6270
v  0.0188 -0.4508 0.6191
v  0.0212 -0.4513 0.6162
v  0.0115 -0.4510 0.6072
v  0.0087 -0.4505 0.6098
v  0.0235 -0.4530 0.6131
v  0.0143 -0.4528 0.6046
v  -0.0001 -0.4519 0.5994
v  0.0030 -0.4524 0.5972
v  -0.0040 -0.4552 0.5863
v  -0.0074 -0.4549 0.5881
v  0.0062 -0.4541 0.5951
v  -0.0004 -0.4568 0.5848
v  -0.0128 -0.4594 0.5763
v  -0.0092 -0.4596 0.5750
v  -0.0126 -0.4652 0.5636
v  -0.0163 -0.4653 0.5644
v  -0.0053 -0.4609 0.5741
v  -0.0085 -0.4662 0.5633
v  -0.0178 -0.4724 0.5527
v  -0.0140 -0.4720 0.5523
v  -0.0133 -0.4798 0.5416
v  -0.0171 -0.4805 0.5416
v  -0.0098 -0.4727 0.5526
v  -0.0092 -0.4800 0.5425
v  -0.0143 -0.4893 0.5314
v  -0.0107 -0.4882 0.5318
v  -0.0085 -0.4925 0.5277
v  -0.0115 -0.4948 0.5260
v  -0.0067 -0.4880 0.5332
v  -0.0027 -0.4892 0.5339
v  -0.0054 -0.4906 0.5307
v  0.0107 -0.4822 0.6472
v  0.0219 -0.4887 0.6523
v  0.0192 -0.4847 0.6517
v  -0.0005 -0.4803 0.6394
v  0.0115 -0.4785 0.6472
v  0.0001 -0.4765 0.6391
v  -0.0103 -0.4763 0.6296
v  -0.0106 -0.4801 0.6301
v  0.0131 -0.4747 0.6461
v  0.0015 -0.4727 0.6379
v  -0.0091 -0.4724 0.6282
v  -0.0194 -0.4815 0.6196
v  -0.0194 -0.4777 0.6188
v  -0.0268 -0.4808 0.6072
v  -0.0267 -0.4845 0.6083
v  -0.0183 -0.4739 0.6173
v  -0.0259 -0.4770 0.6055
v  -0.0321 -0.4890 0.5965
v  -0.0324 -0.4854 0.5951
v  -0.0361 -0.4915 0.5829
v  -0.0356 -0.4949 0.5846
v  -0.0316 -0.4817 0.5932
v  -0.0353 -0.4879 0.5807
v  -0.0371 -0.5019 0.5729
v  -0.0375 -0.4988 0.5708
v  -0.0368 -0.5070 0.5594
v  -0.0364 -0.5100 0.5618
v  -0.0368 -0.4953 0.5685
v  -0.0361 -0.5037 0.5569
v  -0.0336 -0.5188 0.5516
v  -0.0340 -0.5161 0.5489
v  -0.0306 -0.5226 0.5426
v  -0.0307 -0.5244 0.5462
v  -0.0332 -0.5129 0.5462
v  -0.0295 -0.5200 0.5394
v  0.0369 -0.4595 0.6130
v  0.0463 -0.4623 0.6179
v  0.0521 -0.4646 0.6199
v  0.0201 -0.4578 0.5994
v  0.0281 -0.4580 0.6067
v  0.0073 -0.4613 0.5821
v  0.0131 -0.4589 0.5911
v  0.0002 -0.4696 0.5633
v  0.0030 -0.4649 0.5727
v  -0.0004 -0.4816 0.5451
v  -0.0010 -0.4752 0.5540
v  0.0722 -0.4267 0.5679
v  0.0699 -0.4317 0.5733
v  0.0005 -0.4879 0.5380
v  0.0051 -0.4833 0.5386
v  0.0026 -0.4859 0.5386
v  0.0095 -0.4785 0.5383
v  0.0166 -0.4707 0.5375
v  0.0784 -0.3982 0.5210
v  -0.0153 -0.5214 0.5742
v  0.0014 -0.4872 0.5386
v  0.0198 -0.4715 0.6461
v  0.0312 -0.4572 0.6360
v  0.0351 -0.4556 0.6339
v  0.0397 -0.4555 0.6321
v  0.0177 -0.4803 0.6504
v  0.0179 -0.4761 0.6487
# 367 vertices

vn -0.3351 0.7899 0.5135
vn 0.8308 0.2432 0.5007
vn 0.8177 0.2200 0.5319
vn -0.3463 0.7769 0.5258
vn -0.4735 0.7801 0.4090
vn -0.4619 0.7931 0.3972
vn -0.4454 0.8105 0.3804
vn -0.3193 0.8074 0.4961
vn -0.5843 0.7625 0.2778
vn -0.5723 0.7756 0.2663
vn -0.6753 0.7249 0.1360
vn -0.6631 0.7380 0.1250
vn -0.6456 0.7558 0.1096
vn -0.5553 0.7931 0.2502
vn -0.7438 0.6683 -0.0120
vn -0.7314 0.6816 -0.0225
vn -0.7752 0.6079 -0.1717
vn -0.1950 -0.0565 -0.9792
vn -0.1925 -0.0508 -0.9800
vn -0.7571 0.6263 -0.1856
vn -0.7136 0.6996 -0.0371
vn -0.7702 0.6371 0.0288
vn -0.7614 0.6480 0.0196
vn 0.4596 0.7839 -0.4174
vn 0.9496 0.2116 -0.2311
vn -0.2382 0.9502 -0.2010
vn 0.3981 0.8984 -0.1857
vn 0.3446 0.9140 -0.2140
vn 0.4447 0.7883 -0.4252
vn 0.4349 0.8054 -0.4028
vn 0.4543 0.7997 -0.3926
vn 0.2940 0.9227 -0.2495
vn 0.4306 0.7907 -0.4352
vn 0.2482 0.9237 -0.2918
vn 0.4178 0.7910 -0.4469
vn 0.4000 0.8089 -0.4309
vn 0.4167 0.8085 -0.4157
vn 0.2079 0.9175 -0.3392
vn 0.4066 0.7893 -0.4602
vn 0.1752 0.9038 -0.3905
vn 0.3975 0.7854 -0.4745
vn 0.3736 0.8017 -0.4666
vn 0.3856 0.8066 -0.4481
vn 0.1502 0.8834 -0.4440
vn 0.3905 0.7797 -0.4894
vn 0.1345 0.8566 -0.4982
vn 0.3861 0.7723 -0.5045
vn 0.3589 0.7846 -0.5055
vn 0.3647 0.7942 -0.4860
vn 0.1278 0.8245 -0.5513
vn 0.3843 0.7633 -0.5193
vn 0.1311 0.7879 -0.6018
vn 0.3852 0.7531 -0.5333
vn 0.3577 0.7597 -0.5430
vn 0.3566 0.7730 -0.5247
vn 0.3622 0.7453 -0.5597
vn -0.1998 0.9666 -0.1607
vn 0.7896 0.0635 -0.6103
vn 0.0603 0.5273 0.8475
vn 0.0766 0.5597 0.8252
vn -0.2391 0.7111 0.6612
vn -0.2749 0.6592 0.6999
vn -0.3797 0.7349 0.5619
vn -0.4159 0.6831 0.6003
vn -0.5078 0.7380 0.4444
vn -0.5443 0.6863 0.4824
vn -0.5779 0.6308 0.5179
vn -0.4498 0.6276 0.6354
vn -0.3092 0.6038 0.7347
vn -0.6193 0.7204 0.3122
vn -0.6562 0.6686 0.3499
vn -0.7110 0.6825 0.1695
vn -0.7481 0.6306 0.2068
vn -0.7811 0.5752 0.2430
vn -0.6894 0.6131 0.3857
vn -0.7800 0.6255 0.0205
vn -0.8173 0.5734 0.0574
vn -0.8242 0.5511 -0.1303
vn -0.8616 0.4988 -0.0938
vn -0.8943 0.4438 -0.0568
vn -0.8501 0.5182 0.0940
vn -0.8424 0.4615 -0.2782
vn -0.8798 0.4090 -0.2421
vn -0.8338 0.3596 -0.4188
vn -0.8713 0.3069 -0.3831
vn -0.9039 0.2524 -0.3453
vn -0.9125 0.3543 -0.2047
vn -0.7989 0.2484 -0.5477
vn -0.8362 0.1953 -0.5124
vn -0.1256 -0.5006 -0.8565
vn -0.1613 -0.5499 -0.8195
vn -0.8690 0.1412 -0.4742
vn -0.0701 0.8886 0.4532
vn -0.0524 0.9017 0.4293
vn 0.0834 0.8617 0.5005
vn 0.0676 0.8481 0.5255
vn -0.0430 0.9082 0.4163
vn 0.0918 0.8685 0.4870
vn 0.5877 0.5958 0.5473
vn 0.8249 0.2851 0.4882
vn -0.4698 0.8294 0.3024
vn -0.3186 0.9136 0.2527
vn -0.2974 0.9263 0.2315
vn -0.1807 0.9234 0.3387
vn -0.2002 0.9107 0.3614
vn -0.2860 0.9326 0.2202
vn -0.1702 0.9297 0.3265
vn -0.5066 0.8622 -0.0016
vn -0.4827 0.8756 -0.0191
vn -0.3991 0.9101 0.1111
vn -0.4218 0.8972 0.1305
vn -0.4698 0.8823 -0.0284
vn -0.3869 0.9166 0.1007
vn -0.6113 0.7407 -0.2788
vn -0.5859 0.7558 -0.2924
vn -0.5456 0.8236 -0.1549
vn -0.5704 0.8094 -0.1394
vn -0.5722 0.7635 -0.2995
vn -0.5322 0.8307 -0.1631
vn -0.6202 0.5636 -0.5456
vn -0.5947 0.5813 -0.5554
vn -0.6025 0.6741 -0.4272
vn -0.6281 0.6579 -0.4156
vn -0.5809 0.5904 -0.5604
vn -0.5886 0.6825 -0.4333
vn 0.0213 0.8033 0.5951
vn 0.8891 0.2128 0.4053
vn 0.8854 0.1924 0.4232
vn -0.1563 0.8108 0.5641
vn -0.1213 0.8453 0.5203
vn -0.4182 0.8371 0.3527
vn -0.2934 0.8340 0.4673
vn -0.3786 0.8711 0.3127
vn -0.2560 0.8681 0.4252
vn -0.1808 0.7839 0.5939
vn -0.6164 0.7829 0.0847
vn -0.5270 0.8198 0.2239
vn -0.5732 0.8179 0.0495
vn -0.4854 0.8542 0.1862
vn -0.7268 0.6548 -0.2076
vn -0.6836 0.7273 -0.0606
vn -0.6816 0.6921 -0.2375
vn -0.6393 0.7633 -0.0931
vn -0.7445 0.5675 -0.3518
vn -0.1251 -0.1121 -0.9858
vn -0.7708 0.6332 -0.0701
vn -0.6990 0.6064 -0.3791
vn 0.0010 -0.1307 -0.9914
vn -0.0900 0.8729 0.4796
vn 0.0498 0.8317 0.5529
vn 0.8049 0.2611 0.5328
vn 0.9232 0.1332 0.3605
vn 0.9241 0.1475 0.3524
vn -0.3421 0.8982 0.2761
vn -0.2220 0.8952 0.3864
vn -0.5328 0.8460 0.0181
vn -0.4468 0.8816 0.1521
vn -0.6391 0.7227 -0.2632
vn -0.5976 0.7925 -0.1217
vn 0.0156 -0.1045 -0.9944
vn -0.6481 0.5431 -0.5339
vn -0.6561 0.6387 -0.4019
vn -0.6896 0.7087 0.1491
vn -0.7583 0.6519 0.0007
vn -0.2240 0.0470 -0.9734
vn -0.7512 0.6500 0.1145
vn -0.4871 0.7641 0.4230
vn -0.5982 0.7465 0.2914
vn -0.6171 0.7233 0.3100
vn 0.7744 0.4985 0.3897
vn 0.7752 0.4917 0.3967
vn -0.7087 0.6854 0.1673
vn 0.7951 0.3385 0.5032
vn -0.5601 0.7235 0.4036
vn 0.6049 0.7388 -0.2970
vn 0.0144 0.3958 -0.9182
vn -0.4809 -0.6897 0.5414
vn -0.4756 -0.7204 0.5048
vn 0.1499 -0.9783 0.1432
vn 0.2986 -0.9188 0.2581
vn 0.2793 -0.8424 0.4608
vn -0.4895 -0.6871 0.5369
vn -0.4770 -0.7200 0.5040
vn 0.1514 -0.9793 0.1340
vn -0.4976 -0.6858 0.5312
vn -0.4783 -0.7198 0.5031
vn -0.5049 -0.6856 0.5244
vn -0.4795 -0.7197 0.5020
vn -0.4745 -0.7261 0.4976
vn 0.1443 -0.9797 0.1389
vn -0.5113 -0.6866 0.5168
vn -0.4806 -0.7199 0.5008
vn -0.5166 -0.6888 0.5086
vn -0.4814 -0.7203 0.4995
vn 0.1413 -0.9799 0.1410
vn -0.5206 -0.6921 0.5001
vn -0.4820 -0.7208 0.4981
vn -0.5231 -0.6963 0.4914
vn -0.4825 -0.7215 0.4967
vn -0.8343 0.0982 0.5425
vn -0.5242 -0.7015 0.4829
vn -0.4826 -0.7223 0.4953
vn 0.1423 -0.9809 0.1327
vn -0.1662 0.8001 0.5763
vn -0.3040 0.8235 0.4791
vn -0.0348 0.9136 0.4051
vn -0.1611 0.9350 0.3159
vn -0.2761 0.9378 0.2104
vn -0.4293 0.8266 0.3640
vn -0.5386 0.8093 0.2346
vn -0.3762 0.9220 0.0918
vn -0.4585 0.8879 -0.0364
vn -0.6283 0.7721 0.0948
vn -0.6959 0.7163 -0.0511
vn -0.5205 0.8367 -0.1702
vn -0.5602 0.7699 -0.3055
vn -0.7392 0.6435 -0.1987
vn -0.7570 0.5558 -0.3436
vn -0.5765 0.6896 -0.4384
vn -0.5688 0.5981 -0.5646
vn -0.7486 0.4560 -0.4812
vn -0.7144 0.3471 -0.6075
vn -0.5375 0.4982 -0.6804
vn 0.1181 -0.1807 -0.9764
vn -0.0277 -0.3408 -0.9397
vn -0.0938 -0.4464 -0.8899
vn -0.1080 -0.2048 0.9728
vn -0.4904 -0.5774 0.6528
vn 0.3667 -0.4726 0.8014
vn -0.0954 -0.0795 0.9923
vn -0.4784 -0.3562 0.8027
vn -0.5479 -0.3357 0.7662
vn -0.5224 -0.5679 0.6361
vn -0.5526 -0.5629 0.6147
vn -0.6136 -0.3246 0.7198
vn -0.6734 -0.3231 0.6650
vn -0.5802 -0.5621 0.5894
vn -0.6041 -0.5660 0.5610
vn -0.7254 -0.3314 0.6033
vn -0.7682 -0.3490 0.5366
vn -0.6238 -0.5741 0.5303
vn -0.6386 -0.5864 0.4983
vn -0.8004 -0.3757 0.4671
vn -0.8211 -0.4104 0.3967
vn -0.6482 -0.6023 0.4659
vn -0.6520 -0.6216 0.4341
vn -0.8295 -0.4522 0.3277
vn -0.8256 -0.4997 0.2620
vn -0.6502 -0.6435 0.4039
vn -0.5237 -0.7073 0.4748
vn -0.6427 -0.6674 0.3762
vn 0.0982 -0.9896 0.1051
vn 0.1035 -0.9876 0.1179
vn -0.8093 -0.5517 0.2018
vn -0.1406 -0.9829 -0.1190
vn -0.0052 -0.9992 0.0399
vn 0.3615 0.9291 -0.0781
vn 0.3618 0.7701 0.5253
vn 0.4663 0.7800 0.4173
vn 0.8741 0.3656 0.3198
vn 0.9452 0.2955 -0.1391
vn 0.4278 0.8573 -0.2864
vn 0.9455 0.2433 -0.2163
vn 0.3903 0.8683 -0.3060
vn 0.2920 0.9496 -0.1145
vn 0.1340 0.9789 0.1545
vn 0.0329 0.9960 0.0831
vn 0.2263 0.9607 -0.1609
vn 0.1665 0.9621 -0.2157
vn -0.0591 0.9982 -0.0013
vn 0.3550 0.8743 -0.3310
vn 0.3227 0.8751 -0.3606
vn -0.1393 0.9856 -0.0963
vn 0.1145 0.9539 -0.2775
vn 0.0716 0.9362 -0.3441
vn -0.2052 0.9583 -0.1988
vn 0.2947 0.8707 -0.3938
vn 0.2716 0.8611 -0.4298
vn -0.2547 0.9173 -0.3059
vn 0.0395 0.9096 -0.4137
vn 0.0188 0.8749 -0.4840
vn -0.2865 0.8639 -0.4142
vn 0.2542 0.8468 -0.4673
vn 0.2431 0.8281 -0.5052
vn -0.2995 0.7996 -0.5205
vn 0.0104 0.8331 -0.5531
vn 0.0143 0.7855 -0.6187
vn -0.2934 0.7263 -0.6216
vn 0.2385 0.8055 -0.5424
vn 0.2406 0.7799 -0.5778
vn -0.2683 0.6464 -0.7142
vn 0.0307 0.7336 -0.6789
vn 0.5440 0.0681 -0.8363
vn 0.3306 -0.0244 -0.9435
vn 0.2495 0.7519 -0.6102
vn 0.7595 0.0717 -0.6465
vn 0.6933 0.0797 -0.7162
vn -0.5279 -0.0340 0.8486
vn -0.0945 0.0703 0.9930
vn -0.1239 0.1115 0.9860
vn -0.6290 -0.0169 0.7772
vn -0.4574 0.2669 0.8483
vn -0.5837 0.2883 0.7591
vn -0.6986 0.2912 0.6535
vn -0.7210 -0.0146 0.6928
vn -0.3706 0.4874 0.7906
vn -0.5083 0.5107 0.6934
vn -0.6337 0.5138 0.5783
vn -0.8012 -0.0273 0.5978
vn -0.7988 0.2753 0.5349
vn -0.8811 0.2413 0.4067
vn -0.8670 -0.0545 0.4952
vn -0.7429 0.4965 0.4489
vn -0.8327 0.4594 0.3091
vn -0.9166 -0.0955 0.3882
vn -0.9431 0.1901 0.2729
vn -0.9828 0.1233 0.1376
vn -0.9484 -0.1490 0.2798
vn -0.9003 0.4036 0.1632
vn -0.9436 0.3307 0.0156
vn -0.9614 -0.2133 0.1736
vn -0.9991 0.0429 0.0048
vn -0.9914 -0.0486 -0.1214
vn -0.9553 -0.2865 0.0725
vn -0.9614 0.2431 -0.1293
vn -0.9530 0.1433 -0.2669
vn -0.9302 -0.3665 -0.0201
vn -0.9601 -0.1484 -0.2372
vn -0.2694 -0.7750 -0.5717
vn -0.2449 -0.9075 -0.3414
vn -0.9188 0.0344 -0.3932
vn -0.2215 -0.6380 -0.7375
vn 0.0943 0.9717 0.2166
vn 0.2087 0.9380 0.2768
vn 0.9240 0.2667 0.2740
vn -0.1122 0.9924 0.0499
vn -0.0139 0.9900 0.1404
vn -0.2683 0.9497 -0.1613
vn -0.1980 0.9788 -0.0515
vn -0.3553 0.8488 -0.3916
vn -0.3215 0.9059 -0.2757
vn -0.3627 0.7017 -0.6132
vn -0.3694 0.7799 -0.5052
vn 0.8322 0.2510 0.4944
vn 0.8632 0.1571 0.4797
vn 0.7240 0.0153 -0.6896
vn 0.1189 -0.1363 -0.9835
vn 0.1263 -0.1238 -0.9842
vn -0.7308 0.6602 -0.1734
vn 0.0650 -0.1823 -0.9811
vn -0.2448 0.0181 -0.9694
vn 0.1420 -0.9813 0.1301
vn -0.5559 0.7853 -0.2726
vn 0.0365 0.4984 0.8662
vn 0.1116 0.6266 0.7713
vn 0.1966 0.7169 0.6689
vn 0.3148 0.7827 0.5369
vn -0.0809 0.2940 0.9524
vn -0.0160 0.4325 0.9015
# 359 vertex normals

vt 0.2226 0.0477 0.5021
vt 0.2415 0.0477 0.5022
vt 0.2252 0.0535 0.4758
vt 0.2226 0.0535 0.4758
vt 0.1952 0.0535 0.4752
vt 0.1952 0.0477 0.5015
vt 0.1952 0.0420 0.5317
vt 0.2226 0.0420 0.5323
vt 0.1677 0.0535 0.4743
vt 0.1677 0.0477 0.5005
vt 0.1400 0.0535 0.4732
vt 0.1400 0.0477 0.4993
vt 0.1400 0.0420 0.5294
vt 0.1677 0.0420 0.5307
vt 0.1122 0.0535 0.4720
vt 0.1122 0.0477 0.4981
vt 0.0843 0.0477 0.4969
vt 0.0931 0.0535 0.4712
vt 0.0843 0.0512 0.4814
vt 0.0843 0.0420 0.5269
vt 0.1122 0.0420 0.5281
vt 0.0757 0.0477 0.4966
vt 0.0604 0.0420 0.5260
vt 0.2774 0.0199 0.7832
vt 0.2954 0.0199 0.7826
vt 0.2944 0.0200 0.7619
vt 0.2774 0.0200 0.7625
vt 0.2500 0.0200 0.7628
vt 0.2500 0.0199 0.7836
vt 0.2500 0.0199 0.8164
vt 0.2774 0.0199 0.8161
vt 0.2226 0.0200 0.7625
vt 0.2226 0.0199 0.7832
vt 0.1952 0.0200 0.7616
vt 0.1952 0.0199 0.7823
vt 0.1952 0.0199 0.8151
vt 0.2226 0.0199 0.8161
vt 0.1677 0.0200 0.7601
vt 0.1677 0.0199 0.7808
vt 0.1400 0.0200 0.7583
vt 0.1400 0.0199 0.7790
vt 0.1400 0.0199 0.8116
vt 0.1677 0.0199 0.8135
vt 0.1122 0.0200 0.7564
vt 0.1122 0.0199 0.7770
vt 0.0843 0.0200 0.7547
vt 0.0843 0.0199 0.7752
vt 0.0843 0.0199 0.8077
vt 0.1122 0.0199 0.8096
vt 0.0563 0.0200 0.7532
vt 0.0563 0.0199 0.7737
vt 0.0282 0.0199 0.7467
vt 0.0282 0.0199 0.7727
vt 0.0282 0.0199 0.8051
vt 0.0563 0.0199 0.8061
vt -0.0000 0.0199 0.8048
vt 0.0008 0.0199 0.7724
vt -0.0000 0.0199 0.7780
vt 0.2593 0.0102 1.0007
vt 0.2604 0.0132 0.9980
vt 0.2500 0.0132 0.9982
vt 0.2500 0.0102 1.0008
vt 0.2226 0.0132 0.9977
vt 0.2226 0.0102 1.0004
vt 0.1952 0.0132 0.9965
vt 0.1952 0.0102 0.9992
vt 0.1952 0.0072 0.9965
vt 0.2226 0.0072 0.9977
vt 0.2500 0.0072 0.9982
vt 0.1677 0.0132 0.9946
vt 0.1677 0.0102 0.9973
vt 0.1400 0.0132 0.9923
vt 0.1400 0.0102 0.9949
vt 0.1400 0.0072 0.9923
vt 0.1677 0.0072 0.9946
vt 0.1122 0.0132 0.9898
vt 0.1122 0.0102 0.9925
vt 0.0843 0.0132 0.9875
vt 0.0843 0.0102 0.9901
vt 0.0843 0.0072 0.9875
vt 0.1122 0.0072 0.9898
vt 0.0563 0.0132 0.9856
vt 0.0563 0.0102 0.9882
vt 0.0282 0.0132 0.9843
vt 0.0282 0.0102 0.9870
vt 0.0282 0.0072 0.9843
vt 0.0563 0.0072 0.9856
vt -0.0000 0.0132 0.9839
vt -0.0000 0.0102 0.9865
vt -0.0213 0.0102 0.9865
vt -0.0212 0.0069 0.9859
vt -0.0000 0.0072 0.9839
vt 0.2500 0.0243 0.6963
vt 0.2500 0.0221 0.7260
vt 0.2774 0.0221 0.7257
vt 0.2774 0.0243 0.6960
vt 0.2500 0.0209 0.7436
vt 0.2774 0.0209 0.7433
vt 0.2932 0.0209 0.7428
vt 0.2920 0.0221 0.7252
vt 0.2898 0.0243 0.6956
vt 0.1952 0.0243 0.6952
vt 0.1952 0.0221 0.7248
vt 0.2226 0.0221 0.7257
vt 0.2226 0.0243 0.6960
vt 0.1952 0.0209 0.7424
vt 0.2226 0.0209 0.7433
vt 0.1400 0.0243 0.6922
vt 0.1400 0.0221 0.7218
vt 0.1677 0.0221 0.7235
vt 0.1677 0.0243 0.6938
vt 0.1400 0.0209 0.7393
vt 0.1677 0.0209 0.7410
vt 0.0843 0.0243 0.6889
vt 0.0843 0.0221 0.7183
vt 0.1122 0.0221 0.7200
vt 0.1122 0.0243 0.6905
vt 0.0843 0.0209 0.7357
vt 0.1122 0.0209 0.7374
vt 0.0282 0.0236 0.6941
vt 0.0282 0.0221 0.7157
vt 0.0563 0.0221 0.7169
vt 0.0563 0.0243 0.6875
vt 0.0282 0.0206 0.7372
vt 0.0563 0.0209 0.7343
vt 0.2774 0.0325 0.6025
vt 0.2774 0.0338 0.5915
vt 0.2683 0.0370 0.5645
vt 0.2500 0.0370 0.5647
vt 0.2500 0.0325 0.6027
vt 0.1952 0.0370 0.5637
vt 0.2226 0.0370 0.5644
vt 0.1952 0.0325 0.6017
vt 0.2226 0.0325 0.6025
vt 0.2500 0.0420 0.5326
vt 0.1400 0.0370 0.5613
vt 0.1677 0.0370 0.5627
vt 0.1400 0.0325 0.5992
vt 0.1677 0.0325 0.6006
vt 0.0843 0.0370 0.5586
vt 0.1122 0.0370 0.5599
vt 0.0843 0.0325 0.5963
vt 0.1122 0.0325 0.5977
vt 0.0563 0.0370 0.5575
vt 0.0563 0.0406 0.5346
vt 0.0482 0.0370 0.5573
vt 0.0563 0.0325 0.5951
vt 0.0363 0.0324 0.5909
vt 0.2500 0.0280 0.6509
vt 0.2774 0.0280 0.6506
vt 0.2860 0.0280 0.6504
vt 0.2802 0.0325 0.6024
vt 0.2818 0.0318 0.6091
vt 0.1952 0.0280 0.6498
vt 0.2226 0.0280 0.6506
vt 0.1400 0.0280 0.6471
vt 0.1677 0.0280 0.6486
vt 0.0843 0.0280 0.6439
vt 0.1122 0.0280 0.6455
vt 0.0282 0.0297 0.6211
vt 0.0282 0.0280 0.6416
vt 0.0563 0.0280 0.6427
vt 0.1400 0.0586 0.4531
vt 0.1122 0.0586 0.4519
vt 0.1122 0.0590 0.4506
vt 0.1110 0.0586 0.4519
vt 0.1952 0.0586 0.4550
vt 0.1677 0.0586 0.4541
vt 0.1677 0.0633 0.4399
vt 0.1952 0.0616 0.4458
vt 0.1820 0.0633 0.4403
vt 0.1400 0.0633 0.4388
vt 0.2226 0.0545 0.4719
vt 0.2055 0.0586 0.4552
vt 0.1677 0.0663 0.4346
vt 0.1400 0.0650 0.4359
vt 0.2774 0.0006 0.7757
vt 0.2774 0.0005 0.6220
vt 0.2861 0.0005 0.6217
vt 0.2920 0.0005 0.6503
vt 0.2989 0.0006 0.7750
vt 0.2500 0.0006 0.7761
vt 0.2500 0.0005 0.6222
vt 0.2434 0.0005 0.5479
vt 0.2735 0.0005 0.6021
vt 0.2226 0.0006 0.7757
vt 0.2226 0.0005 0.6220
vt 0.1952 0.0006 0.7748
vt 0.1952 0.0005 0.6212
vt 0.1920 0.0005 0.5169
vt 0.1959 0.0005 0.5085
vt 0.2139 0.0005 0.5335
vt 0.1677 0.0006 0.7733
vt 0.1677 0.0005 0.6200
vt 0.1400 0.0006 0.7715
vt 0.1400 0.0005 0.6186
vt 0.1429 0.0005 0.5150
vt 0.1523 0.0005 0.5015
vt 0.1675 0.0005 0.5114
vt 0.1842 0.0005 0.5052
vt 0.1122 0.0006 0.7696
vt 0.1122 0.0005 0.6170
vt 0.0843 0.0006 0.7678
vt 0.0843 0.0005 0.6156
vt 0.0926 0.0005 0.5221
vt 0.1217 0.0005 0.5198
vt 0.1374 0.0005 0.5029
vt 0.0563 0.0006 0.7663
vt 0.0563 0.0005 0.6144
vt 0.0296 0.0005 0.6137
vt 0.0658 0.0005 0.5668
vt 0.2500 0.0154 0.9902
vt 0.2226 0.0154 0.9898
vt 0.2500 0.0170 0.9743
vt 0.2226 0.0170 0.9739
vt 0.1952 0.0170 0.9727
vt 0.1952 0.0154 0.9886
vt 0.1677 0.0154 0.9867
vt 0.1677 0.0170 0.9708
vt 0.1400 0.0170 0.9685
vt 0.1400 0.0154 0.9844
vt 0.1122 0.0154 0.9819
vt 0.1122 0.0170 0.9661
vt 0.0843 0.0170 0.9638
vt 0.0843 0.0154 0.9796
vt 0.0563 0.0154 0.9777
vt 0.0563 0.0170 0.9620
vt 0.0282 0.0170 0.9608
vt 0.0282 0.0154 0.9765
vt -0.0000 0.0154 0.9761
vt -0.0000 0.0170 0.9604
vt -0.0191 0.0171 0.9639
vt -0.0204 0.0154 0.9761
vt -0.0211 0.0135 0.9859
vt 0.2962 0.0009 0.8617
vt 0.2774 0.0009 0.8624
vt 0.3017 0.0008 0.8473
vt 0.2791 0.0014 0.9101
vt 0.2774 0.0014 0.9102
vt 0.2500 0.0014 0.9106
vt 0.2500 0.0009 0.8628
vt 0.2226 0.0009 0.8624
vt 0.2226 0.0014 0.9102
vt 0.1952 0.0014 0.9090
vt 0.1952 0.0009 0.8613
vt 0.1677 0.0009 0.8597
vt 0.1677 0.0014 0.9073
vt 0.1400 0.0014 0.9052
vt 0.1400 0.0009 0.8577
vt 0.1122 0.0009 0.8555
vt 0.1122 0.0014 0.9029
vt 0.0843 0.0014 0.9008
vt 0.0843 0.0009 0.8535
vt 0.0563 0.0009 0.8519
vt 0.0563 0.0014 0.8991
vt 0.0282 0.0014 0.8979
vt 0.0282 0.0009 0.8508
vt 0.0282 0.0006 0.7653
vt -0.0000 0.0009 0.8504
vt -0.0000 0.0006 0.7744
vt 0.0014 0.0006 0.7650
vt -0.0000 0.0014 0.8975
vt -0.0137 0.0013 0.9001
vt -0.0089 0.0009 0.8504
vt 0.2774 0.0191 0.9102
vt 0.2774 0.0186 0.9280
vt 0.2836 0.0191 0.9099
vt 0.2991 0.0195 0.8671
vt 0.2988 0.0196 0.8616
vt 0.2774 0.0196 0.8624
vt 0.2969 0.0199 0.8154
vt 0.2500 0.0196 0.8628
vt 0.2500 0.0191 0.9106
vt 0.2500 0.0182 0.9477
vt 0.2226 0.0182 0.9473
vt 0.2226 0.0191 0.9102
vt 0.1952 0.0191 0.9090
vt 0.1952 0.0182 0.9462
vt 0.2226 0.0196 0.8624
vt 0.1952 0.0196 0.8613
vt 0.1677 0.0182 0.9444
vt 0.1677 0.0191 0.9073
vt 0.1400 0.0191 0.9052
vt 0.1400 0.0182 0.9422
vt 0.1677 0.0196 0.8597
vt 0.1400 0.0196 0.8577
vt 0.1122 0.0182 0.9398
vt 0.1122 0.0191 0.9029
vt 0.0843 0.0191 0.9008
vt 0.0843 0.0182 0.9376
vt 0.1122 0.0196 0.8555
vt 0.0843 0.0196 0.8535
vt 0.0563 0.0182 0.9358
vt 0.0563 0.0191 0.8991
vt 0.0282 0.0191 0.8979
vt 0.0282 0.0182 0.9346
vt 0.0563 0.0196 0.8519
vt 0.0282 0.0196 0.8508
vt -0.0000 0.0182 0.9342
vt -0.0000 0.0191 0.8975
vt -0.0134 0.0191 0.9000
vt -0.0168 0.0182 0.9342
vt -0.0000 0.0196 0.8504
vt -0.0033 0.0199 0.8040
vt -0.0085 0.0196 0.8504
vt 0.2500 0.0023 0.9477
vt 0.2774 0.0015 0.9154
vt 0.2698 0.0023 0.9474
vt 0.2226 0.0023 0.9473
vt 0.2500 0.0035 0.9743
vt 0.2226 0.0035 0.9739
vt 0.1952 0.0035 0.9727
vt 0.1952 0.0023 0.9462
vt 0.2500 0.0051 0.9902
vt 0.2226 0.0051 0.9898
vt 0.1952 0.0051 0.9886
vt 0.1677 0.0023 0.9444
vt 0.1677 0.0035 0.9708
vt 0.1400 0.0035 0.9685
vt 0.1400 0.0023 0.9422
vt 0.1677 0.0051 0.9867
vt 0.1400 0.0051 0.9844
vt 0.1122 0.0023 0.9398
vt 0.1122 0.0035 0.9661
vt 0.0843 0.0035 0.9638
vt 0.0843 0.0023 0.9376
vt 0.1122 0.0051 0.9819
vt 0.0843 0.0051 0.9796
vt 0.0563 0.0023 0.9358
vt 0.0563 0.0035 0.9620
vt 0.0282 0.0035 0.9608
vt 0.0282 0.0023 0.9346
vt 0.0563 0.0051 0.9777
vt 0.0282 0.0051 0.9765
vt -0.0000 0.0023 0.9342
vt -0.0000 0.0035 0.9604
vt -0.0193 0.0034 0.9639
vt -0.0171 0.0023 0.9342
vt -0.0000 0.0051 0.9761
vt -0.0206 0.0051 0.9761
vt 0.2500 0.0203 0.7527
vt 0.2774 0.0203 0.7524
vt 0.2938 0.0203 0.7518
vt 0.1952 0.0203 0.7515
vt 0.2226 0.0203 0.7524
vt 0.1400 0.0203 0.7483
vt 0.1677 0.0203 0.7500
vt 0.0843 0.0203 0.7447
vt 0.1122 0.0203 0.7464
vt 0.0282 0.0203 0.7420
vt 0.0563 0.0203 0.7432
vt 0.2500 0.0449 0.5171
vt 0.2563 0.0420 0.5325
vt 0.0039 0.0199 0.7467
vt 1.0282 0.0206 0.7372
vt 1.0282 0.0221 0.7157
vt 1.0098 0.0221 0.7157
vt 1.0069 0.0208 0.7340
vt 1.0282 0.0236 0.6941
vt 1.0151 0.0239 0.6905
vt 1.0282 0.0280 0.6416
vt 1.0241 0.0280 0.6416
vt 1.0282 0.0297 0.6211
vt 0.1347 0.0633 0.4386
vt 0.0282 0.0005 0.6190
vt 1.0282 0.0199 0.7467
vt 1.0282 0.0203 0.7420
vt 1.0055 0.0203 0.7420
vt 1.0039 0.0199 0.7467
vt 0.5133 0.4844 0.2535
vt 0.5000 0.4816 0.2450
vt 0.4895 0.4787 0.2383
vt 0.4144 0.4372 0.1919
vt 0.4677 0.4737 0.2244
vt 0.4493 0.4705 0.2127
vt 0.4432 0.4691 0.2087
vt 0.4394 0.4685 0.2063
vt 0.4303 0.4371 0.2022
vt 0.4497 0.4371 0.2149
vt 0.5000 0.4371 0.2477
vt 0.5399 0.4371 0.2737
vt 0.5679 0.4371 0.2919
vt 0.5829 0.4371 0.3017
vt 0.8874 0.4373 0.5000
vt 0.9234 0.4375 0.5234
vt 0.9457 0.4380 0.5379
vt 0.8824 0.4372 0.4967
vt 0.8049 0.4371 0.4462
vt 0.8015 0.4371 0.4440
vt 0.7485 0.4371 0.4095
vt 0.7054 0.4371 0.3814
vt 0.6693 0.4371 0.3579
vt 0.6457 0.4371 0.3425
vt 0.6267 0.4371 0.3302
vt 0.6059 0.4371 0.3166
vt 0.9631 0.4389 0.5492
vt 0.9755 0.4401 0.5572
vt 0.9866 0.4439 0.5642
vt 0.9829 0.4417 0.5619
vt 0.9879 0.4469 0.5649
vt 0.9867 0.4499 0.5639
vt 0.9755 0.4536 0.5564
vt 0.9830 0.4520 0.5614
vt 0.8892 0.4566 0.5000
vt 0.9631 0.4548 0.5483
vt 0.9458 0.4557 0.5369
vt 0.9019 0.4565 0.5083
vt 0.9235 0.4563 0.5224
vt 0.8862 0.4566 0.4981
vt 0.8754 0.4567 0.4910
vt 0.8701 0.4569 0.4875
vt 0.8653 0.4576 0.4844
vt 0.8561 0.4588 0.4783
vt 0.8406 0.4610 0.4681
vt 0.8168 0.4647 0.4524
vt 0.8070 0.4664 0.4459
vt 0.7888 0.4691 0.4339
vt 0.7653 0.4737 0.4183
vt 0.6451 0.5000 0.3384
vt 0.7509 0.4773 0.4087
vt 0.7439 0.4787 0.4041
vt 0.7201 0.4844 0.3882
vt 0.7078 0.4879 0.3800
vt 0.6959 0.4902 0.3721
vt 0.6732 0.4953 0.3570
vt 0.6717 0.4957 0.3560
vt 0.6390 0.5017 0.3344
vt 0.6075 0.5030 0.3138
vt 0.5910 0.5000 0.3031
vt 0.5753 0.4983 0.2931
vt 0.5627 0.4953 0.2850
vt 0.5369 0.4902 0.2685
vt 0.5404 0.4912 0.2708
vt 0.2594 0.0072 0.9980
vt 0.2625 0.0154 0.9900
vt 0.2663 0.0170 0.9740
vt 0.2726 0.0182 0.9474
vt 0.2639 0.0035 0.9741
vt 0.2607 0.0051 0.9900
vt 0.6230 0.4375 0.0942
vt 0.6350 0.4375 0.1046
vt 0.6312 0.4562 0.0936
vt 0.5795 0.4553 0.0492
vt 0.5950 0.4557 0.0624
vt 0.5670 0.4548 0.0386
vt 0.5495 0.4536 0.0239
vt 0.5291 0.4469 0.0090
vt 0.5386 0.4520 0.0151
vt 0.5324 0.4499 0.0106
vt 0.5585 0.4389 0.0378
vt 0.5292 0.4439 0.0104
vt 0.5331 0.4417 0.0146
vt 0.5424 0.4401 0.0233
vt 0.5784 0.4381 0.0553
vt 0.5828 0.4380 0.0591
vt 0.0960 0.4563 0.3702
vt 0.0936 0.4562 0.3688
vt 0.1046 0.4375 0.3650
vt 0.1309 0.4566 0.3902
vt 0.1366 0.4372 0.3831
vt 0.1919 0.4372 0.4144
vt 0.1885 0.4647 0.4272
vt 0.2063 0.4685 0.4394
vt 0.1689 0.4610 0.4141
vt 0.1561 0.4588 0.4056
vt 0.1484 0.4576 0.4007
vt 0.1445 0.4569 0.3981
vt 0.1401 0.4567 0.3955
vt 0.1164 0.4565 0.3820
# 469 texture coords

o Cylinder001_frag_010
g Cylinder001_frag_010
usemtl wire_136243170
s 2
f 261/360/262 262/361/263 263/362/264 264/363/265 
f 264/363/265 265/364/266 266/365/267 261/360/262 
f 267/366/268 268/367/269 261/360/262 266/365/267 
f 265/364/266 269/368/270 270/369/271 266/365/267 
f 269/368/270 271/370/272 272/371/273 270/369/271 
f 273/372/274 274/373/275 270/369/271 272/371/273 
f 274/373/275 267/366/268 266/365/267 270/369/271 
f 271/370/272 275/374/276 276/375/277 272/371/273 
f 277/376/278 276/375/277 275/374/276 278/377/279 
f 277/376/278 278/377/279 279/378/280 
f 280/379/281 281/380/282 276/375/277 277/376/278 
f 281/380/282 273/372/274 272/371/273 276/375/277 
f 282/381/283 283/382/284 280/379/281 277/376/278 
f 284/383/285 285/384/286 286/385/287 287/386/288 
f 287/386/288 288/387/289 289/388/290 284/383/285 
f 290/389/291 291/390/292 284/383/285 289/388/290 
f 288/387/289 292/391/293 293/392/294 289/388/290 
f 292/391/293 294/393/295 295/394/296 293/392/294 
f 296/395/297 297/396/298 293/392/294 295/394/296 
f 297/396/298 290/389/291 289/388/290 293/392/294 
f 294/393/295 298/397/299 299/398/300 295/394/296 
f 298/397/299 300/399/301 301/400/302 299/398/300 
f 302/401/303 303/402/304 299/398/300 301/400/302 
f 303/402/304 296/395/297 295/394/296 299/398/300 
f 300/399/301 304/403/305 305/404/306 301/400/302 
f 304/403/305 306/405/307 307/406/308 305/404/306 
f 308/407/309 309/408/310 305/404/306 307/406/308 
f 309/408/310 302/401/303 301/400/302 305/404/306 
f 306/405/307 310/409/311 311/410/312 307/406/308 
f 310/409/311 312/411/313 313/412/314 311/410/312 
f 314/413/315 315/414/316 311/410/312 313/412/314 
f 315/414/316 308/407/309 307/406/308 311/410/312 
f 316/415/317 314/413/315 313/412/314 317/416/318 
f 316/415/317 317/416/318 318/417/319 
f 319/418/320 320/419/321 321/420/322 322/421/323 
f 321/420/322 323/422/324 324/423/325 322/421/323 
f 323/422/324 325/424/326 326/425/327 324/423/325 
f 327/426/328 328/427/329 324/423/325 326/425/327 
f 328/427/329 329/428/330 322/421/323 324/423/325 
f 325/424/326 330/429/331 331/430/332 326/425/327 
f 330/429/331 332/431/333 333/432/334 331/430/332 
f 334/433/335 335/434/336 331/430/332 333/432/334 
f 335/434/336 327/426/328 326/425/327 331/430/332 
f 332/431/333 336/435/337 337/436/338 333/432/334 
f 336/435/337 338/437/339 339/438/340 337/436/338 
f 340/439/341 341/440/342 337/436/338 339/438/340 
f 341/440/342 334/433/335 333/432/334 337/436/338 
f 338/437/339 342/441/343 343/442/344 339/438/340 
f 342/441/343 344/443/345 345/444/346 343/442/344 
f 346/445/347 347/446/348 343/442/344 345/444/346 
f 347/446/348 340/439/341 339/438/340 343/442/344 
f 344/443/345 348/447/349 349/448/350 345/444/346 
f 350/449/351 351/450/352 352/451/353 349/448/350 
f 352/451/353 346/445/347 345/444/346 349/448/350 
f 353/452/354 354/453/355 355/454/356 356/455/357 
f 354/453/355 357/456/358 358/457/359 355/454/356 
f 358/457/359 359/458/360 360/459/361 355/454/356 
f 355/454/356 360/459/361 361/460/362 356/455/357 
f 362/461/363 363/462/364 364/463/365 365/464/366 
f 363/462/364 366/465/367 367/466/368 364/463/365 
f 357/456/358 354/453/355 364/463/365 367/466/368 
f 354/453/355 353/452/354 365/464/366 364/463/365 
f 368/467/369 369/468/370 370/469/371 371/470/372 
f 369/468/370 372/471/373 373/472/374 370/469/371 
f 366/465/367 363/462/364 370/469/371 373/472/374 
f 363/462/364 362/461/363 371/470/372 370/469/371 
f 374/473/375 375/474/376 376/475/377 377/476/378 
f 375/474/376 378/477/379 379/478/380 376/475/377 
f 372/471/373 369/468/370 376/475/377 379/478/380 
f 369/468/370 368/467/369 377/476/378 376/475/377 
f 380/479/381 381/480/382 382/481/383 383/482/384 
f 381/480/382 384/483/385 385/484/386 382/481/383 
f 378/477/379 375/474/376 382/481/383 385/484/386 
f 375/474/376 374/473/375 383/482/384 382/481/383 
f 386/485/387 387/486/388 388/487/389 389/488/390 
f 386/485/387 389/488/390 390/489/391 
f 267/366/268 391/490/392 392/491/393 268/367/269 
f 391/490/392 393/492/394 394/493/395 392/491/393 
f 390/489/391 389/488/390 392/491/393 394/493/395 
f 389/488/390 395/494/396 268/367/269 392/491/393 
f 273/372/274 396/495/397 397/496/398 274/373/275 
f 396/495/397 398/497/399 399/498/400 397/496/398 
f 393/492/394 391/490/392 397/496/398 399/498/400 
f 391/490/392 267/366/268 274/373/275 397/496/398 
f 280/379/281 400/499/401 401/500/402 281/380/282 
f 400/499/401 402/501/403 403/502/404 401/500/402 
f 398/497/399 396/495/397 401/500/402 403/502/404 
f 396/495/397 273/372/274 281/380/282 401/500/402 
f 404/503/405 405/504/406 406/505/407 
f 407/506/408 404/503/405 406/505/407 408/507/409 
f 402/501/403 400/499/401 404/503/405 407/506/408 
f 390/489/391 409/508/410 410/509/411 386/485/387 
f 409/508/410 353/452/354 356/455/357 410/509/411 
f 356/455/357 361/460/362 411/510/412 410/509/411 
f 412/511/413 386/485/387 410/509/411 411/510/412 
f 412/511/413 411/510/412 413/512/414 
f 393/492/394 414/513/415 415/514/416 394/493/395 
f 414/513/415 362/461/363 365/464/366 415/514/416 
f 353/452/354 409/508/410 415/514/416 365/464/366 
f 409/508/410 390/489/391 394/493/395 415/514/416 
f 398/497/399 416/515/417 417/516/418 399/498/400 
f 416/515/417 368/467/369 371/470/372 417/516/418 
f 362/461/363 414/513/415 417/516/418 371/470/372 
f 414/513/415 393/492/394 399/498/400 417/516/418 
f 402/501/403 418/517/419 419/518/420 403/502/404 
f 418/517/419 374/473/375 377/476/378 419/518/420 
f 368/467/369 416/515/417 419/518/420 377/476/378 
f 416/515/417 398/497/399 403/502/404 419/518/420 
f 407/506/408 408/507/409 420/519/421 421/520/422 
f 407/506/408 421/520/422 422/521/423 
f 421/520/422 380/479/381 383/482/384 422/521/423 
f 374/473/375 418/517/419 422/521/423 383/482/384 
f 418/517/419 402/501/403 407/506/408 422/521/423 
f 271/370/272 423/522/424 424/523/425 275/374/276 
f 424/523/425 425/524/426 426/525/427 
f 275/374/276 424/523/425 426/525/427 278/377/279 
f 265/364/266 427/526/428 428/527/429 269/368/270 
f 429/528/430 428/527/429 427/526/428 430/529/431 
f 429/528/430 430/529/431 431/530/432 
f 432/531/433 423/522/424 428/527/429 429/528/430 
f 423/522/424 271/370/272 269/368/270 428/527/429 
f 427/526/428 265/364/266 264/363/265 433/532/434 
f 427/526/428 433/532/434 434/533/435 
f 429/528/430 435/534/436 436/535/437 432/531/433 
f 437/536/438 438/537/439 439/538/440 440/539/441 
f 437/536/438 440/539/441 441/540/442 
f 437/536/438 442/541/443 443/542/444 438/537/439 
f 443/542/444 444/543/445 445/544/445 438/537/439 
f 442/541/443 446/545/446 447/546/447 443/542/444 
f 446/545/446 448/547/448 449/548/449 447/546/447 
f 447/546/447 449/548/449 450/549/450 451/550/451 
f 447/546/447 451/550/451 452/551/445 
f 447/546/447 452/551/445 444/543/445 443/542/444 
f 448/547/448 453/552/452 454/553/453 449/548/449 
f 453/552/452 455/554/454 456/555/455 454/553/453 
f 454/553/453 456/555/455 457/556/450 458/557/456 
f 454/553/453 458/557/456 459/558/445 
f 450/549/450 449/548/449 454/553/453 459/558/445 
f 450/549/450 459/558/445 460/559/445 
f 455/554/454 461/560/457 462/561/458 456/555/455 
f 461/560/457 463/562/459 464/563/460 462/561/458 
f 462/561/458 464/563/460 465/564/445 466/565/461 
f 457/556/450 456/555/455 462/561/458 466/565/461 
f 457/556/450 466/565/461 467/566/445 
f 463/562/459 468/567/462 469/568/463 464/563/460 
f 469/568/463 470/569/464 471/570/445 
f 464/563/460 469/568/463 471/570/445 465/564/445 
f 321/420/322 472/571/465 473/572/466 323/422/324 
f 472/571/465 474/573/467 475/574/468 473/572/466 
f 476/575/469 477/576/470 473/572/466 475/574/468 
f 477/576/470 325/424/326 323/422/324 473/572/466 
f 325/424/326 477/576/470 478/577/471 330/429/331 
f 477/576/470 476/575/469 479/578/472 478/577/471 
f 480/579/473 481/580/474 478/577/471 479/578/472 
f 481/580/474 332/431/333 330/429/331 478/577/471 
f 332/431/333 481/580/474 482/581/475 336/435/337 
f 481/580/474 480/579/473 483/582/476 482/581/475 
f 484/583/477 485/584/478 482/581/475 483/582/476 
f 485/584/478 338/437/339 336/435/337 482/581/475 
f 338/437/339 485/584/478 486/585/479 342/441/343 
f 485/584/478 484/583/477 487/586/480 486/585/479 
f 488/587/481 489/588/482 486/585/479 487/586/480 
f 489/588/482 344/443/345 342/441/343 486/585/479 
f 344/443/345 489/588/482 490/589/483 348/447/349 
f 489/588/482 488/587/481 491/590/484 490/589/483 
f 490/589/483 491/590/484 492/591/485 493/592/486 
f 348/447/349 490/589/483 493/592/486 494/593/487 
f 495/594/488 496/595/489 437/536/438 441/540/442 
f 495/594/488 441/540/442 497/596/490 
f 496/595/489 495/594/488 498/597/491 499/598/492 
f 500/599/493 501/600/494 496/595/489 499/598/492 
f 501/600/494 442/541/443 437/536/438 496/595/489 
f 442/541/443 501/600/494 502/601/495 446/545/446 
f 501/600/494 500/599/493 503/602/496 502/601/495 
f 504/603/497 505/604/498 502/601/495 503/602/496 
f 505/604/498 448/547/448 446/545/446 502/601/495 
f 448/547/448 505/604/498 506/605/499 453/552/452 
f 505/604/498 504/603/497 507/606/500 506/605/499 
f 508/607/501 509/608/502 506/605/499 507/606/500 
f 509/608/502 455/554/454 453/552/452 506/605/499 
f 455/554/454 509/608/502 510/609/503 461/560/457 
f 509/608/502 508/607/501 511/610/504 510/609/503 
f 512/611/505 513/612/506 510/609/503 511/610/504 
f 513/612/506 463/562/459 461/560/457 510/609/503 
f 463/562/459 513/612/506 514/613/507 468/567/462 
f 513/612/506 512/611/505 515/614/508 514/613/507 
f 516/615/509 517/616/510 514/613/507 515/614/508 
f 517/616/510 518/617/511 468/567/462 514/613/507 
f 519/618/512 520/619/513 521/620/514 518/617/511 
f 519/618/512 518/617/511 517/616/510 
f 517/616/510 516/615/509 522/621/515 519/618/512 
f 522/621/515 523/622/516 524/623/517 519/618/512 
f 525/624/518 526/625/519 527/626/520 
f 527/626/520 528/627/521 529/628/522 530/629/523 
f 527/626/520 530/629/523 525/624/518 
f 530/629/523 529/628/522 531/630/524 291/390/292 
f 290/389/291 532/631/525 530/629/523 291/390/292 
f 532/631/525 533/632/526 525/624/518 530/629/523 
f 474/573/467 534/633/527 535/634/528 475/574/468 
f 534/633/527 533/632/526 536/635/529 535/634/528 
f 537/636/530 538/637/531 535/634/528 536/635/529 
f 538/637/531 476/575/469 475/574/468 535/634/528 
f 533/632/526 532/631/525 539/638/532 536/635/529 
f 532/631/525 290/389/291 297/396/298 539/638/532 
f 296/395/297 540/639/533 539/638/532 297/396/298 
f 540/639/533 537/636/530 536/635/529 539/638/532 
f 476/575/469 538/637/531 541/640/534 479/578/472 
f 538/637/531 537/636/530 542/641/535 541/640/534 
f 543/642/536 544/643/537 541/640/534 542/641/535 
f 544/643/537 480/579/473 479/578/472 541/640/534 
f 537/636/530 540/639/533 545/644/538 542/641/535 
f 540/639/533 296/395/297 303/402/304 545/644/538 
f 302/401/303 546/645/539 545/644/538 303/402/304 
f 546/645/539 543/642/536 542/641/535 545/644/538 
f 480/579/473 544/643/537 547/646/540 483/582/476 
f 544/643/537 543/642/536 548/647/541 547/646/540 
f 549/648/542 550/649/543 547/646/540 548/647/541 
f 550/649/543 484/583/477 483/582/476 547/646/540 
f 543/642/536 546/645/539 551/650/544 548/647/541 
f 546/645/539 302/401/303 309/408/310 551/650/544 
f 308/407/309 552/651/545 551/650/544 309/408/310 
f 552/651/545 549/648/542 548/647/541 551/650/544 
f 484/583/477 550/649/543 553/652/546 487/586/480 
f 550/649/543 549/648/542 554/653/547 553/652/546 
f 555/654/548 556/655/549 553/652/546 554/653/547 
f 556/655/549 488/587/481 487/586/480 553/652/546 
f 549/648/542 552/651/545 557/656/550 554/653/547 
f 552/651/545 308/407/309 315/414/316 557/656/550 
f 314/413/315 558/657/551 557/656/550 315/414/316 
f 558/657/551 555/654/548 554/653/547 557/656/550 
f 488/587/481 556/655/549 559/658/552 491/590/484 
f 556/655/549 555/654/548 560/659/553 559/658/552 
f 559/658/552 560/659/553 561/660/554 562/661/555 
f 491/590/484 559/658/552 562/661/555 492/591/485 
f 555/654/548 558/657/551 563/662/556 560/659/553 
f 558/657/551 314/413/315 316/415/317 563/662/556 
f 563/662/556 316/415/317 564/663/557 565/664/558 
f 560/659/553 563/662/556 565/664/558 561/660/554 
f 566/665/559 500/599/493 499/598/492 567/666/560 
f 566/665/559 567/666/560 568/667/561 
f 500/599/493 566/665/559 569/668/562 503/602/496 
f 566/665/559 570/669/563 571/670/564 569/668/562 
f 572/671/565 573/672/566 569/668/562 571/670/564 
f 573/672/566 504/603/497 503/602/496 569/668/562 
f 570/669/563 574/673/567 575/674/568 571/670/564 
f 574/673/567 329/428/330 328/427/329 575/674/568 
f 327/426/328 576/675/569 575/674/568 328/427/329 
f 576/675/569 572/671/565 571/670/564 575/674/568 
f 504/603/497 573/672/566 577/676/570 507/606/500 
f 573/672/566 572/671/565 578/677/571 577/676/570 
f 579/678/572 580/679/573 577/676/570 578/677/571 
f 580/679/573 508/607/501 507/606/500 577/676/570 
f 572/671/565 576/675/569 581/680/574 578/677/571 
f 576/675/569 327/426/328 335/434/336 581/680/574 
f 334/433/335 582/681/575 581/680/574 335/434/336 
f 582/681/575 579/678/572 578/677/571 581/680/574 
f 508/607/501 580/679/573 583/682/576 511/610/504 
f 580/679/573 579/678/572 584/683/577 583/682/576 
f 585/684/578 586/685/579 583/682/576 584/683/577 
f 586/685/579 512/611/505 511/610/504 583/682/576 
f 579/678/572 582/681/575 587/686/580 584/683/577 
f 582/681/575 334/433/335 341/440/342 587/686/580 
f 340/439/341 588/687/581 587/686/580 341/440/342 
f 588/687/581 585/684/578 584/683/577 587/686/580 
f 512/611/505 586/685/579 589/688/582 515/614/508 
f 586/685/579 585/684/578 590/689/583 589/688/582 
f 591/690/584 592/691/585 589/688/582 590/689/583 
f 592/691/585 516/615/509 515/614/508 589/688/582 
f 585/684/578 588/687/581 593/692/586 590/689/583 
f 588/687/581 340/439/341 347/446/348 593/692/586 
f 346/445/347 594/693/587 593/692/586 347/446/348 
f 594/693/587 591/690/584 590/689/583 593/692/586 
f 516/615/509 592/691/585 595/694/588 522/621/515 
f 592/691/585 591/690/584 596/695/589 595/694/588 
f 596/695/589 597/696/590 598/697/591 595/694/588 
f 595/694/588 598/697/591 523/622/516 522/621/515 
f 591/690/584 594/693/587 599/698/592 596/695/589 
f 594/693/587 346/445/347 352/451/353 599/698/592 
f 352/451/353 351/450/352 600/699/593 599/698/592 
f 599/698/592 600/699/593 597/696/590 596/695/589 
f 357/456/358 601/700/594 602/701/595 358/457/359 
f 601/700/594 288/387/289 287/386/288 602/701/595 
f 287/386/288 286/385/287 603/702/596 602/701/595 
f 602/701/595 603/702/596 359/458/360 358/457/359 
f 366/465/367 604/703/597 605/704/598 367/466/368 
f 604/703/597 294/393/295 292/391/293 605/704/598 
f 288/387/289 601/700/594 605/704/598 292/391/293 
f 601/700/594 357/456/358 367/466/368 605/704/598 
f 372/471/373 606/705/599 607/706/600 373/472/374 
f 606/705/599 300/399/301 298/397/299 607/706/600 
f 294/393/295 604/703/597 607/706/600 298/397/299 
f 604/703/597 366/465/367 373/472/374 607/706/600 
f 378/477/379 608/707/601 609/708/602 379/478/380 
f 608/707/601 306/405/307 304/403/305 609/708/602 
f 300/399/301 606/705/599 609/708/602 304/403/305 
f 606/705/599 372/471/373 379/478/380 609/708/602 
f 384/483/385 610/709/603 611/710/604 385/484/386 
f 610/709/603 312/411/313 310/409/311 611/710/604 
f 306/405/307 608/707/601 611/710/604 310/409/311 
f 608/707/601 378/477/379 385/484/386 611/710/604 
f 451/550/451 450/549/450 460/559/445 
f 458/557/456 457/556/450 467/566/445 
f 612/711/605 395/494/396 613/712/606 
f 612/711/605 262/361/263 261/360/262 268/367/269 
f 612/711/605 268/367/269 395/494/396 
f 282/381/283 277/376/278 279/378/280 
f 313/412/314 312/411/313 614/713/607 317/416/318 
f 564/663/557 316/415/317 318/417/319 
f 349/448/350 348/447/349 494/593/487 350/449/351 
f 384/714/385 381/715/382 615/716/608 616/717/609 
f 381/715/382 380/718/381 617/719/610 615/716/608 
f 613/712/606 395/494/396 389/488/390 388/487/389 
f 387/486/388 386/485/387 412/511/413 
f 283/382/284 405/504/406 404/503/405 400/499/401 
f 283/382/284 400/499/401 280/379/281 
f 380/718/381 421/720/422 618/721/611 617/719/610 
f 618/721/611 421/720/422 420/722/421 
f 619/723/612 425/524/426 424/523/425 423/522/424 
f 619/723/612 423/522/424 432/531/433 
f 433/532/434 264/363/265 263/362/264 
f 430/529/431 427/526/428 434/533/435 
f 619/723/612 432/531/433 436/535/437 
f 435/534/436 429/528/430 431/530/432 
f 439/538/440 438/537/439 445/544/445 
f 620/724/613 470/569/464 469/568/463 468/567/462 
f 620/724/613 468/567/462 518/617/511 
f 620/724/613 518/617/511 521/620/514 
f 520/619/513 519/618/512 524/623/517 
f 312/725/313 610/726/603 621/727/614 614/728/607 
f 610/726/603 384/714/385 616/717/609 621/727/614 
s off
f 262/729/263 612/730/605 613/731/606 440/732/441 
f 388/733/389 387/734/388 412/735/413 440/732/441 
f 412/735/413 413/736/414 440/732/441 
f 613/731/606 388/733/389 440/732/441 
f 262/729/263 440/732/441 439/737/440 445/738/445 
f 262/729/263 445/738/445 444/739/445 452/740/445 
f 262/729/263 452/740/445 451/741/451 460/742/445 
f 520/743/513 524/744/517 523/745/516 521/746/514 
f 620/747/613 521/746/514 523/745/516 470/748/464 
f 471/749/445 470/748/464 523/745/516 465/750/445 
f 466/751/461 465/750/445 523/745/516 467/752/445 
f 458/753/456 467/752/445 523/745/516 459/754/445 
f 460/742/445 459/754/445 523/745/516 262/729/263 
f 523/745/516 598/755/591 597/756/590 351/757/352 
f 597/756/590 600/758/593 351/757/352 
f 351/757/352 350/759/351 494/760/487 492/761/485 
f 494/760/487 493/762/486 492/761/485 
f 523/745/516 351/757/352 492/761/485 318/763/319 
f 492/761/485 562/764/555 561/765/554 564/766/557 
f 561/765/554 565/767/558 564/766/557 
f 492/761/485 564/766/557 318/763/319 
f 523/745/516 318/763/319 317/768/318 614/769/607 
f 523/745/516 614/769/607 621/770/614 616/771/609 
f 523/745/516 616/771/609 615/772/608 262/729/263 
f 262/729/263 615/772/608 617/773/610 618/774/611 
f 618/774/611 420/775/421 408/776/409 262/729/263 
f 262/729/263 408/776/409 406/777/407 619/778/612 
f 406/777/407 405/779/406 283/780/284 619/778/612 
f 282/781/283 279/782/280 278/783/279 283/780/284 
f 426/784/427 425/785/426 619/778/612 278/783/279 
f 283/780/284 278/783/279 619/778/612 
f 619/778/612 436/786/437 435/787/436 431/788/432 
f 431/788/432 430/789/431 434/790/435 263/791/264 
f 434/790/435 433/792/434 263/791/264 
f 619/778/612 431/788/432 263/791/264 262/729/263 
s 2
f 322/421/323 329/428/330 622/793/615 319/418/320 
f 474/573/467 472/571/465 623/794/616 624/795/617 
f 472/571/465 321/420/322 320/419/321 623/794/616 
f 625/796/618 526/625/519 525/624/518 533/632/526 
f 625/796/618 533/632/526 534/633/527 
f 534/633/527 474/573/467 624/795/617 625/796/618 
f 567/666/560 499/598/492 498/597/491 
f 626/797/619 570/669/563 566/665/559 568/667/561 
f 622/793/615 329/428/330 574/673/567 627/798/620 
f 627/798/620 574/673/567 570/669/563 626/797/619 
s off
f 495/799/488 497/800/490 528/801/521 526/802/519 
f 528/801/521 527/803/520 526/802/519 
f 526/802/519 625/804/618 624/805/617 319/806/320 
f 623/807/616 320/808/321 319/806/320 624/805/617 
f 495/799/488 526/802/519 319/806/320 568/809/561 
f 319/806/320 622/810/615 627/811/620 568/809/561 
f 627/811/620 626/812/619 568/809/561 
f 495/799/488 568/809/561 567/813/560 498/814/491 
s 2
f 285/384/286 284/383/285 291/390/292 531/630/524 
s off
f 529/815/522 528/816/521 497/817/490 285/818/286 
f 497/817/490 441/819/442 440/820/441 411/821/412 
f 440/820/441 413/822/414 411/821/412 
f 497/817/490 411/821/412 361/823/362 360/824/361 
f 497/817/490 360/824/361 359/825/360 603/826/596 
f 497/817/490 603/826/596 286/827/287 285/818/286 
f 529/815/522 285/818/286 531/828/524 
# 339 polygons - 52 triangles

#
# object Cylinder001_frag_011
#

v  0.4778 0.2459 0.0471
v  0.4783 0.2444 0.0454
v  0.4537 0.2042 0.0761
v  0.4773 0.2520 0.0555
v  0.3783 0.0795 0.1733
v  0.3513 0.0351 0.2130
v  0.4784 0.2574 0.0644
v  0.3509 0.0335 0.2103
v  0.6055 0.4797 -0.0841
v  0.6042 0.4730 -0.0953
v  0.6048 0.4653 -0.1059
v  0.3533 0.0384 0.2198
v  0.4811 0.2619 0.0735
v  0.3564 0.0410 0.2264
v  0.4852 0.2653 0.0825
v  0.6141 0.4896 -0.0615
v  0.6089 0.4853 -0.0727
v  0.3605 0.0427 0.2328
v  0.4907 0.2676 0.0911
v  0.4974 0.2686 0.0990
v  0.3627 0.0430 0.2355
v  0.4953 0.2650 0.1013
v  0.6294 0.4938 -0.0407
v  0.6210 0.4925 -0.0507
v  0.4975 0.2686 0.0990
v  0.6321 0.4938 -0.0383
v  0.9315 0.9802 -0.4603
v  0.9330 0.9756 -0.4657
v  0.8863 0.8969 -0.4206
v  0.7714 0.7210 -0.3000
v  0.7684 0.7304 -0.2891
v  0.7677 0.7390 -0.2772
v  0.9308 0.9888 -0.4484
v  0.7692 0.7465 -0.2647
v  0.9323 0.9964 -0.4359
v  1.0536 1.1820 -0.5631
v  1.0340 1.1467 -0.5566
v  0.9780 1.0513 -0.5090
v  0.7730 0.7528 -0.2520
v  0.9361 1.0027 -0.4232
v  0.7788 0.7576 -0.2394
v  0.9419 1.0075 -0.4105
v  0.9816 1.0682 -0.4522
v  1.0358 1.1553 -0.5277
v  0.9451 1.0088 -0.4056
v  0.7732 0.7174 -0.3034
v  0.7052 0.6124 -0.2316
v  0.7033 0.6161 -0.2280
v  0.6847 0.5802 -0.2088
v  0.6829 0.5837 -0.2054
v  0.6800 0.5929 -0.1947
v  0.7003 0.6255 -0.2171
v  0.6996 0.6340 -0.2053
v  0.6793 0.6014 -0.1830
v  0.6808 0.6089 -0.1707
v  0.7011 0.6415 -0.1929
v  0.7049 0.6478 -0.1802
v  0.6845 0.6150 -0.1582
v  0.6902 0.6198 -0.1458
v  0.7106 0.6526 -0.1677
v  0.7184 0.6558 -0.1557
v  0.7865 0.7608 -0.2273
v  0.6978 0.6229 -0.1339
v  0.7071 0.6244 -0.1229
v  0.7277 0.6573 -0.1446
v  0.7669 0.7175 -0.1856
v  0.7940 0.7620 -0.2185
v  0.6646 0.5482 -0.1855
v  0.6630 0.5512 -0.1826
v  0.6078 0.4562 -0.1163
v  0.6075 0.4569 -0.1156
v  0.6602 0.5602 -0.1721
v  0.6595 0.5686 -0.1606
v  0.6610 0.5759 -0.1485
v  0.6646 0.5820 -0.1362
v  0.6702 0.5866 -0.1240
v  0.6777 0.5897 -0.1123
v  0.6868 0.5912 -0.1015
v  0.3002 -0.0560 0.2889
v  0.3075 -0.0410 0.2718
v  0.2995 -0.0567 0.2873
v  0.3038 -0.0546 0.2944
v  0.2942 -0.0704 0.3047
v  0.2974 -0.0661 0.3029
v  0.3044 -0.0545 0.2952
v  0.5914 0.4295 -0.0961
v  0.3334 0.0041 0.2338
v  0.2941 -0.0662 0.2956
v  0.8462 0.8299 -0.3800
v  0.8914 0.9215 -0.3374
v  0.7302 0.6572 -0.1423
v  0.7103 0.6243 -0.1200
v  0.6903 0.5911 -0.0983
# 93 vertices

vn -0.8946 0.2690 -0.3569
vn -0.2188 -0.5048 -0.8350
vn -0.2986 -0.4674 -0.8321
vn -0.9031 0.3710 -0.2161
vn -0.3783 -0.4329 -0.8182
vn -0.8844 0.4617 -0.0687
vn -0.8850 0.4607 -0.0680
vn -0.3771 -0.4316 -0.8194
vn -0.8843 0.4617 -0.0687
vn -0.9025 0.3721 -0.2168
vn -0.8940 0.2700 -0.3576
vn -0.8400 0.5362 0.0823
vn -0.8407 0.5352 0.0830
vn -0.7709 0.5933 0.2315
vn -0.7716 0.5923 0.2322
vn -0.7709 0.5934 0.2315
vn -0.8400 0.5363 0.0823
vn -0.6791 0.6313 0.3745
vn -0.6798 0.6302 0.3751
vn -0.5680 0.6479 0.5075
vn 0.4138 0.2799 0.8663
vn 0.4123 0.2784 0.8674
vn -0.5674 0.6490 0.5068
vn 0.4815 0.2285 0.8461
vn 0.4820 0.2302 0.8454
vn -0.8714 0.3067 -0.3830
vn 0.0473 -0.5176 -0.8543
vn 0.0469 -0.5183 -0.8539
vn -0.8371 0.1941 -0.5115
vn -0.8721 0.3056 -0.3822
vn -0.8806 0.4078 -0.2413
vn -0.8799 0.4089 -0.2420
vn -0.8624 0.4975 -0.0929
vn -0.8617 0.4986 -0.0937
vn 0.4599 0.7448 -0.4835
vn 0.0224 -0.2245 -0.9742
vn -0.0076 -0.4446 -0.8957
vn -0.8181 0.5721 0.0582
vn -0.8174 0.5732 0.0575
vn -0.7489 0.6293 0.2077
vn -0.7482 0.6304 0.2069
vn 0.3378 0.4866 0.8057
vn 0.3386 0.6456 0.6846
vn 0.3906 0.4062 0.8260
vn -0.1188 -0.5057 -0.8545
vn -0.1251 -0.5115 -0.8502
vn -0.8415 0.1872 -0.5068
vn -0.1312 -0.5221 -0.8427
vn -0.8483 0.1764 -0.4993
vn -0.8833 0.2878 -0.3700
vn -0.8766 0.2987 -0.3774
vn -0.8851 0.4008 -0.2365
vn -0.8919 0.3900 -0.2291
vn -0.8737 0.4797 -0.0808
vn -0.8669 0.4906 -0.0882
vn -0.8226 0.5652 0.0630
vn -0.8294 0.5543 0.0703
vn -0.7602 0.6114 0.2197
vn -0.7534 0.6223 0.2124
vn -0.6615 0.6604 0.3555
vn -0.6570 0.6673 0.3508
vn -0.6683 0.6494 0.3628
vn -0.5565 0.6671 0.4952
vn -0.5496 0.6781 0.4880
vn 0.4483 0.3372 0.8279
vn 0.4490 0.3390 0.8267
vn -0.1379 -0.5321 -0.8354
vn -0.8548 0.1657 -0.4918
vn -0.1401 -0.5397 -0.8301
vn -0.8590 0.1587 -0.4868
vn -0.8898 0.2771 -0.3625
vn -0.8984 0.3792 -0.2217
vn -0.8802 0.4689 -0.0735
vn -0.8359 0.5434 0.0775
vn -0.7667 0.6005 0.2268
vn -0.6749 0.6385 0.3699
vn -0.5631 0.6562 0.5023
vn -0.7668 0.6005 0.2269
vn -0.5599 -0.4112 -0.7193
vn -0.5488 -0.3941 -0.7373
vn -0.3601 -0.6886 0.6294
vn 0.5008 0.0094 0.8655
vn -0.7856 0.5899 0.1870
vn -0.2188 -0.5048 -0.8351
vn -0.4608 -0.4024 -0.7911
vn -0.7063 -0.5890 -0.3926
vn 0.1132 -0.5654 -0.8170
vn 0.3903 0.4056 0.8266
vn 0.5031 0.2687 0.8214
vn 0.4949 0.2545 0.8309
vn 0.4860 0.2408 0.8401
# 91 vertex normals

vt 1.0282 0.4130 0.7103
vt 1.0220 0.4130 0.7103
vt 1.0282 0.3847 0.6657
vt 0.0563 0.4130 0.7115
vt 0.0282 0.4130 0.7103
vt 0.0282 0.3847 0.6657
vt 0.0563 0.3226 0.5699
vt 0.0843 0.2972 0.5312
vt 0.0843 0.4130 0.7128
vt 0.0730 0.2972 0.5308
vt 0.0843 0.5287 0.8944
vt 0.0563 0.5287 0.8927
vt 0.0282 0.5615 0.9446
vt 0.1122 0.2972 0.5325
vt 0.1122 0.4130 0.7145
vt 0.1400 0.2972 0.5338
vt 0.1400 0.4130 0.7163
vt 0.1400 0.5287 0.8988
vt 0.1122 0.5287 0.8965
vt 0.1677 0.2972 0.5351
vt 0.1677 0.4130 0.7180
vt 0.1952 0.4130 0.7194
vt 0.1802 0.2972 0.5355
vt 0.1952 0.4111 0.7164
vt 0.1952 0.5287 0.9026
vt 0.1677 0.5287 0.9009
vt 0.1953 0.4130 0.7194
vt 0.2026 0.5287 0.9029
vt 1.0282 0.8049 0.9995
vt 1.0143 0.8049 0.9995
vt 1.0000 0.7650 0.9990
vt 1.0000 0.6702 0.9978
vt 1.0282 0.6311 0.9995
vt 0.0282 0.6311 0.9995
vt 0.0563 0.6702 0.9995
vt 0.0563 0.8049 1.0012
vt 0.0282 0.8049 0.9995
vt 0.0843 0.6702 1.0014
vt 0.0843 0.8049 1.0031
vt 0.0843 0.9050 1.0031
vt 0.0586 0.8865 1.0014
vt 0.0283 0.8480 0.9995
vt 0.1122 0.6702 1.0038
vt 0.1122 0.8049 1.0055
vt 0.1400 0.6702 1.0063
vt 0.1400 0.8049 1.0080
vt 0.1400 0.8376 1.0080
vt 0.1122 0.8871 1.0055
vt 0.1513 0.8049 1.0090
vt 0.9899 0.6702 0.9979
vt 0.9893 0.6137 0.9928
vt 1.0000 0.6137 0.9926
vt 0.9899 0.5963 0.9825
vt 1.0000 0.5963 0.9823
vt 1.0282 0.5963 0.9858
vt 1.0282 0.6137 0.9926
vt 0.0282 0.6137 0.9926
vt 0.0563 0.6137 0.9943
vt 0.0282 0.5963 0.9858
vt 0.0563 0.5963 0.9840
vt 0.0843 0.5963 0.9859
vt 0.0843 0.6137 0.9962
vt 0.1122 0.6137 0.9986
vt 0.1122 0.5963 0.9882
vt 0.1400 0.5963 0.9907
vt 0.1400 0.6137 1.0011
vt 0.1677 0.6137 1.0034
vt 0.1677 0.6702 1.0086
vt 0.1677 0.5963 0.9930
vt 0.1952 0.5963 0.9949
vt 0.1952 0.6137 1.0053
vt 0.1952 0.6461 1.0083
vt 0.1895 0.6702 1.0101
vt 0.9912 0.5789 0.9653
vt 1.0000 0.5789 0.9652
vt 0.9977 0.5287 0.8912
vt 1.0000 0.5287 0.8912
vt 1.0282 0.5615 0.9446
vt 1.0282 0.5789 0.9652
vt 0.0282 0.5789 0.9652
vt 0.0563 0.5789 0.9668
vt 0.0843 0.5789 0.9687
vt 0.1122 0.5789 0.9710
vt 0.1400 0.5789 0.9734
vt 0.1677 0.5789 0.9757
vt 0.1952 0.5789 0.9776
vt 0.1400 0.2470 0.4592
vt 0.1122 0.2560 0.4713
vt 0.1321 0.2470 0.4589
vt 0.1677 0.2470 0.4603
vt 0.1677 0.2388 0.4520
vt 0.1724 0.2409 0.4543
vt 0.1720 0.2470 0.4604
vt 1.0000 0.5142 0.8684
vt 0.0843 0.2810 0.5073
vt 0.1400 0.2417 0.4539
vt 0.6062 0.6778 0.3025
vt 0.6118 0.6757 0.3063
vt 0.6447 0.6786 0.3275
vt 0.6545 0.6839 0.3336
vt 0.6795 0.6929 0.3494
vt 0.7190 0.7180 0.3736
vt 0.7372 0.7342 0.3845
vt 0.7675 0.7596 0.4027
vt 0.8330 0.8280 0.4413
vt 0.8511 0.8501 0.4518
vt 0.9344 0.9514 0.5000
vt 0.9453 0.9659 0.5062
vt 0.9888 1.0336 0.5305
vt 0.9806 1.0162 0.5262
vt 0.9964 1.1075 0.5311
vt 0.9937 1.0510 0.5327
vt 0.9971 1.1681 0.5279
vt 0.9909 0.7306 0.9987
vt 1.0282 0.8557 0.9995
vt 0.1677 0.7568 1.0097
vt 0.2014 0.6137 1.0056
vt 0.2034 0.5963 0.9953
vt 0.2042 0.5789 0.9780
vt 0.0386 1.1075 0.6870
vt 0.0320 1.0834 0.6704
vt 0.0283 1.0510 0.6509
vt 0.0966 1.2424 0.7923
vt 0.0316 1.0336 0.6434
vt 0.0391 1.0162 0.6383
vt 0.1660 0.8501 0.6212
vt 0.0756 0.9659 0.6321
vt 0.1675 0.8482 0.6210
vt 0.2618 0.7342 0.6134
vt 0.5279 1.1681 0.9971
vt 0.3001 0.6839 0.6081
vt 0.3025 0.6778 0.6062
vt 0.5000 1.2025 0.9997
vt 0.4560 1.2424 0.9962
vt 0.3290 1.3276 0.9698
vt 0.4132 1.2808 0.9925
vt 0.2500 1.3426 0.9331
vt 0.1786 1.3248 0.8830
vt 0.1170 1.2752 0.8214
vt 0.0673 1.1942 0.7498
# 140 texture coords

o Cylinder001_frag_011
g Cylinder001_frag_011
usemtl wire_152247165
s 2
f 628/829/621 629/830/622 630/831/623 
f 631/832/624 628/833/621 630/834/623 632/835/625 
f 633/836/626 634/837/627 631/832/624 632/835/625 
f 633/836/626 632/835/625 635/838/628 
f 636/839/629 637/840/630 631/832/624 634/837/627 
f 637/840/630 638/841/631 628/833/621 631/832/624 
f 633/836/626 639/842/632 640/843/633 634/837/627 
f 639/842/632 641/844/634 642/845/635 640/843/633 
f 643/846/636 644/847/637 640/843/633 642/845/635 
f 644/847/637 636/839/629 634/837/627 640/843/633 
f 641/844/634 645/848/638 646/849/639 642/845/635 
f 647/850/640 646/849/639 645/848/638 648/851/641 
f 647/850/640 648/851/641 649/852/642 
f 650/853/643 651/854/638 646/849/639 647/850/640 
f 651/854/638 643/846/636 642/845/635 646/849/639 
f 652/855/644 653/856/645 650/853/643 647/850/640 
f 654/857/646 655/858/647 656/859/648 657/860/649 
f 654/857/646 657/860/649 658/861/650 
f 658/862/650 659/863/651 660/864/652 654/865/646 
f 659/863/651 661/866/653 662/867/654 660/864/652 
f 662/867/654 663/868/655 664/869/656 660/864/652 
f 660/864/652 664/869/656 665/870/657 654/865/646 
f 661/866/653 666/871/658 667/872/659 662/867/654 
f 666/871/658 668/873/660 669/874/661 667/872/659 
f 667/872/659 669/874/661 670/875/662 671/876/663 
f 662/867/654 667/872/659 671/876/663 663/868/655 
f 669/874/661 672/877/664 670/875/662 
f 657/860/649 673/878/665 674/879/666 675/880/667 
f 675/880/667 674/879/666 676/881/668 677/882/669 
f 678/883/670 679/884/671 675/880/667 677/882/669 
f 679/884/671 658/861/650 657/860/649 675/880/667 
f 658/862/650 679/885/671 680/886/672 659/863/651 
f 679/885/671 678/887/670 681/888/673 680/886/672 
f 682/889/674 683/890/675 680/886/672 681/888/673 
f 683/890/675 661/866/653 659/863/651 680/886/672 
f 661/866/653 683/890/675 684/891/676 666/871/658 
f 683/890/675 682/889/674 685/892/677 684/891/676 
f 686/893/678 687/894/679 684/891/676 685/892/677 
f 687/894/679 668/873/660 666/871/658 684/891/676 
f 668/873/660 687/894/679 688/895/680 689/896/681 
f 687/894/679 686/893/678 690/897/682 688/895/680 
f 691/898/683 692/899/684 688/895/680 690/897/682 
f 692/899/684 693/900/685 694/901/686 689/896/681 
f 692/899/684 689/896/681 688/895/680 
f 677/882/669 676/881/668 695/902/687 696/903/688 
f 696/903/688 695/902/687 697/904/689 698/905/690 
f 638/906/631 699/907/691 696/903/688 698/905/690 
f 699/907/691 678/883/670 677/882/669 696/903/688 
f 678/887/670 699/908/691 700/909/692 681/888/673 
f 699/908/691 638/841/631 637/840/630 700/909/692 
f 636/839/629 701/910/693 700/909/692 637/840/630 
f 701/910/693 682/889/674 681/888/673 700/909/692 
f 682/889/674 701/910/693 702/911/694 685/892/677 
f 701/910/693 636/839/629 644/847/637 702/911/694 
f 643/846/636 703/912/695 702/911/694 644/847/637 
f 703/912/695 686/893/678 685/892/677 702/911/694 
f 686/893/678 703/912/695 704/913/696 690/897/682 
f 703/912/695 643/846/636 651/854/638 704/913/696 
f 650/853/643 705/914/697 704/913/696 651/854/638 
f 705/914/697 691/898/683 690/897/682 704/913/696 
f 706/915/698 641/844/634 639/842/632 707/916/699 
f 706/915/698 707/916/699 708/917/700 
f 641/844/634 706/915/698 709/918/696 645/848/638 
f 710/919/701 711/920/702 712/921/703 709/918/696 
f 709/918/696 712/921/703 648/851/641 645/848/638 
f 713/922/704 629/830/622 628/829/621 638/906/631 
f 713/922/704 638/906/631 698/905/690 
f 713/922/704 698/905/690 697/904/689 
f 714/923/705 633/836/626 635/838/628 
f 639/842/632 633/836/626 714/923/705 707/916/699 
f 715/924/706 706/915/698 708/917/700 
f 709/918/696 706/915/698 715/924/706 710/919/701 
s off
f 711/925/702 710/926/701 715/927/706 708/928/700 
f 708/928/700 707/929/699 714/930/705 635/931/628 
f 632/932/625 630/933/623 629/934/622 635/931/628 
f 629/934/622 713/935/704 697/936/689 676/937/668 
f 697/936/689 695/938/687 676/937/668 
f 635/931/628 629/934/622 676/937/668 708/928/700 
f 711/925/702 708/928/700 676/937/668 673/939/665 
f 676/937/668 674/940/666 673/939/665 
f 711/925/702 673/939/665 716/941/707 
s 2
f 652/855/644 647/850/640 649/852/642 
f 716/942/707 673/878/665 657/860/649 656/859/648 
f 655/858/647 654/857/646 665/943/657 
f 717/944/708 672/877/664 669/874/661 668/873/660 
f 717/944/708 668/873/660 689/896/681 
f 717/944/708 689/896/681 694/901/686 
f 693/900/685 692/899/684 718/945/709 
f 692/899/684 691/898/683 719/946/710 718/945/709 
f 691/898/683 705/914/697 720/947/711 719/946/710 
f 705/914/697 650/853/643 653/856/645 720/947/711 
s off
f 694/948/686 693/949/685 718/950/709 672/951/664 
f 718/950/709 719/952/710 720/953/711 652/954/644 
f 720/953/711 653/955/645 652/954/644 
f 652/954/644 649/956/642 648/957/641 716/958/707 
f 712/959/703 711/960/702 716/958/707 648/957/641 
f 716/958/707 656/961/648 655/962/647 664/963/656 
f 655/962/647 665/964/657 664/963/656 
f 664/963/656 663/965/655 671/966/663 672/951/664 
f 671/966/663 670/967/662 672/951/664 
f 716/958/707 664/963/656 672/951/664 652/954/644 
f 718/950/709 652/954/644 672/951/664 
f 694/948/686 672/951/664 717/968/708 
# 79 polygons - 24 triangles

#
# object Cylinder001_frag_012
#

v  0.0725 -0.4750 0.6259
v  0.0733 -0.4763 0.6244
v  0.0653 -0.4712 0.6242
v  0.0655 -0.4706 0.6258
v  0.0556 -0.4662 0.6223
v  0.0556 -0.4654 0.6239
v  0.0555 -0.4640 0.6263
v  0.0659 -0.4694 0.6283
v  0.0521 -0.4640 0.6226
v  0.0525 -0.4628 0.6252
v  0.0607 -0.4613 0.6123
v  0.0580 -0.4640 0.6172
v  0.0673 -0.4688 0.6189
v  0.0695 -0.4659 0.6140
v  0.0566 -0.4655 0.6199
v  0.0661 -0.4704 0.6217
v  0.0750 -0.4761 0.6219
v  0.0752 -0.4760 0.6217
v  0.0761 -0.4745 0.6191
v  0.0780 -0.4713 0.6142
v  0.0790 -0.4530 0.5951
v  0.0718 -0.4487 0.5932
v  0.0703 -0.4505 0.5954
v  0.0780 -0.4545 0.5969
v  0.0650 -0.4565 0.6045
v  0.0733 -0.4608 0.6060
v  0.0812 -0.4659 0.6062
v  0.0840 -0.4615 0.6002
v  0.0804 -0.4560 0.5969
v  0.0419 -0.5067 0.6498
v  0.0466 -0.5097 0.6500
v  0.0442 -0.5032 0.6557
v  0.0436 -0.5028 0.6557
v  0.0440 -0.5020 0.6565
v  0.0435 -0.4992 0.6582
v  0.0387 -0.4967 0.6573
v  0.0331 -0.4974 0.6537
v  0.0321 -0.5016 0.6480
v  0.0326 -0.4974 0.6533
v  0.0664 -0.4672 0.6360
v  0.0661 -0.4673 0.6377
v  0.0672 -0.4677 0.6360
v  0.0663 -0.4681 0.6319
v  0.0695 -0.4701 0.6320
v  0.0713 -0.4729 0.6284
v  0.0553 -0.4624 0.6298
v  0.0551 -0.4618 0.6317
v  0.0574 -0.4625 0.6343
v  0.0559 -0.4662 0.6213
v  0.0655 -0.4712 0.6232
v  0.0739 -0.4766 0.6233
v  0.0665 -0.4489 0.5941
v  0.0860 -0.4696 0.6054
v  0.0399 -0.5120 0.6405
v  0.0484 -0.5164 0.6423
v  0.0492 -0.5154 0.6443
v  0.0317 -0.5079 0.6388
v  0.0300 -0.5007 0.6472
v  0.0280 -0.5060 0.6380
v  0.0773 -0.4754 0.6189
v  0.0815 -0.4740 0.6136
v  0.0868 -0.4719 0.6068
v  0.0625 -0.4674 0.6428
v  0.0619 -0.4671 0.6427
v  0.0619 -0.4678 0.6435
v  0.0604 -0.4645 0.6388
v  0.0649 -0.4668 0.6396
v  0.0436 -0.4953 0.6595
v  0.0435 -0.4953 0.6595
v  0.0499 -0.5171 0.6426
v  0.0631 -0.4487 0.5944
v  0.0529 -0.4614 0.6289
v  0.0529 -0.4613 0.6294
v  0.0519 -0.4647 0.6210
v  0.0526 -0.4638 0.6185
v  0.0537 -0.4623 0.6156
v  0.0558 -0.4593 0.6105
v  0.0593 -0.4542 0.6024
v  0.0521 -0.4646 0.6199
v  0.0313 -0.4973 0.6523
# 80 vertices

vn 0.9120 0.3924 0.1193
vn 0.8625 0.3441 0.3711
vn 0.5075 0.8475 -0.1556
vn 0.4901 0.7697 -0.4090
vn 0.4530 0.8759 -0.1663
vn 0.4749 0.7777 -0.4120
vn 0.4741 0.7916 -0.3855
vn 0.4938 0.7813 -0.3817
vn -0.2965 0.8887 -0.3497
vn -0.2784 0.8968 -0.3438
vn 0.2090 0.7904 0.5759
vn 0.2227 0.8048 0.5502
vn 0.3612 0.7325 0.5770
vn 0.3495 0.7171 0.6031
vn 0.2300 0.8121 0.5363
vn 0.3673 0.7404 0.5629
vn 0.7059 0.2834 0.6492
vn 0.7088 0.2851 0.6452
vn 0.4948 0.6472 0.5799
vn 0.4850 0.6306 0.6060
vn 0.7127 0.4617 -0.5281
vn 0.2512 0.7268 -0.6392
vn 0.1676 0.7436 0.6473
vn 0.3130 0.6677 0.6754
vn 0.1932 0.7731 0.6041
vn 0.3358 0.6988 0.6316
vn 0.4732 0.6110 0.6346
vn 0.8712 0.1914 -0.4522
vn 0.2616 0.6062 0.7511
vn -0.4634 -0.6978 0.5462
vn 0.2198 -0.6262 0.7480
vn 0.2182 -0.5711 0.7914
vn -0.4249 -0.6078 0.6708
vn 0.2482 -0.4724 0.8457
vn 0.2224 -0.4151 0.8822
vn -0.5210 0.0820 0.8496
vn -0.6031 -0.0161 0.7975
vn -0.4721 -0.6932 0.5445
vn -0.6216 -0.0139 0.7832
vn 0.5038 0.8629 -0.0389
vn 0.7961 0.4367 0.4189
vn 0.8535 0.4397 0.2798
vn 0.5045 0.8216 -0.2653
vn 0.8914 0.4203 0.1698
vn 0.9086 0.4036 0.1078
vn 0.4663 0.8416 -0.2726
vn 0.0090 0.9688 0.2478
vn 0.0340 0.9611 0.2742
vn 0.3261 0.8900 0.3185
vn 0.4428 0.8291 0.3412
vn -0.2664 0.9587 -0.0998
vn 0.1093 0.6851 0.7202
vn 0.9028 0.0163 -0.4298
vn -0.4071 -0.8877 -0.2153
vn -0.4053 -0.8885 -0.2151
vn 0.2257 -0.6339 0.7397
vn -0.4088 -0.8868 -0.2157
vn -0.9337 -0.1646 0.3180
vn -0.8556 -0.4456 -0.2632
vn 0.7480 0.2110 0.6293
vn -0.3015 0.9522 0.0485
vn 0.9418 -0.1725 -0.2885
vn 0.6508 0.3940 0.6490
vn -0.0367 0.8046 0.5927
vn 0.2892 0.3956 0.8717
vn 0.0131 0.8995 0.4366
vn 0.7452 0.4650 0.4780
vn 0.2761 -0.2252 0.9344
vn -0.4160 0.2191 0.8826
vn 0.2807 -0.9578 0.0613
vn -0.3381 0.7087 -0.6192
vn 0.1989 0.2641 0.9438
vn -0.2762 0.9233 -0.2667
vn -0.3178 0.9469 0.0494
vn 0.9235 0.3818 -0.0378
vn -0.7436 0.6649 0.0704
vn -0.4702 0.8359 0.2830
vn 0.8097 0.2823 0.5145
vn -0.4898 0.8130 0.3148
vn -0.4790 0.8673 0.1353
vn -0.8425 0.0687 0.5343
# 81 vertex normals

vt 0.3524 0.0199 0.7795
vt 0.3559 0.0200 0.7586
vt 0.3323 0.0200 0.7601
vt 0.3323 0.0199 0.7808
vt 0.3048 0.0200 0.7616
vt 0.3048 0.0199 0.7823
vt 0.3048 0.0199 0.8151
vt 0.3323 0.0199 0.8135
vt 0.2954 0.0199 0.7826
vt 0.2969 0.0199 0.8154
vt 0.3048 0.0243 0.6952
vt 0.3048 0.0221 0.7248
vt 0.3323 0.0221 0.7235
vt 0.3323 0.0243 0.6938
vt 0.3048 0.0209 0.7424
vt 0.3323 0.0209 0.7410
vt 0.3596 0.0209 0.7393
vt 0.3600 0.0210 0.7377
vt 0.3600 0.0221 0.7218
vt 0.3600 0.0243 0.6922
vt 0.3323 0.0334 0.5927
vt 0.3048 0.0337 0.5917
vt 0.3048 0.0325 0.6017
vt 0.3323 0.0325 0.6006
vt 0.3048 0.0280 0.6498
vt 0.3323 0.0280 0.6486
vt 0.3600 0.0280 0.6471
vt 0.3600 0.0309 0.6154
vt 0.3413 0.0325 0.6001
vt 0.3323 0.0006 0.7733
vt 0.3460 0.0006 0.7724
vt 0.3340 0.0009 0.8596
vt 0.3323 0.0009 0.8597
vt 0.3323 0.0010 0.8733
vt 0.3289 0.0014 0.9075
vt 0.3175 0.0014 0.9082
vt 0.3061 0.0009 0.8613
vt 0.3048 0.0006 0.7748
vt 0.3048 0.0008 0.8564
vt 0.3323 0.0191 0.9073
vt 0.3323 0.0187 0.9241
vt 0.3345 0.0191 0.9072
vt 0.3323 0.0196 0.8597
vt 0.3407 0.0196 0.8591
vt 0.3473 0.0199 0.8125
vt 0.3048 0.0196 0.8613
vt 0.3048 0.0193 0.8837
vt 0.3111 0.0191 0.9086
vt 0.3048 0.0203 0.7515
vt 0.3323 0.0203 0.7500
vt 0.3578 0.0203 0.7484
vt 0.2912 0.0325 0.6021
vt 0.3779 0.0280 0.6460
vt 0.3323 0.0005 0.6425
vt 0.3600 0.0005 0.6630
vt 0.3600 0.0005 0.6910
vt 0.3048 0.0005 0.6419
vt 0.2989 0.0006 0.7750
vt 0.2927 0.0005 0.6502
vt 0.3640 0.0221 0.7215
vt 0.3721 0.0243 0.6915
vt 0.3829 0.0272 0.6552
vt 0.3273 0.0170 0.9712
vt 0.3259 0.0170 0.9712
vt 0.3268 0.0166 0.9749
vt 0.3199 0.0182 0.9452
vt 0.3302 0.0182 0.9445
vt 0.3255 0.0023 0.9448
vt 0.3254 0.0023 0.9448
vt 0.3645 0.0005 0.6703
vt 0.4231 0.4691 0.2141
vt 0.4000 0.4704 0.2254
vt 0.3533 0.4701 0.2460
vt 0.4394 0.4685 0.2063
vt 0.3376 0.4691 0.2522
vt 0.3037 0.4676 0.2661
vt 0.2682 0.4647 0.2796
vt 0.2574 0.4639 0.2838
vt 0.2791 0.4372 0.2523
vt 0.2886 0.4372 0.2481
vt 0.3410 0.4372 0.2247
vt 0.3916 0.4372 0.2021
vt 0.4144 0.4372 0.1919
vt 0.1258 0.4376 0.2839
vt 0.1341 0.4375 0.2837
vt 0.1875 0.4372 0.2817
vt 0.0868 0.4389 0.2846
vt 0.2374 0.4372 0.2797
vt 0.2523 0.4372 0.2791
vt 0.2838 0.4639 0.2574
vt 0.1935 0.4566 0.2667
vt 0.1732 0.4565 0.2676
vt 0.1444 0.4563 0.2690
vt 0.1040 0.4553 0.2713
vt 0.1146 0.4557 0.2706
vt 0.2063 0.4567 0.2661
vt 0.0926 0.4548 0.2722
vt 0.0775 0.4536 0.2737
vt 0.0865 0.4389 0.2846
vt 0.0752 0.4532 0.2741
vt 0.2127 0.4569 0.2656
vt 0.2186 0.4576 0.2649
vt 0.2197 0.4577 0.2648
vt 0.2322 0.4588 0.2634
vt 0.2555 0.4610 0.2608
vt 0.1070 0.4380 0.2844
vt 0.2988 0.0196 0.8616
vt 0.2990 0.0195 0.8671
vt 0.3255 0.0023 0.9453
vt 0.2944 0.0200 0.7619
vt 0.2932 0.0209 0.7428
vt 0.2920 0.0221 0.7252
vt 0.2898 0.0243 0.6956
vt 0.2860 0.0280 0.6504
vt 0.2938 0.0203 0.7518
vt 0.2820 0.0318 0.6091
vt 0.3014 0.0008 0.8473
vt 0.7150 0.4389 0.0866
vt 0.7154 0.4389 0.0865
vt 0.7259 0.4532 0.0752
vt 0.7002 0.4548 0.0797
vt 0.7225 0.4536 0.0757
vt 0.6698 0.4557 0.0856
vt 0.6493 0.4560 0.0898
vt 0.6447 0.4375 0.1025
vt 0.6312 0.4562 0.0936
vt 0.6350 0.4375 0.1046
vt 0.6486 0.4375 0.1017
vt 0.6862 0.4380 0.0933
vt 0.8081 0.4372 0.4144
vt 0.8634 0.4372 0.3831
vt 0.8954 0.4375 0.3650
vt 0.9040 0.4563 0.3702
vt 0.9064 0.4562 0.3688
vt 0.8836 0.4565 0.3820
vt 0.8691 0.4566 0.3902
vt 0.8599 0.4567 0.3955
vt 0.8555 0.4569 0.3981
vt 0.8516 0.4576 0.4007
vt 0.8439 0.4588 0.4056
vt 0.8311 0.4610 0.4141
vt 0.8115 0.4647 0.4272
vt 0.7937 0.4685 0.4394
# 143 texture coords

o Cylinder001_frag_012
g Cylinder001_frag_012
usemtl wire_160237141
s 2
f 721/969/712 722/970/713 723/971/714 724/972/715 
f 723/971/714 725/973/716 726/974/717 724/972/715 
f 727/975/718 728/976/719 724/972/715 726/974/717 
f 726/974/717 729/977/720 730/978/721 727/975/718 
f 731/979/722 732/980/723 733/981/724 734/982/725 
f 732/980/723 735/983/726 736/984/727 733/981/724 
f 733/981/724 736/984/727 737/985/728 738/986/729 
f 733/981/724 738/986/729 739/987/730 
f 739/987/730 740/988/731 734/982/725 733/981/724 
f 741/989/732 742/990/733 743/991/734 744/992/735 
f 743/991/734 745/993/736 746/994/737 744/992/735 
f 745/993/736 731/979/722 734/982/725 746/994/737 
f 740/988/731 747/995/738 746/994/737 734/982/725 
f 747/995/738 748/996/739 749/997/740 744/992/735 
f 747/995/738 744/992/735 746/994/737 
f 750/998/741 751/999/742 752/1000/743 753/1001/744 
f 754/1002/745 755/1003/746 756/1004/747 757/1005/748 
f 754/1002/745 757/1005/748 753/1001/744 
f 758/1006/749 750/998/741 753/1001/744 757/1005/748 
f 758/1006/749 757/1005/748 759/1007/750 
f 760/1008/751 761/1009/752 762/1010/753 
f 763/1011/754 760/1008/751 762/1010/753 764/1012/755 
f 728/976/719 763/1011/754 764/1012/755 765/1013/756 
f 727/975/718 766/1014/757 763/1011/754 728/976/719 
f 766/1014/757 767/1015/758 768/1016/759 760/1008/751 
f 766/1014/757 760/1008/751 763/1011/754 
f 735/983/726 769/1017/760 770/1018/761 736/984/727 
f 769/1017/760 725/973/716 723/971/714 770/1018/761 
f 770/1018/761 723/971/714 722/970/713 771/1019/762 
f 736/984/727 770/1018/761 771/1019/762 737/985/728 
f 741/989/732 744/992/735 749/997/740 
f 772/1020/763 743/991/734 742/990/733 
f 748/996/739 747/995/738 773/1021/764 
f 750/998/741 774/1022/765 775/1023/766 776/1024/767 
f 750/998/741 776/1024/767 751/999/742 
f 774/1022/765 750/998/741 758/1006/749 777/1025/768 
f 777/1025/768 758/1006/749 778/1026/769 779/1027/770 
f 724/972/715 728/976/719 765/1013/756 721/969/712 
f 740/988/731 739/987/730 780/1028/771 781/1029/772 
f 780/1028/771 739/987/730 738/986/729 
f 781/1029/772 782/1030/773 773/1021/764 747/995/738 
f 781/1029/772 747/995/738 740/988/731 
f 783/1031/774 784/1032/775 785/1033/776 
f 754/1002/745 753/1001/744 752/1000/743 
f 760/1008/751 768/1016/759 786/1034/777 787/1035/778 
f 760/1008/751 787/1035/778 761/1009/752 
f 787/1035/778 786/1034/777 784/1032/775 783/1031/774 
f 756/1004/747 755/1003/746 788/1036/779 789/1037/780 
f 776/1024/767 775/1023/766 790/1038/781 
s off
f 772/1039/763 742/1040/733 741/1041/732 791/1042/782 
f 749/1043/740 748/1044/739 773/1045/764 741/1041/732 
f 773/1045/764 782/1046/773 790/1047/781 775/1048/766 
f 773/1045/764 775/1048/766 774/1049/765 741/1041/732 
f 777/1050/768 779/1051/770 791/1042/782 774/1049/765 
f 741/1041/732 774/1049/765 791/1042/782 
f 754/1052/745 752/1053/743 751/1054/742 788/1055/779 
f 776/1056/767 790/1057/781 782/1058/773 751/1054/742 
f 721/1059/712 765/1060/756 764/1061/755 761/1062/752 
f 764/1061/755 762/1063/753 761/1062/752 
f 722/1064/713 721/1059/712 761/1062/752 788/1055/779 
f 761/1062/752 787/1065/778 783/1066/774 788/1067/783 
f 783/1066/774 785/1068/776 788/1067/783 
f 761/1062/752 788/1067/783 788/1055/779 
f 771/1069/762 722/1064/713 788/1055/779 737/1070/728 
f 738/1071/729 737/1070/728 788/1055/779 780/1072/771 
f 781/1073/772 780/1072/771 788/1055/779 782/1058/773 
f 751/1054/742 782/1058/773 788/1055/779 
f 754/1052/745 788/1055/779 755/1074/746 
s 2
f 767/1015/758 766/1014/757 792/1075/784 793/1076/785 
f 789/1037/780 788/1036/779 788/1077/783 
f 729/977/720 726/974/717 725/973/716 794/1078/786 
f 795/1079/787 735/983/726 732/980/723 796/1080/788 
f 796/1080/788 732/980/723 731/979/722 797/1081/789 
f 797/1081/789 731/979/722 745/993/736 798/1082/790 
f 794/1078/786 725/973/716 769/1017/760 799/1083/791 
f 799/1083/791 769/1017/760 735/983/726 795/1079/787 
f 791/1084/782 798/1082/790 745/993/736 743/991/734 
f 791/1084/782 743/991/734 772/1020/763 
f 758/1006/749 759/1007/750 800/1085/792 778/1026/769 
f 792/1075/784 766/1014/757 727/975/718 730/978/721 
s off
f 789/1086/780 788/1087/783 785/1088/776 786/1089/777 
f 785/1088/776 784/1090/775 786/1089/777 
f 786/1089/777 768/1091/759 767/1092/758 759/1093/750 
f 767/1092/758 793/1094/785 800/1095/792 759/1093/750 
f 789/1086/780 786/1089/777 759/1093/750 757/1096/748 
f 789/1086/780 757/1096/748 756/1097/747 
f 779/1098/770 778/1099/769 800/1100/792 792/1101/784 
f 800/1100/792 793/1102/785 792/1101/784 
f 792/1101/784 730/1103/721 729/1104/720 779/1098/770 
f 779/1098/770 729/1104/720 794/1105/786 799/1106/791 
f 779/1098/770 799/1106/791 795/1107/787 796/1108/788 
f 779/1098/770 796/1108/788 797/1109/789 798/1110/790 
f 779/1098/770 798/1110/790 791/1111/782 
# 65 polygons - 28 triangles

#
# object Cylinder001_frag_013_frag_003
#

v  0.4272 0.0041 0.2401
v  0.4911 0.0924 0.1819
v  0.4368 0.0266 0.2341
v  0.4245 0.0093 0.2452
v  0.5826 0.2015 0.0822
v  0.6725 0.3200 -0.0104
v  0.7352 0.4046 -0.0700
v  0.5829 0.2029 0.0846
v  0.7358 0.4075 -0.0653
v  0.6623 0.3106 0.0105
v  0.9396 0.9609 -0.4809
v  0.9399 0.9604 -0.4813
v  0.9340 0.9523 -0.4750
v  0.8997 0.9045 -0.4379
v  0.9381 0.9637 -0.4781
v  1.2429 1.2644 -0.7204
v  1.2528 1.2615 -0.7152
v  1.2527 1.2572 -0.7167
v  1.2422 1.2603 -0.7223
v  1.2326 1.2686 -0.7241
v  1.2314 1.2647 -0.7261
v  1.2338 1.2724 -0.7218
v  1.2420 1.2691 -0.7189
v  1.2433 1.2682 -0.7185
v  1.2225 1.2739 -0.7260
v  1.2207 1.2703 -0.7282
v  1.2127 1.2801 -0.7263
v  1.2103 1.2769 -0.7284
v  1.2243 1.2774 -0.7236
v  1.2007 1.2844 -0.7268
v  1.2028 1.2864 -0.7252
v  1.2056 1.2856 -0.7251
v  1.1970 1.2877 -0.7253
v  0.8419 0.5517 -0.1898
v  0.8332 0.5391 -0.1810
v  0.8415 0.5514 -0.1905
v  0.9074 0.6535 -0.2688
v  0.9107 0.6562 -0.2617
v  0.8001 0.4927 -0.1319
v  0.2961 -0.0879 0.3278
v  0.2977 -0.0881 0.3289
v  0.3073 -0.0728 0.3192
v  0.3087 -0.0695 0.3168
v  0.3515 -0.0741 0.3115
v  0.3487 -0.0715 0.3126
v  0.3384 -0.0824 0.3214
v  0.3251 -0.1024 0.3342
v  0.3296 -0.1066 0.3324
v  0.3634 -0.0568 0.3007
v  0.3335 -0.1110 0.3297
v  0.3556 -0.0787 0.3087
v  0.3342 -0.1120 0.3289
v  0.3583 -0.0825 0.3056
v  0.3643 -0.0755 0.3000
v  0.4233 0.0110 0.2465
v  0.3952 -0.0219 0.2726
v  0.4109 -0.0185 0.2550
v  0.4276 0.0026 0.2384
v  0.2743 -0.1205 0.3486
v  0.2769 -0.1210 0.3504
v  0.2823 -0.1225 0.3533
v  0.2999 -0.0950 0.3352
v  0.3020 -0.0894 0.3312
v  0.2481 -0.1753 0.3889
v  0.2427 -0.1737 0.3861
v  0.2535 -0.1775 0.3908
v  0.2878 -0.1248 0.3553
v  0.2986 -0.1082 0.3444
v  0.2590 -0.1804 0.3919
v  0.2933 -0.1277 0.3563
v  0.2642 -0.1837 0.3920
v  0.2986 -0.1311 0.3564
v  0.3188 -0.1003 0.3363
v  0.3049 -0.1099 0.3447
v  0.2691 -0.1875 0.3912
v  0.3036 -0.1349 0.3556
v  0.2716 -0.1898 0.3902
v  0.2858 -0.1728 0.3768
v  0.3080 -0.1390 0.3538
v  0.3243 -0.1247 0.3388
v  1.2310 1.2634 -0.7267
v  1.2415 1.2567 -0.7236
v  1.2199 1.2689 -0.7289
v  1.2077 1.2735 -0.7303
v  1.1975 1.2812 -0.7286
v  1.1972 1.2757 -0.7304
v  1.1944 1.2779 -0.7299
v  1.1848 1.2867 -0.7261
v  1.1879 1.2893 -0.7251
v  1.1889 1.2892 -0.7252
v  1.2629 1.2508 -0.7106
v  1.2628 1.2461 -0.7111
v  1.2518 1.2479 -0.7188
v  1.2525 1.2526 -0.7180
v  1.2588 1.2562 -0.7124
v  1.2629 1.2523 -0.7103
v  1.1814 1.2836 -0.7264
v  1.1929 1.2762 -0.7301
v  1.1895 1.2761 -0.7296
v  1.1768 1.2887 -0.7232
v  1.1824 1.2894 -0.7245
v  1.1783 1.2802 -0.7258
v  1.1721 1.2872 -0.7215
v  1.1754 1.2766 -0.7244
v  1.1681 1.2848 -0.7194
v  1.1725 1.2726 -0.7222
v  1.1645 1.2816 -0.7167
v  1.2677 1.2283 -0.6960
v  1.2700 1.2326 -0.6984
v  1.2702 1.2327 -0.6981
v  1.2686 1.2284 -0.6950
v  1.2704 1.2339 -0.6989
v  1.2567 1.2378 -0.7129
v  1.2549 1.2427 -0.7160
v  1.2622 1.2415 -0.7108
v  1.2610 1.2371 -0.7099
v  1.2518 1.2476 -0.7188
v  1.2569 1.2286 -0.7059
v  1.2592 1.2329 -0.7082
v  1.2559 1.2288 -0.7066
v  1.2570 1.2333 -0.7098
v  1.2342 1.2737 -0.7209
v  1.1694 1.2680 -0.7192
v  1.1610 1.2775 -0.7134
v  1.1629 1.2581 -0.7125
v  1.1541 1.2682 -0.7063
v  1.1556 1.2705 -0.7080
v  1.2584 1.2138 -0.6862
v  1.2648 1.2236 -0.6930
v  1.2661 1.2238 -0.6915
v  1.2602 1.2140 -0.6841
v  1.2540 1.2239 -0.7029
v  1.2526 1.2218 -0.7015
v  1.2538 1.2239 -0.7031
v  0.2399 -0.1732 0.3841
v  0.2339 -0.1826 0.3905
v  0.2210 -0.2070 0.4088
v  0.2073 -0.2378 0.4316
v  0.2035 -0.2541 0.4432
v  0.2099 -0.2554 0.4432
v  0.2262 -0.2419 0.4318
v  0.2521 -0.2135 0.4090
v  0.5556 0.1660 0.1100
v  0.7339 0.4023 -0.0747
v  1.1528 1.2426 -0.7019
v  1.1644 1.2568 -0.7131
v  1.0511 1.1105 -0.5983
v  1.0386 1.1124 -0.5847
v  1.1540 1.2683 -0.7062
v  1.0675 0.9000 -0.4447
v  0.9625 0.7394 -0.3346
v  1.0615 0.8983 -0.4559
v  1.0682 0.9011 -0.4455
v  1.1812 1.0827 -0.5842
v  1.0766 0.9226 -0.4745
v  1.1743 1.0850 -0.5980
v  1.2482 1.2140 -0.6956
v  0.8445 0.5561 -0.1809
v  0.8232 0.5252 -0.1570
v  0.8204 0.5204 -0.1666
v  0.3103 -0.1416 0.3522
v  1.2431 1.2553 -0.7229
v  1.2513 1.2481 -0.7191
v  1.1839 1.2750 -0.7281
v  1.1794 1.2729 -0.7260
v  1.1755 1.2698 -0.7234
v  1.1717 1.2658 -0.7202
v  0.7986 0.4898 -0.1429
v  0.4723 0.0586 0.1943
v  0.5635 0.1834 0.1103
v  0.5825 0.2077 0.0912
v  0.9115 0.6575 -0.2589
v  0.9406 0.7019 -0.2930
v  1.2146 1.2826 -0.7243
v  1.2185 1.2810 -0.7237
v  0.3204 -0.0988 0.3350
v  1.2641 1.2508 -0.7095
v  1.2676 1.2459 -0.7067
v  1.2698 1.2413 -0.7039
v  1.2707 1.2368 -0.7010
v  1.2248 1.2784 -0.7228
v  0.8014 0.4945 -0.1333
v  0.9978 1.0555 -0.5405
# 183 vertices

vn 0.8114 -0.2315 0.5367
vn 0.5804 0.1650 0.7974
vn 0.5210 0.2221 0.8241
vn 0.7510 -0.1142 0.6503
vn 0.5153 -0.7354 -0.4401
vn 0.8367 -0.5346 0.1186
vn 0.8542 -0.4460 0.2675
vn 0.6871 0.0470 0.7250
vn 0.6863 0.0466 0.7258
vn -0.7759 0.0778 -0.6260
vn -0.4706 -0.2990 -0.8301
vn -0.5355 -0.2437 -0.8086
vn -0.8367 0.1044 -0.5376
vn -0.8731 0.4628 -0.1531
vn 0.4736 0.3210 -0.8201
vn 0.5484 0.2984 -0.7811
vn 0.5470 0.2312 -0.8046
vn 0.4632 0.2559 -0.8485
vn 0.3970 0.3523 -0.8475
vn 0.3772 0.2910 -0.8792
vn 0.4096 0.3941 -0.8228
vn 0.5161 0.8565 0.0019
vn 0.5430 0.8397 0.0013
vn 0.3208 0.3920 -0.8622
vn 0.2918 0.3356 -0.8957
vn 0.2473 0.4390 -0.8638
vn 0.2094 0.3876 -0.8977
vn 0.3401 0.4302 -0.8362
vn 0.1325 0.4473 -0.8845
vn 0.2679 0.9618 -0.0565
vn 0.2954 0.9541 -0.0500
vn 0.1854 0.9805 -0.0645
vn 0.8119 -0.5815 -0.0518
vn 0.4664 -0.7190 -0.5152
vn 0.4072 -0.7100 -0.5745
vn 0.4083 -0.7059 -0.5788
vn 0.8165 -0.5746 -0.0565
vn 0.7330 -0.0123 0.6801
vn 0.6771 -0.0021 0.7359
vn -0.2871 0.6401 0.7126
vn -0.1292 0.6234 0.7712
vn -0.3285 0.6898 0.6452
vn 0.5670 0.1308 0.8133
vn 0.3206 0.3895 0.8634
vn 0.3237 0.3900 0.8621
vn 0.4514 0.2551 0.8551
vn 0.5742 0.1415 0.8064
vn 0.3906 0.3326 0.8584
vn 0.6792 0.0230 0.7336
vn 0.6719 0.0123 0.7405
vn 0.7070 -0.6897 -0.1562
vn 0.6974 -0.7012 -0.1483
vn 0.6938 -0.7060 -0.1423
vn 0.6928 -0.7072 -0.1409
vn 0.4575 0.2795 0.8442
vn 0.6603 -0.7168 -0.2241
vn 0.6179 -0.7268 -0.2998
vn -0.5382 0.6809 0.4967
vn -0.2809 0.6499 0.7062
vn -0.1315 0.6060 0.7845
vn -0.0495 0.5981 0.7999
vn -0.0483 0.5975 0.8004
vn -0.1272 0.6127 0.7800
vn -0.2765 0.6566 0.7017
vn 0.0260 0.5501 0.8347
vn 0.0217 0.5433 0.8392
vn 0.0334 0.5495 0.8348
vn 0.1784 0.4706 0.8641
vn 0.1740 0.4639 0.8686
vn 0.3253 0.3768 0.8673
vn 0.3209 0.3701 0.8718
vn 0.2540 0.4419 0.8603
vn 0.1688 0.4839 0.8587
vn 0.4622 0.2715 0.8442
vn 0.4578 0.2648 0.8487
vn 0.7695 -0.6386 0.0007
vn 0.7679 -0.6406 0.0030
vn 0.5807 0.1511 0.8000
vn 0.7395 -0.6689 -0.0758
vn 0.1532 -0.1567 -0.9757
vn 0.2101 -0.1815 -0.9607
vn 0.0968 -0.1275 -0.9871
vn 0.0383 -0.0930 -0.9949
vn 0.0651 0.3797 -0.9228
vn -0.0316 -0.1403 -0.9896
vn -0.0393 0.2690 -0.9623
vn -0.1320 0.3549 -0.9255
vn 0.0755 0.9909 -0.1116
vn 0.1156 0.9869 -0.1128
vn 0.6308 0.1167 -0.7671
vn 0.6251 -0.0398 -0.7795
vn 0.5186 -0.0218 -0.8548
vn 0.5401 0.1321 -0.8312
vn 0.6815 0.7312 0.0308
vn 0.7022 0.7109 0.0389
vn -0.2706 0.2244 -0.9362
vn -0.1273 -0.1663 -0.9778
vn -0.1660 -0.1675 -0.9718
vn -0.2794 0.9527 -0.1198
vn -0.1018 0.9889 -0.1082
vn -0.3986 0.0867 -0.9130
vn -0.4678 0.8792 -0.0909
vn -0.4955 -0.0320 -0.8680
vn -0.6176 0.7860 -0.0278
vn -0.5527 -0.1100 -0.8261
vn -0.7059 0.7075 0.0351
vn 0.5757 -0.6346 -0.5156
vn 0.6184 -0.5499 -0.5615
vn 0.9283 -0.0050 0.3719
vn 0.8941 -0.0952 0.4377
vn 0.9653 0.0830 0.2476
vn 0.2248 -0.4805 -0.8477
vn 0.2551 -0.3847 -0.8871
vn 0.5975 -0.2281 -0.7687
vn 0.5486 -0.4071 -0.7303
vn 0.2374 -0.3544 -0.9045
vn 0.4476 -0.6315 -0.6331
vn 0.4919 -0.5468 -0.6775
vn 0.1501 -0.6099 -0.7782
vn 0.1846 -0.5616 -0.8066
vn 0.4794 0.8776 -0.0036
vn -0.5794 -0.1493 -0.8012
vn -0.7450 0.6628 0.0750
vn -0.5868 -0.1604 -0.7937
vn -0.6918 -0.0419 -0.7209
vn -0.7543 0.6504 0.0894
vn 0.5443 -0.6863 -0.4824
vn 0.5515 -0.6751 -0.4900
vn 0.8694 -0.1376 0.4746
vn 0.8608 -0.1473 0.4871
vn 0.4231 -0.6719 -0.6079
vn 0.1955 -0.6603 -0.7251
vn 0.1294 -0.6311 -0.7648
vn -0.5351 0.6843 0.4954
vn -0.9128 0.2303 -0.3372
vn -0.9392 0.2453 -0.2401
vn -0.9792 0.1820 -0.0896
vn -0.7366 -0.5210 0.4312
vn 0.1487 -0.8412 0.5198
vn 0.7206 -0.6556 0.2258
vn 0.7736 -0.6265 0.0948
vn 0.5690 -0.7333 -0.3722
vn 0.4565 -0.7327 -0.5048
vn -0.4032 -0.3514 -0.8449
vn -0.3321 -0.4026 -0.8530
vn -0.4704 -0.2989 -0.8303
vn -0.7243 0.6682 0.1699
vn -0.7884 0.6139 0.0389
vn 0.8291 -0.0966 0.5506
vn 0.4084 -0.7053 -0.5795
vn 0.3397 -0.6952 -0.6335
vn 0.8293 -0.0964 0.5504
vn 0.8607 -0.1475 0.4872
vn 0.3398 -0.6950 -0.6336
vn 0.2693 -0.6802 -0.6817
vn 0.1954 -0.6605 -0.7250
vn 0.7481 0.0065 0.6635
vn 0.7425 -0.0013 0.6698
vn 0.4659 -0.7219 -0.5117
vn 0.7433 -0.6640 -0.0817
vn 0.2252 -0.2041 -0.9527
vn 0.2103 -0.2666 -0.9406
vn -0.2385 -0.2420 -0.9405
vn -0.2937 -0.3154 -0.9024
vn -0.3220 -0.3666 -0.8729
vn -0.3318 -0.3933 -0.8574
vn 0.4614 -0.7284 -0.5065
vn 0.6176 -0.7274 -0.2990
vn 0.6362 0.1058 0.7642
vn 0.6363 0.1059 0.7642
vn 0.7505 0.0136 0.6607
vn 0.7922 -0.0415 0.6088
vn 0.5933 0.8044 0.0316
vn 0.3554 0.9341 -0.0348
vn 0.3824 0.9237 -0.0239
vn 0.6450 0.7626 0.0495
vn 0.2523 0.4424 0.8606
vn 0.7771 0.6248 0.0751
vn 0.8598 0.5050 0.0760
vn 0.9330 0.3417 0.1131
vn 0.9705 0.1511 0.1876
vn 0.4214 0.9067 -0.0146
vn 0.7373 -0.0098 0.6755
vn -0.6861 0.6838 0.2482
# 184 vertex normals

vt 0.5000 0.2972 0.5293
vt 0.5000 0.3455 0.6048
vt 0.4718 0.3066 0.5442
vt 0.4718 0.2972 0.5295
vt 0.5637 0.4130 0.7118
vt 0.5843 0.4814 0.8202
vt 0.5843 0.5287 0.8944
vt 0.5563 0.4130 0.7115
vt 0.5725 0.5287 0.8937
vt 0.5563 0.4728 0.8051
vt 0.9718 0.8049 0.9999
vt 0.9704 0.8049 1.0000
vt 0.9718 0.8003 0.9998
vt 0.9793 0.7731 0.9994
vt 0.9798 0.8049 0.9998
vt 0.7774 0.9942 0.8000
vt 0.7500 0.9942 0.8004
vt 0.7500 0.9932 0.8467
vt 0.7774 0.9932 0.8463
vt 0.8048 0.9942 0.7990
vt 0.8048 0.9932 0.8453
vt 0.8048 0.9950 0.7502
vt 0.7814 0.9950 0.7510
vt 0.7774 0.9950 0.7542
vt 0.8323 0.9942 0.7975
vt 0.8323 0.9932 0.8436
vt 0.8600 0.9942 0.7957
vt 0.8600 0.9932 0.8417
vt 0.8323 0.9950 0.7488
vt 0.8878 0.9932 0.8396
vt 0.8878 0.9939 0.8054
vt 0.8817 0.9942 0.7941
vt 0.8996 0.9932 0.8387
vt 0.6122 0.6137 0.9986
vt 0.6122 0.6068 0.9945
vt 0.6138 0.6137 0.9987
vt 0.6280 0.6702 1.0052
vt 0.6122 0.6702 1.0038
vt 0.5843 0.5779 0.9672
vt 0.2416 0.2296 0.4445
vt 0.2500 0.2296 0.4445
vt 0.2500 0.2377 0.4526
vt 0.2470 0.2394 0.4542
vt 0.4157 0.2470 0.4570
vt 0.3987 0.2470 0.4576
vt 0.3878 0.2403 0.4514
vt 0.3878 0.2296 0.4408
vt 0.4157 0.2296 0.4398
vt 0.4157 0.2562 0.4706
vt 0.4437 0.2296 0.4389
vt 0.4437 0.2470 0.4561
vt 0.4504 0.2296 0.4388
vt 0.4674 0.2470 0.4556
vt 0.4718 0.2512 0.4617
vt 0.4631 0.2972 0.5298
vt 0.4437 0.2775 0.5012
vt 0.5000 0.2849 0.5111
vt 0.5083 0.2972 0.5294
vt 0.2361 0.2122 0.4340
vt 0.2500 0.2122 0.4341
vt 0.2774 0.2122 0.4339
vt 0.2774 0.2269 0.4427
vt 0.2711 0.2296 0.4444
vt 0.2774 0.1840 0.4287
vt 0.2500 0.1840 0.4289
vt 0.3048 0.1840 0.4282
vt 0.3048 0.2122 0.4334
vt 0.3048 0.2211 0.4387
vt 0.3323 0.1840 0.4273
vt 0.3323 0.2122 0.4325
vt 0.3600 0.1840 0.4264
vt 0.3600 0.2122 0.4315
vt 0.3600 0.2286 0.4413
vt 0.3323 0.2217 0.4382
vt 0.3878 0.1840 0.4253
vt 0.3878 0.2122 0.4305
vt 0.4035 0.1840 0.4247
vt 0.4157 0.1940 0.4261
vt 0.4157 0.2122 0.4294
vt 0.4437 0.2223 0.4345
vt 0.8048 0.9929 0.8599
vt 0.7774 0.9923 0.8845
vt 0.8323 0.9928 0.8607
vt 0.8602 0.9921 0.8874
vt 0.8878 0.9921 0.8856
vt 0.8804 0.9908 0.9277
vt 0.8878 0.9908 0.9271
vt 0.9157 0.9908 0.9249
vt 0.9157 0.9920 0.8886
vt 0.9141 0.9921 0.8836
vt 0.7226 0.9921 0.8927
vt 0.7226 0.9908 0.9345
vt 0.7500 0.9908 0.9349
vt 0.7500 0.9921 0.8931
vt 0.7333 0.9932 0.8464
vt 0.7226 0.9925 0.8785
vt 0.9157 0.9894 0.9571
vt 0.8878 0.9901 0.9429
vt 0.8929 0.9894 0.9590
vt 0.9309 0.9894 0.9561
vt 0.9239 0.9908 0.9244
vt 0.9157 0.9877 0.9801
vt 0.9358 0.9877 0.9788
vt 0.9157 0.9859 0.9939
vt 0.9390 0.9859 0.9923
vt 0.9157 0.9838 1.0008
vt 0.9409 0.9838 0.9991
vt 0.6952 0.9838 1.0100
vt 0.6952 0.9859 1.0030
vt 0.6944 0.9859 1.0029
vt 0.6927 0.9838 1.0098
vt 0.6952 0.9864 0.9988
vt 0.7326 0.9877 0.9904
vt 0.7401 0.9894 0.9673
vt 0.7226 0.9894 0.9670
vt 0.7226 0.9877 0.9903
vt 0.7500 0.9907 0.9373
vt 0.7226 0.9838 1.0112
vt 0.7226 0.9859 1.0042
vt 0.7250 0.9838 1.0112
vt 0.7279 0.9859 1.0043
vt 0.8048 0.9953 0.7329
vt 0.9157 0.9813 1.0031
vt 0.9422 0.9813 1.0013
vt 0.9157 0.9760 1.0031
vt 0.9391 0.9690 1.0014
vt 0.9402 0.9720 1.0014
vt 0.6952 0.9760 1.0123
vt 0.6952 0.9813 1.0123
vt 0.6916 0.9813 1.0120
vt 0.6899 0.9760 1.0119
vt 0.7226 0.9813 1.0135
vt 0.7226 0.9802 1.0135
vt 0.7232 0.9813 1.0135
vt 0.2347 0.1840 0.4288
vt 0.2350 0.1789 0.4286
vt 0.2500 0.1660 0.4283
vt 0.2774 0.1503 0.4275
vt 0.3048 0.1427 0.4267
vt 0.3323 0.1435 0.4259
vt 0.3600 0.1526 0.4253
vt 0.3878 0.1699 0.4248
vt 0.5563 0.3924 0.6793
vt 0.5958 0.5287 0.8953
vt 0.9157 0.9676 1.0031
vt 0.9118 0.9760 1.0034
vt 0.9414 0.8875 1.0013
vt 0.9679 0.8992 0.9999
vt 0.9395 0.9695 1.0014
vt 0.6400 0.8043 1.0080
vt 0.6400 0.7177 1.0069
vt 0.6640 0.8049 1.0100
vt 0.6402 0.8049 1.0080
vt 0.6677 0.9045 1.0103
vt 0.6677 0.8182 1.0103
vt 0.6952 0.9066 1.0123
vt 0.7211 0.9760 1.0134
vt 0.5926 0.6137 0.9969
vt 0.5886 0.5963 0.9863
vt 0.6099 0.5963 0.9880
vt 0.4328 0.2122 0.4289
vt 0.7729 0.9921 0.8928
vt 0.7512 0.9908 0.9349
vt 0.9002 0.9877 0.9814
vt 0.9048 0.9859 0.9948
vt 0.9076 0.9838 1.0015
vt 0.9093 0.9813 1.0036
vt 0.1231 1.0510 0.8226
vt 0.1212 1.0441 0.8178
vt 0.1195 1.0336 0.8100
vt 0.1323 0.9659 0.7492
vt 0.1198 1.0162 0.7957
vt 0.1459 0.9186 0.7044
vt 0.1731 0.8501 0.6364
vt 0.2364 0.7342 0.5136
vt 0.1812 0.8295 0.6160
vt 0.2139 0.7670 0.5504
vt 0.4132 1.4179 0.9923
vt 0.2443 0.7218 0.5000
vt 0.2726 0.6881 0.4599
vt 0.2773 0.6839 0.4544
vt 0.2917 0.6665 0.4338
vt 0.3644 0.5894 0.3384
vt 0.2961 0.6591 0.4258
vt 0.3050 0.6491 0.4136
vt 0.3160 0.6309 0.3938
vt 0.3260 0.6208 0.3811
vt 0.3382 0.6067 0.3642
vt 0.3946 0.5803 0.3175
vt 0.4279 0.5795 0.3019
vt 0.5000 0.6029 0.2888
vt 0.4634 0.5871 0.2923
vt 0.5201 0.6158 0.2904
vt 0.9943 1.2105 0.5638
vt 0.9913 1.2424 0.5911
vt 0.9924 1.2378 0.5868
vt 0.8960 1.4254 0.7829
vt 0.9698 1.3286 0.6710
vt 0.9331 1.4053 0.7500
vt 0.9261 1.4137 0.7599
vt 0.9217 1.4190 0.7662
vt 0.9176 1.4215 0.7701
vt 0.9097 1.4236 0.7753
vt 0.8743 1.4271 0.7940
vt 0.8592 1.4278 0.8013
vt 0.7834 1.4299 0.8368
vt 0.8382 1.4286 0.8113
vt 0.7130 1.4306 0.8688
vt 0.6453 1.4306 0.8991
vt 0.5641 1.4299 0.9347
vt 0.5758 1.4301 0.9297
vt 0.5035 1.4286 0.9607
vt 0.5000 1.4285 0.9622
vt 0.4461 1.4254 0.9838
vt 0.4701 1.4271 0.9744
vt 0.4305 1.4236 0.9893
vt 0.4208 1.4215 0.9919
vt 0.4149 1.4190 0.9925
vt 0.4084 1.4137 0.9911
vt 0.3290 1.3442 0.9698
vt 0.2500 1.2558 0.9330
vt 0.1789 1.1551 0.8826
vt 0.2405 1.2424 0.9263
vt 0.1524 1.1075 0.8556
vt 0.5282 0.3300 0.5809
vt 0.5282 0.3988 0.6884
vt 0.5343 0.4130 0.7107
vt 0.6062 0.6702 1.0032
vt 0.6122 0.6948 1.0041
vt 0.7500 0.9942 0.8002
vt 0.8600 0.9949 0.7564
vt 0.8496 0.9950 0.7477
vt 0.7499 0.9942 0.8004
vt 0.3620 0.2296 0.4418
vt 0.7192 0.9921 0.8926
vt 0.7095 0.9908 0.9340
vt 0.7024 0.9894 0.9662
vt 0.6974 0.9877 0.9892
vt 0.8323 0.9953 0.7337
vt 0.6063 0.5789 0.9705
vt 0.5846 0.5789 0.9687
vt 0.9793 0.8652 0.9998
vt 0.4884 0.1015 0.2840
vt 0.4959 0.1128 0.2785
vt 0.0052 0.8305 0.5636
vt 0.4811 0.0812 0.2898
vt 0.0054 0.7729 0.5664
vt 0.0057 0.7358 0.5681
vt 0.4795 0.0482 0.2925
vt 0.4799 0.0423 0.2926
vt 0.5741 0.0915 0.2986
vt 0.6084 0.0923 0.3146
vt 0.6407 0.1004 0.3348
vt 0.5294 0.1015 0.2855
vt 0.6429 0.1015 0.3366
vt 0.6719 0.1139 0.3584
vt 0.6834 0.1218 0.3691
vt 0.7352 0.1574 0.4175
vt 0.7032 0.1326 0.3856
vt 0.7571 0.1804 0.4436
vt 0.7680 0.1913 0.4562
vt 0.8026 0.2368 0.5038
vt 0.8390 0.2989 0.5640
vt 0.8465 0.3155 0.5790
vt 0.9000 0.4506 0.6983
vt 0.8778 0.3853 0.6423
vt 0.9175 0.5080 0.7466
vt 0.9178 0.5092 0.7476
vt 0.9153 0.5498 0.7751
vt 0.9182 0.5295 0.7621
vt 0.8931 0.6157 0.8116
vt 0.8825 0.6445 0.8271
vt 0.8210 0.7729 0.8900
vt 0.8214 0.7722 0.8897
vt 0.6419 0.9883 0.9612
vt 0.7500 0.8892 0.9400
vt 0.6861 0.9727 0.9701
vt 0.6778 0.9817 0.9727
vt 0.6814 0.9789 0.9723
vt 0.6717 0.9842 0.9718
vt 0.6688 0.9849 0.9709
vt 0.6604 0.9863 0.9681
vt 0.0302 0.9742 0.6761
vt 0.6170 0.9900 0.9512
vt 0.5857 0.9915 0.9382
vt 0.5443 0.9928 0.9205
vt 0.5753 0.9919 0.9338
vt 0.4264 0.9949 0.8689
vt 0.3762 0.9952 0.8465
vt 0.3185 0.9952 0.8206
vt 0.4354 0.9948 0.8729
vt 0.2818 0.9949 0.8039
vt 0.2588 0.9947 0.7934
vt 0.2083 0.9939 0.7701
vt 0.5000 0.9939 0.9013
vt 0.1932 0.9936 0.7631
vt 0.1625 0.9928 0.7487
vt 0.1210 0.9915 0.7292
vt 0.1163 0.9913 0.7269
vt 0.0907 0.9900 0.7145
vt 0.0678 0.9883 0.7029
vt 0.0511 0.9863 0.6941
vt 0.0406 0.9842 0.6879
vt 0.0321 0.9789 0.6802
vt 0.0349 0.9817 0.6835
vt 0.5002 0.9939 0.9014
vt 0.0298 0.9727 0.6749
vt 0.0075 0.8683 0.5913
vt 0.5000 0.1109 0.2789
vt 0.5379 0.0983 0.2871
# 310 texture coords

o Cylinder001_frag_013_frag_003
g Cylinder001_frag_013_frag_003
usemtl wire_028149177
s 2
f 801/1112/793 802/1113/794 803/1114/795 804/1115/796 
f 805/1116/797 806/1117/797 807/1118/798 808/1119/799 
f 809/1120/800 810/1121/801 808/1119/799 807/1118/798 
f 811/1122/802 812/1123/803 813/1124/804 
f 813/1124/804 814/1125/805 815/1126/806 811/1122/802 
f 816/1127/807 817/1128/808 818/1129/809 819/1130/810 
f 820/1131/811 816/1127/807 819/1130/810 821/1132/812 
f 816/1127/807 820/1131/811 822/1133/813 823/1134/814 
f 816/1127/807 823/1134/814 824/1135/815 
f 825/1136/816 820/1131/811 821/1132/812 826/1137/817 
f 827/1138/818 825/1136/816 826/1137/817 828/1139/819 
f 820/1131/811 825/1136/816 829/1140/820 822/1133/813 
f 830/1141/821 831/1142/822 832/1143/823 827/1138/818 
f 830/1141/821 827/1138/818 828/1139/819 
f 830/1141/821 833/1144/824 831/1142/822 
f 834/1145/825 835/1146/826 836/1147/827 
f 837/1148/828 838/1149/829 834/1145/825 836/1147/827 
f 807/1118/798 839/1150/830 809/1120/800 
f 840/1151/831 841/1152/832 842/1153/833 843/1154/834 
f 844/1155/835 845/1156/836 846/1157/837 847/1158/838 
f 844/1155/835 847/1158/838 848/1159/839 
f 844/1155/835 849/1160/840 845/1156/836 
f 850/1161/841 851/1162/842 844/1155/835 848/1159/839 
f 852/1163/843 853/1164/844 851/1162/842 850/1161/841 
f 851/1162/842 853/1164/844 854/1165/845 804/1115/796 
f 851/1162/842 804/1115/796 855/1166/846 856/1167/847 
f 801/1112/793 857/1168/848 858/1169/849 
f 841/1152/832 840/1151/831 859/1170/850 860/1171/851 
f 861/1172/852 862/1173/853 863/1174/854 841/1152/832 
f 861/1172/852 841/1152/832 860/1171/851 
f 864/1175/855 861/1172/852 860/1171/851 865/1176/856 
f 861/1172/852 864/1175/855 866/1177/857 867/1178/858 
f 868/1179/859 862/1173/853 861/1172/852 867/1178/858 
f 869/1180/860 870/1181/861 867/1178/858 866/1177/857 
f 870/1181/861 869/1180/860 871/1182/862 872/1183/863 
f 872/1183/863 873/1184/864 874/1185/865 870/1181/861 
f 875/1186/866 876/1187/867 872/1183/863 871/1182/862 
f 875/1186/866 877/1188/868 878/1189/869 879/1190/870 
f 875/1186/866 879/1190/870 876/1187/867 
f 847/1158/838 876/1187/867 879/1190/870 848/1159/839 
f 850/1161/841 880/1191/871 852/1163/843 
f 881/1192/872 821/1132/812 819/1130/810 882/1193/873 
f 828/1139/819 826/1137/817 883/1194/874 884/1195/875 
f 828/1139/819 884/1195/875 885/1196/876 830/1141/821 
f 886/1197/877 887/1198/878 885/1196/876 884/1195/875 
f 885/1196/876 887/1198/878 888/1199/879 889/1200/880 
f 885/1196/876 889/1200/880 890/1201/881 
f 891/1202/882 892/1203/883 893/1204/884 894/1205/885 
f 891/1202/882 894/1205/885 818/1129/809 895/1206/886 
f 891/1202/882 895/1206/886 896/1207/887 
f 897/1208/888 888/1199/879 887/1198/878 898/1209/889 
f 897/1208/888 898/1209/889 899/1210/890 
f 897/1208/888 900/1211/891 901/1212/892 888/1199/879 
f 902/1213/893 903/1214/894 900/1211/891 897/1208/888 
f 904/1215/895 905/1216/896 903/1214/894 902/1213/893 
f 906/1217/897 907/1218/898 905/1216/896 904/1215/895 
f 908/1219/899 909/1220/900 910/1221/901 911/1222/902 
f 909/1220/900 912/1223/903 910/1221/901 
f 913/1224/904 914/1225/905 915/1226/906 916/1227/907 
f 893/1204/884 892/1203/883 915/1226/906 914/1225/905 
f 893/1204/884 914/1225/905 917/1228/908 
f 918/1229/909 919/1230/910 909/1220/900 908/1219/899 
f 920/1231/911 921/1232/912 919/1230/910 918/1229/909 
f 921/1232/912 913/1224/904 916/1227/907 919/1230/910 
f 822/1133/813 922/1233/913 823/1134/814 
f 923/1234/914 924/1235/915 907/1218/898 906/1217/897 
f 923/1234/914 925/1236/916 926/1237/917 927/1238/918 
f 923/1234/914 927/1238/918 924/1235/915 
f 928/1239/919 929/1240/920 930/1241/921 931/1242/922 
f 929/1240/920 908/1219/899 911/1222/902 930/1241/921 
f 932/1243/923 933/1244/924 934/1245/925 
f 934/1245/925 920/1231/911 918/1229/909 932/1243/923 
f 932/1243/923 918/1229/909 908/1219/899 929/1240/920 
f 935/1246/926 936/1247/927 937/1248/928 865/1176/856 
f 938/1249/929 939/1250/930 866/1177/857 864/1175/855 
f 937/1248/928 938/1249/929 864/1175/855 865/1176/856 
f 869/1180/860 940/1251/931 941/1252/932 871/1182/862 
f 866/1177/857 939/1250/930 940/1251/931 869/1180/860 
f 877/1188/868 875/1186/866 942/1253/933 
f 871/1182/862 941/1252/932 942/1253/933 875/1186/866 
f 805/1116/797 808/1119/799 943/1254/934 
f 944/1255/935 807/1118/798 806/1117/797 
f 945/1256/936 925/1236/916 946/1257/937 
f 926/1237/917 947/1258/938 812/1123/803 948/1259/939 
f 812/1123/803 811/1122/802 948/1259/939 
f 926/1237/917 948/1259/939 949/1260/940 
f 945/1256/936 947/1258/938 926/1237/917 925/1236/916 
f 950/1261/941 951/1262/942 952/1263/943 953/1264/944 
f 928/1239/919 931/1242/922 954/1265/945 955/1266/946 
f 928/1239/919 955/1266/946 956/1267/947 
f 957/1268/948 928/1239/919 956/1267/947 
f 835/1146/826 834/1145/825 958/1269/949 959/1270/950 
f 835/1146/826 959/1270/950 960/1271/951 
f 804/1115/796 854/1165/845 857/1168/848 801/1112/793 
f 961/1272/952 880/1191/871 850/1161/841 848/1159/839 
f 961/1272/952 848/1159/839 879/1190/870 
f 961/1272/952 879/1190/870 878/1189/869 
f 962/1273/953 882/1193/873 819/1130/810 818/1129/809 
f 962/1273/953 818/1129/809 894/1205/885 
f 963/1274/954 962/1273/953 894/1205/885 893/1204/884 
f 881/1192/872 883/1194/874 826/1137/817 821/1132/812 
f 963/1274/954 893/1204/884 917/1228/908 
f 898/1209/889 887/1198/878 886/1197/877 
f 897/1208/888 899/1210/890 964/1275/955 902/1213/893 
f 904/1215/895 965/1276/956 966/1277/957 906/1217/897 
f 902/1213/893 964/1275/955 965/1276/956 904/1215/895 
f 923/1234/914 967/1278/958 946/1257/937 925/1236/916 
f 906/1217/897 966/1277/957 967/1278/958 923/1234/914 
f 957/1268/948 933/1244/924 932/1243/923 929/1240/920 
f 957/1268/948 929/1240/920 928/1239/919 
s off
f 836/1279/827 835/1280/826 960/1281/951 944/1282/935 
f 960/1281/951 968/1283/959 944/1282/935 
f 944/1282/935 806/1284/797 805/1285/797 858/1286/849 
f 943/1287/934 969/1288/960 858/1286/849 805/1285/797 
f 836/1279/827 944/1282/935 858/1286/849 933/1289/924 
f 858/1286/849 857/1290/848 854/1291/845 853/1292/844 
f 858/1286/849 853/1292/844 852/1293/843 941/1294/932 
f 852/1293/843 880/1295/871 961/1296/952 941/1294/932 
f 961/1296/952 878/1297/869 877/1298/868 941/1294/932 
f 877/1298/868 942/1299/933 941/1294/932 
f 941/1294/932 940/1300/931 939/1301/930 937/1302/928 
f 939/1301/930 938/1303/929 937/1302/928 
f 937/1302/928 936/1304/927 814/1305/805 812/1306/803 
f 814/1305/805 813/1307/804 812/1306/803 
f 941/1294/932 937/1302/928 812/1306/803 964/1308/955 
f 812/1306/803 947/1309/938 945/1310/936 946/1311/937 
f 946/1311/937 967/1312/958 966/1313/957 964/1308/955 
f 966/1313/957 965/1314/956 964/1308/955 
f 812/1306/803 946/1311/937 964/1308/955 
f 858/1286/849 941/1294/932 964/1308/955 933/1289/924 
f 964/1308/955 899/1315/890 898/1316/889 884/1317/875 
f 898/1316/889 886/1318/877 884/1317/875 
f 884/1317/875 883/1319/874 881/1320/872 962/1321/953 
f 881/1320/872 882/1322/873 962/1321/953 
f 964/1308/955 884/1317/875 962/1321/953 933/1289/924 
f 962/1321/953 963/1323/954 917/1324/908 913/1325/904 
f 917/1324/908 914/1326/905 913/1325/904 
f 913/1325/904 921/1327/912 920/1328/911 933/1289/924 
f 920/1328/911 934/1329/925 933/1289/924 
f 962/1321/953 913/1325/904 933/1289/924 
f 957/1330/948 956/1331/947 955/1332/946 933/1289/924 
f 836/1279/827 933/1289/924 955/1332/946 951/1333/942 
f 955/1332/946 952/1334/943 951/1333/942 
f 836/1279/827 951/1333/942 837/1335/828 
s 2
f 865/1176/856 860/1171/851 859/1170/850 935/1246/926 
f 855/1166/846 804/1115/796 803/1114/795 
f 801/1112/793 858/1169/849 969/1336/960 970/1337/961 
f 801/1112/793 970/1337/961 802/1113/794 
f 971/1338/962 970/1337/961 969/1336/960 943/1254/934 
f 971/1338/962 943/1254/934 808/1119/799 
f 971/1338/962 808/1119/799 810/1121/801 
f 972/1339/963 838/1149/829 973/1340/964 
f 838/1149/829 837/1148/828 951/1262/942 950/1261/941 
f 838/1149/829 950/1261/941 973/1340/964 
f 953/1264/944 952/1263/943 955/1266/946 954/1265/945 
f 816/1127/807 824/1135/815 817/1341/965 817/1128/808 
f 974/1342/966 975/1343/967 829/1140/820 825/1136/816 
f 974/1342/966 825/1136/816 827/1138/818 
f 974/1342/966 827/1138/818 832/1143/823 
f 817/1344/968 895/1206/886 818/1129/809 817/1128/808 
f 817/1344/968 817/1128/808 817/1341/965 
f 834/1145/825 838/1149/829 972/1339/963 958/1269/949 
f 976/1345/969 847/1158/838 846/1157/837 
f 849/1160/840 844/1155/835 851/1162/842 856/1167/847 
f 868/1179/859 867/1178/858 870/1181/861 874/1185/865 
f 976/1345/969 873/1184/864 872/1183/863 876/1187/867 
f 976/1345/969 876/1187/867 847/1158/838 
f 833/1144/824 830/1141/821 885/1196/876 890/1201/881 
f 889/1200/880 888/1199/879 901/1212/892 
f 977/1346/970 891/1202/882 896/1207/887 
f 892/1203/883 891/1202/882 977/1346/970 978/1347/971 
f 915/1226/906 892/1203/883 978/1347/971 979/1348/972 
f 916/1227/907 915/1226/906 979/1348/972 980/1349/973 
f 980/1349/973 912/1223/903 909/1220/900 919/1230/910 
f 980/1349/973 919/1230/910 916/1227/907 
f 822/1133/813 829/1140/820 981/1350/974 922/1233/913 
f 981/1350/974 829/1140/820 975/1343/967 
f 927/1238/918 926/1237/917 949/1260/940 
f 968/1351/959 960/1271/951 959/1270/950 982/1352/975 
f 982/1352/975 839/1150/830 807/1118/798 944/1255/935 
f 982/1352/975 944/1255/935 968/1351/959 
f 811/1122/802 815/1126/806 983/1353/976 948/1259/939 
f 842/1153/833 841/1152/832 863/1174/854 
s off
f 840/1354/831 843/1355/834 983/1356/976 859/1357/850 
f 983/1356/976 815/1358/806 814/1359/805 935/1360/926 
f 814/1359/805 936/1361/927 935/1360/926 
f 983/1356/976 935/1360/926 859/1357/850 
f 868/1362/859 874/1363/865 873/1364/864 863/1365/854 
f 976/1366/969 846/1367/837 845/1368/836 856/1369/847 
f 845/1368/836 849/1370/840 856/1369/847 
f 855/1371/846 803/1372/795 802/1373/794 856/1369/847 
f 802/1373/794 970/1374/961 971/1375/962 809/1376/800 
f 971/1375/962 810/1377/801 809/1376/800 
f 856/1369/847 802/1373/794 809/1376/800 976/1366/969 
f 809/1376/800 839/1378/830 982/1379/975 958/1380/949 
f 982/1379/975 959/1381/950 958/1380/949 
f 958/1380/949 972/1382/963 973/1383/964 953/1384/944 
f 973/1383/964 950/1385/941 953/1384/944 
f 809/1376/800 958/1380/949 953/1384/944 979/1386/972 
f 953/1384/944 954/1387/945 931/1388/922 911/1389/902 
f 931/1388/922 930/1390/921 911/1389/902 
f 911/1389/902 910/1391/901 912/1392/903 979/1386/972 
f 912/1392/903 980/1393/973 979/1386/972 
f 953/1384/944 911/1389/902 979/1386/972 
f 976/1366/969 809/1376/800 979/1386/972 927/1394/918 
f 979/1386/972 978/1395/971 977/1396/970 895/1397/886 
f 977/1396/970 896/1398/887 895/1397/886 
f 823/1399/814 922/1400/913 981/1401/974 824/1402/815 
f 975/1403/967 974/1404/966 832/1405/823 981/1401/974 
f 824/1402/815 981/1401/974 832/1405/823 817/1406/965 
f 832/1405/823 831/1407/822 833/1408/824 890/1409/881 
f 889/1410/880 901/1411/892 900/1412/891 890/1409/881 
f 832/1405/823 890/1409/881 900/1412/891 927/1394/918 
f 900/1412/891 903/1413/894 905/1414/896 924/1415/915 
f 905/1414/896 907/1416/898 924/1415/915 
f 900/1412/891 924/1415/915 927/1394/918 
f 817/1406/965 832/1405/823 927/1394/918 817/1417/968 
f 895/1397/886 817/1417/968 927/1394/918 979/1386/972 
f 949/1418/940 948/1419/939 983/1356/976 927/1394/918 
f 983/1356/976 843/1355/834 842/1420/833 863/1365/854 
f 927/1394/918 983/1356/976 863/1365/854 976/1366/969 
f 873/1364/864 976/1366/969 863/1365/854 
f 868/1362/859 863/1365/854 862/1421/853 
# 143 polygons - 80 triangles

#
# object Cylinder001_frag_013_frag_004
#

v  0.5051 0.2684 0.1061
v  0.4975 0.2686 0.0990
v  0.4953 0.2650 0.1013
v  0.3655 0.0435 0.2388
v  0.3712 0.0433 0.2440
v  0.3758 0.0425 0.2473
v  0.5103 0.2676 0.1097
v  0.9330 0.9756 -0.4657
v  0.9780 1.0513 -0.5090
v  1.1389 1.2976 -0.6778
v  0.9345 0.9708 -0.4712
v  1.1400 1.2942 -0.6818
v  1.0819 1.1963 -0.6258
v  0.9497 1.0107 -0.3985
v  0.9451 1.0088 -0.4056
v  0.8914 0.9215 -0.3374
v  0.7960 0.7623 -0.2162
v  0.9591 1.0122 -0.3873
v  0.7940 0.7620 -0.2185
v  0.8068 0.7621 -0.2062
v  0.8139 0.7730 -0.2138
v  0.9596 1.0122 -0.3869
v  0.8072 0.7620 -0.2059
v  0.7385 0.6570 -0.1347
v  0.7669 0.7175 -0.1856
v  0.7302 0.6572 -0.1423
v  0.7103 0.6243 -0.1200
v  0.7178 0.6241 -0.1131
v  0.6903 0.5911 -0.0983
v  0.6973 0.5909 -0.0919
v  0.6321 0.4938 -0.0383
v  0.6391 0.4936 -0.0319
v  0.3130 -0.0540 0.3040
v  0.3081 -0.0539 0.2995
v  0.2925 -0.0872 0.3253
v  0.2878 -0.0871 0.3209
v  0.2718 -0.1201 0.3468
v  0.2728 -0.1110 0.3367
v  0.2681 -0.1200 0.3434
v  0.2440 -0.1631 0.3759
v  0.2389 -0.1731 0.3834
v  0.2399 -0.1732 0.3841
v  0.2743 -0.1205 0.3486
v  1.1485 1.3119 -0.6876
v  1.1516 1.3157 -0.6901
v  1.1519 1.3146 -0.6914
v  1.1492 1.3098 -0.6902
v  1.1534 1.3174 -0.6912
v  1.1578 1.3294 -0.6820
v  1.1541 1.3271 -0.6803
v  1.1556 1.3345 -0.6681
v  1.1593 1.3367 -0.6700
v  1.1624 1.3377 -0.6713
v  1.1594 1.3300 -0.6824
v  1.1478 1.3205 -0.6758
v  1.1509 1.3242 -0.6783
v  1.1493 1.3281 -0.6633
v  1.1524 1.3317 -0.6659
v  1.1593 1.3407 -0.6556
v  1.1629 1.3427 -0.6579
v  1.1561 1.3380 -0.6532
v  1.1531 1.3344 -0.6505
v  1.1589 1.3392 -0.6380
v  1.1619 1.3427 -0.6408
v  1.1626 1.3433 -0.6413
v  1.1635 1.3442 -0.6464
v  1.1601 1.3397 -0.6361
v  1.1622 1.3429 -0.6402
v  1.1454 1.3074 -0.6846
v  1.1462 1.3047 -0.6878
v  1.1446 1.3160 -0.6727
v  1.1382 1.3062 -0.6659
v  1.1397 1.3138 -0.6534
v  1.1462 1.3236 -0.6602
v  1.1499 1.3299 -0.6474
v  1.1435 1.3201 -0.6407
v  1.1493 1.3249 -0.6280
v  1.1558 1.3347 -0.6348
v  1.1574 1.3354 -0.6322
v  1.1515 1.3258 -0.6246
v  0.2860 -0.0874 0.3188
v  0.3627 0.0430 0.2355
v  0.8863 0.8969 -0.4206
v  1.0340 1.1467 -0.5566
v  1.0536 1.1820 -0.5631
v  1.0358 1.1553 -0.5277
v  0.9816 1.0682 -0.4522
v  1.0872 1.2211 -0.5427
v  0.3044 -0.0545 0.2952
v  0.2974 -0.0662 0.3029
v  0.8462 0.8299 -0.3800
v  0.9381 0.9637 -0.4781
v  0.8997 0.9045 -0.4379
v  0.2961 -0.0879 0.3278
v  0.2339 -0.1826 0.3905
v  0.6449 0.4926 -0.0278
v  0.9978 1.0555 -0.5405
v  0.9656 1.0222 -0.3941
v  0.7231 0.6232 -0.1093
v  0.7431 0.6562 -0.1315
v  0.7031 0.5899 -0.0878
v  0.3176 -0.0548 0.3073
v  1.1580 1.3270 -0.6853
v  1.1547 1.3200 -0.6903
v  1.1640 1.3430 -0.6585
v  1.1641 1.3437 -0.6552
v  0.3087 -0.0695 0.3168
# 107 vertices

vn -0.4398 0.6448 0.6252
vn -0.7494 0.6080 0.2623
vn -0.7494 0.6080 0.2622
vn -0.5674 0.6490 0.5068
vn -0.4392 0.6459 0.6245
vn 0.5457 0.1764 0.8192
vn 0.5447 0.1755 0.8201
vn -0.8876 0.3705 -0.2738
vn -0.8874 0.3708 -0.2739
vn -0.8713 0.3069 -0.3831
vn -0.8363 0.1952 -0.5123
vn 0.0476 -0.5172 -0.8545
vn 0.0474 -0.5176 -0.8543
vn -0.6563 0.6684 0.3500
vn -0.8109 0.5766 0.1001
vn -0.7770 0.6049 0.1745
vn -0.5451 0.6850 0.4833
vn -0.5444 0.6861 0.4826
vn -0.7772 0.6044 0.1752
vn -0.4167 0.6819 0.6011
vn 0.5114 0.2772 0.8134
vn 0.5116 0.2775 0.8132
vn 0.5687 0.2154 0.7938
vn -0.4212 0.6749 0.6059
vn -0.7374 0.6277 0.2496
vn -0.7381 0.6251 0.2539
vn -0.7421 0.6190 0.2574
vn -0.4281 0.6640 0.6131
vn -0.7454 0.6131 0.2616
vn -0.4348 0.6531 0.6200
vn -0.7488 0.6087 0.2623
vn -0.5631 0.6562 0.5023
vn -0.5565 0.6671 0.4953
vn -0.4219 0.6738 0.6066
vn -0.8995 0.1728 -0.4013
vn -0.2006 0.6559 0.7277
vn -0.9167 0.2226 -0.3318
vn -0.9153 0.2247 -0.3342
vn -0.5340 0.6843 0.4965
vn 0.6925 0.0148 0.7213
vn -0.8365 0.3561 -0.4164
vn -0.7757 0.4282 -0.4636
vn 0.2100 -0.2344 -0.9492
vn 0.1098 -0.3984 -0.9106
vn 0.3453 0.0877 -0.9344
vn -0.5243 0.7175 -0.4586
vn -0.6754 0.6246 -0.3920
vn -0.6582 0.7094 -0.2519
vn -0.5086 0.7952 -0.3302
vn 0.6932 0.5678 -0.4438
vn 0.6568 0.4549 -0.6015
vn -0.8450 0.4581 -0.2758
vn -0.7841 0.5288 -0.3248
vn -0.8269 0.5476 -0.1278
vn -0.7662 0.6172 -0.1787
vn -0.6163 0.7799 -0.1091
vn -0.4702 0.8598 -0.1993
vn -0.7225 0.6907 -0.0298
vn -0.7826 0.6220 0.0230
vn -0.7136 0.6791 0.1720
vn -0.6544 0.7470 0.1173
vn 0.5889 0.7506 0.2998
vn 0.6099 0.7702 0.1867
vn 0.4447 0.5048 0.7399
vn 0.5218 0.6082 0.5982
vn -0.8639 0.3180 -0.3907
vn 0.0593 -0.4899 -0.8698
vn -0.8724 0.4201 -0.2497
vn -0.8798 0.4090 -0.2421
vn -0.8616 0.4988 -0.0938
vn -0.8543 0.5099 -0.1014
vn -0.8099 0.5845 0.0497
vn -0.8173 0.5734 0.0574
vn -0.7481 0.6306 0.2068
vn -0.7407 0.6416 0.1991
vn 0.4015 0.4314 0.8079
vn 0.3909 0.4066 0.8258
vn -0.2779 0.6703 0.6881
vn -0.7891 0.5852 0.1868
vn -0.8832 0.3194 -0.3434
vn -0.8847 0.4205 -0.2012
vn -0.8632 0.4963 -0.0922
vn -0.8388 0.5439 0.0231
vn -0.8108 0.5768 0.0999
vn 0.3907 0.4062 0.8260
vn -0.7877 0.5884 0.1826
vn -0.8760 0.1191 -0.4673
vn -0.7352 -0.0620 -0.6750
vn -0.1179 -0.5048 -0.8551
vn -0.1184 -0.5058 -0.8545
vn -0.5386 0.6758 0.5032
vn -0.4326 -0.7272 0.5330
vn 0.5451 0.1770 0.8195
vn 0.1136 -0.5648 -0.8173
vn 0.4505 0.3406 0.8252
vn 0.5557 0.1973 0.8076
vn 0.5625 0.2093 0.7999
vn 0.5482 0.1860 0.8154
vn -0.7006 0.6308 0.3334
vn 0.5412 0.3222 -0.7767
vn 0.3962 0.1885 -0.8986
vn 0.7241 0.6377 -0.2627
vn 0.6891 0.7241 -0.0292
vn 0.6728 -0.0118 0.7398
# 104 vertex normals

vt 0.2226 0.4130 0.7202
vt 0.1953 0.4130 0.7194
vt 0.1952 0.4111 0.7164
vt 0.1952 0.2972 0.5361
vt 0.2226 0.2972 0.5368
vt 0.2426 0.2972 0.5369
vt 0.2394 0.4130 0.7204
vt 1.0143 0.8049 0.9995
vt 1.0282 0.8557 0.9995
vt 1.0282 1.0319 0.9995
vt 1.0000 0.8049 0.9995
vt 1.0180 1.0319 0.9995
vt 1.0000 0.9662 0.9994
vt 0.1677 0.8049 1.0103
vt 0.1513 0.8049 1.0090
vt 0.1677 0.7568 1.0097
vt 0.1952 0.6702 1.0105
vt 0.1952 0.8049 1.0123
vt 0.1895 0.6702 1.0101
vt 0.2226 0.6702 1.0118
vt 0.2226 0.6761 1.0119
vt 0.1963 0.8049 1.0123
vt 0.2237 0.6702 1.0118
vt 0.2226 0.6137 1.0066
vt 0.1952 0.6461 1.0083
vt 0.2014 0.6137 1.0056
vt 0.2034 0.5963 0.9953
vt 0.2226 0.5963 0.9961
vt 0.2042 0.5789 0.9780
vt 0.2226 0.5789 0.9788
vt 0.2026 0.5287 0.9029
vt 0.2226 0.5287 0.9037
vt 0.2226 0.2470 0.4617
vt 0.1952 0.2470 0.4611
vt 0.2226 0.2296 0.4443
vt 0.1952 0.2296 0.4438
vt 0.2226 0.2122 0.4339
vt 0.1952 0.2170 0.4362
vt 0.2005 0.2122 0.4335
vt 0.2226 0.1892 0.4297
vt 0.2292 0.1840 0.4287
vt 0.2347 0.1840 0.4288
vt 0.2361 0.2122 0.4340
vt 1.0282 0.9839 0.9995
vt 1.0282 0.9859 0.9903
vt 1.0249 0.9859 0.9903
vt 1.0216 0.9839 0.9995
vt 1.0282 0.9870 0.9850
vt 0.0563 0.9894 0.9553
vt 0.0563 0.9877 0.9782
vt 0.0843 0.9877 0.9801
vt 0.0843 0.9894 0.9571
vt 0.0843 0.9905 0.9324
vt 0.0563 0.9899 0.9433
vt 0.0563 0.9838 0.9989
vt 0.0563 0.9859 0.9920
vt 0.0282 0.9859 0.9903
vt 0.0282 0.9839 0.9995
vt 0.0843 0.9838 1.0008
vt 0.0843 0.9859 0.9939
vt 0.1122 0.9877 0.9824
vt 0.1122 0.9894 0.9594
vt 0.1122 0.9859 0.9963
vt 0.1122 0.9838 1.0032
vt 0.1400 0.9838 1.0057
vt 0.1400 0.9859 0.9987
vt 0.1400 0.9863 0.9956
vt 0.1331 0.9877 0.9843
vt 0.1443 0.9838 1.0060
vt 0.1412 0.9859 0.9989
vt 0.0285 0.9974 0.9996
vt 0.0282 0.9813 0.9999
vt 0.0199 0.9813 0.9998
vt 0.0182 0.9915 0.9996
vt 0.0216 0.9839 0.9995
vt 0.0563 0.9813 1.0012
vt 0.0609 0.9690 1.0015
vt 0.0843 0.9760 1.0031
vt 0.0843 0.9813 1.0031
vt 0.1122 0.9813 1.0055
vt 0.1122 0.9760 1.0055
vt 0.1400 0.9760 1.0080
vt 0.1400 0.9813 1.0080
vt 0.1460 0.9813 1.0085
vt 0.1478 0.9760 1.0087
vt 0.1836 0.2296 0.4434
vt 0.1802 0.2972 0.5355
vt 1.0000 0.7650 0.9990
vt 0.0586 0.8865 1.0014
vt 0.0843 0.9050 1.0031
vt 0.0283 0.8480 0.9995
vt 0.1122 0.8871 1.0055
vt 0.1400 0.8376 1.0080
vt 0.1677 0.9183 1.0103
vt 0.1720 0.2470 0.4604
vt 0.1725 0.2409 0.4543
vt 0.8340 0.8501 0.6212
vt 0.9244 0.9659 0.6321
vt 0.9609 1.0162 0.6383
vt 0.7382 0.7342 0.6134
vt 0.9684 1.0336 0.6434
vt 0.9717 1.0510 0.6509
vt 0.9614 1.1075 0.6870
vt 0.9680 1.0834 0.6704
vt 0.9327 1.1942 0.7498
vt 0.9034 1.2424 0.7923
vt 0.8214 1.3248 0.8830
vt 0.8830 1.2752 0.8214
vt 0.7500 1.3426 0.9331
vt 0.6710 1.3276 0.9698
vt 0.5440 1.2424 0.9962
vt 0.5868 1.2808 0.9925
vt 0.5000 1.2025 0.9997
vt 0.4721 1.1681 0.9971
vt 0.6999 0.6839 0.6081
vt 0.6975 0.6778 0.6062
vt 0.8325 0.8482 0.6210
vt 0.9798 0.8049 0.9998
vt 0.9793 0.7731 0.9994
vt 0.9909 0.7306 0.9987
vt 0.2416 0.2296 0.4445
vt 0.2350 0.1789 0.4286
vt 0.5279 0.6208 0.2910
vt 0.5368 0.6260 0.2913
vt 0.5662 0.6491 0.2970
vt 0.5895 0.6665 0.3008
vt 0.5737 0.6539 0.2975
vt 0.6062 0.6778 0.3025
vt 0.9971 1.1681 0.5279
vt 0.9943 1.2105 0.5638
vt 0.5201 0.6158 0.2904
vt 0.2375 0.5287 0.9039
vt 0.9793 0.8652 0.9998
vt 0.1952 0.8102 1.0123
vt 0.2352 0.5963 0.9963
vt 0.2332 0.6137 1.0067
vt 0.2364 0.5789 0.9790
vt 0.2457 0.2470 0.4619
vt 0.0480 0.9894 0.9548
vt 0.0323 0.9878 0.9807
vt 0.0282 0.9870 0.9850
vt 0.1122 0.9898 0.9498
vt 0.1184 0.9894 0.9599
vt 0.2470 0.2394 0.4542
vt 0.9946 0.7729 0.5664
vt 0.9948 0.8305 0.5636
vt 0.5041 0.1128 0.2785
vt 0.9943 0.7358 0.5681
vt 0.5205 0.0482 0.2925
vt 0.5201 0.0423 0.2926
vt 0.5189 0.0812 0.2898
vt 0.5116 0.1015 0.2840
vt 0.0085 0.6226 0.5867
vt 0.0083 0.6157 0.5834
vt 0.0082 0.5498 0.5530
vt 0.0304 0.7792 0.6710
vt 0.0127 0.5295 0.5462
vt 0.0210 0.5092 0.5415
vt 0.1479 0.3155 0.5238
vt 0.0577 0.4506 0.5352
vt 0.2748 0.1218 0.5062
vt 0.2785 0.1128 0.5041
vt 0.5636 0.8305 0.9948
vt 0.2381 0.1804 0.5125
vt 0.5038 0.9149 1.0000
vt 0.4480 0.9727 0.9952
vt 0.4369 0.9817 0.9931
vt 0.4420 0.9789 0.9947
vt 0.4273 0.9842 0.9888
vt 0.4178 0.9854 0.9841
vt 0.3633 0.9883 0.9547
vt 0.4062 0.9863 0.9779
vt 0.1109 0.9817 0.8096
vt 0.3415 0.9889 0.9427
vt 0.2696 0.9896 0.9025
vt 0.1817 0.9883 0.8524
vt 0.1979 0.9888 0.8618
vt 0.1419 0.9863 0.8291
vt 0.1226 0.9847 0.8175
vt 0.1192 0.9842 0.8154
vt 0.1070 0.9789 0.8061
vt 0.1037 0.9727 0.8013
vt 0.0675 0.9053 0.7500
vt 0.0295 0.7729 0.6676
# 184 texture coords

o Cylinder001_frag_013_frag_004
g Cylinder001_frag_013_frag_004
usemtl wire_119038109
s 2
f 984/1422/977 985/1423/978 986/1424/979 987/1425/980 
f 984/1422/977 987/1425/980 988/1426/981 
f 989/1427/982 990/1428/983 984/1422/977 988/1426/981 
f 991/1429/984 992/1430/985 993/1431/986 994/1432/987 
f 995/1433/988 996/1434/989 994/1432/987 993/1431/986 
f 997/1435/990 998/1436/991 999/1437/992 
f 1000/1438/993 1001/1439/994 997/1435/990 999/1437/992 
f 1000/1438/993 999/1437/992 1002/1440/995 
f 1001/1439/994 1000/1438/993 1003/1441/996 1004/1442/997 
f 1001/1439/994 1004/1442/997 1005/1443/998 
f 1003/1441/996 1006/1444/999 1004/1442/997 
f 1007/1445/1000 1003/1441/996 1000/1438/993 1008/1446/1001 
f 1007/1445/1000 1008/1446/1001 1009/1447/1002 
f 1010/1448/1003 1011/1449/1004 1007/1445/1000 1009/1447/1002 
f 1012/1450/1005 1013/1451/1006 1011/1449/1004 1010/1448/1003 
f 1014/1452/1007 1015/1453/981 1013/1451/1006 1012/1450/1005 
f 1016/1454/1006 988/1426/981 987/1425/980 1017/1455/1008 
f 1018/1456/1004 1016/1454/1006 1017/1455/1008 1019/1457/1009 
f 1020/1458/1010 1018/1456/1004 1019/1457/1009 1021/1459/1011 
f 1020/1458/1010 1021/1459/1011 1022/1460/1012 
f 1023/1461/1013 1024/1462/1014 1025/1463/1015 1026/1464/1016 
f 1023/1461/1013 1026/1464/1016 1020/1458/1010 
f 1027/1465/1017 1028/1466/1018 1029/1467/1019 1030/1468/1020 
f 1028/1466/1018 1031/1469/1021 1029/1467/1019 
f 1032/1470/1022 1033/1471/1023 1034/1472/1024 1035/1473/1025 
f 1035/1473/1025 1036/1474/1026 1037/1475/1027 1032/1470/1022 
f 1038/1476/1028 1039/1477/1029 1028/1478/1018 1027/1479/1017 
f 1039/1477/1029 1038/1476/1028 1040/1480/1030 1041/1481/1031 
f 1033/1471/1023 1039/1477/1029 1041/1481/1031 1034/1472/1024 
f 1042/1482/1032 1043/1483/1033 1035/1473/1025 1034/1472/1024 
f 1044/1484/1034 1042/1482/1032 1034/1472/1024 1041/1481/1031 
f 1045/1485/1035 1044/1484/1034 1041/1481/1031 1040/1480/1030 
f 1044/1484/1034 1045/1485/1035 1046/1486/1036 1047/1487/1037 
f 1047/1487/1037 1048/1488/1038 1049/1489/1039 1042/1482/1032 
f 1047/1487/1037 1042/1482/1032 1044/1484/1034 
f 1046/1486/1036 1050/1490/1040 1051/1491/1041 1047/1487/1037 
f 993/1492/986 1052/1493/1042 1053/1494/1043 995/1495/988 
f 1052/1493/1042 1027/1479/1017 1030/1496/1020 1053/1494/1043 
f 1054/1497/1044 1055/1498/1045 1056/1499/1046 1057/1500/1047 
f 1038/1476/1028 1054/1497/1044 1057/1500/1047 1040/1480/1030 
f 1054/1497/1044 1038/1476/1028 1027/1479/1017 1052/1493/1042 
f 1055/1498/1045 1054/1497/1044 1052/1493/1042 993/1492/986 
f 1058/1501/1048 1059/1502/1049 1060/1503/1050 1061/1504/1051 
f 1045/1485/1035 1058/1501/1048 1061/1504/1051 1046/1486/1036 
f 1058/1501/1048 1045/1485/1035 1040/1480/1030 1057/1500/1047 
f 1059/1502/1049 1058/1501/1048 1057/1500/1047 1056/1499/1046 
f 1061/1504/1051 1062/1505/1052 1050/1490/1040 1046/1486/1036 
f 1060/1503/1050 1063/1506/1053 1062/1505/1052 1061/1504/1051 
f 1021/1459/1011 1019/1457/1009 1064/1507/1054 
f 1023/1461/1013 1020/1458/1010 1022/1460/1012 
f 1065/1508/1055 987/1425/980 986/1424/979 
f 1014/1452/1007 985/1423/978 984/1422/977 1015/1453/981 
f 991/1429/984 994/1432/987 1066/1509/1056 
f 1055/1498/1045 1067/1510/1057 1068/1511/1058 1056/1499/1046 
f 993/1492/986 992/1512/985 1067/1510/1057 1055/1498/1045 
f 1069/1513/1059 1070/1514/1060 1060/1503/1050 1059/1502/1049 
f 1068/1511/1058 1069/1513/1059 1059/1502/1049 1056/1499/1046 
f 1060/1503/1050 1070/1514/1060 998/1436/991 1071/1515/1061 
f 998/1436/991 997/1435/990 1071/1515/1061 
f 1060/1503/1050 1071/1515/1061 1063/1506/1053 
f 1008/1446/1001 1000/1438/993 1002/1440/995 
f 1064/1507/1054 1019/1457/1009 1017/1455/1008 1072/1516/1062 
f 1064/1507/1054 1072/1516/1062 1073/1517/1063 
f 1065/1508/1055 1072/1516/1062 1017/1455/1008 987/1425/980 
s off
f 985/1518/978 1014/1519/1007 1012/1520/1005 1065/1521/1055 
f 1012/1520/1005 1010/1522/1003 1009/1523/1002 1002/1524/995 
f 1009/1523/1002 1008/1525/1001 1002/1524/995 
f 1002/1524/995 999/1526/992 998/1527/991 1069/1528/1059 
f 998/1527/991 1070/1529/1060 1069/1528/1059 
f 1069/1528/1059 1068/1530/1058 1067/1531/1057 991/1532/984 
f 1067/1531/1057 992/1533/985 991/1532/984 
f 1002/1524/995 1069/1528/1059 991/1532/984 1065/1521/1055 
f 991/1532/984 1066/1534/1056 1074/1535/1064 1072/1536/1062 
f 1074/1535/1064 1073/1537/1063 1072/1536/1062 
f 991/1532/984 1072/1536/1062 1065/1521/1055 
f 1012/1520/1005 1002/1524/995 1065/1521/1055 
f 985/1518/978 1065/1521/1055 986/1538/979 
s 2
f 1075/1539/1065 1076/1540/1066 1074/1541/1064 1066/1509/1056 
f 1075/1539/1065 1066/1509/1056 994/1432/987 
f 1018/1456/1004 1020/1458/1010 1026/1464/1016 1077/1542/1067 
f 1025/1463/1015 1024/1462/1014 1078/1543/1068 
s off
f 1024/1544/1014 1023/1545/1013 1022/1546/1012 1064/1547/1054 
f 1022/1546/1012 1021/1548/1011 1064/1547/1054 
f 1064/1547/1054 1073/1549/1063 1074/1550/1064 1024/1544/1014 
f 1074/1550/1064 1076/1551/1066 1078/1552/1068 1024/1544/1014 
s 2
f 1015/1453/981 984/1422/977 990/1428/983 1079/1553/1069 
f 1080/1554/1070 1075/1539/1065 994/1432/987 996/1434/989 
f 997/1435/990 1001/1439/994 1081/1555/1071 1071/1515/1061 
f 1081/1555/1071 1001/1439/994 1005/1443/998 
f 1007/1445/1000 1011/1449/1004 1082/1556/1072 1083/1557/1073 
f 1003/1441/996 1007/1445/1000 1083/1557/1073 1006/1444/999 
f 1013/1451/1006 1015/1453/981 1079/1553/1069 1084/1558/1074 
f 1011/1449/1004 1013/1451/1006 1084/1558/1074 1082/1556/1072 
f 988/1426/981 1016/1454/1006 1085/1559/1075 989/1427/982 
f 1086/1560/1076 1032/1470/1022 1037/1475/1027 
f 1033/1471/1023 1032/1470/1022 1086/1560/1076 1087/1561/1077 
f 1087/1561/1077 1031/1562/1021 1028/1478/1018 1039/1477/1029 
f 1087/1561/1077 1039/1477/1029 1033/1471/1023 
f 1035/1473/1025 1043/1483/1033 1088/1563/1078 1036/1474/1026 
f 1089/1564/1079 1043/1483/1033 1042/1482/1032 1049/1489/1039 
f 1088/1563/1078 1043/1483/1033 1089/1564/1079 
f 1048/1488/1038 1047/1487/1037 1051/1491/1041 
f 1090/1565/1080 1085/1559/1075 1016/1454/1006 1018/1456/1004 
f 1090/1565/1080 1018/1456/1004 1077/1542/1067 
s off
f 1075/1566/1065 1080/1567/1070 1090/1568/1080 1076/1569/1066 
f 1025/1570/1015 1078/1571/1068 1076/1569/1066 1026/1572/1016 
f 1077/1573/1067 1026/1572/1016 1076/1569/1066 1090/1568/1080 
f 1004/1574/997 1006/1575/999 1083/1576/1073 1081/1577/1071 
f 1083/1576/1073 1082/1578/1072 1084/1579/1074 990/1580/983 
f 1084/1579/1074 1079/1581/1069 990/1580/983 
f 1085/1582/1075 1090/1583/1080 1080/1584/1070 989/1585/982 
f 990/1580/983 989/1585/982 1080/1584/1070 1083/1576/1073 
f 1080/1584/1070 996/1586/989 995/1587/988 1030/1588/1020 
f 995/1587/988 1053/1589/1043 1030/1588/1020 
f 1030/1588/1020 1029/1590/1019 1031/1591/1021 1086/1592/1076 
f 1031/1591/1021 1087/1593/1077 1086/1592/1076 
f 1080/1584/1070 1030/1588/1020 1086/1592/1076 1050/1594/1040 
f 1086/1592/1076 1037/1595/1027 1036/1596/1026 1089/1597/1079 
f 1036/1596/1026 1088/1598/1078 1089/1597/1079 
f 1089/1597/1079 1049/1599/1039 1048/1600/1038 1050/1594/1040 
f 1048/1600/1038 1051/1601/1041 1050/1594/1040 
f 1086/1592/1076 1089/1597/1079 1050/1594/1040 
f 1083/1576/1073 1080/1584/1070 1050/1594/1040 1081/1577/1071 
f 1050/1594/1040 1062/1602/1052 1063/1603/1053 1081/1577/1071 
f 1063/1603/1053 1071/1604/1061 1081/1577/1071 
f 1004/1574/997 1081/1577/1071 1005/1605/998 
# 84 polygons - 42 triangles

#
# object Cylinder001_frag_013_frag_005
#

v  0.6449 0.4926 -0.0278
v  0.5103 0.2676 0.1097
v  0.5136 0.2670 0.1120
v  0.6497 0.4918 -0.0244
v  0.5226 0.2644 0.1167
v  0.3775 0.0423 0.2485
v  0.3842 0.0403 0.2520
v  0.5318 0.2606 0.1200
v  0.3910 0.0375 0.2544
v  0.6725 0.4838 -0.0144
v  0.6609 0.4885 -0.0185
v  0.5409 0.2559 0.1218
v  0.3978 0.0339 0.2557
v  0.5497 0.2502 0.1220
v  0.4044 0.0297 0.2559
v  0.6950 0.4707 -0.0119
v  0.6839 0.4778 -0.0122
v  0.5579 0.2439 0.1206
v  0.4105 0.0250 0.2548
v  0.5653 0.2371 0.1177
v  0.4160 0.0200 0.2527
v  0.7146 0.4542 -0.0173
v  0.7053 0.4628 -0.0137
v  0.5716 0.2300 0.1133
v  0.4207 0.0147 0.2494
v  0.5766 0.2228 0.1076
v  0.4233 0.0110 0.2465
v  0.4368 0.0266 0.2341
v  0.7288 0.4363 -0.0299
v  0.7225 0.4453 -0.0228
v  0.5802 0.2158 0.1008
v  0.4911 0.0924 0.1819
v  0.5635 0.1834 0.1103
v  0.5824 0.2091 0.0930
v  0.7360 0.4191 -0.0482
v  0.7333 0.4275 -0.0385
v  0.5825 0.2077 0.0912
v  0.7366 0.4114 -0.0588
v  0.6623 0.3106 0.0105
v  1.0819 1.1963 -0.6258
v  1.1419 1.2882 -0.6887
v  1.1470 1.2783 -0.6983
v  1.0386 1.1124 -0.5847
v  0.9978 1.0555 -0.5405
v  1.1665 1.3296 -0.6048
v  1.1571 1.3281 -0.6160
v  1.0872 1.2211 -0.5427
v  0.9656 1.0222 -0.3941
v  0.9700 1.0120 -0.3773
v  0.9819 1.0099 -0.3689
v  1.1893 1.3273 -0.5864
v  1.1774 1.3293 -0.5948
v  0.9596 1.0122 -0.3869
v  0.9945 1.0062 -0.3623
v  0.8187 0.7601 -0.1978
v  0.8312 0.7563 -0.1913
v  1.0074 1.0010 -0.3577
v  0.8442 0.7511 -0.1866
v  1.2148 1.3183 -0.5752
v  1.2019 1.3236 -0.5798
v  1.0203 0.9942 -0.3552
v  0.8570 0.7444 -0.1842
v  1.0327 0.9863 -0.3549
v  0.8694 0.7365 -0.1839
v  1.2401 1.3037 -0.5724
v  1.2277 1.3116 -0.5727
v  1.0442 0.9774 -0.3569
v  0.8809 0.7276 -0.1858
v  1.0546 0.9678 -0.3610
v  0.8913 0.7180 -0.1899
v  1.2620 1.2852 -0.5785
v  1.2516 1.2948 -0.5744
v  1.0634 0.9578 -0.3672
v  0.9001 0.7080 -0.1961
v  1.0705 0.9477 -0.3752
v  0.9072 0.6979 -0.2041
v  1.2779 1.2651 -0.5926
v  1.2709 1.2752 -0.5847
v  1.0756 0.9378 -0.3848
v  0.9123 0.6880 -0.2137
v  1.0786 0.9284 -0.3957
v  0.9152 0.6786 -0.2245
v  1.2860 1.2458 -0.6132
v  1.2830 1.2552 -0.6022
v  1.0793 0.9198 -0.4076
v  0.9159 0.6700 -0.2364
v  1.0778 0.9122 -0.4201
v  0.9144 0.6625 -0.2489
v  1.2852 1.2296 -0.6376
v  1.2867 1.2372 -0.6251
v  1.0740 0.9059 -0.4328
v  0.9115 0.6575 -0.2589
v  0.9406 0.7019 -0.2930
v  1.0675 0.9000 -0.4447
v  1.0682 0.9011 -0.4455
v  1.2756 1.2185 -0.6629
v  1.2814 1.2233 -0.6503
v  1.1812 1.0827 -0.5842
v  1.2678 1.2153 -0.6750
v  1.2527 1.2657 -0.7135
v  1.2528 1.2615 -0.7152
v  1.2433 1.2682 -0.7185
v  1.2434 1.2685 -0.7184
v  1.2151 1.2832 -0.7238
v  1.2185 1.2810 -0.7237
v  1.2146 1.2826 -0.7243
v  1.2036 1.2871 -0.7247
v  1.1954 1.2947 -0.7215
v  1.1988 1.2969 -0.7193
v  1.2065 1.2898 -0.7224
v  1.2056 1.2856 -0.7251
v  1.1884 1.3026 -0.7166
v  1.1920 1.2924 -0.7233
v  1.1846 1.3007 -0.7182
v  1.1828 1.3106 -0.7103
v  1.1787 1.3092 -0.7115
v  1.1870 1.3119 -0.7088
v  1.1923 1.3044 -0.7148
v  1.1788 1.3184 -0.7027
v  1.1744 1.3174 -0.7035
v  1.1764 1.3258 -0.6941
v  1.1720 1.3253 -0.6944
v  1.1810 1.3262 -0.6936
v  1.1832 1.3192 -0.7017
v  1.1759 1.3327 -0.6847
v  1.1714 1.3325 -0.6845
v  1.1771 1.3386 -0.6748
v  1.1726 1.3388 -0.6740
v  1.1816 1.3382 -0.6755
v  1.1805 1.3326 -0.6848
v  1.1801 1.3436 -0.6648
v  1.1758 1.3441 -0.6634
v  1.1847 1.3474 -0.6548
v  1.1806 1.3481 -0.6528
v  1.1887 1.3464 -0.6567
v  1.1844 1.3428 -0.6661
v  1.1908 1.3499 -0.6453
v  1.1871 1.3508 -0.6427
v  1.1982 1.3511 -0.6365
v  1.1950 1.3520 -0.6334
v  1.2015 1.3499 -0.6395
v  1.1945 1.3488 -0.6478
v  1.2068 1.3509 -0.6286
v  1.2041 1.3518 -0.6251
v  1.2162 1.3493 -0.6220
v  1.2140 1.3501 -0.6181
v  1.2183 1.3482 -0.6259
v  1.2095 1.3497 -0.6321
v  1.2261 1.3464 -0.6167
v  1.2245 1.3470 -0.6126
v  1.2363 1.3422 -0.6131
v  1.2353 1.3426 -0.6087
v  1.2373 1.3416 -0.6176
v  1.2277 1.3455 -0.6210
v  1.2465 1.3369 -0.6111
v  1.2461 1.3370 -0.6066
v  1.2563 1.3307 -0.6109
v  1.2564 1.3304 -0.6064
v  1.2560 1.3307 -0.6155
v  1.2468 1.3366 -0.6157
v  1.2654 1.3237 -0.6125
v  1.2661 1.3230 -0.6080
v  1.2736 1.3161 -0.6157
v  1.2747 1.3150 -0.6115
v  1.2722 1.3170 -0.6200
v  1.2645 1.3241 -0.6170
v  1.2806 1.3082 -0.6206
v  1.2821 1.3066 -0.6166
v  1.2862 1.3002 -0.6269
v  1.2880 1.2982 -0.6233
v  1.2841 1.3021 -0.6305
v  1.2788 1.3096 -0.6246
v  1.2902 1.2924 -0.6345
v  1.2923 1.2899 -0.6313
v  1.2925 1.2850 -0.6431
v  1.2948 1.2820 -0.6404
v  1.2900 1.2878 -0.6457
v  1.2878 1.2948 -0.6376
v  1.2931 1.2782 -0.6525
v  1.2954 1.2748 -0.6503
v  1.2919 1.2722 -0.6623
v  1.2941 1.2685 -0.6608
v  1.2894 1.2758 -0.6638
v  1.2906 1.2814 -0.6545
v  1.2889 1.2672 -0.6724
v  1.2910 1.2633 -0.6715
v  1.2843 1.2634 -0.6824
v  1.2861 1.2592 -0.6820
v  1.2823 1.2675 -0.6826
v  1.2866 1.2711 -0.6733
v  1.2782 1.2609 -0.6919
v  1.2796 1.2566 -0.6921
v  1.2708 1.2597 -0.7007
v  1.2717 1.2553 -0.7014
v  1.2696 1.2641 -0.6999
v  1.2766 1.2652 -0.6916
v  1.2622 1.2599 -0.7086
v  1.2627 1.2555 -0.7097
v  1.2588 1.2562 -0.7124
v  1.2615 1.2643 -0.7072
v  0.7503 0.6550 -0.1264
v  0.7431 0.6562 -0.1315
v  0.7231 0.6232 -0.1093
v  0.7295 0.6222 -0.1049
v  0.8072 0.7620 -0.2059
v  0.7628 0.6513 -0.1198
v  0.7419 0.6185 -0.0984
v  0.7546 0.6133 -0.0938
v  0.7757 0.6461 -0.1152
v  0.7884 0.6394 -0.1127
v  0.7672 0.6067 -0.0914
v  0.7794 0.5990 -0.0911
v  0.8008 0.6315 -0.1125
v  0.8122 0.6227 -0.1144
v  0.7908 0.5902 -0.0930
v  0.8010 0.5808 -0.0971
v  0.8225 0.6132 -0.1185
v  0.8313 0.6032 -0.1246
v  0.8097 0.5710 -0.1031
v  0.8166 0.5610 -0.1110
v  0.8384 0.5932 -0.1325
v  0.8434 0.5834 -0.1421
v  0.8216 0.5513 -0.1204
v  0.8246 0.5420 -0.1311
v  0.8464 0.5740 -0.1529
v  0.8471 0.5654 -0.1647
v  0.8253 0.5335 -0.1428
v  0.8238 0.5261 -0.1551
v  0.8456 0.5579 -0.1772
v  0.8445 0.5561 -0.1809
v  0.7088 0.5890 -0.0838
v  0.7031 0.5899 -0.0878
v  0.7210 0.5854 -0.0774
v  0.7335 0.5803 -0.0729
v  0.7459 0.5738 -0.0705
v  0.7579 0.5662 -0.0703
v  0.7690 0.5576 -0.0722
v  0.7790 0.5483 -0.0761
v  0.7876 0.5386 -0.0821
v  0.7944 0.5289 -0.0898
v  0.7994 0.5193 -0.0991
v  0.8022 0.5102 -0.1096
v  0.8029 0.5019 -0.1211
v  0.8014 0.4946 -0.1332
v  0.3758 0.0425 0.2473
v  0.3176 -0.0548 0.3073
v  0.3184 -0.0549 0.3079
v  0.3242 -0.0566 0.3109
v  0.3033 -0.0898 0.3318
v  0.3073 -0.0728 0.3192
v  0.3020 -0.0894 0.3312
v  0.3089 -0.0921 0.3339
v  0.3300 -0.0590 0.3130
v  0.3359 -0.0621 0.3141
v  0.3146 -0.0950 0.3350
v  0.3200 -0.0985 0.3351
v  0.3416 -0.0657 0.3142
v  0.3468 -0.0697 0.3133
v  0.3204 -0.0988 0.3350
v  0.3384 -0.0824 0.3214
v  0.3634 -0.0568 0.3007
v  0.3952 -0.0219 0.2726
v  0.2986 -0.1082 0.3444
v  0.3049 -0.1099 0.3447
v  0.3188 -0.1003 0.3363
v  1.1970 1.2877 -0.7253
v  1.1889 1.2892 -0.7252
v  1.1884 1.2897 -0.7250
v  1.1806 1.2985 -0.7196
v  1.1766 1.2960 -0.7205
v  1.1879 1.2893 -0.7251
v  1.1824 1.2894 -0.7245
v  1.1701 1.3053 -0.7131
v  1.1743 1.3074 -0.7125
v  1.1699 1.3161 -0.7041
v  1.1654 1.3144 -0.7042
v  1.1626 1.3231 -0.6942
v  1.1672 1.3244 -0.6945
v  1.1666 1.3320 -0.6840
v  1.1620 1.3310 -0.6832
v  1.1634 1.3380 -0.6717
v  1.1680 1.3387 -0.6730
v  1.1713 1.3442 -0.6617
v  1.1669 1.3438 -0.6599
v  1.1722 1.3483 -0.6483
v  1.1764 1.3485 -0.6506
v  1.1832 1.3513 -0.6400
v  1.1794 1.3512 -0.6371
v  1.1881 1.3526 -0.6268
v  1.1916 1.3526 -0.6301
v  1.2011 1.3524 -0.6214
v  1.1981 1.3524 -0.6176
v  1.2091 1.3505 -0.6099
v  1.2116 1.3506 -0.6140
v  1.2227 1.3473 -0.6081
v  1.2207 1.3471 -0.6038
v  1.2326 1.3422 -0.5995
v  1.2341 1.3427 -0.6041
v  1.2454 1.3368 -0.6019
v  1.2445 1.3360 -0.5973
v  1.2559 1.3287 -0.5970
v  1.2563 1.3298 -0.6017
v  1.2665 1.3220 -0.6034
v  1.2666 1.3205 -0.5988
v  1.2761 1.3117 -0.6026
v  1.2756 1.3135 -0.6070
v  1.2834 1.3047 -0.6124
v  1.2843 1.3025 -0.6083
v  1.2908 1.2932 -0.6156
v  1.2897 1.2958 -0.6194
v  1.2942 1.2871 -0.6279
v  1.2955 1.2840 -0.6245
v  1.2983 1.2753 -0.6345
v  1.2968 1.2788 -0.6375
v  1.2974 1.2712 -0.6480
v  1.2989 1.2674 -0.6455
v  1.2975 1.2604 -0.6571
v  1.2961 1.2645 -0.6590
v  1.2928 1.2590 -0.6703
v  1.2941 1.2546 -0.6688
v  1.2887 1.2501 -0.6804
v  1.2876 1.2547 -0.6814
v  1.2808 1.2519 -0.6920
v  1.2815 1.2472 -0.6916
v  1.2728 1.2458 -0.7019
v  1.2725 1.2506 -0.7019
v  1.2641 1.2508 -0.7095
v  1.2629 1.2523 -0.7103
v  1.2676 1.2459 -0.7067
v  1.1730 1.2931 -0.7205
v  1.1696 1.2900 -0.7198
v  1.1627 1.2998 -0.7120
v  1.1662 1.3028 -0.7129
v  1.1666 1.2865 -0.7183
v  1.1636 1.2826 -0.7161
v  1.1566 1.2927 -0.7081
v  1.1596 1.2965 -0.7104
v  1.1613 1.3122 -0.7037
v  1.1577 1.3095 -0.7026
v  1.1548 1.3187 -0.6920
v  1.1585 1.3212 -0.6933
v  1.1545 1.3063 -0.7009
v  1.1515 1.3025 -0.6985
v  1.1580 1.3270 -0.6853
v  1.1594 1.3300 -0.6824
v  1.1547 1.3200 -0.6903
v  1.1534 1.3174 -0.6912
v  1.1624 1.3377 -0.6713
v  1.1640 1.3430 -0.6585
v  1.1684 1.3473 -0.6458
v  1.1641 1.3437 -0.6552
v  1.1635 1.3442 -0.6464
v  1.1650 1.3454 -0.6433
v  1.1758 1.3503 -0.6343
v  1.1726 1.3485 -0.6315
v  1.1818 1.3500 -0.6206
v  1.1848 1.3518 -0.6236
v  1.1696 1.3459 -0.6288
v  1.1626 1.3433 -0.6413
v  1.1622 1.3429 -0.6402
v  1.1666 1.3424 -0.6259
v  1.1760 1.3439 -0.6147
v  1.1789 1.3474 -0.6177
v  1.1952 1.3515 -0.6141
v  1.1924 1.3497 -0.6109
v  1.2040 1.3478 -0.6027
v  1.2065 1.3496 -0.6061
v  1.1897 1.3471 -0.6078
v  1.1869 1.3436 -0.6048
v  1.1987 1.3416 -0.5964
v  1.2015 1.3451 -0.5995
v  1.2186 1.3460 -0.5998
v  1.2163 1.3442 -0.5962
v  1.2289 1.3390 -0.5917
v  1.2309 1.3410 -0.5954
v  1.2139 1.3415 -0.5930
v  1.2113 1.3379 -0.5898
v  1.2242 1.3326 -0.5852
v  1.2268 1.3362 -0.5884
v  1.2432 1.3346 -0.5930
v  1.2415 1.3324 -0.5893
v  1.2536 1.3247 -0.5890
v  1.2550 1.3270 -0.5928
v  1.2395 1.3296 -0.5859
v  1.2370 1.3259 -0.5828
v  1.2494 1.3181 -0.5825
v  1.2518 1.3217 -0.5857
v  1.2660 1.3186 -0.5946
v  1.2649 1.3160 -0.5909
v  1.2751 1.3066 -0.5949
v  1.2759 1.3094 -0.5986
v  1.2632 1.3129 -0.5876
v  1.2609 1.3092 -0.5844
v  1.2713 1.2996 -0.5885
v  1.2735 1.3034 -0.5917
v  1.2844 1.2999 -0.6044
v  1.2837 1.2969 -0.6009
v  1.2906 1.2870 -0.6087
v  1.2911 1.2902 -0.6121
v  1.2823 1.2935 -0.5978
v  1.2801 1.2896 -0.5947
v  1.2872 1.2795 -0.6026
v  1.2893 1.2835 -0.6057
v  1.2960 1.2808 -0.6212
v  1.2956 1.2773 -0.6181
v  1.2985 1.2681 -0.6288
v  1.2988 1.2718 -0.6316
v  1.2944 1.2737 -0.6152
v  1.2923 1.2697 -0.6122
v  1.2953 1.2603 -0.6231
v  1.2973 1.2643 -0.6260
v  1.2995 1.2635 -0.6430
v  1.2992 1.2597 -0.6404
v  1.2977 1.2523 -0.6526
v  1.2981 1.2563 -0.6549
v  1.2980 1.2558 -0.6378
v  1.2960 1.2517 -0.6350
v  1.2944 1.2441 -0.6475
v  1.2965 1.2483 -0.6502
v  1.2945 1.2503 -0.6671
v  1.2941 1.2461 -0.6651
v  1.2884 1.2414 -0.6774
v  1.2889 1.2457 -0.6791
v  1.2928 1.2421 -0.6628
v  1.2907 1.2378 -0.6602
v  1.2849 1.2330 -0.6728
v  1.2870 1.2373 -0.6753
v  1.2815 1.2426 -0.6907
v  1.2808 1.2383 -0.6892
v  1.2716 1.2368 -0.7002
v  1.2725 1.2412 -0.7013
v  1.2793 1.2341 -0.6873
v  1.2771 1.2298 -0.6848
v  1.2698 1.2413 -0.7039
v  1.2707 1.2368 -0.7010
v  1.2704 1.2339 -0.6989
v  1.2429 1.3006 -0.6917
v  1.2455 1.3016 -0.6881
v  1.2483 1.2932 -0.6957
v  1.2437 1.2941 -0.6987
v  1.2397 1.3036 -0.6906
v  1.2390 1.2965 -0.6998
v  1.2408 1.3151 -0.6752
v  1.2362 1.3037 -0.6935
v  1.2341 1.2986 -0.7013
v  1.2340 1.3070 -0.6913
v  1.2297 1.3018 -0.7009
v  1.2300 1.3081 -0.6931
v  1.2252 1.3049 -0.7007
v  1.2290 1.3112 -0.6899
v  1.2217 1.3086 -0.6986
v  1.2250 1.3132 -0.6904
v  1.2180 1.3122 -0.6969
v  1.2254 1.3157 -0.6867
v  1.2159 1.3159 -0.6935
v  1.2218 1.3184 -0.6858
v  1.2134 1.3197 -0.6903
v  1.2235 1.3201 -0.6820
v  1.2130 1.3230 -0.6860
v  1.2208 1.3231 -0.6799
v  1.2121 1.3264 -0.6818
v  1.2237 1.3238 -0.6764
v  1.2133 1.3289 -0.6771
v  1.2222 1.3267 -0.6733
v  1.2140 1.3316 -0.6723
v  1.2259 1.3263 -0.6707
v  1.2168 1.3330 -0.6678
v  1.2257 1.3288 -0.6669
v  1.2191 1.3346 -0.6631
v  1.2298 1.3274 -0.6654
v  1.2230 1.3347 -0.6593
v  1.2310 1.3291 -0.6614
v  1.2267 1.3350 -0.6552
v  1.2350 1.3269 -0.6612
v  1.2313 1.3339 -0.6526
v  1.2374 1.3276 -0.6574
v  1.2358 1.3329 -0.6496
v  1.2408 1.3248 -0.6587
v  1.2407 1.3306 -0.6485
v  1.2441 1.3245 -0.6556
v  1.2455 1.3284 -0.6470
v  1.2465 1.3215 -0.6580
v  1.2499 1.3252 -0.6475
v  1.2504 1.3201 -0.6560
v  1.2544 1.3221 -0.6476
v  1.2515 1.3173 -0.6594
v  1.2579 1.3185 -0.6497
v  1.2554 1.3150 -0.6587
v  1.2616 1.3148 -0.6514
v  1.2552 1.3127 -0.6626
v  1.2637 1.3111 -0.6549
v  1.2586 1.3098 -0.6633
v  1.2661 1.3073 -0.6580
v  1.2570 1.3083 -0.6673
v  1.2667 1.3041 -0.6624
v  1.2595 1.3051 -0.6692
v  1.2675 1.3006 -0.6665
v  1.2568 1.3047 -0.6728
v  1.2664 1.2982 -0.6713
v  1.2581 1.3015 -0.6758
v  1.2656 1.2954 -0.6760
v  1.2546 1.3021 -0.6786
v  1.2629 1.2941 -0.6805
v  1.2546 1.2994 -0.6822
v  1.2605 1.2924 -0.6852
v  1.2507 1.3011 -0.6839
v  1.2566 1.2924 -0.6890
v  1.2493 1.2991 -0.6877
v  1.2529 1.2920 -0.6931
v  1.2442 1.2895 -0.7035
v  1.2499 1.2878 -0.7005
v  1.2444 1.2856 -0.7070
v  1.2509 1.2837 -0.7036
v  1.2378 1.2883 -0.7093
v  1.2384 1.2919 -0.7055
v  1.2326 1.2949 -0.7067
v  1.2312 1.2918 -0.7106
v  1.2248 1.2958 -0.7108
v  1.2269 1.2985 -0.7068
v  1.2217 1.3025 -0.7059
v  1.2189 1.3004 -0.7098
v  1.2136 1.3053 -0.7076
v  1.2170 1.3068 -0.7040
v  1.2130 1.3113 -0.7013
v  1.2090 1.3104 -0.7045
v  1.2054 1.3156 -0.7004
v  1.2098 1.3159 -0.6977
v  1.2075 1.3204 -0.6933
v  1.2028 1.3207 -0.6955
v  1.2013 1.3255 -0.6899
v  1.2062 1.3246 -0.6884
v  1.2059 1.3285 -0.6830
v  1.2009 1.3300 -0.6838
v  1.2017 1.3338 -0.6773
v  1.2065 1.3320 -0.6773
v  1.2082 1.3348 -0.6716
v  1.2036 1.3371 -0.6708
v  1.2066 1.3395 -0.6643
v  1.2109 1.3370 -0.6659
v  1.2144 1.3384 -0.6604
v  1.2106 1.3412 -0.6581
v  1.2154 1.3420 -0.6524
v  1.2187 1.3391 -0.6554
v  1.2236 1.3390 -0.6509
v  1.2210 1.3418 -0.6473
v  1.2271 1.3408 -0.6430
v  1.2289 1.3381 -0.6471
v  1.2346 1.3364 -0.6441
v  1.2335 1.3389 -0.6396
v  1.2402 1.3362 -0.6372
v  1.2405 1.3340 -0.6420
v  1.2463 1.3310 -0.6409
v  1.2468 1.3327 -0.6360
v  1.2531 1.3287 -0.6358
v  1.2519 1.3274 -0.6407
v  1.2571 1.3234 -0.6416
v  1.2591 1.3241 -0.6368
v  1.2644 1.3192 -0.6389
v  1.2618 1.3191 -0.6435
v  1.2658 1.3145 -0.6463
v  1.2689 1.3141 -0.6421
v  1.2726 1.3089 -0.6462
v  1.2690 1.3100 -0.6499
v  1.2713 1.3055 -0.6542
v  1.2752 1.3038 -0.6511
v  1.2767 1.2990 -0.6567
v  1.2727 1.3012 -0.6591
v  1.2730 1.2973 -0.6645
v  1.2771 1.2945 -0.6628
v  1.2763 1.2907 -0.6692
v  1.2723 1.2939 -0.6702
v  1.2706 1.2911 -0.6759
v  1.2743 1.2874 -0.6758
v  1.2714 1.2850 -0.6822
v  1.2680 1.2889 -0.6817
v  1.2645 1.2874 -0.6871
v  1.2674 1.2833 -0.6884
v  1.2625 1.2825 -0.6942
v  1.2602 1.2868 -0.6922
v  1.2553 1.2869 -0.6967
v  1.2570 1.2827 -0.6993
v  1.2444 1.2816 -0.7102
v  1.2516 1.2795 -0.7064
v  1.2442 1.2773 -0.7132
v  1.2522 1.2750 -0.7090
v  1.2361 1.2807 -0.7161
v  1.2370 1.2846 -0.7129
v  1.2439 1.2729 -0.7159
v  1.2525 1.2703 -0.7114
v  1.2350 1.2765 -0.7191
v  1.2297 1.2884 -0.7143
v  1.2280 1.2849 -0.7177
v  1.2202 1.2899 -0.7179
v  1.2226 1.2930 -0.7144
v  1.2261 1.2811 -0.7208
v  1.2342 1.2737 -0.7209
v  1.2248 1.2784 -0.7228
v  1.2176 1.2866 -0.7210
v  1.2159 1.2981 -0.7133
v  1.2129 1.2955 -0.7166
v  1.2063 1.3015 -0.7140
v  1.2100 1.3035 -0.7110
v  1.2097 1.2927 -0.7197
v  1.2025 1.2993 -0.7168
v  1.2049 1.3093 -0.7075
v  1.2007 1.3078 -0.7102
v  1.1963 1.3142 -0.7051
v  1.2009 1.3151 -0.7029
v  1.1964 1.3062 -0.7126
v  1.1916 1.3131 -0.7071
v  1.1980 1.3207 -0.6974
v  1.1931 1.3205 -0.6991
v  1.1912 1.3264 -0.6922
v  1.1963 1.3261 -0.6911
v  1.1881 1.3199 -0.7005
v  1.1860 1.3264 -0.6930
v  1.1959 1.3311 -0.6843
v  1.1907 1.3318 -0.6847
v  1.1917 1.3366 -0.6768
v  1.1967 1.3354 -0.6772
v  1.1855 1.3323 -0.6848
v  1.1866 1.3375 -0.6762
v  1.1989 1.3390 -0.6699
v  1.1941 1.3406 -0.6687
v  1.1977 1.3436 -0.6608
v  1.2022 1.3418 -0.6626
v  1.1892 1.3419 -0.6674
v  1.1932 1.3452 -0.6588
v  1.2067 1.3436 -0.6557
v  1.2026 1.3457 -0.6532
v  1.2086 1.3466 -0.6461
v  1.2121 1.3445 -0.6493
v  1.1985 1.3474 -0.6505
v  1.2050 1.3484 -0.6428
v  1.2183 1.3443 -0.6436
v  1.2154 1.3464 -0.6399
v  1.2229 1.3452 -0.6345
v  1.2251 1.3431 -0.6388
v  1.2124 1.3482 -0.6359
v  1.2206 1.3468 -0.6302
v  1.2323 1.3410 -0.6350
v  1.2309 1.3428 -0.6304
v  1.2390 1.3395 -0.6275
v  1.2397 1.3380 -0.6324
v  1.2293 1.3443 -0.6256
v  1.2382 1.3407 -0.6224
v  1.2470 1.3342 -0.6310
v  1.2471 1.3353 -0.6259
v  1.2550 1.3303 -0.6257
v  1.2541 1.3296 -0.6308
v  1.2470 1.3360 -0.6207
v  1.2556 1.3306 -0.6206
v  1.2608 1.3245 -0.6319
v  1.2622 1.3247 -0.6270
v  1.2688 1.3186 -0.6296
v  1.2667 1.3190 -0.6343
v  1.2635 1.3245 -0.6219
v  1.2706 1.3179 -0.6247
v  1.2718 1.3133 -0.6378
v  1.2744 1.3123 -0.6334
v  1.2788 1.3059 -0.6385
v  1.2758 1.3075 -0.6424
v  1.2767 1.3110 -0.6290
v  1.2816 1.3041 -0.6344
v  1.2787 1.3019 -0.6479
v  1.2821 1.2997 -0.6445
v  1.2839 1.2937 -0.6514
v  1.2804 1.2965 -0.6541
v  1.2851 1.2973 -0.6410
v  1.2871 1.2908 -0.6486
v  1.2808 1.2915 -0.6609
v  1.2844 1.2883 -0.6589
v  1.2834 1.2835 -0.6668
v  1.2800 1.2872 -0.6681
v  1.2876 1.2849 -0.6567
v  1.2866 1.2796 -0.6653
v  1.2778 1.2836 -0.6754
v  1.2810 1.2796 -0.6749
v  1.2774 1.2765 -0.6828
v  1.2745 1.2808 -0.6826
v  1.2840 1.2753 -0.6741
v  1.2800 1.2720 -0.6828
v  1.2700 1.2790 -0.6895
v  1.2725 1.2745 -0.6904
v  1.2665 1.2736 -0.6975
v  1.2646 1.2781 -0.6959
v  1.2746 1.2698 -0.6911
v  1.2682 1.2688 -0.6988
v  1.2584 1.2783 -0.7016
v  1.2597 1.2737 -0.7037
v  1.2607 1.2690 -0.7056
v  1.1534 1.2881 -0.7051
v  1.1605 1.2780 -0.7131
v  1.1556 1.2705 -0.7080
v  1.1540 1.2683 -0.7062
v  1.1483 1.2980 -0.6955
v  1.1635 1.3380 -0.6227
v  1.1730 1.3395 -0.6115
v  1.1838 1.3392 -0.6016
v  1.1957 1.3372 -0.5932
v  1.2083 1.3335 -0.5866
v  1.2212 1.3282 -0.5819
v  1.2341 1.3215 -0.5795
v  1.2465 1.3136 -0.5792
v  1.2580 1.3047 -0.5811
v  1.2684 1.2951 -0.5852
v  1.2773 1.2851 -0.5914
v  1.2844 1.2750 -0.5994
v  1.2895 1.2650 -0.6090
v  1.2924 1.2556 -0.6199
v  1.2931 1.2470 -0.6318
v  1.2916 1.2394 -0.6443
v  1.2879 1.2331 -0.6571
v  1.2820 1.2283 -0.6697
v  1.2743 1.2251 -0.6818
v  0.8014 0.4945 -0.1333
v  0.8232 0.5252 -0.1570
v  0.8001 0.4927 -0.1319
v  0.7358 0.4075 -0.0653
v  1.2420 1.2691 -0.7189
v  1.2028 1.2864 -0.7252
v  0.3087 -0.0695 0.3168
v  0.3487 -0.0715 0.3126
v  0.2999 -0.0950 0.3352
v  1.1768 1.2887 -0.7232
v  1.1721 1.2872 -0.7215
v  1.1681 1.2848 -0.7194
v  1.1645 1.2816 -0.7167
v  1.2686 1.2284 -0.6950
v  1.2702 1.2327 -0.6981
v  1.1610 1.2775 -0.7134
v  1.2602 1.2140 -0.6841
v  1.2661 1.2238 -0.6915
v  1.1400 1.2942 -0.6818
v  0.8139 0.7730 -0.2138
v  1.1492 1.3098 -0.6902
v  1.1519 1.3146 -0.6914
v  1.1601 1.3397 -0.6361
v  1.1462 1.3047 -0.6878
v  1.1574 1.3354 -0.6322
v  1.1515 1.3258 -0.6246
# 741 vertices

vn -0.7042 0.6264 0.3342
vn -0.7049 0.6257 0.3342
vn -0.2990 0.6209 0.7247
vn -0.2983 0.6220 0.7240
vn -0.1498 0.5770 0.8029
vn -0.1491 0.5781 0.8022
vn 0.0032 0.5145 0.8575
vn 0.0039 0.5155 0.8569
vn 0.1554 0.4351 0.8869
vn 0.1561 0.4362 0.8862
vn 0.3020 0.3415 0.8900
vn 0.3028 0.3425 0.8894
vn 0.4388 0.2363 0.8670
vn 0.4395 0.2373 0.8663
vn 0.5615 0.1228 0.8183
vn 0.5622 0.1238 0.8177
vn 0.6664 0.0044 0.7456
vn 0.6671 0.0054 0.7449
vn 0.7503 -0.1153 0.6510
vn 0.6923 -0.7076 -0.1415
vn 0.6919 -0.7081 -0.1407
vn 0.7510 -0.1142 0.6503
vn 0.8106 -0.2326 0.5374
vn 0.6587 -0.7187 -0.2227
vn 0.6176 -0.7274 -0.2990
vn 0.8456 -0.3439 0.4082
vn 0.8464 -0.3429 0.4075
vn 0.8114 -0.2315 0.5367
vn 0.5690 -0.7333 -0.3721
vn 0.8549 -0.4449 0.2668
vn 0.5690 -0.7333 -0.3722
vn -0.8831 0.3196 -0.3435
vn -0.8362 0.1953 -0.5124
vn -0.7758 0.0779 -0.6261
vn -0.5353 -0.2436 -0.8088
vn -0.7352 -0.0620 -0.6750
vn -0.5443 0.6863 0.4824
vn -0.6562 0.6686 0.3499
vn -0.7769 0.6050 0.1744
vn -0.7366 0.6289 0.2488
vn -0.4160 0.6830 0.6004
vn -0.2750 0.6591 0.7000
vn -0.2749 0.6592 0.6999
vn -0.4159 0.6831 0.6003
vn -0.7364 0.6289 0.2493
vn -0.1256 0.6151 0.7784
vn -0.2757 0.6580 0.7008
vn -0.1263 0.6140 0.7791
vn 0.0276 0.5525 0.8330
vn 0.0269 0.5514 0.8338
vn 0.0277 0.5527 0.8329
vn -0.1255 0.6153 0.7783
vn 0.1800 0.4731 0.8624
vn 0.1793 0.4720 0.8632
vn 0.3269 0.3793 0.8656
vn 0.3262 0.3782 0.8664
vn 0.3270 0.3794 0.8655
vn 0.1801 0.4732 0.8623
vn 0.4638 0.2739 0.8425
vn 0.4631 0.2729 0.8433
vn 0.5867 0.1603 0.7938
vn 0.5860 0.1592 0.7945
vn 0.5868 0.1604 0.7937
vn 0.4639 0.2741 0.8424
vn 0.6917 0.0418 0.7210
vn 0.6910 0.0407 0.7217
vn 0.7757 -0.0781 0.6263
vn 0.7750 -0.0791 0.6270
vn 0.7758 -0.0779 0.6261
vn 0.6918 0.0419 0.7209
vn 0.8361 -0.1955 0.5125
vn 0.8354 -0.1966 0.5132
vn 0.8712 -0.3070 0.3832
vn 0.8704 -0.3081 0.3839
vn 0.8713 -0.3069 0.3831
vn 0.8362 -0.1953 0.5124
vn 0.8797 -0.4092 0.2422
vn 0.8790 -0.4103 0.2430
vn 0.8615 -0.4989 0.0939
vn 0.8608 -0.5000 0.0946
vn 0.8616 -0.4988 0.0938
vn 0.8798 -0.4090 0.2421
vn 0.8172 -0.5735 -0.0573
vn 0.4725 -0.7110 -0.5208
vn 0.4726 -0.7104 -0.5215
vn 0.4084 -0.7053 -0.5794
vn 0.7480 -0.6307 -0.2067
vn 0.7481 -0.6306 -0.2068
vn 0.8173 -0.5734 -0.0574
vn 0.3398 -0.6950 -0.6336
vn 0.6562 -0.6686 -0.3499
vn 0.3389 -0.6951 -0.6340
vn 0.5476 0.3454 -0.7621
vn 0.2739 -0.1297 -0.9530
vn 0.2273 -0.1141 -0.9671
vn 0.4795 0.3654 -0.7979
vn 0.2731 0.4731 -0.8376
vn 0.1201 -0.0567 -0.9911
vn 0.0906 -0.0426 -0.9950
vn 0.1788 0.4917 -0.8522
vn 0.1174 0.5485 -0.8279
vn 0.1546 0.5730 -0.8049
vn 0.2106 0.5211 -0.8271
vn 0.0683 -0.0424 -0.9968
vn 0.0648 0.6078 -0.7914
vn 0.0636 0.5111 -0.8572
vn 0.0047 0.5776 -0.8163
vn 0.0228 0.6677 -0.7441
vn -0.0424 0.6448 -0.7632
vn 0.0684 0.6817 -0.7284
vn 0.1066 0.6270 -0.7717
vn -0.0074 0.7265 -0.6872
vn -0.0764 0.7107 -0.6994
vn -0.0249 0.7822 -0.6225
vn -0.0960 0.7732 -0.6268
vn 0.0248 0.7861 -0.6175
vn 0.0407 0.7353 -0.6765
vn -0.0292 0.8334 -0.5520
vn -0.1008 0.8306 -0.5477
vn -0.0201 0.8782 -0.4778
vn -0.0906 0.8809 -0.4645
vn 0.0292 0.8737 -0.4856
vn 0.0209 0.8328 -0.5532
vn 0.0021 0.9156 -0.4022
vn -0.0657 0.9228 -0.3797
vn 0.0367 0.9442 -0.3274
vn -0.0269 0.9548 -0.2959
vn 0.0810 0.9338 -0.3485
vn 0.0494 0.9077 -0.4166
vn 0.0827 0.9632 -0.2558
vn 0.0247 0.9762 -0.2156
vn 0.1386 0.9720 -0.1896
vn 0.0874 0.9861 -0.1412
vn 0.1740 0.9592 -0.2227
vn 0.1229 0.9512 -0.2831
vn 0.2028 0.9705 -0.1306
vn 0.1595 0.9843 -0.0751
vn 0.2734 0.9585 -0.0808
vn 0.2386 0.9709 -0.0192
vn 0.2969 0.9469 -0.1235
vn 0.2325 0.9578 -0.1689
vn 0.3481 0.9365 -0.0416
vn 0.3224 0.9463 0.0247
vn 0.4248 0.9052 -0.0142
vn 0.4084 0.9111 0.0554
vn 0.4349 0.8983 -0.0628
vn 0.3650 0.9269 -0.0877
vn 0.5010 0.8655 0.0005
vn 0.4938 0.8666 0.0719
vn 0.5744 0.8186 0.0020
vn 0.5762 0.8140 0.0737
vn 0.5714 0.8193 -0.0480
vn 0.5044 0.8621 -0.0494
vn 0.6429 0.7659 -0.0095
vn 0.6531 0.7549 0.0607
vn 0.7044 0.7090 -0.0339
vn 0.7220 0.6911 0.0334
vn 0.6899 0.7194 -0.0807
vn 0.6339 0.7712 -0.0585
vn 0.7569 0.6497 -0.0703
vn 0.7809 0.6246 -0.0075
vn 0.7989 0.5898 -0.1177
vn 0.8280 0.5574 -0.0606
vn 0.7762 0.6106 -0.1572
vn 0.7379 0.6653 -0.1139
vn 0.8292 0.5310 -0.1746
vn 0.8620 0.4915 -0.1244
vn 0.8467 0.4753 -0.2393
vn 0.8816 0.4289 -0.1970
vn 0.8197 0.5062 -0.2680
vn 0.8038 0.5570 -0.2090
vn 0.8510 0.4242 -0.3098
vn 0.8864 0.3716 -0.2761
vn 0.8419 0.3793 -0.3840
vn 0.8762 0.3212 -0.3593
vn 0.8153 0.4186 -0.4000
vn 0.8236 0.4595 -0.3323
vn 0.8197 0.3419 -0.4596
vn 0.8513 0.2794 -0.4441
vn 0.7851 0.3134 -0.5343
vn 0.8125 0.2473 -0.5279
vn 0.7635 0.3585 -0.5371
vn 0.7951 0.3846 -0.4690
vn 0.7391 0.2943 -0.6059
vn 0.7609 0.2260 -0.6082
vn 0.6831 0.2855 -0.6722
vn 0.6982 0.2161 -0.6826
vn 0.6706 0.3331 -0.6629
vn 0.7216 0.3411 -0.6024
vn 0.6189 0.2870 -0.7311
vn 0.6261 0.2178 -0.7487
vn 0.2846 -0.1782 -0.9419
vn 0.2866 -0.1437 -0.9472
vn 0.6120 0.3345 -0.7166
vn -0.2802 0.6510 0.7055
vn -0.6929 0.6433 0.3255
vn -0.6971 0.6370 0.3291
vn -0.2871 0.6401 0.7126
vn -0.6917 0.6468 0.3211
vn -0.1308 0.6071 0.7838
vn -0.1378 0.5962 0.7909
vn 0.0154 0.5336 0.8456
vn 0.0224 0.5444 0.8385
vn 0.1747 0.4650 0.8679
vn 0.1677 0.4542 0.8750
vn 0.3145 0.3604 0.8782
vn 0.3216 0.3712 0.8711
vn 0.4585 0.2659 0.8480
vn 0.4514 0.2551 0.8551
vn 0.5742 0.1415 0.8064
vn 0.5814 0.1522 0.7993
vn 0.6864 0.0337 0.7264
vn 0.6792 0.0230 0.7336
vn 0.7632 -0.0968 0.6389
vn 0.7704 -0.0861 0.6317
vn 0.8308 -0.2035 0.5180
vn 0.8236 -0.2142 0.5252
vn 0.8586 -0.3257 0.3959
vn 0.8659 -0.3150 0.3887
vn 0.8744 -0.4172 0.2477
vn 0.8672 -0.4278 0.2550
vn 0.8490 -0.5175 0.1067
vn 0.8562 -0.5069 0.0994
vn 0.4711 -0.7152 -0.5162
vn -0.2939 0.6292 0.7195
vn -0.7006 0.6308 0.3334
vn -0.1446 0.5853 0.7978
vn 0.0084 0.5227 0.8525
vn 0.1607 0.4434 0.8818
vn 0.3074 0.3496 0.8850
vn 0.4443 0.2444 0.8619
vn 0.5670 0.1308 0.8133
vn 0.6720 0.0124 0.7405
vn 0.7559 -0.1073 0.6458
vn 0.8163 -0.2247 0.5322
vn 0.8513 -0.3361 0.4030
vn 0.8598 -0.4382 0.2621
vn 0.8416 -0.5279 0.1140
vn 0.5451 0.1770 0.8195
vn -0.7035 0.6299 0.3293
vn -0.2939 0.6292 0.7196
vn -0.1447 0.5853 0.7978
vn -0.1378 0.5962 0.7910
vn -0.9652 0.1761 -0.1932
vn -0.9626 0.1829 -0.1999
vn 0.0154 0.5335 0.8456
vn 0.1606 0.4433 0.8818
vn 0.4442 0.2444 0.8619
vn 0.7298 -0.6719 0.1265
vn 0.7237 -0.6772 0.1327
vn 0.7223 -0.6905 0.0396
vn 0.7161 -0.6957 -0.0562
vn -0.7378 -0.5247 0.4245
vn 0.0822 -0.8477 0.5242
vn 0.6639 -0.7008 0.2610
vn 0.0021 -0.0313 -0.9995
vn -0.0342 -0.0570 -0.9978
vn -0.0140 0.4529 -0.8915
vn -0.0815 0.5291 -0.8446
vn -0.2113 0.4444 -0.8706
vn -0.1096 -0.0560 -0.9924
vn -0.1470 -0.0531 -0.9877
vn -0.2748 0.5348 -0.7990
vn -0.1355 0.6062 -0.7837
vn -0.1744 0.6817 -0.7106
vn -0.3204 0.6235 -0.7131
vn -0.3469 0.7077 -0.6155
vn -0.1969 0.7534 -0.6274
vn -0.2024 0.8191 -0.5367
vn -0.3533 0.7849 -0.5090
vn -0.3396 0.8527 -0.3970
vn -0.1907 0.8768 -0.4414
vn -0.1622 0.9248 -0.3441
vn -0.3061 0.9090 -0.2829
vn -0.2538 0.9522 -0.1700
vn -0.1177 0.9616 -0.2481
vn -0.0586 0.9860 -0.1560
vn -0.1844 0.9809 -0.0619
vn -0.0999 0.9943 0.0381
vn 0.0133 0.9974 -0.0708
vn 0.0959 0.9954 0.0050
vn -0.0030 0.9919 0.1271
vn 0.1035 0.9738 0.2023
vn 0.1866 0.9800 0.0691
vn 0.2827 0.9517 0.1194
vn 0.2163 0.9407 0.2615
vn 0.3320 0.8934 0.3028
vn 0.3812 0.9115 0.1546
vn 0.4792 0.8604 0.1735
vn 0.4471 0.8334 0.3250
vn 0.5580 0.7625 0.3274
vn 0.5736 0.8001 0.1756
vn 0.6617 0.7323 0.1607
vn 0.6614 0.6830 0.3099
vn 0.7542 0.5972 0.2732
vn 0.7407 0.6592 0.1294
vn 0.8083 0.5830 0.0826
vn 0.8335 0.5077 0.2182
vn 0.8969 0.4172 0.1466
vn 0.8623 0.5060 0.0216
vn 0.9012 0.4304 -0.0515
vn 0.9425 0.3285 0.0607
vn 0.9690 0.2443 -0.0369
vn 0.9237 0.3587 -0.1347
vn 0.9292 0.2930 -0.2253
vn 0.9755 0.1671 -0.1434
vn 0.9617 0.0994 -0.2554
vn 0.9175 0.2353 -0.3207
vn 0.8890 0.1873 -0.4179
vn 0.9282 0.0430 -0.3695
vn 0.8760 -0.0001 -0.4824
vn 0.8445 0.1505 -0.5140
vn 0.7853 0.1261 -0.6061
vn 0.8066 -0.0289 -0.5904
vn 0.7221 -0.0422 -0.6905
vn 0.7134 0.1147 -0.6913
vn 0.3387 -0.2334 -0.9115
vn 0.3229 -0.2144 -0.9219
vn 0.3401 -0.3055 -0.8894
vn -0.3615 0.3270 -0.8731
vn -0.4978 0.1987 -0.8442
vn -0.5771 0.3119 -0.7548
vn -0.4342 0.4308 -0.7911
vn -0.5990 0.0847 -0.7963
vn -0.6575 0.0082 -0.7534
vn -0.7413 0.1277 -0.6589
vn -0.6817 0.2027 -0.7030
vn -0.4866 0.5325 -0.6926
vn -0.6342 0.4228 -0.6473
vn -0.6673 0.5281 -0.5251
vn -0.5169 0.6290 -0.5806
vn -0.7412 0.3184 -0.5910
vn -0.8016 0.2449 -0.5454
vn -0.7009 0.6273 -0.3396
vn -0.6822 0.6567 -0.3215
vn -0.7694 0.5611 -0.3054
vn -0.8181 0.4700 -0.3314
vn -0.6699 0.6997 -0.2481
vn -0.6519 0.7382 -0.1736
vn -0.4102 0.9093 -0.0699
vn -0.6590 0.7399 -0.1352
vn -0.7226 0.6871 -0.0760
vn -0.5509 0.8339 0.0321
vn -0.3307 0.9422 0.0540
vn -0.4641 0.8698 0.1673
vn -0.3584 0.8866 0.2925
vn -0.2338 0.9575 0.1687
vn -0.5639 0.7844 0.2583
vn -0.7450 0.6666 0.0259
vn -0.7515 0.6570 0.0601
vn -0.6219 0.7170 0.3148
vn -0.5103 0.7347 0.4470
vn -0.4537 0.8019 0.3888
vn -0.1227 0.9548 0.2708
vn -0.2372 0.8836 0.4038
vn -0.1039 0.8610 0.4979
vn -0.0005 0.9341 0.3570
vn -0.3272 0.7988 0.5048
vn -0.3822 0.7315 0.5646
vn -0.2415 0.7077 0.6640
vn -0.1883 0.7752 0.6029
vn 0.1288 0.8961 0.4248
vn 0.0372 0.8195 0.5719
vn 0.1819 0.7603 0.6235
vn 0.2614 0.8418 0.4722
vn -0.0412 0.7320 0.6801
vn -0.0925 0.6638 0.7421
vn 0.0603 0.6014 0.7967
vn 0.1097 0.6703 0.7340
vn 0.3933 0.7731 0.4976
vn 0.3258 0.6853 0.6513
vn 0.4646 0.5967 0.6543
vn 0.5205 0.6919 0.5004
vn 0.2597 0.5921 0.7629
vn 0.2123 0.5221 0.8260
vn 0.3589 0.4286 0.8292
vn 0.4044 0.4997 0.7660
vn 0.6391 0.6006 0.4804
vn 0.5939 0.4972 0.6325
vn 0.7100 0.3898 0.5865
vn 0.7455 0.5023 0.4382
vn 0.5392 0.3959 0.7433
vn 0.4955 0.3235 0.8061
vn 0.6181 0.2101 0.7575
vn 0.6602 0.2840 0.6953
vn 0.8364 0.3996 0.3752
vn 0.8092 0.2778 0.5177
vn 0.8886 0.1647 0.4282
vn 0.9091 0.2959 0.2931
vn 0.7636 0.1673 0.6236
vn 0.7228 0.0918 0.6849
vn 0.8066 -0.0277 0.5904
vn 0.8464 0.0493 0.5303
vn 0.9615 0.1942 0.1947
vn 0.9456 0.0537 0.3208
vn 0.9787 -0.0516 0.1986
vn 0.9918 0.0977 0.0827
vn 0.9059 -0.0664 0.4183
vn 0.8669 -0.1449 0.4769
vn 0.9019 -0.2561 0.3479
vn 0.9404 -0.1762 0.2909
vn 0.9992 0.0092 -0.0394
vn 0.9868 -0.1481 0.0654
vn 0.9696 -0.2329 -0.0747
vn 0.9834 -0.0685 -0.1678
vn 0.9488 -0.2768 0.1521
vn 0.9104 -0.3581 0.2073
vn 0.8923 -0.4476 0.0593
vn 0.9309 -0.3652 0.0060
vn 0.9450 -0.1331 -0.2986
vn 0.9277 -0.3034 -0.2175
vn 0.8624 -0.3574 -0.3586
vn 0.8851 -0.1826 -0.4280
vn 0.8872 -0.4387 -0.1428
vn 0.8480 -0.5220 -0.0915
vn 0.7790 -0.5791 -0.2406
vn 0.8191 -0.4950 -0.2900
vn 0.8055 -0.2155 -0.5520
vn 0.7755 -0.3933 -0.4938
vn 0.6699 -0.4100 -0.6190
vn 0.7087 -0.2308 -0.6667
vn 0.7285 -0.5324 -0.4310
vn 0.6873 -0.6170 -0.3834
vn 0.3257 -0.4063 -0.8537
vn 0.2982 -0.5051 -0.8099
vn 0.3257 -0.5770 -0.7490
vn 0.4830 0.6750 -0.5578
vn 0.4923 0.6791 -0.5445
vn 0.4989 0.6590 -0.5629
vn 0.4849 0.6594 -0.5746
vn 0.4715 0.6864 -0.5537
vn 0.4696 0.6693 -0.5758
vn 0.4745 0.7261 -0.4976
vn 0.4587 0.6863 -0.5644
vn 0.4536 0.6739 -0.5832
vn 0.4509 0.6983 -0.5559
vn 0.4407 0.6860 -0.5789
vn 0.4362 0.7021 -0.5629
vn 0.4246 0.6943 -0.5811
vn 0.4331 0.7134 -0.5510
vn 0.4156 0.7072 -0.5720
vn 0.4181 0.7205 -0.5532
vn 0.4013 0.7180 -0.5687
vn 0.4201 0.7298 -0.5394
vn 0.3973 0.7303 -0.5558
vn 0.4067 0.7393 -0.5367
vn 0.3865 0.7423 -0.5474
vn 0.4135 0.7455 -0.5227
vn 0.3881 0.7524 -0.5323
vn 0.4032 0.7563 -0.5152
vn 0.3820 0.7641 -0.5197
vn 0.4142 0.7587 -0.5029
vn 0.3890 0.7709 -0.5043
vn 0.4082 0.7693 -0.4915
vn 0.3884 0.7810 -0.4891
vn 0.4220 0.7677 -0.4822
vn 0.4000 0.7837 -0.4753
vn 0.4209 0.7769 -0.4682
vn 0.4049 0.7907 -0.4592
vn 0.4360 0.7716 -0.4632
vn 0.4197 0.7891 -0.4486
vn 0.4400 0.7780 -0.4484
vn 0.4295 0.7922 -0.4336
vn 0.4545 0.7697 -0.4483
vn 0.4457 0.7865 -0.4276
vn 0.4631 0.7727 -0.4343
vn 0.4592 0.7852 -0.4154
vn 0.4753 0.7624 -0.4392
vn 0.4750 0.7761 -0.4147
vn 0.4873 0.7614 -0.4276
vn 0.4904 0.7707 -0.4068
vn 0.4959 0.7505 -0.4369
vn 0.5039 0.7594 -0.4116
vn 0.5098 0.7456 -0.4292
vn 0.5195 0.7503 -0.4088
vn 0.5137 0.7354 -0.4419
vn 0.5290 0.7382 -0.4185
vn 0.5279 0.7272 -0.4388
vn 0.5428 0.7266 -0.4212
vn 0.5267 0.7191 -0.4534
vn 0.5473 0.7152 -0.4347
vn 0.5394 0.7083 -0.4554
vn 0.5575 0.7023 -0.4426
vn 0.5333 0.7033 -0.4701
vn 0.5565 0.6931 -0.4582
vn 0.5428 0.6914 -0.4768
vn 0.5620 0.6805 -0.4702
vn 0.5326 0.6901 -0.4900
vn 0.5556 0.6745 -0.4862
vn 0.5379 0.6783 -0.5006
vn 0.5556 0.6637 -0.5008
vn 0.5248 0.6811 -0.5106
vn 0.5446 0.6618 -0.5152
vn 0.5251 0.6708 -0.5238
vn 0.5391 0.6539 -0.5308
vn 0.5108 0.6772 -0.5296
vn 0.5249 0.6564 -0.5419
vn 0.5060 0.6696 -0.5436
vn 0.5146 0.6524 -0.5564
vn 0.4880 0.6251 -0.6091
vn 0.5101 0.6200 -0.5961
vn 0.4905 0.5735 -0.6562
vn 0.5232 0.5638 -0.6390
vn 0.4569 0.5872 -0.6682
vn 0.4651 0.6359 -0.6159
vn 0.4420 0.6465 -0.6218
vn 0.4234 0.6046 -0.6746
vn 0.3912 0.6252 -0.6753
vn 0.4206 0.6616 -0.6208
vn 0.3992 0.6765 -0.6188
vn 0.3612 0.6483 -0.6703
vn 0.3342 0.6732 -0.6596
vn 0.3820 0.6942 -0.6101
vn 0.3649 0.7115 -0.6005
vn 0.3112 0.6992 -0.6436
vn 0.2927 0.7255 -0.6228
vn 0.3539 0.7296 -0.5852
vn 0.3431 0.7473 -0.5691
vn 0.2795 0.7513 -0.5979
vn 0.2718 0.7758 -0.5695
vn 0.3397 0.7637 -0.5490
vn 0.3366 0.7795 -0.5284
vn 0.2699 0.7982 -0.5386
vn 0.2739 0.8179 -0.5060
vn 0.3411 0.7922 -0.5060
vn 0.3460 0.8042 -0.4833
vn 0.2837 0.8342 -0.4729
vn 0.2988 0.8468 -0.4401
vn 0.3580 0.8118 -0.4613
vn 0.3702 0.8186 -0.4392
vn 0.3190 0.8551 -0.4087
vn 0.3435 0.8590 -0.3796
vn 0.3883 0.8201 -0.4203
vn 0.4064 0.8207 -0.4015
vn 0.3717 0.8583 -0.3538
vn 0.4026 0.8531 -0.3319
vn 0.4284 0.8161 -0.3880
vn 0.4502 0.8105 -0.3747
vn 0.4354 0.8434 -0.3147
vn 0.4690 0.8297 -0.3027
vn 0.4734 0.8002 -0.3682
vn 0.4962 0.7891 -0.3620
vn 0.5025 0.8123 -0.2963
vn 0.5347 0.7917 -0.2956
vn 0.5179 0.7745 -0.3633
vn 0.5390 0.7591 -0.3650
vn 0.5647 0.7686 -0.3007
vn 0.5917 0.7436 -0.3113
vn 0.5565 0.7419 -0.3740
vn 0.5733 0.7241 -0.3833
vn 0.6147 0.7176 -0.3273
vn 0.6332 0.6913 -0.3481
vn 0.5846 0.7065 -0.3989
vn 0.5951 0.6884 -0.4147
vn 0.6464 0.6656 -0.3731
vn 0.6541 0.6411 -0.4014
vn 0.5988 0.6724 -0.4351
vn 0.6016 0.6562 -0.4554
vn 0.6560 0.6187 -0.4323
vn 0.6520 0.5990 -0.4649
vn 0.5974 0.6439 -0.4781
vn 0.5922 0.6315 -0.5005
vn 0.6422 0.5826 -0.4980
vn 0.6271 0.5701 -0.5308
vn 0.5805 0.6243 -0.5228
vn 0.5679 0.6171 -0.5446
vn 0.6069 0.5618 -0.5622
vn 0.5824 0.5579 -0.5913
vn 0.5502 0.6160 -0.5638
vn 0.5317 0.6149 -0.5823
vn 0.5542 0.5586 -0.6172
vn 0.4905 0.5160 -0.7023
vn 0.5339 0.5032 -0.6795
vn 0.4879 0.4557 -0.7445
vn 0.5417 0.4399 -0.7163
vn 0.4327 0.4783 -0.7642
vn 0.4460 0.5342 -0.7182
vn 0.4836 0.4031 -0.7770
vn 0.5459 0.3847 -0.7443
vn 0.4196 0.4292 -0.7998
vn 0.4017 0.5572 -0.7267
vn 0.3778 0.5069 -0.7748
vn 0.3249 0.5407 -0.7759
vn 0.3590 0.5845 -0.7277
vn 0.3561 0.4624 -0.8121
vn 0.1870 -0.0785 -0.9792
vn 0.1437 -0.0562 -0.9880
vn 0.2947 0.5015 -0.8134
vn 0.3192 0.6151 -0.7209
vn 0.2755 0.5786 -0.7676
vn 0.2313 0.6196 -0.7501
vn 0.2835 0.6481 -0.7068
vn 0.2376 0.5455 -0.8037
vn 0.1863 0.5929 -0.7834
vn 0.2530 0.6826 -0.6856
vn 0.1935 0.6623 -0.7238
vn 0.1632 0.7054 -0.6897
vn 0.2286 0.7174 -0.6581
vn 0.1425 0.6424 -0.7530
vn 0.1074 0.6924 -0.7135
vn 0.2110 0.7516 -0.6250
vn 0.1414 0.7477 -0.6487
vn 0.1288 0.7879 -0.6022
vn 0.2008 0.7840 -0.5874
vn 0.0822 0.7414 -0.6660
vn 0.0676 0.7879 -0.6121
vn 0.1983 0.8137 -0.5465
vn 0.1257 0.8247 -0.5514
vn 0.1323 0.8570 -0.4980
vn 0.2036 0.8397 -0.5034
vn 0.0640 0.8306 -0.5532
vn 0.0716 0.8680 -0.4913
vn 0.2165 0.8614 -0.4594
vn 0.1483 0.8839 -0.4435
vn 0.1732 0.9045 -0.3897
vn 0.2366 0.8780 -0.4160
vn 0.0901 0.8992 -0.4282
vn 0.1190 0.9230 -0.3659
vn 0.2633 0.8891 -0.3744
vn 0.2063 0.9182 -0.3381
vn 0.2466 0.9246 -0.2904
vn 0.2958 0.8942 -0.3359
vn 0.1574 0.9389 -0.3061
vn 0.2040 0.9463 -0.2508
vn 0.3332 0.8933 -0.3016
vn 0.2928 0.9234 -0.2480
vn 0.3437 0.9148 -0.2121
vn 0.3741 0.8864 -0.2727
vn 0.2576 0.9450 -0.2017
vn 0.3165 0.9350 -0.1601
vn 0.4176 0.8736 -0.2499
vn 0.3975 0.8990 -0.1839
vn 0.4526 0.8764 -0.1642
vn 0.4621 0.8554 -0.2340
vn 0.3788 0.9166 -0.1274
vn 0.4428 0.8905 -0.1046
vn 0.5064 0.8323 -0.2255
vn 0.5075 0.8478 -0.1536
vn 0.5604 0.8141 -0.1524
vn 0.5491 0.8051 -0.2246
vn 0.5064 0.8574 -0.0923
vn 0.5677 0.8182 -0.0910
vn 0.5889 0.7744 -0.2313
vn 0.6098 0.7761 -0.1607
vn 0.6540 0.7352 -0.1783
vn 0.6246 0.7414 -0.2454
vn 0.6248 0.7743 -0.1006
vn 0.6761 0.7268 -0.1209
vn 0.6551 0.7070 -0.2666
vn 0.6918 0.6925 -0.2045
vn 0.7221 0.6493 -0.2386
vn 0.6795 0.6721 -0.2941
vn 0.7199 0.6774 -0.1513
vn 0.7550 0.6273 -0.1909
vn 0.6971 0.6380 -0.3272
vn 0.7439 0.6070 -0.2796
vn 0.7565 0.5669 -0.3262
vn 0.7072 0.6056 -0.3648
vn 0.7802 0.5783 -0.2383
vn 0.7948 0.5318 -0.2923
vn 0.7097 0.5759 -0.4057
vn 0.7596 0.5300 -0.3770
vn 0.7530 0.4977 -0.4304
vn 0.7044 0.5498 -0.4488
vn 0.7984 0.4892 -0.3511
vn 0.7908 0.4517 -0.4130
vn 0.6915 0.5281 -0.4928
vn 0.7370 0.4708 -0.4848
vn 0.7121 0.4503 -0.5387
vn 0.6714 0.5115 -0.5362
vn 0.7723 0.4206 -0.4761
vn 0.7434 0.3967 -0.5385
vn 0.6447 0.5005 -0.5778
vn 0.6790 0.4366 -0.5902
vn 0.6387 0.4302 -0.6380
vn 0.6122 0.4953 -0.6163
vn 0.7050 0.3808 -0.5982
vn 0.6584 0.3735 -0.6535
vn 0.5749 0.4962 -0.6506
vn 0.5925 0.4313 -0.6804
vn 0.6048 0.3748 -0.7027
vn -0.7684 0.0890 -0.6337
vn -0.6844 -0.0308 -0.7284
vn -0.4704 -0.2989 -0.8303
vn -0.4705 -0.2990 -0.8302
vn -0.8289 0.2065 -0.5200
vn -0.6488 0.6796 0.3423
vn -0.5370 0.6973 0.4748
vn -0.4086 0.6942 0.5926
vn -0.2675 0.6703 0.6922
vn -0.1182 0.6264 0.7705
vn 0.0350 0.5637 0.8252
vn 0.1873 0.4843 0.8546
vn 0.3342 0.3905 0.8578
vn 0.4711 0.2852 0.8347
vn 0.5940 0.1716 0.7860
vn 0.6990 0.0530 0.7132
vn 0.7830 -0.0668 0.6184
vn 0.8434 -0.1842 0.5047
vn 0.8784 -0.2957 0.3754
vn 0.8870 -0.3979 0.2345
vn 0.8688 -0.4876 0.0861
vn 0.8245 -0.5622 -0.0650
vn 0.7553 -0.6194 -0.2144
vn 0.6634 -0.6574 -0.3575
vn 0.4614 -0.7284 -0.5065
vn 0.4659 -0.7219 -0.5117
vn 0.5165 -0.7340 -0.4411
vn 0.5162 -0.7347 -0.4402
vn 0.2008 -0.0985 -0.9747
vn 0.0240 -0.0322 -0.9992
vn -0.9335 0.1859 -0.3066
vn 0.3238 0.3855 0.8640
vn -0.9934 0.1070 -0.0406
vn -0.2313 -0.1184 -0.9657
vn -0.3090 -0.1917 -0.9315
vn -0.3649 -0.2644 -0.8927
vn -0.3929 -0.3153 -0.8638
vn 0.2982 -0.6527 -0.6964
vn 0.3322 -0.6044 -0.7241
vn -0.4028 -0.3421 -0.8489
vn 0.2693 -0.6803 -0.6816
vn 0.2777 -0.6747 -0.6839
vn -0.8875 0.3706 -0.2738
vn -0.6916 0.6473 0.3204
vn -0.8679 0.3936 -0.3031
vn -0.8330 0.4378 -0.3384
vn -0.7874 0.6099 0.0895
vn -0.8833 0.3744 -0.2821
vn -0.8050 0.5848 0.0997
vn -0.8109 0.5766 0.1000
# 731 vertex normals

vt 0.2375 0.5287 0.9039
vt 0.2394 0.4130 0.7204
vt 0.2500 0.4130 0.7206
vt 0.2500 0.5287 0.9041
vt 0.2774 0.4130 0.7202
vt 0.2500 0.2972 0.5370
vt 0.2774 0.2972 0.5368
vt 0.3048 0.4130 0.7194
vt 0.3048 0.2972 0.5361
vt 0.3048 0.5287 0.9026
vt 0.2774 0.5287 0.9037
vt 0.3323 0.4130 0.7180
vt 0.3323 0.2972 0.5351
vt 0.3600 0.4130 0.7163
vt 0.3600 0.2972 0.5338
vt 0.3600 0.5287 0.8988
vt 0.3323 0.5287 0.9009
vt 0.3878 0.4130 0.7145
vt 0.3878 0.2972 0.5325
vt 0.4157 0.4130 0.7128
vt 0.4157 0.2972 0.5312
vt 0.4157 0.5287 0.8944
vt 0.3878 0.5287 0.8965
vt 0.4437 0.4130 0.7115
vt 0.4437 0.2972 0.5302
vt 0.4718 0.4130 0.7106
vt 0.4631 0.2972 0.5298
vt 0.4718 0.3066 0.5442
vt 0.4718 0.5287 0.8916
vt 0.4437 0.5287 0.8927
vt 0.5000 0.4130 0.7103
vt 0.5000 0.3455 0.6048
vt 0.5282 0.3988 0.6884
vt 0.5282 0.4130 0.7106
vt 0.5282 0.5287 0.8916
vt 0.5000 0.5287 0.8912
vt 0.5343 0.4130 0.7107
vt 0.5563 0.5287 0.8927
vt 0.5563 0.4728 0.8051
vt 1.0000 0.9662 0.9994
vt 1.0000 1.0319 0.9994
vt 0.9637 1.0025 0.9999
vt 0.9679 0.8992 0.9999
vt 0.9784 0.8619 0.9998
vt 0.1952 0.9760 1.0123
vt 0.1677 0.9760 1.0103
vt 0.1677 0.9183 1.0103
vt 0.1952 0.8102 1.0123
vt 0.2226 0.8049 1.0135
vt 0.2500 0.8049 1.0140
vt 0.2500 0.9760 1.0140
vt 0.2226 0.9760 1.0135
vt 0.1963 0.8049 1.0123
vt 0.2774 0.8049 1.0135
vt 0.2500 0.6702 1.0122
vt 0.2774 0.6702 1.0118
vt 0.3048 0.8049 1.0123
vt 0.3048 0.6702 1.0105
vt 0.3048 0.9760 1.0123
vt 0.2774 0.9760 1.0135
vt 0.3323 0.8049 1.0103
vt 0.3323 0.6702 1.0086
vt 0.3600 0.8049 1.0080
vt 0.3600 0.6702 1.0063
vt 0.3600 0.9760 1.0080
vt 0.3323 0.9760 1.0103
vt 0.3878 0.8049 1.0055
vt 0.3878 0.6702 1.0038
vt 0.4157 0.8049 1.0031
vt 0.4157 0.6702 1.0014
vt 0.4157 0.9760 1.0031
vt 0.3878 0.9760 1.0055
vt 0.4437 0.8049 1.0012
vt 0.4437 0.6702 0.9995
vt 0.4718 0.8049 0.9999
vt 0.4718 0.6702 0.9982
vt 0.4718 0.9760 0.9999
vt 0.4437 0.9760 1.0012
vt 0.5000 0.8049 0.9995
vt 0.5000 0.6702 0.9978
vt 0.5282 0.8049 0.9999
vt 0.5282 0.6702 0.9982
vt 0.5282 0.9760 0.9999
vt 0.5000 0.9760 0.9995
vt 0.5563 0.8049 1.0012
vt 0.5563 0.6702 0.9995
vt 0.5843 0.8049 1.0031
vt 0.5843 0.6702 1.0014
vt 0.5843 0.9760 1.0031
vt 0.5563 0.9760 1.0012
vt 0.6122 0.8049 1.0055
vt 0.6062 0.6702 1.0032
vt 0.6122 0.6948 1.0041
vt 0.6400 0.8043 1.0080
vt 0.6400 0.8049 1.0080
vt 0.6400 0.9760 1.0080
vt 0.6122 0.9760 1.0055
vt 0.6677 0.9045 1.0103
vt 0.6677 0.9760 1.0103
vt 0.6402 0.8049 1.0080
vt 0.7500 0.9950 0.7514
vt 0.7500 0.9942 0.8002
vt 0.7774 0.9950 0.7542
vt 0.7774 0.9950 0.7511
vt 0.8600 0.9950 0.7470
vt 0.8496 0.9950 0.7477
vt 0.8600 0.9949 0.7564
vt 0.8878 0.9942 0.7937
vt 0.9157 0.9942 0.7918
vt 0.9157 0.9950 0.7434
vt 0.8878 0.9950 0.7452
vt 0.8817 0.9942 0.7941
vt 0.9437 0.9942 0.7903
vt 0.9157 0.9932 0.8376
vt 0.9437 0.9932 0.8360
vt 0.9718 0.9942 0.7893
vt 0.9718 0.9932 0.8349
vt 0.9718 0.9950 0.7410
vt 0.9437 0.9950 0.7420
vt 1.0000 0.9942 0.7889
vt 1.0000 0.9932 0.8346
vt 1.0282 0.9942 0.7889
vt 1.0282 0.9933 0.8345
vt 1.0282 0.9950 0.7434
vt 1.0000 0.9950 0.7407
vt 0.0563 0.9942 0.7903
vt 0.0282 0.9942 0.7889
vt 0.0282 0.9933 0.8345
vt 0.0563 0.9932 0.8360
vt 0.0843 0.9942 0.7918
vt 0.0843 0.9932 0.8376
vt 0.0843 0.9950 0.7434
vt 0.0563 0.9950 0.7420
vt 0.0282 0.9950 0.7434
vt 0.1122 0.9942 0.7937
vt 0.1122 0.9932 0.8396
vt 0.1400 0.9942 0.7957
vt 0.1400 0.9932 0.8417
vt 0.1400 0.9950 0.7470
vt 0.1122 0.9950 0.7452
vt 0.1677 0.9942 0.7975
vt 0.1677 0.9932 0.8436
vt 0.1952 0.9942 0.7990
vt 0.1952 0.9932 0.8453
vt 0.1952 0.9950 0.7502
vt 0.1677 0.9950 0.7488
vt 0.2226 0.9942 0.8000
vt 0.2226 0.9932 0.8463
vt 0.2500 0.9942 0.8004
vt 0.2500 0.9932 0.8467
vt 0.2500 0.9950 0.7514
vt 0.2226 0.9950 0.7511
vt 0.2774 0.9942 0.8000
vt 0.2774 0.9932 0.8463
vt 0.3048 0.9942 0.7990
vt 0.3048 0.9932 0.8453
vt 0.3048 0.9950 0.7502
vt 0.2774 0.9950 0.7511
vt 0.3323 0.9942 0.7975
vt 0.3323 0.9932 0.8436
vt 0.3600 0.9942 0.7957
vt 0.3600 0.9932 0.8417
vt 0.3600 0.9950 0.7470
vt 0.3323 0.9950 0.7488
vt 0.3878 0.9942 0.7937
vt 0.3878 0.9932 0.8396
vt 0.4157 0.9942 0.7918
vt 0.4157 0.9932 0.8376
vt 0.4157 0.9950 0.7434
vt 0.3878 0.9950 0.7452
vt 0.4437 0.9942 0.7903
vt 0.4437 0.9932 0.8360
vt 0.4718 0.9942 0.7893
vt 0.4718 0.9932 0.8349
vt 0.4718 0.9950 0.7410
vt 0.4437 0.9950 0.7420
vt 0.5000 0.9942 0.7889
vt 0.5000 0.9932 0.8346
vt 0.5282 0.9942 0.7893
vt 0.5282 0.9932 0.8349
vt 0.5282 0.9950 0.7410
vt 0.5000 0.9950 0.7407
vt 0.5563 0.9942 0.7903
vt 0.5563 0.9932 0.8360
vt 0.5843 0.9942 0.7918
vt 0.5843 0.9932 0.8376
vt 0.5843 0.9950 0.7434
vt 0.5563 0.9950 0.7420
vt 0.6122 0.9942 0.7937
vt 0.6122 0.9932 0.8396
vt 0.6400 0.9942 0.7957
vt 0.6400 0.9932 0.8417
vt 0.6400 0.9950 0.7470
vt 0.6122 0.9950 0.7452
vt 0.6677 0.9942 0.7975
vt 0.6677 0.9932 0.8436
vt 0.6952 0.9942 0.7990
vt 0.6952 0.9932 0.8453
vt 0.6952 0.9950 0.7502
vt 0.6677 0.9950 0.7488
vt 0.7226 0.9942 0.8000
vt 0.7226 0.9932 0.8463
vt 0.7333 0.9932 0.8464
vt 0.7499 0.9942 0.8004
vt 0.7226 0.9950 0.7511
vt 0.2500 0.6137 1.0070
vt 0.2332 0.6137 1.0067
vt 0.2352 0.5963 0.9963
vt 0.2500 0.5963 0.9966
vt 0.2237 0.6702 1.0118
vt 0.2774 0.6137 1.0066
vt 0.2774 0.5963 0.9961
vt 0.3048 0.5963 0.9949
vt 0.3048 0.6137 1.0053
vt 0.3323 0.6137 1.0034
vt 0.3323 0.5963 0.9930
vt 0.3600 0.5963 0.9907
vt 0.3600 0.6137 1.0011
vt 0.3878 0.6137 0.9986
vt 0.3878 0.5963 0.9882
vt 0.4157 0.5963 0.9859
vt 0.4157 0.6137 0.9962
vt 0.4437 0.6137 0.9943
vt 0.4437 0.5963 0.9840
vt 0.4718 0.5963 0.9828
vt 0.4718 0.6137 0.9930
vt 0.5000 0.6137 0.9926
vt 0.5000 0.5963 0.9823
vt 0.5282 0.5963 0.9828
vt 0.5282 0.6137 0.9930
vt 0.5563 0.6137 0.9943
vt 0.5563 0.5963 0.9840
vt 0.5843 0.5963 0.9859
vt 0.5843 0.6137 0.9962
vt 0.5926 0.6137 0.9969
vt 0.2500 0.5789 0.9792
vt 0.2364 0.5789 0.9790
vt 0.2774 0.5789 0.9788
vt 0.3048 0.5789 0.9776
vt 0.3323 0.5789 0.9757
vt 0.3600 0.5789 0.9734
vt 0.3878 0.5789 0.9710
vt 0.4157 0.5789 0.9687
vt 0.4437 0.5789 0.9668
vt 0.4718 0.5789 0.9656
vt 0.5000 0.5789 0.9652
vt 0.5282 0.5789 0.9656
vt 0.5563 0.5789 0.9668
vt 0.5843 0.5789 0.9687
vt 0.2426 0.2972 0.5369
vt 0.2457 0.2470 0.4619
vt 0.2500 0.2470 0.4619
vt 0.2774 0.2470 0.4617
vt 0.2774 0.2296 0.4443
vt 0.2500 0.2377 0.4526
vt 0.2711 0.2296 0.4444
vt 0.3048 0.2296 0.4438
vt 0.3048 0.2470 0.4611
vt 0.3323 0.2470 0.4603
vt 0.3323 0.2296 0.4429
vt 0.3600 0.2296 0.4419
vt 0.3600 0.2470 0.4592
vt 0.3878 0.2470 0.4580
vt 0.3620 0.2296 0.4418
vt 0.3878 0.2403 0.4514
vt 0.4157 0.2562 0.4706
vt 0.4437 0.2775 0.5012
vt 0.3048 0.2211 0.4387
vt 0.3323 0.2217 0.4382
vt 0.3600 0.2286 0.4413
vt 0.8996 0.9932 0.8387
vt 0.9141 0.9921 0.8836
vt 0.9157 0.9921 0.8835
vt 0.9437 0.9921 0.8818
vt 0.9437 0.9908 0.9231
vt 0.9157 0.9920 0.8886
vt 0.9239 0.9908 0.9244
vt 0.9718 0.9908 0.9220
vt 0.9718 0.9921 0.8807
vt 1.0000 0.9921 0.8803
vt 1.0000 0.9908 0.9216
vt 1.0282 0.9909 0.9261
vt 1.0282 0.9921 0.8803
vt 0.0563 0.9921 0.8818
vt 0.0282 0.9921 0.8803
vt 0.0563 0.9908 0.9231
vt 0.0282 0.9909 0.9261
vt 0.0843 0.9908 0.9249
vt 0.0843 0.9921 0.8835
vt 0.1122 0.9921 0.8856
vt 0.1122 0.9908 0.9271
vt 0.1400 0.9908 0.9294
vt 0.1400 0.9921 0.8878
vt 0.1677 0.9921 0.8899
vt 0.1677 0.9908 0.9316
vt 0.1952 0.9908 0.9334
vt 0.1952 0.9921 0.8916
vt 0.2226 0.9921 0.8927
vt 0.2226 0.9908 0.9345
vt 0.2500 0.9908 0.9349
vt 0.2500 0.9921 0.8931
vt 0.2774 0.9921 0.8927
vt 0.2774 0.9908 0.9345
vt 0.3048 0.9908 0.9334
vt 0.3048 0.9921 0.8916
vt 0.3323 0.9921 0.8899
vt 0.3323 0.9908 0.9316
vt 0.3600 0.9908 0.9294
vt 0.3600 0.9921 0.8878
vt 0.3878 0.9921 0.8856
vt 0.3878 0.9908 0.9271
vt 0.4157 0.9908 0.9249
vt 0.4157 0.9921 0.8835
vt 0.4437 0.9921 0.8818
vt 0.4437 0.9908 0.9231
vt 0.4718 0.9908 0.9220
vt 0.4718 0.9921 0.8807
vt 0.5000 0.9921 0.8803
vt 0.5000 0.9908 0.9216
vt 0.5282 0.9908 0.9220
vt 0.5282 0.9921 0.8807
vt 0.5563 0.9921 0.8818
vt 0.5563 0.9908 0.9231
vt 0.5843 0.9908 0.9249
vt 0.5843 0.9921 0.8835
vt 0.6122 0.9921 0.8856
vt 0.6122 0.9908 0.9271
vt 0.6400 0.9908 0.9294
vt 0.6400 0.9921 0.8878
vt 0.6677 0.9921 0.8899
vt 0.6677 0.9908 0.9316
vt 0.6952 0.9908 0.9334
vt 0.6952 0.9921 0.8916
vt 0.7192 0.9921 0.8926
vt 0.7226 0.9925 0.8785
vt 0.7095 0.9908 0.9340
vt 0.9437 0.9894 0.9553
vt 0.9437 0.9877 0.9782
vt 0.9718 0.9877 0.9770
vt 0.9718 0.9894 0.9540
vt 0.9437 0.9859 0.9920
vt 0.9437 0.9838 0.9989
vt 0.9718 0.9839 0.9995
vt 0.9718 0.9859 0.9907
vt 1.0000 0.9894 0.9536
vt 1.0000 0.9877 0.9766
vt 1.0282 0.9878 0.9811
vt 1.0282 0.9894 0.9536
vt 1.0000 0.9859 0.9903
vt 1.0000 0.9839 0.9995
vt 0.0282 0.9894 0.9536
vt 0.0480 0.9894 0.9548
vt 0.0563 0.9899 0.9433
vt 0.0282 0.9878 0.9811
vt 0.0323 0.9878 0.9807
vt 0.0282 0.9870 0.9850
vt 0.0843 0.9905 0.9324
vt 0.1122 0.9898 0.9498
vt 0.1400 0.9894 0.9618
vt 0.1184 0.9894 0.9599
vt 0.1331 0.9877 0.9843
vt 0.1400 0.9877 0.9849
vt 0.1677 0.9894 0.9640
vt 0.1677 0.9877 0.9872
vt 0.1952 0.9877 0.9891
vt 0.1952 0.9894 0.9659
vt 0.1677 0.9859 1.0011
vt 0.1400 0.9863 0.9956
vt 0.1412 0.9859 0.9989
vt 0.1677 0.9838 1.0080
vt 0.1952 0.9838 1.0100
vt 0.1952 0.9859 1.0030
vt 0.2226 0.9894 0.9670
vt 0.2226 0.9877 0.9903
vt 0.2500 0.9877 0.9907
vt 0.2500 0.9894 0.9675
vt 0.2226 0.9859 1.0042
vt 0.2226 0.9838 1.0112
vt 0.2500 0.9838 1.0116
vt 0.2500 0.9859 1.0047
vt 0.2774 0.9894 0.9670
vt 0.2774 0.9877 0.9903
vt 0.3048 0.9877 0.9891
vt 0.3048 0.9894 0.9659
vt 0.2774 0.9859 1.0042
vt 0.2774 0.9838 1.0112
vt 0.3048 0.9838 1.0100
vt 0.3048 0.9859 1.0030
vt 0.3323 0.9894 0.9640
vt 0.3323 0.9877 0.9872
vt 0.3600 0.9877 0.9849
vt 0.3600 0.9894 0.9618
vt 0.3323 0.9859 1.0011
vt 0.3323 0.9838 1.0080
vt 0.3600 0.9838 1.0057
vt 0.3600 0.9859 0.9987
vt 0.3878 0.9894 0.9594
vt 0.3878 0.9877 0.9824
vt 0.4157 0.9877 0.9801
vt 0.4157 0.9894 0.9571
vt 0.3878 0.9859 0.9963
vt 0.3878 0.9838 1.0032
vt 0.4157 0.9838 1.0008
vt 0.4157 0.9859 0.9939
vt 0.4437 0.9894 0.9553
vt 0.4437 0.9877 0.9782
vt 0.4718 0.9877 0.9770
vt 0.4718 0.9894 0.9540
vt 0.4437 0.9859 0.9920
vt 0.4437 0.9838 0.9989
vt 0.4718 0.9838 0.9976
vt 0.4718 0.9859 0.9907
vt 0.5000 0.9894 0.9536
vt 0.5000 0.9877 0.9766
vt 0.5282 0.9877 0.9770
vt 0.5282 0.9894 0.9540
vt 0.5000 0.9859 0.9903
vt 0.5000 0.9838 0.9972
vt 0.5282 0.9838 0.9976
vt 0.5282 0.9859 0.9907
vt 0.5563 0.9894 0.9553
vt 0.5563 0.9877 0.9782
vt 0.5843 0.9877 0.9801
vt 0.5843 0.9894 0.9571
vt 0.5563 0.9859 0.9920
vt 0.5563 0.9838 0.9989
vt 0.5843 0.9838 1.0008
vt 0.5843 0.9859 0.9939
vt 0.6122 0.9894 0.9594
vt 0.6122 0.9877 0.9824
vt 0.6400 0.9877 0.9849
vt 0.6400 0.9894 0.9618
vt 0.6122 0.9859 0.9963
vt 0.6122 0.9838 1.0032
vt 0.6400 0.9838 1.0057
vt 0.6400 0.9859 0.9987
vt 0.6677 0.9894 0.9640
vt 0.6677 0.9877 0.9872
vt 0.6952 0.9877 0.9891
vt 0.6952 0.9894 0.9659
vt 0.6677 0.9859 1.0011
vt 0.6677 0.9838 1.0080
vt 0.7024 0.9894 0.9662
vt 0.6974 0.9877 0.9892
vt 0.6952 0.9864 0.9988
vt 0.6849 0.9989 0.2640
vt 0.6458 0.9989 0.2311
vt 0.7240 0.9986 0.3704
vt 0.7543 0.9985 0.3785
vt 0.6778 0.9989 0.2307
vt 0.7731 0.9986 0.3698
vt 0.5000 0.9995 0.0000
vt 0.7216 0.9989 0.2631
vt 0.8046 0.9985 0.3773
vt 0.7100 0.9989 0.2297
vt 0.8225 0.9986 0.3683
vt 0.7585 0.9989 0.2619
vt 0.8554 0.9985 0.3755
vt 0.7425 0.9989 0.2286
vt 0.8724 0.9986 0.3665
vt 0.7958 0.9989 0.2608
vt 0.9067 0.9985 0.3739
vt 0.7359 0.9990 0.1952
vt 0.9718 0.9985 0.3905
vt 1.5000 0.9989 0.2603
vt 1.7359 0.9990 0.1952
vt 1.9718 0.9985 0.3905
vt 1.5000 0.9985 0.3905
vt 1.2641 0.9990 0.1952
vt 1.0282 0.9985 0.3905
vt 1.5000 0.9995 0.0000
vt 0.2042 0.9989 0.2608
vt 0.2641 0.9990 0.1952
vt 0.0282 0.9985 0.3905
vt 0.0933 0.9985 0.3739
vt 0.2575 0.9989 0.2286
vt 0.1276 0.9986 0.3665
vt 0.2415 0.9989 0.2619
vt 0.1446 0.9985 0.3755
vt 0.2900 0.9989 0.2297
vt 0.1775 0.9986 0.3683
vt 0.2784 0.9989 0.2631
vt 0.1954 0.9985 0.3773
vt 0.3222 0.9989 0.2307
vt 0.2269 0.9986 0.3698
vt 0.3151 0.9989 0.2640
vt 0.2457 0.9985 0.3785
vt 0.3542 0.9989 0.2311
vt 0.2760 0.9986 0.3704
vt 0.3516 0.9989 0.2640
vt 0.2959 0.9985 0.3785
vt 0.3861 0.9989 0.2307
vt 0.3252 0.9986 0.3698
vt 0.3882 0.9989 0.2631
vt 0.3463 0.9985 0.3773
vt 0.4183 0.9989 0.2297
vt 0.3746 0.9986 0.3683
vt 0.4252 0.9989 0.2619
vt 0.3971 0.9985 0.3755
vt 0.4508 0.9989 0.2286
vt 0.4245 0.9986 0.3665
vt 0.4625 0.9989 0.2608
vt 0.4484 0.9985 0.3739
vt 0.4836 0.9989 0.2279
vt 0.4748 0.9986 0.3653
vt 0.5000 0.9989 0.2603
vt 0.5000 0.9985 0.3733
vt 0.5164 0.9989 0.2279
vt 0.5252 0.9986 0.3653
vt 0.5375 0.9989 0.2608
vt 0.5516 0.9985 0.3739
vt 0.5492 0.9989 0.2286
vt 0.5755 0.9986 0.3665
vt 0.5748 0.9989 0.2619
vt 0.6029 0.9985 0.3755
vt 0.5817 0.9989 0.2297
vt 0.6254 0.9986 0.3683
vt 0.6118 0.9989 0.2631
vt 0.6537 0.9985 0.3773
vt 0.6138 0.9989 0.2307
vt 0.6748 0.9986 0.3698
vt 0.6484 0.9989 0.2640
vt 0.7041 0.9985 0.3785
vt 0.7774 0.9982 0.4582
vt 0.7500 0.9982 0.4584
vt 0.7774 0.9979 0.5198
vt 0.7500 0.9979 0.5200
vt 0.8048 0.9979 0.5191
vt 0.8048 0.9982 0.4576
vt 0.8323 0.9982 0.4568
vt 0.8323 0.9979 0.5181
vt 0.8600 0.9979 0.5169
vt 0.8600 0.9982 0.4557
vt 0.8878 0.9982 0.4546
vt 0.8878 0.9979 0.5157
vt 0.9157 0.9979 0.5144
vt 0.9157 0.9982 0.4535
vt 0.9437 0.9982 0.4526
vt 0.9437 0.9979 0.5134
vt 0.9718 0.9979 0.5128
vt 0.9718 0.9982 0.4520
vt 1.0000 0.9982 0.4518
vt 1.0000 0.9985 0.3905
vt 1.0000 0.9979 0.5126
vt 1.0282 0.9979 0.5132
vt 1.0282 0.9982 0.4518
vt 0.0563 0.9982 0.4526
vt 0.0282 0.9982 0.4518
vt 0.0563 0.9979 0.5134
vt 0.0282 0.9979 0.5132
vt 0.0843 0.9979 0.5144
vt 0.0843 0.9982 0.4535
vt 0.1122 0.9982 0.4546
vt 0.1122 0.9979 0.5157
vt 0.1400 0.9979 0.5169
vt 0.1400 0.9982 0.4557
vt 0.1677 0.9982 0.4568
vt 0.1677 0.9979 0.5181
vt 0.1952 0.9979 0.5191
vt 0.1952 0.9982 0.4576
vt 0.2226 0.9982 0.4582
vt 0.2226 0.9979 0.5198
vt 0.2500 0.9979 0.5200
vt 0.2500 0.9982 0.4584
vt 0.2774 0.9982 0.4582
vt 0.2774 0.9979 0.5198
vt 0.3048 0.9979 0.5191
vt 0.3048 0.9982 0.4576
vt 0.3323 0.9982 0.4568
vt 0.3323 0.9979 0.5181
vt 0.3600 0.9979 0.5169
vt 0.3600 0.9982 0.4557
vt 0.3878 0.9982 0.4546
vt 0.3878 0.9979 0.5157
vt 0.4157 0.9979 0.5144
vt 0.4157 0.9982 0.4535
vt 0.4437 0.9982 0.4526
vt 0.4437 0.9979 0.5134
vt 0.4718 0.9979 0.5128
vt 0.4718 0.9982 0.4520
vt 0.5000 0.9982 0.4518
vt 0.5000 0.9979 0.5126
vt 0.5282 0.9979 0.5128
vt 0.5282 0.9982 0.4520
vt 0.5563 0.9982 0.4526
vt 0.5563 0.9979 0.5134
vt 0.5843 0.9979 0.5144
vt 0.5843 0.9982 0.4535
vt 0.6122 0.9982 0.4546
vt 0.6122 0.9979 0.5157
vt 0.6400 0.9979 0.5169
vt 0.6400 0.9982 0.4557
vt 0.6677 0.9982 0.4568
vt 0.6677 0.9979 0.5181
vt 0.6952 0.9979 0.5191
vt 0.6952 0.9982 0.4576
vt 0.7226 0.9982 0.4582
vt 0.7226 0.9979 0.5198
vt 0.7774 0.9974 0.5801
vt 0.7500 0.9974 0.5803
vt 0.7774 0.9967 0.6391
vt 0.7500 0.9967 0.6393
vt 0.8048 0.9967 0.6383
vt 0.8048 0.9974 0.5794
vt 0.7774 0.9959 0.6968
vt 0.7500 0.9959 0.6971
vt 0.8048 0.9959 0.6959
vt 0.8323 0.9974 0.5783
vt 0.8323 0.9967 0.6371
vt 0.8600 0.9967 0.6356
vt 0.8600 0.9974 0.5769
vt 0.8323 0.9959 0.6946
vt 0.8048 0.9953 0.7329
vt 0.8323 0.9953 0.7337
vt 0.8600 0.9959 0.6930
vt 0.8878 0.9974 0.5755
vt 0.8878 0.9967 0.6340
vt 0.9157 0.9967 0.6325
vt 0.9157 0.9974 0.5741
vt 0.8878 0.9959 0.6912
vt 0.9157 0.9959 0.6896
vt 0.9437 0.9974 0.5730
vt 0.9437 0.9967 0.6313
vt 0.9718 0.9967 0.6305
vt 0.9718 0.9974 0.5723
vt 0.9437 0.9959 0.6883
vt 0.9718 0.9959 0.6874
vt 1.0000 0.9974 0.5720
vt 1.0000 0.9967 0.6302
vt 1.0282 0.9968 0.6308
vt 1.0282 0.9974 0.5720
vt 1.0000 0.9959 0.6871
vt 1.0282 0.9959 0.6871
vt 0.0563 0.9974 0.5730
vt 0.0282 0.9974 0.5720
vt 0.0563 0.9967 0.6313
vt 0.0282 0.9968 0.6308
vt 0.0843 0.9967 0.6325
vt 0.0843 0.9974 0.5741
vt 0.0563 0.9959 0.6883
vt 0.0282 0.9959 0.6871
vt 0.0843 0.9959 0.6896
vt 0.1122 0.9974 0.5755
vt 0.1122 0.9967 0.6340
vt 0.1400 0.9967 0.6356
vt 0.1400 0.9974 0.5769
vt 0.1122 0.9959 0.6912
vt 0.1400 0.9959 0.6930
vt 0.1677 0.9974 0.5783
vt 0.1677 0.9967 0.6371
vt 0.1952 0.9967 0.6383
vt 0.1952 0.9974 0.5794
vt 0.1677 0.9959 0.6946
vt 0.1952 0.9959 0.6959
vt 0.2226 0.9974 0.5801
vt 0.2226 0.9967 0.6391
vt 0.2500 0.9967 0.6393
vt 0.2500 0.9974 0.5803
vt 0.2226 0.9959 0.6968
vt 0.2500 0.9959 0.6971
vt 0.2774 0.9974 0.5801
vt 0.2774 0.9967 0.6391
vt 0.3048 0.9967 0.6383
vt 0.3048 0.9974 0.5794
vt 0.2774 0.9959 0.6968
vt 0.3048 0.9959 0.6959
vt 0.3323 0.9974 0.5783
vt 0.3323 0.9967 0.6371
vt 0.3600 0.9967 0.6356
vt 0.3600 0.9974 0.5769
vt 0.3323 0.9959 0.6946
vt 0.3600 0.9959 0.6930
vt 0.3878 0.9974 0.5755
vt 0.3878 0.9967 0.6340
vt 0.4157 0.9967 0.6325
vt 0.4157 0.9974 0.5741
vt 0.3878 0.9959 0.6912
vt 0.4157 0.9959 0.6896
vt 0.4437 0.9974 0.5730
vt 0.4437 0.9967 0.6313
vt 0.4718 0.9967 0.6305
vt 0.4718 0.9974 0.5723
vt 0.4437 0.9959 0.6883
vt 0.4718 0.9959 0.6874
vt 0.5000 0.9974 0.5720
vt 0.5000 0.9967 0.6302
vt 0.5282 0.9967 0.6305
vt 0.5282 0.9974 0.5723
vt 0.5000 0.9959 0.6871
vt 0.5282 0.9959 0.6874
vt 0.5563 0.9974 0.5730
vt 0.5563 0.9967 0.6313
vt 0.5843 0.9967 0.6325
vt 0.5843 0.9974 0.5741
vt 0.5563 0.9959 0.6883
vt 0.5843 0.9959 0.6896
vt 0.6122 0.9974 0.5755
vt 0.6122 0.9967 0.6340
vt 0.6400 0.9967 0.6356
vt 0.6400 0.9974 0.5769
vt 0.6122 0.9959 0.6912
vt 0.6400 0.9959 0.6930
vt 0.6677 0.9974 0.5783
vt 0.6677 0.9967 0.6371
vt 0.6952 0.9967 0.6383
vt 0.6952 0.9974 0.5794
vt 0.6677 0.9959 0.6946
vt 0.6952 0.9959 0.6959
vt 0.7226 0.9974 0.5801
vt 0.7226 0.9967 0.6391
vt 0.7226 0.9959 0.6968
vt 0.9718 0.9813 0.9995
vt 0.9437 0.9813 1.0012
vt 0.9402 0.9720 1.0014
vt 0.9395 0.9695 1.0014
vt -0.0000 0.9813 0.9995
vt -0.0000 0.9839 0.9995
vt -0.0282 0.9839 0.9995
vt -0.0282 0.9813 0.9995
vt -0.0000 0.9810 0.9996
vt -0.0282 0.9810 0.9995
vt 0.1677 0.9813 1.0103
vt 0.1952 0.9813 1.0123
vt 0.2226 0.9813 1.0135
vt 0.2500 0.9813 1.0140
vt 0.2774 0.9813 1.0135
vt 0.3048 0.9813 1.0123
vt 0.3323 0.9813 1.0103
vt 0.3600 0.9813 1.0080
vt 0.3878 0.9813 1.0055
vt 0.4157 0.9813 1.0031
vt 0.4437 0.9813 1.0012
vt 0.4718 0.9813 0.9999
vt 0.5000 0.9813 0.9995
vt 0.5282 0.9813 0.9999
vt 0.5563 0.9813 1.0012
vt 0.5843 0.9813 1.0031
vt 0.6122 0.9813 1.0055
vt 0.6400 0.9813 1.0080
vt 0.6677 0.9813 1.0103
vt 0.5846 0.5789 0.9687
vt 0.5886 0.5963 0.9863
vt 0.5843 0.5779 0.9672
vt 0.5725 0.5287 0.8937
vt 0.7814 0.9950 0.7510
vt 0.8878 0.9939 0.8054
vt 0.2471 0.2394 0.4542
vt 0.3987 0.2470 0.4576
vt 0.2774 0.2269 0.4427
vt 0.9309 0.9894 0.9561
vt 0.9358 0.9877 0.9788
vt 0.9390 0.9859 0.9923
vt 0.9409 0.9838 0.9991
vt 0.6927 0.9838 1.0098
vt 0.6944 0.9859 1.0029
vt 0.9422 0.9813 1.0013
vt 0.6899 0.9760 1.0119
vt 0.6916 0.9813 1.0120
vt 0.0822 0.5092 0.7476
vt 0.0825 0.5080 0.7466
vt 0.1000 0.4506 0.6983
vt 0.1535 0.3155 0.5790
vt 0.1222 0.3853 0.6423
vt 0.1610 0.2989 0.5640
vt 0.1974 0.2368 0.5038
vt 0.2968 0.1326 0.3856
vt 0.2320 0.1913 0.4562
vt 0.2429 0.1804 0.4436
vt 0.2648 0.1574 0.4175
vt 0.3166 0.1218 0.3691
vt 0.3281 0.1139 0.3584
vt 0.3571 0.1015 0.3366
vt 0.3593 0.1004 0.3348
vt 0.3916 0.0923 0.3146
vt 0.4621 0.0983 0.2871
vt 0.4259 0.0915 0.2986
vt 0.4706 0.1015 0.2855
vt 0.5000 0.1109 0.2789
vt 0.5041 0.1128 0.2785
vt 0.9925 0.8683 0.5913
vt 0.9948 0.8305 0.5636
vt 0.9651 0.9817 0.6835
vt 0.9698 0.9742 0.6761
vt 0.9679 0.9789 0.6802
vt 0.9702 0.9727 0.6749
vt 0.5646 0.9948 0.8729
vt 0.9594 0.9842 0.6879
vt 0.9489 0.9863 0.6941
vt 0.9093 0.9900 0.7145
vt 0.9322 0.9883 0.7029
vt 0.8837 0.9913 0.7269
vt 0.7182 0.9949 0.8039
vt 0.8790 0.9915 0.7292
vt 0.8375 0.9928 0.7487
vt 0.8068 0.9936 0.7631
vt 0.7917 0.9939 0.7701
vt 0.7412 0.9947 0.7934
vt 0.6815 0.9952 0.8206
vt 0.6238 0.9952 0.8465
vt 0.5736 0.9949 0.8689
vt 0.5000 0.9939 0.9013
vt 0.4998 0.9939 0.9014
vt 0.4557 0.9928 0.9205
vt 0.4247 0.9919 0.9338
vt 0.4143 0.9915 0.9382
vt 0.3581 0.9883 0.9612
vt 0.3830 0.9900 0.9512
vt 0.3396 0.9863 0.9681
vt 0.3312 0.9849 0.9709
vt 0.3222 0.9817 0.9727
vt 0.3283 0.9842 0.9718
vt 0.1175 0.6445 0.8271
vt 0.3186 0.9789 0.9723
vt 0.3139 0.9727 0.9701
vt 0.2500 0.8892 0.9400
vt 0.1790 0.7729 0.8900
vt 0.1786 0.7722 0.8897
vt 0.0847 0.5498 0.7751
vt 0.1069 0.6157 0.8116
vt 0.0818 0.5295 0.7621
vt 1.0180 1.0319 0.9995
vt 0.2226 0.6761 1.0119
vt 1.0216 0.9839 0.9995
vt 1.0249 0.9859 0.9903
vt 1.0282 0.9870 0.9850
vt 0.1443 0.9838 1.0060
vt 0.0182 0.9915 0.9996
vt 0.0199 0.9813 0.9998
vt 0.0216 0.9839 0.9995
vt 0.1460 0.9813 1.0085
vt 0.1478 0.9760 1.0087
vt 0.5631 0.9817 0.9931
vt 0.5580 0.9789 0.9947
vt 0.5520 0.9727 0.9952
vt 0.5822 0.9854 0.9841
vt 0.4962 0.9149 1.0000
vt 0.4364 0.8305 0.9948
vt 0.7252 0.1218 0.5062
vt 0.7215 0.1128 0.5041
vt 0.8521 0.3155 0.5238
vt 0.9423 0.4506 0.5352
vt 0.9790 0.5092 0.5415
vt 0.7619 0.1804 0.5125
vt 0.9873 0.5295 0.5462
vt 0.9918 0.5498 0.5530
vt 0.9915 0.6226 0.5867
vt 0.9917 0.6157 0.5834
vt 0.9705 0.7729 0.6676
vt 0.9696 0.7792 0.6710
vt 0.8963 0.9727 0.8013
vt 0.9325 0.9053 0.7500
vt 0.8930 0.9789 0.8061
vt 0.8891 0.9817 0.8096
vt 0.8774 0.9847 0.8175
vt 0.8808 0.9842 0.8154
vt 0.8581 0.9863 0.8291
vt 0.8183 0.9883 0.8524
vt 0.7304 0.9896 0.9025
vt 0.8021 0.9888 0.8618
vt 0.6585 0.9889 0.9427
vt 0.6367 0.9883 0.9547
vt 0.5938 0.9863 0.9779
vt 0.5727 0.9842 0.9888
# 863 texture coords

o Cylinder001_frag_013_frag_005
g Cylinder001_frag_013_frag_005
usemtl wire_027177027
s 2
f 1091/1606/1081 1092/1607/1082 1093/1608/1083 1094/1609/1084 
f 1095/1610/1085 1093/1608/1083 1096/1611/1084 1097/1612/1086 
f 1098/1613/1087 1095/1610/1085 1097/1612/1086 1099/1614/1088 
f 1095/1610/1085 1098/1613/1087 1100/1615/1088 1101/1616/1086 
f 1093/1608/1083 1095/1610/1085 1101/1616/1086 1094/1609/1084 
f 1102/1617/1089 1098/1613/1087 1099/1614/1088 1103/1618/1090 
f 1104/1619/1091 1102/1617/1089 1103/1618/1090 1105/1620/1092 
f 1102/1617/1089 1104/1619/1091 1106/1621/1092 1107/1622/1090 
f 1098/1613/1087 1102/1617/1089 1107/1622/1090 1100/1615/1088 
f 1108/1623/1093 1104/1619/1091 1105/1620/1092 1109/1624/1094 
f 1110/1625/1095 1108/1623/1093 1109/1624/1094 1111/1626/1096 
f 1108/1623/1093 1110/1625/1095 1112/1627/1096 1113/1628/1094 
f 1104/1619/1091 1108/1623/1093 1113/1628/1094 1106/1621/1092 
f 1114/1629/1097 1110/1625/1095 1111/1626/1096 1115/1630/1098 
f 1116/1631/1099 1114/1629/1097 1115/1630/1098 1117/1632/1100 
f 1116/1631/1099 1117/1632/1100 1118/1633/1101 
f 1114/1629/1097 1116/1631/1099 1119/1634/1102 1120/1635/1098 
f 1110/1625/1095 1114/1629/1097 1120/1635/1098 1112/1627/1096 
f 1121/1636/1103 1122/1637/1104 1123/1638/1105 1124/1639/1106 
f 1121/1636/1103 1124/1639/1106 1125/1640/1107 1126/1641/1108 
f 1116/1631/1099 1121/1636/1103 1126/1641/1108 1119/1634/1102 
f 1124/1639/1106 1123/1638/1105 1127/1642/1109 
f 1128/1643/1110 1125/1640/1107 1124/1639/1106 1127/1642/1109 
f 1128/1643/1110 1127/1642/1109 1129/1644/1111 
f 1130/1645/1112 1131/1646/1113 1132/1647/1114 1133/1648/1115 
f 1130/1645/1112 1133/1648/1115 1134/1649/1116 
f 1135/1650/1117 1136/1651/1118 1137/1652/1119 1138/1653/1120 
f 1139/1654/1121 1140/1655/1122 1141/1656/1123 1142/1657/1124 
f 1139/1654/1121 1142/1657/1124 1135/1650/1117 1138/1653/1120 
f 1139/1654/1121 1138/1653/1120 1143/1658/1125 
f 1144/1659/1126 1140/1655/1122 1145/1660/1127 1146/1661/1128 
f 1147/1662/1129 1144/1659/1126 1146/1661/1128 1148/1663/1130 
f 1144/1659/1126 1147/1662/1129 1149/1664/1131 1150/1665/1132 
f 1140/1655/1122 1144/1659/1126 1150/1665/1132 1141/1656/1123 
f 1151/1666/1133 1147/1662/1129 1148/1663/1130 1152/1667/1134 
f 1153/1668/1135 1151/1666/1133 1152/1667/1134 1154/1669/1136 
f 1151/1666/1133 1153/1668/1135 1155/1670/1137 1156/1671/1138 
f 1147/1662/1129 1151/1666/1133 1156/1671/1138 1149/1664/1131 
f 1157/1672/1139 1153/1668/1135 1154/1669/1136 1158/1673/1140 
f 1159/1674/1141 1157/1672/1139 1158/1673/1140 1160/1675/1142 
f 1157/1672/1139 1159/1674/1141 1161/1676/1143 1162/1677/1144 
f 1153/1668/1135 1157/1672/1139 1162/1677/1144 1155/1670/1137 
f 1163/1678/1145 1159/1674/1141 1160/1675/1142 1164/1679/1146 
f 1165/1680/1147 1163/1678/1145 1164/1679/1146 1166/1681/1148 
f 1163/1678/1145 1165/1680/1147 1167/1682/1149 1168/1683/1150 
f 1159/1674/1141 1163/1678/1145 1168/1683/1150 1161/1676/1143 
f 1169/1684/1151 1165/1680/1147 1166/1681/1148 1170/1685/1152 
f 1171/1686/1153 1169/1684/1151 1170/1685/1152 1172/1687/1154 
f 1169/1684/1151 1171/1686/1153 1173/1688/1155 1174/1689/1156 
f 1165/1680/1147 1169/1684/1151 1174/1689/1156 1167/1682/1149 
f 1175/1690/1157 1171/1686/1153 1172/1687/1154 1176/1691/1158 
f 1177/1692/1159 1175/1690/1157 1176/1691/1158 1178/1693/1160 
f 1175/1690/1157 1177/1692/1159 1179/1694/1161 1180/1695/1162 
f 1171/1686/1153 1175/1690/1157 1180/1695/1162 1173/1688/1155 
f 1181/1696/1163 1177/1692/1159 1178/1693/1160 1182/1697/1164 
f 1181/1696/1163 1182/1697/1164 1183/1698/1165 
f 1181/1696/1163 1183/1698/1165 1184/1699/1166 1185/1700/1167 
f 1181/1696/1163 1185/1700/1167 1186/1701/1168 1187/1702/1169 
f 1177/1692/1159 1181/1696/1163 1187/1702/1169 1179/1694/1161 
f 1188/1703/1170 1189/1704/1171 1186/1701/1168 1185/1700/1167 
f 1188/1703/1170 1185/1700/1167 1185/1705/1172 
f 1190/1706/1173 1191/1707/1174 1192/1708/1175 1193/1709/1176 
f 1194/1710/1177 1195/1711/1178 1196/1712/1179 
f 1197/1713/1180 1198/1714/1181 1199/1715/1182 1200/1716/1183 
f 1194/1710/1177 1196/1712/1179 1201/1717/1184 1197/1713/1180 
f 1194/1710/1177 1197/1713/1180 1200/1716/1183 
f 1202/1718/1185 1198/1714/1181 1203/1719/1186 1204/1720/1187 
f 1205/1721/1188 1202/1718/1185 1204/1720/1187 1206/1722/1189 
f 1202/1718/1185 1205/1721/1188 1207/1723/1190 1208/1724/1191 
f 1198/1714/1181 1202/1718/1185 1208/1724/1191 1199/1715/1182 
f 1209/1725/1192 1205/1721/1188 1206/1722/1189 1210/1726/1193 
f 1211/1727/1194 1209/1725/1192 1210/1726/1193 1212/1728/1195 
f 1209/1725/1192 1211/1727/1194 1213/1729/1196 1214/1730/1197 
f 1205/1721/1188 1209/1725/1192 1214/1730/1197 1207/1723/1190 
f 1215/1731/1198 1211/1732/1194 1212/1733/1195 1216/1734/1199 
f 1217/1735/1200 1215/1731/1198 1216/1734/1199 1218/1736/1201 
f 1215/1731/1198 1217/1735/1200 1219/1737/1202 1220/1738/1203 
f 1211/1732/1194 1215/1731/1198 1220/1738/1203 1213/1739/1196 
f 1221/1740/1204 1217/1735/1200 1218/1736/1201 1222/1741/1205 
f 1223/1742/1206 1221/1740/1204 1222/1741/1205 1224/1743/1207 
f 1221/1740/1204 1223/1742/1206 1225/1744/1208 1226/1745/1209 
f 1217/1735/1200 1221/1740/1204 1226/1745/1209 1219/1737/1202 
f 1227/1746/1210 1223/1742/1206 1224/1743/1207 1228/1747/1211 
f 1229/1748/1212 1227/1746/1210 1228/1747/1211 1230/1749/1213 
f 1227/1746/1210 1229/1748/1212 1231/1750/1214 1232/1751/1215 
f 1223/1742/1206 1227/1746/1210 1232/1751/1215 1225/1744/1208 
f 1233/1752/1216 1229/1748/1212 1230/1749/1213 1234/1753/1217 
f 1235/1754/1218 1233/1752/1216 1234/1753/1217 1236/1755/1219 
f 1233/1752/1216 1235/1754/1218 1237/1756/1220 1238/1757/1221 
f 1229/1748/1212 1233/1752/1216 1238/1757/1221 1231/1750/1214 
f 1239/1758/1222 1235/1754/1218 1236/1755/1219 1240/1759/1223 
f 1241/1760/1224 1239/1758/1222 1240/1759/1223 1242/1761/1225 
f 1239/1758/1222 1241/1760/1224 1243/1762/1226 1244/1763/1227 
f 1235/1754/1218 1239/1758/1222 1244/1763/1227 1237/1756/1220 
f 1245/1764/1228 1241/1760/1224 1242/1761/1225 1246/1765/1229 
f 1247/1766/1230 1245/1764/1228 1246/1765/1229 1248/1767/1231 
f 1245/1764/1228 1247/1766/1230 1249/1768/1232 1250/1769/1233 
f 1241/1760/1224 1245/1764/1228 1250/1769/1233 1243/1762/1226 
f 1251/1770/1234 1247/1766/1230 1248/1767/1231 1252/1771/1235 
f 1253/1772/1236 1251/1770/1234 1252/1771/1235 1254/1773/1237 
f 1251/1770/1234 1253/1772/1236 1255/1774/1238 1256/1775/1239 
f 1247/1766/1230 1251/1770/1234 1256/1775/1239 1249/1768/1232 
f 1257/1776/1240 1253/1772/1236 1254/1773/1237 1258/1777/1241 
f 1259/1778/1242 1257/1776/1240 1258/1777/1241 1260/1779/1243 
f 1257/1776/1240 1259/1778/1242 1261/1780/1244 1262/1781/1245 
f 1253/1772/1236 1257/1776/1240 1262/1781/1245 1255/1774/1238 
f 1263/1782/1246 1259/1778/1242 1260/1779/1243 1264/1783/1247 
f 1265/1784/1248 1263/1782/1246 1264/1783/1247 1266/1785/1249 
f 1263/1782/1246 1265/1784/1248 1267/1786/1250 1268/1787/1251 
f 1259/1778/1242 1263/1782/1246 1268/1787/1251 1261/1780/1244 
f 1269/1788/1252 1265/1784/1248 1266/1785/1249 1270/1789/1253 
f 1271/1790/1254 1269/1788/1252 1270/1789/1253 1272/1791/1255 
f 1269/1788/1252 1271/1790/1254 1273/1792/1256 1274/1793/1257 
f 1265/1784/1248 1269/1788/1252 1274/1793/1257 1267/1786/1250 
f 1275/1794/1258 1271/1790/1254 1272/1791/1255 1276/1795/1259 
f 1277/1796/1260 1275/1794/1258 1276/1795/1259 1278/1797/1261 
f 1275/1794/1258 1277/1796/1260 1279/1798/1262 1280/1799/1263 
f 1271/1790/1254 1275/1794/1258 1280/1799/1263 1273/1792/1256 
f 1281/1800/1264 1277/1796/1260 1278/1797/1261 1282/1801/1265 
f 1283/1802/1266 1281/1800/1264 1282/1801/1265 1284/1803/1267 
f 1281/1800/1264 1283/1802/1266 1285/1804/1268 1286/1805/1269 
f 1277/1796/1260 1281/1800/1264 1286/1805/1269 1279/1798/1262 
f 1287/1806/1270 1283/1802/1266 1284/1803/1267 1288/1807/1271 
f 1289/1808/1272 1191/1809/1273 1287/1806/1270 1288/1807/1271 
f 1287/1806/1270 1191/1809/1273 1191/1707/1174 1190/1706/1173 
f 1287/1806/1270 1190/1706/1173 1290/1810/1274 
f 1283/1802/1266 1287/1806/1270 1290/1810/1274 1285/1804/1268 
f 1291/1811/1275 1292/1812/1276 1293/1813/1277 1294/1814/1278 
f 1145/1660/1127 1295/1815/1279 1292/1812/1276 1291/1811/1275 
f 1296/1816/1280 1146/1661/1128 1145/1660/1127 1291/1811/1275 
f 1297/1817/1281 1296/1816/1280 1291/1811/1275 1294/1814/1278 
f 1296/1816/1280 1297/1817/1281 1298/1818/1282 1299/1819/1283 
f 1146/1661/1128 1296/1816/1280 1299/1819/1283 1148/1663/1130 
f 1300/1820/1284 1152/1667/1134 1148/1663/1130 1299/1819/1283 
f 1301/1821/1285 1300/1820/1284 1299/1819/1283 1298/1818/1282 
f 1300/1820/1284 1301/1821/1285 1302/1822/1286 1303/1823/1287 
f 1152/1667/1134 1300/1820/1284 1303/1823/1287 1154/1669/1136 
f 1304/1824/1288 1158/1673/1140 1154/1669/1136 1303/1823/1287 
f 1305/1825/1289 1304/1824/1288 1303/1823/1287 1302/1822/1286 
f 1304/1824/1288 1305/1825/1289 1306/1826/1290 1307/1827/1291 
f 1158/1673/1140 1304/1824/1288 1307/1827/1291 1160/1675/1142 
f 1308/1828/1292 1164/1679/1146 1160/1675/1142 1307/1827/1291 
f 1309/1829/1293 1308/1828/1292 1307/1827/1291 1306/1826/1290 
f 1308/1828/1292 1309/1829/1293 1310/1830/1294 1311/1831/1295 
f 1164/1679/1146 1308/1828/1292 1311/1831/1295 1166/1681/1148 
f 1312/1832/1296 1170/1685/1152 1166/1681/1148 1311/1831/1295 
f 1313/1833/1297 1312/1832/1296 1311/1831/1295 1310/1830/1294 
f 1312/1832/1296 1313/1833/1297 1314/1834/1298 1315/1835/1299 
f 1170/1685/1152 1312/1832/1296 1315/1835/1299 1172/1687/1154 
f 1316/1836/1300 1176/1691/1158 1172/1687/1154 1315/1835/1299 
f 1317/1837/1301 1316/1836/1300 1315/1835/1299 1314/1834/1298 
f 1316/1836/1300 1317/1837/1301 1318/1838/1302 1319/1839/1303 
f 1176/1691/1158 1316/1836/1300 1319/1839/1303 1178/1693/1160 
f 1319/1839/1303 1320/1840/1304 1182/1697/1164 1178/1693/1160 
f 1321/1841/1305 1322/1842/1306 1091/1606/1081 1094/1609/1084 
f 1294/1814/1278 1293/1813/1277 1322/1842/1306 1321/1841/1305 
f 1323/1843/1307 1297/1817/1281 1294/1814/1278 1321/1841/1305 
f 1101/1616/1086 1323/1843/1307 1321/1841/1305 1094/1609/1084 
f 1323/1843/1307 1101/1616/1086 1100/1615/1088 1324/1844/1308 
f 1297/1817/1281 1323/1843/1307 1324/1844/1308 1298/1818/1282 
f 1325/1845/1309 1301/1821/1285 1298/1818/1282 1324/1844/1308 
f 1107/1622/1090 1325/1845/1309 1324/1844/1308 1100/1615/1088 
f 1325/1845/1309 1107/1622/1090 1106/1621/1092 1326/1846/1310 
f 1301/1821/1285 1325/1845/1309 1326/1846/1310 1302/1822/1286 
f 1327/1847/1311 1305/1825/1289 1302/1822/1286 1326/1846/1310 
f 1113/1628/1094 1327/1847/1311 1326/1846/1310 1106/1621/1092 
f 1327/1847/1311 1113/1628/1094 1112/1627/1096 1328/1848/1312 
f 1305/1825/1289 1327/1847/1311 1328/1848/1312 1306/1826/1290 
f 1329/1849/1313 1309/1829/1293 1306/1826/1290 1328/1848/1312 
f 1120/1635/1098 1329/1849/1313 1328/1848/1312 1112/1627/1096 
f 1329/1849/1313 1120/1635/1098 1119/1634/1102 1330/1850/1314 
f 1309/1829/1293 1329/1849/1313 1330/1850/1314 1310/1830/1294 
f 1331/1851/1315 1313/1833/1297 1310/1830/1294 1330/1850/1314 
f 1126/1641/1108 1331/1851/1315 1330/1850/1314 1119/1634/1102 
f 1331/1851/1315 1126/1641/1108 1125/1640/1107 1332/1852/1316 
f 1313/1833/1297 1331/1851/1315 1332/1852/1316 1314/1834/1298 
f 1333/1853/1317 1317/1837/1301 1314/1834/1298 1332/1852/1316 
f 1128/1643/1110 1333/1853/1317 1332/1852/1316 1125/1640/1107 
f 1317/1837/1301 1333/1853/1317 1334/1854/1318 1318/1838/1302 
f 1096/1611/1084 1335/1855/1319 1336/1856/1320 1337/1857/1321 
f 1338/1858/1322 1097/1612/1086 1096/1611/1084 1337/1857/1321 
f 1339/1859/1323 1338/1858/1322 1337/1857/1321 1340/1860/1324 
f 1339/1859/1323 1340/1860/1324 1341/1861/1325 
f 1338/1858/1322 1339/1859/1323 1342/1862/1326 1343/1863/1308 
f 1097/1612/1086 1338/1858/1322 1343/1863/1308 1099/1614/1088 
f 1344/1864/1327 1103/1618/1090 1099/1614/1088 1343/1863/1308 
f 1345/1865/1285 1344/1864/1327 1343/1863/1308 1342/1862/1326 
f 1344/1864/1327 1345/1865/1285 1346/1866/1286 1347/1867/1310 
f 1103/1618/1090 1344/1864/1327 1347/1867/1310 1105/1620/1092 
f 1348/1868/1328 1109/1624/1094 1105/1620/1092 1347/1867/1310 
f 1346/1866/1286 1349/1869/1329 1350/1870/1330 1348/1868/1328 
f 1346/1866/1286 1348/1868/1328 1347/1867/1310 
f 1111/1626/1096 1351/1871/1331 1352/1872/1332 1115/1630/1098 
f 1342/1862/1326 1353/1873/1333 1354/1874/1334 1345/1865/1285 
f 1346/1866/1286 1355/1875/1335 1349/1869/1329 
f 1203/1719/1186 1356/1876/1336 1357/1877/1337 1358/1878/1338 
f 1359/1879/1339 1204/1720/1187 1203/1719/1186 1358/1878/1338 
f 1360/1880/1340 1359/1879/1339 1358/1878/1338 1361/1881/1341 
f 1360/1880/1340 1361/1881/1341 1362/1882/1342 
f 1359/1879/1339 1360/1880/1340 1363/1883/1343 1364/1884/1344 
f 1204/1720/1187 1359/1879/1339 1364/1884/1344 1206/1722/1189 
f 1365/1885/1345 1210/1726/1193 1206/1722/1189 1364/1884/1344 
f 1366/1886/1346 1365/1885/1345 1364/1884/1344 1363/1883/1343 
f 1365/1885/1345 1366/1886/1346 1367/1887/1347 1368/1888/1348 
f 1210/1726/1193 1365/1885/1345 1368/1888/1348 1212/1728/1195 
f 1369/1889/1349 1216/1734/1199 1212/1733/1195 1368/1890/1348 
f 1370/1891/1350 1369/1889/1349 1368/1890/1348 1367/1892/1347 
f 1369/1889/1349 1370/1891/1350 1371/1893/1351 1372/1894/1352 
f 1216/1734/1199 1369/1889/1349 1372/1894/1352 1218/1736/1201 
f 1373/1895/1353 1222/1741/1205 1218/1736/1201 1372/1894/1352 
f 1374/1896/1354 1373/1895/1353 1372/1894/1352 1371/1893/1351 
f 1373/1895/1353 1374/1896/1354 1375/1897/1355 1376/1898/1356 
f 1222/1741/1205 1373/1895/1353 1376/1898/1356 1224/1743/1207 
f 1377/1899/1357 1228/1747/1211 1224/1743/1207 1376/1898/1356 
f 1378/1900/1358 1377/1899/1357 1376/1898/1356 1375/1897/1355 
f 1377/1899/1357 1378/1900/1358 1379/1901/1359 1380/1902/1360 
f 1228/1747/1211 1377/1899/1357 1380/1902/1360 1230/1749/1213 
f 1381/1903/1361 1234/1753/1217 1230/1749/1213 1380/1902/1360 
f 1382/1904/1362 1381/1903/1361 1380/1902/1360 1379/1901/1359 
f 1381/1903/1361 1382/1904/1362 1383/1905/1363 1384/1906/1364 
f 1234/1753/1217 1381/1903/1361 1384/1906/1364 1236/1755/1219 
f 1385/1907/1365 1240/1759/1223 1236/1755/1219 1384/1906/1364 
f 1386/1908/1366 1385/1907/1365 1384/1906/1364 1383/1905/1363 
f 1385/1907/1365 1386/1908/1366 1387/1909/1367 1388/1910/1368 
f 1240/1759/1223 1385/1907/1365 1388/1910/1368 1242/1761/1225 
f 1389/1911/1369 1246/1765/1229 1242/1761/1225 1388/1910/1368 
f 1390/1912/1370 1389/1911/1369 1388/1910/1368 1387/1909/1367 
f 1389/1911/1369 1390/1912/1370 1391/1913/1371 1392/1914/1372 
f 1246/1765/1229 1389/1911/1369 1392/1914/1372 1248/1767/1231 
f 1393/1915/1373 1252/1771/1235 1248/1767/1231 1392/1914/1372 
f 1394/1916/1374 1393/1915/1373 1392/1914/1372 1391/1913/1371 
f 1393/1915/1373 1394/1916/1374 1395/1917/1375 1396/1918/1376 
f 1252/1771/1235 1393/1915/1373 1396/1918/1376 1254/1773/1237 
f 1397/1919/1377 1258/1777/1241 1254/1773/1237 1396/1918/1376 
f 1398/1920/1378 1397/1919/1377 1396/1918/1376 1395/1917/1375 
f 1397/1919/1377 1398/1920/1378 1399/1921/1379 1400/1922/1380 
f 1258/1777/1241 1397/1919/1377 1400/1922/1380 1260/1779/1243 
f 1401/1923/1381 1264/1783/1247 1260/1779/1243 1400/1922/1380 
f 1402/1924/1382 1401/1923/1381 1400/1922/1380 1399/1921/1379 
f 1401/1923/1381 1402/1924/1382 1403/1925/1383 1404/1926/1384 
f 1264/1783/1247 1401/1923/1381 1404/1926/1384 1266/1785/1249 
f 1405/1927/1385 1270/1789/1253 1266/1785/1249 1404/1926/1384 
f 1406/1928/1386 1405/1927/1385 1404/1926/1384 1403/1925/1383 
f 1405/1927/1385 1406/1928/1386 1407/1929/1387 1408/1930/1388 
f 1270/1789/1253 1405/1927/1385 1408/1930/1388 1272/1791/1255 
f 1409/1931/1389 1276/1795/1259 1272/1791/1255 1408/1930/1388 
f 1410/1932/1390 1409/1931/1389 1408/1930/1388 1407/1929/1387 
f 1409/1931/1389 1410/1932/1390 1411/1933/1391 1412/1934/1392 
f 1276/1795/1259 1409/1931/1389 1412/1934/1392 1278/1797/1261 
f 1413/1935/1393 1282/1801/1265 1278/1797/1261 1412/1934/1392 
f 1414/1936/1394 1413/1935/1393 1412/1934/1392 1411/1933/1391 
f 1413/1935/1393 1414/1936/1394 1415/1937/1395 1416/1938/1396 
f 1282/1801/1265 1413/1935/1393 1416/1938/1396 1284/1803/1267 
f 1288/1807/1271 1284/1803/1267 1416/1938/1396 1417/1939/1397 
f 1288/1807/1271 1417/1939/1397 1418/1940/1398 
f 1416/1938/1396 1415/1937/1395 1419/1941/1399 1417/1939/1397 
f 1420/1942/1400 1421/1943/1401 1422/1944/1402 1423/1945/1403 
f 1360/1880/1340 1420/1942/1400 1423/1945/1403 1363/1883/1343 
f 1424/1946/1404 1425/1947/1405 1426/1948/1406 1427/1949/1407 
f 1421/1943/1401 1424/1946/1404 1427/1949/1407 1422/1944/1402 
f 1428/1950/1408 1366/1886/1346 1363/1883/1343 1423/1945/1403 
f 1429/1951/1409 1428/1950/1408 1423/1945/1403 1422/1944/1402 
f 1428/1950/1408 1429/1951/1409 1430/1952/1410 1431/1953/1411 
f 1366/1886/1346 1428/1950/1408 1431/1953/1411 1367/1887/1347 
f 1432/1954/1412 1429/1951/1409 1422/1944/1402 1427/1949/1407 
f 1433/1955/1413 1432/1954/1412 1427/1949/1407 1426/1948/1406 
f 1370/1891/1350 1367/1892/1347 1431/1956/1411 1434/1957/1414 
f 1370/1891/1350 1434/1957/1414 1435/1958/1415 
f 1431/1956/1411 1430/1959/1410 1436/1960/1416 1434/1957/1414 
f 1430/1959/1410 1437/1961/1417 1436/1960/1416 
f 1438/1962/1418 1439/1963/1419 1374/1896/1354 1371/1893/1351 
f 1440/1964/1420 1441/1965/1421 1442/1966/1422 1443/1967/1423 
f 1440/1964/1420 1375/1897/1355 1374/1896/1354 1439/1963/1419 
f 1440/1964/1420 1439/1963/1419 1441/1965/1421 
f 1444/1968/1424 1378/1900/1358 1375/1897/1355 1440/1964/1420 
f 1445/1969/1425 1444/1968/1424 1440/1964/1420 1443/1967/1423 
f 1444/1968/1424 1445/1969/1425 1446/1970/1426 1447/1971/1427 
f 1378/1900/1358 1444/1968/1424 1447/1971/1427 1379/1901/1359 
f 1448/1972/1428 1445/1969/1425 1443/1967/1423 1449/1973/1429 
f 1448/1972/1428 1449/1973/1429 1450/1974/1430 
f 1448/1972/1428 1451/1975/1431 1452/1976/1432 1453/1977/1433 
f 1445/1969/1425 1448/1972/1428 1453/1977/1433 1446/1970/1426 
f 1454/1978/1434 1382/1904/1362 1379/1901/1359 1447/1971/1427 
f 1455/1979/1435 1454/1978/1434 1447/1971/1427 1446/1970/1426 
f 1454/1978/1434 1455/1979/1435 1456/1980/1436 1457/1981/1437 
f 1382/1904/1362 1454/1978/1434 1457/1981/1437 1383/1905/1363 
f 1458/1982/1438 1455/1979/1435 1446/1970/1426 1453/1977/1433 
f 1459/1983/1439 1458/1982/1438 1453/1977/1433 1452/1976/1432 
f 1458/1982/1438 1459/1983/1439 1460/1984/1440 1461/1985/1441 
f 1455/1979/1435 1458/1982/1438 1461/1985/1441 1456/1980/1436 
f 1462/1986/1442 1386/1908/1366 1383/1905/1363 1457/1981/1437 
f 1463/1987/1443 1462/1986/1442 1457/1981/1437 1456/1980/1436 
f 1462/1986/1442 1463/1987/1443 1464/1988/1444 1465/1989/1445 
f 1386/1908/1366 1462/1986/1442 1465/1989/1445 1387/1909/1367 
f 1466/1990/1446 1463/1987/1443 1456/1980/1436 1461/1985/1441 
f 1467/1991/1447 1466/1990/1446 1461/1985/1441 1460/1984/1440 
f 1466/1990/1446 1467/1991/1447 1468/1992/1448 1469/1993/1449 
f 1463/1987/1443 1466/1990/1446 1469/1993/1449 1464/1988/1444 
f 1470/1994/1450 1390/1912/1370 1387/1909/1367 1465/1989/1445 
f 1471/1995/1451 1470/1994/1450 1465/1989/1445 1464/1988/1444 
f 1470/1994/1450 1471/1995/1451 1472/1996/1452 1473/1997/1453 
f 1390/1912/1370 1470/1994/1450 1473/1997/1453 1391/1913/1371 
f 1474/1998/1454 1471/1995/1451 1464/1988/1444 1469/1993/1449 
f 1475/1999/1455 1474/1998/1454 1469/1993/1449 1468/1992/1448 
f 1474/1998/1454 1475/1999/1455 1476/2000/1456 1477/2001/1457 
f 1471/1995/1451 1474/1998/1454 1477/2001/1457 1472/1996/1452 
f 1478/2002/1458 1394/1916/1374 1391/1913/1371 1473/1997/1453 
f 1479/2003/1459 1478/2002/1458 1473/1997/1453 1472/1996/1452 
f 1478/2002/1458 1479/2003/1459 1480/2004/1460 1481/2005/1461 
f 1394/1916/1374 1478/2002/1458 1481/2005/1461 1395/1917/1375 
f 1482/2006/1462 1479/2003/1459 1472/1996/1452 1477/2001/1457 
f 1483/2007/1463 1482/2006/1462 1477/2001/1457 1476/2000/1456 
f 1482/2006/1462 1483/2007/1463 1484/2008/1464 1485/2009/1465 
f 1479/2003/1459 1482/2006/1462 1485/2009/1465 1480/2004/1460 
f 1486/2010/1466 1398/1920/1378 1395/1917/1375 1481/2005/1461 
f 1487/2011/1467 1486/2010/1466 1481/2005/1461 1480/2004/1460 
f 1486/2010/1466 1487/2011/1467 1488/2012/1468 1489/2013/1469 
f 1398/1920/1378 1486/2010/1466 1489/2013/1469 1399/1921/1379 
f 1490/2014/1470 1487/2011/1467 1480/2004/1460 1485/2009/1465 
f 1491/2015/1471 1490/2014/1470 1485/2009/1465 1484/2008/1464 
f 1490/2014/1470 1491/2015/1471 1492/2016/1472 1493/2017/1473 
f 1487/2011/1467 1490/2014/1470 1493/2017/1473 1488/2012/1468 
f 1494/2018/1474 1402/1924/1382 1399/1921/1379 1489/2013/1469 
f 1495/2019/1475 1494/2018/1474 1489/2013/1469 1488/2012/1468 
f 1494/2018/1474 1495/2019/1475 1496/2020/1476 1497/2021/1477 
f 1402/1924/1382 1494/2018/1474 1497/2021/1477 1403/1925/1383 
f 1498/2022/1478 1495/2019/1475 1488/2012/1468 1493/2017/1473 
f 1499/2023/1479 1498/2022/1478 1493/2017/1473 1492/2016/1472 
f 1498/2022/1478 1499/2023/1479 1500/2024/1480 1501/2025/1481 
f 1495/2019/1475 1498/2022/1478 1501/2025/1481 1496/2020/1476 
f 1502/2026/1482 1406/1928/1386 1403/1925/1383 1497/2021/1477 
f 1503/2027/1483 1502/2026/1482 1497/2021/1477 1496/2020/1476 
f 1502/2026/1482 1503/2027/1483 1504/2028/1484 1505/2029/1485 
f 1406/1928/1386 1502/2026/1482 1505/2029/1485 1407/1929/1387 
f 1506/2030/1486 1503/2027/1483 1496/2020/1476 1501/2025/1481 
f 1507/2031/1487 1506/2030/1486 1501/2025/1481 1500/2024/1480 
f 1506/2030/1486 1507/2031/1487 1508/2032/1488 1509/2033/1489 
f 1503/2027/1483 1506/2030/1486 1509/2033/1489 1504/2028/1484 
f 1510/2034/1490 1410/1932/1390 1407/1929/1387 1505/2029/1485 
f 1511/2035/1491 1510/2034/1490 1505/2029/1485 1504/2028/1484 
f 1510/2034/1490 1511/2035/1491 1512/2036/1492 1513/2037/1493 
f 1410/1932/1390 1510/2034/1490 1513/2037/1493 1411/1933/1391 
f 1514/2038/1494 1511/2035/1491 1504/2028/1484 1509/2033/1489 
f 1515/2039/1495 1514/2038/1494 1509/2033/1489 1508/2032/1488 
f 1514/2038/1494 1515/2039/1495 1516/2040/1496 1517/2041/1497 
f 1511/2035/1491 1514/2038/1494 1517/2041/1497 1512/2036/1492 
f 1518/2042/1498 1414/1936/1394 1411/1933/1391 1513/2037/1493 
f 1519/2043/1499 1518/2042/1498 1513/2037/1493 1512/2036/1492 
f 1518/2042/1498 1519/2043/1499 1520/2044/1500 1521/2045/1501 
f 1414/1936/1394 1518/2042/1498 1521/2045/1501 1415/1937/1395 
f 1522/2046/1502 1519/2043/1499 1512/2036/1492 1517/2041/1497 
f 1523/2047/1503 1522/2046/1502 1517/2041/1497 1516/2040/1496 
f 1415/1937/1395 1521/2045/1501 1524/2048/1504 1419/1941/1399 
f 1521/2045/1501 1520/2044/1500 1525/2049/1505 1524/2048/1504 
f 1520/2044/1500 1526/2050/1506 1525/2049/1505 
f 1527/2051/1507 1528/2052/1508 1529/2053/1509 1530/2054/1510 
f 1531/2055/1511 1527/2051/1507 1530/2054/1510 1532/2056/1512 
f 1527/2051/1507 1531/2055/1511 1533/2057/1513 1528/2052/1508 
f 1534/2058/1514 1531/2055/1511 1532/2056/1512 1535/2059/1515 
f 1536/2060/1516 1534/2058/1514 1535/2059/1515 1537/2061/1517 
f 1534/2058/1514 1536/2060/1516 1533/2057/1513 1531/2055/1511 
f 1538/2062/1518 1536/2060/1516 1537/2061/1517 1539/2063/1519 
f 1540/2064/1520 1538/2062/1518 1539/2063/1519 1541/2065/1521 
f 1538/2062/1518 1540/2064/1520 1533/2057/1513 1536/2060/1516 
f 1542/2066/1522 1540/2064/1520 1541/2065/1521 1543/2067/1523 
f 1544/2068/1524 1542/2066/1522 1543/2067/1523 1545/2069/1525 
f 1542/2066/1522 1544/2068/1524 1533/2057/1513 1540/2064/1520 
f 1546/2070/1526 1544/2071/1524 1545/2072/1525 1547/2073/1527 
f 1548/2074/1528 1546/2070/1526 1547/2073/1527 1549/2075/1529 
f 1546/2070/1526 1548/2074/1528 1533/2076/1513 1544/2071/1524 
f 1550/2077/1530 1548/2078/1528 1549/2079/1529 1551/2080/1531 
f 1552/2081/1532 1550/2077/1530 1551/2080/1531 1553/2082/1533 
f 1550/2077/1530 1552/2081/1532 1533/2057/1513 1548/2078/1528 
f 1554/2083/1534 1552/2081/1532 1553/2082/1533 1555/2084/1535 
f 1556/2085/1536 1554/2083/1534 1555/2084/1535 1557/2086/1537 
f 1554/2083/1534 1556/2085/1536 1533/2057/1513 1552/2081/1532 
f 1558/2087/1538 1556/2085/1536 1557/2086/1537 1559/2088/1539 
f 1560/2089/1540 1558/2087/1538 1559/2088/1539 1561/2090/1541 
f 1558/2087/1538 1560/2089/1540 1533/2057/1513 1556/2085/1536 
f 1562/2091/1542 1560/2089/1540 1561/2090/1541 1563/2092/1543 
f 1564/2093/1544 1562/2091/1542 1563/2092/1543 1565/2094/1545 
f 1562/2091/1542 1564/2093/1544 1533/2057/1513 1560/2089/1540 
f 1566/2095/1546 1564/2093/1544 1565/2094/1545 1567/2096/1547 
f 1568/2097/1548 1566/2095/1546 1567/2096/1547 1569/2098/1549 
f 1566/2095/1546 1568/2097/1548 1533/2057/1513 1564/2093/1544 
f 1570/2099/1550 1568/2097/1548 1569/2098/1549 1571/2100/1551 
f 1572/2101/1552 1570/2099/1550 1571/2100/1551 1573/2102/1553 
f 1570/2099/1550 1572/2101/1552 1533/2057/1513 1568/2097/1548 
f 1574/2103/1554 1572/2101/1552 1573/2102/1553 1575/2104/1555 
f 1576/2105/1556 1574/2103/1554 1575/2104/1555 1577/2106/1557 
f 1574/2103/1554 1576/2105/1556 1533/2057/1513 1572/2101/1552 
f 1578/2107/1558 1576/2105/1556 1577/2106/1557 1579/2108/1559 
f 1580/2109/1560 1578/2107/1558 1579/2108/1559 1581/2110/1561 
f 1578/2107/1558 1580/2109/1560 1533/2057/1513 1576/2105/1556 
f 1582/2111/1562 1580/2109/1560 1581/2110/1561 1583/2112/1563 
f 1584/2113/1564 1582/2111/1562 1583/2112/1563 1585/2114/1565 
f 1582/2111/1562 1584/2113/1564 1533/2057/1513 1580/2109/1560 
f 1586/2115/1566 1584/2113/1564 1585/2114/1565 1587/2116/1567 
f 1588/2117/1568 1586/2115/1566 1587/2116/1567 1589/2118/1569 
f 1586/2115/1566 1588/2117/1568 1533/2057/1513 1584/2113/1564 
f 1590/2119/1570 1588/2117/1568 1589/2118/1569 1591/2120/1571 
f 1592/2121/1572 1590/2119/1570 1591/2120/1571 1593/2122/1573 
f 1590/2119/1570 1592/2121/1572 1533/2057/1513 1588/2117/1568 
f 1594/2123/1574 1592/2121/1572 1593/2122/1573 1595/2124/1575 
f 1596/2125/1576 1594/2123/1574 1595/2124/1575 1597/2126/1577 
f 1594/2123/1574 1596/2125/1576 1533/2057/1513 1592/2121/1572 
f 1598/2127/1578 1596/2125/1576 1597/2126/1577 1599/2128/1579 
f 1528/2052/1508 1598/2127/1578 1599/2128/1579 1529/2053/1509 
f 1598/2127/1578 1528/2052/1508 1533/2057/1513 1596/2125/1576 
f 1600/2129/1580 1530/2054/1510 1529/2053/1509 1601/2130/1581 
f 1602/2131/1582 1600/2129/1580 1601/2130/1581 1603/2132/1583 
f 1600/2129/1580 1602/2131/1582 1604/2133/1584 1605/2134/1585 
f 1530/2054/1510 1600/2129/1580 1605/2134/1585 1532/2056/1512 
f 1606/2135/1586 1535/2059/1515 1532/2056/1512 1605/2134/1585 
f 1607/2136/1587 1606/2135/1586 1605/2134/1585 1604/2133/1584 
f 1606/2135/1586 1607/2136/1587 1608/2137/1588 1609/2138/1589 
f 1535/2059/1515 1606/2135/1586 1609/2138/1589 1537/2061/1517 
f 1610/2139/1590 1539/2063/1519 1537/2061/1517 1609/2138/1589 
f 1611/2140/1591 1610/2139/1590 1609/2138/1589 1608/2137/1588 
f 1610/2139/1590 1611/2140/1591 1612/2141/1592 1613/2142/1593 
f 1539/2063/1519 1610/2139/1590 1613/2142/1593 1541/2065/1521 
f 1614/2143/1594 1543/2067/1523 1541/2065/1521 1613/2142/1593 
f 1615/2144/1595 1614/2143/1594 1613/2142/1593 1612/2141/1592 
f 1614/2143/1594 1615/2144/1595 1616/2145/1596 1617/2146/1597 
f 1543/2067/1523 1614/2143/1594 1617/2146/1597 1545/2069/1525 
f 1618/2147/1598 1547/2148/1527 1545/2069/1525 1617/2146/1597 
f 1619/2149/1599 1618/2147/1598 1617/2146/1597 1616/2145/1596 
f 1618/2147/1598 1619/2149/1599 1620/2150/1600 1621/2151/1601 
f 1547/2148/1527 1618/2147/1598 1621/2151/1601 1549/2075/1529 
f 1622/2152/1602 1551/2080/1531 1549/2079/1529 1621/2153/1601 
f 1623/2154/1603 1622/2152/1602 1621/2153/1601 1620/2155/1600 
f 1622/2152/1602 1623/2154/1603 1624/2156/1604 1625/2157/1605 
f 1551/2080/1531 1622/2152/1602 1625/2157/1605 1553/2082/1533 
f 1626/2158/1606 1555/2084/1535 1553/2082/1533 1625/2157/1605 
f 1627/2159/1607 1626/2158/1606 1625/2157/1605 1624/2156/1604 
f 1626/2158/1606 1627/2159/1607 1628/2160/1608 1629/2161/1609 
f 1555/2084/1535 1626/2158/1606 1629/2161/1609 1557/2086/1537 
f 1630/2162/1610 1559/2088/1539 1557/2086/1537 1629/2161/1609 
f 1631/2163/1611 1630/2162/1610 1629/2161/1609 1628/2160/1608 
f 1630/2162/1610 1631/2163/1611 1632/2164/1612 1633/2165/1613 
f 1559/2088/1539 1630/2162/1610 1633/2165/1613 1561/2090/1541 
f 1634/2166/1614 1563/2092/1543 1561/2090/1541 1633/2165/1613 
f 1635/2167/1615 1634/2166/1614 1633/2165/1613 1632/2164/1612 
f 1634/2166/1614 1635/2167/1615 1636/2168/1616 1637/2169/1617 
f 1563/2092/1543 1634/2166/1614 1637/2169/1617 1565/2094/1545 
f 1638/2170/1618 1567/2096/1547 1565/2094/1545 1637/2169/1617 
f 1639/2171/1619 1638/2170/1618 1637/2169/1617 1636/2168/1616 
f 1638/2170/1618 1639/2171/1619 1640/2172/1620 1641/2173/1621 
f 1567/2096/1547 1638/2170/1618 1641/2173/1621 1569/2098/1549 
f 1642/2174/1622 1571/2100/1551 1569/2098/1549 1641/2173/1621 
f 1643/2175/1623 1642/2174/1622 1641/2173/1621 1640/2172/1620 
f 1642/2174/1622 1643/2175/1623 1644/2176/1624 1645/2177/1625 
f 1571/2100/1551 1642/2174/1622 1645/2177/1625 1573/2102/1553 
f 1646/2178/1626 1575/2104/1555 1573/2102/1553 1645/2177/1625 
f 1647/2179/1627 1646/2178/1626 1645/2177/1625 1644/2176/1624 
f 1646/2178/1626 1647/2179/1627 1648/2180/1628 1649/2181/1629 
f 1575/2104/1555 1646/2178/1626 1649/2181/1629 1577/2106/1557 
f 1650/2182/1630 1579/2108/1559 1577/2106/1557 1649/2181/1629 
f 1651/2183/1631 1650/2182/1630 1649/2181/1629 1648/2180/1628 
f 1650/2182/1630 1651/2183/1631 1652/2184/1632 1653/2185/1633 
f 1579/2108/1559 1650/2182/1630 1653/2185/1633 1581/2110/1561 
f 1654/2186/1634 1583/2112/1563 1581/2110/1561 1653/2185/1633 
f 1655/2187/1635 1654/2186/1634 1653/2185/1633 1652/2184/1632 
f 1654/2186/1634 1655/2187/1635 1656/2188/1636 1657/2189/1637 
f 1583/2112/1563 1654/2186/1634 1657/2189/1637 1585/2114/1565 
f 1658/2190/1638 1587/2116/1567 1585/2114/1565 1657/2189/1637 
f 1659/2191/1639 1658/2190/1638 1657/2189/1637 1656/2188/1636 
f 1658/2190/1638 1659/2191/1639 1660/2192/1640 1661/2193/1641 
f 1587/2116/1567 1658/2190/1638 1661/2193/1641 1589/2118/1569 
f 1662/2194/1642 1591/2120/1571 1589/2118/1569 1661/2193/1641 
f 1663/2195/1643 1662/2194/1642 1661/2193/1641 1660/2192/1640 
f 1662/2194/1642 1663/2195/1643 1664/2196/1644 1665/2197/1645 
f 1591/2120/1571 1662/2194/1642 1665/2197/1645 1593/2122/1573 
f 1666/2198/1646 1595/2124/1575 1593/2122/1573 1665/2197/1645 
f 1667/2199/1647 1666/2198/1646 1665/2197/1645 1664/2196/1644 
f 1666/2198/1646 1667/2199/1647 1668/2200/1648 1669/2201/1649 
f 1595/2124/1575 1666/2198/1646 1669/2201/1649 1597/2126/1577 
f 1670/2202/1650 1599/2128/1579 1597/2126/1577 1669/2201/1649 
f 1671/2203/1651 1670/2202/1650 1669/2201/1649 1668/2200/1648 
f 1670/2202/1650 1671/2203/1651 1603/2132/1583 1601/2130/1581 
f 1599/2128/1579 1670/2202/1650 1601/2130/1581 1529/2053/1509 
f 1672/2204/1652 1602/2131/1582 1603/2132/1583 1673/2205/1653 
f 1674/2206/1654 1672/2204/1652 1673/2205/1653 1675/2207/1655 
f 1672/2204/1652 1674/2206/1654 1676/2208/1656 1677/2209/1657 
f 1602/2131/1582 1672/2204/1652 1677/2209/1657 1604/2133/1584 
f 1678/2210/1658 1674/2206/1654 1675/2207/1655 1679/2211/1659 
f 1193/1709/1176 1678/2210/1658 1679/2211/1659 1190/1706/1173 
f 1674/2206/1654 1678/2210/1658 1680/2212/1660 1676/2208/1656 
f 1681/2213/1661 1607/2136/1587 1604/2133/1584 1677/2209/1657 
f 1682/2214/1662 1681/2213/1661 1677/2209/1657 1676/2208/1656 
f 1681/2213/1661 1682/2214/1662 1683/2215/1663 1684/2216/1664 
f 1607/2136/1587 1681/2213/1661 1684/2216/1664 1608/2137/1588 
f 1685/2217/1665 1682/2214/1662 1676/2208/1656 1680/2212/1660 
f 1686/2218/1666 1687/2219/1667 1685/2217/1665 1680/2212/1660 
f 1685/2217/1665 1687/2219/1667 1195/1711/1178 1194/1710/1177 
f 1685/2217/1665 1194/1710/1177 1688/2220/1668 
f 1682/2214/1662 1685/2217/1665 1688/2220/1668 1683/2215/1663 
f 1689/2221/1669 1611/2140/1591 1608/2137/1588 1684/2216/1664 
f 1690/2222/1670 1689/2221/1669 1684/2216/1664 1683/2215/1663 
f 1689/2221/1669 1690/2222/1670 1691/2223/1671 1692/2224/1672 
f 1611/2140/1591 1689/2221/1669 1692/2224/1672 1612/2141/1592 
f 1693/2225/1673 1690/2222/1670 1683/2215/1663 1688/2220/1668 
f 1200/1716/1183 1693/2225/1673 1688/2220/1668 1194/1710/1177 
f 1693/2225/1673 1200/1716/1183 1199/1715/1182 1694/2226/1674 
f 1690/2222/1670 1693/2225/1673 1694/2226/1674 1691/2223/1671 
f 1695/2227/1675 1615/2144/1595 1612/2141/1592 1692/2224/1672 
f 1696/2228/1676 1695/2227/1675 1692/2224/1672 1691/2223/1671 
f 1695/2227/1675 1696/2228/1676 1697/2229/1677 1698/2230/1678 
f 1615/2144/1595 1695/2227/1675 1698/2230/1678 1616/2145/1596 
f 1699/2231/1679 1696/2228/1676 1691/2223/1671 1694/2226/1674 
f 1208/1724/1191 1699/2231/1679 1694/2226/1674 1199/1715/1182 
f 1699/2231/1679 1208/1724/1191 1207/1723/1190 1700/2232/1680 
f 1696/2228/1676 1699/2231/1679 1700/2232/1680 1697/2229/1677 
f 1701/2233/1681 1619/2149/1599 1616/2145/1596 1698/2230/1678 
f 1702/2234/1682 1701/2233/1681 1698/2230/1678 1697/2229/1677 
f 1701/2233/1681 1702/2234/1682 1703/2235/1683 1704/2236/1684 
f 1619/2149/1599 1701/2233/1681 1704/2236/1684 1620/2150/1600 
f 1705/2237/1685 1702/2234/1682 1697/2229/1677 1700/2232/1680 
f 1214/1730/1197 1705/2237/1685 1700/2232/1680 1207/1723/1190 
f 1705/2237/1685 1214/1730/1197 1213/1729/1196 1706/2238/1686 
f 1702/2234/1682 1705/2237/1685 1706/2238/1686 1703/2235/1683 
f 1707/2239/1687 1623/2154/1603 1620/2155/1600 1704/2240/1684 
f 1708/2241/1688 1707/2239/1687 1704/2240/1684 1703/2242/1683 
f 1707/2239/1687 1708/2241/1688 1709/2243/1689 1710/2244/1690 
f 1623/2154/1603 1707/2239/1687 1710/2244/1690 1624/2156/1604 
f 1711/2245/1691 1708/2241/1688 1703/2242/1683 1706/2246/1686 
f 1220/1738/1203 1711/2245/1691 1706/2246/1686 1213/1739/1196 
f 1711/2245/1691 1220/1738/1203 1219/1737/1202 1712/2247/1692 
f 1708/2241/1688 1711/2245/1691 1712/2247/1692 1709/2243/1689 
f 1713/2248/1693 1627/2159/1607 1624/2156/1604 1710/2244/1690 
f 1714/2249/1694 1713/2248/1693 1710/2244/1690 1709/2243/1689 
f 1713/2248/1693 1714/2249/1694 1715/2250/1695 1716/2251/1696 
f 1627/2159/1607 1713/2248/1693 1716/2251/1696 1628/2160/1608 
f 1717/2252/1697 1714/2249/1694 1709/2243/1689 1712/2247/1692 
f 1226/1745/1209 1717/2252/1697 1712/2247/1692 1219/1737/1202 
f 1717/2252/1697 1226/1745/1209 1225/1744/1208 1718/2253/1698 
f 1714/2249/1694 1717/2252/1697 1718/2253/1698 1715/2250/1695 
f 1719/2254/1699 1631/2163/1611 1628/2160/1608 1716/2251/1696 
f 1720/2255/1700 1719/2254/1699 1716/2251/1696 1715/2250/1695 
f 1719/2254/1699 1720/2255/1700 1721/2256/1701 1722/2257/1702 
f 1631/2163/1611 1719/2254/1699 1722/2257/1702 1632/2164/1612 
f 1723/2258/1703 1720/2255/1700 1715/2250/1695 1718/2253/1698 
f 1232/1751/1215 1723/2258/1703 1718/2253/1698 1225/1744/1208 
f 1723/2258/1703 1232/1751/1215 1231/1750/1214 1724/2259/1704 
f 1720/2255/1700 1723/2258/1703 1724/2259/1704 1721/2256/1701 
f 1725/2260/1705 1635/2167/1615 1632/2164/1612 1722/2257/1702 
f 1726/2261/1706 1725/2260/1705 1722/2257/1702 1721/2256/1701 
f 1725/2260/1705 1726/2261/1706 1727/2262/1707 1728/2263/1708 
f 1635/2167/1615 1725/2260/1705 1728/2263/1708 1636/2168/1616 
f 1729/2264/1709 1726/2261/1706 1721/2256/1701 1724/2259/1704 
f 1238/1757/1221 1729/2264/1709 1724/2259/1704 1231/1750/1214 
f 1729/2264/1709 1238/1757/1221 1237/1756/1220 1730/2265/1710 
f 1726/2261/1706 1729/2264/1709 1730/2265/1710 1727/2262/1707 
f 1731/2266/1711 1639/2171/1619 1636/2168/1616 1728/2263/1708 
f 1732/2267/1712 1731/2266/1711 1728/2263/1708 1727/2262/1707 
f 1731/2266/1711 1732/2267/1712 1733/2268/1713 1734/2269/1714 
f 1639/2171/1619 1731/2266/1711 1734/2269/1714 1640/2172/1620 
f 1735/2270/1715 1732/2267/1712 1727/2262/1707 1730/2265/1710 
f 1244/1763/1227 1735/2270/1715 1730/2265/1710 1237/1756/1220 
f 1735/2270/1715 1244/1763/1227 1243/1762/1226 1736/2271/1716 
f 1732/2267/1712 1735/2270/1715 1736/2271/1716 1733/2268/1713 
f 1737/2272/1717 1643/2175/1623 1640/2172/1620 1734/2269/1714 
f 1738/2273/1718 1737/2272/1717 1734/2269/1714 1733/2268/1713 
f 1737/2272/1717 1738/2273/1718 1739/2274/1719 1740/2275/1720 
f 1643/2175/1623 1737/2272/1717 1740/2275/1720 1644/2176/1624 
f 1741/2276/1721 1738/2273/1718 1733/2268/1713 1736/2271/1716 
f 1250/1769/1233 1741/2276/1721 1736/2271/1716 1243/1762/1226 
f 1741/2276/1721 1250/1769/1233 1249/1768/1232 1742/2277/1722 
f 1738/2273/1718 1741/2276/1721 1742/2277/1722 1739/2274/1719 
f 1743/2278/1723 1647/2179/1627 1644/2176/1624 1740/2275/1720 
f 1744/2279/1724 1743/2278/1723 1740/2275/1720 1739/2274/1719 
f 1743/2278/1723 1744/2279/1724 1745/2280/1725 1746/2281/1726 
f 1647/2179/1627 1743/2278/1723 1746/2281/1726 1648/2180/1628 
f 1747/2282/1727 1744/2279/1724 1739/2274/1719 1742/2277/1722 
f 1256/1775/1239 1747/2282/1727 1742/2277/1722 1249/1768/1232 
f 1747/2282/1727 1256/1775/1239 1255/1774/1238 1748/2283/1728 
f 1744/2279/1724 1747/2282/1727 1748/2283/1728 1745/2280/1725 
f 1749/2284/1729 1651/2183/1631 1648/2180/1628 1746/2281/1726 
f 1750/2285/1730 1749/2284/1729 1746/2281/1726 1745/2280/1725 
f 1749/2284/1729 1750/2285/1730 1751/2286/1731 1752/2287/1732 
f 1651/2183/1631 1749/2284/1729 1752/2287/1732 1652/2184/1632 
f 1753/2288/1733 1750/2285/1730 1745/2280/1725 1748/2283/1728 
f 1262/1781/1245 1753/2288/1733 1748/2283/1728 1255/1774/1238 
f 1753/2288/1733 1262/1781/1245 1261/1780/1244 1754/2289/1734 
f 1750/2285/1730 1753/2288/1733 1754/2289/1734 1751/2286/1731 
f 1755/2290/1735 1655/2187/1635 1652/2184/1632 1752/2287/1732 
f 1756/2291/1736 1755/2290/1735 1752/2287/1732 1751/2286/1731 
f 1755/2290/1735 1756/2291/1736 1757/2292/1737 1758/2293/1738 
f 1655/2187/1635 1755/2290/1735 1758/2293/1738 1656/2188/1636 
f 1759/2294/1739 1756/2291/1736 1751/2286/1731 1754/2289/1734 
f 1268/1787/1251 1759/2294/1739 1754/2289/1734 1261/1780/1244 
f 1759/2294/1739 1268/1787/1251 1267/1786/1250 1760/2295/1740 
f 1756/2291/1736 1759/2294/1739 1760/2295/1740 1757/2292/1737 
f 1761/2296/1741 1659/2191/1639 1656/2188/1636 1758/2293/1738 
f 1762/2297/1742 1761/2296/1741 1758/2293/1738 1757/2292/1737 
f 1761/2296/1741 1762/2297/1742 1763/2298/1743 1764/2299/1744 
f 1659/2191/1639 1761/2296/1741 1764/2299/1744 1660/2192/1640 
f 1765/2300/1745 1762/2297/1742 1757/2292/1737 1760/2295/1740 
f 1274/1793/1257 1765/2300/1745 1760/2295/1740 1267/1786/1250 
f 1765/2300/1745 1274/1793/1257 1273/1792/1256 1766/2301/1746 
f 1762/2297/1742 1765/2300/1745 1766/2301/1746 1763/2298/1743 
f 1767/2302/1747 1663/2195/1643 1660/2192/1640 1764/2299/1744 
f 1768/2303/1748 1767/2302/1747 1764/2299/1744 1763/2298/1743 
f 1767/2302/1747 1768/2303/1748 1769/2304/1749 1770/2305/1750 
f 1663/2195/1643 1767/2302/1747 1770/2305/1750 1664/2196/1644 
f 1771/2306/1751 1768/2303/1748 1763/2298/1743 1766/2301/1746 
f 1280/1799/1263 1771/2306/1751 1766/2301/1746 1273/1792/1256 
f 1771/2306/1751 1280/1799/1263 1279/1798/1262 1772/2307/1752 
f 1768/2303/1748 1771/2306/1751 1772/2307/1752 1769/2304/1749 
f 1773/2308/1753 1667/2199/1647 1664/2196/1644 1770/2305/1750 
f 1774/2309/1754 1773/2308/1753 1770/2305/1750 1769/2304/1749 
f 1773/2308/1753 1774/2309/1754 1775/2310/1755 1776/2311/1756 
f 1667/2199/1647 1773/2308/1753 1776/2311/1756 1668/2200/1648 
f 1777/2312/1757 1774/2309/1754 1769/2304/1749 1772/2307/1752 
f 1286/1805/1269 1777/2312/1757 1772/2307/1752 1279/1798/1262 
f 1777/2312/1757 1286/1805/1269 1285/1804/1268 1778/2313/1758 
f 1774/2309/1754 1777/2312/1757 1778/2313/1758 1775/2310/1755 
f 1779/2314/1759 1671/2203/1651 1668/2200/1648 1776/2311/1756 
f 1780/2315/1760 1779/2314/1759 1776/2311/1756 1775/2310/1755 
f 1779/2314/1759 1780/2315/1760 1675/2207/1655 1673/2205/1653 
f 1671/2203/1651 1779/2314/1759 1673/2205/1653 1603/2132/1583 
f 1781/2316/1761 1780/2315/1760 1775/2310/1755 1778/2313/1758 
f 1290/1810/1274 1781/2316/1761 1778/2313/1758 1285/1804/1268 
f 1781/2316/1761 1290/1810/1274 1190/1706/1173 1679/2211/1659 
f 1780/2315/1760 1781/2316/1761 1679/2211/1659 1675/2207/1655 
f 1132/1647/1114 1782/2317/1762 1783/2318/1763 1784/2319/1764 
f 1132/1647/1114 1784/2319/1764 1785/2320/1765 
f 1425/1947/1405 1783/2318/1763 1782/2317/1762 1426/1948/1406 
f 1786/2321/1766 1433/2322/1413 1426/2323/1406 1782/2324/1762 
f 1131/2325/1113 1786/2321/1766 1782/2324/1762 1132/2326/1114 
f 1787/2327/1767 1136/1651/1118 1135/1650/1117 1788/2328/1768 
f 1451/1975/1431 1787/2327/1767 1788/2328/1768 1452/1976/1432 
f 1789/2329/1769 1142/1657/1124 1141/1656/1123 1790/2330/1770 
f 1459/1983/1439 1789/2329/1769 1790/2330/1770 1460/1984/1440 
f 1789/2329/1769 1459/1983/1439 1452/1976/1432 1788/2328/1768 
f 1142/1657/1124 1789/2329/1769 1788/2328/1768 1135/1650/1117 
f 1791/2331/1771 1150/1665/1132 1149/1664/1131 1792/2332/1772 
f 1467/1991/1447 1791/2331/1771 1792/2332/1772 1468/1992/1448 
f 1791/2331/1771 1467/1991/1447 1460/1984/1440 1790/2330/1770 
f 1150/1665/1132 1791/2331/1771 1790/2330/1770 1141/1656/1123 
f 1793/2333/1773 1156/1671/1138 1155/1670/1137 1794/2334/1774 
f 1475/1999/1455 1793/2333/1773 1794/2334/1774 1476/2000/1456 
f 1793/2333/1773 1475/1999/1455 1468/1992/1448 1792/2332/1772 
f 1156/1671/1138 1793/2333/1773 1792/2332/1772 1149/1664/1131 
f 1795/2335/1775 1162/1677/1144 1161/1676/1143 1796/2336/1776 
f 1483/2007/1463 1795/2335/1775 1796/2336/1776 1484/2008/1464 
f 1795/2335/1775 1483/2007/1463 1476/2000/1456 1794/2334/1774 
f 1162/1677/1144 1795/2335/1775 1794/2334/1774 1155/1670/1137 
f 1797/2337/1777 1168/1683/1150 1167/1682/1149 1798/2338/1778 
f 1491/2015/1471 1797/2337/1777 1798/2338/1778 1492/2016/1472 
f 1797/2337/1777 1491/2015/1471 1484/2008/1464 1796/2336/1776 
f 1168/1683/1150 1797/2337/1777 1796/2336/1776 1161/1676/1143 
f 1799/2339/1779 1174/1689/1156 1173/1688/1155 1800/2340/1780 
f 1499/2023/1479 1799/2339/1779 1800/2340/1780 1500/2024/1480 
f 1799/2339/1779 1499/2023/1479 1492/2016/1472 1798/2338/1778 
f 1174/1689/1156 1799/2339/1779 1798/2338/1778 1167/1682/1149 
f 1801/2341/1781 1180/1695/1162 1179/1694/1161 1802/2342/1782 
f 1507/2031/1487 1801/2341/1781 1802/2342/1782 1508/2032/1488 
f 1801/2341/1781 1507/2031/1487 1500/2024/1480 1800/2340/1780 
f 1180/1695/1162 1801/2341/1781 1800/2340/1780 1173/1688/1155 
f 1803/2343/1783 1187/1702/1169 1186/1701/1168 1804/2344/1784 
f 1515/2039/1495 1803/2343/1783 1804/2344/1784 1516/2040/1496 
f 1803/2343/1783 1515/2039/1495 1508/2032/1488 1802/2342/1782 
f 1187/1702/1169 1803/2343/1783 1802/2342/1782 1179/1694/1161 
f 1805/2345/1785 1523/2047/1503 1516/2040/1496 1804/2344/1784 
f 1189/1704/1171 1805/2345/1785 1804/2344/1784 1186/1701/1168 
f 1334/1854/1318 1806/2346/1786 1807/2347/1787 1318/1838/1302 
f 1334/1854/1318 1808/2348/1788 1806/2346/1786 
f 1122/1637/1104 1121/1636/1103 1116/1631/1099 1118/1633/1101 
f 1809/2349/1789 1128/1643/1110 1129/1644/1111 
f 1810/2350/1790 1193/1709/1176 1192/1708/1175 
f 1811/2351/1791 1197/1713/1180 1201/1717/1184 
f 1811/2351/1791 1356/1876/1336 1203/1719/1186 1198/1714/1181 
f 1811/2351/1791 1198/1714/1181 1197/1713/1180 
f 1809/2349/1789 1808/2348/1788 1334/1854/1318 1333/1853/1317 
f 1809/2349/1789 1333/1853/1317 1128/1643/1110 
f 1340/1860/1324 1337/1857/1321 1336/1856/1320 1812/2352/1792 
f 1813/2353/1793 1348/1868/1328 1350/1870/1330 
f 1813/2353/1793 1351/1871/1331 1111/1626/1096 1109/1624/1094 
f 1813/2353/1793 1109/1624/1094 1348/1868/1328 
f 1117/1632/1100 1115/1630/1098 1352/1872/1332 
f 1814/2354/1794 1339/1859/1323 1341/1861/1325 
f 1342/1862/1326 1339/1859/1323 1814/2354/1794 1353/1873/1333 
f 1355/1875/1335 1346/1866/1286 1345/1865/1285 1354/1874/1334 
f 1361/1881/1341 1358/1878/1338 1357/1877/1337 
f 1289/1808/1272 1288/1807/1271 1418/1940/1398 
f 1815/2355/1795 1420/1942/1400 1360/1880/1340 1362/1882/1342 
f 1816/2356/1796 1421/1943/1401 1420/1942/1400 1815/2355/1795 
f 1817/2357/1797 1424/1946/1404 1421/1943/1401 1816/2356/1796 
f 1818/2358/1798 1425/1947/1405 1424/1946/1404 1817/2357/1797 
f 1522/2046/1502 1523/2047/1503 1819/2359/1799 1820/2360/1800 
f 1820/2360/1800 1526/2050/1506 1520/2044/1500 1519/2043/1499 
f 1820/2360/1800 1519/2043/1499 1522/2046/1502 
f 1810/2350/1790 1686/2218/1666 1680/2212/1660 1678/2210/1658 
f 1810/2350/1790 1678/2210/1658 1193/1709/1176 
f 1821/2361/1801 1783/2318/1763 1425/1947/1405 1818/2358/1798 
f 1784/2319/1764 1783/2318/1763 1821/2361/1801 
f 1805/2345/1785 1189/1704/1171 1822/2362/1802 1823/2363/1803 
f 1523/2047/1503 1805/2345/1785 1823/2363/1803 1819/2359/1799 
f 1133/1648/1115 1132/1647/1114 1785/2320/1765 
f 1185/1705/1172 1185/1700/1167 1184/1699/1166 
f 1822/2362/1802 1189/1704/1171 1188/1703/1170 
f 1319/1839/1303 1318/1838/1302 1807/2347/1787 1320/1840/1304 
s off
f 1806/2364/1786 1808/2365/1788 1809/2366/1789 1127/2367/1109 
f 1809/2366/1789 1129/2368/1111 1127/2367/1109 
f 1127/2367/1109 1123/2369/1105 1122/2370/1104 1351/2371/1331 
f 1122/2370/1104 1118/2372/1101 1117/2373/1100 1351/2371/1331 
f 1117/2373/1100 1352/2374/1332 1351/2371/1331 
f 1813/2375/1793 1350/2376/1330 1349/2377/1329 1351/2371/1331 
f 1349/2377/1329 1355/2378/1335 1354/2379/1334 1814/2380/1794 
f 1354/2379/1334 1353/2381/1333 1814/2380/1794 
f 1351/2371/1331 1349/2377/1329 1814/2380/1794 1127/2367/1109 
f 1341/2382/1325 1340/2383/1324 1812/2384/1792 1133/2385/1115 
f 1812/2384/1792 1134/2386/1116 1133/2385/1115 
f 1814/2380/1794 1341/2382/1325 1133/2385/1115 1818/2387/1798 
f 1784/2388/1764 1821/2389/1801 1818/2387/1798 1785/2390/1765 
f 1133/2385/1115 1785/2390/1765 1818/2387/1798 
f 1127/2367/1109 1814/2380/1794 1818/2387/1798 1192/2391/1175 
f 1818/2387/1798 1817/2392/1797 1816/2393/1796 1362/2394/1342 
f 1816/2393/1796 1815/2395/1795 1362/2394/1342 
f 1818/2387/1798 1362/2394/1342 1361/2396/1341 1195/2397/1178 
f 1357/2398/1337 1356/2399/1336 1811/2400/1791 1361/2396/1341 
f 1201/2401/1184 1196/2402/1179 1195/2397/1178 1811/2400/1791 
f 1361/2396/1341 1811/2400/1791 1195/2397/1178 
f 1195/2397/1178 1687/2403/1667 1686/2404/1666 1810/2405/1790 
f 1195/2397/1178 1810/2405/1790 1192/2391/1175 1818/2387/1798 
f 1127/2367/1109 1192/2391/1175 1191/2406/1174 1191/2407/1273 
f 1289/2408/1272 1418/2409/1398 1417/2410/1397 1524/2411/1504 
f 1417/2410/1397 1419/2412/1399 1524/2411/1504 
f 1524/2411/1504 1525/2413/1505 1526/2414/1506 1819/2415/1799 
f 1526/2414/1506 1820/2416/1800 1819/2415/1799 
f 1289/2408/1272 1524/2411/1504 1819/2415/1799 1191/2407/1273 
f 1127/2367/1109 1191/2407/1273 1819/2415/1799 1183/2417/1165 
f 1819/2415/1799 1823/2418/1803 1822/2419/1802 1188/2420/1170 
f 1185/2421/1172 1184/2422/1166 1183/2417/1165 1188/2420/1170 
f 1819/2415/1799 1188/2420/1170 1183/2417/1165 
f 1806/2364/1786 1127/2367/1109 1183/2417/1165 1320/2423/1304 
f 1183/2417/1165 1182/2424/1164 1320/2423/1304 
f 1806/2364/1786 1320/2423/1304 1807/2425/1787 
s 2
f 1096/1611/1084 1093/1608/1083 1092/1607/1082 1335/1855/1319 
f 1824/2426/1804 1131/1646/1113 1130/1645/1112 
f 1825/2427/1805 1139/1654/1121 1143/1658/1125 
f 1825/2427/1805 1295/1815/1279 1145/1660/1127 1140/1655/1122 
f 1825/2427/1805 1140/1655/1122 1139/1654/1121 
f 1432/1954/1412 1433/1955/1413 1826/2428/1806 1827/2429/1807 
f 1827/2429/1807 1437/2430/1417 1430/1952/1410 1429/1951/1409 
f 1827/2429/1807 1429/1951/1409 1432/1954/1412 
f 1438/1962/1418 1371/1893/1351 1370/1891/1350 1435/1958/1415 
f 1449/1973/1429 1443/1967/1423 1442/1966/1422 
f 1828/2431/1808 1451/1975/1431 1448/1972/1428 1450/1974/1430 
f 1786/2321/1766 1131/2325/1113 1824/2432/1804 1829/2433/1809 
f 1433/2322/1413 1786/2321/1766 1829/2433/1809 1826/2434/1806 
f 1830/2435/1810 1787/2327/1767 1451/1975/1431 1828/2431/1808 
f 1831/2436/1811 1136/1651/1118 1787/2327/1767 1830/2435/1810 
f 1137/1652/1119 1136/1651/1118 1831/2436/1811 
s off
f 1826/2437/1806 1829/2438/1809 1824/2439/1804 1437/2440/1417 
f 1824/2439/1804 1130/2441/1112 1134/2442/1116 1336/2443/1320 
f 1134/2442/1116 1812/2444/1792 1336/2443/1320 
f 1092/2445/1082 1091/2446/1081 1322/2447/1306 1335/2448/1319 
f 1322/2447/1306 1293/2449/1277 1292/2450/1276 1825/2451/1805 
f 1292/2450/1276 1295/2452/1279 1825/2451/1805 
f 1335/2448/1319 1322/2447/1306 1825/2451/1805 1336/2443/1320 
f 1825/2451/1805 1143/2453/1125 1138/2454/1120 1831/2455/1811 
f 1138/2454/1120 1137/2456/1119 1831/2455/1811 
f 1831/2455/1811 1830/2457/1810 1828/2458/1808 1449/2459/1429 
f 1828/2458/1808 1450/2460/1430 1449/2459/1429 
f 1825/2451/1805 1831/2455/1811 1449/2459/1429 1437/2440/1417 
f 1449/2459/1429 1442/2461/1422 1441/2462/1421 1438/2463/1418 
f 1441/2462/1421 1439/2464/1419 1438/2463/1418 
f 1438/2463/1418 1435/2465/1415 1434/2466/1414 1437/2440/1417 
f 1434/2466/1414 1436/2467/1416 1437/2440/1417 
f 1449/2459/1429 1438/2463/1418 1437/2440/1417 
f 1336/2443/1320 1825/2451/1805 1437/2440/1417 1824/2439/1804 
f 1826/2437/1806 1437/2440/1417 1827/2468/1807 
# 708 polygons - 66 triangles

#
# object Cylinder001_frag_007_frag_004
#

v  0.2435 -0.2125 0.3303
v  0.1822 -0.3049 0.3940
v  0.1802 -0.3036 0.3940
v  0.2409 -0.2108 0.3302
v  0.1753 -0.2999 0.3948
v  0.1233 -0.3907 0.4535
v  0.1184 -0.3870 0.4544
v  0.1710 -0.2958 0.3965
v  0.1140 -0.3829 0.4561
v  0.2316 -0.2030 0.3328
v  0.2360 -0.2070 0.3310
v  0.1672 -0.2916 0.3991
v  0.1103 -0.3787 0.4587
v  0.1643 -0.2874 0.4025
v  0.1073 -0.3744 0.4621
v  0.2248 -0.1945 0.3388
v  0.2278 -0.1987 0.3354
v  0.1621 -0.2832 0.4065
v  0.1051 -0.3702 0.4661
v  0.1609 -0.2792 0.4111
v  0.1039 -0.3662 0.4707
v  0.2214 -0.1863 0.3474
v  0.2227 -0.1903 0.3428
v  0.1606 -0.2756 0.4162
v  0.1036 -0.3626 0.4758
v  0.1612 -0.2724 0.4214
v  0.1042 -0.3594 0.4811
v  0.2218 -0.1794 0.3578
v  0.2211 -0.1826 0.3525
v  0.1628 -0.2698 0.4268
v  0.1058 -0.3567 0.4865
v  0.1652 -0.2677 0.4321
v  0.1083 -0.3547 0.4918
v  0.2258 -0.1747 0.3685
v  0.2234 -0.1768 0.3632
v  0.1685 -0.2664 0.4372
v  0.1116 -0.3533 0.4969
v  0.1725 -0.2657 0.4419
v  0.1155 -0.3527 0.5016
v  0.2331 -0.1727 0.3783
v  0.2291 -0.1734 0.3736
v  0.1190 -0.3528 0.5048
v  0.1764 -0.2658 0.4455
v  0.0093 -0.5127 0.6105
v  0.0098 -0.5167 0.6051
v  0.0146 -0.5215 0.6026
v  0.0134 -0.5137 0.6129
v  0.0110 -0.5121 0.6130
v  0.0048 -0.5197 0.5960
v  0.0154 -0.5271 0.5953
v  0.0045 -0.5144 0.6034
v  0.0023 -0.5151 0.6003
v  0.0029 -0.5248 0.5867
v  0.0160 -0.5309 0.5903
v  -0.0033 -0.5181 0.5906
v  -0.0037 -0.5255 0.5794
v  0.0042 -0.5314 0.5783
v  0.0165 -0.5343 0.5858
v  0.0087 -0.5388 0.5719
v  0.0171 -0.5383 0.5806
v  0.0001 -0.5344 0.5699
v  0.0074 -0.5437 0.5634
v  0.0158 -0.5460 0.5681
v  0.0180 -0.5447 0.5722
v  0.0175 -0.5522 0.5606
v  0.0192 -0.5522 0.5622
v  0.0507 -0.4328 0.5241
v  0.0512 -0.4302 0.5284
v  0.0567 -0.4233 0.5261
v  0.0603 -0.4194 0.5232
v  0.0596 -0.4230 0.5173
v  0.0510 -0.4370 0.5182
v  0.0599 -0.4270 0.5117
v  0.0419 -0.4468 0.5245
v  0.0415 -0.4423 0.5307
v  0.0525 -0.4417 0.5128
v  0.0613 -0.4315 0.5066
v  0.0550 -0.4466 0.5080
v  0.0637 -0.4361 0.5021
v  0.0461 -0.4570 0.5137
v  0.0435 -0.4518 0.5188
v  0.0585 -0.4516 0.5041
v  0.0670 -0.4409 0.4984
v  0.0629 -0.4566 0.5010
v  0.0712 -0.4456 0.4955
v  0.0545 -0.4676 0.5063
v  0.0499 -0.4623 0.5095
v  0.0681 -0.4613 0.4990
v  0.0760 -0.4501 0.4935
v  0.0738 -0.4657 0.4980
v  0.0815 -0.4542 0.4926
v  0.0660 -0.4773 0.5031
v  0.0600 -0.4726 0.5041
v  0.0843 -0.4560 0.4927
v  0.0774 -0.4681 0.4981
v  -0.0008 -0.4887 0.5361
v  -0.0008 -0.4885 0.5364
v  0.0005 -0.4879 0.5380
v  0.0008 -0.4889 0.5369
v  0.0032 -0.4963 0.5287
v  0.0046 -0.4963 0.5297
v  0.0009 -0.4963 0.5271
v  -0.0027 -0.4892 0.5339
v  -0.0012 -0.4886 0.5359
v  0.0087 -0.5041 0.5225
v  0.0099 -0.5039 0.5237
v  0.0155 -0.5119 0.5178
v  0.0166 -0.5115 0.5190
v  0.0138 -0.5125 0.5157
v  0.0067 -0.5044 0.5207
v  0.0235 -0.5193 0.5146
v  0.0244 -0.5187 0.5160
v  0.0324 -0.5262 0.5131
v  0.0331 -0.5254 0.5145
v  0.0314 -0.5274 0.5108
v  0.0221 -0.5202 0.5124
v  0.0420 -0.5323 0.5133
v  0.0424 -0.5313 0.5147
v  0.0456 -0.5330 0.5153
v  0.0456 -0.5342 0.5140
v  0.0414 -0.5337 0.5111
v  -0.0189 -0.5074 0.5261
v  -0.0226 -0.5130 0.5297
v  -0.0239 -0.5106 0.5320
v  -0.0201 -0.5050 0.5285
v  -0.0156 -0.5229 0.5219
v  -0.0119 -0.5174 0.5182
v  -0.0069 -0.5328 0.5158
v  -0.0031 -0.5272 0.5122
v  -0.0104 -0.5383 0.5197
v  -0.0191 -0.5285 0.5258
v  -0.0261 -0.5185 0.5337
v  0.0033 -0.5423 0.5117
v  0.0071 -0.5367 0.5081
v  0.0147 -0.5511 0.5098
v  0.0184 -0.5454 0.5062
v  0.0112 -0.5565 0.5138
v  -0.0002 -0.5478 0.5157
v  0.0264 -0.5505 0.5064
v  0.0226 -0.5561 0.5100
v  0.0058 -0.4856 0.5359
v  0.0106 -0.4820 0.5343
v  0.0141 -0.4888 0.5277
v  0.0095 -0.4927 0.5290
v  0.0032 -0.4876 0.5366
v  0.0069 -0.4948 0.5296
v  0.0026 -0.4859 0.5386
v  0.0051 -0.4833 0.5386
v  0.0095 -0.4785 0.5383
v  0.0146 -0.5000 0.5233
v  0.0190 -0.4958 0.5222
v  0.0250 -0.5026 0.5180
v  0.0209 -0.5071 0.5189
v  0.0121 -0.5023 0.5237
v  0.0186 -0.5096 0.5192
v  0.0283 -0.5140 0.5159
v  0.0322 -0.5092 0.5152
v  0.0401 -0.5153 0.5138
v  0.0366 -0.5204 0.5145
v  0.0262 -0.5166 0.5162
v  0.0347 -0.5232 0.5148
v  0.0455 -0.5260 0.5147
v  0.0438 -0.5290 0.5150
v  0.0486 -0.5208 0.5140
v  0.5105 0.2047 0.0181
v  0.5193 0.1991 0.0183
v  0.3817 -0.0084 0.1786
v  0.3752 -0.0042 0.1785
v  0.6458 0.4136 -0.1422
v  0.6518 0.4098 -0.1421
v  0.6114 0.3380 -0.0890
v  0.5023 0.2110 0.0195
v  0.3691 0.0005 0.1795
v  0.4949 0.2179 0.0225
v  0.3636 0.0056 0.1817
v  0.6262 0.4301 -0.1368
v  0.6355 0.4215 -0.1405
v  0.4886 0.2250 0.0268
v  0.3589 0.0109 0.1850
v  0.4836 0.2322 0.0325
v  0.3551 0.0163 0.1892
v  0.6120 0.4480 -0.1242
v  0.6183 0.4390 -0.1313
v  0.4799 0.2392 0.0393
v  0.3524 0.0215 0.1943
v  0.4783 0.2444 0.0454
v  0.5914 0.4295 -0.0961
v  0.6078 0.4562 -0.1163
v  0.9555 0.9408 -0.4950
v  0.9659 0.9312 -0.4991
v  0.8027 0.6814 -0.3278
v  0.7924 0.6910 -0.3237
v  1.1733 1.2486 -0.7166
v  1.1528 1.2426 -0.7018
v  1.1644 1.2568 -0.7131
v  1.1787 1.2444 -0.7175
v  0.9734 0.9254 -0.5004
v  0.9467 0.9508 -0.4888
v  0.7835 0.7010 -0.3176
v  0.9399 0.9604 -0.4813
v  1.0510 1.1105 -0.5983
v  0.7345 0.5768 -0.2556
v  0.7138 0.5447 -0.2328
v  0.7036 0.5542 -0.2288
v  0.7242 0.5863 -0.2516
v  0.7154 0.5962 -0.2454
v  0.6949 0.5640 -0.2227
v  0.6879 0.5739 -0.2149
v  0.7083 0.6063 -0.2375
v  0.7764 0.7111 -0.3096
v  0.7046 0.5043 -0.2114
v  0.7051 0.5039 -0.2114
v  0.7132 0.5177 -0.2212
v  0.6934 0.5129 -0.2095
v  0.6834 0.5222 -0.2055
v  0.6748 0.5318 -0.1996
v  0.6680 0.5416 -0.1919
v  0.3164 -0.0949 0.2477
v  0.3210 -0.0978 0.2478
v  0.2996 -0.1290 0.2711
v  0.2958 -0.1266 0.2710
v  0.3493 -0.0574 0.2163
v  0.3111 -0.0908 0.2486
v  0.2907 -0.1227 0.2719
v  0.2862 -0.1185 0.2737
v  0.3064 -0.0864 0.2504
v  0.3024 -0.0819 0.2532
v  0.2823 -0.1141 0.2764
v  0.2792 -0.1096 0.2799
v  0.2991 -0.0773 0.2569
v  0.2968 -0.0728 0.2613
v  0.2770 -0.1053 0.2841
v  0.2757 -0.1012 0.2889
v  0.2955 -0.0685 0.2662
v  0.3508 0.0265 0.2001
v  0.2952 -0.0645 0.2716
v  0.3505 0.0311 0.2064
v  0.2754 -0.0974 0.2941
v  0.2760 -0.0941 0.2996
v  0.2958 -0.0611 0.2773
v  0.3334 0.0040 0.2338
v  0.3509 0.0335 0.2103
v  0.2976 -0.0582 0.2832
v  0.3075 -0.0410 0.2719
v  0.2777 -0.0913 0.3052
v  0.2802 -0.0892 0.3107
v  0.2941 -0.0663 0.2956
v  0.2995 -0.0567 0.2873
v  0.2836 -0.0878 0.3160
v  0.2942 -0.0704 0.3047
v  0.2750 -0.1585 0.2939
v  0.2782 -0.1605 0.2939
v  0.2701 -0.1547 0.2947
v  0.2656 -0.1506 0.2965
v  0.2618 -0.1463 0.2991
v  0.2588 -0.1420 0.3025
v  0.2566 -0.1377 0.3066
v  0.2553 -0.1337 0.3113
v  0.2550 -0.1300 0.3164
v  0.2557 -0.1267 0.3218
v  0.2573 -0.1241 0.3272
v  0.2598 -0.1220 0.3326
v  0.2631 -0.1206 0.3378
v  0.2672 -0.1200 0.3426
v  0.2728 -0.1110 0.3366
v  0.2860 -0.0874 0.3188
v  0.0392 -0.4446 0.5323
v  0.0417 -0.4417 0.5317
v  0.0352 -0.4605 0.5237
v  0.0380 -0.4660 0.5184
v  0.0270 -0.4684 0.5279
v  0.0300 -0.4743 0.5222
v  0.0252 -0.4628 0.5344
v  0.0335 -0.4553 0.5298
v  0.0420 -0.4717 0.5139
v  0.0469 -0.4772 0.5105
v  0.0342 -0.4803 0.5175
v  0.0395 -0.4862 0.5138
v  0.0527 -0.4826 0.5082
v  0.0591 -0.4875 0.5071
v  0.0457 -0.4919 0.5114
v  0.0525 -0.4972 0.5102
v  0.0649 -0.4912 0.5073
v  0.0596 -0.5017 0.5104
v  0.0707 -0.4802 0.5032
v  0.0182 -0.4759 0.5316
v  0.0215 -0.4823 0.5254
v  0.0166 -0.4707 0.5375
v  0.0198 -0.4671 0.5369
v  0.0260 -0.4888 0.5203
v  0.0317 -0.4952 0.5163
v  0.0384 -0.5013 0.5137
v  0.0458 -0.5070 0.5124
v  0.0538 -0.5121 0.5126
v  0.0579 -0.5052 0.5111
v  0.0882 -0.4442 0.4876
v  0.0903 -0.4455 0.4877
v  0.0943 -0.4349 0.4826
v  0.0960 -0.4360 0.4826
v  0.0830 -0.4402 0.4885
v  0.0783 -0.4359 0.4903
v  0.0893 -0.4310 0.4835
v  0.0848 -0.4269 0.4852
v  0.0743 -0.4314 0.4931
v  0.0712 -0.4268 0.4967
v  0.0809 -0.4225 0.4879
v  0.0778 -0.4181 0.4914
v  0.0689 -0.4224 0.5010
v  0.0675 -0.4181 0.5059
v  0.0756 -0.4138 0.4956
v  0.0743 -0.4097 0.5003
v  0.0672 -0.4143 0.5113
v  0.0679 -0.4109 0.5169
v  0.0740 -0.4059 0.5055
v  0.0747 -0.4026 0.5110
v  0.0763 -0.3999 0.5165
v  0.0702 -0.4073 0.5221
v  0.0784 -0.3982 0.5209
v  0.1004 -0.4258 0.4772
v  0.1018 -0.4267 0.4772
v  0.1248 -0.3917 0.4536
v  0.0954 -0.4220 0.4780
v  0.0910 -0.4179 0.4797
v  0.0872 -0.4136 0.4824
v  0.0842 -0.4093 0.4858
v  0.0820 -0.4051 0.4899
v  0.0807 -0.4010 0.4945
v  0.0804 -0.3974 0.4996
v  0.0811 -0.3941 0.5050
v  0.0810 -0.3949 0.5199
v  0.0852 -0.3894 0.5158
v  0.0827 -0.3914 0.5104
v  0.0885 -0.3880 0.5210
v  0.0861 -0.3912 0.5234
v  0.0844 -0.3961 0.5298
v  0.0863 -0.3957 0.5321
v  0.0925 -0.3874 0.5257
v  0.0959 -0.3875 0.5288
v  0.0900 -0.3958 0.5355
v  1.1983 1.2690 -0.7315
v  1.1913 1.2744 -0.7303
v  1.1929 1.2762 -0.7301
v  1.1972 1.2757 -0.7304
v  1.2026 1.2715 -0.7313
v  1.1895 1.2761 -0.7296
v  1.1884 1.2708 -0.7298
v  1.1839 1.2750 -0.7281
v  1.1794 1.2729 -0.7260
v  1.1856 1.2671 -0.7285
v  1.1828 1.2630 -0.7263
v  1.1755 1.2698 -0.7234
v  -0.0149 -0.5216 0.5744
v  -0.0149 -0.5213 0.5748
v  -0.0153 -0.5214 0.5742
v  -0.0237 -0.5247 0.5610
v  -0.0131 -0.5274 0.5677
v  -0.0238 -0.5243 0.5615
v  -0.0100 -0.5334 0.5618
v  -0.0198 -0.5323 0.5537
v  -0.0056 -0.5396 0.5569
v  -0.0144 -0.5400 0.5476
v  -0.0002 -0.5458 0.5531
v  -0.0076 -0.5477 0.5429
v  0.0062 -0.5517 0.5506
v  0.0003 -0.5550 0.5397
v  0.0133 -0.5571 0.5494
v  0.0092 -0.5618 0.5382
v  0.0187 -0.5679 0.5384
v  0.0207 -0.5624 0.5487
v  0.0206 -0.5618 0.5496
v  0.0219 -0.5696 0.5391
v  -0.0088 -0.5133 0.5159
v  -0.0157 -0.5035 0.5237
v  -0.0059 -0.5104 0.5149
v  -0.0128 -0.5006 0.5226
v  0.0026 -0.5200 0.5090
v  -0.0001 -0.5231 0.5099
v  0.0100 -0.5325 0.5059
v  0.0125 -0.5292 0.5050
v  0.0236 -0.5377 0.5031
v  0.0213 -0.5412 0.5040
v  0.0297 -0.5466 0.5042
v  0.0331 -0.5437 0.5034
v  -0.0251 -0.5312 0.5488
v  -0.0243 -0.5245 0.5606
v  -0.0280 -0.5255 0.5544
v  -0.0190 -0.5398 0.5420
v  -0.0212 -0.5390 0.5385
v  -0.0275 -0.5299 0.5457
v  -0.0132 -0.5480 0.5330
v  -0.0115 -0.5483 0.5368
v  -0.0027 -0.5565 0.5333
v  -0.0039 -0.5566 0.5293
v  0.0065 -0.5646 0.5275
v  0.0072 -0.5641 0.5316
v  0.0177 -0.5708 0.5319
v  0.0176 -0.5717 0.5278
v  -0.0029 -0.5080 0.5149
v  -0.0096 -0.4985 0.5224
v  0.0003 -0.5062 0.5160
v  -0.0061 -0.4971 0.5232
v  0.0082 -0.5152 0.5105
v  0.0053 -0.5173 0.5092
v  0.0037 -0.5051 0.5182
v  -0.0024 -0.4965 0.5250
v  0.0112 -0.5136 0.5130
v  0.0150 -0.5263 0.5053
v  0.0175 -0.5238 0.5068
v  0.0279 -0.5318 0.5051
v  0.0258 -0.5346 0.5035
v  0.0200 -0.5218 0.5095
v  0.0299 -0.5293 0.5078
v  0.0369 -0.5417 0.5037
v  0.0391 -0.5389 0.5053
v  0.0378 -0.5414 0.5041
v  0.0404 -0.5361 0.5081
v  -0.0222 -0.5375 0.5352
v  -0.0289 -0.5281 0.5426
v  -0.0223 -0.5353 0.5320
v  -0.0291 -0.5256 0.5397
v  -0.0138 -0.5449 0.5261
v  -0.0140 -0.5469 0.5294
v  -0.0213 -0.5325 0.5290
v  -0.0282 -0.5226 0.5368
v  -0.0126 -0.5422 0.5230
v  -0.0043 -0.5558 0.5256
v  -0.0038 -0.5542 0.5221
v  0.0073 -0.5627 0.5203
v  0.0065 -0.5641 0.5237
v  -0.0025 -0.5516 0.5190
v  0.0088 -0.5603 0.5171
v  0.0178 -0.5714 0.5240
v  0.0181 -0.5716 0.5244
v  0.0169 -0.5689 0.5205
v  0.0174 -0.5658 0.5173
v  0.0193 -0.5617 0.5140
v  0.0018 -0.4886 0.5370
v  0.0056 -0.4959 0.5299
v  0.0014 -0.4872 0.5386
v  0.0108 -0.5034 0.5240
v  0.0174 -0.5109 0.5194
v  0.0251 -0.5180 0.5164
v  0.0337 -0.5246 0.5149
v  0.0429 -0.5305 0.5151
v  1.1717 1.2658 -0.7202
v  1.1797 1.2584 -0.7233
v  0.0608 -0.4185 0.5251
v  -0.0273 -0.5161 0.5360
v  0.4537 0.2042 0.0761
v  0.3783 0.0795 0.1733
v  0.7052 0.6124 -0.2316
v  0.7732 0.7174 -0.3034
v  0.6847 0.5802 -0.2088
v  0.6646 0.5482 -0.1855
v  0.2974 -0.0662 0.3029
v  0.0333 -0.4519 0.5345
v  0.0251 -0.4613 0.5365
v  0.0695 -0.4082 0.5224
v  0.0841 -0.3986 0.5345
v  0.0130 -0.5113 0.6160
v  0.0068 -0.5136 0.6068
v  -0.0003 -0.5161 0.5964
v  -0.0043 -0.5175 0.5905
v  -0.0091 -0.5192 0.5834
v  -0.0171 -0.5008 0.5263
v  -0.0144 -0.4976 0.5255
v  -0.0299 -0.5254 0.5501
v  -0.0115 -0.4948 0.5260
v  -0.0085 -0.4925 0.5277
v  -0.0054 -0.4906 0.5307
v  -0.0307 -0.5244 0.5462
v  -0.0306 -0.5226 0.5426
v  -0.0295 -0.5200 0.5394
v  0.0796 -0.4096 0.5481
v  0.0818 -0.4038 0.5404
v  0.8462 0.8299 -0.3800
v  0.9340 0.9523 -0.4750
v  0.2681 -0.1200 0.3434
v  1.0703 1.0219 -0.5409
v  1.2072 1.2736 -0.7303
v  0.2441 -0.1628 0.3757
v  0.2376 -0.1729 0.3824
v  0.0458 -0.5360 0.5119
v  0.0503 -0.5216 0.5143
v  0.0478 -0.5273 0.5152
v  0.0465 -0.5304 0.5155
v  0.5260 0.1956 0.0196
v  0.3830 -0.0090 0.1789
v  0.0545 -0.5125 0.5127
v  0.0841 -0.4038 0.5425
v  0.0229 -0.5735 0.5329
v  0.0208 -0.5733 0.5284
v  0.0233 -0.5742 0.5312
v  0.0458 -0.5389 0.5091
v  0.0458 -0.5320 0.5157
v  0.0457 -0.5400 0.5082
v  0.5621 0.2472 -0.0205
v  0.8120 0.6743 -0.3294
v  0.7446 0.5690 -0.2573
v  0.7245 0.5365 -0.2346
v  1.1946 1.2661 -0.7309
v  1.1913 1.2628 -0.7294
v  1.1882 1.2589 -0.7272
v  1.1851 1.2543 -0.7242
v  0.0419 -0.5404 0.5058
# 505 vertices

vn -0.6777 -0.0582 -0.7330
vn 0.5587 -0.6884 -0.4625
vn -0.3270 -0.3795 -0.8655
vn -0.3287 -0.3820 -0.8637
vn -0.4640 -0.2742 -0.8424
vn -0.3250 -0.3764 -0.8676
vn -0.4619 -0.2710 -0.8445
vn -0.5868 -0.1605 -0.7937
vn -0.5848 -0.1574 -0.7958
vn -0.5885 -0.1630 -0.7919
vn -0.4656 -0.2767 -0.8406
vn -0.6918 -0.0420 -0.7208
vn -0.6898 -0.0389 -0.7230
vn -0.7758 0.0778 -0.6261
vn -0.7738 0.0810 -0.6282
vn -0.7775 0.0753 -0.6244
vn -0.6935 -0.0445 -0.7191
vn -0.8363 0.1953 -0.5124
vn -0.8342 0.1984 -0.5145
vn -0.8713 0.3068 -0.3830
vn -0.8693 0.3099 -0.3852
vn -0.8730 0.3043 -0.3813
vn -0.8379 0.1928 -0.5106
vn -0.8798 0.4090 -0.2421
vn -0.8778 0.4121 -0.2442
vn -0.8617 0.4987 -0.0938
vn -0.8596 0.5018 -0.0959
vn -0.8633 0.4962 -0.0920
vn -0.8815 0.4064 -0.2403
vn -0.8173 0.5733 0.0574
vn -0.8153 0.5764 0.0553
vn -0.7481 0.6305 0.2068
vn -0.7461 0.6336 0.2047
vn -0.7498 0.6280 0.2086
vn -0.8190 0.5708 0.0592
vn -0.6562 0.6685 0.3500
vn -0.6541 0.6716 0.3478
vn -0.5443 0.6862 0.4825
vn -0.5423 0.6893 0.4803
vn -0.5460 0.6837 0.4842
vn -0.6578 0.6660 0.3517
vn -0.7917 0.6008 0.1108
vn 0.3765 0.3382 0.8625
vn -0.8209 -0.0491 0.5690
vn -0.4745 -0.7261 0.4976
vn 0.2873 -0.7466 0.6000
vn 0.2812 -0.7484 0.6007
vn -0.7931 0.5193 -0.3182
vn -0.1794 -0.1613 -0.9705
vn -0.7719 0.6348 0.0346
vn -0.7878 0.5944 -0.1617
vn -0.8058 0.5055 -0.3086
vn -0.7847 0.4184 -0.4573
vn -0.7973 0.4043 -0.4482
vn -0.7666 0.4378 -0.4697
vn -0.7750 0.5382 -0.3313
vn -0.7501 0.3083 -0.5850
vn -0.7626 0.2938 -0.5762
vn -0.6905 0.1924 -0.6973
vn -0.7028 0.1775 -0.6889
vn -0.6728 0.2130 -0.7085
vn -0.7322 0.3283 -0.5968
vn -0.6075 0.0741 -0.7908
vn -0.6196 0.0589 -0.7827
vn -0.5038 -0.0429 -0.8627
vn -0.5155 -0.0585 -0.8549
vn -0.4872 -0.0211 -0.8731
vn -0.5903 0.0953 -0.8015
vn -0.3825 -0.1551 -0.9108
vn -0.3939 -0.1711 -0.9031
vn -0.2473 -0.2591 -0.9336
vn -0.2582 -0.2754 -0.9260
vn -0.2320 -0.2362 -0.9436
vn -0.3665 -0.1328 -0.9209
vn -0.6352 0.0047 -0.7724
vn 0.6296 -0.5776 -0.5196
vn 0.3887 0.7420 -0.5463
vn 0.7784 0.0723 -0.6236
vn -0.4586 0.8748 -0.1562
vn 0.1434 0.7479 -0.6481
vn 0.3947 0.7303 -0.5576
vn 0.1653 0.7059 -0.6888
vn 0.3700 0.7301 -0.5745
vn -0.2032 0.9623 -0.1809
vn -0.1951 0.9673 -0.1623
vn 0.4030 0.7183 -0.5671
vn 0.1952 0.6629 -0.7228
vn 0.4135 0.7065 -0.5743
vn 0.2330 0.6205 -0.7488
vn 0.3945 0.6992 -0.5962
vn 0.3809 0.7146 -0.5867
vn 0.4258 0.6951 -0.5792
vn 0.2768 0.5797 -0.7664
vn 0.4395 0.6846 -0.5815
vn 0.3260 0.5421 -0.7745
vn 0.4282 0.6709 -0.6055
vn 0.4104 0.6845 -0.6025
vn 0.4541 0.6752 -0.5812
vn 0.3785 0.5084 -0.7735
vn 0.9711 0.0739 -0.2268
vn 0.9586 0.2372 -0.1574
vn 0.4472 0.6587 -0.6050
vn -0.7386 0.1313 -0.6612
vn -0.7758 0.0779 -0.6261
vn -0.8741 0.4584 -0.1609
vn -0.8525 0.4883 -0.1865
vn -0.6918 -0.0419 -0.7209
vn -0.6549 0.0118 -0.7557
vn -0.5868 -0.1604 -0.7937
vn -0.5501 -0.1064 -0.8283
vn -0.6202 -0.2136 -0.7548
vn -0.7250 -0.0954 -0.6822
vn -0.8087 0.0241 -0.5877
vn -0.4639 -0.2741 -0.8424
vn -0.4276 -0.2197 -0.8769
vn -0.3270 -0.3794 -0.8655
vn -0.2910 -0.3248 -0.8999
vn -0.3611 -0.4320 -0.8264
vn -0.4977 -0.3270 -0.8034
vn 0.1032 -0.5659 -0.8180
vn 0.0870 -0.5988 -0.7962
vn -0.5629 0.4798 -0.6730
vn -0.5879 0.4608 -0.6649
vn -0.5321 0.3525 -0.7698
vn -0.5079 0.3731 -0.7764
vn -0.5493 0.4898 -0.6770
vn -0.4948 0.3839 -0.7796
vn -0.7131 0.6784 -0.1769
vn -0.7219 0.6713 -0.1682
vn -0.7337 0.6595 -0.1636
vn -0.4315 0.2641 -0.8626
vn -0.4547 0.2419 -0.8572
vn -0.3578 0.1327 -0.9243
vn -0.3360 0.1564 -0.9288
vn -0.4190 0.2758 -0.8651
vn -0.3243 0.1689 -0.9308
vn -0.2243 0.0530 -0.9731
vn -0.2445 0.0278 -0.9692
vn -0.1182 -0.0693 -0.9906
vn -0.0998 -0.0428 -0.9941
vn -0.2135 0.0664 -0.9747
vn -0.0900 -0.0286 -0.9955
vn 0.0337 -0.1281 -0.9912
vn 0.0425 -0.1132 -0.9927
vn 0.0173 -0.1559 -0.9876
vn -0.3510 -0.4164 -0.8387
vn -0.2043 -0.5101 -0.8355
vn -0.2037 -0.5091 -0.8363
vn -0.3504 -0.4154 -0.8395
vn 0.0819 -0.6212 -0.7793
vn 0.0820 -0.6220 -0.7787
vn -0.4878 -0.3112 -0.8156
vn -0.4871 -0.3102 -0.8164
vn -0.6105 -0.1977 -0.7670
vn -0.6098 -0.1967 -0.7677
vn -0.7154 -0.0793 -0.6942
vn -0.7147 -0.0783 -0.6950
vn -0.7993 0.0403 -0.5996
vn -0.7986 0.0414 -0.6004
vn -0.8596 0.1576 -0.4860
vn -0.8590 0.1587 -0.4868
vn -0.8725 0.4843 -0.0642
vn -0.8868 0.4412 -0.1377
vn -0.8865 0.4415 -0.1386
vn -0.5869 -0.1606 -0.7936
vn -0.4640 -0.2743 -0.8423
vn -0.4647 -0.2753 -0.8415
vn -0.5876 -0.1617 -0.7928
vn -0.7740 0.6332 0.0025
vn -0.7736 0.6337 0.0021
vn 0.0179 -0.5704 -0.8212
vn 0.0177 -0.5705 -0.8211
vn -0.6919 -0.0421 -0.7208
vn -0.6926 -0.0432 -0.7200
vn -0.7245 0.6681 0.1696
vn -0.7543 0.6504 0.0894
vn -0.4692 -0.2823 -0.8367
vn -0.4761 -0.2929 -0.8292
vn -0.5989 -0.1793 -0.7805
vn -0.5921 -0.1686 -0.7880
vn -0.6971 -0.0501 -0.7152
vn -0.7039 -0.0608 -0.7077
vn -0.7879 0.0590 -0.6130
vn -0.7811 0.0697 -0.6205
vn -0.7766 0.0767 -0.6253
vn -0.3460 -0.4086 -0.8446
vn 0.0824 -0.6170 -0.7826
vn 0.0093 -0.5838 -0.8119
vn -0.4828 -0.3034 -0.8215
vn -0.6056 -0.1898 -0.7728
vn -0.7105 -0.0714 -0.7001
vn -0.7944 0.0483 -0.6054
vn 0.5429 -0.7142 -0.4419
vn -0.6834 -0.0688 -0.7268
vn -0.3392 -0.3982 -0.8523
vn 0.5377 -0.7193 -0.4399
vn -0.7105 -0.0714 -0.7000
vn -0.7945 0.0483 -0.6054
vn -0.8548 0.1657 -0.4917
vn -0.8483 0.1764 -0.4992
vn -0.8833 0.2878 -0.3700
vn -0.8898 0.2771 -0.3625
vn -0.8940 0.2700 -0.3576
vn -0.8984 0.3792 -0.2217
vn -0.9025 0.3721 -0.2168
vn -0.8919 0.3900 -0.2291
vn -0.8737 0.4797 -0.0808
vn -0.8802 0.4689 -0.0735
vn -0.8243 0.5596 0.0852
vn -0.3778 -0.4309 -0.8195
vn -0.8359 0.5434 0.0776
vn -0.7913 0.5900 0.1608
vn -0.8294 0.5543 0.0703
vn -0.7602 0.6114 0.2197
vn -0.7496 0.6200 0.2315
vn -0.5496 -0.3853 -0.7413
vn -0.6683 0.6494 0.3628
vn -0.6697 0.6477 0.3632
vn -0.3330 -0.3887 -0.8591
vn 0.5545 -0.6965 -0.4554
vn -0.4699 -0.2834 -0.8360
vn -0.5928 -0.1697 -0.7873
vn -0.6978 -0.0512 -0.7145
vn -0.7818 0.0686 -0.6197
vn -0.8422 0.1861 -0.5060
vn -0.8773 0.2975 -0.3767
vn -0.8858 0.3997 -0.2357
vn -0.8676 0.4895 -0.0874
vn -0.8233 0.5641 0.0637
vn -0.7541 0.6212 0.2131
vn -0.6622 0.6593 0.3563
vn -0.5503 0.6770 0.4888
vn -0.2745 0.6725 0.6873
vn -0.2742 0.6700 0.6899
vn -0.7795 0.6240 -0.0544
vn -0.7619 0.6470 0.0318
vn -0.7021 0.3597 -0.6145
vn -0.6433 0.2456 -0.7252
vn -0.6574 0.4024 -0.6371
vn -0.5996 0.2903 -0.7458
vn -0.6908 0.5089 -0.5137
vn -0.7361 0.4682 -0.4888
vn -0.5617 0.1291 -0.8172
vn -0.4595 0.0138 -0.8881
vn -0.5195 0.1758 -0.8362
vn -0.4192 0.0627 -0.9057
vn -0.3401 -0.0967 -0.9354
vn -0.2069 -0.1991 -0.9579
vn -0.3019 -0.0459 -0.9522
vn -0.1711 -0.1464 -0.9743
vn 0.6657 -0.5207 -0.5345
vn -0.5807 0.0809 -0.8101
vn -0.6186 0.0274 -0.7852
vn -0.6153 0.4387 -0.6549
vn -0.5588 0.3289 -0.7613
vn -0.7476 0.6459 -0.1546
vn -0.7521 0.6398 -0.1583
vn -0.4802 0.2167 -0.8500
vn -0.3819 0.1058 -0.9181
vn -0.2669 -0.0006 -0.9637
vn -0.1387 -0.0991 -0.9854
vn -0.0013 -0.1870 -0.9824
vn 0.7012 -0.4437 -0.5581
vn -0.2712 -0.2948 -0.9163
vn 0.6106 -0.6109 -0.5039
vn -0.2889 -0.3215 -0.9017
vn -0.6509 -0.0252 -0.7587
vn -0.4072 -0.1902 -0.8933
vn -0.5293 -0.0772 -0.8449
vn -0.4254 -0.2165 -0.8787
vn -0.5479 -0.1032 -0.8301
vn -0.6337 0.0405 -0.7726
vn -0.7171 0.1596 -0.6784
vn -0.6526 0.0149 -0.7575
vn -0.7364 0.1344 -0.6631
vn -0.7772 0.2763 -0.5654
vn -0.8120 0.3871 -0.4369
vn -0.7966 0.2515 -0.5497
vn -0.8315 0.3626 -0.4208
vn -0.8205 0.4886 -0.2969
vn -0.8024 0.5778 -0.1495
vn -0.8401 0.4645 -0.2802
vn -0.8219 0.5540 -0.1324
vn -0.7777 0.6284 0.0183
vn -0.7532 0.6463 0.1228
vn -0.7216 0.6601 0.2086
vn -0.3111 -0.3552 -0.8815
vn 0.5782 -0.6662 -0.4710
vn -0.6754 -0.0550 -0.7354
vn -0.4480 -0.2500 -0.8584
vn -0.5708 -0.1364 -0.8097
vn -0.6758 -0.0179 -0.7369
vn -0.7597 0.1018 -0.6422
vn -0.8201 0.2192 -0.5285
vn -0.8551 0.3307 -0.3993
vn -0.8637 0.4328 -0.2584
vn -0.8455 0.5225 -0.1102
vn -0.7212 0.6614 0.2061
vn -0.7320 0.6542 0.1902
vn -0.8012 0.5971 0.0409
vn -0.6401 0.6922 0.3333
vn -0.6369 0.6991 0.3250
vn -0.6340 0.6929 0.3433
vn -0.5056 0.7409 0.4421
vn -0.5283 0.7099 0.4657
vn 0.3980 0.3560 0.8455
vn 0.4178 0.3866 0.8222
vn 0.1795 -0.3175 -0.9311
vn -0.1643 0.1260 -0.9783
vn 0.0469 0.9734 -0.2243
vn 0.1119 0.9690 -0.2204
vn 0.2608 -0.2332 -0.9368
vn -0.1933 0.9590 -0.2073
vn -0.2825 -0.0207 -0.9590
vn -0.4058 0.8930 -0.1948
vn -0.5905 0.7958 -0.1338
vn -0.3745 -0.1439 -0.9160
vn -0.4301 -0.2234 -0.8747
vn -0.7068 0.7046 -0.0628
vn -0.4825 -0.7233 0.4940
vn -0.8219 -0.0498 0.5675
vn -0.8268 -0.0457 0.5606
vn -0.5216 -0.7137 0.4674
vn -0.4822 -0.7243 0.4928
vn -0.8332 -0.0504 0.5507
vn -0.4817 -0.7254 0.4918
vn -0.5182 -0.7205 0.4608
vn -0.4809 -0.7265 0.4909
vn -0.5134 -0.7273 0.4554
vn -0.4799 -0.7276 0.4902
vn -0.5074 -0.7341 0.4512
vn -0.4788 -0.7286 0.4898
vn -0.5003 -0.7406 0.4485
vn -0.4775 -0.7296 0.4896
vn -0.4925 -0.7467 0.4471
vn -0.4841 -0.7521 0.4473
vn 0.2790 -0.7562 0.5918
vn 0.2774 -0.7540 0.5955
vn 0.2681 -0.7781 0.5680
vn -0.5734 0.1154 -0.8111
vn -0.6554 0.2324 -0.7186
vn -0.4081 0.2858 -0.8670
vn -0.4834 0.3931 -0.7822
vn -0.3141 0.1797 -0.9322
vn -0.4708 -0.0003 -0.8822
vn -0.3509 -0.1113 -0.9298
vn -0.2041 0.0779 -0.9758
vn -0.0815 -0.0164 -0.9965
vn -0.2171 -0.2142 -0.9524
vn 0.1364 -0.4923 -0.8597
vn 0.2202 -0.3629 -0.9054
vn -0.6298 -0.6925 0.3518
vn -0.8536 -0.0370 0.5196
vn -0.8776 -0.0551 0.4762
vn -0.6117 -0.7182 0.3316
vn -0.7420 -0.6621 0.1048
vn -0.7812 -0.6063 0.1488
vn -0.6931 -0.7173 0.0708
vn -0.5893 -0.7436 0.3159
vn -0.5629 -0.7680 0.3055
vn -0.6359 -0.7702 0.0482
vn -0.5722 -0.8193 0.0374
vn -0.5336 -0.7906 0.3005
vn -0.5021 -0.8107 0.3012
vn -0.5038 -0.8629 0.0389
vn -0.1648 0.4764 -0.8636
vn -0.2250 0.5623 -0.7958
vn 0.0979 0.6231 -0.7760
vn 0.0587 0.6789 -0.7319
vn 0.1467 0.5679 -0.8099
vn -0.0896 0.3914 -0.9158
vn 0.2857 0.6924 -0.6626
vn 0.2646 0.7224 -0.6388
vn 0.3121 0.6626 -0.6809
vn -0.0015 0.3100 -0.9507
vn 0.2040 0.5150 -0.8326
vn 0.2677 0.4659 -0.8433
vn 0.0966 0.2345 -0.9673
vn 0.3429 0.6341 -0.6931
vn 0.3773 0.6077 -0.6989
vn 0.3452 -0.2111 -0.9145
vn 0.3361 0.4223 -0.8418
vn 0.4028 -0.2008 -0.8930
vn 0.4141 0.5841 -0.6981
vn -0.8267 -0.5365 -0.1695
vn -0.8869 -0.4506 -0.1017
vn -0.8307 -0.3609 -0.4239
vn -0.9059 -0.2536 -0.3391
vn -0.7367 -0.4670 -0.4891
vn -0.7515 -0.6214 -0.2218
vn -0.7778 -0.1973 -0.5968
vn -0.8598 -0.0803 -0.5043
vn -0.6752 -0.3130 -0.6679
vn -0.6634 -0.7029 -0.2566
vn -0.6267 -0.5688 -0.5327
vn -0.5041 -0.6631 -0.5534
vn -0.5653 -0.7783 -0.2733
vn -0.5552 -0.4240 -0.7155
vn -0.4215 -0.5269 -0.7381
vn -0.0938 -0.8856 -0.4549
vn -0.0591 -0.9103 -0.4098
vn -0.0538 -0.7840 -0.6184
vn 0.0108 -0.6855 -0.7280
vn 0.0629 -0.6278 -0.7758
vn -0.3360 0.6162 -0.7123
vn -0.2895 0.5263 -0.7995
vn 0.2223 0.0093 -0.9749
vn -0.2253 0.4344 -0.8721
vn -0.1447 0.3437 -0.9279
vn -0.0507 0.2564 -0.9652
vn 0.0544 0.1759 -0.9829
vn 0.1668 0.1038 -0.9805
vn -0.7604 0.6492 -0.0149
vn -0.4566 -0.2629 -0.8499
vn -0.7440 0.6579 0.1169
vn -0.8948 0.4233 -0.1420
vn -0.8726 0.4843 -0.0641
vn -0.8517 0.5239 0.0114
vn -0.8765 0.4569 -0.1520
vn -0.8736 0.4620 -0.1529
vn -0.8804 0.4509 -0.1472
vn -0.8843 0.4444 -0.1432
vn -0.3285 0.6899 0.6451
vn -0.7725 0.6330 -0.0505
vn -0.7526 0.6556 -0.0620
vn -0.2489 -0.1025 -0.9631
vn -0.5670 0.7187 0.4025
vn -0.0541 -0.0394 0.9978
vn 0.2749 -0.6592 -0.6999
vn -0.8025 0.5469 -0.2385
vn -0.6947 0.6552 -0.2969
vn -0.9439 -0.0047 0.3302
vn -0.5338 0.7841 -0.3165
vn -0.3626 0.8887 -0.2808
vn -0.2595 0.9404 -0.2199
vn -0.9833 0.0933 0.1560
vn -0.9742 0.2256 -0.0030
vn -0.9318 0.3481 -0.1026
vn 0.2516 0.4372 0.8635
vn 0.7816 0.3207 0.5350
vn -0.6863 0.6835 0.2484
vn -0.7246 0.6679 0.1701
vn -0.1966 0.6554 0.7292
vn 0.9009 -0.2068 0.3816
vn 0.9101 0.3803 -0.1646
vn 0.3743 0.3354 0.8645
vn -0.7940 0.5974 0.1129
vn 0.9526 0.2367 -0.1912
vn 0.7634 -0.4207 -0.4902
vn -0.4931 0.1064 -0.8634
vn 0.7776 -0.3851 -0.4970
vn 0.5957 -0.7095 -0.3765
vn 0.5965 -0.7087 -0.3767
vn -0.5123 0.0669 -0.8562
vn -0.7585 0.6467 0.0802
vn 0.2476 -0.8490 0.4668
vn -0.0539 -0.9622 -0.2671
vn 0.3590 -0.9308 0.0686
vn 0.9451 0.1849 -0.2694
vn -0.3607 0.2578 -0.8964
vn 0.8733 -0.1459 -0.4648
vn 0.5964 -0.7085 -0.3773
vn 0.0170 -0.5710 -0.8208
vn 0.0125 -0.5741 -0.8187
vn 0.0091 -0.5804 -0.8143
vn 0.1051 -0.4057 -0.9079
vn 0.0531 -0.4847 -0.8731
vn 0.0270 -0.5363 -0.8436
vn 0.0178 -0.5622 -0.8268
vn 0.5082 -0.0984 -0.8556
# 470 vertex normals

vt 0.8459 0.1840 0.4269
vt 0.8493 0.1339 0.4250
vt 0.8600 0.1339 0.4246
vt 0.8600 0.1840 0.4264
vt 0.8878 0.1339 0.4236
vt 0.8600 0.0869 0.4260
vt 0.8878 0.0869 0.4250
vt 0.9157 0.1339 0.4226
vt 0.9157 0.0869 0.4240
vt 0.9157 0.1840 0.4243
vt 0.8878 0.1840 0.4253
vt 0.9437 0.1339 0.4218
vt 0.9437 0.0869 0.4232
vt 0.9718 0.1339 0.4212
vt 0.9718 0.0729 0.4210
vt 0.9718 0.1840 0.4229
vt 0.9437 0.1840 0.4235
vt 1.0000 0.1339 0.4210
vt 1.0000 0.0729 0.4210
vt 1.0282 0.1339 0.4210
vt 1.0282 0.0729 0.4210
vt 1.0282 0.1948 0.4210
vt 1.0000 0.1840 0.4227
vt 0.0563 0.1339 0.4218
vt 0.0282 0.1339 0.4210
vt 0.0282 0.0729 0.4210
vt 0.0563 0.0869 0.4232
vt 0.0843 0.1339 0.4226
vt 0.0843 0.0869 0.4240
vt 0.0843 0.1840 0.4243
vt 0.0563 0.1840 0.4235
vt 0.0282 0.1948 0.4210
vt 0.1122 0.1339 0.4236
vt 0.1122 0.0869 0.4250
vt 0.1400 0.1339 0.4246
vt 0.1400 0.0869 0.4260
vt 0.1400 0.1840 0.4264
vt 0.1122 0.1840 0.4253
vt 0.1677 0.1339 0.4256
vt 0.1677 0.0869 0.4270
vt 0.1952 0.1339 0.4264
vt 0.1952 0.0869 0.4279
vt 0.1952 0.1840 0.4282
vt 0.1677 0.1840 0.4273
vt 0.2157 0.0869 0.4282
vt 0.2185 0.1339 0.4269
vt 0.1842 0.0005 0.5052
vt 0.1674 0.0005 0.4796
vt 0.1672 0.0005 0.4685
vt 0.2007 0.0005 0.4979
vt 0.1959 0.0005 0.5085
vt 0.1258 0.0005 0.4778
vt 0.1428 0.0005 0.4586
vt 0.1523 0.0005 0.5015
vt 0.1374 0.0005 0.5029
vt 0.0839 0.0005 0.4762
vt 0.1235 0.0005 0.4549
vt 0.0935 0.0005 0.5128
vt 0.0435 0.0005 0.5113
vt 0.0417 0.0005 0.4756
vt 0.1005 0.0005 0.4549
vt -0.0563 0.0005 0.4293
vt 0.0303 0.0005 0.4303
vt -0.0282 0.0005 0.4286
vt -0.0844 0.0005 0.4301
vt -0.1122 0.0005 0.4312
vt -0.0691 0.0005 0.4313
vt -0.1401 0.0005 0.4323
vt -0.1465 0.0005 0.4325
vt 0.0563 0.0477 0.4960
vt 0.0757 0.0477 0.4966
vt 0.0843 0.0512 0.4814
vt 0.0843 0.0535 0.4709
vt 0.0563 0.0535 0.4700
vt 0.0282 0.0477 0.4953
vt 0.0282 0.0535 0.4694
vt 0.0282 0.0417 0.5241
vt 0.0563 0.0420 0.5259
vt -0.0000 0.0477 0.4951
vt -0.0000 0.0535 0.4692
vt -0.0282 0.0477 0.4951
vt -0.0282 0.0538 0.4662
vt -0.0282 0.0417 0.5241
vt 0.0000 0.0417 0.5241
vt 0.9437 0.0477 0.4960
vt 0.9718 0.0477 0.4951
vt 0.9718 0.0538 0.4662
vt 0.9437 0.0535 0.4700
vt 0.9157 0.0477 0.4969
vt 0.9157 0.0535 0.4709
vt 0.9157 0.0420 0.5269
vt 0.9437 0.0420 0.5259
vt 0.9718 0.0417 0.5241
vt 0.8878 0.0477 0.4981
vt 0.8878 0.0535 0.4720
vt 0.8600 0.0477 0.4993
vt 0.8600 0.0535 0.4732
vt 0.8600 0.0420 0.5294
vt 0.8878 0.0420 0.5281
vt 0.8467 0.0535 0.4737
vt 0.8435 0.0477 0.5000
vt -0.0000 0.0199 0.7724
vt 0.0008 0.0199 0.7724
vt 0.0039 0.0199 0.7467
vt -0.0000 0.0199 0.7467
vt -0.0282 0.0199 0.7724
vt -0.0282 0.0199 0.7467
vt -0.0282 0.0199 0.7981
vt -0.0033 0.0199 0.8040
vt -0.0000 0.0199 0.7779
vt 0.9437 0.0199 0.7737
vt 0.9718 0.0199 0.7724
vt 0.9718 0.0199 0.7467
vt 0.9437 0.0200 0.7532
vt 0.9157 0.0199 0.7752
vt 0.9157 0.0200 0.7547
vt 0.9157 0.0199 0.8077
vt 0.9437 0.0199 0.8061
vt 0.9718 0.0199 0.7981
vt 0.8878 0.0199 0.7770
vt 0.8878 0.0200 0.7564
vt 0.8600 0.0199 0.7790
vt 0.8600 0.0200 0.7583
vt 0.8600 0.0199 0.8116
vt 0.8878 0.0199 0.8096
vt 0.8323 0.0199 0.7808
vt 0.8323 0.0200 0.7601
vt 0.8234 0.0200 0.7606
vt 0.8223 0.0199 0.7813
vt 0.8323 0.0199 0.8135
vt -0.0282 0.0136 0.9865
vt -0.0282 0.0102 0.9865
vt -0.0213 0.0102 0.9865
vt -0.0211 0.0135 0.9859
vt 0.9437 0.0102 0.9882
vt 0.9718 0.0102 0.9865
vt 0.9718 0.0136 0.9865
vt 0.9437 0.0132 0.9856
vt 0.9157 0.0102 0.9901
vt 0.9157 0.0132 0.9875
vt 0.9157 0.0072 0.9875
vt 0.9437 0.0072 0.9856
vt 0.9718 0.0068 0.9865
vt 0.8878 0.0102 0.9925
vt 0.8878 0.0132 0.9898
vt 0.8600 0.0102 0.9949
vt 0.8600 0.0132 0.9923
vt 0.8600 0.0072 0.9923
vt 0.8878 0.0072 0.9898
vt 0.8419 0.0132 0.9938
vt 0.8422 0.0102 0.9964
vt 1.0000 0.0221 0.7157
vt 1.0000 0.0243 0.6864
vt 0.9718 0.0243 0.6867
vt 0.9718 0.0221 0.7160
vt 1.0000 0.0209 0.7330
vt 0.9718 0.0209 0.7333
vt 1.0069 0.0208 0.7340
vt 1.0098 0.0221 0.7157
vt 1.0151 0.0239 0.6905
vt 0.9437 0.0221 0.7169
vt 0.9437 0.0243 0.6875
vt 0.9157 0.0243 0.6889
vt 0.9157 0.0221 0.7183
vt 0.9437 0.0209 0.7343
vt 0.9157 0.0209 0.7357
vt 0.8878 0.0221 0.7200
vt 0.8878 0.0243 0.6905
vt 0.8600 0.0243 0.6922
vt 0.8600 0.0221 0.7218
vt 0.8878 0.0209 0.7374
vt 0.8600 0.0209 0.7393
vt 0.8323 0.0221 0.7235
vt 0.8323 0.0209 0.7410
vt 0.8323 0.0243 0.6938
vt 0.8600 0.4130 0.7163
vt 0.8323 0.4130 0.7180
vt 0.8323 0.2972 0.5351
vt 0.8600 0.2972 0.5338
vt 0.8600 0.5287 0.8988
vt 0.8450 0.5287 0.8999
vt 0.8323 0.4905 0.8404
vt 0.8878 0.4130 0.7145
vt 0.8878 0.2972 0.5325
vt 0.9157 0.4130 0.7128
vt 0.9157 0.2972 0.5312
vt 0.9157 0.5287 0.8944
vt 0.8878 0.5287 0.8965
vt 0.9437 0.4130 0.7115
vt 0.9437 0.2972 0.5302
vt 0.9718 0.4130 0.7106
vt 0.9718 0.2972 0.5295
vt 0.9718 0.5287 0.8916
vt 0.9437 0.5287 0.8927
vt 1.0000 0.4130 0.7103
vt 1.0000 0.2972 0.5293
vt 1.0220 0.4130 0.7103
vt 1.0000 0.5142 0.8684
vt 0.9977 0.5287 0.8912
vt 0.9157 0.8049 1.0031
vt 0.8878 0.8049 1.0055
vt 0.8878 0.6702 1.0038
vt 0.9157 0.6702 1.0014
vt 0.8878 0.9760 1.0055
vt 0.9157 0.9676 1.0031
vt 0.9118 0.9760 1.0034
vt 0.8748 0.9760 1.0066
vt 0.8697 0.8049 1.0071
vt 0.9437 0.8049 1.0012
vt 0.9437 0.6702 0.9995
vt 0.9704 0.8049 1.0000
vt 0.9414 0.8875 1.0013
vt 0.8878 0.6137 0.9986
vt 0.8878 0.5963 0.9882
vt 0.9157 0.5963 0.9859
vt 0.9157 0.6137 0.9962
vt 0.9437 0.6137 0.9943
vt 0.9437 0.5963 0.9840
vt 0.9718 0.5963 0.9828
vt 0.9718 0.6137 0.9930
vt 0.9718 0.6702 0.9982
vt 0.8600 0.5789 0.9734
vt 0.8587 0.5789 0.9735
vt 0.8600 0.5862 0.9807
vt 0.8878 0.5789 0.9710
vt 0.9157 0.5789 0.9687
vt 0.9437 0.5789 0.9668
vt 0.9718 0.5789 0.9656
vt 0.8600 0.2470 0.4592
vt 0.8375 0.2470 0.4601
vt 0.8408 0.2296 0.4426
vt 0.8600 0.2296 0.4419
vt 0.8323 0.2699 0.4944
vt 0.8878 0.2470 0.4580
vt 0.8878 0.2296 0.4408
vt 0.9157 0.2296 0.4398
vt 0.9157 0.2470 0.4570
vt 0.9437 0.2470 0.4561
vt 0.9437 0.2296 0.4389
vt 0.9718 0.2296 0.4384
vt 0.9718 0.2470 0.4555
vt 1.0000 0.2470 0.4553
vt 1.0000 0.2296 0.4382
vt 1.0282 0.2296 0.4347
vt 1.0282 0.2470 0.4553
vt 1.0282 0.2644 0.4759
vt 0.0563 0.2470 0.4561
vt 0.0563 0.2972 0.5302
vt 0.0282 0.2644 0.4759
vt 0.0282 0.2470 0.4553
vt 0.0563 0.2296 0.4389
vt 0.0282 0.2296 0.4347
vt 0.0843 0.2296 0.4398
vt 0.0843 0.2470 0.4570
vt 0.0843 0.2810 0.5073
vt 0.0730 0.2972 0.5308
vt 0.1122 0.2470 0.4580
vt 0.1122 0.2560 0.4713
vt 0.1122 0.2296 0.4408
vt 0.1400 0.2296 0.4419
vt 0.1400 0.2417 0.4539
vt 0.1321 0.2470 0.4589
vt 0.1677 0.2296 0.4429
vt 0.1677 0.2387 0.4520
vt 0.8600 0.2122 0.4315
vt 0.8434 0.2122 0.4321
vt 0.8878 0.2122 0.4305
vt 0.9157 0.2122 0.4294
vt 0.9437 0.2122 0.4286
vt 0.9718 0.2122 0.4281
vt 1.0000 0.2122 0.4279
vt 1.0282 0.2122 0.4279
vt 0.0563 0.2122 0.4286
vt 0.0282 0.2122 0.4279
vt 0.0843 0.2122 0.4294
vt 0.1122 0.2122 0.4305
vt 0.1400 0.2122 0.4315
vt 0.1677 0.2122 0.4325
vt 0.1952 0.2122 0.4334
vt 0.1952 0.2170 0.4362
vt 0.1836 0.2296 0.4434
vt 0.0563 0.0406 0.5346
vt 0.0604 0.0420 0.5260
vt 1.0000 0.0370 0.5566
vt 1.0000 0.0417 0.5241
vt 0.9718 0.0370 0.5568
vt 1.0000 0.0325 0.5941
vt 0.9718 0.0325 0.5944
vt 1.0282 0.0324 0.5891
vt 1.0282 0.0370 0.5566
vt 1.0282 0.0417 0.5241
vt 0.9437 0.0370 0.5575
vt 0.9157 0.0370 0.5586
vt 0.9437 0.0325 0.5951
vt 0.9157 0.0325 0.5963
vt 0.8878 0.0370 0.5599
vt 0.8600 0.0370 0.5613
vt 0.8878 0.0325 0.5977
vt 0.8600 0.0325 0.5992
vt 0.8370 0.0370 0.5624
vt 0.8336 0.0325 0.6005
vt 0.8402 0.0420 0.5303
vt 1.0000 0.0280 0.6416
vt 0.9718 0.0280 0.6419
vt 1.0241 0.0280 0.6416
vt 1.0282 0.0297 0.6211
vt 0.9437 0.0280 0.6427
vt 0.9157 0.0280 0.6439
vt 0.8878 0.0280 0.6455
vt 0.8600 0.0280 0.6471
vt 0.8323 0.0280 0.6486
vt 0.8323 0.0310 0.6162
vt 0.8600 0.0586 0.4531
vt 0.8494 0.0586 0.4535
vt 0.8600 0.0633 0.4388
vt 0.8513 0.0633 0.4392
vt 0.8878 0.0586 0.4519
vt 0.9157 0.0586 0.4509
vt 0.8878 0.0633 0.4378
vt 0.9157 0.0633 0.4367
vt 0.9437 0.0586 0.4500
vt 0.9718 0.0586 0.4492
vt 0.9437 0.0633 0.4359
vt 0.9718 0.0633 0.4323
vt -0.0000 0.0586 0.4492
vt 0.0282 0.0586 0.4494
vt -0.0000 0.0633 0.4351
vt 0.0282 0.0633 0.4353
vt -0.0282 0.0633 0.4323
vt -0.0282 0.0586 0.4492
vt 0.0563 0.0586 0.4500
vt 0.0843 0.0586 0.4509
vt 0.0563 0.0633 0.4359
vt 0.0843 0.0633 0.4367
vt 0.1122 0.0633 0.4378
vt 0.1122 0.0590 0.4506
vt 0.1346 0.0633 0.4386
vt 0.8600 0.0681 0.4303
vt 0.8524 0.0681 0.4306
vt 0.8520 0.0869 0.4263
vt 0.8878 0.0681 0.4292
vt 0.9157 0.0681 0.4282
vt 0.9437 0.0681 0.4274
vt 0.9718 0.0681 0.4267
vt -0.0000 0.0681 0.4267
vt 0.0282 0.0681 0.4269
vt -0.0000 0.0729 0.4210
vt -0.0282 0.0729 0.4210
vt -0.0282 0.0681 0.4267
vt 0.0563 0.0681 0.4274
vt 0.0843 0.0681 0.4282
vt 0.1400 0.0650 0.4359
vt 0.1400 0.0681 0.4303
vt 0.1122 0.0681 0.4292
vt 0.1677 0.0681 0.4313
vt 0.1677 0.0663 0.4346
vt 0.1820 0.0633 0.4403
vt 0.1952 0.0633 0.4407
vt 0.1952 0.0681 0.4321
vt 0.2152 0.0681 0.4325
vt 0.2164 0.0633 0.4411
vt 0.8701 0.9894 0.9609
vt 0.8878 0.9894 0.9594
vt 0.8878 0.9901 0.9429
vt 0.8804 0.9908 0.9277
vt 0.8662 0.9908 0.9289
vt 0.8929 0.9894 0.9590
vt 0.8878 0.9877 0.9824
vt 0.9002 0.9877 0.9814
vt 0.9048 0.9859 0.9948
vt 0.8878 0.9859 0.9963
vt 0.8878 0.9838 1.0032
vt 0.9076 0.9838 1.0015
vt 0.0282 0.0005 0.6136
vt 0.0296 0.0005 0.6137
vt 0.0282 0.0005 0.6190
vt -0.0000 0.0006 0.7650
vt -0.0000 0.0005 0.6134
vt 0.0014 0.0006 0.7650
vt -0.0282 0.0005 0.6134
vt -0.0282 0.0005 0.7981
vt 0.9437 0.0005 0.6144
vt 0.9718 0.0005 0.6134
vt 0.9718 0.0005 0.7981
vt 0.9437 0.0006 0.7663
vt 0.9157 0.0005 0.6156
vt 0.9157 0.0006 0.7678
vt 0.9156 0.0005 0.4301
vt 0.9437 0.0005 0.4293
vt 0.9718 0.0005 0.4286
vt 0.8878 0.0005 0.6170
vt 0.8878 0.0006 0.7696
vt 0.8600 0.0005 0.6186
vt 0.8600 0.0006 0.7715
vt 0.8599 0.0005 0.4323
vt 0.8878 0.0005 0.4312
vt 0.8323 0.0006 0.7733
vt 0.8323 0.0005 0.6317
vt 0.8333 0.0005 0.6200
vt 0.8233 0.0006 0.7738
vt 0.9437 0.0154 0.9777
vt 0.9718 0.0154 0.9761
vt 0.9437 0.0170 0.9620
vt 0.9718 0.0171 0.9656
vt 0.9157 0.0170 0.9638
vt 0.9157 0.0154 0.9796
vt 0.8878 0.0154 0.9819
vt 0.8878 0.0170 0.9661
vt 0.8600 0.0170 0.9685
vt 0.8600 0.0154 0.9844
vt 0.8407 0.0154 0.9860
vt 0.8381 0.0170 0.9703
vt -0.0282 0.0009 0.8504
vt -0.0000 0.0006 0.7744
vt -0.0089 0.0009 0.8504
vt 0.9437 0.0009 0.8519
vt 0.9718 0.0009 0.8504
vt 0.9437 0.0014 0.8991
vt 0.9718 0.0012 0.9028
vt 0.9157 0.0014 0.9008
vt 0.9157 0.0009 0.8535
vt 0.8878 0.0009 0.8555
vt 0.8878 0.0014 0.9029
vt 0.8600 0.0014 0.9052
vt 0.8600 0.0009 0.8577
vt 0.8323 0.0009 0.8597
vt 0.8323 0.0014 0.9073
vt 0.9437 0.0182 0.9358
vt 0.9718 0.0182 0.9342
vt 0.9437 0.0191 0.8991
vt 0.9718 0.0192 0.9028
vt 0.9157 0.0191 0.9008
vt 0.9157 0.0182 0.9376
vt 0.9437 0.0196 0.8519
vt 0.9718 0.0196 0.8504
vt 0.9157 0.0196 0.8535
vt 0.8878 0.0182 0.9398
vt 0.8878 0.0191 0.9029
vt 0.8600 0.0191 0.9052
vt 0.8600 0.0182 0.9422
vt 0.8878 0.0196 0.8555
vt 0.8600 0.0196 0.8577
vt 0.8336 0.0182 0.9443
vt 0.8323 0.0191 0.9073
vt 0.8323 0.0184 0.9371
vt 0.8323 0.0196 0.8597
vt 0.9437 0.0023 0.9358
vt 0.9718 0.0023 0.9342
vt 0.9437 0.0035 0.9620
vt 0.9718 0.0033 0.9656
vt 0.9157 0.0035 0.9638
vt 0.9157 0.0023 0.9376
vt 0.9437 0.0051 0.9777
vt 0.9718 0.0051 0.9761
vt 0.9157 0.0051 0.9796
vt 0.8878 0.0023 0.9398
vt 0.8878 0.0035 0.9661
vt 0.8600 0.0035 0.9685
vt 0.8600 0.0023 0.9422
vt 0.8878 0.0051 0.9819
vt 0.8600 0.0051 0.9844
vt 0.8330 0.0023 0.9443
vt 0.8323 0.0022 0.9404
vt 0.8376 0.0035 0.9704
vt 0.8403 0.0051 0.9860
vt 0.8417 0.0072 0.9938
vt 1.0000 0.0203 0.7420
vt 0.9718 0.0203 0.7423
vt 1.0000 0.0199 0.7467
vt 1.0039 0.0199 0.7467
vt 1.0054 0.0203 0.7420
vt 0.9437 0.0203 0.7432
vt 0.9157 0.0203 0.7447
vt 0.8878 0.0203 0.7464
vt 0.8600 0.0203 0.7483
vt 0.8323 0.0203 0.7500
vt 0.9093 0.9813 1.0036
vt 0.8878 0.9813 1.0055
vt 0.0931 0.0535 0.4712
vt -0.0282 0.0068 0.9865
vt -0.0212 0.0069 0.9859
vt 1.0282 0.3847 0.6657
vt 0.0563 0.3226 0.5699
vt 0.0282 0.3847 0.6657
vt 0.9893 0.6137 0.9928
vt 0.9899 0.6702 0.9979
vt 0.9899 0.5963 0.9825
vt 0.9912 0.5789 0.9653
vt 0.1724 0.2409 0.4543
vt 0.0482 0.0370 0.5573
vt 0.0282 0.0370 0.5566
vt 0.0363 0.0324 0.5909
vt 0.0282 0.0324 0.5891
vt 0.0282 0.0297 0.6211
vt 0.1110 0.0586 0.4519
vt 0.1952 0.0616 0.4458
vt 0.2078 0.0005 0.5252
vt 0.1675 0.0005 0.5114
vt 0.1217 0.0005 0.5198
vt 0.0926 0.0005 0.5221
vt 0.0658 0.0005 0.5668
vt -0.0204 0.0154 0.9761
vt -0.0191 0.0171 0.9639
vt -0.0282 0.0171 0.9656
vt -0.0282 0.0154 0.9761
vt -0.0137 0.0013 0.9001
vt -0.0282 0.0012 0.9028
vt -0.0168 0.0182 0.9342
vt -0.0134 0.0191 0.9000
vt -0.0282 0.0192 0.9028
vt -0.0282 0.0182 0.9342
vt -0.0085 0.0196 0.8504
vt -0.0282 0.0196 0.8504
vt -0.0282 0.0023 0.9342
vt -0.0171 0.0023 0.9342
vt -0.0193 0.0034 0.9639
vt -0.0282 0.0033 0.9656
vt -0.0282 0.0051 0.9761
vt -0.0206 0.0051 0.9761
vt 0.2112 0.4691 0.4339
vt 0.1930 0.4664 0.4459
vt 0.1832 0.4647 0.4524
vt 0.4565 0.4917 0.2727
vt 0.1108 0.4566 0.5000
vt 0.0981 0.4565 0.5083
vt 0.0765 0.4563 0.5224
vt 0.0170 0.4520 0.5614
vt 0.0542 0.4557 0.5369
vt 0.0369 0.4548 0.5483
vt 0.0245 0.4536 0.5564
vt 0.1138 0.4566 0.4981
vt 0.1246 0.4567 0.4910
vt 0.0133 0.4499 0.5639
vt 0.0121 0.4469 0.5649
vt 0.0171 0.4417 0.5619
vt 0.0134 0.4439 0.5642
vt 0.0245 0.4401 0.5572
vt 0.0369 0.4389 0.5492
vt 0.0766 0.4375 0.5234
vt 0.0543 0.4380 0.5379
vt 0.1126 0.4373 0.5000
vt 0.1176 0.4372 0.4967
vt 0.1299 0.4569 0.4875
vt 0.1347 0.4576 0.4844
vt 0.1439 0.4588 0.4784
vt 0.1951 0.4371 0.4462
vt 0.4321 0.4371 0.2919
vt 0.4507 0.4371 0.2798
vt 0.4171 0.4371 0.3017
vt 0.3941 0.4371 0.3166
vt 0.3733 0.4371 0.3302
vt 0.3543 0.4371 0.3426
vt 0.3307 0.4371 0.3579
vt 0.2946 0.4371 0.3814
vt 0.2515 0.4371 0.4095
vt 0.1985 0.4371 0.4440
vt 0.1594 0.4610 0.4681
vt 0.4373 0.4953 0.2850
vt 0.4247 0.4983 0.2931
vt 0.4091 0.5000 0.3031
vt 0.3925 0.5030 0.3138
vt 0.3610 0.5017 0.3344
vt 0.3549 0.5000 0.3384
vt 0.2561 0.4787 0.4041
vt 0.3283 0.4957 0.3560
vt 0.3268 0.4953 0.3570
vt 0.3041 0.4902 0.3721
vt 0.2922 0.4879 0.3800
vt 0.2798 0.4844 0.3882
vt 0.2491 0.4773 0.4087
vt 0.2347 0.4737 0.4183
vt 0.1489 0.8501 0.4518
vt 0.1670 0.8280 0.4413
vt 0.2325 0.7596 0.4027
vt 0.0656 0.9514 0.5000
vt 0.2628 0.7342 0.3845
vt 0.2810 0.7180 0.3736
vt 0.3205 0.6929 0.3494
vt 0.3455 0.6839 0.3336
vt 0.3553 0.6786 0.3275
vt 0.3882 0.6757 0.3063
vt 0.3938 0.6778 0.3025
vt 0.0029 1.1681 0.5279
vt 0.0063 1.0510 0.5327
vt 0.0036 1.1075 0.5311
vt 0.0112 1.0336 0.5305
vt 0.0194 1.0162 0.5262
vt 0.0547 0.9659 0.5062
vt 0.9718 0.8002 0.9998
vt 0.2005 0.2122 0.4335
vt 0.9909 0.7306 0.9987
vt 0.4024 1.2958 0.8104
vt 0.2141 1.4298 0.8357
vt 0.1618 1.4286 0.8113
vt 0.1257 1.4271 0.7940
vt 0.1408 1.4278 0.8014
vt 0.1040 1.4254 0.7830
vt 0.0903 1.4236 0.7753
vt 0.0739 1.4137 0.7600
vt 0.0824 1.4215 0.7701
vt 0.0783 1.4190 0.7663
vt 0.0669 1.4053 0.7500
vt 0.0302 1.3286 0.6710
vt 0.0076 1.2378 0.5868
vt 0.0087 1.2424 0.5911
vt 0.4105 0.6665 0.3008
vt 0.4338 0.6491 0.2970
vt 0.4263 0.6539 0.2975
vt 0.4630 0.6262 0.2913
vt 0.2220 0.1840 0.4287
vt 0.8208 0.0199 0.8142
vt 0.8271 0.0243 0.6941
vt 0.8254 0.0221 0.7238
vt 0.8244 0.0209 0.7414
vt 0.8120 0.4130 0.7190
vt 0.8273 0.2972 0.5353
vt 0.2225 0.1893 0.4297
vt 0.8300 0.0280 0.6487
vt 0.2184 0.0586 0.4555
vt 0.2055 0.0586 0.4552
vt 0.8535 0.0005 0.4325
vt 0.8193 0.0009 0.8605
vt 0.8249 0.0014 0.9078
vt 0.8184 0.0011 0.8814
vt 0.8187 0.0196 0.8605
vt 0.8239 0.0203 0.7505
vt 0.2203 0.0550 0.4696
vt 0.7163 0.0000 0.6464
vt 0.8028 0.0001 0.6622
vt 0.8556 0.0004 0.6719
vt 0.8661 0.0191 0.6723
vt 0.8683 0.0006 0.6742
vt 0.8564 0.0192 0.6705
vt 0.8281 0.0195 0.6653
vt 0.8082 0.0196 0.6616
vt 0.6200 0.2484 0.6088
vt 0.6434 0.2715 0.6112
vt 0.6694 0.2990 0.6137
vt 0.7654 0.8643 0.5855
vt 0.7860 0.4156 0.6256
vt 0.8154 0.4451 0.6286
vt 0.6078 0.2309 0.6079
vt 0.6001 0.2134 0.6079
vt 0.1230 0.1903 0.5226
vt 0.1238 0.1849 0.5232
vt 0.1264 0.1344 0.5277
vt 0.1267 0.0871 0.5316
vt 0.1244 0.0681 0.5327
vt 0.1094 0.0585 0.5308
vt 0.1000 0.0549 0.5293
vt 0.1087 0.0000 0.5354
vt 0.1188 0.0633 0.5321
vt 0.1365 0.0000 0.5404
vt 0.5951 0.1849 0.6093
vt 0.5910 0.1344 0.6127
vt 0.5892 0.0871 0.6161
vt 0.5908 0.0681 0.6180
vt 0.5961 0.0633 0.6193
vt 0.6050 0.0585 0.6214
vt 0.6177 0.0534 0.6241
vt 0.6343 0.0476 0.6276
vt 0.6534 0.0418 0.6316
vt 0.6738 0.0368 0.6357
vt 0.6980 0.0322 0.6405
vt 0.7080 0.0307 0.6424
vt 0.7277 0.0277 0.6463
vt 0.7552 0.0240 0.6516
vt 0.7732 0.0218 0.6551
vt 0.7839 0.0205 0.6571
vt 0.7894 0.0199 0.6582
vt 0.7955 0.0197 0.6593
vt 0.2299 0.0000 0.5575
vt 0.2959 0.0000 0.5696
vt 0.3407 0.0000 0.5778
vt 0.3813 0.0000 0.5852
vt 0.4289 0.0000 0.5939
vt 0.5049 0.0000 0.6078
vt 0.5946 0.0000 0.6242
vt 0.7087 0.0000 0.6450
vt 0.8096 0.4422 0.7653
vt 0.8656 0.6702 1.0058
vt 0.8633 0.6137 1.0008
vt 0.8615 0.5963 0.9906
vt 0.8726 0.9877 0.9838
vt 0.8741 0.9859 0.9975
vt 0.8748 0.9838 1.0043
vt 0.8749 0.9813 1.0066
vt 0.8610 0.9921 0.8894
vt 0.8257 0.0191 0.9077
vt 0.8181 0.0194 0.8766
vt 0.6723 0.0191 0.8661
vt 0.6742 0.0006 0.8683
vt 0.6972 0.0009 0.8735
vt 0.7248 0.0180 0.8782
vt 0.7284 0.0018 0.8806
vt 0.7471 0.0030 0.8847
vt 0.7584 0.0046 0.8871
vt 0.7257 0.0017 0.8800
vt 0.7642 0.0068 0.8882
vt 0.7663 0.0098 0.8884
vt 0.7647 0.0128 0.8878
vt 0.7593 0.0150 0.8863
vt 0.7483 0.0166 0.8837
vt 0.7299 0.0178 0.8794
vt 0.6994 0.0187 0.8723
vt 0.8509 0.9908 0.8136
vt 0.8468 0.9929 0.8125
vt 0.8385 0.9948 0.8104
vt 0.8518 0.9830 0.8146
vt 0.8246 0.9964 0.8071
vt 0.8050 0.9979 0.8025
vt 0.5855 0.8643 0.7654
vt 0.7808 0.9992 0.7969
vt 0.6286 0.4451 0.8154
vt 0.7000 0.4937 0.8269
vt 0.7459 0.5323 0.8337
vt 0.8029 0.5828 0.8418
vt 0.8087 0.5902 0.8424
vt 0.8230 0.6179 0.8430
vt 0.8155 0.6004 0.8430
vt 0.8300 0.6748 0.8391
vt 0.8402 0.8105 0.8285
vt 0.8522 0.9883 0.8141
# 723 texture coords

o Cylinder001_frag_007_frag_004
g Cylinder001_frag_007_frag_004
usemtl wire_024032164
s 2
f 1832/2469/1812 1833/2470/1813 1834/2471/1814 1835/2472/1815 
f 1836/2473/1816 1834/2471/1814 1837/2474/1817 1838/2475/1818 
f 1839/2476/1819 1836/2473/1816 1838/2475/1818 1840/2477/1820 
f 1836/2473/1816 1839/2476/1819 1841/2478/1821 1842/2479/1822 
f 1834/2471/1814 1836/2473/1816 1842/2479/1822 1835/2472/1815 
f 1843/2480/1823 1839/2476/1819 1840/2477/1820 1844/2481/1824 
f 1845/2482/1825 1843/2480/1823 1844/2481/1824 1846/2483/1826 
f 1843/2480/1823 1845/2482/1825 1847/2484/1827 1848/2485/1828 
f 1839/2476/1819 1843/2480/1823 1848/2485/1828 1841/2478/1821 
f 1849/2486/1829 1845/2482/1825 1846/2483/1826 1850/2487/1830 
f 1851/2488/1831 1849/2486/1829 1850/2487/1830 1852/2489/1832 
f 1849/2486/1829 1851/2488/1831 1853/2490/1833 1854/2491/1834 
f 1845/2482/1825 1849/2486/1829 1854/2491/1834 1847/2484/1827 
f 1855/2492/1835 1851/2493/1831 1852/2494/1832 1856/2495/1836 
f 1857/2496/1837 1855/2492/1835 1856/2495/1836 1858/2497/1838 
f 1855/2492/1835 1857/2496/1837 1859/2498/1839 1860/2499/1840 
f 1851/2493/1831 1855/2492/1835 1860/2499/1840 1853/2500/1833 
f 1861/2501/1841 1857/2496/1837 1858/2497/1838 1862/2502/1842 
f 1863/2503/1843 1861/2501/1841 1862/2502/1842 1864/2504/1844 
f 1861/2501/1841 1863/2503/1843 1865/2505/1845 1866/2506/1846 
f 1857/2496/1837 1861/2501/1841 1866/2506/1846 1859/2498/1839 
f 1867/2507/1847 1863/2503/1843 1864/2504/1844 1868/2508/1848 
f 1869/2509/1849 1867/2507/1847 1868/2508/1848 1870/2510/1850 
f 1867/2507/1847 1869/2509/1849 1871/2511/1851 1872/2512/1852 
f 1863/2503/1843 1867/2507/1847 1872/2512/1852 1865/2505/1845 
f 1873/2513/1853 1874/2514/1854 1869/2509/1849 1870/2510/1850 
f 1875/2515/1855 1876/2516/1856 1877/2517/1857 1878/2518/1858 
f 1875/2515/1855 1878/2518/1858 1879/2519/1856 
f 1880/2520/1856 1881/2521/1858 1877/2517/1857 1876/2516/1856 
f 1880/2520/1856 1876/2516/1856 1882/2522/1855 1883/2523/1855 
f 1884/2524/1856 1885/2525/1856 1881/2521/1858 1880/2520/1856 
f 1884/2524/1856 1880/2520/1856 1886/2526/1856 
f 1884/2524/1856 1887/2527/1856 1888/2528/1856 1889/2529/1858 
f 1884/2524/1856 1889/2529/1858 1885/2525/1856 
f 1890/2530/1856 1891/2531/1858 1889/2529/1858 1888/2528/1856 
f 1890/2530/1856 1888/2528/1856 1892/2532/1856 
f 1890/2530/1856 1893/2533/1856 1894/2534/1856 1895/2535/1858 
f 1890/2530/1856 1895/2535/1858 1891/2531/1858 
f 1894/2534/1856 1896/2536/1856 1897/2537/1858 1895/2535/1858 
f 1898/2538/1859 1899/2539/1860 1900/2540/1861 1901/2541/1862 
f 1898/2538/1859 1901/2541/1862 1902/2542/1863 
f 1903/2543/1864 1898/2538/1859 1902/2542/1863 1904/2544/1865 
f 1898/2538/1859 1903/2543/1864 1905/2545/1866 1906/2546/1867 
f 1907/2547/1868 1903/2543/1864 1904/2544/1865 1908/2548/1869 
f 1909/2549/1870 1907/2547/1868 1908/2548/1869 1910/2550/1871 
f 1907/2547/1868 1909/2549/1870 1911/2551/1872 1912/2552/1873 
f 1903/2543/1864 1907/2547/1868 1912/2552/1873 1905/2545/1866 
f 1913/2553/1874 1909/2554/1870 1910/2555/1871 1914/2556/1875 
f 1915/2557/1876 1913/2553/1874 1914/2556/1875 1916/2558/1877 
f 1913/2553/1874 1915/2557/1876 1917/2559/1878 1918/2560/1879 
f 1909/2554/1870 1913/2553/1874 1918/2560/1879 1911/2561/1872 
f 1919/2562/1880 1915/2557/1876 1916/2558/1877 1920/2563/1881 
f 1921/2564/1882 1919/2562/1880 1920/2563/1881 1922/2565/1883 
f 1919/2562/1880 1921/2564/1882 1923/2566/1884 1924/2567/1885 
f 1915/2557/1876 1919/2562/1880 1924/2567/1885 1917/2559/1878 
f 1925/2568/1886 1926/2569/1887 1921/2564/1882 1922/2565/1883 
f 1927/2570/1888 1928/2571/1889 1929/2572/1890 1930/2573/1891 
f 1931/2574/1892 1927/2570/1888 1930/2573/1891 1932/2575/1893 
f 1927/2570/1888 1931/2574/1892 1933/2576/1894 1934/2577/1895 
f 1927/2570/1888 1934/2577/1895 1935/2578/1896 
f 1936/2579/1897 1931/2580/1892 1932/2581/1893 1937/2582/1898 
f 1938/2583/1899 1936/2579/1897 1937/2582/1898 1939/2584/1900 
f 1936/2579/1897 1938/2583/1899 1940/2585/1901 1941/2586/1902 
f 1931/2580/1892 1936/2579/1897 1941/2586/1902 1933/2587/1894 
f 1942/2588/1903 1938/2583/1899 1939/2584/1900 1943/2589/1904 
f 1944/2590/1905 1942/2588/1903 1943/2589/1904 1945/2591/1906 
f 1942/2588/1903 1944/2590/1905 1946/2592/1907 1947/2593/1908 
f 1938/2583/1899 1942/2588/1903 1947/2593/1908 1940/2585/1901 
f 1948/2594/1909 1944/2590/1905 1945/2591/1906 1949/2595/1910 
f 1950/2596/1911 1951/2597/1912 1948/2594/1909 1949/2595/1910 
f 1944/2590/1905 1948/2594/1909 1952/2598/1913 1946/2592/1907 
f 1953/2599/1914 1954/2600/1915 1955/2601/1916 1956/2602/1917 
f 1957/2603/1918 1954/2604/1915 1953/2605/1914 1958/2606/1919 
f 1959/2607/1920 1957/2603/1918 1958/2606/1919 1960/2608/1921 
f 1957/2603/1918 1959/2607/1920 1961/2609/1922 1962/2610/1923 
f 1954/2604/1915 1957/2603/1918 1962/2610/1923 1963/2611/1924 
f 1964/2612/1925 1959/2607/1920 1960/2608/1921 1965/2613/1926 
f 1966/2614/1927 1964/2612/1925 1965/2613/1926 1967/2615/1928 
f 1964/2612/1925 1966/2614/1927 1968/2616/1929 1969/2617/1930 
f 1959/2607/1920 1964/2612/1925 1969/2617/1930 1961/2609/1922 
f 1967/2615/1928 1970/2618/1931 1971/2619/1932 1966/2614/1927 
f 1972/2620/1933 1973/2621/1934 1974/2622/1935 1975/2623/1936 
f 1976/2624/1937 1972/2620/1933 1975/2623/1936 1977/2625/1938 
f 1978/2626/1939 1979/2627/1940 1972/2620/1933 1976/2624/1937 
f 1979/2627/1940 1980/2628/1941 1973/2621/1934 1972/2620/1933 
f 1981/2629/1942 1982/2630/1943 1983/2631/1944 1984/2632/1945 
f 1985/2633/1946 1981/2629/1942 1984/2632/1945 1986/2634/1947 
f 1981/2629/1942 1985/2633/1946 1977/2625/1938 1975/2623/1936 
f 1982/2630/1943 1981/2629/1942 1975/2623/1936 1974/2622/1935 
f 1987/2635/1948 1988/2636/1949 1989/2637/1950 1990/2638/1951 
f 1991/2639/1952 1987/2635/1948 1990/2638/1951 1992/2640/1953 
f 1987/2635/1948 1991/2639/1952 1986/2634/1947 1984/2632/1945 
f 1988/2636/1949 1987/2635/1948 1984/2632/1945 1983/2631/1944 
f 1993/2641/1954 1994/2642/1955 1992/2640/1953 1990/2638/1951 
f 1995/2643/1956 1993/2641/1954 1990/2638/1951 1989/2637/1950 
f 1996/2644/1957 1997/2645/1958 1998/2646/1959 1999/2647/1960 
f 1997/2645/1958 1996/2644/1957 2000/2648/1960 2001/2649/1961 
f 1997/2645/1958 2001/2649/1961 2002/2650/1962 
f 2003/2651/1963 1996/2644/1957 1999/2647/1960 2004/2652/1964 
f 2005/2653/1965 2003/2651/1963 2004/2652/1964 2006/2654/1966 
f 2003/2651/1963 2005/2653/1965 2007/2655/1966 2008/2656/1964 
f 1996/2644/1957 2003/2651/1963 2008/2656/1964 2000/2648/1960 
f 2009/2657/1967 2005/2653/1965 2006/2654/1966 2010/2658/1968 
f 2011/2659/1969 2009/2657/1967 2010/2658/1968 2012/2660/1970 
f 2009/2657/1967 2011/2659/1969 2013/2661/1970 2014/2662/1968 
f 2005/2653/1965 2009/2657/1967 2014/2662/1968 2007/2655/1966 
f 2015/2663/1971 2011/2659/1969 2012/2660/1970 2016/2664/1972 
f 2015/2663/1971 2017/2665/1973 2018/2666/1974 
f 2013/2661/1970 2011/2659/1969 2015/2663/1971 2018/2666/1974 
f 2013/2661/1970 2018/2666/1974 2019/2667/1975 
f 2020/2668/1976 2021/2669/1977 2022/2670/1978 2023/2671/1979 
f 2024/2672/1925 2021/2669/1977 2020/2668/1976 2025/2673/1980 
f 2024/2672/1925 2025/2673/1980 2026/2674/1981 
f 2027/2675/1982 2028/2676/1983 2021/2669/1977 2024/2672/1925 
f 2029/2677/1984 2020/2668/1976 2023/2671/1979 2030/2678/1985 
f 2029/2677/1984 2031/2679/1986 2032/2680/1987 
f 2032/2680/1987 2025/2673/1980 2020/2668/1976 2029/2677/1984 
f 2033/2681/1988 2034/2682/1989 2035/2683/1990 2036/2684/1991 
f 2022/2670/1978 2033/2681/1988 2036/2684/1991 2023/2671/1979 
f 2037/2685/1992 2030/2678/1985 2023/2671/1979 2036/2684/1991 
f 2038/2686/1993 2037/2685/1992 2036/2684/1991 2035/2683/1990 
f 2037/2685/1992 2038/2686/1993 2039/2687/1994 2040/2688/1995 
f 2030/2678/1985 2037/2685/1992 2040/2688/1995 2041/2689/1996 
f 2042/2690/1997 2043/2691/1998 2001/2649/1961 2000/2648/1960 
f 2042/2690/1997 2044/2692/1999 2043/2691/1998 
f 2008/2656/1964 2045/2693/2000 2042/2690/1997 2000/2648/1960 
f 2045/2693/2000 2008/2656/1964 2007/2655/1966 2046/2694/2001 
f 2034/2682/1989 2045/2693/2000 2046/2694/2001 2035/2683/1990 
f 2047/2695/2002 2038/2686/1993 2035/2683/1990 2046/2694/2001 
f 2014/2662/1968 2047/2695/2002 2046/2694/2001 2007/2655/1966 
f 2047/2695/2002 2014/2662/1968 2013/2661/1970 2048/2696/2003 
f 2038/2686/1993 2047/2695/2002 2048/2696/2003 2039/2687/1994 
f 2049/2697/1997 2050/2698/2004 2051/2699/2005 2052/2700/2006 
f 2049/2697/1997 1999/2647/1960 1998/2646/1959 2053/2701/2007 
f 2049/2697/1997 2053/2701/2007 2050/2698/2004 
f 2054/2702/2000 2004/2652/1964 1999/2647/1960 2049/2697/1997 
f 2055/2703/1989 2054/2702/2000 2049/2697/1997 2052/2700/2006 
f 2054/2702/2000 2055/2703/1989 2056/2704/1990 2057/2705/2001 
f 2004/2652/1964 2054/2702/2000 2057/2705/2001 2006/2654/1966 
f 2058/2706/2008 2010/2658/1968 2006/2654/1966 2057/2705/2001 
f 2059/2707/1993 2058/2706/2008 2057/2705/2001 2056/2704/1990 
f 2058/2706/2008 2059/2707/1993 2060/2708/1994 2061/2709/2009 
f 2010/2658/1968 2058/2706/2008 2061/2709/2009 2012/2660/1970 
f 2062/2710/2010 2016/2664/1972 2012/2660/1970 2061/2709/2009 
f 2063/2711/2011 2062/2710/2010 2061/2709/2009 2060/2708/1994 
f 2062/2710/2010 2063/2711/2011 2064/2712/2012 2065/2713/2013 
f 2016/2664/1972 2062/2710/2010 2065/2713/2013 2066/2714/2014 
f 2067/2715/2015 2068/2716/2016 2066/2717/2014 2065/2718/2013 
f 2069/2719/2017 2067/2715/2015 2065/2718/2013 2064/2720/2012 
f 2067/2715/2015 2069/2719/2017 2070/2721/2018 2071/2722/2019 
f 2071/2722/2019 2072/2723/2020 2073/2724/2021 2068/2716/2016 
f 2071/2722/2019 2068/2716/2016 2067/2715/2015 
f 2071/2722/2019 2074/2725/2022 2075/2726/2023 2072/2723/2020 
f 2076/2727/2024 2074/2725/2022 2071/2722/2019 2070/2721/2018 
f 2074/2725/2022 2076/2727/2024 2077/2728/2025 2078/2729/2026 
f 2074/2725/2022 2078/2729/2026 2079/2730/2027 
f 2077/2728/2025 2080/2731/2028 2081/2732/2029 2078/2729/2026 
f 2082/2733/2030 2083/2734/2031 1832/2469/1812 1835/2472/1815 
f 2052/2700/2006 2051/2699/2005 2083/2734/2031 2082/2733/2030 
f 2084/2735/2032 2055/2703/1989 2052/2700/2006 2082/2733/2030 
f 1842/2479/1822 2084/2735/2032 2082/2733/2030 1835/2472/1815 
f 2084/2735/2032 1842/2479/1822 1841/2478/1821 2085/2736/2033 
f 2055/2703/1989 2084/2735/2032 2085/2736/2033 2056/2704/1990 
f 2086/2737/2034 2059/2707/1993 2056/2704/1990 2085/2736/2033 
f 1848/2485/1828 2086/2737/2034 2085/2736/2033 1841/2478/1821 
f 2086/2737/2034 1848/2485/1828 1847/2484/1827 2087/2738/2035 
f 2059/2707/1993 2086/2737/2034 2087/2738/2035 2060/2708/1994 
f 2088/2739/2036 2063/2711/2011 2060/2708/1994 2087/2738/2035 
f 1854/2491/1834 2088/2739/2036 2087/2738/2035 1847/2484/1827 
f 2088/2739/2036 1854/2491/1834 1853/2490/1833 2089/2740/2037 
f 2063/2711/2011 2088/2739/2036 2089/2740/2037 2064/2712/2012 
f 2090/2741/2038 2069/2719/2017 2064/2720/2012 2089/2742/2037 
f 1860/2499/1840 2090/2741/2038 2089/2742/2037 1853/2500/1833 
f 2090/2741/2038 1860/2499/1840 1859/2498/1839 2091/2743/2039 
f 2069/2719/2017 2090/2741/2038 2091/2743/2039 2070/2721/2018 
f 2092/2744/2040 2076/2727/2024 2070/2721/2018 2091/2743/2039 
f 1866/2506/1846 2092/2744/2040 2091/2743/2039 1859/2498/1839 
f 2092/2744/2040 1866/2506/1846 1865/2505/1845 2093/2745/2041 
f 2076/2727/2024 2092/2744/2040 2093/2745/2041 2077/2728/2025 
f 2094/2746/2042 2080/2731/2028 2077/2728/2025 2093/2745/2041 
f 1872/2512/1852 2094/2746/2042 2093/2745/2041 1865/2505/1845 
f 2094/2746/2042 1872/2512/1852 1871/2511/1851 2095/2747/2043 
f 2095/2747/2043 2096/2748/2044 2097/2749/2045 2080/2731/2028 
f 2095/2747/2043 2080/2731/2028 2094/2746/2042 
f 1906/2546/1867 2098/2750/2046 2099/2751/2047 
f 2100/2752/2048 1912/2753/1873 1911/2561/1872 2101/2754/2049 
f 2102/2755/2050 2100/2752/2048 2101/2754/2049 2103/2756/2051 
f 2100/2752/2048 2102/2755/2050 2104/2757/2052 2105/2758/2053 
f 1912/2753/1873 2100/2752/2048 2105/2758/2053 1905/2759/1866 
f 2106/2760/2054 1918/2560/1879 1917/2559/1878 2107/2761/2055 
f 2108/2762/2056 2106/2760/2054 2107/2761/2055 2109/2763/2057 
f 2106/2760/2054 2108/2762/2056 2103/2756/2051 2101/2754/2049 
f 1918/2560/1879 2106/2760/2054 2101/2754/2049 1911/2561/1872 
f 2110/2764/2058 1924/2567/1885 1923/2566/1884 2111/2765/2059 
f 2112/2766/2060 2110/2764/2058 2111/2765/2059 2113/2767/2061 
f 2110/2764/2058 2112/2766/2060 2109/2763/2057 2107/2761/2055 
f 1924/2567/1885 2110/2764/2058 2107/2761/2055 1917/2559/1878 
f 2113/2767/2061 2111/2765/2059 2114/2768/2062 2115/2769/2063 
f 2111/2765/2059 1923/2566/1884 2116/2770/2064 2114/2768/2062 
f 2117/2771/2065 2102/2755/2050 2103/2756/2051 2118/2772/2066 
f 1973/2621/1934 2117/2771/2065 2118/2772/2066 1974/2622/1935 
f 1980/2628/1941 2119/2773/2067 2117/2771/2065 1973/2621/1934 
f 2117/2771/2065 2119/2773/2067 2120/2774/2068 2104/2757/2052 
f 2117/2771/2065 2104/2757/2052 2102/2755/2050 
f 2121/2775/2069 2108/2762/2056 2109/2763/2057 2122/2776/2070 
f 1982/2630/1943 2121/2775/2069 2122/2776/2070 1983/2631/1944 
f 2121/2775/2069 1982/2630/1943 1974/2622/1935 2118/2772/2066 
f 2108/2762/2056 2121/2775/2069 2118/2772/2066 2103/2756/2051 
f 2123/2777/2071 2112/2766/2060 2113/2767/2061 2124/2778/2072 
f 1988/2636/1949 2123/2777/2071 2124/2778/2072 1989/2637/1950 
f 2123/2777/2071 1988/2636/1949 1983/2631/1944 2122/2776/2070 
f 2112/2766/2060 2123/2777/2071 2122/2776/2070 2109/2763/2057 
f 2125/2779/2073 1995/2643/1956 1989/2637/1950 2124/2778/2072 
f 2113/2767/2061 2115/2769/2063 2126/2780/2074 2125/2779/2073 
f 2113/2767/2061 2125/2779/2073 2124/2778/2072 
f 1922/2565/1883 2127/2781/2075 2128/2782/2076 1925/2568/1886 
f 2129/2783/2077 2130/2784/2078 2128/2782/2076 2127/2781/2075 
f 2131/2785/2079 1920/2563/1881 1916/2558/1877 2132/2786/2080 
f 2133/2787/2081 2131/2785/2079 2132/2786/2080 2134/2788/2082 
f 2131/2785/2079 2133/2787/2081 2129/2783/2077 2127/2781/2075 
f 1920/2563/1881 2131/2785/2079 2127/2781/2075 1922/2565/1883 
f 2135/2789/2083 1914/2556/1875 1910/2555/1871 2136/2790/2084 
f 2137/2791/2085 2135/2789/2083 2136/2790/2084 2138/2792/2086 
f 2135/2789/2083 2137/2791/2085 2134/2788/2082 2132/2786/2080 
f 1914/2556/1875 2135/2789/2083 2132/2786/2080 1916/2558/1877 
f 2139/2793/2087 1908/2548/1869 1904/2544/1865 2140/2794/2088 
f 2141/2795/2089 2139/2793/2087 2140/2794/2088 2142/2796/2090 
f 2139/2793/2087 2141/2795/2089 2138/2797/2086 2136/2798/2084 
f 1908/2548/1869 2139/2793/2087 2136/2798/2084 1910/2550/1871 
f 2143/2799/2091 1902/2542/1863 1901/2541/1862 2144/2800/2092 
f 2145/2801/2093 2143/2799/2091 2144/2800/2092 2146/2802/2094 
f 2143/2799/2091 2145/2801/2093 2142/2796/2090 2140/2794/2088 
f 1902/2542/1863 2143/2799/2091 2140/2794/2088 1904/2544/1865 
f 2147/2803/2095 2148/2804/2096 2149/2805/2097 
f 2150/2806/2098 2151/2807/2099 2130/2784/2078 2129/2783/2077 
f 1837/2474/1817 2152/2808/2100 2151/2807/2099 2150/2806/2098 
f 2153/2809/2101 2133/2787/2081 2134/2788/2082 2154/2810/2102 
f 1838/2475/1818 2153/2809/2101 2154/2810/2102 1840/2477/1820 
f 2153/2809/2101 1838/2475/1818 1837/2474/1817 2150/2806/2098 
f 2133/2787/2081 2153/2809/2101 2150/2806/2098 2129/2783/2077 
f 2155/2811/2103 2137/2791/2085 2138/2792/2086 2156/2812/2104 
f 1844/2481/1824 2155/2811/2103 2156/2812/2104 1846/2483/1826 
f 2155/2811/2103 1844/2481/1824 1840/2477/1820 2154/2810/2102 
f 2137/2791/2085 2155/2811/2103 2154/2810/2102 2134/2788/2082 
f 2157/2813/2105 2141/2795/2089 2142/2796/2090 2158/2814/2106 
f 1850/2815/1830 2157/2813/2105 2158/2814/2106 1852/2494/1832 
f 2157/2813/2105 1850/2815/1830 1846/2816/1826 2156/2817/2104 
f 2141/2795/2089 2157/2813/2105 2156/2817/2104 2138/2797/2086 
f 2159/2818/2107 2145/2801/2093 2146/2802/2094 2160/2819/2108 
f 1856/2495/1836 2159/2818/2107 2160/2819/2108 1858/2497/1838 
f 2159/2818/2107 1856/2495/1836 1852/2494/1832 2158/2814/2106 
f 2145/2801/2093 2159/2818/2107 2158/2814/2106 2142/2796/2090 
f 2147/2803/2095 2149/2805/2097 2161/2820/2109 2162/2821/2110 
f 2147/2803/2095 2162/2821/2110 2163/2822/2111 
f 1862/2502/1842 2163/2822/2111 2162/2821/2110 1864/2504/1844 
f 2163/2822/2111 1862/2502/1842 1858/2497/1838 2160/2819/2108 
f 2147/2803/2095 2163/2822/2111 2160/2819/2108 2146/2802/2094 
f 2164/2823/2112 2165/2824/2113 2166/2825/2114 2167/2826/2115 
f 2164/2823/2112 2167/2826/2115 2168/2827/2116 
f 1868/2508/1848 2164/2823/2112 2168/2827/2116 1870/2510/1850 
f 2164/2823/2112 1868/2508/1848 1864/2504/1844 2162/2821/2110 
f 2168/2827/2116 2169/2828/2117 1873/2513/1853 1870/2510/1850 
f 2167/2826/2115 2170/2829/2118 2169/2828/2117 2168/2827/2116 
f 2171/2830/2119 2172/2831/2120 2173/2832/2121 2174/2833/2122 
f 2171/2830/2119 2174/2833/2122 2175/2834/2123 
f 2176/2835/2124 2172/2831/2120 2177/2836/2125 2178/2837/2126 
f 2179/2838/2127 2180/2839/2128 2181/2840/2129 2182/2841/2130 
f 2178/2837/2126 2177/2836/2125 2180/2839/2128 2179/2838/2127 
f 2183/2842/2131 2184/2843/2132 2185/2844/2133 
f 2186/2845/2134 2187/2846/2135 2183/2842/2131 2185/2844/2133 
f 2186/2845/2134 2185/2844/2133 2188/2847/2136 
f 2189/2848/2137 2187/2846/2135 2186/2845/2134 2190/2849/2138 
f 2187/2846/2135 2189/2848/2137 1892/2532/1856 1888/2528/1856 
f 2183/2842/2131 2187/2846/2135 1888/2528/1856 1887/2527/1856 
f 2191/2850/2139 2189/2851/2137 2190/2852/2138 2192/2853/2140 
f 2193/2854/2141 2191/2850/2139 2192/2853/2140 2194/2855/2142 
f 2191/2850/2139 2193/2854/2141 1893/2856/1856 1890/2857/1856 
f 2189/2851/2137 2191/2850/2139 1890/2857/1856 1892/2858/1856 
f 2195/2859/2143 2193/2854/2141 2194/2855/2142 2196/2860/2144 
f 2197/2861/2145 2195/2859/2143 2196/2860/2144 2198/2862/2146 
f 2195/2859/2143 2197/2861/2145 1896/2863/1856 1894/2864/1856 
f 2193/2854/2141 2195/2859/2143 1894/2864/1856 1893/2856/1856 
f 2197/2861/2145 2198/2862/2146 2199/2865/2147 2200/2866/2148 
f 2197/2861/2145 2200/2866/2148 2201/2867/2149 
f 2199/2865/2147 2202/2868/2150 2200/2866/2148 
f 2203/2869/2151 1958/2606/1919 1953/2605/1914 2204/2870/2152 
f 2205/2871/2153 2203/2869/2151 2204/2870/2152 2206/2872/2154 
f 2203/2869/2151 2205/2871/2153 2207/2873/2155 2208/2874/2156 
f 1958/2606/1919 2203/2869/2151 2208/2874/2156 1960/2608/1921 
f 2209/2875/2157 1965/2613/1926 1960/2608/1921 2208/2874/2156 
f 2210/2876/2158 2209/2875/2157 2208/2874/2156 2207/2873/2155 
f 2209/2875/2157 2210/2876/2158 2211/2877/2159 2212/2878/2160 
f 1965/2613/1926 2209/2875/2157 2212/2878/2160 1967/2615/1928 
f 2212/2878/2160 2213/2879/2161 1970/2618/1931 1967/2615/1928 
f 2211/2877/2159 2214/2880/2162 2213/2879/2161 2212/2878/2160 
f 2215/2881/2163 2190/2849/2138 2186/2845/2134 2216/2882/2164 
f 2215/2881/2163 2216/2882/2164 2217/2883/2165 
f 2218/2884/2166 2192/2853/2140 2190/2852/2138 2215/2885/2163 
f 2219/2886/2167 2218/2884/2166 2215/2885/2163 2220/2887/2168 
f 2218/2884/2166 2219/2886/2167 2221/2888/2169 2222/2889/2170 
f 2192/2853/2140 2218/2884/2166 2222/2889/2170 2194/2855/2142 
f 2223/2890/2171 2196/2860/2144 2194/2855/2142 2222/2889/2170 
f 2224/2891/2172 2223/2890/2171 2222/2889/2170 2221/2888/2169 
f 2223/2890/2171 2224/2891/2172 2225/2892/2173 2226/2893/2174 
f 2196/2860/2144 2223/2890/2171 2226/2893/2174 2198/2862/2146 
f 2227/2894/2175 2199/2865/2147 2198/2862/2146 2226/2893/2174 
f 2228/2895/2176 2227/2894/2175 2226/2893/2174 2225/2892/2173 
f 2229/2896/2177 2205/2871/2153 2206/2872/2154 2230/2897/2178 
f 2231/2898/2179 2229/2896/2177 2230/2897/2178 2232/2899/2180 
f 2229/2896/2177 2231/2898/2179 2233/2900/2181 2234/2901/2182 
f 2205/2871/2153 2229/2896/2177 2234/2901/2182 2207/2873/2155 
f 2235/2902/2183 2231/2898/2179 2232/2899/2180 2236/2903/2184 
f 1941/2586/1902 2235/2902/2183 2236/2903/2184 1933/2587/1894 
f 2235/2902/2183 1941/2586/1902 1940/2585/1901 2237/2904/2185 
f 2231/2898/2179 2235/2902/2183 2237/2904/2185 2233/2900/2181 
f 2238/2905/2186 2210/2876/2158 2207/2873/2155 2234/2901/2182 
f 2239/2906/2187 2238/2905/2186 2234/2901/2182 2233/2900/2181 
f 2238/2905/2186 2239/2906/2187 2240/2907/2188 2241/2908/2189 
f 2210/2876/2158 2238/2905/2186 2241/2908/2189 2211/2877/2159 
f 2242/2909/2190 2239/2906/2187 2233/2900/2181 2237/2904/2185 
f 1947/2593/1908 2242/2909/2190 2237/2904/2185 1940/2585/1901 
f 2242/2909/2190 1947/2593/1908 1946/2592/1907 2243/2910/2191 
f 2239/2906/2187 2242/2909/2190 2243/2910/2191 2240/2907/2188 
f 2241/2908/2189 2244/2911/2192 2214/2880/2162 2211/2877/2159 
f 2245/2912/2193 2246/2913/2194 2244/2911/2192 2241/2908/2189 
f 2245/2912/2193 2241/2908/2189 2240/2907/2188 
f 2247/2914/2195 2245/2912/2193 2240/2907/2188 2243/2910/2191 
f 1952/2598/1913 2247/2914/2195 2243/2910/2191 1946/2592/1907 
f 2248/2915/2196 2219/2886/2167 2220/2887/2168 2249/2916/2197 
f 2250/2917/2198 2248/2915/2196 2249/2916/2197 2251/2918/2199 
f 2248/2915/2196 2250/2917/2198 2252/2919/2200 2253/2920/2201 
f 2219/2886/2167 2248/2915/2196 2253/2920/2201 2221/2888/2169 
f 2254/2921/2202 2250/2917/2198 2251/2918/2199 2255/2922/2203 
f 1962/2610/1923 2254/2921/2202 2255/2922/2203 1963/2611/1924 
f 2254/2921/2202 1962/2610/1923 1961/2609/1922 2256/2923/2204 
f 2250/2917/2198 2254/2921/2202 2256/2923/2204 2252/2919/2200 
f 2257/2924/2205 2224/2891/2172 2221/2888/2169 2253/2920/2201 
f 2258/2925/2206 2257/2924/2205 2253/2920/2201 2252/2919/2200 
f 2257/2924/2205 2258/2925/2206 2259/2926/2207 2260/2927/2208 
f 2224/2891/2172 2257/2924/2205 2260/2927/2208 2225/2892/2173 
f 2261/2928/2209 2258/2925/2206 2252/2919/2200 2256/2923/2204 
f 1969/2617/1930 2261/2928/2209 2256/2923/2204 1961/2609/1922 
f 2261/2928/2209 1969/2617/1930 1968/2616/1929 2262/2929/2210 
f 2258/2925/2206 2261/2928/2209 2262/2929/2210 2259/2926/2207 
f 2228/2895/2176 2225/2892/2173 2260/2927/2208 2263/2930/2211 
f 2228/2895/2176 2263/2930/2211 2264/2931/2212 
f 2260/2927/2208 2259/2926/2207 2265/2932/2213 2263/2930/2211 
f 2259/2926/2207 2262/2929/2210 2266/2933/2214 2265/2932/2213 
f 2262/2929/2210 1968/2616/1929 2267/2934/2215 2266/2933/2214 
f 2268/2935/2216 1976/2624/1937 1977/2625/1938 2269/2936/2217 
f 1930/2937/1891 2268/2935/2216 2269/2936/2217 1932/2581/1893 
f 1929/2938/1890 2270/2939/2218 2268/2935/2216 1930/2937/1891 
f 2270/2939/2218 1978/2626/1939 1976/2624/1937 2268/2935/2216 
f 2271/2940/2219 1985/2633/1946 1986/2634/1947 2272/2941/2220 
f 1937/2582/1898 2271/2940/2219 2272/2941/2220 1939/2584/1900 
f 2271/2940/2219 1937/2582/1898 1932/2581/1893 2269/2936/2217 
f 1985/2633/1946 2271/2940/2219 2269/2936/2217 1977/2625/1938 
f 2273/2942/2221 1991/2639/1952 1992/2640/1953 2274/2943/2222 
f 1943/2589/1904 2273/2942/2221 2274/2943/2222 1945/2591/1906 
f 2273/2942/2221 1943/2589/1904 1939/2584/1900 2272/2941/2220 
f 1991/2639/1952 2273/2942/2221 2272/2941/2220 1986/2634/1947 
f 2275/2944/2223 1949/2595/1910 1945/2591/1906 2274/2943/2222 
f 1994/2642/1955 2275/2944/2223 2274/2943/2222 1992/2640/1953 
f 2276/2945/2224 2277/2946/2225 2024/2672/1925 2026/2674/1981 
f 2182/2841/2130 2181/2840/2129 2277/2946/2225 2276/2945/2224 
f 2278/2947/2226 1901/2541/1862 1900/2540/1861 
f 2099/2751/2047 1899/2539/1860 1898/2538/1859 1906/2546/1867 
f 1928/2571/1889 1927/2570/1888 1935/2578/1896 
f 1963/2948/1924 2279/2949/2227 1955/2601/1916 1954/2600/1915 
f 2280/2950/2228 2017/2665/1973 2015/2663/1971 2016/2664/1972 
f 2280/2950/2228 2016/2664/1972 2066/2714/2014 
f 2281/2951/2229 2280/2952/2228 2066/2717/2014 2068/2716/2016 
f 2281/2951/2229 2068/2716/2016 2073/2724/2021 
f 2282/2953/2230 2283/2954/2231 2041/2689/1996 2040/2688/1995 
f 2284/2955/2232 2282/2953/2230 2040/2688/1995 2039/2687/1994 
f 2285/2956/2233 2284/2955/2232 2039/2687/1994 2048/2696/2003 
f 2019/2667/1975 2285/2956/2233 2048/2696/2003 2013/2661/1970 
f 2075/2726/2023 2074/2725/2022 2079/2730/2027 
f 2097/2749/2045 2286/2957/2234 2081/2732/2029 2080/2731/2028 
f 2287/2958/2235 2098/2750/2046 1906/2546/1867 1905/2545/1866 
f 2287/2958/2235 1905/2545/1866 2105/2959/2053 
f 2288/2960/2236 2287/2958/2235 2105/2959/2053 2104/2961/2052 
f 2288/2960/2236 2104/2961/2052 2120/2962/2068 
f 2289/2963/2237 2148/2804/2096 2147/2803/2095 2146/2802/2094 
f 2289/2963/2237 2146/2802/2094 2144/2800/2092 
f 2278/2947/2226 2289/2963/2237 2144/2800/2092 1901/2541/1862 
f 2290/2964/2238 2167/2826/2115 2166/2825/2114 
f 2162/2821/2110 2161/2820/2109 2165/2824/2113 2164/2823/2112 
f 1879/2519/1856 1878/2518/1858 2291/2965/2239 
f 1882/2522/1855 1876/2516/1856 2292/2966/1855 
f 2292/2966/1855 1876/2516/1856 1875/2515/1855 
f 2293/2967/1855 2294/2968/2240 1886/2526/1856 1880/2520/1856 
f 2293/2967/1855 1880/2520/1856 1883/2523/1855 
f 2295/2969/1855 2184/2843/2132 2183/2842/2131 1887/2527/1856 
f 2295/2969/1855 1887/2527/1856 1884/2524/1856 
f 1886/2526/1856 2294/2968/2240 2295/2969/1855 1884/2524/1856 
f 2296/2970/2241 2297/2971/2242 2206/2972/2154 2204/2973/2152 
f 1956/2602/1917 2296/2970/2241 2204/2973/2152 1953/2599/1914 
f 2216/2882/2164 2186/2845/2134 2188/2847/2136 
f 2215/2881/2163 2217/2883/2165 2298/2974/2243 2220/2975/2168 
f 2299/2976/2244 2300/2977/2245 2232/2978/2180 2230/2979/2178 
f 2297/2971/2242 2299/2976/2244 2230/2979/2178 2206/2972/2154 
f 2301/2980/2246 1934/2577/1895 1933/2576/1894 2236/2981/2184 
f 2300/2977/2245 2301/2980/2246 2236/2981/2184 2232/2978/2180 
f 2249/2982/2197 2302/2983/2247 2303/2984/2248 2251/2985/2199 
f 2220/2975/2168 2298/2974/2243 2302/2983/2247 2249/2982/2197 
f 2255/2986/2203 2304/2987/2249 2279/2949/2227 1963/2948/1924 
f 2251/2985/2199 2303/2984/2248 2304/2987/2249 2255/2986/2203 
s off
f 2288/2988/2236 2120/2989/2068 2119/2990/2067 2305/2991/2250 
f 1935/2992/1896 1934/2993/1895 2301/2994/2246 2296/2995/2241 
f 2301/2994/2246 2300/2996/2245 2299/2997/2244 2296/2995/2241 
f 2299/2997/2244 2297/2998/2242 2296/2995/2241 
f 1928/2999/1889 1935/2992/1896 2296/2995/2241 1929/3000/1890 
f 2296/2995/2241 1956/3001/1917 1955/3002/1916 2304/3003/2249 
f 1955/3002/1916 2279/3004/2227 2304/3003/2249 
f 2304/3003/2249 2303/3005/2248 2302/3006/2247 2217/3007/2165 
f 2302/3006/2247 2298/3008/2243 2217/3007/2165 
f 2296/2995/2241 2304/3003/2249 2217/3007/2165 2216/3009/2164 
f 2296/2995/2241 2216/3009/2164 2188/3010/2136 1929/3000/1890 
f 2270/3011/2218 1929/3000/1890 2188/3010/2136 1978/3012/1939 
f 1979/3013/1940 1978/3012/1939 2188/3010/2136 2185/3014/2133 
f 1879/3015/1856 2291/3016/2239 2305/2991/2250 1875/3017/1855 
f 2292/3018/1855 1875/3017/1855 2305/2991/2250 1882/3019/1855 
f 1883/3020/1855 1882/3019/1855 2305/2991/2250 2293/3021/1855 
f 2294/3022/2240 2293/3021/1855 2305/2991/2250 2295/3023/1855 
f 2184/3024/2132 2295/3023/1855 2305/2991/2250 2185/3014/2133 
f 1979/3013/1940 2185/3014/2133 2305/2991/2250 1980/3025/1941 
f 2119/2990/2067 1980/3025/1941 2305/2991/2250 
f 2306/3026/2251 2290/3027/2238 2166/3028/2114 2305/2991/2250 
f 2166/3028/2114 2165/3029/2113 2161/3030/2109 2149/3031/2097 
f 2305/2991/2250 2166/3028/2114 2149/3031/2097 2099/3032/2047 
f 2149/3031/2097 2148/3033/2096 2289/3034/2237 2278/3035/2226 
f 2278/3035/2226 1900/3036/1861 1899/3037/1860 2099/3032/2047 
f 2149/3031/2097 2278/3035/2226 2099/3032/2047 
f 2099/3032/2047 2098/3038/2046 2287/3039/2235 2305/2991/2250 
f 2288/2988/2236 2305/2991/2250 2287/3039/2235 
f 2017/3040/1973 2280/3041/2228 2281/3042/2229 2018/3043/1974 
f 2073/3044/2021 2072/3045/2020 2075/3046/2023 2281/3042/2229 
f 2079/3047/2027 2078/3048/2026 2081/3049/2029 2075/3046/2023 
f 2081/3049/2029 2286/3050/2234 2307/3051/2252 2282/3052/2230 
f 2307/3051/2252 2283/3053/2231 2282/3052/2230 
f 2075/3046/2023 2081/3049/2029 2282/3052/2230 2018/3043/1974 
f 2282/3052/2230 2284/3054/2232 2285/3055/2233 2018/3043/1974 
f 2285/3055/2233 2019/3056/1975 2018/3043/1974 
f 2281/3042/2229 2075/3046/2023 2018/3043/1974 
s 2
f 2308/3057/2253 2031/2679/1986 2029/2677/1984 2030/2678/1985 
f 2308/3057/2253 2030/2678/1985 2041/2689/1996 
f 2096/2748/2044 2095/2747/2043 2309/3058/2254 
f 2173/2832/2121 2172/2831/2120 2176/2835/2124 
f 2307/3059/2252 2308/3057/2253 2041/2689/1996 2283/2954/2231 
s off
f 2310/3060/2255 2311/3061/2256 2174/3062/2122 2176/3063/2124 
f 2174/3062/2122 2173/3064/2121 2176/3063/2124 
f 2176/3063/2124 2178/3065/2126 2179/3066/2127 2026/3067/1981 
f 2182/3068/2130 2276/3069/2224 2026/3067/1981 2179/3066/2127 
f 2026/3067/1981 2025/3070/1980 2032/3071/1987 2308/3072/2253 
f 2032/3071/1987 2031/3073/1986 2308/3072/2253 
f 2308/3072/2253 2307/3051/2252 2286/3050/2234 2097/3074/2045 
f 2026/3067/1981 2308/3072/2253 2097/3074/2045 2176/3063/2124 
f 2310/3060/2255 2176/3063/2124 2097/3074/2045 2309/3075/2254 
f 2097/3074/2045 2096/3076/2044 2309/3075/2254 
f 2310/3060/2255 2309/3075/2254 2312/3077/2257 
s 2
f 1837/2474/1817 1834/2471/1814 1833/2470/1813 2152/2808/2100 
f 1871/2511/1851 1869/2509/1849 1874/2514/1854 2313/3078/2258 
f 1923/2566/1884 1921/2564/1882 1926/2569/1887 2116/2770/2064 
f 1952/2598/1913 1948/2594/1909 1951/2597/1912 2314/3079/2259 
f 1993/2641/1954 1995/2643/1956 2315/3080/2260 2316/3081/2261 
f 1994/2642/1955 1993/2641/1954 2316/3081/2261 2317/3082/2262 
f 1998/2646/1959 1997/2645/1958 2318/3083/2263 2319/3084/2264 
f 2053/2701/2007 1998/2646/1959 2319/3084/2264 
f 2313/3078/2258 2312/3085/2257 2309/3058/2254 2095/2747/2043 
f 2313/3078/2258 2095/2747/2043 1871/2511/1851 
f 2320/3086/2265 2125/2779/2073 2126/2780/2074 
f 1995/2643/1956 2125/2779/2073 2320/3086/2265 2315/3080/2260 
f 2321/3087/2266 2170/2829/2118 2167/2826/2115 2290/2964/2238 
f 2321/3087/2266 2290/2964/2238 2306/3088/2251 
f 1896/2863/1856 2197/2861/2145 2201/2867/2149 1897/3089/1858 
f 2322/3090/2267 2227/2894/2175 2228/2895/2176 2323/3091/2268 
f 2322/3090/2267 2323/3091/2268 2324/3092/2269 
f 2202/2868/2150 2199/2865/2147 2227/2894/2175 2322/3090/2267 
f 2247/2914/2195 1952/2598/1913 2314/3079/2259 2325/3093/2270 
f 2275/2944/2223 1994/2642/1955 2317/3082/2262 2326/3094/2271 
f 1949/2595/1910 2275/2944/2223 2326/3094/2271 1950/2596/1911 
f 2321/3087/2266 2306/3088/2251 2305/3095/2250 
s off
f 2200/3096/2148 2202/3097/2150 2322/3098/2267 2327/3099/2272 
f 2322/3098/2267 2324/3100/2269 2327/3099/2272 
f 2327/3099/2272 2325/3101/2270 2314/3102/2259 1951/3103/1912 
f 2050/3104/2004 2053/3105/2007 2319/3106/2264 2310/3107/2255 
f 2318/3108/2263 2328/3109/2273 2310/3107/2255 2319/3106/2264 
f 2051/3110/2005 2050/3104/2004 2310/3107/2255 2083/3111/2031 
f 2310/3107/2255 2312/3112/2257 2313/3113/2258 1874/3114/1854 
f 2310/3107/2255 1874/3114/1854 1873/3115/1853 2169/3116/2117 
f 2321/3117/2266 2305/3118/2250 2291/3119/2239 2170/3120/2118 
f 2169/3116/2117 2170/3120/2118 2291/3119/2239 1878/3121/1858 
f 2310/3107/2255 2169/3116/2117 1878/3121/1858 2083/3111/2031 
f 1832/3122/1812 2083/3111/2031 1878/3121/1858 1833/3123/1813 
f 2152/3124/2100 1833/3123/1813 1878/3121/1858 2151/3125/2099 
f 2130/3126/2078 2151/3125/2099 1878/3121/1858 2128/3127/2076 
f 1925/3128/1886 2128/3127/2076 1878/3121/1858 1926/3129/1887 
f 2116/3130/2064 1926/3129/1887 1878/3121/1858 2114/3131/2062 
f 2115/3132/2063 2114/3131/2062 1878/3121/1858 2126/3133/2074 
f 2320/3134/2265 2126/3133/2074 1878/3121/1858 2315/3135/2260 
f 2316/3136/2261 2315/3135/2260 1878/3121/1858 2317/3137/2262 
f 2326/3138/2271 2317/3137/2262 1878/3121/1858 1950/3139/1911 
f 1951/3103/1912 1950/3139/1911 1878/3121/1858 2327/3099/2272 
f 2327/3099/2272 1878/3121/1858 1877/3140/1857 1881/3141/1858 
f 2327/3099/2272 1881/3141/1858 1885/3142/1856 1889/3143/1858 
f 2327/3099/2272 1889/3143/1858 1891/3144/1858 1895/3145/1858 
f 2327/3099/2272 1895/3145/1858 1897/3146/1858 2201/3147/2149 
f 2200/3096/2148 2327/3099/2272 2201/3147/2149 
s 2
f 1968/2616/1929 1966/2614/1927 1971/2619/1932 2267/2934/2215 
f 2328/3148/2273 2318/3083/2263 1997/2645/1958 2002/2650/1962 
f 2022/2670/1978 2021/2669/1977 2028/2676/1983 2329/3149/2274 
f 2033/2681/1988 2022/2670/1978 2329/3149/2274 2330/3150/2275 
f 2034/2682/1989 2033/2681/1988 2330/3150/2275 2331/3151/2276 
f 2331/3151/2276 2044/2692/1999 2042/2690/1997 2045/2693/2000 
f 2331/3151/2276 2045/2693/2000 2034/2682/1989 
f 2332/3152/2277 2177/2836/2125 2172/2831/2120 2171/2830/2119 
f 2333/3153/2278 2180/2839/2128 2177/2836/2125 2332/3152/2277 
f 2334/3154/2279 2181/2840/2129 2180/2839/2128 2333/3153/2278 
f 2335/3155/2280 2277/2946/2225 2181/2840/2129 2334/3154/2279 
f 2024/2672/1925 2277/2946/2225 2335/3155/2280 2027/2675/1982 
f 2175/2834/2123 2174/2833/2122 2311/3156/2256 
f 2246/2913/2194 2245/2912/2193 2336/3157/2281 
f 2325/3093/2270 2327/3158/2272 2336/3157/2281 2245/2912/2193 
f 2325/3093/2270 2245/2912/2193 2247/2914/2195 
f 2323/3091/2268 2228/2895/2176 2264/2931/2212 
s off
f 2327/3159/2272 2324/3160/2269 2323/3161/2268 2246/3162/2194 
f 2263/3163/2211 2265/3164/2213 2266/3165/2214 2264/3166/2212 
f 2267/3167/2215 1971/3168/1932 1970/3169/1931 2266/3165/2214 
f 1970/3169/1931 2213/3170/2161 2214/3171/2162 2246/3162/2194 
f 2214/3171/2162 2244/3172/2192 2246/3162/2194 
f 2266/3165/2214 1970/3169/1931 2246/3162/2194 2264/3166/2212 
f 2323/3161/2268 2264/3166/2212 2246/3162/2194 
f 2327/3159/2272 2246/3162/2194 2336/3173/2281 
f 2334/3174/2279 2333/3175/2278 2332/3176/2277 2027/3177/1982 
f 2332/3176/2277 2171/3178/2119 2175/3179/2123 2310/3180/2255 
f 2175/3179/2123 2311/3181/2256 2310/3180/2255 
f 2328/3182/2273 2002/3183/1962 2001/3184/1961 2310/3180/2255 
f 2001/3184/1961 2043/3185/1998 2044/3186/1999 2330/3187/2275 
f 2044/3186/1999 2331/3188/2276 2330/3187/2275 
f 2310/3180/2255 2001/3184/1961 2330/3187/2275 2332/3176/2277 
f 2330/3187/2275 2329/3189/2274 2028/3190/1983 2027/3177/1982 
f 2332/3176/2277 2330/3187/2275 2027/3177/1982 
f 2334/3174/2279 2027/3177/1982 2335/3191/2280 
# 462 polygons - 82 triangles

#
# object Cylinder001_frag_007_frag_005
#

v  0.1963 -0.3120 0.3971
v  0.2016 -0.3136 0.3999
v  0.1448 -0.4007 0.4594
v  0.1394 -0.3991 0.4567
v  0.1909 -0.3098 0.3951
v  0.1340 -0.3969 0.4547
v  0.2516 -0.2170 0.3314
v  0.2570 -0.2192 0.3333
v  0.2624 -0.2208 0.3361
v  0.1854 -0.3070 0.3941
v  0.1285 -0.3941 0.4537
v  0.1248 -0.3917 0.4536
v  0.1822 -0.3049 0.3940
v  0.2461 -0.2141 0.3303
v  0.1821 -0.2667 0.4497
v  0.1771 -0.2659 0.4461
v  0.1201 -0.3528 0.5058
v  0.1252 -0.3537 0.5094
v  0.2377 -0.1729 0.3825
v  0.2210 -0.2069 0.4088
v  0.2389 -0.1731 0.3834
v  0.2376 -0.1729 0.3824
v  0.1764 -0.2658 0.4455
v  0.1874 -0.2683 0.4524
v  0.1305 -0.3552 0.5122
v  0.1928 -0.2705 0.4544
v  0.1359 -0.3575 0.5141
v  0.2035 -0.2541 0.4432
v  0.2073 -0.2377 0.4316
v  0.1982 -0.2733 0.4554
v  0.1414 -0.3603 0.5152
v  0.2035 -0.2766 0.4555
v  0.1466 -0.3636 0.5153
v  0.2099 -0.2554 0.4432
v  0.2262 -0.2418 0.4318
v  0.2083 -0.2804 0.4547
v  0.1515 -0.3674 0.5145
v  0.2127 -0.2844 0.4530
v  0.1559 -0.3715 0.5127
v  0.2735 -0.1915 0.3894
v  0.2716 -0.1897 0.3902
v  0.2521 -0.2135 0.4090
v  0.2164 -0.2886 0.4504
v  0.1596 -0.3757 0.5101
v  0.2194 -0.2929 0.4470
v  0.1626 -0.3800 0.5068
v  0.2802 -0.2000 0.3835
v  0.2772 -0.1957 0.3868
v  0.2216 -0.2971 0.4430
v  0.1648 -0.3842 0.5027
v  0.2228 -0.3010 0.4384
v  0.1660 -0.3881 0.4981
v  0.2836 -0.2082 0.3748
v  0.2824 -0.2042 0.3794
v  0.2231 -0.3047 0.4334
v  0.1663 -0.3918 0.4931
v  0.2225 -0.3079 0.4281
v  0.1657 -0.3950 0.4878
v  0.2833 -0.2151 0.3645
v  0.2839 -0.2118 0.3698
v  0.2209 -0.3105 0.4227
v  0.1641 -0.3976 0.4824
v  0.2184 -0.3126 0.4174
v  0.1616 -0.3997 0.4770
v  0.2792 -0.2198 0.3537
v  0.2817 -0.2177 0.3591
v  0.2152 -0.3139 0.4123
v  0.1584 -0.4010 0.4719
v  0.2112 -0.3145 0.4076
v  0.1544 -0.4017 0.4672
v  0.2720 -0.2217 0.3439
v  0.2760 -0.2211 0.3486
v  0.2066 -0.3144 0.4034
v  0.1498 -0.4016 0.4630
v  0.2674 -0.2216 0.3397
v  0.0302 -0.5375 0.5943
v  0.0431 -0.5587 0.5756
v  0.0514 -0.5641 0.5755
v  0.0506 -0.5582 0.5834
v  0.0556 -0.5553 0.5925
v  0.0593 -0.5620 0.5862
v  0.0637 -0.5569 0.5979
v  0.0575 -0.5502 0.6018
v  0.0562 -0.5435 0.6102
v  0.0641 -0.5494 0.6091
v  0.0604 -0.5405 0.6186
v  0.0517 -0.5362 0.6166
v  0.0446 -0.5290 0.6204
v  0.0530 -0.5312 0.6251
v  0.0429 -0.5227 0.6279
v  0.0358 -0.5228 0.6210
v  0.0263 -0.5184 0.6184
v  0.0313 -0.5160 0.6266
v  0.0195 -0.5119 0.6215
v  0.0173 -0.5163 0.6129
v  0.0246 -0.5522 0.5675
v  0.0291 -0.5590 0.5619
v  0.0341 -0.5566 0.5701
v  0.0409 -0.5631 0.5671
v  0.0927 -0.4756 0.5017
v  0.0863 -0.4730 0.4994
v  0.0933 -0.4611 0.4939
v  0.0994 -0.4636 0.4961
v  0.0990 -0.4774 0.5050
v  0.1053 -0.4653 0.4992
v  0.0927 -0.4897 0.5104
v  0.0861 -0.4877 0.5070
v  0.0793 -0.4850 0.5045
v  0.1049 -0.4784 0.5091
v  0.1109 -0.4663 0.5031
v  0.1102 -0.4786 0.5140
v  0.1160 -0.4664 0.5078
v  0.1047 -0.4909 0.5201
v  0.0990 -0.4907 0.5149
v  0.1149 -0.4778 0.5196
v  0.1204 -0.4657 0.5131
v  0.1187 -0.4762 0.5256
v  0.1241 -0.4642 0.5187
v  0.1137 -0.4884 0.5323
v  0.1096 -0.4901 0.5260
v  0.1216 -0.4738 0.5318
v  0.1268 -0.4619 0.5246
v  0.1235 -0.4707 0.5381
v  0.1286 -0.4590 0.5306
v  0.1187 -0.4826 0.5456
v  0.1168 -0.4859 0.5389
v  0.1242 -0.4670 0.5443
v  0.1293 -0.4554 0.5365
v  0.1239 -0.4627 0.5502
v  0.1289 -0.4514 0.5421
v  0.1192 -0.4741 0.5585
v  0.1195 -0.4786 0.5522
v  0.1224 -0.4580 0.5556
v  0.1276 -0.4469 0.5472
v  0.1199 -0.4531 0.5604
v  0.1252 -0.4423 0.5517
v  0.1149 -0.4639 0.5692
v  0.1176 -0.4691 0.5642
v  0.1164 -0.4481 0.5644
v  0.1218 -0.4375 0.5555
v  0.1120 -0.4431 0.5674
v  0.1177 -0.4328 0.5584
v  0.1066 -0.4533 0.5767
v  0.1112 -0.4586 0.5734
v  0.1069 -0.4384 0.5694
v  0.1128 -0.4283 0.5603
v  0.1011 -0.4340 0.5704
v  0.1074 -0.4242 0.5612
v  0.0950 -0.4436 0.5798
v  0.1011 -0.4483 0.5788
v  0.0950 -0.4301 0.5703
v  0.1016 -0.4205 0.5611
v  0.0886 -0.4267 0.5690
v  0.0955 -0.4173 0.5599
v  0.0818 -0.4360 0.5784
v  0.0885 -0.4395 0.5797
v  0.0822 -0.4241 0.5668
v  0.0895 -0.4148 0.5577
v  0.0760 -0.4223 0.5635
v  0.0835 -0.4131 0.5546
v  0.0750 -0.4332 0.5760
v  0.0722 -0.4267 0.5679
v  0.0699 -0.4317 0.5733
v  0.0742 -0.4220 0.5622
v  0.0799 -0.4696 0.4982
v  0.0873 -0.4580 0.4928
v  0.0726 -0.4814 0.5033
v  0.0707 -0.4802 0.5032
v  0.0774 -0.4681 0.4981
v  0.0620 -0.5415 0.5188
v  0.0520 -0.5375 0.5152
v  0.0521 -0.5364 0.5166
v  0.0618 -0.5403 0.5200
v  0.0717 -0.5444 0.5239
v  0.0713 -0.5431 0.5250
v  0.0723 -0.5464 0.5221
v  0.0622 -0.5434 0.5168
v  0.0518 -0.5391 0.5130
v  0.0809 -0.5460 0.5304
v  0.0803 -0.5446 0.5313
v  0.0893 -0.5462 0.5381
v  0.0884 -0.5448 0.5388
v  0.0907 -0.5482 0.5369
v  0.0819 -0.5480 0.5289
v  0.0966 -0.5450 0.5467
v  0.0955 -0.5437 0.5472
v  0.1026 -0.5425 0.5561
v  0.1014 -0.5413 0.5563
v  0.1045 -0.5444 0.5556
v  0.0983 -0.5470 0.5459
v  0.1071 -0.5388 0.5658
v  0.1058 -0.5377 0.5658
v  0.1100 -0.5340 0.5757
v  0.1086 -0.5329 0.5754
v  0.1122 -0.5355 0.5760
v  0.1092 -0.5405 0.5658
v  0.1112 -0.5281 0.5853
v  0.1097 -0.5272 0.5848
v  0.1106 -0.5214 0.5945
v  0.1092 -0.5207 0.5938
v  0.1129 -0.5224 0.5957
v  0.1135 -0.5294 0.5861
v  0.1120 -0.5196 0.5990
v  0.1090 -0.5163 0.6004
v  0.0458 -0.5360 0.5119
v  0.0456 -0.5342 0.5140
v  0.0612 -0.5798 0.5275
v  0.0495 -0.5763 0.5214
v  0.0535 -0.5710 0.5176
v  0.0649 -0.5744 0.5236
v  0.0766 -0.5764 0.5319
v  0.0684 -0.5687 0.5200
v  0.0802 -0.5707 0.5282
v  0.0873 -0.5766 0.5417
v  0.0908 -0.5709 0.5380
v  0.0836 -0.5820 0.5456
v  0.0729 -0.5817 0.5358
v  0.0966 -0.5751 0.5528
v  0.1001 -0.5695 0.5490
v  0.1043 -0.5720 0.5647
v  0.1078 -0.5663 0.5609
v  0.1005 -0.5774 0.5685
v  0.0929 -0.5805 0.5566
v  0.1101 -0.5672 0.5771
v  0.1135 -0.5615 0.5733
v  0.1138 -0.5610 0.5897
v  0.1172 -0.5554 0.5859
v  0.1100 -0.5664 0.5935
v  0.1063 -0.5726 0.5809
v  0.1153 -0.5535 0.6021
v  0.1187 -0.5479 0.5982
v  0.1115 -0.5590 0.6058
v  0.1152 -0.5524 0.6036
v  0.1114 -0.5578 0.6075
v  0.0639 -0.5346 0.5198
v  0.0663 -0.5290 0.5189
v  0.0750 -0.5315 0.5234
v  0.0730 -0.5373 0.5245
v  0.0627 -0.5377 0.5202
v  0.0719 -0.5405 0.5250
v  0.0532 -0.5339 0.5168
v  0.0547 -0.5308 0.5165
v  0.0575 -0.5254 0.5157
v  0.0815 -0.5387 0.5305
v  0.0832 -0.5329 0.5292
v  0.0906 -0.5331 0.5360
v  0.0893 -0.5389 0.5377
v  0.0807 -0.5419 0.5312
v  0.0886 -0.5421 0.5385
v  0.0960 -0.5378 0.5457
v  0.0971 -0.5321 0.5437
v  0.1024 -0.5299 0.5520
v  0.1016 -0.5356 0.5543
v  0.0955 -0.5410 0.5467
v  0.1012 -0.5387 0.5555
v  0.1058 -0.5321 0.5634
v  0.1064 -0.5266 0.5607
v  0.1090 -0.5222 0.5694
v  0.1084 -0.5276 0.5725
v  0.1055 -0.5352 0.5648
v  0.1083 -0.5305 0.5742
v  0.1095 -0.5222 0.5815
v  0.1101 -0.5170 0.5780
v  0.1096 -0.5111 0.5862
v  0.1090 -0.5160 0.5900
v  0.1094 -0.5250 0.5833
v  0.1088 -0.5187 0.5921
v  0.1052 -0.5060 0.6009
v  0.1069 -0.5092 0.5978
v  0.1075 -0.5046 0.5937
v  0.1042 -0.4981 0.6000
v  0.1060 -0.5105 0.6013
v  0.1067 -0.5118 0.6001
v  0.0478 -0.5273 0.5152
v  0.0503 -0.5216 0.5143
v  0.0465 -0.5304 0.5155
v  0.5376 0.1906 0.0234
v  0.5466 0.1879 0.0281
v  0.4021 -0.0167 0.1859
v  0.3954 -0.0147 0.1824
v  0.5284 0.1943 0.0201
v  0.3886 -0.0119 0.1800
v  0.3830 -0.0090 0.1789
v  0.5260 0.1956 0.0196
v  0.5818 0.1976 0.0757
v  0.5826 0.2015 0.0822
v  0.5556 0.1660 0.1100
v  0.4291 -0.0055 0.2280
v  0.4283 -0.0095 0.2214
v  0.5791 0.1931 0.0666
v  0.4263 -0.0128 0.2146
v  0.5750 0.1897 0.0577
v  0.4232 -0.0154 0.2079
v  0.7267 0.3947 -0.0926
v  0.7319 0.3990 -0.0814
v  0.7339 0.4023 -0.0747
v  0.6725 0.3200 -0.0104
v  0.5694 0.1874 0.0491
v  0.4191 -0.0171 0.2015
v  0.5627 0.1863 0.0411
v  0.4141 -0.0179 0.1956
v  0.7114 0.3905 -0.1134
v  0.7198 0.3919 -0.1034
v  0.5550 0.1865 0.0341
v  0.4084 -0.0178 0.1904
v  0.6911 0.3926 -0.1297
v  0.7017 0.3908 -0.1222
v  1.0604 0.8979 -0.4575
v  1.0615 0.8983 -0.4559
v  0.9624 0.7394 -0.3346
v  0.9049 0.6514 -0.2742
v  0.8971 0.6482 -0.2863
v  1.0510 0.8964 -0.4687
v  0.8877 0.6467 -0.2975
v  1.0766 0.9226 -0.4745
v  1.1742 1.0850 -0.5980
v  0.8769 0.6469 -0.3074
v  1.0093 0.8494 -0.4463
v  1.0407 0.8966 -0.4782
v  0.8740 0.6474 -0.3094
v  0.8201 0.5199 -0.1677
v  0.8332 0.5391 -0.1810
v  0.8204 0.5204 -0.1666
v  0.8283 0.5437 -0.2144
v  0.8361 0.5469 -0.2024
v  0.8067 0.5120 -0.1919
v  0.8143 0.5152 -0.1801
v  0.7974 0.5105 -0.2029
v  0.8190 0.5422 -0.2255
v  0.8082 0.5425 -0.2353
v  0.7868 0.5108 -0.2127
v  0.7986 0.4898 -0.1429
v  0.7978 0.4885 -0.1455
v  0.7922 0.4838 -0.1577
v  0.7847 0.4807 -0.1693
v  0.7756 0.4793 -0.1802
v  0.7651 0.4796 -0.1898
v  0.7109 0.4207 -0.1513
v  0.7580 0.4808 -0.1948
v  0.3338 -0.1039 0.2510
v  0.3395 -0.1056 0.2540
v  0.3126 -0.1353 0.2743
v  0.3181 -0.1369 0.2772
v  0.3069 -0.1330 0.2722
v  0.3279 -0.1015 0.2489
v  0.3221 -0.0985 0.2478
v  0.3493 -0.0574 0.2163
v  0.3012 -0.1300 0.2711
v  0.3643 -0.0755 0.3000
v  0.3588 -0.0833 0.3050
v  0.3611 -0.0878 0.3007
v  0.4109 -0.0185 0.2550
v  0.3388 -0.1197 0.3220
v  0.3366 -0.1154 0.3262
v  0.3401 -0.1239 0.3172
v  0.3625 -0.0921 0.2957
v  0.3628 -0.0960 0.2903
v  0.4287 -0.0009 0.2343
v  0.3405 -0.1277 0.3120
v  0.3398 -0.1310 0.3065
v  0.3621 -0.0995 0.2846
v  0.3604 -0.1023 0.2787
v  0.3381 -0.1337 0.3009
v  0.3356 -0.1359 0.2954
v  0.3577 -0.1045 0.2730
v  0.3542 -0.1060 0.2675
v  0.3322 -0.1373 0.2901
v  0.3280 -0.1379 0.2852
v  0.3499 -0.1067 0.2624
v  0.3450 -0.1065 0.2579
v  0.3233 -0.1378 0.2808
v  0.2914 -0.1670 0.2970
v  0.2968 -0.1686 0.2999
v  0.2858 -0.1647 0.2951
v  0.2803 -0.1619 0.2940
v  0.2441 -0.1628 0.3757
v  0.2440 -0.1631 0.3759
v  0.3118 -0.1433 0.3512
v  0.3243 -0.1246 0.3388
v  0.3103 -0.1416 0.3522
v  0.2858 -0.1728 0.3768
v  0.3149 -0.1476 0.3478
v  0.3170 -0.1518 0.3437
v  0.3183 -0.1559 0.3390
v  0.3186 -0.1596 0.3339
v  0.3180 -0.1628 0.3285
v  0.3164 -0.1655 0.3231
v  0.3139 -0.1676 0.3177
v  0.3105 -0.1689 0.3125
v  0.3065 -0.1696 0.3077
v  0.3019 -0.1695 0.3035
v  0.0804 -0.4986 0.5112
v  0.0874 -0.5007 0.5149
v  0.0752 -0.5091 0.5146
v  0.0827 -0.5113 0.5185
v  0.0676 -0.5059 0.5118
v  0.0732 -0.4957 0.5087
v  0.0940 -0.5018 0.5196
v  0.1001 -0.5020 0.5251
v  0.0898 -0.5125 0.5235
v  0.0963 -0.5126 0.5294
v  0.1053 -0.5011 0.5314
v  0.1097 -0.4993 0.5381
v  0.1019 -0.5117 0.5361
v  0.1065 -0.5098 0.5433
v  0.1129 -0.4967 0.5451
v  0.1150 -0.4932 0.5522
v  0.1099 -0.5070 0.5508
v  0.1122 -0.5032 0.5583
v  0.1158 -0.4889 0.5592
v  0.1154 -0.4841 0.5658
v  0.1131 -0.4987 0.5658
v  0.1127 -0.4936 0.5729
v  0.1138 -0.4789 0.5719
v  0.1110 -0.4734 0.5773
v  0.1109 -0.4880 0.5793
v  0.1079 -0.4821 0.5851
v  0.1070 -0.4677 0.5817
v  0.1021 -0.4622 0.5851
v  0.1037 -0.4761 0.5898
v  0.0984 -0.4701 0.5935
v  0.0963 -0.4568 0.5874
v  0.0899 -0.4519 0.5885
v  0.0922 -0.4644 0.5959
v  0.0854 -0.4592 0.5971
v  0.0830 -0.4475 0.5883
v  0.0758 -0.4437 0.5870
v  0.0790 -0.4530 0.5951
v  0.0804 -0.4560 0.5969
v  0.0663 -0.4401 0.5832
v  0.0686 -0.4408 0.5844
v  0.0644 -0.4454 0.5903
v  0.0635 -0.4477 0.5930
v  0.0665 -0.4489 0.5941
v  0.0718 -0.4487 0.5932
v  0.0660 -0.4920 0.5073
v  0.0599 -0.5019 0.5104
v  0.0703 -0.5198 0.5172
v  0.0784 -0.5222 0.5214
v  0.0620 -0.5164 0.5142
v  0.0861 -0.5235 0.5268
v  0.0930 -0.5237 0.5332
v  0.0991 -0.5227 0.5404
v  0.1041 -0.5207 0.5481
v  0.1078 -0.5176 0.5562
v  0.1102 -0.5135 0.5644
v  0.1112 -0.5086 0.5724
v  0.1107 -0.5031 0.5801
v  0.1088 -0.4971 0.5871
v  0.1056 -0.4907 0.5932
v  0.1041 -0.4975 0.5999
v  0.1010 -0.4842 0.5984
v  0.0955 -0.4773 0.6018
v  0.0967 -0.4793 0.6014
v  0.1006 -0.4856 0.5999
v  0.0887 -0.4716 0.6050
v  0.0840 -0.4615 0.6002
v  0.0860 -0.4696 0.6054
v  0.0884 -0.4723 0.6058
v  0.0928 -0.4755 0.6033
v  0.0545 -0.5125 0.5127
v  0.0579 -0.5052 0.5111
v  0.1053 -0.4531 0.4909
v  0.0995 -0.4507 0.4889
v  0.1110 -0.4436 0.4858
v  0.1053 -0.4413 0.4838
v  0.1164 -0.4452 0.4887
v  0.1110 -0.4548 0.4939
v  0.0938 -0.4477 0.4877
v  0.0997 -0.4383 0.4827
v  0.0848 -0.4039 0.5432
v  0.0793 -0.4106 0.5493
v  0.0785 -0.4122 0.5511
v  0.0902 -0.4048 0.5470
v  0.0911 -0.3959 0.5365
v  0.0962 -0.3967 0.5401
v  0.0900 -0.3958 0.5355
v  0.0841 -0.4038 0.5425
v  0.0958 -0.4064 0.5500
v  0.1016 -0.4088 0.5521
v  0.1017 -0.3984 0.5430
v  0.1074 -0.4006 0.5450
v  0.1074 -0.4118 0.5532
v  0.1130 -0.4154 0.5533
v  0.1130 -0.4036 0.5461
v  0.1184 -0.4070 0.5462
v  0.1182 -0.4194 0.5524
v  0.1228 -0.4237 0.5506
v  0.1234 -0.4109 0.5454
v  0.1279 -0.4151 0.5436
v  0.1268 -0.4282 0.5478
v  0.1300 -0.4327 0.5442
v  0.1318 -0.4194 0.5409
v  0.1349 -0.4238 0.5374
v  0.1323 -0.4372 0.5399
v  0.1336 -0.4414 0.5350
v  0.1371 -0.4281 0.5332
v  0.1384 -0.4322 0.5285
v  0.1340 -0.4453 0.5296
v  0.1333 -0.4487 0.5240
v  0.1387 -0.4360 0.5233
v  0.1380 -0.4393 0.5179
v  0.1316 -0.4515 0.5183
v  0.1290 -0.4537 0.5126
v  0.1364 -0.4420 0.5123
v  0.1338 -0.4441 0.5068
v  0.1255 -0.4551 0.5072
v  0.1212 -0.4558 0.5022
v  0.1305 -0.4455 0.5016
v  0.1264 -0.4462 0.4967
v  0.1164 -0.4557 0.4977
v  0.1216 -0.4461 0.4924
v  0.1167 -0.4343 0.4803
v  0.1111 -0.4320 0.4783
v  0.1220 -0.4359 0.4831
v  0.1056 -0.4292 0.4773
v  0.0971 -0.3875 0.5300
v  0.1022 -0.3884 0.5336
v  0.1076 -0.3899 0.5364
v  0.1131 -0.3922 0.5384
v  0.1186 -0.3951 0.5394
v  0.1239 -0.3984 0.5395
v  0.1288 -0.4022 0.5387
v  0.1333 -0.4063 0.5369
v  0.1371 -0.4106 0.5343
v  0.1401 -0.4149 0.5309
v  0.1423 -0.4191 0.5268
v  0.1435 -0.4232 0.5221
v  0.1438 -0.4268 0.5171
v  0.1432 -0.4301 0.5117
v  0.1416 -0.4328 0.5063
v  0.1391 -0.4348 0.5009
v  0.1358 -0.4362 0.4957
v  0.1317 -0.4368 0.4910
v  0.1271 -0.4367 0.4867
v  0.0367 -0.5693 0.5539
v  0.0288 -0.5661 0.5511
v  0.0285 -0.5730 0.5403
v  0.0384 -0.5771 0.5439
v  0.0444 -0.5716 0.5580
v  0.0481 -0.5799 0.5489
v  0.0517 -0.5729 0.5632
v  0.0572 -0.5814 0.5554
v  0.0584 -0.5730 0.5693
v  0.0655 -0.5816 0.5630
v  0.0642 -0.5721 0.5761
v  0.0727 -0.5805 0.5715
v  0.0690 -0.5701 0.5835
v  0.0786 -0.5780 0.5808
v  0.0725 -0.5672 0.5913
v  0.0831 -0.5743 0.5904
v  0.0748 -0.5633 0.5991
v  0.0860 -0.5695 0.6002
v  0.0758 -0.5587 0.6068
v  0.0871 -0.5637 0.6098
v  0.0753 -0.5534 0.6141
v  0.0866 -0.5571 0.6189
v  0.0735 -0.5476 0.6208
v  0.0849 -0.5518 0.6250
v  0.0826 -0.5496 0.6262
v  0.0748 -0.5419 0.6301
v  0.0704 -0.5415 0.6267
v  0.0680 -0.5352 0.6336
v  0.0660 -0.5353 0.6316
v  0.0616 -0.5289 0.6367
v  0.0606 -0.5292 0.6354
v  0.0554 -0.5226 0.6399
v  0.0542 -0.5233 0.6379
v  0.0499 -0.5171 0.6426
v  0.0484 -0.5164 0.6423
v  0.0471 -0.5178 0.6391
v  0.0399 -0.5120 0.6405
v  0.0395 -0.5130 0.6389
v  0.0317 -0.5079 0.6388
v  0.0316 -0.5088 0.6374
v  0.0262 -0.5066 0.6355
v  0.0241 -0.5074 0.6323
v  0.0209 -0.5620 0.5496
v  0.0192 -0.5522 0.5622
v  0.0206 -0.5618 0.5496
v  0.0724 -0.5604 0.5166
v  0.0709 -0.5642 0.5177
v  0.0587 -0.5606 0.5113
v  0.0588 -0.5602 0.5111
v  0.0603 -0.5569 0.5102
v  0.0569 -0.5653 0.5139
v  0.0825 -0.5662 0.5259
v  0.0839 -0.5624 0.5247
v  0.0943 -0.5626 0.5342
v  0.0931 -0.5665 0.5356
v  0.1023 -0.5650 0.5465
v  0.1034 -0.5612 0.5450
v  0.1108 -0.5581 0.5566
v  0.1099 -0.5619 0.5583
v  0.1156 -0.5571 0.5706
v  0.1164 -0.5535 0.5687
v  0.1200 -0.5474 0.5809
v  0.1193 -0.5510 0.5831
v  0.1207 -0.5436 0.5953
v  0.1215 -0.5401 0.5930
v  0.1206 -0.5420 0.5976
v  0.1213 -0.5378 0.5962
v  0.1186 -0.5466 0.6000
v  0.0396 -0.5810 0.5379
v  0.0286 -0.5765 0.5340
v  0.0408 -0.5825 0.5342
v  0.0291 -0.5777 0.5302
v  0.0296 -0.5779 0.5301
v  0.0521 -0.5858 0.5401
v  0.0504 -0.5842 0.5435
v  0.0605 -0.5859 0.5507
v  0.0628 -0.5876 0.5476
v  0.0725 -0.5879 0.5566
v  0.0697 -0.5861 0.5592
v  0.0778 -0.5848 0.5687
v  0.0810 -0.5865 0.5666
v  0.0880 -0.5836 0.5775
v  0.0844 -0.5821 0.5790
v  0.0893 -0.5780 0.5897
v  0.0932 -0.5793 0.5888
v  0.0966 -0.5737 0.6002
v  0.0925 -0.5726 0.6005
v  0.0938 -0.5662 0.6112
v  0.0980 -0.5668 0.6115
v  0.0976 -0.5620 0.6182
v  0.0932 -0.5593 0.6207
v  0.0925 -0.5587 0.6211
v  0.0219 -0.5696 0.5391
v  0.0229 -0.5735 0.5329
v  0.0615 -0.5532 0.5104
v  0.0622 -0.5497 0.5117
v  0.0735 -0.5530 0.5176
v  0.0733 -0.5567 0.5166
v  0.0624 -0.5463 0.5141
v  0.0514 -0.5418 0.5102
v  0.0731 -0.5494 0.5197
v  0.0844 -0.5586 0.5244
v  0.0842 -0.5548 0.5252
v  0.0940 -0.5551 0.5341
v  0.0946 -0.5588 0.5337
v  0.0832 -0.5511 0.5269
v  0.0924 -0.5514 0.5353
v  0.1034 -0.5574 0.5442
v  0.1024 -0.5537 0.5441
v  0.1094 -0.5508 0.5550
v  0.1107 -0.5544 0.5555
v  0.1005 -0.5501 0.5449
v  0.1071 -0.5474 0.5551
v  0.1161 -0.5499 0.5673
v  0.1146 -0.5465 0.5663
v  0.1180 -0.5409 0.5778
v  0.1196 -0.5440 0.5792
v  0.1120 -0.5432 0.5659
v  0.1152 -0.5379 0.5767
v  0.1210 -0.5369 0.5909
v  0.1194 -0.5340 0.5890
v  0.1208 -0.5335 0.5957
v  0.1190 -0.5290 0.5960
v  0.1165 -0.5314 0.5874
v  0.1156 -0.5239 0.5973
v  0.1159 -0.5243 0.5972
v  0.0458 -0.5389 0.5091
v  0.0507 -0.5444 0.5080
v  0.0457 -0.5400 0.5082
v  0.0422 -0.5828 0.5306
v  0.0440 -0.5818 0.5273
v  0.0561 -0.5854 0.5337
v  0.0540 -0.5862 0.5368
v  0.0461 -0.5797 0.5243
v  0.0467 -0.5789 0.5236
v  0.0584 -0.5833 0.5308
v  0.0651 -0.5881 0.5447
v  0.0676 -0.5873 0.5418
v  0.0780 -0.5876 0.5513
v  0.0753 -0.5884 0.5540
v  0.0700 -0.5853 0.5390
v  0.0806 -0.5856 0.5487
v  0.0841 -0.5870 0.5644
v  0.0870 -0.5862 0.5621
v  0.0945 -0.5831 0.5737
v  0.0914 -0.5840 0.5757
v  0.0898 -0.5841 0.5596
v  0.0974 -0.5810 0.5714
v  0.0968 -0.5794 0.5875
v  0.1001 -0.5784 0.5858
v  0.1037 -0.5724 0.5981
v  0.1003 -0.5736 0.5994
v  0.1031 -0.5763 0.5837
v  0.1068 -0.5701 0.5962
v  0.1017 -0.5665 0.6111
v  0.1052 -0.5651 0.6101
v  0.1050 -0.5629 0.6131
v  0.1015 -0.5632 0.6157
v  0.1083 -0.5627 0.6084
v  0.1081 -0.5612 0.6105
v  0.0620 -0.5394 0.5204
v  0.0714 -0.5421 0.5253
v  0.0524 -0.5354 0.5169
v  0.0802 -0.5436 0.5315
v  0.0883 -0.5438 0.5389
v  0.0953 -0.5427 0.5472
v  0.1010 -0.5403 0.5562
v  0.1054 -0.5367 0.5655
v  0.1082 -0.5321 0.5750
v  0.1093 -0.5264 0.5843
v  0.1088 -0.5200 0.5931
v  0.1064 -0.5128 0.6015
v  0.1066 -0.5130 0.6012
v  0.1067 -0.5132 0.6014
v  0.1071 -0.5142 0.6013
v  0.0458 -0.5320 0.5157
v  0.0456 -0.5330 0.5153
v  0.0868 -0.4719 0.6068
v  0.0796 -0.4096 0.5481
v  0.0280 -0.5060 0.6380
v  0.0185 -0.5094 0.6241
v  0.0141 -0.5110 0.6175
v  0.4276 0.0026 0.2384
v  0.4723 0.0586 0.1943
v  0.9074 0.6535 -0.2688
v  0.8415 0.5514 -0.1905
v  0.3583 -0.0825 0.3056
v  0.3342 -0.1120 0.3289
v  0.0631 -0.4487 0.5944
v  0.2435 -0.2125 0.3303
v  0.1190 -0.3528 0.5048
v  0.0146 -0.5215 0.6026
v  0.0134 -0.5137 0.6129
v  0.0154 -0.5271 0.5953
v  0.0160 -0.5309 0.5903
v  0.0165 -0.5343 0.5858
v  0.0171 -0.5383 0.5806
v  0.0180 -0.5447 0.5722
v  0.0843 -0.4560 0.4927
v  0.2996 -0.1290 0.2711
v  0.3210 -0.0978 0.2478
v  0.2782 -0.1605 0.2939
v  0.0596 -0.5017 0.5104
v  0.0649 -0.4912 0.5073
v  0.0903 -0.4455 0.4877
v  0.0960 -0.4360 0.4826
v  0.1018 -0.4267 0.4772
v  0.0959 -0.3875 0.5288
v  0.0207 -0.5624 0.5487
v  0.0130 -0.5113 0.6160
v  1.2263 1.1759 -0.6667
v  1.0703 1.0219 -0.5409
v  0.5621 0.2472 -0.0205
v  0.0233 -0.5742 0.5312
v  0.6246 0.3161 -0.0739
v  0.6885 0.3933 -0.1311
v  0.7811 0.5118 -0.2167
v  0.8036 0.5433 -0.2386
v  0.0585 -0.5561 0.5096
v  0.0561 -0.5510 0.5085
v  0.0518 -0.5454 0.5080
v  0.0361 -0.5802 0.5284
v  0.0415 -0.5808 0.5265
v  0.0458 -0.5796 0.5242
v  0.5682 0.2529 -0.0253
# 760 vertices

vn 0.1254 -0.6153 -0.7782
vn 0.2748 -0.6593 -0.6999
vn 0.2769 -0.6562 -0.7020
vn 0.1275 -0.6122 -0.7803
vn -0.0278 -0.5527 -0.8329
vn -0.0257 -0.5496 -0.8350
vn -0.0294 -0.5553 -0.8312
vn 0.1238 -0.6179 -0.7765
vn 0.2732 -0.6618 -0.6981
vn -0.1801 -0.4733 -0.8623
vn -0.1781 -0.4702 -0.8644
vn 0.5596 -0.6857 -0.4654
vn -0.6773 -0.0559 -0.7335
vn -0.1818 -0.4758 -0.8605
vn -0.2749 0.6592 0.6999
vn -0.4159 0.6831 0.6003
vn -0.4139 0.6862 0.5982
vn -0.2729 0.6623 0.6978
vn -0.4176 0.6805 0.6021
vn -0.1214 0.6355 0.7625
vn -0.9153 0.2262 -0.3333
vn 0.3740 0.3364 0.8642
vn -0.7934 0.5985 0.1109
vn -0.1255 0.6152 0.7783
vn -0.1235 0.6183 0.7761
vn 0.0277 0.5526 0.8330
vn 0.0297 0.5557 0.8308
vn 0.0370 0.5591 0.8283
vn -0.0449 0.6056 0.7945
vn 0.1801 0.4732 0.8624
vn 0.1821 0.4763 0.8602
vn 0.3269 0.3794 0.8656
vn 0.3290 0.3825 0.8634
vn 0.1766 0.4914 0.8529
vn 0.2589 0.4491 0.8551
vn 0.4639 0.2741 0.8424
vn 0.4659 0.2772 0.8403
vn 0.5867 0.1604 0.7937
vn 0.5888 0.1635 0.7916
vn 0.5851 0.1578 0.7955
vn 0.7703 -0.6376 0.0017
vn 0.3317 0.4020 0.8535
vn 0.6918 0.0419 0.7209
vn 0.6938 0.0450 0.7188
vn 0.7758 -0.0780 0.6262
vn 0.7778 -0.0748 0.6240
vn 0.7741 -0.0805 0.6279
vn 0.6901 0.0393 0.7226
vn 0.8362 -0.1954 0.5124
vn 0.8382 -0.1923 0.5103
vn 0.8712 -0.3069 0.3831
vn 0.8733 -0.3038 0.3810
vn 0.8696 -0.3094 0.3848
vn 0.8345 -0.1979 0.5142
vn 0.8798 -0.4091 0.2421
vn 0.8818 -0.4060 0.2400
vn 0.8616 -0.4988 0.0938
vn 0.8636 -0.4957 0.0917
vn 0.8599 -0.5014 0.0956
vn 0.8781 -0.4116 0.2439
vn 0.8172 -0.5734 -0.0573
vn 0.8193 -0.5703 -0.0595
vn 0.7480 -0.6306 -0.2068
vn 0.7501 -0.6275 -0.2089
vn 0.7464 -0.6332 -0.2050
vn 0.8156 -0.5760 -0.0556
vn 0.6561 -0.6686 -0.3499
vn 0.6581 -0.6655 -0.3520
vn 0.5443 -0.6863 -0.4824
vn 0.5463 -0.6832 -0.4845
vn 0.5426 -0.6889 -0.4807
vn 0.6545 -0.6712 -0.3482
vn 0.4159 -0.6832 -0.6003
vn 0.4179 -0.6801 -0.6024
vn 0.4142 -0.6857 -0.5985
vn -0.4745 -0.7261 0.4976
vn 0.1993 -0.4920 -0.8475
vn 0.0481 -0.4301 -0.9015
vn 0.0381 -0.4470 -0.8937
vn 0.1899 -0.5090 -0.8396
vn 0.3468 -0.5353 -0.7701
vn 0.3378 -0.5525 -0.7620
vn 0.3591 -0.5111 -0.7809
vn 0.2124 -0.4679 -0.8579
vn 0.0619 -0.4064 -0.9116
vn 0.4861 -0.5590 -0.6718
vn 0.4775 -0.5762 -0.6633
vn 0.6128 -0.5620 -0.5555
vn 0.6047 -0.5793 -0.5466
vn 0.6238 -0.5376 -0.5673
vn 0.4976 -0.5346 -0.6831
vn 0.7233 -0.5446 -0.4246
vn 0.7154 -0.5618 -0.4154
vn 0.8140 -0.5070 -0.2833
vn 0.8065 -0.5241 -0.2736
vn 0.8239 -0.4829 -0.2966
vn 0.7336 -0.5203 -0.4372
vn 0.8823 -0.4506 -0.1358
vn 0.8750 -0.4675 -0.1256
vn 0.9261 -0.3769 0.0134
vn 0.9190 -0.3936 0.0241
vn 0.9354 -0.3535 -0.0014
vn 0.8919 -0.4268 -0.1498
vn 0.9441 -0.2883 0.1599
vn 0.9370 -0.3047 0.1710
vn 0.9356 -0.1874 0.2990
vn 0.9285 -0.2035 0.3106
vn 0.9449 -0.1650 0.2828
vn 0.9533 -0.2653 0.1443
vn 0.9011 -0.0774 0.4267
vn 0.8938 -0.0931 0.4387
vn 0.8414 0.0386 0.5390
vn 0.8340 0.0232 0.5513
vn 0.8511 0.0599 0.5215
vn 0.9105 -0.0554 0.4098
vn 0.7585 0.1569 0.6326
vn 0.7507 0.1419 0.6452
vn 0.6548 0.2739 0.7044
vn 0.6467 0.2593 0.7173
vn 0.6655 0.2940 0.6861
vn 0.7686 0.1776 0.6146
vn 0.5335 0.3861 0.7525
vn 0.5251 0.3718 0.7655
vn 0.3983 0.4901 0.7753
vn 0.3894 0.4762 0.7884
vn 0.4103 0.5091 0.7566
vn 0.5448 0.4056 0.7339
vn 0.2533 0.5827 0.7722
vn 0.2439 0.5691 0.7853
vn 0.1029 0.6611 0.7432
vn 0.0931 0.6477 0.7562
vn 0.1164 0.6793 0.7246
vn 0.2660 0.6012 0.7535
vn -0.0484 0.7230 0.6892
vn -0.0587 0.7098 0.7020
vn -0.1959 0.7663 0.6118
vn -0.2066 0.7533 0.6244
vn -0.0341 0.7408 0.6709
vn -0.4267 0.7497 0.5058
vn -0.4284 0.7528 0.4998
vn -0.4976 0.7412 0.4505
vn -0.1023 -0.3517 -0.9305
vn -0.1128 -0.3683 -0.9228
vn -0.0877 -0.3284 -0.9405
vn 0.6357 -0.5569 -0.5345
vn -0.6334 0.0181 -0.7736
vn 0.4847 0.6611 -0.5728
vn 0.4694 0.6673 -0.5782
vn 0.4331 0.4801 -0.7628
vn 0.4880 0.4575 -0.7434
vn 0.4996 0.6567 -0.5650
vn 0.5415 0.4419 -0.7152
vn 0.5061 0.6347 -0.5840
vn 0.4868 0.6404 -0.5941
vn 0.4669 0.6485 -0.6012
vn 0.5137 0.6543 -0.5550
vn 0.5920 0.4332 -0.6796
vn 0.5265 0.6540 -0.5433
vn 0.6379 0.4323 -0.6373
vn 0.5410 0.6312 -0.5559
vn 0.5244 0.6316 -0.5711
vn 0.5377 0.6557 -0.5300
vn 0.6781 0.4384 -0.5899
vn 0.5468 0.6595 -0.5157
vn 0.7109 0.4522 -0.5386
vn 0.5674 0.6384 -0.5202
vn 0.5555 0.6335 -0.5387
vn 0.5537 0.6652 -0.5008
vn 0.7358 0.4725 -0.4851
vn 0.5582 0.6727 -0.4857
vn 0.7516 0.4994 -0.4310
vn 0.5821 0.6554 -0.4813
vn 0.5763 0.6458 -0.5008
vn 0.5600 0.6816 -0.4709
vn 0.7582 0.5314 -0.3778
vn 0.5591 0.6919 -0.4569
vn 0.7550 0.5681 -0.3274
vn 0.5833 0.6803 -0.4438
vn 0.5844 0.6671 -0.4621
vn 0.7699 0.5941 0.2331
vn 0.7731 0.5840 0.2473
vn -0.2755 0.6947 -0.6644
vn -0.2932 0.6985 -0.6528
vn 0.2391 -0.7111 -0.6612
vn -0.0889 -0.5587 -0.8246
vn -0.0728 -0.5266 -0.8470
vn 0.2749 -0.6592 -0.6999
vn 0.4159 -0.6831 -0.6003
vn 0.3092 -0.6038 -0.7347
vn 0.4498 -0.6276 -0.6354
vn 0.5779 -0.6308 -0.5179
vn 0.5078 -0.7380 -0.4444
vn 0.3797 -0.7349 -0.5619
vn 0.6562 -0.6686 -0.3499
vn 0.6894 -0.6131 -0.3857
vn 0.7481 -0.6306 -0.2068
vn 0.7811 -0.5752 -0.2430
vn 0.7110 -0.6825 -0.1695
vn 0.6193 -0.7204 -0.3122
vn 0.8173 -0.5734 -0.0574
vn 0.8501 -0.5182 -0.0940
vn 0.8943 -0.4438 0.0568
vn 0.8242 -0.5511 0.1303
vn 0.7800 -0.6254 -0.0205
vn 0.8798 -0.4090 0.2421
vn 0.9125 -0.3543 0.2047
vn 0.8424 -0.4615 0.2782
vn 0.7917 -0.1095 0.6010
vn 0.7724 -0.1432 0.6188
vn 0.3116 -0.2573 -0.9147
vn 0.2991 -0.2869 -0.9101
vn 0.4369 -0.3274 -0.8378
vn 0.4474 -0.2972 -0.8435
vn 0.3181 -0.2414 -0.9168
vn 0.4528 -0.2810 -0.8462
vn 0.1799 -0.1849 -0.9662
vn 0.1723 -0.2003 -0.9645
vn 0.1578 -0.2291 -0.9605
vn 0.5757 -0.3189 -0.7529
vn 0.5670 -0.3495 -0.7459
vn 0.6854 -0.3523 -0.6373
vn 0.6924 -0.3218 -0.6458
vn 0.5800 -0.3026 -0.7563
vn 0.6958 -0.3054 -0.6500
vn 0.7941 -0.3057 -0.5253
vn 0.7885 -0.3360 -0.5150
vn 0.8733 -0.3009 -0.3830
vn 0.8777 -0.2711 -0.3952
vn 0.7967 -0.2894 -0.5305
vn 0.8796 -0.2551 -0.4014
vn 0.9406 -0.2192 -0.2593
vn 0.9371 -0.2482 -0.2452
vn 0.9781 -0.1794 -0.1058
vn 0.9810 -0.1513 -0.1218
vn 0.9421 -0.2036 -0.2666
vn 0.9821 -0.1363 -0.1303
vn 0.9975 -0.0697 0.0130
vn 0.9948 -0.0967 0.0310
vn 0.9870 -0.0024 0.1610
vn 0.9897 0.0232 0.1412
vn 0.9985 -0.0553 0.0035
vn 0.9908 0.0368 0.1306
vn 0.7861 0.1780 0.5920
vn 0.9579 0.1246 0.2588
vn 0.9546 0.1004 0.2803
vn 0.6134 -0.0361 -0.7889
vn 0.7850 0.1878 0.5903
vn 0.9592 0.1374 0.2473
vn -0.5023 0.1098 -0.8577
vn 0.7582 -0.4209 -0.4980
vn -0.4722 0.1082 -0.8748
vn 0.1008 -0.6519 -0.7515
vn 0.2500 -0.6958 -0.6733
vn 0.2507 -0.6948 -0.6741
vn 0.1015 -0.6509 -0.7523
vn -0.0522 -0.5894 -0.8062
vn -0.0515 -0.5884 -0.8069
vn -0.6415 -0.1375 -0.7547
vn -0.6417 -0.1385 -0.7544
vn 0.8360 -0.5356 0.1193
vn 0.6864 0.0467 0.7258
vn 0.6863 0.0466 0.7258
vn 0.8549 -0.4449 0.2668
vn 0.8367 -0.5346 0.1186
vn 0.7917 -0.6101 -0.0316
vn 0.7924 -0.6091 -0.0323
vn 0.7226 -0.6672 -0.1808
vn 0.7233 -0.6662 -0.1816
vn 0.7327 -0.0134 0.6804
vn 0.7319 -0.0139 0.6813
vn 0.6308 -0.7052 -0.3238
vn 0.6315 -0.7042 -0.3245
vn 0.5191 -0.7228 -0.4561
vn 0.5198 -0.7219 -0.4569
vn 0.5198 -0.7218 -0.4569
vn 0.3909 -0.7197 -0.5738
vn 0.3916 -0.7187 -0.5746
vn 0.6561 -0.6687 -0.3498
vn 0.8293 -0.0964 0.5504
vn 0.8292 -0.0966 0.5506
vn 0.7473 -0.6318 -0.2059
vn 0.6553 -0.6698 -0.3491
vn 0.5442 -0.6864 -0.4823
vn 0.5435 -0.6875 -0.4816
vn 0.8607 -0.1475 0.4872
vn 0.8882 -0.1944 0.4164
vn 0.4151 -0.6844 -0.5994
vn 0.0728 -0.5912 -0.8032
vn 0.0730 -0.5911 -0.8033
vn -0.0034 -0.5599 -0.8285
vn 0.8046 -0.5921 -0.0444
vn 0.7847 -0.0536 0.6176
vn 0.7425 -0.0013 0.6698
vn 0.6508 -0.6767 -0.3443
vn 0.7427 -0.6387 -0.2012
vn 0.6436 -0.6873 -0.3369
vn 0.7355 -0.6493 -0.1938
vn 0.5317 -0.7050 -0.4693
vn 0.5389 -0.6944 -0.4768
vn 0.4105 -0.6913 -0.5947
vn 0.4034 -0.7018 -0.5871
vn 0.7372 -0.0098 0.6756
vn 0.7973 -0.6024 -0.0371
vn 0.7282 -0.6595 -0.1864
vn 0.6363 -0.6975 -0.3294
vn 0.5246 -0.7152 -0.4618
vn 0.3963 -0.7121 -0.5796
vn -0.0162 -0.5782 -0.8157
vn -0.0118 -0.5762 -0.8172
vn 0.1061 -0.6443 -0.7574
vn 0.2553 -0.6882 -0.6791
vn 0.1131 -0.6340 -0.7650
vn 0.2624 -0.6779 -0.6867
vn -0.0401 -0.5714 -0.8197
vn -0.0470 -0.5817 -0.8120
vn -0.1992 -0.5024 -0.8414
vn -0.6408 -0.1372 -0.7553
vn -0.1924 -0.4920 -0.8491
vn 0.5219 0.2233 0.8233
vn 0.7559 -0.1074 0.6459
vn 0.8163 -0.2247 0.5322
vn 0.5813 0.1663 0.7965
vn 0.8236 -0.2142 0.5252
vn 0.7632 -0.0968 0.6389
vn 0.8586 -0.3257 0.3959
vn 0.8512 -0.3361 0.4030
vn 0.8598 -0.4382 0.2621
vn 0.8464 -0.3429 0.4076
vn 0.8671 -0.4278 0.2550
vn 0.8490 -0.5175 0.1067
vn 0.8416 -0.5279 0.1139
vn 0.7282 -0.6596 -0.1864
vn 0.6363 -0.6976 -0.3294
vn 0.5245 -0.7152 -0.4618
vn 0.1194 -0.6245 -0.7718
vn 0.2688 -0.6685 -0.6935
vn -0.0338 -0.5619 -0.8265
vn -0.1861 -0.4825 -0.8559
vn -0.6027 0.7061 0.3718
vn -0.1971 0.6580 0.7268
vn 0.6857 0.0326 0.7272
vn 0.4654 0.2911 0.8359
vn 0.3986 0.3483 0.8484
vn 0.4017 0.3491 0.8466
vn 0.7697 -0.0872 0.6325
vn 0.8301 -0.2046 0.5187
vn 0.8651 -0.3161 0.3894
vn 0.8737 -0.4183 0.2484
vn 0.8555 -0.5080 0.1001
vn 0.8111 -0.5826 -0.0510
vn 0.7420 -0.6398 -0.2004
vn 0.6500 -0.6778 -0.3436
vn 0.5382 -0.6955 -0.4760
vn 0.4098 -0.6924 -0.5939
vn 0.2330 -0.4284 -0.8730
vn 0.3782 -0.4711 -0.7969
vn 0.2609 -0.3716 -0.8910
vn 0.4035 -0.4135 -0.8162
vn 0.1146 -0.3118 -0.9432
vn 0.0840 -0.3675 -0.9262
vn 0.5153 -0.4944 -0.7000
vn 0.6402 -0.4974 -0.5854
vn 0.5382 -0.4364 -0.7211
vn 0.6608 -0.4394 -0.6086
vn 0.7489 -0.4802 -0.4566
vn 0.8383 -0.4433 -0.3174
vn 0.7675 -0.4225 -0.4820
vn 0.8553 -0.3862 -0.3454
vn 0.9056 -0.3877 -0.1721
vn 0.9487 -0.3151 -0.0252
vn 0.9214 -0.3316 -0.2027
vn 0.9637 -0.2603 -0.0584
vn 0.9664 -0.2279 0.1190
vn 0.9581 -0.1285 0.2561
vn 0.9811 -0.1747 0.0832
vn 0.9729 -0.0771 0.2178
vn 0.9240 -0.0201 0.3818
vn 0.8653 0.0941 0.4924
vn 0.9395 0.0293 0.3413
vn 0.8818 0.1415 0.4499
vn 0.7836 0.2105 0.5845
vn 0.6815 0.3258 0.6553
vn 0.8016 0.2559 0.5404
vn 0.7013 0.3691 0.6099
vn 0.5620 0.4363 0.7027
vn 0.4289 0.5387 0.7251
vn 0.5840 0.4776 0.6564
vn 0.4533 0.5782 0.6784
vn 0.2861 0.6299 0.7221
vn 0.1379 0.7072 0.6935
vn 0.2348 0.6098 0.7570
vn 0.2405 0.5896 0.7711
vn -0.4205 0.7670 0.4847
vn -0.0110 0.7680 0.6403
vn -0.3371 0.7800 0.5273
vn -0.3408 0.7873 0.5138
vn 0.0990 0.6617 0.7432
vn 0.1303 0.6658 0.7346
vn -0.0641 -0.2903 -0.9548
vn -0.0309 -0.2360 -0.9713
vn 0.2847 -0.3199 -0.9037
vn 0.4245 -0.3610 -0.8304
vn 0.1413 -0.2612 -0.9549
vn 0.5564 -0.3834 -0.7371
vn 0.6766 -0.3863 -0.6269
vn 0.7813 -0.3698 -0.5029
vn 0.8673 -0.3341 -0.3689
vn 0.9321 -0.2807 -0.2291
vn 0.9736 -0.2108 -0.0876
vn 0.9906 -0.1269 0.0512
vn 0.9826 -0.0312 0.1831
vn 0.9498 0.0731 0.3041
vn 0.8933 0.1830 0.4106
vn 0.7830 0.1775 0.5962
vn 0.8146 0.2951 0.4992
vn 0.6619 0.3006 0.6867
vn 0.5366 0.4683 -0.7020
vn 0.7316 0.2442 0.6365
vn 0.6014 0.5124 0.6130
vn 0.3297 0.5809 0.7442
vn 0.9160 0.0004 -0.4011
vn 0.5970 0.3813 0.7059
vn 0.6222 0.3123 0.7179
vn -0.5233 0.0719 -0.8491
vn -0.5241 0.0575 -0.8497
vn 0.1784 -0.5292 -0.8296
vn 0.0262 -0.4669 -0.8839
vn 0.1622 -0.5567 -0.8147
vn 0.0094 -0.4942 -0.8693
vn 0.3111 -0.6005 -0.7366
vn 0.3268 -0.5728 -0.7517
vn -0.1252 -0.3880 -0.9131
vn -0.1425 -0.4151 -0.8986
vn -0.3595 0.7609 0.5401
vn -0.5010 0.7339 0.4586
vn -0.5023 0.7344 0.4565
vn -0.2194 0.7372 0.6391
vn -0.3776 0.7378 0.5596
vn -0.2369 0.7140 0.6589
vn -0.7738 0.6281 0.0826
vn -0.7631 0.6422 0.0725
vn -0.0710 0.6935 0.7169
vn 0.0813 0.6313 0.7713
vn -0.0880 0.6701 0.7370
vn 0.0647 0.6077 0.7915
vn 0.2326 0.5524 0.8005
vn 0.3786 0.4592 0.8036
vn 0.2166 0.5285 0.8208
vn 0.3630 0.4350 0.8240
vn 0.5146 0.3545 0.7807
vn 0.6367 0.2416 0.7323
vn 0.4996 0.3300 0.8010
vn 0.6221 0.2167 0.7524
vn 0.7411 0.1238 0.6599
vn 0.8245 0.0048 0.5658
vn 0.7268 0.0985 0.6798
vn 0.8105 -0.0209 0.5854
vn 0.8846 -0.1119 0.4528
vn 0.9194 -0.2227 0.3243
vn 0.8708 -0.1380 0.4720
vn 0.9057 -0.2492 0.3430
vn 0.9279 -0.3242 0.1842
vn 0.9098 -0.4134 0.0369
vn 0.9142 -0.3511 0.2025
vn 0.8961 -0.4405 0.0546
vn 0.8657 -0.4875 -0.1133
vn 0.7970 -0.5443 -0.2618
vn 0.8518 -0.5149 -0.0961
vn 0.7829 -0.5719 -0.2450
vn 0.7056 -0.5821 -0.4040
vn 0.5945 -0.5997 -0.5357
vn 0.6912 -0.6098 -0.3877
vn 0.5797 -0.6275 -0.5198
vn 0.4669 -0.5966 -0.6528
vn 0.4517 -0.6243 -0.6373
vn 0.1411 -0.5910 -0.7943
vn -0.0120 -0.5284 -0.8489
vn 0.2904 -0.6349 -0.7160
vn -0.1643 -0.4490 -0.8783
vn -0.4000 0.7067 0.5835
vn -0.2590 0.6829 0.6831
vn -0.1097 0.6389 0.7614
vn 0.0434 0.5763 0.8161
vn 0.1957 0.4970 0.8454
vn 0.3425 0.4032 0.8486
vn 0.4793 0.2979 0.8255
vn 0.6021 0.1843 0.7768
vn 0.7071 0.0659 0.7040
vn 0.7911 -0.0539 0.6094
vn 0.8515 -0.1713 0.4957
vn 0.8865 -0.2827 0.3664
vn 0.8950 -0.3848 0.2255
vn 0.8768 -0.4745 0.0773
vn 0.8325 -0.5491 -0.0738
vn 0.7633 -0.6062 -0.2231
vn 0.6715 -0.6442 -0.3662
vn 0.5597 -0.6619 -0.4986
vn 0.4313 -0.6588 -0.6164
vn -0.4733 -0.7318 0.4904
vn -0.4747 -0.7312 0.4899
vn -0.4753 -0.7566 0.4490
vn -0.4665 -0.7602 0.4522
vn -0.4719 -0.7322 0.4911
vn -0.4580 -0.7627 0.4566
vn -0.4706 -0.7324 0.4920
vn -0.4499 -0.7641 0.4624
vn -0.4695 -0.7324 0.4931
vn -0.4425 -0.7643 0.4691
vn -0.4684 -0.7323 0.4943
vn -0.4361 -0.7633 0.4767
vn -0.4676 -0.7319 0.4956
vn -0.4308 -0.7611 0.4849
vn -0.4669 -0.7314 0.4970
vn -0.4269 -0.7578 0.4935
vn -0.4665 -0.7307 0.4984
vn -0.4243 -0.7535 0.5021
vn -0.4664 -0.7299 0.4998
vn -0.4233 -0.7484 0.5106
vn -0.4664 -0.7289 0.5011
vn -0.4238 -0.7425 0.5187
vn -0.4668 -0.7279 0.5023
vn 0.0818 -0.3975 0.9139
vn 0.0775 -0.3927 0.9164
vn 0.0769 -0.3908 0.9173
vn -0.4673 -0.7268 0.5033
vn 0.0758 -0.3890 0.9181
vn -0.4681 -0.7257 0.5042
vn 0.0744 -0.3874 0.9189
vn -0.4691 -0.7246 0.5049
vn 0.0728 -0.3860 0.9196
vn -0.4702 -0.7236 0.5053
vn -0.0387 -0.1664 0.9853
vn -0.2553 -0.1163 0.9598
vn -0.4715 -0.7226 0.5056
vn -0.2574 -0.1157 0.9593
vn -0.4728 -0.7217 0.5055
vn -0.2595 -0.1146 0.9589
vn -0.4742 -0.7210 0.5053
vn -0.8195 -0.0491 0.5710
vn -0.8209 -0.0491 0.5690
vn -0.4761 -0.7305 0.4896
vn -0.9554 -0.2773 0.1017
vn -0.9546 -0.2808 0.0991
vn 0.4574 -0.2669 -0.8483
vn 0.3706 -0.4874 -0.7906
vn 0.0035 -0.4318 -0.9020
vn -0.0074 -0.3856 -0.9227
vn 0.3236 -0.2276 -0.9184
vn -0.0489 -0.4976 -0.8660
vn 0.5083 -0.5108 -0.6934
vn 0.5837 -0.2883 -0.7591
vn 0.6986 -0.2912 -0.6535
vn 0.6337 -0.5138 -0.5783
vn 0.7429 -0.4965 -0.4489
vn 0.7988 -0.2753 -0.5349
vn 0.8811 -0.2413 -0.4067
vn 0.8327 -0.4594 -0.3091
vn 0.9003 -0.4036 -0.1632
vn 0.9431 -0.1901 -0.2729
vn 0.9828 -0.1233 -0.1376
vn 0.9436 -0.3307 -0.0156
vn 0.9614 -0.2431 0.1293
vn 0.9991 -0.0429 -0.0048
vn 0.8534 -0.0216 0.5208
vn 0.8957 0.1057 0.4319
vn 0.8129 -0.0814 0.5766
vn -0.4366 -0.8411 0.3193
vn -0.4694 -0.8277 0.3075
vn -0.3615 -0.9291 0.0781
vn -0.5029 -0.7636 -0.4050
vn -0.4784 -0.7756 -0.4117
vn -0.2920 -0.9496 0.1145
vn -0.4046 -0.8506 0.3360
vn -0.3744 -0.8556 0.3574
vn -0.2263 -0.9607 0.1609
vn -0.1665 -0.9621 0.2157
vn -0.3468 -0.8564 0.3826
vn -0.3229 -0.8525 0.4110
vn -0.1145 -0.9539 0.2775
vn -0.0716 -0.9362 0.3441
vn -0.3031 -0.8444 0.4417
vn -0.2884 -0.8321 0.4737
vn -0.0395 -0.9096 0.4137
vn -0.0188 -0.8749 0.4840
vn -0.2788 -0.8162 0.5061
vn -0.2750 -0.7969 0.5379
vn -0.0104 -0.8331 0.5531
vn 0.2854 -0.4287 0.8572
vn 0.1413 -0.4233 0.8949
vn 0.1215 -0.4002 0.9083
vn -0.9501 -0.3022 0.0773
vn -0.9332 -0.3594 -0.0040
vn 0.4209 0.0655 -0.9048
vn 0.4784 0.3562 -0.8027
vn 0.5479 0.3357 -0.7662
vn 0.5279 0.0340 -0.8486
vn 0.4908 0.5485 -0.6770
vn 0.4524 0.5642 -0.6907
vn 0.5283 0.5374 -0.6573
vn 0.6290 0.0169 -0.7772
vn 0.6136 0.3246 -0.7198
vn 0.6734 0.3231 -0.6650
vn 0.7210 0.0146 -0.6928
vn 0.5637 0.5314 -0.6323
vn 0.5959 0.5306 -0.6027
vn 0.8012 0.0273 -0.5978
vn 0.7254 0.3314 -0.6033
vn 0.7682 0.3490 -0.5366
vn 0.8670 0.0545 -0.4952
vn 0.6240 0.5351 -0.5695
vn 0.6471 0.5446 -0.5336
vn 0.9166 0.0956 -0.3882
vn 0.8004 0.3757 -0.4671
vn 0.8211 0.4104 -0.3967
vn 0.9484 0.1490 -0.2798
vn 0.6644 0.5590 -0.4961
vn 0.6756 0.5777 -0.4581
vn 0.9614 0.2133 -0.1736
vn 0.8295 0.4522 -0.3277
vn 0.8995 0.2781 0.3369
vn 0.8572 0.4431 0.2625
vn 0.6801 0.6002 -0.4209
vn 0.7949 0.5545 0.2463
vn 0.8092 0.5375 0.2372
vn -0.2784 0.6353 -0.7204
vn 0.0636 0.1031 -0.9926
vn -0.3320 0.3083 -0.8915
vn -0.2410 -0.9474 -0.2107
vn -0.0990 -0.8743 -0.4753
vn 0.0348 -0.9136 -0.4051
vn -0.1340 -0.9789 -0.1546
vn 0.0203 -0.7572 -0.6528
vn -0.1120 -0.5672 -0.8160
vn 0.1662 -0.8001 -0.5763
vn -0.0329 -0.9960 -0.0831
vn 0.1611 -0.9350 -0.3159
vn 0.2761 -0.9378 -0.2104
vn 0.0591 -0.9982 0.0013
vn 0.3040 -0.8235 -0.4791
vn 0.4293 -0.8266 -0.3640
vn 0.1393 -0.9856 0.0963
vn 0.3762 -0.9220 -0.0918
vn 0.4585 -0.8879 0.0364
vn 0.2052 -0.9583 0.1988
vn 0.5386 -0.8093 -0.2346
vn 0.6283 -0.7721 -0.0948
vn 0.2547 -0.9173 0.3059
vn 0.5205 -0.8367 0.1702
vn 0.5602 -0.7699 0.3055
vn 0.2866 -0.8639 0.4142
vn 0.6959 -0.7163 0.0511
vn 0.7392 -0.6435 0.1987
vn 0.2995 -0.7996 0.5205
vn 0.5765 -0.6896 0.4384
vn 0.6201 -0.3147 0.7186
vn 0.4579 -0.3954 0.7962
vn 0.7570 -0.5558 0.3436
vn 0.7270 -0.2144 0.6523
vn 0.4010 -0.0050 -0.9161
vn 0.5155 -0.0385 -0.8560
vn 0.2837 0.0431 -0.9580
vn 0.6236 -0.0570 -0.7797
vn 0.7220 -0.0593 -0.6894
vn 0.8077 -0.0459 -0.5878
vn 0.8781 -0.0166 -0.4782
vn 0.9311 0.0271 -0.3636
vn 0.9651 0.0844 -0.2479
vn 0.9791 0.1530 -0.1341
vn 0.9725 0.2315 -0.0262
vn 0.5696 0.1312 -0.8114
vn 0.9457 0.3168 0.0730
vn 0.8462 0.3633 0.3898
vn 0.2899 0.3182 -0.9026
vn -0.5009 0.2650 -0.8240
vn 0.9141 0.1286 -0.3846
vn 0.4139 0.4443 0.7945
vn -0.7599 0.6455 0.0765
vn -0.5433 0.1044 0.8330
vn 0.5807 0.1662 0.7970
vn 0.6362 0.1058 0.7642
vn 0.7920 -0.0425 0.6091
vn 0.7890 -0.0503 0.6123
vn 0.4582 0.2849 0.8419
vn 0.4624 0.2902 0.8378
vn -0.2809 0.7391 0.6122
vn 0.5564 -0.6908 -0.4618
vn 0.3774 0.3420 0.8606
vn 0.2746 -0.7503 0.6014
vn 0.3064 -0.7408 0.5978
vn 0.6160 -0.5934 -0.5181
vn -0.6857 -0.0658 -0.7249
vn -0.6900 -0.0717 -0.7202
vn -0.6819 -0.0601 -0.7289
vn 0.6788 -0.4726 -0.5620
vn -0.6153 0.0567 -0.7863
vn -0.6476 -0.0025 -0.7620
vn 0.5879 -0.6363 -0.4995
vn -0.6724 -0.0362 -0.7393
vn -0.7872 0.6094 0.0946
vn -0.9548 -0.2831 0.0910
vn -0.9551 -0.0432 0.2931
vn 0.5079 0.6904 -0.5151
vn -0.7562 0.6402 -0.1353
vn -0.6406 -0.1370 -0.7556
vn -0.8140 -0.4290 -0.3916
vn -0.0939 -0.5420 -0.8351
vn -0.0930 -0.5415 -0.8355
vn -0.0084 -0.5703 -0.8214
vn -0.0040 -0.5647 -0.8253
vn -0.0036 -0.2520 -0.9677
vn 0.0501 -0.0795 -0.9956
vn 0.0821 0.0819 -0.9932
vn -0.3853 -0.7454 -0.5440
vn -0.2829 -0.6779 -0.6785
vn -0.2008 -0.5878 -0.7837
vn -0.1692 -0.5016 -0.8484
# 716 vertex normals

vt 0.7774 0.1339 0.4270
vt 0.7500 0.1339 0.4271
vt 0.7500 0.0869 0.4286
vt 0.7774 0.0869 0.4284
vt 0.8048 0.1339 0.4264
vt 0.8048 0.0869 0.4279
vt 0.8048 0.1840 0.4282
vt 0.7774 0.1840 0.4287
vt 0.7500 0.1840 0.4289
vt 0.8323 0.1339 0.4256
vt 0.8323 0.0869 0.4270
vt 0.8520 0.0869 0.4263
vt 0.8493 0.1339 0.4250
vt 0.8323 0.1840 0.4273
vt 0.2500 0.1339 0.4271
vt 0.2226 0.1339 0.4270
vt 0.2226 0.0869 0.4284
vt 0.2500 0.0869 0.4286
vt 0.2226 0.1840 0.4287
vt 0.2500 0.1660 0.4283
vt 0.2292 0.1840 0.4287
vt 0.2220 0.1840 0.4287
vt 0.2185 0.1339 0.4269
vt 0.2774 0.1339 0.4270
vt 0.2774 0.0869 0.4284
vt 0.3048 0.1339 0.4264
vt 0.3048 0.0869 0.4279
vt 0.3048 0.1427 0.4267
vt 0.2774 0.1503 0.4275
vt 0.3323 0.1339 0.4256
vt 0.3323 0.0869 0.4270
vt 0.3600 0.1339 0.4246
vt 0.3600 0.0869 0.4260
vt 0.3323 0.1435 0.4259
vt 0.3600 0.1526 0.4253
vt 0.3878 0.1339 0.4236
vt 0.3878 0.0869 0.4250
vt 0.4157 0.1339 0.4226
vt 0.4157 0.0869 0.4240
vt 0.4157 0.1840 0.4243
vt 0.4035 0.1840 0.4247
vt 0.3878 0.1699 0.4248
vt 0.4437 0.1339 0.4217
vt 0.4437 0.0869 0.4232
vt 0.4718 0.1339 0.4212
vt 0.4718 0.0869 0.4226
vt 0.4718 0.1840 0.4229
vt 0.4437 0.1840 0.4235
vt 0.5000 0.1339 0.4210
vt 0.5000 0.0869 0.4224
vt 0.5282 0.1339 0.4212
vt 0.5282 0.0869 0.4226
vt 0.5282 0.1840 0.4229
vt 0.5000 0.1840 0.4227
vt 0.5563 0.1339 0.4217
vt 0.5563 0.0869 0.4232
vt 0.5843 0.1339 0.4226
vt 0.5843 0.0869 0.4240
vt 0.5843 0.1840 0.4243
vt 0.5563 0.1840 0.4235
vt 0.6122 0.1339 0.4236
vt 0.6122 0.0869 0.4250
vt 0.6400 0.1339 0.4246
vt 0.6400 0.0869 0.4260
vt 0.6400 0.1840 0.4264
vt 0.6122 0.1840 0.4253
vt 0.6677 0.1339 0.4256
vt 0.6677 0.0869 0.4270
vt 0.6952 0.1339 0.4264
vt 0.6952 0.0869 0.4279
vt 0.6952 0.1840 0.4282
vt 0.6677 0.1840 0.4273
vt 0.7226 0.1339 0.4270
vt 0.7226 0.0869 0.4284
vt 0.7226 0.1840 0.4287
vt 0.1667 0.0005 0.4317
vt -0.2774 0.0005 0.4346
vt -0.3048 0.0005 0.4343
vt 0.1677 0.0005 0.4333
vt 0.5008 0.0005 0.4778
vt 0.5318 0.0005 0.5150
vt 0.5379 0.0005 0.5128
vt 0.4589 0.0005 0.4762
vt 0.4167 0.0005 0.4756
vt 0.4880 0.0005 0.5113
vt 0.4379 0.0005 0.5113
vt 0.3744 0.0005 0.4762
vt 0.3325 0.0005 0.4778
vt 0.3880 0.0005 0.5128
vt 0.3385 0.0005 0.5150
vt 0.2909 0.0005 0.4796
vt 0.2497 0.0005 0.4807
vt 0.2895 0.0005 0.5169
vt 0.2407 0.0005 0.5177
vt 0.2086 0.0005 0.4807
vt -0.1677 0.0005 0.4333
vt -0.1952 0.0005 0.4343
vt -0.2226 0.0005 0.4346
vt -0.2500 0.0005 0.4350
vt 0.7774 0.0477 0.5021
vt 0.8048 0.0477 0.5015
vt 0.8048 0.0535 0.4752
vt 0.7774 0.0535 0.4758
vt 0.7500 0.0477 0.5023
vt 0.7500 0.0535 0.4760
vt 0.7500 0.0420 0.5326
vt 0.7774 0.0420 0.5323
vt 0.8048 0.0420 0.5317
vt 0.7226 0.0477 0.5021
vt 0.7226 0.0535 0.4758
vt 0.6952 0.0477 0.5015
vt 0.6952 0.0535 0.4752
vt 0.6952 0.0420 0.5317
vt 0.7226 0.0420 0.5323
vt 0.6677 0.0477 0.5005
vt 0.6677 0.0535 0.4743
vt 0.6400 0.0477 0.4993
vt 0.6400 0.0535 0.4732
vt 0.6400 0.0420 0.5294
vt 0.6677 0.0420 0.5307
vt 0.6122 0.0477 0.4981
vt 0.6122 0.0535 0.4720
vt 0.5843 0.0477 0.4969
vt 0.5843 0.0535 0.4709
vt 0.5843 0.0420 0.5269
vt 0.6122 0.0420 0.5281
vt 0.5563 0.0477 0.4960
vt 0.5563 0.0535 0.4700
vt 0.5282 0.0477 0.4953
vt 0.5282 0.0535 0.4694
vt 0.5282 0.0420 0.5252
vt 0.5563 0.0420 0.5258
vt 0.5000 0.0477 0.4951
vt 0.5000 0.0535 0.4692
vt 0.4718 0.0477 0.4953
vt 0.4718 0.0535 0.4694
vt 0.4718 0.0420 0.5252
vt 0.5000 0.0420 0.5250
vt 0.4437 0.0477 0.4960
vt 0.4437 0.0535 0.4700
vt 0.4157 0.0477 0.4969
vt 0.4157 0.0535 0.4709
vt 0.4157 0.0420 0.5269
vt 0.4437 0.0420 0.5258
vt 0.3878 0.0477 0.4981
vt 0.3878 0.0535 0.4720
vt 0.3600 0.0477 0.4993
vt 0.3600 0.0535 0.4732
vt 0.3600 0.0420 0.5294
vt 0.3878 0.0420 0.5281
vt 0.3323 0.0477 0.5005
vt 0.3323 0.0535 0.4743
vt 0.3048 0.0477 0.5015
vt 0.3048 0.0535 0.4752
vt 0.3048 0.0420 0.5317
vt 0.3323 0.0420 0.5307
vt 0.2774 0.0477 0.5021
vt 0.2774 0.0535 0.4758
vt 0.2500 0.0477 0.5023
vt 0.2500 0.0535 0.4760
vt 0.2774 0.0420 0.5323
vt 0.2500 0.0449 0.5171
vt 0.2563 0.0420 0.5325
vt 0.2415 0.0477 0.5022
vt 0.8323 0.0477 0.5005
vt 0.8323 0.0535 0.4743
vt 0.8323 0.0420 0.5307
vt 0.8402 0.0420 0.5303
vt 0.8435 0.0477 0.5000
vt 0.7774 0.0199 0.7832
vt 0.8048 0.0199 0.7823
vt 0.8048 0.0200 0.7616
vt 0.7774 0.0200 0.7625
vt 0.7500 0.0199 0.7836
vt 0.7500 0.0200 0.7628
vt 0.7500 0.0199 0.8164
vt 0.7774 0.0199 0.8161
vt 0.8048 0.0199 0.8151
vt 0.7226 0.0199 0.7832
vt 0.7226 0.0200 0.7625
vt 0.6952 0.0199 0.7823
vt 0.6952 0.0200 0.7616
vt 0.6952 0.0199 0.8151
vt 0.7226 0.0199 0.8161
vt 0.6677 0.0199 0.7808
vt 0.6677 0.0200 0.7601
vt 0.6400 0.0199 0.7790
vt 0.6400 0.0200 0.7583
vt 0.6400 0.0199 0.8116
vt 0.6677 0.0199 0.8135
vt 0.6122 0.0199 0.7770
vt 0.6122 0.0200 0.7564
vt 0.5843 0.0199 0.7752
vt 0.5843 0.0200 0.7547
vt 0.5843 0.0199 0.8077
vt 0.6122 0.0199 0.8096
vt 0.5563 0.0199 0.7737
vt 0.5563 0.0200 0.7532
vt 0.5282 0.0199 0.7727
vt 0.5282 0.0200 0.7522
vt 0.5282 0.0199 0.8051
vt 0.5563 0.0199 0.8061
vt 0.5176 0.0199 0.8050
vt 0.5085 0.0199 0.7725
vt 0.8208 0.0199 0.8142
vt 0.8223 0.0199 0.7813
vt 0.7500 0.0072 0.9982
vt 0.7759 0.0072 0.9978
vt 0.7751 0.0102 1.0004
vt 0.7500 0.0102 1.0008
vt 0.7226 0.0102 1.0004
vt 0.7500 0.0132 0.9982
vt 0.7226 0.0132 0.9977
vt 0.6952 0.0102 0.9992
vt 0.6952 0.0132 0.9965
vt 0.6952 0.0072 0.9965
vt 0.7226 0.0072 0.9977
vt 0.6677 0.0102 0.9973
vt 0.6677 0.0132 0.9946
vt 0.6400 0.0102 0.9949
vt 0.6400 0.0132 0.9923
vt 0.6400 0.0072 0.9923
vt 0.6677 0.0072 0.9946
vt 0.6122 0.0102 0.9925
vt 0.6122 0.0132 0.9898
vt 0.5843 0.0102 0.9901
vt 0.5843 0.0132 0.9875
vt 0.5843 0.0072 0.9875
vt 0.6122 0.0072 0.9898
vt 0.5563 0.0102 0.9882
vt 0.5563 0.0132 0.9856
vt 0.5563 0.0072 0.9856
vt 0.5526 0.0102 0.9880
vt 0.5523 0.0072 0.9854
vt 0.7774 0.0221 0.7257
vt 0.7774 0.0243 0.6960
vt 0.7500 0.0243 0.6963
vt 0.7500 0.0221 0.7260
vt 0.7774 0.0209 0.7433
vt 0.7500 0.0209 0.7436
vt 0.8048 0.0209 0.7424
vt 0.8048 0.0221 0.7248
vt 0.8048 0.0243 0.6952
vt 0.7226 0.0221 0.7257
vt 0.7226 0.0243 0.6960
vt 0.6952 0.0243 0.6952
vt 0.6952 0.0221 0.7248
vt 0.7226 0.0209 0.7433
vt 0.6952 0.0209 0.7424
vt 0.6677 0.0221 0.7235
vt 0.6677 0.0243 0.6938
vt 0.6400 0.0243 0.6922
vt 0.6400 0.0221 0.7218
vt 0.6677 0.0209 0.7410
vt 0.6400 0.0209 0.7393
vt 0.6122 0.0221 0.7200
vt 0.6122 0.0243 0.6905
vt 0.5843 0.0243 0.6889
vt 0.5843 0.0221 0.7183
vt 0.6122 0.0209 0.7374
vt 0.5843 0.0209 0.7357
vt 0.5563 0.0221 0.7169
vt 0.5563 0.0243 0.6875
vt 0.5282 0.0243 0.6867
vt 0.5282 0.0221 0.7160
vt 0.5563 0.0209 0.7343
vt 0.5282 0.0209 0.7333
vt 0.4872 0.0221 0.7158
vt 0.5000 0.0221 0.7157
vt 0.5000 0.0243 0.6864
vt 0.4730 0.0243 0.6867
vt 0.4950 0.0209 0.7331
vt 0.5000 0.0209 0.7330
vt 0.8254 0.0221 0.7238
vt 0.8271 0.0243 0.6941
vt 0.8244 0.0209 0.7414
vt 0.7774 0.4130 0.7202
vt 0.7500 0.4130 0.7206
vt 0.7500 0.2972 0.5370
vt 0.7774 0.2972 0.5368
vt 0.8048 0.4130 0.7194
vt 0.8048 0.2972 0.5361
vt 0.8273 0.2972 0.5353
vt 0.8120 0.4130 0.7190
vt 0.5843 0.4130 0.7128
vt 0.5637 0.4130 0.7118
vt 0.5563 0.3924 0.6793
vt 0.5563 0.2972 0.5302
vt 0.5843 0.2972 0.5312
vt 0.6122 0.4130 0.7145
vt 0.6122 0.2972 0.5325
vt 0.6400 0.4130 0.7163
vt 0.6400 0.2972 0.5338
vt 0.6400 0.5287 0.8988
vt 0.6122 0.5287 0.8965
vt 0.5958 0.5287 0.8953
vt 0.5843 0.4814 0.8202
vt 0.6677 0.4130 0.7180
vt 0.6677 0.2972 0.5351
vt 0.6952 0.4130 0.7194
vt 0.6952 0.2972 0.5361
vt 0.6952 0.5287 0.9026
vt 0.6677 0.5287 0.9009
vt 0.7226 0.4130 0.7202
vt 0.7226 0.2972 0.5368
vt 0.7500 0.5287 0.9041
vt 0.7226 0.5287 0.9037
vt 0.6677 0.8049 1.0103
vt 0.6640 0.8049 1.0100
vt 0.6400 0.7177 1.0069
vt 0.6400 0.6702 1.0063
vt 0.6677 0.6702 1.0086
vt 0.6952 0.8049 1.0123
vt 0.6952 0.6702 1.0105
vt 0.6677 0.8182 1.0103
vt 0.6952 0.9066 1.0123
vt 0.7226 0.6702 1.0118
vt 0.7226 0.7794 1.0132
vt 0.7212 0.8049 1.0135
vt 0.7293 0.6702 1.0119
vt 0.6122 0.5963 0.9882
vt 0.6122 0.6068 0.9945
vt 0.6099 0.5963 0.9880
vt 0.6677 0.6137 1.0034
vt 0.6400 0.6137 1.0011
vt 0.6677 0.5963 0.9930
vt 0.6400 0.5963 0.9907
vt 0.6952 0.5963 0.9949
vt 0.6952 0.6137 1.0053
vt 0.7226 0.6137 1.0066
vt 0.7226 0.5963 0.9961
vt 0.6063 0.5789 0.9705
vt 0.6122 0.5789 0.9710
vt 0.6400 0.5789 0.9734
vt 0.6677 0.5789 0.9757
vt 0.6952 0.5789 0.9776
vt 0.7226 0.5789 0.9788
vt 0.7500 0.5446 0.9279
vt 0.7396 0.5789 0.9790
vt 0.7774 0.2470 0.4617
vt 0.7500 0.2470 0.4619
vt 0.7774 0.2296 0.4443
vt 0.7500 0.2296 0.4445
vt 0.8048 0.2296 0.4438
vt 0.8048 0.2470 0.4611
vt 0.8323 0.2470 0.4603
vt 0.8323 0.2699 0.4944
vt 0.8323 0.2296 0.4429
vt 0.4718 0.2512 0.4617
vt 0.4718 0.2470 0.4555
vt 0.5000 0.2470 0.4553
vt 0.5000 0.2849 0.5111
vt 0.5000 0.2296 0.4382
vt 0.4718 0.2296 0.4384
vt 0.5282 0.2296 0.4384
vt 0.5282 0.2470 0.4555
vt 0.5563 0.2470 0.4561
vt 0.5282 0.2972 0.5295
vt 0.5563 0.2296 0.4389
vt 0.5843 0.2296 0.4398
vt 0.5843 0.2470 0.4570
vt 0.6122 0.2470 0.4580
vt 0.6122 0.2296 0.4408
vt 0.6400 0.2296 0.4419
vt 0.6400 0.2470 0.4592
vt 0.6677 0.2470 0.4603
vt 0.6677 0.2296 0.4429
vt 0.6952 0.2296 0.4438
vt 0.6952 0.2470 0.4611
vt 0.7226 0.2470 0.4617
vt 0.7226 0.2296 0.4443
vt 0.7774 0.2122 0.4339
vt 0.7500 0.2122 0.4341
vt 0.8048 0.2122 0.4334
vt 0.8323 0.2122 0.4325
vt 0.2225 0.1893 0.4297
vt 0.2226 0.1892 0.4297
vt 0.4437 0.2122 0.4286
vt 0.4437 0.2223 0.4346
vt 0.4328 0.2122 0.4289
vt 0.4157 0.1940 0.4261
vt 0.4718 0.2122 0.4281
vt 0.5000 0.2122 0.4279
vt 0.5282 0.2122 0.4281
vt 0.5563 0.2122 0.4286
vt 0.5843 0.2122 0.4294
vt 0.6122 0.2122 0.4305
vt 0.6400 0.2122 0.4315
vt 0.6677 0.2122 0.4325
vt 0.6952 0.2122 0.4334
vt 0.7226 0.2122 0.4339
vt 0.7774 0.0370 0.5644
vt 0.7500 0.0370 0.5647
vt 0.7774 0.0325 0.6025
vt 0.7500 0.0325 0.6027
vt 0.8048 0.0325 0.6017
vt 0.8048 0.0370 0.5637
vt 0.7226 0.0370 0.5644
vt 0.6952 0.0370 0.5637
vt 0.7226 0.0325 0.6025
vt 0.6952 0.0325 0.6017
vt 0.6677 0.0370 0.5627
vt 0.6400 0.0370 0.5613
vt 0.6677 0.0325 0.6006
vt 0.6400 0.0325 0.5992
vt 0.6122 0.0370 0.5599
vt 0.5843 0.0370 0.5586
vt 0.6122 0.0325 0.5977
vt 0.5843 0.0325 0.5963
vt 0.5563 0.0370 0.5575
vt 0.5282 0.0370 0.5568
vt 0.5563 0.0325 0.5951
vt 0.5282 0.0325 0.5944
vt 0.5000 0.0370 0.5566
vt 0.4718 0.0370 0.5568
vt 0.5000 0.0325 0.5941
vt 0.4718 0.0325 0.5944
vt 0.4437 0.0370 0.5575
vt 0.4157 0.0370 0.5586
vt 0.4437 0.0325 0.5951
vt 0.4157 0.0325 0.5963
vt 0.3878 0.0370 0.5599
vt 0.3600 0.0370 0.5613
vt 0.3878 0.0325 0.5977
vt 0.3600 0.0325 0.5992
vt 0.3323 0.0370 0.5627
vt 0.3048 0.0370 0.5637
vt 0.3323 0.0334 0.5927
vt 0.3413 0.0325 0.6001
vt 0.2683 0.0370 0.5645
vt 0.2774 0.0370 0.5644
vt 0.2774 0.0338 0.5915
vt 0.2803 0.0325 0.6024
vt 0.2913 0.0325 0.6021
vt 0.3048 0.0337 0.5917
vt 0.8323 0.0370 0.5627
vt 0.8323 0.0325 0.6006
vt 0.7774 0.0280 0.6506
vt 0.7500 0.0280 0.6509
vt 0.8048 0.0280 0.6498
vt 0.7226 0.0280 0.6506
vt 0.6952 0.0280 0.6498
vt 0.6677 0.0280 0.6486
vt 0.6400 0.0280 0.6471
vt 0.6122 0.0280 0.6455
vt 0.5843 0.0280 0.6439
vt 0.5563 0.0280 0.6427
vt 0.5282 0.0280 0.6419
vt 0.5000 0.0280 0.6416
vt 0.4718 0.0280 0.6419
vt 0.4718 0.0245 0.6843
vt 0.4437 0.0280 0.6427
vt 0.4157 0.0283 0.6411
vt 0.4223 0.0280 0.6437
vt 0.4437 0.0272 0.6519
vt 0.3878 0.0280 0.6455
vt 0.3600 0.0309 0.6155
vt 0.3778 0.0280 0.6460
vt 0.3878 0.0276 0.6503
vt 0.4052 0.0280 0.6445
vt 0.8300 0.0280 0.6487
vt 0.8323 0.0310 0.6162
vt 0.7774 0.0586 0.4556
vt 0.8048 0.0586 0.4550
vt 0.7774 0.0633 0.4413
vt 0.8048 0.0633 0.4407
vt 0.7500 0.0633 0.4414
vt 0.7500 0.0586 0.4558
vt 0.8323 0.0586 0.4541
vt 0.8323 0.0633 0.4399
vt 0.2226 0.0586 0.4556
vt 0.2226 0.0545 0.4719
vt 0.2252 0.0535 0.4758
vt 0.2500 0.0586 0.4558
vt 0.2226 0.0633 0.4413
vt 0.2500 0.0633 0.4414
vt 0.2164 0.0633 0.4411
vt 0.2184 0.0586 0.4555
vt 0.2774 0.0586 0.4556
vt 0.3048 0.0586 0.4550
vt 0.2774 0.0633 0.4413
vt 0.3048 0.0633 0.4407
vt 0.3323 0.0586 0.4541
vt 0.3600 0.0586 0.4531
vt 0.3323 0.0633 0.4399
vt 0.3600 0.0633 0.4388
vt 0.3878 0.0586 0.4519
vt 0.4157 0.0586 0.4509
vt 0.3878 0.0633 0.4377
vt 0.4157 0.0633 0.4367
vt 0.4437 0.0586 0.4500
vt 0.4718 0.0586 0.4494
vt 0.4437 0.0633 0.4359
vt 0.4718 0.0633 0.4353
vt 0.5000 0.0586 0.4492
vt 0.5282 0.0586 0.4494
vt 0.5000 0.0633 0.4351
vt 0.5282 0.0633 0.4353
vt 0.5563 0.0586 0.4500
vt 0.5843 0.0586 0.4509
vt 0.5563 0.0633 0.4359
vt 0.5843 0.0633 0.4367
vt 0.6122 0.0586 0.4519
vt 0.6400 0.0586 0.4531
vt 0.6122 0.0633 0.4377
vt 0.6400 0.0633 0.4388
vt 0.6677 0.0586 0.4541
vt 0.6952 0.0586 0.4550
vt 0.6677 0.0633 0.4399
vt 0.6952 0.0633 0.4407
vt 0.7226 0.0586 0.4556
vt 0.7226 0.0633 0.4413
vt 0.7774 0.0681 0.4327
vt 0.8048 0.0681 0.4321
vt 0.7500 0.0681 0.4329
vt 0.8323 0.0681 0.4313
vt 0.2226 0.0681 0.4327
vt 0.2500 0.0681 0.4329
vt 0.2774 0.0681 0.4327
vt 0.3048 0.0681 0.4321
vt 0.3323 0.0681 0.4313
vt 0.3600 0.0681 0.4303
vt 0.3878 0.0681 0.4292
vt 0.4157 0.0681 0.4282
vt 0.4437 0.0681 0.4274
vt 0.4718 0.0681 0.4269
vt 0.5000 0.0681 0.4267
vt 0.5282 0.0681 0.4269
vt 0.5563 0.0681 0.4274
vt 0.5843 0.0681 0.4282
vt 0.6122 0.0681 0.4292
vt 0.6400 0.0681 0.4303
vt 0.6677 0.0681 0.4313
vt 0.6952 0.0681 0.4321
vt 0.7226 0.0681 0.4327
vt 0.7774 0.0005 0.6220
vt 0.8048 0.0005 0.6212
vt 0.8048 0.0006 0.7748
vt 0.7774 0.0006 0.7757
vt 0.7500 0.0005 0.6222
vt 0.7500 0.0006 0.7761
vt 0.7500 0.0005 0.4350
vt 0.7774 0.0005 0.4346
vt 0.8048 0.0005 0.4343
vt 0.7226 0.0005 0.6220
vt 0.7226 0.0006 0.7757
vt 0.6952 0.0005 0.6212
vt 0.6952 0.0006 0.7748
vt 0.6952 0.0005 0.4343
vt 0.7226 0.0005 0.4346
vt 0.6677 0.0005 0.6200
vt 0.6677 0.0006 0.7733
vt 0.6400 0.0005 0.6186
vt 0.6400 0.0006 0.7715
vt 0.6677 0.0005 0.4333
vt 0.6122 0.0005 0.6170
vt 0.6122 0.0006 0.7696
vt 0.5843 0.0005 0.6156
vt 0.5843 0.0006 0.7678
vt 0.5563 0.0005 0.6144
vt 0.5563 0.0006 0.7663
vt 0.5282 0.0005 0.6136
vt 0.5282 0.0006 0.7653
vt 0.5000 0.0005 0.6134
vt 0.5075 0.0006 0.7651
vt 0.5000 0.0006 0.7406
vt 0.4718 0.0005 0.6799
vt 0.4718 0.0005 0.6136
vt 0.4437 0.0005 0.6473
vt 0.4437 0.0005 0.6144
vt 0.4157 0.0005 0.6364
vt 0.4157 0.0005 0.6156
vt 0.3878 0.0005 0.6455
vt 0.3878 0.0005 0.6170
vt 0.3650 0.0005 0.6703
vt 0.3600 0.0005 0.6630
vt 0.3600 0.0005 0.6186
vt 0.3323 0.0005 0.6426
vt 0.3323 0.0005 0.6200
vt 0.3048 0.0005 0.6419
vt 0.3048 0.0005 0.6212
vt 0.2861 0.0005 0.6217
vt 0.2735 0.0005 0.6021
vt 0.8323 0.0005 0.6200
vt 0.8323 0.0005 0.4333
vt 0.8535 0.0005 0.4325
vt 0.8333 0.0005 0.6200
vt 0.7500 0.0170 0.9743
vt 0.7500 0.0154 0.9902
vt 0.7770 0.0154 0.9898
vt 0.7774 0.0155 0.9882
vt 0.7774 0.0170 0.9739
vt 0.7754 0.0132 0.9978
vt 0.7226 0.0154 0.9898
vt 0.7226 0.0170 0.9739
vt 0.6952 0.0170 0.9727
vt 0.6952 0.0154 0.9886
vt 0.6677 0.0154 0.9867
vt 0.6677 0.0170 0.9708
vt 0.6400 0.0170 0.9685
vt 0.6400 0.0154 0.9844
vt 0.6122 0.0154 0.9819
vt 0.6122 0.0170 0.9661
vt 0.5843 0.0170 0.9638
vt 0.5843 0.0154 0.9796
vt 0.5563 0.0154 0.9777
vt 0.5563 0.0170 0.9620
vt 0.5508 0.0154 0.9775
vt 0.5484 0.0170 0.9616
vt 0.5521 0.0132 0.9854
vt 0.7774 0.0009 0.8624
vt 0.8048 0.0009 0.8613
vt 0.7774 0.0014 0.9102
vt 0.8048 0.0013 0.9063
vt 0.8039 0.0014 0.9091
vt 0.7500 0.0014 0.9106
vt 0.7500 0.0009 0.8628
vt 0.7226 0.0009 0.8624
vt 0.7226 0.0014 0.9102
vt 0.6952 0.0014 0.9090
vt 0.6952 0.0009 0.8613
vt 0.6677 0.0009 0.8597
vt 0.6677 0.0014 0.9073
vt 0.6400 0.0014 0.9052
vt 0.6400 0.0009 0.8577
vt 0.6122 0.0009 0.8555
vt 0.6122 0.0014 0.9029
vt 0.5843 0.0014 0.9008
vt 0.5843 0.0009 0.8535
vt 0.5563 0.0009 0.8519
vt 0.5563 0.0014 0.8991
vt 0.5386 0.0014 0.8984
vt 0.5299 0.0009 0.8509
vt 0.5282 0.0008 0.8420
vt 0.8233 0.0006 0.7738
vt 0.8193 0.0009 0.8605
vt 0.7774 0.0182 0.9473
vt 0.7774 0.0191 0.9102
vt 0.7500 0.0191 0.9106
vt 0.7500 0.0182 0.9477
vt 0.7774 0.0196 0.8624
vt 0.8048 0.0196 0.8613
vt 0.7500 0.0196 0.8628
vt 0.7226 0.0182 0.9473
vt 0.7226 0.0191 0.9102
vt 0.6952 0.0191 0.9090
vt 0.6952 0.0182 0.9462
vt 0.7226 0.0196 0.8624
vt 0.6952 0.0196 0.8613
vt 0.6677 0.0182 0.9444
vt 0.6677 0.0191 0.9073
vt 0.6400 0.0191 0.9052
vt 0.6400 0.0182 0.9422
vt 0.6677 0.0196 0.8597
vt 0.6400 0.0196 0.8577
vt 0.6122 0.0182 0.9398
vt 0.6122 0.0191 0.9029
vt 0.5843 0.0191 0.9008
vt 0.5843 0.0182 0.9376
vt 0.6122 0.0196 0.8555
vt 0.5843 0.0196 0.8535
vt 0.5563 0.0182 0.9358
vt 0.5563 0.0191 0.8991
vt 0.5442 0.0182 0.9353
vt 0.5379 0.0191 0.8983
vt 0.5563 0.0196 0.8519
vt 0.5282 0.0196 0.8463
vt 0.5291 0.0196 0.8508
vt 0.8187 0.0196 0.8605
vt 0.8048 0.0192 0.9009
vt 0.8181 0.0194 0.8766
vt 0.7774 0.0023 0.9473
vt 0.7774 0.0035 0.9739
vt 0.7500 0.0035 0.9743
vt 0.7500 0.0023 0.9477
vt 0.7774 0.0051 0.9898
vt 0.7774 0.0055 0.9915
vt 0.7500 0.0051 0.9902
vt 0.7226 0.0023 0.9473
vt 0.7226 0.0035 0.9739
vt 0.6952 0.0035 0.9727
vt 0.6952 0.0023 0.9462
vt 0.7226 0.0051 0.9898
vt 0.6952 0.0051 0.9886
vt 0.6677 0.0023 0.9444
vt 0.6677 0.0035 0.9708
vt 0.6400 0.0035 0.9685
vt 0.6400 0.0023 0.9422
vt 0.6677 0.0051 0.9867
vt 0.6400 0.0051 0.9844
vt 0.6122 0.0023 0.9398
vt 0.6122 0.0035 0.9661
vt 0.5843 0.0035 0.9638
vt 0.5843 0.0023 0.9376
vt 0.6122 0.0051 0.9819
vt 0.5843 0.0051 0.9796
vt 0.5563 0.0023 0.9358
vt 0.5563 0.0035 0.9620
vt 0.5489 0.0035 0.9617
vt 0.5448 0.0023 0.9353
vt 0.5563 0.0051 0.9777
vt 0.5512 0.0051 0.9775
vt 0.7774 0.0203 0.7524
vt 0.7500 0.0203 0.7527
vt 0.8048 0.0203 0.7515
vt 0.7226 0.0203 0.7524
vt 0.6952 0.0203 0.7515
vt 0.6677 0.0203 0.7500
vt 0.6400 0.0203 0.7483
vt 0.6122 0.0203 0.7464
vt 0.5843 0.0203 0.7446
vt 0.5563 0.0203 0.7432
vt 0.5282 0.0203 0.7423
vt 0.4989 0.0203 0.7420
vt 0.5000 0.0203 0.7420
vt 0.5000 0.0202 0.7446
vt 0.5023 0.0200 0.7520
vt 0.8239 0.0203 0.7505
vt 0.8234 0.0200 0.7606
vt 0.3832 0.0272 0.6552
vt 0.5000 0.4372 0.1295
vt 0.5176 0.4372 0.1188
vt 0.5731 0.4375 0.0853
vt 0.4410 0.4372 0.1651
vt 0.5783 0.4375 0.0822
vt 0.6061 0.4380 0.0653
vt 0.6430 0.4401 0.0428
vt 0.6277 0.4389 0.0522
vt 0.6521 0.4417 0.0372
vt 0.6565 0.4439 0.0343
vt 0.6558 0.4499 0.0341
vt 0.6577 0.4469 0.0333
vt 0.5762 0.4563 0.0816
vt 0.6509 0.4520 0.0368
vt 0.6415 0.4536 0.0424
vt 0.6041 0.4557 0.0648
vt 0.6259 0.4548 0.0517
vt 0.5735 0.4563 0.0832
vt 0.5436 0.4565 0.1012
vt 0.5202 0.4566 0.1154
vt 0.3414 0.4372 0.2253
vt 0.4429 0.4610 0.1616
vt 0.4406 0.4612 0.1630
vt 0.3887 0.4639 0.1941
vt 0.4717 0.4588 0.1444
vt 0.4887 0.4576 0.1343
vt 0.4975 0.4569 0.1290
vt 0.3516 0.4647 0.2164
vt 0.3402 0.4649 0.2232
vt 0.3224 0.4647 0.2340
vt 0.2922 0.4643 0.2523
vt 0.2838 0.4639 0.2574
vt 0.2937 0.4372 0.2541
vt 0.2523 0.4372 0.2791
vt 0.5000 0.4569 0.1275
vt 0.5054 0.4567 0.1243
vt 0.3895 0.4372 0.1962
vt 0.2203 0.0550 0.4696
vt 0.2920 0.0005 0.6503
vt 0.2434 0.0005 0.5479
vt 0.2139 0.0005 0.5335
vt 0.5083 0.2972 0.5294
vt 0.5282 0.3300 0.5809
vt 0.6280 0.6702 1.0052
vt 0.6138 0.6137 0.9987
vt 0.4674 0.2470 0.4556
vt 0.4503 0.2296 0.4388
vt 0.2819 0.0318 0.6091
vt 0.7114 0.4372 0.2481
vt 0.7209 0.4372 0.2523
vt 0.7426 0.4639 0.2838
vt 0.6590 0.4372 0.2246
vt 0.7318 0.4647 0.2796
vt 0.6963 0.4676 0.2661
vt 0.6623 0.4691 0.2522
vt 0.6467 0.4701 0.2460
vt 0.6000 0.4704 0.2254
vt 0.5770 0.4691 0.2141
vt 0.5606 0.4685 0.2063
vt 0.5856 0.4372 0.1919
vt 0.6084 0.4372 0.2021
vt 0.8459 0.1840 0.4269
vt 0.2157 0.0869 0.4282
vt 0.1672 0.0005 0.4685
vt 0.2007 0.0005 0.4979
vt 0.1428 0.0005 0.4586
vt 0.1235 0.0005 0.4549
vt 0.1005 0.0005 0.4549
vt 0.0303 0.0005 0.4303
vt -0.0691 0.0005 0.4313
vt -0.1465 0.0005 0.4325
vt 0.8467 0.0535 0.4737
vt 0.8408 0.2296 0.4426
vt 0.8375 0.2470 0.4601
vt 0.8434 0.2122 0.4321
vt 0.8336 0.0325 0.6005
vt 0.8370 0.0370 0.5624
vt 0.8494 0.0586 0.4535
vt 0.8513 0.0633 0.4392
vt 0.8524 0.0681 0.4306
vt 0.2152 0.0681 0.4325
vt 0.8323 0.0005 0.6317
vt 0.2078 0.0005 0.5252
vt 0.5568 0.4691 0.2087
vt 0.5507 0.4705 0.2127
vt 0.5323 0.4737 0.2244
vt 0.4507 0.4371 0.2798
vt 0.5105 0.4787 0.2383
vt 0.5000 0.4816 0.2450
vt 0.4867 0.4844 0.2535
vt 0.4596 0.4912 0.2708
vt 0.4565 0.4917 0.2727
vt 0.4631 0.4902 0.2685
vt 0.5697 0.4371 0.2022
vt 0.5503 0.4371 0.2149
vt 0.5000 0.4371 0.2477
vt 0.4601 0.4371 0.2737
vt 0.8769 1.0510 0.8226
vt 0.8476 1.1075 0.8556
vt 0.8211 1.1551 0.8826
vt 0.8805 1.0336 0.8100
vt 0.7595 1.2424 0.9263
vt 0.7500 1.2557 0.9330
vt 0.6151 1.3932 0.9848
vt 0.6710 1.3442 0.9698
vt 0.4024 1.2958 0.8104
vt 0.4630 0.6262 0.2913
vt 0.4632 0.6260 0.2913
vt 0.4721 0.6208 0.2910
vt 0.5000 0.6029 0.2888
vt 0.5366 0.5871 0.2923
vt 0.6950 0.6491 0.4136
vt 0.5721 0.5795 0.3019
vt 0.6054 0.5803 0.3175
vt 0.6618 0.6067 0.3642
vt 0.6356 0.5894 0.3384
vt 0.6739 0.6208 0.3811
vt 0.6840 0.6309 0.3938
vt 0.7039 0.6592 0.4258
vt 0.7083 0.6665 0.4338
vt 0.7227 0.6839 0.4544
vt 0.7274 0.6882 0.4599
vt 0.7557 0.7218 0.5000
vt 0.7636 0.7342 0.5136
vt 0.7861 0.7670 0.5504
vt 0.8188 0.8295 0.6160
vt 0.8269 0.8501 0.6364
vt 0.8541 0.9186 0.7044
vt 0.8677 0.9659 0.7492
vt 0.8802 1.0162 0.7957
vt 0.8788 1.0441 0.8178
vt 0.2346 0.8643 0.5855
vt 0.1846 0.4451 0.6286
vt 0.2140 0.4156 0.6256
vt 0.3306 0.2990 0.6137
vt 0.3566 0.2715 0.6112
vt 0.3800 0.2484 0.6088
vt 0.3922 0.2309 0.6079
vt 0.8756 0.0681 0.5327
vt 0.1918 0.0196 0.6616
vt 0.1719 0.0195 0.6653
vt 0.1436 0.0192 0.6705
vt 0.1317 0.0006 0.6742
vt 0.1339 0.0191 0.6723
vt 0.2045 0.0197 0.6593
vt 0.2106 0.0199 0.6582
vt 0.2161 0.0205 0.6571
vt 0.2268 0.0218 0.6551
vt 0.2448 0.0240 0.6516
vt 0.2723 0.0277 0.6463
vt 0.2920 0.0307 0.6424
vt 0.3020 0.0322 0.6405
vt 0.1444 0.0004 0.6719
vt 0.1972 0.0001 0.6622
vt 0.2837 0.0000 0.6464
vt 0.2913 0.0000 0.6450
vt 0.4054 0.0000 0.6242
vt 0.4951 0.0000 0.6078
vt 0.5711 0.0000 0.5939
vt 0.8635 0.0000 0.5404
vt 0.8913 0.0000 0.5354
vt 0.9000 0.0549 0.5293
vt 0.7701 0.0000 0.5575
vt 0.7041 0.0000 0.5696
vt 0.6593 0.0000 0.5778
vt 0.6187 0.0000 0.5852
vt 0.8906 0.0585 0.5308
vt 0.3262 0.0368 0.6357
vt 0.3466 0.0418 0.6316
vt 0.3657 0.0476 0.6276
vt 0.3823 0.0534 0.6241
vt 0.3950 0.0585 0.6214
vt 0.4039 0.0633 0.6193
vt 0.4092 0.0681 0.6180
vt 0.4108 0.0871 0.6161
vt 0.4090 0.1344 0.6127
vt 0.4049 0.1849 0.6093
vt 0.3999 0.2134 0.6079
vt 0.8812 0.0633 0.5321
vt 0.8733 0.0871 0.5316
vt 0.8736 0.1344 0.5277
vt 0.8762 0.1849 0.5232
vt 0.8770 0.1903 0.5226
vt 0.7774 0.4838 0.8324
vt 0.7564 0.5287 0.9040
vt 0.7134 0.9555 1.0131
vt 0.7359 0.5963 0.9964
vt 0.7334 0.6137 1.0067
vt 0.7815 0.0170 0.9737
vt 0.8184 0.0011 0.8814
vt 0.7897 0.0182 0.9468
vt 0.8020 0.0191 0.9092
vt 0.7913 0.0023 0.9467
vt 0.7829 0.0035 0.9736
vt 0.7779 0.0051 0.9898
vt 0.8048 0.4458 0.7714
vt 0.8096 0.4422 0.7653
vt 0.6431 0.0009 0.9018
vt 0.6742 0.0006 0.8683
vt 0.6723 0.0191 0.8661
vt 0.6422 0.0188 0.8987
vt 0.6355 0.0187 0.9060
vt 0.6050 0.0178 0.9391
vt 0.5721 0.0152 0.9753
vt 0.5835 0.0166 0.9627
vt 0.5711 0.0150 0.9764
vt 0.5666 0.0128 0.9817
vt 0.5657 0.0098 0.9834
vt 0.5680 0.0068 0.9816
vt 0.5724 0.0051 0.9773
vt 0.5876 0.0030 0.9613
vt 0.5739 0.0046 0.9757
vt 0.6409 0.0009 0.9043
vt 0.6099 0.0018 0.9375
vt 0.3898 0.8105 0.9891
vt 0.3942 0.7849 0.9903
vt 0.4163 0.6748 0.9918
vt 0.4388 0.6004 0.9846
vt 0.4300 0.6179 0.9901
vt 0.4511 0.5828 0.9753
vt 0.4842 0.5483 0.9475
vt 0.6195 0.4488 0.8243
vt 0.5029 0.5323 0.9310
vt 0.5582 0.4870 0.8817
vt 0.5855 0.8643 0.7654
vt 0.6286 0.4451 0.8154
vt 0.3649 0.9623 0.9812
# 947 texture coords

o Cylinder001_frag_007_frag_005
g Cylinder001_frag_007_frag_005
usemtl wire_027177027
s 2
f 2337/3192/2282 2338/3193/2283 2339/3194/2284 2340/3195/2285 
f 2341/3196/2286 2337/3192/2282 2340/3195/2285 2342/3197/2287 
f 2337/3192/2282 2341/3196/2286 2343/3198/2288 2344/3199/2289 
f 2338/3193/2283 2337/3192/2282 2344/3199/2289 2345/3200/2290 
f 2346/3201/2291 2341/3196/2286 2342/3197/2287 2347/3202/2292 
f 2348/3203/2293 2349/3204/2294 2346/3201/2291 2347/3202/2292 
f 2341/3196/2286 2346/3201/2291 2350/3205/2295 2343/3198/2288 
f 2351/3206/2296 2352/3207/2297 2353/3208/2298 2354/3209/2299 
f 2355/3210/2300 2352/3207/2297 2351/3206/2296 2356/3211/2301 
f 2355/3210/2300 2356/3211/2301 2357/3212/2302 
f 2358/3213/2303 2359/3214/2304 2352/3207/2297 2355/3210/2300 
f 2360/3215/2305 2351/3206/2296 2354/3209/2299 2361/3216/2306 
f 2362/3217/2307 2360/3215/2305 2361/3216/2306 2363/3218/2308 
f 2364/3219/2309 2365/3220/2310 2360/3215/2305 2362/3217/2307 
f 2365/3220/2310 2356/3211/2301 2351/3206/2296 2360/3215/2305 
f 2366/3221/2311 2362/3217/2307 2363/3218/2308 2367/3222/2312 
f 2368/3223/2313 2366/3221/2311 2367/3222/2312 2369/3224/2314 
f 2370/3225/2315 2366/3221/2311 2368/3223/2313 2371/3226/2316 
f 2364/3219/2309 2362/3217/2307 2366/3221/2311 2370/3225/2315 
f 2372/3227/2317 2368/3223/2313 2369/3224/2314 2373/3228/2318 
f 2374/3229/2319 2372/3227/2317 2373/3228/2318 2375/3230/2320 
f 2372/3227/2317 2374/3229/2319 2376/3231/2321 2377/3232/2322 
f 2372/3227/2317 2377/3232/2322 2378/3233/2323 
f 2371/3226/2316 2368/3223/2313 2372/3227/2317 2378/3233/2323 
f 2379/3234/2324 2374/3229/2319 2375/3230/2320 2380/3235/2325 
f 2381/3236/2326 2379/3234/2324 2380/3235/2325 2382/3237/2327 
f 2379/3234/2324 2381/3236/2326 2383/3238/2328 2384/3239/2329 
f 2374/3229/2319 2379/3234/2324 2384/3239/2329 2376/3231/2321 
f 2385/3240/2330 2381/3236/2326 2382/3237/2327 2386/3241/2331 
f 2387/3242/2332 2385/3240/2330 2386/3241/2331 2388/3243/2333 
f 2385/3240/2330 2387/3242/2332 2389/3244/2334 2390/3245/2335 
f 2381/3236/2326 2385/3240/2330 2390/3245/2335 2383/3238/2328 
f 2391/3246/2336 2387/3242/2332 2388/3243/2333 2392/3247/2337 
f 2393/3248/2338 2391/3246/2336 2392/3247/2337 2394/3249/2339 
f 2391/3246/2336 2393/3248/2338 2395/3250/2340 2396/3251/2341 
f 2387/3242/2332 2391/3246/2336 2396/3251/2341 2389/3244/2334 
f 2397/3252/2342 2393/3248/2338 2394/3249/2339 2398/3253/2343 
f 2399/3254/2344 2397/3252/2342 2398/3253/2343 2400/3255/2345 
f 2397/3252/2342 2399/3254/2344 2401/3256/2346 2402/3257/2347 
f 2393/3248/2338 2397/3252/2342 2402/3257/2347 2395/3250/2340 
f 2403/3258/2348 2399/3254/2344 2400/3255/2345 2404/3259/2349 
f 2405/3260/2350 2403/3258/2348 2404/3259/2349 2406/3261/2351 
f 2403/3258/2348 2405/3260/2350 2407/3262/2352 2408/3263/2353 
f 2399/3254/2344 2403/3258/2348 2408/3263/2353 2401/3256/2346 
f 2409/3264/2354 2405/3260/2350 2406/3261/2351 2410/3265/2355 
f 2338/3193/2283 2409/3264/2354 2410/3265/2355 2339/3194/2284 
f 2409/3264/2354 2338/3193/2283 2345/3200/2290 2411/3266/2356 
f 2405/3260/2350 2409/3264/2354 2411/3266/2356 2407/3262/2352 
f 2412/3267/2357 2413/3268/2357 2414/3269/2357 2415/3270/2357 
f 2416/3271/2357 2412/3267/2357 2415/3270/2357 2417/3272/2357 
f 2412/3267/2357 2416/3271/2357 2418/3273/2357 2419/3274/2357 
f 2420/3275/2357 2412/3267/2357 2419/3274/2357 2421/3276/2357 
f 2412/3267/2357 2420/3275/2357 2422/3277/2357 2423/3278/2357 
f 2424/3279/2357 2412/3267/2357 2423/3278/2357 2425/3280/2357 
f 2412/3267/2357 2424/3279/2357 2426/3281/2357 2427/3282/2357 
f 2428/3283/2357 2412/3267/2357 2427/3282/2357 2429/3284/2357 
f 2412/3267/2357 2428/3283/2357 2430/3285/2357 2431/3286/2357 
f 2412/3267/2357 2432/3287/2357 2433/3288/2357 2434/3289/2357 
f 2413/3268/2357 2412/3267/2357 2434/3289/2357 2435/3290/2357 
f 2436/3291/2358 2437/3292/2359 2438/3293/2360 2439/3294/2361 
f 2440/3295/2362 2436/3291/2358 2439/3294/2361 2441/3296/2363 
f 2436/3291/2358 2440/3295/2362 2442/3297/2364 2443/3298/2365 
f 2437/3292/2359 2436/3291/2358 2443/3298/2365 2444/3299/2366 
f 2445/3300/2367 2440/3295/2362 2441/3296/2363 2446/3301/2368 
f 2447/3302/2369 2445/3300/2367 2446/3301/2368 2448/3303/2370 
f 2445/3300/2367 2447/3302/2369 2449/3304/2371 2450/3305/2372 
f 2440/3295/2362 2445/3300/2367 2450/3305/2372 2442/3297/2364 
f 2451/3306/2373 2447/3302/2369 2448/3303/2370 2452/3307/2374 
f 2453/3308/2375 2451/3306/2373 2452/3307/2374 2454/3309/2376 
f 2451/3306/2373 2453/3308/2375 2455/3310/2377 2456/3311/2378 
f 2447/3302/2369 2451/3306/2373 2456/3311/2378 2449/3304/2371 
f 2457/3312/2379 2453/3308/2375 2454/3309/2376 2458/3313/2380 
f 2459/3314/2381 2457/3312/2379 2458/3313/2380 2460/3315/2382 
f 2457/3312/2379 2459/3314/2381 2461/3316/2383 2462/3317/2384 
f 2453/3308/2375 2457/3312/2379 2462/3317/2384 2455/3310/2377 
f 2463/3318/2385 2459/3314/2381 2460/3315/2382 2464/3319/2386 
f 2465/3320/2387 2463/3318/2385 2464/3319/2386 2466/3321/2388 
f 2463/3318/2385 2465/3320/2387 2467/3322/2389 2468/3323/2390 
f 2459/3314/2381 2463/3318/2385 2468/3323/2390 2461/3316/2383 
f 2469/3324/2391 2465/3320/2387 2466/3321/2388 2470/3325/2392 
f 2471/3326/2393 2469/3324/2391 2470/3325/2392 2472/3327/2394 
f 2469/3324/2391 2471/3326/2393 2473/3328/2395 2474/3329/2396 
f 2465/3320/2387 2469/3324/2391 2474/3329/2396 2467/3322/2389 
f 2475/3330/2397 2471/3326/2393 2472/3327/2394 2476/3331/2398 
f 2477/3332/2399 2475/3330/2397 2476/3331/2398 2478/3333/2400 
f 2475/3330/2397 2477/3332/2399 2479/3334/2401 2480/3335/2402 
f 2471/3326/2393 2475/3330/2397 2480/3335/2402 2473/3328/2395 
f 2481/3336/2403 2477/3332/2399 2478/3333/2400 2482/3337/2404 
f 2483/3338/2405 2481/3336/2403 2482/3337/2404 2484/3339/2406 
f 2481/3336/2403 2483/3338/2405 2485/3340/2407 2486/3341/2408 
f 2477/3332/2399 2481/3336/2403 2486/3341/2408 2479/3334/2401 
f 2487/3342/2409 2483/3338/2405 2484/3339/2406 2488/3343/2410 
f 2489/3344/2411 2487/3342/2409 2488/3343/2410 2490/3345/2412 
f 2487/3342/2409 2489/3344/2411 2491/3346/2413 2492/3347/2414 
f 2483/3338/2405 2487/3342/2409 2492/3347/2414 2485/3340/2407 
f 2493/3348/2415 2489/3344/2411 2490/3345/2412 2494/3349/2416 
f 2495/3350/2417 2493/3348/2415 2494/3349/2416 2496/3351/2418 
f 2497/3352/2419 2493/3348/2415 2495/3350/2417 2498/3353/2420 
f 2497/3352/2419 2498/3353/2420 2499/3354/2421 
f 2489/3344/2411 2493/3348/2415 2497/3352/2419 2491/3346/2413 
f 2495/3350/2417 2500/3355/2422 2498/3353/2420 
f 2437/3292/2359 2501/3356/2423 2502/3357/2424 2438/3293/2360 
f 2501/3356/2423 2437/3292/2359 2444/3299/2366 2503/3358/2425 
f 2504/3359/2426 2505/3360/2427 2501/3356/2423 2503/3358/2425 
f 2506/3361/2428 2507/3362/2429 2508/3363/2430 2509/3364/2431 
f 2510/3365/2432 2506/3361/2428 2509/3364/2431 2511/3366/2433 
f 2506/3361/2428 2510/3365/2432 2512/3367/2434 2513/3368/2435 
f 2507/3362/2429 2506/3361/2428 2513/3368/2435 2514/3369/2436 
f 2515/3370/2437 2510/3365/2432 2511/3366/2433 2516/3371/2438 
f 2517/3372/2439 2515/3370/2437 2516/3371/2438 2518/3373/2440 
f 2515/3370/2437 2517/3372/2439 2519/3374/2441 2520/3375/2442 
f 2510/3365/2432 2515/3370/2437 2520/3375/2442 2512/3367/2434 
f 2521/3376/2443 2517/3372/2439 2518/3373/2440 2522/3377/2444 
f 2523/3378/2445 2521/3376/2443 2522/3377/2444 2524/3379/2446 
f 2521/3376/2443 2523/3378/2445 2525/3380/2447 2526/3381/2448 
f 2517/3372/2439 2521/3376/2443 2526/3381/2448 2519/3374/2441 
f 2527/3382/2449 2523/3378/2445 2524/3379/2446 2528/3383/2450 
f 2529/3384/2451 2527/3382/2449 2528/3383/2450 2530/3385/2452 
f 2527/3382/2449 2529/3384/2451 2531/3386/2453 2532/3387/2454 
f 2523/3378/2445 2527/3382/2449 2532/3387/2454 2525/3380/2447 
f 2533/3388/2455 2529/3384/2451 2530/3385/2452 2534/3389/2456 
f 2535/3390/2457 2533/3388/2455 2534/3389/2456 2536/3391/2458 
f 2533/3388/2455 2535/3390/2457 2537/3392/2459 2538/3393/2460 
f 2529/3384/2451 2533/3388/2455 2538/3393/2460 2531/3386/2453 
f 2539/3394/2461 2537/3392/2459 2535/3390/2457 2540/3395/2462 
f 2541/3396/2463 2542/3397/2464 2507/3362/2429 2514/3369/2436 
f 2543/3398/2465 2544/3399/2466 2545/3400/2467 2546/3401/2468 
f 2547/3402/2469 2546/3401/2468 2548/3403/2470 2549/3404/2471 
f 2550/3405/2350 2547/3402/2469 2549/3404/2471 2551/3406/2472 
f 2547/3402/2469 2550/3405/2350 2552/3407/2473 2553/3408/2474 
f 2546/3401/2468 2547/3402/2469 2553/3408/2474 2543/3398/2465 
f 2554/3409/2475 2550/3405/2350 2551/3406/2472 2555/3410/2476 
f 2556/3411/2477 2554/3409/2475 2555/3410/2476 2557/3412/2478 
f 2554/3409/2475 2556/3411/2477 2558/3413/2479 2559/3414/2480 
f 2550/3405/2350 2554/3409/2475 2559/3414/2480 2552/3407/2473 
f 2560/3415/2481 2556/3411/2477 2557/3412/2478 2561/3416/2482 
f 2562/3417/2338 2560/3415/2481 2561/3416/2482 2563/3418/2483 
f 2560/3415/2481 2562/3417/2338 2564/3419/2484 2565/3420/2485 
f 2556/3411/2477 2560/3415/2481 2565/3420/2485 2558/3413/2479 
f 2566/3421/2486 2562/3417/2338 2563/3418/2483 2567/3422/2487 
f 2568/3423/2488 2566/3421/2486 2569/3424/2489 2570/3425/2490 
f 2562/3417/2338 2566/3421/2486 2568/3423/2488 2564/3419/2484 
f 2571/3426/2491 2572/3427/2492 2573/3428/2493 2574/3429/2494 
f 2575/3430/2495 2571/3426/2491 2574/3429/2494 2576/3431/2496 
f 2571/3426/2491 2575/3430/2495 2577/3432/2497 2578/3433/2498 
f 2572/3427/2492 2571/3426/2491 2578/3433/2498 2579/3434/2499 
f 2580/3435/2500 2581/3436/2501 2582/3437/2502 2583/3438/2503 
f 2584/3439/2504 2580/3435/2500 2583/3438/2503 2585/3440/2505 
f 2580/3435/2500 2584/3439/2504 2576/3431/2496 2574/3429/2494 
f 2581/3436/2501 2580/3435/2500 2574/3429/2494 2573/3428/2493 
f 2586/3441/2506 2587/3442/2507 2588/3443/2508 2589/3444/2509 
f 2590/3445/2510 2586/3441/2506 2589/3444/2509 2591/3446/2511 
f 2586/3441/2506 2590/3445/2510 2585/3440/2505 2583/3438/2503 
f 2587/3442/2507 2586/3441/2506 2583/3438/2503 2582/3437/2502 
f 2592/3447/2512 2593/3448/2513 2594/3449/2514 2595/3450/2515 
f 2596/3451/2516 2592/3447/2512 2595/3450/2515 2597/3452/2517 
f 2592/3447/2512 2596/3451/2516 2591/3446/2511 2589/3444/2509 
f 2593/3448/2513 2592/3447/2512 2589/3444/2509 2588/3443/2508 
f 2598/3453/2518 2599/3454/2519 2600/3455/2520 2601/3456/2521 
f 2602/3457/2522 2598/3453/2518 2601/3456/2521 2603/3458/2523 
f 2598/3453/2518 2602/3457/2522 2597/3452/2517 2595/3450/2515 
f 2599/3454/2519 2598/3453/2518 2595/3450/2515 2594/3449/2514 
f 2604/3459/2524 2605/3460/2525 2606/3461/2526 2607/3462/2527 
f 2608/3463/2528 2609/3464/2529 2605/3460/2525 2604/3459/2524 
f 2605/3460/2525 2609/3464/2529 2603/3458/2523 2601/3456/2521 
f 2606/3461/2526 2605/3460/2525 2601/3456/2521 2600/3455/2520 
f 2579/3434/2499 2578/3433/2498 2610/3465/2530 2611/3466/2531 
f 2578/3433/2498 2577/3432/2497 2612/3467/2532 2610/3465/2530 
f 2613/3468/2533 2614/3469/2534 2615/3470/2535 2616/3471/2536 
f 2617/3472/2537 2613/3468/2533 2616/3471/2536 2618/3473/2538 
f 2619/3474/2539 2620/3475/2540 2617/3472/2537 2618/3473/2538 
f 2621/3476/2541 2622/3477/2542 2623/3478/2543 2624/3479/2544 
f 2621/3476/2541 2624/3479/2544 2625/3480/2545 
f 2626/3481/2546 2621/3476/2541 2625/3480/2545 2627/3482/2547 
f 2628/3483/2548 2626/3481/2546 2627/3482/2547 2629/3484/2549 
f 2626/3481/2546 2628/3483/2548 2630/3485/2549 2631/3486/2547 
f 2631/3486/2547 2632/3487/2550 2633/3488/2551 2621/3476/2541 
f 2631/3486/2547 2621/3476/2541 2626/3481/2546 
f 2634/3489/2552 2628/3483/2548 2629/3484/2549 2635/3490/2553 
f 2636/3491/2554 2634/3489/2552 2635/3490/2553 2637/3492/2555 
f 2634/3489/2552 2636/3491/2554 2638/3493/2556 2639/3494/2553 
f 2628/3483/2548 2634/3489/2552 2639/3494/2553 2630/3485/2549 
f 2640/3495/2557 2636/3491/2554 2637/3492/2555 2641/3496/2558 
f 2614/3469/2534 2640/3495/2557 2641/3496/2558 2615/3470/2535 
f 2640/3495/2557 2614/3469/2534 2642/3497/2535 2643/3498/2558 
f 2636/3491/2554 2640/3495/2557 2643/3498/2558 2638/3493/2556 
f 2644/3499/2559 2645/3500/2560 2646/3501/2561 2647/3502/2562 
f 2644/3499/2559 2647/3502/2562 2648/3503/2563 
f 2649/3504/2564 2644/3499/2559 2648/3503/2563 2650/3505/2565 
f 2651/3506/2566 2644/3499/2559 2649/3504/2564 2652/3507/2567 
f 2649/3504/2564 2650/3505/2565 2653/3508/2568 2654/3509/2569 
f 2649/3504/2564 2654/3509/2569 2655/3510/2570 
f 2653/3508/2568 2656/3511/2571 2654/3509/2569 
f 2657/3512/2572 2658/3513/2573 2659/3514/2574 
f 2660/3515/2575 2648/3503/2563 2647/3502/2562 2661/3516/2576 
f 2662/3517/2577 2660/3515/2575 2661/3516/2576 2663/3518/2578 
f 2660/3515/2575 2662/3517/2577 2664/3519/2579 2665/3520/2580 
f 2648/3503/2563 2660/3515/2575 2665/3520/2580 2650/3505/2565 
f 2666/3521/2581 2653/3508/2568 2650/3505/2565 2665/3520/2580 
f 2667/3522/2582 2666/3521/2581 2665/3520/2580 2664/3519/2579 
f 2668/3523/2583 2669/3524/2584 2657/3512/2572 2659/3514/2574 
f 2632/3487/2550 2631/3486/2547 2669/3524/2584 2668/3523/2583 
f 2669/3524/2584 2631/3486/2547 2630/3485/2549 2670/3525/2585 
f 2657/3512/2572 2669/3524/2584 2670/3525/2585 2663/3518/2578 
f 2671/3526/2586 2662/3517/2577 2663/3518/2578 2670/3525/2585 
f 2639/3494/2553 2671/3526/2586 2670/3525/2585 2630/3485/2549 
f 2671/3526/2586 2639/3494/2553 2638/3493/2556 2672/3527/2587 
f 2662/3517/2577 2671/3526/2586 2672/3527/2587 2664/3519/2579 
f 2673/3528/2588 2667/3522/2582 2664/3519/2579 2672/3527/2587 
f 2643/3498/2558 2673/3528/2588 2672/3527/2587 2638/3493/2556 
f 2673/3528/2588 2643/3498/2558 2642/3497/2535 2674/3529/2589 
f 2673/3528/2588 2674/3529/2589 2675/3530/2590 
f 2676/3531/2591 2616/3471/2536 2615/3470/2535 2677/3532/2592 
f 2678/3533/2593 2676/3531/2591 2677/3532/2592 2679/3534/2594 
f 2676/3531/2591 2678/3533/2593 2680/3535/2595 2681/3536/2596 
f 2616/3471/2536 2676/3531/2591 2681/3536/2596 2618/3473/2538 
f 2682/3537/2597 2683/3538/2598 2619/3474/2539 2618/3473/2538 
f 2682/3537/2597 2618/3473/2538 2681/3536/2596 
f 2684/3539/2599 2682/3537/2597 2681/3536/2596 2680/3535/2595 
f 2685/3540/2600 2686/3541/2601 2687/3542/2602 2688/3543/2603 
f 2689/3544/2604 2687/3542/2602 2686/3541/2601 2690/3545/2605 
f 2687/3542/2602 2689/3544/2604 2691/3546/2606 2692/3547/2607 
f 2693/3548/2608 2624/3479/2544 2694/3549/2609 2692/3547/2607 
f 2695/3550/2610 2693/3548/2608 2692/3547/2607 2691/3546/2606 
f 2693/3548/2608 2695/3550/2610 2696/3551/2611 2697/3552/2612 
f 2624/3479/2544 2693/3548/2608 2697/3552/2612 2625/3480/2545 
f 2698/3553/2584 2627/3482/2547 2625/3480/2545 2697/3552/2612 
f 2699/3554/2572 2698/3553/2584 2697/3552/2612 2696/3551/2611 
f 2698/3553/2584 2699/3554/2572 2700/3555/2578 2701/3556/2613 
f 2627/3482/2547 2698/3553/2584 2701/3556/2613 2629/3484/2549 
f 2702/3557/2614 2635/3490/2553 2629/3484/2549 2701/3556/2613 
f 2703/3558/2577 2702/3557/2614 2701/3556/2613 2700/3555/2578 
f 2702/3557/2614 2703/3558/2577 2704/3559/2579 2705/3560/2615 
f 2635/3490/2553 2702/3557/2614 2705/3560/2615 2637/3492/2555 
f 2706/3561/2588 2641/3496/2558 2637/3492/2555 2705/3560/2615 
f 2707/3562/2582 2706/3561/2588 2705/3560/2615 2704/3559/2579 
f 2706/3561/2588 2707/3562/2582 2679/3534/2594 2677/3532/2592 
f 2641/3496/2558 2706/3561/2588 2677/3532/2592 2615/3470/2535 
f 2708/3563/2616 2678/3533/2593 2679/3534/2594 2709/3564/2617 
f 2344/3199/2289 2708/3563/2616 2709/3564/2617 2345/3200/2290 
f 2708/3563/2616 2344/3199/2289 2343/3198/2288 2710/3565/2618 
f 2678/3533/2593 2708/3563/2616 2710/3565/2618 2680/3535/2595 
f 2711/3566/2619 2684/3539/2599 2680/3535/2595 2710/3565/2618 
f 2350/3205/2295 2711/3566/2619 2710/3565/2618 2343/3198/2288 
f 2712/3567/2620 2358/3213/2303 2355/3210/2300 2713/3568/2621 
f 2714/3569/2622 2715/3570/2623 2716/3571/2624 
f 2714/3569/2622 2716/3571/2624 2717/3572/2625 2376/3231/2321 
f 2714/3569/2622 2376/3231/2321 2384/3239/2329 
f 2714/3569/2622 2384/3239/2329 2383/3238/2328 2718/3573/2626 
f 2719/3574/2627 2689/3544/2604 2690/3545/2605 2718/3573/2626 
f 2390/3245/2335 2719/3574/2627 2718/3573/2626 2383/3238/2328 
f 2719/3574/2627 2390/3245/2335 2389/3244/2334 2720/3575/2628 
f 2689/3544/2604 2719/3574/2627 2720/3575/2628 2691/3546/2606 
f 2721/3576/2629 2695/3550/2610 2691/3546/2606 2720/3575/2628 
f 2396/3251/2341 2721/3576/2629 2720/3575/2628 2389/3244/2334 
f 2721/3576/2629 2396/3251/2341 2395/3250/2340 2722/3577/2630 
f 2695/3550/2610 2721/3576/2629 2722/3577/2630 2696/3551/2611 
f 2723/3578/2631 2699/3554/2572 2696/3551/2611 2722/3577/2630 
f 2402/3257/2347 2723/3578/2631 2722/3577/2630 2395/3250/2340 
f 2723/3578/2631 2402/3257/2347 2401/3256/2346 2724/3579/2632 
f 2699/3554/2572 2723/3578/2631 2724/3579/2632 2700/3555/2578 
f 2725/3580/2633 2703/3558/2577 2700/3555/2578 2724/3579/2632 
f 2408/3263/2353 2725/3580/2633 2724/3579/2632 2401/3256/2346 
f 2725/3580/2633 2408/3263/2353 2407/3262/2352 2726/3581/2634 
f 2703/3558/2577 2725/3580/2633 2726/3581/2634 2704/3559/2579 
f 2727/3582/2635 2707/3562/2582 2704/3559/2579 2726/3581/2634 
f 2411/3266/2356 2727/3582/2635 2726/3581/2634 2407/3262/2352 
f 2727/3582/2635 2411/3266/2356 2345/3200/2290 2709/3564/2617 
f 2707/3562/2582 2727/3582/2635 2709/3564/2617 2679/3534/2594 
f 2728/3583/2636 2443/3298/2365 2442/3297/2364 2729/3584/2637 
f 2730/3585/2638 2728/3583/2636 2729/3584/2637 2731/3586/2639 
f 2728/3583/2636 2730/3585/2638 2732/3587/2640 2733/3588/2641 
f 2443/3298/2365 2728/3583/2636 2733/3588/2641 2444/3299/2366 
f 2734/3589/2642 2450/3305/2372 2449/3304/2371 2735/3590/2643 
f 2736/3591/2644 2734/3589/2642 2735/3590/2643 2737/3592/2645 
f 2734/3589/2642 2736/3591/2644 2731/3586/2639 2729/3584/2637 
f 2450/3305/2372 2734/3589/2642 2729/3584/2637 2442/3297/2364 
f 2738/3593/2646 2456/3311/2378 2455/3310/2377 2739/3594/2647 
f 2740/3595/2648 2738/3593/2646 2739/3594/2647 2741/3596/2649 
f 2738/3593/2646 2740/3595/2648 2737/3592/2645 2735/3590/2643 
f 2456/3311/2378 2738/3593/2646 2735/3590/2643 2449/3304/2371 
f 2742/3597/2650 2462/3317/2384 2461/3316/2383 2743/3598/2651 
f 2744/3599/2652 2742/3597/2650 2743/3598/2651 2745/3600/2653 
f 2742/3597/2650 2744/3599/2652 2741/3596/2649 2739/3594/2647 
f 2462/3317/2384 2742/3597/2650 2739/3594/2647 2455/3310/2377 
f 2746/3601/2654 2468/3323/2390 2467/3322/2389 2747/3602/2655 
f 2748/3603/2656 2746/3601/2654 2747/3602/2655 2749/3604/2657 
f 2746/3601/2654 2748/3603/2656 2745/3600/2653 2743/3598/2651 
f 2468/3323/2390 2746/3601/2654 2743/3598/2651 2461/3316/2383 
f 2750/3605/2658 2474/3329/2396 2473/3328/2395 2751/3606/2659 
f 2752/3607/2660 2750/3605/2658 2751/3606/2659 2753/3608/2661 
f 2750/3605/2658 2752/3607/2660 2749/3604/2657 2747/3602/2655 
f 2474/3329/2396 2750/3605/2658 2747/3602/2655 2467/3322/2389 
f 2754/3609/2662 2480/3335/2402 2479/3334/2401 2755/3610/2663 
f 2756/3611/2664 2754/3609/2662 2755/3610/2663 2757/3612/2665 
f 2754/3609/2662 2756/3611/2664 2753/3608/2661 2751/3606/2659 
f 2480/3335/2402 2754/3609/2662 2751/3606/2659 2473/3328/2395 
f 2758/3613/2666 2486/3341/2408 2485/3340/2407 2759/3614/2667 
f 2760/3615/2668 2758/3613/2666 2759/3614/2667 2761/3616/2669 
f 2758/3613/2666 2760/3615/2668 2757/3612/2665 2755/3610/2663 
f 2486/3341/2408 2758/3613/2666 2755/3610/2663 2479/3334/2401 
f 2762/3617/2670 2492/3347/2414 2491/3346/2413 2763/3618/2671 
f 2761/3616/2669 2759/3614/2667 2762/3617/2670 2764/3619/2672 
f 2761/3616/2669 2764/3619/2672 2765/3620/2673 
f 2492/3347/2414 2762/3617/2670 2759/3614/2667 2485/3340/2407 
f 2766/3621/2674 2767/3622/2675 2497/3352/2419 2499/3354/2421 
f 2768/3623/2676 2769/3624/2677 2770/3625/2678 2771/3626/2679 
f 2768/3623/2676 2771/3626/2679 2763/3618/2671 2767/3622/2675 
f 2497/3352/2419 2767/3622/2675 2763/3618/2671 2491/3346/2413 
f 2772/3627/2680 2503/3358/2425 2444/3299/2366 2733/3588/2641 
f 2773/3628/2681 2772/3627/2680 2733/3588/2641 2732/3587/2640 
f 2774/3629/2682 2730/3585/2638 2731/3586/2639 2775/3630/2683 
f 2572/3427/2492 2774/3629/2682 2775/3630/2683 2573/3428/2493 
f 2774/3629/2682 2572/3427/2492 2579/3434/2499 2776/3631/2684 
f 2730/3585/2638 2774/3629/2682 2776/3631/2684 2732/3587/2640 
f 2777/3632/2685 2736/3591/2644 2737/3592/2645 2778/3633/2686 
f 2581/3436/2501 2777/3632/2685 2778/3633/2686 2582/3437/2502 
f 2777/3632/2685 2581/3436/2501 2573/3428/2493 2775/3630/2683 
f 2736/3591/2644 2777/3632/2685 2775/3630/2683 2731/3586/2639 
f 2779/3634/2687 2740/3595/2648 2741/3596/2649 2780/3635/2688 
f 2587/3442/2507 2779/3634/2687 2780/3635/2688 2588/3443/2508 
f 2779/3634/2687 2587/3442/2507 2582/3437/2502 2778/3633/2686 
f 2740/3595/2648 2779/3634/2687 2778/3633/2686 2737/3592/2645 
f 2781/3636/2689 2744/3599/2652 2745/3600/2653 2782/3637/2690 
f 2593/3448/2513 2781/3636/2689 2782/3637/2690 2594/3449/2514 
f 2781/3636/2689 2593/3448/2513 2588/3443/2508 2780/3635/2688 
f 2744/3599/2652 2781/3636/2689 2780/3635/2688 2741/3596/2649 
f 2783/3638/2691 2748/3603/2656 2749/3604/2657 2784/3639/2692 
f 2599/3454/2519 2783/3638/2691 2784/3639/2692 2600/3455/2520 
f 2783/3638/2691 2599/3454/2519 2594/3449/2514 2782/3637/2690 
f 2748/3603/2656 2783/3638/2691 2782/3637/2690 2745/3600/2653 
f 2785/3640/2693 2752/3607/2660 2753/3608/2661 2786/3641/2694 
f 2786/3641/2694 2787/3642/2695 2607/3462/2527 2606/3461/2526 
f 2786/3641/2694 2606/3461/2526 2785/3640/2693 
f 2785/3640/2693 2606/3461/2526 2600/3455/2520 2784/3639/2692 
f 2752/3607/2660 2785/3640/2693 2784/3639/2692 2749/3604/2657 
f 2788/3643/2696 2756/3611/2664 2757/3612/2665 2789/3644/2697 
f 2788/3643/2696 2789/3644/2697 2790/3645/2698 
f 2786/3641/2694 2788/3643/2696 2791/3646/2699 2787/3642/2695 
f 2756/3611/2664 2788/3643/2696 2786/3641/2694 2753/3608/2661 
f 2792/3647/2700 2760/3615/2668 2761/3616/2669 2793/3648/2701 
f 2792/3647/2700 2793/3648/2701 2794/3649/2702 
f 2792/3647/2700 2795/3650/2703 2796/3651/2704 
f 2792/3647/2700 2796/3651/2704 2789/3644/2697 2757/3612/2665 
f 2792/3647/2700 2757/3612/2665 2760/3615/2668 
f 2773/3628/2681 2732/3587/2640 2776/3631/2684 2797/3652/2705 
f 2773/3628/2681 2797/3652/2705 2798/3653/2706 
f 2776/3631/2684 2579/3434/2499 2611/3466/2531 2797/3652/2705 
f 2799/3654/2707 2439/3294/2361 2438/3293/2360 2800/3655/2708 
f 2801/3656/2709 2799/3654/2707 2800/3655/2708 2802/3657/2710 
f 2799/3654/2707 2801/3656/2709 2803/3658/2711 2804/3659/2712 
f 2439/3294/2361 2799/3654/2707 2804/3659/2712 2441/3296/2363 
f 2805/3660/2713 2806/3661/2714 2802/3657/2710 2800/3655/2708 
f 2502/3357/2424 2805/3660/2713 2800/3655/2708 2438/3293/2360 
f 2807/3662/2715 2808/3663/2716 2809/3664/2717 2496/3351/2418 
f 2807/3662/2715 2496/3351/2418 2810/3665/2718 
f 2811/3666/2719 2807/3662/2715 2810/3665/2718 2812/3667/2720 
f 2811/3666/2719 2813/3668/2721 2814/3669/2722 2807/3662/2715 
f 2815/3670/2723 2494/3349/2416 2490/3345/2412 2816/3671/2724 
f 2817/3672/2725 2815/3670/2723 2816/3671/2724 2818/3673/2726 
f 2815/3670/2723 2817/3672/2725 2812/3667/2720 2810/3665/2718 
f 2494/3349/2416 2815/3670/2723 2810/3665/2718 2496/3351/2418 
f 2819/3674/2727 2488/3343/2410 2484/3339/2406 2820/3675/2728 
f 2821/3676/2729 2819/3674/2727 2820/3675/2728 2822/3677/2730 
f 2819/3674/2727 2821/3676/2729 2818/3673/2726 2816/3671/2724 
f 2488/3343/2410 2819/3674/2727 2816/3671/2724 2490/3345/2412 
f 2823/3678/2731 2482/3337/2404 2478/3333/2400 2824/3679/2732 
f 2825/3680/2733 2823/3678/2731 2824/3679/2732 2826/3681/2734 
f 2823/3678/2731 2825/3680/2733 2822/3677/2730 2820/3675/2728 
f 2482/3337/2404 2823/3678/2731 2820/3675/2728 2484/3339/2406 
f 2827/3682/2735 2476/3331/2398 2472/3327/2394 2828/3683/2736 
f 2829/3684/2737 2827/3682/2735 2828/3683/2736 2830/3685/2738 
f 2827/3682/2735 2829/3684/2737 2826/3681/2734 2824/3679/2732 
f 2476/3331/2398 2827/3682/2735 2824/3679/2732 2478/3333/2400 
f 2831/3686/2739 2470/3325/2392 2466/3321/2388 2832/3687/2740 
f 2833/3688/2741 2831/3686/2739 2832/3687/2740 2834/3689/2742 
f 2831/3686/2739 2833/3688/2741 2830/3685/2738 2828/3683/2736 
f 2470/3325/2392 2831/3686/2739 2828/3683/2736 2472/3327/2394 
f 2835/3690/2743 2464/3319/2386 2460/3315/2382 2836/3691/2744 
f 2837/3692/2745 2835/3690/2743 2836/3691/2744 2838/3693/2746 
f 2835/3690/2743 2837/3692/2745 2834/3689/2742 2832/3687/2740 
f 2464/3319/2386 2835/3690/2743 2832/3687/2740 2466/3321/2388 
f 2839/3694/2747 2458/3313/2380 2454/3309/2376 2840/3695/2748 
f 2841/3696/2749 2839/3694/2747 2840/3695/2748 2842/3697/2750 
f 2839/3694/2747 2841/3696/2749 2838/3693/2746 2836/3691/2744 
f 2458/3313/2380 2839/3694/2747 2836/3691/2744 2460/3315/2382 
f 2843/3698/2751 2452/3307/2374 2448/3303/2370 2844/3699/2752 
f 2845/3700/2753 2843/3698/2751 2844/3699/2752 2846/3701/2754 
f 2843/3698/2751 2845/3700/2753 2842/3697/2750 2840/3695/2748 
f 2452/3307/2374 2843/3698/2751 2840/3695/2748 2454/3309/2376 
f 2847/3702/2755 2446/3301/2368 2441/3296/2363 2804/3659/2712 
f 2848/3703/2756 2847/3702/2755 2804/3659/2712 2803/3658/2711 
f 2847/3702/2755 2848/3703/2756 2846/3701/2754 2844/3699/2752 
f 2446/3301/2368 2847/3702/2755 2844/3699/2752 2448/3303/2370 
f 2849/3704/2757 2801/3656/2709 2802/3657/2710 2850/3705/2758 
f 2340/3195/2285 2849/3704/2757 2850/3705/2758 2342/3197/2287 
f 2849/3704/2757 2340/3195/2285 2339/3194/2284 2851/3706/2759 
f 2801/3656/2709 2849/3704/2757 2851/3706/2759 2803/3658/2711 
f 2852/3707/2760 2347/3202/2292 2342/3197/2287 2850/3705/2758 
f 2806/3661/2714 2852/3707/2760 2850/3705/2758 2802/3657/2710 
f 2853/3708/2761 2811/3666/2719 2812/3667/2720 2854/3709/2762 
f 2353/3208/2298 2853/3708/2761 2854/3709/2762 2354/3209/2299 
f 2855/3710/2763 2817/3672/2725 2818/3673/2726 2856/3711/2764 
f 2361/3216/2306 2855/3710/2763 2856/3711/2764 2363/3218/2308 
f 2855/3710/2763 2361/3216/2306 2354/3209/2299 2854/3709/2762 
f 2817/3672/2725 2855/3710/2763 2854/3709/2762 2812/3667/2720 
f 2857/3712/2765 2821/3676/2729 2822/3677/2730 2858/3713/2766 
f 2367/3222/2312 2857/3712/2765 2858/3713/2766 2369/3224/2314 
f 2857/3712/2765 2367/3222/2312 2363/3218/2308 2856/3711/2764 
f 2821/3676/2729 2857/3712/2765 2856/3711/2764 2818/3673/2726 
f 2859/3714/2767 2825/3680/2733 2826/3681/2734 2860/3715/2768 
f 2373/3228/2318 2859/3714/2767 2860/3715/2768 2375/3230/2320 
f 2859/3714/2767 2373/3228/2318 2369/3224/2314 2858/3713/2766 
f 2825/3680/2733 2859/3714/2767 2858/3713/2766 2822/3677/2730 
f 2861/3716/2769 2829/3684/2737 2830/3685/2738 2862/3717/2770 
f 2380/3235/2325 2861/3716/2769 2862/3717/2770 2382/3237/2327 
f 2861/3716/2769 2380/3235/2325 2375/3230/2320 2860/3715/2768 
f 2829/3684/2737 2861/3716/2769 2860/3715/2768 2826/3681/2734 
f 2863/3718/2771 2833/3688/2741 2834/3689/2742 2864/3719/2772 
f 2386/3241/2331 2863/3718/2771 2864/3719/2772 2388/3243/2333 
f 2863/3718/2771 2386/3241/2331 2382/3237/2327 2862/3717/2770 
f 2833/3688/2741 2863/3718/2771 2862/3717/2770 2830/3685/2738 
f 2865/3720/2773 2837/3692/2745 2838/3693/2746 2866/3721/2774 
f 2392/3247/2337 2865/3720/2773 2866/3721/2774 2394/3249/2339 
f 2865/3720/2773 2392/3247/2337 2388/3243/2333 2864/3719/2772 
f 2837/3692/2745 2865/3720/2773 2864/3719/2772 2834/3689/2742 
f 2867/3722/2775 2841/3696/2749 2842/3697/2750 2868/3723/2776 
f 2398/3253/2343 2867/3722/2775 2868/3723/2776 2400/3255/2345 
f 2867/3722/2775 2398/3253/2343 2394/3249/2339 2866/3721/2774 
f 2841/3696/2749 2867/3722/2775 2866/3721/2774 2838/3693/2746 
f 2869/3724/2777 2845/3700/2753 2846/3701/2754 2870/3725/2778 
f 2404/3259/2349 2869/3724/2777 2870/3725/2778 2406/3261/2351 
f 2869/3724/2777 2404/3259/2349 2400/3255/2345 2868/3723/2776 
f 2845/3700/2753 2869/3724/2777 2868/3723/2776 2842/3697/2750 
f 2871/3726/2779 2848/3703/2756 2803/3658/2711 2851/3706/2759 
f 2410/3265/2355 2871/3726/2779 2851/3706/2759 2339/3194/2284 
f 2871/3726/2779 2410/3265/2355 2406/3261/2351 2870/3725/2778 
f 2848/3703/2756 2871/3726/2779 2870/3725/2778 2846/3701/2754 
f 2872/3727/2780 2873/3728/2781 2874/3729/2782 2875/3730/2783 
f 2876/3731/2784 2872/3727/2780 2875/3730/2783 2877/3732/2785 
f 2872/3727/2780 2876/3731/2784 2435/3733/2357 2434/3734/2357 
f 2873/3728/2781 2872/3727/2780 2434/3734/2357 2433/3735/2357 
f 2878/3736/2786 2876/3731/2784 2877/3732/2785 2879/3737/2787 
f 2880/3738/2788 2878/3736/2786 2879/3737/2787 2881/3739/2789 
f 2878/3736/2786 2880/3738/2788 2414/3740/2357 2413/3741/2357 
f 2876/3731/2784 2878/3736/2786 2413/3741/2357 2435/3733/2357 
f 2882/3742/2790 2880/3738/2788 2881/3739/2789 2883/3743/2791 
f 2884/3744/2792 2882/3742/2790 2883/3743/2791 2885/3745/2793 
f 2882/3742/2790 2884/3744/2792 2417/3272/2357 2415/3746/2357 
f 2880/3738/2788 2882/3742/2790 2415/3746/2357 2414/3740/2357 
f 2886/3747/2794 2884/3744/2792 2885/3745/2793 2887/3748/2795 
f 2888/3749/2796 2886/3747/2794 2887/3748/2795 2889/3750/2797 
f 2886/3747/2794 2888/3749/2796 2418/3273/2357 2416/3271/2357 
f 2884/3744/2792 2886/3747/2794 2416/3271/2357 2417/3272/2357 
f 2890/3751/2798 2888/3749/2796 2889/3750/2797 2891/3752/2799 
f 2892/3753/2800 2890/3751/2798 2891/3752/2799 2893/3754/2801 
f 2890/3751/2798 2892/3753/2800 2421/3276/2357 2419/3274/2357 
f 2888/3749/2796 2890/3751/2798 2419/3274/2357 2418/3273/2357 
f 2894/3755/2802 2892/3753/2800 2893/3754/2801 2895/3756/2803 
f 2894/3755/2802 2895/3756/2803 2896/3757/2804 
f 2897/3758/2805 2898/3759/2806 2894/3755/2802 2896/3757/2804 
f 2894/3755/2802 2898/3759/2806 2422/3277/2357 2420/3275/2357 
f 2892/3753/2800 2894/3755/2802 2420/3275/2357 2421/3276/2357 
f 2899/3760/2807 2900/3761/2808 2898/3759/2806 2897/3758/2805 
f 2901/3762/2809 2902/3763/2810 2900/3761/2808 2899/3760/2807 
f 2900/3761/2808 2902/3763/2810 2425/3280/2357 2423/3278/2357 
f 2898/3759/2806 2900/3761/2808 2423/3278/2357 2422/3277/2357 
f 2901/3762/2809 2903/3764/2811 2904/3765/2812 2902/3763/2810 
f 2903/3764/2811 2905/3766/2813 2906/3767/2814 2907/3768/2815 
f 2903/3764/2811 2907/3768/2815 2904/3765/2812 
f 2904/3765/2812 2907/3768/2815 2426/3281/2357 2424/3279/2357 
f 2902/3763/2810 2904/3765/2812 2424/3279/2357 2425/3280/2357 
f 2908/3769/2816 2909/3770/2817 2907/3768/2815 2906/3767/2814 
f 2910/3771/2818 2911/3772/2819 2909/3770/2817 2908/3769/2816 
f 2909/3770/2817 2911/3772/2819 2429/3284/2357 2427/3282/2357 
f 2907/3768/2815 2909/3770/2817 2427/3282/2357 2426/3281/2357 
f 2428/3283/2357 2429/3284/2357 2911/3772/2819 2912/3773/2820 
f 2428/3283/2357 2912/3773/2820 2913/3774/2821 
f 2914/3775/2822 2873/3728/2781 2433/3735/2357 2432/3776/2357 
f 2915/3777/2823 2916/3778/2824 2914/3775/2822 2432/3776/2357 
f 2917/3779/2825 2918/3780/2826 2919/3781/2827 2920/3782/2828 
f 2917/3779/2825 2920/3782/2828 2921/3783/2829 
f 2918/3780/2826 2548/3403/2470 2922/3784/2830 2919/3781/2827 
f 2923/3785/2831 2549/3404/2471 2548/3403/2470 2918/3780/2826 
f 2924/3786/2832 2923/3785/2831 2918/3780/2826 2917/3779/2825 
f 2923/3785/2831 2924/3786/2832 2925/3787/2833 2926/3788/2834 
f 2549/3404/2471 2923/3785/2831 2926/3788/2834 2551/3406/2472 
f 2927/3789/2835 2555/3410/2476 2551/3406/2472 2926/3788/2834 
f 2928/3790/2836 2927/3789/2835 2926/3788/2834 2925/3787/2833 
f 2927/3789/2835 2928/3790/2836 2929/3791/2837 2930/3792/2838 
f 2555/3410/2476 2927/3789/2835 2930/3792/2838 2557/3412/2478 
f 2931/3793/2839 2561/3416/2482 2557/3412/2478 2930/3792/2838 
f 2932/3794/2840 2931/3793/2839 2930/3792/2838 2929/3791/2837 
f 2931/3793/2839 2932/3794/2840 2933/3795/2841 2934/3796/2842 
f 2561/3416/2482 2931/3793/2839 2934/3796/2842 2563/3418/2483 
f 2935/3797/2843 2567/3422/2487 2563/3418/2483 2934/3796/2842 
f 2936/3798/2844 2935/3797/2843 2934/3796/2842 2933/3795/2841 
f 2937/3799/2845 2935/3797/2843 2936/3798/2844 2938/3800/2846 
f 2939/3801/2847 2567/3422/2487 2935/3797/2843 2937/3799/2845 
f 2940/3802/2848 2875/3730/2783 2874/3729/2782 2941/3803/2849 
f 2942/3804/2850 2940/3802/2848 2941/3803/2849 2943/3805/2851 
f 2942/3804/2850 2943/3805/2851 2944/3806/2852 
f 2940/3802/2848 2942/3804/2850 2945/3807/2853 2946/3808/2854 
f 2875/3730/2783 2940/3802/2848 2946/3808/2854 2877/3732/2785 
f 2947/3809/2855 2879/3737/2787 2877/3732/2785 2946/3808/2854 
f 2948/3810/2856 2947/3809/2855 2946/3808/2854 2945/3807/2853 
f 2947/3809/2855 2948/3810/2856 2949/3811/2857 2950/3812/2858 
f 2879/3737/2787 2947/3809/2855 2950/3812/2858 2881/3739/2789 
f 2951/3813/2859 2883/3743/2791 2881/3739/2789 2950/3812/2858 
f 2952/3814/2860 2951/3813/2859 2950/3812/2858 2949/3811/2857 
f 2951/3813/2859 2952/3814/2860 2953/3815/2861 2954/3816/2862 
f 2883/3743/2791 2951/3813/2859 2954/3816/2862 2885/3745/2793 
f 2955/3817/2863 2887/3748/2795 2885/3745/2793 2954/3816/2862 
f 2956/3818/2864 2955/3817/2863 2954/3816/2862 2953/3815/2861 
f 2955/3817/2863 2956/3818/2864 2957/3819/2865 2958/3820/2866 
f 2887/3748/2795 2955/3817/2863 2958/3820/2866 2889/3750/2797 
f 2959/3821/2867 2891/3752/2799 2889/3750/2797 2958/3820/2866 
f 2960/3822/2868 2959/3821/2867 2958/3820/2866 2957/3819/2865 
f 2961/3823/2869 2962/3824/2870 2959/3821/2867 2960/3822/2868 
f 2893/3754/2801 2891/3752/2799 2959/3821/2867 2962/3824/2870 
f 2893/3754/2801 2962/3824/2870 2963/3825/2871 
f 2874/3729/2782 2964/3826/2872 2965/3827/2873 2941/3803/2849 
f 2966/3828/2874 2967/3829/2875 2968/3830/2876 2969/3831/2877 
f 2921/3783/2829 2966/3828/2874 2969/3831/2877 2917/3779/2825 
f 2513/3368/2435 2970/3832/2878 2971/3833/2879 2514/3369/2436 
f 2970/3832/2878 2513/3368/2435 2512/3367/2434 2972/3834/2880 
f 2967/3829/2875 2970/3832/2878 2972/3834/2880 2968/3830/2876 
f 2973/3835/2881 2924/3786/2832 2917/3779/2825 2969/3831/2877 
f 2974/3836/2882 2973/3835/2881 2969/3831/2877 2968/3830/2876 
f 2973/3835/2881 2974/3836/2882 2975/3837/2883 2976/3838/2884 
f 2924/3786/2832 2973/3835/2881 2976/3838/2884 2925/3787/2833 
f 2977/3839/2885 2974/3836/2882 2968/3830/2876 2972/3834/2880 
f 2520/3375/2442 2977/3839/2885 2972/3834/2880 2512/3367/2434 
f 2977/3839/2885 2520/3375/2442 2519/3374/2441 2978/3840/2886 
f 2974/3836/2882 2977/3839/2885 2978/3840/2886 2975/3837/2883 
f 2979/3841/2887 2928/3790/2836 2925/3787/2833 2976/3838/2884 
f 2980/3842/2888 2979/3841/2887 2976/3838/2884 2975/3837/2883 
f 2979/3841/2887 2980/3842/2888 2981/3843/2889 2982/3844/2890 
f 2928/3790/2836 2979/3841/2887 2982/3844/2890 2929/3791/2837 
f 2983/3845/2891 2980/3842/2888 2975/3837/2883 2978/3840/2886 
f 2526/3381/2448 2983/3845/2891 2978/3840/2886 2519/3374/2441 
f 2983/3845/2891 2526/3381/2448 2525/3380/2447 2984/3846/2892 
f 2980/3842/2888 2983/3845/2891 2984/3846/2892 2981/3843/2889 
f 2985/3847/2893 2932/3794/2840 2929/3791/2837 2982/3844/2890 
f 2986/3848/2894 2985/3847/2893 2982/3844/2890 2981/3843/2889 
f 2985/3847/2893 2986/3848/2894 2987/3849/2895 2988/3850/2896 
f 2932/3794/2840 2985/3847/2893 2988/3850/2896 2933/3795/2841 
f 2989/3851/2897 2986/3848/2894 2981/3843/2889 2984/3846/2892 
f 2532/3387/2454 2989/3851/2897 2984/3846/2892 2525/3380/2447 
f 2989/3851/2897 2532/3387/2454 2531/3386/2453 2990/3852/2898 
f 2986/3848/2894 2989/3851/2897 2990/3852/2898 2987/3849/2895 
f 2991/3853/2899 2936/3798/2844 2933/3795/2841 2988/3850/2896 
f 2992/3854/2900 2991/3853/2899 2988/3850/2896 2987/3849/2895 
f 2993/3855/2901 2991/3853/2899 2992/3854/2900 2994/3856/2902 
f 2938/3800/2846 2936/3798/2844 2991/3853/2899 2993/3855/2901 
f 2995/3857/2903 2992/3854/2900 2987/3849/2895 2990/3852/2898 
f 2538/3393/2460 2995/3857/2903 2990/3852/2898 2531/3386/2453 
f 2995/3857/2903 2538/3393/2460 2537/3392/2459 2996/3858/2904 
f 2995/3857/2903 2996/3858/2904 2997/3859/2905 
f 2994/3856/2902 2992/3854/2900 2995/3857/2903 2997/3859/2905 
f 2514/3369/2436 2971/3833/2879 2998/3860/2906 2541/3396/2463 
f 2971/3833/2879 2999/3861/2907 3000/3862/2908 2998/3860/2906 
f 3001/3863/2909 3002/3864/2910 3003/3865/2911 3004/3866/2912 
f 2942/3804/2850 3001/3863/2909 3004/3866/2912 2945/3807/2853 
f 3005/3867/2913 3006/3868/2914 2544/3399/2466 2543/3398/2465 
f 3005/3867/2913 2543/3398/2465 3007/3869/2915 
f 3002/3864/2910 3005/3867/2913 3007/3869/2915 3003/3865/2911 
f 3008/3870/2916 2948/3810/2856 2945/3807/2853 3004/3866/2912 
f 3009/3871/2917 3008/3870/2916 3004/3866/2912 3003/3865/2911 
f 3008/3870/2916 3009/3871/2917 3010/3872/2918 3011/3873/2919 
f 2948/3810/2856 3008/3870/2916 3011/3873/2919 2949/3811/2857 
f 3012/3874/2920 3009/3871/2917 3003/3865/2911 3007/3869/2915 
f 2553/3408/2474 3012/3874/2920 3007/3869/2915 2543/3398/2465 
f 3012/3874/2920 2553/3408/2474 2552/3407/2473 3013/3875/2921 
f 3009/3871/2917 3012/3874/2920 3013/3875/2921 3010/3872/2918 
f 3014/3876/2922 2952/3814/2860 2949/3811/2857 3011/3873/2919 
f 3015/3877/2923 3014/3876/2922 3011/3873/2919 3010/3872/2918 
f 3014/3876/2922 3015/3877/2923 3016/3878/2924 3017/3879/2925 
f 2952/3814/2860 3014/3876/2922 3017/3879/2925 2953/3815/2861 
f 3018/3880/2926 3015/3877/2923 3010/3872/2918 3013/3875/2921 
f 2559/3414/2480 3018/3880/2926 3013/3875/2921 2552/3407/2473 
f 3018/3880/2926 2559/3414/2480 2558/3413/2479 3019/3881/2927 
f 3015/3877/2923 3018/3880/2926 3019/3881/2927 3016/3878/2924 
f 3020/3882/2928 2956/3818/2864 2953/3815/2861 3017/3879/2925 
f 3021/3883/2929 3020/3882/2928 3017/3879/2925 3016/3878/2924 
f 3020/3882/2928 3021/3883/2929 3022/3884/2930 3023/3885/2931 
f 2956/3818/2864 3020/3882/2928 3023/3885/2931 2957/3819/2865 
f 3024/3886/2932 3021/3883/2929 3016/3878/2924 3019/3881/2927 
f 2565/3420/2485 3024/3886/2932 3019/3881/2927 2558/3413/2479 
f 3024/3886/2932 2565/3420/2485 2564/3419/2484 3025/3887/2933 
f 3021/3883/2929 3024/3886/2932 3025/3887/2933 3022/3884/2930 
f 3026/3888/2934 2960/3822/2868 2957/3819/2865 3023/3885/2931 
f 3027/3889/2935 3026/3888/2934 3023/3885/2931 3022/3884/2930 
f 3028/3890/2936 3029/3891/2937 3026/3888/2934 3027/3889/2935 
f 3029/3891/2937 2961/3823/2869 2960/3822/2868 3026/3888/2934 
f 3030/3892/2938 3027/3889/2935 3022/3884/2930 3025/3887/2933 
f 2568/3423/2488 3030/3892/2938 3025/3887/2933 2564/3419/2484 
f 2570/3425/2490 3031/3893/2939 3030/3892/2938 2568/3423/2488 
f 3031/3893/2939 3028/3890/2936 3027/3889/2935 3030/3892/2938 
f 3032/3894/2940 2575/3430/2495 2576/3431/2496 3033/3895/2941 
f 2509/3364/2431 3032/3894/2940 3033/3895/2941 2511/3366/2433 
f 3032/3894/2940 2509/3364/2431 2508/3363/2430 3034/3896/2942 
f 2575/3430/2495 3032/3894/2940 3034/3896/2942 2577/3432/2497 
f 3035/3897/2943 2584/3439/2504 2585/3440/2505 3036/3898/2944 
f 2516/3371/2438 3035/3897/2943 3036/3898/2944 2518/3373/2440 
f 3035/3897/2943 2516/3371/2438 2511/3366/2433 3033/3895/2941 
f 2584/3439/2504 3035/3897/2943 3033/3895/2941 2576/3431/2496 
f 3037/3899/2945 2590/3445/2510 2591/3446/2511 3038/3900/2946 
f 2522/3377/2444 3037/3899/2945 3038/3900/2946 2524/3379/2446 
f 3037/3899/2945 2522/3377/2444 2518/3373/2440 3036/3898/2944 
f 2590/3445/2510 3037/3899/2945 3036/3898/2944 2585/3440/2505 
f 3039/3901/2947 2596/3451/2516 2597/3452/2517 3040/3902/2948 
f 2528/3383/2450 3039/3901/2947 3040/3902/2948 2530/3385/2452 
f 3039/3901/2947 2528/3383/2450 2524/3379/2446 3038/3900/2946 
f 2596/3451/2516 3039/3901/2947 3038/3900/2946 2591/3446/2511 
f 3041/3903/2949 2602/3457/2522 2603/3458/2523 3042/3904/2950 
f 2534/3389/2456 3041/3903/2949 3042/3904/2950 2536/3391/2458 
f 3041/3903/2949 2534/3389/2456 2530/3385/2452 3040/3902/2948 
f 2602/3457/2522 3041/3903/2949 3040/3902/2948 2597/3452/2517 
f 2608/3463/2528 3043/3905/2951 3044/3906/2952 2609/3464/2529 
f 3044/3906/2952 3045/3907/2953 3046/3908/2954 2536/3391/2458 
f 3044/3906/2952 2536/3391/2458 3042/3904/2950 
f 2609/3464/2529 3044/3906/2952 3042/3904/2950 2603/3458/2523 
f 2577/3432/2497 3034/3896/2942 3047/3909/2955 2612/3467/2532 
f 3034/3896/2942 2508/3363/2430 3048/3910/2956 3047/3909/2955 
f 2536/3391/2458 3046/3908/2954 2540/3395/2462 2535/3390/2457 
f 2567/3422/2487 2939/3801/2847 2569/3424/2489 2566/3421/2486 
f 2791/3646/2699 2788/3643/2696 2790/3645/2698 
f 3049/3911/2957 2795/3650/2703 2792/3647/2700 2794/3649/2702 
f 2895/3756/2803 2893/3754/2801 2963/3825/2871 
f 2996/3858/2904 2537/3392/2459 2539/3394/2461 
f 3045/3907/2953 3044/3906/2952 3043/3905/2951 
s off
f 2896/3912/2804 2895/3913/2803 2963/3914/2871 2897/3915/2805 
f 2963/3914/2871 2962/3916/2870 2961/3917/2869 3028/3918/2936 
f 2961/3917/2869 3029/3919/2937 3028/3918/2936 
f 3028/3918/2936 3031/3920/2939 2570/3921/2490 2939/3922/2847 
f 2570/3921/2490 2569/3923/2489 2939/3922/2847 
f 2963/3914/2871 3028/3918/2936 2939/3922/2847 2997/3924/2905 
f 2939/3922/2847 2937/3925/2845 2938/3926/2846 2994/3927/2902 
f 2938/3926/2846 2993/3928/2901 2994/3927/2902 
f 2939/3922/2847 2994/3927/2902 2997/3924/2905 
f 2996/3929/2904 2539/3930/2461 2540/3931/2462 2901/3932/2809 
f 2607/3933/2527 2787/3934/2695 2791/3935/2699 2604/3936/2524 
f 2608/3937/2528 2604/3936/2524 2791/3935/2699 3043/3938/2951 
f 2790/3939/2698 2789/3940/2697 2796/3941/2704 2791/3935/2699 
f 2796/3941/2704 2795/3942/2703 3049/3943/2957 2903/3944/2811 
f 3049/3943/2957 2905/3945/2813 2903/3944/2811 
f 2791/3935/2699 2796/3941/2704 2903/3944/2811 2901/3932/2809 
f 3043/3938/2951 2791/3935/2699 2901/3932/2809 3045/3946/2953 
f 3046/3947/2954 3045/3946/2953 2901/3932/2809 2540/3931/2462 
f 2997/3924/2905 2996/3929/2904 2901/3932/2809 2963/3914/2871 
f 2963/3914/2871 2901/3932/2809 2899/3948/2807 2897/3915/2805 
s 2
f 2496/3351/2418 2809/3664/2717 2500/3355/2422 2495/3350/2417 
f 2768/3623/2676 2767/3622/2675 2766/3621/2674 
f 2814/3669/2722 3050/3949/2958 2808/3663/2716 2807/3662/2715 
f 2912/3773/2820 2911/3772/2819 2910/3771/2818 3051/3950/2959 
f 2913/3774/2821 3052/3951/2821 2430/3285/2357 2428/3283/2357 
f 2430/3285/2357 3052/3951/2821 3053/3952/2821 2431/3286/2357 
f 3054/3953/2960 2694/3549/2609 3055/3954/2961 
f 2624/3479/2544 2623/3478/2543 3055/3954/2961 2694/3549/2609 
f 2622/3477/2542 2621/3476/2541 2633/3488/2551 
f 3056/3955/2962 2647/3502/2562 2646/3501/2561 
f 2645/3500/2560 2644/3499/2559 2651/3506/2566 
f 3057/3956/2963 2658/3513/2573 2657/3512/2572 2663/3518/2578 
f 3057/3956/2963 2663/3518/2578 2661/3516/2576 
f 3056/3955/2962 3057/3956/2963 2661/3516/2576 2647/3502/2562 
f 3058/3957/2964 3059/3958/2965 2690/3545/2605 2686/3541/2601 
f 3058/3957/2964 2686/3541/2601 2685/3540/2600 
f 3054/3953/2960 2688/3543/2603 2687/3542/2602 2692/3547/2607 
f 3054/3953/2960 2692/3547/2607 2694/3549/2609 
f 2713/3568/2621 2355/3210/2300 2357/3212/2302 
f 2377/3232/2322 2376/3231/2321 2717/3572/2625 
f 3059/3958/2965 2715/3570/2623 2714/3569/2622 2718/3573/2626 
f 3059/3958/2965 2718/3573/2626 2690/3545/2605 
f 2771/3626/2679 2764/3619/2672 2762/3617/2670 2763/3618/2671 
f 2793/3648/2701 2761/3616/2669 2765/3620/2673 
f 2770/3625/2678 2769/3624/2677 3060/3959/2966 
s off
f 2906/3960/2814 2905/3961/2813 3049/3962/2957 2908/3963/2816 
f 2794/3964/2702 2793/3965/2701 2765/3966/2673 3049/3962/2957 
f 2765/3966/2673 2764/3967/2672 2771/3968/2679 2770/3969/2678 
f 2770/3969/2678 3060/3970/2966 3051/3971/2959 2910/3972/2818 
f 2765/3966/2673 2770/3969/2678 2910/3972/2818 3049/3962/2957 
f 3049/3962/2957 2910/3972/2818 2908/3963/2816 
s 2
f 2350/3205/2295 2346/3201/2291 2349/3204/2294 3061/3973/2967 
f 2353/3208/2298 2352/3207/2297 2359/3214/2304 3062/3974/2968 
f 3063/3975/2823 2412/3267/2357 2431/3286/2357 3064/3976/2969 
f 3065/3977/2970 2412/3267/2357 3063/3975/2823 
f 3066/3978/2823 2412/3267/2357 3065/3977/2970 
f 3067/3979/2823 2412/3267/2357 3066/3978/2823 
f 3068/3980/2823 2412/3267/2357 3067/3979/2823 
f 3069/3981/2823 2412/3267/2357 3068/3980/2823 
f 2432/3287/2357 2412/3267/2357 3069/3981/2823 2915/3982/2823 
f 2502/3357/2424 2501/3356/2423 2505/3360/2427 3070/3983/2971 
f 2508/3363/2430 2507/3362/2429 2542/3397/2464 3048/3910/2956 
f 2682/3537/2597 2684/3539/2599 3071/3984/2972 3072/3985/2973 
f 2683/3538/2598 2682/3537/2597 3072/3985/2973 
f 2711/3566/2619 2350/3205/2295 3061/3973/2967 3073/3986/2974 
f 2684/3539/2599 2711/3566/2619 3073/3986/2974 3071/3984/2972 
f 2772/3627/2680 2773/3628/2681 3074/3987/2975 3075/3988/2976 
f 2503/3358/2425 2772/3627/2680 3075/3988/2976 2504/3359/2426 
f 3074/3987/2975 2773/3628/2681 2798/3653/2706 
f 2805/3660/2713 2502/3357/2424 3070/3983/2971 3076/3989/2977 
f 2806/3661/2714 2805/3660/2713 3076/3989/2977 3077/3990/2978 
f 2852/3707/2760 2806/3661/2714 3077/3990/2978 3078/3991/2979 
f 2347/3202/2292 2852/3707/2760 3078/3991/2979 2348/3203/2293 
f 2853/3708/2761 2353/3208/2298 3062/3974/2968 3079/3992/2980 
f 2811/3666/2719 2853/3708/2761 3079/3992/2980 2813/3668/2721 
f 3080/3993/2981 2914/3775/2822 2916/3778/2824 
f 3080/3993/2981 2964/3826/2872 2874/3729/2782 2873/3728/2781 
f 3080/3993/2981 2873/3728/2781 2914/3775/2822 
f 3064/3976/2969 2431/3286/2357 3053/3952/2821 3081/3994/2982 
s off
f 2769/3995/2677 2768/3996/2676 2766/3997/2674 3081/3998/2982 
f 2499/3999/2421 2498/4000/2420 2500/4001/2422 3081/3998/2982 
f 2808/4002/2716 3050/4003/2958 3081/3998/2982 2809/4004/2717 
f 2500/4001/2422 2809/4004/2717 3081/3998/2982 
f 2766/3997/2674 2499/3999/2421 3081/3998/2982 
f 2912/4005/2820 3051/3971/2959 3060/3970/2966 2913/4006/2821 
f 3052/4007/2821 2913/4006/2821 3060/3970/2966 3053/4008/2821 
f 3081/3998/2982 3053/4008/2821 3060/3970/2966 2769/3995/2677 
f 3057/4009/2963 3056/4010/2962 2646/4011/2561 2659/4012/2574 
f 2646/4011/2561 2645/4013/2560 2651/4014/2566 3082/4015/2983 
f 2651/4014/2566 2652/4016/2567 3082/4015/2983 
f 3082/4015/2983 3083/4017/2984 2712/4018/2620 2713/4019/2621 
f 2357/4020/2302 2356/4021/2301 2365/4022/2310 2713/4019/2621 
f 3082/4015/2983 2713/4019/2621 2365/4022/2310 2716/4023/2624 
f 2365/4022/2310 2364/4024/2309 2370/4025/2315 2378/4026/2323 
f 2370/4025/2315 2371/4027/2316 2378/4026/2323 
f 2377/4028/2322 2717/4029/2625 2716/4023/2624 2378/4026/2323 
f 2365/4022/2310 2378/4026/2323 2716/4023/2624 
f 2716/4023/2624 2715/4030/2623 3059/4031/2965 2659/4012/2574 
f 3058/4032/2964 2685/4033/2600 2688/4034/2603 3054/4035/2960 
f 3059/4031/2965 3058/4032/2964 3054/4035/2960 2659/4012/2574 
f 3054/4035/2960 3055/4036/2961 2623/4037/2543 2622/4038/2542 
f 2622/4038/2542 2633/4039/2551 2632/4040/2550 2659/4012/2574 
f 2632/4040/2550 2668/4041/2583 2659/4012/2574 
f 3054/4035/2960 2622/4038/2542 2659/4012/2574 
f 3082/4015/2983 2716/4023/2624 2659/4012/2574 2646/4011/2561 
f 3057/4009/2963 2659/4012/2574 2658/4042/2573 
f 3083/4043/2984 3084/4044/2985 2620/4045/2540 2619/4046/2539 
f 2619/4046/2539 2683/4047/2598 3072/4048/2973 3083/4043/2984 
f 3083/4043/2984 3072/4048/2973 3071/4049/2972 3079/4050/2980 
f 2542/4051/2464 2541/4052/2463 2998/4053/2906 3085/4054/2986 
f 2998/4053/2906 3000/4055/2908 3085/4054/2986 
f 3048/4056/2956 2542/4051/2464 3085/4054/2986 3047/4057/2955 
f 2612/4058/2532 3047/4057/2955 3085/4054/2986 2610/4059/2530 
f 2611/4060/2531 2610/4059/2530 3085/4054/2986 2797/4061/2705 
f 2798/4062/2706 2797/4061/2705 3085/4054/2986 3074/4063/2975 
f 3085/4054/2986 2965/4064/2873 2964/4065/2872 3080/4066/2981 
f 3085/4054/2986 3080/4066/2981 2916/4067/2824 2915/4068/2823 
f 3085/4054/2986 2915/4068/2823 3069/4069/2823 3068/4070/2823 
f 3064/4071/2969 3081/4072/2982 3050/4073/2958 3063/4074/2823 
f 3065/4075/2970 3063/4074/2823 3050/4073/2958 3066/4076/2823 
f 3067/4077/2823 3066/4076/2823 3050/4073/2958 3068/4070/2823 
f 3085/4054/2986 3068/4070/2823 3050/4073/2958 2814/4078/2722 
f 3074/4063/2975 3085/4054/2986 2814/4078/2722 3075/4079/2976 
f 2504/4080/2426 3075/4079/2976 2814/4078/2722 2505/4081/2427 
f 3070/4082/2971 2505/4081/2427 2814/4078/2722 3076/4083/2977 
f 3077/4084/2978 3076/4083/2977 2814/4078/2722 3078/4085/2979 
f 2348/4086/2293 3078/4085/2979 2814/4078/2722 2349/4087/2294 
f 3061/4088/2967 2349/4087/2294 2814/4078/2722 3073/4089/2974 
f 3071/4049/2972 3073/4089/2974 2814/4078/2722 2813/4090/2721 
f 3071/4049/2972 2813/4090/2721 3079/4050/2980 
f 3083/4043/2984 3079/4050/2980 3062/4091/2968 2359/4092/2304 
f 3083/4043/2984 2359/4092/2304 2358/4093/2303 2712/4094/2620 
s 2
f 2548/3403/2470 2546/3401/2468 2545/3400/2467 2922/3784/2830 
f 3086/4095/2987 3087/4096/2988 2642/3497/2535 2614/3469/2534 
f 3086/4095/2987 2614/3469/2534 2613/3468/2533 
f 2652/3507/2567 2649/3504/2564 2655/3510/2570 3082/4097/2983 
f 2666/3521/2581 2667/3522/2582 3088/4098/2989 3089/4099/2990 
f 2653/3508/2568 2666/3521/2581 3089/4099/2990 2656/3511/2571 
f 2674/3529/2589 2642/3497/2535 3087/4096/2988 
f 3088/4098/2989 2667/3522/2582 2673/3528/2588 2675/3530/2590 
f 3090/4100/2991 2921/3783/2829 2920/3782/2828 
f 2941/3803/2849 2965/3827/2873 3085/4101/2986 2943/3805/2851 
f 2966/3828/2874 2921/3783/2829 3090/4100/2991 3091/4102/2992 
f 2967/3829/2875 2966/3828/2874 3091/4102/2992 3092/4103/2993 
f 3092/4103/2993 2999/3861/2907 2971/3833/2879 2970/3832/2878 
f 3092/4103/2993 2970/3832/2878 2967/3829/2875 
f 3093/4104/2994 3001/3863/2909 2942/3804/2850 2944/3806/2852 
f 3094/4105/2995 3002/3864/2910 3001/3863/2909 3093/4104/2994 
f 3095/4106/2996 3005/3867/2913 3002/3864/2910 3094/4105/2995 
f 3006/3868/2914 3005/3867/2913 3095/4106/2996 
f 2613/3468/2533 2617/3472/2537 3096/4107/2997 3086/4095/2987 
f 3096/4107/2997 2617/3472/2537 2620/3475/2540 3084/4108/2985 
s off
f 2943/4109/2851 3085/4110/2986 3000/4111/2908 2999/4112/2907 
f 2999/4112/2907 3092/4113/2993 3091/4114/2992 2920/4115/2828 
f 3091/4114/2992 3090/4116/2991 2920/4115/2828 
f 2919/4117/2827 2922/4118/2830 2545/4119/2467 2920/4115/2828 
f 2545/4119/2467 2544/4120/2466 3006/4121/2914 3094/4122/2995 
f 3006/4121/2914 3095/4123/2996 3094/4122/2995 
f 2920/4115/2828 2545/4119/2467 3094/4122/2995 2999/4112/2907 
f 2943/4109/2851 2999/4112/2907 3094/4122/2995 2944/4124/2852 
f 3094/4122/2995 3093/4125/2994 2944/4124/2852 
f 2655/4126/2570 2654/4127/2569 2656/4128/2571 3088/4129/2989 
f 2656/4128/2571 3089/4130/2990 3088/4129/2989 
f 3088/4129/2989 2675/4131/2590 2674/4132/2589 3096/4133/2997 
f 3087/4134/2988 3086/4135/2987 3096/4133/2997 2674/4132/2589 
f 2655/4126/2570 3088/4129/2989 3096/4133/2997 3083/4136/2984 
f 3096/4133/2997 3084/4137/2985 3083/4136/2984 
f 2655/4126/2570 3083/4136/2984 3082/4138/2983 
# 716 polygons - 84 triangles

#
# object Cylinder001_frag_007_frag_006
#

v  0.0524 -0.5707 0.5171
v  0.0397 -0.5655 0.5125
v  0.0433 -0.5598 0.5089
v  0.0560 -0.5650 0.5134
v  0.0569 -0.5653 0.5139
v  0.0535 -0.5710 0.5176
v  0.0488 -0.5761 0.5210
v  0.0361 -0.5709 0.5165
v  0.0270 -0.5589 0.5101
v  0.0306 -0.5532 0.5065
v  0.0234 -0.5643 0.5141
v  0.0193 -0.5617 0.5140
v  0.0226 -0.5561 0.5100
v  0.0586 -0.5606 0.5112
v  0.0459 -0.5554 0.5067
v  0.0479 -0.5518 0.5058
v  0.0585 -0.5561 0.5096
v  0.0588 -0.5602 0.5111
v  0.0334 -0.5489 0.5043
v  0.0355 -0.5453 0.5034
v  0.0292 -0.5777 0.5300
v  0.0291 -0.5777 0.5302
v  0.0233 -0.5742 0.5312
v  0.0208 -0.5733 0.5284
v  0.0495 -0.5483 0.5061
v  0.0561 -0.5510 0.5085
v  0.0506 -0.5449 0.5075
v  0.0518 -0.5454 0.5080
v  0.0507 -0.5444 0.5080
v  0.0374 -0.5420 0.5038
v  0.0378 -0.5414 0.5041
v  0.0419 -0.5404 0.5058
v  0.0301 -0.5778 0.5263
v  0.0361 -0.5802 0.5284
v  0.0296 -0.5779 0.5301
v  0.0316 -0.5768 0.5229
v  0.0415 -0.5808 0.5265
v  0.0335 -0.5746 0.5198
v  0.0458 -0.5796 0.5242
v  0.0467 -0.5789 0.5236
v  0.0181 -0.5715 0.5240
v  0.0192 -0.5703 0.5205
v  0.0181 -0.5716 0.5244
v  0.0209 -0.5680 0.5174
v  0.0264 -0.5505 0.5064
v  0.0297 -0.5466 0.5042
v  0.0331 -0.5437 0.5034
v  0.0369 -0.5417 0.5037
v  0.0178 -0.5714 0.5240
v  0.0169 -0.5689 0.5205
v  0.0174 -0.5658 0.5173
v  0.0495 -0.5763 0.5214
v  0.0587 -0.5606 0.5113
v  0.0457 -0.5400 0.5082
# 54 vertices

vn 0.1255 -0.6153 -0.7782
vn -0.0277 -0.5527 -0.8329
vn 0.0074 -0.4975 -0.8674
vn 0.1602 -0.5600 -0.8129
vn 0.9177 -0.3749 0.1315
vn 0.8689 -0.4577 0.1887
vn 0.0901 -0.6672 -0.7394
vn -0.0627 -0.6048 -0.7939
vn -0.1801 -0.4732 -0.8623
vn -0.1446 -0.4183 -0.8967
vn -0.2146 -0.5256 -0.8232
vn -0.9167 0.2494 -0.3121
vn -0.8774 0.3190 -0.3584
vn 0.2247 -0.4445 -0.8671
vn 0.0751 -0.3833 -0.9206
vn 0.1865 -0.1715 -0.9674
vn 0.9797 0.1368 -0.1465
vn 0.9953 0.0172 -0.0954
vn -0.0737 -0.3058 -0.9492
vn 0.0501 -0.1004 -0.9937
vn -0.4329 -0.8999 0.0524
vn -0.0978 -0.4354 0.8949
vn -0.4026 -0.1434 0.9041
vn -0.8300 -0.2212 0.5120
vn 0.3111 0.1104 -0.9440
vn 0.8888 0.4413 -0.1238
vn 0.4070 0.3853 -0.8282
vn 0.7745 0.6323 -0.0148
vn 0.6698 0.7358 0.1000
vn 0.2019 0.1673 -0.9650
vn -0.1189 0.9428 -0.3115
vn -0.0669 0.9545 -0.2905
vn -0.3508 -0.9025 -0.2499
vn 0.1132 -0.7298 0.6743
vn -0.0253 -0.5837 0.8116
vn -0.2361 -0.8182 -0.5242
vn 0.3554 -0.7951 0.4913
vn -0.1293 -0.6961 -0.7062
vn 0.6122 -0.7275 0.3096
vn 0.7160 -0.6511 0.2517
vn -0.4600 -0.8456 -0.2709
vn -0.3725 -0.7471 -0.5505
vn -0.8602 -0.2002 0.4690
vn -0.2780 -0.6185 -0.7350
vn -0.8300 0.3840 -0.4045
vn -0.7272 0.4992 -0.4712
vn -0.5388 0.6749 -0.5042
vn -0.3098 0.8453 -0.4353
vn -0.9567 -0.1535 0.2473
vn -0.9992 -0.0376 -0.0164
vn -0.9688 0.1246 -0.2144
vn 0.8095 -0.5351 0.2416
vn 0.9765 -0.2120 0.0384
vn 0.3039 0.9374 0.1703
# 54 vertex normals

vt 0.7774 0.0102 1.0004
vt 0.8048 0.0102 0.9992
vt 0.8048 0.0132 0.9965
vt 0.7774 0.0132 0.9977
vt 0.7754 0.0132 0.9978
vt 0.7751 0.0102 1.0004
vt 0.7774 0.0072 0.9977
vt 0.8048 0.0072 0.9965
vt 0.8323 0.0102 0.9973
vt 0.8323 0.0132 0.9946
vt 0.8323 0.0072 0.9946
vt 0.8417 0.0072 0.9938
vt 0.8422 0.0102 0.9964
vt 0.7774 0.0154 0.9898
vt 0.8048 0.0154 0.9886
vt 0.8048 0.0170 0.9727
vt 0.7815 0.0170 0.9737
vt 0.7774 0.0155 0.9882
vt 0.8323 0.0154 0.9867
vt 0.8323 0.0170 0.9708
vt 0.8048 0.0014 0.9090
vt 0.8048 0.0013 0.9063
vt 0.8183 0.0011 0.8814
vt 0.8249 0.0014 0.9078
vt 0.8048 0.0182 0.9462
vt 0.7897 0.0182 0.9468
vt 0.8048 0.0191 0.9090
vt 0.8020 0.0191 0.9092
vt 0.8048 0.0192 0.9009
vt 0.8323 0.0182 0.9444
vt 0.8323 0.0184 0.9371
vt 0.8257 0.0191 0.9077
vt 0.8048 0.0023 0.9462
vt 0.7913 0.0023 0.9467
vt 0.8039 0.0014 0.9091
vt 0.8048 0.0035 0.9727
vt 0.7829 0.0035 0.9736
vt 0.8048 0.0051 0.9886
vt 0.7779 0.0051 0.9898
vt 0.7774 0.0055 0.9915
vt 0.8323 0.0023 0.9444
vt 0.8323 0.0035 0.9708
vt 0.8323 0.0022 0.9404
vt 0.8323 0.0051 0.9867
vt 0.8419 0.0132 0.9938
vt 0.8407 0.0154 0.9860
vt 0.8381 0.0170 0.9703
vt 0.8336 0.0182 0.9443
vt 0.8330 0.0023 0.9443
vt 0.8376 0.0035 0.9704
vt 0.8403 0.0051 0.9860
vt 0.7759 0.0072 0.9978
vt 0.7770 0.0154 0.9898
vt 0.8179 0.0194 0.8766
vt 0.2517 0.0166 0.8837
vt 0.2407 0.0150 0.8863
vt 0.2353 0.0128 0.8878
vt 0.2358 0.0068 0.8882
vt 0.2337 0.0098 0.8884
vt 0.2416 0.0046 0.8871
vt 0.2529 0.0030 0.8847
vt 0.2716 0.0018 0.8806
vt 0.3028 0.0009 0.8735
vt 0.3258 0.0006 0.8683
vt 0.3277 0.0191 0.8661
vt 0.2743 0.0017 0.8800
vt 0.2752 0.0180 0.8782
vt 0.3006 0.0187 0.8723
vt 0.2701 0.0178 0.8794
vt 0.3578 0.0188 0.8987
vt 0.3950 0.0178 0.9391
vt 0.3591 0.0009 0.9043
vt 0.3901 0.0018 0.9375
vt 0.4124 0.0030 0.9613
vt 0.3569 0.0009 0.9018
vt 0.4261 0.0046 0.9757
vt 0.4276 0.0051 0.9773
vt 0.4334 0.0128 0.9817
vt 0.4320 0.0068 0.9816
vt 0.4343 0.0098 0.9834
vt 0.4279 0.0152 0.9753
vt 0.4165 0.0166 0.9627
vt 0.4289 0.0150 0.9764
vt 0.3645 0.0187 0.9060
# 84 texture coords

o Cylinder001_frag_007_frag_006
g Cylinder001_frag_007_frag_006
usemtl wire_039005186
s 2
f 3097/4139/2998 3098/4140/2999 3099/4141/3000 3100/4142/3001 
f 3101/4143/3002 3102/4144/3003 3097/4139/2998 3100/4142/3001 
f 3098/4140/2999 3097/4139/2998 3103/4145/3004 3104/4146/3005 
f 3098/4140/2999 3105/4147/3006 3106/4148/3007 3099/4141/3000 
f 3105/4147/3006 3098/4140/2999 3104/4146/3005 3107/4149/3008 
f 3108/4150/3009 3109/4151/3010 3105/4147/3006 3107/4149/3008 
f 3110/4152/3011 3100/4142/3001 3099/4141/3000 3111/4153/3012 
f 3110/4152/3011 3111/4153/3012 3112/4154/3013 3113/4155/3014 
f 3110/4152/3011 3113/4155/3014 3114/4156/3015 
f 3115/4157/3016 3116/4158/3017 3112/4154/3013 3111/4153/3012 
f 3106/4148/3007 3115/4157/3016 3111/4153/3012 3099/4141/3000 
f 3117/4159/3018 3118/4160/3019 3119/4161/3020 3120/4162/3021 
f 3112/4154/3013 3121/4163/3022 3122/4164/3023 3113/4155/3014 
f 3121/4163/3022 3123/4165/3024 3124/4166/3025 3122/4164/3023 
f 3123/4165/3024 3125/4167/3026 3124/4166/3025 
f 3123/4165/3024 3121/4163/3022 3126/4168/3027 3127/4169/3028 
f 3123/4165/3024 3127/4169/3028 3128/4170/3029 
f 3116/4158/3017 3126/4168/3027 3121/4163/3022 3112/4154/3013 
f 3129/4171/3030 3130/4172/3031 3131/4173/3032 3117/4159/3018 
f 3132/4174/3033 3133/4175/3034 3130/4172/3031 3129/4171/3030 
f 3134/4176/3035 3135/4177/3036 3133/4175/3034 3132/4174/3033 
f 3103/4145/3004 3136/4178/3037 3135/4177/3036 3134/4176/3035 
f 3103/4145/3004 3134/4176/3035 3104/4146/3005 
f 3137/4179/3038 3138/4180/3039 3132/4174/3033 3129/4171/3030 
f 3137/4179/3038 3129/4171/3030 3117/4159/3018 3120/4162/3021 
f 3137/4179/3038 3120/4162/3021 3139/4181/3040 
f 3140/4182/3041 3107/4149/3008 3104/4146/3005 3134/4176/3035 
f 3138/4180/3039 3140/4182/3041 3134/4176/3035 3132/4174/3033 
f 3141/4183/3042 3106/4148/3007 3105/4147/3006 3109/4151/3010 
f 3142/4184/3043 3115/4157/3016 3106/4148/3007 3141/4183/3042 
f 3143/4185/3044 3116/4158/3017 3115/4157/3016 3142/4184/3043 
f 3144/4186/3045 3126/4168/3027 3116/4158/3017 3143/4185/3044 
f 3127/4169/3028 3126/4168/3027 3144/4186/3045 
f 3145/4187/3046 3137/4179/3038 3139/4181/3040 
f 3138/4180/3039 3137/4179/3038 3145/4187/3046 3146/4188/3047 
f 3140/4182/3041 3138/4180/3039 3146/4188/3047 3147/4189/3048 
f 3107/4149/3008 3140/4182/3041 3147/4189/3048 3108/4150/3009 
f 3148/4190/3049 3103/4145/3004 3097/4139/2998 3102/4144/3003 
f 3149/4191/3050 3110/4152/3011 3114/4156/3015 
f 3100/4142/3001 3110/4152/3011 3149/4191/3050 3101/4143/3002 
f 3118/4160/3019 3117/4159/3018 3131/4173/3032 
f 3123/4165/3024 3128/4170/3029 3150/4192/3051 3125/4167/3026 
f 3136/4178/3037 3103/4145/3004 3148/4190/3049 
s off
f 3143/4193/3044 3142/4194/3043 3141/4195/3042 3108/4196/3009 
f 3141/4195/3042 3109/4197/3010 3108/4196/3009 
f 3108/4196/3009 3147/4198/3048 3146/4199/3047 3145/4200/3046 
f 3120/4201/3021 3119/4202/3020 3150/4203/3051 3139/4204/3040 
f 3145/4200/3046 3139/4204/3040 3150/4203/3051 3108/4196/3009 
f 3143/4193/3044 3108/4196/3009 3150/4203/3051 3127/4205/3028 
f 3150/4203/3051 3128/4206/3029 3127/4205/3028 
f 3143/4193/3044 3127/4205/3028 3144/4207/3045 
f 3125/4208/3026 3150/4203/3051 3119/4202/3020 3122/4209/3023 
f 3131/4210/3032 3130/4211/3031 3133/4212/3034 3118/4213/3019 
f 3133/4212/3034 3135/4214/3036 3136/4215/3037 3101/4216/3002 
f 3148/4217/3049 3102/4218/3003 3101/4216/3002 3136/4215/3037 
f 3118/4213/3019 3133/4212/3034 3101/4216/3002 3122/4209/3023 
f 3114/4219/3015 3113/4220/3014 3122/4209/3023 3149/4221/3050 
f 3101/4216/3002 3149/4221/3050 3122/4209/3023 
f 3119/4202/3020 3118/4213/3019 3122/4209/3023 
f 3125/4208/3026 3122/4209/3023 3124/4222/3025 
# 44 polygons - 16 triangles

#
# object Cylinder001_frag_007_frag_007
#

v  0.6683 0.4006 -0.1397
v  0.6798 0.3959 -0.1356
v  0.6246 0.3161 -0.0739
v  0.5682 0.2529 -0.0253
v  0.6885 0.3933 -0.1311
v  0.6114 0.3380 -0.0890
v  0.6568 0.4066 -0.1420
v  0.5621 0.2472 -0.0205
v  1.0156 0.9024 -0.4937
v  1.0283 0.8987 -0.4871
v  0.8650 0.6490 -0.3158
v  0.8524 0.6527 -0.3224
v  1.0027 0.9077 -0.4983
v  0.8395 0.6579 -0.3270
v  1.2101 1.2250 -0.7158
v  1.2231 1.2198 -0.7112
v  1.2357 1.2160 -0.7046
v  0.9899 0.9144 -0.5008
v  0.8266 0.6646 -0.3295
v  0.9775 0.9223 -0.5011
v  0.8143 0.6725 -0.3298
v  1.1849 1.2397 -0.7185
v  1.1973 1.2318 -0.7183
v  0.8120 0.6743 -0.3294
v  0.9734 0.9254 -0.5004
v  1.0402 0.8966 -0.4787
v  1.2476 1.2140 -0.6962
v  1.2482 1.2140 -0.6956
v  1.2263 1.1759 -0.6667
v  1.0407 0.8966 -0.4782
v  0.7839 0.5482 -0.2503
v  0.7964 0.5445 -0.2437
v  0.7627 0.5164 -0.2275
v  0.7751 0.5128 -0.2210
v  0.7500 0.5216 -0.2320
v  0.7710 0.5534 -0.2548
v  0.7583 0.5601 -0.2573
v  0.7373 0.5282 -0.2345
v  0.7251 0.5360 -0.2347
v  0.7459 0.5679 -0.2576
v  0.7446 0.5690 -0.2573
v  0.7245 0.5365 -0.2346
v  0.8036 0.5433 -0.2386
v  0.7811 0.5118 -0.2167
v  0.8740 0.6474 -0.3094
v  0.7414 0.4851 -0.2043
v  0.7536 0.4815 -0.1979
v  0.7109 0.4207 -0.1513
v  0.7289 0.4902 -0.2087
v  0.7165 0.4967 -0.2111
v  0.7132 0.5177 -0.2212
v  0.7580 0.4808 -0.1948
v  1.2413 1.2559 -0.7238
v  1.2415 1.2567 -0.7236
v  1.2431 1.2553 -0.7229
v  1.2513 1.2481 -0.7191
v  1.2402 1.2513 -0.7249
v  1.2283 1.2562 -0.7292
v  1.2300 1.2605 -0.7279
v  1.2186 1.2664 -0.7301
v  1.2199 1.2689 -0.7289
v  1.2310 1.2634 -0.7267
v  1.2164 1.2624 -0.7315
v  1.2050 1.2697 -0.7317
v  1.2077 1.2735 -0.7303
v  1.2508 1.2434 -0.7189
v  1.2388 1.2469 -0.7252
v  1.2518 1.2476 -0.7188
v  1.2370 1.2427 -0.7246
v  1.2493 1.2390 -0.7181
v  1.2244 1.2478 -0.7291
v  1.2264 1.2520 -0.7296
v  1.2349 1.2386 -0.7231
v  1.2474 1.2349 -0.7166
v  1.2324 1.2343 -0.7209
v  1.2450 1.2306 -0.7143
v  1.2195 1.2396 -0.7255
v  1.2221 1.2438 -0.7277
v  1.2142 1.2584 -0.7319
v  1.2118 1.2544 -0.7315
v  1.1997 1.2621 -0.7318
v  1.2023 1.2659 -0.7322
v  1.2094 1.2504 -0.7302
v  1.2067 1.2463 -0.7280
v  1.1943 1.2541 -0.7283
v  1.1971 1.2583 -0.7304
v  1.1946 1.2661 -0.7309
v  1.1983 1.2690 -0.7315
v  1.1913 1.2628 -0.7294
v  1.1882 1.2589 -0.7272
v  1.2295 1.2296 -0.7179
v  1.2166 1.2349 -0.7225
v  1.2421 1.2259 -0.7113
v  1.2037 1.2416 -0.7250
v  1.1913 1.2495 -0.7253
v  1.1851 1.2543 -0.7242
v  1.1787 1.2444 -0.7175
v  1.2526 1.2217 -0.7014
v  1.2026 1.2715 -0.7313
v  1.2072 1.2736 -0.7303
v  1.2549 1.2427 -0.7160
v  1.2567 1.2378 -0.7129
v  1.2569 1.2333 -0.7098
v  1.2559 1.2288 -0.7066
v  1.2538 1.2239 -0.7031
v  0.6518 0.4098 -0.1421
v  0.7051 0.5039 -0.2114
v  1.0093 0.8494 -0.4463
v  1.0702 1.0217 -0.5408
# 109 vertices

vn -0.0515 -0.5884 -0.8069
vn 0.1015 -0.6509 -0.7523
vn 0.7992 -0.5736 0.1797
vn 0.7406 -0.6574 0.1393
vn 0.8288 -0.5075 0.2356
vn -0.9038 0.2096 -0.3731
vn -0.2037 -0.5091 -0.8363
vn -0.5054 -0.6909 0.5169
vn 0.1254 -0.6154 -0.7781
vn 0.2748 -0.6594 -0.6998
vn 0.2740 -0.6605 -0.6991
vn 0.1247 -0.6165 -0.7774
vn -0.0278 -0.5528 -0.8328
vn -0.0285 -0.5539 -0.8321
vn -0.0277 -0.5527 -0.8329
vn 0.1255 -0.6153 -0.7782
vn 0.2749 -0.6592 -0.6999
vn -0.1802 -0.4734 -0.8622
vn -0.1809 -0.4745 -0.8615
vn -0.3271 -0.3796 -0.8654
vn -0.3278 -0.3807 -0.8647
vn -0.3270 -0.3794 -0.8655
vn -0.1801 -0.4732 -0.8623
vn -0.8835 0.3753 -0.2804
vn -0.8828 0.3766 -0.2809
vn 0.4158 -0.6833 -0.6002
vn 0.4159 -0.6831 -0.6003
vn 0.2753 -0.6754 -0.6842
vn 0.8856 -0.1985 0.4198
vn 0.8727 -0.3521 0.3382
vn 0.1201 -0.6234 -0.7726
vn 0.2695 -0.6674 -0.6943
vn 0.1131 -0.6340 -0.7650
vn 0.2624 -0.6779 -0.6867
vn -0.0401 -0.5714 -0.8197
vn -0.0331 -0.5608 -0.8273
vn -0.1854 -0.4814 -0.8567
vn -0.1924 -0.4920 -0.8491
vn -0.3392 -0.3982 -0.8523
vn -0.3323 -0.3876 -0.8599
vn -0.8881 0.3666 -0.2771
vn -0.8953 0.3556 -0.2685
vn 0.8679 -0.4148 0.2733
vn 0.8587 -0.4274 0.2830
vn 0.8737 -0.4051 0.2693
vn 0.1061 -0.6443 -0.7574
vn 0.2554 -0.6882 -0.6791
vn 0.8303 -0.5056 0.2347
vn -0.0470 -0.5817 -0.8120
vn -0.1992 -0.5023 -0.8414
vn -0.8971 0.2940 -0.3297
vn 0.8493 -0.4400 0.2917
vn 0.4441 0.1604 -0.8815
vn 0.5858 0.8083 -0.0591
vn 0.6728 0.7374 -0.0590
vn 0.7537 0.6488 -0.1048
vn 0.4058 0.0114 -0.9139
vn 0.2901 0.0587 -0.9552
vn 0.3455 0.2006 -0.9167
vn 0.2473 0.2518 -0.9357
vn 0.4133 0.9048 -0.1027
vn 0.5044 0.8588 -0.0897
vn 0.1751 0.1187 -0.9774
vn 0.0647 0.1899 -0.9797
vn 0.2869 0.9423 -0.1726
vn 0.4754 -0.2074 -0.8550
vn 0.3461 -0.1694 -0.9228
vn 0.7944 0.6016 -0.0839
vn 0.2742 -0.3430 -0.8984
vn 0.4153 -0.3845 -0.8244
vn 0.1295 -0.2838 -0.9501
vn 0.2134 -0.1151 -0.9701
vn 0.2059 -0.4800 -0.8528
vn 0.3530 -0.5232 -0.7756
vn 0.1579 -0.5638 -0.8107
vn 0.3069 -0.6076 -0.7325
vn 0.0050 -0.5013 -0.8652
vn 0.0550 -0.4183 -0.9067
vn 0.0815 -0.0464 -0.9956
vn -0.0144 -0.2088 -0.9779
vn -0.1532 -0.1202 -0.9809
vn -0.0456 0.0348 -0.9984
vn -0.0950 -0.3401 -0.9356
vn -0.1470 -0.4221 -0.8946
vn -0.2935 -0.3285 -0.8977
vn -0.2397 -0.2477 -0.9387
vn -0.6765 0.6091 -0.4139
vn -0.5393 0.7303 -0.4193
vn -0.7832 0.4983 -0.3719
vn -0.8459 0.4233 -0.3244
vn 0.1327 -0.6041 -0.7858
vn -0.0204 -0.5415 -0.8405
vn 0.2821 -0.6480 -0.7075
vn -0.1728 -0.4620 -0.8699
vn -0.3197 -0.3683 -0.8730
vn -0.8748 0.3860 -0.2929
vn -0.8827 0.3769 -0.2808
vn 0.9123 -0.2314 0.3380
vn -0.4009 0.8313 -0.3849
vn -0.0182 0.9928 -0.1183
vn 0.9145 0.4045 0.0039
vn 0.9776 0.1983 0.0706
vn 0.9851 -0.0007 0.1721
vn 0.9541 -0.1414 0.2639
vn 0.9235 -0.2128 0.3192
vn -0.9067 0.2775 -0.3178
vn -0.9012 0.2852 -0.3262
vn 0.8745 -0.4038 0.2688
vn -0.0410 0.5780 0.8150
# 109 vertex normals

vt 0.8048 0.5287 0.9026
vt 0.7774 0.5287 0.9037
vt 0.7774 0.4838 0.8324
vt 0.8048 0.4458 0.7714
vt 0.7564 0.5287 0.9040
vt 0.8323 0.4905 0.8404
vt 0.8323 0.5287 0.9009
vt 0.8089 0.4422 0.7653
vt 0.7774 0.8049 1.0135
vt 0.7500 0.8049 1.0140
vt 0.7500 0.6702 1.0122
vt 0.7774 0.6702 1.0118
vt 0.8048 0.8049 1.0123
vt 0.8048 0.6702 1.0105
vt 0.8048 0.9760 1.0123
vt 0.7774 0.9760 1.0135
vt 0.7500 0.9760 1.0140
vt 0.8323 0.8049 1.0103
vt 0.8323 0.6702 1.0086
vt 0.8600 0.8049 1.0080
vt 0.8600 0.6702 1.0063
vt 0.8600 0.9760 1.0080
vt 0.8323 0.9760 1.0103
vt 0.8656 0.6702 1.0058
vt 0.8697 0.8049 1.0071
vt 0.7226 0.8049 1.0135
vt 0.7226 0.9760 1.0135
vt 0.7211 0.9760 1.0134
vt 0.7134 0.9555 1.0131
vt 0.7212 0.8049 1.0135
vt 0.7774 0.6137 1.0066
vt 0.7500 0.6137 1.0070
vt 0.7774 0.5963 0.9961
vt 0.7500 0.5963 0.9966
vt 0.8048 0.5963 0.9949
vt 0.8048 0.6137 1.0053
vt 0.8323 0.6137 1.0034
vt 0.8323 0.5963 0.9930
vt 0.8600 0.5963 0.9907
vt 0.8600 0.6137 1.0011
vt 0.8633 0.6137 1.0008
vt 0.8615 0.5963 0.9906
vt 0.7334 0.6137 1.0067
vt 0.7359 0.5963 0.9964
vt 0.7293 0.6702 1.0119
vt 0.7774 0.5789 0.9788
vt 0.7500 0.5789 0.9792
vt 0.7500 0.5446 0.9279
vt 0.8048 0.5789 0.9776
vt 0.8323 0.5789 0.9757
vt 0.8600 0.5862 0.9807
vt 0.7396 0.5789 0.9790
vt 0.7774 0.9921 0.8927
vt 0.7774 0.9923 0.8845
vt 0.7730 0.9921 0.8928
vt 0.7512 0.9908 0.9349
vt 0.7774 0.9908 0.9345
vt 0.8048 0.9908 0.9334
vt 0.8048 0.9921 0.8916
vt 0.8323 0.9921 0.8899
vt 0.8323 0.9928 0.8607
vt 0.8048 0.9929 0.8599
vt 0.8323 0.9908 0.9316
vt 0.8600 0.9908 0.9294
vt 0.8601 0.9921 0.8876
vt 0.7500 0.9894 0.9675
vt 0.7774 0.9894 0.9670
vt 0.7500 0.9907 0.9374
vt 0.7774 0.9877 0.9903
vt 0.7500 0.9877 0.9907
vt 0.8048 0.9877 0.9891
vt 0.8048 0.9894 0.9659
vt 0.7774 0.9859 1.0042
vt 0.7500 0.9859 1.0047
vt 0.7774 0.9838 1.0112
vt 0.7500 0.9838 1.0116
vt 0.8048 0.9838 1.0100
vt 0.8048 0.9859 1.0030
vt 0.8323 0.9894 0.9640
vt 0.8323 0.9877 0.9872
vt 0.8600 0.9877 0.9849
vt 0.8600 0.9894 0.9618
vt 0.8323 0.9859 1.0011
vt 0.8323 0.9838 1.0080
vt 0.8600 0.9838 1.0057
vt 0.8600 0.9859 0.9987
vt 0.8726 0.9877 0.9838
vt 0.8701 0.9894 0.9609
vt 0.8741 0.9859 0.9975
vt 0.8748 0.9838 1.0043
vt 0.7774 0.9813 1.0135
vt 0.8048 0.9813 1.0123
vt 0.7500 0.9813 1.0140
vt 0.8323 0.9813 1.0103
vt 0.8600 0.9813 1.0080
vt 0.8749 0.9813 1.0066
vt 0.8748 0.9760 1.0066
vt 0.7226 0.9801 1.0135
vt 0.8662 0.9908 0.9289
vt 0.8610 0.9921 0.8894
vt 0.7401 0.9894 0.9673
vt 0.7326 0.9877 0.9904
vt 0.7279 0.9859 1.0043
vt 0.7250 0.9838 1.0112
vt 0.7232 0.9813 1.0135
vt 0.8450 0.5287 0.8999
vt 0.8587 0.5789 0.9735
vt 0.7226 0.7794 1.0132
vt 0.5000 1.4285 0.9622
vt 0.4964 1.4286 0.9607
vt 0.4359 1.4299 0.9347
vt 0.5299 1.4271 0.9744
vt 0.4242 1.4301 0.9297
vt 0.3547 1.4306 0.8991
vt 0.2166 1.4299 0.8369
vt 0.2870 1.4306 0.8688
vt 0.2141 1.4298 0.8357
vt 0.4023 1.2957 0.8103
vt 0.6151 1.3932 0.9848
vt 0.5916 1.4137 0.9911
vt 0.5868 1.4179 0.9923
vt 0.5851 1.4190 0.9925
vt 0.5792 1.4215 0.9919
vt 0.5695 1.4236 0.9893
vt 0.5538 1.4254 0.9838
vt 0.1700 0.6748 0.8391
vt 0.1770 0.6179 0.8430
vt 0.1845 0.6004 0.8430
vt 0.1971 0.5828 0.8418
vt 0.1913 0.5902 0.8424
vt 0.2541 0.5323 0.8337
vt 0.3000 0.4937 0.8269
vt 0.1950 0.9979 0.8025
vt 0.3714 0.4451 0.8154
vt 0.4145 0.8642 0.7654
vt 0.2192 0.9992 0.7969
vt 0.1491 0.9908 0.8136
vt 0.1754 0.9964 0.8071
vt 0.1615 0.9948 0.8104
vt 0.1532 0.9929 0.8125
vt 0.1478 0.9883 0.8141
vt 0.1482 0.9830 0.8146
vt 0.1598 0.8105 0.8285
vt 0.5700 0.6179 0.9901
vt 0.5837 0.6748 0.9918
vt 0.6058 0.7849 0.9903
vt 0.6351 0.9623 0.9812
vt 0.6102 0.8105 0.9891
vt 0.3805 0.4488 0.8243
vt 0.4418 0.4870 0.8817
vt 0.4971 0.5323 0.9310
vt 0.5489 0.5828 0.9753
vt 0.5158 0.5483 0.9475
vt 0.5612 0.6004 0.9846
# 154 texture coords

o Cylinder001_frag_007_frag_007
g Cylinder001_frag_007_frag_007
usemtl wire_177148027
s 2
f 3151/4223/3052 3152/4224/3053 3153/4225/3054 3154/4226/3055 
f 3152/4224/3053 3155/4227/3056 3153/4225/3054 
f 3156/4228/3057 3157/4229/3058 3151/4223/3052 3154/4226/3055 
f 3156/4228/3057 3154/4226/3055 3158/4230/3059 
f 3159/4231/3060 3160/4232/3061 3161/4233/3062 3162/4234/3063 
f 3163/4235/3064 3159/4231/3060 3162/4234/3063 3164/4236/3065 
f 3159/4231/3060 3163/4235/3064 3165/4237/3066 3166/4238/3067 
f 3160/4232/3061 3159/4231/3060 3166/4238/3067 3167/4239/3068 
f 3168/4240/3069 3163/4235/3064 3164/4236/3065 3169/4241/3070 
f 3170/4242/3071 3168/4240/3069 3169/4241/3070 3171/4243/3072 
f 3168/4240/3069 3170/4242/3071 3172/4244/3073 3173/4245/3074 
f 3163/4235/3064 3168/4240/3069 3173/4245/3074 3165/4237/3066 
f 3174/4246/3075 3175/4247/3076 3170/4242/3071 3171/4243/3072 
f 3176/4248/3077 3160/4232/3061 3167/4239/3068 3177/4249/3078 
f 3176/4248/3077 3177/4249/3078 3178/4250/3079 3179/4251/3080 
f 3176/4248/3077 3179/4251/3080 3180/4252/3081 
f 3181/4253/3082 3162/4234/3063 3161/4233/3062 3182/4254/3083 
f 3183/4255/3084 3181/4253/3082 3182/4254/3083 3184/4256/3085 
f 3181/4253/3082 3183/4255/3084 3185/4257/3086 3186/4258/3087 
f 3162/4234/3063 3181/4253/3082 3186/4258/3087 3164/4236/3065 
f 3187/4259/3088 3169/4241/3070 3164/4236/3065 3186/4258/3087 
f 3188/4260/3089 3187/4259/3088 3186/4258/3087 3185/4257/3086 
f 3187/4259/3088 3188/4260/3089 3189/4261/3090 3190/4262/3091 
f 3169/4241/3070 3187/4259/3088 3190/4262/3091 3171/4243/3072 
f 3190/4262/3091 3191/4263/3092 3174/4246/3075 3171/4243/3072 
f 3189/4261/3090 3192/4264/3093 3191/4263/3092 3190/4262/3091 
f 3182/4254/3083 3193/4265/3094 3194/4266/3095 3184/4256/3085 
f 3161/4233/3062 3195/4267/3096 3193/4265/3094 3182/4254/3083 
f 3196/4268/3097 3183/4255/3084 3184/4256/3085 3197/4269/3098 
f 3197/4269/3098 3198/4270/3099 3155/4227/3056 3152/4224/3053 
f 3197/4269/3098 3152/4224/3053 3196/4268/3097 
f 3196/4268/3097 3152/4224/3053 3151/4223/3052 3199/4271/3100 
f 3183/4255/3084 3196/4268/3097 3199/4271/3100 3185/4257/3086 
f 3200/4272/3101 3188/4260/3089 3185/4257/3086 3199/4271/3100 
f 3157/4229/3058 3200/4272/3101 3199/4271/3100 3151/4223/3052 
f 3189/4261/3090 3201/4273/3102 3192/4264/3093 
f 3184/4256/3085 3194/4266/3095 3202/4274/3103 3197/4269/3098 
f 3203/4275/3104 3204/4276/3105 3205/4277/3106 
f 3205/4277/3106 3206/4278/3107 3207/4279/3108 3203/4275/3104 
f 3203/4275/3104 3207/4279/3108 3208/4280/3109 3209/4281/3110 
f 3209/4281/3110 3210/4282/3111 3211/4283/3112 3212/4284/3113 
f 3213/4285/3114 3210/4282/3111 3209/4281/3110 3208/4280/3109 
f 3210/4282/3111 3213/4285/3114 3214/4286/3115 3215/4287/3116 
f 3216/4288/3117 3217/4289/3118 3207/4279/3108 3206/4278/3107 
f 3216/4288/3117 3206/4278/3107 3218/4290/3119 
f 3219/4291/3120 3217/4289/3118 3216/4288/3117 3220/4292/3121 
f 3217/4289/3118 3219/4291/3120 3221/4293/3122 3222/4294/3123 
f 3207/4279/3108 3217/4289/3118 3222/4294/3123 3208/4280/3109 
f 3223/4295/3124 3219/4291/3120 3220/4292/3121 3224/4296/3125 
f 3225/4297/3126 3223/4295/3124 3224/4296/3125 3226/4298/3127 
f 3223/4295/3124 3225/4297/3126 3227/4299/3128 3228/4300/3129 
f 3219/4291/3120 3223/4295/3124 3228/4300/3129 3221/4293/3122 
f 3229/4301/3130 3213/4285/3114 3208/4280/3109 3222/4294/3123 
f 3230/4302/3131 3229/4301/3130 3222/4294/3123 3221/4293/3122 
f 3229/4301/3130 3230/4302/3131 3231/4303/3132 3232/4304/3133 
f 3213/4285/3114 3229/4301/3130 3232/4304/3133 3214/4286/3115 
f 3233/4305/3134 3230/4302/3131 3221/4293/3122 3228/4300/3129 
f 3234/4306/3135 3233/4305/3134 3228/4300/3129 3227/4299/3128 
f 3233/4305/3134 3234/4306/3135 3235/4307/3136 3236/4308/3137 
f 3230/4302/3131 3233/4305/3134 3236/4308/3137 3231/4303/3132 
f 3231/4303/3132 3237/4309/3138 3238/4310/3139 3232/4304/3133 
f 3236/4308/3137 3239/4311/3140 3237/4309/3138 3231/4303/3132 
f 3235/4307/3136 3240/4312/3141 3239/4311/3140 3236/4308/3137 
f 3241/4313/3142 3166/4238/3067 3165/4237/3066 3242/4314/3143 
f 3225/4297/3126 3241/4313/3142 3242/4314/3143 3227/4299/3128 
f 3241/4313/3142 3225/4297/3126 3226/4298/3127 3243/4315/3144 
f 3166/4238/3067 3241/4313/3142 3243/4315/3144 3167/4239/3068 
f 3244/4316/3145 3173/4245/3074 3172/4244/3073 3245/4317/3146 
f 3234/4306/3135 3244/4316/3145 3245/4317/3146 3235/4307/3136 
f 3244/4316/3145 3234/4306/3135 3227/4299/3128 3242/4314/3143 
f 3173/4245/3074 3244/4316/3145 3242/4314/3143 3165/4237/3066 
f 3245/4317/3146 3246/4318/3147 3240/4312/3141 3235/4307/3136 
f 3172/4244/3073 3247/4319/3148 3246/4318/3147 3245/4317/3146 
f 3177/4249/3078 3248/4320/3149 3178/4250/3079 
f 3209/4281/3110 3212/4284/3113 3204/4276/3105 3203/4275/3104 
f 3211/4283/3112 3210/4282/3111 3215/4287/3116 
f 3249/4321/3150 3250/4322/3151 3215/4287/3116 3214/4286/3115 
f 3251/4323/3152 3252/4324/3153 3220/4292/3121 3216/4288/3117 
f 3251/4323/3152 3216/4288/3117 3218/4290/3119 
f 3253/4325/3154 3254/4326/3155 3226/4298/3127 3224/4296/3125 
f 3252/4324/3153 3253/4325/3154 3224/4296/3125 3220/4292/3121 
f 3255/4327/3156 3248/4320/3149 3177/4249/3078 3167/4239/3068 
f 3255/4327/3156 3167/4239/3068 3243/4315/3144 
f 3254/4326/3155 3255/4327/3156 3243/4315/3144 3226/4298/3127 
f 3256/4328/3157 3157/4229/3058 3156/4228/3057 
f 3172/4244/3073 3170/4242/3071 3175/4247/3076 3247/4319/3148 
f 3200/4272/3101 3157/4229/3058 3256/4328/3157 3257/4329/3158 
f 3257/4329/3158 3201/4273/3102 3189/4261/3090 3188/4260/3089 
f 3257/4329/3158 3188/4260/3089 3200/4272/3101 
f 3249/4321/3150 3214/4286/3115 3232/4304/3133 3238/4310/3139 
f 3258/4330/3159 3176/4248/3077 3180/4252/3081 
f 3258/4330/3159 3195/4267/3096 3161/4233/3062 3160/4232/3061 
f 3258/4330/3159 3160/4232/3061 3176/4248/3077 
f 3198/4270/3099 3197/4269/3098 3202/4274/3103 
s off
f 3218/4331/3119 3206/4332/3107 3205/4333/3106 3251/4334/3152 
f 3205/4333/3106 3204/4335/3105 3212/4336/3113 3215/4337/3116 
f 3212/4336/3113 3211/4338/3112 3215/4337/3116 
f 3250/4339/3151 3259/4340/3160 3179/4341/3080 3215/4337/3116 
f 3178/4342/3079 3248/4343/3149 3255/4344/3156 3179/4341/3080 
f 3215/4337/3116 3179/4341/3080 3255/4344/3156 3205/4333/3106 
f 3255/4344/3156 3254/4345/3155 3253/4346/3154 3251/4334/3152 
f 3253/4346/3154 3252/4347/3153 3251/4334/3152 
f 3205/4333/3106 3255/4344/3156 3251/4334/3152 
f 3174/4348/3075 3191/4349/3092 3192/4350/3093 3257/4351/3158 
f 3192/4350/3093 3201/4352/3102 3257/4351/3158 
f 3257/4351/3158 3256/4353/3157 3156/4354/3057 3249/4355/3150 
f 3156/4354/3057 3158/4356/3059 3259/4357/3160 3249/4355/3150 
f 3259/4357/3160 3250/4358/3151 3249/4355/3150 
f 3174/4348/3075 3257/4351/3158 3249/4355/3150 3240/4359/3141 
f 3249/4355/3150 3238/4360/3139 3237/4361/3138 3240/4359/3141 
f 3237/4361/3138 3239/4362/3140 3240/4359/3141 
f 3240/4359/3141 3246/4363/3147 3247/4364/3148 3174/4348/3075 
f 3174/4348/3075 3247/4364/3148 3175/4365/3076 
f 3193/4366/3094 3195/4367/3096 3258/4368/3159 3179/4369/3080 
f 3258/4368/3159 3180/4370/3081 3179/4369/3080 
f 3179/4369/3080 3259/4357/3160 3158/4356/3059 3193/4366/3094 
f 3154/4371/3055 3153/4372/3054 3155/4373/3056 3158/4356/3059 
f 3193/4366/3094 3158/4356/3059 3155/4373/3056 3202/4374/3103 
f 3155/4373/3056 3198/4375/3099 3202/4374/3103 
f 3193/4366/3094 3202/4374/3103 3194/4376/3095 
# 94 polygons - 26 triangles

