# 3ds Max Wavefront OBJ Exporter v0.99 - (c)2007 guruware
# File Created: 02.09.2026 22:18:27

mtllib coconut_hero.mtl

#
# object Object001
#

v  -0.0172 0.7135 -0.0379
v  -0.0218 0.7159 -0.0337
v  -0.0023 0.7299 0.0188
v  -0.0102 0.7155 -0.0308
v  -0.0234 0.7026 -0.0700
v  -0.0141 0.7027 -0.0682
v  -0.0316 0.7036 -0.0694
v  -0.0342 0.7136 -0.0497
v  -0.0347 0.7179 -0.0385
v  -0.0403 0.7033 -0.0752
v  -0.0493 0.7003 -0.0885
v  -0.0499 0.7060 -0.0794
v  -0.0538 0.7085 -0.0768
v  -0.0456 0.7143 -0.0453
v  -0.0405 0.7171 -0.0269
v  -0.0584 0.7066 -0.0760
v  -0.0655 0.7014 -0.0823
v  -0.0628 0.7047 -0.0669
v  -0.0655 0.7058 -0.0573
v  -0.0487 0.7156 -0.0266
v  -0.0465 0.7178 -0.0178
v  -0.0727 0.7059 -0.0527
v  -0.0777 0.7069 -0.0458
v  -0.0566 0.7162 -0.0190
v  -0.0526 0.7184 -0.0104
v  -0.0852 0.7069 -0.0408
v  -0.0886 0.7078 -0.0329
v  -0.0627 0.7168 -0.0098
v  -0.0571 0.7188 -0.0017
v  -0.0949 0.7078 -0.0265
v  -0.0965 0.7086 -0.0179
v  -0.0668 0.7173 0.0007
v  -0.0596 0.7192 0.0078
v  -0.1012 0.7085 -0.0104
v  -0.1010 0.7093 -0.0013
v  -0.0685 0.7177 0.0119
v  -0.0600 0.7195 0.0179
v  -0.1040 0.7091 0.0071
v  -0.1019 0.7097 0.0162
v  -0.0678 0.7179 0.0236
v  -0.0585 0.7196 0.0281
v  -0.1030 0.7095 0.0252
v  -0.0991 0.7100 0.0340
v  -0.0649 0.7180 0.0352
v  -0.0549 0.7196 0.0380
v  -0.0985 0.7097 0.0433
v  -0.0929 0.7101 0.0514
v  -0.0598 0.7180 0.0462
v  -0.0496 0.7195 0.0473
v  -0.0904 0.7097 0.0606
v  -0.0835 0.7100 0.0677
v  -0.0527 0.7178 0.0564
v  -0.0426 0.7193 0.0557
v  -0.0793 0.7095 0.0764
v  -0.0713 0.7097 0.0822
v  -0.0439 0.7174 0.0652
v  -0.0343 0.7189 0.0626
v  -0.0656 0.7090 0.0901
v  -0.0567 0.7091 0.0945
v  -0.0337 0.7169 0.0723
v  -0.0258 0.7183 0.0723
v  -0.0497 0.7083 0.1013
v  -0.0414 0.7083 0.1060
v  -0.0259 0.7161 0.0947
v  -0.0177 0.7193 0.0865
v  -0.0363 0.7076 0.1176
v  -0.0353 0.7048 0.1348
v  -0.0303 0.7096 0.1297
v  -0.0262 0.7113 0.1307
v  -0.0145 0.7154 0.0976
v  -0.0057 0.7171 0.0774
v  -0.0228 0.7090 0.1316
v  -0.0197 0.7037 0.1387
v  -0.0137 0.7060 0.1233
v  -0.0051 0.7058 0.1152
v  0.0006 0.7147 0.0809
v  0.0053 0.7164 0.0726
v  0.0037 0.7046 0.1148
v  0.0123 0.7045 0.1119
v  0.0119 0.7139 0.0792
v  0.0148 0.7157 0.0701
v  0.0212 0.7032 0.1120
v  0.0289 0.7031 0.1075
v  0.0223 0.7131 0.0752
v  0.0234 0.7151 0.0656
v  0.0374 0.7020 0.1057
v  0.0315 0.7124 0.0691
v  0.0309 0.7145 0.0595
v  0.0439 0.7020 0.0996
v  0.0516 0.7009 0.0960
v  0.0567 0.7010 0.0887
v  0.0391 0.7119 0.0611
v  0.0368 0.7141 0.0518
v  0.0635 0.7001 0.0835
v  0.0670 0.7004 0.0752
v  0.0450 0.7114 0.0516
v  0.0410 0.7138 0.0430
v  0.0725 0.6995 0.0686
v  0.0743 0.7000 0.0596
v  0.0488 0.7111 0.0410
v  0.0434 0.7136 0.0333
v  0.0783 0.6993 0.0519
v  0.0784 0.6998 0.0427
v  0.0504 0.7110 0.0296
v  0.0438 0.7135 0.0232
v  0.0808 0.6992 0.0342
v  0.0792 0.6998 0.0251
v  0.0498 0.7109 0.0180
v  0.0423 0.7134 0.0131
v  0.0799 0.6992 0.0161
v  0.0766 0.6998 0.0074
v  0.0469 0.7110 0.0065
v  0.0421 0.7132 0.0010
v  0.0756 0.6993 -0.0017
v  0.0729 0.6999 -0.0103
v  0.0547 0.7098 -0.0135
v  0.0447 0.7142 -0.0141
v  0.0767 0.6990 -0.0212
v  0.0883 0.6955 -0.0338
v  0.0805 0.7011 -0.0338
v  0.0783 0.7032 -0.0375
v  0.0481 0.7100 -0.0231
v  0.0302 0.7135 -0.0162
v  0.0762 0.7011 -0.0400
v  0.0794 0.6956 -0.0469
v  0.0637 0.6993 -0.0402
v  0.0518 0.7003 -0.0410
v  0.0267 0.7116 -0.0227
v  0.0189 0.7142 -0.0207
v  0.0445 0.7000 -0.0468
v  0.0363 0.7008 -0.0509
v  0.0168 0.7119 -0.0296
v  0.0097 0.7145 -0.0259
v  0.0293 0.7004 -0.0573
v  0.0206 0.7013 -0.0598
v  0.0059 0.7124 -0.0345
v  -0.0001 0.7150 -0.0293
v  0.0125 0.7010 -0.0648
v  0.0035 0.7019 -0.0656
v  -0.0056 0.7129 -0.0373
v  -0.0053 0.7017 -0.0691
v  -0.0273 0.6878 -0.1098
v  -0.0143 0.6872 -0.1098
v  -0.0289 0.6684 -0.1528
v  -0.0119 0.6675 -0.1528
v  -0.0448 0.6693 -0.1522
v  -0.0392 0.6885 -0.1099
v  -0.0493 0.6890 -0.1115
v  -0.0583 0.6701 -0.1523
v  -0.0691 0.6714 -0.1534
v  -0.0576 0.6902 -0.1138
v  -0.0731 0.6936 -0.1133
v  -0.0700 0.6949 -0.1170
v  -0.0876 0.6747 -0.1528
v  -0.0836 0.6758 -0.1573
v  -0.0921 0.6730 -0.1454
v  -0.0762 0.6915 -0.1069
v  -0.0982 0.6925 -0.0852
v  -0.0891 0.6918 -0.0926
v  -0.1233 0.6749 -0.1202
v  -0.1108 0.6739 -0.1295
v  -0.1361 0.6759 -0.1097
v  -0.1078 0.6933 -0.0772
v  -0.1164 0.6940 -0.0683
v  -0.1477 0.6767 -0.0979
v  -0.1579 0.6775 -0.0849
v  -0.1240 0.6946 -0.0585
v  -0.1304 0.6951 -0.0479
v  -0.1666 0.6781 -0.0710
v  -0.1737 0.6785 -0.0561
v  -0.1357 0.6956 -0.0366
v  -0.1397 0.6960 -0.0248
v  -0.1791 0.6789 -0.0404
v  -0.1828 0.6792 -0.0242
v  -0.1424 0.6964 -0.0125
v  -0.1438 0.6967 0.0002
v  -0.1847 0.6795 -0.0075
v  -0.1848 0.6797 0.0095
v  -0.1438 0.6970 0.0130
v  -0.1425 0.6972 0.0260
v  -0.1831 0.6799 0.0266
v  -0.1797 0.6802 0.0437
v  -0.1399 0.6974 0.0390
v  -0.1359 0.6976 0.0518
v  -0.1746 0.6804 0.0605
v  -0.1678 0.6807 0.0770
v  -0.1308 0.6977 0.0644
v  -0.1245 0.6978 0.0765
v  -0.1594 0.6810 0.0930
v  -0.1496 0.6813 0.1083
v  -0.1170 0.6978 0.0881
v  -0.1085 0.6978 0.0991
v  -0.1384 0.6815 0.1228
v  -0.1260 0.6815 0.1363
v  -0.0991 0.6976 0.1094
v  -0.0889 0.6974 0.1188
v  -0.1125 0.6815 0.1487
v  -0.0981 0.6812 0.1599
v  -0.0778 0.6970 0.1273
v  -0.0662 0.6965 0.1347
v  -0.0827 0.6807 0.1697
v  -0.0683 0.6801 0.1787
v  -0.0553 0.6959 0.1422
v  -0.0464 0.6956 0.1505
v  -0.0563 0.6796 0.1873
v  -0.0472 0.6798 0.1962
v  -0.0398 0.6961 0.1592
v  -0.0277 0.6975 0.1697
v  -0.0321 0.6993 0.1723
v  -0.0311 0.6806 0.2085
v  -0.0369 0.6825 0.2116
v  -0.0232 0.6779 0.2023
v  -0.0216 0.6947 0.1639
v  0.0101 0.6910 0.1540
v  -0.0020 0.6921 0.1556
v  0.0177 0.6732 0.1949
v  0.0018 0.6747 0.1964
v  0.0344 0.6715 0.1930
v  0.0228 0.6899 0.1527
v  0.0351 0.6888 0.1500
v  0.0507 0.6700 0.1893
v  0.0663 0.6685 0.1839
v  0.0469 0.6878 0.1460
v  0.0582 0.6868 0.1407
v  0.0812 0.6672 0.1768
v  0.0952 0.6660 0.1681
v  0.0688 0.6860 0.1343
v  0.0785 0.6853 0.1267
v  0.1082 0.6652 0.1579
v  0.1199 0.6646 0.1464
v  0.0875 0.6847 0.1181
v  0.0954 0.6843 0.1085
v  0.1305 0.6642 0.1336
v  0.1396 0.6640 0.1197
v  0.1024 0.6840 0.0981
v  0.1082 0.6838 0.0869
v  0.1473 0.6641 0.1048
v  0.1536 0.6643 0.0892
v  0.1130 0.6838 0.0752
v  0.1165 0.6838 0.0630
v  0.1583 0.6646 0.0729
v  0.1615 0.6650 0.0562
v  0.1189 0.6839 0.0504
v  0.1201 0.6840 0.0375
v  0.1630 0.6654 0.0392
v  0.1631 0.6657 0.0221
v  0.1201 0.6841 0.0246
v  0.1188 0.6842 0.0117
v  0.1615 0.6660 0.0051
v  0.1584 0.6663 -0.0117
v  0.1164 0.6844 -0.0011
v  0.1128 0.6845 -0.0136
v  0.1538 0.6664 -0.0281
v  0.1494 0.6665 -0.0437
v  0.1099 0.6845 -0.0258
v  0.1095 0.6846 -0.0375
v  0.1470 0.6665 -0.0580
v  0.1475 0.6671 -0.0706
v  0.1113 0.6853 -0.0482
v  0.1103 0.6873 -0.0634
v  0.1157 0.6887 -0.0624
v  0.1460 0.6688 -0.0896
v  0.1534 0.6701 -0.0880
v  0.1341 0.6668 -0.0903
v  0.1010 0.6853 -0.0633
v  0.0692 0.6848 -0.0773
v  0.0795 0.6847 -0.0702
v  0.0974 0.6658 -0.1109
v  0.1101 0.6659 -0.1014
v  0.0839 0.6656 -0.1211
v  0.0588 0.6850 -0.0851
v  0.0477 0.6851 -0.0920
v  0.0695 0.6656 -0.1299
v  0.0542 0.6657 -0.1374
v  0.0360 0.6854 -0.0978
v  0.0239 0.6857 -0.1025
v  0.0384 0.6659 -0.1435
v  0.0219 0.6663 -0.1481
v  0.0114 0.6861 -0.1061
v  -0.0014 0.6866 -0.1085
v  0.0051 0.6668 -0.1512
v  -0.0292 0.6438 -0.1943
v  -0.0082 0.6427 -0.1944
v  -0.0285 0.6142 -0.2340
v  -0.0036 0.6130 -0.2341
v  -0.0514 0.6156 -0.2321
v  -0.0487 0.6449 -0.1931
v  -0.0651 0.6460 -0.1914
v  -0.0704 0.6169 -0.2290
v  -0.0856 0.6181 -0.2277
v  -0.0782 0.6472 -0.1912
v  -0.1002 0.6499 -0.1904
v  -0.0953 0.6503 -0.1960
v  -0.1114 0.6202 -0.2263
v  -0.1054 0.6198 -0.2330
v  -0.1188 0.6209 -0.2163
v  -0.1063 0.6493 -0.1816
v  -0.1464 0.6523 -0.1538
v  -0.1306 0.6510 -0.1649
v  -0.1674 0.6248 -0.1857
v  -0.1485 0.6233 -0.1986
v  -0.1866 0.6262 -0.1702
v  -0.1624 0.6534 -0.1408
v  -0.1769 0.6544 -0.1261
v  -0.2039 0.6272 -0.1528
v  -0.2193 0.6279 -0.1337
v  -0.1897 0.6552 -0.1101
v  -0.2006 0.6557 -0.0927
v  -0.2324 0.6282 -0.1130
v  -0.2432 0.6282 -0.0911
v  -0.2095 0.6560 -0.0743
v  -0.2164 0.6562 -0.0549
v  -0.2514 0.6280 -0.0681
v  -0.2571 0.6276 -0.0443
v  -0.2211 0.6562 -0.0348
v  -0.2236 0.6562 -0.0142
v  -0.2602 0.6272 -0.0199
v  -0.2606 0.6269 0.0048
v  -0.2238 0.6563 0.0067
v  -0.2218 0.6564 0.0278
v  -0.2583 0.6268 0.0296
v  -0.2535 0.6269 0.0542
v  -0.2177 0.6566 0.0488
v  -0.2114 0.6570 0.0694
v  -0.2461 0.6274 0.0785
v  -0.2364 0.6282 0.1022
v  -0.2031 0.6575 0.0897
v  -0.1928 0.6582 0.1092
v  -0.2244 0.6293 0.1250
v  -0.2103 0.6306 0.1469
v  -0.1808 0.6588 0.1279
v  -0.1671 0.6595 0.1457
v  -0.1944 0.6319 0.1676
v  -0.1766 0.6331 0.1869
v  -0.1519 0.6600 0.1622
v  -0.1354 0.6603 0.1774
v  -0.1573 0.6340 0.2046
v  -0.1366 0.6346 0.2206
v  -0.1177 0.6603 0.1911
v  -0.0990 0.6600 0.2031
v  -0.1147 0.6346 0.2347
v  -0.0938 0.6341 0.2462
v  -0.0811 0.6594 0.2134
v  -0.0660 0.6587 0.2217
v  -0.0757 0.6333 0.2544
v  -0.0620 0.6328 0.2629
v  -0.0545 0.6586 0.2305
v  -0.0349 0.6585 0.2448
v  -0.0421 0.6600 0.2486
v  -0.0392 0.6319 0.2792
v  -0.0479 0.6332 0.2837
v  -0.0274 0.6300 0.2716
v  -0.0250 0.6562 0.2379
v  0.0245 0.6506 0.2338
v  0.0050 0.6527 0.2349
v  0.0302 0.6235 0.2705
v  0.0073 0.6261 0.2713
v  0.0546 0.6207 0.2674
v  0.0451 0.6484 0.2314
v  0.0652 0.6462 0.2267
v  0.0784 0.6179 0.2617
v  0.1014 0.6154 0.2534
v  0.0846 0.6443 0.2198
v  0.1030 0.6425 0.2109
v  0.1233 0.6133 0.2427
v  0.1439 0.6118 0.2295
v  0.1204 0.6412 0.1999
v  0.1364 0.6402 0.1871
v  0.1631 0.6108 0.2142
v  0.1805 0.6104 0.1969
v  0.1511 0.6396 0.1726
v  0.1641 0.6395 0.1566
v  0.1960 0.6106 0.1777
v  0.2095 0.6112 0.1570
v  0.1755 0.6396 0.1393
v  0.1851 0.6401 0.1208
v  0.2209 0.6123 0.1350
v  0.2301 0.6135 0.1119
v  0.1928 0.6407 0.1013
v  0.1986 0.6415 0.0811
v  0.2371 0.6148 0.0880
v  0.2418 0.6161 0.0635
v  0.2026 0.6423 0.0605
v  0.2046 0.6430 0.0395
v  0.2442 0.6172 0.0388
v  0.2444 0.6181 0.0139
v  0.2047 0.6437 0.0184
v  0.2028 0.6441 -0.0025
v  0.2424 0.6188 -0.0107
v  0.2382 0.6191 -0.0350
v  0.1991 0.6444 -0.0231
v  0.1936 0.6445 -0.0432
v  0.2318 0.6191 -0.0586
v  0.2244 0.6188 -0.0799
v  0.1877 0.6445 -0.0618
v  0.1827 0.6444 -0.0777
v  0.2171 0.6183 -0.0971
v  0.2136 0.6182 -0.1122
v  0.1811 0.6447 -0.0916
v  0.1788 0.6455 -0.1146
v  0.1878 0.6466 -0.1130
v  0.2102 0.6181 -0.1391
v  0.2204 0.6190 -0.1374
v  0.1949 0.6168 -0.1402
v  0.1650 0.6439 -0.1156
v  0.1255 0.6421 -0.1441
v  0.1402 0.6426 -0.1320
v  0.1695 0.6151 -0.1618
v  0.1529 0.6140 -0.1762
v  0.1338 0.6131 -0.1904
v  0.1091 0.6416 -0.1563
v  0.0915 0.6412 -0.1670
v  0.1133 0.6122 -0.2027
v  0.0916 0.6117 -0.2131
v  0.0729 0.6411 -0.1760
v  0.0535 0.6411 -0.1834
v  0.0689 0.6114 -0.2215
v  0.0453 0.6115 -0.2279
v  0.0334 0.6414 -0.1889
v  0.0128 0.6419 -0.1926
v  0.0210 0.6121 -0.2321
v  -0.0269 0.5799 -0.2714
v  0.0014 0.5785 -0.2716
v  -0.0252 0.5414 -0.3062
v  0.0065 0.5397 -0.3065
v  -0.0545 0.5433 -0.3037
v  -0.0532 0.5816 -0.2691
v  -0.0748 0.5832 -0.2652
v  -0.0787 0.5453 -0.2994
v  -0.0979 0.5468 -0.2969
v  -0.0921 0.5846 -0.2632
v  -0.1214 0.5868 -0.2609
v  -0.1143 0.5859 -0.2682
v  -0.1304 0.5493 -0.2937
v  -0.1224 0.5483 -0.3013
v  -0.1407 0.5507 -0.2823
v  -0.1303 0.5879 -0.2501
v  -0.1866 0.5928 -0.2158
v  -0.1647 0.5910 -0.2305
v  -0.2040 0.5564 -0.2442
v  -0.1794 0.5544 -0.2606
v  -0.2288 0.5581 -0.2240
v  -0.2087 0.5943 -0.1979
v  -0.2287 0.5954 -0.1778
v  -0.2514 0.5591 -0.2014
v  -0.2715 0.5594 -0.1765
v  -0.2465 0.5959 -0.1557
v  -0.2617 0.5959 -0.1319
v  -0.2886 0.5589 -0.1497
v  -0.3028 0.5579 -0.1212
v  -0.2743 0.5954 -0.1066
v  -0.2839 0.5946 -0.0801
v  -0.3137 0.5563 -0.0915
v  -0.3212 0.5545 -0.0608
v  -0.2906 0.5935 -0.0528
v  -0.2942 0.5925 -0.0248
v  -0.3253 0.5527 -0.0295
v  -0.3259 0.5512 0.0020
v  -0.2947 0.5917 0.0034
v  -0.2922 0.5912 0.0317
v  -0.3231 0.5503 0.0335
v  -0.3170 0.5501 0.0646
v  -0.2867 0.5912 0.0597
v  -0.2784 0.5919 0.0873
v  -0.3077 0.5507 0.0951
v  -0.2953 0.5524 0.1247
v  -0.2673 0.5930 0.1141
v  -0.2537 0.5947 0.1399
v  -0.2802 0.5547 0.1533
v  -0.2625 0.5577 0.1806
v  -0.2378 0.5967 0.1647
v  -0.2196 0.5989 0.1880
v  -0.2424 0.5609 0.2064
v  -0.2202 0.5642 0.2305
v  -0.1996 0.6010 0.2099
v  -0.1778 0.6028 0.2299
v  -0.1961 0.5670 0.2527
v  -0.1703 0.5692 0.2728
v  -0.1544 0.6041 0.2480
v  -0.1297 0.6046 0.2640
v  -0.1430 0.5705 0.2905
v  -0.1168 0.5707 0.3048
v  -0.1059 0.6045 0.2768
v  -0.0853 0.6037 0.2857
v  -0.0940 0.5701 0.3146
v  -0.0767 0.5695 0.3243
v  -0.0697 0.6031 0.2946
v  -0.0439 0.6018 0.3121
v  -0.0538 0.6032 0.3167
v  -0.0482 0.5681 0.3427
v  -0.0593 0.5697 0.3470
v  -0.0332 0.5659 0.3352
v  -0.0304 0.5999 0.3044
v  0.0351 0.5922 0.3044
v  0.0090 0.5954 0.3053
v  0.0398 0.5570 0.3356
v  0.0107 0.5607 0.3365
v  0.0711 0.5528 0.3315
v  0.0631 0.5887 0.3008
v  0.0904 0.5853 0.2942
v  0.1018 0.5488 0.3240
v  0.1315 0.5454 0.3131
v  0.1169 0.5823 0.2845
v  0.1422 0.5799 0.2720
v  0.1600 0.5427 0.2989
v  0.1868 0.5410 0.2817
v  0.1660 0.5782 0.2568
v  0.1880 0.5773 0.2390
v  0.2116 0.5403 0.2617
v  0.2343 0.5407 0.2391
v  0.2082 0.5773 0.2189
v  0.2261 0.5779 0.1968
v  0.2544 0.5420 0.2142
v  0.2719 0.5441 0.1874
v  0.2417 0.5793 0.1730
v  0.2548 0.5810 0.1476
v  0.2867 0.5467 0.1589
v  0.2985 0.5494 0.1292
v  0.2654 0.5830 0.1210
v  0.2734 0.5849 0.0936
v  0.3074 0.5521 0.0984
v  0.3134 0.5544 0.0671
v  0.2788 0.5868 0.0656
v  0.2816 0.5883 0.0372
v  0.3165 0.5562 0.0355
v  0.3168 0.5575 0.0038
v  0.2819 0.5894 0.0088
v  0.2797 0.5900 -0.0193
v  0.3143 0.5580 -0.0275
v  0.3091 0.5579 -0.0583
v  0.2750 0.5902 -0.0469
v  0.2679 0.5899 -0.0738
v  0.3013 0.5574 -0.0881
v  0.2921 0.5563 -0.1147
v  0.2595 0.5893 -0.0978
v  0.2507 0.5885 -0.1169
v  0.2825 0.5551 -0.1360
v  0.2772 0.5543 -0.1541
v  0.2462 0.5881 -0.1335
v  0.2414 0.5873 -0.1635
v  0.2524 0.5884 -0.1614
v  0.2710 0.5530 -0.1866
v  0.2826 0.5544 -0.1840
v  0.2541 0.5512 -0.1891
v  0.2251 0.5859 -0.1651
v  0.1792 0.5818 -0.2067
v  0.1978 0.5834 -0.1904
v  0.2038 0.5454 -0.2352
v  0.2243 0.5476 -0.2171
v  0.1800 0.5431 -0.2527
v  0.1577 0.5801 -0.2227
v  0.1345 0.5788 -0.2365
v  0.1543 0.5412 -0.2679
v  0.1270 0.5397 -0.2807
v  0.1099 0.5777 -0.2482
v  0.0840 0.5772 -0.2576
v  0.0984 0.5386 -0.2911
v  0.0685 0.5383 -0.2989
v  0.0572 0.5770 -0.2647
v  0.0296 0.5775 -0.2694
v  0.0378 0.5387 -0.3040
v  -0.0230 0.4989 -0.3380
v  0.0117 0.4971 -0.3382
v  -0.0197 0.4534 -0.3662
v  0.0177 0.4513 -0.3665
v  -0.0546 0.4559 -0.3632
v  -0.0552 0.5011 -0.3352
v  -0.0819 0.5033 -0.3306
v  -0.0836 0.4582 -0.3582
v  -0.1063 0.4601 -0.3549
v  -0.1028 0.5050 -0.3277
v  -0.1384 0.5080 -0.3235
v  -0.1294 0.5068 -0.3315
v  -0.1447 0.4632 -0.3499
v  -0.1345 0.4621 -0.3583
v  -0.1576 0.4648 -0.3375
v  -0.1498 0.5096 -0.3116
v  -0.2195 0.5160 -0.2698
v  -0.1924 0.5137 -0.2880
v  -0.2331 0.4720 -0.2922
v  -0.2038 0.4694 -0.3120
v  -0.2628 0.4739 -0.2679
v  -0.2469 0.5178 -0.2476
v  -0.2718 0.5188 -0.2225
v  -0.2898 0.4747 -0.2405
v  -0.3138 0.4744 -0.2105
v  -0.2939 0.5187 -0.1950
v  -0.3129 0.5178 -0.1653
v  -0.3344 0.4729 -0.1781
v  -0.3514 0.4702 -0.1438
v  -0.3286 0.5160 -0.1339
v  -0.3406 0.5136 -0.1011
v  -0.3645 0.4666 -0.1079
v  -0.3735 0.4626 -0.0711
v  -0.3489 0.5109 -0.0672
v  -0.3534 0.5081 -0.0329
v  -0.3783 0.4588 -0.0339
v  -0.3791 0.4556 0.0033
v  -0.3541 0.5057 0.0017
v  -0.3510 0.5044 0.0360
v  -0.3757 0.4538 0.0401
v  -0.3684 0.4533 0.0763
v  -0.3443 0.5041 0.0698
v  -0.3340 0.5049 0.1029
v  -0.3574 0.4545 0.1115
v  -0.3430 0.4572 0.1455
v  -0.3206 0.5068 0.1350
v  -0.3041 0.5100 0.1659
v  -0.3254 0.4612 0.1782
v  -0.3049 0.4663 0.2094
v  -0.2848 0.5140 0.1954
v  -0.2630 0.5185 0.2232
v  -0.2817 0.4721 0.2389
v  -0.2563 0.4780 0.2665
v  -0.2390 0.5230 0.2493
v  -0.2130 0.5270 0.2733
v  -0.2287 0.4833 0.2920
v  -0.1991 0.4877 0.3152
v  -0.1851 0.5303 0.2951
v  -0.1556 0.5323 0.3143
v  -0.1679 0.4906 0.3356
v  -0.1379 0.4915 0.3523
v  -0.1272 0.5330 0.3299
v  -0.1026 0.5326 0.3407
v  -0.1118 0.4910 0.3638
v  -0.0921 0.4901 0.3746
v  -0.0839 0.5320 0.3509
v  -0.0532 0.5303 0.3703
v  -0.0654 0.5316 0.3744
v  -0.0596 0.4879 0.3947
v  -0.0728 0.4890 0.3987
v  -0.0417 0.4860 0.3875
v  -0.0366 0.5281 0.3630
v  0.0431 0.5181 0.3637
v  0.0112 0.5224 0.3647
v  0.0442 0.4759 0.3886
v  0.0097 0.4804 0.3897
v  0.0814 0.4710 0.3837
v  0.0775 0.5134 0.3592
v  0.1113 0.5089 0.3509
v  0.1182 0.4660 0.3747
v  0.1540 0.4617 0.3617
v  0.1441 0.5050 0.3388
v  0.1756 0.5021 0.3232
v  0.1884 0.4585 0.3447
v  0.2207 0.4569 0.3241
v  0.2053 0.5004 0.3042
v  0.2328 0.5000 0.2821
v  0.2508 0.4568 0.3001
v  0.2782 0.4584 0.2731
v  0.2578 0.5009 0.2572
v  0.2801 0.5030 0.2298
v  0.3025 0.4613 0.2434
v  0.3235 0.4653 0.2114
v  0.2994 0.5060 0.2002
v  0.3156 0.5095 0.1690
v  0.3412 0.4697 0.1776
v  0.3552 0.4740 0.1421
v  0.3286 0.5132 0.1363
v  0.3383 0.5164 0.1026
v  0.3658 0.4775 0.1053
v  0.3728 0.4804 0.0677
v  0.3449 0.5192 0.0681
v  0.3482 0.5212 0.0333
v  0.3764 0.4825 0.0300
v  0.3767 0.4838 -0.0074
v  0.3485 0.5225 -0.0014
v  0.3458 0.5228 -0.0356
v  0.3738 0.4842 -0.0441
v  0.3678 0.4836 -0.0798
v  0.3402 0.5223 -0.0690
v  0.3318 0.5211 -0.1014
v  0.3588 0.4819 -0.1141
v  0.3481 0.4796 -0.1448
v  0.3218 0.5196 -0.1304
v  0.3114 0.5180 -0.1535
v  0.3370 0.4773 -0.1692
v  0.3305 0.4759 -0.1901
v  0.3054 0.5168 -0.1730
v  0.2981 0.5149 -0.2079
v  0.3102 0.5166 -0.2047
v  0.3221 0.4734 -0.2270
v  0.3346 0.4753 -0.2232
v  0.3039 0.4709 -0.2306
v  0.2804 0.5128 -0.2110
v  0.2262 0.5054 -0.2611
v  0.2484 0.5083 -0.2416
v  0.2463 0.4619 -0.2841
v  0.2700 0.4654 -0.2634
v  0.2187 0.4583 -0.3043
v  0.2004 0.5024 -0.2800
v  0.1725 0.4998 -0.2965
v  0.1889 0.4551 -0.3218
v  0.1574 0.4524 -0.3366
v  0.1429 0.4977 -0.3103
v  0.1116 0.4964 -0.3215
v  0.1244 0.4506 -0.3485
v  0.0900 0.4498 -0.3575
v  0.0792 0.4958 -0.3299
v  0.0459 0.4960 -0.3355
v  0.0543 0.4500 -0.3635
v  -0.0163 0.4051 -0.3905
v  0.0234 0.4027 -0.3908
v  -0.0137 0.3546 -0.4109
v  0.0278 0.3518 -0.4111
v  -0.0526 0.3578 -0.4076
v  -0.0533 0.4079 -0.3874
v  -0.0843 0.4105 -0.3820
v  -0.0850 0.3607 -0.4019
v  -0.1104 0.3630 -0.3979
v  -0.1085 0.4126 -0.3784
v  -0.1494 0.4159 -0.3725
v  -0.1383 0.4149 -0.3812
v  -0.1533 0.3666 -0.3912
v  -0.1414 0.3655 -0.4001
v  -0.1685 0.3680 -0.3779
v  -0.1637 0.4174 -0.3597
v  -0.2449 0.4247 -0.3110
v  -0.2135 0.4220 -0.3324
v  -0.2546 0.3747 -0.3260
v  -0.2215 0.3720 -0.3488
v  -0.2881 0.3768 -0.2979
v  -0.2766 0.4267 -0.2847
v  -0.3054 0.4274 -0.2552
v  -0.3186 0.3774 -0.2663
v  -0.3456 0.3764 -0.2316
v  -0.3311 0.4268 -0.2227
v  -0.3531 0.4245 -0.1877
v  -0.3688 0.3733 -0.1939
v  -0.3877 0.3686 -0.1541
v  -0.3712 0.4207 -0.1505
v  -0.3851 0.4159 -0.1119
v  -0.4023 0.3628 -0.1131
v  -0.4123 0.3567 -0.0714
v  -0.3946 0.4109 -0.0725
v  -0.3998 0.4060 -0.0327
v  -0.4176 0.3511 -0.0295
v  -0.4184 0.3466 0.0120
v  -0.4005 0.4021 0.0068
v  -0.3970 0.3998 0.0458
v  -0.4146 0.3438 0.0528
v  -0.4066 0.3433 0.0924
v  -0.3893 0.3994 0.0839
v  -0.3777 0.4007 0.1208
v  -0.3946 0.3449 0.1307
v  -0.3788 0.3489 0.1672
v  -0.3625 0.4041 0.1563
v  -0.3440 0.4092 0.1902
v  -0.3598 0.3548 0.2020
v  -0.3377 0.3623 0.2350
v  -0.3226 0.4155 0.2226
v  -0.2984 0.4226 0.2534
v  -0.3129 0.3705 0.2665
v  -0.2857 0.3791 0.2959
v  -0.2719 0.4298 0.2821
v  -0.2431 0.4365 0.3087
v  -0.2562 0.3869 0.3232
v  -0.2247 0.3930 0.3480
v  -0.2124 0.4419 0.3328
v  -0.1800 0.4450 0.3543
v  -0.1917 0.3957 0.3700
v  -0.1598 0.3962 0.3881
v  -0.1488 0.4456 0.3718
v  -0.1216 0.4450 0.3838
v  -0.1318 0.3956 0.4006
v  -0.1107 0.3946 0.4120
v  -0.1011 0.4440 0.3950
v  -0.0673 0.4418 0.4157
v  -0.0812 0.4426 0.4196
v  -0.0759 0.3926 0.4332
v  -0.0906 0.3931 0.4370
v  -0.0556 0.3915 0.4263
v  -0.0481 0.4403 0.4087
v  0.0430 0.4308 0.4101
v  0.0063 0.4350 0.4112
v  0.0398 0.3831 0.4279
v  0.0013 0.3870 0.4291
v  0.0817 0.3783 0.4226
v  0.0828 0.4258 0.4049
v  0.1221 0.4208 0.3953
v  0.1234 0.3733 0.4126
v  0.1644 0.3684 0.3980
v  0.1607 0.4161 0.3814
v  0.1979 0.4125 0.3634
v  0.2041 0.3645 0.3790
v  0.2418 0.3624 0.3559
v  0.2330 0.4107 0.3413
v  0.2654 0.4111 0.3157
v  0.2766 0.3630 0.3288
v  0.3082 0.3658 0.2984
v  0.2950 0.4133 0.2868
v  0.3212 0.4170 0.2551
v  0.3362 0.3705 0.2649
v  0.3606 0.3760 0.2288
v  0.3440 0.4220 0.2210
v  0.3630 0.4270 0.1846
v  0.3808 0.3810 0.1900
v  0.3970 0.3854 0.1495
v  0.3781 0.4314 0.1462
v  0.3894 0.4350 0.1067
v  0.4091 0.3891 0.1080
v  0.4171 0.3921 0.0660
v  0.3970 0.4379 0.0667
v  0.4008 0.4402 0.0266
v  0.4211 0.3945 0.0240
v  0.4214 0.3961 -0.0176
v  0.4011 0.4417 -0.0131
v  0.3980 0.4421 -0.0520
v  0.4181 0.3968 -0.0583
v  0.4113 0.3964 -0.0978
v  0.3916 0.4415 -0.0896
v  0.3820 0.4397 -0.1260
v  0.4013 0.3945 -0.1358
v  0.3895 0.3915 -0.1694
v  0.3708 0.4370 -0.1581
v  0.3591 0.4340 -0.1836
v  0.3773 0.3881 -0.1958
v  0.3698 0.3855 -0.2180
v  0.3521 0.4319 -0.2051
v  0.3428 0.4286 -0.2435
v  0.3556 0.4310 -0.2396
v  0.3598 0.3815 -0.2576
v  0.3729 0.3846 -0.2537
v  0.3407 0.3780 -0.2617
v  0.3240 0.4259 -0.2476
v  0.2637 0.4154 -0.3039
v  0.2885 0.4196 -0.2822
v  0.2781 0.3664 -0.3203
v  0.3039 0.3710 -0.2976
v  0.2481 0.3616 -0.3424
v  0.2346 0.4112 -0.3252
v  0.2036 0.4073 -0.3436
v  0.2162 0.3571 -0.3616
v  0.1822 0.3534 -0.3778
v  0.1708 0.4041 -0.3592
v  0.1362 0.4019 -0.3718
v  0.1461 0.3509 -0.3910
v  0.1081 0.3498 -0.4011
v  0.0999 0.4010 -0.3813
v  0.0622 0.4012 -0.3877
v  0.0686 0.3502 -0.4078
v  -0.0122 0.3023 -0.4269
v  0.0308 0.2993 -0.4272
v  0.0241 0.2914 -0.4290
v  -0.0120 0.2637 -0.4354
v  0.0308 0.2965 -0.4278
v  -0.0530 0.2526 -0.4351
v  -0.0524 0.3059 -0.4235
v  -0.0289 0.2503 -0.4372
v  -0.0858 0.3090 -0.4175
v  -0.0871 0.2559 -0.4289
v  -0.1140 0.2586 -0.4242
v  -0.1122 0.3115 -0.4132
v  -0.1566 0.3154 -0.4057
v  -0.1444 0.3143 -0.4149
v  -0.1594 0.2626 -0.4161
v  -0.1471 0.2616 -0.4255
v  -0.1755 0.2639 -0.4021
v  -0.1723 0.3166 -0.3920
v  -0.2625 0.3227 -0.3372
v  -0.2276 0.3204 -0.3614
v  -0.2682 0.2693 -0.3446
v  -0.2322 0.2674 -0.3700
v  -0.3044 0.2713 -0.3134
v  -0.2974 0.3248 -0.3074
v  -0.3292 0.3253 -0.2740
v  -0.3372 0.2717 -0.2784
v  -0.3661 0.2699 -0.2395
v  -0.3573 0.3239 -0.2371
v  -0.3814 0.3202 -0.1971
v  -0.3908 0.2659 -0.1978
v  -0.4109 0.2600 -0.1542
v  -0.4010 0.3148 -0.1552
v  -0.4161 0.3082 -0.1121
v  -0.4261 0.2528 -0.1093
v  -0.4365 0.2452 -0.0643
v  -0.4263 0.3012 -0.0684
v  -0.4317 0.2949 -0.0249
v  -0.4418 0.2383 -0.0193
v  -0.4424 0.2329 0.0249
v  -0.4324 0.2899 0.0182
v  -0.4284 0.2868 0.0604
v  -0.4383 0.2296 0.0681
v  -0.4298 0.2291 0.1097
v  -0.4201 0.2861 0.1013
v  -0.4078 0.2882 0.1404
v  -0.4173 0.2312 0.1494
v  -0.4012 0.2360 0.1870
v  -0.3918 0.2926 0.1777
v  -0.3724 0.2992 0.2129
v  -0.3818 0.2432 0.2224
v  -0.3594 0.2519 0.2557
v  -0.3501 0.3075 0.2462
v  -0.3249 0.3168 0.2778
v  -0.3343 0.2620 0.2871
v  -0.3067 0.2724 0.3170
v  -0.2974 0.3263 0.3077
v  -0.2675 0.3353 0.3352
v  -0.2769 0.2818 0.3445
v  -0.2455 0.2875 0.3696
v  -0.2359 0.3411 0.3603
v  -0.2026 0.3437 0.3827
v  -0.2121 0.2900 0.3920
v  -0.1798 0.2904 0.4104
v  -0.1703 0.3441 0.4010
v  -0.1418 0.3437 0.4138
v  -0.1510 0.2901 0.4232
v  -0.1292 0.2894 0.4350
v  -0.1203 0.3428 0.4254
v  -0.0849 0.3412 0.4469
v  -0.1003 0.3414 0.4506
v  -0.0935 0.2881 0.4566
v  -0.1094 0.2881 0.4603
v  -0.0718 0.2876 0.4498
v  -0.0638 0.3404 0.4400
v  0.0351 0.3331 0.4420
v  -0.0049 0.3366 0.4431
v  0.0296 0.2813 0.4521
v  -0.0113 0.2844 0.4531
v  0.0745 0.2770 0.4467
v  0.0787 0.3286 0.4366
v  0.1223 0.3235 0.4263
v  0.1196 0.2720 0.4364
v  0.1644 0.2669 0.4212
v  0.1655 0.3185 0.4113
v  0.2074 0.3145 0.3916
v  0.2081 0.2628 0.4011
v  0.2498 0.2605 0.3764
v  0.2473 0.3123 0.3676
v  0.2843 0.3129 0.3395
v  0.2887 0.2611 0.3474
v  0.3237 0.2648 0.3147
v  0.3177 0.3163 0.3076
v  0.3474 0.3215 0.2727
v  0.3549 0.2706 0.2785
v  0.3819 0.2761 0.2393
v  0.3732 0.3272 0.2348
v  0.3947 0.3322 0.1943
v  0.4045 0.2810 0.1979
v  0.4218 0.2863 0.1558
v  0.4222 0.2865 0.1548
v  0.4118 0.3365 0.1523
v  0.4183 0.2843 0.1648
v  0.4245 0.3402 0.1094
v  0.4329 0.2948 0.1159
v  0.4343 0.2958 0.1107
v  0.4402 0.3027 0.0759
v  0.4418 0.3046 0.0664
v  0.4330 0.3434 0.0659
v  0.4372 0.3459 0.0225
v  0.4439 0.3102 0.0359
v  0.4448 0.3127 0.0223
v  0.4442 0.3172 -0.0035
v  0.4438 0.3202 -0.0213
v  0.4375 0.3477 -0.0205
v  0.4339 0.3486 -0.0627
v  0.4413 0.3236 -0.0422
v  0.4388 0.3271 -0.0638
v  0.4302 0.3331 -0.1049
v  0.4268 0.3484 -0.1038
v  0.4354 0.3294 -0.0796
v  0.4163 0.3465 -0.1431
v  0.4180 0.3384 -0.1439
v  0.4268 0.3346 -0.1154
v  0.4160 0.3390 -0.1488
v  0.4042 0.3426 -0.1780
v  0.4040 0.3434 -0.1779
v  0.3912 0.3451 -0.2015
v  0.3897 0.3454 -0.2041
v  0.4026 0.3429 -0.1809
v  0.4040 0.3427 -0.1783
v  0.3823 0.3474 -0.2215
v  0.3804 0.3480 -0.2258
v  0.3729 0.3535 -0.2627
v  0.3674 0.3530 -0.2640
v  0.3812 0.3542 -0.2605
v  0.3563 0.3519 -0.2660
v  0.3476 0.3511 -0.2677
v  0.2990 0.3521 -0.3096
v  0.2812 0.3523 -0.3238
v  0.3084 0.3520 -0.3021
v  0.2733 0.3522 -0.3292
v  0.2501 0.3519 -0.3449
v  0.2442 0.3517 -0.3481
v  0.2173 0.3508 -0.3632
v  0.2133 0.3506 -0.3651
v  0.1829 0.3491 -0.3790
v  0.1798 0.3489 -0.3801
v  0.1467 0.3467 -0.3922
v  0.1434 0.3464 -0.3932
v  0.1088 0.3436 -0.4029
v  0.0945 0.3422 -0.4058
v  0.0707 0.3255 -0.4152
v  0.1036 0.3431 -0.4040
v  0.0343 0.2991 -0.4269
v  -0.0535 0.2304 -0.4381
v  -0.0887 0.2020 -0.4360
v  -0.0875 0.2018 -0.4362
v  -0.0888 0.2007 -0.4360
v  -0.0900 0.1997 -0.4359
v  -0.1166 0.1768 -0.4325
v  -0.1159 0.2047 -0.4311
v  -0.1617 0.2088 -0.4224
v  -0.1492 0.2078 -0.4320
v  -0.1633 0.1544 -0.4247
v  -0.1509 0.1534 -0.4344
v  -0.1794 0.1556 -0.4103
v  -0.1779 0.2101 -0.4081
v  -0.2720 0.2151 -0.3485
v  -0.2353 0.2135 -0.3749
v  -0.2738 0.1606 -0.3492
v  -0.2369 0.1590 -0.3762
v  -0.3112 0.1623 -0.3160
v  -0.3090 0.2170 -0.3162
v  -0.3425 0.2173 -0.2799
v  -0.3451 0.1626 -0.2789
v  -0.3747 0.1606 -0.2379
v  -0.3720 0.2154 -0.2397
v  -0.3970 0.2111 -0.1966
v  -0.3997 0.1563 -0.1941
v  -0.4198 0.1500 -0.1486
v  -0.4172 0.2049 -0.1517
v  -0.4325 0.1974 -0.1059
v  -0.4349 0.1424 -0.1023
v  -0.4448 0.1343 -0.0556
v  -0.4427 0.1894 -0.0597
v  -0.4479 0.1821 -0.0139
v  -0.4497 0.1269 -0.0095
v  -0.4498 0.1212 0.0357
v  -0.4482 0.1765 0.0310
v  -0.4439 0.1730 0.0748
v  -0.4454 0.1178 0.0796
v  -0.4367 0.1172 0.1217
v  -0.4354 0.1725 0.1168
v  -0.4229 0.1749 0.1567
v  -0.4243 0.1196 0.1616
v  -0.4084 0.1247 0.1992
v  -0.4068 0.1799 0.1944
v  -0.3875 0.1872 0.2298
v  -0.3894 0.1320 0.2344
v  -0.3676 0.1413 0.2671
v  -0.3653 0.1964 0.2629
v  -0.3405 0.2068 0.2940
v  -0.3432 0.1518 0.2978
v  -0.3164 0.1630 0.3267
v  -0.3132 0.2178 0.3234
v  -0.2837 0.2275 0.3507
v  -0.2875 0.1728 0.3534
v  -0.2569 0.1783 0.3778
v  -0.2526 0.2330 0.3756
v  -0.2196 0.2354 0.3978
v  -0.2241 0.1806 0.3996
v  -0.1920 0.1811 0.4176
v  -0.1873 0.2358 0.4160
v  -0.1584 0.2357 0.4288
v  -0.1632 0.1810 0.4302
v  -0.1417 0.1804 0.4419
v  -0.1367 0.2351 0.4405
v  -0.1009 0.2340 0.4622
v  -0.1171 0.2338 0.4659
v  -0.1062 0.1794 0.4636
v  -0.1224 0.1792 0.4672
v  -0.0837 0.1792 0.4568
v  -0.0788 0.2337 0.4554
v  0.0242 0.2280 0.4581
v  -0.0176 0.2310 0.4590
v  0.0198 0.1737 0.4600
v  -0.0222 0.1766 0.4606
v  0.0659 0.1696 0.4551
v  0.0700 0.2238 0.4529
v  0.1161 0.2189 0.4427
v  0.1125 0.1647 0.4451
v  0.1589 0.1596 0.4301
v  0.1620 0.2138 0.4275
v  0.2068 0.2096 0.4073
v  0.2058 0.1861 0.4084
v  0.1919 0.1727 0.4152
v  0.1766 0.1580 0.4223
v  0.2163 0.1967 0.4022
v  0.2280 0.2085 0.3950
v  0.2729 0.2304 0.3629
v  0.2894 0.2348 0.3501
v  0.2499 0.2243 0.3804
v  0.3247 0.2454 0.3164
v  0.3053 0.2395 0.3351
v  0.3560 0.2559 0.2795
v  0.3355 0.2490 0.3038
v  0.3828 0.2664 0.2398
v  0.3629 0.2586 0.2694
v  0.4049 0.2767 0.1981
v  0.3866 0.2682 0.2328
v  0.4138 0.2818 0.1759
v  0.4062 0.2774 0.1949
v  -0.1523 0.1477 -0.4332
v  -0.1635 0.1357 -0.4242
v  -0.1509 0.1491 -0.4343
v  -0.1770 0.1207 -0.4116
v  -0.1797 0.1197 -0.4092
v  -0.1720 0.1263 -0.4162
v  -0.2736 0.1062 -0.3469
v  -0.2369 0.1045 -0.3742
v  -0.2415 0.0976 -0.3699
v  -0.2728 0.0855 -0.3449
v  -0.2368 0.0995 -0.3737
v  -0.2933 0.0768 -0.3251
v  -0.3092 0.0702 -0.3100
v  -0.3111 0.1080 -0.3134
v  -0.3448 0.1083 -0.2759
v  -0.3413 0.0553 -0.2717
v  -0.3415 0.0552 -0.2714
v  -0.3703 0.0531 -0.2305
v  -0.3742 0.1064 -0.2348
v  -0.3421 0.0548 -0.2705
v  -0.3989 0.1021 -0.1908
v  -0.3944 0.0491 -0.1872
v  -0.4134 0.0431 -0.1422
v  -0.4186 0.0959 -0.1453
v  -0.4332 0.0884 -0.0990
v  -0.4274 0.0359 -0.0964
v  -0.4363 0.0284 -0.0507
v  -0.4427 0.0804 -0.0524
v  -0.4472 0.0731 -0.0065
v  -0.4404 0.0214 -0.0053
v  -0.4399 0.0160 0.0390
v  -0.4470 0.0675 0.0385
v  -0.4424 0.0641 0.0822
v  -0.4351 0.0127 0.0821
v  -0.4264 0.0122 0.1232
v  -0.4337 0.0635 0.1240
v  -0.4214 0.0659 0.1636
v  -0.4142 0.0143 0.1623
v  -0.3990 0.0192 0.1989
v  -0.4058 0.0709 0.2008
v  -0.3872 0.0782 0.2356
v  -0.3808 0.0263 0.2330
v  -0.3601 0.0350 0.2647
v  -0.3659 0.0874 0.2678
v  -0.3421 0.0978 0.2979
v  -0.3370 0.0451 0.2942
v  -0.3116 0.0556 0.3218
v  -0.3159 0.1088 0.3262
v  -0.2876 0.1185 0.3524
v  -0.2839 0.0650 0.3473
v  -0.2545 0.0707 0.3704
v  -0.2575 0.1241 0.3762
v  -0.2253 0.1264 0.3975
v  -0.2227 0.0731 0.3911
v  -0.1917 0.0735 0.4083
v  -0.1936 0.1269 0.4151
v  -0.1651 0.1267 0.4274
v  -0.1637 0.0732 0.4203
v  -0.1426 0.0725 0.4317
v  -0.1438 0.1261 0.4390
v  -0.1086 0.1250 0.4606
v  -0.1249 0.1248 0.4643
v  -0.1080 0.0712 0.4532
v  -0.1241 0.0712 0.4569
v  -0.0859 0.0708 0.4465
v  -0.0863 0.1248 0.4538
v  0.0167 0.1190 0.4575
v  -0.0251 0.1220 0.4578
v  0.0156 0.0644 0.4507
v  -0.0254 0.0675 0.4507
v  0.0610 0.0601 0.4466
v  0.0627 0.1149 0.4530
v  0.1093 0.1099 0.4435
v  0.1086 0.0961 0.4420
v  0.0889 0.0793 0.4439
v  0.0656 0.0596 0.4457
v  0.1151 0.1018 0.4408
v  0.1227 0.1084 0.4393
v  0.1577 0.1402 0.4297
v  0.1411 0.1250 0.4344
v  0.1667 0.1487 0.4262
v  -0.3686 0.0407 -0.2294
v  -0.3749 0.0367 -0.2166
v  -0.3908 0.0270 -0.1856
v  -0.3992 0.0207 -0.1635
v  -0.4082 0.0142 -0.1407
v  -0.4159 0.0069 -0.1126
v  -0.4207 0.0025 -0.0955
v  -0.4261 -0.0050 -0.0636
v  -0.4285 -0.0081 -0.0504
v  -0.4307 -0.0153 -0.0161
v  -0.4315 -0.0175 -0.0060
v  -0.4302 -0.0242 0.0303
v  -0.4300 -0.0255 0.0373
v  -0.4246 -0.0318 0.0759
v  -0.4242 -0.0324 0.0792
v  -0.4171 -0.0364 0.1084
v  -0.4143 -0.0378 0.1192
v  -0.4147 -0.0366 0.1194
v  -0.4028 -0.0345 0.1575
v  -0.4138 -0.0380 0.1203
v  -0.4003 -0.0418 0.1562
v  -0.3972 -0.0423 0.1624
v  -0.3831 -0.0445 0.1905
v  -0.3878 -0.0301 0.1934
v  -0.3702 -0.0235 0.2267
v  -0.3759 -0.0450 0.2019
v  -0.3632 -0.0460 0.2219
v  -0.3506 -0.0462 0.2381
v  -0.3410 -0.0464 0.2505
v  -0.3501 -0.0152 0.2576
v  -0.3277 -0.0059 0.2865
v  -0.3224 -0.0460 0.2710
v  -0.3168 -0.0459 0.2770
v  -0.2920 -0.0446 0.3001
v  -0.2909 -0.0446 0.3012
v  -0.3031 0.0036 0.3134
v  -0.2762 0.0126 0.3380
v  -0.2646 -0.0385 0.3246
v  -0.2826 -0.0440 0.3080
v  -0.2364 -0.0325 0.3463
v  -0.2474 0.0184 0.3604
v  -0.2165 0.0210 0.3805
v  -0.2063 -0.0297 0.3657
v  -0.1766 -0.0292 0.3819
v  -0.1858 0.0214 0.3972
v  -0.1585 0.0210 0.4090
v  -0.1501 -0.0298 0.3934
v  -0.1500 -0.0298 0.3934
v  -0.1505 -0.0298 0.3932
v  -0.1319 -0.0277 0.4047
v  -0.1307 -0.0276 0.4054
v  -0.1380 0.0201 0.4202
v  -0.1044 0.0185 0.4415
v  -0.1202 0.0187 0.4452
v  -0.1010 -0.0252 0.4284
v  -0.0987 -0.0246 0.4280
v  -0.1135 -0.0285 0.4304
v  -0.0837 -0.0204 0.4246
v  -0.0783 -0.0189 0.4234
v  -0.0826 0.0177 0.4348
v  0.0163 0.0204 0.4415
v  0.0118 0.0169 0.4407
v  -0.0237 0.0139 0.4391
v  0.0047 0.0114 0.4393
v  -0.0122 -0.0012 0.4350
v  -0.0205 -0.0073 0.4327
v  -0.0220 -0.0076 0.4326
v  0.0609 0.0557 0.4457
v  0.0369 0.0366 0.4436
v  0.0630 0.0574 0.4457
v  -0.2633 -0.0425 0.3232
v  -0.2609 -0.0422 0.3249
v  -0.2343 -0.0397 0.3437
v  -0.2300 -0.0392 0.3464
v  -0.2044 -0.0365 0.3631
v  -0.1756 -0.0332 0.3804
v  -0.2008 -0.0361 0.3653
v  -0.1737 -0.0329 0.3813
v  0.1147 0.6873 -0.0569
v  0.1517 0.6690 -0.0812
v  0.1857 0.6459 -0.1043
v  0.2182 0.6187 -0.1271
v  0.2504 0.5883 -0.1498
v  0.2810 0.5544 -0.1716
v  0.3088 0.5168 -0.1916
v  0.3335 0.4757 -0.2095
v  0.3548 0.4317 -0.2254
v  0.3723 0.3851 -0.2389
v  0.3815 0.3525 -0.2510
v  0.3816 0.3517 -0.2463
v  0.3807 0.3489 -0.2308
v  0.0904 0.6846 -0.0655
v  0.1222 0.6661 -0.0944
v  0.1527 0.6431 -0.1220
v  0.1824 0.6159 -0.1488
v  0.2118 0.5847 -0.1753
v  0.2397 0.5496 -0.2005
v  0.2651 0.5107 -0.2236
v  0.2878 0.4684 -0.2442
v  0.3073 0.4229 -0.2619
v  0.3234 0.3748 -0.2767
v  0.3171 0.3517 -0.2937
v  0.3292 0.3512 -0.2820
v  0.3289 0.3513 -0.2823
v  0.3386 0.3512 -0.2748
v  -0.0816 0.6912 -0.1000
v  -0.1002 0.6730 -0.1378
v  -0.1168 0.6499 -0.1737
v  -0.1318 0.6219 -0.2079
v  -0.1453 0.5893 -0.2409
v  -0.1576 0.5524 -0.2723
v  -0.1685 0.5115 -0.3009
v  -0.1779 0.4670 -0.3260
v  -0.1858 0.4194 -0.3474
v  -0.1919 0.3698 -0.3650
v  -0.1968 0.3184 -0.3784
v  -0.2005 0.2656 -0.3879
v  -0.2033 0.2118 -0.3935
v  -0.2048 0.1573 -0.3953
v  -0.2246 0.1038 -0.3817
v  -0.2344 0.1003 -0.3753
v  -0.2088 0.1094 -0.3915
v  -0.2049 0.1108 -0.3938
v  -0.1869 0.1171 -0.4048
v  -0.0647 0.6930 -0.1165
v  -0.0775 0.6740 -0.1563
v  -0.0881 0.6490 -0.1946
v  -0.0970 0.6191 -0.2312
v  -0.1049 0.5853 -0.2666
v  -0.1119 0.5476 -0.3000
v  -0.1180 0.5060 -0.3305
v  -0.1225 0.4612 -0.3574
v  -0.1256 0.4139 -0.3806
v  -0.1282 0.3644 -0.3998
v  -0.1305 0.3131 -0.4148
v  -0.1330 0.2603 -0.4257
v  -0.1238 0.1711 -0.4333
v  -0.1363 0.1612 -0.4345
v  -0.1350 0.2065 -0.4323
v  -0.1463 0.1530 -0.4346
v  -0.1383 0.1596 -0.4345
v  -0.1500 0.1499 -0.4344
v  -0.0356 0.6981 0.1677
v  -0.0415 0.6814 0.2059
v  -0.0476 0.6595 0.2416
v  -0.0541 0.6331 0.2754
v  -0.0608 0.6032 0.3079
v  -0.0669 0.5697 0.3380
v  -0.0735 0.5319 0.3651
v  -0.0812 0.4895 0.3891
v  -0.0900 0.4432 0.4098
v  -0.0996 0.3937 0.4270
v  -0.1092 0.3419 0.4406
v  -0.1184 0.2885 0.4502
v  -0.1258 0.2342 0.4558
v  -0.1312 0.1796 0.4571
v  -0.1334 0.1253 0.4542
v  -0.1326 0.0716 0.4469
v  -0.1301 -0.0276 0.4063
v  -0.1213 -0.0283 0.4203
v  -0.1282 0.0192 0.4352
v  -0.1208 -0.0283 0.4210
v  -0.0128 0.6931 0.1591
v  -0.0120 0.6761 0.1985
v  -0.0116 0.6544 0.2354
v  -0.0119 0.6283 0.2703
v  -0.0128 0.5979 0.3037
v  -0.0136 0.5636 0.3348
v  -0.0153 0.5256 0.3628
v  -0.0187 0.4835 0.3876
v  -0.0238 0.4381 0.4089
v  -0.0302 0.3897 0.4267
v  -0.0374 0.3389 0.4406
v  -0.0448 0.2864 0.4505
v  -0.0514 0.2327 0.4562
v  -0.0562 0.1783 0.4577
v  -0.0588 0.1237 0.4547
v  -0.0589 0.0695 0.4475
v  -0.0697 -0.0171 0.4244
v  -0.0532 -0.0137 0.4265
v  -0.0562 0.0162 0.4357
v  -0.0372 -0.0105 0.4295
v  0.2412 0.2222 0.3858
v  0.2398 0.2207 0.3868
v  -0.0101 0.6316 0.0216
v  -0.0279 0.6308 -0.0345
v  -0.0231 0.6298 -0.0418
v  -0.0146 0.6298 -0.0291
v  -0.0259 0.6238 -0.0651
v  -0.0158 0.6229 -0.0613
v  -0.0356 0.6247 -0.0666
v  -0.0372 0.6318 -0.0392
v  -0.0415 0.6303 -0.0552
v  -0.0464 0.6249 -0.0750
v  -0.0527 0.6263 -0.0772
v  -0.0539 0.6238 -0.0837
v  -0.0512 0.6274 -0.0728
v  -0.0415 0.6320 -0.0300
v  -0.0467 0.6310 -0.0535
v  -0.0537 0.6269 -0.0770
v  -0.0576 0.6263 -0.0711
v  -0.0578 0.6248 -0.0823
v  -0.0599 0.6269 -0.0581
v  -0.0478 0.6324 -0.0178
v  -0.0513 0.6320 -0.0321
v  -0.0664 0.6270 -0.0509
v  -0.0711 0.6272 -0.0420
v  -0.0541 0.6327 -0.0092
v  -0.0596 0.6324 -0.0206
v  -0.0780 0.6275 -0.0365
v  -0.0814 0.6278 -0.0288
v  -0.0585 0.6331 -0.0008
v  -0.0661 0.6329 -0.0107
v  -0.0870 0.6281 -0.0231
v  -0.0886 0.6284 -0.0153
v  -0.0609 0.6334 0.0082
v  -0.0702 0.6332 -0.0002
v  -0.0928 0.6287 -0.0087
v  -0.0926 0.6288 -0.0005
v  -0.0613 0.6334 0.0179
v  -0.0719 0.6334 0.0111
v  -0.0952 0.6289 0.0069
v  -0.0932 0.6289 0.0152
v  -0.0597 0.6332 0.0278
v  -0.0712 0.6333 0.0230
v  -0.0940 0.6287 0.0233
v  -0.0905 0.6285 0.0313
v  -0.0561 0.6329 0.0375
v  -0.0680 0.6330 0.0349
v  -0.0896 0.6282 0.0398
v  -0.0846 0.6281 0.0473
v  -0.0508 0.6327 0.0469
v  -0.0627 0.6326 0.0465
v  -0.0822 0.6279 0.0557
v  -0.0760 0.6278 0.0624
v  -0.0440 0.6325 0.0557
v  -0.0554 0.6324 0.0575
v  -0.0721 0.6277 0.0707
v  -0.0649 0.6278 0.0766
v  -0.0357 0.6324 0.0650
v  -0.0461 0.6323 0.0682
v  -0.0595 0.6277 0.0850
v  -0.0516 0.6277 0.0909
v  -0.0276 0.6317 0.0783
v  -0.0358 0.6320 0.0808
v  -0.0454 0.6274 0.1006
v  -0.0384 0.6271 0.1083
v  -0.0211 0.6309 0.0891
v  -0.0278 0.6302 0.1041
v  -0.0346 0.6260 0.1221
v  -0.0299 0.6259 0.1288
v  -0.0333 0.6242 0.1338
v  -0.0267 0.6263 0.1252
v  -0.0114 0.6295 0.0835
v  -0.0194 0.6289 0.1072
v  -0.0249 0.6249 0.1309
v  -0.0181 0.6233 0.1278
v  -0.0231 0.6222 0.1379
v  -0.0101 0.6231 0.1170
v  0.0006 0.6283 0.0754
v  -0.0043 0.6281 0.0901
v  -0.0010 0.6220 0.1134
v  0.0080 0.6212 0.1076
v  0.0115 0.6273 0.0711
v  0.0097 0.6266 0.0838
v  0.0175 0.6202 0.1062
v  0.0253 0.6199 0.1013
v  0.0208 0.6270 0.0664
v  0.0219 0.6259 0.0787
v  0.0340 0.6195 0.0995
v  0.0403 0.6197 0.0939
v  0.0285 0.6271 0.0601
v  0.0322 0.6259 0.0722
v  0.0481 0.6197 0.0906
v  0.0527 0.6200 0.0837
v  0.0345 0.6271 0.0523
v  0.0404 0.6260 0.0636
v  0.0595 0.6199 0.0789
v  0.0626 0.6202 0.0709
v  0.0388 0.6272 0.0431
v  0.0467 0.6260 0.0533
v  0.0682 0.6200 0.0646
v  0.0696 0.6202 0.0561
v  0.0411 0.6272 0.0332
v  0.0507 0.6260 0.0417
v  0.0738 0.6200 0.0487
v  0.0736 0.6203 0.0399
v  0.0413 0.6274 0.0227
v  0.0522 0.6262 0.0293
v  0.0761 0.6201 0.0317
v  0.0742 0.6204 0.0228
v  0.0400 0.6278 0.0110
v  0.0514 0.6265 0.0161
v  0.0752 0.6204 0.0137
v  0.0722 0.6207 0.0043
v  0.0414 0.6281 -0.0041
v  0.0503 0.6270 0.0004
v  0.0730 0.6208 -0.0068
v  0.0719 0.6213 -0.0176
v  0.0447 0.6288 -0.0142
v  0.0594 0.6266 -0.0216
v  0.0779 0.6209 -0.0306
v  0.0797 0.6220 -0.0377
v  0.0855 0.6195 -0.0403
v  0.0762 0.6232 -0.0349
v  0.0334 0.6282 -0.0150
v  0.0571 0.6268 -0.0247
v  0.0802 0.6222 -0.0370
v  0.0724 0.6209 -0.0383
v  0.0847 0.6197 -0.0415
v  0.0574 0.6210 -0.0376
v  0.0180 0.6280 -0.0187
v  0.0321 0.6271 -0.0243
v  0.0473 0.6204 -0.0422
v  0.0361 0.6202 -0.0451
v  0.0070 0.6282 -0.0234
v  0.0170 0.6270 -0.0302
v  0.0281 0.6199 -0.0507
v  0.0189 0.6203 -0.0527
v  -0.0033 0.6288 -0.0267
v  0.0045 0.6274 -0.0351
v  0.0111 0.6205 -0.0573
v  0.0022 0.6212 -0.0579
v  -0.0084 0.6285 -0.0382
v  -0.0065 0.6219 -0.0615
v  -0.0276 0.6115 -0.0949
v  -0.0150 0.6102 -0.0929
v  -0.0277 0.5936 -0.1273
v  -0.0126 0.5921 -0.1256
v  -0.0399 0.6128 -0.0968
v  -0.0422 0.5952 -0.1286
v  -0.0513 0.6139 -0.1003
v  -0.0551 0.5966 -0.1301
v  -0.0593 0.6146 -0.1034
v  -0.0646 0.5979 -0.1313
v  -0.0633 0.6168 -0.1020
v  -0.0621 0.6170 -0.1016
v  -0.0748 0.6002 -0.1295
v  -0.0724 0.6000 -0.1309
v  -0.0665 0.6161 -0.1007
v  -0.0792 0.5999 -0.1259
v  -0.0854 0.6161 -0.0745
v  -0.0772 0.6160 -0.0835
v  -0.1057 0.6000 -0.1002
v  -0.0952 0.5997 -0.1099
v  -0.0935 0.6164 -0.0655
v  -0.1163 0.6007 -0.0901
v  -0.1014 0.6168 -0.0571
v  -0.1262 0.6015 -0.0797
v  -0.1078 0.6173 -0.0482
v  -0.1348 0.6023 -0.0688
v  -0.1136 0.6178 -0.0394
v  -0.1421 0.6029 -0.0573
v  -0.1179 0.6182 -0.0297
v  -0.1480 0.6035 -0.0450
v  -0.1215 0.6185 -0.0198
v  -0.1525 0.6040 -0.0321
v  -0.1235 0.6187 -0.0093
v  -0.1553 0.6042 -0.0186
v  -0.1248 0.6188 0.0014
v  -0.1567 0.6044 -0.0047
v  -0.1243 0.6188 0.0125
v  -0.1564 0.6043 0.0095
v  -0.1232 0.6186 0.0236
v  -0.1546 0.6040 0.0239
v  -0.1203 0.6183 0.0348
v  -0.1511 0.6036 0.0383
v  -0.1169 0.6181 0.0459
v  -0.1463 0.6033 0.0525
v  -0.1120 0.6179 0.0566
v  -0.1402 0.6031 0.0663
v  -0.1067 0.6177 0.0672
v  -0.1329 0.6030 0.0798
v  -0.1000 0.6177 0.0773
v  -0.1245 0.6030 0.0927
v  -0.0930 0.6177 0.0873
v  -0.1153 0.6032 0.1051
v  -0.0848 0.6179 0.0965
v  -0.1050 0.6035 0.1168
v  -0.0763 0.6180 0.1059
v  -0.0940 0.6037 0.1282
v  -0.0668 0.6180 0.1148
v  -0.0823 0.6039 0.1389
v  -0.0575 0.6179 0.1244
v  -0.0706 0.6038 0.1493
v  -0.0489 0.6176 0.1337
v  -0.0598 0.6036 0.1591
v  -0.0422 0.6171 0.1438
v  -0.0508 0.6033 0.1680
v  -0.0376 0.6165 0.1514
v  -0.0440 0.6030 0.1749
v  -0.0279 0.6156 0.1555
v  -0.0309 0.6167 0.1536
v  -0.0299 0.6011 0.1816
v  -0.0346 0.6023 0.1806
v  -0.0237 0.6139 0.1563
v  -0.0236 0.5994 0.1811
v  0.0040 0.6103 0.1414
v  -0.0071 0.6117 0.1458
v  0.0100 0.5942 0.1705
v  -0.0032 0.5958 0.1743
v  0.0157 0.6092 0.1371
v  0.0242 0.5928 0.1667
v  0.0275 0.6083 0.1338
v  0.0386 0.5920 0.1628
v  0.0387 0.6079 0.1296
v  0.0527 0.5916 0.1582
v  0.0494 0.6078 0.1254
v  0.0662 0.5917 0.1528
v  0.0591 0.6080 0.1197
v  0.0789 0.5921 0.1460
v  0.0683 0.6083 0.1136
v  0.0906 0.5926 0.1380
v  0.0763 0.6087 0.1059
v  0.1013 0.5931 0.1285
v  0.0838 0.6089 0.0978
v  0.1109 0.5935 0.1177
v  0.0900 0.6091 0.0883
v  0.1192 0.5938 0.1057
v  0.0957 0.6092 0.0785
v  0.1263 0.5940 0.0928
v  0.0998 0.6092 0.0678
v  0.1320 0.5941 0.0791
v  0.1035 0.6092 0.0569
v  0.1364 0.5942 0.0649
v  0.1054 0.6092 0.0454
v  0.1393 0.5942 0.0502
v  0.1069 0.6092 0.0339
v  0.1408 0.5942 0.0354
v  0.1066 0.6093 0.0221
v  0.1408 0.5941 0.0203
v  0.1059 0.6093 0.0100
v  0.1396 0.5941 0.0051
v  0.1038 0.6094 -0.0026
v  0.1371 0.5940 -0.0103
v  0.1022 0.6096 -0.0158
v  0.1342 0.5942 -0.0260
v  0.1007 0.6100 -0.0292
v  0.1313 0.5946 -0.0415
v  0.1017 0.6105 -0.0420
v  0.1297 0.5954 -0.0555
v  0.1037 0.6110 -0.0510
v  0.1296 0.5964 -0.0659
v  0.1040 0.6125 -0.0528
v  0.1033 0.6131 -0.0528
v  0.1303 0.5976 -0.0714
v  0.1311 0.5981 -0.0716
v  0.1017 0.6110 -0.0543
v  0.1252 0.5961 -0.0730
v  0.0664 0.6078 -0.0655
v  0.0789 0.6089 -0.0596
v  0.0873 0.5906 -0.0910
v  0.1014 0.5922 -0.0834
v  0.0541 0.6071 -0.0712
v  0.0731 0.5895 -0.0986
v  0.0428 0.6068 -0.0770
v  0.0593 0.5888 -0.1056
v  0.0315 0.6069 -0.0815
v  0.0455 0.5887 -0.1115
v  0.0204 0.6072 -0.0858
v  0.0315 0.5889 -0.1165
v  0.0089 0.6079 -0.0886
v  0.0171 0.5896 -0.1204
v  -0.0028 0.6089 -0.0913
v  0.0024 0.5907 -0.1235
v  -0.0265 0.5711 -0.1603
v  -0.0090 0.5695 -0.1587
v  -0.0244 0.5445 -0.1925
v  -0.0045 0.5431 -0.1911
v  -0.0431 0.5726 -0.1611
v  -0.0430 0.5459 -0.1930
v  -0.0576 0.5740 -0.1616
v  -0.0594 0.5472 -0.1929
v  -0.0690 0.5753 -0.1619
v  -0.0727 0.5485 -0.1924
v  -0.0866 0.5778 -0.1578
v  -0.0819 0.5774 -0.1604
v  -0.0977 0.5513 -0.1858
v  -0.0904 0.5506 -0.1893
v  -0.0930 0.5780 -0.1531
v  -0.1061 0.5520 -0.1802
v  -0.1255 0.5795 -0.1263
v  -0.1129 0.5786 -0.1367
v  -0.1440 0.5551 -0.1515
v  -0.1296 0.5536 -0.1627
v  -0.1383 0.5807 -0.1150
v  -0.1590 0.5570 -0.1390
v  -0.1506 0.5822 -0.1029
v  -0.1736 0.5592 -0.1254
v  -0.1615 0.5836 -0.0898
v  -0.1870 0.5613 -0.1103
v  -0.1708 0.5847 -0.0757
v  -0.1985 0.5630 -0.0939
v  -0.1782 0.5854 -0.0606
v  -0.2077 0.5639 -0.0761
v  -0.1838 0.5859 -0.0447
v  -0.2143 0.5642 -0.0571
v  -0.1874 0.5861 -0.0281
v  -0.2185 0.5639 -0.0373
v  -0.1890 0.5860 -0.0109
v  -0.2204 0.5634 -0.0168
v  -0.1886 0.5857 0.0066
v  -0.2199 0.5628 0.0040
v  -0.1863 0.5853 0.0243
v  -0.2171 0.5622 0.0249
v  -0.1821 0.5849 0.0419
v  -0.2122 0.5617 0.0457
v  -0.1761 0.5845 0.0593
v  -0.2053 0.5614 0.0662
v  -0.1685 0.5843 0.0762
v  -0.1963 0.5613 0.0861
v  -0.1595 0.5842 0.0926
v  -0.1856 0.5615 0.1053
v  -0.1492 0.5844 0.1082
v  -0.1733 0.5619 0.1236
v  -0.1377 0.5847 0.1232
v  -0.1597 0.5625 0.1410
v  -0.1252 0.5852 0.1373
v  -0.1449 0.5631 0.1573
v  -0.1118 0.5856 0.1505
v  -0.1292 0.5637 0.1724
v  -0.0978 0.5858 0.1628
v  -0.1129 0.5640 0.1861
v  -0.0839 0.5858 0.1741
v  -0.0969 0.5639 0.1983
v  -0.0710 0.5855 0.1844
v  -0.0821 0.5636 0.2091
v  -0.0600 0.5852 0.1932
v  -0.0693 0.5631 0.2182
v  -0.0512 0.5848 0.2001
v  -0.0586 0.5624 0.2254
v  -0.0316 0.5820 0.2082
v  -0.0381 0.5834 0.2073
v  -0.0333 0.5589 0.2345
v  -0.0418 0.5605 0.2334
v  -0.0232 0.5801 0.2076
v  -0.0230 0.5570 0.2342
v  0.0165 0.5742 0.1995
v  0.0011 0.5760 0.2027
v  0.0228 0.5509 0.2278
v  0.0053 0.5527 0.2305
v  0.0331 0.5728 0.1959
v  0.0418 0.5495 0.2244
v  0.0502 0.5719 0.1918
v  0.0616 0.5486 0.2203
v  0.0672 0.5716 0.1868
v  0.0816 0.5481 0.2147
v  0.0837 0.5717 0.1804
v  0.1011 0.5481 0.2074
v  0.0994 0.5721 0.1723
v  0.1198 0.5483 0.1978
v  0.1140 0.5727 0.1625
v  0.1373 0.5487 0.1860
v  0.1274 0.5733 0.1508
v  0.1534 0.5490 0.1718
v  0.1394 0.5737 0.1374
v  0.1676 0.5494 0.1556
v  0.1498 0.5741 0.1225
v  0.1800 0.5499 0.1377
v  0.1586 0.5744 0.1065
v  0.1905 0.5505 0.1186
v  0.1656 0.5747 0.0896
v  0.1989 0.5513 0.0985
v  0.1709 0.5751 0.0720
v  0.2052 0.5521 0.0777
v  0.1745 0.5753 0.0540
v  0.2094 0.5527 0.0565
v  0.1762 0.5754 0.0357
v  0.2114 0.5532 0.0350
v  0.1762 0.5754 0.0174
v  0.2113 0.5533 0.0135
v  0.1746 0.5753 -0.0009
v  0.2093 0.5532 -0.0078
v  0.1715 0.5751 -0.0191
v  0.2055 0.5529 -0.0287
v  0.1674 0.5751 -0.0372
v  0.2005 0.5526 -0.0492
v  0.1632 0.5754 -0.0548
v  0.1951 0.5527 -0.0690
v  0.1600 0.5761 -0.0707
v  0.1905 0.5532 -0.0870
v  0.1586 0.5772 -0.0830
v  0.1881 0.5541 -0.1014
v  0.1584 0.5780 -0.0919
v  0.1601 0.5786 -0.0916
v  0.1871 0.5545 -0.1131
v  0.1894 0.5553 -0.1124
v  0.1516 0.5763 -0.0943
v  0.1790 0.5526 -0.1163
v  0.1091 0.5693 -0.1177
v  0.1250 0.5714 -0.1084
v  0.1315 0.5446 -0.1446
v  0.1490 0.5470 -0.1336
v  0.0931 0.5678 -0.1268
v  0.1134 0.5428 -0.1551
v  0.0769 0.5669 -0.1350
v  0.0950 0.5415 -0.1645
v  0.0604 0.5665 -0.1421
v  0.0760 0.5408 -0.1725
v  0.0436 0.5666 -0.1479
v  0.0564 0.5406 -0.1791
v  0.0264 0.5671 -0.1526
v  0.0363 0.5410 -0.1844
v  0.0088 0.5682 -0.1562
v  0.0159 0.5418 -0.1884
v  -0.0219 0.5145 -0.2234
v  0.0004 0.5132 -0.2220
v  -0.0195 0.4818 -0.2527
v  0.0053 0.4805 -0.2516
v  -0.0427 0.5159 -0.2235
v  -0.0425 0.4831 -0.2525
v  -0.0610 0.5172 -0.2229
v  -0.0627 0.4844 -0.2513
v  -0.0761 0.5184 -0.2218
v  -0.0796 0.4856 -0.2497
v  -0.1075 0.5216 -0.2129
v  -0.0981 0.5206 -0.2172
v  -0.1160 0.4891 -0.2386
v  -0.1049 0.4879 -0.2438
v  -0.1179 0.5226 -0.2064
v  -0.1281 0.4903 -0.2314
v  -0.1609 0.5272 -0.1753
v  -0.1448 0.5252 -0.1874
v  -0.1761 0.4960 -0.1974
v  -0.1583 0.4936 -0.2106
v  -0.1779 0.5297 -0.1617
v  -0.1950 0.4988 -0.1826
v  -0.1949 0.5325 -0.1466
v  -0.2141 0.5019 -0.1662
v  -0.2108 0.5352 -0.1299
v  -0.2322 0.5049 -0.1479
v  -0.2246 0.5373 -0.1113
v  -0.2482 0.5069 -0.1273
v  -0.2355 0.5382 -0.0908
v  -0.2608 0.5075 -0.1044
v  -0.2432 0.5380 -0.0689
v  -0.2696 0.5067 -0.0796
v  -0.2480 0.5371 -0.0459
v  -0.2752 0.5052 -0.0536
v  -0.2500 0.5360 -0.0223
v  -0.2777 0.5035 -0.0270
v  -0.2495 0.5349 0.0017
v  -0.2774 0.5020 -0.0000
v  -0.2465 0.5341 0.0257
v  -0.2742 0.5009 0.0270
v  -0.2410 0.5337 0.0496
v  -0.2681 0.5004 0.0537
v  -0.2331 0.5336 0.0730
v  -0.2592 0.5004 0.0799
v  -0.2229 0.5338 0.0958
v  -0.2477 0.5008 0.1053
v  -0.2106 0.5342 0.1177
v  -0.2339 0.5018 0.1297
v  -0.1964 0.5350 0.1386
v  -0.2180 0.5033 0.1528
v  -0.1808 0.5361 0.1583
v  -0.2006 0.5050 0.1746
v  -0.1639 0.5372 0.1766
v  -0.1817 0.5069 0.1947
v  -0.1459 0.5381 0.1934
v  -0.1618 0.5083 0.2131
v  -0.1275 0.5385 0.2084
v  -0.1415 0.5091 0.2293
v  -0.1096 0.5384 0.2215
v  -0.1217 0.5092 0.2433
v  -0.0930 0.5379 0.2328
v  -0.1035 0.5087 0.2552
v  -0.0784 0.5373 0.2423
v  -0.0874 0.5079 0.2651
v  -0.0661 0.5365 0.2498
v  -0.0735 0.5070 0.2729
v  -0.0354 0.5325 0.2600
v  -0.0458 0.5342 0.2585
v  -0.0381 0.5029 0.2841
v  -0.0501 0.5045 0.2822
v  -0.0232 0.5305 0.2600
v  -0.0242 0.5010 0.2845
v  0.0285 0.5245 0.2550
v  0.0088 0.5263 0.2573
v  0.0333 0.4952 0.2807
v  0.0115 0.4969 0.2827
v  0.0500 0.5231 0.2519
v  0.0573 0.4937 0.2779
v  0.0726 0.5220 0.2476
v  0.0826 0.4924 0.2736
v  0.0955 0.5214 0.2416
v  0.1085 0.4914 0.2671
v  0.1181 0.5210 0.2333
v  0.1341 0.4906 0.2576
v  0.1397 0.5208 0.2221
v  0.1586 0.4898 0.2446
v  0.1599 0.5207 0.2079
v  0.1812 0.4893 0.2279
v  0.1782 0.5208 0.1910
v  0.2015 0.4892 0.2083
v  0.1945 0.5211 0.1719
v  0.2196 0.4899 0.1865
v  0.2087 0.5219 0.1512
v  0.2353 0.4912 0.1631
v  0.2207 0.5231 0.1291
v  0.2485 0.4930 0.1384
v  0.2303 0.5244 0.1061
v  0.2592 0.4950 0.1126
v  0.2376 0.5258 0.0823
v  0.2673 0.4969 0.0860
v  0.2425 0.5270 0.0580
v  0.2728 0.4986 0.0589
v  0.2448 0.5278 0.0335
v  0.2755 0.4998 0.0315
v  0.2448 0.5282 0.0090
v  0.2756 0.5004 0.0042
v  0.2424 0.5281 -0.0152
v  0.2732 0.5003 -0.0227
v  0.2381 0.5277 -0.0388
v  0.2684 0.4997 -0.0488
v  0.2322 0.5272 -0.0616
v  0.2617 0.4989 -0.0739
v  0.2256 0.5269 -0.0836
v  0.2542 0.4983 -0.0980
v  0.2199 0.5272 -0.1039
v  0.2474 0.4982 -0.1205
v  0.2168 0.5279 -0.1202
v  0.2434 0.4988 -0.1391
v  0.2153 0.5278 -0.1341
v  0.2178 0.5287 -0.1333
v  0.2425 0.4981 -0.1542
v  0.2450 0.4992 -0.1535
v  0.2061 0.5256 -0.1380
v  0.2323 0.4956 -0.1585
v  0.1536 0.5168 -0.1710
v  0.1728 0.5194 -0.1584
v  0.1752 0.4860 -0.1963
v  0.1958 0.4889 -0.1820
v  0.1338 0.5146 -0.1828
v  0.1537 0.4836 -0.2096
v  0.1131 0.5130 -0.1933
v  0.1310 0.4816 -0.2211
v  0.0916 0.5119 -0.2022
v  0.1071 0.4801 -0.2307
v  0.0693 0.5114 -0.2095
v  0.0822 0.4792 -0.2385
v  0.0465 0.5115 -0.2152
v  0.0567 0.4790 -0.2445
v  0.0233 0.5121 -0.2193
v  0.0309 0.4795 -0.2489
v  -0.0171 0.4462 -0.2801
v  0.0101 0.4450 -0.2793
v  -0.0145 0.4077 -0.3042
v  0.0147 0.4064 -0.3038
v  -0.0423 0.4476 -0.2794
v  -0.0415 0.4091 -0.3031
v  -0.0644 0.4489 -0.2778
v  -0.0654 0.4106 -0.3012
v  -0.0829 0.4502 -0.2756
v  -0.0855 0.4121 -0.2988
v  -0.1231 0.4541 -0.2630
v  -0.1108 0.4528 -0.2688
v  -0.1289 0.4166 -0.2855
v  -0.1157 0.4151 -0.2916
v  -0.1366 0.4555 -0.2550
v  -0.1434 0.4183 -0.2770
v  -0.1896 0.4618 -0.2179
v  -0.1700 0.4593 -0.2322
v  -0.2013 0.4251 -0.2367
v  -0.1798 0.4225 -0.2524
v  -0.2103 0.4648 -0.2018
v  -0.2239 0.4280 -0.2191
v  -0.2313 0.4679 -0.1838
v  -0.2466 0.4309 -0.1994
v  -0.2514 0.4707 -0.1638
v  -0.2685 0.4334 -0.1775
v  -0.2692 0.4725 -0.1413
v  -0.2880 0.4346 -0.1529
v  -0.2834 0.4725 -0.1161
v  -0.3034 0.4337 -0.1252
v  -0.2934 0.4709 -0.0885
v  -0.3143 0.4307 -0.0950
v  -0.2999 0.4686 -0.0598
v  -0.3218 0.4271 -0.0637
v  -0.3031 0.4660 -0.0304
v  -0.3258 0.4236 -0.0318
v  -0.3031 0.4639 -0.0007
v  -0.3260 0.4205 0.0004
v  -0.2997 0.4623 0.0290
v  -0.3225 0.4185 0.0324
v  -0.2930 0.4616 0.0584
v  -0.3153 0.4176 0.0640
v  -0.2831 0.4616 0.0870
v  -0.3047 0.4179 0.0947
v  -0.2704 0.4626 0.1148
v  -0.2910 0.4195 0.1243
v  -0.2553 0.4643 0.1413
v  -0.2748 0.4222 0.1525
v  -0.2379 0.4666 0.1663
v  -0.2562 0.4257 0.1792
v  -0.2188 0.4693 0.1898
v  -0.2356 0.4295 0.2040
v  -0.1983 0.4720 0.2115
v  -0.2136 0.4332 0.2268
v  -0.1767 0.4743 0.2311
v  -0.1906 0.4363 0.2474
v  -0.1548 0.4757 0.2484
v  -0.1673 0.4385 0.2656
v  -0.1334 0.4761 0.2633
v  -0.1446 0.4395 0.2812
v  -0.1137 0.4758 0.2758
v  -0.1235 0.4396 0.2944
v  -0.0962 0.4752 0.2862
v  -0.1047 0.4392 0.3053
v  -0.0810 0.4743 0.2944
v  -0.0884 0.4384 0.3139
v  -0.0415 0.4703 0.3065
v  -0.0549 0.4718 0.3043
v  -0.0458 0.4349 0.3269
v  -0.0602 0.4363 0.3245
v  -0.0262 0.4685 0.3073
v  -0.0292 0.4333 0.3279
v  0.0368 0.4629 0.3045
v  0.0129 0.4647 0.3061
v  0.0388 0.4279 0.3258
v  0.0130 0.4297 0.3273
v  0.0632 0.4613 0.3018
v  0.0673 0.4261 0.3231
v  0.0912 0.4598 0.2975
v  0.0977 0.4242 0.3184
v  0.1200 0.4583 0.2905
v  0.1291 0.4221 0.3108
v  0.1485 0.4568 0.2798
v  0.1604 0.4201 0.2990
v  0.1757 0.4555 0.2649
v  0.1902 0.4185 0.2825
v  0.2004 0.4548 0.2458
v  0.2171 0.4180 0.2616
v  0.2226 0.4551 0.2238
v  0.2412 0.4188 0.2376
v  0.2423 0.4563 0.1996
v  0.2623 0.4207 0.2113
v  0.2593 0.4583 0.1738
v  0.2805 0.4235 0.1832
v  0.2736 0.4608 0.1466
v  0.2956 0.4267 0.1536
v  0.2851 0.4634 0.1182
v  0.3079 0.4299 0.1229
v  0.2939 0.4659 0.0890
v  0.3173 0.4328 0.0912
v  0.3000 0.4681 0.0592
v  0.3240 0.4352 0.0589
v  0.3032 0.4695 0.0291
v  0.3276 0.4370 0.0263
v  0.3035 0.4702 -0.0008
v  0.3282 0.4378 -0.0061
v  0.3010 0.4701 -0.0302
v  0.3257 0.4376 -0.0378
v  0.2959 0.4693 -0.0587
v  0.3203 0.4364 -0.0683
v  0.2886 0.4680 -0.0858
v  0.3125 0.4347 -0.0972
v  0.2802 0.4669 -0.1118
v  0.3032 0.4330 -0.1246
v  0.2723 0.4666 -0.1365
v  0.2944 0.4322 -0.1509
v  0.2677 0.4669 -0.1572
v  0.2890 0.4322 -0.1736
v  0.2681 0.4656 -0.1725
v  0.2702 0.4670 -0.1727
v  0.2906 0.4301 -0.1888
v  0.2923 0.4318 -0.1898
v  0.2568 0.4628 -0.1771
v  0.2784 0.4270 -0.1938
v  0.1956 0.4524 -0.2200
v  0.2173 0.4555 -0.2040
v  0.2143 0.4159 -0.2415
v  0.2366 0.4192 -0.2238
v  0.1728 0.4497 -0.2348
v  0.1907 0.4130 -0.2580
v  0.1483 0.4473 -0.2475
v  0.1647 0.4102 -0.2722
v  0.1221 0.4454 -0.2578
v  0.1364 0.4078 -0.2830
v  0.0947 0.4441 -0.2659
v  0.1065 0.4061 -0.2911
v  0.0666 0.4436 -0.2722
v  0.0759 0.4054 -0.2973
v  0.0382 0.4440 -0.2767
v  0.0452 0.4056 -0.3016
v  -0.0114 0.3663 -0.3241
v  0.0193 0.3650 -0.3241
v  -0.0085 0.3229 -0.3401
v  0.0232 0.3216 -0.3404
v  -0.0398 0.3678 -0.3228
v  -0.0378 0.3245 -0.3386
v  -0.0650 0.3695 -0.3207
v  -0.0638 0.3264 -0.3363
v  -0.0864 0.3712 -0.3182
v  -0.0863 0.3283 -0.3337
v  -0.1335 0.3766 -0.3047
v  -0.1193 0.3748 -0.3109
v  -0.1371 0.3342 -0.3197
v  -0.1216 0.3322 -0.3259
v  -0.1488 0.3785 -0.2961
v  -0.1535 0.3363 -0.3110
v  -0.2113 0.3859 -0.2538
v  -0.1879 0.3831 -0.2705
v  -0.2195 0.3442 -0.2680
v  -0.1945 0.3413 -0.2853
v  -0.2358 0.3886 -0.2345
v  -0.2459 0.3469 -0.2474
v  -0.2603 0.3912 -0.2129
v  -0.2719 0.3490 -0.2237
v  -0.2836 0.3932 -0.1889
v  -0.2964 0.3501 -0.1972
v  -0.3044 0.3935 -0.1619
v  -0.3181 0.3492 -0.1675
v  -0.3206 0.3910 -0.1312
v  -0.3352 0.3454 -0.1343
v  -0.3325 0.3866 -0.0984
v  -0.3480 0.3397 -0.0992
v  -0.3408 0.3817 -0.0648
v  -0.3568 0.3335 -0.0634
v  -0.3453 0.3769 -0.0307
v  -0.3616 0.3276 -0.0273
v  -0.3458 0.3729 0.0036
v  -0.3623 0.3228 0.0086
v  -0.3424 0.3704 0.0375
v  -0.3589 0.3197 0.0441
v  -0.3349 0.3695 0.0709
v  -0.3515 0.3187 0.0788
v  -0.3238 0.3703 0.1032
v  -0.3402 0.3200 0.1122
v  -0.3094 0.3728 0.1342
v  -0.3255 0.3233 0.1442
v  -0.2923 0.3766 0.1637
v  -0.3078 0.3283 0.1746
v  -0.2727 0.3813 0.1915
v  -0.2874 0.3344 0.2031
v  -0.2509 0.3863 0.2172
v  -0.2647 0.3408 0.2295
v  -0.2277 0.3912 0.2408
v  -0.2404 0.3468 0.2535
v  -0.2034 0.3952 0.2621
v  -0.2151 0.3519 0.2752
v  -0.1789 0.3982 0.2810
v  -0.1896 0.3556 0.2945
v  -0.1550 0.3999 0.2972
v  -0.1646 0.3579 0.3113
v  -0.1328 0.4005 0.3110
v  -0.1413 0.3591 0.3257
v  -0.1129 0.4004 0.3224
v  -0.1205 0.3593 0.3377
v  -0.0957 0.3999 0.3315
v  -0.1025 0.3591 0.3472
v  -0.0509 0.3971 0.3453
v  -0.0661 0.3982 0.3427
v  -0.0570 0.3571 0.3616
v  -0.0723 0.3580 0.3590
v  -0.0335 0.3957 0.3465
v  -0.0390 0.3559 0.3627
v  0.0391 0.3902 0.3444
v  0.0115 0.3922 0.3460
v  0.0376 0.3503 0.3602
v  0.0083 0.3525 0.3621
v  0.0694 0.3881 0.3413
v  0.0697 0.3477 0.3564
v  0.1019 0.3857 0.3359
v  0.1038 0.3450 0.3501
v  0.1354 0.3832 0.3274
v  0.1391 0.3421 0.3405
v  0.1690 0.3808 0.3146
v  0.1744 0.3395 0.3269
v  0.2012 0.3791 0.2971
v  0.2087 0.3378 0.3089
v  0.2307 0.3790 0.2752
v  0.2405 0.3378 0.2863
v  0.2567 0.3804 0.2496
v  0.2687 0.3400 0.2596
v  0.2793 0.3832 0.2214
v  0.2929 0.3437 0.2300
v  0.2986 0.3868 0.1913
v  0.3134 0.3481 0.1983
v  0.3146 0.3906 0.1596
v  0.3305 0.3522 0.1647
v  0.3276 0.3941 0.1266
v  0.3443 0.3558 0.1297
v  0.3377 0.3972 0.0927
v  0.3547 0.3588 0.0938
v  0.3448 0.3998 0.0580
v  0.3623 0.3615 0.0573
v  0.3488 0.4018 0.0231
v  0.3667 0.3637 0.0205
v  0.3496 0.4028 -0.0114
v  0.3673 0.3650 -0.0159
v  0.3470 0.4027 -0.0451
v  0.3643 0.3651 -0.0512
v  0.3411 0.4013 -0.0773
v  0.3578 0.3637 -0.0847
v  0.3326 0.3990 -0.1075
v  0.3485 0.3612 -0.1161
v  0.3226 0.3968 -0.1359
v  0.3381 0.3585 -0.1454
v  0.3132 0.3954 -0.1633
v  0.3285 0.3566 -0.1736
v  0.3074 0.3950 -0.1872
v  0.3227 0.3557 -0.1978
v  0.3091 0.3918 -0.2031
v  0.3108 0.3937 -0.2041
v  0.3231 0.3511 -0.2154
v  0.3255 0.3535 -0.2156
v  0.2963 0.3883 -0.2086
v  0.3101 0.3474 -0.2211
v  0.2298 0.3765 -0.2594
v  0.2527 0.3801 -0.2404
v  0.2602 0.3378 -0.2573
v  0.2651 0.3387 -0.2532
v  0.2419 0.3378 -0.2706
v  0.2403 0.3378 -0.2718
v  0.2181 0.3375 -0.2867
v  0.2057 0.3732 -0.2775
v  0.2144 0.3374 -0.2893
v  0.1789 0.3700 -0.2934
v  0.1922 0.3367 -0.3016
v  0.1865 0.3365 -0.3048
v  0.1630 0.3350 -0.3139
v  0.1488 0.3672 -0.3047
v  0.1557 0.3345 -0.3165
v  0.1169 0.3652 -0.3127
v  0.1304 0.3324 -0.3233
v  0.1230 0.3318 -0.3252
v  0.0842 0.3642 -0.3185
v  0.0907 0.3208 -0.3350
v  0.0952 0.3210 -0.3343
v  0.1089 0.3304 -0.3281
v  0.0514 0.3642 -0.3223
v  0.0566 0.3208 -0.3388
v  -0.0062 0.2782 -0.3529
v  0.0263 0.2768 -0.3533
v  0.0167 0.2632 -0.3562
v  0.0266 0.2708 -0.3546
v  -0.0052 0.2463 -0.3598
v  -0.0213 0.2336 -0.3618
v  -0.0352 0.2345 -0.3609
v  -0.0361 0.2800 -0.3512
v  -0.0628 0.2819 -0.3487
v  -0.0624 0.2365 -0.3582
v  -0.0860 0.2840 -0.3458
v  -0.0861 0.2387 -0.3549
v  -0.1398 0.2901 -0.3311
v  -0.1233 0.2881 -0.3375
v  -0.1419 0.2448 -0.3394
v  -0.1246 0.2428 -0.3461
v  -0.1572 0.2923 -0.3224
v  -0.1600 0.2470 -0.3305
v  -0.2259 0.3002 -0.2787
v  -0.1999 0.2974 -0.2965
v  -0.2309 0.2545 -0.2864
v  -0.2040 0.2518 -0.3044
v  -0.2538 0.3028 -0.2572
v  -0.2599 0.2568 -0.2640
v  -0.2813 0.3044 -0.2314
v  -0.2885 0.2580 -0.2364
v  -0.3067 0.3046 -0.2025
v  -0.3145 0.2573 -0.2051
v  -0.3290 0.3025 -0.1702
v  -0.3373 0.2544 -0.1706
v  -0.3471 0.2977 -0.1348
v  -0.3558 0.2489 -0.1333
v  -0.3605 0.2911 -0.0977
v  -0.3697 0.2416 -0.0946
v  -0.3695 0.2838 -0.0600
v  -0.3788 0.2338 -0.0555
v  -0.3745 0.2771 -0.0224
v  -0.3837 0.2264 -0.0166
v  -0.3753 0.2716 0.0149
v  -0.3843 0.2204 0.0217
v  -0.3719 0.2680 0.0515
v  -0.3809 0.2165 0.0592
v  -0.3646 0.2667 0.0872
v  -0.3736 0.2152 0.0954
v  -0.3534 0.2682 0.1214
v  -0.3625 0.2167 0.1300
v  -0.3387 0.2721 0.1540
v  -0.3480 0.2210 0.1627
v  -0.3207 0.2781 0.1848
v  -0.3302 0.2276 0.1935
v  -0.2999 0.2856 0.2137
v  -0.3094 0.2360 0.2224
v  -0.2766 0.2934 0.2404
v  -0.2860 0.2451 0.2491
v  -0.2516 0.3007 0.2646
v  -0.2607 0.2536 0.2734
v  -0.2255 0.3068 0.2865
v  -0.2342 0.2606 0.2953
v  -0.1991 0.3113 0.3059
v  -0.2072 0.2657 0.3148
v  -0.1732 0.3141 0.3231
v  -0.1807 0.2689 0.3321
v  -0.1490 0.3156 0.3380
v  -0.1556 0.2707 0.3474
v  -0.1273 0.3163 0.3506
v  -0.1332 0.2715 0.3606
v  -0.1088 0.3163 0.3608
v  -0.1142 0.2718 0.3714
v  -0.0638 0.3152 0.3755
v  -0.0789 0.3158 0.3731
v  -0.0710 0.2714 0.3864
v  -0.0852 0.2717 0.3842
v  -0.0457 0.3142 0.3764
v  -0.0532 0.2707 0.3870
v  0.0346 0.3083 0.3732
v  0.0037 0.3108 0.3755
v  0.0307 0.2645 0.3830
v  -0.0018 0.2673 0.3859
v  0.0684 0.3053 0.3686
v  0.0659 0.2611 0.3775
v  0.1039 0.3021 0.3612
v  0.1027 0.2574 0.3690
v  0.1405 0.2989 0.3505
v  0.1402 0.2540 0.3574
v  0.1772 0.2963 0.3362
v  0.1779 0.2512 0.3427
v  0.2132 0.2946 0.3180
v  0.2150 0.2496 0.3242
v  0.2470 0.2948 0.2951
v  0.2504 0.2499 0.3014
v  0.2770 0.2976 0.2676
v  0.2821 0.2529 0.2738
v  0.3030 0.3021 0.2370
v  0.3094 0.2582 0.2422
v  0.3196 0.2604 0.2273
v  0.3315 0.2651 0.2094
v  0.3249 0.3070 0.2039
v  0.3325 0.2655 0.2078
v  0.3432 0.3111 0.1688
v  0.3484 0.2731 0.1767
v  0.3510 0.2743 0.1714
v  0.3619 0.2807 0.1430
v  0.3579 0.3146 0.1323
v  0.3653 0.2828 0.1339
v  0.3681 0.3173 0.0949
v  0.3708 0.2879 0.1090
v  0.3740 0.2907 0.0957
v  0.3770 0.2948 0.0747
v  0.3757 0.3200 0.0571
v  0.3801 0.2982 0.0574
v  0.3808 0.3227 0.0190
v  0.3819 0.3015 0.0400
v  0.3842 0.3055 0.0190
v  0.3812 0.3243 -0.0187
v  0.3840 0.3121 -0.0190
v  0.3844 0.3079 0.0053
v  0.3843 0.3060 0.0163
v  0.3776 0.3248 -0.0552
v  0.3827 0.3136 -0.0284
v  0.3791 0.3179 -0.0556
v  0.3778 0.3186 -0.0605
v  0.3704 0.3228 -0.0899
v  0.3702 0.3235 -0.0899
v  0.3692 0.3233 -0.0932
v  0.3600 0.3263 -0.1175
v  0.3586 0.3268 -0.1213
v  0.3589 0.3267 -0.1206
v  0.3702 0.3229 -0.0904
v  0.3493 0.3294 -0.1430
v  0.3462 0.3303 -0.1504
v  0.3393 0.3324 -0.1675
v  0.3350 0.3337 -0.1780
v  0.3315 0.3353 -0.1897
v  0.3281 0.3369 -0.2012
v  0.3278 0.3399 -0.2184
v  0.3289 0.3400 -0.2183
v  0.3258 0.3395 -0.2180
v  0.3223 0.3393 -0.2194
v  0.3121 0.3386 -0.2231
v  0.2648 0.3378 -0.2537
v  0.2653 0.3378 -0.2534
v  0.0910 0.3181 -0.3358
v  0.0868 0.3150 -0.3372
v  0.0589 0.2948 -0.3463
v  0.0343 0.2766 -0.3529
v  -0.0352 0.2225 -0.3627
v  -0.0505 0.2100 -0.3630
v  -0.0626 0.2001 -0.3633
v  -0.0866 0.1927 -0.3612
v  -0.0731 0.1915 -0.3632
v  -0.0869 0.1798 -0.3622
v  -0.1431 0.1987 -0.3450
v  -0.1255 0.1967 -0.3519
v  -0.1436 0.1520 -0.3483
v  -0.1262 0.1502 -0.3553
v  -0.1617 0.2007 -0.3358
v  -0.1621 0.1538 -0.3388
v  -0.2342 0.2075 -0.2909
v  -0.2068 0.2052 -0.3091
v  -0.2358 0.1598 -0.2927
v  -0.2079 0.1578 -0.3114
v  -0.2642 0.2096 -0.2680
v  -0.2664 0.1616 -0.2692
v  -0.2934 0.2103 -0.2388
v  -0.2961 0.1620 -0.2389
v  -0.3197 0.2090 -0.2055
v  -0.3223 0.1604 -0.2042
v  -0.3427 0.2055 -0.1692
v  -0.3452 0.1566 -0.1669
v  -0.3614 0.1997 -0.1306
v  -0.3640 0.1507 -0.1274
v  -0.3754 0.1922 -0.0908
v  -0.3778 0.1433 -0.0869
v  -0.3845 0.1840 -0.0506
v  -0.3865 0.1352 -0.0463
v  -0.3891 0.1764 -0.0109
v  -0.3906 0.1278 -0.0063
v  -0.3894 0.1703 0.0280
v  -0.3905 0.1222 0.0327
v  -0.3858 0.1663 0.0658
v  -0.3863 0.1186 0.0704
v  -0.3783 0.1652 0.1022
v  -0.3786 0.1178 0.1064
v  -0.3671 0.1671 0.1366
v  -0.3674 0.1200 0.1403
v  -0.3525 0.1717 0.1689
v  -0.3531 0.1249 0.1721
v  -0.3350 0.1787 0.1993
v  -0.3358 0.1320 0.2018
v  -0.3147 0.1874 0.2278
v  -0.3160 0.1407 0.2297
v  -0.2919 0.1970 0.2544
v  -0.2938 0.1503 0.2557
v  -0.2671 0.2062 0.2788
v  -0.2696 0.1595 0.2798
v  -0.2407 0.2139 0.3008
v  -0.2438 0.1674 0.3018
v  -0.2135 0.2195 0.3203
v  -0.2171 0.1733 0.3216
v  -0.1866 0.2230 0.3378
v  -0.1903 0.1770 0.3394
v  -0.1610 0.2249 0.3534
v  -0.1646 0.1789 0.3552
v  -0.1380 0.2257 0.3669
v  -0.1412 0.1797 0.3693
v  -0.1187 0.2260 0.3782
v  -0.1216 0.1798 0.3810
v  -0.0775 0.2259 0.3933
v  -0.0908 0.2260 0.3914
v  -0.0825 0.1795 0.3960
v  -0.0948 0.1797 0.3944
v  -0.0602 0.2254 0.3936
v  -0.0658 0.1790 0.3960
v  0.0264 0.2190 0.3893
v  -0.0075 0.2221 0.3925
v  0.0227 0.1724 0.3915
v  -0.0124 0.1757 0.3951
v  0.0630 0.2152 0.3828
v  0.0602 0.1683 0.3844
v  0.1007 0.2113 0.3734
v  0.0985 0.1642 0.3745
v  0.1389 0.2076 0.3612
v  0.1370 0.1603 0.3620
v  0.1771 0.2047 0.3462
v  0.1533 0.1590 0.3556
v  0.1656 0.1707 0.3507
v  0.1762 0.1807 0.3466
v  0.2000 0.2037 0.3351
v  0.1871 0.1911 0.3414
v  0.2081 0.2118 0.3305
v  0.2149 0.2185 0.3266
v  0.2580 0.2402 0.2961
v  0.2506 0.2381 0.3024
v  0.2824 0.2472 0.2743
v  0.2856 0.2483 0.2705
v  0.3096 0.2564 0.2423
v  0.3104 0.2567 0.2410
v  -0.1289 0.1429 -0.3544
v  -0.1263 0.1454 -0.3555
v  -0.1433 0.1295 -0.3490
v  -0.1577 0.1154 -0.3416
v  -0.1612 0.1120 -0.3399
v  -0.2357 0.1120 -0.2924
v  -0.2073 0.1102 -0.3117
v  -0.2191 0.0897 -0.3023
v  -0.2064 0.0944 -0.3114
v  -0.2345 0.0840 -0.2915
v  -0.2599 0.0740 -0.2704
v  -0.2667 0.1134 -0.2683
v  -0.2653 0.0718 -0.2660
v  -0.2964 0.1138 -0.2372
v  -0.2783 0.0660 -0.2514
v  -0.2945 0.0663 -0.2340
v  -0.3225 0.1122 -0.2019
v  -0.3200 0.0648 -0.1987
v  -0.3451 0.1084 -0.1640
v  -0.3418 0.0614 -0.1609
v  -0.3633 0.1027 -0.1242
v  -0.3591 0.0561 -0.1213
v  -0.3765 0.0956 -0.0836
v  -0.3711 0.0497 -0.0811
v  -0.3844 0.0881 -0.0430
v  -0.3781 0.0434 -0.0414
v  -0.3877 0.0815 -0.0034
v  -0.3806 0.0379 -0.0026
v  -0.3869 0.0766 0.0351
v  -0.3795 0.0339 0.0350
v  -0.3825 0.0738 0.0722
v  -0.3750 0.0318 0.0712
v  -0.3747 0.0735 0.1075
v  -0.3674 0.0318 0.1058
v  -0.3637 0.0758 0.1408
v  -0.3567 0.0343 0.1384
v  -0.3498 0.0807 0.1720
v  -0.3432 0.0390 0.1688
v  -0.3331 0.0877 0.2010
v  -0.3270 0.0456 0.1972
v  -0.3138 0.0962 0.2282
v  -0.3083 0.0536 0.2236
v  -0.2922 0.1053 0.2536
v  -0.2873 0.0620 0.2483
v  -0.2686 0.1141 0.2772
v  -0.2643 0.0702 0.2712
v  -0.2434 0.1218 0.2989
v  -0.2397 0.0773 0.2925
v  -0.2173 0.1276 0.3186
v  -0.2142 0.0828 0.3120
v  -0.1910 0.1314 0.3365
v  -0.1885 0.0865 0.3297
v  -0.1655 0.1334 0.3525
v  -0.1636 0.0885 0.3457
v  -0.1423 0.1341 0.3668
v  -0.1408 0.0891 0.3598
v  -0.1227 0.1340 0.3788
v  -0.1216 0.0890 0.3717
v  -0.0848 0.1329 0.3941
v  -0.0965 0.1333 0.3926
v  -0.0831 0.0869 0.3873
v  -0.0951 0.0877 0.3856
v  -0.0685 0.1322 0.3940
v  -0.0670 0.0858 0.3873
v  0.0202 0.1252 0.3899
v  -0.0153 0.1287 0.3933
v  0.0198 0.0781 0.3838
v  -0.0150 0.0817 0.3866
v  0.0581 0.1210 0.3826
v  0.0572 0.0737 0.3772
v  0.0966 0.1166 0.3725
v  0.0574 0.0737 0.3771
v  0.0788 0.0922 0.3741
v  0.0963 0.1074 0.3715
v  0.1057 0.1157 0.3695
v  0.1005 0.1111 0.3706
v  0.1222 0.1306 0.3651
v  0.1363 0.1434 0.3613
v  0.1440 0.1505 0.3587
v  -0.2937 0.0589 -0.2333
v  -0.2987 0.0562 -0.2258
v  -0.3177 0.0462 -0.1971
v  -0.3275 0.0402 -0.1780
v  -0.3377 0.0342 -0.1589
v  -0.3482 0.0263 -0.1315
v  -0.3531 0.0229 -0.1196
v  -0.3613 0.0146 -0.0869
v  -0.3632 0.0129 -0.0802
v  -0.3681 0.0048 -0.0444
v  -0.3686 0.0041 -0.0415
v  -0.3697 -0.0025 -0.0091
v  -0.3700 -0.0031 -0.0039
v  -0.3698 -0.0035 -0.0039
v  -0.3698 -0.0036 -0.0035
v  -0.3686 -0.0062 0.0327
v  -0.3672 -0.0100 0.0322
v  -0.3642 -0.0078 0.0679
v  -0.3666 -0.0105 0.0360
v  -0.3614 -0.0153 0.0668
v  -0.3594 -0.0163 0.0742
v  -0.3569 -0.0075 0.1016
v  -0.3525 -0.0196 0.0995
v  -0.3467 -0.0051 0.1333
v  -0.3481 -0.0208 0.1108
v  -0.3405 -0.0227 0.1298
v  -0.3324 -0.0239 0.1453
v  -0.3337 -0.0007 0.1630
v  -0.3258 -0.0247 0.1577
v  -0.3180 0.0054 0.1906
v  -0.3126 -0.0254 0.1771
v  -0.3083 -0.0257 0.1832
v  -0.2893 -0.0256 0.2057
v  -0.2997 0.0126 0.2162
v  -0.2886 -0.0256 0.2066
v  -0.2792 0.0203 0.2401
v  -0.2842 -0.0254 0.2109
v  -0.2681 -0.0201 0.2294
v  -0.2567 0.0276 0.2623
v  -0.2461 -0.0136 0.2508
v  -0.2327 0.0341 0.2830
v  -0.2228 -0.0079 0.2708
v  -0.2079 0.0391 0.3021
v  -0.1986 -0.0035 0.2893
v  -0.1829 0.0425 0.3196
v  -0.1743 -0.0005 0.3063
v  -0.1586 0.0444 0.3353
v  -0.1508 0.0012 0.3217
v  -0.1365 0.0450 0.3493
v  -0.1293 0.0016 0.3354
v  -0.1177 0.0446 0.3610
v  -0.1110 0.0012 0.3468
v  -0.0786 0.0417 0.3765
v  -0.0909 0.0428 0.3746
v  -0.0717 -0.0024 0.3620
v  -0.0843 -0.0010 0.3600
v  -0.0629 -0.0034 0.3621
v  -0.0568 -0.0021 0.3629
v  -0.0625 0.0403 0.3767
v  -0.0561 -0.0020 0.3629
v  0.0073 0.0333 0.3743
v  -0.0120 0.0355 0.3758
v  0.0156 0.0398 0.3754
v  0.0211 0.0441 0.3760
v  -0.0039 0.0248 0.3721
v  -0.0103 0.0200 0.3707
v  0.0361 0.0563 0.3767
v  0.0572 0.0735 0.3771
v  0.0573 0.0736 0.3771
v  -0.2665 -0.0246 0.2278
v  -0.2635 -0.0244 0.2303
v  -0.2430 -0.0230 0.2475
v  -0.2370 -0.0225 0.2521
v  -0.2187 -0.0209 0.2661
v  -0.2107 -0.0202 0.2718
v  -0.1942 -0.0187 0.2836
v  -0.1855 -0.0178 0.2896
v  -0.1700 -0.0163 0.3002
v  -0.1617 -0.0154 0.3058
v  -0.1470 -0.0139 0.3158
v  -0.1400 -0.0132 0.3205
v  -0.1262 -0.0119 0.3299
v  -0.1210 -0.0113 0.3335
v  -0.1086 -0.0101 0.3421
v  -0.0815 -0.0069 0.3579
v  -0.0830 -0.0072 0.3574
v  -0.0712 -0.0051 0.3609
v  -0.0704 -0.0049 0.3610
v  0.1033 0.6123 -0.0535
v  0.1303 0.5975 -0.0708
v  0.1592 0.5782 -0.0898
v  0.1884 0.5550 -0.1098
v  0.2168 0.5286 -0.1300
v  0.2435 0.4993 -0.1502
v  0.2677 0.4672 -0.1697
v  0.2891 0.4323 -0.1872
v  0.3074 0.3947 -0.2016
v  0.3226 0.3549 -0.2123
v  0.3270 0.3392 -0.2151
v  0.3285 0.3397 -0.2170
v  0.3275 0.3382 -0.2094
v  0.0919 0.6100 -0.0560
v  0.1148 0.5942 -0.0771
v  0.1398 0.5739 -0.1001
v  0.1655 0.5498 -0.1236
v  0.1910 0.5226 -0.1466
v  0.2156 0.4923 -0.1684
v  0.2385 0.4591 -0.1885
v  0.2586 0.4230 -0.2066
v  0.2756 0.3841 -0.2222
v  0.2890 0.3430 -0.2347
v  0.2659 0.3378 -0.2530
v  0.2901 0.3380 -0.2358
v  0.2930 0.3381 -0.2342
v  -0.0707 0.6160 -0.0932
v  -0.0860 0.5997 -0.1189
v  -0.1018 0.5782 -0.1459
v  -0.1168 0.5526 -0.1724
v  -0.1303 0.5237 -0.1979
v  -0.1421 0.4918 -0.2220
v  -0.1522 0.4572 -0.2446
v  -0.1603 0.4202 -0.2659
v  -0.1669 0.3807 -0.2846
v  -0.1724 0.3387 -0.2996
v  -0.1770 0.2947 -0.3109
v  -0.1804 0.2493 -0.3189
v  -0.1826 0.2029 -0.3240
v  -0.1834 0.1558 -0.3266
v  -0.1820 0.1032 -0.3274
v  -0.1823 0.1084 -0.3274
v  -0.1996 0.0968 -0.3159
v  -0.1801 0.1039 -0.3286
v  -0.1699 0.1074 -0.3348
v  -0.1635 0.1097 -0.3386
v  -0.1627 0.1104 -0.3390
v  -0.0619 0.6161 -0.1025
v  -0.0699 0.5991 -0.1314
v  -0.0767 0.5765 -0.1615
v  -0.0827 0.5496 -0.1913
v  -0.0882 0.5196 -0.2200
v  -0.0933 0.4868 -0.2473
v  -0.0979 0.4515 -0.2728
v  -0.1019 0.4136 -0.2958
v  -0.1042 0.3730 -0.3151
v  -0.1053 0.3302 -0.3304
v  -0.1059 0.2860 -0.3422
v  -0.1065 0.2407 -0.3510
v  -0.1072 0.1947 -0.3571
v  -0.0976 0.1707 -0.3609
v  -0.1079 0.1617 -0.3596
v  -0.1118 0.1583 -0.3588
v  -0.1215 0.1497 -0.3567
v  -0.1250 0.1466 -0.3558
v  -0.0339 0.6169 0.1532
v  -0.0388 0.6028 0.1787
v  -0.0442 0.5842 0.2047
v  -0.0498 0.5617 0.2304
v  -0.0556 0.5355 0.2552
v  -0.0615 0.5059 0.2786
v  -0.0676 0.4732 0.3004
v  -0.0740 0.4374 0.3202
v  -0.0805 0.3992 0.3382
v  -0.0869 0.3587 0.3543
v  -0.0931 0.3161 0.3683
v  -0.0987 0.2718 0.3793
v  -0.1034 0.2260 0.3865
v  -0.1066 0.1797 0.3896
v  -0.1079 0.1337 0.3877
v  -0.1068 0.0884 0.3805
v  -0.1029 0.0438 0.3696
v  -0.0964 0.0002 0.3551
v  -0.0848 -0.0074 0.3565
v  -0.0946 -0.0087 0.3514
v  -0.0976 -0.0090 0.3494
v  -0.0167 0.6129 0.1517
v  -0.0147 0.5976 0.1782
v  -0.0123 0.5780 0.2056
v  -0.0101 0.5548 0.2327
v  -0.0085 0.5284 0.2590
v  -0.0078 0.4989 0.2840
v  -0.0081 0.4666 0.3071
v  -0.0098 0.4315 0.3280
v  -0.0128 0.3940 0.3466
v  -0.0174 0.3544 0.3629
v  -0.0233 0.3128 0.3764
v  -0.0302 0.2694 0.3869
v  -0.0369 0.2242 0.3934
v  -0.0425 0.1778 0.3958
v  -0.0455 0.1309 0.3938
v  -0.0444 0.0842 0.3872
v  -0.0548 -0.0017 0.3630
v  -0.0405 0.0383 0.3764
v  -0.0355 0.0025 0.3648
v  -0.0331 0.0030 0.3650
v  -0.0268 0.0077 0.3666
v  0.2284 0.2325 0.3172
v  0.2285 0.2326 0.3171
# 2720 vertices

vn 0.1166 0.9301 -0.3485
vn 0.2318 0.9110 -0.3412
vn 0.0798 0.9965 -0.0259
vn 0.0615 0.9530 -0.2966
vn 0.0715 0.9363 -0.3440
vn 0.0627 0.9391 -0.3379
vn 0.1513 0.9191 -0.3638
vn 0.3072 0.8713 -0.3827
vn -0.0167 0.9793 -0.2016
vn 0.2914 0.8621 -0.4147
vn 0.4247 0.7833 -0.4539
vn 0.3817 0.8203 -0.4260
vn -0.0576 0.9672 -0.2475
vn -0.3621 0.9298 -0.0668
vn -0.2174 0.9700 -0.1089
vn -0.5150 0.8563 -0.0377
vn -0.5521 0.8286 -0.0922
vn -0.3314 0.9284 -0.1679
vn -0.1972 0.9567 -0.2143
vn -0.1777 0.9639 -0.1982
vn -0.1110 0.9733 -0.2008
vn -0.1534 0.9566 -0.2478
vn -0.1473 0.9596 -0.2399
vn -0.1591 0.9677 -0.1953
vn -0.1430 0.9772 -0.1571
vn -0.1793 0.9589 -0.2197
vn -0.1906 0.9636 -0.1874
vn -0.1917 0.9711 -0.1420
vn -0.1679 0.9800 -0.1066
vn -0.2184 0.9618 -0.1649
vn -0.2224 0.9660 -0.1317
vn -0.2115 0.9732 -0.0908
vn -0.1807 0.9815 -0.0633
vn -0.2479 0.9633 -0.1030
vn -0.2450 0.9670 -0.0693
vn -0.2243 0.9740 -0.0306
vn -0.1873 0.9822 -0.0114
vn -0.2658 0.9633 -0.0370
vn -0.2547 0.9670 -0.0085
vn -0.2248 0.9741 0.0218
vn -0.1838 0.9822 0.0387
vn -0.2696 0.9627 0.0248
vn -0.2524 0.9663 0.0513
vn -0.2140 0.9737 0.0784
vn -0.1731 0.9816 0.0811
vn -0.2595 0.9618 0.0871
vn -0.2369 0.9654 0.1089
vn -0.1951 0.9730 0.1236
vn -0.1517 0.9804 0.1257
vn -0.2365 0.9611 0.1430
vn -0.2099 0.9647 0.1590
vn -0.1648 0.9720 0.1678
vn -0.1224 0.9789 0.1639
vn -0.2016 0.9607 0.1909
vn -0.1702 0.9640 0.2042
vn -0.1279 0.9706 0.2040
vn -0.0861 0.9770 0.1951
vn -0.1556 0.9602 0.2317
vn -0.1228 0.9630 0.2397
vn -0.1633 0.9655 0.2026
vn -0.2304 0.9650 0.1252
vn -0.1342 0.9603 0.2446
vn -0.2044 0.9554 0.2131
vn -0.3744 0.9203 0.1139
vn 0.0325 0.9856 0.1657
vn -0.3695 0.9091 0.1923
vn -0.5979 0.7838 0.1679
vn -0.5391 0.8334 0.1219
vn 0.0215 0.9732 0.2291
vn 0.3983 0.8790 0.2621
vn 0.2830 0.9304 0.2329
vn 0.5377 0.7908 0.2924
vn 0.5551 0.7683 0.3186
vn 0.3774 0.8741 0.3059
vn 0.2098 0.9351 0.2855
vn 0.1750 0.9460 0.2728
vn 0.1081 0.9655 0.2369
vn 0.1289 0.9481 0.2907
vn 0.1229 0.9507 0.2846
vn 0.1341 0.9549 0.2650
vn 0.1560 0.9619 0.2247
vn 0.1514 0.9457 0.2875
vn 0.1783 0.9464 0.2694
vn 0.1830 0.9512 0.2483
vn 0.2042 0.9583 0.1998
vn 0.2102 0.9413 0.2643
vn 0.2429 0.9456 0.2165
vn 0.2486 0.9536 0.1700
vn -0.5063 0.3585 -0.7843
vn 0.2603 0.9378 0.2299
vn 0.2798 0.9381 0.2040
vn 0.2888 0.9413 0.1746
vn 0.2844 0.9496 0.1321
vn 0.3025 0.9349 0.1859
vn 0.3156 0.9356 0.1583
vn 0.3249 0.9379 0.1217
vn 0.3136 0.9456 0.0870
vn 0.3335 0.9333 0.1331
vn 0.3419 0.9340 0.1032
vn 0.3469 0.9354 0.0684
vn 0.3334 0.9421 0.0364
vn 0.3523 0.9328 0.0755
vn 0.3566 0.9331 0.0459
vn 0.3585 0.9335 0.0062
vn 0.3436 0.9388 -0.0222
vn 0.3601 0.9328 0.0142
vn 0.3600 0.9328 -0.0169
vn 0.3576 0.9323 -0.0536
vn 0.3407 0.9366 -0.0820
vn 0.3564 0.9331 -0.0476
vn 0.3519 0.9327 -0.0797
vn 0.3857 0.9217 -0.0418
vn 0.3940 0.9147 0.0903
vn 0.3534 0.9327 -0.0718
vn 0.3935 0.9193 0.0101
vn 0.4436 0.8785 0.1773
vn 0.2106 0.9648 -0.1575
vn 0.4662 0.8724 0.1470
vn 0.5371 0.7923 0.2895
vn 0.5095 0.8112 0.2870
vn 0.2014 0.9577 -0.2057
vn -0.0132 0.8711 -0.4910
vn 0.0716 0.9213 -0.3821
vn -0.1307 0.7668 -0.6284
vn -0.1052 0.7692 -0.6303
vn 0.0347 0.8714 -0.4894
vn 0.1554 0.9232 -0.3515
vn 0.1967 0.9248 -0.3257
vn 0.2186 0.9392 -0.2647
vn 0.2152 0.9328 -0.2891
vn 0.2223 0.9324 -0.2851
vn 0.1991 0.9345 -0.2949
vn 0.1664 0.9430 -0.2882
vn 0.1982 0.9324 -0.3022
vn 0.1711 0.9337 -0.3146
vn 0.1501 0.9370 -0.3155
vn 0.1175 0.9473 -0.2979
vn 0.1469 0.9334 -0.3274
vn 0.1213 0.9356 -0.3317
vn 0.0939 0.9411 -0.3248
vn 0.0917 0.9356 -0.3409
vn 0.0506 0.9223 -0.3830
vn 0.0631 0.9221 -0.3817
vn 0.0382 0.8858 -0.4626
vn 0.0609 0.8851 -0.4613
vn 0.0436 0.8835 -0.4664
vn 0.0797 0.9172 -0.3903
vn 0.1796 0.8884 -0.4224
vn 0.1052 0.8679 -0.4855
vn 0.2890 0.8028 -0.5214
vn 0.3658 0.8054 -0.4665
vn -0.5922 0.7987 -0.1067
vn -0.1178 0.9300 -0.3482
vn -0.5753 0.7817 -0.2407
vn -0.1324 0.8743 -0.4670
vn -0.4736 0.8357 -0.2779
vn -0.5089 0.8464 -0.1567
vn -0.1725 0.9384 -0.2994
vn -0.1874 0.9371 -0.2944
vn -0.2231 0.9007 -0.3727
vn -0.2180 0.8983 -0.3816
vn -0.2530 0.9018 -0.3503
vn -0.1899 0.9399 -0.2837
vn -0.2204 0.9412 -0.2562
vn -0.2925 0.9030 -0.3147
vn -0.3287 0.9035 -0.2750
vn -0.2465 0.9429 -0.2240
vn -0.2731 0.9431 -0.1898
vn -0.3619 0.9029 -0.2321
vn -0.3912 0.9015 -0.1853
vn -0.2930 0.9437 -0.1537
vn -0.3127 0.9425 -0.1178
vn -0.4154 0.8992 -0.1373
vn -0.4345 0.8963 -0.0882
vn -0.3254 0.9423 -0.0787
vn -0.3376 0.9404 -0.0399
vn -0.4477 0.8933 -0.0393
vn -0.4552 0.8903 0.0090
vn -0.3414 0.9399 -0.0013
vn -0.3450 0.9379 0.0368
vn -0.4568 0.8878 0.0559
vn -0.4527 0.8859 0.1008
vn -0.3401 0.9376 0.0732
vn -0.3345 0.9361 0.1091
vn -0.4433 0.8848 0.1436
vn -0.4282 0.8848 0.1838
vn -0.3209 0.9365 0.1414
vn -0.3069 0.9358 0.1735
vn -0.4082 0.8856 0.2215
vn -0.3831 0.8873 0.2567
vn -0.2849 0.9371 0.2018
vn -0.2631 0.9369 0.2301
vn -0.3529 0.8899 0.2889
vn -0.3186 0.8927 0.3188
vn -0.2340 0.9386 0.2533
vn -0.2047 0.9388 0.2771
vn -0.2796 0.8958 0.3456
vn -0.2367 0.8985 0.3696
vn -0.1704 0.9402 0.2949
vn -0.1557 0.9405 0.3022
vn -0.2067 0.9010 0.3813
vn -0.2169 0.8988 0.3809
vn -0.1922 0.9374 0.2905
vn -0.3135 0.9099 0.2718
vn -0.3026 0.8786 0.3693
vn -0.5156 0.7981 0.3117
vn -0.5480 0.8079 0.2168
vn 0.5798 0.7422 0.3362
vn -0.0319 0.9352 0.3528
vn 0.5233 0.7342 0.4326
vn -0.0529 0.8816 0.4689
vn 0.4278 0.7954 0.4294
vn 0.4990 0.7950 0.3451
vn 0.1232 0.9315 0.3421
vn 0.1620 0.9269 0.3384
vn 0.1307 0.8938 0.4290
vn 0.1412 0.8920 0.4294
vn 0.1592 0.8903 0.4267
vn 0.1378 0.9301 0.3405
vn 0.1737 0.9271 0.3320
vn 0.2036 0.8871 0.4141
vn 0.2441 0.8840 0.3986
vn 0.2054 0.9251 0.3195
vn 0.2375 0.9225 0.3044
vn 0.2815 0.8814 0.3793
vn 0.3148 0.8800 0.3557
vn 0.2655 0.9211 0.2849
vn 0.2913 0.9195 0.2641
vn 0.3428 0.8794 0.3305
vn 0.3678 0.8799 0.3010
vn 0.3122 0.9192 0.2400
vn 0.3315 0.9187 0.2146
vn 0.3884 0.8812 0.2695
vn 0.4054 0.8833 0.2355
vn 0.3463 0.9194 0.1862
vn 0.3592 0.9199 0.1575
vn 0.4184 0.8861 0.1993
vn 0.4279 0.8892 0.1619
vn 0.3678 0.9213 0.1259
vn 0.3747 0.9225 0.0930
vn 0.4338 0.8927 0.1223
vn 0.4365 0.8960 0.0818
vn 0.3774 0.9241 0.0598
vn 0.3783 0.9253 0.0261
vn 0.4358 0.8991 0.0402
vn 0.4318 0.9020 -0.0019
vn 0.3755 0.9268 -0.0085
vn 0.3707 0.9278 -0.0430
vn 0.4250 0.9041 -0.0442
vn 0.4150 0.9057 -0.0864
vn 0.3629 0.9286 -0.0775
vn 0.3599 0.9289 -0.0879
vn 0.4075 0.9067 -0.1092
vn 0.4204 0.9027 -0.0918
vn 0.3810 0.9234 -0.0469
vn 0.4435 0.8942 0.0614
vn 0.4766 0.8791 -0.0062
vn 0.5882 0.7774 0.2229
vn 0.5444 0.7942 0.2700
vn -0.1263 0.7413 -0.6592
vn 0.2877 0.9344 -0.2102
vn -0.0385 0.7481 -0.6625
vn 0.3955 0.8914 -0.2213
vn 0.0201 0.7977 -0.6028
vn -0.0585 0.7974 -0.6006
vn 0.2287 0.9251 -0.3030
vn 0.1935 0.9221 -0.3350
vn 0.2580 0.8981 -0.3561
vn 0.2367 0.8964 -0.3747
vn 0.2477 0.8951 -0.3708
vn 0.2246 0.9238 -0.3099
vn 0.2007 0.9225 -0.3298
vn 0.2191 0.8923 -0.3948
vn 0.1899 0.8897 -0.4152
vn 0.1741 0.9218 -0.3464
vn 0.1481 0.9210 -0.3602
vn 0.1595 0.8876 -0.4321
vn 0.1279 0.8860 -0.4456
vn 0.1203 0.9210 -0.3705
vn 0.0914 0.9209 -0.3788
vn 0.0953 0.8853 -0.4552
vn 0.0265 0.8314 -0.5550
vn 0.0593 0.8313 -0.5527
vn 0.0148 0.7699 -0.6380
vn 0.0574 0.7708 -0.6345
vn -0.0283 0.7687 -0.6390
vn 0.0054 0.8299 -0.5579
vn 0.0319 0.8203 -0.5711
vn -0.0233 0.7642 -0.6446
vn 0.1351 0.7373 -0.6619
vn 0.2035 0.7761 -0.5969
vn -0.5472 0.7474 -0.3768
vn -0.1488 0.8079 -0.5702
vn -0.5249 0.7064 -0.4749
vn -0.1680 0.7514 -0.6381
vn -0.4258 0.7451 -0.5134
vn -0.4460 0.7948 -0.4116
vn -0.2808 0.8439 -0.4571
vn -0.2523 0.8407 -0.4792
vn -0.3350 0.7786 -0.5306
vn -0.2843 0.7763 -0.5626
vn -0.3914 0.7787 -0.4903
vn -0.3260 0.8450 -0.4238
vn -0.3747 0.8454 -0.3806
vn -0.4503 0.7778 -0.4385
vn -0.5048 0.7750 -0.3802
vn -0.4209 0.8445 -0.3312
vn -0.4629 0.8421 -0.2766
vn -0.5529 0.7709 -0.3163
vn -0.5943 0.7651 -0.2477
vn -0.4986 0.8387 -0.2192
vn -0.5281 0.8342 -0.1590
vn -0.6271 0.7585 -0.1771
vn -0.6513 0.7513 -0.1063
vn -0.5503 0.8292 -0.0982
vn -0.5651 0.8241 -0.0380
vn -0.6668 0.7443 -0.0362
vn -0.6740 0.7380 0.0317
vn -0.5729 0.8194 0.0205
vn -0.5737 0.8154 0.0767
vn -0.6735 0.7329 0.0959
vn -0.6661 0.7292 0.1566
vn -0.5679 0.8127 0.1305
vn -0.5559 0.8114 0.1807
vn -0.6516 0.7281 0.2126
vn -0.6315 0.7287 0.2650
vn -0.5378 0.8118 0.2274
vn -0.5137 0.8139 0.2716
vn -0.6048 0.7320 0.3137
vn -0.5719 0.7372 0.3598
vn -0.4841 0.8175 0.3121
vn -0.4487 0.8221 0.3504
vn -0.5329 0.7440 0.4031
vn -0.4873 0.7521 0.4436
vn -0.4072 0.8278 0.3859
vn -0.3610 0.8335 0.4184
vn -0.4345 0.7607 0.4822
vn -0.3757 0.7689 0.5173
vn -0.3092 0.8388 0.4480
vn -0.2628 0.8435 0.4684
vn -0.3160 0.7759 0.5461
vn -0.2598 0.7782 0.5717
vn -0.2392 0.8426 0.4825
vn -0.2906 0.8264 0.4823
vn -0.2775 0.7696 0.5750
vn -0.4999 0.7123 0.4927
vn -0.5063 0.7558 0.4153
vn 0.4799 0.6958 0.5344
vn -0.0827 0.8201 0.5662
vn 0.4533 0.6513 0.6085
vn -0.1083 0.7644 0.6356
vn 0.3154 0.7150 0.6239
vn 0.3680 0.7572 0.5397
vn 0.1366 0.8373 0.5293
vn 0.1105 0.8376 0.5350
vn 0.1388 0.7728 0.6193
vn 0.0821 0.7748 0.6269
vn 0.1995 0.7676 0.6091
vn 0.1814 0.8331 0.5225
vn 0.2345 0.8285 0.5085
vn 0.2625 0.7623 0.5917
vn 0.3181 0.7583 0.5690
vn 0.2850 0.8248 0.4883
vn 0.3286 0.8222 0.4649
vn 0.3681 0.7563 0.5408
vn 0.4121 0.7558 0.5088
vn 0.3669 0.8210 0.4373
vn 0.4012 0.8215 0.4051
vn 0.4500 0.7576 0.4728
vn 0.4832 0.7614 0.4322
vn 0.4298 0.8233 0.3707
vn 0.4542 0.8266 0.3323
vn 0.5107 0.7668 0.3888
vn 0.5334 0.7738 0.3417
vn 0.4739 0.8310 0.2913
vn 0.4891 0.8362 0.2479
vn 0.5516 0.7816 0.2912
vn 0.5651 0.7899 0.2379
vn 0.5003 0.8420 0.2019
vn 0.5075 0.8478 0.1538
vn 0.5747 0.7979 0.1819
vn 0.5794 0.8057 0.1232
vn 0.5109 0.8533 0.1043
vn 0.5104 0.8582 0.0540
vn 0.5800 0.8121 0.0638
vn 0.5760 0.8174 0.0036
vn 0.5059 0.8626 0.0021
vn 0.4976 0.8660 -0.0502
vn 0.5671 0.8217 -0.0568
vn 0.5534 0.8247 -0.1168
vn 0.4854 0.8685 -0.1009
vn 0.4736 0.8697 -0.1393
vn 0.5377 0.8256 -0.1707
vn 0.5239 0.8234 -0.2181
vn 0.4749 0.8662 -0.1555
vn 0.5215 0.8471 -0.1024
vn 0.5523 0.8113 -0.1915
vn 0.6713 0.7394 0.0514
vn 0.6387 0.7577 0.1341
vn 0.0065 0.7028 -0.7114
vn 0.4562 0.8426 -0.2861
vn 0.0303 0.6618 -0.7491
vn 0.4833 0.8050 -0.3442
vn 0.1591 0.7340 -0.6602
vn 0.1001 0.7641 -0.6373
vn 0.3012 0.8553 -0.4215
vn 0.3061 0.8554 -0.4179
vn 0.3731 0.8090 -0.4542
vn 0.3423 0.8058 -0.4832
vn 0.3086 0.7994 -0.5155
vn 0.2791 0.8507 -0.4454
vn 0.2453 0.8459 -0.4736
vn 0.2687 0.7927 -0.5472
vn 0.2286 0.7864 -0.5739
vn 0.2102 0.8415 -0.4977
vn 0.1746 0.8375 -0.5177
vn 0.1877 0.7809 -0.5959
vn 0.1458 0.7762 -0.6134
vn 0.1378 0.8345 -0.5335
vn 0.0991 0.8324 -0.5453
vn 0.1023 0.7729 -0.6263
vn 0.0061 0.7041 -0.7101
vn 0.0546 0.7052 -0.7069
vn 0.0006 0.6348 -0.7727
vn 0.0534 0.6358 -0.7700
vn -0.0551 0.6344 -0.7711
vn -0.0455 0.7036 -0.7092
vn -0.0513 0.7039 -0.7085
vn -0.0669 0.6358 -0.7689
vn 0.0788 0.6244 -0.7772
vn 0.0999 0.6870 -0.7198
vn -0.5262 0.6558 -0.5413
vn -0.1800 0.6957 -0.6954
vn -0.5386 0.5921 -0.5994
vn -0.2020 0.6288 -0.7509
vn -0.4545 0.6202 -0.6394
vn -0.4367 0.6873 -0.5804
vn -0.3835 0.7096 -0.5911
vn -0.3196 0.7088 -0.6288
vn -0.4267 0.6356 -0.6434
vn -0.3563 0.6363 -0.6842
vn -0.4985 0.6331 -0.5922
vn -0.4488 0.7084 -0.5447
vn -0.5146 0.7056 -0.4871
vn -0.5701 0.6289 -0.5287
vn -0.6358 0.6228 -0.4560
vn -0.5752 0.7013 -0.4210
vn -0.6291 0.6948 -0.3484
vn -0.6928 0.6152 -0.3762
vn -0.7401 0.6061 -0.2913
vn -0.6739 0.6872 -0.2714
vn -0.7094 0.6783 -0.1917
vn -0.7763 0.5964 -0.2042
vn -0.8017 0.5862 -0.1171
vn -0.7345 0.6693 -0.1117
vn -0.7503 0.6603 -0.0339
vn -0.8168 0.5761 -0.0311
vn -0.8223 0.5669 0.0498
vn -0.7571 0.6520 0.0412
vn -0.7552 0.6457 0.1127
vn -0.8187 0.5602 0.1263
vn -0.8072 0.5558 0.1989
vn -0.7465 0.6410 0.1787
vn -0.7310 0.6386 0.2406
vn -0.7902 0.5532 0.2636
vn -0.7673 0.5532 0.3245
vn -0.7090 0.6394 0.2977
vn -0.6814 0.6422 0.3510
vn -0.7382 0.5562 0.3818
vn -0.7037 0.5619 0.4348
vn -0.6470 0.6480 0.4018
vn -0.6059 0.6564 0.4495
vn -0.6617 0.5706 0.4864
vn -0.6124 0.5809 0.5363
vn -0.5576 0.6659 0.4956
vn -0.5014 0.6768 0.5391
vn -0.5547 0.5926 0.5841
vn -0.4874 0.6046 0.6300
vn -0.4368 0.6877 0.5799
vn -0.3689 0.6971 0.6148
vn -0.4149 0.6159 0.6698
vn -0.3374 0.6242 0.7046
vn -0.2967 0.7036 0.6457
vn -0.2956 0.7037 0.6461
vn -0.3289 0.6282 0.7051
vn -0.5423 0.5880 0.6002
vn -0.5145 0.6577 0.5502
vn 0.4269 0.6076 0.6698
vn -0.1366 0.7033 0.6977
vn 0.4035 0.5449 0.7350
vn -0.1569 0.6280 0.7622
vn 0.2687 0.5981 0.7551
vn 0.2895 0.6647 0.6888
vn 0.1428 0.7024 0.6973
vn 0.0681 0.7060 0.7050
vn 0.1444 0.6271 0.7655
vn 0.0626 0.6309 0.7733
vn 0.2222 0.6229 0.7501
vn 0.2138 0.6971 0.6844
vn 0.2827 0.6927 0.6635
vn 0.2973 0.6194 0.7267
vn 0.3650 0.6171 0.6971
vn 0.3444 0.6898 0.6369
vn 0.3993 0.6883 0.6056
vn 0.4249 0.6172 0.6622
vn 0.4777 0.6193 0.6231
vn 0.4476 0.6896 0.5693
vn 0.4899 0.6927 0.5293
vn 0.5240 0.6243 0.5793
vn 0.5643 0.6317 0.5315
vn 0.5261 0.6984 0.4853
vn 0.5573 0.7060 0.4370
vn 0.5996 0.6410 0.4792
vn 0.6298 0.6521 0.4221
vn 0.5837 0.7151 0.3847
vn 0.6052 0.7251 0.3286
vn 0.6559 0.6636 0.3596
vn 0.6769 0.6751 0.2932
vn 0.6228 0.7350 0.2682
vn 0.6351 0.7448 0.2047
vn 0.6936 0.6853 0.2219
vn 0.7052 0.6935 0.1471
vn 0.6432 0.7531 0.1386
vn 0.6459 0.7602 0.0700
vn 0.7103 0.7001 0.0725
vn 0.7088 0.7054 -0.0047
vn 0.6429 0.7660 0.0015
vn 0.6351 0.7695 -0.0670
vn 0.7011 0.7084 -0.0814
vn 0.6876 0.7094 -0.1548
vn 0.6211 0.7718 -0.1360
vn 0.6023 0.7730 -0.1990
vn 0.6682 0.7095 -0.2241
vn 0.6428 0.7088 -0.2905
vn 0.5803 0.7719 -0.2597
vn 0.5946 0.7667 -0.2421
vn 0.6520 0.7061 -0.2762
vn 0.7591 0.6504 -0.0260
vn 0.7081 0.7061 0.0055
vn 0.0547 0.6223 -0.7809
vn 0.5211 0.7603 -0.3878
vn 0.0883 0.5704 -0.8166
vn 0.5713 0.6989 -0.4302
vn 0.2344 0.6415 -0.7305
vn 0.1978 0.6976 -0.6887
vn 0.3795 0.7482 -0.5443
vn 0.4214 0.7543 -0.5034
vn 0.4152 0.6824 -0.6017
vn 0.4621 0.6903 -0.5567
vn 0.3669 0.6738 -0.6413
vn 0.3378 0.7401 -0.5815
vn 0.2919 0.7322 -0.6154
vn 0.3152 0.6647 -0.6774
vn 0.2632 0.6565 -0.7070
vn 0.2460 0.7245 -0.6439
vn 0.1997 0.7177 -0.6671
vn 0.2122 0.6491 -0.7306
vn 0.1608 0.6433 -0.7486
vn 0.1530 0.7122 -0.6851
vn 0.1050 0.7081 -0.6983
vn 0.1078 0.6388 -0.7618
vn -0.0045 0.5623 -0.8269
vn 0.0529 0.5642 -0.8240
vn -0.0089 0.4877 -0.8729
vn 0.0532 0.4903 -0.8699
vn -0.0757 0.4853 -0.8711
vn -0.0656 0.5611 -0.8252
vn -0.0828 0.5612 -0.8235
vn -0.0978 0.4850 -0.8690
vn 0.0423 0.4807 -0.8759
vn 0.0603 0.5535 -0.8307
vn -0.5553 0.5174 -0.6511
vn -0.2234 0.5530 -0.8027
vn -0.5675 0.4389 -0.6966
vn -0.2381 0.4749 -0.8472
vn -0.4974 0.4606 -0.7351
vn -0.4781 0.5420 -0.6911
vn -0.4680 0.5534 -0.6890
vn -0.3924 0.5559 -0.7328
vn -0.5052 0.4672 -0.7256
vn -0.4253 0.4713 -0.7726
vn -0.5849 0.4621 -0.6666
vn -0.5446 0.5496 -0.6335
vn -0.6203 0.5443 -0.5648
vn -0.6628 0.4565 -0.5936
vn -0.7326 0.4499 -0.5107
vn -0.6886 0.5377 -0.4866
vn -0.7476 0.5299 -0.4004
vn -0.7928 0.4420 -0.4197
vn -0.8419 0.4328 -0.3224
vn -0.7956 0.5207 -0.3095
vn -0.8322 0.5108 -0.2158
vn -0.8778 0.4240 -0.2227
vn -0.9000 0.4177 -0.1251
vn -0.8572 0.5006 -0.1211
vn -0.8700 0.4922 -0.0294
vn -0.9103 0.4128 -0.0305
vn -0.9101 0.4102 0.0597
vn -0.8724 0.4855 0.0566
vn -0.8661 0.4808 0.1366
vn -0.9011 0.4092 0.1437
vn -0.8850 0.4096 0.2216
vn -0.8523 0.4784 0.2116
vn -0.8316 0.4785 0.2819
vn -0.8629 0.4116 0.2932
vn -0.8355 0.4155 0.3596
vn -0.8069 0.4795 0.3450
vn -0.7772 0.4833 0.4029
vn -0.8044 0.4200 0.4201
vn -0.7690 0.4266 0.4760
vn -0.7419 0.4894 0.4584
vn -0.7002 0.4980 0.5116
vn -0.7275 0.4352 0.5305
vn -0.6783 0.4453 0.5844
vn -0.6504 0.5086 0.5642
vn -0.5924 0.5202 0.6152
vn -0.6205 0.4562 0.6379
vn -0.5518 0.4663 0.6914
vn -0.5245 0.5320 0.6648
vn -0.4503 0.5422 0.7094
vn -0.4764 0.4730 0.7411
vn -0.3926 0.4752 0.7874
vn -0.3703 0.5496 0.7489
vn -0.3581 0.5514 0.7535
vn -0.3760 0.4750 0.7956
vn -0.5769 0.4548 0.6785
vn -0.5613 0.5201 0.6438
vn 0.3700 0.4682 0.8024
vn -0.1819 0.5456 0.8181
vn 0.3372 0.3877 0.8579
vn -0.2069 0.4668 0.8598
vn 0.2143 0.4324 0.8759
vn 0.2421 0.5171 0.8210
vn 0.1415 0.5470 0.8251
vn 0.0532 0.5505 0.8332
vn 0.1321 0.4647 0.8756
vn 0.0381 0.4679 0.8830
vn 0.2228 0.4613 0.8588
vn 0.2257 0.5437 0.8084
vn 0.3074 0.5401 0.7835
vn 0.3116 0.4577 0.8327
vn 0.3913 0.4550 0.7999
vn 0.3804 0.5379 0.7523
vn 0.4460 0.5380 0.7152
vn 0.4618 0.4548 0.7615
vn 0.5247 0.4583 0.7174
vn 0.5041 0.5414 0.6729
vn 0.5549 0.5474 0.6264
vn 0.5814 0.4649 0.6677
vn 0.6320 0.4743 0.6129
vn 0.6002 0.5562 0.5747
vn 0.6402 0.5672 0.5182
vn 0.6773 0.4860 0.5523
vn 0.7176 0.4995 0.4853
vn 0.6754 0.5798 0.4558
vn 0.7057 0.5929 0.3880
vn 0.7558 0.5109 0.4095
vn 0.7909 0.5184 0.3253
vn 0.7325 0.6040 0.3139
vn 0.7553 0.6119 0.2347
vn 0.8171 0.5248 0.2387
vn 0.8331 0.5316 0.1528
vn 0.7700 0.6194 0.1530
vn 0.7767 0.6259 0.0705
vn 0.8395 0.5391 0.0676
vn 0.8369 0.5471 -0.0180
vn 0.7749 0.6319 -0.0128
vn 0.7649 0.6370 -0.0956
vn 0.8254 0.5548 -0.1043
vn 0.8056 0.5607 -0.1913
vn 0.7480 0.6399 -0.1759
vn 0.7281 0.6389 -0.2485
vn 0.7803 0.5634 -0.2715
vn 0.7513 0.5618 -0.3463
vn 0.7025 0.6371 -0.3172
vn 0.7107 0.6324 -0.3081
vn 0.7612 0.5546 -0.3362
vn 0.8601 0.5044 -0.0764
vn 0.8123 0.5808 -0.0545
vn 0.1225 0.5100 -0.8514
vn 0.6224 0.6266 -0.4690
vn 0.1560 0.4448 -0.8819
vn 0.6706 0.5490 -0.4989
vn 0.3100 0.5000 -0.8087
vn 0.2736 0.5736 -0.7721
vn 0.4492 0.6104 -0.6524
vn 0.5033 0.6182 -0.6038
vn 0.4833 0.5319 -0.6954
vn 0.5425 0.5389 -0.6444
vn 0.4237 0.5239 -0.7390
vn 0.3954 0.6015 -0.6942
vn 0.3372 0.5926 -0.7315
vn 0.3601 0.5163 -0.7770
vn 0.2985 0.5096 -0.8070
vn 0.2805 0.5843 -0.7615
vn 0.2240 0.5776 -0.7850
vn 0.2385 0.5035 -0.8305
vn 0.1779 0.4980 -0.8487
vn 0.1681 0.5718 -0.8030
vn 0.1114 0.5673 -0.8160
vn 0.1165 0.4937 -0.8618
vn -0.0137 0.4111 -0.9115
vn 0.0533 0.4133 -0.9090
vn -0.0181 0.3327 -0.9429
vn 0.0531 0.3340 -0.9411
vn -0.0936 0.3308 -0.9390
vn -0.0841 0.4087 -0.9088
vn -0.1118 0.4078 -0.9062
vn -0.1269 0.3290 -0.9358
vn 0.0057 0.3263 -0.9453
vn 0.0244 0.4047 -0.9141
vn -0.5748 0.3641 -0.7328
vn -0.2530 0.3967 -0.8824
vn -0.5866 0.2913 -0.7557
vn -0.2676 0.3187 -0.9093
vn -0.5317 0.3002 -0.7919
vn -0.5137 0.3797 -0.7693
vn -0.5380 0.3804 -0.7523
vn -0.4556 0.3857 -0.8023
vn -0.5649 0.2955 -0.7704
vn -0.4827 0.3013 -0.8223
vn -0.6464 0.2896 -0.7059
vn -0.6187 0.3751 -0.6903
vn -0.6975 0.3689 -0.6143
vn -0.7251 0.2850 -0.6269
vn -0.7964 0.2785 -0.5369
vn -0.7683 0.3629 -0.5272
vn -0.8296 0.3546 -0.4314
vn -0.8562 0.2722 -0.4391
vn -0.9012 0.2693 -0.3396
vn -0.8772 0.3475 -0.3313
vn -0.9103 0.3432 -0.2313
vn -0.9333 0.2686 -0.2385
vn -0.9532 0.2695 -0.1371
vn -0.9308 0.3413 -0.1307
vn -0.9396 0.3408 -0.0326
vn -0.9614 0.2728 -0.0371
vn -0.9590 0.2772 0.0594
vn -0.9378 0.3420 0.0601
vn -0.9272 0.3443 0.1476
vn -0.9475 0.2824 0.1500
vn -0.9284 0.2884 0.2345
vn -0.9090 0.3481 0.2291
vn -0.8851 0.3524 0.3040
vn -0.9027 0.2954 0.3127
vn -0.8725 0.3023 0.3839
vn -0.8568 0.3573 0.3719
vn -0.8246 0.3632 0.4337
vn -0.8390 0.3086 0.4482
vn -0.8027 0.3146 0.5066
vn -0.7888 0.3695 0.4911
vn -0.7476 0.3774 0.5466
vn -0.7620 0.3208 0.5625
vn -0.7135 0.3289 0.6187
vn -0.6987 0.3867 0.6019
vn -0.6408 0.3958 0.6578
vn -0.6546 0.3358 0.6773
vn -0.5828 0.3388 0.7386
vn -0.5708 0.4026 0.7156
vn -0.4927 0.4043 0.7706
vn -0.5051 0.3367 0.7947
vn -0.4231 0.3331 0.8426
vn -0.4088 0.4019 0.8194
vn -0.3940 0.4023 0.8264
vn -0.4086 0.3336 0.8495
vn -0.6104 0.3335 0.7185
vn -0.5930 0.3934 0.7026
vn 0.3092 0.3111 0.8987
vn -0.2293 0.3935 0.8903
vn 0.2873 0.2378 0.9278
vn -0.2523 0.3229 0.9122
vn 0.1688 0.2729 0.9471
vn 0.1881 0.3512 0.9172
vn 0.1197 0.3824 0.9162
vn 0.0219 0.3868 0.9219
vn 0.1069 0.3011 0.9476
vn 0.0071 0.3076 0.9515
vn 0.2056 0.2953 0.9330
vn 0.2155 0.3779 0.9004
vn 0.3100 0.3737 0.8742
vn 0.3042 0.2898 0.9075
vn 0.3941 0.2862 0.8733
vn 0.3955 0.3705 0.8404
vn 0.4718 0.3701 0.8003
vn 0.4752 0.2854 0.8323
vn 0.5496 0.2881 0.7842
vn 0.5403 0.3731 0.7543
vn 0.6022 0.3794 0.7024
vn 0.6175 0.2942 0.7295
vn 0.6796 0.3016 0.6688
vn 0.6585 0.3887 0.6444
vn 0.7094 0.4000 0.5802
vn 0.7372 0.3121 0.5993
vn 0.7938 0.3198 0.5173
vn 0.7580 0.4119 0.5058
vn 0.8050 0.4189 0.4200
vn 0.8436 0.3264 0.4263
vn 0.8808 0.3346 0.3351
vn 0.8428 0.4253 0.3299
vn 0.8687 0.4326 0.2411
vn 0.9070 0.3429 0.2446
vn 0.9237 0.3506 0.1547
vn 0.8846 0.4402 0.1537
vn 0.8914 0.4484 0.0665
vn 0.9318 0.3570 0.0650
vn 0.9315 0.3628 -0.0249
vn 0.8896 0.4562 -0.0215
vn 0.8788 0.4642 -0.1111
vn 0.9224 0.3684 -0.1157
vn 0.9037 0.3741 -0.2081
vn 0.8590 0.4708 -0.2012
vn 0.8318 0.4758 -0.2859
vn 0.8774 0.3778 -0.2958
vn 0.8422 0.3798 -0.3827
vn 0.7976 0.4773 -0.3688
vn 0.8027 0.4717 -0.3649
vn 0.8439 0.3765 -0.3822
vn 0.9343 0.3376 -0.1142
vn 0.9001 0.4241 -0.1003
vn 0.1739 0.3743 -0.9109
vn 0.7018 0.4688 -0.5364
vn 0.1766 0.2995 -0.9376
vn 0.7307 0.3792 -0.5678
vn 0.3675 0.3370 -0.8668
vn 0.3457 0.4215 -0.8383
vn 0.5159 0.4478 -0.7303
vn 0.5802 0.4535 -0.6766
vn 0.5478 0.3585 -0.7559
vn 0.6149 0.3618 -0.7007
vn 0.4808 0.3548 -0.8019
vn 0.4522 0.4417 -0.7749
vn 0.3850 0.4362 -0.8133
vn 0.4100 0.3505 -0.8420
vn 0.3381 0.3453 -0.8755
vn 0.3190 0.4306 -0.8443
vn 0.2529 0.4247 -0.8693
vn 0.2672 0.3410 -0.9013
vn 0.1968 0.3376 -0.9205
vn 0.1875 0.4200 -0.8879
vn 0.1215 0.4162 -0.9011
vn 0.1262 0.3358 -0.9334
vn -0.0240 0.2534 -0.9671
vn 0.0524 0.2536 -0.9659
vn 0.0093 0.2144 -0.9767
vn -0.0433 0.2141 -0.9759
vn 0.0352 0.2130 -0.9764
vn -0.1151 0.1737 -0.9780
vn -0.1039 0.2520 -0.9621
vn -0.0668 0.1941 -0.9787
vn -0.1407 0.2500 -0.9580
vn -0.1555 0.1723 -0.9727
vn -0.0307 0.1672 -0.9854
vn -0.0128 0.2466 -0.9690
vn -0.6020 0.2196 -0.7677
vn -0.2861 0.2409 -0.9274
vn -0.6173 0.1510 -0.7721
vn -0.3082 0.1639 -0.9371
vn -0.5646 0.1525 -0.8111
vn -0.5495 0.2246 -0.8048
vn -0.5876 0.2137 -0.7804
vn -0.5045 0.2204 -0.8348
vn -0.6045 0.1362 -0.7848
vn -0.5236 0.1440 -0.8397
vn -0.6836 0.1330 -0.7176
vn -0.6675 0.2086 -0.7148
vn -0.7461 0.2046 -0.6337
vn -0.7619 0.1287 -0.6348
vn -0.8298 0.1259 -0.5437
vn -0.8170 0.1987 -0.5413
vn -0.8737 0.1965 -0.4450
vn -0.8848 0.1249 -0.4490
vn -0.9279 0.1257 -0.3510
vn -0.9174 0.1957 -0.3465
vn -0.9492 0.1970 -0.2454
vn -0.9594 0.1278 -0.2513
vn -0.9800 0.1314 -0.1491
vn -0.9692 0.2004 -0.1432
vn -0.9778 0.2052 -0.0418
vn -0.9896 0.1365 -0.0461
vn -0.9882 0.1432 0.0549
vn -0.9757 0.2115 0.0571
vn -0.9639 0.2188 0.1516
vn -0.9768 0.1508 0.1517
vn -0.9567 0.1600 0.2431
vn -0.9441 0.2269 0.2394
vn -0.9175 0.2355 0.3205
vn -0.9292 0.1690 0.3287
vn -0.8956 0.1785 0.4075
vn -0.8855 0.2440 0.3954
vn -0.8498 0.2514 0.4632
vn -0.8576 0.1868 0.4792
vn -0.8170 0.1930 0.5434
vn -0.8118 0.2575 0.5241
vn -0.7711 0.2624 0.5801
vn -0.7748 0.1975 0.6006
vn -0.7264 0.2011 0.6572
vn -0.7227 0.2681 0.6370
vn -0.6627 0.2731 0.6973
vn -0.6669 0.2044 0.7166
vn -0.5958 0.2024 0.7772
vn -0.5909 0.2732 0.7591
vn -0.5150 0.2693 0.8138
vn -0.5220 0.1974 0.8298
vn -0.4427 0.1906 0.8762
vn -0.4346 0.2643 0.8610
vn -0.4210 0.2638 0.8679
vn -0.4300 0.1888 0.8829
vn -0.6441 0.2028 0.7376
vn -0.6263 0.2714 0.7308
vn 0.2711 0.1672 0.9479
vn -0.2758 0.2516 0.9277
vn 0.2623 0.0989 0.9599
vn -0.2889 0.1761 0.9410
vn 0.1446 0.1221 0.9819
vn 0.1536 0.1969 0.9683
vn 0.0948 0.2214 0.9706
vn -0.0057 0.2291 0.9734
vn 0.0829 0.1434 0.9862
vn -0.0164 0.1507 0.9884
vn 0.1829 0.1372 0.9735
vn 0.1947 0.2146 0.9571
vn 0.2953 0.2086 0.9324
vn 0.2840 0.1322 0.9497
vn 0.3787 0.1290 0.9165
vn 0.3882 0.2050 0.8985
vn 0.4733 0.2042 0.8569
vn 0.4673 0.1285 0.8747
vn 0.5508 0.1296 0.8245
vn 0.5526 0.2054 0.8077
vn 0.6274 0.2106 0.7497
vn 0.6306 0.1326 0.7647
vn 0.7049 0.1375 0.6958
vn 0.6953 0.2169 0.6852
vn 0.7591 0.2244 0.6111
vn 0.7726 0.1428 0.6186
vn 0.8329 0.1503 0.5326
vn 0.8194 0.2307 0.5247
vn 0.8680 0.2406 0.4344
vn 0.8827 0.1596 0.4421
vn 0.8980 0.2036 0.3900
vn 0.9138 0.2072 0.3495
vn 0.9060 0.2496 0.3419
vn 0.8975 0.1961 0.3950
vn 0.9337 0.2576 0.2487
vn 0.9313 0.2121 0.2962
vn 0.9428 0.2152 0.2547
vn 0.9547 0.2183 0.2024
vn 0.9621 0.2205 0.1603
vn 0.9520 0.2637 0.1554
vn 0.9615 0.2677 0.0625
vn 0.9690 0.2223 0.1078
vn 0.9724 0.2239 0.0656
vn 0.9745 0.2240 0.0151
vn 0.9740 0.2248 -0.0271
vn 0.9623 0.2703 -0.0292
vn 0.9546 0.2722 -0.1210
vn 0.9715 0.2242 -0.0771
vn 0.9671 0.2247 -0.1197
vn 0.9513 0.2237 -0.2119
vn 0.9376 0.2741 -0.2139
vn 0.9600 0.2235 -0.1688
vn 0.9126 0.2756 -0.3020
vn 0.9270 0.2241 -0.3008
vn 0.9389 0.2234 -0.2619
vn 0.9123 0.2235 -0.3432
vn 0.8948 0.2241 -0.3862
vn 0.8786 0.2769 -0.3890
vn 0.8403 0.3285 -0.4313
vn 0.8624 0.3257 -0.3876
vn 0.8416 0.3224 -0.4334
vn -0.2705 0.9316 0.2427
vn 0.8845 0.3210 -0.3384
vn 0.9494 0.2919 -0.1157
vn 0.2146 0.2697 -0.9387
vn 0.1828 0.2636 -0.9471
vn 0.7559 0.3326 -0.5638
vn 0.1553 0.2550 -0.9544
vn 0.3718 0.2921 -0.8812
vn 0.5942 0.3132 -0.7409
vn 0.5645 0.3117 -0.7643
vn 0.6286 0.3155 -0.7109
vn 0.5300 0.3115 -0.7887
vn 0.4942 0.3106 -0.8120
vn 0.4580 0.3082 -0.8338
vn 0.4213 0.3063 -0.8536
vn 0.3837 0.3037 -0.8721
vn 0.3468 0.3018 -0.8880
vn 0.3093 0.2998 -0.9025
vn 0.2732 0.2982 -0.9146
vn 0.2368 0.2970 -0.9250
vn 0.2003 0.2959 -0.9340
vn -0.1631 -0.2961 0.9411
vn 0.1148 0.2943 -0.9488
vn 0.1643 0.3035 -0.9386
vn 0.0921 0.2760 -0.9567
vn -0.1417 0.1348 -0.9807
vn -0.1698 0.0944 -0.9810
vn -0.1703 0.1146 -0.9787
vn -0.1761 0.0562 -0.9828
vn -0.1711 0.0535 -0.9838
vn 0.0041 0.0495 -0.9988
vn -0.0468 0.0896 -0.9949
vn -0.6294 0.0844 -0.7725
vn -0.3243 0.0894 -0.9417
vn -0.6412 0.0179 -0.7672
vn -0.3394 0.0151 -0.9405
vn -0.5906 0.0141 -0.8069
vn -0.5787 0.0826 -0.8114
vn -0.6178 0.0646 -0.7836
vn -0.5398 0.0717 -0.8388
vn -0.6275 -0.0022 -0.7786
vn -0.5523 0.0038 -0.8336
vn -0.7020 -0.0047 -0.7121
vn -0.6950 0.0610 -0.7164
vn -0.7714 0.0591 -0.6336
vn -0.7762 -0.0061 -0.6305
vn -0.8406 -0.0069 -0.5417
vn -0.8375 0.0579 -0.5433
vn -0.8909 0.0570 -0.4506
vn -0.8925 -0.0078 -0.4511
vn -0.9338 -0.0088 -0.3576
vn -0.9330 0.0581 -0.3553
vn -0.9648 0.0597 -0.2559
vn -0.9656 -0.0098 -0.2598
vn -0.9873 -0.0105 -0.1585
vn -0.9861 0.0617 -0.1540
vn -0.9966 0.0652 -0.0508
vn -0.9984 -0.0103 -0.0551
vn -0.9988 -0.0085 0.0486
vn -0.9962 0.0703 0.0520
vn -0.9854 0.0768 0.1517
vn -0.9885 -0.0049 0.1510
vn -0.9683 0.0005 0.2500
vn -0.9653 0.0845 0.2470
vn -0.9370 0.0934 0.3366
vn -0.9391 0.0076 0.3434
vn -0.9023 0.0153 0.4308
vn -0.9019 0.1026 0.4196
vn -0.8613 0.1111 0.4958
vn -0.8590 0.0230 0.5115
vn -0.8120 0.0295 0.5830
vn -0.8177 0.1177 0.5636
vn -0.7730 0.1220 0.6226
vn -0.7643 0.0339 0.6440
vn -0.7135 0.0361 0.6997
vn -0.7239 0.1249 0.6785
vn -0.6654 0.1261 0.7357
vn -0.6566 0.0364 0.7534
vn -0.5916 0.0319 0.8056
vn -0.5966 0.1225 0.7931
vn -0.5251 0.1166 0.8430
vn -0.5230 0.0255 0.8520
vn -0.4455 0.0183 0.8951
vn -0.4462 0.1086 0.8883
vn -0.4364 0.1065 0.8934
vn -0.4381 0.0163 0.8988
vn -0.6686 0.0337 0.7429
vn -0.6555 0.1230 0.7451
vn 0.2567 0.0324 0.9659
vn -0.3084 0.0954 0.9465
vn 0.2536 -0.0321 0.9668
vn -0.3109 0.0077 0.9504
vn 0.1324 -0.0234 0.9909
vn 0.1387 0.0492 0.9891
vn 0.0711 0.0667 0.9952
vn -0.0270 0.0722 0.9970
vn 0.0588 -0.0094 0.9982
vn -0.0365 -0.0076 0.9993
vn 0.1558 -0.0098 0.9877
vn 0.1698 0.0631 0.9835
vn 0.2714 0.0602 0.9606
vn 0.2565 -0.0086 0.9665
vn 0.3558 -0.0089 0.9345
vn 0.3674 0.0591 0.9282
vn 0.4594 0.0571 0.8864
vn 0.4343 0.0254 0.9004
vn 0.4094 0.0238 0.9120
vn 0.4050 0.0060 0.9143
vn -0.6182 0.7520 0.2286
vn 0.5032 0.0730 0.8611
vn 0.5920 0.0942 0.8004
vn 0.6261 0.0948 0.7739
vn 0.5436 0.0931 0.8342
vn 0.7039 0.0984 0.7034
vn 0.6725 0.0970 0.7337
vn 0.7728 0.1021 0.6264
vn 0.7448 0.1006 0.6596
vn 0.8341 0.1100 0.5405
vn 0.8097 0.1072 0.5770
vn 0.8851 0.1189 0.4500
vn 0.8648 0.1158 0.4886
vn -0.9103 -0.1279 -0.3936
vn 0.9096 0.1248 0.3963
vn -0.6176 -0.0157 -0.7863
vn -0.6590 -0.0147 -0.7520
vn -0.4825 -0.0181 -0.8757
vn -0.6687 -0.0175 -0.7433
vn -0.5750 -0.0204 -0.8179
vn -0.6698 -0.0180 -0.7423
vn -0.6331 -0.0667 -0.7712
vn -0.5596 -0.0636 -0.8263
vn -0.5979 -0.0981 -0.7955
vn -0.6411 -0.0974 -0.7612
vn -0.5708 -0.0955 -0.8155
vn -0.6658 -0.1002 -0.7394
vn -0.7137 -0.0991 -0.6934
vn -0.7058 -0.0679 -0.7052
vn -0.7775 -0.0690 -0.6251
vn -0.7409 -0.1017 -0.6639
vn -0.7839 -0.1006 -0.6127
vn -0.8353 -0.1368 -0.5325
vn -0.8397 -0.0707 -0.5385
vn -0.8102 -0.1047 -0.5767
vn -0.8904 -0.0727 -0.4494
vn -0.8840 -0.1419 -0.4454
vn -0.9229 -0.1494 -0.3548
vn -0.9306 -0.0770 -0.3578
vn -0.9616 -0.0817 -0.2618
vn -0.9522 -0.1585 -0.2611
vn -0.9722 -0.1682 -0.1629
vn -0.9830 -0.0866 -0.1619
vn -0.9941 -0.0907 -0.0588
vn -0.9821 -0.1780 -0.0608
vn -0.9816 -0.1860 0.0435
vn -0.9946 -0.0936 0.0458
vn -0.9842 -0.0945 0.1497
vn -0.9703 -0.1916 0.1480
vn -0.9484 -0.1937 0.2511
vn -0.9633 -0.0927 0.2519
vn -0.9329 -0.0881 0.3492
vn -0.9159 -0.1934 0.3517
vn -0.8740 -0.1901 0.4471
vn -0.8940 -0.0829 0.4404
vn -0.8476 -0.0771 0.5251
vn -0.8258 -0.1852 0.5327
vn -0.7726 -0.1799 0.6088
vn -0.7975 -0.0703 0.5992
vn -0.7463 -0.0659 0.6624
vn -0.7184 -0.1743 0.6734
vn -0.6650 -0.1688 0.7275
vn -0.6937 -0.0634 0.7175
vn -0.6394 -0.0633 0.7663
vn -0.6126 -0.1692 0.7721
vn -0.5584 -0.1728 0.8114
vn -0.5794 -0.0676 0.8123
vn -0.5156 -0.0740 0.8537
vn -0.5015 -0.1772 0.8468
vn -0.4335 -0.1814 0.8827
vn -0.4411 -0.0792 0.8939
vn -0.4370 -0.0803 0.8958
vn -0.4318 -0.1813 0.8836
vn -0.6725 -0.1660 0.7212
vn -0.6703 -0.0643 0.7393
vn 0.2529 -0.0963 0.9627
vn -0.3238 -0.0841 0.9424
vn 0.2518 -0.1616 0.9542
vn -0.3182 -0.1795 0.9309
vn 0.1256 -0.1702 0.9774
vn 0.1306 -0.0966 0.9867
vn 0.0451 -0.0861 0.9953
vn -0.0474 -0.0886 0.9949
vn 0.0286 -0.1631 0.9862
vn -0.0598 -0.1698 0.9837
vn 0.1229 -0.1562 0.9801
vn 0.1393 -0.0815 0.9869
vn 0.2413 -0.0788 0.9673
vn 0.2116 -0.1130 0.9708
vn 0.1823 -0.1160 0.9764
vn 0.1756 -0.1364 0.9750
vn 0.2936 -0.0622 0.9539
vn 0.3273 -0.0408 0.9440
vn 0.2996 -0.0432 0.9531
vn -0.8368 -0.1692 -0.5208
vn -0.8545 -0.1751 -0.4890
vn -0.8825 -0.1771 -0.4356
vn -0.8971 -0.1831 -0.4020
vn -0.9194 -0.1858 -0.3465
vn -0.9302 -0.1932 -0.3120
vn -0.9468 -0.1969 -0.2545
vn -0.9543 -0.2049 -0.2176
vn -0.9651 -0.2090 -0.1575
vn -0.9690 -0.2173 -0.1178
vn -0.9734 -0.2218 -0.0576
vn -0.9734 -0.2285 -0.0141
vn -0.9716 -0.2324 0.0455
vn -0.9671 -0.2376 0.0911
vn -0.9591 -0.2407 0.1488
vn -0.9487 -0.2458 0.1987
vn -0.9027 -0.3529 0.2460
vn -0.9211 -0.2999 0.2483
vn -0.8866 -0.3030 0.3496
vn -0.8866 -0.3549 0.2967
vn -0.8670 -0.3572 0.3474
vn -0.8462 -0.3569 0.3957
vn -0.8222 -0.3577 0.4428
vn -0.8432 -0.3017 0.4450
vn -0.7919 -0.2974 0.5333
vn -0.7966 -0.3554 0.4891
vn -0.7696 -0.3548 0.5308
vn -0.7406 -0.3507 0.5732
vn -0.7158 -0.3491 0.6047
vn -0.7373 -0.2919 0.6093
vn -0.6837 -0.2846 0.6720
vn -0.6874 -0.3419 0.6408
vn -0.6604 -0.3387 0.6702
vn -0.6335 -0.3372 0.6964
vn -0.6084 -0.3363 0.7189
vn -0.6279 -0.2790 0.7265
vn -0.5764 -0.2745 0.7697
vn -0.5398 -0.3755 0.7534
vn -0.5797 -0.3405 0.7403
vn -0.4958 -0.3751 0.7832
vn -0.5310 -0.2780 0.8005
vn -0.4816 -0.2800 0.8304
vn -0.4583 -0.3770 0.8049
vn -0.4067 -0.3757 0.8328
vn -0.4208 -0.2818 0.8623
vn -0.4274 -0.2808 0.8594
vn -0.3788 -0.3283 0.8653
vn -0.4216 -0.3297 0.8447
vn -0.3800 -0.3343 0.8625
vn -0.4662 -0.3276 0.8218
vn -0.6409 -0.3147 0.7001
vn -0.6640 -0.2662 0.6987
vn 0.2490 -0.2269 0.9416
vn -0.3228 -0.2740 0.9059
vn 0.2189 -0.2641 0.9393
vn 0.2472 -0.2591 0.9337
vn -0.3505 -0.3250 0.8784
vn 0.2773 -0.2540 0.9266
vn 0.1236 -0.2806 0.9518
vn 0.1185 -0.2449 0.9623
vn 0.0058 -0.2042 0.9789
vn -0.0208 -0.2082 0.9779
vn -0.0738 -0.2534 0.9646
vn -0.0271 -0.2292 0.9730
vn -0.6182 0.7520 0.2288
vn -0.0440 -0.2933 0.9550
vn -0.0920 -0.2957 0.9508
vn 0.0944 -0.1942 0.9764
vn 0.0633 -0.1988 0.9780
vn -0.6183 0.7521 0.2284
vn -0.5191 -0.4275 0.7401
vn -0.4954 -0.4231 0.7587
vn -0.4770 -0.4208 0.7716
vn -0.4624 -0.4230 0.7793
vn -0.4463 -0.4237 0.7882
vn -0.4004 -0.4217 0.8135
vn -0.4274 -0.4228 0.7991
vn -0.2231 0.9566 0.1873
vn 0.5654 0.7495 0.3443
vn 0.6300 0.7039 0.3281
vn 0.6916 0.6701 0.2694
vn 0.7279 0.6530 0.2092
vn 0.7615 0.6248 0.1723
vn 0.8052 0.5757 0.1420
vn 0.8506 0.5126 0.1169
vn 0.8909 0.4442 0.0949
vn 0.9251 0.3718 0.0772
vn 0.9534 0.2941 0.0681
vn 0.9644 0.2634 0.0240
vn 0.9652 0.2538 0.0635
vn 0.9625 0.2509 0.1033
vn 0.1098 0.8970 -0.4281
vn 0.1698 0.8757 -0.4520
vn 0.2650 0.8389 -0.4753
vn 0.3495 0.8010 -0.4860
vn 0.4016 0.7546 -0.5190
vn 0.4445 0.6926 -0.5681
vn 0.4901 0.6208 -0.6119
vn 0.5331 0.5416 -0.6500
vn 0.5737 0.4553 -0.6808
vn 0.6093 0.3650 -0.7039
vn 0.6621 0.3218 -0.6769
vn 0.6243 0.3180 -0.7136
vn -0.6675 -0.3093 0.6774
vn 0.5842 0.3171 -0.7471
vn -0.2761 0.9243 -0.2636
vn -0.2752 0.8891 -0.3656
vn -0.2780 0.8323 -0.4796
vn -0.2812 0.7705 -0.5720
vn -0.3018 0.7068 -0.6398
vn -0.3312 0.6366 -0.6964
vn -0.3614 0.5569 -0.7478
vn -0.3897 0.4732 -0.7901
vn -0.4160 0.3897 -0.8217
vn -0.4395 0.3072 -0.8441
vn -0.4604 0.2272 -0.8582
vn -0.4795 0.1516 -0.8644
vn -0.4957 0.0789 -0.8649
vn -0.5094 0.0090 -0.8605
vn -0.5189 -0.0381 -0.8540
vn -0.2225 0.9569 0.1865
vn -0.5149 -0.0284 -0.8568
vn -0.5134 -0.0263 -0.8578
vn -0.2226 0.9569 0.1863
vn 0.4069 0.7825 -0.4712
vn 0.3646 0.7603 -0.5376
vn 0.2964 0.7321 -0.6133
vn 0.2312 0.7014 -0.6742
vn 0.1977 0.6580 -0.7266
vn 0.1723 0.6005 -0.7809
vn 0.1497 0.5342 -0.8320
vn 0.1298 0.4658 -0.8753
vn 0.1084 0.3932 -0.9130
vn 0.0879 0.3158 -0.9447
vn 0.0667 0.2376 -0.9691
vn 0.0460 0.1601 -0.9860
vn -0.6182 0.7520 0.2285
vn 0.0025 0.0469 -0.9989
vn 0.0277 0.0844 -0.9960
vn -0.0298 0.0277 -0.9992
vn -0.0251 0.0463 -0.9986
vn -0.6179 0.7518 0.2302
vn -0.6199 0.7618 0.1883
vn -0.6058 0.7420 0.2871
vn -0.6140 0.6966 0.3711
vn -0.6310 0.6493 0.4246
vn -0.6485 0.5975 0.4715
vn -0.6687 0.5350 0.5163
vn -0.6802 0.4778 0.5559
vn -0.6922 0.4243 0.5838
vn -0.7055 0.3740 0.6020
vn -0.7229 0.3227 0.6110
vn -0.7419 0.2681 0.6146
vn -0.7591 0.2044 0.6181
vn -0.7759 0.1303 0.6173
vn -0.7876 0.0450 0.6146
vn -0.7957 -0.0474 0.6038
vn -0.7961 -0.1444 0.5877
vn -0.8153 -0.2815 0.5060
vn -0.7912 -0.2837 0.5418
vn -0.7921 -0.2402 0.5611
vn -0.7547 -0.2927 0.5871
vn 0.2723 0.8977 0.3464
vn 0.2214 0.8722 0.4362
vn 0.1558 0.8231 0.5461
vn 0.0956 0.7675 0.6339
vn 0.0697 0.7049 0.7059
vn 0.0555 0.6320 0.7730
vn 0.0379 0.5500 0.8343
vn 0.0171 0.4663 0.8844
vn -0.0028 0.3855 0.9227
vn -0.0195 0.3072 0.9515
vn -0.0328 0.2295 0.9728
vn -0.0427 0.1512 0.9876
vn -0.0512 0.0719 0.9961
vn -0.0579 -0.0091 0.9983
vn -0.0652 -0.0916 0.9937
vn -0.0730 -0.1754 0.9818
vn -0.0551 -0.3021 0.9517
vn -0.0857 -0.3016 0.9496
vn -0.0839 -0.2600 0.9620
vn -0.1247 -0.3071 0.9435
vn -0.5110 -0.0952 -0.8543
vn 0.4943 0.1018 0.8633
vn -0.0607 -0.9982 -0.0006
vn -0.0451 -0.9972 0.0595
vn -0.1349 -0.9652 0.2243
vn -0.1026 -0.9918 0.0758
vn -0.1719 -0.9289 0.3281
vn -0.1458 -0.9484 0.2814
vn -0.1826 -0.9391 0.2910
vn -0.1067 -0.9930 0.0512
vn -0.0939 -0.9773 0.1898
vn -0.2865 -0.8853 0.3664
vn 0.4555 -0.8850 0.0960
vn 0.1154 -0.9158 0.3846
vn -0.4573 -0.8347 0.3069
vn -0.0430 -0.9977 0.0523
vn 0.1005 -0.9902 0.0975
vn -0.1849 -0.9243 0.3338
vn 0.3518 -0.9288 0.1165
vn 0.1899 -0.9243 0.3311
vn 0.2081 -0.9692 0.1320
vn -0.0092 -0.9995 0.0291
vn 0.1480 -0.9841 0.0982
vn 0.2230 -0.9589 0.1753
vn 0.1545 -0.9746 0.1619
vn -0.0179 -0.9993 0.0342
vn 0.1285 -0.9854 0.1119
vn 0.1928 -0.9625 0.1908
vn 0.1558 -0.9757 0.1538
vn -0.0178 -0.9994 0.0310
vn 0.1362 -0.9861 0.0954
vn 0.2150 -0.9641 0.1560
vn 0.1818 -0.9772 0.1096
vn -0.0116 -0.9998 0.0153
vn 0.1519 -0.9868 0.0564
vn 0.2456 -0.9651 0.0911
vn 0.2058 -0.9775 0.0468
vn -0.0058 -1.0000 -0.0078
vn 0.1640 -0.9865 0.0034
vn 0.2664 -0.9638 0.0105
vn 0.2192 -0.9754 -0.0252
vn -0.0034 -0.9997 -0.0231
vn 0.1673 -0.9847 -0.0495
vn 0.2718 -0.9599 -0.0684
vn 0.2193 -0.9720 -0.0841
vn -0.0012 -0.9997 -0.0246
vn 0.1618 -0.9830 -0.0869
vn 0.2642 -0.9565 -0.1241
vn 0.2107 -0.9701 -0.1203
vn 0.0029 -0.9998 -0.0191
vn 0.1517 -0.9826 -0.1073
vn 0.2496 -0.9553 -0.1584
vn 0.1977 -0.9699 -0.1420
vn 0.0046 -0.9998 -0.0177
vn 0.1395 -0.9833 -0.1167
vn 0.2298 -0.9563 -0.1810
vn 0.1781 -0.9711 -0.1592
vn -0.0100 -0.9996 -0.0275
vn 0.1263 -0.9846 -0.1210
vn 0.2069 -0.9584 -0.1969
vn 0.1621 -0.9722 -0.1687
vn -0.0981 -0.9934 -0.0595
vn 0.1235 -0.9852 -0.1188
vn 0.2143 -0.9569 -0.1962
vn 0.1809 -0.9692 -0.1671
vn -0.1289 -0.9908 -0.0404
vn 0.0502 -0.9906 -0.1275
vn 0.3143 -0.9322 -0.1796
vn -0.0269 -0.9635 -0.2663
vn 0.2133 -0.9217 -0.3241
vn -0.1240 -0.9763 -0.1776
vn -0.0981 -0.9932 -0.0622
vn -0.1864 -0.9681 -0.1675
vn -0.0616 -0.9562 -0.2861
vn -0.3730 -0.8850 -0.2787
vn -0.1951 -0.8999 -0.3899
vn -0.2606 -0.9362 -0.2359
vn -0.1255 -0.9901 -0.0634
vn -0.2040 -0.9607 -0.1882
vn -0.2440 -0.9292 -0.2775
vn -0.1821 -0.9536 -0.2397
vn -0.0874 -0.9935 -0.0731
vn -0.1510 -0.9687 -0.1968
vn -0.1701 -0.9432 -0.2854
vn -0.1378 -0.9595 -0.2458
vn -0.0621 -0.9946 -0.0833
vn -0.1267 -0.9717 -0.1994
vn -0.1526 -0.9474 -0.2813
vn -0.1402 -0.9622 -0.2335
vn -0.0666 -0.9948 -0.0769
vn -0.1358 -0.9736 -0.1834
vn -0.1806 -0.9514 -0.2493
vn -0.1756 -0.9652 -0.1939
vn -0.0844 -0.9949 -0.0553
vn -0.1651 -0.9753 -0.1469
vn -0.2279 -0.9549 -0.1905
vn -0.2165 -0.9666 -0.1373
vn -0.0956 -0.9948 -0.0366
vn -0.1934 -0.9755 -0.1047
vn -0.2651 -0.9557 -0.1275
vn -0.2419 -0.9665 -0.0862
vn -0.0999 -0.9946 -0.0264
vn -0.2107 -0.9751 -0.0690
vn -0.2855 -0.9556 -0.0726
vn -0.2553 -0.9660 -0.0410
vn -0.1029 -0.9945 -0.0200
vn -0.2208 -0.9746 -0.0382
vn -0.2955 -0.9551 -0.0212
vn -0.2615 -0.9652 0.0010
vn -0.1071 -0.9940 -0.0222
vn -0.2272 -0.9737 -0.0196
vn -0.2997 -0.9539 0.0136
vn -0.2676 -0.9635 0.0082
vn -0.1000 -0.9950 -0.0055
vn -0.2418 -0.9692 -0.0471
vn -0.3188 -0.9476 -0.0188
vn -0.3023 -0.9514 -0.0588
vn -0.0619 -0.9980 -0.0084
vn -0.2397 -0.9688 -0.0629
vn -0.4082 -0.8972 -0.1689
vn 0.1333 0.3873 -0.9123
vn -0.4624 -0.8812 -0.0979
vn 0.0833 0.9851 -0.1503
vn -0.0313 -0.9942 0.1031
vn -0.0360 -0.9699 0.2409
vn -0.3847 -0.7281 -0.5673
vn 0.0217 -0.8799 0.4747
vn -0.0928 -0.8816 0.4628
vn -0.0403 -0.9366 0.3480
vn -0.0374 -0.9940 0.1031
vn -0.0488 -0.9620 0.2686
vn -0.0896 -0.9308 0.3545
vn -0.1110 -0.9506 0.2899
vn -0.0689 -0.9941 0.0842
vn -0.0948 -0.9656 0.2423
vn -0.1438 -0.9356 0.3226
vn -0.1396 -0.9502 0.2788
vn -0.0954 -0.9925 0.0766
vn -0.1048 -0.9657 0.2376
vn -0.1525 -0.9337 0.3240
vn -0.1417 -0.9492 0.2811
vn -0.1104 -0.9667 0.2308
vn -0.1500 -0.9333 0.3263
vn -0.1622 -0.8873 0.4316
vn -0.1546 -0.8951 0.4182
vn -0.1407 -0.8439 0.5177
vn -0.1472 -0.8483 0.5086
vn -0.1868 -0.8817 0.4333
vn -0.1455 -0.8372 0.5272
vn -0.2443 -0.8495 0.4677
vn -0.1669 -0.8206 0.5466
vn -0.2859 -0.8123 0.5084
vn -0.1914 -0.8002 0.5684
vn 0.1361 -0.9006 0.4128
vn -0.2923 -0.8397 0.4577
vn 0.3024 -0.8371 0.4559
vn 0.0368 -0.8345 0.5497
vn 0.4102 -0.8632 0.2942
vn 0.4014 -0.8267 0.3942
vn 0.2812 -0.9195 0.2746
vn 0.3190 -0.9134 0.2530
vn 0.3119 -0.8733 0.3744
vn 0.3425 -0.8626 0.3724
vn 0.2529 -0.9286 0.2714
vn 0.3004 -0.8823 0.3624
vn 0.2616 -0.9279 0.2657
vn 0.3120 -0.8883 0.3371
vn 0.2692 -0.9338 0.2355
vn 0.3338 -0.8950 0.2960
vn 0.2987 -0.9321 0.2047
vn 0.3631 -0.8981 0.2480
vn 0.3117 -0.9365 0.1607
vn 0.3888 -0.9004 0.1953
vn 0.3395 -0.9331 0.1186
vn 0.4149 -0.8989 0.1408
vn 0.3461 -0.9357 0.0679
vn 0.4345 -0.8970 0.0811
vn 0.3669 -0.9301 0.0160
vn 0.4522 -0.8917 0.0176
vn 0.3642 -0.9306 -0.0365
vn 0.4596 -0.8869 -0.0465
vn 0.3750 -0.9230 -0.0859
vn 0.4627 -0.8803 -0.1046
vn 0.3630 -0.9235 -0.1238
vn 0.4565 -0.8766 -0.1524
vn 0.3660 -0.9169 -0.1594
vn 0.4496 -0.8722 -0.1929
vn 0.3489 -0.9192 -0.1824
vn 0.4372 -0.8705 -0.2262
vn 0.3478 -0.9139 -0.2092
vn 0.4265 -0.8676 -0.2555
vn 0.3281 -0.9180 -0.2227
vn 0.4115 -0.8677 -0.2787
vn 0.3219 -0.9144 -0.2454
vn 0.3966 -0.8668 -0.3023
vn 0.2972 -0.9199 -0.2557
vn 0.3744 -0.8687 -0.3242
vn 0.2878 -0.9169 -0.2766
vn 0.3527 -0.8686 -0.3481
vn 0.2707 -0.9212 -0.2795
vn 0.3333 -0.8691 -0.3656
vn 0.2851 -0.9134 -0.2907
vn 0.3302 -0.8640 -0.3802
vn 0.3090 -0.9082 -0.2821
vn 0.3444 -0.8552 -0.3874
vn 0.3795 -0.8779 -0.2922
vn 0.3714 -0.8368 -0.4023
vn 0.3525 -0.8665 -0.3535
vn 0.3504 -0.8270 -0.4397
vn -0.1538 -0.8864 -0.4366
vn -0.0412 -0.9200 -0.3898
vn -0.1816 -0.8221 -0.5396
vn 0.0080 -0.8494 -0.5277
vn -0.3260 -0.8326 -0.4479
vn -0.2914 -0.7996 -0.5251
vn -0.2452 -0.8904 -0.3835
vn -0.2994 -0.8771 -0.3756
vn -0.2262 -0.8485 -0.4784
vn -0.2694 -0.8335 -0.4824
vn -0.1999 -0.9049 -0.3756
vn -0.1930 -0.8593 -0.4737
vn -0.1763 -0.9060 -0.3848
vn -0.1765 -0.8639 -0.4718
vn -0.1644 -0.9130 -0.3733
vn -0.1772 -0.8686 -0.4628
vn -0.1748 -0.9120 -0.3711
vn -0.1956 -0.8713 -0.4500
vn -0.1905 -0.9190 -0.3453
vn -0.2255 -0.8764 -0.4256
vn -0.2236 -0.9192 -0.3242
vn -0.2654 -0.8801 -0.3936
vn -0.2507 -0.9260 -0.2823
vn -0.3072 -0.8853 -0.3490
vn -0.2883 -0.9252 -0.2467
vn -0.3483 -0.8879 -0.3006
vn -0.3087 -0.9298 -0.2004
vn -0.3788 -0.8911 -0.2500
vn -0.3351 -0.9276 -0.1650
vn -0.4024 -0.8926 -0.2033
vn -0.3424 -0.9312 -0.1251
vn -0.4165 -0.8955 -0.1572
vn -0.3593 -0.9287 -0.0919
vn -0.4280 -0.8967 -0.1127
vn -0.3591 -0.9317 -0.0547
vn -0.4331 -0.8989 -0.0669
vn -0.3703 -0.9287 -0.0199
vn -0.4372 -0.8991 -0.0213
vn -0.3649 -0.9310 0.0135
vn -0.4355 -0.8999 0.0219
vn -0.3728 -0.9272 0.0371
vn -0.4350 -0.8987 0.0561
vn -0.3700 -0.9281 0.0416
vn -0.4356 -0.8972 0.0730
vn -0.3915 -0.9199 0.0227
vn -0.4484 -0.8914 0.0662
vn -0.4130 -0.9103 -0.0262
vn -0.4727 -0.8806 0.0321
vn -0.4762 -0.8723 -0.1108
vn -0.5179 -0.8548 -0.0342
vn -0.5557 -0.7953 -0.2425
vn -0.5820 -0.7967 -0.1630
vn 0.5953 0.0256 0.8031
vn 0.2450 0.9437 -0.2225
vn 0.2157 -0.5633 0.7976
vn -0.4432 -0.8818 0.1615
vn 0.0229 -0.7864 0.6172
vn -0.0336 -0.7769 0.6287
vn -0.1364 -0.8928 0.4293
vn -0.0926 -0.8835 0.4591
vn -0.1769 -0.8570 0.4840
vn -0.1470 -0.8475 0.5100
vn -0.1596 -0.9009 0.4037
vn -0.1923 -0.8605 0.4717
vn -0.1753 -0.8967 0.4065
vn -0.1968 -0.8585 0.4736
vn -0.1744 -0.8990 0.4018
vn -0.1913 -0.8565 0.4793
vn -0.1718 -0.8934 0.4151
vn -0.1819 -0.8529 0.4893
vn -0.1631 -0.8965 0.4119
vn -0.1701 -0.8517 0.4956
vn -0.1581 -0.8919 0.4238
vn -0.1584 -0.8492 0.5038
vn -0.1137 -0.7963 0.5941
vn -0.1332 -0.8012 0.5834
vn -0.0874 -0.7449 0.6614
vn -0.1148 -0.7504 0.6509
vn -0.1009 -0.7898 0.6050
vn -0.0653 -0.7387 0.6709
vn -0.0991 -0.7795 0.6185
vn -0.0491 -0.7311 0.6805
vn -0.0951 -0.7680 0.6334
vn -0.0262 -0.7232 0.6901
vn 0.3003 -0.7776 0.5524
vn 0.1249 -0.7757 0.6186
vn 0.2947 -0.7215 0.6266
vn 0.1662 -0.7205 0.6732
vn 0.3743 -0.7799 0.5016
vn 0.3592 -0.7258 0.5866
vn 0.3321 -0.8185 0.4687
vn 0.3496 -0.8074 0.4752
vn 0.3560 -0.7558 0.5496
vn 0.3624 -0.7464 0.5582
vn 0.3316 -0.8290 0.4504
vn 0.3623 -0.7658 0.5313
vn 0.3502 -0.8399 0.4147
vn 0.3864 -0.7785 0.4947
vn 0.3813 -0.8513 0.3603
vn 0.4276 -0.7933 0.4334
vn 0.4185 -0.8592 0.2944
vn 0.4798 -0.8050 0.3489
vn 0.4552 -0.8616 0.2248
vn 0.5326 -0.8073 0.2544
vn 0.4896 -0.8580 0.1553
vn 0.5790 -0.7990 0.1625
vn 0.5187 -0.8509 0.0839
vn 0.6136 -0.7858 0.0771
vn 0.5401 -0.8415 0.0111
vn 0.6347 -0.7727 -0.0008
vn 0.5500 -0.8331 -0.0593
vn 0.6426 -0.7628 -0.0720
vn 0.5502 -0.8261 -0.1221
vn 0.6396 -0.7566 -0.1362
vn 0.5421 -0.8217 -0.1758
vn 0.6287 -0.7529 -0.1946
vn 0.5298 -0.8183 -0.2229
vn 0.6116 -0.7512 -0.2483
vn 0.5136 -0.8163 -0.2642
vn 0.5909 -0.7505 -0.2960
vn 0.4965 -0.8149 -0.2989
vn 0.5680 -0.7506 -0.3377
vn 0.4784 -0.8145 -0.3281
vn 0.5436 -0.7515 -0.3739
vn 0.4587 -0.8143 -0.3558
vn 0.5167 -0.7530 -0.4074
vn 0.4337 -0.8148 -0.3847
vn 0.4853 -0.7543 -0.4422
vn 0.4050 -0.8148 -0.4149
vn 0.4494 -0.7546 -0.4781
vn 0.3781 -0.8136 -0.4417
vn 0.4149 -0.7530 -0.5108
vn 0.3626 -0.8090 -0.4626
vn 0.3897 -0.7487 -0.5363
vn 0.3612 -0.8008 -0.4778
vn 0.3758 -0.7414 -0.5559
vn 0.3639 -0.7883 -0.4962
vn 0.3628 -0.7322 -0.5764
vn 0.3341 -0.7802 -0.5288
vn 0.3232 -0.7256 -0.6074
vn -0.1448 -0.7691 -0.6226
vn 0.0327 -0.7849 -0.6187
vn -0.0968 -0.7157 -0.6917
vn 0.0561 -0.7236 -0.6879
vn -0.2348 -0.7612 -0.6045
vn -0.1776 -0.7149 -0.6763
vn -0.1994 -0.8027 -0.5620
vn -0.2278 -0.7891 -0.5704
vn -0.1723 -0.7523 -0.6359
vn -0.1871 -0.7398 -0.6462
vn -0.1795 -0.8122 -0.5550
vn -0.1660 -0.7614 -0.6267
vn -0.1752 -0.8179 -0.5481
vn -0.1758 -0.7675 -0.6164
vn -0.1891 -0.8223 -0.5368
vn -0.2049 -0.7720 -0.6017
vn -0.2203 -0.8257 -0.5193
vn -0.2521 -0.7747 -0.5799
vn -0.2640 -0.8293 -0.4925
vn -0.3117 -0.7759 -0.5485
vn -0.3155 -0.8322 -0.4559
vn -0.3765 -0.7750 -0.5075
vn -0.3687 -0.8351 -0.4082
vn -0.4385 -0.7736 -0.4575
vn -0.4161 -0.8376 -0.3539
vn -0.4885 -0.7743 -0.4024
vn -0.4507 -0.8412 -0.2988
vn -0.5224 -0.7790 -0.3468
vn -0.4741 -0.8455 -0.2456
vn -0.5451 -0.7864 -0.2907
vn -0.4889 -0.8509 -0.1922
vn -0.5602 -0.7953 -0.2317
vn -0.4983 -0.8559 -0.1379
vn -0.5693 -0.8045 -0.1692
vn -0.5026 -0.8606 -0.0824
vn -0.5729 -0.8130 -0.1040
vn -0.5030 -0.8638 -0.0272
vn -0.5714 -0.8198 -0.0378
vn -0.4995 -0.8660 0.0254
vn -0.5657 -0.8242 0.0270
vn -0.4948 -0.8661 0.0713
vn -0.5574 -0.8259 0.0849
vn -0.4923 -0.8644 0.1021
vn -0.5503 -0.8251 0.1278
vn -0.4994 -0.8595 0.1091
vn -0.5517 -0.8209 0.1476
vn -0.5200 -0.8496 0.0878
vn -0.5673 -0.8121 0.1367
vn -0.5573 -0.8297 0.0321
vn -0.5998 -0.7953 0.0873
vn -0.6139 -0.7851 -0.0823
vn -0.6524 -0.7576 -0.0202
vn 0.0182 -0.6841 0.7292
vn -0.4809 -0.8472 0.2259
vn -0.0634 -0.6836 0.7271
vn -0.5164 -0.8103 0.2770
vn -0.0940 -0.7600 0.6431
vn -0.1455 -0.7321 0.6655
vn -0.2136 -0.8219 0.5280
vn -0.1940 -0.8143 0.5471
vn -0.2487 -0.7852 0.5672
vn -0.2384 -0.7787 0.5803
vn -0.2189 -0.8233 0.5236
vn -0.2434 -0.7853 0.5693
vn -0.2132 -0.8207 0.5302
vn -0.2280 -0.7813 0.5810
vn -0.2010 -0.8167 0.5409
vn -0.2077 -0.7754 0.5963
vn -0.1868 -0.8121 0.5528
vn -0.1870 -0.7689 0.6114
vn -0.1709 -0.8084 0.5633
vn -0.1665 -0.7623 0.6254
vn -0.1531 -0.8047 0.5737
vn -0.1427 -0.7560 0.6388
vn -0.0677 -0.6940 0.7168
vn -0.1000 -0.7000 0.7072
vn -0.0481 -0.6402 0.7667
vn -0.0869 -0.6476 0.7570
vn -0.0376 -0.6876 0.7251
vn -0.0124 -0.6330 0.7740
vn -0.0119 -0.6808 0.7324
vn 0.0185 -0.6268 0.7790
vn 0.0213 -0.6744 0.7380
vn 0.0574 -0.6219 0.7810
vn 0.3025 -0.6662 0.6817
vn 0.1969 -0.6679 0.7178
vn 0.3216 -0.6112 0.7232
vn 0.2269 -0.6154 0.7549
vn 0.3622 -0.6680 0.6500
vn 0.3784 -0.6095 0.6966
vn 0.3851 -0.6877 0.6154
vn 0.3834 -0.6809 0.6240
vn 0.4185 -0.6177 0.6659
vn 0.4098 -0.6146 0.6741
vn 0.3975 -0.6949 0.5992
vn 0.4381 -0.6205 0.6504
vn 0.4288 -0.7050 0.5649
vn 0.4767 -0.6247 0.6185
vn 0.4819 -0.7181 0.5021
vn 0.5408 -0.6322 0.5549
vn 0.5519 -0.7289 0.4052
vn 0.6246 -0.6388 0.4493
vn 0.6225 -0.7287 0.2855
vn 0.7049 -0.6353 0.3153
vn 0.6760 -0.7170 0.1701
vn 0.7592 -0.6233 0.1874
vn 0.7076 -0.7028 0.0735
vn 0.7858 -0.6129 0.0833
vn 0.7230 -0.6909 -0.0075
vn 0.7962 -0.6050 -0.0028
vn 0.7265 -0.6826 -0.0785
vn 0.7970 -0.5987 -0.0800
vn 0.7213 -0.6772 -0.1453
vn 0.7904 -0.5931 -0.1533
vn 0.7087 -0.6740 -0.2087
vn 0.7768 -0.5881 -0.2254
vn 0.6903 -0.6716 -0.2693
vn 0.7565 -0.5840 -0.2945
vn 0.6663 -0.6706 -0.3262
vn 0.7306 -0.5833 -0.3551
vn 0.6390 -0.6715 -0.3751
vn 0.7006 -0.5859 -0.4074
vn 0.6098 -0.6742 -0.4166
vn 0.6678 -0.5902 -0.4534
vn 0.5767 -0.6780 -0.4557
vn 0.6316 -0.5952 -0.4968
vn 0.5370 -0.6823 -0.4961
vn 0.5882 -0.6010 -0.5412
vn 0.4919 -0.6855 -0.5368
vn 0.5366 -0.6070 -0.5862
vn 0.4481 -0.6861 -0.5732
vn 0.4839 -0.6110 -0.6265
vn 0.4140 -0.6832 -0.6015
vn 0.4405 -0.6113 -0.6575
vn 0.3909 -0.6776 -0.6229
vn 0.4085 -0.6087 -0.6801
vn 0.3681 -0.6706 -0.6440
vn 0.3782 -0.6046 -0.7010
vn 0.3218 -0.6655 -0.6734
vn 0.3283 -0.6015 -0.7283
vn -0.0503 -0.6587 -0.7508
vn 0.0818 -0.6623 -0.7448
vn -0.0091 -0.5977 -0.8016
vn 0.1083 -0.5991 -0.7933
vn -0.1253 -0.6614 -0.7395
vn -0.0797 -0.6014 -0.7950
vn -0.1473 -0.6962 -0.7026
vn -0.1503 -0.6845 -0.7134
vn -0.1252 -0.6324 -0.7645
vn -0.1175 -0.6219 -0.7742
vn -0.1544 -0.7052 -0.6920
vn -0.1445 -0.6407 -0.7540
vn -0.1787 -0.7118 -0.6793
vn -0.1834 -0.6471 -0.7400
vn -0.2243 -0.7161 -0.6610
vn -0.2459 -0.6508 -0.7183
vn -0.2891 -0.7176 -0.6336
vn -0.3281 -0.6512 -0.6843
vn -0.3651 -0.7159 -0.5952
vn -0.4187 -0.6469 -0.6374
vn -0.4416 -0.7110 -0.5472
vn -0.5000 -0.6410 -0.5823
vn -0.5057 -0.7071 -0.4943
vn -0.5585 -0.6398 -0.5280
vn -0.5505 -0.7084 -0.4417
vn -0.5991 -0.6439 -0.4759
vn -0.5818 -0.7143 -0.3890
vn -0.6318 -0.6508 -0.4211
vn -0.6061 -0.7229 -0.3317
vn -0.6592 -0.6596 -0.3612
vn -0.6243 -0.7335 -0.2686
vn -0.6821 -0.6689 -0.2955
vn -0.6366 -0.7449 -0.1996
vn -0.6986 -0.6800 -0.2227
vn -0.6422 -0.7562 -0.1257
vn -0.7074 -0.6921 -0.1437
vn -0.6411 -0.7659 -0.0490
vn -0.7084 -0.7032 -0.0601
vn -0.6337 -0.7731 0.0266
vn -0.7007 -0.7130 0.0240
vn -0.6221 -0.7772 0.0951
vn -0.6869 -0.7195 0.1029
vn -0.6104 -0.7777 0.1503
vn -0.6713 -0.7214 0.1701
vn -0.6063 -0.7741 0.1822
vn -0.6622 -0.7184 0.2129
vn -0.6173 -0.7662 0.1787
vn -0.6696 -0.7107 0.2159
vn -0.6472 -0.7509 0.1315
vn -0.6983 -0.6955 0.1690
vn -0.6984 -0.7154 0.0220
vn -0.7507 -0.6588 0.0493
vn -0.0993 -0.6473 0.7557
vn -0.5418 -0.7701 0.3369
vn -0.0855 -0.5733 0.8149
vn -0.5967 -0.7190 0.3565
vn -0.1895 -0.6931 0.6955
vn -0.2263 -0.6410 0.7334
vn -0.2861 -0.7448 0.6029
vn -0.2843 -0.7383 0.6117
vn -0.3282 -0.6983 0.6362
vn -0.3345 -0.6904 0.6414
vn -0.2682 -0.7445 0.6114
vn -0.2962 -0.6986 0.6513
vn -0.2411 -0.7389 0.6292
vn -0.2543 -0.6925 0.6751
vn -0.2123 -0.7306 0.6489
vn -0.2152 -0.6823 0.6987
vn -0.1843 -0.7218 0.6671
vn -0.1820 -0.6712 0.7186
vn -0.1572 -0.7134 0.6829
vn -0.1526 -0.6618 0.7340
vn -0.1300 -0.7062 0.6960
vn -0.1224 -0.6546 0.7460
vn -0.0289 -0.5713 0.8203
vn -0.0731 -0.5804 0.8110
vn -0.0112 -0.4822 0.8760
vn -0.0551 -0.4924 0.8686
vn 0.0100 -0.5645 0.8254
vn 0.0252 -0.4767 0.8787
vn 0.0420 -0.5603 0.8272
vn 0.0548 -0.4750 0.8783
vn 0.0812 -0.5583 0.8256
vn 0.0922 -0.4754 0.8749
vn 0.3454 -0.5525 0.7586
vn 0.2513 -0.5568 0.7917
vn 0.3648 -0.4783 0.7988
vn 0.2663 -0.4789 0.8365
vn 0.4021 -0.5493 0.7325
vn 0.4240 -0.4781 0.7692
vn 0.4538 -0.5497 0.7014
vn 0.4392 -0.5504 0.7101
vn 0.4885 -0.4833 0.7265
vn 0.4684 -0.4828 0.7399
vn 0.4800 -0.5479 0.6851
vn 0.5203 -0.4780 0.7077
vn 0.5249 -0.5461 0.6529
vn 0.5697 -0.4709 0.6736
vn 0.5939 -0.5465 0.5904
vn 0.6425 -0.4648 0.6092
vn 0.6846 -0.5476 0.4811
vn 0.7378 -0.4582 0.4957
vn 0.7709 -0.5399 0.3380
vn 0.8263 -0.4426 0.3482
vn 0.8246 -0.5269 0.2059
vn 0.8754 -0.4320 0.2172
vn 0.8485 -0.5197 0.0997
vn 0.8964 -0.4281 0.1146
vn 0.8567 -0.5158 0.0061
vn 0.9040 -0.4271 0.0171
vn 0.8555 -0.5115 -0.0804
vn 0.9009 -0.4270 -0.0780
vn 0.8460 -0.5074 -0.1637
vn 0.8881 -0.4277 -0.1683
vn 0.8294 -0.5032 -0.2428
vn 0.8674 -0.4293 -0.2516
vn 0.8063 -0.5016 -0.3133
vn 0.8415 -0.4322 -0.3242
vn 0.7785 -0.5034 -0.3749
vn 0.8119 -0.4367 -0.3874
vn 0.7465 -0.5079 -0.4300
vn 0.7782 -0.4430 -0.4451
vn 0.7109 -0.5135 -0.4806
vn 0.7405 -0.4490 -0.5001
vn 0.6717 -0.5187 -0.5289
vn 0.6986 -0.4537 -0.5534
vn 0.6269 -0.5235 -0.5770
vn 0.6519 -0.4574 -0.6049
vn 0.5742 -0.5288 -0.6250
vn 0.5995 -0.4605 -0.6546
vn 0.5178 -0.5338 -0.6685
vn 0.5437 -0.4641 -0.6993
vn 0.4685 -0.5367 -0.7018
vn 0.4928 -0.4676 -0.7338
vn 0.4307 -0.5371 -0.7253
vn 0.4522 -0.4697 -0.7582
vn 0.3950 -0.5362 -0.7459
vn 0.4142 -0.4710 -0.7788
vn 0.3422 -0.5357 -0.7720
vn 0.3608 -0.4729 -0.8039
vn 0.0271 -0.5347 -0.8446
vn 0.1356 -0.5355 -0.8336
vn 0.0556 -0.4732 -0.8792
vn 0.1613 -0.4754 -0.8649
vn -0.0428 -0.5373 -0.8423
vn -0.0147 -0.4728 -0.8810
vn -0.1079 -0.5598 -0.8215
vn -0.0911 -0.5526 -0.8284
vn -0.0994 -0.4808 -0.8712
vn -0.0744 -0.4795 -0.8744
vn -0.1375 -0.5649 -0.8136
vn -0.1387 -0.4789 -0.8669
vn -0.1894 -0.5678 -0.8011
vn -0.2006 -0.4740 -0.8574
vn -0.2677 -0.5689 -0.7776
vn -0.2886 -0.4688 -0.8348
vn -0.3667 -0.5680 -0.7368
vn -0.3941 -0.4660 -0.7921
vn -0.4668 -0.5664 -0.6792
vn -0.4974 -0.4714 -0.7283
vn -0.5456 -0.5659 -0.6181
vn -0.5772 -0.4835 -0.6581
vn -0.5997 -0.5699 -0.5618
vn -0.6341 -0.4933 -0.5954
vn -0.6412 -0.5761 -0.5069
vn -0.6802 -0.5021 -0.5340
vn -0.6772 -0.5835 -0.4484
vn -0.7212 -0.5101 -0.4687
vn -0.7096 -0.5912 -0.3833
vn -0.7579 -0.5161 -0.3991
vn -0.7365 -0.5995 -0.3132
vn -0.7880 -0.5226 -0.3253
vn -0.7566 -0.6086 -0.2390
vn -0.8112 -0.5296 -0.2478
vn -0.7689 -0.6200 -0.1562
vn -0.8257 -0.5394 -0.1653
vn -0.7714 -0.6327 -0.0682
vn -0.8302 -0.5524 -0.0756
vn -0.7644 -0.6444 0.0215
vn -0.8244 -0.5657 0.0196
vn -0.7495 -0.6529 0.1094
vn -0.8091 -0.5762 0.1160
vn -0.7311 -0.6559 0.1877
vn -0.7889 -0.5794 0.2047
vn -0.7175 -0.6533 0.2415
vn -0.7722 -0.5754 0.2693
vn -0.7221 -0.6446 0.2511
vn -0.7733 -0.5659 0.2861
vn -0.7510 -0.6284 0.2026
vn -0.8006 -0.5503 0.2370
vn -0.8048 -0.5893 0.0707
vn -0.8539 -0.5122 0.0920
vn 0.0414 -0.4272 0.9032
vn -0.6431 -0.6511 0.4030
vn 0.1897 -0.2832 0.9401
vn -0.6746 -0.5713 0.4674
vn -0.2654 -0.5769 0.7725
vn -0.3065 -0.5037 0.8077
vn -0.3787 -0.6413 0.6674
vn -0.3926 -0.6306 0.6695
vn -0.4446 -0.5617 0.6977
vn -0.4595 -0.5513 0.6963
vn -0.3313 -0.6450 0.6886
vn -0.3851 -0.5689 0.7267
vn -0.2716 -0.6412 0.7178
vn -0.2985 -0.5707 0.7650
vn -0.2191 -0.6281 0.7466
vn -0.2222 -0.5548 0.8017
vn -0.1794 -0.6133 0.7692
vn -0.1739 -0.5367 0.8257
vn -0.1479 -0.6013 0.7852
vn -0.1385 -0.5214 0.8420
vn -0.1144 -0.5907 0.7987
vn -0.0998 -0.5063 0.8566
vn 0.0032 -0.3893 0.9211
vn -0.0374 -0.3979 0.9166
vn 0.0136 -0.3101 0.9506
vn -0.0279 -0.3157 0.9484
vn 0.0357 -0.3846 0.9224
vn 0.0459 -0.3055 0.9511
vn 0.0631 -0.3828 0.9217
vn 0.0736 -0.3019 0.9505
vn 0.0991 -0.3823 0.9187
vn 0.1106 -0.2986 0.9479
vn 0.3702 -0.3865 0.8447
vn 0.2680 -0.3839 0.8836
vn 0.3711 -0.2962 0.8801
vn 0.2722 -0.2943 0.9161
vn 0.4362 -0.3907 0.8106
vn 0.4392 -0.3013 0.8464
vn 0.5183 -0.4074 0.7519
vn 0.4889 -0.4026 0.7739
vn 0.5387 -0.3195 0.7796
vn 0.5028 -0.3143 0.8052
vn 0.5597 -0.4047 0.7231
vn 0.5934 -0.3205 0.7383
vn 0.6142 -0.3925 0.6846
vn 0.6600 -0.3071 0.6856
vn 0.6908 -0.3783 0.6163
vn 0.7391 -0.2870 0.6094
vn 0.7894 -0.3634 0.4948
vn 0.8280 -0.2695 0.4917
vn 0.8695 -0.3503 0.3483
vn 0.8953 -0.2680 0.3559
vn 0.9097 -0.3471 0.2279
vn 0.9326 -0.2711 0.2381
vn 0.9294 -0.3468 0.1260
vn 0.9524 -0.2732 0.1350
vn 0.9370 -0.3484 0.0258
vn 0.9601 -0.2775 0.0334
vn 0.9332 -0.3520 -0.0721
vn 0.9564 -0.2843 -0.0666
vn 0.9189 -0.3577 -0.1664
vn 0.9424 -0.2927 -0.1618
vn 0.8957 -0.3652 -0.2536
vn 0.9191 -0.3040 -0.2508
vn 0.8673 -0.3731 -0.3294
vn 0.8892 -0.3163 -0.3306
vn 0.8360 -0.3808 -0.3950
vn 0.8555 -0.3271 -0.4013
vn 0.8007 -0.3883 -0.4562
vn 0.8180 -0.3360 -0.4668
vn 0.7601 -0.3949 -0.5160
vn 0.7750 -0.3434 -0.5305
vn 0.7158 -0.3990 -0.5731
vn 0.7270 -0.3482 -0.5919
vn 0.6675 -0.4012 -0.6273
vn 0.6763 -0.3494 -0.6485
vn 0.6151 -0.4023 -0.6781
vn 0.6235 -0.3484 -0.6999
vn 0.5613 -0.4034 -0.7226
vn 0.5714 -0.3465 -0.7439
vn 0.5118 -0.4056 -0.7574
vn 0.5252 -0.3460 -0.7774
vn 0.4710 -0.4082 -0.7820
vn 0.4879 -0.3480 -0.8005
vn 0.4334 -0.4113 -0.8019
vn 0.4541 -0.3522 -0.8184
vn 0.3820 -0.4156 -0.8254
vn 0.4066 -0.3587 -0.8402
vn 0.0748 -0.4155 -0.9065
vn 0.1832 -0.4204 -0.8886
vn 0.0852 -0.3573 -0.9301
vn 0.2021 -0.3660 -0.9084
vn 0.0021 -0.4105 -0.9119
vn 0.0084 -0.3469 -0.9379
vn -0.1021 -0.4015 -0.9101
vn -0.0689 -0.4068 -0.9109
vn -0.1112 -0.3245 -0.9393
vn -0.0698 -0.3349 -0.9397
vn -0.1494 -0.3913 -0.9081
vn -0.1658 -0.3075 -0.9370
vn -0.2167 -0.3774 -0.9003
vn -0.2356 -0.2864 -0.9287
vn -0.3061 -0.3647 -0.8794
vn -0.3193 -0.2686 -0.9088
vn -0.4083 -0.3605 -0.8387
vn -0.4118 -0.2632 -0.8724
vn -0.5077 -0.3698 -0.7781
vn -0.5087 -0.2726 -0.8166
vn -0.5945 -0.3886 -0.7040
vn -0.6019 -0.2910 -0.7437
vn -0.6624 -0.4058 -0.6298
vn -0.6804 -0.3106 -0.6637
vn -0.7153 -0.4188 -0.5594
vn -0.7425 -0.3285 -0.5838
vn -0.7615 -0.4293 -0.4856
vn -0.7949 -0.3415 -0.5016
vn -0.8018 -0.4360 -0.4088
vn -0.8386 -0.3507 -0.4169
vn -0.8344 -0.4406 -0.3311
vn -0.8735 -0.3564 -0.3315
vn -0.8599 -0.4436 -0.2524
vn -0.9021 -0.3506 -0.2517
vn -0.8756 -0.4522 -0.1696
vn -0.9188 -0.3549 -0.1728
vn -0.8821 -0.4642 -0.0795
vn -0.9253 -0.3707 -0.0800
vn -0.8795 -0.4755 0.0185
vn -0.9260 -0.3768 0.0238
vn -0.8659 -0.4846 0.1236
vn -0.9155 -0.3786 0.1362
vn -0.8450 -0.4855 0.2242
vn -0.8945 -0.3746 0.2441
vn -0.8254 -0.4800 0.2971
vn -0.8736 -0.3705 0.3156
vn -0.8227 -0.4727 0.3157
vn -0.8688 -0.3685 0.3308
vn -0.8472 -0.4615 0.2634
vn -0.8897 -0.3636 0.2760
vn -0.8953 -0.4312 0.1118
vn -0.9313 -0.3424 0.1244
vn 0.1834 -0.2466 0.9516
vn -0.7178 -0.4885 0.4961
vn -0.0191 -0.2579 0.9660
vn -0.7753 -0.3982 0.4903
vn -0.3453 -0.4244 0.8371
vn -0.3768 -0.3373 0.8627
vn -0.5118 -0.4496 0.7320
vn -0.5177 -0.4483 0.7287
vn -0.5436 -0.3871 0.7448
vn -0.5467 -0.3406 0.7649
vn -0.5500 -0.3877 0.7397
vn -0.5334 -0.3846 0.7533
vn -0.5161 -0.3784 0.7684
vn -0.4560 -0.4503 0.7677
vn -0.4820 -0.3779 0.7905
vn -0.3476 -0.4507 0.8222
vn -0.4410 -0.3778 0.8142
vn -0.3783 -0.3743 0.8466
vn -0.3028 -0.3836 0.8725
vn -0.2349 -0.4434 0.8650
vn -0.2522 -0.3771 0.8912
vn -0.1702 -0.4327 0.8853
vn -0.2064 -0.3780 0.9025
vn -0.1777 -0.3747 0.9100
vn -0.1267 -0.4220 0.8977
vn -0.1306 -0.3233 0.9372
vn -0.1541 -0.3552 0.9220
vn 0.1525 0.3722 -0.9155
vn -0.0826 -0.4097 0.9085
vn -0.0777 -0.3211 0.9438
vn 0.0216 -0.2424 0.9699
vn -0.0256 -0.2443 0.9694
vn 0.0019 -0.2124 0.9772
vn -0.0165 -0.2097 0.9776
vn 0.0341 -0.2106 0.9770
vn 0.0486 -0.1947 0.9797
vn 0.0673 -0.1763 0.9820
vn 0.0569 -0.2387 0.9694
vn 0.0871 -0.2337 0.9684
vn 0.1029 -0.1709 0.9799
vn 0.1254 -0.2283 0.9655
vn 0.1434 -0.1657 0.9757
vn 0.3735 -0.2192 0.9014
vn 0.2794 -0.2197 0.9347
vn 0.3811 -0.1520 0.9120
vn 0.2923 -0.1552 0.9436
vn 0.4425 -0.2220 0.8689
vn 0.4477 -0.1512 0.8813
vn 0.5554 -0.2349 0.7977
vn 0.5148 -0.2313 0.8255
vn 0.5672 -0.1573 0.8084
vn 0.5228 -0.1546 0.8383
vn 0.6199 -0.2353 0.7486
vn 0.6396 -0.1593 0.7520
vn 0.6965 -0.2234 0.6819
vn 0.7244 -0.1468 0.6736
vn 0.7751 -0.2026 0.5984
vn 0.8001 -0.1282 0.5860
vn 0.8514 -0.1891 0.4893
vn 0.8665 -0.1180 0.4851
vn 0.9110 -0.1912 0.3654
vn 0.9205 -0.1192 0.3720
vn 0.9483 -0.1978 0.2482
vn 0.9579 -0.1268 0.2576
vn 0.9689 -0.2025 0.1426
vn 0.9799 -0.1321 0.1494
vn 0.9774 -0.2075 0.0410
vn 0.9895 -0.1371 0.0460
vn 0.9746 -0.2156 -0.0602
vn 0.9880 -0.1441 -0.0551
vn 0.9614 -0.2258 -0.1572
vn 0.9764 -0.1529 -0.1528
vn 0.9391 -0.2384 -0.2475
vn 0.9551 -0.1634 -0.2470
vn 0.9091 -0.2518 -0.3317
vn 0.9252 -0.1731 -0.3376
vn 0.8736 -0.2642 -0.4088
vn 0.8883 -0.1823 -0.4215
vn 0.8333 -0.2746 -0.4798
vn 0.8456 -0.1911 -0.4985
vn 0.7871 -0.2832 -0.5479
vn 0.7968 -0.2003 -0.5700
vn 0.7356 -0.2896 -0.6123
vn 0.7424 -0.2101 -0.6361
vn 0.6813 -0.2920 -0.6712
vn 0.6845 -0.2167 -0.6961
vn 0.6265 -0.2902 -0.7234
vn 0.6269 -0.2177 -0.7481
vn 0.5753 -0.2863 -0.7662
vn 0.5760 -0.2149 -0.7887
vn 0.5334 -0.2837 -0.7969
vn 0.5368 -0.2117 -0.8167
vn 0.5021 -0.2836 -0.8170
vn 0.5103 -0.2096 -0.8341
vn 0.4752 -0.2867 -0.8319
vn 0.4923 -0.2107 -0.8446
vn 0.4351 -0.2938 -0.8511
vn 0.4646 -0.2165 -0.8586
vn 0.0884 -0.2905 -0.9528
vn 0.2202 -0.3034 -0.9271
vn 0.0861 -0.2075 -0.9744
vn 0.2388 -0.2243 -0.9448
vn 0.0077 -0.2755 -0.9613
vn 0.0038 -0.1909 -0.9816
vn -0.1231 -0.2463 -0.9613
vn -0.0729 -0.2599 -0.9629
vn -0.1339 -0.1643 -0.9773
vn -0.0742 -0.1788 -0.9811
vn -0.1848 -0.2248 -0.9567
vn -0.2011 -0.1413 -0.9693
vn -0.2543 -0.2010 -0.9460
vn -0.2688 -0.1190 -0.9558
vn -0.3292 -0.1823 -0.9265
vn -0.3361 -0.1036 -0.9361
vn -0.4106 -0.1757 -0.8947
vn -0.4075 -0.0992 -0.9078
vn -0.5023 -0.1817 -0.8454
vn -0.4912 -0.1044 -0.8647
vn -0.6015 -0.1993 -0.7736
vn -0.5928 -0.1165 -0.7969
vn -0.6894 -0.2183 -0.6907
vn -0.6930 -0.1339 -0.7084
vn -0.7590 -0.2356 -0.6069
vn -0.7725 -0.1433 -0.6186
vn -0.7974 -0.1824 -0.5752
vn -0.8011 -0.1948 -0.5660
vn -0.8197 -0.2484 -0.5161
vn -0.8248 -0.2003 -0.5287
vn -0.8662 -0.2616 -0.4257
vn -0.8501 -0.2157 -0.4804
vn -0.8733 -0.2158 -0.4368
vn -0.8922 -0.2296 -0.3888
vn -0.9054 -0.2719 -0.3261
vn -0.9168 -0.2296 -0.3266
vn -0.9349 -0.2606 -0.2408
vn -0.9422 -0.2122 -0.2591
vn -0.9479 -0.2188 -0.2316
vn -0.9674 -0.1763 -0.1819
vn -0.9522 -0.2490 -0.1770
vn -0.9644 -0.1953 -0.1783
vn -0.9611 -0.2624 -0.0866
vn -0.9715 -0.1913 -0.1398
vn -0.9756 -0.1949 -0.1011
vn -0.9610 -0.2743 0.0353
vn -0.9744 -0.2224 0.0330
vn -0.9766 -0.2131 -0.0301
vn 0.9798 0.1938 0.0493
vn -0.9504 -0.2716 0.1517
vn -0.1258 0.9771 0.1715
vn -0.9635 -0.2200 0.1526
vn -0.1259 0.9771 0.1715
vn -0.9439 -0.2111 0.2540
vn -0.9297 -0.2647 0.2561
vn -0.9016 -0.3112 0.3004
vn -0.9025 -0.3138 0.2951
vn -0.8958 -0.3128 0.3158
vn 0.9007 0.3236 -0.2898
vn -0.1263 0.9770 0.1717
vn -0.8856 -0.3147 0.3415
vn -0.8894 -0.3140 0.3323
vn -0.8921 -0.3169 0.3221
vn -0.9075 -0.3122 0.2810
vn -0.9229 -0.3057 0.2343
vn -0.9472 -0.2942 0.1274
vn 0.1282 -0.9767 -0.1719
vn -0.8267 -0.3047 0.4730
vn -0.0303 -0.2276 0.9733
vn 0.1282 -0.9767 -0.1718
vn -0.3912 -0.2919 0.8728
vn -0.1280 0.9768 0.1716
vn -0.5470 -0.2828 0.7880
vn -0.1293 -0.2773 0.9520
vn -0.1057 -0.2858 0.9525
vn -0.0689 -0.2803 0.9574
vn -0.0521 -0.2647 0.9629
vn 0.0822 -0.1445 0.9861
vn 0.0896 -0.1407 0.9860
vn 0.1196 -0.1408 0.9828
vn 0.1596 -0.1079 0.9813
vn 0.1333 -0.1254 0.9831
vn 0.1741 -0.0804 0.9814
vn 0.3943 -0.0945 0.9141
vn 0.3084 -0.1006 0.9459
vn 0.4116 -0.0457 0.9102
vn 0.3238 -0.0527 0.9447
vn 0.4585 -0.0896 0.8841
vn 0.4738 -0.0367 0.8799
vn 0.5739 -0.0843 0.8146
vn 0.5308 -0.0847 0.8433
vn 0.5819 -0.0222 0.8130
vn 0.5401 -0.0261 0.8412
vn 0.6537 -0.0861 0.7519
vn 0.6631 -0.0193 0.7483
vn 0.7453 -0.0762 0.6623
vn 0.7577 -0.0130 0.6525
vn 0.8165 -0.0611 0.5741
vn 0.8260 -0.0033 0.5637
vn 0.8754 -0.0536 0.4804
vn 0.8791 0.0035 0.4766
vn 0.9250 -0.0543 0.3762
vn 0.9262 0.0064 0.3769
vn 0.9625 -0.0587 0.2649
vn 0.9634 0.0095 0.2679
vn 0.9860 -0.0618 0.1550
vn 0.9872 0.0138 0.1588
vn 0.9966 -0.0644 0.0510
vn 0.9984 0.0198 0.0521
vn 0.9964 -0.0668 -0.0520
vn 0.9982 0.0249 -0.0541
vn 0.9856 -0.0703 -0.1536
vn 0.9870 0.0270 -0.1584
vn 0.9641 -0.0755 -0.2545
vn 0.9646 0.0256 -0.2625
vn 0.9322 -0.0820 -0.3527
vn 0.9308 0.0203 -0.3650
vn 0.8928 -0.0879 -0.4418
vn 0.8880 0.0139 -0.4595
vn 0.8486 -0.0933 -0.5207
vn 0.8394 0.0094 -0.5434
vn 0.8000 -0.0989 -0.5918
vn 0.7869 0.0071 -0.6170
vn 0.7459 -0.1055 -0.6576
vn 0.7326 0.0051 -0.6806
vn 0.6863 -0.1129 -0.7185
vn 0.6778 0.0021 -0.7352
vn 0.6265 -0.1189 -0.7703
vn 0.6237 -0.0028 -0.7816
vn 0.5749 -0.1217 -0.8091
vn 0.5753 -0.0088 -0.8179
vn 0.5369 -0.1220 -0.8348
vn 0.5398 -0.0139 -0.8417
vn 0.5143 -0.1224 -0.8488
vn 0.5202 -0.0182 -0.8538
vn 0.5038 -0.1244 -0.8548
vn 0.5141 -0.0228 -0.8574
vn 0.4873 -0.1293 -0.8636
vn 0.5058 -0.0278 -0.8622
vn 0.0789 -0.1133 -0.9904
vn 0.2509 -0.1326 -0.9589
vn 0.0637 -0.0137 -0.9979
vn 0.2547 -0.0284 -0.9666
vn 0.0011 -0.0980 -0.9952
vn -0.0042 -0.0038 -1.0000
vn -0.1415 -0.0795 -0.9867
vn -0.0700 -0.0927 -0.9932
vn -0.1428 0.0026 -0.9897
vn -0.0617 -0.0036 -0.9981
vn -0.2140 -0.0600 -0.9750
vn -0.2173 0.0129 -0.9760
vn -0.2774 -0.0439 -0.9598
vn -0.2780 0.0211 -0.9603
vn -0.3374 -0.0344 -0.9407
vn -0.3346 0.0255 -0.9420
vn -0.4026 -0.0311 -0.9148
vn -0.3642 0.0118 -0.9312
vn -0.3655 -0.0022 -0.9308
vn -0.3825 -0.0017 -0.9239
vn -0.4376 -0.0470 -0.8980
vn 0.6182 -0.7520 -0.2286
vn -0.4421 -0.0643 -0.8946
vn -0.4676 -0.0677 -0.8814
vn -0.5801 -0.0785 -0.8107
vn -0.6879 -0.0944 -0.7196
vn 0.1283 -0.9767 -0.1718
vn -0.7719 -0.1018 -0.6275
vn 0.3771 -0.0200 0.9260
vn 0.3603 -0.0309 0.9323
vn 0.4446 -0.0226 0.8955
vn 0.4561 -0.0126 0.8898
vn 0.4856 -0.0119 0.8741
vn 0.5898 0.0293 0.8070
vn 0.5484 0.0244 0.8359
vn 0.5645 0.0544 0.8237
vn 0.5547 0.0494 0.8306
vn 0.5999 0.0535 0.7983
vn 0.6188 0.0636 0.7830
vn 0.6723 0.0380 0.7393
vn 0.6873 0.0620 0.7237
vn 0.7637 0.0448 0.6440
vn 0.7316 0.0688 0.6783
vn 0.7672 0.1044 0.6329
vn 0.8299 0.0516 0.5555
vn 0.8306 0.1147 0.5449
vn 0.8810 0.0606 0.4693
vn 0.8796 0.1281 0.4581
vn 0.9258 0.0709 0.3713
vn 0.9222 0.1453 0.3585
vn 0.9612 0.0843 0.2628
vn 0.9535 0.1677 0.2504
vn 0.9833 0.0989 0.1529
vn 0.9714 0.1900 0.1424
vn 0.9925 0.1134 0.0466
vn 0.9777 0.2057 0.0418
vn 0.9907 0.1235 -0.0574
vn 0.9743 0.2179 -0.0579
vn 0.9786 0.1282 -0.1608
vn 0.9614 0.2245 -0.1593
vn 0.9553 0.1288 -0.2660
vn 0.9371 0.2270 -0.2652
vn 0.9201 0.1256 -0.3709
vn 0.9004 0.2257 -0.3719
vn 0.8743 0.1201 -0.4703
vn 0.8518 0.2224 -0.4743
vn 0.8211 0.1156 -0.5589
vn 0.7947 0.2185 -0.5663
vn 0.7655 0.1133 -0.6334
vn 0.7357 0.2158 -0.6420
vn 0.7100 0.1116 -0.6953
vn 0.6792 0.2147 -0.7018
vn 0.6560 0.1103 -0.7467
vn 0.6280 0.2139 -0.7482
vn 0.6075 0.1083 -0.7869
vn 0.5846 0.2116 -0.7832
vn 0.5673 0.1042 -0.8169
vn 0.5500 0.2082 -0.8088
vn 0.5376 0.0994 -0.8373
vn 0.5258 0.2045 -0.8257
vn 0.5221 0.0950 -0.8476
vn 0.5155 0.2003 -0.8332
vn 0.5199 0.0901 -0.8495
vn 0.5165 0.1967 -0.8334
vn 0.5169 0.0863 -0.8517
vn 0.5124 0.1951 -0.8363
vn 0.0650 0.0926 -0.9936
vn 0.2678 0.0909 -0.9592
vn 0.0856 0.1943 -0.9772
vn 0.2783 0.2031 -0.9388
vn -0.0034 0.0920 -0.9957
vn 0.0103 0.1854 -0.9826
vn -0.1316 0.0854 -0.9876
vn -0.0467 0.0907 -0.9948
vn -0.1065 0.1729 -0.9792
vn -0.0308 0.1826 -0.9827
vn -0.2115 0.0813 -0.9740
vn -0.1922 0.1591 -0.9684
vn -0.2730 0.0826 -0.9585
vn -0.2353 0.1359 -0.9624
vn -0.2396 0.1150 -0.9640
vn -0.2562 0.1135 -0.9599
vn -0.3025 0.0678 -0.9507
vn 0.6184 -0.7521 -0.2281
vn -0.3037 0.0527 -0.9513
vn -0.3177 0.0535 -0.9467
vn 0.6183 -0.7520 -0.2284
vn 0.7755 0.1401 0.6156
vn 0.7987 0.1620 0.5796
vn 0.8357 0.1496 0.5284
vn 0.8503 0.1730 0.4970
vn 0.8819 0.1662 0.4412
vn 0.8940 0.1886 0.4064
vn 0.9215 0.1865 0.3406
vn 0.9301 0.2113 0.3003
vn 0.9482 0.2115 0.2372
vn 0.9533 0.2314 0.1940
vn 0.9630 0.2332 0.1350
vn 0.9680 0.2375 0.0813
vn 0.9549 0.2943 0.0398
vn 0.9393 0.3412 0.0354
vn 0.9130 0.4080 0.0007
vn 0.9491 0.3098 -0.0565
vn 0.9332 0.3551 -0.0557
vn 0.9352 0.3186 -0.1546
vn 0.9248 0.3672 -0.0993
vn 0.9189 0.3644 -0.1512
vn 0.9107 0.3612 -0.2003
vn 0.9103 0.3227 -0.2591
vn 0.8937 0.3692 -0.2549
vn 0.8723 0.3232 -0.3670
vn 0.8794 0.3640 -0.3070
vn 0.8553 0.3708 -0.3619
vn 0.8341 0.3632 -0.4151
vn 0.8215 0.3204 -0.4718
vn 0.8035 0.3677 -0.4681
vn 0.7618 0.3165 -0.5653
vn 0.7750 0.3625 -0.5177
vn 0.7428 0.3638 -0.5620
vn 0.7111 0.3594 -0.6043
vn 0.7006 0.3123 -0.6416
vn 0.6802 0.3592 -0.6389
vn 0.6429 0.3104 -0.7003
vn 0.6471 0.3636 -0.6701
vn 0.6053 0.3970 -0.6899
vn 0.5943 0.3088 -0.7426
vn 0.5607 0.3927 -0.7290
vn 0.5569 0.3066 -0.7719
vn 0.5279 0.3892 -0.7549
vn 0.5291 0.3034 -0.7925
vn 0.5053 0.3867 -0.7715
vn 0.5112 0.2995 -0.8056
vn 0.4923 0.3843 -0.7810
vn 0.5047 0.2955 -0.8112
vn 0.4897 0.3822 -0.7837
vn 0.5064 0.2924 -0.8112
vn 0.4933 0.3802 -0.7824
vn 0.5007 0.2917 -0.8150
vn 0.4864 0.3797 -0.7869
vn 0.1062 0.2830 -0.9532
vn 0.2834 0.2963 -0.9121
vn 0.1198 0.3649 -0.9233
vn 0.2839 0.3797 -0.8804
vn 0.0507 0.3267 -0.9438
vn 0.0443 0.3164 -0.9476
vn 0.0255 0.2718 -0.9620
vn 0.0295 0.3133 -0.9492
vn -0.0461 0.2449 -0.9685
vn -0.0195 0.2673 -0.9634
vn -0.0528 0.2223 -0.9736
vn -0.0793 0.2180 -0.9727
vn -0.0051 0.3089 -0.9511
vn -0.1663 0.2024 -0.9651
vn 0.6186 -0.7524 -0.2265
vn 0.5868 0.4375 -0.6813
vn 0.5663 0.4248 -0.7063
vn 0.5439 0.4321 -0.7193
vn 0.5284 0.4242 -0.7354
vn 0.5127 0.4278 -0.7444
vn 0.5010 0.4240 -0.7544
vn 0.4919 0.4255 -0.7596
vn 0.4845 0.4229 -0.7658
vn 0.4806 0.4241 -0.7676
vn 0.4784 0.4215 -0.7704
vn 0.4791 0.4229 -0.7691
vn 0.4823 0.4210 -0.7683
vn 0.4836 0.4222 -0.7668
vn 0.2234 -0.9565 -0.1876
vn 0.4789 0.4221 -0.7697
vn 0.2053 0.3782 -0.9027
vn 0.2936 0.4208 -0.8583
vn 0.1290 0.4043 -0.9055
vn 0.2225 -0.9572 -0.1853
vn -0.5506 -0.0386 -0.8338
vn -0.6666 -0.4830 -0.5678
vn -0.6886 -0.6486 -0.3242
vn -0.7171 -0.6626 -0.2161
vn -0.7543 -0.6378 -0.1559
vn -0.8117 -0.5492 -0.1989
vn -0.8546 -0.3910 -0.3418
vn -0.8477 -0.2479 -0.4690
vn -0.8590 -0.2130 -0.4655
vn -0.9176 -0.2303 -0.3241
vn -0.9274 -0.1994 -0.3166
vn -0.8594 -0.1341 -0.4934
vn -0.9607 -0.2763 0.0280
vn -0.0403 -0.8459 0.5318
vn -0.1042 -0.8232 0.5581
vn -0.1580 -0.7962 0.5841
vn -0.2073 -0.7632 0.6120
vn -0.2551 -0.7232 0.6419
vn -0.3053 -0.6740 0.6727
vn -0.3603 -0.6124 0.7037
vn -0.4195 -0.5362 0.7325
vn -0.4682 -0.4454 0.7631
vn -0.4947 -0.3472 0.7967
vn -0.5470 -0.2938 0.7839
vn -0.5059 -0.2953 0.8104
vn -0.4689 -0.2976 0.8316
vn 0.4015 -0.8830 0.2432
vn 0.3874 -0.8431 0.3729
vn 0.3733 -0.7929 0.4815
vn 0.3705 -0.7357 0.5671
vn 0.3812 -0.6739 0.6328
vn 0.4017 -0.6114 0.6818
vn 0.4271 -0.5493 0.7182
vn 0.4514 -0.4801 0.7522
vn 0.4681 -0.3966 0.7897
vn 0.4766 -0.3082 0.8233
vn 0.4843 -0.2266 0.8451
vn 0.4900 -0.1524 0.8583
vn 0.4994 -0.0862 0.8621
vn 0.5116 -0.0311 0.8587
vn 0.5297 0.0455 0.8470
vn 0.5222 0.0205 0.8526
vn 0.5355 0.0469 0.8432
vn 0.2228 -0.9569 -0.1861
vn 0.5100 0.0004 0.8602
vn 0.5097 -0.0044 0.8603
vn 0.5049 -0.0074 0.8632
vn -0.3772 -0.7700 0.5146
vn -0.1729 -0.7964 0.5795
vn -0.0391 -0.7656 0.6421
vn 0.0388 -0.7194 0.6935
vn 0.0886 -0.6702 0.7369
vn 0.1264 -0.6187 0.7754
vn 0.1507 -0.5582 0.8159
vn 0.1619 -0.4773 0.8637
vn 0.1658 -0.3824 0.9090
vn 0.1755 -0.2957 0.9390
vn 0.1886 -0.2233 0.9563
vn 0.2059 -0.1601 0.9654
vn 0.2230 -0.1048 0.9692
vn 0.1908 -0.0791 0.9784
vn 0.2448 -0.0784 0.9664
vn 0.2693 -0.0763 0.9600
vn 0.2741 -0.0637 0.9596
vn 0.6186 -0.7521 -0.2275
vn 0.1349 -0.9086 -0.3954
vn 0.2172 -0.8442 -0.4900
vn 0.2230 -0.7850 -0.5780
vn 0.2204 -0.7256 -0.6519
vn 0.2249 -0.6642 -0.7129
vn 0.2365 -0.6005 -0.7639
vn 0.2535 -0.5360 -0.8053
vn 0.2747 -0.4752 -0.8359
vn 0.2975 -0.4201 -0.8573
vn 0.3228 -0.3655 -0.8731
vn 0.3526 -0.3027 -0.8854
vn 0.3873 -0.2250 -0.8941
vn 0.4158 -0.1359 -0.8993
vn 0.4382 -0.0323 -0.8983
vn 0.4558 0.0867 -0.8858
vn 0.4524 0.1993 -0.8693
vn 0.4418 0.2953 -0.8471
vn 0.4290 0.3817 -0.8187
vn 0.3765 0.4236 -0.8239
vn 0.4270 0.4237 -0.7988
vn 0.4700 0.4225 -0.7750
vn -0.3679 -0.8406 -0.3975
vn -0.3079 -0.8105 -0.4983
vn -0.2497 -0.7720 -0.5845
vn -0.1969 -0.7254 -0.6595
vn -0.1501 -0.6715 -0.7256
vn -0.1090 -0.6104 -0.7846
vn -0.0758 -0.5441 -0.8356
vn -0.0521 -0.4760 -0.8779
vn -0.0395 -0.4085 -0.9119
vn -0.0350 -0.3404 -0.9396
vn -0.0343 -0.2670 -0.9631
vn -0.0324 -0.1841 -0.9824
vn -0.0249 -0.0945 -0.9952
vn -0.0151 -0.0028 -0.9999
vn -0.0062 0.0918 -0.9958
vn 0.0013 0.1838 -0.9830
vn 0.0180 0.3117 -0.9500
vn 0.0090 0.2694 -0.9630
vn 0.0136 0.3110 -0.9503
vn 0.0083 0.3103 -0.9506
vn 0.6184 -0.7520 -0.2284
vn -0.5393 -0.0801 -0.8383
vn -0.6184 0.7520 0.2284
vn -0.5394 -0.0796 -0.8382
vn -0.6532 0.3800 -0.6550
vn -0.2392 -0.3371 -0.9106
vn 0.1228 -0.9771 -0.1739
vn 0.1249 -0.9770 -0.1727
vn 0.1259 -0.9771 -0.1717
vn 0.1253 -0.9770 -0.1724
vn 0.1278 -0.9768 -0.1719
vn 0.1255 -0.9770 -0.1721
vn 0.1249 -0.9772 -0.1715
vn 0.1258 -0.9771 -0.1715
vn 0.1264 -0.9770 -0.1714
vn 0.1257 -0.9771 -0.1715
vn -0.1775 0.9659 0.1883
vn -0.9116 -0.2820 0.2991
vn -0.1395 0.9744 0.1763
vn -0.1282 0.9768 0.1718
vn 0.1280 -0.9768 -0.1719
vn -0.1282 0.9767 0.1719
vn 0.1269 -0.9772 -0.1705
vn 0.1185 -0.9785 -0.1691
vn 0.1283 -0.9767 -0.1720
vn 0.1281 -0.9768 -0.1717
vn -0.1525 -0.3722 0.9155
vn 0.5469 -0.8325 0.0884
vn 0.3421 -0.9107 -0.2315
vn 0.6141 -0.7443 -0.2623
vn 0.6182 -0.7520 -0.2288
vn 0.6139 -0.7460 -0.2581
vn 0.5388 -0.8424 0.0089
vn -0.4333 0.2104 -0.8763
vn 0.6181 -0.7520 -0.2289
vn -0.3673 0.0001 -0.9301
vn 0.2307 -0.9542 -0.1906
vn 0.6184 -0.7520 -0.2281
vn -0.3060 -0.1695 -0.9368
vn 0.2226 -0.9569 -0.1864
vn 0.2225 -0.9569 -0.1865
vn 0.2228 -0.9569 -0.1862
vn 0.2225 -0.9569 -0.1864
vn 0.2228 -0.9569 -0.1863
vn 0.2224 -0.9570 -0.1864
vn 0.2234 -0.9567 -0.1865
vn 0.2227 -0.9569 -0.1865
vn 0.2225 -0.9570 -0.1862
vn 0.2247 -0.9558 -0.1895
vn 0.2227 -0.9569 -0.1864
vn -0.2227 0.9569 0.1865
vn -0.0083 -0.3103 0.9506
vn -0.0213 -0.2945 0.9554
vn -0.0233 -0.2891 0.9570
vn -0.0616 -0.2172 0.9742
vn 0.0314 -0.3848 0.9224
vn 0.6181 -0.7520 -0.2291
vn 0.6078 -0.7601 -0.2298
vn -0.6181 0.7520 0.2291
vn -0.6183 0.7520 0.2285
vn 0.6182 -0.7521 -0.2285
vn -0.6186 0.7524 0.2265
vn -0.6182 0.7521 0.2284
vn -0.0610 -0.2677 0.9616
vn 0.3571 -0.9201 -0.1609
vn 0.3765 -0.4749 -0.7954
vn 0.0440 0.2933 -0.9550
vn 0.2226 -0.9569 -0.1863
vn 0.1541 0.1570 -0.9755
vn 0.1833 -0.2688 -0.9456
vn -0.2225 0.9569 0.1867
vn 0.2226 -0.9569 -0.1865
vn -0.2226 0.9569 0.1864
vn 0.4264 -0.8145 -0.3935
vn -0.2225 0.9572 0.1851
vn -0.2224 0.9572 0.1853
vn 0.2190 -0.9592 -0.1790
vn -0.2273 0.9543 0.1939
vn -0.2227 0.9569 0.1864
vn 0.2233 -0.9566 -0.1875
vn 0.2231 -0.9566 -0.1873
vn 0.2241 -0.9561 -0.1889
vn 0.2228 -0.9569 -0.1864
vn -0.2224 0.9570 0.1862
vn -0.2222 0.9570 0.1862
vn -0.2224 0.9570 0.1863
vn 0.2189 -0.9578 -0.1863
vn -0.2230 0.9569 0.1863
vn -0.2228 0.9569 0.1861
vn -0.2226 0.9569 0.1865
vn -0.5097 0.0044 -0.8603
vn -0.2777 -0.2485 -0.9280
vn -0.2231 0.9569 0.1860
vn 0.6120 -0.7508 -0.2484
vn 0.6124 -0.7502 -0.2493
vn -0.6182 0.7520 0.2287
vn 0.6130 -0.7491 -0.2511
vn 0.6136 -0.7472 -0.2552
vn 0.6145 -0.7348 -0.2873
vn 0.6126 -0.7119 -0.3434
vn 0.5723 -0.8053 0.1548
vn 0.6687 0.0175 0.7433
vn 0.6327 -0.7559 -0.1685
vn 0.5546 -0.7507 -0.3589
vn 0.6182 -0.7520 -0.2285
vn -0.6185 0.7521 0.2276
vn 0.5133 -0.6417 -0.5699
vn 0.2312 0.1884 -0.9545
vn 0.5600 -0.8218 0.1051
vn -0.1282 0.9768 0.1717
vn -0.1283 0.9767 0.1720
vn 0.1312 -0.9754 -0.1769
vn 0.1256 -0.9772 -0.1714
vn 0.1255 -0.9772 -0.1712
vn -0.1257 0.9771 0.1714
vn -0.9798 -0.1938 -0.0493
vn 0.1068 -0.9774 -0.1825
vn -0.1356 0.9766 0.1672
vn 0.1309 -0.9767 -0.1702
vn 0.1468 -0.9726 -0.1805
vn 0.1259 -0.9771 -0.1714
vn 0.7315 -0.6670 0.1415
vn 0.1318 -0.9766 -0.1697
vn 0.1284 -0.9767 -0.1718
vn -0.2643 -0.2113 -0.9410
vn 0.4762 -0.8793 -0.0096
vn 0.6182 -0.7520 -0.2287
# 2838 vertex normals

vt 0.2104 0.8505 0.0000
vt 0.2230 0.8549 0.0000
vt 0.2514 0.8782 0.0000
vt 0.2183 0.8599 0.0000
vt 0.1888 0.8344 0.0000
vt 0.1853 0.8416 0.0000
vt 0.2104 0.8504 0.0000
vt 0.1938 0.8300 0.0000
vt 0.2100 0.8371 0.0000
vt 0.2235 0.8482 0.0000
vt 0.2492 0.8820 0.0000
vt 0.2219 0.8568 0.0000
vt 0.1947 0.8226 0.0000
vt 0.1904 0.8120 0.0000
vt 0.1966 0.8159 0.0000
vt 0.1998 0.8149 0.0000
vt 0.2195 0.8308 0.0000
vt 0.2376 0.8476 0.0000
vt 0.2565 0.8797 0.0000
vt 0.2272 0.8470 0.0000
vt 0.2017 0.8117 0.0000
vt 0.2004 0.8045 0.0000
vt 0.2098 0.8119 0.0000
vt 0.2190 0.8138 0.0000
vt 0.2389 0.8336 0.0000
vt 0.2491 0.8426 0.0000
vt 0.2656 0.8754 0.0000
vt 0.2421 0.8455 0.0000
vt 0.2257 0.8108 0.0000
vt 0.2336 0.8095 0.0000
vt 0.2508 0.8300 0.0000
vt 0.2600 0.8401 0.0000
vt 0.2727 0.8746 0.0000
vt 0.2526 0.8422 0.0000
vt 0.2402 0.8059 0.0000
vt 0.2483 0.8054 0.0000
vt 0.2634 0.8274 0.0000
vt 0.2715 0.8383 0.0000
vt 0.2806 0.8741 0.0000
vt 0.2639 0.8398 0.0000
vt 0.2553 0.8024 0.0000
vt 0.2635 0.8026 0.0000
vt 0.2766 0.8256 0.0000
vt 0.2836 0.8372 0.0000
vt 0.2891 0.8738 0.0000
vt 0.2758 0.8381 0.0000
vt 0.2708 0.8001 0.0000
vt 0.2790 0.8009 0.0000
vt 0.2901 0.8247 0.0000
vt 0.2961 0.8368 0.0000
vt 0.2981 0.8737 0.0000
vt 0.2881 0.8372 0.0000
vt 0.2865 0.7989 0.0000
vt 0.2947 0.8003 0.0000
vt 0.3039 0.8246 0.0000
vt 0.3088 0.8370 0.0000
vt 0.3076 0.8740 0.0000
vt 0.3008 0.8369 0.0000
vt 0.3024 0.7988 0.0000
vt 0.3105 0.8006 0.0000
vt 0.3179 0.8253 0.0000
vt 0.3218 0.8379 0.0000
vt 0.3175 0.8746 0.0000
vt 0.3138 0.8373 0.0000
vt 0.3184 0.7995 0.0000
vt 0.3263 0.8018 0.0000
vt 0.3320 0.8266 0.0000
vt 0.3349 0.8394 0.0000
vt 0.3277 0.8756 0.0000
vt 0.3269 0.8384 0.0000
vt 0.3343 0.8011 0.0000
vt 0.3420 0.8037 0.0000
vt 0.3461 0.8287 0.0000
vt 0.3481 0.8414 0.0000
vt 0.3382 0.8770 0.0000
vt 0.3401 0.8401 0.0000
vt 0.3502 0.8035 0.0000
vt 0.3577 0.8064 0.0000
vt 0.3603 0.8314 0.0000
vt 0.3614 0.8441 0.0000
vt 0.3488 0.8790 0.0000
vt 0.3535 0.8424 0.0000
vt 0.3659 0.8065 0.0000
vt 0.3733 0.8098 0.0000
vt 0.3744 0.8347 0.0000
vt 0.3746 0.8474 0.0000
vt 0.3596 0.8814 0.0000
vt 0.3667 0.8453 0.0000
vt 0.3815 0.8103 0.0000
vt 0.3890 0.8123 0.0000
vt 0.3936 0.8274 0.0000
vt 0.3903 0.8437 0.0000
vt 0.3704 0.8844 0.0000
vt 0.3800 0.8489 0.0000
vt 0.3978 0.8086 0.0000
vt 0.4046 0.7993 0.0000
vt 0.4056 0.8049 0.0000
vt 0.4082 0.8059 0.0000
vt 0.4060 0.8300 0.0000
vt 0.4007 0.8557 0.0000
vt 0.3811 0.8881 0.0000
vt 0.3957 0.8455 0.0000
vt 0.4118 0.8048 0.0000
vt 0.4160 0.8006 0.0000
vt 0.4158 0.8123 0.0000
vt 0.4200 0.8219 0.0000
vt 0.4158 0.8483 0.0000
vt 0.4136 0.8608 0.0000
vt 0.3917 0.8923 0.0000
vt 0.4060 0.8578 0.0000
vt 0.4273 0.8252 0.0000
vt 0.4339 0.8296 0.0000
vt 0.4293 0.8541 0.0000
vt 0.4262 0.8665 0.0000
vt 0.4022 0.8972 0.0000
vt 0.4188 0.8632 0.0000
vt 0.4421 0.8314 0.0000
vt 0.4485 0.8361 0.0000
vt 0.4424 0.8605 0.0000
vt 0.4385 0.8728 0.0000
vt 0.4124 0.9028 0.0000
vt 0.4313 0.8693 0.0000
vt 0.4566 0.8382 0.0000
vt 0.4553 0.8675 0.0000
vt 0.4506 0.8798 0.0000
vt 0.4223 0.9091 0.0000
vt 0.4435 0.8760 0.0000
vt 0.4628 0.8432 0.0000
vt 0.4703 0.8462 0.0000
vt 0.4512 0.8656 0.0000
vt 0.4436 0.8678 0.0000
vt 0.4709 0.8456 0.0000
vt 0.4768 0.8508 0.0000
vt 0.4678 0.8752 0.0000
vt 0.4623 0.8875 0.0000
vt 0.4318 0.9161 0.0000
vt 0.4554 0.8833 0.0000
vt 0.4848 0.8536 0.0000
vt 0.4904 0.8591 0.0000
vt 0.4799 0.8835 0.0000
vt 0.4735 0.8958 0.0000
vt 0.4411 0.9238 0.0000
vt 0.4669 0.8913 0.0000
vt 0.4983 0.8623 0.0000
vt 0.5037 0.8681 0.0000
vt 0.4916 0.8924 0.0000
vt 0.4844 0.9047 0.0000
vt 0.4500 0.9321 0.0000
vt 0.4780 0.8999 0.0000
vt 0.5114 0.8716 0.0000
vt 0.5164 0.8777 0.0000
vt 0.5028 0.9018 0.0000
vt 0.4948 0.9141 0.0000
vt 0.4586 0.9408 0.0000
vt 0.4887 0.9091 0.0000
vt 0.5239 0.8815 0.0000
vt 0.5285 0.8880 0.0000
vt 0.5134 0.9118 0.0000
vt 0.5047 0.9240 0.0000
vt 0.4670 0.9498 0.0000
vt 0.4990 0.9186 0.0000
vt 0.5358 0.8921 0.0000
vt 0.5400 0.8989 0.0000
vt 0.5451 0.8863 0.0000
vt 0.5235 0.9222 0.0000
vt 0.5140 0.9342 0.0000
vt 0.4752 0.9589 0.0000
vt 0.5088 0.9285 0.0000
vt 0.5470 0.9034 0.0000
vt 0.5511 0.9098 0.0000
vt 0.5405 0.9293 0.0000
vt 0.5250 0.9448 0.0000
vt 0.4877 0.9679 0.0000
vt 0.5203 0.9388 0.0000
vt 0.5581 0.9129 0.0000
vt 0.5673 0.9103 0.0000
vt 0.5618 0.9177 0.0000
vt 0.5617 0.9220 0.0000
vt 0.5481 0.9395 0.0000
vt 0.5328 0.9555 0.0000
vt 0.4953 0.9768 0.0000
vt 0.5287 0.9492 0.0000
vt 0.5659 0.9232 0.0000
vt 0.5747 0.9203 0.0000
vt 0.5692 0.9282 0.0000
vt 0.5697 0.9353 0.0000
vt 0.5482 0.9548 0.0000
vt 0.5371 0.9650 0.0000
vt 0.4974 0.9829 0.0000
vt 0.5338 0.9585 0.0000
vt 0.5742 0.9408 0.0000
vt 0.5759 0.9482 0.0000
vt 0.5538 0.9653 0.0000
vt 0.5423 0.9743 0.0000
vt 0.5029 0.9881 0.0000
vt 0.5399 0.9677 0.0000
vt 0.5804 0.9541 0.0000
vt 0.5812 0.9615 0.0000
vt 0.5579 0.9752 0.0000
vt 0.5460 0.9826 0.0000
vt 0.5077 0.9912 0.0000
vt 0.5447 0.9759 0.0000
vt 0.5847 0.9677 0.0000
vt 0.5845 0.9749 0.0000
vt 0.5603 0.9846 0.0000
vt 0.5483 0.9899 0.0000
vt 0.5118 0.9926 0.0000
vt 0.5481 0.9833 0.0000
vt 0.5868 0.9813 0.0000
vt 0.5848 0.9871 0.0000
vt 0.1647 0.8141 0.0000
vt 0.1578 0.8210 0.0000
vt 0.1408 0.7911 0.0000
vt 0.1304 0.8003 0.0000
vt 0.1492 0.7833 0.0000
vt 0.1709 0.8075 0.0000
vt 0.1756 0.8013 0.0000
vt 0.1560 0.7767 0.0000
vt 0.1607 0.7710 0.0000
vt 0.1786 0.7959 0.0000
vt 0.1845 0.7882 0.0000
vt 0.1814 0.7891 0.0000
vt 0.1691 0.7628 0.0000
vt 0.1653 0.7633 0.0000
vt 0.1746 0.7629 0.0000
vt 0.1895 0.7882 0.0000
vt 0.2126 0.7840 0.0000
vt 0.2041 0.7866 0.0000
vt 0.2008 0.7563 0.0000
vt 0.1909 0.7594 0.0000
vt 0.2112 0.7529 0.0000
vt 0.2213 0.7809 0.0000
vt 0.2301 0.7783 0.0000
vt 0.2215 0.7501 0.0000
vt 0.2318 0.7479 0.0000
vt 0.2391 0.7761 0.0000
vt 0.2480 0.7743 0.0000
vt 0.2421 0.7461 0.0000
vt 0.2523 0.7447 0.0000
vt 0.2570 0.7729 0.0000
vt 0.2660 0.7718 0.0000
vt 0.2624 0.7438 0.0000
vt 0.2724 0.7432 0.0000
vt 0.2750 0.7711 0.0000
vt 0.2839 0.7706 0.0000
vt 0.2823 0.7429 0.0000
vt 0.2921 0.7429 0.0000
vt 0.2929 0.7705 0.0000
vt 0.3018 0.7706 0.0000
vt 0.3019 0.7432 0.0000
vt 0.3115 0.7438 0.0000
vt 0.3107 0.7710 0.0000
vt 0.3195 0.7716 0.0000
vt 0.3211 0.7446 0.0000
vt 0.3305 0.7457 0.0000
vt 0.3283 0.7725 0.0000
vt 0.3370 0.7735 0.0000
vt 0.3399 0.7469 0.0000
vt 0.3492 0.7484 0.0000
vt 0.3457 0.7748 0.0000
vt 0.3543 0.7763 0.0000
vt 0.3584 0.7501 0.0000
vt 0.3675 0.7519 0.0000
vt 0.3629 0.7779 0.0000
vt 0.3714 0.7797 0.0000
vt 0.3765 0.7539 0.0000
vt 0.3855 0.7561 0.0000
vt 0.3798 0.7817 0.0000
vt 0.3882 0.7838 0.0000
vt 0.3944 0.7584 0.0000
vt 0.4027 0.7601 0.0000
vt 0.3963 0.7852 0.0000
vt 0.4037 0.7848 0.0000
vt 0.4102 0.7606 0.0000
vt 0.4162 0.7597 0.0000
vt 0.4099 0.7831 0.0000
vt 0.4185 0.7806 0.0000
vt 0.4168 0.7791 0.0000
vt 0.4253 0.7586 0.0000
vt 0.4235 0.7562 0.0000
vt 0.4277 0.7629 0.0000
vt 0.4206 0.7845 0.0000
vt 0.4375 0.7999 0.0000
vt 0.4302 0.7959 0.0000
vt 0.4464 0.7755 0.0000
vt 0.4386 0.7718 0.0000
vt 0.4549 0.7788 0.0000
vt 0.4455 0.8031 0.0000
vt 0.4534 0.8065 0.0000
vt 0.4633 0.7823 0.0000
vt 0.4717 0.7860 0.0000
vt 0.4613 0.8100 0.0000
vt 0.4692 0.8137 0.0000
vt 0.4800 0.7898 0.0000
vt 0.4883 0.7938 0.0000
vt 0.4769 0.8175 0.0000
vt 0.4846 0.8215 0.0000
vt 0.4965 0.7980 0.0000
vt 0.5046 0.8023 0.0000
vt 0.4923 0.8256 0.0000
vt 0.4998 0.8299 0.0000
vt 0.5128 0.8068 0.0000
vt 0.5208 0.8115 0.0000
vt 0.5073 0.8344 0.0000
vt 0.5147 0.8390 0.0000
vt 0.5288 0.8164 0.0000
vt 0.5367 0.8215 0.0000
vt 0.5220 0.8439 0.0000
vt 0.5291 0.8489 0.0000
vt 0.5446 0.8268 0.0000
vt 0.5524 0.8323 0.0000
vt 0.5362 0.8541 0.0000
vt 0.5432 0.8596 0.0000
vt 0.5600 0.8381 0.0000
vt 0.5676 0.8442 0.0000
vt 0.5500 0.8652 0.0000
vt 0.5566 0.8711 0.0000
vt 0.5751 0.8505 0.0000
vt 0.5824 0.8571 0.0000
vt 0.5631 0.8772 0.0000
vt 0.5694 0.8835 0.0000
vt 0.5896 0.8640 0.0000
vt 0.5961 0.8707 0.0000
vt 0.5750 0.8896 0.0000
vt 0.5795 0.8948 0.0000
vt 0.6014 0.8765 0.0000
vt 0.6054 0.8811 0.0000
vt 0.5829 0.8990 0.0000
vt 0.5885 0.9062 0.0000
vt 0.5869 0.9039 0.0000
vt 0.6120 0.8892 0.0000
vt 0.6101 0.8867 0.0000
vt 0.6145 0.8926 0.0000
vt 0.5905 0.9092 0.0000
vt 0.6015 0.9269 0.0000
vt 0.5973 0.9196 0.0000
vt 0.6279 0.9130 0.0000
vt 0.6228 0.9045 0.0000
vt 0.6332 0.9226 0.0000
vt 0.6056 0.9351 0.0000
vt 0.6092 0.9435 0.0000
vt 0.6379 0.9327 0.0000
vt 0.6421 0.9432 0.0000
vt 0.6123 0.9522 0.0000
vt 0.6148 0.9611 0.0000
vt 0.6457 0.9542 0.0000
vt 0.6486 0.9657 0.0000
vt 0.6167 0.9703 0.0000
vt 0.6178 0.9797 0.0000
vt 0.6506 0.9776 0.0000
vt 0.6524 0.9912 0.0000
vt 0.6186 0.9891 0.0000
vt 0.1194 0.7670 0.0000
vt 0.1076 0.7761 0.0000
vt 0.1005 0.7418 0.0000
vt 0.0848 0.7520 0.0000
vt 0.1138 0.7335 0.0000
vt 0.1302 0.7587 0.0000
vt 0.1391 0.7522 0.0000
vt 0.1248 0.7274 0.0000
vt 0.1327 0.7223 0.0000
vt 0.1455 0.7467 0.0000
vt 0.1562 0.7379 0.0000
vt 0.1517 0.7381 0.0000
vt 0.1456 0.7134 0.0000
vt 0.1405 0.7132 0.0000
vt 0.1525 0.7142 0.0000
vt 0.1625 0.7384 0.0000
vt 0.1915 0.7304 0.0000
vt 0.1803 0.7337 0.0000
vt 0.1844 0.7060 0.0000
vt 0.1720 0.7092 0.0000
vt 0.1975 0.7032 0.0000
vt 0.2033 0.7272 0.0000
vt 0.2150 0.7246 0.0000
vt 0.2104 0.7010 0.0000
vt 0.2229 0.6993 0.0000
vt 0.2266 0.7225 0.0000
vt 0.2379 0.7209 0.0000
vt 0.2352 0.6982 0.0000
vt 0.2473 0.6974 0.0000
vt 0.2491 0.7198 0.0000
vt 0.2601 0.7191 0.0000
vt 0.2591 0.6971 0.0000
vt 0.2706 0.6972 0.0000
vt 0.2710 0.7188 0.0000
vt 0.2817 0.7188 0.0000
vt 0.2819 0.6975 0.0000
vt 0.2931 0.6982 0.0000
vt 0.2923 0.7191 0.0000
vt 0.3026 0.7197 0.0000
vt 0.3040 0.6991 0.0000
vt 0.3147 0.7002 0.0000
vt 0.3129 0.7205 0.0000
vt 0.3230 0.7216 0.0000
vt 0.3253 0.7016 0.0000
vt 0.3356 0.7031 0.0000
vt 0.3330 0.7229 0.0000
vt 0.3429 0.7244 0.0000
vt 0.3459 0.7049 0.0000
vt 0.3560 0.7068 0.0000
vt 0.3526 0.7261 0.0000
vt 0.3622 0.7279 0.0000
vt 0.3659 0.7089 0.0000
vt 0.3758 0.7111 0.0000
vt 0.3718 0.7300 0.0000
vt 0.3812 0.7321 0.0000
vt 0.3855 0.7135 0.0000
vt 0.3952 0.7160 0.0000
vt 0.3905 0.7345 0.0000
vt 0.3998 0.7370 0.0000
vt 0.4047 0.7186 0.0000
vt 0.4135 0.7211 0.0000
vt 0.4084 0.7391 0.0000
vt 0.4158 0.7405 0.0000
vt 0.4208 0.7231 0.0000
vt 0.4268 0.7237 0.0000
vt 0.4217 0.7404 0.0000
vt 0.4314 0.7400 0.0000
vt 0.4294 0.7372 0.0000
vt 0.4369 0.7238 0.0000
vt 0.4347 0.7209 0.0000
vt 0.4398 0.7281 0.0000
vt 0.4340 0.7444 0.0000
vt 0.4540 0.7549 0.0000
vt 0.4458 0.7515 0.0000
vt 0.4605 0.7372 0.0000
vt 0.4521 0.7340 0.0000
vt 0.4696 0.7408 0.0000
vt 0.4628 0.7584 0.0000
vt 0.4716 0.7620 0.0000
vt 0.4787 0.7445 0.0000
vt 0.4877 0.7483 0.0000
vt 0.4803 0.7658 0.0000
vt 0.4890 0.7697 0.0000
vt 0.4968 0.7523 0.0000
vt 0.5058 0.7565 0.0000
vt 0.4977 0.7738 0.0000
vt 0.5064 0.7780 0.0000
vt 0.5147 0.7608 0.0000
vt 0.5237 0.7652 0.0000
vt 0.5150 0.7825 0.0000
vt 0.5235 0.7871 0.0000
vt 0.5327 0.7699 0.0000
vt 0.5416 0.7747 0.0000
vt 0.5321 0.7919 0.0000
vt 0.5406 0.7969 0.0000
vt 0.5505 0.7798 0.0000
vt 0.5595 0.7851 0.0000
vt 0.5491 0.8021 0.0000
vt 0.5575 0.8076 0.0000
vt 0.5684 0.7906 0.0000
vt 0.5773 0.7964 0.0000
vt 0.5659 0.8133 0.0000
vt 0.5742 0.8193 0.0000
vt 0.5862 0.8024 0.0000
vt 0.5951 0.8088 0.0000
vt 0.5825 0.8255 0.0000
vt 0.5907 0.8321 0.0000
vt 0.6040 0.8154 0.0000
vt 0.6129 0.8225 0.0000
vt 0.5988 0.8390 0.0000
vt 0.6068 0.8463 0.0000
vt 0.6217 0.8299 0.0000
vt 0.6298 0.8371 0.0000
vt 0.6142 0.8533 0.0000
vt 0.6202 0.8595 0.0000
vt 0.6365 0.8435 0.0000
vt 0.6417 0.8486 0.0000
vt 0.6248 0.8644 0.0000
vt 0.6325 0.8731 0.0000
vt 0.6302 0.8704 0.0000
vt 0.6504 0.8576 0.0000
vt 0.6478 0.8547 0.0000
vt 0.6537 0.8614 0.0000
vt 0.6354 0.8768 0.0000
vt 0.6515 0.8991 0.0000
vt 0.6452 0.8897 0.0000
vt 0.6652 0.8750 0.0000
vt 0.6727 0.8848 0.0000
vt 0.6514 0.8985 0.0000
vt 0.6805 0.8962 0.0000
vt 0.6580 0.9097 0.0000
vt 0.6641 0.9210 0.0000
vt 0.6881 0.9083 0.0000
vt 0.6952 0.9212 0.0000
vt 0.6697 0.9329 0.0000
vt 0.6747 0.9455 0.0000
vt 0.7019 0.9351 0.0000
vt 0.7079 0.9499 0.0000
vt 0.6790 0.9588 0.0000
vt 0.6824 0.9729 0.0000
vt 0.7132 0.9658 0.0000
vt 0.7185 0.9836 0.0000
vt 0.6855 0.9874 0.0000
vt 0.0843 0.7156 0.0000
vt 0.0672 0.7248 0.0000
vt 0.0705 0.6885 0.0000
vt 0.0497 0.6976 0.0000
vt 0.0883 0.6813 0.0000
vt 0.0999 0.7076 0.0000
vt 0.1126 0.7020 0.0000
vt 0.1027 0.6763 0.0000
vt 0.1132 0.6722 0.0000
vt 0.1219 0.6974 0.0000
vt 0.1370 0.6890 0.0000
vt 0.1315 0.6887 0.0000
vt 0.1303 0.6649 0.0000
vt 0.1245 0.6645 0.0000
vt 0.1379 0.6659 0.0000
vt 0.1443 0.6899 0.0000
vt 0.1790 0.6828 0.0000
vt 0.1655 0.6854 0.0000
vt 0.1753 0.6604 0.0000
vt 0.1608 0.6624 0.0000
vt 0.1906 0.6589 0.0000
vt 0.1933 0.6805 0.0000
vt 0.2072 0.6788 0.0000
vt 0.2053 0.6579 0.0000
vt 0.2195 0.6574 0.0000
vt 0.2206 0.6777 0.0000
vt 0.2337 0.6771 0.0000
vt 0.2332 0.6573 0.0000
vt 0.2466 0.6577 0.0000
vt 0.2465 0.6768 0.0000
vt 0.2589 0.6770 0.0000
vt 0.2595 0.6583 0.0000
vt 0.2720 0.6592 0.0000
vt 0.2710 0.6774 0.0000
vt 0.2828 0.6782 0.0000
vt 0.2843 0.6604 0.0000
vt 0.2962 0.6618 0.0000
vt 0.2944 0.6792 0.0000
vt 0.3057 0.6805 0.0000
vt 0.3078 0.6634 0.0000
vt 0.3192 0.6652 0.0000
vt 0.3168 0.6819 0.0000
vt 0.3277 0.6836 0.0000
vt 0.3304 0.6672 0.0000
vt 0.3413 0.6693 0.0000
vt 0.3384 0.6854 0.0000
vt 0.3490 0.6874 0.0000
vt 0.3521 0.6716 0.0000
vt 0.3627 0.6740 0.0000
vt 0.3593 0.6896 0.0000
vt 0.3696 0.6918 0.0000
vt 0.3731 0.6765 0.0000
vt 0.3834 0.6791 0.0000
vt 0.3796 0.6943 0.0000
vt 0.3896 0.6968 0.0000
vt 0.3935 0.6818 0.0000
vt 0.4036 0.6846 0.0000
vt 0.3995 0.6995 0.0000
vt 0.4093 0.7023 0.0000
vt 0.4135 0.6876 0.0000
vt 0.4226 0.6904 0.0000
vt 0.4182 0.7050 0.0000
vt 0.4256 0.7073 0.0000
vt 0.4302 0.6928 0.0000
vt 0.4362 0.6939 0.0000
vt 0.4316 0.7083 0.0000
vt 0.4420 0.7089 0.0000
vt 0.4396 0.7061 0.0000
vt 0.4466 0.6950 0.0000
vt 0.4441 0.6926 0.0000
vt 0.4499 0.6986 0.0000
vt 0.4450 0.7128 0.0000
vt 0.4663 0.7215 0.0000
vt 0.4577 0.7183 0.0000
vt 0.4716 0.7073 0.0000
vt 0.4628 0.7040 0.0000
vt 0.4811 0.7110 0.0000
vt 0.4757 0.7251 0.0000
vt 0.4850 0.7289 0.0000
vt 0.4906 0.7147 0.0000
vt 0.5001 0.7186 0.0000
vt 0.4943 0.7328 0.0000
vt 0.5036 0.7368 0.0000
vt 0.5096 0.7227 0.0000
vt 0.5191 0.7268 0.0000
vt 0.5128 0.7409 0.0000
vt 0.5221 0.7453 0.0000
vt 0.5286 0.7311 0.0000
vt 0.5381 0.7356 0.0000
vt 0.5314 0.7497 0.0000
vt 0.5406 0.7544 0.0000
vt 0.5477 0.7402 0.0000
vt 0.5573 0.7450 0.0000
vt 0.5499 0.7592 0.0000
vt 0.5592 0.7643 0.0000
vt 0.5669 0.7500 0.0000
vt 0.5765 0.7552 0.0000
vt 0.5686 0.7695 0.0000
vt 0.5779 0.7751 0.0000
vt 0.5863 0.7607 0.0000
vt 0.5961 0.7664 0.0000
vt 0.5873 0.7808 0.0000
vt 0.5967 0.7869 0.0000
vt 0.6059 0.7723 0.0000
vt 0.6159 0.7786 0.0000
vt 0.6062 0.7932 0.0000
vt 0.6156 0.7999 0.0000
vt 0.6259 0.7852 0.0000
vt 0.6360 0.7922 0.0000
vt 0.6251 0.8070 0.0000
vt 0.6347 0.8144 0.0000
vt 0.6462 0.7996 0.0000
vt 0.6557 0.8068 0.0000
vt 0.6435 0.8217 0.0000
vt 0.6509 0.8281 0.0000
vt 0.6636 0.8132 0.0000
vt 0.6699 0.8183 0.0000
vt 0.6566 0.8332 0.0000
vt 0.6663 0.8423 0.0000
vt 0.6634 0.8394 0.0000
vt 0.6804 0.8274 0.0000
vt 0.6772 0.8245 0.0000
vt 0.6847 0.8313 0.0000
vt 0.6701 0.8463 0.0000
vt 0.6917 0.8703 0.0000
vt 0.6831 0.8601 0.0000
vt 0.7090 0.8555 0.0000
vt 0.6992 0.8452 0.0000
vt 0.7196 0.8673 0.0000
vt 0.7010 0.8821 0.0000
vt 0.7100 0.8947 0.0000
vt 0.7302 0.8802 0.0000
vt 0.7407 0.8942 0.0000
vt 0.7188 0.9083 0.0000
vt 0.7273 0.9230 0.0000
vt 0.7510 0.9094 0.0000
vt 0.7610 0.9260 0.0000
vt 0.7352 0.9389 0.0000
vt 0.7426 0.9561 0.0000
vt 0.7707 0.9442 0.0000
vt 0.7808 0.9644 0.0000
vt 0.7496 0.9740 0.0000
vt 0.0594 0.6607 0.0000
vt 0.0375 0.6679 0.0000
vt 0.0508 0.6322 0.0000
vt 0.0254 0.6383 0.0000
vt 0.0724 0.6274 0.0000
vt 0.0792 0.6545 0.0000
vt 0.0950 0.6504 0.0000
vt 0.0895 0.6244 0.0000
vt 0.1020 0.6220 0.0000
vt 0.1066 0.6470 0.0000
vt 0.1255 0.6411 0.0000
vt 0.1195 0.6406 0.0000
vt 0.1224 0.6176 0.0000
vt 0.1162 0.6169 0.0000
vt 0.1305 0.6190 0.0000
vt 0.1333 0.6422 0.0000
vt 0.1731 0.6389 0.0000
vt 0.1577 0.6400 0.0000
vt 0.1722 0.6180 0.0000
vt 0.1561 0.6182 0.0000
vt 0.1889 0.6182 0.0000
vt 0.1892 0.6381 0.0000
vt 0.2046 0.6379 0.0000
vt 0.2049 0.6188 0.0000
vt 0.2202 0.6197 0.0000
vt 0.2194 0.6381 0.0000
vt 0.2336 0.6387 0.0000
vt 0.2348 0.6210 0.0000
vt 0.2489 0.6225 0.0000
vt 0.2474 0.6396 0.0000
vt 0.2607 0.6408 0.0000
vt 0.2626 0.6242 0.0000
vt 0.2757 0.6262 0.0000
vt 0.2736 0.6422 0.0000
vt 0.2862 0.6438 0.0000
vt 0.2885 0.6282 0.0000
vt 0.3009 0.6305 0.0000
vt 0.2984 0.6457 0.0000
vt 0.3103 0.6476 0.0000
vt 0.3130 0.6328 0.0000
vt 0.3247 0.6353 0.0000
vt 0.3219 0.6498 0.0000
vt 0.3332 0.6520 0.0000
vt 0.3362 0.6379 0.0000
vt 0.3475 0.6405 0.0000
vt 0.3444 0.6544 0.0000
vt 0.3553 0.6569 0.0000
vt 0.3586 0.6433 0.0000
vt 0.3694 0.6461 0.0000
vt 0.3660 0.6595 0.0000
vt 0.3766 0.6622 0.0000
vt 0.3801 0.6490 0.0000
vt 0.3907 0.6520 0.0000
vt 0.3870 0.6650 0.0000
vt 0.3973 0.6679 0.0000
vt 0.4010 0.6550 0.0000
vt 0.4113 0.6581 0.0000
vt 0.4075 0.6709 0.0000
vt 0.4176 0.6740 0.0000
vt 0.4215 0.6613 0.0000
vt 0.4308 0.6643 0.0000
vt 0.4268 0.6769 0.0000
vt 0.4345 0.6794 0.0000
vt 0.4385 0.6668 0.0000
vt 0.4446 0.6684 0.0000
vt 0.4405 0.6807 0.0000
vt 0.4510 0.6823 0.0000
vt 0.4484 0.6800 0.0000
vt 0.4551 0.6703 0.0000
vt 0.4524 0.6683 0.0000
vt 0.4586 0.6732 0.0000
vt 0.4544 0.6855 0.0000
vt 0.4765 0.6942 0.0000
vt 0.4675 0.6908 0.0000
vt 0.4810 0.6819 0.0000
vt 0.4720 0.6785 0.0000
vt 0.4908 0.6856 0.0000
vt 0.4862 0.6979 0.0000
vt 0.4958 0.7017 0.0000
vt 0.5006 0.6894 0.0000
vt 0.5104 0.6933 0.0000
vt 0.5055 0.7056 0.0000
vt 0.5151 0.7096 0.0000
vt 0.5202 0.6973 0.0000
vt 0.5300 0.7014 0.0000
vt 0.5248 0.7137 0.0000
vt 0.5345 0.7180 0.0000
vt 0.5399 0.7057 0.0000
vt 0.5498 0.7100 0.0000
vt 0.5442 0.7224 0.0000
vt 0.5540 0.7270 0.0000
vt 0.5598 0.7145 0.0000
vt 0.5699 0.7192 0.0000
vt 0.5639 0.7317 0.0000
vt 0.5738 0.7367 0.0000
vt 0.5800 0.7240 0.0000
vt 0.5902 0.7290 0.0000
vt 0.5837 0.7418 0.0000
vt 0.5938 0.7471 0.0000
vt 0.6005 0.7343 0.0000
vt 0.6110 0.7397 0.0000
vt 0.6039 0.7527 0.0000
vt 0.6142 0.7586 0.0000
vt 0.6216 0.7454 0.0000
vt 0.6323 0.7514 0.0000
vt 0.6245 0.7647 0.0000
vt 0.6350 0.7712 0.0000
vt 0.6433 0.7577 0.0000
vt 0.6544 0.7643 0.0000
vt 0.6457 0.7780 0.0000
vt 0.6565 0.7853 0.0000
vt 0.6657 0.7713 0.0000
vt 0.6763 0.7781 0.0000
vt 0.6665 0.7923 0.0000
vt 0.6751 0.7986 0.0000
vt 0.6854 0.7842 0.0000
vt 0.6925 0.7891 0.0000
vt 0.6818 0.8036 0.0000
vt 0.6932 0.8125 0.0000
vt 0.6897 0.8097 0.0000
vt 0.7047 0.7977 0.0000
vt 0.7009 0.7950 0.0000
vt 0.7097 0.8015 0.0000
vt 0.6978 0.8164 0.0000
vt 0.7246 0.8403 0.0000
vt 0.7137 0.8301 0.0000
vt 0.7388 0.8247 0.0000
vt 0.7268 0.8148 0.0000
vt 0.7520 0.8363 0.0000
vt 0.7366 0.8521 0.0000
vt 0.7486 0.8649 0.0000
vt 0.7655 0.8489 0.0000
vt 0.7794 0.8627 0.0000
vt 0.7608 0.8790 0.0000
vt 0.7731 0.8944 0.0000
vt 0.7935 0.8779 0.0000
vt 0.8078 0.8948 0.0000
vt 0.7852 0.9113 0.0000
vt 0.7973 0.9300 0.0000
vt 0.8224 0.9136 0.0000
vt 0.8378 0.9345 0.0000
vt 0.8093 0.9495 0.0000
vt 0.0447 0.6031 0.0000
vt 0.0189 0.6068 0.0000
vt 0.0413 0.5736 0.0000
vt 0.0125 0.5753 0.0000
vt 0.0659 0.5725 0.0000
vt 0.0680 0.6000 0.0000
vt 0.0861 0.5984 0.0000
vt 0.0849 0.5724 0.0000
vt 0.0988 0.5722 0.0000
vt 0.0995 0.5970 0.0000
vt 0.1211 0.5945 0.0000
vt 0.1147 0.5935 0.0000
vt 0.1214 0.5717 0.0000
vt 0.1149 0.5705 0.0000
vt 0.1297 0.5735 0.0000
vt 0.1293 0.5961 0.0000
vt 0.1725 0.5977 0.0000
vt 0.1559 0.5969 0.0000
vt 0.1741 0.5779 0.0000
vt 0.1570 0.5761 0.0000
vt 0.1916 0.5801 0.0000
vt 0.1898 0.5988 0.0000
vt 0.2061 0.6003 0.0000
vt 0.2083 0.5825 0.0000
vt 0.2241 0.5850 0.0000
vt 0.2218 0.6021 0.0000
vt 0.2367 0.6040 0.0000
vt 0.2393 0.5877 0.0000
vt 0.2538 0.5904 0.0000
vt 0.2511 0.6062 0.0000
vt 0.2649 0.6085 0.0000
vt 0.2677 0.5933 0.0000
vt 0.2812 0.5962 0.0000
vt 0.2783 0.6109 0.0000
vt 0.2912 0.6134 0.0000
vt 0.2942 0.5992 0.0000
vt 0.3069 0.6022 0.0000
vt 0.3037 0.6160 0.0000
vt 0.3159 0.6188 0.0000
vt 0.3191 0.6053 0.0000
vt 0.3311 0.6084 0.0000
vt 0.3278 0.6216 0.0000
vt 0.3394 0.6244 0.0000
vt 0.3427 0.6116 0.0000
vt 0.3542 0.6148 0.0000
vt 0.3508 0.6273 0.0000
vt 0.3619 0.6303 0.0000
vt 0.3654 0.6180 0.0000
vt 0.3764 0.6212 0.0000
vt 0.3729 0.6334 0.0000
vt 0.3836 0.6365 0.0000
vt 0.3872 0.6245 0.0000
vt 0.3978 0.6278 0.0000
vt 0.3942 0.6396 0.0000
vt 0.4047 0.6428 0.0000
vt 0.4083 0.6311 0.0000
vt 0.4187 0.6345 0.0000
vt 0.4151 0.6460 0.0000
vt 0.4253 0.6493 0.0000
vt 0.4290 0.6379 0.0000
vt 0.4385 0.6411 0.0000
vt 0.4347 0.6524 0.0000
vt 0.4425 0.6550 0.0000
vt 0.4463 0.6437 0.0000
vt 0.4524 0.6455 0.0000
vt 0.4486 0.6567 0.0000
vt 0.4591 0.6590 0.0000
vt 0.4562 0.6571 0.0000
vt 0.4629 0.6481 0.0000
vt 0.4600 0.6464 0.0000
vt 0.4666 0.6505 0.0000
vt 0.4627 0.6616 0.0000
vt 0.4853 0.6703 0.0000
vt 0.4762 0.6669 0.0000
vt 0.4895 0.6592 0.0000
vt 0.4802 0.6558 0.0000
vt 0.4994 0.6629 0.0000
vt 0.4952 0.6740 0.0000
vt 0.5051 0.6778 0.0000
vt 0.5094 0.6667 0.0000
vt 0.5194 0.6705 0.0000
vt 0.5150 0.6817 0.0000
vt 0.5250 0.6857 0.0000
vt 0.5294 0.6745 0.0000
vt 0.5395 0.6785 0.0000
vt 0.5349 0.6897 0.0000
vt 0.5449 0.6939 0.0000
vt 0.5496 0.6826 0.0000
vt 0.5598 0.6868 0.0000
vt 0.5550 0.6982 0.0000
vt 0.5651 0.7026 0.0000
vt 0.5701 0.6912 0.0000
vt 0.5805 0.6956 0.0000
vt 0.5754 0.7072 0.0000
vt 0.5857 0.7119 0.0000
vt 0.5910 0.7002 0.0000
vt 0.6016 0.7050 0.0000
vt 0.5961 0.7168 0.0000
vt 0.6067 0.7219 0.0000
vt 0.6124 0.7099 0.0000
vt 0.6234 0.7150 0.0000
vt 0.6175 0.7272 0.0000
vt 0.6283 0.7327 0.0000
vt 0.6345 0.7203 0.0000
vt 0.6459 0.7258 0.0000
vt 0.6394 0.7385 0.0000
vt 0.6507 0.7445 0.0000
vt 0.6575 0.7316 0.0000
vt 0.6694 0.7377 0.0000
vt 0.6622 0.7509 0.0000
vt 0.6740 0.7576 0.0000
vt 0.6816 0.7442 0.0000
vt 0.6931 0.7504 0.0000
vt 0.6851 0.7642 0.0000
vt 0.6946 0.7700 0.0000
vt 0.7030 0.7559 0.0000
vt 0.7108 0.7603 0.0000
vt 0.7021 0.7747 0.0000
vt 0.7150 0.7830 0.0000
vt 0.7110 0.7803 0.0000
vt 0.7244 0.7682 0.0000
vt 0.7202 0.7657 0.0000
vt 0.7300 0.7716 0.0000
vt 0.7203 0.7866 0.0000
vt 0.7516 0.8088 0.0000
vt 0.7387 0.7993 0.0000
vt 0.7632 0.7926 0.0000
vt 0.7494 0.7837 0.0000
vt 0.7787 0.8031 0.0000
vt 0.7660 0.8199 0.0000
vt 0.7809 0.8321 0.0000
vt 0.7948 0.8146 0.0000
vt 0.8117 0.8272 0.0000
vt 0.7963 0.8454 0.0000
vt 0.8123 0.8602 0.0000
vt 0.8294 0.8412 0.0000
vt 0.8480 0.8569 0.0000
vt 0.8288 0.8767 0.0000
vt 0.8458 0.8951 0.0000
vt 0.8675 0.8746 0.0000
vt 0.8884 0.8944 0.0000
vt 0.8631 0.9145 0.0000
vt 0.0406 0.5437 0.0000
vt 0.0121 0.5425 0.0000
vt 0.0169 0.5380 0.0000
vt 0.0422 0.5220 0.0000
vt 0.0121 0.5409 0.0000
vt 0.0689 0.5175 0.0000
vt 0.0662 0.5450 0.0000
vt 0.0535 0.5152 0.0000
vt 0.0858 0.5465 0.0000
vt 0.0889 0.5208 0.0000
vt 0.1034 0.5232 0.0000
vt 0.1001 0.5476 0.0000
vt 0.1234 0.5492 0.0000
vt 0.1168 0.5477 0.0000
vt 0.1269 0.5270 0.0000
vt 0.1203 0.5253 0.0000
vt 0.1353 0.5295 0.0000
vt 0.1318 0.5513 0.0000
vt 0.1767 0.5586 0.0000
vt 0.1595 0.5557 0.0000
vt 0.1805 0.5397 0.0000
vt 0.1632 0.5357 0.0000
vt 0.1983 0.5440 0.0000
vt 0.1945 0.5618 0.0000
vt 0.2113 0.5651 0.0000
vt 0.2151 0.5482 0.0000
vt 0.2310 0.5524 0.0000
vt 0.2272 0.5685 0.0000
vt 0.2425 0.5718 0.0000
vt 0.2463 0.5565 0.0000
vt 0.2608 0.5605 0.0000
vt 0.2570 0.5752 0.0000
vt 0.2711 0.5787 0.0000
vt 0.2748 0.5644 0.0000
vt 0.2883 0.5683 0.0000
vt 0.2846 0.5821 0.0000
vt 0.2976 0.5855 0.0000
vt 0.3014 0.5722 0.0000
vt 0.3140 0.5760 0.0000
vt 0.3103 0.5889 0.0000
vt 0.3226 0.5924 0.0000
vt 0.3263 0.5798 0.0000
vt 0.3382 0.5835 0.0000
vt 0.3346 0.5958 0.0000
vt 0.3462 0.5992 0.0000
vt 0.3499 0.5872 0.0000
vt 0.3614 0.5909 0.0000
vt 0.3577 0.6026 0.0000
vt 0.3689 0.6061 0.0000
vt 0.3726 0.5945 0.0000
vt 0.3836 0.5982 0.0000
vt 0.3799 0.6095 0.0000
vt 0.3908 0.6130 0.0000
vt 0.3944 0.6018 0.0000
vt 0.4051 0.6054 0.0000
vt 0.4014 0.6164 0.0000
vt 0.4120 0.6199 0.0000
vt 0.4157 0.6090 0.0000
vt 0.4261 0.6126 0.0000
vt 0.4224 0.6234 0.0000
vt 0.4327 0.6269 0.0000
vt 0.4364 0.6161 0.0000
vt 0.4459 0.6195 0.0000
vt 0.4422 0.6301 0.0000
vt 0.4501 0.6328 0.0000
vt 0.4538 0.6222 0.0000
vt 0.4599 0.6242 0.0000
vt 0.4562 0.6347 0.0000
vt 0.4666 0.6377 0.0000
vt 0.4636 0.6361 0.0000
vt 0.4702 0.6274 0.0000
vt 0.4672 0.6260 0.0000
vt 0.4742 0.6294 0.0000
vt 0.4705 0.6398 0.0000
vt 0.4934 0.6484 0.0000
vt 0.4842 0.6450 0.0000
vt 0.4973 0.6379 0.0000
vt 0.4880 0.6345 0.0000
vt 0.5073 0.6417 0.0000
vt 0.5034 0.6521 0.0000
vt 0.5135 0.6559 0.0000
vt 0.5174 0.6454 0.0000
vt 0.5276 0.6492 0.0000
vt 0.5236 0.6598 0.0000
vt 0.5337 0.6636 0.0000
vt 0.5377 0.6531 0.0000
vt 0.5479 0.6570 0.0000
vt 0.5438 0.6676 0.0000
vt 0.5540 0.6717 0.0000
vt 0.5582 0.6609 0.0000
vt 0.5686 0.6650 0.0000
vt 0.5643 0.6758 0.0000
vt 0.5747 0.6800 0.0000
vt 0.5791 0.6691 0.0000
vt 0.5898 0.6733 0.0000
vt 0.5853 0.6844 0.0000
vt 0.5959 0.6888 0.0000
vt 0.6005 0.6776 0.0000
vt 0.6111 0.6822 0.0000
vt 0.6113 0.6823 0.0000
vt 0.6067 0.6934 0.0000
vt 0.6089 0.6810 0.0000
vt 0.6177 0.6981 0.0000
vt 0.6207 0.6874 0.0000
vt 0.6219 0.6881 0.0000
vt 0.6304 0.6927 0.0000
vt 0.6327 0.6941 0.0000
vt 0.6288 0.7030 0.0000
vt 0.6402 0.7081 0.0000
vt 0.6402 0.6983 0.0000
vt 0.6436 0.7003 0.0000
vt 0.6502 0.7040 0.0000
vt 0.6548 0.7067 0.0000
vt 0.6518 0.7134 0.0000
vt 0.6637 0.7189 0.0000
vt 0.6604 0.7100 0.0000
vt 0.6661 0.7135 0.0000
vt 0.6777 0.7208 0.0000
vt 0.6759 0.7247 0.0000
vt 0.6706 0.7162 0.0000
vt 0.6885 0.7308 0.0000
vt 0.6895 0.7286 0.0000
vt 0.6809 0.7228 0.0000
vt 0.6910 0.7297 0.0000
vt 0.7005 0.7364 0.0000
vt 0.7004 0.7366 0.0000
vt 0.7088 0.7427 0.0000
vt 0.7097 0.7435 0.0000
vt 0.7015 0.7372 0.0000
vt 0.7006 0.7365 0.0000
vt 0.7155 0.7480 0.0000
vt 0.7169 0.7493 0.0000
vt 0.7277 0.7583 0.0000
vt 0.7292 0.7596 0.0000
vt 0.7253 0.7565 0.0000
vt 0.7323 0.7617 0.0000
vt 0.7347 0.7635 0.0000
vt 0.7576 0.7811 0.0000
vt 0.7661 0.7881 0.0000
vt 0.7530 0.7777 0.0000
vt 0.7699 0.7909 0.0000
vt 0.7808 0.7999 0.0000
vt 0.7836 0.8019 0.0000
vt 0.7963 0.8124 0.0000
vt 0.7983 0.8138 0.0000
vt 0.8129 0.8256 0.0000
vt 0.8144 0.8267 0.0000
vt 0.8307 0.8396 0.0000
vt 0.8325 0.8407 0.0000
vt 0.8501 0.8544 0.0000
vt 0.8580 0.8600 0.0000
vt 0.8768 0.8640 0.0000
vt 0.8531 0.8563 0.0000
vt 0.9080 0.8680 0.0000
vt 0.9110 0.8682 0.0000
vt 0.9099 0.8695 0.0000
vt 0.0711 0.5063 0.0000
vt 0.0942 0.4955 0.0000
vt 0.0935 0.4953 0.0000
vt 0.0944 0.4949 0.0000
vt 0.0952 0.4946 0.0000
vt 0.1124 0.4873 0.0000
vt 0.1087 0.4993 0.0000
vt 0.1321 0.5053 0.0000
vt 0.1255 0.5032 0.0000
vt 0.1389 0.4841 0.0000
vt 0.1323 0.4817 0.0000
vt 0.1472 0.4872 0.0000
vt 0.1405 0.5081 0.0000
vt 0.1854 0.5213 0.0000
vt 0.1682 0.5162 0.0000
vt 0.1913 0.5032 0.0000
vt 0.1744 0.4971 0.0000
vt 0.2087 0.5095 0.0000
vt 0.2030 0.5266 0.0000
vt 0.2197 0.5317 0.0000
vt 0.2251 0.5155 0.0000
vt 0.2408 0.5212 0.0000
vt 0.2355 0.5366 0.0000
vt 0.2507 0.5414 0.0000
vt 0.2557 0.5266 0.0000
vt 0.2700 0.5319 0.0000
vt 0.2651 0.5460 0.0000
vt 0.2791 0.5505 0.0000
vt 0.2838 0.5369 0.0000
vt 0.2970 0.5417 0.0000
vt 0.2925 0.5549 0.0000
vt 0.3054 0.5592 0.0000
vt 0.3099 0.5464 0.0000
vt 0.3224 0.5509 0.0000
vt 0.3180 0.5634 0.0000
vt 0.3302 0.5675 0.0000
vt 0.3345 0.5553 0.0000
vt 0.3463 0.5597 0.0000
vt 0.3422 0.5715 0.0000
vt 0.3538 0.5755 0.0000
vt 0.3579 0.5639 0.0000
vt 0.3692 0.5680 0.0000
vt 0.3652 0.5794 0.0000
vt 0.3764 0.5832 0.0000
vt 0.3803 0.5720 0.0000
vt 0.3913 0.5760 0.0000
vt 0.3874 0.5870 0.0000
vt 0.3982 0.5908 0.0000
vt 0.4020 0.5800 0.0000
vt 0.4127 0.5838 0.0000
vt 0.4088 0.5945 0.0000
vt 0.4194 0.5982 0.0000
vt 0.4232 0.5877 0.0000
vt 0.4336 0.5914 0.0000
vt 0.4298 0.6019 0.0000
vt 0.4401 0.6056 0.0000
vt 0.4439 0.5952 0.0000
vt 0.4534 0.5987 0.0000
vt 0.4496 0.6090 0.0000
vt 0.4575 0.6118 0.0000
vt 0.4612 0.6015 0.0000
vt 0.4673 0.6037 0.0000
vt 0.4636 0.6139 0.0000
vt 0.4739 0.6174 0.0000
vt 0.4708 0.6161 0.0000
vt 0.4775 0.6074 0.0000
vt 0.4744 0.6063 0.0000
vt 0.4816 0.6089 0.0000
vt 0.4779 0.6191 0.0000
vt 0.5011 0.6276 0.0000
vt 0.4917 0.6242 0.0000
vt 0.5048 0.6174 0.0000
vt 0.4955 0.6140 0.0000
vt 0.5149 0.6211 0.0000
vt 0.5112 0.6313 0.0000
vt 0.5213 0.6351 0.0000
vt 0.5250 0.6248 0.0000
vt 0.5352 0.6285 0.0000
vt 0.5314 0.6388 0.0000
vt 0.5417 0.6426 0.0000
vt 0.5433 0.6381 0.0000
vt 0.5413 0.6342 0.0000
vt 0.5392 0.6299 0.0000
vt 0.5449 0.6411 0.0000
vt 0.5467 0.6445 0.0000
vt 0.5562 0.6532 0.0000
vt 0.5603 0.6557 0.0000
vt 0.5507 0.6498 0.0000
vt 0.5701 0.6610 0.0000
vt 0.5646 0.6580 0.0000
vt 0.5803 0.6661 0.0000
vt 0.5736 0.6627 0.0000
vt 0.5905 0.6713 0.0000
vt 0.5829 0.6674 0.0000
vt 0.6009 0.6767 0.0000
vt 0.5923 0.6722 0.0000
vt 0.6062 0.6796 0.0000
vt 0.6016 0.6771 0.0000
vt 0.1339 0.4798 0.0000
vt 0.1418 0.4771 0.0000
vt 0.1330 0.4801 0.0000
vt 0.1511 0.4737 0.0000
vt 0.1527 0.4738 0.0000
vt 0.1477 0.4750 0.0000
vt 0.1984 0.4856 0.0000
vt 0.1819 0.4784 0.0000
vt 0.1852 0.4771 0.0000
vt 0.2015 0.4789 0.0000
vt 0.1827 0.4767 0.0000
vt 0.2123 0.4804 0.0000
vt 0.2206 0.4812 0.0000
vt 0.2153 0.4928 0.0000
vt 0.2314 0.4996 0.0000
vt 0.2383 0.4841 0.0000
vt 0.2384 0.4841 0.0000
vt 0.2533 0.4911 0.0000
vt 0.2467 0.5060 0.0000
vt 0.2388 0.4841 0.0000
vt 0.2613 0.5121 0.0000
vt 0.2676 0.4977 0.0000
vt 0.2814 0.5040 0.0000
vt 0.2754 0.5179 0.0000
vt 0.2889 0.5234 0.0000
vt 0.2946 0.5100 0.0000
vt 0.3075 0.5157 0.0000
vt 0.3020 0.5286 0.0000
vt 0.3147 0.5337 0.0000
vt 0.3200 0.5211 0.0000
vt 0.3321 0.5263 0.0000
vt 0.3270 0.5386 0.0000
vt 0.3390 0.5433 0.0000
vt 0.3439 0.5313 0.0000
vt 0.3555 0.5362 0.0000
vt 0.3507 0.5479 0.0000
vt 0.3622 0.5524 0.0000
vt 0.3668 0.5409 0.0000
vt 0.3779 0.5454 0.0000
vt 0.3734 0.5567 0.0000
vt 0.3845 0.5609 0.0000
vt 0.3888 0.5498 0.0000
vt 0.3996 0.5541 0.0000
vt 0.3953 0.5651 0.0000
vt 0.4061 0.5692 0.0000
vt 0.4102 0.5583 0.0000
vt 0.4207 0.5625 0.0000
vt 0.4166 0.5732 0.0000
vt 0.4271 0.5771 0.0000
vt 0.4311 0.5665 0.0000
vt 0.4414 0.5705 0.0000
vt 0.4374 0.5810 0.0000
vt 0.4477 0.5848 0.0000
vt 0.4517 0.5744 0.0000
vt 0.4610 0.5779 0.0000
vt 0.4572 0.5883 0.0000
vt 0.4650 0.5912 0.0000
vt 0.4689 0.5809 0.0000
vt 0.4748 0.5833 0.0000
vt 0.4710 0.5935 0.0000
vt 0.4811 0.5975 0.0000
vt 0.4780 0.5965 0.0000
vt 0.4848 0.5875 0.0000
vt 0.4816 0.5866 0.0000
vt 0.4891 0.5885 0.0000
vt 0.4853 0.5988 0.0000
vt 0.5085 0.6072 0.0000
vt 0.4992 0.6038 0.0000
vt 0.5122 0.5968 0.0000
vt 0.5029 0.5935 0.0000
vt 0.5224 0.6005 0.0000
vt 0.5186 0.6108 0.0000
vt 0.5288 0.6145 0.0000
vt 0.5297 0.6119 0.0000
vt 0.5269 0.6068 0.0000
vt 0.5234 0.6008 0.0000
vt 0.5307 0.6136 0.0000
vt 0.5317 0.6155 0.0000
vt 0.5366 0.6248 0.0000
vt 0.5343 0.6204 0.0000
vt 0.5378 0.6272 0.0000
vt 0.2551 0.4875 0.0000
vt 0.2596 0.4888 0.0000
vt 0.2706 0.4916 0.0000
vt 0.2778 0.4940 0.0000
vt 0.2851 0.4962 0.0000
vt 0.2936 0.4994 0.0000
vt 0.2988 0.5011 0.0000
vt 0.3080 0.5048 0.0000
vt 0.3118 0.5062 0.0000
vt 0.3216 0.5101 0.0000
vt 0.3244 0.5112 0.0000
vt 0.3348 0.5151 0.0000
vt 0.3367 0.5158 0.0000
vt 0.3478 0.5198 0.0000
vt 0.3488 0.5202 0.0000
vt 0.3575 0.5230 0.0000
vt 0.3607 0.5241 0.0000
vt 0.3605 0.5244 0.0000
vt 0.3717 0.5293 0.0000
vt 0.3611 0.5242 0.0000
vt 0.3725 0.5274 0.0000
vt 0.3747 0.5280 0.0000
vt 0.3842 0.5304 0.0000
vt 0.3827 0.5340 0.0000
vt 0.3935 0.5386 0.0000
vt 0.3885 0.5315 0.0000
vt 0.3958 0.5332 0.0000
vt 0.4023 0.5347 0.0000
vt 0.4072 0.5357 0.0000
vt 0.4041 0.5431 0.0000
vt 0.4146 0.5474 0.0000
vt 0.4159 0.5378 0.0000
vt 0.4184 0.5383 0.0000
vt 0.4289 0.5409 0.0000
vt 0.4294 0.5410 0.0000
vt 0.4250 0.5516 0.0000
vt 0.4353 0.5558 0.0000
vt 0.4398 0.5448 0.0000
vt 0.4327 0.5419 0.0000
vt 0.4499 0.5489 0.0000
vt 0.4456 0.5598 0.0000
vt 0.4557 0.5638 0.0000
vt 0.4600 0.5529 0.0000
vt 0.4692 0.5566 0.0000
vt 0.4651 0.5674 0.0000
vt 0.4728 0.5703 0.0000
vt 0.4769 0.5596 0.0000
vt 0.4768 0.5595 0.0000
vt 0.4822 0.5626 0.0000
vt 0.4825 0.5628 0.0000
vt 0.4787 0.5728 0.0000
vt 0.4886 0.5773 0.0000
vt 0.4853 0.5766 0.0000
vt 0.4914 0.5683 0.0000
vt 0.4918 0.5685 0.0000
vt 0.4889 0.5671 0.0000
vt 0.4947 0.5700 0.0000
vt 0.4957 0.5706 0.0000
vt 0.4929 0.5781 0.0000
vt 0.5153 0.5883 0.0000
vt 0.5146 0.5871 0.0000
vt 0.5067 0.5830 0.0000
vt 0.5133 0.5853 0.0000
vt 0.5103 0.5810 0.0000
vt 0.5087 0.5788 0.0000
vt 0.5084 0.5785 0.0000
vt 0.5227 0.5996 0.0000
vt 0.5188 0.5936 0.0000
vt 0.5230 0.6001 0.0000
vt 0.4401 0.5439 0.0000
vt 0.4410 0.5442 0.0000
vt 0.4506 0.5473 0.0000
vt 0.4520 0.5479 0.0000
vt 0.4606 0.5514 0.0000
vt 0.4696 0.5557 0.0000
vt 0.4617 0.5520 0.0000
vt 0.4701 0.5560 0.0000
vt 0.5852 0.9018 0.0000
vt 0.6081 0.8842 0.0000
vt 0.6279 0.8678 0.0000
vt 0.6451 0.8520 0.0000
vt 0.6604 0.8367 0.0000
vt 0.6741 0.8217 0.0000
vt 0.6863 0.8070 0.0000
vt 0.6972 0.7924 0.0000
vt 0.7071 0.7778 0.0000
vt 0.7161 0.7633 0.0000
vt 0.7228 0.7544 0.0000
vt 0.7216 0.7533 0.0000
vt 0.7181 0.7503 0.0000
vt 0.5936 0.9137 0.0000
vt 0.6182 0.8977 0.0000
vt 0.6397 0.8823 0.0000
vt 0.6588 0.8672 0.0000
vt 0.6758 0.8522 0.0000
vt 0.6910 0.8372 0.0000
vt 0.7047 0.8222 0.0000
vt 0.7171 0.8072 0.0000
vt 0.7283 0.7920 0.0000
vt 0.7384 0.7767 0.0000
vt 0.7486 0.7744 0.0000
vt 0.7426 0.7695 0.0000
vt 0.7427 0.7696 0.0000
vt 0.7385 0.7665 0.0000
vt 0.1962 0.7879 0.0000
vt 0.1821 0.7617 0.0000
vt 0.1706 0.7367 0.0000
vt 0.1613 0.7123 0.0000
vt 0.1539 0.6883 0.0000
vt 0.1482 0.6646 0.0000
vt 0.1442 0.6415 0.0000
vt 0.1419 0.6189 0.0000
vt 0.1412 0.5966 0.0000
vt 0.1419 0.5748 0.0000
vt 0.1441 0.5534 0.0000
vt 0.1478 0.5323 0.0000
vt 0.1529 0.5117 0.0000
vt 0.1594 0.4916 0.0000
vt 0.1763 0.4759 0.0000
vt 0.1815 0.4765 0.0000
vt 0.1682 0.4750 0.0000
vt 0.1662 0.4749 0.0000
vt 0.1566 0.4739 0.0000
vt 0.1800 0.7917 0.0000
vt 0.1631 0.7663 0.0000
vt 0.1489 0.7415 0.0000
vt 0.1371 0.7169 0.0000
vt 0.1274 0.6922 0.0000
vt 0.1197 0.6676 0.0000
vt 0.1140 0.6432 0.0000
vt 0.1102 0.6189 0.0000
vt 0.1082 0.5949 0.0000
vt 0.1081 0.5711 0.0000
vt 0.1097 0.5476 0.0000
vt 0.1132 0.5244 0.0000
vt 0.1169 0.4854 0.0000
vt 0.1243 0.4830 0.0000
vt 0.1184 0.5015 0.0000
vt 0.1301 0.4810 0.0000
vt 0.1254 0.4825 0.0000
vt 0.1325 0.4802 0.0000
vt 0.4141 0.7806 0.0000
vt 0.4206 0.7574 0.0000
vt 0.4262 0.7383 0.0000
vt 0.4314 0.7219 0.0000
vt 0.4362 0.7069 0.0000
vt 0.4407 0.6930 0.0000
vt 0.4450 0.6802 0.0000
vt 0.4491 0.6682 0.0000
vt 0.4530 0.6568 0.0000
vt 0.4567 0.6460 0.0000
vt 0.4604 0.6355 0.0000
vt 0.4641 0.6252 0.0000
vt 0.4677 0.6152 0.0000
vt 0.4713 0.6052 0.0000
vt 0.4750 0.5952 0.0000
vt 0.4787 0.5852 0.0000
vt 0.4827 0.5630 0.0000
vt 0.4861 0.5653 0.0000
vt 0.4825 0.5750 0.0000
vt 0.4863 0.5654 0.0000
vt 0.4245 0.7902 0.0000
vt 0.4322 0.7675 0.0000
vt 0.4390 0.7481 0.0000
vt 0.4450 0.7312 0.0000
vt 0.4504 0.7157 0.0000
vt 0.4554 0.7013 0.0000
vt 0.4600 0.6881 0.0000
vt 0.4644 0.6758 0.0000
vt 0.4685 0.6641 0.0000
vt 0.4725 0.6530 0.0000
vt 0.4764 0.6422 0.0000
vt 0.4802 0.6317 0.0000
vt 0.4839 0.6214 0.0000
vt 0.4877 0.6112 0.0000
vt 0.4914 0.6009 0.0000
vt 0.4952 0.5906 0.0000
vt 0.4976 0.5717 0.0000
vt 0.5013 0.5739 0.0000
vt 0.4990 0.5801 0.0000
vt 0.5049 0.5763 0.0000
vt 0.5013 0.5740 0.0000
vt 0.5487 0.6485 0.0000
vt 0.5485 0.6480 0.0000
vt 0.7523 0.7855 0.0000
vt 0.7615 0.7931 0.0000
vt 0.7623 0.7939 0.0000
vt 0.7746 0.8039 0.0000
vt 0.7766 0.8058 0.0000
vt 0.7888 0.8157 0.0000
vt 0.7917 0.8184 0.0000
vt 0.8043 0.8284 0.0000
vt 0.8079 0.8317 0.0000
vt 0.8217 0.8422 0.0000
vt 0.8255 0.8456 0.0000
vt 0.8456 0.8549 0.0000
vt 0.8336 0.8517 0.0000
vt 0.0216 0.5336 0.0000
vt 0.0121 0.5382 0.0000
vt 0.0421 0.5227 0.0000
vt 0.0570 0.5157 0.0000
vt 0.5838 0.6709 0.0000
vt 0.5890 0.6736 0.0000
vt 0.5895 0.6739 0.0000
vt 0.5983 0.6786 0.0000
vt 0.5998 0.6794 0.0000
vt 0.6076 0.6837 0.0000
vt 0.6101 0.6852 0.0000
vt 0.6170 0.6890 0.0000
vt 0.6206 0.6911 0.0000
vt 0.6265 0.6944 0.0000
vt 0.6313 0.6972 0.0000
vt 0.6363 0.6999 0.0000
vt 0.6423 0.7034 0.0000
vt 0.6534 0.7099 0.0000
vt 0.6463 0.7056 0.0000
vt 0.6430 0.7038 0.0000
vt 0.6563 0.7116 0.0000
vt 0.6646 0.7169 0.0000
vt 0.6663 0.7179 0.0000
vt 0.6760 0.7245 0.0000
vt 0.6772 0.7253 0.0000
vt 0.6861 0.7316 0.0000
vt 0.6875 0.7327 0.0000
vt 0.6872 0.7325 0.0000
vt 0.6762 0.7246 0.0000
vt 0.6955 0.7386 0.0000
vt 0.6982 0.7408 0.0000
vt 0.7039 0.7451 0.0000
vt 0.7073 0.7480 0.0000
vt 0.7110 0.7509 0.0000
vt 0.7144 0.7538 0.0000
vt 0.7240 0.7619 0.0000
vt 0.7228 0.7610 0.0000
vt 0.7266 0.7641 0.0000
vt 0.7280 0.7652 0.0000
vt 0.7318 0.7685 0.0000
vt 0.7499 0.7835 0.0000
vt 0.7496 0.7833 0.0000
vt 0.8491 0.8556 0.0000
vt 0.8532 0.8563 0.0000
vt 0.8790 0.8615 0.0000
vt 0.9127 0.8662 0.0000
vt 0.9046 0.8654 0.0000
vt 0.0703 0.5104 0.0000
vt 0.0830 0.5052 0.0000
vt 0.0931 0.5007 0.0000
vt 0.1005 0.4971 0.0000
vt 0.1107 0.4927 0.0000
vt 0.5396 0.6301 0.0000
vt 0.5417 0.6340 0.0000
vt 0.5436 0.6373 0.0000
vt 0.5479 0.6449 0.0000
vt 0.5455 0.6408 0.0000
vt 0.5494 0.6476 0.0000
vt 0.5506 0.6499 0.0000
vt 0.5615 0.6594 0.0000
vt 0.5593 0.6582 0.0000
vt 0.5691 0.6636 0.0000
vt 0.5703 0.6642 0.0000
vt 0.5793 0.6687 0.0000
vt 0.5797 0.6688 0.0000
vt 0.1347 0.4788 0.0000
vt 0.1332 0.4796 0.0000
vt 0.1429 0.4742 0.0000
vt 0.1523 0.4701 0.0000
vt 0.1546 0.4691 0.0000
vt 0.1929 0.4739 0.0000
vt 0.1849 0.4723 0.0000
vt 0.2032 0.4754 0.0000
vt 0.2185 0.4780 0.0000
vt 0.2219 0.4785 0.0000
vt 0.2299 0.4798 0.0000
vt 0.2385 0.4840 0.0000
vt 0.5263 0.6071 0.0000
vt 0.5295 0.6124 0.0000
vt 0.5312 0.6153 0.0000
vt 0.5303 0.6137 0.0000
vt 0.5341 0.6205 0.0000
vt 0.5379 0.6272 0.0000
vt 0.2397 0.4815 0.0000
vt 0.2432 0.4824 0.0000
vt 0.2564 0.4851 0.0000
vt 0.2641 0.4872 0.0000
vt 0.2718 0.4892 0.0000
vt 0.2819 0.4925 0.0000
vt 0.2863 0.4938 0.0000
vt 0.2976 0.4979 0.0000
vt 0.3000 0.4987 0.0000
vt 0.3121 0.5032 0.0000
vt 0.3130 0.5036 0.0000
vt 0.3240 0.5077 0.0000
vt 0.3257 0.5085 0.0000
vt 0.3257 0.5083 0.0000
vt 0.3259 0.5084 0.0000
vt 0.3375 0.5140 0.0000
vt 0.3381 0.5128 0.0000
vt 0.3492 0.5193 0.0000
vt 0.3395 0.5132 0.0000
vt 0.3503 0.5168 0.0000
vt 0.3531 0.5177 0.0000
vt 0.3623 0.5205 0.0000
vt 0.3668 0.5218 0.0000
vt 0.3742 0.5237 0.0000
vt 0.3807 0.5254 0.0000
vt 0.3859 0.5267 0.0000
vt 0.3947 0.5288 0.0000
vt 0.3974 0.5294 0.0000
vt 0.4083 0.5320 0.0000
vt 0.4088 0.5321 0.0000
vt 0.4110 0.5327 0.0000
vt 0.4193 0.5362 0.0000
vt 0.4296 0.5406 0.0000
vt 0.4828 0.5622 0.0000
vt 0.4925 0.5669 0.0000
vt 0.4892 0.5663 0.0000
vt 0.4949 0.5672 0.0000
vt 0.4965 0.5679 0.0000
vt 0.4967 0.5680 0.0000
vt 0.5121 0.5849 0.0000
vt 0.5139 0.5875 0.0000
vt 0.5150 0.5891 0.0000
vt 0.5096 0.5813 0.0000
vt 0.5081 0.5793 0.0000
vt 0.5182 0.5939 0.0000
vt 0.5224 0.6004 0.0000
vt 0.4199 0.5349 0.0000
vt 0.4213 0.5353 0.0000
vt 0.4307 0.5379 0.0000
vt 0.4333 0.5388 0.0000
vt 0.4413 0.5412 0.0000
vt 0.4446 0.5424 0.0000
vt 0.4516 0.5448 0.0000
vt 0.4552 0.5463 0.0000
vt 0.4616 0.5487 0.0000
vt 0.4650 0.5502 0.0000
vt 0.4708 0.5526 0.0000
vt 0.4734 0.5538 0.0000
vt 0.4783 0.5560 0.0000
vt 0.4800 0.5570 0.0000
vt 0.4839 0.5592 0.0000
vt 0.4901 0.5650 0.0000
vt 0.4897 0.5648 0.0000
vt 0.4927 0.5662 0.0000
vt 0.4929 0.5663 0.0000
vt 0.7191 0.7578 0.0000
vt 0.7215 0.7599 0.0000
vt 0.7172 0.7562 0.0000
vt 0.7494 0.7832 0.0000
vt 0.7394 0.7749 0.0000
vt 0.7384 0.7741 0.0000
vt 0.1684 0.4699 0.0000
vt 0.1673 0.4720 0.0000
vt 0.1805 0.4714 0.0000
vt 0.1672 0.4697 0.0000
vt 0.1604 0.4690 0.0000
vt 0.1564 0.4686 0.0000
vt 0.1558 0.4687 0.0000
vt 0.1172 0.4888 0.0000
vt 0.1234 0.4857 0.0000
vt 0.1254 0.4842 0.0000
vt 0.1305 0.4811 0.0000
vt 0.1325 0.4799 0.0000
vt 0.4864 0.5646 0.0000
vt 0.4894 0.5644 0.0000
vt 0.4872 0.5623 0.0000
vt 0.4865 0.5616 0.0000
vt 0.4970 0.5682 0.0000
vt 0.5022 0.5715 0.0000
vt 0.5028 0.5720 0.0000
vt 0.5042 0.5740 0.0000
vt 0.5533 0.6545 0.0000
vt 0.5533 0.6546 0.0000
vt 0.8503 0.6097 0.0000
vt 0.8503 0.6099 0.0000
vt 0.8444 0.6316 0.0000
vt 0.8543 0.5897 0.0000
vt 0.7324 0.7772 0.0000
vt 0.7121 0.7902 0.0000
vt 0.7013 0.7973 0.0000
vt 0.6362 0.8850 0.0000
vt 0.6836 0.8071 0.0000
vt 0.6693 0.8155 0.0000
vt 0.6545 0.8231 0.0000
vt 0.6366 0.8322 0.0000
vt 0.6027 0.8456 0.0000
vt 0.5939 0.8480 0.0000
vt 0.5686 0.8549 0.0000
vt 0.4178 0.9164 0.0000
vt 0.5638 0.8557 0.0000
vt 0.5352 0.8606 0.0000
vt 0.5319 0.8609 0.0000
vt 0.5074 0.8627 0.0000
vt 0.5042 0.8629 0.0000
vt 0.5035 0.8630 0.0000
vt 0.4811 0.8638 0.0000
vt 0.4735 0.8640 0.0000
vt 0.4561 0.8650 0.0000
vt 0.4454 0.8655 0.0000
vt 0.4338 0.8670 0.0000
vt 0.4150 0.8711 0.0000
vt 0.4224 0.8686 0.0000
vt 0.4098 0.8727 0.0000
vt 0.4085 0.8745 0.0000
vt 0.4075 0.8753 0.0000
vt 0.5348 0.8607 0.0000
vt 0.4070 0.8745 0.0000
vt 0.4068 0.8729 0.0000
vt 0.4044 0.8707 0.0000
vt 0.3978 0.8644 0.0000
vt 0.3816 0.8541 0.0000
vt 0.3560 0.8405 0.0000
vt 0.3792 0.8525 0.0000
vt 0.3555 0.8402 0.0000
vt 0.3550 0.8400 0.0000
vt 0.3503 0.8378 0.0000
vt 0.3325 0.8289 0.0000
vt 0.3309 0.8281 0.0000
vt 0.3103 0.8168 0.0000
vt 0.3069 0.8149 0.0000
vt 0.2449 0.7594 0.0000
vt 0.2377 0.7499 0.0000
vt 0.2277 0.7364 0.0000
vt 0.1912 0.7988 0.0000
vt 0.1597 0.5954 0.0000
vt 0.1543 0.5775 0.0000
vt 0.1500 0.5633 0.0000
vt 0.0708 0.4467 0.0000
vt 0.1361 0.4850 0.0000
vt 0.1362 0.4815 0.0000
vt 0.1363 0.4622 0.0000
vt 0.1407 0.2641 0.0000
vt 0.1381 0.4420 0.0000
vt 0.1385 0.4372 0.0000
vt 0.1490 0.3891 0.0000
vt 0.1528 0.3755 0.0000
vt 0.1574 0.3590 0.0000
vt 0.1678 0.3307 0.0000
vt 0.1699 0.3247 0.0000
vt 0.1896 0.2897 0.0000
vt 0.1947 0.2829 0.0000
vt 0.2139 0.2570 0.0000
vt 0.2277 0.2420 0.0000
vt 0.2413 0.2268 0.0000
vt 0.2622 0.2081 0.0000
vt 0.2712 0.1998 0.0000
vt 0.2975 0.1811 0.0000
vt 0.3029 0.1772 0.0000
vt 0.4527 0.0642 0.0000
vt 0.3331 0.1600 0.0000
vt 0.3355 0.1586 0.0000
vt 0.4014 0.1326 0.0000
vt 0.4050 0.1317 0.0000
vt 0.4341 0.1246 0.0000
vt 0.7121 0.1986 0.0000
vt 0.7257 0.2069 0.0000
vt 0.7322 0.2108 0.0000
vt 0.7500 0.2215 0.0000
vt 0.7451 0.2186 0.0000
vt 0.7043 0.1940 0.0000
vt 0.7617 0.2284 0.0000
vt 0.8059 0.2793 0.0000
vt 0.8068 0.2811 0.0000
vt 0.8103 0.2879 0.0000
vt 0.7980 0.2642 0.0000
vt 0.7975 0.2633 0.0000
vt 0.8195 0.3055 0.0000
vt 0.8565 0.4425 0.0000
vt 0.8579 0.4639 0.0000
vt 0.8592 0.4821 0.0000
vt 0.9266 0.5031 0.0000
vt 0.8598 0.5045 0.0000
vt 0.8595 0.5212 0.0000
vt 0.8595 0.4923 0.0000
vt 0.8557 0.4359 0.0000
vt 0.8551 0.4306 0.0000
vt 0.8517 0.4089 0.0000
vt 0.8474 0.3824 0.0000
vt 0.8473 0.3822 0.0000
vt 0.8473 0.3821 0.0000
vt 0.8400 0.3574 0.0000
vt 0.8345 0.3400 0.0000
vt 0.8321 0.3339 0.0000
vt 0.8284 0.3246 0.0000
vt 0.8227 0.3124 0.0000
vt 0.7972 0.2627 0.0000
vt 0.7945 0.2581 0.0000
vt 0.8107 0.1872 0.0000
vt 0.9269 0.4897 0.0000
vt 0.9270 0.4776 0.0000
vt 0.9240 0.4321 0.0000
vt 0.9257 0.4559 0.0000
vt 0.9229 0.4226 0.0000
vt 0.9218 0.4144 0.0000
vt 0.9110 0.3622 0.0000
vt 0.9170 0.3904 0.0000
vt 0.8759 0.2752 0.0000
vt 0.9102 0.3591 0.0000
vt 0.9095 0.3567 0.0000
vt 0.8997 0.3293 0.0000
vt 0.8910 0.3060 0.0000
vt 0.8888 0.3010 0.0000
vt 0.8853 0.2933 0.0000
vt 0.8712 0.2664 0.0000
vt 0.8705 0.2653 0.0000
vt 0.8629 0.2541 0.0000
vt 0.8549 0.2422 0.0000
vt 0.8432 0.2182 0.0000
vt 0.8413 0.2048 0.0000
vt 0.8408 0.2028 0.0000
vt 0.8439 0.2231 0.0000
vt 0.8385 0.1920 0.0000
vt 0.8278 0.1895 0.0000
vt 0.8117 0.1873 0.0000
vt 0.8270 0.1893 0.0000
vt 0.8476 0.2296 0.0000
vt 0.7910 0.2524 0.0000
vt 0.7907 0.2518 0.0000
vt 0.7847 0.2445 0.0000
vt 0.7837 0.2435 0.0000
vt 0.7823 0.2424 0.0000
vt 0.7746 0.2363 0.0000
vt 0.7718 0.2346 0.0000
vt 0.6898 0.1853 0.0000
vt 0.6817 0.1805 0.0000
vt 0.6657 0.1714 0.0000
vt 0.6580 0.1670 0.0000
vt 0.6396 0.1573 0.0000
vt 0.6335 0.1542 0.0000
vt 0.6115 0.1438 0.0000
vt 0.6083 0.1423 0.0000
vt 0.5875 0.1342 0.0000
vt 0.5822 0.1323 0.0000
vt 0.5812 0.1320 0.0000
vt 0.5549 0.1249 0.0000
vt 0.8096 0.1865 0.0000
vt 0.7937 0.1759 0.0000
vt 0.7933 0.1756 0.0000
vt 0.7751 0.1612 0.0000
vt 0.7737 0.1600 0.0000
vt 0.7521 0.1451 0.0000
vt 0.7489 0.1430 0.0000
vt 0.7256 0.1284 0.0000
vt 0.6964 0.1112 0.0000
vt 0.7218 0.1259 0.0000
vt 0.7936 0.1759 0.0000
vt 0.6941 0.1099 0.0000
vt 0.6743 0.0999 0.0000
vt 0.6642 0.0951 0.0000
vt 0.6655 0.0956 0.0000
vt 0.6354 0.0835 0.0000
vt 0.6283 0.0812 0.0000
vt 0.5898 0.0704 0.0000
vt 0.6040 0.0737 0.0000
vt 0.5713 0.0662 0.0000
vt 0.5493 0.0632 0.0000
vt 0.5073 0.0605 0.0000
vt 0.5368 0.0616 0.0000
vt 0.5007 0.0603 0.0000
vt 0.4644 0.0625 0.0000
vt 0.4632 0.0625 0.0000
vt 0.5481 0.1237 0.0000
vt 0.5265 0.1201 0.0000
vt 0.5133 0.1193 0.0000
vt 0.4969 0.1184 0.0000
vt 0.4775 0.1193 0.0000
vt 0.4660 0.1198 0.0000
vt 0.4413 0.1235 0.0000
vt 0.3689 0.1436 0.0000
vt 0.3685 0.1438 0.0000
vt 0.3639 0.1458 0.0000
vt 0.4245 0.0692 0.0000
vt 0.4214 0.0700 0.0000
vt 0.3790 0.0823 0.0000
vt 0.3853 0.0798 0.0000
vt 0.3463 0.0946 0.0000
vt 0.3376 0.0989 0.0000
vt 0.2969 0.1201 0.0000
vt 0.3079 0.1133 0.0000
vt 0.2704 0.1362 0.0000
vt 0.2568 0.1464 0.0000
vt 0.2170 0.1785 0.0000
vt 0.2343 0.1629 0.0000
vt 0.2002 0.1935 0.0000
vt 0.1778 0.2177 0.0000
vt 0.1686 0.2276 0.0000
vt 0.1786 0.3088 0.0000
vt 0.1472 0.3962 0.0000
vt 0.1428 0.4148 0.0000
vt 0.1423 0.4168 0.0000
vt 0.1401 0.4273 0.0000
vt 0.1389 0.4339 0.0000
vt 0.1387 0.4350 0.0000
vt 0.1399 0.2652 0.0000
vt 0.1164 0.3053 0.0000
vt 0.1082 0.3237 0.0000
vt 0.1401 0.2649 0.0000
vt 0.0762 0.4206 0.0000
vt 0.0973 0.3476 0.0000
vt 0.0854 0.3822 0.0000
vt 0.0830 0.3898 0.0000
vt 0.0836 0.3874 0.0000
vt 0.0805 0.4002 0.0000
vt 0.0770 0.4166 0.0000
vt 0.0723 0.4392 0.0000
vt 0.1362 0.4867 0.0000
vt 0.1366 0.4912 0.0000
vt 0.1379 0.5035 0.0000
vt 0.1385 0.5084 0.0000
vt 0.1407 0.5212 0.0000
vt 0.1431 0.5342 0.0000
vt 0.1467 0.5510 0.0000
vt 0.1650 0.6113 0.0000
vt 0.1720 0.6294 0.0000
vt 0.1824 0.6537 0.0000
vt 0.1871 0.6645 0.0000
vt 0.1912 0.6729 0.0000
vt 0.0696 0.4497 0.0000
vt 0.0671 0.4576 0.0000
vt 0.0585 0.4883 0.0000
vt 0.0628 0.4711 0.0000
vt 0.0580 0.4903 0.0000
vt 0.0582 0.4914 0.0000
vt 0.0619 0.5053 0.0000
vt 0.0592 0.4959 0.0000
vt 0.0709 0.5299 0.0000
vt 0.0626 0.5076 0.0000
vt 0.0678 0.5218 0.0000
vt 0.0769 0.5642 0.0000
vt 0.0771 0.5658 0.0000
vt 0.0866 0.6067 0.0000
vt 0.0766 0.5627 0.0000
vt 0.0955 0.6353 0.0000
vt 0.1026 0.6543 0.0000
vt 0.1477 0.7428 0.0000
vt 0.1202 0.6940 0.0000
vt 0.1235 0.7014 0.0000
vt 0.1254 0.7051 0.0000
vt 0.1685 0.7729 0.0000
vt 0.1712 0.7765 0.0000
vt 0.1639 0.7668 0.0000
vt 0.2051 0.6989 0.0000
vt 0.2223 0.7278 0.0000
vt 0.2250 0.7322 0.0000
vt 0.2490 0.7643 0.0000
vt 0.2633 0.7808 0.0000
vt 0.2681 0.7853 0.0000
vt 0.2839 0.7996 0.0000
vt 0.2886 0.8028 0.0000
vt 0.1931 0.8009 0.0000
vt 0.2148 0.8214 0.0000
vt 0.2391 0.8411 0.0000
vt 0.2168 0.8233 0.0000
vt 0.2421 0.8434 0.0000
vt 0.2644 0.8582 0.0000
vt 0.2907 0.8731 0.0000
vt 0.2692 0.8614 0.0000
vt 0.3507 0.8981 0.0000
vt 0.2981 0.8771 0.0000
vt 0.3166 0.8854 0.0000
vt 0.3366 0.8933 0.0000
vt 0.3263 0.8897 0.0000
vt 0.3510 0.8982 0.0000
vt 0.3606 0.9026 0.0000
vt 0.3697 0.9068 0.0000
vt 0.4134 0.9184 0.0000
vt 0.3741 0.9127 0.0000
vt 0.3795 0.9203 0.0000
vt 0.3826 0.9239 0.0000
vt 0.3872 0.9293 0.0000
vt 0.3958 0.9261 0.0000
vt 0.4000 0.9245 0.0000
vt 0.6244 0.8373 0.0000
vt 0.4430 0.9158 0.0000
vt 0.4650 0.9170 0.0000
vt 0.4677 0.9171 0.0000
vt 0.4979 0.9155 0.0000
vt 0.4681 0.9171 0.0000
vt 0.4401 0.9156 0.0000
vt 0.5029 0.9153 0.0000
vt 0.5311 0.9118 0.0000
vt 0.5658 0.9055 0.0000
vt 0.5416 0.9105 0.0000
vt 0.5809 0.9024 0.0000
vt 0.6009 0.8965 0.0000
vt 0.6204 0.8909 0.0000
vt 0.4223 0.9162 0.0000
vt 0.6342 0.8332 0.0000
vt 0.7394 0.7714 0.0000
vt 0.7611 0.7532 0.0000
vt 0.7649 0.7494 0.0000
vt 0.7873 0.7265 0.0000
vt 0.6594 0.8763 0.0000
vt 0.6712 0.8707 0.0000
vt 0.7055 0.8537 0.0000
vt 0.6976 0.8583 0.0000
vt 0.7345 0.8370 0.0000
vt 0.7387 0.8341 0.0000
vt 0.7704 0.8117 0.0000
vt 0.7697 0.8123 0.0000
vt 0.8587 0.7185 0.0000
vt 0.7773 0.8059 0.0000
vt 0.7857 0.7986 0.0000
vt 0.8025 0.7840 0.0000
vt 0.8001 0.7861 0.0000
vt 0.8273 0.7580 0.0000
vt 0.8323 0.7526 0.0000
vt 0.8520 0.7273 0.0000
vt 0.7884 0.7251 0.0000
vt 0.8004 0.7099 0.0000
vt 0.8096 0.6981 0.0000
vt 0.8104 0.6970 0.0000
vt 0.8276 0.6691 0.0000
vt 0.8299 0.6654 0.0000
vt 0.8413 0.6394 0.0000
vt 0.8555 0.5800 0.0000
vt 0.8568 0.5685 0.0000
vt 0.8582 0.5505 0.0000
vt 0.9155 0.5950 0.0000
vt 0.8736 0.6946 0.0000
vt 0.8812 0.6820 0.0000
vt 0.8996 0.6436 0.0000
vt 0.8915 0.6608 0.0000
vt 0.9055 0.6268 0.0000
vt 0.9135 0.6033 0.0000
vt 0.9159 0.5928 0.0000
vt 0.9193 0.5754 0.0000
vt 0.9239 0.5433 0.0000
vt 0.9218 0.5585 0.0000
vt 0.8593 0.5355 0.0000
vt 0.9253 0.5241 0.0000
# 1987 texture coords

o Object001
g Object001
usemtl wire_061135006
s 8
f 1/1/1 2/2/2 3/3/3 4/4/4 
f 5/5/5 1/1/1 4/4/4 6/6/6 
f 1/7/1 5/5/5 7/8/7 2/2/2 
f 8/9/8 9/10/9 3/11/3 2/12/2 
f 10/13/10 8/9/8 2/12/2 7/8/7 
f 8/9/8 10/13/10 11/14/11 12/15/12 
f 9/10/9 8/9/8 12/15/12 13/16/13 
f 14/17/14 15/18/15 3/19/3 9/20/9 
f 16/21/16 14/17/14 9/20/9 13/16/13 
f 14/17/14 16/21/16 17/22/17 18/23/18 
f 15/18/15 14/17/14 18/23/18 19/24/19 
f 20/25/20 21/26/21 3/27/3 15/28/15 
f 22/29/22 20/25/20 15/28/15 19/24/19 
f 20/25/20 22/29/22 23/30/23 21/26/21 
f 24/31/24 25/32/25 3/33/3 21/34/21 
f 26/35/26 24/31/24 21/34/21 23/30/23 
f 24/31/24 26/35/26 27/36/27 25/32/25 
f 28/37/28 29/38/29 3/39/3 25/40/25 
f 30/41/30 28/37/28 25/40/25 27/36/27 
f 28/37/28 30/41/30 31/42/31 29/38/29 
f 32/43/32 33/44/33 3/45/3 29/46/29 
f 34/47/34 32/43/32 29/46/29 31/42/31 
f 32/43/32 34/47/34 35/48/35 33/44/33 
f 36/49/36 37/50/37 3/51/3 33/52/33 
f 38/53/38 36/49/36 33/52/33 35/48/35 
f 36/49/36 38/53/38 39/54/39 37/50/37 
f 40/55/40 41/56/41 3/57/3 37/58/37 
f 42/59/42 40/55/40 37/58/37 39/54/39 
f 40/55/40 42/59/42 43/60/43 41/56/41 
f 44/61/44 45/62/45 3/63/3 41/64/41 
f 46/65/46 44/61/44 41/64/41 43/60/43 
f 44/61/44 46/65/46 47/66/47 45/62/45 
f 48/67/48 49/68/49 3/69/3 45/70/45 
f 50/71/50 48/67/48 45/70/45 47/66/47 
f 48/67/48 50/71/50 51/72/51 49/68/49 
f 52/73/52 53/74/53 3/75/3 49/76/49 
f 54/77/54 52/73/52 49/76/49 51/72/51 
f 52/73/52 54/77/54 55/78/55 53/74/53 
f 56/79/56 57/80/57 3/81/3 53/82/53 
f 58/83/58 56/79/56 53/82/53 55/78/55 
f 56/79/56 58/83/58 59/84/59 57/80/57 
f 60/85/60 61/86/61 3/87/3 57/88/57 
f 62/89/62 60/85/60 57/88/57 59/84/59 
f 60/85/60 62/89/62 63/90/63 61/86/61 
f 64/91/64 65/92/65 3/93/3 61/94/61 
f 66/95/66 64/91/64 61/94/61 63/90/63 
f 64/91/64 66/95/66 67/96/67 68/97/68 
f 65/92/65 64/91/64 68/97/68 69/98/69 
f 70/99/70 71/100/71 3/101/3 65/102/65 
f 72/103/72 70/99/70 65/102/65 69/98/69 
f 70/99/70 72/103/72 73/104/73 74/105/74 
f 71/100/71 70/99/70 74/105/74 75/106/75 
f 76/107/76 77/108/77 3/109/3 71/110/71 
f 78/111/78 76/107/76 71/110/71 75/106/75 
f 76/107/76 78/111/78 79/112/79 77/108/77 
f 80/113/80 81/114/81 3/115/3 77/116/77 
f 82/117/82 80/113/80 77/116/77 79/112/79 
f 80/113/80 82/117/82 83/118/83 81/114/81 
f 84/119/84 85/120/85 3/121/3 81/122/81 
f 86/123/86 84/119/84 81/122/81 83/118/83 
f 87/124/87 88/125/88 3/126/3 85/127/85 
f 84/119/84 86/123/86 89/128/89 90/129/90 
f 90/129/90 87/130/87 85/131/85 84/119/84 
f 87/124/87 90/132/90 91/133/91 88/125/88 
f 92/134/92 93/135/93 3/136/3 88/137/88 
f 94/138/94 92/134/92 88/137/88 91/133/91 
f 92/134/92 94/138/94 95/139/95 93/135/93 
f 96/140/96 97/141/97 3/142/3 93/143/93 
f 98/144/98 96/140/96 93/143/93 95/139/95 
f 96/140/96 98/144/98 99/145/99 97/141/97 
f 100/146/100 101/147/101 3/148/3 97/149/97 
f 102/150/102 100/146/100 97/149/97 99/145/99 
f 100/146/100 102/150/102 103/151/103 101/147/101 
f 104/152/104 105/153/105 3/154/3 101/155/101 
f 106/156/106 104/152/104 101/155/101 103/151/103 
f 104/152/104 106/156/106 107/157/107 105/153/105 
f 108/158/108 109/159/109 3/160/3 105/161/105 
f 110/162/110 108/158/108 105/161/105 107/157/107 
f 111/163/111 109/159/109 108/158/108 110/164/110 
f 112/165/112 113/166/113 3/167/3 109/168/109 
f 114/169/114 112/165/112 109/168/109 111/163/111 
f 112/165/112 114/169/114 115/170/115 113/166/113 
f 116/171/116 117/172/117 3/173/3 113/174/113 
f 118/175/118 116/171/116 113/174/113 115/170/115 
f 116/171/116 118/175/118 119/176/119 120/177/120 
f 117/172/117 116/171/116 120/177/120 121/178/121 
f 122/179/122 123/180/123 3/181/3 117/182/117 
f 124/183/124 122/179/122 117/182/117 121/178/121 
f 122/179/122 124/183/124 125/184/125 126/185/126 
f 123/180/123 122/179/122 126/185/126 127/186/127 
f 128/187/128 129/188/129 3/189/3 123/190/123 
f 130/191/130 128/187/128 123/190/123 127/186/127 
f 128/187/128 130/191/130 131/192/131 129/188/129 
f 132/193/132 133/194/133 3/195/3 129/196/129 
f 134/197/134 132/193/132 129/196/129 131/192/131 
f 132/193/132 134/197/134 135/198/135 133/194/133 
f 136/199/136 137/200/137 3/201/3 133/202/133 
f 138/203/138 136/199/136 133/202/133 135/198/135 
f 136/199/136 138/203/138 139/204/139 137/200/137 
f 140/205/140 4/206/4 3/207/3 137/208/137 
f 141/209/141 140/205/140 137/208/137 139/204/139 
f 140/205/140 141/209/141 6/210/6 4/206/4 
f 142/211/142 5/5/5 6/6/6 143/212/143 
f 144/213/144 142/211/142 143/212/143 145/214/145 
f 142/211/142 144/213/144 146/215/146 147/216/147 
f 5/5/5 142/211/142 147/216/147 7/8/7 
f 148/217/148 10/13/10 7/8/7 147/216/147 
f 149/218/149 148/217/148 147/216/147 146/215/146 
f 148/217/148 149/218/149 150/219/150 151/220/151 
f 10/13/10 148/217/148 151/220/151 11/14/11 
f 152/221/152 16/21/16 13/16/13 153/222/153 
f 154/223/154 152/221/152 153/222/153 155/224/155 
f 152/221/152 154/223/154 156/225/156 157/226/157 
f 16/21/16 152/221/152 157/226/157 17/22/17 
f 158/227/158 22/29/22 19/24/19 159/228/159 
f 160/229/160 158/227/158 159/228/159 161/230/161 
f 158/227/158 160/229/160 162/231/162 163/232/163 
f 22/29/22 158/227/158 163/232/163 23/30/23 
f 164/233/164 26/35/26 23/30/23 163/232/163 
f 165/234/165 164/233/164 163/232/163 162/231/162 
f 164/233/164 165/234/165 166/235/166 167/236/167 
f 26/35/26 164/233/164 167/236/167 27/36/27 
f 168/237/168 30/41/30 27/36/27 167/236/167 
f 169/238/169 168/237/168 167/236/167 166/235/166 
f 168/237/168 169/238/169 170/239/170 171/240/171 
f 30/41/30 168/237/168 171/240/171 31/42/31 
f 172/241/172 34/47/34 31/42/31 171/240/171 
f 173/242/173 172/241/172 171/240/171 170/239/170 
f 172/241/172 173/242/173 174/243/174 175/244/175 
f 34/47/34 172/241/172 175/244/175 35/48/35 
f 176/245/176 38/53/38 35/48/35 175/244/175 
f 177/246/177 176/245/176 175/244/175 174/243/174 
f 176/245/176 177/246/177 178/247/178 179/248/179 
f 38/53/38 176/245/176 179/248/179 39/54/39 
f 180/249/180 42/59/42 39/54/39 179/248/179 
f 181/250/181 180/249/180 179/248/179 178/247/178 
f 180/249/180 181/250/181 182/251/182 183/252/183 
f 42/59/42 180/249/180 183/252/183 43/60/43 
f 184/253/184 46/65/46 43/60/43 183/252/183 
f 185/254/185 184/253/184 183/252/183 182/251/182 
f 184/253/184 185/254/185 186/255/186 187/256/187 
f 46/65/46 184/253/184 187/256/187 47/66/47 
f 188/257/188 50/71/50 47/66/47 187/256/187 
f 189/258/189 188/257/188 187/256/187 186/255/186 
f 188/257/188 189/258/189 190/259/190 191/260/191 
f 50/71/50 188/257/188 191/260/191 51/72/51 
f 192/261/192 54/77/54 51/72/51 191/260/191 
f 193/262/193 192/261/192 191/260/191 190/259/190 
f 192/261/192 193/262/193 194/263/194 195/264/195 
f 54/77/54 192/261/192 195/264/195 55/78/55 
f 196/265/196 58/83/58 55/78/55 195/264/195 
f 197/266/197 196/265/196 195/264/195 194/263/194 
f 196/265/196 197/266/197 198/267/198 199/268/199 
f 58/83/58 196/265/196 199/268/199 59/84/59 
f 200/269/200 62/89/62 59/84/59 199/268/199 
f 201/270/201 200/269/200 199/268/199 198/267/198 
f 200/269/200 201/270/201 202/271/202 203/272/203 
f 62/89/62 200/269/200 203/272/203 63/90/63 
f 204/273/204 66/95/66 63/90/63 203/272/203 
f 205/274/205 204/273/204 203/272/203 202/271/202 
f 204/273/204 205/274/205 206/275/206 207/276/207 
f 66/95/66 204/273/204 207/276/207 67/96/67 
f 208/277/208 72/103/72 69/98/69 209/278/209 
f 210/279/210 208/277/208 209/278/209 211/280/211 
f 208/277/208 210/279/210 212/281/212 213/282/213 
f 72/103/72 208/277/208 213/282/213 73/104/73 
f 214/283/214 78/111/78 75/106/75 215/284/215 
f 216/285/216 214/283/214 215/284/215 217/286/217 
f 214/283/214 216/285/216 218/287/218 219/288/219 
f 78/111/78 214/283/214 219/288/219 79/112/79 
f 220/289/220 82/117/82 79/112/79 219/288/219 
f 221/290/221 220/289/220 219/288/219 218/287/218 
f 220/289/220 221/290/221 222/291/222 223/292/223 
f 82/117/82 220/289/220 223/292/223 83/118/83 
f 224/293/224 86/123/86 83/118/83 223/292/223 
f 225/294/225 224/293/224 223/292/223 222/291/222 
f 224/293/224 225/294/225 226/295/226 227/296/227 
f 86/123/86 224/293/224 227/296/227 89/128/89 
f 228/297/228 90/132/90 89/128/89 227/296/227 
f 229/298/229 228/297/228 227/296/227 226/295/226 
f 228/297/228 229/298/229 230/299/230 231/300/231 
f 90/132/90 228/297/228 231/300/231 91/133/91 
f 232/301/232 94/138/94 91/133/91 231/300/231 
f 233/302/233 232/301/232 231/300/231 230/299/230 
f 232/301/232 233/302/233 234/303/234 235/304/235 
f 94/138/94 232/301/232 235/304/235 95/139/95 
f 236/305/236 98/144/98 95/139/95 235/304/235 
f 237/306/237 236/305/236 235/304/235 234/303/234 
f 236/305/236 237/306/237 238/307/238 239/308/239 
f 98/144/98 236/305/236 239/308/239 99/145/99 
f 240/309/240 102/150/102 99/145/99 239/308/239 
f 241/310/241 240/309/240 239/308/239 238/307/238 
f 240/309/240 241/310/241 242/311/242 243/312/243 
f 102/150/102 240/309/240 243/312/243 103/151/103 
f 244/313/244 106/156/106 103/151/103 243/312/243 
f 245/314/245 244/313/244 243/312/243 242/311/242 
f 244/313/244 245/314/245 246/315/246 247/316/247 
f 106/156/106 244/313/244 247/316/247 107/157/107 
f 248/317/248 110/162/110 107/157/107 247/316/247 
f 249/318/249 248/317/248 247/316/247 246/315/246 
f 248/317/248 249/318/249 250/319/250 251/320/251 
f 110/162/110 248/317/248 251/320/251 111/163/111 
f 252/321/252 114/169/114 111/163/111 251/320/251 
f 253/322/253 252/321/252 251/320/251 250/319/250 
f 252/321/252 253/322/253 254/323/254 255/324/255 
f 114/169/114 252/321/252 255/324/255 115/170/115 
f 256/325/256 118/175/118 115/170/115 255/324/255 
f 257/326/257 256/325/256 255/324/255 254/323/254 
f 256/325/256 257/326/257 258/327/258 259/328/259 
f 118/175/118 256/325/256 259/328/259 119/176/119 
f 260/329/260 124/183/124 121/178/121 261/330/261 
f 262/331/262 260/329/260 261/330/261 263/332/263 
f 260/329/260 262/331/262 264/333/264 265/334/265 
f 124/183/124 260/329/260 265/334/265 125/184/125 
f 266/335/266 130/191/130 127/186/127 267/336/267 
f 268/337/268 266/335/266 267/336/267 269/338/269 
f 266/335/266 268/337/268 270/339/270 271/340/271 
f 130/191/130 266/335/266 271/340/271 131/192/131 
f 272/341/272 134/197/134 131/192/131 271/340/271 
f 273/342/273 272/341/272 271/340/271 270/339/270 
f 272/341/272 273/342/273 274/343/274 275/344/275 
f 134/197/134 272/341/272 275/344/275 135/198/135 
f 276/345/276 138/203/138 135/198/135 275/344/275 
f 277/346/277 276/345/276 275/344/275 274/343/274 
f 276/345/276 277/346/277 278/347/278 279/348/279 
f 138/203/138 276/345/276 279/348/279 139/204/139 
f 280/349/280 141/209/141 139/204/139 279/348/279 
f 281/350/281 280/349/280 279/348/279 278/347/278 
f 280/349/280 281/350/281 145/351/145 143/352/143 
f 141/209/141 280/349/280 143/352/143 6/210/6 
f 282/353/282 144/213/144 145/214/145 283/354/283 
f 284/355/284 282/353/282 283/354/283 285/356/285 
f 282/353/282 284/355/284 286/357/286 287/358/287 
f 144/213/144 282/353/282 287/358/287 146/215/146 
f 288/359/288 149/218/149 146/215/146 287/358/287 
f 289/360/289 288/359/288 287/358/287 286/357/286 
f 288/359/288 289/360/289 290/361/290 291/362/291 
f 149/218/149 288/359/288 291/362/291 150/219/150 
f 292/363/292 154/223/154 155/224/155 293/364/293 
f 294/365/294 292/363/292 293/364/293 295/366/295 
f 292/363/292 294/365/294 296/367/296 297/368/297 
f 154/223/154 292/363/292 297/368/297 156/225/156 
f 298/369/298 160/229/160 161/230/161 299/370/299 
f 300/371/300 298/369/298 299/370/299 301/372/301 
f 298/369/298 300/371/300 302/373/302 303/374/303 
f 160/229/160 298/369/298 303/374/303 162/231/162 
f 304/375/304 165/234/165 162/231/162 303/374/303 
f 305/376/305 304/375/304 303/374/303 302/373/302 
f 304/375/304 305/376/305 306/377/306 307/378/307 
f 165/234/165 304/375/304 307/378/307 166/235/166 
f 308/379/308 169/238/169 166/235/166 307/378/307 
f 309/380/309 308/379/308 307/378/307 306/377/306 
f 308/379/308 309/380/309 310/381/310 311/382/311 
f 169/238/169 308/379/308 311/382/311 170/239/170 
f 312/383/312 173/242/173 170/239/170 311/382/311 
f 313/384/313 312/383/312 311/382/311 310/381/310 
f 312/383/312 313/384/313 314/385/314 315/386/315 
f 173/242/173 312/383/312 315/386/315 174/243/174 
f 316/387/316 177/246/177 174/243/174 315/386/315 
f 317/388/317 316/387/316 315/386/315 314/385/314 
f 316/387/316 317/388/317 318/389/318 319/390/319 
f 177/246/177 316/387/316 319/390/319 178/247/178 
f 320/391/320 181/250/181 178/247/178 319/390/319 
f 321/392/321 320/391/320 319/390/319 318/389/318 
f 320/391/320 321/392/321 322/393/322 323/394/323 
f 181/250/181 320/391/320 323/394/323 182/251/182 
f 324/395/324 185/254/185 182/251/182 323/394/323 
f 325/396/325 324/395/324 323/394/323 322/393/322 
f 324/395/324 325/396/325 326/397/326 327/398/327 
f 185/254/185 324/395/324 327/398/327 186/255/186 
f 328/399/328 189/258/189 186/255/186 327/398/327 
f 329/400/329 328/399/328 327/398/327 326/397/326 
f 328/399/328 329/400/329 330/401/330 331/402/331 
f 189/258/189 328/399/328 331/402/331 190/259/190 
f 332/403/332 193/262/193 190/259/190 331/402/331 
f 333/404/333 332/403/332 331/402/331 330/401/330 
f 332/403/332 333/404/333 334/405/334 335/406/335 
f 193/262/193 332/403/332 335/406/335 194/263/194 
f 336/407/336 197/266/197 194/263/194 335/406/335 
f 337/408/337 336/407/336 335/406/335 334/405/334 
f 336/407/336 337/408/337 338/409/338 339/410/339 
f 197/266/197 336/407/336 339/410/339 198/267/198 
f 340/411/340 201/270/201 198/267/198 339/410/339 
f 341/412/341 340/411/340 339/410/339 338/409/338 
f 340/411/340 341/412/341 342/413/342 343/414/343 
f 201/270/201 340/411/340 343/414/343 202/271/202 
f 344/415/344 205/274/205 202/271/202 343/414/343 
f 345/416/345 344/415/344 343/414/343 342/413/342 
f 344/415/344 345/416/345 346/417/346 347/418/347 
f 205/274/205 344/415/344 347/418/347 206/275/206 
f 348/419/348 210/279/210 211/280/211 349/420/349 
f 350/421/350 348/419/348 349/420/349 351/422/351 
f 348/419/348 350/421/350 352/423/352 353/424/353 
f 210/279/210 348/419/348 353/424/353 212/281/212 
f 354/425/354 216/285/216 217/286/217 355/426/355 
f 356/427/356 354/425/354 355/426/355 357/428/357 
f 354/425/354 356/427/356 358/429/358 359/430/359 
f 216/285/216 354/425/354 359/430/359 218/287/218 
f 360/431/360 221/290/221 218/287/218 359/430/359 
f 361/432/361 360/431/360 359/430/359 358/429/358 
f 360/431/360 361/432/361 362/433/362 363/434/363 
f 221/290/221 360/431/360 363/434/363 222/291/222 
f 364/435/364 225/294/225 222/291/222 363/434/363 
f 365/436/365 364/435/364 363/434/363 362/433/362 
f 364/435/364 365/436/365 366/437/366 367/438/367 
f 225/294/225 364/435/364 367/438/367 226/295/226 
f 368/439/368 229/298/229 226/295/226 367/438/367 
f 369/440/369 368/439/368 367/438/367 366/437/366 
f 368/439/368 369/440/369 370/441/370 371/442/371 
f 229/298/229 368/439/368 371/442/371 230/299/230 
f 372/443/372 233/302/233 230/299/230 371/442/371 
f 373/444/373 372/443/372 371/442/371 370/441/370 
f 372/443/372 373/444/373 374/445/374 375/446/375 
f 233/302/233 372/443/372 375/446/375 234/303/234 
f 376/447/376 237/306/237 234/303/234 375/446/375 
f 377/448/377 376/447/376 375/446/375 374/445/374 
f 376/447/376 377/448/377 378/449/378 379/450/379 
f 237/306/237 376/447/376 379/450/379 238/307/238 
f 380/451/380 241/310/241 238/307/238 379/450/379 
f 381/452/381 380/451/380 379/450/379 378/449/378 
f 380/451/380 381/452/381 382/453/382 383/454/383 
f 241/310/241 380/451/380 383/454/383 242/311/242 
f 384/455/384 245/314/245 242/311/242 383/454/383 
f 385/456/385 384/455/384 383/454/383 382/453/382 
f 384/455/384 385/456/385 386/457/386 387/458/387 
f 245/314/245 384/455/384 387/458/387 246/315/246 
f 388/459/388 249/318/249 246/315/246 387/458/387 
f 389/460/389 388/459/388 387/458/387 386/457/386 
f 388/459/388 389/460/389 390/461/390 391/462/391 
f 249/318/249 388/459/388 391/462/391 250/319/250 
f 392/463/392 253/322/253 250/319/250 391/462/391 
f 393/464/393 392/463/392 391/462/391 390/461/390 
f 392/463/392 393/464/393 394/465/394 395/466/395 
f 253/322/253 392/463/392 395/466/395 254/323/254 
f 396/467/396 257/326/257 254/323/254 395/466/395 
f 397/468/397 396/467/396 395/466/395 394/465/394 
f 396/467/396 397/468/397 398/469/398 399/470/399 
f 257/326/257 396/467/396 399/470/399 258/327/258 
f 400/471/400 262/331/262 263/332/263 401/472/401 
f 402/473/402 400/471/400 401/472/401 403/474/403 
f 400/471/400 402/473/402 404/475/404 405/476/405 
f 262/331/262 400/471/400 405/476/405 264/333/264 
f 406/477/406 268/337/268 269/338/269 407/478/407 
f 407/478/407 408/479/408 409/480/409 406/481/406 
f 406/477/406 409/480/409 410/482/410 411/483/411 
f 268/337/268 406/477/406 411/483/411 270/339/270 
f 412/484/412 273/342/273 270/339/270 411/483/411 
f 413/485/413 412/484/412 411/483/411 410/482/410 
f 412/484/412 413/485/413 414/486/414 415/487/415 
f 273/342/273 412/484/412 415/487/415 274/343/274 
f 416/488/416 277/346/277 274/343/274 415/487/415 
f 417/489/417 416/488/416 415/487/415 414/486/414 
f 416/488/416 417/489/417 418/490/418 419/491/419 
f 277/346/277 416/488/416 419/491/419 278/347/278 
f 420/492/420 281/350/281 278/347/278 419/491/419 
f 421/493/421 420/492/420 419/491/419 418/490/418 
f 420/492/420 421/493/421 285/494/285 283/495/283 
f 281/350/281 420/492/420 283/495/283 145/351/145 
f 422/496/422 284/355/284 285/356/285 423/497/423 
f 424/498/424 422/496/422 423/497/423 425/499/425 
f 422/496/422 424/498/424 426/500/426 427/501/427 
f 284/355/284 422/496/422 427/501/427 286/357/286 
f 428/502/428 289/360/289 286/357/286 427/501/427 
f 429/503/429 428/502/428 427/501/427 426/500/426 
f 428/502/428 429/503/429 430/504/430 431/505/431 
f 289/360/289 428/502/428 431/505/431 290/361/290 
f 432/506/432 294/365/294 295/366/295 433/507/433 
f 434/508/434 432/506/432 433/507/433 435/509/435 
f 432/506/432 434/508/434 436/510/436 437/511/437 
f 294/365/294 432/506/432 437/511/437 296/367/296 
f 438/512/438 300/371/300 301/372/301 439/513/439 
f 440/514/440 438/512/438 439/513/439 441/515/441 
f 438/512/438 440/514/440 442/516/442 443/517/443 
f 300/371/300 438/512/438 443/517/443 302/373/302 
f 444/518/444 305/376/305 302/373/302 443/517/443 
f 445/519/445 444/518/444 443/517/443 442/516/442 
f 444/518/444 445/519/445 446/520/446 447/521/447 
f 305/376/305 444/518/444 447/521/447 306/377/306 
f 448/522/448 309/380/309 306/377/306 447/521/447 
f 449/523/449 448/522/448 447/521/447 446/520/446 
f 448/522/448 449/523/449 450/524/450 451/525/451 
f 309/380/309 448/522/448 451/525/451 310/381/310 
f 452/526/452 313/384/313 310/381/310 451/525/451 
f 453/527/453 452/526/452 451/525/451 450/524/450 
f 452/526/452 453/527/453 454/528/454 455/529/455 
f 313/384/313 452/526/452 455/529/455 314/385/314 
f 456/530/456 317/388/317 314/385/314 455/529/455 
f 457/531/457 456/530/456 455/529/455 454/528/454 
f 456/530/456 457/531/457 458/532/458 459/533/459 
f 317/388/317 456/530/456 459/533/459 318/389/318 
f 460/534/460 321/392/321 318/389/318 459/533/459 
f 461/535/461 460/534/460 459/533/459 458/532/458 
f 460/534/460 461/535/461 462/536/462 463/537/463 
f 321/392/321 460/534/460 463/537/463 322/393/322 
f 464/538/464 325/396/325 322/393/322 463/537/463 
f 465/539/465 464/538/464 463/537/463 462/536/462 
f 464/538/464 465/539/465 466/540/466 467/541/467 
f 325/396/325 464/538/464 467/541/467 326/397/326 
f 468/542/468 329/400/329 326/397/326 467/541/467 
f 469/543/469 468/542/468 467/541/467 466/540/466 
f 468/542/468 469/543/469 470/544/470 471/545/471 
f 329/400/329 468/542/468 471/545/471 330/401/330 
f 472/546/472 333/404/333 330/401/330 471/545/471 
f 473/547/473 472/546/472 471/545/471 470/544/470 
f 472/546/472 473/547/473 474/548/474 475/549/475 
f 333/404/333 472/546/472 475/549/475 334/405/334 
f 476/550/476 337/408/337 334/405/334 475/549/475 
f 477/551/477 476/550/476 475/549/475 474/548/474 
f 476/550/476 477/551/477 478/552/478 479/553/479 
f 337/408/337 476/550/476 479/553/479 338/409/338 
f 480/554/480 341/412/341 338/409/338 479/553/479 
f 481/555/481 480/554/480 479/553/479 478/552/478 
f 480/554/480 481/555/481 482/556/482 483/557/483 
f 341/412/341 480/554/480 483/557/483 342/413/342 
f 484/558/484 345/416/345 342/413/342 483/557/483 
f 485/559/485 484/558/484 483/557/483 482/556/482 
f 484/558/484 485/559/485 486/560/486 487/561/487 
f 345/416/345 484/558/484 487/561/487 346/417/346 
f 488/562/488 350/421/350 351/422/351 489/563/489 
f 490/564/490 488/562/488 489/563/489 491/565/491 
f 488/562/488 490/564/490 492/566/492 493/567/493 
f 350/421/350 488/562/488 493/567/493 352/423/352 
f 494/568/494 356/427/356 357/428/357 495/569/495 
f 496/570/496 494/568/494 495/569/495 497/571/497 
f 494/568/494 496/570/496 498/572/498 499/573/499 
f 356/427/356 494/568/494 499/573/499 358/429/358 
f 500/574/500 361/432/361 358/429/358 499/573/499 
f 501/575/501 500/574/500 499/573/499 498/572/498 
f 500/574/500 501/575/501 502/576/502 503/577/503 
f 361/432/361 500/574/500 503/577/503 362/433/362 
f 504/578/504 365/436/365 362/433/362 503/577/503 
f 505/579/505 504/578/504 503/577/503 502/576/502 
f 504/578/504 505/579/505 506/580/506 507/581/507 
f 365/436/365 504/578/504 507/581/507 366/437/366 
f 508/582/508 369/440/369 366/437/366 507/581/507 
f 509/583/509 508/582/508 507/581/507 506/580/506 
f 508/582/508 509/583/509 510/584/510 511/585/511 
f 369/440/369 508/582/508 511/585/511 370/441/370 
f 512/586/512 373/444/373 370/441/370 511/585/511 
f 513/587/513 512/586/512 511/585/511 510/584/510 
f 512/586/512 513/587/513 514/588/514 515/589/515 
f 373/444/373 512/586/512 515/589/515 374/445/374 
f 516/590/516 377/448/377 374/445/374 515/589/515 
f 517/591/517 516/590/516 515/589/515 514/588/514 
f 516/590/516 517/591/517 518/592/518 519/593/519 
f 377/448/377 516/590/516 519/593/519 378/449/378 
f 520/594/520 381/452/381 378/449/378 519/593/519 
f 521/595/521 520/594/520 519/593/519 518/592/518 
f 520/594/520 521/595/521 522/596/522 523/597/523 
f 381/452/381 520/594/520 523/597/523 382/453/382 
f 524/598/524 385/456/385 382/453/382 523/597/523 
f 525/599/525 524/598/524 523/597/523 522/596/522 
f 524/598/524 525/599/525 526/600/526 527/601/527 
f 385/456/385 524/598/524 527/601/527 386/457/386 
f 528/602/528 389/460/389 386/457/386 527/601/527 
f 529/603/529 528/602/528 527/601/527 526/600/526 
f 528/602/528 529/603/529 530/604/530 531/605/531 
f 389/460/389 528/602/528 531/605/531 390/461/390 
f 532/606/532 393/464/393 390/461/390 531/605/531 
f 533/607/533 532/606/532 531/605/531 530/604/530 
f 532/606/532 533/607/533 534/608/534 535/609/535 
f 393/464/393 532/606/532 535/609/535 394/465/394 
f 536/610/536 397/468/397 394/465/394 535/609/535 
f 537/611/537 536/610/536 535/609/535 534/608/534 
f 536/610/536 537/611/537 538/612/538 539/613/539 
f 397/468/397 536/610/536 539/613/539 398/469/398 
f 540/614/540 402/473/402 403/474/403 541/615/541 
f 542/616/542 540/614/540 541/615/541 543/617/543 
f 540/614/540 542/616/542 544/618/544 545/619/545 
f 402/473/402 540/614/540 545/619/545 404/475/404 
f 546/620/546 409/480/409 408/479/408 547/621/547 
f 548/622/548 546/620/546 547/621/547 549/623/549 
f 546/620/546 548/622/548 550/624/550 551/625/551 
f 409/480/409 546/620/546 551/625/551 410/482/410 
f 552/626/552 413/485/413 410/482/410 551/625/551 
f 553/627/553 552/626/552 551/625/551 550/624/550 
f 552/626/552 553/627/553 554/628/554 555/629/555 
f 413/485/413 552/626/552 555/629/555 414/486/414 
f 556/630/556 417/489/417 414/486/414 555/629/555 
f 557/631/557 556/630/556 555/629/555 554/628/554 
f 556/630/556 557/631/557 558/632/558 559/633/559 
f 417/489/417 556/630/556 559/633/559 418/490/418 
f 560/634/560 421/493/421 418/490/418 559/633/559 
f 561/635/561 560/634/560 559/633/559 558/632/558 
f 560/634/560 561/635/561 425/636/425 423/637/423 
f 421/493/421 560/634/560 423/637/423 285/494/285 
f 562/638/562 424/498/424 425/499/425 563/639/563 
f 564/640/564 562/638/562 563/639/563 565/641/565 
f 562/638/562 564/640/564 566/642/566 567/643/567 
f 424/498/424 562/638/562 567/643/567 426/500/426 
f 568/644/568 429/503/429 426/500/426 567/643/567 
f 569/645/569 568/644/568 567/643/567 566/642/566 
f 568/644/568 569/645/569 570/646/570 571/647/571 
f 429/503/429 568/644/568 571/647/571 430/504/430 
f 572/648/572 434/508/434 435/509/435 573/649/573 
f 574/650/574 572/648/572 573/649/573 575/651/575 
f 572/648/572 574/650/574 576/652/576 577/653/577 
f 434/508/434 572/648/572 577/653/577 436/510/436 
f 578/654/578 440/514/440 441/515/441 579/655/579 
f 580/656/580 578/654/578 579/655/579 581/657/581 
f 578/654/578 580/656/580 582/658/582 583/659/583 
f 440/514/440 578/654/578 583/659/583 442/516/442 
f 584/660/584 445/519/445 442/516/442 583/659/583 
f 585/661/585 584/660/584 583/659/583 582/658/582 
f 584/660/584 585/661/585 586/662/586 587/663/587 
f 445/519/445 584/660/584 587/663/587 446/520/446 
f 588/664/588 449/523/449 446/520/446 587/663/587 
f 589/665/589 588/664/588 587/663/587 586/662/586 
f 588/664/588 589/665/589 590/666/590 591/667/591 
f 449/523/449 588/664/588 591/667/591 450/524/450 
f 592/668/592 453/527/453 450/524/450 591/667/591 
f 593/669/593 592/668/592 591/667/591 590/666/590 
f 592/668/592 593/669/593 594/670/594 595/671/595 
f 453/527/453 592/668/592 595/671/595 454/528/454 
f 596/672/596 457/531/457 454/528/454 595/671/595 
f 597/673/597 596/672/596 595/671/595 594/670/594 
f 596/672/596 597/673/597 598/674/598 599/675/599 
f 457/531/457 596/672/596 599/675/599 458/532/458 
f 600/676/600 461/535/461 458/532/458 599/675/599 
f 601/677/601 600/676/600 599/675/599 598/674/598 
f 600/676/600 601/677/601 602/678/602 603/679/603 
f 461/535/461 600/676/600 603/679/603 462/536/462 
f 604/680/604 465/539/465 462/536/462 603/679/603 
f 605/681/605 604/680/604 603/679/603 602/678/602 
f 604/680/604 605/681/605 606/682/606 607/683/607 
f 465/539/465 604/680/604 607/683/607 466/540/466 
f 608/684/608 469/543/469 466/540/466 607/683/607 
f 609/685/609 608/684/608 607/683/607 606/682/606 
f 608/684/608 609/685/609 610/686/610 611/687/611 
f 469/543/469 608/684/608 611/687/611 470/544/470 
f 612/688/612 473/547/473 470/544/470 611/687/611 
f 613/689/613 612/688/612 611/687/611 610/686/610 
f 612/688/612 613/689/613 614/690/614 615/691/615 
f 473/547/473 612/688/612 615/691/615 474/548/474 
f 616/692/616 477/551/477 474/548/474 615/691/615 
f 617/693/617 616/692/616 615/691/615 614/690/614 
f 616/692/616 617/693/617 618/694/618 619/695/619 
f 477/551/477 616/692/616 619/695/619 478/552/478 
f 620/696/620 481/555/481 478/552/478 619/695/619 
f 621/697/621 620/696/620 619/695/619 618/694/618 
f 620/696/620 621/697/621 622/698/622 623/699/623 
f 481/555/481 620/696/620 623/699/623 482/556/482 
f 624/700/624 485/559/485 482/556/482 623/699/623 
f 625/701/625 624/700/624 623/699/623 622/698/622 
f 624/700/624 625/701/625 626/702/626 627/703/627 
f 485/559/485 624/700/624 627/703/627 486/560/486 
f 628/704/628 490/564/490 491/565/491 629/705/629 
f 630/706/630 628/704/628 629/705/629 631/707/631 
f 628/704/628 630/706/630 632/708/632 633/709/633 
f 490/564/490 628/704/628 633/709/633 492/566/492 
f 634/710/634 496/570/496 497/571/497 635/711/635 
f 636/712/636 634/710/634 635/711/635 637/713/637 
f 634/710/634 636/712/636 638/714/638 639/715/639 
f 496/570/496 634/710/634 639/715/639 498/572/498 
f 640/716/640 501/575/501 498/572/498 639/715/639 
f 641/717/641 640/716/640 639/715/639 638/714/638 
f 640/716/640 641/717/641 642/718/642 643/719/643 
f 501/575/501 640/716/640 643/719/643 502/576/502 
f 644/720/644 505/579/505 502/576/502 643/719/643 
f 645/721/645 644/720/644 643/719/643 642/718/642 
f 644/720/644 645/721/645 646/722/646 647/723/647 
f 505/579/505 644/720/644 647/723/647 506/580/506 
f 648/724/648 509/583/509 506/580/506 647/723/647 
f 649/725/649 648/724/648 647/723/647 646/722/646 
f 648/724/648 649/725/649 650/726/650 651/727/651 
f 509/583/509 648/724/648 651/727/651 510/584/510 
f 652/728/652 513/587/513 510/584/510 651/727/651 
f 653/729/653 652/728/652 651/727/651 650/726/650 
f 652/728/652 653/729/653 654/730/654 655/731/655 
f 513/587/513 652/728/652 655/731/655 514/588/514 
f 656/732/656 517/591/517 514/588/514 655/731/655 
f 657/733/657 656/732/656 655/731/655 654/730/654 
f 656/732/656 657/733/657 658/734/658 659/735/659 
f 517/591/517 656/732/656 659/735/659 518/592/518 
f 660/736/660 521/595/521 518/592/518 659/735/659 
f 661/737/661 660/736/660 659/735/659 658/734/658 
f 660/736/660 661/737/661 662/738/662 663/739/663 
f 521/595/521 660/736/660 663/739/663 522/596/522 
f 664/740/664 525/599/525 522/596/522 663/739/663 
f 665/741/665 664/740/664 663/739/663 662/738/662 
f 664/740/664 665/741/665 666/742/666 667/743/667 
f 525/599/525 664/740/664 667/743/667 526/600/526 
f 668/744/668 529/603/529 526/600/526 667/743/667 
f 669/745/669 668/744/668 667/743/667 666/742/666 
f 668/744/668 669/745/669 670/746/670 671/747/671 
f 529/603/529 668/744/668 671/747/671 530/604/530 
f 672/748/672 533/607/533 530/604/530 671/747/671 
f 673/749/673 672/748/672 671/747/671 670/746/670 
f 672/748/672 673/749/673 674/750/674 675/751/675 
f 533/607/533 672/748/672 675/751/675 534/608/534 
f 676/752/676 537/611/537 534/608/534 675/751/675 
f 677/753/677 676/752/676 675/751/675 674/750/674 
f 676/752/676 677/753/677 678/754/678 679/755/679 
f 537/611/537 676/752/676 679/755/679 538/612/538 
f 680/756/680 542/616/542 543/617/543 681/757/681 
f 682/758/682 680/756/680 681/757/681 683/759/683 
f 680/756/680 682/758/682 684/760/684 685/761/685 
f 542/616/542 680/756/680 685/761/685 544/618/544 
f 686/762/686 548/622/548 549/623/549 687/763/687 
f 688/764/688 686/762/686 687/763/687 689/765/689 
f 686/762/686 688/764/688 690/766/690 691/767/691 
f 548/622/548 686/762/686 691/767/691 550/624/550 
f 692/768/692 553/627/553 550/624/550 691/767/691 
f 693/769/693 692/768/692 691/767/691 690/766/690 
f 692/768/692 693/769/693 694/770/694 695/771/695 
f 553/627/553 692/768/692 695/771/695 554/628/554 
f 696/772/696 557/631/557 554/628/554 695/771/695 
f 697/773/697 696/772/696 695/771/695 694/770/694 
f 696/772/696 697/773/697 698/774/698 699/775/699 
f 557/631/557 696/772/696 699/775/699 558/632/558 
f 700/776/700 561/635/561 558/632/558 699/775/699 
f 701/777/701 700/776/700 699/775/699 698/774/698 
f 700/776/700 701/777/701 565/778/565 563/779/563 
f 561/635/561 700/776/700 563/779/563 425/636/425 
f 702/780/702 564/640/564 565/641/565 703/781/703 
f 704/782/704 702/780/702 703/781/703 705/783/705 
f 702/780/702 704/782/704 706/784/706 707/785/707 
f 564/640/564 702/780/702 707/785/707 566/642/566 
f 708/786/708 569/645/569 566/642/566 707/785/707 
f 709/787/709 708/786/708 707/785/707 706/784/706 
f 708/786/708 709/787/709 710/788/710 711/789/711 
f 569/645/569 708/786/708 711/789/711 570/646/570 
f 712/790/712 574/650/574 575/651/575 713/791/713 
f 714/792/714 712/790/712 713/791/713 715/793/715 
f 712/790/712 714/792/714 716/794/716 717/795/717 
f 574/650/574 712/790/712 717/795/717 576/652/576 
f 718/796/718 580/656/580 581/657/581 719/797/719 
f 720/798/720 718/796/718 719/797/719 721/799/721 
f 718/796/718 720/798/720 722/800/722 723/801/723 
f 580/656/580 718/796/718 723/801/723 582/658/582 
f 724/802/724 585/661/585 582/658/582 723/801/723 
f 725/803/725 724/802/724 723/801/723 722/800/722 
f 724/802/724 725/803/725 726/804/726 727/805/727 
f 585/661/585 724/802/724 727/805/727 586/662/586 
f 728/806/728 589/665/589 586/662/586 727/805/727 
f 729/807/729 728/806/728 727/805/727 726/804/726 
f 728/806/728 729/807/729 730/808/730 731/809/731 
f 589/665/589 728/806/728 731/809/731 590/666/590 
f 732/810/732 593/669/593 590/666/590 731/809/731 
f 733/811/733 732/810/732 731/809/731 730/808/730 
f 732/810/732 733/811/733 734/812/734 735/813/735 
f 593/669/593 732/810/732 735/813/735 594/670/594 
f 736/814/736 597/673/597 594/670/594 735/813/735 
f 737/815/737 736/814/736 735/813/735 734/812/734 
f 736/814/736 737/815/737 738/816/738 739/817/739 
f 597/673/597 736/814/736 739/817/739 598/674/598 
f 740/818/740 601/677/601 598/674/598 739/817/739 
f 741/819/741 740/818/740 739/817/739 738/816/738 
f 740/818/740 741/819/741 742/820/742 743/821/743 
f 601/677/601 740/818/740 743/821/743 602/678/602 
f 744/822/744 605/681/605 602/678/602 743/821/743 
f 745/823/745 744/822/744 743/821/743 742/820/742 
f 744/822/744 745/823/745 746/824/746 747/825/747 
f 605/681/605 744/822/744 747/825/747 606/682/606 
f 748/826/748 609/685/609 606/682/606 747/825/747 
f 749/827/749 748/826/748 747/825/747 746/824/746 
f 748/826/748 749/827/749 750/828/750 751/829/751 
f 609/685/609 748/826/748 751/829/751 610/686/610 
f 752/830/752 613/689/613 610/686/610 751/829/751 
f 753/831/753 752/830/752 751/829/751 750/828/750 
f 752/830/752 753/831/753 754/832/754 755/833/755 
f 613/689/613 752/830/752 755/833/755 614/690/614 
f 756/834/756 617/693/617 614/690/614 755/833/755 
f 757/835/757 756/834/756 755/833/755 754/832/754 
f 756/834/756 757/835/757 758/836/758 759/837/759 
f 617/693/617 756/834/756 759/837/759 618/694/618 
f 760/838/760 621/697/621 618/694/618 759/837/759 
f 761/839/761 760/838/760 759/837/759 758/836/758 
f 760/838/760 761/839/761 762/840/762 763/841/763 
f 621/697/621 760/838/760 763/841/763 622/698/622 
f 764/842/764 625/701/625 622/698/622 763/841/763 
f 765/843/765 764/842/764 763/841/763 762/840/762 
f 764/842/764 765/843/765 766/844/766 767/845/767 
f 625/701/625 764/842/764 767/845/767 626/702/626 
f 768/846/768 630/706/630 631/707/631 769/847/769 
f 770/848/770 768/846/768 769/847/769 771/849/771 
f 768/846/768 770/848/770 772/850/772 773/851/773 
f 630/706/630 768/846/768 773/851/773 632/708/632 
f 774/852/774 636/712/636 637/713/637 775/853/775 
f 776/854/776 774/852/774 775/853/775 777/855/777 
f 774/852/774 776/854/776 778/856/778 779/857/779 
f 636/712/636 774/852/774 779/857/779 638/714/638 
f 780/858/780 641/717/641 638/714/638 779/857/779 
f 781/859/781 780/858/780 779/857/779 778/856/778 
f 780/858/780 781/859/781 782/860/782 783/861/783 
f 641/717/641 780/858/780 783/861/783 642/718/642 
f 784/862/784 645/721/645 642/718/642 783/861/783 
f 785/863/785 784/862/784 783/861/783 782/860/782 
f 784/862/784 785/863/785 786/864/786 787/865/787 
f 645/721/645 784/862/784 787/865/787 646/722/646 
f 788/866/788 649/725/649 646/722/646 787/865/787 
f 789/867/789 788/866/788 787/865/787 786/864/786 
f 788/866/788 789/867/789 790/868/790 791/869/791 
f 649/725/649 788/866/788 791/869/791 650/726/650 
f 792/870/792 653/729/653 650/726/650 791/869/791 
f 793/871/793 792/870/792 791/869/791 790/868/790 
f 792/870/792 793/871/793 794/872/794 795/873/795 
f 653/729/653 792/870/792 795/873/795 654/730/654 
f 796/874/796 657/733/657 654/730/654 795/873/795 
f 797/875/797 796/874/796 795/873/795 794/872/794 
f 796/874/796 797/875/797 798/876/798 799/877/799 
f 657/733/657 796/874/796 799/877/799 658/734/658 
f 800/878/800 661/737/661 658/734/658 799/877/799 
f 801/879/801 800/878/800 799/877/799 798/876/798 
f 800/878/800 801/879/801 802/880/802 803/881/803 
f 661/737/661 800/878/800 803/881/803 662/738/662 
f 804/882/804 665/741/665 662/738/662 803/881/803 
f 805/883/805 804/882/804 803/881/803 802/880/802 
f 804/882/804 805/883/805 806/884/806 807/885/807 
f 665/741/665 804/882/804 807/885/807 666/742/666 
f 808/886/808 669/745/669 666/742/666 807/885/807 
f 809/887/809 808/886/808 807/885/807 806/884/806 
f 808/886/808 809/887/809 810/888/810 811/889/811 
f 669/745/669 808/886/808 811/889/811 670/746/670 
f 812/890/812 673/749/673 670/746/670 811/889/811 
f 813/891/813 812/890/812 811/889/811 810/888/810 
f 812/890/812 813/891/813 814/892/814 815/893/815 
f 673/749/673 812/890/812 815/893/815 674/750/674 
f 816/894/816 677/753/677 674/750/674 815/893/815 
f 817/895/817 816/894/816 815/893/815 814/892/814 
f 816/894/816 817/895/817 818/896/818 819/897/819 
f 677/753/677 816/894/816 819/897/819 678/754/678 
f 820/898/820 682/758/682 683/759/683 821/899/821 
f 822/900/822 820/898/820 821/899/821 823/901/823 
f 820/898/820 822/900/822 824/902/824 825/903/825 
f 682/758/682 820/898/820 825/903/825 684/760/684 
f 826/904/826 688/764/688 689/765/689 827/905/827 
f 828/906/828 826/904/826 827/905/827 829/907/829 
f 826/904/826 828/906/828 830/908/830 831/909/831 
f 688/764/688 826/904/826 831/909/831 690/766/690 
f 832/910/832 693/769/693 690/766/690 831/909/831 
f 833/911/833 832/910/832 831/909/831 830/908/830 
f 832/910/832 833/911/833 834/912/834 835/913/835 
f 693/769/693 832/910/832 835/913/835 694/770/694 
f 836/914/836 697/773/697 694/770/694 835/913/835 
f 837/915/837 836/914/836 835/913/835 834/912/834 
f 836/914/836 837/915/837 838/916/838 839/917/839 
f 697/773/697 836/914/836 839/917/839 698/774/698 
f 840/918/840 701/777/701 698/774/698 839/917/839 
f 841/919/841 840/918/840 839/917/839 838/916/838 
f 840/918/840 841/919/841 705/920/705 703/921/703 
f 701/777/701 840/918/840 703/921/703 565/778/565 
f 842/922/842 704/782/704 705/783/705 843/923/843 
f 844/924/844 845/925/845 842/922/842 843/923/843 
f 846/926/846 844/924/844 843/923/843 
f 847/927/847 848/928/848 842/922/842 849/929/849 
f 849/929/849 842/922/842 845/925/845 
f 704/782/704 842/922/842 848/928/848 706/784/706 
f 850/930/850 709/787/709 706/784/706 848/928/848 
f 851/931/851 850/930/850 848/928/848 847/927/847 
f 850/930/850 851/931/851 852/932/852 853/933/853 
f 709/787/709 850/930/850 853/933/853 710/788/710 
f 854/934/854 714/792/714 715/793/715 855/935/855 
f 856/936/856 854/934/854 855/935/855 857/937/857 
f 854/934/854 856/936/856 858/938/858 859/939/859 
f 714/792/714 854/934/854 859/939/859 716/794/716 
f 860/940/860 720/798/720 721/799/721 861/941/861 
f 862/942/862 860/940/860 861/941/861 863/943/863 
f 860/940/860 862/942/862 864/944/864 865/945/865 
f 720/798/720 860/940/860 865/945/865 722/800/722 
f 866/946/866 725/803/725 722/800/722 865/945/865 
f 867/947/867 866/946/866 865/945/865 864/944/864 
f 866/946/866 867/947/867 868/948/868 869/949/869 
f 725/803/725 866/946/866 869/949/869 726/804/726 
f 870/950/870 729/807/729 726/804/726 869/949/869 
f 871/951/871 870/950/870 869/949/869 868/948/868 
f 870/950/870 871/951/871 872/952/872 873/953/873 
f 729/807/729 870/950/870 873/953/873 730/808/730 
f 874/954/874 733/811/733 730/808/730 873/953/873 
f 875/955/875 874/954/874 873/953/873 872/952/872 
f 874/954/874 875/955/875 876/956/876 877/957/877 
f 733/811/733 874/954/874 877/957/877 734/812/734 
f 878/958/878 737/815/737 734/812/734 877/957/877 
f 879/959/879 878/958/878 877/957/877 876/956/876 
f 878/958/878 879/959/879 880/960/880 881/961/881 
f 737/815/737 878/958/878 881/961/881 738/816/738 
f 882/962/882 741/819/741 738/816/738 881/961/881 
f 883/963/883 882/962/882 881/961/881 880/960/880 
f 882/962/882 883/963/883 884/964/884 885/965/885 
f 741/819/741 882/962/882 885/965/885 742/820/742 
f 886/966/886 745/823/745 742/820/742 885/965/885 
f 887/967/887 886/966/886 885/965/885 884/964/884 
f 886/966/886 887/967/887 888/968/888 889/969/889 
f 745/823/745 886/966/886 889/969/889 746/824/746 
f 890/970/890 749/827/749 746/824/746 889/969/889 
f 891/971/891 890/970/890 889/969/889 888/968/888 
f 890/970/890 891/971/891 892/972/892 893/973/893 
f 749/827/749 890/970/890 893/973/893 750/828/750 
f 894/974/894 753/831/753 750/828/750 893/973/893 
f 895/975/895 894/974/894 893/973/893 892/972/892 
f 894/974/894 895/975/895 896/976/896 897/977/897 
f 753/831/753 894/974/894 897/977/897 754/832/754 
f 898/978/898 757/835/757 754/832/754 897/977/897 
f 899/979/899 898/978/898 897/977/897 896/976/896 
f 898/978/898 899/979/899 900/980/900 901/981/901 
f 757/835/757 898/978/898 901/981/901 758/836/758 
f 902/982/902 761/839/761 758/836/758 901/981/901 
f 903/983/903 902/982/902 901/981/901 900/980/900 
f 902/982/902 903/983/903 904/984/904 905/985/905 
f 761/839/761 902/982/902 905/985/905 762/840/762 
f 906/986/906 765/843/765 762/840/762 905/985/905 
f 907/987/907 906/986/906 905/985/905 904/984/904 
f 906/986/906 907/987/907 908/988/908 909/989/909 
f 765/843/765 906/986/906 909/989/909 766/844/766 
f 910/990/910 770/848/770 771/849/771 911/991/911 
f 912/992/912 910/990/910 911/991/911 913/993/913 
f 910/990/910 912/992/912 914/994/914 915/995/915 
f 770/848/770 910/990/910 915/995/915 772/850/772 
f 916/996/916 776/854/776 777/855/777 917/997/917 
f 918/998/918 916/996/916 917/997/917 919/999/919 
f 916/996/916 918/998/918 920/1000/920 921/1001/921 
f 776/854/776 916/996/916 921/1001/921 778/856/778 
f 922/1002/922 781/859/781 778/856/778 921/1001/921 
f 923/1003/923 922/1002/922 921/1001/921 920/1000/920 
f 922/1002/922 923/1003/923 924/1004/924 925/1005/925 
f 781/859/781 922/1002/922 925/1005/925 782/860/782 
f 926/1006/926 785/863/785 782/860/782 925/1005/925 
f 927/1007/927 926/1006/926 925/1005/925 924/1004/924 
f 926/1006/926 927/1007/927 928/1008/928 929/1009/929 
f 785/863/785 926/1006/926 929/1009/929 786/864/786 
f 930/1010/930 789/867/789 786/864/786 929/1009/929 
f 931/1011/931 930/1010/930 929/1009/929 928/1008/928 
f 930/1010/930 931/1011/931 932/1012/932 933/1013/933 
f 789/867/789 930/1010/930 933/1013/933 790/868/790 
f 934/1014/934 793/871/793 790/868/790 933/1013/933 
f 935/1015/935 934/1014/934 933/1013/933 932/1012/932 
f 934/1014/934 935/1015/935 936/1016/936 937/1017/937 
f 793/871/793 934/1014/934 937/1017/937 794/872/794 
f 938/1018/938 797/875/797 794/872/794 937/1017/937 
f 939/1019/939 938/1018/938 937/1017/937 936/1016/936 
f 940/1020/940 941/1021/941 942/1022/942 938/1018/938 
f 943/1023/943 940/1020/940 938/1018/938 939/1019/939 
f 797/875/797 938/1018/938 942/1022/942 798/876/798 
f 944/1024/944 801/879/801 798/876/798 942/1022/942 
f 945/1025/945 946/1026/946 944/1024/944 942/1022/942 
f 941/1021/941 945/1025/945 942/1022/942 
f 947/1027/947 948/1028/948 949/1029/949 944/1024/944 
f 947/1027/947 944/1024/944 946/1026/946 
f 801/879/801 944/1024/944 949/1029/949 802/880/802 
f 950/1030/950 805/883/805 802/880/802 949/1029/949 
f 951/1031/951 952/1032/952 950/1030/950 949/1029/949 
f 948/1028/948 951/1031/951 949/1029/949 
f 953/1033/953 954/1034/954 955/1035/955 950/1030/950 
f 953/1033/953 950/1030/950 952/1032/952 
f 805/883/805 950/1030/950 955/1035/955 806/884/806 
f 956/1036/956 809/887/809 806/884/806 955/1035/955 
f 957/1037/957 958/1038/958 956/1036/956 955/1035/955 
f 954/1034/954 957/1037/957 955/1035/955 
f 959/1039/959 960/1040/960 956/1036/956 961/1041/961 
f 956/1036/956 958/1038/958 961/1041/961 
f 809/887/809 956/1036/956 960/1040/960 810/888/810 
f 962/1042/962 813/891/813 810/888/810 960/1040/960 
f 963/1043/963 962/1042/962 960/1040/960 964/1044/964 
f 959/1039/959 964/1044/964 960/1040/960 
f 965/1045/965 966/1046/966 967/1047/967 962/1042/962 
f 965/1045/965 962/1042/962 963/1043/963 
f 813/891/813 962/1042/962 967/1047/967 814/892/814 
f 968/1048/968 969/1049/969 817/895/817 814/892/814 
f 814/892/814 967/1047/967 970/1050/970 968/1048/968 
f 971/1051/971 970/1050/970 967/1047/967 966/1046/966 
f 972/1052/972 973/1053/973 818/896/818 817/895/817 
f 972/1052/972 817/895/817 969/1049/969 
f 974/1054/974 975/1055/975 822/900/822 823/901/823 
f 976/1056/976 974/1054/974 823/901/823 
f 977/1057/977 978/1058/978 824/902/824 822/900/822 
f 977/1057/977 822/900/822 975/1055/975 
f 979/1059/979 980/1060/980 828/906/828 829/907/829 
f 981/1061/981 979/1059/979 829/907/829 
f 982/1062/982 983/1063/983 830/908/830 828/906/828 
f 982/1062/982 828/906/828 980/1060/980 
f 984/1064/984 985/1065/985 833/911/833 830/908/830 
f 983/1063/983 984/1064/984 830/908/830 
f 986/1066/986 987/1067/987 834/912/834 833/911/833 
f 986/1066/986 833/911/833 985/1065/985 
f 988/1068/988 989/1069/989 837/915/837 834/912/834 
f 987/1067/987 988/1068/988 834/912/834 
f 990/1070/990 991/1071/991 838/916/838 837/915/837 
f 989/1069/989 990/1070/990 837/915/837 
f 992/1072/992 993/1073/993 841/919/841 994/1074/994 
f 994/1074/994 841/919/841 838/916/838 991/1071/991 
f 995/1075/995 846/1076/846 843/1077/843 
f 843/1077/843 705/920/705 841/919/841 995/1075/995 
f 995/1075/995 841/919/841 993/1073/993 
f 849/929/849 996/1078/996 847/927/847 
f 997/1079/997 851/931/851 847/927/847 998/1080/998 
f 847/927/847 996/1078/996 998/1080/998 
f 998/1080/998 999/1081/999 997/1079/997 
f 1000/1082/1000 1001/1083/1001 1002/1084/1002 997/1079/997 
f 1000/1082/1000 997/1079/997 999/1081/999 
f 851/931/851 997/1079/997 1002/1084/1002 852/932/852 
f 1003/1085/1003 856/936/856 857/937/857 1004/1086/1004 
f 1005/1087/1005 1003/1085/1003 1004/1086/1004 1006/1088/1006 
f 1003/1085/1003 1005/1087/1005 1007/1089/1007 1008/1090/1008 
f 856/936/856 1003/1085/1003 1008/1090/1008 858/938/858 
f 1009/1091/1009 862/942/862 863/943/863 1010/1092/1010 
f 1011/1093/1011 1009/1091/1009 1010/1092/1010 1012/1094/1012 
f 1009/1091/1009 1011/1093/1011 1013/1095/1013 1014/1096/1014 
f 862/942/862 1009/1091/1009 1014/1096/1014 864/944/864 
f 1015/1097/1015 867/947/867 864/944/864 1014/1096/1014 
f 1016/1098/1016 1015/1097/1015 1014/1096/1014 1013/1095/1013 
f 1015/1097/1015 1016/1098/1016 1017/1099/1017 1018/1100/1018 
f 867/947/867 1015/1097/1015 1018/1100/1018 868/948/868 
f 1019/1101/1019 871/951/871 868/948/868 1018/1100/1018 
f 1020/1102/1020 1019/1101/1019 1018/1100/1018 1017/1099/1017 
f 1019/1101/1019 1020/1102/1020 1021/1103/1021 1022/1104/1022 
f 871/951/871 1019/1101/1019 1022/1104/1022 872/952/872 
f 1023/1105/1023 875/955/875 872/952/872 1022/1104/1022 
f 1024/1106/1024 1023/1105/1023 1022/1104/1022 1021/1103/1021 
f 1023/1105/1023 1024/1106/1024 1025/1107/1025 1026/1108/1026 
f 875/955/875 1023/1105/1023 1026/1108/1026 876/956/876 
f 1027/1109/1027 879/959/879 876/956/876 1026/1108/1026 
f 1028/1110/1028 1027/1109/1027 1026/1108/1026 1025/1107/1025 
f 1027/1109/1027 1028/1110/1028 1029/1111/1029 1030/1112/1030 
f 879/959/879 1027/1109/1027 1030/1112/1030 880/960/880 
f 1031/1113/1031 883/963/883 880/960/880 1030/1112/1030 
f 1032/1114/1032 1031/1113/1031 1030/1112/1030 1029/1111/1029 
f 1031/1113/1031 1032/1114/1032 1033/1115/1033 1034/1116/1034 
f 883/963/883 1031/1113/1031 1034/1116/1034 884/964/884 
f 1035/1117/1035 887/967/887 884/964/884 1034/1116/1034 
f 1036/1118/1036 1035/1117/1035 1034/1116/1034 1033/1115/1033 
f 1035/1117/1035 1036/1118/1036 1037/1119/1037 1038/1120/1038 
f 887/967/887 1035/1117/1035 1038/1120/1038 888/968/888 
f 1039/1121/1039 891/971/891 888/968/888 1038/1120/1038 
f 1040/1122/1040 1039/1121/1039 1038/1120/1038 1037/1119/1037 
f 1039/1121/1039 1040/1122/1040 1041/1123/1041 1042/1124/1042 
f 891/971/891 1039/1121/1039 1042/1124/1042 892/972/892 
f 1043/1125/1043 895/975/895 892/972/892 1042/1124/1042 
f 1044/1126/1044 1043/1125/1043 1042/1124/1042 1041/1123/1041 
f 1043/1125/1043 1044/1126/1044 1045/1127/1045 1046/1128/1046 
f 895/975/895 1043/1125/1043 1046/1128/1046 896/976/896 
f 1047/1129/1047 899/979/899 896/976/896 1046/1128/1046 
f 1048/1130/1048 1047/1129/1047 1046/1128/1046 1045/1127/1045 
f 1047/1129/1047 1048/1130/1048 1049/1131/1049 1050/1132/1050 
f 899/979/899 1047/1129/1047 1050/1132/1050 900/980/900 
f 1051/1133/1051 903/983/903 900/980/900 1050/1132/1050 
f 1052/1134/1052 1051/1133/1051 1050/1132/1050 1049/1131/1049 
f 1051/1133/1051 1052/1134/1052 1053/1135/1053 1054/1136/1054 
f 903/983/903 1051/1133/1051 1054/1136/1054 904/984/904 
f 1055/1137/1055 907/987/907 904/984/904 1054/1136/1054 
f 1056/1138/1056 1055/1137/1055 1054/1136/1054 1053/1135/1053 
f 1055/1137/1055 1056/1138/1056 1057/1139/1057 1058/1140/1058 
f 907/987/907 1055/1137/1055 1058/1140/1058 908/988/908 
f 1059/1141/1059 912/992/912 913/993/913 1060/1142/1060 
f 1061/1143/1061 1059/1141/1059 1060/1142/1060 1062/1144/1062 
f 1059/1141/1059 1061/1143/1061 1063/1145/1063 1064/1146/1064 
f 912/992/912 1059/1141/1059 1064/1146/1064 914/994/914 
f 1065/1147/1065 918/998/918 919/999/919 1066/1148/1066 
f 1067/1149/1067 1065/1147/1065 1066/1148/1066 1068/1150/1068 
f 1065/1147/1065 1067/1149/1067 1069/1151/1069 1070/1152/1070 
f 918/998/918 1065/1147/1065 1070/1152/1070 920/1000/920 
f 1071/1153/1071 923/1003/923 920/1000/920 1070/1152/1070 
f 1072/1154/1072 1071/1153/1071 1070/1152/1070 1069/1151/1069 
f 1071/1153/1071 1072/1154/1072 1073/1155/1073 1074/1156/1074 
f 923/1003/923 1071/1153/1071 1074/1156/1074 924/1004/924 
f 1075/1157/1075 927/1007/927 924/1004/924 1074/1156/1074 
f 1076/1158/1076 1075/1157/1075 1074/1156/1074 1077/1159/1077 
f 1074/1156/1074 1073/1155/1073 1078/1160/1078 1077/1159/1077 
f 1075/1157/1075 1076/1158/1076 1079/1161/1079 1080/1162/1080 
f 1081/1163/1081 1082/1164/1082 931/1011/931 928/1008/928 
f 1083/1165/1083 1081/1163/1081 928/1008/928 
f 1084/1166/1084 932/1012/932 931/1011/931 1085/1167/1085 
f 931/1011/931 1082/1164/1082 1085/1167/1085 
f 1086/1168/1086 935/1015/935 932/1012/932 1087/1169/1087 
f 1084/1166/1084 1087/1169/1087 932/1012/932 
f 1088/1170/1088 936/1016/936 935/1015/935 1089/1171/1089 
f 935/1015/935 1086/1168/1086 1089/1171/1089 
f 1090/1172/1090 939/1019/939 936/1016/936 1091/1173/1091 
f 1088/1170/1088 1091/1173/1091 936/1016/936 
f 1092/1174/1092 943/1023/943 939/1019/939 1093/1175/1093 
f 939/1019/939 1090/1172/1090 1093/1175/1093 
f 1094/1176/1094 1095/1177/1095 1005/1087/1005 1006/1088/1006 
f 1096/1178/1096 1094/1176/1094 1006/1088/1006 
f 1097/1179/1097 1098/1180/1098 1007/1089/1007 1099/1181/1099 
f 1099/1181/1099 1007/1089/1007 1005/1087/1005 1095/1177/1095 
f 1100/1182/1100 1011/1093/1011 1012/1094/1012 1101/1183/1101 
f 1102/1184/1102 1103/1185/1103 1100/1182/1100 1101/1183/1101 
f 1104/1186/1104 1102/1184/1102 1101/1183/1101 
f 1105/1187/1105 1106/1188/1106 1107/1189/1107 1100/1182/1100 
f 1105/1187/1105 1100/1182/1100 1103/1185/1103 
f 1011/1093/1011 1100/1182/1100 1107/1189/1107 1013/1095/1013 
f 1108/1190/1108 1016/1098/1016 1013/1095/1013 1107/1189/1107 
f 1109/1191/1109 1110/1192/1110 1108/1190/1108 1107/1189/1107 
f 1106/1188/1106 1109/1191/1109 1107/1189/1107 
f 1111/1193/1111 1112/1194/1112 1108/1190/1108 1113/1195/1113 
f 1113/1195/1113 1108/1190/1108 1110/1192/1110 
f 1016/1098/1016 1108/1190/1108 1112/1194/1112 1017/1099/1017 
f 1114/1196/1114 1020/1102/1020 1017/1099/1017 1112/1194/1112 
f 1115/1197/1115 1114/1196/1114 1112/1194/1112 1111/1193/1111 
f 1114/1196/1114 1115/1197/1115 1116/1198/1116 1117/1199/1117 
f 1020/1102/1020 1114/1196/1114 1117/1199/1117 1021/1103/1021 
f 1118/1200/1118 1024/1106/1024 1021/1103/1021 1117/1199/1117 
f 1119/1201/1119 1118/1200/1118 1117/1199/1117 1116/1198/1116 
f 1118/1200/1118 1119/1201/1119 1120/1202/1120 1121/1203/1121 
f 1024/1106/1024 1118/1200/1118 1121/1203/1121 1025/1107/1025 
f 1122/1204/1122 1028/1110/1028 1025/1107/1025 1121/1203/1121 
f 1123/1205/1123 1122/1204/1122 1121/1203/1121 1120/1202/1120 
f 1122/1204/1122 1123/1205/1123 1124/1206/1124 1125/1207/1125 
f 1028/1110/1028 1122/1204/1122 1125/1207/1125 1029/1111/1029 
f 1126/1208/1126 1032/1114/1032 1029/1111/1029 1125/1207/1125 
f 1127/1209/1127 1126/1208/1126 1125/1207/1125 1124/1206/1124 
f 1126/1208/1126 1127/1209/1127 1128/1210/1128 1129/1211/1129 
f 1032/1114/1032 1126/1208/1126 1129/1211/1129 1033/1115/1033 
f 1130/1212/1130 1036/1118/1036 1033/1115/1033 1129/1211/1129 
f 1131/1213/1131 1130/1212/1130 1129/1211/1129 1128/1210/1128 
f 1130/1212/1130 1131/1213/1131 1132/1214/1132 1133/1215/1133 
f 1036/1118/1036 1130/1212/1130 1133/1215/1133 1037/1119/1037 
f 1134/1216/1134 1040/1122/1040 1037/1119/1037 1133/1215/1133 
f 1135/1217/1135 1134/1216/1134 1133/1215/1133 1132/1214/1132 
f 1134/1216/1134 1135/1217/1135 1136/1218/1136 1137/1219/1137 
f 1040/1122/1040 1134/1216/1134 1137/1219/1137 1041/1123/1041 
f 1138/1220/1138 1044/1126/1044 1041/1123/1041 1137/1219/1137 
f 1139/1221/1139 1138/1220/1138 1137/1219/1137 1136/1218/1136 
f 1138/1220/1138 1139/1221/1139 1140/1222/1140 1141/1223/1141 
f 1044/1126/1044 1138/1220/1138 1141/1223/1141 1045/1127/1045 
f 1142/1224/1142 1048/1130/1048 1045/1127/1045 1141/1223/1141 
f 1143/1225/1143 1142/1224/1142 1141/1223/1141 1140/1222/1140 
f 1142/1224/1142 1143/1225/1143 1144/1226/1144 1145/1227/1145 
f 1048/1130/1048 1142/1224/1142 1145/1227/1145 1049/1131/1049 
f 1146/1228/1146 1052/1134/1052 1049/1131/1049 1145/1227/1145 
f 1147/1229/1147 1146/1228/1146 1145/1227/1145 1144/1226/1144 
f 1146/1228/1146 1147/1229/1147 1148/1230/1148 1149/1231/1149 
f 1052/1134/1052 1146/1228/1146 1149/1231/1149 1053/1135/1053 
f 1150/1232/1150 1056/1138/1056 1053/1135/1053 1149/1231/1149 
f 1151/1233/1151 1150/1232/1150 1149/1231/1149 1148/1230/1148 
f 1150/1232/1150 1151/1233/1151 1152/1234/1152 1153/1235/1153 
f 1056/1138/1056 1150/1232/1150 1153/1235/1153 1057/1139/1057 
f 1154/1236/1154 1061/1143/1061 1062/1144/1062 1155/1237/1155 
f 1156/1238/1156 1154/1236/1154 1155/1237/1155 1157/1239/1157 
f 1154/1236/1154 1156/1238/1156 1158/1240/1158 1159/1241/1159 
f 1061/1143/1061 1154/1236/1154 1159/1241/1159 1063/1145/1063 
f 1160/1242/1160 1067/1149/1067 1068/1150/1068 1161/1243/1161 
f 1162/1244/1162 1160/1242/1160 1161/1243/1161 1163/1245/1163 
f 1160/1242/1160 1162/1244/1162 1164/1246/1164 1165/1247/1165 
f 1067/1149/1067 1160/1242/1160 1165/1247/1165 1069/1151/1069 
f 1166/1248/1166 1072/1154/1072 1069/1151/1069 1165/1247/1165 
f 1167/1249/1167 1166/1248/1166 1165/1247/1165 1168/1250/1168 
f 1165/1247/1165 1164/1246/1164 1169/1251/1169 1168/1250/1168 
f 1166/1248/1166 1167/1249/1167 1170/1252/1079 1171/1253/1170 
f 1172/1254/1171 1073/1155/1073 1072/1154/1072 1173/1255/1172 
f 1171/1253/1170 1173/1255/1172 1072/1154/1072 1166/1248/1166 
f 1174/1256/1079 1078/1160/1078 1073/1155/1073 1172/1254/1171 
f 1113/1195/1113 1175/1257/1173 1111/1193/1111 
f 1176/1258/1174 1177/1259/1175 1115/1197/1115 1111/1193/1111 
f 1175/1257/1173 1176/1258/1174 1111/1193/1111 
f 1178/1260/1176 1179/1261/1177 1116/1198/1116 1115/1197/1115 
f 1178/1260/1176 1115/1197/1115 1177/1259/1175 
f 1180/1262/1178 1181/1263/1179 1119/1201/1119 1116/1198/1116 
f 1179/1261/1177 1180/1262/1178 1116/1198/1116 
f 1182/1264/1180 1183/1265/1181 1120/1202/1120 1119/1201/1119 
f 1182/1264/1180 1119/1201/1119 1181/1263/1179 
f 1184/1266/1182 1185/1267/1183 1123/1205/1123 1120/1202/1120 
f 1183/1265/1181 1184/1266/1182 1120/1202/1120 
f 1186/1268/1184 1187/1269/1185 1124/1206/1124 1123/1205/1123 
f 1186/1268/1184 1123/1205/1123 1185/1267/1183 
f 1188/1270/1186 1189/1271/1187 1127/1209/1127 1124/1206/1124 
f 1187/1269/1185 1188/1270/1186 1124/1206/1124 
f 1190/1272/1188 1191/1273/1189 1192/1274/1190 
f 1192/1274/1190 1128/1210/1128 1127/1209/1127 1190/1272/1188 
f 1190/1272/1188 1127/1209/1127 1189/1271/1187 
f 1193/1275/1191 1131/1213/1131 1128/1210/1128 1192/1274/1190 
f 1194/1276/1192 1195/1277/1193 1193/1275/1191 1192/1274/1190 
f 1191/1273/1189 1194/1276/1192 1192/1274/1190 
f 1196/1278/1194 1197/1279/1195 1198/1280/1196 1193/1275/1191 
f 1196/1278/1194 1193/1275/1191 1195/1277/1193 
f 1131/1213/1131 1193/1275/1191 1198/1280/1196 1132/1214/1132 
f 1199/1281/1197 1135/1217/1135 1132/1214/1132 1198/1280/1196 
f 1200/1282/1198 1201/1283/1199 1199/1281/1197 1198/1280/1196 
f 1197/1279/1195 1200/1282/1198 1198/1280/1196 
f 1202/1284/1200 1203/1285/1201 1204/1286/1202 1199/1281/1197 
f 1202/1284/1200 1199/1281/1197 1201/1283/1199 
f 1135/1217/1135 1199/1281/1197 1204/1286/1202 1136/1218/1136 
f 1205/1287/1203 1139/1221/1139 1136/1218/1136 1204/1286/1202 
f 1206/1288/1204 1207/1289/1205 1205/1287/1203 1204/1286/1202 
f 1203/1285/1201 1206/1288/1204 1204/1286/1202 
f 1208/1290/1206 1209/1291/1207 1210/1292/1208 1205/1287/1203 
f 1208/1290/1206 1205/1287/1203 1207/1289/1205 
f 1139/1221/1139 1205/1287/1203 1210/1292/1208 1140/1222/1140 
f 1211/1293/1209 1143/1225/1143 1140/1222/1140 1210/1292/1208 
f 1212/1294/1210 1211/1293/1209 1210/1292/1208 1213/1295/1211 
f 1210/1292/1208 1209/1291/1207 1213/1295/1211 
f 1211/1293/1209 1212/1294/1210 1214/1296/1212 1215/1297/1213 
f 1143/1225/1143 1211/1293/1209 1215/1297/1213 1144/1226/1144 
f 1216/1298/1214 1147/1229/1147 1144/1226/1144 1215/1297/1213 
f 1217/1299/1215 1216/1298/1214 1215/1297/1213 1214/1296/1212 
f 1216/1298/1214 1217/1299/1215 1218/1300/1216 1219/1301/1217 
f 1147/1229/1147 1216/1298/1214 1219/1301/1217 1148/1230/1148 
f 1220/1302/1218 1151/1233/1151 1148/1230/1148 1219/1301/1217 
f 1221/1303/1219 1222/1303/1220 1220/1302/1218 1219/1301/1217 
f 1219/1301/1217 1218/1300/1216 1223/1304/1221 1221/1303/1219 
f 1224/1305/1222 1225/1306/1223 1226/1307/1224 1220/1302/1218 
f 1224/1305/1222 1220/1302/1218 1222/1303/1220 
f 1151/1233/1151 1220/1302/1218 1226/1307/1224 1152/1234/1152 
f 1227/1308/1225 1156/1238/1156 1157/1239/1157 1228/1309/1226 
f 1229/1310/1227 1230/1311/1228 1227/1308/1225 1228/1309/1226 
f 1231/1312/1229 1229/1310/1227 1228/1309/1226 
f 1232/1313/1230 1233/1314/1231 1234/1315/1232 1227/1308/1225 
f 1232/1313/1230 1227/1308/1225 1230/1311/1228 
f 1156/1238/1156 1227/1308/1225 1234/1315/1232 1158/1240/1158 
f 1235/1316/1233 1162/1244/1162 1163/1245/1163 1236/1317/1234 
f 1163/1245/1163 1237/1318/1235 1238/1319/1236 1236/1317/1234 
f 1239/1320/1237 1238/1319/1236 1237/1318/1235 1240/1321/1238 
f 1237/1318/1235 1241/1322/1239 1240/1321/1238 
f 1242/1323/1240 1164/1246/1164 1162/1244/1162 1243/1324/1241 
f 1162/1244/1162 1235/1316/1233 1243/1324/1241 
f 1244/1325/1242 1169/1251/1169 1164/1246/1164 1242/1323/1240 
f 1213/1295/1211 1245/1326/1243 1212/1294/1210 
f 1246/1327/1244 1247/1328/1245 1214/1296/1212 1212/1294/1210 
f 1246/1327/1244 1212/1294/1210 1245/1326/1243 
f 1248/1329/1246 1249/1330/1247 1217/1299/1215 1214/1296/1212 
f 1247/1328/1245 1248/1329/1246 1214/1296/1212 
f 1250/1331/1248 1218/1300/1216 1217/1299/1215 1251/1332/1249 
f 1217/1299/1215 1249/1330/1247 1251/1332/1249 
f 1252/1333/1250 1223/1304/1221 1218/1300/1216 1250/1331/1248 
f 1253/1334/1251 259/328/259 258/327/258 1254/1335/1252 
f 261/330/261 1253/1334/1251 1254/1335/1252 263/332/263 
f 1253/1334/1251 261/330/261 121/178/121 120/177/120 
f 259/328/259 1253/1334/1251 120/177/120 119/176/119 
f 1255/1336/1253 399/470/399 398/469/398 1256/1337/1254 
f 401/472/401 1255/1336/1253 1256/1337/1254 403/474/403 
f 1255/1336/1253 401/472/401 263/332/263 1254/1335/1252 
f 399/470/399 1255/1336/1253 1254/1335/1252 258/327/258 
f 1257/1338/1255 539/613/539 538/612/538 1258/1339/1256 
f 541/615/541 1257/1338/1255 1258/1339/1256 543/617/543 
f 1257/1338/1255 541/615/541 403/474/403 1256/1337/1254 
f 539/613/539 1257/1338/1255 1256/1337/1254 398/469/398 
f 1259/1340/1257 679/755/679 678/754/678 1260/1341/1258 
f 681/757/681 1259/1340/1257 1260/1341/1258 683/759/683 
f 1259/1340/1257 681/757/681 543/617/543 1258/1339/1256 
f 679/755/679 1259/1340/1257 1258/1339/1256 538/612/538 
f 1261/1342/1259 819/897/819 818/896/818 1262/1343/1260 
f 821/899/821 1261/1342/1259 1262/1343/1260 823/901/823 
f 1261/1342/1259 821/899/821 683/759/683 1260/1341/1258 
f 819/897/819 1261/1342/1259 1260/1341/1258 678/754/678 
f 1263/1344/1261 976/1056/976 823/901/823 1262/1343/1260 
f 1263/1344/1261 1262/1343/1260 1264/1345/1262 
f 1265/1346/1263 1264/1345/1262 1262/1343/1260 818/896/818 
f 1265/1346/1263 818/896/818 973/1053/973 
f 1266/1347/1264 265/334/265 264/333/264 1267/1348/1265 
f 267/336/267 1266/1347/1264 1267/1348/1265 269/338/269 
f 1266/1347/1264 267/336/267 127/186/127 126/185/126 
f 265/334/265 1266/1347/1264 126/185/126 125/184/125 
f 1268/1349/1266 405/476/405 404/475/404 1269/1350/1267 
f 407/478/407 1268/1349/1266 1269/1350/1267 408/479/408 
f 1268/1349/1266 407/478/407 269/338/269 1267/1348/1265 
f 405/476/405 1268/1349/1266 1267/1348/1265 264/333/264 
f 1270/1351/1268 545/619/545 544/618/544 1271/1352/1269 
f 547/621/547 1270/1351/1268 1271/1352/1269 549/623/549 
f 1270/1351/1268 547/621/547 408/479/408 1269/1350/1267 
f 545/619/545 1270/1351/1268 1269/1350/1267 404/475/404 
f 1272/1353/1270 685/761/685 684/760/684 1273/1354/1271 
f 687/763/687 1272/1353/1270 1273/1354/1271 689/765/689 
f 1272/1353/1270 687/763/687 549/623/549 1271/1352/1269 
f 685/761/685 1272/1353/1270 1271/1352/1269 544/618/544 
f 1274/1355/1272 825/903/825 824/902/824 1275/1356/1273 
f 827/905/827 1274/1355/1272 1275/1356/1273 829/907/829 
f 1274/1355/1272 827/905/827 689/765/689 1273/1354/1271 
f 825/903/825 1274/1355/1272 1273/1354/1271 684/760/684 
f 1276/1357/1274 981/1061/981 829/907/829 1275/1356/1273 
f 1275/1356/1273 1277/1358/1275 1278/1359/1276 1276/1357/1274 
f 1279/1360/1277 1277/1358/1275 1275/1356/1273 824/902/824 
f 1279/1360/1277 824/902/824 978/1058/978 
f 1280/1361/1278 157/226/157 156/225/156 1281/1362/1279 
f 159/228/159 1280/1361/1278 1281/1362/1279 161/230/161 
f 1280/1361/1278 159/228/159 19/24/19 18/23/18 
f 157/226/157 1280/1361/1278 18/23/18 17/22/17 
f 1282/1363/1280 297/368/297 296/367/296 1283/1364/1281 
f 299/370/299 1282/1363/1280 1283/1364/1281 301/372/301 
f 1282/1363/1280 299/370/299 161/230/161 1281/1362/1279 
f 297/368/297 1282/1363/1280 1281/1362/1279 156/225/156 
f 1284/1365/1282 437/511/437 436/510/436 1285/1366/1283 
f 439/513/439 1284/1365/1282 1285/1366/1283 441/515/441 
f 1284/1365/1282 439/513/439 301/372/301 1283/1364/1281 
f 437/511/437 1284/1365/1282 1283/1364/1281 296/367/296 
f 1286/1367/1284 577/653/577 576/652/576 1287/1368/1285 
f 579/655/579 1286/1367/1284 1287/1368/1285 581/657/581 
f 1286/1367/1284 579/655/579 441/515/441 1285/1366/1283 
f 577/653/577 1286/1367/1284 1285/1366/1283 436/510/436 
f 1288/1369/1286 717/795/717 716/794/716 1289/1370/1287 
f 719/797/719 1288/1369/1286 1289/1370/1287 721/799/721 
f 1288/1369/1286 719/797/719 581/657/581 1287/1368/1285 
f 717/795/717 1288/1369/1286 1287/1368/1285 576/652/576 
f 1290/1371/1288 859/939/859 858/938/858 1291/1372/1289 
f 861/941/861 1290/1371/1288 1291/1372/1289 863/943/863 
f 1290/1371/1288 861/941/861 721/799/721 1289/1370/1287 
f 859/939/859 1290/1371/1288 1289/1370/1287 716/794/716 
f 1292/1373/1290 1008/1090/1008 1007/1089/1007 1293/1374/1291 
f 1010/1092/1010 1292/1373/1290 1293/1374/1291 1012/1094/1012 
f 1292/1373/1290 1010/1092/1010 863/943/863 1291/1372/1289 
f 1008/1090/1008 1292/1373/1290 1291/1372/1289 858/938/858 
f 1101/1183/1101 1294/1375/1292 1295/1376/1293 1104/1186/1104 
f 1294/1375/1292 1101/1183/1101 1012/1094/1012 1296/1377/1294 
f 1012/1094/1012 1293/1374/1291 1297/1378/1295 1296/1377/1294 
f 1298/1379/1296 1297/1378/1295 1293/1374/1291 1098/1180/1098 
f 1293/1374/1291 1007/1089/1007 1098/1180/1098 
f 1299/1380/1297 151/220/151 150/219/150 1300/1381/1298 
f 153/222/153 1299/1380/1297 1300/1381/1298 155/224/155 
f 1299/1380/1297 153/222/153 13/16/13 12/15/12 
f 151/220/151 1299/1380/1297 12/15/12 11/14/11 
f 1301/1382/1299 291/362/291 290/361/290 1302/1383/1300 
f 293/364/293 1301/1382/1299 1302/1383/1300 295/366/295 
f 1301/1382/1299 293/364/293 155/224/155 1300/1381/1298 
f 291/362/291 1301/1382/1299 1300/1381/1298 150/219/150 
f 1303/1384/1301 431/505/431 430/504/430 1304/1385/1302 
f 433/507/433 1303/1384/1301 1304/1385/1302 435/509/435 
f 1303/1384/1301 433/507/433 295/366/295 1302/1383/1300 
f 431/505/431 1303/1384/1301 1302/1383/1300 290/361/290 
f 1305/1386/1303 571/647/571 570/646/570 1306/1387/1304 
f 573/649/573 1305/1386/1303 1306/1387/1304 575/651/575 
f 1305/1386/1303 573/649/573 435/509/435 1304/1385/1302 
f 571/647/571 1305/1386/1303 1304/1385/1302 430/504/430 
f 1307/1388/1305 711/789/711 710/788/710 1308/1389/1306 
f 713/791/713 1307/1388/1305 1308/1389/1306 715/793/715 
f 1307/1388/1305 713/791/713 575/651/575 1306/1387/1304 
f 711/789/711 1307/1388/1305 1306/1387/1304 570/646/570 
f 1309/1390/1307 853/933/853 852/932/852 1310/1391/1308 
f 855/935/855 1309/1390/1307 1310/1391/1308 857/937/857 
f 1309/1390/1307 855/935/855 715/793/715 1308/1389/1306 
f 853/933/853 1309/1390/1307 1308/1389/1306 710/788/710 
f 1311/1392/1309 1312/1393/1310 1313/1394/1311 1001/1083/1001 
f 1001/1083/1001 1313/1394/1311 1002/1084/1002 
f 1314/1395/1312 1006/1088/1006 1004/1086/1004 1315/1396/1313 
f 1312/1393/1310 1315/1396/1313 1004/1086/1004 1313/1394/1311 
f 1313/1394/1311 1004/1086/1004 857/937/857 1310/1391/1308 
f 1002/1084/1002 1313/1394/1311 1310/1391/1308 852/932/852 
f 1316/1397/1314 1096/1178/1096 1006/1088/1006 1314/1395/1312 
f 1317/1398/1315 207/276/207 206/275/206 1318/1399/1316 
f 209/278/209 1317/1398/1315 1318/1399/1316 211/280/211 
f 1317/1398/1315 209/278/209 69/98/69 68/97/68 
f 207/276/207 1317/1398/1315 68/97/68 67/96/67 
f 1319/1400/1317 347/418/347 346/417/346 1320/1401/1318 
f 349/420/349 1319/1400/1317 1320/1401/1318 351/422/351 
f 1319/1400/1317 349/420/349 211/280/211 1318/1399/1316 
f 347/418/347 1319/1400/1317 1318/1399/1316 206/275/206 
f 1321/1402/1319 487/561/487 486/560/486 1322/1403/1320 
f 489/563/489 1321/1402/1319 1322/1403/1320 491/565/491 
f 1321/1402/1319 489/563/489 351/422/351 1320/1401/1318 
f 487/561/487 1321/1402/1319 1320/1401/1318 346/417/346 
f 1323/1404/1321 627/703/627 626/702/626 1324/1405/1322 
f 629/705/629 1323/1404/1321 1324/1405/1322 631/707/631 
f 1323/1404/1321 629/705/629 491/565/491 1322/1403/1320 
f 627/703/627 1323/1404/1321 1322/1403/1320 486/560/486 
f 1325/1406/1323 767/845/767 766/844/766 1326/1407/1324 
f 769/847/769 1325/1406/1323 1326/1407/1324 771/849/771 
f 1325/1406/1323 769/847/769 631/707/631 1324/1405/1322 
f 767/845/767 1325/1406/1323 1324/1405/1322 626/702/626 
f 1327/1408/1325 909/989/909 908/988/908 1328/1409/1326 
f 911/991/911 1327/1408/1325 1328/1409/1326 913/993/913 
f 1327/1408/1325 911/991/911 771/849/771 1326/1407/1324 
f 909/989/909 1327/1408/1325 1326/1407/1324 766/844/766 
f 1329/1410/1327 1058/1140/1058 1057/1139/1057 1330/1411/1328 
f 1060/1142/1060 1329/1410/1327 1330/1411/1328 1062/1144/1062 
f 1329/1410/1327 1060/1142/1060 913/993/913 1328/1409/1326 
f 1058/1140/1058 1329/1410/1327 1328/1409/1326 908/988/908 
f 1331/1412/1329 1153/1235/1153 1152/1234/1152 1332/1413/1330 
f 1155/1237/1155 1331/1412/1329 1332/1413/1330 1157/1239/1157 
f 1331/1412/1329 1155/1237/1155 1062/1144/1062 1330/1411/1328 
f 1153/1235/1153 1331/1412/1329 1330/1411/1328 1057/1139/1057 
f 1333/1414/1331 1334/1415/1332 1335/1416/1333 1226/1307/1224 
f 1333/1414/1331 1226/1307/1224 1225/1306/1223 
f 1336/1417/1334 1231/1312/1229 1228/1309/1226 1335/1416/1333 
f 1336/1417/1334 1335/1416/1333 1334/1415/1332 
f 1335/1416/1333 1228/1309/1226 1157/1239/1157 1332/1413/1330 
f 1226/1307/1224 1335/1416/1333 1332/1413/1330 1152/1234/1152 
f 1337/1418/1335 213/282/213 212/281/212 1338/1419/1336 
f 215/284/215 1337/1418/1335 1338/1419/1336 217/286/217 
f 1337/1418/1335 215/284/215 75/106/75 74/105/74 
f 213/282/213 1337/1418/1335 74/105/74 73/104/73 
f 1339/1420/1337 353/424/353 352/423/352 1340/1421/1338 
f 355/426/355 1339/1420/1337 1340/1421/1338 357/428/357 
f 1339/1420/1337 355/426/355 217/286/217 1338/1419/1336 
f 353/424/353 1339/1420/1337 1338/1419/1336 212/281/212 
f 1341/1422/1339 493/567/493 492/566/492 1342/1423/1340 
f 495/569/495 1341/1422/1339 1342/1423/1340 497/571/497 
f 1341/1422/1339 495/569/495 357/428/357 1340/1421/1338 
f 493/567/493 1341/1422/1339 1340/1421/1338 352/423/352 
f 1343/1424/1341 633/709/633 632/708/632 1344/1425/1342 
f 635/711/635 1343/1424/1341 1344/1425/1342 637/713/637 
f 1343/1424/1341 635/711/635 497/571/497 1342/1423/1340 
f 633/709/633 1343/1424/1341 1342/1423/1340 492/566/492 
f 1345/1426/1343 773/851/773 772/850/772 1346/1427/1344 
f 775/853/775 1345/1426/1343 1346/1427/1344 777/855/777 
f 1345/1426/1343 775/853/775 637/713/637 1344/1425/1342 
f 773/851/773 1345/1426/1343 1344/1425/1342 632/708/632 
f 1347/1428/1345 915/995/915 914/994/914 1348/1429/1346 
f 917/997/917 1347/1428/1345 1348/1429/1346 919/999/919 
f 1347/1428/1345 917/997/917 777/855/777 1346/1427/1344 
f 915/995/915 1347/1428/1345 1346/1427/1344 772/850/772 
f 1349/1430/1347 1064/1146/1064 1063/1145/1063 1350/1431/1348 
f 1066/1148/1066 1349/1430/1347 1350/1431/1348 1068/1150/1068 
f 1349/1430/1347 1066/1148/1066 919/999/919 1348/1429/1346 
f 1064/1146/1064 1349/1430/1347 1348/1429/1346 914/994/914 
f 1351/1432/1349 1159/1241/1159 1158/1240/1158 1352/1433/1350 
f 1161/1243/1161 1351/1432/1349 1352/1433/1350 1163/1245/1163 
f 1351/1432/1349 1161/1243/1161 1068/1150/1068 1350/1431/1348 
f 1159/1241/1159 1351/1432/1349 1350/1431/1348 1063/1145/1063 
f 1353/1434/1351 1354/1435/1352 1355/1436/1353 1234/1315/1232 
f 1353/1434/1351 1234/1315/1232 1233/1314/1231 
f 1356/1437/1354 1241/1322/1239 1237/1318/1235 1355/1436/1353 
f 1356/1437/1354 1355/1436/1353 1354/1438/1352 
f 1355/1436/1353 1237/1318/1235 1163/1245/1163 1352/1433/1350 
f 1234/1315/1232 1355/1436/1353 1352/1433/1350 1158/1240/1158 
f 1357/1439/1355 1083/1165/1083 928/1008/928 1358/1440/1356 
f 1358/1440/1356 928/1008/928 927/1007/927 1080/1162/1080 
f 927/1007/927 1075/1157/1075 1080/1162/1080 
f 1359/3/1357 1360/2/1358 1361/7/1359 1362/4/1360 
f 1363/5/1361 1364/6/1362 1362/4/1360 1361/7/1359 
f 1365/8/1363 1363/5/1361 1361/7/1359 1360/2/1358 
f 1359/11/1357 1366/10/1364 1367/9/1365 1360/12/1358 
f 1360/12/1358 1367/9/1365 1368/13/1366 1365/8/1363 
f 1367/9/1365 1369/15/1367 1370/14/1368 1368/13/1366 
f 1366/10/1364 1371/16/1369 1369/15/1367 1367/9/1365 
f 1359/19/1357 1372/18/1370 1373/17/1371 1366/20/1364 
f 1366/20/1364 1373/17/1371 1374/21/1372 1371/16/1369 
f 1373/17/1371 1375/23/1373 1376/22/1374 1374/21/1372 
f 1372/18/1370 1377/24/1375 1375/23/1373 1373/17/1371 
f 1359/27/1357 1378/26/1376 1379/25/1377 1372/28/1370 
f 1372/28/1370 1379/25/1377 1380/29/1378 1377/24/1375 
f 1381/30/1379 1380/29/1378 1379/25/1377 1378/26/1376 
f 1359/33/1357 1382/32/1380 1383/31/1381 1378/34/1376 
f 1378/34/1376 1383/31/1381 1384/35/1382 1381/30/1379 
f 1385/36/1383 1384/35/1382 1383/31/1381 1382/32/1380 
f 1359/39/1357 1386/38/1384 1387/37/1385 1382/40/1380 
f 1382/40/1380 1387/37/1385 1388/41/1386 1385/36/1383 
f 1389/42/1387 1388/41/1386 1387/37/1385 1386/38/1384 
f 1359/45/1357 1390/44/1388 1391/43/1389 1386/46/1384 
f 1386/46/1384 1391/43/1389 1392/47/1390 1389/42/1387 
f 1393/48/1391 1392/47/1390 1391/43/1389 1390/44/1388 
f 1359/51/1357 1394/50/1392 1395/49/1393 1390/52/1388 
f 1390/52/1388 1395/49/1393 1396/53/1394 1393/48/1391 
f 1397/54/1395 1396/53/1394 1395/49/1393 1394/50/1392 
f 1359/57/1357 1398/56/1396 1399/55/1397 1394/58/1392 
f 1394/58/1392 1399/55/1397 1400/59/1398 1397/54/1395 
f 1401/60/1399 1400/59/1398 1399/55/1397 1398/56/1396 
f 1359/63/1357 1402/62/1400 1403/61/1401 1398/64/1396 
f 1398/64/1396 1403/61/1401 1404/65/1402 1401/60/1399 
f 1405/66/1403 1404/65/1402 1403/61/1401 1402/62/1400 
f 1359/69/1357 1406/68/1404 1407/67/1405 1402/70/1400 
f 1402/70/1400 1407/67/1405 1408/71/1406 1405/66/1403 
f 1409/72/1407 1408/71/1406 1407/67/1405 1406/68/1404 
f 1359/75/1357 1410/74/1408 1411/73/1409 1406/76/1404 
f 1406/76/1404 1411/73/1409 1412/77/1410 1409/72/1407 
f 1413/78/1411 1412/77/1410 1411/73/1409 1410/74/1408 
f 1359/81/1357 1414/80/1412 1415/79/1413 1410/82/1408 
f 1410/82/1408 1415/79/1413 1416/83/1414 1413/78/1411 
f 1417/84/1415 1416/83/1414 1415/79/1413 1414/80/1412 
f 1359/87/1357 1418/86/1416 1419/85/1417 1414/88/1412 
f 1414/88/1412 1419/85/1417 1420/89/1418 1417/84/1415 
f 1421/90/1419 1420/89/1418 1419/85/1417 1418/86/1416 
f 1359/93/1357 1422/92/1420 1423/91/1421 1418/94/1416 
f 1418/94/1416 1423/91/1421 1424/95/1422 1421/90/1419 
f 1423/91/1421 1425/97/1423 1426/96/1424 1424/95/1422 
f 1422/92/1420 1427/98/1425 1425/97/1423 1423/91/1421 
f 1359/101/1357 1428/100/1426 1429/99/1427 1422/102/1420 
f 1422/102/1420 1429/99/1427 1430/103/1428 1427/98/1425 
f 1429/99/1427 1431/105/1429 1432/104/1430 1430/103/1428 
f 1428/100/1426 1433/106/1431 1431/105/1429 1429/99/1427 
f 1359/109/1357 1434/108/1432 1435/107/1433 1428/110/1426 
f 1428/110/1426 1435/107/1433 1436/111/1434 1433/106/1431 
f 1437/112/1435 1436/111/1434 1435/107/1433 1434/108/1432 
f 1359/115/1357 1438/114/1436 1439/113/1437 1434/116/1432 
f 1434/116/1432 1439/113/1437 1440/117/1438 1437/112/1435 
f 1441/118/1439 1440/117/1438 1439/113/1437 1438/114/1436 
f 1359/121/1357 1442/120/1440 1443/119/1441 1438/122/1436 
f 1438/122/1436 1443/119/1441 1444/123/1442 1441/118/1439 
f 1445/128/1443 1444/123/1442 1443/119/1441 1442/120/1440 
f 1359/126/1357 1446/125/1444 1447/124/1445 1442/127/1440 
f 1442/127/1440 1447/124/1445 1448/132/1446 1445/128/1443 
f 1449/133/1447 1448/132/1446 1447/124/1445 1446/125/1444 
f 1359/136/1357 1450/135/1448 1451/134/1449 1446/137/1444 
f 1446/137/1444 1451/134/1449 1452/138/1450 1449/133/1447 
f 1453/139/1451 1452/138/1450 1451/134/1449 1450/135/1448 
f 1359/142/1357 1454/141/1452 1455/140/1453 1450/143/1448 
f 1450/143/1448 1455/140/1453 1456/144/1454 1453/139/1451 
f 1457/145/1455 1456/144/1454 1455/140/1453 1454/141/1452 
f 1359/148/1357 1458/147/1456 1459/146/1457 1454/149/1452 
f 1454/149/1452 1459/146/1457 1460/150/1458 1457/145/1455 
f 1461/151/1459 1460/150/1458 1459/146/1457 1458/147/1456 
f 1359/154/1357 1462/153/1460 1463/152/1461 1458/155/1456 
f 1458/155/1456 1463/152/1461 1464/156/1462 1461/151/1459 
f 1465/157/1463 1464/156/1462 1463/152/1461 1462/153/1460 
f 1359/160/1357 1466/159/1464 1467/158/1465 1462/161/1460 
f 1462/161/1460 1467/158/1465 1468/162/1466 1465/157/1463 
f 1469/163/1467 1468/162/1466 1467/158/1465 1466/159/1464 
f 1359/167/1357 1470/166/1468 1471/165/1469 1466/168/1464 
f 1466/168/1464 1471/165/1469 1472/169/1470 1469/163/1467 
f 1473/170/1471 1472/169/1470 1471/165/1469 1470/166/1468 
f 1359/173/1357 1474/172/1472 1475/171/1473 1470/174/1468 
f 1470/174/1468 1475/171/1473 1476/175/1474 1473/170/1471 
f 1475/171/1473 1477/177/1475 1478/176/1476 1476/175/1474 
f 1474/172/1472 1479/178/1477 1477/177/1475 1475/171/1473 
f 1359/181/1357 1480/180/1478 1481/179/1479 1474/182/1472 
f 1474/182/1472 1481/179/1479 1482/183/1480 1479/178/1477 
f 1481/179/1479 1483/185/1481 1484/184/1482 1482/183/1480 
f 1480/180/1478 1485/186/1483 1483/185/1481 1481/179/1479 
f 1359/189/1357 1486/188/1484 1487/187/1485 1480/190/1478 
f 1480/190/1478 1487/187/1485 1488/191/1486 1485/186/1483 
f 1489/192/1487 1488/191/1486 1487/187/1485 1486/188/1484 
f 1359/195/1357 1490/194/1488 1491/193/1489 1486/196/1484 
f 1486/196/1484 1491/193/1489 1492/197/1490 1489/192/1487 
f 1493/198/1491 1492/197/1490 1491/193/1489 1490/194/1488 
f 1359/201/1357 1494/200/1492 1495/199/1493 1490/202/1488 
f 1490/202/1488 1495/199/1493 1496/203/1494 1493/198/1491 
f 1497/204/1495 1496/203/1494 1495/199/1493 1494/200/1492 
f 1359/207/1357 1362/206/1360 1498/205/1496 1494/208/1492 
f 1494/208/1492 1498/205/1496 1499/209/1497 1497/204/1495 
f 1364/210/1362 1499/209/1497 1498/205/1496 1362/206/1360 
f 1500/211/1498 1501/212/1499 1364/6/1362 1363/5/1361 
f 1502/213/1500 1503/214/1501 1501/212/1499 1500/211/1498 
f 1500/211/1498 1504/216/1502 1505/215/1503 1502/213/1500 
f 1504/216/1502 1500/211/1498 1363/5/1361 1365/8/1363 
f 1365/8/1363 1368/13/1366 1506/217/1504 1504/216/1502 
f 1504/216/1502 1506/217/1504 1507/218/1505 1505/215/1503 
f 1506/217/1504 1508/220/1506 1509/219/1507 1507/218/1505 
f 1508/220/1506 1506/217/1504 1368/13/1366 1370/14/1368 
f 1510/221/1508 1511/222/1509 1371/16/1369 1374/21/1372 
f 1512/223/1510 1513/224/1511 1511/222/1509 1510/221/1508 
f 1510/221/1508 1514/226/1512 1515/225/1513 1512/223/1510 
f 1514/226/1512 1510/221/1508 1374/21/1372 1376/22/1374 
f 1516/227/1514 1517/228/1515 1377/24/1375 1380/29/1378 
f 1518/229/1516 1519/230/1517 1517/228/1515 1516/227/1514 
f 1516/227/1514 1520/232/1518 1521/231/1519 1518/229/1516 
f 1520/232/1518 1516/227/1514 1380/29/1378 1381/30/1379 
f 1381/30/1379 1384/35/1382 1522/233/1520 1520/232/1518 
f 1520/232/1518 1522/233/1520 1523/234/1521 1521/231/1519 
f 1522/233/1520 1524/236/1522 1525/235/1523 1523/234/1521 
f 1524/236/1522 1522/233/1520 1384/35/1382 1385/36/1383 
f 1385/36/1383 1388/41/1386 1526/237/1524 1524/236/1522 
f 1524/236/1522 1526/237/1524 1527/238/1525 1525/235/1523 
f 1526/237/1524 1528/240/1526 1529/239/1527 1527/238/1525 
f 1528/240/1526 1526/237/1524 1388/41/1386 1389/42/1387 
f 1389/42/1387 1392/47/1390 1530/241/1528 1528/240/1526 
f 1528/240/1526 1530/241/1528 1531/242/1529 1529/239/1527 
f 1530/241/1528 1532/244/1530 1533/243/1531 1531/242/1529 
f 1532/244/1530 1530/241/1528 1392/47/1390 1393/48/1391 
f 1393/48/1391 1396/53/1394 1534/245/1532 1532/244/1530 
f 1532/244/1530 1534/245/1532 1535/246/1533 1533/243/1531 
f 1534/245/1532 1536/248/1534 1537/247/1535 1535/246/1533 
f 1536/248/1534 1534/245/1532 1396/53/1394 1397/54/1395 
f 1397/54/1395 1400/59/1398 1538/249/1536 1536/248/1534 
f 1536/248/1534 1538/249/1536 1539/250/1537 1537/247/1535 
f 1538/249/1536 1540/252/1538 1541/251/1539 1539/250/1537 
f 1540/252/1538 1538/249/1536 1400/59/1398 1401/60/1399 
f 1401/60/1399 1404/65/1402 1542/253/1540 1540/252/1538 
f 1540/252/1538 1542/253/1540 1543/254/1541 1541/251/1539 
f 1542/253/1540 1544/256/1542 1545/255/1543 1543/254/1541 
f 1544/256/1542 1542/253/1540 1404/65/1402 1405/66/1403 
f 1405/66/1403 1408/71/1406 1546/257/1544 1544/256/1542 
f 1544/256/1542 1546/257/1544 1547/258/1545 1545/255/1543 
f 1546/257/1544 1548/260/1546 1549/259/1547 1547/258/1545 
f 1548/260/1546 1546/257/1544 1408/71/1406 1409/72/1407 
f 1409/72/1407 1412/77/1410 1550/261/1548 1548/260/1546 
f 1548/260/1546 1550/261/1548 1551/262/1549 1549/259/1547 
f 1550/261/1548 1552/264/1550 1553/263/1551 1551/262/1549 
f 1552/264/1550 1550/261/1548 1412/77/1410 1413/78/1411 
f 1413/78/1411 1416/83/1414 1554/265/1552 1552/264/1550 
f 1552/264/1550 1554/265/1552 1555/266/1553 1553/263/1551 
f 1554/265/1552 1556/268/1554 1557/267/1555 1555/266/1553 
f 1556/268/1554 1554/265/1552 1416/83/1414 1417/84/1415 
f 1417/84/1415 1420/89/1418 1558/269/1556 1556/268/1554 
f 1556/268/1554 1558/269/1556 1559/270/1557 1557/267/1555 
f 1558/269/1556 1560/272/1558 1561/271/1559 1559/270/1557 
f 1560/272/1558 1558/269/1556 1420/89/1418 1421/90/1419 
f 1421/90/1419 1424/95/1422 1562/273/1560 1560/272/1558 
f 1560/272/1558 1562/273/1560 1563/274/1561 1561/271/1559 
f 1562/273/1560 1564/276/1562 1565/275/1563 1563/274/1561 
f 1564/276/1562 1562/273/1560 1424/95/1422 1426/96/1424 
f 1566/277/1564 1567/278/1565 1427/98/1425 1430/103/1428 
f 1568/279/1566 1569/280/1567 1567/278/1565 1566/277/1564 
f 1566/277/1564 1570/282/1568 1571/281/1569 1568/279/1566 
f 1570/282/1568 1566/277/1564 1430/103/1428 1432/104/1430 
f 1572/283/1570 1573/284/1571 1433/106/1431 1436/111/1434 
f 1574/285/1572 1575/286/1573 1573/284/1571 1572/283/1570 
f 1572/283/1570 1576/288/1574 1577/287/1575 1574/285/1572 
f 1576/288/1574 1572/283/1570 1436/111/1434 1437/112/1435 
f 1437/112/1435 1440/117/1438 1578/289/1576 1576/288/1574 
f 1576/288/1574 1578/289/1576 1579/290/1577 1577/287/1575 
f 1578/289/1576 1580/292/1578 1581/291/1579 1579/290/1577 
f 1580/292/1578 1578/289/1576 1440/117/1438 1441/118/1439 
f 1441/118/1439 1444/123/1442 1582/293/1580 1580/292/1578 
f 1580/292/1578 1582/293/1580 1583/294/1581 1581/291/1579 
f 1582/293/1580 1584/296/1582 1585/295/1583 1583/294/1581 
f 1584/296/1582 1582/293/1580 1444/123/1442 1445/128/1443 
f 1445/128/1443 1448/132/1446 1586/297/1584 1584/296/1582 
f 1584/296/1582 1586/297/1584 1587/298/1585 1585/295/1583 
f 1586/297/1584 1588/300/1586 1589/299/1587 1587/298/1585 
f 1588/300/1586 1586/297/1584 1448/132/1446 1449/133/1447 
f 1449/133/1447 1452/138/1450 1590/301/1588 1588/300/1586 
f 1588/300/1586 1590/301/1588 1591/302/1589 1589/299/1587 
f 1590/301/1588 1592/304/1590 1593/303/1591 1591/302/1589 
f 1592/304/1590 1590/301/1588 1452/138/1450 1453/139/1451 
f 1453/139/1451 1456/144/1454 1594/305/1592 1592/304/1590 
f 1592/304/1590 1594/305/1592 1595/306/1593 1593/303/1591 
f 1594/305/1592 1596/308/1594 1597/307/1595 1595/306/1593 
f 1596/308/1594 1594/305/1592 1456/144/1454 1457/145/1455 
f 1457/145/1455 1460/150/1458 1598/309/1596 1596/308/1594 
f 1596/308/1594 1598/309/1596 1599/310/1597 1597/307/1595 
f 1598/309/1596 1600/312/1598 1601/311/1599 1599/310/1597 
f 1600/312/1598 1598/309/1596 1460/150/1458 1461/151/1459 
f 1461/151/1459 1464/156/1462 1602/313/1600 1600/312/1598 
f 1600/312/1598 1602/313/1600 1603/314/1601 1601/311/1599 
f 1602/313/1600 1604/316/1602 1605/315/1603 1603/314/1601 
f 1604/316/1602 1602/313/1600 1464/156/1462 1465/157/1463 
f 1465/157/1463 1468/162/1466 1606/317/1604 1604/316/1602 
f 1604/316/1602 1606/317/1604 1607/318/1605 1605/315/1603 
f 1606/317/1604 1608/320/1606 1609/319/1607 1607/318/1605 
f 1608/320/1606 1606/317/1604 1468/162/1466 1469/163/1467 
f 1469/163/1467 1472/169/1470 1610/321/1608 1608/320/1606 
f 1608/320/1606 1610/321/1608 1611/322/1609 1609/319/1607 
f 1610/321/1608 1612/324/1610 1613/323/1611 1611/322/1609 
f 1612/324/1610 1610/321/1608 1472/169/1470 1473/170/1471 
f 1473/170/1471 1476/175/1474 1614/325/1612 1612/324/1610 
f 1612/324/1610 1614/325/1612 1615/326/1613 1613/323/1611 
f 1614/325/1612 1616/328/1614 1617/327/1615 1615/326/1613 
f 1616/328/1614 1614/325/1612 1476/175/1474 1478/176/1476 
f 1618/329/1616 1619/330/1617 1479/178/1477 1482/183/1480 
f 1620/331/1618 1621/332/1619 1619/330/1617 1618/329/1616 
f 1618/329/1616 1622/334/1620 1623/333/1621 1620/331/1618 
f 1622/334/1620 1618/329/1616 1482/183/1480 1484/184/1482 
f 1624/335/1622 1625/336/1623 1485/186/1483 1488/191/1486 
f 1626/337/1624 1627/338/1625 1625/336/1623 1624/335/1622 
f 1624/335/1622 1628/340/1626 1629/339/1627 1626/337/1624 
f 1628/340/1626 1624/335/1622 1488/191/1486 1489/192/1487 
f 1489/192/1487 1492/197/1490 1630/341/1628 1628/340/1626 
f 1628/340/1626 1630/341/1628 1631/342/1629 1629/339/1627 
f 1630/341/1628 1632/344/1630 1633/343/1631 1631/342/1629 
f 1632/344/1630 1630/341/1628 1492/197/1490 1493/198/1491 
f 1493/198/1491 1496/203/1494 1634/345/1632 1632/344/1630 
f 1632/344/1630 1634/345/1632 1635/346/1633 1633/343/1631 
f 1634/345/1632 1636/348/1634 1637/347/1635 1635/346/1633 
f 1636/348/1634 1634/345/1632 1496/203/1494 1497/204/1495 
f 1497/204/1495 1499/209/1497 1638/349/1636 1636/348/1634 
f 1636/348/1634 1638/349/1636 1639/350/1637 1637/347/1635 
f 1503/351/1501 1639/350/1637 1638/349/1636 1501/352/1499 
f 1501/352/1499 1638/349/1636 1499/209/1497 1364/210/1362 
f 1640/353/1638 1641/354/1639 1503/214/1501 1502/213/1500 
f 1642/355/1640 1643/356/1641 1641/354/1639 1640/353/1638 
f 1640/353/1638 1644/358/1642 1645/357/1643 1642/355/1640 
f 1644/358/1642 1640/353/1638 1502/213/1500 1505/215/1503 
f 1505/215/1503 1507/218/1505 1646/359/1644 1644/358/1642 
f 1644/358/1642 1646/359/1644 1647/360/1645 1645/357/1643 
f 1646/359/1644 1648/362/1646 1649/361/1647 1647/360/1645 
f 1648/362/1646 1646/359/1644 1507/218/1505 1509/219/1507 
f 1650/363/1648 1651/364/1649 1513/224/1511 1512/223/1510 
f 1652/365/1650 1653/366/1651 1651/364/1649 1650/363/1648 
f 1650/363/1648 1654/368/1652 1655/367/1653 1652/365/1650 
f 1654/368/1652 1650/363/1648 1512/223/1510 1515/225/1513 
f 1656/369/1654 1657/370/1655 1519/230/1517 1518/229/1516 
f 1658/371/1656 1659/372/1657 1657/370/1655 1656/369/1654 
f 1656/369/1654 1660/374/1658 1661/373/1659 1658/371/1656 
f 1660/374/1658 1656/369/1654 1518/229/1516 1521/231/1519 
f 1521/231/1519 1523/234/1521 1662/375/1660 1660/374/1658 
f 1660/374/1658 1662/375/1660 1663/376/1661 1661/373/1659 
f 1662/375/1660 1664/378/1662 1665/377/1663 1663/376/1661 
f 1664/378/1662 1662/375/1660 1523/234/1521 1525/235/1523 
f 1525/235/1523 1527/238/1525 1666/379/1664 1664/378/1662 
f 1664/378/1662 1666/379/1664 1667/380/1665 1665/377/1663 
f 1666/379/1664 1668/382/1666 1669/381/1667 1667/380/1665 
f 1668/382/1666 1666/379/1664 1527/238/1525 1529/239/1527 
f 1529/239/1527 1531/242/1529 1670/383/1668 1668/382/1666 
f 1668/382/1666 1670/383/1668 1671/384/1669 1669/381/1667 
f 1670/383/1668 1672/386/1670 1673/385/1671 1671/384/1669 
f 1672/386/1670 1670/383/1668 1531/242/1529 1533/243/1531 
f 1533/243/1531 1535/246/1533 1674/387/1672 1672/386/1670 
f 1672/386/1670 1674/387/1672 1675/388/1673 1673/385/1671 
f 1674/387/1672 1676/390/1674 1677/389/1675 1675/388/1673 
f 1676/390/1674 1674/387/1672 1535/246/1533 1537/247/1535 
f 1537/247/1535 1539/250/1537 1678/391/1676 1676/390/1674 
f 1676/390/1674 1678/391/1676 1679/392/1677 1677/389/1675 
f 1678/391/1676 1680/394/1678 1681/393/1679 1679/392/1677 
f 1680/394/1678 1678/391/1676 1539/250/1537 1541/251/1539 
f 1541/251/1539 1543/254/1541 1682/395/1680 1680/394/1678 
f 1680/394/1678 1682/395/1680 1683/396/1681 1681/393/1679 
f 1682/395/1680 1684/398/1682 1685/397/1683 1683/396/1681 
f 1684/398/1682 1682/395/1680 1543/254/1541 1545/255/1543 
f 1545/255/1543 1547/258/1545 1686/399/1684 1684/398/1682 
f 1684/398/1682 1686/399/1684 1687/400/1685 1685/397/1683 
f 1686/399/1684 1688/402/1686 1689/401/1687 1687/400/1685 
f 1688/402/1686 1686/399/1684 1547/258/1545 1549/259/1547 
f 1549/259/1547 1551/262/1549 1690/403/1688 1688/402/1686 
f 1688/402/1686 1690/403/1688 1691/404/1689 1689/401/1687 
f 1690/403/1688 1692/406/1690 1693/405/1691 1691/404/1689 
f 1692/406/1690 1690/403/1688 1551/262/1549 1553/263/1551 
f 1553/263/1551 1555/266/1553 1694/407/1692 1692/406/1690 
f 1692/406/1690 1694/407/1692 1695/408/1693 1693/405/1691 
f 1694/407/1692 1696/410/1694 1697/409/1695 1695/408/1693 
f 1696/410/1694 1694/407/1692 1555/266/1553 1557/267/1555 
f 1557/267/1555 1559/270/1557 1698/411/1696 1696/410/1694 
f 1696/410/1694 1698/411/1696 1699/412/1697 1697/409/1695 
f 1698/411/1696 1700/414/1698 1701/413/1699 1699/412/1697 
f 1700/414/1698 1698/411/1696 1559/270/1557 1561/271/1559 
f 1561/271/1559 1563/274/1561 1702/415/1700 1700/414/1698 
f 1700/414/1698 1702/415/1700 1703/416/1701 1701/413/1699 
f 1702/415/1700 1704/418/1702 1705/417/1703 1703/416/1701 
f 1704/418/1702 1702/415/1700 1563/274/1561 1565/275/1563 
f 1706/419/1704 1707/420/1705 1569/280/1567 1568/279/1566 
f 1708/421/1706 1709/422/1707 1707/420/1705 1706/419/1704 
f 1706/419/1704 1710/424/1708 1711/423/1709 1708/421/1706 
f 1710/424/1708 1706/419/1704 1568/279/1566 1571/281/1569 
f 1712/425/1710 1713/426/1711 1575/286/1573 1574/285/1572 
f 1714/427/1712 1715/428/1713 1713/426/1711 1712/425/1710 
f 1712/425/1710 1716/430/1714 1717/429/1715 1714/427/1712 
f 1716/430/1714 1712/425/1710 1574/285/1572 1577/287/1575 
f 1577/287/1575 1579/290/1577 1718/431/1716 1716/430/1714 
f 1716/430/1714 1718/431/1716 1719/432/1717 1717/429/1715 
f 1718/431/1716 1720/434/1718 1721/433/1719 1719/432/1717 
f 1720/434/1718 1718/431/1716 1579/290/1577 1581/291/1579 
f 1581/291/1579 1583/294/1581 1722/435/1720 1720/434/1718 
f 1720/434/1718 1722/435/1720 1723/436/1721 1721/433/1719 
f 1722/435/1720 1724/438/1722 1725/437/1723 1723/436/1721 
f 1724/438/1722 1722/435/1720 1583/294/1581 1585/295/1583 
f 1585/295/1583 1587/298/1585 1726/439/1724 1724/438/1722 
f 1724/438/1722 1726/439/1724 1727/440/1725 1725/437/1723 
f 1726/439/1724 1728/442/1726 1729/441/1727 1727/440/1725 
f 1728/442/1726 1726/439/1724 1587/298/1585 1589/299/1587 
f 1589/299/1587 1591/302/1589 1730/443/1728 1728/442/1726 
f 1728/442/1726 1730/443/1728 1731/444/1729 1729/441/1727 
f 1730/443/1728 1732/446/1730 1733/445/1731 1731/444/1729 
f 1732/446/1730 1730/443/1728 1591/302/1589 1593/303/1591 
f 1593/303/1591 1595/306/1593 1734/447/1732 1732/446/1730 
f 1732/446/1730 1734/447/1732 1735/448/1733 1733/445/1731 
f 1734/447/1732 1736/450/1734 1737/449/1735 1735/448/1733 
f 1736/450/1734 1734/447/1732 1595/306/1593 1597/307/1595 
f 1597/307/1595 1599/310/1597 1738/451/1736 1736/450/1734 
f 1736/450/1734 1738/451/1736 1739/452/1737 1737/449/1735 
f 1738/451/1736 1740/454/1738 1741/453/1739 1739/452/1737 
f 1740/454/1738 1738/451/1736 1599/310/1597 1601/311/1599 
f 1601/311/1599 1603/314/1601 1742/455/1740 1740/454/1738 
f 1740/454/1738 1742/455/1740 1743/456/1741 1741/453/1739 
f 1742/455/1740 1744/458/1742 1745/457/1743 1743/456/1741 
f 1744/458/1742 1742/455/1740 1603/314/1601 1605/315/1603 
f 1605/315/1603 1607/318/1605 1746/459/1744 1744/458/1742 
f 1744/458/1742 1746/459/1744 1747/460/1745 1745/457/1743 
f 1746/459/1744 1748/462/1746 1749/461/1747 1747/460/1745 
f 1748/462/1746 1746/459/1744 1607/318/1605 1609/319/1607 
f 1609/319/1607 1611/322/1609 1750/463/1748 1748/462/1746 
f 1748/462/1746 1750/463/1748 1751/464/1749 1749/461/1747 
f 1750/463/1748 1752/466/1750 1753/465/1751 1751/464/1749 
f 1752/466/1750 1750/463/1748 1611/322/1609 1613/323/1611 
f 1613/323/1611 1615/326/1613 1754/467/1752 1752/466/1750 
f 1752/466/1750 1754/467/1752 1755/468/1753 1753/465/1751 
f 1754/467/1752 1756/470/1754 1757/469/1755 1755/468/1753 
f 1756/470/1754 1754/467/1752 1615/326/1613 1617/327/1615 
f 1758/471/1756 1759/472/1757 1621/332/1619 1620/331/1618 
f 1760/473/1758 1761/474/1759 1759/472/1757 1758/471/1756 
f 1758/471/1756 1762/476/1760 1763/475/1761 1760/473/1758 
f 1762/476/1760 1758/471/1756 1620/331/1618 1623/333/1621 
f 1764/477/1762 1765/478/1763 1627/338/1625 1626/337/1624 
f 1766/480/1764 1767/479/1765 1765/478/1763 1764/477/1762 
f 1764/477/1762 1768/483/1766 1769/482/1767 1766/480/1764 
f 1768/483/1766 1764/477/1762 1626/337/1624 1629/339/1627 
f 1629/339/1627 1631/342/1629 1770/484/1768 1768/483/1766 
f 1768/483/1766 1770/484/1768 1771/485/1769 1769/482/1767 
f 1770/484/1768 1772/487/1770 1773/486/1771 1771/485/1769 
f 1772/487/1770 1770/484/1768 1631/342/1629 1633/343/1631 
f 1633/343/1631 1635/346/1633 1774/488/1772 1772/487/1770 
f 1772/487/1770 1774/488/1772 1775/489/1773 1773/486/1771 
f 1774/488/1772 1776/491/1774 1777/490/1775 1775/489/1773 
f 1776/491/1774 1774/488/1772 1635/346/1633 1637/347/1635 
f 1637/347/1635 1639/350/1637 1778/492/1776 1776/491/1774 
f 1776/491/1774 1778/492/1776 1779/493/1777 1777/490/1775 
f 1643/494/1641 1779/493/1777 1778/492/1776 1641/495/1639 
f 1641/495/1639 1778/492/1776 1639/350/1637 1503/351/1501 
f 1780/496/1778 1781/497/1779 1643/356/1641 1642/355/1640 
f 1782/498/1780 1783/499/1781 1781/497/1779 1780/496/1778 
f 1780/496/1778 1784/501/1782 1785/500/1783 1782/498/1780 
f 1784/501/1782 1780/496/1778 1642/355/1640 1645/357/1643 
f 1645/357/1643 1647/360/1645 1786/502/1784 1784/501/1782 
f 1784/501/1782 1786/502/1784 1787/503/1785 1785/500/1783 
f 1786/502/1784 1788/505/1786 1789/504/1787 1787/503/1785 
f 1788/505/1786 1786/502/1784 1647/360/1645 1649/361/1647 
f 1790/506/1788 1791/507/1789 1653/366/1651 1652/365/1650 
f 1792/508/1790 1793/509/1791 1791/507/1789 1790/506/1788 
f 1790/506/1788 1794/511/1792 1795/510/1793 1792/508/1790 
f 1794/511/1792 1790/506/1788 1652/365/1650 1655/367/1653 
f 1796/512/1794 1797/513/1795 1659/372/1657 1658/371/1656 
f 1798/514/1796 1799/515/1797 1797/513/1795 1796/512/1794 
f 1796/512/1794 1800/517/1798 1801/516/1799 1798/514/1796 
f 1800/517/1798 1796/512/1794 1658/371/1656 1661/373/1659 
f 1661/373/1659 1663/376/1661 1802/518/1800 1800/517/1798 
f 1800/517/1798 1802/518/1800 1803/519/1801 1801/516/1799 
f 1802/518/1800 1804/521/1802 1805/520/1803 1803/519/1801 
f 1804/521/1802 1802/518/1800 1663/376/1661 1665/377/1663 
f 1665/377/1663 1667/380/1665 1806/522/1804 1804/521/1802 
f 1804/521/1802 1806/522/1804 1807/523/1805 1805/520/1803 
f 1806/522/1804 1808/525/1806 1809/524/1807 1807/523/1805 
f 1808/525/1806 1806/522/1804 1667/380/1665 1669/381/1667 
f 1669/381/1667 1671/384/1669 1810/526/1808 1808/525/1806 
f 1808/525/1806 1810/526/1808 1811/527/1809 1809/524/1807 
f 1810/526/1808 1812/529/1810 1813/528/1811 1811/527/1809 
f 1812/529/1810 1810/526/1808 1671/384/1669 1673/385/1671 
f 1673/385/1671 1675/388/1673 1814/530/1812 1812/529/1810 
f 1812/529/1810 1814/530/1812 1815/531/1813 1813/528/1811 
f 1814/530/1812 1816/533/1814 1817/532/1815 1815/531/1813 
f 1816/533/1814 1814/530/1812 1675/388/1673 1677/389/1675 
f 1677/389/1675 1679/392/1677 1818/534/1816 1816/533/1814 
f 1816/533/1814 1818/534/1816 1819/535/1817 1817/532/1815 
f 1818/534/1816 1820/537/1818 1821/536/1819 1819/535/1817 
f 1820/537/1818 1818/534/1816 1679/392/1677 1681/393/1679 
f 1681/393/1679 1683/396/1681 1822/538/1820 1820/537/1818 
f 1820/537/1818 1822/538/1820 1823/539/1821 1821/536/1819 
f 1822/538/1820 1824/541/1822 1825/540/1823 1823/539/1821 
f 1824/541/1822 1822/538/1820 1683/396/1681 1685/397/1683 
f 1685/397/1683 1687/400/1685 1826/542/1824 1824/541/1822 
f 1824/541/1822 1826/542/1824 1827/543/1825 1825/540/1823 
f 1826/542/1824 1828/545/1826 1829/544/1827 1827/543/1825 
f 1828/545/1826 1826/542/1824 1687/400/1685 1689/401/1687 
f 1689/401/1687 1691/404/1689 1830/546/1828 1828/545/1826 
f 1828/545/1826 1830/546/1828 1831/547/1829 1829/544/1827 
f 1830/546/1828 1832/549/1830 1833/548/1831 1831/547/1829 
f 1832/549/1830 1830/546/1828 1691/404/1689 1693/405/1691 
f 1693/405/1691 1695/408/1693 1834/550/1832 1832/549/1830 
f 1832/549/1830 1834/550/1832 1835/551/1833 1833/548/1831 
f 1834/550/1832 1836/553/1834 1837/552/1835 1835/551/1833 
f 1836/553/1834 1834/550/1832 1695/408/1693 1697/409/1695 
f 1697/409/1695 1699/412/1697 1838/554/1836 1836/553/1834 
f 1836/553/1834 1838/554/1836 1839/555/1837 1837/552/1835 
f 1838/554/1836 1840/557/1838 1841/556/1839 1839/555/1837 
f 1840/557/1838 1838/554/1836 1699/412/1697 1701/413/1699 
f 1701/413/1699 1703/416/1701 1842/558/1840 1840/557/1838 
f 1840/557/1838 1842/558/1840 1843/559/1841 1841/556/1839 
f 1842/558/1840 1844/561/1842 1845/560/1843 1843/559/1841 
f 1844/561/1842 1842/558/1840 1703/416/1701 1705/417/1703 
f 1846/562/1844 1847/563/1845 1709/422/1707 1708/421/1706 
f 1848/564/1846 1849/565/1847 1847/563/1845 1846/562/1844 
f 1846/562/1844 1850/567/1848 1851/566/1849 1848/564/1846 
f 1850/567/1848 1846/562/1844 1708/421/1706 1711/423/1709 
f 1852/568/1850 1853/569/1851 1715/428/1713 1714/427/1712 
f 1854/570/1852 1855/571/1853 1853/569/1851 1852/568/1850 
f 1852/568/1850 1856/573/1854 1857/572/1855 1854/570/1852 
f 1856/573/1854 1852/568/1850 1714/427/1712 1717/429/1715 
f 1717/429/1715 1719/432/1717 1858/574/1856 1856/573/1854 
f 1856/573/1854 1858/574/1856 1859/575/1857 1857/572/1855 
f 1858/574/1856 1860/577/1858 1861/576/1859 1859/575/1857 
f 1860/577/1858 1858/574/1856 1719/432/1717 1721/433/1719 
f 1721/433/1719 1723/436/1721 1862/578/1860 1860/577/1858 
f 1860/577/1858 1862/578/1860 1863/579/1861 1861/576/1859 
f 1862/578/1860 1864/581/1862 1865/580/1863 1863/579/1861 
f 1864/581/1862 1862/578/1860 1723/436/1721 1725/437/1723 
f 1725/437/1723 1727/440/1725 1866/582/1864 1864/581/1862 
f 1864/581/1862 1866/582/1864 1867/583/1865 1865/580/1863 
f 1866/582/1864 1868/585/1866 1869/584/1867 1867/583/1865 
f 1868/585/1866 1866/582/1864 1727/440/1725 1729/441/1727 
f 1729/441/1727 1731/444/1729 1870/586/1868 1868/585/1866 
f 1868/585/1866 1870/586/1868 1871/587/1869 1869/584/1867 
f 1870/586/1868 1872/589/1870 1873/588/1871 1871/587/1869 
f 1872/589/1870 1870/586/1868 1731/444/1729 1733/445/1731 
f 1733/445/1731 1735/448/1733 1874/590/1872 1872/589/1870 
f 1872/589/1870 1874/590/1872 1875/591/1873 1873/588/1871 
f 1874/590/1872 1876/593/1874 1877/592/1875 1875/591/1873 
f 1876/593/1874 1874/590/1872 1735/448/1733 1737/449/1735 
f 1737/449/1735 1739/452/1737 1878/594/1876 1876/593/1874 
f 1876/593/1874 1878/594/1876 1879/595/1877 1877/592/1875 
f 1878/594/1876 1880/597/1878 1881/596/1879 1879/595/1877 
f 1880/597/1878 1878/594/1876 1739/452/1737 1741/453/1739 
f 1741/453/1739 1743/456/1741 1882/598/1880 1880/597/1878 
f 1880/597/1878 1882/598/1880 1883/599/1881 1881/596/1879 
f 1882/598/1880 1884/601/1882 1885/600/1883 1883/599/1881 
f 1884/601/1882 1882/598/1880 1743/456/1741 1745/457/1743 
f 1745/457/1743 1747/460/1745 1886/602/1884 1884/601/1882 
f 1884/601/1882 1886/602/1884 1887/603/1885 1885/600/1883 
f 1886/602/1884 1888/605/1886 1889/604/1887 1887/603/1885 
f 1888/605/1886 1886/602/1884 1747/460/1745 1749/461/1747 
f 1749/461/1747 1751/464/1749 1890/606/1888 1888/605/1886 
f 1888/605/1886 1890/606/1888 1891/607/1889 1889/604/1887 
f 1890/606/1888 1892/609/1890 1893/608/1891 1891/607/1889 
f 1892/609/1890 1890/606/1888 1751/464/1749 1753/465/1751 
f 1753/465/1751 1755/468/1753 1894/610/1892 1892/609/1890 
f 1892/609/1890 1894/610/1892 1895/611/1893 1893/608/1891 
f 1894/610/1892 1896/613/1894 1897/612/1895 1895/611/1893 
f 1896/613/1894 1894/610/1892 1755/468/1753 1757/469/1755 
f 1898/614/1896 1899/615/1897 1761/474/1759 1760/473/1758 
f 1900/616/1898 1901/617/1899 1899/615/1897 1898/614/1896 
f 1898/614/1896 1902/619/1900 1903/618/1901 1900/616/1898 
f 1902/619/1900 1898/614/1896 1760/473/1758 1763/475/1761 
f 1904/620/1902 1905/621/1903 1767/479/1765 1766/480/1764 
f 1906/622/1904 1907/623/1905 1905/621/1903 1904/620/1902 
f 1904/620/1902 1908/625/1906 1909/624/1907 1906/622/1904 
f 1908/625/1906 1904/620/1902 1766/480/1764 1769/482/1767 
f 1769/482/1767 1771/485/1769 1910/626/1908 1908/625/1906 
f 1908/625/1906 1910/626/1908 1911/627/1909 1909/624/1907 
f 1910/626/1908 1912/629/1910 1913/628/1911 1911/627/1909 
f 1912/629/1910 1910/626/1908 1771/485/1769 1773/486/1771 
f 1773/486/1771 1775/489/1773 1914/630/1912 1912/629/1910 
f 1912/629/1910 1914/630/1912 1915/631/1913 1913/628/1911 
f 1914/630/1912 1916/633/1914 1917/632/1915 1915/631/1913 
f 1916/633/1914 1914/630/1912 1775/489/1773 1777/490/1775 
f 1777/490/1775 1779/493/1777 1918/634/1916 1916/633/1914 
f 1916/633/1914 1918/634/1916 1919/635/1917 1917/632/1915 
f 1783/636/1781 1919/635/1917 1918/634/1916 1781/637/1779 
f 1781/637/1779 1918/634/1916 1779/493/1777 1643/494/1641 
f 1920/638/1918 1921/639/1919 1783/499/1781 1782/498/1780 
f 1922/640/1920 1923/641/1921 1921/639/1919 1920/638/1918 
f 1920/638/1918 1924/643/1922 1925/642/1923 1922/640/1920 
f 1924/643/1922 1920/638/1918 1782/498/1780 1785/500/1783 
f 1785/500/1783 1787/503/1785 1926/644/1924 1924/643/1922 
f 1924/643/1922 1926/644/1924 1927/645/1925 1925/642/1923 
f 1926/644/1924 1928/647/1926 1929/646/1927 1927/645/1925 
f 1928/647/1926 1926/644/1924 1787/503/1785 1789/504/1787 
f 1930/648/1928 1931/649/1929 1793/509/1791 1792/508/1790 
f 1932/650/1930 1933/651/1931 1931/649/1929 1930/648/1928 
f 1930/648/1928 1934/653/1932 1935/652/1933 1932/650/1930 
f 1934/653/1932 1930/648/1928 1792/508/1790 1795/510/1793 
f 1936/654/1934 1937/655/1935 1799/515/1797 1798/514/1796 
f 1938/656/1936 1939/657/1937 1937/655/1935 1936/654/1934 
f 1936/654/1934 1940/659/1938 1941/658/1939 1938/656/1936 
f 1940/659/1938 1936/654/1934 1798/514/1796 1801/516/1799 
f 1801/516/1799 1803/519/1801 1942/660/1940 1940/659/1938 
f 1940/659/1938 1942/660/1940 1943/661/1941 1941/658/1939 
f 1942/660/1940 1944/663/1942 1945/662/1943 1943/661/1941 
f 1944/663/1942 1942/660/1940 1803/519/1801 1805/520/1803 
f 1805/520/1803 1807/523/1805 1946/664/1944 1944/663/1942 
f 1944/663/1942 1946/664/1944 1947/665/1945 1945/662/1943 
f 1946/664/1944 1948/667/1946 1949/666/1947 1947/665/1945 
f 1948/667/1946 1946/664/1944 1807/523/1805 1809/524/1807 
f 1809/524/1807 1811/527/1809 1950/668/1948 1948/667/1946 
f 1948/667/1946 1950/668/1948 1951/669/1949 1949/666/1947 
f 1950/668/1948 1952/671/1950 1953/670/1951 1951/669/1949 
f 1952/671/1950 1950/668/1948 1811/527/1809 1813/528/1811 
f 1813/528/1811 1815/531/1813 1954/672/1952 1952/671/1950 
f 1952/671/1950 1954/672/1952 1955/673/1953 1953/670/1951 
f 1954/672/1952 1956/675/1954 1957/674/1955 1955/673/1953 
f 1956/675/1954 1954/672/1952 1815/531/1813 1817/532/1815 
f 1817/532/1815 1819/535/1817 1958/676/1956 1956/675/1954 
f 1956/675/1954 1958/676/1956 1959/677/1957 1957/674/1955 
f 1958/676/1956 1960/679/1958 1961/678/1959 1959/677/1957 
f 1960/679/1958 1958/676/1956 1819/535/1817 1821/536/1819 
f 1821/536/1819 1823/539/1821 1962/680/1960 1960/679/1958 
f 1960/679/1958 1962/680/1960 1963/681/1961 1961/678/1959 
f 1962/680/1960 1964/683/1962 1965/682/1963 1963/681/1961 
f 1964/683/1962 1962/680/1960 1823/539/1821 1825/540/1823 
f 1825/540/1823 1827/543/1825 1966/684/1964 1964/683/1962 
f 1964/683/1962 1966/684/1964 1967/685/1965 1965/682/1963 
f 1966/684/1964 1968/687/1966 1969/686/1967 1967/685/1965 
f 1968/687/1966 1966/684/1964 1827/543/1825 1829/544/1827 
f 1829/544/1827 1831/547/1829 1970/688/1968 1968/687/1966 
f 1968/687/1966 1970/688/1968 1971/689/1969 1969/686/1967 
f 1970/688/1968 1972/691/1970 1973/690/1971 1971/689/1969 
f 1972/691/1970 1970/688/1968 1831/547/1829 1833/548/1831 
f 1833/548/1831 1835/551/1833 1974/692/1972 1972/691/1970 
f 1972/691/1970 1974/692/1972 1975/693/1973 1973/690/1971 
f 1974/692/1972 1976/695/1974 1977/694/1975 1975/693/1973 
f 1976/695/1974 1974/692/1972 1835/551/1833 1837/552/1835 
f 1837/552/1835 1839/555/1837 1978/696/1976 1976/695/1974 
f 1976/695/1974 1978/696/1976 1979/697/1977 1977/694/1975 
f 1978/696/1976 1980/699/1978 1981/698/1979 1979/697/1977 
f 1980/699/1978 1978/696/1976 1839/555/1837 1841/556/1839 
f 1841/556/1839 1843/559/1841 1982/700/1980 1980/699/1978 
f 1980/699/1978 1982/700/1980 1983/701/1981 1981/698/1979 
f 1982/700/1980 1984/703/1982 1985/702/1983 1983/701/1981 
f 1984/703/1982 1982/700/1980 1843/559/1841 1845/560/1843 
f 1986/704/1984 1987/705/1985 1849/565/1847 1848/564/1846 
f 1988/706/1986 1989/707/1987 1987/705/1985 1986/704/1984 
f 1986/704/1984 1990/709/1988 1991/708/1989 1988/706/1986 
f 1990/709/1988 1986/704/1984 1848/564/1846 1851/566/1849 
f 1992/710/1990 1993/711/1991 1855/571/1853 1854/570/1852 
f 1994/712/1992 1995/713/1993 1993/711/1991 1992/710/1990 
f 1992/710/1990 1996/715/1994 1997/714/1995 1994/712/1992 
f 1996/715/1994 1992/710/1990 1854/570/1852 1857/572/1855 
f 1857/572/1855 1859/575/1857 1998/716/1996 1996/715/1994 
f 1996/715/1994 1998/716/1996 1999/717/1997 1997/714/1995 
f 1998/716/1996 2000/719/1998 2001/718/1999 1999/717/1997 
f 2000/719/1998 1998/716/1996 1859/575/1857 1861/576/1859 
f 1861/576/1859 1863/579/1861 2002/720/2000 2000/719/1998 
f 2000/719/1998 2002/720/2000 2003/721/2001 2001/718/1999 
f 2002/720/2000 2004/723/2002 2005/722/2003 2003/721/2001 
f 2004/723/2002 2002/720/2000 1863/579/1861 1865/580/1863 
f 1865/580/1863 1867/583/1865 2006/724/2004 2004/723/2002 
f 2004/723/2002 2006/724/2004 2007/725/2005 2005/722/2003 
f 2006/724/2004 2008/727/2006 2009/726/2007 2007/725/2005 
f 2008/727/2006 2006/724/2004 1867/583/1865 1869/584/1867 
f 1869/584/1867 1871/587/1869 2010/728/2008 2008/727/2006 
f 2008/727/2006 2010/728/2008 2011/729/2009 2009/726/2007 
f 2010/728/2008 2012/731/2010 2013/730/2011 2011/729/2009 
f 2012/731/2010 2010/728/2008 1871/587/1869 1873/588/1871 
f 1873/588/1871 1875/591/1873 2014/732/2012 2012/731/2010 
f 2012/731/2010 2014/732/2012 2015/733/2013 2013/730/2011 
f 2014/732/2012 2016/735/2014 2017/734/2015 2015/733/2013 
f 2016/735/2014 2014/732/2012 1875/591/1873 1877/592/1875 
f 1877/592/1875 1879/595/1877 2018/736/2016 2016/735/2014 
f 2016/735/2014 2018/736/2016 2019/737/2017 2017/734/2015 
f 2018/736/2016 2020/739/2018 2021/738/2019 2019/737/2017 
f 2020/739/2018 2018/736/2016 1879/595/1877 1881/596/1879 
f 1881/596/1879 1883/599/1881 2022/740/2020 2020/739/2018 
f 2020/739/2018 2022/740/2020 2023/741/2021 2021/738/2019 
f 2022/740/2020 2024/743/2022 2025/742/2023 2023/741/2021 
f 2024/743/2022 2022/740/2020 1883/599/1881 1885/600/1883 
f 1885/600/1883 1887/603/1885 2026/744/2024 2024/743/2022 
f 2024/743/2022 2026/744/2024 2027/745/2025 2025/742/2023 
f 2026/744/2024 2028/747/2026 2029/746/2027 2027/745/2025 
f 2028/747/2026 2026/744/2024 1887/603/1885 1889/604/1887 
f 1889/604/1887 1891/607/1889 2030/748/2028 2028/747/2026 
f 2028/747/2026 2030/748/2028 2031/749/2029 2029/746/2027 
f 2030/748/2028 2032/751/2030 2033/750/2031 2031/749/2029 
f 2032/751/2030 2030/748/2028 1891/607/1889 1893/608/1891 
f 1893/608/1891 1895/611/1893 2034/752/2032 2032/751/2030 
f 2032/751/2030 2034/752/2032 2035/753/2033 2033/750/2031 
f 2034/752/2032 2036/755/2034 2037/754/2035 2035/753/2033 
f 2036/755/2034 2034/752/2032 1895/611/1893 1897/612/1895 
f 2038/756/2036 2039/757/2037 1901/617/1899 1900/616/1898 
f 2040/758/2038 2041/759/2039 2039/757/2037 2038/756/2036 
f 2038/756/2036 2042/761/2040 2043/760/2041 2040/758/2038 
f 2042/761/2040 2038/756/2036 1900/616/1898 1903/618/1901 
f 2044/762/2042 2045/763/2043 1907/623/1905 1906/622/1904 
f 2046/764/2044 2047/765/2045 2045/763/2043 2044/762/2042 
f 2044/762/2042 2048/767/2046 2049/766/2047 2046/764/2044 
f 2048/767/2046 2044/762/2042 1906/622/1904 1909/624/1907 
f 1909/624/1907 1911/627/1909 2050/768/2048 2048/767/2046 
f 2048/767/2046 2050/768/2048 2051/769/2049 2049/766/2047 
f 2050/768/2048 2052/771/2050 2053/770/2051 2051/769/2049 
f 2052/771/2050 2050/768/2048 1911/627/1909 1913/628/1911 
f 1913/628/1911 1915/631/1913 2054/772/2052 2052/771/2050 
f 2052/771/2050 2054/772/2052 2055/773/2053 2053/770/2051 
f 2054/772/2052 2056/775/2054 2057/774/2055 2055/773/2053 
f 2056/775/2054 2054/772/2052 1915/631/1913 1917/632/1915 
f 1917/632/1915 1919/635/1917 2058/776/2056 2056/775/2054 
f 2056/775/2054 2058/776/2056 2059/777/2057 2057/774/2055 
f 1923/778/1921 2059/777/2057 2058/776/2056 1921/779/1919 
f 1921/779/1919 2058/776/2056 1919/635/1917 1783/636/1781 
f 2060/780/2058 2061/781/2059 1923/641/1921 1922/640/1920 
f 2062/782/2060 2063/783/2061 2061/781/2059 2060/780/2058 
f 2060/780/2058 2064/785/2062 2065/784/2063 2062/782/2060 
f 2064/785/2062 2060/780/2058 1922/640/1920 1925/642/1923 
f 1925/642/1923 1927/645/1925 2066/786/2064 2064/785/2062 
f 2064/785/2062 2066/786/2064 2067/787/2065 2065/784/2063 
f 2066/786/2064 2068/789/2066 2069/788/2067 2067/787/2065 
f 2068/789/2066 2066/786/2064 1927/645/1925 1929/646/1927 
f 2070/790/2068 2071/791/2069 1933/651/1931 1932/650/1930 
f 2072/792/2070 2073/793/2071 2071/791/2069 2070/790/2068 
f 2070/790/2068 2074/795/2072 2075/794/2073 2072/792/2070 
f 2074/795/2072 2070/790/2068 1932/650/1930 1935/652/1933 
f 2076/796/2074 2077/797/2075 1939/657/1937 1938/656/1936 
f 2078/798/2076 2079/799/2077 2077/797/2075 2076/796/2074 
f 2076/796/2074 2080/801/2078 2081/800/2079 2078/798/2076 
f 2080/801/2078 2076/796/2074 1938/656/1936 1941/658/1939 
f 1941/658/1939 1943/661/1941 2082/802/2080 2080/801/2078 
f 2080/801/2078 2082/802/2080 2083/803/2081 2081/800/2079 
f 2082/802/2080 2084/805/2082 2085/804/2083 2083/803/2081 
f 2084/805/2082 2082/802/2080 1943/661/1941 1945/662/1943 
f 1945/662/1943 1947/665/1945 2086/806/2084 2084/805/2082 
f 2084/805/2082 2086/806/2084 2087/807/2085 2085/804/2083 
f 2086/806/2084 2088/809/2086 2089/808/2087 2087/807/2085 
f 2088/809/2086 2086/806/2084 1947/665/1945 1949/666/1947 
f 1949/666/1947 1951/669/1949 2090/810/2088 2088/809/2086 
f 2088/809/2086 2090/810/2088 2091/811/2089 2089/808/2087 
f 2090/810/2088 2092/813/2090 2093/812/2091 2091/811/2089 
f 2092/813/2090 2090/810/2088 1951/669/1949 1953/670/1951 
f 1953/670/1951 1955/673/1953 2094/814/2092 2092/813/2090 
f 2092/813/2090 2094/814/2092 2095/815/2093 2093/812/2091 
f 2094/814/2092 2096/817/2094 2097/816/2095 2095/815/2093 
f 2096/817/2094 2094/814/2092 1955/673/1953 1957/674/1955 
f 1957/674/1955 1959/677/1957 2098/818/2096 2096/817/2094 
f 2096/817/2094 2098/818/2096 2099/819/2097 2097/816/2095 
f 2098/818/2096 2100/821/2098 2101/820/2099 2099/819/2097 
f 2100/821/2098 2098/818/2096 1959/677/1957 1961/678/1959 
f 1961/678/1959 1963/681/1961 2102/822/2100 2100/821/2098 
f 2100/821/2098 2102/822/2100 2103/823/2101 2101/820/2099 
f 2102/822/2100 2104/825/2102 2105/824/2103 2103/823/2101 
f 2104/825/2102 2102/822/2100 1963/681/1961 1965/682/1963 
f 1965/682/1963 1967/685/1965 2106/826/2104 2104/825/2102 
f 2104/825/2102 2106/826/2104 2107/827/2105 2105/824/2103 
f 2106/826/2104 2108/829/2106 2109/828/2107 2107/827/2105 
f 2108/829/2106 2106/826/2104 1967/685/1965 1969/686/1967 
f 1969/686/1967 1971/689/1969 2110/830/2108 2108/829/2106 
f 2108/829/2106 2110/830/2108 2111/831/2109 2109/828/2107 
f 2110/830/2108 2112/833/2110 2113/832/2111 2111/831/2109 
f 2112/833/2110 2110/830/2108 1971/689/1969 1973/690/1971 
f 1973/690/1971 1975/693/1973 2114/834/2112 2112/833/2110 
f 2112/833/2110 2114/834/2112 2115/835/2113 2113/832/2111 
f 2114/834/2112 2116/837/2114 2117/836/2115 2115/835/2113 
f 2116/837/2114 2114/834/2112 1975/693/1973 1977/694/1975 
f 1977/694/1975 1979/697/1977 2118/838/2116 2116/837/2114 
f 2116/837/2114 2118/838/2116 2119/839/2117 2117/836/2115 
f 2118/838/2116 2120/841/2118 2121/840/2119 2119/839/2117 
f 2120/841/2118 2118/838/2116 1979/697/1977 1981/698/1979 
f 1981/698/1979 1983/701/1981 2122/842/2120 2120/841/2118 
f 2120/841/2118 2122/842/2120 2123/843/2121 2121/840/2119 
f 2122/842/2120 2124/845/2122 2125/844/2123 2123/843/2121 
f 2124/845/2122 2122/842/2120 1983/701/1981 1985/702/1983 
f 2126/846/2124 2127/847/2125 1989/707/1987 1988/706/1986 
f 2128/848/2126 2129/849/2127 2127/847/2125 2126/846/2124 
f 2126/846/2124 2130/851/2128 2131/850/2129 2128/848/2126 
f 2130/851/2128 2126/846/2124 1988/706/1986 1991/708/1989 
f 2132/852/2130 2133/853/2131 1995/713/1993 1994/712/1992 
f 2134/854/2132 2135/855/2133 2133/853/2131 2132/852/2130 
f 2132/852/2130 2136/857/2134 2137/856/2135 2134/854/2132 
f 2136/857/2134 2132/852/2130 1994/712/1992 1997/714/1995 
f 1997/714/1995 1999/717/1997 2138/858/2136 2136/857/2134 
f 2136/857/2134 2138/858/2136 2139/859/2137 2137/856/2135 
f 2138/858/2136 2140/861/2138 2141/860/2139 2139/859/2137 
f 2140/861/2138 2138/858/2136 1999/717/1997 2001/718/1999 
f 2001/718/1999 2003/721/2001 2142/862/2140 2140/861/2138 
f 2140/861/2138 2142/862/2140 2143/863/2141 2141/860/2139 
f 2142/862/2140 2144/865/2142 2145/864/2143 2143/863/2141 
f 2144/865/2142 2142/862/2140 2003/721/2001 2005/722/2003 
f 2005/722/2003 2007/725/2005 2146/866/2144 2144/865/2142 
f 2144/865/2142 2146/866/2144 2147/867/2145 2145/864/2143 
f 2146/866/2144 2148/869/2146 2149/868/2147 2147/867/2145 
f 2148/869/2146 2146/866/2144 2007/725/2005 2009/726/2007 
f 2009/726/2007 2011/729/2009 2150/870/2148 2148/869/2146 
f 2148/869/2146 2150/870/2148 2151/871/2149 2149/868/2147 
f 2150/870/2148 2152/873/2150 2153/872/2151 2151/871/2149 
f 2152/873/2150 2150/870/2148 2011/729/2009 2013/730/2011 
f 2013/730/2011 2015/733/2013 2154/874/2152 2152/873/2150 
f 2152/873/2150 2154/874/2152 2155/875/2153 2153/872/2151 
f 2154/874/2152 2156/877/2154 2157/876/2155 2155/875/2153 
f 2156/877/2154 2154/874/2152 2015/733/2013 2017/734/2015 
f 2017/734/2015 2019/737/2017 2158/878/2156 2156/877/2154 
f 2156/877/2154 2158/878/2156 2159/879/2157 2157/876/2155 
f 2158/878/2156 2160/881/2158 2161/880/2159 2159/879/2157 
f 2160/881/2158 2158/878/2156 2019/737/2017 2021/738/2019 
f 2021/738/2019 2023/741/2021 2162/882/2160 2160/881/2158 
f 2160/881/2158 2162/882/2160 2163/883/2161 2161/880/2159 
f 2162/882/2160 2164/885/2162 2165/884/2163 2163/883/2161 
f 2164/885/2162 2162/882/2160 2023/741/2021 2025/742/2023 
f 2025/742/2023 2027/745/2025 2166/886/2164 2164/885/2162 
f 2164/885/2162 2166/886/2164 2167/887/2165 2165/884/2163 
f 2166/886/2164 2168/889/2166 2169/888/2167 2167/887/2165 
f 2168/889/2166 2166/886/2164 2027/745/2025 2029/746/2027 
f 2029/746/2027 2031/749/2029 2170/890/2168 2168/889/2166 
f 2168/889/2166 2170/890/2168 2171/891/2169 2169/888/2167 
f 2170/890/2168 2172/893/2170 2173/892/2171 2171/891/2169 
f 2172/893/2170 2170/890/2168 2031/749/2029 2033/750/2031 
f 2033/750/2031 2035/753/2033 2174/894/2172 2172/893/2170 
f 2172/893/2170 2174/894/2172 2175/895/2173 2173/892/2171 
f 2174/894/2172 2176/897/2174 2177/896/2175 2175/895/2173 
f 2176/897/2174 2174/894/2172 2035/753/2033 2037/754/2035 
f 2178/898/2176 2179/899/2177 2041/759/2039 2040/758/2038 
f 2180/900/2178 2181/901/2179 2179/899/2177 2178/898/2176 
f 2178/898/2176 2182/903/2180 2183/902/2181 2180/900/2178 
f 2182/903/2180 2178/898/2176 2040/758/2038 2043/760/2041 
f 2184/904/2182 2185/905/2183 2047/765/2045 2046/764/2044 
f 2186/1441/2184 2187/907/2185 2185/905/2183 2188/1442/2186 
f 2188/1442/2186 2185/905/2183 2184/904/2182 2189/1443/2187 
f 2190/1444/2188 2189/1443/2187 2184/904/2182 2191/909/2189 
f 2190/1444/2188 2191/909/2189 2192/1445/2190 
f 2191/909/2189 2184/904/2182 2046/764/2044 2049/766/2047 
f 2049/766/2047 2051/769/2049 2193/910/2191 2191/909/2189 
f 2194/1446/2192 2192/1445/2190 2191/909/2189 2193/910/2191 
f 2194/1446/2192 2193/910/2191 2195/1447/2193 
f 2196/1448/2194 2195/1447/2193 2193/910/2191 2197/913/2195 
f 2196/1448/2194 2197/913/2195 2198/1449/2196 
f 2197/913/2195 2193/910/2191 2051/769/2049 2053/770/2051 
f 2053/770/2051 2055/773/2053 2199/914/2197 2197/913/2195 
f 2200/1450/2198 2198/1449/2196 2197/913/2195 2199/914/2197 
f 2200/1450/2198 2199/914/2197 2201/1451/2199 
f 2199/914/2197 2202/917/2200 2203/916/2201 2204/1452/2202 
f 2199/914/2197 2204/1452/2202 2205/1453/2203 2201/1451/2199 
f 2202/917/2200 2199/914/2197 2055/773/2053 2057/774/2055 
f 2057/774/2055 2059/777/2057 2206/918/2204 2202/917/2200 
f 2202/917/2200 2206/918/2204 2207/919/2205 2203/916/2201 
f 2063/920/2061 2207/919/2205 2206/918/2204 2061/921/2059 
f 2061/921/2059 2206/918/2204 2059/777/2057 1923/778/1921 
f 2208/922/2206 2209/923/2207 2063/783/2061 2062/782/2060 
f 2210/1454/2208 2211/1455/2209 2209/923/2207 2208/922/2206 
f 2210/1454/2208 2208/922/2206 2212/1456/2210 
f 2213/1457/2211 2212/1456/2210 2208/922/2206 2214/927/2212 
f 2208/922/2206 2215/928/2213 2214/927/2212 
f 2215/928/2213 2208/922/2206 2062/782/2060 2065/784/2063 
f 2065/784/2063 2067/787/2065 2216/930/2214 2215/928/2213 
f 2215/928/2213 2216/930/2214 2217/931/2215 2214/927/2212 
f 2216/930/2214 2218/933/2216 2219/932/2217 2217/931/2215 
f 2218/933/2216 2216/930/2214 2067/787/2065 2069/788/2067 
f 2220/934/2218 2221/935/2219 2073/793/2071 2072/792/2070 
f 2222/936/2220 2223/937/2221 2221/935/2219 2220/934/2218 
f 2220/934/2218 2224/939/2222 2225/938/2223 2222/936/2220 
f 2224/939/2222 2220/934/2218 2072/792/2070 2075/794/2073 
f 2226/940/2224 2227/941/2225 2079/799/2077 2078/798/2076 
f 2228/942/2226 2229/943/2227 2227/941/2225 2226/940/2224 
f 2226/940/2224 2230/945/2228 2231/944/2229 2228/942/2226 
f 2230/945/2228 2226/940/2224 2078/798/2076 2081/800/2079 
f 2081/800/2079 2083/803/2081 2232/946/2230 2230/945/2228 
f 2230/945/2228 2232/946/2230 2233/947/2231 2231/944/2229 
f 2232/946/2230 2234/949/2232 2235/948/2233 2233/947/2231 
f 2234/949/2232 2232/946/2230 2083/803/2081 2085/804/2083 
f 2085/804/2083 2087/807/2085 2236/950/2234 2234/949/2232 
f 2234/949/2232 2236/950/2234 2237/951/2235 2235/948/2233 
f 2236/950/2234 2238/953/2236 2239/952/2237 2237/951/2235 
f 2238/953/2236 2236/950/2234 2087/807/2085 2089/808/2087 
f 2089/808/2087 2091/811/2089 2240/954/2238 2238/953/2236 
f 2238/953/2236 2240/954/2238 2241/955/2239 2239/952/2237 
f 2240/954/2238 2242/957/2240 2243/956/2241 2241/955/2239 
f 2242/957/2240 2240/954/2238 2091/811/2089 2093/812/2091 
f 2093/812/2091 2095/815/2093 2244/958/2242 2242/957/2240 
f 2242/957/2240 2244/958/2242 2245/959/2243 2243/956/2241 
f 2244/958/2242 2246/961/2244 2247/960/2245 2245/959/2243 
f 2246/961/2244 2244/958/2242 2095/815/2093 2097/816/2095 
f 2097/816/2095 2099/819/2097 2248/962/2246 2246/961/2244 
f 2246/961/2244 2248/962/2246 2249/963/2247 2247/960/2245 
f 2248/962/2246 2250/965/2248 2251/964/2249 2249/963/2247 
f 2250/965/2248 2248/962/2246 2099/819/2097 2101/820/2099 
f 2101/820/2099 2103/823/2101 2252/966/2250 2250/965/2248 
f 2250/965/2248 2252/966/2250 2253/967/2251 2251/964/2249 
f 2252/966/2250 2254/969/2252 2255/968/2253 2253/967/2251 
f 2254/969/2252 2252/966/2250 2103/823/2101 2105/824/2103 
f 2105/824/2103 2107/827/2105 2256/970/2254 2254/969/2252 
f 2254/969/2252 2256/970/2254 2257/971/2255 2255/968/2253 
f 2256/970/2254 2258/973/2256 2259/972/2257 2257/971/2255 
f 2258/973/2256 2256/970/2254 2107/827/2105 2109/828/2107 
f 2109/828/2107 2111/831/2109 2260/974/2258 2258/973/2256 
f 2258/973/2256 2260/974/2258 2261/975/2259 2259/972/2257 
f 2260/974/2258 2262/977/2260 2263/976/2261 2261/975/2259 
f 2262/977/2260 2260/974/2258 2111/831/2109 2113/832/2111 
f 2113/832/2111 2115/835/2113 2264/978/2262 2262/977/2260 
f 2262/977/2260 2264/978/2262 2265/979/2263 2263/976/2261 
f 2264/978/2262 2266/981/2264 2267/980/2265 2265/979/2263 
f 2266/981/2264 2264/978/2262 2115/835/2113 2117/836/2115 
f 2117/836/2115 2119/839/2117 2268/982/2266 2266/981/2264 
f 2266/981/2264 2268/982/2266 2269/983/2267 2267/980/2265 
f 2268/982/2266 2270/985/2268 2271/984/2269 2269/983/2267 
f 2270/985/2268 2268/982/2266 2119/839/2117 2121/840/2119 
f 2121/840/2119 2123/843/2121 2272/986/2270 2270/985/2268 
f 2270/985/2268 2272/986/2270 2273/987/2271 2271/984/2269 
f 2272/986/2270 2274/989/2272 2275/988/2273 2273/987/2271 
f 2274/989/2272 2272/986/2270 2123/843/2121 2125/844/2123 
f 2276/990/2274 2277/991/2275 2129/849/2127 2128/848/2126 
f 2278/992/2276 2279/993/2277 2277/991/2275 2276/990/2274 
f 2276/990/2274 2280/995/2278 2281/994/2279 2278/992/2276 
f 2280/995/2278 2276/990/2274 2128/848/2126 2131/850/2129 
f 2282/996/2280 2283/997/2281 2135/855/2133 2134/854/2132 
f 2284/998/2282 2285/999/2283 2283/997/2281 2282/996/2280 
f 2282/996/2280 2286/1001/2284 2287/1000/2285 2284/998/2282 
f 2286/1001/2284 2282/996/2280 2134/854/2132 2137/856/2135 
f 2137/856/2135 2139/859/2137 2288/1002/2286 2286/1001/2284 
f 2286/1001/2284 2288/1002/2286 2289/1003/2287 2287/1000/2285 
f 2288/1002/2286 2290/1005/2288 2291/1004/2289 2289/1003/2287 
f 2290/1005/2288 2288/1002/2286 2139/859/2137 2141/860/2139 
f 2141/860/2139 2143/863/2141 2292/1006/2290 2290/1005/2288 
f 2290/1005/2288 2292/1006/2290 2293/1007/2291 2291/1004/2289 
f 2292/1006/2290 2294/1009/2292 2295/1008/2293 2293/1007/2291 
f 2294/1009/2292 2292/1006/2290 2143/863/2141 2145/864/2143 
f 2145/864/2143 2147/867/2145 2296/1010/2294 2294/1009/2292 
f 2294/1009/2292 2296/1010/2294 2297/1011/2295 2295/1008/2293 
f 2296/1010/2294 2298/1013/2296 2299/1012/2297 2297/1011/2295 
f 2298/1013/2296 2296/1010/2294 2147/867/2145 2149/868/2147 
f 2149/868/2147 2151/871/2149 2300/1014/2298 2298/1013/2296 
f 2298/1013/2296 2300/1014/2298 2301/1015/2299 2299/1012/2297 
f 2302/1458/2300 2301/1015/2299 2300/1014/2298 2303/1459/2301 
f 2303/1459/2301 2300/1014/2298 2304/1017/2302 2305/1460/2303 
f 2304/1017/2302 2300/1014/2298 2151/871/2149 2153/872/2151 
f 2153/872/2151 2155/875/2153 2306/1018/2304 2304/1017/2302 
f 2307/1461/2305 2305/1460/2303 2304/1017/2302 2306/1018/2304 
f 2307/1461/2305 2306/1018/2304 2308/1462/2306 
f 2309/1463/2307 2308/1462/2306 2306/1018/2304 2310/1022/2308 
f 2309/1463/2307 2310/1022/2308 2311/1464/2309 
f 2310/1022/2308 2306/1018/2304 2155/875/2153 2157/876/2155 
f 2157/876/2155 2159/879/2157 2312/1024/2310 2310/1022/2308 
f 2313/1465/2311 2311/1464/2309 2310/1022/2308 2312/1024/2310 
f 2313/1465/2311 2312/1024/2310 2314/1466/2312 
f 2315/1467/2313 2314/1466/2312 2312/1024/2310 2316/1029/2314 
f 2315/1467/2313 2316/1029/2314 2317/1468/2315 
f 2316/1029/2314 2312/1024/2310 2159/879/2157 2161/880/2159 
f 2161/880/2159 2163/883/2161 2318/1030/2316 2316/1029/2314 
f 2319/1469/2317 2317/1468/2315 2316/1029/2314 2318/1030/2316 
f 2319/1469/2317 2318/1030/2316 2320/1470/2318 
f 2318/1030/2316 2321/1035/2319 2322/1471/2320 2323/1472/2321 
f 2318/1030/2316 2323/1472/2321 2324/1473/2322 2320/1470/2318 
f 2321/1035/2319 2318/1030/2316 2163/883/2161 2165/884/2163 
f 2165/884/2163 2167/887/2165 2325/1036/2323 2321/1035/2319 
f 2326/1474/2324 2322/1471/2320 2321/1035/2319 2327/1475/2325 
f 2327/1475/2325 2321/1035/2319 2325/1036/2323 
f 2328/1476/2326 2327/1475/2325 2325/1036/2323 2329/1477/2327 
f 2329/1477/2327 2325/1036/2323 2330/1040/2328 
f 2330/1040/2328 2325/1036/2323 2167/887/2165 2169/888/2167 
f 2331/1478/2329 2330/1040/2328 2169/888/2167 2332/1479/2330 
f 2171/891/2169 2333/1480/2331 2334/1481/2332 2332/1479/2330 
f 2169/888/2167 2171/891/2169 2332/1479/2330 
f 2330/1040/2328 2331/1478/2329 2335/1482/2333 2329/1477/2327 
f 2336/1483/2334 2333/1480/2331 2171/891/2169 2173/892/2171 
f 2336/1483/2334 2173/892/2171 2337/1484/2335 
f 2338/1485/2336 2337/1484/2335 2173/892/2171 2175/895/2173 
f 2338/1485/2336 2175/895/2173 2339/1486/2337 
f 2340/1487/2338 2339/1486/2337 2175/895/2173 2177/896/2175 
f 2340/1487/2338 2177/896/2175 2341/1488/2339 
f 2342/1489/2340 2343/1490/2341 2181/901/2179 2344/1491/2342 
f 2344/1491/2342 2181/901/2179 2180/900/2178 
f 2345/1492/2343 2344/1491/2342 2180/900/2178 2346/1493/2344 
f 2180/900/2178 2183/902/2181 2346/1493/2344 
f 2187/907/2185 2186/1441/2184 2347/1494/2345 2348/1495/2346 
f 2349/1496/2347 2204/1452/2202 2203/916/2201 
f 2350/1497/2348 2349/1496/2347 2203/916/2201 2207/919/2205 
f 2350/1497/2348 2207/919/2205 2351/1498/2349 
f 2211/1499/2209 2352/1500/2350 2209/1077/2207 
f 2207/919/2205 2063/920/2061 2209/1077/2207 2352/1500/2350 
f 2207/919/2205 2352/1500/2350 2351/1498/2349 
f 2353/1501/2351 2213/1457/2211 2214/927/2212 
f 2354/1502/2352 2353/1501/2351 2214/927/2212 2217/931/2215 
f 2354/1502/2352 2217/931/2215 2355/1503/2353 
f 2217/931/2215 2219/932/2217 2356/1084/2354 2357/1504/2355 
f 2217/931/2215 2357/1504/2355 2355/1503/2353 
f 2358/1505/2356 2357/1504/2355 2356/1084/2354 
f 2359/1085/2357 2360/1086/2358 2223/937/2221 2222/936/2220 
f 2361/1087/2359 2362/1088/2360 2360/1086/2358 2359/1085/2357 
f 2359/1085/2357 2363/1090/2361 2364/1089/2362 2361/1087/2359 
f 2363/1090/2361 2359/1085/2357 2222/936/2220 2225/938/2223 
f 2365/1091/2363 2366/1092/2364 2229/943/2227 2228/942/2226 
f 2367/1093/2365 2368/1094/2366 2366/1092/2364 2365/1091/2363 
f 2365/1091/2363 2369/1096/2367 2370/1095/2368 2367/1093/2365 
f 2369/1096/2367 2365/1091/2363 2228/942/2226 2231/944/2229 
f 2231/944/2229 2233/947/2231 2371/1097/2369 2369/1096/2367 
f 2369/1096/2367 2371/1097/2369 2372/1098/2370 2370/1095/2368 
f 2371/1097/2369 2373/1100/2371 2374/1099/2372 2372/1098/2370 
f 2373/1100/2371 2371/1097/2369 2233/947/2231 2235/948/2233 
f 2235/948/2233 2237/951/2235 2375/1101/2373 2373/1100/2371 
f 2373/1100/2371 2375/1101/2373 2376/1102/2374 2374/1099/2372 
f 2375/1101/2373 2377/1104/2375 2378/1103/2376 2376/1102/2374 
f 2377/1104/2375 2375/1101/2373 2237/951/2235 2239/952/2237 
f 2239/952/2237 2241/955/2239 2379/1105/2377 2377/1104/2375 
f 2377/1104/2375 2379/1105/2377 2380/1106/2378 2378/1103/2376 
f 2379/1105/2377 2381/1108/2379 2382/1107/2380 2380/1106/2378 
f 2381/1108/2379 2379/1105/2377 2241/955/2239 2243/956/2241 
f 2243/956/2241 2245/959/2243 2383/1109/2381 2381/1108/2379 
f 2381/1108/2379 2383/1109/2381 2384/1110/2382 2382/1107/2380 
f 2383/1109/2381 2385/1112/2383 2386/1111/2384 2384/1110/2382 
f 2385/1112/2383 2383/1109/2381 2245/959/2243 2247/960/2245 
f 2247/960/2245 2249/963/2247 2387/1113/2385 2385/1112/2383 
f 2385/1112/2383 2387/1113/2385 2388/1114/2386 2386/1111/2384 
f 2387/1113/2385 2389/1116/2387 2390/1115/2388 2388/1114/2386 
f 2389/1116/2387 2387/1113/2385 2249/963/2247 2251/964/2249 
f 2251/964/2249 2253/967/2251 2391/1117/2389 2389/1116/2387 
f 2389/1116/2387 2391/1117/2389 2392/1118/2390 2390/1115/2388 
f 2391/1117/2389 2393/1120/2391 2394/1119/2392 2392/1118/2390 
f 2393/1120/2391 2391/1117/2389 2253/967/2251 2255/968/2253 
f 2255/968/2253 2257/971/2255 2395/1121/2393 2393/1120/2391 
f 2393/1120/2391 2395/1121/2393 2396/1122/2394 2394/1119/2392 
f 2395/1121/2393 2397/1124/2395 2398/1123/2396 2396/1122/2394 
f 2397/1124/2395 2395/1121/2393 2257/971/2255 2259/972/2257 
f 2259/972/2257 2261/975/2259 2399/1125/2397 2397/1124/2395 
f 2397/1124/2395 2399/1125/2397 2400/1126/2398 2398/1123/2396 
f 2399/1125/2397 2401/1128/2399 2402/1127/2400 2400/1126/2398 
f 2401/1128/2399 2399/1125/2397 2261/975/2259 2263/976/2261 
f 2263/976/2261 2265/979/2263 2403/1129/2401 2401/1128/2399 
f 2401/1128/2399 2403/1129/2401 2404/1130/2402 2402/1127/2400 
f 2403/1129/2401 2405/1132/2403 2406/1131/2404 2404/1130/2402 
f 2405/1132/2403 2403/1129/2401 2265/979/2263 2267/980/2265 
f 2267/980/2265 2269/983/2267 2407/1133/2405 2405/1132/2403 
f 2405/1132/2403 2407/1133/2405 2408/1134/2406 2406/1131/2404 
f 2407/1133/2405 2409/1136/2407 2410/1135/2408 2408/1134/2406 
f 2409/1136/2407 2407/1133/2405 2269/983/2267 2271/984/2269 
f 2271/984/2269 2273/987/2271 2411/1137/2409 2409/1136/2407 
f 2409/1136/2407 2411/1137/2409 2412/1138/2410 2410/1135/2408 
f 2411/1137/2409 2413/1140/2411 2414/1139/2412 2412/1138/2410 
f 2413/1140/2411 2411/1137/2409 2273/987/2271 2275/988/2273 
f 2415/1141/2413 2416/1142/2414 2279/993/2277 2278/992/2276 
f 2417/1143/2415 2418/1144/2416 2416/1142/2414 2415/1141/2413 
f 2415/1141/2413 2419/1146/2417 2420/1145/2418 2417/1143/2415 
f 2419/1146/2417 2415/1141/2413 2278/992/2276 2281/994/2279 
f 2421/1147/2419 2422/1148/2420 2285/999/2283 2284/998/2282 
f 2423/1149/2421 2424/1150/2422 2422/1148/2420 2421/1147/2419 
f 2421/1147/2419 2425/1152/2423 2426/1151/2424 2423/1149/2421 
f 2425/1152/2423 2421/1147/2419 2284/998/2282 2287/1000/2285 
f 2287/1000/2285 2289/1003/2287 2427/1153/2425 2425/1152/2423 
f 2425/1152/2423 2427/1153/2425 2428/1154/2426 2426/1151/2424 
f 2427/1153/2425 2429/1156/2427 2430/1155/2428 2428/1154/2426 
f 2429/1156/2427 2427/1153/2425 2289/1003/2287 2291/1004/2289 
f 2291/1004/2289 2293/1007/2291 2431/1157/2429 2429/1156/2427 
f 2432/1506/2430 2430/1155/2428 2429/1156/2427 2433/1507/2431 
f 2434/1508/2432 2433/1507/2431 2429/1156/2427 2431/1157/2429 
f 2431/1157/2429 2435/1509/2433 2436/1510/2434 2434/1508/2432 
f 2435/1509/2433 2431/1157/2429 2293/1007/2291 2437/1511/2435 
f 2293/1007/2291 2295/1008/2293 2438/1512/2436 2437/1511/2435 
f 2439/1513/2340 2440/1514/2437 2297/1011/2295 2441/1515/2438 
f 2297/1011/2295 2299/1012/2297 2441/1515/2438 
f 2442/1516/2439 2441/1515/2438 2299/1012/2297 2443/1517/2440 
f 2443/1517/2440 2299/1012/2297 2301/1015/2299 
f 2444/1518/2340 2443/1517/2440 2301/1015/2299 2302/1458/2300 
f 2445/1519/2441 2446/1520/2442 2362/1088/2360 2361/1087/2359 
f 2445/1519/2441 2361/1087/2359 2447/1521/2443 
f 2448/1522/2444 2447/1521/2443 2361/1087/2359 2364/1089/2362 
f 2448/1522/2444 2364/1089/2362 2449/1523/2445 
f 2450/1182/2446 2451/1183/2447 2368/1094/2366 2367/1093/2365 
f 2452/1524/2448 2453/1525/2449 2451/1183/2447 2450/1182/2446 
f 2452/1524/2448 2450/1182/2446 2454/1526/2450 
f 2455/1527/2451 2454/1526/2450 2450/1182/2446 2456/1189/2452 
f 2455/1527/2451 2456/1189/2452 2457/1528/2453 
f 2456/1189/2452 2450/1182/2446 2367/1093/2365 2370/1095/2368 
f 2370/1095/2368 2372/1098/2370 2458/1190/2454 2456/1189/2452 
f 2459/1529/2455 2457/1528/2453 2456/1189/2452 2460/1530/2456 
f 2456/1189/2452 2458/1190/2454 2460/1530/2456 
f 2458/1190/2454 2461/1194/2457 2462/1193/2458 2460/1530/2456 
f 2461/1194/2457 2458/1190/2454 2372/1098/2370 2374/1099/2372 
f 2374/1099/2372 2376/1102/2374 2463/1196/2459 2461/1194/2457 
f 2461/1194/2457 2463/1196/2459 2464/1197/2460 2462/1193/2458 
f 2463/1196/2459 2465/1199/2461 2466/1198/2462 2464/1197/2460 
f 2465/1199/2461 2463/1196/2459 2376/1102/2374 2378/1103/2376 
f 2378/1103/2376 2380/1106/2378 2467/1200/2463 2465/1199/2461 
f 2465/1199/2461 2467/1200/2463 2468/1201/2464 2466/1198/2462 
f 2467/1200/2463 2469/1203/2465 2470/1202/2466 2468/1201/2464 
f 2469/1203/2465 2467/1200/2463 2380/1106/2378 2382/1107/2380 
f 2382/1107/2380 2384/1110/2382 2471/1204/2467 2469/1203/2465 
f 2469/1203/2465 2471/1204/2467 2472/1205/2468 2470/1202/2466 
f 2471/1204/2467 2473/1207/2469 2474/1206/2470 2472/1205/2468 
f 2473/1207/2469 2471/1204/2467 2384/1110/2382 2386/1111/2384 
f 2386/1111/2384 2388/1114/2386 2475/1208/2471 2473/1207/2469 
f 2473/1207/2469 2475/1208/2471 2476/1209/2472 2474/1206/2470 
f 2475/1208/2471 2477/1211/2473 2478/1210/2474 2476/1209/2472 
f 2477/1211/2473 2475/1208/2471 2388/1114/2386 2390/1115/2388 
f 2390/1115/2388 2392/1118/2390 2479/1212/2475 2477/1211/2473 
f 2477/1211/2473 2479/1212/2475 2480/1213/2476 2478/1210/2474 
f 2479/1212/2475 2481/1215/2477 2482/1214/2478 2480/1213/2476 
f 2481/1215/2477 2479/1212/2475 2392/1118/2390 2394/1119/2392 
f 2394/1119/2392 2396/1122/2394 2483/1216/2479 2481/1215/2477 
f 2481/1215/2477 2483/1216/2479 2484/1217/2480 2482/1214/2478 
f 2483/1216/2479 2485/1219/2481 2486/1218/2482 2484/1217/2480 
f 2485/1219/2481 2483/1216/2479 2396/1122/2394 2398/1123/2396 
f 2398/1123/2396 2400/1126/2398 2487/1220/2483 2485/1219/2481 
f 2485/1219/2481 2487/1220/2483 2488/1221/2484 2486/1218/2482 
f 2487/1220/2483 2489/1223/2485 2490/1222/2486 2488/1221/2484 
f 2489/1223/2485 2487/1220/2483 2400/1126/2398 2402/1127/2400 
f 2402/1127/2400 2404/1130/2402 2491/1224/2487 2489/1223/2485 
f 2489/1223/2485 2491/1224/2487 2492/1225/2488 2490/1222/2486 
f 2491/1224/2487 2493/1227/2489 2494/1226/2490 2492/1225/2488 
f 2493/1227/2489 2491/1224/2487 2404/1130/2402 2406/1131/2404 
f 2406/1131/2404 2408/1134/2406 2495/1228/2491 2493/1227/2489 
f 2493/1227/2489 2495/1228/2491 2496/1229/2492 2494/1226/2490 
f 2495/1228/2491 2497/1231/2493 2498/1230/2494 2496/1229/2492 
f 2497/1231/2493 2495/1228/2491 2408/1134/2406 2410/1135/2408 
f 2410/1135/2408 2412/1138/2410 2499/1232/2495 2497/1231/2493 
f 2497/1231/2493 2499/1232/2495 2500/1233/2496 2498/1230/2494 
f 2499/1232/2495 2501/1235/2497 2502/1234/2498 2500/1233/2496 
f 2501/1235/2497 2499/1232/2495 2412/1138/2410 2414/1139/2412 
f 2503/1236/2499 2504/1237/2500 2418/1144/2416 2417/1143/2415 
f 2505/1238/2501 2506/1239/2502 2504/1237/2500 2503/1236/2499 
f 2503/1236/2499 2507/1241/2503 2508/1240/2504 2505/1238/2501 
f 2507/1241/2503 2503/1236/2499 2417/1143/2415 2420/1145/2418 
f 2509/1242/2505 2510/1243/2506 2424/1150/2422 2423/1149/2421 
f 2511/1244/2507 2512/1245/2508 2510/1243/2506 2509/1242/2505 
f 2509/1242/2505 2513/1247/2509 2514/1246/2510 2511/1244/2507 
f 2513/1247/2509 2509/1242/2505 2423/1149/2421 2426/1151/2424 
f 2426/1151/2424 2428/1154/2426 2515/1248/2511 2513/1247/2509 
f 2516/1246/2512 2514/1246/2510 2513/1247/2509 2517/1531/2513 
f 2518/1532/2514 2517/1531/2513 2513/1247/2509 2515/1248/2511 
f 2515/1248/2511 2519/1533/2515 2520/1534/2516 2518/1532/2514 
f 2519/1533/2515 2515/1248/2511 2428/1154/2426 2521/1535/2517 
f 2428/1154/2426 2430/1155/2428 2522/1254/2518 2521/1535/2517 
f 2430/1155/2428 2432/1506/2430 2523/1536/2519 2522/1254/2518 
f 2524/1537/2520 2459/1529/2455 2460/1530/2456 
f 2525/1538/2521 2524/1537/2520 2460/1530/2456 2462/1193/2458 
f 2525/1538/2521 2462/1193/2458 2526/1539/2522 
f 2527/1540/2523 2526/1539/2522 2462/1193/2458 2464/1197/2460 
f 2527/1540/2523 2464/1197/2460 2528/1541/2524 
f 2529/1542/2525 2528/1541/2524 2464/1197/2460 2466/1198/2462 
f 2529/1542/2525 2466/1198/2462 2530/1543/2526 
f 2531/1544/2527 2530/1543/2526 2466/1198/2462 2468/1201/2464 
f 2531/1544/2527 2468/1201/2464 2532/1545/2528 
f 2533/1546/2529 2532/1545/2528 2468/1201/2464 2470/1202/2466 
f 2533/1546/2529 2470/1202/2466 2534/1547/2530 
f 2535/1548/2531 2534/1547/2530 2470/1202/2466 2536/1549/2532 
f 2470/1202/2466 2472/1205/2468 2536/1549/2532 
f 2537/1550/2533 2535/1548/2531 2536/1549/2532 
f 2538/1551/2534 2537/1550/2533 2536/1549/2532 2539/1552/2535 
f 2538/1551/2534 2539/1552/2535 2540/1553/2536 
f 2539/1552/2535 2536/1549/2532 2472/1205/2468 2474/1206/2470 
f 2474/1206/2470 2476/1209/2472 2541/1554/2537 2539/1552/2535 
f 2542/1555/2538 2540/1553/2536 2539/1552/2535 2541/1554/2537 
f 2542/1555/2538 2541/1554/2537 2543/1556/2539 
f 2544/1557/2540 2543/1556/2539 2541/1554/2537 2545/1274/2541 
f 2544/1557/2540 2545/1274/2541 2546/1558/2542 
f 2545/1274/2541 2541/1554/2537 2476/1209/2472 2478/1210/2474 
f 2478/1210/2474 2480/1213/2476 2547/1275/2543 2545/1274/2541 
f 2548/1559/2544 2546/1558/2542 2545/1274/2541 2547/1275/2543 
f 2548/1559/2544 2547/1275/2543 2549/1560/2545 
f 2550/1561/2546 2549/1560/2545 2547/1275/2543 2551/1280/2547 
f 2550/1561/2546 2551/1280/2547 2552/1562/2548 
f 2551/1280/2547 2547/1275/2543 2480/1213/2476 2482/1214/2478 
f 2482/1214/2478 2484/1217/2480 2553/1281/2549 2551/1280/2547 
f 2554/1563/2550 2552/1562/2548 2551/1280/2547 2553/1281/2549 
f 2554/1563/2550 2553/1281/2549 2555/1564/2551 
f 2556/1565/2552 2555/1564/2551 2553/1281/2549 2557/1286/2553 
f 2556/1565/2552 2557/1286/2553 2558/1566/2554 
f 2557/1286/2553 2553/1281/2549 2484/1217/2480 2486/1218/2482 
f 2486/1218/2482 2488/1221/2484 2559/1287/2555 2557/1286/2553 
f 2560/1567/2556 2558/1566/2554 2557/1286/2553 2561/1568/2557 
f 2557/1286/2553 2559/1287/2555 2561/1568/2557 
f 2559/1287/2555 2562/1292/2558 2563/1569/2559 2561/1568/2557 
f 2562/1292/2558 2559/1287/2555 2488/1221/2484 2490/1222/2486 
f 2490/1222/2486 2492/1225/2488 2564/1293/2560 2562/1292/2558 
f 2562/1292/2558 2564/1293/2560 2565/1294/2561 2563/1569/2559 
f 2564/1293/2560 2566/1297/2562 2567/1296/2563 2565/1294/2561 
f 2566/1297/2562 2564/1293/2560 2492/1225/2488 2494/1226/2490 
f 2494/1226/2490 2496/1229/2492 2568/1298/2564 2566/1297/2562 
f 2566/1297/2562 2568/1298/2564 2569/1299/2565 2567/1296/2563 
f 2568/1298/2564 2570/1301/2566 2571/1300/2567 2569/1299/2565 
f 2570/1301/2566 2568/1298/2564 2496/1229/2492 2498/1230/2494 
f 2498/1230/2494 2500/1233/2496 2572/1302/2568 2570/1301/2566 
f 2570/1301/2566 2572/1302/2568 2573/1303/2569 2571/1300/2567 
f 2572/1302/2568 2574/1307/2570 2575/1570/2571 2573/1303/2569 
f 2574/1307/2570 2572/1302/2568 2500/1233/2496 2502/1234/2498 
f 2576/1308/2572 2577/1309/2573 2506/1239/2502 2505/1238/2501 
f 2578/1571/2574 2579/1572/2575 2577/1309/2573 2576/1308/2572 
f 2580/1573/2576 2578/1571/2574 2576/1308/2572 2581/1574/2577 
f 2581/1574/2577 2576/1308/2572 2582/1315/2578 2583/1575/2579 
f 2582/1315/2578 2576/1308/2572 2505/1238/2501 2508/1240/2504 
f 2584/1576/2580 2585/1318/2581 2512/1245/2508 2586/1577/2582 
f 2587/1578/2583 2586/1577/2582 2512/1245/2508 2511/1244/2507 
f 2585/1318/2581 2584/1576/2580 2588/1579/2434 2589/1580/2584 
f 2590/1581/2434 2587/1578/2583 2511/1244/2507 2591/1582/2585 
f 2511/1244/2507 2514/1246/2510 2591/1582/2585 
f 2514/1246/2510 2516/1246/2512 2592/1582/2586 2591/1582/2585 
f 2593/1583/2587 2560/1567/2556 2561/1568/2557 
f 2594/1584/2588 2593/1583/2587 2561/1568/2557 2563/1569/2559 
f 2594/1584/2588 2563/1569/2559 2595/1585/2589 
f 2596/1586/2590 2595/1585/2589 2563/1569/2559 2565/1294/2561 
f 2596/1586/2590 2565/1294/2561 2597/1587/2591 
f 2598/1588/2592 2597/1587/2591 2565/1294/2561 2567/1296/2563 
f 2598/1588/2592 2567/1296/2563 2599/1589/2593 
f 2600/1590/2594 2599/1589/2593 2567/1296/2563 2569/1299/2565 
f 2600/1590/2594 2569/1299/2565 2601/1591/2595 
f 2602/1592/2596 2601/1591/2595 2569/1299/2565 2571/1300/2567 
f 2602/1592/2596 2571/1300/2567 2603/1593/2597 
f 2604/1594/2598 2603/1593/2597 2571/1300/2567 2573/1303/2569 
f 2604/1594/2598 2573/1303/2569 2605/1595/2599 
f 2606/1596/2600 2605/1595/2599 2573/1303/2569 2607/1597/2601 
f 2573/1303/2569 2575/1570/2571 2607/1597/2601 
f 2608/1598/2602 2609/1599/2603 2579/1572/2575 2578/1571/2574 
f 2608/1598/2602 2578/1571/2574 2610/1600/2604 
f 2611/1601/2605 2610/1600/2604 2578/1571/2574 2580/1573/2576 
f 2612/1334/2606 2613/1335/2607 1617/327/1615 1616/328/1614 
f 2613/1335/2607 2612/1334/2606 1619/330/1617 1621/332/1619 
f 1479/178/1477 1619/330/1617 2612/1334/2606 1477/177/1475 
f 1477/177/1475 2612/1334/2606 1616/328/1614 1478/176/1476 
f 2614/1336/2608 2615/1337/2609 1757/469/1755 1756/470/1754 
f 2615/1337/2609 2614/1336/2608 1759/472/1757 1761/474/1759 
f 1621/332/1619 1759/472/1757 2614/1336/2608 2613/1335/2607 
f 2613/1335/2607 2614/1336/2608 1756/470/1754 1617/327/1615 
f 2616/1338/2610 2617/1339/2611 1897/612/1895 1896/613/1894 
f 2617/1339/2611 2616/1338/2610 1899/615/1897 1901/617/1899 
f 1761/474/1759 1899/615/1897 2616/1338/2610 2615/1337/2609 
f 2615/1337/2609 2616/1338/2610 1896/613/1894 1757/469/1755 
f 2618/1340/2612 2619/1341/2613 2037/754/2035 2036/755/2034 
f 2619/1341/2613 2618/1340/2612 2039/757/2037 2041/759/2039 
f 1901/617/1899 2039/757/2037 2618/1340/2612 2617/1339/2611 
f 2617/1339/2611 2618/1340/2612 2036/755/2034 1897/612/1895 
f 2620/1342/2614 2621/1343/2615 2177/896/2175 2176/897/2174 
f 2621/1343/2615 2620/1342/2614 2179/899/2177 2181/901/2179 
f 2041/759/2039 2179/899/2177 2620/1342/2614 2619/1341/2613 
f 2619/1341/2613 2620/1342/2614 2176/897/2174 2037/754/2035 
f 2622/1602/2616 2621/1343/2615 2181/901/2179 2623/1603/2617 
f 2181/901/2179 2343/1490/2341 2623/1603/2617 
f 2624/1604/2618 2341/1488/2339 2177/896/2175 2621/1343/2615 
f 2624/1604/2618 2621/1343/2615 2622/1602/2616 
f 2625/1347/2619 2626/1348/2620 1623/333/1621 1622/334/1620 
f 2626/1348/2620 2625/1347/2619 1625/336/1623 1627/338/1625 
f 1485/186/1483 1625/336/1623 2625/1347/2619 1483/185/1481 
f 1483/185/1481 2625/1347/2619 1622/334/1620 1484/184/1482 
f 2627/1349/2621 2628/1350/2622 1763/475/1761 1762/476/1760 
f 2628/1350/2622 2627/1349/2621 1765/478/1763 1767/479/1765 
f 1627/338/1625 1765/478/1763 2627/1349/2621 2626/1348/2620 
f 2626/1348/2620 2627/1349/2621 1762/476/1760 1623/333/1621 
f 2629/1351/2623 2630/1352/2624 1903/618/1901 1902/619/1900 
f 2630/1352/2624 2629/1351/2623 1905/621/1903 1907/623/1905 
f 1767/479/1765 1905/621/1903 2629/1351/2623 2628/1350/2622 
f 2628/1350/2622 2629/1351/2623 1902/619/1900 1763/475/1761 
f 2631/1353/2625 2632/1354/2626 2043/760/2041 2042/761/2040 
f 2632/1354/2626 2631/1353/2625 2045/763/2043 2047/765/2045 
f 1907/623/1905 2045/763/2043 2631/1353/2625 2630/1352/2624 
f 2630/1352/2624 2631/1353/2625 2042/761/2040 1903/618/1901 
f 2633/1355/2627 2634/1356/2628 2183/902/2181 2182/903/2180 
f 2634/1356/2628 2633/1355/2627 2185/905/2183 2187/907/2185 
f 2047/765/2045 2185/905/2183 2633/1355/2627 2632/1354/2626 
f 2632/1354/2626 2633/1355/2627 2182/903/2180 2043/760/2041 
f 2635/1605/2629 2636/1606/2630 2634/1356/2628 2187/907/2185 
f 2635/1605/2629 2187/907/2185 2348/1495/2346 
f 2637/1607/2631 2346/1493/2344 2183/902/2181 2634/1356/2628 
f 2637/1607/2631 2634/1356/2628 2636/1606/2630 
f 2638/1361/2632 2639/1362/2633 1515/225/1513 1514/226/1512 
f 2639/1362/2633 2638/1361/2632 1517/228/1515 1519/230/1517 
f 1377/24/1375 1517/228/1515 2638/1361/2632 1375/23/1373 
f 1375/23/1373 2638/1361/2632 1514/226/1512 1376/22/1374 
f 2640/1363/2634 2641/1364/2635 1655/367/1653 1654/368/1652 
f 2641/1364/2635 2640/1363/2634 1657/370/1655 1659/372/1657 
f 1519/230/1517 1657/370/1655 2640/1363/2634 2639/1362/2633 
f 2639/1362/2633 2640/1363/2634 1654/368/1652 1515/225/1513 
f 2642/1365/2636 2643/1366/2637 1795/510/1793 1794/511/1792 
f 2643/1366/2637 2642/1365/2636 1797/513/1795 1799/515/1797 
f 1659/372/1657 1797/513/1795 2642/1365/2636 2641/1364/2635 
f 2641/1364/2635 2642/1365/2636 1794/511/1792 1655/367/1653 
f 2644/1367/2638 2645/1368/2639 1935/652/1933 1934/653/1932 
f 2645/1368/2639 2644/1367/2638 1937/655/1935 1939/657/1937 
f 1799/515/1797 1937/655/1935 2644/1367/2638 2643/1366/2637 
f 2643/1366/2637 2644/1367/2638 1934/653/1932 1795/510/1793 
f 2646/1369/2640 2647/1370/2641 2075/794/2073 2074/795/2072 
f 2647/1370/2641 2646/1369/2640 2077/797/2075 2079/799/2077 
f 1939/657/1937 2077/797/2075 2646/1369/2640 2645/1368/2639 
f 2645/1368/2639 2646/1369/2640 2074/795/2072 1935/652/1933 
f 2648/1371/2642 2649/1372/2643 2225/938/2223 2224/939/2222 
f 2649/1372/2643 2648/1371/2642 2227/941/2225 2229/943/2227 
f 2079/799/2077 2227/941/2225 2648/1371/2642 2647/1370/2641 
f 2647/1370/2641 2648/1371/2642 2224/939/2222 2075/794/2073 
f 2650/1373/2644 2651/1374/2645 2364/1089/2362 2363/1090/2361 
f 2651/1374/2645 2650/1373/2644 2366/1092/2364 2368/1094/2366 
f 2229/943/2227 2366/1092/2364 2650/1373/2644 2649/1372/2643 
f 2649/1372/2643 2650/1373/2644 2363/1090/2361 2225/938/2223 
f 2652/1608/2646 2653/1609/2647 2451/1183/2447 2654/1610/2648 
f 2453/1525/2449 2654/1610/2648 2451/1183/2447 
f 2655/1611/2649 2656/1612/2650 2653/1609/2647 2652/1608/2646 
f 2368/1094/2366 2451/1183/2447 2653/1609/2647 2651/1374/2645 
f 2653/1609/2647 2656/1612/2650 2657/1613/2651 2658/1614/2652 
f 2449/1523/2445 2364/1089/2362 2651/1374/2645 2658/1614/2652 
f 2653/1609/2647 2658/1614/2652 2651/1374/2645 
f 2659/1380/2653 2660/1381/2654 1509/219/1507 1508/220/1506 
f 2660/1381/2654 2659/1380/2653 1511/222/1509 1513/224/1511 
f 1371/16/1369 1511/222/1509 2659/1380/2653 1369/15/1367 
f 1369/15/1367 2659/1380/2653 1508/220/1506 1370/14/1368 
f 2661/1382/2655 2662/1383/2656 1649/361/1647 1648/362/1646 
f 2662/1383/2656 2661/1382/2655 1651/364/1649 1653/366/1651 
f 1513/224/1511 1651/364/1649 2661/1382/2655 2660/1381/2654 
f 2660/1381/2654 2661/1382/2655 1648/362/1646 1509/219/1507 
f 2663/1384/2657 2664/1385/2658 1789/504/1787 1788/505/1786 
f 2664/1385/2658 2663/1384/2657 1791/507/1789 1793/509/1791 
f 1653/366/1651 1791/507/1789 2663/1384/2657 2662/1383/2656 
f 2662/1383/2656 2663/1384/2657 1788/505/1786 1649/361/1647 
f 2665/1386/2659 2666/1387/2660 1929/646/1927 1928/647/1926 
f 2666/1387/2660 2665/1386/2659 1931/649/1929 1933/651/1931 
f 1793/509/1791 1931/649/1929 2665/1386/2659 2664/1385/2658 
f 2664/1385/2658 2665/1386/2659 1928/647/1926 1789/504/1787 
f 2667/1388/2661 2668/1389/2662 2069/788/2067 2068/789/2066 
f 2668/1389/2662 2667/1388/2661 2071/791/2069 2073/793/2071 
f 1933/651/1931 2071/791/2069 2667/1388/2661 2666/1387/2660 
f 2666/1387/2660 2667/1388/2661 2068/789/2066 1929/646/1927 
f 2669/1390/2663 2670/1391/2664 2219/932/2217 2218/933/2216 
f 2670/1391/2664 2669/1390/2663 2221/935/2219 2223/937/2221 
f 2073/793/2071 2221/935/2219 2669/1390/2663 2668/1389/2662 
f 2668/1389/2662 2669/1390/2663 2218/933/2216 2069/788/2067 
f 2358/1505/2356 2356/1084/2354 2671/1394/2665 2672/1615/2666 
f 2671/1394/2665 2673/1616/2667 2672/1615/2666 
f 2673/1616/2667 2671/1394/2665 2360/1086/2358 2674/1617/2668 
f 2360/1086/2358 2362/1088/2360 2675/1618/2669 2674/1617/2668 
f 2223/937/2221 2360/1086/2358 2671/1394/2665 2670/1391/2664 
f 2670/1391/2664 2671/1394/2665 2356/1084/2354 2219/932/2217 
f 2362/1088/2360 2446/1520/2442 2676/1619/2670 2675/1618/2669 
f 2677/1398/2671 2678/1399/2672 1565/275/1563 1564/276/1562 
f 2678/1399/2672 2677/1398/2671 1567/278/1565 1569/280/1567 
f 1427/98/1425 1567/278/1565 2677/1398/2671 1425/97/1423 
f 1425/97/1423 2677/1398/2671 1564/276/1562 1426/96/1424 
f 2679/1400/2673 2680/1401/2674 1705/417/1703 1704/418/1702 
f 2680/1401/2674 2679/1400/2673 1707/420/1705 1709/422/1707 
f 1569/280/1567 1707/420/1705 2679/1400/2673 2678/1399/2672 
f 2678/1399/2672 2679/1400/2673 1704/418/1702 1565/275/1563 
f 2681/1402/2675 2682/1403/2676 1845/560/1843 1844/561/1842 
f 2682/1403/2676 2681/1402/2675 1847/563/1845 1849/565/1847 
f 1709/422/1707 1847/563/1845 2681/1402/2675 2680/1401/2674 
f 2680/1401/2674 2681/1402/2675 1844/561/1842 1705/417/1703 
f 2683/1404/2677 2684/1405/2678 1985/702/1983 1984/703/1982 
f 2684/1405/2678 2683/1404/2677 1987/705/1985 1989/707/1987 
f 1849/565/1847 1987/705/1985 2683/1404/2677 2682/1403/2676 
f 2682/1403/2676 2683/1404/2677 1984/703/1982 1845/560/1843 
f 2685/1406/2679 2686/1407/2680 2125/844/2123 2124/845/2122 
f 2686/1407/2680 2685/1406/2679 2127/847/2125 2129/849/2127 
f 1989/707/1987 2127/847/2125 2685/1406/2679 2684/1405/2678 
f 2684/1405/2678 2685/1406/2679 2124/845/2122 1985/702/1983 
f 2687/1408/2681 2688/1409/2682 2275/988/2273 2274/989/2272 
f 2688/1409/2682 2687/1408/2681 2277/991/2275 2279/993/2277 
f 2129/849/2127 2277/991/2275 2687/1408/2681 2686/1407/2680 
f 2686/1407/2680 2687/1408/2681 2274/989/2272 2125/844/2123 
f 2689/1410/2683 2690/1411/2684 2414/1139/2412 2413/1140/2411 
f 2690/1411/2684 2689/1410/2683 2416/1142/2414 2418/1144/2416 
f 2279/993/2277 2416/1142/2414 2689/1410/2683 2688/1409/2682 
f 2688/1409/2682 2689/1410/2683 2413/1140/2411 2275/988/2273 
f 2691/1412/2685 2692/1413/2686 2502/1234/2498 2501/1235/2497 
f 2692/1413/2686 2691/1412/2685 2504/1237/2500 2506/1239/2502 
f 2418/1144/2416 2504/1237/2500 2691/1412/2685 2690/1411/2684 
f 2690/1411/2684 2691/1412/2685 2501/1235/2497 2414/1139/2412 
f 2693/1416/2687 2694/1620/2688 2575/1570/2571 2574/1307/2570 
f 2694/1620/2688 2693/1416/2687 2577/1309/2573 2579/1572/2575 
f 2506/1239/2502 2577/1309/2573 2693/1416/2687 2692/1413/2686 
f 2692/1413/2686 2693/1416/2687 2574/1307/2570 2502/1234/2498 
f 2695/1621/2689 2696/1622/2690 2694/1620/2688 2579/1572/2575 
f 2695/1621/2689 2579/1572/2575 2609/1599/2603 
f 2697/1623/2691 2607/1597/2601 2575/1570/2571 2694/1620/2688 
f 2697/1623/2691 2694/1620/2688 2696/1622/2690 
f 2698/1418/2692 2699/1419/2693 1571/281/1569 1570/282/1568 
f 2699/1419/2693 2698/1418/2692 1573/284/1571 1575/286/1573 
f 1433/106/1431 1573/284/1571 2698/1418/2692 1431/105/1429 
f 1431/105/1429 2698/1418/2692 1570/282/1568 1432/104/1430 
f 2700/1420/2694 2701/1421/2695 1711/423/1709 1710/424/1708 
f 2701/1421/2695 2700/1420/2694 1713/426/1711 1715/428/1713 
f 1575/286/1573 1713/426/1711 2700/1420/2694 2699/1419/2693 
f 2699/1419/2693 2700/1420/2694 1710/424/1708 1571/281/1569 
f 2702/1422/2696 2703/1423/2697 1851/566/1849 1850/567/1848 
f 2703/1423/2697 2702/1422/2696 1853/569/1851 1855/571/1853 
f 1715/428/1713 1853/569/1851 2702/1422/2696 2701/1421/2695 
f 2701/1421/2695 2702/1422/2696 1850/567/1848 1711/423/1709 
f 2704/1424/2698 2705/1425/2699 1991/708/1989 1990/709/1988 
f 2705/1425/2699 2704/1424/2698 1993/711/1991 1995/713/1993 
f 1855/571/1853 1993/711/1991 2704/1424/2698 2703/1423/2697 
f 2703/1423/2697 2704/1424/2698 1990/709/1988 1851/566/1849 
f 2706/1426/2700 2707/1427/2701 2131/850/2129 2130/851/2128 
f 2707/1427/2701 2706/1426/2700 2133/853/2131 2135/855/2133 
f 1995/713/1993 2133/853/2131 2706/1426/2700 2705/1425/2699 
f 2705/1425/2699 2706/1426/2700 2130/851/2128 1991/708/1989 
f 2708/1428/2702 2709/1429/2703 2281/994/2279 2280/995/2278 
f 2709/1429/2703 2708/1428/2702 2283/997/2281 2285/999/2283 
f 2135/855/2133 2283/997/2281 2708/1428/2702 2707/1427/2701 
f 2707/1427/2701 2708/1428/2702 2280/995/2278 2131/850/2129 
f 2710/1430/2704 2711/1431/2705 2420/1145/2418 2419/1146/2417 
f 2711/1431/2705 2710/1430/2704 2422/1148/2420 2424/1150/2422 
f 2285/999/2283 2422/1148/2420 2710/1430/2704 2709/1429/2703 
f 2709/1429/2703 2710/1430/2704 2419/1146/2417 2281/994/2279 
f 2712/1432/2706 2713/1433/2707 2508/1240/2504 2507/1241/2503 
f 2713/1433/2707 2712/1432/2706 2510/1243/2506 2512/1245/2508 
f 2424/1150/2422 2510/1243/2506 2712/1432/2706 2711/1431/2705 
f 2711/1431/2705 2712/1432/2706 2507/1241/2503 2420/1145/2418 
f 2714/1624/2708 2583/1575/2579 2582/1315/2578 2715/1436/2709 
f 2714/1624/2708 2715/1436/2709 2716/1625/2710 
f 2717/1626/2711 2716/1625/2710 2715/1436/2709 2718/1627/2711 
f 2718/1627/2711 2715/1436/2709 2585/1318/2581 2589/1580/2584 
f 2512/1245/2508 2585/1318/2581 2715/1436/2709 2713/1433/2707 
f 2713/1433/2707 2715/1436/2709 2582/1315/2578 2508/1240/2504 
f 2719/1628/2712 2438/1512/2436 2295/1008/2293 2720/1629/2713 
f 2440/1514/2437 2720/1629/2713 2295/1008/2293 2297/1011/2295 
s 1
f 2719/1630/2714 2720/1631/2715 2440/1632/2716 2438/1633/2717 
f 2311/1634/2718 2313/1635/2340 2314/1636/2719 953/1637/2720 
f 2314/1636/2719 2315/1638/2340 2317/1639/2721 953/1637/2720 
f 2317/1639/2721 2319/1640/2722 2320/1641/2723 953/1637/2720 
f 2322/1642/2724 2326/1643/2725 2327/1644/2725 973/1645/2726 
f 2327/1644/2725 2328/1646/2725 2329/1647/2727 973/1645/2726 
f 2331/1648/2728 2332/1649/2727 2334/1650/2729 2333/1651/2730 
f 2336/1652/2731 2337/1653/2340 2338/1654/2340 2333/1651/2730 
f 2338/1654/2340 2339/1655/2340 2340/1656/2340 2624/1657/2732 
f 2340/1656/2340 2341/1658/2340 2624/1657/2732 
f 2333/1651/2730 2338/1654/2340 2624/1657/2732 2331/1648/2728 
f 2624/1657/2732 2622/1659/2340 2623/1660/2733 2343/1661/2734 
f 2331/1648/2728 2624/1657/2732 2343/1661/2734 2335/1662/2735 
f 2329/1647/2727 2335/1662/2735 2343/1661/2734 973/1645/2726 
f 2342/1663/2733 2344/1664/2340 2345/1665/2340 2343/1661/2734 
f 2345/1665/2340 2346/1666/2340 2637/1667/2340 2635/1668/2343 
f 2637/1667/2340 2636/1669/2340 2635/1668/2343 
f 2343/1661/2734 2345/1665/2340 2635/1668/2343 2348/1670/2340 
f 2343/1661/2734 2348/1670/2340 2347/1671/2736 2186/1672/2340 
f 2186/1672/2340 2188/1673/2343 2189/1674/2340 2343/1661/2734 
f 2189/1674/2340 2190/1675/2737 2192/1676/2340 2343/1661/2734 
f 2201/1677/2340 2205/1678/2738 2204/1679/2739 990/1680/2740 
f 2353/1681/2741 2354/1682/2742 2355/1683/2743 1098/1684/2744 
f 2446/1685/2745 2445/1686/2746 2447/1687/2747 1113/1688/2748 
f 2447/1687/2747 2448/1689/2749 2449/1690/2750 1113/1688/2748 
f 2453/1691/2751 2452/1692/2752 2454/1693/2751 1113/1688/2748 
f 2454/1693/2751 2455/1694/2753 2457/1695/2751 1113/1688/2748 
f 2524/1696/2751 2525/1697/2751 2526/1698/2751 1113/1688/2748 
f 2526/1698/2751 2527/1699/2754 2528/1700/2751 1113/1688/2748 
f 2528/1700/2751 2529/1701/2751 2530/1702/2751 1113/1688/2748 
f 2530/1702/2751 2531/1703/2754 2532/1704/2755 1190/1705/2751 
f 2532/1704/2755 2533/1706/2756 2534/1707/2751 1190/1705/2751 
f 2540/1708/2751 2542/1709/2757 2543/1710/2751 1190/1705/2751 
f 2602/1711/2758 2603/1712/2759 2604/1713/2760 2606/1714/2761 
f 2604/1713/2760 2605/1715/2759 2606/1714/2761 
f 2601/1716/2762 2602/1711/2758 2606/1714/2761 2607/1717/2751 
f 2716/1718/1296 2717/1719/2763 2718/1720/2764 2714/1721/2765 
f 2583/1722/2766 2714/1721/2765 2718/1720/2764 2589/1723/2767 
f 2519/1724/2434 2521/1725/2768 2522/1726/2434 1078/1727/2769 
f 2432/1728/1079 2433/1729/2434 1078/1727/2769 2523/1730/2434 
f 2522/1726/2434 2523/1730/2434 1078/1727/2769 
f 2520/1731/2770 2519/1724/2434 1078/1727/2769 2518/1732/2434 
f 2517/1733/2771 2518/1732/2434 1078/1727/2769 2516/1734/2772 
f 2592/1735/2773 2516/1734/2772 1078/1727/2769 2591/1736/2434 
f 2590/1737/1079 2591/1736/2434 1078/1727/2769 2587/1738/2434 
f 2586/1739/2774 2587/1738/2434 1078/1727/2769 2584/1740/2434 
f 2588/1741/1079 2584/1740/2434 1078/1727/2769 2589/1723/2767 
f 2583/1722/2766 2589/1723/2767 1078/1727/2769 2581/1742/2775 
f 2580/1743/2751 2581/1742/2775 1078/1727/2769 1225/1744/2776 
f 1078/1727/2769 1174/1745/2434 1172/1746/2434 1171/1747/2434 
f 1172/1746/2434 1173/1748/2434 1171/1747/2434 
f 1171/1747/2434 1170/1749/2434 1167/1750/2434 1169/1751/2434 
f 1167/1750/2434 1168/1752/2434 1169/1751/2434 
f 1078/1727/2769 1171/1747/2434 1169/1751/2434 1239/1753/2777 
f 1244/1754/2742 1242/1755/2434 1243/1756/2434 1169/1751/2434 
f 1243/1756/2434 1235/1757/2434 1236/1758/2434 1239/1753/2777 
f 1236/1758/2434 1238/1759/2434 1239/1753/2777 
f 1169/1751/2434 1243/1756/2434 1239/1753/2777 
f 1240/1760/2778 1241/1761/2779 1356/1762/2780 1239/1753/2777 
f 1239/1753/2777 1356/1762/2780 1354/1763/2781 1078/1727/2769 
f 1232/1764/2782 1230/1765/2783 1229/1766/2751 1233/1767/2784 
f 1229/1766/2751 1231/1768/2751 1336/1769/2751 1333/1770/2785 
f 1336/1769/2751 1334/1771/2761 1333/1770/2785 
f 1233/1767/2784 1229/1766/2751 1333/1770/2785 1353/1772/2751 
f 1354/1763/2781 1353/1772/2751 1333/1770/2785 1078/1727/2769 
f 1078/1727/2769 1333/1770/2785 1225/1744/2776 
f 2611/1773/2786 2580/1743/2751 1225/1744/2776 2610/1774/2751 
f 2608/1775/2787 2610/1774/2751 1225/1744/2776 2609/1776/2751 
f 2695/1777/2788 2609/1776/2751 1225/1744/2776 2696/1778/2751 
f 2697/1779/2789 2696/1778/2751 1225/1744/2776 2607/1717/2751 
f 2601/1716/2762 2607/1717/2751 1225/1744/2776 2600/1780/2751 
f 2599/1781/2762 2600/1780/2751 1225/1744/2776 2598/1782/2751 
f 2597/1783/1296 2598/1782/2751 1225/1744/2776 2596/1784/2751 
f 2595/1785/2784 2596/1784/2751 1225/1744/2776 2594/1786/2751 
f 2593/1787/1296 2594/1786/2751 1225/1744/2776 2560/1788/2751 
f 2558/1789/2790 2560/1788/2751 1225/1744/2776 2556/1790/2751 
f 2555/1791/2751 2556/1790/2751 1225/1744/2776 1190/1705/2751 
f 1225/1744/2776 1224/1792/2791 1222/1793/2761 1190/1705/2751 
f 1223/1794/2759 1252/1795/2792 1250/1796/2779 1251/1797/2751 
f 1251/1797/2751 1249/1798/2779 1248/1799/2751 1246/1800/2751 
f 1248/1799/2751 1247/1801/2751 1246/1800/2751 
f 1223/1794/2759 1251/1797/2751 1246/1800/2751 1221/1802/2793 
f 1222/1793/2761 1221/1802/2793 1246/1800/2751 1190/1705/2751 
f 1246/1800/2751 1245/1803/2779 1213/1804/2751 1208/1805/2751 
f 1213/1804/2751 1209/1806/2779 1208/1805/2751 
f 1208/1805/2751 1207/1807/2751 1206/1808/2751 1202/1809/2751 
f 1206/1808/2751 1203/1810/2751 1202/1809/2751 
f 1246/1800/2751 1208/1805/2751 1202/1809/2751 1190/1705/2751 
f 1202/1809/2751 1201/1811/2751 1200/1812/2751 1196/1813/2751 
f 1200/1812/2751 1197/1814/2751 1196/1813/2751 
f 1196/1813/2751 1195/1815/2751 1194/1816/2751 1190/1705/2751 
f 1194/1816/2751 1191/1817/2794 1190/1705/2751 
f 1202/1809/2751 1196/1813/2751 1190/1705/2751 
f 2554/1818/2795 2555/1791/2751 1190/1705/2751 2552/1819/2751 
f 2550/1820/2790 2552/1819/2751 1190/1705/2751 2549/1821/2751 
f 2548/1822/2796 2549/1821/2751 1190/1705/2751 2546/1823/2751 
f 2544/1824/2797 2546/1823/2751 1190/1705/2751 2543/1710/2751 
f 2538/1825/2798 2540/1708/2751 1190/1705/2751 2537/1826/2751 
f 2535/1827/2799 2537/1826/2751 1190/1705/2751 2534/1707/2751 
f 1190/1705/2751 1189/1828/2751 1188/1829/2756 1186/1830/2751 
f 1188/1829/2756 1187/1831/2751 1186/1830/2751 
f 1186/1830/2751 1185/1832/2751 1184/1833/2751 1182/1834/2751 
f 1184/1833/2751 1183/1835/2751 1182/1834/2751 
f 1190/1705/2751 1186/1830/2751 1182/1834/2751 1113/1688/2748 
f 1182/1834/2751 1181/1836/2751 1180/1837/2751 1178/1838/2751 
f 1180/1837/2751 1179/1839/2751 1178/1838/2751 
f 1178/1838/2751 1177/1840/2751 1176/1841/2751 1113/1688/2748 
f 1176/1841/2751 1175/1842/2751 1113/1688/2748 
f 1182/1834/2751 1178/1838/2751 1113/1688/2748 
f 2530/1702/2751 1190/1705/2751 1113/1688/2748 
f 2459/1843/2784 2524/1696/2751 1113/1688/2748 2457/1695/2751 
f 2654/1844/2800 2453/1691/2751 1113/1688/2748 2652/1845/2751 
f 2655/1846/2801 2652/1845/2751 1113/1688/2748 2656/1847/2751 
f 2657/1848/2802 2656/1847/2751 1113/1688/2748 2658/1849/2803 
f 2449/1690/2750 2658/1849/2803 1113/1688/2748 
f 1109/1850/2804 1106/1851/2751 1105/1852/2751 1110/1853/2751 
f 1113/1688/2748 1110/1853/2751 1105/1852/2751 1297/1854/2751 
f 1105/1852/2751 1103/1855/2751 1102/1856/2779 1295/1857/2751 
f 1102/1856/2779 1104/1858/2751 1295/1857/2751 
f 1295/1857/2751 1294/1859/2779 1296/1860/2752 1297/1854/2751 
f 1105/1852/2751 1295/1857/2751 1297/1854/2751 
f 1297/1854/2751 1298/1861/2779 1098/1684/2744 1113/1688/2748 
f 2446/1685/2745 1113/1688/2748 1098/1684/2744 2676/1862/2805 
f 2675/1863/1079 2676/1862/2805 1098/1684/2744 2674/1864/2806 
f 2673/1865/2807 2674/1864/2806 1098/1684/2744 2672/1866/2808 
f 2358/1867/1079 2672/1866/2808 1098/1684/2744 2357/1868/2809 
f 2355/1683/2743 2357/1868/2809 1098/1684/2744 
f 2213/1869/1079 2353/1681/2741 1098/1684/2744 2212/1870/2810 
f 2210/1871/1237 2212/1870/2810 1098/1684/2744 2211/1872/2811 
f 2352/1873/2812 2211/1872/2811 1098/1684/2744 990/1680/2740 
f 1098/1684/2744 1097/1874/2813 1099/1875/2434 1094/1876/2814 
f 1099/1875/2434 1095/1877/2434 1094/1876/2814 
f 1094/1876/2814 1096/1878/2434 1316/1879/2742 1315/1880/2434 
f 1316/1879/2742 1314/1881/2434 1315/1880/2434 
f 1098/1684/2744 1094/1876/2814 1315/1880/2434 1001/1882/2815 
f 1315/1880/2434 1312/1883/2434 1311/1884/2816 1001/1882/2815 
f 999/1885/2817 998/1886/2434 996/1887/2818 1000/1888/2434 
f 1001/1882/2815 1000/1888/2434 996/1887/2818 990/1680/2740 
f 996/1887/2818 849/1889/2434 845/1890/2434 993/1891/2434 
f 845/1890/2434 844/1892/2772 846/1893/2434 993/1891/2434 
f 846/1893/2434 995/1894/2434 993/1891/2434 
f 994/1895/2340 991/1896/2340 990/1680/2740 992/1897/2819 
f 993/1891/2434 992/1897/2819 990/1680/2740 996/1887/2818 
f 1098/1684/2744 1001/1882/2815 990/1680/2740 
f 2351/1898/1079 2352/1873/2812 990/1680/2740 2350/1899/2820 
f 2349/1900/2807 2350/1899/2820 990/1680/2740 2204/1679/2739 
f 2200/1901/2821 2201/1677/2340 990/1680/2740 2198/1902/2340 
f 2196/1903/2733 2198/1902/2340 990/1680/2740 2195/1904/2340 
f 2194/1905/2822 2195/1904/2340 990/1680/2740 2192/1676/2340 
f 2343/1661/2734 2192/1676/2340 990/1680/2740 973/1645/2726 
f 990/1680/2740 989/1906/2343 988/1907/2340 986/1908/2340 
f 988/1907/2340 987/1909/2340 986/1908/2340 
f 986/1908/2340 985/1910/2340 984/1911/2340 982/1912/2340 
f 984/1911/2340 983/1913/2340 982/1912/2340 
f 990/1680/2740 986/1908/2340 982/1912/2340 1278/1914/2823 
f 982/1912/2340 980/1915/2340 979/1916/2340 1276/1917/2340 
f 979/1916/2340 981/1918/2340 1276/1917/2340 
f 982/1912/2340 1276/1917/2340 1278/1914/2823 
f 990/1680/2740 1278/1914/2823 1277/1919/2824 973/1645/2726 
f 1277/1919/2824 1279/1920/2825 978/1921/2725 1265/1922/2725 
f 977/1923/2826 975/1924/2725 974/1925/2725 978/1921/2725 
f 974/1925/2725 976/1926/2725 1263/1927/2727 1265/1922/2725 
f 1263/1927/2727 1264/1928/2725 1265/1922/2725 
f 978/1921/2725 974/1925/2725 1265/1922/2725 
f 1277/1919/2824 1265/1922/2725 973/1645/2726 
f 2323/1929/2725 2322/1642/2724 973/1645/2726 953/1637/2720 
f 968/1930/2727 970/1931/2727 971/1932/2725 965/1933/2725 
f 971/1932/2725 966/1934/2824 965/1933/2725 
f 969/1935/2725 968/1930/2727 965/1933/2725 953/1637/2720 
f 965/1933/2725 963/1936/2727 964/1937/2725 961/1938/2725 
f 964/1937/2725 959/1939/2725 961/1938/2725 
f 961/1938/2725 958/1940/2725 957/1941/2727 953/1637/2720 
f 957/1941/2727 954/1942/2727 953/1637/2720 
f 965/1933/2725 961/1938/2725 953/1637/2720 
f 972/1943/2324 969/1935/2725 953/1637/2720 973/1645/2726 
f 2324/1944/2827 2323/1929/2725 953/1637/2720 2320/1641/2723 
f 2309/1945/2733 2311/1634/2718 953/1637/2720 2308/1946/2828 
f 2307/1947/2733 2308/1946/2828 953/1637/2720 2305/1948/2829 
f 953/1637/2720 952/1949/2725 951/1950/2727 947/1951/2725 
f 951/1950/2727 948/1952/2727 947/1951/2725 
f 947/1951/2725 946/1953/2725 945/1954/2727 940/1955/2830 
f 945/1954/2727 941/1956/2725 940/1955/2830 
f 953/1637/2720 947/1951/2725 940/1955/2830 1086/1957/2831 
f 940/1955/2830 943/1958/2832 1092/1959/2833 1090/1960/2834 
f 1092/1959/2833 1093/1961/2835 1090/1960/2834 
f 1090/1960/2834 1091/1962/2439 1088/1963/2340 1086/1957/2831 
f 1088/1963/2340 1089/1964/2340 1086/1957/2831 
f 940/1955/2830 1090/1960/2834 1086/1957/2831 
f 2305/1948/2829 953/1637/2720 1086/1957/2831 2303/1965/2340 
f 2302/1966/2733 2303/1965/2340 1086/1957/2831 2444/1967/2340 
f 2443/1968/2733 2444/1967/2340 1086/1957/2831 2442/1969/2340 
f 2441/1970/2733 2442/1969/2340 1086/1957/2831 2439/1971/2340 
f 2440/1632/2716 2439/1971/2340 1086/1957/2831 2438/1633/2717 
f 2437/1972/1079 2438/1633/2717 1086/1957/2831 2435/1973/2836 
f 2436/1974/2434 2435/1973/2836 1086/1957/2831 1357/1975/2837 
f 1086/1957/2831 1087/1976/2439 1084/1977/2340 1082/1978/2340 
f 1084/1977/2340 1085/1979/2439 1082/1978/2340 
f 1082/1978/2340 1081/1980/2340 1083/1981/2340 1357/1975/2837 
f 1086/1957/2831 1082/1978/2340 1357/1975/2837 
f 1357/1975/2837 1358/1982/2838 1080/1983/2434 1076/1984/2434 
f 1080/1983/2434 1079/1985/2838 1076/1984/2434 
f 2436/1974/2434 1357/1975/2837 1076/1984/2434 2434/1986/2434 
f 2434/1986/2434 1076/1984/2434 1077/1987/2434 2433/1729/2434 
f 2433/1729/2434 1077/1987/2434 1078/1727/2769 
# 2622 polygons - 192 triangles

#
# object Line001
#

v  -0.2671 0.0000 -0.3344
v  -0.2714 0.0525 -0.3418
v  -0.2352 0.0505 -0.3691
v  -0.2316 -0.0023 -0.3611
v  -0.2263 -0.0534 -0.3503
v  -0.2605 -0.0507 -0.3245
v  -0.2949 -0.0486 -0.2931
v  -0.3030 0.0021 -0.3016
v  -0.3084 0.0544 -0.3086
v  -0.3352 0.0027 -0.2653
v  -0.3415 0.0549 -0.2714
v  -0.3254 -0.0480 -0.2579
v  -0.3518 -0.0490 -0.2199
v  -0.3629 0.0012 -0.2256
v  -0.3736 -0.0521 -0.1793
v  -0.3860 -0.0025 -0.1833
v  -0.3907 -0.0568 -0.1372
v  -0.4041 -0.0079 -0.1395
v  -0.4029 -0.0626 -0.0944
v  -0.4173 -0.0145 -0.0950
v  -0.4105 -0.0687 -0.0515
v  -0.4256 -0.0215 -0.0503
v  -0.4135 -0.0744 -0.0089
v  -0.4291 -0.0278 -0.0062
v  -0.4124 -0.0789 0.0329
v  -0.4283 -0.0328 0.0370
v  -0.4073 -0.0816 0.0734
v  -0.4233 -0.0359 0.0790
v  -0.2190 -0.1021 -0.3367
v  -0.2515 -0.0993 -0.3124
v  -0.2096 -0.1482 -0.3204
v  -0.2395 -0.1457 -0.2978
v  -0.2693 -0.1438 -0.2702
v  -0.2837 -0.0974 -0.2825
v  -0.3123 -0.0966 -0.2494
v  -0.2956 -0.1429 -0.2393
v  -0.3182 -0.1432 -0.2057
v  -0.3369 -0.0973 -0.2133
v  -0.3572 -0.0995 -0.1750
v  -0.3368 -0.1447 -0.1701
v  -0.3512 -0.1474 -0.1330
v  -0.3730 -0.1033 -0.1351
v  -0.3842 -0.1081 -0.0945
v  -0.3614 -0.1510 -0.0949
v  -0.3675 -0.1550 -0.0566
v  -0.3911 -0.1131 -0.0537
v  -0.3936 -0.1180 -0.0131
v  -0.3696 -0.1588 -0.0185
v  -0.3680 -0.1620 0.0191
v  -0.3922 -0.1219 0.0268
v  -0.3871 -0.1242 0.0655
v  -0.3629 -0.1638 0.0556
v  -0.3548 -0.1643 0.0909
v  -0.3787 -0.1247 0.1027
v  -0.3988 -0.0822 0.1124
v  -0.3673 -0.1233 0.1382
v  -0.3871 -0.0805 0.1494
v  -0.3438 -0.1631 0.1245
v  -0.3302 -0.1604 0.1563
v  -0.3533 -0.1200 0.1717
v  -0.3726 -0.0766 0.1842
v  -0.3367 -0.1149 0.2029
v  -0.3555 -0.0706 0.2166
v  -0.3143 -0.1564 0.1862
v  -0.2962 -0.1513 0.2142
v  -0.3180 -0.1085 0.2321
v  -0.3360 -0.0631 0.2467
v  -0.2970 -0.1015 0.2592
v  -0.3144 -0.0549 0.2748
v  -0.2761 -0.1455 0.2402
v  -0.2540 -0.1396 0.2643
v  -0.2740 -0.0943 0.2843
v  -0.2905 -0.0464 0.3007
v  -0.2299 -0.1343 0.2864
v  -0.2489 -0.0876 0.3073
v  -0.2039 -0.1299 0.3065
v  -0.2218 -0.0821 0.3282
v  -0.1759 -0.1270 0.3246
v  -0.1926 -0.0790 0.3470
v  -0.1486 -0.1261 0.3396
v  -0.1640 -0.0784 0.3626
v  -0.1242 -0.1267 0.3503
v  -0.1384 -0.0790 0.3737
v  -0.1062 -0.1275 0.3608
v  -0.1195 -0.0801 0.3845
v  -0.1302 -0.0308 0.4044
v  -0.1500 -0.0298 0.3934
v  -0.1975 -0.1915 -0.3013
v  -0.2246 -0.1892 -0.2808
v  -0.1823 -0.2317 -0.2793
v  -0.2064 -0.2296 -0.2610
v  -0.2303 -0.2280 -0.2386
v  -0.2515 -0.1874 -0.2556
v  -0.2753 -0.1865 -0.2275
v  -0.2515 -0.2269 -0.2135
v  -0.2696 -0.2267 -0.1861
v  -0.2957 -0.1865 -0.1968
v  -0.3125 -0.1874 -0.1642
v  -0.2844 -0.2271 -0.1569
v  -0.2959 -0.2282 -0.1264
v  -0.3254 -0.1892 -0.1301
v  -0.3345 -0.1916 -0.0953
v  -0.3039 -0.2298 -0.0947
v  -0.3086 -0.2315 -0.0628
v  -0.3399 -0.1944 -0.0598
v  -0.3416 -0.1971 -0.0245
v  -0.3100 -0.2333 -0.0307
v  -0.3083 -0.2349 0.0012
v  -0.3399 -0.1995 0.0104
v  -0.3350 -0.2009 0.0444
v  -0.3036 -0.2357 0.0323
v  -0.2963 -0.2359 0.0626
v  -0.3272 -0.2012 0.0772
v  -0.3167 -0.2003 0.1087
v  -0.2864 -0.2353 0.0919
v  -0.2743 -0.2337 0.1196
v  -0.3038 -0.1984 0.1388
v  -0.2886 -0.1952 0.1670
v  -0.2599 -0.2314 0.1461
v  -0.2437 -0.2284 0.1710
v  -0.2713 -0.1912 0.1935
v  -0.2521 -0.1867 0.2182
v  -0.2255 -0.2251 0.1942
v  -0.2056 -0.2219 0.2159
v  -0.2310 -0.1822 0.2412
v  -0.2080 -0.1782 0.2624
v  -0.1839 -0.2190 0.2358
v  -0.1607 -0.2168 0.2539
v  -0.1833 -0.1750 0.2816
v  -0.1567 -0.1729 0.2988
v  -0.1358 -0.2156 0.2702
v  -0.1115 -0.2154 0.2837
v  -0.1307 -0.1722 0.3132
v  -0.1080 -0.1726 0.3234
v  -0.0902 -0.2160 0.2933
v  -0.0744 -0.2166 0.3031
v  -0.0910 -0.1732 0.3336
v  -0.1637 -0.2683 -0.2540
v  -0.1848 -0.2665 -0.2381
v  -0.1416 -0.3010 -0.2245
v  -0.1596 -0.2995 -0.2108
v  -0.1774 -0.2981 -0.1940
v  -0.2057 -0.2650 -0.2185
v  -0.2241 -0.2639 -0.1966
v  -0.1931 -0.2971 -0.1752
v  -0.2067 -0.2964 -0.1547
v  -0.2399 -0.2634 -0.1726
v  -0.2528 -0.2634 -0.1470
v  -0.2178 -0.2961 -0.1327
v  -0.2265 -0.2961 -0.1095
v  -0.2628 -0.2639 -0.1200
v  -0.2699 -0.2647 -0.0922
v  -0.2326 -0.2963 -0.0855
v  -0.2363 -0.2967 -0.0609
v  -0.2739 -0.2658 -0.0638
v  -0.2751 -0.2668 -0.0352
v  -0.2375 -0.2971 -0.0361
v  -0.2362 -0.2974 -0.0112
v  -0.2735 -0.2676 -0.0068
v  -0.2693 -0.2681 0.0213
v  -0.2327 -0.2975 0.0134
v  -0.2270 -0.2974 0.0376
v  -0.2626 -0.2681 0.0487
v  -0.2536 -0.2675 0.0751
v  -0.2191 -0.2969 0.0611
v  -0.2093 -0.2961 0.0837
v  -0.2424 -0.2663 0.1006
v  -0.2292 -0.2646 0.1248
v  -0.1977 -0.2950 0.1054
v  -0.1843 -0.2937 0.1259
v  -0.2142 -0.2626 0.1477
v  -0.1974 -0.2604 0.1692
v  -0.1693 -0.2924 0.1452
v  -0.1528 -0.2912 0.1631
v  -0.1790 -0.2583 0.1892
v  -0.1590 -0.2565 0.2077
v  -0.1349 -0.2903 0.1796
v  -0.1156 -0.2898 0.1946
v  -0.1375 -0.2552 0.2245
v  -0.1145 -0.2547 0.2395
v  -0.0951 -0.2897 0.2079
v  -0.0753 -0.2902 0.2191
v  -0.0923 -0.2548 0.2519
v  -0.0728 -0.2556 0.2607
v  -0.0581 -0.2910 0.2273
v  -0.0454 -0.2916 0.2360
v  -0.0585 -0.2562 0.2699
v  -0.1168 -0.3294 -0.1923
v  -0.1316 -0.3281 -0.1805
v  -0.0901 -0.3531 -0.1582
v  -0.1019 -0.3521 -0.1482
v  -0.1138 -0.3512 -0.1369
v  -0.1465 -0.3269 -0.1664
v  -0.1596 -0.3260 -0.1508
v  -0.1244 -0.3503 -0.1244
v  -0.1336 -0.3496 -0.1106
v  -0.1710 -0.3252 -0.1336
v  -0.1804 -0.3247 -0.1153
v  -0.1412 -0.3490 -0.0959
v  -0.1474 -0.3485 -0.0803
v  -0.1877 -0.3244 -0.0959
v  -0.1931 -0.3242 -0.0757
v  -0.1518 -0.3481 -0.0641
v  -0.1547 -0.3478 -0.0474
v  -0.1964 -0.3242 -0.0551
v  -0.1976 -0.3241 -0.0341
v  -0.1559 -0.3476 -0.0305
v  -0.1554 -0.3474 -0.0134
v  -0.1968 -0.3241 -0.0130
v  -0.1940 -0.3240 0.0079
v  -0.1534 -0.3471 0.0036
v  -0.1498 -0.3469 0.0204
v  -0.1893 -0.3237 0.0285
v  -0.1828 -0.3234 0.0487
v  -0.1447 -0.3466 0.0369
v  -0.1381 -0.3463 0.0528
v  -0.1746 -0.3229 0.0681
v  -0.1647 -0.3222 0.0867
v  -0.1302 -0.3460 0.0681
v  -0.1209 -0.3458 0.0826
v  -0.1533 -0.3216 0.1044
v  -0.1405 -0.3209 0.1211
v  -0.1104 -0.3456 0.0963
v  -0.0988 -0.3455 0.1090
v  -0.1263 -0.3204 0.1365
v  -0.1108 -0.3201 0.1508
v  -0.0860 -0.3456 0.1207
v  -0.0724 -0.3459 0.1312
v  -0.0942 -0.3201 0.1636
v  -0.0764 -0.3204 0.1750
v  -0.0578 -0.3464 0.1404
v  -0.0441 -0.3470 0.1490
v  -0.0595 -0.3210 0.1849
v  -0.0452 -0.3217 0.1932
v  -0.0329 -0.3475 0.1575
v  -0.0247 -0.3478 0.1663
v  -0.0347 -0.3221 0.2019
v  -0.0626 -0.3720 -0.1226
v  -0.0712 -0.3713 -0.1148
v  -0.0349 -0.3856 -0.0889
v  -0.0419 -0.3849 -0.0839
v  -0.0466 -0.3846 -0.0768
v  -0.0803 -0.3705 -0.1063
v  -0.0883 -0.3698 -0.0968
v  -0.0539 -0.3838 -0.0715
v  -0.0570 -0.3837 -0.0633
v  -0.0953 -0.3692 -0.0865
v  -0.1012 -0.3686 -0.0754
v  -0.0630 -0.3830 -0.0566
v  -0.0644 -0.3829 -0.0478
v  -0.1059 -0.3682 -0.0637
v  -0.1095 -0.3677 -0.0515
v  -0.0690 -0.3822 -0.0400
v  -0.0686 -0.3822 -0.0309
v  -0.1117 -0.3674 -0.0389
v  -0.1128 -0.3671 -0.0261
v  -0.0715 -0.3817 -0.0222
v  -0.0693 -0.3818 -0.0133
v  -0.1126 -0.3668 -0.0132
v  -0.1112 -0.3665 -0.0002
v  -0.0706 -0.3813 -0.0041
v  -0.0667 -0.3815 0.0044
v  -0.1086 -0.3664 0.0126
v  -0.1048 -0.3662 0.0251
v  -0.0662 -0.3810 0.0137
v  -0.0608 -0.3814 0.0214
v  -0.0999 -0.3661 0.0373
v  -0.0939 -0.3660 0.0490
v  -0.0586 -0.3810 0.0305
v  -0.0519 -0.3815 0.0372
v  -0.0869 -0.3659 0.0601
v  -0.0789 -0.3660 0.0706
v  -0.0481 -0.3812 0.0457
v  -0.0403 -0.3818 0.0512
v  -0.0700 -0.3661 0.0803
v  -0.0603 -0.3664 0.0892
v  -0.0350 -0.3817 0.0589
v  -0.0263 -0.3824 0.0629
v  -0.0498 -0.3668 0.0972
v  -0.0387 -0.3673 0.1042
v  -0.0197 -0.3825 0.0694
v  -0.0116 -0.3831 0.0739
v  -0.0283 -0.3678 0.1113
v  -0.0201 -0.3682 0.1195
v  -0.0074 -0.3827 0.0854
v  -0.0077 -0.3788 0.1029
v  -0.0142 -0.3684 0.1281
v  -0.0158 -0.3924 -0.0594
v  -0.0132 -0.3932 -0.0507
v  0.2973 0.2625 -0.3417
v  0.2893 0.3152 -0.3329
v  0.3158 0.3202 -0.3096
v  0.3242 0.2678 -0.3181
v  0.2663 0.2566 -0.3648
v  0.2587 0.3099 -0.3557
v  0.2326 0.2514 -0.3851
v  0.2260 0.3049 -0.3755
v  0.1965 0.2471 -0.4025
v  0.1908 0.3009 -0.3923
v  0.1581 0.2442 -0.4167
v  0.1534 0.2982 -0.4060
v  0.1176 0.2430 -0.4276
v  0.1141 0.2970 -0.4165
v  0.0755 0.2434 -0.4351
v  0.0730 0.2974 -0.4236
v  0.3288 0.2141 -0.3227
v  0.3019 0.2085 -0.3464
v  0.3297 0.1596 -0.3235
v  0.3029 0.1540 -0.3473
v  0.2713 0.1479 -0.3708
v  0.2704 0.2025 -0.3699
v  0.2363 0.1970 -0.3905
v  0.2368 0.1424 -0.3916
v  0.1996 0.1380 -0.4097
v  0.1994 0.1926 -0.4082
v  0.1602 0.1897 -0.4229
v  0.1600 0.1350 -0.4247
v  0.1185 0.1337 -0.4364
v  0.1190 0.1884 -0.4343
v  0.0762 0.1888 -0.4421
v  0.0753 0.1342 -0.4446
v  0.0311 0.1363 -0.4489
v  0.0321 0.1910 -0.4461
v  -0.0125 0.1944 -0.4460
v  -0.0119 0.2488 -0.4387
v  0.0322 0.2454 -0.4389
v  -0.0137 0.1398 -0.4490
v  -0.0554 0.1439 -0.4454
v  -0.0541 0.1984 -0.4424
v  0.0294 0.0820 -0.4473
v  -0.0152 0.0855 -0.4475
v  0.0271 0.0286 -0.4414
v  -0.0169 0.0319 -0.4419
v  -0.0577 0.0357 -0.4385
v  -0.0567 0.0894 -0.4440
v  -0.0911 0.0930 -0.4375
v  -0.0901 0.1475 -0.4388
v  -0.0916 0.0391 -0.4321
v  -0.1182 0.0417 -0.4271
v  -0.1182 0.0957 -0.4324
v  -0.1173 0.1502 -0.4338
v  0.3267 0.1051 -0.3206
v  0.3002 0.0996 -0.3442
v  0.3202 0.0509 -0.3140
v  0.2941 0.0456 -0.3374
v  0.2633 0.0398 -0.3607
v  0.2688 0.0935 -0.3676
v  0.2345 0.0881 -0.3886
v  0.2294 0.0345 -0.3816
v  0.1928 0.0302 -0.3999
v  0.1974 0.0837 -0.4068
v  0.1579 0.0807 -0.4221
v  0.1538 0.0274 -0.4155
v  0.1129 0.0261 -0.4278
v  0.1164 0.0794 -0.4342
v  0.0734 0.0799 -0.4427
v  0.0705 0.0265 -0.4365
v  0.0244 -0.0234 -0.4313
v  -0.0185 -0.0204 -0.4320
v  0.0214 -0.0736 -0.4171
v  -0.0201 -0.0708 -0.4181
v  -0.0586 -0.0676 -0.4153
v  -0.0583 -0.0168 -0.4289
v  -0.0914 -0.0137 -0.4227
v  -0.0906 -0.0647 -0.4095
v  -0.1157 -0.0624 -0.4050
v  -0.1174 -0.0112 -0.4180
v  0.3102 -0.0025 -0.3040
v  0.2847 -0.0075 -0.3269
v  0.2972 -0.0544 -0.2909
v  0.2722 -0.0590 -0.3134
v  0.2433 -0.0639 -0.3362
v  0.2547 -0.0128 -0.3500
v  0.2218 -0.0178 -0.3709
v  0.2116 -0.0684 -0.3567
v  0.1773 -0.0720 -0.3749
v  0.1861 -0.0218 -0.3892
v  0.1480 -0.0245 -0.4048
v  0.1406 -0.0745 -0.3904
v  0.1021 -0.0756 -0.4029
v  0.1082 -0.0257 -0.4173
v  0.0668 -0.0253 -0.4262
v  0.0622 -0.0752 -0.4119
v  0.0179 -0.1214 -0.3992
v  -0.0217 -0.1189 -0.4004
v  0.0140 -0.1664 -0.3775
v  -0.0234 -0.1642 -0.3790
v  -0.0581 -0.1617 -0.3769
v  -0.0584 -0.1161 -0.3979
v  -0.0891 -0.1135 -0.3925
v  -0.0871 -0.1594 -0.3720
v  -0.1099 -0.1575 -0.3684
v  -0.1131 -0.1114 -0.3885
v  0.2815 -0.1045 -0.2750
v  0.2571 -0.1086 -0.2971
v  0.2635 -0.1522 -0.2569
v  0.2399 -0.1557 -0.2783
v  0.2130 -0.1593 -0.2999
v  0.2292 -0.1128 -0.3193
v  0.1991 -0.1167 -0.3395
v  0.1843 -0.1625 -0.3194
v  0.1536 -0.1652 -0.3368
v  0.1664 -0.1199 -0.3573
v  0.1316 -0.1221 -0.3726
v  0.1209 -0.1670 -0.3516
v  0.0865 -0.1678 -0.3635
v  0.0949 -0.1230 -0.3849
v  0.0569 -0.1228 -0.3939
v  0.0507 -0.1676 -0.3723
v  0.0095 -0.2081 -0.3525
v  -0.0252 -0.2063 -0.3540
v  0.0046 -0.2464 -0.3242
v  -0.0272 -0.2447 -0.3257
v  -0.0567 -0.2427 -0.3243
v  -0.0577 -0.2041 -0.3523
v  -0.0846 -0.2019 -0.3479
v  -0.0811 -0.2408 -0.3206
v  -0.1004 -0.2393 -0.3182
v  -0.1058 -0.2002 -0.3450
v  0.2437 -0.1969 -0.2370
v  0.2211 -0.1998 -0.2575
v  0.2227 -0.2384 -0.2157
v  0.2013 -0.2406 -0.2351
v  0.1771 -0.2429 -0.2546
v  0.1954 -0.2028 -0.2782
v  0.1680 -0.2054 -0.2969
v  0.1513 -0.2449 -0.2721
v  0.1242 -0.2464 -0.2877
v  0.1391 -0.2075 -0.3134
v  0.1087 -0.2088 -0.3276
v  0.0959 -0.2474 -0.3008
v  0.0663 -0.2477 -0.3115
v  0.0768 -0.2095 -0.3390
v  0.0436 -0.2092 -0.3474
v  0.0358 -0.2474 -0.3194
v  0.0014 -0.2808 -0.2929
v  -0.0270 -0.2794 -0.2943
v  0.0010 -0.3114 -0.2585
v  -0.0238 -0.3101 -0.2596
v  -0.0466 -0.3087 -0.2586
v  -0.0532 -0.2777 -0.2932
v  -0.0749 -0.2761 -0.2899
v  -0.0655 -0.3074 -0.2559
v  -0.0805 -0.3063 -0.2548
v  -0.0921 -0.2748 -0.2881
v  0.2007 -0.2760 -0.1935
v  0.1810 -0.2776 -0.2114
v  0.1786 -0.3092 -0.1710
v  0.1608 -0.3103 -0.1869
v  0.1406 -0.3113 -0.2029
v  0.1586 -0.2792 -0.2293
v  0.1348 -0.2806 -0.2455
v  0.1193 -0.3121 -0.2173
v  0.0971 -0.3127 -0.2298
v  0.1099 -0.2816 -0.2596
v  0.0840 -0.2822 -0.2717
v  0.0739 -0.3129 -0.2403
v  0.0501 -0.3128 -0.2487
v  0.0571 -0.2823 -0.2814
v  0.0295 -0.2818 -0.2885
v  0.0257 -0.3123 -0.2548
v  0.0029 -0.3377 -0.2214
v  -0.0180 -0.3366 -0.2222
v  0.0065 -0.3595 -0.1822
v  -0.0105 -0.3587 -0.1825
v  -0.0263 -0.3578 -0.1822
v  -0.0374 -0.3355 -0.2214
v  -0.0536 -0.3344 -0.2200
v  -0.0396 -0.3570 -0.1822
v  -0.0505 -0.3564 -0.1832
v  -0.0666 -0.3336 -0.2198
v  0.1560 -0.3378 -0.1480
v  0.1402 -0.3383 -0.1613
v  0.1323 -0.3611 -0.1237
v  0.1188 -0.3613 -0.1342
v  0.1045 -0.3614 -0.1454
v  0.1228 -0.3388 -0.1750
v  0.1044 -0.3391 -0.1872
v  0.0894 -0.3614 -0.1553
v  0.0736 -0.3614 -0.1637
v  0.0851 -0.3393 -0.1978
v  0.0652 -0.3393 -0.2067
v  0.0573 -0.3611 -0.1708
v  0.0406 -0.3607 -0.1762
v  0.0448 -0.3390 -0.2136
v  0.0239 -0.3385 -0.2186
v  0.0236 -0.3602 -0.1800
v  0.0106 -0.3766 -0.1410
v  -0.0023 -0.3760 -0.1411
v  0.0158 -0.3888 -0.1007
v  0.0064 -0.3881 -0.1025
v  -0.0017 -0.3878 -0.1018
v  -0.0142 -0.3753 -0.1412
v  -0.0243 -0.3748 -0.1426
v  -0.0108 -0.3871 -0.1075
v  -0.0211 -0.3834 -0.1203
v  -0.0327 -0.3744 -0.1449
v  0.1069 -0.3790 -0.0976
v  0.0961 -0.3789 -0.1054
v  0.0829 -0.3911 -0.0720
v  0.0753 -0.3907 -0.0781
v  0.0670 -0.3907 -0.0825
v  0.0852 -0.3788 -0.1138
v  0.0737 -0.3787 -0.1212
v  0.0596 -0.3903 -0.0891
v  0.0508 -0.3902 -0.0919
v  0.0617 -0.3784 -0.1276
v  0.0493 -0.3781 -0.1328
v  0.0425 -0.3898 -0.0970
v  0.0335 -0.3896 -0.0980
v  0.0365 -0.3777 -0.1368
v  0.0236 -0.3772 -0.1395
v  0.0245 -0.3890 -0.1015
v  0.0153 -0.3945 -0.0712
v  0.0110 -0.3948 -0.0671
v  0.0226 -0.3956 -0.0643
v  0.0324 -0.4009 -0.0158
v  -0.0019 -0.3939 -0.0718
v  -0.0022 -0.3929 -0.0827
v  -0.0239 -0.3867 -0.1090
v  -0.0205 -0.3867 -0.1116
v  -0.0074 -0.3936 -0.0600
v  -0.0134 -0.3921 -0.0780
v  -0.0328 -0.3856 -0.0985
v  -0.0369 -0.3823 -0.1137
v  -0.0287 -0.3861 -0.1079
v  -0.1632 0.0458 -0.4179
v  -0.1639 0.0999 -0.4232
v  -0.1516 0.0988 -0.4329
v  -0.1512 0.0447 -0.4276
v  -0.1789 0.0470 -0.4034
v  -0.1798 0.1011 -0.4086
v  -0.1496 -0.0084 -0.4187
v  -0.1615 -0.0073 -0.4091
v  -0.1468 -0.0599 -0.4062
v  -0.1583 -0.0589 -0.3968
v  -0.1731 -0.0575 -0.3828
v  -0.1767 -0.0061 -0.3948
v  -0.1429 -0.1092 -0.3902
v  -0.1539 -0.1081 -0.3811
v  -0.1381 -0.1555 -0.3709
v  -0.1484 -0.1544 -0.3621
v  -0.1618 -0.1528 -0.3491
v  -0.1681 -0.1066 -0.3676
v  -0.1322 -0.1985 -0.3482
v  -0.1419 -0.1973 -0.3399
v  -0.1248 -0.2378 -0.3223
v  -0.1331 -0.2367 -0.3145
v  -0.1436 -0.2353 -0.3028
v  -0.1541 -0.1957 -0.3275
v  -0.1144 -0.2734 -0.2931
v  -0.1214 -0.2725 -0.2857
v  -0.1005 -0.3052 -0.2600
v  -0.1062 -0.3045 -0.2533
v  -0.1132 -0.3036 -0.2432
v  -0.1301 -0.2714 -0.2747
v  -0.0838 -0.3326 -0.2245
v  -0.0884 -0.3321 -0.2188
v  -0.0650 -0.3556 -0.1870
v  -0.0687 -0.3553 -0.1824
v  -0.0728 -0.3547 -0.1747
v  -0.0939 -0.3315 -0.2098
v  -0.0450 -0.3738 -0.1480
v  -0.0479 -0.3735 -0.1440
v  -0.0507 -0.3731 -0.1375
v  -0.0192 -0.3927 -0.0430
v  -0.0236 -0.3917 -0.0514
v  -0.0236 -0.3923 -0.0342
v  -0.0295 -0.3912 -0.0419
v  -0.0260 -0.3919 -0.0245
v  -0.0334 -0.3907 -0.0313
v  -0.0265 -0.3916 -0.0144
v  -0.0351 -0.3903 -0.0199
v  -0.0251 -0.3914 -0.0043
v  -0.0345 -0.3901 -0.0083
v  -0.0217 -0.3914 0.0056
v  -0.0317 -0.3900 0.0032
v  -0.0165 -0.3915 0.0147
v  -0.0268 -0.3900 0.0141
v  -0.0098 -0.3918 0.0228
v  -0.0200 -0.3902 0.0239
v  -0.0017 -0.3922 0.0295
v  -0.0115 -0.3906 0.0325
v  0.0064 -0.3923 0.0390
v  -0.0016 -0.3911 0.0393
v  0.0138 -0.3923 0.0530
v  0.0049 -0.3902 0.0616
v  0.0018 -0.3835 0.0982
v  -0.0022 -0.3828 0.0974
v  0.0263 -0.3936 0.0439
v  0.0162 -0.3909 0.0643
v  0.0242 -0.3856 0.0827
v  0.0149 -0.3843 0.0909
v  0.0077 -0.3799 0.1066
v  0.0052 -0.3834 0.0992
v  -0.0885 -0.0823 0.4053
v  -0.0977 -0.0328 0.4254
v  -0.1130 -0.0323 0.4292
v  -0.1030 -0.0814 0.4090
v  -0.0908 -0.1286 0.3849
v  -0.0768 -0.1297 0.3812
v  -0.0576 -0.1316 0.3744
v  -0.0680 -0.0837 0.3985
v  -0.0765 -0.0339 0.4187
v  -0.0766 -0.1736 0.3572
v  -0.0635 -0.1749 0.3533
v  -0.0611 -0.2164 0.3262
v  -0.0490 -0.2179 0.3222
v  -0.0325 -0.2201 0.3153
v  -0.0454 -0.1771 0.3465
v  -0.0460 -0.2562 0.2924
v  -0.0352 -0.2575 0.2882
v  -0.0341 -0.2916 0.2570
v  -0.0247 -0.2927 0.2527
v  -0.0118 -0.2944 0.2456
v  -0.0204 -0.2594 0.2810
v  -0.0245 -0.3223 0.2201
v  -0.0167 -0.3232 0.2164
v  -0.0160 -0.3480 0.1815
v  -0.0099 -0.3487 0.1785
v  -0.0012 -0.3497 0.1724
v  -0.0059 -0.3245 0.2098
v  -0.0077 -0.3686 0.1409
v  -0.0031 -0.3690 0.1383
v  0.0037 -0.3698 0.1326
v  0.0375 -0.3947 0.0391
v  0.0323 -0.3933 0.0475
v  0.0419 -0.3870 0.0795
v  0.0330 -0.3861 0.0823
v  0.2891 0.1538 0.3554
v  0.2901 0.2079 0.3528
v  0.2499 0.2073 0.3823
v  0.2481 0.1531 0.3850
v  0.3263 0.1578 0.3215
v  0.3265 0.2118 0.3193
v  0.3595 0.1638 0.2840
v  0.3588 0.2178 0.2822
v  0.3882 0.1692 0.2440
v  0.3868 0.2232 0.2424
v  0.4123 0.1740 0.2019
v  0.4103 0.2281 0.2004
v  0.4314 0.1782 0.1585
v  0.4289 0.2323 0.1570
v  0.4456 0.1819 0.1141
v  0.4428 0.2360 0.1127
v  0.4358 0.2891 0.1109
v  0.4224 0.2853 0.1549
v  0.4548 0.1851 0.0691
v  0.4518 0.2393 0.0677
v  0.4446 0.2922 0.0666
v  0.4563 0.2421 0.0228
v  0.4489 0.2949 0.0222
v  0.4592 0.1879 0.0240
v  0.4592 0.1900 -0.0208
v  0.4564 0.2441 -0.0219
v  0.4491 0.2969 -0.0219
v  0.4524 0.2454 -0.0659
v  0.4454 0.2980 -0.0652
v  0.4549 0.1913 -0.0651
v  0.4467 0.1913 -0.1082
v  0.4445 0.2453 -0.1087
v  0.4379 0.2978 -0.1073
v  0.4332 0.2436 -0.1499
v  0.4270 0.2961 -0.1478
v  0.4350 0.1896 -0.1498
v  0.4215 0.1865 -0.1867
v  0.4201 0.2405 -0.1865
v  0.4142 0.2928 -0.1836
v  0.4067 0.2365 -0.2151
v  0.4012 0.2890 -0.2117
v  0.4079 0.1825 -0.2156
v  0.3994 0.1794 -0.2396
v  0.3983 0.2336 -0.2390
v  0.3931 0.2861 -0.2352
v  0.3914 0.3396 -0.2052
v  0.3835 0.3368 -0.2282
v  0.2450 0.0984 0.3845
v  0.2862 0.0990 0.3551
v  0.1975 0.0459 0.4046
v  0.2011 0.1007 0.4092
v  0.1556 0.1048 0.4289
v  0.1525 0.0501 0.4237
v  0.2408 0.0437 0.3806
v  0.2044 0.1554 0.4100
v  0.2816 0.0443 0.3518
v  0.3188 0.0479 0.3187
v  0.3237 0.1029 0.3214
v  0.3571 0.1088 0.2839
v  0.3521 0.0537 0.2817
v  0.3811 0.0593 0.2423
v  0.3863 0.1143 0.2440
v  0.4106 0.1191 0.2022
v  0.4054 0.0641 0.2011
v  0.4247 0.0684 0.1586
v  0.4299 0.1234 0.1591
v  0.4442 0.1271 0.1150
v  0.4389 0.0722 0.1152
v  0.4480 0.0754 0.0713
v  0.4535 0.1304 0.0703
v  0.4578 0.1331 0.0255
v  0.4521 0.0780 0.0271
v  0.4516 0.0800 -0.0168
v  0.4576 0.1352 -0.0191
v  0.4530 0.1364 -0.0632
v  0.4468 0.0811 -0.0603
v  0.4381 0.0809 -0.1026
v  0.4445 0.1364 -0.1061
v  0.4324 0.1346 -0.1476
v  0.4257 0.0792 -0.1436
v  0.4118 0.0760 -0.1798
v  0.4187 0.1316 -0.1844
v  0.4049 0.1276 -0.2133
v  0.3979 0.0722 -0.2083
v  0.3892 0.0693 -0.2320
v  0.3963 0.1246 -0.2373
v  0.1498 -0.0042 0.4144
v  0.1936 -0.0082 0.3962
v  0.0165 0.0104 0.4394
v  0.0192 -0.0423 0.4238
v  0.0617 -0.0471 0.4207
v  0.0606 0.0059 0.4359
v  0.1047 -0.0522 0.4132
v  0.1053 0.0009 0.4276
v  0.1475 -0.0571 0.4009
v  0.1067 0.0551 0.4377
v  0.1895 -0.0610 0.3839
v  0.2302 -0.0630 0.3621
v  0.2359 -0.0104 0.3732
v  0.2756 -0.0098 0.3454
v  0.2682 -0.0624 0.3357
v  0.3033 -0.0596 0.3052
v  0.3119 -0.0064 0.3133
v  0.3447 -0.0012 0.2774
v  0.3348 -0.0549 0.2708
v  0.3622 -0.0494 0.2335
v  0.3731 0.0045 0.2388
v  0.3969 0.0095 0.1985
v  0.3851 -0.0444 0.1945
v  0.4033 -0.0400 0.1544
v  0.4158 0.0138 0.1571
v  0.4296 0.0175 0.1147
v  0.4165 -0.0363 0.1134
v  0.4248 -0.0333 0.0720
v  0.4384 0.0207 0.0718
v  0.4423 0.0232 0.0288
v  0.4284 -0.0309 0.0303
v  0.4274 -0.0293 -0.0111
v  0.4415 0.0250 -0.0141
v  0.4365 0.0259 -0.0565
v  0.4222 -0.0286 -0.0520
v  0.4132 -0.0291 -0.0919
v  0.4275 0.0257 -0.0979
v  0.4151 0.0238 -0.1378
v  0.4007 -0.0309 -0.1304
v  0.3867 -0.0339 -0.1644
v  0.4011 0.0207 -0.1731
v  0.3872 0.0169 -0.2009
v  0.3730 -0.0373 -0.1912
v  0.3644 -0.0399 -0.2135
v  0.3785 0.0141 -0.2240
v  0.0233 -0.0932 0.4039
v  0.0640 -0.0982 0.4013
v  -0.0197 -0.0385 0.4232
v  -0.0137 -0.0890 0.4030
v  -0.0062 -0.1373 0.3788
v  0.0287 -0.1417 0.3799
v  0.0668 -0.1466 0.3777
v  0.1047 -0.1032 0.3945
v  0.1052 -0.1516 0.3717
v  0.1432 -0.1559 0.3615
v  0.1453 -0.1079 0.3833
v  0.1852 -0.1116 0.3675
v  0.1803 -0.1591 0.3471
v  0.2160 -0.1607 0.3285
v  0.2236 -0.1133 0.3472
v  0.2596 -0.1129 0.3226
v  0.2496 -0.1608 0.3059
v  0.2804 -0.1592 0.2795
v  0.2928 -0.1107 0.2939
v  0.3227 -0.1070 0.2617
v  0.3081 -0.1563 0.2498
v  0.3322 -0.1523 0.2172
v  0.3486 -0.1021 0.2264
v  0.3702 -0.0970 0.1891
v  0.3522 -0.1479 0.1823
v  0.3680 -0.1436 0.1459
v  0.3873 -0.0927 0.1506
v  0.3998 -0.0890 0.1114
v  0.3795 -0.1401 0.1088
v  0.3865 -0.1372 0.0712
v  0.4075 -0.0861 0.0718
v  0.4106 -0.0838 0.0319
v  0.3892 -0.1351 0.0337
v  0.3878 -0.1338 -0.0037
v  0.4094 -0.0824 -0.0076
v  0.4042 -0.0819 -0.0466
v  0.3825 -0.1334 -0.0404
v  0.3738 -0.1340 -0.0762
v  0.3952 -0.0826 -0.0846
v  0.3829 -0.0843 -0.1213
v  0.3618 -0.1357 -0.1106
v  0.3485 -0.1380 -0.1411
v  0.3691 -0.0871 -0.1537
v  0.3556 -0.0900 -0.1792
v  0.3354 -0.1403 -0.1650
v  0.3273 -0.1417 -0.1853
v  0.3472 -0.0921 -0.2005
v  0.0024 -0.1829 0.3507
v  0.0347 -0.1871 0.3519
v  0.0114 -0.2253 0.3190
v  0.0409 -0.2291 0.3202
v  0.0730 -0.2333 0.3189
v  0.0701 -0.1919 0.3502
v  0.1055 -0.1964 0.3448
v  0.1050 -0.2372 0.3142
v  0.1366 -0.2407 0.3061
v  0.1404 -0.2002 0.3357
v  0.1745 -0.2031 0.3227
v  0.1672 -0.2434 0.2947
v  0.1964 -0.2451 0.2799
v  0.2071 -0.2048 0.3060
v  0.2378 -0.2052 0.2856
v  0.2238 -0.2458 0.2618
v  0.2489 -0.2454 0.2406
v  0.2659 -0.2043 0.2618
v  0.2910 -0.2022 0.2349
v  0.2713 -0.2441 0.2167
v  0.2907 -0.2420 0.1903
v  0.3129 -0.1992 0.2053
v  0.3311 -0.1957 0.1735
v  0.3069 -0.2394 0.1619
v  0.3196 -0.2367 0.1320
v  0.3454 -0.1921 0.1400
v  0.3557 -0.1888 0.1056
v  0.3287 -0.2339 0.1010
v  0.3341 -0.2317 0.0693
v  0.3620 -0.1860 0.0706
v  0.3643 -0.1840 0.0355
v  0.3360 -0.2298 0.0374
v  0.3345 -0.2286 0.0056
v  0.3627 -0.1827 0.0007
v  0.3576 -0.1824 -0.0334
v  0.3297 -0.2281 -0.0256
v  0.3218 -0.2281 -0.0561
v  0.3493 -0.1829 -0.0665
v  0.3378 -0.1841 -0.0984
v  0.3111 -0.2287 -0.0856
v  0.2992 -0.2298 -0.1119
v  0.3251 -0.1857 -0.1267
v  0.3126 -0.1873 -0.1492
v  0.2875 -0.2310 -0.1330
v  0.2805 -0.2318 -0.1511
v  0.3050 -0.1884 -0.1684
v  0.0192 -0.2639 0.2842
v  0.0455 -0.2671 0.2854
v  0.0232 -0.2982 0.2470
v  0.0463 -0.3008 0.2477
v  0.0712 -0.3036 0.2465
v  0.0741 -0.2706 0.2842
v  0.1025 -0.2740 0.2801
v  0.0957 -0.3064 0.2429
v  0.1198 -0.3089 0.2368
v  0.1303 -0.2770 0.2731
v  0.1573 -0.2794 0.2631
v  0.1430 -0.3110 0.2281
v  0.1650 -0.3126 0.2170
v  0.1829 -0.2811 0.2501
v  0.2068 -0.2820 0.2344
v  0.1855 -0.3135 0.2034
v  0.2043 -0.3139 0.1877
v  0.2288 -0.2820 0.2159
v  0.2483 -0.2814 0.1951
v  0.2210 -0.3137 0.1698
v  0.2356 -0.3131 0.1502
v  0.2653 -0.2801 0.1721
v  0.2793 -0.2783 0.1473
v  0.2477 -0.3121 0.1290
v  0.2572 -0.3108 0.1065
v  0.2903 -0.2764 0.1210
v  0.2982 -0.2744 0.0937
v  0.2641 -0.3095 0.0829
v  0.2683 -0.3082 0.0587
v  0.3030 -0.2725 0.0656
v  0.3046 -0.2710 0.0373
v  0.2699 -0.3071 0.0341
v  0.2688 -0.3062 0.0093
v  0.3031 -0.2699 0.0089
v  0.2988 -0.2693 -0.0193
v  0.2651 -0.3056 -0.0154
v  0.2590 -0.3052 -0.0398
v  0.2916 -0.2691 -0.0469
v  0.2819 -0.2694 -0.0737
v  0.2506 -0.3053 -0.0637
v  0.2413 -0.3055 -0.0853
v  0.2711 -0.2700 -0.0978
v  0.2604 -0.2708 -0.1171
v  0.2322 -0.3060 -0.1029
v  0.2273 -0.3062 -0.1182
v  0.2542 -0.2712 -0.1339
v  0.0247 -0.3277 0.2079
v  0.0443 -0.3298 0.2078
v  0.0246 -0.3523 0.1670
v  0.0407 -0.3538 0.1661
v  0.0577 -0.3555 0.1649
v  0.0653 -0.3320 0.2066
v  0.0860 -0.3342 0.2034
v  0.0744 -0.3571 0.1621
v  0.0906 -0.3586 0.1576
v  0.1061 -0.3361 0.1980
v  0.1255 -0.3379 0.1907
v  0.1061 -0.3599 0.1515
v  0.1209 -0.3610 0.1439
v  0.1439 -0.3392 0.1812
v  0.1610 -0.3402 0.1699
v  0.1346 -0.3619 0.1347
v  0.1472 -0.3625 0.1241
v  0.1767 -0.3408 0.1568
v  0.1907 -0.3409 0.1419
v  0.1585 -0.3629 0.1121
v  0.1683 -0.3630 0.0990
v  0.2029 -0.3408 0.1256
v  0.2132 -0.3403 0.1079
v  0.1766 -0.3629 0.0849
v  0.1833 -0.3627 0.0698
v  0.2213 -0.3396 0.0891
v  0.2272 -0.3389 0.0694
v  0.1882 -0.3624 0.0540
v  0.1914 -0.3621 0.0376
v  0.2309 -0.3381 0.0491
v  0.2324 -0.3374 0.0283
v  0.1928 -0.3617 0.0208
v  0.1924 -0.3613 0.0038
v  0.2317 -0.3367 0.0073
v  0.2288 -0.3363 -0.0137
v  0.1903 -0.3610 -0.0133
v  0.1865 -0.3608 -0.0303
v  0.2239 -0.3360 -0.0345
v  0.2169 -0.3358 -0.0549
v  0.1811 -0.3606 -0.0470
v  0.1757 -0.3606 -0.0629
v  0.2095 -0.3359 -0.0739
v  0.2032 -0.3360 -0.0901
v  0.1724 -0.3605 -0.0774
v  0.1717 -0.3605 -0.0900
v  0.2003 -0.3360 -0.1042
v  0.0240 -0.3717 0.1245
v  0.0364 -0.3728 0.1231
v  0.0492 -0.3739 0.1220
v  0.0618 -0.3750 0.1197
v  0.0508 -0.3875 0.0798
v  0.0588 -0.3884 0.0754
v  0.0740 -0.3760 0.1162
v  0.0857 -0.3770 0.1115
v  0.0674 -0.3888 0.0739
v  0.0743 -0.3895 0.0680
v  0.0968 -0.3778 0.1056
v  0.1071 -0.3785 0.0986
v  0.0823 -0.3898 0.0647
v  0.0878 -0.3904 0.0576
v  0.1165 -0.3791 0.0905
v  0.1250 -0.3795 0.0815
v  0.0947 -0.3907 0.0528
v  0.0986 -0.3911 0.0445
v  0.1325 -0.3798 0.0716
v  0.1387 -0.3800 0.0609
v  0.1043 -0.3912 0.0383
v  0.1064 -0.3915 0.0294
v  0.1438 -0.3800 0.0495
v  0.1477 -0.3800 0.0376
v  0.1106 -0.3915 0.0220
v  0.1108 -0.3917 0.0128
v  0.1501 -0.3799 0.0252
v  0.1514 -0.3798 0.0125
v  0.1133 -0.3916 0.0044
v  0.1117 -0.3917 -0.0048
v  0.1512 -0.3797 -0.0004
v  0.1498 -0.3795 -0.0133
v  0.1123 -0.3915 -0.0137
v  0.1090 -0.3917 -0.0226
v  0.1471 -0.3794 -0.0262
v  0.1430 -0.3793 -0.0390
v  0.1078 -0.3914 -0.0316
v  0.1051 -0.3915 -0.0404
v  0.1397 -0.3792 -0.0513
v  0.1388 -0.3792 -0.0631
v  0.1087 -0.3913 -0.0510
v  0.1198 -0.3881 -0.0623
v  0.1401 -0.3792 -0.0736
v  0.0472 -0.3954 0.0366
v  0.0437 -0.3941 0.0459
v  0.0560 -0.3960 0.0323
v  0.0544 -0.3949 0.0420
v  0.0637 -0.3965 0.0263
v  0.0638 -0.3955 0.0361
v  0.0698 -0.3970 0.0188
v  0.0718 -0.3961 0.0283
v  0.0743 -0.3973 0.0101
v  0.0779 -0.3965 0.0190
v  0.0768 -0.3975 0.0005
v  0.0819 -0.3968 0.0085
v  0.0774 -0.3976 -0.0096
v  0.0837 -0.3970 -0.0028
v  0.0758 -0.3976 -0.0198
v  0.0832 -0.3970 -0.0144
v  0.0758 -0.3975 -0.0318
v  0.0803 -0.3970 -0.0260
v  0.0798 -0.3976 -0.0469
v  0.0889 -0.3966 -0.0455
v  0.1121 -0.3918 -0.0674
v  0.1134 -0.3915 -0.0634
v  0.0637 -0.3972 -0.0493
v  0.0820 -0.3965 -0.0553
v  0.0949 -0.3911 -0.0706
v  0.1102 -0.3880 -0.0759
v  0.1089 -0.3914 -0.0699
v  0.3821 0.2810 -0.2765
v  0.3729 0.3323 -0.2687
v  0.3862 0.3358 -0.2647
v  0.3955 0.2849 -0.2723
v  0.3624 0.2763 -0.2808
v  0.3535 0.3281 -0.2729
v  0.4006 0.2322 -0.2764
v  0.3870 0.2283 -0.2809
v  0.4015 0.1782 -0.2772
v  0.3879 0.1741 -0.2817
v  0.3681 0.1691 -0.2863
v  0.3673 0.2232 -0.2853
v  0.3983 0.1232 -0.2746
v  0.3848 0.1194 -0.2793
v  0.3912 0.0680 -0.2691
v  0.3777 0.0642 -0.2734
v  0.3581 0.0594 -0.2778
v  0.3650 0.1142 -0.2837
v  0.3804 0.0131 -0.2605
v  0.3670 0.0096 -0.2647
v  0.3664 -0.0408 -0.2492
v  0.3531 -0.0439 -0.2530
v  0.3339 -0.0474 -0.2564
v  0.3475 0.0054 -0.2686
v  0.3492 -0.0930 -0.2351
v  0.3362 -0.0954 -0.2384
v  0.3295 -0.1423 -0.2186
v  0.3168 -0.1442 -0.2215
v  0.2983 -0.1467 -0.2244
v  0.3173 -0.0982 -0.2414
v  0.3075 -0.1887 -0.2002
v  0.2952 -0.1903 -0.2030
v  0.2835 -0.2317 -0.1810
v  0.2716 -0.2331 -0.1837
v  0.2544 -0.2349 -0.1864
v  0.2772 -0.1925 -0.2059
v  0.2579 -0.2709 -0.1616
v  0.2466 -0.2720 -0.1640
v  0.2316 -0.3058 -0.1431
v  0.2212 -0.3066 -0.1453
v  0.2059 -0.3076 -0.1474
v  0.2301 -0.2734 -0.1664
v  0.2043 -0.3358 -0.1253
v  0.1954 -0.3362 -0.1276
v  0.1755 -0.3604 -0.1072
v  0.1683 -0.3606 -0.1093
v  0.1569 -0.3608 -0.1108
v  0.1820 -0.3368 -0.1295
v  0.1444 -0.3792 -0.0878
v  0.1386 -0.3793 -0.0890
v  0.1289 -0.3792 -0.0894
v  0.0520 -0.3969 -0.0541
v  0.0595 -0.3964 -0.0558
v  0.0427 -0.3966 -0.0593
v  0.0495 -0.3960 -0.0628
v  0.0328 -0.3961 -0.0628
v  0.0385 -0.3956 -0.0678
v  0.0269 -0.3951 -0.0707
v  0.3952 0.2856 -0.2570
v  0.3858 0.3365 -0.2496
v  0.4013 0.1789 -0.2616
v  0.4003 0.2331 -0.2610
v  0.3910 0.0688 -0.2537
v  0.3981 0.1241 -0.2592
v  0.3661 -0.0403 -0.2344
v  0.3802 0.0138 -0.2454
v  0.3292 -0.1419 -0.2048
v  0.3490 -0.0924 -0.2209
v  0.2828 -0.2317 -0.1686
v  0.3070 -0.1884 -0.1871
v  0.2304 -0.3059 -0.1328
v  0.2569 -0.2710 -0.1501
v  0.1747 -0.3604 -0.1004
v  0.2033 -0.3358 -0.1167
v  0.1434 -0.3792 -0.0822
v  0.3444 0.2722 -0.2963
v  0.3358 0.3244 -0.2882
v  0.3500 0.1643 -0.3017
v  0.3492 0.2187 -0.3009
v  0.3401 0.0553 -0.2928
v  0.3469 0.1097 -0.2991
v  0.3165 -0.0506 -0.2704
v  0.3299 0.0017 -0.2832
v  0.2817 -0.1492 -0.2377
v  0.3003 -0.1011 -0.2551
v  0.2392 -0.2365 -0.1983
v  0.2612 -0.1946 -0.2186
v  0.1926 -0.3084 -0.1570
v  0.2159 -0.2746 -0.1774
v  0.1449 -0.3610 -0.1157
v  0.1694 -0.3373 -0.1368
v  0.1181 -0.3791 -0.0923
v  -0.2036 0.0487 -0.3884
v  -0.2050 0.1028 -0.3935
v  -0.1964 -0.0556 -0.3685
v  -0.2009 -0.0043 -0.3800
v  -0.1829 -0.1507 -0.3364
v  -0.1905 -0.1046 -0.3540
v  -0.1606 -0.2337 -0.2922
v  -0.1732 -0.1937 -0.3158
v  -0.1255 -0.3024 -0.2345
v  -0.1448 -0.2700 -0.2652
v  -0.0802 -0.3540 -0.1668
v  -0.1038 -0.3305 -0.2016
v  -0.0557 -0.3726 -0.1303
v  -0.1372 0.0434 -0.4282
v  -0.1373 0.0975 -0.4335
v  -0.1365 0.1520 -0.4349
v  -0.1336 -0.0610 -0.4064
v  -0.1359 -0.0096 -0.4191
v  -0.1260 -0.1564 -0.3705
v  -0.1302 -0.1101 -0.3902
v  -0.1144 -0.2385 -0.3212
v  -0.1209 -0.1993 -0.3475
v  -0.0921 -0.3057 -0.2584
v  -0.1050 -0.2740 -0.2915
v  -0.0590 -0.3560 -0.1861
v  -0.0766 -0.3331 -0.2231
v  -0.0398 -0.3741 -0.1475
v  -0.0977 -0.1281 0.3753
v  -0.1104 -0.0808 0.3992
v  -0.1208 -0.0317 0.4193
v  -0.0671 -0.2164 0.3169
v  -0.0830 -0.1733 0.3478
v  -0.0392 -0.2915 0.2486
v  -0.0515 -0.2561 0.2834
v  -0.0200 -0.3479 0.1759
v  -0.0291 -0.3222 0.2131
v  -0.0108 -0.3684 0.1364
v  -0.0344 -0.1341 0.3753
v  -0.0436 -0.0860 0.3995
v  -0.0510 -0.0358 0.4197
v  -0.0127 -0.2225 0.3158
v  -0.0238 -0.1796 0.3472
v  0.0040 -0.2960 0.2449
v  -0.0025 -0.2615 0.2812
v  0.0105 -0.3509 0.1689
v  0.0079 -0.3260 0.2078
v  0.0129 -0.3707 0.1278
v  -0.0372 -0.0105 0.4295
v  -0.0532 -0.0137 0.4265
v  -0.0220 -0.0076 0.4326
v  -0.0697 -0.0171 0.4244
v  -0.0783 -0.0189 0.4234
v  -0.0837 -0.0204 0.4246
v  -0.0987 -0.0246 0.4280
v  -0.1010 -0.0252 0.4284
v  -0.1135 -0.0285 0.4304
v  -0.1208 -0.0283 0.4210
v  -0.1213 -0.0283 0.4203
v  -0.1301 -0.0276 0.4063
v  -0.1307 -0.0276 0.4054
v  -0.1319 -0.0277 0.4047
v  -0.1501 -0.0298 0.3934
v  -0.1505 -0.0298 0.3932
v  -0.2008 -0.0361 0.3653
v  -0.2044 -0.0365 0.3631
v  -0.1756 -0.0332 0.3804
v  -0.1737 -0.0329 0.3813
v  -0.4307 -0.0153 -0.0161
v  -0.4285 -0.0081 -0.0504
v  -0.4315 -0.0175 -0.0060
v  -0.4159 0.0069 -0.1126
v  -0.4082 0.0142 -0.1407
v  -0.4207 0.0025 -0.0955
v  -0.4261 -0.0050 -0.0636
v  -0.1869 0.1171 -0.4048
v  -0.1797 0.1197 -0.4092
v  -0.2049 0.1108 -0.3938
v  -0.2246 0.1038 -0.3817
v  -0.2088 0.1094 -0.3915
v  -0.2344 0.1003 -0.3753
v  -0.2368 0.0995 -0.3737
v  -0.2415 0.0976 -0.3699
v  -0.2728 0.0855 -0.3449
v  -0.3421 0.0548 -0.2705
v  -0.3415 0.0552 -0.2714
v  -0.3413 0.0553 -0.2717
v  -0.3092 0.0702 -0.3100
v  -0.3686 0.0407 -0.2294
v  -0.3992 0.0207 -0.1635
v  -0.3908 0.0270 -0.1856
v  -0.3749 0.0367 -0.2166
v  -0.2933 0.0768 -0.3251
v  -0.2300 -0.0392 0.3464
v  -0.2343 -0.0397 0.3437
v  -0.2826 -0.0440 0.3080
v  -0.2633 -0.0425 0.3232
v  -0.2609 -0.0422 0.3249
v  -0.3224 -0.0460 0.2710
v  -0.3410 -0.0464 0.2505
v  -0.3168 -0.0459 0.2770
v  -0.2920 -0.0446 0.3001
v  -0.2909 -0.0446 0.3012
v  -0.4138 -0.0380 0.1203
v  -0.4143 -0.0378 0.1192
v  -0.4003 -0.0418 0.1562
v  -0.3506 -0.0462 0.2381
v  -0.3632 -0.0460 0.2219
v  -0.3759 -0.0450 0.2019
v  -0.3831 -0.0445 0.1905
v  -0.3972 -0.0423 0.1624
v  -0.4171 -0.0364 0.1084
v  -0.4242 -0.0324 0.0792
v  -0.4302 -0.0242 0.0303
v  -0.4300 -0.0255 0.0373
v  -0.4246 -0.0318 0.0759
v  0.1919 0.1727 0.4152
v  0.1766 0.1580 0.4223
v  0.2058 0.1861 0.4084
v  0.2163 0.1967 0.4022
v  0.2280 0.2085 0.3950
v  0.0241 0.2914 -0.4290
v  0.0308 0.2965 -0.4278
v  -0.0120 0.2637 -0.4354
v  0.0343 0.2991 -0.4269
v  0.0707 0.3255 -0.4152
v  -0.0289 0.2503 -0.4372
v  -0.0535 0.2304 -0.4381
v  -0.0875 0.2018 -0.4362
v  -0.0888 0.2007 -0.4360
v  -0.0900 0.1997 -0.4359
v  -0.1166 0.1768 -0.4325
v  0.1577 0.1402 0.4297
v  0.1667 0.1487 0.4262
v  0.1411 0.1250 0.4344
v  0.1227 0.1084 0.4393
v  0.1086 0.0961 0.4420
v  0.1151 0.1018 0.4408
v  -0.0205 -0.0073 0.4327
v  -0.0122 -0.0012 0.4350
v  0.0047 0.0114 0.4393
v  0.0163 0.0204 0.4415
v  0.0118 0.0169 0.4407
v  0.0609 0.0557 0.4457
v  0.0630 0.0574 0.4457
v  0.0656 0.0596 0.4457
v  0.0369 0.0366 0.4436
v  0.0889 0.0793 0.4439
v  -0.1238 0.1711 -0.4333
v  -0.1363 0.1612 -0.4345
v  -0.1463 0.1530 -0.4346
v  -0.1383 0.1596 -0.4345
v  -0.1500 0.1499 -0.4344
v  -0.1509 0.1491 -0.4343
v  -0.1523 0.1477 -0.4332
v  -0.1635 0.1357 -0.4242
v  -0.1720 0.1263 -0.4162
v  -0.1770 0.1207 -0.4116
v  0.3866 0.2682 0.2328
v  0.3828 0.2664 0.2398
v  0.4049 0.2767 0.1981
v  0.1798 0.3489 -0.3801
v  0.1829 0.3491 -0.3790
v  0.1467 0.3467 -0.3922
v  0.2133 0.3506 -0.3651
v  0.2173 0.3508 -0.3632
v  0.2442 0.3517 -0.3481
v  0.2501 0.3519 -0.3449
v  0.2733 0.3522 -0.3292
v  0.2812 0.3523 -0.3238
v  0.2990 0.3521 -0.3096
v  0.3084 0.3520 -0.3021
v  0.1434 0.3464 -0.3932
v  0.1088 0.3436 -0.4029
v  0.3629 0.2586 0.2694
v  0.3560 0.2559 0.2795
v  0.3355 0.2490 0.3038
v  0.3247 0.2454 0.3164
v  0.3053 0.2395 0.3351
v  0.2894 0.2348 0.3501
v  0.2499 0.2243 0.3804
v  0.2729 0.2304 0.3629
v  0.2398 0.2207 0.3868
v  0.2412 0.2222 0.3858
v  0.1036 0.3431 -0.4040
v  0.0945 0.3422 -0.4058
v  0.4183 0.2843 0.1648
v  0.4138 0.2818 0.1759
v  0.4062 0.2774 0.1949
v  0.4222 0.2865 0.1548
v  0.4218 0.2863 0.1558
v  0.4418 0.3046 0.0664
v  0.4439 0.3102 0.0359
v  0.4448 0.3127 0.0223
v  0.4329 0.2948 0.1159
v  0.4343 0.2958 0.1107
v  0.4402 0.3027 0.0759
v  0.4442 0.3172 -0.0035
v  0.4438 0.3202 -0.0213
v  0.4040 0.3427 -0.1783
v  0.4042 0.3426 -0.1780
v  0.4026 0.3429 -0.1809
v  0.4268 0.3346 -0.1154
v  0.4302 0.3331 -0.1049
v  0.4180 0.3384 -0.1439
v  0.4354 0.3294 -0.0796
v  0.4388 0.3271 -0.0638
v  0.4413 0.3236 -0.0422
v  0.3897 0.3454 -0.2041
v  0.3912 0.3451 -0.2015
v  0.3807 0.3489 -0.2308
v  0.3804 0.3480 -0.2258
v  0.3816 0.3517 -0.2463
v  0.3823 0.3474 -0.2215
v  0.4160 0.3390 -0.1488
v  0.3289 0.3513 -0.2823
v  0.3292 0.3512 -0.2820
v  0.3171 0.3517 -0.2937
v  0.3386 0.3512 -0.2748
v  0.3476 0.3511 -0.2677
v  0.3812 0.3542 -0.2605
v  0.3729 0.3535 -0.2627
v  0.3674 0.3530 -0.2640
v  0.3563 0.3519 -0.2660
v  0.3815 0.3525 -0.2510
v  -0.2047 0.0628 -0.3107
v  -0.2337 0.0643 -0.2908
v  -0.2298 0.0174 -0.2874
v  -0.2002 0.0158 -0.3077
v  -0.2239 -0.0279 -0.2810
v  -0.1944 -0.0297 -0.3016
v  -0.2613 0.0190 -0.2611
v  -0.2544 -0.0260 -0.2543
v  -0.2651 0.0658 -0.2657
v  -0.2897 0.0199 -0.2295
v  -0.2783 0.0660 -0.2514
v  -0.2937 0.0589 -0.2333
v  -0.2813 -0.0248 -0.2236
v  -0.3142 0.0189 -0.1948
v  -0.3047 -0.0251 -0.1902
v  -0.3349 0.0160 -0.1576
v  -0.3239 -0.0272 -0.1544
v  -0.3510 0.0115 -0.1190
v  -0.3387 -0.0305 -0.1174
v  -0.3618 0.0063 -0.0800
v  -0.3485 -0.0345 -0.0800
v  -0.3679 0.0012 -0.0415
v  -0.3540 -0.0384 -0.0430
v  -0.3558 -0.0417 -0.0068
v  -0.3697 -0.0025 -0.0091
v  -0.3698 -0.0035 -0.0039
v  -0.2157 -0.0705 -0.2709
v  -0.1876 -0.0727 -0.2911
v  -0.2050 -0.1101 -0.2582
v  -0.1791 -0.1122 -0.2771
v  -0.2442 -0.0685 -0.2453
v  -0.2311 -0.1082 -0.2348
v  -0.2696 -0.0672 -0.2166
v  -0.2546 -0.1069 -0.2083
v  -0.2913 -0.0670 -0.1850
v  -0.2745 -0.1064 -0.1791
v  -0.3090 -0.0680 -0.1513
v  -0.2904 -0.1065 -0.1478
v  -0.3225 -0.0702 -0.1162
v  -0.3024 -0.1075 -0.1152
v  -0.3314 -0.0728 -0.0808
v  -0.3106 -0.1091 -0.0820
v  -0.3365 -0.0756 -0.0457
v  -0.3153 -0.1109 -0.0490
v  -0.3382 -0.0781 -0.0111
v  -0.3170 -0.1126 -0.0164
v  -0.3370 -0.0799 0.0226
v  -0.3160 -0.1139 0.0155
v  -0.3545 -0.0441 0.0284
v  -0.3503 -0.0452 0.0625
v  -0.3331 -0.0807 0.0552
v  -0.3125 -0.1144 0.0464
v  -0.3266 -0.0802 0.0865
v  -0.3065 -0.1140 0.0762
v  -0.3434 -0.0447 0.0951
v  -0.3336 -0.0425 0.1259
v  -0.3175 -0.0783 0.1162
v  -0.2980 -0.1124 0.1046
v  -0.3056 -0.0749 0.1441
v  -0.2869 -0.1098 0.1314
v  -0.3212 -0.0386 0.1547
v  -0.3060 -0.0332 0.1815
v  -0.2911 -0.0703 0.1700
v  -0.2731 -0.1061 0.1564
v  -0.2739 -0.0648 0.1941
v  -0.2566 -0.1016 0.1796
v  -0.2882 -0.0268 0.2063
v  -0.2543 -0.0591 0.2163
v  -0.2842 -0.0254 0.2109
v  -0.2665 -0.0246 0.2278
v  -0.2377 -0.0968 0.2011
v  -0.2328 -0.0535 0.2369
v  -0.2169 -0.0923 0.2209
v  -0.2100 -0.0487 0.2561
v  -0.1948 -0.0883 0.2393
v  -0.1865 -0.0450 0.2739
v  -0.1719 -0.0852 0.2563
v  -0.1629 -0.0424 0.2902
v  -0.1491 -0.0831 0.2719
v  -0.1402 -0.0410 0.3051
v  -0.1272 -0.0821 0.2861
v  -0.1195 -0.0407 0.3183
v  -0.1073 -0.0819 0.2987
v  -0.1018 -0.0412 0.3292
v  -0.0904 -0.0825 0.3092
v  -0.1918 -0.1466 -0.2435
v  -0.1683 -0.1485 -0.2607
v  -0.1756 -0.1798 -0.2263
v  -0.1546 -0.1815 -0.2419
v  -0.2152 -0.1449 -0.2226
v  -0.1961 -0.1782 -0.2078
v  -0.2363 -0.1437 -0.1986
v  -0.2146 -0.1770 -0.1863
v  -0.2541 -0.1428 -0.1719
v  -0.2302 -0.1760 -0.1625
v  -0.2682 -0.1424 -0.1432
v  -0.2428 -0.1754 -0.1368
v  -0.2789 -0.1426 -0.1133
v  -0.2523 -0.1752 -0.1099
v  -0.2863 -0.1434 -0.0828
v  -0.2590 -0.1754 -0.0823
v  -0.2907 -0.1443 -0.0522
v  -0.2631 -0.1758 -0.0546
v  -0.2924 -0.1454 -0.0220
v  -0.2647 -0.1764 -0.0271
v  -0.2916 -0.1462 0.0077
v  -0.2640 -0.1770 0.0001
v  -0.2884 -0.1466 0.0366
v  -0.2611 -0.1772 0.0265
v  -0.2829 -0.1463 0.0645
v  -0.2560 -0.1771 0.0523
v  -0.2750 -0.1452 0.0913
v  -0.2487 -0.1764 0.0771
v  -0.2647 -0.1432 0.1168
v  -0.2391 -0.1752 0.1008
v  -0.2518 -0.1405 0.1408
v  -0.2272 -0.1733 0.1234
v  -0.2363 -0.1371 0.1631
v  -0.2128 -0.1709 0.1447
v  -0.2183 -0.1333 0.1838
v  -0.1962 -0.1683 0.1645
v  -0.1985 -0.1297 0.2029
v  -0.1776 -0.1656 0.1828
v  -0.1772 -0.1265 0.2205
v  -0.1576 -0.1633 0.1997
v  -0.1552 -0.1241 0.2367
v  -0.1366 -0.1616 0.2150
v  -0.1331 -0.1225 0.2515
v  -0.1154 -0.1604 0.2290
v  -0.1120 -0.1218 0.2651
v  -0.0952 -0.1599 0.2418
v  -0.0929 -0.1218 0.2771
v  -0.0771 -0.1599 0.2532
v  -0.0770 -0.1224 0.2871
v  -0.0624 -0.1605 0.2628
v  -0.1560 -0.2095 -0.2059
v  -0.1378 -0.2112 -0.2200
v  -0.1335 -0.2360 -0.1827
v  -0.1182 -0.2376 -0.1955
v  -0.1735 -0.2081 -0.1895
v  -0.1484 -0.2347 -0.1684
v  -0.1895 -0.2069 -0.1708
v  -0.1620 -0.2337 -0.1523
v  -0.2032 -0.2059 -0.1500
v  -0.1738 -0.2329 -0.1347
v  -0.2144 -0.2053 -0.1276
v  -0.1836 -0.2323 -0.1157
v  -0.2230 -0.2050 -0.1041
v  -0.1913 -0.2320 -0.0956
v  -0.2290 -0.2050 -0.0798
v  -0.1968 -0.2319 -0.0748
v  -0.2328 -0.2052 -0.0552
v  -0.2002 -0.2321 -0.0537
v  -0.2343 -0.2055 -0.0307
v  -0.2017 -0.2323 -0.0324
v  -0.2337 -0.2059 -0.0065
v  -0.2012 -0.2326 -0.0112
v  -0.2310 -0.2061 0.0173
v  -0.1988 -0.2329 0.0096
v  -0.2263 -0.2061 0.0405
v  -0.1946 -0.2331 0.0301
v  -0.2195 -0.2059 0.0629
v  -0.1884 -0.2332 0.0499
v  -0.2107 -0.2052 0.0846
v  -0.1804 -0.2331 0.0692
v  -0.1997 -0.2042 0.1053
v  -0.1705 -0.2327 0.0877
v  -0.1866 -0.2029 0.1250
v  -0.1587 -0.2322 0.1054
v  -0.1715 -0.2013 0.1436
v  -0.1452 -0.2315 0.1222
v  -0.1546 -0.1996 0.1610
v  -0.1302 -0.2307 0.1380
v  -0.1361 -0.1981 0.1768
v  -0.1137 -0.2300 0.1524
v  -0.1165 -0.1970 0.1912
v  -0.0961 -0.2295 0.1656
v  -0.0966 -0.1963 0.2043
v  -0.0777 -0.2291 0.1775
v  -0.0775 -0.1958 0.2161
v  -0.0600 -0.2286 0.1883
v  -0.0606 -0.1957 0.2269
v  -0.0446 -0.2282 0.1984
v  -0.0473 -0.1961 0.2360
v  -0.0331 -0.2282 0.2071
v  -0.1092 -0.2595 -0.1580
v  -0.0966 -0.2608 -0.1692
v  -0.0840 -0.2798 -0.1325
v  -0.0740 -0.2808 -0.1424
v  -0.1216 -0.2584 -0.1456
v  -0.0939 -0.2789 -0.1219
v  -0.1329 -0.2575 -0.1321
v  -0.1031 -0.2782 -0.1108
v  -0.1429 -0.2568 -0.1174
v  -0.1111 -0.2777 -0.0989
v  -0.1512 -0.2564 -0.1016
v  -0.1180 -0.2773 -0.0862
v  -0.1578 -0.2561 -0.0849
v  -0.1234 -0.2772 -0.0727
v  -0.1627 -0.2561 -0.0676
v  -0.1274 -0.2771 -0.0588
v  -0.1657 -0.2562 -0.0499
v  -0.1299 -0.2773 -0.0444
v  -0.1671 -0.2564 -0.0319
v  -0.1311 -0.2775 -0.0298
v  -0.1667 -0.2568 -0.0140
v  -0.1308 -0.2778 -0.0151
v  -0.1647 -0.2571 0.0038
v  -0.1292 -0.2782 -0.0005
v  -0.1611 -0.2575 0.0213
v  -0.1261 -0.2785 0.0139
v  -0.1557 -0.2577 0.0385
v  -0.1217 -0.2789 0.0281
v  -0.1488 -0.2579 0.0551
v  -0.1160 -0.2792 0.0419
v  -0.1402 -0.2580 0.0712
v  -0.1090 -0.2795 0.0551
v  -0.1301 -0.2580 0.0866
v  -0.1008 -0.2798 0.0678
v  -0.1186 -0.2579 0.1011
v  -0.0914 -0.2801 0.0799
v  -0.1056 -0.2577 0.1147
v  -0.0808 -0.2803 0.0910
v  -0.0915 -0.2576 0.1272
v  -0.0693 -0.2805 0.1013
v  -0.0762 -0.2576 0.1386
v  -0.0567 -0.2807 0.1106
v  -0.0598 -0.2573 0.1490
v  -0.0427 -0.2798 0.1194
v  -0.0439 -0.2565 0.1587
v  -0.0293 -0.2786 0.1286
v  -0.0304 -0.2557 0.1683
v  -0.0184 -0.2777 0.1382
v  -0.0208 -0.2556 0.1766
v  -0.0108 -0.2774 0.1461
v  -0.0586 -0.2965 -0.1070
v  -0.0511 -0.2970 -0.1158
v  -0.0346 -0.3090 -0.0829
v  -0.0288 -0.3092 -0.0898
v  -0.0659 -0.2960 -0.0980
v  -0.0384 -0.3090 -0.0743
v  -0.0733 -0.2955 -0.0894
v  -0.0450 -0.3085 -0.0689
v  -0.0792 -0.2951 -0.0799
v  -0.0478 -0.3085 -0.0611
v  -0.0847 -0.2949 -0.0702
v  -0.0531 -0.3081 -0.0550
v  -0.0886 -0.2948 -0.0598
v  -0.0543 -0.3083 -0.0467
v  -0.0920 -0.2947 -0.0491
v  -0.0581 -0.3081 -0.0397
v  -0.0936 -0.2949 -0.0379
v  -0.0576 -0.3084 -0.0313
v  -0.0947 -0.2950 -0.0267
v  -0.0599 -0.3083 -0.0235
v  -0.0941 -0.2953 -0.0153
v  -0.0577 -0.3088 -0.0152
v  -0.0930 -0.2956 -0.0040
v  -0.0583 -0.3088 -0.0072
v  -0.0903 -0.2960 0.0072
v  -0.0547 -0.3094 0.0007
v  -0.0870 -0.2964 0.0182
v  -0.0536 -0.3095 0.0087
v  -0.0823 -0.2968 0.0288
v  -0.0488 -0.3100 0.0158
v  -0.0770 -0.2972 0.0390
v  -0.0462 -0.3102 0.0235
v  -0.0705 -0.2976 0.0488
v  -0.0402 -0.3107 0.0298
v  -0.0633 -0.2980 0.0579
v  -0.0363 -0.3109 0.0368
v  -0.0552 -0.2984 0.0665
v  -0.0293 -0.3113 0.0422
v  -0.0464 -0.2986 0.0743
v  -0.0242 -0.3111 0.0486
v  -0.0365 -0.2981 0.0816
v  -0.0164 -0.3109 0.0533
v  -0.0257 -0.2971 0.0896
v  -0.0094 -0.3099 0.0614
v  -0.0152 -0.2960 0.0986
v  -0.0015 -0.3091 0.0693
v  -0.0071 -0.2949 0.1095
v  0.0026 -0.3069 0.0843
v  -0.0021 -0.2941 0.1181
v  0.0038 -0.3040 0.0975
v  -0.0110 -0.3172 -0.0500
v  -0.0158 -0.3159 -0.0636
v  0.2739 0.2955 -0.2626
v  0.2487 0.2910 -0.2822
v  0.2533 0.2465 -0.2884
v  0.2794 0.2513 -0.2690
v  0.2227 0.2866 -0.3010
v  0.2264 0.2419 -0.3070
v  0.2411 0.3346 -0.2728
v  0.2161 0.3306 -0.2915
v  0.1887 0.3270 -0.3081
v  0.1946 0.2826 -0.3177
v  0.1977 0.2376 -0.3236
v  0.1636 0.2794 -0.3309
v  0.1665 0.2342 -0.3373
v  0.1579 0.3239 -0.3204
v  0.1248 0.3218 -0.3290
v  0.1301 0.2772 -0.3406
v  0.1330 0.2318 -0.3481
v  0.0954 0.2761 -0.3474
v  0.0982 0.2305 -0.3560
v  0.0952 0.3210 -0.3343
v  0.0910 0.3181 -0.3358
v  0.0605 0.2760 -0.3516
v  0.0630 0.2303 -0.3610
v  0.0283 0.2311 -0.3631
v  0.0343 0.2766 -0.3529
v  0.0266 0.2708 -0.3546
v  0.2550 0.2014 -0.2915
v  0.2819 0.2063 -0.2725
v  0.2538 0.1558 -0.2916
v  0.2811 0.1606 -0.2732
v  0.2274 0.1966 -0.3096
v  0.2256 0.1511 -0.3091
v  0.1981 0.1923 -0.3260
v  0.1961 0.1468 -0.3252
v  0.1668 0.1887 -0.3400
v  0.1650 0.1431 -0.3395
v  0.1337 0.1860 -0.3516
v  0.1325 0.1403 -0.3520
v  0.0992 0.1845 -0.3606
v  0.0985 0.1384 -0.3621
v  0.0640 0.1841 -0.3667
v  0.0637 0.1377 -0.3692
v  0.0291 0.1848 -0.3695
v  0.0288 0.1382 -0.3728
v  -0.0048 0.2326 -0.3628
v  -0.0043 0.1863 -0.3696
v  -0.0048 0.1398 -0.3733
v  -0.0352 0.1883 -0.3677
v  -0.0360 0.1418 -0.3715
v  -0.0213 0.2336 -0.3618
v  -0.0352 0.2225 -0.3627
v  -0.0627 0.1905 -0.3647
v  -0.0638 0.1441 -0.3684
v  -0.0878 0.1463 -0.3648
v  -0.0731 0.1915 -0.3632
v  -0.0869 0.1798 -0.3622
v  -0.0064 0.0932 -0.3741
v  0.0274 0.0916 -0.3734
v  -0.0088 0.0469 -0.3720
v  0.0251 0.0454 -0.3711
v  -0.0378 0.0953 -0.3723
v  -0.0406 0.0491 -0.3702
v  -0.0659 0.0976 -0.3692
v  -0.0689 0.0514 -0.3671
v  -0.0898 0.0998 -0.3657
v  -0.0929 0.0535 -0.3637
v  0.2495 0.1101 -0.2887
v  0.2767 0.1147 -0.2712
v  0.2425 0.0646 -0.2832
v  0.2689 0.0688 -0.2665
v  0.2213 0.1056 -0.3057
v  0.2150 0.0604 -0.2999
v  0.1921 0.1014 -0.3217
v  0.1864 0.0563 -0.3159
v  0.1616 0.0977 -0.3365
v  0.1567 0.0526 -0.3311
v  0.1298 0.0946 -0.3497
v  0.1258 0.0493 -0.3449
v  0.0966 0.0924 -0.3608
v  0.0934 0.0467 -0.3568
v  0.0622 0.0913 -0.3690
v  0.0596 0.0453 -0.3659
v  -0.0119 0.0014 -0.3665
v  0.0219 0.0000 -0.3653
v  -0.0152 -0.0428 -0.3576
v  0.0183 -0.0440 -0.3561
v  -0.0439 0.0035 -0.3650
v  -0.0470 -0.0409 -0.3560
v  -0.0727 0.0058 -0.3618
v  -0.0761 -0.0388 -0.3526
v  -0.0970 0.0077 -0.3586
v  -0.1015 -0.0370 -0.3494
v  0.2336 0.0195 -0.2753
v  0.2588 0.0233 -0.2591
v  0.2232 -0.0247 -0.2651
v  0.2472 -0.0214 -0.2489
v  0.2071 0.0156 -0.2918
v  0.1978 -0.0283 -0.2817
v  0.1794 0.0117 -0.3080
v  0.1712 -0.0320 -0.2980
v  0.1507 0.0080 -0.3235
v  0.1435 -0.0357 -0.3137
v  0.1206 0.0046 -0.3377
v  0.1145 -0.0391 -0.3280
v  0.0891 0.0019 -0.3500
v  0.0839 -0.0419 -0.3405
v  0.0561 0.0002 -0.3597
v  0.0517 -0.0437 -0.3503
v  -0.0181 -0.0850 -0.3447
v  0.0144 -0.0861 -0.3433
v  -0.0205 -0.1243 -0.3275
v  0.0105 -0.1256 -0.3264
v  -0.0490 -0.0832 -0.3430
v  -0.0496 -0.1226 -0.3255
v  -0.0778 -0.0813 -0.3391
v  -0.0775 -0.1208 -0.3217
v  -0.1043 -0.0799 -0.3359
v  -0.1032 -0.1196 -0.3189
v  0.2116 -0.0679 -0.2526
v  0.2345 -0.0650 -0.2363
v  0.1989 -0.1099 -0.2379
v  0.2209 -0.1074 -0.2212
v  0.1874 -0.0713 -0.2694
v  0.1758 -0.1129 -0.2550
v  0.1620 -0.0747 -0.2859
v  0.1515 -0.1161 -0.2717
v  0.1354 -0.0782 -0.3017
v  0.1261 -0.1192 -0.2873
v  0.1074 -0.0815 -0.3160
v  0.0993 -0.1221 -0.3013
v  0.0779 -0.0842 -0.3283
v  0.0710 -0.1244 -0.3130
v  0.0468 -0.0859 -0.3377
v  0.0413 -0.1257 -0.3216
v  -0.0224 -0.1602 -0.3062
v  0.0063 -0.1616 -0.3054
v  -0.0232 -0.1924 -0.2813
v  0.0027 -0.1939 -0.2803
v  -0.0495 -0.1585 -0.3044
v  -0.0481 -0.1908 -0.2800
v  -0.0757 -0.1569 -0.3011
v  -0.0719 -0.1895 -0.2775
v  -0.0993 -0.1559 -0.2988
v  -0.0930 -0.1888 -0.2759
v  0.1848 -0.1500 -0.2210
v  0.2058 -0.1479 -0.2040
v  0.1690 -0.1871 -0.2019
v  0.1890 -0.1854 -0.1850
v  0.1628 -0.1526 -0.2382
v  0.1482 -0.1892 -0.2186
v  0.1397 -0.1554 -0.2548
v  0.1264 -0.1914 -0.2345
v  0.1154 -0.1581 -0.2701
v  0.1034 -0.1934 -0.2487
v  0.0898 -0.1603 -0.2832
v  0.0794 -0.1946 -0.2607
v  0.0630 -0.1617 -0.2939
v  0.0544 -0.1951 -0.2701
v  0.0350 -0.1622 -0.3013
v  0.0287 -0.1948 -0.2766
v  -0.0220 -0.2211 -0.2535
v  0.0011 -0.2225 -0.2523
v  -0.0186 -0.2464 -0.2233
v  0.0016 -0.2477 -0.2221
v  -0.0443 -0.2197 -0.2527
v  -0.0382 -0.2453 -0.2230
v  -0.0655 -0.2187 -0.2511
v  -0.0566 -0.2445 -0.2221
v  -0.0835 -0.2181 -0.2502
v  -0.0717 -0.2440 -0.2219
v  0.1525 -0.2198 -0.1809
v  0.1712 -0.2188 -0.1652
v  0.1359 -0.2479 -0.1589
v  0.1531 -0.2475 -0.1449
v  0.1331 -0.2213 -0.1964
v  0.1184 -0.2487 -0.1727
v  0.1130 -0.2228 -0.2109
v  0.1002 -0.2496 -0.1855
v  0.0919 -0.2239 -0.2237
v  0.0814 -0.2501 -0.1967
v  0.0699 -0.2245 -0.2345
v  0.0621 -0.2502 -0.2062
v  0.0473 -0.2244 -0.2429
v  0.0422 -0.2497 -0.2136
v  0.0243 -0.2237 -0.2488
v  0.0220 -0.2489 -0.2189
v  -0.0135 -0.2684 -0.1915
v  0.0039 -0.2695 -0.1903
v  -0.0073 -0.2869 -0.1591
v  0.0074 -0.2878 -0.1577
v  -0.0305 -0.2675 -0.1917
v  -0.0217 -0.2861 -0.1597
v  -0.0461 -0.2668 -0.1916
v  -0.0350 -0.2854 -0.1608
v  -0.0585 -0.2663 -0.1921
v  -0.0451 -0.2849 -0.1621
v  0.1196 -0.2716 -0.1363
v  0.1349 -0.2716 -0.1242
v  0.1035 -0.2908 -0.1133
v  0.1170 -0.2911 -0.1034
v  0.1040 -0.2718 -0.1481
v  0.0901 -0.2906 -0.1231
v  0.0883 -0.2721 -0.1590
v  0.0769 -0.2905 -0.1321
v  0.0721 -0.2722 -0.1686
v  0.0636 -0.2903 -0.1399
v  0.0555 -0.2719 -0.1766
v  0.0500 -0.2900 -0.1465
v  0.0386 -0.2714 -0.1829
v  0.0360 -0.2894 -0.1516
v  0.0213 -0.2705 -0.1875
v  0.0218 -0.2887 -0.1554
v  -0.0003 -0.3017 -0.1270
v  0.0117 -0.3024 -0.1253
v  0.0068 -0.3123 -0.0970
v  0.0165 -0.3131 -0.0937
v  -0.0124 -0.3009 -0.1283
v  -0.0027 -0.3116 -0.0980
v  -0.0240 -0.3000 -0.1314
v  -0.0143 -0.3099 -0.1061
v  -0.0326 -0.2991 -0.1346
v  -0.0231 -0.3075 -0.1149
v  0.0880 -0.3056 -0.0908
v  0.0997 -0.3060 -0.0832
v  0.0738 -0.3158 -0.0701
v  0.0832 -0.3162 -0.0642
v  0.0768 -0.3052 -0.0982
v  0.0641 -0.3155 -0.0743
v  0.0663 -0.3049 -0.1055
v  0.0568 -0.3151 -0.0807
v  0.0558 -0.3046 -0.1113
v  0.0486 -0.3148 -0.0836
v  0.0452 -0.3042 -0.1167
v  0.0413 -0.3144 -0.0888
v  0.0343 -0.3037 -0.1204
v  0.0332 -0.3141 -0.0901
v  0.0232 -0.3031 -0.1236
v  0.0250 -0.3135 -0.0939
v  0.0083 -0.3182 -0.0659
v  0.0128 -0.3180 -0.0734
v  0.0276 -0.3219 -0.0129
v  0.0215 -0.3194 -0.0616
v  -0.0071 -0.3151 -0.0861
v  -0.0023 -0.3169 -0.0706
v  -0.0216 -0.3093 -0.1085
v  -0.0205 -0.3099 -0.1044
v  -0.0135 -0.3142 -0.0846
v  -0.0060 -0.3169 -0.0615
v  -0.0280 -0.3081 -0.1026
v  -0.0243 -0.3086 -0.1086
v  -0.0299 -0.3062 -0.1140
v  -0.1266 0.1034 -0.3567
v  -0.1430 0.1050 -0.3498
v  -0.1410 0.0581 -0.3496
v  -0.1267 0.0567 -0.3561
v  -0.1610 0.1067 -0.3401
v  -0.1580 0.0595 -0.3398
v  -0.1372 0.0114 -0.3476
v  -0.1264 0.0103 -0.3532
v  -0.1312 -0.0346 -0.3432
v  -0.1253 -0.0351 -0.3473
v  -0.1528 0.0127 -0.3377
v  -0.1456 -0.0332 -0.3326
v  -0.1242 -0.0786 -0.3341
v  -0.1230 -0.0786 -0.3369
v  -0.1194 -0.1186 -0.3183
v  -0.1194 -0.1189 -0.3211
v  -0.1380 -0.0770 -0.3226
v  -0.1317 -0.1170 -0.3077
v  -0.1142 -0.1548 -0.2988
v  -0.1141 -0.1553 -0.3012
v  -0.1072 -0.1875 -0.2764
v  -0.1068 -0.1881 -0.2784
v  -0.1251 -0.1531 -0.2892
v  -0.1167 -0.1858 -0.2678
v  -0.0979 -0.2165 -0.2505
v  -0.0966 -0.2173 -0.2524
v  -0.0856 -0.2423 -0.2221
v  -0.0837 -0.2431 -0.2239
v  -0.1057 -0.2150 -0.2433
v  -0.0920 -0.2409 -0.2161
v  -0.0708 -0.2647 -0.1923
v  -0.0687 -0.2655 -0.1937
v  -0.0545 -0.2836 -0.1626
v  -0.0527 -0.2843 -0.1633
v  -0.0759 -0.2636 -0.1874
v  -0.0586 -0.2826 -0.1590
v  -0.0384 -0.2985 -0.1343
v  -0.0366 -0.2992 -0.1336
v  -0.0419 -0.2974 -0.1330
v  -0.0228 -0.3157 -0.0529
v  -0.0164 -0.3170 -0.0419
v  -0.0284 -0.3156 -0.0430
v  -0.0200 -0.3170 -0.0334
v  -0.0316 -0.3156 -0.0323
v  -0.0217 -0.3171 -0.0243
v  -0.0325 -0.3158 -0.0210
v  -0.0215 -0.3174 -0.0150
v  -0.0311 -0.3162 -0.0097
v  -0.0195 -0.3177 -0.0057
v  -0.0275 -0.3167 0.0012
v  -0.0158 -0.3181 0.0030
v  -0.0220 -0.3173 0.0113
v  -0.0105 -0.3186 0.0111
v  -0.0147 -0.3178 0.0203
v  -0.0040 -0.3191 0.0184
v  -0.0064 -0.3182 0.0285
v  0.0037 -0.3192 0.0253
v  0.0037 -0.3177 0.0388
v  0.0124 -0.3184 0.0375
v  0.0110 -0.3141 0.0643
v  0.0174 -0.3175 0.0492
v  0.0071 -0.3068 0.0916
v  0.0087 -0.3080 0.0873
v  0.0165 -0.3144 0.0658
v  0.0267 -0.3193 0.0413
v  0.0153 -0.3076 0.0878
v  0.0254 -0.3108 0.0765
v  0.0082 -0.3067 0.0920
v  0.0086 -0.3042 0.0990
v  -0.0755 -0.0437 0.3421
v  -0.0631 -0.0453 0.3441
v  -0.0536 -0.0866 0.3234
v  -0.0654 -0.0850 0.3215
v  -0.0475 -0.0472 0.3444
v  -0.0387 -0.0886 0.3236
v  -0.0438 -0.1263 0.3001
v  -0.0544 -0.1248 0.2986
v  -0.0340 -0.1639 0.2742
v  -0.0431 -0.1625 0.2733
v  -0.0298 -0.1282 0.3000
v  -0.0212 -0.1656 0.2737
v  -0.0247 -0.1986 0.2457
v  -0.0319 -0.1976 0.2454
v  -0.0164 -0.2297 0.2151
v  -0.0217 -0.2291 0.2154
v  -0.0133 -0.2000 0.2448
v  -0.0067 -0.2308 0.2138
v  -0.0094 -0.2564 0.1833
v  -0.0128 -0.2562 0.1838
v  -0.0032 -0.2780 0.1512
v  -0.0053 -0.2780 0.1516
v  -0.0017 -0.2572 0.1816
v  0.0025 -0.2783 0.1498
v  0.0022 -0.2948 0.1204
v  0.0016 -0.2953 0.1197
v  0.0057 -0.2945 0.1204
v  0.0337 -0.3195 0.0468
v  0.0391 -0.3215 0.0343
v  0.0353 -0.3126 0.0733
v  0.0444 -0.3145 0.0691
v  0.2149 0.2030 0.3279
v  0.2512 0.2032 0.3053
v  0.2500 0.1552 0.3070
v  0.2133 0.1553 0.3289
v  0.2843 0.2064 0.2778
v  0.2839 0.1583 0.2797
v  0.3128 0.2120 0.2455
v  0.3133 0.1639 0.2472
v  0.3373 0.2168 0.2107
v  0.3385 0.1688 0.2121
v  0.3578 0.2209 0.1741
v  0.3592 0.1730 0.1752
v  0.3329 0.2632 0.2080
v  0.3525 0.2672 0.1720
v  0.3739 0.2245 0.1363
v  0.3750 0.1767 0.1374
v  0.3681 0.2707 0.1345
v  0.3779 0.2733 0.0962
v  0.3837 0.2273 0.0976
v  0.3859 0.1800 0.0989
v  0.3907 0.2302 0.0587
v  0.3933 0.1831 0.0601
v  0.3846 0.2758 0.0577
v  0.3896 0.2787 0.0190
v  0.3954 0.2331 0.0198
v  0.3978 0.1862 0.0212
v  0.3971 0.2358 -0.0193
v  0.3988 0.1888 -0.0178
v  0.3911 0.2811 -0.0197
v  0.3871 0.2820 -0.0572
v  0.3930 0.2372 -0.0575
v  0.3954 0.1907 -0.0564
v  0.3845 0.2366 -0.0939
v  0.3868 0.1906 -0.0934
v  0.3790 0.2810 -0.0927
v  0.3686 0.2787 -0.1260
v  0.3737 0.2346 -0.1279
v  0.3756 0.1889 -0.1281
v  0.3624 0.2319 -0.1600
v  0.3639 0.1863 -0.1606
v  0.3577 0.2760 -0.1573
v  0.3604 0.3210 -0.1222
v  0.3496 0.3182 -0.1526
v  0.3401 0.3160 -0.1813
v  0.3481 0.2735 -0.1865
v  0.3345 0.3145 -0.2053
v  0.3425 0.2716 -0.2105
v  0.3526 0.2293 -0.1896
v  0.3536 0.1836 -0.1905
v  0.3468 0.2272 -0.2139
v  0.3475 0.1813 -0.2151
v  0.2473 0.1064 0.3061
v  0.2107 0.1068 0.3275
v  0.1350 0.1126 0.3600
v  0.1731 0.1092 0.3451
v  0.1705 0.0612 0.3405
v  0.1331 0.0650 0.3550
v  0.2074 0.0585 0.3235
v  0.1754 0.1572 0.3470
v  0.2432 0.0574 0.3028
v  0.2813 0.1089 0.2796
v  0.2767 0.0593 0.2771
v  0.3110 0.1145 0.2472
v  0.3063 0.0646 0.2455
v  0.3367 0.1197 0.2121
v  0.3320 0.0702 0.2108
v  0.3576 0.1242 0.1755
v  0.3532 0.0751 0.1749
v  0.3732 0.1282 0.1379
v  0.3690 0.0794 0.1379
v  0.3850 0.1319 0.1000
v  0.3803 0.0833 0.1006
v  0.3923 0.1352 0.0616
v  0.3876 0.0868 0.0629
v  0.3966 0.1383 0.0231
v  0.3916 0.0899 0.0251
v  0.3974 0.1410 -0.0156
v  0.3922 0.0925 -0.0129
v  0.3943 0.1431 -0.0542
v  0.3894 0.0945 -0.0510
v  0.3856 0.1432 -0.0915
v  0.3803 0.0947 -0.0880
v  0.3740 0.1417 -0.1265
v  0.3683 0.0934 -0.1226
v  0.3619 0.1393 -0.1589
v  0.3560 0.0911 -0.1544
v  0.3511 0.1366 -0.1886
v  0.3452 0.0885 -0.1832
v  0.3446 0.1341 -0.2130
v  0.3384 0.0862 -0.2068
v  0.1677 0.0143 0.3326
v  0.1315 0.0183 0.3464
v  0.0596 -0.0177 0.3535
v  0.0250 -0.0133 0.3588
v  0.0215 0.0317 0.3732
v  0.0577 0.0273 0.3673
v  0.0947 0.0227 0.3581
v  0.0950 -0.0223 0.3452
v  0.1301 -0.0269 0.3344
v  0.0952 0.0693 0.3672
v  0.1648 -0.0311 0.3215
v  0.2033 0.0110 0.3163
v  0.1987 -0.0347 0.3061
v  0.2379 0.0093 0.2967
v  0.2315 -0.0370 0.2874
v  0.2704 0.0103 0.2722
v  0.2625 -0.0370 0.2645
v  0.2994 0.0149 0.2419
v  0.2901 -0.0335 0.2361
v  0.3244 0.0207 0.2081
v  0.3141 -0.0279 0.2039
v  0.3453 0.0261 0.1730
v  0.3340 -0.0224 0.1699
v  0.3607 0.0307 0.1370
v  0.3488 -0.0174 0.1352
v  0.3718 0.0348 0.1007
v  0.3600 -0.0131 0.1002
v  0.3791 0.0384 0.0641
v  0.3672 -0.0095 0.0649
v  0.3830 0.0415 0.0272
v  0.3705 -0.0066 0.0294
v  0.3830 0.0438 -0.0098
v  0.3703 -0.0045 -0.0064
v  0.3800 0.0455 -0.0469
v  0.3663 -0.0032 -0.0421
v  0.3706 0.0456 -0.0829
v  0.3569 -0.0031 -0.0765
v  0.3584 0.0444 -0.1163
v  0.3451 -0.0039 -0.1085
v  0.3463 0.0425 -0.1471
v  0.3335 -0.0054 -0.1380
v  0.3361 0.0403 -0.1745
v  0.3240 -0.0072 -0.1639
v  0.3295 0.0383 -0.1963
v  0.3175 -0.0089 -0.1842
v  0.0624 -0.0610 0.3365
v  0.0296 -0.0566 0.3412
v  -0.0070 -0.0094 0.3612
v  -0.0008 -0.0527 0.3432
v  0.0348 -0.0980 0.3208
v  0.0060 -0.0942 0.3225
v  0.0655 -0.1022 0.3168
v  0.0958 -0.0655 0.3291
v  0.0968 -0.1066 0.3102
v  0.1290 -0.0701 0.3193
v  0.1277 -0.1109 0.3013
v  0.1616 -0.0744 0.3073
v  0.1580 -0.1149 0.2901
v  0.1934 -0.0781 0.2927
v  0.1874 -0.1185 0.2764
v  0.2241 -0.0807 0.2751
v  0.2155 -0.1211 0.2599
v  0.2529 -0.0814 0.2538
v  0.2418 -0.1222 0.2401
v  0.2789 -0.0793 0.2278
v  0.2655 -0.1212 0.2165
v  0.3013 -0.0748 0.1979
v  0.2859 -0.1181 0.1895
v  0.3196 -0.0694 0.1657
v  0.3026 -0.1136 0.1599
v  0.3339 -0.0644 0.1327
v  0.3164 -0.1094 0.1293
v  0.3447 -0.0601 0.0993
v  0.3270 -0.1055 0.0980
v  0.3511 -0.0565 0.0655
v  0.3333 -0.1021 0.0660
v  0.3546 -0.0538 0.0315
v  0.3370 -0.0997 0.0338
v  0.3554 -0.0520 -0.0027
v  0.3359 -0.0979 0.0015
v  0.3503 -0.0509 -0.0367
v  0.3309 -0.0968 -0.0305
v  0.3407 -0.0505 -0.0692
v  0.3219 -0.0963 -0.0612
v  0.3293 -0.0510 -0.0997
v  0.3111 -0.0965 -0.0901
v  0.3181 -0.0522 -0.1280
v  0.3001 -0.0973 -0.1171
v  0.3088 -0.0536 -0.1526
v  0.2908 -0.0985 -0.1410
v  0.3024 -0.0550 -0.1719
v  0.2845 -0.0997 -0.1603
v  0.0400 -0.1373 0.2977
v  0.0129 -0.1337 0.2991
v  0.0445 -0.1738 0.2717
v  0.0193 -0.1706 0.2728
v  0.0686 -0.1411 0.2943
v  0.0707 -0.1772 0.2689
v  0.0974 -0.1450 0.2884
v  0.0969 -0.1805 0.2638
v  0.1258 -0.1488 0.2804
v  0.1225 -0.1837 0.2566
v  0.1535 -0.1525 0.2700
v  0.1475 -0.1868 0.2473
v  0.1802 -0.1557 0.2574
v  0.1714 -0.1895 0.2358
v  0.2056 -0.1581 0.2421
v  0.1939 -0.1916 0.2219
v  0.2291 -0.1593 0.2240
v  0.2148 -0.1929 0.2056
v  0.2504 -0.1591 0.2028
v  0.2335 -0.1931 0.1867
v  0.2688 -0.1573 0.1788
v  0.2498 -0.1923 0.1656
v  0.2842 -0.1545 0.1525
v  0.2635 -0.1907 0.1425
v  0.2968 -0.1514 0.1248
v  0.2745 -0.1889 0.1180
v  0.3064 -0.1485 0.0960
v  0.2827 -0.1868 0.0922
v  0.3124 -0.1456 0.0663
v  0.2875 -0.1846 0.0653
v  0.3148 -0.1432 0.0362
v  0.2891 -0.1826 0.0379
v  0.3130 -0.1412 0.0062
v  0.2882 -0.1814 0.0106
v  0.3087 -0.1403 -0.0235
v  0.2844 -0.1808 -0.0165
v  0.3009 -0.1399 -0.0524
v  0.2771 -0.1802 -0.0433
v  0.2907 -0.1398 -0.0798
v  0.2675 -0.1798 -0.0689
v  0.2799 -0.1403 -0.1053
v  0.2571 -0.1800 -0.0931
v  0.2704 -0.1413 -0.1287
v  0.2479 -0.1808 -0.1158
v  0.2640 -0.1425 -0.1485
v  0.2420 -0.1819 -0.1352
v  0.0475 -0.2074 0.2431
v  0.0244 -0.2046 0.2438
v  0.0484 -0.2376 0.2119
v  0.0276 -0.2351 0.2124
v  0.0712 -0.2102 0.2408
v  0.0694 -0.2399 0.2101
v  0.0945 -0.2129 0.2365
v  0.0900 -0.2420 0.2066
v  0.1174 -0.2155 0.2302
v  0.1098 -0.2440 0.2012
v  0.1394 -0.2180 0.2219
v  0.1289 -0.2459 0.1939
v  0.1604 -0.2201 0.2116
v  0.1470 -0.2475 0.1849
v  0.1802 -0.2219 0.1992
v  0.1639 -0.2489 0.1741
v  0.1983 -0.2230 0.1848
v  0.1794 -0.2498 0.1615
v  0.2146 -0.2234 0.1683
v  0.1932 -0.2504 0.1473
v  0.2287 -0.2233 0.1499
v  0.2052 -0.2506 0.1314
v  0.2405 -0.2226 0.1298
v  0.2152 -0.2505 0.1141
v  0.2500 -0.2217 0.1083
v  0.2230 -0.2501 0.0956
v  0.2569 -0.2205 0.0857
v  0.2287 -0.2496 0.0760
v  0.2610 -0.2193 0.0621
v  0.2319 -0.2490 0.0555
v  0.2622 -0.2180 0.0377
v  0.2327 -0.2482 0.0344
v  0.2608 -0.2170 0.0132
v  0.2311 -0.2474 0.0128
v  0.2568 -0.2163 -0.0113
v  0.2273 -0.2466 -0.0087
v  0.2502 -0.2156 -0.0356
v  0.2214 -0.2458 -0.0302
v  0.2415 -0.2151 -0.0591
v  0.2139 -0.2453 -0.0514
v  0.2323 -0.2151 -0.0818
v  0.2060 -0.2453 -0.0721
v  0.2242 -0.2157 -0.1031
v  0.1994 -0.2457 -0.0913
v  0.2193 -0.2166 -0.1206
v  0.1957 -0.2464 -0.1067
v  0.0469 -0.2639 0.1784
v  0.0284 -0.2613 0.1790
v  0.0432 -0.2854 0.1430
v  0.0273 -0.2826 0.1444
v  0.0652 -0.2659 0.1771
v  0.0587 -0.2875 0.1417
v  0.0828 -0.2675 0.1742
v  0.0732 -0.2888 0.1394
v  0.0997 -0.2690 0.1696
v  0.0869 -0.2899 0.1357
v  0.1158 -0.2703 0.1635
v  0.1000 -0.2909 0.1307
v  0.1309 -0.2715 0.1558
v  0.1122 -0.2918 0.1244
v  0.1450 -0.2725 0.1466
v  0.1235 -0.2925 0.1168
v  0.1578 -0.2733 0.1359
v  0.1338 -0.2931 0.1080
v  0.1692 -0.2739 0.1238
v  0.1429 -0.2936 0.0981
v  0.1791 -0.2742 0.1104
v  0.1507 -0.2939 0.0872
v  0.1873 -0.2744 0.0958
v  0.1572 -0.2941 0.0753
v  0.1937 -0.2744 0.0801
v  0.1622 -0.2942 0.0625
v  0.1981 -0.2742 0.0635
v  0.1657 -0.2940 0.0491
v  0.2006 -0.2738 0.0462
v  0.1676 -0.2937 0.0350
v  0.2011 -0.2732 0.0283
v  0.1681 -0.2933 0.0206
v  0.1996 -0.2725 0.0101
v  0.1669 -0.2928 0.0060
v  0.1963 -0.2718 -0.0082
v  0.1644 -0.2922 -0.0089
v  0.1913 -0.2711 -0.0266
v  0.1604 -0.2917 -0.0241
v  0.1852 -0.2707 -0.0451
v  0.1557 -0.2913 -0.0399
v  0.1788 -0.2706 -0.0636
v  0.1511 -0.2911 -0.0560
v  0.1738 -0.2709 -0.0807
v  0.1479 -0.2913 -0.0711
v  0.1713 -0.2715 -0.0940
v  0.1469 -0.2916 -0.0825
v  0.0386 -0.3014 0.1069
v  0.0258 -0.2988 0.1098
v  0.0510 -0.3036 0.1048
v  0.0620 -0.3051 0.1029
v  0.0523 -0.3156 0.0686
v  0.0724 -0.3062 0.0999
v  0.0592 -0.3167 0.0649
v  0.0823 -0.3069 0.0962
v  0.0662 -0.3173 0.0632
v  0.0917 -0.3075 0.0911
v  0.0723 -0.3179 0.0584
v  0.1003 -0.3080 0.0855
v  0.0788 -0.3182 0.0555
v  0.1080 -0.3085 0.0786
v  0.0837 -0.3186 0.0496
v  0.1150 -0.3088 0.0712
v  0.0893 -0.3187 0.0455
v  0.1208 -0.3090 0.0626
v  0.0927 -0.3189 0.0386
v  0.1259 -0.3091 0.0537
v  0.0973 -0.3188 0.0333
v  0.1296 -0.3091 0.0439
v  0.0991 -0.3189 0.0257
v  0.1325 -0.3090 0.0338
v  0.1024 -0.3187 0.0194
v  0.1340 -0.3088 0.0231
v  0.1025 -0.3187 0.0114
v  0.1347 -0.3084 0.0123
v  0.1045 -0.3184 0.0043
v  0.1340 -0.3080 0.0011
v  0.1029 -0.3183 -0.0039
v  0.1324 -0.3076 -0.0103
v  0.1034 -0.3179 -0.0118
v  0.1296 -0.3072 -0.0222
v  0.1004 -0.3177 -0.0206
v  0.1266 -0.3068 -0.0351
v  0.1003 -0.3172 -0.0308
v  0.1239 -0.3066 -0.0488
v  0.0987 -0.3169 -0.0418
v  0.1235 -0.3064 -0.0623
v  0.1033 -0.3160 -0.0546
v  0.1247 -0.3063 -0.0721
v  0.1093 -0.3143 -0.0640
v  0.0462 -0.3213 0.0424
v  0.0478 -0.3225 0.0315
v  0.0557 -0.3223 0.0385
v  0.0554 -0.3232 0.0276
v  0.0644 -0.3229 0.0332
v  0.0620 -0.3235 0.0224
v  0.0717 -0.3232 0.0264
v  0.0672 -0.3237 0.0161
v  0.0773 -0.3234 0.0182
v  0.0710 -0.3237 0.0088
v  0.0810 -0.3234 0.0087
v  0.0732 -0.3236 0.0005
v  0.0826 -0.3232 -0.0018
v  0.0735 -0.3233 -0.0084
v  0.0821 -0.3228 -0.0131
v  0.0723 -0.3228 -0.0186
v  0.0808 -0.3222 -0.0273
v  0.0732 -0.3220 -0.0328
v  0.0882 -0.3205 -0.0486
v  0.0759 -0.3217 -0.0432
v  0.1050 -0.3162 -0.0626
v  0.1025 -0.3170 -0.0600
v  0.0855 -0.3205 -0.0518
v  0.0646 -0.3214 -0.0449
v  0.0969 -0.3160 -0.0628
v  0.1055 -0.3165 -0.0609
v  0.1082 -0.3147 -0.0641
v  0.3361 0.3114 -0.2241
v  0.3330 0.3087 -0.2250
v  0.3398 0.2649 -0.2316
v  0.3434 0.2679 -0.2300
v  0.3199 0.3048 -0.2309
v  0.3265 0.2608 -0.2377
v  0.3440 0.2200 -0.2353
v  0.3475 0.2231 -0.2337
v  0.3446 0.1740 -0.2362
v  0.3482 0.1771 -0.2348
v  0.3301 0.2159 -0.2415
v  0.3304 0.1700 -0.2424
v  0.3406 0.1272 -0.2344
v  0.3444 0.1300 -0.2328
v  0.3312 0.0798 -0.2299
v  0.3359 0.0823 -0.2272
v  0.3259 0.1235 -0.2410
v  0.3161 0.0765 -0.2374
v  0.3170 0.0325 -0.2228
v  0.3235 0.0347 -0.2178
v  0.3017 -0.0138 -0.2128
v  0.3094 -0.0120 -0.2062
v  0.3025 0.0299 -0.2313
v  0.2880 -0.0159 -0.2218
v  0.2864 -0.0590 -0.2003
v  0.2941 -0.0576 -0.1936
v  0.2715 -0.1029 -0.1856
v  0.2779 -0.1017 -0.1803
v  0.2733 -0.0606 -0.2092
v  0.2588 -0.1040 -0.1937
v  0.2561 -0.1451 -0.1686
v  0.2607 -0.1441 -0.1661
v  0.2377 -0.1843 -0.1510
v  0.2411 -0.1835 -0.1503
v  0.2437 -0.1457 -0.1756
v  0.2258 -0.1845 -0.1571
v  0.2156 -0.2187 -0.1346
v  0.2188 -0.2182 -0.1339
v  0.1924 -0.2482 -0.1187
v  0.1954 -0.2479 -0.1180
v  0.2051 -0.2186 -0.1398
v  0.1834 -0.2480 -0.1229
v  0.1694 -0.2729 -0.1030
v  0.1716 -0.2727 -0.1029
v  0.1469 -0.2927 -0.0875
v  0.1481 -0.2927 -0.0883
v  0.1619 -0.2726 -0.1060
v  0.1411 -0.2924 -0.0893
v  0.1255 -0.3074 -0.0730
v  0.1252 -0.3075 -0.0742
v  0.1222 -0.3068 -0.0742
v  0.0626 -0.3209 -0.0542
v  0.0508 -0.3211 -0.0501
v  0.0494 -0.3203 -0.0614
v  0.0411 -0.3206 -0.0556
v  0.0382 -0.3196 -0.0671
v  0.0318 -0.3200 -0.0594
v  0.0265 -0.3190 -0.0707
v  0.3342 0.3132 -0.2198
v  0.3419 0.2699 -0.2252
v  0.3462 0.2253 -0.2287
v  0.3467 0.1793 -0.2300
v  0.3433 0.1321 -0.2279
v  0.3361 0.0843 -0.2216
v  0.3262 0.0365 -0.2105
v  0.3135 -0.0105 -0.1979
v  0.2983 -0.0563 -0.1852
v  0.2810 -0.1008 -0.1732
v  0.2615 -0.1434 -0.1612
v  0.2405 -0.1828 -0.1471
v  0.2183 -0.2174 -0.1310
v  0.1950 -0.2472 -0.1155
v  0.1711 -0.2721 -0.1012
v  0.1473 -0.2922 -0.0879
v  0.1247 -0.3070 -0.0751
v  0.2986 0.3002 -0.2443
v  0.3048 0.2562 -0.2510
v  0.3079 0.2112 -0.2547
v  0.3076 0.1655 -0.2557
v  0.3030 0.1192 -0.2542
v  0.2940 0.0728 -0.2506
v  0.2822 0.0268 -0.2439
v  0.2692 -0.0184 -0.2341
v  0.2555 -0.0625 -0.2214
v  0.2413 -0.1054 -0.2060
v  0.2258 -0.1465 -0.1882
v  0.2084 -0.1846 -0.1693
v  0.1893 -0.2184 -0.1507
v  0.1695 -0.2476 -0.1322
v  0.1496 -0.2720 -0.1135
v  0.1302 -0.2917 -0.0949
v  0.1122 -0.3065 -0.0774
v  -0.1742 0.0143 -0.3241
v  -0.1679 -0.0315 -0.3182
v  -0.1793 0.0611 -0.3268
v  -0.1613 -0.0747 -0.3075
v  -0.1540 -0.1145 -0.2929
v  -0.1452 -0.1507 -0.2755
v  -0.1341 -0.1836 -0.2555
v  -0.1202 -0.2130 -0.2325
v  -0.1036 -0.2393 -0.2067
v  -0.0850 -0.2622 -0.1793
v  -0.0652 -0.2817 -0.1517
v  -0.0456 -0.2973 -0.1254
v  -0.1097 0.1017 -0.3617
v  -0.1118 0.0552 -0.3603
v  -0.1082 0.1483 -0.3606
v  -0.1148 0.0092 -0.3561
v  -0.1187 -0.0359 -0.3482
v  -0.1213 -0.0791 -0.3358
v  -0.1185 -0.1190 -0.3192
v  -0.1130 -0.1555 -0.2995
v  -0.1054 -0.1885 -0.2768
v  -0.0943 -0.2178 -0.2511
v  -0.0807 -0.2437 -0.2229
v  -0.0658 -0.2660 -0.1931
v  -0.0506 -0.2847 -0.1629
v  -0.0357 -0.2993 -0.1341
v  -0.0876 -0.0423 0.3373
v  -0.0768 -0.0836 0.3170
v  -0.0646 -0.1234 0.2945
v  -0.0515 -0.1614 0.2697
v  -0.0383 -0.1968 0.2424
v  -0.0260 -0.2286 0.2129
v  -0.0155 -0.2559 0.1818
v  -0.0068 -0.2778 0.1503
v  0.0009 -0.2948 0.1200
v  -0.0268 -0.0496 0.3440
v  -0.0189 -0.0911 0.3232
v  -0.0343 -0.0064 0.3619
v  -0.0557 -0.0042 0.3622
v  -0.0109 -0.1307 0.2996
v  -0.0033 -0.1678 0.2732
v  0.0034 -0.2020 0.2441
v  0.0084 -0.2326 0.2127
v  0.0114 -0.2588 0.1799
v  0.0130 -0.2799 0.1469
v  0.0140 -0.2963 0.1153
v  -0.0548 -0.0017 0.3630
v  -0.0355 0.0025 0.3648
v  -0.0561 -0.0020 0.3629
v  -0.0629 -0.0034 0.3621
v  -0.0568 -0.0021 0.3629
v  -0.0704 -0.0049 0.3610
v  -0.0712 -0.0051 0.3609
v  -0.0815 -0.0069 0.3579
v  -0.0830 -0.0072 0.3574
v  -0.0848 -0.0074 0.3565
v  -0.0946 -0.0087 0.3514
v  -0.0976 -0.0090 0.3494
v  -0.1086 -0.0101 0.3421
v  -0.2370 -0.0225 0.2521
v  -0.2187 -0.0209 0.2661
v  -0.2430 -0.0230 0.2475
v  -0.1617 -0.0154 0.3058
v  -0.1470 -0.0139 0.3158
v  -0.1700 -0.0163 0.3002
v  -0.1400 -0.0132 0.3205
v  -0.1262 -0.0119 0.3299
v  -0.1210 -0.0113 0.3335
v  -0.2107 -0.0202 0.2718
v  -0.1942 -0.0187 0.2836
v  -0.1855 -0.0178 0.2896
v  -0.2886 -0.0256 0.2066
v  -0.2635 -0.0244 0.2303
v  -0.3324 -0.0239 0.1453
v  -0.3258 -0.0247 0.1577
v  -0.3405 -0.0227 0.1298
v  -0.3126 -0.0254 0.1771
v  -0.3083 -0.0257 0.1832
v  -0.2893 -0.0256 0.2057
v  -0.3481 -0.0208 0.1108
v  -0.3525 -0.0196 0.0995
v  -0.3594 -0.0163 0.0742
v  -0.3614 -0.0153 0.0668
v  -0.2064 0.0944 -0.3114
v  -0.1996 0.0968 -0.3159
v  -0.1820 0.1032 -0.3274
v  -0.2191 0.0897 -0.3023
v  -0.2345 0.0840 -0.2915
v  -0.1801 0.1039 -0.3286
v  -0.1699 0.1074 -0.3348
v  -0.3686 0.0041 -0.0415
v  -0.3666 -0.0105 0.0360
v  -0.3672 -0.0100 0.0322
v  -0.3698 -0.0036 -0.0035
v  -0.3681 0.0048 -0.0444
v  -0.3632 0.0129 -0.0802
v  -0.3613 0.0146 -0.0869
v  -0.3531 0.0229 -0.1196
v  -0.2987 0.0562 -0.2258
v  -0.3177 0.0462 -0.1971
v  -0.2653 0.0718 -0.2660
v  -0.2599 0.0740 -0.2704
v  -0.3482 0.0263 -0.1315
v  -0.3377 0.0342 -0.1589
v  -0.3275 0.0402 -0.1780
v  0.2000 0.2037 0.3351
v  0.2081 0.2118 0.3305
v  0.2149 0.2185 0.3266
v  0.1871 0.1911 0.3414
v  0.1762 0.1807 0.3466
v  0.1533 0.1590 0.3556
v  0.1656 0.1707 0.3507
v  0.0868 0.3150 -0.3372
v  0.0589 0.2948 -0.3463
v  0.0167 0.2632 -0.3562
v  -0.0052 0.2463 -0.3598
v  -0.1079 0.1617 -0.3596
v  -0.0976 0.1707 -0.3609
v  -0.0505 0.2100 -0.3630
v  -0.0626 0.2001 -0.3633
v  0.1440 0.1505 0.3587
v  0.1363 0.1434 0.3613
v  0.1057 0.1157 0.3695
v  0.1222 0.1306 0.3651
v  0.1005 0.1111 0.3706
v  0.0963 0.1074 0.3715
v  0.0073 0.0333 0.3743
v  -0.0039 0.0248 0.3721
v  -0.0103 0.0200 0.3707
v  0.0361 0.0563 0.3767
v  0.0572 0.0735 0.3771
v  0.0211 0.0441 0.3760
v  0.0156 0.0398 0.3754
v  0.0574 0.0737 0.3771
v  0.0573 0.0736 0.3771
v  0.0788 0.0922 0.3741
v  -0.0268 0.0077 0.3666
v  -0.0331 0.0030 0.3650
v  -0.1118 0.1583 -0.3588
v  -0.1215 0.1497 -0.3567
v  -0.1263 0.1454 -0.3555
v  -0.1250 0.1466 -0.3558
v  -0.1289 0.1429 -0.3544
v  -0.1433 0.1295 -0.3490
v  -0.1635 0.1097 -0.3386
v  -0.1627 0.1104 -0.3390
v  -0.1612 0.1120 -0.3399
v  -0.1577 0.1154 -0.3416
v  0.3619 0.2807 0.1430
v  0.3653 0.2828 0.1339
v  0.3510 0.2743 0.1714
v  0.3819 0.3015 0.0400
v  0.3842 0.3055 0.0190
v  0.3801 0.2982 0.0574
v  0.3770 0.2948 0.0747
v  0.3740 0.2907 0.0957
v  0.3708 0.2879 0.1090
v  0.3315 0.3353 -0.1897
v  0.3281 0.3369 -0.2012
v  0.3350 0.3337 -0.1780
v  0.3393 0.3324 -0.1675
v  0.3462 0.3303 -0.1504
v  0.3493 0.3294 -0.1430
v  0.3586 0.3268 -0.1213
v  0.2930 0.3381 -0.2342
v  0.2901 0.3380 -0.2358
v  0.3121 0.3386 -0.2231
v  0.3278 0.3399 -0.2184
v  0.3258 0.3395 -0.2180
v  0.3289 0.3400 -0.2183
v  0.3223 0.3393 -0.2194
v  0.3285 0.3397 -0.2170
v  0.3270 0.3392 -0.2151
v  0.3275 0.3382 -0.2094
v  0.2659 0.3378 -0.2530
v  0.2653 0.3378 -0.2534
v  0.2602 0.3378 -0.2573
v  0.2419 0.3378 -0.2706
v  0.2403 0.3378 -0.2718
v  0.2648 0.3378 -0.2537
v  0.2181 0.3375 -0.2867
v  0.2144 0.3374 -0.2893
v  0.1922 0.3367 -0.3016
v  0.1865 0.3365 -0.3048
v  0.3196 0.2604 0.2273
v  0.3104 0.2567 0.2410
v  0.3096 0.2564 0.2423
v  0.3484 0.2731 0.1767
v  0.3325 0.2655 0.2078
v  0.2856 0.2483 0.2705
v  0.2824 0.2472 0.2743
v  0.2580 0.2402 0.2961
v  0.2506 0.2381 0.3024
v  0.3315 0.2651 0.2094
v  0.2285 0.2326 0.3171
v  0.2284 0.2325 0.3172
v  0.1630 0.3350 -0.3139
v  0.1557 0.3345 -0.3165
v  0.1304 0.3324 -0.3233
v  0.1230 0.3318 -0.3252
v  0.1089 0.3304 -0.3281
v  0.3844 0.3079 0.0053
v  0.3840 0.3121 -0.0190
v  0.3843 0.3060 0.0163
v  0.3589 0.3267 -0.1206
v  0.3600 0.3263 -0.1175
v  0.3692 0.3233 -0.0932
v  0.3702 0.3229 -0.0904
v  0.3704 0.3228 -0.0899
v  0.3827 0.3136 -0.0284
v  0.3791 0.3179 -0.0556
v  0.3778 0.3186 -0.0605
# 2663 vertices

vn -0.6334 -0.1931 -0.7493
vn -0.6341 -0.1280 -0.7626
vn -0.5620 -0.1281 -0.8172
vn -0.5611 -0.1940 -0.8047
vn -0.5560 -0.2630 -0.7885
vn -0.6273 -0.2613 -0.7336
vn -0.6961 -0.2633 -0.6679
vn -0.7026 -0.1946 -0.6844
vn -0.7050 -0.1306 -0.6971
vn -0.7689 -0.1990 -0.6076
vn -0.7750 -0.1317 -0.6181
vn -0.7598 -0.2696 -0.5917
vn -0.8130 -0.2778 -0.5118
vn -0.8265 -0.2034 -0.5249
vn -0.8558 -0.2899 -0.4284
vn -0.8724 -0.2124 -0.4402
vn -0.8882 -0.3053 -0.3433
vn -0.9087 -0.2234 -0.3525
vn -0.9116 -0.3232 -0.2542
vn -0.9359 -0.2368 -0.2610
vn -0.9256 -0.3426 -0.1609
vn -0.9537 -0.2517 -0.1645
vn -0.9302 -0.3617 -0.0632
vn -0.9617 -0.2667 -0.0641
vn -0.9245 -0.3793 0.0377
vn -0.9591 -0.2803 0.0390
vn -0.9082 -0.3946 0.1399
vn -0.9457 -0.2917 0.1431
vn -0.5463 -0.3373 -0.7667
vn -0.6181 -0.3357 -0.7109
vn -0.5326 -0.4192 -0.7352
vn -0.6020 -0.4186 -0.6800
vn -0.6648 -0.4214 -0.6169
vn -0.6841 -0.3394 -0.6457
vn -0.7443 -0.3454 -0.5716
vn -0.7212 -0.4286 -0.5443
vn -0.7669 -0.4395 -0.4676
vn -0.7941 -0.3563 -0.4924
vn -0.8324 -0.3706 -0.4120
vn -0.8016 -0.4543 -0.3886
vn -0.8249 -0.4734 -0.3089
vn -0.8601 -0.3895 -0.3294
vn -0.8786 -0.4106 -0.2438
vn -0.8380 -0.4958 -0.2277
vn -0.8425 -0.5195 -0.1427
vn -0.8882 -0.4328 -0.1542
vn -0.8883 -0.4552 -0.0608
vn -0.8383 -0.5424 -0.0546
vn -0.8252 -0.5636 0.0369
vn -0.8789 -0.4757 0.0362
vn -0.8591 -0.4935 0.1356
vn -0.8032 -0.5815 0.1293
vn -0.7729 -0.5943 0.2223
vn -0.8303 -0.5063 0.2331
vn -0.8811 -0.4064 0.2417
vn -0.7919 -0.5148 0.3284
vn -0.8445 -0.4123 0.3419
vn -0.7345 -0.6023 0.3125
vn -0.6927 -0.6027 0.3962
vn -0.7453 -0.5170 0.4211
vn -0.7983 -0.4139 0.4375
vn -0.6954 -0.5124 0.5039
vn -0.7448 -0.4114 0.5254
vn -0.6465 -0.5983 0.4733
vn -0.5985 -0.5895 0.5425
vn -0.6453 -0.5027 0.5753
vn -0.6920 -0.4034 0.5987
vn -0.5947 -0.4932 0.6349
vn -0.6375 -0.3949 0.6615
vn -0.5524 -0.5783 0.6004
vn -0.5106 -0.5655 0.6476
vn -0.5471 -0.4807 0.6853
vn -0.5862 -0.3853 0.7127
vn -0.4723 -0.5524 0.6869
vn -0.5012 -0.4709 0.7260
vn -0.4366 -0.5409 0.7189
vn -0.4630 -0.4622 0.7563
vn -0.4064 -0.5341 0.7414
vn -0.4322 -0.4601 0.7756
vn -0.3729 -0.5313 0.7608
vn -0.3909 -0.4597 0.7974
vn -0.3991 -0.5320 0.7468
vn -0.4115 -0.4600 0.7868
vn -0.6224 -0.5161 0.5885
vn -0.6398 -0.4445 0.6269
vn -0.6548 -0.3606 0.6643
vn -0.4198 -0.3751 0.8265
vn -0.5117 -0.5080 -0.6929
vn -0.5774 -0.5072 -0.6397
vn -0.4810 -0.6021 -0.6372
vn -0.5419 -0.6014 -0.5871
vn -0.5951 -0.6034 -0.5308
vn -0.6358 -0.5100 -0.5793
vn -0.6880 -0.5164 -0.5098
vn -0.6423 -0.6085 -0.4660
vn -0.6796 -0.6164 -0.3977
vn -0.7296 -0.5266 -0.4363
vn -0.7605 -0.5399 -0.3608
vn -0.7070 -0.6269 -0.3273
vn -0.7249 -0.6398 -0.2553
vn -0.7811 -0.5565 -0.2830
vn -0.7913 -0.5761 -0.2048
vn -0.7339 -0.6545 -0.1815
vn -0.7341 -0.6706 -0.1066
vn -0.7918 -0.5976 -0.1260
vn -0.7842 -0.6188 -0.0449
vn -0.7259 -0.6870 -0.0322
vn -0.7104 -0.7024 0.0444
vn -0.7688 -0.6383 0.0398
vn -0.7456 -0.6544 0.1256
vn -0.6891 -0.7144 0.1219
vn -0.6626 -0.7227 0.1965
vn -0.7157 -0.6662 0.2095
vn -0.6820 -0.6714 0.2898
vn -0.6298 -0.7276 0.2719
vn -0.5939 -0.7281 0.3422
vn -0.6412 -0.6731 0.3684
vn -0.5980 -0.6688 0.4416
vn -0.5580 -0.7235 0.4064
vn -0.5213 -0.7153 0.4655
vn -0.5554 -0.6607 0.5049
vn -0.5161 -0.6493 0.5586
vn -0.4882 -0.7043 0.5154
vn -0.4566 -0.6930 0.5579
vn -0.4807 -0.6364 0.6032
vn -0.4471 -0.6238 0.6410
vn -0.4268 -0.6816 0.5944
vn -0.3986 -0.6714 0.6248
vn -0.4157 -0.6121 0.6727
vn -0.3876 -0.6027 0.6975
vn -0.3730 -0.6630 0.6491
vn -0.3437 -0.6568 0.6712
vn -0.3563 -0.5967 0.7190
vn -0.3828 -0.5967 0.7053
vn -0.3714 -0.6556 0.6575
vn -0.5796 -0.6290 0.5181
vn -0.5967 -0.5779 0.5567
vn -0.4387 -0.6995 -0.5642
vn -0.4921 -0.6992 -0.5186
vn -0.3960 -0.7840 -0.4781
vn -0.4370 -0.7849 -0.4394
vn -0.4764 -0.7847 -0.3966
vn -0.5392 -0.7002 -0.4680
vn -0.5809 -0.7032 -0.4099
vn -0.5119 -0.7854 -0.3479
vn -0.5411 -0.7871 -0.2961
vn -0.6141 -0.7076 -0.3494
vn -0.6386 -0.7142 -0.2866
vn -0.5640 -0.7895 -0.2422
vn -0.5801 -0.7928 -0.1870
vn -0.6555 -0.7219 -0.2217
vn -0.6644 -0.7309 -0.1558
vn -0.5908 -0.7963 -0.1295
vn -0.5957 -0.8000 -0.0713
vn -0.6665 -0.7402 -0.0884
vn -0.6620 -0.7492 -0.0200
vn -0.5955 -0.8033 -0.0114
vn -0.5902 -0.8057 0.0498
vn -0.6508 -0.7577 0.0485
vn -0.6346 -0.7638 0.1176
vn -0.5803 -0.8069 0.1104
vn -0.5661 -0.8064 0.1712
vn -0.6133 -0.7673 0.1873
vn -0.5877 -0.7683 0.2536
vn -0.5485 -0.8033 0.2323
vn -0.5276 -0.7987 0.2893
vn -0.5601 -0.7652 0.3173
vn -0.5302 -0.7597 0.3765
vn -0.5047 -0.7921 0.3434
vn -0.4803 -0.7843 0.3926
vn -0.5006 -0.7516 0.4295
vn -0.4716 -0.7416 0.4771
vn -0.4551 -0.7759 0.4368
vn -0.4283 -0.7679 0.4764
vn -0.4433 -0.7318 0.5176
vn -0.4155 -0.7223 0.5528
vn -0.4014 -0.7607 0.5102
vn -0.3732 -0.7552 0.5389
vn -0.3877 -0.7142 0.5827
vn -0.3619 -0.7081 0.6062
vn -0.3476 -0.7517 0.5604
vn -0.3264 -0.7478 0.5781
vn -0.3326 -0.7038 0.6277
vn -0.3629 -0.6994 0.6157
vn -0.3632 -0.7374 0.5695
vn -0.5713 -0.6813 0.4577
vn -0.5715 -0.6597 0.4880
vn -0.3634 -0.8483 -0.3853
vn -0.3847 -0.8492 -0.3617
vn -0.3288 -0.8981 -0.2920
vn -0.3310 -0.8991 -0.2866
vn -0.3525 -0.8978 -0.2640
vn -0.4142 -0.8483 -0.3299
vn -0.4456 -0.8476 -0.2879
vn -0.3781 -0.8965 -0.2307
vn -0.4006 -0.8953 -0.1947
vn -0.4708 -0.8476 -0.2450
vn -0.4913 -0.8478 -0.1998
vn -0.4181 -0.8946 -0.1579
vn -0.4323 -0.8937 -0.1202
vn -0.5069 -0.8484 -0.1526
vn -0.5175 -0.8492 -0.1052
vn -0.4426 -0.8931 -0.0803
vn -0.4491 -0.8926 -0.0397
vn -0.5243 -0.8497 -0.0552
vn -0.5264 -0.8502 -0.0041
vn -0.4527 -0.8917 0.0023
vn -0.4526 -0.8906 0.0445
vn -0.5248 -0.8499 0.0477
vn -0.5192 -0.8487 0.1007
vn -0.4495 -0.8890 0.0876
vn -0.4437 -0.8867 0.1301
vn -0.5098 -0.8467 0.1523
vn -0.4976 -0.8432 0.2035
vn -0.4344 -0.8841 0.1722
vn -0.4230 -0.8808 0.2129
vn -0.4818 -0.8385 0.2544
vn -0.4640 -0.8331 0.3012
vn -0.4091 -0.8770 0.2520
vn -0.3921 -0.8734 0.2890
vn -0.4443 -0.8269 0.3448
vn -0.4216 -0.8209 0.3852
vn -0.3741 -0.8696 0.3223
vn -0.3532 -0.8664 0.3530
vn -0.3983 -0.8151 0.4207
vn -0.3726 -0.8104 0.4521
vn -0.3305 -0.8638 0.3802
vn -0.3069 -0.8622 0.4031
vn -0.3451 -0.8070 0.4793
vn -0.3262 -0.8052 0.4953
vn -0.2952 -0.8615 0.4132
vn -0.3186 -0.8560 0.4072
vn -0.3258 -0.8005 0.5031
vn -0.3792 -0.7832 0.4928
vn -0.3889 -0.8345 0.3903
vn -0.5253 -0.7809 0.3380
vn -0.5578 -0.7212 0.4107
vn -0.2877 -0.9356 -0.2046
vn -0.2770 -0.9364 -0.2155
vn -0.2362 -0.9662 -0.1035
vn -0.2260 -0.9635 -0.1435
vn -0.2140 -0.9689 -0.1243
vn -0.2884 -0.9365 -0.1995
vn -0.3119 -0.9339 -0.1750
vn -0.2454 -0.9616 -0.1225
vn -0.2381 -0.9672 -0.0890
vn -0.3268 -0.9339 -0.1453
vn -0.3445 -0.9312 -0.1186
vn -0.2704 -0.9596 -0.0782
vn -0.2561 -0.9654 -0.0486
vn -0.3528 -0.9317 -0.0871
vn -0.3658 -0.9290 -0.0557
vn -0.2859 -0.9577 -0.0327
vn -0.2658 -0.9640 -0.0081
vn -0.3677 -0.9296 -0.0233
vn -0.3751 -0.9270 0.0079
vn -0.2925 -0.9562 0.0126
vn -0.2688 -0.9625 0.0353
vn -0.3719 -0.9274 0.0413
vn -0.3739 -0.9246 0.0735
vn -0.2918 -0.9545 0.0615
vn -0.2649 -0.9612 0.0770
vn -0.3657 -0.9247 0.1056
vn -0.3630 -0.9214 0.1384
vn -0.2847 -0.9528 0.1053
vn -0.2555 -0.9598 0.1160
vn -0.3508 -0.9213 0.1679
vn -0.3431 -0.9177 0.2005
vn -0.2706 -0.9513 0.1474
vn -0.2396 -0.9587 0.1534
vn -0.3271 -0.9176 0.2260
vn -0.3153 -0.9141 0.2551
vn -0.2502 -0.9501 0.1865
vn -0.2205 -0.9579 0.1837
vn -0.2958 -0.9146 0.2757
vn -0.2808 -0.9116 0.3002
vn -0.2248 -0.9495 0.2189
vn -0.1929 -0.9582 0.2112
vn -0.2575 -0.9133 0.3157
vn -0.2559 -0.9114 0.3222
vn -0.2153 -0.9500 0.2261
vn -0.2480 -0.9513 0.1830
vn -0.2932 -0.9067 0.3033
vn -0.3797 -0.8791 0.2882
vn -0.3180 -0.9272 0.1978
vn -0.4966 -0.8417 0.2119
vn -0.4996 -0.8275 0.2562
vn -0.1975 -0.9779 -0.0687
vn -0.1421 -0.9884 -0.0537
vn 0.6010 0.1697 -0.7810
vn 0.5770 0.2656 -0.7724
vn 0.6431 0.2678 -0.7174
vn 0.6693 0.1704 -0.7232
vn 0.5301 0.1670 -0.8313
vn 0.5082 0.2630 -0.8201
vn 0.4514 0.1645 -0.8770
vn 0.4325 0.2589 -0.8637
vn 0.3722 0.1632 -0.9137
vn 0.3558 0.2556 -0.8989
vn 0.2927 0.1637 -0.9421
vn 0.2802 0.2533 -0.9259
vn 0.2136 0.1660 -0.9627
vn 0.2053 0.2522 -0.9456
vn 0.1338 0.1689 -0.9765
vn 0.1297 0.2524 -0.9589
vn 0.6874 0.0717 -0.7227
vn 0.6200 0.0717 -0.7814
vn 0.7008 -0.0264 -0.7129
vn 0.6336 -0.0258 -0.7733
vn 0.5611 -0.0254 -0.8273
vn 0.5480 0.0702 -0.8335
vn 0.4676 0.0700 -0.8812
vn 0.4802 -0.0237 -0.8769
vn 0.3975 -0.0199 -0.9174
vn 0.3857 0.0709 -0.9199
vn 0.3041 0.0741 -0.9498
vn 0.3144 -0.0139 -0.9492
vn 0.2297 -0.0064 -0.9732
vn 0.2218 0.0792 -0.9719
vn 0.1376 0.0850 -0.9868
vn 0.1417 0.0016 -0.9899
vn 0.0495 0.0090 -0.9987
vn 0.0503 0.0904 -0.9946
vn -0.0358 0.0941 -0.9949
vn -0.0303 0.1737 -0.9843
vn 0.0512 0.1719 -0.9838
vn -0.0410 0.0147 -0.9991
vn -0.1336 0.0178 -0.9909
vn -0.1248 0.0957 -0.9876
vn 0.0500 -0.0719 -0.9962
vn -0.0448 -0.0645 -0.9969
vn 0.0511 -0.1528 -0.9869
vn -0.0470 -0.1440 -0.9885
vn -0.1459 -0.1372 -0.9797
vn -0.1411 -0.0597 -0.9882
vn -0.1903 -0.0584 -0.9800
vn -0.1814 0.0179 -0.9832
vn -0.1959 -0.1342 -0.9714
vn -0.0764 -0.1349 -0.9879
vn -0.0708 -0.0610 -0.9956
vn -0.0608 0.0139 -0.9981
vn 0.7056 -0.1219 -0.6981
vn 0.6417 -0.1210 -0.7574
vn 0.7050 -0.2125 -0.6766
vn 0.6451 -0.2117 -0.7342
vn 0.5765 -0.2074 -0.7904
vn 0.5705 -0.1183 -0.8127
vn 0.4906 -0.1148 -0.8638
vn 0.4980 -0.2015 -0.8434
vn 0.4172 -0.1937 -0.8880
vn 0.4081 -0.1082 -0.9065
vn 0.3241 -0.0999 -0.9407
vn 0.3324 -0.1842 -0.9250
vn 0.2436 -0.1738 -0.9542
vn 0.2371 -0.0908 -0.9672
vn 0.1459 -0.0811 -0.9860
vn 0.1502 -0.1630 -0.9751
vn 0.0525 -0.2337 -0.9709
vn -0.0472 -0.2238 -0.9735
vn 0.0547 -0.3147 -0.9476
vn -0.0457 -0.3042 -0.9515
vn -0.1456 -0.2947 -0.9444
vn -0.1471 -0.2154 -0.9654
vn -0.1974 -0.2107 -0.9574
vn -0.1948 -0.2887 -0.9374
vn -0.0707 -0.2853 -0.9558
vn -0.0762 -0.2094 -0.9749
vn 0.6966 -0.2957 -0.6537
vn 0.6433 -0.2957 -0.7062
vn 0.6851 -0.3709 -0.6270
vn 0.6352 -0.3729 -0.6763
vn 0.5773 -0.3706 -0.7276
vn 0.5797 -0.2916 -0.7608
vn 0.5034 -0.2843 -0.8159
vn 0.5050 -0.3642 -0.7825
vn 0.4262 -0.3558 -0.8317
vn 0.4231 -0.2759 -0.8630
vn 0.3388 -0.2661 -0.9024
vn 0.3423 -0.3465 -0.8734
vn 0.2523 -0.3366 -0.9072
vn 0.2493 -0.2555 -0.9341
vn 0.1538 -0.2445 -0.9574
vn 0.1565 -0.3256 -0.9325
vn 0.0565 -0.3959 -0.9165
vn -0.0430 -0.3853 -0.9218
vn 0.0578 -0.4774 -0.8768
vn -0.0396 -0.4673 -0.8832
vn -0.1354 -0.4574 -0.8789
vn -0.1412 -0.3752 -0.9161
vn -0.1882 -0.3685 -0.9104
vn -0.1787 -0.4509 -0.8745
vn -0.0435 -0.4447 -0.8946
vn -0.0601 -0.3635 -0.9297
vn 0.6663 -0.4390 -0.6028
vn 0.6207 -0.4428 -0.6470
vn 0.6439 -0.5004 -0.5788
vn 0.6004 -0.5052 -0.6199
vn 0.5511 -0.5094 -0.6609
vn 0.5687 -0.4436 -0.6926
vn 0.5012 -0.4405 -0.7448
vn 0.4894 -0.5106 -0.7070
vn 0.4177 -0.5077 -0.7535
vn 0.4249 -0.4335 -0.7947
vn 0.3418 -0.4255 -0.8379
vn 0.3374 -0.5023 -0.7962
vn 0.2503 -0.4948 -0.8322
vn 0.2533 -0.4162 -0.8733
vn 0.1583 -0.4065 -0.8998
vn 0.1566 -0.4868 -0.8593
vn 0.0564 -0.5583 -0.8277
vn -0.0374 -0.5500 -0.8343
vn 0.0502 -0.6366 -0.7696
vn -0.0376 -0.6314 -0.7746
vn -0.1230 -0.6254 -0.7706
vn -0.1289 -0.5412 -0.8310
vn -0.1673 -0.5356 -0.8277
vn -0.1548 -0.6221 -0.7675
vn -0.0028 -0.6092 -0.7930
vn -0.0247 -0.5276 -0.8491
vn 0.6171 -0.5574 -0.5555
vn 0.5747 -0.5633 -0.5936
vn 0.5862 -0.6122 -0.5306
vn 0.5446 -0.6183 -0.5667
vn 0.4980 -0.6251 -0.6010
vn 0.5273 -0.5691 -0.6310
vn 0.4686 -0.5736 -0.6719
vn 0.4407 -0.6319 -0.6376
vn 0.3767 -0.6371 -0.6725
vn 0.4010 -0.5759 -0.7124
vn 0.3254 -0.5745 -0.7510
vn 0.3047 -0.6404 -0.7050
vn 0.2254 -0.6412 -0.7335
vn 0.2420 -0.5714 -0.7842
vn 0.1519 -0.5656 -0.8106
vn 0.1407 -0.6399 -0.7555
vn 0.0408 -0.7112 -0.7018
vn -0.0389 -0.7110 -0.7021
vn 0.0259 -0.7815 -0.6234
vn -0.0441 -0.7849 -0.6181
vn -0.1081 -0.7852 -0.6097
vn -0.1175 -0.7092 -0.6951
vn -0.1414 -0.7072 -0.6928
vn -0.1210 -0.7808 -0.6130
vn 0.0349 -0.7531 -0.6570
vn 0.0178 -0.6869 -0.7265
vn 0.5513 -0.6633 -0.5060
vn 0.5103 -0.6704 -0.5387
vn 0.4996 -0.7188 -0.4835
vn 0.4636 -0.7285 -0.5044
vn 0.4204 -0.7362 -0.5304
vn 0.4639 -0.6784 -0.5697
vn 0.4088 -0.6862 -0.6017
vn 0.3670 -0.7449 -0.5572
vn 0.3077 -0.7538 -0.5807
vn 0.3469 -0.6939 -0.6310
vn 0.2785 -0.7006 -0.6569
vn 0.2434 -0.7623 -0.5997
vn 0.1732 -0.7703 -0.6137
vn 0.2041 -0.7057 -0.6785
vn 0.1239 -0.7095 -0.6937
vn 0.1005 -0.7767 -0.6218
vn 0.0082 -0.8451 -0.5346
vn -0.0474 -0.8485 -0.5270
vn -0.0090 -0.8998 -0.4362
vn -0.0474 -0.9020 -0.4291
vn -0.0569 -0.9009 -0.4303
vn -0.0859 -0.8484 -0.5224
vn -0.0806 -0.8408 -0.5352
vn -0.0289 -0.8913 -0.4525
vn 0.0645 -0.8658 -0.4962
vn 0.0501 -0.8109 -0.5831
vn 0.4114 -0.7877 -0.4586
vn 0.3959 -0.7975 -0.4553
vn 0.2986 -0.8613 -0.4111
vn 0.3099 -0.8687 -0.3864
vn 0.2876 -0.8722 -0.3956
vn 0.3613 -0.8034 -0.4733
vn 0.3119 -0.8111 -0.4948
vn 0.2444 -0.8772 -0.4132
vn 0.1975 -0.8828 -0.4262
vn 0.2579 -0.8189 -0.5127
vn 0.1984 -0.8269 -0.5262
vn 0.1483 -0.8879 -0.4355
vn 0.0967 -0.8926 -0.4404
vn 0.1370 -0.8341 -0.5344
vn 0.0737 -0.8400 -0.5376
vn 0.0440 -0.8966 -0.4406
vn -0.0245 -0.9417 -0.3356
vn -0.0459 -0.9415 -0.3340
vn -0.0371 -0.9733 -0.2264
vn -0.0385 -0.9688 -0.2449
vn 0.0109 -0.9698 -0.2437
vn -0.0236 -0.9402 -0.3399
vn 0.0304 -0.9249 -0.3790
vn 0.0298 -0.9585 -0.2837
vn 0.1178 -0.9145 -0.3871
vn 0.0878 -0.9045 -0.4173
vn 0.1928 -0.9204 -0.3400
vn 0.2207 -0.9252 -0.3087
vn 0.0875 -0.9623 -0.2574
vn 0.1330 -0.9629 -0.2348
vn 0.1231 -0.9692 -0.2135
vn 0.2066 -0.9283 -0.3090
vn 0.1739 -0.9295 -0.3252
vn 0.1101 -0.9642 -0.2412
vn 0.0732 -0.9708 -0.2284
vn 0.1355 -0.9336 -0.3318
vn 0.0980 -0.9348 -0.3413
vn 0.0536 -0.9663 -0.2519
vn 0.0163 -0.9724 -0.2327
vn 0.0570 -0.9384 -0.3407
vn 0.0171 -0.9391 -0.3432
vn -0.0051 -0.9677 -0.2520
vn -0.0185 -0.9840 -0.1774
vn -0.0204 -0.9914 -0.1296
vn -0.0468 -0.9920 -0.1169
vn -0.0429 -0.9990 0.0089
vn -0.0962 -0.9924 -0.0769
vn 0.0115 -0.9818 -0.1894
vn -0.1440 -0.9757 -0.1653
vn 0.0371 -0.9595 -0.2792
vn -0.1553 -0.9869 -0.0448
vn -0.2123 -0.9756 -0.0568
vn -0.2717 -0.9550 -0.1190
vn -0.3866 -0.9142 -0.1217
vn -0.3038 -0.9488 -0.0867
vn -0.6556 -0.1126 -0.7467
vn -0.6492 -0.0473 -0.7591
vn -0.3498 -0.0566 -0.9351
vn -0.3577 -0.1282 -0.9250
vn -0.6041 -0.1198 -0.7879
vn -0.5985 -0.0526 -0.7994
vn -0.3561 -0.2008 -0.9126
vn -0.6560 -0.1790 -0.7332
vn -0.3503 -0.2745 -0.8955
vn -0.6529 -0.2481 -0.7156
vn -0.6020 -0.2573 -0.7559
vn -0.6051 -0.1874 -0.7737
vn -0.3414 -0.3507 -0.8721
vn -0.6479 -0.3187 -0.6918
vn -0.3288 -0.4307 -0.8405
vn -0.6413 -0.3919 -0.6597
vn -0.5851 -0.4092 -0.7002
vn -0.5945 -0.3307 -0.7329
vn -0.3122 -0.5154 -0.7980
vn -0.6335 -0.4723 -0.6129
vn -0.2987 -0.6038 -0.7390
vn -0.6258 -0.5603 -0.5427
vn -0.5590 -0.5884 -0.5843
vn -0.5752 -0.4950 -0.6513
vn -0.2763 -0.6946 -0.6642
vn -0.6082 -0.6502 -0.4553
vn -0.2515 -0.7761 -0.5783
vn -0.5755 -0.7303 -0.3680
vn -0.5043 -0.7583 -0.4131
vn -0.5330 -0.6820 -0.5008
vn -0.2283 -0.8412 -0.4902
vn -0.5213 -0.7995 -0.2983
vn -0.2047 -0.8949 -0.3966
vn -0.4542 -0.8602 -0.2319
vn -0.4304 -0.8703 -0.2394
vn -0.4706 -0.8191 -0.3280
vn -0.1898 -0.9375 -0.2918
vn -0.3905 -0.9056 -0.1653
vn -0.3935 -0.9048 -0.1627
vn -0.1539 -0.9875 -0.0344
vn -0.1908 -0.9788 -0.0749
vn -0.1612 -0.9868 -0.0173
vn -0.2052 -0.9776 -0.0476
vn -0.1679 -0.9858 0.0100
vn -0.2168 -0.9761 -0.0112
vn -0.1687 -0.9852 0.0288
vn -0.2198 -0.9754 0.0165
vn -0.1675 -0.9848 0.0465
vn -0.2193 -0.9745 0.0485
vn -0.1608 -0.9845 0.0700
vn -0.2154 -0.9736 0.0750
vn -0.1536 -0.9844 0.0853
vn -0.2055 -0.9730 0.1047
vn -0.1436 -0.9846 0.0996
vn -0.1939 -0.9726 0.1281
vn -0.1305 -0.9851 0.1123
vn -0.1754 -0.9729 0.1509
vn -0.1610 -0.9818 0.1003
vn -0.1989 -0.9702 0.1385
vn -0.0866 -0.9900 0.1115
vn -0.2461 -0.9618 0.1201
vn -0.1171 -0.9661 0.2303
vn -0.3655 -0.9158 0.1667
vn -0.0160 -0.9901 0.1394
vn 0.0392 -0.9791 0.1994
vn 0.0166 -0.9688 0.2473
vn 0.0567 -0.9556 0.2893
vn 0.2244 -0.8971 0.3805
vn 0.1278 -0.9468 0.2955
vn 0.2410 -0.3600 0.9013
vn 0.2459 -0.2929 0.9240
vn -0.3123 -0.3645 0.8772
vn -0.3055 -0.4484 0.8400
vn -0.3007 -0.5238 0.7970
vn 0.2343 -0.4266 0.8736
vn 0.0920 -0.4685 0.8787
vn 0.1008 -0.3959 0.9127
vn 0.1113 -0.3203 0.9407
vn -0.2871 -0.5900 0.7546
vn 0.2292 -0.4899 0.8411
vn -0.2689 -0.6466 0.7139
vn 0.2295 -0.5534 0.8007
vn 0.0807 -0.6090 0.7891
vn 0.0819 -0.5394 0.8381
vn -0.2479 -0.6955 0.6744
vn 0.2492 -0.6142 0.7488
vn -0.2336 -0.7422 0.6281
vn 0.2610 -0.6775 0.6877
vn 0.1137 -0.7264 0.6778
vn 0.0891 -0.6726 0.7346
vn -0.2133 -0.7961 0.5664
vn 0.2495 -0.7482 0.6148
vn -0.1935 -0.8540 0.4829
vn 0.2183 -0.8241 0.5227
vn 0.1636 -0.8449 0.5094
vn 0.1382 -0.7844 0.6047
vn -0.1621 -0.9090 0.3840
vn 0.2090 -0.8820 0.4224
vn 0.1926 -0.8873 0.4191
vn -0.0533 -0.9897 0.1326
vn -0.0082 -0.9821 0.1880
vn -0.0448 -0.9696 0.2406
vn -0.0327 -0.9644 0.2623
vn 0.6308 -0.0070 0.7759
vn 0.6331 0.0581 0.7719
vn 0.5480 0.0568 0.8345
vn 0.5420 -0.0085 0.8403
vn 0.7126 -0.0051 0.7015
vn 0.7120 0.0607 0.6995
vn 0.7819 -0.0020 0.6234
vn 0.7810 0.0654 0.6211
vn 0.8412 0.0037 0.5407
vn 0.8409 0.0725 0.5362
vn 0.8924 0.0102 0.4511
vn 0.8914 0.0809 0.4460
vn 0.9347 0.0155 0.3550
vn 0.9321 0.0889 0.3511
vn 0.9671 0.0185 0.2539
vn 0.9626 0.0955 0.2536
vn 0.9523 0.1742 0.2507
vn 0.9227 0.1676 0.3472
vn 0.9884 0.0186 0.1508
vn 0.9832 0.0978 0.1539
vn 0.9716 0.1787 0.1549
vn 0.9938 0.0968 0.0550
vn 0.9817 0.1809 0.0594
vn 0.9987 0.0156 0.0491
vn 0.9988 0.0100 -0.0485
vn 0.9948 0.0934 -0.0411
vn 0.9829 0.1807 -0.0344
vn 0.9870 0.0885 -0.1339
vn 0.9756 0.1790 -0.1268
vn 0.9899 0.0029 -0.1416
vn 0.9733 -0.0048 -0.2295
vn 0.9710 0.0830 -0.2242
vn 0.9597 0.1767 -0.2183
vn 0.9490 0.0778 -0.3056
vn 0.9363 0.1748 -0.3045
vn 0.9517 -0.0121 -0.3068
vn 0.9237 -0.0176 -0.3828
vn 0.9191 0.0754 -0.3866
vn 0.9045 0.1746 -0.3891
vn 0.9206 0.0723 -0.3838
vn 0.9057 0.1725 -0.3871
vn 0.9256 -0.0212 -0.3779
vn 0.9921 -0.0219 -0.1233
vn 0.9903 0.0630 -0.1241
vn 0.9805 0.1530 -0.1235
vn 0.8797 0.2751 -0.3880
vn 0.9617 0.2462 -0.1206
vn 0.5340 -0.0701 0.8426
vn 0.6267 -0.0688 0.7762
vn 0.4258 -0.1361 0.8945
vn 0.4393 -0.0723 0.8954
vn 0.3413 -0.0749 0.9370
vn 0.3253 -0.1427 0.9348
vn 0.5251 -0.1322 0.8407
vn 0.4500 -0.0083 0.8930
vn 0.6207 -0.1295 0.7732
vn 0.7077 -0.1281 0.6948
vn 0.7113 -0.0669 0.6997
vn 0.7809 -0.0650 0.6212
vn 0.7780 -0.1245 0.6158
vn 0.8351 -0.1251 0.5356
vn 0.8391 -0.0623 0.5403
vn 0.8906 -0.0584 0.4511
vn 0.8858 -0.1253 0.4469
vn 0.9286 -0.1261 0.3490
vn 0.9335 -0.0564 0.3542
vn 0.9663 -0.0562 0.2511
vn 0.9609 -0.1285 0.2453
vn 0.9814 -0.1325 0.1388
vn 0.9876 -0.0582 0.1458
vn 0.9971 -0.0627 0.0421
vn 0.9898 -0.1385 0.0339
vn 0.9871 -0.1459 -0.0654
vn 0.9959 -0.0697 -0.0571
vn 0.9857 -0.0781 -0.1492
vn 0.9756 -0.1543 -0.1564
vn 0.9571 -0.1638 -0.2388
vn 0.9682 -0.0868 -0.2345
vn 0.9466 -0.0956 -0.3080
vn 0.9353 -0.1729 -0.3087
vn 0.9092 -0.1819 -0.3746
vn 0.9198 -0.1030 -0.3786
vn 0.9225 -0.1076 -0.3707
vn 0.9125 -0.1871 -0.3639
vn 0.9780 -0.1730 -0.1169
vn 0.9877 -0.1004 -0.1202
vn 0.3063 -0.2118 0.9281
vn 0.4099 -0.2039 0.8891
vn 0.0119 -0.2434 0.9698
vn -0.0074 -0.3249 0.9457
vn 0.0812 -0.3110 0.9469
vn 0.1037 -0.2336 0.9668
vn 0.1808 -0.2985 0.9371
vn 0.2042 -0.2226 0.9533
vn 0.2849 -0.2868 0.9146
vn 0.2234 -0.1487 0.9633
vn 0.3915 -0.2764 0.8777
vn 0.4991 -0.2685 0.8239
vn 0.5130 -0.1969 0.8355
vn 0.6131 -0.1934 0.7659
vn 0.5996 -0.2609 0.7566
vn 0.6895 -0.2525 0.6788
vn 0.7009 -0.1875 0.6882
vn 0.7726 -0.1845 0.6075
vn 0.7655 -0.2473 0.5941
vn 0.8240 -0.2486 0.5091
vn 0.8308 -0.1865 0.5244
vn 0.8792 -0.1908 0.4367
vn 0.8707 -0.2549 0.4207
vn 0.9087 -0.2620 0.3251
vn 0.9201 -0.1946 0.3398
vn 0.9511 -0.1994 0.2359
vn 0.9371 -0.2688 0.2228
vn 0.9540 -0.2754 0.1183
vn 0.9702 -0.2051 0.1293
vn 0.9770 -0.2116 0.0251
vn 0.9591 -0.2825 0.0159
vn 0.9538 -0.2895 -0.0801
vn 0.9730 -0.2190 -0.0730
vn 0.9602 -0.2270 -0.1626
vn 0.9404 -0.2966 -0.1666
vn 0.9208 -0.3045 -0.2436
vn 0.9411 -0.2357 -0.2424
vn 0.9192 -0.2449 -0.3085
vn 0.8983 -0.3136 -0.3078
vn 0.8720 -0.3239 -0.3671
vn 0.8931 -0.2547 -0.3708
vn 0.8967 -0.2606 -0.3578
vn 0.8757 -0.3304 -0.3521
vn 0.9458 -0.3052 -0.1108
vn 0.9637 -0.2408 -0.1149
vn -0.0298 -0.4064 0.9132
vn 0.0567 -0.3932 0.9177
vn -0.0908 -0.3366 0.9372
vn -0.1087 -0.4197 0.9011
vn -0.1258 -0.4993 0.8572
vn -0.0521 -0.4882 0.8712
vn 0.0320 -0.4776 0.8780
vn 0.1563 -0.3798 0.9118
vn 0.1296 -0.4663 0.8751
vn 0.2350 -0.4558 0.8585
vn 0.2608 -0.3680 0.8925
vn 0.3704 -0.3569 0.8576
vn 0.3446 -0.4451 0.8265
vn 0.4530 -0.4327 0.7794
vn 0.4792 -0.3472 0.8061
vn 0.5817 -0.3352 0.7411
vn 0.5549 -0.4199 0.7181
vn 0.6472 -0.4081 0.6439
vn 0.6722 -0.3261 0.6647
vn 0.7505 -0.3176 0.5795
vn 0.7265 -0.3991 0.5594
vn 0.7916 -0.3928 0.4682
vn 0.8132 -0.3152 0.4892
vn 0.8592 -0.3201 0.3991
vn 0.8402 -0.3922 0.3745
vn 0.8733 -0.3980 0.2811
vn 0.8937 -0.3287 0.3053
vn 0.9186 -0.3369 0.2067
vn 0.8949 -0.4057 0.1860
vn 0.9060 -0.4136 0.0903
vn 0.9328 -0.3446 0.1050
vn 0.9363 -0.3513 0.0060
vn 0.9077 -0.4197 -0.0030
vn 0.9003 -0.4257 -0.0907
vn 0.9299 -0.3577 -0.0855
vn 0.9158 -0.3643 -0.1692
vn 0.8858 -0.4319 -0.1699
vn 0.8655 -0.4389 -0.2415
vn 0.8958 -0.3719 -0.2435
vn 0.8728 -0.3808 -0.3054
vn 0.8412 -0.4487 -0.3019
vn 0.8114 -0.4605 -0.3599
vn 0.8454 -0.3916 -0.3633
vn 0.8486 -0.3992 -0.3472
vn 0.8140 -0.4677 -0.3445
vn 0.8963 -0.4310 -0.1046
vn 0.9232 -0.3689 -0.1081
vn -0.1408 -0.5741 0.8066
vn -0.0705 -0.5685 0.8197
vn -0.1444 -0.6447 0.7507
vn -0.0813 -0.6434 0.7612
vn -0.0084 -0.6416 0.7670
vn 0.0099 -0.5613 0.8275
vn 0.1043 -0.5542 0.8258
vn 0.0794 -0.6392 0.7650
vn 0.1744 -0.6352 0.7524
vn 0.2063 -0.5461 0.8119
vn 0.3120 -0.5364 0.7842
vn 0.2739 -0.6294 0.7272
vn 0.3743 -0.6219 0.6878
vn 0.4176 -0.5249 0.7417
vn 0.5192 -0.5127 0.6838
vn 0.4714 -0.6126 0.6344
vn 0.5607 -0.6021 0.5684
vn 0.6111 -0.5010 0.6129
vn 0.6908 -0.4904 0.5313
vn 0.6387 -0.5917 0.4919
vn 0.7036 -0.5816 0.4081
vn 0.7561 -0.4821 0.4425
vn 0.8063 -0.4769 0.3499
vn 0.7536 -0.5735 0.3211
vn 0.7899 -0.5677 0.2319
vn 0.8413 -0.4759 0.2564
vn 0.8620 -0.4797 0.1640
vn 0.8127 -0.5646 0.1441
vn 0.8234 -0.5643 0.0594
vn 0.8719 -0.4841 0.0737
vn 0.8718 -0.4897 -0.0132
vn 0.8244 -0.5656 -0.0225
vn 0.8174 -0.5676 -0.0978
vn 0.8638 -0.4949 -0.0947
vn 0.8489 -0.5006 -0.1694
vn 0.8031 -0.5715 -0.1687
vn 0.7825 -0.5766 -0.2350
vn 0.8275 -0.5082 -0.2388
vn 0.8018 -0.5175 -0.2988
vn 0.7598 -0.5819 -0.2901
vn 0.7343 -0.5872 -0.3407
vn 0.7727 -0.5270 -0.3539
vn 0.7789 -0.5307 -0.3341
vn 0.7424 -0.5889 -0.3194
vn 0.8314 -0.5496 -0.0821
vn 0.8659 -0.4909 -0.0963
vn -0.1441 -0.7071 0.6923
vn -0.0873 -0.7109 0.6979
vn -0.1295 -0.7651 0.6307
vn -0.0822 -0.7740 0.6278
vn -0.0269 -0.7817 0.6231
vn -0.0215 -0.7155 0.6983
vn 0.0564 -0.7192 0.6925
vn 0.0380 -0.7898 0.6122
vn 0.1104 -0.7971 0.5937
vn 0.1410 -0.7215 0.6779
vn 0.2302 -0.7223 0.6522
vn 0.1855 -0.8018 0.5680
vn 0.2619 -0.8046 0.5329
vn 0.3205 -0.7201 0.6154
vn 0.4084 -0.7158 0.5664
vn 0.3377 -0.8043 0.4889
vn 0.4089 -0.8008 0.4377
vn 0.4911 -0.7085 0.5068
vn 0.5647 -0.6994 0.4381
vn 0.4744 -0.7945 0.3792
vn 0.5325 -0.7856 0.3152
vn 0.6271 -0.6890 0.3633
vn 0.6772 -0.6787 0.2842
vn 0.5808 -0.7753 0.2480
vn 0.6194 -0.7644 0.1789
vn 0.7147 -0.6691 0.2039
vn 0.7403 -0.6607 0.1241
vn 0.6482 -0.7536 0.1093
vn 0.6677 -0.7432 0.0427
vn 0.7548 -0.6543 0.0463
vn 0.7603 -0.6490 -0.0270
vn 0.6786 -0.7342 -0.0236
vn 0.6816 -0.7264 -0.0880
vn 0.7575 -0.6456 -0.0971
vn 0.7473 -0.6441 -0.1635
vn 0.6779 -0.7201 -0.1477
vn 0.6684 -0.7151 -0.2047
vn 0.7321 -0.6432 -0.2243
vn 0.7134 -0.6439 -0.2765
vn 0.6550 -0.7125 -0.2517
vn 0.6436 -0.7080 -0.2909
vn 0.6920 -0.6447 -0.3248
vn 0.7035 -0.6432 -0.3023
vn 0.6665 -0.6979 -0.2622
vn 0.7570 -0.6526 -0.0321
vn 0.7952 -0.6029 -0.0645
vn -0.0873 -0.8260 0.5569
vn -0.0724 -0.8340 0.5470
vn -0.0432 -0.8843 0.4649
vn -0.0568 -0.8883 0.4558
vn -0.0315 -0.8932 0.4486
vn -0.0300 -0.8409 0.5404
vn 0.0265 -0.8497 0.5266
vn 0.0130 -0.8995 0.4366
vn 0.0602 -0.9059 0.4191
vn 0.0831 -0.8571 0.5084
vn 0.1448 -0.8635 0.4832
vn 0.1076 -0.9116 0.3968
vn 0.1552 -0.9153 0.3716
vn 0.2082 -0.8678 0.4513
vn 0.2689 -0.8693 0.4147
vn 0.2046 -0.9179 0.3400
vn 0.2507 -0.9185 0.3057
vn 0.3287 -0.8686 0.3709
vn 0.3842 -0.8650 0.3227
vn 0.2948 -0.9174 0.2674
vn 0.3359 -0.9145 0.2254
vn 0.4339 -0.8593 0.2708
vn 0.4784 -0.8515 0.2146
vn 0.3718 -0.9103 0.1820
vn 0.4038 -0.9047 0.1360
vn 0.5151 -0.8426 0.1571
vn 0.5441 -0.8331 0.1001
vn 0.4303 -0.8983 0.0891
vn 0.4506 -0.8917 0.0418
vn 0.5661 -0.8233 0.0415
vn 0.5802 -0.8143 -0.0164
vn 0.4658 -0.8849 -0.0054
vn 0.4750 -0.8784 -0.0517
vn 0.5879 -0.8058 -0.0712
vn 0.5890 -0.7985 -0.1246
vn 0.4785 -0.8727 -0.0970
vn 0.4768 -0.8678 -0.1404
vn 0.5839 -0.7925 -0.1762
vn 0.5767 -0.7890 -0.2119
vn 0.4735 -0.8659 -0.1610
vn 0.4865 -0.8623 -0.1403
vn 0.5802 -0.7834 -0.2229
vn 0.6172 -0.7664 -0.1781
vn 0.5290 -0.8451 -0.0772
vn 0.5987 -0.7980 0.0688
vn 0.6969 -0.7170 0.0156
vn -0.0102 -0.9318 0.3628
vn -0.0451 -0.9320 0.3596
vn -0.0352 -0.9353 0.3522
vn 0.0005 -0.9382 0.3462
vn -0.0135 -0.9663 0.2571
vn 0.0074 -0.9742 0.2256
vn 0.0367 -0.9440 0.3278
vn 0.0728 -0.9463 0.3149
vn 0.0389 -0.9709 0.2361
vn 0.0537 -0.9777 0.2030
vn 0.1071 -0.9505 0.2915
vn 0.1442 -0.9516 0.2713
vn 0.0911 -0.9743 0.2059
vn 0.1002 -0.9799 0.1722
vn 0.1776 -0.9538 0.2424
vn 0.2134 -0.9530 0.2153
vn 0.1410 -0.9758 0.1670
vn 0.1455 -0.9805 0.1322
vn 0.2415 -0.9531 0.1823
vn 0.2729 -0.9503 0.1500
vn 0.1843 -0.9754 0.1213
vn 0.1823 -0.9792 0.0886
vn 0.2943 -0.9488 0.1146
vn 0.3189 -0.9444 0.0797
vn 0.2196 -0.9731 0.0689
vn 0.2105 -0.9769 0.0380
vn 0.3328 -0.9421 0.0419
vn 0.3492 -0.9370 0.0055
vn 0.2433 -0.9699 0.0132
vn 0.2273 -0.9737 -0.0129
vn 0.3546 -0.9345 -0.0320
vn 0.3619 -0.9298 -0.0679
vn 0.2540 -0.9662 -0.0440
vn 0.2313 -0.9708 -0.0632
vn 0.3583 -0.9279 -0.1029
vn 0.3603 -0.9260 -0.1124
vn 0.2536 -0.9653 -0.0627
vn 0.2553 -0.9669 0.0013
vn 0.3751 -0.9245 -0.0682
vn 0.4302 -0.9027 0.0106
vn 0.3268 -0.9434 0.0570
vn 0.4735 -0.8601 0.1898
vn 0.5042 -0.8536 0.1313
vn -0.0239 -0.9916 0.1267
vn -0.0293 -0.9826 0.1831
vn 0.0007 -0.9931 0.1175
vn 0.0112 -0.9855 0.1695
vn 0.0266 -0.9944 0.1023
vn 0.0433 -0.9874 0.1522
vn 0.0519 -0.9954 0.0810
vn 0.0771 -0.9888 0.1282
vn 0.0717 -0.9958 0.0568
vn 0.1089 -0.9891 0.0995
vn 0.0876 -0.9957 0.0287
vn 0.1383 -0.9886 0.0589
vn 0.0961 -0.9954 0.0024
vn 0.1567 -0.9874 0.0209
vn 0.0993 -0.9948 -0.0243
vn 0.1660 -0.9858 -0.0248
vn 0.1176 -0.9929 0.0155
vn 0.1775 -0.9841 -0.0013
vn 0.0584 -0.9967 -0.0569
vn 0.2120 -0.9749 0.0685
vn 0.1938 -0.9689 -0.1541
vn 0.3457 -0.9299 0.1255
vn 0.0143 -0.9896 -0.1429
vn 0.0083 -0.9689 -0.2474
vn 0.0695 -0.9370 -0.3422
vn 0.0094 -0.8486 -0.5290
vn 0.0132 -0.9206 -0.3902
vn 0.2197 0.1420 -0.9652
vn 0.1948 0.2222 -0.9553
vn 0.7610 0.2794 -0.5855
vn 0.7859 0.1764 -0.5927
vn 0.4087 0.1609 -0.8984
vn 0.3876 0.2518 -0.8868
vn 0.8079 0.0742 -0.5846
vn 0.2521 0.0604 -0.9658
vn 0.8163 -0.0217 -0.5773
vn 0.2772 -0.0209 -0.9606
vn 0.4522 -0.0227 -0.8916
vn 0.4310 0.0688 -0.8997
vn 0.8204 -0.1123 -0.5607
vn 0.2952 -0.0988 -0.9503
vn 0.8117 -0.1957 -0.5503
vn 0.3000 -0.1736 -0.9380
vn 0.4649 -0.1955 -0.8635
vn 0.4634 -0.1115 -0.8791
vn 0.7981 -0.2735 -0.5369
vn 0.2944 -0.2428 -0.9243
vn 0.7753 -0.3464 -0.5282
vn 0.2736 -0.3092 -0.9108
vn 0.4340 -0.3473 -0.8313
vn 0.4551 -0.2746 -0.8471
vn 0.7464 -0.4185 -0.5175
vn 0.2465 -0.3710 -0.8953
vn 0.7145 -0.4861 -0.5032
vn 0.2294 -0.4263 -0.8750
vn 0.4019 -0.4700 -0.7858
vn 0.4146 -0.4120 -0.8114
vn 0.6890 -0.5457 -0.4769
vn 0.2252 -0.4770 -0.8496
vn 0.6612 -0.5990 -0.4517
vn 0.2140 -0.5219 -0.8257
vn 0.3665 -0.5738 -0.7324
vn 0.3877 -0.5238 -0.7585
vn 0.6300 -0.6487 -0.4270
vn 0.1939 -0.5557 -0.8085
vn 0.5938 -0.6984 -0.3994
vn 0.1779 -0.5911 -0.7867
vn 0.3056 -0.6445 -0.7008
vn 0.3399 -0.6121 -0.7140
vn 0.5396 -0.7619 -0.3582
vn 0.1762 -0.6623 -0.7283
vn 0.4580 -0.8374 -0.2984
vn 0.1475 -0.7610 -0.6318
vn 0.1702 -0.7859 -0.5944
vn 0.2519 -0.7007 -0.6676
vn 0.3398 -0.9085 -0.2433
vn 0.0629 -0.8330 -0.5497
vn 0.0738 -0.8434 -0.5323
vn 0.0396 -0.9929 -0.1123
vn 0.0458 -0.9807 -0.1903
vn 0.0129 -0.9928 -0.1195
vn 0.0591 -0.9838 -0.1694
vn -0.0194 -0.9924 -0.1213
vn 0.0159 -0.9842 -0.1763
vn -0.0265 -0.9842 -0.1749
vn 0.9895 0.1337 0.0541
vn 0.9750 0.2147 0.0578
vn 0.9986 -0.0188 0.0502
vn 0.9972 0.0557 0.0507
vn 0.9869 -0.1527 0.0526
vn 0.9948 -0.0881 0.0512
vn 0.9612 -0.2704 0.0548
vn 0.9756 -0.2131 0.0523
vn 0.9224 -0.3811 0.0628
vn 0.9435 -0.3262 0.0582
vn 0.8675 -0.4906 0.0818
vn 0.8972 -0.4363 0.0689
vn 0.7943 -0.5952 0.1218
vn 0.8348 -0.5409 0.1027
vn 0.6280 -0.7684 0.1235
vn 0.7290 -0.6735 0.1223
vn 0.5136 -0.8453 0.1473
vn 0.6625 0.1709 -0.7293
vn 0.6396 0.2685 -0.7203
vn 0.6947 -0.0263 -0.7188
vn 0.6817 0.0720 -0.7281
vn 0.6966 -0.2114 -0.6856
vn 0.7005 -0.1214 -0.7033
vn 0.6684 -0.3701 -0.6453
vn 0.6849 -0.2946 -0.6664
vn 0.6278 -0.4975 -0.5986
vn 0.6500 -0.4367 -0.6219
vn 0.5708 -0.6085 -0.5513
vn 0.6013 -0.5544 -0.5754
vn 0.4856 -0.7021 -0.5208
vn 0.5368 -0.6555 -0.5311
vn 0.2602 -0.8374 -0.4807
vn 0.3880 -0.7632 -0.5167
vn 0.1484 -0.8955 -0.4196
vn -0.5222 -0.1270 -0.8433
vn -0.5177 -0.0600 -0.8535
vn -0.5178 -0.2654 -0.8133
vn -0.5223 -0.1944 -0.8303
vn -0.4966 -0.4217 -0.7586
vn -0.5090 -0.3402 -0.7907
vn -0.4561 -0.6040 -0.6536
vn -0.4806 -0.5099 -0.7134
vn -0.3920 -0.7798 -0.4881
vn -0.4218 -0.6995 -0.5769
vn -0.3566 -0.8904 -0.2830
vn -0.3755 -0.8414 -0.3887
vn -0.3322 -0.9238 -0.1904
vn -0.0033 -0.1329 -0.9911
vn 0.0023 -0.0622 -0.9981
vn 0.0128 0.0100 -0.9999
vn 0.0059 -0.2765 -0.9610
vn -0.0021 -0.2042 -0.9789
vn 0.0406 -0.4288 -0.9025
vn 0.0203 -0.3509 -0.9362
vn 0.0919 -0.5844 -0.8063
vn 0.0645 -0.5078 -0.8590
vn 0.1304 -0.7233 -0.6781
vn 0.1188 -0.6568 -0.7447
vn 0.0834 -0.8582 -0.5065
vn 0.1139 -0.7905 -0.6018
vn 0.0503 -0.9143 -0.4018
vn -0.7454 -0.4788 0.4639
vn -0.7620 -0.4105 0.5008
vn -0.7792 -0.3294 0.5332
vn -0.6974 -0.5860 0.4126
vn -0.7214 -0.5379 0.4362
vn -0.6827 -0.6291 0.3718
vn -0.6899 -0.6107 0.3887
vn -0.5674 -0.7582 0.3213
vn -0.6391 -0.6811 0.3573
vn -0.5065 -0.8250 0.2505
vn -0.1239 -0.5039 0.8549
vn -0.1118 -0.4251 0.8982
vn -0.0965 -0.3436 0.9341
vn -0.1371 -0.6442 0.7525
vn -0.1344 -0.5765 0.8060
vn -0.1041 -0.7561 0.6461
vn -0.1321 -0.7042 0.6976
vn 0.0157 -0.8739 0.4858
vn -0.0456 -0.8139 0.5792
vn 0.0704 -0.9177 0.3909
vn -0.1256 -0.2942 0.9474
vn -0.0912 -0.3019 0.9490
vn -0.0832 -0.2953 0.9518
vn -0.0554 -0.2975 0.9531
vn 0.1024 -0.2836 0.9535
vn 0.2780 -0.2536 0.9265
vn 0.2500 -0.2586 0.9331
vn 0.2194 -0.2639 0.9393
vn -0.2751 -0.3229 0.9056
vn -0.7573 -0.2754 0.5922
vn -0.7851 -0.2853 0.5497
vn -0.8253 -0.2139 0.5226
vn -0.6698 -0.3111 0.6742
vn -0.4281 -0.3287 0.8419
vn -0.4676 -0.3282 0.8207
vn 0.2025 -0.9689 -0.1422
vn -0.3688 -0.4138 0.8323
vn -0.4273 -0.4228 0.7992
vn -0.4451 -0.4237 0.7889
vn -0.3979 -0.4216 0.8148
vn -0.3695 -0.4193 0.8292
vn -0.9709 -0.2122 -0.1110
vn -0.9629 -0.2086 -0.1714
vn -0.9727 -0.2214 -0.0698
vn -0.9333 -0.1881 -0.3060
vn -0.9136 -0.1856 -0.3619
vn -0.9429 -0.1965 -0.2690
vn -0.9568 -0.1998 -0.2111
vn 0.2226 -0.9569 -0.1863
vn -0.6075 -0.0194 -0.7941
vn -0.5140 -0.0262 -0.8574
vn -0.5192 -0.0872 -0.8502
vn 0.2225 -0.9569 -0.1865
vn -0.5214 -0.0956 -0.8479
vn -0.5548 -0.0960 -0.8264
vn -0.6007 -0.0952 -0.7938
vn -0.6263 -0.0979 -0.7734
vn -0.8025 -0.1636 -0.5738
vn -0.7696 -0.1013 -0.6304
vn -0.7433 -0.0984 -0.6616
vn -0.6975 -0.0998 -0.7096
vn -0.8263 -0.1692 -0.5372
vn -0.9002 -0.1786 -0.3972
vn -0.8745 -0.1770 -0.4516
vn -0.8582 -0.1702 -0.4844
vn -0.6684 -0.0970 -0.7375
vn -0.4606 -0.4213 0.7812
vn -0.4762 -0.4208 0.7722
vn -0.5416 -0.4236 0.7261
vn -0.5185 -0.4275 0.7406
vn -0.4969 -0.4248 0.7568
vn -0.6897 -0.3459 0.6362
vn -0.7162 -0.3491 0.6042
vn -0.6603 -0.3387 0.6703
vn -0.6337 -0.3374 0.6961
vn -0.6077 -0.3363 0.7195
vn -0.8866 -0.3550 0.2966
vn -0.9041 -0.3527 0.2414
vn -0.8684 -0.3571 0.3440
vn -0.7416 -0.3531 0.5704
vn -0.7706 -0.3548 0.5294
vn -0.7971 -0.3571 0.4869
vn -0.8235 -0.3577 0.4404
vn -0.8464 -0.3579 0.3944
vn -0.9189 -0.3454 0.1905
vn -0.9605 -0.2405 0.1400
vn -0.9744 -0.2247 -0.0089
vn -0.9721 -0.2321 0.0349
vn -0.9674 -0.2348 0.0949
vn 0.6182 -0.7520 -0.2286
vn 0.4027 -0.0225 0.9150
vn 0.4757 0.0224 0.8793
vn 0.4995 0.0239 0.8660
vn 0.5029 0.0415 0.8634
vn 0.0115 0.2127 -0.9771
vn 0.0674 0.2134 -0.9746
vn -0.0122 0.2144 -0.9767
vn 0.0912 0.2311 -0.9687
vn 0.1410 0.2953 -0.9449
vn -0.0711 0.1542 -0.9855
vn -0.0995 0.1346 -0.9859
vn -0.1747 0.0764 -0.9816
vn -0.1767 0.0562 -0.9827
vn -0.1752 0.0558 -0.9830
vn -0.1048 0.0520 -0.9931
vn 0.3711 -0.0430 0.9276
vn 0.3976 -0.0407 0.9166
vn 0.2901 -0.0908 0.9527
vn 0.2541 -0.1139 0.9604
vn 0.2833 -0.1102 0.9527
vn 0.0440 0.2933 -0.9550
vn -0.0266 -0.2966 0.9546
vn -0.0304 -0.2675 0.9631
vn 0.0363 -0.2036 0.9784
vn 0.6182 -0.7520 -0.2288
vn 0.1328 -0.1936 0.9721
vn 0.1636 -0.1887 0.9683
vn 0.1714 -0.1677 0.9708
vn 0.0635 -0.1987 0.9780
vn 0.6182 -0.7520 -0.2285
vn 0.0388 0.0458 -0.9982
vn -0.0332 -0.0081 -0.9994
vn 0.6183 -0.7521 -0.2284
vn -0.0366 -0.0263 -0.9990
vn -0.2060 -0.0244 -0.9782
vn -0.6214 -0.0142 -0.7834
vn -0.6328 -0.0156 -0.7742
vn -0.6735 -0.0147 -0.7390
vn 0.6687 0.0175 0.7433
vn 0.8636 0.1127 0.4915
vn 0.8412 0.1100 0.5294
vn 0.8906 0.1190 0.4390
vn 0.3094 0.2997 -0.9025
vn 0.3472 0.3018 -0.8879
vn 0.2743 0.2983 -0.9142
vn 0.3833 0.3039 -0.8722
vn 0.4209 0.3063 -0.8538
vn 0.4576 0.3084 -0.8339
vn 0.4932 0.3106 -0.8126
vn 0.5310 0.3109 -0.7883
vn 0.5634 0.3117 -0.7651
vn 0.5932 0.3138 -0.7414
vn 0.6270 0.3155 -0.7123
vn 0.2375 0.2966 -0.9250
vn 0.2023 0.2960 -0.9335
vn 0.8082 0.1041 0.5797
vn 0.7816 0.1019 0.6154
vn 0.7437 0.0986 0.6613
vn 0.7145 0.0980 0.6928
vn 0.6708 0.0946 0.7356
vn 0.6383 0.0942 0.7640
vn 0.5566 0.0922 0.8256
vn 0.5901 0.0921 0.8020
vn 0.5109 0.0952 0.8543
vn 0.1652 0.2947 -0.9412
vn 0.1631 0.2961 -0.9411
vn 0.9100 0.1302 0.3937
vn 0.9103 0.1279 0.3936
vn 0.9087 0.1219 0.3993
vn 0.9175 0.2074 0.3393
vn 0.1260 -0.9771 -0.1714
vn 0.9637 0.2207 0.1503
vn 0.9690 0.2218 0.1084
vn 0.9730 0.2241 0.0561
vn 0.9310 0.2101 0.2983
vn 0.9453 0.2155 0.2447
vn 0.9546 0.2172 0.2036
vn 0.9744 0.2244 0.0147
vn 0.9737 0.2249 -0.0361
vn 0.8723 0.2250 -0.4342
vn 0.8926 0.2242 -0.3913
vn 0.8702 0.2326 -0.4344
vn 0.9386 0.2239 -0.2625
vn 0.9496 0.2238 -0.2193
vn 0.9252 0.2242 -0.3062
vn 0.9595 0.2245 -0.1699
vn 0.9660 0.2248 -0.1279
vn 0.9713 0.2249 -0.0779
vn 0.8637 0.3255 -0.3848
vn -0.1252 0.9772 0.1712
vn 0.9662 0.2356 0.1046
vn 0.9491 0.2922 -0.1174
vn 0.9652 0.2534 0.0653
vn 0.8839 0.3216 -0.3395
vn 0.9118 0.2242 -0.3441
vn 0.6675 0.3093 -0.6774
vn 0.6269 0.3181 -0.7112
vn 0.6631 0.3170 -0.6781
vn 0.5848 0.3155 -0.7473
vn 0.3965 0.2957 -0.8691
vn 0.7323 0.3330 -0.5940
vn 0.2149 0.2697 -0.9387
vn 0.1780 0.2626 -0.9483
vn 0.1532 0.2553 -0.9546
vn 0.9671 0.2530 0.0253
vn 0.5526 0.0765 0.8300
vn 0.5960 0.0802 0.7989
vn 0.6028 0.1474 0.7842
vn 0.5508 0.1416 0.8226
vn 0.6082 0.2397 0.7567
vn 0.5467 0.2294 0.8053
vn 0.6878 0.1679 0.7063
vn 0.6902 0.2565 0.6766
vn 0.6791 0.0939 0.7281
vn 0.7676 0.1796 0.6152
vn 0.7273 0.1329 0.6733
vn 0.7603 0.1404 0.6343
vn 0.7607 0.2637 0.5931
vn 0.8265 0.1906 0.5297
vn 0.8143 0.2754 0.5110
vn 0.8728 0.2080 0.4416
vn 0.8576 0.2956 0.4209
vn 0.9110 0.2307 0.3418
vn 0.8903 0.3211 0.3230
vn 0.9374 0.2560 0.2362
vn 0.9111 0.3469 0.2226
vn 0.9510 0.2780 0.1351
vn 0.9206 0.3690 0.1275
vn 0.9217 0.3863 0.0361
vn 0.9384 0.3335 0.0906
vn 0.9392 0.3407 0.0429
vn 0.6053 0.3386 0.7203
vn 0.5426 0.3307 0.7721
vn 0.5879 0.4312 0.6844
vn 0.5319 0.4291 0.7300
vn 0.6770 0.3453 0.6500
vn 0.6530 0.4325 0.6217
vn 0.7433 0.3477 0.5715
vn 0.7160 0.4384 0.5433
vn 0.7963 0.3614 0.4851
vn 0.7681 0.4541 0.4515
vn 0.8342 0.3847 0.3951
vn 0.8021 0.4774 0.3587
vn 0.8600 0.4124 0.3004
vn 0.8205 0.5035 0.2708
vn 0.8751 0.4378 0.2065
vn 0.8304 0.5247 0.1876
vn 0.8803 0.4591 0.1196
vn 0.8326 0.5428 0.1101
vn 0.8790 0.4756 0.0354
vn 0.8292 0.5578 0.0345
vn 0.8712 0.4885 -0.0487
vn 0.8205 0.5701 -0.0435
vn 0.9148 0.4003 -0.0536
vn 0.9000 0.4103 -0.1470
vn 0.8555 0.4992 -0.1375
vn 0.8045 0.5804 -0.1262
vn 0.8302 0.5060 -0.2339
vn 0.7803 0.5872 -0.2153
vn 0.8744 0.4164 -0.2490
vn 0.8363 0.4175 -0.3555
vn 0.7936 0.5070 -0.3365
vn 0.7464 0.5887 -0.3103
vn 0.7443 0.5023 -0.4401
vn 0.7024 0.5831 -0.4083
vn 0.7850 0.4141 -0.4607
vn 0.7244 0.4081 -0.5556
vn 0.6863 0.4925 -0.5352
vn 0.6488 0.5710 -0.5030
vn 0.6251 0.4822 -0.6138
vn 0.5913 0.5565 -0.5837
vn 0.6623 0.4015 -0.6326
vn 0.5701 0.4734 -0.6714
vn 0.6128 0.4335 -0.6607
vn 0.5867 0.4375 -0.6814
vn 0.5412 0.5420 -0.6430
vn 0.5298 0.4656 -0.7089
vn 0.5027 0.5306 -0.6825
vn 0.5002 0.4606 -0.7333
vn 0.4748 0.5232 -0.7077
vn 0.4803 0.4578 -0.7481
vn 0.4567 0.5192 -0.7224
vn 0.4704 0.4566 -0.7552
vn 0.4490 0.5178 -0.7282
vn 0.4705 0.4558 -0.7556
vn 0.4518 0.5174 -0.7268
vn 0.4761 0.4550 -0.7525
vn 0.4606 0.5167 -0.7217
vn 0.4715 0.4543 -0.7558
vn 0.4606 0.5148 -0.7230
vn 0.5583 0.5280 0.6399
vn 0.5121 0.5264 0.6787
vn 0.5190 0.6353 0.5719
vn 0.4839 0.6292 0.6082
vn 0.6179 0.5319 0.5791
vn 0.5706 0.6420 0.5120
vn 0.6771 0.5419 0.4978
vn 0.6214 0.6500 0.4374
vn 0.7250 0.5566 0.4058
vn 0.6639 0.6564 0.3582
vn 0.7557 0.5725 0.3180
vn 0.6944 0.6621 0.2818
vn 0.7714 0.5894 0.2400
vn 0.7127 0.6686 0.2122
vn 0.7786 0.6046 0.1681
vn 0.7214 0.6763 0.1490
vn 0.7801 0.6178 0.0989
vn 0.7240 0.6840 0.0889
vn 0.7763 0.6297 0.0311
vn 0.7215 0.6919 0.0273
vn 0.7670 0.6404 -0.0394
vn 0.7132 0.7000 -0.0373
vn 0.7515 0.6495 -0.1153
vn 0.6993 0.7069 -0.1057
vn 0.7290 0.6559 -0.1962
vn 0.6793 0.7118 -0.1786
vn 0.6987 0.6577 -0.2816
vn 0.6526 0.7135 -0.2551
vn 0.6600 0.6535 -0.3705
vn 0.6189 0.7108 -0.3343
vn 0.6127 0.6426 -0.4601
vn 0.5792 0.7022 -0.4140
vn 0.5620 0.6259 -0.5407
vn 0.5380 0.6871 -0.4884
vn 0.5169 0.6072 -0.6034
vn 0.4990 0.6682 -0.5518
vn 0.4805 0.5916 -0.6474
vn 0.4638 0.6503 -0.6017
vn 0.4534 0.5810 -0.6760
vn 0.4353 0.6371 -0.6362
vn 0.4355 0.5750 -0.6926
vn 0.4153 0.6293 -0.6569
vn 0.4282 0.5730 -0.6988
vn 0.4056 0.6268 -0.6653
vn 0.4326 0.5732 -0.6959
vn 0.4097 0.6279 -0.6617
vn 0.4454 0.5730 -0.6880
vn 0.4285 0.6281 -0.6495
vn 0.4529 0.5701 -0.6854
vn 0.4482 0.6240 -0.6401
vn 0.4781 0.7315 0.4862
vn 0.4565 0.7235 0.5178
vn 0.4400 0.8000 0.4079
vn 0.4299 0.7944 0.4291
vn 0.5153 0.7367 0.4378
vn 0.4647 0.8029 0.3733
vn 0.5560 0.7394 0.3796
vn 0.4958 0.8034 0.3298
vn 0.5933 0.7401 0.3167
vn 0.5265 0.8024 0.2812
vn 0.6237 0.7394 0.2535
vn 0.5537 0.8002 0.2303
vn 0.6454 0.7391 0.1929
vn 0.5755 0.7980 0.1786
vn 0.6587 0.7401 0.1354
vn 0.5912 0.7964 0.1277
vn 0.6648 0.7427 0.0799
vn 0.6008 0.7957 0.0771
vn 0.6650 0.7465 0.0237
vn 0.6048 0.7960 0.0250
vn 0.6598 0.7506 -0.0352
vn 0.6035 0.7968 -0.0292
vn 0.6491 0.7544 -0.0972
vn 0.5970 0.7976 -0.0859
vn 0.6328 0.7570 -0.1628
vn 0.5853 0.7977 -0.1451
vn 0.6106 0.7574 -0.2315
vn 0.5684 0.7964 -0.2067
vn 0.5827 0.7546 -0.3016
vn 0.5467 0.7928 -0.2693
vn 0.5509 0.7477 -0.3707
vn 0.5215 0.7866 -0.3306
vn 0.5175 0.7361 -0.4363
vn 0.4942 0.7779 -0.3881
vn 0.4838 0.7211 -0.4960
vn 0.4651 0.7674 -0.4413
vn 0.4503 0.7051 -0.5478
vn 0.4339 0.7560 -0.4900
vn 0.4198 0.6915 -0.5879
vn 0.4024 0.7454 -0.5314
vn 0.3950 0.6827 -0.6147
vn 0.3721 0.7378 -0.5632
vn 0.3797 0.6800 -0.6272
vn 0.3465 0.7365 -0.5810
vn 0.3826 0.6823 -0.6229
vn 0.3454 0.7400 -0.5772
vn 0.4090 0.6825 -0.6058
vn 0.3832 0.7379 -0.5557
vn 0.4438 0.6764 -0.5878
vn 0.4397 0.7262 -0.5285
vn 0.4045 0.8488 0.3404
vn 0.4030 0.8450 0.3516
vn 0.3677 0.8874 0.2781
vn 0.3751 0.8843 0.2780
vn 0.4194 0.8504 0.3178
vn 0.3736 0.8888 0.2655
vn 0.4420 0.8500 0.2866
vn 0.3903 0.8876 0.2448
vn 0.4664 0.8489 0.2486
vn 0.4082 0.8872 0.2151
vn 0.4893 0.8472 0.2072
vn 0.4276 0.8854 0.1823
vn 0.5082 0.8455 0.1640
vn 0.4421 0.8850 0.1459
vn 0.5232 0.8437 0.1201
vn 0.4556 0.8835 0.1087
vn 0.5330 0.8428 0.0753
vn 0.4630 0.8836 0.0697
vn 0.5387 0.8420 0.0290
vn 0.4691 0.8826 0.0301
vn 0.5397 0.8417 -0.0193
vn 0.4692 0.8830 -0.0111
vn 0.5365 0.8410 -0.0699
vn 0.4681 0.8820 -0.0538
vn 0.5286 0.8400 -0.1224
vn 0.4614 0.8818 -0.0974
vn 0.5167 0.8378 -0.1761
vn 0.4536 0.8799 -0.1417
vn 0.5007 0.8344 -0.2303
vn 0.4407 0.8782 -0.1858
vn 0.4815 0.8292 -0.2839
vn 0.4264 0.8749 -0.2298
vn 0.4590 0.8227 -0.3353
vn 0.4073 0.8716 -0.2727
vn 0.4332 0.8156 -0.3836
vn 0.3863 0.8674 -0.3136
vn 0.4045 0.8082 -0.4279
vn 0.3604 0.8636 -0.3525
vn 0.3740 0.8017 -0.4663
vn 0.3278 0.8608 -0.3892
vn 0.3370 0.7977 -0.5002
vn 0.2675 0.8636 -0.4274
vn 0.2958 0.8024 -0.5184
vn 0.2262 0.8659 -0.4461
vn 0.2980 0.8037 -0.5151
vn 0.2647 0.8604 -0.4355
vn 0.3577 0.7936 -0.4921
vn 0.3502 0.8393 -0.4158
vn 0.4373 0.7725 -0.4604
vn 0.4333 0.8111 -0.3929
vn 0.3241 0.9210 0.2162
vn 0.3382 0.9196 0.1998
vn 0.2688 0.9505 0.1557
vn 0.2479 0.9602 0.1289
vn 0.3183 0.9244 0.2103
vn 0.2332 0.9619 0.1430
vn 0.3339 0.9207 0.2019
vn 0.2691 0.9500 0.1584
vn 0.3432 0.9225 0.1766
vn 0.2496 0.9604 0.1235
vn 0.3634 0.9190 0.1530
vn 0.2932 0.9485 0.1202
vn 0.3697 0.9212 0.1211
vn 0.2686 0.9594 0.0857
vn 0.3853 0.9182 0.0922
vn 0.3100 0.9480 0.0728
vn 0.3856 0.9208 0.0594
vn 0.2795 0.9591 0.0451
vn 0.3955 0.9181 0.0276
vn 0.3169 0.9482 0.0231
vn 0.3900 0.9208 -0.0054
vn 0.2826 0.9592 0.0019
vn 0.3939 0.9183 -0.0399
vn 0.3143 0.9489 -0.0276
vn 0.3833 0.9207 -0.0726
vn 0.2781 0.9596 -0.0421
vn 0.3816 0.9180 -0.1078
vn 0.3032 0.9498 -0.0767
vn 0.3666 0.9198 -0.1398
vn 0.2664 0.9601 -0.0855
vn 0.3590 0.9168 -0.1750
vn 0.2838 0.9508 -0.1242
vn 0.3393 0.9180 -0.2055
vn 0.2466 0.9605 -0.1290
vn 0.3250 0.9149 -0.2392
vn 0.2524 0.9518 -0.1742
vn 0.2952 0.9164 -0.2704
vn 0.2008 0.9612 -0.1890
vn 0.2463 0.9153 -0.3187
vn 0.1824 0.9523 -0.2446
vn 0.1890 0.9179 -0.3489
vn 0.1367 0.9581 -0.2515
vn 0.1956 0.9127 -0.3587
vn 0.1816 0.9444 -0.2740
vn 0.2583 0.9046 -0.3391
vn 0.2085 0.9475 -0.2423
vn 0.3639 0.8729 -0.3251
vn 0.3507 0.9067 -0.2344
vn 0.4301 0.8401 -0.3306
vn 0.2691 0.8992 -0.3451
vn 0.0998 0.9936 0.0530
vn 0.2011 0.9722 0.1198
vn -0.5606 -0.2350 0.7940
vn -0.5622 -0.2206 0.7971
vn -0.5636 -0.1241 0.8167
vn -0.5648 -0.1406 0.8132
vn -0.5151 -0.2047 0.8323
vn -0.5203 -0.1083 0.8471
vn -0.5481 -0.3258 0.7704
vn -0.4977 -0.3158 0.8078
vn -0.3961 -0.3095 0.8645
vn -0.4253 -0.1959 0.8836
vn -0.4405 -0.0980 0.8924
vn -0.3132 -0.2036 0.9276
vn -0.3443 -0.1044 0.9330
vn -0.2734 -0.3155 0.9087
vn -0.1881 -0.3213 0.9281
vn -0.2205 -0.2206 0.9501
vn -0.2560 -0.1251 0.9585
vn -0.1488 -0.2338 0.9608
vn -0.1764 -0.1467 0.9733
vn -0.1594 -0.2965 0.9416
vn -0.1458 -0.2783 0.9493
vn -0.0839 -0.2420 0.9667
vn -0.1005 -0.1637 0.9814
vn -0.0313 -0.1737 0.9843
vn -0.0516 -0.2257 0.9728
vn -0.0364 -0.2104 0.9769
vn -0.5594 -0.0320 0.8283
vn -0.5646 -0.0484 0.8239
vn -0.5501 0.0591 0.8330
vn -0.5603 0.0437 0.8272
vn -0.5165 -0.0153 0.8561
vn -0.5108 0.0714 0.8567
vn -0.4473 -0.0070 0.8943
vn -0.4558 0.0724 0.8871
vn -0.3686 -0.0165 0.9294
vn -0.3933 0.0580 0.9176
vn -0.2906 -0.0389 0.9561
vn -0.3235 0.0339 0.9456
vn -0.2094 -0.0649 0.9757
vn -0.2430 0.0057 0.9700
vn -0.1252 -0.0885 0.9882
vn -0.1523 -0.0213 0.9881
vn -0.0449 -0.1046 0.9935
vn -0.0598 -0.0405 0.9974
vn 0.0248 -0.1777 0.9838
vn 0.0233 -0.1121 0.9934
vn 0.0196 -0.0490 0.9986
vn 0.0753 -0.1134 0.9907
vn 0.0794 -0.0520 0.9955
vn 0.0511 -0.1603 0.9857
vn 0.0641 -0.1447 0.9874
vn 0.1159 -0.1112 0.9870
vn 0.1245 -0.0525 0.9908
vn 0.1696 -0.0532 0.9841
vn 0.1364 -0.0952 0.9861
vn 0.1514 -0.0801 0.9852
vn 0.0187 0.0138 0.9997
vn -0.0734 0.0225 0.9970
vn 0.0184 0.0815 0.9965
vn -0.0843 0.0933 0.9921
vn 0.0837 0.0093 0.9965
vn 0.0869 0.0742 0.9935
vn 0.1286 0.0069 0.9917
vn 0.1299 0.0709 0.9890
vn 0.1714 0.0018 0.9852
vn 0.1632 0.0635 0.9846
vn -0.5406 0.1424 0.8291
vn -0.5532 0.1327 0.8224
vn -0.5381 0.2147 0.8151
vn -0.5481 0.2141 0.8086
vn -0.5096 0.1459 0.8480
vn -0.5149 0.2096 0.8312
vn -0.4683 0.1398 0.8724
vn -0.4831 0.1982 0.8528
vn -0.4182 0.1228 0.9000
vn -0.4413 0.1813 0.8788
vn -0.3562 0.0993 0.9291
vn -0.3842 0.1609 0.9091
vn -0.2774 0.0714 0.9581
vn -0.3084 0.1375 0.9412
vn -0.1800 0.0431 0.9827
vn -0.2056 0.1130 0.9721
vn 0.0151 0.1575 0.9874
vn -0.0945 0.1718 0.9806
vn 0.0142 0.2446 0.9695
vn -0.1009 0.2554 0.9616
vn 0.0897 0.1493 0.9847
vn 0.0969 0.2398 0.9660
vn 0.1307 0.1477 0.9804
vn 0.1341 0.2427 0.9608
vn 0.1438 0.1415 0.9794
vn 0.1099 0.2414 0.9642
vn -0.5429 0.2788 0.7922
vn -0.5500 0.2857 0.7847
vn -0.5528 0.3373 0.7620
vn -0.5558 0.3481 0.7549
vn -0.5259 0.2678 0.8073
vn -0.5393 0.3232 0.7776
vn -0.4992 0.2533 0.8286
vn -0.5141 0.3082 0.8004
vn -0.4601 0.2375 0.8555
vn -0.4753 0.2938 0.8293
vn -0.4055 0.2209 0.8870
vn -0.4187 0.2814 0.8634
vn -0.3297 0.2045 0.9217
vn -0.3395 0.2720 0.9004
vn -0.2229 0.1885 0.9564
vn -0.2308 0.2651 0.9362
vn 0.0221 0.3459 0.9380
vn -0.0954 0.3492 0.9322
vn 0.0373 0.4537 0.8904
vn -0.0734 0.4542 0.8879
vn 0.1101 0.3451 0.9321
vn 0.1179 0.4523 0.8840
vn 0.1397 0.3478 0.9271
vn 0.1332 0.4491 0.8835
vn 0.0749 0.3457 0.9353
vn 0.0566 0.4417 0.8954
vn -0.5633 0.3922 0.7273
vn -0.5622 0.4044 0.7213
vn -0.5701 0.4509 0.6868
vn -0.5645 0.4621 0.6839
vn -0.5518 0.3780 0.7434
vn -0.5591 0.4385 0.7037
vn -0.5263 0.3641 0.7684
vn -0.5306 0.4285 0.7313
vn -0.4847 0.3534 0.8001
vn -0.4831 0.4242 0.7659
vn -0.4237 0.3470 0.8367
vn -0.4149 0.4269 0.8035
vn -0.3387 0.3451 0.8753
vn -0.3217 0.4355 0.8408
vn -0.2258 0.3473 0.9101
vn -0.2015 0.4469 0.8716
vn 0.0470 0.5588 0.8280
vn -0.0504 0.5623 0.8254
vn 0.0454 0.6541 0.7550
vn -0.0363 0.6580 0.7521
vn 0.1145 0.5530 0.8253
vn 0.0985 0.6469 0.7562
vn 0.1200 0.5445 0.8302
vn 0.0974 0.6365 0.7651
vn 0.0392 0.5332 0.8451
vn 0.0193 0.6204 0.7841
vn -0.5667 0.5188 0.6401
vn -0.5574 0.5257 0.6426
vn -0.5441 0.5930 0.5936
vn -0.5349 0.5917 0.6031
vn -0.5542 0.5127 0.6557
vn -0.5256 0.5966 0.6065
vn -0.5191 0.5113 0.6849
vn -0.4811 0.6053 0.6341
vn -0.4609 0.5168 0.7214
vn -0.4133 0.6185 0.6683
vn -0.3808 0.5292 0.7583
vn -0.3270 0.6339 0.7009
vn -0.2796 0.5455 0.7901
vn -0.2300 0.6482 0.7259
vn -0.1638 0.5587 0.8130
vn -0.1306 0.6568 0.7427
vn 0.0404 0.7328 0.6792
vn -0.0262 0.7343 0.6783
vn 0.0345 0.7963 0.6039
vn -0.0175 0.7966 0.6042
vn 0.0784 0.7274 0.6817
vn 0.0591 0.7926 0.6069
vn 0.0715 0.7181 0.6923
vn 0.0481 0.7847 0.6180
vn 0.0062 0.7016 0.7125
vn -0.0035 0.7706 0.6374
vn -0.4994 0.6649 0.5554
vn -0.4930 0.6566 0.5708
vn -0.4423 0.7315 0.5190
vn -0.4370 0.7206 0.5382
vn -0.4771 0.6750 0.5628
vn -0.4210 0.7425 0.5210
vn -0.4298 0.6880 0.5848
vn -0.3765 0.7549 0.5371
vn -0.3625 0.7025 0.6124
vn -0.3141 0.7677 0.5585
vn -0.2813 0.7159 0.6390
vn -0.2407 0.7792 0.5788
vn -0.1937 0.7261 0.6598
vn -0.1624 0.7880 0.5938
vn -0.1068 0.7323 0.6726
vn -0.0860 0.7937 0.6022
vn 0.0283 0.8479 0.5294
vn -0.0096 0.8480 0.5298
vn 0.0211 0.8909 0.4537
vn -0.0026 0.8921 0.4519
vn 0.0408 0.8447 0.5338
vn 0.0193 0.8873 0.4608
vn 0.0252 0.8365 0.5474
vn -0.0047 0.8759 0.4825
vn -0.0143 0.8239 0.5665
vn -0.0291 0.8636 0.5034
vn -0.3748 0.7948 0.4773
vn -0.3678 0.7835 0.5009
vn -0.2972 0.8532 0.4287
vn -0.2842 0.8424 0.4578
vn -0.3580 0.8046 0.4738
vn -0.2880 0.8616 0.4180
vn -0.3198 0.8143 0.4845
vn -0.2598 0.8674 0.4244
vn -0.2650 0.8244 0.5001
vn -0.2140 0.8750 0.4342
vn -0.2002 0.8333 0.5152
vn -0.1604 0.8806 0.4459
vn -0.1320 0.8406 0.5254
vn -0.1025 0.8864 0.4514
vn -0.0662 0.8452 0.5303
vn -0.0475 0.8894 0.4546
vn 0.0105 0.9270 0.3748
vn 0.0048 0.9311 0.3647
vn 0.0062 0.9577 0.2876
vn 0.0225 0.9688 0.2466
vn -0.0066 0.9252 0.3794
vn 0.0112 0.9673 0.2533
vn -0.0518 0.9064 0.4192
vn -0.0693 0.9425 0.3270
vn -0.0376 0.8948 0.4448
vn 0.1182 0.9373 0.3279
vn -0.2125 0.9037 0.3718
vn -0.1871 0.8967 0.4011
vn -0.1242 0.9455 0.3009
vn -0.0877 0.9546 0.2847
vn -0.2100 0.9132 0.3492
vn -0.1136 0.9629 0.2448
vn -0.1966 0.9133 0.3567
vn -0.1288 0.9514 0.2798
vn -0.1581 0.9209 0.3564
vn -0.0840 0.9657 0.2458
vn -0.1183 0.9213 0.3705
vn -0.0755 0.9550 0.2867
vn -0.0686 0.9278 0.3668
vn -0.0232 0.9679 0.2502
vn -0.0276 0.9270 0.3741
vn -0.0103 0.9577 0.2877
vn 0.1314 0.9902 0.0476
vn -0.0029 0.9783 0.2070
vn 0.0607 0.9981 0.0127
vn 0.0568 0.9959 0.0702
vn 0.0742 0.9834 0.1658
vn 0.1058 0.9936 0.0387
vn 0.3117 0.9415 0.1278
vn 0.2552 0.9642 0.0725
vn 0.1597 0.9791 0.1260
vn 0.0452 0.9943 0.0962
vn 0.3404 0.9342 0.1066
vn 0.0749 0.9582 0.2761
vn 0.2642 0.9317 0.2493
vn 0.3372 -0.0095 0.9414
vn 0.4330 -0.0008 0.9014
vn 0.4600 0.0483 0.8866
vn 0.3481 0.0362 0.9368
vn 0.4915 0.0132 0.8708
vn 0.5121 0.0675 0.8563
vn 0.5030 0.1125 0.8569
vn 0.3586 0.0938 0.9288
vn 0.5856 0.2036 0.7846
vn 0.3731 0.1791 0.9103
vn 0.5383 0.1372 0.8315
vn 0.5669 0.2270 0.7919
vn 0.7897 0.2754 0.5482
vn 0.3103 0.2912 0.9050
vn 0.8932 0.2797 0.3520
vn 0.2134 0.4204 0.8819
vn 0.5840 0.3195 0.7462
vn 0.5823 0.4095 0.7023
vn 0.8744 0.3566 0.3291
vn 0.2462 0.5299 0.8115
vn 0.8122 0.4785 0.3338
vn 0.2671 0.6281 0.7308
vn 0.5722 0.5037 0.6472
vn 0.5538 0.6020 0.5753
vn 0.6773 0.6347 0.3720
vn 0.2972 0.7221 0.6246
vn 0.5653 0.7443 0.3557
vn 0.2816 0.7973 0.5338
vn 0.5235 0.6955 0.4921
vn 0.4904 0.7704 0.4075
vn 0.4956 0.8121 0.3078
vn 0.2619 0.8513 0.4545
vn 0.4395 0.8600 0.2593
vn 0.2499 0.8932 0.3737
vn 0.4596 0.8241 0.3311
vn 0.4311 0.8622 0.2660
vn 0.3164 0.9138 0.2549
vn 0.2822 0.9310 0.2316
vn 0.3979 0.8914 0.2171
vn 0.1986 0.9711 0.1326
vn 0.1051 0.9934 0.0450
vn 0.2150 0.9697 0.1156
vn 0.1083 0.9933 0.0395
vn 0.2326 0.9691 0.0823
vn 0.1116 0.9932 0.0320
vn 0.2425 0.9692 0.0429
vn 0.1140 0.9932 0.0217
vn 0.2435 0.9699 0.0025
vn 0.1146 0.9934 0.0098
vn 0.2361 0.9710 -0.0374
vn 0.1118 0.9937 -0.0049
vn 0.2213 0.9724 -0.0738
vn 0.1054 0.9942 -0.0197
vn 0.1981 0.9739 -0.1104
vn 0.0813 0.9955 -0.0493
vn 0.1688 0.9733 -0.1555
vn 0.0413 0.9954 -0.0869
vn 0.1839 0.9661 -0.1812
vn -0.1095 0.9831 -0.1464
vn 0.1704 0.9636 -0.2059
vn -0.1342 0.9855 -0.1040
vn -0.0902 0.9312 -0.3531
vn 0.0294 0.9704 -0.2398
vn 0.0473 0.9706 -0.2359
vn 0.2064 0.9749 -0.0829
vn -0.0748 0.9385 -0.3371
vn 0.0481 0.9597 -0.2768
vn 0.3992 0.8873 -0.2307
vn 0.0570 0.9162 -0.3965
vn 0.2873 0.4504 -0.8453
vn 0.1337 0.4362 -0.8899
vn 0.1389 0.4972 -0.8564
vn 0.2878 0.5083 -0.8116
vn 0.0513 0.4246 -0.9039
vn 0.0608 0.4892 -0.8701
vn 0.1323 0.5555 -0.8209
vn 0.2843 0.5628 -0.7761
vn 0.1100 0.6153 -0.7806
vn 0.2732 0.6191 -0.7363
vn 0.0624 0.5525 -0.8312
vn 0.0540 0.6170 -0.7851
vn 0.0735 0.6762 -0.7330
vn 0.2543 0.6775 -0.6902
vn 0.0223 0.7362 -0.6763
vn 0.2306 0.7365 -0.6359
vn 0.0385 0.6815 -0.7308
vn 0.0168 0.7443 -0.6676
vn -0.0395 0.7941 -0.6066
vn 0.2084 0.7965 -0.5676
vn -0.0842 0.8436 -0.5303
vn 0.1869 0.8527 -0.4877
vn -0.0124 0.8037 -0.5949
vn -0.0472 0.8512 -0.5227
vn -0.0713 0.8864 -0.4574
vn 0.1208 0.9199 -0.3732
vn -0.0901 0.8828 -0.4611
vn 0.0239 0.9751 -0.2207
vn 0.0915 0.9937 -0.0640
vn 0.0757 0.9540 -0.2901
vn 0.1010 0.9621 -0.2531
vn -0.4824 -0.0348 -0.8753
vn -0.5846 -0.0429 -0.8102
vn -0.5718 0.0172 -0.8202
vn -0.4719 0.0246 -0.8813
vn -0.6916 -0.0579 -0.7200
vn -0.6871 0.0083 -0.7265
vn -0.7782 -0.0660 -0.6246
vn -0.7783 0.0022 -0.6279
vn -0.8410 -0.0724 -0.5362
vn -0.8432 -0.0036 -0.5376
vn -0.8917 -0.0797 -0.4455
vn -0.8990 -0.0054 -0.4378
vn -0.8333 -0.1554 -0.5306
vn -0.8829 -0.1684 -0.4384
vn -0.9426 -0.0797 -0.3243
vn -0.9442 0.0011 -0.3294
vn -0.9289 -0.1798 -0.3238
vn -0.9602 -0.1741 -0.2185
vn -0.9720 -0.0903 -0.2172
vn -0.9726 -0.0193 -0.2316
vn -0.9832 -0.0965 -0.1550
vn -0.9881 -0.0213 -0.1523
vn -0.9734 -0.1652 -0.1587
vn -0.9826 -0.1610 -0.0928
vn -0.9920 -0.0904 -0.0878
vn -0.9973 -0.0156 -0.0720
vn -0.9961 -0.0841 0.0273
vn -0.9995 -0.0023 0.0309
vn -0.9837 -0.1776 0.0267
vn -0.9709 -0.1761 0.1625
vn -0.9820 -0.0894 0.1662
vn -0.9875 -0.0089 0.1572
vn -0.9598 -0.0864 0.2672
vn -0.9637 -0.0055 0.2668
vn -0.9496 -0.1692 0.2640
vn -0.9323 -0.1667 0.3211
vn -0.9432 -0.0823 0.3219
vn -0.9461 0.0010 0.3239
vn -0.9414 -0.0780 0.3283
vn -0.9434 0.0087 0.3317
vn -0.9295 -0.1666 0.3290
vn -0.9099 -0.2624 0.3212
vn -0.9056 -0.2631 0.3325
vn -0.9239 -0.2621 0.2787
vn -0.9465 -0.1645 0.2778
vn -0.9597 -0.2461 0.1358
vn -0.9773 -0.1540 0.1454
vn -0.9578 -0.0722 0.2781
vn -0.9594 0.0175 0.2815
vn -0.9876 -0.0630 0.1434
vn -0.9893 0.0244 0.1440
vn -0.5613 0.0743 -0.8242
vn -0.4616 0.0781 -0.8836
vn -0.3278 0.0830 -0.9411
vn -0.3876 0.0816 -0.9182
vn -0.3754 0.1426 -0.9158
vn -0.3168 0.1469 -0.9370
vn -0.4495 0.1383 -0.8825
vn -0.3960 0.0264 -0.9179
vn -0.5510 0.1340 -0.8237
vn -0.6807 0.0686 -0.7294
vn -0.6740 0.1288 -0.7274
vn -0.7759 0.0650 -0.6275
vn -0.7723 0.1242 -0.6230
vn -0.8416 0.0624 -0.5364
vn -0.8356 0.1255 -0.5348
vn -0.8992 0.0568 -0.4338
vn -0.8916 0.1220 -0.4360
vn -0.9407 0.0557 -0.3348
vn -0.9368 0.1220 -0.3278
vn -0.9700 0.0519 -0.2374
vn -0.9654 0.1290 -0.2265
vn -0.9880 0.0535 -0.1446
vn -0.9822 0.1301 -0.1358
vn -0.9963 0.0608 -0.0616
vn -0.9894 0.1366 -0.0499
vn -0.9970 0.0695 0.0340
vn -0.9883 0.1477 0.0384
vn -0.9853 0.0694 0.1558
vn -0.9754 0.1529 0.1589
vn -0.9600 0.0790 0.2687
vn -0.9462 0.1681 0.2765
vn -0.9407 0.0899 0.3270
vn -0.9262 0.1822 0.3300
vn -0.9366 0.0983 0.3364
vn -0.9228 0.1884 0.3362
vn -0.9516 0.1057 0.2885
vn -0.9374 0.1889 0.2926
vn -0.9816 0.1071 0.1578
vn -0.9643 0.1843 0.1900
vn -0.3597 0.2105 -0.9090
vn -0.2994 0.2178 -0.9289
vn -0.1400 0.3201 -0.9370
vn -0.0654 0.3357 -0.9397
vn -0.0840 0.2582 -0.9624
vn -0.1664 0.2439 -0.9554
vn -0.2402 0.2296 -0.9432
vn -0.2113 0.3031 -0.9292
vn -0.2749 0.2893 -0.9169
vn -0.2609 0.1511 -0.9535
vn -0.3392 0.2807 -0.8978
vn -0.4342 0.2052 -0.8771
vn -0.4166 0.2764 -0.8660
vn -0.5353 0.2012 -0.8204
vn -0.5170 0.2745 -0.8108
vn -0.6612 0.1937 -0.7248
vn -0.6424 0.2686 -0.7178
vn -0.7662 0.1857 -0.6152
vn -0.7542 0.2546 -0.6053
vn -0.8309 0.1882 -0.5236
vn -0.8252 0.2534 -0.5048
vn -0.8847 0.1948 -0.4235
vn -0.8768 0.2666 -0.4003
vn -0.9276 0.2023 -0.3140
vn -0.9130 0.2717 -0.3043
vn -0.9550 0.2011 -0.2182
vn -0.9383 0.2701 -0.2158
vn -0.9708 0.2024 -0.1291
vn -0.9535 0.2788 -0.1144
vn -0.9766 0.2120 -0.0371
vn -0.9587 0.2835 -0.0213
vn -0.9735 0.2230 0.0504
vn -0.9573 0.2808 0.0695
vn -0.9561 0.2400 0.1681
vn -0.9337 0.3067 0.1845
vn -0.9242 0.2539 0.2853
vn -0.9030 0.3214 0.2851
vn -0.9061 0.2637 0.3309
vn -0.8875 0.3269 0.3247
vn -0.9066 0.2664 0.3273
vn -0.8890 0.3294 0.3182
vn -0.9210 0.2623 0.2880
vn -0.9008 0.3284 0.2842
vn -0.9396 0.2590 0.2237
vn -0.9118 0.3286 0.2463
vn -0.1129 0.3890 -0.9143
vn -0.0435 0.4044 -0.9135
vn -0.0076 0.3451 -0.9385
vn 0.0066 0.4153 -0.9096
vn -0.0209 0.4720 -0.8813
vn 0.0240 0.4817 -0.8760
vn -0.0873 0.4591 -0.8841
vn -0.1830 0.3736 -0.9093
vn -0.1570 0.4479 -0.8802
vn -0.2499 0.3618 -0.8981
vn -0.2259 0.4398 -0.8692
vn -0.3190 0.3553 -0.8786
vn -0.2983 0.4361 -0.8490
vn -0.3990 0.3538 -0.8459
vn -0.3807 0.4364 -0.8152
vn -0.4975 0.3548 -0.7916
vn -0.4778 0.4394 -0.7607
vn -0.6150 0.3530 -0.7051
vn -0.5875 0.4399 -0.6792
vn -0.7296 0.3389 -0.5941
vn -0.6964 0.4307 -0.5741
vn -0.8125 0.3314 -0.4797
vn -0.7845 0.4164 -0.4596
vn -0.8626 0.3384 -0.3761
vn -0.8372 0.4062 -0.3661
vn -0.8964 0.3335 -0.2921
vn -0.8704 0.3974 -0.2907
vn -0.9218 0.3342 -0.1965
vn -0.8974 0.3962 -0.1941
vn -0.9344 0.3405 -0.1049
vn -0.9126 0.3946 -0.1073
vn -0.9412 0.3358 -0.0380
vn -0.9139 0.4058 -0.0107
vn -0.9346 0.3482 0.0732
vn -0.8945 0.4348 0.1045
vn -0.9063 0.3672 0.2091
vn -0.8753 0.4372 0.2068
vn -0.8785 0.3771 0.2932
vn -0.8542 0.4340 0.2864
vn -0.8660 0.3818 0.3229
vn -0.8404 0.4372 0.3202
vn -0.8664 0.3868 0.3159
vn -0.8383 0.4443 0.3158
vn -0.8764 0.3894 0.2834
vn -0.8494 0.4483 0.2786
vn -0.8869 0.3881 0.2504
vn -0.8674 0.4424 0.2278
vn -0.0000 0.5431 -0.8397
vn 0.0406 0.5499 -0.8342
vn 0.0181 0.6153 -0.7881
vn 0.0546 0.6195 -0.7831
vn -0.0642 0.5340 -0.8431
vn -0.0426 0.6101 -0.7912
vn -0.1336 0.5267 -0.8395
vn -0.1107 0.6063 -0.7875
vn -0.2023 0.5224 -0.8283
vn -0.1785 0.6056 -0.7755
vn -0.2755 0.5214 -0.8076
vn -0.2503 0.6076 -0.7538
vn -0.3582 0.5234 -0.7731
vn -0.3301 0.6117 -0.7190
vn -0.4523 0.5268 -0.7197
vn -0.4182 0.6156 -0.6679
vn -0.5537 0.5271 -0.6446
vn -0.5102 0.6163 -0.5999
vn -0.6528 0.5196 -0.5513
vn -0.5990 0.6109 -0.5177
vn -0.7374 0.5040 -0.4498
vn -0.6767 0.5992 -0.4280
vn -0.7966 0.4858 -0.3598
vn -0.7364 0.5847 -0.3405
vn -0.8327 0.4791 -0.2778
vn -0.7771 0.5765 -0.2526
vn -0.8578 0.4806 -0.1822
vn -0.8042 0.5742 -0.1534
vn -0.8713 0.4843 -0.0796
vn -0.8176 0.5734 -0.0525
vn -0.8649 0.5013 0.0271
vn -0.8178 0.5750 0.0235
vn -0.8575 0.5024 0.1107
vn -0.8168 0.5703 0.0874
vn -0.8464 0.4989 0.1863
vn -0.7995 0.5744 0.1754
vn -0.8246 0.4977 0.2690
vn -0.7738 0.5771 0.2612
vn -0.8051 0.5021 0.3158
vn -0.7561 0.5786 0.3058
vn -0.8007 0.5088 0.3163
vn -0.7570 0.5788 0.3032
vn -0.8165 0.5097 0.2711
vn -0.7801 0.5731 0.2513
vn -0.8481 0.4968 0.1842
vn -0.8226 0.5513 0.1392
vn 0.0350 0.6848 -0.7279
vn 0.0673 0.6873 -0.7232
vn 0.0519 0.7514 -0.6578
vn 0.0799 0.7526 -0.6536
vn -0.0230 0.6830 -0.7301
vn -0.0051 0.7525 -0.6586
vn -0.0891 0.6831 -0.7249
vn -0.0694 0.7559 -0.6510
vn -0.1552 0.6856 -0.7113
vn -0.1322 0.7608 -0.6354
vn -0.2237 0.6903 -0.6880
vn -0.1956 0.7670 -0.6112
vn -0.2977 0.6963 -0.6532
vn -0.2617 0.7735 -0.5772
vn -0.3766 0.7013 -0.6053
vn -0.3303 0.7791 -0.5328
vn -0.4576 0.7033 -0.5441
vn -0.3988 0.7822 -0.4787
vn -0.5353 0.7004 -0.4721
vn -0.4644 0.7815 -0.4167
vn -0.6044 0.6928 -0.3934
vn -0.5236 0.7771 -0.3492
vn -0.6606 0.6823 -0.3131
vn -0.5742 0.7700 -0.2780
vn -0.7026 0.6733 -0.2304
vn -0.6144 0.7625 -0.2027
vn -0.7329 0.6655 -0.1413
vn -0.6445 0.7547 -0.1227
vn -0.7525 0.6567 -0.0498
vn -0.6646 0.7462 -0.0391
vn -0.7589 0.6504 0.0315
vn -0.6735 0.7381 0.0406
vn -0.7502 0.6530 0.1038
vn -0.6704 0.7336 0.1115
vn -0.7315 0.6580 0.1787
vn -0.6603 0.7303 0.1750
vn -0.7138 0.6563 0.2446
vn -0.6503 0.7257 0.2246
vn -0.7045 0.6524 0.2792
vn -0.6479 0.7207 0.2467
vn -0.7122 0.6473 0.2716
vn -0.6599 0.7146 0.2321
vn -0.7389 0.6375 0.2183
vn -0.6879 0.7037 0.1777
vn -0.7838 0.6122 0.1047
vn -0.7316 0.6783 0.0687
vn 0.0707 0.8171 -0.5721
vn 0.0922 0.8171 -0.5691
vn 0.0974 0.8777 -0.4692
vn 0.0962 0.8751 -0.4744
vn 0.0134 0.8196 -0.5728
vn 0.0431 0.8820 -0.4693
vn -0.0493 0.8243 -0.5640
vn -0.0223 0.8860 -0.4631
vn -0.1070 0.8300 -0.5474
vn -0.0769 0.8911 -0.4473
vn -0.1638 0.8362 -0.5234
vn -0.1269 0.8959 -0.4258
vn -0.2212 0.8423 -0.4915
vn -0.1742 0.9007 -0.3979
vn -0.2790 0.8472 -0.4521
vn -0.2212 0.9040 -0.3658
vn -0.3355 0.8502 -0.4057
vn -0.2657 0.9066 -0.3279
vn -0.3888 0.8506 -0.3540
vn -0.3087 0.9070 -0.2863
vn -0.4375 0.8485 -0.2976
vn -0.3479 0.9066 -0.2390
vn -0.4809 0.8444 -0.2362
vn -0.3845 0.9039 -0.1872
vn -0.5173 0.8389 -0.1692
vn -0.4153 0.9002 -0.1309
vn -0.5459 0.8321 -0.0982
vn -0.4417 0.8942 -0.0729
vn -0.5659 0.8241 -0.0252
vn -0.4609 0.8873 -0.0148
vn -0.5779 0.8149 0.0445
vn -0.4756 0.8787 0.0409
vn -0.5816 0.8064 0.1072
vn -0.4831 0.8706 0.0926
vn -0.5793 0.7991 0.1606
vn -0.4871 0.8627 0.1360
vn -0.5760 0.7932 0.1978
vn -0.4873 0.8580 0.1622
vn -0.5789 0.7884 0.2079
vn -0.4957 0.8534 0.1614
vn -0.5948 0.7823 0.1849
vn -0.5165 0.8468 0.1270
vn -0.6259 0.7693 0.1282
vn -0.5558 0.8287 0.0650
vn -0.6715 0.7408 0.0184
vn -0.6085 0.7921 -0.0484
vn 0.1028 0.9237 -0.3690
vn 0.0593 0.9230 -0.3801
vn 0.0875 0.9286 -0.3607
vn 0.0274 0.9328 -0.3594
vn 0.0626 0.9605 -0.2713
vn -0.0337 0.9395 -0.3410
vn 0.0280 0.9718 -0.2343
vn -0.0830 0.9416 -0.3264
vn -0.0290 0.9695 -0.2434
vn -0.1202 0.9457 -0.3020
vn -0.0540 0.9782 -0.2006
vn -0.1597 0.9466 -0.2801
vn -0.1017 0.9735 -0.2047
vn -0.1927 0.9494 -0.2478
vn -0.1103 0.9806 -0.1623
vn -0.2302 0.9487 -0.2169
vn -0.1585 0.9745 -0.1590
vn -0.2581 0.9496 -0.1781
vn -0.1565 0.9807 -0.1172
vn -0.2906 0.9464 -0.1407
vn -0.2071 0.9726 -0.1054
vn -0.3120 0.9450 -0.0980
vn -0.1948 0.9786 -0.0663
vn -0.3388 0.9392 -0.0565
vn -0.2474 0.9679 -0.0440
vn -0.3527 0.9357 -0.0117
vn -0.2243 0.9745 -0.0098
vn -0.3727 0.9274 0.0312
vn -0.2763 0.9608 0.0210
vn -0.3766 0.9237 0.0706
vn -0.2424 0.9690 0.0469
vn -0.3882 0.9154 0.1065
vn -0.2894 0.9541 0.0773
vn -0.3851 0.9150 0.1205
vn -0.2477 0.9659 0.0755
vn -0.4032 0.9089 0.1064
vn -0.3018 0.9517 0.0572
vn -0.4214 0.9049 0.0593
vn -0.2697 0.9627 0.0202
vn -0.4793 0.8776 -0.0109
vn -0.3730 0.9256 -0.0644
vn -0.5507 0.8264 -0.1176
vn -0.4134 0.9061 0.0902
vn 0.0182 0.9803 -0.1966
vn 0.0566 0.9975 -0.0415
vn -0.0260 0.9854 -0.1682
vn 0.0253 0.9995 -0.0190
vn -0.0798 0.9876 -0.1353
vn 0.0117 0.9999 -0.0031
vn -0.1242 0.9875 -0.0972
vn 0.0062 1.0000 0.0063
vn -0.1606 0.9857 -0.0518
vn 0.0021 0.9999 0.0138
vn -0.1857 0.9826 -0.0028
vn -0.0034 0.9998 0.0218
vn -0.1991 0.9788 0.0480
vn -0.0093 0.9995 0.0297
vn -0.1960 0.9781 0.0694
vn -0.0178 0.9990 0.0410
vn -0.1905 0.9809 0.0393
vn -0.0028 0.9952 0.0983
vn -0.1541 0.9861 0.0626
vn -0.0166 0.9999 -0.0028
vn 0.8593 0.4352 -0.2688
vn 0.0762 -0.9805 -0.1813
vn -0.0779 0.9828 0.1675
vn -0.0385 0.9986 0.0350
vn -0.0617 0.9114 0.4068
vn 0.1319 0.5886 -0.7976
vn -0.1974 0.8932 0.4040
vn -0.8347 -0.2594 0.4858
vn -0.2335 -0.2150 0.9483
vn -0.3397 -0.1447 0.9293
vn -0.8645 -0.1662 0.4743
vn -0.4087 -0.2447 0.8793
vn -0.4315 -0.1547 0.8888
vn -0.3862 -0.0612 0.9204
vn -0.8853 -0.0754 0.4588
vn -0.4043 0.0307 0.9141
vn -0.9034 0.0250 0.4282
vn -0.4461 -0.0643 0.8927
vn -0.4557 0.0268 0.8897
vn -0.4462 0.1298 0.8855
vn -0.8993 0.1377 0.4150
vn -0.5289 0.2354 0.8154
vn -0.8692 0.2492 0.4271
vn -0.4725 0.1198 0.8731
vn -0.4994 0.2128 0.8398
vn -0.5835 0.3196 0.7466
vn -0.8051 0.3324 0.4913
vn -0.6001 0.3737 0.7072
vn -0.7701 0.3792 0.5129
vn -0.5295 0.2959 0.7951
vn -0.5453 0.3606 0.7567
vn -0.5954 0.4130 0.6891
vn -0.7537 0.4118 0.5122
vn -0.5614 0.4531 0.6925
vn -0.7480 0.4441 0.4932
vn -0.5441 0.4128 0.7305
vn -0.5199 0.4642 0.7171
vn -0.4730 0.5056 0.7216
vn -0.7507 0.4928 0.4401
vn -0.3319 0.5434 0.7711
vn -0.7484 0.5612 0.3536
vn -0.4739 0.5196 0.7109
vn -0.4271 0.5726 0.6998
vn -0.3038 0.5963 0.7431
vn -0.6954 0.6430 0.3209
vn -0.2685 0.6506 0.7104
vn -0.6338 0.7099 0.3073
vn -0.3895 0.6267 0.6749
vn -0.3421 0.6832 0.6452
vn -0.1570 0.6752 0.7208
vn -0.5679 0.7693 0.2927
vn 0.2505 0.4214 0.8716
vn 0.4838 -0.8278 -0.2842
vn -0.2763 0.7372 0.6166
vn -0.1910 0.7823 0.5929
vn 0.5646 -0.1861 0.8041
vn 0.3032 -0.9078 -0.2898
vn -0.1053 0.8141 0.5711
vn -0.0537 0.9755 0.2134
vn 0.0064 0.9974 0.0723
vn -0.0763 0.9772 0.1981
vn 0.0222 0.9972 0.0719
vn -0.0580 0.9776 0.2025
vn 0.0398 0.9967 0.0714
vn -0.0214 0.9780 0.2076
vn -0.9674 -0.1873 -0.1707
vn -0.9866 -0.1283 -0.1006
vn -0.9938 -0.0506 -0.0995
vn -0.9907 0.0269 -0.1331
vn -0.9903 0.0995 -0.0971
vn -0.9819 0.1828 0.0501
vn -0.9337 0.2779 0.2258
vn -0.8912 0.3464 0.2929
vn -0.8678 0.3943 0.3025
vn -0.8640 0.4343 0.2547
vn -0.8761 0.4689 0.1123
vn -0.8768 0.4683 -0.1094
vn -0.8375 0.5323 -0.1233
vn -0.7833 0.6084 -0.1279
vn -0.7319 0.6436 -0.2237
vn -0.6673 0.4112 -0.6210
vn -0.4822 -0.0781 -0.8726
vn -0.5142 -0.2448 0.8220
vn -0.5215 -0.1526 0.8395
vn -0.5276 -0.0599 0.8474
vn -0.5307 0.0330 0.8469
vn -0.5327 0.1244 0.8371
vn -0.5372 0.2117 0.8165
vn -0.5443 0.2899 0.7872
vn -0.5500 0.3551 0.7559
vn -0.5517 0.4117 0.7254
vn -0.5441 0.4679 0.6965
vn -0.5258 0.5277 0.6671
vn -0.4970 0.5871 0.6390
vn -0.4571 0.6462 0.6112
vn -0.4048 0.7067 0.5803
vn -0.3378 0.7662 0.5466
vn -0.2546 0.8202 0.5123
vn -0.1571 0.8651 0.4763
vn 0.5352 0.1435 0.8324
vn 0.5330 0.2306 0.8141
vn 0.5310 0.0754 0.8440
vn 0.5272 0.3278 0.7840
vn 0.5217 0.4233 0.7407
vn 0.5092 0.5195 0.6862
vn 0.4893 0.6199 0.6134
vn 0.4664 0.7129 0.5236
vn 0.4434 0.7853 0.4321
vn 0.4210 0.8368 0.3499
vn 0.4019 0.8741 0.2727
vn 0.3885 0.9025 0.1859
vn 0.2386 -0.0064 0.9711
vn 0.2290 0.0464 0.9723
vn 0.2353 -0.0546 0.9704
vn 0.1979 0.1148 0.9735
vn 0.1167 0.2159 0.9694
vn -0.2380 0.3226 0.9161
vn -0.5395 0.3103 0.7827
vn -0.4945 0.3812 0.7811
vn -0.3924 0.4853 0.7814
vn -0.1671 0.6532 0.7385
vn -0.0578 0.7573 0.6505
vn -0.0177 0.8233 0.5673
vn 0.0109 0.8744 0.4850
vn 0.1335 0.9270 0.3504
vn 0.4198 0.4542 -0.7858
vn 0.4147 0.5128 -0.7517
vn 0.4140 0.5664 -0.7126
vn 0.4170 0.6197 -0.6649
vn 0.4226 0.6720 -0.6081
vn 0.4351 0.7204 -0.5400
vn 0.4548 0.7633 -0.4588
vn 0.4547 0.8032 -0.3849
vn 0.3766 0.8586 -0.3477
vn 0.0287 0.4199 -0.9071
vn 0.0413 0.4864 -0.8728
vn 0.0177 0.3486 -0.9371
vn 0.0381 0.3521 -0.9352
vn 0.0525 0.5529 -0.8316
vn 0.0592 0.6207 -0.7818
vn 0.0629 0.6874 -0.7235
vn 0.0642 0.7519 -0.6561
vn 0.0593 0.8140 -0.5779
vn 0.0338 0.8666 -0.4978
vn -0.0316 0.9069 -0.4201
vn 0.0182 0.3116 -0.9500
vn 0.0130 0.3109 -0.9504
vn 0.0283 0.3131 -0.9493
vn 0.0566 0.3847 -0.9213
vn -0.2226 0.9570 0.1859
vn 0.0622 0.3944 -0.9168
vn 0.1236 0.4037 -0.9065
vn 0.1903 0.4135 -0.8904
vn 0.2821 0.4202 -0.8625
vn 0.3768 0.4235 -0.8238
vn 0.4197 0.4238 -0.8026
vn 0.4698 0.4226 -0.7751
vn 0.4776 0.4222 -0.7705
vn 0.5248 0.4313 -0.7339
vn 0.5123 0.4278 -0.7447
vn 0.5436 0.4321 -0.7196
vn 0.4768 0.4243 -0.7698
vn 0.4794 0.4230 -0.7690
vn 0.4804 0.4241 -0.7677
vn 0.4810 0.4232 -0.7678
vn 0.4840 0.4222 -0.7665
vn 0.4864 0.4222 -0.7650
vn 0.4992 0.4274 -0.7537
vn 0.4914 0.4255 -0.7599
vn 0.4831 0.4254 -0.7652
vn 0.6802 0.3592 -0.6390
vn 0.5611 0.4361 -0.7036
vn 0.8285 0.3767 -0.4144
vn 0.8045 0.3677 -0.4665
vn 0.8565 0.3706 -0.3592
vn 0.7697 0.3753 -0.5164
vn 0.7434 0.3638 -0.5613
vn 0.7043 0.3776 -0.6011
vn 0.8757 0.3731 -0.3065
vn 0.8948 0.3690 -0.2513
vn 0.9082 0.3678 -0.1998
vn 0.9198 0.3640 -0.1466
vn 0.5499 0.0492 0.8338
vn 0.5362 0.0475 0.8427
vn 0.5281 0.0454 0.8480
vn 0.5654 0.0488 0.8233
vn 0.5889 0.0534 0.8065
vn 0.5187 0.0418 0.8539
vn 0.5117 0.0325 0.8585
vn 0.9611 0.2327 0.1491
vn 0.9283 0.3581 -0.1004
vn 0.9337 0.3546 -0.0500
vn 0.9388 0.3444 -0.0094
vn 0.9769 0.1164 0.1791
vn 0.9437 0.2110 0.2547
vn 0.9474 0.1291 0.2928
vn 0.9140 0.1861 0.3605
vn 0.8042 0.1385 0.5781
vn 0.8247 0.1496 0.5455
vn 0.6646 0.0624 0.7446
vn 0.6226 0.0431 0.7813
vn 0.9034 0.1437 0.4040
vn 0.8725 0.1661 0.4596
vn 0.8567 0.1421 0.4958
vn -0.4369 -0.0187 -0.8993
vn -0.6182 0.7520 0.2286
vn -0.5051 -0.0659 -0.8605
vn -0.4333 -0.0027 -0.9013
vn -0.4135 -0.0003 -0.9105
vn -0.3621 0.0386 -0.9313
vn -0.6181 0.7520 0.2288
vn -0.1129 -0.2761 0.9545
vn -0.0885 -0.2815 0.9555
vn -0.0008 -0.2089 0.9779
vn 0.0158 -0.2112 0.9773
vn 0.2124 -0.0783 0.9740
vn 0.1897 -0.0796 0.9786
vn 0.0933 -0.1449 0.9850
vn 0.1008 -0.1410 0.9849
vn -0.3596 0.0534 -0.9316
vn -0.3438 0.0542 -0.9375
vn -0.2990 0.0962 -0.9494
vn 0.6181 -0.7520 -0.2290
vn -0.2960 0.1125 -0.9485
vn -0.2804 0.1134 -0.9532
vn -0.0411 0.2832 -0.9582
vn -0.0361 0.3041 -0.9519
vn -0.0202 0.3073 -0.9514
vn -0.1940 0.2010 -0.9602
vn -0.1091 0.2163 -0.9702
vn -0.6182 0.7521 0.2284
vn -0.2300 0.1700 -0.9582
vn -0.2204 0.1944 -0.9558
vn 0.0084 0.3102 -0.9506
vn -0.0083 -0.3103 0.9506
vn 0.2763 -0.0431 0.9601
vn 0.3102 -0.0310 0.9502
vn 0.2785 -0.0315 0.9599
vn 0.3869 -0.0310 0.9216
vn 0.4020 -0.0238 0.9153
vn -0.5097 0.0044 -0.8603
vn 0.5032 -0.0084 0.8641
vn 0.4659 -0.0126 0.8847
vn 0.4681 -0.0270 0.8833
vn -0.1282 0.9767 0.1719
vn -0.9217 -0.2300 -0.3124
vn -0.8779 -0.2161 -0.4273
vn -0.9699 -0.1976 -0.1423
vn -0.9765 -0.1951 -0.0913
vn -0.9657 -0.1955 -0.1708
vn -0.9452 -0.2494 -0.2109
vn -0.9503 -0.2191 -0.2213
vn 0.1283 -0.9767 -0.1719
vn -0.9223 -0.3084 0.2329
vn -0.9477 -0.2938 0.1247
vn -0.9082 -0.3120 0.2789
vn -0.8936 -0.3089 0.3258
vn -0.8897 -0.3139 0.3316
vn -0.1282 0.9768 0.1718
vn -0.8949 -0.3129 0.3182
vn -0.4652 -0.2943 0.8348
vn -0.5088 -0.2955 0.8086
vn -0.3974 -0.2926 0.8697
vn -0.0631 -0.2345 0.9701
vn -0.8052 -0.3062 0.5078
vn -0.3185 -0.2788 0.9060
vn -0.8614 -0.1349 -0.4897
vn -0.9322 -0.2038 -0.2992
vn -0.9607 -0.2754 0.0336
vn -0.5408 -0.2869 0.7907
vn -0.5474 -0.2828 0.7876
vn -0.5811 -0.2726 0.7668
vn 0.1282 -0.9767 -0.1718
vn -0.5327 -0.3846 0.7539
vn -0.5659 -0.2780 0.7762
vn -0.5033 -0.4412 0.7430
vn -0.4813 -0.3778 0.7910
vn -0.1280 0.9768 0.1715
vn -0.3771 -0.3743 0.8472
vn -0.8109 -0.1122 -0.5744
vn -0.8083 -0.1038 -0.5796
vn -0.7810 -0.1016 -0.6162
vn -0.1281 0.9767 0.1719
vn -0.8310 -0.2005 -0.5189
vn -0.7436 -0.0912 -0.6624
vn -0.7017 -0.0939 -0.7062
vn -0.6476 -0.0706 -0.7587
vn -0.5948 -0.0779 -0.8001
vn -0.5394 -0.0796 -0.8382
vn -0.5321 -0.0724 -0.8436
vn -0.3050 -0.3269 0.8945
vn -0.2512 -0.3770 0.8915
vn -0.2068 -0.3591 0.9101
vn -0.1776 -0.3747 0.9100
vn -0.1525 -0.3722 0.9155
vn -0.9825 -0.1845 -0.0247
vn -0.9739 -0.2226 0.0446
vn -0.9798 -0.1938 -0.0493
vn -0.9007 -0.3236 0.2898
vn -0.9009 -0.3160 0.2977
vn -0.9288 -0.2161 0.3012
vn -0.9294 -0.2105 0.3032
vn -0.9419 -0.2112 0.2613
vn -0.9700 -0.2240 0.0948
vn -0.9616 -0.2201 0.1640
vn -0.9514 -0.2213 0.2140
vn -0.2226 0.9569 0.1864
vn -0.2233 0.9568 0.1865
vn -0.2227 0.9569 0.1864
vn -0.2410 0.9502 0.1975
vn -0.2225 0.9569 0.1864
vn 0.7637 -0.2653 0.5885
vn -0.2228 0.9569 0.1862
vn 0.5096 0.3463 0.7876
vn -0.5474 0.8091 0.2137
vn -0.2228 0.9569 0.1861
vn 0.3521 0.5260 0.7742
vn -0.6183 0.7520 0.2284
vn -0.6182 0.7520 0.2288
vn -0.6182 0.7520 0.2285
vn 0.1525 0.3722 -0.9155
vn 0.1784 0.4474 -0.8764
vn -0.1278 0.9769 0.1712
vn -0.1282 0.9767 0.1718
vn -0.1283 0.9767 0.1719
vn 0.1282 -0.9767 -0.1719
vn -0.1275 0.9769 0.1715
vn -0.1492 0.9753 0.1628
vn -0.1218 0.9779 0.1700
vn 0.1282 -0.9768 -0.1718
vn 0.9000 0.3263 -0.2892
vn -0.1258 0.9771 0.1715
vn 0.1263 -0.9770 -0.1717
vn -0.1189 0.9784 0.1692
vn -0.1257 0.9771 0.1715
vn -0.1271 0.9769 0.1719
vn -0.1268 0.9769 0.1720
vn -0.1277 0.9768 0.1719
vn -0.1270 0.9769 0.1721
vn -0.1270 0.9768 0.1721
vn -0.1270 0.9768 0.1723
vn 0.6532 -0.3800 0.6550
vn 0.5392 0.0806 0.8383
vn 0.6183 -0.7520 -0.2284
vn -0.3653 0.8018 0.4730
vn -0.5181 0.7947 0.3163
vn -0.6181 0.7520 0.2292
vn -0.3668 0.1328 -0.9208
vn -0.3430 0.9113 0.2279
vn -0.6185 0.7443 0.2521
vn 0.0082 0.3104 -0.9506
vn 0.0215 0.2931 -0.9558
vn 0.0980 0.1451 -0.9846
vn -0.2223 0.9583 0.1794
vn -0.3483 0.9358 0.0538
vn 0.2226 -0.9570 -0.1863
vn -0.2226 0.9569 0.1863
vn 0.2226 -0.9569 -0.1864
vn 0.2226 -0.9569 -0.1865
vn -0.2224 0.9578 0.1823
vn -0.2225 0.9570 0.1862
vn -0.2229 0.9568 0.1869
vn -0.2227 0.9569 0.1865
vn -0.2226 0.9570 0.1862
vn -0.2235 0.9563 0.1887
vn 0.2228 -0.9570 -0.1858
vn -0.5779 0.8013 -0.1546
vn 0.6182 -0.7520 -0.2287
vn -0.5907 0.7823 -0.1978
vn -0.6040 0.7484 -0.2741
vn -0.6057 0.6862 -0.4028
vn 0.6183 -0.7520 -0.2285
vn -0.5882 0.5825 -0.5610
vn -0.5193 0.4095 -0.7501
vn -0.1607 -0.1285 0.9786
vn -0.0517 -0.2681 0.9620
vn -0.4347 0.4754 0.7649
vn -0.1374 0.0253 0.9902
vn -0.5258 0.7829 0.3325
vn -0.6182 0.7520 0.2289
vn 0.2226 -0.9570 -0.1861
vn -0.6972 0.5459 -0.4647
vn -0.3917 0.9061 0.1600
vn -0.6132 0.1389 -0.7776
vn -0.5110 -0.0952 -0.8543
vn -0.4469 0.6920 0.5669
vn 0.6181 -0.7520 -0.2291
vn -0.4561 0.7122 0.5335
vn -0.4595 0.7320 0.5030
vn -0.1269 0.9768 0.1725
vn -0.1303 0.9767 0.1705
vn -0.1283 0.9767 0.1718
vn -0.1357 0.9764 0.1682
vn 0.9811 0.1874 0.0482
vn -0.1257 0.9771 0.1714
vn 0.1257 -0.9771 -0.1715
vn -0.1259 0.9771 0.1715
vn -0.1255 0.9772 0.1715
vn -0.1257 0.9772 0.1712
vn -0.1277 0.9771 0.1704
vn -0.1245 0.9797 0.1569
vn 0.1282 -0.9768 -0.1717
vn -0.1256 0.9772 0.1713
vn -0.1389 0.9723 0.1882
vn -0.4254 0.5867 0.6891
vn -0.1595 0.9655 0.2059
vn -0.1282 0.9768 0.1717
vn -0.1283 0.9767 0.1720
vn -0.2818 -0.0276 0.9591
vn -0.1631 -0.2960 0.9411
vn -0.5822 0.6815 0.4433
vn -0.4858 0.6425 0.5927
vn 0.6184 -0.7520 -0.2283
vn 0.1419 0.6709 0.7279
vn 0.2653 0.5977 0.7565
vn 0.2224 -0.9569 -0.1867
vn 0.2947 0.5758 0.7626
vn -0.6341 0.7594 0.1456
vn -0.6182 0.7521 0.2285
vn -0.6182 0.7520 0.2287
vn -0.6182 0.7520 0.2290
vn -0.6402 0.7527 0.1539
vn -0.6916 0.5816 -0.4282
vn -0.6550 -0.0451 -0.7543
vn -0.6687 -0.0175 -0.7433
vn -0.2225 0.9569 0.1865
vn -0.2226 0.9569 0.1865
vn -0.2231 0.9569 0.1860
vn 0.2230 -0.9569 -0.1863
vn 0.2227 -0.9569 -0.1864
vn 0.2225 -0.9569 -0.1864
vn 0.2231 -0.9568 -0.1865
vn 0.2225 -0.9570 -0.1863
vn 0.2228 -0.9569 -0.1865
vn 0.2234 -0.9566 -0.1870
vn 0.2235 -0.9565 -0.1875
vn -0.2223 0.9570 0.1862
vn 0.2227 -0.9569 -0.1865
# 2788 vertex normals

vt 0.2158 0.4513 0.0000
vt 0.2065 0.4683 0.0000
vt 0.1907 0.4602 0.0000
vt 0.2007 0.4425 0.0000
vt 0.2120 0.4252 0.0000
vt 0.2262 0.4348 0.0000
vt 0.2410 0.4444 0.0000
vt 0.2314 0.4603 0.0000
vt 0.2229 0.4764 0.0000
vt 0.2464 0.4685 0.0000
vt 0.2385 0.4840 0.0000
vt 0.2553 0.4533 0.0000
vt 0.2691 0.4615 0.0000
vt 0.2608 0.4763 0.0000
vt 0.2824 0.4692 0.0000
vt 0.2746 0.4835 0.0000
vt 0.2953 0.4765 0.0000
vt 0.2880 0.4902 0.0000
vt 0.3078 0.4833 0.0000
vt 0.3009 0.4966 0.0000
vt 0.3200 0.4897 0.0000
vt 0.3134 0.5027 0.0000
vt 0.3319 0.4958 0.0000
vt 0.3257 0.5085 0.0000
vt 0.3435 0.5016 0.0000
vt 0.3375 0.5140 0.0000
vt 0.3549 0.5071 0.0000
vt 0.3492 0.5193 0.0000
vt 0.2245 0.4084 0.0000
vt 0.2377 0.4186 0.0000
vt 0.2384 0.3921 0.0000
vt 0.2506 0.4027 0.0000
vt 0.2635 0.4133 0.0000
vt 0.2517 0.4287 0.0000
vt 0.2651 0.4381 0.0000
vt 0.2761 0.4231 0.0000
vt 0.2884 0.4322 0.0000
vt 0.2782 0.4469 0.0000
vt 0.2909 0.4550 0.0000
vt 0.3004 0.4407 0.0000
vt 0.3122 0.4486 0.0000
vt 0.3033 0.4626 0.0000
vt 0.3154 0.4698 0.0000
vt 0.3237 0.4561 0.0000
vt 0.3350 0.4631 0.0000
vt 0.3271 0.4765 0.0000
vt 0.3387 0.4829 0.0000
vt 0.3461 0.4697 0.0000
vt 0.3570 0.4760 0.0000
vt 0.3499 0.4889 0.0000
vt 0.3610 0.4947 0.0000
vt 0.3678 0.4820 0.0000
vt 0.3784 0.4877 0.0000
vt 0.3719 0.5002 0.0000
vt 0.3660 0.5124 0.0000
vt 0.3827 0.5055 0.0000
vt 0.3770 0.5175 0.0000
vt 0.3888 0.4931 0.0000
vt 0.3992 0.4984 0.0000
vt 0.3932 0.5106 0.0000
vt 0.3878 0.5224 0.0000
vt 0.4037 0.5155 0.0000
vt 0.3984 0.5272 0.0000
vt 0.4094 0.5034 0.0000
vt 0.4195 0.5082 0.0000
vt 0.4140 0.5202 0.0000
vt 0.4089 0.5318 0.0000
vt 0.4242 0.5248 0.0000
vt 0.4193 0.5362 0.0000
vt 0.4296 0.5129 0.0000
vt 0.4395 0.5174 0.0000
vt 0.4344 0.5292 0.0000
vt 0.4296 0.5406 0.0000
vt 0.4495 0.5218 0.0000
vt 0.4445 0.5335 0.0000
vt 0.4593 0.5260 0.0000
vt 0.4545 0.5377 0.0000
vt 0.4692 0.5301 0.0000
vt 0.4644 0.5418 0.0000
vt 0.4782 0.5338 0.0000
vt 0.4736 0.5454 0.0000
vt 0.4858 0.5368 0.0000
vt 0.4812 0.5485 0.0000
vt 0.4914 0.5396 0.0000
vt 0.4870 0.5511 0.0000
vt 0.4828 0.5622 0.0000
vt 0.4769 0.5596 0.0000
vt 0.2537 0.3763 0.0000
vt 0.2648 0.3871 0.0000
vt 0.2706 0.3611 0.0000
vt 0.2804 0.3719 0.0000
vt 0.2910 0.3830 0.0000
vt 0.2766 0.3980 0.0000
vt 0.2882 0.4081 0.0000
vt 0.3016 0.3932 0.0000
vt 0.3121 0.4027 0.0000
vt 0.2996 0.4175 0.0000
vt 0.3109 0.4263 0.0000
vt 0.3226 0.4116 0.0000
vt 0.3329 0.4200 0.0000
vt 0.3220 0.4345 0.0000
vt 0.3329 0.4421 0.0000
vt 0.3432 0.4278 0.0000
vt 0.3534 0.4352 0.0000
vt 0.3437 0.4494 0.0000
vt 0.3543 0.4562 0.0000
vt 0.3635 0.4422 0.0000
vt 0.3735 0.4488 0.0000
vt 0.3648 0.4627 0.0000
vt 0.3752 0.4688 0.0000
vt 0.3834 0.4551 0.0000
vt 0.3933 0.4610 0.0000
vt 0.3855 0.4747 0.0000
vt 0.3956 0.4803 0.0000
vt 0.4031 0.4667 0.0000
vt 0.4128 0.4722 0.0000
vt 0.4057 0.4856 0.0000
vt 0.4156 0.4908 0.0000
vt 0.4225 0.4774 0.0000
vt 0.4321 0.4824 0.0000
vt 0.4255 0.4957 0.0000
vt 0.4354 0.5004 0.0000
vt 0.4417 0.4872 0.0000
vt 0.4513 0.4918 0.0000
vt 0.4451 0.5050 0.0000
vt 0.4549 0.5094 0.0000
vt 0.4608 0.4963 0.0000
vt 0.4703 0.5006 0.0000
vt 0.4646 0.5137 0.0000
vt 0.4742 0.5178 0.0000
vt 0.4798 0.5048 0.0000
vt 0.4885 0.5085 0.0000
vt 0.4832 0.5216 0.0000
vt 0.4906 0.5246 0.0000
vt 0.4958 0.5115 0.0000
vt 0.5012 0.5145 0.0000
vt 0.4961 0.5275 0.0000
vt 0.2891 0.3463 0.0000
vt 0.2977 0.3571 0.0000
vt 0.3094 0.3322 0.0000
vt 0.3167 0.3425 0.0000
vt 0.3249 0.3532 0.0000
vt 0.3070 0.3680 0.0000
vt 0.3165 0.3782 0.0000
vt 0.3332 0.3631 0.0000
vt 0.3417 0.3725 0.0000
vt 0.3260 0.3878 0.0000
vt 0.3356 0.3967 0.0000
vt 0.3503 0.3813 0.0000
vt 0.3590 0.3896 0.0000
vt 0.3451 0.4051 0.0000
vt 0.3547 0.4130 0.0000
vt 0.3452 0.4051 0.0000
vt 0.3677 0.3975 0.0000
vt 0.3765 0.4049 0.0000
vt 0.3642 0.4205 0.0000
vt 0.3737 0.4275 0.0000
vt 0.3854 0.4120 0.0000
vt 0.3943 0.4186 0.0000
vt 0.3832 0.4342 0.0000
vt 0.3927 0.4406 0.0000
vt 0.4032 0.4250 0.0000
vt 0.4121 0.4311 0.0000
vt 0.4021 0.4466 0.0000
vt 0.4115 0.4524 0.0000
vt 0.4210 0.4368 0.0000
vt 0.4299 0.4424 0.0000
vt 0.4208 0.4579 0.0000
vt 0.4302 0.4631 0.0000
vt 0.4388 0.4476 0.0000
vt 0.4478 0.4527 0.0000
vt 0.4395 0.4682 0.0000
vt 0.4488 0.4730 0.0000
vt 0.4567 0.4575 0.0000
vt 0.4657 0.4622 0.0000
vt 0.4580 0.4777 0.0000
vt 0.4673 0.4822 0.0000
vt 0.4746 0.4667 0.0000
vt 0.4836 0.4710 0.0000
vt 0.4766 0.4865 0.0000
vt 0.4858 0.4907 0.0000
vt 0.4926 0.4751 0.0000
vt 0.5009 0.4789 0.0000
vt 0.4944 0.4944 0.0000
vt 0.5016 0.4974 0.0000
vt 0.5078 0.4821 0.0000
vt 0.5128 0.4855 0.0000
vt 0.5068 0.5005 0.0000
vt 0.3316 0.3186 0.0000
vt 0.3379 0.3283 0.0000
vt 0.3561 0.3056 0.0000
vt 0.3615 0.3144 0.0000
vt 0.3671 0.3235 0.0000
vt 0.3447 0.3384 0.0000
vt 0.3519 0.3479 0.0000
vt 0.3731 0.3323 0.0000
vt 0.3794 0.3406 0.0000
vt 0.3593 0.3569 0.0000
vt 0.3669 0.3654 0.0000
vt 0.3860 0.3486 0.0000
vt 0.3928 0.3561 0.0000
vt 0.3746 0.3735 0.0000
vt 0.3825 0.3811 0.0000
vt 0.3998 0.3634 0.0000
vt 0.4070 0.3703 0.0000
vt 0.3906 0.3884 0.0000
vt 0.3987 0.3953 0.0000
vt 0.4143 0.3769 0.0000
vt 0.4218 0.3832 0.0000
vt 0.4069 0.4019 0.0000
vt 0.4152 0.4081 0.0000
vt 0.4293 0.3893 0.0000
vt 0.4370 0.3951 0.0000
vt 0.4235 0.4141 0.0000
vt 0.4160 0.4089 0.0000
vt 0.4319 0.4198 0.0000
vt 0.4448 0.4006 0.0000
vt 0.4527 0.4060 0.0000
vt 0.4403 0.4253 0.0000
vt 0.4488 0.4305 0.0000
vt 0.4606 0.4110 0.0000
vt 0.4686 0.4159 0.0000
vt 0.4573 0.4355 0.0000
vt 0.4659 0.4404 0.0000
vt 0.4766 0.4206 0.0000
vt 0.4847 0.4251 0.0000
vt 0.4744 0.4450 0.0000
vt 0.4830 0.4494 0.0000
vt 0.4929 0.4295 0.0000
vt 0.5011 0.4336 0.0000
vt 0.4917 0.4536 0.0000
vt 0.5003 0.4577 0.0000
vt 0.5094 0.4376 0.0000
vt 0.5169 0.4418 0.0000
vt 0.5083 0.4617 0.0000
vt 0.5148 0.4654 0.0000
vt 0.5227 0.4465 0.0000
vt 0.5268 0.4514 0.0000
vt 0.5194 0.4694 0.0000
vt 0.3835 0.2931 0.0000
vt 0.3879 0.3005 0.0000
vt 0.4119 0.2820 0.0000
vt 0.4148 0.2884 0.0000
vt 0.4199 0.2944 0.0000
vt 0.3925 0.3084 0.0000
vt 0.3974 0.3160 0.0000
vt 0.4224 0.3012 0.0000
vt 0.4281 0.3067 0.0000
vt 0.4026 0.3234 0.0000
vt 0.4082 0.3305 0.0000
vt 0.4314 0.3134 0.0000
vt 0.4376 0.3185 0.0000
vt 0.4140 0.3373 0.0000
vt 0.4200 0.3439 0.0000
vt 0.4414 0.3250 0.0000
vt 0.4481 0.3297 0.0000
vt 0.4263 0.3502 0.0000
vt 0.4328 0.3563 0.0000
vt 0.4524 0.3360 0.0000
vt 0.4594 0.3402 0.0000
vt 0.4394 0.3622 0.0000
vt 0.4462 0.3678 0.0000
vt 0.4642 0.3464 0.0000
vt 0.4714 0.3502 0.0000
vt 0.4532 0.3733 0.0000
vt 0.4603 0.3785 0.0000
vt 0.4767 0.3561 0.0000
vt 0.4841 0.3596 0.0000
vt 0.4674 0.3835 0.0000
vt 0.4747 0.3884 0.0000
vt 0.4897 0.3652 0.0000
vt 0.4972 0.3683 0.0000
vt 0.4821 0.3930 0.0000
vt 0.4896 0.3975 0.0000
vt 0.5032 0.3738 0.0000
vt 0.5108 0.3765 0.0000
vt 0.4971 0.4018 0.0000
vt 0.5048 0.4060 0.0000
vt 0.5171 0.3817 0.0000
vt 0.5248 0.3840 0.0000
vt 0.5124 0.4099 0.0000
vt 0.5202 0.4138 0.0000
vt 0.5314 0.3890 0.0000
vt 0.5381 0.3928 0.0000
vt 0.5271 0.4183 0.0000
vt 0.5320 0.4244 0.0000
vt 0.5416 0.4028 0.0000
vt 0.5409 0.4147 0.0000
vt 0.5353 0.4304 0.0000
vt 0.4394 0.2798 0.0000
vt 0.4529 0.2795 0.0000
vt 0.7829 0.7591 0.0000
vt 0.7736 0.7760 0.0000
vt 0.7591 0.7677 0.0000
vt 0.7677 0.7515 0.0000
vt 0.8001 0.7679 0.0000
vt 0.7900 0.7858 0.0000
vt 0.8184 0.7775 0.0000
vt 0.8073 0.7964 0.0000
vt 0.8378 0.7881 0.0000
vt 0.8256 0.8081 0.0000
vt 0.8586 0.7997 0.0000
vt 0.8449 0.8210 0.0000
vt 0.8810 0.8128 0.0000
vt 0.8655 0.8356 0.0000
vt 0.9051 0.8276 0.0000
vt 0.8874 0.8521 0.0000
vt 0.7753 0.7351 0.0000
vt 0.7910 0.7418 0.0000
vt 0.7819 0.7183 0.0000
vt 0.7980 0.7242 0.0000
vt 0.8165 0.7309 0.0000
vt 0.8089 0.7496 0.0000
vt 0.8280 0.7581 0.0000
vt 0.8362 0.7380 0.0000
vt 0.8573 0.7457 0.0000
vt 0.8484 0.7673 0.0000
vt 0.8705 0.7774 0.0000
vt 0.8802 0.7541 0.0000
vt 0.9053 0.7632 0.0000
vt 0.8944 0.7886 0.0000
vt 0.9206 0.8013 0.0000
vt 0.9330 0.7732 0.0000
vt 0.9645 0.7847 0.0000
vt 0.9479 0.8146 0.0000
vt 0.0478 0.4835 0.0000
vt 0.0428 0.5136 0.0000
vt 0.0118 0.5097 0.0000
vt 0.0183 0.4762 0.0000
vt 0.0248 0.4427 0.0000
vt 0.0563 0.4541 0.0000
vt 0.0822 0.4635 0.0000
vt 0.0742 0.4902 0.0000
vt 0.9313 0.8445 0.0000
vt 0.0414 0.4128 0.0000
vt 0.0687 0.4261 0.0000
vt 0.0580 0.3829 0.0000
vt 0.0842 0.3997 0.0000
vt 0.1067 0.4136 0.0000
vt 0.0932 0.4379 0.0000
vt 0.1119 0.4468 0.0000
vt 0.1019 0.4707 0.0000
vt 0.1242 0.4239 0.0000
vt 0.0932 0.4380 0.0000
vt 0.1369 0.4314 0.0000
vt 0.1255 0.4532 0.0000
vt 0.1160 0.4758 0.0000
vt 0.7876 0.7012 0.0000
vt 0.8040 0.7061 0.0000
vt 0.7923 0.6837 0.0000
vt 0.8088 0.6877 0.0000
vt 0.8277 0.6920 0.0000
vt 0.8227 0.7117 0.0000
vt 0.8428 0.7175 0.0000
vt 0.8479 0.6964 0.0000
vt 0.8696 0.7008 0.0000
vt 0.8644 0.7235 0.0000
vt 0.8877 0.7299 0.0000
vt 0.8930 0.7052 0.0000
vt 0.9186 0.7096 0.0000
vt 0.9133 0.7367 0.0000
vt 0.9415 0.7438 0.0000
vt 0.9466 0.7137 0.0000
vt 0.9775 0.7177 0.0000
vt 0.9710 0.7512 0.0000
vt 0.0795 0.3579 0.0000
vt 0.1020 0.3753 0.0000
vt 0.1009 0.3329 0.0000
vt 0.1218 0.3528 0.0000
vt 0.1400 0.3693 0.0000
vt 0.1224 0.3907 0.0000
vt 0.1384 0.4022 0.0000
vt 0.1544 0.3817 0.0000
vt 0.1649 0.3908 0.0000
vt 0.1500 0.4105 0.0000
vt 0.7961 0.6658 0.0000
vt 0.8126 0.6688 0.0000
vt 0.7990 0.6475 0.0000
vt 0.8153 0.6495 0.0000
vt 0.8339 0.6514 0.0000
vt 0.8314 0.6719 0.0000
vt 0.8515 0.6749 0.0000
vt 0.8536 0.6530 0.0000
vt 0.8747 0.6542 0.0000
vt 0.8730 0.6777 0.0000
vt 0.8962 0.6802 0.0000
vt 0.8973 0.6549 0.0000
vt 0.9217 0.6548 0.0000
vt 0.9213 0.6822 0.0000
vt 0.9487 0.6837 0.0000
vt 0.9480 0.6538 0.0000
vt 0.9768 0.6521 0.0000
vt 0.9772 0.6849 0.0000
vt 0.1263 0.3129 0.0000
vt 0.1436 0.3323 0.0000
vt 0.1516 0.2928 0.0000
vt 0.1670 0.3138 0.0000
vt 0.1805 0.3313 0.0000
vt 0.1593 0.3495 0.0000
vt 0.1721 0.3624 0.0000
vt 0.1915 0.3446 0.0000
vt 0.1996 0.3545 0.0000
vt 0.1814 0.3721 0.0000
vt 0.8008 0.6287 0.0000
vt 0.8168 0.6297 0.0000
vt 0.8016 0.6093 0.0000
vt 0.8171 0.6094 0.0000
vt 0.8347 0.6091 0.0000
vt 0.8350 0.6305 0.0000
vt 0.8542 0.6308 0.0000
vt 0.8348 0.6076 0.0000
vt 0.8532 0.6082 0.0000
vt 0.8727 0.6065 0.0000
vt 0.8746 0.6305 0.0000
vt 0.8964 0.6295 0.0000
vt 0.8934 0.6039 0.0000
vt 0.9153 0.6003 0.0000
vt 0.9196 0.6275 0.0000
vt 0.9446 0.6243 0.0000
vt 0.9385 0.5952 0.0000
vt 0.9639 0.5891 0.0000
vt 0.9704 0.6206 0.0000
vt 0.1801 0.2779 0.0000
vt 0.1921 0.2974 0.0000
vt 0.2086 0.2629 0.0000
vt 0.2187 0.2832 0.0000
vt 0.2276 0.3001 0.0000
vt 0.2032 0.3149 0.0000
vt 0.2126 0.3281 0.0000
vt 0.2353 0.3131 0.0000
vt 0.2407 0.3230 0.0000
vt 0.2193 0.3381 0.0000
vt 0.8013 0.5893 0.0000
vt 0.8162 0.5885 0.0000
vt 0.7999 0.5685 0.0000
vt 0.8140 0.5670 0.0000
vt 0.8298 0.5647 0.0000
vt 0.8330 0.5872 0.0000
vt 0.8506 0.5852 0.0000
vt 0.8463 0.5617 0.0000
vt 0.8634 0.5578 0.0000
vt 0.8690 0.5823 0.0000
vt 0.8883 0.5784 0.0000
vt 0.8811 0.5528 0.0000
vt 0.8996 0.5466 0.0000
vt 0.9086 0.5733 0.0000
vt 0.9299 0.5667 0.0000
vt 0.9188 0.5389 0.0000
vt 0.9397 0.5299 0.0000
vt 0.9518 0.5595 0.0000
vt 0.2398 0.2534 0.0000
vt 0.2468 0.2712 0.0000
vt 0.2709 0.2438 0.0000
vt 0.2762 0.2616 0.0000
vt 0.2810 0.2764 0.0000
vt 0.2535 0.2873 0.0000
vt 0.2596 0.2997 0.0000
vt 0.2854 0.2880 0.0000
vt 0.2881 0.2970 0.0000
vt 0.2637 0.3092 0.0000
vt 0.7971 0.5468 0.0000
vt 0.8103 0.5447 0.0000
vt 0.7928 0.5241 0.0000
vt 0.8050 0.5214 0.0000
vt 0.8184 0.5178 0.0000
vt 0.8250 0.5417 0.0000
vt 0.8402 0.5379 0.0000
vt 0.8321 0.5135 0.0000
vt 0.8460 0.5082 0.0000
vt 0.8557 0.5331 0.0000
vt 0.8718 0.5273 0.0000
vt 0.8601 0.5019 0.0000
vt 0.8744 0.4944 0.0000
vt 0.8882 0.5203 0.0000
vt 0.9051 0.5118 0.0000
vt 0.8888 0.4856 0.0000
vt 0.9046 0.4755 0.0000
vt 0.9221 0.5027 0.0000
vt 0.3039 0.2400 0.0000
vt 0.3070 0.2545 0.0000
vt 0.3370 0.2362 0.0000
vt 0.3388 0.2498 0.0000
vt 0.3401 0.2610 0.0000
vt 0.3098 0.2677 0.0000
vt 0.3124 0.2783 0.0000
vt 0.3408 0.2703 0.0000
vt 0.3405 0.2776 0.0000
vt 0.3136 0.2866 0.0000
vt 0.7869 0.5001 0.0000
vt 0.7978 0.4970 0.0000
vt 0.7790 0.4743 0.0000
vt 0.7885 0.4712 0.0000
vt 0.7989 0.4672 0.0000
vt 0.8098 0.4931 0.0000
vt 0.8218 0.4885 0.0000
vt 0.8091 0.4626 0.0000
vt 0.8193 0.4573 0.0000
vt 0.8339 0.4829 0.0000
vt 0.8460 0.4765 0.0000
vt 0.8293 0.4512 0.0000
vt 0.8391 0.4442 0.0000
vt 0.8580 0.4690 0.0000
vt 0.8699 0.4605 0.0000
vt 0.8485 0.4363 0.0000
vt 0.8590 0.4271 0.0000
vt 0.8818 0.4513 0.0000
vt 0.3708 0.2383 0.0000
vt 0.3716 0.2477 0.0000
vt 0.4046 0.2403 0.0000
vt 0.4024 0.2479 0.0000
vt 0.4031 0.2546 0.0000
vt 0.3717 0.2565 0.0000
vt 0.3707 0.2638 0.0000
vt 0.3982 0.2603 0.0000
vt 0.3879 0.2652 0.0000
vt 0.3690 0.2696 0.0000
vt 0.7687 0.4463 0.0000
vt 0.7768 0.4434 0.0000
vt 0.7570 0.4160 0.0000
vt 0.7645 0.4147 0.0000
vt 0.7708 0.4100 0.0000
vt 0.7854 0.4398 0.0000
vt 0.7938 0.4357 0.0000
vt 0.7782 0.4085 0.0000
vt 0.7838 0.4032 0.0000
vt 0.8020 0.4310 0.0000
vt 0.8099 0.4257 0.0000
vt 0.7908 0.4008 0.0000
vt 0.7955 0.3950 0.0000
vt 0.8175 0.4199 0.0000
vt 0.8246 0.4133 0.0000
vt 0.8017 0.3915 0.0000
vt 0.8041 0.3858 0.0000
vt 0.8315 0.4065 0.0000
vt 0.4285 0.2501 0.0000
vt 0.4404 0.2550 0.0000
vt 0.4402 0.2484 0.0000
vt 0.4757 0.2564 0.0000
vt 0.4801 0.2612 0.0000
vt 0.4377 0.2648 0.0000
vt 0.4195 0.2614 0.0000
vt 0.4425 0.2573 0.0000
vt 0.3974 0.2696 0.0000
vt 0.3949 0.2665 0.0000
vt 0.4803 0.2589 0.0000
vt 0.4464 0.2696 0.0000
vt 0.4228 0.2700 0.0000
vt 0.4378 0.2636 0.0000
vt 0.4043 0.2774 0.0000
vt 0.3926 0.2770 0.0000
vt 0.3977 0.2725 0.0000
vt 0.1573 0.4435 0.0000
vt 0.1473 0.4635 0.0000
vt 0.1409 0.4608 0.0000
vt 0.1511 0.4406 0.0000
vt 0.1653 0.4471 0.0000
vt 0.1555 0.4668 0.0000
vt 0.1629 0.4211 0.0000
vt 0.1689 0.4242 0.0000
vt 0.1761 0.4024 0.0000
vt 0.1819 0.4057 0.0000
vt 0.1894 0.4096 0.0000
vt 0.1766 0.4280 0.0000
vt 0.1909 0.3845 0.0000
vt 0.1964 0.3879 0.0000
vt 0.2072 0.3675 0.0000
vt 0.2124 0.3710 0.0000
vt 0.2194 0.3751 0.0000
vt 0.2037 0.3920 0.0000
vt 0.2250 0.3514 0.0000
vt 0.2299 0.3548 0.0000
vt 0.2443 0.3362 0.0000
vt 0.2490 0.3396 0.0000
vt 0.2554 0.3437 0.0000
vt 0.2366 0.3590 0.0000
vt 0.2654 0.3221 0.0000
vt 0.2697 0.3253 0.0000
vt 0.2880 0.3090 0.0000
vt 0.2920 0.3121 0.0000
vt 0.2978 0.3159 0.0000
vt 0.2759 0.3293 0.0000
vt 0.3123 0.2972 0.0000
vt 0.3158 0.3001 0.0000
vt 0.3386 0.2866 0.0000
vt 0.3415 0.2892 0.0000
vt 0.3462 0.2925 0.0000
vt 0.3210 0.3037 0.0000
vt 0.3670 0.2771 0.0000
vt 0.3697 0.2795 0.0000
vt 0.3741 0.2824 0.0000
vt 0.4866 0.2658 0.0000
vt 0.4496 0.2730 0.0000
vt 0.4914 0.2703 0.0000
vt 0.4593 0.2880 0.0000
vt 0.4459 0.2898 0.0000
vt 0.4553 0.2818 0.0000
vt 0.4968 0.2753 0.0000
vt 0.4667 0.2965 0.0000
vt 0.4535 0.2996 0.0000
vt 0.4620 0.2905 0.0000
vt 0.5026 0.2807 0.0000
vt 0.4748 0.3050 0.0000
vt 0.4621 0.3092 0.0000
vt 0.4696 0.2993 0.0000
vt 0.5091 0.2865 0.0000
vt 0.4838 0.3133 0.0000
vt 0.4715 0.3186 0.0000
vt 0.4781 0.3079 0.0000
vt 0.5162 0.2926 0.0000
vt 0.4934 0.3214 0.0000
vt 0.4817 0.3276 0.0000
vt 0.4873 0.3163 0.0000
vt 0.5239 0.2987 0.0000
vt 0.5036 0.3292 0.0000
vt 0.4926 0.3362 0.0000
vt 0.4972 0.3244 0.0000
vt 0.5322 0.3048 0.0000
vt 0.5144 0.3367 0.0000
vt 0.5041 0.3443 0.0000
vt 0.5078 0.3322 0.0000
vt 0.5410 0.3107 0.0000
vt 0.5258 0.3438 0.0000
vt 0.5161 0.3520 0.0000
vt 0.5189 0.3396 0.0000
vt 0.5504 0.3163 0.0000
vt 0.5375 0.3504 0.0000
vt 0.5285 0.3592 0.0000
vt 0.5305 0.3466 0.0000
vt 0.5603 0.3216 0.0000
vt 0.5497 0.3566 0.0000
vt 0.5414 0.3659 0.0000
vt 0.5425 0.3531 0.0000
vt 0.5706 0.3264 0.0000
vt 0.5591 0.3703 0.0000
vt 0.5505 0.3855 0.0000
vt 0.5549 0.3590 0.0000
vt 0.5485 0.4103 0.0000
vt 0.5450 0.4110 0.0000
vt 0.5813 0.3307 0.0000
vt 0.5751 0.3674 0.0000
vt 0.5630 0.3891 0.0000
vt 0.5644 0.3724 0.0000
vt 0.5684 0.4047 0.0000
vt 0.5597 0.4080 0.0000
vt 0.5525 0.4169 0.0000
vt 0.5516 0.4114 0.0000
vt 0.4965 0.5561 0.0000
vt 0.4925 0.5669 0.0000
vt 0.4892 0.5663 0.0000
vt 0.4931 0.5557 0.0000
vt 0.4973 0.5447 0.0000
vt 0.5007 0.5449 0.0000
vt 0.5053 0.5449 0.0000
vt 0.5010 0.5564 0.0000
vt 0.4969 0.5675 0.0000
vt 0.5017 0.5331 0.0000
vt 0.5052 0.5330 0.0000
vt 0.5065 0.5207 0.0000
vt 0.5100 0.5204 0.0000
vt 0.5147 0.5198 0.0000
vt 0.5098 0.5328 0.0000
vt 0.5116 0.5073 0.0000
vt 0.5151 0.5068 0.0000
vt 0.5171 0.4929 0.0000
vt 0.5207 0.4920 0.0000
vt 0.5255 0.4905 0.0000
vt 0.5200 0.5057 0.0000
vt 0.5232 0.4770 0.0000
vt 0.5265 0.4760 0.0000
vt 0.5303 0.4586 0.0000
vt 0.5334 0.4575 0.0000
vt 0.5380 0.4554 0.0000
vt 0.5314 0.4742 0.0000
vt 0.5388 0.4366 0.0000
vt 0.5417 0.4351 0.0000
vt 0.5462 0.4326 0.0000
vt 0.5923 0.3343 0.0000
vt 0.5883 0.3719 0.0000
vt 0.5819 0.3826 0.0000
vt 0.5806 0.3692 0.0000
vt 0.5837 0.4084 0.0000
vt 0.5758 0.4074 0.0000
vt 0.5662 0.6398 0.0000
vt 0.5623 0.6503 0.0000
vt 0.5519 0.6464 0.0000
vt 0.5558 0.6360 0.0000
vt 0.5767 0.6436 0.0000
vt 0.5727 0.6543 0.0000
vt 0.5873 0.6475 0.0000
vt 0.5833 0.6583 0.0000
vt 0.5981 0.6514 0.0000
vt 0.5940 0.6623 0.0000
vt 0.6090 0.6554 0.0000
vt 0.6049 0.6665 0.0000
vt 0.6202 0.6594 0.0000
vt 0.6159 0.6707 0.0000
vt 0.6315 0.6636 0.0000
vt 0.6272 0.6751 0.0000
vt 0.6226 0.6866 0.0000
vt 0.6115 0.6820 0.0000
vt 0.6431 0.6678 0.0000
vt 0.6386 0.6795 0.0000
vt 0.6339 0.6912 0.0000
vt 0.6503 0.6841 0.0000
vt 0.6455 0.6961 0.0000
vt 0.6549 0.6721 0.0000
vt 0.6670 0.6765 0.0000
vt 0.6623 0.6888 0.0000
vt 0.6573 0.7011 0.0000
vt 0.6747 0.6937 0.0000
vt 0.6694 0.7063 0.0000
vt 0.6795 0.6810 0.0000
vt 0.6923 0.6857 0.0000
vt 0.6873 0.6988 0.0000
vt 0.6819 0.7117 0.0000
vt 0.7004 0.7040 0.0000
vt 0.6947 0.7174 0.0000
vt 0.7056 0.6905 0.0000
vt 0.7183 0.6951 0.0000
vt 0.7129 0.7091 0.0000
vt 0.7069 0.7229 0.0000
vt 0.7237 0.7135 0.0000
vt 0.7175 0.7277 0.0000
vt 0.7292 0.6991 0.0000
vt 0.7379 0.7023 0.0000
vt 0.7322 0.7170 0.0000
vt 0.7258 0.7316 0.0000
vt 0.7106 0.7418 0.0000
vt 0.7187 0.7460 0.0000
vt 0.5596 0.6255 0.0000
vt 0.5700 0.6292 0.0000
vt 0.5529 0.6113 0.0000
vt 0.5492 0.6218 0.0000
vt 0.5390 0.6181 0.0000
vt 0.5427 0.6077 0.0000
vt 0.5633 0.6149 0.0000
vt 0.5455 0.6322 0.0000
vt 0.5737 0.6185 0.0000
vt 0.5843 0.6221 0.0000
vt 0.5805 0.6329 0.0000
vt 0.5912 0.6366 0.0000
vt 0.5950 0.6257 0.0000
vt 0.6058 0.6293 0.0000
vt 0.6020 0.6404 0.0000
vt 0.6130 0.6442 0.0000
vt 0.6168 0.6329 0.0000
vt 0.6280 0.6365 0.0000
vt 0.6242 0.6481 0.0000
vt 0.6356 0.6520 0.0000
vt 0.6394 0.6402 0.0000
vt 0.6511 0.6439 0.0000
vt 0.6472 0.6559 0.0000
vt 0.6591 0.6600 0.0000
vt 0.6631 0.6476 0.0000
vt 0.6754 0.6514 0.0000
vt 0.6714 0.6641 0.0000
vt 0.6839 0.6682 0.0000
vt 0.6880 0.6552 0.0000
vt 0.7010 0.6591 0.0000
vt 0.6969 0.6725 0.0000
vt 0.7103 0.6769 0.0000
vt 0.7145 0.6630 0.0000
vt 0.7274 0.6666 0.0000
vt 0.7231 0.6810 0.0000
vt 0.7342 0.6846 0.0000
vt 0.7386 0.6697 0.0000
vt 0.7474 0.6721 0.0000
vt 0.7430 0.6874 0.0000
vt 0.5464 0.5970 0.0000
vt 0.5566 0.6006 0.0000
vt 0.5160 0.5863 0.0000
vt 0.5199 0.5755 0.0000
vt 0.5299 0.5791 0.0000
vt 0.5261 0.5899 0.0000
vt 0.5400 0.5826 0.0000
vt 0.5362 0.5935 0.0000
vt 0.5501 0.5861 0.0000
vt 0.5325 0.6041 0.0000
vt 0.5603 0.5895 0.0000
vt 0.5706 0.5929 0.0000
vt 0.5670 0.6041 0.0000
vt 0.5774 0.6075 0.0000
vt 0.5810 0.5963 0.0000
vt 0.5915 0.5996 0.0000
vt 0.5879 0.6110 0.0000
vt 0.5986 0.6145 0.0000
vt 0.6022 0.6029 0.0000
vt 0.6130 0.6062 0.0000
vt 0.6094 0.6179 0.0000
vt 0.6205 0.6213 0.0000
vt 0.6240 0.6094 0.0000
vt 0.6352 0.6127 0.0000
vt 0.6317 0.6248 0.0000
vt 0.6431 0.6282 0.0000
vt 0.6466 0.6158 0.0000
vt 0.6583 0.6190 0.0000
vt 0.6548 0.6316 0.0000
vt 0.6668 0.6351 0.0000
vt 0.6702 0.6221 0.0000
vt 0.6825 0.6252 0.0000
vt 0.6791 0.6385 0.0000
vt 0.6917 0.6419 0.0000
vt 0.6951 0.6282 0.0000
vt 0.7082 0.6312 0.0000
vt 0.7048 0.6453 0.0000
vt 0.7183 0.6488 0.0000
vt 0.7216 0.6341 0.0000
vt 0.7344 0.6368 0.0000
vt 0.7312 0.6519 0.0000
vt 0.7424 0.6545 0.0000
vt 0.7456 0.6389 0.0000
vt 0.7544 0.6405 0.0000
vt 0.7512 0.6566 0.0000
vt 0.5239 0.5644 0.0000
vt 0.5338 0.5679 0.0000
vt 0.5107 0.5722 0.0000
vt 0.5147 0.5611 0.0000
vt 0.5189 0.5494 0.0000
vt 0.5280 0.5527 0.0000
vt 0.5379 0.5562 0.0000
vt 0.5438 0.5714 0.0000
vt 0.5478 0.5596 0.0000
vt 0.5578 0.5629 0.0000
vt 0.5539 0.5748 0.0000
vt 0.5641 0.5781 0.0000
vt 0.5679 0.5661 0.0000
vt 0.5780 0.5693 0.0000
vt 0.5743 0.5814 0.0000
vt 0.5847 0.5846 0.0000
vt 0.5883 0.5724 0.0000
vt 0.5987 0.5755 0.0000
vt 0.5951 0.5878 0.0000
vt 0.6057 0.5910 0.0000
vt 0.6093 0.5784 0.0000
vt 0.6199 0.5813 0.0000
vt 0.6165 0.5941 0.0000
vt 0.6062 0.5910 0.0000
vt 0.6274 0.5971 0.0000
vt 0.6308 0.5842 0.0000
vt 0.6419 0.5869 0.0000
vt 0.6386 0.6001 0.0000
vt 0.6500 0.6030 0.0000
vt 0.6531 0.5896 0.0000
vt 0.6646 0.5921 0.0000
vt 0.6616 0.6059 0.0000
vt 0.6735 0.6087 0.0000
vt 0.6764 0.5946 0.0000
vt 0.6885 0.5970 0.0000
vt 0.6856 0.6114 0.0000
vt 0.6982 0.6140 0.0000
vt 0.7009 0.5992 0.0000
vt 0.7136 0.6013 0.0000
vt 0.7111 0.6165 0.0000
vt 0.7245 0.6190 0.0000
vt 0.7268 0.6032 0.0000
vt 0.7393 0.6048 0.0000
vt 0.7372 0.6211 0.0000
vt 0.7482 0.6228 0.0000
vt 0.7502 0.6060 0.0000
vt 0.7587 0.6068 0.0000
vt 0.7569 0.6240 0.0000
vt 0.5233 0.5371 0.0000
vt 0.5323 0.5403 0.0000
vt 0.5280 0.5240 0.0000
vt 0.5369 0.5271 0.0000
vt 0.5465 0.5305 0.0000
vt 0.5421 0.5438 0.0000
vt 0.5519 0.5471 0.0000
vt 0.5562 0.5337 0.0000
vt 0.5660 0.5368 0.0000
vt 0.5618 0.5503 0.0000
vt 0.5718 0.5535 0.0000
vt 0.5759 0.5399 0.0000
vt 0.5858 0.5428 0.0000
vt 0.5819 0.5565 0.0000
vt 0.5920 0.5595 0.0000
vt 0.5958 0.5456 0.0000
vt 0.6060 0.5484 0.0000
vt 0.6023 0.5624 0.0000
vt 0.6128 0.5652 0.0000
vt 0.6163 0.5510 0.0000
vt 0.6267 0.5535 0.0000
vt 0.6233 0.5679 0.0000
vt 0.6341 0.5705 0.0000
vt 0.6373 0.5559 0.0000
vt 0.6480 0.5581 0.0000
vt 0.6450 0.5730 0.0000
vt 0.6561 0.5754 0.0000
vt 0.6590 0.5602 0.0000
vt 0.6701 0.5622 0.0000
vt 0.6675 0.5776 0.0000
vt 0.6791 0.5798 0.0000
vt 0.6815 0.5640 0.0000
vt 0.6932 0.5656 0.0000
vt 0.6910 0.5818 0.0000
vt 0.7032 0.5836 0.0000
vt 0.7051 0.5670 0.0000
vt 0.7173 0.5682 0.0000
vt 0.7157 0.5852 0.0000
vt 0.7286 0.5866 0.0000
vt 0.7299 0.5691 0.0000
vt 0.7418 0.5698 0.0000
vt 0.7409 0.5877 0.0000
vt 0.7514 0.5885 0.0000
vt 0.7520 0.5700 0.0000
vt 0.7601 0.5701 0.0000
vt 0.7598 0.5889 0.0000
vt 0.5331 0.5097 0.0000
vt 0.5418 0.5128 0.0000
vt 0.5387 0.4939 0.0000
vt 0.5472 0.4969 0.0000
vt 0.5565 0.5001 0.0000
vt 0.5513 0.5160 0.0000
vt 0.5608 0.5192 0.0000
vt 0.5658 0.5031 0.0000
vt 0.5752 0.5060 0.0000
vt 0.5704 0.5222 0.0000
vt 0.5801 0.5251 0.0000
vt 0.5847 0.5088 0.0000
vt 0.5942 0.5114 0.0000
vt 0.5899 0.5279 0.0000
vt 0.5997 0.5306 0.0000
vt 0.6038 0.5140 0.0000
vt 0.6136 0.5163 0.0000
vt 0.6097 0.5332 0.0000
vt 0.6198 0.5356 0.0000
vt 0.6234 0.5186 0.0000
vt 0.6334 0.5206 0.0000
vt 0.6300 0.5379 0.0000
vt 0.6404 0.5400 0.0000
vt 0.6435 0.5226 0.0000
vt 0.6537 0.5243 0.0000
vt 0.6509 0.5420 0.0000
vt 0.6616 0.5439 0.0000
vt 0.6641 0.5259 0.0000
vt 0.6747 0.5272 0.0000
vt 0.6725 0.5455 0.0000
vt 0.6836 0.5470 0.0000
vt 0.6854 0.5284 0.0000
vt 0.6963 0.5293 0.0000
vt 0.6950 0.5482 0.0000
vt 0.7065 0.5492 0.0000
vt 0.7074 0.5299 0.0000
vt 0.7187 0.5303 0.0000
vt 0.7184 0.5500 0.0000
vt 0.7305 0.5505 0.0000
vt 0.7303 0.5303 0.0000
vt 0.7412 0.5301 0.0000
vt 0.7419 0.5506 0.0000
vt 0.7517 0.5505 0.0000
vt 0.7504 0.5296 0.0000
vt 0.7577 0.5290 0.0000
vt 0.7594 0.5503 0.0000
vt 0.5448 0.4764 0.0000
vt 0.5532 0.4791 0.0000
vt 0.5519 0.4559 0.0000
vt 0.5601 0.4583 0.0000
vt 0.5687 0.4612 0.0000
vt 0.5622 0.4821 0.0000
vt 0.5713 0.4850 0.0000
vt 0.5774 0.4640 0.0000
vt 0.5862 0.4666 0.0000
vt 0.5804 0.4878 0.0000
vt 0.5896 0.4904 0.0000
vt 0.5950 0.4691 0.0000
vt 0.6039 0.4714 0.0000
vt 0.5988 0.4929 0.0000
vt 0.6082 0.4953 0.0000
vt 0.6129 0.4735 0.0000
vt 0.6219 0.4755 0.0000
vt 0.6176 0.4975 0.0000
vt 0.6271 0.4995 0.0000
vt 0.6310 0.4774 0.0000
vt 0.6402 0.4790 0.0000
vt 0.6368 0.5014 0.0000
vt 0.6465 0.5030 0.0000
vt 0.6495 0.4805 0.0000
vt 0.6588 0.4817 0.0000
vt 0.6564 0.5045 0.0000
vt 0.6664 0.5058 0.0000
vt 0.6683 0.4828 0.0000
vt 0.6778 0.4836 0.0000
vt 0.6765 0.5069 0.0000
vt 0.6867 0.5077 0.0000
vt 0.6875 0.4842 0.0000
vt 0.6972 0.4845 0.0000
vt 0.6971 0.5083 0.0000
vt 0.7077 0.5086 0.0000
vt 0.7071 0.4846 0.0000
vt 0.7170 0.4843 0.0000
vt 0.7184 0.5086 0.0000
vt 0.7292 0.5083 0.0000
vt 0.7270 0.4837 0.0000
vt 0.7363 0.4828 0.0000
vt 0.7394 0.5077 0.0000
vt 0.7480 0.5069 0.0000
vt 0.7442 0.4818 0.0000
vt 0.7503 0.4809 0.0000
vt 0.7547 0.5061 0.0000
vt 0.5601 0.4315 0.0000
vt 0.5681 0.4335 0.0000
vt 0.5763 0.4362 0.0000
vt 0.5845 0.4388 0.0000
vt 0.5911 0.4123 0.0000
vt 0.5991 0.4130 0.0000
vt 0.5928 0.4413 0.0000
vt 0.6011 0.4436 0.0000
vt 0.6066 0.4166 0.0000
vt 0.6146 0.4169 0.0000
vt 0.6095 0.4458 0.0000
vt 0.6180 0.4477 0.0000
vt 0.6223 0.4203 0.0000
vt 0.6303 0.4201 0.0000
vt 0.6265 0.4495 0.0000
vt 0.6351 0.4512 0.0000
vt 0.6382 0.4232 0.0000
vt 0.6461 0.4227 0.0000
vt 0.6437 0.4526 0.0000
vt 0.6524 0.4539 0.0000
vt 0.6542 0.4254 0.0000
vt 0.6621 0.4244 0.0000
vt 0.6611 0.4550 0.0000
vt 0.6699 0.4558 0.0000
vt 0.6703 0.4268 0.0000
vt 0.6781 0.4254 0.0000
vt 0.6787 0.4564 0.0000
vt 0.6876 0.4568 0.0000
vt 0.6864 0.4274 0.0000
vt 0.6942 0.4255 0.0000
vt 0.6965 0.4569 0.0000
vt 0.7054 0.4568 0.0000
vt 0.7026 0.4271 0.0000
vt 0.7103 0.4246 0.0000
vt 0.7144 0.4564 0.0000
vt 0.7234 0.4556 0.0000
vt 0.7186 0.4257 0.0000
vt 0.7261 0.4233 0.0000
vt 0.7317 0.4547 0.0000
vt 0.7386 0.4537 0.0000
vt 0.7335 0.4256 0.0000
vt 0.7390 0.4338 0.0000
vt 0.7440 0.4527 0.0000
vt 0.6036 0.3373 0.0000
vt 0.6017 0.3757 0.0000
vt 0.5959 0.3869 0.0000
vt 0.5939 0.3733 0.0000
vt 0.6151 0.3395 0.0000
vt 0.6153 0.3788 0.0000
vt 0.6101 0.3906 0.0000
vt 0.6075 0.3768 0.0000
vt 0.6269 0.3408 0.0000
vt 0.6291 0.3812 0.0000
vt 0.6246 0.3935 0.0000
vt 0.6212 0.3795 0.0000
vt 0.6388 0.3413 0.0000
vt 0.6430 0.3828 0.0000
vt 0.6391 0.3957 0.0000
vt 0.6351 0.3815 0.0000
vt 0.6510 0.3410 0.0000
vt 0.6571 0.3837 0.0000
vt 0.6538 0.3972 0.0000
vt 0.6491 0.3827 0.0000
vt 0.6632 0.3400 0.0000
vt 0.6713 0.3837 0.0000
vt 0.6686 0.3979 0.0000
vt 0.6632 0.3831 0.0000
vt 0.6756 0.3384 0.0000
vt 0.6855 0.3830 0.0000
vt 0.6834 0.3978 0.0000
vt 0.6775 0.3829 0.0000
vt 0.6881 0.3365 0.0000
vt 0.6997 0.3817 0.0000
vt 0.6982 0.3970 0.0000
vt 0.6917 0.3820 0.0000
vt 0.7006 0.3343 0.0000
vt 0.7138 0.3796 0.0000
vt 0.7129 0.3954 0.0000
vt 0.7059 0.3806 0.0000
vt 0.7180 0.3332 0.0000
vt 0.7301 0.3776 0.0000
vt 0.7311 0.4008 0.0000
vt 0.7224 0.3791 0.0000
vt 0.7420 0.4209 0.0000
vt 0.7396 0.4244 0.0000
vt 0.7207 0.3326 0.0000
vt 0.7388 0.3751 0.0000
vt 0.7416 0.3982 0.0000
vt 0.7314 0.3773 0.0000
vt 0.7517 0.4212 0.0000
vt 0.7511 0.4309 0.0000
vt 0.7459 0.4229 0.0000
vt 0.7404 0.7383 0.0000
vt 0.7328 0.7533 0.0000
vt 0.7284 0.7510 0.0000
vt 0.7358 0.7362 0.0000
vt 0.7465 0.7413 0.0000
vt 0.7387 0.7565 0.0000
vt 0.7425 0.7212 0.0000
vt 0.7471 0.7232 0.0000
vt 0.7484 0.7061 0.0000
vt 0.7531 0.7078 0.0000
vt 0.7596 0.7102 0.0000
vt 0.7534 0.7258 0.0000
vt 0.7536 0.6907 0.0000
vt 0.7584 0.6922 0.0000
vt 0.7581 0.6750 0.0000
vt 0.7629 0.6763 0.0000
vt 0.7695 0.6780 0.0000
vt 0.7649 0.6942 0.0000
vt 0.7619 0.6590 0.0000
vt 0.7667 0.6600 0.0000
vt 0.7650 0.6424 0.0000
vt 0.7698 0.6432 0.0000
vt 0.7763 0.6442 0.0000
vt 0.7733 0.6613 0.0000
vt 0.7674 0.6254 0.0000
vt 0.7721 0.6260 0.0000
vt 0.7690 0.6078 0.0000
vt 0.7736 0.6081 0.0000
vt 0.7799 0.6084 0.0000
vt 0.7786 0.6266 0.0000
vt 0.7698 0.5894 0.0000
vt 0.7743 0.5895 0.0000
vt 0.7697 0.5702 0.0000
vt 0.7740 0.5700 0.0000
vt 0.7798 0.5697 0.0000
vt 0.7804 0.5895 0.0000
vt 0.7686 0.5499 0.0000
vt 0.7727 0.5495 0.0000
vt 0.7663 0.5283 0.0000
vt 0.7702 0.5278 0.0000
vt 0.7753 0.5270 0.0000
vt 0.7782 0.5490 0.0000
vt 0.7627 0.5051 0.0000
vt 0.7663 0.5045 0.0000
vt 0.7575 0.4797 0.0000
vt 0.7607 0.4790 0.0000
vt 0.7648 0.4780 0.0000
vt 0.7709 0.5036 0.0000
vt 0.7503 0.4515 0.0000
vt 0.7530 0.4508 0.0000
vt 0.7566 0.4499 0.0000
vt 0.7330 0.3285 0.0000
vt 0.7519 0.3702 0.0000
vt 0.7535 0.3860 0.0000
vt 0.7449 0.3731 0.0000
vt 0.7406 0.3286 0.0000
vt 0.7620 0.3666 0.0000
vt 0.7649 0.3817 0.0000
vt 0.7557 0.3702 0.0000
vt 0.7467 0.3296 0.0000
vt 0.7707 0.3628 0.0000
vt 0.7749 0.3767 0.0000
vt 0.7651 0.3671 0.0000
vt 0.7833 0.3709 0.0000
vt 0.7728 0.3634 0.0000
vt 0.7510 0.3309 0.0000
vt 0.7775 0.3584 0.0000
vt 0.7315 0.7342 0.0000
vt 0.7242 0.7488 0.0000
vt 0.7438 0.7044 0.0000
vt 0.7380 0.7194 0.0000
vt 0.7534 0.6738 0.0000
vt 0.7490 0.6893 0.0000
vt 0.7604 0.6416 0.0000
vt 0.7572 0.6579 0.0000
vt 0.7645 0.6074 0.0000
vt 0.7628 0.6248 0.0000
vt 0.7655 0.5702 0.0000
vt 0.7654 0.5892 0.0000
vt 0.7626 0.5286 0.0000
vt 0.7646 0.5501 0.0000
vt 0.7544 0.4803 0.0000
vt 0.7593 0.5056 0.0000
vt 0.7476 0.4521 0.0000
vt 0.7555 0.7456 0.0000
vt 0.7474 0.7613 0.0000
vt 0.7691 0.7136 0.0000
vt 0.7628 0.7298 0.0000
vt 0.7793 0.6805 0.0000
vt 0.7746 0.6972 0.0000
vt 0.7860 0.6457 0.0000
vt 0.7831 0.6633 0.0000
vt 0.7892 0.6089 0.0000
vt 0.7881 0.6276 0.0000
vt 0.7885 0.5693 0.0000
vt 0.7894 0.5895 0.0000
vt 0.7829 0.5259 0.0000
vt 0.7863 0.5482 0.0000
vt 0.7710 0.4765 0.0000
vt 0.7779 0.5022 0.0000
vt 0.7619 0.4484 0.0000
vt 0.1767 0.4529 0.0000
vt 0.1673 0.4720 0.0000
vt 0.1996 0.4165 0.0000
vt 0.1874 0.4344 0.0000
vt 0.2280 0.3825 0.0000
vt 0.2131 0.3992 0.0000
vt 0.2624 0.3512 0.0000
vt 0.2444 0.3665 0.0000
vt 0.3033 0.3229 0.0000
vt 0.2821 0.3367 0.0000
vt 0.3511 0.2982 0.0000
vt 0.3261 0.3101 0.0000
vt 0.3787 0.2870 0.0000
vt 0.1451 0.4368 0.0000
vt 0.1344 0.4576 0.0000
vt 0.1254 0.4792 0.0000
vt 0.1713 0.3976 0.0000
vt 0.1574 0.4167 0.0000
vt 0.2039 0.3621 0.0000
vt 0.1868 0.3793 0.0000
vt 0.2426 0.3307 0.0000
vt 0.2224 0.3459 0.0000
vt 0.2878 0.3040 0.0000
vt 0.2645 0.3167 0.0000
vt 0.3390 0.2829 0.0000
vt 0.3126 0.2928 0.0000
vt 0.3673 0.2739 0.0000
vt 0.4947 0.5426 0.0000
vt 0.4905 0.5538 0.0000
vt 0.4864 0.5646 0.0000
vt 0.5042 0.5181 0.0000
vt 0.4993 0.5308 0.0000
vt 0.5152 0.4899 0.0000
vt 0.5094 0.5045 0.0000
vt 0.5287 0.4560 0.0000
vt 0.5215 0.4740 0.0000
vt 0.5371 0.4347 0.0000
vt 0.5113 0.5466 0.0000
vt 0.5070 0.5583 0.0000
vt 0.5030 0.5694 0.0000
vt 0.5207 0.5212 0.0000
vt 0.5158 0.5344 0.0000
vt 0.5315 0.4915 0.0000
vt 0.5259 0.5070 0.0000
vt 0.5444 0.4549 0.0000
vt 0.5375 0.4745 0.0000
vt 0.5526 0.4313 0.0000
vt 0.5049 0.5763 0.0000
vt 0.5013 0.5740 0.0000
vt 0.5084 0.5785 0.0000
vt 0.4976 0.5717 0.0000
vt 0.4957 0.5706 0.0000
vt 0.5013 0.5739 0.0000
vt 0.4947 0.5700 0.0000
vt 0.4918 0.5685 0.0000
vt 0.4914 0.5683 0.0000
vt 0.4889 0.5671 0.0000
vt 0.4863 0.5654 0.0000
vt 0.4861 0.5653 0.0000
vt 0.4827 0.5630 0.0000
vt 0.4825 0.5628 0.0000
vt 0.4822 0.5626 0.0000
vt 0.4768 0.5595 0.0000
vt 0.4617 0.5520 0.0000
vt 0.4606 0.5514 0.0000
vt 0.4696 0.5557 0.0000
vt 0.4701 0.5560 0.0000
vt 0.3216 0.5101 0.0000
vt 0.3118 0.5062 0.0000
vt 0.3244 0.5112 0.0000
vt 0.2936 0.4994 0.0000
vt 0.2851 0.4962 0.0000
vt 0.2988 0.5011 0.0000
vt 0.3080 0.5048 0.0000
vt 0.1566 0.4739 0.0000
vt 0.1527 0.4738 0.0000
vt 0.1662 0.4749 0.0000
vt 0.1763 0.4759 0.0000
vt 0.1682 0.4750 0.0000
vt 0.1815 0.4765 0.0000
vt 0.1827 0.4767 0.0000
vt 0.1852 0.4771 0.0000
vt 0.2015 0.4789 0.0000
vt 0.2388 0.4841 0.0000
vt 0.2384 0.4841 0.0000
vt 0.2383 0.4841 0.0000
vt 0.2206 0.4812 0.0000
vt 0.2551 0.4875 0.0000
vt 0.2778 0.4940 0.0000
vt 0.2706 0.4916 0.0000
vt 0.2596 0.4888 0.0000
vt 0.2123 0.4804 0.0000
vt 0.4520 0.5479 0.0000
vt 0.4506 0.5473 0.0000
vt 0.4327 0.5419 0.0000
vt 0.4401 0.5439 0.0000
vt 0.4410 0.5442 0.0000
vt 0.4159 0.5378 0.0000
vt 0.4072 0.5357 0.0000
vt 0.4184 0.5383 0.0000
vt 0.4289 0.5409 0.0000
vt 0.4294 0.5410 0.0000
vt 0.3611 0.5242 0.0000
vt 0.3607 0.5241 0.0000
vt 0.3725 0.5274 0.0000
vt 0.4023 0.5347 0.0000
vt 0.3958 0.5332 0.0000
vt 0.3885 0.5315 0.0000
vt 0.3842 0.5304 0.0000
vt 0.3747 0.5280 0.0000
vt 0.3575 0.5230 0.0000
vt 0.3488 0.5202 0.0000
vt 0.3348 0.5151 0.0000
vt 0.3367 0.5158 0.0000
vt 0.3478 0.5198 0.0000
vt 0.5413 0.6342 0.0000
vt 0.5392 0.6299 0.0000
vt 0.5433 0.6381 0.0000
vt 0.5449 0.6411 0.0000
vt 0.5467 0.6445 0.0000
vt 0.0169 0.5380 0.0000
vt 0.0121 0.5409 0.0000
vt 0.0422 0.5220 0.0000
vt 0.8873 0.8521 0.0000
vt 0.9080 0.8680 0.0000
vt 0.9110 0.8682 0.0000
vt 0.8768 0.8640 0.0000
vt 0.0535 0.5152 0.0000
vt 0.0711 0.5063 0.0000
vt 0.0935 0.4953 0.0000
vt 0.0944 0.4949 0.0000
vt 0.0952 0.4946 0.0000
vt 0.1124 0.4873 0.0000
vt 0.5366 0.6248 0.0000
vt 0.5378 0.6272 0.0000
vt 0.5343 0.6204 0.0000
vt 0.5317 0.6155 0.0000
vt 0.5297 0.6119 0.0000
vt 0.5307 0.6136 0.0000
vt 0.5087 0.5788 0.0000
vt 0.5103 0.5810 0.0000
vt 0.5133 0.5853 0.0000
vt 0.5153 0.5883 0.0000
vt 0.5146 0.5871 0.0000
vt 0.5227 0.5996 0.0000
vt 0.5230 0.6001 0.0000
vt 0.5234 0.6008 0.0000
vt 0.5188 0.5936 0.0000
vt 0.5269 0.6068 0.0000
vt 0.1169 0.4854 0.0000
vt 0.1243 0.4830 0.0000
vt 0.1301 0.4810 0.0000
vt 0.1254 0.4825 0.0000
vt 0.1325 0.4802 0.0000
vt 0.1330 0.4801 0.0000
vt 0.1339 0.4798 0.0000
vt 0.1418 0.4771 0.0000
vt 0.1477 0.4750 0.0000
vt 0.1511 0.4737 0.0000
vt 0.5923 0.6722 0.0000
vt 0.5905 0.6713 0.0000
vt 0.6009 0.6767 0.0000
vt 0.8144 0.8267 0.0000
vt 0.8129 0.8256 0.0000
vt 0.8307 0.8396 0.0000
vt 0.7983 0.8138 0.0000
vt 0.7963 0.8124 0.0000
vt 0.7836 0.8019 0.0000
vt 0.7808 0.7999 0.0000
vt 0.7699 0.7909 0.0000
vt 0.7661 0.7881 0.0000
vt 0.7576 0.7811 0.0000
vt 0.7530 0.7777 0.0000
vt 0.8325 0.8407 0.0000
vt 0.8501 0.8544 0.0000
vt 0.5829 0.6674 0.0000
vt 0.5803 0.6661 0.0000
vt 0.5736 0.6627 0.0000
vt 0.5701 0.6610 0.0000
vt 0.5646 0.6580 0.0000
vt 0.5603 0.6557 0.0000
vt 0.5507 0.6498 0.0000
vt 0.5562 0.6532 0.0000
vt 0.5485 0.6480 0.0000
vt 0.5487 0.6485 0.0000
vt 0.8531 0.8563 0.0000
vt 0.8580 0.8600 0.0000
vt 0.6089 0.6810 0.0000
vt 0.6062 0.6796 0.0000
vt 0.6016 0.6771 0.0000
vt 0.6113 0.6823 0.0000
vt 0.6111 0.6822 0.0000
vt 0.6327 0.6941 0.0000
vt 0.6402 0.6983 0.0000
vt 0.6436 0.7003 0.0000
vt 0.6207 0.6874 0.0000
vt 0.6219 0.6881 0.0000
vt 0.6304 0.6927 0.0000
vt 0.6502 0.7040 0.0000
vt 0.6548 0.7067 0.0000
vt 0.7006 0.7365 0.0000
vt 0.7005 0.7364 0.0000
vt 0.7015 0.7372 0.0000
vt 0.6809 0.7228 0.0000
vt 0.6777 0.7208 0.0000
vt 0.6895 0.7286 0.0000
vt 0.6706 0.7162 0.0000
vt 0.6661 0.7135 0.0000
vt 0.6604 0.7100 0.0000
vt 0.7097 0.7435 0.0000
vt 0.7088 0.7427 0.0000
vt 0.7181 0.7503 0.0000
vt 0.7169 0.7493 0.0000
vt 0.7216 0.7533 0.0000
vt 0.7155 0.7480 0.0000
vt 0.6910 0.7297 0.0000
vt 0.7427 0.7696 0.0000
vt 0.7426 0.7695 0.0000
vt 0.7486 0.7744 0.0000
vt 0.7385 0.7665 0.0000
vt 0.7347 0.7635 0.0000
vt 0.7253 0.7565 0.0000
vt 0.7277 0.7583 0.0000
vt 0.7292 0.7596 0.0000
vt 0.7323 0.7617 0.0000
vt 0.7228 0.7544 0.0000
vt 0.2299 0.4798 0.0000
vt 0.2397 0.4815 0.0000
vt 0.3240 0.5077 0.0000
vt 0.3257 0.5083 0.0000
vt 0.4110 0.5327 0.0000
vt 0.4199 0.5349 0.0000
vt 0.4947 0.4945 0.0000
vt 0.7632 0.7926 0.0000
vt 0.7787 0.8031 0.0000
vt 0.7948 0.8146 0.0000
vt 0.8117 0.8272 0.0000
vt 0.8294 0.8412 0.0000
vt 0.8456 0.8549 0.0000
vt 0.8491 0.8556 0.0000
vt 0.9046 0.8654 0.0000
vt 0.9127 0.8662 0.0000
vt 0.0570 0.5157 0.0000
vt 0.0703 0.5104 0.0000
vt 0.0942 0.4955 0.0000
vt 0.1005 0.4971 0.0000
vt 0.1107 0.4927 0.0000
vt 0.5898 0.6733 0.0000
vt 0.6005 0.6776 0.0000
vt 0.6885 0.7308 0.0000
vt 0.7004 0.7366 0.0000
vt 0.6734 0.6087 0.0000
vt 0.8002 0.5694 0.0000
vt 0.4970 0.5682 0.0000
vt 0.5022 0.5715 0.0000
vt 0.4967 0.5680 0.0000
vt 0.4949 0.5672 0.0000
vt 0.4965 0.5679 0.0000
vt 0.4929 0.5663 0.0000
vt 0.4927 0.5662 0.0000
vt 0.4901 0.5650 0.0000
vt 0.4897 0.5648 0.0000
vt 0.4894 0.5644 0.0000
vt 0.4872 0.5623 0.0000
vt 0.4865 0.5616 0.0000
vt 0.4839 0.5592 0.0000
vt 0.4333 0.5388 0.0000
vt 0.4413 0.5412 0.0000
vt 0.4307 0.5379 0.0000
vt 0.4650 0.5502 0.0000
vt 0.4708 0.5526 0.0000
vt 0.4616 0.5487 0.0000
vt 0.4734 0.5538 0.0000
vt 0.4783 0.5560 0.0000
vt 0.4800 0.5570 0.0000
vt 0.4446 0.5424 0.0000
vt 0.4516 0.5448 0.0000
vt 0.4552 0.5463 0.0000
vt 0.4088 0.5321 0.0000
vt 0.4213 0.5353 0.0000
vt 0.3807 0.5254 0.0000
vt 0.3859 0.5267 0.0000
vt 0.3742 0.5237 0.0000
vt 0.3947 0.5288 0.0000
vt 0.3974 0.5294 0.0000
vt 0.4083 0.5320 0.0000
vt 0.3668 0.5218 0.0000
vt 0.3623 0.5205 0.0000
vt 0.3531 0.5177 0.0000
vt 0.3503 0.5168 0.0000
vt 0.1849 0.4723 0.0000
vt 0.1805 0.4714 0.0000
vt 0.1684 0.4699 0.0000
vt 0.1929 0.4739 0.0000
vt 0.2032 0.4754 0.0000
vt 0.1672 0.4697 0.0000
vt 0.1604 0.4690 0.0000
vt 0.3130 0.5036 0.0000
vt 0.3395 0.5132 0.0000
vt 0.3381 0.5128 0.0000
vt 0.3259 0.5084 0.0000
vt 0.3121 0.5032 0.0000
vt 0.3000 0.4987 0.0000
vt 0.2976 0.4979 0.0000
vt 0.2863 0.4938 0.0000
vt 0.2432 0.4824 0.0000
vt 0.2564 0.4851 0.0000
vt 0.2219 0.4785 0.0000
vt 0.2185 0.4780 0.0000
vt 0.2819 0.4925 0.0000
vt 0.2718 0.4892 0.0000
vt 0.2641 0.4872 0.0000
vt 0.5479 0.6449 0.0000
vt 0.5494 0.6476 0.0000
vt 0.5506 0.6499 0.0000
vt 0.5455 0.6408 0.0000
vt 0.5436 0.6373 0.0000
vt 0.5396 0.6301 0.0000
vt 0.5417 0.6340 0.0000
vt 0.8532 0.8563 0.0000
vt 0.8790 0.8615 0.0000
vt 0.0216 0.5336 0.0000
vt 0.0421 0.5227 0.0000
vt 0.0121 0.5382 0.0000
vt 0.1234 0.4857 0.0000
vt 0.1172 0.4888 0.0000
vt 0.0830 0.5052 0.0000
vt 0.0931 0.5007 0.0000
vt 0.5379 0.6272 0.0000
vt 0.5312 0.6153 0.0000
vt 0.5341 0.6205 0.0000
vt 0.5303 0.6137 0.0000
vt 0.5295 0.6124 0.0000
vt 0.5121 0.5849 0.0000
vt 0.5096 0.5813 0.0000
vt 0.5081 0.5793 0.0000
vt 0.5182 0.5939 0.0000
vt 0.5224 0.6004 0.0000
vt 0.5150 0.5891 0.0000
vt 0.5139 0.5875 0.0000
vt 0.5224 0.6005 0.0000
vt 0.5263 0.6071 0.0000
vt 0.5042 0.5740 0.0000
vt 0.5028 0.5720 0.0000
vt 0.1254 0.4842 0.0000
vt 0.1305 0.4811 0.0000
vt 0.1332 0.4796 0.0000
vt 0.1325 0.4799 0.0000
vt 0.1347 0.4788 0.0000
vt 0.1429 0.4742 0.0000
vt 0.1564 0.4686 0.0000
vt 0.1558 0.4687 0.0000
vt 0.1546 0.4691 0.0000
vt 0.1523 0.4701 0.0000
vt 0.6076 0.6837 0.0000
vt 0.6101 0.6852 0.0000
vt 0.5998 0.6794 0.0000
vt 0.6363 0.6999 0.0000
vt 0.6423 0.7034 0.0000
vt 0.6313 0.6972 0.0000
vt 0.6265 0.6944 0.0000
vt 0.6206 0.6911 0.0000
vt 0.6170 0.6890 0.0000
vt 0.7110 0.7509 0.0000
vt 0.7144 0.7538 0.0000
vt 0.7073 0.7480 0.0000
vt 0.7039 0.7451 0.0000
vt 0.6982 0.7408 0.0000
vt 0.6955 0.7386 0.0000
vt 0.6875 0.7327 0.0000
vt 0.7384 0.7741 0.0000
vt 0.7394 0.7749 0.0000
vt 0.7318 0.7685 0.0000
vt 0.7240 0.7619 0.0000
vt 0.7266 0.7641 0.0000
vt 0.7228 0.7610 0.0000
vt 0.7280 0.7652 0.0000
vt 0.7215 0.7599 0.0000
vt 0.7191 0.7578 0.0000
vt 0.7172 0.7562 0.0000
vt 0.7494 0.7832 0.0000
vt 0.7496 0.7833 0.0000
vt 0.7523 0.7855 0.0000
vt 0.7615 0.7931 0.0000
vt 0.7623 0.7939 0.0000
vt 0.7499 0.7835 0.0000
vt 0.7746 0.8039 0.0000
vt 0.7766 0.8058 0.0000
vt 0.7888 0.8157 0.0000
vt 0.7917 0.8184 0.0000
vt 0.5838 0.6709 0.0000
vt 0.5797 0.6688 0.0000
vt 0.5793 0.6687 0.0000
vt 0.5983 0.6786 0.0000
vt 0.5895 0.6739 0.0000
vt 0.5703 0.6642 0.0000
vt 0.5691 0.6636 0.0000
vt 0.5615 0.6594 0.0000
vt 0.5593 0.6582 0.0000
vt 0.5890 0.6736 0.0000
vt 0.5533 0.6546 0.0000
vt 0.5533 0.6545 0.0000
vt 0.8043 0.8284 0.0000
vt 0.8079 0.8317 0.0000
vt 0.8217 0.8422 0.0000
vt 0.8255 0.8456 0.0000
vt 0.8336 0.8517 0.0000
vt 0.6463 0.7056 0.0000
vt 0.6534 0.7099 0.0000
vt 0.6430 0.7038 0.0000
vt 0.6872 0.7325 0.0000
vt 0.6861 0.7316 0.0000
vt 0.6772 0.7253 0.0000
vt 0.6762 0.7246 0.0000
vt 0.6760 0.7245 0.0000
vt 0.6563 0.7116 0.0000
vt 0.6646 0.7169 0.0000
vt 0.6663 0.7179 0.0000
vt 0.3177 0.8301 0.0000
vt 0.2915 0.8148 0.0000
vt 0.2884 0.8130 0.0000
vt 0.3140 0.8973 0.0000
vt 0.2327 0.7681 0.0000
vt 0.2308 0.7660 0.0000
vt 0.2072 0.7401 0.0000
vt 0.0928 0.6515 0.0000
vt 0.2034 0.7346 0.0000
vt 0.1842 0.7081 0.0000
vt 0.1783 0.6972 0.0000
vt 0.1645 0.6723 0.0000
vt 0.1566 0.6529 0.0000
vt 0.1485 0.6337 0.0000
vt 0.1390 0.6018 0.0000
vt 0.1365 0.5934 0.0000
vt 0.1298 0.5520 0.0000
vt 0.1299 0.5452 0.0000
vt 0.1301 0.5134 0.0000
vt 0.1125 0.3018 0.0000
vt 0.1315 0.4952 0.0000
vt 0.1327 0.4801 0.0000
vt 0.1397 0.4284 0.0000
vt 0.1405 0.4241 0.0000
vt 0.1440 0.4063 0.0000
vt 0.1489 0.3899 0.0000
vt 0.1498 0.3868 0.0000
vt 0.1835 0.3244 0.0000
vt 0.1913 0.3137 0.0000
vt 0.2011 0.3001 0.0000
vt 0.3034 0.2011 0.0000
vt 0.3165 0.1927 0.0000
vt 0.3274 0.1844 0.0000
vt 0.4111 0.1412 0.0000
vt 0.4153 0.1401 0.0000
vt 0.4402 0.1334 0.0000
vt 0.5303 0.1071 0.0000
vt 0.4421 0.1330 0.0000
vt 0.4634 0.1282 0.0000
vt 0.4701 0.1267 0.0000
vt 0.4980 0.1200 0.0000
vt 0.5010 0.1189 0.0000
vt 0.5211 0.1121 0.0000
vt 0.4695 0.1269 0.0000
vt 0.4689 0.1270 0.0000
vt 0.5335 0.1054 0.0000
vt 0.5343 0.1037 0.0000
vt 0.5352 0.1030 0.0000
vt 0.5100 0.0592 0.0000
vt 0.5358 0.1041 0.0000
vt 0.5364 0.1063 0.0000
vt 0.5409 0.1095 0.0000
vt 0.5474 0.1141 0.0000
vt 0.5581 0.1188 0.0000
vt 0.5795 0.1269 0.0000
vt 0.5690 0.1235 0.0000
vt 0.6259 0.1415 0.0000
vt 0.5964 0.1325 0.0000
vt 0.6039 0.1348 0.0000
vt 0.6266 0.1418 0.0000
vt 0.6296 0.1428 0.0000
vt 0.6533 0.1512 0.0000
vt 0.6561 0.1522 0.0000
vt 0.6565 0.1524 0.0000
vt 0.6830 0.1652 0.0000
vt 0.6875 0.1673 0.0000
vt 0.8486 0.2345 0.0000
vt 0.7099 0.1815 0.0000
vt 0.7178 0.1864 0.0000
vt 0.7462 0.2096 0.0000
vt 0.7604 0.2242 0.0000
vt 0.7722 0.2362 0.0000
vt 0.7831 0.2490 0.0000
vt 0.7969 0.2642 0.0000
vt 0.8048 0.2746 0.0000
vt 0.8199 0.2940 0.0000
vt 0.8739 0.4798 0.0000
vt 0.8711 0.5047 0.0000
vt 0.8711 0.5049 0.0000
vt 0.8697 0.5231 0.0000
vt 0.8466 0.6165 0.0000
vt 0.8406 0.6316 0.0000
vt 0.8337 0.6494 0.0000
vt 0.7593 0.8413 0.0000
vt 0.7490 0.7668 0.0000
vt 0.7439 0.7715 0.0000
vt 0.7423 0.7732 0.0000
vt 0.7624 0.7547 0.0000
vt 0.7289 0.7865 0.0000
vt 0.7281 0.7873 0.0000
vt 0.6658 0.8172 0.0000
vt 0.6599 0.8189 0.0000
vt 0.6443 0.8233 0.0000
vt 0.6799 0.8133 0.0000
vt 0.6364 0.8255 0.0000
vt 0.6199 0.8303 0.0000
vt 0.6028 0.9077 0.0000
vt 0.6105 0.8329 0.0000
vt 0.6921 0.8097 0.0000
vt 0.6955 0.8087 0.0000
vt 0.7054 0.8046 0.0000
vt 0.7072 0.8039 0.0000
vt 0.7085 0.8030 0.0000
vt 0.7171 0.7972 0.0000
vt 0.7177 0.7967 0.0000
vt 0.7232 0.7918 0.0000
vt 0.7276 0.7878 0.0000
vt 0.6075 0.9062 0.0000
vt 0.6359 0.8976 0.0000
vt 0.6398 0.8962 0.0000
vt 0.6685 0.8861 0.0000
vt 0.6667 0.8869 0.0000
vt 0.6918 0.8762 0.0000
vt 0.6923 0.8760 0.0000
vt 0.7120 0.8695 0.0000
vt 0.7132 0.8691 0.0000
vt 0.7143 0.8692 0.0000
vt 0.7302 0.8714 0.0000
vt 0.7310 0.8714 0.0000
vt 0.7488 0.8613 0.0000
vt 0.7425 0.8718 0.0000
vt 0.7500 0.8594 0.0000
vt 0.7568 0.8461 0.0000
vt 0.7674 0.7498 0.0000
vt 0.7760 0.7412 0.0000
vt 0.7820 0.7344 0.0000
vt 0.7859 0.7299 0.0000
vt 0.7957 0.7168 0.0000
vt 0.8091 0.6981 0.0000
vt 0.8092 0.6980 0.0000
vt 0.8093 0.6978 0.0000
vt 0.8203 0.6766 0.0000
vt 0.8293 0.6591 0.0000
vt 0.8313 0.6548 0.0000
vt 0.7894 0.8146 0.0000
vt 0.8011 0.8053 0.0000
vt 0.8021 0.8043 0.0000
vt 0.8227 0.7858 0.0000
vt 0.8090 0.7982 0.0000
vt 0.7772 0.8247 0.0000
vt 0.8785 0.7129 0.0000
vt 0.8282 0.7803 0.0000
vt 0.8316 0.7767 0.0000
vt 0.8625 0.7393 0.0000
vt 0.8460 0.7596 0.0000
vt 0.8638 0.7375 0.0000
vt 0.8654 0.7351 0.0000
vt 0.7654 0.8356 0.0000
vt 0.8894 0.6939 0.0000
vt 0.8926 0.6873 0.0000
vt 0.9039 0.6597 0.0000
vt 0.8961 0.6795 0.0000
vt 0.9108 0.6417 0.0000
vt 0.9139 0.6313 0.0000
vt 0.9213 0.6015 0.0000
vt 0.9171 0.6198 0.0000
vt 0.9328 0.5011 0.0000
vt 0.9249 0.5846 0.0000
vt 0.9268 0.5710 0.0000
vt 0.9300 0.5398 0.0000
vt 0.9288 0.5558 0.0000
vt 0.9302 0.5379 0.0000
vt 0.9315 0.5284 0.0000
vt 0.8495 0.6079 0.0000
vt 0.8529 0.5975 0.0000
vt 0.8570 0.5832 0.0000
vt 0.8605 0.5709 0.0000
vt 0.8667 0.5421 0.0000
vt 0.8684 0.5318 0.0000
vt 0.8738 0.4707 0.0000
vt 0.8727 0.4397 0.0000
vt 0.8720 0.4352 0.0000
vt 0.8659 0.4006 0.0000
vt 0.8655 0.3992 0.0000
vt 0.8610 0.3842 0.0000
vt 0.8551 0.3647 0.0000
vt 0.8545 0.3629 0.0000
vt 0.8412 0.3324 0.0000
vt 0.8389 0.3273 0.0000
vt 0.9336 0.4814 0.0000
vt 0.9323 0.4609 0.0000
vt 0.9278 0.4199 0.0000
vt 0.9305 0.4354 0.0000
vt 0.9225 0.3903 0.0000
vt 0.9193 0.3791 0.0000
vt 0.9068 0.3397 0.0000
vt 0.9096 0.3467 0.0000
vt 0.8923 0.3051 0.0000
vt 0.8908 0.3022 0.0000
vt 0.8814 0.2851 0.0000
vt 0.8759 0.2751 0.0000
vt 0.8714 0.2670 0.0000
vt 0.8709 0.2662 0.0000
vt 0.8246 0.3020 0.0000
vt 0.7442 0.2080 0.0000
vt 0.7361 0.2010 0.0000
vt 0.8456 0.2304 0.0000
vt 0.8234 0.2047 0.0000
vt 0.7959 0.1774 0.0000
vt 0.8173 0.1977 0.0000
vt 0.7863 0.1683 0.0000
vt 0.7667 0.1529 0.0000
vt 0.7361 0.1311 0.0000
vt 0.7533 0.1423 0.0000
vt 0.6116 0.0739 0.0000
vt 0.7185 0.1196 0.0000
vt 0.7047 0.1123 0.0000
vt 0.6727 0.0964 0.0000
vt 0.6826 0.1005 0.0000
vt 0.6460 0.0851 0.0000
vt 0.6411 0.0836 0.0000
vt 0.6120 0.0740 0.0000
vt 0.6089 0.0733 0.0000
vt 0.5865 0.0688 0.0000
vt 0.5836 0.0683 0.0000
vt 0.5616 0.0615 0.0000
vt 0.5581 0.0582 0.0000
vt 0.5471 0.0481 0.0000
vt 0.5363 0.0396 0.0000
vt 0.5436 0.0453 0.0000
vt 0.5296 0.0442 0.0000
vt 0.5251 0.0473 0.0000
vt 0.5167 0.0540 0.0000
vt 0.5660 0.0629 0.0000
vt 0.3881 0.1494 0.0000
vt 0.3822 0.1516 0.0000
vt 0.3607 0.1628 0.0000
vt 0.3543 0.1664 0.0000
vt 0.3335 0.1803 0.0000
vt 0.4992 0.0613 0.0000
vt 0.4879 0.0635 0.0000
vt 0.3219 0.1100 0.0000
vt 0.4717 0.0650 0.0000
vt 0.4600 0.0661 0.0000
vt 0.4486 0.0682 0.0000
vt 0.4875 0.0635 0.0000
vt 0.4270 0.0721 0.0000
vt 0.4180 0.0745 0.0000
vt 0.3858 0.0836 0.0000
vt 0.3919 0.0814 0.0000
vt 0.3579 0.0935 0.0000
vt 0.3539 0.0953 0.0000
vt 0.3247 0.1085 0.0000
vt 0.2923 0.1262 0.0000
vt 0.2896 0.1280 0.0000
vt 0.2568 0.1498 0.0000
vt 0.2608 0.1467 0.0000
vt 0.2497 0.1551 0.0000
vt 0.2279 0.1705 0.0000
vt 0.1966 0.1957 0.0000
vt 0.1132 0.3006 0.0000
vt 0.1938 0.1982 0.0000
vt 0.1887 0.2035 0.0000
vt 0.1496 0.2459 0.0000
vt 0.1614 0.2319 0.0000
vt 0.1336 0.2675 0.0000
vt 0.1139 0.2994 0.0000
vt 0.2997 0.2038 0.0000
vt 0.2960 0.2068 0.0000
vt 0.2719 0.2260 0.0000
vt 0.2517 0.2438 0.0000
vt 0.2456 0.2497 0.0000
vt 0.2382 0.2575 0.0000
vt 0.2219 0.2749 0.0000
vt 0.2104 0.2882 0.0000
vt 0.1771 0.3339 0.0000
vt 0.1693 0.3470 0.0000
vt 0.1636 0.3574 0.0000
vt 0.1582 0.3676 0.0000
vt 0.1563 0.3716 0.0000
vt 0.1518 0.3817 0.0000
vt 0.1503 0.3854 0.0000
vt 0.1393 0.4304 0.0000
vt 0.1392 0.4313 0.0000
vt 0.1380 0.4385 0.0000
vt 0.1363 0.4498 0.0000
vt 0.1360 0.4520 0.0000
vt 0.1336 0.4723 0.0000
vt 0.0985 0.3280 0.0000
vt 0.0934 0.3340 0.0000
vt 0.0848 0.3444 0.0000
vt 0.0784 0.3534 0.0000
vt 0.0835 0.3462 0.0000
vt 0.0763 0.3569 0.0000
vt 0.0758 0.3577 0.0000
vt 0.0758 0.3596 0.0000
vt 0.0766 0.3995 0.0000
vt 0.0755 0.3757 0.0000
vt 0.0761 0.3885 0.0000
vt 0.0764 0.3960 0.0000
vt 0.0753 0.4076 0.0000
vt 0.0723 0.4278 0.0000
vt 0.0691 0.4500 0.0000
vt 0.0717 0.4321 0.0000
vt 0.0677 0.4612 0.0000
vt 0.0674 0.4639 0.0000
vt 0.0673 0.4698 0.0000
vt 0.0664 0.5086 0.0000
vt 0.0684 0.5361 0.0000
vt 0.0783 0.6049 0.0000
vt 0.0698 0.5573 0.0000
vt 0.0784 0.6053 0.0000
vt 0.0787 0.6063 0.0000
vt 0.1326 0.5707 0.0000
vt 0.2561 0.7891 0.0000
vt 0.2598 0.7924 0.0000
vt 0.0983 0.6641 0.0000
vt 0.1116 0.6952 0.0000
vt 0.1228 0.7152 0.0000
vt 0.1342 0.7359 0.0000
vt 0.1503 0.7591 0.0000
vt 0.1804 0.7972 0.0000
vt 0.1600 0.7733 0.0000
vt 0.1887 0.8071 0.0000
vt 0.2128 0.8301 0.0000
vt 0.2477 0.8585 0.0000
vt 0.2199 0.8369 0.0000
vt 0.2531 0.8627 0.0000
vt 0.2851 0.8827 0.0000
vt 0.2879 0.8845 0.0000
vt 0.2602 0.7927 0.0000
vt 0.3244 0.8332 0.0000
vt 0.3475 0.8438 0.0000
vt 0.3587 0.8475 0.0000
vt 0.3776 0.8537 0.0000
vt 0.3942 0.8573 0.0000
vt 0.4075 0.8601 0.0000
vt 0.4301 0.8623 0.0000
vt 0.4374 0.8630 0.0000
vt 0.4659 0.8629 0.0000
vt 0.4671 0.8629 0.0000
vt 0.4730 0.8623 0.0000
vt 0.4966 0.8597 0.0000
vt 0.5003 0.8590 0.0000
vt 0.5259 0.8544 0.0000
vt 0.3238 0.9019 0.0000
vt 0.3249 0.9023 0.0000
vt 0.3666 0.9161 0.0000
vt 0.3600 0.9145 0.0000
vt 0.3963 0.9231 0.0000
vt 0.4092 0.9248 0.0000
vt 0.4519 0.9285 0.0000
vt 0.4320 0.9278 0.0000
vt 0.5723 0.9158 0.0000
vt 0.4671 0.9290 0.0000
vt 0.4939 0.9279 0.0000
vt 0.5345 0.9235 0.0000
vt 0.5018 0.9275 0.0000
vt 0.5360 0.9233 0.0000
vt 0.5462 0.9214 0.0000
vt 0.5696 0.9165 0.0000
vt 0.5330 0.8528 0.0000
vt 0.5548 0.8479 0.0000
vt 0.5640 0.8456 0.0000
vt 0.5832 0.8406 0.0000
vt 0.5930 0.8378 0.0000
# 1966 texture coords

o Line001
g Line001
usemtl wire_061135006
s 8
f 2721/1988/2839 2722/1989/2840 2723/1990/2841 2724/1991/2842 
f 2724/1991/2842 2725/1992/2843 2726/1993/2844 2721/1988/2839 
f 2727/1994/2845 2728/1995/2846 2721/1988/2839 2726/1993/2844 
f 2728/1995/2846 2729/1996/2847 2722/1989/2840 2721/1988/2839 
f 2730/1997/2848 2731/1998/2849 2729/1996/2847 2728/1995/2846 
f 2732/1999/2850 2730/1997/2848 2728/1995/2846 2727/1994/2845 
f 2733/2000/2851 2734/2001/2852 2730/1997/2848 2732/1999/2850 
f 2735/2002/2853 2736/2003/2854 2734/2001/2852 2733/2000/2851 
f 2737/2004/2855 2738/2005/2856 2736/2003/2854 2735/2002/2853 
f 2739/2006/2857 2740/2007/2858 2738/2005/2856 2737/2004/2855 
f 2741/2008/2859 2742/2009/2860 2740/2007/2858 2739/2006/2857 
f 2743/2010/2861 2744/2011/2862 2742/2009/2860 2741/2008/2859 
f 2745/2012/2863 2746/2013/2864 2744/2011/2862 2743/2010/2861 
f 2747/2014/2865 2748/2015/2866 2746/2013/2864 2745/2012/2863 
f 2725/1992/2843 2749/2016/2867 2750/2017/2868 2726/1993/2844 
f 2749/2016/2867 2751/2018/2869 2752/2019/2870 2750/2017/2868 
f 2753/2020/2871 2754/2021/2872 2750/2017/2868 2752/2019/2870 
f 2726/1993/2844 2750/2017/2868 2754/2021/2872 2727/1994/2845 
f 2755/2022/2873 2732/1999/2850 2727/1994/2845 2754/2021/2872 
f 2756/2023/2874 2755/2022/2873 2754/2021/2872 2753/2020/2871 
f 2757/2024/2875 2758/2025/2876 2755/2022/2873 2756/2023/2874 
f 2732/1999/2850 2755/2022/2873 2758/2025/2876 2733/2000/2851 
f 2759/2026/2877 2735/2002/2853 2733/2000/2851 2758/2025/2876 
f 2760/2027/2878 2759/2026/2877 2758/2025/2876 2757/2024/2875 
f 2761/2028/2879 2762/2029/2880 2759/2026/2877 2760/2027/2878 
f 2735/2002/2853 2759/2026/2877 2762/2029/2880 2737/2004/2855 
f 2763/2030/2881 2739/2006/2857 2737/2004/2855 2762/2029/2880 
f 2764/2031/2882 2763/2030/2881 2762/2029/2880 2761/2028/2879 
f 2765/2032/2883 2766/2033/2884 2763/2030/2881 2764/2031/2882 
f 2739/2006/2857 2763/2030/2881 2766/2033/2884 2741/2008/2859 
f 2767/2034/2885 2743/2010/2861 2741/2008/2859 2766/2033/2884 
f 2768/2035/2886 2767/2034/2885 2766/2033/2884 2765/2032/2883 
f 2769/2036/2887 2770/2037/2888 2767/2034/2885 2768/2035/2886 
f 2743/2010/2861 2767/2034/2885 2770/2037/2888 2745/2012/2863 
f 2771/2038/2889 2747/2014/2865 2745/2012/2863 2770/2037/2888 
f 2772/2039/2890 2771/2038/2889 2770/2037/2888 2769/2036/2887 
f 2773/2040/2891 2774/2041/2892 2771/2038/2889 2772/2039/2890 
f 2747/2014/2865 2771/2038/2889 2774/2041/2892 2775/2042/2893 
f 2776/2043/2894 2777/2044/2895 2775/2042/2893 2774/2041/2892 
f 2778/2045/2896 2776/2043/2894 2774/2041/2892 2773/2040/2891 
f 2779/2046/2897 2780/2047/2898 2776/2043/2894 2778/2045/2896 
f 2780/2047/2898 2781/2048/2899 2777/2044/2895 2776/2043/2894 
f 2782/2049/2900 2783/2050/2901 2781/2048/2899 2780/2047/2898 
f 2784/2051/2902 2782/2049/2900 2780/2047/2898 2779/2046/2897 
f 2785/2052/2903 2786/2053/2904 2782/2049/2900 2784/2051/2902 
f 2786/2053/2904 2787/2054/2905 2783/2050/2901 2782/2049/2900 
f 2788/2055/2906 2789/2056/2907 2787/2054/2905 2786/2053/2904 
f 2790/2057/2908 2788/2055/2906 2786/2053/2904 2785/2052/2903 
f 2791/2058/2909 2792/2059/2910 2788/2055/2906 2790/2057/2908 
f 2792/2059/2910 2793/2060/2911 2789/2056/2907 2788/2055/2906 
f 2794/2061/2912 2795/2062/2913 2792/2059/2910 2791/2058/2909 
f 2796/2063/2914 2797/2064/2915 2795/2062/2913 2794/2061/2912 
f 2798/2065/2916 2799/2066/2917 2797/2064/2915 2796/2063/2914 
f 2800/2067/2918 2801/2068/2919 2799/2066/2917 2798/2065/2916 
f 2802/2069/2920 2803/2070/2921 2801/2068/2919 2800/2067/2918 
f 2804/2071/2922 2805/2072/2923 2803/2070/2921 2802/2069/2920 
f 2805/2072/2923 2806/2073/2924 2807/2074/2925 2803/2070/2921 
f 2751/2018/2869 2808/2075/2926 2809/2076/2927 2752/2019/2870 
f 2808/2075/2926 2810/2077/2928 2811/2078/2929 2809/2076/2927 
f 2812/2079/2930 2813/2080/2931 2809/2076/2927 2811/2078/2929 
f 2752/2019/2870 2809/2076/2927 2813/2080/2931 2753/2020/2871 
f 2814/2081/2932 2756/2023/2874 2753/2020/2871 2813/2080/2931 
f 2815/2082/2933 2814/2081/2932 2813/2080/2931 2812/2079/2930 
f 2816/2083/2934 2817/2084/2935 2814/2081/2932 2815/2082/2933 
f 2756/2023/2874 2814/2081/2932 2817/2084/2935 2757/2024/2875 
f 2818/2085/2936 2760/2027/2878 2757/2024/2875 2817/2084/2935 
f 2819/2086/2937 2818/2085/2936 2817/2084/2935 2816/2083/2934 
f 2820/2087/2938 2821/2088/2939 2818/2085/2936 2819/2086/2937 
f 2760/2027/2878 2818/2085/2936 2821/2088/2939 2761/2028/2879 
f 2822/2089/2940 2764/2031/2882 2761/2028/2879 2821/2088/2939 
f 2823/2090/2941 2822/2089/2940 2821/2088/2939 2820/2087/2938 
f 2824/2091/2942 2825/2092/2943 2822/2089/2940 2823/2090/2941 
f 2764/2031/2882 2822/2089/2940 2825/2092/2943 2765/2032/2883 
f 2826/2093/2944 2768/2035/2886 2765/2032/2883 2825/2092/2943 
f 2827/2094/2945 2826/2093/2944 2825/2092/2943 2824/2091/2942 
f 2828/2095/2946 2829/2096/2947 2826/2093/2944 2827/2094/2945 
f 2768/2035/2886 2826/2093/2944 2829/2096/2947 2769/2036/2887 
f 2830/2097/2948 2772/2039/2890 2769/2036/2887 2829/2096/2947 
f 2831/2098/2949 2830/2097/2948 2829/2096/2947 2828/2095/2946 
f 2832/2099/2950 2833/2100/2951 2830/2097/2948 2831/2098/2949 
f 2772/2039/2890 2830/2097/2948 2833/2100/2951 2773/2040/2891 
f 2834/2101/2952 2778/2045/2896 2773/2040/2891 2833/2100/2951 
f 2835/2102/2953 2834/2101/2952 2833/2100/2951 2832/2099/2950 
f 2836/2103/2954 2837/2104/2955 2834/2101/2952 2835/2102/2953 
f 2778/2045/2896 2834/2101/2952 2837/2104/2955 2779/2046/2897 
f 2838/2105/2956 2784/2051/2902 2779/2046/2897 2837/2104/2955 
f 2839/2106/2957 2838/2105/2956 2837/2104/2955 2836/2103/2954 
f 2840/2107/2958 2841/2108/2959 2838/2105/2956 2839/2106/2957 
f 2784/2051/2902 2838/2105/2956 2841/2108/2959 2785/2052/2903 
f 2842/2109/2960 2790/2057/2908 2785/2052/2903 2841/2108/2959 
f 2843/2110/2961 2842/2109/2960 2841/2108/2959 2840/2107/2958 
f 2844/2111/2962 2845/2112/2963 2842/2109/2960 2843/2110/2961 
f 2790/2057/2908 2842/2109/2960 2845/2112/2963 2791/2058/2909 
f 2846/2113/2964 2794/2061/2912 2791/2058/2909 2845/2112/2963 
f 2847/2114/2965 2846/2113/2964 2845/2112/2963 2844/2111/2962 
f 2848/2115/2966 2849/2116/2967 2846/2113/2964 2847/2114/2965 
f 2794/2061/2912 2846/2113/2964 2849/2116/2967 2796/2063/2914 
f 2850/2117/2968 2798/2065/2916 2796/2063/2914 2849/2116/2967 
f 2851/2118/2969 2850/2117/2968 2849/2116/2967 2848/2115/2966 
f 2852/2119/2970 2853/2120/2971 2850/2117/2968 2851/2118/2969 
f 2798/2065/2916 2850/2117/2968 2853/2120/2971 2800/2067/2918 
f 2854/2121/2972 2802/2069/2920 2800/2067/2918 2853/2120/2971 
f 2855/2122/2973 2854/2121/2972 2853/2120/2971 2852/2119/2970 
f 2856/2123/2974 2857/2124/2975 2854/2121/2972 2855/2122/2973 
f 2802/2069/2920 2854/2121/2972 2857/2124/2975 2804/2071/2922 
f 2810/2077/2928 2858/2125/2976 2859/2126/2977 2811/2078/2929 
f 2858/2125/2976 2860/2127/2978 2861/2128/2979 2859/2126/2977 
f 2862/2129/2980 2863/2130/2981 2859/2126/2977 2861/2128/2979 
f 2811/2078/2929 2859/2126/2977 2863/2130/2981 2812/2079/2930 
f 2864/2131/2982 2815/2082/2933 2812/2079/2930 2863/2130/2981 
f 2865/2132/2983 2864/2131/2982 2863/2130/2981 2862/2129/2980 
f 2866/2133/2984 2867/2134/2985 2864/2131/2982 2865/2132/2983 
f 2815/2082/2933 2864/2131/2982 2867/2134/2985 2816/2083/2934 
f 2868/2135/2986 2819/2086/2937 2816/2083/2934 2867/2134/2985 
f 2869/2136/2987 2868/2135/2986 2867/2134/2985 2866/2133/2984 
f 2870/2137/2988 2871/2138/2989 2868/2135/2986 2869/2136/2987 
f 2819/2086/2937 2868/2135/2986 2871/2138/2989 2820/2087/2938 
f 2872/2139/2990 2823/2090/2941 2820/2087/2938 2871/2140/2989 
f 2873/2141/2991 2872/2139/2990 2871/2140/2989 2870/2137/2988 
f 2874/2142/2992 2875/2143/2993 2872/2139/2990 2873/2141/2991 
f 2823/2090/2941 2872/2139/2990 2875/2143/2993 2824/2091/2942 
f 2876/2144/2994 2827/2094/2945 2824/2091/2942 2875/2143/2993 
f 2877/2145/2995 2876/2144/2994 2875/2143/2993 2874/2142/2992 
f 2878/2146/2996 2879/2147/2997 2876/2144/2994 2877/2145/2995 
f 2827/2094/2945 2876/2144/2994 2879/2147/2997 2828/2095/2946 
f 2880/2148/2998 2831/2098/2949 2828/2095/2946 2879/2147/2997 
f 2881/2149/2999 2880/2148/2998 2879/2147/2997 2878/2146/2996 
f 2882/2150/3000 2883/2151/3001 2880/2148/2998 2881/2149/2999 
f 2831/2098/2949 2880/2148/2998 2883/2151/3001 2832/2099/2950 
f 2884/2152/3002 2835/2102/2953 2832/2099/2950 2883/2151/3001 
f 2885/2153/3003 2884/2152/3002 2883/2151/3001 2882/2150/3000 
f 2886/2154/3004 2887/2155/3005 2884/2152/3002 2885/2153/3003 
f 2835/2102/2953 2884/2152/3002 2887/2155/3005 2836/2103/2954 
f 2888/2156/3006 2839/2106/2957 2836/2103/2954 2887/2155/3005 
f 2889/2157/3007 2888/2156/3006 2887/2155/3005 2886/2154/3004 
f 2890/2158/3008 2891/2159/3009 2888/2156/3006 2889/2157/3007 
f 2839/2106/2957 2888/2156/3006 2891/2159/3009 2840/2107/2958 
f 2892/2160/3010 2843/2110/2961 2840/2107/2958 2891/2159/3009 
f 2893/2161/3011 2892/2160/3010 2891/2159/3009 2890/2158/3008 
f 2894/2162/3012 2895/2163/3013 2892/2160/3010 2893/2161/3011 
f 2843/2110/2961 2892/2160/3010 2895/2163/3013 2844/2111/2962 
f 2896/2164/3014 2847/2114/2965 2844/2111/2962 2895/2163/3013 
f 2897/2165/3015 2896/2164/3014 2895/2163/3013 2894/2162/3012 
f 2898/2166/3016 2899/2167/3017 2896/2164/3014 2897/2165/3015 
f 2847/2114/2965 2896/2164/3014 2899/2167/3017 2848/2115/2966 
f 2900/2168/3018 2851/2118/2969 2848/2115/2966 2899/2167/3017 
f 2901/2169/3019 2900/2168/3018 2899/2167/3017 2898/2166/3016 
f 2902/2170/3020 2903/2171/3021 2900/2168/3018 2901/2169/3019 
f 2851/2118/2969 2900/2168/3018 2903/2171/3021 2852/2119/2970 
f 2904/2172/3022 2855/2122/2973 2852/2119/2970 2903/2171/3021 
f 2905/2173/3023 2904/2172/3022 2903/2171/3021 2902/2170/3020 
f 2906/2174/3024 2907/2175/3025 2904/2172/3022 2905/2173/3023 
f 2855/2122/2973 2904/2172/3022 2907/2175/3025 2856/2123/2974 
f 2860/2127/2978 2908/2176/3026 2909/2177/3027 2861/2128/2979 
f 2908/2176/3026 2910/2178/3028 2911/2179/3029 2909/2177/3027 
f 2912/2180/3030 2913/2181/3031 2909/2177/3027 2911/2179/3029 
f 2861/2128/2979 2909/2177/3027 2913/2181/3031 2862/2129/2980 
f 2914/2182/3032 2865/2132/2983 2862/2129/2980 2913/2181/3031 
f 2915/2183/3033 2914/2182/3032 2913/2181/3031 2912/2180/3030 
f 2916/2184/3034 2917/2185/3035 2914/2182/3032 2915/2183/3033 
f 2865/2132/2983 2914/2182/3032 2917/2185/3035 2866/2133/2984 
f 2918/2186/3036 2869/2136/2987 2866/2133/2984 2917/2185/3035 
f 2919/2187/3037 2918/2186/3036 2917/2185/3035 2916/2184/3034 
f 2920/2188/3038 2921/2189/3039 2918/2186/3036 2919/2187/3037 
f 2869/2136/2987 2918/2186/3036 2921/2189/3039 2870/2137/2988 
f 2922/2190/3040 2873/2141/2991 2870/2137/2988 2921/2189/3039 
f 2923/2191/3041 2922/2190/3040 2921/2189/3039 2920/2188/3038 
f 2924/2192/3042 2925/2193/3043 2922/2190/3040 2923/2191/3041 
f 2873/2141/2991 2922/2190/3040 2925/2193/3043 2874/2142/2992 
f 2926/2194/3044 2877/2145/2995 2874/2142/2992 2925/2193/3043 
f 2927/2195/3045 2926/2194/3044 2925/2193/3043 2924/2192/3042 
f 2928/2196/3046 2929/2197/3047 2926/2194/3044 2927/2195/3045 
f 2877/2145/2995 2926/2194/3044 2929/2197/3047 2878/2146/2996 
f 2930/2198/3048 2881/2149/2999 2878/2146/2996 2929/2197/3047 
f 2931/2199/3049 2930/2198/3048 2929/2197/3047 2928/2196/3046 
f 2932/2200/3050 2933/2201/3051 2930/2198/3048 2931/2199/3049 
f 2882/2150/3000 2881/2149/2999 2930/2202/3048 2933/2201/3051 
f 2934/2203/3052 2885/2153/3003 2882/2150/3000 2933/2201/3051 
f 2935/2204/3053 2934/2203/3052 2933/2201/3051 2932/2200/3050 
f 2936/2205/3054 2937/2206/3055 2934/2203/3052 2935/2204/3053 
f 2885/2153/3003 2934/2203/3052 2937/2206/3055 2886/2154/3004 
f 2938/2207/3056 2889/2157/3007 2886/2154/3004 2937/2206/3055 
f 2939/2208/3057 2938/2207/3056 2937/2206/3055 2936/2205/3054 
f 2940/2209/3058 2941/2210/3059 2938/2207/3056 2939/2208/3057 
f 2889/2157/3007 2938/2207/3056 2941/2210/3059 2890/2158/3008 
f 2942/2211/3060 2893/2161/3011 2890/2158/3008 2941/2210/3059 
f 2943/2212/3061 2942/2211/3060 2941/2210/3059 2940/2209/3058 
f 2944/2213/3062 2945/2214/3063 2942/2211/3060 2943/2212/3061 
f 2893/2161/3011 2942/2211/3060 2945/2214/3063 2894/2162/3012 
f 2946/2215/3064 2897/2165/3015 2894/2162/3012 2945/2214/3063 
f 2947/2216/3065 2946/2215/3064 2945/2214/3063 2944/2213/3062 
f 2948/2217/3066 2949/2218/3067 2946/2215/3064 2947/2216/3065 
f 2897/2165/3015 2946/2215/3064 2949/2218/3067 2898/2166/3016 
f 2950/2219/3068 2901/2169/3019 2898/2166/3016 2949/2218/3067 
f 2951/2220/3069 2950/2219/3068 2949/2218/3067 2948/2217/3066 
f 2952/2221/3070 2953/2222/3071 2950/2219/3068 2951/2220/3069 
f 2901/2169/3019 2950/2219/3068 2953/2222/3071 2902/2170/3020 
f 2954/2223/3072 2905/2173/3023 2902/2170/3020 2953/2222/3071 
f 2955/2224/3073 2954/2223/3072 2953/2222/3071 2952/2221/3070 
f 2956/2225/3074 2957/2226/3075 2954/2223/3072 2955/2224/3073 
f 2905/2173/3023 2954/2223/3072 2957/2226/3075 2906/2174/3024 
f 2910/2178/3028 2958/2227/3076 2959/2228/3077 2911/2179/3029 
f 2958/2227/3076 2960/2229/3078 2961/2230/3079 2959/2228/3077 
f 2962/2231/3080 2963/2232/3081 2959/2228/3077 2961/2230/3079 
f 2911/2179/3029 2959/2228/3077 2963/2232/3081 2912/2180/3030 
f 2964/2233/3082 2915/2183/3033 2912/2180/3030 2963/2232/3081 
f 2965/2234/3083 2964/2233/3082 2963/2232/3081 2962/2231/3080 
f 2966/2235/3084 2967/2236/3085 2964/2233/3082 2965/2234/3083 
f 2915/2183/3033 2964/2233/3082 2967/2236/3085 2916/2184/3034 
f 2968/2237/3086 2919/2187/3037 2916/2184/3034 2967/2236/3085 
f 2969/2238/3087 2968/2237/3086 2967/2236/3085 2966/2235/3084 
f 2970/2239/3088 2971/2240/3089 2968/2237/3086 2969/2238/3087 
f 2919/2187/3037 2968/2237/3086 2971/2240/3089 2920/2188/3038 
f 2972/2241/3090 2923/2191/3041 2920/2188/3038 2971/2240/3089 
f 2973/2242/3091 2972/2241/3090 2971/2240/3089 2970/2239/3088 
f 2974/2243/3092 2975/2244/3093 2972/2241/3090 2973/2242/3091 
f 2923/2191/3041 2972/2241/3090 2975/2244/3093 2924/2192/3042 
f 2976/2245/3094 2927/2195/3045 2924/2192/3042 2975/2244/3093 
f 2977/2246/3095 2976/2245/3094 2975/2244/3093 2974/2243/3092 
f 2978/2247/3096 2979/2248/3097 2976/2245/3094 2977/2246/3095 
f 2927/2195/3045 2976/2245/3094 2979/2248/3097 2928/2196/3046 
f 2980/2249/3098 2931/2199/3049 2928/2196/3046 2979/2248/3097 
f 2981/2250/3099 2980/2249/3098 2979/2248/3097 2978/2247/3096 
f 2982/2251/3100 2983/2252/3101 2980/2249/3098 2981/2250/3099 
f 2931/2199/3049 2980/2249/3098 2983/2252/3101 2932/2200/3050 
f 2984/2253/3102 2935/2204/3053 2932/2200/3050 2983/2252/3101 
f 2985/2254/3103 2984/2253/3102 2983/2252/3101 2982/2251/3100 
f 2986/2255/3104 2987/2256/3105 2984/2253/3102 2985/2254/3103 
f 2935/2204/3053 2984/2253/3102 2987/2256/3105 2936/2205/3054 
f 2988/2257/3106 2939/2208/3057 2936/2205/3054 2987/2256/3105 
f 2989/2258/3107 2988/2257/3106 2987/2256/3105 2986/2255/3104 
f 2990/2259/3108 2991/2260/3109 2988/2257/3106 2989/2258/3107 
f 2939/2208/3057 2988/2257/3106 2991/2260/3109 2940/2209/3058 
f 2992/2261/3110 2943/2212/3061 2940/2209/3058 2991/2260/3109 
f 2993/2262/3111 2992/2261/3110 2991/2260/3109 2990/2259/3108 
f 2994/2263/3112 2995/2264/3113 2992/2261/3110 2993/2262/3111 
f 2943/2212/3061 2992/2261/3110 2995/2264/3113 2944/2213/3062 
f 2996/2265/3114 2947/2216/3065 2944/2213/3062 2995/2264/3113 
f 2997/2266/3115 2996/2265/3114 2995/2264/3113 2994/2263/3112 
f 2998/2267/3116 2999/2268/3117 2996/2265/3114 2997/2266/3115 
f 2947/2216/3065 2996/2265/3114 2999/2268/3117 2948/2217/3066 
f 3000/2269/3118 2951/2220/3069 2948/2217/3066 2999/2268/3117 
f 3001/2270/3119 3000/2269/3118 2999/2268/3117 2998/2267/3116 
f 3002/2271/3120 3003/2272/3121 3000/2269/3118 3001/2270/3119 
f 2951/2220/3069 3000/2269/3118 3003/2272/3121 2952/2221/3070 
f 3004/2273/3122 2955/2224/3073 2952/2221/3070 3003/2272/3121 
f 3005/2274/3123 3004/2273/3122 3003/2272/3121 3002/2271/3120 
f 3006/2275/3124 3007/2276/3125 3004/2273/3122 3005/2274/3123 
f 2955/2224/3073 3004/2273/3122 3007/2276/3125 2956/2225/3074 
f 2961/2230/3079 3008/2277/3126 3009/2278/3127 2962/2231/3080 
f 3010/2279/3128 3011/2280/3129 3012/2281/3130 3013/2282/3131 
f 3014/2283/3132 3015/2284/3133 3011/2280/3129 3010/2279/3128 
f 3016/2285/3134 3017/2286/3135 3015/2284/3133 3014/2283/3132 
f 3018/2287/3136 3019/2288/3137 3017/2286/3135 3016/2285/3134 
f 3020/2289/3138 3021/2290/3139 3019/2288/3137 3018/2287/3136 
f 3022/2291/3140 3023/2292/3141 3021/2290/3139 3020/2289/3138 
f 3024/2293/3142 3025/2294/3143 3023/2292/3141 3022/2291/3140 
f 3013/2282/3131 3026/2295/3144 3027/2296/3145 3010/2279/3128 
f 3026/2295/3144 3028/2297/3146 3029/2298/3147 3027/2296/3145 
f 3030/2299/3148 3031/2300/3149 3027/2296/3145 3029/2298/3147 
f 3010/2279/3128 3027/2296/3145 3031/2300/3149 3014/2283/3132 
f 3032/2301/3150 3016/2285/3134 3014/2283/3132 3031/2300/3149 
f 3033/2302/3151 3032/2301/3150 3031/2300/3149 3030/2299/3148 
f 3034/2303/3152 3035/2304/3153 3032/2301/3150 3033/2302/3151 
f 3016/2285/3134 3032/2301/3150 3035/2304/3153 3018/2287/3136 
f 3036/2305/3154 3020/2289/3138 3018/2287/3136 3035/2304/3153 
f 3037/2306/3155 3036/2305/3154 3035/2304/3153 3034/2303/3152 
f 3038/2307/3156 3039/2308/3157 3036/2305/3154 3037/2306/3155 
f 3020/2289/3138 3036/2305/3154 3039/2308/3157 3022/2291/3140 
f 3040/2309/3158 3024/2293/3142 3022/2291/3140 3039/2308/3157 
f 3041/2310/3159 3040/2309/3158 3039/2308/3157 3038/2307/3156 
f 3042/2311/3160 3043/2312/3161 3040/2309/3158 3041/2310/3159 
f 3044/2313/3162 3045/2314/3163 3046/2315/3164 3043/2316/3161 
f 3043/2316/3161 3042/2317/3160 3047/2318/3165 3044/2313/3162 
f 3048/2319/3166 3049/2320/3167 3044/2313/3162 3047/2318/3165 
f 3024/2293/3142 3040/2309/3158 3043/2312/3161 3046/2321/3164 
f 3042/2317/3160 3050/2322/3168 3051/2323/3169 3047/2318/3165 
f 3050/2322/3168 3052/2324/3170 3053/2325/3171 3051/2323/3169 
f 3054/2326/3172 3055/2327/3173 3051/2323/3169 3053/2325/3171 
f 3047/2318/3165 3051/2323/3169 3055/2327/3173 3048/2319/3166 
f 3056/2328/3174 3057/2329/3175 3048/2319/3166 3055/2327/3173 
f 3058/2330/3176 3056/2328/3174 3055/2331/3173 3054/2326/3172 
f 3059/2332/3177 3060/2333/3178 3056/2328/3174 3058/2330/3176 
f 3060/2333/3178 3061/2334/3179 3057/2329/3175 3056/2328/3174 
f 3028/2297/3146 3062/2335/3180 3063/2336/3181 3029/2298/3147 
f 3062/2335/3180 3064/2337/3182 3065/2338/3183 3063/2336/3181 
f 3066/2339/3184 3067/2340/3185 3063/2336/3181 3065/2338/3183 
f 3029/2298/3147 3063/2336/3181 3067/2340/3185 3030/2299/3148 
f 3068/2341/3186 3033/2302/3151 3030/2299/3148 3067/2340/3185 
f 3069/2342/3187 3068/2341/3186 3067/2340/3185 3066/2339/3184 
f 3070/2343/3188 3071/2344/3189 3068/2341/3186 3069/2342/3187 
f 3033/2302/3151 3068/2341/3186 3071/2344/3189 3034/2303/3152 
f 3072/2345/3190 3037/2306/3155 3034/2303/3152 3071/2344/3189 
f 3073/2346/3191 3072/2345/3190 3071/2344/3189 3070/2343/3188 
f 3074/2347/3192 3075/2348/3193 3072/2345/3190 3073/2346/3191 
f 3037/2306/3155 3072/2345/3190 3075/2348/3193 3038/2307/3156 
f 3076/2349/3194 3041/2310/3159 3038/2307/3156 3075/2348/3193 
f 3077/2350/3195 3076/2349/3194 3075/2348/3193 3074/2347/3192 
f 3076/2349/3194 3077/2350/3195 3052/2351/3170 3050/2352/3168 
f 3041/2310/3159 3076/2349/3194 3050/2352/3168 3042/2311/3160 
f 3052/2324/3170 3078/2353/3196 3079/2354/3197 3053/2325/3171 
f 3078/2353/3196 3080/2355/3198 3081/2356/3199 3079/2354/3197 
f 3082/2357/3200 3083/2358/3201 3079/2354/3197 3081/2356/3199 
f 3053/2325/3171 3079/2354/3197 3083/2358/3201 3054/2326/3172 
f 3084/2359/3202 3058/2330/3176 3054/2326/3172 3083/2358/3201 
f 3085/2360/3203 3084/2359/3202 3083/2358/3201 3082/2357/3200 
f 3086/2361/3204 3087/2362/3205 3084/2359/3202 3085/2360/3203 
f 3058/2330/3176 3084/2359/3202 3087/2362/3205 3059/2332/3177 
f 3064/2337/3182 3088/2363/3206 3089/2364/3207 3065/2338/3183 
f 3088/2363/3206 3090/2365/3208 3091/2366/3209 3089/2364/3207 
f 3092/2367/3210 3093/2368/3211 3089/2364/3207 3091/2366/3209 
f 3065/2338/3183 3089/2364/3207 3093/2368/3211 3066/2339/3184 
f 3094/2369/3212 3069/2342/3187 3066/2339/3184 3093/2368/3211 
f 3095/2370/3213 3094/2369/3212 3093/2368/3211 3092/2367/3210 
f 3096/2371/3214 3097/2372/3215 3094/2369/3212 3095/2370/3213 
f 3069/2342/3187 3094/2369/3212 3097/2372/3215 3070/2343/3188 
f 3098/2373/3216 3073/2346/3191 3070/2343/3188 3097/2372/3215 
f 3099/2374/3217 3098/2373/3216 3097/2372/3215 3096/2371/3214 
f 3100/2375/3218 3101/2376/3219 3098/2373/3216 3099/2374/3217 
f 3073/2346/3191 3098/2373/3216 3101/2376/3219 3074/2347/3192 
f 3102/2377/3220 3077/2350/3195 3074/2347/3192 3101/2376/3219 
f 3103/2378/3221 3102/2377/3220 3101/2376/3219 3100/2375/3218 
f 3102/2377/3220 3103/2378/3221 3080/2379/3198 3078/2380/3196 
f 3077/2350/3195 3102/2377/3220 3078/2380/3196 3052/2351/3170 
f 3080/2355/3198 3104/2381/3222 3105/2382/3223 3081/2356/3199 
f 3104/2381/3222 3106/2383/3224 3107/2384/3225 3105/2382/3223 
f 3108/2385/3226 3109/2386/3227 3105/2382/3223 3107/2384/3225 
f 3081/2356/3199 3105/2382/3223 3109/2386/3227 3082/2357/3200 
f 3110/2387/3228 3085/2360/3203 3082/2357/3200 3109/2386/3227 
f 3111/2388/3229 3110/2387/3228 3109/2386/3227 3108/2385/3226 
f 3112/2389/3230 3113/2390/3231 3110/2387/3228 3111/2388/3229 
f 3085/2360/3203 3110/2387/3228 3113/2390/3231 3086/2361/3204 
f 3090/2365/3208 3114/2391/3232 3115/2392/3233 3091/2366/3209 
f 3114/2391/3232 3116/2393/3234 3117/2394/3235 3115/2392/3233 
f 3118/2395/3236 3119/2396/3237 3115/2392/3233 3117/2394/3235 
f 3091/2366/3209 3115/2392/3233 3119/2396/3237 3092/2367/3210 
f 3120/2397/3238 3095/2370/3213 3092/2367/3210 3119/2396/3237 
f 3118/2398/3236 3121/2399/3239 3120/2397/3238 3119/2396/3237 
f 3122/2400/3240 3123/2401/3241 3120/2397/3238 3121/2399/3239 
f 3095/2370/3213 3120/2397/3238 3123/2401/3241 3096/2371/3214 
f 3124/2402/3242 3099/2374/3217 3096/2371/3214 3123/2401/3241 
f 3125/2403/3243 3124/2402/3242 3123/2401/3241 3122/2400/3240 
f 3126/2404/3244 3127/2405/3245 3124/2402/3242 3125/2403/3243 
f 3099/2374/3217 3124/2402/3242 3127/2405/3245 3100/2375/3218 
f 3128/2406/3246 3103/2378/3221 3100/2375/3218 3127/2405/3245 
f 3129/2407/3247 3128/2406/3246 3127/2405/3245 3126/2404/3244 
f 3128/2406/3246 3129/2407/3247 3106/2408/3224 3104/2409/3222 
f 3103/2378/3221 3128/2406/3246 3104/2409/3222 3080/2379/3198 
f 3106/2383/3224 3130/2410/3248 3131/2411/3249 3107/2384/3225 
f 3130/2410/3248 3132/2412/3250 3133/2413/3251 3131/2411/3249 
f 3134/2414/3252 3135/2415/3253 3131/2411/3249 3133/2413/3251 
f 3107/2384/3225 3131/2411/3249 3135/2415/3253 3108/2385/3226 
f 3136/2416/3254 3111/2388/3229 3108/2385/3226 3135/2415/3253 
f 3137/2417/3255 3136/2416/3254 3135/2415/3253 3134/2414/3252 
f 3138/2418/3256 3139/2419/3257 3136/2416/3254 3137/2417/3255 
f 3111/2388/3229 3136/2416/3254 3139/2419/3257 3112/2389/3230 
f 3116/2393/3234 3140/2420/3258 3141/2421/3259 3117/2394/3235 
f 3140/2420/3258 3142/2422/3260 3143/2423/3261 3141/2421/3259 
f 3144/2424/3262 3145/2425/3263 3141/2421/3259 3143/2423/3261 
f 3117/2394/3235 3141/2421/3259 3145/2425/3263 3118/2395/3236 
f 3146/2426/3264 3121/2399/3239 3118/2395/3236 3145/2425/3263 
f 3147/2427/3265 3146/2426/3264 3145/2425/3263 3144/2424/3262 
f 3148/2428/3266 3149/2429/3267 3146/2426/3264 3147/2427/3265 
f 3121/2399/3239 3146/2426/3264 3149/2429/3267 3122/2400/3240 
f 3150/2430/3268 3125/2403/3243 3122/2400/3240 3149/2429/3267 
f 3151/2431/3269 3150/2430/3268 3149/2429/3267 3148/2428/3266 
f 3152/2432/3270 3153/2433/3271 3150/2430/3268 3151/2431/3269 
f 3125/2403/3243 3150/2430/3268 3153/2433/3271 3126/2404/3244 
f 3154/2434/3272 3129/2407/3247 3126/2404/3244 3153/2433/3271 
f 3155/2435/3273 3154/2434/3272 3153/2433/3271 3152/2432/3270 
f 3154/2434/3272 3155/2435/3273 3132/2436/3250 3130/2437/3248 
f 3129/2407/3247 3154/2434/3272 3130/2437/3248 3106/2408/3224 
f 3132/2412/3250 3156/2438/3274 3157/2439/3275 3133/2413/3251 
f 3156/2438/3274 3158/2440/3276 3159/2441/3277 3157/2439/3275 
f 3160/2442/3278 3161/2443/3279 3157/2439/3275 3159/2441/3277 
f 3133/2413/3251 3157/2439/3275 3161/2443/3279 3134/2414/3252 
f 3162/2444/3280 3137/2417/3255 3134/2414/3252 3161/2443/3279 
f 3163/2445/3281 3162/2444/3280 3161/2443/3279 3160/2442/3278 
f 3164/2446/3282 3165/2447/3283 3162/2444/3280 3163/2445/3281 
f 3137/2417/3255 3162/2444/3280 3165/2447/3283 3138/2418/3256 
f 3142/2422/3260 3166/2448/3284 3167/2449/3285 3143/2423/3261 
f 3166/2448/3284 3168/2450/3286 3169/2451/3287 3167/2449/3285 
f 3170/2452/3288 3171/2453/3289 3167/2449/3285 3169/2451/3287 
f 3143/2423/3261 3167/2449/3285 3171/2453/3289 3144/2424/3262 
f 3172/2454/3290 3147/2427/3265 3144/2424/3262 3171/2453/3289 
f 3173/2455/3291 3172/2454/3290 3171/2453/3289 3170/2452/3288 
f 3174/2456/3292 3175/2457/3293 3172/2454/3290 3173/2455/3291 
f 3147/2427/3265 3172/2454/3290 3175/2457/3293 3148/2428/3266 
f 3176/2458/3294 3151/2431/3269 3148/2428/3266 3175/2457/3293 
f 3177/2459/3295 3176/2458/3294 3175/2457/3293 3174/2456/3292 
f 3178/2460/3296 3179/2461/3297 3176/2458/3294 3177/2459/3295 
f 3151/2431/3269 3176/2458/3294 3179/2461/3297 3152/2432/3270 
f 3180/2462/3298 3155/2435/3273 3152/2432/3270 3179/2461/3297 
f 3181/2463/3299 3180/2462/3298 3179/2461/3297 3178/2460/3296 
f 3180/2462/3298 3181/2463/3299 3158/2464/3276 3156/2465/3274 
f 3155/2435/3273 3180/2462/3298 3156/2465/3274 3132/2436/3250 
f 3158/2440/3276 3182/2466/3300 3183/2467/3301 3159/2441/3277 
f 3182/2466/3300 3184/2468/3302 3185/2469/3303 3183/2467/3301 
f 3186/2470/3304 3187/2471/3305 3183/2467/3301 3185/2469/3303 
f 3159/2441/3277 3183/2467/3301 3187/2471/3305 3160/2442/3278 
f 3188/2472/3306 3163/2445/3281 3160/2442/3278 3187/2471/3305 
f 3189/2473/3307 3188/2472/3306 3187/2471/3305 3186/2470/3304 
f 3190/2474/3308 3191/2475/3309 3188/2472/3306 3189/2473/3307 
f 3163/2445/3281 3188/2472/3306 3191/2475/3309 3164/2446/3282 
f 3168/2450/3286 3192/2476/3310 3193/2477/3311 3169/2451/3287 
f 3192/2476/3310 3194/2478/3312 3195/2479/3313 3193/2477/3311 
f 3196/2480/3314 3197/2481/3315 3193/2477/3311 3195/2479/3313 
f 3169/2451/3287 3193/2477/3311 3197/2481/3315 3170/2452/3288 
f 3198/2482/3316 3173/2455/3291 3170/2452/3288 3197/2481/3315 
f 3199/2483/3317 3198/2482/3316 3197/2481/3315 3196/2480/3314 
f 3200/2484/3318 3201/2485/3319 3198/2482/3316 3199/2483/3317 
f 3173/2455/3291 3198/2482/3316 3201/2485/3319 3174/2456/3292 
f 3202/2486/3320 3177/2459/3295 3174/2456/3292 3201/2485/3319 
f 3203/2487/3321 3202/2486/3320 3201/2485/3319 3200/2484/3318 
f 3204/2488/3322 3205/2489/3323 3202/2486/3320 3203/2487/3321 
f 3177/2459/3295 3202/2486/3320 3205/2489/3323 3178/2460/3296 
f 3206/2490/3324 3181/2463/3299 3178/2460/3296 3205/2489/3323 
f 3207/2491/3325 3206/2490/3324 3205/2489/3323 3204/2488/3322 
f 3206/2490/3324 3207/2491/3325 3184/2492/3302 3182/2493/3300 
f 3181/2463/3299 3206/2490/3324 3182/2493/3300 3158/2464/3276 
f 3184/2468/3302 3208/2494/3326 3209/2495/3327 3185/2469/3303 
f 3208/2494/3326 3210/2496/3328 3211/2497/3329 3209/2495/3327 
f 3212/2498/3330 3213/2499/3331 3209/2495/3327 3211/2497/3329 
f 3185/2469/3303 3209/2495/3327 3213/2499/3331 3186/2470/3304 
f 3214/2500/3332 3189/2473/3307 3186/2470/3304 3213/2499/3331 
f 3215/2501/3333 3214/2500/3332 3213/2499/3331 3212/2498/3330 
f 3216/2502/3334 3217/2503/3335 3214/2500/3332 3215/2501/3333 
f 3189/2473/3307 3214/2500/3332 3217/2503/3335 3190/2474/3308 
f 3194/2478/3312 3218/2504/3336 3219/2505/3337 3195/2479/3313 
f 3218/2504/3336 3220/2506/3338 3221/2507/3339 3219/2505/3337 
f 3222/2508/3340 3223/2509/3341 3219/2505/3337 3221/2507/3339 
f 3195/2479/3313 3219/2505/3337 3223/2509/3341 3196/2480/3314 
f 3224/2510/3342 3199/2483/3317 3196/2480/3314 3223/2509/3341 
f 3225/2511/3343 3224/2510/3342 3223/2509/3341 3222/2508/3340 
f 3226/2512/3344 3227/2513/3345 3224/2510/3342 3225/2511/3343 
f 3199/2483/3317 3224/2510/3342 3227/2513/3345 3200/2484/3318 
f 3228/2514/3346 3203/2487/3321 3200/2484/3318 3227/2513/3345 
f 3229/2515/3347 3228/2514/3346 3227/2513/3345 3226/2512/3344 
f 3230/2516/3348 3231/2517/3349 3228/2514/3346 3229/2515/3347 
f 3203/2487/3321 3228/2514/3346 3231/2517/3349 3204/2488/3322 
f 3232/2518/3350 3207/2491/3325 3204/2488/3322 3231/2517/3349 
f 3233/2519/3351 3232/2518/3350 3231/2517/3349 3230/2516/3348 
f 3232/2518/3350 3233/2519/3351 3210/2520/3328 3208/2521/3326 
f 3207/2491/3325 3232/2518/3350 3208/2521/3326 3184/2492/3302 
f 3211/2497/3329 3234/2522/3352 3235/2523/3353 3212/2498/3330 
f 3234/2522/3352 3236/2524/3354 3237/2525/3355 3235/2523/3353 
f 3234/2522/3352 3211/2497/3329 3210/2496/3328 3236/2524/3354 
f 3237/2526/3355 3238/2527/3356 3239/2528/3357 3235/2529/3353 
f 3238/2527/3356 3240/2530/3358 3241/2531/3359 3239/2528/3357 
f 3239/2528/3357 3241/2531/3359 3216/2502/3334 3215/2501/3333 
f 3235/2529/3353 3239/2528/3357 3215/2501/3333 3212/2498/3330 
f 3237/2532/3355 3242/2533/3360 3243/2534/3361 3238/2535/3356 
f 3242/2533/3360 2960/2229/3078 3244/2536/3362 3243/2534/3361 
f 3245/2537/3363 3246/2538/3364 3243/2534/3361 3244/2536/3362 
f 3247/2539/3365 3248/2540/3366 3249/2541/3367 3250/2542/3368 
f 3251/2543/3369 3252/2544/3370 3248/2540/3366 3247/2539/3365 
f 3250/2542/3368 3253/2545/3371 3254/2546/3372 3247/2539/3365 
f 3253/2545/3371 3255/2547/3373 3256/2548/3374 3254/2546/3372 
f 3257/2549/3375 3258/2550/3376 3254/2546/3372 3256/2548/3374 
f 3247/2539/3365 3254/2546/3372 3258/2550/3376 3251/2543/3369 
f 3255/2547/3373 3259/2551/3377 3260/2552/3378 3256/2548/3374 
f 3259/2551/3377 3261/2553/3379 3262/2554/3380 3260/2552/3378 
f 3263/2555/3381 3264/2556/3382 3260/2552/3378 3262/2554/3380 
f 3256/2548/3374 3260/2552/3378 3264/2556/3382 3257/2549/3375 
f 3261/2553/3379 3265/2557/3383 3266/2558/3384 3262/2554/3380 
f 3265/2557/3383 3267/2559/3385 3268/2560/3386 3266/2558/3384 
f 3269/2561/3387 3270/2562/3388 3266/2558/3384 3268/2560/3386 
f 3262/2554/3380 3266/2558/3384 3270/2562/3388 3263/2555/3381 
f 3267/2559/3385 3271/2563/3389 3272/2564/3390 3268/2560/3386 
f 3271/2563/3389 3273/2565/3391 3274/2566/3392 3272/2564/3390 
f 3275/2567/3393 3276/2568/3394 3272/2564/3390 3274/2566/3392 
f 3268/2560/3386 3272/2564/3390 3276/2568/3394 3269/2561/3387 
f 3273/2565/3391 3277/2569/3395 3278/2570/3396 3274/2566/3392 
f 3277/2569/3395 3279/2571/3397 3280/2572/3398 3278/2570/3396 
f 3281/2573/3399 3282/2574/3400 3278/2570/3396 3280/2572/3398 
f 3274/2566/3392 3278/2570/3396 3282/2574/3400 3275/2567/3393 
f 3279/2571/3397 3283/2575/3401 3284/2576/3402 3280/2572/3398 
f 3283/2575/3401 3240/2530/3358 3246/2538/3364 3284/2576/3402 
f 3245/2537/3363 3285/2577/3403 3284/2576/3402 3246/2538/3364 
f 3280/2572/3398 3284/2576/3402 3285/2577/3403 3281/2573/3399 
f 3238/2535/3356 3243/2534/3361 3246/2538/3364 3240/2530/3358 
f 3237/2578/3355 3009/2278/3127 3008/2277/3126 3242/2579/3360 
f 3008/2277/3126 2961/2230/3079 2960/2229/3078 3242/2579/3360 
f 3237/2580/3355 3286/2581/3404 3287/2582/3405 3009/2583/3127 
f 2965/2234/3083 3287/2582/3405 3286/2581/3404 2966/2235/3084 
f 3287/2582/3405 2965/2234/3083 2962/2231/3080 3009/2583/3127 
f 3237/2584/3355 3288/2585/3406 3289/2586/3407 3286/2587/3404 
f 2969/2238/3087 3289/2586/3407 3288/2585/3406 2970/2239/3088 
f 3289/2586/3407 2969/2238/3087 2966/2235/3084 3286/2587/3404 
f 3237/2588/3355 3290/2589/3408 3291/2590/3409 3288/2591/3406 
f 2973/2242/3091 3291/2590/3409 3290/2589/3408 2974/2243/3092 
f 3291/2590/3409 2973/2242/3091 2970/2239/3088 3288/2591/3406 
f 3237/2592/3355 3292/2593/3410 3293/2594/3411 3290/2595/3408 
f 2977/2246/3095 3293/2594/3411 3292/2593/3410 2978/2247/3096 
f 3293/2594/3411 2977/2246/3095 2974/2243/3092 3290/2595/3408 
f 3237/2596/3355 3294/2597/3412 3295/2598/3413 3292/2599/3410 
f 2981/2250/3099 3295/2598/3413 3294/2597/3412 2982/2251/3100 
f 3295/2598/3413 2981/2250/3099 2978/2247/3096 3292/2599/3410 
f 3237/2600/3355 3296/2601/3414 3297/2602/3415 3294/2603/3412 
f 2985/2254/3103 3297/2602/3415 3296/2601/3414 2986/2255/3104 
f 3297/2602/3415 2985/2254/3103 2982/2251/3100 3294/2603/3412 
f 3237/2604/3355 3298/2605/3416 3299/2606/3417 3296/2607/3414 
f 2989/2258/3107 3299/2606/3417 3298/2605/3416 2990/2259/3108 
f 3299/2606/3417 2989/2258/3107 2986/2255/3104 3296/2607/3414 
f 3237/2608/3355 3300/2609/3418 3301/2610/3419 3298/2611/3416 
f 2993/2262/3111 3301/2610/3419 3300/2609/3418 2994/2263/3112 
f 3301/2610/3419 2993/2262/3111 2990/2259/3108 3298/2611/3416 
f 3237/2612/3355 3302/2613/3420 3303/2614/3421 3300/2615/3418 
f 2997/2266/3115 3303/2614/3421 3302/2613/3420 2998/2267/3116 
f 3303/2614/3421 2997/2266/3115 2994/2263/3112 3300/2615/3418 
f 3237/2616/3355 3304/2617/3422 3305/2618/3423 3302/2619/3420 
f 3001/2270/3119 3305/2618/3423 3304/2617/3422 3002/2271/3120 
f 3305/2618/3423 3001/2270/3119 2998/2267/3116 3302/2619/3420 
f 3237/2620/3355 3306/2621/3424 3307/2622/3425 3304/2623/3422 
f 3306/2621/3424 3308/2624/3426 3309/2625/3427 3307/2622/3425 
f 3307/2622/3425 3309/2625/3427 3006/2275/3124 3005/2274/3123 
f 3304/2623/3422 3307/2622/3425 3005/2274/3123 3002/2271/3120 
f 3237/2626/3355 3310/2627/3428 3311/2628/3429 3306/2629/3424 
f 3310/2627/3428 3312/2630/3430 3313/2631/3431 3311/2628/3429 
f 3314/2632/3432 3315/2633/3433 3311/2628/3429 3313/2631/3431 
f 3316/2634/3434 3317/2635/3435 3318/2636/3436 3319/2637/3437 
f 3319/2637/3437 3320/2638/3438 3321/2639/3439 3316/2634/3434 
f 3322/2640/3440 3323/2641/3441 3316/2634/3434 3321/2639/3439 
f 3323/2641/3441 3324/2642/3442 3317/2635/3435 3316/2634/3434 
f 3320/2638/3438 3325/2643/3443 3326/2644/3444 3321/2639/3439 
f 3325/2643/3443 3327/2645/3445 3328/2646/3446 3326/2644/3444 
f 3329/2647/3447 3330/2648/3448 3326/2644/3444 3328/2646/3446 
f 3321/2639/3439 3326/2644/3444 3330/2648/3448 3322/2640/3440 
f 3327/2645/3445 3331/2649/3449 3332/2650/3450 3328/2646/3446 
f 3331/2649/3449 3333/2651/3451 3334/2652/3452 3332/2650/3450 
f 3335/2653/3453 3336/2654/3454 3332/2650/3450 3334/2652/3452 
f 3328/2646/3446 3332/2650/3450 3336/2654/3454 3329/2647/3447 
f 3333/2651/3451 3337/2655/3455 3338/2656/3456 3334/2652/3452 
f 3337/2655/3455 3339/2657/3457 3340/2658/3458 3338/2656/3456 
f 3341/2659/3459 3342/2660/3460 3338/2656/3456 3340/2658/3458 
f 3334/2652/3452 3338/2656/3456 3342/2660/3460 3335/2653/3453 
f 3339/2657/3457 3343/2661/3461 3344/2662/3462 3340/2658/3458 
f 3343/2661/3461 3308/2624/3426 3315/2633/3433 3344/2662/3462 
f 3314/2632/3432 3345/2663/3463 3344/2662/3462 3315/2633/3433 
f 3340/2658/3458 3344/2662/3462 3345/2663/3463 3341/2659/3459 
f 3306/2629/3424 3311/2628/3429 3315/2633/3433 3308/2624/3426 
f 3237/2664/3355 3346/2665/3464 3347/2666/3465 3310/2667/3428 
f 3346/2665/3464 3348/2668/3466 3349/2669/3467 3347/2666/3465 
f 3350/2670/3468 3351/2671/3469 3352/2672/3470 3353/2673/3471 
f 3354/2674/3472 3355/2675/3473 3351/2671/3469 3350/2670/3468 
f 3356/2676/3474 3357/2677/3475 3355/2675/3473 3354/2674/3472 
f 3358/2678/3476 3359/2679/3477 3357/2677/3475 3356/2676/3474 
f 3360/2680/3478 3361/2681/3479 3359/2679/3477 3358/2678/3476 
f 3362/2682/3480 3363/2683/3481 3361/2681/3479 3360/2680/3478 
f 3364/2684/3482 3365/2685/3483 3363/2683/3481 3362/2682/3480 
f 3365/2685/3483 3366/2686/3484 3367/2687/3485 3363/2683/3481 
f 3368/2688/3486 3369/2689/3487 3365/2685/3483 3364/2684/3482 
f 3369/2689/3487 3370/2690/3488 3366/2686/3484 3365/2685/3483 
f 3371/2691/3489 3372/2692/3490 3370/2690/3488 3369/2689/3487 
f 3373/2693/3491 3371/2691/3489 3369/2689/3487 3368/2688/3486 
f 3374/2694/3492 3375/2695/3493 3371/2691/3489 3373/2693/3491 
f 3375/2695/3493 3376/2696/3494 3372/2692/3490 3371/2691/3489 
f 3377/2697/3495 3378/2698/3496 3376/2696/3494 3375/2695/3493 
f 3379/2699/3497 3377/2697/3495 3375/2695/3493 3374/2694/3492 
f 3380/2700/3498 3381/2701/3499 3377/2697/3495 3379/2699/3497 
f 3381/2701/3499 3382/2702/3500 3378/2698/3496 3377/2697/3495 
f 3383/2703/3501 3384/2704/3502 3382/2702/3500 3381/2701/3499 
f 3385/2705/3503 3383/2703/3501 3381/2701/3499 3380/2700/3498 
f 3386/2706/3504 3387/2707/3505 3383/2703/3501 3385/2705/3503 
f 3387/2707/3505 3388/2708/3506 3384/2704/3502 3383/2703/3501 
f 3389/2709/3507 3390/2710/3508 3388/2708/3506 3387/2707/3505 
f 3391/2711/3509 3389/2709/3507 3387/2707/3505 3386/2706/3504 
f 3392/2712/3510 3393/2713/3511 3389/2709/3507 3391/2711/3509 
f 3393/2713/3511 3394/2714/3512 3390/2710/3508 3389/2709/3507 
f 3395/2715/3513 3390/2710/3508 3394/2714/3512 3396/2716/3514 
f 3353/2673/3471 3397/2717/3515 3398/2718/3516 3350/2670/3468 
f 3399/2719/3517 3400/2720/3518 3401/2721/3519 3402/2722/3520 
f 3403/2723/3521 3397/2717/3515 3400/2720/3518 3399/2719/3517 
f 3397/2717/3515 3353/2673/3471 3404/2724/3522 3400/2720/3518 
f 3405/2725/3523 3398/2718/3516 3397/2717/3515 3403/2723/3521 
f 3406/2726/3524 3407/2727/3525 3398/2718/3516 3405/2725/3523 
f 3350/2670/3468 3398/2718/3516 3407/2727/3525 3354/2674/3472 
f 3408/2728/3526 3356/2676/3474 3354/2674/3472 3407/2727/3525 
f 3409/2729/3527 3408/2728/3526 3407/2727/3525 3406/2726/3524 
f 3410/2730/3528 3411/2731/3529 3408/2728/3526 3409/2729/3527 
f 3356/2676/3474 3408/2728/3526 3411/2731/3529 3358/2678/3476 
f 3412/2732/3530 3360/2680/3478 3358/2678/3476 3411/2731/3529 
f 3413/2733/3531 3412/2732/3530 3411/2731/3529 3410/2730/3528 
f 3414/2734/3532 3415/2735/3533 3412/2732/3530 3413/2733/3531 
f 3360/2680/3478 3412/2732/3530 3415/2735/3533 3362/2682/3480 
f 3416/2736/3534 3364/2684/3482 3362/2682/3480 3415/2735/3533 
f 3417/2737/3535 3416/2736/3534 3415/2735/3533 3414/2734/3532 
f 3418/2738/3536 3419/2739/3537 3416/2736/3534 3417/2737/3535 
f 3364/2684/3482 3416/2736/3534 3419/2739/3537 3368/2688/3486 
f 3420/2740/3538 3373/2693/3491 3368/2688/3486 3419/2739/3537 
f 3421/2741/3539 3420/2740/3538 3419/2739/3537 3418/2738/3536 
f 3422/2742/3540 3423/2743/3541 3420/2740/3538 3421/2741/3539 
f 3373/2693/3491 3420/2740/3538 3423/2743/3541 3374/2694/3492 
f 3424/2744/3542 3379/2699/3497 3374/2694/3492 3423/2743/3541 
f 3425/2745/3543 3424/2744/3542 3423/2743/3541 3422/2742/3540 
f 3426/2746/3544 3427/2747/3545 3424/2744/3542 3425/2745/3543 
f 3379/2699/3497 3424/2744/3542 3427/2747/3545 3380/2700/3498 
f 3428/2748/3546 3385/2705/3503 3380/2700/3498 3427/2747/3545 
f 3429/2749/3547 3428/2748/3546 3427/2747/3545 3426/2746/3544 
f 3430/2750/3548 3431/2751/3549 3428/2748/3546 3429/2749/3547 
f 3385/2705/3503 3428/2748/3546 3431/2751/3549 3386/2706/3504 
f 3432/2752/3550 3391/2711/3509 3386/2706/3504 3431/2751/3549 
f 3433/2753/3551 3432/2752/3550 3431/2751/3549 3430/2750/3548 
f 3434/2754/3552 3435/2755/3553 3432/2752/3550 3433/2753/3551 
f 3391/2711/3509 3432/2752/3550 3435/2755/3553 3392/2712/3510 
f 3402/2722/3520 3436/2756/3554 3437/2757/3555 3399/2719/3517 
f 3438/2758/3556 3439/2759/3557 3440/2760/3558 3441/2761/3559 
f 3442/2762/3560 3443/2763/3561 3441/2761/3559 3440/2760/3558 
f 3444/2764/3562 3436/2756/3554 3443/2763/3561 3442/2762/3560 
f 3436/2756/3554 3402/2722/3520 3445/2765/3563 3443/2763/3561 
f 3446/2766/3564 3437/2757/3555 3436/2756/3554 3444/2764/3562 
f 3447/2767/3565 3448/2768/3566 3437/2757/3555 3446/2766/3564 
f 3399/2719/3517 3437/2757/3555 3448/2768/3566 3403/2723/3521 
f 3449/2769/3567 3405/2725/3523 3403/2723/3521 3448/2768/3566 
f 3450/2770/3568 3449/2769/3567 3448/2768/3566 3447/2767/3565 
f 3451/2771/3569 3452/2772/3570 3449/2769/3567 3450/2770/3568 
f 3405/2725/3523 3449/2769/3567 3452/2772/3570 3406/2726/3524 
f 3453/2773/3571 3409/2729/3527 3406/2726/3524 3452/2772/3570 
f 3454/2774/3572 3453/2773/3571 3452/2772/3570 3451/2771/3569 
f 3455/2775/3573 3456/2776/3574 3453/2773/3571 3454/2774/3572 
f 3409/2729/3527 3453/2773/3571 3456/2776/3574 3410/2730/3528 
f 3457/2777/3575 3413/2733/3531 3410/2730/3528 3456/2776/3574 
f 3458/2778/3576 3457/2777/3575 3456/2776/3574 3455/2775/3573 
f 3459/2779/3577 3460/2780/3578 3457/2777/3575 3458/2778/3576 
f 3413/2733/3531 3457/2777/3575 3460/2780/3578 3414/2734/3532 
f 3461/2781/3579 3417/2737/3535 3414/2734/3532 3460/2780/3578 
f 3462/2782/3580 3461/2781/3579 3460/2780/3578 3459/2779/3577 
f 3463/2783/3581 3464/2784/3582 3461/2781/3579 3462/2782/3580 
f 3417/2737/3535 3461/2781/3579 3464/2784/3582 3418/2738/3536 
f 3465/2785/3583 3421/2741/3539 3418/2738/3536 3464/2784/3582 
f 3466/2786/3584 3465/2785/3583 3464/2784/3582 3463/2783/3581 
f 3467/2787/3585 3468/2788/3586 3465/2785/3583 3466/2786/3584 
f 3421/2741/3539 3465/2785/3583 3468/2788/3586 3422/2742/3540 
f 3469/2789/3587 3425/2745/3543 3422/2742/3540 3468/2788/3586 
f 3470/2790/3588 3469/2789/3587 3468/2788/3586 3467/2787/3585 
f 3471/2791/3589 3472/2792/3590 3469/2789/3587 3470/2790/3588 
f 3425/2745/3543 3469/2789/3587 3472/2792/3590 3426/2746/3544 
f 3473/2793/3591 3429/2749/3547 3426/2746/3544 3472/2792/3590 
f 3474/2794/3592 3473/2793/3591 3472/2792/3590 3471/2791/3589 
f 3475/2795/3593 3476/2796/3594 3473/2793/3591 3474/2794/3592 
f 3429/2749/3547 3473/2793/3591 3476/2796/3594 3430/2750/3548 
f 3477/2797/3595 3433/2753/3551 3430/2750/3548 3476/2796/3594 
f 3478/2798/3596 3477/2797/3595 3476/2796/3594 3475/2795/3593 
f 3479/2799/3597 3480/2800/3598 3477/2797/3595 3478/2798/3596 
f 3433/2753/3551 3477/2797/3595 3480/2800/3598 3434/2754/3552 
f 3439/2759/3557 3481/2801/3599 3482/2802/3600 3440/2760/3558 
f 3481/2801/3599 3439/2759/3557 3483/2803/3601 3484/2804/3602 
f 3484/2804/3602 3485/2805/3603 3486/2806/3604 3481/2801/3599 
f 3487/2807/3605 3482/2802/3600 3481/2801/3599 3486/2806/3604 
f 3488/2808/3606 3442/2762/3560 3440/2760/3558 3482/2802/3600 
f 3489/2809/3607 3488/2808/3606 3482/2802/3600 3487/2807/3605 
f 3490/2810/3608 3491/2811/3609 3488/2808/3606 3489/2809/3607 
f 3442/2762/3560 3488/2808/3606 3491/2811/3609 3444/2764/3562 
f 3492/2812/3610 3446/2766/3564 3444/2764/3562 3491/2811/3609 
f 3493/2813/3611 3492/2812/3610 3491/2811/3609 3490/2810/3608 
f 3494/2814/3612 3495/2815/3613 3492/2812/3610 3493/2813/3611 
f 3446/2766/3564 3492/2812/3610 3495/2815/3613 3447/2767/3565 
f 3496/2816/3614 3450/2770/3568 3447/2767/3565 3495/2815/3613 
f 3497/2817/3615 3496/2816/3614 3495/2815/3613 3494/2814/3612 
f 3498/2818/3616 3499/2819/3617 3496/2816/3614 3497/2817/3615 
f 3450/2770/3568 3496/2816/3614 3499/2819/3617 3451/2771/3569 
f 3500/2820/3618 3454/2774/3572 3451/2771/3569 3499/2819/3617 
f 3501/2821/3619 3500/2820/3618 3499/2819/3617 3498/2818/3616 
f 3502/2822/3620 3503/2823/3621 3500/2820/3618 3501/2821/3619 
f 3503/2823/3621 3455/2775/3573 3454/2774/3572 3500/2824/3618 
f 3504/2825/3622 3458/2778/3576 3455/2775/3573 3503/2823/3621 
f 3505/2826/3623 3504/2825/3622 3503/2823/3621 3502/2822/3620 
f 3506/2827/3624 3507/2828/3625 3504/2825/3622 3505/2826/3623 
f 3458/2778/3576 3504/2825/3622 3507/2828/3625 3459/2779/3577 
f 3508/2829/3626 3462/2782/3580 3459/2779/3577 3507/2828/3625 
f 3509/2830/3627 3508/2829/3626 3507/2828/3625 3506/2827/3624 
f 3510/2831/3628 3511/2832/3629 3508/2829/3626 3509/2830/3627 
f 3462/2782/3580 3508/2829/3626 3511/2832/3629 3463/2783/3581 
f 3512/2833/3630 3466/2786/3584 3463/2783/3581 3511/2832/3629 
f 3513/2834/3631 3512/2833/3630 3511/2832/3629 3510/2831/3628 
f 3514/2835/3632 3515/2836/3633 3512/2833/3630 3513/2834/3631 
f 3466/2786/3584 3512/2833/3630 3515/2836/3633 3467/2787/3585 
f 3516/2837/3634 3470/2790/3588 3467/2787/3585 3515/2836/3633 
f 3517/2838/3635 3516/2837/3634 3515/2836/3633 3514/2835/3632 
f 3518/2839/3636 3519/2840/3637 3516/2837/3634 3517/2838/3635 
f 3470/2790/3588 3516/2837/3634 3519/2840/3637 3471/2791/3589 
f 3520/2841/3638 3474/2794/3592 3471/2791/3589 3519/2840/3637 
f 3521/2842/3639 3520/2841/3638 3519/2840/3637 3518/2839/3636 
f 3522/2843/3640 3523/2844/3641 3520/2841/3638 3521/2842/3639 
f 3474/2794/3592 3520/2841/3638 3523/2844/3641 3475/2795/3593 
f 3524/2845/3642 3478/2798/3596 3475/2795/3593 3523/2844/3641 
f 3525/2846/3643 3524/2845/3642 3523/2844/3641 3522/2843/3640 
f 3526/2847/3644 3527/2848/3645 3524/2845/3642 3525/2846/3643 
f 3478/2798/3596 3524/2845/3642 3527/2848/3645 3479/2799/3597 
f 3485/2805/3603 3528/2849/3646 3529/2850/3647 3486/2806/3604 
f 3528/2849/3646 3530/2851/3648 3531/2852/3649 3529/2850/3647 
f 3532/2853/3650 3533/2854/3651 3529/2850/3647 3531/2852/3649 
f 3486/2806/3604 3529/2850/3647 3533/2854/3651 3487/2807/3605 
f 3534/2855/3652 3489/2809/3607 3487/2807/3605 3533/2854/3651 
f 3535/2856/3653 3534/2855/3652 3533/2854/3651 3532/2853/3650 
f 3536/2857/3654 3537/2858/3655 3534/2855/3652 3535/2856/3653 
f 3489/2809/3607 3534/2855/3652 3537/2858/3655 3490/2810/3608 
f 3538/2859/3656 3493/2813/3611 3490/2810/3608 3537/2858/3655 
f 3539/2860/3657 3538/2859/3656 3537/2858/3655 3536/2857/3654 
f 3540/2861/3658 3541/2862/3659 3538/2859/3656 3539/2860/3657 
f 3493/2813/3611 3538/2859/3656 3541/2862/3659 3494/2814/3612 
f 3542/2863/3660 3497/2817/3615 3494/2814/3612 3541/2862/3659 
f 3543/2864/3661 3542/2863/3660 3541/2862/3659 3540/2861/3658 
f 3544/2865/3662 3545/2866/3663 3542/2863/3660 3543/2864/3661 
f 3497/2817/3615 3542/2863/3660 3545/2866/3663 3498/2818/3616 
f 3546/2867/3664 3501/2821/3619 3498/2818/3616 3545/2866/3663 
f 3547/2868/3665 3546/2867/3664 3545/2866/3663 3544/2865/3662 
f 3548/2869/3666 3549/2870/3667 3546/2867/3664 3547/2868/3665 
f 3501/2821/3619 3546/2867/3664 3549/2870/3667 3502/2822/3620 
f 3550/2871/3668 3505/2826/3623 3502/2822/3620 3549/2870/3667 
f 3551/2872/3669 3550/2871/3668 3549/2870/3667 3548/2869/3666 
f 3552/2873/3670 3553/2874/3671 3550/2871/3668 3551/2872/3669 
f 3505/2826/3623 3550/2871/3668 3553/2874/3671 3506/2827/3624 
f 3554/2875/3672 3509/2830/3627 3506/2827/3624 3553/2874/3671 
f 3555/2876/3673 3554/2875/3672 3553/2874/3671 3552/2873/3670 
f 3556/2877/3674 3557/2878/3675 3554/2875/3672 3555/2876/3673 
f 3509/2830/3627 3554/2875/3672 3557/2878/3675 3510/2831/3628 
f 3558/2879/3676 3513/2834/3631 3510/2831/3628 3557/2878/3675 
f 3559/2880/3677 3558/2879/3676 3557/2878/3675 3556/2877/3674 
f 3560/2881/3678 3561/2882/3679 3558/2879/3676 3559/2880/3677 
f 3513/2834/3631 3558/2879/3676 3561/2882/3679 3514/2835/3632 
f 3562/2883/3680 3517/2838/3635 3514/2835/3632 3561/2882/3679 
f 3563/2884/3681 3562/2883/3680 3561/2882/3679 3560/2881/3678 
f 3564/2885/3682 3565/2886/3683 3562/2883/3680 3563/2884/3681 
f 3517/2838/3635 3562/2883/3680 3565/2886/3683 3518/2839/3636 
f 3566/2887/3684 3521/2842/3639 3518/2839/3636 3565/2886/3683 
f 3567/2888/3685 3566/2887/3684 3565/2886/3683 3564/2885/3682 
f 3568/2889/3686 3569/2890/3687 3566/2887/3684 3567/2888/3685 
f 3521/2842/3639 3566/2887/3684 3569/2890/3687 3522/2843/3640 
f 3570/2891/3688 3525/2846/3643 3522/2843/3640 3569/2890/3687 
f 3571/2892/3689 3570/2891/3688 3569/2890/3687 3568/2889/3686 
f 3572/2893/3690 3573/2894/3691 3570/2891/3688 3571/2892/3689 
f 3525/2846/3643 3570/2891/3688 3573/2894/3691 3526/2847/3644 
f 3530/2851/3648 3574/2895/3692 3575/2896/3693 3531/2852/3649 
f 3574/2895/3692 3576/2897/3694 3577/2898/3695 3575/2896/3693 
f 3578/2899/3696 3579/2900/3697 3575/2896/3693 3577/2898/3695 
f 3531/2852/3649 3575/2896/3693 3579/2900/3697 3532/2853/3650 
f 3580/2901/3698 3535/2856/3653 3532/2853/3650 3579/2900/3697 
f 3581/2902/3699 3580/2901/3698 3579/2900/3697 3578/2899/3696 
f 3582/2903/3700 3583/2904/3701 3580/2901/3698 3581/2902/3699 
f 3535/2856/3653 3580/2901/3698 3583/2904/3701 3536/2857/3654 
f 3584/2905/3702 3539/2860/3657 3536/2857/3654 3583/2904/3701 
f 3585/2906/3703 3584/2905/3702 3583/2904/3701 3582/2903/3700 
f 3586/2907/3704 3587/2908/3705 3584/2905/3702 3585/2906/3703 
f 3539/2860/3657 3584/2905/3702 3587/2908/3705 3540/2861/3658 
f 3588/2909/3706 3543/2864/3661 3540/2861/3658 3587/2908/3705 
f 3589/2910/3707 3588/2909/3706 3587/2908/3705 3586/2907/3704 
f 3590/2911/3708 3591/2912/3709 3588/2909/3706 3589/2910/3707 
f 3543/2864/3661 3588/2909/3706 3591/2912/3709 3544/2865/3662 
f 3592/2913/3710 3547/2868/3665 3544/2865/3662 3591/2912/3709 
f 3593/2914/3711 3592/2913/3710 3591/2912/3709 3590/2911/3708 
f 3594/2915/3712 3595/2916/3713 3592/2913/3710 3593/2914/3711 
f 3547/2868/3665 3592/2913/3710 3595/2916/3713 3548/2869/3666 
f 3596/2917/3714 3551/2872/3669 3548/2869/3666 3595/2916/3713 
f 3597/2918/3715 3596/2917/3714 3595/2916/3713 3594/2915/3712 
f 3598/2919/3716 3599/2920/3717 3596/2917/3714 3597/2918/3715 
f 3551/2872/3669 3596/2917/3714 3599/2920/3717 3552/2873/3670 
f 3600/2921/3718 3555/2876/3673 3552/2873/3670 3599/2920/3717 
f 3601/2922/3719 3600/2921/3718 3599/2920/3717 3598/2919/3716 
f 3602/2923/3720 3603/2924/3721 3600/2921/3718 3601/2922/3719 
f 3555/2876/3673 3600/2921/3718 3603/2924/3721 3556/2877/3674 
f 3604/2925/3722 3559/2880/3677 3556/2877/3674 3603/2924/3721 
f 3605/2926/3723 3604/2925/3722 3603/2924/3721 3602/2923/3720 
f 3606/2927/3724 3607/2928/3725 3604/2925/3722 3605/2926/3723 
f 3559/2880/3677 3604/2925/3722 3607/2928/3725 3560/2881/3678 
f 3608/2929/3726 3563/2884/3681 3560/2881/3678 3607/2928/3725 
f 3609/2930/3727 3608/2929/3726 3607/2928/3725 3606/2927/3724 
f 3610/2931/3728 3611/2932/3729 3608/2929/3726 3609/2930/3727 
f 3563/2884/3681 3608/2929/3726 3611/2932/3729 3564/2885/3682 
f 3612/2933/3730 3567/2888/3685 3564/2885/3682 3611/2932/3729 
f 3613/2934/3731 3612/2933/3730 3611/2932/3729 3610/2931/3728 
f 3614/2935/3732 3615/2936/3733 3612/2933/3730 3613/2934/3731 
f 3567/2888/3685 3612/2933/3730 3615/2936/3733 3568/2889/3686 
f 3616/2937/3734 3571/2892/3689 3568/2889/3686 3615/2936/3733 
f 3617/2938/3735 3616/2937/3734 3615/2936/3733 3614/2935/3732 
f 3618/2939/3736 3619/2940/3737 3616/2937/3734 3617/2938/3735 
f 3571/2892/3689 3616/2937/3734 3619/2940/3737 3572/2893/3690 
f 3576/2897/3694 3620/2941/3738 3621/2942/3739 3577/2898/3695 
f 3620/2941/3738 3622/2943/3740 3623/2944/3741 3621/2942/3739 
f 3624/2945/3742 3625/2946/3743 3621/2942/3739 3623/2944/3741 
f 3577/2898/3695 3621/2942/3739 3625/2946/3743 3578/2899/3696 
f 3626/2947/3744 3581/2902/3699 3578/2899/3696 3625/2946/3743 
f 3627/2948/3745 3626/2947/3744 3625/2946/3743 3624/2945/3742 
f 3628/2949/3746 3629/2950/3747 3626/2947/3744 3627/2948/3745 
f 3581/2902/3699 3626/2947/3744 3629/2950/3747 3582/2903/3700 
f 3630/2951/3748 3585/2906/3703 3582/2903/3700 3629/2950/3747 
f 3631/2952/3749 3630/2951/3748 3629/2950/3747 3628/2949/3746 
f 3632/2953/3750 3633/2954/3751 3630/2951/3748 3631/2952/3749 
f 3585/2906/3703 3630/2951/3748 3633/2954/3751 3586/2907/3704 
f 3634/2955/3752 3589/2910/3707 3586/2907/3704 3633/2954/3751 
f 3635/2956/3753 3634/2955/3752 3633/2954/3751 3632/2953/3750 
f 3636/2957/3754 3637/2958/3755 3634/2955/3752 3635/2956/3753 
f 3589/2910/3707 3634/2955/3752 3637/2958/3755 3590/2911/3708 
f 3638/2959/3756 3593/2914/3711 3590/2911/3708 3637/2958/3755 
f 3639/2960/3757 3638/2959/3756 3637/2958/3755 3636/2957/3754 
f 3640/2961/3758 3641/2962/3759 3638/2959/3756 3639/2960/3757 
f 3593/2914/3711 3638/2959/3756 3641/2962/3759 3594/2915/3712 
f 3642/2963/3760 3597/2918/3715 3594/2915/3712 3641/2962/3759 
f 3643/2964/3761 3642/2963/3760 3641/2962/3759 3640/2961/3758 
f 3644/2965/3762 3645/2966/3763 3642/2963/3760 3643/2964/3761 
f 3597/2918/3715 3642/2963/3760 3645/2966/3763 3598/2919/3716 
f 3646/2967/3764 3601/2922/3719 3598/2919/3716 3645/2966/3763 
f 3647/2968/3765 3646/2967/3764 3645/2966/3763 3644/2965/3762 
f 3648/2969/3766 3649/2970/3767 3646/2967/3764 3647/2968/3765 
f 3601/2922/3719 3646/2967/3764 3649/2970/3767 3602/2923/3720 
f 3650/2971/3768 3605/2926/3723 3602/2923/3720 3649/2970/3767 
f 3651/2972/3769 3650/2971/3768 3649/2970/3767 3648/2969/3766 
f 3652/2973/3770 3653/2974/3771 3650/2971/3768 3651/2972/3769 
f 3605/2926/3723 3650/2971/3768 3653/2974/3771 3606/2927/3724 
f 3654/2975/3772 3609/2930/3727 3606/2927/3724 3653/2974/3771 
f 3655/2976/3773 3654/2975/3772 3653/2974/3771 3652/2973/3770 
f 3656/2977/3774 3657/2978/3775 3654/2975/3772 3655/2976/3773 
f 3609/2930/3727 3654/2975/3772 3657/2978/3775 3610/2931/3728 
f 3658/2979/3776 3613/2934/3731 3610/2931/3728 3657/2978/3775 
f 3659/2980/3777 3658/2979/3776 3657/2978/3775 3656/2977/3774 
f 3660/2981/3778 3661/2982/3779 3658/2979/3776 3659/2980/3777 
f 3613/2934/3731 3658/2979/3776 3661/2982/3779 3614/2935/3732 
f 3662/2983/3780 3617/2938/3735 3614/2935/3732 3661/2982/3779 
f 3663/2984/3781 3662/2983/3780 3661/2982/3779 3660/2981/3778 
f 3664/2985/3782 3665/2986/3783 3662/2983/3780 3663/2984/3781 
f 3617/2938/3735 3662/2983/3780 3665/2986/3783 3618/2939/3736 
f 3622/2943/3740 3666/2987/3784 3667/2988/3785 3623/2944/3741 
f 3666/2987/3784 3312/2630/3430 3349/2669/3467 3667/2988/3785 
f 3348/2668/3466 3668/2989/3786 3667/2988/3785 3349/2669/3467 
f 3623/2944/3741 3667/2988/3785 3668/2989/3786 3624/2945/3742 
f 3669/2990/3787 3627/2948/3745 3624/2945/3742 3668/2989/3786 
f 3670/2991/3788 3669/2990/3787 3668/2989/3786 3348/2668/3466 
f 3671/2992/3789 3672/2993/3790 3669/2990/3787 3670/2991/3788 
f 3627/2948/3745 3669/2990/3787 3672/2993/3790 3628/2949/3746 
f 3673/2994/3791 3631/2952/3749 3628/2949/3746 3672/2993/3790 
f 3674/2995/3792 3673/2994/3791 3672/2993/3790 3671/2992/3789 
f 3675/2996/3793 3676/2997/3794 3673/2994/3791 3674/2995/3792 
f 3631/2952/3749 3673/2994/3791 3676/2997/3794 3632/2953/3750 
f 3677/2998/3795 3635/2956/3753 3632/2953/3750 3676/2997/3794 
f 3678/2999/3796 3677/2998/3795 3676/2997/3794 3675/2996/3793 
f 3679/3000/3797 3680/3001/3798 3677/2998/3795 3678/2999/3796 
f 3635/2956/3753 3677/2998/3795 3680/3001/3798 3636/2957/3754 
f 3681/3002/3799 3639/2960/3757 3636/2957/3754 3680/3001/3798 
f 3682/3003/3800 3681/3002/3799 3680/3001/3798 3679/3000/3797 
f 3683/3004/3801 3684/3005/3802 3681/3002/3799 3682/3003/3800 
f 3639/2960/3757 3681/3002/3799 3684/3005/3802 3640/2961/3758 
f 3685/3006/3803 3643/2964/3761 3640/2961/3758 3684/3005/3802 
f 3686/3007/3804 3685/3006/3803 3684/3005/3802 3683/3004/3801 
f 3687/3008/3805 3688/3009/3806 3685/3006/3803 3686/3007/3804 
f 3643/2964/3761 3685/3006/3803 3688/3009/3806 3644/2965/3762 
f 3689/3010/3807 3647/2968/3765 3644/2965/3762 3688/3009/3806 
f 3690/3011/3808 3689/3010/3807 3688/3009/3806 3687/3008/3805 
f 3691/3012/3809 3692/3013/3810 3689/3010/3807 3690/3011/3808 
f 3647/2968/3765 3689/3010/3807 3692/3013/3810 3648/2969/3766 
f 3693/3014/3811 3651/2972/3769 3648/2969/3766 3692/3013/3810 
f 3694/3015/3812 3693/3014/3811 3692/3013/3810 3691/3012/3809 
f 3695/3016/3813 3696/3017/3814 3693/3014/3811 3694/3015/3812 
f 3651/2972/3769 3693/3014/3811 3696/3017/3814 3652/2973/3770 
f 3697/3018/3815 3655/2976/3773 3652/2973/3770 3696/3017/3814 
f 3698/3019/3816 3697/3018/3815 3696/3017/3814 3695/3016/3813 
f 3699/3020/3817 3700/3021/3818 3697/3018/3815 3698/3019/3816 
f 3655/2976/3773 3697/3018/3815 3700/3021/3818 3656/2977/3774 
f 3701/3022/3819 3659/2980/3777 3656/2977/3774 3700/3021/3818 
f 3702/3023/3820 3701/3022/3819 3700/3021/3818 3699/3020/3817 
f 3703/3024/3821 3704/3025/3822 3701/3022/3819 3702/3023/3820 
f 3659/2980/3777 3701/3022/3819 3704/3025/3822 3660/2981/3778 
f 3705/3026/3823 3663/2984/3781 3660/2981/3778 3704/3025/3822 
f 3706/3027/3824 3705/3026/3823 3704/3025/3822 3703/3024/3821 
f 3707/3028/3825 3708/3029/3826 3705/3026/3823 3706/3027/3824 
f 3663/2984/3781 3705/3026/3823 3708/3029/3826 3664/2985/3782 
f 3347/2666/3465 3349/2669/3467 3312/2630/3430 3310/2667/3428 
f 3237/3030/3355 3709/3031/3827 3710/3032/3828 3346/3033/3464 
f 3670/2991/3788 3710/3032/3828 3709/3031/3827 3671/2992/3789 
f 3710/3032/3828 3670/2991/3788 3348/2668/3466 3346/3033/3464 
f 3237/3034/3355 3711/3035/3829 3712/3036/3830 3709/3037/3827 
f 3674/2995/3792 3712/3036/3830 3711/3035/3829 3675/2996/3793 
f 3712/3036/3830 3674/2995/3792 3671/2992/3789 3709/3037/3827 
f 3237/3038/3355 3713/3039/3831 3714/3040/3832 3711/3041/3829 
f 3678/2999/3796 3714/3040/3832 3713/3039/3831 3679/3000/3797 
f 3714/3040/3832 3678/2999/3796 3675/2996/3793 3711/3041/3829 
f 3237/3042/3355 3715/3043/3833 3716/3044/3834 3713/3045/3831 
f 3682/3003/3800 3716/3044/3834 3715/3043/3833 3683/3004/3801 
f 3716/3044/3834 3682/3003/3800 3679/3000/3797 3713/3045/3831 
f 3237/3046/3355 3717/3047/3835 3718/3048/3836 3715/3049/3833 
f 3686/3007/3804 3718/3048/3836 3717/3047/3835 3687/3008/3805 
f 3718/3048/3836 3686/3007/3804 3683/3004/3801 3715/3049/3833 
f 3237/3050/3355 3719/3051/3837 3720/3052/3838 3717/3053/3835 
f 3690/3011/3808 3720/3052/3838 3719/3051/3837 3691/3012/3809 
f 3720/3052/3838 3690/3011/3808 3687/3008/3805 3717/3053/3835 
f 3237/3054/3355 3721/3055/3839 3722/3056/3840 3719/3057/3837 
f 3694/3015/3812 3722/3056/3840 3721/3055/3839 3695/3016/3813 
f 3722/3056/3840 3694/3015/3812 3691/3012/3809 3719/3057/3837 
f 3237/3058/3355 3723/3059/3841 3724/3060/3842 3721/3061/3839 
f 3698/3019/3816 3724/3060/3842 3723/3059/3841 3699/3020/3817 
f 3724/3060/3842 3698/3019/3816 3695/3016/3813 3721/3061/3839 
f 3237/3062/3355 3725/3063/3843 3726/3064/3844 3723/3065/3841 
f 3702/3023/3820 3726/3064/3844 3725/3063/3843 3703/3024/3821 
f 3726/3064/3844 3702/3023/3820 3699/3020/3817 3723/3065/3841 
f 3237/3066/3355 3727/3067/3845 3728/3068/3846 3725/3069/3843 
f 3727/3067/3845 3729/3070/3847 3730/3071/3848 3728/3068/3846 
f 3728/3068/3846 3730/3071/3848 3707/3028/3825 3706/3027/3824 
f 3725/3069/3843 3728/3068/3846 3706/3027/3824 3703/3024/3821 
f 3237/3072/3355 3731/3073/3849 3732/3074/3850 3727/3075/3845 
f 3731/3073/3849 3220/2506/3338 3733/3076/3851 3732/3074/3850 
f 3734/3077/3852 3735/3078/3853 3732/3074/3850 3733/3076/3851 
f 3736/3079/3854 3737/3080/3855 3738/3081/3856 3739/3082/3857 
f 3740/3083/3858 3741/3084/3859 3737/3080/3855 3736/3079/3854 
f 3739/3082/3857 3742/3085/3860 3743/3086/3861 3736/3079/3854 
f 3742/3085/3860 3744/3087/3862 3745/3088/3863 3743/3086/3861 
f 3746/3089/3864 3747/3090/3865 3743/3086/3861 3745/3088/3863 
f 3736/3079/3854 3743/3086/3861 3747/3090/3865 3740/3083/3858 
f 3744/3087/3862 3748/3091/3866 3749/3092/3867 3745/3088/3863 
f 3748/3091/3866 3750/3093/3868 3751/3094/3869 3749/3092/3867 
f 3752/3095/3870 3753/3096/3871 3749/3092/3867 3751/3094/3869 
f 3745/3088/3863 3749/3092/3867 3753/3096/3871 3746/3089/3864 
f 3750/3093/3868 3754/3097/3872 3755/3098/3873 3751/3094/3869 
f 3754/3097/3872 3756/3099/3874 3757/3100/3875 3755/3098/3873 
f 3758/3101/3876 3759/3102/3877 3755/3098/3873 3757/3100/3875 
f 3751/3094/3869 3755/3098/3873 3759/3102/3877 3752/3095/3870 
f 3756/3099/3874 3760/3103/3878 3761/3104/3879 3757/3100/3875 
f 3760/3103/3878 3762/3105/3880 3763/3106/3881 3761/3104/3879 
f 3764/3107/3882 3765/3108/3883 3761/3104/3879 3763/3106/3881 
f 3757/3100/3875 3761/3104/3879 3765/3108/3883 3758/3101/3876 
f 3762/3105/3880 3766/3109/3884 3767/3110/3885 3763/3106/3881 
f 3766/3109/3884 3768/3111/3886 3769/3112/3887 3767/3110/3885 
f 3770/3113/3888 3771/3114/3889 3767/3110/3885 3769/3112/3887 
f 3763/3106/3881 3767/3110/3885 3771/3114/3889 3764/3107/3882 
f 3768/3111/3886 3772/3115/3890 3773/3116/3891 3769/3112/3887 
f 3772/3115/3890 3774/3117/3892 3775/3118/3893 3773/3116/3891 
f 3776/3119/3894 3777/3120/3895 3773/3116/3891 3775/3118/3893 
f 3769/3112/3887 3773/3116/3891 3777/3120/3895 3770/3113/3888 
f 3774/3117/3892 3778/3121/3896 3779/3122/3897 3775/3118/3893 
f 3778/3121/3896 3780/3123/3898 3781/3124/3899 3779/3122/3897 
f 3782/3125/3900 3783/3126/3901 3779/3122/3897 3781/3124/3899 
f 3775/3118/3893 3779/3122/3897 3783/3126/3901 3776/3119/3894 
f 3780/3123/3898 3784/3127/3902 3785/3128/3903 3781/3124/3899 
f 3784/3127/3902 3729/3070/3847 3735/3078/3853 3785/3128/3903 
f 3734/3077/3852 3786/3129/3904 3785/3128/3903 3735/3078/3853 
f 3781/3124/3899 3785/3128/3903 3786/3129/3904 3782/3125/3900 
f 3727/3075/3845 3732/3074/3850 3735/3078/3853 3729/3070/3847 
f 3237/3130/3355 3787/3131/3905 3788/3132/3906 3731/3133/3849 
f 3221/2507/3339 3788/3132/3906 3787/3131/3905 3222/2508/3340 
f 3788/3132/3906 3221/2507/3339 3220/2506/3338 3731/3133/3849 
f 3237/3134/3355 3789/3135/3907 3790/3136/3908 3787/3137/3905 
f 3225/2511/3343 3790/3136/3908 3789/3135/3907 3226/2512/3344 
f 3790/3136/3908 3225/2511/3343 3222/2508/3340 3787/3137/3905 
f 3237/3138/3355 3791/3139/3909 3792/3140/3910 3789/3141/3907 
f 3229/2515/3347 3792/3140/3910 3791/3139/3909 3230/2516/3348 
f 3792/3140/3910 3229/2515/3347 3226/2512/3344 3789/3141/3907 
f 3793/3142/3911 3791/3143/3909 3237/3144/3355 3236/3145/3354 
f 3233/2519/3351 3793/3142/3911 3236/3145/3354 3210/2520/3328 
f 3793/3142/3911 3233/2519/3351 3230/2516/3348 3791/3143/3909 
f 3394/2714/3512 3794/3146/3912 3795/3147/3913 3396/2716/3514 
f 3738/3081/3856 3795/3147/3913 3794/3146/3912 3739/3082/3857 
f 3392/2712/3510 3796/3148/3914 3797/3149/3915 3393/2713/3511 
f 3742/3085/3860 3797/3149/3915 3796/3148/3914 3744/3087/3862 
f 3797/3149/3915 3742/3085/3860 3739/3082/3857 3794/3146/3912 
f 3393/2713/3511 3797/3149/3915 3794/3146/3912 3394/2714/3512 
f 3434/2754/3552 3798/3150/3916 3799/3151/3917 3435/2755/3553 
f 3748/3091/3866 3799/3151/3917 3798/3150/3916 3750/3093/3868 
f 3799/3151/3917 3748/3091/3866 3744/3087/3862 3796/3148/3914 
f 3435/2755/3553 3799/3151/3917 3796/3148/3914 3392/2712/3510 
f 3479/2799/3597 3800/3152/3918 3801/3153/3919 3480/2800/3598 
f 3754/3097/3872 3801/3153/3919 3800/3152/3918 3756/3099/3874 
f 3801/3153/3919 3754/3097/3872 3750/3093/3868 3798/3150/3916 
f 3480/2800/3598 3801/3153/3919 3798/3150/3916 3434/2754/3552 
f 3526/2847/3644 3802/3154/3920 3803/3155/3921 3527/2848/3645 
f 3760/3103/3878 3803/3155/3921 3802/3154/3920 3762/3105/3880 
f 3803/3155/3921 3760/3103/3878 3756/3099/3874 3800/3152/3918 
f 3527/2848/3645 3803/3155/3921 3800/3152/3918 3479/2799/3597 
f 3572/2893/3690 3804/3156/3922 3805/3157/3923 3573/2894/3691 
f 3766/3109/3884 3805/3157/3923 3804/3156/3922 3768/3111/3886 
f 3805/3157/3923 3766/3109/3884 3762/3105/3880 3802/3154/3920 
f 3573/2894/3691 3805/3157/3923 3802/3154/3920 3526/2847/3644 
f 3618/2939/3736 3806/3158/3924 3807/3159/3925 3619/2940/3737 
f 3772/3115/3890 3807/3159/3925 3806/3158/3924 3774/3117/3892 
f 3807/3159/3925 3772/3115/3890 3768/3111/3886 3804/3156/3922 
f 3619/2940/3737 3807/3159/3925 3804/3156/3922 3572/2893/3690 
f 3664/2985/3782 3808/3160/3926 3809/3161/3927 3665/2986/3783 
f 3778/3121/3896 3809/3161/3927 3808/3160/3926 3780/3123/3898 
f 3809/3161/3927 3778/3121/3896 3774/3117/3892 3806/3158/3924 
f 3665/2986/3783 3809/3161/3927 3806/3158/3924 3618/2939/3736 
f 3810/3162/3928 3708/3029/3826 3707/3028/3825 3730/3071/3848 
f 3784/3127/3902 3810/3162/3928 3730/3071/3848 3729/3070/3847 
f 3810/3162/3928 3784/3127/3902 3780/3123/3898 3808/3160/3926 
f 3708/3029/3826 3810/3162/3928 3808/3160/3926 3664/2985/3782 
f 3740/3083/3858 3811/3163/3929 3812/3164/3930 3741/3084/3859 
f 3012/2281/3130 3812/3164/3930 3811/3163/3929 3013/2282/3131 
f 3746/3089/3864 3813/3165/3931 3814/3166/3932 3747/3090/3865 
f 3026/2295/3144 3814/3166/3932 3813/3165/3931 3028/2297/3146 
f 3814/3166/3932 3026/2295/3144 3013/2282/3131 3811/3163/3929 
f 3747/3090/3865 3814/3166/3932 3811/3163/3929 3740/3083/3858 
f 3752/3095/3870 3815/3167/3933 3816/3168/3934 3753/3096/3871 
f 3062/2335/3180 3816/3168/3934 3815/3167/3933 3064/2337/3182 
f 3816/3168/3934 3062/2335/3180 3028/2297/3146 3813/3165/3931 
f 3753/3096/3871 3816/3168/3934 3813/3165/3931 3746/3089/3864 
f 3758/3101/3876 3817/3169/3935 3818/3170/3936 3759/3102/3877 
f 3088/2363/3206 3818/3170/3936 3817/3169/3935 3090/2365/3208 
f 3818/3170/3936 3088/2363/3206 3064/2337/3182 3815/3167/3933 
f 3759/3102/3877 3818/3170/3936 3815/3167/3933 3752/3095/3870 
f 3764/3107/3882 3819/3171/3937 3820/3172/3938 3765/3108/3883 
f 3114/2391/3232 3820/3172/3938 3819/3171/3937 3116/2393/3234 
f 3820/3172/3938 3114/2391/3232 3090/2365/3208 3817/3169/3935 
f 3765/3108/3883 3820/3172/3938 3817/3169/3935 3758/3101/3876 
f 3770/3113/3888 3821/3173/3939 3822/3174/3940 3771/3114/3889 
f 3140/2420/3258 3822/3174/3940 3821/3173/3939 3142/2422/3260 
f 3822/3174/3940 3140/2420/3258 3116/2393/3234 3819/3171/3937 
f 3771/3114/3889 3822/3174/3940 3819/3171/3937 3764/3107/3882 
f 3776/3119/3894 3823/3175/3941 3824/3176/3942 3777/3120/3895 
f 3166/2448/3284 3824/3176/3942 3823/3175/3941 3168/2450/3286 
f 3824/3176/3942 3166/2448/3284 3142/2422/3260 3821/3173/3939 
f 3777/3120/3895 3824/3176/3942 3821/3173/3939 3770/3113/3888 
f 3782/3125/3900 3825/3177/3943 3826/3178/3944 3783/3126/3901 
f 3192/2476/3310 3826/3178/3944 3825/3177/3943 3194/2478/3312 
f 3826/3178/3944 3192/2476/3310 3168/2450/3286 3823/3175/3941 
f 3783/3126/3901 3826/3178/3944 3823/3175/3941 3776/3119/3894 
f 3827/3179/3945 3786/3129/3904 3734/3077/3852 3733/3076/3851 
f 3218/2504/3336 3827/3179/3945 3733/3076/3851 3220/2506/3338 
f 3827/3179/3945 3218/2504/3336 3194/2478/3312 3825/3177/3943 
f 3786/3129/3904 3827/3179/3945 3825/3177/3943 3782/3125/3900 
f 3251/2543/3369 3828/3180/3946 3829/3181/3947 3252/2544/3370 
f 3257/2549/3375 3830/3182/3948 3831/3183/3949 3258/2550/3376 
f 2724/1991/2842 3831/3183/3949 3830/3182/3948 2725/1992/2843 
f 2723/1990/2841 3828/3180/3946 3831/3183/3949 2724/1991/2842 
f 3258/2550/3376 3831/3183/3949 3828/3180/3946 3251/2543/3369 
f 3263/2555/3381 3832/3184/3950 3833/3185/3951 3264/2556/3382 
f 2749/2016/2867 3833/3185/3951 3832/3184/3950 2751/2018/2869 
f 3833/3185/3951 2749/2016/2867 2725/1992/2843 3830/3182/3948 
f 3264/2556/3382 3833/3185/3951 3830/3182/3948 3257/2549/3375 
f 3269/2561/3387 3834/3186/3952 3835/3187/3953 3270/2562/3388 
f 2808/2075/2926 3835/3187/3953 3834/3186/3952 2810/2077/2928 
f 3835/3187/3953 2808/2075/2926 2751/2018/2869 3832/3184/3950 
f 3270/2562/3388 3835/3187/3953 3832/3184/3950 3263/2555/3381 
f 3275/2567/3393 3836/3188/3954 3837/3189/3955 3276/2568/3394 
f 2858/2125/2976 3837/3189/3955 3836/3188/3954 2860/2127/2978 
f 3837/3189/3955 2858/2125/2976 2810/2077/2928 3834/3186/3952 
f 3276/2568/3394 3837/3189/3955 3834/3186/3952 3269/2561/3387 
f 3281/2573/3399 3838/3190/3956 3839/3191/3957 3282/2574/3400 
f 2908/2176/3026 3839/3191/3957 3838/3190/3956 2910/2178/3028 
f 3839/3191/3957 2908/2176/3026 2860/2127/2978 3836/3188/3954 
f 3282/2574/3400 3839/3191/3957 3836/3188/3954 3275/2567/3393 
f 3840/3192/3958 3285/2577/3403 3245/2537/3363 3244/2536/3362 
f 2958/2227/3076 3840/3192/3958 3244/2536/3362 2960/2229/3078 
f 3840/3192/3958 2958/2227/3076 2910/2178/3028 3838/3190/3956 
f 3285/2577/3403 3840/3192/3958 3838/3190/3956 3281/2573/3399 
f 3059/2332/3177 3841/3193/3959 3842/3194/3960 3060/2333/3178 
f 3249/2541/3367 3842/3194/3960 3841/3193/3959 3250/2542/3368 
f 3060/2333/3178 3842/3194/3960 3843/3195/3961 3061/2334/3179 
f 3086/2361/3204 3844/3196/3962 3845/3197/3963 3087/2362/3205 
f 3253/2545/3371 3845/3197/3963 3844/3196/3962 3255/2547/3373 
f 3845/3197/3963 3253/2545/3371 3250/2542/3368 3841/3193/3959 
f 3087/2362/3205 3845/3197/3963 3841/3193/3959 3059/2332/3177 
f 3112/2389/3230 3846/3198/3964 3847/3199/3965 3113/2390/3231 
f 3259/2551/3377 3847/3199/3965 3846/3198/3964 3261/2553/3379 
f 3847/3199/3965 3259/2551/3377 3255/2547/3373 3844/3196/3962 
f 3113/2390/3231 3847/3199/3965 3844/3196/3962 3086/2361/3204 
f 3138/2418/3256 3848/3200/3966 3849/3201/3967 3139/2419/3257 
f 3265/2557/3383 3849/3201/3967 3848/3200/3966 3267/2559/3385 
f 3849/3201/3967 3265/2557/3383 3261/2553/3379 3846/3198/3964 
f 3139/2419/3257 3849/3201/3967 3846/3198/3964 3112/2389/3230 
f 3164/2446/3282 3850/3202/3968 3851/3203/3969 3165/2447/3283 
f 3271/2563/3389 3851/3203/3969 3850/3202/3968 3273/2565/3391 
f 3851/3203/3969 3271/2563/3389 3267/2559/3385 3848/3200/3966 
f 3165/2447/3283 3851/3203/3969 3848/3200/3966 3138/2418/3256 
f 3190/2474/3308 3852/3204/3970 3853/3205/3971 3191/2475/3309 
f 3277/2569/3395 3853/3205/3971 3852/3204/3970 3279/2571/3397 
f 3853/3205/3971 3277/2569/3395 3273/2565/3391 3850/3202/3968 
f 3191/2475/3309 3853/3205/3971 3850/3202/3968 3164/2446/3282 
f 3854/3206/3972 3217/2503/3335 3216/2502/3334 3241/2531/3359 
f 3283/2575/3401 3854/3206/3972 3241/2531/3359 3240/2530/3358 
f 3854/3206/3972 3283/2575/3401 3279/2571/3397 3852/3204/3970 
f 3217/2503/3335 3854/3206/3972 3852/3204/3970 3190/2474/3308 
f 2804/2071/2922 3855/3207/3973 3856/3208/3974 2805/2072/2923 
f 3319/2637/3437 3856/3208/3974 3855/3207/3973 3320/2638/3438 
f 3318/2636/3436 3857/3209/3975 3856/3208/3974 3319/2637/3437 
f 2805/2072/2923 3856/3208/3974 3857/3209/3975 2806/2073/2924 
f 2856/2123/2974 3858/3210/3976 3859/3211/3977 2857/2124/2975 
f 3325/2643/3443 3859/3211/3977 3858/3210/3976 3327/2645/3445 
f 3859/3211/3977 3325/2643/3443 3320/2638/3438 3855/3207/3973 
f 2857/2124/2975 3859/3211/3977 3855/3207/3973 2804/2071/2922 
f 2906/2174/3024 3860/3212/3978 3861/3213/3979 2907/2175/3025 
f 3331/2649/3449 3861/3213/3979 3860/3212/3978 3333/2651/3451 
f 3861/3213/3979 3331/2649/3449 3327/2645/3445 3858/3210/3976 
f 2907/2175/3025 3861/3213/3979 3858/3210/3976 2856/2123/2974 
f 2956/2225/3074 3862/3214/3980 3863/3215/3981 2957/2226/3075 
f 3337/2655/3455 3863/3215/3981 3862/3214/3980 3339/2657/3457 
f 3863/3215/3981 3337/2655/3455 3333/2651/3451 3860/3212/3978 
f 2957/2226/3075 3863/3215/3981 3860/3212/3978 2906/2174/3024 
f 3864/3216/3982 3007/2276/3125 3006/2275/3124 3309/2625/3427 
f 3343/2661/3461 3864/3216/3982 3309/2625/3427 3308/2624/3426 
f 3864/3216/3982 3343/2661/3461 3339/2657/3457 3862/3214/3980 
f 3007/2276/3125 3864/3216/3982 3862/3214/3980 2956/2225/3074 
f 3322/2640/3440 3865/3217/3983 3866/3218/3984 3323/2641/3441 
f 3484/2804/3602 3866/3218/3984 3865/3217/3983 3485/2805/3603 
f 3483/2803/3601 3867/3219/3985 3866/3218/3984 3484/2804/3602 
f 3323/2641/3441 3866/3218/3984 3867/3219/3985 3324/2642/3442 
f 3329/2647/3447 3868/3220/3986 3869/3221/3987 3330/2648/3448 
f 3528/2849/3646 3869/3221/3987 3868/3220/3986 3530/2851/3648 
f 3869/3221/3987 3528/2849/3646 3485/2805/3603 3865/3217/3983 
f 3330/2648/3448 3869/3221/3987 3865/3217/3983 3322/2640/3440 
f 3335/2653/3453 3870/3222/3988 3871/3223/3989 3336/2654/3454 
f 3574/2895/3692 3871/3223/3989 3870/3222/3988 3576/2897/3694 
f 3871/3223/3989 3574/2895/3692 3530/2851/3648 3868/3220/3986 
f 3336/2654/3454 3871/3223/3989 3868/3220/3986 3329/2647/3447 
f 3341/2659/3459 3872/3224/3990 3873/3225/3991 3342/2660/3460 
f 3620/2941/3738 3873/3225/3991 3872/3224/3990 3622/2943/3740 
f 3873/3225/3991 3620/2941/3738 3576/2897/3694 3870/3222/3988 
f 3342/2660/3460 3873/3225/3991 3870/3222/3988 3335/2653/3453 
f 3874/3226/3992 3345/2663/3463 3314/2632/3432 3313/2631/3431 
f 3666/2987/3784 3874/3226/3992 3313/2631/3431 3312/2630/3430 
f 3874/3226/3992 3666/2987/3784 3622/2943/3740 3872/3224/3990 
f 3345/2663/3463 3874/3226/3992 3872/3224/3990 3341/2659/3459 
f 3875/3227/3993 3876/3228/3994 3867/3219/3985 3483/2803/3601 
f 3875/3227/3993 3483/2803/3601 3877/3229/3995 
f 3878/3230/3996 3879/3231/3997 3324/2642/3442 3867/3219/3985 
f 3878/3230/3996 3867/3219/3985 3876/3232/3994 
f 3880/3233/3998 3881/3234/3999 3317/2635/3435 3324/2642/3442 
f 3880/3233/3998 3324/2642/3442 3879/3231/3997 
f 3882/3235/4000 3883/3236/4001 3318/2636/3436 3317/2635/3435 
f 3882/3235/4000 3317/2635/3435 3881/3234/3999 
f 3884/3237/4002 3885/3238/4003 3857/3209/3975 3318/2636/3436 
f 3884/3237/4002 3318/2636/3436 3883/3236/4001 
f 3886/3239/4004 3887/3240/4005 2806/2073/2924 3857/3209/3975 
f 3886/3239/4004 3857/3209/3975 3885/3238/4003 
f 2807/2074/4006 2807/2074/2925 2806/2073/2924 3888/3241/4007 
f 2806/2073/2924 3887/3240/4005 3888/3241/4007 
f 3889/2074/4008 3890/3242/4009 2807/2074/2925 2807/2074/4006 
f 3891/3243/4010 3892/3244/4011 2799/2066/2917 2801/2068/2919 
f 3891/3243/4010 2801/2068/2919 3893/3245/4012 
f 3894/3246/4013 3893/3245/4012 2801/2068/2919 2803/2070/2921 
f 3890/3242/4009 3894/3246/4013 2803/2070/2921 2807/2074/2925 
f 3895/3247/4014 3896/3248/4015 2742/2009/2860 2744/2011/2862 
f 3895/3247/4014 2744/2011/2862 3897/3249/4016 
f 3898/3250/4017 3899/3251/4018 2738/2005/2856 2740/2007/2858 
f 3898/3250/4017 2740/2007/2858 3900/3252/4019 
f 3901/3253/4020 3900/3252/4019 2740/2007/2858 2742/2009/2860 
f 3896/3248/4015 3901/3253/4020 2742/2009/2860 
f 3902/3254/4021 3903/3255/4022 3252/2544/3370 3904/3256/4023 
f 3252/2544/3370 3829/3181/3947 3904/3256/4023 
f 3829/3181/3947 3905/3257/4024 3906/3258/4025 3904/3256/4023 
f 3905/3257/4024 3829/3181/3947 3828/3180/3946 3907/3259/4026 
f 3908/3260/4027 3907/3259/4026 3828/3180/3946 2723/1990/2841 
f 3909/3261/4028 3908/3260/4027 2723/1990/2841 2722/1989/2840 
f 3909/3261/4028 2722/1989/2840 3910/3262/4029 
f 3911/3263/4030 3912/3264/4031 2731/1998/2849 
f 3913/3265/4032 3914/3266/4033 2729/1996/2847 2731/1998/2849 
f 3912/3264/4031 3913/3265/4032 2731/1998/2849 
f 2731/1998/2849 2730/1997/2848 2734/2001/2852 3911/3263/4030 
f 3911/3263/4030 2734/2001/2852 3915/3267/4034 
f 3916/3268/4035 3917/3269/4036 2736/2003/2854 2738/2005/2856 
f 3916/3268/4035 2738/2005/2856 3899/3251/4018 
f 3918/3270/4037 3915/3267/4034 2734/2001/2852 2736/2003/2854 
f 3918/3270/4037 2736/2003/2854 3917/3269/4036 
f 3919/3271/4038 3910/3262/4029 2722/1989/2840 2729/1996/2847 
f 3919/3271/4038 2729/1996/2847 3914/3266/4033 
f 3920/3272/4039 3921/3273/4040 2797/2064/2915 2799/2066/2917 
f 3920/3272/4039 2799/2066/2917 3892/3244/4011 
f 2793/2060/2911 2792/2059/2910 2795/2062/2913 3922/3274/4041 
f 3922/3274/4041 2795/2062/2913 3923/3275/4042 
f 3924/3276/4043 3923/3275/4042 2795/2062/2913 2797/2064/2915 
f 3924/3276/4043 2797/2064/2915 3921/3273/4040 
f 3925/3277/4044 3926/3278/4045 2787/2054/2905 2789/2056/2907 
f 3925/3277/4044 2789/2056/2907 3927/3279/4046 
f 3928/3280/4047 3927/3279/4046 2789/2056/2907 2793/2060/2911 
f 3928/3280/4047 2793/2060/2911 3929/3281/4048 
f 3922/3274/4041 3929/3281/4048 2793/2060/2911 
f 3930/3282/4049 3931/3283/4050 2775/2042/2893 2777/2044/2895 
f 3930/3282/4049 2777/2044/2895 3932/3284/4051 
f 3933/3285/4052 3934/3286/4053 2783/2050/2901 2787/2054/2905 
f 3933/3285/4052 2787/2054/2905 3926/3278/4045 
f 3935/3287/4054 3936/3288/4055 2781/2048/2899 2783/2050/2901 
f 3934/3286/4053 3935/3287/4054 2783/2050/2901 
f 3937/3289/4056 3932/3284/4051 2777/2044/2895 2781/2048/2899 
f 3936/3288/4055 3937/3289/4056 2781/2048/2899 
f 2748/2015/2866 2747/2014/2865 2775/2042/2893 3938/3290/4057 
f 3938/3290/4057 2775/2042/2893 3931/3283/4050 
f 3938/3290/4057 3939/3291/4058 2748/2015/2866 
f 3940/3292/4059 3897/3249/4016 2744/2011/2862 2746/2013/2864 
f 3940/3292/4059 2746/2013/2864 3941/3293/4060 
f 3942/3294/4061 3941/3293/4060 2746/2013/2864 2748/2015/2866 
f 3942/3294/4061 2748/2015/2866 3939/3291/4058 
f 3943/3295/4062 3944/3296/4063 3404/2724/3522 3945/3297/4064 
f 3945/3297/4064 3404/2724/3522 3353/2673/3471 3946/3298/4065 
f 3947/3299/4066 3946/3298/4065 3353/2673/3471 3352/2672/3470 
f 3948/3300/4067 3949/3301/4068 3046/2315/3164 3045/2314/3163 
f 3948/3300/4067 3045/2314/3163 3950/3302/4069 
f 3025/3303/3143 3024/2293/3142 3046/2321/3164 3951/3304/4070 
f 3951/3304/4070 3046/2321/3164 3949/3305/4068 
f 3951/3304/4070 3952/3306/4071 3025/3303/3143 
f 3953/3307/4072 3950/3302/4069 3045/2314/3163 
f 3045/2314/3163 3044/2313/3162 3049/2320/3167 3953/3307/4072 
f 3953/3307/4072 3049/2320/3167 3954/3308/4073 
f 3049/2320/3167 3048/2319/3166 3057/2329/3175 3955/3309/4074 
f 3955/3309/4074 3057/2329/3175 3956/3310/4075 
f 3957/3311/4076 3956/3310/4075 3057/2329/3175 3061/2334/3179 
f 3957/3311/4076 3061/2334/3179 3958/3312/4077 
f 3955/3309/4074 3954/3308/4073 3049/2320/3167 
f 3959/3313/4078 3401/2721/3519 3400/2720/3518 3960/3314/4079 
f 3400/2720/3518 3404/2724/3522 3944/3296/4063 3960/3314/4079 
f 3401/2721/3519 3959/3313/4078 3961/3315/4062 3962/3316/4080 
f 3963/3317/4081 3445/2765/3563 3402/2722/3520 3964/3318/4082 
f 3962/3316/4080 3964/3318/4082 3402/2722/3520 3401/2721/3519 
f 3965/3319/4083 3877/3229/3995 3483/2803/3601 3966/3320/4084 
f 3966/3320/4084 3483/2803/3601 3439/2759/3557 3967/3321/4085 
f 3967/3321/4085 3439/2759/3557 3438/2758/3556 
f 3438/2758/3556 3968/3322/4086 3969/3323/4087 3967/3321/4085 
f 3970/3324/4088 3441/2761/3559 3443/2763/3561 3971/3325/4089 
f 3443/2763/3561 3445/2765/3563 3972/3326/4090 3971/3325/4089 
f 3968/3322/4086 3438/2758/3556 3441/2761/3559 3973/3327/4091 
f 3441/2761/3559 3970/3324/4088 3973/3327/4091 
f 3445/2765/3563 3963/3317/4081 3974/3328/4062 3972/3326/4090 
f 3975/3329/4092 3958/3312/4077 3061/2334/3179 3976/3330/4093 
f 3976/3330/4093 3061/2334/3179 3843/3195/3961 
f 3843/3195/3961 3977/3331/4094 3978/3332/4095 3976/3330/4093 
f 3977/3331/4094 3843/3195/3961 3842/3194/3960 3979/3333/4096 
f 3842/3194/3960 3249/2541/3367 3980/3334/4097 3979/3333/4096 
f 3981/3335/4098 3980/3334/4097 3249/2541/3367 3248/2540/3366 
f 3981/3335/4098 3248/2540/3366 3982/3336/4099 
f 3983/3337/4100 3982/3336/4099 3248/2540/3366 3252/2544/3370 
f 3252/2544/3370 3903/3255/4022 3984/3338/4101 3983/3337/4100 
f 3985/3339/4102 3986/3340/4103 3359/2679/3477 3361/2681/3479 
f 3987/3341/4104 3985/3339/4102 3361/2681/3479 
f 3988/3342/4105 3989/3343/4106 3019/2288/3137 3021/2290/3139 
f 3988/3342/4105 3021/2290/3139 3990/3344/4107 
f 3991/3345/4108 3992/3346/4109 3017/2286/3135 3019/2288/3137 
f 3991/3345/4108 3019/2288/3137 3989/3343/4106 
f 3993/3347/4110 3994/3348/4111 3015/2284/3133 3017/2286/3135 
f 3992/3346/4109 3993/3347/4110 3017/2286/3135 
f 3995/3349/4112 3996/3350/4113 3011/2280/3129 3015/2284/3133 
f 3995/3349/4112 3015/2284/3133 3994/3348/4111 
f 3997/3351/4114 3998/3352/4115 3012/2281/3130 3011/2280/3129 
f 3997/3351/4114 3011/2280/3129 3996/3350/4113 
f 3999/3353/4116 3990/3344/4107 3021/2290/3139 3023/2292/3141 
f 3999/3353/4116 3023/2292/3141 4000/3354/4117 
f 4001/3355/4118 4002/3356/4119 3357/2677/3475 3359/2679/3477 
f 4001/3355/4118 3359/2679/3477 3986/3340/4103 
f 4003/3357/4120 4004/3358/4121 3355/2675/3473 3357/2677/3475 
f 4002/3356/4119 4003/3357/4120 3357/2677/3475 
f 4005/3359/4122 4006/3360/4123 3351/2671/3469 3355/2675/3473 
f 4005/3359/4122 3355/2675/3473 4004/3358/4121 
f 4007/3361/4124 3352/2672/3470 3351/2671/3469 4008/3362/4125 
f 4006/3360/4123 4008/3362/4125 3351/2671/3469 
f 4009/3363/4062 3947/3299/4066 3352/2672/3470 4010/3364/4126 
f 4010/3364/4126 3352/2672/3470 4007/3361/4124 
f 4011/3365/4127 4000/3354/4117 3023/2292/3141 3025/3303/3143 
f 4012/3366/4128 4011/3365/4127 3025/3303/3143 3952/3306/4071 
f 3367/2687/3485 4013/3367/4129 4014/3368/4130 4015/3369/4131 
f 4015/3369/4131 3987/3341/4104 3361/2681/3479 3363/2683/3481 
f 3367/2687/3485 4015/3369/4131 3363/2683/3481 
f 3367/2687/3485 4016/3370/4132 4017/3371/4133 4013/3367/4129 
f 4018/3372/4134 3370/2690/3488 3372/2692/3490 4019/3373/4135 
f 3372/2692/3490 4020/3374/4136 4019/3373/4135 
f 4016/3370/4132 3367/2687/3485 3366/2686/3484 4021/3375/4137 
f 3366/2686/3484 4022/3376/4138 4021/3375/4137 
f 4022/3376/4138 3366/2686/3484 3370/2690/3488 4023/3377/4139 
f 4018/3372/4134 4023/3377/4139 3370/2690/3488 
f 4024/3378/4140 4020/3374/4136 3372/2692/3490 3376/2696/3494 
f 4024/3378/4140 3376/2696/3494 4025/3379/4141 
f 4026/3380/4142 4027/3381/4143 3388/2708/3506 3390/2710/3508 
f 3390/2710/3508 3395/2715/3513 4028/3382/4144 4026/3380/4142 
f 4029/3383/4145 4030/3384/4146 3382/2702/3500 3384/2704/3502 
f 4029/3383/4145 3384/2704/3502 4031/3385/4147 
f 4032/3386/4148 4033/3387/4149 3378/2698/3496 3382/2702/3500 
f 4032/3386/4148 3382/2702/3500 4030/3384/4146 
f 4034/3388/4150 4025/3379/4141 3376/2696/3494 3378/2698/3496 
f 4033/3387/4149 4034/3388/4150 3378/2698/3496 
f 3395/2715/3513 4035/3389/4151 4036/3390/4152 4028/3382/4144 
f 4037/3391/4153 4038/3392/4154 3396/2716/3514 3795/3147/3913 
f 4037/3391/4153 3795/3147/3913 4039/3393/4155 
f 4040/3394/4156 4035/3389/4151 3395/2715/3513 3396/2716/3514 
f 4040/3394/4156 3396/2716/3514 4038/3392/4154 
f 4041/3395/4157 4031/3385/4147 3384/2704/3502 3388/2708/3506 
f 4041/3395/4157 3388/2708/3506 4027/3381/4143 
f 4042/3396/4158 4043/3397/4159 3812/3164/3930 4044/3398/4160 
f 3012/2281/3130 3998/3352/4115 4044/3398/4160 3812/3164/3930 
f 4045/3399/4161 4046/3400/4162 3741/3084/3859 3812/3164/3930 
f 4045/3399/4161 3812/3164/3930 4043/3397/4159 
f 4047/3401/4163 3738/3081/3856 3737/3080/3855 4048/3402/4164 
f 3737/3080/3855 4049/3403/4165 4048/3402/4164 
f 4050/3404/4166 4049/3403/4165 3737/3080/3855 3741/3084/3859 
f 4046/3400/4162 4050/3404/4166 3741/3084/3859 
f 4051/3405/4167 4039/3393/4155 3795/3147/3913 3738/3081/3856 
f 4051/3405/4167 3738/3081/3856 4047/3401/4163 
f 4052/1990/4168 4053/1989/4169 4054/1988/4170 4055/1991/4171 
f 4056/1993/4172 4057/1992/4173 4055/1991/4171 4054/1988/4170 
f 4054/1988/4170 4058/1995/4174 4059/1994/4175 4056/1993/4172 
f 4053/1989/4169 4060/1996/4176 4058/1995/4174 4054/1988/4170 
f 4061/1997/4177 4058/1995/4174 4060/1996/4176 4062/3406/4178 
f 4061/1997/4177 4062/3406/4178 4063/3407/4179 
f 4058/1995/4174 4061/1997/4177 4064/1999/4180 4059/1994/4175 
f 4061/1997/4177 4065/2001/4181 4066/2000/4182 4064/1999/4180 
f 4065/2001/4181 4067/2003/4183 4068/2002/4184 4066/2000/4182 
f 4067/2003/4183 4069/2005/4185 4070/2004/4186 4068/2002/4184 
f 4069/2005/4185 4071/2007/4187 4072/2006/4188 4070/2004/4186 
f 4071/2007/4187 4073/2009/4189 4074/2008/4190 4072/2006/4188 
f 4075/2010/4191 4074/2008/4190 4073/2009/4189 4076/3408/4192 
f 4075/2010/4191 4076/3408/4192 4077/3409/4193 
f 4078/2017/4194 4079/2016/4195 4057/1992/4173 4056/1993/4172 
f 4080/2019/4196 4081/2018/4197 4079/2016/4195 4078/2017/4194 
f 4078/2017/4194 4082/2021/4198 4083/2020/4199 4080/2019/4196 
f 4082/2021/4198 4078/2017/4194 4056/1993/4172 4059/1994/4175 
f 4059/1994/4175 4064/1999/4180 4084/2022/4200 4082/2021/4198 
f 4082/2021/4198 4084/2022/4200 4085/2023/4201 4083/2020/4199 
f 4084/2022/4200 4086/2025/4202 4087/2024/4203 4085/2023/4201 
f 4086/2025/4202 4084/2022/4200 4064/1999/4180 4066/2000/4182 
f 4066/2000/4182 4068/2002/4184 4088/2026/4204 4086/2025/4202 
f 4086/2025/4202 4088/2026/4204 4089/2027/4205 4087/2024/4203 
f 4088/2026/4204 4090/2029/4206 4091/2028/4207 4089/2027/4205 
f 4090/2029/4206 4088/2026/4204 4068/2002/4184 4070/2004/4186 
f 4070/2004/4186 4072/2006/4188 4092/2030/4208 4090/2029/4206 
f 4090/2029/4206 4092/2030/4208 4093/2031/4209 4091/2028/4207 
f 4092/2030/4208 4094/2033/4210 4095/2032/4211 4093/2031/4209 
f 4094/2033/4210 4092/2030/4208 4072/2006/4188 4074/2008/4190 
f 4074/2008/4190 4075/2010/4191 4096/2034/4212 4094/2033/4210 
f 4094/2033/4210 4096/2034/4212 4097/2035/4213 4095/2032/4211 
f 4096/2034/4212 4098/2037/4214 4099/2036/4215 4097/2035/4213 
f 4075/2010/4191 4100/2012/4216 4098/2037/4214 4096/2034/4212 
f 4100/2012/4216 4101/2014/4217 4102/2038/4218 4098/2037/4214 
f 4098/2037/4214 4102/2038/4218 4103/2039/4219 4099/2036/4215 
f 4102/2038/4218 4104/2041/4220 4105/2040/4221 4103/2039/4219 
f 4101/2014/4217 4106/2042/4222 4104/2041/4220 4102/2038/4218 
f 4106/2042/4222 4107/2044/4223 4108/2043/4224 4104/2041/4220 
f 4104/2041/4220 4108/2043/4224 4109/2045/4225 4105/2040/4221 
f 4108/2043/4224 4110/2047/4226 4111/2046/4227 4109/2045/4225 
f 4107/2044/4223 4112/2048/4228 4110/2047/4226 4108/2043/4224 
f 4112/2048/4228 4113/2050/4229 4114/2049/4230 4110/2047/4226 
f 4110/2047/4226 4114/2049/4230 4115/2051/4231 4111/2046/4227 
f 4114/2049/4230 4116/2053/4232 4117/2052/4233 4115/2051/4231 
f 4113/2050/4229 4118/2054/4234 4116/2053/4232 4114/2049/4230 
f 4119/2055/4235 4116/2053/4232 4118/2054/4234 4120/3410/4236 
f 4119/2055/4235 4120/3410/4236 4121/3411/4237 
f 4116/2053/4232 4119/2055/4235 4122/2057/4238 4117/2052/4233 
f 4119/2055/4235 4123/2059/4239 4124/2058/4240 4122/2057/4238 
f 4123/2059/4239 4125/2062/4241 4126/2061/4242 4124/2058/4240 
f 4125/2062/4241 4127/2064/4243 4128/2063/4244 4126/2061/4242 
f 4127/2064/4243 4129/2066/4245 4130/2065/4246 4128/2063/4244 
f 4129/2066/4245 4131/2068/4247 4132/2067/4248 4130/2065/4246 
f 4131/2068/4247 4133/2070/4249 4134/2069/4250 4132/2067/4248 
f 4133/2070/4249 4135/2072/4251 4136/2071/4252 4134/2069/4250 
f 4137/2076/4253 4138/2075/4254 4081/2018/4197 4080/2019/4196 
f 4139/2078/4255 4140/2077/4256 4138/2075/4254 4137/2076/4253 
f 4137/2076/4253 4141/2080/4257 4142/2079/4258 4139/2078/4255 
f 4141/2080/4257 4137/2076/4253 4080/2019/4196 4083/2020/4199 
f 4083/2020/4199 4085/2023/4201 4143/2081/4259 4141/2080/4257 
f 4141/2080/4257 4143/2081/4259 4144/2082/4260 4142/2079/4258 
f 4143/2081/4259 4145/2084/4261 4146/2083/4262 4144/2082/4260 
f 4145/2084/4261 4143/2081/4259 4085/2023/4201 4087/2024/4203 
f 4087/2024/4203 4089/2027/4205 4147/2085/4263 4145/2084/4261 
f 4145/2084/4261 4147/2085/4263 4148/2086/4264 4146/2083/4262 
f 4147/2085/4263 4149/2088/4265 4150/2087/4266 4148/2086/4264 
f 4149/2088/4265 4147/2085/4263 4089/2027/4205 4091/2028/4207 
f 4091/2028/4207 4093/2031/4209 4151/2089/4267 4149/2088/4265 
f 4149/2088/4265 4151/2089/4267 4152/2090/4268 4150/2087/4266 
f 4151/2089/4267 4153/2092/4269 4154/2091/4270 4152/2090/4268 
f 4153/2092/4269 4151/2089/4267 4093/2031/4209 4095/2032/4211 
f 4095/2032/4211 4097/2035/4213 4155/2093/4271 4153/2092/4269 
f 4153/2092/4269 4155/2093/4271 4156/2094/4272 4154/2091/4270 
f 4155/2093/4271 4157/2096/4273 4158/2095/4274 4156/2094/4272 
f 4157/2096/4273 4155/2093/4271 4097/2035/4213 4099/2036/4215 
f 4099/2036/4215 4103/2039/4219 4159/2097/4275 4157/2096/4273 
f 4157/2096/4273 4159/2097/4275 4160/2098/4276 4158/2095/4274 
f 4159/2097/4275 4161/2100/4277 4162/2099/4278 4160/2098/4276 
f 4161/2100/4277 4159/2097/4275 4103/2039/4219 4105/2040/4221 
f 4105/2040/4221 4109/2045/4225 4163/2101/4279 4161/2100/4277 
f 4161/2100/4277 4163/2101/4279 4164/2102/4280 4162/2099/4278 
f 4163/2101/4279 4165/2104/4281 4166/2103/4282 4164/2102/4280 
f 4165/2104/4281 4163/2101/4279 4109/2045/4225 4111/2046/4227 
f 4111/2046/4227 4115/2051/4231 4167/2105/4283 4165/2104/4281 
f 4165/2104/4281 4167/2105/4283 4168/2106/4284 4166/2103/4282 
f 4167/2105/4283 4169/2108/4285 4170/2107/4286 4168/2106/4284 
f 4169/2108/4285 4167/2105/4283 4115/2051/4231 4117/2052/4233 
f 4117/2052/4233 4122/2057/4238 4171/2109/4287 4169/2108/4285 
f 4169/2108/4285 4171/2109/4287 4172/2110/4288 4170/2107/4286 
f 4171/2109/4287 4173/2112/4289 4174/2111/4290 4172/2110/4288 
f 4173/2112/4289 4171/2109/4287 4122/2057/4238 4124/2058/4240 
f 4124/2058/4240 4126/2061/4242 4175/2113/4291 4173/2112/4289 
f 4173/2112/4289 4175/2113/4291 4176/2114/4292 4174/2111/4290 
f 4175/2113/4291 4177/2116/4293 4178/2115/4294 4176/2114/4292 
f 4177/2116/4293 4175/2113/4291 4126/2061/4242 4128/2063/4244 
f 4128/2063/4244 4130/2065/4246 4179/2117/4295 4177/2116/4293 
f 4177/2116/4293 4179/2117/4295 4180/2118/4296 4178/2115/4294 
f 4179/2117/4295 4181/2120/4297 4182/2119/4298 4180/2118/4296 
f 4181/2120/4297 4179/2117/4295 4130/2065/4246 4132/2067/4248 
f 4132/2067/4248 4134/2069/4250 4183/2121/4299 4181/2120/4297 
f 4181/2120/4297 4183/2121/4299 4184/2122/4300 4182/2119/4298 
f 4183/2121/4299 4185/2124/4301 4186/2123/4302 4184/2122/4300 
f 4185/2124/4301 4183/2121/4299 4134/2069/4250 4136/2071/4252 
f 4187/2126/4303 4188/2125/4304 4140/2077/4256 4139/2078/4255 
f 4189/2128/4305 4190/2127/4306 4188/2125/4304 4187/2126/4303 
f 4187/2126/4303 4191/2130/4307 4192/2129/4308 4189/2128/4305 
f 4191/2130/4307 4187/2126/4303 4139/2078/4255 4142/2079/4258 
f 4142/2079/4258 4144/2082/4260 4193/2131/4309 4191/2130/4307 
f 4191/2130/4307 4193/2131/4309 4194/2132/4310 4192/2129/4308 
f 4193/2131/4309 4195/2134/4311 4196/2133/4312 4194/2132/4310 
f 4195/2134/4311 4193/2131/4309 4144/2082/4260 4146/2083/4262 
f 4146/2083/4262 4148/2086/4264 4197/2135/4313 4195/2134/4311 
f 4195/2134/4311 4197/2135/4313 4198/2136/4314 4196/2133/4312 
f 4197/2135/4313 4199/2140/4315 4200/2137/4316 4198/2136/4314 
f 4199/2140/4315 4197/2135/4313 4148/2086/4264 4150/2087/4266 
f 4150/2087/4266 4152/2090/4268 4201/2139/4317 4199/2140/4315 
f 4199/2138/4315 4201/2139/4317 4202/2141/4318 4200/2137/4316 
f 4201/2139/4317 4203/2143/4319 4204/2142/4320 4202/2141/4318 
f 4203/2143/4319 4201/2139/4317 4152/2090/4268 4154/2091/4270 
f 4154/2091/4270 4156/2094/4272 4205/2144/4321 4203/2143/4319 
f 4203/2143/4319 4205/2144/4321 4206/2145/4322 4204/2142/4320 
f 4205/2144/4321 4207/2147/4323 4208/2146/4324 4206/2145/4322 
f 4207/2147/4323 4205/2144/4321 4156/2094/4272 4158/2095/4274 
f 4158/2095/4274 4160/2098/4276 4209/2148/4325 4207/2147/4323 
f 4207/2147/4323 4209/2148/4325 4210/2149/4326 4208/2146/4324 
f 4209/2148/4325 4211/2151/4327 4212/2150/4328 4210/2149/4326 
f 4211/2151/4327 4209/2148/4325 4160/2098/4276 4162/2099/4278 
f 4162/2099/4278 4164/2102/4280 4213/2152/4329 4211/2151/4327 
f 4211/2151/4327 4213/2152/4329 4214/2153/4330 4212/2150/4328 
f 4213/2152/4329 4215/2155/4331 4216/2154/4332 4214/2153/4330 
f 4215/2155/4331 4213/2152/4329 4164/2102/4280 4166/2103/4282 
f 4166/2103/4282 4168/2106/4284 4217/2156/4333 4215/2155/4331 
f 4215/2155/4331 4217/2156/4333 4218/2157/4334 4216/2154/4332 
f 4217/2156/4333 4219/2159/4335 4220/2158/4336 4218/2157/4334 
f 4219/2159/4335 4217/2156/4333 4168/2106/4284 4170/2107/4286 
f 4170/2107/4286 4172/2110/4288 4221/2160/4337 4219/2159/4335 
f 4219/2159/4335 4221/2160/4337 4222/2161/4338 4220/2158/4336 
f 4221/2160/4337 4223/2163/4339 4224/2162/4340 4222/2161/4338 
f 4223/2163/4339 4221/2160/4337 4172/2110/4288 4174/2111/4290 
f 4174/2111/4290 4176/2114/4292 4225/2164/4341 4223/2163/4339 
f 4223/2163/4339 4225/2164/4341 4226/2165/4342 4224/2162/4340 
f 4225/2164/4341 4227/2167/4343 4228/2166/4344 4226/2165/4342 
f 4227/2167/4343 4225/2164/4341 4176/2114/4292 4178/2115/4294 
f 4178/2115/4294 4180/2118/4296 4229/2168/4345 4227/2167/4343 
f 4227/2167/4343 4229/2168/4345 4230/2169/4346 4228/2166/4344 
f 4229/2168/4345 4231/2171/4347 4232/2170/4348 4230/2169/4346 
f 4231/2171/4347 4229/2168/4345 4180/2118/4296 4182/2119/4298 
f 4231/3412/4347 4182/2119/4298 4184/2122/4300 4233/2172/4349 
f 4231/2171/4347 4233/2172/4349 4234/2173/4350 4232/2170/4348 
f 4233/2172/4349 4235/2175/4351 4236/2174/4352 4234/2173/4350 
f 4235/2175/4351 4233/2172/4349 4184/2122/4300 4186/2123/4302 
f 4237/2177/4353 4238/2176/4354 4190/2127/4306 4189/2128/4305 
f 4239/2179/4355 4240/2178/4356 4238/2176/4354 4237/2177/4353 
f 4237/2177/4353 4241/2181/4357 4242/2180/4358 4239/2179/4355 
f 4241/2181/4357 4237/2177/4353 4189/2128/4305 4192/2129/4308 
f 4192/2129/4308 4194/2132/4310 4243/2182/4359 4241/2181/4357 
f 4241/2181/4357 4243/2182/4359 4244/2183/4360 4242/2180/4358 
f 4243/2182/4359 4245/2185/4361 4246/2184/4362 4244/2183/4360 
f 4245/2185/4361 4243/2182/4359 4194/2132/4310 4196/2133/4312 
f 4196/2133/4312 4198/2136/4314 4247/2186/4363 4245/2185/4361 
f 4245/2185/4361 4247/2186/4363 4248/2187/4364 4246/2184/4362 
f 4247/2186/4363 4249/2189/4365 4250/2188/4366 4248/2187/4364 
f 4249/2189/4365 4247/2186/4363 4198/2136/4314 4200/2137/4316 
f 4200/2137/4316 4202/2141/4318 4251/2190/4367 4249/2189/4365 
f 4249/2189/4365 4251/2190/4367 4252/2191/4368 4250/2188/4366 
f 4251/2190/4367 4253/2193/4369 4254/2192/4370 4252/2191/4368 
f 4253/2193/4369 4251/2190/4367 4202/2141/4318 4204/2142/4320 
f 4204/2142/4320 4206/2145/4322 4255/2194/4371 4253/2193/4369 
f 4253/2193/4369 4255/2194/4371 4256/2195/4372 4254/2192/4370 
f 4255/2194/4371 4257/2197/4373 4258/2196/4374 4256/2195/4372 
f 4257/2197/4373 4255/2194/4371 4206/2145/4322 4208/2146/4324 
f 4208/2146/4324 4210/2149/4326 4259/2198/4375 4257/2197/4373 
f 4257/2197/4373 4259/2198/4375 4260/2199/4376 4258/2196/4374 
f 4259/2198/4375 4261/2201/4377 4262/2200/4378 4260/2199/4376 
f 4261/2201/4377 4259/2198/4375 4210/2149/4326 4212/2150/4328 
f 4212/2150/4328 4214/2153/4330 4263/2203/4379 4261/2201/4377 
f 4261/2201/4377 4263/2203/4379 4264/2204/4380 4262/2200/4378 
f 4263/2203/4379 4265/2206/4381 4266/2205/4382 4264/2204/4380 
f 4265/2206/4381 4263/2203/4379 4214/2153/4330 4216/2154/4332 
f 4216/2154/4332 4218/2157/4334 4267/2207/4383 4265/2206/4381 
f 4265/2206/4381 4267/2207/4383 4268/2208/4384 4266/2205/4382 
f 4267/2207/4383 4269/2210/4385 4270/2209/4386 4268/2208/4384 
f 4269/2210/4385 4267/2207/4383 4218/2157/4334 4220/2158/4336 
f 4220/2158/4336 4222/2161/4338 4271/2211/4387 4269/2210/4385 
f 4269/2210/4385 4271/2211/4387 4272/2212/4388 4270/2209/4386 
f 4271/2211/4387 4273/2214/4389 4274/2213/4390 4272/2212/4388 
f 4273/2214/4389 4271/2211/4387 4222/2161/4338 4224/2162/4340 
f 4224/2162/4340 4226/2165/4342 4275/2215/4391 4273/2214/4389 
f 4273/2214/4389 4275/2215/4391 4276/2216/4392 4274/2213/4390 
f 4275/2215/4391 4277/2218/4393 4278/2217/4394 4276/2216/4392 
f 4277/2218/4393 4275/2215/4391 4226/2165/4342 4228/2166/4344 
f 4228/2166/4344 4230/2169/4346 4279/2219/4395 4277/2218/4393 
f 4277/2218/4393 4279/2219/4395 4280/2220/4396 4278/2217/4394 
f 4279/2219/4395 4281/2222/4397 4282/2221/4398 4280/2220/4396 
f 4281/2222/4397 4279/2219/4395 4230/2169/4346 4232/2170/4348 
f 4232/2170/4348 4234/2173/4350 4283/2223/4399 4281/2222/4397 
f 4281/2222/4397 4283/2223/4399 4284/2224/4400 4282/2221/4398 
f 4283/2223/4399 4285/2226/4401 4286/2225/4402 4284/2224/4400 
f 4285/2226/4401 4283/2223/4399 4234/2173/4350 4236/2174/4352 
f 4287/2228/4403 4288/2227/4404 4240/2178/4356 4239/2179/4355 
f 4289/2230/4405 4290/2229/4406 4288/2227/4404 4287/2228/4403 
f 4287/2228/4403 4291/2232/4407 4292/2231/4408 4289/2230/4405 
f 4291/2232/4407 4287/2228/4403 4239/2179/4355 4242/2180/4358 
f 4242/2180/4358 4244/2183/4360 4293/2233/4409 4291/2232/4407 
f 4291/2232/4407 4293/2233/4409 4294/2234/4410 4292/2231/4408 
f 4293/2233/4409 4295/2236/4411 4296/2235/4412 4294/2234/4410 
f 4295/2236/4411 4293/2233/4409 4244/2183/4360 4246/2184/4362 
f 4246/2184/4362 4248/2187/4364 4297/2237/4413 4295/2236/4411 
f 4295/2236/4411 4297/2237/4413 4298/2238/4414 4296/2235/4412 
f 4297/2237/4413 4299/2240/4415 4300/2239/4416 4298/2238/4414 
f 4299/2240/4415 4297/2237/4413 4248/2187/4364 4250/2188/4366 
f 4250/2188/4366 4252/2191/4368 4301/2241/4417 4299/2240/4415 
f 4299/2240/4415 4301/2241/4417 4302/2242/4418 4300/2239/4416 
f 4301/2241/4417 4303/2244/4419 4304/2243/4420 4302/2242/4418 
f 4303/2244/4419 4301/2241/4417 4252/2191/4368 4254/2192/4370 
f 4254/2192/4370 4256/2195/4372 4305/2245/4421 4303/2244/4419 
f 4303/2244/4419 4305/2245/4421 4306/2246/4422 4304/2243/4420 
f 4305/2245/4421 4307/2248/4423 4308/2247/4424 4306/2246/4422 
f 4307/2248/4423 4305/2245/4421 4256/2195/4372 4258/2196/4374 
f 4258/2196/4374 4260/2199/4376 4309/2249/4425 4307/2248/4423 
f 4307/2248/4423 4309/2249/4425 4310/2250/4426 4308/2247/4424 
f 4309/2249/4425 4311/2252/4427 4312/2251/4428 4310/2250/4426 
f 4311/2252/4427 4309/2249/4425 4260/2199/4376 4262/2200/4378 
f 4262/2200/4378 4264/2204/4380 4313/2253/4429 4311/2252/4427 
f 4311/2252/4427 4313/2253/4429 4314/2254/4430 4312/2251/4428 
f 4313/2253/4429 4315/2256/4431 4316/2255/4432 4314/2254/4430 
f 4315/2256/4431 4313/2253/4429 4264/2204/4380 4266/2205/4382 
f 4266/2205/4382 4268/2208/4384 4317/2257/4433 4315/2256/4431 
f 4315/2256/4431 4317/2257/4433 4318/2258/4434 4316/2255/4432 
f 4317/2257/4433 4319/2260/4435 4320/2259/4436 4318/2258/4434 
f 4319/2260/4435 4317/2257/4433 4268/2208/4384 4270/2209/4386 
f 4270/2209/4386 4272/2212/4388 4321/2261/4437 4319/2260/4435 
f 4319/2260/4435 4321/2261/4437 4322/2262/4438 4320/2259/4436 
f 4321/2261/4437 4323/2264/4439 4324/2263/4440 4322/2262/4438 
f 4323/2264/4439 4321/2261/4437 4272/2212/4388 4274/2213/4390 
f 4274/2213/4390 4276/2216/4392 4325/2265/4441 4323/2264/4439 
f 4323/2264/4439 4325/2265/4441 4326/2266/4442 4324/2263/4440 
f 4325/2265/4441 4327/2268/4443 4328/2267/4444 4326/2266/4442 
f 4327/2268/4443 4325/2265/4441 4276/2216/4392 4278/2217/4394 
f 4278/2217/4394 4280/2220/4396 4329/2269/4445 4327/2268/4443 
f 4327/2268/4443 4329/2269/4445 4330/2270/4446 4328/2267/4444 
f 4329/2269/4445 4331/2272/4447 4332/2271/4448 4330/2270/4446 
f 4331/2272/4447 4329/2269/4445 4280/2220/4396 4282/2221/4398 
f 4282/2221/4398 4284/2224/4400 4333/2273/4449 4331/2272/4447 
f 4331/2272/4447 4333/2273/4449 4334/2274/4450 4332/2271/4448 
f 4333/2273/4449 4335/2276/4451 4336/2275/4452 4334/2274/4450 
f 4335/2276/4451 4333/2273/4449 4284/2224/4400 4286/2225/4402 
f 4337/2278/4453 4338/2277/4454 4289/2230/4405 4292/2231/4408 
f 4339/2281/4455 4340/2280/4456 4341/2279/4457 4342/2282/4458 
f 4340/2280/4456 4343/2284/4459 4344/2283/4460 4341/2279/4457 
f 4345/3413/4461 4346/3414/4462 4343/2284/4459 4340/2280/4456 
f 4346/3414/4462 4347/3415/4463 4348/2286/4464 4343/2284/4459 
f 4343/2284/4459 4348/2286/4464 4349/2285/4465 4344/2283/4460 
f 4348/2286/4464 4350/2288/4466 4351/2287/4467 4349/2285/4465 
f 4347/3415/4463 4352/3416/4468 4350/2288/4466 4348/2286/4464 
f 4352/3416/4468 4353/3417/4469 4354/2290/4470 4350/2288/4466 
f 4350/2288/4466 4354/2290/4470 4355/2289/4471 4351/2287/4467 
f 4354/2290/4470 4356/2292/4472 4357/2291/4473 4355/2289/4471 
f 4356/2292/4472 4354/2290/4470 4353/3417/4469 4358/3418/4474 
f 4356/2292/4472 4358/3418/4474 4359/3419/4475 
f 4356/2292/4472 4360/3303/4476 4361/2293/4477 4357/2291/4473 
f 4362/2321/4478 4361/2293/4477 4360/3303/4476 4363/3420/4479 
f 4362/2321/4478 4363/3420/4479 4364/3421/4480 
f 4365/2296/4481 4366/2295/4482 4342/2282/4458 4341/2279/4457 
f 4367/2298/4483 4368/2297/4484 4366/2295/4482 4365/2296/4481 
f 4365/2296/4481 4369/2300/4485 4370/2299/4486 4367/2298/4483 
f 4369/2300/4485 4365/2296/4481 4341/2279/4457 4344/2283/4460 
f 4344/2283/4460 4349/2285/4465 4371/2301/4487 4369/2300/4485 
f 4369/2300/4485 4371/2301/4487 4372/2302/4488 4370/2299/4486 
f 4371/2301/4487 4373/2304/4489 4374/2303/4490 4372/2302/4488 
f 4373/2304/4489 4371/2301/4487 4349/2285/4465 4351/2287/4467 
f 4351/2287/4467 4355/2289/4471 4375/2305/4491 4373/2304/4489 
f 4373/2304/4489 4375/2305/4491 4376/2306/4492 4374/2303/4490 
f 4375/2305/4491 4377/2308/4493 4378/2307/4494 4376/2306/4492 
f 4377/2308/4493 4375/2305/4491 4355/2289/4471 4357/2291/4473 
f 4357/2291/4473 4361/2293/4477 4379/2309/4495 4377/2308/4493 
f 4377/2308/4493 4379/2309/4495 4380/2310/4496 4378/2307/4494 
f 4379/2309/4495 4381/2312/4497 4382/2311/4498 4380/2310/4496 
f 4362/2315/4478 4383/2314/4499 4384/2313/4500 4381/2316/4497 
f 4385/2318/4501 4382/2317/4498 4381/2316/4497 4384/2313/4500 
f 4384/2313/4500 4386/2320/4502 4387/2319/4503 4385/2318/4501 
f 4386/2320/4502 4384/2313/4500 4383/2314/4499 4388/3422/4504 
f 4386/2320/4502 4388/3422/4504 4389/3423/4505 
f 4386/2320/4502 4390/3424/4506 4391/2329/4507 4387/2319/4503 
f 4392/2334/4508 4391/2329/4507 4390/3424/4506 4393/3425/4509 
f 4392/2334/4508 4393/3425/4509 4394/3426/4510 
f 4381/2312/4497 4379/2309/4495 4361/2293/4477 4362/2321/4478 
f 4395/2323/4511 4396/2322/4512 4382/2317/4498 4385/2318/4501 
f 4397/2325/4513 4398/2324/4514 4396/2322/4512 4395/2323/4511 
f 4395/2323/4511 4399/2327/4515 4400/2326/4516 4397/2325/4513 
f 4399/2327/4515 4395/2323/4511 4385/2318/4501 4387/2319/4503 
f 4387/2319/4503 4391/2329/4507 4401/2328/4517 4399/2327/4515 
f 4399/2331/4515 4401/2328/4517 4402/2330/4518 4400/2326/4516 
f 4401/2328/4517 4403/2333/4519 4404/2332/4520 4402/2330/4518 
f 4403/2333/4519 4401/2328/4517 4391/2329/4507 4392/2334/4508 
f 4405/2336/4521 4406/2335/4522 4368/2297/4484 4367/2298/4483 
f 4407/2338/4523 4408/2337/4524 4406/2335/4522 4405/2336/4521 
f 4405/2336/4521 4409/2340/4525 4410/2339/4526 4407/2338/4523 
f 4409/2340/4525 4405/2336/4521 4367/2298/4483 4370/2299/4486 
f 4370/2299/4486 4372/2302/4488 4411/2341/4527 4409/2340/4525 
f 4409/2340/4525 4411/2341/4527 4412/2342/4528 4410/2339/4526 
f 4411/2341/4527 4413/2344/4529 4414/2343/4530 4412/2342/4528 
f 4413/2344/4529 4411/2341/4527 4372/2302/4488 4374/2303/4490 
f 4374/2303/4490 4376/2306/4492 4415/2345/4531 4413/2344/4529 
f 4413/2344/4529 4415/2345/4531 4416/2346/4532 4414/2343/4530 
f 4415/2345/4531 4417/2348/4533 4418/2347/4534 4416/2346/4532 
f 4417/2348/4533 4415/2345/4531 4376/2306/4492 4378/2307/4494 
f 4378/2307/4494 4380/2310/4496 4419/2349/4535 4417/2348/4533 
f 4417/2348/4533 4419/2349/4535 4420/2350/4536 4418/2347/4534 
f 4398/2351/4514 4420/2350/4536 4419/2349/4535 4396/2352/4512 
f 4396/2352/4512 4419/2349/4535 4380/2310/4496 4382/2311/4498 
f 4421/2354/4537 4422/2353/4538 4398/2324/4514 4397/2325/4513 
f 4423/2356/4539 4424/2355/4540 4422/2353/4538 4421/2354/4537 
f 4421/2354/4537 4425/2358/4541 4426/2357/4542 4423/2356/4539 
f 4425/2358/4541 4421/2354/4537 4397/2325/4513 4400/2326/4516 
f 4400/2326/4516 4402/2330/4518 4427/2359/4543 4425/2358/4541 
f 4425/2358/4541 4427/2359/4543 4428/2360/4544 4426/2357/4542 
f 4427/2359/4543 4429/2362/4545 4430/2361/4546 4428/2360/4544 
f 4429/2362/4545 4427/2359/4543 4402/2330/4518 4404/2332/4520 
f 4431/2364/4547 4432/2363/4548 4408/2337/4524 4407/2338/4523 
f 4433/2366/4549 4434/2365/4550 4432/2363/4548 4431/2364/4547 
f 4431/2364/4547 4435/2368/4551 4436/2367/4552 4433/2366/4549 
f 4435/2368/4551 4431/2364/4547 4407/2338/4523 4410/2339/4526 
f 4410/2339/4526 4412/2342/4528 4437/2369/4553 4435/2368/4551 
f 4435/2368/4551 4437/2369/4553 4438/2370/4554 4436/2367/4552 
f 4437/2369/4553 4439/2372/4555 4440/2371/4556 4438/2370/4554 
f 4439/2372/4555 4437/2369/4553 4412/2342/4528 4414/2343/4530 
f 4414/2343/4530 4416/2346/4532 4441/2373/4557 4439/2372/4555 
f 4439/2372/4555 4441/2373/4557 4442/2374/4558 4440/2371/4556 
f 4441/2373/4557 4443/2376/4559 4444/2375/4560 4442/2374/4558 
f 4443/2376/4559 4441/2373/4557 4416/2346/4532 4418/2347/4534 
f 4418/2347/4534 4420/2350/4536 4445/2377/4561 4443/2376/4559 
f 4443/2376/4559 4445/2377/4561 4446/2378/4562 4444/2375/4560 
f 4424/2379/4540 4446/2378/4562 4445/2377/4561 4422/2380/4538 
f 4422/2380/4538 4445/2377/4561 4420/2350/4536 4398/2351/4514 
f 4447/2382/4563 4448/2381/4564 4424/2355/4540 4423/2356/4539 
f 4449/2384/4565 4450/2383/4566 4448/2381/4564 4447/2382/4563 
f 4447/2382/4563 4451/2386/4567 4452/2385/4568 4449/2384/4565 
f 4451/2386/4567 4447/2382/4563 4423/2356/4539 4426/2357/4542 
f 4426/2357/4542 4428/2360/4544 4453/2387/4569 4451/2386/4567 
f 4451/2386/4567 4453/2387/4569 4454/2388/4570 4452/2385/4568 
f 4453/2387/4569 4455/2390/4571 4456/2389/4572 4454/2388/4570 
f 4455/2390/4571 4453/2387/4569 4428/2360/4544 4430/2361/4546 
f 4457/2392/4573 4458/2391/4574 4434/2365/4550 4433/2366/4549 
f 4459/2394/4575 4460/2393/4576 4458/2391/4574 4457/2392/4573 
f 4457/2392/4573 4461/2396/4577 4462/2395/4578 4459/2394/4575 
f 4461/2396/4577 4457/2392/4573 4433/2366/4549 4436/2367/4552 
f 4436/2367/4552 4438/2370/4554 4463/2397/4579 4461/2396/4577 
f 4461/2396/4577 4463/2397/4579 4464/2399/4580 4462/2395/4578 
f 4463/2397/4579 4465/2401/4581 4466/2400/4582 4464/2399/4580 
f 4465/2401/4581 4463/2397/4579 4438/2370/4554 4440/2371/4556 
f 4440/2371/4556 4442/2374/4558 4467/2402/4583 4465/2401/4581 
f 4465/2401/4581 4467/2402/4583 4468/2403/4584 4466/2400/4582 
f 4467/2402/4583 4469/2405/4585 4470/2404/4586 4468/2403/4584 
f 4469/2405/4585 4467/2402/4583 4442/2374/4558 4444/2375/4560 
f 4444/2375/4560 4446/2378/4562 4471/2406/4587 4469/2405/4585 
f 4469/2405/4585 4471/2406/4587 4472/2407/4588 4470/2404/4586 
f 4450/2408/4566 4472/2407/4588 4471/2406/4587 4448/2409/4564 
f 4448/2409/4564 4471/2406/4587 4446/2378/4562 4424/2379/4540 
f 4473/2411/4589 4474/2410/4590 4450/2383/4566 4449/2384/4565 
f 4475/2413/4591 4476/2412/4592 4474/2410/4590 4473/2411/4589 
f 4473/2411/4589 4477/2415/4593 4478/2414/4594 4475/2413/4591 
f 4477/2415/4593 4473/2411/4589 4449/2384/4565 4452/2385/4568 
f 4452/2385/4568 4454/2388/4570 4479/2416/4595 4477/2415/4593 
f 4477/2415/4593 4479/2416/4595 4480/2417/4596 4478/2414/4594 
f 4479/2416/4595 4481/2419/4597 4482/2418/4598 4480/2417/4596 
f 4481/2419/4597 4479/2416/4595 4454/2388/4570 4456/2389/4572 
f 4483/2421/4599 4484/2420/4600 4460/2393/4576 4459/2394/4575 
f 4485/2423/4601 4486/2422/4602 4484/2420/4600 4483/2421/4599 
f 4483/2421/4599 4487/2425/4603 4488/2424/4604 4485/2423/4601 
f 4487/2425/4603 4483/2421/4599 4459/2394/4575 4462/2395/4578 
f 4462/2395/4578 4464/2399/4580 4489/2426/4605 4487/2425/4603 
f 4487/2425/4603 4489/2426/4605 4490/2427/4606 4488/2424/4604 
f 4489/2426/4605 4491/2429/4607 4492/2428/4608 4490/2427/4606 
f 4491/2429/4607 4489/2426/4605 4464/2399/4580 4466/2400/4582 
f 4466/2400/4582 4468/2403/4584 4493/2430/4609 4491/2429/4607 
f 4491/2429/4607 4493/2430/4609 4494/2431/4610 4492/2428/4608 
f 4493/2430/4609 4495/2433/4611 4496/2432/4612 4494/2431/4610 
f 4495/2433/4611 4493/2430/4609 4468/2403/4584 4470/2404/4586 
f 4470/2404/4586 4472/2407/4588 4497/2434/4613 4495/2433/4611 
f 4495/2433/4611 4497/2434/4613 4498/2435/4614 4496/2432/4612 
f 4476/2436/4592 4498/2435/4614 4497/2434/4613 4474/2437/4590 
f 4474/2437/4590 4497/2434/4613 4472/2407/4588 4450/2408/4566 
f 4499/2439/4615 4500/2438/4616 4476/2412/4592 4475/2413/4591 
f 4501/2441/4617 4502/2440/4618 4500/2438/4616 4499/2439/4615 
f 4499/2439/4615 4503/2443/4619 4504/2442/4620 4501/2441/4617 
f 4503/2443/4619 4499/2439/4615 4475/2413/4591 4478/2414/4594 
f 4478/2414/4594 4480/2417/4596 4505/2444/4621 4503/2443/4619 
f 4503/2443/4619 4505/2444/4621 4506/2445/4622 4504/2442/4620 
f 4505/2444/4621 4507/2447/4623 4508/2446/4624 4506/2445/4622 
f 4507/2447/4623 4505/2444/4621 4480/2417/4596 4482/2418/4598 
f 4509/2449/4625 4510/2448/4626 4486/2422/4602 4485/2423/4601 
f 4511/2451/4627 4512/2450/4628 4510/2448/4626 4509/2449/4625 
f 4509/2449/4625 4513/2453/4629 4514/2452/4630 4511/2451/4627 
f 4513/2453/4629 4509/2449/4625 4485/2423/4601 4488/2424/4604 
f 4488/2424/4604 4490/2427/4606 4515/2454/4631 4513/2453/4629 
f 4513/2453/4629 4515/2454/4631 4516/2455/4632 4514/2452/4630 
f 4515/2454/4631 4517/2457/4633 4518/2456/4634 4516/2455/4632 
f 4517/2457/4633 4515/2454/4631 4490/2427/4606 4492/2428/4608 
f 4492/2428/4608 4494/2431/4610 4519/2458/4635 4517/2457/4633 
f 4517/2457/4633 4519/2458/4635 4520/2459/4636 4518/2456/4634 
f 4519/2458/4635 4521/2461/4637 4522/2460/4638 4520/2459/4636 
f 4521/2461/4637 4519/2458/4635 4494/2431/4610 4496/2432/4612 
f 4496/2432/4612 4498/2435/4614 4523/2462/4639 4521/2461/4637 
f 4521/2461/4637 4523/2462/4639 4524/2463/4640 4522/2460/4638 
f 4502/2464/4618 4524/2463/4640 4523/2462/4639 4500/2465/4616 
f 4500/2465/4616 4523/2462/4639 4498/2435/4614 4476/2436/4592 
f 4525/2467/4641 4526/2466/4642 4502/2440/4618 4501/2441/4617 
f 4527/2469/4643 4528/2468/4644 4526/2466/4642 4525/2467/4641 
f 4525/2467/4641 4529/2471/4645 4530/2470/4646 4527/2469/4643 
f 4529/2471/4645 4525/2467/4641 4501/2441/4617 4504/2442/4620 
f 4504/2442/4620 4506/2445/4622 4531/2472/4647 4529/2471/4645 
f 4529/2471/4645 4531/2472/4647 4532/2473/4648 4530/2470/4646 
f 4531/2472/4647 4533/2475/4649 4534/2474/4650 4532/2473/4648 
f 4533/2475/4649 4531/2472/4647 4506/2445/4622 4508/2446/4624 
f 4535/2477/4651 4536/2476/4652 4512/2450/4628 4511/2451/4627 
f 4537/2479/4653 4538/2478/4654 4536/2476/4652 4535/2477/4651 
f 4535/2477/4651 4539/2481/4655 4540/2480/4656 4537/2479/4653 
f 4539/2481/4655 4535/2477/4651 4511/2451/4627 4514/2452/4630 
f 4514/2452/4630 4516/2455/4632 4541/2482/4657 4539/2481/4655 
f 4539/2481/4655 4541/2482/4657 4542/2483/4658 4540/2480/4656 
f 4541/2482/4657 4543/2485/4659 4544/2484/4660 4542/2483/4658 
f 4543/2485/4659 4541/2482/4657 4516/2455/4632 4518/2456/4634 
f 4518/2456/4634 4520/2459/4636 4545/2486/4661 4543/2485/4659 
f 4543/2485/4659 4545/2486/4661 4546/2487/4662 4544/2484/4660 
f 4545/2486/4661 4547/2489/4663 4548/2488/4664 4546/2487/4662 
f 4547/2489/4663 4545/2486/4661 4520/2459/4636 4522/2460/4638 
f 4522/2460/4638 4524/2463/4640 4549/2490/4665 4547/2489/4663 
f 4547/2489/4663 4549/2490/4665 4550/2491/4666 4548/2488/4664 
f 4528/2492/4644 4550/2491/4666 4549/2490/4665 4526/2493/4642 
f 4526/2493/4642 4549/2490/4665 4524/2463/4640 4502/2464/4618 
f 4551/2495/4667 4552/2494/4668 4528/2468/4644 4527/2469/4643 
f 4553/2497/4669 4554/2496/4670 4552/2494/4668 4551/2495/4667 
f 4551/2495/4667 4555/2499/4671 4556/2498/4672 4553/2497/4669 
f 4555/2499/4671 4551/2495/4667 4527/2469/4643 4530/2470/4646 
f 4530/2470/4646 4532/2473/4648 4557/2500/4673 4555/2499/4671 
f 4555/2499/4671 4557/2500/4673 4558/2501/4674 4556/2498/4672 
f 4557/2500/4673 4559/2503/4675 4560/2502/4676 4558/2501/4674 
f 4559/2503/4675 4557/2500/4673 4532/2473/4648 4534/2474/4650 
f 4561/2505/4677 4562/2504/4678 4538/2478/4654 4537/2479/4653 
f 4563/2507/4679 4564/2506/4680 4562/2504/4678 4561/2505/4677 
f 4561/2505/4677 4565/2509/4681 4566/2508/4682 4563/2507/4679 
f 4565/2509/4681 4561/2505/4677 4537/2479/4653 4540/2480/4656 
f 4540/2480/4656 4542/2483/4658 4567/2510/4683 4565/2509/4681 
f 4565/2509/4681 4567/2510/4683 4568/2511/4684 4566/2508/4682 
f 4567/2510/4683 4569/2513/4685 4570/2512/4686 4568/2511/4684 
f 4569/2513/4685 4567/2510/4683 4542/2483/4658 4544/2484/4660 
f 4544/2484/4660 4546/2487/4662 4571/2514/4687 4569/2513/4685 
f 4569/2513/4685 4571/2514/4687 4572/2515/4688 4570/2512/4686 
f 4571/2514/4687 4573/2517/4689 4574/2516/4690 4572/2515/4688 
f 4573/2517/4689 4571/2514/4687 4546/2487/4662 4548/2488/4664 
f 4548/2488/4664 4550/2491/4666 4575/2518/4691 4573/2517/4689 
f 4573/2517/4689 4575/2518/4691 4576/2519/4692 4574/2516/4690 
f 4554/2520/4670 4576/2519/4692 4575/2518/4691 4552/2521/4668 
f 4552/2521/4668 4575/2518/4691 4550/2491/4666 4528/2492/4644 
f 4577/2523/4693 4578/2522/4694 4553/2497/4669 4556/2498/4672 
f 4579/2525/4695 4580/2524/4696 4578/2522/4694 4577/2523/4693 
f 4554/2496/4670 4553/2497/4669 4578/2522/4694 4580/2524/4696 
f 4581/2528/4697 4582/2527/4698 4579/2526/4695 4577/2529/4693 
f 4583/2531/4699 4584/2530/4700 4582/2527/4698 4581/2528/4697 
f 4560/2502/4676 4583/2531/4699 4581/2528/4697 4558/2501/4674 
f 4558/2501/4674 4581/2528/4697 4577/2529/4693 4556/2498/4672 
f 4585/2534/4701 4586/2533/4702 4579/2532/4695 4582/2535/4698 
f 4587/2536/4703 4290/2229/4406 4586/2533/4702 4585/2534/4701 
f 4585/2534/4701 4588/2538/4704 4589/2537/4705 4587/2536/4703 
f 4590/2541/4706 4591/2540/4707 4592/2539/4708 4593/2542/4709 
f 4591/2540/4707 4594/2544/4710 4595/2543/4711 4592/2539/4708 
f 4596/2546/4712 4597/2545/4713 4593/2542/4709 4592/2539/4708 
f 4598/2548/4714 4599/2547/4715 4597/2545/4713 4596/2546/4712 
f 4596/2546/4712 4600/2550/4716 4601/2549/4717 4598/2548/4714 
f 4600/2550/4716 4596/2546/4712 4592/2539/4708 4595/2543/4711 
f 4602/2552/4718 4603/2551/4719 4599/2547/4715 4598/2548/4714 
f 4604/2554/4720 4605/2553/4721 4603/2551/4719 4602/2552/4718 
f 4602/2552/4718 4606/2556/4722 4607/2555/4723 4604/2554/4720 
f 4606/2556/4722 4602/2552/4718 4598/2548/4714 4601/2549/4717 
f 4608/2558/4724 4609/2557/4725 4605/2553/4721 4604/2554/4720 
f 4610/2560/4726 4611/2559/4727 4609/2557/4725 4608/2558/4724 
f 4608/2558/4724 4612/2562/4728 4613/2561/4729 4610/2560/4726 
f 4612/2562/4728 4608/2558/4724 4604/2554/4720 4607/2555/4723 
f 4614/2564/4730 4615/2563/4731 4611/2559/4727 4610/2560/4726 
f 4616/2566/4732 4617/2565/4733 4615/2563/4731 4614/2564/4730 
f 4614/2564/4730 4618/2568/4734 4619/2567/4735 4616/2566/4732 
f 4618/2568/4734 4614/2564/4730 4610/2560/4726 4613/2561/4729 
f 4620/2570/4736 4621/2569/4737 4617/2565/4733 4616/2566/4732 
f 4622/2572/4738 4623/2571/4739 4621/2569/4737 4620/2570/4736 
f 4620/2570/4736 4624/2574/4740 4625/2573/4741 4622/2572/4738 
f 4624/2574/4740 4620/2570/4736 4616/2566/4732 4619/2567/4735 
f 4626/2576/4742 4627/2575/4743 4623/2571/4739 4622/2572/4738 
f 4588/2538/4704 4584/2530/4700 4627/2575/4743 4626/2576/4742 
f 4626/2576/4742 4628/2577/4744 4589/2537/4705 4588/2538/4704 
f 4628/2577/4744 4626/2576/4742 4622/2572/4738 4625/2573/4741 
f 4588/2538/4704 4585/2534/4701 4582/2535/4698 4584/2530/4700 
f 4338/2277/4454 4337/2278/4453 4579/2578/4695 4586/2579/4702 
f 4290/2229/4406 4289/2230/4405 4338/2277/4454 4586/2579/4702 
f 4629/2582/4745 4630/2581/4746 4579/2580/4695 4337/2583/4453 
f 4630/2581/4746 4629/2582/4745 4294/2234/4410 4296/2235/4412 
f 4292/2231/4408 4294/2234/4410 4629/2582/4745 4337/2583/4453 
f 4631/2586/4747 4632/2585/4748 4579/2584/4695 4630/2587/4746 
f 4632/2585/4748 4631/2586/4747 4298/2238/4414 4300/2239/4416 
f 4296/2235/4412 4298/2238/4414 4631/2586/4747 4630/2587/4746 
f 4633/2590/4749 4634/2589/4750 4579/2588/4695 4632/2591/4748 
f 4634/2589/4750 4633/2590/4749 4302/2242/4418 4304/2243/4420 
f 4300/2239/4416 4302/2242/4418 4633/2590/4749 4632/2591/4748 
f 4635/2594/4751 4636/2593/4752 4579/2592/4695 4634/2595/4750 
f 4636/2593/4752 4635/2594/4751 4306/2246/4422 4308/2247/4424 
f 4304/2243/4420 4306/2246/4422 4635/2594/4751 4634/2595/4750 
f 4637/2598/4753 4638/2597/4754 4579/2596/4695 4636/2599/4752 
f 4638/2597/4754 4637/2598/4753 4310/2250/4426 4312/2251/4428 
f 4308/2247/4424 4310/2250/4426 4637/2598/4753 4636/2599/4752 
f 4639/2602/4755 4640/2601/4756 4579/2600/4695 4638/2603/4754 
f 4640/2601/4756 4639/2602/4755 4314/2254/4430 4316/2255/4432 
f 4312/2251/4428 4314/2254/4430 4639/2602/4755 4638/2603/4754 
f 4641/2606/4757 4642/2605/4758 4579/2604/4695 4640/2607/4756 
f 4642/2605/4758 4641/2606/4757 4318/2258/4434 4320/2259/4436 
f 4316/2255/4432 4318/2258/4434 4641/2606/4757 4640/2607/4756 
f 4643/2610/4759 4644/2609/4760 4579/2608/4695 4642/2611/4758 
f 4644/2609/4760 4643/2610/4759 4322/2262/4438 4324/2263/4440 
f 4320/2259/4436 4322/2262/4438 4643/2610/4759 4642/2611/4758 
f 4645/2614/4761 4646/2613/4762 4579/2612/4695 4644/2615/4760 
f 4646/2613/4762 4645/2614/4761 4326/2266/4442 4328/2267/4444 
f 4324/2263/4440 4326/2266/4442 4645/2614/4761 4644/2615/4760 
f 4647/2618/4763 4648/2617/4764 4579/2616/4695 4646/2619/4762 
f 4648/2617/4764 4647/2618/4763 4330/2270/4446 4332/2271/4448 
f 4328/2267/4444 4330/2270/4446 4647/2618/4763 4646/2619/4762 
f 4649/2622/4765 4650/2621/4766 4579/2620/4695 4648/2623/4764 
f 4651/2625/4767 4652/2624/4768 4650/2621/4766 4649/2622/4765 
f 4336/2275/4452 4651/2625/4767 4649/2622/4765 4334/2274/4450 
f 4334/2274/4450 4649/2622/4765 4648/2623/4764 4332/2271/4448 
f 4653/2628/4769 4654/2627/4770 4579/2626/4695 4650/2629/4766 
f 4655/2631/4771 4656/2630/4772 4654/2627/4770 4653/2628/4769 
f 4653/2628/4769 4657/2633/4773 4658/2632/4774 4655/2631/4771 
f 4659/2637/4775 4660/2634/4776 4661/2639/4777 4662/2638/4778 
f 4660/2634/4776 4663/2641/4779 4664/2640/4780 4661/2639/4777 
f 4665/2644/4781 4666/2643/4782 4662/2638/4778 4661/2639/4777 
f 4667/2646/4783 4668/2645/4784 4666/2643/4782 4665/2644/4781 
f 4665/2644/4781 4669/2648/4785 4670/2647/4786 4667/2646/4783 
f 4669/2648/4785 4665/2644/4781 4661/2639/4777 4664/2640/4780 
f 4671/2650/4787 4672/2649/4788 4668/2645/4784 4667/2646/4783 
f 4673/2652/4789 4674/2651/4790 4672/2649/4788 4671/2650/4787 
f 4671/2650/4787 4675/2654/4791 4676/2653/4792 4673/2652/4789 
f 4675/2654/4791 4671/2650/4787 4667/2646/4783 4670/2647/4786 
f 4677/2656/4793 4678/2655/4794 4674/2651/4790 4673/2652/4789 
f 4679/2658/4795 4680/2657/4796 4678/2655/4794 4677/2656/4793 
f 4677/2656/4793 4681/2660/4797 4682/2659/4798 4679/2658/4795 
f 4681/2660/4797 4677/2656/4793 4673/2652/4789 4676/2653/4792 
f 4683/2662/4799 4684/2661/4800 4680/2657/4796 4679/2658/4795 
f 4657/2633/4773 4652/2624/4768 4684/2661/4800 4683/2662/4799 
f 4683/2662/4799 4685/2663/4801 4658/2632/4774 4657/2633/4773 
f 4685/2663/4801 4683/2662/4799 4679/2658/4795 4682/2659/4798 
f 4657/2633/4773 4653/2628/4769 4650/2629/4766 4652/2624/4768 
f 4686/2666/4802 4687/2665/4803 4579/2664/4695 4654/2667/4770 
f 4688/2669/4804 4689/2668/4805 4687/2665/4803 4686/2666/4802 
f 4690/2672/4806 4691/2671/4807 4692/2670/4808 4693/2673/4809 
f 4691/2671/4807 4694/2675/4810 4695/2674/4811 4692/2670/4808 
f 4694/2675/4810 4696/2677/4812 4697/2676/4813 4695/2674/4811 
f 4696/2677/4812 4698/2679/4814 4699/2678/4815 4697/2676/4813 
f 4698/2679/4814 4700/2681/4816 4701/2680/4817 4699/2678/4815 
f 4702/3427/4818 4703/3428/4819 4700/2681/4816 4698/2679/4814 
f 4700/2681/4816 4704/2683/4820 4705/2682/4821 4701/2680/4817 
f 4703/3428/4819 4706/2687/4822 4704/2683/4820 4700/2681/4816 
f 4706/2687/4822 4707/2686/4823 4708/2685/4824 4704/2683/4820 
f 4704/2683/4820 4708/2685/4824 4709/2684/4825 4705/2682/4821 
f 4708/2685/4824 4710/2689/4826 4711/2688/4827 4709/2684/4825 
f 4707/2686/4823 4712/2690/4828 4710/2689/4826 4708/2685/4824 
f 4712/2690/4828 4713/2692/4829 4714/2691/4830 4710/2689/4826 
f 4710/2689/4826 4714/2691/4830 4715/2693/4831 4711/2688/4827 
f 4714/2691/4830 4716/2695/4832 4717/2694/4833 4715/2693/4831 
f 4713/2692/4829 4718/2696/4834 4716/2695/4832 4714/2691/4830 
f 4718/2696/4834 4719/2698/4835 4720/2697/4836 4716/2695/4832 
f 4716/2695/4832 4720/2697/4836 4721/2699/4837 4717/2694/4833 
f 4720/2697/4836 4722/2701/4838 4723/2700/4839 4721/2699/4837 
f 4719/2698/4835 4724/2702/4840 4722/2701/4838 4720/2697/4836 
f 4724/2702/4840 4725/2704/4841 4726/2703/4842 4722/2701/4838 
f 4722/2701/4838 4726/2703/4842 4727/2705/4843 4723/2700/4839 
f 4726/2703/4842 4728/2707/4844 4729/2706/4845 4727/2705/4843 
f 4725/2704/4841 4730/2708/4846 4728/2707/4844 4726/2703/4842 
f 4730/2708/4846 4725/2704/4841 4731/3429/4847 4732/3430/4848 
f 4732/3430/4848 4733/2715/4849 4734/2710/4850 4730/2708/4846 
f 4733/2715/4849 4735/2716/4851 4736/2714/4852 4734/2710/4850 
f 4730/2708/4846 4734/2710/4850 4737/2709/4853 4728/2707/4844 
f 4728/2707/4844 4737/2709/4853 4738/2711/4854 4729/2706/4845 
f 4737/2709/4853 4739/2713/4855 4740/2712/4856 4738/2711/4854 
f 4739/2713/4855 4737/2709/4853 4734/2710/4850 4736/2714/4852 
f 4741/2718/4857 4742/2717/4858 4693/2673/4809 4692/2670/4808 
f 4743/2721/4859 4744/2720/4860 4745/2719/4861 4746/2722/4862 
f 4744/2720/4860 4742/2717/4858 4747/2723/4863 4745/2719/4861 
f 4748/2724/4864 4693/2673/4809 4742/2717/4858 4744/2720/4860 
f 4742/2717/4858 4741/2718/4857 4749/2725/4865 4747/2723/4863 
f 4741/2718/4857 4750/2727/4866 4751/2726/4867 4749/2725/4865 
f 4750/2727/4866 4741/2718/4857 4692/2670/4808 4695/2674/4811 
f 4695/2674/4811 4697/2676/4813 4752/2728/4868 4750/2727/4866 
f 4750/2727/4866 4752/2728/4868 4753/2729/4869 4751/2726/4867 
f 4752/2728/4868 4754/2731/4870 4755/2730/4871 4753/2729/4869 
f 4754/2731/4870 4752/2728/4868 4697/2676/4813 4699/2678/4815 
f 4699/2678/4815 4701/2680/4817 4756/2732/4872 4754/2731/4870 
f 4754/2731/4870 4756/2732/4872 4757/2733/4873 4755/2730/4871 
f 4756/2732/4872 4758/2735/4874 4759/2734/4875 4757/2733/4873 
f 4758/2735/4874 4756/2732/4872 4701/2680/4817 4705/2682/4821 
f 4705/2682/4821 4709/2684/4825 4760/2736/4876 4758/2735/4874 
f 4758/2735/4874 4760/2736/4876 4761/2737/4877 4759/2734/4875 
f 4760/2736/4876 4762/2739/4878 4763/2738/4879 4761/2737/4877 
f 4762/2739/4878 4760/2736/4876 4709/2684/4825 4711/2688/4827 
f 4711/2688/4827 4715/2693/4831 4764/2740/4880 4762/2739/4878 
f 4762/2739/4878 4764/2740/4880 4765/2741/4881 4763/2738/4879 
f 4764/2740/4880 4766/2743/4882 4767/2742/4883 4765/2741/4881 
f 4766/2743/4882 4764/2740/4880 4715/2693/4831 4717/2694/4833 
f 4717/2694/4833 4721/2699/4837 4768/2744/4884 4766/2743/4882 
f 4766/2743/4882 4768/2744/4884 4769/2745/4885 4767/2742/4883 
f 4768/2744/4884 4770/2747/4886 4771/2746/4887 4769/2745/4885 
f 4770/2747/4886 4768/2744/4884 4721/2699/4837 4723/2700/4839 
f 4723/2700/4839 4727/2705/4843 4772/2748/4888 4770/2747/4886 
f 4770/2747/4886 4772/2748/4888 4773/2749/4889 4771/2746/4887 
f 4772/2748/4888 4774/2751/4890 4775/2750/4891 4773/2749/4889 
f 4774/2751/4890 4772/2748/4888 4727/2705/4843 4729/2706/4845 
f 4729/2706/4845 4738/2711/4854 4776/2752/4892 4774/2751/4890 
f 4774/2751/4890 4776/2752/4892 4777/2753/4893 4775/2750/4891 
f 4776/2752/4892 4778/2755/4894 4779/2754/4895 4777/2753/4893 
f 4778/2755/4894 4776/2752/4892 4738/2711/4854 4740/2712/4856 
f 4780/2757/4896 4781/2756/4897 4746/2722/4862 4745/2719/4861 
f 4782/2760/4898 4783/2759/4899 4784/2758/4900 4785/2761/4901 
f 4785/2761/4901 4786/2763/4902 4787/2762/4903 4782/2760/4898 
f 4786/2763/4902 4781/2756/4897 4788/2764/4904 4787/2762/4903 
f 4789/2765/4905 4746/2722/4862 4781/2756/4897 4786/2763/4902 
f 4781/2756/4897 4780/2757/4896 4790/2766/4906 4788/2764/4904 
f 4780/2757/4896 4791/2768/4907 4792/2767/4908 4790/2766/4906 
f 4791/2768/4907 4780/2757/4896 4745/2719/4861 4747/2723/4863 
f 4747/2723/4863 4749/2725/4865 4793/2769/4909 4791/2768/4907 
f 4791/2768/4907 4793/2769/4909 4794/2770/4910 4792/2767/4908 
f 4793/2769/4909 4795/2772/4911 4796/2771/4912 4794/2770/4910 
f 4795/2772/4911 4793/2769/4909 4749/2725/4865 4751/2726/4867 
f 4751/2726/4867 4753/2729/4869 4797/2773/4913 4795/2772/4911 
f 4795/2772/4911 4797/2773/4913 4798/2774/4914 4796/2771/4912 
f 4797/2773/4913 4799/2776/4915 4800/2775/4916 4798/2774/4914 
f 4799/2776/4915 4797/2773/4913 4753/2729/4869 4755/2730/4871 
f 4755/2730/4871 4757/2733/4873 4801/2777/4917 4799/2776/4915 
f 4799/2776/4915 4801/2777/4917 4802/2778/4918 4800/2775/4916 
f 4801/2777/4917 4803/2780/4919 4804/2779/4920 4802/2778/4918 
f 4803/2780/4919 4801/2777/4917 4757/2733/4873 4759/2734/4875 
f 4759/2734/4875 4761/2737/4877 4805/2781/4921 4803/2780/4919 
f 4803/2780/4919 4805/2781/4921 4806/2782/4922 4804/2779/4920 
f 4805/2781/4921 4807/2784/4923 4808/2783/4924 4806/2782/4922 
f 4807/2784/4923 4805/2781/4921 4761/2737/4877 4763/2738/4879 
f 4763/2738/4879 4765/2741/4881 4809/2785/4925 4807/2784/4923 
f 4807/2784/4923 4809/2785/4925 4810/2786/4926 4808/2783/4924 
f 4809/2785/4925 4811/2788/4927 4812/2787/4928 4810/2786/4926 
f 4811/2788/4927 4809/2785/4925 4765/2741/4881 4767/2742/4883 
f 4767/2742/4883 4769/2745/4885 4813/2789/4929 4811/2788/4927 
f 4811/2788/4927 4813/2789/4929 4814/2790/4930 4812/2787/4928 
f 4813/2789/4929 4815/2792/4931 4816/2791/4932 4814/2790/4930 
f 4815/2792/4931 4813/2789/4929 4769/2745/4885 4771/2746/4887 
f 4771/2746/4887 4773/2749/4889 4817/2793/4933 4815/2792/4931 
f 4815/2792/4931 4817/2793/4933 4818/2794/4934 4816/2791/4932 
f 4817/2793/4933 4819/2796/4935 4820/2795/4936 4818/2794/4934 
f 4819/2796/4935 4817/2793/4933 4773/2749/4889 4775/2750/4891 
f 4775/2750/4891 4777/2753/4893 4821/2797/4937 4819/2796/4935 
f 4819/2796/4935 4821/2797/4937 4822/2798/4938 4820/2795/4936 
f 4821/2797/4937 4823/2800/4939 4824/2799/4940 4822/2798/4938 
f 4823/2800/4939 4821/2797/4937 4777/2753/4893 4779/2754/4895 
f 4825/2802/4941 4826/2801/4942 4783/2759/4899 4782/2760/4898 
f 4827/2803/4943 4783/2759/4899 4826/2801/4942 4828/2804/4944 
f 4829/2806/4945 4830/2805/4946 4828/2804/4944 4826/2801/4942 
f 4826/2801/4942 4825/2802/4941 4831/2807/4947 4829/2806/4945 
f 4782/2760/4898 4787/2762/4903 4832/2808/4948 4825/2802/4941 
f 4825/2802/4941 4832/2808/4948 4833/2809/4949 4831/2807/4947 
f 4832/2808/4948 4834/2811/4950 4835/2810/4951 4833/2809/4949 
f 4834/2811/4950 4832/2808/4948 4787/2762/4903 4788/2764/4904 
f 4788/2764/4904 4790/2766/4906 4836/2812/4952 4834/2811/4950 
f 4834/2811/4950 4836/2812/4952 4837/2813/4953 4835/2810/4951 
f 4836/2812/4952 4838/2815/4954 4839/2814/4955 4837/2813/4953 
f 4838/2815/4954 4836/2812/4952 4790/2766/4906 4792/2767/4908 
f 4792/2767/4908 4794/2770/4910 4840/2816/4956 4838/2815/4954 
f 4838/2815/4954 4840/2816/4956 4841/2817/4957 4839/2814/4955 
f 4840/2816/4956 4842/2819/4958 4843/2818/4959 4841/2817/4957 
f 4842/2819/4958 4840/2816/4956 4794/2770/4910 4796/2771/4912 
f 4796/2771/4912 4798/2774/4914 4844/2820/4960 4842/2819/4958 
f 4842/2819/4958 4844/2820/4960 4845/2821/4961 4843/2818/4959 
f 4844/2820/4960 4846/2823/4962 4847/2822/4963 4845/2821/4961 
f 4846/2823/4962 4844/2820/4960 4798/2774/4914 4800/2775/4916 
f 4800/2775/4916 4802/2778/4918 4848/2825/4964 4846/2823/4962 
f 4846/2823/4962 4848/2825/4964 4849/2826/4965 4847/2822/4963 
f 4848/2825/4964 4850/2828/4966 4851/2827/4967 4849/2826/4965 
f 4850/2828/4966 4848/2825/4964 4802/2778/4918 4804/2779/4920 
f 4804/2779/4920 4806/2782/4922 4852/2829/4968 4850/2828/4966 
f 4850/2828/4966 4852/2829/4968 4853/2830/4969 4851/2827/4967 
f 4852/2829/4968 4854/2832/4970 4855/2831/4971 4853/2830/4969 
f 4854/2832/4970 4852/2829/4968 4806/2782/4922 4808/2783/4924 
f 4808/2783/4924 4810/2786/4926 4856/2833/4972 4854/2832/4970 
f 4854/2832/4970 4856/2833/4972 4857/2834/4973 4855/2831/4971 
f 4856/2833/4972 4858/2836/4974 4859/2835/4975 4857/2834/4973 
f 4858/2836/4974 4856/3431/4972 4810/2786/4926 4812/2787/4928 
f 4812/2787/4928 4814/2790/4930 4860/2837/4976 4858/2836/4974 
f 4858/2836/4974 4860/2837/4976 4861/2838/4977 4859/2835/4975 
f 4860/2837/4976 4862/2840/4978 4863/2839/4979 4861/2838/4977 
f 4862/2840/4978 4860/2837/4976 4814/2790/4930 4816/2791/4932 
f 4816/2791/4932 4818/2794/4934 4864/2841/4980 4862/2840/4978 
f 4862/2840/4978 4864/2841/4980 4865/2842/4981 4863/2839/4979 
f 4864/2841/4980 4866/2844/4982 4867/2843/4983 4865/2842/4981 
f 4866/2844/4982 4864/2841/4980 4818/2794/4934 4820/2795/4936 
f 4820/2795/4936 4822/2798/4938 4868/2845/4984 4866/2844/4982 
f 4866/2844/4982 4868/2845/4984 4869/2846/4985 4867/2843/4983 
f 4868/2845/4984 4870/2848/4986 4871/2847/4987 4869/2846/4985 
f 4870/2848/4986 4868/2845/4984 4822/2798/4938 4824/2799/4940 
f 4872/2850/4988 4873/2849/4989 4830/2805/4946 4829/2806/4945 
f 4874/2852/4990 4875/2851/4991 4873/2849/4989 4872/2850/4988 
f 4872/2850/4988 4876/2854/4992 4877/2853/4993 4874/2852/4990 
f 4876/2854/4992 4872/2850/4988 4829/2806/4945 4831/2807/4947 
f 4831/2807/4947 4833/2809/4949 4878/2855/4994 4876/2854/4992 
f 4876/2854/4992 4878/2855/4994 4879/2856/4995 4877/2853/4993 
f 4878/2855/4994 4880/2858/4996 4881/2857/4997 4879/2856/4995 
f 4880/2858/4996 4878/2855/4994 4833/2809/4949 4835/2810/4951 
f 4835/2810/4951 4837/2813/4953 4882/2859/4998 4880/2858/4996 
f 4880/2858/4996 4882/2859/4998 4883/2860/4999 4881/2857/4997 
f 4882/2859/4998 4884/2862/5000 4885/2861/5001 4883/2860/4999 
f 4884/2862/5000 4882/2859/4998 4837/2813/4953 4839/2814/4955 
f 4839/2814/4955 4841/2817/4957 4886/2863/5002 4884/2862/5000 
f 4884/2862/5000 4886/2863/5002 4887/2864/5003 4885/2861/5001 
f 4886/2863/5002 4888/2866/5004 4889/2865/5005 4887/2864/5003 
f 4888/2866/5004 4886/2863/5002 4841/2817/4957 4843/2818/4959 
f 4843/2818/4959 4845/2821/4961 4890/2867/5006 4888/2866/5004 
f 4888/2866/5004 4890/2867/5006 4891/2868/5007 4889/2865/5005 
f 4890/2867/5006 4892/2870/5008 4893/2869/5009 4891/2868/5007 
f 4892/2870/5008 4890/2867/5006 4845/2821/4961 4847/2822/4963 
f 4847/2822/4963 4849/2826/4965 4894/2871/5010 4892/2870/5008 
f 4892/2870/5008 4894/2871/5010 4895/2872/5011 4893/2869/5009 
f 4894/2871/5010 4896/2874/5012 4897/2873/5013 4895/2872/5011 
f 4896/2874/5012 4894/2871/5010 4849/2826/4965 4851/2827/4967 
f 4851/2827/4967 4853/2830/4969 4898/2875/5014 4896/2874/5012 
f 4896/2874/5012 4898/2875/5014 4899/2876/5015 4897/2873/5013 
f 4898/2875/5014 4900/2878/5016 4901/2877/5017 4899/2876/5015 
f 4900/2878/5016 4898/2875/5014 4853/2830/4969 4855/2831/4971 
f 4855/2831/4971 4857/2834/4973 4902/2879/5018 4900/2878/5016 
f 4900/2878/5016 4902/2879/5018 4903/2880/5019 4901/2877/5017 
f 4902/2879/5018 4904/2882/5020 4905/2881/5021 4903/2880/5019 
f 4904/2882/5020 4902/2879/5018 4857/2834/4973 4859/2835/4975 
f 4859/2835/4975 4861/2838/4977 4906/2883/5022 4904/2882/5020 
f 4904/2882/5020 4906/2883/5022 4907/2884/5023 4905/2881/5021 
f 4906/2883/5022 4908/2886/5024 4909/2885/5025 4907/2884/5023 
f 4908/2886/5024 4906/2883/5022 4861/2838/4977 4863/2839/4979 
f 4863/2839/4979 4865/2842/4981 4910/2887/5026 4908/2886/5024 
f 4908/2886/5024 4910/2887/5026 4911/2888/5027 4909/2885/5025 
f 4910/2887/5026 4912/2890/5028 4913/2889/5029 4911/2888/5027 
f 4912/2890/5028 4910/2887/5026 4865/2842/4981 4867/2843/4983 
f 4867/2843/4983 4869/2846/4985 4914/2891/5030 4912/2890/5028 
f 4912/2890/5028 4914/2891/5030 4915/2892/5031 4913/2889/5029 
f 4914/2891/5030 4916/2894/5032 4917/2893/5033 4915/2892/5031 
f 4916/2894/5032 4914/2891/5030 4869/2846/4985 4871/2847/4987 
f 4918/2896/5034 4919/2895/5035 4875/2851/4991 4874/2852/4990 
f 4920/2898/5036 4921/2897/5037 4919/2895/5035 4918/2896/5034 
f 4918/2896/5034 4922/2900/5038 4923/2899/5039 4920/2898/5036 
f 4922/2900/5038 4918/2896/5034 4874/2852/4990 4877/2853/4993 
f 4877/2853/4993 4879/2856/4995 4924/2901/5040 4922/2900/5038 
f 4922/2900/5038 4924/2901/5040 4925/2902/5041 4923/2899/5039 
f 4924/2901/5040 4926/2904/5042 4927/2903/5043 4925/2902/5041 
f 4926/2904/5042 4924/2901/5040 4879/2856/4995 4881/2857/4997 
f 4881/2857/4997 4883/2860/4999 4928/2905/5044 4926/2904/5042 
f 4926/2904/5042 4928/2905/5044 4929/2906/5045 4927/2903/5043 
f 4928/2905/5044 4930/2908/5046 4931/2907/5047 4929/2906/5045 
f 4930/2908/5046 4928/2905/5044 4883/2860/4999 4885/2861/5001 
f 4885/2861/5001 4887/2864/5003 4932/2909/5048 4930/2908/5046 
f 4930/2908/5046 4932/2909/5048 4933/2910/5049 4931/2907/5047 
f 4932/2909/5048 4934/2912/5050 4935/2911/5051 4933/2910/5049 
f 4934/2912/5050 4932/2909/5048 4887/2864/5003 4889/2865/5005 
f 4889/2865/5005 4891/2868/5007 4936/2913/5052 4934/2912/5050 
f 4934/2912/5050 4936/2913/5052 4937/2914/5053 4935/2911/5051 
f 4936/2913/5052 4938/2916/5054 4939/2915/5055 4937/2914/5053 
f 4938/2916/5054 4936/2913/5052 4891/2868/5007 4893/2869/5009 
f 4893/2869/5009 4895/2872/5011 4940/2917/5056 4938/2916/5054 
f 4938/2916/5054 4940/2917/5056 4941/2918/5057 4939/2915/5055 
f 4940/2917/5056 4942/2920/5058 4943/2919/5059 4941/2918/5057 
f 4942/2920/5058 4940/2917/5056 4895/2872/5011 4897/2873/5013 
f 4897/2873/5013 4899/2876/5015 4944/2921/5060 4942/2920/5058 
f 4942/2920/5058 4944/2921/5060 4945/2922/5061 4943/2919/5059 
f 4944/2921/5060 4946/2924/5062 4947/2923/5063 4945/2922/5061 
f 4946/2924/5062 4944/2921/5060 4899/2876/5015 4901/2877/5017 
f 4901/2877/5017 4903/2880/5019 4948/2925/5064 4946/2924/5062 
f 4946/2924/5062 4948/2925/5064 4949/2926/5065 4947/2923/5063 
f 4948/2925/5064 4950/2928/5066 4951/2927/5067 4949/2926/5065 
f 4950/2928/5066 4948/2925/5064 4903/2880/5019 4905/2881/5021 
f 4905/2881/5021 4907/2884/5023 4952/2929/5068 4950/2928/5066 
f 4950/2928/5066 4952/2929/5068 4953/2930/5069 4951/2927/5067 
f 4952/2929/5068 4954/2932/5070 4955/2931/5071 4953/2930/5069 
f 4954/2932/5070 4952/2929/5068 4907/2884/5023 4909/2885/5025 
f 4909/2885/5025 4911/2888/5027 4956/2933/5072 4954/2932/5070 
f 4954/2932/5070 4956/2933/5072 4957/2934/5073 4955/2931/5071 
f 4956/2933/5072 4958/2936/5074 4959/2935/5075 4957/2934/5073 
f 4958/2936/5074 4956/2933/5072 4911/2888/5027 4913/2889/5029 
f 4913/2889/5029 4915/2892/5031 4960/2937/5076 4958/2936/5074 
f 4958/2936/5074 4960/2937/5076 4961/2938/5077 4959/2935/5075 
f 4960/2937/5076 4962/2940/5078 4963/2939/5079 4961/2938/5077 
f 4962/2940/5078 4960/2937/5076 4915/2892/5031 4917/2893/5033 
f 4964/2942/5080 4965/2941/5081 4921/2897/5037 4920/2898/5036 
f 4966/2944/5082 4967/2943/5083 4965/2941/5081 4964/2942/5080 
f 4964/2942/5080 4968/2946/5084 4969/2945/5085 4966/2944/5082 
f 4968/2946/5084 4964/2942/5080 4920/2898/5036 4923/2899/5039 
f 4923/2899/5039 4925/2902/5041 4970/2947/5086 4968/2946/5084 
f 4968/2946/5084 4970/2947/5086 4971/2948/5087 4969/2945/5085 
f 4970/2947/5086 4972/2950/5088 4973/2949/5089 4971/2948/5087 
f 4972/2950/5088 4970/2947/5086 4925/2902/5041 4927/2903/5043 
f 4927/2903/5043 4929/2906/5045 4974/2951/5090 4972/2950/5088 
f 4972/2950/5088 4974/2951/5090 4975/2952/5091 4973/2949/5089 
f 4974/2951/5090 4976/2954/5092 4977/2953/5093 4975/2952/5091 
f 4976/2954/5092 4974/2951/5090 4929/2906/5045 4931/2907/5047 
f 4931/2907/5047 4933/2910/5049 4978/2955/5094 4976/2954/5092 
f 4976/2954/5092 4978/2955/5094 4979/2956/5095 4977/2953/5093 
f 4978/2955/5094 4980/2958/5096 4981/2957/5097 4979/2956/5095 
f 4980/2958/5096 4978/2955/5094 4933/2910/5049 4935/2911/5051 
f 4935/2911/5051 4937/2914/5053 4982/2959/5098 4980/2958/5096 
f 4980/2958/5096 4982/2959/5098 4983/2960/5099 4981/2957/5097 
f 4982/2959/5098 4984/2962/5100 4985/2961/5101 4983/2960/5099 
f 4984/2962/5100 4982/2959/5098 4937/2914/5053 4939/2915/5055 
f 4939/2915/5055 4941/2918/5057 4986/2963/5102 4984/2962/5100 
f 4984/2962/5100 4986/2963/5102 4987/2964/5103 4985/2961/5101 
f 4986/2963/5102 4988/2966/5104 4989/2965/5105 4987/2964/5103 
f 4988/2966/5104 4986/2963/5102 4941/2918/5057 4943/2919/5059 
f 4943/2919/5059 4945/2922/5061 4990/2967/5106 4988/2966/5104 
f 4988/2966/5104 4990/2967/5106 4991/2968/5107 4989/2965/5105 
f 4990/2967/5106 4992/2970/5108 4993/2969/5109 4991/2968/5107 
f 4992/2970/5108 4990/2967/5106 4945/2922/5061 4947/2923/5063 
f 4947/2923/5063 4949/2926/5065 4994/2971/5110 4992/2970/5108 
f 4992/2970/5108 4994/2971/5110 4995/2972/5111 4993/2969/5109 
f 4994/2971/5110 4996/2974/5112 4997/2973/5113 4995/2972/5111 
f 4996/2974/5112 4994/2971/5110 4949/2926/5065 4951/2927/5067 
f 4951/2927/5067 4953/2930/5069 4998/2975/5114 4996/2974/5112 
f 4996/2974/5112 4998/2975/5114 4999/2976/5115 4997/2973/5113 
f 4998/2975/5114 5000/2978/5116 5001/2977/5117 4999/2976/5115 
f 5000/2978/5116 4998/2975/5114 4953/2930/5069 4955/2931/5071 
f 4955/2931/5071 4957/2934/5073 5002/2979/5118 5000/2978/5116 
f 5000/2978/5116 5002/2979/5118 5003/2980/5119 5001/2977/5117 
f 5002/2979/5118 5004/2982/5120 5005/2981/5121 5003/2980/5119 
f 5004/2982/5120 5002/2979/5118 4957/2934/5073 4959/2935/5075 
f 4959/2935/5075 4961/2938/5077 5006/2983/5122 5004/2982/5120 
f 5004/2982/5120 5006/2983/5122 5007/2984/5123 5005/2981/5121 
f 5006/2983/5122 5008/2986/5124 5009/2985/5125 5007/2984/5123 
f 5008/2986/5124 5006/2983/5122 4961/2938/5077 4963/2939/5079 
f 5010/2988/5126 5011/2987/5127 4967/2943/5083 4966/2944/5082 
f 4688/2669/4804 4656/2630/4772 5011/2987/5127 5010/2988/5126 
f 5010/2988/5126 5012/2989/5128 4689/2668/4805 4688/2669/4804 
f 5012/2989/5128 5010/2988/5126 4966/2944/5082 4969/2945/5085 
f 4969/2945/5085 4971/2948/5087 5013/2990/5129 5012/2989/5128 
f 5012/2989/5128 5013/2990/5129 5014/2991/5130 4689/2668/4805 
f 5013/2990/5129 5015/2993/5131 5016/2992/5132 5014/2991/5130 
f 5015/2993/5131 5013/2990/5129 4971/2948/5087 4973/2949/5089 
f 4973/2949/5089 4975/2952/5091 5017/2994/5133 5015/2993/5131 
f 5015/2993/5131 5017/2994/5133 5018/2995/5134 5016/2992/5132 
f 5017/2994/5133 5019/2997/5135 5020/2996/5136 5018/2995/5134 
f 5019/2997/5135 5017/2994/5133 4975/2952/5091 4977/2953/5093 
f 4977/2953/5093 4979/2956/5095 5021/2998/5137 5019/2997/5135 
f 5019/2997/5135 5021/2998/5137 5022/2999/5138 5020/2996/5136 
f 5021/2998/5137 5023/3001/5139 5024/3000/5140 5022/2999/5138 
f 5023/3001/5139 5021/2998/5137 4979/2956/5095 4981/2957/5097 
f 4981/2957/5097 4983/2960/5099 5025/3002/5141 5023/3001/5139 
f 5023/3001/5139 5025/3002/5141 5026/3003/5142 5024/3000/5140 
f 5025/3002/5141 5027/3005/5143 5028/3004/5144 5026/3003/5142 
f 5027/3005/5143 5025/3002/5141 4983/2960/5099 4985/2961/5101 
f 4985/2961/5101 4987/2964/5103 5029/3006/5145 5027/3005/5143 
f 5027/3005/5143 5029/3006/5145 5030/3007/5146 5028/3004/5144 
f 5029/3006/5145 5031/3009/5147 5032/3008/5148 5030/3007/5146 
f 5031/3009/5147 5029/3006/5145 4987/2964/5103 4989/2965/5105 
f 4989/2965/5105 4991/2968/5107 5033/3010/5149 5031/3009/5147 
f 5031/3009/5147 5033/3010/5149 5034/3011/5150 5032/3008/5148 
f 5033/3010/5149 5035/3013/5151 5036/3012/5152 5034/3011/5150 
f 5035/3013/5151 5033/3010/5149 4991/2968/5107 4993/2969/5109 
f 4993/2969/5109 4995/2972/5111 5037/3014/5153 5035/3013/5151 
f 5035/3013/5151 5037/3014/5153 5038/3015/5154 5036/3012/5152 
f 5037/3014/5153 5039/3017/5155 5040/3016/5156 5038/3015/5154 
f 5039/3017/5155 5037/3014/5153 4995/2972/5111 4997/2973/5113 
f 4997/2973/5113 4999/2976/5115 5041/3018/5157 5039/3017/5155 
f 5039/3017/5155 5041/3018/5157 5042/3019/5158 5040/3016/5156 
f 5041/3018/5157 5043/3021/5159 5044/3020/5160 5042/3019/5158 
f 5043/3021/5159 5041/3018/5157 4999/2976/5115 5001/2977/5117 
f 5001/2977/5117 5003/2980/5119 5045/3022/5161 5043/3021/5159 
f 5043/3021/5159 5045/3022/5161 5046/3023/5162 5044/3020/5160 
f 5045/3022/5161 5047/3025/5163 5048/3024/5164 5046/3023/5162 
f 5047/3025/5163 5045/3022/5161 5003/2980/5119 5005/2981/5121 
f 5005/2981/5121 5007/2984/5123 5049/3026/5165 5047/3025/5163 
f 5047/3025/5163 5049/3026/5165 5050/3027/5166 5048/3024/5164 
f 5049/3026/5165 5051/3029/5167 5052/3028/5168 5050/3027/5166 
f 5051/3029/5167 5049/3026/5165 5007/2984/5123 5009/2985/5125 
f 4656/2630/4772 4688/2669/4804 4686/2666/4802 4654/2667/4770 
f 5053/3032/5169 5054/3031/5170 4579/3030/4695 4687/3033/4803 
f 5054/3031/5170 5053/3032/5169 5014/2991/5130 5016/2992/5132 
f 4689/2668/4805 5014/2991/5130 5053/3032/5169 4687/3033/4803 
f 5055/3036/5171 5056/3035/5172 4579/3034/4695 5054/3037/5170 
f 5056/3035/5172 5055/3036/5171 5018/2995/5134 5020/2996/5136 
f 5016/2992/5132 5018/2995/5134 5055/3036/5171 5054/3037/5170 
f 5057/3040/5173 5058/3039/5174 4579/3038/4695 5056/3041/5172 
f 5058/3039/5174 5057/3040/5173 5022/2999/5138 5024/3000/5140 
f 5020/2996/5136 5022/2999/5138 5057/3040/5173 5056/3041/5172 
f 5059/3044/5175 5060/3043/5176 4579/3042/4695 5058/3045/5174 
f 5060/3043/5176 5059/3044/5175 5026/3003/5142 5028/3004/5144 
f 5024/3000/5140 5026/3003/5142 5059/3044/5175 5058/3045/5174 
f 5061/3048/5177 5062/3047/5178 4579/3046/4695 5060/3049/5176 
f 5062/3047/5178 5061/3048/5177 5030/3007/5146 5032/3008/5148 
f 5028/3004/5144 5030/3007/5146 5061/3048/5177 5060/3049/5176 
f 5063/3052/5179 5064/3051/5180 4579/3050/4695 5062/3053/5178 
f 5064/3051/5180 5063/3052/5179 5034/3011/5150 5036/3012/5152 
f 5032/3008/5148 5034/3011/5150 5063/3052/5179 5062/3053/5178 
f 5065/3056/5181 5066/3055/5182 4579/3054/4695 5064/3057/5180 
f 5066/3055/5182 5065/3056/5181 5038/3015/5154 5040/3016/5156 
f 5036/3012/5152 5038/3015/5154 5065/3056/5181 5064/3057/5180 
f 5067/3060/5183 5068/3059/5184 4579/3058/4695 5066/3061/5182 
f 5068/3059/5184 5067/3060/5183 5042/3019/5158 5044/3020/5160 
f 5040/3016/5156 5042/3019/5158 5067/3060/5183 5066/3061/5182 
f 5069/3064/5185 5070/3063/5186 4579/3062/4695 5068/3065/5184 
f 5070/3063/5186 5069/3064/5185 5046/3023/5162 5048/3024/5164 
f 5044/3020/5160 5046/3023/5162 5069/3064/5185 5068/3065/5184 
f 5071/3068/5187 5072/3067/5188 4579/3066/4695 5070/3069/5186 
f 5073/3071/5189 5074/3070/5190 5072/3067/5188 5071/3068/5187 
f 5052/3028/5168 5073/3071/5189 5071/3068/5187 5050/3027/5166 
f 5050/3027/5166 5071/3068/5187 5070/3069/5186 5048/3024/5164 
f 5075/3074/5191 5076/3073/5192 4579/3072/4695 5072/3075/5188 
f 5077/3076/5193 4564/2506/4680 5076/3073/5192 5075/3074/5191 
f 5075/3074/5191 5078/3078/5194 5079/3077/5195 5077/3076/5193 
f 5080/3081/5196 5081/3080/5197 5082/3079/5198 5083/3082/5199 
f 5081/3080/5197 5084/3084/5200 5085/3083/5201 5082/3079/5198 
f 5086/3086/5202 5087/3085/5203 5083/3082/5199 5082/3079/5198 
f 5088/3088/5204 5089/3087/5205 5087/3085/5203 5086/3086/5202 
f 5086/3086/5202 5090/3090/5206 5091/3089/5207 5088/3088/5204 
f 5090/3090/5206 5086/3086/5202 5082/3079/5198 5085/3083/5201 
f 5092/3092/5208 5093/3091/5209 5089/3087/5205 5088/3088/5204 
f 5094/3094/5210 5095/3093/5211 5093/3091/5209 5092/3092/5208 
f 5092/3092/5208 5096/3096/5212 5097/3095/5213 5094/3094/5210 
f 5096/3096/5212 5092/3092/5208 5088/3088/5204 5091/3089/5207 
f 5098/3098/5214 5099/3097/5215 5095/3093/5211 5094/3094/5210 
f 5100/3100/5216 5101/3099/5217 5099/3097/5215 5098/3098/5214 
f 5098/3098/5214 5102/3102/5218 5103/3101/5219 5100/3100/5216 
f 5102/3102/5218 5098/3098/5214 5094/3094/5210 5097/3095/5213 
f 5104/3104/5220 5105/3103/5221 5101/3099/5217 5100/3100/5216 
f 5106/3106/5222 5107/3105/5223 5105/3103/5221 5104/3104/5220 
f 5104/3104/5220 5108/3108/5224 5109/3107/5225 5106/3106/5222 
f 5108/3108/5224 5104/3104/5220 5100/3100/5216 5103/3101/5219 
f 5110/3110/5226 5111/3109/5227 5107/3105/5223 5106/3106/5222 
f 5112/3112/5228 5113/3111/5229 5111/3109/5227 5110/3110/5226 
f 5110/3110/5226 5114/3114/5230 5115/3113/5231 5112/3112/5228 
f 5114/3114/5230 5110/3110/5226 5106/3106/5222 5109/3107/5225 
f 5116/3116/5232 5117/3115/5233 5113/3111/5229 5112/3112/5228 
f 5118/3118/5234 5119/3117/5235 5117/3115/5233 5116/3116/5232 
f 5116/3116/5232 5120/3120/5236 5121/3119/5237 5118/3118/5234 
f 5120/3120/5236 5116/3116/5232 5112/3112/5228 5115/3113/5231 
f 5122/3122/5238 5123/3121/5239 5119/3117/5235 5118/3118/5234 
f 5124/3124/5240 5125/3123/5241 5123/3121/5239 5122/3122/5238 
f 5122/3122/5238 5126/3126/5242 5127/3125/5243 5124/3124/5240 
f 5126/3126/5242 5122/3122/5238 5118/3118/5234 5121/3119/5237 
f 5128/3128/5244 5129/3127/5245 5125/3123/5241 5124/3124/5240 
f 5078/3078/5194 5074/3070/5190 5129/3127/5245 5128/3128/5244 
f 5128/3128/5244 5130/3129/5246 5079/3077/5195 5078/3078/5194 
f 5130/3129/5246 5128/3128/5244 5124/3124/5240 5127/3125/5243 
f 5078/3078/5194 5075/3074/5191 5072/3075/5188 5074/3070/5190 
f 5131/3132/5247 5132/3131/5248 4579/3130/4695 5076/3133/5192 
f 5132/3131/5248 5131/3132/5247 4563/2507/4679 4566/2508/4682 
f 4564/2506/4680 4563/2507/4679 5131/3132/5247 5076/3133/5192 
f 5133/3136/5249 5134/3135/5250 4579/3134/4695 5132/3137/5248 
f 5134/3135/5250 5133/3136/5249 4568/2511/4684 4570/2512/4686 
f 4566/2508/4682 4568/2511/4684 5133/3136/5249 5132/3137/5248 
f 5135/3140/5251 5136/3139/5252 4579/3138/4695 5134/3141/5250 
f 5136/3139/5252 5135/3140/5251 4572/2515/4688 4574/2516/4690 
f 4570/2512/4686 4572/2515/4688 5135/3140/5251 5134/3141/5250 
f 4579/3144/4695 5136/3143/5252 5137/3142/5253 4580/3145/4696 
f 4580/3145/4696 5137/3142/5253 4576/2519/4692 4554/2520/4670 
f 4574/2516/4690 4576/2519/4692 5137/3142/5253 5136/3143/5252 
f 5138/3147/5254 5139/3146/5255 4736/2714/4852 4735/2716/4851 
f 5139/3146/5255 5138/3147/5254 5080/3081/5196 5083/3082/5199 
f 5140/3149/5256 5141/3148/5257 4740/2712/4856 4739/2713/4855 
f 5141/3148/5257 5140/3149/5256 5087/3085/5203 5089/3087/5205 
f 5083/3082/5199 5087/3085/5203 5140/3149/5256 5139/3146/5255 
f 5139/3146/5255 5140/3149/5256 4739/2713/4855 4736/2714/4852 
f 5142/3151/5258 5143/3150/5259 4779/2754/4895 4778/2755/4894 
f 5143/3150/5259 5142/3151/5258 5093/3091/5209 5095/3093/5211 
f 5089/3087/5205 5093/3091/5209 5142/3151/5258 5141/3148/5257 
f 5141/3148/5257 5142/3151/5258 4778/2755/4894 4740/2712/4856 
f 5144/3153/5260 5145/3152/5261 4824/2799/4940 4823/2800/4939 
f 5145/3152/5261 5144/3153/5260 5099/3097/5215 5101/3099/5217 
f 5095/3093/5211 5099/3097/5215 5144/3153/5260 5143/3150/5259 
f 5143/3150/5259 5144/3153/5260 4823/2800/4939 4779/2754/4895 
f 5146/3155/5262 5147/3154/5263 4871/2847/4987 4870/2848/4986 
f 5147/3154/5263 5146/3155/5262 5105/3103/5221 5107/3105/5223 
f 5101/3099/5217 5105/3103/5221 5146/3155/5262 5145/3152/5261 
f 5145/3152/5261 5146/3155/5262 4870/2848/4986 4824/2799/4940 
f 5148/3157/5264 5149/3156/5265 4917/2893/5033 4916/2894/5032 
f 5149/3156/5265 5148/3157/5264 5111/3109/5227 5113/3111/5229 
f 5107/3105/5223 5111/3109/5227 5148/3157/5264 5147/3154/5263 
f 5147/3154/5263 5148/3157/5264 4916/2894/5032 4871/2847/4987 
f 5150/3159/5266 5151/3158/5267 4963/2939/5079 4962/2940/5078 
f 5151/3158/5267 5150/3159/5266 5117/3115/5233 5119/3117/5235 
f 5113/3111/5229 5117/3115/5233 5150/3159/5266 5149/3156/5265 
f 5149/3156/5265 5150/3159/5266 4962/2940/5078 4917/2893/5033 
f 5152/3161/5268 5153/3160/5269 5009/2985/5125 5008/2986/5124 
f 5153/3160/5269 5152/3161/5268 5123/3121/5239 5125/3123/5241 
f 5119/3117/5235 5123/3121/5239 5152/3161/5268 5151/3158/5267 
f 5151/3158/5267 5152/3161/5268 5008/2986/5124 4963/2939/5079 
f 5052/3028/5168 5051/3029/5167 5154/3162/5270 5073/3071/5189 
f 5073/3071/5189 5154/3162/5270 5129/3127/5245 5074/3070/5190 
f 5125/3123/5241 5129/3127/5245 5154/3162/5270 5153/3160/5269 
f 5153/3160/5269 5154/3162/5270 5051/3029/5167 5009/2985/5125 
f 5155/3164/5271 5156/3163/5272 5085/3083/5201 5084/3084/5200 
f 5156/3163/5272 5155/3164/5271 4339/2281/4455 4342/2282/4458 
f 5157/3166/5273 5158/3165/5274 5091/3089/5207 5090/3090/5206 
f 5158/3165/5274 5157/3166/5273 4366/2295/4482 4368/2297/4484 
f 4342/2282/4458 4366/2295/4482 5157/3166/5273 5156/3163/5272 
f 5156/3163/5272 5157/3166/5273 5090/3090/5206 5085/3083/5201 
f 5159/3168/5275 5160/3167/5276 5097/3095/5213 5096/3096/5212 
f 5160/3167/5276 5159/3168/5275 4406/2335/4522 4408/2337/4524 
f 4368/2297/4484 4406/2335/4522 5159/3168/5275 5158/3165/5274 
f 5158/3165/5274 5159/3168/5275 5096/3096/5212 5091/3089/5207 
f 5161/3170/5277 5162/3169/5278 5103/3101/5219 5102/3102/5218 
f 5162/3169/5278 5161/3170/5277 4432/2363/4548 4434/2365/4550 
f 4408/2337/4524 4432/2363/4548 5161/3170/5277 5160/3167/5276 
f 5160/3167/5276 5161/3170/5277 5102/3102/5218 5097/3095/5213 
f 5163/3172/5279 5164/3171/5280 5109/3107/5225 5108/3108/5224 
f 5164/3171/5280 5163/3172/5279 4458/2391/4574 4460/2393/4576 
f 4434/2365/4550 4458/2391/4574 5163/3172/5279 5162/3169/5278 
f 5162/3169/5278 5163/3172/5279 5108/3108/5224 5103/3101/5219 
f 5165/3174/5281 5166/3173/5282 5115/3113/5231 5114/3114/5230 
f 4484/2420/4600 4486/3432/4602 5166/3173/5282 5165/3174/5281 
f 4460/2393/4576 4484/2420/4600 5165/3174/5281 5164/3171/5280 
f 5164/3171/5280 5165/3174/5281 5114/3114/5230 5109/3107/5225 
f 5167/3176/5283 5168/3175/5284 5121/3119/5237 5120/3120/5236 
f 5168/3175/5284 5167/3176/5283 4510/2448/4626 4512/2450/4628 
f 4486/2422/4602 4510/2448/4626 5167/3176/5283 5166/3173/5282 
f 5166/3173/5282 5167/3176/5283 5120/3120/5236 5115/3113/5231 
f 5169/3178/5285 5170/3177/5286 5127/3125/5243 5126/3126/5242 
f 5170/3177/5286 5169/3178/5285 4536/2476/4652 4538/2478/4654 
f 4512/2450/4628 4536/2476/4652 5169/3178/5285 5168/3175/5284 
f 5168/3175/5284 5169/3178/5285 5126/3126/5242 5121/3119/5237 
f 5079/3077/5195 5130/3129/5246 5171/3179/5287 5077/3076/5193 
f 5077/3076/5193 5171/3179/5287 4562/2504/4678 4564/2506/4680 
f 4538/2478/4654 4562/2504/4678 5171/3179/5287 5170/3177/5286 
f 5170/3177/5286 5171/3179/5287 5130/3129/5246 5127/3125/5243 
f 5172/3183/5288 5173/3182/5289 4601/2549/4717 4600/2550/4716 
f 5173/3182/5289 5172/3183/5288 4055/1991/4171 4057/1992/4173 
f 5172/3183/5288 5174/3180/5290 4052/1990/4168 4055/1991/4171 
f 5174/3180/5290 5172/3183/5288 4600/2550/4716 4595/2543/4711 
f 5175/3185/5291 5176/3184/5292 4607/2555/4723 4606/2556/4722 
f 5176/3184/5292 5175/3185/5291 4079/2016/4195 4081/2018/4197 
f 4057/1992/4173 4079/2016/4195 5175/3185/5291 5173/3182/5289 
f 5173/3182/5289 5175/3185/5291 4606/2556/4722 4601/2549/4717 
f 5177/3187/5293 5178/3186/5294 4613/2561/4729 4612/2562/4728 
f 5178/3186/5294 5177/3187/5293 4138/2075/4254 4140/2077/4256 
f 4081/2018/4197 4138/2075/4254 5177/3187/5293 5176/3184/5292 
f 5176/3184/5292 5177/3187/5293 4612/2562/4728 4607/2555/4723 
f 5179/3189/5295 5180/3188/5296 4619/2567/4735 4618/2568/4734 
f 5180/3188/5296 5179/3189/5295 4188/2125/4304 4190/2127/4306 
f 4140/2077/4256 4188/2125/4304 5179/3189/5295 5178/3186/5294 
f 5178/3186/5294 5179/3189/5295 4618/2568/4734 4613/2561/4729 
f 5181/3191/5297 5182/3190/5298 4625/2573/4741 4624/2574/4740 
f 5182/3190/5298 5181/3191/5297 4238/2176/4354 4240/2178/4356 
f 4190/2127/4306 4238/2176/4354 5181/3191/5297 5180/3188/5296 
f 5180/3188/5296 5181/3191/5297 4624/2574/4740 4619/2567/4735 
f 4589/2537/4705 4628/2577/4744 5183/3192/5299 4587/2536/4703 
f 4587/2536/4703 5183/3192/5299 4288/2227/4404 4290/2229/4406 
f 4240/2178/4356 4288/2227/4404 5183/3192/5299 5182/3190/5298 
f 5182/3190/5298 5183/3192/5299 4628/2577/4744 4625/2573/4741 
f 5184/3194/5300 5185/3193/5301 4404/2332/4520 4403/2333/4519 
f 5185/3193/5301 5184/3194/5300 4590/2541/4706 4593/2542/4709 
f 5186/3195/5302 5184/3194/5300 4403/2333/4519 4392/2334/4508 
f 5187/3197/5303 5188/3196/5304 4430/2361/4546 4429/2362/4545 
f 5188/3196/5304 5187/3197/5303 4597/2545/4713 4599/2547/4715 
f 4593/2542/4709 4597/2545/4713 5187/3197/5303 5185/3193/5301 
f 5185/3193/5301 5187/3197/5303 4429/2362/4545 4404/2332/4520 
f 5189/3199/5305 5190/3198/5306 4456/2389/4572 4455/2390/4571 
f 5190/3198/5306 5189/3199/5305 4603/2551/4719 4605/2553/4721 
f 4599/2547/4715 4603/2551/4719 5189/3199/5305 5188/3196/5304 
f 5188/3196/5304 5189/3199/5305 4455/2390/4571 4430/2361/4546 
f 5191/3201/5307 5192/3200/5308 4482/2418/4598 4481/2419/4597 
f 5192/3200/5308 5191/3201/5307 4609/2557/4725 4611/2559/4727 
f 4605/2553/4721 4609/2557/4725 5191/3201/5307 5190/3198/5306 
f 5190/3198/5306 5191/3201/5307 4481/2419/4597 4456/2389/4572 
f 5193/3203/5309 5194/3202/5310 4508/2446/4624 4507/2447/4623 
f 5194/3202/5310 5193/3203/5309 4615/2563/4731 4617/2565/4733 
f 4611/2559/4727 4615/2563/4731 5193/3203/5309 5192/3200/5308 
f 5192/3200/5308 5193/3203/5309 4507/2447/4623 4482/2418/4598 
f 5195/3205/5311 5196/3204/5312 4534/2474/4650 4533/2475/4649 
f 5196/3204/5312 5195/3205/5311 4621/2569/4737 4623/2571/4739 
f 4617/2565/4733 4621/2569/4737 5195/3205/5311 5194/3202/5310 
f 5194/3202/5310 5195/3205/5311 4533/2475/4649 4508/2446/4624 
f 4560/2502/4676 4559/2503/4675 5197/3206/5313 4583/2531/4699 
f 4583/2531/4699 5197/3206/5313 4627/2575/4743 4584/2530/4700 
f 4623/2571/4739 4627/2575/4743 5197/3206/5313 5196/3204/5312 
f 5196/3204/5312 5197/3206/5313 4559/2503/4675 4534/2474/4650 
f 5198/3208/5314 5199/3207/5315 4136/2071/4252 4135/2072/4251 
f 5199/3207/5315 5198/3208/5314 4659/2637/4775 4662/2638/4778 
f 5200/3211/5316 5201/3210/5317 4186/2123/4302 4185/2124/4301 
f 5201/3210/5317 5200/3211/5316 4666/2643/4782 4668/2645/4784 
f 4662/2638/4778 4666/2643/4782 5200/3211/5316 5199/3207/5315 
f 5199/3207/5315 5200/3211/5316 4185/2124/4301 4136/2071/4252 
f 5202/3213/5318 5203/3212/5319 4236/2174/4352 4235/2175/4351 
f 5203/3212/5319 5202/3213/5318 4672/2649/4788 4674/2651/4790 
f 4668/2645/4784 4672/2649/4788 5202/3213/5318 5201/3210/5317 
f 5201/3210/5317 5202/3213/5318 4235/2175/4351 4186/2123/4302 
f 5204/3215/5320 5205/3214/5321 4286/2225/4402 4285/2226/4401 
f 5205/3214/5321 5204/3215/5320 4678/2655/4794 4680/2657/4796 
f 4674/2651/4790 4678/2655/4794 5204/3215/5320 5203/3212/5319 
f 5203/3212/5319 5204/3215/5320 4285/2226/4401 4236/2174/4352 
f 4336/2275/4452 4335/2276/4451 5206/3216/5322 4651/2625/4767 
f 4651/2625/4767 5206/3216/5322 4684/2661/4800 4652/2624/4768 
f 4680/2657/4796 4684/2661/4800 5206/3216/5322 5205/3214/5321 
f 5205/3214/5321 5206/3216/5322 4335/2276/4451 4286/2225/4402 
f 5207/3218/5323 5208/3217/5324 4664/2640/4780 4663/2641/4779 
f 5208/3217/5324 5207/3218/5323 4828/2804/4944 4830/2805/4946 
f 5207/3218/5323 5209/3219/5325 4827/2803/4943 4828/2804/4944 
f 4663/2641/4779 5210/2642/5326 5209/3219/5325 5207/3218/5323 
f 5211/3221/5327 5212/3220/5328 4670/2647/4786 4669/2648/4785 
f 5212/3220/5328 5211/3221/5327 4873/2849/4989 4875/2851/4991 
f 4830/2805/4946 4873/2849/4989 5211/3221/5327 5208/3217/5324 
f 5208/3217/5324 5211/3221/5327 4669/2648/4785 4664/2640/4780 
f 5213/3223/5329 5214/3222/5330 4676/2653/4792 4675/2654/4791 
f 5214/3222/5330 5213/3223/5329 4919/2895/5035 4921/2897/5037 
f 4875/2851/4991 4919/2895/5035 5213/3223/5329 5212/3220/5328 
f 5212/3220/5328 5213/3223/5329 4675/2654/4791 4670/2647/4786 
f 5215/3225/5331 5216/3224/5332 4682/2659/4798 4681/2660/4797 
f 5216/3224/5332 5215/3225/5331 4965/2941/5081 4967/2943/5083 
f 4921/2897/5037 4965/2941/5081 5215/3225/5331 5214/3222/5330 
f 5214/3222/5330 5215/3225/5331 4681/2660/4797 4676/2653/4792 
f 4658/2632/4774 4685/2663/4801 5217/3226/5333 4655/2631/4771 
f 4655/2631/4771 5217/3226/5333 5011/2987/5127 4656/2630/4772 
f 4967/2943/5083 5011/2987/5127 5217/3226/5333 5216/3224/5332 
f 5216/3224/5332 5217/3226/5333 4685/2663/4801 4682/2659/4798 
f 5218/3433/5334 5219/3434/5335 5209/3219/5325 5210/2642/5326 
f 5218/3433/5334 5210/2642/5326 5220/3435/5336 
f 5210/2642/5326 5221/3436/5337 5222/3437/5338 5220/3435/5336 
f 5221/3436/5337 5210/2642/5326 4663/2641/4779 5223/3438/5339 
f 4660/2634/4776 5224/3439/5340 5223/3438/5339 4663/2641/4779 
f 5225/3440/5341 5224/3439/5340 4660/2634/4776 4659/2637/4775 
f 5225/3440/5341 4659/2637/4775 5226/3441/5342 
f 5227/3442/5343 5226/3441/5342 4659/2637/4775 5198/3208/5314 
f 5227/3442/5343 5198/3208/5314 5228/3443/5344 
f 5229/3444/5345 5228/3443/5344 5198/3208/5314 4135/2072/4251 
f 5229/3444/5345 4135/2072/4251 5230/3445/5346 
f 5231/3446/5347 5232/3447/5348 4125/2062/4241 4123/2059/4239 
f 5231/3446/5347 4123/2059/4239 5233/3448/5349 
f 5234/3449/5350 5235/3450/5351 4131/2068/4247 4129/2066/4245 
f 5234/3449/5350 4129/2066/4245 5236/3451/5352 
f 5237/3452/5353 5238/3453/5354 4133/2070/4249 4131/2068/4247 
f 5237/3452/5353 4131/2068/4247 5235/3450/5351 
f 5239/3454/5355 5230/3445/5346 4135/2072/4251 4133/2070/4249 
f 5239/3454/5355 4133/2070/4249 5238/3453/5354 
f 5240/3455/5356 5241/3456/5357 4127/2064/4243 4125/2062/4241 
f 5240/3455/5356 4125/2062/4241 5232/3447/5348 
f 5242/3457/5358 5236/3451/5352 4129/2066/4245 4127/2064/4243 
f 5242/3457/5358 4127/2064/4243 5241/3456/5357 
f 5243/3458/5359 4120/3410/4236 4118/2054/4234 
f 5244/3459/5360 5233/3448/5349 4123/2059/4239 4119/2055/4235 
f 5244/3459/5360 4119/2055/4235 4121/3411/4237 
f 5245/3460/5361 5246/3461/5362 4112/2048/4228 4107/2044/4223 
f 5245/3460/5361 4107/2044/4223 5247/3462/5363 
f 5248/3463/5364 5249/3464/5365 4113/2050/4229 4112/2048/4228 
f 5248/3463/5364 4112/2048/4228 5246/3461/5362 
f 5250/3465/5366 5243/3458/5359 4118/2054/4234 4113/2050/4229 
f 5250/3465/5366 4113/2050/4229 5249/3464/5365 
f 5251/3466/5367 5247/3462/5363 4107/2044/4223 4106/2042/4222 
f 5251/3466/5367 4106/2042/4222 5252/3467/5368 
f 5253/3468/5369 5252/3467/5368 4106/2042/4222 4101/2014/4217 
f 5253/3468/5369 4101/2014/4217 5254/3469/5370 
f 5255/3470/5371 4052/1990/4168 5174/3180/5290 5256/3471/5372 
f 5174/3180/5290 5257/3472/5373 5256/3471/5372 
f 5258/3473/5374 5259/3474/5375 4053/1989/4169 4052/1990/4168 
f 5258/3473/5374 4052/1990/4168 5255/3470/5371 
f 5257/3472/5373 5174/3180/5290 4595/2543/4711 5260/3475/5376 
f 4595/2543/4711 4594/2544/4710 5261/3476/5377 5260/3475/5376 
f 5262/3477/5378 4076/3408/4192 4073/2009/4189 
f 5263/3478/5379 5254/3469/5370 4101/2014/4217 4100/2012/4216 
f 5263/3478/5379 4100/2012/4216 5264/3479/5380 
f 5265/3480/5381 5264/3479/5380 4100/2012/4216 4075/2010/4191 
f 5265/3480/5381 4075/2010/4191 4077/3409/4193 
f 5266/3481/5382 5262/3477/5378 4073/2009/4189 4071/2007/4187 
f 5266/3481/5382 4071/2007/4187 5267/3482/5383 
f 5268/3483/5384 5267/3482/5383 4071/2007/4187 4069/2005/4185 
f 5268/3483/5384 4069/2005/4185 5269/3484/5385 
f 5270/3485/5386 5271/3486/5387 4065/2001/4181 4061/1997/4177 
f 5270/3485/5386 4061/1997/4177 4063/3407/4179 
f 5272/3487/5388 4062/3406/4178 4060/1996/4176 
f 5273/3488/5389 5272/3487/5388 4060/1996/4176 4053/1989/4169 
f 5273/3488/5389 4053/1989/4169 5259/3474/5375 
f 5274/3489/5390 5269/3484/5385 4069/2005/4185 4067/2003/4183 
f 5274/3489/5390 4067/2003/4183 5275/3490/5391 
f 5276/3491/5392 5275/3490/5391 4067/2003/4183 4065/2001/4181 
f 5276/3491/5392 4065/2001/4181 5271/3486/5387 
f 4690/2672/4806 5277/3492/5393 5278/3493/5394 5279/3494/5395 
f 5277/3492/5393 4690/2672/4806 4693/2673/4809 5280/3495/5396 
f 5281/3496/5397 5280/3495/5396 4693/2673/4809 4748/2724/4864 
f 4748/2724/4864 5282/3497/5398 5283/3498/5399 5281/3496/5397 
f 5284/3499/5400 5285/3500/5401 4360/3303/4476 4356/2292/4472 
f 5284/3499/5400 4356/2292/4472 4359/3419/4475 
f 5285/3500/5401 4363/3420/4479 4360/3303/4476 
f 5286/3501/5402 5287/3502/5403 4383/2314/4499 4362/2315/4478 
f 5286/3501/5402 4362/2315/4478 4364/3503/4480 
f 5287/3502/5403 4388/3422/4504 4383/2314/4499 
f 5288/3504/5404 5186/3195/5302 4392/2334/4508 5289/3505/5405 
f 4394/3426/4510 5289/3505/5405 4392/2334/4508 
f 5290/3506/5406 5291/3507/5407 4390/3424/4506 4386/2320/4502 
f 5290/3506/5406 4386/2320/4502 4389/3423/4505 
f 5291/3507/5407 4393/3425/4509 4390/3424/4506 
f 5282/3497/5398 4748/2724/4864 4744/2720/4860 5292/3508/5408 
f 5293/3313/5409 5292/3508/5408 4744/2720/4860 4743/2721/4859 
f 4743/2721/4859 5294/3509/5410 5295/3510/5411 5293/3313/5409 
f 5294/3509/5410 4743/2721/4859 4746/2722/4862 5296/3511/5412 
f 5297/3512/5413 5296/3511/5412 4746/2722/4862 4789/2765/4905 
f 5298/3513/5414 4784/2758/4900 4783/2759/4899 5299/3514/5415 
f 5300/3515/5416 5299/3514/5415 4783/2759/4899 4827/2803/4943 
f 5301/3516/5394 5302/3517/5417 4785/2761/4901 5303/3518/5418 
f 4785/2761/4901 4784/2758/4900 5303/3518/5418 
f 4784/2758/4900 5298/3513/5414 5304/3519/5419 5303/3518/5418 
f 5305/3520/5420 4789/2765/4905 4786/2763/4902 5306/3517/5421 
f 5302/3517/5417 5306/3517/5421 4786/2763/4902 4785/2761/4901 
f 5307/3521/5394 5297/3512/5413 4789/2765/4905 5305/3520/5420 
f 5308/3522/5422 5300/3515/5416 4827/2803/4943 5209/3219/5325 
f 5209/3219/5325 5219/3434/5335 5309/3523/5423 5308/3522/5422 
f 5310/3524/5394 5311/3525/5424 5186/3195/5302 5288/3504/5404 
f 5312/3526/5425 4590/2541/4706 5184/3194/5300 5313/3527/5426 
f 5311/3525/5424 5313/3527/5426 5184/3194/5300 5186/3195/5302 
f 5314/3528/5427 5315/3529/5428 4591/2540/4707 4590/2541/4706 
f 5314/3528/5427 4590/2541/4706 5312/3526/5425 
f 5316/3530/5429 5261/3476/5377 4594/2544/4710 5317/3531/5430 
f 4594/2544/4710 5318/3532/5431 5317/3531/5430 
f 5319/3533/5432 5318/3532/5431 4594/2544/4710 4591/2540/4707 
f 5319/3533/5432 4591/2540/4707 5315/3529/5428 
f 5320/3534/5433 5321/3535/5434 4706/2687/4822 5322/3536/5435 
f 4706/2687/4822 4703/3428/4819 5322/3536/5435 
f 5323/3537/5436 5324/3538/5437 4713/2692/4829 4712/2690/4828 
f 5323/3537/5436 4712/2690/4828 5325/3539/5438 
f 5326/3540/5439 5325/3539/5438 4712/2690/4828 4707/2686/4823 
f 5326/3540/5439 4707/2686/4823 5327/3541/5440 
f 5328/3542/5441 5327/3541/5440 4707/2686/4823 5321/3535/5434 
f 5321/3535/5434 4707/2686/4823 4706/2687/4822 
f 5329/3543/5442 5330/3544/5443 4735/2716/4851 4733/2715/4849 
f 5329/3543/5442 4733/2715/4849 5331/3545/5444 
f 5332/3546/5445 5331/3545/5444 4733/2715/4849 4732/3430/4848 
f 5332/3546/5445 4732/3430/4848 5333/3547/5446 
f 5334/3548/5447 5333/3547/5446 4732/3430/4848 5335/3549/5448 
f 5335/3549/5448 4732/3430/4848 4731/3429/4847 
f 5336/3550/5449 5337/3551/5450 5155/3164/5271 5084/3084/5200 
f 5336/3550/5449 5084/3084/5200 5338/3552/5451 
f 5339/3553/5433 5340/3554/5452 5081/3080/5197 5341/3555/5453 
f 5081/3080/5197 5080/3081/5196 5341/3555/5453 
f 5342/3556/5454 5338/3552/5451 5084/3084/5200 5081/3080/5197 
f 5342/3556/5454 5081/3080/5197 5340/3554/5452 
f 5341/3555/5453 5080/3081/5196 5138/3147/5254 5343/3557/5455 
f 5138/3147/5254 5344/3558/5456 5343/3557/5455 
f 5345/3559/5457 5344/3558/5456 5138/3147/5254 4735/2716/4851 
f 5330/3544/5443 5345/3559/5457 4735/2716/4851 
f 5346/3560/5458 5347/3561/5459 4339/2281/4455 5155/3164/5271 
f 5346/3560/5458 5155/3164/5271 5337/3551/5450 
f 4345/3413/4461 5348/3562/5460 5349/3563/5461 5350/3564/5462 
f 5348/3562/5460 4345/3413/4461 4340/2280/4456 5351/3565/5463 
f 4339/2281/4455 5347/3561/5459 5351/3565/5463 4340/2280/4456 
f 5352/3566/5464 5353/3567/5465 4346/3414/4462 4345/3413/4461 
f 5352/3566/5464 4345/3413/4461 5350/3564/5462 
f 5354/3568/5466 5355/3569/5467 4347/3415/4463 5353/3567/5465 
f 5353/3567/5465 4347/3415/4463 4346/3414/4462 
f 5356/3570/5468 4702/3427/4818 4698/2679/4814 5357/3571/5469 
f 4696/2677/4812 5358/3572/5470 5357/3571/5469 4698/2679/4814 
f 5359/3573/5471 5322/3536/5435 4703/3428/4819 5360/3574/5472 
f 5360/3574/5472 4703/3428/4819 4702/3427/4818 
f 5361/3575/5473 5358/3572/5470 4696/2677/4812 4694/2675/4810 
f 5361/3575/5473 4694/2675/4810 5362/3576/5474 
f 5363/3577/5475 5362/3576/5474 4694/2675/4810 4691/2671/4807 
f 5363/3577/5475 4691/2671/4807 5364/3578/5476 
f 5365/3579/5471 5360/3574/5472 4702/3427/4818 5356/3570/5468 
f 5366/3580/5477 5364/3578/5476 4691/2671/4807 5367/3581/5478 
f 4691/2671/4807 4690/2672/4806 5279/3494/5395 5367/3581/5478 
f 5368/3582/5479 5369/3583/5480 4352/3416/4468 4347/3415/4463 
f 5368/3582/5479 4347/3415/4463 5355/3569/5467 
f 5370/3584/5481 5371/3585/5482 4353/3417/4469 4352/3416/4468 
f 5370/3584/5481 4352/3416/4468 5369/3583/5480 
f 5372/3586/5483 4358/3418/4474 4353/3417/4469 5371/3585/5482 
f 5373/3587/5484 5374/3588/5485 4718/2696/4834 4713/2692/4829 
f 4713/2692/4829 5324/3538/5437 5375/3589/5486 5373/3587/5484 
f 5376/3590/5487 5335/3549/5448 4731/3429/4847 5377/3591/5488 
f 4731/3429/4847 5378/3592/5489 5377/3591/5488 
f 5378/3592/5489 4731/3429/4847 4725/2704/4841 5379/3593/5490 
f 5379/3593/5490 4725/2704/4841 4724/2702/4840 5380/3594/5491 
f 5381/3595/5492 5382/3596/5493 4719/2698/4835 4718/2696/4834 
f 5381/3595/5492 4718/2696/4834 5374/3588/5485 
f 5383/3597/5494 5380/3594/5491 4724/2702/4840 4719/2698/4835 
f 5383/3597/5494 4719/2698/4835 5382/3596/5493 
s 1
f 5254/3598/5495 5263/3599/5496 5264/3600/5495 3938/3601/5495 
f 5262/3602/5495 5266/3603/5497 5267/3604/5495 3915/3605/5498 
f 5267/3604/5495 5268/3606/5495 5269/3607/5495 3915/3605/5498 
f 5269/3607/5495 5274/3608/5495 5275/3609/5495 3915/3605/5498 
f 5275/3609/5495 5276/3610/5499 5271/3611/5495 3915/3605/5498 
f 5271/3611/5495 5270/3612/5495 4063/3613/5495 3915/3605/5498 
f 5272/3614/5500 5273/3615/5501 5259/3616/5502 3957/3617/5503 
f 5259/3616/5502 5258/3618/5504 5255/3619/5505 3957/3617/5503 
f 5318/3620/5394 5319/3621/5506 5315/3622/5394 3957/3617/5503 
f 5315/3622/5394 5314/3623/5507 5312/3624/5394 3957/3617/5503 
f 5291/3625/5394 5290/3626/5508 4389/3627/5394 3957/3617/5503 
f 4358/3628/5394 5372/3629/5509 5371/3630/5510 3957/3617/5503 
f 5353/3631/5511 5352/3632/5447 5350/3633/5433 5342/3634/5433 
f 5350/3633/5433 5349/3635/5433 5348/3636/5433 5342/3634/5433 
f 5346/3637/5512 5337/3638/5433 5336/3639/5447 5342/3634/5433 
f 5336/3639/5447 5338/3640/5433 5342/3634/5433 
f 5347/3641/5513 5346/3637/5512 5342/3634/5433 5351/3642/5433 
f 5348/3636/5433 5351/3642/5433 5342/3634/5433 
f 5342/3634/5433 5340/3643/5433 5339/3644/5514 5341/3645/5515 
f 5353/3631/5511 5342/3634/5433 5341/3645/5515 4046/3646/5516 
f 5343/3647/5514 5344/3648/5433 5345/3649/5433 5341/3645/5515 
f 5345/3649/5433 5330/3650/5433 5329/3651/5433 5332/3652/5433 
f 5329/3651/5433 5331/3653/5433 5332/3652/5433 
f 5341/3645/5515 5345/3649/5433 5332/3652/5433 5335/3654/5517 
f 5332/3652/5433 5333/3655/5513 5334/3656/5518 5335/3654/5517 
f 5376/3657/5519 5377/3658/5520 5378/3659/5521 5335/3654/5517 
f 5341/3645/5515 5335/3654/5517 5378/3659/5521 5379/3660/5522 
f 5341/3645/5515 5379/3660/5522 5380/3661/5520 4046/3646/5516 
f 5380/3661/5520 5383/3662/5520 5382/3663/5523 4021/3664/5524 
f 5382/3663/5523 5381/3665/5523 5374/3666/5520 4021/3664/5524 
f 5324/3667/5525 5323/3668/5526 5325/3669/5527 4021/3664/5524 
f 5325/3669/5527 5326/3670/5433 5327/3671/5528 4021/3664/5524 
f 5327/3671/5528 5328/3672/5433 5321/3673/5529 4021/3664/5524 
f 5364/3674/5530 5366/3675/5531 5367/3676/5532 5279/3677/5533 
f 5293/3678/5534 5295/3679/5535 5294/3680/5536 3879/3681/5537 
f 5308/3682/5538 5309/3683/5539 5219/3684/5540 5300/3685/5541 
f 5300/3685/5541 5219/3684/5540 5218/3686/5542 5220/3687/5543 
f 5239/3688/5544 5238/3689/5495 5237/3690/5495 5230/3691/5544 
f 5237/3690/5495 5235/3692/5545 5234/3693/5495 3921/3694/5495 
f 5234/3693/5495 5236/3695/5495 3921/3694/5495 
f 5230/3691/5544 5237/3690/5495 3921/3694/5495 5229/3696/5495 
f 5228/3697/5546 5229/3696/5495 3921/3694/5495 5227/3698/5495 
f 5226/3699/5546 5227/3698/5495 3921/3694/5495 5225/3700/5495 
f 5224/3701/5546 5225/3700/5495 3921/3694/5495 5223/3702/5495 
f 5221/3703/5547 5223/3702/5495 3921/3694/5495 5222/3704/5548 
f 5220/3687/5543 5222/3704/5548 3921/3694/5495 3879/3681/5537 
f 3920/3705/5549 3892/3706/5495 3891/3707/5550 3894/3708/5495 
f 3891/3707/5550 3893/3709/5545 3894/3708/5495 
f 3921/3694/5495 3920/3705/5549 3894/3708/5495 3890/3710/5551 
f 3921/3694/5495 3890/3710/5551 3889/3711/5552 3879/3681/5537 
f 2807/3711/5553 3888/3712/5549 3887/3713/5495 3879/3681/5537 
f 3886/3714/5545 3885/3715/5545 3884/3716/5495 3882/3717/5495 
f 3884/3716/5495 3883/3718/5495 3882/3717/5495 
f 3887/3713/5495 3886/3714/5545 3882/3717/5495 3879/3681/5537 
f 3882/3717/5495 3881/3719/5495 3880/3720/5554 3879/3681/5537 
f 3889/3711/5552 2807/3711/5553 3879/3681/5537 
f 5300/3685/5541 5220/3687/5543 3879/3681/5537 5299/3721/5555 
f 5298/3722/5556 5299/3721/5555 3879/3681/5537 5304/3723/5557 
f 5303/3724/4062 5304/3723/5557 3879/3681/5537 5301/3725/5558 
f 5302/3726/4092 5301/3725/5558 3879/3681/5537 5306/3727/5559 
f 5305/3728/5560 5306/3727/5559 3879/3681/5537 5307/3729/5561 
f 5297/3730/5556 5307/3729/5561 3879/3681/5537 5296/3731/5562 
f 5294/3680/5536 5296/3731/5562 3879/3681/5537 
f 3875/3732/5563 3877/3733/5545 3965/3734/5564 3967/3735/5565 
f 3965/3734/5564 3966/3736/5508 3967/3735/5565 
f 3876/3737/5566 3875/3732/5563 3967/3735/5565 3974/3738/5567 
f 3967/3735/5565 3969/3739/5507 3968/3740/5394 3970/3741/5394 
f 3968/3740/5394 3973/3742/5394 3970/3741/5394 
f 3971/3743/5568 3972/3744/5508 3974/3738/5567 3970/3741/5394 
f 3967/3735/5565 3970/3741/5394 3974/3738/5567 
f 3878/3745/5569 3876/3737/5566 3974/3738/5567 3879/3681/5537 
f 3974/3738/5567 3963/3746/5394 3964/3747/5394 3961/3748/5394 
f 3964/3747/5394 3962/3749/5394 3961/3748/5394 
f 3961/3748/5394 3959/3750/5394 3960/3751/5394 3943/3752/5570 
f 3960/3751/5394 3944/3753/5394 3943/3752/5570 
f 3974/3738/5567 3961/3748/5394 3943/3752/5570 4008/3754/5571 
f 3943/3752/5570 3945/3755/5394 3946/3756/5394 4009/3757/5572 
f 3946/3756/5394 3947/3758/5394 4009/3757/5572 
f 4010/3759/5573 4007/3760/5433 4008/3754/5571 4009/3757/5572 
f 3943/3752/5570 4009/3757/5572 4008/3754/5571 
f 3879/3681/5537 3974/3738/5567 4008/3754/5571 5293/3678/5534 
f 5292/3761/5532 5293/3678/5534 4008/3754/5571 5282/3762/5574 
f 5283/3763/5575 5282/3762/5574 4008/3754/5571 5281/3764/5576 
f 5280/2428/4062 5281/3764/5576 4008/3754/5571 5277/3765/5577 
f 5278/3766/5556 5277/3765/5577 4008/3754/5571 5279/3677/5533 
f 5364/3674/5530 5279/3677/5533 4008/3754/5571 5363/3767/5433 
f 5362/3768/5514 5363/3767/5433 4008/3754/5571 5361/3769/5433 
f 5358/3770/5514 5361/3769/5433 4008/3754/5571 5357/3771/5433 
f 5356/3772/5514 5357/3771/5433 4008/3754/5571 5365/3773/5433 
f 5360/3774/5514 5365/3773/5433 4008/3754/5571 5359/3775/5513 
f 5322/3776/5578 5359/3775/5513 4008/3754/5571 4021/3664/5524 
f 4008/3754/5571 4006/3777/5433 4005/3778/5433 4003/3779/5433 
f 4005/3778/5433 4004/3780/5433 4003/3779/5433 
f 4003/3779/5433 4002/3781/5433 4001/3782/5433 3985/3783/5579 
f 4001/3782/5433 3986/3784/5433 3985/3783/5579 
f 4008/3754/5571 4003/3779/5433 3985/3783/5579 4021/3664/5524 
f 3985/3783/5579 3987/3785/5433 4015/3786/5580 4014/3787/5581 
f 4014/3787/5581 4013/3788/5520 4017/3789/5523 4021/3664/5524 
f 4017/3789/5523 4016/3790/5523 4021/3664/5524 
f 3985/3783/5579 4014/3787/5581 4021/3664/5524 
f 5320/3791/5514 5322/3776/5578 4021/3664/5524 5321/3673/5529 
f 5375/3792/5582 5324/3667/5525 4021/3664/5524 5373/3793/5520 
f 5374/3666/5520 5373/3793/5520 4021/3664/5524 
f 4021/3664/5524 4022/3794/5520 4023/3795/5523 4019/3796/5520 
f 4023/3795/5523 4018/3797/5520 4019/3796/5520 
f 4019/3796/5520 4020/3798/5520 4024/3799/5523 4034/3800/5520 
f 4024/3799/5523 4025/3801/5523 4034/3800/5520 
f 4021/3664/5524 4019/3796/5520 4034/3800/5520 4026/3802/5520 
f 4034/3800/5520 4033/3803/5520 4032/3804/5520 4029/3805/5520 
f 4032/3804/5520 4030/3806/5520 4029/3805/5520 
f 4029/3805/5520 4031/3807/5520 4041/3808/5521 4026/3802/5520 
f 4041/3808/5521 4027/3809/5520 4026/3802/5520 
f 4034/3800/5520 4029/3805/5520 4026/3802/5520 
f 4026/3802/5520 4028/3810/5583 4036/3811/5520 4021/3664/5524 
f 4021/3664/5524 4036/3811/5520 4035/3812/5523 4046/3646/5516 
f 4038/3813/5584 4037/3814/5585 4039/3815/5523 4047/3816/5520 
f 4039/3815/5523 4051/3817/5586 4047/3816/5520 
f 4047/3816/5520 4048/3818/5587 4049/3819/5520 4050/3820/5520 
f 4038/3813/5584 4047/3816/5520 4050/3820/5520 4040/3821/5520 
f 4035/3812/5523 4040/3821/5520 4050/3820/5520 4046/3646/5516 
f 5380/3661/5520 4021/3664/5524 4046/3646/5516 
f 5354/3822/5514 5353/3631/5511 4046/3646/5516 5355/3823/5588 
f 5368/3824/5514 5355/3823/5588 4046/3646/5516 5369/3825/5589 
f 5370/3826/5590 5369/3825/5589 4046/3646/5516 5371/3630/5510 
f 4046/3646/5516 4045/3827/5591 4043/3828/5592 3988/3829/5593 
f 4044/3830/5433 3998/3831/5433 3997/3832/5433 4042/3833/5594 
f 4043/3828/5592 4042/3833/5594 3997/3832/5433 3988/3829/5593 
f 3997/3832/5433 3996/3834/5433 3995/3835/5433 3993/3836/5433 
f 3995/3835/5433 3994/3837/5512 3993/3836/5433 
f 3993/3836/5433 3992/3838/5433 3991/3839/5595 3988/3829/5593 
f 3991/3839/5595 3989/3840/5433 3988/3829/5593 
f 3997/3832/5433 3993/3836/5433 3988/3829/5593 
f 3988/3829/5593 3990/3841/5433 3999/3842/5596 4011/3843/5597 
f 3999/3842/5596 4000/3844/5433 4011/3843/5597 
f 4012/3845/5598 3952/3846/5394 3951/3847/5599 4011/3843/5597 
f 3988/3829/5593 4011/3843/5597 3951/3847/5599 3956/3848/5600 
f 3951/3847/5599 3949/3849/5394 3948/3850/5394 3953/3851/5394 
f 3948/3850/5394 3950/3852/5394 3953/3851/5394 
f 3953/3851/5394 3954/3853/5394 3955/3854/5508 3956/3848/5600 
f 3951/3847/5599 3953/3851/5394 3956/3848/5600 
f 3988/3829/5593 3956/3848/5600 3957/3617/5503 4046/3646/5516 
f 5371/3630/5510 4046/3646/5516 3957/3617/5503 
f 4359/3855/4062 4358/3628/5394 3957/3617/5503 5284/3856/5394 
f 5285/3857/4062 5284/3856/5394 3957/3617/5503 4363/3858/5394 
f 4364/3859/4062 4363/3858/5394 3957/3617/5503 5286/3860/5394 
f 5287/3861/4062 5286/3860/5394 3957/3617/5503 4388/3862/5394 
f 4389/3627/5394 4388/3862/5394 3957/3617/5503 
f 4393/3863/4062 5291/3625/5394 3957/3617/5503 4394/3864/5394 
f 5289/3865/4062 4394/3864/5394 3957/3617/5503 5288/3866/5394 
f 5310/3867/5556 5288/3866/5394 3957/3617/5503 5311/3868/5394 
f 5313/3869/5556 5311/3868/5394 3957/3617/5503 5312/3624/5394 
f 5317/3870/5601 5318/3620/5394 3957/3617/5503 5316/3871/5602 
f 5261/3872/4025 5316/3871/5602 3957/3617/5503 5260/3873/5603 
f 5257/3874/5604 5260/3873/5603 3957/3617/5503 5256/3875/5605 
f 5255/3619/5505 5256/3875/5605 3957/3617/5503 
f 3958/3876/5606 3975/3877/5607 3976/3878/5394 3977/3879/5394 
f 3976/3878/5394 3978/3880/5608 3977/3879/5394 
f 3979/3881/5609 3980/3882/5394 3981/3883/5610 3977/3879/5394 
f 3958/3876/5606 3977/3879/5394 3981/3883/5610 3903/3884/5611 
f 3981/3883/5610 3982/3885/5394 3983/3886/5612 3903/3884/5611 
f 3983/3886/5612 3984/3887/5613 3903/3884/5611 
f 3957/3617/5503 3958/3876/5606 3903/3884/5611 3915/3605/5498 
f 3903/3884/5611 3902/3888/5495 3904/3889/5545 3905/3890/5495 
f 3904/3889/5545 3906/3891/5614 3905/3890/5495 
f 3905/3890/5495 3907/3892/5615 3908/3893/5495 3909/3894/5495 
f 3903/3884/5611 3905/3890/5495 3909/3894/5495 3915/3605/5498 
f 3909/3894/5495 3910/3895/5495 3919/3896/5495 3913/3897/5495 
f 3919/3896/5495 3914/3898/5495 3913/3897/5495 
f 3912/3899/5616 3911/3900/5614 3915/3605/5498 3913/3897/5495 
f 3909/3894/5495 3913/3897/5495 3915/3605/5498 
f 5272/3614/5500 3957/3617/5503 3915/3605/5498 4062/3901/5495 
f 4063/3613/5495 4062/3901/5495 3915/3605/5498 
f 4076/3902/5617 5262/3602/5495 3915/3605/5498 4077/3903/5618 
f 3918/3904/5619 3917/3905/5495 3916/3906/5495 3915/3605/5498 
f 3916/3906/5495 3899/3907/5495 3898/3908/5495 3901/3909/5495 
f 3898/3908/5495 3900/3910/5495 3901/3909/5495 
f 3915/3605/5498 3916/3906/5495 3901/3909/5495 3938/3601/5495 
f 3901/3909/5495 3896/3911/5495 3895/3912/5495 3940/3913/5495 
f 3895/3912/5495 3897/3914/5495 3940/3913/5495 
f 3940/3913/5495 3941/3915/5495 3942/3916/5495 3938/3601/5495 
f 3942/3916/5495 3939/3917/5495 3938/3601/5495 
f 3901/3909/5495 3940/3913/5495 3938/3601/5495 
f 4077/3903/5618 3915/3605/5498 3938/3601/5495 5265/3918/5495 
f 5264/3600/5495 5265/3918/5495 3938/3601/5495 
f 5253/3919/5620 5254/3598/5495 3938/3601/5495 5252/3920/5495 
f 5251/3921/5621 5252/3920/5495 3938/3601/5495 5247/3922/5495 
f 5245/3923/5622 5247/3922/5495 3938/3601/5495 5246/3924/5495 
f 5248/3925/5618 5246/3924/5495 3938/3601/5495 5249/3926/5495 
f 5250/3927/5623 5249/3926/5495 3938/3601/5495 5243/3928/5495 
f 4120/3929/5622 5243/3928/5495 3938/3601/5495 4121/3930/5551 
f 5244/3931/5624 4121/3930/5551 3938/3601/5495 5233/3932/5544 
f 3938/3601/5495 3931/3933/5497 3930/3934/5625 3937/3935/5495 
f 3930/3934/5625 3932/3936/5495 3937/3935/5495 
f 3937/3935/5495 3936/3937/5495 3935/3938/5495 3933/3939/5495 
f 3935/3938/5495 3934/3940/5495 3933/3939/5495 
f 3938/3601/5495 3937/3935/5495 3933/3939/5495 3924/3941/5495 
f 3933/3939/5495 3926/3942/5495 3925/3943/5495 3928/3944/5495 
f 3925/3943/5495 3927/3945/5495 3928/3944/5495 
f 3928/3944/5495 3929/3946/5497 3922/3947/5495 3924/3941/5495 
f 3922/3947/5495 3923/3948/5497 3924/3941/5495 
f 3933/3939/5495 3928/3944/5495 3924/3941/5495 
f 5233/3932/5544 3938/3601/5495 3924/3941/5495 5231/3949/5495 
f 5232/3950/5546 5231/3949/5495 3924/3941/5495 5240/3951/5495 
f 5241/3952/5626 5240/3951/5495 3924/3941/5495 5242/3953/5495 
f 5242/3953/5495 3924/3941/5495 3921/3694/5495 5236/3695/5495 
# 2565 polygons - 194 triangles

