# 3ds Max Wavefront OBJ Exporter v0.99 - (c)2007 guruware
# File Created: 02.09.2026 22:18:33

mtllib cucumber_hero.mtl

#
# object Object001
#

v  -0.5484 -1.0491 -0.0947
v  -0.5466 -1.0501 -0.0980
v  -0.5454 -1.0507 -0.0971
v  -0.5475 -1.0496 -0.0939
v  -0.5432 -1.0513 -0.1034
v  -0.5417 -1.0521 -0.1021
v  -0.5375 -1.0526 -0.1118
v  -0.5354 -1.0538 -0.1101
v  -0.5288 -1.0542 -0.1243
v  -0.5257 -1.0558 -0.1218
v  -0.5170 -1.0550 -0.1402
v  -0.5127 -1.0573 -0.1367
v  -0.5021 -1.0544 -0.1589
v  -0.4964 -1.0574 -0.1542
v  -0.4841 -1.0514 -0.1795
v  -0.4768 -1.0552 -0.1736
v  -0.4630 -1.0452 -0.2016
v  -0.4540 -1.0498 -0.1943
v  -0.4388 -1.0347 -0.2247
v  -0.4280 -1.0402 -0.2160
v  -0.4115 -1.0191 -0.2482
v  -0.3989 -1.0254 -0.2382
v  -0.3810 -0.9972 -0.2718
v  -0.3668 -1.0043 -0.2604
v  -0.3474 -0.9682 -0.2950
v  -0.3316 -0.9761 -0.2824
v  -0.3112 -0.9324 -0.3168
v  -0.2939 -0.9412 -0.3031
v  -0.2731 -0.8905 -0.3362
v  -0.2544 -0.9000 -0.3218
v  -0.2337 -0.8428 -0.3523
v  -0.2136 -0.8530 -0.3376
v  -0.3279 -0.9240 -0.3263
v  -0.2912 -0.8814 -0.3462
v  -0.2531 -0.8330 -0.3624
v  -0.3440 -0.9157 -0.3331
v  -0.3086 -0.8724 -0.3533
v  -0.2717 -0.8235 -0.3697
v  -0.3594 -0.9073 -0.3387
v  -0.3253 -0.8634 -0.3593
v  -0.2895 -0.8140 -0.3758
v  -0.3742 -0.8986 -0.3447
v  -0.3412 -0.8541 -0.3657
v  -0.3065 -0.8042 -0.3826
v  -0.3896 -0.8891 -0.3500
v  -0.3579 -0.8440 -0.3715
v  -0.3243 -0.7936 -0.3889
v  -0.4071 -0.8782 -0.3538
v  -0.3768 -0.8324 -0.3757
v  -0.3444 -0.7815 -0.3935
v  -0.4279 -0.8654 -0.3551
v  -0.3993 -0.8188 -0.3771
v  -0.3684 -0.7672 -0.3952
v  -0.4535 -0.8500 -0.3530
v  -0.4271 -0.8025 -0.3748
v  -0.3980 -0.7502 -0.3929
v  -0.4820 -0.8329 -0.3472
v  -0.4580 -0.7844 -0.3686
v  -0.4311 -0.7314 -0.3864
v  -0.5116 -0.8151 -0.3376
v  -0.4902 -0.7656 -0.3583
v  -0.4656 -0.7118 -0.3755
v  -0.5406 -0.7974 -0.3241
v  -0.5218 -0.7469 -0.3437
v  -0.4995 -0.6924 -0.3601
v  -0.5672 -0.7807 -0.3064
v  -0.5507 -0.7293 -0.3248
v  -0.5306 -0.6742 -0.3400
v  -0.5904 -0.7657 -0.2859
v  -0.5761 -0.7135 -0.3028
v  -0.5580 -0.6578 -0.3168
v  -0.6093 -0.7530 -0.2641
v  -0.5969 -0.7002 -0.2794
v  -0.5805 -0.6440 -0.2920
v  -0.6231 -0.7433 -0.2423
v  -0.6121 -0.6899 -0.2560
v  -0.5973 -0.6334 -0.2673
v  -0.6308 -0.7372 -0.2218
v  -0.6209 -0.6835 -0.2340
v  -0.6071 -0.6267 -0.2441
v  -0.6346 -0.7335 -0.2024
v  -0.6253 -0.6796 -0.2133
v  -0.6123 -0.6227 -0.2223
v  -0.6364 -0.7310 -0.1841
v  -0.6276 -0.6771 -0.1937
v  -0.6151 -0.6201 -0.2016
v  -0.6383 -0.7285 -0.1666
v  -0.6300 -0.6746 -0.1749
v  -0.6180 -0.6176 -0.1818
v  -0.6425 -0.7249 -0.1497
v  -0.6346 -0.6709 -0.1568
v  -0.6231 -0.6139 -0.1625
v  -0.6473 -0.7211 -0.1322
v  -0.6398 -0.6670 -0.1379
v  -0.6287 -0.6100 -0.1426
v  -0.6511 -0.7177 -0.1127
v  -0.6440 -0.6636 -0.1170
v  -0.6469 -0.7752 -0.1421
v  -0.6512 -0.7715 -0.1260
v  -0.6479 -0.8210 -0.1345
v  -0.6517 -0.8175 -0.1200
v  -0.6456 -0.8615 -0.1276
v  -0.6488 -0.8584 -0.1148
v  -0.6404 -0.8971 -0.1212
v  -0.6430 -0.8945 -0.1101
v  -0.6327 -0.9281 -0.1152
v  -0.6346 -0.9260 -0.1059
v  -0.6230 -0.9550 -0.1096
v  -0.6243 -0.9533 -0.1019
v  -0.6115 -0.9780 -0.1042
v  -0.6124 -0.9767 -0.0981
v  -0.5995 -0.9971 -0.0992
v  -0.6001 -0.9961 -0.0946
v  -0.5881 -1.0123 -0.0948
v  -0.5885 -1.0116 -0.0915
v  -0.5785 -1.0236 -0.0914
v  -0.5788 -1.0231 -0.0891
v  -0.5718 -1.0310 -0.0890
v  -0.5720 -1.0306 -0.0874
v  -0.5674 -1.0353 -0.0876
v  -0.5675 -1.0351 -0.0864
v  -0.5645 -1.0377 -0.0867
v  -0.5646 -1.0375 -0.0858
v  -0.5624 -1.0390 -0.0864
v  -0.5605 -1.0402 -0.0863
v  -0.5604 -1.0401 -0.0853
v  -0.5624 -1.0388 -0.0855
v  -0.5587 -1.0414 -0.0864
v  -0.5585 -1.0414 -0.0854
v  -0.5567 -1.0426 -0.0857
v  -0.5570 -1.0425 -0.0868
v  -0.5555 -1.0436 -0.0876
v  -0.5550 -1.0437 -0.0864
v  -0.5536 -1.0448 -0.0876
v  -0.5542 -1.0446 -0.0886
v  -0.5560 -1.0434 -0.0885
v  -0.5547 -1.0443 -0.0895
v  -0.5530 -1.0455 -0.0899
v  -0.5523 -1.0458 -0.0892
v  -0.5512 -1.0468 -0.0910
v  -0.5519 -1.0464 -0.0916
v  -0.5509 -1.0473 -0.0935
v  -0.5502 -1.0477 -0.0930
v  -0.5500 -1.0482 -0.0957
v  -0.5492 -1.0486 -0.0952
v  -0.5486 -1.0490 -0.0991
v  -0.5476 -1.0496 -0.0986
v  -0.5459 -1.0497 -0.1049
v  -0.5446 -1.0505 -0.1043
v  -0.5414 -1.0504 -0.1140
v  -0.5395 -1.0515 -0.1131
v  -0.5344 -1.0509 -0.1275
v  -0.5317 -1.0525 -0.1261
v  -0.5248 -1.0506 -0.1446
v  -0.5210 -1.0528 -0.1427
v  -0.5125 -1.0485 -0.1646
v  -0.5074 -1.0515 -0.1622
v  -0.4975 -1.0440 -0.1868
v  -0.4910 -1.0477 -0.1837
v  -0.4797 -1.0362 -0.2105
v  -0.4716 -1.0407 -0.2068
v  -0.4590 -1.0241 -0.2351
v  -0.4491 -1.0294 -0.2308
v  -0.4351 -1.0068 -0.2603
v  -0.4235 -1.0129 -0.2552
v  -0.4079 -0.9834 -0.2854
v  -0.3948 -0.9903 -0.2797
v  -0.3774 -0.9529 -0.3101
v  -0.3627 -0.9605 -0.3038
v  -0.4205 -0.9764 -0.2901
v  -0.3914 -0.9451 -0.3153
v  -0.4326 -0.9692 -0.2951
v  -0.4049 -0.9372 -0.3208
v  -0.4452 -0.9613 -0.2995
v  -0.4189 -0.9284 -0.3257
v  -0.4593 -0.9522 -0.3026
v  -0.4347 -0.9183 -0.3291
v  -0.4762 -0.9414 -0.3037
v  -0.4537 -0.9064 -0.3303
v  -0.4969 -0.9284 -0.3020
v  -0.4768 -0.8921 -0.3283
v  -0.5199 -0.9140 -0.2973
v  -0.5027 -0.8763 -0.3231
v  -0.5438 -0.8989 -0.2894
v  -0.5295 -0.8597 -0.3143
v  -0.5672 -0.8838 -0.2783
v  -0.5558 -0.8432 -0.3019
v  -0.5886 -0.8696 -0.2637
v  -0.5798 -0.8277 -0.2858
v  -0.6072 -0.8568 -0.2469
v  -0.6008 -0.8137 -0.2670
v  -0.6223 -0.8459 -0.2289
v  -0.6178 -0.8018 -0.2470
v  -0.6333 -0.8375 -0.2109
v  -0.6302 -0.7927 -0.2270
v  -0.6393 -0.8321 -0.1939
v  -0.6369 -0.7870 -0.2082
v  -0.6420 -0.8288 -0.1780
v  -0.6401 -0.7834 -0.1904
v  -0.6432 -0.8265 -0.1628
v  -0.6415 -0.7811 -0.1736
v  -0.6446 -0.8243 -0.1484
v  -0.6432 -0.7787 -0.1575
v  -0.6415 -0.8666 -0.1525
v  -0.6428 -0.8645 -0.1398
v  -0.6369 -0.9017 -0.1426
v  -0.6381 -0.8997 -0.1317
v  -0.6297 -0.9321 -0.1332
v  -0.6309 -0.9303 -0.1241
v  -0.6204 -0.9583 -0.1242
v  -0.6215 -0.9567 -0.1168
v  -0.6094 -0.9807 -0.1156
v  -0.6104 -0.9793 -0.1099
v  -0.5979 -0.9992 -0.1078
v  -0.5987 -0.9982 -0.1035
v  -0.5869 -1.0139 -0.1011
v  -0.5875 -1.0131 -0.0979
v  -0.5777 -1.0247 -0.0957
v  -0.5781 -1.0242 -0.0935
v  -0.5712 -1.0318 -0.0921
v  -0.5715 -1.0314 -0.0905
v  -0.5669 -1.0359 -0.0898
v  -0.5672 -1.0356 -0.0887
v  -0.5642 -1.0381 -0.0886
v  -0.5643 -1.0379 -0.0877
v  -0.5623 -1.0393 -0.0881
v  -0.5623 -1.0391 -0.0873
v  -0.5606 -1.0403 -0.0881
v  -0.5605 -1.0403 -0.0872
v  -0.5591 -1.0413 -0.0883
v  -0.5589 -1.0414 -0.0874
v  -0.5577 -1.0423 -0.0888
v  -0.5574 -1.0424 -0.0878
v  -0.5565 -1.0432 -0.0895
v  -0.5531 -1.0458 -0.0927
v  -0.5525 -1.0461 -0.0921
v  -0.5535 -1.0452 -0.0907
v  -0.5541 -1.0450 -0.0914
v  -0.5552 -1.0441 -0.0904
v  -0.5558 -1.0439 -0.0914
v  -0.5547 -1.0447 -0.0922
v  -0.5516 -1.0470 -0.0939
v  -0.5515 -1.0473 -0.0964
v  -0.5505 -1.0479 -0.0999
v  -0.5495 -1.0484 -0.0995
v  -0.5508 -1.0477 -0.0960
v  -0.5485 -1.0482 -0.1059
v  -0.5472 -1.0490 -0.1054
v  -0.5451 -1.0482 -0.1155
v  -0.5433 -1.0493 -0.1147
v  -0.5398 -1.0478 -0.1296
v  -0.5371 -1.0494 -0.1285
v  -0.5323 -1.0462 -0.1475
v  -0.5285 -1.0484 -0.1460
v  -0.5225 -1.0427 -0.1685
v  -0.5175 -1.0456 -0.1665
v  -0.5102 -1.0366 -0.1918
v  -0.5039 -1.0403 -0.1893
v  -0.4953 -1.0271 -0.2166
v  -0.4876 -1.0317 -0.2135
v  -0.4776 -1.0133 -0.2425
v  -0.4684 -1.0188 -0.2387
v  -0.4568 -0.9943 -0.2688
v  -0.4462 -1.0007 -0.2644
v  -0.4872 -1.0072 -0.2458
v  -0.4678 -0.9873 -0.2727
v  -0.4980 -1.0003 -0.2482
v  -0.4803 -0.9792 -0.2755
v  -0.5107 -0.9920 -0.2489
v  -0.4951 -0.9697 -0.2764
v  -0.5262 -0.9821 -0.2476
v  -0.5132 -0.9581 -0.2749
v  -0.5434 -0.9710 -0.2441
v  -0.5333 -0.9453 -0.2707
v  -0.5613 -0.9593 -0.2381
v  -0.5542 -0.9319 -0.2638
v  -0.5787 -0.9476 -0.2297
v  -0.5746 -0.9185 -0.2540
v  -0.5946 -0.9366 -0.2187
v  -0.5933 -0.9058 -0.2412
v  -0.6085 -0.9266 -0.2059
v  -0.6095 -0.8943 -0.2264
v  -0.6199 -0.9180 -0.1923
v  -0.6228 -0.8845 -0.2105
v  -0.6283 -0.9112 -0.1787
v  -0.6325 -0.8769 -0.1947
v  -0.6332 -0.9067 -0.1660
v  -0.6378 -0.8719 -0.1798
v  -0.6356 -0.9038 -0.1540
v  -0.6404 -0.8688 -0.1658
v  -0.6260 -0.9368 -0.1526
v  -0.6284 -0.9341 -0.1427
v  -0.6168 -0.9625 -0.1398
v  -0.6191 -0.9601 -0.1318
v  -0.6062 -0.9842 -0.1278
v  -0.6082 -0.9822 -0.1216
v  -0.5953 -1.0020 -0.1169
v  -0.5969 -1.0004 -0.1122
v  -0.5849 -1.0160 -0.1076
v  -0.5861 -1.0148 -0.1042
v  -0.5763 -1.0262 -0.1002
v  -0.5771 -1.0254 -0.0979
v  -0.5702 -1.0328 -0.0952
v  -0.5708 -1.0322 -0.0936
v  -0.5663 -1.0366 -0.0922
v  -0.5667 -1.0362 -0.0910
v  -0.5639 -1.0385 -0.0906
v  -0.5640 -1.0383 -0.0896
v  -0.5624 -1.0395 -0.0901
v  -0.5623 -1.0394 -0.0891
v  -0.5611 -1.0403 -0.0901
v  -0.5608 -1.0404 -0.0890
v  -0.5582 -1.0422 -0.0899
v  -0.5594 -1.0413 -0.0893
v  -0.5599 -1.0411 -0.0905
v  -0.5587 -1.0420 -0.0911
v  -0.5576 -1.0428 -0.0919
v  -0.5570 -1.0430 -0.0906
v  -0.5553 -1.0445 -0.0933
v  -0.5564 -1.0436 -0.0926
v  -0.5543 -1.0452 -0.0942
v  -0.5537 -1.0455 -0.0934
v  -0.5536 -1.0458 -0.0955
v  -0.5529 -1.0462 -0.0949
v  -0.5532 -1.0463 -0.0972
v  -0.5526 -1.0466 -0.1006
v  -0.5515 -1.0473 -0.1003
v  -0.5523 -1.0468 -0.0968
v  -0.5514 -1.0464 -0.1067
v  -0.5499 -1.0474 -0.1064
v  -0.5493 -1.0457 -0.1166
v  -0.5471 -1.0470 -0.1161
v  -0.5458 -1.0441 -0.1312
v  -0.5426 -1.0461 -0.1305
v  -0.5407 -1.0410 -0.1497
v  -0.5362 -1.0438 -0.1488
v  -0.5336 -1.0358 -0.1714
v  -0.5277 -1.0395 -0.1702
v  -0.5243 -1.0278 -0.1956
v  -0.5169 -1.0325 -0.1940
v  -0.5125 -1.0162 -0.2213
v  -0.5034 -1.0220 -0.2194
v  -0.5331 -1.0222 -0.1960
v  -0.5233 -1.0093 -0.2220
v  -0.5436 -1.0153 -0.1951
v  -0.5362 -1.0009 -0.2208
v  -0.5552 -1.0077 -0.1927
v  -0.5506 -0.9916 -0.2178
v  -0.5672 -0.9997 -0.1886
v  -0.5654 -0.9817 -0.2129
v  -0.5789 -0.9916 -0.1829
v  -0.5799 -0.9719 -0.2058
v  -0.5896 -0.9840 -0.1754
v  -0.5932 -0.9625 -0.1966
v  -0.5991 -0.9770 -0.1667
v  -0.6048 -0.9540 -0.1859
v  -0.6070 -0.9709 -0.1575
v  -0.6144 -0.9467 -0.1745
v  -0.6130 -0.9660 -0.1483
v  -0.6216 -0.9408 -0.1632
v  -0.5982 -0.9910 -0.1416
v  -0.6030 -0.9871 -0.1344
v  -0.5891 -1.0073 -0.1272
v  -0.5928 -1.0042 -0.1219
v  -0.5805 -1.0198 -0.1150
v  -0.5831 -1.0176 -0.1111
v  -0.5732 -1.0289 -0.1054
v  -0.5750 -1.0273 -0.1027
v  -0.5681 -1.0347 -0.0989
v  -0.5693 -1.0336 -0.0970
v  -0.5647 -1.0380 -0.0948
v  -0.5657 -1.0372 -0.0935
v  -0.5627 -1.0395 -0.0926
v  -0.5635 -1.0389 -0.0916
v  -0.5617 -1.0401 -0.0913
v  -0.5606 -1.0408 -0.0919
v  -0.5605 -1.0412 -0.0944
v  -0.5595 -1.0417 -0.0926
v  -0.5617 -1.0404 -0.0935
v  -0.5592 -1.0422 -0.0954
v  -0.5583 -1.0425 -0.0934
v  -0.5571 -1.0434 -0.0941
v  -0.5578 -1.0432 -0.0961
v  -0.5565 -1.0441 -0.0967
v  -0.5559 -1.0443 -0.0947
v  -0.5552 -1.0450 -0.0972
v  -0.5549 -1.0450 -0.0955
v  -0.5541 -1.0458 -0.0974
v  -0.5542 -1.0455 -0.0961
v  -0.5554 -1.0448 -0.1005
v  -0.5539 -1.0458 -0.1007
v  -0.5553 -1.0439 -0.1066
v  -0.5532 -1.0453 -0.1068
v  -0.5549 -1.0420 -0.1164
v  -0.5519 -1.0440 -0.1167
v  -0.5540 -1.0388 -0.1309
v  -0.5495 -1.0417 -0.1313
v  -0.5521 -1.0337 -0.1494
v  -0.5459 -1.0377 -0.1500
v  -0.5488 -1.0261 -0.1710
v  -0.5405 -1.0314 -0.1718
v  -0.5588 -1.0292 -0.1480
v  -0.5578 -1.0201 -0.1691
v  -0.5658 -1.0245 -0.1456
v  -0.5672 -1.0138 -0.1660
v  -0.5726 -1.0197 -0.1422
v  -0.5763 -1.0074 -0.1615
v  -0.5789 -1.0151 -0.1378
v  -0.5846 -1.0014 -0.1556
v  -0.5845 -1.0109 -0.1327
v  -0.5920 -0.9959 -0.1488
v  -0.5732 -1.0255 -0.1226
v  -0.5771 -1.0225 -0.1189
v  -0.5681 -1.0328 -0.1107
v  -0.5709 -1.0307 -0.1081
v  -0.5645 -1.0374 -0.1026
v  -0.5664 -1.0360 -0.1008
v  -0.5621 -1.0400 -0.0975
v  -0.5635 -1.0390 -0.0962
v  -0.5624 -1.0390 -0.1041
v  -0.5605 -1.0412 -0.0986
v  -0.5600 -1.0407 -0.1053
v  -0.5588 -1.0424 -0.0995
v  -0.5571 -1.0436 -0.1001
v  -0.5577 -1.0423 -0.1061
v  -0.5617 -1.0374 -0.1145
v  -0.5582 -1.0398 -0.1157
v  -0.5638 -1.0322 -0.1282
v  -0.5588 -1.0356 -0.1299
v  -0.5650 -1.0351 -0.1129
v  -0.5687 -1.0287 -0.1258
v  -0.5625 -1.0395 -0.0910
v  -0.5522 -1.0466 -0.0944
v  -0.5505 -1.0472 -0.0904
v  -0.5516 -1.0462 -0.0884
v  -0.5526 -1.0430 -0.0685
v  -0.5522 -1.0422 -0.0651
v  -0.5534 -1.0414 -0.0652
v  -0.5535 -1.0424 -0.0687
v  -0.5510 -1.0405 -0.0588
v  -0.5527 -1.0394 -0.0589
v  -0.5487 -1.0374 -0.0484
v  -0.5510 -1.0358 -0.0487
v  -0.5450 -1.0323 -0.0330
v  -0.5482 -1.0301 -0.0336
v  -0.5395 -1.0250 -0.0133
v  -0.5439 -1.0220 -0.0142
v  -0.5320 -1.0153 0.0103
v  -0.5379 -1.0113 0.0089
v  -0.5220 -1.0028 0.0370
v  -0.5297 -0.9978 0.0350
v  -0.5094 -0.9873 0.0662
v  -0.5191 -0.9811 0.0636
v  -0.4943 -0.9682 0.0965
v  -0.5063 -0.9607 0.0932
v  -0.4771 -0.9447 0.1260
v  -0.4913 -0.9359 0.1221
v  -0.4578 -0.9163 0.1533
v  -0.4743 -0.9063 0.1488
v  -0.4369 -0.8822 0.1767
v  -0.4555 -0.8711 0.1718
v  -0.4143 -0.8431 0.1965
v  -0.4349 -0.8310 0.1914
v  -0.3903 -0.7996 0.2132
v  -0.4127 -0.7867 0.2080
v  -0.3649 -0.7525 0.2271
v  -0.3889 -0.7389 0.2218
v  -0.3382 -0.7023 0.2385
v  -0.3637 -0.6881 0.2333
v  -0.3634 -0.8147 0.2134
v  -0.3360 -0.7683 0.2271
v  -0.3076 -0.7187 0.2383
v  -0.3340 -0.8309 0.2083
v  -0.3044 -0.7855 0.2216
v  -0.2740 -0.7365 0.2325
v  -0.3042 -0.8476 0.1980
v  -0.2722 -0.8031 0.2107
v  -0.2398 -0.7547 0.2210
v  -0.2760 -0.8639 0.1823
v  -0.2416 -0.8202 0.1942
v  -0.2070 -0.7725 0.2039
v  -0.2516 -0.8789 0.1612
v  -0.2148 -0.8361 0.1720
v  -0.1781 -0.7889 0.1810
v  -0.2310 -0.8922 0.1365
v  -0.1920 -0.8502 0.1462
v  -0.1533 -0.8035 0.1544
v  -0.2143 -0.9035 0.1103
v  -0.1734 -0.8621 0.1187
v  -0.1330 -0.8158 0.1259
v  -0.2018 -0.9124 0.0844
v  -0.1594 -0.8714 0.0915
v  -0.1175 -0.8254 0.0978
v  -0.1935 -0.9185 0.0607
v  -0.1501 -0.8776 0.0666
v  -0.1072 -0.8317 0.0718
v  -0.1880 -0.9227 0.0390
v  -0.1439 -0.8818 0.0436
v  -0.1004 -0.8359 0.0478
v  -0.1393 -0.8850 0.0222
v  -0.0951 -0.8390 0.0254
v  -0.0520 -0.7880 0.0288
v  -0.0578 -0.7850 0.0520
v  -0.1344 -0.8883 0.0020
v  -0.0897 -0.8422 0.0042
v  -0.0459 -0.7911 0.0067
v  -0.1276 -0.8927 -0.0172
v  -0.0822 -0.8465 -0.0162
v  -0.0378 -0.7952 -0.0147
v  -0.1205 -0.8973 -0.0372
v  -0.0743 -0.8511 -0.0373
v  -0.0292 -0.7996 -0.0369
v  -0.1145 -0.9014 -0.0593
v  -0.0676 -0.8551 -0.0609
v  -0.0218 -0.8034 -0.0617
v  -0.1111 -0.9042 -0.0854
v  -0.0637 -0.8576 -0.0885
v  -0.0173 -0.8056 -0.0908
v  -0.1118 -0.9047 -0.1169
v  -0.0641 -0.8577 -0.1218
v  -0.0173 -0.8053 -0.1258
v  -0.1165 -0.9031 -0.1519
v  -0.0688 -0.8555 -0.1588
v  -0.0219 -0.8025 -0.1644
v  -0.1251 -0.8993 -0.1886
v  -0.0777 -0.8510 -0.1972
v  -0.0310 -0.7973 -0.2043
v  -0.1375 -0.8931 -0.2249
v  -0.0908 -0.8441 -0.2351
v  -0.0445 -0.7897 -0.2433
v  -0.1537 -0.8847 -0.2591
v  -0.1079 -0.8349 -0.2702
v  -0.0626 -0.7797 -0.2791
v  -0.1725 -0.8747 -0.2899
v  -0.1280 -0.8240 -0.3017
v  -0.0839 -0.7681 -0.3108
v  -0.1928 -0.8639 -0.3164
v  -0.1498 -0.8124 -0.3285
v  -0.1070 -0.7557 -0.3374
v  -0.1720 -0.8007 -0.3497
v  -0.1306 -0.7434 -0.3581
v  -0.1935 -0.7899 -0.3642
v  -0.1534 -0.7319 -0.3721
v  -0.2142 -0.7795 -0.3740
v  -0.1753 -0.7211 -0.3813
v  -0.2340 -0.7695 -0.3810
v  -0.1961 -0.7107 -0.3879
v  -0.2529 -0.7595 -0.3871
v  -0.2159 -0.7004 -0.3939
v  -0.2707 -0.7494 -0.3943
v  -0.2344 -0.6899 -0.4014
v  -0.2893 -0.7384 -0.4011
v  -0.2536 -0.6787 -0.4088
v  -0.3104 -0.7259 -0.4063
v  -0.2753 -0.6661 -0.4146
v  -0.3356 -0.7113 -0.4085
v  -0.3014 -0.6512 -0.4172
v  -0.3667 -0.6938 -0.4062
v  -0.3336 -0.6336 -0.4152
v  -0.4016 -0.6746 -0.3995
v  -0.3698 -0.6142 -0.4084
v  -0.4380 -0.6545 -0.3881
v  -0.4078 -0.5939 -0.3967
v  -0.4739 -0.6347 -0.3721
v  -0.4453 -0.5739 -0.3802
v  -0.5070 -0.6160 -0.3512
v  -0.4800 -0.5551 -0.3587
v  -0.5362 -0.5993 -0.3270
v  -0.5108 -0.5383 -0.3339
v  -0.5604 -0.5852 -0.3013
v  -0.5365 -0.5241 -0.3074
v  -0.5785 -0.5744 -0.2756
v  -0.5559 -0.5132 -0.2810
v  -0.5894 -0.5676 -0.2515
v  -0.5677 -0.5064 -0.2562
v  -0.5954 -0.5635 -0.2288
v  -0.5745 -0.5024 -0.2328
v  -0.5989 -0.5609 -0.2072
v  -0.5787 -0.4998 -0.2106
v  -0.6023 -0.5584 -0.1865
v  -0.5826 -0.4973 -0.1893
v  -0.6079 -0.5547 -0.1665
v  -0.5889 -0.4937 -0.1687
v  -0.6141 -0.5508 -0.1456
v  -0.5956 -0.4899 -0.1471
v  -0.6333 -0.6067 -0.1204
v  -0.6191 -0.5477 -0.1224
v  -0.6350 -0.6051 -0.0945
v  -0.6211 -0.5462 -0.0954
v  -0.6454 -0.6618 -0.0926
v  -0.6523 -0.7158 -0.0900
v  -0.6547 -0.7683 -0.1082
v  -0.6557 -0.7663 -0.0873
v  -0.6547 -0.8145 -0.1039
v  -0.6555 -0.8126 -0.0851
v  -0.6512 -0.8557 -0.1005
v  -0.6517 -0.8540 -0.0838
v  -0.6448 -0.8922 -0.0977
v  -0.6449 -0.8907 -0.0832
v  -0.6358 -0.9241 -0.0954
v  -0.6356 -0.9230 -0.0831
v  -0.6250 -0.9519 -0.0933
v  -0.6246 -0.9510 -0.0832
v  -0.6128 -0.9756 -0.0913
v  -0.6123 -0.9750 -0.0833
v  -0.6003 -0.9954 -0.0894
v  -0.5999 -0.9949 -0.0834
v  -0.5887 -1.0111 -0.0878
v  -0.5884 -1.0107 -0.0834
v  -0.5789 -1.0227 -0.0865
v  -0.5787 -1.0225 -0.0835
v  -0.5721 -1.0303 -0.0856
v  -0.5720 -1.0301 -0.0835
v  -0.5676 -1.0348 -0.0850
v  -0.5675 -1.0347 -0.0834
v  -0.5646 -1.0373 -0.0846
v  -0.5646 -1.0371 -0.0833
v  -0.5624 -1.0385 -0.0832
v  -0.5624 -1.0387 -0.0844
v  -0.5603 -1.0399 -0.0830
v  -0.5603 -1.0400 -0.0843
v  -0.5583 -1.0413 -0.0842
v  -0.5583 -1.0412 -0.0829
v  -0.5561 -1.0426 -0.0829
v  -0.5562 -1.0427 -0.0844
v  -0.5544 -1.0440 -0.0851
v  -0.5534 -1.0443 -0.0830
v  -0.5528 -1.0452 -0.0865
v  -0.5518 -1.0457 -0.0855
v  -0.5496 -1.0477 -0.0897
v  -0.5506 -1.0467 -0.0876
v  -0.2351 -0.9101 -0.3012
v  -0.2760 -0.9504 -0.2837
v  -0.2161 -0.9200 -0.2757
v  -0.2585 -0.9594 -0.2596
v  -0.2991 -0.9925 -0.2423
v  -0.3152 -0.9844 -0.2645
v  -0.3375 -1.0189 -0.2244
v  -0.3520 -1.0118 -0.2444
v  -0.3730 -1.0381 -0.2064
v  -0.3859 -1.0319 -0.2240
v  -0.4056 -1.0512 -0.1887
v  -0.4168 -1.0458 -0.2038
v  -0.4351 -1.0591 -0.1714
v  -0.4445 -1.0545 -0.1841
v  -0.4614 -1.0628 -0.1550
v  -0.4691 -1.0591 -0.1653
v  -0.4842 -1.0634 -0.1396
v  -0.4903 -1.0605 -0.1476
v  -0.5035 -1.0619 -0.1257
v  -0.5081 -1.0597 -0.1318
v  -0.5190 -1.0591 -0.1139
v  -0.5224 -1.0575 -0.1183
v  -0.5307 -1.0561 -0.1046
v  -0.5331 -1.0550 -0.1076
v  -0.5384 -1.0538 -0.0983
v  -0.5401 -1.0529 -0.1004
v  -0.5430 -1.0520 -0.0943
v  -0.5442 -1.0514 -0.0958
v  -0.5453 -1.0507 -0.0918
v  -0.5464 -1.0501 -0.0929
v  -0.5465 -1.0497 -0.0900
v  -0.5476 -1.0491 -0.0909
v  -0.5473 -1.0490 -0.0882
v  -0.5485 -1.0483 -0.0889
v  -0.5479 -1.0483 -0.0864
v  -0.5494 -1.0475 -0.0870
v  -0.5483 -1.0478 -0.0847
v  -0.5502 -1.0467 -0.0850
v  -0.5485 -1.0475 -0.0831
v  -0.5507 -1.0461 -0.0832
v  -0.5506 -1.0460 -0.0816
v  -0.5524 -1.0447 -0.0810
v  -0.5485 -1.0473 -0.0818
v  -0.4403 -0.6444 0.1945
v  -0.4615 -0.6969 0.1837
v  -0.4444 -0.7064 0.1922
v  -0.4223 -0.6543 0.2032
v  -0.4805 -0.7470 0.1711
v  -0.4645 -0.7560 0.1792
v  -0.4974 -0.7939 0.1564
v  -0.4826 -0.8023 0.1640
v  -0.5122 -0.8370 0.1393
v  -0.4987 -0.8447 0.1462
v  -0.5247 -0.8757 0.1195
v  -0.5127 -0.8826 0.1256
v  -0.5351 -0.9091 0.0967
v  -0.5245 -0.9152 0.1019
v  -0.5434 -0.9378 0.0721
v  -0.5343 -0.9430 0.0763
v  -0.5497 -0.9621 0.0469
v  -0.5421 -0.9664 0.0502
v  -0.5541 -0.9825 0.0223
v  -0.5480 -0.9860 0.0247
v  -0.5568 -0.9995 -0.0005
v  -0.5520 -1.0022 0.0013
v  -0.5582 -1.0132 -0.0209
v  -0.5545 -1.0152 -0.0196
v  -0.5585 -1.0237 -0.0382
v  -0.5559 -1.0252 -0.0372
v  -0.5583 -1.0313 -0.0517
v  -0.5565 -1.0324 -0.0511
v  -0.5579 -1.0362 -0.0609
v  -0.5567 -1.0370 -0.0604
v  -0.5574 -1.0391 -0.0668
v  -0.5564 -1.0396 -0.0664
v  -0.5566 -1.0406 -0.0703
v  -0.5559 -1.0410 -0.0699
v  -0.5558 -1.0414 -0.0725
v  -0.5551 -1.0418 -0.0720
v  -0.5549 -1.0423 -0.0744
v  -0.5543 -1.0426 -0.0739
v  -0.5536 -1.0429 -0.0733
v  -0.5545 -1.0421 -0.0716
v  -0.5530 -1.0432 -0.0726
v  -0.5538 -1.0425 -0.0711
v  -0.5544 -1.0419 -0.0691
v  -0.5551 -1.0414 -0.0695
v  -0.5545 -1.0408 -0.0656
v  -0.5555 -1.0402 -0.0659
v  -0.5541 -1.0385 -0.0593
v  -0.5554 -1.0377 -0.0599
v  -0.5530 -1.0346 -0.0494
v  -0.5548 -1.0334 -0.0502
v  -0.5510 -1.0283 -0.0347
v  -0.5535 -1.0267 -0.0360
v  -0.5477 -1.0195 -0.0159
v  -0.5512 -1.0173 -0.0178
v  -0.5429 -1.0080 0.0065
v  -0.5475 -1.0050 0.0038
v  -0.5363 -0.9934 0.0318
v  -0.5422 -0.9896 0.0282
v  -0.5274 -0.9757 0.0595
v  -0.5349 -0.9709 0.0547
v  -0.5164 -0.9541 0.0880
v  -0.5255 -0.9483 0.0820
v  -0.5034 -0.9283 0.1159
v  -0.5142 -0.9214 0.1087
v  -0.4883 -0.8975 0.1417
v  -0.5008 -0.8897 0.1335
v  -0.4713 -0.8614 0.1641
v  -0.4854 -0.8527 0.1550
v  -0.4525 -0.8204 0.1832
v  -0.4680 -0.8110 0.1735
v  -0.4318 -0.7754 0.1994
v  -0.4487 -0.7653 0.1892
v  -0.4094 -0.7270 0.2130
v  -0.4274 -0.7163 0.2025
v  -0.3853 -0.6757 0.2244
v  -0.4044 -0.6646 0.2137
v  -0.3816 -0.6354 0.2236
v  -0.3890 -0.6312 0.2195
v  -0.3693 -0.6423 0.2302
v  -0.3611 -0.6468 0.2336
v  -0.3469 -0.6546 0.2391
v  -0.3374 -0.6596 0.2411
v  -0.3205 -0.6685 0.2444
v  -0.3094 -0.6741 0.2444
v  -0.2886 -0.6846 0.2442
v  -0.2768 -0.6904 0.2422
v  -0.2535 -0.7017 0.2383
v  -0.2420 -0.7072 0.2347
v  -0.2172 -0.7189 0.2269
v  -0.2071 -0.7235 0.2219
v  -0.1819 -0.7349 0.2098
v  -0.1740 -0.7383 0.2040
v  -0.1497 -0.7488 0.1869
v  -0.1441 -0.7510 0.1816
v  -0.1212 -0.7604 0.1602
v  -0.1178 -0.7617 0.1561
v  -0.0970 -0.7696 0.1316
v  -0.0955 -0.7701 0.1293
v  -0.0780 -0.7762 0.1032
v  -0.0776 -0.7763 0.1024
v  -0.0691 -0.7789 0.0854
v  -0.0654 -0.7809 0.0768
v  -0.0648 -0.7801 0.0769
v  -0.0650 -0.7800 0.0772
v  -0.0562 -0.7820 0.0535
v  -0.0557 -0.7821 0.0523
v  -0.0491 -0.7832 0.0311
v  -0.0485 -0.7833 0.0291
v  -0.0420 -0.7845 0.0096
v  -0.0411 -0.7847 0.0071
v  -0.0330 -0.7869 -0.0113
v  -0.0317 -0.7872 -0.0143
v  -0.0234 -0.7894 -0.0328
v  -0.0217 -0.7899 -0.0367
v  -0.0146 -0.7914 -0.0565
v  -0.0128 -0.7918 -0.0617
v  -0.0081 -0.7918 -0.0840
v  -0.0066 -0.7918 -0.0911
v  -0.0052 -0.7898 -0.1166
v  -0.0047 -0.7890 -0.1265
v  -0.0065 -0.7853 -0.1531
v  -0.0073 -0.7836 -0.1656
v  -0.0118 -0.7785 -0.1916
v  -0.0145 -0.7757 -0.2062
v  -0.0216 -0.7695 -0.2300
v  -0.0264 -0.7654 -0.2457
v  -0.0359 -0.7585 -0.2663
v  -0.0434 -0.7531 -0.2818
v  -0.0542 -0.7458 -0.2991
v  -0.0638 -0.7394 -0.3136
v  -0.0752 -0.7321 -0.3274
v  -0.0864 -0.7251 -0.3402
v  -0.0976 -0.7184 -0.3505
v  -0.1097 -0.7112 -0.3607
v  -0.1202 -0.7052 -0.3674
v  -0.1323 -0.6983 -0.3744
v  -0.1421 -0.6929 -0.3786
v  -0.1541 -0.6863 -0.3833
v  -0.1632 -0.6814 -0.3863
v  -0.1751 -0.6751 -0.3897
v  -0.1836 -0.6705 -0.3923
v  -0.1950 -0.6644 -0.3956
v  -0.2031 -0.6599 -0.3988
v  -0.2139 -0.6540 -0.4032
v  -0.2225 -0.6493 -0.4064
v  -0.2336 -0.6432 -0.4108
v  -0.2436 -0.6379 -0.4134
v  -0.2559 -0.6313 -0.4169
v  -0.2683 -0.6249 -0.4181
v  -0.2828 -0.6174 -0.4198
v  -0.2985 -0.6095 -0.4187
v  -0.3160 -0.6008 -0.4178
v  -0.3344 -0.5919 -0.4143
v  -0.3533 -0.5827 -0.4108
v  -0.3736 -0.5731 -0.4047
v  -0.3926 -0.5641 -0.3990
v  -0.4138 -0.5543 -0.3898
v  -0.4316 -0.5461 -0.3822
v  -0.4528 -0.5367 -0.3694
v  -0.4681 -0.5300 -0.3603
v  -0.4886 -0.5213 -0.3445
v  -0.5008 -0.5161 -0.3352
v  -0.5194 -0.5086 -0.3169
v  -0.5282 -0.5051 -0.3084
v  -0.5435 -0.4994 -0.2888
v  -0.5492 -0.4973 -0.2817
v  -0.5594 -0.4942 -0.2622
v  -0.5624 -0.4933 -0.2567
v  -0.5688 -0.4920 -0.2374
v  -0.5703 -0.4917 -0.2332
v  -0.5747 -0.4915 -0.2140
v  -0.5754 -0.4915 -0.2108
v  -0.5798 -0.4913 -0.1916
v  -0.5803 -0.4913 -0.1895
v  -0.5869 -0.4900 -0.1701
v  -0.5874 -0.4899 -0.1687
v  -0.5948 -0.4884 -0.1477
v  -0.5950 -0.4883 -0.1471
v  -0.5993 -0.4879 -0.1307
v  -0.6013 -0.4877 -0.1228
v  -0.6013 -0.4877 -0.1232
v  -0.6045 -0.4890 -0.0952
v  -0.6044 -0.4893 -0.0934
v  -0.6186 -0.5474 -0.0631
v  -0.6030 -0.4933 -0.0619
v  -0.6023 -0.4940 -0.0581
v  -0.6115 -0.5511 -0.0275
v  -0.5969 -0.5002 -0.0253
v  -0.5952 -0.5017 -0.0194
v  -0.6003 -0.5572 0.0097
v  -0.5864 -0.5096 0.0128
v  -0.5834 -0.5119 0.0203
v  -0.5850 -0.5656 0.0463
v  -0.5716 -0.5210 0.0502
v  -0.5670 -0.5242 0.0588
v  -0.5658 -0.5762 0.0807
v  -0.5527 -0.5343 0.0851
v  -0.5466 -0.5383 0.0940
v  -0.5442 -0.5881 0.1116
v  -0.5311 -0.5485 0.1166
v  -0.5240 -0.5530 0.1250
v  -0.5215 -0.6006 0.1383
v  -0.5082 -0.5629 0.1436
v  -0.5007 -0.5675 0.1508
v  -0.4991 -0.6128 0.1597
v  -0.4856 -0.5766 0.1652
v  -0.4783 -0.5809 0.1706
v  -0.4784 -0.6240 0.1748
v  -0.4646 -0.5889 0.1805
v  -0.4574 -0.5929 0.1845
v  -0.4589 -0.6344 0.1858
v  -0.4448 -0.6000 0.1914
v  -0.4378 -0.6039 0.1947
v  -0.4259 -0.6106 0.2002
v  -0.4976 -0.6775 0.1647
v  -0.4791 -0.6874 0.1752
v  -0.5144 -0.7287 0.1531
v  -0.4970 -0.7380 0.1630
v  -0.5288 -0.7770 0.1397
v  -0.5127 -0.7856 0.1489
v  -0.5408 -0.8215 0.1242
v  -0.5261 -0.8294 0.1326
v  -0.5505 -0.8617 0.1062
v  -0.5372 -0.8688 0.1136
v  -0.5579 -0.8968 0.0854
v  -0.5461 -0.9030 0.0917
v  -0.5632 -0.9271 0.0628
v  -0.5529 -0.9325 0.0680
v  -0.5664 -0.9532 0.0395
v  -0.5578 -0.9577 0.0437
v  -0.5679 -0.9753 0.0166
v  -0.5608 -0.9790 0.0199
v  -0.5677 -0.9938 -0.0048
v  -0.5621 -0.9967 -0.0023
v  -0.5663 -1.0088 -0.0241
v  -0.5621 -1.0110 -0.0222
v  -0.5644 -1.0206 -0.0406
v  -0.5614 -1.0222 -0.0392
v  -0.5623 -1.0292 -0.0535
v  -0.5603 -1.0303 -0.0525
v  -0.5607 -1.0347 -0.0623
v  -0.5593 -1.0355 -0.0615
v  -0.5594 -1.0379 -0.0679
v  -0.5583 -1.0385 -0.0672
v  -0.5583 -1.0397 -0.0713
v  -0.5574 -1.0401 -0.0707
v  -0.5573 -1.0406 -0.0735
v  -0.5565 -1.0410 -0.0730
v  -0.5555 -1.0419 -0.0750
v  -0.5563 -1.0415 -0.0756
v  -0.5552 -1.0425 -0.0776
v  -0.5544 -1.0429 -0.0768
v  -0.5538 -1.0432 -0.0761
v  -0.5532 -1.0439 -0.0784
v  -0.5526 -1.0441 -0.0774
v  -0.5521 -1.0443 -0.0765
v  -0.5532 -1.0434 -0.0753
v  -0.5516 -1.0446 -0.0756
v  -0.5527 -1.0437 -0.0746
v  -0.5510 -1.0448 -0.0746
v  -0.5521 -1.0440 -0.0738
v  -0.5504 -1.0450 -0.0734
v  -0.5515 -1.0442 -0.0727
v  -0.5524 -1.0435 -0.0717
v  -0.5566 -1.0420 -0.0810
v  -0.5550 -1.0430 -0.0805
v  -0.5561 -1.0420 -0.0784
v  -0.5574 -1.0412 -0.0791
v  -0.5582 -1.0404 -0.0771
v  -0.5571 -1.0410 -0.0763
v  -0.5581 -1.0401 -0.0742
v  -0.5592 -1.0392 -0.0720
v  -0.5602 -1.0386 -0.0730
v  -0.5591 -1.0396 -0.0751
v  -0.5602 -1.0390 -0.0760
v  -0.5594 -1.0397 -0.0778
v  -0.5605 -1.0373 -0.0688
v  -0.5618 -1.0367 -0.0700
v  -0.5622 -1.0339 -0.0635
v  -0.5639 -1.0330 -0.0651
v  -0.5646 -1.0280 -0.0551
v  -0.5670 -1.0268 -0.0575
v  -0.5677 -1.0189 -0.0428
v  -0.5712 -1.0171 -0.0460
v  -0.5709 -1.0065 -0.0271
v  -0.5759 -1.0040 -0.0316
v  -0.5738 -0.9907 -0.0087
v  -0.5804 -0.9874 -0.0147
v  -0.5756 -0.9713 0.0117
v  -0.5840 -0.9671 0.0040
v  -0.5758 -0.9484 0.0333
v  -0.5860 -0.9432 0.0238
v  -0.5742 -0.9214 0.0552
v  -0.5863 -0.9152 0.0438
v  -0.5706 -0.8902 0.0764
v  -0.5845 -0.8829 0.0631
v  -0.5648 -0.8542 0.0958
v  -0.5805 -0.8460 0.0807
v  -0.5566 -0.8132 0.1125
v  -0.5739 -0.8041 0.0958
v  -0.5460 -0.7678 0.1269
v  -0.5648 -0.7579 0.1086
v  -0.5329 -0.7189 0.1393
v  -0.5530 -0.7081 0.1197
v  -0.5173 -0.6670 0.1501
v  -0.5386 -0.6554 0.1295
v  -0.5602 -0.6437 0.1038
v  -0.5734 -0.6971 0.0954
v  -0.5809 -0.6325 0.0741
v  -0.5930 -0.6867 0.0671
v  -0.6022 -0.7381 0.0594
v  -0.5838 -0.7477 0.0859
v  -0.6085 -0.7861 0.0504
v  -0.5915 -0.7948 0.0748
v  -0.6119 -0.8299 0.0397
v  -0.5965 -0.8377 0.0618
v  -0.6125 -0.8688 0.0268
v  -0.5987 -0.8756 0.0464
v  -0.6106 -0.9031 0.0125
v  -0.5986 -0.9090 0.0294
v  -0.6065 -0.9330 -0.0025
v  -0.5964 -0.9379 0.0117
v  -0.6007 -0.9589 -0.0174
v  -0.5925 -0.9629 -0.0058
v  -0.5936 -0.9810 -0.0315
v  -0.5871 -0.9840 -0.0224
v  -0.5858 -0.9992 -0.0443
v  -0.5810 -1.0015 -0.0374
v  -0.5783 -1.0137 -0.0552
v  -0.5748 -1.0153 -0.0503
v  -0.5719 -1.0244 -0.0639
v  -0.5695 -1.0255 -0.0604
v  -0.5673 -1.0314 -0.0697
v  -0.5657 -1.0322 -0.0672
v  -0.5643 -1.0355 -0.0733
v  -0.5630 -1.0361 -0.0715
v  -0.5624 -1.0375 -0.0754
v  -0.5613 -1.0380 -0.0742
v  -0.5608 -1.0390 -0.0784
v  -0.5605 -1.0394 -0.0800
v  -0.5589 -1.0403 -0.0796
v  -0.5614 -1.0384 -0.0768
v  -0.5623 -1.0378 -0.0774
v  -0.5623 -1.0380 -0.0786
v  -0.5604 -1.0396 -0.0816
v  -0.5585 -1.0408 -0.0813
v  -0.5622 -1.0382 -0.0802
v  -0.5623 -1.0384 -0.0818
v  -0.5644 -1.0371 -0.0818
v  -0.5641 -1.0370 -0.0801
v  -0.5668 -1.0346 -0.0795
v  -0.5673 -1.0346 -0.0815
v  -0.5710 -1.0301 -0.0781
v  -0.5716 -1.0301 -0.0809
v  -0.5772 -1.0225 -0.0759
v  -0.5782 -1.0224 -0.0799
v  -0.5861 -1.0109 -0.0725
v  -0.5875 -1.0106 -0.0783
v  -0.5967 -0.9951 -0.0683
v  -0.5987 -0.9948 -0.0762
v  -0.6080 -0.9754 -0.0633
v  -0.6107 -0.9749 -0.0738
v  -0.6192 -0.9516 -0.0579
v  -0.6226 -0.9509 -0.0712
v  -0.6292 -0.9238 -0.0521
v  -0.6334 -0.9229 -0.0684
v  -0.6375 -0.8918 -0.0464
v  -0.6424 -0.8906 -0.0657
v  -0.6436 -0.8554 -0.0413
v  -0.6491 -0.8539 -0.0636
v  -0.6467 -0.8144 -0.0371
v  -0.6527 -0.8126 -0.0623
v  -0.6464 -0.7686 -0.0344
v  -0.6528 -0.7664 -0.0622
v  -0.6426 -0.7186 -0.0325
v  -0.6494 -0.7161 -0.0627
v  -0.6355 -0.6653 -0.0311
v  -0.6425 -0.6624 -0.0634
v  -0.6252 -0.6092 -0.0295
v  -0.6322 -0.6059 -0.0637
v  -0.6248 -0.6704 0.0026
v  -0.6141 -0.6148 0.0060
v  -0.6105 -0.6775 0.0359
v  -0.5993 -0.6226 0.0411
v  -0.6323 -0.7232 -0.0010
v  -0.6187 -0.7297 0.0302
v  -0.6366 -0.7726 -0.0053
v  -0.6239 -0.7785 0.0234
v  -0.6377 -0.8179 -0.0108
v  -0.6260 -0.8231 0.0153
v  -0.6355 -0.8584 -0.0180
v  -0.6250 -0.8629 0.0052
v  -0.6305 -0.8943 -0.0262
v  -0.6214 -0.8980 -0.0062
v  -0.6233 -0.9258 -0.0351
v  -0.6157 -0.9289 -0.0182
v  -0.6144 -0.9531 -0.0440
v  -0.6082 -0.9556 -0.0302
v  -0.6042 -0.9765 -0.0524
v  -0.5994 -0.9784 -0.0416
v  -0.5902 -0.9973 -0.0519
v  -0.5938 -0.9960 -0.0600
v  -0.5841 -1.0114 -0.0666
v  -0.5815 -1.0124 -0.0607
v  -0.5758 -1.0229 -0.0718
v  -0.5741 -1.0235 -0.0677
v  -0.5701 -1.0304 -0.0752
v  -0.5688 -1.0308 -0.0724
v  -0.5662 -1.0347 -0.0773
v  -0.5654 -1.0350 -0.0752
v  -0.5639 -1.0370 -0.0784
v  -0.5633 -1.0371 -0.0768
v  -0.5539 -1.0435 -0.0795
v  -0.5502 -1.0461 -0.0803
v  -0.5518 -1.0449 -0.0796
v  -0.5498 -1.0462 -0.0792
v  -0.5513 -1.0451 -0.0785
v  -0.5494 -1.0463 -0.0782
v  -0.5508 -1.0453 -0.0775
v  -0.5504 -1.0455 -0.0765
v  -0.5492 -1.0459 -0.0741
v  -0.5498 -1.0456 -0.0754
v  -0.5487 -1.0465 -0.0761
v  -0.5481 -1.0467 -0.0748
v  -0.5474 -1.0474 -0.0767
v  -0.5470 -1.0475 -0.0755
v  -0.5474 -1.0470 -0.0733
v  -0.5485 -1.0461 -0.0725
v  -0.5497 -1.0453 -0.0718
v  -0.5464 -1.0474 -0.0715
v  -0.5476 -1.0465 -0.0706
v  -0.5443 -1.0478 -0.0683
v  -0.5458 -1.0466 -0.0672
v  -0.5404 -1.0479 -0.0628
v  -0.5424 -1.0464 -0.0613
v  -0.5338 -1.0478 -0.0541
v  -0.5367 -1.0456 -0.0519
v  -0.5238 -1.0470 -0.0411
v  -0.5279 -1.0440 -0.0380
v  -0.5103 -1.0452 -0.0245
v  -0.5159 -1.0411 -0.0201
v  -0.4932 -1.0417 -0.0047
v  -0.5005 -1.0364 0.0013
v  -0.4726 -1.0360 0.0176
v  -0.4817 -1.0294 0.0255
v  -0.4482 -1.0275 0.0420
v  -0.4592 -1.0197 0.0519
v  -0.4207 -1.0154 0.0670
v  -0.4335 -1.0063 0.0791
v  -0.3904 -0.9989 0.0913
v  -0.4053 -0.9887 0.1057
v  -0.3579 -0.9774 0.1135
v  -0.3749 -0.9659 0.1300
v  -0.3236 -0.9499 0.1323
v  -0.3430 -0.9372 0.1506
v  -0.2880 -0.9170 0.1480
v  -0.3099 -0.9030 0.1679
v  -0.3075 -0.9613 0.1109
v  -0.2697 -0.9294 0.1249
v  -0.2947 -0.9709 0.0881
v  -0.2550 -0.9399 0.1002
v  -0.2851 -0.9787 0.0658
v  -0.2440 -0.9482 0.0759
v  -0.2785 -0.9842 0.0455
v  -0.2366 -0.9541 0.0538
v  -0.2740 -0.9883 0.0271
v  -0.2316 -0.9582 0.0336
v  -0.2705 -0.9916 0.0100
v  -0.2278 -0.9616 0.0149
v  -0.1837 -0.9260 0.0188
v  -0.2238 -0.9649 -0.0026
v  -0.1793 -0.9293 -0.0001
v  -0.2184 -0.9691 -0.0193
v  -0.1733 -0.9336 -0.0181
v  -0.2129 -0.9735 -0.0365
v  -0.1670 -0.9382 -0.0367
v  -0.2082 -0.9775 -0.0558
v  -0.1617 -0.9423 -0.0575
v  -0.2057 -0.9804 -0.0785
v  -0.1587 -0.9452 -0.0819
v  -0.2065 -0.9817 -0.1060
v  -0.1595 -0.9462 -0.1115
v  -0.2106 -0.9812 -0.1368
v  -0.1640 -0.9451 -0.1445
v  -0.2179 -0.9787 -0.1691
v  -0.1720 -0.9420 -0.1791
v  -0.2285 -0.9743 -0.2014
v  -0.1836 -0.9366 -0.2136
v  -0.2423 -0.9676 -0.2319
v  -0.1986 -0.9291 -0.2461
v  -0.2717 -1.0056 -0.1887
v  -0.2843 -0.9998 -0.2168
v  -0.3128 -1.0303 -0.1760
v  -0.3241 -1.0253 -0.2014
v  -0.3511 -1.0479 -0.1638
v  -0.3612 -1.0436 -0.1861
v  -0.3866 -1.0595 -0.1519
v  -0.3953 -1.0559 -0.1712
v  -0.4190 -1.0660 -0.1407
v  -0.4264 -1.0630 -0.1568
v  -0.4480 -1.0685 -0.1300
v  -0.4542 -1.0660 -0.1431
v  -0.4736 -1.0679 -0.1200
v  -0.4785 -1.0660 -0.1303
v  -0.4954 -1.0653 -0.1110
v  -0.4991 -1.0638 -0.1187
v  -0.5131 -1.0616 -0.1033
v  -0.5159 -1.0605 -0.1089
v  -0.5266 -1.0578 -0.0972
v  -0.5285 -1.0571 -0.1011
v  -0.5354 -1.0550 -0.0931
v  -0.5368 -1.0545 -0.0958
v  -0.5407 -1.0530 -0.0906
v  -0.5417 -1.0526 -0.0925
v  -0.5434 -1.0516 -0.0892
v  -0.5443 -1.0512 -0.0905
v  -0.5444 -1.0509 -0.0885
v  -0.5453 -1.0504 -0.0892
v  -0.5445 -1.0507 -0.0873
v  -0.5460 -1.0497 -0.0876
v  -0.5445 -1.0504 -0.0857
v  -0.5463 -1.0493 -0.0860
v  -0.5445 -1.0503 -0.0842
v  -0.5464 -1.0490 -0.0844
v  -0.5444 -1.0501 -0.0828
v  -0.5465 -1.0488 -0.0830
v  -0.5464 -1.0485 -0.0797
v  -0.5482 -1.0473 -0.0796
v  -0.5484 -1.0473 -0.0806
v  -0.5464 -1.0485 -0.0807
v  -0.5463 -1.0484 -0.0788
v  -0.5479 -1.0473 -0.0786
v  -0.5462 -1.0483 -0.0779
v  -0.5461 -1.0483 -0.0770
v  -0.5477 -1.0473 -0.0777
v  -0.5491 -1.0464 -0.0772
v  -0.5452 -1.0486 -0.0747
v  -0.5442 -1.0491 -0.0733
v  -0.5452 -1.0483 -0.0724
v  -0.5463 -1.0478 -0.0741
v  -0.5417 -1.0498 -0.0709
v  -0.5429 -1.0488 -0.0696
v  -0.5370 -1.0506 -0.0665
v  -0.5385 -1.0494 -0.0646
v  -0.5290 -1.0515 -0.0594
v  -0.5312 -1.0497 -0.0567
v  -0.5170 -1.0523 -0.0487
v  -0.5201 -1.0498 -0.0448
v  -0.5010 -1.0524 -0.0351
v  -0.5053 -1.0490 -0.0296
v  -0.4812 -1.0511 -0.0190
v  -0.4867 -1.0467 -0.0116
v  -0.4579 -1.0474 -0.0011
v  -0.4646 -1.0421 0.0086
v  -0.4311 -1.0409 0.0181
v  -0.4389 -1.0346 0.0304
v  -0.4012 -1.0307 0.0377
v  -0.4099 -1.0236 0.0528
v  -0.3683 -1.0161 0.0566
v  -0.3782 -1.0081 0.0744
v  -0.3327 -0.9964 0.0737
v  -0.3439 -0.9876 0.0942
v  -0.3608 -1.0226 0.0390
v  -0.3243 -1.0035 0.0536
v  -0.3555 -1.0274 0.0232
v  -0.3184 -1.0087 0.0355
v  -0.3518 -1.0311 0.0088
v  -0.3143 -1.0127 0.0189
v  -0.3488 -1.0342 -0.0046
v  -0.3111 -1.0159 0.0037
v  -0.3460 -1.0372 -0.0172
v  -0.3079 -1.0191 -0.0106
v  -0.2669 -0.9949 -0.0059
v  -0.3039 -1.0228 -0.0244
v  -0.2622 -0.9989 -0.0212
v  -0.2998 -1.0266 -0.0387
v  -0.2574 -1.0030 -0.0370
v  -0.2964 -1.0300 -0.0547
v  -0.2534 -1.0068 -0.0547
v  -0.2947 -1.0327 -0.0736
v  -0.2513 -1.0097 -0.0756
v  -0.2953 -1.0343 -0.0966
v  -0.2520 -1.0112 -0.1010
v  -0.2985 -1.0346 -0.1223
v  -0.2556 -1.0111 -0.1293
v  -0.3043 -1.0333 -0.1492
v  -0.2622 -1.0093 -0.1590
v  -0.3385 -1.0513 -0.1162
v  -0.3436 -1.0504 -0.1400
v  -0.3756 -1.0622 -0.1109
v  -0.3801 -1.0615 -0.1315
v  -0.4095 -1.0683 -0.1062
v  -0.4134 -1.0677 -0.1235
v  -0.4401 -1.0703 -0.1019
v  -0.4434 -1.0699 -0.1160
v  -0.4672 -1.0694 -0.0979
v  -0.4698 -1.0690 -0.1090
v  -0.4904 -1.0664 -0.0944
v  -0.4925 -1.0661 -0.1027
v  -0.5095 -1.0625 -0.0914
v  -0.5110 -1.0622 -0.0974
v  -0.5239 -1.0585 -0.0890
v  -0.5250 -1.0583 -0.0931
v  -0.5335 -1.0555 -0.0873
v  -0.5343 -1.0554 -0.0902
v  -0.5393 -1.0533 -0.0863
v  -0.5399 -1.0532 -0.0885
v  -0.5426 -1.0517 -0.0858
v  -0.5429 -1.0517 -0.0875
v  -0.5390 -1.0533 -0.0842
v  -0.5424 -1.0516 -0.0841
v  -0.5388 -1.0532 -0.0824
v  -0.5422 -1.0515 -0.0826
v  -0.5387 -1.0530 -0.0808
v  -0.5422 -1.0514 -0.0813
v  -0.5444 -1.0500 -0.0815
v  -0.5388 -1.0527 -0.0794
v  -0.5423 -1.0512 -0.0802
v  -0.5444 -1.0498 -0.0805
v  -0.5390 -1.0525 -0.0782
v  -0.5424 -1.0510 -0.0792
v  -0.5445 -1.0497 -0.0796
v  -0.5445 -1.0495 -0.0787
v  -0.5425 -1.0507 -0.0782
v  -0.5427 -1.0505 -0.0773
v  -0.5446 -1.0494 -0.0778
v  -0.5428 -1.0503 -0.0763
v  -0.5446 -1.0492 -0.0769
v  -0.5430 -1.0501 -0.0753
v  -0.5445 -1.0492 -0.0759
v  -0.5458 -1.0483 -0.0759
v  -0.5444 -1.0491 -0.0750
v  -0.5434 -1.0497 -0.0743
v  -0.5402 -1.0511 -0.0736
v  -0.5408 -1.0505 -0.0723
v  -0.5348 -1.0524 -0.0702
v  -0.5357 -1.0516 -0.0684
v  -0.5260 -1.0541 -0.0645
v  -0.5272 -1.0530 -0.0620
v  -0.5126 -1.0560 -0.0561
v  -0.5144 -1.0544 -0.0526
v  -0.4951 -1.0575 -0.0455
v  -0.4975 -1.0553 -0.0405
v  -0.4737 -1.0575 -0.0331
v  -0.4769 -1.0547 -0.0263
v  -0.4488 -1.0553 -0.0194
v  -0.4526 -1.0519 -0.0107
v  -0.4208 -1.0500 -0.0050
v  -0.4251 -1.0461 0.0060
v  -0.3896 -1.0410 0.0095
v  -0.3944 -1.0365 0.0229
v  -0.4177 -1.0531 -0.0151
v  -0.3862 -1.0444 -0.0028
v  -0.4154 -1.0556 -0.0245
v  -0.3836 -1.0472 -0.0142
v  -0.4133 -1.0579 -0.0336
v  -0.3811 -1.0499 -0.0250
v  -0.4110 -1.0604 -0.0425
v  -0.3783 -1.0528 -0.0355
v  -0.3426 -1.0405 -0.0293
v  -0.3755 -1.0556 -0.0465
v  -0.3391 -1.0438 -0.0420
v  -0.3734 -1.0583 -0.0589
v  -0.3364 -1.0469 -0.0563
v  -0.3724 -1.0604 -0.0736
v  -0.3351 -1.0494 -0.0731
v  -0.3731 -1.0618 -0.0912
v  -0.3357 -1.0509 -0.0935
v  -0.4065 -1.0667 -0.0747
v  -0.4073 -1.0679 -0.0896
v  -0.4374 -1.0691 -0.0762
v  -0.4381 -1.0700 -0.0884
v  -0.4649 -1.0685 -0.0777
v  -0.4656 -1.0692 -0.0873
v  -0.4885 -1.0658 -0.0791
v  -0.4891 -1.0663 -0.0864
v  -0.5080 -1.0620 -0.0804
v  -0.5085 -1.0624 -0.0856
v  -0.5229 -1.0582 -0.0813
v  -0.5232 -1.0584 -0.0850
v  -0.5327 -1.0553 -0.0820
v  -0.5330 -1.0555 -0.0845
v  -0.5229 -1.0578 -0.0783
v  -0.5327 -1.0551 -0.0798
v  -0.5231 -1.0574 -0.0757
v  -0.5328 -1.0547 -0.0780
v  -0.5235 -1.0568 -0.0734
v  -0.5331 -1.0544 -0.0764
v  -0.5240 -1.0562 -0.0712
v  -0.5335 -1.0539 -0.0749
v  -0.5392 -1.0522 -0.0771
v  -0.5338 -1.0535 -0.0733
v  -0.5395 -1.0519 -0.0759
v  -0.5342 -1.0530 -0.0718
v  -0.5398 -1.0515 -0.0748
v  -0.5245 -1.0556 -0.0691
v  -0.5251 -1.0549 -0.0668
v  -0.5105 -1.0582 -0.0627
v  -0.5114 -1.0573 -0.0595
v  -0.4921 -1.0605 -0.0546
v  -0.4934 -1.0592 -0.0501
v  -0.4699 -1.0614 -0.0453
v  -0.4715 -1.0597 -0.0393
v  -0.4441 -1.0601 -0.0351
v  -0.4461 -1.0580 -0.0275
v  -0.4685 -1.0630 -0.0510
v  -0.4424 -1.0620 -0.0424
v  -0.4671 -1.0646 -0.0567
v  -0.4406 -1.0640 -0.0497
v  -0.4659 -1.0661 -0.0628
v  -0.4389 -1.0660 -0.0574
v  -0.4088 -1.0628 -0.0518
v  -0.4378 -1.0677 -0.0660
v  -0.4072 -1.0649 -0.0623
v  -0.4651 -1.0674 -0.0697
v  -0.4892 -1.0640 -0.0678
v  -0.4886 -1.0650 -0.0730
v  -0.5084 -1.0608 -0.0722
v  -0.5080 -1.0615 -0.0760
v  -0.4900 -1.0629 -0.0632
v  -0.5090 -1.0600 -0.0689
v  -0.4911 -1.0617 -0.0589
v  -0.5097 -1.0591 -0.0658
v  -0.3355 -0.8879 0.1826
v  -0.3658 -0.9233 0.1641
v  -0.3627 -0.8723 0.1922
v  -0.3903 -0.9090 0.1729
v  -0.4166 -0.9405 0.1500
v  -0.3950 -0.9534 0.1421
v  -0.4414 -0.9661 0.1232
v  -0.4227 -0.9776 0.1163
v  -0.4643 -0.9867 0.0940
v  -0.4484 -0.9966 0.0881
v  -0.4848 -1.0029 0.0641
v  -0.4717 -1.0113 0.0593
v  -0.5024 -1.0155 0.0351
v  -0.4919 -1.0225 0.0313
v  -0.5168 -1.0253 0.0087
v  -0.5086 -1.0309 0.0057
v  -0.5282 -1.0326 -0.0145
v  -0.5220 -1.0369 -0.0168
v  -0.5368 -1.0378 -0.0340
v  -0.5323 -1.0409 -0.0356
v  -0.5429 -1.0413 -0.0491
v  -0.5398 -1.0434 -0.0503
v  -0.5469 -1.0433 -0.0593
v  -0.5446 -1.0449 -0.0601
v  -0.5491 -1.0443 -0.0657
v  -0.5475 -1.0455 -0.0663
v  -0.5503 -1.0446 -0.0693
v  -0.5490 -1.0455 -0.0698
v  -0.5509 -1.0444 -0.0712
v  -0.5515 -1.0437 -0.0687
v  -0.5531 -1.0429 -0.0705
v  -0.5507 -1.0432 -0.0653
v  -0.5490 -1.0418 -0.0589
v  -0.5460 -1.0392 -0.0485
v  -0.5411 -1.0349 -0.0331
v  -0.5341 -1.0286 -0.0134
v  -0.5248 -1.0200 0.0102
v  -0.5127 -1.0088 0.0370
v  -0.4977 -0.9947 0.0664
v  -0.4800 -0.9770 0.0967
v  -0.4600 -0.9550 0.1264
v  -0.4381 -0.9279 0.1537
v  -0.4145 -0.8951 0.1771
v  -0.3896 -0.8571 0.1968
v  -0.5494 -1.0481 -0.0925
v  -0.4005 -0.6247 0.2130
v  -0.4074 -0.6208 0.2089
v  -0.4189 -0.6144 0.2035
# 1445 vertices

vn -0.5131 -0.8565 0.0565
vn -0.4611 -0.8865 -0.0389
vn -0.4463 -0.8945 -0.0272
vn -0.5089 -0.8588 0.0597
vn -0.4204 -0.9011 -0.1064
vn -0.3979 -0.9132 -0.0882
vn -0.3952 -0.9071 -0.1450
vn -0.3688 -0.9213 -0.1231
vn -0.3678 -0.9112 -0.1854
vn -0.3369 -0.9279 -0.1597
vn -0.3254 -0.9140 -0.2424
vn -0.2885 -0.9337 -0.2119
vn -0.2715 -0.9114 -0.3091
vn -0.2279 -0.9346 -0.2729
vn -0.2079 -0.9004 -0.3822
vn -0.1569 -0.9274 -0.3397
vn -0.1360 -0.8781 -0.4588
vn -0.0774 -0.9092 -0.4092
vn -0.0599 -0.8423 -0.5357
vn 0.0067 -0.8780 -0.4786
vn 0.0166 -0.7936 -0.6082
vn 0.0912 -0.8340 -0.5441
vn 0.0901 -0.7347 -0.6724
vn 0.1722 -0.7794 -0.6025
vn 0.1555 -0.6719 -0.7241
vn 0.2431 -0.7205 -0.6494
vn 0.2097 -0.6080 -0.7657
vn 0.3003 -0.6613 -0.6873
vn 0.2542 -0.5393 -0.8028
vn 0.3466 -0.5990 -0.7219
vn 0.2887 -0.4623 -0.8384
vn 0.3823 -0.5305 -0.7566
vn 0.1236 -0.5546 -0.8229
vn 0.1675 -0.4814 -0.8603
vn 0.2032 -0.3991 -0.8941
vn 0.0633 -0.5160 -0.8543
vn 0.1094 -0.4415 -0.8906
vn 0.1502 -0.3584 -0.9214
vn 0.0461 -0.5049 -0.8619
vn 0.0979 -0.4324 -0.8964
vn 0.1479 -0.3530 -0.9238
vn 0.0287 -0.4947 -0.8686
vn 0.0852 -0.4251 -0.9011
vn 0.1434 -0.3508 -0.9254
vn -0.0347 -0.4589 -0.8878
vn 0.0221 -0.3908 -0.9202
vn 0.0825 -0.3196 -0.9440
vn -0.1265 -0.4061 -0.9051
vn -0.0733 -0.3382 -0.9382
vn -0.0162 -0.2680 -0.9633
vn -0.2232 -0.3488 -0.9102
vn -0.1758 -0.2801 -0.9437
vn -0.1255 -0.2091 -0.9698
vn -0.3084 -0.2983 -0.9033
vn -0.2660 -0.2284 -0.9365
vn -0.2216 -0.1561 -0.9626
vn -0.3848 -0.2541 -0.8873
vn -0.3457 -0.1834 -0.9203
vn -0.3047 -0.1104 -0.9460
vn -0.4649 -0.2092 -0.8603
vn -0.4284 -0.1378 -0.8930
vn -0.3896 -0.0646 -0.9187
vn -0.5567 -0.1585 -0.8155
vn -0.5228 -0.0869 -0.8480
vn -0.4858 -0.0140 -0.8740
vn -0.6482 -0.1083 -0.7538
vn -0.6171 -0.0371 -0.7860
vn -0.5820 0.0347 -0.8125
vn -0.7293 -0.0646 -0.6811
vn -0.7011 0.0058 -0.7131
vn -0.6681 0.0758 -0.7402
vn -0.8082 -0.0217 -0.5885
vn -0.7830 0.0471 -0.6202
vn -0.7527 0.1148 -0.6482
vn -0.8912 0.0283 -0.4527
vn -0.8700 0.0939 -0.4841
vn -0.8435 0.1580 -0.5134
vn -0.9546 0.0758 -0.2881
vn -0.9382 0.1371 -0.3178
vn -0.9169 0.1965 -0.3473
vn -0.9816 0.1038 -0.1600
vn -0.9692 0.1611 -0.1861
vn -0.9526 0.2167 -0.2133
vn -0.9870 0.1081 -0.1185
vn -0.9765 0.1638 -0.1402
vn -0.9621 0.2181 -0.1635
vn -0.9777 0.0906 -0.1896
vn -0.9672 0.1476 -0.2069
vn -0.9528 0.2034 -0.2255
vn -0.9610 0.0749 -0.2661
vn -0.9509 0.1329 -0.2795
vn -0.9369 0.1896 -0.2937
vn -0.9673 0.0778 -0.2415
vn -0.9581 0.1357 -0.2521
vn -0.9456 0.1913 -0.2629
vn -0.9869 0.0895 -0.1341
vn -0.9788 0.1468 -0.1429
vn -0.9679 0.0133 -0.2509
vn -0.9735 0.0153 -0.2281
vn -0.9715 -0.0557 -0.2305
vn -0.9767 -0.0558 -0.2073
vn -0.9705 -0.1334 -0.2008
vn -0.9752 -0.1358 -0.1746
vn -0.9620 -0.2193 -0.1629
vn -0.9659 -0.2225 -0.1324
vn -0.9427 -0.3116 -0.1192
vn -0.9456 -0.3140 -0.0845
vn -0.9103 -0.4073 -0.0736
vn -0.9126 -0.4072 -0.0369
vn -0.8682 -0.4950 -0.0343
vn -0.8704 -0.4923 0.0008
vn -0.8247 -0.5655 -0.0041
vn -0.8271 -0.5614 0.0275
vn -0.7848 -0.6196 0.0171
vn -0.7873 -0.6150 0.0444
vn -0.7554 -0.6546 0.0290
vn -0.7578 -0.6504 0.0522
vn -0.7262 -0.6863 0.0405
vn -0.7283 -0.6826 0.0600
vn -0.6731 -0.7368 0.0635
vn -0.6741 -0.7346 0.0763
vn -0.5905 -0.8013 0.0957
vn -0.5907 -0.8007 0.0994
vn -0.5403 -0.8343 0.1094
vn -0.5404 -0.8343 0.1094
vn -0.5404 -0.8343 0.1092
vn -0.5404 -0.8343 0.1093
vn -0.5403 -0.8344 0.1094
vn -0.5403 -0.8344 0.1093
vn -0.5401 -0.8345 0.1093
vn -0.5402 -0.8344 0.1094
vn -0.5402 -0.8344 0.1095
vn -0.5401 -0.8344 0.1095
vn -0.5400 -0.8345 0.1095
vn -0.5400 -0.8345 0.1094
vn -0.5399 -0.8346 0.1095
vn -0.5202 -0.8525 0.0516
vn -0.5172 -0.8542 0.0535
vn -0.4859 -0.8723 -0.0554
vn -0.4753 -0.8785 -0.0488
vn -0.4585 -0.8790 -0.1310
vn -0.4422 -0.8886 -0.1215
vn -0.4402 -0.8808 -0.1744
vn -0.4211 -0.8922 -0.1631
vn -0.4203 -0.8805 -0.2192
vn -0.3979 -0.8939 -0.2063
vn -0.3887 -0.8770 -0.2825
vn -0.3615 -0.8933 -0.2672
vn -0.3474 -0.8673 -0.3566
vn -0.3145 -0.8869 -0.3384
vn -0.2973 -0.8484 -0.4381
vn -0.2583 -0.8716 -0.4166
vn -0.2392 -0.8177 -0.5236
vn -0.1941 -0.8448 -0.4987
vn -0.1758 -0.7736 -0.6088
vn -0.1255 -0.8042 -0.5810
vn -0.1107 -0.7176 -0.6876
vn -0.0561 -0.7510 -0.6580
vn -0.0470 -0.6529 -0.7560
vn 0.0110 -0.6883 -0.7254
vn 0.0116 -0.5852 -0.8108
vn 0.0717 -0.6222 -0.7795
vn -0.0687 -0.6401 -0.7652
vn -0.0085 -0.5731 -0.8195
vn -0.0901 -0.6272 -0.7736
vn -0.0285 -0.5612 -0.8272
vn -0.1501 -0.5917 -0.7921
vn -0.0908 -0.5251 -0.8462
vn -0.2326 -0.5413 -0.8080
vn -0.1785 -0.4730 -0.8628
vn -0.3177 -0.4877 -0.8132
vn -0.2697 -0.4171 -0.8679
vn -0.3929 -0.4406 -0.8072
vn -0.3502 -0.3680 -0.8614
vn -0.4615 -0.3990 -0.7924
vn -0.4231 -0.3249 -0.8459
vn -0.5341 -0.3566 -0.7665
vn -0.4999 -0.2809 -0.8192
vn -0.6174 -0.3086 -0.7236
vn -0.5881 -0.2312 -0.7750
vn -0.6999 -0.2609 -0.6649
vn -0.6758 -0.1817 -0.7144
vn -0.7723 -0.2186 -0.5965
vn -0.7532 -0.1380 -0.6431
vn -0.8420 -0.1757 -0.5100
vn -0.8282 -0.0944 -0.5524
vn -0.9149 -0.1235 -0.3842
vn -0.9067 -0.0425 -0.4196
vn -0.9698 -0.0694 -0.2338
vn -0.9657 0.0090 -0.2596
vn -0.9924 -0.0331 -0.1187
vn -0.9897 0.0410 -0.1368
vn -0.9961 -0.0234 -0.0845
vn -0.9939 0.0475 -0.0995
vn -0.9870 -0.0396 -0.1559
vn -0.9845 0.0296 -0.1730
vn -0.9914 -0.1068 -0.0759
vn -0.9834 -0.1191 -0.1370
vn -0.9771 -0.2003 -0.0711
vn -0.9712 -0.2079 -0.1161
vn -0.9512 -0.3012 -0.0668
vn -0.9481 -0.3041 -0.0924
vn -0.9126 -0.4046 -0.0582
vn -0.9124 -0.4040 -0.0655
vn -0.8668 -0.4969 -0.0416
vn -0.8682 -0.4948 -0.0376
vn -0.8214 -0.5699 -0.0221
vn -0.8236 -0.5671 -0.0128
vn -0.7810 -0.6246 -0.0028
vn -0.7832 -0.6218 0.0074
vn -0.7520 -0.6591 0.0119
vn -0.7539 -0.6566 0.0206
vn -0.7237 -0.6897 0.0261
vn -0.7249 -0.6880 0.0335
vn -0.6731 -0.7376 0.0544
vn -0.6727 -0.7376 0.0588
vn -0.5912 -0.8010 0.0942
vn -0.5904 -0.8015 0.0943
vn -0.5403 -0.8343 0.1095
vn -0.5401 -0.8345 0.1095
vn -0.5210 -0.8521 0.0500
vn -0.4927 -0.8681 -0.0609
vn -0.4898 -0.8699 -0.0578
vn -0.5213 -0.8518 0.0509
vn -0.4708 -0.8716 -0.1370
vn -0.4647 -0.8753 -0.1340
vn -0.4548 -0.8720 -0.1809
vn -0.4474 -0.8764 -0.1780
vn -0.4370 -0.8704 -0.2267
vn -0.4287 -0.8755 -0.2230
vn -0.4104 -0.8639 -0.2920
vn -0.3997 -0.8705 -0.2872
vn -0.3758 -0.8501 -0.3690
vn -0.3618 -0.8588 -0.3627
vn -0.3328 -0.8268 -0.4535
vn -0.3153 -0.8378 -0.4457
vn -0.2809 -0.7923 -0.5416
vn -0.2604 -0.8053 -0.5327
vn -0.2208 -0.7464 -0.6278
vn -0.1986 -0.7603 -0.6185
vn -0.1559 -0.6904 -0.7064
vn -0.1334 -0.7042 -0.6974
vn -0.2727 -0.7143 -0.6445
vn -0.2124 -0.6562 -0.7241
vn -0.3411 -0.6705 -0.6589
vn -0.2884 -0.6087 -0.7391
vn -0.4106 -0.6243 -0.6645
vn -0.3661 -0.5584 -0.7444
vn -0.4725 -0.5835 -0.6605
vn -0.4348 -0.5142 -0.7393
vn -0.5298 -0.5469 -0.6482
vn -0.4981 -0.4748 -0.7256
vn -0.5909 -0.5094 -0.6256
vn -0.5653 -0.4346 -0.7011
vn -0.6607 -0.4670 -0.5877
vn -0.6424 -0.3891 -0.6602
vn -0.7288 -0.4253 -0.5367
vn -0.7182 -0.3441 -0.6048
vn -0.7869 -0.3889 -0.4791
vn -0.7841 -0.3043 -0.5409
vn -0.8416 -0.3522 -0.4094
vn -0.8468 -0.2640 -0.4617
vn -0.8989 -0.3072 -0.3126
vn -0.9125 -0.2141 -0.3486
vn -0.9460 -0.2567 -0.1978
vn -0.9636 -0.1600 -0.2140
vn -0.9703 -0.2174 -0.1056
vn -0.9866 -0.1207 -0.1094
vn -0.9169 -0.3554 -0.1814
vn -0.9420 -0.3196 -0.1029
vn -0.8782 -0.4506 -0.1603
vn -0.9019 -0.4214 -0.0951
vn -0.8362 -0.5328 -0.1305
vn -0.8564 -0.5106 -0.0766
vn -0.7957 -0.5978 -0.0980
vn -0.8122 -0.5808 -0.0537
vn -0.7600 -0.6465 -0.0667
vn -0.7733 -0.6333 -0.0301
vn -0.7344 -0.6774 -0.0424
vn -0.7455 -0.6664 -0.0112
vn -0.7100 -0.7039 -0.0202
vn -0.7187 -0.6953 0.0066
vn -0.6698 -0.7422 0.0216
vn -0.6722 -0.7391 0.0427
vn -0.5983 -0.7968 0.0848
vn -0.5929 -0.7998 0.0938
vn -0.5404 -0.8342 0.1094
vn -0.5404 -0.8343 0.1095
vn -0.5237 -0.8511 0.0373
vn -0.5183 -0.8518 -0.0769
vn -0.5016 -0.8625 -0.0669
vn -0.5202 -0.8527 0.0481
vn -0.5125 -0.8456 -0.1495
vn -0.4881 -0.8610 -0.1431
vn -0.5038 -0.8419 -0.1934
vn -0.4753 -0.8597 -0.1873
vn -0.4932 -0.8356 -0.2418
vn -0.4605 -0.8562 -0.2344
vn -0.4769 -0.8222 -0.3107
vn -0.4384 -0.8467 -0.3016
vn -0.4546 -0.8000 -0.3915
vn -0.4094 -0.8291 -0.3807
vn -0.4251 -0.7676 -0.4796
vn -0.3725 -0.8018 -0.4672
vn -0.3874 -0.7241 -0.5707
vn -0.3270 -0.7634 -0.5571
vn -0.4791 -0.7312 -0.4856
vn -0.4488 -0.6826 -0.5767
vn -0.5276 -0.6983 -0.4837
vn -0.5038 -0.6457 -0.5738
vn -0.5727 -0.6685 -0.4746
vn -0.5549 -0.6123 -0.5632
vn -0.6203 -0.6377 -0.4568
vn -0.6093 -0.5779 -0.5429
vn -0.6740 -0.6030 -0.4268
vn -0.6712 -0.5392 -0.5087
vn -0.7251 -0.5695 -0.3871
vn -0.7309 -0.5014 -0.4631
vn -0.7670 -0.5415 -0.3443
vn -0.7809 -0.4689 -0.4127
vn -0.8046 -0.5150 -0.2957
vn -0.8270 -0.4370 -0.3537
vn -0.8430 -0.4846 -0.2335
vn -0.8749 -0.3988 -0.2747
vn -0.7780 -0.5817 -0.2374
vn -0.8081 -0.5582 -0.1882
vn -0.7502 -0.6354 -0.1831
vn -0.7736 -0.6171 -0.1439
vn -0.7238 -0.6764 -0.1360
vn -0.7426 -0.6616 -0.1041
vn -0.7039 -0.7029 -0.1019
vn -0.7198 -0.6902 -0.0744
vn -0.6844 -0.7257 -0.0703
vn -0.6981 -0.7144 -0.0475
vn -0.6470 -0.7622 -0.0235
vn -0.6611 -0.7502 -0.0054
vn -0.5805 -0.8126 0.0515
vn -0.5945 -0.8018 0.0612
vn -0.5721 -0.8185 0.0531
vn -0.5740 -0.8170 0.0541
vn -0.5682 -0.8214 0.0490
vn -0.5634 -0.8249 0.0470
vn -0.5617 -0.8261 0.0450
vn -0.5597 -0.8279 0.0365
vn -0.5440 -0.8386 0.0275
vn -0.5652 -0.8212 -0.0787
vn -0.5431 -0.8355 -0.0836
vn -0.5629 -0.8126 -0.1513
vn -0.5389 -0.8284 -0.1529
vn -0.5618 -0.8037 -0.1958
vn -0.5343 -0.8221 -0.1966
vn -0.5596 -0.7918 -0.2448
vn -0.5281 -0.8129 -0.2456
vn -0.5544 -0.7707 -0.3143
vn -0.5176 -0.7954 -0.3153
vn -0.5442 -0.7399 -0.3954
vn -0.5017 -0.7686 -0.3969
vn -0.5879 -0.7481 -0.3079
vn -0.5833 -0.7137 -0.3877
vn -0.6227 -0.7247 -0.2951
vn -0.6242 -0.6867 -0.3725
vn -0.6614 -0.6984 -0.2735
vn -0.6701 -0.6563 -0.3468
vn -0.6974 -0.6734 -0.2452
vn -0.7132 -0.6272 -0.3130
vn -0.7259 -0.6532 -0.2155
vn -0.7478 -0.6033 -0.2771
vn -0.6805 -0.7084 -0.1873
vn -0.7041 -0.6912 -0.1627
vn -0.6668 -0.7308 -0.1461
vn -0.6871 -0.7158 -0.1249
vn -0.6524 -0.7503 -0.1067
vn -0.6697 -0.7373 -0.0891
vn -0.6232 -0.7810 -0.0422
vn -0.6345 -0.7722 -0.0327
vn -0.6303 -0.7664 -0.1241
vn -0.6085 -0.7918 -0.0537
vn -0.6063 -0.7833 -0.1376
vn -0.5925 -0.8031 -0.0629
vn -0.5794 -0.8120 -0.0701
vn -0.5844 -0.7982 -0.1461
vn -0.6124 -0.7693 -0.1820
vn -0.5868 -0.7868 -0.1912
vn -0.6178 -0.7523 -0.2289
vn -0.5883 -0.7724 -0.2395
vn -0.6407 -0.7496 -0.1663
vn -0.6503 -0.7298 -0.2108
vn -0.5401 -0.8345 0.1092
vn -0.5341 -0.8256 0.1818
vn -0.5249 -0.8049 0.2767
vn -0.5506 -0.7881 0.2750
vn -0.5535 -0.8142 0.1753
vn -0.5233 -0.7847 0.3324
vn -0.5553 -0.7615 0.3343
vn -0.5277 -0.7663 0.3665
vn -0.5703 -0.7342 0.3683
vn -0.5320 -0.7464 0.3999
vn -0.5853 -0.7052 0.4002
vn -0.5299 -0.7236 0.4423
vn -0.5941 -0.6729 0.4407
vn -0.5219 -0.6986 0.4894
vn -0.5970 -0.6382 0.4862
vn -0.5090 -0.6706 0.5396
vn -0.5946 -0.6004 0.5347
vn -0.4898 -0.6346 0.5978
vn -0.5866 -0.5546 0.5901
vn -0.4623 -0.5839 0.6674
vn -0.5711 -0.4952 0.6547
vn -0.4245 -0.5153 0.7445
vn -0.5458 -0.4207 0.7247
vn -0.3738 -0.4269 0.8235
vn -0.5078 -0.3307 0.7955
vn -0.3182 -0.3356 0.8866
vn -0.4624 -0.2423 0.8529
vn -0.2683 -0.2602 0.9275
vn -0.4185 -0.1712 0.8919
vn -0.2250 -0.1995 0.9537
vn -0.3781 -0.1149 0.9186
vn -0.1883 -0.1515 0.9703
vn -0.3420 -0.0704 0.9371
vn -0.1574 -0.1149 0.9808
vn -0.3099 -0.0368 0.9501
vn -0.0760 -0.2804 0.9569
vn -0.0404 -0.2292 0.9725
vn -0.0119 -0.1894 0.9818
vn 0.0473 -0.3490 0.9359
vn 0.0818 -0.2956 0.9518
vn 0.1082 -0.2531 0.9614
vn 0.1633 -0.4180 0.8937
vn 0.1969 -0.3628 0.9108
vn 0.2218 -0.3174 0.9220
vn 0.2827 -0.4942 0.8221
vn 0.3160 -0.4377 0.8418
vn 0.3402 -0.3892 0.8560
vn 0.3859 -0.5659 0.7286
vn 0.4201 -0.5091 0.7512
vn 0.4454 -0.4579 0.7693
vn 0.4585 -0.6221 0.6347
vn 0.4953 -0.5665 0.6586
vn 0.5237 -0.5142 0.6792
vn 0.5121 -0.6670 0.5413
vn 0.5527 -0.6139 0.5637
vn 0.5853 -0.5618 0.5847
vn 0.5570 -0.7038 0.4410
vn 0.6020 -0.6542 0.4578
vn 0.6394 -0.6036 0.4762
vn 0.5929 -0.7289 0.3423
vn 0.6408 -0.6828 0.3509
vn 0.6816 -0.6346 0.3644
vn 0.6134 -0.7407 0.2742
vn 0.6616 -0.6970 0.2765
vn 0.7033 -0.6514 0.2847
vn 0.6651 -0.6990 0.2626
vn 0.7064 -0.6550 0.2683
vn 0.7436 -0.6084 0.2772
vn 0.7400 -0.6039 0.2962
vn 0.6500 -0.6867 0.3254
vn 0.6895 -0.6443 0.3307
vn 0.7258 -0.5996 0.3372
vn 0.6347 -0.6733 0.3793
vn 0.6731 -0.6320 0.3841
vn 0.7089 -0.5889 0.3881
vn 0.6440 -0.6834 0.3438
vn 0.6841 -0.6414 0.3472
vn 0.7216 -0.5977 0.3493
vn 0.6653 -0.7088 0.2345
vn 0.7086 -0.6651 0.2357
vn 0.7491 -0.6187 0.2367
vn 0.6783 -0.7303 0.0814
vn 0.7241 -0.6852 0.0791
vn 0.7676 -0.6360 0.0789
vn 0.6743 -0.7359 -0.0623
vn 0.7200 -0.6906 -0.0687
vn 0.7651 -0.6400 -0.0711
vn 0.6599 -0.7304 -0.1761
vn 0.7038 -0.6855 -0.1865
vn 0.7486 -0.6343 -0.1927
vn 0.6373 -0.7177 -0.2808
vn 0.6783 -0.6726 -0.2958
vn 0.7212 -0.6206 -0.3078
vn 0.6033 -0.6962 -0.3889
vn 0.6407 -0.6492 -0.4099
vn 0.6792 -0.5950 -0.4298
vn 0.5606 -0.6661 -0.4920
vn 0.5941 -0.6145 -0.5190
vn 0.6257 -0.5562 -0.5470
vn 0.5140 -0.6303 -0.5818
vn 0.5440 -0.5723 -0.6136
vn 0.5680 -0.5088 -0.6470
vn 0.4585 -0.5871 -0.6671
vn 0.4849 -0.5212 -0.7023
vn 0.5012 -0.4517 -0.7380
vn 0.4046 -0.4553 -0.7930
vn 0.4132 -0.3799 -0.8276
vn 0.3080 -0.3793 -0.8725
vn 0.3115 -0.3002 -0.9016
vn 0.2242 -0.3126 -0.9230
vn 0.2292 -0.2345 -0.9447
vn 0.1790 -0.2739 -0.9450
vn 0.1930 -0.2009 -0.9604
vn 0.1904 -0.2752 -0.9423
vn 0.2206 -0.2102 -0.9524
vn 0.1984 -0.2807 -0.9391
vn 0.2444 -0.2235 -0.9436
vn 0.1425 -0.2542 -0.9566
vn 0.1961 -0.2015 -0.9597
vn 0.0413 -0.2040 -0.9781
vn 0.0939 -0.1525 -0.9838
vn -0.0757 -0.1440 -0.9867
vn -0.0308 -0.0908 -0.9954
vn -0.1789 -0.0891 -0.9798
vn -0.1419 -0.0342 -0.9893
vn -0.2656 -0.0426 -0.9631
vn -0.2326 0.0130 -0.9725
vn -0.3522 0.0033 -0.9359
vn -0.3206 0.0589 -0.9454
vn -0.4491 0.0533 -0.8919
vn -0.4172 0.1084 -0.9023
vn -0.5458 0.1007 -0.8318
vn -0.5130 0.1553 -0.8442
vn -0.6330 0.1403 -0.7613
vn -0.5996 0.1949 -0.7762
vn -0.7194 0.1775 -0.6715
vn -0.6862 0.2322 -0.6894
vn -0.8134 0.2183 -0.5392
vn -0.7819 0.2729 -0.5606
vn -0.8918 0.2536 -0.3746
vn -0.8640 0.3075 -0.3988
vn -0.9322 0.2710 -0.2398
vn -0.9084 0.3240 -0.2644
vn -0.9440 0.2715 -0.1874
vn -0.9221 0.3245 -0.2107
vn -0.9342 0.2583 -0.2461
vn -0.9116 0.3126 -0.2669
vn -0.9185 0.2452 -0.3103
vn -0.8958 0.3001 -0.3278
vn -0.9291 0.2459 -0.2762
vn -0.9084 0.3007 -0.2905
vn -0.9679 0.2003 -0.1516
vn -0.9538 0.2530 -0.1623
vn -0.9786 0.2055 0.0073
vn -0.9667 0.2557 -0.0016
vn -0.9878 0.1550 0.0148
vn -0.9948 0.0990 0.0223
vn -0.9921 0.0256 -0.1226
vn -0.9989 0.0340 0.0311
vn -0.9933 -0.0495 -0.1046
vn -0.9981 -0.0448 0.0429
vn -0.9879 -0.1343 -0.0770
vn -0.9892 -0.1342 0.0585
vn -0.9737 -0.2238 -0.0424
vn -0.9711 -0.2262 0.0763
vn -0.9488 -0.3157 -0.0048
vn -0.9433 -0.3183 0.0942
vn -0.9130 -0.4069 0.0307
vn -0.9066 -0.4076 0.1094
vn -0.8702 -0.4895 0.0566
vn -0.8648 -0.4878 0.1185
vn -0.8272 -0.5572 0.0733
vn -0.8233 -0.5542 0.1223
vn -0.7880 -0.6102 0.0821
vn -0.7856 -0.6066 0.1220
vn -0.7590 -0.6456 0.0845
vn -0.7575 -0.6419 0.1189
vn -0.7294 -0.6786 0.0872
vn -0.7283 -0.6753 0.1162
vn -0.6747 -0.7321 0.0942
vn -0.6742 -0.7298 0.1131
vn -0.5908 -0.8001 0.1045
vn -0.5907 -0.7994 0.1098
vn -0.5404 -0.8343 0.1091
vn -0.5403 -0.8343 0.1091
vn -0.5403 -0.8344 0.1090
vn -0.5403 -0.8344 0.1091
vn -0.5403 -0.8344 0.1092
vn -0.5402 -0.8344 0.1092
vn -0.5402 -0.8344 0.1091
vn -0.7966 0.4717 -0.3781
vn 0.4216 -0.6470 -0.6353
vn 0.3745 -0.7033 -0.6043
vn 0.4768 -0.6832 -0.5531
vn 0.4298 -0.7347 -0.5249
vn 0.3705 -0.7865 -0.4941
vn 0.3154 -0.7583 -0.5706
vn 0.2939 -0.8400 -0.4561
vn 0.2406 -0.8140 -0.5287
vn 0.2033 -0.8892 -0.4099
vn 0.1537 -0.8654 -0.4769
vn 0.1080 -0.9271 -0.3588
vn 0.0627 -0.9058 -0.4190
vn 0.0124 -0.9523 -0.3048
vn -0.0280 -0.9335 -0.3574
vn -0.0786 -0.9650 -0.2501
vn -0.1140 -0.9485 -0.2954
vn -0.1606 -0.9672 -0.1969
vn -0.1910 -0.9530 -0.2354
vn -0.2314 -0.9615 -0.1480
vn -0.2572 -0.9494 -0.1803
vn -0.2888 -0.9515 -0.1064
vn -0.3106 -0.9412 -0.1332
vn -0.3273 -0.9417 -0.0778
vn -0.3461 -0.9328 -0.1006
vn -0.3622 -0.9307 -0.0510
vn -0.3787 -0.9229 -0.0696
vn -0.4217 -0.9067 -0.0068
vn -0.4335 -0.9010 -0.0162
vn -0.5030 -0.8620 0.0625
vn -0.5058 -0.8604 0.0623
vn 0.7464 -0.4186 0.5174
vn -0.5402 -0.8344 0.1090
vn -0.4257 0.0067 0.9048
vn -0.4508 -0.0273 0.8922
vn -0.4852 -0.0050 0.8744
vn -0.4575 0.0280 0.8888
vn -0.4754 -0.0714 0.8769
vn -0.5134 -0.0480 0.8568
vn -0.5003 -0.1279 0.8564
vn -0.5421 -0.1026 0.8340
vn -0.5250 -0.2000 0.8272
vn -0.5709 -0.1723 0.8027
vn -0.5484 -0.2917 0.7837
vn -0.5979 -0.2612 0.7578
vn -0.5632 -0.3898 0.7286
vn -0.6154 -0.3570 0.7027
vn -0.5669 -0.4776 0.6713
vn -0.6210 -0.4432 0.6464
vn -0.5625 -0.5524 0.6152
vn -0.6177 -0.5176 0.5921
vn -0.5543 -0.6124 0.5637
vn -0.6089 -0.5783 0.5430
vn -0.5493 -0.6580 0.5150
vn -0.6008 -0.6260 0.4972
vn -0.5486 -0.6932 0.4675
vn -0.5938 -0.6650 0.4529
vn -0.5532 -0.7179 0.4226
vn -0.5886 -0.6955 0.4120
vn -0.5630 -0.7317 0.3842
vn -0.5855 -0.7170 0.3783
vn -0.5714 -0.7466 0.3408
vn -0.5810 -0.7400 0.3389
vn -0.5730 -0.7745 0.2679
vn -0.5736 -0.7736 0.2691
vn -0.5578 -0.8134 0.1650
vn -0.5567 -0.8140 0.1661
vn -0.5401 -0.8346 0.1088
vn -0.5400 -0.8346 0.1088
vn -0.5400 -0.8346 0.1089
vn -0.5401 -0.8345 0.1089
vn -0.5401 -0.8346 0.1087
vn -0.5573 -0.8133 0.1670
vn -0.5569 -0.8138 0.1663
vn -0.5677 -0.7775 0.2705
vn -0.5752 -0.7726 0.2690
vn -0.5802 -0.7427 0.3342
vn -0.5905 -0.7342 0.3350
vn -0.6005 -0.7098 0.3683
vn -0.6076 -0.7026 0.3703
vn -0.6201 -0.6759 0.3983
vn -0.6236 -0.6714 0.4004
vn -0.6348 -0.6376 0.4364
vn -0.6374 -0.6338 0.4382
vn -0.6445 -0.5959 0.4791
vn -0.6488 -0.5905 0.4799
vn -0.6495 -0.5504 0.5246
vn -0.6578 -0.5412 0.5239
vn -0.6499 -0.4962 0.5757
vn -0.6639 -0.4816 0.5721
vn -0.6432 -0.4297 0.6337
vn -0.6636 -0.4097 0.6259
vn -0.6271 -0.3508 0.6955
vn -0.6540 -0.3268 0.6823
vn -0.5989 -0.2603 0.7574
vn -0.6325 -0.2346 0.7382
vn -0.5621 -0.1745 0.8084
vn -0.6019 -0.1489 0.7846
vn -0.5247 -0.1068 0.8446
vn -0.5695 -0.0819 0.8179
vn -0.4886 -0.0535 0.8708
vn -0.5375 -0.0292 0.8427
vn -0.4550 -0.0114 0.8904
vn -0.5067 0.0125 0.8620
vn -0.4237 0.0206 0.9056
vn -0.4772 0.0444 0.8777
vn -0.0055 0.6926 0.7213
vn -0.0112 0.6957 0.7182
vn 0.0209 0.6685 0.7434
vn 0.0591 0.6594 0.7495
vn 0.1010 0.6189 0.7790
vn 0.1616 0.6064 0.7786
vn 0.2128 0.5579 0.8021
vn 0.2802 0.5456 0.7898
vn 0.3226 0.5070 0.7993
vn 0.3730 0.4998 0.7817
vn 0.4128 0.4619 0.7850
vn -0.1874 -0.7887 0.5854
vn 0.4998 0.4149 0.7603
vn -0.1087 -0.8289 0.5487
vn 0.5940 0.3611 0.7189
vn -0.0244 -0.8719 0.4890
vn 0.6815 0.3168 0.6596
vn 0.0368 -0.9040 0.4259
vn 0.7511 0.2803 0.5977
vn 0.0827 -0.9284 0.3622
vn 0.8099 0.2481 0.5315
vn 0.1191 -0.9482 0.2944
vn 0.8650 0.2170 0.4524
vn 0.8858 0.2295 0.4033
vn 0.8838 0.2268 0.4092
vn 0.7153 -0.5882 0.3774
vn 0.9027 0.2269 0.3655
vn 0.4552 0.8851 0.0972
vn 0.9152 0.2411 0.3229
vn 0.9260 0.2251 0.3031
vn 0.9310 0.2339 0.2803
vn 0.2064 -0.9705 0.1243
vn 0.9267 0.2341 0.2941
vn 0.2076 -0.9633 0.1703
vn 0.8970 0.2452 0.3677
vn 0.1819 -0.9636 0.1957
vn 0.8961 0.2454 0.3698
vn 0.9128 0.2270 0.3395
vn 0.9215 0.2343 0.3097
vn 0.9455 0.2048 0.2531
vn 0.9543 0.2212 0.2010
vn 0.9728 0.1921 0.1297
vn 0.9738 0.2165 0.0691
vn 0.9801 0.1983 0.0121
vn 0.9749 0.2203 -0.0333
vn 0.9745 0.2073 -0.0861
vn 0.9651 0.2295 -0.1263
vn 0.9584 0.2205 -0.1814
vn 0.9437 0.2455 -0.2219
vn 0.9277 0.2417 -0.2845
vn 0.9040 0.2733 -0.3287
vn 0.8817 0.2785 -0.3808
vn 0.8559 0.3073 -0.4159
vn 0.8282 0.3193 -0.4606
vn 0.8000 0.3469 -0.4896
vn 0.7652 0.3641 -0.5309
vn 0.7320 0.3940 -0.5559
vn 0.6844 0.4161 -0.5987
vn 0.6399 0.4545 -0.6196
vn 0.5942 0.4777 -0.6471
vn 0.5548 0.5097 -0.6575
vn 0.5244 0.5285 -0.6675
vn 0.5013 0.5457 -0.6715
vn 0.4964 0.5562 -0.6665
vn 0.4970 0.5526 -0.6691
vn 0.5221 0.5532 -0.6491
vn -0.1184 -0.7186 -0.6852
vn 0.5440 0.5268 -0.6531
vn -0.1249 -0.7149 -0.6879
vn 0.5094 0.5326 -0.6759
vn -0.1784 -0.6878 -0.7037
vn 0.4306 0.5666 -0.7025
vn -0.2604 -0.6470 -0.7166
vn 0.3318 0.6163 -0.7142
vn -0.3464 -0.6046 -0.7173
vn 0.2437 0.6658 -0.7052
vn 0.2113 0.6969 -0.6854
vn 0.1718 0.7032 -0.6899
vn 0.1441 0.7301 -0.6680
vn 0.1019 0.7372 -0.6679
vn 0.0748 0.7640 -0.6408
vn 0.0250 0.7720 -0.6352
vn -0.0035 0.8015 -0.5979
vn -0.0486 0.8071 -0.5884
vn -0.0709 0.8323 -0.5498
vn -0.1160 0.8362 -0.5360
vn -0.7132 -0.4294 -0.5540
vn -0.1851 0.8625 -0.4710
vn -0.2007 0.8868 -0.4163
vn -0.2654 0.8879 -0.3757
vn -0.2751 0.9152 -0.2943
vn -0.3276 0.9113 -0.2496
vn -0.3233 0.9306 -0.1715
vn -0.3538 0.9244 -0.1424
vn -0.9110 -0.3556 -0.2092
vn -0.3507 0.9316 -0.0959
vn -0.3471 0.9333 -0.0918
vn -0.3271 0.9357 -0.1320
vn -0.3295 0.9271 -0.1786
vn -0.3297 0.9261 -0.1836
vn -0.3300 0.9257 -0.1851
vn -0.3548 0.9212 -0.1600
vn -0.3795 0.9173 -0.1204
vn -0.3958 0.9183 0.0025
vn -0.4116 0.9090 -0.0651
vn -0.4247 0.9031 0.0634
vn -0.3943 0.9085 0.1384
vn -0.9573 0.2483 0.1481
vn -0.4098 0.8935 0.1835
vn -0.3799 0.8945 0.2357
vn -0.9356 0.2350 0.2635
vn -0.3891 0.8793 0.2747
vn -0.3586 0.8781 0.3168
vn -0.9046 0.2177 0.3665
vn -0.3630 0.8614 0.3553
vn -0.3296 0.8583 0.3932
vn -0.8610 0.1957 0.4694
vn -0.3283 0.8384 0.4350
vn -0.2884 0.8331 0.4719
vn -0.8077 0.1716 0.5640
vn -0.2817 0.8150 0.5064
vn -0.2458 0.8092 0.5336
vn -0.7518 0.1476 0.6426
vn -0.2351 0.7914 0.5642
vn -0.2007 0.7852 0.5858
vn -0.6895 0.1210 0.7141
vn -0.1861 0.7654 0.6160
vn -0.1489 0.7583 0.6347
vn -0.6109 0.0862 0.7870
vn -0.1276 0.7320 0.6692
vn -0.0798 0.7226 0.6866
vn -0.5218 0.0463 0.8518
vn -0.0576 0.6984 0.7134
vn -0.0147 0.6896 0.7240
vn -0.4513 0.0154 0.8923
vn 0.0009 0.6757 0.7372
vn 0.0254 0.6701 0.7419
vn -0.5871 -0.5872 0.5572
vn -0.5420 0.0114 0.8403
vn -0.4736 -0.0191 0.8805
vn -0.5606 -0.0324 0.8274
vn -0.4948 -0.0633 0.8667
vn -0.5787 -0.0882 0.8108
vn -0.5157 -0.1200 0.8483
vn -0.5959 -0.1593 0.7871
vn -0.5363 -0.1923 0.8218
vn -0.6111 -0.2499 0.7511
vn -0.5553 -0.2844 0.7815
vn -0.6194 -0.3481 0.7037
vn -0.5669 -0.3832 0.7292
vn -0.6185 -0.4380 0.6524
vn -0.5684 -0.4721 0.6738
vn -0.6108 -0.5167 0.5999
vn -0.5628 -0.5483 0.6185
vn -0.6003 -0.5820 0.5485
vn -0.5544 -0.6100 0.5662
vn -0.5922 -0.6335 0.4980
vn -0.5497 -0.6571 0.5158
vn -0.5880 -0.6732 0.4484
vn -0.5500 -0.6929 0.4663
vn -0.5892 -0.7013 0.4013
vn -0.5564 -0.7174 0.4192
vn -0.5969 -0.7164 0.3611
vn -0.5694 -0.7298 0.3784
vn -0.6029 -0.7317 0.3180
vn -0.5807 -0.7426 0.3335
vn -0.5949 -0.7639 0.2500
vn -0.5813 -0.7707 0.2611
vn -0.5642 -0.8102 0.1588
vn -0.5606 -0.8120 0.1624
vn -0.5402 -0.8345 0.1088
vn -0.5401 -0.8345 0.1088
vn -0.5403 -0.8344 0.1088
vn -0.5402 -0.8345 0.1089
vn -0.5401 -0.8345 0.1090
vn -0.5402 -0.8345 0.1090
vn -0.5401 -0.8345 0.1091
vn -0.5400 -0.8345 0.1090
vn -0.5404 -0.8344 0.1085
vn -0.5404 -0.8344 0.1089
vn -0.5403 -0.8344 0.1089
vn -0.5404 -0.8343 0.1088
vn -0.5405 -0.8343 0.1087
vn -0.5404 -0.8344 0.1087
vn -0.5680 -0.8083 0.1551
vn -0.5706 -0.8070 0.1524
vn -0.6100 -0.7561 0.2371
vn -0.6231 -0.7489 0.2255
vn -0.6299 -0.7176 0.2971
vn -0.6533 -0.7048 0.2766
vn -0.6338 -0.6972 0.3350
vn -0.6658 -0.6795 0.3083
vn -0.6360 -0.6766 0.3712
vn -0.6766 -0.6537 0.3390
vn -0.6441 -0.6426 0.4149
vn -0.6928 -0.6142 0.3778
vn -0.6558 -0.5970 0.4620
vn -0.7113 -0.5631 0.4207
vn -0.6694 -0.5396 0.5106
vn -0.7298 -0.5004 0.4658
vn -0.6829 -0.4698 0.5595
vn -0.7462 -0.4267 0.5110
vn -0.6924 -0.3888 0.6077
vn -0.7575 -0.3442 0.5547
vn -0.6952 -0.2989 0.6537
vn -0.7619 -0.2548 0.5954
vn -0.6895 -0.2028 0.6953
vn -0.7582 -0.1611 0.6318
vn -0.6771 -0.1151 0.7268
vn -0.7482 -0.0764 0.6590
vn -0.6623 -0.0463 0.7478
vn -0.7355 -0.0100 0.6774
vn -0.6463 0.0079 0.7630
vn -0.7215 0.0428 0.6911
vn -0.6295 0.0510 0.7753
vn -0.7065 0.0851 0.7025
vn -0.7668 0.1107 0.6323
vn -0.7796 0.0688 0.6225
vn -0.8204 0.1332 0.5561
vn -0.8310 0.0911 0.5488
vn -0.8406 0.0397 0.5402
vn -0.7914 0.0170 0.6110
vn -0.8487 -0.0243 0.5283
vn -0.8019 -0.0479 0.5956
vn -0.8538 -0.1057 0.5098
vn -0.8094 -0.1306 0.5725
vn -0.8528 -0.1970 0.4837
vn -0.8109 -0.2228 0.5411
vn -0.8442 -0.2866 0.4531
vn -0.8046 -0.3120 0.5052
vn -0.8283 -0.3720 0.4190
vn -0.7912 -0.3960 0.4661
vn -0.8062 -0.4513 0.3826
vn -0.7721 -0.4726 0.4249
vn -0.7800 -0.5212 0.3464
vn -0.7495 -0.5394 0.3838
vn -0.7528 -0.5793 0.3127
vn -0.7263 -0.5944 0.3453
vn -0.7273 -0.6253 0.2829
vn -0.7048 -0.6376 0.3110
vn -0.7078 -0.6566 0.2605
vn -0.6888 -0.6668 0.2847
vn -0.6876 -0.6857 0.2387
vn -0.6714 -0.6947 0.2581
vn -0.6482 -0.7330 0.2062
vn -0.6344 -0.7421 0.2164
vn -0.5806 -0.7997 0.1529
vn -0.5728 -0.8054 0.1523
vn -0.5404 -0.8343 0.1089
vn -0.5405 -0.8343 0.1088
vn -0.5404 -0.8343 0.1090
vn -0.5905 -0.7990 0.1138
vn -0.5917 -0.7977 0.1162
vn -0.6722 -0.7261 0.1443
vn -0.6731 -0.7281 0.1296
vn -0.7209 -0.6730 0.1655
vn -0.7254 -0.6735 0.1423
vn -0.7476 -0.6402 0.1766
vn -0.7536 -0.6400 0.1495
vn -0.7732 -0.6056 0.1881
vn -0.7805 -0.6050 0.1573
vn -0.8071 -0.5548 0.2022
vn -0.8164 -0.5533 0.1655
vn -0.8437 -0.4908 0.2173
vn -0.8555 -0.4881 0.1727
vn -0.8800 -0.4140 0.2327
vn -0.8946 -0.4097 0.1781
vn -0.9117 -0.3283 0.2470
vn -0.9292 -0.3222 0.1809
vn -0.9361 -0.2381 0.2589
vn -0.9560 -0.2308 0.1812
vn -0.9523 -0.1460 0.2680
vn -0.9740 -0.1381 0.1795
vn -0.9602 -0.0543 0.2738
vn -0.9832 -0.0467 0.1764
vn -0.9609 0.0265 0.2755
vn -0.9845 0.0338 0.1719
vn -0.9574 0.0909 0.2740
vn -0.9811 0.0987 0.1667
vn -0.9517 0.1441 0.2711
vn -0.9750 0.1532 0.1610
vn -0.9447 0.1898 0.2674
vn -0.9673 0.2009 0.1549
vn -0.9210 0.1304 0.3672
vn -0.9138 0.1746 0.3667
vn -0.8799 0.1121 0.4617
vn -0.8715 0.1550 0.4653
vn -0.9271 0.0781 0.3667
vn -0.8874 0.0605 0.4571
vn -0.9313 0.0142 0.3640
vn -0.8932 -0.0032 0.4497
vn -0.9318 -0.0665 0.3567
vn -0.8957 -0.0839 0.4366
vn -0.9258 -0.1578 0.3436
vn -0.8920 -0.1750 0.4167
vn -0.9119 -0.2489 0.3264
vn -0.8808 -0.2651 0.3924
vn -0.8902 -0.3376 0.3059
vn -0.8620 -0.3521 0.3645
vn -0.8616 -0.4215 0.2830
vn -0.8367 -0.4338 0.3343
vn -0.8283 -0.4964 0.2599
vn -0.8068 -0.5066 0.3042
vn -0.7759 -0.5672 0.2761
vn -0.7943 -0.5590 0.2381
vn -0.7627 -0.6087 0.2186
vn -0.7471 -0.6153 0.2514
vn -0.7386 -0.6427 0.2036
vn -0.7250 -0.6482 0.2327
vn -0.7140 -0.6740 0.1893
vn -0.7028 -0.6781 0.2150
vn -0.6712 -0.7232 0.1626
vn -0.6636 -0.7244 0.1869
vn -0.5963 -0.7933 0.1231
vn -0.5943 -0.7917 0.1415
vn -0.5402 -0.8344 0.1089
vn -0.5403 -0.8344 0.1087
vn -0.5084 -0.8460 0.1604
vn -0.5123 -0.8431 0.1633
vn -0.4467 -0.8612 0.2423
vn -0.4614 -0.8510 0.2507
vn -0.4026 -0.8675 0.2923
vn -0.4244 -0.8525 0.3050
vn -0.3753 -0.8699 0.3199
vn -0.4009 -0.8527 0.3350
vn -0.3474 -0.8711 0.3471
vn -0.3771 -0.8516 0.3642
vn -0.3069 -0.8718 0.3817
vn -0.3427 -0.8494 0.4014
vn -0.2562 -0.8716 0.4179
vn -0.3000 -0.8458 0.4412
vn -0.1958 -0.8699 0.4527
vn -0.2496 -0.8405 0.4810
vn -0.1204 -0.8648 0.4875
vn -0.1863 -0.8309 0.5244
vn -0.0296 -0.8494 0.5269
vn -0.1082 -0.8099 0.5765
vn 0.0724 -0.8177 0.5711
vn -0.0174 -0.7715 0.6360
vn 0.1804 -0.7641 0.6194
vn 0.0830 -0.7092 0.7001
vn 0.2725 -0.6960 0.6643
vn 0.1717 -0.6326 0.7552
vn 0.3386 -0.6287 0.7000
vn 0.2364 -0.5596 0.7943
vn 0.3432 -0.7417 0.5763
vn 0.4096 -0.6809 0.6071
vn 0.3941 -0.7753 0.4936
vn 0.4608 -0.7210 0.5175
vn 0.4351 -0.8006 0.4119
vn 0.5027 -0.7525 0.4255
vn 0.4688 -0.8172 0.3354
vn 0.5367 -0.7734 0.3372
vn 0.4904 -0.8245 0.2823
vn 0.5574 -0.7828 0.2766
vn 0.4977 -0.8235 0.2725
vn 0.5633 -0.7822 0.2663
vn 0.6180 -0.7411 0.2624
vn 0.5529 -0.7691 0.3207
vn 0.6053 -0.7278 0.3224
vn 0.5415 -0.7569 0.3660
vn 0.5918 -0.7144 0.3734
vn 0.5484 -0.7679 0.3311
vn 0.5997 -0.7251 0.3386
vn 0.5636 -0.7930 0.2312
vn 0.6178 -0.7509 0.2333
vn 0.5730 -0.8141 0.0948
vn 0.6288 -0.7727 0.0871
vn 0.5716 -0.8199 -0.0335
vn 0.6260 -0.7782 -0.0500
vn 0.5628 -0.8150 -0.1382
vn 0.6145 -0.7726 -0.1595
vn 0.5460 -0.8035 -0.2372
vn 0.5951 -0.7601 -0.2611
vn 0.5166 -0.7853 -0.3412
vn 0.5639 -0.7402 -0.3663
vn 0.4760 -0.7614 -0.4401
vn 0.5227 -0.7136 -0.4664
vn 0.4573 -0.8325 -0.3128
vn 0.4168 -0.8108 -0.4110
vn 0.3794 -0.8819 -0.2798
vn 0.3394 -0.8623 -0.3758
vn 0.2850 -0.9269 -0.2441
vn 0.2465 -0.9095 -0.3348
vn 0.1843 -0.9607 -0.2075
vn 0.1480 -0.9453 -0.2906
vn 0.0818 -0.9820 -0.1705
vn 0.0486 -0.9684 -0.2445
vn -0.0173 -0.9909 -0.1338
vn -0.0467 -0.9791 -0.1980
vn -0.1077 -0.9894 -0.0978
vn -0.1332 -0.9793 -0.1525
vn -0.1863 -0.9803 -0.0650
vn -0.2081 -0.9718 -0.1108
vn -0.2505 -0.9674 -0.0374
vn -0.2691 -0.9602 -0.0755
vn -0.2940 -0.9556 -0.0189
vn -0.3102 -0.9493 -0.0515
vn -0.3317 -0.9434 -0.0024
vn -0.3464 -0.9376 -0.0296
vn -0.3906 -0.9202 0.0265
vn -0.4065 -0.9136 0.0048
vn -0.4800 -0.8741 0.0747
vn -0.4942 -0.8671 0.0619
vn -0.5402 -0.8345 0.1091
vn -0.5402 -0.8344 0.1093
vn -0.0391 -0.1059 -0.9936
vn -0.4992 -0.8510 0.1630
vn -0.5063 -0.8474 0.1601
vn -0.4207 -0.8779 0.2289
vn -0.4346 -0.8693 0.2355
vn -0.3690 -0.8908 0.2651
vn -0.3847 -0.8798 0.2792
vn -0.3374 -0.8965 0.2872
vn -0.3548 -0.8840 0.3043
vn -0.3033 -0.9009 0.3105
vn -0.3236 -0.8870 0.3295
vn -0.2525 -0.9058 0.3402
vn -0.2778 -0.8900 0.3617
vn -0.1881 -0.9099 0.3698
vn -0.2199 -0.8921 0.3946
vn -0.1104 -0.9117 0.3958
vn -0.1504 -0.8927 0.4248
vn -0.0169 -0.9094 0.4155
vn -0.0650 -0.8899 0.4516
vn 0.0880 -0.8972 0.4328
vn 0.0345 -0.8771 0.4791
vn 0.1976 -0.8709 0.4500
vn 0.1423 -0.8491 0.5087
vn 0.3048 -0.8284 0.4700
vn 0.2516 -0.8019 0.5419
vn 0.2436 -0.8870 0.3922
vn 0.3478 -0.8478 0.4004
vn 0.2814 -0.8986 0.3366
vn 0.3830 -0.8607 0.3355
vn 0.3073 -0.9049 0.2945
vn 0.4064 -0.8667 0.2891
vn 0.3181 -0.9054 0.2811
vn 0.4153 -0.8660 0.2784
vn 0.3133 -0.8987 0.3069
vn 0.4086 -0.8567 0.3148
vn 0.4893 -0.8118 0.3189
vn 0.4015 -0.8493 0.3427
vn 0.4800 -0.8017 0.3562
vn 0.4078 -0.8600 0.3068
vn 0.4864 -0.8127 0.3208
vn 0.4191 -0.8806 0.2209
vn 0.4992 -0.8361 0.2274
vn 0.4264 -0.8979 0.1094
vn 0.5074 -0.8556 0.1028
vn 0.4269 -0.9043 0.0036
vn 0.5072 -0.8617 -0.0149
vn 0.4212 -0.9027 -0.0879
vn 0.5005 -0.8582 -0.1137
vn 0.4071 -0.8956 -0.1795
vn 0.4856 -0.8486 -0.2098
vn 0.3262 -0.9431 -0.0647
vn 0.3122 -0.9382 -0.1496
vn 0.2242 -0.9735 -0.0442
vn 0.2103 -0.9701 -0.1210
vn 0.1195 -0.9925 -0.0257
vn 0.1061 -0.9900 -0.0935
vn 0.0168 -0.9998 -0.0084
vn 0.0046 -0.9977 -0.0670
vn -0.0780 -0.9969 0.0087
vn -0.0887 -0.9952 -0.0409
vn -0.1606 -0.9867 0.0242
vn -0.1699 -0.9853 -0.0173
vn -0.2281 -0.9729 0.0369
vn -0.2363 -0.9717 0.0023
vn -0.2739 -0.9607 0.0450
vn -0.2814 -0.9595 0.0150
vn -0.3160 -0.9473 0.0529
vn -0.3214 -0.9466 0.0269
vn -0.3854 -0.9198 0.0732
vn -0.3846 -0.9215 0.0536
vn -0.4847 -0.8686 0.1025
vn -0.4792 -0.8725 0.0950
vn -0.3859 -0.9183 0.0885
vn -0.4862 -0.8675 0.1049
vn -0.3859 -0.9165 0.1053
vn -0.4861 -0.8671 0.1089
vn -0.3868 -0.9138 0.1240
vn -0.4864 -0.8662 0.1144
vn -0.3886 -0.9105 0.1412
vn -0.4867 -0.8654 0.1194
vn -0.3904 -0.9078 0.1534
vn -0.4872 -0.8646 0.1230
vn -0.4874 -0.8643 0.1243
vn -0.4866 -0.8647 0.1245
vn -0.4848 -0.8657 0.1248
vn -0.4792 -0.8676 0.1327
vn -0.4839 -0.8614 0.1544
vn -0.3949 -0.8988 0.1905
vn -0.4047 -0.8891 0.2138
vn -0.3409 -0.9127 0.2255
vn -0.3540 -0.9019 0.2475
vn -0.3053 -0.9210 0.2422
vn -0.3209 -0.9088 0.2666
vn -0.2656 -0.9283 0.2603
vn -0.2839 -0.9147 0.2876
vn -0.2059 -0.9367 0.2831
vn -0.2285 -0.9215 0.3142
vn -0.1302 -0.9434 0.3051
vn -0.1581 -0.9270 0.3402
vn -0.0394 -0.9456 0.3229
vn -0.0730 -0.9293 0.3620
vn 0.0642 -0.9408 0.3328
vn 0.0265 -0.9262 0.3760
vn 0.1733 -0.9256 0.3366
vn 0.1344 -0.9130 0.3851
vn 0.0920 -0.9512 0.2946
vn 0.2009 -0.9335 0.2969
vn 0.1063 -0.9560 0.2736
vn 0.2137 -0.9360 0.2797
vn 0.1065 -0.9542 0.2795
vn 0.2113 -0.9318 0.2951
vn 0.1062 -0.9539 0.2807
vn 0.2087 -0.9295 0.3042
vn 0.3083 -0.8940 0.3251
vn 0.2155 -0.9391 0.2677
vn 0.3149 -0.9042 0.2886
vn 0.2247 -0.9543 0.1973
vn 0.3251 -0.9220 0.2105
vn 0.2303 -0.9667 0.1114
vn 0.3316 -0.9367 0.1120
vn 0.2303 -0.9727 0.0298
vn 0.3320 -0.9431 0.0183
vn 0.1261 -0.9860 0.1087
vn 0.1256 -0.9913 0.0388
vn 0.0232 -0.9941 0.1055
vn 0.0225 -0.9987 0.0467
vn -0.0724 -0.9919 0.1041
vn -0.0730 -0.9958 0.0551
vn -0.1555 -0.9824 0.1036
vn -0.1561 -0.9857 0.0629
vn -0.2233 -0.9692 0.1035
vn -0.2240 -0.9721 0.0694
vn -0.2692 -0.9576 0.1031
vn -0.2700 -0.9601 0.0732
vn -0.3123 -0.9444 0.1030
vn -0.3131 -0.9466 0.0772
vn -0.2712 -0.9530 0.1352
vn -0.3139 -0.9404 0.1309
vn -0.2754 -0.9472 0.1645
vn -0.3173 -0.9353 0.1564
vn -0.2798 -0.9420 0.1852
vn -0.3209 -0.9309 0.1744
vn -0.2820 -0.9399 0.1927
vn -0.3228 -0.9290 0.1809
vn -0.3912 -0.9066 0.1580
vn -0.3245 -0.9272 0.1871
vn -0.3908 -0.9061 0.1619
vn -0.3307 -0.9215 0.2034
vn -0.3920 -0.9037 0.1721
vn -0.2844 -0.9377 0.1995
vn -0.2925 -0.9311 0.2178
vn -0.2414 -0.9469 0.2126
vn -0.2507 -0.9396 0.2331
vn -0.1764 -0.9572 0.2295
vn -0.1877 -0.9493 0.2523
vn -0.0951 -0.9644 0.2467
vn -0.1082 -0.9565 0.2709
vn 0.0009 -0.9650 0.2623
vn -0.0136 -0.9581 0.2861
vn -0.0920 -0.9662 0.2409
vn 0.0031 -0.9654 0.2607
vn -0.0893 -0.9683 0.2332
vn 0.0047 -0.9666 0.2561
vn -0.0826 -0.9758 0.2024
vn 0.0117 -0.9749 0.2221
vn 0.1131 -0.9629 0.2449
vn 0.0191 -0.9856 0.1678
vn 0.1214 -0.9757 0.1825
vn -0.0760 -0.9848 0.1560
vn -0.1643 -0.9687 0.1861
vn -0.1585 -0.9764 0.1468
vn -0.2306 -0.9575 0.1731
vn -0.2258 -0.9641 0.1399
vn -0.1703 -0.9621 0.2132
vn -0.2359 -0.9517 0.1966
vn -0.1733 -0.9596 0.2218
vn -0.2385 -0.9493 0.2049
vn 0.1175 -0.4842 0.8671
vn 0.0556 -0.5609 0.8260
vn 0.0020 -0.4146 0.9100
vn -0.0565 -0.4931 0.8682
vn -0.1302 -0.5821 0.8026
vn -0.0261 -0.6450 0.7638
vn -0.2063 -0.6612 0.7213
vn -0.1145 -0.7165 0.6881
vn -0.2701 -0.7157 0.6440
vn -0.1912 -0.7634 0.6170
vn -0.3220 -0.7510 0.5765
vn -0.2554 -0.7916 0.5551
vn -0.3628 -0.7722 0.5216
vn -0.3065 -0.8070 0.5047
vn -0.3951 -0.7866 0.4744
vn -0.3473 -0.8168 0.4606
vn -0.4223 -0.7983 0.4293
vn -0.3821 -0.8243 0.4177
vn -0.4435 -0.8079 0.3881
vn -0.4100 -0.8300 0.3782
vn -0.4570 -0.8152 0.3558
vn -0.4291 -0.8338 0.3473
vn -0.4705 -0.8215 0.3222
vn -0.4481 -0.8366 0.3151
vn -0.4896 -0.8314 0.2628
vn -0.4770 -0.8404 0.2573
vn -0.5186 -0.8388 0.1655
vn -0.5171 -0.8400 0.1644
vn -0.5395 -0.8350 0.1083
vn -0.5199 -0.8365 0.1729
vn -0.5402 -0.8345 0.1085
vn -0.5030 -0.8209 0.2705
vn -0.4940 -0.8052 0.3280
vn -0.4879 -0.7942 0.3621
vn -0.4816 -0.7821 0.3954
vn -0.4685 -0.7675 0.4376
vn -0.4496 -0.7505 0.4843
vn -0.4261 -0.7306 0.5336
vn -0.3954 -0.7030 0.5912
vn -0.3552 -0.6605 0.6615
vn -0.3041 -0.5989 0.7409
vn -0.2403 -0.5141 0.8234
vn -0.1751 -0.4225 0.8893
vn -0.1205 -0.3444 0.9311
vn -0.5401 -0.8345 0.1094
vn -0.0203 0.6984 0.7154
vn -0.6089 -0.5657 0.5561
vn 0.0238 0.6724 0.7398
# 1314 vertex normals

vt 0.0416 0.4590 0.0000
vt 0.0438 0.4585 0.0000
vt 0.0435 0.4574 0.0000
vt 0.0413 0.4580 0.0000
vt 0.0462 0.4581 0.0000
vt 0.0459 0.4568 0.0000
vt 0.0487 0.4577 0.0000
vt 0.0487 0.4565 0.0000
vt 0.0690 0.9811 0.0000
vt 0.0690 0.9731 0.0000
vt 0.0595 0.9731 0.0000
vt 0.0595 0.9811 0.0000
vt 0.0690 0.9648 0.0000
vt 0.0595 0.9650 0.0000
vt 0.0690 0.9563 0.0000
vt 0.0595 0.9569 0.0000
vt 0.0690 0.9467 0.0000
vt 0.0595 0.9489 0.0000
vt 0.0690 0.9353 0.0000
vt 0.0595 0.9359 0.0000
vt 0.0690 0.9225 0.0000
vt 0.0595 0.9229 0.0000
vt 0.0690 0.9091 0.0000
vt 0.0595 0.9099 0.0000
vt 0.0690 0.8942 0.0000
vt 0.0595 0.8969 0.0000
vt 0.0690 0.8769 0.0000
vt 0.0595 0.8777 0.0000
vt 0.0690 0.8582 0.0000
vt 0.0595 0.8585 0.0000
vt 0.0690 0.8388 0.0000
vt 0.0595 0.8393 0.0000
vt 0.0690 0.8184 0.0000
vt 0.0595 0.8201 0.0000
vt 0.0785 0.8580 0.0000
vt 0.0785 0.8384 0.0000
vt 0.0785 0.8178 0.0000
vt 0.0880 0.8579 0.0000
vt 0.0880 0.8383 0.0000
vt 0.0880 0.8176 0.0000
vt 0.0975 0.8579 0.0000
vt 0.0975 0.8383 0.0000
vt 0.0975 0.8176 0.0000
vt 0.1070 0.8579 0.0000
vt 0.1070 0.8383 0.0000
vt 0.1070 0.8176 0.0000
vt 0.1171 0.8579 0.0000
vt 0.1171 0.8383 0.0000
vt 0.1171 0.8176 0.0000
vt 0.1285 0.8579 0.0000
vt 0.1285 0.8383 0.0000
vt 0.1285 0.8176 0.0000
vt 0.1418 0.8579 0.0000
vt 0.1418 0.8383 0.0000
vt 0.1418 0.8176 0.0000
vt 0.1576 0.8579 0.0000
vt 0.1576 0.8383 0.0000
vt 0.1576 0.8176 0.0000
vt 0.1754 0.8579 0.0000
vt 0.1754 0.8383 0.0000
vt 0.1754 0.8176 0.0000
vt 0.1944 0.8579 0.0000
vt 0.1944 0.8383 0.0000
vt 0.1944 0.8176 0.0000
vt 0.2141 0.8579 0.0000
vt 0.2141 0.8383 0.0000
vt 0.2141 0.8176 0.0000
vt 0.2337 0.8579 0.0000
vt 0.2337 0.8383 0.0000
vt 0.2337 0.8176 0.0000
vt 0.2528 0.8579 0.0000
vt 0.2528 0.8383 0.0000
vt 0.2528 0.8176 0.0000
vt 0.2706 0.8579 0.0000
vt 0.2706 0.8383 0.0000
vt 0.2706 0.8176 0.0000
vt 0.2865 0.8579 0.0000
vt 0.2865 0.8383 0.0000
vt 0.2865 0.8176 0.0000
vt 0.2999 0.8579 0.0000
vt 0.2999 0.8383 0.0000
vt 0.2999 0.8176 0.0000
vt 0.3115 0.8579 0.0000
vt 0.3115 0.8383 0.0000
vt 0.3115 0.8176 0.0000
vt 0.3218 0.8579 0.0000
vt 0.3218 0.8383 0.0000
vt 0.3218 0.8176 0.0000
vt 0.3315 0.8579 0.0000
vt 0.3315 0.8383 0.0000
vt 0.3315 0.8176 0.0000
vt 0.3412 0.8579 0.0000
vt 0.3412 0.8383 0.0000
vt 0.3412 0.8176 0.0000
vt 0.3514 0.8579 0.0000
vt 0.3514 0.8383 0.0000
vt 0.3514 0.8176 0.0000
vt 0.3628 0.8579 0.0000
vt 0.3628 0.8383 0.0000
vt 0.3412 0.8762 0.0000
vt 0.3514 0.8762 0.0000
vt 0.3412 0.8930 0.0000
vt 0.3514 0.8930 0.0000
vt 0.3412 0.9083 0.0000
vt 0.3514 0.9083 0.0000
vt 0.3412 0.9222 0.0000
vt 0.3514 0.9222 0.0000
vt 0.3412 0.9346 0.0000
vt 0.3514 0.9346 0.0000
vt 0.3412 0.9458 0.0000
vt 0.3514 0.9458 0.0000
vt 0.3412 0.9557 0.0000
vt 0.3514 0.9557 0.0000
vt 0.3412 0.9647 0.0000
vt 0.3513 0.9647 0.0000
vt 0.3412 0.9730 0.0000
vt 0.3511 0.9730 0.0000
vt 0.3412 0.9811 0.0000
vt 0.3508 0.9811 0.0000
vt 0.0291 0.4797 0.0000
vt 0.0293 0.4773 0.0000
vt 0.0282 0.4773 0.0000
vt 0.0279 0.4797 0.0000
vt 0.0295 0.4751 0.0000
vt 0.0286 0.4750 0.0000
vt 0.0298 0.4729 0.0000
vt 0.0290 0.4728 0.0000
vt 0.0302 0.4708 0.0000
vt 0.0307 0.4689 0.0000
vt 0.0300 0.4686 0.0000
vt 0.0294 0.4706 0.0000
vt 0.0314 0.4672 0.0000
vt 0.0307 0.4668 0.0000
vt 0.0315 0.4651 0.0000
vt 0.0323 0.4657 0.0000
vt 0.0334 0.4644 0.0000
vt 0.0326 0.4636 0.0000
vt 0.0341 0.4625 0.0000
vt 0.0347 0.4633 0.0000
vt 0.0340 0.4650 0.0000
vt 0.0352 0.4640 0.0000
vt 0.0361 0.4624 0.0000
vt 0.0357 0.4617 0.0000
vt 0.0376 0.4610 0.0000
vt 0.0378 0.4617 0.0000
vt 0.0397 0.4612 0.0000
vt 0.0396 0.4604 0.0000
vt 0.0418 0.4608 0.0000
vt 0.0417 0.4600 0.0000
vt 0.0440 0.4605 0.0000
vt 0.0440 0.4596 0.0000
vt 0.0463 0.4603 0.0000
vt 0.0463 0.4593 0.0000
vt 0.0487 0.4602 0.0000
vt 0.0487 0.4590 0.0000
vt 0.0880 0.9811 0.0000
vt 0.0880 0.9731 0.0000
vt 0.0785 0.9731 0.0000
vt 0.0785 0.9811 0.0000
vt 0.0880 0.9647 0.0000
vt 0.0785 0.9647 0.0000
vt 0.0880 0.9557 0.0000
vt 0.0785 0.9559 0.0000
vt 0.0880 0.9458 0.0000
vt 0.0785 0.9460 0.0000
vt 0.0880 0.9346 0.0000
vt 0.0785 0.9348 0.0000
vt 0.0880 0.9222 0.0000
vt 0.0785 0.9223 0.0000
vt 0.0880 0.9083 0.0000
vt 0.0785 0.9085 0.0000
vt 0.0880 0.8930 0.0000
vt 0.0785 0.8933 0.0000
vt 0.0880 0.8762 0.0000
vt 0.0785 0.8764 0.0000
vt 0.0975 0.8930 0.0000
vt 0.0975 0.8762 0.0000
vt 0.1070 0.8930 0.0000
vt 0.1070 0.8762 0.0000
vt 0.1171 0.8930 0.0000
vt 0.1171 0.8762 0.0000
vt 0.1285 0.8930 0.0000
vt 0.1285 0.8762 0.0000
vt 0.1418 0.8930 0.0000
vt 0.1418 0.8762 0.0000
vt 0.1576 0.8930 0.0000
vt 0.1576 0.8762 0.0000
vt 0.1754 0.8930 0.0000
vt 0.1754 0.8762 0.0000
vt 0.1944 0.8930 0.0000
vt 0.1944 0.8762 0.0000
vt 0.2141 0.8930 0.0000
vt 0.2141 0.8762 0.0000
vt 0.2337 0.8930 0.0000
vt 0.2337 0.8762 0.0000
vt 0.2528 0.8930 0.0000
vt 0.2528 0.8762 0.0000
vt 0.2706 0.8930 0.0000
vt 0.2706 0.8762 0.0000
vt 0.2865 0.8930 0.0000
vt 0.2865 0.8762 0.0000
vt 0.2999 0.8930 0.0000
vt 0.2999 0.8762 0.0000
vt 0.3115 0.8930 0.0000
vt 0.3115 0.8762 0.0000
vt 0.3218 0.8930 0.0000
vt 0.3218 0.8762 0.0000
vt 0.3315 0.8930 0.0000
vt 0.3315 0.8762 0.0000
vt 0.3218 0.9083 0.0000
vt 0.3315 0.9083 0.0000
vt 0.3218 0.9222 0.0000
vt 0.3315 0.9222 0.0000
vt 0.3218 0.9346 0.0000
vt 0.3315 0.9346 0.0000
vt 0.3218 0.9458 0.0000
vt 0.3315 0.9458 0.0000
vt 0.3218 0.9557 0.0000
vt 0.3315 0.9557 0.0000
vt 0.3218 0.9647 0.0000
vt 0.3315 0.9647 0.0000
vt 0.3218 0.9730 0.0000
vt 0.3315 0.9730 0.0000
vt 0.3218 0.9811 0.0000
vt 0.3315 0.9811 0.0000
vt 0.0316 0.4797 0.0000
vt 0.0314 0.4774 0.0000
vt 0.0304 0.4773 0.0000
vt 0.0303 0.4797 0.0000
vt 0.0314 0.4751 0.0000
vt 0.0304 0.4751 0.0000
vt 0.0314 0.4730 0.0000
vt 0.0306 0.4729 0.0000
vt 0.0316 0.4710 0.0000
vt 0.0309 0.4709 0.0000
vt 0.0321 0.4694 0.0000
vt 0.0314 0.4691 0.0000
vt 0.0328 0.4680 0.0000
vt 0.0321 0.4676 0.0000
vt 0.0337 0.4668 0.0000
vt 0.0330 0.4662 0.0000
vt 0.0347 0.4657 0.0000
vt 0.0383 0.4631 0.0000
vt 0.0381 0.4624 0.0000
vt 0.0366 0.4631 0.0000
vt 0.0370 0.4638 0.0000
vt 0.0357 0.4647 0.0000
vt 0.0364 0.4654 0.0000
vt 0.0375 0.4645 0.0000
vt 0.0399 0.4619 0.0000
vt 0.0419 0.4624 0.0000
vt 0.0440 0.4624 0.0000
vt 0.0440 0.4615 0.0000
vt 0.0419 0.4616 0.0000
vt 0.0463 0.4625 0.0000
vt 0.0463 0.4614 0.0000
vt 0.0487 0.4626 0.0000
vt 0.0487 0.4614 0.0000
vt 0.1070 0.9811 0.0000
vt 0.1070 0.9731 0.0000
vt 0.0975 0.9731 0.0000
vt 0.0975 0.9811 0.0000
vt 0.1070 0.9647 0.0000
vt 0.0975 0.9647 0.0000
vt 0.1070 0.9557 0.0000
vt 0.0975 0.9557 0.0000
vt 0.1070 0.9458 0.0000
vt 0.0975 0.9458 0.0000
vt 0.1070 0.9346 0.0000
vt 0.0975 0.9346 0.0000
vt 0.1070 0.9222 0.0000
vt 0.0975 0.9222 0.0000
vt 0.1070 0.9083 0.0000
vt 0.0975 0.9083 0.0000
vt 0.1171 0.9222 0.0000
vt 0.1171 0.9083 0.0000
vt 0.1285 0.9222 0.0000
vt 0.1285 0.9083 0.0000
vt 0.1418 0.9222 0.0000
vt 0.1418 0.9083 0.0000
vt 0.1576 0.9222 0.0000
vt 0.1576 0.9083 0.0000
vt 0.1754 0.9222 0.0000
vt 0.1754 0.9083 0.0000
vt 0.1944 0.9222 0.0000
vt 0.1944 0.9083 0.0000
vt 0.2141 0.9222 0.0000
vt 0.2141 0.9083 0.0000
vt 0.2337 0.9222 0.0000
vt 0.2337 0.9083 0.0000
vt 0.2528 0.9222 0.0000
vt 0.2528 0.9083 0.0000
vt 0.2706 0.9222 0.0000
vt 0.2706 0.9083 0.0000
vt 0.2865 0.9222 0.0000
vt 0.2865 0.9083 0.0000
vt 0.2999 0.9222 0.0000
vt 0.2999 0.9083 0.0000
vt 0.3115 0.9222 0.0000
vt 0.3115 0.9083 0.0000
vt 0.2999 0.9346 0.0000
vt 0.3115 0.9346 0.0000
vt 0.2999 0.9458 0.0000
vt 0.3115 0.9458 0.0000
vt 0.2999 0.9557 0.0000
vt 0.3115 0.9557 0.0000
vt 0.3002 0.9647 0.0000
vt 0.3116 0.9647 0.0000
vt 0.3012 0.9730 0.0000
vt 0.3118 0.9730 0.0000
vt 0.3024 0.9811 0.0000
vt 0.3121 0.9811 0.0000
vt 0.0340 0.4797 0.0000
vt 0.0336 0.4772 0.0000
vt 0.0325 0.4773 0.0000
vt 0.0328 0.4797 0.0000
vt 0.0333 0.4750 0.0000
vt 0.0323 0.4751 0.0000
vt 0.0331 0.4731 0.0000
vt 0.0322 0.4730 0.0000
vt 0.0332 0.4715 0.0000
vt 0.0324 0.4712 0.0000
vt 0.0336 0.4702 0.0000
vt 0.0328 0.4697 0.0000
vt 0.0344 0.4674 0.0000
vt 0.0335 0.4685 0.0000
vt 0.0343 0.4692 0.0000
vt 0.0352 0.4682 0.0000
vt 0.0362 0.4672 0.0000
vt 0.0354 0.4664 0.0000
vt 0.0381 0.4653 0.0000
vt 0.0374 0.4645 0.0000
vt 0.0372 0.4662 0.0000
vt 0.0392 0.4646 0.0000
vt 0.0387 0.4639 0.0000
vt 0.0384 0.4631 0.0000
vt 0.0405 0.4642 0.0000
vt 0.0402 0.4634 0.0000
vt 0.0420 0.4642 0.0000
vt 0.0439 0.4644 0.0000
vt 0.0440 0.4633 0.0000
vt 0.0420 0.4633 0.0000
vt 0.0462 0.4647 0.0000
vt 0.0463 0.4636 0.0000
vt 0.0487 0.4651 0.0000
vt 0.0487 0.4639 0.0000
vt 0.1259 0.9811 0.0000
vt 0.1272 0.9731 0.0000
vt 0.1168 0.9731 0.0000
vt 0.1164 0.9811 0.0000
vt 0.1282 0.9647 0.0000
vt 0.1170 0.9647 0.0000
vt 0.1285 0.9557 0.0000
vt 0.1171 0.9557 0.0000
vt 0.1285 0.9458 0.0000
vt 0.1171 0.9458 0.0000
vt 0.1285 0.9346 0.0000
vt 0.1171 0.9346 0.0000
vt 0.1418 0.9458 0.0000
vt 0.1418 0.9346 0.0000
vt 0.1576 0.9458 0.0000
vt 0.1576 0.9346 0.0000
vt 0.1754 0.9458 0.0000
vt 0.1754 0.9346 0.0000
vt 0.1944 0.9458 0.0000
vt 0.1944 0.9346 0.0000
vt 0.2141 0.9458 0.0000
vt 0.2141 0.9346 0.0000
vt 0.2337 0.9458 0.0000
vt 0.2337 0.9346 0.0000
vt 0.2528 0.9458 0.0000
vt 0.2528 0.9346 0.0000
vt 0.2706 0.9458 0.0000
vt 0.2706 0.9346 0.0000
vt 0.2865 0.9458 0.0000
vt 0.2865 0.9346 0.0000
vt 0.2706 0.9557 0.0000
vt 0.2865 0.9557 0.0000
vt 0.2709 0.9647 0.0000
vt 0.2870 0.9647 0.0000
vt 0.2718 0.9730 0.0000
vt 0.2884 0.9730 0.0000
vt 0.2731 0.9811 0.0000
vt 0.2927 0.9811 0.0000
vt 0.0374 0.4785 0.0000
vt 0.0366 0.4762 0.0000
vt 0.0349 0.4769 0.0000
vt 0.0352 0.4797 0.0000
vt 0.0358 0.4741 0.0000
vt 0.0345 0.4747 0.0000
vt 0.0351 0.4723 0.0000
vt 0.0341 0.4729 0.0000
vt 0.0344 0.4710 0.0000
vt 0.0352 0.4701 0.0000
vt 0.0374 0.4706 0.0000
vt 0.0362 0.4692 0.0000
vt 0.0362 0.4715 0.0000
vt 0.0385 0.4695 0.0000
vt 0.0373 0.4683 0.0000
vt 0.0382 0.4672 0.0000
vt 0.0396 0.4684 0.0000
vt 0.0405 0.4672 0.0000
vt 0.0391 0.4662 0.0000
vt 0.0413 0.4661 0.0000
vt 0.0400 0.4654 0.0000
vt 0.0419 0.4651 0.0000
vt 0.0408 0.4649 0.0000
vt 0.0430 0.4668 0.0000
vt 0.0436 0.4655 0.0000
vt 0.0451 0.4676 0.0000
vt 0.0459 0.4660 0.0000
vt 0.0475 0.4684 0.0000
vt 0.0487 0.4663 0.0000
vt 0.1551 0.9811 0.0000
vt 0.1563 0.9731 0.0000
vt 0.1399 0.9731 0.0000
vt 0.1354 0.9811 0.0000
vt 0.1573 0.9647 0.0000
vt 0.1413 0.9647 0.0000
vt 0.1576 0.9557 0.0000
vt 0.1418 0.9557 0.0000
vt 0.1753 0.9647 0.0000
vt 0.1754 0.9557 0.0000
vt 0.1944 0.9647 0.0000
vt 0.1944 0.9557 0.0000
vt 0.2141 0.9647 0.0000
vt 0.2141 0.9557 0.0000
vt 0.2337 0.9647 0.0000
vt 0.2337 0.9557 0.0000
vt 0.2528 0.9647 0.0000
vt 0.2528 0.9557 0.0000
vt 0.2337 0.9730 0.0000
vt 0.2531 0.9730 0.0000
vt 0.2337 0.9811 0.0000
vt 0.2534 0.9811 0.0000
vt 0.0416 0.4760 0.0000
vt 0.0401 0.4741 0.0000
vt 0.0383 0.4752 0.0000
vt 0.0395 0.4773 0.0000
vt 0.0387 0.4722 0.0000
vt 0.0372 0.4732 0.0000
vt 0.0417 0.4728 0.0000
vt 0.0400 0.4710 0.0000
vt 0.0430 0.4712 0.0000
vt 0.0412 0.4697 0.0000
vt 0.0422 0.4682 0.0000
vt 0.0441 0.4694 0.0000
vt 0.0450 0.4727 0.0000
vt 0.0462 0.4706 0.0000
vt 0.1944 0.9811 0.0000
vt 0.1944 0.9730 0.0000
vt 0.1751 0.9730 0.0000
vt 0.1747 0.9811 0.0000
vt 0.2140 0.9811 0.0000
vt 0.2141 0.9730 0.0000
vt 0.0438 0.4748 0.0000
vt 0.0338 0.4718 0.0000
vt 0.0400 0.4626 0.0000
vt 0.0373 0.4601 0.0000
vt 0.0354 0.4608 0.0000
vt 0.0189 0.4577 0.0000
vt 0.0171 0.4573 0.0000
vt 0.0168 0.4584 0.0000
vt 0.0187 0.4587 0.0000
vt 0.0149 0.4568 0.0000
vt 0.0146 0.4581 0.0000
vt 0.0121 0.4565 0.0000
vt 0.0121 0.4577 0.0000
vt 0.6012 0.9810 0.0000
vt 0.6056 0.9730 0.0000
vt 0.5927 0.9730 0.0000
vt 0.5914 0.9810 0.0000
vt 0.6071 0.9646 0.0000
vt 0.5937 0.9646 0.0000
vt 0.6075 0.9557 0.0000
vt 0.5940 0.9557 0.0000
vt 0.6076 0.9458 0.0000
vt 0.5940 0.9458 0.0000
vt 0.6076 0.9346 0.0000
vt 0.5940 0.9346 0.0000
vt 0.6076 0.9222 0.0000
vt 0.5940 0.9222 0.0000
vt 0.6076 0.9083 0.0000
vt 0.5940 0.9083 0.0000
vt 0.6076 0.8930 0.0000
vt 0.5940 0.8930 0.0000
vt 0.6076 0.8762 0.0000
vt 0.5940 0.8762 0.0000
vt 0.6076 0.8579 0.0000
vt 0.5940 0.8579 0.0000
vt 0.6076 0.8383 0.0000
vt 0.5940 0.8383 0.0000
vt 0.6076 0.8176 0.0000
vt 0.5940 0.8176 0.0000
vt 0.6076 0.7959 0.0000
vt 0.5940 0.7959 0.0000
vt 0.6237 0.8383 0.0000
vt 0.6237 0.8176 0.0000
vt 0.6237 0.7959 0.0000
vt 0.6416 0.8383 0.0000
vt 0.6416 0.8176 0.0000
vt 0.6416 0.7959 0.0000
vt 0.6607 0.8383 0.0000
vt 0.6607 0.8176 0.0000
vt 0.6607 0.7959 0.0000
vt 0.6803 0.8383 0.0000
vt 0.6803 0.8176 0.0000
vt 0.6803 0.7959 0.0000
vt 0.6997 0.8383 0.0000
vt 0.6997 0.8176 0.0000
vt 0.6997 0.7959 0.0000
vt 0.7182 0.8383 0.0000
vt 0.7182 0.8176 0.0000
vt 0.7182 0.7959 0.0000
vt 0.7355 0.8383 0.0000
vt 0.7355 0.8176 0.0000
vt 0.7355 0.7959 0.0000
vt 0.7509 0.8383 0.0000
vt 0.7509 0.8176 0.0000
vt 0.7509 0.7959 0.0000
vt 0.7640 0.8383 0.0000
vt 0.7640 0.8176 0.0000
vt 0.7640 0.7959 0.0000
vt 0.7753 0.8383 0.0000
vt 0.7753 0.8176 0.0000
vt 0.7753 0.7959 0.0000
vt 0.7854 0.8176 0.0000
vt 0.7854 0.7959 0.0000
vt 0.7854 0.7731 0.0000
vt 0.7753 0.7731 0.0000
vt 0.7949 0.8176 0.0000
vt 0.7949 0.7959 0.0000
vt 0.7949 0.7731 0.0000
vt 0.8044 0.8176 0.0000
vt 0.8044 0.7959 0.0000
vt 0.8044 0.7731 0.0000
vt 0.8145 0.8176 0.0000
vt 0.8145 0.7959 0.0000
vt 0.8145 0.7731 0.0000
vt 0.8259 0.8176 0.0000
vt 0.8259 0.7959 0.0000
vt 0.8259 0.7731 0.0000
vt 0.8392 0.8176 0.0000
vt 0.8392 0.7959 0.0000
vt 0.8392 0.7731 0.0000
vt 0.8550 0.8176 0.0000
vt 0.8550 0.7959 0.0000
vt 0.8550 0.7731 0.0000
vt 0.8728 0.8176 0.0000
vt 0.8728 0.7959 0.0000
vt 0.8728 0.7731 0.0000
vt 0.8917 0.8176 0.0000
vt 0.8917 0.7959 0.0000
vt 0.8917 0.7731 0.0000
vt 0.9113 0.8176 0.0000
vt 0.9113 0.7959 0.0000
vt 0.9113 0.7731 0.0000
vt 0.9309 0.8176 0.0000
vt 0.9309 0.7959 0.0000
vt 0.9309 0.7731 0.0000
vt 0.9504 0.8178 0.0000
vt 0.9504 0.7960 0.0000
vt 0.9504 0.7732 0.0000
vt 0.9699 0.8184 0.0000
vt 0.9699 0.7964 0.0000
vt 0.9699 0.7734 0.0000
vt 0.9894 0.8201 0.0000
vt 0.9894 0.7969 0.0000
vt 0.9894 0.7737 0.0000
vt 0.0690 0.7964 0.0000
vt 0.0595 0.7969 0.0000
vt 0.0690 0.7734 0.0000
vt 0.0595 0.7737 0.0000
vt 0.0785 0.7961 0.0000
vt 0.0785 0.7732 0.0000
vt 0.0880 0.7959 0.0000
vt 0.0880 0.7731 0.0000
vt 0.0975 0.7959 0.0000
vt 0.0975 0.7731 0.0000
vt 0.1070 0.7959 0.0000
vt 0.1070 0.7731 0.0000
vt 0.1171 0.7959 0.0000
vt 0.1171 0.7731 0.0000
vt 0.1285 0.7959 0.0000
vt 0.1285 0.7731 0.0000
vt 0.1418 0.7959 0.0000
vt 0.1418 0.7731 0.0000
vt 0.1576 0.7959 0.0000
vt 0.1576 0.7731 0.0000
vt 0.1754 0.7959 0.0000
vt 0.1754 0.7731 0.0000
vt 0.1944 0.7959 0.0000
vt 0.1944 0.7731 0.0000
vt 0.2141 0.7959 0.0000
vt 0.2141 0.7731 0.0000
vt 0.2337 0.7959 0.0000
vt 0.2337 0.7731 0.0000
vt 0.2528 0.7959 0.0000
vt 0.2528 0.7731 0.0000
vt 0.2706 0.7959 0.0000
vt 0.2706 0.7731 0.0000
vt 0.2865 0.7959 0.0000
vt 0.2865 0.7731 0.0000
vt 0.2999 0.7959 0.0000
vt 0.2999 0.7731 0.0000
vt 0.3115 0.7959 0.0000
vt 0.3115 0.7731 0.0000
vt 0.3218 0.7959 0.0000
vt 0.3218 0.7731 0.0000
vt 0.3315 0.7959 0.0000
vt 0.3315 0.7731 0.0000
vt 0.3412 0.7959 0.0000
vt 0.3412 0.7731 0.0000
vt 0.3514 0.7959 0.0000
vt 0.3514 0.7731 0.0000
vt 0.3628 0.8176 0.0000
vt 0.3628 0.7959 0.0000
vt 0.3759 0.8176 0.0000
vt 0.3759 0.7959 0.0000
vt 0.3759 0.8383 0.0000
vt 0.3759 0.8579 0.0000
vt 0.3628 0.8762 0.0000
vt 0.3759 0.8762 0.0000
vt 0.3628 0.8930 0.0000
vt 0.3759 0.8930 0.0000
vt 0.3628 0.9083 0.0000
vt 0.3759 0.9083 0.0000
vt 0.3628 0.9222 0.0000
vt 0.3759 0.9222 0.0000
vt 0.3628 0.9346 0.0000
vt 0.3759 0.9346 0.0000
vt 0.3628 0.9458 0.0000
vt 0.3759 0.9458 0.0000
vt 0.3628 0.9557 0.0000
vt 0.3759 0.9557 0.0000
vt 0.3625 0.9647 0.0000
vt 0.3755 0.9647 0.0000
vt 0.3617 0.9730 0.0000
vt 0.3742 0.9730 0.0000
vt 0.3605 0.9811 0.0000
vt 0.3702 0.9811 0.0000
vt 0.0267 0.4797 0.0000
vt 0.0271 0.4772 0.0000
vt 0.0258 0.4769 0.0000
vt 0.0254 0.4797 0.0000
vt 0.0275 0.4748 0.0000
vt 0.0264 0.4745 0.0000
vt 0.0281 0.4726 0.0000
vt 0.0270 0.4723 0.0000
vt 0.0276 0.4702 0.0000
vt 0.0286 0.4704 0.0000
vt 0.0282 0.4681 0.0000
vt 0.0291 0.4684 0.0000
vt 0.0298 0.4664 0.0000
vt 0.0287 0.4661 0.0000
vt 0.0294 0.4640 0.0000
vt 0.0306 0.4644 0.0000
vt 0.0317 0.4627 0.0000
vt 0.0304 0.4614 0.0000
vt 0.0334 0.4616 0.0000
vt 0.0330 0.4604 0.0000
vt 0.0371 0.4591 0.0000
vt 0.0351 0.4597 0.0000
vt 0.9699 0.8388 0.0000
vt 0.9699 0.8582 0.0000
vt 0.9894 0.8585 0.0000
vt 0.9894 0.8393 0.0000
vt 0.9504 0.8384 0.0000
vt 0.9504 0.8580 0.0000
vt 0.9504 0.8764 0.0000
vt 0.9699 0.8769 0.0000
vt 0.9504 0.8933 0.0000
vt 0.9699 0.8942 0.0000
vt 0.9504 0.9085 0.0000
vt 0.9699 0.9091 0.0000
vt 0.9504 0.9223 0.0000
vt 0.9699 0.9225 0.0000
vt 0.9504 0.9348 0.0000
vt 0.9699 0.9353 0.0000
vt 0.9504 0.9460 0.0000
vt 0.9699 0.9467 0.0000
vt 0.9504 0.9558 0.0000
vt 0.9699 0.9563 0.0000
vt 0.9504 0.9647 0.0000
vt 0.9699 0.9648 0.0000
vt 0.9504 0.9731 0.0000
vt 0.9699 0.9731 0.0000
vt 0.9504 0.9811 0.0000
vt 0.9699 0.9811 0.0000
vt 0.0463 0.4523 0.0000
vt 0.0442 0.4534 0.0000
vt 0.0452 0.4552 0.0000
vt 0.0475 0.4544 0.0000
vt 0.0421 0.4545 0.0000
vt 0.0429 0.4560 0.0000
vt 0.0402 0.4555 0.0000
vt 0.0408 0.4568 0.0000
vt 0.0384 0.4562 0.0000
vt 0.0388 0.4574 0.0000
vt 0.0366 0.4566 0.0000
vt 0.0368 0.4579 0.0000
vt 0.0350 0.4568 0.0000
vt 0.0349 0.4583 0.0000
vt 0.0334 0.4568 0.0000
vt 0.0331 0.4587 0.0000
vt 0.0321 0.4567 0.0000
vt 0.0314 0.4588 0.0000
vt 0.0302 0.4584 0.0000
vt 0.0290 0.4600 0.0000
vt 0.0310 0.4564 0.0000
vt 0.5526 0.7959 0.0000
vt 0.5526 0.8176 0.0000
vt 0.5623 0.8176 0.0000
vt 0.5623 0.7959 0.0000
vt 0.5526 0.8383 0.0000
vt 0.5623 0.8383 0.0000
vt 0.5525 0.8579 0.0000
vt 0.5623 0.8579 0.0000
vt 0.5525 0.8762 0.0000
vt 0.5623 0.8762 0.0000
vt 0.5525 0.8930 0.0000
vt 0.5623 0.8930 0.0000
vt 0.5525 0.9083 0.0000
vt 0.5623 0.9083 0.0000
vt 0.5526 0.9222 0.0000
vt 0.5623 0.9222 0.0000
vt 0.5526 0.9346 0.0000
vt 0.5623 0.9346 0.0000
vt 0.5526 0.9458 0.0000
vt 0.5623 0.9458 0.0000
vt 0.5525 0.9557 0.0000
vt 0.5623 0.9557 0.0000
vt 0.5525 0.9646 0.0000
vt 0.5623 0.9646 0.0000
vt 0.5525 0.9730 0.0000
vt 0.5623 0.9730 0.0000
vt 0.5525 0.9810 0.0000
vt 0.5622 0.9810 0.0000
vt 0.0121 0.4626 0.0000
vt 0.0145 0.4625 0.0000
vt 0.0145 0.4614 0.0000
vt 0.0121 0.4614 0.0000
vt 0.0167 0.4623 0.0000
vt 0.0167 0.4614 0.0000
vt 0.0189 0.4620 0.0000
vt 0.0189 0.4612 0.0000
vt 0.0210 0.4617 0.0000
vt 0.0209 0.4609 0.0000
vt 0.0229 0.4611 0.0000
vt 0.0226 0.4604 0.0000
vt 0.0224 0.4597 0.0000
vt 0.0207 0.4602 0.0000
vt 0.0220 0.4590 0.0000
vt 0.0206 0.4594 0.0000
vt 0.0188 0.4596 0.0000
vt 0.0188 0.4604 0.0000
vt 0.0167 0.4595 0.0000
vt 0.0167 0.4604 0.0000
vt 0.0145 0.4592 0.0000
vt 0.0145 0.4603 0.0000
vt 0.0121 0.4589 0.0000
vt 0.0121 0.4602 0.0000
vt 0.5817 0.9810 0.0000
vt 0.5820 0.9730 0.0000
vt 0.5720 0.9730 0.0000
vt 0.5720 0.9810 0.0000
vt 0.5823 0.9646 0.0000
vt 0.5720 0.9646 0.0000
vt 0.5824 0.9557 0.0000
vt 0.5720 0.9557 0.0000
vt 0.5824 0.9458 0.0000
vt 0.5720 0.9458 0.0000
vt 0.5824 0.9346 0.0000
vt 0.5720 0.9346 0.0000
vt 0.5824 0.9222 0.0000
vt 0.5720 0.9222 0.0000
vt 0.5824 0.9083 0.0000
vt 0.5720 0.9083 0.0000
vt 0.5824 0.8930 0.0000
vt 0.5720 0.8930 0.0000
vt 0.5824 0.8762 0.0000
vt 0.5720 0.8762 0.0000
vt 0.5824 0.8579 0.0000
vt 0.5720 0.8579 0.0000
vt 0.5824 0.8383 0.0000
vt 0.5720 0.8383 0.0000
vt 0.5824 0.8176 0.0000
vt 0.5720 0.8176 0.0000
vt 0.5824 0.7959 0.0000
vt 0.5720 0.7959 0.0000
vt 0.5760 0.7818 0.0000
vt 0.5720 0.7818 0.0000
vt 0.5824 0.7817 0.0000
vt 0.5867 0.7817 0.0000
vt 0.5940 0.7816 0.0000
vt 0.5990 0.7815 0.0000
vt 0.6076 0.7814 0.0000
vt 0.6133 0.7813 0.0000
vt 0.6237 0.7811 0.0000
vt 0.6299 0.7810 0.0000
vt 0.6416 0.7808 0.0000
vt 0.6479 0.7805 0.0000
vt 0.6607 0.7802 0.0000
vt 0.6666 0.7799 0.0000
vt 0.6803 0.7793 0.0000
vt 0.6853 0.7790 0.0000
vt 0.6997 0.7781 0.0000
vt 0.7035 0.7778 0.0000
vt 0.7182 0.7767 0.0000
vt 0.7207 0.7764 0.0000
vt 0.7355 0.7752 0.0000
vt 0.7368 0.7751 0.0000
vt 0.7509 0.7738 0.0000
vt 0.7513 0.7738 0.0000
vt 0.7598 0.7731 0.0000
vt 0.7640 0.7731 0.0000
vt 0.7640 0.7728 0.0000
vt 0.7638 0.7728 0.0000
vt 0.7747 0.7719 0.0000
vt 0.7753 0.7719 0.0000
vt 0.7845 0.7711 0.0000
vt 0.7854 0.7711 0.0000
vt 0.7938 0.7704 0.0000
vt 0.7949 0.7704 0.0000
vt 0.8030 0.7698 0.0000
vt 0.8044 0.7697 0.0000
vt 0.8128 0.7691 0.0000
vt 0.8145 0.7690 0.0000
vt 0.8236 0.7683 0.0000
vt 0.8259 0.7682 0.0000
vt 0.8361 0.7675 0.0000
vt 0.8392 0.7673 0.0000
vt 0.8507 0.7666 0.0000
vt 0.8550 0.7663 0.0000
vt 0.8672 0.7656 0.0000
vt 0.8728 0.7653 0.0000
vt 0.8850 0.7646 0.0000
vt 0.8917 0.7643 0.0000
vt 0.9037 0.7637 0.0000
vt 0.9113 0.7633 0.0000
vt 0.9225 0.7629 0.0000
vt 0.9309 0.7625 0.0000
vt 0.9415 0.7622 0.0000
vt 0.9504 0.7620 0.0000
vt 0.9605 0.7618 0.0000
vt 0.9699 0.7617 0.0000
vt 0.9796 0.7616 0.0000
vt 0.9894 0.7617 0.0000
vt 0.0640 0.7614 0.0000
vt 0.0595 0.7617 0.0000
vt 0.0690 0.7608 0.0000
vt 0.0733 0.7605 0.0000
vt 0.0785 0.7600 0.0000
vt 0.0827 0.7599 0.0000
vt 0.0880 0.7596 0.0000
vt 0.0921 0.7596 0.0000
vt 0.0975 0.7595 0.0000
vt 0.1016 0.7596 0.0000
vt 0.1069 0.7596 0.0000
vt 0.1114 0.7597 0.0000
vt 0.1171 0.7598 0.0000
vt 0.1222 0.7599 0.0000
vt 0.1285 0.7600 0.0000
vt 0.1346 0.7602 0.0000
vt 0.1418 0.7604 0.0000
vt 0.1494 0.7606 0.0000
vt 0.1576 0.7608 0.0000
vt 0.1664 0.7610 0.0000
vt 0.1754 0.7612 0.0000
vt 0.1853 0.7616 0.0000
vt 0.1944 0.7618 0.0000
vt 0.2052 0.7623 0.0000
vt 0.2141 0.7626 0.0000
vt 0.2256 0.7632 0.0000
vt 0.2337 0.7636 0.0000
vt 0.2458 0.7643 0.0000
vt 0.2528 0.7647 0.0000
vt 0.2650 0.7655 0.0000
vt 0.2706 0.7659 0.0000
vt 0.2823 0.7668 0.0000
vt 0.2865 0.7670 0.0000
vt 0.2970 0.7679 0.0000
vt 0.2999 0.7681 0.0000
vt 0.3095 0.7689 0.0000
vt 0.3115 0.7690 0.0000
vt 0.3204 0.7698 0.0000
vt 0.3218 0.7699 0.0000
vt 0.3305 0.7707 0.0000
vt 0.3315 0.7708 0.0000
vt 0.3405 0.7716 0.0000
vt 0.3412 0.7716 0.0000
vt 0.3511 0.7725 0.0000
vt 0.3514 0.7725 0.0000
vt 0.3592 0.7731 0.0000
vt 0.3630 0.7734 0.0000
vt 0.3628 0.7734 0.0000
vt 0.3759 0.7744 0.0000
vt 0.3768 0.7744 0.0000
vt 0.3913 0.7959 0.0000
vt 0.3913 0.7754 0.0000
vt 0.3931 0.7755 0.0000
vt 0.4084 0.7959 0.0000
vt 0.4084 0.7765 0.0000
vt 0.4113 0.7767 0.0000
vt 0.4268 0.7959 0.0000
vt 0.4268 0.7776 0.0000
vt 0.4307 0.7778 0.0000
vt 0.4459 0.7959 0.0000
vt 0.4459 0.7786 0.0000
vt 0.4507 0.7788 0.0000
vt 0.4651 0.7959 0.0000
vt 0.4651 0.7794 0.0000
vt 0.4705 0.7796 0.0000
vt 0.4839 0.7959 0.0000
vt 0.4839 0.7801 0.0000
vt 0.4894 0.7803 0.0000
vt 0.5015 0.7959 0.0000
vt 0.5015 0.7807 0.0000
vt 0.5069 0.7809 0.0000
vt 0.5173 0.7959 0.0000
vt 0.5173 0.7812 0.0000
vt 0.5221 0.7813 0.0000
vt 0.5307 0.7959 0.0000
vt 0.5307 0.7815 0.0000
vt 0.5350 0.7816 0.0000
vt 0.5422 0.7959 0.0000
vt 0.5422 0.7817 0.0000
vt 0.5462 0.7817 0.0000
vt 0.5526 0.7818 0.0000
vt 0.5307 0.8176 0.0000
vt 0.5422 0.8176 0.0000
vt 0.5307 0.8383 0.0000
vt 0.5422 0.8383 0.0000
vt 0.5307 0.8579 0.0000
vt 0.5422 0.8579 0.0000
vt 0.5307 0.8761 0.0000
vt 0.5422 0.8761 0.0000
vt 0.5307 0.8930 0.0000
vt 0.5422 0.8930 0.0000
vt 0.5307 0.9083 0.0000
vt 0.5422 0.9083 0.0000
vt 0.5307 0.9222 0.0000
vt 0.5422 0.9222 0.0000
vt 0.5307 0.9346 0.0000
vt 0.5422 0.9346 0.0000
vt 0.5307 0.9458 0.0000
vt 0.5422 0.9458 0.0000
vt 0.5307 0.9557 0.0000
vt 0.5422 0.9557 0.0000
vt 0.5310 0.9646 0.0000
vt 0.5423 0.9646 0.0000
vt 0.5319 0.9730 0.0000
vt 0.5425 0.9730 0.0000
vt 0.5331 0.9810 0.0000
vt 0.5428 0.9810 0.0000
vt 0.0121 0.4651 0.0000
vt 0.0146 0.4647 0.0000
vt 0.0145 0.4636 0.0000
vt 0.0121 0.4639 0.0000
vt 0.0170 0.4643 0.0000
vt 0.0168 0.4633 0.0000
vt 0.0192 0.4638 0.0000
vt 0.0190 0.4629 0.0000
vt 0.0214 0.4633 0.0000
vt 0.0212 0.4624 0.0000
vt 0.0231 0.4619 0.0000
vt 0.0234 0.4627 0.0000
vt 0.0254 0.4621 0.0000
vt 0.0250 0.4612 0.0000
vt 0.0246 0.4604 0.0000
vt 0.0267 0.4603 0.0000
vt 0.0261 0.4595 0.0000
vt 0.0255 0.4588 0.0000
vt 0.0242 0.4597 0.0000
vt 0.0250 0.4581 0.0000
vt 0.0238 0.4590 0.0000
vt 0.0244 0.4574 0.0000
vt 0.0233 0.4583 0.0000
vt 0.0236 0.4566 0.0000
vt 0.0226 0.4575 0.0000
vt 0.0215 0.4582 0.0000
vt 0.0277 0.4641 0.0000
vt 0.0278 0.4625 0.0000
vt 0.0257 0.4631 0.0000
vt 0.0258 0.4645 0.0000
vt 0.0239 0.4649 0.0000
vt 0.0237 0.4637 0.0000
vt 0.0216 0.4643 0.0000
vt 0.0195 0.4649 0.0000
vt 0.0200 0.4661 0.0000
vt 0.0220 0.4654 0.0000
vt 0.0224 0.4667 0.0000
vt 0.0241 0.4662 0.0000
vt 0.0173 0.4655 0.0000
vt 0.0179 0.4669 0.0000
vt 0.0149 0.4660 0.0000
vt 0.0156 0.4677 0.0000
vt 0.0121 0.4664 0.0000
vt 0.0133 0.4685 0.0000
vt 0.5233 0.9810 0.0000
vt 0.5191 0.9730 0.0000
vt 0.5027 0.9730 0.0000
vt 0.5039 0.9810 0.0000
vt 0.5177 0.9646 0.0000
vt 0.5017 0.9646 0.0000
vt 0.5173 0.9557 0.0000
vt 0.5015 0.9557 0.0000
vt 0.5173 0.9458 0.0000
vt 0.5015 0.9458 0.0000
vt 0.5173 0.9346 0.0000
vt 0.5015 0.9346 0.0000
vt 0.5173 0.9222 0.0000
vt 0.5015 0.9222 0.0000
vt 0.5173 0.9083 0.0000
vt 0.5014 0.9083 0.0000
vt 0.5173 0.8930 0.0000
vt 0.5014 0.8930 0.0000
vt 0.5173 0.8761 0.0000
vt 0.5014 0.8761 0.0000
vt 0.5173 0.8579 0.0000
vt 0.5015 0.8579 0.0000
vt 0.5173 0.8383 0.0000
vt 0.5015 0.8383 0.0000
vt 0.5173 0.8176 0.0000
vt 0.5015 0.8176 0.0000
vt 0.4838 0.8176 0.0000
vt 0.4838 0.8383 0.0000
vt 0.4651 0.8176 0.0000
vt 0.4651 0.8383 0.0000
vt 0.4651 0.8579 0.0000
vt 0.4838 0.8579 0.0000
vt 0.4651 0.8762 0.0000
vt 0.4838 0.8762 0.0000
vt 0.4651 0.8930 0.0000
vt 0.4838 0.8930 0.0000
vt 0.4651 0.9083 0.0000
vt 0.4838 0.9083 0.0000
vt 0.4651 0.9222 0.0000
vt 0.4838 0.9222 0.0000
vt 0.4651 0.9346 0.0000
vt 0.4838 0.9346 0.0000
vt 0.4651 0.9458 0.0000
vt 0.4838 0.9458 0.0000
vt 0.4651 0.9557 0.0000
vt 0.4838 0.9557 0.0000
vt 0.4651 0.9646 0.0000
vt 0.4839 0.9646 0.0000
vt 0.4650 0.9730 0.0000
vt 0.4841 0.9730 0.0000
vt 0.4649 0.9811 0.0000
vt 0.4844 0.9810 0.0000
vt 0.0157 0.4727 0.0000
vt 0.0177 0.4712 0.0000
vt 0.0166 0.4694 0.0000
vt 0.0145 0.4706 0.0000
vt 0.0196 0.4698 0.0000
vt 0.0186 0.4683 0.0000
vt 0.0212 0.4687 0.0000
vt 0.0206 0.4674 0.0000
vt 0.0242 0.4677 0.0000
vt 0.0256 0.4677 0.0000
vt 0.0258 0.4660 0.0000
vt 0.0227 0.4679 0.0000
vt 0.0229 0.4690 0.0000
vt 0.0239 0.4691 0.0000
vt 0.0270 0.4679 0.0000
vt 0.0273 0.4660 0.0000
vt 0.0252 0.4694 0.0000
vt 0.0265 0.4698 0.0000
vt 0.0258 0.4718 0.0000
vt 0.0245 0.4712 0.0000
vt 0.0235 0.4732 0.0000
vt 0.0250 0.4739 0.0000
vt 0.0224 0.4752 0.0000
vt 0.0242 0.4762 0.0000
vt 0.0212 0.4772 0.0000
vt 0.0233 0.4785 0.0000
vt 0.4078 0.9811 0.0000
vt 0.4081 0.9730 0.0000
vt 0.3902 0.9730 0.0000
vt 0.3890 0.9811 0.0000
vt 0.4084 0.9647 0.0000
vt 0.3910 0.9647 0.0000
vt 0.4084 0.9557 0.0000
vt 0.3913 0.9557 0.0000
vt 0.4084 0.9458 0.0000
vt 0.3913 0.9458 0.0000
vt 0.4084 0.9346 0.0000
vt 0.3913 0.9346 0.0000
vt 0.4084 0.9222 0.0000
vt 0.3913 0.9222 0.0000
vt 0.4084 0.9083 0.0000
vt 0.3913 0.9083 0.0000
vt 0.4084 0.8930 0.0000
vt 0.3913 0.8930 0.0000
vt 0.4084 0.8762 0.0000
vt 0.3913 0.8762 0.0000
vt 0.4084 0.8579 0.0000
vt 0.3913 0.8579 0.0000
vt 0.4084 0.8383 0.0000
vt 0.3913 0.8383 0.0000
vt 0.4084 0.8176 0.0000
vt 0.3913 0.8176 0.0000
vt 0.4268 0.8383 0.0000
vt 0.4268 0.8176 0.0000
vt 0.4459 0.8383 0.0000
vt 0.4459 0.8176 0.0000
vt 0.4268 0.8579 0.0000
vt 0.4459 0.8579 0.0000
vt 0.4268 0.8762 0.0000
vt 0.4459 0.8762 0.0000
vt 0.4268 0.8930 0.0000
vt 0.4459 0.8930 0.0000
vt 0.4268 0.9083 0.0000
vt 0.4459 0.9083 0.0000
vt 0.4268 0.9222 0.0000
vt 0.4459 0.9222 0.0000
vt 0.4268 0.9346 0.0000
vt 0.4459 0.9346 0.0000
vt 0.4268 0.9458 0.0000
vt 0.4459 0.9458 0.0000
vt 0.4268 0.9557 0.0000
vt 0.4459 0.9557 0.0000
vt 0.4458 0.9647 0.0000
vt 0.4315 0.9647 0.0000
vt 0.4268 0.9647 0.0000
vt 0.4267 0.9730 0.0000
vt 0.4457 0.9730 0.0000
vt 0.4266 0.9811 0.0000
vt 0.4454 0.9811 0.0000
vt 0.0191 0.4760 0.0000
vt 0.0206 0.4741 0.0000
vt 0.0190 0.4728 0.0000
vt 0.0169 0.4748 0.0000
vt 0.0220 0.4722 0.0000
vt 0.0207 0.4711 0.0000
vt 0.0232 0.4706 0.0000
vt 0.0220 0.4698 0.0000
vt 0.0273 0.4612 0.0000
vt 0.0290 0.4601 0.0000
vt 0.0292 0.4577 0.0000
vt 0.0281 0.4592 0.0000
vt 0.0285 0.4571 0.0000
vt 0.0274 0.4584 0.0000
vt 0.0278 0.4566 0.0000
vt 0.0267 0.4578 0.0000
vt 0.0261 0.4571 0.0000
vt 0.0245 0.4556 0.0000
vt 0.0254 0.4564 0.0000
vt 0.0263 0.4554 0.0000
vt 0.0255 0.4546 0.0000
vt 0.0272 0.4543 0.0000
vt 0.0264 0.4537 0.0000
vt 0.0245 0.4536 0.0000
vt 0.0235 0.4545 0.0000
vt 0.0226 0.4556 0.0000
vt 0.0236 0.4565 0.0000
vt 0.0234 0.4522 0.0000
vt 0.0222 0.4533 0.0000
vt 0.0221 0.4506 0.0000
vt 0.0207 0.4518 0.0000
vt 0.0206 0.4487 0.0000
vt 0.0190 0.4500 0.0000
vt 0.0191 0.4468 0.0000
vt 0.0169 0.4480 0.0000
vt 0.6999 0.9811 0.0000
vt 0.6998 0.9730 0.0000
vt 0.6805 0.9730 0.0000
vt 0.6809 0.9811 0.0000
vt 0.6997 0.9646 0.0000
vt 0.6804 0.9646 0.0000
vt 0.6997 0.9557 0.0000
vt 0.6803 0.9557 0.0000
vt 0.6997 0.9458 0.0000
vt 0.6803 0.9458 0.0000
vt 0.6997 0.9346 0.0000
vt 0.6803 0.9346 0.0000
vt 0.6997 0.9222 0.0000
vt 0.6803 0.9222 0.0000
vt 0.6997 0.9083 0.0000
vt 0.6803 0.9083 0.0000
vt 0.6997 0.8930 0.0000
vt 0.6803 0.8930 0.0000
vt 0.6997 0.8762 0.0000
vt 0.6803 0.8762 0.0000
vt 0.6997 0.8579 0.0000
vt 0.6803 0.8579 0.0000
vt 0.7182 0.8762 0.0000
vt 0.7182 0.8579 0.0000
vt 0.7355 0.8762 0.0000
vt 0.7355 0.8579 0.0000
vt 0.7510 0.8762 0.0000
vt 0.7509 0.8579 0.0000
vt 0.7640 0.8762 0.0000
vt 0.7640 0.8579 0.0000
vt 0.7753 0.8762 0.0000
vt 0.7753 0.8579 0.0000
vt 0.7854 0.8762 0.0000
vt 0.7854 0.8579 0.0000
vt 0.7854 0.8383 0.0000
vt 0.7949 0.8579 0.0000
vt 0.7949 0.8383 0.0000
vt 0.8044 0.8579 0.0000
vt 0.8044 0.8383 0.0000
vt 0.8145 0.8579 0.0000
vt 0.8145 0.8383 0.0000
vt 0.8259 0.8579 0.0000
vt 0.8259 0.8383 0.0000
vt 0.8392 0.8579 0.0000
vt 0.8392 0.8383 0.0000
vt 0.8550 0.8579 0.0000
vt 0.8550 0.8383 0.0000
vt 0.8728 0.8579 0.0000
vt 0.8728 0.8383 0.0000
vt 0.8918 0.8579 0.0000
vt 0.8917 0.8383 0.0000
vt 0.9113 0.8579 0.0000
vt 0.9113 0.8383 0.0000
vt 0.9309 0.8579 0.0000
vt 0.9309 0.8383 0.0000
vt 0.9113 0.8762 0.0000
vt 0.9309 0.8762 0.0000
vt 0.9113 0.8930 0.0000
vt 0.9309 0.8930 0.0000
vt 0.9113 0.9083 0.0000
vt 0.9309 0.9083 0.0000
vt 0.9113 0.9222 0.0000
vt 0.9309 0.9222 0.0000
vt 0.9113 0.9346 0.0000
vt 0.9309 0.9346 0.0000
vt 0.9113 0.9458 0.0000
vt 0.9309 0.9458 0.0000
vt 0.9113 0.9557 0.0000
vt 0.9309 0.9557 0.0000
vt 0.9113 0.9647 0.0000
vt 0.9309 0.9647 0.0000
vt 0.9114 0.9730 0.0000
vt 0.9309 0.9730 0.0000
vt 0.9114 0.9811 0.0000
vt 0.9309 0.9811 0.0000
vt 0.0438 0.4480 0.0000
vt 0.0418 0.4500 0.0000
vt 0.0431 0.4517 0.0000
vt 0.0450 0.4501 0.0000
vt 0.0401 0.4517 0.0000
vt 0.0412 0.4530 0.0000
vt 0.0388 0.4530 0.0000
vt 0.0396 0.4542 0.0000
vt 0.0379 0.4539 0.0000
vt 0.0381 0.4549 0.0000
vt 0.0369 0.4537 0.0000
vt 0.0366 0.4552 0.0000
vt 0.0356 0.4534 0.0000
vt 0.0352 0.4551 0.0000
vt 0.0343 0.4530 0.0000
vt 0.0338 0.4550 0.0000
vt 0.0332 0.4527 0.0000
vt 0.0326 0.4547 0.0000
vt 0.0300 0.4539 0.0000
vt 0.0293 0.4556 0.0000
vt 0.0301 0.4560 0.0000
vt 0.0308 0.4542 0.0000
vt 0.0293 0.4537 0.0000
vt 0.0286 0.4552 0.0000
vt 0.0286 0.4534 0.0000
vt 0.0279 0.4531 0.0000
vt 0.0279 0.4548 0.0000
vt 0.0271 0.4560 0.0000
vt 0.0264 0.4518 0.0000
vt 0.0256 0.4505 0.0000
vt 0.0246 0.4513 0.0000
vt 0.0255 0.4527 0.0000
vt 0.0249 0.4488 0.0000
vt 0.0235 0.4496 0.0000
vt 0.0242 0.4466 0.0000
vt 0.0224 0.4476 0.0000
vt 0.0233 0.4443 0.0000
vt 0.0212 0.4455 0.0000
vt 0.7379 0.9811 0.0000
vt 0.7367 0.9730 0.0000
vt 0.7186 0.9730 0.0000
vt 0.7189 0.9811 0.0000
vt 0.7358 0.9646 0.0000
vt 0.7183 0.9646 0.0000
vt 0.7355 0.9557 0.0000
vt 0.7183 0.9557 0.0000
vt 0.7355 0.9458 0.0000
vt 0.7183 0.9458 0.0000
vt 0.7355 0.9346 0.0000
vt 0.7183 0.9346 0.0000
vt 0.7355 0.9222 0.0000
vt 0.7182 0.9222 0.0000
vt 0.7355 0.9083 0.0000
vt 0.7182 0.9083 0.0000
vt 0.7355 0.8930 0.0000
vt 0.7182 0.8930 0.0000
vt 0.7510 0.9083 0.0000
vt 0.7510 0.8930 0.0000
vt 0.7640 0.9083 0.0000
vt 0.7640 0.8930 0.0000
vt 0.7753 0.9083 0.0000
vt 0.7753 0.8930 0.0000
vt 0.7854 0.9083 0.0000
vt 0.7854 0.8930 0.0000
vt 0.7949 0.9083 0.0000
vt 0.7949 0.8930 0.0000
vt 0.7949 0.8762 0.0000
vt 0.8044 0.8930 0.0000
vt 0.8044 0.8762 0.0000
vt 0.8145 0.8930 0.0000
vt 0.8145 0.8762 0.0000
vt 0.8259 0.8930 0.0000
vt 0.8259 0.8762 0.0000
vt 0.8392 0.8930 0.0000
vt 0.8392 0.8762 0.0000
vt 0.8550 0.8930 0.0000
vt 0.8550 0.8762 0.0000
vt 0.8728 0.8930 0.0000
vt 0.8728 0.8762 0.0000
vt 0.8918 0.8930 0.0000
vt 0.8918 0.8762 0.0000
vt 0.8728 0.9083 0.0000
vt 0.8918 0.9083 0.0000
vt 0.8728 0.9222 0.0000
vt 0.8918 0.9222 0.0000
vt 0.8728 0.9346 0.0000
vt 0.8917 0.9346 0.0000
vt 0.8728 0.9458 0.0000
vt 0.8917 0.9458 0.0000
vt 0.8728 0.9557 0.0000
vt 0.8917 0.9557 0.0000
vt 0.8727 0.9647 0.0000
vt 0.8917 0.9647 0.0000
vt 0.8724 0.9730 0.0000
vt 0.8918 0.9730 0.0000
vt 0.8721 0.9811 0.0000
vt 0.8918 0.9811 0.0000
vt 0.0396 0.4456 0.0000
vt 0.0384 0.4476 0.0000
vt 0.0402 0.4487 0.0000
vt 0.0417 0.4468 0.0000
vt 0.0373 0.4497 0.0000
vt 0.0388 0.4506 0.0000
vt 0.0363 0.4516 0.0000
vt 0.0376 0.4522 0.0000
vt 0.0358 0.4489 0.0000
vt 0.0350 0.4510 0.0000
vt 0.0344 0.4483 0.0000
vt 0.0338 0.4505 0.0000
vt 0.0332 0.4480 0.0000
vt 0.0327 0.4502 0.0000
vt 0.0322 0.4524 0.0000
vt 0.0322 0.4478 0.0000
vt 0.0318 0.4501 0.0000
vt 0.0313 0.4522 0.0000
vt 0.0312 0.4478 0.0000
vt 0.0310 0.4500 0.0000
vt 0.0306 0.4520 0.0000
vt 0.0298 0.4519 0.0000
vt 0.0301 0.4499 0.0000
vt 0.0293 0.4499 0.0000
vt 0.0291 0.4518 0.0000
vt 0.0285 0.4498 0.0000
vt 0.0283 0.4516 0.0000
vt 0.0276 0.4498 0.0000
vt 0.0276 0.4513 0.0000
vt 0.0271 0.4526 0.0000
vt 0.0269 0.4510 0.0000
vt 0.0266 0.4499 0.0000
vt 0.0274 0.4478 0.0000
vt 0.0262 0.4481 0.0000
vt 0.0271 0.4456 0.0000
vt 0.0258 0.4459 0.0000
vt 0.0267 0.4431 0.0000
vt 0.0255 0.4431 0.0000
vt 0.7664 0.9811 0.0000
vt 0.7652 0.9730 0.0000
vt 0.7528 0.9730 0.0000
vt 0.7569 0.9810 0.0000
vt 0.7643 0.9646 0.0000
vt 0.7514 0.9646 0.0000
vt 0.7640 0.9557 0.0000
vt 0.7510 0.9557 0.0000
vt 0.7640 0.9458 0.0000
vt 0.7510 0.9458 0.0000
vt 0.7640 0.9346 0.0000
vt 0.7510 0.9346 0.0000
vt 0.7640 0.9222 0.0000
vt 0.7510 0.9222 0.0000
vt 0.7753 0.9346 0.0000
vt 0.7753 0.9222 0.0000
vt 0.7854 0.9346 0.0000
vt 0.7854 0.9222 0.0000
vt 0.7949 0.9346 0.0000
vt 0.7949 0.9222 0.0000
vt 0.8044 0.9346 0.0000
vt 0.8044 0.9222 0.0000
vt 0.8044 0.9083 0.0000
vt 0.8145 0.9222 0.0000
vt 0.8145 0.9083 0.0000
vt 0.8259 0.9222 0.0000
vt 0.8259 0.9083 0.0000
vt 0.8392 0.9222 0.0000
vt 0.8392 0.9083 0.0000
vt 0.8550 0.9222 0.0000
vt 0.8550 0.9083 0.0000
vt 0.8392 0.9346 0.0000
vt 0.8550 0.9346 0.0000
vt 0.8392 0.9458 0.0000
vt 0.8550 0.9458 0.0000
vt 0.8392 0.9557 0.0000
vt 0.8550 0.9557 0.0000
vt 0.8387 0.9647 0.0000
vt 0.8547 0.9647 0.0000
vt 0.8373 0.9730 0.0000
vt 0.8538 0.9730 0.0000
vt 0.8328 0.9811 0.0000
vt 0.8525 0.9811 0.0000
vt 0.0353 0.4431 0.0000
vt 0.0350 0.4459 0.0000
vt 0.0366 0.4466 0.0000
vt 0.0374 0.4443 0.0000
vt 0.0341 0.4431 0.0000
vt 0.0337 0.4456 0.0000
vt 0.0328 0.4431 0.0000
vt 0.0325 0.4455 0.0000
vt 0.0316 0.4431 0.0000
vt 0.0314 0.4455 0.0000
vt 0.0304 0.4431 0.0000
vt 0.0304 0.4455 0.0000
vt 0.0303 0.4477 0.0000
vt 0.0293 0.4455 0.0000
vt 0.0294 0.4477 0.0000
vt 0.0282 0.4455 0.0000
vt 0.0284 0.4478 0.0000
vt 0.0292 0.4431 0.0000
vt 0.0279 0.4431 0.0000
vt 0.7854 0.9811 0.0000
vt 0.7854 0.9730 0.0000
vt 0.7756 0.9730 0.0000
vt 0.7759 0.9811 0.0000
vt 0.7854 0.9647 0.0000
vt 0.7754 0.9647 0.0000
vt 0.7854 0.9557 0.0000
vt 0.7753 0.9557 0.0000
vt 0.7854 0.9458 0.0000
vt 0.7753 0.9458 0.0000
vt 0.7949 0.9557 0.0000
vt 0.7949 0.9458 0.0000
vt 0.7969 0.9557 0.0000
vt 0.8044 0.9557 0.0000
vt 0.8044 0.9458 0.0000
vt 0.8145 0.9557 0.0000
vt 0.8145 0.9458 0.0000
vt 0.8145 0.9346 0.0000
vt 0.8259 0.9458 0.0000
vt 0.8259 0.9346 0.0000
vt 0.8259 0.9557 0.0000
vt 0.8144 0.9647 0.0000
vt 0.8256 0.9647 0.0000
vt 0.8142 0.9730 0.0000
vt 0.8246 0.9730 0.0000
vt 0.8139 0.9811 0.0000
vt 0.8234 0.9811 0.0000
vt 0.8044 0.9647 0.0000
vt 0.8044 0.9730 0.0000
vt 0.8071 0.9811 0.0000
vt 0.7949 0.9647 0.0000
vt 0.7949 0.9730 0.0000
vt 0.7949 0.9811 0.0000
vt 0.8044 0.9811 0.0000
vt 0.6607 0.8579 0.0000
vt 0.6607 0.8762 0.0000
vt 0.6416 0.8579 0.0000
vt 0.6416 0.8762 0.0000
vt 0.6416 0.8930 0.0000
vt 0.6607 0.8930 0.0000
vt 0.6416 0.9083 0.0000
vt 0.6607 0.9083 0.0000
vt 0.6416 0.9222 0.0000
vt 0.6607 0.9222 0.0000
vt 0.6416 0.9346 0.0000
vt 0.6607 0.9346 0.0000
vt 0.6416 0.9458 0.0000
vt 0.6607 0.9458 0.0000
vt 0.6416 0.9557 0.0000
vt 0.6607 0.9557 0.0000
vt 0.6415 0.9646 0.0000
vt 0.6608 0.9646 0.0000
vt 0.6413 0.9730 0.0000
vt 0.6608 0.9730 0.0000
vt 0.6410 0.9810 0.0000
vt 0.6610 0.9810 0.0000
vt 0.0145 0.4522 0.0000
vt 0.0166 0.4534 0.0000
vt 0.0177 0.4517 0.0000
vt 0.0157 0.4501 0.0000
vt 0.0186 0.4546 0.0000
vt 0.0196 0.4531 0.0000
vt 0.0203 0.4556 0.0000
vt 0.0212 0.4544 0.0000
vt 0.0216 0.4566 0.0000
vt 0.0194 0.4567 0.0000
vt 0.0203 0.4586 0.0000
vt 0.0177 0.4560 0.0000
vt 0.0156 0.4552 0.0000
vt 0.0133 0.4543 0.0000
vt 0.6224 0.9730 0.0000
vt 0.6211 0.9810 0.0000
vt 0.6233 0.9646 0.0000
vt 0.6237 0.9557 0.0000
vt 0.6237 0.9458 0.0000
vt 0.6237 0.9346 0.0000
vt 0.6237 0.9222 0.0000
vt 0.6237 0.9083 0.0000
vt 0.6237 0.8930 0.0000
vt 0.6237 0.8762 0.0000
vt 0.6237 0.8579 0.0000
vt 0.9895 0.9811 0.0000
vt 0.9894 0.9731 0.0000
vt 0.9894 0.9650 0.0000
vt 0.9894 0.9569 0.0000
vt 0.9894 0.9489 0.0000
vt 0.9894 0.9359 0.0000
vt 0.9894 0.9229 0.0000
vt 0.9894 0.9099 0.0000
vt 0.9894 0.8969 0.0000
vt 0.9894 0.8777 0.0000
vt 0.0394 0.4596 0.0000
vt 0.5660 0.7818 0.0000
vt 0.5623 0.7819 0.0000
vt 0.5563 0.7818 0.0000
vt 0.2893 0.1766 0.0000
vt 0.2956 0.1724 0.0000
vt 0.3181 0.1633 0.0000
vt 0.2589 0.1985 0.0000
vt 0.9135 0.4883 0.0000
vt 0.9149 0.5156 0.0000
vt 0.9136 0.5312 0.0000
vt 0.9126 0.4736 0.0000
vt 0.9073 0.4514 0.0000
vt 0.9041 0.4390 0.0000
vt 0.8963 0.4205 0.0000
vt 0.8916 0.4098 0.0000
vt 0.8827 0.3937 0.0000
vt 0.9109 0.5621 0.0000
vt 0.9076 0.5774 0.0000
vt 0.9003 0.6103 0.0000
vt 0.8952 0.6239 0.0000
vt 0.8829 0.6575 0.0000
vt 0.8767 0.6682 0.0000
vt 0.8583 0.7007 0.0000
vt 0.8524 0.7083 0.0000
vt 0.8289 0.7393 0.0000
vt 0.8244 0.7439 0.0000
vt 0.7969 0.7722 0.0000
vt 0.7942 0.7743 0.0000
vt 0.7646 0.7983 0.0000
vt 0.7637 0.7988 0.0000
vt 0.8772 0.3842 0.0000
vt 0.7442 0.8107 0.0000
vt 0.7348 0.8163 0.0000
vt 0.7344 0.8166 0.0000
vt 0.7073 0.8288 0.0000
vt 0.7059 0.8295 0.0000
vt 0.6812 0.8389 0.0000
vt 0.6789 0.8398 0.0000
vt 0.6561 0.8490 0.0000
vt 0.6532 0.8502 0.0000
vt 0.6321 0.8616 0.0000
vt 0.6285 0.8635 0.0000
vt 0.6072 0.8750 0.0000
vt 0.6027 0.8774 0.0000
vt 0.5797 0.8874 0.0000
vt 0.5737 0.8900 0.0000
vt 0.5475 0.8970 0.0000
vt 0.5392 0.8992 0.0000
vt 0.5090 0.9019 0.0000
vt 0.4972 0.9030 0.0000
vt 0.4654 0.9016 0.0000
vt 0.4504 0.9010 0.0000
vt 0.4191 0.8959 0.0000
vt 0.4015 0.8929 0.0000
vt 0.3725 0.8844 0.0000
vt 0.3534 0.8786 0.0000
vt 0.3281 0.8668 0.0000
vt 0.3090 0.8575 0.0000
vt 0.2875 0.8439 0.0000
vt 0.2695 0.8317 0.0000
vt 0.2520 0.8172 0.0000
vt 0.2359 0.8028 0.0000
vt 0.2227 0.7884 0.0000
vt 0.2095 0.7728 0.0000
vt 0.2007 0.7593 0.0000
vt 0.1913 0.7435 0.0000
vt 0.1855 0.7308 0.0000
vt 0.1789 0.7151 0.0000
vt 0.1746 0.7032 0.0000
vt 0.8685 0.3692 0.0000
vt 0.1696 0.6877 0.0000
vt 0.8630 0.3603 0.0000
vt 0.8557 0.3452 0.0000
vt 0.8512 0.3363 0.0000
vt 0.8437 0.3207 0.0000
vt 0.8391 0.3116 0.0000
vt 0.8298 0.2952 0.0000
vt 0.8244 0.2859 0.0000
vt 0.8115 0.2682 0.0000
vt 0.8045 0.2587 0.0000
vt 0.7861 0.2393 0.0000
vt 0.7769 0.2297 0.0000
vt 0.7534 0.2095 0.0000
vt 0.7428 0.2005 0.0000
vt 0.7146 0.1808 0.0000
vt 0.7036 0.1732 0.0000
vt 0.6709 0.1552 0.0000
vt 0.6604 0.1494 0.0000
vt 0.6238 0.1349 0.0000
vt 0.6146 0.1313 0.0000
vt 0.5755 0.1207 0.0000
vt 0.5684 0.1188 0.0000
vt 0.5288 0.1128 0.0000
vt 0.5242 0.1120 0.0000
vt 0.4866 0.1113 0.0000
vt 0.4844 0.1112 0.0000
vt 0.4519 0.1164 0.0000
vt 0.4514 0.1164 0.0000
vt 0.4426 0.1193 0.0000
vt 0.4234 0.1256 0.0000
vt 0.4227 0.1259 0.0000
vt 0.1658 0.6765 0.0000
vt 0.1609 0.6616 0.0000
vt 0.3983 0.1363 0.0000
vt 0.3967 0.1370 0.0000
vt 0.1564 0.6510 0.0000
vt 0.1503 0.6370 0.0000
vt 0.1457 0.6258 0.0000
vt 0.1395 0.6113 0.0000
vt 0.1356 0.5983 0.0000
vt 0.1304 0.5821 0.0000
vt 0.1279 0.5658 0.0000
vt 0.1248 0.5468 0.0000
vt 0.1247 0.5260 0.0000
vt 0.1244 0.5030 0.0000
vt 0.1270 0.4786 0.0000
vt 0.3742 0.1464 0.0000
vt 0.1295 0.4535 0.0000
vt 0.1351 0.4266 0.0000
vt 0.1403 0.4013 0.0000
vt 0.1495 0.3730 0.0000
vt 0.1571 0.3492 0.0000
vt 0.1705 0.3208 0.0000
vt 0.3717 0.1472 0.0000
vt 0.1801 0.3003 0.0000
vt 0.1973 0.2728 0.0000
vt 0.3492 0.1536 0.0000
vt 0.3455 0.1547 0.0000
vt 0.3230 0.1612 0.0000
vt 0.2073 0.2564 0.0000
vt 0.2275 0.2313 0.0000
vt 0.2369 0.2193 0.0000
vt 0.2670 0.1907 0.0000
# 1662 texture coords

o Object001
g Object001
usemtl wire_087225143
s 1
f 1/1/1 2/2/2 3/3/3 4/4/4 
f 2/2/2 5/5/5 6/6/6 3/3/3 
f 5/5/5 7/7/7 8/8/8 6/6/6 
f 7/9/7 9/10/9 10/11/10 8/12/8 
f 9/10/9 11/13/11 12/14/12 10/11/10 
f 11/13/11 13/15/13 14/16/14 12/14/12 
f 13/15/13 15/17/15 16/18/16 14/16/14 
f 15/17/15 17/19/17 18/20/18 16/18/16 
f 17/19/17 19/21/19 20/22/20 18/20/18 
f 19/21/19 21/23/21 22/24/22 20/22/20 
f 21/23/21 23/25/23 24/26/24 22/24/22 
f 23/25/23 25/27/25 26/28/26 24/26/24 
f 25/27/25 27/29/27 28/30/28 26/28/26 
f 27/29/27 29/31/29 30/32/30 28/30/28 
f 29/31/29 31/33/31 32/34/32 30/32/30 
f 33/35/33 34/36/34 29/31/29 27/29/27 
f 34/36/34 35/37/35 31/33/31 29/31/29 
f 36/38/36 37/39/37 34/36/34 33/35/33 
f 37/39/37 38/40/38 35/37/35 34/36/34 
f 39/41/39 40/42/40 37/39/37 36/38/36 
f 40/42/40 41/43/41 38/40/38 37/39/37 
f 42/44/42 43/45/43 40/42/40 39/41/39 
f 43/45/43 44/46/44 41/43/41 40/42/40 
f 45/47/45 46/48/46 43/45/43 42/44/42 
f 46/48/46 47/49/47 44/46/44 43/45/43 
f 48/50/48 49/51/49 46/48/46 45/47/45 
f 49/51/49 50/52/50 47/49/47 46/48/46 
f 51/53/51 52/54/52 49/51/49 48/50/48 
f 52/54/52 53/55/53 50/52/50 49/51/49 
f 54/56/54 55/57/55 52/54/52 51/53/51 
f 55/57/55 56/58/56 53/55/53 52/54/52 
f 57/59/57 58/60/58 55/57/55 54/56/54 
f 58/60/58 59/61/59 56/58/56 55/57/55 
f 60/62/60 61/63/61 58/60/58 57/59/57 
f 61/63/61 62/64/62 59/61/59 58/60/58 
f 63/65/63 64/66/64 61/63/61 60/62/60 
f 64/66/64 65/67/65 62/64/62 61/63/61 
f 66/68/66 67/69/67 64/66/64 63/65/63 
f 67/69/67 68/70/68 65/67/65 64/66/64 
f 69/71/69 70/72/70 67/69/67 66/68/66 
f 70/72/70 71/73/71 68/70/68 67/69/67 
f 72/74/72 73/75/73 70/72/70 69/71/69 
f 73/75/73 74/76/74 71/73/71 70/72/70 
f 75/77/75 76/78/76 73/75/73 72/74/72 
f 76/78/76 77/79/77 74/76/74 73/75/73 
f 78/80/78 79/81/79 76/78/76 75/77/75 
f 79/81/79 80/82/80 77/79/77 76/78/76 
f 81/83/81 82/84/82 79/81/79 78/80/78 
f 82/84/82 83/85/83 80/82/80 79/81/79 
f 84/86/84 85/87/85 82/84/82 81/83/81 
f 85/87/85 86/88/86 83/85/83 82/84/82 
f 87/89/87 88/90/88 85/87/85 84/86/84 
f 88/90/88 89/91/89 86/88/86 85/87/85 
f 90/92/90 91/93/91 88/90/88 87/89/87 
f 91/93/91 92/94/92 89/91/89 88/90/88 
f 93/95/93 94/96/94 91/93/91 90/92/90 
f 94/96/94 95/97/95 92/94/92 91/93/91 
f 96/98/96 97/99/97 94/96/94 93/95/93 
f 90/92/90 98/100/98 99/101/99 93/95/93 
f 98/100/98 100/102/100 101/103/101 99/101/99 
f 100/102/100 102/104/102 103/105/103 101/103/101 
f 102/104/102 104/106/104 105/107/105 103/105/103 
f 104/106/104 106/108/106 107/109/107 105/107/105 
f 106/108/106 108/110/108 109/111/109 107/109/107 
f 108/110/108 110/112/110 111/113/111 109/111/109 
f 110/112/110 112/114/112 113/115/113 111/113/111 
f 112/114/112 114/116/114 115/117/115 113/115/113 
f 114/116/114 116/118/116 117/119/117 115/117/115 
f 116/120/116 118/121/118 119/122/119 117/123/117 
f 118/121/118 120/124/120 121/125/121 119/122/119 
f 120/124/120 122/126/122 123/127/123 121/125/121 
f 124/128/124 125/129/125 126/130/126 127/131/126 
f 125/129/125 128/132/125 129/133/126 126/130/126 
f 130/134/127 129/133/126 128/132/125 131/135/124 
f 131/135/124 132/136/128 133/137/129 130/134/127 
f 134/138/130 133/137/129 132/136/128 135/139/131 
f 135/139/131 132/136/128 136/140/132 137/141/133 
f 135/139/131 138/142/134 139/143/130 134/138/130 
f 140/144/135 139/143/130 138/142/134 141/145/136 
f 141/145/136 142/146/134 143/147/135 140/144/135 
f 142/146/134 144/148/137 145/149/138 143/147/135 
f 144/148/137 146/150/139 147/151/140 145/149/138 
f 146/150/139 148/152/141 149/153/142 147/151/140 
f 148/152/141 150/154/143 151/155/144 149/153/142 
f 150/156/143 152/157/145 153/158/146 151/159/144 
f 152/157/145 154/160/147 155/161/148 153/158/146 
f 154/160/147 156/162/149 157/163/150 155/161/148 
f 156/162/149 158/164/151 159/165/152 157/163/150 
f 158/164/151 160/166/153 161/167/154 159/165/152 
f 160/166/153 162/168/155 163/169/156 161/167/154 
f 162/168/155 164/170/157 165/171/158 163/169/156 
f 164/170/157 166/172/159 167/173/160 165/171/158 
f 166/172/159 168/174/161 169/175/162 167/173/160 
f 168/174/161 36/38/36 33/35/33 169/175/162 
f 170/176/163 171/177/164 168/174/161 166/172/159 
f 171/177/164 39/41/39 36/38/36 168/174/161 
f 172/178/165 173/179/166 171/177/164 170/176/163 
f 173/179/166 42/44/42 39/41/39 171/177/164 
f 174/180/167 175/181/168 173/179/166 172/178/165 
f 175/181/168 45/47/45 42/44/42 173/179/166 
f 176/182/169 177/183/170 175/181/168 174/180/167 
f 177/183/170 48/50/48 45/47/45 175/181/168 
f 178/184/171 179/185/172 177/183/170 176/182/169 
f 179/185/172 51/53/51 48/50/48 177/183/170 
f 180/186/173 181/187/174 179/185/172 178/184/171 
f 181/187/174 54/56/54 51/53/51 179/185/172 
f 182/188/175 183/189/176 181/187/174 180/186/173 
f 183/189/176 57/59/57 54/56/54 181/187/174 
f 184/190/177 185/191/178 183/189/176 182/188/175 
f 185/191/178 60/62/60 57/59/57 183/189/176 
f 186/192/179 187/193/180 185/191/178 184/190/177 
f 187/193/180 63/65/63 60/62/60 185/191/178 
f 188/194/181 189/195/182 187/193/180 186/192/179 
f 189/195/182 66/68/66 63/65/63 187/193/180 
f 190/196/183 191/197/184 189/195/182 188/194/181 
f 191/197/184 69/71/69 66/68/66 189/195/182 
f 192/198/185 193/199/186 191/197/184 190/196/183 
f 193/199/186 72/74/72 69/71/69 191/197/184 
f 194/200/187 195/201/188 193/199/186 192/198/185 
f 195/201/188 75/77/75 72/74/72 193/199/186 
f 196/202/189 197/203/190 195/201/188 194/200/187 
f 197/203/190 78/80/78 75/77/75 195/201/188 
f 198/204/191 199/205/192 197/203/190 196/202/189 
f 199/205/192 81/83/81 78/80/78 197/203/190 
f 200/206/193 201/207/194 199/205/192 198/204/191 
f 201/207/194 84/86/84 81/83/81 199/205/192 
f 202/208/195 203/209/196 201/207/194 200/206/193 
f 203/209/196 87/89/87 84/86/84 201/207/194 
f 100/102/100 98/100/98 203/209/196 202/208/195 
f 200/206/193 204/210/197 205/211/198 202/208/195 
f 204/210/197 206/212/199 207/213/200 205/211/198 
f 206/212/199 208/214/201 209/215/202 207/213/200 
f 208/214/201 210/216/203 211/217/204 209/215/202 
f 210/216/203 212/218/205 213/219/206 211/217/204 
f 212/218/205 214/220/207 215/221/208 213/219/206 
f 214/220/207 216/222/209 217/223/210 215/221/208 
f 216/222/209 218/224/211 219/225/212 217/223/210 
f 218/226/211 220/227/213 221/228/214 219/229/212 
f 220/227/213 222/230/215 223/231/216 221/228/214 
f 222/230/215 224/232/217 225/233/218 223/231/216 
f 224/232/217 226/234/125 227/235/127 225/233/218 
f 226/234/125 228/236/127 229/237/125 227/235/127 
f 228/236/127 230/238/125 231/239/124 229/237/125 
f 230/238/125 232/240/124 233/241/219 231/239/124 
f 232/240/124 234/242/219 136/140/132 233/241/219 
f 235/243/134 236/244/134 237/245/220 238/246/220 
f 238/246/220 237/245/220 137/141/133 239/247/131 
f 239/247/131 240/248/128 241/249/132 238/246/220 
f 141/145/136 138/142/134 237/245/220 236/244/134 
f 142/146/134 141/145/136 236/244/134 242/250/136 
f 243/251/221 244/252/222 245/253/223 246/254/224 
f 244/252/222 247/255/225 248/256/226 245/253/223 
f 247/255/225 249/257/227 250/258/228 248/256/226 
f 249/259/227 251/260/229 252/261/230 250/262/228 
f 251/260/229 253/263/231 254/264/232 252/261/230 
f 253/263/231 255/265/233 256/266/234 254/264/232 
f 255/265/233 257/267/235 258/268/236 256/266/234 
f 257/267/235 259/269/237 260/270/238 258/268/236 
f 259/269/237 261/271/239 262/272/240 260/270/238 
f 261/271/239 263/273/241 264/274/242 262/272/240 
f 263/273/241 172/178/165 170/176/163 264/274/242 
f 265/275/243 266/276/244 263/273/241 261/271/239 
f 266/276/244 174/180/167 172/178/165 263/273/241 
f 267/277/245 268/278/246 266/276/244 265/275/243 
f 268/278/246 176/182/169 174/180/167 266/276/244 
f 269/279/247 270/280/248 268/278/246 267/277/245 
f 270/280/248 178/184/171 176/182/169 268/278/246 
f 271/281/249 272/282/250 270/280/248 269/279/247 
f 272/282/250 180/186/173 178/184/171 270/280/248 
f 273/283/251 274/284/252 272/282/250 271/281/249 
f 274/284/252 182/188/175 180/186/173 272/282/250 
f 275/285/253 276/286/254 274/284/252 273/283/251 
f 276/286/254 184/190/177 182/188/175 274/284/252 
f 277/287/255 278/288/256 276/286/254 275/285/253 
f 278/288/256 186/192/179 184/190/177 276/286/254 
f 279/289/257 280/290/258 278/288/256 277/287/255 
f 280/290/258 188/194/181 186/192/179 278/288/256 
f 281/291/259 282/292/260 280/290/258 279/289/257 
f 282/292/260 190/196/183 188/194/181 280/290/258 
f 283/293/261 284/294/262 282/292/260 281/291/259 
f 284/294/262 192/198/185 190/196/183 282/292/260 
f 285/295/263 286/296/264 284/294/262 283/293/261 
f 286/296/264 194/200/187 192/198/185 284/294/262 
f 287/297/265 288/298/266 286/296/264 285/295/263 
f 288/298/266 196/202/189 194/200/187 286/296/264 
f 289/299/267 290/300/268 288/298/266 287/297/265 
f 290/300/268 198/204/191 196/202/189 288/298/266 
f 206/212/199 204/210/197 290/300/268 289/299/267 
f 287/297/265 291/301/269 292/302/270 289/299/267 
f 291/301/269 293/303/271 294/304/272 292/302/270 
f 293/303/271 295/305/273 296/306/274 294/304/272 
f 295/305/273 297/307/275 298/308/276 296/306/274 
f 297/307/275 299/309/277 300/310/278 298/308/276 
f 299/309/277 301/311/279 302/312/280 300/310/278 
f 301/313/279 303/314/281 304/315/282 302/316/280 
f 303/314/281 305/317/283 306/318/284 304/315/282 
f 305/317/283 307/319/285 308/320/286 306/318/284 
f 307/319/285 309/321/287 310/322/125 308/320/286 
f 309/321/287 311/323/125 312/324/288 310/322/125 
f 313/325/288 314/326/125 315/327/125 316/328/125 
f 316/328/125 317/329/124 318/330/124 313/325/288 
f 234/242/219 232/240/124 313/325/288 318/330/124 
f 234/242/219 318/330/124 240/248/128 239/247/131 
f 239/247/131 137/141/133 136/140/132 234/242/219 
f 319/331/132 241/332/132 240/248/128 320/333/124 
f 318/330/124 317/329/124 320/333/124 240/248/128 
f 321/334/132 322/335/134 241/332/132 319/331/132 
f 322/335/134 235/336/134 238/246/220 241/332/132 
f 323/337/134 324/338/134 322/335/134 321/334/132 
f 325/339/289 326/340/290 327/341/291 328/342/292 
f 326/340/290 329/343/293 330/344/294 327/341/291 
f 329/343/293 331/345/295 332/346/296 330/344/294 
f 331/347/295 333/348/297 334/349/298 332/350/296 
f 333/348/297 335/351/299 336/352/300 334/349/298 
f 335/351/299 337/353/301 338/354/302 336/352/300 
f 337/353/301 339/355/303 340/356/304 338/354/302 
f 339/355/303 341/357/305 342/358/306 340/356/304 
f 341/357/305 267/277/245 265/275/243 342/358/306 
f 343/359/307 344/360/308 341/357/305 339/355/303 
f 344/360/308 269/279/247 267/277/245 341/357/305 
f 345/361/309 346/362/310 344/360/308 343/359/307 
f 346/362/310 271/281/249 269/279/247 344/360/308 
f 347/363/311 348/364/312 346/362/310 345/361/309 
f 348/364/312 273/283/251 271/281/249 346/362/310 
f 349/365/313 350/366/314 348/364/312 347/363/311 
f 350/366/314 275/285/253 273/283/251 348/364/312 
f 351/367/315 352/368/316 350/366/314 349/365/313 
f 352/368/316 277/287/255 275/285/253 350/366/314 
f 353/369/317 354/370/318 352/368/316 351/367/315 
f 354/370/318 279/289/257 277/287/255 352/368/316 
f 355/371/319 356/372/320 354/370/318 353/369/317 
f 356/372/320 281/291/259 279/289/257 354/370/318 
f 357/373/321 358/374/322 356/372/320 355/371/319 
f 358/374/322 283/293/261 281/291/259 356/372/320 
f 359/375/323 360/376/324 358/374/322 357/373/321 
f 360/376/324 285/295/263 283/293/261 358/374/322 
f 293/303/271 291/301/269 360/376/324 359/375/323 
f 357/373/321 361/377/325 362/378/326 359/375/323 
f 361/377/325 363/379/327 364/380/328 362/378/326 
f 363/379/327 365/381/329 366/382/330 364/380/328 
f 365/381/329 367/383/331 368/384/332 366/382/330 
f 367/385/331 369/386/333 370/387/334 368/388/332 
f 369/386/333 371/389/335 372/390/336 370/387/334 
f 371/389/335 373/391/337 374/392/338 372/390/336 
f 375/393/125 376/394/125 315/327/125 311/323/125 
f 314/326/125 312/324/288 311/323/125 315/327/125 
f 377/395/339 378/396/125 376/394/125 379/397/340 
f 316/328/125 315/327/125 376/394/125 378/396/125 
f 377/395/339 380/398/341 381/399/125 378/396/125 
f 378/396/125 381/399/125 317/329/124 316/328/125 
f 382/400/219 320/333/124 317/329/124 381/399/125 
f 381/399/125 380/398/341 383/401/342 382/400/219 
f 384/402/343 385/403/124 382/400/219 383/401/342 
f 385/403/124 319/331/132 320/333/124 382/400/219 
f 386/404/344 387/405/128 385/403/124 384/402/343 
f 387/405/128 321/334/132 319/331/132 385/403/124 
f 388/406/345 389/407/131 387/405/128 386/404/344 
f 389/407/131 323/337/134 321/334/132 387/405/128 
f 325/339/289 323/337/134 389/407/131 388/406/345 
f 386/404/344 390/408/346 391/409/347 388/406/345 
f 390/408/346 392/410/348 393/411/349 391/409/347 
f 392/410/348 394/412/350 395/413/351 393/411/349 
f 394/414/350 396/415/352 397/416/353 395/417/351 
f 396/415/352 398/418/354 399/419/355 397/416/353 
f 398/418/354 400/420/356 401/421/357 399/419/355 
f 400/420/356 345/361/309 343/359/307 401/421/357 
f 402/422/358 403/423/359 400/420/356 398/418/354 
f 403/423/359 347/363/311 345/361/309 400/420/356 
f 404/424/360 405/425/361 403/423/359 402/422/358 
f 405/425/361 349/365/313 347/363/311 403/423/359 
f 406/426/362 407/427/363 405/425/361 404/424/360 
f 407/427/363 351/367/315 349/365/313 405/425/361 
f 408/428/364 409/429/365 407/427/363 406/426/362 
f 409/429/365 353/369/317 351/367/315 407/427/363 
f 410/430/366 411/431/367 409/429/365 408/428/364 
f 411/431/367 355/371/319 353/369/317 409/429/365 
f 363/379/327 361/377/325 411/431/367 410/430/366 
f 408/428/364 412/432/368 413/433/369 410/430/366 
f 412/432/368 414/434/370 415/435/371 413/433/369 
f 414/436/370 416/437/372 417/438/373 415/439/371 
f 416/437/372 418/440/374 419/441/375 417/438/373 
f 418/440/374 377/395/339 379/397/340 419/441/375 
f 420/442/376 421/443/377 418/440/374 416/437/372 
f 421/443/377 380/398/341 377/395/339 418/440/374 
f 422/444/378 423/445/379 421/443/377 420/442/376 
f 423/445/379 383/401/342 380/398/341 421/443/377 
f 424/446/380 384/402/343 383/401/342 423/445/379 
f 423/445/379 422/444/378 425/447/381 424/446/380 
f 392/410/348 390/408/346 424/446/380 425/447/381 
f 422/444/378 426/448/382 427/449/383 425/447/381 
f 426/450/382 428/451/384 429/452/385 427/453/383 
f 428/451/384 404/424/360 402/422/358 429/452/385 
f 430/454/386 431/455/387 428/451/384 426/450/382 
f 431/455/387 406/426/362 404/424/360 428/451/384 
f 414/434/370 412/432/368 431/455/387 430/454/386 
f 426/448/382 422/444/378 420/442/376 430/456/386 
f 396/415/352 394/414/350 427/453/383 429/452/385 
f 394/412/350 392/410/348 425/447/381 427/449/383 
f 416/437/372 414/436/370 430/456/386 420/442/376 
f 371/389/335 369/386/333 417/438/373 419/441/375 
f 369/386/333 367/385/331 415/439/371 417/438/373 
f 412/432/368 408/428/364 406/426/362 431/455/387 
f 367/383/331 365/381/329 413/433/369 415/435/371 
f 365/381/329 363/379/327 410/430/366 413/433/369 
f 398/418/354 396/415/352 429/452/385 402/422/358 
f 337/353/301 335/351/299 399/419/355 401/421/357 
f 335/351/299 333/348/297 397/416/353 399/419/355 
f 333/348/297 331/347/295 395/417/351 397/416/353 
f 331/345/295 329/343/293 393/411/349 395/413/351 
f 390/408/346 386/404/344 384/402/343 424/446/380 
f 329/343/293 326/340/290 391/409/347 393/411/349 
f 326/340/290 325/339/289 388/406/345 391/409/347 
f 373/391/337 371/389/335 419/441/375 379/397/340 
f 307/319/285 305/317/283 372/390/336 374/392/338 
f 305/317/283 303/314/281 370/387/334 372/390/336 
f 303/314/281 301/313/279 368/388/332 370/387/334 
f 301/311/279 299/309/277 366/382/330 368/384/332 
f 299/309/277 297/307/275 364/380/328 366/382/330 
f 361/377/325 357/373/321 355/371/319 411/431/367 
f 297/307/275 295/305/273 362/378/326 364/380/328 
f 295/305/273 293/303/271 359/375/323 362/378/326 
f 339/355/303 337/353/301 401/421/357 343/359/307 
f 259/269/237 257/267/235 340/356/304 342/358/306 
f 257/267/235 255/265/233 338/354/302 340/356/304 
f 255/265/233 253/263/231 336/352/300 338/354/302 
f 253/263/231 251/260/229 334/349/298 336/352/300 
f 251/260/229 249/259/227 332/350/296 334/349/298 
f 249/257/227 247/255/225 330/344/294 332/346/296 
f 247/255/225 244/252/222 327/341/291 330/344/294 
f 244/252/222 243/251/221 328/342/292 327/341/291 
f 232/240/124 230/238/125 314/326/125 313/325/288 
f 312/324/288 314/326/125 230/238/125 228/236/127 
f 312/324/288 228/236/127 226/234/125 310/322/125 
f 311/323/125 309/321/287 432/457/288 375/393/125 
f 432/457/288 374/392/338 373/391/337 375/393/125 
f 379/397/340 376/394/125 375/393/125 373/391/337 
f 432/457/288 309/321/287 307/319/285 374/392/338 
f 226/234/125 224/232/217 308/320/286 310/322/125 
f 224/232/217 222/230/215 306/318/284 308/320/286 
f 222/230/215 220/227/213 304/315/282 306/318/284 
f 220/227/213 218/226/211 302/316/280 304/315/282 
f 218/224/211 216/222/209 300/310/278 302/312/280 
f 216/222/209 214/220/207 298/308/276 300/310/278 
f 214/220/207 212/218/205 296/306/274 298/308/276 
f 212/218/205 210/216/203 294/304/272 296/306/274 
f 291/301/269 287/297/265 285/295/263 360/376/324 
f 210/216/203 208/214/201 292/302/270 294/304/272 
f 208/214/201 206/212/199 289/299/267 292/302/270 
f 261/271/239 259/269/237 342/358/306 265/275/243 
f 164/170/157 162/168/155 262/272/240 264/274/242 
f 162/168/155 160/166/153 260/270/238 262/272/240 
f 160/166/153 158/164/151 258/268/236 260/270/238 
f 158/164/151 156/162/149 256/266/234 258/268/236 
f 156/162/149 154/160/147 254/264/232 256/266/234 
f 154/160/147 152/157/145 252/261/230 254/264/232 
f 152/157/145 150/156/143 250/262/228 252/261/230 
f 150/154/143 148/152/141 248/256/226 250/258/228 
f 148/152/141 146/150/139 245/253/223 248/256/226 
f 146/150/139 144/148/137 246/254/224 245/253/223 
f 433/458/134 235/243/134 322/335/134 324/338/134 
f 323/337/134 325/339/289 328/342/292 324/338/134 
f 324/338/134 328/342/292 243/251/221 433/458/134 
f 132/136/128 131/135/124 233/241/219 136/140/132 
f 131/135/124 128/132/125 231/239/124 233/241/219 
f 128/132/125 125/129/125 229/237/125 231/239/124 
f 227/235/127 229/237/125 125/129/125 124/128/124 
f 127/131/126 123/127/123 122/126/122 124/128/124 
f 124/128/124 122/126/122 225/233/218 227/235/127 
f 122/126/122 120/124/120 223/231/216 225/233/218 
f 120/124/120 118/121/118 221/228/214 223/231/216 
f 118/121/118 116/120/116 219/229/212 221/228/214 
f 116/118/116 114/116/114 217/223/210 219/225/212 
f 114/116/114 112/114/112 215/221/208 217/223/210 
f 112/114/112 110/112/110 213/219/206 215/221/208 
f 110/112/110 108/110/108 211/217/204 213/219/206 
f 108/110/108 106/108/106 209/215/202 211/217/204 
f 106/108/106 104/106/104 207/213/200 209/215/202 
f 204/210/197 200/206/193 198/204/191 290/300/268 
f 104/106/104 102/104/102 205/211/198 207/213/200 
f 102/104/102 100/102/100 202/208/195 205/211/198 
f 166/172/159 164/170/157 264/274/242 170/176/163 
f 25/27/25 23/25/23 167/173/160 169/175/162 
f 23/25/23 21/23/21 165/171/158 167/173/160 
f 21/23/21 19/21/19 163/169/156 165/171/158 
f 19/21/19 17/19/17 161/167/154 163/169/156 
f 17/19/17 15/17/15 159/165/152 161/167/154 
f 15/17/15 13/15/13 157/163/150 159/165/152 
f 13/15/13 11/13/11 155/161/148 157/163/150 
f 11/13/11 9/10/9 153/158/146 155/161/148 
f 9/10/9 7/9/7 151/159/144 153/158/146 
f 7/7/7 5/5/5 149/153/142 151/155/144 
f 5/5/5 2/2/2 147/151/140 149/153/142 
f 2/2/2 1/1/1 145/149/138 147/151/140 
f 144/148/137 142/146/134 242/250/136 246/254/224 
f 236/244/134 235/336/134 433/458/134 242/250/136 
f 433/458/134 243/251/221 246/254/224 242/250/136 
f 434/459/130 435/460/388 139/143/130 140/144/135 
f 237/245/220 138/142/134 135/139/131 137/141/133 
f 436/461/389 437/462/390 438/463/391 439/464/392 
f 437/462/390 440/465/393 441/466/394 438/463/391 
f 440/465/393 442/467/395 443/468/396 441/466/394 
f 442/469/395 444/470/397 445/471/398 443/472/396 
f 444/470/397 446/473/399 447/474/400 445/471/398 
f 446/473/399 448/475/401 449/476/402 447/474/400 
f 448/475/401 450/477/403 451/478/404 449/476/402 
f 450/477/403 452/479/405 453/480/406 451/478/404 
f 452/479/405 454/481/407 455/482/408 453/480/406 
f 454/481/407 456/483/409 457/484/410 455/482/408 
f 456/483/409 458/485/411 459/486/412 457/484/410 
f 458/485/411 460/487/413 461/488/414 459/486/412 
f 460/487/413 462/489/415 463/490/416 461/488/414 
f 462/489/415 464/491/417 465/492/418 463/490/416 
f 464/491/417 466/493/419 467/494/420 465/492/418 
f 466/493/419 468/495/421 469/496/422 467/494/420 
f 470/497/423 471/498/424 466/493/419 464/491/417 
f 471/498/424 472/499/425 468/495/421 466/493/419 
f 473/500/426 474/501/427 471/498/424 470/497/423 
f 474/501/427 475/502/428 472/499/425 471/498/424 
f 476/503/429 477/504/430 474/501/427 473/500/426 
f 477/504/430 478/505/431 475/502/428 474/501/427 
f 479/506/432 480/507/433 477/504/430 476/503/429 
f 480/507/433 481/508/434 478/505/431 477/504/430 
f 482/509/435 483/510/436 480/507/433 479/506/432 
f 483/510/436 484/511/437 481/508/434 480/507/433 
f 485/512/438 486/513/439 483/510/436 482/509/435 
f 486/513/439 487/514/440 484/511/437 483/510/436 
f 488/515/441 489/516/442 486/513/439 485/512/438 
f 489/516/442 490/517/443 487/514/440 486/513/439 
f 491/518/444 492/519/445 489/516/442 488/515/441 
f 492/519/445 493/520/446 490/517/443 489/516/442 
f 494/521/447 495/522/448 492/519/445 491/518/444 
f 495/522/448 496/523/449 493/520/446 492/519/445 
f 497/524/450 498/525/451 495/522/448 494/521/447 
f 498/525/451 499/526/452 496/523/449 495/522/448 
f 500/527/453 501/528/454 499/526/452 498/525/451 
f 501/528/454 502/529/455 503/530/456 499/526/452 
f 504/531/457 505/532/458 501/528/454 500/527/453 
f 505/532/458 506/533/459 502/529/455 501/528/454 
f 507/534/460 508/535/461 505/532/458 504/531/457 
f 508/535/461 509/536/462 506/533/459 505/532/458 
f 510/537/463 511/538/464 508/535/461 507/534/460 
f 511/538/464 512/539/465 509/536/462 508/535/461 
f 513/540/466 514/541/467 511/538/464 510/537/463 
f 514/541/467 515/542/468 512/539/465 511/538/464 
f 516/543/469 517/544/470 514/541/467 513/540/466 
f 517/544/470 518/545/471 515/542/468 514/541/467 
f 519/546/472 520/547/473 517/544/470 516/543/469 
f 520/547/473 521/548/474 518/545/471 517/544/470 
f 522/549/475 523/550/476 520/547/473 519/546/472 
f 523/550/476 524/551/477 521/548/474 520/547/473 
f 525/552/478 526/553/479 523/550/476 522/549/475 
f 526/553/479 527/554/480 524/551/477 523/550/476 
f 528/555/481 529/556/482 526/553/479 525/552/478 
f 529/556/482 530/557/483 527/554/480 526/553/479 
f 531/558/484 532/559/485 529/556/482 528/555/481 
f 532/559/485 533/560/486 530/557/483 529/556/482 
f 534/561/487 535/562/488 532/559/485 531/558/484 
f 535/562/488 536/563/489 533/560/486 532/559/485 
f 537/564/490 538/565/491 535/562/488 534/561/487 
f 538/565/491 539/566/492 536/563/489 535/562/488 
f 32/567/32 540/568/493 538/565/491 537/564/490 
f 540/568/493 541/569/494 539/566/492 538/565/491 
f 31/33/31 542/570/495 540/571/493 32/34/32 
f 542/570/495 543/572/496 541/573/494 540/571/493 
f 35/37/35 544/574/497 542/570/495 31/33/31 
f 544/574/497 545/575/498 543/572/496 542/570/495 
f 38/40/38 546/576/499 544/574/497 35/37/35 
f 546/576/499 547/577/500 545/575/498 544/574/497 
f 41/43/41 548/578/501 546/576/499 38/40/38 
f 548/578/501 549/579/502 547/577/500 546/576/499 
f 44/46/44 550/580/503 548/578/501 41/43/41 
f 550/580/503 551/581/504 549/579/502 548/578/501 
f 47/49/47 552/582/505 550/580/503 44/46/44 
f 552/582/505 553/583/506 551/581/504 550/580/503 
f 50/52/50 554/584/507 552/582/505 47/49/47 
f 554/584/507 555/585/508 553/583/506 552/582/505 
f 53/55/53 556/586/509 554/584/507 50/52/50 
f 556/586/509 557/587/510 555/585/508 554/584/507 
f 56/58/56 558/588/511 556/586/509 53/55/53 
f 558/588/511 559/589/512 557/587/510 556/586/509 
f 59/61/59 560/590/513 558/588/511 56/58/56 
f 560/590/513 561/591/514 559/589/512 558/588/511 
f 62/64/62 562/592/515 560/590/513 59/61/59 
f 562/592/515 563/593/516 561/591/514 560/590/513 
f 65/67/65 564/594/517 562/592/515 62/64/62 
f 564/594/517 565/595/518 563/593/516 562/592/515 
f 68/70/68 566/596/519 564/594/517 65/67/65 
f 566/596/519 567/597/520 565/595/518 564/594/517 
f 71/73/71 568/598/521 566/596/519 68/70/68 
f 568/598/521 569/599/522 567/597/520 566/596/519 
f 74/76/74 570/600/523 568/598/521 71/73/71 
f 570/600/523 571/601/524 569/599/522 568/598/521 
f 77/79/77 572/602/525 570/600/523 74/76/74 
f 572/602/525 573/603/526 571/601/524 570/600/523 
f 80/82/80 574/604/527 572/602/525 77/79/77 
f 574/604/527 575/605/528 573/603/526 572/602/525 
f 83/85/83 576/606/529 574/604/527 80/82/80 
f 576/606/529 577/607/530 575/605/528 574/604/527 
f 86/88/86 578/608/531 576/606/529 83/85/83 
f 578/608/531 579/609/532 577/607/530 576/606/529 
f 89/91/89 580/610/533 578/608/531 86/88/86 
f 580/610/533 581/611/534 579/609/532 578/608/531 
f 92/94/92 582/612/535 580/610/533 89/91/89 
f 582/612/535 583/613/536 581/611/534 580/610/533 
f 95/97/95 584/614/537 582/612/535 92/94/92 
f 584/614/537 585/615/538 583/613/536 582/612/535 
f 586/616/539 587/617/540 584/614/537 95/97/95 
f 588/618/541 589/619/542 587/617/540 586/616/539 
f 586/616/539 97/99/97 590/620/543 588/618/541 
f 97/99/97 96/98/96 591/621/544 590/620/543 
f 96/98/96 592/622/545 593/623/546 591/621/544 
f 592/622/545 594/624/547 595/625/548 593/623/546 
f 594/624/547 596/626/549 597/627/550 595/625/548 
f 596/626/549 598/628/551 599/629/552 597/627/550 
f 598/628/551 600/630/553 601/631/554 599/629/552 
f 600/630/553 602/632/555 603/633/556 601/631/554 
f 602/632/555 604/634/557 605/635/558 603/633/556 
f 604/634/557 606/636/559 607/637/560 605/635/558 
f 606/636/559 608/638/561 609/639/562 607/637/560 
f 608/638/561 610/640/563 611/641/564 609/639/562 
f 610/642/563 612/643/565 613/644/566 611/645/564 
f 612/643/565 614/646/567 615/647/568 613/644/566 
f 614/646/567 616/648/569 617/649/570 615/647/568 
f 618/650/571 617/649/570 616/648/569 619/651/571 
f 619/651/571 616/648/569 123/127/123 127/131/126 
f 620/652/571 618/650/571 619/651/571 621/653/126 
f 621/653/126 622/654/572 623/655/571 620/652/571 
f 624/656/573 623/655/571 622/654/572 625/657/574 
f 625/657/574 626/658/575 627/659/574 624/656/573 
f 626/658/575 628/660/576 629/661/577 627/659/574 
f 435/460/388 434/459/130 630/662/578 631/663/576 
f 631/663/576 629/661/577 628/660/576 435/460/388 
f 435/460/388 628/660/576 134/138/130 139/143/130 
f 626/658/575 625/657/574 130/134/127 133/137/129 
f 625/657/574 622/654/572 129/133/126 130/134/127 
f 622/654/572 621/653/126 126/130/126 129/133/126 
f 621/653/126 619/651/571 127/131/126 126/130/126 
f 616/648/569 614/646/567 121/125/121 123/127/123 
f 614/646/567 612/643/565 119/122/119 121/125/121 
f 612/643/565 610/642/563 117/123/117 119/122/119 
f 610/640/563 608/638/561 115/117/115 117/119/117 
f 608/638/561 606/636/559 113/115/113 115/117/115 
f 606/636/559 604/634/557 111/113/111 113/115/113 
f 604/634/557 602/632/555 109/111/109 111/113/111 
f 602/632/555 600/630/553 107/109/107 109/111/109 
f 600/630/553 598/628/551 105/107/105 107/109/107 
f 598/628/551 596/626/549 103/105/103 105/107/105 
f 596/626/549 594/624/547 101/103/101 103/105/103 
f 98/100/98 90/92/90 87/89/87 203/209/196 
f 594/624/547 592/622/545 99/101/99 101/103/101 
f 592/622/545 96/98/96 93/95/93 99/101/99 
f 27/29/27 25/27/25 169/175/162 33/35/33 
f 632/664/579 633/665/580 28/666/28 30/667/30 
f 634/668/581 635/669/582 633/665/580 632/664/579 
f 635/669/582 636/670/583 637/671/584 633/665/580 
f 636/670/583 638/672/585 639/673/586 637/671/584 
f 638/672/585 640/674/587 641/675/588 639/673/586 
f 640/674/587 642/676/589 643/677/590 641/675/588 
f 642/676/589 644/678/591 645/679/592 643/677/590 
f 644/678/591 646/680/593 647/681/594 645/679/592 
f 646/680/593 648/682/595 649/683/596 647/681/594 
f 648/682/595 650/684/597 651/685/598 649/683/596 
f 650/684/597 652/686/599 653/687/600 651/685/598 
f 652/686/599 654/688/601 655/689/602 653/687/600 
f 654/690/601 656/691/603 657/692/604 655/693/602 
f 656/691/603 658/694/605 659/695/606 657/692/604 
f 658/694/605 660/696/607 661/697/608 659/695/606 
f 660/696/607 662/698/577 663/699/575 661/697/608 
f 662/698/577 664/700/574 665/701/609 663/699/575 
f 664/700/574 666/702/574 667/703/574 665/701/609 
f 666/702/574 668/704/574 669/705/577 667/703/574 
f 668/704/574 670/706/574 671/707/573 669/705/577 
f 672/708/573 673/709/610 627/659/574 671/707/573 
f 671/707/573 670/706/574 674/710/577 672/708/573 
f 675/711/611 676/712/612 677/713/613 678/714/614 
f 676/712/612 679/715/615 680/716/616 677/713/613 
f 679/715/615 681/717/617 682/718/618 680/716/616 
f 681/717/617 683/719/619 684/720/620 682/718/618 
f 683/719/619 685/721/621 686/722/622 684/720/620 
f 685/721/621 687/723/623 688/724/624 686/722/622 
f 687/723/623 689/725/625 690/726/626 688/724/624 
f 689/725/625 691/727/627 692/728/628 690/726/626 
f 691/727/627 693/729/629 694/730/630 692/728/628 
f 693/729/629 695/731/631 696/732/632 694/730/630 
f 695/731/631 697/733/633 698/734/634 696/732/632 
f 697/733/633 699/735/635 700/736/636 698/734/634 
f 699/735/635 701/737/637 702/738/638 700/736/636 
f 701/739/637 703/740/639 704/741/640 702/742/638 
f 703/740/639 705/743/641 706/744/642 704/741/640 
f 705/743/641 707/745/643 708/746/644 706/744/642 
f 707/745/643 709/747/645 710/748/646 708/746/644 
f 711/749/647 712/750/648 710/748/646 709/747/645 
f 713/751/647 714/752/646 710/748/646 712/750/648 
f 715/753/647 716/754/649 714/752/646 713/751/647 
f 716/754/649 717/755/650 718/756/651 714/752/646 
f 717/755/650 719/757/652 720/758/653 718/756/651 
f 719/757/652 721/759/654 722/760/655 720/758/653 
f 721/759/654 723/761/656 724/762/657 722/760/655 
f 723/763/656 725/764/658 726/765/659 724/766/657 
f 725/764/658 727/767/660 728/768/661 726/765/659 
f 727/767/660 729/769/662 730/770/663 728/768/661 
f 729/769/662 731/771/664 732/772/665 730/770/663 
f 731/771/664 733/773/666 734/774/667 732/772/665 
f 733/773/666 735/775/668 736/776/669 734/774/667 
f 735/775/668 737/777/670 738/778/671 736/776/669 
f 737/777/670 739/779/672 740/780/673 738/778/671 
f 739/779/672 741/781/674 742/782/675 740/780/673 
f 741/781/674 743/783/676 744/784/677 742/782/675 
f 743/783/676 745/785/678 746/786/679 744/784/677 
f 745/785/678 747/787/680 748/788/681 746/786/679 
f 747/787/680 749/789/682 750/790/683 748/788/681 
f 751/791/684 752/792/685 750/790/683 749/789/682 
f 751/791/684 749/789/682 753/793/686 
f 754/794/687 753/793/686 749/789/682 469/496/422 
f 754/794/687 469/496/422 755/795/688 
f 756/796/689 755/795/688 469/496/422 468/495/421 
f 756/796/689 468/495/421 757/797/690 
f 758/798/691 757/797/690 468/495/421 472/499/425 
f 758/798/691 472/499/425 759/799/692 
f 760/800/693 759/799/692 472/499/425 475/502/428 
f 760/800/693 475/502/428 761/801/694 
f 762/802/695 761/801/694 475/502/428 478/505/431 
f 762/802/695 478/505/431 763/803/696 
f 764/804/697 763/803/696 478/505/431 481/508/434 
f 764/804/697 481/508/434 765/805/698 
f 766/806/699 765/805/698 481/508/434 484/511/437 
f 766/806/699 484/511/437 767/807/700 
f 768/808/701 767/807/700 484/511/437 487/514/440 
f 768/808/701 487/514/440 769/809/702 
f 770/810/703 769/809/702 487/514/440 490/517/443 
f 770/810/703 490/517/443 771/811/704 
f 772/812/705 771/811/704 490/517/443 493/520/446 
f 772/812/705 493/520/446 773/813/706 
f 774/814/707 773/813/706 493/520/446 496/523/449 
f 775/815/708 774/814/707 496/523/449 776/816/709 
f 776/816/709 777/817/710 778/818/711 775/815/708 
f 777/817/710 776/816/709 503/530/456 779/819/712 
f 503/530/456 780/820/713 779/819/712 
f 780/820/713 503/530/456 502/529/455 781/821/714 
f 502/529/455 782/822/715 781/821/714 
f 782/822/715 502/529/455 506/533/459 783/823/716 
f 506/533/459 784/824/717 783/823/716 
f 784/824/717 506/533/459 509/536/462 785/825/718 
f 509/536/462 786/826/719 785/825/718 
f 786/826/719 509/536/462 512/539/465 787/827/720 
f 512/539/465 788/828/721 787/827/720 
f 788/828/721 512/539/465 515/542/468 789/829/722 
f 515/542/468 790/830/723 789/829/722 
f 790/830/723 515/542/468 518/545/471 791/831/724 
f 518/545/471 792/832/725 791/831/724 
f 793/833/726 792/832/725 518/545/471 521/548/474 
f 793/833/726 521/548/474 794/834/727 
f 795/835/728 794/834/727 521/548/474 524/551/477 
f 795/835/728 524/551/477 796/836/729 
f 797/837/730 796/836/729 524/551/477 527/554/480 
f 797/837/730 527/554/480 798/838/731 
f 799/839/732 798/838/731 527/554/480 530/557/483 
f 799/839/732 530/557/483 800/840/733 
f 801/841/734 800/840/733 530/557/483 533/560/486 
f 801/841/734 533/560/486 802/842/735 
f 803/843/736 802/842/735 533/560/486 536/563/489 
f 803/843/736 536/563/489 804/844/737 
f 805/845/738 804/844/737 536/563/489 539/566/492 
f 805/845/738 539/566/492 806/846/739 
f 807/847/740 806/846/739 539/566/492 541/569/494 
f 807/847/740 541/569/494 808/848/741 
f 809/849/742 808/850/741 541/573/494 543/572/496 
f 809/849/742 543/572/496 810/851/743 
f 811/852/744 810/851/743 543/572/496 545/575/498 
f 811/852/744 545/575/498 812/853/745 
f 813/854/746 812/853/745 545/575/498 547/577/500 
f 813/854/746 547/577/500 814/855/747 
f 815/856/748 814/855/747 547/577/500 549/579/502 
f 815/856/748 549/579/502 816/857/749 
f 817/858/750 816/857/749 549/579/502 551/581/504 
f 817/858/750 551/581/504 818/859/751 
f 819/860/752 818/859/751 551/581/504 553/583/506 
f 819/860/752 553/583/506 820/861/753 
f 821/862/754 820/861/753 553/583/506 555/585/508 
f 821/862/754 555/585/508 822/863/755 
f 823/864/756 822/863/755 555/585/508 557/587/510 
f 823/864/756 557/587/510 824/865/757 
f 825/866/758 824/865/757 557/587/510 559/589/512 
f 825/866/758 559/589/512 826/867/759 
f 827/868/760 826/867/759 559/589/512 561/591/514 
f 827/868/760 561/591/514 828/869/761 
f 829/870/762 828/869/761 561/591/514 563/593/516 
f 829/870/762 563/593/516 830/871/763 
f 831/872/764 830/871/763 563/593/516 565/595/518 
f 831/872/764 565/595/518 832/873/765 
f 833/874/766 832/873/765 565/595/518 567/597/520 
f 833/874/766 567/597/520 834/875/767 
f 835/876/768 834/875/767 567/597/520 569/599/522 
f 835/876/768 569/599/522 836/877/769 
f 837/878/770 836/877/769 569/599/522 571/601/524 
f 837/878/770 571/601/524 838/879/771 
f 839/880/772 838/879/771 571/601/524 573/603/526 
f 839/880/772 573/603/526 840/881/773 
f 841/882/774 840/881/773 573/603/526 575/605/528 
f 841/882/774 575/605/528 842/883/775 
f 843/884/776 842/883/775 575/605/528 577/607/530 
f 843/884/776 577/607/530 844/885/777 
f 845/886/778 844/885/777 577/607/530 579/609/532 
f 845/886/778 579/609/532 846/887/779 
f 847/888/780 846/887/779 579/609/532 581/611/534 
f 847/888/780 581/611/534 848/889/781 
f 849/890/782 848/889/781 581/611/534 583/613/536 
f 849/890/782 583/613/536 850/891/783 
f 851/892/784 850/891/783 583/613/536 585/615/538 
f 851/892/784 585/615/538 852/893/785 
f 853/894/786 852/893/785 585/615/538 
f 854/895/787 855/896/788 587/617/540 589/619/542 
f 854/895/787 589/619/542 856/897/789 
f 857/898/790 856/897/789 589/619/542 858/899/791 
f 857/898/790 858/899/791 859/900/792 
f 860/901/793 859/900/792 858/899/791 861/902/794 
f 860/901/793 861/902/794 862/903/795 
f 863/904/796 862/903/795 861/902/794 864/905/797 
f 863/904/796 864/905/797 865/906/798 
f 866/907/799 865/906/798 864/905/797 867/908/800 
f 866/907/799 867/908/800 868/909/801 
f 869/910/802 868/909/801 867/908/800 870/911/803 
f 869/910/802 870/911/803 871/912/804 
f 872/913/805 871/912/804 870/911/803 873/914/806 
f 872/913/805 873/914/806 874/915/807 
f 875/916/808 874/915/807 873/914/806 876/917/809 
f 875/916/808 876/917/809 877/918/810 
f 878/919/811 877/918/810 876/917/809 879/920/812 
f 878/919/811 879/920/812 880/921/813 
f 881/922/814 880/921/813 879/920/812 882/923/815 
f 881/922/814 882/923/815 883/924/816 
f 884/925/817 883/924/816 882/923/815 885/926/818 
f 884/925/817 885/926/818 886/927/819 
f 887/928/820 886/927/819 885/926/818 675/711/611 
f 887/928/820 675/711/611 888/929/821 
f 882/923/815 889/930/822 890/931/823 885/926/818 
f 889/930/822 891/932/824 892/933/825 890/931/823 
f 891/932/824 893/934/826 894/935/827 892/933/825 
f 893/934/826 895/936/828 896/937/829 894/935/827 
f 895/936/828 897/938/830 898/939/831 896/937/829 
f 897/938/830 899/940/832 900/941/833 898/939/831 
f 899/940/832 901/942/834 902/943/835 900/941/833 
f 901/942/834 903/944/836 904/945/837 902/943/835 
f 903/944/836 905/946/838 906/947/839 904/945/837 
f 905/946/838 907/948/840 908/949/841 906/947/839 
f 907/948/840 909/950/842 910/951/843 908/949/841 
f 909/950/842 911/952/844 912/953/845 910/951/843 
f 911/952/844 913/954/846 914/955/847 912/953/845 
f 913/956/846 915/957/848 916/958/849 914/959/847 
f 915/957/848 917/960/850 918/961/851 916/958/849 
f 917/960/850 919/962/852 920/963/853 918/961/851 
f 919/962/852 921/964/854 922/965/855 920/963/853 
f 923/966/648 711/749/647 709/747/645 922/965/855 
f 922/965/855 921/964/854 924/967/856 923/966/648 
f 923/966/648 924/967/856 925/968/857 926/969/858 
f 926/969/858 927/970/858 711/749/647 923/966/648 
f 928/971/859 929/972/860 927/970/858 926/969/858 
f 929/972/860 930/973/860 931/974/647 927/970/858 
f 932/975/859 933/976/861 931/974/647 930/973/860 
f 933/976/861 713/751/647 712/750/648 931/974/647 
f 934/977/610 935/978/648 933/976/861 932/975/859 
f 935/978/648 715/753/647 713/751/647 933/976/861 
f 936/979/856 937/980/854 935/978/648 934/977/610 
f 937/980/854 938/981/862 715/753/647 935/978/648 
f 939/982/863 624/656/573 627/659/574 940/983/864 
f 940/983/864 941/984/856 942/985/865 939/982/863 
f 943/986/866 942/985/865 941/984/856 944/987/867 
f 945/988/867 946/989/868 947/990/869 948/991/866 
f 944/987/867 945/988/867 948/991/866 943/986/866 
f 943/986/866 948/991/866 949/992/866 950/993/865 
f 946/989/868 951/994/870 952/995/871 947/990/869 
f 951/994/870 953/996/872 954/997/873 952/995/871 
f 953/996/872 955/998/874 956/999/875 954/997/873 
f 955/1000/874 957/1001/876 958/1002/877 956/1003/875 
f 957/1001/876 959/1004/878 960/1005/879 958/1002/877 
f 959/1004/878 961/1006/880 962/1007/881 960/1005/879 
f 961/1006/880 963/1008/882 964/1009/883 962/1007/881 
f 963/1008/882 965/1010/884 966/1011/885 964/1009/883 
f 965/1010/884 967/1012/886 968/1013/887 966/1011/885 
f 967/1012/886 969/1014/888 970/1015/889 968/1013/887 
f 969/1014/888 971/1016/890 972/1017/891 970/1015/889 
f 971/1016/890 973/1018/892 974/1019/893 972/1017/891 
f 973/1018/892 975/1020/894 976/1021/895 974/1019/893 
f 975/1020/894 977/1022/896 978/1023/897 976/1021/895 
f 977/1022/896 979/1024/898 980/1025/899 978/1023/897 
f 979/1024/898 879/920/812 876/917/809 980/1025/899 
f 891/932/824 889/930/822 979/1024/898 977/1022/896 
f 981/1026/900 982/1027/901 978/1023/897 980/1025/899 
f 983/1028/902 984/1029/903 982/1027/901 981/1026/900 
f 984/1029/903 985/1030/904 986/1031/905 982/1027/901 
f 985/1030/904 987/1032/906 988/1033/907 986/1031/905 
f 987/1032/906 989/1034/908 990/1035/909 988/1033/907 
f 989/1034/908 991/1036/910 992/1037/911 990/1035/909 
f 991/1036/910 993/1038/912 994/1039/913 992/1037/911 
f 993/1038/912 995/1040/914 996/1041/915 994/1039/913 
f 995/1040/914 997/1042/916 998/1043/917 996/1041/915 
f 997/1042/916 999/1044/918 1000/1045/919 998/1043/917 
f 999/1044/918 1001/1046/920 1002/1047/921 1000/1045/919 
f 1001/1046/920 1003/1048/922 1004/1049/923 1002/1047/921 
f 1003/1048/922 1005/1050/924 1006/1051/925 1004/1049/923 
f 1005/1052/924 1007/1053/926 1008/1054/927 1006/1055/925 
f 1007/1053/926 1009/1056/928 1010/1057/929 1008/1054/927 
f 1009/1056/928 1011/1058/930 1012/1059/931 1010/1057/929 
f 1013/1060/865 1014/1061/932 1015/1062/932 950/993/865 
f 949/992/866 1012/1059/931 1011/1058/930 1016/1063/865 
f 950/993/865 949/992/866 1016/1063/865 1013/1060/865 
f 1013/1060/865 1016/1063/865 1017/1064/933 1018/1065/865 
f 1014/1061/932 1019/1066/934 1020/1067/934 1015/1062/932 
f 1019/1066/934 1014/1061/932 1021/1068/932 1022/1069/934 
f 1022/1069/934 618/650/571 620/652/571 1019/1066/934 
f 1023/1070/935 1022/1069/934 1021/1068/932 1024/1071/936 
f 1024/1071/936 1025/1072/937 1026/1073/938 1023/1070/935 
f 1025/1072/937 1027/1074/939 1028/1075/940 1026/1073/938 
f 1027/1074/939 1029/1076/941 1030/1077/942 1028/1075/940 
f 1029/1078/941 1031/1079/943 1032/1080/944 1030/1081/942 
f 1031/1079/943 1033/1082/945 1034/1083/946 1032/1080/944 
f 1033/1082/945 1035/1084/947 1036/1085/948 1034/1083/946 
f 1035/1084/947 1037/1086/949 1038/1087/950 1036/1085/948 
f 1037/1086/949 1039/1088/951 1040/1089/952 1038/1087/950 
f 1039/1088/951 1041/1090/953 1042/1091/954 1040/1089/952 
f 1041/1090/953 1043/1092/955 1044/1093/956 1042/1091/954 
f 1043/1092/955 1045/1094/957 1046/1095/958 1044/1093/956 
f 1045/1094/957 1047/1096/959 1048/1097/960 1046/1095/958 
f 1047/1096/959 1049/1098/961 1050/1099/962 1048/1097/960 
f 1049/1098/961 1051/1100/963 1052/1101/964 1050/1099/962 
f 1051/1100/963 1053/1102/965 1054/1103/966 1052/1101/964 
f 1053/1102/965 861/902/794 858/899/791 1054/1103/966 
f 1055/1104/967 1056/1105/968 1053/1102/965 1051/1100/963 
f 1056/1105/968 864/905/797 861/902/794 1053/1102/965 
f 1057/1106/969 1058/1107/970 1056/1105/968 1055/1104/967 
f 1058/1107/970 867/908/800 864/905/797 1056/1105/968 
f 984/1029/903 983/1028/902 1058/1107/970 1057/1106/969 
f 1055/1104/967 1059/1108/971 1060/1109/972 1057/1106/969 
f 1059/1108/971 1061/1110/973 1062/1111/974 1060/1109/972 
f 1061/1110/973 1063/1112/975 1064/1113/976 1062/1111/974 
f 1063/1112/975 1065/1114/977 1066/1115/978 1064/1113/976 
f 1065/1114/977 1067/1116/979 1068/1117/980 1066/1115/978 
f 1067/1116/979 1069/1118/981 1070/1119/982 1068/1117/980 
f 1069/1118/981 1071/1120/983 1072/1121/984 1070/1119/982 
f 1071/1120/983 1073/1122/985 1074/1123/986 1072/1121/984 
f 1075/1124/987 1074/1123/986 1073/1122/985 1076/1125/988 
f 1076/1126/988 1077/1127/989 1078/1128/990 1075/1124/987 
f 1077/1127/989 1079/1129/991 1080/1130/992 1078/1128/990 
f 1079/1131/991 1081/1132/993 1082/1133/994 1080/1134/992 
f 1081/1132/993 1083/1135/995 1084/1136/996 1082/1133/994 
f 1083/1135/995 1085/1137/997 1086/1138/998 1084/1136/996 
f 1085/1137/997 1018/1065/865 1017/1064/933 1086/1138/998 
f 1016/1063/865 1011/1058/930 1086/1138/998 1017/1064/933 
f 1025/1072/937 1024/1071/936 1085/1137/997 1083/1135/995 
f 1011/1058/930 1009/1056/928 1084/1136/996 1086/1138/998 
f 1027/1074/939 1025/1072/937 1083/1135/995 1081/1132/993 
f 1009/1056/928 1007/1053/926 1082/1133/994 1084/1136/996 
f 1029/1076/941 1027/1074/939 1081/1132/993 1079/1131/991 
f 1007/1053/926 1005/1052/924 1080/1134/992 1082/1133/994 
f 1031/1079/943 1029/1078/941 1079/1129/991 1077/1127/989 
f 1005/1050/924 1003/1048/922 1078/1128/990 1080/1130/992 
f 1033/1082/945 1031/1079/943 1077/1127/989 1076/1126/988 
f 1003/1048/922 1001/1046/920 1075/1124/987 1078/1128/990 
f 1035/1084/947 1033/1082/945 1076/1126/988 1073/1122/985 
f 1001/1046/920 999/1044/918 1074/1123/986 1075/1124/987 
f 1037/1086/949 1035/1084/947 1073/1122/985 1071/1120/983 
f 999/1044/918 997/1042/916 1072/1121/984 1074/1123/986 
f 1039/1088/951 1037/1086/949 1071/1120/983 1069/1118/981 
f 997/1042/916 995/1040/914 1070/1119/982 1072/1121/984 
f 1041/1090/953 1039/1088/951 1069/1118/981 1067/1116/979 
f 995/1040/914 993/1038/912 1068/1117/980 1070/1119/982 
f 1043/1092/955 1041/1090/953 1067/1116/979 1065/1114/977 
f 993/1038/912 991/1036/910 1066/1115/978 1068/1117/980 
f 1045/1094/957 1043/1092/955 1065/1114/977 1063/1112/975 
f 991/1036/910 989/1034/908 1064/1113/976 1066/1115/978 
f 1047/1096/959 1045/1094/957 1063/1112/975 1061/1110/973 
f 989/1034/908 987/1032/906 1062/1111/974 1064/1113/976 
f 1049/1098/961 1047/1096/959 1061/1110/973 1059/1108/971 
f 987/1032/906 985/1030/904 1060/1109/972 1062/1111/974 
f 985/1030/904 984/1029/903 1057/1106/969 1060/1109/972 
f 1051/1100/963 1049/1098/961 1059/1108/971 1055/1104/967 
f 588/618/541 590/620/543 1052/1101/964 1054/1103/966 
f 1054/1103/966 858/899/791 589/619/542 588/618/541 
f 590/620/543 591/621/544 1050/1099/962 1052/1101/964 
f 591/621/544 593/623/546 1048/1097/960 1050/1099/962 
f 593/623/546 595/625/548 1046/1095/958 1048/1097/960 
f 595/625/548 597/627/550 1044/1093/956 1046/1095/958 
f 597/627/550 599/629/552 1042/1091/954 1044/1093/956 
f 599/629/552 601/631/554 1040/1089/952 1042/1091/954 
f 601/631/554 603/633/556 1038/1087/950 1040/1089/952 
f 603/633/556 605/635/558 1036/1085/948 1038/1087/950 
f 605/635/558 607/637/560 1034/1083/946 1036/1085/948 
f 607/637/560 609/639/562 1032/1080/944 1034/1083/946 
f 609/639/562 611/641/564 1030/1081/942 1032/1080/944 
f 611/645/564 613/644/566 1028/1075/940 1030/1077/942 
f 613/644/566 615/647/568 1026/1073/938 1028/1075/940 
f 615/647/568 617/649/570 1023/1070/935 1026/1073/938 
f 1018/1065/865 1085/1137/997 1024/1071/936 1021/1068/932 
f 617/649/570 618/650/571 1022/1069/934 1023/1070/935 
f 1014/1061/932 1013/1060/865 1018/1065/865 1021/1068/932 
f 950/993/865 1015/1062/932 942/985/865 943/986/866 
f 948/991/866 947/990/869 1012/1059/931 949/992/866 
f 947/990/869 952/995/871 1010/1057/929 1012/1059/931 
f 952/995/871 954/997/873 1008/1054/927 1010/1057/929 
f 954/997/873 956/999/875 1006/1055/925 1008/1054/927 
f 956/1003/875 958/1002/877 1004/1049/923 1006/1051/925 
f 958/1002/877 960/1005/879 1002/1047/921 1004/1049/923 
f 960/1005/879 962/1007/881 1000/1045/919 1002/1047/921 
f 962/1007/881 964/1009/883 998/1043/917 1000/1045/919 
f 964/1009/883 966/1011/885 996/1041/915 998/1043/917 
f 966/1011/885 968/1013/887 994/1039/913 996/1041/915 
f 968/1013/887 970/1015/889 992/1037/911 994/1039/913 
f 970/1015/889 972/1017/891 990/1035/909 992/1037/911 
f 972/1017/891 974/1019/893 988/1033/907 990/1035/909 
f 974/1019/893 976/1021/895 986/1031/905 988/1033/907 
f 976/1021/895 978/1023/897 982/1027/901 986/1031/905 
f 983/1028/902 870/911/803 867/908/800 1058/1107/970 
f 981/1026/900 873/914/806 870/911/803 983/1028/902 
f 980/1025/899 876/917/809 873/914/806 981/1026/900 
f 893/934/826 891/932/824 977/1022/896 975/1020/894 
f 895/936/828 893/934/826 975/1020/894 973/1018/892 
f 897/938/830 895/936/828 973/1018/892 971/1016/890 
f 899/940/832 897/938/830 971/1016/890 969/1014/888 
f 901/942/834 899/940/832 969/1014/888 967/1012/886 
f 903/944/836 901/942/834 967/1012/886 965/1010/884 
f 905/946/838 903/944/836 965/1010/884 963/1008/882 
f 907/948/840 905/946/838 963/1008/882 961/1006/880 
f 909/950/842 907/948/840 961/1006/880 959/1004/878 
f 911/952/844 909/950/842 959/1004/878 957/1001/876 
f 913/954/846 911/952/844 957/1001/876 955/1000/874 
f 915/957/848 913/956/846 955/998/874 953/996/872 
f 917/960/850 915/957/848 953/996/872 951/994/870 
f 919/962/852 917/960/850 951/994/870 946/989/868 
f 921/964/854 919/962/852 946/989/868 945/988/867 
f 944/987/867 924/967/856 921/964/854 945/988/867 
f 941/984/856 925/968/857 924/967/856 944/987/867 
f 940/983/864 1087/1139/857 925/968/857 941/984/856 
f 939/982/863 942/985/865 1015/1062/932 1020/1067/934 
f 1020/1067/934 623/655/571 624/656/573 939/982/863 
f 673/1140/610 672/708/573 1088/1141/610 1089/1142/610 
f 1090/1143/610 1091/1144/610 1089/1142/610 1088/1141/610 
f 1089/1142/610 1091/1144/610 929/972/860 928/971/859 
f 1092/1145/577 1093/1146/577 1091/1144/610 1090/1143/610 
f 930/973/860 929/972/860 1091/1144/610 1093/1146/577 
f 1094/1147/610 932/975/859 930/973/860 1093/1146/577 
f 1095/1148/864 1096/1149/573 1097/1150/999 1098/1151/864 
f 1098/1151/864 1097/1150/999 1099/1152/573 1100/1153/864 
f 1098/1151/864 1101/1154/856 1102/1155/856 1095/1148/864 
f 1102/1155/856 1103/1156/1000 936/1157/856 1095/1148/864 
f 1102/1155/856 1101/1154/856 1104/1158/1001 1105/1159/1002 
f 1104/1158/1001 1106/1160/1003 1107/1161/1004 1105/1159/1002 
f 1106/1160/1003 1108/1162/1005 1109/1163/1006 1107/1161/1004 
f 1108/1162/1005 1110/1164/1007 1111/1165/1008 1109/1163/1006 
f 1110/1166/1007 1112/1167/1009 1113/1168/1010 1111/1169/1008 
f 1112/1167/1009 1114/1170/1011 1115/1171/1012 1113/1168/1010 
f 1114/1170/1011 1116/1172/1013 1117/1173/1014 1115/1171/1012 
f 1116/1172/1013 1118/1174/1015 1119/1175/1016 1117/1173/1014 
f 1118/1174/1015 1120/1176/1017 1121/1177/1018 1119/1175/1016 
f 1120/1176/1017 1122/1178/1019 1123/1179/1020 1121/1177/1018 
f 1122/1178/1019 1124/1180/1021 1125/1181/1022 1123/1179/1020 
f 1124/1180/1021 1126/1182/1023 1127/1183/1024 1125/1181/1022 
f 1126/1182/1023 1128/1184/1025 1129/1185/1026 1127/1183/1024 
f 1128/1184/1025 1130/1186/1027 1131/1187/1028 1129/1185/1026 
f 1130/1186/1027 482/509/435 479/506/432 1131/1187/1028 
f 1132/1188/1029 1133/1189/1030 1130/1186/1027 1128/1184/1025 
f 1133/1189/1030 485/512/438 482/509/435 1130/1186/1027 
f 1134/1190/1031 1135/1191/1032 1133/1189/1030 1132/1188/1029 
f 1135/1191/1032 488/515/441 485/512/438 1133/1189/1030 
f 1136/1192/1033 1137/1193/1034 1135/1191/1032 1134/1190/1031 
f 1137/1193/1034 491/518/444 488/515/441 1135/1191/1032 
f 1138/1194/1035 1139/1195/1036 1137/1193/1034 1136/1192/1033 
f 1139/1195/1036 494/521/447 491/518/444 1137/1193/1034 
f 1140/1196/1037 1141/1197/1038 1139/1195/1036 1138/1194/1035 
f 1141/1197/1038 497/524/450 494/521/447 1139/1195/1036 
f 1142/1198/1039 1143/1199/1040 1141/1197/1038 1140/1196/1037 
f 1143/1199/1040 1144/1200/1041 497/524/450 1141/1197/1038 
f 1145/1201/1042 1146/1202/1043 1144/1200/1041 1143/1199/1040 
f 1146/1202/1043 504/531/457 500/527/453 1144/1200/1041 
f 1147/1203/1044 1148/1204/1045 1146/1202/1043 1145/1201/1042 
f 1148/1204/1045 507/534/460 504/531/457 1146/1202/1043 
f 1149/1205/1046 1150/1206/1047 1148/1204/1045 1147/1203/1044 
f 1150/1206/1047 510/537/463 507/534/460 1148/1204/1045 
f 1151/1207/1048 1152/1208/1049 1150/1206/1047 1149/1205/1046 
f 1152/1208/1049 513/540/466 510/537/463 1150/1206/1047 
f 1153/1209/1050 1154/1210/1051 1152/1208/1049 1151/1207/1048 
f 1154/1210/1051 516/543/469 513/540/466 1152/1208/1049 
f 1155/1211/1052 1156/1212/1053 1154/1210/1051 1153/1209/1050 
f 1156/1212/1053 519/546/472 516/543/469 1154/1210/1051 
f 1157/1213/1054 1158/1214/1055 1156/1212/1053 1155/1211/1052 
f 1158/1214/1055 522/549/475 519/546/472 1156/1212/1053 
f 1159/1215/1056 1160/1216/1057 1158/1214/1055 1157/1213/1054 
f 1160/1216/1057 525/552/478 522/549/475 1158/1214/1055 
f 1161/1217/1058 1162/1218/1059 1160/1216/1057 1159/1215/1056 
f 1162/1218/1059 528/555/481 525/552/478 1160/1216/1057 
f 1163/1219/1060 1164/1220/1061 1162/1218/1059 1161/1217/1058 
f 1164/1220/1061 531/558/484 528/555/481 1162/1218/1059 
f 635/669/582 634/668/581 1164/1220/1061 1163/1219/1060 
f 1161/1217/1058 1165/1221/1062 1166/1222/1063 1163/1219/1060 
f 1165/1221/1062 1167/1223/1064 1168/1224/1065 1166/1222/1063 
f 1167/1223/1064 1169/1225/1066 1170/1226/1067 1168/1224/1065 
f 1169/1225/1066 1171/1227/1068 1172/1228/1069 1170/1226/1067 
f 1171/1227/1068 1173/1229/1070 1174/1230/1071 1172/1228/1069 
f 1173/1229/1070 1175/1231/1072 1176/1232/1073 1174/1230/1071 
f 1175/1231/1072 1177/1233/1074 1178/1234/1075 1176/1232/1073 
f 1177/1233/1074 1179/1235/1076 1180/1236/1077 1178/1234/1075 
f 1179/1235/1076 1181/1237/1078 1182/1238/1079 1180/1236/1077 
f 1181/1237/1078 1183/1239/1080 1184/1240/1081 1182/1238/1079 
f 1183/1241/1080 1185/1242/1082 1186/1243/1083 1184/1244/1081 
f 1185/1242/1082 1187/1245/1084 1188/1246/1085 1186/1243/1083 
f 1187/1245/1084 1189/1247/1086 1190/1248/1087 1188/1246/1085 
f 1189/1247/1086 1191/1249/860 1192/1250/576 1190/1248/1087 
f 1191/1249/860 1193/1251/577 1194/1252/576 1192/1250/576 
f 1193/1251/577 1195/1253/576 1196/1254/577 1194/1252/576 
f 1195/1253/576 1197/1255/1088 1198/1256/577 1196/1254/577 
f 1197/1255/1088 1199/1257/577 1200/1258/577 1198/1256/577 
f 1201/1259/610 1202/1260/577 1203/1261/1089 1204/1262/1090 
f 1202/1260/577 1090/1143/610 1088/1141/610 1203/1261/1089 
f 1205/1263/610 1206/1264/610 1202/1260/577 1201/1259/610 
f 1090/1143/610 1202/1260/577 1206/1264/610 1092/1145/577 
f 1207/1265/610 1208/1266/573 1099/1152/573 1209/1267/573 
f 1205/1263/610 1207/1265/610 1209/1267/573 1206/1264/610 
f 1206/1264/610 1209/1267/573 1210/1268/577 1092/1145/577 
f 1094/1147/610 1093/1146/577 1092/1145/577 1210/1268/577 
f 1211/1269/999 1212/1270/1091 1213/1271/1092 1214/1272/864 
f 1212/1270/1091 1215/1273/1093 1216/1274/1094 1213/1271/1092 
f 1215/1273/1093 1217/1275/1095 1218/1276/1096 1216/1274/1094 
f 1217/1275/1095 1219/1277/1097 1220/1278/1098 1218/1276/1096 
f 1219/1279/1097 1221/1280/1099 1222/1281/1100 1220/1282/1098 
f 1221/1280/1099 1223/1283/1101 1224/1284/1102 1222/1281/1100 
f 1223/1283/1101 1225/1285/1103 1226/1286/1104 1224/1284/1102 
f 1225/1285/1103 1227/1287/1105 1228/1288/1106 1226/1286/1104 
f 1227/1287/1105 1229/1289/1107 1230/1290/1108 1228/1288/1106 
f 1229/1289/1107 1231/1291/1109 1232/1292/1110 1230/1290/1108 
f 1231/1291/1109 1233/1293/1111 1234/1294/1112 1232/1292/1110 
f 1233/1293/1111 1235/1295/1113 1236/1296/1114 1234/1294/1112 
f 1235/1295/1113 1134/1190/1031 1132/1188/1029 1236/1296/1114 
f 1237/1297/1115 1238/1298/1116 1235/1295/1113 1233/1293/1111 
f 1238/1298/1116 1136/1192/1033 1134/1190/1031 1235/1295/1113 
f 1239/1299/1117 1240/1300/1118 1238/1298/1116 1237/1297/1115 
f 1240/1300/1118 1138/1194/1035 1136/1192/1033 1238/1298/1116 
f 1241/1301/1119 1242/1302/1120 1240/1300/1118 1239/1299/1117 
f 1242/1302/1120 1140/1196/1037 1138/1194/1035 1240/1300/1118 
f 1243/1303/1121 1244/1304/1122 1242/1302/1120 1241/1301/1119 
f 1244/1304/1122 1142/1198/1039 1140/1196/1037 1242/1302/1120 
f 1245/1305/1123 1246/1306/1124 1244/1304/1122 1243/1303/1121 
f 1246/1306/1124 1247/1307/1125 1142/1198/1039 1244/1304/1122 
f 1248/1308/1126 1249/1309/1127 1247/1307/1125 1246/1306/1124 
f 1249/1309/1127 1147/1203/1044 1145/1201/1042 1247/1307/1125 
f 1250/1310/1128 1251/1311/1129 1249/1309/1127 1248/1308/1126 
f 1251/1311/1129 1149/1205/1046 1147/1203/1044 1249/1309/1127 
f 1252/1312/1130 1253/1313/1131 1251/1311/1129 1250/1310/1128 
f 1253/1313/1131 1151/1207/1048 1149/1205/1046 1251/1311/1129 
f 1254/1314/1132 1255/1315/1133 1253/1313/1131 1252/1312/1130 
f 1255/1315/1133 1153/1209/1050 1151/1207/1048 1253/1313/1131 
f 1256/1316/1134 1257/1317/1135 1255/1315/1133 1254/1314/1132 
f 1257/1317/1135 1155/1211/1052 1153/1209/1050 1255/1315/1133 
f 1258/1318/1136 1259/1319/1137 1257/1317/1135 1256/1316/1134 
f 1259/1319/1137 1157/1213/1054 1155/1211/1052 1257/1317/1135 
f 1260/1320/1138 1261/1321/1139 1259/1319/1137 1258/1318/1136 
f 1261/1321/1139 1159/1215/1056 1157/1213/1054 1259/1319/1137 
f 1167/1223/1064 1165/1221/1062 1261/1321/1139 1260/1320/1138 
f 1258/1318/1136 1262/1322/1140 1263/1323/1141 1260/1320/1138 
f 1262/1322/1140 1264/1324/1142 1265/1325/1143 1263/1323/1141 
f 1264/1324/1142 1266/1326/1144 1267/1327/1145 1265/1325/1143 
f 1266/1326/1144 1268/1328/1146 1269/1329/1147 1267/1327/1145 
f 1268/1328/1146 1270/1330/1148 1271/1331/1149 1269/1329/1147 
f 1270/1330/1148 1272/1332/1150 1273/1333/1151 1271/1331/1149 
f 1272/1332/1150 1274/1334/1152 1275/1335/1153 1273/1333/1151 
f 1274/1334/1152 1276/1336/1154 1277/1337/1155 1275/1335/1153 
f 1276/1338/1154 1278/1339/1156 1279/1340/1157 1277/1341/1155 
f 1278/1339/1156 1280/1342/1158 1281/1343/1159 1279/1340/1157 
f 1280/1342/1158 1282/1344/1160 1283/1345/1161 1281/1343/1159 
f 1282/1344/1160 1195/1253/576 1193/1251/577 1283/1345/1161 
f 1284/1346/1162 1285/1347/1163 1282/1344/1160 1280/1342/1158 
f 1285/1347/1163 1197/1255/1088 1195/1253/576 1282/1344/1160 
f 1286/1348/1164 1287/1349/1165 1285/1347/1163 1284/1346/1162 
f 1287/1349/1165 1199/1257/577 1197/1255/1088 1285/1347/1163 
f 1288/1350/1166 1289/1351/1167 1287/1349/1165 1286/1348/1164 
f 1287/1349/1165 1289/1351/1167 1290/1352/577 1199/1257/577 
f 1291/1353/1168 1292/1354/1169 1289/1351/1167 1288/1350/1166 
f 1292/1354/1169 1293/1355/577 1290/1352/577 1289/1351/1167 
f 1294/1356/1170 1295/1357/1171 1292/1354/1169 1291/1353/1168 
f 1293/1355/577 1292/1354/1169 1295/1357/1171 1296/1358/577 
f 1296/1358/577 1201/1259/610 1204/1262/1090 1293/1355/577 
f 1297/1359/857 1298/1360/1172 1299/1361/1173 1300/1362/999 
f 1297/1359/857 1300/1362/999 1207/1265/610 1205/1263/610 
f 1301/1363/1174 1302/1364/610 1300/1362/999 1299/1361/1173 
f 1208/1266/573 1207/1265/610 1300/1362/999 1302/1364/610 
f 1302/1364/610 1301/1363/1174 1303/1365/1175 1304/1366/859 
f 1302/1364/610 1304/1366/859 1305/1367/999 1208/1266/573 
f 1212/1270/1091 1211/1269/999 1306/1368/857 1307/1369/1176 
f 1303/1365/1175 1308/1370/1177 1309/1371/1178 1307/1369/1176 
f 1308/1370/1177 1310/1372/1179 1311/1373/1180 1309/1371/1178 
f 1310/1372/1179 1312/1374/1181 1313/1375/1182 1311/1373/1180 
f 1312/1376/1181 1314/1377/1183 1315/1378/1184 1313/1379/1182 
f 1314/1377/1183 1316/1380/1185 1317/1381/1186 1315/1378/1184 
f 1316/1380/1185 1318/1382/1187 1319/1383/1188 1317/1381/1186 
f 1318/1382/1187 1320/1384/1189 1321/1385/1190 1319/1383/1188 
f 1320/1384/1189 1322/1386/1191 1323/1387/1192 1321/1385/1190 
f 1322/1386/1191 1324/1388/1193 1325/1389/1194 1323/1387/1192 
f 1324/1388/1193 1239/1299/1117 1237/1297/1115 1325/1389/1194 
f 1326/1390/1195 1327/1391/1196 1324/1388/1193 1322/1386/1191 
f 1327/1391/1196 1241/1301/1119 1239/1299/1117 1324/1388/1193 
f 1328/1392/1197 1329/1393/1198 1327/1391/1196 1326/1390/1195 
f 1329/1393/1198 1243/1303/1121 1241/1301/1119 1327/1391/1196 
f 1330/1394/1199 1331/1395/1200 1329/1393/1198 1328/1392/1197 
f 1331/1395/1200 1245/1305/1123 1243/1303/1121 1329/1393/1198 
f 1332/1396/1201 1333/1397/1202 1331/1395/1200 1330/1394/1199 
f 1333/1397/1202 1334/1398/1203 1245/1305/1123 1331/1395/1200 
f 1335/1399/1204 1336/1400/1205 1334/1398/1203 1333/1397/1202 
f 1336/1400/1205 1250/1310/1128 1248/1308/1126 1334/1398/1203 
f 1337/1401/1206 1338/1402/1207 1336/1400/1205 1335/1399/1204 
f 1338/1402/1207 1252/1312/1130 1250/1310/1128 1336/1400/1205 
f 1339/1403/1208 1340/1404/1209 1338/1402/1207 1337/1401/1206 
f 1340/1404/1209 1254/1314/1132 1252/1312/1130 1338/1402/1207 
f 1341/1405/1210 1342/1406/1211 1340/1404/1209 1339/1403/1208 
f 1342/1406/1211 1256/1316/1134 1254/1314/1132 1340/1404/1209 
f 1264/1324/1142 1262/1322/1140 1342/1406/1211 1341/1405/1210 
f 1339/1403/1208 1343/1407/1212 1344/1408/1213 1341/1405/1210 
f 1343/1407/1212 1345/1409/1214 1346/1410/1215 1344/1408/1213 
f 1345/1409/1214 1347/1411/1216 1348/1412/1217 1346/1410/1215 
f 1347/1411/1216 1349/1413/1218 1350/1414/1219 1348/1412/1217 
f 1349/1413/1218 1351/1415/1220 1352/1416/1221 1350/1414/1219 
f 1351/1415/1220 1353/1417/1222 1354/1418/1223 1352/1416/1221 
f 1353/1419/1222 1355/1420/1224 1356/1421/1225 1354/1422/1223 
f 1355/1420/1224 1286/1348/1164 1284/1346/1162 1356/1421/1225 
f 1357/1423/1226 1358/1424/1227 1355/1420/1224 1353/1419/1222 
f 1358/1424/1227 1288/1350/1166 1286/1348/1164 1355/1420/1224 
f 1359/1425/1228 1360/1426/1229 1358/1424/1227 1357/1423/1226 
f 1360/1426/1229 1291/1353/1168 1288/1350/1166 1358/1424/1227 
f 1361/1427/1230 1362/1428/1231 1360/1426/1229 1359/1425/1228 
f 1362/1428/1231 1294/1356/1170 1291/1353/1168 1360/1426/1229 
f 1363/1429/1232 1364/1430/1233 1362/1428/1231 1361/1427/1230 
f 1364/1430/1233 1365/1431/1234 1294/1356/1170 1362/1428/1231 
f 1366/1432/1235 1367/1433/1236 1365/1431/1234 1364/1430/1233 
f 1367/1433/1236 1299/1361/1173 1298/1360/1172 1365/1431/1234 
f 1368/1434/1237 1369/1435/1238 1367/1433/1236 1366/1432/1235 
f 1369/1435/1238 1301/1363/1174 1299/1361/1173 1367/1433/1236 
f 1310/1372/1179 1308/1370/1177 1369/1435/1238 1368/1434/1237 
f 1366/1432/1235 1370/1436/1239 1371/1437/1240 1368/1434/1237 
f 1370/1438/1239 1372/1439/1241 1373/1440/1242 1371/1441/1240 
f 1372/1439/1241 1374/1442/1243 1375/1443/1244 1373/1440/1242 
f 1374/1442/1243 1376/1444/1245 1377/1445/1246 1375/1443/1244 
f 1376/1444/1245 1378/1446/1247 1379/1447/1248 1377/1445/1246 
f 1378/1446/1247 1328/1392/1197 1326/1390/1195 1379/1447/1248 
f 1380/1448/1249 1381/1449/1250 1378/1446/1247 1376/1444/1245 
f 1381/1449/1250 1330/1394/1199 1328/1392/1197 1378/1446/1247 
f 1380/1450/1249 1382/1451/1251 1383/1452/1252 1381/1449/1250 
f 1383/1452/1252 1332/1396/1201 1330/1394/1199 1381/1449/1250 
f 1384/1453/1253 1385/1454/1254 1383/1452/1252 1382/1451/1251 
f 1385/1454/1254 1386/1455/1255 1332/1396/1201 1383/1452/1252 
f 1387/1456/1256 1388/1457/1257 1386/1455/1255 1385/1454/1254 
f 1388/1457/1257 1337/1401/1206 1335/1399/1204 1386/1455/1255 
f 1345/1409/1214 1343/1407/1212 1388/1457/1257 1387/1456/1256 
f 1385/1454/1254 1384/1453/1253 1389/1458/1258 1387/1456/1256 
f 1347/1411/1216 1345/1409/1214 1387/1456/1256 1389/1458/1258 
f 1384/1453/1253 1390/1459/1259 1391/1460/1260 1389/1458/1258 
f 1390/1459/1259 1392/1461/1261 1393/1462/1262 1391/1460/1260 
f 1392/1461/1261 1359/1463/1228 1357/1464/1226 1393/1462/1262 
f 1394/1465/1263 1395/1466/1264 1392/1461/1261 1390/1459/1259 
f 1392/1461/1261 1395/1466/1264 1361/1467/1230 1359/1463/1228 
f 1396/1468/1265 1397/1469/1266 1395/1466/1264 1394/1465/1263 
f 1397/1469/1266 1363/1470/1232 1361/1471/1230 1395/1466/1264 
f 1374/1442/1243 1372/1439/1241 1397/1469/1266 1396/1468/1265 
f 1394/1465/1263 1382/1451/1251 1380/1448/1249 1396/1468/1265 
f 1390/1459/1259 1384/1453/1253 1382/1451/1251 1394/1465/1263 
f 1351/1415/1220 1349/1413/1218 1391/1460/1260 1393/1462/1262 
f 1349/1413/1218 1347/1411/1216 1389/1458/1258 1391/1460/1260 
f 1376/1444/1245 1374/1442/1243 1396/1468/1265 1380/1448/1249 
f 1320/1384/1189 1318/1382/1187 1377/1445/1246 1379/1447/1248 
f 1318/1382/1187 1316/1380/1185 1375/1443/1244 1377/1445/1246 
f 1372/1439/1241 1370/1438/1239 1363/1470/1232 1397/1469/1266 
f 1316/1380/1185 1314/1377/1183 1373/1440/1242 1375/1443/1244 
f 1314/1377/1183 1312/1376/1181 1371/1441/1240 1373/1440/1242 
f 1312/1374/1181 1310/1372/1179 1368/1434/1237 1371/1437/1240 
f 1364/1430/1233 1363/1429/1232 1370/1436/1239 1366/1432/1235 
f 1353/1417/1222 1351/1415/1220 1393/1462/1262 1357/1464/1226 
f 1278/1339/1156 1276/1338/1154 1354/1422/1223 1356/1421/1225 
f 1276/1336/1154 1274/1334/1152 1352/1416/1221 1354/1418/1223 
f 1274/1334/1152 1272/1332/1150 1350/1414/1219 1352/1416/1221 
f 1272/1332/1150 1270/1330/1148 1348/1412/1217 1350/1414/1219 
f 1270/1330/1148 1268/1328/1146 1346/1410/1215 1348/1412/1217 
f 1343/1407/1212 1339/1403/1208 1337/1401/1206 1388/1457/1257 
f 1268/1328/1146 1266/1326/1144 1344/1408/1213 1346/1410/1215 
f 1266/1326/1144 1264/1324/1142 1341/1405/1210 1344/1408/1213 
f 1333/1397/1202 1332/1396/1201 1386/1455/1255 1335/1399/1204 
f 1322/1386/1191 1320/1384/1189 1379/1447/1248 1326/1390/1195 
f 1231/1291/1109 1229/1289/1107 1323/1387/1192 1325/1389/1194 
f 1229/1289/1107 1227/1287/1105 1321/1385/1190 1323/1387/1192 
f 1227/1287/1105 1225/1285/1103 1319/1383/1188 1321/1385/1190 
f 1225/1285/1103 1223/1283/1101 1317/1381/1186 1319/1383/1188 
f 1223/1283/1101 1221/1280/1099 1315/1378/1184 1317/1381/1186 
f 1221/1280/1099 1219/1279/1097 1313/1379/1182 1315/1378/1184 
f 1219/1277/1097 1217/1275/1095 1311/1373/1180 1313/1375/1182 
f 1308/1370/1177 1303/1365/1175 1301/1363/1174 1369/1435/1238 
f 1217/1275/1095 1215/1273/1093 1309/1371/1178 1311/1373/1180 
f 1215/1273/1093 1212/1270/1091 1307/1369/1176 1309/1371/1178 
f 1295/1357/1171 1294/1356/1170 1365/1431/1234 1298/1360/1172 
f 1280/1342/1158 1278/1339/1156 1356/1421/1225 1284/1346/1162 
f 1189/1247/1086 1187/1245/1084 1281/1343/1159 1283/1345/1161 
f 1187/1245/1084 1185/1242/1082 1279/1340/1157 1281/1343/1159 
f 1185/1242/1082 1183/1241/1080 1277/1341/1155 1279/1340/1157 
f 1183/1239/1080 1181/1237/1078 1275/1335/1153 1277/1337/1155 
f 1181/1237/1078 1179/1235/1076 1273/1333/1151 1275/1335/1153 
f 1179/1235/1076 1177/1233/1074 1271/1331/1149 1273/1333/1151 
f 1177/1233/1074 1175/1231/1072 1269/1329/1147 1271/1331/1149 
f 1175/1231/1072 1173/1229/1070 1267/1327/1145 1269/1329/1147 
f 1173/1229/1070 1171/1227/1068 1265/1325/1143 1267/1327/1145 
f 1262/1322/1140 1258/1318/1136 1256/1316/1134 1342/1406/1211 
f 1171/1227/1068 1169/1225/1066 1263/1323/1141 1265/1325/1143 
f 1169/1225/1066 1167/1223/1064 1260/1320/1138 1263/1323/1141 
f 1246/1306/1124 1245/1305/1123 1334/1398/1203 1248/1308/1126 
f 1233/1293/1111 1231/1291/1109 1325/1389/1194 1237/1297/1115 
f 1126/1182/1023 1124/1180/1021 1234/1294/1112 1236/1296/1114 
f 1124/1180/1021 1122/1178/1019 1232/1292/1110 1234/1294/1112 
f 1122/1178/1019 1120/1176/1017 1230/1290/1108 1232/1292/1110 
f 1120/1176/1017 1118/1174/1015 1228/1288/1106 1230/1290/1108 
f 1118/1174/1015 1116/1172/1013 1226/1286/1104 1228/1288/1106 
f 1116/1172/1013 1114/1170/1011 1224/1284/1102 1226/1286/1104 
f 1114/1170/1011 1112/1167/1009 1222/1281/1100 1224/1284/1102 
f 1112/1167/1009 1110/1166/1007 1220/1282/1098 1222/1281/1100 
f 1110/1164/1007 1108/1162/1005 1218/1276/1096 1220/1278/1098 
f 1108/1162/1005 1106/1160/1003 1216/1274/1094 1218/1276/1096 
f 1106/1160/1003 1104/1158/1001 1213/1271/1092 1216/1274/1094 
f 1104/1158/1001 1101/1154/856 1214/1272/864 1213/1271/1092 
f 1097/1150/999 1210/1268/577 1209/1267/573 1099/1152/573 
f 1297/1359/857 1205/1263/610 1201/1259/610 1296/1358/577 
f 1297/1359/857 1296/1358/577 1295/1357/1171 1298/1360/1172 
f 670/706/574 668/704/574 1198/1256/577 1200/1258/577 
f 668/704/574 666/702/574 1196/1254/577 1198/1256/577 
f 666/702/574 664/700/574 1194/1252/576 1196/1254/577 
f 1191/1249/860 1189/1247/1086 1283/1345/1161 1193/1251/577 
f 664/700/574 662/698/577 1192/1250/576 1194/1252/576 
f 662/698/577 660/696/607 1190/1248/1087 1192/1250/576 
f 660/696/607 658/694/605 1188/1246/1085 1190/1248/1087 
f 658/694/605 656/691/603 1186/1243/1083 1188/1246/1085 
f 656/691/603 654/690/601 1184/1244/1081 1186/1243/1083 
f 654/688/601 652/686/599 1182/1238/1079 1184/1240/1081 
f 652/686/599 650/684/597 1180/1236/1077 1182/1238/1079 
f 650/684/597 648/682/595 1178/1234/1075 1180/1236/1077 
f 648/682/595 646/680/593 1176/1232/1073 1178/1234/1075 
f 646/680/593 644/678/591 1174/1230/1071 1176/1232/1073 
f 644/678/591 642/676/589 1172/1228/1069 1174/1230/1071 
f 642/676/589 640/674/587 1170/1226/1067 1172/1228/1069 
f 640/674/587 638/672/585 1168/1224/1065 1170/1226/1067 
f 1165/1221/1062 1161/1217/1058 1159/1215/1056 1261/1321/1139 
f 638/672/585 636/670/583 1166/1222/1063 1168/1224/1065 
f 636/670/583 635/669/582 1163/1219/1060 1166/1222/1063 
f 1143/1199/1040 1142/1198/1039 1247/1307/1125 1145/1201/1042 
f 1128/1184/1025 1126/1182/1023 1236/1296/1114 1132/1188/1029 
f 1398/1472/1267 1399/1473/1268 1129/1185/1026 1131/1187/1028 
f 1400/1474/1269 1401/1475/1270 1399/1473/1268 1398/1472/1267 
f 1401/1475/1270 1402/1476/1271 1403/1477/1272 1399/1473/1268 
f 1402/1476/1271 1404/1478/1273 1405/1479/1274 1403/1477/1272 
f 1404/1478/1273 1406/1480/1275 1407/1481/1276 1405/1479/1274 
f 1406/1480/1275 1408/1482/1277 1409/1483/1278 1407/1481/1276 
f 1408/1482/1277 1410/1484/1279 1411/1485/1280 1409/1483/1278 
f 1410/1484/1279 1412/1486/1281 1413/1487/1282 1411/1485/1280 
f 1412/1486/1281 1414/1488/1283 1415/1489/1284 1413/1487/1282 
f 1414/1488/1283 1416/1490/1285 1417/1491/1286 1415/1489/1284 
f 1416/1490/1285 1418/1492/1287 1419/1493/1288 1417/1491/1286 
f 1418/1494/1287 1420/1495/1289 1421/1496/1290 1419/1497/1288 
f 1420/1495/1289 1422/1498/1291 1423/1499/1292 1421/1496/1290 
f 1422/1498/1291 1424/1500/1293 1425/1501/1294 1423/1499/1292 
f 1424/1500/1293 1426/1502/1295 1103/1156/1000 1425/1501/1294 
f 1424/1500/1293 1427/1503/1296 436/461/389 1428/1504/1297 
f 436/461/389 439/464/392 1428/1504/1297 
f 1428/1504/1297 938/981/862 937/980/854 1424/1500/1293 
f 1426/1502/1295 1424/1500/1293 937/980/854 
f 1424/1500/1293 1422/1498/1291 1429/1505/1298 1427/1503/1296 
f 437/462/390 436/461/389 1427/1503/1296 1429/1505/1298 
f 1102/1155/856 1105/1159/1002 1425/1501/1294 1103/1156/1000 
f 1422/1498/1291 1420/1495/1289 1430/1506/1299 1429/1505/1298 
f 440/465/393 437/462/390 1429/1505/1298 1430/1506/1299 
f 1105/1159/1002 1107/1161/1004 1423/1499/1292 1425/1501/1294 
f 1420/1495/1289 1418/1494/1287 1431/1507/1300 1430/1506/1299 
f 442/467/395 440/465/393 1430/1506/1299 1431/1507/1300 
f 1107/1161/1004 1109/1163/1006 1421/1496/1290 1423/1499/1292 
f 1418/1492/1287 1416/1490/1285 1432/1508/1301 1431/1509/1300 
f 444/470/397 442/469/395 1431/1509/1300 1432/1508/1301 
f 1109/1163/1006 1111/1165/1008 1419/1497/1288 1421/1496/1290 
f 1416/1490/1285 1414/1488/1283 1433/1510/1302 1432/1508/1301 
f 446/473/399 444/470/397 1432/1508/1301 1433/1510/1302 
f 1111/1169/1008 1113/1168/1010 1417/1491/1286 1419/1493/1288 
f 1414/1488/1283 1412/1486/1281 1434/1511/1303 1433/1510/1302 
f 448/475/401 446/473/399 1433/1510/1302 1434/1511/1303 
f 1113/1168/1010 1115/1171/1012 1415/1489/1284 1417/1491/1286 
f 1412/1486/1281 1410/1484/1279 1435/1512/1304 1434/1511/1303 
f 450/477/403 448/475/401 1434/1511/1303 1435/1512/1304 
f 1115/1171/1012 1117/1173/1014 1413/1487/1282 1415/1489/1284 
f 1410/1484/1279 1408/1482/1277 1436/1513/1305 1435/1512/1304 
f 452/479/405 450/477/403 1435/1512/1304 1436/1513/1305 
f 1117/1173/1014 1119/1175/1016 1411/1485/1280 1413/1487/1282 
f 1408/1482/1277 1406/1480/1275 1437/1514/1306 1436/1513/1305 
f 454/481/407 452/479/405 1436/1513/1305 1437/1514/1306 
f 1119/1175/1016 1121/1177/1018 1409/1483/1278 1411/1485/1280 
f 1406/1480/1275 1404/1478/1273 1438/1515/1307 1437/1514/1306 
f 456/483/409 454/481/407 1437/1514/1306 1438/1515/1307 
f 1121/1177/1018 1123/1179/1020 1407/1481/1276 1409/1483/1278 
f 1404/1478/1273 1402/1476/1271 1439/1516/1308 1438/1515/1307 
f 458/485/411 456/483/409 1438/1515/1307 1439/1516/1308 
f 1123/1179/1020 1125/1181/1022 1405/1479/1274 1407/1481/1276 
f 1402/1476/1271 1401/1475/1270 1440/1517/1309 1439/1516/1308 
f 460/487/413 458/485/411 1439/1516/1308 1440/1517/1309 
f 1125/1181/1022 1127/1183/1024 1403/1477/1272 1405/1479/1274 
f 1401/1475/1270 1400/1474/1269 1441/1518/1310 1440/1517/1309 
f 462/489/415 460/487/413 1440/1517/1309 1441/1518/1310 
f 1127/1183/1024 1129/1185/1026 1399/1473/1268 1403/1477/1272 
f 1400/1474/1269 473/500/426 470/497/423 1441/1518/1310 
f 1398/1472/1267 476/503/429 473/500/426 1400/1474/1269 
f 1131/1187/1028 479/506/432 476/503/429 1398/1472/1267 
f 1101/1154/856 1098/1151/864 1100/1153/864 1214/1272/864 
f 1100/1153/864 1099/1152/573 1208/1266/573 1305/1367/999 
f 1303/1365/1175 1307/1369/1176 1306/1368/857 1304/1366/859 
f 1304/1366/859 1306/1368/857 1211/1269/999 1305/1367/999 
f 1305/1367/999 1211/1269/999 1214/1272/864 1100/1153/864 
f 1095/1148/864 936/979/856 934/977/610 1096/1149/573 
f 1210/1268/577 1097/1150/999 1096/1149/573 1094/1147/610 
f 1096/1149/573 934/977/610 932/975/859 1094/1147/610 
f 674/710/577 670/706/574 1200/1258/577 1290/1352/577 
f 1200/1258/577 1199/1257/577 1290/1352/577 
f 1290/1352/577 1293/1355/577 1204/1262/1090 1203/1261/1089 
f 674/710/577 1290/1352/577 1203/1261/1089 1088/1141/610 
f 674/710/577 1088/1141/610 672/708/573 
f 671/707/573 627/659/574 629/661/577 669/705/577 
f 669/705/577 629/661/577 631/663/576 667/703/574 
f 4/4/4 3/3/3 659/695/606 661/697/608 
f 3/3/3 6/6/6 657/692/604 659/695/606 
f 6/6/6 8/8/8 655/693/602 657/692/604 
f 8/1519/8 10/1520/10 653/687/600 655/689/602 
f 10/1520/10 12/1521/12 651/685/598 653/687/600 
f 12/1521/12 14/1522/14 649/683/596 651/685/598 
f 14/1522/14 16/1523/16 647/681/594 649/683/596 
f 16/1523/16 18/1524/18 645/679/592 647/681/594 
f 18/1524/18 20/1525/20 643/677/590 645/679/592 
f 20/1525/20 22/1526/22 641/675/588 643/677/590 
f 22/1526/22 24/1527/24 639/673/586 641/675/588 
f 24/1527/24 26/1528/26 637/671/584 639/673/586 
f 26/1528/26 28/666/28 633/665/580 637/671/584 
f 634/668/581 534/561/487 531/558/484 1164/1220/1061 
f 632/664/579 537/564/490 534/561/487 634/668/581 
f 30/667/30 32/567/32 537/564/490 632/664/579 
f 4/4/4 661/697/608 663/699/575 1442/1529/1311 
f 665/701/609 667/703/574 631/663/576 663/699/575 
f 663/699/575 631/663/576 630/662/578 1442/1529/1311 
f 630/662/578 434/459/130 1442/1529/1311 
f 4/4/4 1442/1529/1311 1/1/1 
f 1442/1529/1311 434/459/130 140/144/135 143/147/135 
f 143/147/135 145/149/138 1/1/1 1442/1529/1311 
f 134/138/130 628/660/576 626/658/575 133/137/129 
f 623/655/571 1020/1067/934 1019/1066/934 620/652/571 
f 97/99/97 586/616/539 95/97/95 94/96/94 
f 498/525/451 497/524/450 1144/1200/1041 500/527/453 
f 464/491/417 462/489/415 1441/1518/1310 470/497/423 
f 747/787/680 745/785/678 465/492/418 467/494/420 
f 745/785/678 743/783/676 463/490/416 465/492/418 
f 743/783/676 741/781/674 461/488/414 463/490/416 
f 741/781/674 739/779/672 459/486/412 461/488/414 
f 739/779/672 737/777/670 457/484/410 459/486/412 
f 737/777/670 735/775/668 455/482/408 457/484/410 
f 735/775/668 733/773/666 453/480/406 455/482/408 
f 733/773/666 731/771/664 451/478/404 453/480/406 
f 731/771/664 729/769/662 449/476/402 451/478/404 
f 729/769/662 727/767/660 447/474/400 449/476/402 
f 727/767/660 725/764/658 445/471/398 447/474/400 
f 725/764/658 723/763/656 443/472/396 445/471/398 
f 723/761/656 721/759/654 441/466/394 443/468/396 
f 721/759/654 719/757/652 438/463/391 441/466/394 
f 719/757/652 717/755/650 439/464/392 438/463/391 
f 717/755/650 716/754/649 1428/1504/1297 439/464/392 
f 716/754/649 715/753/647 938/981/862 1428/1504/1297 
f 937/980/854 936/979/856 1103/1156/1000 1426/1502/1295 
f 927/970/858 931/974/647 712/750/648 711/749/647 
f 926/969/858 925/968/857 1087/1139/857 928/971/859 
f 1087/1139/857 940/983/864 627/659/574 673/1140/610 
f 673/1140/610 1089/1142/610 928/971/859 1087/1139/857 
f 709/747/645 707/745/643 920/963/853 922/965/855 
f 707/745/643 705/743/641 918/961/851 920/963/853 
f 705/743/641 703/740/639 916/958/849 918/961/851 
f 703/740/639 701/739/637 914/959/847 916/958/849 
f 701/737/637 699/735/635 912/953/845 914/955/847 
f 699/735/635 697/733/633 910/951/843 912/953/845 
f 697/733/633 695/731/631 908/949/841 910/951/843 
f 695/731/631 693/729/629 906/947/839 908/949/841 
f 693/729/629 691/727/627 904/945/837 906/947/839 
f 691/727/627 689/725/625 902/943/835 904/945/837 
f 689/725/625 687/723/623 900/941/833 902/943/835 
f 687/723/623 685/721/621 898/939/831 900/941/833 
f 685/721/621 683/719/619 896/937/829 898/939/831 
f 683/719/619 681/717/617 894/935/827 896/937/829 
f 681/717/617 679/715/615 892/933/825 894/935/827 
f 889/930/822 882/923/815 879/920/812 979/1024/898 
f 679/715/615 676/712/612 890/931/823 892/933/825 
f 676/712/612 675/711/611 885/926/818 890/931/823 
f 585/615/538 584/614/537 587/617/540 853/894/786 
f 587/617/540 855/896/788 853/894/786 
f 776/816/709 496/523/449 499/526/452 503/530/456 
f 749/789/682 747/787/680 467/494/420 469/496/422 
f 1443/1530/1312 1444/1531/1313 678/714/614 750/790/683 
f 752/792/685 1443/1530/1312 750/790/683 
f 1445/1532/1314 888/929/821 675/711/611 678/714/614 
f 1444/1531/1313 1445/1532/1314 678/714/614 
f 678/714/614 677/713/613 748/788/681 750/790/683 
f 677/713/613 680/716/616 746/786/679 748/788/681 
f 680/716/616 682/718/618 744/784/677 746/786/679 
f 682/718/618 684/720/620 742/782/675 744/784/677 
f 684/720/620 686/722/622 740/780/673 742/782/675 
f 686/722/622 688/724/624 738/778/671 740/780/673 
f 688/724/624 690/726/626 736/776/669 738/778/671 
f 690/726/626 692/728/628 734/774/667 736/776/669 
f 692/728/628 694/730/630 732/772/665 734/774/667 
f 694/730/630 696/732/632 730/770/663 732/772/665 
f 696/732/632 698/734/634 728/768/661 730/770/663 
f 698/734/634 700/736/636 726/765/659 728/768/661 
f 700/736/636 702/738/638 724/766/657 726/765/659 
f 702/742/638 704/741/640 722/760/655 724/762/657 
f 704/741/640 706/744/642 720/758/653 722/760/655 
f 706/744/642 708/746/644 718/756/651 720/758/653 
f 708/746/644 710/748/646 714/752/646 718/756/651 
s 4
f 841/1533/774 842/1534/775 843/1535/776 839/1536/772 
f 758/1537/691 759/1538/692 760/1539/693 757/1540/690 
f 756/1541/689 757/1540/690 760/1539/693 755/1542/688 
f 754/1543/687 755/1542/688 760/1539/693 753/1544/686 
f 751/1545/684 753/1544/686 760/1539/693 761/1546/694 
f 751/1545/684 761/1546/694 762/1547/695 763/1548/696 
f 751/1545/684 763/1548/696 764/1549/697 765/1550/698 
f 751/1545/684 765/1550/698 766/1551/699 767/1552/700 
f 751/1545/684 767/1552/700 768/1553/701 769/1554/702 
f 751/1545/684 769/1554/702 770/1555/703 771/1556/704 
f 751/1545/684 771/1556/704 772/1557/705 773/1558/706 
f 751/1545/684 773/1558/706 774/1559/707 752/1560/685 
f 752/1560/685 774/1559/707 775/1561/708 778/1562/711 
f 752/1560/685 778/1562/711 777/1563/710 779/1564/712 
f 752/1560/685 779/1564/712 780/1565/713 781/1566/714 
f 752/1560/685 781/1566/714 782/1567/715 783/1568/716 
f 752/1560/685 783/1568/716 784/1569/717 785/1570/718 
f 752/1560/685 785/1570/718 786/1571/719 787/1572/720 
f 752/1560/685 787/1572/720 788/1573/721 789/1574/722 
f 752/1560/685 789/1574/722 790/1575/723 791/1576/724 
f 752/1560/685 791/1576/724 792/1577/725 793/1578/726 
f 752/1560/685 793/1578/726 794/1579/727 795/1580/728 
f 752/1560/685 795/1580/728 796/1581/729 797/1582/730 
f 752/1560/685 797/1582/730 798/1583/731 799/1584/732 
f 752/1560/685 799/1584/732 800/1585/733 801/1586/734 
f 752/1560/685 801/1586/734 802/1587/735 803/1588/736 
f 752/1560/685 803/1588/736 804/1589/737 805/1590/738 
f 752/1560/685 805/1590/738 806/1591/739 807/1592/740 
f 752/1560/685 807/1592/740 808/1593/741 809/1594/742 
f 752/1560/685 809/1594/742 810/1595/743 811/1596/744 
f 752/1560/685 811/1596/744 812/1597/745 813/1598/746 
f 1443/1599/1312 752/1560/685 813/1598/746 814/1600/747 
f 1444/1601/1313 1443/1599/1312 814/1600/747 1445/1602/1314 
f 888/1603/821 1445/1602/1314 814/1600/747 887/1604/820 
f 886/1605/819 887/1604/820 814/1600/747 884/1606/817 
f 883/1607/816 884/1606/817 814/1600/747 881/1608/814 
f 880/1609/813 881/1608/814 814/1600/747 878/1610/811 
f 877/1611/810 878/1610/811 814/1600/747 875/1612/808 
f 874/1613/807 875/1612/808 814/1600/747 872/1614/805 
f 871/1615/804 872/1614/805 814/1600/747 869/1616/802 
f 868/1617/801 869/1616/802 814/1600/747 866/1618/799 
f 865/1619/798 866/1618/799 814/1600/747 863/1620/796 
f 862/1621/795 863/1620/796 814/1600/747 860/1622/793 
f 859/1623/792 860/1622/793 814/1600/747 857/1624/790 
f 856/1625/789 857/1624/790 814/1600/747 854/1626/787 
f 855/1627/788 854/1626/787 814/1600/747 853/1628/786 
f 852/1629/785 853/1628/786 814/1600/747 851/1630/784 
f 851/1630/784 814/1600/747 815/1631/748 816/1632/749 
f 850/1633/783 851/1630/784 816/1632/749 849/1634/782 
f 849/1634/782 816/1632/749 817/1635/750 818/1636/751 
f 849/1634/782 818/1636/751 819/1637/752 820/1638/753 
f 849/1634/782 820/1638/753 821/1639/754 822/1640/755 
f 849/1634/782 822/1640/755 823/1641/756 824/1642/757 
f 849/1634/782 824/1642/757 825/1643/758 826/1644/759 
f 849/1634/782 826/1644/759 827/1645/760 848/1646/781 
f 848/1646/781 827/1645/760 828/1647/761 829/1648/762 
f 848/1646/781 829/1648/762 830/1649/763 831/1650/764 
f 848/1646/781 831/1650/764 832/1651/765 833/1652/766 
f 847/1653/780 848/1646/781 833/1652/766 834/1654/767 
f 847/1653/780 834/1654/767 835/1655/768 846/1656/779 
f 845/1657/778 846/1656/779 835/1655/768 844/1658/777 
f 843/1535/776 844/1658/777 835/1655/768 836/1659/769 
f 843/1535/776 836/1659/769 837/1660/770 838/1661/771 
f 843/1535/776 838/1661/771 839/1536/772 
f 841/1533/774 839/1536/772 840/1662/773 
# 1407 polygons - 72 triangles

#
# object Object002
#

v  -0.3418 -0.3265 0.2088
v  -0.3625 -0.3146 0.1941
v  -0.3654 -0.3200 0.1937
v  -0.3426 -0.3323 0.2096
v  -0.3400 -0.3275 0.2100
v  -0.3203 -0.3380 0.2203
v  -0.3211 -0.3435 0.2208
v  -0.3187 -0.3389 0.2212
v  -0.2998 -0.3486 0.2291
v  -0.3007 -0.3541 0.2294
v  -0.2982 -0.3494 0.2298
v  -0.2798 -0.3588 0.2375
v  -0.2808 -0.3645 0.2377
v  -0.2782 -0.3596 0.2381
v  -0.2601 -0.3693 0.2475
v  -0.2611 -0.3753 0.2479
v  -0.2584 -0.3702 0.2483
v  0.1710 -0.4636 -0.1574
v  0.1698 -0.4664 -0.1577
v  0.1605 -0.4579 -0.2006
v  0.1640 -0.4522 -0.1962
v  0.1633 -0.4512 -0.1999
v  0.1377 -0.5401 -0.1638
v  0.1284 -0.5323 -0.2067
v  0.1030 -0.6121 -0.1680
v  0.0938 -0.6049 -0.2106
v  0.0651 -0.6806 -0.1696
v  0.0559 -0.6741 -0.2116
v  0.0231 -0.7441 -0.1682
v  0.0140 -0.7383 -0.2093
v  -0.0118 -0.7785 -0.1916
v  -0.0145 -0.7757 -0.2062
v  -0.0073 -0.7836 -0.1656
v  -0.0065 -0.7853 -0.1531
v  0.0275 -0.7475 -0.1282
v  -0.0047 -0.7890 -0.1265
v  -0.0052 -0.7898 -0.1166
v  0.0271 -0.7483 -0.0918
v  -0.0066 -0.7918 -0.0911
v  -0.0081 -0.7918 -0.0840
v  0.0221 -0.7465 -0.0615
v  -0.0128 -0.7918 -0.0617
v  -0.0146 -0.7914 -0.0565
v  0.0141 -0.7431 -0.0356
v  -0.0217 -0.7899 -0.0367
v  -0.0234 -0.7894 -0.0328
v  0.0049 -0.7390 -0.0124
v  -0.0317 -0.7872 -0.0143
v  -0.5834 -0.5119 0.0203
v  -0.5716 -0.5210 0.0502
v  -0.5673 -0.5069 0.0515
v  -0.5830 -0.4979 0.0135
v  -0.5864 -0.5096 0.0128
v  -0.5952 -0.5017 -0.0194
v  -0.5943 -0.4913 -0.0249
v  -0.5969 -0.5002 -0.0253
v  -0.6023 -0.4940 -0.0581
v  -0.6012 -0.4872 -0.0618
v  -0.6030 -0.4933 -0.0619
v  -0.6044 -0.4893 -0.0934
v  -0.6035 -0.4857 -0.0952
v  -0.6045 -0.4890 -0.0952
v  -0.6013 -0.4877 -0.1228
v  -0.6010 -0.4869 -0.1232
v  -0.6013 -0.4877 -0.1232
v  -0.5993 -0.4879 -0.1307
v  -0.5948 -0.4884 -0.1477
v  -0.5950 -0.4883 -0.1471
v  -0.5729 -0.4278 -0.1473
v  -0.5656 -0.4314 -0.1694
v  -0.5874 -0.4899 -0.1687
v  -0.5869 -0.4900 -0.1701
v  -0.5589 -0.4349 -0.1905
v  -0.5803 -0.4913 -0.1895
v  -0.5798 -0.4913 -0.1916
v  -0.5543 -0.4373 -0.2122
v  -0.5754 -0.4915 -0.2108
v  -0.5747 -0.4915 -0.2140
v  -0.5496 -0.4397 -0.2348
v  -0.5703 -0.4917 -0.2332
v  -0.5688 -0.4920 -0.2374
v  -0.5421 -0.4436 -0.2586
v  -0.5624 -0.4933 -0.2567
v  -0.5594 -0.4942 -0.2622
v  -0.5294 -0.4503 -0.2838
v  -0.5492 -0.4973 -0.2817
v  -0.5435 -0.4994 -0.2888
v  -0.5090 -0.4610 -0.3107
v  -0.5282 -0.5051 -0.3084
v  -0.5194 -0.5086 -0.3169
v  -0.4821 -0.4751 -0.3376
v  -0.5008 -0.5161 -0.3352
v  -0.4886 -0.5213 -0.3445
v  -0.4501 -0.4918 -0.3629
v  -0.4681 -0.5300 -0.3603
v  -0.4528 -0.5367 -0.3694
v  -0.4141 -0.5105 -0.3847
v  -0.4316 -0.5461 -0.3822
v  -0.4138 -0.5543 -0.3898
v  -0.3754 -0.5304 -0.4016
v  -0.3926 -0.5641 -0.3990
v  -0.3736 -0.5731 -0.4047
v  -0.3364 -0.5505 -0.4134
v  -0.3533 -0.5827 -0.4108
v  -0.3344 -0.5919 -0.4143
v  -0.2992 -0.5698 -0.4202
v  -0.3160 -0.6008 -0.4178
v  -0.2985 -0.6095 -0.4187
v  -0.2662 -0.5874 -0.4220
v  -0.2828 -0.6174 -0.4198
v  -0.2683 -0.6249 -0.4181
v  -0.2397 -0.6022 -0.4189
v  -0.2559 -0.6313 -0.4169
v  -0.2436 -0.6379 -0.4134
v  -0.2176 -0.6149 -0.4125
v  -0.2336 -0.6432 -0.4108
v  -0.2225 -0.6493 -0.4064
v  -0.1980 -0.6262 -0.4045
v  -0.2139 -0.6540 -0.4032
v  -0.2031 -0.6599 -0.3988
v  -0.1790 -0.6368 -0.3968
v  -0.1950 -0.6644 -0.3956
v  -0.1836 -0.6705 -0.3923
v  -0.1586 -0.6473 -0.3910
v  -0.1751 -0.6751 -0.3897
v  -0.1632 -0.6814 -0.3863
v  -0.1369 -0.6580 -0.3849
v  -0.1541 -0.6863 -0.3833
v  -0.1421 -0.6929 -0.3786
v  -0.1141 -0.6692 -0.3764
v  -0.1323 -0.6983 -0.3744
v  -0.1202 -0.7052 -0.3674
v  -0.0902 -0.6811 -0.3631
v  -0.1097 -0.7112 -0.3607
v  -0.0976 -0.7184 -0.3505
v  -0.0654 -0.6940 -0.3430
v  -0.0864 -0.7251 -0.3402
v  -0.0752 -0.7321 -0.3274
v  -0.0411 -0.7070 -0.3168
v  -0.0638 -0.7394 -0.3136
v  -0.0542 -0.7458 -0.2991
v  -0.0189 -0.7193 -0.2853
v  -0.0434 -0.7531 -0.2818
v  -0.0359 -0.7585 -0.2663
v  -0.0000 -0.7300 -0.2492
v  -0.0264 -0.7654 -0.2457
v  -0.0216 -0.7695 -0.2300
v  0.0223 -0.6538 -0.2882
v  0.0417 -0.6652 -0.2520
v  0.0596 -0.5834 -0.2876
v  0.0794 -0.5953 -0.2513
v  0.0939 -0.5096 -0.2838
v  0.1138 -0.5221 -0.2476
v  0.1259 -0.4343 -0.2777
v  0.1459 -0.4471 -0.2415
v  0.0701 -0.4959 -0.3148
v  0.1020 -0.4202 -0.3085
v  0.0442 -0.4817 -0.3399
v  0.0762 -0.4058 -0.3334
v  0.0179 -0.4679 -0.3587
v  0.0499 -0.3920 -0.3521
v  -0.0072 -0.4556 -0.3706
v  0.0249 -0.3797 -0.3638
v  -0.0310 -0.4442 -0.3780
v  0.0013 -0.3685 -0.3711
v  -0.0533 -0.4336 -0.3832
v  -0.0209 -0.3581 -0.3763
v  -0.0741 -0.4234 -0.3887
v  -0.0413 -0.3482 -0.3818
v  -0.0931 -0.4131 -0.3968
v  -0.0601 -0.3382 -0.3899
v  -0.1125 -0.4024 -0.4056
v  -0.0792 -0.3278 -0.3987
v  -0.1343 -0.3904 -0.4130
v  -0.1006 -0.3163 -0.4062
v  -0.1606 -0.3767 -0.4171
v  -0.1264 -0.3031 -0.4104
v  -0.1934 -0.3607 -0.4159
v  -0.1587 -0.2879 -0.4094
v  -0.2306 -0.3432 -0.4095
v  -0.1952 -0.2713 -0.4031
v  -0.2698 -0.3251 -0.3978
v  -0.2338 -0.2542 -0.3917
v  -0.3089 -0.3074 -0.3810
v  -0.2723 -0.2375 -0.3752
v  -0.3456 -0.2909 -0.3592
v  -0.3087 -0.2221 -0.3535
v  -0.3822 -0.3592 -0.3628
v  -0.4153 -0.3436 -0.3374
v  -0.3787 -0.2762 -0.3339
v  -0.4174 -0.4264 -0.3641
v  -0.4502 -0.4101 -0.3387
v  -0.3453 -0.3767 -0.3848
v  -0.3806 -0.4446 -0.3862
v  -0.3059 -0.3953 -0.4018
v  -0.3413 -0.4641 -0.4031
v  -0.2662 -0.4143 -0.4136
v  -0.3017 -0.4838 -0.4150
v  -0.2287 -0.4327 -0.4202
v  -0.2641 -0.5027 -0.4217
v  -0.1955 -0.4494 -0.4215
v  -0.2308 -0.5200 -0.4233
v  -0.1689 -0.4636 -0.4176
v  -0.2040 -0.5346 -0.4197
v  -0.1468 -0.4759 -0.4104
v  -0.1818 -0.5472 -0.4128
v  -0.1271 -0.4870 -0.4018
v  -0.1621 -0.5585 -0.4045
v  -0.1079 -0.4974 -0.3937
v  -0.1429 -0.5690 -0.3965
v  -0.0870 -0.5079 -0.3882
v  -0.1221 -0.5796 -0.3909
v  -0.0646 -0.5187 -0.3828
v  -0.0998 -0.5904 -0.3853
v  -0.0408 -0.5301 -0.3753
v  -0.0763 -0.6018 -0.3773
v  -0.0157 -0.5425 -0.3631
v  -0.0516 -0.6140 -0.3648
v  0.0104 -0.5561 -0.3441
v  -0.0260 -0.6274 -0.3453
v  0.0361 -0.5700 -0.3187
v  -0.0008 -0.6409 -0.3195
v  -0.4779 -0.3964 -0.3116
v  -0.4433 -0.3306 -0.3102
v  -0.4991 -0.3860 -0.2844
v  -0.4649 -0.3208 -0.2830
v  -0.4283 -0.2549 -0.2798
v  -0.4067 -0.2640 -0.3069
v  -0.3749 -0.2027 -0.2996
v  -0.3726 -0.2032 -0.3021
v  -0.3965 -0.1988 -0.2755
v  -0.3991 -0.1986 -0.2715
v  -0.4422 -0.2495 -0.2543
v  -0.4125 -0.1975 -0.2504
v  -0.4148 -0.1976 -0.2453
v  -0.4510 -0.2466 -0.2302
v  -0.4231 -0.1981 -0.2266
v  -0.4252 -0.1986 -0.2206
v  -0.4569 -0.2450 -0.2072
v  -0.4310 -0.1997 -0.2039
v  -0.4334 -0.2002 -0.1971
v  -0.4627 -0.2434 -0.1851
v  -0.4386 -0.2013 -0.1821
v  -0.4421 -0.2014 -0.1744
v  -0.4707 -0.2407 -0.1636
v  -0.4484 -0.2017 -0.1609
v  -0.4527 -0.2019 -0.1518
v  -0.4791 -0.2378 -0.1411
v  -0.4588 -0.2021 -0.1386
v  -0.4630 -0.2028 -0.1271
v  -0.4863 -0.2359 -0.1159
v  -0.4680 -0.2036 -0.1137
v  -0.4712 -0.2056 -0.0985
v  -0.4904 -0.2359 -0.0864
v  -0.4742 -0.2073 -0.0844
v  -0.4751 -0.2114 -0.0638
v  -0.4896 -0.2389 -0.0507
v  -0.4758 -0.2143 -0.0490
v  -0.4736 -0.2207 -0.0237
v  -0.4840 -0.2448 -0.0113
v  -0.4725 -0.2242 -0.0098
v  -0.4666 -0.2329 0.0192
v  -0.4735 -0.2532 0.0298
v  -0.4642 -0.2365 0.0310
v  -0.4539 -0.2475 0.0621
v  -0.4582 -0.2640 0.0702
v  -0.4509 -0.2508 0.0713
v  -0.4357 -0.2639 0.1021
v  -0.4381 -0.2771 0.1079
v  -0.4324 -0.2667 0.1088
v  -0.4134 -0.2810 0.1378
v  -0.4148 -0.2914 0.1418
v  -0.4104 -0.2832 0.1425
v  -0.3891 -0.2978 0.1681
v  -0.3900 -0.3060 0.1707
v  -0.3865 -0.2995 0.1713
v  -0.3646 -0.3132 0.1921
v  -0.4221 -0.3665 0.1654
v  -0.3974 -0.3804 0.1883
v  -0.4521 -0.4266 0.1597
v  -0.4275 -0.4403 0.1824
v  -0.4785 -0.4859 0.1534
v  -0.4544 -0.4992 0.1758
v  -0.5016 -0.5440 0.1463
v  -0.4782 -0.5568 0.1682
v  -0.5028 -0.4721 0.1254
v  -0.5252 -0.5308 0.1188
v  -0.5258 -0.4589 0.0927
v  -0.5476 -0.5182 0.0869
v  -0.5460 -0.4470 0.0564
v  -0.5618 -0.4375 0.0175
v  -0.5206 -0.3864 0.0612
v  -0.5364 -0.3763 0.0215
v  -0.4908 -0.3253 0.0657
v  -0.5065 -0.3148 0.0255
v  -0.5002 -0.3987 0.0981
v  -0.4705 -0.3380 0.1031
v  -0.4768 -0.4124 0.1313
v  -0.4470 -0.3521 0.1367
v  -0.5173 -0.3068 -0.0152
v  -0.5475 -0.3687 -0.0187
v  -0.5233 -0.3014 -0.0544
v  -0.5539 -0.3637 -0.0573
v  -0.5798 -0.4258 -0.0598
v  -0.5731 -0.4304 -0.0219
v  -0.5555 -0.3615 -0.0923
v  -0.5817 -0.4240 -0.0942
v  -0.5522 -0.3622 -0.1214
v  -0.5788 -0.4250 -0.1228
v  -0.5458 -0.3648 -0.1463
v  -0.5380 -0.3682 -0.1687
v  -0.5140 -0.3014 -0.1443
v  -0.5058 -0.3046 -0.1668
v  -0.4982 -0.3076 -0.1882
v  -0.5308 -0.3716 -0.1900
v  -0.4928 -0.3095 -0.2103
v  -0.5258 -0.3737 -0.2120
v  -0.4871 -0.3115 -0.2333
v  -0.5205 -0.3760 -0.2349
v  -0.4786 -0.3148 -0.2575
v  -0.5124 -0.3797 -0.2590
v  -0.5208 -0.2991 -0.1192
v  -0.5245 -0.2987 -0.0897
v  -0.4566 -0.5684 0.1837
v  -0.4321 -0.5112 0.1915
v  -0.4363 -0.5792 0.1949
v  -0.4112 -0.5223 0.2027
v  -0.3835 -0.4638 0.2095
v  -0.4048 -0.4525 0.1983
v  -0.3531 -0.4041 0.2154
v  -0.3745 -0.3928 0.2042
v  -0.3631 -0.4745 0.2184
v  -0.3326 -0.4148 0.2242
v  -0.3434 -0.4852 0.2269
v  -0.3127 -0.4253 0.2326
v  -0.3238 -0.4961 0.2374
v  -0.2930 -0.4362 0.2430
v  -0.3028 -0.5078 0.2480
v  -0.2719 -0.4479 0.2534
v  -0.2400 -0.3867 0.2582
v  -0.2790 -0.5208 0.2567
v  -0.2479 -0.4607 0.2620
v  -0.2161 -0.3994 0.2667
v  -0.2196 -0.4752 0.2668
v  -0.1878 -0.4135 0.2715
v  -0.1854 -0.4918 0.2661
v  -0.1536 -0.4297 0.2708
v  -0.1478 -0.5096 0.2597
v  -0.1158 -0.4469 0.2644
v  -0.1090 -0.5276 0.2476
v  -0.0770 -0.4643 0.2524
v  -0.0715 -0.5451 0.2297
v  -0.0393 -0.4811 0.2347
v  -0.0377 -0.5611 0.2060
v  -0.0052 -0.4964 0.2113
v  -0.0081 -0.5752 0.1785
v  0.0247 -0.5098 0.1841
v  0.0166 -0.5868 0.1491
v  0.0497 -0.5208 0.1549
v  0.0358 -0.5956 0.1197
v  0.0692 -0.5289 0.1258
v  0.0489 -0.6011 0.0924
v  0.0825 -0.5339 0.0985
v  0.0580 -0.6044 0.0667
v  0.0918 -0.5367 0.0727
v  0.0652 -0.6066 0.0422
v  0.0991 -0.5385 0.0482
v  0.0725 -0.6088 0.0186
v  0.1066 -0.5402 0.0244
v  0.0820 -0.6120 -0.0046
v  0.1162 -0.5430 0.0010
v  0.0920 -0.6154 -0.0290
v  0.1264 -0.5459 -0.0236
v  0.1007 -0.6179 -0.0563
v  0.1352 -0.5479 -0.0511
v  0.1063 -0.6187 -0.0881
v  0.1409 -0.5480 -0.0833
v  0.1071 -0.6167 -0.1263
v  0.1418 -0.5454 -0.1218
v  0.0686 -0.6859 -0.0911
v  0.0693 -0.6846 -0.1286
v  0.0632 -0.6847 -0.0598
v  0.0548 -0.6817 -0.0331
v  0.0451 -0.6779 -0.0091
v  0.0359 -0.6742 0.0137
v  -0.0038 -0.7350 0.0098
v  0.0288 -0.6717 0.0370
v  -0.0104 -0.7322 0.0326
v  0.0219 -0.6691 0.0612
v  -0.0169 -0.7294 0.0564
v  0.0132 -0.6654 0.0868
v  -0.0251 -0.7254 0.0817
v  0.0004 -0.6595 0.1141
v  -0.0372 -0.7192 0.1087
v  -0.0183 -0.6502 0.1435
v  -0.0550 -0.7096 0.1380
v  -0.0934 -0.7649 0.1322
v  -0.0766 -0.7746 0.1034
v  -0.0782 -0.6972 0.1674
v  -0.1153 -0.7524 0.1613
v  -0.1061 -0.6824 0.1949
v  -0.1418 -0.7376 0.1885
v  -0.1383 -0.6656 0.2187
v  -0.1726 -0.7208 0.2120
v  -0.1743 -0.6474 0.2365
v  -0.2071 -0.7027 0.2295
v  -0.2117 -0.6288 0.2485
v  -0.2431 -0.6842 0.2413
v  -0.2481 -0.6105 0.2548
v  -0.2783 -0.6660 0.2474
v  -0.2812 -0.5936 0.2554
v  -0.3103 -0.6492 0.2478
v  -0.3087 -0.5789 0.2503
v  -0.3369 -0.6347 0.2426
v  -0.3320 -0.5659 0.2415
v  -0.3595 -0.6220 0.2338
v  -0.3526 -0.5543 0.2309
v  -0.3794 -0.6105 0.2231
v  -0.3718 -0.5434 0.2203
v  -0.3981 -0.5999 0.2125
v  -0.3912 -0.5329 0.2116
v  -0.4169 -0.5896 0.2038
v  -0.2510 -0.5355 0.2616
v  -0.2171 -0.5523 0.2609
v  -0.1799 -0.5705 0.2545
v  -0.1416 -0.5890 0.2424
v  -0.1046 -0.6070 0.2245
v  -0.0713 -0.6235 0.2007
v  -0.0424 -0.6380 0.1730
v  -0.3432 -0.2100 -0.3279
v  -0.3423 -0.2102 -0.3286
v  -0.5670 -0.5242 0.0588
v  -0.5527 -0.5343 0.0851
v  -0.5466 -0.5383 0.0940
v  -0.5311 -0.5485 0.1166
v  -0.5240 -0.5530 0.1250
v  -0.5082 -0.5629 0.1436
v  -0.5007 -0.5675 0.1508
v  -0.4856 -0.5766 0.1652
v  -0.4783 -0.5809 0.1706
v  -0.4646 -0.5889 0.1805
v  -0.4574 -0.5929 0.1845
v  -0.4448 -0.6000 0.1914
v  -0.4378 -0.6039 0.1947
v  -0.4259 -0.6106 0.2002
v  -0.4189 -0.6144 0.2035
v  -0.4074 -0.6208 0.2089
v  -0.4005 -0.6247 0.2130
v  -0.3890 -0.6312 0.2195
v  -0.3816 -0.6354 0.2236
v  -0.3693 -0.6423 0.2302
v  -0.3611 -0.6468 0.2336
v  -0.3469 -0.6546 0.2391
v  -0.3374 -0.6596 0.2411
v  -0.3205 -0.6685 0.2444
v  -0.3094 -0.6741 0.2444
v  -0.2886 -0.6846 0.2442
v  -0.2768 -0.6904 0.2422
v  -0.2535 -0.7017 0.2383
v  -0.2420 -0.7072 0.2347
v  -0.2172 -0.7189 0.2269
v  -0.2071 -0.7235 0.2219
v  -0.1819 -0.7349 0.2098
v  -0.1497 -0.7488 0.1869
v  -0.1740 -0.7383 0.2040
v  -0.1212 -0.7604 0.1602
v  -0.1441 -0.7510 0.1816
v  -0.0970 -0.7696 0.1316
v  -0.1178 -0.7617 0.1561
v  -0.0780 -0.7762 0.1032
v  -0.0955 -0.7701 0.1293
v  -0.0776 -0.7763 0.1024
v  -0.0691 -0.7789 0.0854
v  -0.0650 -0.7800 0.0772
v  -0.0648 -0.7801 0.0769
v  -0.0562 -0.7820 0.0535
v  -0.0557 -0.7821 0.0523
v  -0.0491 -0.7832 0.0311
v  -0.0485 -0.7833 0.0291
v  -0.0420 -0.7845 0.0096
v  -0.0411 -0.7847 0.0071
v  -0.0330 -0.7869 -0.0113
v  0.1727 -0.4705 -0.1288
v  0.1734 -0.4735 -0.1163
v  0.1734 -0.4736 -0.1156
v  0.1710 -0.4803 -0.0799
v  0.1708 -0.4808 -0.0774
v  0.1644 -0.4842 -0.0490
v  0.1635 -0.4846 -0.0454
v  0.1549 -0.4860 -0.0223
v  0.1533 -0.4862 -0.0181
v  0.1441 -0.4866 0.0016
v  0.1418 -0.4866 0.0063
v  0.1334 -0.4869 0.0240
v  0.1308 -0.4870 0.0294
v  0.1244 -0.4880 0.0466
v  0.1220 -0.4884 0.0529
v  0.1161 -0.4895 0.0697
v  0.1133 -0.4900 0.0772
v  0.1063 -0.4905 0.0936
v  0.1024 -0.4908 0.1026
v  0.0934 -0.4905 0.1185
v  0.0872 -0.4902 0.1294
v  0.0756 -0.4886 0.1446
v  0.0654 -0.4872 0.1580
v  0.0527 -0.4847 0.1712
v  0.0379 -0.4817 0.1865
v  0.0253 -0.4787 0.1969
v  0.0055 -0.4739 0.2132
v  -0.0061 -0.4705 0.2205
v  -0.0308 -0.4635 0.2361
v  -0.0703 -0.4506 0.2534
v  -0.0409 -0.4602 0.2405
v  -0.1105 -0.4362 0.2652
v  -0.0785 -0.4477 0.2558
v  -0.1493 -0.4212 0.2714
v  -0.1169 -0.4337 0.2662
v  -0.1842 -0.4066 0.2720
v  -0.1539 -0.4192 0.2715
v  -0.2130 -0.3934 0.2672
v  -0.1874 -0.4051 0.2715
v  -0.2372 -0.3813 0.2586
v  -0.2153 -0.3922 0.2664
v  -0.3281 -0.2140 -0.3387
v  -0.3073 -0.2196 -0.3533
v  -0.3059 -0.2200 -0.3541
v  -0.2691 -0.2312 -0.3744
v  -0.2653 -0.2324 -0.3760
v  -0.2290 -0.2446 -0.3906
v  -0.2235 -0.2465 -0.3922
v  -0.1892 -0.2589 -0.4017
v  -0.1828 -0.2614 -0.4028
v  -0.1519 -0.2734 -0.4077
v  -0.1454 -0.2761 -0.4079
v  -0.1191 -0.2870 -0.4086
v  -0.1134 -0.2896 -0.4076
v  -0.0930 -0.2990 -0.4042
v  -0.0880 -0.3015 -0.4024
v  -0.0713 -0.3098 -0.3966
v  -0.0668 -0.3121 -0.3945
v  -0.0522 -0.3197 -0.3877
v  -0.0476 -0.3221 -0.3857
v  -0.0334 -0.3294 -0.3796
v  -0.0284 -0.3318 -0.3782
v  -0.0130 -0.3392 -0.3741
v  -0.0075 -0.3418 -0.3728
v  0.0091 -0.3496 -0.3690
v  0.0148 -0.3524 -0.3672
v  0.0325 -0.3610 -0.3617
v  0.0384 -0.3642 -0.3589
v  0.0572 -0.3740 -0.3501
v  0.0632 -0.3774 -0.3458
v  0.0830 -0.3889 -0.3316
v  0.0885 -0.3923 -0.3262
v  0.1082 -0.4048 -0.3068
v  0.1312 -0.4211 -0.2763
v  0.1128 -0.4081 -0.3008
v  0.1501 -0.4368 -0.2405
v  0.1344 -0.4238 -0.2702
v  0.1519 -0.4387 -0.2351
v  -0.2391 -0.3804 0.2578
# 561 vertices

vn -0.0726 0.7216 0.6884
vn -0.1189 0.7291 0.6740
vn -0.5392 0.2170 0.8137
vn -0.4480 0.1614 0.8794
vn -0.0555 0.6932 0.7186
vn -0.0130 0.6867 0.7269
vn -0.3721 0.1176 0.9207
vn 0.0003 0.6686 0.7437
vn 0.0268 0.6645 0.7468
vn -0.3402 0.1004 0.9350
vn 0.0282 0.6644 0.7469
vn 0.0289 0.6636 0.7475
vn -0.3683 0.1175 0.9223
vn -0.5728 -0.5930 0.5660
vn -0.0103 0.6856 0.7279
vn -0.3884 0.1302 0.9123
vn -0.0057 0.6807 0.7325
vn 0.9274 0.3738 -0.0140
vn 0.9076 -0.3664 -0.2049
vn 0.8804 -0.3403 -0.3302
vn 0.9154 0.3995 -0.0504
vn 0.9122 0.3955 -0.1073
vn 0.8952 -0.3972 -0.2021
vn 0.8685 -0.3722 -0.3273
vn 0.8739 -0.4435 -0.1992
vn 0.8465 -0.4215 -0.3251
vn 0.8386 -0.5076 -0.1977
vn 0.8109 -0.4887 -0.3219
vn 0.7942 -0.5752 -0.1958
vn 0.7668 -0.5590 -0.3156
vn 0.1991 -0.9544 -0.2222
vn 0.2065 -0.9433 -0.2598
vn 0.2247 -0.9570 -0.1837
vn 0.2134 -0.9657 -0.1481
vn 0.8094 -0.5829 -0.0712
vn 0.2379 -0.9658 -0.1030
vn 0.2210 -0.9731 -0.0647
vn 0.8095 -0.5817 0.0799
vn 0.2457 -0.9693 -0.0014
vn 0.2169 -0.9751 0.0465
vn 0.7877 -0.5682 0.2379
vn 0.2297 -0.9677 0.1042
vn 0.1999 -0.9695 0.1421
vn 0.7573 -0.5507 0.3510
vn 0.2029 -0.9632 0.1763
vn 0.1837 -0.9631 0.1967
vn 0.7428 -0.5433 0.3912
vn 0.8969 0.2429 0.3695
vn -0.8750 -0.4348 0.2129
vn -0.8656 -0.4282 0.2594
vn -0.8477 0.2384 0.4740
vn -0.8922 0.2623 0.3676
vn -0.8916 -0.4120 0.1878
vn -0.8956 -0.4207 0.1446
vn -0.9233 0.2813 0.2615
vn -0.9098 -0.3979 0.1178
vn -0.9094 -0.4093 0.0741
vn -0.9442 0.2964 0.1434
vn -0.9223 -0.3842 0.0407
vn -0.9164 -0.4002 -0.0087
vn -0.9520 0.3061 -0.0088
vn -0.9272 -0.3699 -0.0587
vn -0.9103 -0.3957 -0.1216
vn -0.9364 0.3055 -0.1725
vn -0.9132 -0.3713 -0.1682
vn -0.9011 -0.3693 -0.2271
vn -0.8812 -0.3759 -0.2865
vn -0.8972 -0.3571 -0.2598
vn -0.8856 0.3532 -0.3017
vn -0.8718 0.3516 -0.3411
vn -0.8844 -0.3697 -0.2849
vn -0.8835 -0.3737 -0.2824
vn -0.8880 0.3629 -0.2825
vn -0.8912 -0.3817 -0.2452
vn -0.9073 -0.3646 -0.2094
vn -0.8994 0.3732 -0.2276
vn -0.9101 -0.3575 -0.2094
vn -0.3486 0.9322 -0.0976
vn -0.8846 0.3718 -0.2815
vn -0.9069 -0.3426 -0.2452
vn -0.8870 -0.3668 -0.2804
vn -0.8380 0.3549 -0.4144
vn -0.8769 -0.3430 -0.3368
vn -0.8394 -0.3827 -0.3860
vn -0.7544 0.3198 -0.5733
vn -0.8175 -0.3631 -0.4470
vn -0.7702 -0.4093 -0.4891
vn -0.6586 0.2781 -0.6992
vn -0.7481 -0.3978 -0.5311
vn -0.1357 0.8572 -0.4968
vn -0.5728 0.2398 -0.7838
vn -0.6881 -0.4257 -0.5876
vn -0.6554 -0.4569 -0.6015
vn -0.4871 0.1997 -0.8502
vn -0.6290 -0.4524 -0.6323
vn -0.5963 -0.4834 -0.6409
vn -0.3923 0.1530 -0.9070
vn -0.5636 -0.4818 -0.6710
vn -0.5279 -0.5158 -0.6747
vn -0.2961 0.1039 -0.9495
vn -0.4975 -0.5166 -0.6969
vn -0.4678 -0.5454 -0.6954
vn -0.2069 0.0577 -0.9767
vn -0.4371 -0.5475 -0.7136
vn -0.4100 -0.5747 -0.7083
vn -0.1133 0.0096 -0.9935
vn -0.3742 -0.5777 -0.7255
vn 0.2868 0.6573 -0.6969
vn 0.0039 -0.0495 -0.9988
vn -0.2948 -0.6125 -0.7334
vn 0.3879 0.6050 -0.6954
vn 0.1348 -0.1133 -0.9844
vn -0.2087 -0.6557 -0.7256
vn 0.4826 0.5565 -0.6763
vn 0.2381 -0.1613 -0.9578
vn -0.1437 -0.6937 -0.7058
vn 0.5433 0.5265 -0.6539
vn 0.2808 -0.1784 -0.9430
vn -0.1217 -0.7152 -0.6883
vn 0.5499 0.5261 -0.6487
vn 0.2450 -0.1565 -0.9568
vn -0.1511 -0.7129 -0.6848
vn -0.1646 -0.6927 -0.7022
vn 0.2050 -0.1377 -0.9690
vn -0.1667 -0.6964 -0.6980
vn -0.1623 -0.6946 -0.7008
vn 0.2351 -0.1633 -0.9582
vn -0.1388 -0.7075 -0.6929
vn -0.1196 -0.7222 -0.6812
vn 0.3181 -0.2234 -0.9214
vn -0.0786 -0.7413 -0.6666
vn -0.0525 -0.7664 -0.6403
vn 0.4266 -0.3014 -0.8527
vn -0.0055 -0.7876 -0.6162
vn 0.0181 -0.8149 -0.5794
vn 0.5237 -0.3748 -0.7651
vn 0.0530 -0.8325 -0.5514
vn 0.0679 -0.8522 -0.5188
vn 0.5987 -0.4349 -0.6726
vn 0.0989 -0.8672 -0.4881
vn 0.1083 -0.8840 -0.4548
vn 0.6635 -0.4864 -0.5685
vn 0.1403 -0.8965 -0.4202
vn 0.1443 -0.9124 -0.3830
vn 0.7223 -0.5297 -0.4446
vn 0.1802 -0.9225 -0.3414
vn 0.1776 -0.9379 -0.2979
vn 0.6960 -0.4122 -0.5879
vn 0.7626 -0.4571 -0.4578
vn 0.7255 -0.3424 -0.5970
vn 0.7965 -0.3876 -0.4640
vn 0.7447 -0.2912 -0.6005
vn 0.8178 -0.3366 -0.4668
vn 0.7561 -0.2571 -0.6019
vn 0.8297 -0.3030 -0.4688
vn 0.6616 -0.2432 -0.7093
vn 0.6724 -0.2097 -0.7099
vn 0.5673 -0.1916 -0.8009
vn 0.5775 -0.1598 -0.8006
vn 0.4521 -0.1323 -0.8821
vn 0.4620 -0.1029 -0.8809
vn 0.3313 -0.0731 -0.9407
vn 0.3412 -0.0466 -0.9388
vn 0.2476 -0.0330 -0.9683
vn 0.2577 -0.0090 -0.9662
vn 0.2303 -0.0244 -0.9728
vn 0.2419 -0.0023 -0.9703
vn 0.2974 -0.0563 -0.9531
vn 0.3122 -0.0353 -0.9494
vn 0.3595 -0.0878 -0.9290
vn 0.3773 -0.0676 -0.9236
vn 0.3298 -0.0762 -0.9410
vn 0.3492 -0.0562 -0.9354
vn 0.2248 -0.0287 -0.9740
vn 0.2437 -0.0081 -0.9698
vn 0.0784 0.0385 -0.9962
vn 0.0942 0.0600 -0.9937
vn -0.0556 0.1006 -0.9934
vn -0.0437 0.1224 -0.9915
vn -0.1589 0.1499 -0.9759
vn -0.1500 0.1715 -0.9737
vn -0.2528 0.1965 -0.9474
vn -0.2464 0.2176 -0.9444
vn -0.3497 0.2460 -0.9040
vn -0.3451 0.2662 -0.9000
vn -0.4422 0.2944 -0.8472
vn -0.4387 0.3134 -0.8422
vn -0.4507 0.2694 -0.8511
vn -0.5329 0.3129 -0.7862
vn -0.5243 0.3378 -0.7816
vn -0.4651 0.2380 -0.8527
vn -0.5488 0.2799 -0.7877
vn -0.3584 0.2209 -0.9071
vn -0.3719 0.1903 -0.9085
vn -0.2626 0.1711 -0.9496
vn -0.2764 0.1408 -0.9507
vn -0.1705 0.1245 -0.9775
vn -0.1860 0.0943 -0.9780
vn -0.0702 0.0754 -0.9947
vn -0.0888 0.0457 -0.9950
vn 0.0593 0.0140 -0.9981
vn 0.0353 -0.0148 -0.9993
vn 0.2019 -0.0523 -0.9780
vn 0.1731 -0.0800 -0.9817
vn 0.3063 -0.0995 -0.9467
vn 0.2769 -0.1273 -0.9524
vn 0.3384 -0.1119 -0.9343
vn 0.3130 -0.1414 -0.9392
vn 0.2814 -0.0819 -0.9561
vn 0.2640 -0.1143 -0.9577
vn 0.2195 -0.0525 -0.9742
vn 0.2105 -0.0892 -0.9735
vn 0.2390 -0.0646 -0.9689
vn 0.2336 -0.1074 -0.9664
vn 0.3226 -0.1097 -0.9402
vn 0.3164 -0.1599 -0.9350
vn 0.4415 -0.1741 -0.8802
vn 0.4309 -0.2320 -0.8721
vn 0.5539 -0.2379 -0.7978
vn 0.5371 -0.3018 -0.7877
vn 0.6452 -0.2926 -0.7057
vn 0.6218 -0.3605 -0.6953
vn -0.6326 0.3207 -0.7049
vn -0.6149 0.3556 -0.7039
vn -0.7268 0.3652 -0.5817
vn -0.7070 0.4019 -0.5819
vn -0.6963 0.4263 -0.5775
vn -0.6057 0.3804 -0.6989
vn -0.1849 0.9290 -0.3206
vn -0.1676 0.9131 -0.3717
vn -0.2353 0.9289 -0.2860
vn -0.2482 0.9455 -0.2107
vn -0.7767 0.4640 -0.4260
vn -0.2884 0.9416 -0.1737
vn -0.2891 0.9516 -0.1045
vn -0.8224 0.4828 -0.3010
vn -0.3108 0.9471 -0.0800
vn -0.3062 0.9512 -0.0385
vn -0.8362 0.4870 -0.2521
vn -0.3075 0.9508 -0.0391
vn -0.3061 0.9512 -0.0388
vn -0.8216 0.4807 -0.3064
vn -0.8850 -0.2879 -0.3659
vn -0.2863 0.9515 -0.1131
vn -0.8038 0.4725 -0.3614
vn -0.2867 0.9511 -0.1147
vn -0.2862 0.9513 -0.1150
vn -0.8190 0.4770 -0.3189
vn -0.3082 0.9466 -0.0941
vn -0.3041 0.9511 -0.0538
vn -0.8513 0.4861 -0.1976
vn -0.3369 0.9414 -0.0146
vn -0.3227 0.9451 0.0511
vn -0.8732 0.4863 -0.0304
vn -0.3531 0.9302 0.0999
vn -0.3264 0.9298 0.1698
vn -0.8719 0.4733 0.1255
vn -0.3446 0.9154 0.2081
vn -0.3181 0.9128 0.2562
vn -0.8561 0.4532 0.2485
vn -0.3310 0.8976 0.2912
vn -0.3032 0.8938 0.3303
vn -0.8292 0.4268 0.3610
vn -0.3128 0.8762 0.3666
vn -0.2810 0.8713 0.4024
vn -0.7876 0.3916 0.4757
vn -0.2868 0.8490 0.4439
vn -0.2473 0.8423 0.4789
vn -0.7349 0.3509 0.5804
vn -0.2485 0.8211 0.5138
vn -0.2125 0.8150 0.5390
vn -0.6794 0.3104 0.6649
vn -0.2101 0.7939 0.5705
vn -0.1755 0.7882 0.5899
vn -0.6177 0.2678 0.7395
vn -0.1692 0.7650 0.6215
vn -0.1322 0.7589 0.6376
vn -0.6222 0.2526 0.7410
vn -0.5435 0.2043 0.8142
vn -0.6349 0.2249 0.7391
vn -0.5554 0.1806 0.8117
vn -0.6528 0.1907 0.7331
vn -0.5728 0.1508 0.8057
vn -0.6716 0.1574 0.7240
vn -0.5918 0.1207 0.7970
vn -0.7171 0.2228 0.6604
vn -0.7352 0.1859 0.6518
vn -0.7755 0.2528 0.5785
vn -0.7927 0.2120 0.5715
vn -0.8314 0.2834 0.4779
vn -0.8764 0.3109 0.3678
vn -0.8123 0.3310 0.4802
vn -0.8567 0.3620 0.3674
vn -0.7957 0.3700 0.4795
vn -0.8388 0.4038 0.3653
vn -0.7567 0.2960 0.5829
vn -0.7415 0.3313 0.5834
vn -0.6987 0.2614 0.6659
vn -0.6848 0.2930 0.6672
vn -0.8671 0.4292 0.2528
vn -0.8864 0.3858 0.2559
vn -0.8843 0.4486 0.1295
vn -0.9050 0.4041 0.1332
vn -0.9268 0.3495 0.1375
vn -0.9070 0.3325 0.2584
vn -0.9091 0.4158 -0.0230
vn -0.9326 0.3605 -0.0171
vn -0.8895 0.4153 -0.1903
vn -0.9147 0.3604 -0.1829
vn -0.8587 0.4073 -0.3111
vn -0.8439 0.4045 -0.3525
vn -0.8347 0.4509 -0.3160
vn -0.8197 0.4469 -0.3583
vn -0.8368 0.4562 -0.3028
vn -0.8604 0.4148 -0.2960
vn -0.8502 0.4638 -0.2490
vn -0.8728 0.4238 -0.2420
vn -0.8356 0.4599 -0.3004
vn -0.8577 0.4210 -0.2951
vn -0.7889 0.4405 -0.4284
vn -0.8103 0.4026 -0.4258
vn -0.8663 0.4601 -0.1946
vn -0.8871 0.4609 -0.0269
vn -0.5017 0.0789 0.8614
vn -0.4820 0.1060 0.8697
vn -0.4296 0.0467 0.9018
vn -0.4088 0.0712 0.9099
vn -0.3908 0.0935 0.9157
vn -0.4647 0.1316 0.8756
vn -0.3782 0.1100 0.9192
vn -0.4529 0.1514 0.8786
vn -0.3606 0.0800 0.9293
vn -0.3473 0.0944 0.9330
vn -0.3887 0.0988 0.9160
vn -0.3753 0.1123 0.9201
vn -0.4075 0.1127 0.9062
vn -0.3946 0.1254 0.9103
vn -0.3548 0.0869 0.9309
vn -0.3429 0.0985 0.9342
vn -0.3375 0.1029 0.9357
vn -0.2443 0.0299 0.9692
vn -0.2338 0.0406 0.9714
vn -0.2292 0.0450 0.9723
vn -0.0904 -0.0342 0.9953
vn -0.0864 -0.0295 0.9958
vn 0.0457 -0.1036 0.9936
vn 0.0491 -0.0980 0.9940
vn 0.1591 -0.1605 0.9741
vn 0.1623 -0.1535 0.9747
vn 0.2687 -0.2149 0.9389
vn 0.2720 -0.2059 0.9400
vn 0.3866 -0.2727 0.8810
vn 0.3902 -0.2608 0.8830
vn 0.4969 -0.3264 0.8041
vn 0.5018 -0.3110 0.8071
vn 0.5860 -0.3689 0.7214
vn 0.5930 -0.3504 0.7250
vn 0.6626 -0.4038 0.6308
vn 0.6722 -0.3823 0.6340
vn 0.7349 -0.4339 0.5211
vn 0.7477 -0.4093 0.5229
vn 0.7938 -0.4549 0.4037
vn 0.8091 -0.4272 0.4036
vn 0.8269 -0.4642 0.3174
vn 0.8436 -0.4342 0.3158
vn 0.8350 -0.4655 0.2935
vn 0.8524 -0.4343 0.2911
vn 0.8176 -0.4593 0.3472
vn 0.8353 -0.4289 0.3441
vn 0.8013 -0.4523 0.3915
vn 0.8190 -0.4229 0.3880
vn 0.8186 -0.4561 0.3491
vn 0.8367 -0.4252 0.3451
vn 0.8536 -0.4644 0.2361
vn 0.8726 -0.4299 0.2318
vn 0.8809 -0.4666 0.0793
vn 0.9009 -0.4275 0.0753
vn 0.8859 -0.4583 -0.0718
vn 0.9066 -0.4152 -0.0752
vn 0.8493 -0.5217 0.0806
vn 0.8521 -0.5185 -0.0708
vn 0.8242 -0.5138 0.2379
vn 0.7911 -0.5010 0.3510
vn 0.7749 -0.4953 0.3927
vn 0.7913 -0.5033 0.3470
vn 0.7594 -0.5529 0.3429
vn 0.8090 -0.5102 0.2920
vn 0.7772 -0.5609 0.2852
vn 0.8023 -0.5073 0.3147
vn 0.7721 -0.5569 0.3061
vn 0.7717 -0.4947 0.3997
vn 0.7447 -0.5418 0.3896
vn 0.7167 -0.4695 0.5157
vn 0.6942 -0.5133 0.5046
vn 0.6485 -0.4351 0.6246
vn 0.6310 -0.4738 0.6143
vn 0.6102 -0.5179 0.5995
vn 0.6692 -0.5575 0.4913
vn 0.5618 -0.4306 0.7064
vn 0.5450 -0.4721 0.6929
vn 0.4782 -0.3797 0.7919
vn 0.4643 -0.4178 0.7810
vn 0.3709 -0.3173 0.8728
vn 0.3582 -0.3513 0.8651
vn 0.2535 -0.2519 0.9340
vn 0.2404 -0.2816 0.9289
vn 0.1426 -0.1925 0.9709
vn 0.1281 -0.2189 0.9673
vn 0.0267 -0.1325 0.9908
vn 0.0100 -0.1565 0.9876
vn -0.1133 -0.0615 0.9917
vn -0.1329 -0.0833 0.9876
vn -0.2610 0.0136 0.9652
vn -0.2833 -0.0066 0.9590
vn -0.3732 0.0700 0.9251
vn -0.3967 0.0502 0.9166
vn -0.4269 0.0946 0.8994
vn -0.4507 0.0741 0.8896
vn -0.4084 0.0798 0.9093
vn -0.4319 0.0582 0.9000
vn -0.3796 0.0600 0.9232
vn -0.4019 0.0372 0.9149
vn -0.0991 -0.0450 0.9941
vn 0.0384 -0.1150 0.9926
vn 0.1527 -0.1733 0.9730
vn 0.2627 -0.2301 0.9370
vn 0.3801 -0.2915 0.8778
vn 0.4890 -0.3494 0.7993
vn 0.5754 -0.3960 0.7156
vn -0.1284 0.9106 -0.3928
vn -0.1086 0.8944 -0.4339
vn -0.8445 -0.4532 0.2855
vn -0.8323 -0.4500 0.3236
vn -0.8121 -0.4712 0.3443
vn -0.7975 -0.4702 0.3780
vn -0.7768 -0.4901 0.3954
vn -0.7585 -0.4908 0.4288
vn -0.7349 -0.5123 0.4443
vn -0.7080 -0.5151 0.4831
vn -0.6769 -0.5430 0.4970
vn -0.6496 -0.5472 0.5279
vn -0.6204 -0.5720 0.5366
vn -0.6033 -0.5755 0.5521
vn -0.5852 -0.5892 0.5571
vn 0.0246 0.6707 0.7413
vn -0.5872 -0.5865 0.5579
vn -0.0054 0.6785 0.7346
vn -0.6287 -0.5617 0.5378
vn -0.6236 -0.5645 0.5408
vn -0.6163 -0.5666 0.5469
vn -0.5878 -0.5735 0.5706
vn -0.5573 -0.5975 0.5765
vn -0.5087 -0.6087 0.6088
vn -0.4620 -0.6478 0.6057
vn -0.4019 -0.6615 0.6332
vn -0.3512 -0.7057 0.6153
vn -0.3020 -0.7162 0.6292
vn -0.2651 -0.7493 0.6069
vn -0.2187 -0.7592 0.6131
vn 0.4568 0.4571 0.7631
vn -0.1384 -0.7990 0.5851
vn 0.5425 0.4109 0.7327
vn -0.0533 -0.8401 0.5398
vn 0.0184 -0.8801 0.4745
vn 0.6387 0.3588 0.6807
vn 0.0714 -0.9099 0.4087
vn 0.7147 0.3166 0.6237
vn 0.1135 -0.9329 0.3419
vn 0.7769 0.2823 0.5628
vn 0.1524 -0.9513 0.2680
vn 0.8319 0.2520 0.4943
vn -0.4483 -0.8890 -0.0933
vn 0.1761 -0.9583 0.2252
vn 0.1717 -0.9583 0.2283
vn 0.2025 -0.9583 0.2017
vn 0.1963 -0.9680 0.1561
vn 0.2121 -0.9670 0.1415
vn 0.2061 -0.9715 0.1175
vn 0.9295 0.2302 0.2883
vn 0.2027 -0.9707 0.1291
vn 0.9164 0.2229 0.3324
vn 0.1836 -0.9635 0.1948
vn 0.9276 0.3718 0.0363
vn 0.9284 0.3695 0.0388
vn 0.9350 0.3459 0.0781
vn 0.9251 0.3560 0.1324
vn 0.9265 0.3276 0.1849
vn 0.9048 0.3442 0.2505
vn 0.8981 0.3243 0.2972
vn 0.8717 0.3434 0.3495
vn 0.8642 0.3326 0.3774
vn 0.8457 0.3456 0.4066
vn 0.8452 0.3459 0.4074
vn 0.8453 0.3441 0.4088
vn 0.8534 0.3586 0.3783
vn 0.8740 0.3406 0.3467
vn 0.8745 0.3435 0.3425
vn 0.8778 0.3391 0.3382
vn 0.8725 0.3312 0.3592
vn 0.8598 0.3394 0.3815
vn 0.8471 0.3251 0.4203
vn 0.8191 0.3453 0.4581
vn 0.7984 0.3301 0.5035
vn 0.7610 0.3547 0.5432
vn 0.7377 0.3480 0.5786
vn 0.1852 -0.9170 0.3532
vn 0.6764 0.3667 0.6388
vn 0.1256 -0.8996 0.4184
vn 0.6080 0.3887 0.6923
vn 0.0527 -0.8759 0.4796
vn 0.5262 0.4166 0.7413
vn 0.4407 0.4538 0.7745
vn -0.0393 -0.8424 0.5374
vn 0.3631 0.4877 0.7939
vn -0.1217 -0.8081 0.5763
vn 0.2838 0.5215 0.8046
vn -0.2041 -0.7740 0.5993
vn 0.1884 0.5610 0.8061
vn 0.2436 0.5480 0.8002
vn 0.0910 0.6115 0.7860
vn 0.1404 0.5975 0.7895
vn 0.0212 0.6549 0.7555
vn 0.0578 0.6508 0.7571
vn -0.0736 0.8923 -0.4454
vn -0.0473 0.8767 -0.4787
vn -0.0090 0.8719 -0.4896
vn 0.0212 0.8495 -0.5272
vn 0.0660 0.8433 -0.5334
vn 0.0960 0.8213 -0.5624
vn 0.1368 0.8152 -0.5628
vn 0.1690 0.7916 -0.5872
vn 0.2102 0.7854 -0.5822
vn 0.2494 0.7563 -0.6049
vn 0.2967 0.7492 -0.5922
vn 0.3533 0.7062 -0.6136
vn 0.4168 0.6963 -0.5843
vn 0.4669 0.6561 -0.5929
vn 0.5193 0.6484 -0.5567
vn 0.5459 0.6254 -0.5576
vn 0.0088 -0.6552 -0.7554
vn 0.5662 0.6268 -0.5352
vn 0.5595 0.6295 -0.5392
vn 0.5189 0.6628 -0.5398
vn 0.4745 0.6707 -0.5701
vn 0.4657 0.6773 -0.5696
vn -0.0986 -0.6028 -0.7918
vn 0.4752 0.6639 -0.5775
vn -0.0602 -0.6189 -0.7832
vn 0.5353 0.6290 -0.5638
vn 0.0150 -0.6540 -0.7564
vn 0.6231 0.5820 -0.5225
vn 0.6686 0.5747 -0.4719
vn 0.7063 0.5395 -0.4583
vn 0.7397 0.5340 -0.4094
vn 0.7734 0.5004 -0.3893
vn 0.8315 0.4615 -0.3091
vn 0.8002 0.4958 -0.3376
vn 0.8814 0.4223 -0.2117
vn 0.8523 0.4597 -0.2496
vn 0.8946 0.4236 -0.1425
vn 0.0017 0.6794 0.7338
# 561 vertex normals

vt 0.5296 0.6671 0.0000
vt 0.5173 0.6668 0.0000
vt 0.5173 0.6693 0.0000
vt 0.5307 0.6693 0.0000
vt 0.5307 0.6671 0.0000
vt 0.5414 0.6672 0.0000
vt 0.5423 0.6693 0.0000
vt 0.5423 0.6672 0.0000
vt 0.5518 0.6671 0.0000
vt 0.5526 0.6693 0.0000
vt 0.5526 0.6671 0.0000
vt 0.5615 0.6670 0.0000
vt 0.5623 0.6693 0.0000
vt 0.5623 0.6670 0.0000
vt 0.5712 0.6670 0.0000
vt 0.5720 0.6693 0.0000
vt 0.5720 0.6670 0.0000
vt 0.8728 0.6401 0.0000
vt 0.8728 0.6411 0.0000
vt 0.8918 0.6411 0.0000
vt 0.8901 0.6387 0.0000
vt 0.8918 0.6386 0.0000
vt 0.8728 0.6693 0.0000
vt 0.8918 0.6693 0.0000
vt 0.8728 0.6970 0.0000
vt 0.8918 0.6970 0.0000
vt 0.8728 0.7238 0.0000
vt 0.8918 0.7238 0.0000
vt 0.8728 0.7491 0.0000
vt 0.8917 0.7491 0.0000
vt 0.8850 0.7646 0.0000
vt 0.8917 0.7643 0.0000
vt 0.8728 0.7653 0.0000
vt 0.8672 0.7656 0.0000
vt 0.8550 0.7491 0.0000
vt 0.8550 0.7663 0.0000
vt 0.8507 0.7666 0.0000
vt 0.8392 0.7491 0.0000
vt 0.8392 0.7673 0.0000
vt 0.8361 0.7675 0.0000
vt 0.8259 0.7491 0.0000
vt 0.8259 0.7682 0.0000
vt 0.8236 0.7683 0.0000
vt 0.8145 0.7491 0.0000
vt 0.8145 0.7690 0.0000
vt 0.8128 0.7691 0.0000
vt 0.8044 0.7491 0.0000
vt 0.8044 0.7697 0.0000
vt 0.4307 0.7778 0.0000
vt 0.4459 0.7786 0.0000
vt 0.4459 0.7731 0.0000
vt 0.4268 0.7731 0.0000
vt 0.4268 0.7776 0.0000
vt 0.4113 0.7767 0.0000
vt 0.4084 0.7731 0.0000
vt 0.4084 0.7765 0.0000
vt 0.3931 0.7755 0.0000
vt 0.3913 0.7731 0.0000
vt 0.3913 0.7754 0.0000
vt 0.3768 0.7744 0.0000
vt 0.3759 0.7731 0.0000
vt 0.3759 0.7744 0.0000
vt 0.3630 0.7734 0.0000
vt 0.3628 0.7731 0.0000
vt 0.3628 0.7734 0.0000
vt 0.3592 0.7731 0.0000
vt 0.3511 0.7725 0.0000
vt 0.3514 0.7725 0.0000
vt 0.3514 0.7491 0.0000
vt 0.3412 0.7491 0.0000
vt 0.3412 0.7716 0.0000
vt 0.3405 0.7716 0.0000
vt 0.3315 0.7491 0.0000
vt 0.3315 0.7708 0.0000
vt 0.3305 0.7707 0.0000
vt 0.3218 0.7491 0.0000
vt 0.3218 0.7699 0.0000
vt 0.3204 0.7698 0.0000
vt 0.3115 0.7491 0.0000
vt 0.3115 0.7690 0.0000
vt 0.3095 0.7689 0.0000
vt 0.2999 0.7491 0.0000
vt 0.2999 0.7681 0.0000
vt 0.2970 0.7679 0.0000
vt 0.2865 0.7491 0.0000
vt 0.2865 0.7670 0.0000
vt 0.2823 0.7668 0.0000
vt 0.2706 0.7491 0.0000
vt 0.2706 0.7659 0.0000
vt 0.2650 0.7655 0.0000
vt 0.2528 0.7491 0.0000
vt 0.2528 0.7647 0.0000
vt 0.2458 0.7643 0.0000
vt 0.2337 0.7491 0.0000
vt 0.2337 0.7636 0.0000
vt 0.2256 0.7632 0.0000
vt 0.2141 0.7491 0.0000
vt 0.2141 0.7626 0.0000
vt 0.2052 0.7623 0.0000
vt 0.1944 0.7491 0.0000
vt 0.1944 0.7618 0.0000
vt 0.1853 0.7616 0.0000
vt 0.1754 0.7491 0.0000
vt 0.1754 0.7612 0.0000
vt 0.1664 0.7610 0.0000
vt 0.1576 0.7491 0.0000
vt 0.1576 0.7608 0.0000
vt 0.1494 0.7606 0.0000
vt 0.1418 0.7491 0.0000
vt 0.1418 0.7604 0.0000
vt 0.1346 0.7602 0.0000
vt 0.1285 0.7491 0.0000
vt 0.1285 0.7600 0.0000
vt 0.1222 0.7599 0.0000
vt 0.1171 0.7491 0.0000
vt 0.1171 0.7598 0.0000
vt 0.1114 0.7597 0.0000
vt 0.1069 0.7491 0.0000
vt 0.1069 0.7596 0.0000
vt 0.1016 0.7596 0.0000
vt 0.0975 0.7491 0.0000
vt 0.0975 0.7595 0.0000
vt 0.0921 0.7596 0.0000
vt 0.0880 0.7491 0.0000
vt 0.0880 0.7596 0.0000
vt 0.0827 0.7599 0.0000
vt 0.0785 0.7493 0.0000
vt 0.0785 0.7600 0.0000
vt 0.0733 0.7605 0.0000
vt 0.0690 0.7498 0.0000
vt 0.0690 0.7608 0.0000
vt 0.0640 0.7614 0.0000
vt 0.0595 0.7505 0.0000
vt 0.0595 0.7617 0.0000
vt 0.9796 0.7616 0.0000
vt 0.9894 0.7617 0.0000
vt 0.9894 0.7505 0.0000
vt 0.9699 0.7498 0.0000
vt 0.9699 0.7617 0.0000
vt 0.9605 0.7618 0.0000
vt 0.9504 0.7493 0.0000
vt 0.9504 0.7620 0.0000
vt 0.9415 0.7622 0.0000
vt 0.9309 0.7491 0.0000
vt 0.9309 0.7625 0.0000
vt 0.9225 0.7629 0.0000
vt 0.9113 0.7491 0.0000
vt 0.9113 0.7633 0.0000
vt 0.9037 0.7637 0.0000
vt 0.9309 0.7238 0.0000
vt 0.9113 0.7238 0.0000
vt 0.9309 0.6970 0.0000
vt 0.9113 0.6970 0.0000
vt 0.9309 0.6693 0.0000
vt 0.9113 0.6693 0.0000
vt 0.9309 0.6411 0.0000
vt 0.9114 0.6411 0.0000
vt 0.9504 0.6694 0.0000
vt 0.9504 0.6411 0.0000
vt 0.9699 0.6695 0.0000
vt 0.9699 0.6409 0.0000
vt 0.9894 0.6696 0.0000
vt 0.9894 0.6407 0.0000
vt 0.0690 0.6695 0.0000
vt 0.0690 0.6409 0.0000
vt 0.0595 0.6407 0.0000
vt 0.0595 0.6696 0.0000
vt 0.0785 0.6694 0.0000
vt 0.0785 0.6411 0.0000
vt 0.0880 0.6693 0.0000
vt 0.0880 0.6411 0.0000
vt 0.0975 0.6693 0.0000
vt 0.0975 0.6411 0.0000
vt 0.1069 0.6693 0.0000
vt 0.1069 0.6411 0.0000
vt 0.1171 0.6693 0.0000
vt 0.1171 0.6411 0.0000
vt 0.1285 0.6693 0.0000
vt 0.1285 0.6411 0.0000
vt 0.1418 0.6693 0.0000
vt 0.1418 0.6411 0.0000
vt 0.1576 0.6693 0.0000
vt 0.1576 0.6411 0.0000
vt 0.1754 0.6693 0.0000
vt 0.1754 0.6411 0.0000
vt 0.1944 0.6693 0.0000
vt 0.1944 0.6411 0.0000
vt 0.2141 0.6693 0.0000
vt 0.2141 0.6411 0.0000
vt 0.2337 0.6693 0.0000
vt 0.2337 0.6411 0.0000
vt 0.2337 0.6970 0.0000
vt 0.2528 0.6970 0.0000
vt 0.2528 0.6693 0.0000
vt 0.2337 0.7238 0.0000
vt 0.2528 0.7238 0.0000
vt 0.2141 0.6970 0.0000
vt 0.2141 0.7238 0.0000
vt 0.1944 0.6970 0.0000
vt 0.1944 0.7238 0.0000
vt 0.1754 0.6970 0.0000
vt 0.1754 0.7238 0.0000
vt 0.1576 0.6970 0.0000
vt 0.1576 0.7238 0.0000
vt 0.1418 0.6970 0.0000
vt 0.1418 0.7238 0.0000
vt 0.1285 0.6970 0.0000
vt 0.1285 0.7238 0.0000
vt 0.1171 0.6970 0.0000
vt 0.1171 0.7238 0.0000
vt 0.1069 0.6970 0.0000
vt 0.1069 0.7238 0.0000
vt 0.0975 0.6970 0.0000
vt 0.0975 0.7238 0.0000
vt 0.0880 0.6970 0.0000
vt 0.0880 0.7238 0.0000
vt 0.0785 0.6972 0.0000
vt 0.0785 0.7240 0.0000
vt 0.0690 0.6977 0.0000
vt 0.0690 0.7248 0.0000
vt 0.0595 0.6985 0.0000
vt 0.0595 0.7273 0.0000
vt 0.9699 0.6978 0.0000
vt 0.9699 0.7248 0.0000
vt 0.9894 0.7273 0.0000
vt 0.9894 0.6985 0.0000
vt 0.9504 0.6972 0.0000
vt 0.9504 0.7240 0.0000
vt 0.2706 0.7238 0.0000
vt 0.2706 0.6970 0.0000
vt 0.2865 0.7238 0.0000
vt 0.2865 0.6970 0.0000
vt 0.2865 0.6693 0.0000
vt 0.2706 0.6693 0.0000
vt 0.2721 0.6438 0.0000
vt 0.2706 0.6436 0.0000
vt 0.2865 0.6453 0.0000
vt 0.2886 0.6456 0.0000
vt 0.2999 0.6693 0.0000
vt 0.2999 0.6469 0.0000
vt 0.3024 0.6472 0.0000
vt 0.3115 0.6693 0.0000
vt 0.3115 0.6482 0.0000
vt 0.3142 0.6486 0.0000
vt 0.3218 0.6693 0.0000
vt 0.3218 0.6495 0.0000
vt 0.3248 0.6500 0.0000
vt 0.3315 0.6693 0.0000
vt 0.3315 0.6508 0.0000
vt 0.3350 0.6513 0.0000
vt 0.3412 0.6693 0.0000
vt 0.3412 0.6521 0.0000
vt 0.3454 0.6527 0.0000
vt 0.3514 0.6693 0.0000
vt 0.3514 0.6535 0.0000
vt 0.3567 0.6542 0.0000
vt 0.3628 0.6693 0.0000
vt 0.3628 0.6549 0.0000
vt 0.3696 0.6558 0.0000
vt 0.3759 0.6693 0.0000
vt 0.3759 0.6565 0.0000
vt 0.3849 0.6575 0.0000
vt 0.3913 0.6693 0.0000
vt 0.3913 0.6582 0.0000
vt 0.4024 0.6594 0.0000
vt 0.4084 0.6693 0.0000
vt 0.4084 0.6599 0.0000
vt 0.4215 0.6612 0.0000
vt 0.4268 0.6693 0.0000
vt 0.4268 0.6616 0.0000
vt 0.4415 0.6629 0.0000
vt 0.4459 0.6693 0.0000
vt 0.4459 0.6632 0.0000
vt 0.4617 0.6643 0.0000
vt 0.4651 0.6693 0.0000
vt 0.4651 0.6645 0.0000
vt 0.4813 0.6654 0.0000
vt 0.4839 0.6693 0.0000
vt 0.4839 0.6655 0.0000
vt 0.4996 0.6662 0.0000
vt 0.5015 0.6693 0.0000
vt 0.5015 0.6663 0.0000
vt 0.5159 0.6668 0.0000
vt 0.5015 0.6970 0.0000
vt 0.5173 0.6970 0.0000
vt 0.5015 0.7237 0.0000
vt 0.5173 0.7237 0.0000
vt 0.5015 0.7491 0.0000
vt 0.5173 0.7491 0.0000
vt 0.5015 0.7731 0.0000
vt 0.5173 0.7731 0.0000
vt 0.4839 0.7491 0.0000
vt 0.4839 0.7731 0.0000
vt 0.4651 0.7491 0.0000
vt 0.4651 0.7731 0.0000
vt 0.4459 0.7491 0.0000
vt 0.4268 0.7491 0.0000
vt 0.4459 0.7238 0.0000
vt 0.4268 0.7238 0.0000
vt 0.4459 0.6970 0.0000
vt 0.4268 0.6970 0.0000
vt 0.4651 0.7238 0.0000
vt 0.4651 0.6970 0.0000
vt 0.4839 0.7238 0.0000
vt 0.4839 0.6970 0.0000
vt 0.4084 0.6970 0.0000
vt 0.4084 0.7238 0.0000
vt 0.3913 0.6970 0.0000
vt 0.3913 0.7238 0.0000
vt 0.3913 0.7491 0.0000
vt 0.4084 0.7491 0.0000
vt 0.3759 0.7238 0.0000
vt 0.3759 0.7491 0.0000
vt 0.3628 0.7238 0.0000
vt 0.3628 0.7491 0.0000
vt 0.3514 0.7238 0.0000
vt 0.3412 0.7238 0.0000
vt 0.3514 0.6970 0.0000
vt 0.3412 0.6970 0.0000
vt 0.3315 0.6970 0.0000
vt 0.3315 0.7238 0.0000
vt 0.3218 0.6970 0.0000
vt 0.3218 0.7238 0.0000
vt 0.3115 0.6970 0.0000
vt 0.3115 0.7238 0.0000
vt 0.2999 0.6970 0.0000
vt 0.2999 0.7238 0.0000
vt 0.3628 0.6970 0.0000
vt 0.3759 0.6970 0.0000
vt 0.5307 0.7731 0.0000
vt 0.5307 0.7491 0.0000
vt 0.5422 0.7731 0.0000
vt 0.5423 0.7491 0.0000
vt 0.5423 0.7237 0.0000
vt 0.5307 0.7237 0.0000
vt 0.5423 0.6970 0.0000
vt 0.5307 0.6970 0.0000
vt 0.5526 0.7238 0.0000
vt 0.5526 0.6970 0.0000
vt 0.5623 0.7238 0.0000
vt 0.5623 0.6970 0.0000
vt 0.5720 0.7238 0.0000
vt 0.5720 0.6970 0.0000
vt 0.5824 0.7238 0.0000
vt 0.5824 0.6970 0.0000
vt 0.5824 0.6693 0.0000
vt 0.5940 0.7238 0.0000
vt 0.5940 0.6970 0.0000
vt 0.5940 0.6693 0.0000
vt 0.6076 0.6970 0.0000
vt 0.6076 0.6693 0.0000
vt 0.6237 0.6970 0.0000
vt 0.6237 0.6693 0.0000
vt 0.6416 0.6970 0.0000
vt 0.6416 0.6693 0.0000
vt 0.6607 0.6970 0.0000
vt 0.6607 0.6693 0.0000
vt 0.6803 0.6970 0.0000
vt 0.6803 0.6693 0.0000
vt 0.6997 0.6970 0.0000
vt 0.6997 0.6693 0.0000
vt 0.7182 0.6970 0.0000
vt 0.7182 0.6693 0.0000
vt 0.7355 0.6970 0.0000
vt 0.7355 0.6693 0.0000
vt 0.7509 0.6970 0.0000
vt 0.7509 0.6693 0.0000
vt 0.7640 0.6970 0.0000
vt 0.7640 0.6693 0.0000
vt 0.7753 0.6970 0.0000
vt 0.7753 0.6693 0.0000
vt 0.7854 0.6970 0.0000
vt 0.7854 0.6693 0.0000
vt 0.7949 0.6970 0.0000
vt 0.7949 0.6693 0.0000
vt 0.8044 0.6970 0.0000
vt 0.8044 0.6693 0.0000
vt 0.8145 0.6970 0.0000
vt 0.8145 0.6693 0.0000
vt 0.8259 0.6970 0.0000
vt 0.8259 0.6693 0.0000
vt 0.8392 0.6970 0.0000
vt 0.8392 0.6693 0.0000
vt 0.8550 0.6970 0.0000
vt 0.8550 0.6693 0.0000
vt 0.8392 0.7238 0.0000
vt 0.8550 0.7238 0.0000
vt 0.8259 0.7238 0.0000
vt 0.8145 0.7238 0.0000
vt 0.8044 0.7238 0.0000
vt 0.7949 0.7238 0.0000
vt 0.7949 0.7491 0.0000
vt 0.7854 0.7238 0.0000
vt 0.7854 0.7491 0.0000
vt 0.7753 0.7238 0.0000
vt 0.7753 0.7491 0.0000
vt 0.7640 0.7238 0.0000
vt 0.7640 0.7491 0.0000
vt 0.7509 0.7238 0.0000
vt 0.7509 0.7491 0.0000
vt 0.7355 0.7238 0.0000
vt 0.7355 0.7491 0.0000
vt 0.7355 0.7731 0.0000
vt 0.7509 0.7731 0.0000
vt 0.7182 0.7491 0.0000
vt 0.7182 0.7731 0.0000
vt 0.6997 0.7491 0.0000
vt 0.6997 0.7731 0.0000
vt 0.6803 0.7491 0.0000
vt 0.6803 0.7731 0.0000
vt 0.6607 0.7491 0.0000
vt 0.6607 0.7731 0.0000
vt 0.6416 0.7491 0.0000
vt 0.6416 0.7731 0.0000
vt 0.6237 0.7491 0.0000
vt 0.6237 0.7731 0.0000
vt 0.6076 0.7491 0.0000
vt 0.6076 0.7731 0.0000
vt 0.5940 0.7491 0.0000
vt 0.5940 0.7731 0.0000
vt 0.5824 0.7491 0.0000
vt 0.5824 0.7731 0.0000
vt 0.5720 0.7491 0.0000
vt 0.5720 0.7731 0.0000
vt 0.5623 0.7491 0.0000
vt 0.5623 0.7731 0.0000
vt 0.5526 0.7491 0.0000
vt 0.5526 0.7731 0.0000
vt 0.5423 0.7731 0.0000
vt 0.6076 0.7238 0.0000
vt 0.6237 0.7238 0.0000
vt 0.6416 0.7238 0.0000
vt 0.6607 0.7238 0.0000
vt 0.6803 0.7238 0.0000
vt 0.6997 0.7238 0.0000
vt 0.7182 0.7238 0.0000
vt 0.2533 0.6419 0.0000
vt 0.2528 0.6418 0.0000
vt 0.4507 0.7788 0.0000
vt 0.4651 0.7794 0.0000
vt 0.4705 0.7796 0.0000
vt 0.4839 0.7801 0.0000
vt 0.4894 0.7803 0.0000
vt 0.5015 0.7807 0.0000
vt 0.5069 0.7809 0.0000
vt 0.5173 0.7812 0.0000
vt 0.5221 0.7813 0.0000
vt 0.5307 0.7815 0.0000
vt 0.5350 0.7816 0.0000
vt 0.5422 0.7817 0.0000
vt 0.5462 0.7817 0.0000
vt 0.5526 0.7818 0.0000
vt 0.5563 0.7818 0.0000
vt 0.5623 0.7819 0.0000
vt 0.5660 0.7818 0.0000
vt 0.5720 0.7818 0.0000
vt 0.5760 0.7818 0.0000
vt 0.5824 0.7817 0.0000
vt 0.5867 0.7817 0.0000
vt 0.5940 0.7816 0.0000
vt 0.5990 0.7815 0.0000
vt 0.6076 0.7814 0.0000
vt 0.6133 0.7813 0.0000
vt 0.6237 0.7811 0.0000
vt 0.6299 0.7810 0.0000
vt 0.6416 0.7808 0.0000
vt 0.6479 0.7805 0.0000
vt 0.6607 0.7802 0.0000
vt 0.6666 0.7799 0.0000
vt 0.6803 0.7793 0.0000
vt 0.6997 0.7781 0.0000
vt 0.6853 0.7790 0.0000
vt 0.7182 0.7767 0.0000
vt 0.7035 0.7778 0.0000
vt 0.7355 0.7752 0.0000
vt 0.7207 0.7764 0.0000
vt 0.7509 0.7738 0.0000
vt 0.7368 0.7751 0.0000
vt 0.7513 0.7738 0.0000
vt 0.7598 0.7731 0.0000
vt 0.7638 0.7728 0.0000
vt 0.7640 0.7728 0.0000
vt 0.7747 0.7719 0.0000
vt 0.7753 0.7719 0.0000
vt 0.7845 0.7711 0.0000
vt 0.7854 0.7711 0.0000
vt 0.7938 0.7704 0.0000
vt 0.7949 0.7704 0.0000
vt 0.8030 0.7698 0.0000
vt 0.8606 0.6411 0.0000
vt 0.8553 0.6416 0.0000
vt 0.8550 0.6416 0.0000
vt 0.8403 0.6430 0.0000
vt 0.8392 0.6431 0.0000
vt 0.8274 0.6443 0.0000
vt 0.8259 0.6445 0.0000
vt 0.8163 0.6455 0.0000
vt 0.8145 0.6457 0.0000
vt 0.8063 0.6466 0.0000
vt 0.8044 0.6469 0.0000
vt 0.7971 0.6477 0.0000
vt 0.7949 0.6480 0.0000
vt 0.7879 0.6488 0.0000
vt 0.7854 0.6491 0.0000
vt 0.7784 0.6499 0.0000
vt 0.7753 0.6503 0.0000
vt 0.7680 0.6511 0.0000
vt 0.7640 0.6517 0.0000
vt 0.7562 0.6526 0.0000
vt 0.7509 0.6533 0.0000
vt 0.7427 0.6543 0.0000
vt 0.7355 0.6553 0.0000
vt 0.7275 0.6562 0.0000
vt 0.7182 0.6575 0.0000
vt 0.7110 0.6583 0.0000
vt 0.6997 0.6597 0.0000
vt 0.6934 0.6603 0.0000
vt 0.6803 0.6617 0.0000
vt 0.6607 0.6633 0.0000
vt 0.6753 0.6621 0.0000
vt 0.6416 0.6646 0.0000
vt 0.6568 0.6635 0.0000
vt 0.6237 0.6655 0.0000
vt 0.6387 0.6647 0.0000
vt 0.6076 0.6662 0.0000
vt 0.6215 0.6656 0.0000
vt 0.5940 0.6666 0.0000
vt 0.6061 0.6662 0.0000
vt 0.5824 0.6668 0.0000
vt 0.5929 0.6666 0.0000
vt 0.2450 0.6411 0.0000
vt 0.2337 0.6401 0.0000
vt 0.2330 0.6400 0.0000
vt 0.2141 0.6385 0.0000
vt 0.2122 0.6384 0.0000
vt 0.1944 0.6372 0.0000
vt 0.1917 0.6371 0.0000
vt 0.1754 0.6362 0.0000
vt 0.1722 0.6361 0.0000
vt 0.1576 0.6355 0.0000
vt 0.1544 0.6354 0.0000
vt 0.1418 0.6349 0.0000
vt 0.1388 0.6348 0.0000
vt 0.1285 0.6345 0.0000
vt 0.1258 0.6345 0.0000
vt 0.1171 0.6343 0.0000
vt 0.1146 0.6343 0.0000
vt 0.1069 0.6341 0.0000
vt 0.1046 0.6341 0.0000
vt 0.0975 0.6341 0.0000
vt 0.0951 0.6341 0.0000
vt 0.0880 0.6340 0.0000
vt 0.0856 0.6340 0.0000
vt 0.0785 0.6340 0.0000
vt 0.0761 0.6340 0.0000
vt 0.0690 0.6339 0.0000
vt 0.0667 0.6338 0.0000
vt 0.0595 0.6339 0.0000
vt 0.9849 0.6342 0.0000
vt 0.9699 0.6346 0.0000
vt 0.9894 0.6339 0.0000
vt 0.9657 0.6348 0.0000
vt 0.9504 0.6354 0.0000
vt 0.9309 0.6362 0.0000
vt 0.9466 0.6355 0.0000
vt 0.9114 0.6373 0.0000
vt 0.9276 0.6364 0.0000
vt 0.9088 0.6374 0.0000
vt 0.5815 0.6668 0.0000
vt 0.1829 0.3018 0.0000
vt 0.1858 0.2953 0.0000
vt 0.2036 0.2691 0.0000
vt 0.1707 0.3314 0.0000
vt 0.4470 0.1145 0.0000
vt 0.4819 0.1099 0.0000
vt 0.4870 0.1102 0.0000
vt 0.1545 0.4033 0.0000
vt 0.6830 0.1622 0.0000
vt 0.6971 0.1693 0.0000
vt 0.7154 0.1833 0.0000
vt 0.1459 0.4281 0.0000
vt 0.8372 0.6557 0.0000
vt 0.8368 0.6582 0.0000
vt 0.8291 0.6860 0.0000
vt 0.8283 0.6889 0.0000
vt 0.8152 0.7181 0.0000
vt 0.8136 0.7217 0.0000
vt 0.7932 0.7521 0.0000
vt 0.7901 0.7567 0.0000
vt 0.7644 0.7859 0.0000
vt 0.7594 0.7916 0.0000
vt 0.7304 0.8174 0.0000
vt 0.7230 0.8240 0.0000
vt 0.6926 0.8445 0.0000
vt 0.6822 0.8515 0.0000
vt 0.6526 0.8653 0.0000
vt 0.6387 0.8718 0.0000
vt 0.6117 0.8801 0.0000
vt 0.5945 0.8854 0.0000
vt 0.5717 0.8893 0.0000
vt 0.5520 0.8927 0.0000
vt 0.5338 0.8934 0.0000
vt 0.5131 0.8942 0.0000
vt 0.4997 0.8926 0.0000
vt 0.4801 0.8903 0.0000
vt 0.4698 0.8877 0.0000
vt 0.4512 0.8829 0.0000
vt 0.4429 0.8803 0.0000
vt 0.4246 0.8742 0.0000
vt 0.4175 0.8721 0.0000
vt 0.3986 0.8661 0.0000
vt 0.3923 0.8648 0.0000
vt 0.3715 0.8605 0.0000
vt 0.3660 0.8594 0.0000
vt 0.3430 0.8545 0.0000
vt 0.3383 0.8531 0.0000
vt 0.3128 0.8452 0.0000
vt 0.3092 0.8435 0.0000
vt 0.2806 0.8295 0.0000
vt 0.2783 0.8278 0.0000
vt 0.2460 0.8044 0.0000
vt 0.2454 0.8039 0.0000
vt 0.2351 0.7941 0.0000
vt 0.2117 0.7717 0.0000
vt 0.1829 0.7365 0.0000
vt 0.1802 0.7331 0.0000
vt 0.1574 0.6961 0.0000
vt 0.1540 0.6904 0.0000
vt 0.1386 0.6529 0.0000
vt 0.1356 0.6453 0.0000
vt 0.1265 0.6088 0.0000
vt 0.1243 0.5998 0.0000
vt 0.1206 0.5658 0.0000
vt 0.1196 0.5563 0.0000
vt 0.1204 0.5259 0.0000
vt 0.1206 0.5167 0.0000
vt 0.1253 0.4913 0.0000
vt 0.1268 0.4832 0.0000
vt 0.1336 0.4613 0.0000
vt 0.1359 0.4542 0.0000
vt 0.1434 0.4345 0.0000
vt 0.8418 0.6292 0.0000
vt 0.8422 0.6269 0.0000
vt 0.8460 0.6017 0.0000
vt 0.8465 0.5996 0.0000
vt 0.8519 0.5754 0.0000
vt 0.8524 0.5733 0.0000
vt 0.8579 0.5484 0.0000
vt 0.8583 0.5461 0.0000
vt 0.8623 0.5187 0.0000
vt 0.8624 0.5160 0.0000
vt 0.8634 0.4843 0.0000
vt 0.8630 0.4806 0.0000
vt 0.8595 0.4434 0.0000
vt 0.8584 0.4384 0.0000
vt 0.8503 0.3983 0.0000
vt 0.8483 0.3918 0.0000
vt 0.8358 0.3516 0.0000
vt 0.8322 0.3434 0.0000
vt 0.8157 0.3056 0.0000
vt 0.8098 0.2959 0.0000
vt 0.7898 0.2630 0.0000
vt 0.7812 0.2521 0.0000
vt 0.7601 0.2250 0.0000
vt 0.7489 0.2139 0.0000
vt 0.7286 0.1933 0.0000
vt 0.6678 0.1544 0.0000
vt 0.6531 0.1498 0.0000
vt 0.6404 0.1457 0.0000
vt 0.6251 0.1424 0.0000
vt 0.1524 0.4095 0.0000
vt 0.6145 0.1402 0.0000
vt 0.5987 0.1368 0.0000
vt 0.5898 0.1348 0.0000
vt 0.5735 0.1293 0.0000
vt 0.5660 0.1267 0.0000
vt 0.5480 0.1205 0.0000
vt 0.5414 0.1182 0.0000
vt 0.5199 0.1132 0.0000
vt 0.5139 0.1118 0.0000
vt 0.4433 0.1150 0.0000
vt 0.4019 0.1262 0.0000
vt 0.4008 0.1265 0.0000
vt 0.3828 0.1337 0.0000
vt 0.3567 0.1442 0.0000
vt 0.3550 0.1451 0.0000
vt 0.3134 0.1677 0.0000
vt 0.3096 0.1704 0.0000
vt 0.2732 0.1967 0.0000
vt 0.2683 0.2012 0.0000
vt 0.1586 0.3845 0.0000
vt 0.2376 0.2291 0.0000
vt 0.2325 0.2348 0.0000
vt 0.1598 0.3784 0.0000
vt 0.2080 0.2626 0.0000
vt 0.1636 0.3587 0.0000
vt 0.1648 0.3525 0.0000
vt 0.1724 0.3251 0.0000
vt 0.7821 0.7758 0.0000
vt 0.7918 0.7643 0.0000
vt 0.8061 0.7419 0.0000
vt 0.8137 0.7298 0.0000
vt 0.8223 0.7090 0.0000
vt 0.8270 0.6973 0.0000
vt 0.8317 0.6780 0.0000
vt 0.8343 0.6668 0.0000
vt 0.8368 0.6487 0.0000
vt 0.7627 0.7985 0.0000
vt 0.7517 0.8085 0.0000
vt 0.7278 0.8301 0.0000
vt 0.7165 0.8378 0.0000
vt 0.6885 0.8567 0.0000
vt 0.6780 0.8614 0.0000
vt 0.6462 0.8760 0.0000
vt 0.6376 0.8784 0.0000
vt 0.6029 0.8886 0.0000
vt 0.5970 0.8895 0.0000
vt 0.5610 0.8952 0.0000
vt 0.5578 0.8952 0.0000
vt 0.5226 0.8963 0.0000
vt 0.5217 0.8961 0.0000
vt 0.8381 0.6379 0.0000
vt 0.5007 0.8936 0.0000
vt 0.4906 0.8924 0.0000
vt 0.4902 0.8923 0.0000
vt 0.4635 0.8856 0.0000
vt 0.4620 0.8852 0.0000
vt 0.4386 0.8778 0.0000
vt 0.4364 0.8771 0.0000
vt 0.4145 0.8706 0.0000
vt 0.4117 0.8698 0.0000
vt 0.3899 0.8659 0.0000
vt 0.3862 0.8653 0.0000
vt 0.3641 0.8615 0.0000
vt 0.3594 0.8607 0.0000
vt 0.3369 0.8546 0.0000
vt 0.3311 0.8530 0.0000
vt 0.3079 0.8427 0.0000
vt 0.3006 0.8395 0.0000
vt 0.2769 0.8233 0.0000
vt 0.2677 0.8170 0.0000
vt 0.2451 0.7967 0.0000
vt 0.2345 0.7871 0.0000
vt 0.2144 0.7641 0.0000
vt 0.2032 0.7512 0.0000
vt 0.1868 0.7269 0.0000
vt 0.1760 0.7107 0.0000
vt 0.1641 0.6862 0.0000
vt 0.1553 0.6673 0.0000
vt 0.1472 0.6435 0.0000
vt 0.1408 0.6230 0.0000
vt 0.1362 0.6010 0.0000
vt 0.1325 0.5799 0.0000
vt 0.1309 0.5606 0.0000
vt 0.1300 0.5403 0.0000
vt 0.1312 0.5243 0.0000
vt 0.1332 0.5062 0.0000
vt 0.1360 0.4927 0.0000
vt 0.1400 0.4763 0.0000
vt 0.1436 0.4643 0.0000
vt 0.8401 0.6208 0.0000
vt 0.1486 0.4491 0.0000
vt 0.8411 0.6105 0.0000
vt 0.8442 0.5941 0.0000
vt 0.8460 0.5843 0.0000
vt 0.8492 0.5675 0.0000
vt 0.8510 0.5576 0.0000
vt 0.8534 0.5390 0.0000
vt 0.8547 0.5284 0.0000
vt 0.8552 0.5067 0.0000
vt 0.8554 0.4950 0.0000
vt 0.8528 0.4685 0.0000
vt 0.8515 0.4553 0.0000
vt 0.8456 0.4252 0.0000
vt 0.8429 0.4117 0.0000
vt 0.8333 0.3791 0.0000
vt 0.8295 0.3664 0.0000
vt 0.8157 0.3326 0.0000
vt 0.8112 0.3216 0.0000
vt 0.7925 0.2880 0.0000
vt 0.7878 0.2796 0.0000
vt 0.7651 0.2476 0.0000
vt 0.7610 0.2418 0.0000
vt 0.7354 0.2131 0.0000
vt 0.7324 0.2097 0.0000
vt 0.7053 0.1864 0.0000
vt 0.7037 0.1850 0.0000
vt 0.6769 0.1694 0.0000
vt 0.6766 0.1692 0.0000
vt 0.6685 0.1661 0.0000
vt 0.6509 0.1594 0.0000
vt 0.6502 0.1592 0.0000
vt 0.1521 0.4379 0.0000
vt 0.1569 0.4233 0.0000
vt 0.6265 0.1527 0.0000
vt 0.6249 0.1523 0.0000
vt 0.1595 0.4122 0.0000
vt 0.1630 0.3974 0.0000
vt 0.1659 0.3858 0.0000
vt 0.1695 0.3706 0.0000
vt 0.1740 0.3580 0.0000
vt 0.1793 0.3421 0.0000
vt 0.1866 0.3278 0.0000
vt 0.1950 0.3109 0.0000
vt 0.2067 0.2944 0.0000
vt 0.2194 0.2761 0.0000
vt 0.2350 0.2584 0.0000
vt 0.6031 0.1461 0.0000
vt 0.2510 0.2402 0.0000
vt 0.2702 0.2223 0.0000
vt 0.2883 0.2055 0.0000
vt 0.3109 0.1888 0.0000
vt 0.3299 0.1747 0.0000
vt 0.3557 0.1604 0.0000
vt 0.6008 0.1452 0.0000
vt 0.3742 0.1500 0.0000
vt 0.4023 0.1387 0.0000
vt 0.5807 0.1366 0.0000
vt 0.5774 0.1353 0.0000
vt 0.5573 0.1268 0.0000
vt 0.5525 0.1254 0.0000
vt 0.4189 0.1319 0.0000
vt 0.4478 0.1242 0.0000
vt 0.4615 0.1205 0.0000
vt 0.4893 0.1174 0.0000
vt 0.5239 0.1185 0.0000
vt 0.5309 0.1191 0.0000
vt 0.4996 0.1162 0.0000
# 828 texture coords

o Object002
g Object002
usemtl wire_225198087
s 1
f 1446/1663/1315 1447/1664/1316 1448/1665/1317 1449/1666/1318 
f 1446/1663/1315 1449/1666/1318 1450/1667/1319 
f 1451/1668/1320 1450/1667/1319 1449/1666/1318 1452/1669/1321 
f 1451/1668/1320 1452/1669/1321 1453/1670/1322 
f 1454/1671/1323 1453/1670/1322 1452/1669/1321 1455/1672/1324 
f 1454/1671/1323 1455/1672/1324 1456/1673/1325 
f 1457/1674/1326 1456/1673/1325 1455/1672/1324 1458/1675/1327 
f 1457/1674/1326 1458/1675/1327 1459/1676/1328 
f 1460/1677/1329 1459/1676/1328 1458/1675/1327 1461/1678/1330 
f 1460/1677/1329 1461/1678/1330 1462/1679/1331 
f 1463/1680/1332 1464/1681/1333 1465/1682/1334 1466/1683/1335 
f 1467/1684/1336 1466/1683/1335 1465/1682/1334 
f 1464/1681/1333 1468/1685/1337 1469/1686/1338 1465/1682/1334 
f 1468/1685/1337 1470/1687/1339 1471/1688/1340 1469/1686/1338 
f 1470/1687/1339 1472/1689/1341 1473/1690/1342 1471/1688/1340 
f 1472/1689/1341 1474/1691/1343 1475/1692/1344 1473/1690/1342 
f 1476/1693/1345 1477/1694/1346 1475/1692/1344 1474/1691/1343 
f 1476/1693/1345 1474/1691/1343 1478/1695/1347 
f 1479/1696/1348 1478/1695/1347 1474/1691/1343 1480/1697/1349 
f 1479/1696/1348 1480/1697/1349 1481/1698/1350 
f 1482/1699/1351 1481/1698/1350 1480/1697/1349 1483/1700/1352 
f 1482/1699/1351 1483/1700/1352 1484/1701/1353 
f 1485/1702/1354 1484/1701/1353 1483/1700/1352 1486/1703/1355 
f 1485/1702/1354 1486/1703/1355 1487/1704/1356 
f 1488/1705/1357 1487/1704/1356 1486/1703/1355 1489/1706/1358 
f 1488/1705/1357 1489/1706/1358 1490/1707/1359 
f 1491/1708/1360 1490/1707/1359 1489/1706/1358 1492/1709/1361 
f 1491/1708/1360 1492/1709/1361 1493/1710/1362 
f 1494/1711/1363 1495/1712/1364 1496/1713/1365 1497/1714/1366 
f 1494/1711/1363 1497/1714/1366 1498/1715/1367 
f 1499/1716/1368 1498/1715/1367 1497/1714/1366 1500/1717/1369 
f 1499/1716/1368 1500/1717/1369 1501/1718/1370 
f 1502/1719/1371 1501/1718/1370 1500/1717/1369 1503/1720/1372 
f 1502/1719/1371 1503/1720/1372 1504/1721/1373 
f 1505/1722/1374 1504/1721/1373 1503/1720/1372 1506/1723/1375 
f 1505/1722/1374 1506/1723/1375 1507/1724/1376 
f 1508/1725/1377 1507/1724/1376 1506/1723/1375 1509/1726/1378 
f 1508/1725/1377 1509/1726/1378 1510/1727/1379 
f 1511/1728/1380 1510/1727/1379 1509/1726/1378 
f 1512/1729/1381 1513/1730/1382 1514/1731/1383 1515/1732/1384 
f 1512/1729/1381 1515/1732/1384 1516/1733/1385 
f 1517/1734/1386 1516/1733/1385 1515/1732/1384 1518/1735/1387 
f 1517/1734/1386 1518/1735/1387 1519/1736/1388 
f 1520/1737/1389 1519/1736/1388 1518/1735/1387 1521/1738/1390 
f 1520/1737/1389 1521/1738/1390 1522/1739/1391 
f 1523/1740/1392 1522/1739/1391 1521/1738/1390 1524/1741/1393 
f 1523/1740/1392 1524/1741/1393 1525/1742/1394 
f 1526/1743/1395 1525/1742/1394 1524/1741/1393 1527/1744/1396 
f 1526/1743/1395 1527/1744/1396 1528/1745/1397 
f 1529/1746/1398 1528/1745/1397 1527/1744/1396 1530/1747/1399 
f 1529/1746/1398 1530/1747/1399 1531/1748/1400 
f 1532/1749/1401 1531/1748/1400 1530/1747/1399 1533/1750/1402 
f 1532/1749/1401 1533/1750/1402 1534/1751/1403 
f 1535/1752/1404 1534/1751/1403 1533/1750/1402 1536/1753/1405 
f 1535/1752/1404 1536/1753/1405 1537/1754/1406 
f 1538/1755/1407 1537/1754/1406 1536/1753/1405 1539/1756/1408 
f 1538/1755/1407 1539/1756/1408 1540/1757/1409 
f 1541/1758/1410 1540/1757/1409 1539/1756/1408 1542/1759/1411 
f 1541/1758/1410 1542/1759/1411 1543/1760/1412 
f 1544/1761/1413 1543/1760/1412 1542/1759/1411 1545/1762/1414 
f 1544/1761/1413 1545/1762/1414 1546/1763/1415 
f 1547/1764/1416 1546/1763/1415 1545/1762/1414 1548/1765/1417 
f 1547/1764/1416 1548/1765/1417 1549/1766/1418 
f 1550/1767/1419 1549/1766/1418 1548/1765/1417 1551/1768/1420 
f 1550/1767/1419 1551/1768/1420 1552/1769/1421 
f 1553/1770/1422 1552/1769/1421 1551/1768/1420 1554/1771/1423 
f 1553/1770/1422 1554/1771/1423 1555/1772/1424 
f 1556/1773/1425 1555/1772/1424 1554/1771/1423 1557/1774/1426 
f 1556/1773/1425 1557/1774/1426 1558/1775/1427 
f 1559/1776/1428 1558/1775/1427 1557/1774/1426 1560/1777/1429 
f 1559/1776/1428 1560/1777/1429 1561/1778/1430 
f 1562/1779/1431 1561/1778/1430 1560/1777/1429 1563/1780/1432 
f 1562/1779/1431 1563/1780/1432 1564/1781/1433 
f 1565/1782/1434 1564/1781/1433 1563/1780/1432 1566/1783/1435 
f 1565/1782/1434 1566/1783/1435 1567/1784/1436 
f 1568/1785/1437 1567/1784/1436 1566/1783/1435 1569/1786/1438 
f 1568/1785/1437 1569/1786/1438 1570/1787/1439 
f 1571/1788/1440 1570/1787/1439 1569/1786/1438 1572/1789/1441 
f 1571/1788/1440 1572/1789/1441 1573/1790/1442 
f 1574/1791/1443 1573/1790/1442 1572/1789/1441 1575/1792/1444 
f 1574/1791/1443 1575/1792/1444 1576/1793/1445 
f 1577/1794/1446 1576/1793/1445 1575/1792/1444 1578/1795/1447 
f 1577/1794/1446 1578/1795/1447 1579/1796/1448 
f 1580/1797/1449 1579/1798/1448 1578/1799/1447 1581/1800/1450 
f 1580/1797/1449 1581/1800/1450 1582/1801/1451 
f 1583/1802/1452 1582/1801/1451 1581/1800/1450 1584/1803/1453 
f 1583/1802/1452 1584/1803/1453 1585/1804/1454 
f 1586/1805/1455 1585/1804/1454 1584/1803/1453 1587/1806/1456 
f 1586/1805/1455 1587/1806/1456 1588/1807/1457 
f 1589/1808/1458 1588/1807/1457 1587/1806/1456 1590/1809/1459 
f 1589/1808/1458 1590/1809/1459 1591/1810/1460 
f 1592/1811/1461 1591/1810/1460 1590/1809/1459 1475/1692/1344 
f 1592/1811/1461 1475/1692/1344 1477/1694/1346 
f 1587/1806/1456 1593/1812/1462 1594/1813/1463 1590/1809/1459 
f 1593/1812/1462 1595/1814/1464 1596/1815/1465 1594/1813/1463 
f 1595/1814/1464 1597/1816/1466 1598/1817/1467 1596/1815/1465 
f 1597/1816/1466 1599/1818/1468 1600/1819/1469 1598/1817/1467 
f 1601/1820/1470 1602/1821/1471 1599/1818/1468 1597/1816/1466 
f 1603/1822/1472 1604/1823/1473 1602/1821/1471 1601/1820/1470 
f 1605/1824/1474 1606/1825/1475 1604/1823/1473 1603/1822/1472 
f 1607/1826/1476 1608/1827/1477 1606/1828/1475 1605/1829/1474 
f 1609/1830/1478 1610/1831/1479 1608/1827/1477 1607/1826/1476 
f 1611/1832/1480 1612/1833/1481 1610/1831/1479 1609/1830/1478 
f 1613/1834/1482 1614/1835/1483 1612/1833/1481 1611/1832/1480 
f 1615/1836/1484 1616/1837/1485 1614/1835/1483 1613/1834/1482 
f 1617/1838/1486 1618/1839/1487 1616/1837/1485 1615/1836/1484 
f 1619/1840/1488 1620/1841/1489 1618/1839/1487 1617/1838/1486 
f 1621/1842/1490 1622/1843/1491 1620/1841/1489 1619/1840/1488 
f 1623/1844/1492 1624/1845/1493 1622/1843/1491 1621/1842/1490 
f 1625/1846/1494 1626/1847/1495 1624/1845/1493 1623/1844/1492 
f 1627/1848/1496 1628/1849/1497 1626/1847/1495 1625/1846/1494 
f 1629/1850/1498 1630/1851/1499 1628/1849/1497 1627/1848/1496 
f 1631/1852/1500 1632/1853/1501 1630/1851/1499 1629/1850/1498 
f 1631/1852/1500 1633/1854/1502 1634/1855/1503 1635/1856/1504 
f 1633/1854/1502 1636/1857/1505 1637/1858/1506 1634/1855/1503 
f 1636/1857/1505 1539/1756/1408 1536/1753/1405 1637/1858/1506 
f 1638/1859/1507 1639/1860/1508 1636/1857/1505 1633/1854/1502 
f 1639/1860/1508 1542/1759/1411 1539/1756/1408 1636/1857/1505 
f 1640/1861/1509 1641/1862/1510 1639/1860/1508 1638/1859/1507 
f 1641/1862/1510 1545/1762/1414 1542/1759/1411 1639/1860/1508 
f 1642/1863/1511 1643/1864/1512 1641/1862/1510 1640/1861/1509 
f 1643/1864/1512 1548/1765/1417 1545/1762/1414 1641/1862/1510 
f 1644/1865/1513 1645/1866/1514 1643/1864/1512 1642/1863/1511 
f 1645/1866/1514 1551/1768/1420 1548/1765/1417 1643/1864/1512 
f 1646/1867/1515 1647/1868/1516 1645/1866/1514 1644/1865/1513 
f 1647/1868/1516 1554/1771/1423 1551/1768/1420 1645/1866/1514 
f 1648/1869/1517 1649/1870/1518 1647/1868/1516 1646/1867/1515 
f 1649/1870/1518 1557/1774/1426 1554/1771/1423 1647/1868/1516 
f 1650/1871/1519 1651/1872/1520 1649/1870/1518 1648/1869/1517 
f 1651/1872/1520 1560/1777/1429 1557/1774/1426 1649/1870/1518 
f 1652/1873/1521 1653/1874/1522 1651/1872/1520 1650/1871/1519 
f 1653/1874/1522 1563/1780/1432 1560/1777/1429 1651/1872/1520 
f 1654/1875/1523 1655/1876/1524 1653/1874/1522 1652/1873/1521 
f 1655/1876/1524 1566/1783/1435 1563/1780/1432 1653/1874/1522 
f 1656/1877/1525 1657/1878/1526 1655/1876/1524 1654/1875/1523 
f 1657/1878/1526 1569/1786/1438 1566/1783/1435 1655/1876/1524 
f 1658/1879/1527 1659/1880/1528 1657/1878/1526 1656/1877/1525 
f 1659/1880/1528 1572/1789/1441 1569/1786/1438 1657/1878/1526 
f 1660/1881/1529 1661/1882/1530 1659/1880/1528 1658/1879/1527 
f 1661/1882/1530 1575/1792/1444 1572/1789/1441 1659/1880/1528 
f 1662/1883/1531 1663/1884/1532 1661/1882/1530 1660/1881/1529 
f 1663/1884/1532 1578/1795/1447 1575/1792/1444 1661/1882/1530 
f 1664/1885/1533 1665/1886/1534 1663/1887/1532 1662/1888/1531 
f 1665/1886/1534 1581/1800/1450 1578/1799/1447 1663/1887/1532 
f 1666/1889/1535 1667/1890/1536 1665/1886/1534 1664/1885/1533 
f 1667/1890/1536 1584/1803/1453 1581/1800/1450 1665/1886/1534 
f 1595/1814/1464 1593/1812/1462 1667/1890/1536 1666/1889/1535 
f 1664/1885/1533 1603/1822/1472 1601/1820/1470 1666/1889/1535 
f 1662/1888/1531 1605/1824/1474 1603/1822/1472 1664/1885/1533 
f 1660/1881/1529 1607/1826/1476 1605/1829/1474 1662/1883/1531 
f 1658/1879/1527 1609/1830/1478 1607/1826/1476 1660/1881/1529 
f 1656/1877/1525 1611/1832/1480 1609/1830/1478 1658/1879/1527 
f 1654/1875/1523 1613/1834/1482 1611/1832/1480 1656/1877/1525 
f 1652/1873/1521 1615/1836/1484 1613/1834/1482 1654/1875/1523 
f 1650/1871/1519 1617/1838/1486 1615/1836/1484 1652/1873/1521 
f 1648/1869/1517 1619/1840/1488 1617/1838/1486 1650/1871/1519 
f 1646/1867/1515 1621/1842/1490 1619/1840/1488 1648/1869/1517 
f 1644/1865/1513 1623/1844/1492 1621/1842/1490 1646/1867/1515 
f 1642/1863/1511 1625/1846/1494 1623/1844/1492 1644/1865/1513 
f 1640/1861/1509 1627/1848/1496 1625/1846/1494 1642/1863/1511 
f 1638/1859/1507 1629/1850/1498 1627/1848/1496 1640/1861/1509 
f 1633/1854/1502 1631/1852/1500 1629/1850/1498 1638/1859/1507 
f 1668/1891/1537 1669/1892/1538 1634/1855/1503 1637/1858/1506 
f 1670/1893/1539 1671/1894/1540 1669/1892/1538 1668/1891/1537 
f 1671/1894/1540 1672/1895/1541 1673/1896/1542 1669/1892/1538 
f 1674/1897/1543 1675/1898/1544 1673/1896/1542 1672/1895/1541 
f 1674/1897/1543 1672/1895/1541 1676/1899/1545 
f 1677/1900/1546 1676/1899/1545 1672/1895/1541 1678/1901/1547 
f 1677/1900/1546 1678/1901/1547 1679/1902/1548 
f 1680/1903/1549 1679/1902/1548 1678/1901/1547 1681/1904/1550 
f 1680/1903/1549 1681/1904/1550 1682/1905/1551 
f 1683/1906/1552 1682/1905/1551 1681/1904/1550 1684/1907/1553 
f 1683/1906/1552 1684/1907/1553 1685/1908/1554 
f 1686/1909/1555 1685/1908/1554 1684/1907/1553 1687/1910/1556 
f 1686/1909/1555 1687/1910/1556 1688/1911/1557 
f 1689/1912/1558 1688/1911/1557 1687/1910/1556 1690/1913/1559 
f 1689/1912/1558 1690/1913/1559 1691/1914/1560 
f 1692/1915/1561 1691/1914/1560 1690/1913/1559 1693/1916/1562 
f 1692/1915/1561 1693/1916/1562 1694/1917/1563 
f 1695/1918/1564 1694/1917/1563 1693/1916/1562 1696/1919/1565 
f 1695/1918/1564 1696/1919/1565 1697/1920/1566 
f 1698/1921/1567 1697/1920/1566 1696/1919/1565 1699/1922/1568 
f 1698/1921/1567 1699/1922/1568 1700/1923/1569 
f 1701/1924/1570 1700/1923/1569 1699/1922/1568 1702/1925/1571 
f 1701/1924/1570 1702/1925/1571 1703/1926/1572 
f 1704/1927/1573 1703/1926/1572 1702/1925/1571 1705/1928/1574 
f 1704/1927/1573 1705/1928/1574 1706/1929/1575 
f 1707/1930/1576 1706/1929/1575 1705/1928/1574 1708/1931/1577 
f 1707/1930/1576 1708/1931/1577 1709/1932/1578 
f 1710/1933/1579 1709/1932/1578 1708/1931/1577 1711/1934/1580 
f 1710/1933/1579 1711/1934/1580 1712/1935/1581 
f 1713/1936/1582 1712/1935/1581 1711/1934/1580 1714/1937/1583 
f 1713/1936/1582 1714/1937/1583 1715/1938/1584 
f 1716/1939/1585 1715/1938/1584 1714/1937/1583 1717/1940/1586 
f 1716/1939/1585 1717/1940/1586 1718/1941/1587 
f 1719/1942/1588 1718/1941/1587 1717/1940/1586 1720/1943/1589 
f 1719/1942/1588 1720/1943/1589 1721/1944/1590 
f 1722/1945/1591 1721/1944/1590 1720/1943/1589 1448/1665/1317 
f 1722/1945/1591 1448/1665/1317 1447/1664/1316 
f 1720/1943/1589 1723/1946/1592 1724/1947/1593 1448/1665/1317 
f 1723/1946/1592 1725/1948/1594 1726/1949/1595 1724/1947/1593 
f 1725/1948/1594 1727/1950/1596 1728/1951/1597 1726/1949/1595 
f 1727/1950/1596 1729/1952/1598 1730/1953/1599 1728/1951/1597 
f 1731/1954/1600 1732/1955/1601 1729/1952/1598 1727/1950/1596 
f 1733/1956/1602 1734/1957/1603 1732/1955/1601 1731/1954/1600 
f 1735/1958/1604 1496/1713/1365 1734/1957/1603 1733/1956/1602 
f 1736/1959/1605 1497/1714/1366 1496/1713/1365 1735/1958/1604 
f 1735/1958/1604 1737/1960/1606 1738/1961/1607 1736/1959/1605 
f 1737/1960/1606 1739/1962/1608 1740/1963/1609 1738/1961/1607 
f 1739/1962/1608 1711/1934/1580 1708/1931/1577 1740/1963/1609 
f 1741/1964/1610 1742/1965/1611 1739/1962/1608 1737/1960/1606 
f 1742/1965/1611 1714/1937/1583 1711/1934/1580 1739/1962/1608 
f 1743/1966/1612 1744/1967/1613 1742/1965/1611 1741/1964/1610 
f 1744/1967/1613 1717/1940/1586 1714/1937/1583 1742/1965/1611 
f 1725/1948/1594 1723/1946/1592 1744/1967/1613 1743/1966/1612 
f 1741/1964/1610 1733/1956/1602 1731/1954/1600 1743/1966/1612 
f 1737/1960/1606 1735/1958/1604 1733/1956/1602 1741/1964/1610 
f 1745/1968/1614 1746/1969/1615 1738/1961/1607 1740/1963/1609 
f 1747/1970/1616 1748/1971/1617 1746/1969/1615 1745/1968/1614 
f 1748/1971/1617 1749/1972/1618 1750/1973/1619 1746/1969/1615 
f 1749/1972/1618 1503/1720/1372 1500/1717/1369 1750/1973/1619 
f 1751/1974/1620 1752/1975/1621 1749/1972/1618 1748/1971/1617 
f 1752/1975/1621 1506/1723/1375 1503/1720/1372 1749/1972/1618 
f 1753/1976/1622 1754/1977/1623 1752/1975/1621 1751/1974/1620 
f 1754/1977/1623 1509/1726/1378 1506/1723/1375 1752/1975/1621 
f 1755/1978/1624 1514/1731/1383 1754/1977/1623 1753/1976/1622 
f 1756/1979/1625 1515/1732/1384 1514/1731/1383 1755/1978/1624 
f 1755/1978/1624 1757/1980/1626 1758/1981/1627 1756/1979/1625 
f 1757/1980/1626 1693/1916/1562 1690/1913/1559 1758/1981/1627 
f 1759/1982/1628 1760/1983/1629 1756/1979/1625 1758/1981/1627 
f 1760/1983/1629 1518/1735/1387 1515/1732/1384 1756/1979/1625 
f 1761/1984/1630 1762/1985/1631 1760/1983/1629 1759/1982/1628 
f 1762/1985/1631 1521/1738/1390 1518/1735/1387 1760/1983/1629 
f 1763/1986/1632 1764/1987/1633 1762/1985/1631 1761/1984/1630 
f 1764/1987/1633 1524/1741/1393 1521/1738/1390 1762/1985/1631 
f 1765/1988/1634 1766/1989/1635 1764/1987/1633 1763/1986/1632 
f 1766/1989/1635 1527/1744/1396 1524/1741/1393 1764/1987/1633 
f 1671/1894/1540 1670/1893/1539 1766/1989/1635 1765/1988/1634 
f 1763/1986/1632 1681/1904/1550 1678/1901/1547 1765/1988/1634 
f 1761/1984/1630 1684/1907/1553 1681/1904/1550 1763/1986/1632 
f 1759/1982/1628 1687/1910/1556 1684/1907/1553 1761/1984/1630 
f 1758/1981/1627 1690/1913/1559 1687/1910/1556 1759/1982/1628 
f 1753/1976/1622 1767/1990/1636 1757/1980/1626 1755/1978/1624 
f 1767/1990/1636 1696/1919/1565 1693/1916/1562 1757/1980/1626 
f 1751/1974/1620 1768/1991/1637 1767/1990/1636 1753/1976/1622 
f 1768/1991/1637 1699/1922/1568 1696/1919/1565 1767/1990/1636 
f 1748/1971/1617 1747/1970/1616 1768/1991/1637 1751/1974/1620 
f 1736/1959/1605 1738/1961/1607 1746/1969/1615 1750/1973/1619 
f 1750/1973/1619 1500/1717/1369 1497/1714/1366 1736/1959/1605 
f 1747/1970/1616 1702/1925/1571 1699/1922/1568 1768/1991/1637 
f 1745/1968/1614 1705/1928/1574 1702/1925/1571 1747/1970/1616 
f 1740/1963/1609 1708/1931/1577 1705/1928/1574 1745/1968/1614 
f 1727/1950/1596 1725/1948/1594 1743/1966/1612 1731/1954/1600 
f 1769/1992/1638 1770/1993/1639 1728/1951/1597 1730/1953/1599 
f 1771/1994/1640 1772/1995/1641 1770/1993/1639 1769/1992/1638 
f 1772/1995/1641 1773/1996/1642 1774/1997/1643 1770/1993/1639 
f 1773/1996/1642 1775/1998/1644 1776/1999/1645 1774/1997/1643 
f 1775/1998/1644 1452/1669/1321 1449/1666/1318 1776/1999/1645 
f 1777/2000/1646 1778/2001/1647 1775/1998/1644 1773/1996/1642 
f 1778/2001/1647 1455/1672/1324 1452/1669/1321 1775/1998/1644 
f 1779/2002/1648 1780/2003/1649 1778/2001/1647 1777/2000/1646 
f 1780/2003/1649 1458/1675/1327 1455/1672/1324 1778/2001/1647 
f 1781/2004/1650 1782/2005/1651 1780/2003/1649 1779/2002/1648 
f 1782/2005/1651 1461/1678/1330 1458/1675/1327 1780/2003/1649 
f 1783/2006/1652 1784/2007/1653 1782/2005/1651 1781/2004/1650 
f 1784/2007/1653 1785/2008/1654 1461/1678/1330 1782/2005/1651 
f 1786/2009/1655 1787/2010/1656 1784/2007/1653 1783/2006/1652 
f 1787/2010/1656 1788/2011/1657 1785/2008/1654 1784/2007/1653 
f 1789/2012/1658 1790/2013/1659 1788/2011/1657 1787/2010/1656 
f 1791/2014/1660 1792/2015/1661 1790/2013/1659 1789/2012/1658 
f 1793/2016/1662 1794/2017/1663 1792/2015/1661 1791/2014/1660 
f 1795/2018/1664 1796/2019/1665 1794/2017/1663 1793/2016/1662 
f 1797/2020/1666 1798/2021/1667 1796/2019/1665 1795/2018/1664 
f 1799/2022/1668 1800/2023/1669 1798/2021/1667 1797/2020/1666 
f 1801/2024/1670 1802/2025/1671 1800/2023/1669 1799/2022/1668 
f 1803/2026/1672 1804/2027/1673 1802/2025/1671 1801/2024/1670 
f 1805/2028/1674 1806/2029/1675 1804/2027/1673 1803/2026/1672 
f 1807/2030/1676 1808/2031/1677 1806/2029/1675 1805/2028/1674 
f 1809/2032/1678 1810/2033/1679 1808/2031/1677 1807/2030/1676 
f 1811/2034/1680 1812/2035/1681 1810/2033/1679 1809/2032/1678 
f 1813/2036/1682 1814/2037/1683 1812/2035/1681 1811/2034/1680 
f 1815/2038/1684 1816/2039/1685 1814/2037/1683 1813/2036/1682 
f 1817/2040/1686 1818/2041/1687 1816/2039/1685 1815/2038/1684 
f 1819/2042/1688 1820/2043/1689 1818/2041/1687 1817/2040/1686 
f 1821/2044/1690 1822/2045/1691 1820/2043/1689 1819/2042/1688 
f 1823/2046/1692 1824/2047/1693 1822/2045/1691 1821/2044/1690 
f 1470/1687/1339 1468/1685/1337 1824/2047/1693 1823/2046/1692 
f 1821/2044/1690 1825/2048/1694 1826/2049/1695 1823/2046/1692 
f 1825/2048/1694 1483/1700/1352 1480/1697/1349 1826/2049/1695 
f 1472/1689/1341 1470/1687/1339 1823/2046/1692 1826/2049/1695 
f 1819/2042/1688 1827/2050/1696 1825/2048/1694 1821/2044/1690 
f 1827/2050/1696 1486/1703/1355 1483/1700/1352 1825/2048/1694 
f 1817/2040/1686 1828/2051/1697 1827/2050/1696 1819/2042/1688 
f 1828/2051/1697 1489/1706/1358 1486/1703/1355 1827/2050/1696 
f 1815/2038/1684 1829/2052/1698 1828/2051/1697 1817/2040/1686 
f 1829/2052/1698 1492/1709/1361 1489/1706/1358 1828/2051/1697 
f 1813/2036/1682 1830/2053/1699 1829/2052/1698 1815/2038/1684 
f 1830/2053/1699 1831/2054/1700 1492/1709/1361 1829/2052/1698 
f 1832/2055/1701 1833/2056/1702 1831/2054/1700 1830/2053/1699 
f 1834/2057/1703 1835/2058/1704 1833/2056/1702 1832/2055/1701 
f 1836/2059/1705 1837/2060/1706 1835/2058/1704 1834/2057/1703 
f 1838/2061/1707 1839/2062/1708 1837/2060/1706 1836/2059/1705 
f 1840/2063/1709 1841/2064/1710 1839/2062/1708 1838/2061/1707 
f 1841/2064/1710 1842/2065/1711 1843/2066/1712 1839/2062/1708 
f 1844/2067/1713 1845/2068/1714 1842/2065/1711 1841/2064/1710 
f 1846/2069/1715 1847/2070/1716 1845/2068/1714 1844/2067/1713 
f 1848/2071/1717 1849/2072/1718 1847/2070/1716 1846/2069/1715 
f 1850/2073/1719 1851/2074/1720 1849/2072/1718 1848/2071/1717 
f 1852/2075/1721 1853/2076/1722 1851/2074/1720 1850/2073/1719 
f 1854/2077/1723 1855/2078/1724 1853/2076/1722 1852/2075/1721 
f 1856/2079/1725 1857/2080/1726 1855/2078/1724 1854/2077/1723 
f 1858/2081/1727 1859/2082/1728 1857/2080/1726 1856/2079/1725 
f 1860/2083/1729 1861/2084/1730 1859/2082/1728 1858/2081/1727 
f 1862/2085/1731 1863/2086/1732 1861/2084/1730 1860/2083/1729 
f 1864/2087/1733 1865/2088/1734 1863/2086/1732 1862/2085/1731 
f 1866/2089/1735 1867/2090/1736 1865/2088/1734 1864/2087/1733 
f 1772/1995/1641 1771/2091/1640 1867/2090/1736 1866/2089/1735 
f 1864/2087/1733 1779/2002/1648 1777/2000/1646 1866/2089/1735 
f 1862/2085/1731 1781/2004/1650 1779/2002/1648 1864/2087/1733 
f 1860/2083/1729 1783/2006/1652 1781/2004/1650 1862/2085/1731 
f 1858/2081/1727 1786/2009/1655 1783/2006/1652 1860/2083/1729 
f 1856/2079/1725 1868/2092/1737 1786/2009/1655 1858/2081/1727 
f 1854/2077/1723 1869/2093/1738 1868/2092/1737 1856/2079/1725 
f 1869/2093/1738 1791/2014/1660 1789/2012/1658 1868/2092/1737 
f 1852/2075/1721 1870/2094/1739 1869/2093/1738 1854/2077/1723 
f 1870/2094/1739 1793/2016/1662 1791/2014/1660 1869/2093/1738 
f 1850/2073/1719 1871/2095/1740 1870/2094/1739 1852/2075/1721 
f 1871/2095/1740 1795/2018/1664 1793/2016/1662 1870/2094/1739 
f 1848/2071/1717 1872/2096/1741 1871/2095/1740 1850/2073/1719 
f 1872/2096/1741 1797/2020/1666 1795/2018/1664 1871/2095/1740 
f 1846/2069/1715 1873/2097/1742 1872/2096/1741 1848/2071/1717 
f 1873/2097/1742 1799/2022/1668 1797/2020/1666 1872/2096/1741 
f 1844/2067/1713 1874/2098/1743 1873/2097/1742 1846/2069/1715 
f 1874/2098/1743 1801/2024/1670 1799/2022/1668 1873/2097/1742 
f 1841/2064/1710 1840/2063/1709 1874/2098/1743 1844/2067/1713 
f 1840/2063/1709 1803/2026/1672 1801/2024/1670 1874/2098/1743 
f 1838/2061/1707 1805/2028/1674 1803/2026/1672 1840/2063/1709 
f 1836/2059/1705 1807/2030/1676 1805/2028/1674 1838/2061/1707 
f 1834/2057/1703 1809/2032/1678 1807/2030/1676 1836/2059/1705 
f 1832/2055/1701 1811/2034/1680 1809/2032/1678 1834/2057/1703 
f 1830/2053/1699 1813/2036/1682 1811/2034/1680 1832/2055/1701 
f 1787/2010/1656 1786/2009/1655 1868/2092/1737 1789/2012/1658 
f 1773/1996/1642 1772/1995/1641 1866/2089/1735 1777/2000/1646 
f 1724/1947/1593 1726/1949/1595 1774/1997/1643 1776/1999/1645 
f 1726/1949/1595 1728/1951/1597 1770/1993/1639 1774/1997/1643 
f 1723/1946/1592 1720/1943/1589 1717/1940/1586 1744/1967/1613 
f 1776/1999/1645 1449/1666/1318 1448/1665/1317 1724/1947/1593 
f 1672/1895/1541 1671/1894/1540 1765/1988/1634 1678/1901/1547 
f 1875/2099/1744 1876/2100/1745 1635/1856/1504 1673/1896/1542 
f 1675/1898/1544 1875/2099/1744 1673/1896/1542 
f 1635/1856/1504 1634/1855/1503 1669/1892/1538 1673/1896/1542 
f 1670/1893/1539 1530/1747/1399 1527/1744/1396 1766/1989/1635 
f 1668/1891/1537 1533/1750/1402 1530/1747/1399 1670/1893/1539 
f 1637/1858/1506 1536/1753/1405 1533/1750/1402 1668/1891/1537 
f 1597/1816/1466 1595/1814/1464 1666/1889/1535 1601/1820/1470 
f 1465/1682/1334 1469/1686/1338 1598/1817/1467 1600/1819/1469 
f 1469/1686/1338 1471/1688/1340 1596/1815/1465 1598/1817/1467 
f 1593/1812/1462 1587/1806/1456 1584/1803/1453 1667/1890/1536 
f 1471/1688/1340 1473/1690/1342 1594/1813/1463 1596/1815/1465 
f 1473/1690/1342 1475/1692/1344 1590/1809/1459 1594/1813/1463 
f 1509/1726/1378 1754/1977/1623 1514/1731/1383 1511/1728/1380 
f 1514/1731/1383 1513/1730/1382 1511/1728/1380 
f 1877/2101/1746 1878/2102/1747 1734/1957/1603 1496/1713/1365 
f 1495/1712/1364 1877/2101/1746 1496/1713/1365 
f 1879/2103/1748 1880/2104/1749 1732/1955/1601 1734/1957/1603 
f 1878/2102/1747 1879/2103/1748 1734/1957/1603 
f 1881/2105/1750 1882/2106/1751 1729/1952/1598 1732/1955/1601 
f 1880/2104/1749 1881/2105/1750 1732/1955/1601 
f 1883/2107/1752 1884/2108/1753 1730/1953/1599 1729/1952/1598 
f 1882/2106/1751 1883/2107/1752 1729/1952/1598 
f 1885/2109/1754 1886/2110/1755 1769/1992/1638 1730/1953/1599 
f 1884/2108/1753 1885/2109/1754 1730/1953/1599 
f 1887/2111/1756 1888/2112/1757 1771/2091/1640 1769/1992/1638 
f 1886/2110/1755 1887/2111/1756 1769/1992/1638 
f 1889/2113/1758 1890/2114/1759 1867/2090/1736 1771/2091/1640 
f 1888/2112/1757 1889/2113/1758 1771/2091/1640 
f 1891/2115/1760 1892/2116/1761 1865/2088/1734 1867/2090/1736 
f 1890/2114/1759 1891/2115/1760 1867/2090/1736 
f 1893/2117/1762 1894/2118/1763 1863/2086/1732 1865/2088/1734 
f 1892/2116/1761 1893/2117/1762 1865/2088/1734 
f 1895/2119/1764 1896/2120/1765 1861/2084/1730 1863/2086/1732 
f 1894/2118/1763 1895/2119/1764 1863/2086/1732 
f 1897/2121/1766 1898/2122/1767 1859/2082/1728 1861/2084/1730 
f 1896/2120/1765 1897/2121/1766 1861/2084/1730 
f 1899/2123/1768 1900/2124/1769 1857/2080/1726 1859/2082/1728 
f 1898/2122/1767 1899/2123/1768 1859/2082/1728 
f 1901/2125/1770 1902/2126/1771 1855/2078/1724 1857/2080/1726 
f 1900/2124/1769 1901/2125/1770 1857/2080/1726 
f 1903/2127/1772 1904/2128/1773 1853/2076/1722 1855/2078/1724 
f 1902/2126/1771 1903/2127/1772 1855/2078/1724 
f 1905/2129/1774 1906/2130/1775 1851/2074/1720 1853/2076/1722 
f 1904/2128/1773 1905/2129/1774 1853/2076/1722 
f 1907/2131/1776 1908/2132/1777 1849/2072/1718 1851/2074/1720 
f 1906/2130/1775 1907/2131/1776 1851/2074/1720 
f 1909/2133/1778 1847/2070/1716 1849/2072/1718 1910/2134/1779 
f 1908/2132/1777 1910/2134/1779 1849/2072/1718 
f 1911/2135/1780 1845/2068/1714 1847/2070/1716 1912/2136/1781 
f 1909/2133/1778 1912/2136/1781 1847/2070/1716 
f 1913/2137/1782 1842/2065/1711 1845/2068/1714 1914/2138/1783 
f 1911/2135/1780 1914/2138/1783 1845/2068/1714 
f 1915/2139/1784 1843/2066/1712 1842/2065/1711 1916/2140/1785 
f 1913/2137/1782 1916/2140/1785 1842/2065/1711 
f 1917/2141/1786 1918/2142/1787 1843/2066/1712 1915/2139/1784 
f 1919/2143/1788 1920/2144/1789 1837/2060/1706 1839/2062/1708 
f 1839/2062/1708 1843/2066/1712 1918/2142/1787 1919/2143/1788 
f 1921/2145/1790 1922/2146/1791 1835/2058/1704 1837/2060/1706 
f 1920/2144/1789 1921/2145/1790 1837/2060/1706 
f 1923/2147/1792 1924/2148/1793 1833/2056/1702 1835/2058/1704 
f 1922/2146/1791 1923/2147/1792 1835/2058/1704 
f 1925/2149/1794 1926/2150/1795 1831/2054/1700 1833/2056/1702 
f 1924/2148/1793 1925/2149/1794 1833/2056/1702 
f 1927/2151/1796 1493/1710/1362 1492/1709/1361 1831/2054/1700 
f 1926/2150/1795 1927/2151/1796 1831/2054/1700 
f 1474/1691/1343 1472/1689/1341 1826/2049/1695 1480/1697/1349 
f 1928/2152/1797 1464/1681/1333 1463/1680/1332 
f 1929/2153/1798 1930/2154/1799 1824/2047/1693 1468/1685/1337 
f 1468/1685/1337 1464/1681/1333 1928/2152/1797 1929/2153/1798 
f 1931/2155/1800 1932/2156/1801 1822/2045/1691 1824/2047/1693 
f 1930/2154/1799 1931/2155/1800 1824/2047/1693 
f 1933/2157/1802 1934/2158/1803 1820/2043/1689 1822/2045/1691 
f 1932/2156/1801 1933/2157/1802 1822/2045/1691 
f 1935/2159/1804 1936/2160/1805 1818/2041/1687 1820/2043/1689 
f 1934/2158/1803 1935/2159/1804 1820/2043/1689 
f 1937/2161/1806 1938/2162/1807 1816/2039/1685 1818/2041/1687 
f 1936/2160/1805 1937/2161/1806 1818/2041/1687 
f 1939/2163/1808 1940/2164/1809 1814/2037/1683 1816/2039/1685 
f 1938/2162/1807 1939/2163/1808 1816/2039/1685 
f 1941/2165/1810 1942/2166/1811 1812/2035/1681 1814/2037/1683 
f 1940/2164/1809 1941/2165/1810 1814/2037/1683 
f 1943/2167/1812 1944/2168/1813 1810/2033/1679 1812/2035/1681 
f 1942/2166/1811 1943/2167/1812 1812/2035/1681 
f 1945/2169/1814 1946/2170/1815 1808/2031/1677 1810/2033/1679 
f 1944/2168/1813 1945/2169/1814 1810/2033/1679 
f 1947/2171/1816 1948/2172/1817 1806/2029/1675 1808/2031/1677 
f 1946/2170/1815 1947/2171/1816 1808/2031/1677 
f 1949/2173/1818 1950/2174/1819 1804/2027/1673 1806/2029/1675 
f 1948/2172/1817 1949/2173/1818 1806/2029/1675 
f 1951/2175/1820 1952/2176/1821 1802/2025/1671 1804/2027/1673 
f 1950/2174/1819 1951/2175/1820 1804/2027/1673 
f 1953/2177/1822 1954/2178/1823 1800/2023/1669 1802/2025/1671 
f 1952/2176/1821 1953/2177/1822 1802/2025/1671 
f 1955/2179/1824 1956/2180/1825 1798/2021/1667 1800/2023/1669 
f 1954/2178/1823 1955/2179/1824 1800/2023/1669 
f 1957/2181/1826 1796/2019/1665 1798/2021/1667 1958/2182/1827 
f 1956/2180/1825 1958/2182/1827 1798/2021/1667 
f 1959/2183/1828 1794/2017/1663 1796/2019/1665 1960/2184/1829 
f 1957/2181/1826 1960/2184/1829 1796/2019/1665 
f 1961/2185/1830 1792/2015/1661 1794/2017/1663 1962/2186/1831 
f 1959/2183/1828 1962/2186/1831 1794/2017/1663 
f 1963/2187/1832 1790/2013/1659 1792/2015/1661 1964/2188/1833 
f 1961/2185/1830 1964/2188/1833 1792/2015/1661 
f 1965/2189/1834 1788/2011/1657 1790/2013/1659 1966/2190/1835 
f 1963/2187/1832 1966/2190/1835 1790/2013/1659 
f 1967/2191/1836 1785/2008/1654 1788/2011/1657 1968/2192/1837 
f 1965/2189/1834 1968/2192/1837 1788/2011/1657 
f 1632/1853/1501 1631/1852/1500 1635/1856/1504 1969/2193/1838 
f 1969/2193/1838 1635/1856/1504 1876/2100/1745 
f 1969/2193/1838 1970/2194/1839 1632/1853/1501 
f 1971/2195/1840 1972/2196/1841 1630/1851/1499 1632/1853/1501 
f 1970/2194/1839 1971/2195/1840 1632/1853/1501 
f 1973/2197/1842 1974/2198/1843 1628/1849/1497 1630/1851/1499 
f 1972/2196/1841 1973/2197/1842 1630/1851/1499 
f 1975/2199/1844 1976/2200/1845 1626/1847/1495 1628/1849/1497 
f 1974/2198/1843 1975/2199/1844 1628/1849/1497 
f 1977/2201/1846 1978/2202/1847 1624/1845/1493 1626/1847/1495 
f 1976/2200/1845 1977/2201/1846 1626/1847/1495 
f 1979/2203/1848 1980/2204/1849 1622/1843/1491 1624/1845/1493 
f 1978/2202/1847 1979/2203/1848 1624/1845/1493 
f 1981/2205/1850 1982/2206/1851 1620/1841/1489 1622/1843/1491 
f 1980/2204/1849 1981/2205/1850 1622/1843/1491 
f 1983/2207/1852 1984/2208/1853 1618/1839/1487 1620/1841/1489 
f 1982/2206/1851 1983/2207/1852 1620/1841/1489 
f 1985/2209/1854 1986/2210/1855 1616/1837/1485 1618/1839/1487 
f 1984/2208/1853 1985/2209/1854 1618/1839/1487 
f 1987/2211/1856 1988/2212/1857 1614/1835/1483 1616/1837/1485 
f 1986/2210/1855 1987/2211/1856 1616/1837/1485 
f 1989/2213/1858 1990/2214/1859 1612/1833/1481 1614/1835/1483 
f 1988/2212/1857 1989/2213/1858 1614/1835/1483 
f 1991/2215/1860 1992/2216/1861 1610/1831/1479 1612/1833/1481 
f 1990/2214/1859 1991/2215/1860 1612/1833/1481 
f 1993/2217/1862 1994/2218/1863 1608/1827/1477 1610/1831/1479 
f 1992/2216/1861 1993/2217/1862 1610/1831/1479 
f 1995/2219/1864 1996/2220/1865 1606/1828/1475 1608/1827/1477 
f 1994/2218/1863 1995/2219/1864 1608/1827/1477 
f 1997/2221/1866 1998/2222/1867 1604/1823/1473 1606/1825/1475 
f 1996/2223/1865 1997/2221/1866 1606/1825/1475 
f 1999/2224/1868 2000/2225/1869 1602/1821/1471 1604/1823/1473 
f 1998/2222/1867 1999/2224/1868 1604/1823/1473 
f 2001/2226/1870 1599/1818/1468 1602/1821/1471 2002/2227/1871 
f 2000/2225/1869 2002/2227/1871 1602/1821/1471 
f 2003/2228/1872 1600/1819/1469 1599/1818/1468 2004/2229/1873 
f 2001/2226/1870 2004/2229/1873 1599/1818/1468 
f 1467/1684/1336 1465/1682/1334 1600/1819/1469 2005/2230/1874 
f 2003/2228/1872 2005/2230/1874 1600/1819/1469 
f 2006/2231/1875 1462/1679/1331 1461/1678/1330 1785/2008/1654 
f 1967/2191/1836 2006/2231/1875 1785/2008/1654 
s 4
f 1981/2232/1850 1980/2233/1849 1979/2234/1848 1983/2235/1852 
f 1674/2236/1543 1676/2237/1545 1677/2238/1546 1988/2239/1857 
f 1698/2240/1567 1700/2241/1569 1701/2242/1570 1990/2243/1859 
f 2006/2244/1875 1967/2245/1836 1968/2246/1837 1965/2247/1834 
f 2006/2244/1875 1965/2247/1834 1966/2248/1835 1963/2249/1832 
f 2006/2244/1875 1963/2249/1832 1964/2250/1833 1961/2251/1830 
f 2006/2244/1875 1961/2251/1830 1962/2252/1831 1959/2253/1828 
f 2006/2244/1875 1959/2253/1828 1960/2254/1829 1957/2255/1826 
f 2006/2244/1875 1957/2255/1826 1958/2256/1827 1956/2257/1825 
f 2006/2244/1875 1956/2257/1825 1955/2258/1824 1954/2259/1823 
f 2006/2244/1875 1954/2259/1823 1953/2260/1822 1952/2261/1821 
f 2006/2244/1875 1952/2261/1821 1951/2262/1820 1950/2263/1819 
f 2006/2244/1875 1950/2263/1819 1949/2264/1818 1948/2265/1817 
f 2006/2244/1875 1948/2265/1817 1947/2266/1816 1946/2267/1815 
f 2006/2244/1875 1946/2267/1815 1945/2268/1814 1944/2269/1813 
f 2006/2244/1875 1944/2269/1813 1943/2270/1812 1942/2271/1811 
f 2006/2244/1875 1942/2271/1811 1941/2272/1810 1940/2273/1809 
f 2006/2244/1875 1940/2273/1809 1939/2274/1808 1938/2275/1807 
f 2006/2244/1875 1938/2275/1807 1937/2276/1806 1936/2277/1805 
f 2006/2244/1875 1936/2277/1805 1935/2278/1804 1934/2279/1803 
f 2006/2244/1875 1934/2279/1803 1933/2280/1802 1932/2281/1801 
f 2006/2244/1875 1932/2281/1801 1931/2282/1800 1930/2283/1799 
f 2006/2244/1875 1930/2283/1799 1929/2284/1798 1928/2285/1797 
f 2006/2244/1875 1928/2285/1797 1463/2286/1332 
f 2006/2244/1875 1463/2286/1332 1466/2287/1335 1467/2288/1336 
f 2006/2244/1875 1467/2288/1336 2005/2289/1874 2003/2290/1872 
f 2006/2244/1875 2003/2290/1872 2004/2291/1873 2001/2292/1870 
f 2006/2244/1875 2001/2292/1870 2002/2293/1871 2000/2294/1869 
f 2006/2244/1875 2000/2294/1869 1999/2295/1868 1998/2296/1867 
f 2006/2244/1875 1998/2296/1867 1997/2297/1866 1996/2298/1865 
f 2006/2244/1875 1996/2298/1865 1995/2299/1864 1994/2300/1863 
f 2006/2244/1875 1994/2300/1863 1993/2301/1862 1992/2302/1861 
f 2006/2244/1875 1992/2302/1861 1991/2303/1860 1990/2243/1859 
f 1462/2304/1331 2006/2244/1875 1990/2243/1859 1460/2305/1329 
f 1459/2306/1328 1460/2305/1329 1990/2243/1859 1457/2307/1326 
f 1456/2308/1325 1457/2307/1326 1990/2243/1859 1454/2309/1323 
f 1453/2310/1322 1454/2309/1323 1990/2243/1859 1451/2311/1320 
f 1450/2312/1319 1451/2311/1320 1990/2243/1859 1446/2313/1315 
f 1447/2314/1316 1446/2313/1315 1990/2243/1859 1722/2315/1591 
f 1721/2316/1590 1722/2315/1591 1990/2243/1859 1719/2317/1588 
f 1718/2318/1587 1719/2317/1588 1990/2243/1859 1716/2319/1585 
f 1715/2320/1584 1716/2319/1585 1990/2243/1859 1713/2321/1582 
f 1712/2322/1581 1713/2321/1582 1990/2243/1859 1710/2323/1579 
f 1709/2324/1578 1710/2323/1579 1990/2243/1859 1707/2325/1576 
f 1706/2326/1575 1707/2325/1576 1990/2243/1859 1704/2327/1573 
f 1703/2328/1572 1704/2327/1573 1990/2243/1859 1701/2242/1570 
f 1697/2329/1566 1698/2240/1567 1990/2243/1859 1695/2330/1564 
f 1694/2331/1563 1695/2330/1564 1990/2243/1859 1692/2332/1561 
f 1692/2332/1561 1990/2243/1859 1989/2333/1858 1691/2334/1560 
f 1691/2334/1560 1989/2333/1858 1988/2239/1857 1689/2335/1558 
f 1688/2336/1557 1689/2335/1558 1988/2239/1857 1686/2337/1555 
f 1685/2338/1554 1686/2337/1555 1988/2239/1857 1683/2339/1552 
f 1682/2340/1551 1683/2339/1552 1988/2239/1857 1680/2341/1549 
f 1679/2342/1548 1680/2341/1549 1988/2239/1857 1677/2238/1546 
f 1675/2343/1544 1674/2236/1543 1988/2239/1857 1875/2344/1744 
f 1876/2345/1745 1875/2344/1744 1988/2239/1857 1969/2346/1838 
f 1970/2347/1839 1969/2346/1838 1988/2239/1857 1971/2348/1840 
f 1972/2349/1841 1971/2348/1840 1988/2239/1857 1973/2350/1842 
f 1974/2351/1843 1973/2350/1842 1988/2239/1857 1975/2352/1844 
f 1975/2352/1844 1988/2239/1857 1987/2353/1856 1976/2354/1845 
f 1977/2355/1846 1976/2354/1845 1987/2353/1856 1986/2356/1855 
f 1978/2357/1847 1977/2355/1846 1986/2356/1855 1979/2234/1848 
f 1979/2234/1848 1986/2356/1855 1985/2358/1854 1984/2359/1853 
f 1979/2234/1848 1984/2359/1853 1983/2235/1852 
f 1981/2232/1850 1983/2235/1852 1982/2360/1851 
f 1903/2361/1772 1902/2362/1771 1901/2363/1770 1900/2364/1769 
f 1903/2361/1772 1900/2364/1769 1899/2365/1768 1898/2366/1767 
f 1903/2361/1772 1898/2366/1767 1897/2367/1766 1896/2368/1765 
f 1903/2361/1772 1896/2368/1765 1895/2369/1764 1904/2370/1773 
f 1905/2371/1774 1904/2370/1773 1895/2369/1764 1906/2372/1775 
f 1907/2373/1776 1906/2372/1775 1895/2369/1764 1908/2374/1777 
f 1910/2375/1779 1908/2374/1777 1895/2369/1764 1909/2376/1778 
f 1912/2377/1781 1909/2376/1778 1895/2369/1764 1911/2378/1780 
f 1914/2379/1783 1911/2378/1780 1895/2369/1764 1913/2380/1782 
f 1916/2381/1785 1913/2380/1782 1895/2369/1764 1915/2382/1784 
f 1917/2383/1786 1915/2382/1784 1895/2369/1764 1894/2384/1763 
f 1918/2385/1787 1917/2383/1786 1894/2384/1763 1919/2386/1788 
f 1920/2387/1789 1919/2386/1788 1894/2384/1763 1921/2388/1790 
f 1922/2389/1791 1921/2388/1790 1894/2384/1763 1923/2390/1792 
f 1924/2391/1793 1923/2390/1792 1894/2384/1763 1925/2392/1794 
f 1926/2393/1795 1925/2392/1794 1894/2384/1763 1927/2394/1796 
f 1493/2395/1362 1927/2394/1796 1894/2384/1763 1491/2396/1360 
f 1490/2397/1359 1491/2396/1360 1894/2384/1763 1488/2398/1357 
f 1487/2399/1356 1488/2398/1357 1894/2384/1763 1485/2400/1354 
f 1484/2401/1353 1485/2400/1354 1894/2384/1763 1482/2402/1351 
f 1481/2403/1350 1482/2402/1351 1894/2384/1763 1479/2404/1348 
f 1478/2405/1347 1479/2404/1348 1894/2384/1763 1476/2406/1345 
f 1477/2407/1346 1476/2406/1345 1894/2384/1763 1592/2408/1461 
f 1591/2409/1460 1592/2408/1461 1894/2384/1763 1589/2410/1458 
f 1588/2411/1457 1589/2410/1458 1894/2384/1763 1586/2412/1455 
f 1585/2413/1454 1586/2412/1455 1894/2384/1763 1583/2414/1452 
f 1582/2415/1451 1583/2414/1452 1894/2384/1763 1580/2416/1449 
f 1579/2417/1448 1580/2416/1449 1894/2384/1763 1577/2418/1446 
f 1576/2419/1445 1577/2418/1446 1894/2384/1763 1574/2420/1443 
f 1573/2421/1442 1574/2420/1443 1894/2384/1763 1571/2422/1440 
f 1571/2422/1440 1894/2384/1763 1893/2423/1762 1570/2424/1439 
f 1570/2424/1439 1893/2423/1762 1892/2425/1761 1891/2426/1760 
f 1570/2424/1439 1891/2426/1760 1890/2427/1759 1889/2428/1758 
f 1570/2424/1439 1889/2428/1758 1888/2429/1757 1887/2430/1756 
f 1570/2424/1439 1887/2430/1756 1886/2431/1755 1885/2432/1754 
f 1570/2424/1439 1885/2432/1754 1884/2433/1753 1883/2434/1752 
f 1570/2424/1439 1883/2434/1752 1882/2435/1751 1881/2436/1750 
f 1570/2424/1439 1881/2436/1750 1880/2437/1749 1879/2438/1748 
f 1570/2424/1439 1879/2438/1748 1878/2439/1747 1877/2440/1746 
f 1570/2424/1439 1877/2440/1746 1495/2441/1364 1494/2442/1363 
f 1570/2424/1439 1494/2442/1363 1498/2443/1367 1499/2444/1368 
f 1570/2424/1439 1499/2444/1368 1501/2445/1370 1502/2446/1371 
f 1570/2424/1439 1502/2446/1371 1504/2447/1373 1505/2448/1374 
f 1570/2424/1439 1505/2448/1374 1507/2449/1376 1508/2450/1377 
f 1570/2424/1439 1508/2450/1377 1510/2451/1379 1511/2452/1380 
f 1570/2424/1439 1511/2452/1380 1513/2453/1382 1512/2454/1381 
f 1568/2455/1437 1570/2424/1439 1512/2454/1381 1567/2456/1436 
f 1567/2456/1436 1512/2454/1381 1516/2457/1385 1517/2458/1386 
f 1565/2459/1434 1567/2456/1436 1517/2458/1386 1564/2460/1433 
f 1562/2461/1431 1564/2460/1433 1517/2458/1386 1561/2462/1430 
f 1559/2463/1428 1561/2462/1430 1517/2458/1386 1558/2464/1427 
f 1556/2465/1425 1558/2464/1427 1517/2458/1386 1555/2466/1424 
f 1553/2467/1422 1555/2466/1424 1517/2458/1386 1552/2468/1421 
f 1550/2469/1419 1552/2468/1421 1517/2458/1386 1519/2470/1388 
f 1549/2471/1418 1550/2469/1419 1519/2470/1388 1547/2472/1416 
f 1546/2473/1415 1547/2472/1416 1519/2470/1388 1544/2474/1413 
f 1543/2475/1412 1544/2474/1413 1519/2470/1388 1541/2476/1410 
f 1541/2476/1410 1519/2470/1388 1520/2477/1389 1540/2478/1409 
f 1538/2479/1407 1540/2478/1409 1520/2477/1389 1522/2480/1391 
f 1538/2479/1407 1522/2480/1391 1523/2481/1392 1525/2482/1394 
f 1538/2479/1407 1525/2482/1394 1526/2483/1395 1537/2484/1406 
f 1535/2485/1404 1537/2484/1406 1526/2483/1395 1534/2486/1403 
f 1532/2487/1401 1534/2486/1403 1526/2483/1395 1529/2488/1398 
f 1526/2483/1395 1528/2489/1397 1529/2488/1398 
f 1532/2487/1401 1529/2488/1398 1531/2490/1400 
# 492 polygons - 134 triangles

#
# object Object003
#

v  0.1407 -0.1524 0.2522
v  0.1126 -0.1442 0.2696
v  0.1074 -0.1567 0.2674
v  0.1419 -0.1681 0.2455
v  0.1477 -0.1544 0.2479
v  0.0792 -0.2223 0.2583
v  0.1135 -0.2344 0.2362
v  0.0510 -0.2866 0.2511
v  0.0852 -0.2995 0.2287
v  0.0221 -0.3508 0.2452
v  0.0563 -0.3645 0.2224
v  -0.0080 -0.4160 0.2398
v  0.0261 -0.4305 0.2167
v  -0.0061 -0.4705 0.2205
v  0.0055 -0.4739 0.2132
v  -0.0308 -0.4635 0.2361
v  -0.0409 -0.4602 0.2405
v  -0.0457 -0.4000 0.2572
v  -0.0703 -0.4506 0.2534
v  -0.0785 -0.4477 0.2558
v  -0.0845 -0.3833 0.2690
v  -0.1105 -0.4362 0.2652
v  -0.1169 -0.4337 0.2662
v  -0.1221 -0.3667 0.2753
v  -0.1493 -0.4212 0.2714
v  -0.1539 -0.4192 0.2715
v  -0.1561 -0.3511 0.2760
v  -0.1842 -0.4066 0.2720
v  -0.1874 -0.4051 0.2715
v  -0.1843 -0.3374 0.2713
v  -0.2130 -0.3934 0.2672
v  -0.2153 -0.3922 0.2664
v  -0.2081 -0.3250 0.2629
v  -0.2372 -0.3813 0.2586
v  -0.2391 -0.3804 0.2578
v  -0.2291 -0.3138 0.2527
v  -0.2584 -0.3702 0.2483
v  -0.2601 -0.3693 0.2475
v  -0.2487 -0.3032 0.2426
v  -0.2782 -0.3596 0.2381
v  -0.2798 -0.3588 0.2375
v  -0.2684 -0.2930 0.2344
v  -0.2982 -0.3494 0.2298
v  -0.2998 -0.3486 0.2291
v  -0.2887 -0.2826 0.2259
v  -0.3187 -0.3389 0.2212
v  -0.3203 -0.3380 0.2203
v  -0.3100 -0.2715 0.2148
v  -0.3400 -0.3275 0.2100
v  -0.3418 -0.3265 0.2088
v  -0.3327 -0.2593 0.1989
v  -0.3625 -0.3146 0.1941
v  -0.3646 -0.3132 0.1921
v  -0.3571 -0.2453 0.1759
v  -0.3865 -0.2995 0.1713
v  -0.3891 -0.2977 0.1681
v  -0.3816 -0.2307 0.1469
v  -0.4104 -0.2832 0.1425
v  -0.4134 -0.2810 0.1378
v  -0.4046 -0.2162 0.1129
v  -0.4324 -0.2667 0.1088
v  -0.4357 -0.2639 0.1021
v  -0.4244 -0.2029 0.0751
v  -0.4509 -0.2508 0.0713
v  -0.4539 -0.2475 0.0621
v  -0.4393 -0.1917 0.0345
v  -0.4642 -0.2365 0.0310
v  -0.4666 -0.2329 0.0192
v  -0.4493 -0.1829 -0.0068
v  -0.4725 -0.2242 -0.0098
v  -0.4736 -0.2207 -0.0237
v  -0.4545 -0.1766 -0.0463
v  -0.4758 -0.2143 -0.0490
v  -0.4751 -0.2114 -0.0638
v  -0.4549 -0.1732 -0.0820
v  -0.4742 -0.2073 -0.0844
v  -0.4712 -0.2056 -0.0985
v  -0.4504 -0.1728 -0.1116
v  -0.4680 -0.2036 -0.1137
v  -0.4630 -0.2028 -0.1271
v  -0.4430 -0.1743 -0.1367
v  -0.4588 -0.2021 -0.1386
v  -0.4527 -0.2019 -0.1518
v  -0.4342 -0.1769 -0.1592
v  -0.4484 -0.2017 -0.1609
v  -0.4421 -0.2014 -0.1744
v  -0.4260 -0.1793 -0.1805
v  -0.4386 -0.2013 -0.1821
v  -0.4334 -0.2002 -0.1971
v  -0.4199 -0.1805 -0.2026
v  -0.4310 -0.1997 -0.2039
v  -0.4252 -0.1986 -0.2206
v  -0.4137 -0.1817 -0.2255
v  -0.4231 -0.1981 -0.2266
v  -0.4148 -0.1976 -0.2453
v  -0.4048 -0.1841 -0.2495
v  -0.4125 -0.1975 -0.2504
v  -0.3991 -0.1986 -0.2715
v  -0.3908 -0.1889 -0.2748
v  -0.3965 -0.1988 -0.2755
v  -0.3749 -0.2027 -0.2996
v  -0.3692 -0.1972 -0.3017
v  -0.3726 -0.2032 -0.3021
v  -0.3432 -0.2100 -0.3279
v  -0.3414 -0.2085 -0.3285
v  -0.3423 -0.2102 -0.3286
v  -0.3281 -0.2140 -0.3387
v  -0.3059 -0.2200 -0.3541
v  -0.3073 -0.2196 -0.3533
v  -0.2724 -0.1536 -0.3461
v  -0.2366 -0.1680 -0.3674
v  -0.2691 -0.2312 -0.3744
v  -0.2653 -0.2324 -0.3760
v  -0.1986 -0.1836 -0.3837
v  -0.2290 -0.2446 -0.3906
v  -0.2235 -0.2465 -0.3922
v  -0.1607 -0.1996 -0.3949
v  -0.1892 -0.2589 -0.4017
v  -0.1828 -0.2614 -0.4028
v  -0.1248 -0.2153 -0.4010
v  -0.1519 -0.2734 -0.4077
v  -0.1454 -0.2761 -0.4079
v  -0.0932 -0.2298 -0.4019
v  -0.1191 -0.2870 -0.4086
v  -0.1134 -0.2896 -0.4076
v  -0.0678 -0.2423 -0.3976
v  -0.0930 -0.2990 -0.4042
v  -0.0880 -0.3015 -0.4024
v  -0.0468 -0.2534 -0.3901
v  -0.0713 -0.3098 -0.3966
v  -0.0668 -0.3121 -0.3945
v  -0.0280 -0.2635 -0.3812
v  -0.0522 -0.3197 -0.3877
v  -0.0476 -0.3221 -0.3857
v  -0.0096 -0.2732 -0.3731
v  -0.0334 -0.3294 -0.3796
v  -0.0284 -0.3318 -0.3782
v  0.0106 -0.2828 -0.3677
v  -0.0130 -0.3392 -0.3741
v  -0.0075 -0.3418 -0.3728
v  0.0324 -0.2930 -0.3625
v  0.0091 -0.3496 -0.3690
v  0.0148 -0.3524 -0.3672
v  0.0558 -0.3039 -0.3553
v  0.0325 -0.3610 -0.3617
v  0.0384 -0.3642 -0.3589
v  0.0806 -0.3161 -0.3436
v  0.0572 -0.3740 -0.3501
v  0.0632 -0.3774 -0.3458
v  0.1067 -0.3299 -0.3251
v  0.0830 -0.3889 -0.3316
v  0.0885 -0.3923 -0.3262
v  0.1325 -0.3445 -0.3003
v  0.1082 -0.4048 -0.3068
v  0.1128 -0.4081 -0.3008
v  0.1563 -0.3588 -0.2697
v  0.1312 -0.4211 -0.2763
v  0.1344 -0.4238 -0.2702
v  0.1764 -0.3721 -0.2337
v  0.1501 -0.4368 -0.2405
v  0.1519 -0.4387 -0.2351
v  0.1910 -0.3834 -0.1929
v  0.1633 -0.4512 -0.1999
v  0.1640 -0.4522 -0.1962
v  0.2004 -0.3925 -0.1500
v  0.1710 -0.4636 -0.1574
v  0.1711 -0.4640 -0.1559
v  0.2045 -0.3992 -0.1079
v  0.1727 -0.4705 -0.1288
v  0.1740 -0.4724 -0.1155
v  0.1734 -0.4736 -0.1156
v  0.1731 -0.4757 -0.0769
v  0.1710 -0.4803 -0.0799
v  0.1708 -0.4808 -0.0774
v  0.1674 -0.4761 -0.0446
v  0.1644 -0.4842 -0.0490
v  0.1635 -0.4846 -0.0454
v  0.1585 -0.4746 -0.0170
v  0.1549 -0.4860 -0.0223
v  0.1533 -0.4862 -0.0181
v  0.1483 -0.4722 0.0076
v  0.1441 -0.4866 0.0016
v  0.1418 -0.4866 0.0063
v  0.1386 -0.4699 0.0310
v  0.1334 -0.4869 0.0240
v  0.1308 -0.4870 0.0294
v  0.1311 -0.4686 0.0548
v  0.1244 -0.4880 0.0466
v  0.1220 -0.4884 0.0529
v  0.1237 -0.4674 0.0794
v  0.1161 -0.4895 0.0697
v  0.1133 -0.4900 0.0772
v  0.1063 -0.4905 0.0936
v  0.1143 -0.4651 0.1051
v  0.1024 -0.4908 0.1026
v  0.0934 -0.4905 0.1185
v  0.1009 -0.4608 0.1322
v  0.0872 -0.4902 0.1294
v  0.0756 -0.4886 0.1446
v  0.0813 -0.4533 0.1611
v  0.0654 -0.4872 0.1580
v  0.0527 -0.4847 0.1712
v  0.0561 -0.4431 0.1899
v  0.0379 -0.4817 0.1865
v  0.0253 -0.4787 0.1969
v  0.1115 -0.3857 0.1676
v  0.0863 -0.3762 0.1960
v  0.1407 -0.3192 0.1745
v  0.1153 -0.3105 0.2026
v  0.1693 -0.2526 0.1825
v  0.1438 -0.2447 0.2103
v  0.1982 -0.1849 0.1924
v  0.1724 -0.1776 0.2199
v  0.1893 -0.2581 0.1546
v  0.2184 -0.1897 0.1646
v  0.2209 -0.1700 0.1751
v  0.2054 -0.1677 0.1953
v  0.2264 -0.1708 0.1679
v  0.2368 -0.1712 0.1492
v  0.2322 -0.1917 0.1383
v  0.2408 -0.1714 0.1419
v  0.2480 -0.1707 0.1245
v  0.2419 -0.1919 0.1134
v  0.2510 -0.1704 0.1171
v  0.2565 -0.1693 0.1007
v  0.2495 -0.1913 0.0893
v  0.2589 -0.1687 0.0933
v  0.2644 -0.1677 0.0776
v  0.2572 -0.1907 0.0660
v  0.2670 -0.1672 0.0702
v  0.2739 -0.1669 0.0550
v  0.2671 -0.1912 0.0431
v  0.2773 -0.1667 0.0474
v  0.2844 -0.1664 0.0317
v  0.2774 -0.1918 0.0190
v  0.2880 -0.1662 0.0235
v  0.2941 -0.1651 0.0062
v  0.2864 -0.1913 -0.0082
v  0.2975 -0.1645 -0.0034
v  0.3015 -0.1620 -0.0232
v  0.2923 -0.1887 -0.0399
v  0.3039 -0.1605 -0.0350
v  0.3049 -0.1560 -0.0581
v  0.2933 -0.1830 -0.0781
v  0.3055 -0.1531 -0.0728
v  0.3035 -0.1471 -0.0972
v  0.2892 -0.1746 -0.1197
v  0.3021 -0.1429 -0.1142
v  0.2972 -0.1357 -0.1381
v  0.2800 -0.1638 -0.1621
v  0.2935 -0.1303 -0.1562
v  0.2858 -0.1224 -0.1783
v  0.2654 -0.1510 -0.2024
v  0.2795 -0.1159 -0.1962
v  0.2692 -0.1075 -0.2151
v  0.2455 -0.1366 -0.2378
v  0.2601 -0.1002 -0.2314
v  0.2480 -0.0917 -0.2470
v  0.2219 -0.1215 -0.2678
v  0.2369 -0.0840 -0.2612
v  0.2240 -0.0759 -0.2735
v  0.1963 -0.1066 -0.2921
v  0.2116 -0.0681 -0.2852
v  0.1988 -0.0608 -0.2943
v  0.1705 -0.0927 -0.3102
v  0.1861 -0.0535 -0.3031
v  0.1742 -0.0473 -0.3087
v  0.1461 -0.0807 -0.3215
v  0.1620 -0.0409 -0.3144
v  0.1510 -0.0355 -0.3178
v  0.1232 -0.0702 -0.3286
v  0.1394 -0.0298 -0.3214
v  0.1293 -0.0250 -0.3238
v  0.1020 -0.0606 -0.3337
v  0.1184 -0.0198 -0.3264
v  0.1091 -0.0154 -0.3289
v  0.0824 -0.0516 -0.3391
v  0.0990 -0.0105 -0.3317
v  0.0906 -0.0061 -0.3355
v  0.0645 -0.0426 -0.3472
v  0.0812 -0.0013 -0.3398
v  0.0729 0.0032 -0.3439
v  0.0464 -0.0333 -0.3560
v  0.0633 0.0082 -0.3486
v  0.0539 0.0130 -0.3521
v  0.0261 -0.0233 -0.3636
v  0.0431 0.0184 -0.3562
v  0.0319 0.0236 -0.3582
v  0.0016 -0.0121 -0.3681
v  0.0188 0.0297 -0.3607
v  0.0050 0.0355 -0.3604
v  -0.0289 0.0005 -0.3675
v  -0.0115 0.0424 -0.3601
v  -0.0271 0.0485 -0.3576
v  -0.0636 0.0139 -0.3619
v  -0.0460 0.0558 -0.3545
v  -0.0625 0.0618 -0.3498
v  -0.1004 0.0275 -0.3513
v  -0.0827 0.0692 -0.3440
v  -0.0993 0.0747 -0.3371
v  -0.1374 0.0404 -0.3358
v  -0.1197 0.0816 -0.3285
v  -0.1356 0.0864 -0.3193
v  -0.1725 0.0520 -0.3152
v  -0.1550 0.0922 -0.3081
v  -0.1699 0.0962 -0.2973
v  -0.2045 0.0620 -0.2913
v  -0.1873 0.1009 -0.2844
v  -0.2006 0.1039 -0.2724
v  -0.2319 0.0698 -0.2656
v  -0.2152 0.1073 -0.2590
v  -0.2260 0.1092 -0.2466
v  -0.2534 0.0751 -0.2398
v  -0.2373 0.1112 -0.2334
v  -0.2448 0.1118 -0.2212
v  -0.2677 0.0776 -0.2153
v  -0.2522 0.1124 -0.2091
v  -0.2573 0.1120 -0.1973
v  -0.2772 0.0781 -0.1920
v  -0.2622 0.1117 -0.1861
v  -0.2662 0.1109 -0.1744
v  -0.2842 0.0777 -0.1697
v  -0.2697 0.1102 -0.1640
v  -0.2737 0.1095 -0.1525
v  -0.2911 0.0775 -0.1483
v  -0.2771 0.1088 -0.1428
v  -0.2825 0.1087 -0.1314
v  -0.3002 0.0785 -0.1275
v  -0.2868 0.1086 -0.1223
v  -0.2927 0.1084 -0.1099
v  -0.3099 0.0795 -0.1056
v  -0.2971 0.1083 -0.1006
v  -0.3025 0.1076 -0.0863
v  -0.3185 0.0796 -0.0810
v  -0.3063 0.1070 -0.0763
v  -0.3101 0.1049 -0.0587
v  -0.3241 0.0776 -0.0519
v  -0.3126 0.1036 -0.0474
v  -0.3137 0.0994 -0.0254
v  -0.3252 0.0724 -0.0166
v  -0.3144 0.0969 -0.0124
v  -0.3126 0.0908 0.0129
v  -0.3217 0.0645 0.0226
v  -0.3116 0.0874 0.0266
v  -0.3065 0.0795 0.0537
v  -0.3134 0.0541 0.0635
v  -0.3040 0.0756 0.0672
v  -0.2953 0.0660 0.0948
v  -0.3002 0.0417 0.1038
v  -0.2915 0.0617 0.1073
v  -0.2790 0.0508 0.1336
v  -0.2820 0.0275 0.1413
v  -0.2739 0.0464 0.1446
v  -0.2587 0.0347 0.1687
v  -0.2605 0.0126 0.1749
v  -0.2529 0.0303 0.1780
v  -0.2360 0.0187 0.1990
v  -0.2372 -0.0022 0.2035
v  -0.2300 0.0146 0.2064
v  -0.2127 0.0036 0.2233
v  -0.2137 -0.0160 0.2262
v  -0.2070 0.0000 0.2289
v  -0.2888 -0.0496 0.1659
v  -0.2652 -0.0644 0.1946
v  -0.3181 -0.1102 0.1585
v  -0.2942 -0.1249 0.1874
v  -0.3489 -0.1701 0.1524
v  -0.3247 -0.1848 0.1814
v  -0.3404 -0.0955 0.1246
v  -0.3716 -0.1556 0.1184
v  -0.3593 -0.0818 0.0869
v  -0.3909 -0.1421 0.0806
v  -0.3733 -0.0700 0.0463
v  -0.4054 -0.1306 0.0399
v  -0.3825 -0.0605 0.0052
v  -0.4149 -0.1214 -0.0013
v  -0.3868 -0.0534 -0.0343
v  -0.4197 -0.1147 -0.0409
v  -0.3864 -0.0491 -0.0699
v  -0.4196 -0.1108 -0.0766
v  -0.3813 -0.0479 -0.0992
v  -0.4149 -0.1100 -0.1061
v  -0.3733 -0.0487 -0.1242
v  -0.4071 -0.1112 -0.1311
v  -0.3640 -0.0505 -0.1463
v  -0.3981 -0.1134 -0.1534
v  -0.3553 -0.0522 -0.1674
v  -0.3896 -0.1154 -0.1746
v  -0.3489 -0.0527 -0.1891
v  -0.3834 -0.1163 -0.1965
v  -0.3423 -0.0531 -0.2117
v  -0.3770 -0.1171 -0.2193
v  -0.3331 -0.0546 -0.2353
v  -0.3679 -0.1190 -0.2431
v  -0.3190 -0.0582 -0.2602
v  -0.3539 -0.1232 -0.2682
v  -0.2976 -0.0649 -0.2866
v  -0.3324 -0.1307 -0.2949
v  -0.2701 -0.0743 -0.3128
v  -0.3048 -0.1410 -0.3214
v  -0.2380 -0.0860 -0.3372
v  -0.2025 -0.0994 -0.3583
v  -0.2048 -0.0179 -0.3269
v  -0.1696 -0.0304 -0.3477
v  -0.1325 -0.0442 -0.3634
v  -0.1650 -0.1140 -0.3743
v  -0.0954 -0.0585 -0.3742
v  -0.1276 -0.1292 -0.3853
v  -0.0604 -0.0726 -0.3800
v  -0.0922 -0.1440 -0.3912
v  -0.0296 -0.0858 -0.3806
v  -0.0611 -0.1578 -0.3920
v  -0.0050 -0.0973 -0.3762
v  -0.0361 -0.1699 -0.3876
v  0.0155 -0.1077 -0.3686
v  -0.0154 -0.1805 -0.3800
v  0.0337 -0.1172 -0.3598
v  0.0031 -0.1903 -0.3712
v  0.0517 -0.1264 -0.3518
v  0.0213 -0.1997 -0.3631
v  0.0715 -0.1356 -0.3464
v  0.0412 -0.2092 -0.3577
v  0.0928 -0.1453 -0.3413
v  0.0628 -0.2191 -0.3526
v  0.1158 -0.1559 -0.3342
v  0.0859 -0.2298 -0.3454
v  0.1403 -0.1680 -0.3227
v  0.1105 -0.2419 -0.3338
v  0.1662 -0.1818 -0.3045
v  0.1366 -0.2558 -0.3155
v  0.1919 -0.1966 -0.2801
v  0.1623 -0.2705 -0.2909
v  0.2155 -0.2115 -0.2499
v  0.1860 -0.2851 -0.2604
v  0.2355 -0.2255 -0.2143
v  0.2060 -0.2987 -0.2247
v  0.2501 -0.2378 -0.1738
v  0.2207 -0.3105 -0.1840
v  0.2594 -0.2480 -0.1313
v  0.2300 -0.3202 -0.1413
v  0.2635 -0.2558 -0.0895
v  0.2342 -0.3274 -0.0993
v  0.2626 -0.2609 -0.0512
v  0.2333 -0.3320 -0.0609
v  0.2037 -0.4031 -0.0693
v  0.2275 -0.3335 -0.0288
v  0.1979 -0.4041 -0.0371
v  0.2186 -0.3330 -0.0013
v  0.1891 -0.4031 -0.0095
v  0.2084 -0.3316 0.0231
v  0.1789 -0.4012 0.0150
v  0.1986 -0.3302 0.0463
v  0.1691 -0.3994 0.0384
v  0.1910 -0.3299 0.0699
v  0.1616 -0.3986 0.0621
v  0.1835 -0.3296 0.0943
v  0.1541 -0.3979 0.0866
v  0.1741 -0.3284 0.1196
v  0.1447 -0.3962 0.1121
v  0.1605 -0.3253 0.1462
v  0.1312 -0.3924 0.1390
v  0.2030 -0.2607 0.1281
v  0.2126 -0.2614 0.1030
v  0.2201 -0.2612 0.0788
v  0.2277 -0.2611 0.0554
v  0.2376 -0.2620 0.0323
v  0.2478 -0.2630 0.0080
v  0.2568 -0.2630 -0.0193
v  -0.2368 -0.0071 -0.3028
v  -0.2642 0.0015 -0.2769
v  -0.2856 0.0075 -0.2508
v  -0.2998 0.0105 -0.2261
v  -0.3091 0.0115 -0.2026
v  -0.3160 0.0115 -0.1802
v  -0.3226 0.0117 -0.1586
v  -0.3316 0.0130 -0.1377
v  -0.3410 0.0145 -0.1157
v  -0.3493 0.0149 -0.0910
v  -0.3547 0.0133 -0.0617
v  -0.3554 0.0086 -0.0263
v  -0.3515 0.0011 0.0130
v  -0.3428 -0.0089 0.0540
v  -0.3292 -0.0210 0.0945
v  -0.3107 -0.0348 0.1321
v  -0.3006 -0.1987 0.2044
v  -0.2704 -0.1388 0.2103
v  -0.2782 -0.2109 0.2202
v  -0.2481 -0.1508 0.2261
v  -0.2195 -0.0902 0.2330
v  -0.2416 -0.0782 0.2174
v  -0.2571 -0.2218 0.2312
v  -0.2272 -0.1616 0.2370
v  -0.1986 -0.1008 0.2438
v  -0.2072 -0.1716 0.2452
v  -0.1787 -0.1107 0.2520
v  -0.1509 -0.0483 0.2606
v  -0.1709 -0.0385 0.2524
v  -0.1592 -0.1204 0.2599
v  -0.1314 -0.0578 0.2684
v  -0.1399 -0.1304 0.2697
v  -0.1121 -0.0677 0.2782
v  -0.1192 -0.1410 0.2797
v  -0.0914 -0.0782 0.2882
v  -0.0957 -0.1525 0.2880
v  -0.0679 -0.0894 0.2965
v  -0.0679 -0.1651 0.2927
v  -0.0401 -0.1018 0.3013
v  -0.0342 -0.1792 0.2922
v  -0.0064 -0.1154 0.3009
v  0.0031 -0.1939 0.2863
v  0.0310 -0.1296 0.2951
v  0.0417 -0.2085 0.2750
v  0.0696 -0.1436 0.2840
v  -0.0251 -0.2569 0.2795
v  0.0135 -0.2722 0.2680
v  -0.0541 -0.3197 0.2739
v  -0.0154 -0.3356 0.2623
v  -0.0624 -0.2416 0.2855
v  -0.0915 -0.3038 0.2801
v  -0.0961 -0.2271 0.2861
v  -0.1254 -0.2887 0.2807
v  -0.1240 -0.2141 0.2813
v  -0.1534 -0.2754 0.2760
v  -0.1476 -0.2024 0.2731
v  -0.1770 -0.2634 0.2677
v  -0.1683 -0.1916 0.2631
v  -0.1978 -0.2524 0.2576
v  -0.1876 -0.1815 0.2532
v  -0.2173 -0.2420 0.2476
v  -0.2369 -0.2320 0.2396
v  -0.1917 -0.0279 0.2417
v  0.1056 -0.1419 0.2726
v  0.0747 -0.1316 0.2860
v  0.0677 -0.1291 0.2880
v  0.0360 -0.1176 0.2971
v  0.0293 -0.1149 0.2982
v  -0.0011 -0.1030 0.3030
v  -0.0075 -0.1004 0.3031
v  -0.0347 -0.0889 0.3035
v  -0.0401 -0.0864 0.3025
v  -0.0623 -0.0762 0.2987
v  -0.0671 -0.0738 0.2970
v  -0.0856 -0.0645 0.2905
v  -0.0899 -0.0623 0.2884
v  -0.1061 -0.0537 0.2806
v  -0.1103 -0.0515 0.2785
v  -0.1253 -0.0435 0.2708
v  -0.1296 -0.0413 0.2691
v  -0.1447 -0.0337 0.2630
v  -0.1492 -0.0314 0.2612
v  -0.1646 -0.0235 0.2550
v  -0.1694 -0.0210 0.2525
v  -0.1852 -0.0125 0.2443
v  0.1990 -0.1664 0.2019
v  0.1789 -0.1623 0.2226
v  0.1721 -0.1606 0.2281
v  -0.1904 -0.0095 0.2407
# 557 vertices

vn 0.5643 0.4023 0.7209
vn 0.5203 0.3956 0.7568
vn 0.3700 -0.2946 0.8811
vn 0.4854 -0.3330 0.8084
vn 0.6036 0.3721 0.7051
vn 0.3792 -0.2754 0.8834
vn 0.4939 -0.3166 0.8098
vn 0.3862 -0.2620 0.8844
vn 0.5001 -0.3057 0.8102
vn 0.3903 -0.2554 0.8846
vn 0.5036 -0.3011 0.8098
vn 0.3915 -0.2555 0.8840
vn 0.5041 -0.3032 0.8087
vn 0.5666 0.4211 0.7083
vn 0.0999 -0.8788 0.4667
vn 0.0170 -0.8483 0.5293
vn 0.4783 0.4559 0.7506
vn 0.2728 -0.2028 0.9404
vn -0.0745 -0.8161 0.5730
vn 0.4014 0.4908 0.7733
vn 0.1628 -0.1520 0.9749
vn -0.1593 -0.7828 0.6016
vn 0.3279 0.5228 0.7869
vn 0.0494 -0.0978 0.9940
vn -0.2469 -0.7443 0.6205
vn -0.2990 -0.7424 0.5995
vn -0.0864 -0.0303 0.9958
vn -0.3523 -0.6926 0.6294
vn -0.4155 -0.6881 0.5949
vn -0.2293 0.0433 0.9724
vn -0.4648 -0.6401 0.6117
vn -0.5168 -0.6291 0.5806
vn -0.3374 0.1008 0.9359
vn -0.5498 -0.6022 0.5789
vn -0.5819 -0.5958 0.5536
vn -0.3879 0.1280 0.9128
vn -0.5888 -0.5899 0.5525
vn -0.5956 -0.5885 0.5468
vn -0.3670 0.1157 0.9230
vn 0.0032 0.6673 0.7448
vn -0.5489 -0.6137 0.5675
vn -0.3385 0.0990 0.9357
vn -0.5504 -0.6131 0.5667
vn -0.5514 -0.6128 0.5661
vn -0.3714 0.1168 0.9211
vn -0.5760 -0.5920 0.5637
vn -0.5987 -0.5876 0.5444
vn -0.4489 0.1614 0.8789
vn -0.6365 -0.5535 0.5371
vn -0.6700 -0.5472 0.5016
vn -0.5414 0.2175 0.8122
vn -0.7088 -0.5094 0.4880
vn -0.7412 -0.5039 0.4435
vn -0.6203 0.2688 0.7369
vn -0.7701 -0.4728 0.4284
vn -0.7928 -0.4698 0.3882
vn -0.6818 0.3119 0.6617
vn -0.8182 -0.4399 0.3703
vn -0.8365 -0.4384 0.3287
vn -0.7367 0.3531 0.5767
vn -0.8610 -0.4067 0.3055
vn -0.8764 -0.4068 0.2576
vn -0.7885 0.3947 0.4717
vn -0.9007 -0.3712 0.2256
vn -0.9123 -0.3741 0.1666
vn -0.8288 0.4308 0.3569
vn -0.9292 -0.3440 0.1352
vn -0.9334 -0.3494 0.0815
vn -0.8546 0.4581 0.2446
vn -0.9456 -0.3218 0.0481
vn -0.9440 -0.3299 -0.0050
vn -0.8692 0.4793 0.1220
vn -0.9524 -0.3016 -0.0450
vn -0.9436 -0.3142 -0.1040
vn -0.8689 0.4938 -0.0333
vn -0.9461 -0.2814 -0.1602
vn -0.9232 -0.3039 -0.2352
vn -0.8454 0.4953 -0.1999
vn -0.9170 -0.2793 -0.2850
vn -0.8876 -0.3047 -0.3456
vn -0.8122 0.4872 -0.3209
vn -0.8803 -0.2915 -0.3744
vn -0.8593 -0.3091 -0.4075
vn -0.7968 0.4829 -0.3632
vn -0.8602 -0.3081 -0.4064
vn -0.8603 -0.3084 -0.4059
vn -0.8153 0.4902 -0.3083
vn -0.3112 0.9464 -0.0867
vn -0.8939 -0.3024 -0.3308
vn -0.8308 0.4955 -0.2533
vn -0.8943 -0.3023 -0.3298
vn -0.8944 -0.3017 -0.3301
vn -0.8173 0.4920 -0.2999
vn -0.8869 -0.2885 -0.3607
vn -0.8657 -0.3057 -0.3964
vn -0.7717 0.4757 -0.4222
vn -0.8470 -0.2883 -0.4466
vn -0.8058 -0.3204 -0.4980
vn -0.6915 0.4410 -0.5722
vn -0.7764 -0.3068 -0.5505
vn -0.7246 -0.3468 -0.5955
vn -0.6010 0.3976 -0.6934
vn -0.6977 -0.3413 -0.6299
vn -0.6582 -0.3720 -0.6545
vn -0.5198 0.3563 -0.7764
vn -0.6317 -0.3696 -0.6815
vn -0.5976 -0.3921 -0.6994
vn -0.5356 -0.4155 -0.7352
vn -0.5705 -0.3878 -0.7240
vn -0.4366 0.3276 -0.8379
vn -0.3412 0.2828 -0.8964
vn -0.4997 -0.4150 -0.7603
vn -0.4609 -0.4468 -0.7668
vn -0.2409 0.2358 -0.9415
vn -0.4266 -0.4473 -0.7861
vn -0.3929 -0.4759 -0.7869
vn -0.1427 0.1904 -0.9713
vn -0.3567 -0.4768 -0.8034
vn -0.3243 -0.5055 -0.7995
vn -0.0343 0.1414 -0.9894
vn -0.2803 -0.5070 -0.8151
vn -0.2449 -0.5403 -0.8051
vn 0.1062 0.0784 -0.9913
vn -0.1802 -0.5438 -0.8196
vn -0.1355 -0.5896 -0.7963
vn 0.2576 0.0092 -0.9662
vn -0.0758 -0.5938 -0.8010
vn -0.0417 -0.6335 -0.7726
vn 0.3635 -0.0397 -0.9307
vn -0.0081 -0.6353 -0.7722
vn 0.5732 0.6208 -0.5348
vn 0.3909 -0.0513 -0.9190
vn 0.0008 -0.6543 -0.7562
vn -0.0038 -0.6503 -0.7597
vn 0.3242 -0.0183 -0.9458
vn -0.0543 -0.6438 -0.7633
vn -0.0822 -0.6120 -0.7866
vn 0.2522 0.0157 -0.9675
vn -0.0927 -0.6102 -0.7868
vn 0.4563 0.6793 -0.5748
vn 0.2671 0.0096 -0.9636
vn -0.0751 -0.6054 -0.7924
vn 0.4968 0.6617 -0.5615
vn 0.3500 -0.0274 -0.9364
vn -0.0120 -0.6257 -0.7800
vn 0.5763 0.6238 -0.5280
vn 0.4699 -0.0831 -0.8788
vn 0.0754 -0.6637 -0.7442
vn 0.1027 -0.6994 -0.7073
vn 0.5846 -0.1396 -0.7992
vn 0.1543 -0.7080 -0.6892
vn 0.1724 -0.7375 -0.6529
vn 0.6789 -0.1895 -0.7094
vn 0.2212 -0.7462 -0.6279
vn 0.2329 -0.7741 -0.5887
vn 0.7622 -0.2375 -0.6022
vn 0.2824 -0.7827 -0.5547
vn 0.2894 -0.8099 -0.5102
vn 0.8354 -0.2846 -0.4702
vn 0.3382 -0.8192 -0.4633
vn 0.3377 -0.8468 -0.4110
vn 0.8859 -0.3234 -0.3326
vn 0.3712 -0.8530 -0.3669
vn 0.3654 -0.8727 -0.3238
vn 0.9126 -0.3515 -0.2088
vn 0.3898 -0.8774 -0.2797
vn 0.3797 -0.8933 -0.2405
vn 0.9239 -0.3735 -0.0836
vn 0.3781 -0.8947 -0.2377
vn 0.9188 -0.3867 -0.0789
vn 0.3915 -0.9010 -0.1867
vn 0.9130 -0.4016 0.0715
vn 0.3757 -0.9154 -0.1443
vn 0.3934 -0.9162 -0.0761
vn 0.8843 -0.4075 0.2277
vn 0.3643 -0.9309 -0.0265
vn 0.3720 -0.9276 0.0352
vn 0.8481 -0.4055 0.3411
vn 0.3414 -0.9368 0.0757
vn 0.3402 -0.9336 0.1127
vn 0.8300 -0.4042 0.3843
vn 0.3203 -0.9375 0.1361
vn 0.3172 -0.9385 0.1362
vn 0.8465 -0.4093 0.3404
vn 0.3179 -0.9381 0.1375
vn 0.3145 -0.9444 0.0957
vn 0.8637 -0.4139 0.2876
vn 0.3395 -0.9379 0.0716
vn 0.3364 -0.9395 0.0653
vn 0.8546 -0.4145 0.3128
vn 0.3407 -0.9381 0.0623
vn 0.3404 -0.9360 0.0897
vn 0.3255 -0.9395 0.1068
vn 0.8192 -0.4094 0.4017
vn 0.3233 -0.9328 0.1589
vn 0.2915 -0.9379 0.1881
vn 0.7559 -0.3940 0.5228
vn 0.2822 -0.9261 0.2503
vn 0.2355 -0.9312 0.2782
vn 0.6781 -0.3697 0.6352
vn 0.2254 -0.9160 0.3320
vn 0.7020 0.3745 0.6057
vn 0.5968 -0.3402 0.7267
vn 0.1670 -0.9005 0.4015
vn 0.6393 0.3951 0.6597
vn 0.6802 -0.3650 0.6356
vn 0.5975 -0.3366 0.7278
vn 0.6790 -0.3668 0.6360
vn 0.5950 -0.3396 0.7285
vn 0.6752 -0.3737 0.6360
vn 0.5898 -0.3484 0.7285
vn 0.6693 -0.3852 0.6353
vn 0.5824 -0.3623 0.7277
vn 0.7580 -0.3939 0.5198
vn 0.7542 -0.4029 0.5186
vn 0.7625 0.3520 0.5428
vn 0.7378 0.3383 0.5841
vn 0.8016 0.3238 0.5025
vn 0.8242 0.3437 0.4501
vn 0.8232 -0.4114 0.3912
vn 0.8522 0.3237 0.4111
vn 0.8649 0.3426 0.3668
vn 0.8613 -0.4116 0.2978
vn 0.8777 0.3337 0.3438
vn 0.8826 0.3444 0.3200
vn 0.8710 -0.4102 0.2705
vn 0.3489 -0.9355 0.0553
vn 0.8796 0.3445 0.3280
vn 0.8527 -0.4100 0.3239
vn 0.3479 -0.9323 0.0986
vn 0.8530 0.3436 0.3929
vn 0.8350 -0.4087 0.3684
vn 0.3198 -0.9394 0.1233
vn 0.8538 0.3442 0.3906
vn 0.8536 -0.4079 0.3240
vn 0.8711 0.3325 0.3613
vn 0.8780 0.3461 0.3306
vn 0.8912 -0.4029 0.2084
vn 0.9021 0.3291 0.2792
vn 0.9066 0.3544 0.2290
vn 0.9206 -0.3871 0.0511
vn 0.9258 0.3395 0.1661
vn 0.9216 0.3718 0.1111
vn 0.9268 -0.3627 -0.0976
vn 0.9294 0.3640 0.0606
vn 0.9203 0.3907 0.0209
vn 0.9158 -0.3354 -0.2210
vn 0.9221 0.3859 -0.0273
vn 0.9089 0.4123 -0.0619
vn 0.8896 -0.3022 -0.3425
vn 0.9051 0.4093 -0.1151
vn 0.8855 0.4398 -0.1497
vn 0.8401 -0.2576 -0.4773
vn 0.8725 0.4390 -0.2146
vn 0.8413 0.4785 -0.2514
vn 0.7681 -0.2052 -0.6065
vn 0.8215 0.4807 -0.3068
vn 0.7886 0.5167 -0.3332
vn 0.6864 -0.1533 -0.7108
vn 0.7636 0.5208 -0.3817
vn 0.7295 0.5546 -0.4003
vn 0.5944 -0.1005 -0.7978
vn 0.6984 0.5603 -0.4453
vn 0.6612 0.5943 -0.4578
vn 0.4830 -0.0419 -0.8746
vn 0.6191 0.6022 -0.5041
vn 0.5738 0.6408 -0.5100
vn 0.3661 0.0148 -0.9304
vn 0.5356 0.6477 -0.5420
vn 0.4985 0.6779 -0.5404
vn 0.2853 0.0518 -0.9570
vn 0.4788 0.6810 -0.5540
vn 0.4610 0.6954 -0.5512
vn 0.2729 0.0571 -0.9603
vn -0.0728 -0.5853 -0.8076
vn 0.4816 0.6857 -0.5457
vn 0.3489 0.0216 -0.9369
vn -0.0099 -0.5999 -0.8000
vn 0.5679 0.6434 -0.5133
vn 0.4195 -0.0130 -0.9077
vn 0.0298 -0.6365 -0.7707
vn 0.5832 0.6354 -0.5061
vn 0.3945 -0.0018 -0.9189
vn 0.5580 0.6390 -0.5295
vn 0.5327 0.6606 -0.5291
vn 0.2879 0.0477 -0.9565
vn 0.4805 0.6691 -0.5670
vn 0.4313 0.7082 -0.5590
vn 0.1312 0.1168 -0.9845
vn 0.3653 0.7189 -0.5915
vn 0.3089 0.7611 -0.5704
vn -0.0166 0.1782 -0.9839
vn 0.2585 0.7685 -0.5854
vn 0.2198 0.7975 -0.5619
vn -0.1315 0.2240 -0.9657
vn 0.1749 0.8030 -0.5698
vn 0.1430 0.8258 -0.5456
vn -0.2355 0.2644 -0.9352
vn 0.0984 0.8314 -0.5469
vn 0.0689 0.8522 -0.5186
vn -0.3414 0.3043 -0.8893
vn 0.0197 0.8576 -0.5140
vn -0.0098 0.8784 -0.4779
vn -0.4414 0.3405 -0.8302
vn -0.0524 0.8820 -0.4683
vn -0.0753 0.8984 -0.4327
vn -0.5292 0.3706 -0.7633
vn -0.1163 0.9007 -0.4186
vn -0.1355 0.9149 -0.3804
vn -0.6154 0.3976 -0.6806
vn -0.1804 0.9156 -0.3594
vn -0.1975 0.9292 -0.3125
vn -0.7109 0.4229 -0.5619
vn -0.2547 0.9265 -0.2769
vn -0.2684 0.9404 -0.2088
vn -0.7953 0.4385 -0.4185
vn -0.3131 0.9341 -0.1712
vn -0.3162 0.9423 -0.1101
vn -0.8434 0.4420 -0.3055
vn -0.3392 0.9368 -0.0862
vn -0.3371 0.9401 -0.0511
vn -0.8567 0.4414 -0.2668
vn -0.3355 0.9405 -0.0535
vn -0.8826 -0.3346 -0.3303
vn -0.8367 0.4411 -0.3247
vn -0.3066 0.9478 -0.0876
vn -0.3068 0.9425 -0.1327
vn -0.8141 0.4390 -0.3800
vn -0.3065 0.9424 -0.1341
vn -0.3061 0.9424 -0.1351
vn -0.8318 0.4396 -0.3391
vn -0.3317 0.9368 -0.1114
vn -0.3305 0.9409 -0.0739
vn -0.8717 0.4376 -0.2206
vn -0.3686 0.9291 -0.0300
vn -0.3594 0.9326 0.0324
vn -0.9037 0.4243 -0.0569
vn -0.3944 0.9148 0.0868
vn -0.3734 0.9147 0.1549
vn -0.9110 0.4011 0.0958
vn -0.3935 0.8979 0.1972
vn -0.3711 0.8957 0.2450
vn -0.9014 0.3749 0.2167
vn -0.3847 0.8785 0.2833
vn -0.3602 0.8752 0.3230
vn -0.8796 0.3445 0.3282
vn -0.3697 0.8555 0.3625
vn -0.8966 -0.4219 0.1344
vn -0.8423 0.3063 0.4436
vn -0.3455 0.8263 0.4449
vn -0.8637 -0.4535 0.2198
vn -0.7919 0.2639 0.5506
vn -0.3072 0.7966 0.5206
vn -0.8266 -0.4835 0.2879
vn -0.7364 0.2229 0.6388
vn -0.2666 0.7675 0.5830
vn -0.7853 -0.5132 0.3463
vn -0.6721 0.1806 0.7181
vn -0.2212 0.7364 0.6394
vn -0.7355 -0.5454 0.4020
vn -0.5877 0.1306 0.7985
vn -0.1633 0.6975 0.6977
vn -0.7207 0.2526 0.6456
vn -0.6570 0.2109 0.7238
vn -0.7055 0.2794 0.6513
vn -0.6426 0.2375 0.7285
vn -0.6915 0.3012 0.6565
vn -0.6295 0.2584 0.7327
vn -0.7608 0.3197 0.5648
vn -0.7464 0.3421 0.5708
vn -0.8119 0.3609 0.4588
vn -0.7977 0.3836 0.4653
vn -0.8509 0.3974 0.3437
vn -0.8372 0.4198 0.3504
vn -0.8747 0.4257 0.2317
vn -0.8619 0.4475 0.2384
vn -0.8868 0.4489 0.1101
vn -0.8753 0.4695 0.1163
vn -0.8830 0.4673 -0.0439
vn -0.8733 0.4857 -0.0382
vn -0.8553 0.4742 -0.2091
vn -0.8478 0.4894 -0.2040
vn -0.8187 0.4708 -0.3288
vn -0.8131 0.4834 -0.3243
vn -0.8021 0.4684 -0.3705
vn -0.7972 0.4799 -0.3663
vn -0.8226 0.4732 -0.3152
vn -0.8167 0.4860 -0.3111
vn -0.8404 0.4763 -0.2584
vn -0.8333 0.4903 -0.2552
vn -0.8271 0.4750 -0.3003
vn -0.8201 0.4878 -0.2992
vn -0.7806 0.4653 -0.4173
vn -0.7744 0.4744 -0.4186
vn -0.6987 0.4403 -0.5638
vn -0.6939 0.4442 -0.5668
vn -0.6060 0.4061 -0.6840
vn -0.6027 0.4049 -0.6876
vn -0.5223 0.3720 -0.7673
vn -0.5206 0.3669 -0.7709
vn -0.4372 0.3359 -0.8343
vn -0.3401 0.2941 -0.8932
vn -0.4384 0.3403 -0.8319
vn -0.3398 0.3015 -0.8909
vn -0.2357 0.2593 -0.9366
vn -0.2378 0.2495 -0.9387
vn -0.1335 0.2172 -0.9670
vn -0.1374 0.2058 -0.9689
vn -0.0206 0.1700 -0.9852
vn -0.0265 0.1576 -0.9872
vn 0.1249 0.1076 -0.9863
vn 0.1167 0.0946 -0.9886
vn 0.2801 0.0380 -0.9592
vn 0.2703 0.0250 -0.9625
vn 0.3864 -0.0117 -0.9223
vn 0.3763 -0.0245 -0.9262
vn 0.4119 -0.0232 -0.9109
vn 0.4027 -0.0361 -0.9146
vn 0.3423 0.0110 -0.9395
vn 0.3344 -0.0025 -0.9424
vn 0.2673 0.0460 -0.9625
vn 0.2606 0.0319 -0.9649
vn 0.2803 0.0403 -0.9591
vn 0.2745 0.0260 -0.9612
vn 0.3618 0.0030 -0.9323
vn 0.3565 -0.0114 -0.9342
vn 0.4795 -0.0537 -0.8759
vn 0.4752 -0.0677 -0.8773
vn 0.5918 -0.1119 -0.7983
vn 0.5884 -0.1253 -0.7988
vn 0.6843 -0.1641 -0.7105
vn 0.6817 -0.1765 -0.7101
vn 0.7664 -0.2149 -0.6053
vn 0.7642 -0.2260 -0.6040
vn 0.8387 -0.2658 -0.4753
vn 0.8369 -0.2751 -0.4731
vn 0.8886 -0.3085 -0.3395
vn 0.8871 -0.3159 -0.3366
vn 0.9150 -0.3399 -0.2173
vn 0.9138 -0.3456 -0.2136
vn 0.9262 -0.3653 -0.0933
vn 0.9251 -0.3692 -0.0891
vn 0.9203 -0.3872 0.0556
vn 0.9194 -0.3887 0.0601
vn 0.9178 -0.3916 0.0652
vn 0.8909 -0.3990 0.2170
vn 0.8894 -0.3998 0.2218
vn 0.8544 -0.4000 0.3316
vn 0.8531 -0.3993 0.3358
vn 0.8364 -0.3993 0.3755
vn 0.8351 -0.3984 0.3792
vn 0.8535 -0.4023 0.3313
vn 0.8519 -0.4025 0.3352
vn 0.8711 -0.4048 0.2781
vn 0.8692 -0.4060 0.2823
vn 0.8620 -0.4055 0.3043
vn 0.8600 -0.4068 0.3080
vn 0.8257 -0.4020 0.3957
vn 0.8242 -0.4025 0.3983
vn 0.7601 -0.3890 0.5206
vn 0.7598 -0.3883 0.5215
vn 0.8253 -0.4050 0.3936
vn 0.8623 -0.4071 0.3012
vn 0.8716 -0.4061 0.2745
vn 0.8536 -0.4048 0.3278
vn 0.8363 -0.4027 0.3722
vn 0.8545 -0.4028 0.3280
vn 0.8914 -0.4000 0.2128
vn -0.5250 0.3732 -0.7649
vn -0.6101 0.4035 -0.6819
vn -0.7044 0.4330 -0.5624
vn -0.7877 0.4531 -0.4174
vn -0.8351 0.4595 -0.3025
vn -0.8484 0.4597 -0.2624
vn -0.8295 0.4579 -0.3198
vn -0.8079 0.4544 -0.3752
vn -0.8251 0.4559 -0.3339
vn -0.8634 0.4565 -0.2147
vn -0.8934 0.4464 -0.0502
vn -0.8990 0.4256 0.1033
vn -0.8882 0.4009 0.2246
vn -0.8653 0.3716 0.3364
vn -0.8271 0.3345 0.4517
vn -0.7762 0.2929 0.5583
vn -0.5494 0.2075 0.8094
vn -0.5609 0.1876 0.8064
vn -0.4548 0.1515 0.8776
vn -0.4643 0.1327 0.8757
vn -0.4754 0.1073 0.8732
vn -0.5739 0.1614 0.8028
vn -0.3753 0.1069 0.9207
vn -0.3828 0.0890 0.9195
vn -0.3924 0.0644 0.9175
vn -0.3480 0.0713 0.9348
vn -0.3571 0.0472 0.9329
vn -0.3673 0.0176 0.9299
vn -0.4028 0.0340 0.9147
vn -0.3872 0.0632 0.9198
vn -0.3988 0.0342 0.9164
vn -0.4108 0.0755 0.9086
vn -0.4238 0.0471 0.9045
vn -0.3612 0.0502 0.9311
vn -0.3751 0.0221 0.9267
vn -0.2523 -0.0038 0.9677
vn -0.2661 -0.0315 0.9634
vn -0.1068 -0.0725 0.9916
vn -0.1197 -0.0993 0.9878
vn 0.0319 -0.1347 0.9904
vn 0.0203 -0.1602 0.9869
vn 0.1474 -0.1840 0.9718
vn 0.1367 -0.2078 0.9686
vn 0.2590 -0.2293 0.9383
vn 0.2491 -0.2511 0.9354
vn 0.1555 -0.1663 0.9737
vn 0.2666 -0.2135 0.9399
vn 0.1606 -0.1558 0.9746
vn 0.2711 -0.2049 0.9405
vn 0.0409 -0.1152 0.9925
vn 0.0467 -0.1031 0.9936
vn -0.0967 -0.0513 0.9940
vn -0.0899 -0.0373 0.9953
vn -0.2412 0.0189 0.9703
vn -0.2335 0.0347 0.9717
vn -0.3500 0.0738 0.9338
vn -0.3419 0.0910 0.9353
vn -0.4000 0.0996 0.9111
vn -0.3921 0.1176 0.9124
vn -0.3775 0.0873 0.9219
vn -0.3704 0.1052 0.9229
vn -0.3414 0.0889 0.9357
vn -0.4872 0.0763 0.8700
vn 0.4751 0.4313 0.7670
vn 0.4337 0.4281 0.7928
vn 0.3955 0.4597 0.7951
vn 0.3535 0.4586 0.8153
vn 0.3183 0.4893 0.8120
vn 0.2700 0.4902 0.8288
vn 0.2332 0.5242 0.8190
vn 0.1675 0.5282 0.8324
vn 0.1237 0.5727 0.8103
vn 0.0639 0.5783 0.8133
vn -0.5215 -0.6611 0.5394
vn -0.0088 0.6219 0.7831
vn -0.0280 0.6471 0.7619
vn -0.0348 0.6476 0.7612
vn -0.5918 -0.6250 0.5090
vn -0.0068 0.6484 0.7613
vn 0.0080 0.6281 0.7781
vn 0.0077 0.6286 0.7777
vn 0.0057 0.6285 0.7778
vn -0.0242 0.6328 0.7739
vn -0.0410 0.6515 0.7575
vn -0.0893 0.6590 0.7469
vn 0.7023 0.3645 0.6115
vn 0.6740 0.3538 0.6485
vn 0.6381 0.3808 0.6692
vn -0.1114 0.6890 0.7161
# 557 vertex normals

vt 0.6958 0.5227 0.0000
vt 0.6803 0.5231 0.0000
vt 0.6803 0.5286 0.0000
vt 0.6997 0.5286 0.0000
vt 0.6997 0.5227 0.0000
vt 0.6803 0.5571 0.0000
vt 0.6997 0.5571 0.0000
vt 0.6803 0.5851 0.0000
vt 0.6997 0.5851 0.0000
vt 0.6803 0.6129 0.0000
vt 0.6997 0.6129 0.0000
vt 0.6803 0.6411 0.0000
vt 0.6997 0.6411 0.0000
vt 0.6934 0.6603 0.0000
vt 0.6997 0.6597 0.0000
vt 0.6803 0.6617 0.0000
vt 0.6753 0.6621 0.0000
vt 0.6607 0.6411 0.0000
vt 0.6607 0.6633 0.0000
vt 0.6568 0.6635 0.0000
vt 0.6416 0.6411 0.0000
vt 0.6416 0.6646 0.0000
vt 0.6387 0.6647 0.0000
vt 0.6237 0.6411 0.0000
vt 0.6237 0.6655 0.0000
vt 0.6215 0.6656 0.0000
vt 0.6076 0.6411 0.0000
vt 0.6076 0.6662 0.0000
vt 0.6061 0.6662 0.0000
vt 0.5940 0.6411 0.0000
vt 0.5940 0.6666 0.0000
vt 0.5929 0.6666 0.0000
vt 0.5824 0.6411 0.0000
vt 0.5824 0.6668 0.0000
vt 0.5815 0.6668 0.0000
vt 0.5720 0.6411 0.0000
vt 0.5720 0.6670 0.0000
vt 0.5712 0.6670 0.0000
vt 0.5623 0.6411 0.0000
vt 0.5623 0.6670 0.0000
vt 0.5615 0.6670 0.0000
vt 0.5526 0.6411 0.0000
vt 0.5526 0.6671 0.0000
vt 0.5518 0.6671 0.0000
vt 0.5422 0.6411 0.0000
vt 0.5423 0.6672 0.0000
vt 0.5414 0.6672 0.0000
vt 0.5307 0.6411 0.0000
vt 0.5307 0.6671 0.0000
vt 0.5296 0.6671 0.0000
vt 0.5173 0.6411 0.0000
vt 0.5173 0.6668 0.0000
vt 0.5159 0.6668 0.0000
vt 0.5015 0.6411 0.0000
vt 0.5015 0.6663 0.0000
vt 0.4996 0.6662 0.0000
vt 0.4839 0.6411 0.0000
vt 0.4839 0.6655 0.0000
vt 0.4813 0.6654 0.0000
vt 0.4651 0.6411 0.0000
vt 0.4651 0.6645 0.0000
vt 0.4617 0.6643 0.0000
vt 0.4459 0.6411 0.0000
vt 0.4459 0.6632 0.0000
vt 0.4415 0.6629 0.0000
vt 0.4268 0.6411 0.0000
vt 0.4268 0.6616 0.0000
vt 0.4215 0.6612 0.0000
vt 0.4084 0.6411 0.0000
vt 0.4084 0.6599 0.0000
vt 0.4024 0.6594 0.0000
vt 0.3913 0.6411 0.0000
vt 0.3913 0.6582 0.0000
vt 0.3849 0.6575 0.0000
vt 0.3759 0.6411 0.0000
vt 0.3759 0.6565 0.0000
vt 0.3696 0.6558 0.0000
vt 0.3628 0.6411 0.0000
vt 0.3628 0.6549 0.0000
vt 0.3567 0.6542 0.0000
vt 0.3514 0.6411 0.0000
vt 0.3514 0.6535 0.0000
vt 0.3454 0.6527 0.0000
vt 0.3412 0.6411 0.0000
vt 0.3412 0.6521 0.0000
vt 0.3350 0.6513 0.0000
vt 0.3315 0.6411 0.0000
vt 0.3315 0.6508 0.0000
vt 0.3248 0.6500 0.0000
vt 0.3218 0.6411 0.0000
vt 0.3218 0.6495 0.0000
vt 0.3142 0.6486 0.0000
vt 0.3115 0.6411 0.0000
vt 0.3115 0.6482 0.0000
vt 0.3024 0.6472 0.0000
vt 0.2999 0.6411 0.0000
vt 0.2999 0.6469 0.0000
vt 0.2886 0.6456 0.0000
vt 0.2865 0.6411 0.0000
vt 0.2865 0.6453 0.0000
vt 0.2721 0.6438 0.0000
vt 0.2706 0.6411 0.0000
vt 0.2706 0.6436 0.0000
vt 0.2533 0.6419 0.0000
vt 0.2528 0.6411 0.0000
vt 0.2528 0.6418 0.0000
vt 0.2450 0.6411 0.0000
vt 0.2330 0.6400 0.0000
vt 0.2337 0.6401 0.0000
vt 0.2337 0.6129 0.0000
vt 0.2141 0.6129 0.0000
vt 0.2141 0.6385 0.0000
vt 0.2122 0.6384 0.0000
vt 0.1944 0.6129 0.0000
vt 0.1944 0.6372 0.0000
vt 0.1917 0.6371 0.0000
vt 0.1754 0.6129 0.0000
vt 0.1754 0.6362 0.0000
vt 0.1722 0.6361 0.0000
vt 0.1576 0.6129 0.0000
vt 0.1576 0.6355 0.0000
vt 0.1544 0.6354 0.0000
vt 0.1418 0.6129 0.0000
vt 0.1418 0.6349 0.0000
vt 0.1388 0.6348 0.0000
vt 0.1285 0.6129 0.0000
vt 0.1285 0.6345 0.0000
vt 0.1258 0.6345 0.0000
vt 0.1171 0.6129 0.0000
vt 0.1171 0.6343 0.0000
vt 0.1146 0.6343 0.0000
vt 0.1069 0.6129 0.0000
vt 0.1069 0.6341 0.0000
vt 0.1046 0.6341 0.0000
vt 0.0975 0.6129 0.0000
vt 0.0975 0.6341 0.0000
vt 0.0951 0.6341 0.0000
vt 0.0880 0.6129 0.0000
vt 0.0880 0.6340 0.0000
vt 0.0856 0.6340 0.0000
vt 0.0785 0.6128 0.0000
vt 0.0785 0.6340 0.0000
vt 0.0761 0.6340 0.0000
vt 0.0690 0.6126 0.0000
vt 0.0690 0.6339 0.0000
vt 0.0667 0.6338 0.0000
vt 0.0595 0.6118 0.0000
vt 0.0595 0.6339 0.0000
vt 0.9849 0.6342 0.0000
vt 0.9894 0.6339 0.0000
vt 0.9894 0.6119 0.0000
vt 0.9699 0.6126 0.0000
vt 0.9699 0.6346 0.0000
vt 0.9657 0.6348 0.0000
vt 0.9504 0.6128 0.0000
vt 0.9504 0.6354 0.0000
vt 0.9466 0.6355 0.0000
vt 0.9309 0.6129 0.0000
vt 0.9309 0.6362 0.0000
vt 0.9276 0.6364 0.0000
vt 0.9114 0.6129 0.0000
vt 0.9114 0.6373 0.0000
vt 0.9088 0.6374 0.0000
vt 0.8918 0.6129 0.0000
vt 0.8918 0.6386 0.0000
vt 0.8901 0.6387 0.0000
vt 0.8728 0.6129 0.0000
vt 0.8728 0.6401 0.0000
vt 0.8721 0.6401 0.0000
vt 0.8551 0.6129 0.0000
vt 0.8606 0.6411 0.0000
vt 0.8550 0.6411 0.0000
vt 0.8550 0.6416 0.0000
vt 0.8392 0.6411 0.0000
vt 0.8403 0.6430 0.0000
vt 0.8392 0.6431 0.0000
vt 0.8259 0.6411 0.0000
vt 0.8274 0.6443 0.0000
vt 0.8259 0.6445 0.0000
vt 0.8145 0.6411 0.0000
vt 0.8163 0.6455 0.0000
vt 0.8145 0.6457 0.0000
vt 0.8044 0.6411 0.0000
vt 0.8063 0.6466 0.0000
vt 0.8044 0.6469 0.0000
vt 0.7949 0.6411 0.0000
vt 0.7971 0.6477 0.0000
vt 0.7949 0.6480 0.0000
vt 0.7854 0.6411 0.0000
vt 0.7879 0.6488 0.0000
vt 0.7854 0.6491 0.0000
vt 0.7753 0.6411 0.0000
vt 0.7784 0.6499 0.0000
vt 0.7753 0.6503 0.0000
vt 0.7680 0.6511 0.0000
vt 0.7640 0.6411 0.0000
vt 0.7640 0.6517 0.0000
vt 0.7562 0.6526 0.0000
vt 0.7509 0.6411 0.0000
vt 0.7509 0.6533 0.0000
vt 0.7427 0.6543 0.0000
vt 0.7355 0.6411 0.0000
vt 0.7355 0.6553 0.0000
vt 0.7275 0.6562 0.0000
vt 0.7182 0.6411 0.0000
vt 0.7182 0.6575 0.0000
vt 0.7110 0.6583 0.0000
vt 0.7355 0.6129 0.0000
vt 0.7182 0.6129 0.0000
vt 0.7355 0.5851 0.0000
vt 0.7182 0.5851 0.0000
vt 0.7355 0.5571 0.0000
vt 0.7182 0.5571 0.0000
vt 0.7355 0.5286 0.0000
vt 0.7182 0.5286 0.0000
vt 0.7510 0.5571 0.0000
vt 0.7510 0.5286 0.0000
vt 0.7469 0.5208 0.0000
vt 0.7355 0.5213 0.0000
vt 0.7510 0.5206 0.0000
vt 0.7603 0.5202 0.0000
vt 0.7640 0.5286 0.0000
vt 0.7640 0.5201 0.0000
vt 0.7720 0.5198 0.0000
vt 0.7753 0.5286 0.0000
vt 0.7753 0.5197 0.0000
vt 0.7823 0.5194 0.0000
vt 0.7854 0.5286 0.0000
vt 0.7854 0.5193 0.0000
vt 0.7918 0.5191 0.0000
vt 0.7949 0.5286 0.0000
vt 0.7949 0.5190 0.0000
vt 0.8012 0.5187 0.0000
vt 0.8044 0.5286 0.0000
vt 0.8044 0.5186 0.0000
vt 0.8110 0.5184 0.0000
vt 0.8145 0.5286 0.0000
vt 0.8145 0.5183 0.0000
vt 0.8218 0.5180 0.0000
vt 0.8259 0.5286 0.0000
vt 0.8259 0.5179 0.0000
vt 0.8343 0.5175 0.0000
vt 0.8392 0.5286 0.0000
vt 0.8392 0.5174 0.0000
vt 0.8489 0.5170 0.0000
vt 0.8551 0.5286 0.0000
vt 0.8551 0.5168 0.0000
vt 0.8655 0.5164 0.0000
vt 0.8728 0.5286 0.0000
vt 0.8728 0.5162 0.0000
vt 0.8836 0.5158 0.0000
vt 0.8918 0.5286 0.0000
vt 0.8918 0.5156 0.0000
vt 0.9026 0.5152 0.0000
vt 0.9114 0.5286 0.0000
vt 0.9114 0.5150 0.0000
vt 0.9218 0.5148 0.0000
vt 0.9309 0.5286 0.0000
vt 0.9309 0.5146 0.0000
vt 0.9411 0.5145 0.0000
vt 0.9504 0.5288 0.0000
vt 0.9504 0.5145 0.0000
vt 0.9604 0.5147 0.0000
vt 0.9699 0.5294 0.0000
vt 0.9699 0.5150 0.0000
vt 0.9797 0.5153 0.0000
vt 0.9894 0.5303 0.0000
vt 0.9894 0.5166 0.0000
vt 0.0642 0.5161 0.0000
vt 0.0595 0.5166 0.0000
vt 0.0595 0.5302 0.0000
vt 0.0690 0.5294 0.0000
vt 0.0690 0.5145 0.0000
vt 0.0736 0.5141 0.0000
vt 0.0785 0.5288 0.0000
vt 0.0785 0.5134 0.0000
vt 0.0830 0.5133 0.0000
vt 0.0880 0.5286 0.0000
vt 0.0880 0.5130 0.0000
vt 0.0925 0.5129 0.0000
vt 0.0975 0.5286 0.0000
vt 0.0975 0.5128 0.0000
vt 0.1019 0.5128 0.0000
vt 0.1069 0.5286 0.0000
vt 0.1069 0.5127 0.0000
vt 0.1117 0.5127 0.0000
vt 0.1171 0.5286 0.0000
vt 0.1171 0.5126 0.0000
vt 0.1223 0.5126 0.0000
vt 0.1285 0.5286 0.0000
vt 0.1285 0.5125 0.0000
vt 0.1346 0.5125 0.0000
vt 0.1418 0.5286 0.0000
vt 0.1418 0.5124 0.0000
vt 0.1490 0.5123 0.0000
vt 0.1576 0.5286 0.0000
vt 0.1576 0.5122 0.0000
vt 0.1656 0.5122 0.0000
vt 0.1754 0.5286 0.0000
vt 0.1754 0.5121 0.0000
vt 0.1839 0.5121 0.0000
vt 0.1944 0.5286 0.0000
vt 0.1944 0.5120 0.0000
vt 0.2032 0.5121 0.0000
vt 0.2141 0.5286 0.0000
vt 0.2141 0.5120 0.0000
vt 0.2229 0.5122 0.0000
vt 0.2337 0.5286 0.0000
vt 0.2337 0.5123 0.0000
vt 0.2425 0.5125 0.0000
vt 0.2528 0.5286 0.0000
vt 0.2528 0.5126 0.0000
vt 0.2612 0.5129 0.0000
vt 0.2706 0.5286 0.0000
vt 0.2706 0.5130 0.0000
vt 0.2783 0.5133 0.0000
vt 0.2865 0.5286 0.0000
vt 0.2865 0.5134 0.0000
vt 0.2932 0.5137 0.0000
vt 0.2999 0.5286 0.0000
vt 0.2999 0.5138 0.0000
vt 0.3059 0.5141 0.0000
vt 0.3115 0.5286 0.0000
vt 0.3115 0.5143 0.0000
vt 0.3169 0.5145 0.0000
vt 0.3218 0.5286 0.0000
vt 0.3218 0.5147 0.0000
vt 0.3270 0.5149 0.0000
vt 0.3315 0.5286 0.0000
vt 0.3315 0.5151 0.0000
vt 0.3369 0.5154 0.0000
vt 0.3412 0.5286 0.0000
vt 0.3412 0.5155 0.0000
vt 0.3470 0.5159 0.0000
vt 0.3514 0.5286 0.0000
vt 0.3514 0.5160 0.0000
vt 0.3581 0.5164 0.0000
vt 0.3628 0.5286 0.0000
vt 0.3628 0.5165 0.0000
vt 0.3708 0.5169 0.0000
vt 0.3759 0.5286 0.0000
vt 0.3759 0.5171 0.0000
vt 0.3856 0.5175 0.0000
vt 0.3913 0.5286 0.0000
vt 0.3913 0.5177 0.0000
vt 0.4024 0.5181 0.0000
vt 0.4084 0.5286 0.0000
vt 0.4084 0.5183 0.0000
vt 0.4207 0.5187 0.0000
vt 0.4268 0.5286 0.0000
vt 0.4268 0.5189 0.0000
vt 0.4399 0.5193 0.0000
vt 0.4459 0.5286 0.0000
vt 0.4459 0.5195 0.0000
vt 0.4595 0.5199 0.0000
vt 0.4651 0.5286 0.0000
vt 0.4651 0.5200 0.0000
vt 0.4787 0.5203 0.0000
vt 0.4839 0.5286 0.0000
vt 0.4839 0.5205 0.0000
vt 0.4969 0.5208 0.0000
vt 0.5015 0.5286 0.0000
vt 0.5015 0.5209 0.0000
vt 0.5134 0.5211 0.0000
vt 0.5173 0.5286 0.0000
vt 0.5173 0.5212 0.0000
vt 0.4839 0.5571 0.0000
vt 0.5015 0.5571 0.0000
vt 0.4839 0.5850 0.0000
vt 0.5015 0.5850 0.0000
vt 0.4839 0.6129 0.0000
vt 0.5015 0.6129 0.0000
vt 0.4651 0.5850 0.0000
vt 0.4651 0.6129 0.0000
vt 0.4459 0.5851 0.0000
vt 0.4459 0.6129 0.0000
vt 0.4268 0.5851 0.0000
vt 0.4268 0.6129 0.0000
vt 0.4084 0.5851 0.0000
vt 0.4084 0.6129 0.0000
vt 0.3913 0.5851 0.0000
vt 0.3913 0.6129 0.0000
vt 0.3759 0.5851 0.0000
vt 0.3759 0.6129 0.0000
vt 0.3628 0.5851 0.0000
vt 0.3628 0.6129 0.0000
vt 0.3514 0.5851 0.0000
vt 0.3514 0.6129 0.0000
vt 0.3412 0.5851 0.0000
vt 0.3412 0.6129 0.0000
vt 0.3314 0.5849 0.0000
vt 0.3315 0.6129 0.0000
vt 0.3218 0.5851 0.0000
vt 0.3218 0.6129 0.0000
vt 0.3315 0.5851 0.0000
vt 0.3115 0.5851 0.0000
vt 0.3115 0.6129 0.0000
vt 0.2999 0.5850 0.0000
vt 0.2999 0.6129 0.0000
vt 0.2865 0.5850 0.0000
vt 0.2865 0.6129 0.0000
vt 0.2706 0.5850 0.0000
vt 0.2706 0.6129 0.0000
vt 0.2528 0.5850 0.0000
vt 0.2528 0.6129 0.0000
vt 0.2337 0.5850 0.0000
vt 0.2141 0.5850 0.0000
vt 0.2337 0.5571 0.0000
vt 0.2141 0.5571 0.0000
vt 0.1944 0.5571 0.0000
vt 0.1944 0.5850 0.0000
vt 0.1754 0.5571 0.0000
vt 0.1754 0.5850 0.0000
vt 0.1576 0.5571 0.0000
vt 0.1576 0.5850 0.0000
vt 0.1418 0.5571 0.0000
vt 0.1418 0.5850 0.0000
vt 0.1285 0.5571 0.0000
vt 0.1285 0.5850 0.0000
vt 0.1171 0.5571 0.0000
vt 0.1171 0.5851 0.0000
vt 0.1069 0.5571 0.0000
vt 0.1069 0.5851 0.0000
vt 0.0975 0.5571 0.0000
vt 0.0975 0.5851 0.0000
vt 0.0880 0.5571 0.0000
vt 0.0880 0.5851 0.0000
vt 0.0785 0.5572 0.0000
vt 0.0785 0.5850 0.0000
vt 0.0690 0.5573 0.0000
vt 0.0690 0.5849 0.0000
vt 0.0595 0.5574 0.0000
vt 0.0595 0.5846 0.0000
vt 0.9699 0.5573 0.0000
vt 0.9699 0.5849 0.0000
vt 0.9894 0.5847 0.0000
vt 0.9894 0.5575 0.0000
vt 0.9504 0.5572 0.0000
vt 0.9504 0.5850 0.0000
vt 0.9309 0.5571 0.0000
vt 0.9309 0.5851 0.0000
vt 0.9114 0.5571 0.0000
vt 0.9114 0.5851 0.0000
vt 0.8918 0.5571 0.0000
vt 0.8918 0.5851 0.0000
vt 0.8728 0.5571 0.0000
vt 0.8728 0.5851 0.0000
vt 0.8551 0.5571 0.0000
vt 0.8551 0.5851 0.0000
vt 0.8392 0.5571 0.0000
vt 0.8392 0.5851 0.0000
vt 0.8392 0.6129 0.0000
vt 0.8259 0.5851 0.0000
vt 0.8259 0.6129 0.0000
vt 0.8145 0.5851 0.0000
vt 0.8145 0.6129 0.0000
vt 0.8044 0.5851 0.0000
vt 0.8044 0.6129 0.0000
vt 0.7949 0.5851 0.0000
vt 0.7949 0.6129 0.0000
vt 0.7854 0.5851 0.0000
vt 0.7854 0.6129 0.0000
vt 0.7753 0.5851 0.0000
vt 0.7753 0.6129 0.0000
vt 0.7640 0.5851 0.0000
vt 0.7640 0.6129 0.0000
vt 0.7510 0.5851 0.0000
vt 0.7510 0.6129 0.0000
vt 0.7640 0.5571 0.0000
vt 0.7753 0.5571 0.0000
vt 0.7854 0.5571 0.0000
vt 0.7949 0.5571 0.0000
vt 0.8044 0.5571 0.0000
vt 0.8145 0.5571 0.0000
vt 0.8259 0.5571 0.0000
vt 0.2528 0.5571 0.0000
vt 0.2706 0.5571 0.0000
vt 0.2865 0.5571 0.0000
vt 0.2999 0.5571 0.0000
vt 0.3115 0.5571 0.0000
vt 0.3218 0.5571 0.0000
vt 0.3315 0.5571 0.0000
vt 0.3412 0.5571 0.0000
vt 0.3514 0.5571 0.0000
vt 0.3628 0.5571 0.0000
vt 0.3759 0.5571 0.0000
vt 0.3913 0.5571 0.0000
vt 0.4084 0.5571 0.0000
vt 0.4268 0.5571 0.0000
vt 0.4459 0.5571 0.0000
vt 0.4651 0.5571 0.0000
vt 0.5173 0.6129 0.0000
vt 0.5173 0.5850 0.0000
vt 0.5307 0.6129 0.0000
vt 0.5307 0.5850 0.0000
vt 0.5307 0.5571 0.0000
vt 0.5173 0.5571 0.0000
vt 0.5422 0.6129 0.0000
vt 0.5422 0.5850 0.0000
vt 0.5423 0.5571 0.0000
vt 0.5526 0.5850 0.0000
vt 0.5526 0.5571 0.0000
vt 0.5526 0.5286 0.0000
vt 0.5423 0.5286 0.0000
vt 0.5623 0.5571 0.0000
vt 0.5623 0.5286 0.0000
vt 0.5720 0.5571 0.0000
vt 0.5720 0.5286 0.0000
vt 0.5824 0.5571 0.0000
vt 0.5824 0.5286 0.0000
vt 0.5940 0.5571 0.0000
vt 0.5940 0.5286 0.0000
vt 0.6076 0.5571 0.0000
vt 0.6076 0.5286 0.0000
vt 0.6237 0.5571 0.0000
vt 0.6237 0.5286 0.0000
vt 0.6416 0.5571 0.0000
vt 0.6416 0.5286 0.0000
vt 0.6607 0.5571 0.0000
vt 0.6607 0.5286 0.0000
vt 0.6416 0.5851 0.0000
vt 0.6607 0.5851 0.0000
vt 0.6416 0.6129 0.0000
vt 0.6607 0.6129 0.0000
vt 0.6237 0.5851 0.0000
vt 0.6237 0.6129 0.0000
vt 0.6076 0.5851 0.0000
vt 0.6076 0.6129 0.0000
vt 0.5940 0.5851 0.0000
vt 0.5940 0.6129 0.0000
vt 0.5824 0.5851 0.0000
vt 0.5824 0.6129 0.0000
vt 0.5720 0.5851 0.0000
vt 0.5720 0.6129 0.0000
vt 0.5623 0.5851 0.0000
vt 0.5623 0.6129 0.0000
vt 0.5526 0.6129 0.0000
vt 0.5307 0.5286 0.0000
vt 0.0784 0.5851 0.0000
vt 0.6767 0.5231 0.0000
vt 0.6607 0.5233 0.0000
vt 0.6573 0.5232 0.0000
vt 0.6416 0.5232 0.0000
vt 0.6384 0.5232 0.0000
vt 0.6237 0.5230 0.0000
vt 0.6206 0.5230 0.0000
vt 0.6076 0.5228 0.0000
vt 0.6049 0.5227 0.0000
vt 0.5940 0.5226 0.0000
vt 0.5917 0.5225 0.0000
vt 0.5824 0.5224 0.0000
vt 0.5802 0.5223 0.0000
vt 0.5720 0.5222 0.0000
vt 0.5699 0.5222 0.0000
vt 0.5623 0.5221 0.0000
vt 0.5602 0.5220 0.0000
vt 0.5526 0.5219 0.0000
vt 0.5503 0.5218 0.0000
vt 0.5423 0.5217 0.0000
vt 0.5396 0.5217 0.0000
vt 0.5307 0.5215 0.0000
vt 0.7314 0.5214 0.0000
vt 0.7182 0.5220 0.0000
vt 0.7142 0.5221 0.0000
vt 0.5275 0.5214 0.0000
vt 0.8919 0.3747 0.0000
vt 0.8763 0.3494 0.0000
vt 0.8748 0.3473 0.0000
vt 0.8936 0.3773 0.0000
vt 0.9064 0.4076 0.0000
vt 0.9080 0.4113 0.0000
vt 0.9166 0.4481 0.0000
vt 0.9179 0.4536 0.0000
vt 0.9218 0.4937 0.0000
vt 0.9226 0.5015 0.0000
vt 0.9216 0.5417 0.0000
vt 0.9214 0.5520 0.0000
vt 0.9154 0.5896 0.0000
vt 0.9134 0.6025 0.0000
vt 0.9029 0.6349 0.0000
vt 0.8980 0.6501 0.0000
vt 0.8853 0.6766 0.0000
vt 0.8771 0.6935 0.0000
vt 0.8639 0.7139 0.0000
vt 0.8526 0.7314 0.0000
vt 0.8403 0.7459 0.0000
vt 0.8263 0.7623 0.0000
vt 0.8156 0.7716 0.0000
vt 0.8000 0.7850 0.0000
vt 0.7908 0.7912 0.0000
vt 0.7741 0.8023 0.0000
vt 0.7662 0.8068 0.0000
vt 0.7487 0.8167 0.0000
vt 0.7421 0.8206 0.0000
vt 0.7242 0.8311 0.0000
vt 0.7188 0.8351 0.0000
vt 0.7009 0.8481 0.0000
vt 0.6961 0.8516 0.0000
vt 0.6762 0.8659 0.0000
vt 0.6719 0.8685 0.0000
vt 0.6478 0.8827 0.0000
vt 0.6439 0.8843 0.0000
vt 0.6132 0.8967 0.0000
vt 0.6103 0.8973 0.0000
vt 0.5698 0.9060 0.0000
vt 0.5544 0.9072 0.0000
vt 0.5227 0.9096 0.0000
vt 0.5209 0.9097 0.0000
vt 0.4739 0.9075 0.0000
vt 0.4694 0.9073 0.0000
vt 0.4253 0.8991 0.0000
vt 0.4186 0.8978 0.0000
vt 0.3794 0.8836 0.0000
vt 0.3715 0.8807 0.0000
vt 0.3375 0.8624 0.0000
vt 0.3292 0.8579 0.0000
vt 0.3008 0.8372 0.0000
vt 0.2929 0.8314 0.0000
vt 0.2705 0.8097 0.0000
vt 0.2637 0.8031 0.0000
vt 0.2478 0.7820 0.0000
vt 0.2427 0.7752 0.0000
vt 0.2310 0.7547 0.0000
vt 0.2272 0.7481 0.0000
vt 0.2177 0.7287 0.0000
vt 0.2145 0.7223 0.0000
vt 0.8580 0.3254 0.0000
vt 0.8565 0.3236 0.0000
vt 0.8401 0.3032 0.0000
vt 0.8389 0.3014 0.0000
vt 0.8244 0.2804 0.0000
vt 0.8232 0.2786 0.0000
vt 0.8082 0.2570 0.0000
vt 0.8068 0.2552 0.0000
vt 0.7888 0.2331 0.0000
vt 0.7868 0.2311 0.0000
vt 0.7636 0.2084 0.0000
vt 0.7606 0.2062 0.0000
vt 0.7299 0.1831 0.0000
vt 0.7254 0.1805 0.0000
vt 0.6893 0.1589 0.0000
vt 0.6830 0.1560 0.0000
vt 0.6438 0.1377 0.0000
vt 0.6350 0.1348 0.0000
vt 0.5948 0.1213 0.0000
vt 0.5833 0.1192 0.0000
vt 0.5443 0.1117 0.0000
vt 0.5300 0.1108 0.0000
vt 0.4946 0.1083 0.0000
vt 0.4783 0.1092 0.0000
vt 0.4484 0.1107 0.0000
vt 0.4315 0.1139 0.0000
vt 0.4080 0.1182 0.0000
vt 0.3927 0.1241 0.0000
vt 0.3761 0.1305 0.0000
vt 0.3621 0.1386 0.0000
vt 0.3501 0.1456 0.0000
vt 0.3368 0.1551 0.0000
vt 0.2051 0.7043 0.0000
vt 0.3276 0.1617 0.0000
vt 0.2020 0.6985 0.0000
vt 0.3139 0.1715 0.0000
vt 0.3061 0.1770 0.0000
vt 0.2904 0.1857 0.0000
vt 0.2832 0.1897 0.0000
vt 0.2658 0.1993 0.0000
vt 0.2594 0.2028 0.0000
vt 0.2405 0.2159 0.0000
vt 0.2352 0.2196 0.0000
vt 0.2150 0.2392 0.0000
vt 0.2111 0.2430 0.0000
vt 0.1900 0.2729 0.0000
vt 0.1877 0.2761 0.0000
vt 0.1670 0.3158 0.0000
vt 0.1664 0.3169 0.0000
vt 0.1592 0.3357 0.0000
vt 0.1487 0.3632 0.0000
vt 0.1482 0.3650 0.0000
vt 0.1359 0.4128 0.0000
vt 0.1353 0.4176 0.0000
vt 0.1295 0.4638 0.0000
vt 0.1294 0.4707 0.0000
vt 0.1905 0.6823 0.0000
vt 0.1288 0.5137 0.0000
vt 0.1296 0.5216 0.0000
vt 0.1868 0.6771 0.0000
vt 0.1333 0.5598 0.0000
vt 0.1351 0.5677 0.0000
vt 0.1746 0.6605 0.0000
vt 0.1707 0.6554 0.0000
vt 0.1589 0.6362 0.0000
vt 0.1452 0.6063 0.0000
vt 0.1423 0.5995 0.0000
vt 0.1554 0.6305 0.0000
vt 0.3612 0.1701 0.0000
vt 0.3734 0.1652 0.0000
vt 0.3985 0.1603 0.0000
vt 0.3318 0.1838 0.0000
vt 0.8289 0.3801 0.0000
vt 0.8326 0.3850 0.0000
vt 0.8459 0.4064 0.0000
vt 0.8493 0.4118 0.0000
vt 0.8605 0.4381 0.0000
vt 0.8711 0.4775 0.0000
vt 0.8632 0.4445 0.0000
vt 0.8729 0.4851 0.0000
vt 0.8767 0.5227 0.0000
vt 0.8776 0.5310 0.0000
vt 0.8768 0.5709 0.0000
vt 0.8766 0.5796 0.0000
vt 0.8706 0.6192 0.0000
vt 0.8693 0.6281 0.0000
vt 0.8578 0.6649 0.0000
vt 0.8550 0.6740 0.0000
vt 0.8396 0.7068 0.0000
vt 0.8354 0.7159 0.0000
vt 0.8177 0.7436 0.0000
vt 0.8121 0.7524 0.0000
vt 0.7935 0.7744 0.0000
vt 0.7868 0.7822 0.0000
vt 0.7685 0.7978 0.0000
vt 0.7613 0.8039 0.0000
vt 0.7434 0.8153 0.0000
vt 0.7358 0.8201 0.0000
vt 0.7185 0.8295 0.0000
vt 0.7108 0.8337 0.0000
vt 0.6943 0.8429 0.0000
vt 0.6866 0.8472 0.0000
vt 0.6712 0.8580 0.0000
vt 0.6635 0.8633 0.0000
vt 0.6476 0.8744 0.0000
vt 0.6392 0.8802 0.0000
vt 0.6211 0.8904 0.0000
vt 0.6110 0.8960 0.0000
vt 0.5895 0.9041 0.0000
vt 0.5766 0.9088 0.0000
vt 0.5504 0.9138 0.0000
vt 0.5335 0.9169 0.0000
vt 0.5048 0.9185 0.0000
vt 0.4848 0.9195 0.0000
vt 0.4556 0.9175 0.0000
vt 0.4336 0.9159 0.0000
vt 0.4059 0.9102 0.0000
vt 0.3833 0.9055 0.0000
vt 0.3584 0.8960 0.0000
vt 0.3368 0.8877 0.0000
vt 0.3151 0.8756 0.0000
vt 0.2953 0.8645 0.0000
vt 0.2771 0.8508 0.0000
vt 0.2598 0.8378 0.0000
vt 0.2455 0.8237 0.0000
vt 0.2313 0.8098 0.0000
vt 0.2213 0.7963 0.0000
vt 0.2110 0.7825 0.0000
vt 0.2037 0.7697 0.0000
vt 0.1960 0.7563 0.0000
vt 0.1902 0.7445 0.0000
vt 0.1838 0.7317 0.0000
vt 0.1781 0.7209 0.0000
vt 0.1717 0.7091 0.0000
vt 0.1648 0.6996 0.0000
vt 0.1570 0.6890 0.0000
vt 0.1497 0.6795 0.0000
vt 0.1413 0.6687 0.0000
vt 0.1344 0.6579 0.0000
vt 0.1264 0.6455 0.0000
vt 0.1206 0.6323 0.0000
vt 0.1098 0.6001 0.0000
vt 0.1138 0.6169 0.0000
vt 0.1051 0.5801 0.0000
vt 0.1033 0.5608 0.0000
vt 0.1010 0.5375 0.0000
vt 0.1014 0.5168 0.0000
vt 0.1019 0.4914 0.0000
vt 0.1048 0.4702 0.0000
vt 0.1084 0.4442 0.0000
vt 0.1141 0.4233 0.0000
vt 0.1211 0.3981 0.0000
vt 0.1291 0.3783 0.0000
vt 0.1385 0.3552 0.0000
vt 0.1483 0.3372 0.0000
vt 0.1593 0.3173 0.0000
vt 0.1704 0.3022 0.0000
vt 0.1938 0.2755 0.0000
vt 0.1821 0.2864 0.0000
vt 0.2055 0.2645 0.0000
vt 0.2176 0.2564 0.0000
vt 0.2290 0.2487 0.0000
vt 0.2412 0.2420 0.0000
vt 0.8149 0.3618 0.0000
vt 0.2521 0.2360 0.0000
vt 0.8112 0.3571 0.0000
vt 0.7978 0.3402 0.0000
vt 0.2642 0.2293 0.0000
vt 0.2743 0.2236 0.0000
vt 0.7945 0.3353 0.0000
vt 0.7829 0.3180 0.0000
vt 0.7794 0.3128 0.0000
vt 0.7675 0.2953 0.0000
vt 0.7632 0.2898 0.0000
vt 0.7489 0.2720 0.0000
vt 0.7431 0.2663 0.0000
vt 0.7245 0.2482 0.0000
vt 0.7163 0.2422 0.0000
vt 0.6915 0.2239 0.0000
vt 0.6811 0.2179 0.0000
vt 0.6516 0.2009 0.0000
vt 0.6392 0.1954 0.0000
vt 0.6067 0.1809 0.0000
vt 0.5925 0.1765 0.0000
vt 0.5583 0.1657 0.0000
vt 0.5427 0.1631 0.0000
vt 0.5083 0.1571 0.0000
vt 0.4920 0.1562 0.0000
vt 0.2859 0.2152 0.0000
vt 0.4591 0.1544 0.0000
vt 0.4430 0.1555 0.0000
vt 0.2950 0.2085 0.0000
vt 0.4133 0.1573 0.0000
vt 0.3075 0.1994 0.0000
vt 0.3168 0.1926 0.0000
vt 0.3421 0.1776 0.0000
# 822 texture coords

o Object003
g Object003
usemtl wire_196088225
s 1
f 2007/2491/1876 2008/2492/1877 2009/2493/1878 2010/2494/1879 
f 2011/2495/1880 2007/2491/1876 2010/2494/1879 
f 2009/2493/1878 2012/2496/1881 2013/2497/1882 2010/2494/1879 
f 2012/2496/1881 2014/2498/1883 2015/2499/1884 2013/2497/1882 
f 2014/2498/1883 2016/2500/1885 2017/2501/1886 2015/2499/1884 
f 2016/2500/1885 2018/2502/1887 2019/2503/1888 2017/2501/1886 
f 2020/2504/1889 2021/2505/1890 2019/2503/1888 2018/2502/1887 
f 2020/2504/1889 2018/2502/1887 2022/2506/1891 
f 2023/2507/1892 2022/2506/1891 2018/2502/1887 2024/2508/1893 
f 2023/2507/1892 2024/2508/1893 2025/2509/1894 
f 2026/2510/1895 2025/2509/1894 2024/2508/1893 2027/2511/1896 
f 2026/2510/1895 2027/2511/1896 2028/2512/1897 
f 2029/2513/1898 2028/2512/1897 2027/2511/1896 2030/2514/1899 
f 2029/2513/1898 2030/2514/1899 2031/2515/1900 
f 2032/2516/1901 2031/2515/1900 2030/2514/1899 2033/2517/1902 
f 2032/2516/1901 2033/2517/1902 2034/2518/1903 
f 2035/2519/1904 2034/2518/1903 2033/2517/1902 2036/2520/1905 
f 2035/2519/1904 2036/2520/1905 2037/2521/1906 
f 2038/2522/1907 2037/2521/1906 2036/2520/1905 2039/2523/1908 
f 2038/2522/1907 2039/2523/1908 2040/2524/1909 
f 2041/2525/1910 2040/2524/1909 2039/2523/1908 2042/2526/1911 
f 2041/2525/1910 2042/2526/1911 2043/2527/1912 
f 2044/2528/1913 2043/2527/1912 2042/2526/1911 2045/2529/1914 
f 2044/2528/1913 2045/2529/1914 2046/2530/1915 
f 2047/2531/1916 2046/2530/1915 2045/2529/1914 2048/2532/1917 
f 2047/2531/1916 2048/2532/1917 2049/2533/1918 
f 2050/2534/1919 2049/2533/1918 2048/2532/1917 2051/2535/1920 
f 2050/2534/1919 2051/2535/1920 2052/2536/1921 
f 2053/2537/1922 2052/2536/1921 2051/2535/1920 2054/2538/1923 
f 2053/2537/1922 2054/2538/1923 2055/2539/1924 
f 2056/2540/1925 2055/2539/1924 2054/2538/1923 2057/2541/1926 
f 2056/2540/1925 2057/2541/1926 2058/2542/1927 
f 2059/2543/1928 2058/2542/1927 2057/2541/1926 2060/2544/1929 
f 2059/2543/1928 2060/2544/1929 2061/2545/1930 
f 2062/2546/1931 2061/2545/1930 2060/2544/1929 2063/2547/1932 
f 2062/2546/1931 2063/2547/1932 2064/2548/1933 
f 2065/2549/1934 2064/2548/1933 2063/2547/1932 2066/2550/1935 
f 2065/2549/1934 2066/2550/1935 2067/2551/1936 
f 2068/2552/1937 2067/2551/1936 2066/2550/1935 2069/2553/1938 
f 2068/2552/1937 2069/2553/1938 2070/2554/1939 
f 2071/2555/1940 2070/2554/1939 2069/2553/1938 2072/2556/1941 
f 2071/2555/1940 2072/2556/1941 2073/2557/1942 
f 2074/2558/1943 2073/2557/1942 2072/2556/1941 2075/2559/1944 
f 2074/2558/1943 2075/2559/1944 2076/2560/1945 
f 2077/2561/1946 2076/2560/1945 2075/2559/1944 2078/2562/1947 
f 2077/2561/1946 2078/2562/1947 2079/2563/1948 
f 2080/2564/1949 2079/2563/1948 2078/2562/1947 2081/2565/1950 
f 2080/2564/1949 2081/2565/1950 2082/2566/1951 
f 2083/2567/1952 2082/2566/1951 2081/2565/1950 2084/2568/1953 
f 2083/2567/1952 2084/2568/1953 2085/2569/1954 
f 2086/2570/1955 2085/2569/1954 2084/2568/1953 2087/2571/1956 
f 2086/2570/1955 2087/2571/1956 2088/2572/1957 
f 2089/2573/1958 2088/2572/1957 2087/2571/1956 2090/2574/1959 
f 2089/2573/1958 2090/2574/1959 2091/2575/1960 
f 2092/2576/1961 2091/2575/1960 2090/2574/1959 2093/2577/1962 
f 2092/2576/1961 2093/2577/1962 2094/2578/1963 
f 2095/2579/1964 2094/2578/1963 2093/2577/1962 2096/2580/1965 
f 2095/2579/1964 2096/2580/1965 2097/2581/1966 
f 2098/2582/1967 2097/2581/1966 2096/2580/1965 2099/2583/1968 
f 2098/2582/1967 2099/2583/1968 2100/2584/1969 
f 2101/2585/1970 2100/2584/1969 2099/2583/1968 2102/2586/1971 
f 2101/2585/1970 2102/2586/1971 2103/2587/1972 
f 2104/2588/1973 2103/2587/1972 2102/2586/1971 2105/2589/1974 
f 2104/2588/1973 2105/2589/1974 2106/2590/1975 
f 2107/2591/1976 2106/2590/1975 2105/2589/1974 2108/2592/1977 
f 2107/2591/1976 2108/2592/1977 2109/2593/1978 
f 2110/2594/1979 2109/2593/1978 2108/2592/1977 2111/2595/1980 
f 2110/2594/1979 2111/2595/1980 2112/2596/1981 
f 2112/2596/1981 2111/2595/1980 2113/2597/1982 
f 2114/2598/1983 2115/2599/1984 2116/2600/1985 2117/2601/1986 
f 2114/2598/1983 2117/2601/1986 2118/2602/1987 
f 2119/2603/1988 2118/2602/1987 2117/2601/1986 2120/2604/1989 
f 2119/2603/1988 2120/2604/1989 2121/2605/1990 
f 2122/2606/1991 2121/2605/1990 2120/2604/1989 2123/2607/1992 
f 2122/2606/1991 2123/2607/1992 2124/2608/1993 
f 2125/2609/1994 2124/2608/1993 2123/2607/1992 2126/2610/1995 
f 2125/2609/1994 2126/2610/1995 2127/2611/1996 
f 2128/2612/1997 2127/2611/1996 2126/2610/1995 2129/2613/1998 
f 2128/2612/1997 2129/2613/1998 2130/2614/1999 
f 2131/2615/2000 2130/2614/1999 2129/2613/1998 2132/2616/2001 
f 2131/2615/2000 2132/2616/2001 2133/2617/2002 
f 2134/2618/2003 2133/2617/2002 2132/2616/2001 2135/2619/2004 
f 2134/2618/2003 2135/2619/2004 2136/2620/2005 
f 2137/2621/2006 2136/2620/2005 2135/2619/2004 2138/2622/2007 
f 2137/2621/2006 2138/2622/2007 2139/2623/2008 
f 2140/2624/2009 2139/2623/2008 2138/2622/2007 2141/2625/2010 
f 2140/2624/2009 2141/2625/2010 2142/2626/2011 
f 2143/2627/2012 2142/2626/2011 2141/2625/2010 2144/2628/2013 
f 2143/2627/2012 2144/2628/2013 2145/2629/2014 
f 2146/2630/2015 2145/2629/2014 2144/2628/2013 2147/2631/2016 
f 2146/2630/2015 2147/2631/2016 2148/2632/2017 
f 2149/2633/2018 2148/2632/2017 2147/2631/2016 2150/2634/2019 
f 2149/2633/2018 2150/2634/2019 2151/2635/2020 
f 2152/2636/2021 2151/2635/2020 2150/2634/2019 2153/2637/2022 
f 2152/2636/2021 2153/2637/2022 2154/2638/2023 
f 2155/2639/2024 2154/2640/2023 2153/2641/2022 2156/2642/2025 
f 2155/2639/2024 2156/2642/2025 2157/2643/2026 
f 2158/2644/2027 2157/2643/2026 2156/2642/2025 2159/2645/2028 
f 2158/2644/2027 2159/2645/2028 2160/2646/2029 
f 2161/2647/2030 2160/2646/2029 2159/2645/2028 2162/2648/2031 
f 2161/2647/2030 2162/2648/2031 2163/2649/2032 
f 2164/2650/2033 2163/2649/2032 2162/2648/2031 2165/2651/2034 
f 2164/2650/2033 2165/2651/2034 2166/2652/2035 
f 2167/2653/2036 2166/2652/2035 2165/2651/2034 2168/2654/2037 
f 2167/2653/2036 2168/2654/2037 2169/2655/2038 
f 2170/2656/2039 2169/2655/2038 2168/2654/2037 2171/2657/2040 
f 2170/2656/2039 2171/2657/2040 2172/2658/2041 
f 2173/2659/2042 2172/2658/2041 2171/2657/2040 2174/2660/2043 
f 2175/2661/2044 2173/2659/2042 2174/2660/2043 2176/2662/2045 
f 2176/2662/2045 2177/2663/2046 2175/2661/2044 
f 2177/2663/2046 2176/2662/2045 2178/2664/2047 2179/2665/2048 
f 2178/2664/2047 2180/2666/2049 2179/2665/2048 
f 2180/2666/2049 2178/2664/2047 2181/2667/2050 2182/2668/2051 
f 2181/2667/2050 2183/2669/2052 2182/2668/2051 
f 2183/2669/2052 2181/2667/2050 2184/2670/2053 2185/2671/2054 
f 2184/2670/2053 2186/2672/2055 2185/2671/2054 
f 2186/2672/2055 2184/2670/2053 2187/2673/2056 2188/2674/2057 
f 2187/2673/2056 2189/2675/2058 2188/2674/2057 
f 2189/2675/2058 2187/2673/2056 2190/2676/2059 2191/2677/2060 
f 2190/2676/2059 2192/2678/2061 2191/2677/2060 
f 2192/2678/2061 2190/2676/2059 2193/2679/2062 2194/2680/2063 
f 2193/2679/2062 2195/2681/2064 2194/2680/2063 
f 2195/2681/2064 2193/2679/2062 2196/2682/2065 2197/2683/2066 
f 2196/2682/2065 2198/2684/2067 2197/2683/2066 
f 2199/2685/2068 2198/2684/2067 2196/2682/2065 2200/2686/2069 
f 2199/2685/2068 2200/2686/2069 2201/2687/2070 
f 2202/2688/2071 2201/2687/2070 2200/2686/2069 2203/2689/2072 
f 2202/2688/2071 2203/2689/2072 2204/2690/2073 
f 2205/2691/2074 2204/2690/2073 2203/2689/2072 2206/2692/2075 
f 2205/2691/2074 2206/2692/2075 2207/2693/2076 
f 2208/2694/2077 2207/2693/2076 2206/2692/2075 2209/2695/2078 
f 2208/2694/2077 2209/2695/2078 2210/2696/2079 
f 2211/2697/2080 2210/2696/2079 2209/2695/2078 2019/2503/1888 
f 2211/2697/2080 2019/2503/1888 2021/2505/1890 
f 2206/2692/2075 2212/2698/2081 2213/2699/2082 2209/2695/2078 
f 2212/2698/2081 2214/2700/2083 2215/2701/2084 2213/2699/2082 
f 2214/2700/2083 2216/2702/2085 2217/2703/2086 2215/2701/2084 
f 2216/2702/2085 2218/2704/2087 2219/2705/2088 2217/2703/2086 
f 2220/2706/2089 2221/2707/2090 2218/2704/2087 2216/2702/2085 
f 2222/2708/2091 2223/2709/2092 2218/2704/2087 2221/2707/2090 
f 2222/2708/2091 2221/2707/2090 2224/2710/2093 
f 2225/2711/2094 2224/2710/2093 2221/2707/2090 2226/2712/2095 
f 2225/2711/2094 2226/2712/2095 2227/2713/2096 
f 2228/2714/2097 2227/2713/2096 2226/2712/2095 2229/2715/2098 
f 2228/2714/2097 2229/2715/2098 2230/2716/2099 
f 2231/2717/2100 2230/2716/2099 2229/2715/2098 2232/2718/2101 
f 2231/2717/2100 2232/2718/2101 2233/2719/2102 
f 2234/2720/2103 2233/2719/2102 2232/2718/2101 2235/2721/2104 
f 2234/2720/2103 2235/2721/2104 2236/2722/2105 
f 2237/2723/2106 2236/2722/2105 2235/2721/2104 2238/2724/2107 
f 2237/2723/2106 2238/2724/2107 2239/2725/2108 
f 2240/2726/2109 2239/2725/2108 2238/2724/2107 2241/2727/2110 
f 2240/2726/2109 2241/2727/2110 2242/2728/2111 
f 2243/2729/2112 2242/2728/2111 2241/2727/2110 2244/2730/2113 
f 2243/2729/2112 2244/2730/2113 2245/2731/2114 
f 2246/2732/2115 2245/2731/2114 2244/2730/2113 2247/2733/2116 
f 2246/2732/2115 2247/2733/2116 2248/2734/2117 
f 2249/2735/2118 2248/2734/2117 2247/2733/2116 2250/2736/2119 
f 2249/2735/2118 2250/2736/2119 2251/2737/2120 
f 2252/2738/2121 2251/2737/2120 2250/2736/2119 2253/2739/2122 
f 2252/2738/2121 2253/2739/2122 2254/2740/2123 
f 2255/2741/2124 2254/2740/2123 2253/2739/2122 2256/2742/2125 
f 2255/2741/2124 2256/2742/2125 2257/2743/2126 
f 2258/2744/2127 2257/2743/2126 2256/2742/2125 2259/2745/2128 
f 2258/2744/2127 2259/2745/2128 2260/2746/2129 
f 2261/2747/2130 2260/2746/2129 2259/2745/2128 2262/2748/2131 
f 2261/2747/2130 2262/2748/2131 2263/2749/2132 
f 2264/2750/2133 2263/2749/2132 2262/2748/2131 2265/2751/2134 
f 2264/2750/2133 2265/2751/2134 2266/2752/2135 
f 2267/2753/2136 2266/2752/2135 2265/2751/2134 2268/2754/2137 
f 2267/2753/2136 2268/2754/2137 2269/2755/2138 
f 2270/2756/2139 2269/2755/2138 2268/2754/2137 2271/2757/2140 
f 2270/2756/2139 2271/2757/2140 2272/2758/2141 
f 2273/2759/2142 2272/2760/2141 2271/2761/2140 2274/2762/2143 
f 2273/2759/2142 2274/2762/2143 2275/2763/2144 
f 2276/2764/2145 2275/2763/2144 2274/2762/2143 2277/2765/2146 
f 2276/2764/2145 2277/2765/2146 2278/2766/2147 
f 2279/2767/2148 2278/2766/2147 2277/2765/2146 2280/2768/2149 
f 2279/2767/2148 2280/2768/2149 2281/2769/2150 
f 2282/2770/2151 2281/2769/2150 2280/2768/2149 2283/2771/2152 
f 2282/2770/2151 2283/2771/2152 2284/2772/2153 
f 2285/2773/2154 2284/2772/2153 2283/2771/2152 2286/2774/2155 
f 2285/2773/2154 2286/2774/2155 2287/2775/2156 
f 2288/2776/2157 2287/2775/2156 2286/2774/2155 2289/2777/2158 
f 2288/2776/2157 2289/2777/2158 2290/2778/2159 
f 2291/2779/2160 2290/2778/2159 2289/2777/2158 2292/2780/2161 
f 2291/2779/2160 2292/2780/2161 2293/2781/2162 
f 2294/2782/2163 2293/2781/2162 2292/2780/2161 2295/2783/2164 
f 2294/2782/2163 2295/2783/2164 2296/2784/2165 
f 2297/2785/2166 2296/2784/2165 2295/2783/2164 2298/2786/2167 
f 2297/2785/2166 2298/2786/2167 2299/2787/2168 
f 2300/2788/2169 2299/2787/2168 2298/2786/2167 2301/2789/2170 
f 2300/2788/2169 2301/2789/2170 2302/2790/2171 
f 2303/2791/2172 2302/2790/2171 2301/2789/2170 2304/2792/2173 
f 2303/2791/2172 2304/2792/2173 2305/2793/2174 
f 2306/2794/2175 2305/2793/2174 2304/2792/2173 2307/2795/2176 
f 2306/2794/2175 2307/2795/2176 2308/2796/2177 
f 2309/2797/2178 2308/2796/2177 2307/2795/2176 2310/2798/2179 
f 2309/2797/2178 2310/2798/2179 2311/2799/2180 
f 2312/2800/2181 2311/2799/2180 2310/2798/2179 2313/2801/2182 
f 2312/2800/2181 2313/2801/2182 2314/2802/2183 
f 2315/2803/2184 2314/2802/2183 2313/2801/2182 2316/2804/2185 
f 2315/2803/2184 2316/2804/2185 2317/2805/2186 
f 2318/2806/2187 2317/2805/2186 2316/2804/2185 2319/2807/2188 
f 2318/2806/2187 2319/2807/2188 2320/2808/2189 
f 2321/2809/2190 2320/2808/2189 2319/2807/2188 2322/2810/2191 
f 2321/2809/2190 2322/2810/2191 2323/2811/2192 
f 2324/2812/2193 2323/2811/2192 2322/2810/2191 2325/2813/2194 
f 2324/2812/2193 2325/2813/2194 2326/2814/2195 
f 2327/2815/2196 2326/2814/2195 2325/2813/2194 2328/2816/2197 
f 2327/2815/2196 2328/2816/2197 2329/2817/2198 
f 2330/2818/2199 2329/2817/2198 2328/2816/2197 2331/2819/2200 
f 2330/2818/2199 2331/2819/2200 2332/2820/2201 
f 2333/2821/2202 2332/2820/2201 2331/2819/2200 2334/2822/2203 
f 2333/2821/2202 2334/2822/2203 2335/2823/2204 
f 2336/2824/2205 2335/2823/2204 2334/2822/2203 2337/2825/2206 
f 2336/2824/2205 2337/2825/2206 2338/2826/2207 
f 2339/2827/2208 2338/2826/2207 2337/2825/2206 2340/2828/2209 
f 2339/2827/2208 2340/2828/2209 2341/2829/2210 
f 2342/2830/2211 2341/2829/2210 2340/2828/2209 2343/2831/2212 
f 2342/2830/2211 2343/2831/2212 2344/2832/2213 
f 2345/2833/2214 2344/2832/2213 2343/2831/2212 2346/2834/2215 
f 2345/2833/2214 2346/2834/2215 2347/2835/2216 
f 2348/2836/2217 2347/2835/2216 2346/2834/2215 2349/2837/2218 
f 2348/2836/2217 2349/2837/2218 2350/2838/2219 
f 2351/2839/2220 2350/2838/2219 2349/2837/2218 2352/2840/2221 
f 2351/2839/2220 2352/2840/2221 2353/2841/2222 
f 2354/2842/2223 2353/2841/2222 2352/2840/2221 2355/2843/2224 
f 2354/2842/2223 2355/2843/2224 2356/2844/2225 
f 2357/2845/2226 2356/2844/2225 2355/2843/2224 2358/2846/2227 
f 2357/2845/2226 2358/2846/2227 2359/2847/2228 
f 2360/2848/2229 2359/2847/2228 2358/2846/2227 2361/2849/2230 
f 2360/2848/2229 2361/2849/2230 2362/2850/2231 
f 2363/2851/2232 2362/2850/2231 2361/2849/2230 2364/2852/2233 
f 2363/2851/2232 2364/2852/2233 2365/2853/2234 
f 2366/2854/2235 2365/2853/2234 2364/2852/2233 2367/2855/2236 
f 2366/2854/2235 2367/2855/2236 2368/2856/2237 
f 2361/2849/2230 2369/2857/2238 2370/2858/2239 2364/2852/2233 
f 2369/2857/2238 2371/2859/2240 2372/2860/2241 2370/2858/2239 
f 2371/2859/2240 2373/2861/2242 2374/2862/2243 2372/2860/2241 
f 2373/2861/2242 2063/2547/1932 2060/2544/1929 2374/2862/2243 
f 2375/2863/2244 2376/2864/2245 2373/2861/2242 2371/2859/2240 
f 2376/2864/2245 2066/2550/1935 2063/2547/1932 2373/2861/2242 
f 2377/2865/2246 2378/2866/2247 2376/2864/2245 2375/2863/2244 
f 2378/2866/2247 2069/2553/1938 2066/2550/1935 2376/2864/2245 
f 2379/2867/2248 2380/2868/2249 2378/2866/2247 2377/2865/2246 
f 2380/2868/2249 2072/2556/1941 2069/2553/1938 2378/2866/2247 
f 2381/2869/2250 2382/2870/2251 2380/2868/2249 2379/2867/2248 
f 2382/2870/2251 2075/2559/1944 2072/2556/1941 2380/2868/2249 
f 2383/2871/2252 2384/2872/2253 2382/2870/2251 2381/2869/2250 
f 2384/2872/2253 2078/2562/1947 2075/2559/1944 2382/2870/2251 
f 2385/2873/2254 2386/2874/2255 2384/2872/2253 2383/2871/2252 
f 2386/2874/2255 2081/2565/1950 2078/2562/1947 2384/2872/2253 
f 2387/2875/2256 2388/2876/2257 2386/2874/2255 2385/2873/2254 
f 2388/2876/2257 2084/2568/1953 2081/2565/1950 2386/2874/2255 
f 2389/2877/2258 2390/2878/2259 2388/2876/2257 2387/2875/2256 
f 2390/2878/2259 2087/2571/1956 2084/2568/1953 2388/2876/2257 
f 2390/2878/2259 2389/2877/2258 2391/2879/2260 2392/2880/2261 
f 2392/2880/2261 2391/2879/2260 2393/2881/2262 2394/2882/2263 
f 2392/2880/2261 2090/2574/1959 2087/2571/1956 2390/2878/2259 
f 2394/2882/2263 2093/2577/1962 2090/2574/1959 2392/2880/2261 
f 2395/2883/2264 2396/2884/2265 2394/2882/2263 2393/2885/2262 
f 2396/2884/2265 2096/2580/1965 2093/2577/1962 2394/2882/2263 
f 2397/2886/2266 2398/2887/2267 2396/2884/2265 2395/2883/2264 
f 2398/2887/2267 2099/2583/1968 2096/2580/1965 2396/2884/2265 
f 2399/2888/2268 2400/2889/2269 2398/2887/2267 2397/2886/2266 
f 2400/2889/2269 2102/2586/1971 2099/2583/1968 2398/2887/2267 
f 2401/2890/2270 2402/2891/2271 2400/2889/2269 2399/2888/2268 
f 2402/2891/2271 2105/2589/1974 2102/2586/1971 2400/2889/2269 
f 2403/2892/2272 2404/2893/2273 2402/2891/2271 2401/2890/2270 
f 2404/2893/2273 2108/2592/1977 2105/2589/1974 2402/2891/2271 
f 2405/2894/2274 2406/2895/2275 2404/2893/2273 2403/2892/2272 
f 2406/2895/2275 2111/2595/1980 2108/2592/1977 2404/2893/2273 
f 2407/2896/2276 2116/2600/1985 2406/2895/2275 2405/2894/2274 
f 2408/2897/2277 2117/2601/1986 2116/2600/1985 2407/2896/2276 
f 2407/2896/2276 2409/2898/2278 2410/2899/2279 2408/2897/2277 
f 2409/2898/2278 2310/2798/2179 2307/2795/2176 2410/2899/2279 
f 2411/2900/2280 2412/2901/2281 2408/2897/2277 2410/2899/2279 
f 2412/2901/2281 2120/2604/1989 2117/2601/1986 2408/2897/2277 
f 2413/2902/2282 2414/2903/2283 2412/2901/2281 2411/2900/2280 
f 2414/2903/2283 2123/2607/1992 2120/2604/1989 2412/2901/2281 
f 2415/2904/2284 2416/2905/2285 2414/2903/2283 2413/2902/2282 
f 2416/2905/2285 2126/2610/1995 2123/2607/1992 2414/2903/2283 
f 2417/2906/2286 2418/2907/2287 2416/2905/2285 2415/2904/2284 
f 2418/2907/2287 2129/2613/1998 2126/2610/1995 2416/2905/2285 
f 2419/2908/2288 2420/2909/2289 2418/2907/2287 2417/2906/2286 
f 2420/2909/2289 2132/2616/2001 2129/2613/1998 2418/2907/2287 
f 2421/2910/2290 2422/2911/2291 2420/2909/2289 2419/2908/2288 
f 2422/2911/2291 2135/2619/2004 2132/2616/2001 2420/2909/2289 
f 2423/2912/2292 2424/2913/2293 2422/2911/2291 2421/2910/2290 
f 2424/2913/2293 2138/2622/2007 2135/2619/2004 2422/2911/2291 
f 2425/2914/2294 2426/2915/2295 2424/2913/2293 2423/2912/2292 
f 2426/2915/2295 2141/2625/2010 2138/2622/2007 2424/2913/2293 
f 2427/2916/2296 2428/2917/2297 2426/2915/2295 2425/2914/2294 
f 2428/2917/2297 2144/2628/2013 2141/2625/2010 2426/2915/2295 
f 2429/2918/2298 2430/2919/2299 2428/2917/2297 2427/2916/2296 
f 2430/2919/2299 2147/2631/2016 2144/2628/2013 2428/2917/2297 
f 2431/2920/2300 2432/2921/2301 2430/2919/2299 2429/2918/2298 
f 2433/2922/2302 2434/2923/2303 2432/2921/2301 2431/2920/2300 
f 2434/2923/2303 2153/2637/2022 2150/2634/2019 2432/2921/2301 
f 2435/2924/2304 2436/2925/2305 2434/2926/2303 2433/2927/2302 
f 2436/2925/2305 2156/2642/2025 2153/2641/2022 2434/2926/2303 
f 2437/2928/2306 2438/2929/2307 2436/2925/2305 2435/2924/2304 
f 2438/2929/2307 2159/2645/2028 2156/2642/2025 2436/2925/2305 
f 2439/2930/2308 2440/2931/2309 2438/2929/2307 2437/2928/2306 
f 2440/2931/2309 2162/2648/2031 2159/2645/2028 2438/2929/2307 
f 2441/2932/2310 2442/2933/2311 2440/2931/2309 2439/2930/2308 
f 2442/2933/2311 2165/2651/2034 2162/2648/2031 2440/2931/2309 
f 2443/2934/2312 2444/2935/2313 2442/2933/2311 2441/2932/2310 
f 2444/2935/2313 2168/2654/2037 2165/2651/2034 2442/2933/2311 
f 2445/2936/2314 2446/2937/2315 2444/2935/2313 2443/2934/2312 
f 2446/2937/2315 2171/2657/2040 2168/2654/2037 2444/2935/2313 
f 2447/2938/2316 2448/2939/2317 2446/2937/2315 2445/2936/2314 
f 2448/2939/2317 2174/2660/2043 2171/2657/2040 2446/2937/2315 
f 2449/2940/2318 2450/2941/2319 2448/2939/2317 2447/2938/2316 
f 2450/2941/2319 2451/2942/2320 2174/2660/2043 2448/2939/2317 
f 2452/2943/2321 2453/2944/2322 2451/2942/2320 2450/2941/2319 
f 2453/2944/2322 2181/2667/2050 2178/2664/2047 2451/2942/2320 
f 2454/2945/2323 2455/2946/2324 2453/2944/2322 2452/2943/2321 
f 2455/2946/2324 2184/2670/2053 2181/2667/2050 2453/2944/2322 
f 2456/2947/2325 2457/2948/2326 2455/2946/2324 2454/2945/2323 
f 2457/2948/2326 2187/2673/2056 2184/2670/2053 2455/2946/2324 
f 2458/2949/2327 2459/2950/2328 2457/2948/2326 2456/2947/2325 
f 2459/2950/2328 2190/2676/2059 2187/2673/2056 2457/2948/2326 
f 2460/2951/2329 2461/2952/2330 2459/2950/2328 2458/2949/2327 
f 2461/2952/2330 2193/2679/2062 2190/2676/2059 2459/2950/2328 
f 2462/2953/2331 2463/2954/2332 2461/2952/2330 2460/2951/2329 
f 2463/2954/2332 2196/2682/2065 2193/2679/2062 2461/2952/2330 
f 2464/2955/2333 2465/2956/2334 2463/2954/2332 2462/2953/2331 
f 2465/2956/2334 2200/2686/2069 2196/2682/2065 2463/2954/2332 
f 2466/2957/2335 2467/2958/2336 2465/2956/2334 2464/2955/2333 
f 2467/2958/2336 2203/2689/2072 2200/2686/2069 2465/2956/2334 
f 2214/2700/2083 2212/2698/2081 2467/2958/2336 2466/2957/2335 
f 2464/2955/2333 2468/2959/2337 2220/2706/2089 2466/2957/2335 
f 2462/2953/2331 2469/2960/2338 2468/2959/2337 2464/2955/2333 
f 2469/2960/2338 2229/2715/2098 2226/2712/2095 2468/2959/2337 
f 2460/2951/2329 2470/2961/2339 2469/2960/2338 2462/2953/2331 
f 2470/2961/2339 2232/2718/2101 2229/2715/2098 2469/2960/2338 
f 2458/2949/2327 2471/2962/2340 2470/2961/2339 2460/2951/2329 
f 2471/2962/2340 2235/2721/2104 2232/2718/2101 2470/2961/2339 
f 2456/2947/2325 2472/2963/2341 2471/2962/2340 2458/2949/2327 
f 2472/2963/2341 2238/2724/2107 2235/2721/2104 2471/2962/2340 
f 2454/2945/2323 2473/2964/2342 2472/2963/2341 2456/2947/2325 
f 2473/2964/2342 2241/2727/2110 2238/2724/2107 2472/2963/2341 
f 2452/2943/2321 2474/2965/2343 2473/2964/2342 2454/2945/2323 
f 2474/2965/2343 2244/2730/2113 2241/2727/2110 2473/2964/2342 
f 2450/2941/2319 2449/2940/2318 2474/2965/2343 2452/2943/2321 
f 2449/2940/2318 2247/2733/2116 2244/2730/2113 2474/2965/2343 
f 2447/2938/2316 2250/2736/2119 2247/2733/2116 2449/2940/2318 
f 2445/2936/2314 2253/2739/2122 2250/2736/2119 2447/2938/2316 
f 2443/2934/2312 2256/2742/2125 2253/2739/2122 2445/2936/2314 
f 2441/2932/2310 2259/2745/2128 2256/2742/2125 2443/2934/2312 
f 2439/2930/2308 2262/2748/2131 2259/2745/2128 2441/2932/2310 
f 2437/2928/2306 2265/2751/2134 2262/2748/2131 2439/2930/2308 
f 2435/2924/2304 2268/2754/2137 2265/2751/2134 2437/2928/2306 
f 2433/2927/2302 2271/2757/2140 2268/2754/2137 2435/2924/2304 
f 2431/2920/2300 2274/2762/2143 2271/2761/2140 2433/2922/2302 
f 2429/2918/2298 2277/2765/2146 2274/2762/2143 2431/2920/2300 
f 2427/2916/2296 2280/2768/2149 2277/2765/2146 2429/2918/2298 
f 2425/2914/2294 2283/2771/2152 2280/2768/2149 2427/2916/2296 
f 2423/2912/2292 2286/2774/2155 2283/2771/2152 2425/2914/2294 
f 2421/2910/2290 2289/2777/2158 2286/2774/2155 2423/2912/2292 
f 2419/2908/2288 2292/2780/2161 2289/2777/2158 2421/2910/2290 
f 2417/2906/2286 2295/2783/2164 2292/2780/2161 2419/2908/2288 
f 2415/2904/2284 2298/2786/2167 2295/2783/2164 2417/2906/2286 
f 2413/2902/2282 2301/2789/2170 2298/2786/2167 2415/2904/2284 
f 2411/2900/2280 2304/2792/2173 2301/2789/2170 2413/2902/2282 
f 2410/2899/2279 2307/2795/2176 2304/2792/2173 2411/2900/2280 
f 2405/2894/2274 2475/2966/2344 2409/2898/2278 2407/2896/2276 
f 2475/2966/2344 2313/2801/2182 2310/2798/2179 2409/2898/2278 
f 2403/2892/2272 2476/2967/2345 2475/2966/2344 2405/2894/2274 
f 2476/2967/2345 2316/2804/2185 2313/2801/2182 2475/2966/2344 
f 2401/2890/2270 2477/2968/2346 2476/2967/2345 2403/2892/2272 
f 2477/2968/2346 2319/2807/2188 2316/2804/2185 2476/2967/2345 
f 2399/2888/2268 2478/2969/2347 2477/2968/2346 2401/2890/2270 
f 2478/2969/2347 2322/2810/2191 2319/2807/2188 2477/2968/2346 
f 2397/2886/2266 2479/2970/2348 2478/2969/2347 2399/2888/2268 
f 2479/2970/2348 2325/2813/2194 2322/2810/2191 2478/2969/2347 
f 2395/2883/2264 2480/2971/2349 2479/2970/2348 2397/2886/2266 
f 2480/2971/2349 2328/2816/2197 2325/2813/2194 2479/2970/2348 
f 2393/2885/2262 2481/2972/2350 2480/2971/2349 2395/2883/2264 
f 2481/2972/2350 2331/2819/2200 2328/2816/2197 2480/2971/2349 
f 2391/2879/2260 2482/2973/2351 2481/2972/2350 2393/2885/2262 
f 2482/2973/2351 2334/2822/2203 2331/2819/2200 2481/2972/2350 
f 2389/2877/2258 2483/2974/2352 2482/2973/2351 2391/2879/2260 
f 2483/2974/2352 2337/2825/2206 2334/2822/2203 2482/2973/2351 
f 2387/2875/2256 2484/2975/2353 2483/2974/2352 2389/2877/2258 
f 2484/2975/2353 2340/2828/2209 2337/2825/2206 2483/2974/2352 
f 2385/2873/2254 2485/2976/2354 2484/2975/2353 2387/2875/2256 
f 2485/2976/2354 2343/2831/2212 2340/2828/2209 2484/2975/2353 
f 2383/2871/2252 2486/2977/2355 2485/2976/2354 2385/2873/2254 
f 2486/2977/2355 2346/2834/2215 2343/2831/2212 2485/2976/2354 
f 2381/2869/2250 2487/2978/2356 2486/2977/2355 2383/2871/2252 
f 2487/2978/2356 2349/2837/2218 2346/2834/2215 2486/2977/2355 
f 2379/2867/2248 2488/2979/2357 2487/2978/2356 2381/2869/2250 
f 2488/2979/2357 2352/2840/2221 2349/2837/2218 2487/2978/2356 
f 2377/2865/2246 2489/2980/2358 2488/2979/2357 2379/2867/2248 
f 2489/2980/2358 2355/2843/2224 2352/2840/2221 2488/2979/2357 
f 2375/2863/2244 2490/2981/2359 2489/2980/2358 2377/2865/2246 
f 2490/2981/2359 2358/2846/2227 2355/2843/2224 2489/2980/2358 
f 2371/2859/2240 2369/2857/2238 2490/2981/2359 2375/2863/2244 
f 2491/2982/2360 2492/2983/2361 2372/2860/2241 2374/2862/2243 
f 2493/2984/2362 2494/2985/2363 2492/2983/2361 2491/2982/2360 
f 2494/2985/2363 2495/2986/2364 2496/2987/2365 2492/2983/2361 
f 2370/2858/2239 2372/2860/2241 2492/2983/2361 2496/2987/2365 
f 2497/2988/2366 2498/2989/2367 2494/2985/2363 2493/2984/2362 
f 2498/2989/2367 2499/2990/2368 2495/2986/2364 2494/2985/2363 
f 2500/2991/2369 2501/2992/2370 2499/2990/2368 2498/2989/2367 
f 2501/2992/2370 2502/2993/2371 2503/2994/2372 2499/2990/2368 
f 2504/2995/2373 2505/2996/2374 2502/2993/2371 2501/2992/2370 
f 2506/2997/2375 2507/2998/2376 2505/2996/2374 2504/2995/2373 
f 2508/2999/2377 2509/3000/2378 2507/2998/2376 2506/2997/2375 
f 2510/3001/2379 2511/3002/2380 2509/3000/2378 2508/2999/2377 
f 2512/3003/2381 2513/3004/2382 2511/3002/2380 2510/3001/2379 
f 2514/3005/2383 2515/3006/2384 2513/3004/2382 2512/3003/2381 
f 2516/3007/2385 2517/3008/2386 2515/3006/2384 2514/3005/2383 
f 2518/3009/2387 2519/3010/2388 2517/3008/2386 2516/3007/2385 
f 2012/2496/1881 2009/2493/1878 2519/3010/2388 2518/3009/2387 
f 2516/3007/2385 2520/3011/2389 2521/3012/2390 2518/3009/2387 
f 2520/3011/2389 2522/3013/2391 2523/3014/2392 2521/3012/2390 
f 2522/3013/2391 2027/2511/1896 2024/2508/1893 2523/3014/2392 
f 2524/3015/2393 2525/3016/2394 2522/3013/2391 2520/3011/2389 
f 2525/3016/2394 2030/2514/1899 2027/2511/1896 2522/3013/2391 
f 2526/3017/2395 2527/3018/2396 2525/3016/2394 2524/3015/2393 
f 2527/3018/2396 2033/2517/1902 2030/2514/1899 2525/3016/2394 
f 2528/3019/2397 2529/3020/2398 2527/3018/2396 2526/3017/2395 
f 2529/3020/2398 2036/2520/1905 2033/2517/1902 2527/3018/2396 
f 2530/3021/2399 2531/3022/2400 2529/3020/2398 2528/3019/2397 
f 2531/3022/2400 2039/2523/1908 2036/2520/1905 2529/3020/2398 
f 2532/3023/2401 2533/3024/2402 2531/3022/2400 2530/3021/2399 
f 2533/3024/2402 2042/2526/1911 2039/2523/1908 2531/3022/2400 
f 2534/3025/2403 2535/3026/2404 2533/3024/2402 2532/3023/2401 
f 2535/3026/2404 2045/2529/1914 2042/2526/1911 2533/3024/2402 
f 2500/2991/2369 2536/3027/2405 2535/3026/2404 2534/3025/2403 
f 2536/3027/2405 2048/2532/1917 2045/2529/1914 2535/3026/2404 
f 2532/3023/2401 2506/2997/2375 2504/2995/2373 2534/3025/2403 
f 2530/3021/2399 2508/2999/2377 2506/2997/2375 2532/3023/2401 
f 2528/3019/2397 2510/3001/2379 2508/2999/2377 2530/3021/2399 
f 2526/3017/2395 2512/3003/2381 2510/3001/2379 2528/3019/2397 
f 2524/3015/2393 2514/3005/2383 2512/3003/2381 2526/3017/2395 
f 2520/3011/2389 2516/3007/2385 2514/3005/2383 2524/3015/2393 
f 2016/2500/1885 2014/2498/1883 2521/3012/2390 2523/3014/2392 
f 2014/2498/1883 2012/2496/1881 2518/3009/2387 2521/3012/2390 
f 2501/2992/2370 2500/2991/2369 2534/3025/2403 2504/2995/2373 
f 2537/3028/2406 2495/2986/2364 2499/2990/2368 2503/2994/2372 
f 2498/2989/2367 2497/2988/2366 2536/3027/2405 2500/2991/2369 
f 2497/2988/2366 2051/2535/1920 2048/2532/1917 2536/3027/2405 
f 2493/2984/2362 2054/2538/1923 2051/2535/1920 2497/2988/2366 
f 2491/2982/2360 2057/2541/1926 2054/2538/1923 2493/2984/2362 
f 2374/2862/2243 2060/2544/1929 2057/2541/1926 2491/2982/2360 
f 2369/2857/2238 2361/2849/2230 2358/2846/2227 2490/2981/2359 
f 2496/2987/2365 2367/2855/2236 2364/2852/2233 2370/2858/2239 
f 2221/2707/2090 2220/2706/2089 2468/2959/2337 2226/2712/2095 
f 2216/2702/2085 2214/2700/2083 2466/2957/2335 2220/2706/2089 
f 2010/2494/1879 2013/2497/1882 2217/2703/2086 2219/2705/2088 
f 2013/2497/1882 2015/2499/1884 2215/2701/2084 2217/2703/2086 
f 2212/2698/2081 2206/2692/2075 2203/2689/2072 2467/2958/2336 
f 2015/2499/1884 2017/2501/1886 2213/2699/2082 2215/2701/2084 
f 2017/2501/1886 2019/2503/1888 2209/2695/2078 2213/2699/2082 
f 2176/2662/2045 2174/2660/2043 2451/2942/2320 2178/2664/2047 
f 2147/2631/2016 2430/3029/2299 2432/2921/2301 2150/2634/2019 
f 2111/2595/1980 2406/2895/2275 2116/2600/1985 2113/2597/1982 
f 2116/2600/1985 2115/2599/1984 2113/2597/1982 
f 2018/2502/1887 2016/2500/1885 2523/3014/2392 2024/2508/1893 
f 2538/3030/2407 2539/3031/2408 2519/3010/2388 2009/2493/1878 
f 2008/2492/1877 2538/3030/2407 2009/2493/1878 
f 2540/3032/2409 2541/3033/2410 2517/3008/2386 2519/3010/2388 
f 2539/3031/2408 2540/3032/2409 2519/3010/2388 
f 2542/3034/2411 2543/3035/2412 2515/3006/2384 2517/3008/2386 
f 2541/3033/2410 2542/3034/2411 2517/3008/2386 
f 2544/3036/2413 2545/3037/2414 2513/3004/2382 2515/3006/2384 
f 2543/3035/2412 2544/3036/2413 2515/3006/2384 
f 2546/3038/2415 2547/3039/2416 2511/3002/2380 2513/3004/2382 
f 2545/3037/2414 2546/3038/2415 2513/3004/2382 
f 2548/3040/2417 2549/3041/2418 2509/3000/2378 2511/3002/2380 
f 2547/3039/2416 2548/3040/2417 2511/3002/2380 
f 2550/3042/2419 2551/3043/2420 2507/2998/2376 2509/3000/2378 
f 2549/3041/2418 2550/3042/2419 2509/3000/2378 
f 2552/3044/2421 2553/3045/2422 2505/2996/2374 2507/2998/2376 
f 2551/3043/2420 2552/3044/2421 2507/2998/2376 
f 2554/3046/2423 2555/3047/2424 2502/2993/2371 2505/2996/2374 
f 2553/3045/2422 2554/3046/2423 2505/2996/2374 
f 2556/3048/2425 2557/3049/2426 2503/2994/2372 2502/2993/2371 
f 2555/3047/2424 2556/3048/2425 2502/2993/2371 
f 2558/3050/2427 2559/3051/2428 2537/3028/2406 2503/2994/2372 
f 2557/3049/2426 2558/3050/2427 2503/2994/2372 
f 2560/3052/2429 2561/3053/2430 2219/2705/2088 2218/2704/2087 
f 2223/2709/2092 2560/3052/2429 2218/2704/2087 
f 2562/3054/2431 2011/2495/1880 2010/2494/1879 2219/2705/2088 
f 2561/3053/2430 2562/3054/2431 2219/2705/2088 
f 2495/2986/2364 2537/3028/2406 2367/2855/2236 2496/2987/2365 
f 2563/3055/2432 2368/2856/2237 2367/2855/2236 2537/3028/2406 
f 2559/3051/2428 2563/3055/2432 2537/3028/2406 
s 4
f 2038/3056/1907 2040/3057/1909 2041/3058/1910 2037/3059/1906 
f 2035/3060/1904 2037/3059/1906 2041/3058/1910 2034/3061/1903 
f 2032/3062/1901 2034/3061/1903 2041/3058/1910 2031/3063/1900 
f 2029/3064/1898 2031/3063/1900 2041/3058/1910 2028/3065/1897 
f 2026/3066/1895 2028/3065/1897 2041/3058/1910 2025/3067/1894 
f 2023/3068/1892 2025/3067/1894 2041/3058/1910 2022/3069/1891 
f 2020/3070/1889 2022/3069/1891 2041/3058/1910 2021/3071/1890 
f 2211/3072/2080 2021/3071/1890 2041/3058/1910 2210/3073/2079 
f 2208/3074/2077 2210/3073/2079 2041/3058/1910 2207/3075/2076 
f 2205/3076/2074 2207/3075/2076 2041/3058/1910 2204/3077/2073 
f 2202/3078/2071 2204/3077/2073 2041/3058/1910 2201/3079/2070 
f 2199/3080/2068 2201/3079/2070 2041/3058/1910 2198/3081/2067 
f 2197/3082/2066 2198/3081/2067 2041/3058/1910 2195/3083/2064 
f 2194/3084/2063 2195/3083/2064 2041/3058/1910 2192/3085/2061 
f 2191/3086/2060 2192/3085/2061 2041/3058/1910 2189/3087/2058 
f 2188/3088/2057 2189/3087/2058 2041/3058/1910 2186/3089/2055 
f 2185/3090/2054 2186/3089/2055 2041/3058/1910 2183/3091/2052 
f 2182/3092/2051 2183/3091/2052 2041/3058/1910 2180/3093/2049 
f 2179/3094/2048 2180/3093/2049 2041/3058/1910 2177/3095/2046 
f 2177/3095/2046 2041/3058/1910 2175/3096/2044 
f 2173/3097/2042 2175/3096/2044 2041/3058/1910 2172/3098/2041 
f 2170/3099/2039 2172/3098/2041 2041/3058/1910 2169/3100/2038 
f 2167/3101/2036 2169/3100/2038 2041/3058/1910 2166/3102/2035 
f 2164/3103/2033 2166/3102/2035 2041/3058/1910 2163/3104/2032 
f 2161/3105/2030 2163/3104/2032 2041/3058/1910 2160/3106/2029 
f 2158/3107/2027 2160/3106/2029 2041/3058/1910 2157/3108/2026 
f 2155/3109/2024 2157/3108/2026 2041/3058/1910 2154/3110/2023 
f 2152/3111/2021 2154/3110/2023 2041/3058/1910 2151/3112/2020 
f 2149/3113/2018 2151/3112/2020 2041/3058/1910 2148/3114/2017 
f 2146/3115/2015 2148/3114/2017 2041/3058/1910 2145/3116/2014 
f 2145/3116/2014 2041/3058/1910 2043/3117/1912 2044/3118/1913 
f 2145/3116/2014 2044/3118/1913 2046/3119/1915 2047/3120/1916 
f 2145/3116/2014 2047/3120/1916 2049/3121/1918 2050/3122/1919 
f 2145/3116/2014 2050/3122/1919 2052/3123/1921 2053/3124/1922 
f 2145/3116/2014 2053/3124/1922 2055/3125/1924 2056/3126/1925 
f 2145/3116/2014 2056/3126/1925 2058/3127/1927 2059/3128/1928 
f 2145/3116/2014 2059/3128/1928 2061/3129/1930 2062/3130/1931 
f 2145/3116/2014 2062/3130/1931 2064/3131/1933 2065/3132/1934 
f 2145/3116/2014 2065/3132/1934 2067/3133/1936 2068/3134/1937 
f 2145/3116/2014 2068/3134/1937 2070/3135/1939 2071/3136/1940 
f 2145/3116/2014 2071/3136/1940 2073/3137/1942 2074/3138/1943 
f 2145/3116/2014 2074/3138/1943 2076/3139/1945 2077/3140/1946 
f 2145/3116/2014 2077/3140/1946 2079/3141/1948 2080/3142/1949 
f 2080/3142/1949 2082/3143/1951 2083/3144/1952 2145/3116/2014 
f 2145/3116/2014 2083/3144/1952 2085/3145/1954 2086/3146/1955 
f 2145/3116/2014 2086/3146/1955 2088/3147/1957 2089/3148/1958 
f 2143/3149/2012 2145/3116/2014 2089/3148/1958 2091/3150/1960 
f 2142/3151/2011 2143/3149/2012 2091/3150/1960 2092/3152/1961 
f 2142/3151/2011 2092/3152/1961 2094/3153/1963 2095/3154/1964 
f 2142/3151/2011 2095/3154/1964 2097/3155/1966 2098/3156/1967 
f 2142/3151/2011 2098/3156/1967 2100/3157/1969 2101/3158/1970 
f 2142/3151/2011 2101/3158/1970 2103/3159/1972 2104/3160/1973 
f 2104/3160/1973 2106/3161/1975 2107/3162/1976 2142/3151/2011 
f 2142/3151/2011 2107/3162/1976 2109/3163/1978 2110/3164/1979 
f 2142/3151/2011 2110/3164/1979 2112/3165/1981 2113/3166/1982 
f 2142/3151/2011 2113/3166/1982 2115/3167/1984 2114/3168/1983 
f 2142/3151/2011 2114/3168/1983 2118/3169/1987 2119/3170/1988 
f 2142/3151/2011 2119/3170/1988 2121/3171/1990 2122/3172/1991 
f 2140/3173/2009 2142/3151/2011 2122/3172/1991 2124/3174/1993 
f 2140/3173/2009 2124/3174/1993 2125/3175/1994 2139/3176/2008 
f 2139/3176/2008 2125/3175/1994 2127/3177/1996 2128/3178/1997 
f 2137/3179/2006 2139/3176/2008 2128/3178/1997 2136/3180/2005 
f 2134/3181/2003 2136/3180/2005 2128/3178/1997 2131/3182/2000 
f 2128/3178/1997 2130/3183/1999 2131/3182/2000 
f 2134/3181/2003 2131/3182/2000 2133/3184/2002 
f 2342/3185/2211 2344/3186/2213 2345/3187/2214 2339/3188/2208 
f 2550/3189/2419 2549/3190/2418 2548/3191/2417 2547/3192/2416 
f 2550/3189/2419 2547/3192/2416 2546/3193/2415 2544/3194/2413 
f 2546/3193/2415 2545/3195/2414 2544/3194/2413 
f 2550/3189/2419 2544/3194/2413 2543/3196/2412 2542/3197/2411 
f 2550/3189/2419 2542/3197/2411 2541/3198/2410 2540/3199/2409 
f 2550/3189/2419 2540/3199/2409 2539/3200/2408 2538/3201/2407 
f 2550/3189/2419 2538/3201/2407 2008/3202/1877 2007/3203/1876 
f 2550/3189/2419 2007/3203/1876 2011/3204/1880 2562/3205/2431 
f 2550/3189/2419 2562/3205/2431 2561/3206/2430 2560/3207/2429 
f 2550/3189/2419 2560/3207/2429 2223/3208/2092 2222/3209/2091 
f 2550/3189/2419 2222/3209/2091 2224/3210/2093 2225/3211/2094 
f 2550/3189/2419 2225/3211/2094 2227/3212/2096 2228/3213/2097 
f 2550/3189/2419 2228/3213/2097 2230/3214/2099 2231/3215/2100 
f 2550/3189/2419 2231/3215/2100 2233/3216/2102 2234/3217/2103 
f 2550/3189/2419 2234/3217/2103 2236/3218/2105 2237/3219/2106 
f 2550/3189/2419 2237/3219/2106 2239/3220/2108 2240/3221/2109 
f 2550/3189/2419 2240/3221/2109 2242/3222/2111 2243/3223/2112 
f 2550/3189/2419 2243/3223/2112 2245/3224/2114 2246/3225/2115 
f 2550/3189/2419 2246/3225/2115 2248/3226/2117 2249/3227/2118 
f 2550/3189/2419 2249/3227/2118 2251/3228/2120 2252/3229/2121 
f 2550/3189/2419 2252/3229/2121 2254/3230/2123 2255/3231/2124 
f 2550/3189/2419 2255/3231/2124 2257/3232/2126 2258/3233/2127 
f 2550/3189/2419 2258/3233/2127 2260/3234/2129 2261/3235/2130 
f 2550/3189/2419 2261/3235/2130 2263/3236/2132 2264/3237/2133 
f 2550/3189/2419 2264/3237/2133 2266/3238/2135 2267/3239/2136 
f 2550/3189/2419 2267/3239/2136 2269/3240/2138 2270/3241/2139 
f 2550/3189/2419 2270/3241/2139 2272/3242/2141 2273/3243/2142 
f 2550/3189/2419 2273/3243/2142 2275/3244/2144 2276/3245/2145 
f 2550/3189/2419 2276/3245/2145 2278/3246/2147 2279/3247/2148 
f 2550/3189/2419 2279/3247/2148 2281/3248/2150 2282/3249/2151 
f 2550/3189/2419 2282/3249/2151 2284/3250/2153 2285/3251/2154 
f 2550/3189/2419 2285/3251/2154 2287/3252/2156 2288/3253/2157 
f 2550/3189/2419 2288/3253/2157 2290/3254/2159 2291/3255/2160 
f 2291/3255/2160 2293/3256/2162 2294/3257/2163 2297/3258/2166 
f 2294/3257/2163 2296/3259/2165 2297/3258/2166 
f 2550/3189/2419 2291/3255/2160 2297/3258/2166 2299/3260/2168 
f 2550/3189/2419 2299/3260/2168 2300/3261/2169 2302/3262/2171 
f 2550/3189/2419 2302/3262/2171 2303/3263/2172 2305/3264/2174 
f 2550/3189/2419 2305/3264/2174 2306/3265/2175 2308/3266/2177 
f 2550/3189/2419 2308/3266/2177 2309/3267/2178 2311/3268/2180 
f 2550/3189/2419 2311/3268/2180 2312/3269/2181 2314/3270/2183 
f 2550/3189/2419 2314/3270/2183 2315/3271/2184 2317/3272/2186 
f 2550/3189/2419 2317/3272/2186 2318/3273/2187 2321/3274/2190 
f 2318/3273/2187 2320/3275/2189 2321/3274/2190 
f 2550/3189/2419 2321/3274/2190 2323/3276/2192 2324/3277/2193 
f 2550/3189/2419 2324/3277/2193 2326/3278/2195 2327/3279/2196 
f 2551/3280/2420 2550/3189/2419 2327/3279/2196 2329/3281/2198 
f 2552/3282/2421 2551/3280/2420 2329/3281/2198 2553/3283/2422 
f 2553/3283/2422 2329/3281/2198 2330/3284/2199 2332/3285/2201 
f 2554/3286/2423 2553/3283/2422 2332/3285/2201 2555/3287/2424 
f 2556/3288/2425 2555/3287/2424 2332/3285/2201 2557/3289/2426 
f 2558/3290/2427 2557/3289/2426 2332/3285/2201 2559/3291/2428 
f 2563/3292/2432 2559/3291/2428 2332/3285/2201 2368/3293/2237 
f 2366/3294/2235 2368/3293/2237 2332/3285/2201 2365/3295/2234 
f 2363/3296/2232 2365/3295/2234 2332/3285/2201 2362/3297/2231 
f 2360/3298/2229 2362/3297/2231 2332/3285/2201 2359/3299/2228 
f 2357/3300/2226 2359/3299/2228 2332/3285/2201 2356/3301/2225 
f 2354/3302/2223 2356/3301/2225 2332/3285/2201 2353/3303/2222 
f 2351/3304/2220 2353/3303/2222 2332/3285/2201 2333/3305/2202 
f 2350/3306/2219 2351/3304/2220 2333/3305/2202 2348/3307/2217 
f 2348/3307/2217 2333/3305/2202 2335/3308/2204 2347/3309/2216 
f 2345/3187/2214 2347/3309/2216 2335/3308/2204 2336/3310/2205 
f 2345/3187/2214 2336/3310/2205 2338/3311/2207 2339/3188/2208 
f 2342/3185/2211 2339/3188/2208 2341/3312/2210 
# 487 polygons - 136 triangles

#
# object Object004
#

v  -0.1078 0.2345 0.2853
v  -0.1147 0.2384 0.2805
v  -0.1322 0.1887 0.2679
v  -0.1099 0.1768 0.2833
v  -0.0925 0.2259 0.2958
v  -0.0857 0.2223 0.2991
v  -0.0886 0.1664 0.2938
v  -0.0711 0.2149 0.3061
v  -0.0644 0.2116 0.3087
v  -0.0679 0.1570 0.3018
v  -0.0505 0.2048 0.3139
v  -0.0438 0.2015 0.3165
v  -0.0479 0.1477 0.3096
v  -0.0305 0.1950 0.3216
v  -0.0238 0.1915 0.3250
v  -0.0283 0.1380 0.3197
v  -0.0110 0.1849 0.3316
v  -0.0037 0.1811 0.3353
v  -0.0076 0.1278 0.3301
v  0.0097 0.1741 0.3421
v  0.2937 0.0832 0.2657
v  0.2826 0.0847 0.2765
v  0.2639 0.0398 0.2649
v  0.2909 0.0347 0.2376
v  0.3103 0.0809 0.2494
v  0.2325 -0.0352 0.2472
v  0.2590 -0.0411 0.2198
v  0.2018 -0.1082 0.2320
v  0.2279 -0.1148 0.2046
v  0.1721 -0.1606 0.2281
v  0.1789 -0.1623 0.2226
v  0.1709 -0.0994 0.2574
v  0.1477 -0.1544 0.2479
v  0.2011 -0.0272 0.2725
v  0.1658 -0.0172 0.2942
v  0.1360 -0.0887 0.2792
v  0.1273 -0.0054 0.3105
v  0.0980 -0.0762 0.2955
v  0.0880 0.0075 0.3213
v  0.0591 -0.0628 0.3065
v  0.0502 0.0207 0.3269
v  0.0216 -0.0491 0.3122
v  0.0161 0.0335 0.3270
v  -0.0123 -0.0359 0.3125
v  -0.0119 0.0454 0.3219
v  -0.0402 -0.0238 0.3076
v  -0.0355 0.0564 0.3133
v  -0.0637 -0.0127 0.2992
v  -0.0562 0.0667 0.3031
v  -0.0843 -0.0024 0.2891
v  -0.0756 0.0764 0.2932
v  -0.1037 0.0074 0.2793
v  -0.0954 0.0857 0.2854
v  -0.1233 0.0169 0.2715
v  -0.1158 0.0953 0.2774
v  -0.1434 0.0265 0.2634
v  -0.1369 0.1057 0.2668
v  -0.1644 0.0370 0.2528
v  -0.1590 0.1175 0.2514
v  -0.1863 0.0489 0.2373
v  -0.1823 0.1315 0.2289
v  -0.2097 0.0627 0.2148
v  -0.2127 0.0036 0.2233
v  -0.2070 0.0000 0.2289
v  -0.2300 0.0146 0.2064
v  -0.2360 0.0187 0.1990
v  -0.2328 0.0776 0.1862
v  -0.2529 0.0303 0.1780
v  -0.2587 0.0347 0.1687
v  -0.2540 0.0927 0.1526
v  -0.2739 0.0464 0.1446
v  -0.2790 0.0508 0.1336
v  -0.2718 0.1072 0.1152
v  -0.2915 0.0617 0.1073
v  -0.2953 0.0660 0.0948
v  -0.2847 0.1200 0.0749
v  -0.3040 0.0756 0.0672
v  -0.3065 0.0795 0.0537
v  -0.2926 0.1308 0.0341
v  -0.3116 0.0874 0.0266
v  -0.3126 0.0908 0.0129
v  -0.2958 0.1393 -0.0051
v  -0.3144 0.0969 -0.0124
v  -0.3137 0.0994 -0.0254
v  -0.2943 0.1449 -0.0403
v  -0.3126 0.1036 -0.0474
v  -0.3101 0.1049 -0.0587
v  -0.2883 0.1474 -0.0693
v  -0.3063 0.1070 -0.0763
v  -0.3025 0.1076 -0.0863
v  -0.2796 0.1478 -0.0938
v  -0.2971 0.1083 -0.1006
v  -0.2927 0.1084 -0.1099
v  -0.2696 0.1471 -0.1155
v  -0.2868 0.1086 -0.1223
v  -0.2825 0.1087 -0.1314
v  -0.2603 0.1466 -0.1362
v  -0.2771 0.1088 -0.1428
v  -0.2737 0.1095 -0.1525
v  -0.2532 0.1472 -0.1575
v  -0.2697 0.1102 -0.1640
v  -0.2662 0.1109 -0.1744
v  -0.2460 0.1479 -0.1797
v  -0.2622 0.1117 -0.1861
v  -0.2573 0.1120 -0.1973
v  -0.2363 0.1479 -0.2029
v  -0.2522 0.1124 -0.2091
v  -0.2448 0.1118 -0.2212
v  -0.2218 0.1461 -0.2272
v  -0.2373 0.1112 -0.2334
v  -0.2260 0.1092 -0.2466
v  -0.2001 0.1414 -0.2530
v  -0.2152 0.1073 -0.2590
v  -0.2006 0.1039 -0.2724
v  -0.1726 0.1344 -0.2785
v  -0.1873 0.1009 -0.2844
v  -0.1699 0.0962 -0.2973
v  -0.1406 0.1253 -0.3023
v  -0.1550 0.0922 -0.3081
v  -0.1356 0.0864 -0.3193
v  -0.1054 0.1145 -0.3227
v  -0.1197 0.0816 -0.3285
v  -0.0993 0.0747 -0.3371
v  -0.0685 0.1024 -0.3381
v  -0.0827 0.0692 -0.3440
v  -0.0625 0.0618 -0.3498
v  -0.0318 0.0896 -0.3485
v  -0.0460 0.0558 -0.3545
v  -0.0271 0.0485 -0.3576
v  0.0028 0.0768 -0.3540
v  -0.0115 0.0424 -0.3601
v  0.0050 0.0355 -0.3604
v  0.0333 0.0647 -0.3544
v  0.0188 0.0297 -0.3607
v  0.0319 0.0236 -0.3582
v  0.0576 0.0539 -0.3498
v  0.0431 0.0184 -0.3562
v  0.0539 0.0130 -0.3521
v  0.0779 0.0441 -0.3422
v  0.0633 0.0082 -0.3486
v  0.0729 0.0032 -0.3439
v  0.0959 0.0350 -0.3333
v  0.0812 -0.0013 -0.3398
v  0.0906 -0.0061 -0.3355
v  0.1137 0.0261 -0.3252
v  0.0990 -0.0105 -0.3317
v  0.1091 -0.0154 -0.3289
v  0.1333 0.0173 -0.3197
v  0.1184 -0.0198 -0.3264
v  0.1293 -0.0250 -0.3238
v  0.1545 0.0079 -0.3146
v  0.1394 -0.0298 -0.3214
v  0.1510 -0.0355 -0.3178
v  0.1773 -0.0026 -0.3075
v  0.1620 -0.0409 -0.3144
v  0.1742 -0.0473 -0.3087
v  0.2016 -0.0146 -0.2961
v  0.1861 -0.0535 -0.3031
v  0.1988 -0.0608 -0.2943
v  0.2274 -0.0285 -0.2782
v  0.2116 -0.0681 -0.2852
v  0.2240 -0.0759 -0.2735
v  0.2530 -0.0437 -0.2540
v  0.2369 -0.0840 -0.2612
v  0.2480 -0.0917 -0.2470
v  0.2765 -0.0591 -0.2241
v  0.2601 -0.1002 -0.2314
v  0.2692 -0.1075 -0.2151
v  0.2964 -0.0739 -0.1888
v  0.2795 -0.1159 -0.1962
v  0.2858 -0.1224 -0.1783
v  0.3109 -0.0872 -0.1487
v  0.2935 -0.1303 -0.1562
v  0.2972 -0.1357 -0.1381
v  0.3201 -0.0985 -0.1064
v  0.3021 -0.1429 -0.1142
v  0.3035 -0.1471 -0.0972
v  0.3241 -0.1076 -0.0648
v  0.3055 -0.1531 -0.0728
v  0.3049 -0.1560 -0.0581
v  0.3230 -0.1139 -0.0268
v  0.3039 -0.1605 -0.0350
v  0.3015 -0.1620 -0.0232
v  0.3171 -0.1170 0.0049
v  0.2975 -0.1645 -0.0034
v  0.2941 -0.1651 0.0062
v  0.3080 -0.1180 0.0320
v  0.2880 -0.1662 0.0235
v  0.2844 -0.1664 0.0317
v  0.2976 -0.1180 0.0560
v  0.2773 -0.1667 0.0474
v  0.2739 -0.1669 0.0550
v  0.2876 -0.1179 0.0788
v  0.2670 -0.1672 0.0702
v  0.2644 -0.1677 0.0776
v  0.2799 -0.1189 0.1020
v  0.2589 -0.1687 0.0933
v  0.2565 -0.1693 0.1007
v  0.2722 -0.1200 0.1260
v  0.2510 -0.1704 0.1171
v  0.2480 -0.1707 0.1245
v  0.2624 -0.1204 0.1508
v  0.2408 -0.1714 0.1419
v  0.2368 -0.1712 0.1492
v  0.2483 -0.1189 0.1769
v  0.2264 -0.1708 0.1679
v  0.2209 -0.1700 0.1751
v  0.2054 -0.1677 0.1953
v  0.2941 -0.0454 0.1662
v  0.2798 -0.0445 0.1923
v  0.3267 0.0318 0.1839
v  0.3122 0.0320 0.2100
v  0.3041 -0.0445 0.1414
v  0.3368 0.0332 0.1590
v  0.3119 -0.0429 0.1175
v  0.3448 0.0354 0.1351
v  0.3197 -0.0414 0.0943
v  0.3527 0.0374 0.1118
v  0.3298 -0.0409 0.0715
v  0.3628 0.0384 0.0890
v  0.3403 -0.0405 0.0474
v  0.3734 0.0394 0.0649
v  0.3495 -0.0389 0.0204
v  0.3826 0.0415 0.0378
v  0.3555 -0.0352 -0.0113
v  0.3887 0.0458 0.0061
v  0.3566 -0.0283 -0.0493
v  0.3899 0.0535 -0.0320
v  0.3526 -0.0185 -0.0909
v  0.3859 0.0640 -0.0737
v  0.3435 -0.0065 -0.1332
v  0.3768 0.0767 -0.1160
v  0.3291 0.0074 -0.1734
v  0.3624 0.0912 -0.1562
v  0.3092 0.0226 -0.2086
v  0.3426 0.1069 -0.1914
v  0.2857 0.0384 -0.2385
v  0.3191 0.1230 -0.2214
v  0.2601 0.0537 -0.2626
v  0.2936 0.1386 -0.2455
v  0.2343 0.0678 -0.2806
v  0.2677 0.1529 -0.2636
v  0.2100 0.0798 -0.2920
v  0.2434 0.1649 -0.2752
v  0.1872 0.0902 -0.2992
v  0.2205 0.1753 -0.2825
v  0.1659 0.0995 -0.3044
v  0.1992 0.1846 -0.2879
v  0.1464 0.1083 -0.3100
v  0.1795 0.1933 -0.2937
v  0.1285 0.1170 -0.3182
v  0.1616 0.2020 -0.3021
v  0.1104 0.1260 -0.3272
v  0.1434 0.2108 -0.3113
v  0.0902 0.1356 -0.3350
v  0.1230 0.2202 -0.3192
v  0.0658 0.1461 -0.3398
v  0.0985 0.2304 -0.3241
v  0.0353 0.1577 -0.3394
v  0.0678 0.2416 -0.3239
v  0.0006 0.1699 -0.3341
v  0.0330 0.2532 -0.3187
v  -0.0362 0.1820 -0.3238
v  -0.0040 0.2646 -0.3085
v  -0.0732 0.1933 -0.3084
v  -0.0413 0.2752 -0.2932
v  -0.1085 0.2033 -0.2881
v  -0.0769 0.2843 -0.2728
v  -0.0216 0.3458 -0.2761
v  -0.0156 0.3443 -0.2796
v  -0.0513 0.3530 -0.2590
v  -0.0568 0.3541 -0.2550
v  -0.1094 0.2916 -0.2489
v  -0.0841 0.3595 -0.2350
v  -0.0889 0.3603 -0.2307
v  -0.1374 0.2970 -0.2232
v  -0.1125 0.3639 -0.2092
v  -0.1163 0.3643 -0.2048
v  -0.1596 0.3001 -0.1974
v  -0.1350 0.3660 -0.1833
v  -0.1377 0.3660 -0.1790
v  -0.1746 0.3007 -0.1730
v  -0.1503 0.3657 -0.1589
v  -0.1522 0.3654 -0.1548
v  -0.1848 0.2996 -0.1499
v  -0.1608 0.3638 -0.1358
v  -0.1622 0.3633 -0.1318
v  -0.1924 0.2979 -0.1279
v  -0.1688 0.3613 -0.1139
v  -0.1703 0.3608 -0.1099
v  -0.1999 0.2964 -0.1067
v  -0.1766 0.3589 -0.0928
v  -0.1786 0.3586 -0.0888
v  -0.2097 0.2961 -0.0861
v  -0.1868 0.3576 -0.0724
v  -0.1890 0.3573 -0.0680
v  -0.2201 0.2959 -0.0644
v  -0.1976 0.3563 -0.0509
v  -0.1997 0.3557 -0.0457
v  -0.2294 0.2945 -0.0400
v  -0.2074 0.3538 -0.0266
v  -0.2090 0.3528 -0.0202
v  -0.2359 0.2910 -0.0110
v  -0.2145 0.3491 0.0022
v  -0.2151 0.3473 0.0104
v  -0.2381 0.2842 0.0242
v  -0.2172 0.3412 0.0372
v  -0.2168 0.3385 0.0468
v  -0.2357 0.2746 0.0635
v  -0.2154 0.3304 0.0763
v  -0.2137 0.3270 0.0867
v  -0.2285 0.2627 0.1045
v  -0.2089 0.3173 0.1172
v  -0.2058 0.3133 0.1279
v  -0.2164 0.2489 0.1450
v  -0.1973 0.3023 0.1576
v  -0.1927 0.2979 0.1679
v  -0.1992 0.2337 0.1827
v  -0.1806 0.2861 0.1953
v  -0.1748 0.2814 0.2049
v  -0.1784 0.2180 0.2165
v  -0.1603 0.2694 0.2292
v  -0.1536 0.2647 0.2376
v  -0.1556 0.2027 0.2453
v  -0.1378 0.2533 0.2579
v  -0.1308 0.2488 0.2648
v  -0.2052 0.1466 0.2002
v  -0.2262 0.1619 0.1666
v  -0.2438 0.1767 0.1291
v  -0.2562 0.1900 0.0887
v  -0.2638 0.2014 0.0478
v  -0.2666 0.2104 0.0087
v  -0.2648 0.2166 -0.0265
v  -0.2585 0.2196 -0.0555
v  -0.2495 0.2204 -0.0800
v  -0.2394 0.2202 -0.1017
v  -0.2298 0.2201 -0.1223
v  -0.2225 0.2211 -0.1435
v  -0.2151 0.2223 -0.1656
v  -0.2052 0.2228 -0.1887
v  -0.1904 0.2216 -0.2131
v  -0.1685 0.2177 -0.2388
v  -0.1407 0.2115 -0.2644
v  0.0161 0.1169 0.3389
v  0.0444 0.1052 0.3442
v  0.0788 0.0927 0.3442
v  0.1172 0.0799 0.3388
v  0.1570 0.0676 0.3281
v  0.1961 0.0564 0.3118
v  0.2320 0.0471 0.2902
v  -0.1904 -0.0095 0.2407
v  -0.1852 -0.0125 0.2443
v  -0.1694 -0.0210 0.2525
v  -0.1646 -0.0235 0.2550
v  -0.1492 -0.0314 0.2612
v  -0.1447 -0.0337 0.2630
v  -0.1296 -0.0413 0.2691
v  -0.1253 -0.0435 0.2708
v  -0.1103 -0.0515 0.2785
v  -0.1061 -0.0537 0.2806
v  -0.0899 -0.0623 0.2884
v  -0.0856 -0.0645 0.2905
v  -0.0671 -0.0738 0.2970
v  -0.0623 -0.0762 0.2987
v  -0.0401 -0.0864 0.3025
v  -0.0347 -0.0889 0.3035
v  -0.0075 -0.1004 0.3031
v  -0.0011 -0.1030 0.3030
v  0.0293 -0.1149 0.2982
v  0.0360 -0.1176 0.2971
v  0.0677 -0.1291 0.2880
v  0.0747 -0.1316 0.2860
v  0.1056 -0.1419 0.2726
v  0.1126 -0.1442 0.2696
v  0.1407 -0.1524 0.2522
v  0.1990 -0.1664 0.2019
v  0.2634 0.0883 0.2914
v  0.2501 0.0909 0.3017
v  0.2287 0.0959 0.3143
v  0.2136 0.0995 0.3233
v  0.1905 0.1061 0.3328
v  0.1742 0.1107 0.3395
v  0.1504 0.1183 0.3461
v  0.1342 0.1234 0.3505
v  0.1109 0.1316 0.3539
v  0.0958 0.1369 0.3561
v  0.0744 0.1452 0.3562
v  0.0614 0.1503 0.3562
v  0.0436 0.1581 0.3528
v  0.0332 0.1627 0.3509
v  0.0182 0.1700 0.3452
v  0.0152 0.3357 -0.2924
v  0.0218 0.3338 -0.2951
v  0.0519 0.3243 -0.3035
v  0.0587 0.3221 -0.3055
v  0.0866 0.3123 -0.3097
v  0.0935 0.3099 -0.3108
v  0.1176 0.3005 -0.3110
v  0.1240 0.2981 -0.3110
v  0.1431 0.2897 -0.3072
v  0.1484 0.2873 -0.3062
v  0.1641 0.2796 -0.3000
v  0.1687 0.2774 -0.2982
v  0.1826 0.2701 -0.2912
v  0.1868 0.2680 -0.2891
v  0.2004 0.2610 -0.2826
v  0.2046 0.2588 -0.2806
v  0.2194 0.2519 -0.2761
v  0.2242 0.2497 -0.2747
v  0.2401 0.2424 -0.2704
v  0.2454 0.2400 -0.2691
v  0.2624 0.2319 -0.2635
v  0.2681 0.2292 -0.2616
v  0.2862 0.2199 -0.2529
v  0.2924 0.2167 -0.2499
v  0.3114 0.2059 -0.2365
v  0.3181 0.2020 -0.2318
v  0.3368 0.1902 -0.2140
v  0.3435 0.1859 -0.2076
v  0.3606 0.1736 -0.1858
v  0.3668 0.1691 -0.1778
v  0.3811 0.1570 -0.1523
v  0.3864 0.1524 -0.1426
v  0.3965 0.1411 -0.1140
v  0.4005 0.1366 -0.1026
v  0.4066 0.1265 -0.0729
v  0.4092 0.1224 -0.0605
v  0.4116 0.1140 -0.0318
v  0.4126 0.1103 -0.0191
v  0.4116 0.1041 0.0066
v  0.4111 0.1012 0.0187
v  0.4068 0.0974 0.0399
v  0.4046 0.0955 0.0503
v  0.3984 0.0934 0.0681
v  0.3951 0.0923 0.0773
v  0.3881 0.0910 0.0930
v  0.3842 0.0903 0.1013
v  0.3776 0.0891 0.1160
v  0.3739 0.0885 0.1241
v  0.3687 0.0867 0.1389
v  0.3657 0.0857 0.1473
v  0.3606 0.0837 0.1625
v  0.3576 0.0827 0.1712
v  0.3511 0.0812 0.1868
v  0.3471 0.0803 0.1960
v  0.3379 0.0798 0.2121
v  0.3321 0.0795 0.2220
v  0.3188 0.0803 0.2387
# 448 vertices

vn -0.1547 0.6404 0.7523
vn -0.2129 0.6491 0.7303
vn -0.6218 0.0370 0.7823
vn -0.5130 -0.0203 0.8582
vn -0.1296 0.6076 0.7836
vn -0.0771 0.6005 0.7959
vn -0.4240 -0.0619 0.9035
vn -0.0586 0.5819 0.8111
vn -0.0283 0.5780 0.8156
vn -0.3910 -0.0752 0.9173
vn -0.5260 -0.7005 0.4823
vn -0.0307 0.5804 0.8138
vn -0.4319 -0.0542 0.9003
vn -0.5564 -0.6777 0.4808
vn -0.0872 0.6092 0.7882
vn -0.4667 -0.0375 0.8836
vn -0.0861 0.6059 0.7909
vn -0.0821 0.6065 0.7908
vn -0.4226 -0.0614 0.9042
vn -0.0639 0.5800 0.8121
vn 0.6809 0.3429 0.6472
vn 0.6510 0.3292 0.6840
vn 0.5595 -0.4120 0.7192
vn 0.6508 -0.4275 0.6275
vn 0.7187 0.3182 0.6183
vn 0.5655 -0.3980 0.7223
vn 0.6554 -0.4156 0.6306
vn 0.5737 -0.3806 0.7253
vn 0.6621 -0.4007 0.6333
vn 0.1063 -0.9046 0.4127
vn 0.1523 -0.9054 0.3963
vn 0.4756 -0.3540 0.8053
vn 0.0819 -0.8861 0.4563
vn 0.4663 -0.3740 0.8017
vn 0.3493 -0.3410 0.8728
vn 0.3592 -0.3185 0.8772
vn 0.2273 -0.3023 0.9257
vn 0.2378 -0.2775 0.9308
vn 0.1134 -0.2628 0.9581
vn 0.1247 -0.2362 0.9637
vn -0.0052 -0.2182 0.9759
vn 0.0072 -0.1902 0.9817
vn -0.1487 -0.1594 0.9759
vn -0.1343 -0.1307 0.9823
vn -0.2982 -0.0918 0.9501
vn -0.2820 -0.0631 0.9573
vn -0.4072 -0.0377 0.9125
vn -0.3909 -0.0093 0.9204
vn -0.4531 -0.0128 0.8914
vn -0.4384 0.0159 0.8986
vn -0.4224 -0.0275 0.9060
vn -0.4111 0.0027 0.9116
vn -0.3857 -0.0466 0.9215
vn -0.3777 -0.0146 0.9258
vn -0.4199 -0.0322 0.9070
vn -0.4129 0.0011 0.9108
vn -0.5070 0.0093 0.8619
vn -0.4986 0.0428 0.8658
vn -0.6124 0.0648 0.7879
vn -0.6011 0.0971 0.7932
vn -0.7003 0.1175 0.7041
vn -0.6870 0.1478 0.7114
vn -0.1812 0.7298 0.6592
vn -0.7040 -0.5509 0.4482
vn -0.7646 -0.5162 0.3860
vn -0.2315 0.7611 0.6059
vn -0.7518 0.1910 0.6312
vn -0.8108 -0.4853 0.3274
vn -0.2726 0.7901 0.5490
vn -0.8072 0.2329 0.5425
vn -0.8511 -0.4539 0.2638
vn -0.3094 0.8194 0.4826
vn -0.8569 0.2764 0.4352
vn -0.8880 -0.4201 0.1872
vn -0.3423 0.8505 0.3993
vn -0.8932 0.3159 0.3200
vn -0.9136 -0.3936 0.1022
vn -0.9155 -0.3986 0.0539
vn -0.9140 0.3478 0.2088
vn -0.9284 -0.3710 0.0211
vn -0.9254 -0.3780 -0.0258
vn -0.9225 0.3757 0.0886
vn -0.9349 -0.3489 -0.0657
vn -0.9258 -0.3594 -0.1175
vn -0.9137 0.4014 -0.0634
vn -0.9297 -0.3240 -0.1749
vn -0.9080 -0.3426 -0.2411
vn -0.8800 0.4178 -0.2260
vn -0.9026 -0.3149 -0.2935
vn -0.8756 -0.3358 -0.3473
vn -0.8387 0.4223 -0.3438
vn -0.8683 -0.3207 -0.3784
vn -0.8493 -0.3351 -0.4079
vn -0.8207 0.4226 -0.3845
vn -0.8500 -0.3348 -0.4066
vn -0.8505 -0.3348 -0.4057
vn -0.8440 0.4232 -0.3294
vn -0.8610 -0.3516 -0.3675
vn -0.3358 0.9402 -0.0572
vn -0.8650 0.4221 -0.2713
vn -0.8831 -0.3360 -0.3274
vn -0.8844 -0.3352 -0.3247
vn -0.8516 0.4236 -0.3089
vn -0.8783 -0.3209 -0.3543
vn -0.8613 -0.3336 -0.3832
vn -0.8028 0.4229 -0.4203
vn -0.8447 -0.3121 -0.4348
vn -0.8099 -0.3371 -0.4800
vn -0.7174 0.4113 -0.5622
vn -0.7814 -0.3175 -0.5372
vn -0.7356 -0.3501 -0.5800
vn -0.6210 0.3898 -0.6800
vn -0.7081 -0.3396 -0.6191
vn -0.6718 -0.3658 -0.6441
vn -0.5340 0.3655 -0.7624
vn -0.6438 -0.3591 -0.6757
vn -0.6107 -0.3834 -0.6928
vn -0.4453 0.3377 -0.8293
vn -0.5792 -0.3785 -0.7219
vn -0.5452 -0.4042 -0.7344
vn -0.3440 0.3036 -0.8885
vn -0.5063 -0.4006 -0.7637
vn -0.4676 -0.4308 -0.7719
vn -0.2367 0.2654 -0.9346
vn -0.4296 -0.4292 -0.7945
vn -0.3951 -0.4573 -0.7967
vn -0.1311 0.2263 -0.9652
vn -0.3547 -0.4569 -0.8157
vn -0.3206 -0.4849 -0.8137
vn -0.0146 0.1817 -0.9833
vn -0.2716 -0.4867 -0.8303
vn -0.2341 -0.5209 -0.8209
vn 0.1351 0.1213 -0.9834
vn -0.1627 -0.5248 -0.8355
vn -0.1150 -0.5723 -0.8119
vn 0.2933 0.0531 -0.9545
vn -0.0514 -0.5777 -0.8146
vn -0.0153 -0.6187 -0.7855
vn 0.4003 0.0042 -0.9164
vn 0.0184 -0.6216 -0.7831
vn 0.0349 -0.6432 -0.7649
vn 0.4252 -0.0067 -0.9051
vn 0.5756 0.6368 -0.5130
vn 0.0200 -0.6352 -0.7721
vn 0.3542 0.0281 -0.9348
vn 0.5242 0.6514 -0.5486
vn -0.0651 -0.5938 -0.8020
vn 0.2778 0.0640 -0.9585
vn 0.4708 0.6876 -0.5528
vn -0.0853 -0.5841 -0.8072
vn 0.2897 0.0595 -0.9553
vn -0.0618 -0.5858 -0.8081
vn -0.0482 -0.6010 -0.7978
vn 0.3700 0.0233 -0.9287
vn 0.0006 -0.6062 -0.7953
vn 0.0266 -0.6369 -0.7704
vn 0.4862 -0.0329 -0.8732
vn 0.0870 -0.6452 -0.7591
vn 0.1143 -0.6825 -0.7219
vn 0.5971 -0.0912 -0.7970
vn 0.1650 -0.6906 -0.7042
vn 0.1835 -0.7217 -0.6674
vn 0.6888 -0.1442 -0.7105
vn 0.2311 -0.7303 -0.6429
vn 0.2441 -0.7596 -0.6029
vn 0.7701 -0.1967 -0.6068
vn 0.2915 -0.7687 -0.5694
vn 0.2990 -0.7981 -0.5231
vn 0.8418 -0.2502 -0.4783
vn 0.3462 -0.8075 -0.4776
vn 0.3460 -0.8375 -0.4229
vn 0.8909 -0.2963 -0.3442
vn 0.3780 -0.8440 -0.3806
vn 0.3715 -0.8657 -0.3355
vn 0.9168 -0.3310 -0.2235
vn 0.3954 -0.8704 -0.2934
vn 0.3845 -0.8880 -0.2524
vn 0.9274 -0.3602 -0.1009
vn 0.4046 -0.8913 -0.2046
vn 0.3874 -0.9076 -0.1615
vn 0.9207 -0.3874 0.0472
vn 0.4056 -0.9090 -0.0959
vn 0.3745 -0.9263 -0.0419
vn 0.8906 -0.4063 0.2042
vn 0.3817 -0.9241 0.0178
vn 0.3472 -0.9357 0.0618
vn 0.8523 -0.4139 0.3197
vn 0.3469 -0.9327 0.0983
vn 0.3233 -0.9382 0.1232
vn 0.8333 -0.4159 0.3641
vn 0.8541 0.3422 0.3918
vn 0.3218 -0.9385 0.1254
vn 0.8511 -0.4165 0.3196
vn 0.8724 0.3292 0.3612
vn 0.3464 -0.9363 0.0585
vn 0.8697 -0.4156 0.2664
vn 0.8818 0.3427 0.3239
vn 0.3484 -0.9360 0.0502
vn 0.8595 -0.4180 0.2942
vn 0.3487 -0.9339 0.0784
vn 0.3312 -0.9385 0.0978
vn 0.8201 -0.4202 0.3884
vn 0.3289 -0.9323 0.1505
vn 0.2916 -0.9388 0.1835
vn 0.7490 -0.4151 0.5164
vn 0.2816 -0.9275 0.2458
vn 0.2309 -0.9319 0.2796
vn 0.2165 -0.9191 0.3291
vn 0.8173 -0.4291 0.3846
vn 0.7443 -0.4271 0.5134
vn 0.8161 -0.4354 0.3799
vn 0.7414 -0.4364 0.5098
vn 0.8580 -0.4244 0.2894
vn 0.8580 -0.4284 0.2834
vn 0.8688 -0.4211 0.2607
vn 0.8694 -0.4240 0.2537
vn 0.8503 -0.4227 0.3135
vn 0.8514 -0.4261 0.3058
vn 0.8325 -0.4227 0.3580
vn 0.8339 -0.4265 0.3503
vn 0.8519 -0.4195 0.3136
vn 0.8534 -0.4218 0.3062
vn 0.8906 -0.4093 0.1983
vn 0.8921 -0.4092 0.1916
vn 0.9210 -0.3873 0.0419
vn 0.9225 -0.3842 0.0362
vn 0.9279 -0.3576 -0.1052
vn 0.9296 -0.3520 -0.1097
vn 0.9176 -0.3264 -0.2268
vn 0.9194 -0.3190 -0.2299
vn 0.8921 -0.2902 -0.3464
vn 0.8943 -0.2811 -0.3481
vn 0.8435 -0.2427 -0.4792
vn 0.8463 -0.2323 -0.4793
vn 0.7723 -0.1882 -0.6067
vn 0.7761 -0.1768 -0.6053
vn 0.6914 -0.1353 -0.7097
vn 0.6960 -0.1235 -0.7073
vn 0.6003 -0.0823 -0.7955
vn 0.6060 -0.0707 -0.7924
vn 0.4903 -0.0244 -0.8712
vn 0.4975 -0.0137 -0.8674
vn 0.3752 0.0308 -0.9264
vn 0.3841 0.0399 -0.9224
vn 0.2957 0.0659 -0.9530
vn 0.3059 0.0735 -0.9492
vn 0.2843 0.0695 -0.9562
vn 0.2947 0.0759 -0.9526
vn 0.3608 0.0333 -0.9320
vn 0.3702 0.0395 -0.9281
vn 0.4317 -0.0016 -0.9020
vn 0.4395 0.0050 -0.8982
vn 0.4068 0.0092 -0.9135
vn 0.4137 0.0160 -0.9103
vn 0.2992 0.0576 -0.9525
vn 0.3053 0.0642 -0.9501
vn 0.1393 0.1249 -0.9823
vn 0.1442 0.1309 -0.9809
vn -0.0126 0.1841 -0.9828
vn -0.0095 0.1891 -0.9819
vn -0.1313 0.2277 -0.9648
vn -0.1304 0.2316 -0.9640
vn -0.2389 0.2654 -0.9341
vn -0.2404 0.2682 -0.9329
vn -0.3482 0.3019 -0.8875
vn -0.3520 0.3032 -0.8855
vn -0.4508 0.3344 -0.8276
vn -0.4564 0.3340 -0.8247
vn -0.0422 0.8914 -0.4512
vn -0.0097 0.8724 -0.4886
vn -0.0860 0.8939 -0.4400
vn -0.1109 0.9079 -0.4042
vn -0.5464 0.3585 -0.7569
vn -0.1519 0.9090 -0.3882
vn -0.1726 0.9205 -0.3507
vn -0.6334 0.3787 -0.6749
vn -0.2167 0.9194 -0.3282
vn -0.2351 0.9299 -0.2829
vn -0.7291 0.3944 -0.5594
vn -0.2910 0.9243 -0.2468
vn -0.3064 0.9344 -0.1816
vn -0.8139 0.3998 -0.4216
vn -0.3500 0.9255 -0.1446
vn -0.3547 0.9311 -0.0857
vn -0.8627 0.3965 -0.3139
vn -0.3772 0.9240 -0.0627
vn -0.3688 0.9292 -0.0260
vn -0.8759 0.3941 -0.2783
vn -0.3740 0.9269 -0.0318
vn -0.8605 -0.3582 -0.3622
vn -0.8537 0.3979 -0.3360
vn -0.3438 0.9367 -0.0661
vn -0.3427 0.9328 -0.1114
vn -0.8292 0.4000 -0.3903
vn -0.3416 0.9331 -0.1123
vn -0.3415 0.9330 -0.1139
vn -0.8477 0.3983 -0.3504
vn -0.3672 0.9258 -0.0903
vn -0.3675 0.9285 -0.0537
vn -0.8906 0.3894 -0.2351
vn -0.4063 0.9137 -0.0105
vn -0.3996 0.9153 0.0510
vn -0.9269 0.3676 -0.0760
vn -0.4357 0.8941 0.1040
vn -0.4174 0.8924 0.1718
vn -0.9385 0.3376 0.0728
vn -0.4387 0.8730 0.2129
vn -0.4181 0.8701 0.2612
vn -0.9325 0.3066 0.1910
vn -0.4330 0.8505 0.2985
vn -0.4098 0.8467 0.3393
vn -0.9141 0.2719 0.3007
vn -0.4208 0.8247 0.3779
vn -0.3925 0.8199 0.4169
vn -0.8803 0.2298 0.4149
vn -0.3992 0.7925 0.4611
vn -0.3618 0.7860 0.5013
vn -0.8327 0.1836 0.5224
vn -0.3631 0.7600 0.5390
vn -0.3262 0.7540 0.5702
vn -0.7781 0.1387 0.6127
vn -0.3231 0.7278 0.6049
vn -0.2850 0.7219 0.6306
vn -0.7122 0.0920 0.6960
vn -0.2761 0.6929 0.6661
vn -0.2325 0.6862 0.6892
vn -0.7656 0.1624 0.6224
vn -0.8208 0.2058 0.5329
vn -0.8695 0.2508 0.4255
vn -0.9047 0.2916 0.3106
vn -0.9243 0.3249 0.2001
vn -0.9316 0.3543 0.0808
vn -0.9214 0.3822 -0.0698
vn -0.8864 0.4013 -0.2310
vn -0.8442 0.4081 -0.3477
vn -0.8259 0.4090 -0.3881
vn -0.8498 0.4082 -0.3334
vn -0.8715 0.4058 -0.2754
vn -0.8581 0.4078 -0.3120
vn -0.8092 0.4092 -0.4217
vn -0.7237 0.4009 -0.5617
vn -0.6273 0.3825 -0.6784
vn -0.5401 0.3604 -0.7605
vn -0.3131 -0.1152 0.9427
vn -0.1613 -0.1826 0.9699
vn -0.0154 -0.2406 0.9705
vn 0.1045 -0.2840 0.9531
vn 0.2190 -0.3221 0.9210
vn 0.3415 -0.3589 0.8687
vn 0.4592 -0.3899 0.7982
vn -0.6646 -0.5869 0.4625
vn -0.6308 -0.5932 0.5002
vn -0.5927 -0.6253 0.5077
vn -0.5694 -0.6299 0.5281
vn -0.5452 -0.6491 0.5304
vn -0.5444 -0.6498 0.5304
vn -0.5436 -0.6498 0.5313
vn -0.5676 -0.6461 0.5103
vn -0.0381 0.6523 0.7570
vn -0.5865 -0.6262 0.5138
vn -0.5818 -0.6309 0.5133
vn -0.5516 -0.6361 0.5396
vn 0.0288 0.6171 0.7863
vn -0.4715 -0.6704 0.5730
vn -0.4246 -0.7082 0.5641
vn -0.3629 -0.7186 0.5933
vn -0.3106 -0.7583 0.5731
vn -0.2606 -0.7659 0.5878
vn -0.2222 -0.7944 0.5654
vn -0.1752 -0.8007 0.5728
vn -0.1421 -0.8248 0.5472
vn -0.0922 -0.8307 0.5491
vn -0.0601 -0.8539 0.5170
vn -0.0017 -0.8592 0.5117
vn 0.0313 -0.8833 0.4678
vn 0.1709 -0.9204 0.3517
vn 0.6140 0.3482 0.7083
vn 0.5772 0.3433 0.7409
vn 0.0338 -0.9068 0.4202
vn 0.4909 0.3625 0.7923
vn -0.0564 -0.8823 0.4673
vn 0.4015 0.3912 0.8281
vn -0.1379 -0.8576 0.4955
vn 0.3183 0.4187 0.8505
vn -0.2176 -0.8303 0.5130
vn 0.2303 0.4479 0.8639
vn 0.1916 0.4825 0.8547
vn 0.1207 0.4843 0.8665
vn 0.0742 0.5312 0.8440
vn 0.0106 0.5351 0.8447
vn -0.0244 0.5771 0.8163
vn 0.0421 0.8685 -0.4939
vn 0.0745 0.8488 -0.5234
vn 0.1217 0.8443 -0.5218
vn 0.1565 0.8223 -0.5471
vn -0.2933 -0.4753 -0.8295
vn 0.2457 0.7894 -0.5625
vn 0.2986 0.7827 -0.5462
vn 0.3582 0.7416 -0.5673
vn 0.4263 0.7309 -0.5329
vn 0.4780 0.6926 -0.5402
vn 0.5311 0.6837 -0.5005
vn 0.5579 0.6622 -0.5003
vn 0.5831 0.6586 -0.4757
vn 0.5767 0.6633 -0.4770
vn 0.5690 0.6663 -0.4820
vn 0.5279 0.6983 -0.4834
vn 0.4834 0.7082 -0.5146
vn 0.4735 0.7141 -0.5156
vn 0.4620 0.7188 -0.5195
vn 0.4798 0.7038 -0.5240
vn 0.4978 0.7032 -0.5077
vn 0.5348 0.6731 -0.5107
vn 0.5707 0.6683 -0.4770
vn 0.6158 0.6304 -0.4726
vn 0.6556 0.6236 -0.4258
vn 0.6931 0.5896 -0.4146
vn 0.7226 0.5843 -0.3695
vn 0.7572 0.5503 -0.3520
vn 0.7810 0.5458 -0.3037
vn 0.8143 0.5093 -0.2784
vn 0.8332 0.5058 -0.2234
vn 0.8647 0.4658 -0.1880
vn 0.8771 0.4641 -0.1239
vn 0.8968 0.4330 -0.0905
vn 0.9004 0.4334 -0.0381
vn 0.9137 0.4063 -0.0045
vn 0.9119 0.4082 0.0432
vn 0.9211 0.3805 0.0817
vn 0.9135 0.3848 0.1321
vn 0.9178 0.3508 0.1858
vn 0.8986 0.3609 0.2494
vn 0.8941 0.3340 0.2984
vn 0.8699 0.3462 0.3512
vn 0.8628 0.3321 0.3811
vn 0.8456 0.3399 0.4117
vn 0.3403 -0.9369 0.0795
vn 0.8449 0.3384 0.4142
vn 0.3652 -0.9293 0.0545
vn 0.8723 0.3427 0.3487
vn 0.3650 -0.9309 0.0125
vn 0.8749 0.3424 0.3425
vn 0.8692 0.3306 0.3676
vn 0.8558 0.3369 0.3926
vn 0.8416 0.3153 0.4385
vn 0.8118 0.3320 0.4803
vn 0.7871 0.3091 0.5338
vn 0.7454 0.3341 0.5769
# 448 vertex normals

vt 0.5216 0.4125 0.0000
vt 0.5174 0.4124 0.0000
vt 0.5174 0.4350 0.0000
vt 0.5308 0.4350 0.0000
vt 0.5308 0.4127 0.0000
vt 0.5345 0.4128 0.0000
vt 0.5423 0.4350 0.0000
vt 0.5423 0.4130 0.0000
vt 0.5458 0.4130 0.0000
vt 0.5526 0.4350 0.0000
vt 0.5527 0.4132 0.0000
vt 0.5560 0.4133 0.0000
vt 0.5624 0.4350 0.0000
vt 0.5624 0.4135 0.0000
vt 0.5657 0.4136 0.0000
vt 0.5721 0.4350 0.0000
vt 0.5721 0.4137 0.0000
vt 0.5757 0.4138 0.0000
vt 0.5824 0.4350 0.0000
vt 0.5824 0.4140 0.0000
vt 0.7252 0.4153 0.0000
vt 0.7182 0.4156 0.0000
vt 0.7182 0.4350 0.0000
vt 0.7355 0.4350 0.0000
vt 0.7355 0.4152 0.0000
vt 0.7182 0.4674 0.0000
vt 0.7355 0.4674 0.0000
vt 0.7182 0.4988 0.0000
vt 0.7355 0.4988 0.0000
vt 0.7142 0.5221 0.0000
vt 0.7182 0.5220 0.0000
vt 0.6997 0.4988 0.0000
vt 0.6997 0.5227 0.0000
vt 0.6997 0.4674 0.0000
vt 0.6803 0.4674 0.0000
vt 0.6803 0.4988 0.0000
vt 0.6607 0.4674 0.0000
vt 0.6607 0.4988 0.0000
vt 0.6416 0.4674 0.0000
vt 0.6416 0.4988 0.0000
vt 0.6237 0.4674 0.0000
vt 0.6237 0.4988 0.0000
vt 0.6076 0.4674 0.0000
vt 0.6076 0.4988 0.0000
vt 0.5940 0.4674 0.0000
vt 0.5940 0.4988 0.0000
vt 0.5824 0.4674 0.0000
vt 0.5824 0.4988 0.0000
vt 0.5721 0.4674 0.0000
vt 0.5720 0.4988 0.0000
vt 0.5623 0.4674 0.0000
vt 0.5623 0.4988 0.0000
vt 0.5526 0.4674 0.0000
vt 0.5526 0.4988 0.0000
vt 0.5423 0.4674 0.0000
vt 0.5423 0.4988 0.0000
vt 0.5308 0.4674 0.0000
vt 0.5307 0.4988 0.0000
vt 0.5174 0.4674 0.0000
vt 0.5173 0.4988 0.0000
vt 0.5015 0.4674 0.0000
vt 0.5015 0.4988 0.0000
vt 0.5134 0.5211 0.0000
vt 0.5173 0.5212 0.0000
vt 0.5015 0.5209 0.0000
vt 0.4969 0.5208 0.0000
vt 0.4839 0.4988 0.0000
vt 0.4839 0.5205 0.0000
vt 0.4787 0.5203 0.0000
vt 0.4651 0.4988 0.0000
vt 0.4651 0.5200 0.0000
vt 0.4595 0.5199 0.0000
vt 0.4459 0.4988 0.0000
vt 0.4459 0.5195 0.0000
vt 0.4399 0.5193 0.0000
vt 0.4268 0.4988 0.0000
vt 0.4268 0.5189 0.0000
vt 0.4207 0.5187 0.0000
vt 0.4084 0.4988 0.0000
vt 0.4084 0.5183 0.0000
vt 0.4024 0.5181 0.0000
vt 0.3913 0.4988 0.0000
vt 0.3913 0.5177 0.0000
vt 0.3856 0.5175 0.0000
vt 0.3759 0.4988 0.0000
vt 0.3759 0.5171 0.0000
vt 0.3708 0.5169 0.0000
vt 0.3628 0.4988 0.0000
vt 0.3628 0.5165 0.0000
vt 0.3581 0.5164 0.0000
vt 0.3514 0.4988 0.0000
vt 0.3514 0.5160 0.0000
vt 0.3470 0.5159 0.0000
vt 0.3412 0.4988 0.0000
vt 0.3412 0.5155 0.0000
vt 0.3369 0.5154 0.0000
vt 0.3315 0.4988 0.0000
vt 0.3315 0.5151 0.0000
vt 0.3270 0.5149 0.0000
vt 0.3218 0.4988 0.0000
vt 0.3218 0.5147 0.0000
vt 0.3169 0.5145 0.0000
vt 0.3115 0.4988 0.0000
vt 0.3115 0.5143 0.0000
vt 0.3059 0.5141 0.0000
vt 0.2999 0.4988 0.0000
vt 0.2999 0.5138 0.0000
vt 0.2932 0.5137 0.0000
vt 0.2865 0.4988 0.0000
vt 0.2865 0.5134 0.0000
vt 0.2783 0.5133 0.0000
vt 0.2706 0.4988 0.0000
vt 0.2706 0.5130 0.0000
vt 0.2612 0.5129 0.0000
vt 0.2528 0.4988 0.0000
vt 0.2528 0.5126 0.0000
vt 0.2425 0.5125 0.0000
vt 0.2337 0.4988 0.0000
vt 0.2337 0.5123 0.0000
vt 0.2229 0.5122 0.0000
vt 0.2141 0.4988 0.0000
vt 0.2141 0.5120 0.0000
vt 0.2032 0.5121 0.0000
vt 0.1944 0.4988 0.0000
vt 0.1944 0.5120 0.0000
vt 0.1839 0.5121 0.0000
vt 0.1754 0.4988 0.0000
vt 0.1754 0.5121 0.0000
vt 0.1656 0.5122 0.0000
vt 0.1576 0.4988 0.0000
vt 0.1576 0.5122 0.0000
vt 0.1490 0.5123 0.0000
vt 0.1418 0.4988 0.0000
vt 0.1418 0.5124 0.0000
vt 0.1346 0.5125 0.0000
vt 0.1285 0.4988 0.0000
vt 0.1285 0.5125 0.0000
vt 0.1223 0.5126 0.0000
vt 0.1171 0.4988 0.0000
vt 0.1171 0.5126 0.0000
vt 0.1117 0.5127 0.0000
vt 0.1069 0.4988 0.0000
vt 0.1069 0.5127 0.0000
vt 0.1019 0.5128 0.0000
vt 0.0975 0.4988 0.0000
vt 0.0975 0.5128 0.0000
vt 0.0925 0.5129 0.0000
vt 0.0880 0.4988 0.0000
vt 0.0880 0.5130 0.0000
vt 0.0830 0.5133 0.0000
vt 0.0785 0.4991 0.0000
vt 0.0785 0.5134 0.0000
vt 0.0736 0.5141 0.0000
vt 0.0690 0.5001 0.0000
vt 0.0690 0.5145 0.0000
vt 0.0642 0.5161 0.0000
vt 0.0595 0.5030 0.0000
vt 0.0595 0.5166 0.0000
vt 0.9797 0.5153 0.0000
vt 0.9894 0.5166 0.0000
vt 0.9894 0.5031 0.0000
vt 0.9699 0.5001 0.0000
vt 0.9699 0.5150 0.0000
vt 0.9604 0.5147 0.0000
vt 0.9504 0.4992 0.0000
vt 0.9504 0.5145 0.0000
vt 0.9411 0.5145 0.0000
vt 0.9309 0.4988 0.0000
vt 0.9309 0.5146 0.0000
vt 0.9218 0.5148 0.0000
vt 0.9114 0.4988 0.0000
vt 0.9114 0.5150 0.0000
vt 0.9026 0.5152 0.0000
vt 0.8918 0.4988 0.0000
vt 0.8918 0.5156 0.0000
vt 0.8836 0.5158 0.0000
vt 0.8728 0.4988 0.0000
vt 0.8728 0.5162 0.0000
vt 0.8655 0.5164 0.0000
vt 0.8551 0.4988 0.0000
vt 0.8551 0.5168 0.0000
vt 0.8489 0.5170 0.0000
vt 0.8392 0.4988 0.0000
vt 0.8392 0.5174 0.0000
vt 0.8343 0.5175 0.0000
vt 0.8259 0.4988 0.0000
vt 0.8259 0.5179 0.0000
vt 0.8218 0.5180 0.0000
vt 0.8145 0.4988 0.0000
vt 0.8145 0.5183 0.0000
vt 0.8110 0.5184 0.0000
vt 0.8044 0.4988 0.0000
vt 0.8044 0.5186 0.0000
vt 0.8012 0.5187 0.0000
vt 0.7949 0.4988 0.0000
vt 0.7949 0.5190 0.0000
vt 0.7918 0.5191 0.0000
vt 0.7854 0.4988 0.0000
vt 0.7854 0.5193 0.0000
vt 0.7823 0.5194 0.0000
vt 0.7753 0.4988 0.0000
vt 0.7753 0.5197 0.0000
vt 0.7720 0.5198 0.0000
vt 0.7640 0.4988 0.0000
vt 0.7640 0.5201 0.0000
vt 0.7603 0.5202 0.0000
vt 0.7510 0.4988 0.0000
vt 0.7510 0.5206 0.0000
vt 0.7469 0.5208 0.0000
vt 0.7355 0.5213 0.0000
vt 0.7640 0.4674 0.0000
vt 0.7510 0.4674 0.0000
vt 0.7640 0.4350 0.0000
vt 0.7510 0.4350 0.0000
vt 0.7753 0.4674 0.0000
vt 0.7753 0.4350 0.0000
vt 0.7854 0.4674 0.0000
vt 0.7854 0.4350 0.0000
vt 0.7949 0.4674 0.0000
vt 0.7949 0.4350 0.0000
vt 0.8044 0.4674 0.0000
vt 0.8044 0.4350 0.0000
vt 0.8145 0.4674 0.0000
vt 0.8145 0.4350 0.0000
vt 0.8259 0.4674 0.0000
vt 0.8259 0.4350 0.0000
vt 0.8392 0.4674 0.0000
vt 0.8392 0.4350 0.0000
vt 0.8551 0.4674 0.0000
vt 0.8551 0.4350 0.0000
vt 0.8728 0.4674 0.0000
vt 0.8728 0.4350 0.0000
vt 0.8918 0.4674 0.0000
vt 0.8918 0.4350 0.0000
vt 0.9114 0.4674 0.0000
vt 0.9114 0.4350 0.0000
vt 0.9309 0.4674 0.0000
vt 0.9309 0.4350 0.0000
vt 0.9504 0.4676 0.0000
vt 0.9504 0.4350 0.0000
vt 0.9699 0.4683 0.0000
vt 0.9699 0.4351 0.0000
vt 0.9894 0.4691 0.0000
vt 0.9894 0.4351 0.0000
vt 0.0690 0.4682 0.0000
vt 0.0690 0.4350 0.0000
vt 0.0595 0.4351 0.0000
vt 0.0595 0.4691 0.0000
vt 0.0785 0.4676 0.0000
vt 0.0785 0.4350 0.0000
vt 0.0880 0.4674 0.0000
vt 0.0880 0.4350 0.0000
vt 0.0975 0.4674 0.0000
vt 0.0975 0.4350 0.0000
vt 0.1069 0.4674 0.0000
vt 0.1069 0.4350 0.0000
vt 0.1171 0.4674 0.0000
vt 0.1171 0.4350 0.0000
vt 0.1285 0.4674 0.0000
vt 0.1285 0.4350 0.0000
vt 0.1418 0.4674 0.0000
vt 0.1418 0.4350 0.0000
vt 0.1576 0.4674 0.0000
vt 0.1576 0.4350 0.0000
vt 0.1754 0.4674 0.0000
vt 0.1754 0.4350 0.0000
vt 0.1944 0.4674 0.0000
vt 0.1944 0.4350 0.0000
vt 0.2141 0.4674 0.0000
vt 0.2141 0.4350 0.0000
vt 0.2337 0.4674 0.0000
vt 0.2337 0.4350 0.0000
vt 0.2174 0.4078 0.0000
vt 0.2141 0.4077 0.0000
vt 0.2337 0.4076 0.0000
vt 0.2369 0.4077 0.0000
vt 0.2528 0.4350 0.0000
vt 0.2528 0.4076 0.0000
vt 0.2558 0.4077 0.0000
vt 0.2706 0.4350 0.0000
vt 0.2706 0.4077 0.0000
vt 0.2733 0.4078 0.0000
vt 0.2865 0.4350 0.0000
vt 0.2865 0.4078 0.0000
vt 0.2889 0.4079 0.0000
vt 0.2999 0.4350 0.0000
vt 0.2999 0.4080 0.0000
vt 0.3020 0.4080 0.0000
vt 0.3115 0.4350 0.0000
vt 0.3115 0.4081 0.0000
vt 0.3134 0.4082 0.0000
vt 0.3218 0.4350 0.0000
vt 0.3218 0.4083 0.0000
vt 0.3236 0.4084 0.0000
vt 0.3315 0.4350 0.0000
vt 0.3315 0.4085 0.0000
vt 0.3334 0.4086 0.0000
vt 0.3412 0.4350 0.0000
vt 0.3412 0.4088 0.0000
vt 0.3433 0.4089 0.0000
vt 0.3514 0.4350 0.0000
vt 0.3514 0.4091 0.0000
vt 0.3539 0.4092 0.0000
vt 0.3628 0.4350 0.0000
vt 0.3628 0.4094 0.0000
vt 0.3657 0.4095 0.0000
vt 0.3759 0.4350 0.0000
vt 0.3759 0.4097 0.0000
vt 0.3795 0.4099 0.0000
vt 0.3913 0.4350 0.0000
vt 0.3913 0.4101 0.0000
vt 0.3955 0.4102 0.0000
vt 0.4084 0.4350 0.0000
vt 0.4084 0.4104 0.0000
vt 0.4131 0.4105 0.0000
vt 0.4268 0.4350 0.0000
vt 0.4268 0.4107 0.0000
vt 0.4319 0.4109 0.0000
vt 0.4459 0.4350 0.0000
vt 0.4459 0.4111 0.0000
vt 0.4512 0.4112 0.0000
vt 0.4651 0.4350 0.0000
vt 0.4651 0.4114 0.0000
vt 0.4705 0.4115 0.0000
vt 0.4839 0.4350 0.0000
vt 0.4839 0.4117 0.0000
vt 0.4891 0.4118 0.0000
vt 0.5016 0.4350 0.0000
vt 0.5016 0.4120 0.0000
vt 0.5064 0.4122 0.0000
vt 0.4839 0.4674 0.0000
vt 0.4651 0.4674 0.0000
vt 0.4459 0.4674 0.0000
vt 0.4268 0.4674 0.0000
vt 0.4084 0.4674 0.0000
vt 0.3913 0.4674 0.0000
vt 0.3759 0.4674 0.0000
vt 0.3628 0.4674 0.0000
vt 0.3514 0.4674 0.0000
vt 0.3412 0.4674 0.0000
vt 0.3315 0.4674 0.0000
vt 0.3218 0.4674 0.0000
vt 0.3115 0.4674 0.0000
vt 0.2999 0.4674 0.0000
vt 0.2865 0.4674 0.0000
vt 0.2706 0.4674 0.0000
vt 0.2528 0.4674 0.0000
vt 0.9699 0.5022 0.0000
vt 0.5940 0.4350 0.0000
vt 0.6076 0.4350 0.0000
vt 0.6237 0.4350 0.0000
vt 0.6416 0.4350 0.0000
vt 0.6607 0.4350 0.0000
vt 0.6803 0.4350 0.0000
vt 0.6997 0.4350 0.0000
vt 0.5275 0.5214 0.0000
vt 0.5307 0.5215 0.0000
vt 0.5396 0.5217 0.0000
vt 0.5423 0.5217 0.0000
vt 0.5503 0.5218 0.0000
vt 0.5526 0.5219 0.0000
vt 0.5602 0.5220 0.0000
vt 0.5623 0.5221 0.0000
vt 0.5699 0.5222 0.0000
vt 0.5720 0.5222 0.0000
vt 0.5802 0.5223 0.0000
vt 0.5824 0.5224 0.0000
vt 0.5917 0.5225 0.0000
vt 0.5940 0.5226 0.0000
vt 0.6049 0.5227 0.0000
vt 0.6076 0.5228 0.0000
vt 0.6206 0.5230 0.0000
vt 0.6237 0.5230 0.0000
vt 0.6384 0.5232 0.0000
vt 0.6416 0.5232 0.0000
vt 0.6573 0.5232 0.0000
vt 0.6607 0.5233 0.0000
vt 0.6767 0.5231 0.0000
vt 0.6803 0.5231 0.0000
vt 0.6958 0.5227 0.0000
vt 0.7314 0.5214 0.0000
vt 0.7073 0.4156 0.0000
vt 0.6997 0.4158 0.0000
vt 0.6884 0.4158 0.0000
vt 0.6803 0.4160 0.0000
vt 0.6689 0.4158 0.0000
vt 0.6607 0.4158 0.0000
vt 0.6494 0.4155 0.0000
vt 0.6416 0.4155 0.0000
vt 0.6308 0.4151 0.0000
vt 0.6237 0.4150 0.0000
vt 0.6137 0.4147 0.0000
vt 0.6076 0.4146 0.0000
vt 0.5991 0.4143 0.0000
vt 0.5940 0.4142 0.0000
vt 0.5866 0.4140 0.0000
vt 0.1979 0.4080 0.0000
vt 0.1944 0.4080 0.0000
vt 0.1789 0.4083 0.0000
vt 0.1754 0.4083 0.0000
vt 0.1611 0.4086 0.0000
vt 0.1576 0.4087 0.0000
vt 0.1451 0.4090 0.0000
vt 0.1418 0.4090 0.0000
vt 0.1314 0.4093 0.0000
vt 0.1285 0.4093 0.0000
vt 0.1196 0.4095 0.0000
vt 0.1171 0.4096 0.0000
vt 0.1093 0.4098 0.0000
vt 0.1069 0.4098 0.0000
vt 0.0997 0.4100 0.0000
vt 0.0975 0.4100 0.0000
vt 0.0903 0.4101 0.0000
vt 0.0880 0.4102 0.0000
vt 0.0808 0.4102 0.0000
vt 0.0785 0.4103 0.0000
vt 0.0714 0.4101 0.0000
vt 0.0690 0.4101 0.0000
vt 0.0619 0.4099 0.0000
vt 0.0595 0.4099 0.0000
vt 0.9750 0.4104 0.0000
vt 0.9699 0.4104 0.0000
vt 0.9894 0.4099 0.0000
vt 0.9556 0.4107 0.0000
vt 0.9504 0.4108 0.0000
vt 0.9361 0.4110 0.0000
vt 0.9309 0.4110 0.0000
vt 0.9167 0.4112 0.0000
vt 0.9114 0.4113 0.0000
vt 0.8973 0.4115 0.0000
vt 0.8918 0.4116 0.0000
vt 0.8784 0.4119 0.0000
vt 0.8728 0.4120 0.0000
vt 0.8605 0.4123 0.0000
vt 0.8551 0.4124 0.0000
vt 0.8443 0.4127 0.0000
vt 0.8392 0.4129 0.0000
vt 0.8303 0.4130 0.0000
vt 0.8259 0.4132 0.0000
vt 0.8184 0.4134 0.0000
vt 0.8145 0.4135 0.0000
vt 0.8079 0.4136 0.0000
vt 0.8044 0.4137 0.0000
vt 0.7983 0.4138 0.0000
vt 0.7949 0.4140 0.0000
vt 0.7888 0.4140 0.0000
vt 0.7854 0.4141 0.0000
vt 0.7790 0.4142 0.0000
vt 0.7753 0.4143 0.0000
vt 0.7682 0.4144 0.0000
vt 0.7640 0.4146 0.0000
vt 0.7559 0.4147 0.0000
vt 0.7510 0.4148 0.0000
vt 0.7415 0.4150 0.0000
vt 0.1353 0.6749 0.0000
vt 0.1224 0.6533 0.0000
vt 0.1197 0.6457 0.0000
vt 0.1532 0.6977 0.0000
vt 0.1421 0.3300 0.0000
vt 0.1594 0.3004 0.0000
vt 0.1633 0.2957 0.0000
vt 0.1942 0.7397 0.0000
vt 0.3202 0.1572 0.0000
vt 0.3443 0.1432 0.0000
vt 0.3538 0.1397 0.0000
vt 0.2219 0.7788 0.0000
vt 0.8543 0.3071 0.0000
vt 0.8677 0.3232 0.0000
vt 0.8746 0.3350 0.0000
vt 0.8135 0.7588 0.0000
vt 0.8864 0.3551 0.0000
vt 0.8921 0.3708 0.0000
vt 0.8609 0.7028 0.0000
vt 0.8469 0.7243 0.0000
vt 0.8378 0.7345 0.0000
vt 0.8227 0.7510 0.0000
vt 0.8698 0.6890 0.0000
vt 0.8818 0.6637 0.0000
vt 0.8897 0.6468 0.0000
vt 0.8989 0.6188 0.0000
vt 0.9052 0.5994 0.0000
vt 0.9107 0.5696 0.0000
vt 0.9147 0.5485 0.0000
vt 0.9158 0.5176 0.0000
vt 0.9165 0.4959 0.0000
vt 0.9137 0.4651 0.0000
vt 0.9118 0.4443 0.0000
vt 0.9055 0.4152 0.0000
vt 0.9015 0.3964 0.0000
vt 0.8468 0.2980 0.0000
vt 0.8328 0.2842 0.0000
vt 0.7979 0.7718 0.0000
vt 0.7889 0.7783 0.0000
vt 0.7731 0.7895 0.0000
vt 0.7645 0.7959 0.0000
vt 0.7492 0.8070 0.0000
vt 0.7413 0.8142 0.0000
vt 0.7268 0.8271 0.0000
vt 0.7186 0.8345 0.0000
vt 0.7030 0.8481 0.0000
vt 0.6936 0.8551 0.0000
vt 0.6753 0.8686 0.0000
vt 0.6639 0.8747 0.0000
vt 0.6407 0.8869 0.0000
vt 0.6266 0.8916 0.0000
vt 0.5964 0.9014 0.0000
vt 0.5809 0.9044 0.0000
vt 0.5458 0.9111 0.0000
vt 0.5299 0.9122 0.0000
vt 0.4920 0.9147 0.0000
vt 0.4768 0.9138 0.0000
vt 0.4383 0.9113 0.0000
vt 0.4245 0.9081 0.0000
vt 0.3879 0.8996 0.0000
vt 0.3757 0.8948 0.0000
vt 0.3422 0.8816 0.0000
vt 0.3317 0.8757 0.0000
vt 0.3022 0.8593 0.0000
vt 0.2937 0.8528 0.0000
vt 0.2694 0.8346 0.0000
vt 0.2631 0.8281 0.0000
vt 0.2448 0.8094 0.0000
vt 0.2400 0.8031 0.0000
vt 0.8252 0.2767 0.0000
vt 0.2258 0.7846 0.0000
vt 0.8118 0.2636 0.0000
vt 0.8047 0.2567 0.0000
vt 0.7928 0.2425 0.0000
vt 0.7867 0.2353 0.0000
vt 0.7744 0.2205 0.0000
vt 0.7683 0.2132 0.0000
vt 0.7536 0.1981 0.0000
vt 0.7466 0.1911 0.0000
vt 0.7275 0.1763 0.0000
vt 0.7187 0.1696 0.0000
vt 0.6929 0.1556 0.0000
vt 0.6817 0.1495 0.0000
vt 0.6506 0.1373 0.0000
vt 0.6376 0.1322 0.0000
vt 0.6024 0.1229 0.0000
vt 0.5885 0.1191 0.0000
vt 0.5506 0.1138 0.0000
vt 0.5364 0.1117 0.0000
vt 0.4973 0.1116 0.0000
vt 0.4833 0.1114 0.0000
vt 0.4450 0.1158 0.0000
vt 0.4319 0.1172 0.0000
vt 0.3963 0.1255 0.0000
vt 0.3847 0.1281 0.0000
vt 0.3133 0.1613 0.0000
vt 0.2940 0.1769 0.0000
vt 0.2888 0.1811 0.0000
vt 0.2723 0.1971 0.0000
vt 0.2098 0.7611 0.0000
vt 0.2681 0.2012 0.0000
vt 0.2061 0.7559 0.0000
vt 0.2522 0.2165 0.0000
vt 0.2484 0.2202 0.0000
vt 0.2309 0.2336 0.0000
vt 0.2268 0.2367 0.0000
vt 0.2085 0.2505 0.0000
vt 0.2043 0.2536 0.0000
vt 0.1856 0.2703 0.0000
vt 0.1816 0.2739 0.0000
vt 0.1386 0.3361 0.0000
vt 0.1235 0.3715 0.0000
vt 0.1900 0.7353 0.0000
vt 0.1206 0.3787 0.0000
vt 0.1088 0.4180 0.0000
vt 0.1066 0.4260 0.0000
vt 0.0994 0.4672 0.0000
vt 0.1762 0.7212 0.0000
vt 0.0979 0.4757 0.0000
vt 0.0964 0.5167 0.0000
vt 0.0961 0.5255 0.0000
vt 0.1719 0.7168 0.0000
vt 0.0994 0.5644 0.0000
vt 0.1573 0.7026 0.0000
vt 0.1001 0.5733 0.0000
vt 0.1074 0.6081 0.0000
vt 0.1092 0.6166 0.0000
vt 0.1389 0.6809 0.0000
vt 0.1822 0.2831 0.0000
vt 0.1714 0.2964 0.0000
vt 0.1612 0.3147 0.0000
vt 0.8487 0.2923 0.0000
vt 0.1333 0.6338 0.0000
vt 0.1393 0.6506 0.0000
vt 0.1481 0.6656 0.0000
vt 0.1653 0.6900 0.0000
vt 0.1556 0.6784 0.0000
vt 0.9034 0.3869 0.0000
vt 0.8915 0.3538 0.0000
vt 0.8880 0.3476 0.0000
vt 0.8692 0.3169 0.0000
vt 0.8531 0.2967 0.0000
vt 0.8734 0.3221 0.0000
vt 0.9062 0.3945 0.0000
vt 0.9145 0.4330 0.0000
vt 0.9163 0.4415 0.0000
vt 0.9201 0.4831 0.0000
vt 0.9209 0.4922 0.0000
vt 0.9193 0.5343 0.0000
vt 0.9190 0.5438 0.0000
vt 0.9114 0.5838 0.0000
vt 0.9096 0.5937 0.0000
vt 0.8975 0.6302 0.0000
vt 0.8942 0.6403 0.0000
vt 0.8792 0.6719 0.0000
vt 0.8744 0.6819 0.0000
vt 0.8578 0.7077 0.0000
vt 0.8519 0.7169 0.0000
vt 0.8347 0.7359 0.0000
vt 0.8280 0.7434 0.0000
vt 0.8109 0.7581 0.0000
vt 0.8037 0.7643 0.0000
vt 0.7870 0.7768 0.0000
vt 0.7795 0.7823 0.0000
vt 0.7636 0.7944 0.0000
vt 0.7561 0.8001 0.0000
vt 0.7414 0.8138 0.0000
vt 0.7342 0.8205 0.0000
vt 0.7190 0.8345 0.0000
vt 0.7110 0.8419 0.0000
vt 0.6936 0.8553 0.0000
vt 0.6839 0.8627 0.0000
vt 0.6626 0.8745 0.0000
vt 0.6499 0.8815 0.0000
vt 0.6234 0.8907 0.0000
vt 0.6064 0.8966 0.0000
vt 0.5770 0.9027 0.0000
vt 0.5565 0.9069 0.0000
vt 0.5262 0.9094 0.0000
vt 0.5034 0.9112 0.0000
vt 0.4741 0.9097 0.0000
vt 0.4503 0.9084 0.0000
vt 0.4235 0.9024 0.0000
vt 0.4003 0.8971 0.0000
vt 0.3766 0.8879 0.0000
vt 0.3549 0.8795 0.0000
vt 0.3346 0.8682 0.0000
vt 0.3152 0.8574 0.0000
vt 0.2989 0.8450 0.0000
vt 0.2827 0.8327 0.0000
vt 0.2707 0.8203 0.0000
vt 0.2586 0.8075 0.0000
vt 0.2496 0.7954 0.0000
vt 0.2401 0.7826 0.0000
vt 0.2327 0.7712 0.0000
vt 0.2247 0.7590 0.0000
vt 0.2175 0.7487 0.0000
vt 0.2096 0.7374 0.0000
vt 0.2014 0.7286 0.0000
vt 0.1921 0.7188 0.0000
vt 0.1835 0.7100 0.0000
vt 0.1736 0.7001 0.0000
vt 0.1261 0.6137 0.0000
vt 0.1219 0.5940 0.0000
vt 0.1169 0.5701 0.0000
vt 0.1149 0.5485 0.0000
vt 0.1126 0.5220 0.0000
vt 0.1131 0.4996 0.0000
vt 0.1138 0.4719 0.0000
vt 0.1173 0.4494 0.0000
vt 0.1215 0.4220 0.0000
vt 0.1275 0.4002 0.0000
vt 0.1345 0.3747 0.0000
vt 0.1425 0.3545 0.0000
vt 0.1515 0.3320 0.0000
vt 0.1930 0.2700 0.0000
vt 0.2046 0.2596 0.0000
vt 0.2154 0.2498 0.0000
vt 0.2272 0.2409 0.0000
vt 0.8322 0.2754 0.0000
vt 0.2378 0.2330 0.0000
vt 0.8278 0.2712 0.0000
vt 0.8120 0.2557 0.0000
vt 0.2494 0.2241 0.0000
vt 0.2592 0.2166 0.0000
vt 0.8081 0.2511 0.0000
vt 0.7941 0.2349 0.0000
vt 0.7899 0.2301 0.0000
vt 0.7756 0.2137 0.0000
vt 0.7706 0.2088 0.0000
vt 0.7538 0.1925 0.0000
vt 0.7471 0.1874 0.0000
vt 0.7259 0.1716 0.0000
vt 0.7167 0.1666 0.0000
vt 0.6891 0.1515 0.0000
vt 0.6776 0.1469 0.0000
vt 0.6454 0.1338 0.0000
vt 0.6319 0.1301 0.0000
vt 0.5967 0.1201 0.0000
vt 0.5816 0.1177 0.0000
vt 0.5451 0.1119 0.0000
vt 0.5288 0.1116 0.0000
vt 0.4926 0.1107 0.0000
vt 0.4757 0.1124 0.0000
vt 0.2701 0.2061 0.0000
vt 0.4416 0.1157 0.0000
vt 0.4251 0.1194 0.0000
vt 0.2788 0.1977 0.0000
vt 0.3947 0.1259 0.0000
vt 0.3798 0.1313 0.0000
vt 0.2906 0.1863 0.0000
vt 0.2994 0.1777 0.0000
vt 0.3138 0.1662 0.0000
vt 0.3546 0.1404 0.0000
vt 0.3425 0.1474 0.0000
vt 0.3238 0.1581 0.0000
# 710 texture coords

o Object004
g Object004
usemtl wire_177148027
s 1
f 2564/3313/2433 2565/3314/2434 2566/3315/2435 2567/3316/2436 
f 2564/3313/2433 2567/3316/2436 2568/3317/2437 
f 2569/3318/2438 2568/3317/2437 2567/3316/2436 2570/3319/2439 
f 2569/3318/2438 2570/3319/2439 2571/3320/2440 
f 2572/3321/2441 2571/3320/2440 2570/3319/2439 2573/3322/2442 
f 2572/3321/2441 2573/3322/2442 2574/3323/2443 
f 2575/3324/2444 2574/3323/2443 2573/3322/2442 2576/3325/2445 
f 2575/3324/2444 2576/3325/2445 2577/3326/2446 
f 2578/3327/2447 2577/3326/2446 2576/3325/2445 2579/3328/2448 
f 2578/3327/2447 2579/3328/2448 2580/3329/2449 
f 2581/3330/2450 2580/3329/2449 2579/3328/2448 2582/3331/2451 
f 2581/3330/2450 2582/3331/2451 2583/3332/2452 
f 2584/3333/2453 2585/3334/2454 2586/3335/2455 2587/3336/2456 
f 2588/3337/2457 2584/3333/2453 2587/3336/2456 
f 2586/3335/2455 2589/3338/2458 2590/3339/2459 2587/3336/2456 
f 2589/3338/2458 2591/3340/2460 2592/3341/2461 2590/3339/2459 
f 2593/3342/2462 2594/3343/2463 2591/3340/2460 2595/3344/2464 
f 2593/3342/2462 2595/3344/2464 2596/3345/2465 
f 2591/3340/2460 2589/3338/2458 2597/3346/2466 2595/3344/2464 
f 2598/3347/2467 2599/3348/2468 2595/3344/2464 2597/3346/2466 
f 2600/3349/2469 2601/3350/2470 2599/3348/2468 2598/3347/2467 
f 2602/3351/2471 2603/3352/2472 2601/3350/2470 2600/3349/2469 
f 2604/3353/2473 2605/3354/2474 2603/3352/2472 2602/3351/2471 
f 2606/3355/2475 2607/3356/2476 2605/3354/2474 2604/3353/2473 
f 2608/3357/2477 2609/3358/2478 2607/3356/2476 2606/3355/2475 
f 2610/3359/2479 2611/3360/2480 2609/3358/2478 2608/3357/2477 
f 2612/3361/2481 2613/3362/2482 2611/3360/2480 2610/3359/2479 
f 2614/3363/2483 2615/3364/2484 2613/3362/2482 2612/3361/2481 
f 2616/3365/2485 2617/3366/2486 2615/3364/2484 2614/3363/2483 
f 2618/3367/2487 2619/3368/2488 2617/3366/2486 2616/3365/2485 
f 2620/3369/2489 2621/3370/2490 2619/3368/2488 2618/3367/2487 
f 2622/3371/2491 2623/3372/2492 2621/3370/2490 2620/3369/2489 
f 2624/3373/2493 2625/3374/2494 2623/3372/2492 2622/3371/2491 
f 2626/3375/2495 2627/3376/2496 2623/3372/2492 2625/3374/2494 
f 2626/3375/2495 2625/3374/2494 2628/3377/2497 
f 2629/3378/2498 2628/3377/2497 2625/3374/2494 2630/3379/2499 
f 2629/3378/2498 2630/3379/2499 2631/3380/2500 
f 2632/3381/2501 2631/3380/2500 2630/3379/2499 2633/3382/2502 
f 2632/3381/2501 2633/3382/2502 2634/3383/2503 
f 2635/3384/2504 2634/3383/2503 2633/3382/2502 2636/3385/2505 
f 2635/3384/2504 2636/3385/2505 2637/3386/2506 
f 2638/3387/2507 2637/3386/2506 2636/3385/2505 2639/3388/2508 
f 2638/3387/2507 2639/3388/2508 2640/3389/2509 
f 2641/3390/2510 2640/3389/2509 2639/3388/2508 2642/3391/2511 
f 2641/3390/2510 2642/3391/2511 2643/3392/2512 
f 2644/3393/2513 2643/3392/2512 2642/3391/2511 2645/3394/2514 
f 2644/3393/2513 2645/3394/2514 2646/3395/2515 
f 2647/3396/2516 2646/3395/2515 2645/3394/2514 2648/3397/2517 
f 2647/3396/2516 2648/3397/2517 2649/3398/2518 
f 2650/3399/2519 2649/3398/2518 2648/3397/2517 2651/3400/2520 
f 2650/3399/2519 2651/3400/2520 2652/3401/2521 
f 2653/3402/2522 2652/3401/2521 2651/3400/2520 2654/3403/2523 
f 2653/3402/2522 2654/3403/2523 2655/3404/2524 
f 2656/3405/2525 2655/3404/2524 2654/3403/2523 2657/3406/2526 
f 2656/3405/2525 2657/3406/2526 2658/3407/2527 
f 2659/3408/2528 2658/3407/2527 2657/3406/2526 2660/3409/2529 
f 2659/3408/2528 2660/3409/2529 2661/3410/2530 
f 2662/3411/2531 2661/3410/2530 2660/3409/2529 2663/3412/2532 
f 2662/3411/2531 2663/3412/2532 2664/3413/2533 
f 2665/3414/2534 2664/3413/2533 2663/3412/2532 2666/3415/2535 
f 2665/3414/2534 2666/3415/2535 2667/3416/2536 
f 2668/3417/2537 2667/3416/2536 2666/3415/2535 2669/3418/2538 
f 2668/3417/2537 2669/3418/2538 2670/3419/2539 
f 2671/3420/2540 2670/3419/2539 2669/3418/2538 2672/3421/2541 
f 2671/3420/2540 2672/3421/2541 2673/3422/2542 
f 2674/3423/2543 2673/3422/2542 2672/3421/2541 2675/3424/2544 
f 2674/3423/2543 2675/3424/2544 2676/3425/2545 
f 2677/3426/2546 2676/3425/2545 2675/3424/2544 2678/3427/2547 
f 2677/3426/2546 2678/3427/2547 2679/3428/2548 
f 2680/3429/2549 2679/3428/2548 2678/3427/2547 2681/3430/2550 
f 2680/3429/2549 2681/3430/2550 2682/3431/2551 
f 2683/3432/2552 2682/3431/2551 2681/3430/2550 2684/3433/2553 
f 2683/3432/2552 2684/3433/2553 2685/3434/2554 
f 2686/3435/2555 2685/3434/2554 2684/3433/2553 2687/3436/2556 
f 2686/3435/2555 2687/3436/2556 2688/3437/2557 
f 2689/3438/2558 2688/3437/2557 2687/3436/2556 2690/3439/2559 
f 2689/3438/2558 2690/3439/2559 2691/3440/2560 
f 2692/3441/2561 2691/3440/2560 2690/3439/2559 2693/3442/2562 
f 2692/3441/2561 2693/3442/2562 2694/3443/2563 
f 2695/3444/2564 2694/3443/2563 2693/3442/2562 2696/3445/2565 
f 2695/3444/2564 2696/3445/2565 2697/3446/2566 
f 2698/3447/2567 2697/3446/2566 2696/3445/2565 2699/3448/2568 
f 2698/3447/2567 2699/3448/2568 2700/3449/2569 
f 2701/3450/2570 2700/3449/2569 2699/3448/2568 2702/3451/2571 
f 2701/3450/2570 2702/3451/2571 2703/3452/2572 
f 2704/3453/2573 2703/3452/2572 2702/3451/2571 2705/3454/2574 
f 2704/3453/2573 2705/3454/2574 2706/3455/2575 
f 2707/3456/2576 2706/3455/2575 2705/3454/2574 2708/3457/2577 
f 2707/3456/2576 2708/3457/2577 2709/3458/2578 
f 2710/3459/2579 2709/3458/2578 2708/3457/2577 2711/3460/2580 
f 2710/3459/2579 2711/3460/2580 2712/3461/2581 
f 2713/3462/2582 2712/3461/2581 2711/3460/2580 2714/3463/2583 
f 2713/3462/2582 2714/3463/2583 2715/3464/2584 
f 2716/3465/2585 2715/3464/2584 2714/3463/2583 2717/3466/2586 
f 2716/3465/2585 2717/3466/2586 2718/3467/2587 
f 2719/3468/2588 2718/3467/2587 2717/3466/2586 2720/3469/2589 
f 2719/3468/2588 2720/3469/2589 2721/3470/2590 
f 2722/3471/2591 2721/3472/2590 2720/3473/2589 2723/3474/2592 
f 2722/3471/2591 2723/3474/2592 2724/3475/2593 
f 2725/3476/2594 2724/3475/2593 2723/3474/2592 2726/3477/2595 
f 2725/3476/2594 2726/3477/2595 2727/3478/2596 
f 2728/3479/2597 2727/3478/2596 2726/3477/2595 2729/3480/2598 
f 2728/3479/2597 2729/3480/2598 2730/3481/2599 
f 2731/3482/2600 2730/3481/2599 2729/3480/2598 2732/3483/2601 
f 2731/3482/2600 2732/3483/2601 2733/3484/2602 
f 2734/3485/2603 2733/3484/2602 2732/3483/2601 2735/3486/2604 
f 2734/3485/2603 2735/3486/2604 2736/3487/2605 
f 2737/3488/2606 2736/3487/2605 2735/3486/2604 2738/3489/2607 
f 2737/3488/2606 2738/3489/2607 2739/3490/2608 
f 2740/3491/2609 2739/3490/2608 2738/3489/2607 2741/3492/2610 
f 2740/3491/2609 2741/3492/2610 2742/3493/2611 
f 2743/3494/2612 2742/3493/2611 2741/3492/2610 2744/3495/2613 
f 2743/3494/2612 2744/3495/2613 2745/3496/2614 
f 2746/3497/2615 2745/3496/2614 2744/3495/2613 2747/3498/2616 
f 2746/3497/2615 2747/3498/2616 2748/3499/2617 
f 2749/3500/2618 2748/3499/2617 2747/3498/2616 2750/3501/2619 
f 2749/3500/2618 2750/3501/2619 2751/3502/2620 
f 2752/3503/2621 2751/3502/2620 2750/3501/2619 2753/3504/2622 
f 2752/3503/2621 2753/3504/2622 2754/3505/2623 
f 2755/3506/2624 2754/3505/2623 2753/3504/2622 2756/3507/2625 
f 2755/3506/2624 2756/3507/2625 2757/3508/2626 
f 2758/3509/2627 2757/3508/2626 2756/3507/2625 2759/3510/2628 
f 2758/3509/2627 2759/3510/2628 2760/3511/2629 
f 2761/3512/2630 2760/3511/2629 2759/3510/2628 2762/3513/2631 
f 2761/3512/2630 2762/3513/2631 2763/3514/2632 
f 2764/3515/2633 2763/3514/2632 2762/3513/2631 2765/3516/2634 
f 2764/3515/2633 2765/3516/2634 2766/3517/2635 
f 2767/3518/2636 2766/3517/2635 2765/3516/2634 2768/3519/2637 
f 2767/3518/2636 2768/3519/2637 2769/3520/2638 
f 2770/3521/2639 2769/3520/2638 2768/3519/2637 2592/3341/2461 
f 2770/3521/2639 2592/3341/2461 2771/3522/2640 
f 2765/3516/2634 2772/3523/2641 2773/3524/2642 2768/3519/2637 
f 2772/3523/2641 2774/3525/2643 2775/3526/2644 2773/3524/2642 
f 2776/3527/2645 2777/3528/2646 2774/3525/2643 2772/3523/2641 
f 2778/3529/2647 2779/3530/2648 2777/3528/2646 2776/3527/2645 
f 2780/3531/2649 2781/3532/2650 2779/3530/2648 2778/3529/2647 
f 2782/3533/2651 2783/3534/2652 2781/3532/2650 2780/3531/2649 
f 2784/3535/2653 2785/3536/2654 2783/3534/2652 2782/3533/2651 
f 2786/3537/2655 2787/3538/2656 2785/3536/2654 2784/3535/2653 
f 2788/3539/2657 2789/3540/2658 2787/3538/2656 2786/3537/2655 
f 2790/3541/2659 2791/3542/2660 2789/3540/2658 2788/3539/2657 
f 2792/3543/2661 2793/3544/2662 2791/3542/2660 2790/3541/2659 
f 2794/3545/2663 2795/3546/2664 2793/3544/2662 2792/3543/2661 
f 2796/3547/2665 2797/3548/2666 2795/3546/2664 2794/3545/2663 
f 2798/3549/2667 2799/3550/2668 2797/3548/2666 2796/3547/2665 
f 2800/3551/2669 2801/3552/2670 2799/3550/2668 2798/3549/2667 
f 2802/3553/2671 2803/3554/2672 2801/3552/2670 2800/3551/2669 
f 2804/3555/2673 2805/3556/2674 2803/3554/2672 2802/3553/2671 
f 2806/3557/2675 2807/3558/2676 2805/3559/2674 2804/3560/2673 
f 2808/3561/2677 2809/3562/2678 2807/3558/2676 2806/3557/2675 
f 2810/3563/2679 2811/3564/2680 2809/3562/2678 2808/3561/2677 
f 2812/3565/2681 2813/3566/2682 2811/3564/2680 2810/3563/2679 
f 2814/3567/2683 2815/3568/2684 2813/3566/2682 2812/3565/2681 
f 2816/3569/2685 2817/3570/2686 2815/3568/2684 2814/3567/2683 
f 2818/3571/2687 2819/3572/2688 2817/3570/2686 2816/3569/2685 
f 2820/3573/2689 2821/3574/2690 2819/3572/2688 2818/3571/2687 
f 2822/3575/2691 2823/3576/2692 2821/3574/2690 2820/3573/2689 
f 2824/3577/2693 2825/3578/2694 2823/3576/2692 2822/3575/2691 
f 2826/3579/2695 2827/3580/2696 2825/3578/2694 2824/3577/2693 
f 2828/3581/2697 2829/3582/2698 2827/3580/2696 2826/3579/2695 
f 2830/3583/2699 2831/3584/2700 2829/3582/2698 2828/3581/2697 
f 2832/3585/2701 2833/3586/2702 2829/3582/2698 2831/3584/2700 
f 2832/3585/2701 2831/3584/2700 2834/3587/2703 
f 2835/3588/2704 2834/3587/2703 2831/3584/2700 2836/3589/2705 
f 2835/3588/2704 2836/3589/2705 2837/3590/2706 
f 2838/3591/2707 2837/3590/2706 2836/3589/2705 2839/3592/2708 
f 2838/3591/2707 2839/3592/2708 2840/3593/2709 
f 2841/3594/2710 2840/3593/2709 2839/3592/2708 2842/3595/2711 
f 2841/3594/2710 2842/3595/2711 2843/3596/2712 
f 2844/3597/2713 2843/3596/2712 2842/3595/2711 2845/3598/2714 
f 2844/3597/2713 2845/3598/2714 2846/3599/2715 
f 2847/3600/2716 2846/3599/2715 2845/3598/2714 2848/3601/2717 
f 2847/3600/2716 2848/3601/2717 2849/3602/2718 
f 2850/3603/2719 2849/3602/2718 2848/3601/2717 2851/3604/2720 
f 2850/3603/2719 2851/3604/2720 2852/3605/2721 
f 2853/3606/2722 2852/3605/2721 2851/3604/2720 2854/3607/2723 
f 2853/3606/2722 2854/3607/2723 2855/3608/2724 
f 2856/3609/2725 2855/3608/2724 2854/3607/2723 2857/3610/2726 
f 2856/3609/2725 2857/3610/2726 2858/3611/2727 
f 2859/3612/2728 2858/3611/2727 2857/3610/2726 2860/3613/2729 
f 2859/3612/2728 2860/3613/2729 2861/3614/2730 
f 2862/3615/2731 2861/3614/2730 2860/3613/2729 2863/3616/2732 
f 2862/3615/2731 2863/3616/2732 2864/3617/2733 
f 2865/3618/2734 2864/3617/2733 2863/3616/2732 2866/3619/2735 
f 2865/3618/2734 2866/3619/2735 2867/3620/2736 
f 2868/3621/2737 2867/3620/2736 2866/3619/2735 2869/3622/2738 
f 2868/3621/2737 2869/3622/2738 2870/3623/2739 
f 2871/3624/2740 2870/3623/2739 2869/3622/2738 2872/3625/2741 
f 2871/3624/2740 2872/3625/2741 2873/3626/2742 
f 2874/3627/2743 2873/3626/2742 2872/3625/2741 2875/3628/2744 
f 2874/3627/2743 2875/3628/2744 2876/3629/2745 
f 2877/3630/2746 2876/3629/2745 2875/3628/2744 2878/3631/2747 
f 2877/3630/2746 2878/3631/2747 2879/3632/2748 
f 2880/3633/2749 2879/3632/2748 2878/3631/2747 2881/3634/2750 
f 2880/3633/2749 2881/3634/2750 2882/3635/2751 
f 2883/3636/2752 2882/3635/2751 2881/3634/2750 2884/3637/2753 
f 2883/3636/2752 2884/3637/2753 2885/3638/2754 
f 2886/3639/2755 2885/3638/2754 2884/3637/2753 2887/3640/2756 
f 2886/3639/2755 2887/3640/2756 2888/3641/2757 
f 2889/3642/2758 2888/3641/2757 2887/3640/2756 2566/3315/2435 
f 2889/3642/2758 2566/3315/2435 2565/3314/2434 
f 2887/3640/2756 2624/3373/2493 2622/3371/2491 2566/3315/2435 
f 2884/3637/2753 2890/3643/2759 2624/3373/2493 2887/3640/2756 
f 2881/3634/2750 2891/3644/2760 2890/3643/2759 2884/3637/2753 
f 2891/3644/2760 2633/3382/2502 2630/3379/2499 2890/3643/2759 
f 2878/3631/2747 2892/3645/2761 2891/3644/2760 2881/3634/2750 
f 2892/3645/2761 2636/3385/2505 2633/3382/2502 2891/3644/2760 
f 2875/3628/2744 2893/3646/2762 2892/3645/2761 2878/3631/2747 
f 2893/3646/2762 2639/3388/2508 2636/3385/2505 2892/3645/2761 
f 2872/3625/2741 2894/3647/2763 2893/3646/2762 2875/3628/2744 
f 2894/3647/2763 2642/3391/2511 2639/3388/2508 2893/3646/2762 
f 2869/3622/2738 2895/3648/2764 2894/3647/2763 2872/3625/2741 
f 2895/3648/2764 2645/3394/2514 2642/3391/2511 2894/3647/2763 
f 2866/3619/2735 2896/3649/2765 2895/3648/2764 2869/3622/2738 
f 2896/3649/2765 2648/3397/2517 2645/3394/2514 2895/3648/2764 
f 2863/3616/2732 2897/3650/2766 2896/3649/2765 2866/3619/2735 
f 2897/3650/2766 2651/3400/2520 2648/3397/2517 2896/3649/2765 
f 2860/3613/2729 2898/3651/2767 2897/3650/2766 2863/3616/2732 
f 2898/3651/2767 2654/3403/2523 2651/3400/2520 2897/3650/2766 
f 2857/3610/2726 2899/3652/2768 2898/3651/2767 2860/3613/2729 
f 2899/3652/2768 2657/3406/2526 2654/3403/2523 2898/3651/2767 
f 2854/3607/2723 2900/3653/2769 2899/3652/2768 2857/3610/2726 
f 2900/3653/2769 2660/3409/2529 2657/3406/2526 2899/3652/2768 
f 2851/3604/2720 2901/3654/2770 2900/3653/2769 2854/3607/2723 
f 2901/3654/2770 2663/3412/2532 2660/3409/2529 2900/3653/2769 
f 2848/3601/2717 2902/3655/2771 2901/3654/2770 2851/3604/2720 
f 2902/3655/2771 2666/3415/2535 2663/3412/2532 2901/3654/2770 
f 2845/3598/2714 2903/3656/2772 2902/3655/2771 2848/3601/2717 
f 2903/3656/2772 2669/3418/2538 2666/3415/2535 2902/3655/2771 
f 2842/3595/2711 2904/3657/2773 2903/3656/2772 2845/3598/2714 
f 2904/3657/2773 2672/3421/2541 2669/3418/2538 2903/3656/2772 
f 2839/3592/2708 2905/3658/2774 2904/3657/2773 2842/3595/2711 
f 2905/3658/2774 2675/3424/2544 2672/3421/2541 2904/3657/2773 
f 2836/3589/2705 2906/3659/2775 2905/3658/2774 2839/3592/2708 
f 2906/3659/2775 2678/3427/2547 2675/3424/2544 2905/3658/2774 
f 2831/3584/2700 2830/3583/2699 2906/3659/2775 2836/3589/2705 
f 2830/3583/2699 2681/3430/2550 2678/3427/2547 2906/3659/2775 
f 2828/3581/2697 2684/3433/2553 2681/3430/2550 2830/3583/2699 
f 2826/3579/2695 2687/3436/2556 2684/3433/2553 2828/3581/2697 
f 2824/3577/2693 2690/3439/2559 2687/3436/2556 2826/3579/2695 
f 2822/3575/2691 2693/3442/2562 2690/3439/2559 2824/3577/2693 
f 2820/3573/2689 2696/3445/2565 2693/3442/2562 2822/3575/2691 
f 2818/3571/2687 2699/3448/2568 2696/3445/2565 2820/3573/2689 
f 2816/3569/2685 2702/3451/2571 2699/3448/2568 2818/3571/2687 
f 2814/3567/2683 2705/3454/2574 2702/3451/2571 2816/3569/2685 
f 2812/3565/2681 2708/3457/2577 2705/3454/2574 2814/3567/2683 
f 2810/3563/2679 2711/3460/2580 2708/3457/2577 2812/3565/2681 
f 2808/3561/2677 2714/3463/2583 2711/3460/2580 2810/3563/2679 
f 2806/3557/2675 2717/3466/2586 2714/3463/2583 2808/3561/2677 
f 2804/3560/2673 2720/3469/2589 2717/3466/2586 2806/3557/2675 
f 2720/3473/2589 2804/3555/2673 2802/3553/2671 2723/3660/2592 
f 2800/3551/2669 2726/3477/2595 2723/3474/2592 2802/3553/2671 
f 2798/3549/2667 2729/3480/2598 2726/3477/2595 2800/3551/2669 
f 2796/3547/2665 2732/3483/2601 2729/3480/2598 2798/3549/2667 
f 2794/3545/2663 2735/3486/2604 2732/3483/2601 2796/3547/2665 
f 2792/3543/2661 2738/3489/2607 2735/3486/2604 2794/3545/2663 
f 2790/3541/2659 2741/3492/2610 2738/3489/2607 2792/3543/2661 
f 2788/3539/2657 2744/3495/2613 2741/3492/2610 2790/3541/2659 
f 2786/3537/2655 2747/3498/2616 2744/3495/2613 2788/3539/2657 
f 2784/3535/2653 2750/3501/2619 2747/3498/2616 2786/3537/2655 
f 2782/3533/2651 2753/3504/2622 2750/3501/2619 2784/3535/2653 
f 2780/3531/2649 2756/3507/2625 2753/3504/2622 2782/3533/2651 
f 2778/3529/2647 2759/3510/2628 2756/3507/2625 2780/3531/2649 
f 2776/3527/2645 2762/3513/2631 2759/3510/2628 2778/3529/2647 
f 2772/3523/2641 2765/3516/2634 2762/3513/2631 2776/3527/2645 
f 2587/3336/2456 2590/3339/2459 2773/3524/2642 2775/3526/2644 
f 2590/3339/2459 2592/3341/2461 2768/3519/2637 2773/3524/2642 
f 2625/3374/2494 2624/3373/2493 2890/3643/2759 2630/3379/2499 
f 2620/3369/2489 2567/3316/2436 2566/3315/2435 2622/3371/2491 
f 2618/3367/2487 2570/3319/2439 2567/3316/2436 2620/3369/2489 
f 2616/3365/2485 2573/3322/2442 2570/3319/2439 2618/3367/2487 
f 2614/3363/2483 2576/3325/2445 2573/3322/2442 2616/3365/2485 
f 2612/3361/2481 2579/3328/2448 2576/3325/2445 2614/3363/2483 
f 2610/3359/2479 2582/3331/2451 2579/3328/2448 2612/3361/2481 
f 2608/3357/2477 2907/3661/2776 2582/3331/2451 2610/3359/2479 
f 2606/3355/2475 2908/3662/2777 2907/3661/2776 2608/3357/2477 
f 2604/3353/2473 2909/3663/2778 2908/3662/2777 2606/3355/2475 
f 2602/3351/2471 2910/3664/2779 2909/3663/2778 2604/3353/2473 
f 2600/3349/2469 2911/3665/2780 2910/3664/2779 2602/3351/2471 
f 2598/3347/2467 2912/3666/2781 2911/3665/2780 2600/3349/2469 
f 2597/3346/2466 2913/3667/2782 2912/3666/2781 2598/3347/2467 
f 2589/3338/2458 2586/3335/2455 2913/3667/2782 2597/3346/2466 
f 2914/3668/2783 2915/3669/2784 2621/3370/2490 2623/3372/2492 
f 2627/3376/2496 2914/3668/2783 2623/3372/2492 
f 2916/3670/2785 2917/3671/2786 2619/3368/2488 2621/3370/2490 
f 2915/3669/2784 2916/3670/2785 2621/3370/2490 
f 2918/3672/2787 2919/3673/2788 2617/3366/2486 2619/3368/2488 
f 2917/3671/2786 2918/3672/2787 2619/3368/2488 
f 2920/3674/2789 2921/3675/2790 2615/3364/2484 2617/3366/2486 
f 2919/3673/2788 2920/3674/2789 2617/3366/2486 
f 2922/3676/2791 2923/3677/2792 2613/3362/2482 2615/3364/2484 
f 2921/3675/2790 2922/3676/2791 2615/3364/2484 
f 2924/3678/2793 2925/3679/2794 2611/3360/2480 2613/3362/2482 
f 2923/3677/2792 2924/3678/2793 2613/3362/2482 
f 2926/3680/2795 2927/3681/2796 2609/3358/2478 2611/3360/2480 
f 2925/3679/2794 2926/3680/2795 2611/3360/2480 
f 2928/3682/2797 2929/3683/2798 2607/3356/2476 2609/3358/2478 
f 2927/3681/2796 2928/3682/2797 2609/3358/2478 
f 2930/3684/2799 2931/3685/2800 2605/3354/2474 2607/3356/2476 
f 2929/3683/2798 2930/3684/2799 2607/3356/2476 
f 2932/3686/2801 2933/3687/2802 2603/3352/2472 2605/3354/2474 
f 2931/3685/2800 2932/3686/2801 2605/3354/2474 
f 2934/3688/2803 2935/3689/2804 2601/3350/2470 2603/3352/2472 
f 2933/3687/2802 2934/3688/2803 2603/3352/2472 
f 2936/3690/2805 2937/3691/2806 2599/3348/2468 2601/3350/2470 
f 2935/3689/2804 2936/3690/2805 2601/3350/2470 
f 2938/3692/2807 2596/3345/2465 2595/3344/2464 2599/3348/2468 
f 2937/3691/2806 2938/3692/2807 2599/3348/2468 
f 2939/3693/2808 2771/3522/2640 2592/3341/2461 2591/3340/2460 
f 2594/3343/2463 2939/3693/2808 2591/3340/2460 
f 2940/3694/2809 2941/3695/2810 2913/3667/2782 2586/3335/2455 
f 2585/3334/2454 2940/3694/2809 2586/3335/2455 
f 2942/3696/2811 2943/3697/2812 2912/3666/2781 2913/3667/2782 
f 2941/3695/2810 2942/3696/2811 2913/3667/2782 
f 2944/3698/2813 2945/3699/2814 2911/3665/2780 2912/3666/2781 
f 2943/3697/2812 2944/3698/2813 2912/3666/2781 
f 2946/3700/2815 2947/3701/2816 2910/3664/2779 2911/3665/2780 
f 2945/3699/2814 2946/3700/2815 2911/3665/2780 
f 2948/3702/2817 2949/3703/2818 2909/3663/2778 2910/3664/2779 
f 2947/3701/2816 2948/3702/2817 2910/3664/2779 
f 2950/3704/2819 2951/3705/2820 2908/3662/2777 2909/3663/2778 
f 2949/3703/2818 2950/3704/2819 2909/3663/2778 
f 2952/3706/2821 2953/3707/2822 2907/3661/2776 2908/3662/2777 
f 2951/3705/2820 2952/3706/2821 2908/3662/2777 
f 2954/3708/2823 2583/3332/2452 2582/3331/2451 2907/3661/2776 
f 2953/3707/2822 2954/3708/2823 2907/3661/2776 
f 2955/3709/2824 2956/3710/2825 2827/3580/2696 2829/3582/2698 
f 2833/3586/2702 2955/3709/2824 2829/3582/2698 
f 2957/3711/2826 2958/3712/2827 2825/3578/2694 2827/3580/2696 
f 2956/3710/2825 2957/3711/2826 2827/3580/2696 
f 2959/3713/2828 2960/3714/2829 2823/3576/2692 2825/3578/2694 
f 2958/3712/2827 2959/3713/2828 2825/3578/2694 
f 2961/3715/2830 2962/3716/2831 2821/3574/2690 2823/3576/2692 
f 2960/3714/2829 2961/3715/2830 2823/3576/2692 
f 2963/3717/2832 2964/3718/2833 2819/3572/2688 2821/3574/2690 
f 2962/3716/2831 2963/3717/2832 2821/3574/2690 
f 2965/3719/2834 2966/3720/2835 2817/3570/2686 2819/3572/2688 
f 2964/3718/2833 2965/3719/2834 2819/3572/2688 
f 2967/3721/2836 2968/3722/2837 2815/3568/2684 2817/3570/2686 
f 2966/3720/2835 2967/3721/2836 2817/3570/2686 
f 2969/3723/2838 2970/3724/2839 2813/3566/2682 2815/3568/2684 
f 2968/3722/2837 2969/3723/2838 2815/3568/2684 
f 2971/3725/2840 2972/3726/2841 2811/3564/2680 2813/3566/2682 
f 2970/3724/2839 2971/3725/2840 2813/3566/2682 
f 2973/3727/2842 2974/3728/2843 2809/3562/2678 2811/3564/2680 
f 2972/3726/2841 2973/3727/2842 2811/3564/2680 
f 2975/3729/2844 2976/3730/2845 2807/3558/2676 2809/3562/2678 
f 2974/3728/2843 2975/3729/2844 2809/3562/2678 
f 2977/3731/2846 2978/3732/2847 2805/3559/2674 2807/3558/2676 
f 2976/3730/2845 2977/3731/2846 2807/3558/2676 
f 2979/3733/2848 2980/3734/2849 2803/3554/2672 2805/3556/2674 
f 2978/3735/2847 2979/3733/2848 2805/3556/2674 
f 2981/3736/2850 2982/3737/2851 2801/3552/2670 2803/3554/2672 
f 2980/3734/2849 2981/3736/2850 2803/3554/2672 
f 2983/3738/2852 2984/3739/2853 2799/3550/2668 2801/3552/2670 
f 2982/3737/2851 2983/3738/2852 2801/3552/2670 
f 2985/3740/2854 2986/3741/2855 2797/3548/2666 2799/3550/2668 
f 2984/3739/2853 2985/3740/2854 2799/3550/2668 
f 2987/3742/2856 2988/3743/2857 2795/3546/2664 2797/3548/2666 
f 2986/3741/2855 2987/3742/2856 2797/3548/2666 
f 2989/3744/2858 2990/3745/2859 2793/3544/2662 2795/3546/2664 
f 2988/3743/2857 2989/3744/2858 2795/3546/2664 
f 2991/3746/2860 2992/3747/2861 2791/3542/2660 2793/3544/2662 
f 2990/3745/2859 2991/3746/2860 2793/3544/2662 
f 2993/3748/2862 2994/3749/2863 2789/3540/2658 2791/3542/2660 
f 2992/3747/2861 2993/3748/2862 2791/3542/2660 
f 2995/3750/2864 2996/3751/2865 2787/3538/2656 2789/3540/2658 
f 2994/3749/2863 2995/3750/2864 2789/3540/2658 
f 2997/3752/2866 2998/3753/2867 2785/3536/2654 2787/3538/2656 
f 2996/3751/2865 2997/3752/2866 2787/3538/2656 
f 2999/3754/2868 3000/3755/2869 2783/3534/2652 2785/3536/2654 
f 2998/3753/2867 2999/3754/2868 2785/3536/2654 
f 3001/3756/2870 3002/3757/2871 2781/3532/2650 2783/3534/2652 
f 3000/3755/2869 3001/3756/2870 2783/3534/2652 
f 3003/3758/2872 3004/3759/2873 2779/3530/2648 2781/3532/2650 
f 3002/3757/2871 3003/3758/2872 2781/3532/2650 
f 3005/3760/2874 3006/3761/2875 2777/3528/2646 2779/3530/2648 
f 3004/3759/2873 3005/3760/2874 2779/3530/2648 
f 3007/3762/2876 3008/3763/2877 2774/3525/2643 2777/3528/2646 
f 3006/3761/2875 3007/3762/2876 2777/3528/2646 
f 3009/3764/2878 3010/3765/2879 2775/3526/2644 2774/3525/2643 
f 3008/3763/2877 3009/3764/2878 2774/3525/2643 
f 3011/3766/2880 2588/3337/2457 2587/3336/2456 2775/3526/2644 
f 3010/3765/2879 3011/3766/2880 2775/3526/2644 
s 2
f 2963/3767/2832 2962/3768/2831 2961/3769/2830 2965/3770/2834 
f 2841/3771/2710 2843/3772/2712 2844/3773/2713 2970/3774/2839 
f 2865/3775/2734 2867/3776/2736 2868/3777/2737 2973/3778/2842 
f 2954/3779/2823 2953/3780/2822 2952/3781/2821 3007/3782/2876 
f 2952/3781/2821 2951/3783/2820 2950/3784/2819 3007/3782/2876 
f 3011/3785/2880 3010/3786/2879 3009/3787/2878 3008/3788/2877 
f 3011/3785/2880 3008/3788/2877 3007/3782/2876 2588/3789/2457 
f 2584/3790/2453 2588/3789/2457 3007/3782/2876 2585/3791/2454 
f 2940/3792/2809 2585/3791/2454 3007/3782/2876 2941/3793/2810 
f 2942/3794/2811 2941/3793/2810 3007/3782/2876 2943/3795/2812 
f 2944/3796/2813 2943/3795/2812 3007/3782/2876 2945/3797/2814 
f 2946/3798/2815 2945/3797/2814 3007/3782/2876 2947/3799/2816 
f 2948/3800/2817 2947/3799/2816 3007/3782/2876 2949/3801/2818 
f 2950/3784/2819 2949/3801/2818 3007/3782/2876 
f 2583/3802/2452 2954/3779/2823 3007/3782/2876 2581/3803/2450 
f 2581/3803/2450 3007/3782/2876 3006/3804/2875 3005/3805/2874 
f 2581/3803/2450 3005/3805/2874 3004/3806/2873 3003/3807/2872 
f 2581/3803/2450 3003/3807/2872 3002/3808/2871 3001/3809/2870 
f 2581/3803/2450 3001/3809/2870 3000/3810/2869 2999/3811/2868 
f 2581/3803/2450 2999/3811/2868 2998/3812/2867 2997/3813/2866 
f 2581/3803/2450 2997/3813/2866 2996/3814/2865 2995/3815/2864 
f 2995/3815/2864 2994/3816/2863 2993/3817/2862 2581/3803/2450 
f 2581/3803/2450 2993/3817/2862 2992/3818/2861 2991/3819/2860 
f 2581/3803/2450 2991/3819/2860 2990/3820/2859 2989/3821/2858 
f 2581/3803/2450 2989/3821/2858 2988/3822/2857 2987/3823/2856 
f 2987/3823/2856 2986/3824/2855 2985/3825/2854 2581/3803/2450 
f 2581/3803/2450 2985/3825/2854 2984/3826/2853 2983/3827/2852 
f 2581/3803/2450 2983/3827/2852 2982/3828/2851 2981/3829/2850 
f 2581/3803/2450 2981/3829/2850 2980/3830/2849 2979/3831/2848 
f 2581/3803/2450 2979/3831/2848 2978/3832/2847 2977/3833/2846 
f 2581/3803/2450 2977/3833/2846 2976/3834/2845 2975/3835/2844 
f 2580/3836/2449 2581/3803/2450 2975/3835/2844 2974/3837/2843 
f 2580/3836/2449 2974/3837/2843 2973/3778/2842 2578/3838/2447 
f 2577/3839/2446 2578/3838/2447 2973/3778/2842 2575/3840/2444 
f 2574/3841/2443 2575/3840/2444 2973/3778/2842 2572/3842/2441 
f 2571/3843/2440 2572/3842/2441 2973/3778/2842 2569/3844/2438 
f 2568/3845/2437 2569/3844/2438 2973/3778/2842 2564/3846/2433 
f 2565/3847/2434 2564/3846/2433 2973/3778/2842 2889/3848/2758 
f 2888/3849/2757 2889/3848/2758 2973/3778/2842 2886/3850/2755 
f 2885/3851/2754 2886/3850/2755 2973/3778/2842 2883/3852/2752 
f 2882/3853/2751 2883/3852/2752 2973/3778/2842 2880/3854/2749 
f 2879/3855/2748 2880/3854/2749 2973/3778/2842 2877/3856/2746 
f 2876/3857/2745 2877/3856/2746 2973/3778/2842 2874/3858/2743 
f 2873/3859/2742 2874/3858/2743 2973/3778/2842 2871/3860/2740 
f 2870/3861/2739 2871/3860/2740 2973/3778/2842 2868/3777/2737 
f 2864/3862/2733 2865/3775/2734 2973/3778/2842 2862/3863/2731 
f 2861/3864/2730 2862/3863/2731 2973/3778/2842 2859/3865/2728 
f 2859/3865/2728 2973/3778/2842 2972/3866/2841 2858/3867/2727 
f 2858/3867/2727 2972/3866/2841 2971/3868/2840 2856/3869/2725 
f 2855/3870/2724 2856/3869/2725 2971/3868/2840 2970/3774/2839 
f 2853/3871/2722 2855/3870/2724 2970/3774/2839 2852/3872/2721 
f 2850/3873/2719 2852/3872/2721 2970/3774/2839 2849/3874/2718 
f 2847/3875/2716 2849/3874/2718 2970/3774/2839 2846/3876/2715 
f 2844/3773/2713 2846/3876/2715 2970/3774/2839 
f 2840/3877/2709 2841/3771/2710 2970/3774/2839 2838/3878/2707 
f 2838/3878/2707 2970/3774/2839 2969/3879/2838 2837/3880/2706 
f 2835/3881/2704 2837/3880/2706 2969/3879/2838 2834/3882/2703 
f 2832/3883/2701 2834/3882/2703 2969/3879/2838 2968/3884/2837 
f 2833/3885/2702 2832/3883/2701 2968/3884/2837 2955/3886/2824 
f 2956/3887/2825 2955/3886/2824 2968/3884/2837 2967/3888/2836 
f 2957/3889/2826 2956/3887/2825 2967/3888/2836 2966/3890/2835 
f 2957/3889/2826 2966/3890/2835 2965/3770/2834 2958/3891/2827 
f 2959/3892/2828 2958/3891/2827 2965/3770/2834 2960/3893/2829 
f 2961/3769/2830 2960/3893/2829 2965/3770/2834 
f 2963/3767/2832 2965/3770/2834 2964/3894/2833 
s 4
f 2671/3895/2540 2673/3896/2542 2674/3897/2543 2924/3898/2793 
f 2695/3899/2564 2697/3900/2566 2698/3901/2567 2701/3902/2570 
f 2698/3901/2567 2700/3903/2569 2701/3902/2570 
f 2930/3904/2799 2929/3905/2798 2928/3906/2797 2924/3898/2793 
f 2926/3907/2795 2925/3908/2794 2924/3898/2793 2927/3909/2796 
f 2928/3906/2797 2927/3909/2796 2924/3898/2793 
f 2931/3910/2800 2930/3904/2799 2924/3898/2793 2932/3911/2801 
f 2933/3912/2802 2932/3911/2801 2924/3898/2793 2934/3913/2803 
f 2935/3914/2804 2934/3913/2803 2924/3898/2793 2936/3915/2805 
f 2937/3916/2806 2936/3915/2805 2924/3898/2793 2938/3917/2807 
f 2596/3918/2465 2938/3917/2807 2924/3898/2793 2593/3919/2462 
f 2594/3920/2463 2593/3919/2462 2924/3898/2793 2939/3921/2808 
f 2771/3922/2640 2939/3921/2808 2924/3898/2793 2770/3923/2639 
f 2769/3924/2638 2770/3923/2639 2924/3898/2793 2767/3925/2636 
f 2766/3926/2635 2767/3925/2636 2924/3898/2793 2764/3927/2633 
f 2763/3928/2632 2764/3927/2633 2924/3898/2793 2761/3929/2630 
f 2760/3930/2629 2761/3929/2630 2924/3898/2793 2758/3931/2627 
f 2757/3932/2626 2758/3931/2627 2924/3898/2793 2755/3933/2624 
f 2754/3934/2623 2755/3933/2624 2924/3898/2793 2752/3935/2621 
f 2751/3936/2620 2752/3935/2621 2924/3898/2793 2749/3937/2618 
f 2748/3938/2617 2749/3937/2618 2924/3898/2793 2746/3939/2615 
f 2745/3940/2614 2746/3939/2615 2924/3898/2793 2743/3941/2612 
f 2742/3942/2611 2743/3941/2612 2924/3898/2793 2740/3943/2609 
f 2739/3944/2608 2740/3943/2609 2924/3898/2793 2737/3945/2606 
f 2736/3946/2605 2737/3945/2606 2924/3898/2793 2734/3947/2603 
f 2733/3948/2602 2734/3947/2603 2924/3898/2793 2731/3949/2600 
f 2730/3950/2599 2731/3949/2600 2924/3898/2793 2728/3951/2597 
f 2727/3952/2596 2728/3951/2597 2924/3898/2793 2725/3953/2594 
f 2724/3954/2593 2725/3953/2594 2924/3898/2793 2722/3955/2591 
f 2721/3956/2590 2722/3955/2591 2924/3898/2793 2719/3957/2588 
f 2718/3958/2587 2719/3957/2588 2924/3898/2793 2716/3959/2585 
f 2715/3960/2584 2716/3959/2585 2924/3898/2793 2713/3961/2582 
f 2712/3962/2581 2713/3961/2582 2924/3898/2793 2710/3963/2579 
f 2709/3964/2578 2710/3963/2579 2924/3898/2793 2707/3965/2576 
f 2706/3966/2575 2707/3965/2576 2924/3898/2793 2704/3967/2573 
f 2703/3968/2572 2704/3967/2573 2924/3898/2793 2701/3902/2570 
f 2695/3899/2564 2701/3902/2570 2924/3898/2793 2694/3969/2563 
f 2692/3970/2561 2694/3969/2563 2924/3898/2793 2691/3971/2560 
f 2689/3972/2558 2691/3971/2560 2924/3898/2793 2688/3973/2557 
f 2686/3974/2555 2688/3973/2557 2924/3898/2793 2685/3975/2554 
f 2683/3976/2552 2685/3975/2554 2924/3898/2793 2682/3977/2551 
f 2680/3978/2549 2682/3977/2551 2924/3898/2793 2679/3979/2548 
f 2677/3980/2546 2679/3979/2548 2924/3898/2793 2676/3981/2545 
f 2674/3897/2543 2676/3981/2545 2924/3898/2793 
f 2670/3982/2539 2671/3895/2540 2924/3898/2793 2668/3983/2537 
f 2667/3984/2536 2668/3983/2537 2924/3898/2793 2665/3985/2534 
f 2665/3985/2534 2924/3898/2793 2923/3986/2792 2664/3987/2533 
f 2664/3987/2533 2923/3986/2792 2922/3988/2791 2921/3989/2790 
f 2662/3990/2531 2664/3987/2533 2921/3989/2790 2661/3991/2530 
f 2661/3991/2530 2921/3989/2790 2920/3992/2789 2919/3993/2788 
f 2661/3991/2530 2919/3993/2788 2918/3994/2787 2917/3995/2786 
f 2661/3991/2530 2917/3995/2786 2916/3996/2785 2915/3997/2784 
f 2661/3991/2530 2915/3997/2784 2914/3998/2783 2627/3999/2496 
f 2661/3991/2530 2627/3999/2496 2626/4000/2495 2628/4001/2497 
f 2661/3991/2530 2628/4001/2497 2629/4002/2498 2631/4003/2500 
f 2661/3991/2530 2631/4003/2500 2632/4004/2501 2634/4005/2503 
f 2661/3991/2530 2634/4005/2503 2635/4006/2504 2637/4007/2506 
f 2661/3991/2530 2637/4007/2506 2638/4008/2507 2640/4009/2509 
f 2661/3991/2530 2640/4009/2509 2641/4010/2510 2659/4011/2528 
f 2659/4011/2528 2641/4010/2510 2643/4012/2512 2644/4013/2513 
f 2658/4014/2527 2659/4011/2528 2644/4013/2513 2646/4015/2515 
f 2658/4014/2527 2646/4015/2515 2647/4016/2516 2656/4017/2525 
f 2655/4018/2524 2656/4017/2525 2647/4016/2516 2653/4019/2522 
f 2647/4016/2516 2649/4020/2518 2650/4021/2519 2653/4019/2522 
f 2653/4019/2522 2650/4021/2519 2652/4022/2521 
# 378 polygons - 136 triangles

#
# object Object005
#

v  0.2419 0.2855 0.3908
v  0.2149 0.2144 0.3688
v  0.2558 0.2044 0.3527
v  0.2839 0.2761 0.3746
v  0.1990 0.2965 0.4014
v  0.1733 0.2258 0.3795
v  0.3104 0.3464 0.3963
v  0.2671 0.3554 0.4124
v  0.2228 0.3661 0.4230
v  0.1578 0.3083 0.4064
v  0.1333 0.2378 0.3846
v  0.1211 0.3202 0.4059
v  0.0976 0.2499 0.3843
v  0.1805 0.3776 0.4279
v  0.1428 0.3894 0.4271
v  0.2933 0.1965 0.3310
v  0.3225 0.2688 0.3528
v  0.3499 0.3397 0.3745
v  0.3266 0.1907 0.3055
v  0.3566 0.2637 0.3272
v  0.3853 0.2609 0.2996
v  0.3547 0.1872 0.2780
v  0.3768 0.1859 0.2503
v  0.4077 0.2605 0.2717
v  0.4369 0.3336 0.2932
v  0.4141 0.3333 0.3212
v  0.3848 0.3354 0.3489
v  0.3918 0.1871 0.2240
v  0.4230 0.2623 0.2452
v  0.4523 0.3361 0.2667
v  0.4022 0.1898 0.1988
v  0.4333 0.2657 0.2199
v  0.4412 0.2696 0.1956
v  0.4102 0.1931 0.1747
v  0.4181 0.1962 0.1512
v  0.4490 0.2734 0.1719
v  0.4781 0.3490 0.1932
v  0.4705 0.3446 0.2170
v  0.4627 0.3401 0.2414
v  0.0717 0.1778 0.3635
v  0.1067 0.1655 0.3637
v  0.1458 0.1531 0.3584
v  0.1864 0.1413 0.3477
v  0.2263 0.1308 0.3315
v  0.2630 0.1222 0.3099
v  0.2955 0.1156 0.2845
v  0.3231 0.1113 0.2572
v  0.3447 0.1093 0.2295
v  0.3595 0.1098 0.2033
v  0.3698 0.1118 0.1784
v  0.3778 0.1146 0.1543
v  0.3857 0.1171 0.1310
v  0.0915 0.3315 0.3997
v  0.0686 0.2613 0.3784
v  0.0670 0.3423 0.3899
v  0.0444 0.2721 0.3689
v  0.1125 0.4006 0.4207
v  0.0877 0.4112 0.4107
v  0.0457 0.3524 0.3787
v  0.0234 0.2823 0.3580
v  0.0045 0.3713 0.3600
v  -0.0172 0.3011 0.3396
v  0.0034 0.2919 0.3476
v  0.0255 0.3621 0.3680
v  -0.0171 0.3807 0.3520
v  -0.0386 0.3105 0.3317
v  0.0457 0.4310 0.3885
v  0.0244 0.4401 0.3803
v  0.0024 0.4496 0.3723
v  -0.0394 0.3911 0.3414
v  -0.0606 0.3208 0.3212
v  -0.0622 0.4032 0.3258
v  -0.0832 0.3328 0.3057
v  -0.0201 0.4600 0.3617
v  -0.0429 0.4722 0.3460
v  -0.0854 0.4177 0.3025
v  -0.1065 0.3472 0.2827
v  -0.1075 0.4337 0.2728
v  -0.1290 0.3630 0.2533
v  -0.0659 0.4868 0.3224
v  -0.0876 0.5030 0.2924
v  -0.1272 0.4504 0.2381
v  -0.1492 0.3793 0.2189
v  -0.1535 0.4819 0.1590
v  -0.1768 0.4101 0.1400
v  -0.1656 0.3953 0.1808
v  -0.1430 0.4667 0.1997
v  -0.1591 0.4954 0.1181
v  -0.1830 0.4231 0.0990
v  -0.1219 0.5366 0.2191
v  -0.1317 0.5521 0.1786
v  -0.1365 0.5659 0.1380
v  -0.1599 0.5065 0.0791
v  -0.1844 0.4339 0.0598
v  -0.1564 0.5149 0.0442
v  -0.1814 0.4417 0.0246
v  -0.1367 0.5774 0.0995
v  -0.1326 0.5861 0.0649
v  -0.1068 0.5199 0.2575
v  -0.1068 0.2609 0.2862
v  -0.0843 0.2490 0.3016
v  -0.0626 0.2386 0.3121
v  -0.0416 0.2292 0.3200
v  -0.0213 0.2200 0.3279
v  -0.2080 0.3666 0.0061
v  -0.2106 0.3593 0.0414
v  -0.2086 0.3491 0.0807
v  -0.2019 0.3366 0.1217
v  -0.1902 0.3222 0.1624
v  -0.1734 0.3066 0.2003
v  -0.1528 0.2906 0.2344
v  -0.1301 0.2751 0.2634
v  0.0661 0.4214 0.3993
v  0.4283 0.1983 0.1281
v  0.4590 0.2761 0.1487
v  0.4879 0.3523 0.1699
v  0.4388 0.2005 0.1038
v  0.4695 0.2789 0.1242
v  0.4720 0.3261 -0.0559
v  0.4420 0.2445 -0.0771
v  0.4276 0.2602 -0.1172
v  0.4576 0.3423 -0.0958
v  0.4813 0.3114 -0.0140
v  0.4512 0.2304 -0.0349
v  0.4853 0.4225 -0.0728
v  0.4998 0.4059 -0.0333
v  0.5092 0.3906 0.0082
v  0.4854 0.2989 0.0273
v  0.4552 0.2185 0.0066
v  0.4844 0.2891 0.0652
v  0.4541 0.2095 0.0447
v  0.5134 0.3775 0.0490
v  0.5126 0.3672 0.0866
v  0.4078 0.2769 -0.1525
v  0.4378 0.3594 -0.1309
v  0.4656 0.4400 -0.1076
v  0.3843 0.2937 -0.1825
v  0.4143 0.3766 -0.1609
v  0.3889 0.3930 -0.1854
v  0.3589 0.3098 -0.2069
v  0.3331 0.3244 -0.2254
v  0.3633 0.4077 -0.2042
v  0.3914 0.4889 -0.1811
v  0.4169 0.4740 -0.1620
v  0.4422 0.4574 -0.1374
v  0.3087 0.3367 -0.2375
v  0.3390 0.4201 -0.2169
v  0.3673 0.5013 -0.1943
v  0.2858 0.3471 -0.2456
v  0.3162 0.4306 -0.2256
v  0.2948 0.4399 -0.2324
v  0.2644 0.3564 -0.2518
v  0.2446 0.3651 -0.2583
v  0.2750 0.4485 -0.2394
v  0.3036 0.5298 -0.2187
v  0.3235 0.5211 -0.2112
v  0.3447 0.5118 -0.2037
v  0.4219 0.1279 0.0249
v  0.4230 0.1363 -0.0133
v  0.4191 0.1474 -0.0549
v  0.4100 0.1609 -0.0972
v  0.3956 0.1760 -0.1374
v  0.3758 0.1922 -0.1727
v  0.3523 0.2086 -0.2027
v  0.3268 0.2245 -0.2269
v  0.3010 0.2389 -0.2452
v  0.2766 0.2511 -0.2570
v  0.2536 0.2615 -0.2646
v  0.2323 0.2708 -0.2704
v  0.2125 0.2794 -0.2764
v  0.4785 0.2828 0.0970
v  0.4480 0.2038 0.0765
v  0.5069 0.3603 0.1182
v  0.4981 0.3557 0.1454
v  -0.0016 0.2103 0.3381
v  0.0193 0.2001 0.3488
v  0.0432 0.1893 0.3579
v  0.3959 0.1186 0.1080
v  0.4065 0.1202 0.0838
v  0.4158 0.1229 0.0567
v  0.2264 0.3737 -0.2672
v  0.2567 0.4572 -0.2487
v  0.2852 0.5384 -0.2282
v  0.2078 0.3825 -0.2768
v  0.2379 0.4660 -0.2584
v  0.0851 0.5144 -0.2568
v  0.0572 0.4325 -0.2750
v  0.0192 0.4415 -0.2595
v  0.0467 0.5226 -0.2412
v  0.1234 0.5049 -0.2671
v  0.0950 0.4224 -0.2852
v  0.0725 0.6015 -0.2208
v  0.1113 0.5940 -0.2365
v  0.1500 0.5851 -0.2468
v  0.1594 0.4947 -0.2720
v  0.1305 0.4118 -0.2902
v  0.1912 0.4846 -0.2719
v  0.1619 0.4013 -0.2901
v  0.1866 0.5754 -0.2517
v  0.2188 0.5656 -0.2515
v  -0.0170 0.4488 -0.2387
v  0.0101 0.5290 -0.2201
v  0.0357 0.6069 -0.1994
v  -0.0501 0.4543 -0.2143
v  -0.0232 0.5334 -0.1953
v  -0.0520 0.5359 -0.1687
v  -0.0787 0.4578 -0.1881
v  -0.1014 0.4592 -0.1618
v  -0.0748 0.5364 -0.1420
v  -0.0495 0.6115 -0.1204
v  -0.0266 0.6119 -0.1473
v  0.0023 0.6104 -0.1743
v  -0.1169 0.4584 -0.1372
v  -0.0904 0.5349 -0.1172
v  -0.0652 0.6093 -0.0955
v  -0.1274 0.4562 -0.1140
v  -0.1011 0.5321 -0.0939
v  -0.1093 0.5289 -0.0719
v  -0.1355 0.4534 -0.0919
v  -0.1434 0.4510 -0.0708
v  -0.1174 0.5260 -0.0508
v  -0.0926 0.5989 -0.0293
v  -0.0844 0.6022 -0.0503
v  -0.0760 0.6059 -0.0722
v  0.1307 0.3160 -0.3075
v  0.0998 0.3268 -0.3075
v  0.0647 0.3379 -0.3024
v  0.0273 0.3487 -0.2922
v  -0.0103 0.3585 -0.2768
v  -0.0462 0.3667 -0.2563
v  -0.0790 0.3731 -0.2322
v  -0.1074 0.3776 -0.2063
v  -0.1298 0.3798 -0.1803
v  -0.1451 0.3797 -0.1558
v  -0.1554 0.3781 -0.1327
v  -0.1633 0.3759 -0.1106
v  -0.1710 0.3740 -0.0894
v  0.2167 0.4750 -0.2667
v  0.1870 0.3916 -0.2850
v  0.2447 0.5562 -0.2463
v  0.2662 0.5472 -0.2380
v  -0.1488 0.5199 0.0154
v  -0.1742 0.4463 -0.0043
v  -0.1387 0.5226 -0.0089
v  -0.1644 0.4486 -0.0287
v  -0.1246 0.5915 0.0365
v  -0.1143 0.5947 0.0124
v  -0.1536 0.4498 -0.0503
v  -0.1277 0.5243 -0.0304
v  -0.1031 0.5968 -0.0090
v  0.1944 0.2881 -0.2851
v  0.1761 0.2969 -0.2944
v  0.1555 0.3061 -0.3025
v  -0.1810 0.3732 -0.0689
v  -0.1916 0.3725 -0.0473
v  -0.2012 0.3706 -0.0228
v  0.2152 0.3950 0.4319
v  0.1885 0.4039 0.4355
v  0.2305 0.3898 0.4299
v  0.2600 0.3810 0.4223
v  0.2742 0.3767 0.4187
v  0.3825 0.3527 0.3597
v  0.3561 0.3570 0.3796
v  0.3906 0.3514 0.3536
v  0.3047 0.3686 0.4067
v  0.3170 0.3654 0.4019
v  0.3460 0.3592 0.3853
v  0.4133 0.3490 0.3317
v  0.4196 0.3484 0.3256
v  0.4544 0.3493 0.2757
v  0.4421 0.3479 0.2974
v  0.4573 0.3497 0.2707
v  0.4376 0.3480 0.3031
v  0.4656 0.3524 0.2497
v  0.4674 0.3530 0.2452
v  0.5006 0.3666 0.1525
v  0.4920 0.3639 0.1733
v  0.5021 0.3670 0.1488
v  0.4906 0.3634 0.1770
v  0.4824 0.3610 0.1967
v  0.4812 0.3603 0.2006
v  0.4750 0.3571 0.2206
v  0.4738 0.3564 0.2248
v  0.5095 0.3708 0.1255
v  0.5108 0.3714 0.1215
v  -0.0674 0.5326 0.3168
v  -0.0773 0.5401 0.3031
v  -0.0558 0.5237 0.3331
v  -0.0225 0.5027 0.3639
v  -0.0331 0.5087 0.3566
v  -0.0104 0.4959 0.3722
v  -0.0453 0.5168 0.3439
v  0.0445 0.4692 0.3942
v  0.0339 0.4743 0.3902
v  0.0550 0.4642 0.3981
v  0.0002 0.4905 0.3771
v  0.0120 0.4846 0.3825
v  0.0226 0.4796 0.3863
v  0.0654 0.4588 0.4035
v  0.0752 0.4537 0.4086
v  0.0865 0.4478 0.4145
v  0.0966 0.4426 0.4197
v  0.1100 0.4361 0.4250
v  0.1212 0.4308 0.4294
v  0.1382 0.4235 0.4328
v  0.1511 0.4179 0.4353
v  0.1735 0.4096 0.4354
v  -0.0872 0.6306 -0.0075
v  -0.0816 0.6316 -0.0185
v  -0.0920 0.6298 0.0019
v  -0.0779 0.6329 -0.0281
v  -0.0735 0.6345 -0.0396
v  -0.0304 0.6413 -0.1216
v  -0.0169 0.6409 -0.1379
v  -0.0394 0.6416 -0.1105
v  -0.0698 0.6359 -0.0494
v  -0.0653 0.6376 -0.0617
v  -0.0607 0.6388 -0.0719
v  -0.0547 0.6402 -0.0852
v  -0.0483 0.6408 -0.0958
v  0.0231 0.6362 -0.1748
v  0.0442 0.6329 -0.1913
v  0.0114 0.6380 -0.1655
v  -0.0062 0.6398 -0.1485
v  0.0920 0.6227 -0.2184
v  0.1185 0.6160 -0.2298
v  0.0804 0.6256 -0.2133
v  0.1290 0.6129 -0.2328
v  0.1565 0.6049 -0.2407
v  0.0562 0.6305 -0.1987
v  0.2533 0.5687 -0.2406
v  0.2707 0.5604 -0.2341
v  0.2495 0.5705 -0.2420
v  0.2291 0.5792 -0.2458
v  0.2241 0.5813 -0.2467
v  0.1654 0.6019 -0.2421
v  0.1924 0.5930 -0.2463
v  0.1994 0.5905 -0.2464
v  0.2738 0.5588 -0.2325
v  0.2894 0.5507 -0.2245
v  0.2922 0.5493 -0.2231
v  0.3076 0.5414 -0.2152
v  0.3300 0.5306 -0.2068
v  0.3481 0.5221 -0.2005
v  0.3271 0.5320 -0.2079
v  0.3104 0.5400 -0.2141
v  0.3510 0.5207 -0.1992
v  0.3706 0.5111 -0.1912
v  0.3735 0.5095 -0.1895
v  0.3946 0.4985 -0.1780
v  0.4907 0.4308 -0.0642
v  0.5033 0.4165 -0.0300
v  0.4887 0.4330 -0.0695
v  0.4232 0.4816 -0.1559
v  0.4454 0.4673 -0.1342
v  0.4201 0.4836 -0.1589
v  0.3976 0.4967 -0.1756
v  0.4715 0.4479 -0.0998
v  0.4689 0.4502 -0.1043
v  0.4484 0.4651 -0.1305
v  0.5134 0.3996 0.0172
v  0.5170 0.3884 0.0523
v  0.5127 0.4014 0.0115
v  0.5170 0.3869 0.0576
v  0.5163 0.3782 0.0898
v  0.5156 0.3772 0.0944
v  0.5046 0.4145 -0.0243
v  -0.1041 0.5656 0.2476
v  -0.1111 0.5733 0.2298
v  -0.0962 0.5569 0.2682
v  -0.1254 0.6066 0.1294
v  -0.1256 0.6121 0.1102
v  -0.1255 0.6012 0.1488
v  -0.1230 0.5948 0.1684
v  -0.1208 0.5882 0.1893
v  -0.1161 0.5811 0.2084
v  -0.0874 0.5492 0.2842
v  -0.1085 0.6265 0.0359
v  -0.1031 0.6280 0.0232
v  -0.1135 0.6251 0.0473
v  -0.1234 0.6160 0.0933
v  -0.1215 0.6202 0.0758
v  -0.0979 0.6288 0.0132
v  -0.1175 0.6225 0.0621
v  0.0182 0.1700 0.3452
v  0.0332 0.1627 0.3509
v  0.0097 0.1741 0.3421
v  0.0436 0.1581 0.3528
v  0.0614 0.1503 0.3562
v  0.2937 0.0832 0.2657
v  0.3103 0.0809 0.2494
v  0.2826 0.0847 0.2765
v  0.2634 0.0883 0.2914
v  0.2501 0.0909 0.3017
v  0.2287 0.0959 0.3143
v  0.2136 0.0995 0.3233
v  0.1504 0.1183 0.3461
v  0.1742 0.1107 0.3395
v  0.1342 0.1234 0.3505
v  0.1905 0.1061 0.3328
v  0.1109 0.1316 0.3539
v  0.0958 0.1369 0.3561
v  0.0744 0.1452 0.3562
v  0.1641 0.2796 -0.3000
v  0.1484 0.2873 -0.3062
v  0.1687 0.2774 -0.2982
v  0.1431 0.2897 -0.3072
v  0.1240 0.2981 -0.3110
v  0.1826 0.2701 -0.2912
v  0.1868 0.2680 -0.2891
v  0.2004 0.2610 -0.2826
v  0.2046 0.2588 -0.2806
v  0.0519 0.3243 -0.3035
v  0.0218 0.3338 -0.2951
v  0.0587 0.3221 -0.3055
v  0.0866 0.3123 -0.3097
v  0.0935 0.3099 -0.3108
v  0.1176 0.3005 -0.3110
v  0.2401 0.2424 -0.2704
v  0.2242 0.2497 -0.2747
v  0.2454 0.2400 -0.2691
v  0.2194 0.2519 -0.2761
v  0.2624 0.2319 -0.2635
v  0.2681 0.2292 -0.2616
v  0.2862 0.2199 -0.2529
v  0.2924 0.2167 -0.2499
v  0.3984 0.0934 0.0681
v  0.4046 0.0955 0.0503
v  0.3951 0.0923 0.0773
v  0.4068 0.0974 0.0399
v  0.4111 0.1012 0.0187
v  0.3881 0.0910 0.0930
v  0.3842 0.0903 0.1013
v  0.3776 0.0891 0.1160
v  0.3739 0.0885 0.1241
v  0.3368 0.1902 -0.2140
v  0.3181 0.2020 -0.2318
v  0.3435 0.1859 -0.2076
v  0.3114 0.2059 -0.2365
v  0.3606 0.1736 -0.1858
v  0.3668 0.1691 -0.1778
v  0.3811 0.1570 -0.1523
v  0.3864 0.1524 -0.1426
v  0.4066 0.1265 -0.0729
v  0.4005 0.1366 -0.1026
v  0.4092 0.1224 -0.0605
v  0.3965 0.1411 -0.1140
v  0.4116 0.1140 -0.0318
v  0.4126 0.1103 -0.0191
v  0.4116 0.1041 0.0066
v  0.3606 0.0837 0.1625
v  0.3657 0.0857 0.1473
v  0.3576 0.0827 0.1712
v  0.3687 0.0867 0.1389
v  0.3511 0.0812 0.1868
v  0.3471 0.0803 0.1960
v  0.3379 0.0798 0.2121
v  0.3321 0.0795 0.2220
v  0.3188 0.0803 0.2387
v  -0.2058 0.3133 0.1279
v  -0.1973 0.3023 0.1576
v  -0.2089 0.3173 0.1172
v  -0.2137 0.3270 0.0867
v  -0.2154 0.3304 0.0763
v  -0.1536 0.2647 0.2376
v  -0.1378 0.2533 0.2579
v  -0.1603 0.2694 0.2292
v  -0.1308 0.2488 0.2648
v  -0.1147 0.2384 0.2805
v  -0.1748 0.2814 0.2049
v  -0.1806 0.2861 0.1953
v  -0.1927 0.2979 0.1679
v  -0.1997 0.3557 -0.0457
v  -0.2074 0.3538 -0.0266
v  -0.1976 0.3563 -0.0509
v  -0.2090 0.3528 -0.0202
v  -0.2145 0.3491 0.0022
v  -0.2168 0.3385 0.0468
v  -0.2172 0.3412 0.0372
v  -0.2151 0.3473 0.0104
v  -0.1890 0.3573 -0.0680
v  -0.1868 0.3576 -0.0724
v  -0.1786 0.3586 -0.0888
v  -0.1766 0.3589 -0.0928
v  -0.0037 0.1811 0.3353
v  -0.0110 0.1849 0.3316
v  -0.0644 0.2116 0.3087
v  -0.0505 0.2048 0.3139
v  -0.0711 0.2149 0.3061
v  -0.0857 0.2223 0.2991
v  -0.0925 0.2259 0.2958
v  -0.1078 0.2345 0.2853
v  -0.0438 0.2015 0.3165
v  -0.0305 0.1950 0.3216
v  -0.0238 0.1915 0.3250
v  -0.1163 0.3643 -0.2048
v  -0.1350 0.3660 -0.1833
v  -0.1125 0.3639 -0.2092
v  -0.1622 0.3633 -0.1318
v  -0.1688 0.3613 -0.1139
v  -0.1608 0.3638 -0.1358
v  -0.1703 0.3608 -0.1099
v  -0.1522 0.3654 -0.1548
v  -0.1503 0.3657 -0.1589
v  -0.1377 0.3660 -0.1790
v  -0.0568 0.3541 -0.2550
v  -0.0841 0.3595 -0.2350
v  -0.0513 0.3530 -0.2590
v  -0.0889 0.3603 -0.2307
v  -0.0216 0.3458 -0.2761
v  -0.0156 0.3443 -0.2796
v  0.0152 0.3357 -0.2924
# 512 vertices

vn 0.2019 -0.3568 0.9121
vn 0.2059 -0.3518 0.9132
vn 0.3293 -0.3859 0.8618
vn 0.3260 -0.3900 0.8611
vn 0.0867 -0.3227 0.9425
vn 0.0906 -0.3165 0.9443
vn 0.3258 -0.3788 0.8662
vn 0.2011 -0.3459 0.9165
vn 0.0864 -0.3128 0.9459
vn -0.0351 -0.2844 0.9581
vn -0.0310 -0.2763 0.9606
vn -0.1868 -0.2327 0.9544
vn -0.1813 -0.2220 0.9580
vn -0.0344 -0.2765 0.9604
vn -0.1859 -0.2281 0.9557
vn 0.4489 -0.4139 0.7919
vn 0.4470 -0.4172 0.7912
vn 0.4486 -0.4059 0.7962
vn 0.5518 -0.4329 0.7128
vn 0.5517 -0.4353 0.7114
vn 0.6482 -0.4455 0.6176
vn 0.6462 -0.4446 0.6203
vn 0.7406 -0.4483 0.5006
vn 0.7446 -0.4471 0.4957
vn 0.7520 -0.4343 0.4959
vn 0.6539 -0.4336 0.6200
vn 0.5554 -0.4237 0.7155
vn 0.8187 -0.4412 0.3674
vn 0.8243 -0.4373 0.3596
vn 0.8328 -0.4233 0.3567
vn 0.8630 -0.4287 0.2675
vn 0.8694 -0.4222 0.2567
vn 0.8832 -0.4132 0.2218
vn 0.8761 -0.4210 0.2349
vn 0.8599 -0.4231 0.2857
vn 0.8680 -0.4156 0.2717
vn 0.8781 -0.4024 0.2588
vn 0.8925 -0.3984 0.2115
vn 0.8784 -0.4075 0.2499
vn -0.1719 -0.2036 0.9638
vn -0.0237 -0.2599 0.9653
vn 0.0972 -0.3017 0.9484
vn 0.2121 -0.3384 0.9168
vn 0.3351 -0.3737 0.8649
vn 0.4536 -0.4030 0.7949
vn 0.5550 -0.4233 0.7160
vn 0.6478 -0.4367 0.6243
vn 0.7402 -0.4429 0.5060
vn 0.8166 -0.4388 0.3749
vn 0.8597 -0.4291 0.2771
vn 0.8720 -0.4231 0.2462
vn 0.8547 -0.4253 0.2977
vn -0.3465 -0.1710 0.9223
vn -0.3385 -0.1576 0.9277
vn -0.4602 -0.1212 0.8795
vn -0.4503 -0.1057 0.8866
vn -0.3470 -0.1705 0.9222
vn -0.4624 -0.1241 0.8779
vn -0.5017 -0.1009 0.8591
vn -0.4921 -0.0838 0.8665
vn -0.4029 -0.1442 0.9038
vn -0.3996 -0.1256 0.9080
vn -0.4493 -0.1026 0.8875
vn -0.4560 -0.1207 0.8818
vn -0.4336 -0.1329 0.8912
vn -0.4306 -0.1138 0.8954
vn -0.4567 -0.1274 0.8804
vn -0.4016 -0.1515 0.9032
vn -0.4329 -0.1407 0.8904
vn -0.5297 -0.0918 0.8432
vn -0.5238 -0.0726 0.8487
vn -0.6507 -0.0313 0.7587
vn -0.6405 -0.0132 0.7678
vn -0.5321 -0.0997 0.8408
vn -0.6577 -0.0383 0.7523
vn -0.7488 0.0292 0.6622
vn -0.7361 0.0457 0.6754
vn -0.8154 0.0806 0.5732
vn -0.8027 0.0959 0.5886
vn -0.7585 0.0229 0.6512
vn -0.8254 0.0730 0.5598
vn -0.8672 0.1295 0.4809
vn -0.8557 0.1439 0.4970
vn -0.9380 0.2263 0.2627
vn -0.9307 0.2384 0.2775
vn -0.9002 0.1931 0.3902
vn -0.9097 0.1796 0.3745
vn -0.9511 0.2668 0.1558
vn -0.9458 0.2769 0.1697
vn -0.9173 0.1727 0.3589
vn -0.9436 0.2202 0.2473
vn -0.9547 0.2620 0.1407
vn -0.9515 0.3047 0.0417
vn -0.9484 0.3125 0.0541
vn -0.9339 0.3434 -0.0996
vn -0.9331 0.3482 -0.0901
vn -0.9529 0.3020 0.0277
vn -0.9327 0.3431 -0.1108
vn -0.8764 0.1227 0.4656
vn -0.6307 0.0114 0.7759
vn -0.5183 -0.0465 0.8540
vn -0.4274 -0.0877 0.8998
vn -0.3954 -0.1004 0.9130
vn -0.4407 -0.0787 0.8942
vn -0.9309 0.3558 -0.0822
vn -0.9442 0.3229 0.0647
vn -0.9397 0.2896 0.1817
vn -0.9228 0.2531 0.2906
vn -0.8904 0.2093 0.4042
vn -0.8440 0.1617 0.5113
vn -0.7900 0.1155 0.6022
vn -0.7236 0.0676 0.6869
vn -0.5044 -0.1061 0.8569
vn 0.8434 -0.4234 0.3308
vn 0.8521 -0.4162 0.3174
vn 0.8627 -0.4043 0.3038
vn 0.8626 -0.4155 0.2886
vn 0.8706 -0.4067 0.2769
vn 0.9079 -0.2299 -0.3505
vn 0.9026 -0.2513 -0.3495
vn 0.8562 -0.1994 -0.4766
vn 0.8623 -0.1763 -0.4747
vn 0.9321 -0.2732 -0.2378
vn 0.9269 -0.2927 -0.2348
vn 0.8685 -0.1500 -0.4725
vn 0.9137 -0.2052 -0.3508
vn 0.9380 -0.2500 -0.2401
vn 0.9420 -0.3124 -0.1224
vn 0.9367 -0.3297 -0.1176
vn 0.9358 -0.3521 0.0180
vn 0.9299 -0.3669 0.0249
vn 0.9484 -0.2908 -0.1266
vn 0.9428 -0.3331 0.0112
vn 0.7883 -0.1422 -0.5987
vn 0.7961 -0.1182 -0.5936
vn 0.8037 -0.0905 -0.5881
vn 0.7111 -0.0889 -0.6974
vn 0.7214 -0.0651 -0.6894
vn 0.6387 -0.0155 -0.7693
vn 0.6248 -0.0381 -0.7799
vn 0.5221 0.0145 -0.8528
vn 0.5417 0.0342 -0.8399
vn 0.5640 0.0608 -0.8235
vn 0.6538 0.0128 -0.7566
vn 0.7319 -0.0366 -0.6804
vn 0.4151 0.0620 -0.9077
vn 0.4408 0.0780 -0.8942
vn 0.4715 0.1022 -0.8759
vn 0.3404 0.0902 -0.9360
vn 0.3694 0.1033 -0.9235
vn 0.3557 0.1019 -0.9290
vn 0.3280 0.0897 -0.9404
vn 0.3964 0.0543 -0.9165
vn 0.4170 0.0685 -0.9063
vn 0.4419 0.0955 -0.8920
vn 0.3894 0.1256 -0.9125
vn 0.4046 0.1262 -0.9057
vn 0.9258 -0.3767 0.0316
vn 0.9328 -0.3422 -0.1128
vn 0.9229 -0.3074 -0.2317
vn 0.8982 -0.2680 -0.3484
vn 0.8509 -0.2179 -0.4780
vn 0.7815 -0.1617 -0.6026
vn 0.7025 -0.1084 -0.7034
vn 0.6136 -0.0565 -0.7876
vn 0.5071 -0.0014 -0.8619
vn 0.3960 0.0496 -0.9169
vn 0.3191 0.0807 -0.9443
vn 0.3077 0.0818 -0.9480
vn 0.3810 0.0457 -0.9234
vn 0.9072 -0.3861 0.1674
vn 0.9004 -0.3976 0.1768
vn 0.9155 -0.3703 0.1574
vn 0.8803 -0.3938 0.2645
vn -0.4795 -0.0613 0.8754
vn -0.4367 -0.0845 0.8956
vn -0.3263 -0.1376 0.9352
vn 0.8376 -0.4257 0.3424
vn 0.8570 -0.4196 0.2990
vn 0.8955 -0.4045 0.1855
vn 0.4574 0.0233 -0.8890
vn 0.4697 0.0413 -0.8819
vn 0.4840 0.0729 -0.8720
vn 0.4266 0.0370 -0.9037
vn 0.4339 0.0579 -0.8991
vn -0.2396 0.3001 -0.9233
vn -0.2414 0.2824 -0.9284
vn -0.3588 0.3151 -0.8786
vn -0.3613 0.3313 -0.8716
vn -0.1218 0.2671 -0.9559
vn -0.1265 0.2480 -0.9605
vn -0.3595 0.3616 -0.8602
vn -0.2335 0.3332 -0.9135
vn -0.1131 0.3018 -0.9466
vn 0.0041 0.2280 -0.9736
vn -0.0020 0.2076 -0.9782
vn 0.1594 0.1736 -0.9718
vn 0.1537 0.1517 -0.9764
vn 0.0134 0.2641 -0.9644
vn 0.1667 0.2110 -0.9632
vn -0.4675 0.3437 -0.8144
vn -0.4735 0.3580 -0.8047
vn -0.4759 0.3845 -0.7910
vn -0.5589 0.3658 -0.7442
vn -0.5662 0.3780 -0.7325
vn -0.6517 0.3924 -0.6491
vn -0.6449 0.3828 -0.6615
vn -0.7377 0.3933 -0.5487
vn -0.7423 0.3994 -0.5381
vn -0.7446 0.4121 -0.5251
vn -0.6560 0.4102 -0.6336
vn -0.5705 0.4003 -0.7171
vn -0.8201 0.3926 -0.4164
vn -0.8224 0.3949 -0.4095
vn -0.8225 0.4030 -0.4013
vn -0.8680 0.3851 -0.3135
vn -0.8693 0.3849 -0.3102
vn -0.8815 0.3809 -0.2789
vn -0.8808 0.3818 -0.2802
vn -0.8575 0.3883 -0.3375
vn -0.8577 0.3890 -0.3362
vn -0.8557 0.3943 -0.3351
vn -0.8802 0.3851 -0.2773
vn -0.8684 0.3900 -0.3061
vn 0.1489 0.1394 -0.9790
vn -0.0060 0.1967 -0.9804
vn -0.1286 0.2383 -0.9626
vn -0.2410 0.2738 -0.9311
vn -0.3545 0.3082 -0.8828
vn -0.4606 0.3381 -0.8207
vn -0.5511 0.3614 -0.7521
vn -0.6380 0.3799 -0.6699
vn -0.7328 0.3927 -0.5556
vn -0.8171 0.3948 -0.4202
vn -0.8658 0.3893 -0.3146
vn -0.8789 0.3863 -0.2799
vn -0.8561 0.3914 -0.3374
vn 0.3211 0.1086 -0.9408
vn 0.3159 0.0862 -0.9449
vn 0.3270 0.1461 -0.9336
vn 0.4420 0.0933 -0.8921
vn -0.8932 0.3747 -0.2488
vn -0.8940 0.3762 -0.2435
vn -0.8490 0.3911 -0.3554
vn -0.8500 0.3901 -0.3540
vn -0.8902 0.3772 -0.2555
vn -0.8456 0.3962 -0.3577
vn -0.8319 0.3933 -0.3915
vn -0.8314 0.3953 -0.3904
vn -0.8286 0.4016 -0.3899
vn 0.4476 0.0127 -0.8942
vn 0.4201 0.0247 -0.9072
vn 0.3108 0.0733 -0.9476
vn -0.8312 0.3949 -0.3914
vn -0.8496 0.3923 -0.3524
vn -0.8932 0.3808 -0.2390
vn 0.2621 0.4399 0.8589
vn 0.2099 0.4366 0.8748
vn 0.2969 0.4109 0.8620
vn 0.3417 0.4162 0.8426
vn 0.3792 0.3856 0.8412
vn 0.5984 0.3547 0.7184
vn 0.5594 0.3407 0.7557
vn 0.6374 0.3287 0.6969
vn 0.4236 0.3934 0.8160
vn 0.4694 0.3583 0.8070
vn 0.5179 0.3705 0.7710
vn 0.6699 0.3448 0.6575
vn 0.7094 0.3205 0.6278
vn 0.8068 0.3439 0.4804
vn 0.7816 0.3155 0.5381
vn 0.8386 0.3269 0.4358
vn 0.7378 0.3405 0.5829
vn 0.8522 0.3541 0.3851
vn 0.8672 0.3471 0.3570
vn 0.8488 0.3576 0.3895
vn 0.8476 0.3611 0.3889
vn 0.8624 0.3555 0.3605
vn 0.8493 0.3553 0.3905
vn 0.4009 -0.9161 0.0077
vn 0.8719 0.3639 0.3277
vn 0.3964 -0.9176 -0.0296
vn 0.8722 0.3633 0.3275
vn 0.8676 0.3690 0.3332
vn 0.8873 0.3636 0.2838
vn -0.3370 0.7018 0.6276
vn -0.3771 0.7079 0.5972
vn -0.3287 0.6688 0.6668
vn -0.1859 0.6087 0.7713
vn -0.2568 0.6179 0.7431
vn -0.1576 0.5718 0.8051
vn -0.2793 0.6618 0.6957
vn -0.0487 0.5470 0.8357
vn -0.0422 0.5476 0.8357
vn -0.0712 0.5771 0.8136
vn -0.0947 0.5654 0.8194
vn -0.0754 0.5460 0.8344
vn -0.0411 0.5429 0.8388
vn -0.1202 0.5798 0.8059
vn -0.1186 0.5808 0.8054
vn -0.1194 0.5805 0.8055
vn -0.0979 0.5570 0.8247
vn -0.0579 0.5534 0.8309
vn -0.0186 0.5146 0.8572
vn 0.0485 0.5112 0.8581
vn 0.0978 0.4680 0.8783
vn 0.1719 0.4683 0.8667
vn -0.8210 -0.3514 -0.4500
vn -0.3511 0.9349 -0.0526
vn -0.3465 0.9330 -0.0973
vn -0.8522 -0.3626 -0.3772
vn -0.3835 0.9234 -0.0165
vn -0.2534 0.9390 -0.2327
vn -0.2372 0.9323 -0.2731
vn -0.3057 0.9312 -0.1984
vn -0.3868 0.9221 -0.0122
vn -0.3869 0.9212 -0.0399
vn -0.3653 0.9289 -0.0607
vn -0.3605 0.9263 -0.1096
vn -0.3188 0.9369 -0.1439
vn -0.1320 0.9275 -0.3498
vn -0.1071 0.9160 -0.3866
vn -0.1746 0.9269 -0.3323
vn -0.1941 0.9352 -0.2963
vn 0.0345 0.8952 -0.4443
vn 0.0678 0.8773 -0.4751
vn -0.0247 0.8980 -0.4393
vn 0.1199 0.8734 -0.4721
vn 0.1542 0.8538 -0.4973
vn -0.0588 0.9150 -0.3990
vn 0.5164 0.7254 -0.4551
vn 0.5472 0.7033 -0.4538
vn 0.4642 0.7372 -0.4909
vn 0.4141 0.7710 -0.4838
vn 0.3496 0.7832 -0.5142
vn 0.2035 0.8486 -0.4884
vn 0.2431 0.8248 -0.5105
vn 0.2956 0.8174 -0.4945
vn 0.5755 0.6964 -0.4288
vn 0.5783 0.6948 -0.4275
vn 0.5783 0.6957 -0.4261
vn 0.5516 0.7163 -0.4274
vn 0.5090 0.7336 -0.4503
vn 0.5255 0.7183 -0.4560
vn 0.5168 0.7264 -0.4530
vn 0.5205 0.7261 -0.4493
vn 0.5385 0.7213 -0.4355
vn 0.5686 0.6956 -0.4391
vn 0.5940 0.6945 -0.4060
vn 0.6293 0.6641 -0.4036
vn 0.8544 0.5091 -0.1042
vn 0.8750 0.4785 -0.0739
vn 0.8429 0.5134 -0.1610
vn 0.7125 0.6258 -0.3172
vn 0.7435 0.5962 -0.3029
vn 0.6895 0.6311 -0.3553
vn 0.6579 0.6595 -0.3637
vn 0.8117 0.5515 -0.1925
vn 0.7949 0.5572 -0.2401
vn 0.7635 0.5904 -0.2618
vn 0.8926 0.4483 0.0478
vn 0.9036 0.4202 0.0834
vn 0.8935 0.4491 0.0041
vn 0.8977 0.4210 0.1300
vn 0.9047 0.3865 0.1795
vn 0.8891 0.3908 0.2385
vn 0.8789 0.4763 -0.0267
vn -0.4103 0.7703 0.4881
vn -0.4455 0.7766 0.4455
vn -0.4146 0.7425 0.5261
vn -0.4468 0.8606 0.2444
vn -0.4646 0.8635 0.1965
vn -0.4670 0.8385 0.2809
vn -0.4459 0.8348 0.3228
vn -0.4614 0.8104 0.3610
vn -0.4350 0.8057 0.4020
vn -0.3772 0.7389 0.5584
vn -0.8415 -0.3588 -0.4038
vn -0.3720 0.9248 -0.0803
vn -0.4145 0.9100 -0.0104
vn -0.4374 0.8854 0.1571
vn -0.4516 0.8873 0.0939
vn -0.8177 -0.3516 -0.4558
vn -0.4099 0.9110 0.0446
vn -0.5228 -0.7047 0.4797
vn -0.4732 -0.7131 0.5173
vn -0.5520 -0.6801 0.4824
vn -0.4246 -0.7499 0.5073
vn -0.3625 -0.7598 0.5397
vn 0.1762 -0.9342 0.3101
vn 0.2216 -0.9316 0.2882
vn 0.1553 -0.9225 0.3533
vn 0.1054 -0.9256 0.3636
vn 0.0837 -0.9079 0.4108
vn 0.5363 0.3710 0.7581
vn 0.0002 -0.8862 0.4633
vn 0.3619 0.4218 0.8314
vn -0.0892 -0.8623 0.4984
vn -0.1718 -0.8362 0.5208
vn 0.4442 0.3968 0.8033
vn 0.2814 0.4495 0.8478
vn -0.2577 -0.8047 0.5349
vn -0.3076 -0.7979 0.5184
vn 0.0183 -0.6006 -0.7993
vn -0.0180 -0.5599 -0.8284
vn 0.0525 -0.6031 -0.7959
vn -0.0822 -0.5560 -0.8271
vn -0.1309 -0.5088 -0.8509
vn 0.0689 -0.6248 -0.7777
vn 0.0611 -0.6229 -0.7799
vn 0.0555 -0.6181 -0.7841
vn 0.0043 -0.6119 -0.7909
vn -0.3705 -0.4486 -0.8134
vn -0.4066 -0.4212 -0.8107
vn -0.3285 -0.4461 -0.8325
vn 0.2034 0.8167 -0.5400
vn -0.2424 -0.4734 -0.8469
vn -0.2034 -0.5074 -0.8374
vn -0.0463 -0.5691 -0.8210
vn -0.0376 -0.5751 -0.8172
vn -0.0231 -0.5671 -0.8233
vn -0.0264 -0.5791 -0.8148
vn -0.0110 -0.5835 -0.8120
vn 0.0362 -0.5846 -0.8105
vn 0.0605 -0.6161 -0.7854
vn 0.1186 -0.6206 -0.7751
vn 0.3663 -0.9303 0.0184
vn 0.3995 -0.9164 -0.0245
vn 0.3642 -0.9298 0.0538
vn 0.3937 -0.9155 -0.0827
vn 0.4238 -0.8957 -0.1348
vn 0.3421 -0.9364 0.0783
vn 0.8452 0.3400 0.4123
vn 0.3399 -0.9370 0.0802
vn 0.8650 0.3259 0.3815
vn 0.2112 -0.6960 -0.6862
vn 0.1936 -0.6641 -0.7221
vn 0.2577 -0.7030 -0.6628
vn 0.1444 -0.6584 -0.7387
vn 0.2700 -0.7334 -0.6239
vn 0.3161 -0.7416 -0.5917
vn 0.3231 -0.7724 -0.5468
vn 0.3687 -0.7817 -0.5030
vn 0.3925 -0.8436 -0.3664
vn 0.3989 -0.8205 -0.4095
vn 0.4152 -0.8494 -0.3257
vn 0.3683 -0.8134 -0.4504
vn 0.4046 -0.8685 -0.2865
vn 0.4235 -0.8735 -0.2401
vn 0.4069 -0.8916 -0.1987
vn 0.3645 -0.9312 0.0080
vn 0.8742 0.3413 0.3453
vn 0.3630 -0.9310 0.0371
vn 0.3637 -0.9314 0.0145
vn 0.3451 -0.9368 0.0570
vn 0.3408 -0.9336 0.1105
vn 0.3024 -0.9424 0.1433
vn 0.2900 -0.9345 0.2062
vn 0.2381 -0.9414 0.2390
vn -0.8812 -0.4659 0.0798
vn -0.8756 -0.4640 0.1341
vn -0.8987 -0.4355 0.0515
vn -0.8983 -0.4393 0.0038
vn -0.9114 -0.4107 -0.0267
vn -0.7748 -0.5620 0.2895
vn -0.7547 -0.5651 0.3334
vn -0.8014 -0.5321 0.2730
vn -0.7233 -0.5964 0.3482
vn -0.6911 -0.6025 0.3993
vn -0.8158 -0.5307 0.2299
vn -0.8408 -0.4992 0.2092
vn -0.8511 -0.4993 0.1625
vn -0.8523 -0.3599 -0.3795
vn -0.8803 -0.3427 -0.3280
vn -0.8451 -0.3439 -0.4093
vn -0.8855 -0.3724 -0.2780
vn -0.9091 -0.3572 -0.2145
vn -0.9063 -0.4163 -0.0726
vn -0.9160 -0.3859 -0.1101
vn -0.9048 -0.3945 -0.1602
vn -0.8258 -0.3557 -0.4376
vn -0.8263 -0.3563 -0.4362
vn -0.8271 -0.3558 -0.4351
vn -0.8370 -0.3753 -0.3982
vn -0.5802 -0.6756 0.4550
vn -0.5821 -0.6725 0.4571
vn -0.5245 -0.7018 0.4820
vn -0.0291 0.5784 0.8153
vn -0.5490 -0.6844 0.4798
vn -0.5717 -0.6794 0.4600
vn -0.6127 -0.6476 0.4531
vn -0.6472 -0.6404 0.4135
vn -0.5279 -0.7001 0.4808
vn -0.0670 0.5841 0.8089
vn -0.5850 -0.6723 0.4536
vn -0.7175 -0.3599 -0.5964
vn -0.7622 -0.3331 -0.5551
vn -0.6905 -0.3485 -0.6339
vn -0.8653 -0.3533 -0.3557
vn -0.8601 -0.3628 -0.3587
vn -0.8561 -0.3471 -0.3830
vn -0.3716 0.9277 -0.0349
vn -0.8394 -0.3568 -0.4100
vn -0.8235 -0.3344 -0.4583
vn -0.7893 -0.3546 -0.5013
vn -0.5939 -0.3839 -0.7070
vn -0.6267 -0.3630 -0.6895
vn -0.5615 -0.3782 -0.7360
vn -0.6550 -0.3703 -0.6587
vn -0.5270 -0.4013 -0.7492
vn -0.4863 -0.3961 -0.7788
vn -0.4448 -0.4214 -0.7903
# 512 vertex normals

vt 0.6607 0.3382 0.0000
vt 0.6607 0.3697 0.0000
vt 0.6803 0.3697 0.0000
vt 0.6803 0.3382 0.0000
vt 0.6416 0.3382 0.0000
vt 0.6416 0.3697 0.0000
vt 0.6803 0.3077 0.0000
vt 0.6607 0.3077 0.0000
vt 0.6416 0.3077 0.0000
vt 0.6237 0.3382 0.0000
vt 0.6237 0.3697 0.0000
vt 0.6076 0.3382 0.0000
vt 0.6076 0.3697 0.0000
vt 0.6237 0.3077 0.0000
vt 0.6076 0.3077 0.0000
vt 0.6997 0.3697 0.0000
vt 0.6997 0.3382 0.0000
vt 0.6997 0.3077 0.0000
vt 0.7182 0.3697 0.0000
vt 0.7182 0.3382 0.0000
vt 0.7355 0.3382 0.0000
vt 0.7355 0.3697 0.0000
vt 0.7509 0.3697 0.0000
vt 0.7509 0.3382 0.0000
vt 0.7509 0.3077 0.0000
vt 0.7355 0.3077 0.0000
vt 0.7182 0.3077 0.0000
vt 0.7640 0.3697 0.0000
vt 0.7640 0.3382 0.0000
vt 0.7640 0.3077 0.0000
vt 0.7753 0.3697 0.0000
vt 0.7753 0.3382 0.0000
vt 0.7854 0.3382 0.0000
vt 0.7854 0.3697 0.0000
vt 0.7949 0.3697 0.0000
vt 0.7949 0.3382 0.0000
vt 0.7949 0.3077 0.0000
vt 0.7854 0.3077 0.0000
vt 0.7753 0.3077 0.0000
vt 0.6076 0.4022 0.0000
vt 0.6237 0.4022 0.0000
vt 0.6416 0.4022 0.0000
vt 0.6607 0.4022 0.0000
vt 0.6803 0.4022 0.0000
vt 0.6997 0.4022 0.0000
vt 0.7182 0.4022 0.0000
vt 0.7355 0.4022 0.0000
vt 0.7510 0.4022 0.0000
vt 0.7640 0.4022 0.0000
vt 0.7753 0.4022 0.0000
vt 0.7854 0.4022 0.0000
vt 0.7949 0.4022 0.0000
vt 0.5941 0.3382 0.0000
vt 0.5940 0.3697 0.0000
vt 0.5824 0.3382 0.0000
vt 0.5824 0.3697 0.0000
vt 0.5941 0.3077 0.0000
vt 0.5825 0.3077 0.0000
vt 0.5721 0.3382 0.0000
vt 0.5721 0.3697 0.0000
vt 0.5527 0.3382 0.0000
vt 0.5527 0.3697 0.0000
vt 0.5624 0.3697 0.0000
vt 0.5624 0.3382 0.0000
vt 0.5424 0.3382 0.0000
vt 0.5424 0.3697 0.0000
vt 0.5624 0.3077 0.0000
vt 0.5527 0.3077 0.0000
vt 0.5424 0.3077 0.0000
vt 0.5309 0.3382 0.0000
vt 0.5308 0.3697 0.0000
vt 0.5175 0.3382 0.0000
vt 0.5174 0.3697 0.0000
vt 0.5309 0.3077 0.0000
vt 0.5175 0.3077 0.0000
vt 0.5016 0.3382 0.0000
vt 0.5016 0.3697 0.0000
vt 0.4840 0.3382 0.0000
vt 0.4840 0.3697 0.0000
vt 0.5017 0.3077 0.0000
vt 0.4840 0.3077 0.0000
vt 0.4652 0.3382 0.0000
vt 0.4652 0.3697 0.0000
vt 0.4268 0.3382 0.0000
vt 0.4268 0.3697 0.0000
vt 0.4459 0.3697 0.0000
vt 0.4459 0.3382 0.0000
vt 0.4084 0.3382 0.0000
vt 0.4084 0.3697 0.0000
vt 0.4459 0.3077 0.0000
vt 0.4268 0.3077 0.0000
vt 0.4084 0.3077 0.0000
vt 0.3913 0.3382 0.0000
vt 0.3913 0.3697 0.0000
vt 0.3759 0.3382 0.0000
vt 0.3759 0.3697 0.0000
vt 0.3913 0.3077 0.0000
vt 0.3759 0.3077 0.0000
vt 0.4652 0.3077 0.0000
vt 0.5174 0.4022 0.0000
vt 0.5308 0.4022 0.0000
vt 0.5424 0.4022 0.0000
vt 0.5527 0.4022 0.0000
vt 0.5624 0.4022 0.0000
vt 0.3759 0.4022 0.0000
vt 0.3913 0.4022 0.0000
vt 0.4084 0.4022 0.0000
vt 0.4268 0.4022 0.0000
vt 0.4459 0.4022 0.0000
vt 0.4652 0.4022 0.0000
vt 0.4839 0.4022 0.0000
vt 0.5016 0.4022 0.0000
vt 0.5721 0.3077 0.0000
vt 0.8044 0.3697 0.0000
vt 0.8044 0.3382 0.0000
vt 0.8044 0.3077 0.0000
vt 0.8145 0.3697 0.0000
vt 0.8145 0.3382 0.0000
vt 0.8918 0.3382 0.0000
vt 0.8918 0.3697 0.0000
vt 0.9114 0.3697 0.0000
vt 0.9114 0.3382 0.0000
vt 0.8728 0.3382 0.0000
vt 0.8728 0.3697 0.0000
vt 0.9113 0.3077 0.0000
vt 0.8918 0.3077 0.0000
vt 0.8728 0.3077 0.0000
vt 0.8550 0.3382 0.0000
vt 0.8551 0.3697 0.0000
vt 0.8392 0.3382 0.0000
vt 0.8392 0.3697 0.0000
vt 0.8550 0.3077 0.0000
vt 0.8392 0.3077 0.0000
vt 0.9309 0.3697 0.0000
vt 0.9309 0.3382 0.0000
vt 0.9309 0.3077 0.0000
vt 0.9504 0.3695 0.0000
vt 0.9504 0.3381 0.0000
vt 0.9699 0.3377 0.0000
vt 0.9699 0.3689 0.0000
vt 0.9894 0.3672 0.0000
vt 0.9894 0.3372 0.0000
vt 0.9894 0.3072 0.0000
vt 0.9699 0.3074 0.0000
vt 0.9504 0.3076 0.0000
vt 0.0690 0.3689 0.0000
vt 0.0690 0.3377 0.0000
vt 0.0595 0.3372 0.0000
vt 0.0595 0.3672 0.0000
vt 0.0690 0.3074 0.0000
vt 0.0595 0.3072 0.0000
vt 0.0785 0.3695 0.0000
vt 0.0785 0.3381 0.0000
vt 0.0880 0.3382 0.0000
vt 0.0880 0.3697 0.0000
vt 0.0975 0.3697 0.0000
vt 0.0975 0.3382 0.0000
vt 0.0975 0.3077 0.0000
vt 0.0880 0.3077 0.0000
vt 0.0785 0.3076 0.0000
vt 0.8392 0.4022 0.0000
vt 0.8551 0.4022 0.0000
vt 0.8728 0.4022 0.0000
vt 0.8918 0.4022 0.0000
vt 0.9114 0.4022 0.0000
vt 0.9309 0.4022 0.0000
vt 0.9504 0.4020 0.0000
vt 0.9699 0.4017 0.0000
vt 0.9894 0.4012 0.0000
vt 0.0690 0.4017 0.0000
vt 0.0595 0.4012 0.0000
vt 0.0785 0.4020 0.0000
vt 0.0880 0.4022 0.0000
vt 0.0975 0.4022 0.0000
vt 0.8259 0.3382 0.0000
vt 0.8259 0.3697 0.0000
vt 0.8259 0.3077 0.0000
vt 0.8145 0.3077 0.0000
vt 0.5721 0.4022 0.0000
vt 0.5824 0.4022 0.0000
vt 0.5940 0.4022 0.0000
vt 0.8044 0.4022 0.0000
vt 0.8145 0.4022 0.0000
vt 0.8259 0.4022 0.0000
vt 0.1069 0.3697 0.0000
vt 0.1069 0.3382 0.0000
vt 0.1069 0.3077 0.0000
vt 0.1171 0.3697 0.0000
vt 0.1171 0.3382 0.0000
vt 0.1944 0.3382 0.0000
vt 0.1944 0.3697 0.0000
vt 0.2141 0.3697 0.0000
vt 0.2141 0.3382 0.0000
vt 0.1754 0.3382 0.0000
vt 0.1754 0.3697 0.0000
vt 0.2141 0.3077 0.0000
vt 0.1944 0.3077 0.0000
vt 0.1754 0.3077 0.0000
vt 0.1576 0.3382 0.0000
vt 0.1576 0.3697 0.0000
vt 0.1418 0.3382 0.0000
vt 0.1418 0.3697 0.0000
vt 0.1576 0.3077 0.0000
vt 0.1418 0.3077 0.0000
vt 0.2337 0.3697 0.0000
vt 0.2337 0.3382 0.0000
vt 0.2337 0.3077 0.0000
vt 0.2528 0.3697 0.0000
vt 0.2528 0.3382 0.0000
vt 0.2706 0.3382 0.0000
vt 0.2706 0.3697 0.0000
vt 0.2865 0.3697 0.0000
vt 0.2865 0.3382 0.0000
vt 0.2865 0.3077 0.0000
vt 0.2706 0.3077 0.0000
vt 0.2528 0.3077 0.0000
vt 0.2999 0.3697 0.0000
vt 0.2999 0.3382 0.0000
vt 0.2999 0.3077 0.0000
vt 0.3115 0.3697 0.0000
vt 0.3115 0.3382 0.0000
vt 0.3218 0.3382 0.0000
vt 0.3218 0.3697 0.0000
vt 0.3315 0.3697 0.0000
vt 0.3315 0.3382 0.0000
vt 0.3315 0.3077 0.0000
vt 0.3218 0.3077 0.0000
vt 0.3115 0.3077 0.0000
vt 0.1418 0.4022 0.0000
vt 0.1576 0.4022 0.0000
vt 0.1754 0.4022 0.0000
vt 0.1944 0.4022 0.0000
vt 0.2141 0.4022 0.0000
vt 0.2337 0.4022 0.0000
vt 0.2528 0.4022 0.0000
vt 0.2706 0.4022 0.0000
vt 0.2865 0.4022 0.0000
vt 0.2999 0.4022 0.0000
vt 0.3115 0.4022 0.0000
vt 0.3218 0.4022 0.0000
vt 0.3315 0.4022 0.0000
vt 0.1285 0.3382 0.0000
vt 0.1285 0.3697 0.0000
vt 0.1285 0.3077 0.0000
vt 0.1171 0.3077 0.0000
vt 0.3628 0.3382 0.0000
vt 0.3628 0.3697 0.0000
vt 0.3514 0.3382 0.0000
vt 0.3514 0.3697 0.0000
vt 0.3628 0.3077 0.0000
vt 0.3514 0.3077 0.0000
vt 0.3412 0.3697 0.0000
vt 0.3412 0.3382 0.0000
vt 0.3412 0.3077 0.0000
vt 0.1069 0.4022 0.0000
vt 0.1171 0.4022 0.0000
vt 0.1285 0.4022 0.0000
vt 0.3412 0.4022 0.0000
vt 0.3514 0.4022 0.0000
vt 0.3628 0.4022 0.0000
vt 0.6352 0.2970 0.0000
vt 0.6237 0.2963 0.0000
vt 0.6416 0.2975 0.0000
vt 0.6546 0.2982 0.0000
vt 0.6607 0.2986 0.0000
vt 0.7139 0.3008 0.0000
vt 0.6997 0.3004 0.0000
vt 0.7182 0.3010 0.0000
vt 0.6748 0.2993 0.0000
vt 0.6803 0.2996 0.0000
vt 0.6947 0.3001 0.0000
vt 0.7318 0.3013 0.0000
vt 0.7355 0.3015 0.0000
vt 0.7615 0.3021 0.0000
vt 0.7509 0.3018 0.0000
vt 0.7640 0.3022 0.0000
vt 0.7478 0.3017 0.0000
vt 0.7733 0.3024 0.0000
vt 0.7753 0.3025 0.0000
vt 0.8130 0.3032 0.0000
vt 0.8044 0.3031 0.0000
vt 0.8145 0.3032 0.0000
vt 0.8029 0.3030 0.0000
vt 0.7949 0.3029 0.0000
vt 0.7933 0.3029 0.0000
vt 0.7854 0.3027 0.0000
vt 0.7836 0.3026 0.0000
vt 0.8242 0.3033 0.0000
vt 0.8259 0.3033 0.0000
vt 0.4921 0.2916 0.0000
vt 0.4840 0.2915 0.0000
vt 0.5017 0.2916 0.0000
vt 0.5238 0.2919 0.0000
vt 0.5175 0.2917 0.0000
vt 0.5309 0.2920 0.0000
vt 0.5090 0.2917 0.0000
vt 0.5576 0.2930 0.0000
vt 0.5528 0.2928 0.0000
vt 0.5624 0.2932 0.0000
vt 0.5364 0.2922 0.0000
vt 0.5425 0.2924 0.0000
vt 0.5475 0.2926 0.0000
vt 0.5675 0.2934 0.0000
vt 0.5721 0.2936 0.0000
vt 0.5776 0.2938 0.0000
vt 0.5825 0.2940 0.0000
vt 0.5888 0.2943 0.0000
vt 0.5941 0.2946 0.0000
vt 0.6018 0.2950 0.0000
vt 0.6076 0.2953 0.0000
vt 0.6173 0.2959 0.0000
vt 0.3367 0.2939 0.0000
vt 0.3315 0.2940 0.0000
vt 0.3412 0.2938 0.0000
vt 0.3271 0.2942 0.0000
vt 0.3218 0.2943 0.0000
vt 0.2801 0.2958 0.0000
vt 0.2706 0.2960 0.0000
vt 0.2865 0.2955 0.0000
vt 0.3172 0.2945 0.0000
vt 0.3115 0.2946 0.0000
vt 0.3065 0.2948 0.0000
vt 0.2999 0.2950 0.0000
vt 0.2943 0.2952 0.0000
vt 0.2459 0.2971 0.0000
vt 0.2337 0.2975 0.0000
vt 0.2528 0.2967 0.0000
vt 0.2638 0.2964 0.0000
vt 0.2081 0.2986 0.0000
vt 0.1944 0.2992 0.0000
vt 0.2141 0.2983 0.0000
vt 0.1891 0.2995 0.0000
vt 0.1754 0.3001 0.0000
vt 0.2272 0.2978 0.0000
vt 0.1264 0.3024 0.0000
vt 0.1171 0.3027 0.0000
vt 0.1285 0.3023 0.0000
vt 0.1392 0.3018 0.0000
vt 0.1418 0.3017 0.0000
vt 0.1710 0.3004 0.0000
vt 0.1576 0.3010 0.0000
vt 0.1541 0.3012 0.0000
vt 0.1154 0.3028 0.0000
vt 0.1070 0.3030 0.0000
vt 0.1055 0.3031 0.0000
vt 0.0975 0.3033 0.0000
vt 0.0867 0.3036 0.0000
vt 0.0785 0.3037 0.0000
vt 0.0880 0.3036 0.0000
vt 0.0961 0.3034 0.0000
vt 0.0773 0.3037 0.0000
vt 0.0690 0.3037 0.0000
vt 0.0678 0.3037 0.0000
vt 0.0595 0.3036 0.0000
vt 0.9087 0.3037 0.0000
vt 0.8918 0.3036 0.0000
vt 0.9113 0.3037 0.0000
vt 0.9675 0.3038 0.0000
vt 0.9504 0.3039 0.0000
vt 0.9699 0.3038 0.0000
vt 0.9870 0.3036 0.0000
vt 0.9894 0.3035 0.0000
vt 0.9284 0.3038 0.0000
vt 0.9309 0.3038 0.0000
vt 0.9480 0.3039 0.0000
vt 0.8703 0.3035 0.0000
vt 0.8550 0.3035 0.0000
vt 0.8728 0.3035 0.0000
vt 0.8528 0.3035 0.0000
vt 0.8392 0.3034 0.0000
vt 0.8373 0.3034 0.0000
vt 0.8891 0.3036 0.0000
vt 0.4548 0.2918 0.0000
vt 0.4459 0.2918 0.0000
vt 0.4652 0.2916 0.0000
vt 0.3998 0.2927 0.0000
vt 0.3913 0.2928 0.0000
vt 0.4084 0.2925 0.0000
vt 0.4173 0.2924 0.0000
vt 0.4268 0.2921 0.0000
vt 0.4358 0.2920 0.0000
vt 0.4738 0.2916 0.0000
vt 0.3574 0.2936 0.0000
vt 0.3514 0.2936 0.0000
vt 0.3628 0.2934 0.0000
vt 0.3837 0.2931 0.0000
vt 0.3759 0.2932 0.0000
vt 0.3466 0.2938 0.0000
vt 0.3696 0.2933 0.0000
vt 0.5866 0.4140 0.0000
vt 0.5940 0.4142 0.0000
vt 0.5824 0.4140 0.0000
vt 0.5991 0.4143 0.0000
vt 0.6076 0.4146 0.0000
vt 0.7252 0.4153 0.0000
vt 0.7355 0.4152 0.0000
vt 0.7182 0.4156 0.0000
vt 0.7073 0.4156 0.0000
vt 0.6997 0.4158 0.0000
vt 0.6884 0.4158 0.0000
vt 0.6803 0.4160 0.0000
vt 0.6494 0.4155 0.0000
vt 0.6607 0.4158 0.0000
vt 0.6416 0.4155 0.0000
vt 0.6689 0.4158 0.0000
vt 0.6308 0.4151 0.0000
vt 0.6237 0.4150 0.0000
vt 0.6137 0.4147 0.0000
vt 0.1196 0.4095 0.0000
vt 0.1285 0.4093 0.0000
vt 0.1171 0.4096 0.0000
vt 0.1314 0.4093 0.0000
vt 0.1418 0.4090 0.0000
vt 0.1093 0.4098 0.0000
vt 0.1069 0.4098 0.0000
vt 0.0997 0.4100 0.0000
vt 0.0975 0.4100 0.0000
vt 0.1789 0.4083 0.0000
vt 0.1944 0.4080 0.0000
vt 0.1754 0.4083 0.0000
vt 0.1611 0.4086 0.0000
vt 0.1576 0.4087 0.0000
vt 0.1451 0.4090 0.0000
vt 0.0808 0.4102 0.0000
vt 0.0880 0.4102 0.0000
vt 0.0785 0.4103 0.0000
vt 0.0903 0.4101 0.0000
vt 0.0714 0.4101 0.0000
vt 0.0690 0.4101 0.0000
vt 0.0619 0.4099 0.0000
vt 0.0595 0.4099 0.0000
vt 0.8184 0.4134 0.0000
vt 0.8259 0.4132 0.0000
vt 0.8145 0.4135 0.0000
vt 0.8303 0.4130 0.0000
vt 0.8392 0.4129 0.0000
vt 0.8079 0.4136 0.0000
vt 0.8044 0.4137 0.0000
vt 0.7983 0.4138 0.0000
vt 0.7949 0.4140 0.0000
vt 0.9556 0.4107 0.0000
vt 0.9699 0.4104 0.0000
vt 0.9504 0.4108 0.0000
vt 0.9750 0.4104 0.0000
vt 0.9894 0.4099 0.0000
vt 0.9361 0.4110 0.0000
vt 0.9309 0.4110 0.0000
vt 0.9167 0.4112 0.0000
vt 0.9114 0.4113 0.0000
vt 0.8784 0.4119 0.0000
vt 0.8918 0.4116 0.0000
vt 0.8728 0.4120 0.0000
vt 0.8973 0.4115 0.0000
vt 0.8605 0.4123 0.0000
vt 0.8551 0.4124 0.0000
vt 0.8443 0.4127 0.0000
vt 0.7790 0.4142 0.0000
vt 0.7854 0.4141 0.0000
vt 0.7753 0.4143 0.0000
vt 0.7888 0.4140 0.0000
vt 0.7682 0.4144 0.0000
vt 0.7640 0.4146 0.0000
vt 0.7559 0.4147 0.0000
vt 0.7510 0.4148 0.0000
vt 0.7415 0.4150 0.0000
vt 0.4319 0.4109 0.0000
vt 0.4459 0.4111 0.0000
vt 0.4268 0.4107 0.0000
vt 0.4131 0.4105 0.0000
vt 0.4084 0.4104 0.0000
vt 0.4891 0.4118 0.0000
vt 0.5016 0.4120 0.0000
vt 0.4839 0.4117 0.0000
vt 0.5064 0.4122 0.0000
vt 0.5174 0.4124 0.0000
vt 0.4705 0.4115 0.0000
vt 0.4651 0.4114 0.0000
vt 0.4512 0.4112 0.0000
vt 0.3539 0.4092 0.0000
vt 0.3628 0.4094 0.0000
vt 0.3514 0.4091 0.0000
vt 0.3657 0.4095 0.0000
vt 0.3759 0.4097 0.0000
vt 0.3955 0.4102 0.0000
vt 0.3913 0.4101 0.0000
vt 0.3795 0.4099 0.0000
vt 0.3433 0.4089 0.0000
vt 0.3412 0.4088 0.0000
vt 0.3334 0.4086 0.0000
vt 0.3315 0.4085 0.0000
vt 0.5757 0.4138 0.0000
vt 0.5721 0.4137 0.0000
vt 0.5458 0.4130 0.0000
vt 0.5527 0.4132 0.0000
vt 0.5423 0.4130 0.0000
vt 0.5345 0.4128 0.0000
vt 0.5308 0.4127 0.0000
vt 0.5216 0.4125 0.0000
vt 0.5560 0.4133 0.0000
vt 0.5624 0.4135 0.0000
vt 0.5657 0.4136 0.0000
vt 0.2733 0.4078 0.0000
vt 0.2865 0.4078 0.0000
vt 0.2706 0.4077 0.0000
vt 0.3134 0.4082 0.0000
vt 0.3218 0.4083 0.0000
vt 0.3115 0.4081 0.0000
vt 0.3236 0.4084 0.0000
vt 0.3020 0.4080 0.0000
vt 0.2999 0.4080 0.0000
vt 0.2889 0.4079 0.0000
vt 0.2369 0.4077 0.0000
vt 0.2528 0.4076 0.0000
vt 0.2337 0.4076 0.0000
vt 0.2558 0.4077 0.0000
vt 0.2174 0.4078 0.0000
vt 0.2141 0.4077 0.0000
vt 0.1979 0.4080 0.0000
vt 0.6613 0.8762 0.0000
vt 0.6471 0.8839 0.0000
vt 0.6213 0.8924 0.0000
vt 0.6918 0.8568 0.0000
vt 0.2834 0.8387 0.0000
vt 0.2768 0.8338 0.0000
vt 0.2571 0.8135 0.0000
vt 0.7483 0.8053 0.0000
vt 0.3360 0.1618 0.0000
vt 0.3392 0.1589 0.0000
vt 0.3574 0.1449 0.0000
vt 0.3615 0.1418 0.0000
vt 0.3840 0.1299 0.0000
vt 0.3200 0.1768 0.0000
vt 0.3171 0.1795 0.0000
vt 0.4182 0.1181 0.0000
vt 0.3896 0.1270 0.0000
vt 0.4262 0.1156 0.0000
vt 0.4584 0.1104 0.0000
vt 0.4690 0.1087 0.0000
vt 0.5027 0.1075 0.0000
vt 0.5156 0.1071 0.0000
vt 0.5490 0.1103 0.0000
vt 0.5636 0.1118 0.0000
vt 0.5952 0.1196 0.0000
vt 0.6109 0.1237 0.0000
vt 0.6394 0.1348 0.0000
vt 0.6553 0.1411 0.0000
vt 0.6798 0.1541 0.0000
vt 0.6949 0.1623 0.0000
vt 0.7146 0.1760 0.0000
vt 0.7278 0.1854 0.0000
vt 0.7418 0.1989 0.0000
vt 0.7519 0.2088 0.0000
vt 0.7622 0.2218 0.0000
vt 0.7701 0.2318 0.0000
vt 0.7784 0.2443 0.0000
vt 0.3014 0.1943 0.0000
vt 0.7851 0.2542 0.0000
vt 0.7931 0.2658 0.0000
vt 0.7998 0.2754 0.0000
vt 0.8090 0.2859 0.0000
vt 0.8169 0.2950 0.0000
vt 0.8266 0.3058 0.0000
vt 0.8352 0.3154 0.0000
vt 0.8446 0.3279 0.0000
vt 0.8532 0.3392 0.0000
vt 0.8617 0.3547 0.0000
vt 0.8764 0.3884 0.0000
vt 0.8697 0.3689 0.0000
vt 0.8832 0.4071 0.0000
vt 0.8878 0.4292 0.0000
vt 0.8928 0.4514 0.0000
vt 0.8951 0.4749 0.0000
vt 0.8977 0.4997 0.0000
vt 0.8972 0.5235 0.0000
vt 0.8969 0.5499 0.0000
vt 0.8933 0.5730 0.0000
vt 0.8895 0.5996 0.0000
vt 0.8835 0.6213 0.0000
vt 0.8766 0.6468 0.0000
vt 0.8687 0.6662 0.0000
vt 0.8595 0.6893 0.0000
vt 0.8501 0.7056 0.0000
vt 0.8393 0.7248 0.0000
vt 0.8289 0.7371 0.0000
vt 0.8171 0.7511 0.0000
vt 0.8061 0.7608 0.0000
vt 0.7939 0.7714 0.0000
vt 0.7826 0.7797 0.0000
vt 0.7707 0.7884 0.0000
vt 0.2985 0.1966 0.0000
vt 0.2808 0.2100 0.0000
vt 0.2778 0.2123 0.0000
vt 0.2584 0.2263 0.0000
vt 0.2554 0.2288 0.0000
vt 0.2349 0.2454 0.0000
vt 0.2320 0.2484 0.0000
vt 0.2107 0.2695 0.0000
vt 0.2077 0.2734 0.0000
vt 0.1862 0.3010 0.0000
vt 0.1833 0.3056 0.0000
vt 0.1632 0.3388 0.0000
vt 0.1608 0.3442 0.0000
vt 0.1438 0.3819 0.0000
vt 0.1420 0.3880 0.0000
vt 0.1298 0.4294 0.0000
vt 0.1288 0.4362 0.0000
vt 0.1230 0.4802 0.0000
vt 0.1229 0.4872 0.0000
vt 0.1227 0.5314 0.0000
vt 0.1234 0.5381 0.0000
vt 0.1281 0.5799 0.0000
vt 0.1296 0.5860 0.0000
vt 0.1385 0.6228 0.0000
vt 0.1405 0.6278 0.0000
vt 0.1530 0.6571 0.0000
vt 0.1554 0.6613 0.0000
vt 0.1699 0.6853 0.0000
vt 0.1726 0.6890 0.0000
vt 0.1878 0.7097 0.0000
vt 0.7595 0.7969 0.0000
vt 0.1904 0.7134 0.0000
vt 0.2048 0.7331 0.0000
vt 0.2071 0.7371 0.0000
vt 0.2193 0.7578 0.0000
vt 0.2219 0.7621 0.0000
vt 0.2343 0.7832 0.0000
vt 0.2376 0.7877 0.0000
vt 0.2525 0.8087 0.0000
vt 0.3099 0.8579 0.0000
vt 0.3187 0.8625 0.0000
vt 0.3504 0.8793 0.0000
vt 0.3613 0.8832 0.0000
vt 0.3968 0.8963 0.0000
vt 0.4098 0.8991 0.0000
vt 0.4475 0.9073 0.0000
vt 0.4629 0.9082 0.0000
vt 0.5011 0.9107 0.0000
vt 0.5183 0.9095 0.0000
vt 0.7377 0.8155 0.0000
vt 0.5543 0.9073 0.0000
vt 0.5724 0.9039 0.0000
vt 0.7278 0.8249 0.0000
vt 0.6041 0.8980 0.0000
vt 0.7162 0.8360 0.0000
vt 0.7060 0.8457 0.0000
vt 0.6801 0.8659 0.0000
vt 0.1201 0.4127 0.0000
vt 0.1164 0.4257 0.0000
vt 0.1122 0.4623 0.0000
vt 0.6929 0.8240 0.0000
vt 0.1263 0.6058 0.0000
vt 0.1301 0.6194 0.0000
vt 0.1405 0.6419 0.0000
vt 0.2654 0.8126 0.0000
vt 0.2746 0.8217 0.0000
vt 0.2944 0.8358 0.0000
vt 0.2504 0.7977 0.0000
vt 0.2435 0.7886 0.0000
vt 0.3070 0.8447 0.0000
vt 0.3305 0.8571 0.0000
vt 0.3461 0.8652 0.0000
vt 0.3723 0.8750 0.0000
vt 0.3904 0.8817 0.0000
vt 0.4184 0.8880 0.0000
vt 0.4382 0.8925 0.0000
vt 0.4675 0.8947 0.0000
vt 0.4881 0.8962 0.0000
vt 0.5174 0.8946 0.0000
vt 0.5373 0.8936 0.0000
vt 0.5652 0.8886 0.0000
vt 0.5832 0.8854 0.0000
vt 0.6079 0.8774 0.0000
vt 0.6427 0.8620 0.0000
vt 0.6231 0.8726 0.0000
vt 0.6542 0.8558 0.0000
vt 0.6702 0.8436 0.0000
vt 0.6792 0.8368 0.0000
vt 0.2318 0.7733 0.0000
vt 0.2261 0.7645 0.0000
vt 0.2162 0.7491 0.0000
vt 0.2105 0.7407 0.0000
vt 0.2007 0.7256 0.0000
vt 0.1943 0.7178 0.0000
vt 0.1827 0.7035 0.0000
vt 0.1761 0.6955 0.0000
vt 0.1639 0.6802 0.0000
vt 0.1577 0.6710 0.0000
vt 0.1458 0.6530 0.0000
vt 0.1184 0.5767 0.0000
vt 0.1162 0.5618 0.0000
vt 0.1116 0.5281 0.0000
vt 0.1112 0.5130 0.0000
vt 0.1106 0.4768 0.0000
vt 0.1299 0.3782 0.0000
vt 0.1351 0.3667 0.0000
vt 0.1491 0.3353 0.0000
vt 0.1552 0.3255 0.0000
vt 0.1722 0.2980 0.0000
vt 0.1787 0.2901 0.0000
vt 0.1972 0.2676 0.0000
vt 0.2037 0.2619 0.0000
vt 0.2222 0.2451 0.0000
vt 0.2284 0.2408 0.0000
vt 0.7004 0.8171 0.0000
vt 0.2466 0.2279 0.0000
vt 0.2524 0.2244 0.0000
vt 0.7134 0.8047 0.0000
vt 0.7203 0.7982 0.0000
vt 0.7343 0.7874 0.0000
vt 0.7415 0.7819 0.0000
vt 0.7562 0.7707 0.0000
vt 0.7633 0.7651 0.0000
vt 0.7783 0.7517 0.0000
vt 0.7853 0.7453 0.0000
vt 0.8003 0.7275 0.0000
vt 0.8070 0.7195 0.0000
vt 0.8215 0.6954 0.0000
vt 0.8279 0.6849 0.0000
vt 0.8409 0.6557 0.0000
vt 0.8464 0.6435 0.0000
vt 0.8568 0.6104 0.0000
vt 0.8611 0.5972 0.0000
vt 0.8679 0.5614 0.0000
vt 0.8706 0.5478 0.0000
vt 0.8726 0.5107 0.0000
vt 0.8734 0.4973 0.0000
vt 0.8710 0.4607 0.0000
vt 0.8703 0.4481 0.0000
vt 0.8641 0.4139 0.0000
vt 0.8621 0.4028 0.0000
vt 0.8527 0.3729 0.0000
vt 0.8498 0.3638 0.0000
vt 0.8376 0.3403 0.0000
vt 0.8341 0.3335 0.0000
vt 0.8202 0.3147 0.0000
vt 0.8164 0.3095 0.0000
vt 0.8020 0.2933 0.0000
vt 0.2697 0.2135 0.0000
vt 0.7983 0.2891 0.0000
vt 0.2748 0.2101 0.0000
vt 0.7845 0.2734 0.0000
vt 0.7812 0.2696 0.0000
vt 0.2908 0.1994 0.0000
vt 0.7693 0.2525 0.0000
vt 0.7665 0.2485 0.0000
vt 0.7543 0.2305 0.0000
vt 0.7516 0.2265 0.0000
vt 0.7367 0.2081 0.0000
vt 0.7334 0.2041 0.0000
vt 0.7135 0.1858 0.0000
vt 0.6821 0.1645 0.0000
vt 0.7093 0.1820 0.0000
vt 0.6764 0.1609 0.0000
vt 0.6435 0.1453 0.0000
vt 0.2952 0.1955 0.0000
vt 0.6369 0.1422 0.0000
vt 0.6001 0.1296 0.0000
vt 0.5926 0.1272 0.0000
vt 0.5538 0.1188 0.0000
vt 0.3092 0.1829 0.0000
vt 0.5459 0.1172 0.0000
vt 0.5070 0.1142 0.0000
vt 0.4986 0.1136 0.0000
vt 0.3135 0.1789 0.0000
vt 0.4616 0.1153 0.0000
vt 0.3278 0.1656 0.0000
vt 0.3326 0.1619 0.0000
vt 0.4531 0.1158 0.0000
vt 0.4197 0.1214 0.0000
vt 0.4116 0.1228 0.0000
vt 0.3835 0.1318 0.0000
vt 0.3550 0.1457 0.0000
vt 0.3762 0.1341 0.0000
vt 0.3492 0.1488 0.0000
# 774 texture coords

o Object005
g Object005
usemtl wire_143225087
s 1
f 3012/4023/2881 3013/4024/2882 3014/4025/2883 3015/4026/2884 
f 3016/4027/2885 3017/4028/2886 3013/4024/2882 3012/4023/2881 
f 3015/4026/2884 3018/4029/2887 3019/4030/2888 3012/4023/2881 
f 3020/4031/2889 3016/4027/2885 3012/4023/2881 3019/4030/2888 
f 3021/4032/2890 3022/4033/2891 3017/4028/2886 3016/4027/2885 
f 3023/4034/2892 3024/4035/2893 3022/4033/2891 3021/4032/2890 
f 3021/4032/2890 3025/4036/2894 3026/4037/2895 3023/4034/2892 
f 3025/4036/2894 3021/4032/2890 3016/4027/2885 3020/4031/2889 
f 3027/4038/2896 3028/4039/2897 3015/4026/2884 3014/4025/2883 
f 3028/4039/2897 3029/4040/2898 3018/4029/2887 3015/4026/2884 
f 3030/4041/2899 3031/4042/2900 3028/4039/2897 3027/4038/2896 
f 3032/4043/2901 3033/4044/2902 3034/4045/2903 3035/4046/2904 
f 3031/4042/2900 3030/4041/2899 3033/4044/2902 3032/4043/2901 
f 3035/4046/2904 3036/4047/2905 3037/4048/2906 3032/4043/2901 
f 3038/4049/2907 3031/4042/2900 3032/4043/2901 3037/4048/2906 
f 3029/4040/2898 3028/4039/2897 3031/4042/2900 3038/4049/2907 
f 3039/4050/2908 3040/4051/2909 3035/4046/2904 3034/4045/2903 
f 3040/4051/2909 3041/4052/2910 3036/4047/2905 3035/4046/2904 
f 3042/4053/2911 3043/4054/2912 3040/4051/2909 3039/4050/2908 
f 3044/4055/2913 3045/4056/2914 3046/4057/2915 3047/4058/2916 
f 3043/4054/2912 3042/4053/2911 3045/4056/2914 3044/4055/2913 
f 3047/4058/2916 3048/4059/2917 3049/4060/2918 3044/4055/2913 
f 3050/4061/2919 3043/4054/2912 3044/4055/2913 3049/4060/2918 
f 3041/4052/2910 3040/4051/2909 3043/4054/2912 3050/4061/2919 
f 3024/4035/2893 3051/4062/2920 3052/4063/2921 3022/4033/2891 
f 3053/4064/2922 3017/4028/2886 3022/4033/2891 3052/4063/2921 
f 3013/4024/2882 3054/4065/2923 3055/4066/2924 3014/4025/2883 
f 3054/4065/2923 3013/4024/2882 3017/4028/2886 3053/4064/2922 
f 3056/4067/2925 3027/4038/2896 3014/4025/2883 3055/4066/2924 
f 3057/4068/2926 3030/4041/2899 3027/4038/2896 3056/4067/2925 
f 3033/4044/2902 3058/4069/2927 3059/4070/2928 3034/4045/2903 
f 3058/4069/2927 3033/4044/2902 3030/4041/2899 3057/4068/2926 
f 3060/4071/2929 3039/4050/2908 3034/4045/2903 3059/4070/2928 
f 3061/4072/2930 3042/4053/2911 3039/4050/2908 3060/4071/2929 
f 3045/4056/2914 3062/4073/2931 3063/4074/2932 3046/4057/2915 
f 3062/4073/2931 3045/4056/2914 3042/4053/2911 3061/4072/2930 
f 3064/4075/2933 3065/4076/2934 3024/4035/2893 3023/4034/2892 
f 3066/4077/2935 3067/4078/2936 3065/4076/2934 3064/4075/2933 
f 3068/4079/2937 3064/4075/2933 3023/4034/2892 3026/4037/2895 
f 3069/4080/2938 3066/4077/2935 3064/4075/2933 3068/4079/2937 
f 3070/4081/2939 3071/4082/2940 3067/4078/2936 3066/4077/2935 
f 3072/4083/2941 3073/4084/2942 3074/4085/2943 3075/4086/2944 
f 3076/4087/2945 3077/4088/2946 3073/4084/2942 3072/4083/2941 
f 3075/4086/2944 3078/4089/2947 3079/4090/2948 3072/4083/2941 
f 3080/4091/2949 3076/4087/2945 3072/4083/2941 3079/4090/2948 
f 3081/4092/2950 3082/4093/2951 3077/4088/2946 3076/4087/2945 
f 3083/4094/2952 3084/4095/2953 3082/4093/2951 3081/4092/2950 
f 3081/4092/2950 3085/4096/2954 3086/4097/2955 3083/4094/2952 
f 3085/4096/2954 3081/4092/2950 3076/4087/2945 3080/4091/2949 
f 3087/4098/2956 3088/4099/2957 3084/4095/2953 3083/4094/2952 
f 3089/4100/2958 3090/4101/2959 3088/4099/2957 3087/4098/2956 
f 3091/4102/2960 3087/4098/2956 3083/4094/2952 3086/4097/2955 
f 3092/4103/2961 3089/4100/2958 3087/4098/2956 3091/4102/2960 
f 3093/4104/2962 3094/4105/2963 3090/4101/2959 3089/4100/2958 
f 3095/4106/2964 3096/4107/2965 3097/4108/2966 3098/4109/2967 
f 3099/4110/2968 3100/4111/2969 3096/4107/2965 3095/4106/2964 
f 3098/4109/2967 3101/4112/2970 3102/4113/2971 3095/4106/2964 
f 3103/4114/2972 3099/4110/2968 3095/4106/2964 3102/4113/2971 
f 3104/4115/2973 3105/4116/2974 3100/4111/2969 3099/4110/2968 
f 3106/4117/2975 3107/4118/2976 3105/4116/2974 3104/4115/2973 
f 3104/4115/2973 3108/4119/2977 3109/4120/2978 3106/4117/2975 
f 3108/4119/2977 3104/4115/2973 3099/4110/2968 3103/4114/2972 
f 3094/4105/2963 3093/4104/2962 3098/4109/2967 3097/4108/2966 
f 3093/4104/2962 3110/4121/2979 3101/4112/2970 3098/4109/2967 
f 3110/4121/2979 3093/4104/2962 3089/4100/2958 3092/4103/2961 
f 3084/4095/2953 3111/4122/2980 3112/4123/2981 3082/4093/2951 
f 3113/4124/2982 3077/4088/2946 3082/4093/2951 3112/4123/2981 
f 3073/4084/2942 3114/4125/2983 3115/4126/2984 3074/4085/2943 
f 3114/4125/2983 3073/4084/2942 3077/4088/2946 3113/4124/2982 
f 3107/4118/2976 3116/4127/2985 3117/4128/2986 3105/4116/2974 
f 3118/4129/2987 3100/4111/2969 3105/4116/2974 3117/4128/2986 
f 3096/4107/2965 3119/4130/2988 3120/4131/2989 3097/4108/2966 
f 3119/4130/2988 3096/4107/2965 3100/4111/2969 3118/4129/2987 
f 3121/4132/2990 3094/4105/2963 3097/4108/2966 3120/4131/2989 
f 3122/4133/2991 3090/4101/2959 3094/4105/2963 3121/4132/2990 
f 3088/4099/2957 3123/4134/2992 3111/4122/2980 3084/4095/2953 
f 3123/4134/2992 3088/4099/2957 3090/4101/2959 3122/4133/2991 
f 3071/4082/2940 3070/4081/2939 3075/4086/2944 3074/4085/2943 
f 3070/4081/2939 3124/4135/2993 3078/4089/2947 3075/4086/2944 
f 3124/4135/2993 3070/4081/2939 3066/4077/2935 3069/4080/2938 
f 3125/4136/2994 3126/4137/2995 3047/4058/2916 3046/4057/2915 
f 3126/4137/2995 3127/4138/2996 3048/4059/2917 3047/4058/2916 
f 3128/4139/2997 3129/4140/2998 3126/4137/2995 3125/4136/2994 
f 3130/4141/2999 3131/4142/3000 3132/4143/3001 3133/4144/3002 
f 3134/4145/3003 3135/4146/3004 3131/4142/3000 3130/4141/2999 
f 3133/4144/3002 3136/4147/3005 3137/4148/3006 3130/4141/2999 
f 3138/4149/3007 3134/4145/3003 3130/4141/2999 3137/4148/3006 
f 3139/4150/3008 3140/4151/3009 3135/4146/3004 3134/4145/3003 
f 3141/4152/3010 3142/4153/3011 3140/4151/3009 3139/4150/3008 
f 3139/4150/3008 3143/4154/3012 3144/4155/3013 3141/4152/3010 
f 3143/4154/3012 3139/4150/3008 3134/4145/3003 3138/4149/3007 
f 3145/4156/3014 3146/4157/3015 3133/4144/3002 3132/4143/3001 
f 3146/4157/3015 3147/4158/3016 3136/4147/3005 3133/4144/3002 
f 3148/4159/3017 3149/4160/3018 3146/4157/3015 3145/4156/3014 
f 3150/4161/3019 3151/4162/3020 3152/4163/3021 3153/4164/3022 
f 3149/4160/3018 3148/4159/3017 3151/4162/3020 3150/4161/3019 
f 3153/4164/3022 3154/4165/3023 3155/4166/3024 3150/4161/3019 
f 3156/4167/3025 3149/4160/3018 3150/4161/3019 3155/4166/3024 
f 3147/4158/3016 3146/4157/3015 3149/4160/3018 3156/4167/3025 
f 3157/4168/3026 3158/4169/3027 3153/4170/3022 3152/4171/3021 
f 3158/4169/3027 3159/4172/3028 3154/4173/3023 3153/4170/3022 
f 3160/4174/3029 3161/4175/3030 3158/4169/3027 3157/4168/3026 
f 3162/4176/3031 3163/4177/3032 3164/4178/3033 3165/4179/3034 
f 3161/4175/3030 3160/4174/3029 3163/4177/3032 3162/4176/3031 
f 3165/4179/3034 3166/4180/3035 3167/4181/3036 3162/4176/3031 
f 3168/4182/3037 3161/4175/3030 3162/4176/3031 3167/4181/3036 
f 3159/4172/3028 3158/4169/3027 3161/4175/3030 3168/4182/3037 
f 3142/4153/3011 3169/4183/3038 3170/4184/3039 3140/4151/3009 
f 3171/4185/3040 3135/4146/3004 3140/4151/3009 3170/4184/3039 
f 3131/4142/3000 3172/4186/3041 3173/4187/3042 3132/4143/3001 
f 3172/4186/3041 3131/4142/3000 3135/4146/3004 3171/4185/3040 
f 3174/4188/3043 3145/4156/3014 3132/4143/3001 3173/4187/3042 
f 3175/4189/3044 3148/4159/3017 3145/4156/3014 3174/4188/3043 
f 3151/4162/3020 3176/4190/3045 3177/4191/3046 3152/4163/3021 
f 3176/4190/3045 3151/4162/3020 3148/4159/3017 3175/4189/3044 
f 3178/4192/3047 3157/4168/3026 3152/4171/3021 3177/4193/3046 
f 3179/4194/3048 3160/4174/3029 3157/4168/3026 3178/4192/3047 
f 3163/4177/3032 3180/4195/3049 3181/4196/3050 3164/4178/3033 
f 3180/4195/3049 3163/4177/3032 3160/4174/3029 3179/4194/3048 
f 3182/4197/3051 3183/4198/3052 3142/4153/3011 3141/4152/3010 
f 3129/4140/2998 3128/4139/2997 3183/4198/3052 3182/4197/3051 
f 3184/4199/3053 3182/4197/3051 3141/4152/3010 3144/4155/3013 
f 3185/4200/3054 3129/4140/2998 3182/4197/3051 3184/4199/3053 
f 3127/4138/2996 3126/4137/2995 3129/4140/2998 3185/4200/3054 
f 3186/4201/3055 3071/4082/2940 3074/4085/2943 3115/4126/2984 
f 3187/4202/3056 3067/4078/2936 3071/4082/2940 3186/4201/3055 
f 3065/4076/2934 3188/4203/3057 3051/4062/2920 3024/4035/2893 
f 3188/4203/3057 3065/4076/2934 3067/4078/2936 3187/4202/3056 
f 3189/4204/3058 3125/4136/2994 3046/4057/2915 3063/4074/2932 
f 3190/4205/3059 3128/4139/2997 3125/4136/2994 3189/4204/3058 
f 3183/4198/3052 3191/4206/3060 3169/4183/3038 3142/4153/3011 
f 3191/4206/3060 3183/4198/3052 3128/4139/2997 3190/4205/3059 
f 3192/4207/3061 3193/4208/3062 3165/4179/3034 3164/4178/3033 
f 3193/4208/3062 3194/4209/3063 3166/4180/3035 3165/4179/3034 
f 3195/4210/3064 3196/4211/3065 3193/4208/3062 3192/4207/3061 
f 3197/4212/3066 3198/4213/3067 3199/4214/3068 3200/4215/3069 
f 3201/4216/3070 3202/4217/3071 3198/4213/3067 3197/4212/3066 
f 3200/4215/3069 3203/4218/3072 3204/4219/3073 3197/4212/3066 
f 3205/4220/3074 3201/4216/3070 3197/4212/3066 3204/4219/3073 
f 3206/4221/3075 3207/4222/3076 3202/4217/3071 3201/4216/3070 
f 3208/4223/3077 3209/4224/3078 3207/4222/3076 3206/4221/3075 
f 3206/4221/3075 3210/4225/3079 3211/4226/3080 3208/4223/3077 
f 3210/4225/3079 3206/4221/3075 3201/4216/3070 3205/4220/3074 
f 3212/4227/3081 3213/4228/3082 3200/4215/3069 3199/4214/3068 
f 3213/4228/3082 3214/4229/3083 3203/4218/3072 3200/4215/3069 
f 3215/4230/3084 3216/4231/3085 3213/4228/3082 3212/4227/3081 
f 3217/4232/3086 3218/4233/3087 3219/4234/3088 3220/4235/3089 
f 3216/4231/3085 3215/4230/3084 3218/4233/3087 3217/4232/3086 
f 3220/4235/3089 3221/4236/3090 3222/4237/3091 3217/4232/3086 
f 3223/4238/3092 3216/4231/3085 3217/4232/3086 3222/4237/3091 
f 3214/4229/3083 3213/4228/3082 3216/4231/3085 3223/4238/3092 
f 3224/4239/3093 3225/4240/3094 3220/4235/3089 3219/4234/3088 
f 3225/4240/3094 3226/4241/3095 3221/4236/3090 3220/4235/3089 
f 3227/4242/3096 3228/4243/3097 3225/4240/3094 3224/4239/3093 
f 3229/4244/3098 3230/4245/3099 3231/4246/3100 3232/4247/3101 
f 3228/4243/3097 3227/4242/3096 3230/4245/3099 3229/4244/3098 
f 3232/4247/3101 3233/4248/3102 3234/4249/3103 3229/4244/3098 
f 3235/4250/3104 3228/4243/3097 3229/4244/3098 3234/4249/3103 
f 3226/4241/3095 3225/4240/3094 3228/4243/3097 3235/4250/3104 
f 3209/4224/3078 3236/4251/3105 3237/4252/3106 3207/4222/3076 
f 3238/4253/3107 3202/4217/3071 3207/4222/3076 3237/4252/3106 
f 3198/4213/3067 3239/4254/3108 3240/4255/3109 3199/4214/3068 
f 3239/4254/3108 3198/4213/3067 3202/4217/3071 3238/4253/3107 
f 3241/4256/3110 3212/4227/3081 3199/4214/3068 3240/4255/3109 
f 3242/4257/3111 3215/4230/3084 3212/4227/3081 3241/4256/3110 
f 3218/4233/3087 3243/4258/3112 3244/4259/3113 3219/4234/3088 
f 3243/4258/3112 3218/4233/3087 3215/4230/3084 3242/4257/3111 
f 3245/4260/3114 3224/4239/3093 3219/4234/3088 3244/4259/3113 
f 3246/4261/3115 3227/4242/3096 3224/4239/3093 3245/4260/3114 
f 3230/4245/3099 3247/4262/3116 3248/4263/3117 3231/4246/3100 
f 3247/4262/3116 3230/4245/3099 3227/4242/3096 3246/4261/3115 
f 3249/4264/3118 3250/4265/3119 3209/4224/3078 3208/4223/3077 
f 3196/4211/3065 3195/4210/3064 3250/4265/3119 3249/4264/3118 
f 3251/4266/3120 3249/4264/3118 3208/4223/3077 3211/4226/3080 
f 3252/4267/3121 3196/4211/3065 3249/4264/3118 3251/4266/3120 
f 3194/4209/3063 3193/4208/3062 3196/4211/3065 3252/4267/3121 
f 3253/4268/3122 3254/4269/3123 3107/4118/2976 3106/4117/2975 
f 3255/4270/3124 3256/4271/3125 3254/4269/3123 3253/4268/3122 
f 3257/4272/3126 3253/4268/3122 3106/4117/2975 3109/4120/2978 
f 3258/4273/3127 3255/4270/3124 3253/4268/3122 3257/4272/3126 
f 3259/4274/3128 3260/4275/3129 3232/4247/3101 3231/4246/3100 
f 3260/4275/3129 3261/4276/3130 3233/4248/3102 3232/4247/3101 
f 3260/4275/3129 3259/4274/3128 3256/4271/3125 3255/4270/3124 
f 3261/4276/3130 3260/4275/3129 3255/4270/3124 3258/4273/3127 
f 3262/4277/3131 3192/4207/3061 3164/4178/3033 3181/4196/3050 
f 3263/4278/3132 3195/4210/3064 3192/4207/3061 3262/4277/3131 
f 3250/4265/3119 3264/4279/3133 3236/4251/3105 3209/4224/3078 
f 3264/4279/3133 3250/4265/3119 3195/4210/3064 3263/4278/3132 
f 3265/4280/3134 3259/4274/3128 3231/4246/3100 3248/4263/3117 
f 3266/4281/3135 3256/4271/3125 3259/4274/3128 3265/4280/3134 
f 3254/4269/3123 3267/4282/3136 3116/4127/2985 3107/4118/2976 
f 3267/4282/3136 3254/4269/3123 3256/4271/3125 3266/4281/3135 
f 3268/4283/3137 3269/4284/3138 3025/4036/2894 3020/4031/2889 
f 3270/4285/3139 3268/4283/3137 3020/4031/2889 
f 3271/4286/3140 3270/4285/3139 3020/4031/2889 3019/4030/2888 
f 3271/4286/3140 3019/4030/2888 3272/4287/3141 
f 3273/4288/3142 3274/4289/3143 3029/4040/2898 3038/4049/2907 
f 3273/4288/3142 3038/4049/2907 3275/4290/3144 
f 3276/4291/3145 3272/4287/3141 3019/4030/2888 3018/4029/2887 
f 3276/4291/3145 3018/4029/2887 3277/4292/3146 
f 3278/4293/3147 3277/4292/3146 3018/4029/2887 3029/4040/2898 
f 3278/4293/3147 3029/4040/2898 3274/4289/3143 
f 3279/4294/3148 3275/4290/3144 3038/4049/2907 3037/4048/2906 
f 3279/4294/3148 3037/4048/2906 3280/4295/3149 
f 3281/4296/3150 3282/4297/3151 3036/4047/2905 3041/4052/2910 
f 3281/4296/3150 3041/4052/2910 3283/4298/3152 
f 3284/4299/3153 3280/4295/3149 3037/4048/2906 3036/4047/2905 
f 3282/4297/3151 3284/4299/3153 3036/4047/2905 
f 3285/4300/3154 3283/4298/3152 3041/4052/2910 3050/4061/2919 
f 3285/4300/3154 3050/4061/2919 3286/4301/3155 
f 3287/4302/3156 3288/4303/3157 3127/4138/2996 3185/4200/3054 
f 3287/4302/3156 3185/4200/3054 3289/4304/3158 
f 3290/4305/3159 3291/4306/3160 3048/4059/2917 3127/4138/2996 
f 3288/4303/3157 3290/4305/3159 3127/4138/2996 
f 3292/4307/3161 3293/4308/3162 3049/4060/2918 3048/4059/2917 
f 3292/4307/3161 3048/4059/2917 3291/4306/3160 
f 3294/4309/3163 3286/4301/3155 3050/4061/2919 3049/4060/2918 
f 3294/4309/3163 3049/4060/2918 3293/4308/3162 
f 3295/4310/3164 3289/4304/3158 3185/4200/3054 3184/4199/3053 
f 3295/4310/3164 3184/4199/3053 3296/4311/3165 
f 3297/4312/3166 3298/4313/3167 3092/4103/2961 3091/4102/2960 
f 3297/4312/3166 3091/4102/2960 3299/4314/3168 
f 3300/4315/3169 3301/4316/3170 3086/4097/2955 3085/4096/2954 
f 3300/4315/3169 3085/4096/2954 3302/4317/3171 
f 3303/4318/3172 3299/4314/3168 3091/4102/2960 3086/4097/2955 
f 3303/4318/3172 3086/4097/2955 3301/4316/3170 
f 3304/4319/3173 3305/4320/3174 3079/4090/2948 3078/4089/2947 
f 3304/4319/3173 3078/4089/2947 3306/4321/3175 
f 3307/4322/3176 3302/4317/3171 3085/4096/2954 3080/4091/2949 
f 3307/4322/3176 3080/4091/2949 3308/4323/3177 
f 3309/4324/3178 3308/4323/3177 3080/4091/2949 3079/4090/2948 
f 3309/4324/3178 3079/4090/2948 3305/4320/3174 
f 3310/4325/3179 3306/4321/3175 3078/4089/2947 3124/4135/2993 
f 3310/4325/3179 3124/4135/2993 3311/4326/3180 
f 3312/4327/3181 3311/4326/3180 3124/4135/2993 3069/4080/2938 
f 3312/4327/3181 3069/4080/2938 3313/4328/3182 
f 3314/4329/3183 3313/4328/3182 3069/4080/2938 3068/4079/2937 
f 3314/4329/3183 3068/4079/2937 3315/4330/3184 
f 3316/4331/3185 3315/4330/3184 3068/4079/2937 3026/4037/2895 
f 3316/4331/3185 3026/4037/2895 3317/4332/3186 
f 3318/4333/3187 3317/4332/3186 3026/4037/2895 3025/4036/2894 
f 3318/4333/3187 3025/4036/2894 3269/4284/3138 
f 3319/4334/3188 3320/4335/3189 3233/4248/3102 3261/4276/3130 
f 3319/4334/3188 3261/4276/3130 3321/4336/3190 
f 3322/4337/3191 3323/4338/3192 3234/4249/3103 3233/4248/3102 
f 3322/4337/3191 3233/4248/3102 3320/4335/3189 
f 3324/4339/3193 3325/4340/3194 3222/4237/3091 3221/4236/3090 
f 3324/4339/3193 3221/4236/3090 3326/4341/3195 
f 3327/4342/3196 3328/4343/3197 3235/4250/3104 3234/4249/3103 
f 3323/4338/3192 3327/4342/3196 3234/4249/3103 
f 3329/4344/3198 3330/4345/3199 3226/4241/3095 3235/4250/3104 
f 3329/4344/3198 3235/4250/3104 3328/4343/3197 
f 3331/4346/3200 3326/4341/3195 3221/4236/3090 3226/4241/3095 
f 3330/4345/3199 3331/4346/3200 3226/4241/3095 
f 3332/4347/3201 3333/4348/3202 3214/4229/3083 3223/4238/3092 
f 3332/4347/3201 3223/4238/3092 3334/4349/3203 
f 3335/4350/3204 3334/4349/3203 3223/4238/3092 3222/4237/3091 
f 3335/4350/3204 3222/4237/3091 3325/4340/3194 
f 3336/4351/3205 3337/4352/3206 3204/4219/3073 3203/4218/3072 
f 3336/4351/3205 3203/4218/3072 3338/4353/3207 
f 3339/4354/3208 3340/4355/3209 3205/4220/3074 3204/4219/3073 
f 3339/4354/3208 3204/4219/3073 3337/4352/3206 
f 3341/4356/3210 3338/4353/3207 3203/4218/3072 3214/4229/3083 
f 3341/4356/3210 3214/4229/3083 3333/4348/3202 
f 3342/4357/3211 3343/4358/3212 3252/4267/3121 3251/4266/3120 
f 3342/4357/3211 3251/4266/3120 3344/4359/3213 
f 3345/4360/3214 3344/4359/3213 3251/4266/3120 3211/4226/3080 
f 3345/4360/3214 3211/4226/3080 3346/4361/3215 
f 3347/4362/3216 3348/4363/3217 3210/4225/3079 3205/4220/3074 
f 3340/4355/3209 3347/4362/3216 3205/4220/3074 
f 3349/4364/3218 3346/4361/3215 3211/4226/3080 3210/4225/3079 
f 3348/4363/3217 3349/4364/3218 3210/4225/3079 
f 3350/4365/3219 3351/4366/3220 3194/4209/3063 3252/4267/3121 
f 3343/4358/3212 3350/4365/3219 3252/4267/3121 
f 3352/4367/3221 3353/4368/3222 3166/4180/3035 3194/4209/3063 
f 3352/4367/3221 3194/4209/3063 3351/4366/3220 
f 3354/4369/3223 3355/4370/3224 3168/4182/3037 3167/4181/3036 
f 3354/4369/3223 3167/4181/3036 3356/4371/3225 
f 3357/4372/3226 3356/4371/3225 3167/4181/3036 3166/4180/3035 
f 3353/4368/3222 3357/4372/3226 3166/4180/3035 
f 3358/4373/3227 3359/4374/3228 3159/4172/3028 3168/4182/3037 
f 3355/4370/3224 3358/4373/3227 3168/4182/3037 
f 3360/4375/3229 3361/4376/3230 3154/4173/3023 3159/4172/3028 
f 3359/4374/3228 3360/4375/3229 3159/4172/3028 
f 3362/4377/3231 3363/4378/3232 3137/4148/3006 3136/4147/3005 
f 3362/4377/3231 3136/4147/3005 3364/4379/3233 
f 3365/4380/3234 3366/4381/3235 3156/4167/3025 3155/4166/3024 
f 3365/4380/3234 3155/4166/3024 3367/4382/3236 
f 3368/4383/3237 3367/4382/3236 3155/4166/3024 3154/4165/3023 
f 3361/4384/3230 3368/4383/3237 3154/4165/3023 
f 3369/4385/3238 3364/4379/3233 3136/4147/3005 3147/4158/3016 
f 3369/4385/3238 3147/4158/3016 3370/4386/3239 
f 3371/4387/3240 3370/4386/3239 3147/4158/3016 3156/4167/3025 
f 3371/4387/3240 3156/4167/3025 3366/4381/3235 
f 3372/4388/3241 3373/4389/3242 3143/4154/3012 3138/4149/3007 
f 3372/4388/3241 3138/4149/3007 3374/4390/3243 
f 3375/4391/3244 3376/4392/3245 3144/4155/3013 3143/4154/3012 
f 3375/4391/3244 3143/4154/3012 3373/4389/3242 
f 3377/4393/3246 3296/4311/3165 3184/4199/3053 3144/4155/3013 
f 3377/4393/3246 3144/4155/3013 3376/4392/3245 
f 3378/4394/3247 3374/4390/3243 3138/4149/3007 3137/4148/3006 
f 3378/4394/3247 3137/4148/3006 3363/4378/3232 
f 3379/4395/3248 3380/4396/3249 3101/4112/2970 3110/4121/2979 
f 3379/4395/3248 3110/4121/2979 3381/4397/3250 
f 3382/4398/3251 3383/4399/3252 3108/4119/2977 3103/4114/2972 
f 3382/4398/3251 3103/4114/2972 3384/4400/3253 
f 3385/4401/3254 3384/4400/3253 3103/4114/2972 3102/4113/2971 
f 3385/4401/3254 3102/4113/2971 3386/4402/3255 
f 3387/4403/3256 3386/4402/3255 3102/4113/2971 3101/4112/2970 
f 3387/4403/3256 3101/4112/2970 3380/4396/3249 
f 3092/4103/2961 3298/4313/3167 3388/4404/3257 3110/4121/2979 
f 3110/4121/2979 3388/4404/3257 3381/4397/3250 
f 3389/4405/3258 3390/4406/3259 3258/4273/3127 3257/4272/3126 
f 3389/4405/3258 3257/4272/3126 3391/4407/3260 
f 3392/4408/3261 3393/4409/3262 3109/4120/2978 3108/4119/2977 
f 3392/4408/3261 3108/4119/2977 3383/4399/3252 
f 3394/4410/3263 3321/4336/3190 3261/4276/3130 3258/4273/3127 
f 3390/4406/3259 3394/4410/3263 3258/4273/3127 
f 3395/4411/3264 3391/4407/3260 3257/4272/3126 3109/4120/2978 
f 3395/4411/3264 3109/4120/2978 3393/4409/3262 
f 3396/4412/3265 3397/4413/3266 3188/4203/3057 3187/4202/3056 
f 3396/4412/3265 3187/4202/3056 3398/4414/3267 
f 3399/4415/3268 3400/4416/3269 3051/4062/2920 3188/4203/3057 
f 3399/4415/3268 3188/4203/3057 3397/4413/3266 
f 3401/4417/3270 3402/4418/3271 3058/4069/2927 3057/4068/2926 
f 3401/4417/3270 3057/4068/2926 3403/4419/3272 
f 3404/4420/3273 3403/4419/3272 3057/4068/2926 3056/4067/2925 
f 3404/4420/3273 3056/4067/2925 3405/4421/3274 
f 3406/4422/3275 3405/4421/3274 3056/4067/2925 3055/4066/2924 
f 3406/4422/3275 3055/4066/2924 3407/4423/3276 
f 3408/4424/3277 3409/4425/3278 3054/4065/2923 3053/4064/2922 
f 3408/4424/3277 3053/4064/2922 3410/4426/3279 
f 3411/4427/3280 3407/4423/3276 3055/4066/2924 3054/4065/2923 
f 3411/4427/3280 3054/4065/2923 3409/4425/3278 
f 3412/4428/3281 3410/4426/3279 3053/4064/2922 3052/4063/2921 
f 3412/4428/3281 3052/4063/2921 3413/4429/3282 
f 3414/4430/3283 3413/4429/3282 3052/4063/2921 3051/4062/2920 
f 3414/4430/3283 3051/4062/2920 3400/4416/3269 
f 3415/4431/3284 3416/4432/3285 3264/4279/3133 3263/4278/3132 
f 3415/4431/3284 3263/4278/3132 3417/4433/3286 
f 3418/4434/3287 3419/4435/3288 3236/4251/3105 3264/4279/3133 
f 3418/4434/3287 3264/4279/3133 3416/4432/3285 
f 3420/4436/3289 3417/4433/3286 3263/4278/3132 3262/4277/3131 
f 3420/4436/3289 3262/4277/3131 3421/4437/3290 
f 3422/4438/3291 3421/4437/3290 3262/4277/3131 3181/4196/3050 
f 3422/4438/3291 3181/4196/3050 3423/4439/3292 
f 3424/4440/3293 3425/4441/3294 3239/4254/3108 3238/4253/3107 
f 3424/4440/3293 3238/4253/3107 3426/4442/3295 
f 3427/4443/3296 3426/4442/3295 3238/4253/3107 3237/4252/3106 
f 3427/4443/3296 3237/4252/3106 3428/4444/3297 
f 3429/4445/3298 3428/4444/3297 3237/4252/3106 3236/4251/3105 
f 3429/4445/3298 3236/4251/3105 3419/4435/3288 
f 3430/4446/3299 3431/4447/3300 3180/4195/3049 3179/4194/3048 
f 3430/4446/3299 3179/4194/3048 3432/4448/3301 
f 3433/4449/3302 3423/4439/3292 3181/4196/3050 3180/4195/3049 
f 3433/4449/3302 3180/4195/3049 3431/4447/3300 
f 3434/4450/3303 3432/4448/3301 3179/4194/3048 3178/4192/3047 
f 3434/4450/3303 3178/4192/3047 3435/4451/3304 
f 3436/4452/3305 3435/4451/3304 3178/4192/3047 3177/4193/3046 
f 3436/4452/3305 3177/4193/3046 3437/4453/3306 
f 3438/4454/3307 3439/4455/3308 3191/4206/3060 3190/4205/3059 
f 3438/4454/3307 3190/4205/3059 3440/4456/3309 
f 3441/4457/3310 3442/4458/3311 3169/4183/3038 3191/4206/3060 
f 3441/4457/3310 3191/4206/3060 3439/4455/3308 
f 3443/4459/3312 3440/4456/3309 3190/4205/3059 3189/4204/3058 
f 3443/4459/3312 3189/4204/3058 3444/4460/3313 
f 3445/4461/3314 3444/4460/3313 3189/4204/3058 3063/4074/2932 
f 3445/4461/3314 3063/4074/2932 3446/4462/3315 
f 3447/4463/3316 3448/4464/3317 3176/4190/3045 3175/4189/3044 
f 3447/4463/3316 3175/4189/3044 3449/4465/3318 
f 3450/4466/3319 3437/4467/3306 3177/4191/3046 3176/4190/3045 
f 3450/4466/3319 3176/4190/3045 3448/4464/3317 
f 3451/4468/3320 3449/4465/3318 3175/4189/3044 3174/4188/3043 
f 3451/4468/3320 3174/4188/3043 3452/4469/3321 
f 3453/4470/3322 3452/4469/3321 3174/4188/3043 3173/4187/3042 
f 3453/4470/3322 3173/4187/3042 3454/4471/3323 
f 3455/4472/3324 3456/4473/3325 3172/4186/3041 3171/4185/3040 
f 3455/4472/3324 3171/4185/3040 3457/4474/3326 
f 3458/4475/3327 3454/4471/3323 3173/4187/3042 3172/4186/3041 
f 3458/4475/3327 3172/4186/3041 3456/4473/3325 
f 3459/4476/3328 3457/4474/3326 3171/4185/3040 3170/4184/3039 
f 3459/4476/3328 3170/4184/3039 3460/4477/3329 
f 3461/4478/3330 3460/4477/3329 3170/4184/3039 3169/4183/3038 
f 3461/4478/3330 3169/4183/3038 3442/4458/3311 
f 3462/4479/3331 3463/4480/3332 3062/4073/2931 3061/4072/2930 
f 3462/4479/3331 3061/4072/2930 3464/4481/3333 
f 3465/4482/3334 3446/4462/3315 3063/4074/2932 3062/4073/2931 
f 3465/4482/3334 3062/4073/2931 3463/4480/3332 
f 3466/4483/3335 3464/4481/3333 3061/4072/2930 3060/4071/2929 
f 3466/4483/3335 3060/4071/2929 3467/4484/3336 
f 3468/4485/3337 3467/4484/3336 3060/4071/2929 3059/4070/2928 
f 3468/4485/3337 3059/4070/2928 3469/4486/3338 
f 3470/4487/3339 3469/4486/3338 3059/4070/2928 3058/4069/2927 
f 3470/4487/3339 3058/4069/2927 3402/4418/3271 
f 3471/4488/3340 3472/4489/3341 3120/4131/2989 3119/4130/2988 
f 3471/4488/3340 3119/4130/2988 3473/4490/3342 
f 3474/4491/3343 3473/4490/3342 3119/4130/2988 3118/4129/2987 
f 3474/4491/3343 3118/4129/2987 3475/4492/3344 
f 3476/4493/3345 3477/4494/3346 3123/4134/2992 3122/4133/2991 
f 3476/4493/3345 3122/4133/2991 3478/4495/3347 
f 3479/4496/3348 3480/4497/3349 3111/4122/2980 3123/4134/2992 
f 3479/4496/3348 3123/4134/2992 3477/4494/3346 
f 3481/4498/3350 3478/4495/3347 3122/4133/2991 3121/4132/2990 
f 3481/4498/3350 3121/4132/2990 3482/4499/3351 
f 3483/4500/3352 3482/4499/3351 3121/4132/2990 3120/4131/2989 
f 3483/4500/3352 3120/4131/2989 3472/4489/3341 
f 3484/4501/3353 3485/4502/3354 3267/4282/3136 3266/4281/3135 
f 3484/4501/3353 3266/4281/3135 3486/4503/3355 
f 3487/4504/3356 3488/4505/3357 3116/4127/2985 3267/4282/3136 
f 3487/4504/3356 3267/4282/3136 3485/4502/3354 
f 3489/4506/3358 3475/4492/3344 3118/4129/2987 3117/4128/2986 
f 3489/4506/3358 3117/4128/2986 3490/4507/3359 
f 3491/4508/3360 3490/4507/3359 3117/4128/2986 3116/4127/2985 
f 3491/4508/3360 3116/4127/2985 3488/4505/3357 
f 3492/4509/3361 3486/4503/3355 3266/4281/3135 3265/4280/3134 
f 3493/4510/3362 3492/4509/3361 3265/4280/3134 
f 3494/4511/3363 3493/4510/3362 3265/4280/3134 3248/4263/3117 
f 3494/4511/3363 3248/4263/3117 3495/4512/3364 
f 3496/4513/3365 3398/4414/3267 3187/4202/3056 3186/4201/3055 
f 3496/4513/3365 3186/4201/3055 3497/4514/3366 
f 3498/4515/3367 3499/4516/3368 3114/4125/2983 3113/4124/2982 
f 3498/4515/3367 3113/4124/2982 3500/4517/3369 
f 3501/4518/3370 3500/4517/3369 3113/4124/2982 3112/4123/2981 
f 3501/4518/3370 3112/4123/2981 3502/4519/3371 
f 3503/4520/3372 3502/4519/3371 3112/4123/2981 3111/4122/2980 
f 3503/4520/3372 3111/4122/2980 3480/4497/3349 
f 3504/4521/3373 3505/4522/3374 3115/4126/2984 3114/4125/2983 
f 3499/4516/3368 3504/4521/3373 3114/4125/2983 
f 3506/4523/3375 3497/4514/3366 3186/4201/3055 3115/4126/2984 
f 3505/4522/3374 3506/4523/3375 3115/4126/2984 
f 3507/4524/3376 3508/4525/3377 3244/4259/3113 3243/4258/3112 
f 3507/4524/3376 3243/4258/3112 3509/4526/3378 
f 3510/4527/3379 3511/4528/3380 3247/4262/3116 3246/4261/3115 
f 3510/4527/3379 3246/4261/3115 3512/4529/3381 
f 3513/4530/3382 3495/4512/3364 3248/4263/3117 3247/4262/3116 
f 3513/4530/3382 3247/4262/3116 3511/4528/3380 
f 3514/4531/3383 3512/4529/3381 3246/4261/3115 3245/4260/3114 
f 3514/4531/3383 3245/4260/3114 3515/4532/3384 
f 3516/4533/3385 3515/4532/3384 3245/4260/3114 3244/4259/3113 
f 3516/4533/3385 3244/4259/3113 3508/4525/3377 
f 3517/4534/3386 3518/4535/3387 3242/4257/3111 3241/4256/3110 
f 3517/4534/3386 3241/4256/3110 3519/4536/3388 
f 3520/4537/3389 3509/4526/3378 3243/4258/3112 3242/4257/3111 
f 3518/4535/3387 3520/4537/3389 3242/4257/3111 
f 3521/4538/3390 3519/4536/3388 3241/4256/3110 3240/4255/3109 
f 3521/4538/3390 3240/4255/3109 3522/4539/3391 
f 3239/4254/3108 3425/4441/3294 3523/4540/3392 3240/4255/3109 
f 3240/4255/3109 3523/4540/3392 3522/4539/3391 
s 2
f 3316/4541/3185 3317/4542/3186 3318/4543/3187 3314/4544/3183 
f 3284/4545/3153 3282/4546/3151 3281/4547/3150 3306/4548/3175 
f 3350/4549/3219 3343/4550/3212 3342/4551/3211 3344/4552/3213 
f 3350/4549/3219 3344/4552/3213 3345/4553/3214 3351/4554/3220 
f 3352/4555/3221 3351/4554/3220 3345/4553/3214 3349/4556/3218 
f 3345/4553/3214 3346/4557/3215 3349/4556/3218 
f 3352/4555/3221 3349/4556/3218 3348/4558/3217 3347/4559/3216 
f 3352/4555/3221 3347/4559/3216 3340/4560/3209 3339/4561/3208 
f 3352/4555/3221 3339/4561/3208 3337/4562/3206 3336/4563/3205 
f 3352/4555/3221 3336/4563/3205 3338/4564/3207 3341/4565/3210 
f 3352/4555/3221 3341/4565/3210 3333/4566/3202 3332/4567/3201 
f 3352/4555/3221 3332/4567/3201 3334/4568/3203 3335/4569/3204 
f 3352/4555/3221 3335/4569/3204 3325/4570/3194 3324/4571/3193 
f 3352/4555/3221 3324/4571/3193 3326/4572/3195 3331/4573/3200 
f 3352/4555/3221 3331/4573/3200 3330/4574/3199 3329/4575/3198 
f 3352/4555/3221 3329/4575/3198 3328/4576/3197 3327/4577/3196 
f 3353/4578/3222 3352/4555/3221 3327/4577/3196 3323/4579/3192 
f 3353/4578/3222 3323/4579/3192 3322/4580/3191 3320/4581/3189 
f 3353/4578/3222 3320/4581/3189 3319/4582/3188 3321/4583/3190 
f 3353/4578/3222 3321/4583/3190 3394/4584/3263 3390/4585/3259 
f 3353/4578/3222 3390/4585/3259 3389/4586/3258 3391/4587/3260 
f 3353/4578/3222 3391/4587/3260 3395/4588/3264 3392/4589/3261 
f 3395/4588/3264 3393/4590/3262 3392/4589/3261 
f 3353/4578/3222 3392/4589/3261 3383/4591/3252 3382/4592/3251 
f 3353/4578/3222 3382/4592/3251 3384/4593/3253 3385/4594/3254 
f 3353/4578/3222 3385/4594/3254 3386/4595/3255 3387/4596/3256 
f 3353/4578/3222 3387/4596/3256 3380/4597/3249 3379/4598/3248 
f 3353/4578/3222 3379/4598/3248 3381/4599/3250 3388/4600/3257 
f 3353/4578/3222 3388/4600/3257 3298/4601/3167 3297/4602/3166 
f 3353/4578/3222 3297/4602/3166 3299/4603/3168 3303/4604/3172 
f 3303/4604/3172 3301/4605/3170 3300/4606/3169 3353/4578/3222 
f 3353/4578/3222 3300/4606/3169 3302/4607/3171 3307/4608/3176 
f 3353/4578/3222 3307/4608/3176 3308/4609/3177 3309/4610/3178 
f 3353/4578/3222 3309/4610/3178 3305/4611/3174 3357/4612/3226 
f 3356/4613/3225 3357/4612/3226 3305/4611/3174 3354/4614/3223 
f 3355/4615/3224 3354/4614/3223 3305/4611/3174 3358/4616/3227 
f 3359/4617/3228 3358/4616/3227 3305/4611/3174 3360/4618/3229 
f 3361/4619/3230 3360/4618/3229 3305/4611/3174 3368/4620/3237 
f 3367/4621/3236 3368/4620/3237 3305/4611/3174 3365/4622/3234 
f 3366/4623/3235 3365/4622/3234 3305/4611/3174 3371/4624/3240 
f 3370/4625/3239 3371/4624/3240 3305/4611/3174 3369/4626/3238 
f 3364/4627/3233 3369/4626/3238 3305/4611/3174 3362/4628/3231 
f 3363/4629/3232 3362/4628/3231 3305/4611/3174 3378/4630/3247 
f 3374/4631/3243 3378/4630/3247 3305/4611/3174 3372/4632/3241 
f 3373/4633/3242 3372/4632/3241 3305/4611/3174 3375/4634/3244 
f 3376/4635/3245 3375/4634/3244 3305/4611/3174 3377/4636/3246 
f 3296/4637/3165 3377/4636/3246 3305/4611/3174 3295/4638/3164 
f 3289/4639/3158 3295/4638/3164 3305/4611/3174 3287/4640/3156 
f 3288/4641/3157 3287/4640/3156 3305/4611/3174 3304/4642/3173 
f 3290/4643/3159 3288/4641/3157 3304/4642/3173 3306/4548/3175 
f 3291/4644/3160 3290/4643/3159 3306/4548/3175 3292/4645/3161 
f 3293/4646/3162 3292/4645/3161 3306/4548/3175 3294/4647/3163 
f 3286/4648/3155 3294/4647/3163 3306/4548/3175 3285/4649/3154 
f 3283/4650/3152 3285/4649/3154 3306/4548/3175 3281/4547/3150 
f 3280/4651/3149 3284/4545/3153 3306/4548/3175 3279/4652/3148 
f 3275/4653/3144 3279/4652/3148 3306/4548/3175 3273/4654/3142 
f 3274/4655/3143 3273/4654/3142 3306/4548/3175 3278/4656/3147 
f 3277/4657/3146 3278/4656/3147 3306/4548/3175 3276/4658/3145 
f 3272/4659/3141 3276/4658/3145 3306/4548/3175 3271/4660/3140 
f 3271/4660/3140 3306/4548/3175 3310/4661/3179 3270/4662/3139 
f 3268/4663/3137 3270/4662/3139 3310/4661/3179 3311/4664/3180 
f 3269/4665/3138 3268/4663/3137 3311/4664/3180 3318/4543/3187 
f 3318/4543/3187 3311/4664/3180 3312/4666/3181 3313/4667/3182 
f 3318/4543/3187 3313/4667/3182 3314/4544/3183 
f 3316/4541/3185 3314/4544/3183 3315/4668/3184 
f 3453/4669/3322 3454/4670/3323 3458/4671/3327 3496/4672/3365 
f 3461/4673/3330 3442/4674/3311 3441/4675/3310 3496/4672/3365 
f 3468/4676/3337 3469/4677/3338 3470/4678/3339 3467/4679/3336 
f 3466/4680/3335 3467/4679/3336 3470/4678/3339 3402/4681/3271 
f 3466/4680/3335 3402/4681/3271 3401/4682/3270 3403/4683/3272 
f 3466/4680/3335 3403/4683/3272 3404/4684/3273 3405/4685/3274 
f 3466/4680/3335 3405/4685/3274 3406/4686/3275 3407/4687/3276 
f 3466/4680/3335 3407/4687/3276 3411/4688/3280 3409/4689/3278 
f 3466/4680/3335 3409/4689/3278 3408/4690/3277 3410/4691/3279 
f 3466/4680/3335 3410/4691/3279 3412/4692/3281 3413/4693/3282 
f 3466/4680/3335 3413/4693/3282 3414/4694/3283 3399/4695/3268 
f 3414/4694/3283 3400/4696/3269 3399/4695/3268 
f 3399/4695/3268 3397/4697/3266 3396/4698/3265 3466/4680/3335 
f 3466/4680/3335 3396/4698/3265 3398/4699/3267 3496/4672/3365 
f 3464/4700/3333 3466/4680/3335 3496/4672/3365 3462/4701/3331 
f 3463/4702/3332 3462/4701/3331 3496/4672/3365 3465/4703/3334 
f 3446/4704/3315 3465/4703/3334 3496/4672/3365 3445/4705/3314 
f 3444/4706/3313 3445/4705/3314 3496/4672/3365 3443/4707/3312 
f 3440/4708/3309 3443/4707/3312 3496/4672/3365 3438/4709/3307 
f 3439/4710/3308 3438/4709/3307 3496/4672/3365 3441/4675/3310 
f 3460/4711/3329 3461/4673/3330 3496/4672/3365 3459/4712/3328 
f 3457/4713/3326 3459/4712/3328 3496/4672/3365 3455/4714/3324 
f 3456/4715/3325 3455/4714/3324 3496/4672/3365 3458/4671/3327 
f 3452/4716/3321 3453/4669/3322 3496/4672/3365 3451/4717/3320 
f 3449/4718/3318 3451/4717/3320 3496/4672/3365 3447/4719/3316 
f 3448/4720/3317 3447/4719/3316 3496/4672/3365 3450/4721/3319 
f 3437/4722/3306 3450/4721/3319 3496/4672/3365 3436/4723/3305 
f 3435/4724/3304 3436/4723/3305 3496/4672/3365 3434/4725/3303 
f 3434/4725/3303 3496/4672/3365 3497/4726/3366 3432/4727/3301 
f 3430/4728/3299 3432/4727/3301 3497/4726/3366 3506/4729/3375 
f 3430/4728/3299 3506/4729/3375 3505/4730/3374 3504/4731/3373 
f 3430/4728/3299 3504/4731/3373 3499/4732/3368 3498/4733/3367 
f 3430/4728/3299 3498/4733/3367 3500/4734/3369 3501/4735/3370 
f 3430/4728/3299 3501/4735/3370 3502/4736/3371 3503/4737/3372 
f 3430/4728/3299 3503/4737/3372 3480/4738/3349 3479/4739/3348 
f 3430/4728/3299 3479/4739/3348 3477/4740/3346 3476/4741/3345 
f 3430/4728/3299 3476/4741/3345 3478/4742/3347 3481/4743/3350 
f 3430/4728/3299 3481/4743/3350 3482/4744/3351 3483/4745/3352 
f 3430/4728/3299 3483/4745/3352 3472/4746/3341 3471/4747/3340 
f 3430/4728/3299 3471/4747/3340 3473/4748/3342 3474/4749/3343 
f 3430/4728/3299 3474/4749/3343 3475/4750/3344 3489/4751/3358 
f 3430/4728/3299 3489/4751/3358 3490/4752/3359 3491/4753/3360 
f 3491/4753/3360 3488/4754/3357 3487/4755/3356 3430/4728/3299 
f 3430/4728/3299 3487/4755/3356 3485/4756/3354 3484/4757/3353 
f 3430/4728/3299 3484/4757/3353 3486/4758/3355 3492/4759/3361 
f 3431/4760/3300 3430/4728/3299 3492/4759/3361 3493/4761/3362 
f 3433/4762/3302 3431/4760/3300 3493/4761/3362 3494/4763/3363 
f 3433/4762/3302 3494/4763/3363 3495/4764/3364 3423/4765/3292 
f 3423/4765/3292 3495/4764/3364 3513/4766/3382 3511/4767/3380 
f 3423/4765/3292 3511/4767/3380 3510/4768/3379 3512/4769/3381 
f 3423/4765/3292 3512/4769/3381 3514/4770/3383 3515/4771/3384 
f 3423/4765/3292 3515/4771/3384 3516/4772/3385 3507/4773/3376 
f 3516/4772/3385 3508/4774/3377 3507/4773/3376 
f 3423/4765/3292 3507/4773/3376 3509/4775/3378 3520/4776/3389 
f 3422/4777/3291 3423/4765/3292 3520/4776/3389 3518/4778/3387 
f 3422/4777/3291 3518/4778/3387 3517/4779/3386 3519/4780/3388 
f 3422/4777/3291 3519/4780/3388 3521/4781/3390 3421/4782/3290 
f 3421/4782/3290 3521/4781/3390 3522/4783/3391 3523/4784/3392 
f 3421/4782/3290 3523/4784/3392 3425/4785/3294 3420/4786/3289 
f 3420/4786/3289 3425/4785/3294 3424/4787/3293 3417/4788/3286 
f 3415/4789/3284 3417/4788/3286 3424/4787/3293 3426/4790/3295 
f 3415/4789/3284 3426/4790/3295 3427/4791/3296 3428/4792/3297 
f 3415/4789/3284 3428/4792/3297 3429/4793/3298 3418/4794/3287 
f 3429/4793/3298 3419/4795/3288 3418/4794/3287 
f 3415/4789/3284 3418/4794/3287 3416/4796/3285 
# 442 polygons - 136 triangles

#
# object Object006
#

v  -0.0017 0.5279 0.3815
v  0.0164 0.5951 0.4001
v  -0.0064 0.6072 0.3845
v  -0.0246 0.5401 0.3657
v  0.0209 0.5175 0.3921
v  0.0393 0.5848 0.4105
v  -0.0225 0.5027 0.3639
v  -0.0104 0.4959 0.3722
v  -0.0331 0.5087 0.3566
v  0.0002 0.4905 0.3771
v  0.0120 0.4846 0.3825
v  0.0647 0.4990 0.4081
v  0.0833 0.5667 0.4261
v  0.0616 0.5756 0.4183
v  0.0432 0.5081 0.4000
v  0.0445 0.4692 0.3942
v  0.0550 0.4642 0.3981
v  0.0339 0.4743 0.3902
v  0.0226 0.4796 0.3863
v  0.2015 0.4464 0.4478
v  0.2210 0.5154 0.4650
v  0.1818 0.5267 0.4639
v  0.1629 0.4580 0.4468
v  0.2449 0.4351 0.4431
v  0.2652 0.5044 0.4606
v  0.1735 0.4096 0.4354
v  0.1885 0.4039 0.4355
v  0.1511 0.4179 0.4353
v  0.2152 0.3950 0.4319
v  0.2305 0.3898 0.4299
v  0.3347 0.4162 0.4169
v  0.3566 0.4862 0.4354
v  0.3114 0.4944 0.4508
v  0.2903 0.4248 0.4328
v  0.3047 0.3686 0.4067
v  0.3170 0.3654 0.4019
v  0.2742 0.3767 0.4187
v  0.2600 0.3810 0.4223
v  0.3751 0.4101 0.3953
v  0.3976 0.4807 0.4143
v  0.4106 0.4064 0.3699
v  0.4336 0.4776 0.3893
v  0.3460 0.3592 0.3853
v  0.3561 0.3570 0.3796
v  0.3825 0.3527 0.3597
v  0.3906 0.3514 0.3536
v  0.4636 0.4060 0.3145
v  0.4872 0.4783 0.3349
v  0.4638 0.4769 0.3623
v  0.4404 0.4051 0.3423
v  0.4376 0.3480 0.3031
v  0.4421 0.3479 0.2974
v  0.4196 0.3484 0.3256
v  0.4133 0.3490 0.3317
v  0.4792 0.4091 0.2881
v  0.5031 0.4818 0.3090
v  0.4897 0.4135 0.2629
v  0.5139 0.4866 0.2843
v  0.4544 0.3493 0.2757
v  0.4573 0.3497 0.2707
v  0.4656 0.3524 0.2497
v  0.4674 0.3530 0.2452
v  0.5049 0.4235 0.2151
v  0.5292 0.4972 0.2374
v  0.5218 0.4920 0.2605
v  0.4975 0.4186 0.2386
v  0.4812 0.3603 0.2006
v  0.4824 0.3610 0.1967
v  0.4750 0.3571 0.2206
v  0.4738 0.3564 0.2248
v  0.5391 0.4547 0.0722
v  0.5621 0.5308 0.0970
v  0.5615 0.5195 0.1334
v  0.5384 0.4438 0.1092
v  0.5347 0.4683 0.0319
v  0.5578 0.5447 0.0574
v  0.5170 0.3869 0.0576
v  0.5170 0.3884 0.0523
v  0.5163 0.3782 0.0898
v  0.5134 0.3996 0.0172
v  0.5127 0.4014 0.0115
v  0.5109 0.5010 -0.0479
v  0.5342 0.5778 -0.0209
v  0.5486 0.5606 0.0173
v  0.5254 0.4840 -0.0090
v  0.4907 0.4308 -0.0642
v  0.4887 0.4330 -0.0695
v  0.5033 0.4165 -0.0300
v  0.5046 0.4145 -0.0243
v  0.4912 0.5187 -0.0823
v  0.5146 0.5956 -0.0546
v  0.4679 0.5363 -0.1118
v  0.4914 0.6133 -0.0835
v  0.4715 0.4479 -0.0998
v  0.4689 0.4502 -0.1043
v  0.4484 0.4651 -0.1305
v  0.4454 0.4673 -0.1342
v  0.4174 0.5679 -0.1555
v  0.4411 0.6448 -0.1267
v  0.4663 0.6299 -0.1076
v  0.4427 0.5529 -0.1363
v  0.3976 0.4967 -0.1756
v  0.3946 0.4985 -0.1780
v  0.4201 0.4836 -0.1589
v  0.4232 0.4816 -0.1559
v  0.3935 0.5803 -0.1691
v  0.4175 0.6571 -0.1405
v  0.3711 0.5908 -0.1791
v  0.3954 0.6675 -0.1509
v  0.3735 0.5095 -0.1895
v  0.3706 0.5111 -0.1912
v  0.3510 0.5207 -0.1992
v  0.3481 0.5221 -0.2005
v  0.3304 0.6087 -0.1951
v  0.3551 0.6851 -0.1674
v  0.3746 0.6766 -0.1593
v  0.3501 0.6000 -0.1871
v  0.3104 0.5400 -0.2141
v  0.3076 0.5414 -0.2152
v  0.3271 0.5320 -0.2079
v  0.3300 0.5306 -0.2068
v  0.2122 0.6535 -0.2278
v  0.2365 0.7288 -0.1991
v  0.2692 0.7197 -0.1990
v  0.2448 0.6440 -0.2276
v  0.1753 0.6627 -0.2229
v  0.1996 0.7375 -0.1943
v  0.1994 0.5905 -0.2464
v  0.1924 0.5930 -0.2463
v  0.2241 0.5813 -0.2467
v  0.1654 0.6019 -0.2421
v  0.1565 0.6049 -0.2407
v  0.0973 0.6778 -0.1971
v  0.1215 0.7513 -0.1689
v  0.1605 0.7452 -0.1843
v  0.1363 0.6710 -0.2128
v  0.0920 0.6227 -0.2184
v  0.0804 0.6256 -0.2133
v  0.1185 0.6160 -0.2298
v  0.1290 0.6129 -0.2328
v  0.0604 0.6824 -0.1757
v  0.0846 0.7551 -0.1477
v  0.0269 0.6850 -0.1504
v  0.0511 0.7569 -0.1227
v  0.0562 0.6305 -0.1987
v  0.0442 0.6329 -0.1913
v  0.0231 0.6362 -0.1748
v  0.0114 0.6380 -0.1655
v  -0.0250 0.6844 -0.0963
v  -0.0009 0.7549 -0.0693
v  0.0221 0.7568 -0.0959
v  -0.0020 0.6856 -0.1233
v  -0.0304 0.6413 -0.1216
v  -0.0394 0.6416 -0.1105
v  -0.0169 0.6409 -0.1379
v  -0.0062 0.6398 -0.1485
v  -0.0408 0.6815 -0.0715
v  -0.0168 0.7516 -0.0448
v  -0.0518 0.6777 -0.0484
v  -0.0280 0.7473 -0.0221
v  -0.0483 0.6408 -0.0958
v  -0.0547 0.6402 -0.0852
v  -0.0607 0.6388 -0.0719
v  -0.0653 0.6376 -0.0617
v  -0.0687 0.6699 -0.0059
v  -0.0453 0.7389 0.0195
v  -0.0367 0.7429 -0.0008
v  -0.0603 0.6735 -0.0266
v  -0.0779 0.6329 -0.0281
v  -0.0816 0.6316 -0.0185
v  -0.0735 0.6345 -0.0396
v  -0.0698 0.6359 -0.0494
v  -0.1145 0.6466 0.1210
v  -0.0929 0.7143 0.1436
v  -0.0877 0.7236 0.1104
v  -0.1098 0.6556 0.0870
v  -0.1150 0.6348 0.1589
v  -0.0939 0.7023 0.1808
v  -0.1234 0.6160 0.0933
v  -0.1256 0.6121 0.1102
v  -0.1215 0.6202 0.0758
v  -0.1254 0.6066 0.1294
v  -0.1255 0.6012 0.1488
v  -0.1018 0.6051 0.2390
v  -0.0820 0.6723 0.2593
v  -0.0905 0.6881 0.2199
v  -0.1109 0.6208 0.1989
v  -0.1161 0.5811 0.2084
v  -0.1111 0.5733 0.2298
v  -0.1208 0.5882 0.1893
v  -0.1230 0.5948 0.1684
v  -0.0873 0.5882 0.2772
v  -0.0681 0.6554 0.2970
v  -0.0687 0.5712 0.3121
v  -0.0500 0.6383 0.3314
v  -0.1041 0.5656 0.2476
v  -0.0962 0.5569 0.2682
v  -0.0874 0.5492 0.2842
v  -0.0773 0.5401 0.3031
v  -0.0290 0.6219 0.3611
v  -0.0474 0.5548 0.3421
v  -0.0453 0.5168 0.3439
v  -0.0558 0.5237 0.3331
v  -0.0674 0.5326 0.3168
v  0.1690 0.6065 0.4709
v  0.1508 0.5374 0.4575
v  0.1999 0.5961 0.4770
v  0.1439 0.6163 0.4618
v  0.1255 0.5477 0.4477
v  0.1866 0.6737 0.4806
v  0.2171 0.6640 0.4861
v  0.1621 0.6830 0.4724
v  0.1021 0.6345 0.4418
v  0.1038 0.5574 0.4366
v  0.1225 0.6256 0.4515
v  0.1211 0.7001 0.4544
v  0.1410 0.6917 0.4632
v  0.1406 0.7268 0.4634
v  0.1309 0.7316 0.4591
v  0.1501 0.7222 0.4671
v  0.1608 0.7168 0.4719
v  0.1704 0.7122 0.4756
v  0.2115 0.6938 0.4862
v  0.1940 0.7013 0.4831
v  0.2233 0.6888 0.4881
v  0.1835 0.7060 0.4800
v  0.3302 0.5650 0.4653
v  0.3756 0.5573 0.4508
v  0.2837 0.5746 0.4744
v  0.3461 0.6343 0.4760
v  0.3912 0.6271 0.4626
v  0.3000 0.6434 0.4842
v  0.2392 0.5852 0.4782
v  0.2559 0.6536 0.4874
v  0.2480 0.6794 0.4887
v  0.2608 0.6745 0.4890
v  0.2922 0.6634 0.4864
v  0.3034 0.6594 0.4855
v  0.3885 0.6333 0.4643
v  0.3482 0.6449 0.4770
v  0.3921 0.6322 0.4632
v  0.3404 0.6475 0.4784
v  0.4834 0.5494 0.3804
v  0.5071 0.5512 0.3540
v  0.4530 0.5497 0.4066
v  0.4995 0.6118 0.3907
v  0.4966 0.6120 0.3941
v  0.5198 0.6104 0.3680
v  0.4691 0.6157 0.4181
v  0.4672 0.6159 0.4199
v  0.4168 0.5522 0.4306
v  0.4321 0.6225 0.4436
v  0.4325 0.6225 0.4434
v  0.4321 0.6226 0.4436
v  0.5767 0.5861 0.1895
v  0.5563 0.5116 0.1642
v  0.5816 0.5944 0.1595
v  0.5689 0.5800 0.2153
v  0.5481 0.5059 0.1908
v  0.5882 0.6329 0.1932
v  0.5864 0.6303 0.2052
v  0.5908 0.6369 0.1752
v  0.5820 0.6275 0.2212
v  0.5793 0.6259 0.2309
v  0.5506 0.5706 0.2603
v  0.5385 0.5015 0.2147
v  0.5597 0.5752 0.2384
v  0.5649 0.6209 0.2685
v  0.5622 0.6200 0.2755
v  0.5708 0.6227 0.2538
v  0.5738 0.6238 0.2458
v  0.5693 0.6360 0.0458
v  0.5553 0.6533 0.0085
v  0.5782 0.6200 0.0851
v  0.5707 0.6810 0.0425
v  0.5778 0.6732 0.0611
v  0.5636 0.6889 0.0238
v  0.5825 0.6658 0.0818
v  0.5869 0.6589 0.1006
v  0.5822 0.6059 0.1239
v  0.5909 0.6410 0.1600
v  0.5911 0.6466 0.1395
v  0.5891 0.6522 0.1219
v  0.4876 0.7050 -0.0756
v  0.4625 0.7197 -0.0941
v  0.5126 0.6885 -0.0523
v  0.4820 0.7454 -0.0699
v  0.4956 0.7375 -0.0598
v  0.4706 0.7519 -0.0781
v  0.5071 0.7303 -0.0494
v  0.5207 0.7217 -0.0368
v  0.5357 0.6710 -0.0242
v  0.5535 0.6974 0.0068
v  0.5440 0.7053 -0.0089
v  0.5316 0.7140 -0.0239
v  0.3182 0.7839 -0.1599
v  0.2955 0.7108 -0.1943
v  0.2920 0.7923 -0.1642
v  0.3401 0.7755 -0.1527
v  0.3174 0.7022 -0.1864
v  0.3185 0.8262 -0.1399
v  0.3295 0.8217 -0.1386
v  0.3041 0.8320 -0.1413
v  0.3410 0.8165 -0.1355
v  0.3507 0.8120 -0.1326
v  0.3776 0.7591 -0.1347
v  0.3366 0.6936 -0.1770
v  0.3593 0.7673 -0.1438
v  0.3785 0.7983 -0.1207
v  0.3874 0.7938 -0.1165
v  0.3695 0.8028 -0.1248
v  0.3605 0.8073 -0.1287
v  0.1843 0.8161 -0.1499
v  0.1456 0.8215 -0.1350
v  0.2230 0.8090 -0.1595
v  0.1924 0.8673 -0.1170
v  0.2013 0.8651 -0.1211
v  0.1646 0.8743 -0.1044
v  0.2270 0.8577 -0.1292
v  0.2381 0.8544 -0.1327
v  0.2596 0.8009 -0.1642
v  0.2917 0.8365 -0.1406
v  0.2730 0.8432 -0.1394
v  0.2606 0.8472 -0.1371
v  0.0465 0.8253 -0.0645
v  0.0233 0.8231 -0.0387
v  0.0754 0.8260 -0.0904
v  0.0709 0.8891 -0.0304
v  0.0477 0.8865 -0.0059
v  0.0967 0.8864 -0.0556
v  0.0982 0.8862 -0.0571
v  0.0713 0.8891 -0.0307
v  0.1089 0.8248 -0.1146
v  0.1583 0.8755 -0.1004
v  0.1299 0.8813 -0.0824
v  0.1261 0.8818 -0.0794
v  0.0504 0.8899 -0.0053
v  0.0492 0.8900 -0.0039
v  -0.0566 0.7963 0.1088
v  -0.0789 0.7296 0.0830
v  -0.0658 0.7902 0.1354
v  -0.0453 0.8003 0.0863
v  -0.0679 0.7334 0.0598
v  -0.0339 0.8591 0.1351
v  -0.0434 0.8529 0.1606
v  -0.0222 0.8631 0.1136
v  -0.0221 0.8061 0.0473
v  -0.0562 0.7361 0.0392
v  -0.0333 0.8032 0.0664
v  0.0015 0.8692 0.0763
v  -0.0100 0.8661 0.0945
v  0.0070 0.8819 0.0829
v  -0.0010 0.8810 0.0972
v  -0.0037 0.8807 0.1017
v  -0.0119 0.8799 0.1161
v  -0.0152 0.8796 0.1214
v  -0.0316 0.8750 0.1607
v  -0.0260 0.8776 0.1435
v  -0.0346 0.8737 0.1696
v  -0.0226 0.8782 0.1368
v  -0.0702 0.7543 0.2417
v  -0.0622 0.7384 0.2800
v  -0.0731 0.7686 0.2037
v  -0.0489 0.8171 0.2631
v  -0.0413 0.8013 0.2999
v  -0.0515 0.8313 0.2264
v  -0.0715 0.7807 0.1676
v  -0.0495 0.8435 0.1917
v  -0.0377 0.8694 0.1891
v  -0.0397 0.8669 0.2012
v  -0.0402 0.8615 0.2213
v  -0.0407 0.8575 0.2363
v  -0.0332 0.8397 0.2909
v  -0.0372 0.8461 0.2731
v  -0.0288 0.8328 0.3098
v  -0.0388 0.8515 0.2557
v  -0.0100 0.6883 0.3791
v  0.0124 0.6738 0.4018
v  -0.0308 0.7045 0.3502
v  0.0100 0.7520 0.3949
v  0.0323 0.7378 0.4167
v  -0.0105 0.7679 0.3673
v  -0.0486 0.7215 0.3167
v  -0.0281 0.7846 0.3351
v  -0.0228 0.8262 0.3254
v  -0.0151 0.8181 0.3444
v  -0.0077 0.8117 0.3578
v  0.0026 0.8028 0.3758
v  0.0319 0.7820 0.4112
v  0.0231 0.7877 0.4027
v  0.0450 0.7736 0.4237
v  0.0109 0.7967 0.3869
v  0.0852 0.4895 0.4189
v  0.1070 0.4795 0.4303
v  0.0654 0.4588 0.4035
v  0.0752 0.4537 0.4086
v  0.0865 0.4478 0.4145
v  0.0966 0.4426 0.4197
v  0.1321 0.4690 0.4403
v  0.1382 0.4235 0.4328
v  0.1212 0.4308 0.4294
v  0.1100 0.4361 0.4250
v  0.5145 0.4273 0.1919
v  0.5244 0.4312 0.1675
v  0.4906 0.3634 0.1770
v  0.4920 0.3639 0.1733
v  0.5006 0.3666 0.1525
v  0.5021 0.3670 0.1488
v  0.5330 0.4364 0.1405
v  0.5156 0.3772 0.0944
v  0.5108 0.3714 0.1215
v  0.5095 0.3708 0.1255
v  0.0805 0.6430 0.4344
v  0.0581 0.6519 0.4270
v  0.0998 0.7082 0.4478
v  0.0776 0.7167 0.4408
v  0.0353 0.6619 0.4170
v  0.0550 0.7263 0.4312
v  0.0540 0.7687 0.4295
v  0.0671 0.7615 0.4376
v  0.0765 0.7569 0.4415
v  0.0890 0.7508 0.4466
v  0.1202 0.7364 0.4561
v  0.1104 0.7410 0.4530
v  0.0987 0.7463 0.4496
v  0.5430 0.5653 0.2825
v  0.5347 0.5598 0.3053
v  0.5570 0.6177 0.2910
v  0.5550 0.6167 0.2975
v  0.5489 0.6144 0.3141
v  0.5469 0.6135 0.3200
v  0.5235 0.5549 0.3290
v  0.5226 0.6106 0.3635
v  0.5359 0.6112 0.3434
v  0.5382 0.6118 0.3381
v  0.3119 0.6173 -0.2047
v  0.2927 0.6260 -0.2144
v  0.2922 0.5493 -0.2231
v  0.2894 0.5507 -0.2245
v  0.2738 0.5588 -0.2325
v  0.2707 0.5604 -0.2341
v  0.2710 0.6349 -0.2226
v  0.2291 0.5792 -0.2458
v  0.2495 0.5705 -0.2420
v  0.2533 0.5687 -0.2406
v  -0.0794 0.6674 0.0142
v  -0.0908 0.6649 0.0353
v  -0.0872 0.6306 -0.0075
v  -0.0920 0.6298 0.0019
v  -0.0979 0.6288 0.0132
v  -0.1031 0.6280 0.0232
v  -0.1014 0.6614 0.0590
v  -0.1175 0.6225 0.0621
v  -0.1135 0.6251 0.0473
v  -0.1085 0.6265 0.0359
v  0.3970 0.7509 -0.1266
v  0.4174 0.7420 -0.1182
v  0.3966 0.7894 -0.1129
v  0.4062 0.7847 -0.1091
v  0.4157 0.7801 -0.1054
v  0.4262 0.7750 -0.1013
v  0.4392 0.7318 -0.1078
v  0.4581 0.7587 -0.0854
v  0.4476 0.7643 -0.0914
v  0.4361 0.7700 -0.0967
v  -0.0132 0.8102 0.0277
v  -0.0042 0.8149 0.0070
v  0.0107 0.8733 0.0575
v  0.0199 0.8781 0.0377
v  0.0072 0.8194 -0.0150
v  0.0315 0.8827 0.0167
v  0.0358 0.8890 0.0178
v  0.0343 0.8889 0.0203
v  0.0253 0.8870 0.0394
v  0.0237 0.8868 0.0425
v  0.0154 0.8842 0.0632
v  0.0088 0.8824 0.0787
v  0.0169 0.8846 0.0596
# 478 vertices

vn -0.5293 -0.0959 0.8430
vn -0.5190 -0.0817 0.8509
vn -0.6526 -0.0235 0.7573
vn -0.6589 -0.0362 0.7513
vn -0.4271 -0.1356 0.8940
vn -0.4137 -0.1202 0.9024
vn -0.6382 -0.6716 0.3763
vn -0.5998 -0.6791 0.4232
vn -0.6874 -0.6299 0.3616
vn -0.5553 -0.7124 0.4291
vn -0.5313 -0.7170 0.4512
vn -0.4501 -0.1207 0.8848
vn -0.4328 -0.1031 0.8956
vn -0.3785 -0.1290 0.9166
vn -0.3944 -0.1454 0.9074
vn -0.5137 -0.7301 0.4506
vn -0.5475 -0.7253 0.4174
vn -0.5105 -0.7339 0.4480
vn -0.5062 -0.7340 0.4528
vn -0.0293 -0.2521 0.9673
vn -0.0212 -0.2088 0.9777
vn -0.1649 -0.1680 0.9719
vn -0.1788 -0.2067 0.9619
vn 0.0897 -0.2876 0.9535
vn 0.0935 -0.2427 0.9656
vn -0.3058 -0.8111 0.4986
vn -0.2546 -0.8173 0.5169
vn -0.3593 -0.7767 0.5173
vn -0.2177 -0.8410 0.4952
vn -0.1700 -0.8455 0.5062
vn 0.3286 -0.3538 0.8757
vn 0.3306 -0.3101 0.8914
vn 0.2050 -0.2760 0.9390
vn 0.2034 -0.3208 0.9251
vn -0.0580 -0.8887 0.4548
vn 0.0032 -0.8911 0.4538
vn -0.0880 -0.8692 0.4866
vn -0.1393 -0.8656 0.4809
vn 0.4531 -0.3809 0.8060
vn 0.4569 -0.3383 0.8227
vn 0.5615 -0.3988 0.7250
vn 0.5669 -0.3576 0.7422
vn 0.0364 -0.9113 0.4102
vn 0.0910 -0.9112 0.4018
vn 0.1169 -0.9265 0.3576
vn 0.1679 -0.9242 0.3430
vn 0.7604 -0.4096 0.5041
vn 0.7667 -0.3722 0.5231
vn 0.6675 -0.3692 0.6466
vn 0.6613 -0.4087 0.6290
vn 0.2571 -0.9403 0.2231
vn 0.3150 -0.9304 0.1876
vn 0.2401 -0.9310 0.2749
vn 0.1887 -0.9360 0.2970
vn 0.8420 -0.3991 0.3631
vn 0.8489 -0.3652 0.3822
vn 0.8881 -0.3838 0.2530
vn 0.8961 -0.3535 0.2685
vn 0.3272 -0.9371 0.1215
vn 0.3709 -0.9248 0.0847
vn 0.3744 -0.9269 0.0267
vn 0.3960 -0.9183 0.0032
vn 0.8890 -0.3812 0.2536
vn 0.8988 -0.3567 0.2548
vn 0.9114 -0.3482 0.2195
vn 0.9026 -0.3756 0.2104
vn 0.3986 -0.9166 -0.0305
vn 0.8668 0.3457 0.3594
vn 0.8722 0.3631 0.3277
vn 0.3966 -0.9175 -0.0308
vn 0.9564 -0.2636 -0.1256
vn 0.9646 -0.2338 -0.1219
vn 0.9604 -0.2785 0.0086
vn 0.9516 -0.3073 0.0093
vn 0.9457 -0.2219 -0.2375
vn 0.9536 -0.1918 -0.2320
vn 0.4433 -0.8661 -0.2311
vn 0.4586 -0.8458 -0.2725
vn 0.4581 -0.8722 -0.1714
vn 0.4416 -0.8394 -0.3169
vn 0.4511 -0.8184 -0.3560
vn 0.8760 -0.1192 -0.4674
vn 0.8827 -0.0859 -0.4619
vn 0.9287 -0.1452 -0.3413
vn 0.9212 -0.1761 -0.3471
vn 0.4079 -0.7779 -0.4780
vn 0.4068 -0.7446 -0.5292
vn 0.4357 -0.7863 -0.4381
vn 0.4305 -0.8113 -0.3955
vn 0.8120 -0.0575 -0.5808
vn 0.8183 -0.0205 -0.5744
vn 0.7420 -0.0021 -0.6703
vn 0.7495 0.0385 -0.6609
vn 0.3656 -0.7339 -0.5725
vn 0.3575 -0.7028 -0.6150
vn 0.3164 -0.6937 -0.6470
vn 0.3038 -0.6642 -0.6830
vn 0.5840 0.0943 -0.8063
vn 0.6024 0.1388 -0.7861
vn 0.6786 0.0909 -0.7289
vn 0.6675 0.0477 -0.7431
vn 0.2047 -0.6236 -0.7545
vn 0.1831 -0.5899 -0.7864
vn 0.2468 -0.6276 -0.7384
vn 0.2631 -0.6574 -0.7062
vn 0.4987 0.1338 -0.8564
vn 0.5255 0.1786 -0.8318
vn 0.4361 0.1575 -0.8860
vn 0.4673 0.2039 -0.8602
vn 0.1354 -0.5895 -0.7963
vn 0.1159 -0.5599 -0.8204
vn 0.0745 -0.5635 -0.8228
vn 0.0650 -0.5454 -0.8356
vn 0.4643 0.1352 -0.8753
vn 0.4837 0.1911 -0.8541
vn 0.4488 0.2094 -0.8688
vn 0.4197 0.1594 -0.8936
vn 0.0513 -0.5579 -0.8283
vn 0.0755 -0.5813 -0.8102
vn 0.0481 -0.5520 -0.8325
vn 0.0412 -0.5515 -0.8332
vn 0.0264 0.3169 -0.9481
vn 0.0410 0.3848 -0.9221
vn 0.1860 0.3356 -0.9235
vn 0.1769 0.2656 -0.9477
vn -0.0996 0.3530 -0.9303
vn -0.0824 0.4189 -0.9043
vn -0.1816 -0.4588 -0.8698
vn -0.2225 -0.4262 -0.8769
vn -0.1100 -0.4605 -0.8808
vn -0.2758 -0.4282 -0.8605
vn -0.3139 -0.3998 -0.8612
vn -0.3497 0.4077 -0.8435
vn -0.3335 0.4659 -0.8196
vn -0.2034 0.4453 -0.8720
vn -0.2211 0.3823 -0.8972
vn -0.4465 -0.3824 -0.8089
vn -0.4914 -0.3534 -0.7960
vn -0.4005 -0.3762 -0.8355
vn -0.3606 -0.4040 -0.8407
vn -0.4690 0.4259 -0.7737
vn -0.4549 0.4775 -0.7517
vn -0.5655 0.4360 -0.7001
vn -0.5532 0.4802 -0.6807
vn -0.5397 -0.3626 -0.7597
vn -0.5762 -0.3411 -0.7428
vn -0.6126 -0.3502 -0.7085
vn -0.6447 -0.3326 -0.6883
vn -0.7405 0.4343 -0.5129
vn -0.7303 0.4633 -0.5021
vn -0.6409 0.4760 -0.6022
vn -0.6519 0.4395 -0.6180
vn -0.7325 -0.3402 -0.5897
vn -0.7702 -0.3212 -0.5510
vn -0.7064 -0.3262 -0.6282
vn -0.6743 -0.3428 -0.6540
vn -0.8183 0.4186 -0.3939
vn -0.8089 0.4412 -0.3886
vn -0.8645 0.4011 -0.3030
vn -0.8560 0.4192 -0.3024
vn -0.7945 -0.3452 -0.4997
vn -0.8231 -0.3311 -0.4614
vn -0.8368 -0.3559 -0.4160
vn -0.8509 -0.3488 -0.3928
vn -0.8511 0.4040 -0.3353
vn -0.8416 0.4204 -0.3391
vn -0.8681 0.4103 -0.2794
vn -0.8763 0.3942 -0.2768
vn -0.3841 0.9230 -0.0228
vn -0.8311 -0.3739 -0.4117
vn -0.8533 -0.3652 -0.3721
vn -0.8555 -0.3644 -0.3678
vn -0.9541 0.2992 0.0156
vn -0.9526 0.3042 0.0028
vn -0.9267 0.3511 -0.1338
vn -0.9313 0.3435 -0.1214
vn -0.9578 0.2573 0.1284
vn -0.9584 0.2606 0.1167
vn -0.8897 -0.4089 -0.2033
vn -0.9028 -0.4005 -0.1567
vn -0.8944 -0.3673 -0.2552
vn -0.8924 -0.4349 -0.1206
vn -0.9000 -0.4291 -0.0768
vn -0.9225 0.1670 0.3479
vn -0.9248 0.1697 0.3406
vn -0.9497 0.2169 0.2257
vn -0.9479 0.2144 0.2355
vn -0.8716 -0.4894 0.0259
vn -0.8697 -0.4873 0.0783
vn -0.8895 -0.4570 -0.0013
vn -0.8862 -0.4610 -0.0473
vn -0.8822 0.1182 0.4558
vn -0.8838 0.1226 0.4515
vn -0.8311 0.0717 0.5515
vn -0.8312 0.0790 0.5504
vn -0.8458 -0.5231 0.1051
vn -0.8388 -0.5227 0.1521
vn -0.8141 -0.5547 0.1718
vn -0.8023 -0.5558 0.2178
vn -0.7603 0.0331 0.6487
vn -0.7628 0.0228 0.6462
vn -0.7225 -0.6231 0.2995
vn -0.7560 -0.5897 0.2841
vn -0.7753 -0.5867 0.2340
vn -0.2942 -0.0840 0.9520
vn -0.3213 -0.1229 0.9390
vn -0.1469 -0.1211 0.9817
vn -0.4065 -0.0566 0.9119
vn -0.4372 -0.0880 0.8950
vn -0.2601 -0.0463 0.9645
vn -0.1258 -0.0751 0.9892
vn -0.3660 -0.0256 0.9303
vn -0.4038 -0.0785 0.9115
vn -0.4807 -0.0779 0.8734
vn -0.4498 -0.0515 0.8917
vn -0.3668 -0.0502 0.9289
vn -0.4086 -0.0239 0.9124
vn -0.0384 0.6043 0.7958
vn 0.0057 0.6071 0.7946
vn -0.0274 0.6129 0.7897
vn -0.0357 0.6085 0.7928
vn -0.0066 0.5990 0.8007
vn 0.1026 0.5717 0.8140
vn 0.0575 0.5742 0.8167
vn 0.1407 0.5479 0.8246
vn 0.0189 0.5942 0.8041
vn 0.2035 -0.2219 0.9536
vn 0.3290 -0.2563 0.9089
vn 0.0953 -0.1889 0.9774
vn 0.1984 -0.1618 0.9667
vn 0.3229 -0.1943 0.9263
vn 0.0948 -0.1316 0.9868
vn -0.0131 -0.1569 0.9875
vn -0.0053 -0.1038 0.9946
vn 0.1903 0.5513 0.8123
vn 0.2158 0.5281 0.8213
vn 0.2545 0.5317 0.8078
vn 0.2783 0.5082 0.8151
vn 0.3861 0.4944 0.7788
vn 0.3438 0.4856 0.8037
vn 0.4239 0.4592 0.7807
vn 0.3163 0.5138 0.7974
vn 0.6673 -0.3171 0.6739
vn 0.7656 -0.3229 0.5564
vn 0.5667 -0.3037 0.7659
vn 0.6997 0.4093 0.5856
vn 0.6728 0.3857 0.6314
vn 0.7416 0.3767 0.5550
vn 0.6359 0.4156 0.6503
vn 0.6034 0.3962 0.6920
vn 0.4567 -0.2851 0.8427
vn 0.4514 -0.2220 0.8643
vn 0.5617 0.4213 0.7120
vn 0.4737 0.4738 0.7424
vn 0.5084 0.4457 0.7368
vn 0.9472 -0.2851 0.1470
vn 0.9356 -0.3212 0.1465
vn 0.9705 -0.2408 0.0150
vn 0.9153 -0.3159 0.2500
vn 0.9029 -0.3499 0.2498
vn 0.8691 0.4401 0.2256
vn 0.8712 0.4113 0.2680
vn 0.8820 0.4364 0.1776
vn 0.8548 0.4160 0.3102
vn 0.8519 0.3980 0.3404
vn 0.9069 -0.3217 0.2723
vn 0.8855 -0.3619 0.2913
vn 0.8965 -0.3285 0.2973
vn 0.8336 0.4025 0.3783
vn 0.4315 -0.9016 0.0301
vn 0.8369 0.3990 0.3747
vn 0.8385 0.4030 0.3668
vn 0.9388 -0.1064 -0.3276
vn 0.8911 -0.0440 -0.4516
vn 0.9639 -0.1540 -0.2174
vn 0.8275 0.5555 -0.0819
vn 0.8518 0.5213 -0.0515
vn 0.8182 0.5584 -0.1370
vn 0.8524 0.5228 -0.0068
vn 0.8699 0.4927 0.0232
vn 0.9745 -0.1959 -0.1093
vn 0.8722 0.4703 0.1347
vn 0.8793 0.4666 0.0952
vn 0.8660 0.4961 0.0625
vn 0.6827 0.1433 -0.7165
vn 0.6116 0.1919 -0.7676
vn 0.7528 0.0884 -0.6523
vn 0.6361 0.7058 -0.3118
vn 0.6620 0.6850 -0.3041
vn 0.6138 0.7147 -0.3353
vn 0.6833 0.6751 -0.2781
vn 0.7124 0.6497 -0.2653
vn 0.8235 0.0259 -0.5667
vn 0.7820 0.5999 -0.1687
vn 0.7655 0.6076 -0.2120
vn 0.7324 0.6400 -0.2323
vn 0.3352 0.3484 -0.8754
vn 0.3386 0.2717 -0.9009
vn 0.1900 0.4097 -0.8922
vn 0.4493 0.2896 -0.8451
vn 0.4545 0.2134 -0.8648
vn 0.3836 0.8348 -0.3949
vn 0.4246 0.8104 -0.4036
vn 0.3311 0.8477 -0.4144
vn 0.4708 0.7957 -0.3812
vn 0.4999 0.7780 -0.3805
vn 0.4921 0.2571 -0.8317
vn 0.5067 0.1822 -0.8426
vn 0.5056 0.2545 -0.8244
vn 0.5476 0.7557 -0.3592
vn 0.1301 -0.4872 -0.8636
vn 0.5382 0.7625 -0.3591
vn 0.5303 0.7655 -0.3645
vn -0.1816 0.5114 -0.8399
vn -0.3088 0.5282 -0.7910
vn -0.0645 0.4877 -0.8706
vn 0.0716 0.9327 -0.3534
vn 0.0973 0.9194 -0.3812
vn 0.0129 0.9348 -0.3549
vn 0.1460 0.9153 -0.3753
vn 0.1726 0.9012 -0.3976
vn 0.0533 0.4561 -0.8883
vn 0.2906 0.8708 -0.3966
vn 0.2465 0.8789 -0.4083
vn 0.2162 0.8954 -0.3891
vn -0.6168 0.5213 -0.5897
vn -0.7099 0.5011 -0.4949
vn -0.5275 0.5315 -0.6628
vn -0.5865 0.5697 -0.5757
vn -0.6791 0.5500 -0.4861
vn -0.1421 0.9599 -0.2418
vn -0.1293 0.9526 -0.2755
vn -0.1400 0.9586 -0.2478
vn -0.4289 0.5346 -0.7282
vn -0.0129 0.9479 -0.3183
vn -0.0639 0.9467 -0.3156
vn -0.0815 0.9561 -0.2815
vn -0.1640 0.9630 -0.2137
vn -0.1736 0.9685 -0.1786
vn -0.2341 0.9591 -0.1592
vn 0.3462 0.9027 0.2556
vn -0.8651 0.4145 -0.2825
vn -0.8783 0.3925 -0.2730
vn -0.9180 0.3700 -0.1426
vn -0.8133 0.4429 -0.3773
vn -0.8302 0.4181 -0.3686
vn -0.8417 0.4583 -0.2856
vn -0.8997 0.4122 -0.1433
vn -0.7857 0.4873 -0.3811
vn -0.8245 0.4476 -0.3461
vn -0.8126 0.4278 -0.3958
vn -0.7941 0.4545 -0.4035
vn -0.7971 0.4926 -0.3491
vn -0.7648 0.4994 -0.4070
vn -0.2804 0.9580 -0.0606
vn -0.2714 0.9576 -0.0970
vn -0.2745 0.9559 -0.1046
vn -0.2694 0.9572 -0.1058
vn -0.3037 0.9483 -0.0926
vn -0.3517 0.9358 0.0234
vn -0.3548 0.9345 -0.0293
vn -0.4035 0.9122 0.0715
vn -0.3028 0.9510 -0.0626
vn -0.9468 0.2300 0.2252
vn -0.9210 0.1824 0.3442
vn -0.9549 0.2748 0.1127
vn -0.9346 0.2660 0.2361
vn -0.9075 0.2164 0.3600
vn -0.9423 0.3128 0.1194
vn -0.9473 0.3202 -0.0041
vn -0.9328 0.3603 -0.0011
vn -0.3927 0.9099 0.1334
vn -0.4253 0.8879 0.1754
vn -0.9113 -0.3910 -0.1292
vn -0.4329 0.8620 0.2638
vn -0.4052 0.8265 0.3909
vn -0.4291 0.8329 0.3494
vn -0.4113 0.7983 0.4399
vn -0.4145 0.8571 0.3059
vn -0.7474 0.0522 0.6623
vn -0.6359 -0.0016 0.7717
vn -0.8220 0.0951 0.5615
vn -0.7236 0.0848 0.6850
vn -0.6100 0.0318 0.7918
vn -0.8018 0.1272 0.5839
vn -0.8778 0.1364 0.4592
vn -0.8613 0.1688 0.4792
vn -0.3784 0.7896 0.4830
vn -0.3738 0.7647 0.5249
vn -0.3405 0.7564 0.5586
vn -0.3280 0.7321 0.5971
vn -0.2264 0.6872 0.6903
vn -0.2714 0.6961 0.6647
vn -0.1942 0.6488 0.7357
vn -0.2916 0.7237 0.6254
vn -0.4985 -0.0977 0.8614
vn -0.4557 -0.1124 0.8830
vn -0.5805 -0.6987 0.4181
vn -0.5806 -0.6992 0.4172
vn -0.5805 -0.6982 0.4189
vn -0.5529 -0.7039 0.4459
vn -0.3393 -0.1541 0.9280
vn -0.4241 -0.7667 0.4820
vn -0.4728 -0.7338 0.4879
vn -0.5239 -0.7246 0.4478
vn 0.8743 -0.3845 0.2963
vn 0.8915 -0.3732 0.2569
vn 0.3781 -0.9252 0.0330
vn 0.3747 -0.9266 0.0323
vn 0.3808 -0.9241 0.0329
vn 0.3998 -0.9166 0.0087
vn 0.9254 -0.3472 0.1520
vn 0.4302 -0.8948 -0.1193
vn 0.4340 -0.8985 -0.0658
vn 0.4039 -0.9145 -0.0232
vn -0.3535 -0.1043 0.9296
vn -0.3920 -0.0958 0.9150
vn -0.3233 -0.0736 0.9434
vn -0.3656 -0.0632 0.9286
vn -0.4995 -0.0581 0.8644
vn -0.4735 -0.0245 0.8804
vn -0.1287 0.6391 0.7583
vn -0.0959 0.6060 0.7896
vn -0.0380 0.5994 0.7995
vn -0.0158 0.5813 0.8135
vn 0.0202 0.5782 0.8157
vn -0.4809 -0.7072 0.5183
vn 0.0179 0.5775 0.8162
vn 0.9171 -0.3109 0.2496
vn 0.8991 -0.3129 0.3063
vn 0.8451 0.4148 0.3372
vn 0.8459 0.4036 0.3487
vn 0.4383 -0.8986 0.0219
vn 0.8349 0.3899 0.3884
vn 0.8488 -0.3200 0.4209
vn 0.7638 0.4091 0.4992
vn 0.7999 0.3786 0.4656
vn 0.8116 0.4135 0.4127
vn 0.4976 0.1195 -0.8592
vn 0.4506 0.1454 -0.8808
vn 0.1104 -0.5854 -0.8032
vn 0.1106 -0.5845 -0.8038
vn 0.1075 -0.5821 -0.8060
vn 0.0859 -0.5580 -0.8254
vn 0.3346 0.2012 -0.9206
vn -0.0594 -0.5045 -0.8614
vn 0.0058 -0.5111 -0.8595
vn 0.0466 -0.5510 -0.8332
vn -0.8232 0.4116 -0.3910
vn -0.8403 0.4040 -0.3614
vn -0.3486 0.9324 -0.0952
vn -0.8189 -0.3528 -0.4527
vn -0.3466 0.9325 -0.1019
vn -0.8342 -0.3430 -0.4318
vn -0.8862 0.3815 -0.2628
vn -0.8704 -0.3808 -0.3122
vn -0.8663 -0.3471 -0.3592
vn -0.3739 0.9261 -0.0511
vn 0.4662 0.2688 -0.8429
vn 0.4871 0.2592 -0.8340
vn 0.5183 0.7703 -0.3714
vn 0.1067 -0.4860 -0.8674
vn 0.5196 0.7699 -0.3706
vn 0.5339 0.7597 -0.3713
vn 0.5417 0.2319 -0.8079
vn 0.5889 0.7338 -0.3387
vn 0.5689 0.7399 -0.3591
vn 0.5465 0.7565 -0.3591
vn -0.8530 0.4373 -0.2848
vn -0.8406 0.4478 -0.3048
vn -0.8283 0.4816 -0.2863
vn -0.8156 0.4924 -0.3037
vn -0.7913 0.4736 -0.3867
vn -0.7640 0.5199 -0.3822
vn -0.2414 0.9638 -0.1132
vn -0.2917 0.9523 -0.0900
vn -0.2930 0.9548 -0.0495
vn -0.3210 0.9464 -0.0360
vn -0.3174 0.9480 -0.0225
vn -0.8637 -0.2963 -0.4078
vn -0.3181 0.9479 -0.0138
# 481 vertex normals

vt 0.5309 0.2781 0.0000
vt 0.5310 0.2493 0.0000
vt 0.5176 0.2493 0.0000
vt 0.5175 0.2781 0.0000
vt 0.5425 0.2781 0.0000
vt 0.5425 0.2493 0.0000
vt 0.5238 0.2919 0.0000
vt 0.5309 0.2920 0.0000
vt 0.5175 0.2917 0.0000
vt 0.5364 0.2922 0.0000
vt 0.5425 0.2924 0.0000
vt 0.5625 0.2781 0.0000
vt 0.5625 0.2493 0.0000
vt 0.5528 0.2493 0.0000
vt 0.5528 0.2781 0.0000
vt 0.5576 0.2930 0.0000
vt 0.5624 0.2932 0.0000
vt 0.5528 0.2928 0.0000
vt 0.5475 0.2926 0.0000
vt 0.6237 0.2781 0.0000
vt 0.6237 0.2493 0.0000
vt 0.6076 0.2493 0.0000
vt 0.6076 0.2781 0.0000
vt 0.6416 0.2781 0.0000
vt 0.6416 0.2493 0.0000
vt 0.6173 0.2959 0.0000
vt 0.6237 0.2963 0.0000
vt 0.6076 0.2953 0.0000
vt 0.6352 0.2970 0.0000
vt 0.6416 0.2975 0.0000
vt 0.6803 0.2781 0.0000
vt 0.6803 0.2493 0.0000
vt 0.6607 0.2493 0.0000
vt 0.6607 0.2781 0.0000
vt 0.6748 0.2993 0.0000
vt 0.6803 0.2996 0.0000
vt 0.6607 0.2986 0.0000
vt 0.6546 0.2982 0.0000
vt 0.6997 0.2781 0.0000
vt 0.6997 0.2493 0.0000
vt 0.7182 0.2781 0.0000
vt 0.7182 0.2493 0.0000
vt 0.6947 0.3001 0.0000
vt 0.6997 0.3004 0.0000
vt 0.7139 0.3008 0.0000
vt 0.7182 0.3010 0.0000
vt 0.7509 0.2781 0.0000
vt 0.7509 0.2493 0.0000
vt 0.7355 0.2493 0.0000
vt 0.7355 0.2781 0.0000
vt 0.7478 0.3017 0.0000
vt 0.7509 0.3018 0.0000
vt 0.7355 0.3015 0.0000
vt 0.7318 0.3013 0.0000
vt 0.7640 0.2781 0.0000
vt 0.7640 0.2493 0.0000
vt 0.7753 0.2781 0.0000
vt 0.7752 0.2493 0.0000
vt 0.7615 0.3021 0.0000
vt 0.7640 0.3022 0.0000
vt 0.7733 0.3024 0.0000
vt 0.7753 0.3025 0.0000
vt 0.7949 0.2781 0.0000
vt 0.7948 0.2493 0.0000
vt 0.7853 0.2493 0.0000
vt 0.7854 0.2781 0.0000
vt 0.7933 0.3029 0.0000
vt 0.7949 0.3029 0.0000
vt 0.7854 0.3027 0.0000
vt 0.7836 0.3026 0.0000
vt 0.8550 0.2781 0.0000
vt 0.8550 0.2493 0.0000
vt 0.8392 0.2493 0.0000
vt 0.8392 0.2781 0.0000
vt 0.8728 0.2781 0.0000
vt 0.8728 0.2493 0.0000
vt 0.8528 0.3035 0.0000
vt 0.8550 0.3035 0.0000
vt 0.8392 0.3034 0.0000
vt 0.8703 0.3035 0.0000
vt 0.8728 0.3035 0.0000
vt 0.9113 0.2781 0.0000
vt 0.9113 0.2493 0.0000
vt 0.8917 0.2493 0.0000
vt 0.8918 0.2781 0.0000
vt 0.9087 0.3037 0.0000
vt 0.9113 0.3037 0.0000
vt 0.8918 0.3036 0.0000
vt 0.8891 0.3036 0.0000
vt 0.9309 0.2781 0.0000
vt 0.9309 0.2493 0.0000
vt 0.9504 0.2779 0.0000
vt 0.9504 0.2492 0.0000
vt 0.9284 0.3038 0.0000
vt 0.9309 0.3038 0.0000
vt 0.9480 0.3039 0.0000
vt 0.9504 0.3039 0.0000
vt 0.9894 0.2772 0.0000
vt 0.9894 0.2472 0.0000
vt 0.9699 0.2487 0.0000
vt 0.9699 0.2776 0.0000
vt 0.9870 0.3036 0.0000
vt 0.9894 0.3035 0.0000
vt 0.9699 0.3038 0.0000
vt 0.9675 0.3038 0.0000
vt 0.0690 0.2776 0.0000
vt 0.0690 0.2487 0.0000
vt 0.0595 0.2472 0.0000
vt 0.0595 0.2772 0.0000
vt 0.0785 0.2779 0.0000
vt 0.0785 0.2492 0.0000
vt 0.0678 0.3037 0.0000
vt 0.0690 0.3037 0.0000
vt 0.0595 0.3036 0.0000
vt 0.0773 0.3037 0.0000
vt 0.0785 0.3037 0.0000
vt 0.0975 0.2781 0.0000
vt 0.0975 0.2493 0.0000
vt 0.0880 0.2493 0.0000
vt 0.0880 0.2781 0.0000
vt 0.0961 0.3034 0.0000
vt 0.0975 0.3033 0.0000
vt 0.0880 0.3036 0.0000
vt 0.0867 0.3036 0.0000
vt 0.1576 0.2781 0.0000
vt 0.1576 0.2493 0.0000
vt 0.1418 0.2493 0.0000
vt 0.1418 0.2781 0.0000
vt 0.1754 0.2781 0.0000
vt 0.1754 0.2493 0.0000
vt 0.1541 0.3012 0.0000
vt 0.1576 0.3010 0.0000
vt 0.1418 0.3017 0.0000
vt 0.1710 0.3004 0.0000
vt 0.1754 0.3001 0.0000
vt 0.2141 0.2781 0.0000
vt 0.2141 0.2493 0.0000
vt 0.1944 0.2493 0.0000
vt 0.1944 0.2781 0.0000
vt 0.2081 0.2986 0.0000
vt 0.2141 0.2983 0.0000
vt 0.1944 0.2992 0.0000
vt 0.1891 0.2995 0.0000
vt 0.2337 0.2781 0.0000
vt 0.2337 0.2493 0.0000
vt 0.2528 0.2781 0.0000
vt 0.2528 0.2493 0.0000
vt 0.2272 0.2978 0.0000
vt 0.2337 0.2975 0.0000
vt 0.2459 0.2971 0.0000
vt 0.2528 0.2967 0.0000
vt 0.2865 0.2781 0.0000
vt 0.2865 0.2493 0.0000
vt 0.2706 0.2493 0.0000
vt 0.2706 0.2781 0.0000
vt 0.2801 0.2958 0.0000
vt 0.2865 0.2955 0.0000
vt 0.2706 0.2960 0.0000
vt 0.2638 0.2964 0.0000
vt 0.2999 0.2781 0.0000
vt 0.2999 0.2493 0.0000
vt 0.3115 0.2781 0.0000
vt 0.3115 0.2493 0.0000
vt 0.2943 0.2952 0.0000
vt 0.2999 0.2950 0.0000
vt 0.3065 0.2948 0.0000
vt 0.3115 0.2946 0.0000
vt 0.3315 0.2781 0.0000
vt 0.3315 0.2493 0.0000
vt 0.3218 0.2493 0.0000
vt 0.3218 0.2781 0.0000
vt 0.3271 0.2942 0.0000
vt 0.3315 0.2940 0.0000
vt 0.3218 0.2943 0.0000
vt 0.3172 0.2945 0.0000
vt 0.3913 0.2780 0.0000
vt 0.3913 0.2493 0.0000
vt 0.3759 0.2493 0.0000
vt 0.3759 0.2780 0.0000
vt 0.4084 0.2781 0.0000
vt 0.4084 0.2493 0.0000
vt 0.3837 0.2931 0.0000
vt 0.3913 0.2928 0.0000
vt 0.3759 0.2932 0.0000
vt 0.3998 0.2927 0.0000
vt 0.4084 0.2925 0.0000
vt 0.4459 0.2781 0.0000
vt 0.4459 0.2493 0.0000
vt 0.4268 0.2493 0.0000
vt 0.4268 0.2781 0.0000
vt 0.4358 0.2920 0.0000
vt 0.4459 0.2918 0.0000
vt 0.4268 0.2921 0.0000
vt 0.4173 0.2924 0.0000
vt 0.4652 0.2781 0.0000
vt 0.4652 0.2493 0.0000
vt 0.4840 0.2781 0.0000
vt 0.4840 0.2493 0.0000
vt 0.4548 0.2918 0.0000
vt 0.4652 0.2916 0.0000
vt 0.4738 0.2916 0.0000
vt 0.4840 0.2915 0.0000
vt 0.5017 0.2493 0.0000
vt 0.5017 0.2781 0.0000
vt 0.5090 0.2917 0.0000
vt 0.5017 0.2916 0.0000
vt 0.4921 0.2916 0.0000
vt 0.5941 0.2215 0.0000
vt 0.5941 0.2493 0.0000
vt 0.6076 0.2215 0.0000
vt 0.5825 0.2215 0.0000
vt 0.5825 0.2493 0.0000
vt 0.5941 0.1950 0.0000
vt 0.6076 0.1950 0.0000
vt 0.5825 0.1950 0.0000
vt 0.5625 0.2215 0.0000
vt 0.5721 0.2493 0.0000
vt 0.5722 0.2215 0.0000
vt 0.5625 0.1950 0.0000
vt 0.5722 0.1950 0.0000
vt 0.5673 0.1827 0.0000
vt 0.5625 0.1825 0.0000
vt 0.5722 0.1830 0.0000
vt 0.5775 0.1833 0.0000
vt 0.5825 0.1836 0.0000
vt 0.6021 0.1850 0.0000
vt 0.5941 0.1844 0.0000
vt 0.6076 0.1855 0.0000
vt 0.5889 0.1840 0.0000
vt 0.6607 0.2215 0.0000
vt 0.6803 0.2215 0.0000
vt 0.6416 0.2215 0.0000
vt 0.6607 0.1950 0.0000
vt 0.6803 0.1950 0.0000
vt 0.6416 0.1950 0.0000
vt 0.6237 0.2215 0.0000
vt 0.6237 0.1950 0.0000
vt 0.6181 0.1865 0.0000
vt 0.6237 0.1871 0.0000
vt 0.6368 0.1885 0.0000
vt 0.6416 0.1890 0.0000
vt 0.6786 0.1929 0.0000
vt 0.6607 0.1911 0.0000
vt 0.6803 0.1931 0.0000
vt 0.6574 0.1907 0.0000
vt 0.7355 0.2215 0.0000
vt 0.7509 0.2215 0.0000
vt 0.7182 0.2215 0.0000
vt 0.7374 0.1983 0.0000
vt 0.7355 0.1982 0.0000
vt 0.7509 0.1995 0.0000
vt 0.7193 0.1968 0.0000
vt 0.7182 0.1967 0.0000
vt 0.6996 0.2215 0.0000
vt 0.6996 0.1950 0.0000
vt 0.6998 0.1950 0.0000
vt 0.8259 0.2215 0.0000
vt 0.8259 0.2493 0.0000
vt 0.8392 0.2215 0.0000
vt 0.8145 0.2215 0.0000
vt 0.8145 0.2493 0.0000
vt 0.8311 0.2054 0.0000
vt 0.8259 0.2052 0.0000
vt 0.8392 0.2059 0.0000
vt 0.8186 0.2047 0.0000
vt 0.8145 0.2045 0.0000
vt 0.7948 0.2215 0.0000
vt 0.8043 0.2493 0.0000
vt 0.8043 0.2215 0.0000
vt 0.7978 0.2033 0.0000
vt 0.7948 0.2031 0.0000
vt 0.8043 0.2038 0.0000
vt 0.8078 0.2040 0.0000
vt 0.8917 0.2215 0.0000
vt 0.9113 0.2215 0.0000
vt 0.8727 0.2215 0.0000
vt 0.9014 0.2081 0.0000
vt 0.8917 0.2078 0.0000
vt 0.9113 0.2084 0.0000
vt 0.8817 0.2075 0.0000
vt 0.8727 0.2072 0.0000
vt 0.8550 0.2215 0.0000
vt 0.8458 0.2061 0.0000
vt 0.8550 0.2065 0.0000
vt 0.8629 0.2068 0.0000
vt 0.9699 0.2210 0.0000
vt 0.9894 0.2206 0.0000
vt 0.9504 0.2213 0.0000
vt 0.9805 0.2087 0.0000
vt 0.9699 0.2089 0.0000
vt 0.9894 0.2084 0.0000
vt 0.9609 0.2089 0.0000
vt 0.9504 0.2090 0.0000
vt 0.9309 0.2215 0.0000
vt 0.9213 0.2086 0.0000
vt 0.9309 0.2088 0.0000
vt 0.9412 0.2089 0.0000
vt 0.1285 0.2215 0.0000
vt 0.1285 0.2493 0.0000
vt 0.1418 0.2215 0.0000
vt 0.1171 0.2215 0.0000
vt 0.1171 0.2493 0.0000
vt 0.1342 0.2064 0.0000
vt 0.1285 0.2067 0.0000
vt 0.1418 0.2059 0.0000
vt 0.1223 0.2071 0.0000
vt 0.1171 0.2073 0.0000
vt 0.0975 0.2215 0.0000
vt 0.1070 0.2493 0.0000
vt 0.1070 0.2215 0.0000
vt 0.1021 0.2080 0.0000
vt 0.0975 0.2082 0.0000
vt 0.1070 0.2078 0.0000
vt 0.1118 0.2076 0.0000
vt 0.1944 0.2215 0.0000
vt 0.2141 0.2215 0.0000
vt 0.1754 0.2215 0.0000
vt 0.1991 0.2013 0.0000
vt 0.1944 0.2017 0.0000
vt 0.2141 0.2000 0.0000
vt 0.1810 0.2029 0.0000
vt 0.1754 0.2033 0.0000
vt 0.1576 0.2215 0.0000
vt 0.1480 0.2055 0.0000
vt 0.1576 0.2047 0.0000
vt 0.1638 0.2042 0.0000
vt 0.2706 0.2215 0.0000
vt 0.2865 0.2215 0.0000
vt 0.2528 0.2215 0.0000
vt 0.2706 0.1950 0.0000
vt 0.2865 0.1950 0.0000
vt 0.2538 0.1965 0.0000
vt 0.2528 0.1966 0.0000
vt 0.2703 0.1950 0.0000
vt 0.2337 0.2215 0.0000
vt 0.2176 0.1997 0.0000
vt 0.2337 0.1983 0.0000
vt 0.2359 0.1981 0.0000
vt 0.2856 0.1936 0.0000
vt 0.2865 0.1935 0.0000
vt 0.3628 0.2214 0.0000
vt 0.3628 0.2493 0.0000
vt 0.3759 0.2214 0.0000
vt 0.3514 0.2214 0.0000
vt 0.3514 0.2493 0.0000
vt 0.3628 0.1950 0.0000
vt 0.3759 0.1950 0.0000
vt 0.3514 0.1950 0.0000
vt 0.3315 0.2215 0.0000
vt 0.3412 0.2493 0.0000
vt 0.3412 0.2214 0.0000
vt 0.3315 0.1950 0.0000
vt 0.3412 0.1950 0.0000
vt 0.3315 0.1895 0.0000
vt 0.3387 0.1889 0.0000
vt 0.3412 0.1887 0.0000
vt 0.3485 0.1881 0.0000
vt 0.3514 0.1879 0.0000
vt 0.3713 0.1864 0.0000
vt 0.3628 0.1870 0.0000
vt 0.3759 0.1860 0.0000
vt 0.3592 0.1873 0.0000
vt 0.4268 0.2215 0.0000
vt 0.4459 0.2215 0.0000
vt 0.4084 0.2215 0.0000
vt 0.4268 0.1950 0.0000
vt 0.4459 0.1950 0.0000
vt 0.4084 0.1950 0.0000
vt 0.3913 0.2214 0.0000
vt 0.3913 0.1950 0.0000
vt 0.3852 0.1854 0.0000
vt 0.3913 0.1849 0.0000
vt 0.4009 0.1843 0.0000
vt 0.4084 0.1837 0.0000
vt 0.4359 0.1821 0.0000
vt 0.4268 0.1826 0.0000
vt 0.4459 0.1816 0.0000
vt 0.4179 0.1832 0.0000
vt 0.5017 0.2215 0.0000
vt 0.5176 0.2215 0.0000
vt 0.4840 0.2215 0.0000
vt 0.5017 0.1950 0.0000
vt 0.5176 0.1950 0.0000
vt 0.4840 0.1950 0.0000
vt 0.4652 0.2215 0.0000
vt 0.4652 0.1950 0.0000
vt 0.4544 0.1813 0.0000
vt 0.4652 0.1808 0.0000
vt 0.4730 0.1807 0.0000
vt 0.4840 0.1804 0.0000
vt 0.5080 0.1802 0.0000
vt 0.5017 0.1802 0.0000
vt 0.5176 0.1803 0.0000
vt 0.4911 0.1803 0.0000
vt 0.5721 0.2781 0.0000
vt 0.5825 0.2781 0.0000
vt 0.5675 0.2934 0.0000
vt 0.5721 0.2936 0.0000
vt 0.5776 0.2938 0.0000
vt 0.5825 0.2940 0.0000
vt 0.5941 0.2781 0.0000
vt 0.6018 0.2950 0.0000
vt 0.5941 0.2946 0.0000
vt 0.5888 0.2943 0.0000
vt 0.8044 0.2781 0.0000
vt 0.8145 0.2781 0.0000
vt 0.8029 0.3030 0.0000
vt 0.8044 0.3031 0.0000
vt 0.8130 0.3032 0.0000
vt 0.8145 0.3032 0.0000
vt 0.8259 0.2781 0.0000
vt 0.8373 0.3034 0.0000
vt 0.8259 0.3033 0.0000
vt 0.8242 0.3033 0.0000
vt 0.5528 0.2215 0.0000
vt 0.5425 0.2215 0.0000
vt 0.5528 0.1950 0.0000
vt 0.5425 0.1950 0.0000
vt 0.5310 0.2215 0.0000
vt 0.5310 0.1950 0.0000
vt 0.5230 0.1804 0.0000
vt 0.5310 0.1806 0.0000
vt 0.5358 0.1809 0.0000
vt 0.5425 0.1812 0.0000
vt 0.5574 0.1821 0.0000
vt 0.5528 0.1818 0.0000
vt 0.5471 0.1815 0.0000
vt 0.7853 0.2215 0.0000
vt 0.7752 0.2215 0.0000
vt 0.7880 0.2026 0.0000
vt 0.7853 0.2024 0.0000
vt 0.7778 0.2017 0.0000
vt 0.7752 0.2015 0.0000
vt 0.7640 0.2215 0.0000
vt 0.7532 0.1996 0.0000
vt 0.7639 0.2006 0.0000
vt 0.7664 0.2008 0.0000
vt 0.1070 0.2781 0.0000
vt 0.1171 0.2781 0.0000
vt 0.1055 0.3031 0.0000
vt 0.1070 0.3030 0.0000
vt 0.1154 0.3028 0.0000
vt 0.1171 0.3027 0.0000
vt 0.1285 0.2781 0.0000
vt 0.1392 0.3018 0.0000
vt 0.1285 0.3023 0.0000
vt 0.1264 0.3024 0.0000
vt 0.3412 0.2780 0.0000
vt 0.3514 0.2780 0.0000
vt 0.3367 0.2939 0.0000
vt 0.3412 0.2938 0.0000
vt 0.3466 0.2938 0.0000
vt 0.3514 0.2936 0.0000
vt 0.3628 0.2780 0.0000
vt 0.3696 0.2933 0.0000
vt 0.3628 0.2934 0.0000
vt 0.3574 0.2936 0.0000
vt 0.0880 0.2215 0.0000
vt 0.0785 0.2213 0.0000
vt 0.0928 0.2084 0.0000
vt 0.0880 0.2086 0.0000
vt 0.0834 0.2087 0.0000
vt 0.0785 0.2088 0.0000
vt 0.0595 0.2206 0.0000
vt 0.0690 0.2210 0.0000
vt 0.0646 0.2086 0.0000
vt 0.0595 0.2084 0.0000
vt 0.0690 0.2088 0.0000
vt 0.0740 0.2088 0.0000
vt 0.3218 0.2215 0.0000
vt 0.3115 0.2215 0.0000
vt 0.3218 0.1950 0.0000
vt 0.3115 0.1950 0.0000
vt 0.2999 0.2215 0.0000
vt 0.2999 0.1950 0.0000
vt 0.2985 0.1924 0.0000
vt 0.2999 0.1923 0.0000
vt 0.3098 0.1914 0.0000
vt 0.3115 0.1912 0.0000
vt 0.3218 0.1903 0.0000
vt 0.3294 0.1897 0.0000
vt 0.3199 0.1905 0.0000
vt 0.2381 0.7973 0.0000
vt 0.2493 0.8095 0.0000
vt 0.2675 0.8233 0.0000
vt 0.8589 0.3365 0.0000
vt 0.5875 0.8946 0.0000
vt 0.6082 0.8904 0.0000
vt 0.6238 0.8843 0.0000
vt 0.9216 0.4661 0.0000
vt 0.9162 0.4358 0.0000
vt 0.9140 0.4297 0.0000
vt 0.8720 0.3546 0.0000
vt 0.9021 0.4005 0.0000
vt 0.8902 0.3799 0.0000
vt 0.8876 0.3762 0.0000
vt 0.9047 0.4050 0.0000
vt 0.8744 0.3579 0.0000
vt 0.9231 0.4746 0.0000
vt 0.9244 0.5081 0.0000
vt 0.9248 0.5191 0.0000
vt 0.9217 0.5536 0.0000
vt 0.9204 0.5668 0.0000
vt 0.9129 0.6003 0.0000
vt 0.9095 0.6150 0.0000
vt 0.8975 0.6460 0.0000
vt 0.8913 0.6614 0.0000
vt 0.8764 0.6889 0.0000
vt 0.8679 0.7042 0.0000
vt 0.8515 0.7274 0.0000
vt 0.8413 0.7416 0.0000
vt 0.8247 0.7597 0.0000
vt 0.8135 0.7718 0.0000
vt 0.7979 0.7841 0.0000
vt 0.7866 0.7930 0.0000
vt 0.7720 0.8017 0.0000
vt 0.7607 0.8083 0.0000
vt 0.7470 0.8150 0.0000
vt 0.7360 0.8204 0.0000
vt 0.7232 0.8269 0.0000
vt 0.7125 0.8324 0.0000
vt 0.7006 0.8403 0.0000
vt 0.6904 0.8471 0.0000
vt 0.6780 0.8554 0.0000
vt 0.6672 0.8628 0.0000
vt 0.6532 0.8707 0.0000
vt 0.6406 0.8779 0.0000
vt 0.5676 0.8988 0.0000
vt 0.5445 0.9005 0.0000
vt 0.5212 0.9024 0.0000
vt 0.4969 0.9014 0.0000
vt 0.4713 0.9006 0.0000
vt 0.4471 0.8967 0.0000
vt 0.4203 0.8928 0.0000
vt 0.3972 0.8859 0.0000
vt 0.3705 0.8782 0.0000
vt 0.3492 0.8690 0.0000
vt 0.3240 0.8585 0.0000
vt 0.3053 0.8477 0.0000
vt 0.2829 0.8351 0.0000
vt 0.2253 0.7833 0.0000
vt 0.2168 0.7707 0.0000
vt 0.2076 0.7568 0.0000
vt 0.2006 0.7441 0.0000
vt 0.1932 0.7308 0.0000
vt 0.8569 0.3332 0.0000
vt 0.8455 0.3133 0.0000
vt 0.8436 0.3099 0.0000
vt 0.8318 0.2883 0.0000
vt 0.8296 0.2849 0.0000
vt 0.8153 0.2617 0.0000
vt 0.8126 0.2582 0.0000
vt 0.7938 0.2336 0.0000
vt 0.7903 0.2301 0.0000
vt 0.7649 0.2042 0.0000
vt 0.7605 0.2007 0.0000
vt 0.7293 0.1756 0.0000
vt 0.7241 0.1723 0.0000
vt 0.6878 0.1498 0.0000
vt 0.6818 0.1470 0.0000
vt 0.6412 0.1288 0.0000
vt 0.6344 0.1269 0.0000
vt 0.5902 0.1148 0.0000
vt 0.5831 0.1137 0.0000
vt 0.5381 0.1073 0.0000
vt 0.5311 0.1071 0.0000
vt 0.4879 0.1060 0.0000
vt 0.4815 0.1066 0.0000
vt 0.4428 0.1105 0.0000
vt 0.4375 0.1119 0.0000
vt 0.4060 0.1205 0.0000
vt 0.4015 0.1224 0.0000
vt 0.3752 0.1338 0.0000
vt 0.3710 0.1359 0.0000
vt 0.3479 0.1485 0.0000
vt 0.1860 0.7182 0.0000
vt 0.3438 0.1506 0.0000
vt 0.1789 0.7057 0.0000
vt 0.3220 0.1625 0.0000
vt 0.3176 0.1643 0.0000
vt 0.2949 0.1739 0.0000
vt 0.2902 0.1758 0.0000
vt 0.2671 0.1856 0.0000
vt 0.2620 0.1882 0.0000
vt 0.2387 0.2005 0.0000
vt 0.2333 0.2045 0.0000
vt 0.2100 0.2216 0.0000
vt 0.2043 0.2278 0.0000
vt 0.1813 0.2520 0.0000
vt 0.1755 0.2603 0.0000
vt 0.1543 0.2903 0.0000
vt 0.1489 0.3007 0.0000
vt 0.1310 0.3351 0.0000
vt 0.1265 0.3479 0.0000
vt 0.1133 0.3851 0.0000
vt 0.1104 0.4007 0.0000
vt 0.1030 0.4392 0.0000
vt 0.1020 0.4569 0.0000
vt 0.1699 0.6934 0.0000
vt 0.0997 0.4938 0.0000
vt 0.1009 0.5128 0.0000
vt 0.1615 0.6820 0.0000
vt 0.1027 0.5458 0.0000
vt 0.1063 0.5642 0.0000
vt 0.1517 0.6686 0.0000
vt 0.1431 0.6569 0.0000
vt 0.1336 0.6409 0.0000
vt 0.1177 0.6071 0.0000
vt 0.1116 0.5915 0.0000
vt 0.1258 0.6276 0.0000
vt 0.8962 0.4068 0.0000
vt 0.9009 0.4170 0.0000
vt 0.9066 0.4402 0.0000
vt 0.8825 0.3797 0.0000
vt 0.8422 0.7291 0.0000
vt 0.8270 0.7476 0.0000
vt 0.8163 0.7568 0.0000
vt 0.8516 0.3362 0.0000
vt 0.4021 0.8791 0.0000
vt 0.3974 0.8786 0.0000
vt 0.3455 0.8641 0.0000
vt 0.1741 0.7067 0.0000
vt 0.3454 0.8641 0.0000
vt 0.3449 0.8639 0.0000
vt 0.2966 0.8417 0.0000
vt 0.2599 0.8188 0.0000
vt 0.2559 0.8153 0.0000
vt 0.2283 0.7923 0.0000
vt 0.2244 0.7874 0.0000
vt 0.2058 0.7659 0.0000
vt 0.2023 0.7600 0.0000
vt 0.1896 0.7399 0.0000
vt 0.1866 0.7331 0.0000
vt 0.1773 0.7142 0.0000
vt 0.2993 0.8434 0.0000
vt 0.4537 0.8851 0.0000
vt 0.4635 0.8849 0.0000
vt 0.1660 0.6890 0.0000
vt 0.1619 0.6810 0.0000
vt 0.1532 0.6644 0.0000
vt 0.1486 0.6552 0.0000
vt 0.1402 0.6383 0.0000
vt 0.1358 0.6271 0.0000
vt 0.1287 0.6085 0.0000
vt 0.1252 0.5942 0.0000
vt 0.1202 0.5728 0.0000
vt 0.1185 0.5541 0.0000
vt 0.1162 0.5290 0.0000
vt 0.1169 0.5070 0.0000
vt 0.1176 0.4803 0.0000
vt 0.1211 0.4562 0.0000
vt 0.1249 0.4298 0.0000
vt 0.1319 0.4052 0.0000
vt 0.1389 0.3806 0.0000
vt 0.1498 0.3573 0.0000
vt 0.1602 0.3359 0.0000
vt 0.1741 0.3146 0.0000
vt 0.1865 0.2961 0.0000
vt 0.2021 0.2774 0.0000
vt 0.2154 0.2619 0.0000
vt 0.2314 0.2462 0.0000
vt 0.2448 0.2335 0.0000
vt 0.2597 0.2216 0.0000
vt 0.2722 0.2117 0.0000
vt 0.2861 0.2025 0.0000
vt 0.2979 0.1946 0.0000
vt 0.3106 0.1870 0.0000
vt 0.3221 0.1802 0.0000
vt 0.3337 0.1732 0.0000
vt 0.3449 0.1667 0.0000
vt 0.3555 0.1593 0.0000
vt 0.3664 0.1522 0.0000
vt 0.3773 0.1453 0.0000
vt 0.3891 0.1382 0.0000
vt 0.4010 0.1323 0.0000
vt 0.4150 0.1258 0.0000
vt 0.4287 0.1215 0.0000
vt 0.4464 0.1164 0.0000
vt 0.4621 0.1143 0.0000
vt 0.4855 0.1113 0.0000
vt 0.5012 0.1112 0.0000
vt 0.5298 0.1112 0.0000
vt 0.5440 0.1128 0.0000
vt 0.5769 0.1167 0.0000
vt 0.5884 0.1196 0.0000
vt 0.6244 0.1284 0.0000
vt 0.6327 0.1319 0.0000
vt 0.6700 0.1471 0.0000
vt 0.6750 0.1500 0.0000
vt 0.7121 0.1706 0.0000
vt 0.7142 0.1722 0.0000
vt 0.7484 0.1965 0.0000
vt 0.7489 0.1969 0.0000
vt 0.7770 0.2228 0.0000
vt 0.7787 0.2242 0.0000
vt 0.7976 0.2477 0.0000
vt 0.7998 0.2503 0.0000
vt 0.8129 0.2716 0.0000
vt 0.8152 0.2751 0.0000
vt 0.8254 0.2944 0.0000
vt 0.5105 0.8848 0.0000
vt 0.5246 0.8832 0.0000
vt 0.8277 0.2985 0.0000
vt 0.5641 0.8790 0.0000
vt 0.5800 0.8756 0.0000
vt 0.6108 0.8689 0.0000
vt 0.6253 0.8638 0.0000
vt 0.6469 0.8558 0.0000
vt 0.6596 0.8495 0.0000
vt 0.6757 0.8410 0.0000
vt 0.6872 0.8342 0.0000
vt 0.7001 0.8258 0.0000
vt 0.8375 0.3159 0.0000
vt 0.8402 0.3206 0.0000
vt 0.7116 0.8190 0.0000
vt 0.7233 0.8114 0.0000
vt 0.7363 0.8052 0.0000
vt 0.7483 0.7991 0.0000
vt 0.7626 0.7921 0.0000
vt 0.7743 0.7861 0.0000
vt 0.7895 0.7769 0.0000
vt 0.8008 0.7699 0.0000
vt 0.8523 0.7166 0.0000
vt 0.8660 0.6943 0.0000
vt 0.8751 0.6788 0.0000
vt 0.8862 0.6542 0.0000
vt 0.8941 0.6360 0.0000
vt 0.9018 0.6109 0.0000
vt 0.9078 0.5903 0.0000
vt 0.9113 0.5661 0.0000
vt 0.9145 0.5433 0.0000
vt 0.9148 0.5216 0.0000
vt 0.8554 0.3411 0.0000
vt 0.9152 0.4974 0.0000
vt 0.9130 0.4790 0.0000
vt 0.9104 0.4545 0.0000
vt 0.8672 0.3568 0.0000
vt 0.8717 0.3626 0.0000
vt 0.8875 0.3871 0.0000
# 739 texture coords

o Object006
g Object006
usemtl wire_145028177
s 4
f 3524/4797/3393 3525/4798/3394 3526/4799/3395 3527/4800/3396 
f 3528/4801/3397 3529/4802/3398 3525/4798/3394 3524/4797/3393 
f 3530/4803/3399 3531/4804/3400 3524/4797/3393 3527/4800/3396 
f 3532/4805/3401 3530/4803/3399 3527/4800/3396 
f 3533/4806/3402 3534/4807/3403 3528/4801/3397 3524/4797/3393 
f 3531/4804/3400 3533/4806/3402 3524/4797/3393 
f 3535/4808/3404 3536/4809/3405 3537/4810/3406 3538/4811/3407 
f 3539/4812/3408 3540/4813/3409 3535/4808/3404 3538/4811/3407 
f 3541/4814/3410 3539/4812/3408 3538/4811/3407 
f 3538/4811/3407 3537/4810/3406 3529/4802/3398 3528/4801/3397 
f 3542/4815/3411 3541/4814/3410 3538/4811/3407 3528/4801/3397 
f 3534/4807/3403 3542/4815/3411 3528/4801/3397 
f 3543/4816/3412 3544/4817/3413 3545/4818/3414 3546/4819/3415 
f 3547/4820/3416 3548/4821/3417 3544/4817/3413 3543/4816/3412 
f 3549/4822/3418 3550/4823/3419 3543/4816/3412 3546/4819/3415 
f 3551/4824/3420 3549/4822/3418 3546/4819/3415 
f 3552/4825/3421 3553/4826/3422 3547/4820/3416 3543/4816/3412 
f 3550/4823/3419 3552/4825/3421 3543/4816/3412 
f 3554/4827/3423 3555/4828/3424 3556/4829/3425 3557/4830/3426 
f 3558/4831/3427 3559/4832/3428 3554/4827/3423 3557/4830/3426 
f 3560/4833/3429 3558/4831/3427 3557/4830/3426 
f 3557/4830/3426 3556/4829/3425 3548/4821/3417 3547/4820/3416 
f 3561/4834/3430 3560/4833/3429 3557/4830/3426 3547/4820/3416 
f 3553/4826/3422 3561/4834/3430 3547/4820/3416 
f 3562/4835/3431 3563/4836/3432 3555/4828/3424 3554/4827/3423 
f 3564/4837/3433 3565/4838/3434 3563/4836/3432 3562/4835/3431 
f 3566/4839/3435 3567/4840/3436 3562/4835/3431 3554/4827/3423 
f 3559/4832/3428 3566/4839/3435 3554/4827/3423 
f 3568/4841/3437 3569/4842/3438 3564/4837/3433 3562/4835/3431 
f 3567/4840/3436 3568/4841/3437 3562/4835/3431 
f 3570/4843/3439 3571/4844/3440 3572/4845/3441 3573/4846/3442 
f 3574/4847/3443 3575/4848/3444 3570/4843/3439 3573/4846/3442 
f 3576/4849/3445 3574/4847/3443 3573/4846/3442 
f 3573/4846/3442 3572/4845/3441 3565/4838/3434 3564/4837/3433 
f 3577/4850/3446 3576/4849/3445 3573/4846/3442 3564/4837/3433 
f 3569/4842/3438 3577/4850/3446 3564/4837/3433 
f 3578/4851/3447 3579/4852/3448 3571/4844/3440 3570/4843/3439 
f 3580/4853/3449 3581/4854/3450 3579/4852/3448 3578/4851/3447 
f 3582/4855/3451 3583/4856/3452 3578/4851/3447 3570/4843/3439 
f 3575/4848/3444 3582/4855/3451 3570/4843/3439 
f 3584/4857/3453 3585/4858/3454 3580/4853/3449 3578/4851/3447 
f 3583/4856/3452 3584/4857/3453 3578/4851/3447 
f 3586/4859/3455 3587/4860/3456 3588/4861/3457 3589/4862/3458 
f 3590/4863/3459 3591/4864/3460 3586/4859/3455 3589/4862/3458 
f 3592/4865/3461 3590/4863/3459 3589/4862/3458 
f 3589/4862/3458 3588/4861/3457 3581/4854/3450 3580/4853/3449 
f 3593/4866/3462 3592/4865/3461 3589/4862/3458 3580/4853/3449 
f 3585/4858/3454 3593/4866/3462 3580/4853/3449 
f 3594/4867/3463 3595/4868/3464 3596/4869/3465 3597/4870/3466 
f 3598/4871/3467 3599/4872/3468 3595/4868/3464 3594/4867/3463 
f 3600/4873/3469 3601/4874/3470 3594/4867/3463 3597/4870/3466 
f 3602/4875/3471 3600/4873/3469 3597/4870/3466 
f 3603/4876/3472 3604/4877/3473 3598/4871/3467 3594/4867/3463 
f 3601/4874/3470 3603/4876/3472 3594/4867/3463 
f 3605/4878/3474 3606/4879/3475 3607/4880/3476 3608/4881/3477 
f 3609/4882/3478 3610/4883/3479 3605/4878/3474 3608/4881/3477 
f 3611/4884/3480 3609/4882/3478 3608/4881/3477 
f 3608/4881/3477 3607/4880/3476 3599/4872/3468 3598/4871/3467 
f 3612/4885/3481 3611/4884/3480 3608/4881/3477 3598/4871/3467 
f 3604/4877/3473 3612/4885/3481 3598/4871/3467 
f 3613/4886/3482 3614/4887/3483 3606/4879/3475 3605/4878/3474 
f 3615/4888/3484 3616/4889/3485 3614/4887/3483 3613/4886/3482 
f 3617/4890/3486 3618/4891/3487 3613/4886/3482 3605/4878/3474 
f 3610/4883/3479 3617/4890/3486 3605/4878/3474 
f 3619/4892/3488 3620/4893/3489 3615/4888/3484 3613/4886/3482 
f 3618/4891/3487 3619/4892/3488 3613/4886/3482 
f 3621/4894/3490 3622/4895/3491 3623/4896/3492 3624/4897/3493 
f 3625/4898/3494 3626/4899/3495 3621/4894/3490 3624/4897/3493 
f 3627/4900/3496 3625/4898/3494 3624/4897/3493 
f 3624/4897/3493 3623/4896/3492 3616/4889/3485 3615/4888/3484 
f 3628/4901/3497 3627/4900/3496 3624/4897/3493 3615/4888/3484 
f 3620/4893/3489 3628/4901/3497 3615/4888/3484 
f 3629/4902/3498 3630/4903/3499 3622/4904/3491 3621/4905/3490 
f 3631/4906/3500 3632/4907/3501 3630/4903/3499 3629/4902/3498 
f 3633/4908/3502 3634/4909/3503 3629/4902/3498 3621/4905/3490 
f 3626/4910/3495 3633/4908/3502 3621/4905/3490 
f 3635/4911/3504 3636/4912/3505 3631/4906/3500 3629/4902/3498 
f 3634/4909/3503 3635/4911/3504 3629/4902/3498 
f 3637/4913/3506 3638/4914/3507 3639/4915/3508 3640/4916/3509 
f 3641/4917/3510 3642/4918/3511 3637/4913/3506 3640/4916/3509 
f 3643/4919/3512 3641/4917/3510 3640/4916/3509 
f 3640/4916/3509 3639/4915/3508 3632/4907/3501 3631/4906/3500 
f 3644/4920/3513 3643/4919/3512 3640/4916/3509 3631/4906/3500 
f 3636/4912/3505 3644/4920/3513 3631/4906/3500 
f 3645/4921/3514 3646/4922/3515 3647/4923/3516 3648/4924/3517 
f 3649/4925/3518 3650/4926/3519 3646/4922/3515 3645/4921/3514 
f 3651/4927/3520 3652/4928/3521 3645/4921/3514 3648/4924/3517 
f 3653/4929/3522 3651/4927/3520 3648/4924/3517 
f 3654/4930/3523 3655/4931/3524 3649/4925/3518 3645/4921/3514 
f 3652/4928/3521 3654/4930/3523 3645/4921/3514 
f 3656/4932/3525 3657/4933/3526 3658/4934/3527 3659/4935/3528 
f 3660/4936/3529 3661/4937/3530 3656/4932/3525 3659/4935/3528 
f 3662/4938/3531 3660/4936/3529 3659/4935/3528 
f 3659/4935/3528 3658/4934/3527 3650/4926/3519 3649/4925/3518 
f 3663/4939/3532 3662/4938/3531 3659/4935/3528 3649/4925/3518 
f 3655/4931/3524 3663/4939/3532 3649/4925/3518 
f 3664/4940/3533 3665/4941/3534 3657/4933/3526 3656/4932/3525 
f 3666/4942/3535 3667/4943/3536 3665/4941/3534 3664/4940/3533 
f 3668/4944/3537 3669/4945/3538 3664/4940/3533 3656/4932/3525 
f 3661/4937/3530 3668/4944/3537 3656/4932/3525 
f 3670/4946/3539 3671/4947/3540 3666/4942/3535 3664/4940/3533 
f 3669/4945/3538 3670/4946/3539 3664/4940/3533 
f 3672/4948/3541 3673/4949/3542 3674/4950/3543 3675/4951/3544 
f 3676/4952/3545 3677/4953/3546 3672/4948/3541 3675/4951/3544 
f 3678/4954/3547 3676/4952/3545 3675/4951/3544 
f 3675/4951/3544 3674/4950/3543 3667/4943/3536 3666/4942/3535 
f 3679/4955/3548 3678/4954/3547 3675/4951/3544 3666/4942/3535 
f 3671/4947/3540 3679/4955/3548 3666/4942/3535 
f 3680/4956/3549 3681/4957/3550 3673/4949/3542 3672/4948/3541 
f 3682/4958/3551 3683/4959/3552 3681/4957/3550 3680/4956/3549 
f 3684/4960/3553 3685/4961/3554 3680/4956/3549 3672/4948/3541 
f 3677/4953/3546 3684/4960/3553 3672/4948/3541 
f 3686/4962/3555 3687/4963/3556 3682/4958/3551 3680/4956/3549 
f 3685/4961/3554 3686/4962/3555 3680/4956/3549 
f 3688/4964/3557 3689/4965/3558 3690/4966/3559 3691/4967/3560 
f 3692/4968/3561 3693/4969/3562 3688/4964/3557 3691/4967/3560 
f 3694/4970/3563 3692/4968/3561 3691/4967/3560 
f 3691/4967/3560 3690/4966/3559 3683/4959/3552 3682/4958/3551 
f 3695/4971/3564 3694/4970/3563 3691/4967/3560 3682/4958/3551 
f 3687/4963/3556 3695/4971/3564 3682/4958/3551 
f 3696/4972/3565 3697/4973/3566 3698/4974/3567 3699/4975/3568 
f 3700/4976/3569 3701/4977/3570 3697/4973/3566 3696/4972/3565 
f 3702/4978/3571 3703/4979/3572 3696/4972/3565 3699/4975/3568 
f 3704/4980/3573 3702/4978/3571 3699/4975/3568 
f 3705/4981/3574 3706/4982/3575 3700/4976/3569 3696/4972/3565 
f 3703/4979/3572 3705/4981/3574 3696/4972/3565 
f 3707/4983/3576 3708/4984/3577 3709/4985/3578 3710/4986/3579 
f 3711/4987/3580 3712/4988/3581 3707/4983/3576 3710/4986/3579 
f 3713/4989/3582 3711/4987/3580 3710/4986/3579 
f 3710/4986/3579 3709/4985/3578 3701/4977/3570 3700/4976/3569 
f 3714/4990/3583 3713/4989/3582 3710/4986/3579 3700/4976/3569 
f 3706/4982/3575 3714/4990/3583 3700/4976/3569 
f 3715/4991/3584 3716/4992/3585 3708/4984/3577 3707/4983/3576 
f 3717/4993/3586 3718/4994/3587 3716/4992/3585 3715/4991/3584 
f 3719/4995/3588 3720/4996/3589 3715/4991/3584 3707/4983/3576 
f 3712/4988/3581 3719/4995/3588 3707/4983/3576 
f 3721/4997/3590 3722/4998/3591 3717/4993/3586 3715/4991/3584 
f 3720/4996/3589 3721/4997/3590 3715/4991/3584 
f 3527/4800/3396 3526/4799/3395 3723/4999/3592 3724/5000/3593 
f 3725/5001/3594 3532/4805/3401 3527/4800/3396 3724/5000/3593 
f 3726/5002/3595 3725/5001/3594 3724/5000/3593 
f 3724/5000/3593 3723/4999/3592 3718/4994/3587 3717/4993/3586 
f 3727/5003/3596 3726/5002/3595 3724/5000/3593 3717/4993/3586 
f 3722/4998/3591 3727/5003/3596 3717/4993/3586 
f 3728/5004/3597 3729/5005/3598 3545/4818/3414 3730/5006/3599 
f 3731/5007/3600 3732/5008/3601 3729/5005/3598 3728/5004/3597 
f 3733/5009/3602 3728/5004/3597 3730/5006/3599 3734/5010/3603 
f 3735/5011/3604 3731/5007/3600 3728/5004/3597 3733/5009/3602 
f 3736/5012/3605 3536/4809/3405 3737/5013/3606 3738/5014/3607 
f 3739/5015/3608 3736/5012/3605 3738/5014/3607 3740/5016/3609 
f 3738/5014/3607 3737/5013/3606 3732/5008/3601 3731/5007/3600 
f 3740/5016/3609 3738/5014/3607 3731/5007/3600 3735/5011/3604 
f 3741/5017/3610 3742/5018/3611 3739/5015/3608 3740/5016/3609 
f 3741/5017/3610 3740/5016/3609 3743/5019/3612 
f 3744/5020/3613 3743/5019/3612 3740/5016/3609 3735/5011/3604 
f 3744/5020/3613 3735/5011/3604 3745/5021/3614 
f 3746/5022/3615 3747/5023/3616 3733/5009/3602 3734/5010/3603 
f 3748/5024/3617 3746/5022/3615 3734/5010/3603 
f 3749/5025/3618 3745/5021/3614 3735/5011/3604 3733/5009/3602 
f 3749/5025/3618 3733/5009/3602 3747/5023/3616 
f 3750/5026/3619 3556/4829/3425 3555/4828/3424 3751/5027/3620 
f 3752/5028/3621 3548/4821/3417 3556/4829/3425 3750/5026/3619 
f 3753/5029/3622 3750/5026/3619 3751/5027/3620 3754/5030/3623 
f 3755/5031/3624 3752/5028/3621 3750/5026/3619 3753/5029/3622 
f 3730/5006/3599 3545/4818/3414 3544/4817/3413 3756/5032/3625 
f 3734/5010/3603 3730/5006/3599 3756/5032/3625 3757/5033/3626 
f 3756/5032/3625 3544/4817/3413 3548/4821/3417 3752/5028/3621 
f 3757/5033/3626 3756/5032/3625 3752/5028/3621 3755/5031/3624 
f 3758/5034/3627 3748/5024/3617 3734/5010/3603 3757/5033/3626 
f 3758/5034/3627 3757/5033/3626 3759/5035/3628 
f 3760/5036/3629 3759/5035/3628 3757/5033/3626 3755/5031/3624 
f 3760/5036/3629 3755/5031/3624 3761/5037/3630 
f 3762/5038/3631 3763/5039/3632 3753/5029/3622 3754/5030/3623 
f 3762/5038/3631 3754/5030/3623 3764/5040/3633 
f 3765/5041/3634 3761/5037/3630 3755/5031/3624 3753/5029/3622 
f 3765/5041/3634 3753/5029/3622 3763/5039/3632 
f 3766/5042/3635 3572/4845/3441 3571/4844/3440 3767/5043/3636 
f 3768/5044/3637 3565/4838/3434 3572/4845/3441 3766/5042/3635 
f 3769/5045/3638 3770/5046/3639 3766/5042/3635 3767/5043/3636 
f 3771/5047/3640 3769/5045/3638 3767/5043/3636 
f 3772/5048/3641 3773/5049/3642 3768/5044/3637 3766/5042/3635 
f 3770/5046/3639 3772/5048/3641 3766/5042/3635 
f 3751/5027/3620 3555/4828/3424 3563/4836/3432 3774/5050/3643 
f 3754/5030/3623 3751/5027/3620 3774/5050/3643 3775/5051/3644 
f 3774/5050/3643 3563/4836/3432 3565/4838/3434 3768/5044/3637 
f 3775/5051/3644 3774/5050/3643 3768/5044/3637 3776/5052/3645 
f 3768/5044/3637 3773/5049/3642 3776/5052/3645 
f 3777/5051/3646 3764/5040/3633 3754/5030/3623 3775/5051/3644 
f 3777/5051/3646 3775/5051/3644 3777/5051/3647 
f 3776/5052/3645 3777/5051/3647 3775/5051/3644 
f 3778/5053/3648 3779/5054/3649 3596/4869/3465 3780/5055/3650 
f 3781/5056/3651 3782/5057/3652 3779/5054/3649 3778/5053/3648 
f 3783/5058/3653 3784/5059/3654 3778/5053/3648 3780/5055/3650 
f 3785/5060/3655 3783/5058/3653 3780/5055/3650 
f 3786/5061/3656 3787/5062/3657 3781/5056/3651 3778/5053/3648 
f 3784/5059/3654 3786/5061/3656 3778/5053/3648 
f 3788/5063/3658 3587/4860/3456 3789/5064/3659 3790/5065/3660 
f 3791/5066/3661 3792/5067/3662 3788/5063/3658 3790/5065/3660 
f 3793/5068/3663 3791/5066/3661 3790/5065/3660 
f 3790/5065/3660 3789/5064/3659 3782/5057/3652 3781/5056/3651 
f 3794/5069/3664 3793/5068/3663 3790/5065/3660 3781/5056/3651 
f 3787/5062/3657 3794/5069/3664 3781/5056/3651 
f 3795/5070/3665 3607/4880/3476 3606/4879/3475 3796/5071/3666 
f 3797/5072/3667 3599/4872/3468 3607/4880/3476 3795/5070/3665 
f 3798/5073/3668 3799/5074/3669 3795/5070/3665 3796/5071/3666 
f 3800/5075/3670 3798/5073/3668 3796/5071/3666 
f 3801/5076/3671 3802/5077/3672 3797/5072/3667 3795/5070/3665 
f 3799/5074/3669 3801/5076/3671 3795/5070/3665 
f 3780/5055/3650 3596/4869/3465 3595/4868/3464 3803/5078/3673 
f 3804/5079/3674 3785/5060/3655 3780/5055/3650 3803/5078/3673 
f 3805/5080/3675 3804/5079/3674 3803/5078/3673 
f 3803/5078/3673 3595/4868/3464 3599/4872/3468 3797/5072/3667 
f 3806/5081/3676 3805/5080/3675 3803/5078/3673 3797/5072/3667 
f 3802/5077/3672 3806/5081/3676 3797/5072/3667 
f 3807/5082/3677 3623/4896/3492 3622/4895/3491 3808/5083/3678 
f 3809/5084/3679 3616/4889/3485 3623/4896/3492 3807/5082/3677 
f 3810/5085/3680 3811/5086/3681 3807/5082/3677 3808/5083/3678 
f 3812/5087/3682 3810/5085/3680 3808/5083/3678 
f 3813/5088/3683 3814/5089/3684 3809/5084/3679 3807/5082/3677 
f 3811/5086/3681 3813/5088/3683 3807/5082/3677 
f 3796/5071/3666 3606/4879/3475 3614/4887/3483 3815/5090/3685 
f 3816/5091/3686 3800/5075/3670 3796/5071/3666 3815/5090/3685 
f 3817/5092/3687 3816/5091/3686 3815/5090/3685 
f 3815/5090/3685 3614/4887/3483 3616/4889/3485 3809/5084/3679 
f 3818/5093/3688 3817/5092/3687 3815/5090/3685 3809/5084/3679 
f 3814/5089/3684 3818/5093/3688 3809/5084/3679 
f 3819/5094/3689 3820/5095/3690 3647/4923/3516 3821/5096/3691 
f 3822/5097/3692 3823/5098/3693 3820/5095/3690 3819/5094/3689 
f 3824/5099/3694 3825/5100/3695 3819/5094/3689 3821/5096/3691 
f 3826/5101/3696 3824/5099/3694 3821/5096/3691 
f 3827/5102/3697 3828/5103/3698 3822/5097/3692 3819/5094/3689 
f 3825/5100/3695 3827/5102/3697 3819/5094/3689 
f 3829/5104/3699 3638/4914/3507 3830/5105/3700 3831/5106/3701 
f 3832/5107/3702 3833/5108/3703 3829/5104/3699 3831/5106/3701 
f 3834/5109/3704 3832/5107/3702 3831/5106/3701 
f 3831/5106/3701 3830/5105/3700 3823/5098/3693 3822/5097/3692 
f 3835/5110/3705 3834/5109/3704 3831/5106/3701 3822/5097/3692 
f 3828/5103/3698 3835/5110/3705 3822/5097/3692 
f 3836/5111/3706 3658/4934/3527 3657/4933/3526 3837/5112/3707 
f 3838/5113/3708 3650/4926/3519 3658/4934/3527 3836/5111/3706 
f 3839/5114/3709 3840/5115/3710 3836/5111/3706 3837/5112/3707 
f 3841/5116/3711 3839/5114/3709 3837/5112/3707 
f 3842/5117/3712 3843/5118/3713 3838/5113/3708 3836/5111/3706 
f 3840/5115/3710 3842/5117/3712 3836/5111/3706 
f 3821/5096/3691 3647/4923/3516 3646/4922/3515 3844/5119/3714 
f 3845/5120/3715 3826/5101/3696 3821/5096/3691 3844/5119/3714 
f 3846/5121/3716 3845/5120/3715 3844/5119/3714 
f 3844/5119/3714 3646/4922/3515 3650/4926/3519 3838/5113/3708 
f 3847/5122/3717 3846/5121/3716 3844/5119/3714 3838/5113/3708 
f 3843/5118/3713 3847/5122/3717 3838/5113/3708 
f 3848/5123/3718 3674/4950/3543 3673/4949/3542 3849/5124/3719 
f 3850/5125/3720 3667/4943/3536 3674/4950/3543 3848/5123/3718 
f 3851/5126/3721 3848/5123/3718 3849/5124/3719 3852/5127/3722 
f 3853/5128/3723 3854/5129/3724 3850/5125/3720 3848/5123/3718 
f 3848/5123/3718 3851/5126/3721 3855/5130/3725 3853/5128/3723 
f 3837/5112/3707 3657/4933/3526 3665/4941/3534 3856/5131/3726 
f 3857/5132/3727 3841/5116/3711 3837/5112/3707 3856/5131/3726 
f 3858/5133/3728 3857/5132/3727 3856/5131/3726 
f 3856/5131/3726 3665/4941/3534 3667/4943/3536 3850/5125/3720 
f 3859/5134/3729 3858/5133/3728 3856/5131/3726 3850/5125/3720 
f 3854/5129/3724 3859/5134/3729 3850/5125/3720 
f 3851/5126/3730 3851/5126/3721 3852/5127/3722 3860/5135/3731 
f 3852/5127/3722 3861/5136/3732 3860/5135/3731 
f 3851/5126/3721 3851/5126/3730 3851/5126/3733 3855/5130/3725 
f 3862/5137/3734 3863/5138/3735 3698/4974/3567 3864/5139/3736 
f 3865/5140/3737 3866/5141/3738 3863/5138/3735 3862/5137/3734 
f 3867/5142/3739 3862/5137/3734 3864/5139/3736 3868/5143/3740 
f 3869/5144/3741 3865/5140/3737 3862/5137/3734 3867/5142/3739 
f 3870/5145/3742 3689/4965/3558 3871/5146/3743 3872/5147/3744 
f 3873/5148/3745 3870/5145/3742 3872/5147/3744 3874/5149/3746 
f 3872/5147/3744 3871/5146/3743 3866/5141/3738 3865/5140/3737 
f 3874/5149/3746 3872/5147/3744 3865/5140/3737 3869/5144/3741 
f 3875/5150/3747 3873/5148/3745 3874/5149/3746 3876/5151/3748 
f 3874/5149/3746 3877/5152/3749 3876/5151/3748 
f 3877/5152/3749 3874/5149/3746 3869/5144/3741 3878/5153/3750 
f 3869/5144/3741 3879/5154/3751 3878/5153/3750 
f 3880/5155/3752 3881/5156/3753 3867/5142/3739 3868/5143/3740 
f 3880/5155/3752 3868/5143/3740 3882/5157/3754 
f 3883/5158/3755 3879/5154/3751 3869/5144/3741 3867/5142/3739 
f 3883/5158/3755 3867/5142/3739 3881/5156/3753 
f 3884/5159/3756 3709/4985/3578 3708/4984/3577 3885/5160/3757 
f 3886/5161/3758 3701/4977/3570 3709/4985/3578 3884/5159/3756 
f 3887/5162/3759 3884/5159/3756 3885/5160/3757 3888/5163/3760 
f 3889/5164/3761 3886/5161/3758 3884/5159/3756 3887/5162/3759 
f 3864/5139/3736 3698/4974/3567 3697/4973/3566 3890/5165/3762 
f 3868/5143/3740 3864/5139/3736 3890/5165/3762 3891/5166/3763 
f 3890/5165/3762 3697/4973/3566 3701/4977/3570 3886/5161/3758 
f 3891/5166/3763 3890/5165/3762 3886/5161/3758 3889/5164/3761 
f 3892/5167/3764 3882/5157/3754 3868/5143/3740 3891/5166/3763 
f 3892/5167/3764 3891/5166/3763 3893/5168/3765 
f 3894/5169/3766 3893/5168/3765 3891/5166/3763 3889/5164/3761 
f 3894/5169/3766 3889/5164/3761 3895/5170/3767 
f 3896/5171/3768 3897/5172/3769 3887/5162/3759 3888/5163/3760 
f 3896/5171/3768 3888/5163/3760 3898/5173/3770 
f 3899/5174/3771 3895/5170/3767 3889/5164/3761 3887/5162/3759 
f 3899/5174/3771 3887/5162/3759 3897/5172/3769 
f 3900/5175/3772 3723/4999/3592 3526/4799/3395 3901/5176/3773 
f 3902/5177/3774 3718/4994/3587 3723/4999/3592 3900/5175/3772 
f 3903/5178/3775 3900/5175/3772 3901/5176/3773 3904/5179/3776 
f 3905/5180/3777 3902/5177/3774 3900/5175/3772 3903/5178/3775 
f 3885/5160/3757 3708/4984/3577 3716/4992/3585 3906/5181/3778 
f 3888/5163/3760 3885/5160/3757 3906/5181/3778 3907/5182/3779 
f 3906/5181/3778 3716/4992/3585 3718/4994/3587 3902/5177/3774 
f 3907/5182/3779 3906/5181/3778 3902/5177/3774 3905/5180/3777 
f 3908/5183/3780 3898/5173/3770 3888/5163/3760 3907/5182/3779 
f 3908/5183/3780 3907/5182/3779 3909/5184/3781 
f 3910/5185/3782 3909/5184/3781 3907/5182/3779 3905/5180/3777 
f 3910/5185/3782 3905/5180/3777 3911/5186/3783 
f 3912/5187/3784 3913/5188/3785 3903/5178/3775 3904/5179/3776 
f 3912/5187/3784 3904/5179/3776 3914/5189/3786 
f 3915/5190/3787 3911/5186/3783 3905/5180/3777 3903/5178/3775 
f 3915/5190/3787 3903/5178/3775 3913/5188/3785 
f 3916/5191/3788 3737/5013/3606 3536/4809/3405 3535/4808/3404 
f 3917/5192/3789 3732/5008/3601 3737/5013/3606 3916/5191/3788 
f 3918/5193/3790 3919/5194/3791 3916/5191/3788 3535/4808/3404 
f 3540/4813/3409 3918/5193/3790 3535/4808/3404 
f 3920/5195/3792 3921/5196/3793 3917/5192/3789 3916/5191/3788 
f 3919/5194/3791 3920/5195/3792 3916/5191/3788 
f 3546/4819/3415 3545/4818/3414 3729/5005/3598 3922/5197/3794 
f 3923/5198/3795 3551/4824/3420 3546/4819/3415 3922/5197/3794 
f 3924/5199/3796 3923/5198/3795 3922/5197/3794 
f 3922/5197/3794 3729/5005/3598 3732/5008/3601 3917/5192/3789 
f 3925/5200/3797 3924/5199/3796 3922/5197/3794 3917/5192/3789 
f 3921/5196/3793 3925/5200/3797 3917/5192/3789 
f 3926/5201/3798 3789/5064/3659 3587/4860/3456 3586/4859/3455 
f 3927/5202/3799 3782/5057/3652 3789/5064/3659 3926/5201/3798 
f 3928/5203/3800 3929/5204/3801 3926/5201/3798 3586/4859/3455 
f 3591/4864/3460 3928/5203/3800 3586/4859/3455 
f 3930/5205/3802 3931/5206/3803 3927/5202/3799 3926/5201/3798 
f 3929/5204/3801 3930/5205/3802 3926/5201/3798 
f 3597/4870/3466 3596/4869/3465 3779/5054/3649 3932/5207/3804 
f 3933/5208/3805 3602/4875/3471 3597/4870/3466 3932/5207/3804 
f 3933/5208/3805 3932/5207/3804 3934/5209/3806 
f 3932/5207/3804 3779/5054/3649 3782/5057/3652 3927/5202/3799 
f 3935/5210/3807 3934/5209/3806 3932/5207/3804 3927/5202/3799 
f 3931/5206/3803 3935/5210/3807 3927/5202/3799 
f 3936/5211/3808 3537/4810/3406 3536/4809/3405 3736/5012/3605 
f 3937/5212/3809 3529/4802/3398 3537/4810/3406 3936/5211/3808 
f 3938/5213/3810 3936/5211/3808 3736/5012/3605 3739/5015/3608 
f 3939/5214/3811 3937/5212/3809 3936/5211/3808 3938/5213/3810 
f 3901/5176/3773 3526/4799/3395 3525/4798/3394 3940/5215/3812 
f 3904/5179/3776 3901/5176/3773 3940/5215/3812 3941/5216/3813 
f 3940/5215/3812 3525/4798/3394 3529/4802/3398 3937/5212/3809 
f 3941/5216/3813 3940/5215/3812 3937/5212/3809 3939/5214/3811 
f 3942/5217/3814 3914/5189/3786 3904/5179/3776 3941/5216/3813 
f 3942/5217/3814 3941/5216/3813 3943/5218/3815 
f 3944/5219/3816 3943/5218/3815 3941/5216/3813 3939/5214/3811 
f 3944/5219/3816 3939/5214/3811 3945/5220/3817 
f 3946/5221/3818 3947/5222/3819 3938/5213/3810 3739/5015/3608 
f 3946/5221/3818 3739/5015/3608 3742/5018/3611 
f 3948/5223/3820 3945/5220/3817 3939/5214/3811 3938/5213/3810 
f 3948/5223/3820 3938/5213/3810 3947/5222/3819 
f 3949/5224/3821 3588/4861/3457 3587/4860/3456 3788/5063/3658 
f 3950/5225/3822 3581/4854/3450 3588/4861/3457 3949/5224/3821 
f 3951/5226/3823 3952/5227/3824 3949/5224/3821 3788/5063/3658 
f 3792/5067/3662 3951/5226/3823 3788/5063/3658 
f 3953/5228/3825 3954/5229/3826 3950/5225/3822 3949/5224/3821 
f 3952/5227/3824 3953/5228/3825 3949/5224/3821 
f 3767/5043/3636 3571/4844/3440 3579/4852/3448 3955/5230/3827 
f 3956/5231/3828 3771/5047/3640 3767/5043/3636 3955/5230/3827 
f 3957/5232/3829 3956/5231/3828 3955/5230/3827 
f 3955/5230/3827 3579/4852/3448 3581/4854/3450 3950/5225/3822 
f 3958/5233/3830 3957/5232/3829 3955/5230/3827 3950/5225/3822 
f 3954/5229/3826 3958/5233/3830 3950/5225/3822 
f 3959/5234/3831 3830/5105/3700 3638/4914/3507 3637/4913/3506 
f 3960/5235/3832 3823/5098/3693 3830/5105/3700 3959/5234/3831 
f 3961/5236/3833 3962/5237/3834 3959/5234/3831 3637/4913/3506 
f 3642/4918/3511 3961/5236/3833 3637/4913/3506 
f 3963/5238/3835 3964/5239/3836 3960/5235/3832 3959/5234/3831 
f 3962/5237/3834 3963/5238/3835 3959/5234/3831 
f 3648/4924/3517 3647/4923/3516 3820/5095/3690 3965/5240/3837 
f 3966/5241/3838 3653/4929/3522 3648/4924/3517 3965/5240/3837 
f 3967/5242/3839 3966/5241/3838 3965/5240/3837 
f 3965/5240/3837 3820/5095/3690 3823/5098/3693 3960/5235/3832 
f 3968/5243/3840 3967/5242/3839 3965/5240/3837 3960/5235/3832 
f 3964/5239/3836 3968/5243/3840 3960/5235/3832 
f 3969/5244/3841 3871/5146/3743 3689/4965/3558 3688/4964/3557 
f 3970/5245/3842 3866/5141/3738 3871/5146/3743 3969/5244/3841 
f 3971/5246/3843 3972/5247/3844 3969/5244/3841 3688/4964/3557 
f 3693/4969/3562 3971/5246/3843 3688/4964/3557 
f 3973/5248/3845 3974/5249/3846 3970/5245/3842 3969/5244/3841 
f 3972/5247/3844 3973/5248/3845 3969/5244/3841 
f 3699/4975/3568 3698/4974/3567 3863/5138/3735 3975/5250/3847 
f 3976/5251/3848 3704/4980/3573 3699/4975/3568 3975/5250/3847 
f 3977/5252/3849 3976/5251/3848 3975/5250/3847 
f 3975/5250/3847 3863/5138/3735 3866/5141/3738 3970/5245/3842 
f 3978/5253/3850 3977/5252/3849 3975/5250/3847 3970/5245/3842 
f 3974/5249/3846 3978/5253/3850 3970/5245/3842 
f 3979/5254/3851 3639/4915/3508 3638/4914/3507 3829/5104/3699 
f 3980/5255/3852 3632/4907/3501 3639/4915/3508 3979/5254/3851 
f 3981/5256/3853 3982/5257/3854 3979/5254/3851 3829/5104/3699 
f 3833/5108/3703 3981/5256/3853 3829/5104/3699 
f 3983/5258/3855 3984/5259/3856 3980/5255/3852 3979/5254/3851 
f 3982/5257/3854 3983/5258/3855 3979/5254/3851 
f 3808/5260/3678 3622/4904/3491 3630/4903/3499 3985/5261/3857 
f 3986/5262/3858 3812/5263/3682 3808/5260/3678 3985/5261/3857 
f 3987/5264/3859 3986/5262/3858 3985/5261/3857 
f 3985/5261/3857 3630/4903/3499 3632/4907/3501 3980/5255/3852 
f 3988/5265/3860 3987/5264/3859 3985/5261/3857 3980/5255/3852 
f 3984/5259/3856 3988/5265/3860 3980/5255/3852 
f 3989/5266/3861 3690/4966/3559 3689/4965/3558 3870/5145/3742 
f 3990/5267/3862 3683/4959/3552 3690/4966/3559 3989/5266/3861 
f 3991/5268/3863 3989/5266/3861 3870/5145/3742 3873/5148/3745 
f 3992/5269/3864 3990/5267/3862 3989/5266/3861 3991/5268/3863 
f 3849/5124/3719 3673/4949/3542 3681/4957/3550 3993/5270/3865 
f 3852/5127/3722 3849/5124/3719 3993/5270/3865 3994/5271/3866 
f 3993/5270/3865 3681/4957/3550 3683/4959/3552 3990/5267/3862 
f 3994/5271/3866 3993/5270/3865 3990/5267/3862 3992/5269/3864 
f 3861/5136/3732 3852/5127/3722 3994/5271/3866 3995/5272/3867 
f 3994/5271/3866 3996/5273/3868 3995/5272/3867 
f 3996/5273/3868 3994/5271/3866 3992/5269/3864 3997/5274/3869 
f 3992/5269/3864 3998/5275/3870 3997/5274/3869 
f 3999/5276/3871 3991/5268/3863 3873/5148/3745 4000/5277/3872 
f 3873/5148/3745 3875/5150/3747 4000/5277/3872 
f 3998/5275/3870 3992/5269/3864 3991/5268/3863 4001/5278/3873 
f 3991/5268/3863 3999/5276/3871 4001/5278/3873 
s 2
f 3530/5279/3399 3532/5280/3401 3725/5281/3594 3642/5282/3511 
f 3702/5283/3571 3704/5284/3573 3976/5285/3848 3642/5282/3511 
f 3651/5286/3520 3653/5287/3522 3966/5288/3838 3961/5289/3833 
f 3968/5290/3840 3964/5291/3836 3963/5292/3835 3967/5293/3839 
f 3966/5288/3838 3967/5293/3839 3963/5292/3835 3962/5294/3834 
f 3966/5288/3838 3962/5294/3834 3961/5289/3833 
f 3652/5295/3521 3651/5286/3520 3961/5289/3833 3654/5296/3523 
f 3655/5297/3524 3654/5296/3523 3961/5289/3833 3663/5298/3532 
f 3662/5299/3531 3663/5298/3532 3961/5289/3833 3660/5300/3529 
f 3661/5301/3530 3660/5300/3529 3961/5289/3833 3668/5302/3537 
f 3669/5303/3538 3668/5302/3537 3961/5289/3833 3670/5304/3539 
f 3671/5305/3540 3670/5304/3539 3961/5289/3833 3679/5306/3548 
f 3678/5307/3547 3679/5306/3548 3961/5289/3833 3676/5308/3545 
f 3677/5309/3546 3676/5308/3545 3961/5289/3833 3684/5310/3553 
f 3685/5311/3554 3684/5310/3553 3961/5289/3833 3686/5312/3555 
f 3687/5313/3556 3686/5312/3555 3961/5289/3833 3695/5314/3564 
f 3695/5314/3564 3961/5289/3833 3642/5282/3511 3694/5315/3563 
f 3692/5316/3561 3694/5315/3563 3642/5282/3511 3693/5317/3562 
f 3971/5318/3843 3693/5317/3562 3642/5282/3511 3972/5319/3844 
f 3973/5320/3845 3972/5319/3844 3642/5282/3511 3974/5321/3846 
f 3978/5322/3850 3974/5321/3846 3642/5282/3511 3977/5323/3849 
f 3976/5285/3848 3977/5323/3849 3642/5282/3511 
f 3703/5324/3572 3702/5283/3571 3642/5282/3511 3705/5325/3574 
f 3706/5326/3575 3705/5325/3574 3642/5282/3511 3714/5327/3583 
f 3713/5328/3582 3714/5327/3583 3642/5282/3511 3711/5329/3580 
f 3712/5330/3581 3711/5329/3580 3642/5282/3511 3719/5331/3588 
f 3720/5332/3589 3719/5331/3588 3642/5282/3511 3721/5333/3590 
f 3722/5334/3591 3721/5333/3590 3642/5282/3511 3727/5335/3596 
f 3726/5336/3595 3727/5335/3596 3642/5282/3511 3725/5281/3594 
f 3531/5337/3400 3530/5279/3399 3642/5282/3511 3533/5338/3402 
f 3534/5339/3403 3533/5338/3402 3642/5282/3511 3542/5340/3411 
f 3541/5341/3410 3542/5340/3411 3642/5282/3511 3641/5342/3510 
f 3541/5341/3410 3641/5342/3510 3643/5343/3512 3644/5344/3513 
f 3541/5341/3410 3644/5344/3513 3636/5345/3505 3635/5346/3504 
f 3541/5341/3410 3635/5346/3504 3634/5347/3503 3633/5348/3502 
f 3541/5341/3410 3633/5348/3502 3626/5349/3495 3625/5350/3494 
f 3541/5341/3410 3625/5350/3494 3627/5351/3496 3628/5352/3497 
f 3541/5341/3410 3628/5352/3497 3620/5353/3489 3619/5354/3488 
f 3541/5341/3410 3619/5354/3488 3618/5355/3487 3617/5356/3486 
f 3541/5341/3410 3617/5356/3486 3610/5357/3479 3609/5358/3478 
f 3541/5341/3410 3609/5358/3478 3611/5359/3480 3612/5360/3481 
f 3541/5341/3410 3612/5360/3481 3604/5361/3473 3603/5362/3472 
f 3541/5341/3410 3603/5362/3472 3601/5363/3470 3600/5364/3469 
f 3541/5341/3410 3600/5364/3469 3602/5365/3471 3933/5366/3805 
f 3541/5341/3410 3933/5366/3805 3934/5367/3806 3935/5368/3807 
f 3541/5341/3410 3935/5368/3807 3931/5369/3803 3930/5370/3802 
f 3541/5341/3410 3930/5370/3802 3929/5371/3801 3539/5372/3408 
f 3539/5372/3408 3929/5371/3801 3928/5373/3800 3540/5374/3409 
f 3540/5374/3409 3928/5373/3800 3591/5375/3460 3590/5376/3459 
f 3540/5374/3409 3590/5376/3459 3592/5377/3461 3593/5378/3462 
f 3540/5374/3409 3593/5378/3462 3585/5379/3454 3584/5380/3453 
f 3540/5374/3409 3584/5380/3453 3583/5381/3452 3582/5382/3451 
f 3582/5382/3451 3575/5383/3444 3574/5384/3443 3540/5374/3409 
f 3540/5374/3409 3574/5384/3443 3576/5385/3445 3577/5386/3446 
f 3540/5374/3409 3577/5386/3446 3569/5387/3438 3568/5388/3437 
f 3540/5374/3409 3568/5388/3437 3567/5389/3436 3566/5390/3435 
f 3540/5374/3409 3566/5390/3435 3559/5391/3428 3558/5392/3427 
f 3540/5374/3409 3558/5392/3427 3560/5393/3429 3561/5394/3430 
f 3918/5395/3790 3540/5374/3409 3561/5394/3430 3553/5396/3422 
f 3918/5395/3790 3553/5396/3422 3552/5397/3421 3919/5398/3791 
f 3919/5398/3791 3552/5397/3421 3550/5399/3419 3549/5400/3418 
f 3920/5401/3792 3919/5398/3791 3549/5400/3418 3921/5402/3793 
f 3925/5403/3797 3921/5402/3793 3549/5400/3418 3923/5404/3795 
f 3549/5400/3418 3551/5405/3420 3923/5404/3795 
f 3925/5403/3797 3923/5404/3795 3924/5406/3796 
s 1
f 3880/5407/3752 3882/5408/3754 3892/5409/3764 3883/5410/3755 
f 3912/5411/3784 3914/5412/3786 3942/5413/3814 3876/5414/3748 
f 3762/5415/3631 3764/5416/3633 3777/5417/3646 3951/5418/3823 
f 3777/5417/3646 3777/5419/3647 3776/5420/3645 3951/5418/3823 
f 3772/5421/3641 3770/5422/3639 3769/5423/3638 3951/5418/3823 
f 3769/5423/3638 3771/5424/3640 3956/5425/3828 3951/5418/3823 
f 3956/5425/3828 3957/5426/3829 3958/5427/3830 3951/5418/3823 
f 3958/5427/3830 3954/5428/3826 3953/5429/3825 3952/5430/3824 
f 3958/5427/3830 3952/5430/3824 3951/5418/3823 
f 3773/5431/3642 3772/5421/3641 3951/5418/3823 3776/5420/3645 
f 3763/5432/3632 3762/5415/3631 3951/5418/3823 3765/5433/3634 
f 3765/5433/3634 3951/5418/3823 3792/5434/3662 3791/5435/3661 
f 3765/5433/3634 3791/5435/3661 3793/5436/3663 3794/5437/3664 
f 3765/5433/3634 3794/5437/3664 3787/5438/3657 3786/5439/3656 
f 3765/5433/3634 3786/5439/3656 3784/5440/3654 3783/5441/3653 
f 3765/5433/3634 3783/5441/3653 3785/5442/3655 3804/5443/3674 
f 3765/5433/3634 3804/5443/3674 3805/5444/3675 3806/5445/3676 
f 3765/5433/3634 3806/5445/3676 3802/5446/3672 3801/5447/3671 
f 3765/5433/3634 3801/5447/3671 3799/5448/3669 3798/5449/3668 
f 3798/5449/3668 3800/5450/3670 3816/5451/3686 3765/5433/3634 
f 3765/5433/3634 3816/5451/3686 3817/5452/3687 3818/5453/3688 
f 3765/5433/3634 3818/5453/3688 3814/5454/3684 3813/5455/3683 
f 3765/5433/3634 3813/5455/3683 3811/5456/3681 3810/5457/3680 
f 3765/5433/3634 3810/5457/3680 3812/5458/3682 3986/5459/3858 
f 3765/5433/3634 3986/5459/3858 3987/5460/3859 3988/5461/3860 
f 3765/5433/3634 3988/5461/3860 3984/5462/3856 3983/5463/3855 
f 3765/5433/3634 3983/5463/3855 3982/5464/3854 3981/5465/3853 
f 3765/5433/3634 3981/5465/3853 3833/5466/3703 3832/5467/3702 
f 3765/5433/3634 3832/5467/3702 3834/5468/3704 3835/5469/3705 
f 3765/5433/3634 3835/5469/3705 3828/5470/3698 3827/5471/3697 
f 3765/5433/3634 3827/5471/3697 3825/5472/3695 3824/5473/3694 
f 3765/5433/3634 3824/5473/3694 3826/5474/3696 3845/5475/3715 
f 3765/5433/3634 3845/5475/3715 3846/5476/3716 3847/5477/3717 
f 3765/5433/3634 3847/5477/3717 3843/5478/3713 3842/5479/3712 
f 3765/5433/3634 3842/5479/3712 3840/5480/3710 3839/5481/3709 
f 3765/5433/3634 3839/5481/3709 3841/5482/3711 3857/5483/3727 
f 3765/5433/3634 3857/5483/3727 3858/5484/3728 3859/5485/3729 
f 3765/5433/3634 3859/5485/3729 3854/5486/3724 3853/5487/3723 
f 3765/5433/3634 3853/5487/3723 3855/5488/3725 3851/5489/3733 
f 3765/5433/3634 3851/5489/3733 3851/5489/3730 3860/5490/3731 
f 3860/5490/3731 3861/5491/3732 3995/5492/3867 3765/5433/3634 
f 3765/5433/3634 3995/5492/3867 3996/5493/3868 3997/5494/3869 
f 3765/5433/3634 3997/5494/3869 3998/5495/3870 4001/5496/3873 
f 3761/5497/3630 3765/5433/3634 4001/5496/3873 3760/5498/3629 
f 3760/5498/3629 4001/5496/3873 3999/5499/3871 3759/5500/3628 
f 3758/5501/3627 3759/5500/3628 3999/5499/3871 3748/5502/3617 
f 3746/5503/3615 3748/5502/3617 3999/5499/3871 3747/5504/3616 
f 3749/5505/3618 3747/5504/3616 3999/5499/3871 3745/5506/3614 
f 3744/5507/3613 3745/5506/3614 3999/5499/3871 3743/5508/3612 
f 3743/5508/3612 3999/5499/3871 4000/5509/3872 3875/5510/3747 
f 3741/5511/3610 3743/5508/3612 3875/5510/3747 3742/5512/3611 
f 3742/5512/3611 3875/5510/3747 3876/5414/3748 3946/5513/3818 
f 3947/5514/3819 3946/5513/3818 3876/5414/3748 3948/5515/3820 
f 3945/5516/3817 3948/5515/3820 3876/5414/3748 3944/5517/3816 
f 3943/5518/3815 3944/5517/3816 3876/5414/3748 3942/5413/3814 
f 3913/5519/3785 3912/5411/3784 3876/5414/3748 3915/5520/3787 
f 3911/5521/3783 3915/5520/3787 3876/5414/3748 3910/5522/3782 
f 3909/5523/3781 3910/5522/3782 3876/5414/3748 3908/5524/3780 
f 3898/5525/3770 3908/5524/3780 3876/5414/3748 3896/5526/3768 
f 3897/5527/3769 3896/5526/3768 3876/5414/3748 3899/5528/3771 
f 3899/5528/3771 3876/5414/3748 3877/5529/3749 3895/5530/3767 
f 3894/5531/3766 3895/5530/3767 3877/5529/3749 3893/5532/3765 
f 3892/5409/3764 3893/5532/3765 3877/5529/3749 3878/5533/3750 
f 3892/5409/3764 3878/5533/3750 3879/5534/3751 3883/5410/3755 
f 3880/5407/3752 3883/5410/3755 3881/5535/3753 
# 412 polygons - 134 triangles

#
# object Line001
#

v  0.3463 1.0366 0.2924
v  0.3436 1.0363 0.2944
v  0.3445 1.0357 0.2955
v  0.3473 1.0360 0.2933
v  0.3409 1.0363 0.2959
v  0.3416 1.0356 0.2972
v  0.3381 1.0365 0.2970
v  0.3387 1.0357 0.2985
v  0.3352 1.0367 0.2979
v  0.3356 1.0360 0.2994
v  0.3359 1.0353 0.3008
v  0.3392 1.0350 0.2999
v  0.3322 1.0371 0.2985
v  0.3322 1.0365 0.2999
v  0.3323 1.0359 0.3013
v  0.3250 1.0389 0.2981
v  0.3245 1.0385 0.2994
v  0.3286 1.0373 0.2999
v  0.3288 1.0378 0.2986
v  0.3206 1.0404 0.2969
v  0.3198 1.0400 0.2983
v  0.3156 1.0425 0.2952
v  0.3147 1.0421 0.2968
v  0.3101 1.0456 0.2930
v  0.3089 1.0450 0.2950
v  0.3041 1.0497 0.2907
v  0.3026 1.0490 0.2931
v  0.2974 1.0552 0.2884
v  0.2957 1.0543 0.2912
v  0.2893 1.0612 0.2851
v  0.2872 1.0602 0.2885
v  0.2787 1.0672 0.2801
v  0.2762 1.0660 0.2842
v  0.2647 1.0725 0.2724
v  0.2617 1.0710 0.2774
v  0.2464 1.0762 0.2611
v  0.2427 1.0743 0.2674
v  0.2200 1.0752 0.2544
v  0.2245 1.0776 0.2467
v  0.1999 1.0756 0.2298
v  0.1945 1.0728 0.2390
v  0.2504 1.0782 0.2546
v  0.2292 1.0801 0.2388
v  0.2053 1.0786 0.2202
v  0.2553 1.0801 0.2479
v  0.2350 1.0825 0.2305
v  0.2120 1.0816 0.2102
v  0.2620 1.0818 0.2407
v  0.2429 1.0847 0.2216
v  0.2213 1.0842 0.1996
v  0.2711 1.0831 0.2330
v  0.2539 1.0863 0.2122
v  0.2343 1.0862 0.1882
v  0.2822 1.0840 0.2254
v  0.2673 1.0873 0.2029
v  0.2503 1.0874 0.1770
v  0.2948 1.0842 0.2183
v  0.2826 1.0876 0.1942
v  0.2685 1.0877 0.1665
v  0.3083 1.0838 0.2124
v  0.2990 1.0871 0.1869
v  0.2881 1.0870 0.1577
v  0.3223 1.0826 0.2080
v  0.3160 1.0856 0.1815
v  0.3084 1.0852 0.1512
v  0.3361 1.0808 0.2051
v  0.3328 1.0834 0.1780
v  0.3284 1.0826 0.1470
v  0.3487 1.0808 0.1761
v  0.3473 1.0794 0.1447
v  0.3447 1.0735 0.1107
v  0.3227 1.0772 0.1133
v  0.3629 1.0778 0.1757
v  0.3642 1.0759 0.1443
v  0.3644 1.0693 0.1102
v  0.3748 1.0748 0.1767
v  0.3783 1.0723 0.1455
v  0.3808 1.0651 0.1116
v  0.3902 1.0686 0.1479
v  0.3947 1.0608 0.1144
v  0.3977 1.0472 0.0793
v  0.3819 1.0521 0.0760
v  0.4008 1.0649 0.1511
v  0.4070 1.0564 0.1182
v  0.4116 1.0422 0.0837
v  0.4107 1.0612 0.1548
v  0.4185 1.0520 0.1225
v  0.4247 1.0371 0.0886
v  0.4206 1.0574 0.1584
v  0.4301 1.0476 0.1267
v  0.4380 1.0321 0.0934
v  0.4307 1.0533 0.1627
v  0.4421 1.0428 0.1317
v  0.4518 1.0265 0.0991
v  0.4414 1.0484 0.1684
v  0.4547 1.0371 0.1383
v  0.4664 1.0199 0.1064
v  0.4529 1.0425 0.1761
v  0.4682 1.0301 0.1471
v  0.4821 1.0119 0.1162
v  0.4653 1.0350 0.1867
v  0.4830 1.0214 0.1591
v  0.4993 1.0019 0.1294
v  0.4779 1.0265 0.1997
v  0.4979 1.0114 0.1739
v  0.5167 0.9906 0.1457
v  0.4895 1.0174 0.2147
v  0.5118 1.0007 0.1912
v  0.5328 0.9784 0.1649
v  0.4993 1.0080 0.2314
v  0.5235 0.9897 0.2106
v  0.5463 0.9659 0.1868
v  0.5064 0.9987 0.2494
v  0.5318 0.9789 0.2317
v  0.5558 0.9535 0.2112
v  0.5109 0.9900 0.2676
v  0.5371 0.9687 0.2534
v  0.5617 0.9419 0.2364
v  0.5130 0.9822 0.2852
v  0.5394 0.9596 0.2743
v  0.5642 0.9315 0.2608
v  0.5127 0.9757 0.3009
v  0.5390 0.9520 0.2931
v  0.4848 1.0062 0.2792
v  0.4864 0.9996 0.2936
v  0.4600 1.0177 0.2881
v  0.4613 1.0123 0.2998
v  0.4383 1.0249 0.2943
v  0.4392 1.0206 0.3039
v  0.4209 1.0282 0.2981
v  0.4216 1.0247 0.3058
v  0.4071 1.0289 0.3000
v  0.4076 1.0260 0.3064
v  0.3961 1.0280 0.3007
v  0.3965 1.0257 0.3061
v  0.4192 1.0321 0.2900
v  0.4058 1.0321 0.2933
v  0.3951 1.0307 0.2952
v  0.4035 1.0354 0.2867
v  0.3932 1.0335 0.2897
v  0.3847 1.0314 0.2918
v  0.3863 1.0291 0.2964
v  0.3905 1.0363 0.2845
v  0.3824 1.0338 0.2874
v  0.3754 1.0323 0.2903
v  0.3773 1.0303 0.2939
v  0.3797 1.0361 0.2834
v  0.3732 1.0342 0.2870
v  0.3676 1.0331 0.2903
v  0.3696 1.0315 0.2929
v  0.3766 1.0383 0.2799
v  0.3706 1.0360 0.2841
v  0.3655 1.0346 0.2880
v  0.3735 1.0402 0.2771
v  0.3681 1.0376 0.2817
v  0.3633 1.0359 0.2860
v  0.3706 1.0417 0.2751
v  0.3657 1.0389 0.2800
v  0.3613 1.0369 0.2846
v  0.3679 1.0430 0.2736
v  0.3633 1.0399 0.2788
v  0.3594 1.0378 0.2836
v  0.3652 1.0441 0.2724
v  0.3611 1.0408 0.2779
v  0.3575 1.0386 0.2828
v  0.3625 1.0450 0.2715
v  0.3589 1.0416 0.2771
v  0.3557 1.0392 0.2821
v  0.3567 1.0424 0.2763
v  0.3539 1.0399 0.2815
v  0.3513 1.0383 0.2860
v  0.3528 1.0377 0.2866
v  0.3519 1.0406 0.2809
v  0.3498 1.0389 0.2853
v  0.3476 1.0379 0.2888
v  0.3488 1.0372 0.2896
v  0.3464 1.0386 0.2877
v  0.3443 1.0382 0.2898
v  0.3452 1.0373 0.2913
v  0.3419 1.0381 0.2913
v  0.3427 1.0371 0.2931
v  0.3393 1.0382 0.2924
v  0.3401 1.0371 0.2944
v  0.3367 1.0384 0.2933
v  0.3375 1.0373 0.2954
v  0.3340 1.0386 0.2943
v  0.3348 1.0375 0.2963
v  0.3313 1.0388 0.2951
v  0.3319 1.0379 0.2970
v  0.3288 1.0385 0.2972
v  0.3221 1.0414 0.2938
v  0.3181 1.0435 0.2917
v  0.3167 1.0430 0.2935
v  0.3213 1.0409 0.2955
v  0.3133 1.0466 0.2889
v  0.3115 1.0461 0.2910
v  0.3079 1.0510 0.2858
v  0.3058 1.0504 0.2883
v  0.3020 1.0567 0.2825
v  0.2994 1.0560 0.2855
v  0.2947 1.0631 0.2780
v  0.2917 1.0622 0.2816
v  0.2851 1.0696 0.2715
v  0.2815 1.0685 0.2759
v  0.2723 1.0755 0.2617
v  0.2681 1.0740 0.2672
v  0.2897 1.0706 0.2668
v  0.2778 1.0768 0.2560
v  0.2960 1.0714 0.2618
v  0.2853 1.0778 0.2498
v  0.3034 1.0719 0.2568
v  0.2944 1.0784 0.2437
v  0.3118 1.0720 0.2522
v  0.3046 1.0786 0.2380
v  0.3209 1.0717 0.2482
v  0.3157 1.0783 0.2332
v  0.3303 1.0709 0.2454
v  0.3271 1.0773 0.2296
v  0.3396 1.0697 0.2434
v  0.3384 1.0758 0.2273
v  0.3484 1.0682 0.2424
v  0.3490 1.0740 0.2260
v  0.3492 1.0786 0.2036
v  0.3586 1.0720 0.2258
v  0.3609 1.0761 0.2032
v  0.3665 1.0700 0.2264
v  0.3707 1.0737 0.2041
v  0.3733 1.0680 0.2278
v  0.3790 1.0711 0.2057
v  0.3848 1.0717 0.1787
v  0.3862 1.0686 0.2079
v  0.3937 1.0686 0.1814
v  0.3930 1.0660 0.2103
v  0.4019 1.0655 0.1844
v  0.3998 1.0635 0.2128
v  0.4102 1.0624 0.1874
v  0.4067 1.0607 0.2157
v  0.4187 1.0589 0.1910
v  0.4140 1.0574 0.2197
v  0.4276 1.0549 0.1958
v  0.4217 1.0533 0.2251
v  0.4370 1.0499 0.2024
v  0.4300 1.0483 0.2325
v  0.4473 1.0437 0.2114
v  0.4383 1.0425 0.2416
v  0.4576 1.0366 0.2224
v  0.4460 1.0363 0.2520
v  0.4672 1.0290 0.2351
v  0.4525 1.0299 0.2635
v  0.4752 1.0212 0.2491
v  0.4571 1.0236 0.2757
v  0.4811 1.0134 0.2641
v  0.4324 1.0347 0.2745
v  0.4360 1.0297 0.2844
v  0.4163 1.0362 0.2820
v  0.4273 1.0399 0.2652
v  0.4122 1.0404 0.2744
v  0.4002 1.0389 0.2805
v  0.4073 1.0444 0.2675
v  0.3962 1.0422 0.2748
v  0.3872 1.0391 0.2797
v  0.3918 1.0453 0.2698
v  0.3835 1.0417 0.2756
v  0.3874 1.0480 0.2658
v  0.3798 1.0440 0.2722
v  0.3832 1.0502 0.2628
v  0.3764 1.0458 0.2697
v  0.3793 1.0520 0.2607
v  0.3731 1.0473 0.2680
v  0.3755 1.0535 0.2591
v  0.3699 1.0486 0.2666
v  0.3717 1.0549 0.2577
v  0.3667 1.0497 0.2655
v  0.3680 1.0563 0.2564
v  0.3636 1.0509 0.2644
v  0.3599 1.0460 0.2706
v  0.3602 1.0520 0.2634
v  0.3570 1.0470 0.2698
v  0.3543 1.0433 0.2756
v  0.3538 1.0480 0.2692
v  0.3516 1.0441 0.2751
v  0.3498 1.0413 0.2804
v  0.3484 1.0449 0.2749
v  0.3472 1.0420 0.2801
v  0.3462 1.0402 0.2841
v  0.3481 1.0396 0.2845
v  0.3440 1.0427 0.2803
v  0.3436 1.0406 0.2845
v  0.3454 1.0393 0.2865
v  0.3437 1.0392 0.2876
v  0.3407 1.0409 0.2852
v  0.3412 1.0393 0.2888
v  0.3375 1.0413 0.2860
v  0.3385 1.0395 0.2897
v  0.3343 1.0416 0.2870
v  0.3356 1.0398 0.2906
v  0.3282 1.0418 0.2897
v  0.3302 1.0401 0.2927
v  0.3329 1.0399 0.2917
v  0.3312 1.0417 0.2883
v  0.3255 1.0419 0.2910
v  0.3275 1.0404 0.2934
v  0.3285 1.0393 0.2955
v  0.3233 1.0418 0.2923
v  0.3255 1.0407 0.2937
v  0.3255 1.0401 0.2951
v  0.3224 1.0441 0.2880
v  0.3199 1.0439 0.2899
v  0.3187 1.0474 0.2843
v  0.3156 1.0471 0.2867
v  0.3143 1.0520 0.2802
v  0.3107 1.0515 0.2831
v  0.3096 1.0579 0.2758
v  0.3053 1.0574 0.2793
v  0.3038 1.0645 0.2701
v  0.2986 1.0639 0.2742
v  0.3149 1.0582 0.2724
v  0.3100 1.0649 0.2660
v  0.3207 1.0583 0.2692
v  0.3170 1.0650 0.2622
v  0.3271 1.0580 0.2665
v  0.3245 1.0648 0.2589
v  0.3336 1.0574 0.2645
v  0.3323 1.0641 0.2565
v  0.3401 1.0566 0.2632
v  0.3401 1.0631 0.2550
v  0.3463 1.0555 0.2625
v  0.3474 1.0618 0.2541
v  0.3518 1.0544 0.2624
v  0.3540 1.0605 0.2539
v  0.3562 1.0666 0.2422
v  0.3594 1.0591 0.2544
v  0.3628 1.0649 0.2427
v  0.3640 1.0577 0.2552
v  0.3683 1.0632 0.2438
v  0.3731 1.0616 0.2452
v  0.3792 1.0659 0.2295
v  0.3776 1.0599 0.2469
v  0.3847 1.0638 0.2315
v  0.3822 1.0582 0.2485
v  0.3902 1.0618 0.2335
v  0.3867 1.0563 0.2504
v  0.3958 1.0595 0.2359
v  0.3915 1.0542 0.2530
v  0.4017 1.0568 0.2391
v  0.3966 1.0515 0.2566
v  0.4079 1.0536 0.2435
v  0.4020 1.0482 0.2615
v  0.4145 1.0495 0.2495
v  0.4212 1.0449 0.2568
v  0.3564 1.0532 0.2627
v  0.3499 1.0489 0.2689
v  0.3453 1.0499 0.2690
v  0.3445 1.0457 0.2750
v  0.3401 1.0508 0.2696
v  0.3402 1.0464 0.2755
v  0.3404 1.0432 0.2808
v  0.3356 1.0471 0.2764
v  0.3366 1.0437 0.2816
v  0.3309 1.0475 0.2778
v  0.3327 1.0441 0.2827
v  0.3265 1.0477 0.2797
v  0.3290 1.0442 0.2843
v  0.3255 1.0442 0.2861
v  0.3223 1.0476 0.2819
v  0.3237 1.0523 0.2747
v  0.3187 1.0522 0.2773
v  0.3290 1.0521 0.2724
v  0.3346 1.0516 0.2707
v  0.4074 1.0236 0.3121
v  0.4213 1.0218 0.3128
v  0.4389 1.0169 0.3124
v  0.4611 1.0078 0.3104
v  0.4862 0.9942 0.3066
v  0.2146 1.0734 0.2620
v  0.2384 1.0727 0.2736
v  0.2584 1.0696 0.2825
v  0.2736 1.0648 0.2883
v  0.2851 1.0592 0.2919
v  0.2940 1.0535 0.2940
v  0.3012 1.0483 0.2955
v  0.3077 1.0444 0.2970
v  0.3137 1.0416 0.2985
v  0.3191 1.0395 0.2998
v  0.3476 1.0335 0.2989
v  0.3443 1.0331 0.3016
v  0.3461 1.0321 0.3030
v  0.3493 1.0327 0.3000
v  0.3406 1.0331 0.3035
v  0.3418 1.0316 0.3065
v  0.3365 1.0337 0.3043
v  0.3361 1.0328 0.3065
v  0.3321 1.0346 0.3044
v  0.3317 1.0339 0.3063
v  0.3277 1.0357 0.3041
v  0.3272 1.0351 0.3059
v  0.3230 1.0370 0.3036
v  0.3225 1.0363 0.3054
v  0.3178 1.0384 0.3029
v  0.3173 1.0377 0.3049
v  0.3120 1.0403 0.3022
v  0.3114 1.0395 0.3045
v  0.3057 1.0429 0.3015
v  0.3050 1.0419 0.3043
v  0.2987 1.0465 0.3009
v  0.2978 1.0453 0.3042
v  0.2910 1.0514 0.3005
v  0.2899 1.0499 0.3045
v  0.2814 1.0567 0.2996
v  0.2801 1.0550 0.3045
v  0.2688 1.0619 0.2977
v  0.2671 1.0598 0.3035
v  0.2521 1.0662 0.2939
v  0.2496 1.0637 0.3011
v  0.2299 1.0688 0.2877
v  0.2266 1.0659 0.2966
v  0.2036 1.0690 0.2792
v  0.1991 1.0656 0.2900
v  0.1741 1.0658 0.2686
v  0.1684 1.0619 0.2815
v  0.1425 1.0584 0.2560
v  0.1357 1.0540 0.2710
v  0.1099 1.0460 0.2415
v  0.1021 1.0411 0.2587
v  0.0774 1.0271 0.2251
v  0.0688 1.0217 0.2442
v  0.0460 1.0000 0.2063
v  0.0367 0.9943 0.2274
v  0.1193 1.0493 0.2271
v  0.0878 1.0306 0.2090
v  0.0571 1.0038 0.1886
v  0.1290 1.0519 0.2144
v  0.0986 1.0333 0.1948
v  0.0688 1.0066 0.1730
v  0.1380 1.0545 0.2023
v  0.1087 1.0361 0.1813
v  0.0797 1.0095 0.1583
v  0.1453 1.0579 0.1900
v  0.1168 1.0398 0.1674
v  0.0885 1.0134 0.1429
v  0.1525 1.0618 0.1771
v  0.1248 1.0440 0.1529
v  0.0973 1.0179 0.1269
v  0.1613 1.0657 0.1635
v  0.1347 1.0482 0.1377
v  0.1080 1.0223 0.1100
v  0.1735 1.0691 0.1491
v  0.1483 1.0518 0.1214
v  0.1229 1.0261 0.0920
v  0.1907 1.0715 0.1338
v  0.1676 1.0544 0.1041
v  0.1438 1.0287 0.0727
v  0.2120 1.0729 0.1185
v  0.1912 1.0558 0.0869
v  0.1695 1.0301 0.0535
v  0.2362 1.0732 0.1044
v  0.2182 1.0559 0.0709
v  0.1989 1.0300 0.0357
v  0.2623 1.0721 0.0924
v  0.2473 1.0546 0.0574
v  0.2306 1.0284 0.0207
v  0.2773 1.0517 0.0475
v  0.2635 1.0250 0.0097
v  0.2472 0.9882 -0.0297
v  0.2121 0.9920 -0.0176
v  0.3070 1.0476 0.0410
v  0.2960 1.0204 0.0025
v  0.2821 0.9830 -0.0376
v  0.3350 1.0427 0.0376
v  0.3266 1.0149 -0.0012
v  0.3150 0.9768 -0.0417
v  0.3539 1.0088 -0.0018
v  0.3442 0.9701 -0.0422
v  0.3302 0.9197 -0.0840
v  0.2995 0.9270 -0.0836
v  0.3765 1.0028 0.0004
v  0.3683 0.9634 -0.0395
v  0.3553 0.9124 -0.0808
v  0.3955 0.9966 0.0047
v  0.3885 0.9567 -0.0346
v  0.3764 0.9051 -0.0751
v  0.4123 0.9904 0.0104
v  0.4064 0.9499 -0.0282
v  0.3950 0.8977 -0.0678
v  0.4282 0.9841 0.0166
v  0.4233 0.9430 -0.0212
v  0.4127 0.8903 -0.0601
v  0.4445 0.9777 0.0226
v  0.4408 0.9361 -0.0146
v  0.4310 0.8829 -0.0528
v  0.4615 0.9708 0.0295
v  0.4591 0.9285 -0.0072
v  0.4503 0.8748 -0.0450
v  0.4797 0.9626 0.0381
v  0.4788 0.9197 0.0019
v  0.4709 0.8654 -0.0353
v  0.4995 0.9527 0.0494
v  0.5000 0.9090 0.0139
v  0.4932 0.8541 -0.0226
v  0.5211 0.9405 0.0644
v  0.5233 0.8959 0.0298
v  0.5175 0.8403 -0.0058
v  0.5429 0.9267 0.0832
v  0.5467 0.8811 0.0497
v  0.5418 0.8247 0.0153
v  0.5630 0.9118 0.1057
v  0.5683 0.8652 0.0738
v  0.5643 0.8080 0.0409
v  0.5797 0.8966 0.1321
v  0.5862 0.8490 0.1021
v  0.5831 0.7910 0.0709
v  0.5913 0.8817 0.1624
v  0.5986 0.8331 0.1349
v  0.5961 0.7744 0.1056
v  0.5982 0.8677 0.1944
v  0.6059 0.8181 0.1696
v  0.6040 0.7589 0.1423
v  0.6009 0.8551 0.2257
v  0.6089 0.8047 0.2037
v  0.6073 0.7450 0.1785
v  0.6001 0.8445 0.2542
v  0.6080 0.7936 0.2348
v  0.6065 0.7335 0.2117
v  0.5962 0.8366 0.2775
v  0.6038 0.7852 0.2605
v  0.5901 0.8306 0.2971
v  0.5973 0.7789 0.2820
v  0.5951 0.7185 0.2624
v  0.6020 0.7249 0.2391
v  0.5827 0.8258 0.3142
v  0.5894 0.7738 0.3009
v  0.5867 0.7134 0.2829
v  0.5748 0.8214 0.3302
v  0.5810 0.7692 0.3186
v  0.5754 0.8746 0.3082
v  0.5685 0.8701 0.3234
v  0.5553 0.9114 0.3161
v  0.5489 0.9075 0.3294
v  0.5315 0.9420 0.3214
v  0.5259 0.9386 0.3328
v  0.5062 0.9672 0.3247
v  0.5013 0.9642 0.3344
v  0.4808 0.9870 0.3264
v  0.4767 0.9845 0.3344
v  0.4567 1.0019 0.3266
v  0.4534 0.9998 0.3331
v  0.4355 1.0121 0.3256
v  0.4328 1.0104 0.3309
v  0.4185 1.0178 0.3236
v  0.4164 1.0163 0.3280
v  0.4050 1.0203 0.3210
v  0.4033 1.0191 0.3247
v  0.3943 1.0209 0.3183
v  0.3928 1.0199 0.3213
v  0.3855 1.0209 0.3158
v  0.3843 1.0201 0.3183
v  0.3779 1.0216 0.3138
v  0.3769 1.0209 0.3159
v  0.3712 1.0228 0.3124
v  0.3704 1.0223 0.3141
v  0.3654 1.0242 0.3113
v  0.3648 1.0238 0.3128
v  0.3641 1.0233 0.3142
v  0.3695 1.0218 0.3157
v  0.3787 1.0225 0.3114
v  0.3720 1.0235 0.3104
v  0.3660 1.0248 0.3096
v  0.3793 1.0235 0.3086
v  0.3724 1.0244 0.3080
v  0.3664 1.0256 0.3077
v  0.3795 1.0249 0.3053
v  0.3727 1.0256 0.3053
v  0.3667 1.0266 0.3053
v  0.3725 1.0269 0.3022
v  0.3668 1.0276 0.3027
v  0.3620 1.0286 0.3029
v  0.3615 1.0277 0.3052
v  0.3628 1.0295 0.3005
v  0.3594 1.0304 0.3001
v  0.3580 1.0297 0.3026
v  0.3636 1.0301 0.2986
v  0.3617 1.0309 0.2977
v  0.3594 1.0320 0.2964
v  0.3566 1.0314 0.2992
v  0.3574 1.0331 0.2950
v  0.3556 1.0340 0.2937
v  0.3524 1.0333 0.2970
v  0.3543 1.0324 0.2981
v  0.3516 1.0317 0.3010
v  0.3546 1.0307 0.3019
v  0.3540 1.0348 0.2926
v  0.3508 1.0341 0.2959
v  0.3526 1.0355 0.2917
v  0.3495 1.0348 0.2950
v  0.3464 1.0343 0.2977
v  0.3483 1.0354 0.2941
v  0.3454 1.0350 0.2966
v  0.3424 1.0349 0.2985
v  0.3432 1.0341 0.2999
v  0.3399 1.0341 0.3015
v  0.3362 1.0346 0.3024
v  0.3323 1.0353 0.3027
v  0.3283 1.0368 0.3012
v  0.3281 1.0363 0.3026
v  0.3240 1.0380 0.3007
v  0.3235 1.0375 0.3021
v  0.3184 1.0390 0.3013
v  0.3128 1.0410 0.3002
v  0.3066 1.0438 0.2991
v  0.2998 1.0475 0.2980
v  0.2924 1.0525 0.2971
v  0.2831 1.0581 0.2955
v  0.2711 1.0635 0.2927
v  0.2551 1.0681 0.2878
v  0.2340 1.0710 0.2802
v  0.2089 1.0714 0.2701
v  0.1878 1.0707 0.2481
v  0.1808 1.0685 0.2577
v  0.1590 1.0638 0.2321
v  0.1506 1.0615 0.2433
v  0.1669 1.0662 0.2215
v  0.1732 1.0693 0.2107
v  0.1795 1.0728 0.1994
v  0.1872 1.0763 0.1876
v  0.1979 1.0794 0.1751
v  0.2131 1.0816 0.1618
v  0.2317 1.0830 0.1485
v  0.2529 1.0832 0.1363
v  0.2758 1.0824 0.1259
v  0.2994 1.0803 0.1183
v  0.2892 1.0696 0.0837
v  0.3158 1.0660 0.0780
v  0.3409 1.0617 0.0749
v  0.3633 1.0569 0.0744
v  0.3600 1.0373 0.0370
v  0.3807 1.0318 0.0389
v  0.3982 1.0263 0.0427
v  0.4137 1.0206 0.0477
v  0.4283 1.0150 0.0532
v  0.4432 1.0092 0.0587
v  0.4587 1.0030 0.0650
v  0.4751 0.9956 0.0729
v  0.4930 0.9866 0.0836
v  0.5126 0.9754 0.0977
v  0.5323 0.9628 0.1153
v  0.5505 0.9492 0.1362
v  0.5658 0.9352 0.1605
v  0.5763 0.9215 0.1880
v  0.5827 0.9086 0.2167
v  0.5853 0.8970 0.2447
v  0.5637 0.9228 0.2829
v  0.5847 0.8873 0.2701
v  0.5604 0.9163 0.3010
v  0.5811 0.8801 0.2908
v  0.5362 0.9463 0.3084
v  0.5102 0.9708 0.3138
v  0.4841 0.9901 0.3173
v  0.4594 1.0045 0.3192
v  0.4376 1.0142 0.3195
v  0.4202 1.0195 0.3186
v  0.4065 1.0217 0.3169
v  0.3963 1.0236 0.3109
v  0.3955 1.0221 0.3149
v  0.3872 1.0232 0.3095
v  0.3865 1.0219 0.3129
v  0.3874 1.0249 0.3055
v  0.3871 1.0269 0.3010
v  0.3793 1.0266 0.3016
v  0.3786 1.0284 0.2977
v  0.3721 1.0284 0.2990
v  0.3712 1.0299 0.2958
v  0.3665 1.0299 0.2975
v  0.3670 1.0288 0.3000
v  0.3650 1.0312 0.2953
v  0.3630 1.0325 0.2934
v  0.3611 1.0337 0.2916
v  0.3592 1.0348 0.2900
v  0.3575 1.0357 0.2888
v  0.3558 1.0364 0.2879
v  0.3543 1.0371 0.2872
v  0.3513 1.0361 0.2910
v  0.3501 1.0367 0.2903
v  0.3475 1.0303 0.3064
v  0.3492 1.0311 0.3039
v  0.3757 1.0203 0.3179
v  0.3829 1.0194 0.3207
v  0.3912 1.0190 0.3242
v  0.4014 1.0180 0.3280
v  0.4141 1.0151 0.3321
v  0.4300 1.0088 0.3359
v  0.4499 0.9980 0.3394
v  0.4724 0.9823 0.3420
v  0.4962 0.9615 0.3436
v  0.5199 0.9355 0.3437
v  0.5422 0.9039 0.3420
v  0.5612 0.8661 0.3377
v  0.0630 1.0137 0.2677
v  0.0969 1.0338 0.2796
v  0.0605 1.0035 0.2939
v  0.0946 1.0246 0.3030
v  0.1291 1.0394 0.3098
v  0.1311 1.0475 0.2893
v  0.1630 1.0492 0.3145
v  0.1646 1.0562 0.2971
v  0.1950 1.0548 0.3176
v  0.1962 1.0607 0.3031
v  0.2236 1.0569 0.3191
v  0.2244 1.0619 0.3072
v  0.2476 1.0563 0.3193
v  0.2481 1.0603 0.3097
v  0.2657 1.0537 0.3183
v  0.2660 1.0570 0.3105
v  0.2792 1.0499 0.3167
v  0.2793 1.0526 0.3103
v  0.2893 1.0456 0.3147
v  0.2893 1.0479 0.3093
v  0.2973 1.0417 0.3128
v  0.2973 1.0436 0.3083
v  0.3046 1.0389 0.3113
v  0.3046 1.0405 0.3076
v  0.3111 1.0370 0.3104
v  0.3111 1.0383 0.3073
v  0.3167 1.0357 0.3099
v  0.3169 1.0368 0.3073
v  0.3221 1.0355 0.3075
v  0.3215 1.0347 0.3098
v  0.3255 1.0336 0.3102
v  0.3265 1.0343 0.3080
v  0.3290 1.0325 0.3110
v  0.3306 1.0332 0.3085
v  0.3344 1.0321 0.3091
v  0.3319 1.0315 0.3119
v  0.3268 1.0318 0.3136
v  0.3291 1.0308 0.3147
v  0.3375 1.0310 0.3100
v  0.3342 1.0305 0.3129
v  0.3310 1.0299 0.3159
v  0.3239 1.0313 0.3163
v  0.3259 1.0302 0.3177
v  0.3277 1.0293 0.3191
v  0.3293 1.0285 0.3202
v  0.3326 1.0291 0.3169
v  0.3201 1.0309 0.3192
v  0.3221 1.0297 0.3210
v  0.3155 1.0309 0.3223
v  0.3175 1.0294 0.3246
v  0.3099 1.0314 0.3260
v  0.3124 1.0296 0.3289
v  0.3037 1.0327 0.3304
v  0.3066 1.0305 0.3339
v  0.2967 1.0348 0.3358
v  0.3002 1.0323 0.3399
v  0.2880 1.0369 0.3420
v  0.2920 1.0339 0.3469
v  0.2761 1.0380 0.3491
v  0.2811 1.0343 0.3552
v  0.2601 1.0371 0.3571
v  0.2661 1.0325 0.3646
v  0.2385 1.0331 0.3661
v  0.2459 1.0275 0.3754
v  0.2128 1.0258 0.3752
v  0.2219 1.0188 0.3867
v  0.1841 1.0145 0.3838
v  0.1950 1.0062 0.3975
v  0.1537 0.9989 0.3910
v  0.1665 0.9891 0.4071
v  0.1228 0.9785 0.3962
v  0.1375 0.9673 0.4145
v  0.0922 0.9522 0.3986
v  0.1088 0.9397 0.4190
v  0.0629 0.9188 0.3974
v  0.0811 0.9051 0.4199
v  0.1102 0.9904 0.3752
v  0.0781 0.9655 0.3750
v  0.0475 0.9333 0.3713
v  0.1008 1.0024 0.3521
v  0.0676 0.9789 0.3490
v  0.0360 0.9479 0.3426
v  0.0958 1.0140 0.3276
v  0.0619 0.9917 0.3215
v  0.0296 0.9619 0.3123
v  0.1346 1.0199 0.3526
v  0.1302 1.0300 0.3312
v  0.1678 1.0324 0.3510
v  0.1640 1.0411 0.3328
v  0.1991 1.0407 0.3480
v  0.1959 1.0480 0.3328
v  0.2272 1.0454 0.3439
v  0.2245 1.0514 0.3315
v  0.2508 1.0469 0.3392
v  0.2485 1.0518 0.3293
v  0.2685 1.0460 0.3345
v  0.2665 1.0500 0.3265
v  0.2816 1.0436 0.3300
v  0.2799 1.0468 0.3234
v  0.2913 1.0403 0.3258
v  0.2899 1.0431 0.3202
v  0.2991 1.0373 0.3221
v  0.2979 1.0396 0.3174
v  0.3061 1.0353 0.3191
v  0.3051 1.0372 0.3152
v  0.3121 1.0341 0.3167
v  0.3113 1.0356 0.3136
v  0.3168 1.0334 0.3151
v  0.3164 1.0346 0.3125
v  0.3197 1.0332 0.3141
v  0.3206 1.0338 0.3122
v  0.3217 1.0324 0.3150
v  0.3240 1.0329 0.3126
v  0.3182 1.0322 0.3172
v  0.3136 1.0325 0.3197
v  0.3078 1.0333 0.3227
v  0.3011 1.0349 0.3265
v  0.2937 1.0376 0.3310
v  0.2844 1.0402 0.3363
v  0.2718 1.0420 0.3422
v  0.2548 1.0420 0.3486
v  0.2321 1.0392 0.3555
v  0.2050 1.0332 0.3622
v  0.1748 1.0234 0.3682
v  0.1427 1.0093 0.3727
v  0.1266 0.9287 0.4354
v  0.1533 0.9575 0.4293
v  0.1801 0.9805 0.4202
v  0.2065 0.9988 0.4088
v  0.2314 1.0127 0.3961
v  0.2538 1.0224 0.3830
v  0.2724 1.0284 0.3707
v  0.2862 1.0310 0.3601
v  0.2963 1.0312 0.3510
v  0.3239 1.0286 0.3226
v  0.3256 1.0277 0.3238
v  0.3196 1.0281 0.3266
v  0.3217 1.0271 0.3280
v  0.3149 1.0281 0.3312
v  0.3173 1.0268 0.3329
v  0.3096 1.0286 0.3367
v  0.3125 1.0271 0.3388
v  0.3037 1.0300 0.3433
v  0.3072 1.0282 0.3457
v  0.3004 1.0290 0.3540
v  0.2912 1.0283 0.3637
v  0.2785 1.0252 0.3753
v  0.2614 1.0184 0.3888
v  0.2409 1.0077 0.4031
v  0.2179 0.9928 0.4172
v  0.1936 0.9735 0.4298
v  0.1690 0.9495 0.4399
v  0.1445 0.9198 0.4469
v  0.1007 0.8931 0.4377
v  0.1205 0.8834 0.4500
v  0.0761 0.8496 0.4356
v  0.0974 0.8392 0.4486
v  0.0534 0.7971 0.4283
v  0.0756 0.7861 0.4420
v  0.0551 0.8625 0.4163
v  0.0316 0.8107 0.4077
v  0.0357 0.8771 0.3920
v  0.0114 0.8261 0.3816
v  0.0192 0.8926 0.3636
v  -0.0057 0.8424 0.3512
v  0.0069 0.9082 0.3325
v  -0.0186 0.8586 0.3178
v  0.0000 0.9231 0.2996
v  -0.0259 0.8741 0.2828
v  0.0280 0.9747 0.2819
v  -0.0019 0.9367 0.2667
v  -0.0281 0.8881 0.2478
v  0.0305 0.9857 0.2531
v  0.0006 0.9483 0.2356
v  -0.0258 0.9001 0.2147
v  0.0069 0.9574 0.2077
v  -0.0195 0.9095 0.1851
v  0.0166 0.9634 0.1850
v  -0.0097 0.9156 0.1609
v  0.0282 0.9673 0.1659
v  0.0020 0.9196 0.1405
v  0.0404 0.9702 0.1490
v  0.0144 0.9226 0.1224
v  0.0519 0.9732 0.1330
v  0.0260 0.9256 0.1052
v  0.0611 0.9773 0.1163
v  0.0353 0.9298 0.0874
v  0.0703 0.9819 0.0989
v  0.0447 0.9345 0.0688
v  0.0817 0.9864 0.0805
v  0.0563 0.9391 0.0489
v  0.0974 0.9903 0.0608
v  0.0724 0.9431 0.0277
v  0.1196 0.9930 0.0396
v  0.0953 0.9457 0.0048
v  0.1470 0.9943 0.0185
v  0.1236 0.9468 -0.0182
v  0.1782 0.9940 -0.0011
v  0.1561 0.9463 -0.0395
v  0.1914 0.9440 -0.0576
v  0.1690 0.8865 -0.0973
v  0.1328 0.8892 -0.0779
v  0.2282 0.9397 -0.0707
v  0.2071 0.8816 -0.1114
v  0.2649 0.9339 -0.0793
v  0.2450 0.8752 -0.1205
v  0.2808 0.8677 -0.1250
v  0.3126 0.8597 -0.1253
v  0.3384 0.8518 -0.1215
v  0.3600 0.8439 -0.1150
v  0.3790 0.8361 -0.1069
v  0.3971 0.8282 -0.0984
v  0.4160 0.8204 -0.0907
v  0.4360 0.8118 -0.0824
v  0.4573 0.8020 -0.0723
v  0.4803 0.7902 -0.0590
v  0.5051 0.7759 -0.0413
v  0.5299 0.7597 -0.0190
v  0.5529 0.7426 0.0079
v  0.5721 0.7251 0.0394
v  0.5858 0.7080 0.0755
v  0.5942 0.6921 0.1138
v  0.5979 0.6780 0.1515
v  0.5972 0.6664 0.1861
v  0.5925 0.6579 0.2150
v  0.5851 0.6516 0.2396
v  0.5763 0.6465 0.2616
v  0.5780 0.7086 0.3022
v  0.5674 0.6418 0.2823
v  0.5701 0.7034 0.3217
v  0.5596 0.6364 0.3033
v  0.5611 0.6982 0.3417
v  0.5509 0.6310 0.3248
v  0.5731 0.7642 0.3365
v  0.5672 0.8168 0.3464
v  0.5542 0.8618 0.3523
v  0.5360 0.9000 0.3549
v  0.5144 0.9320 0.3548
v  0.4915 0.9586 0.3531
v  0.4684 0.9798 0.3499
v  0.4466 0.9960 0.3457
v  0.4273 1.0072 0.3410
v  0.4118 1.0138 0.3362
v  0.3995 1.0170 0.3314
v  0.3896 1.0181 0.3270
v  0.3816 1.0186 0.3230
v  0.3746 1.0198 0.3199
v  0.3686 1.0212 0.3174
v  0.3634 1.0229 0.3156
v  0.3530 1.0300 0.3044
v  0.3570 1.0289 0.3049
v  0.3520 1.0293 0.3066
v  0.3564 1.0281 0.3070
v  0.3549 1.0247 0.3156
v  0.3553 1.0239 0.3173
v  0.3584 1.0231 0.3175
v  0.3585 1.0238 0.3159
v  0.3589 1.0243 0.3146
v  0.3550 1.0253 0.3142
v  0.3563 1.0229 0.3193
v  0.3584 1.0225 0.3190
v  0.3585 1.0214 0.3216
v  0.3607 1.0215 0.3203
v  0.3618 1.0197 0.3246
v  0.3644 1.0199 0.3227
v  0.3661 1.0179 0.3286
v  0.3692 1.0182 0.3262
v  0.3713 1.0164 0.3335
v  0.3751 1.0168 0.3307
v  0.3775 1.0154 0.3395
v  0.3820 1.0159 0.3361
v  0.3850 1.0137 0.3465
v  0.3903 1.0143 0.3424
v  0.3943 1.0097 0.3545
v  0.4008 1.0104 0.3495
v  0.4060 1.0021 0.3637
v  0.4140 1.0030 0.3576
v  0.4205 0.9895 0.3741
v  0.4304 0.9906 0.3664
v  0.4369 0.9718 0.3849
v  0.4490 0.9732 0.3755
v  0.4540 0.9490 0.3954
v  0.4684 0.9506 0.3840
v  0.4709 0.9210 0.4048
v  0.4876 0.9228 0.3914
v  0.4866 0.8878 0.4124
v  0.5054 0.8897 0.3968
v  0.4996 0.8486 0.4173
v  0.5203 0.8506 0.3997
v  0.5085 0.8026 0.4188
v  0.5307 0.8048 0.3991
v  0.5118 0.7493 0.4160
v  0.5351 0.7515 0.3943
v  0.5082 0.6878 0.4081
v  0.5320 0.6900 0.3846
v  0.4984 0.6205 0.3960
v  0.5224 0.6225 0.3709
v  0.4783 0.6875 0.4314
v  0.4681 0.6204 0.4208
v  0.4828 0.7488 0.4374
v  0.4487 0.7502 0.4570
v  0.4430 0.6892 0.4526
v  0.4809 0.8020 0.4382
v  0.4486 0.8030 0.4560
v  0.4739 0.8478 0.4347
v  0.4441 0.8486 0.4506
v  0.4633 0.8870 0.4277
v  0.4362 0.8875 0.4417
v  0.4502 0.9202 0.4180
v  0.4263 0.9206 0.4301
v  0.4362 0.9483 0.4066
v  0.4157 0.9485 0.4169
v  0.4219 0.9712 0.3942
v  0.4048 0.9713 0.4027
v  0.4083 0.9889 0.3817
v  0.3944 0.9889 0.3887
v  0.3962 1.0016 0.3698
v  0.3851 1.0016 0.3755
v  0.3864 1.0093 0.3595
v  0.3773 1.0092 0.3641
v  0.3784 1.0133 0.3506
v  0.3710 1.0133 0.3544
v  0.3720 1.0151 0.3429
v  0.3659 1.0151 0.3461
v  0.3668 1.0161 0.3364
v  0.3616 1.0161 0.3391
v  0.3623 1.0177 0.3310
v  0.3580 1.0177 0.3332
v  0.3586 1.0195 0.3265
v  0.3550 1.0196 0.3283
v  0.3557 1.0214 0.3229
v  0.3527 1.0215 0.3242
v  0.3536 1.0231 0.3200
v  0.3509 1.0233 0.3210
v  0.3518 1.0253 0.3159
v  0.3515 1.0260 0.3144
v  0.3484 1.0264 0.3150
v  0.3489 1.0257 0.3166
v  0.3497 1.0246 0.3185
v  0.3524 1.0244 0.3177
v  0.3552 1.0258 0.3129
v  0.3515 1.0266 0.3130
v  0.3554 1.0264 0.3116
v  0.3514 1.0272 0.3116
v  0.3478 1.0278 0.3121
v  0.3481 1.0271 0.3135
v  0.3556 1.0269 0.3102
v  0.3514 1.0279 0.3102
v  0.3474 1.0286 0.3105
v  0.3515 1.0285 0.3085
v  0.3471 1.0295 0.3086
v  0.3560 1.0275 0.3087
v  0.3430 1.0300 0.3095
v  0.3393 1.0300 0.3114
v  0.3359 1.0296 0.3140
v  0.3593 1.0248 0.3133
v  0.3598 1.0252 0.3120
v  0.3607 1.0262 0.3091
v  0.3603 1.0257 0.3106
v  0.3612 1.0269 0.3073
v  0.3626 1.0224 0.3171
v  0.3619 1.0219 0.3187
v  0.3675 1.0208 0.3191
v  0.3733 1.0192 0.3219
v  0.3800 1.0179 0.3255
v  0.3878 1.0173 0.3299
v  0.3972 1.0160 0.3349
v  0.4091 1.0125 0.3404
v  0.4241 1.0057 0.3463
v  0.4427 0.9940 0.3523
v  0.4638 0.9774 0.3580
v  0.4860 0.9556 0.3629
v  0.5081 0.9286 0.3665
v  0.5287 0.8962 0.3682
v  0.5461 0.8576 0.3674
v  0.5584 0.8122 0.3632
v  0.5640 0.7593 0.3549
v  0.1186 0.8306 0.4572
v  0.1402 0.8754 0.4582
v  0.1623 0.9126 0.4548
v  0.1847 0.9430 0.4474
v  0.2070 0.9677 0.4368
v  0.2292 0.9878 0.4233
v  0.2501 1.0035 0.4083
v  0.2689 1.0150 0.3929
v  0.2846 1.0224 0.3786
v  0.2961 1.0261 0.3664
v  0.3045 1.0271 0.3561
v  0.3105 1.0267 0.3475
v  0.3153 1.0258 0.3403
v  0.3196 1.0257 0.3342
v  0.3236 1.0262 0.3290
v  0.3273 1.0270 0.3247
v  0.3307 1.0278 0.3210
v  0.3339 1.0284 0.3179
v  0.3371 1.0289 0.3152
v  0.3403 1.0291 0.3130
v  0.3437 1.0290 0.3114
v  0.3444 1.0282 0.3130
v  0.3450 1.0274 0.3145
v  0.3412 1.0283 0.3144
v  0.3381 1.0282 0.3163
v  0.3351 1.0278 0.3187
v  0.3320 1.0272 0.3218
v  0.3288 1.0263 0.3254
v  0.3255 1.0254 0.3298
v  0.3219 1.0248 0.3351
v  0.3180 1.0247 0.3414
v  0.3138 1.0254 0.3488
v  0.3084 1.0256 0.3577
v  0.3009 1.0242 0.3683
v  0.2905 1.0201 0.3810
v  0.2764 1.0121 0.3961
v  0.2593 1.0000 0.4121
v  0.2403 0.9836 0.4278
v  0.2202 0.9628 0.4418
v  0.2000 0.9374 0.4529
v  0.1797 0.9063 0.4604
v  0.1594 0.8686 0.4640
v  0.1393 0.8232 0.4632
v  0.0978 0.7769 0.4511
v  0.1194 0.7690 0.4576
v  0.0987 0.7463 0.4496
v  0.1104 0.7410 0.4530
v  0.0890 0.7508 0.4466
v  0.0765 0.7569 0.4415
v  0.0671 0.7615 0.4376
v  0.0540 0.7687 0.4295
v  0.0450 0.7736 0.4237
v  0.0319 0.7820 0.4112
v  0.0231 0.7877 0.4027
v  0.0109 0.7967 0.3869
v  0.0026 0.8028 0.3758
v  -0.0077 0.8117 0.3578
v  -0.0151 0.8181 0.3444
v  -0.0228 0.8262 0.3254
v  -0.0288 0.8328 0.3098
v  -0.0332 0.8397 0.2909
v  -0.0372 0.8461 0.2731
v  -0.0388 0.8515 0.2557
v  -0.0407 0.8575 0.2363
v  -0.0402 0.8615 0.2213
v  -0.0397 0.8669 0.2012
v  -0.0377 0.8694 0.1891
v  -0.0346 0.8737 0.1696
v  -0.0316 0.8750 0.1607
v  -0.0260 0.8776 0.1435
v  -0.0226 0.8782 0.1368
v  -0.0152 0.8796 0.1214
v  -0.0119 0.8799 0.1161
v  -0.0037 0.8807 0.1017
v  -0.0010 0.8810 0.0972
v  0.0070 0.8819 0.0829
v  0.0088 0.8824 0.0787
v  0.0154 0.8842 0.0632
v  0.0169 0.8846 0.0596
v  0.0237 0.8868 0.0425
v  0.0253 0.8870 0.0394
v  0.0343 0.8889 0.0203
v  0.0358 0.8890 0.0178
v  0.0492 0.8900 -0.0039
v  0.0504 0.8899 -0.0053
v  0.0709 0.8891 -0.0304
v  0.0713 0.8891 -0.0307
v  0.0997 0.8900 -0.0550
v  0.0982 0.8862 -0.0571
v  0.0967 0.8864 -0.0556
v  0.1261 0.8818 -0.0794
v  0.1299 0.8813 -0.0824
v  0.1583 0.8755 -0.1004
v  0.1646 0.8743 -0.1044
v  0.1924 0.8673 -0.1170
v  0.2013 0.8651 -0.1211
v  0.5382 0.6118 0.3381
v  0.5469 0.6135 0.3200
v  0.5391 0.6262 0.3472
v  0.5359 0.6112 0.3434
v  0.5490 0.6936 0.3626
v  0.5519 0.7549 0.3741
v  0.5468 0.8081 0.3806
v  0.5352 0.8537 0.3831
v  0.5190 0.8926 0.3822
v  0.4996 0.9254 0.3786
v  0.4787 0.9529 0.3732
v  0.4576 0.9751 0.3666
v  0.4376 0.9922 0.3592
v  0.4198 1.0042 0.3518
v  0.4056 1.0114 0.3449
v  0.3943 1.0150 0.3385
v  0.3853 1.0166 0.3329
v  0.3779 1.0173 0.3280
v  0.3715 1.0187 0.3240
v  0.3662 1.0203 0.3208
v  0.1835 0.7060 0.4800
v  0.1940 0.7013 0.4831
v  0.2035 0.7370 0.4863
v  0.1798 0.7455 0.4792
v  0.1704 0.7122 0.4756
v  0.3462 1.0259 0.3175
v  0.3435 1.0260 0.3185
v  0.3443 1.0250 0.3204
v  0.3470 1.0248 0.3195
v  0.3408 1.0261 0.3197
v  0.3416 1.0252 0.3215
v  0.3382 1.0259 0.3215
v  0.3392 1.0251 0.3229
v  0.3358 1.0254 0.3239
v  0.3370 1.0247 0.3250
v  0.3335 1.0245 0.3273
v  0.3351 1.0238 0.3280
v  0.3312 1.0234 0.3317
v  0.3335 1.0226 0.3322
v  0.3289 1.0223 0.3373
v  0.3317 1.0215 0.3378
v  0.3265 1.0217 0.3440
v  0.3299 1.0207 0.3446
v  0.3239 1.0218 0.3520
v  0.3279 1.0206 0.3527
v  0.3205 1.0213 0.3615
v  0.3254 1.0198 0.3623
v  0.3157 1.0190 0.3729
v  0.3216 1.0173 0.3738
v  0.3087 1.0137 0.3864
v  0.3160 1.0116 0.3875
v  0.2990 1.0041 0.4026
v  0.3081 1.0015 0.4038
v  0.2871 0.9902 0.4199
v  0.2984 0.9870 0.4213
v  0.2737 0.9719 0.4371
v  0.2871 0.9680 0.4387
v  0.2593 0.9491 0.4526
v  0.2749 0.9444 0.4548
v  0.2445 0.9217 0.4653
v  0.2622 0.9162 0.4681
v  0.2292 0.8887 0.4746
v  0.2488 0.8824 0.4783
v  0.2134 0.8490 0.4803
v  0.2346 0.8419 0.4850
v  0.1969 0.8016 0.4819
v  0.2196 0.7938 0.4878
v  0.1608 0.7168 0.4719
v  0.1594 0.7537 0.4712
v  0.1501 0.7222 0.4671
v  0.1775 0.8091 0.4752
v  0.2331 0.7278 0.4911
v  0.2478 0.7854 0.4918
v  0.2709 0.7181 0.4924
v  0.2838 0.7765 0.4929
v  0.2946 0.8264 0.4888
v  0.2610 0.8344 0.4881
v  0.3035 0.8688 0.4807
v  0.2730 0.8758 0.4806
v  0.3110 0.9045 0.4693
v  0.2839 0.9105 0.4696
v  0.3175 0.9345 0.4550
v  0.2939 0.9396 0.4557
v  0.3233 0.9597 0.4385
v  0.3034 0.9639 0.4393
v  0.3284 0.9802 0.4210
v  0.3118 0.9837 0.4218
v  0.3325 0.9960 0.4037
v  0.3191 0.9988 0.4042
v  0.3355 1.0072 0.3876
v  0.3248 1.0094 0.3880
v  0.3373 1.0137 0.3740
v  0.3287 1.0155 0.3743
v  0.3383 1.0169 0.3625
v  0.3312 1.0184 0.3627
v  0.3387 1.0181 0.3529
v  0.3328 1.0194 0.3530
v  0.3388 1.0187 0.3448
v  0.3339 1.0197 0.3449
v  0.3391 1.0198 0.3379
v  0.3351 1.0207 0.3380
v  0.3395 1.0213 0.3323
v  0.3362 1.0219 0.3325
v  0.3398 1.0227 0.3281
v  0.3372 1.0231 0.3284
v  0.3379 1.0240 0.3261
v  0.3398 1.0240 0.3250
v  0.3428 1.0224 0.3273
v  0.3423 1.0239 0.3239
v  0.3461 1.0220 0.3265
v  0.3451 1.0237 0.3230
v  0.3494 1.0217 0.3255
v  0.3481 1.0234 0.3221
v  0.3472 1.0201 0.3310
v  0.3512 1.0197 0.3298
v  0.3485 1.0183 0.3365
v  0.3534 1.0179 0.3351
v  0.3502 1.0169 0.3430
v  0.3560 1.0163 0.3414
v  0.3522 1.0161 0.3508
v  0.3592 1.0154 0.3488
v  0.3546 1.0144 0.3600
v  0.3630 1.0136 0.3576
v  0.3573 1.0107 0.3710
v  0.3675 1.0097 0.3681
v  0.3602 1.0034 0.3839
v  0.3729 1.0022 0.3803
v  0.3633 0.9913 0.3990
v  0.3792 0.9897 0.3946
v  0.3665 0.9743 0.4153
v  0.3861 0.9723 0.4100
v  0.3695 0.9523 0.4319
v  0.3932 0.9498 0.4255
v  0.3721 0.9254 0.4476
v  0.4000 0.9223 0.4403
v  0.3741 0.8935 0.4615
v  0.4062 0.8897 0.4533
v  0.3747 0.8558 0.4728
v  0.4107 0.8512 0.4637
v  0.3729 0.8115 0.4806
v  0.4124 0.8061 0.4706
v  0.3679 0.7599 0.4840
v  0.4102 0.7538 0.4731
v  0.3589 0.7000 0.4824
v  0.4029 0.6933 0.4702
v  0.3249 0.7677 0.4905
v  0.3138 0.7086 0.4896
v  0.3328 0.8185 0.4865
v  0.3382 0.8619 0.4783
v  0.3417 0.8986 0.4667
v  0.3441 0.9297 0.4524
v  0.3458 0.9558 0.4361
v  0.3469 0.9770 0.4189
v  0.3475 0.9935 0.4020
v  0.3475 1.0051 0.3862
v  0.3470 1.0120 0.3729
v  0.3462 1.0156 0.3616
v  0.3453 1.0170 0.3522
v  0.3444 1.0177 0.3442
v  0.3437 1.0190 0.3374
v  0.3432 1.0207 0.3318
v  0.1951 0.8557 0.4746
v  0.2124 0.8947 0.4700
v  0.2292 0.9270 0.4615
v  0.2458 0.9537 0.4495
v  0.2621 0.9758 0.4345
v  0.2774 0.9935 0.4178
v  0.2911 1.0068 0.4008
v  0.3023 1.0158 0.3849
v  0.3105 1.0207 0.3715
v  0.3163 1.0227 0.3603
v  0.3204 1.0230 0.3510
v  0.3235 1.0227 0.3432
v  0.3264 1.0232 0.3366
v  0.3292 1.0241 0.3311
v  0.3319 1.0251 0.3266
v  0.3372 1.0266 0.3204
v  0.3345 1.0260 0.3231
v  0.3399 1.0268 0.3184
v  0.3427 1.0269 0.3170
v  0.3419 1.0276 0.3157
v  0.3390 1.0275 0.3174
v  0.3455 1.0267 0.3159
v  0.5489 0.6144 0.3141
v  0.5550 0.6167 0.2975
v  0.5570 0.6177 0.2910
v  0.5622 0.6200 0.2755
v  0.5649 0.6209 0.2685
v  0.5708 0.6227 0.2538
v  0.5738 0.6238 0.2458
v  0.5793 0.6259 0.2309
v  0.5820 0.6275 0.2212
v  0.5864 0.6303 0.2052
v  0.5882 0.6329 0.1932
v  0.5908 0.6369 0.1752
v  0.5909 0.6410 0.1600
v  0.5911 0.6466 0.1395
v  0.5891 0.6522 0.1219
v  0.5869 0.6589 0.1006
v  0.5825 0.6658 0.0818
v  0.5778 0.6732 0.0611
v  0.5707 0.6810 0.0425
v  0.5636 0.6889 0.0238
v  0.5535 0.6974 0.0068
v  0.5440 0.7053 -0.0089
v  0.5316 0.7140 -0.0239
v  0.5207 0.7217 -0.0368
v  0.5071 0.7303 -0.0494
v  0.4956 0.7375 -0.0599
v  0.4820 0.7454 -0.0699
v  0.4706 0.7519 -0.0781
v  0.4581 0.7587 -0.0854
v  0.4476 0.7643 -0.0914
v  0.4361 0.7700 -0.0967
v  0.4262 0.7750 -0.1013
v  0.4157 0.7801 -0.1054
v  0.4062 0.7847 -0.1091
v  0.3966 0.7894 -0.1129
v  0.3874 0.7938 -0.1165
v  0.3785 0.7983 -0.1207
v  0.3695 0.8028 -0.1248
v  0.3605 0.8073 -0.1287
v  0.3507 0.8120 -0.1326
v  0.3410 0.8165 -0.1355
v  0.3295 0.8217 -0.1386
v  0.3185 0.8262 -0.1399
v  0.3041 0.8320 -0.1413
v  0.2917 0.8365 -0.1406
v  0.2730 0.8432 -0.1394
v  0.2606 0.8472 -0.1371
v  0.2381 0.8544 -0.1327
v  0.2270 0.8577 -0.1292
v  0.2115 0.6938 0.4862
v  0.2233 0.6888 0.4881
v  0.2480 0.6794 0.4887
v  0.2608 0.6745 0.4890
v  0.2922 0.6634 0.4864
v  0.3034 0.6594 0.4855
v  0.3404 0.6475 0.4784
v  0.3482 0.6449 0.4770
v  0.3885 0.6333 0.4643
v  0.3921 0.6322 0.4632
v  0.4321 0.6226 0.4436
v  0.4325 0.6225 0.4434
v  0.4672 0.6159 0.4199
v  0.4691 0.6157 0.4181
v  0.4966 0.6120 0.3941
v  0.4995 0.6118 0.3907
v  0.5198 0.6104 0.3680
v  0.5226 0.6106 0.3635
v  0.1202 0.7364 0.4561
v  0.1309 0.7316 0.4591
v  0.1401 0.7614 0.4636
v  0.1406 0.7268 0.4634
v  0.1591 0.8162 0.4686
v  0.1779 0.8622 0.4690
v  0.1965 0.9005 0.4650
v  0.2149 0.9322 0.4572
v  0.2332 0.9582 0.4458
v  0.2513 0.9797 0.4313
v  0.2684 0.9967 0.4151
v  0.2837 1.0094 0.3985
v  0.2964 1.0180 0.3830
v  0.3057 1.0225 0.3699
v  0.3123 1.0241 0.3590
v  0.3171 1.0242 0.3499
v  0.3208 1.0237 0.3423
v  0.3242 1.0240 0.3359
v  0.3273 1.0248 0.3305
v  0.3303 1.0257 0.3260
v  0.3333 1.0266 0.3224
v  0.3361 1.0272 0.3196
# 1441 vertices

vn 0.1999 0.9003 0.3866
vn 0.2000 0.9003 0.3866
vn 0.2000 0.9003 0.3867
vn 0.2001 0.9002 0.3867
vn 0.2002 0.9002 0.3867
vn 0.2003 0.9002 0.3866
vn 0.2003 0.9002 0.3867
vn 0.2004 0.9002 0.3866
vn 0.2004 0.9002 0.3867
vn 0.2209 0.8919 0.3946
vn 0.2206 0.8919 0.3947
vn 0.2706 0.8661 0.4202
vn 0.2705 0.8672 0.4182
vn 0.3343 0.8265 0.4529
vn 0.3357 0.8284 0.4483
vn 0.4042 0.7758 0.4845
vn 0.4071 0.7784 0.4779
vn 0.4156 0.7662 0.4901
vn 0.4197 0.7680 0.4837
vn 0.3373 0.8235 0.4562
vn 0.3407 0.8240 0.4527
vn 0.2126 0.8929 0.3970
vn 0.2156 0.8930 0.3950
vn 0.0785 0.9409 0.3293
vn 0.0834 0.9424 0.3238
vn -0.0421 0.9627 0.2673
vn -0.0318 0.9670 0.2526
vn -0.1315 0.9742 0.1833
vn -0.1492 0.9664 0.2092
vn -0.2522 0.9564 0.1473
vn -0.2272 0.9676 0.1105
vn -0.0361 0.9645 0.2616
vn -0.1434 0.9686 0.2030
vn -0.2478 0.9586 0.1406
vn -0.0156 0.9703 0.2412
vn -0.1159 0.9781 0.1731
vn -0.2150 0.9714 0.1009
vn 0.0134 0.9765 0.2149
vn -0.0746 0.9883 0.1329
vn -0.1630 0.9855 0.0464
vn 0.0412 0.9805 0.1923
vn -0.0341 0.9946 0.0980
vn -0.1108 0.9938 -0.0009
vn 0.0645 0.9824 0.1756
vn -0.0001 0.9973 0.0729
vn -0.0667 0.9972 -0.0346
vn 0.0879 0.9829 0.1616
vn 0.0339 0.9981 0.0522
vn -0.0224 0.9978 -0.0620
vn 0.1146 0.9821 0.1492
vn 0.0727 0.9968 0.0342
vn 0.0282 0.9959 -0.0859
vn 0.1423 0.9798 0.1408
vn 0.1129 0.9934 0.0213
vn 0.0807 0.9914 -0.1032
vn 0.1674 0.9765 0.1360
vn 0.1495 0.9887 0.0140
vn 0.1287 0.9852 -0.1133
vn 0.1854 0.9826 0.0106
vn 0.1759 0.9773 -0.1181
vn 0.1626 0.9530 -0.2558
vn 0.1040 0.9628 -0.2493
vn 0.2249 0.9743 0.0106
vn 0.2280 0.9664 -0.1185
vn 0.2275 0.9394 -0.2566
vn 0.2678 0.9634 0.0142
vn 0.2843 0.9519 -0.1140
vn 0.2977 0.9210 -0.2513
vn 0.3354 0.9361 -0.1057
vn 0.3609 0.9009 -0.2412
vn 0.3817 0.8411 -0.3833
vn 0.3064 0.8662 -0.3948
vn 0.3707 0.9236 -0.0973
vn 0.4043 0.8850 -0.2309
vn 0.4326 0.8214 -0.3717
vn 0.3828 0.9191 -0.0934
vn 0.4186 0.8794 -0.2266
vn 0.4482 0.8149 -0.3676
vn 0.3940 0.9147 -0.0902
vn 0.4308 0.8745 -0.2229
vn 0.4601 0.8098 -0.3641
vn 0.4239 0.9025 -0.0767
vn 0.4653 0.8607 -0.2068
vn 0.4974 0.7952 -0.3469
vn 0.4628 0.8848 -0.0540
vn 0.5108 0.8408 -0.1794
vn 0.5479 0.7743 -0.3166
vn 0.5011 0.8650 -0.0256
vn 0.5558 0.8187 -0.1444
vn 0.5988 0.7514 -0.2773
vn 0.5329 0.8462 0.0050
vn 0.5938 0.7976 -0.1057
vn 0.6440 0.7290 -0.2319
vn 0.5596 0.8279 0.0378
vn 0.6269 0.7765 -0.0635
vn 0.6859 0.7050 -0.1802
vn 0.5845 0.8078 0.0763
vn 0.6588 0.7522 -0.0141
vn 0.7278 0.6755 -0.1184
vn 0.6087 0.7836 0.1245
vn 0.6907 0.7216 0.0471
vn 0.7702 0.6364 -0.0414
vn 0.6270 0.7588 0.1765
vn 0.7157 0.6894 0.1118
vn 0.8030 0.5947 0.0388
vn 0.6372 0.7370 0.2256
vn 0.7304 0.6611 0.1717
vn 0.8220 0.5586 0.1107
vn 0.6411 0.7157 0.2769
vn 0.7370 0.6341 0.2338
vn 0.8308 0.5255 0.1830
vn 0.6385 0.6907 0.3394
vn 0.7347 0.6038 0.3093
vn 0.5401 0.7956 0.2744
vn 0.5421 0.7795 0.3140
vn 0.4379 0.8409 0.3180
vn 0.4387 0.8298 0.3450
vn 0.3208 0.8771 0.3575
vn 0.3208 0.8715 0.3708
vn 0.1799 0.9021 0.3922
vn 0.1797 0.9030 0.3901
vn 0.0325 0.9088 0.4160
vn 0.0324 0.9165 0.3988
vn -0.0702 0.9024 0.4251
vn -0.0700 0.9148 0.3977
vn 0.1805 0.9011 0.3942
vn 0.0350 0.9005 0.4334
vn -0.0666 0.8889 0.4531
vn 0.0406 0.8909 0.4523
vn -0.0581 0.8732 0.4838
vn -0.0457 0.8766 0.4790
vn -0.0534 0.8918 0.4493
vn -0.0461 0.8573 0.5127
vn -0.0337 0.8615 0.5066
vn 0.0484 0.8824 0.4681
vn 0.0396 0.8921 0.4500
vn -0.0203 0.8487 0.5284
vn 0.0583 0.8743 0.4818
vn 0.1292 0.8892 0.4388
vn 0.1211 0.8929 0.4337
vn -0.0051 0.8372 0.5469
vn 0.0687 0.8670 0.4936
vn 0.1348 0.8863 0.4431
vn 0.0135 0.8253 0.5646
vn 0.0808 0.8592 0.5052
vn 0.1407 0.8828 0.4483
vn 0.0359 0.8128 0.5814
vn 0.0954 0.8510 0.5164
vn 0.1477 0.8788 0.4537
vn 0.0584 0.8016 0.5949
vn 0.1099 0.8437 0.5254
vn 0.1546 0.8753 0.4583
vn 0.0756 0.7941 0.6030
vn 0.1210 0.8388 0.5309
vn 0.1598 0.8728 0.4613
vn 0.0823 0.7919 0.6051
vn 0.1253 0.8373 0.5322
vn 0.1617 0.8719 0.4621
vn 0.1293 0.8353 0.5344
vn 0.1629 0.8709 0.4636
vn 0.1881 0.8935 0.4077
vn 0.1884 0.8935 0.4076
vn 0.1667 0.8686 0.4667
vn 0.1872 0.8935 0.4083
vn 0.1999 0.9004 0.3865
vn 0.1998 0.9004 0.3865
vn 0.2000 0.9003 0.3865
vn 0.2001 0.9003 0.3866
vn 0.2002 0.9003 0.3866
vn 0.2002 0.9002 0.3866
vn 0.2247 0.8894 0.3981
vn 0.2675 0.8597 0.4352
vn 0.2697 0.8639 0.4253
vn 0.2220 0.8917 0.3944
vn 0.3186 0.8175 0.4797
vn 0.3283 0.8226 0.4643
vn 0.3775 0.7639 0.5234
vn 0.3939 0.7704 0.5014
vn 0.3862 0.7551 0.5298
vn 0.4038 0.7613 0.5072
vn 0.3182 0.8174 0.4803
vn 0.3293 0.8209 0.4665
vn 0.2102 0.8919 0.4004
vn 0.2108 0.8924 0.3989
vn 0.0930 0.9444 0.3154
vn 0.0821 0.9419 0.3256
vn 0.2103 0.8913 0.4016
vn 0.1079 0.9469 0.3029
vn 0.2101 0.8908 0.4028
vn 0.1219 0.9485 0.2923
vn 0.2088 0.8907 0.4037
vn 0.1334 0.9495 0.2841
vn 0.2067 0.8909 0.4044
vn 0.1448 0.9499 0.2771
vn 0.2039 0.8914 0.4048
vn 0.1579 0.9496 0.2707
vn 0.2013 0.8914 0.4061
vn 0.1716 0.9483 0.2669
vn 0.1989 0.8915 0.4069
vn 0.1840 0.9466 0.2648
vn 0.1968 0.8918 0.4073
vn 0.1962 0.9444 0.2639
vn 0.1920 0.9722 0.1340
vn 0.2097 0.9415 0.2639
vn 0.2191 0.9665 0.1340
vn 0.2245 0.9377 0.2653
vn 0.2486 0.9589 0.1367
vn 0.2380 0.9336 0.2679
vn 0.2754 0.9509 0.1414
vn 0.3068 0.9515 0.0207
vn 0.2941 0.9445 0.1463
vn 0.3339 0.9422 0.0274
vn 0.3005 0.9421 0.1490
vn 0.3434 0.9387 0.0307
vn 0.3072 0.9397 0.1504
vn 0.3526 0.9352 0.0332
vn 0.3242 0.9328 0.1576
vn 0.3765 0.9254 0.0436
vn 0.3463 0.9226 0.1697
vn 0.4075 0.9111 0.0612
vn 0.3681 0.9112 0.1849
vn 0.4381 0.8951 0.0830
vn 0.3861 0.9003 0.2010
vn 0.4633 0.8798 0.1061
vn 0.4008 0.8899 0.2178
vn 0.4841 0.8652 0.1306
vn 0.4140 0.8787 0.2379
vn 0.5030 0.8494 0.1596
vn 0.4261 0.8655 0.2635
vn 0.5208 0.8308 0.1964
vn 0.4342 0.8523 0.2916
vn 0.5336 0.8120 0.2365
vn 0.3157 0.8897 0.3299
vn 0.3193 0.8829 0.3442
vn 0.1817 0.9000 0.3962
vn 0.3094 0.8965 0.3170
vn 0.1819 0.8989 0.3987
vn 0.0476 0.8811 0.4705
vn 0.1824 0.8979 0.4007
vn 0.0558 0.8728 0.4848
vn -0.0324 0.8439 0.5356
vn 0.0655 0.8654 0.4969
vn -0.0165 0.8318 0.5548
vn 0.0779 0.8579 0.5079
vn 0.0032 0.8196 0.5729
vn 0.0924 0.8501 0.5184
vn 0.0267 0.8068 0.5902
vn 0.1066 0.8429 0.5274
vn 0.0500 0.7951 0.6044
vn 0.1172 0.8376 0.5336
vn 0.0676 0.7868 0.6135
vn 0.1209 0.8353 0.5363
vn 0.0741 0.7837 0.6167
vn 0.1261 0.8344 0.5365
vn 0.0816 0.7817 0.6183
vn 0.0888 0.7892 0.6077
vn 0.1016 0.7755 0.6231
vn 0.1074 0.7827 0.6130
vn 0.1411 0.8306 0.5387
vn 0.1339 0.7745 0.6182
vn 0.1581 0.8244 0.5434
vn 0.1745 0.8638 0.4726
vn 0.1770 0.8187 0.5463
vn 0.1880 0.8585 0.4772
vn 0.1962 0.8871 0.4178
vn 0.1874 0.8913 0.4129
vn 0.2008 0.8569 0.4747
vn 0.2041 0.8870 0.4142
vn 0.2050 0.8885 0.4106
vn 0.2001 0.9003 0.3865
vn 0.2055 0.8886 0.4100
vn 0.2076 0.8884 0.4095
vn 0.2002 0.9003 0.3865
vn 0.2103 0.8882 0.4084
vn 0.2003 0.9003 0.3866
vn 0.2095 0.8884 0.4084
vn 0.2130 0.8866 0.4106
vn 0.2209 0.8858 0.4081
vn 0.2005 0.9002 0.3866
vn 0.2492 0.8549 0.4551
vn 0.2601 0.8553 0.4481
vn 0.2929 0.8108 0.5067
vn 0.3063 0.8131 0.4949
vn 0.3382 0.7538 0.5634
vn 0.3580 0.7580 0.5452
vn 0.3450 0.7447 0.5713
vn 0.3656 0.7492 0.5523
vn 0.2927 0.8112 0.5063
vn 0.3054 0.8139 0.4943
vn 0.3240 0.7421 0.5867
vn 0.2794 0.8098 0.5159
vn 0.3001 0.7412 0.6005
vn 0.2642 0.8095 0.5243
vn 0.2708 0.7420 0.6133
vn 0.2455 0.8105 0.5319
vn 0.2404 0.7442 0.6232
vn 0.2263 0.8118 0.5384
vn 0.2134 0.7476 0.6289
vn 0.2092 0.8139 0.5421
vn 0.1876 0.7524 0.6314
vn 0.1929 0.8168 0.5437
vn 0.1597 0.7591 0.6311
vn 0.1753 0.8210 0.5433
vn 0.1947 0.8924 0.4070
vn 0.1565 0.8260 0.5415
vn 0.1927 0.8929 0.4069
vn 0.1390 0.8309 0.5388
vn 0.1907 0.8933 0.4070
vn 0.1889 0.8934 0.4076
vn 0.2472 0.9303 0.2709
vn 0.1877 0.8932 0.4087
vn 0.2501 0.9290 0.2729
vn 0.1878 0.8938 0.4072
vn 0.2538 0.9279 0.2731
vn 0.1871 0.8946 0.4057
vn 0.2627 0.9245 0.2763
vn 0.1860 0.8955 0.4044
vn 0.2743 0.9193 0.2823
vn 0.1846 0.8962 0.4033
vn 0.2856 0.9134 0.2902
vn 0.1833 0.8970 0.4023
vn 0.2949 0.9077 0.2985
vn 0.3025 0.9023 0.3070
vn 0.1296 0.7673 0.6280
vn 0.1627 0.7666 0.6212
vn 0.1892 0.7604 0.6213
vn 0.1947 0.8150 0.5457
vn 0.2136 0.7559 0.6189
vn 0.2108 0.8128 0.5431
vn 0.2087 0.8574 0.4704
vn 0.2275 0.8108 0.5392
vn 0.2159 0.8571 0.4677
vn 0.2464 0.8094 0.5331
vn 0.2251 0.8564 0.4646
vn 0.2645 0.8092 0.5246
vn 0.2339 0.8563 0.4604
vn 0.2409 0.8561 0.4573
vn 0.2959 0.7498 0.5918
vn 0.3184 0.7511 0.5783
vn 0.2682 0.7501 0.6045
vn 0.2392 0.7524 0.6137
vn 0.0347 0.9245 0.3796
vn 0.1802 0.9039 0.3879
vn 0.3200 0.8651 0.3862
vn 0.4369 0.8166 0.3771
vn 0.5397 0.7602 0.3617
vn -0.1150 0.9805 0.1591
vn -0.0219 0.9708 0.2390
vn 0.0873 0.9440 0.3182
vn 0.2164 0.8942 0.3919
vn 0.3417 0.8263 0.4478
vn 0.4223 0.7711 0.4764
vn 0.4105 0.7805 0.4715
vn 0.3380 0.8298 0.4441
vn 0.2713 0.8679 0.4161
vn 0.2207 0.8921 0.3942
vn 0.1999 0.9002 0.3868
vn 0.2000 0.9002 0.3868
vn 0.1999 0.9002 0.3869
vn 0.2001 0.9002 0.3869
vn 0.2000 0.9001 0.3870
vn 0.2002 0.9001 0.3870
vn 0.2001 0.9001 0.3871
vn 0.2002 0.9000 0.3871
vn 0.2003 0.9001 0.3870
vn 0.2003 0.9000 0.3872
vn 0.2003 0.9000 0.3870
vn 0.2003 0.9000 0.3871
vn 0.2215 0.8933 0.3911
vn 0.2219 0.8940 0.3892
vn 0.2757 0.8732 0.4018
vn 0.2776 0.8768 0.3927
vn 0.3482 0.8406 0.4148
vn 0.3522 0.8481 0.3958
vn 0.4268 0.7974 0.4265
vn 0.4332 0.8090 0.3974
vn 0.4382 0.7898 0.4291
vn 0.4449 0.8019 0.3988
vn 0.3511 0.8377 0.4184
vn 0.3556 0.8449 0.3998
vn 0.2189 0.8947 0.3893
vn 0.2203 0.8944 0.3892
vn 0.0850 0.9359 0.3419
vn 0.0832 0.9281 0.3630
vn -0.0280 0.9587 0.2832
vn -0.0340 0.9450 0.3253
vn -0.1261 0.9675 0.2190
vn -0.1375 0.9497 0.2813
vn -0.2226 0.9634 0.1496
vn -0.2409 0.9426 0.2313
vn -0.3225 0.9435 0.0756
vn -0.3491 0.9204 0.1759
vn -0.4318 0.9020 -0.0046
vn -0.4682 0.8764 0.1131
vn -0.5468 0.8325 -0.0895
vn -0.5939 0.8034 0.0431
vn -0.6543 0.7371 -0.1693
vn -0.7107 0.7030 -0.0269
vn -0.3991 0.9129 -0.0851
vn -0.5038 0.8450 -0.1793
vn -0.6019 0.7533 -0.2650
vn -0.3910 0.9142 -0.1063
vn -0.4908 0.8472 -0.2034
vn -0.5840 0.7577 -0.2912
vn -0.4224 0.9047 -0.0559
vn -0.5246 0.8382 -0.1490
vn -0.6190 0.7496 -0.2345
vn -0.4579 0.8890 -0.0027
vn -0.5623 0.8220 -0.0903
vn -0.6568 0.7341 -0.1723
vn -0.4550 0.8904 -0.0130
vn -0.5574 0.8239 -0.1024
vn -0.6491 0.7377 -0.1856
vn -0.4147 0.9071 -0.0722
vn -0.5124 0.8420 -0.1687
vn -0.5996 0.7581 -0.2564
vn -0.3461 0.9256 -0.1532
vn -0.4361 0.8620 -0.2585
vn -0.5170 0.7805 -0.3515
vn -0.2737 0.9357 -0.2227
vn -0.3546 0.8730 -0.3349
vn -0.4281 0.7939 -0.4318
vn -0.2107 0.9390 -0.2720
vn -0.2827 0.8768 -0.3889
vn -0.3486 0.7998 -0.4887
vn -0.1464 0.9387 -0.3120
vn -0.2090 0.8768 -0.4332
vn -0.2664 0.8011 -0.5360
vn -0.0723 0.9349 -0.3474
vn -0.1239 0.8724 -0.4729
vn -0.1715 0.7970 -0.5792
vn -0.0356 0.8634 -0.5033
vn -0.0733 0.7868 -0.6129
vn -0.1067 0.7076 -0.6985
vn -0.2139 0.7185 -0.6618
vn 0.0451 0.8515 -0.5224
vn 0.0163 0.7727 -0.6346
vn -0.0092 0.6914 -0.7224
vn 0.1248 0.8366 -0.5333
vn 0.1047 0.7546 -0.6478
vn 0.0871 0.6698 -0.7374
vn 0.2040 0.7292 -0.6532
vn 0.1958 0.6388 -0.7440
vn 0.1925 0.5557 -0.8088
vn 0.0741 0.5923 -0.8023
vn 0.3116 0.6943 -0.6487
vn 0.3133 0.5964 -0.7390
vn 0.3197 0.5056 -0.8013
vn 0.4062 0.6564 -0.6357
vn 0.4145 0.5510 -0.7243
vn 0.4263 0.4535 -0.7827
vn 0.4668 0.6276 -0.6231
vn 0.4763 0.5176 -0.7108
vn 0.4873 0.4170 -0.7673
vn 0.4800 0.6189 -0.6217
vn 0.4849 0.5088 -0.7114
vn 0.4893 0.4097 -0.7699
vn 0.4853 0.6150 -0.6215
vn 0.4838 0.5064 -0.7138
vn 0.4802 0.4105 -0.7752
vn 0.5213 0.5997 -0.6071
vn 0.5161 0.4909 -0.7019
vn 0.5082 0.3956 -0.7650
vn 0.5757 0.5769 -0.5794
vn 0.5698 0.4659 -0.6769
vn 0.5611 0.3687 -0.7411
vn 0.6350 0.5508 -0.5416
vn 0.6309 0.4355 -0.6421
vn 0.6239 0.3336 -0.7067
vn 0.6950 0.5221 -0.4943
vn 0.6952 0.3997 -0.5975
vn 0.6902 0.2909 -0.6625
vn 0.7585 0.4869 -0.4331
vn 0.7653 0.3552 -0.5368
vn 0.7617 0.2389 -0.6023
vn 0.8257 0.4410 -0.3519
vn 0.8404 0.2988 -0.4521
vn 0.8377 0.1756 -0.5171
vn 0.8923 0.3802 -0.2435
vn 0.9143 0.2282 -0.3347
vn 0.9119 0.1006 -0.3979
vn 0.9391 0.3183 -0.1293
vn 0.9647 0.1603 -0.2090
vn 0.9627 0.0319 -0.2687
vn 0.9627 0.2687 -0.0319
vn 0.9888 0.1086 -0.1022
vn 0.9873 -0.0189 -0.1579
vn 0.9721 0.2268 0.0595
vn 0.9978 0.0659 -0.0036
vn 0.9966 -0.0611 -0.0545
vn 0.9694 0.1858 0.1607
vn 0.9944 0.0239 0.1034
vn 0.9929 -0.1040 0.0583
vn 0.9509 0.1453 0.2731
vn 0.9753 -0.0185 0.2201
vn 0.9202 0.1129 0.3748
vn 0.9445 -0.0520 0.3243
vn 0.9416 -0.1817 0.2835
vn 0.9726 -0.1478 0.1795
vn 0.8926 0.0962 0.4405
vn 0.9181 -0.0688 0.3904
vn 0.9178 -0.1977 0.3443
vn 0.8862 0.0988 0.4526
vn 0.9141 -0.0656 0.4001
vn 0.8643 0.2774 0.4195
vn 0.8377 0.2612 0.4797
vn 0.7849 0.4246 0.4513
vn 0.7615 0.4091 0.5027
vn 0.6975 0.5429 0.4677
vn 0.6789 0.5283 0.5099
vn 0.6100 0.6379 0.4701
vn 0.5961 0.6248 0.5043
vn 0.5195 0.7189 0.4618
vn 0.5096 0.7083 0.4886
vn 0.4240 0.7888 0.4449
vn 0.4172 0.7814 0.4641
vn 0.3132 0.8521 0.4193
vn 0.3090 0.8488 0.4290
vn 0.1798 0.9061 0.3830
vn 0.1787 0.9073 0.3807
vn 0.0421 0.9401 0.3383
vn 0.0451 0.9451 0.3236
vn -0.0522 0.9518 0.3023
vn -0.0453 0.9590 0.2797
vn -0.0384 0.9514 0.3054
vn -0.0304 0.9581 0.2848
vn 0.0475 0.9405 0.3364
vn 0.0526 0.9449 0.3231
vn 0.1233 0.9236 0.3629
vn 0.1256 0.9258 0.3565
vn 0.1784 0.9072 0.3810
vn 0.1788 0.9077 0.3796
vn 0.1790 0.9079 0.3792
vn 0.1266 0.9265 0.3543
vn 0.0421 0.9337 0.3554
vn 0.1209 0.9203 0.3720
vn 0.1778 0.9064 0.3831
vn 0.0380 0.9258 0.3761
vn 0.1188 0.9165 0.3819
vn 0.1774 0.9056 0.3853
vn 0.0358 0.9180 0.3949
vn 0.1175 0.9130 0.3906
vn 0.1772 0.9050 0.3868
vn 0.1156 0.9100 0.3982
vn 0.1763 0.9049 0.3875
vn 0.1997 0.9003 0.3868
vn 0.1997 0.9003 0.3869
vn 0.1998 0.9003 0.3868
vn 0.1998 0.9002 0.3868
vn 0.1998 0.9003 0.3867
vn 0.1999 0.9003 0.3867
vn 0.1998 0.9003 0.3866
vn 0.2000 0.9002 0.3867
vn 0.2001 0.9002 0.3868
vn 0.2002 0.9002 0.3868
vn 0.2003 0.9001 0.3868
vn 0.2003 0.9001 0.3869
vn 0.2004 0.9001 0.3868
vn 0.2211 0.8926 0.3930
vn 0.2733 0.8700 0.4103
vn 0.3428 0.8341 0.4321
vn 0.4183 0.7872 0.4531
vn 0.4297 0.7789 0.4568
vn 0.3459 0.8311 0.4354
vn 0.2175 0.8947 0.3900
vn 0.0870 0.9416 0.3253
vn -0.0223 0.9677 0.2511
vn -0.1159 0.9780 0.1736
vn -0.2045 0.9759 0.0756
vn -0.2065 0.9741 0.0918
vn -0.2949 0.9555 -0.0120
vn -0.2991 0.9542 0.0062
vn -0.3227 0.9459 0.0320
vn -0.3540 0.9320 0.0782
vn -0.3509 0.9338 0.0700
vn -0.3145 0.9490 0.0202
vn -0.2537 0.9661 -0.0486
vn -0.1910 0.9756 -0.1080
vn -0.1373 0.9791 -0.1502
vn -0.0829 0.9793 -0.1845
vn -0.0204 0.9765 -0.2143
vn 0.0445 0.9707 -0.2363
vn 0.0047 0.9275 -0.3738
vn 0.0754 0.9178 -0.3899
vn 0.1450 0.9057 -0.3984
vn 0.2225 0.8889 -0.4004
vn 0.2139 0.8160 -0.5370
vn 0.3104 0.7878 -0.5320
vn 0.3965 0.7567 -0.5198
vn 0.4534 0.7326 -0.5076
vn 0.4689 0.7249 -0.5046
vn 0.4786 0.7202 -0.5023
vn 0.5164 0.7052 -0.4859
vn 0.5700 0.6836 -0.4558
vn 0.6260 0.6597 -0.4157
vn 0.6792 0.6353 -0.3675
vn 0.7322 0.6070 -0.3091
vn 0.7869 0.5703 -0.2357
vn 0.8419 0.5207 -0.1418
vn 0.8824 0.4684 -0.0439
vn 0.9045 0.4245 0.0411
vn 0.9142 0.3859 0.1235
vn 0.8289 0.4906 0.2689
vn 0.9121 0.3473 0.2180
vn 0.8121 0.4545 0.3660
vn 0.8942 0.3087 0.3243
vn 0.7201 0.5708 0.3945
vn 0.6270 0.6625 0.4098
vn 0.5314 0.7382 0.4154
vn 0.4316 0.8019 0.4132
vn 0.3173 0.8581 0.4037
vn 0.1803 0.9049 0.3855
vn 0.0382 0.9328 0.3583
vn -0.0664 0.9277 0.3673
vn -0.0601 0.9408 0.3337
vn -0.0532 0.9287 0.3671
vn -0.0468 0.9411 0.3350
vn -0.0563 0.9165 0.3962
vn -0.0565 0.9047 0.4224
vn 0.0350 0.9105 0.4120
vn 0.0356 0.9021 0.4300
vn 0.1124 0.9060 0.4081
vn 0.1129 0.8993 0.4225
vn 0.1710 0.9008 0.3991
vn 0.1725 0.9045 0.3901
vn 0.1775 0.8972 0.4044
vn 0.1817 0.8967 0.4036
vn 0.1828 0.8966 0.4034
vn 0.1838 0.8960 0.4043
vn 0.1854 0.8951 0.4055
vn 0.1869 0.8943 0.4065
vn 0.1880 0.8937 0.4073
vn 0.1997 0.9004 0.3865
vn 0.1999 0.9002 0.3870
vn 0.0553 0.9462 0.3188
vn -0.0263 0.9602 0.2779
vn -0.0425 0.9615 0.2714
vn 0.0455 0.9470 0.3180
vn 0.1770 0.9082 0.3792
vn 0.3066 0.8490 0.4303
vn 0.4150 0.7818 0.4653
vn 0.5078 0.7096 0.4885
vn 0.5943 0.6272 0.5034
vn 0.6764 0.5314 0.5100
vn 0.7570 0.4121 0.5071
vn 0.8314 0.2639 0.4890
vn -0.6217 0.7638 0.1734
vn -0.4897 0.8417 0.2274
vn -0.6298 0.7239 0.2814
vn -0.4956 0.8070 0.3212
vn -0.3683 0.8611 0.3505
vn -0.3646 0.8905 0.2722
vn -0.2529 0.8932 0.3718
vn -0.2511 0.9173 0.3089
vn -0.1439 0.9108 0.3869
vn -0.1436 0.9295 0.3396
vn -0.0363 0.9175 0.3961
vn -0.0367 0.9306 0.3643
vn 0.0836 0.9137 0.3976
vn 0.0830 0.9204 0.3821
vn 0.2220 0.8948 0.3874
vn 0.2217 0.8943 0.3887
vn 0.3580 0.8593 0.3654
vn 0.3581 0.8519 0.3821
vn 0.4479 0.8254 0.3436
vn 0.4482 0.8136 0.3703
vn 0.4357 0.8315 0.3446
vn 0.4360 0.8203 0.3701
vn 0.3544 0.8624 0.3616
vn 0.3540 0.8554 0.3782
vn 0.2801 0.8827 0.3774
vn 0.2786 0.8800 0.3846
vn 0.2227 0.8947 0.3873
vn 0.2220 0.8946 0.3878
vn 0.2003 0.8999 0.3874
vn 0.2003 0.9000 0.3873
vn 0.2002 0.8999 0.3874
vn 0.2002 0.9000 0.3873
vn 0.2001 0.9000 0.3873
vn 0.2001 0.8999 0.3874
vn 0.2002 0.8999 0.3875
vn 0.2001 0.8999 0.3875
vn 0.2000 0.9000 0.3874
vn 0.2002 0.8998 0.3876
vn 0.2001 0.8998 0.3877
vn 0.1999 0.8999 0.3876
vn 0.1999 0.8999 0.3875
vn 0.2176 0.9025 0.3717
vn 0.2165 0.9027 0.3718
vn 0.2667 0.9030 0.3369
vn 0.2612 0.9063 0.3324
vn 0.3308 0.8979 0.2906
vn 0.3206 0.9055 0.2778
vn 0.3993 0.8863 0.2346
vn 0.3843 0.8980 0.2141
vn 0.4099 0.8834 0.2273
vn 0.3941 0.8958 0.2054
vn 0.3344 0.8961 0.2919
vn 0.3245 0.9042 0.2777
vn 0.2185 0.8995 0.3785
vn 0.2168 0.9009 0.3760
vn 0.0987 0.8850 0.4550
vn 0.1048 0.8795 0.4643
vn -0.0059 0.8589 0.5120
vn 0.0063 0.8472 0.5312
vn -0.1000 0.8251 0.5560
vn -0.0822 0.8073 0.5843
vn -0.1951 0.7802 0.5943
vn -0.1711 0.7557 0.6322
vn -0.2955 0.7199 0.6280
vn -0.2641 0.6873 0.6767
vn -0.4038 0.6377 0.6560
vn -0.3622 0.5965 0.7162
vn -0.5154 0.5323 0.6716
vn -0.4611 0.4847 0.7433
vn -0.6191 0.4114 0.6689
vn -0.5520 0.3617 0.7513
vn -0.4401 0.6793 0.5872
vn -0.5617 0.5793 0.5907
vn -0.6746 0.4602 0.5771
vn -0.4711 0.7252 0.5021
vn -0.6003 0.6310 0.4914
vn -0.7199 0.5142 0.4661
vn -0.4899 0.7695 0.4098
vn -0.6233 0.6811 0.3842
vn -0.7467 0.5675 0.3470
vn -0.3480 0.7924 0.5010
vn -0.3631 0.8296 0.4242
vn -0.2360 0.8376 0.4927
vn -0.2482 0.8676 0.4309
vn -0.1307 0.8682 0.4787
vn -0.1400 0.8911 0.4317
vn -0.0270 0.8881 0.4589
vn -0.0333 0.9039 0.4265
vn 0.0879 0.8991 0.4288
vn 0.0851 0.9069 0.4126
vn 0.2202 0.8969 0.3836
vn 0.2215 0.8957 0.3856
vn 0.3497 0.8776 0.3278
vn 0.3554 0.8676 0.3477
vn 0.4354 0.8545 0.2834
vn 0.4440 0.8387 0.3153
vn 0.4244 0.8588 0.2871
vn 0.4322 0.8440 0.3177
vn 0.3490 0.8795 0.3234
vn 0.3533 0.8701 0.3437
vn 0.2823 0.8919 0.3533
vn 0.2828 0.8859 0.3676
vn 0.2278 0.8981 0.3762
vn 0.2262 0.8948 0.3849
vn 0.2003 0.8998 0.3875
vn 0.2003 0.8999 0.3875
vn 0.2003 0.8998 0.3876
vn 0.2217 0.9018 0.3709
vn 0.2745 0.8987 0.3421
vn 0.3405 0.8894 0.3049
vn 0.4126 0.8736 0.2581
vn 0.4236 0.8700 0.2524
vn 0.3427 0.8875 0.3081
vn 0.2196 0.8981 0.3810
vn 0.0931 0.8914 0.4436
vn -0.0171 0.8723 0.4887
vn -0.1163 0.8450 0.5220
vn -0.2168 0.8069 0.5494
vn -0.3236 0.7541 0.5716
vn -0.3914 0.4282 0.8145
vn -0.3106 0.5492 0.7759
vn -0.2266 0.6516 0.7240
vn -0.1430 0.7302 0.6681
vn -0.0616 0.7897 0.6104
vn 0.0205 0.8359 0.5486
vn 0.1117 0.8742 0.4725
vn 0.2143 0.9027 0.3731
vn 0.3118 0.9128 0.2636
vn 0.2153 0.9034 0.3708
vn 0.2136 0.9044 0.3693
vn 0.2553 0.9100 0.3266
vn 0.2484 0.9141 0.3204
vn 0.3087 0.9136 0.2648
vn 0.2944 0.9219 0.2518
vn 0.3658 0.9103 0.1936
vn 0.3435 0.9230 0.1733
vn 0.3744 0.9089 0.1838
vn 0.3510 0.9222 0.1619
vn 0.2971 0.9218 0.2489
vn 0.2119 0.9048 0.3695
vn 0.1208 0.8690 0.4798
vn 0.0383 0.8241 0.5652
vn -0.0362 0.7708 0.6360
vn -0.1091 0.7021 0.7037
vn -0.1817 0.6110 0.7705
vn -0.2497 0.4947 0.8324
vn -0.3099 0.3636 0.8785
vn -0.4636 0.3014 0.8332
vn -0.3608 0.2334 0.9030
vn -0.5260 0.1813 0.8310
vn -0.4047 0.1167 0.9070
vn -0.5755 0.0913 0.8127
vn -0.4433 0.0317 0.8958
vn -0.6300 0.2396 0.7387
vn -0.6876 0.1464 0.7112
vn -0.7066 0.2869 0.6469
vn -0.7671 0.1901 0.6127
vn -0.7682 0.3334 0.5466
vn -0.8292 0.2327 0.5082
vn -0.8175 0.3859 0.4276
vn -0.8780 0.2814 0.3872
vn -0.8463 0.4393 0.3014
vn -0.9066 0.3319 0.2606
vn -0.7540 0.6141 0.2332
vn -0.8540 0.4875 0.1816
vn -0.9146 0.3790 0.1410
vn -0.7440 0.6583 0.1146
vn -0.8431 0.5346 0.0576
vn -0.9043 0.4265 0.0175
vn -0.8068 0.5840 -0.0889
vn -0.8690 0.4781 -0.1280
vn -0.7448 0.6244 -0.2353
vn -0.8076 0.5227 -0.2732
vn -0.6864 0.6465 -0.3330
vn -0.7489 0.5496 -0.3701
vn -0.6649 0.6545 -0.3598
vn -0.7269 0.5607 -0.3965
vn -0.6997 0.6473 -0.3023
vn -0.7606 0.5540 -0.3385
vn -0.7361 0.6335 -0.2383
vn -0.7942 0.5421 -0.2747
vn -0.7256 0.6402 -0.2524
vn -0.7819 0.5517 -0.2901
vn -0.6729 0.6640 -0.3259
vn -0.7290 0.5786 -0.3659
vn -0.5864 0.6903 -0.4239
vn -0.6423 0.6081 -0.4665
vn -0.4925 0.7078 -0.5064
vn -0.5472 0.6292 -0.5520
vn -0.4069 0.7174 -0.5655
vn -0.4583 0.6421 -0.6146
vn -0.3176 0.7215 -0.6153
vn -0.3619 0.6497 -0.6685
vn -0.2506 0.6477 -0.7195
vn -0.2825 0.5860 -0.7595
vn -0.3998 0.5887 -0.7026
vn -0.1351 0.6358 -0.7599
vn -0.1595 0.5727 -0.8041
vn -0.0300 0.6175 -0.7860
vn -0.0473 0.5522 -0.8323
vn 0.0647 0.5241 -0.8492
vn 0.1931 0.4825 -0.8543
vn 0.3302 0.4264 -0.8421
vn 0.4411 0.3699 -0.8176
vn 0.5000 0.3328 -0.7995
vn 0.4939 0.3292 -0.8048
vn 0.4759 0.3344 -0.8135
vn 0.4996 0.3215 -0.8044
vn 0.5528 0.2939 -0.7798
vn 0.6188 0.2559 -0.7427
vn 0.6875 0.2095 -0.6953
vn 0.7583 0.1546 -0.6334
vn 0.8314 0.0899 -0.5484
vn 0.9020 0.0157 -0.4315
vn 0.9509 -0.0510 -0.3051
vn 0.9758 -0.1004 -0.1944
vn 0.9859 -0.1422 -0.0882
vn 0.9821 -0.1858 0.0309
vn 0.9604 -0.2298 0.1578
vn 0.9290 -0.2625 0.2610
vn 0.9079 -0.2773 0.3142
vn 0.9188 -0.1933 0.3442
vn 0.9141 -0.2722 0.3005
vn 0.9198 -0.1847 0.3462
vn 0.9204 -0.2630 0.2892
vn 0.8915 -0.1856 0.4132
vn 0.8981 -0.2644 0.3513
vn 0.9101 -0.0601 0.4100
vn 0.8803 0.1011 0.4636
vn 0.8266 0.2642 0.4970
vn 0.7546 0.4120 0.5107
vn 0.6756 0.5320 0.5104
vn 0.5937 0.6279 0.5032
vn 0.5068 0.7096 0.4895
vn 0.4138 0.7809 0.4679
vn 0.3061 0.8477 0.4333
vn 0.1784 0.9077 0.3798
vn 0.0493 0.9480 0.3144
vn -0.0374 0.9638 0.2641
vn -0.0229 0.9625 0.2703
vn 0.0570 0.9478 0.3137
vn 0.1266 0.9274 0.3521
vn 0.1787 0.9079 0.3793
vn 0.1998 0.9002 0.3869
vn 0.1998 0.9002 0.3870
vn 0.1997 0.9001 0.3871
vn 0.1997 0.9001 0.3872
vn 0.1996 0.9002 0.3871
vn 0.1997 0.9002 0.3871
vn 0.1996 0.9001 0.3872
vn 0.1867 0.9132 0.3622
vn 0.1789 0.9138 0.3647
vn 0.1484 0.9379 0.3135
vn 0.1374 0.9371 0.3210
vn 0.0996 0.9626 0.2521
vn 0.0858 0.9603 0.2654
vn 0.0452 0.9831 0.1776
vn 0.0250 0.9797 0.1989
vn 0.0351 0.9855 0.1659
vn 0.0142 0.9818 0.1892
vn 0.0953 0.9631 0.2517
vn 0.0824 0.9601 0.2673
vn 0.1836 0.9095 0.3729
vn 0.1825 0.9087 0.3754
vn 0.2682 0.8324 0.4850
vn 0.2799 0.8354 0.4731
vn 0.3361 0.7486 0.5715
vn 0.3603 0.7559 0.5467
vn 0.3923 0.6630 0.6376
vn 0.4287 0.6737 0.6020
vn 0.4439 0.5703 0.6912
vn 0.4925 0.5829 0.6463
vn 0.4929 0.4674 0.7339
vn 0.5530 0.4802 0.6809
vn 0.5407 0.3483 0.7657
vn 0.6110 0.3589 0.7056
vn 0.5839 0.2121 0.7836
vn 0.6629 0.2185 0.7161
vn 0.6175 0.0695 0.7835
vn 0.7033 0.0705 0.7074
vn 0.6399 -0.0684 0.7654
vn 0.7305 -0.0729 0.6790
vn 0.6539 -0.1799 0.7349
vn 0.7479 -0.1875 0.6368
vn 0.6641 -0.2607 0.7008
vn 0.7605 -0.2686 0.5912
vn 0.5561 -0.1668 0.8142
vn 0.5644 -0.2465 0.7878
vn 0.5459 -0.0586 0.8358
vn 0.4403 -0.0448 0.8967
vn 0.4465 -0.1484 0.8824
vn 0.5297 0.0742 0.8449
vn 0.4321 0.0819 0.8981
vn 0.5050 0.2118 0.8367
vn 0.4188 0.2141 0.8825
vn 0.4726 0.3441 0.8113
vn 0.3999 0.3425 0.8501
vn 0.4364 0.4608 0.7728
vn 0.3771 0.4570 0.8055
vn 0.3988 0.5627 0.7241
vn 0.3519 0.5582 0.7514
vn 0.3586 0.6562 0.6639
vn 0.3233 0.6517 0.6861
vn 0.3137 0.7436 0.5905
vn 0.2898 0.7402 0.6067
vn 0.2574 0.8302 0.4945
vn 0.2457 0.8286 0.5030
vn 0.1851 0.9100 0.3710
vn 0.1871 0.9102 0.3696
vn 0.1086 0.9648 0.2394
vn 0.1239 0.9656 0.2287
vn 0.0561 0.9875 0.1473
vn 0.0801 0.9881 0.1311
vn 0.0652 0.9849 0.1605
vn 0.0879 0.9855 0.1454
vn 0.1135 0.9636 0.2419
vn 0.1285 0.9640 0.2326
vn 0.1570 0.9372 0.3114
vn 0.1642 0.9370 0.3083
vn 0.1894 0.9117 0.3646
vn 0.1903 0.9114 0.3648
vn 0.1996 0.9001 0.3873
vn 0.1997 0.9000 0.3874
vn 0.1998 0.9001 0.3872
vn 0.1998 0.9001 0.3871
vn 0.1998 0.9001 0.3873
vn 0.1997 0.9002 0.3870
vn 0.1998 0.9001 0.3870
vn 0.1999 0.9001 0.3871
vn 0.1999 0.9000 0.3872
vn 0.1999 0.9000 0.3873
vn 0.1996 0.9002 0.3870
vn 0.1997 0.9002 0.3869
vn 0.1778 0.9080 0.3795
vn 0.1751 0.9102 0.3753
vn 0.1277 0.9293 0.3464
vn 0.0633 0.9517 0.3005
vn -0.0120 0.9680 0.2507
vn -0.0250 0.9695 0.2439
vn 0.0576 0.9515 0.3022
vn 0.1800 0.9077 0.3791
vn 0.3009 0.8441 0.4437
vn 0.4034 0.7746 0.4872
vn 0.4922 0.7010 0.5160
vn 0.5754 0.6173 0.5366
vn 0.6536 0.5193 0.5505
vn 0.7280 0.3981 0.5582
vn 0.7950 0.2514 0.5520
vn 0.8458 0.0920 0.5255
vn 0.8767 -0.0643 0.4768
vn -0.3053 0.0669 0.9499
vn -0.2728 0.1770 0.9457
vn -0.2360 0.3060 0.9223
vn -0.1903 0.4430 0.8761
vn -0.1347 0.5708 0.8100
vn -0.0716 0.6736 0.7356
vn -0.0073 0.7515 0.6597
vn 0.0587 0.8122 0.5804
vn 0.1313 0.8640 0.4861
vn 0.2101 0.9066 0.3659
vn 0.2827 0.9298 0.2358
vn 0.3278 0.9339 0.1432
vn 0.3212 0.9340 0.1564
vn 0.2801 0.9292 0.2409
vn 0.2417 0.9178 0.3151
vn 0.2121 0.9053 0.3681
vn 0.1998 0.8999 0.3876
vn 0.1998 0.9000 0.3874
vn 0.1997 0.9001 0.3873
vn 0.1997 0.8999 0.3876
vn 0.2109 0.9059 0.3672
vn 0.2366 0.9203 0.3116
vn 0.2693 0.9342 0.2341
vn 0.3043 0.9413 0.1459
vn 0.3102 0.9417 0.1305
vn 0.2719 0.9353 0.2265
vn 0.2096 0.9079 0.3631
vn 0.1415 0.8597 0.4908
vn 0.0785 0.8017 0.5925
vn 0.0207 0.7344 0.6784
vn -0.0368 0.6491 0.7598
vn -0.0945 0.5384 0.8374
vn -0.1460 0.4055 0.9024
vn -0.1887 0.2691 0.9445
vn -0.2240 0.1460 0.9636
vn -0.2569 0.0448 0.9654
vn -0.3375 -0.0110 0.9413
vn -0.2918 -0.0248 0.9561
vn -0.4798 -0.7084 0.5177
vn 0.0194 0.5784 0.8155
vn -0.5095 -0.6902 0.5138
vn -0.5377 -0.6843 0.4926
vn -0.5849 -0.6506 0.4844
vn -0.6286 -0.6411 0.4403
vn -0.6806 -0.6002 0.4202
vn -0.7223 -0.5901 0.3606
vn -0.7581 -0.5598 0.3347
vn -0.7821 -0.5532 0.2868
vn -0.8104 -0.5261 0.2576
vn -0.8261 -0.5215 0.2135
vn -0.8515 -0.4924 0.1803
vn -0.8616 -0.4896 0.1339
vn -0.8861 -0.4540 0.0934
vn -0.8904 -0.4535 0.0397
vn -0.9075 -0.4201 0.0012
vn -0.9053 -0.4221 -0.0462
vn -0.9177 -0.3880 -0.0857
vn -0.4131 0.8834 0.2214
vn -0.9183 -0.3542 -0.1768
vn -0.9048 -0.3620 -0.2245
vn -0.9049 -0.3139 -0.2874
vn -0.8794 -0.3282 -0.3448
vn -0.8703 -0.2878 -0.3998
vn -0.8423 -0.3049 -0.4444
vn -0.8344 -0.2793 -0.4752
vn -0.8162 -0.2929 -0.4980
vn -0.8210 -0.2864 -0.4939
vn -0.8220 -0.2906 -0.4897
vn -0.8410 -0.3085 -0.4444
vn -0.3176 0.9477 -0.0323
vn -0.8659 -0.3008 -0.3997
vn -0.8682 -0.3035 -0.3925
vn -0.8639 -0.2806 -0.4182
vn -0.8513 -0.2900 -0.4373
vn -0.8357 -0.2547 -0.4865
vn -0.8098 -0.2703 -0.5208
vn -0.7825 -0.2334 -0.5773
vn -0.7477 -0.2539 -0.6136
vn -0.7202 -0.2245 -0.6564
vn -0.6894 -0.2451 -0.6816
vn -0.6961 -0.2394 -0.6768
vn -0.4964 0.5833 -0.6430
vn -0.6601 -0.2532 -0.7072
vn -0.3407 -0.9064 -0.2496
vn -0.6285 -0.2728 -0.7284
vn -0.5906 -0.2520 -0.7666
vn -0.5540 -0.2748 -0.7859
vn -0.5023 -0.2567 -0.8257
vn -0.4561 -0.2858 -0.8428
vn -0.4068 -0.2754 -0.8710
vn 0.4003 -0.9115 0.0943
vn 0.4379 -0.8966 0.0656
vn 0.8441 -0.2690 0.4639
vn 0.4061 -0.9006 0.1553
vn 0.8323 -0.1887 0.5212
vn 0.8142 -0.0706 0.5763
vn 0.7839 0.0795 0.6157
vn 0.7378 0.2336 0.6333
vn 0.6778 0.3778 0.6307
vn 0.6108 0.4998 0.6141
vn 0.5399 0.6005 0.5898
vn 0.4647 0.6877 0.5577
vn 0.3844 0.7653 0.5162
vn 0.2916 0.8396 0.4583
vn 0.1813 0.9080 0.3776
vn 0.0692 0.9560 0.2851
vn -0.0068 0.9762 0.2168
vn 0.0049 0.9744 0.2247
vn 0.0733 0.9564 0.2829
vn 0.1300 0.9331 0.3352
vn -0.4840 -0.6910 0.5369
vn -0.4380 -0.7005 0.5635
vn -0.2225 0.0053 0.9749
vn -0.3201 0.0221 0.9471
vn -0.5121 -0.6801 0.5247
vn 0.1998 0.9000 0.3873
vn 0.1998 0.9000 0.3875
vn 0.1997 0.9000 0.3875
vn 0.1997 0.9000 0.3876
vn 0.1997 0.8999 0.3877
vn 0.1996 0.8999 0.3878
vn 0.2116 0.9062 0.3662
vn 0.2112 0.9082 0.3614
vn 0.2297 0.9242 0.3051
vn 0.2220 0.9283 0.2982
vn 0.2497 0.9421 0.2239
vn 0.2331 0.9478 0.2175
vn 0.2734 0.9528 0.1320
vn 0.2476 0.9608 0.1245
vn 0.2771 0.9538 0.1164
vn 0.2496 0.9622 0.1086
vn 0.2510 0.9431 0.2181
vn 0.2332 0.9487 0.2135
vn 0.2093 0.9070 0.3654
vn 0.2058 0.9076 0.3660
vn 0.1659 0.8463 0.5062
vn 0.1763 0.8407 0.5120
vn 0.1292 0.7737 0.6202
vn 0.1512 0.7626 0.6290
vn 0.0940 0.6938 0.7140
vn 0.1263 0.6787 0.7234
vn 0.0521 0.6010 0.7975
vn 0.0945 0.5841 0.8062
vn -0.0016 0.4917 0.8708
vn 0.0514 0.4754 0.8783
vn -0.0665 0.3728 0.9255
vn -0.0037 0.3590 0.9333
vn -0.1347 0.2590 0.9564
vn -0.0633 0.2471 0.9669
vn -0.2010 0.1597 0.9665
vn -0.1215 0.1484 0.9814
vn -0.2630 0.0788 0.9616
vn -0.1750 0.0664 0.9823
vn -0.5374 -0.6723 0.5092
vn -0.3617 0.0216 0.9320
vn -0.5413 -0.6798 0.4947
vn -0.3045 0.0783 0.9493
vn -0.1023 -0.0194 0.9946
vn -0.0714 0.0491 0.9962
vn 0.0056 -0.0451 0.9990
vn 0.0219 0.0311 0.9993
vn 0.0484 0.1236 0.9912
vn -0.0323 0.1353 0.9903
vn 0.0807 0.2292 0.9700
vn 0.0123 0.2365 0.9715
vn 0.1152 0.3435 0.9321
vn 0.0588 0.3489 0.9353
vn 0.1462 0.4575 0.8771
vn 0.1013 0.4639 0.8801
vn 0.1682 0.5635 0.8088
vn 0.1332 0.5715 0.8097
vn 0.1822 0.6591 0.7296
vn 0.1556 0.6670 0.7286
vn 0.1906 0.7472 0.6367
vn 0.1717 0.7535 0.6346
vn 0.1956 0.8329 0.5176
vn 0.1862 0.8362 0.5159
vn 0.1978 0.9094 0.3659
vn 0.2016 0.9085 0.3661
vn 0.1958 0.9584 0.2077
vn 0.2138 0.9541 0.2097
vn 0.1921 0.9763 0.1000
vn 0.2197 0.9701 0.1027
vn 0.1934 0.9741 0.1171
vn 0.2194 0.9683 0.1192
vn 0.1974 0.9570 0.2126
vn 0.2146 0.9532 0.2131
vn 0.1968 0.9351 0.2946
vn 0.2090 0.9331 0.2927
vn 0.1957 0.9124 0.3595
vn 0.2029 0.9121 0.3562
vn 0.1947 0.9112 0.3629
vn 0.1943 0.9111 0.3635
vn 0.1922 0.9114 0.3638
vn 0.1822 0.9360 0.3012
vn 0.1730 0.9368 0.3041
vn 0.1653 0.9619 0.2177
vn 0.1466 0.9636 0.2237
vn 0.1442 0.9820 0.1224
vn 0.1155 0.9845 0.1317
vn 0.1397 0.9845 0.1060
vn 0.1094 0.9871 0.1167
vn 0.1619 0.9638 0.2119
vn 0.1426 0.9652 0.2193
vn 0.1921 0.9101 0.3671
vn 0.1896 0.9100 0.3687
vn 0.2175 0.8288 0.5156
vn 0.2317 0.8279 0.5108
vn 0.2338 0.7396 0.6312
vn 0.2618 0.7386 0.6213
vn 0.2431 0.6503 0.7198
vn 0.2829 0.6496 0.7057
vn 0.2468 0.5558 0.7939
vn 0.2986 0.5557 0.7759
vn 0.2447 0.4535 0.8570
vn 0.3099 0.4547 0.8350
vn 0.2360 0.3406 0.9101
vn 0.3166 0.3415 0.8850
vn 0.2233 0.2204 0.9495
vn 0.3192 0.2172 0.9225
vn 0.2099 0.1027 0.9723
vn 0.3187 0.0918 0.9434
vn 0.1995 -0.0059 0.9799
vn 0.3173 -0.0265 0.9479
vn 0.1981 -0.0972 0.9753
vn 0.3206 -0.1258 0.9388
vn 0.1061 0.0134 0.9943
vn 0.0986 -0.0702 0.9926
vn 0.1241 0.1133 0.9858
vn 0.1472 0.2244 0.9633
vn 0.1714 0.3412 0.9242
vn 0.1920 0.4544 0.8699
vn 0.2046 0.5584 0.8039
vn 0.2104 0.6536 0.7270
vn 0.2106 0.7425 0.6358
vn 0.2057 0.8305 0.5176
vn 0.1949 0.9099 0.3663
vn 0.1792 0.9615 0.2084
vn 0.1665 0.9809 0.1009
vn 0.1694 0.9785 0.1180
vn 0.1817 0.9597 0.2144
vn 0.1892 0.9354 0.2988
vn -0.2444 0.1621 0.9560
vn -0.1806 0.2661 0.9469
vn -0.1134 0.3854 0.9158
vn -0.0462 0.5086 0.8598
vn 0.0138 0.6189 0.7853
vn 0.0641 0.7094 0.7019
vn 0.1090 0.7850 0.6099
vn 0.1565 0.8520 0.4996
vn 0.2113 0.9071 0.3640
vn 0.2637 0.9388 0.2217
vn 0.2965 0.9470 0.1232
vn 0.2916 0.9464 0.1393
vn 0.2613 0.9376 0.2294
vn 0.2335 0.9220 0.3087
vn 0.2107 0.9061 0.3668
vn 0.1996 0.9000 0.3874
vn 0.8413 0.4065 0.3564
vn 0.4401 -0.8978 0.0171
vn 0.4318 -0.9020 0.0046
vn 0.8429 0.3979 0.3621
vn 0.4148 -0.9087 0.0471
vn 0.4208 -0.9062 0.0428
vn 0.4226 -0.9057 0.0335
vn 0.4465 -0.8948 0.0063
vn 0.4488 -0.8932 -0.0285
vn 0.4800 -0.8743 -0.0728
vn 0.4757 -0.8710 -0.1226
vn 0.5033 -0.8463 -0.1745
vn 0.4887 -0.8426 -0.2261
vn 0.5061 -0.8192 -0.2699
vn 0.4877 -0.8159 -0.3106
vn 0.4998 -0.7904 -0.3543
vn 0.4770 -0.7860 -0.3933
vn 0.4839 -0.7550 -0.4425
vn 0.4538 -0.7473 -0.4854
vn 0.4518 -0.7067 -0.5445
vn 0.4077 -0.6925 -0.5952
vn 0.3962 -0.6578 -0.6406
vn 0.3548 -0.6431 -0.6786
vn 0.3386 -0.6139 -0.7130
vn 0.3009 -0.6003 -0.7410
vn 0.2823 -0.5748 -0.7681
vn 0.2472 -0.5636 -0.7882
vn 0.2263 -0.5386 -0.8116
vn 0.1914 -0.5313 -0.8253
vn 0.1716 -0.5089 -0.8436
vn 0.1392 -0.5043 -0.8523
vn 0.1265 -0.4904 -0.8623
vn 0.1054 -0.4873 -0.8668
vn 0.5194 0.7708 -0.3690
vn 0.1039 -0.4846 -0.8685
vn 0.5352 0.7582 -0.3724
vn 0.1415 -0.4988 -0.8551
vn 0.1326 -0.4952 -0.8586
vn 0.1217 -0.4838 -0.8667
vn 0.0908 -0.4591 -0.8837
vn 0.0484 -0.4446 -0.8944
vn 0.0011 -0.4075 -0.9132
vn -0.0625 -0.3957 -0.9163
vn -0.1147 -0.3574 -0.9269
vn -0.1822 -0.3525 -0.9179
vn -0.2240 -0.3235 -0.9193
vn -0.2774 -0.3240 -0.9045
vn -0.3166 -0.2975 -0.9007
vn -0.3656 -0.3025 -0.8803
vn -0.3975 -0.7221 0.5661
vn -0.3430 -0.7303 0.5908
vn -0.3036 -0.7536 0.5830
vn -0.2581 -0.7598 0.5967
vn -0.2309 -0.7804 0.5811
vn -0.1828 -0.7838 0.5936
vn -0.1587 -0.8044 0.5724
vn -0.1011 -0.8071 0.5816
vn -0.0750 -0.8299 0.5529
vn 0.0002 -0.8315 0.5556
vn 0.0331 -0.8574 0.5136
vn 0.1041 -0.8539 0.5099
vn 0.1395 -0.8753 0.4630
vn 0.1871 -0.8906 0.4144
vn 0.2041 -0.9075 0.3672
vn 0.2654 -0.9004 0.3448
vn 0.2762 -0.9154 0.2930
vn 0.3441 -0.9028 0.2578
vn 0.3480 -0.9172 0.1943
vn -0.4767 -0.7069 0.5225
vn -0.5137 -0.7041 0.4903
vn -0.3265 -0.0039 0.9452
vn -0.5376 -0.6764 0.5035
vn -0.2794 0.0577 0.9584
vn -0.2330 0.1492 0.9610
vn -0.1841 0.2625 0.9472
vn -0.1299 0.3912 0.9111
vn -0.0709 0.5212 0.8505
vn -0.0119 0.6333 0.7738
vn 0.0423 0.7221 0.6905
vn 0.0940 0.7940 0.6006
vn 0.1495 0.8566 0.4939
vn 0.2110 0.9081 0.3618
vn 0.2683 0.9373 0.2223
vn 0.3036 0.9444 0.1258
vn 0.2979 0.9438 0.1429
vn 0.2652 0.9358 0.2322
vn 0.2347 0.9212 0.3104
vn 0.2105 0.9061 0.3669
vn 0.1996 0.9000 0.3876
# 1343 vertex normals

vt 0.0181 0.5289 0.5000
vt 0.0205 0.5279 0.5000
vt 0.0209 0.5293 0.5000
vt 0.0182 0.5301 0.5000
vt 0.0229 0.5269 0.5000
vt 0.0235 0.5283 0.5000
vt 0.0252 0.5257 0.5000
vt 0.0260 0.5271 0.5000
vt 0.0274 0.5243 0.5000
vt 0.0283 0.5255 0.5000
vt 0.0293 0.5268 0.5000
vt 0.0268 0.5285 0.5000
vt 0.0295 0.5228 0.5000
vt 0.0305 0.5237 0.5000
vt 0.0315 0.5247 0.5000
vt 0.0336 0.5195 0.5000
vt 0.0346 0.5198 0.5000
vt 0.0326 0.5218 0.5000
vt 0.0316 0.5211 0.5000
vt 0.3218 0.0165 0.0000
vt 0.3218 0.0189 0.0000
vt 0.3315 0.0189 0.0000
vt 0.3315 0.0165 0.0000
vt 0.3218 0.0213 0.0000
vt 0.3315 0.0213 0.0000
vt 0.3218 0.0240 0.0000
vt 0.3315 0.0240 0.0000
vt 0.3218 0.0269 0.0000
vt 0.3315 0.0269 0.0000
vt 0.3218 0.0303 0.0000
vt 0.3315 0.0303 0.0000
vt 0.3218 0.0343 0.0000
vt 0.3315 0.0343 0.0000
vt 0.3218 0.0394 0.0000
vt 0.3315 0.0394 0.0000
vt 0.3218 0.0460 0.0000
vt 0.3315 0.0460 0.0000
vt 0.3218 0.0542 0.0000
vt 0.3315 0.0542 0.0000
vt 0.3315 0.0640 0.0000
vt 0.3297 0.0542 0.0000
vt 0.3218 0.0640 0.0000
vt 0.3218 0.0750 0.0000
vt 0.3315 0.0750 0.0000
vt 0.3115 0.0542 0.0000
vt 0.3115 0.0640 0.0000
vt 0.3115 0.0750 0.0000
vt 0.2999 0.0542 0.0000
vt 0.2999 0.0640 0.0000
vt 0.2999 0.0750 0.0000
vt 0.2865 0.0542 0.0000
vt 0.2865 0.0640 0.0000
vt 0.2865 0.0750 0.0000
vt 0.2706 0.0542 0.0000
vt 0.2706 0.0640 0.0000
vt 0.2706 0.0750 0.0000
vt 0.2528 0.0542 0.0000
vt 0.2528 0.0640 0.0000
vt 0.2528 0.0750 0.0000
vt 0.2337 0.0542 0.0000
vt 0.2337 0.0640 0.0000
vt 0.2337 0.0750 0.0000
vt 0.2141 0.0542 0.0000
vt 0.2141 0.0640 0.0000
vt 0.2141 0.0750 0.0000
vt 0.1944 0.0542 0.0000
vt 0.1944 0.0640 0.0000
vt 0.1944 0.0750 0.0000
vt 0.1754 0.0542 0.0000
vt 0.1754 0.0640 0.0000
vt 0.1754 0.0750 0.0000
vt 0.1576 0.0640 0.0000
vt 0.1576 0.0750 0.0000
vt 0.1576 0.0870 0.0000
vt 0.1754 0.0870 0.0000
vt 0.1418 0.0640 0.0000
vt 0.1418 0.0750 0.0000
vt 0.1418 0.0870 0.0000
vt 0.1285 0.0640 0.0000
vt 0.1285 0.0750 0.0000
vt 0.1285 0.0870 0.0000
vt 0.1171 0.0750 0.0000
vt 0.1171 0.0870 0.0000
vt 0.1171 0.0998 0.0000
vt 0.1285 0.0998 0.0000
vt 0.1070 0.0750 0.0000
vt 0.1070 0.0870 0.0000
vt 0.1070 0.0998 0.0000
vt 0.0975 0.0750 0.0000
vt 0.0975 0.0870 0.0000
vt 0.0975 0.0998 0.0000
vt 0.0880 0.0750 0.0000
vt 0.0880 0.0870 0.0000
vt 0.0880 0.0998 0.0000
vt 0.0785 0.0749 0.0000
vt 0.0785 0.0869 0.0000
vt 0.0785 0.0997 0.0000
vt 0.0690 0.0746 0.0000
vt 0.0690 0.0864 0.0000
vt 0.0690 0.0994 0.0000
vt 0.0595 0.0742 0.0000
vt 0.0595 0.0851 0.0000
vt 0.0595 0.0990 0.0000
vt 0.9699 0.0746 0.0000
vt 0.9699 0.0864 0.0000
vt 0.9894 0.0851 0.0000
vt 0.9894 0.0742 0.0000
vt 0.9699 0.0994 0.0000
vt 0.9894 0.0990 0.0000
vt 0.9504 0.0749 0.0000
vt 0.9504 0.0869 0.0000
vt 0.9504 0.0997 0.0000
vt 0.9308 0.0750 0.0000
vt 0.9308 0.0870 0.0000
vt 0.9308 0.0998 0.0000
vt 0.9113 0.0750 0.0000
vt 0.9113 0.0870 0.0000
vt 0.9113 0.0998 0.0000
vt 0.8917 0.0750 0.0000
vt 0.8917 0.0870 0.0000
vt 0.8917 0.0998 0.0000
vt 0.8727 0.0750 0.0000
vt 0.8727 0.0870 0.0000
vt 0.8727 0.0998 0.0000
vt 0.8549 0.0750 0.0000
vt 0.8549 0.0870 0.0000
vt 0.8549 0.0998 0.0000
vt 0.8391 0.0750 0.0000
vt 0.8391 0.0870 0.0000
vt 0.8727 0.0640 0.0000
vt 0.8549 0.0640 0.0000
vt 0.8727 0.0542 0.0000
vt 0.8549 0.0542 0.0000
vt 0.8727 0.0460 0.0000
vt 0.8549 0.0460 0.0000
vt 0.8727 0.0394 0.0000
vt 0.8549 0.0394 0.0000
vt 0.8727 0.0343 0.0000
vt 0.8549 0.0343 0.0000
vt 0.8727 0.0303 0.0000
vt 0.8549 0.0303 0.0000
vt 0.8917 0.0394 0.0000
vt 0.8917 0.0343 0.0000
vt 0.8917 0.0303 0.0000
vt 0.9113 0.0343 0.0000
vt 0.9113 0.0303 0.0000
vt 0.9113 0.0269 0.0000
vt 0.8917 0.0269 0.0000
vt 0.9309 0.0303 0.0000
vt 0.9309 0.0269 0.0000
vt 0.9309 0.0240 0.0000
vt 0.9113 0.0240 0.0000
vt 0.9504 0.0269 0.0000
vt 0.9504 0.0239 0.0000
vt 0.9504 0.0213 0.0000
vt 0.9309 0.0213 0.0000
vt 0.9699 0.0266 0.0000
vt 0.9699 0.0238 0.0000
vt 0.9699 0.0213 0.0000
vt 0.9894 0.0259 0.0000
vt 0.9894 0.0236 0.0000
vt 0.9894 0.0212 0.0000
vt 0.0690 0.0266 0.0000
vt 0.0690 0.0238 0.0000
vt 0.0595 0.0236 0.0000
vt 0.0595 0.0260 0.0000
vt 0.0690 0.0213 0.0000
vt 0.0595 0.0212 0.0000
vt 0.0785 0.0269 0.0000
vt 0.0785 0.0239 0.0000
vt 0.0785 0.0213 0.0000
vt 0.0880 0.0269 0.0000
vt 0.0880 0.0240 0.0000
vt 0.0880 0.0213 0.0000
vt 0.0975 0.0269 0.0000
vt 0.0975 0.0240 0.0000
vt 0.0975 0.0214 0.0000
vt 0.1070 0.0240 0.0000
vt 0.1070 0.0214 0.0000
vt 0.1070 0.0189 0.0000
vt 0.0975 0.0189 0.0000
vt 0.1170 0.0214 0.0000
vt 0.1168 0.0189 0.0000
vt 0.1164 0.0165 0.0000
vt 0.1070 0.0165 0.0000
vt 0.0162 0.5278 0.5000
vt 0.0180 0.5265 0.5000
vt 0.0181 0.5277 0.5000
vt 0.0159 0.5288 0.5000
vt 0.0198 0.5252 0.5000
vt 0.0202 0.5266 0.5000
vt 0.0216 0.5239 0.5000
vt 0.0223 0.5254 0.5000
vt 0.0235 0.5227 0.5000
vt 0.0244 0.5242 0.5000
vt 0.0255 0.5217 0.5000
vt 0.0264 0.5230 0.5000
vt 0.0273 0.5240 0.5000
vt 0.0252 0.5253 0.5000
vt 0.0275 0.5208 0.5000
vt 0.0285 0.5218 0.5000
vt 0.0305 0.5205 0.5000
vt 0.3012 0.0189 0.0000
vt 0.3002 0.0213 0.0000
vt 0.3116 0.0213 0.0000
vt 0.3118 0.0189 0.0000
vt 0.2999 0.0240 0.0000
vt 0.3115 0.0240 0.0000
vt 0.2999 0.0269 0.0000
vt 0.3115 0.0269 0.0000
vt 0.2999 0.0303 0.0000
vt 0.3115 0.0303 0.0000
vt 0.2999 0.0343 0.0000
vt 0.3115 0.0343 0.0000
vt 0.2999 0.0394 0.0000
vt 0.3115 0.0394 0.0000
vt 0.2999 0.0460 0.0000
vt 0.3115 0.0460 0.0000
vt 0.2865 0.0394 0.0000
vt 0.2865 0.0460 0.0000
vt 0.2706 0.0394 0.0000
vt 0.2706 0.0460 0.0000
vt 0.2528 0.0394 0.0000
vt 0.2528 0.0460 0.0000
vt 0.2337 0.0394 0.0000
vt 0.2337 0.0460 0.0000
vt 0.2141 0.0394 0.0000
vt 0.2141 0.0460 0.0000
vt 0.1944 0.0394 0.0000
vt 0.1944 0.0460 0.0000
vt 0.1754 0.0394 0.0000
vt 0.1754 0.0460 0.0000
vt 0.1576 0.0394 0.0000
vt 0.1576 0.0460 0.0000
vt 0.1576 0.0542 0.0000
vt 0.1418 0.0460 0.0000
vt 0.1418 0.0542 0.0000
vt 0.1285 0.0460 0.0000
vt 0.1285 0.0542 0.0000
vt 0.1171 0.0460 0.0000
vt 0.1171 0.0542 0.0000
vt 0.1171 0.0640 0.0000
vt 0.1070 0.0542 0.0000
vt 0.1070 0.0640 0.0000
vt 0.0975 0.0542 0.0000
vt 0.0975 0.0640 0.0000
vt 0.0880 0.0542 0.0000
vt 0.0880 0.0640 0.0000
vt 0.0785 0.0540 0.0000
vt 0.0785 0.0639 0.0000
vt 0.0690 0.0534 0.0000
vt 0.0690 0.0637 0.0000
vt 0.0595 0.0525 0.0000
vt 0.0595 0.0634 0.0000
vt 0.9699 0.0533 0.0000
vt 0.9699 0.0637 0.0000
vt 0.9894 0.0633 0.0000
vt 0.9894 0.0525 0.0000
vt 0.9504 0.0540 0.0000
vt 0.9504 0.0639 0.0000
vt 0.9309 0.0542 0.0000
vt 0.9309 0.0640 0.0000
vt 0.9113 0.0542 0.0000
vt 0.9113 0.0640 0.0000
vt 0.8917 0.0542 0.0000
vt 0.8917 0.0640 0.0000
vt 0.9113 0.0460 0.0000
vt 0.8917 0.0460 0.0000
vt 0.9113 0.0394 0.0000
vt 0.9309 0.0460 0.0000
vt 0.9309 0.0394 0.0000
vt 0.9309 0.0343 0.0000
vt 0.9504 0.0392 0.0000
vt 0.9504 0.0342 0.0000
vt 0.9504 0.0302 0.0000
vt 0.9699 0.0340 0.0000
vt 0.9699 0.0301 0.0000
vt 0.9894 0.0338 0.0000
vt 0.9894 0.0299 0.0000
vt 0.9862 0.0265 0.0000
vt 0.0690 0.0341 0.0000
vt 0.0690 0.0301 0.0000
vt 0.0595 0.0299 0.0000
vt 0.0595 0.0338 0.0000
vt 0.0785 0.0343 0.0000
vt 0.0785 0.0302 0.0000
vt 0.0880 0.0343 0.0000
vt 0.0880 0.0303 0.0000
vt 0.0975 0.0343 0.0000
vt 0.0975 0.0303 0.0000
vt 0.1070 0.0343 0.0000
vt 0.1070 0.0303 0.0000
vt 0.1070 0.0269 0.0000
vt 0.1171 0.0303 0.0000
vt 0.1171 0.0269 0.0000
vt 0.1171 0.0240 0.0000
vt 0.1285 0.0269 0.0000
vt 0.1285 0.0240 0.0000
vt 0.1282 0.0214 0.0000
vt 0.1418 0.0240 0.0000
vt 0.1413 0.0214 0.0000
vt 0.1399 0.0189 0.0000
vt 0.1272 0.0189 0.0000
vt 0.1573 0.0214 0.0000
vt 0.1564 0.0189 0.0000
vt 0.1354 0.0165 0.0000
vt 0.1435 0.0157 0.0000
vt 0.1305 0.0134 0.0000
vt 0.1241 0.0153 0.0000
vt 0.1551 0.0165 0.0000
vt 0.1751 0.0189 0.0000
vt 0.1747 0.0165 0.0000
vt 0.1720 0.0148 0.0000
vt 0.1526 0.0150 0.0000
vt 0.1944 0.0189 0.0000
vt 0.1944 0.0165 0.0000
vt 0.0195 0.5238 0.5000
vt 0.0209 0.5223 0.5000
vt 0.2141 0.0189 0.0000
vt 0.2140 0.0165 0.0000
vt 0.0224 0.5209 0.5000
vt 0.2531 0.0189 0.0000
vt 0.2534 0.0165 0.0000
vt 0.2337 0.0165 0.0000
vt 0.2337 0.0189 0.0000
vt 0.0265 0.5198 0.5000
vt 0.0245 0.5203 0.5000
vt 0.2718 0.0189 0.0000
vt 0.2731 0.0165 0.0000
vt 0.2786 0.0147 0.0000
vt 0.2864 0.0133 0.0000
vt 0.2666 0.0128 0.0000
vt 0.2596 0.0144 0.0000
vt 0.2884 0.0189 0.0000
vt 0.2927 0.0165 0.0000
vt 0.2980 0.0144 0.0000
vt 0.2865 0.0151 0.0000
vt 0.3024 0.0165 0.0000
vt 0.2709 0.0214 0.0000
vt 0.2870 0.0213 0.0000
vt 0.2706 0.0240 0.0000
vt 0.2865 0.0240 0.0000
vt 0.2706 0.0269 0.0000
vt 0.2865 0.0269 0.0000
vt 0.2706 0.0303 0.0000
vt 0.2865 0.0303 0.0000
vt 0.2706 0.0343 0.0000
vt 0.2865 0.0343 0.0000
vt 0.2528 0.0303 0.0000
vt 0.2528 0.0343 0.0000
vt 0.2337 0.0303 0.0000
vt 0.2337 0.0343 0.0000
vt 0.2141 0.0303 0.0000
vt 0.2141 0.0343 0.0000
vt 0.2109 0.0303 0.0000
vt 0.1944 0.0303 0.0000
vt 0.1944 0.0343 0.0000
vt 0.1754 0.0303 0.0000
vt 0.1754 0.0343 0.0000
vt 0.1576 0.0303 0.0000
vt 0.1576 0.0343 0.0000
vt 0.1418 0.0303 0.0000
vt 0.1418 0.0343 0.0000
vt 0.1418 0.0394 0.0000
vt 0.1285 0.0343 0.0000
vt 0.1285 0.0394 0.0000
vt 0.1171 0.0343 0.0000
vt 0.1171 0.0394 0.0000
vt 0.1070 0.0394 0.0000
vt 0.1070 0.0460 0.0000
vt 0.0975 0.0394 0.0000
vt 0.0975 0.0460 0.0000
vt 0.0880 0.0394 0.0000
vt 0.0880 0.0460 0.0000
vt 0.0785 0.0392 0.0000
vt 0.0785 0.0456 0.0000
vt 0.0690 0.0386 0.0000
vt 0.0690 0.0447 0.0000
vt 0.0595 0.0377 0.0000
vt 0.0595 0.0416 0.0000
vt 0.9699 0.0386 0.0000
vt 0.9699 0.0446 0.0000
vt 0.9894 0.0416 0.0000
vt 0.9894 0.0377 0.0000
vt 0.9504 0.0456 0.0000
vt 0.0768 0.0346 0.0000
vt 0.1285 0.0303 0.0000
vt 0.1418 0.0269 0.0000
vt 0.1576 0.0269 0.0000
vt 0.1576 0.0240 0.0000
vt 0.1754 0.0269 0.0000
vt 0.1754 0.0240 0.0000
vt 0.1753 0.0214 0.0000
vt 0.1944 0.0240 0.0000
vt 0.1944 0.0214 0.0000
vt 0.2141 0.0240 0.0000
vt 0.2141 0.0214 0.0000
vt 0.2337 0.0240 0.0000
vt 0.2337 0.0214 0.0000
vt 0.2529 0.0214 0.0000
vt 0.2528 0.0240 0.0000
vt 0.2337 0.0269 0.0000
vt 0.2528 0.0269 0.0000
vt 0.2141 0.0269 0.0000
vt 0.1944 0.0269 0.0000
vt 0.1382 0.0187 0.0000
vt 0.1341 0.0172 0.0000
vt 0.1258 0.0168 0.0000
vt 0.9467 0.0392 0.0000
vt 0.2347 0.0148 0.0000
vt 0.2161 0.0147 0.0000
vt 0.8391 0.0343 0.0000
vt 0.8391 0.0394 0.0000
vt 0.8391 0.0460 0.0000
vt 0.8391 0.0542 0.0000
vt 0.8391 0.0640 0.0000
vt 0.2104 0.0460 0.0000
vt 0.3412 0.0640 0.0000
vt 0.3412 0.0542 0.0000
vt 0.3412 0.0460 0.0000
vt 0.3412 0.0394 0.0000
vt 0.3412 0.0343 0.0000
vt 0.3412 0.0303 0.0000
vt 0.3412 0.0269 0.0000
vt 0.3412 0.0240 0.0000
vt 0.3412 0.0213 0.0000
vt 0.3412 0.0189 0.0000
vt 0.0218 0.5337 0.5000
vt 0.0255 0.5332 0.5000
vt 0.0257 0.5355 0.5000
vt 0.0218 0.5356 0.5000
vt 0.0289 0.5320 0.5000
vt 0.0305 0.5349 0.5000
vt 0.0316 0.5297 0.5000
vt 0.0335 0.5310 0.5000
vt 0.0339 0.5267 0.5000
vt 0.0355 0.5277 0.5000
vt 0.0358 0.5237 0.5000
vt 0.0372 0.5244 0.5000
vt 0.0369 0.5239 0.5000
vt 0.0376 0.5206 0.5000
vt 0.0387 0.5209 0.5000
vt 0.3718 0.0165 0.0000
vt 0.3605 0.0165 0.0000
vt 0.3617 0.0189 0.0000
vt 0.3742 0.0189 0.0000
vt 0.3625 0.0213 0.0000
vt 0.3755 0.0213 0.0000
vt 0.3628 0.0240 0.0000
vt 0.3759 0.0240 0.0000
vt 0.3628 0.0269 0.0000
vt 0.3759 0.0269 0.0000
vt 0.3628 0.0303 0.0000
vt 0.3759 0.0303 0.0000
vt 0.3628 0.0343 0.0000
vt 0.3759 0.0343 0.0000
vt 0.3628 0.0394 0.0000
vt 0.3759 0.0394 0.0000
vt 0.3628 0.0460 0.0000
vt 0.3759 0.0460 0.0000
vt 0.3628 0.0542 0.0000
vt 0.3759 0.0542 0.0000
vt 0.3628 0.0640 0.0000
vt 0.3759 0.0640 0.0000
vt 0.3628 0.0750 0.0000
vt 0.3759 0.0750 0.0000
vt 0.3628 0.0870 0.0000
vt 0.3759 0.0870 0.0000
vt 0.3628 0.0998 0.0000
vt 0.3759 0.0998 0.0000
vt 0.3628 0.1139 0.0000
vt 0.3759 0.1139 0.0000
vt 0.3628 0.1300 0.0000
vt 0.3759 0.1300 0.0000
vt 0.3514 0.0998 0.0000
vt 0.3514 0.1139 0.0000
vt 0.3514 0.1300 0.0000
vt 0.3412 0.0998 0.0000
vt 0.3412 0.1139 0.0000
vt 0.3412 0.1300 0.0000
vt 0.3315 0.0998 0.0000
vt 0.3315 0.1139 0.0000
vt 0.3315 0.1300 0.0000
vt 0.3218 0.0998 0.0000
vt 0.3218 0.1139 0.0000
vt 0.3218 0.1301 0.0000
vt 0.3115 0.0998 0.0000
vt 0.3115 0.1139 0.0000
vt 0.3115 0.1301 0.0000
vt 0.2999 0.0998 0.0000
vt 0.2999 0.1139 0.0000
vt 0.2999 0.1301 0.0000
vt 0.2865 0.0998 0.0000
vt 0.2865 0.1139 0.0000
vt 0.2865 0.1301 0.0000
vt 0.2706 0.0998 0.0000
vt 0.2706 0.1139 0.0000
vt 0.2706 0.1301 0.0000
vt 0.2528 0.0998 0.0000
vt 0.2528 0.1139 0.0000
vt 0.2528 0.1301 0.0000
vt 0.2337 0.0998 0.0000
vt 0.2337 0.1139 0.0000
vt 0.2337 0.1301 0.0000
vt 0.2141 0.0998 0.0000
vt 0.2141 0.1139 0.0000
vt 0.2141 0.1301 0.0000
vt 0.1944 0.1139 0.0000
vt 0.1944 0.1301 0.0000
vt 0.1944 0.1487 0.0000
vt 0.2141 0.1487 0.0000
vt 0.1754 0.1139 0.0000
vt 0.1754 0.1301 0.0000
vt 0.1754 0.1487 0.0000
vt 0.1576 0.1139 0.0000
vt 0.1576 0.1301 0.0000
vt 0.1576 0.1487 0.0000
vt 0.1418 0.1301 0.0000
vt 0.1418 0.1487 0.0000
vt 0.1418 0.1706 0.0000
vt 0.1576 0.1706 0.0000
vt 0.1285 0.1301 0.0000
vt 0.1285 0.1487 0.0000
vt 0.1285 0.1706 0.0000
vt 0.1171 0.1301 0.0000
vt 0.1171 0.1487 0.0000
vt 0.1171 0.1706 0.0000
vt 0.1070 0.1301 0.0000
vt 0.1070 0.1487 0.0000
vt 0.1070 0.1706 0.0000
vt 0.0975 0.1301 0.0000
vt 0.0975 0.1487 0.0000
vt 0.0975 0.1706 0.0000
vt 0.0880 0.1300 0.0000
vt 0.0880 0.1487 0.0000
vt 0.0880 0.1706 0.0000
vt 0.0785 0.1297 0.0000
vt 0.0785 0.1481 0.0000
vt 0.0785 0.1702 0.0000
vt 0.0690 0.1285 0.0000
vt 0.0690 0.1463 0.0000
vt 0.0690 0.1690 0.0000
vt 0.0595 0.1269 0.0000
vt 0.0595 0.1408 0.0000
vt 0.0595 0.1674 0.0000
vt 0.9699 0.1285 0.0000
vt 0.9699 0.1464 0.0000
vt 0.9894 0.1408 0.0000
vt 0.9894 0.1269 0.0000
vt 0.9699 0.1690 0.0000
vt 0.9894 0.1674 0.0000
vt 0.9504 0.1297 0.0000
vt 0.9504 0.1481 0.0000
vt 0.9504 0.1702 0.0000
vt 0.9308 0.1301 0.0000
vt 0.9308 0.1487 0.0000
vt 0.9309 0.1706 0.0000
vt 0.9113 0.1301 0.0000
vt 0.9113 0.1487 0.0000
vt 0.9113 0.1706 0.0000
vt 0.8917 0.1301 0.0000
vt 0.8917 0.1487 0.0000
vt 0.8917 0.1706 0.0000
vt 0.8727 0.1301 0.0000
vt 0.8727 0.1487 0.0000
vt 0.8727 0.1706 0.0000
vt 0.8550 0.1301 0.0000
vt 0.8550 0.1487 0.0000
vt 0.8550 0.1706 0.0000
vt 0.8391 0.1301 0.0000
vt 0.8391 0.1487 0.0000
vt 0.8391 0.1706 0.0000
vt 0.8258 0.1301 0.0000
vt 0.8258 0.1487 0.0000
vt 0.8144 0.1301 0.0000
vt 0.8144 0.1487 0.0000
vt 0.8144 0.1706 0.0000
vt 0.8258 0.1706 0.0000
vt 0.8043 0.1301 0.0000
vt 0.8043 0.1487 0.0000
vt 0.8043 0.1706 0.0000
vt 0.7948 0.1301 0.0000
vt 0.7948 0.1487 0.0000
vt 0.8144 0.1139 0.0000
vt 0.8042 0.1139 0.0000
vt 0.8144 0.0998 0.0000
vt 0.8042 0.0998 0.0000
vt 0.8144 0.0870 0.0000
vt 0.8042 0.0870 0.0000
vt 0.8144 0.0750 0.0000
vt 0.8042 0.0750 0.0000
vt 0.8143 0.0640 0.0000
vt 0.8042 0.0640 0.0000
vt 0.8143 0.0542 0.0000
vt 0.8042 0.0542 0.0000
vt 0.8143 0.0460 0.0000
vt 0.8042 0.0460 0.0000
vt 0.8143 0.0394 0.0000
vt 0.8042 0.0394 0.0000
vt 0.8143 0.0343 0.0000
vt 0.8042 0.0343 0.0000
vt 0.8143 0.0303 0.0000
vt 0.8042 0.0303 0.0000
vt 0.8143 0.0269 0.0000
vt 0.8042 0.0269 0.0000
vt 0.8143 0.0240 0.0000
vt 0.8042 0.0240 0.0000
vt 0.8142 0.0214 0.0000
vt 0.8042 0.0214 0.0000
vt 0.8140 0.0189 0.0000
vt 0.8042 0.0189 0.0000
vt 0.7947 0.0189 0.0000
vt 0.7947 0.0214 0.0000
vt 0.8257 0.0240 0.0000
vt 0.8254 0.0214 0.0000
vt 0.8245 0.0189 0.0000
vt 0.8390 0.0240 0.0000
vt 0.8386 0.0214 0.0000
vt 0.8371 0.0189 0.0000
vt 0.8549 0.0240 0.0000
vt 0.8546 0.0214 0.0000
vt 0.8536 0.0189 0.0000
vt 0.8726 0.0214 0.0000
vt 0.8724 0.0189 0.0000
vt 0.8721 0.0165 0.0000
vt 0.8524 0.0165 0.0000
vt 0.0180 0.5445 0.5000
vt 0.0181 0.5421 0.5000
vt 0.0201 0.5432 0.5000
vt 0.0195 0.5460 0.5000
vt 0.0165 0.5430 0.5000
vt 0.0159 0.5410 0.5000
vt 0.0154 0.5390 0.5000
vt 0.0181 0.5398 0.5000
vt 0.0151 0.5366 0.5000
vt 0.0148 0.5345 0.5000
vt 0.0180 0.5354 0.5000
vt 0.0181 0.5375 0.5000
vt 0.0209 0.5384 0.5000
vt 0.0206 0.5408 0.5000
vt 0.0146 0.5339 0.5000
vt 0.0182 0.5339 0.5000
vt 0.0181 0.5355 0.5000
vt 0.0143 0.5349 0.5000
vt 0.0149 0.5329 0.5000
vt 0.0184 0.5329 0.5000
vt 0.0182 0.5326 0.5000
vt 0.0216 0.5321 0.5000
vt 0.0182 0.5313 0.5000
vt 0.0212 0.5306 0.5000
vt 0.0241 0.5297 0.5000
vt 0.0248 0.5313 0.5000
vt 0.0278 0.5301 0.5000
vt 0.0303 0.5281 0.5000
vt 0.0326 0.5257 0.5000
vt 0.0336 0.5224 0.5000
vt 0.0347 0.5231 0.5000
vt 0.0356 0.5200 0.5000
vt 0.0366 0.5203 0.5000
vt 0.3412 0.0165 0.0000
vt 0.3511 0.0189 0.0000
vt 0.3508 0.0165 0.0000
vt 0.3513 0.0213 0.0000
vt 0.3514 0.0240 0.0000
vt 0.3514 0.0269 0.0000
vt 0.3514 0.0303 0.0000
vt 0.3514 0.0343 0.0000
vt 0.3514 0.0394 0.0000
vt 0.3514 0.0460 0.0000
vt 0.3514 0.0542 0.0000
vt 0.3514 0.0640 0.0000
vt 0.3412 0.0750 0.0000
vt 0.3514 0.0750 0.0000
vt 0.3412 0.0870 0.0000
vt 0.3514 0.0870 0.0000
vt 0.3315 0.0870 0.0000
vt 0.3218 0.0870 0.0000
vt 0.3115 0.0870 0.0000
vt 0.2999 0.0870 0.0000
vt 0.2865 0.0870 0.0000
vt 0.2706 0.0870 0.0000
vt 0.2528 0.0870 0.0000
vt 0.2337 0.0870 0.0000
vt 0.2141 0.0870 0.0000
vt 0.1944 0.0870 0.0000
vt 0.1944 0.0998 0.0000
vt 0.1754 0.0998 0.0000
vt 0.1576 0.0998 0.0000
vt 0.1418 0.0998 0.0000
vt 0.1418 0.1139 0.0000
vt 0.1285 0.1139 0.0000
vt 0.1171 0.1139 0.0000
vt 0.1070 0.1139 0.0000
vt 0.0975 0.1139 0.0000
vt 0.0880 0.1139 0.0000
vt 0.0785 0.1138 0.0000
vt 0.0690 0.1134 0.0000
vt 0.0595 0.1129 0.0000
vt 0.9699 0.1135 0.0000
vt 0.9894 0.1130 0.0000
vt 0.9504 0.1138 0.0000
vt 0.9308 0.1139 0.0000
vt 0.9113 0.1139 0.0000
vt 0.8917 0.1139 0.0000
vt 0.8727 0.1139 0.0000
vt 0.8550 0.1139 0.0000
vt 0.8391 0.0998 0.0000
vt 0.8391 0.1139 0.0000
vt 0.8258 0.0998 0.0000
vt 0.8258 0.1139 0.0000
vt 0.8258 0.0870 0.0000
vt 0.8258 0.0750 0.0000
vt 0.8258 0.0640 0.0000
vt 0.8257 0.0542 0.0000
vt 0.8257 0.0460 0.0000
vt 0.8257 0.0394 0.0000
vt 0.8257 0.0343 0.0000
vt 0.8391 0.0303 0.0000
vt 0.8257 0.0303 0.0000
vt 0.8390 0.0269 0.0000
vt 0.8257 0.0269 0.0000
vt 0.8549 0.0269 0.0000
vt 0.8727 0.0269 0.0000
vt 0.8727 0.0240 0.0000
vt 0.8917 0.0240 0.0000
vt 0.8917 0.0214 0.0000
vt 0.9113 0.0213 0.0000
vt 0.9113 0.0189 0.0000
vt 0.8917 0.0189 0.0000
vt 0.9309 0.0189 0.0000
vt 0.9504 0.0189 0.0000
vt 0.9699 0.0189 0.0000
vt 0.9894 0.0189 0.0000
vt 0.9894 0.0165 0.0000
vt 0.9699 0.0165 0.0000
vt 0.0690 0.0189 0.0000
vt 0.0595 0.0189 0.0000
vt 0.0690 0.0165 0.0000
vt 0.0595 0.0165 0.0000
vt 0.0785 0.0189 0.0000
vt 0.0785 0.0165 0.0000
vt 0.0880 0.0189 0.0000
vt 0.0880 0.0165 0.0000
vt 0.0975 0.0165 0.0000
vt 0.0154 0.5308 0.5000
vt 0.0151 0.5319 0.5000
vt 0.0157 0.5298 0.5000
vt 0.0182 0.5280 0.5000
vt 0.3386 0.0145 0.0000
vt 0.3292 0.0146 0.0000
vt 0.0276 0.5388 0.5000
vt 0.0247 0.5383 0.5000
vt 0.0214 0.5379 0.5000
vt 0.0179 0.5377 0.5000
vt 0.0181 0.5338 0.5000
vt 0.9870 0.0200 0.0000
vt 0.9799 0.0169 0.0000
vt 0.9556 0.0167 0.0000
vt 0.9594 0.0195 0.0000
vt 0.9114 0.0165 0.0000
vt 0.9034 0.0180 0.0000
vt 0.9309 0.0165 0.0000
vt 0.0208 0.5405 0.5000
vt 0.9101 0.0186 0.0000
vt 0.9029 0.0172 0.0000
vt 0.8892 0.0169 0.0000
vt 0.7947 0.0240 0.0000
vt 0.7947 0.0269 0.0000
vt 0.7947 0.0303 0.0000
vt 0.7947 0.0343 0.0000
vt 0.7947 0.0394 0.0000
vt 0.7947 0.0460 0.0000
vt 0.7947 0.0542 0.0000
vt 0.7947 0.0640 0.0000
vt 0.7947 0.0750 0.0000
vt 0.7947 0.0870 0.0000
vt 0.7947 0.0998 0.0000
vt 0.7947 0.1139 0.0000
vt 0.3913 0.1139 0.0000
vt 0.3913 0.0998 0.0000
vt 0.4084 0.1139 0.0000
vt 0.4084 0.0998 0.0000
vt 0.4084 0.0870 0.0000
vt 0.3913 0.0870 0.0000
vt 0.4084 0.0750 0.0000
vt 0.3913 0.0750 0.0000
vt 0.4084 0.0640 0.0000
vt 0.3913 0.0640 0.0000
vt 0.4084 0.0542 0.0000
vt 0.3913 0.0542 0.0000
vt 0.4084 0.0460 0.0000
vt 0.3913 0.0460 0.0000
vt 0.4084 0.0394 0.0000
vt 0.3913 0.0394 0.0000
vt 0.4084 0.0343 0.0000
vt 0.3913 0.0343 0.0000
vt 0.4084 0.0303 0.0000
vt 0.3913 0.0303 0.0000
vt 0.4084 0.0269 0.0000
vt 0.3913 0.0269 0.0000
vt 0.4084 0.0240 0.0000
vt 0.3913 0.0240 0.0000
vt 0.4084 0.0213 0.0000
vt 0.3910 0.0213 0.0000
vt 0.4081 0.0189 0.0000
vt 0.3902 0.0189 0.0000
vt 0.3890 0.0165 0.0000
vt 0.4078 0.0165 0.0000
vt 0.4113 0.0145 0.0000
vt 0.3927 0.0142 0.0000
vt 0.0409 0.5266 0.5000
vt 0.0403 0.5293 0.5000
vt 0.0377 0.5285 0.5000
vt 0.0390 0.5254 0.5000
vt 0.0363 0.5316 0.5000
vt 0.0397 0.5319 0.5000
vt 0.0433 0.5297 0.5000
vt 0.0432 0.5321 0.5000
vt 0.0354 0.5343 0.5000
vt 0.0393 0.5342 0.5000
vt 0.0431 0.5342 0.5000
vt 0.0457 0.5308 0.5000
vt 0.0462 0.5329 0.5000
vt 0.0430 0.5323 0.5000
vt 0.0430 0.5301 0.5000
vt 0.0430 0.5343 0.5000
vt 0.0468 0.5349 0.5000
vt 0.0472 0.5366 0.5000
vt 0.0433 0.5360 0.5000
vt 0.4846 0.0165 0.0000
vt 0.4843 0.0189 0.0000
vt 0.5029 0.0189 0.0000
vt 0.5041 0.0165 0.0000
vt 0.4841 0.0213 0.0000
vt 0.5020 0.0213 0.0000
vt 0.4840 0.0240 0.0000
vt 0.5017 0.0240 0.0000
vt 0.4840 0.0269 0.0000
vt 0.5017 0.0269 0.0000
vt 0.4840 0.0303 0.0000
vt 0.5017 0.0303 0.0000
vt 0.4840 0.0343 0.0000
vt 0.5017 0.0343 0.0000
vt 0.4840 0.0394 0.0000
vt 0.5017 0.0394 0.0000
vt 0.4840 0.0460 0.0000
vt 0.5017 0.0460 0.0000
vt 0.4840 0.0542 0.0000
vt 0.5017 0.0542 0.0000
vt 0.4841 0.0640 0.0000
vt 0.5017 0.0640 0.0000
vt 0.4841 0.0750 0.0000
vt 0.5017 0.0750 0.0000
vt 0.4841 0.0870 0.0000
vt 0.5017 0.0870 0.0000
vt 0.4841 0.0998 0.0000
vt 0.5017 0.0998 0.0000
vt 0.4841 0.1139 0.0000
vt 0.5017 0.1139 0.0000
vt 0.4841 0.1301 0.0000
vt 0.5017 0.1301 0.0000
vt 0.4652 0.0998 0.0000
vt 0.4652 0.1139 0.0000
vt 0.4652 0.1301 0.0000
vt 0.4459 0.0998 0.0000
vt 0.4459 0.1139 0.0000
vt 0.4459 0.1301 0.0000
vt 0.4268 0.0998 0.0000
vt 0.4268 0.1139 0.0000
vt 0.4268 0.1300 0.0000
vt 0.4459 0.0870 0.0000
vt 0.4268 0.0870 0.0000
vt 0.4459 0.0750 0.0000
vt 0.4268 0.0750 0.0000
vt 0.4459 0.0640 0.0000
vt 0.4268 0.0640 0.0000
vt 0.4459 0.0542 0.0000
vt 0.4268 0.0542 0.0000
vt 0.4459 0.0460 0.0000
vt 0.4268 0.0460 0.0000
vt 0.4459 0.0394 0.0000
vt 0.4268 0.0394 0.0000
vt 0.4459 0.0343 0.0000
vt 0.4268 0.0343 0.0000
vt 0.4459 0.0303 0.0000
vt 0.4268 0.0303 0.0000
vt 0.4459 0.0269 0.0000
vt 0.4268 0.0269 0.0000
vt 0.4459 0.0240 0.0000
vt 0.4268 0.0240 0.0000
vt 0.4459 0.0213 0.0000
vt 0.4268 0.0213 0.0000
vt 0.4458 0.0189 0.0000
vt 0.4267 0.0189 0.0000
vt 0.4454 0.0165 0.0000
vt 0.4266 0.0165 0.0000
vt 0.0446 0.5268 0.5000
vt 0.0451 0.5288 0.5000
vt 0.0430 0.5277 0.5000
vt 0.0431 0.5253 0.5000
vt 0.4651 0.0189 0.0000
vt 0.4650 0.0165 0.0000
vt 0.4652 0.0213 0.0000
vt 0.4652 0.0240 0.0000
vt 0.4652 0.0269 0.0000
vt 0.4652 0.0303 0.0000
vt 0.4652 0.0343 0.0000
vt 0.4652 0.0394 0.0000
vt 0.4652 0.0460 0.0000
vt 0.4652 0.0542 0.0000
vt 0.4652 0.0640 0.0000
vt 0.4652 0.0750 0.0000
vt 0.4652 0.0870 0.0000
vt 0.5176 0.1139 0.0000
vt 0.5176 0.0998 0.0000
vt 0.5176 0.0870 0.0000
vt 0.5176 0.0750 0.0000
vt 0.5176 0.0640 0.0000
vt 0.5176 0.0542 0.0000
vt 0.5176 0.0460 0.0000
vt 0.5176 0.0394 0.0000
vt 0.5148 0.0343 0.0000
vt 0.5237 0.0165 0.0000
vt 0.5194 0.0189 0.0000
vt 0.5321 0.0189 0.0000
vt 0.5334 0.0165 0.0000
vt 0.5180 0.0213 0.0000
vt 0.5312 0.0213 0.0000
vt 0.5175 0.0240 0.0000
vt 0.5309 0.0240 0.0000
vt 0.5175 0.0269 0.0000
vt 0.5309 0.0269 0.0000
vt 0.5176 0.0303 0.0000
vt 0.5309 0.0303 0.0000
vt 0.5176 0.0343 0.0000
vt 0.5310 0.0343 0.0000
vt 0.5310 0.0394 0.0000
vt 0.5310 0.0460 0.0000
vt 0.5310 0.0542 0.0000
vt 0.5310 0.0640 0.0000
vt 0.5310 0.0750 0.0000
vt 0.5310 0.0870 0.0000
vt 0.5310 0.0998 0.0000
vt 0.5310 0.1139 0.0000
vt 0.5176 0.1301 0.0000
vt 0.5310 0.1301 0.0000
vt 0.5176 0.1487 0.0000
vt 0.5310 0.1487 0.0000
vt 0.5176 0.1706 0.0000
vt 0.5310 0.1706 0.0000
vt 0.5017 0.1487 0.0000
vt 0.5017 0.1706 0.0000
vt 0.4840 0.1487 0.0000
vt 0.4840 0.1706 0.0000
vt 0.4652 0.1487 0.0000
vt 0.4652 0.1706 0.0000
vt 0.4459 0.1487 0.0000
vt 0.4459 0.1706 0.0000
vt 0.4268 0.1487 0.0000
vt 0.4268 0.1706 0.0000
vt 0.4084 0.1300 0.0000
vt 0.4084 0.1487 0.0000
vt 0.4084 0.1706 0.0000
vt 0.3913 0.1300 0.0000
vt 0.3913 0.1487 0.0000
vt 0.3913 0.1706 0.0000
vt 0.3759 0.1487 0.0000
vt 0.3759 0.1706 0.0000
vt 0.3628 0.1487 0.0000
vt 0.3628 0.1706 0.0000
vt 0.3514 0.1487 0.0000
vt 0.3514 0.1706 0.0000
vt 0.3412 0.1487 0.0000
vt 0.3412 0.1706 0.0000
vt 0.3315 0.1487 0.0000
vt 0.3315 0.1706 0.0000
vt 0.3218 0.1487 0.0000
vt 0.3218 0.1706 0.0000
vt 0.3115 0.1487 0.0000
vt 0.3115 0.1706 0.0000
vt 0.2999 0.1487 0.0000
vt 0.2999 0.1706 0.0000
vt 0.2865 0.1487 0.0000
vt 0.2865 0.1706 0.0000
vt 0.2706 0.1487 0.0000
vt 0.2706 0.1706 0.0000
vt 0.2528 0.1487 0.0000
vt 0.2528 0.1706 0.0000
vt 0.2337 0.1487 0.0000
vt 0.2337 0.1706 0.0000
vt 0.2141 0.1706 0.0000
vt 0.2141 0.1950 0.0000
vt 0.2337 0.1950 0.0000
vt 0.1944 0.1706 0.0000
vt 0.1944 0.1950 0.0000
vt 0.1754 0.1706 0.0000
vt 0.1754 0.1950 0.0000
vt 0.1576 0.1950 0.0000
vt 0.1418 0.1950 0.0000
vt 0.1285 0.1950 0.0000
vt 0.1171 0.1950 0.0000
vt 0.1070 0.1950 0.0000
vt 0.0975 0.1950 0.0000
vt 0.0880 0.1950 0.0000
vt 0.0785 0.1949 0.0000
vt 0.0690 0.1945 0.0000
vt 0.0595 0.1940 0.0000
vt 0.9699 0.1945 0.0000
vt 0.9894 0.1940 0.0000
vt 0.9504 0.1949 0.0000
vt 0.9309 0.1950 0.0000
vt 0.9113 0.1950 0.0000
vt 0.8917 0.1950 0.0000
vt 0.8727 0.1950 0.0000
vt 0.8550 0.1950 0.0000
vt 0.8392 0.1950 0.0000
vt 0.8259 0.1950 0.0000
vt 0.8144 0.1950 0.0000
vt 0.8043 0.1950 0.0000
vt 0.7948 0.1706 0.0000
vt 0.7948 0.1950 0.0000
vt 0.7853 0.1706 0.0000
vt 0.7853 0.1950 0.0000
vt 0.7752 0.1706 0.0000
vt 0.7752 0.1950 0.0000
vt 0.7853 0.1487 0.0000
vt 0.7852 0.1301 0.0000
vt 0.7852 0.1139 0.0000
vt 0.7852 0.0998 0.0000
vt 0.7852 0.0870 0.0000
vt 0.7852 0.0750 0.0000
vt 0.7852 0.0640 0.0000
vt 0.7852 0.0542 0.0000
vt 0.7852 0.0460 0.0000
vt 0.7852 0.0394 0.0000
vt 0.7852 0.0343 0.0000
vt 0.7852 0.0303 0.0000
vt 0.7852 0.0269 0.0000
vt 0.7852 0.0240 0.0000
vt 0.7852 0.0214 0.0000
vt 0.7852 0.0189 0.0000
vt 0.0401 0.5223 0.5000
vt 0.4326 0.0144 0.0000
vt 0.4139 0.0141 0.0000
vt 0.3883 0.0213 0.0000
vt 0.3847 0.0166 0.0000
vt 0.3702 0.0165 0.0000
vt 0.0234 0.5413 0.5000
vt 0.0221 0.5444 0.5000
vt 0.0215 0.5379 0.5000
vt 0.0256 0.5421 0.5000
vt 0.0236 0.5454 0.5000
vt 0.0218 0.5444 0.5000
vt 0.0209 0.5475 0.5000
vt 0.0305 0.5493 0.5000
vt 0.0316 0.5500 0.5000
vt 0.0295 0.5509 0.5000
vt 0.0285 0.5506 0.5000
vt 0.0275 0.5504 0.5000
vt 0.0297 0.5490 0.5000
vt 0.0326 0.5506 0.5000
vt 0.0305 0.5511 0.5000
vt 0.7378 0.0165 0.0000
vt 0.7366 0.0189 0.0000
vt 0.7526 0.0189 0.0000
vt 0.7567 0.0165 0.0000
vt 0.7357 0.0213 0.0000
vt 0.7513 0.0213 0.0000
vt 0.7354 0.0240 0.0000
vt 0.7508 0.0240 0.0000
vt 0.7354 0.0269 0.0000
vt 0.7508 0.0269 0.0000
vt 0.7354 0.0303 0.0000
vt 0.7508 0.0303 0.0000
vt 0.7354 0.0343 0.0000
vt 0.7508 0.0343 0.0000
vt 0.7354 0.0394 0.0000
vt 0.7508 0.0394 0.0000
vt 0.7354 0.0460 0.0000
vt 0.7508 0.0460 0.0000
vt 0.7354 0.0542 0.0000
vt 0.7508 0.0542 0.0000
vt 0.7354 0.0640 0.0000
vt 0.7508 0.0640 0.0000
vt 0.7354 0.0750 0.0000
vt 0.7508 0.0750 0.0000
vt 0.7354 0.0870 0.0000
vt 0.7508 0.0870 0.0000
vt 0.7354 0.0998 0.0000
vt 0.7508 0.0998 0.0000
vt 0.7354 0.1139 0.0000
vt 0.7508 0.1139 0.0000
vt 0.7354 0.1301 0.0000
vt 0.7508 0.1301 0.0000
vt 0.7354 0.1487 0.0000
vt 0.7508 0.1487 0.0000
vt 0.7354 0.1706 0.0000
vt 0.7509 0.1706 0.0000
vt 0.7355 0.1950 0.0000
vt 0.7509 0.1950 0.0000
vt 0.7182 0.1706 0.0000
vt 0.7182 0.1950 0.0000
vt 0.7182 0.1487 0.0000
vt 0.6996 0.1487 0.0000
vt 0.6996 0.1706 0.0000
vt 0.7182 0.1301 0.0000
vt 0.6996 0.1301 0.0000
vt 0.7182 0.1139 0.0000
vt 0.6996 0.1139 0.0000
vt 0.7181 0.0998 0.0000
vt 0.6996 0.0998 0.0000
vt 0.7181 0.0870 0.0000
vt 0.6996 0.0870 0.0000
vt 0.7181 0.0750 0.0000
vt 0.6996 0.0750 0.0000
vt 0.7181 0.0640 0.0000
vt 0.6996 0.0640 0.0000
vt 0.7181 0.0542 0.0000
vt 0.6996 0.0542 0.0000
vt 0.7181 0.0460 0.0000
vt 0.6996 0.0460 0.0000
vt 0.7181 0.0394 0.0000
vt 0.6996 0.0394 0.0000
vt 0.7181 0.0343 0.0000
vt 0.6996 0.0343 0.0000
vt 0.7182 0.0303 0.0000
vt 0.6996 0.0303 0.0000
vt 0.7182 0.0269 0.0000
vt 0.6996 0.0269 0.0000
vt 0.7182 0.0240 0.0000
vt 0.6996 0.0240 0.0000
vt 0.7182 0.0213 0.0000
vt 0.6996 0.0213 0.0000
vt 0.7185 0.0189 0.0000
vt 0.6997 0.0189 0.0000
vt 0.7188 0.0165 0.0000
vt 0.6999 0.0165 0.0000
vt 0.0326 0.5484 0.5000
vt 0.0316 0.5479 0.5000
vt 0.0337 0.5468 0.5000
vt 0.0346 0.5474 0.5000
vt 0.0356 0.5481 0.5000
vt 0.0366 0.5495 0.5000
vt 0.0346 0.5501 0.5000
vt 0.0336 0.5490 0.5000
vt 0.0295 0.5487 0.5000
vt 0.0316 0.5471 0.5000
vt 0.0326 0.5480 0.5000
vt 0.0285 0.5480 0.5000
vt 0.0306 0.5461 0.5000
vt 0.0275 0.5474 0.5000
vt 0.0296 0.5451 0.5000
vt 0.0318 0.5430 0.5000
vt 0.0328 0.5443 0.5000
vt 0.0264 0.5467 0.5000
vt 0.0285 0.5441 0.5000
vt 0.0308 0.5417 0.5000
vt 0.0272 0.5431 0.5000
vt 0.0295 0.5401 0.5000
vt 0.0266 0.5469 0.5000
vt 0.0253 0.5461 0.5000
vt 0.0322 0.5378 0.5000
vt 0.0356 0.5366 0.5000
vt 0.0393 0.5361 0.5000
vt 0.0429 0.5359 0.5000
vt 0.0275 0.5503 0.5000
vt 0.0265 0.5501 0.5000
vt 0.0255 0.5498 0.5000
vt 0.8042 0.0165 0.0000
vt 0.7947 0.0165 0.0000
vt 0.7862 0.0166 0.0000
vt 0.8231 0.0165 0.0000
vt 0.8137 0.0165 0.0000
vt 0.8053 0.0165 0.0000
vt 0.8046 0.0188 0.0000
vt 0.8346 0.0166 0.0000
vt 0.8232 0.0165 0.0000
vt 0.0234 0.5492 0.5000
vt 0.0224 0.5490 0.5000
vt 0.0242 0.5459 0.5000
vt 0.0239 0.5454 0.5000
vt 0.8327 0.0166 0.0000
vt 0.7852 0.0165 0.0000
vt 0.7757 0.0165 0.0000
vt 0.7754 0.0189 0.0000
vt 0.7662 0.0169 0.0000
vt 0.7648 0.0189 0.0000
vt 0.7752 0.0214 0.0000
vt 0.7751 0.0240 0.0000
vt 0.7751 0.0269 0.0000
vt 0.7751 0.0303 0.0000
vt 0.7751 0.0343 0.0000
vt 0.7751 0.0394 0.0000
vt 0.7751 0.0460 0.0000
vt 0.7751 0.0542 0.0000
vt 0.7751 0.0640 0.0000
vt 0.7751 0.0750 0.0000
vt 0.7751 0.0870 0.0000
vt 0.7751 0.0998 0.0000
vt 0.7751 0.1139 0.0000
vt 0.7752 0.1301 0.0000
vt 0.7752 0.1487 0.0000
vt 0.8383 0.1486 0.0000
vt 0.5425 0.1487 0.0000
vt 0.5425 0.1301 0.0000
vt 0.5425 0.1139 0.0000
vt 0.5425 0.0998 0.0000
vt 0.5425 0.0870 0.0000
vt 0.5425 0.0750 0.0000
vt 0.5425 0.0640 0.0000
vt 0.5425 0.0542 0.0000
vt 0.5425 0.0460 0.0000
vt 0.5425 0.0394 0.0000
vt 0.5425 0.0343 0.0000
vt 0.5425 0.0303 0.0000
vt 0.5425 0.0269 0.0000
vt 0.5425 0.0240 0.0000
vt 0.5425 0.0213 0.0000
vt 0.5428 0.0189 0.0000
vt 0.5431 0.0165 0.0000
vt 0.0462 0.5369 0.5000
vt 0.0429 0.5373 0.5000
vt 0.0465 0.5359 0.5000
vt 0.0395 0.5377 0.5000
vt 0.0363 0.5385 0.5000
vt 0.0333 0.5397 0.5000
vt 0.0343 0.5413 0.5000
vt 0.0351 0.5427 0.5000
vt 0.0369 0.5401 0.5000
vt 0.0398 0.5392 0.5000
vt 0.0429 0.5385 0.5000
vt 0.0460 0.5380 0.5000
vt 0.5527 0.0189 0.0000
vt 0.5527 0.0165 0.0000
vt 0.5528 0.0213 0.0000
vt 0.5528 0.0240 0.0000
vt 0.5528 0.0269 0.0000
vt 0.5528 0.0303 0.0000
vt 0.5528 0.0343 0.0000
vt 0.5528 0.0394 0.0000
vt 0.5528 0.0460 0.0000
vt 0.5528 0.0542 0.0000
vt 0.5528 0.0640 0.0000
vt 0.5528 0.0750 0.0000
vt 0.5528 0.0870 0.0000
vt 0.5528 0.0998 0.0000
vt 0.5528 0.1139 0.0000
vt 0.5528 0.1301 0.0000
vt 0.5528 0.1487 0.0000
vt 0.5425 0.1706 0.0000
vt 0.5528 0.1706 0.0000
vt 0.5471 0.1815 0.0000
vt 0.5528 0.1818 0.0000
vt 0.5425 0.1812 0.0000
vt 0.5358 0.1809 0.0000
vt 0.5310 0.1806 0.0000
vt 0.5230 0.1804 0.0000
vt 0.5176 0.1803 0.0000
vt 0.5080 0.1802 0.0000
vt 0.5017 0.1802 0.0000
vt 0.4911 0.1803 0.0000
vt 0.4840 0.1804 0.0000
vt 0.4730 0.1807 0.0000
vt 0.4652 0.1808 0.0000
vt 0.4544 0.1813 0.0000
vt 0.4459 0.1816 0.0000
vt 0.4359 0.1821 0.0000
vt 0.4268 0.1826 0.0000
vt 0.4179 0.1832 0.0000
vt 0.4084 0.1837 0.0000
vt 0.4009 0.1843 0.0000
vt 0.3913 0.1849 0.0000
vt 0.3852 0.1854 0.0000
vt 0.3759 0.1860 0.0000
vt 0.3713 0.1864 0.0000
vt 0.3628 0.1870 0.0000
vt 0.3592 0.1873 0.0000
vt 0.3514 0.1879 0.0000
vt 0.3485 0.1881 0.0000
vt 0.3412 0.1887 0.0000
vt 0.3387 0.1889 0.0000
vt 0.3315 0.1895 0.0000
vt 0.3294 0.1897 0.0000
vt 0.3218 0.1903 0.0000
vt 0.3199 0.1905 0.0000
vt 0.3115 0.1912 0.0000
vt 0.3098 0.1914 0.0000
vt 0.2999 0.1923 0.0000
vt 0.2985 0.1924 0.0000
vt 0.2865 0.1935 0.0000
vt 0.2856 0.1936 0.0000
vt 0.2706 0.1950 0.0000
vt 0.2703 0.1950 0.0000
vt 0.2528 0.1950 0.0000
vt 0.2528 0.1966 0.0000
vt 0.2538 0.1965 0.0000
vt 0.2359 0.1981 0.0000
vt 0.2337 0.1983 0.0000
vt 0.2176 0.1997 0.0000
vt 0.2141 0.2000 0.0000
vt 0.1991 0.2013 0.0000
vt 0.1944 0.2017 0.0000
vt 0.7664 0.2008 0.0000
vt 0.7752 0.2015 0.0000
vt 0.7639 0.1950 0.0000
vt 0.7639 0.2006 0.0000
vt 0.7639 0.1706 0.0000
vt 0.7639 0.1487 0.0000
vt 0.7639 0.1301 0.0000
vt 0.7639 0.1139 0.0000
vt 0.7638 0.0998 0.0000
vt 0.7638 0.0870 0.0000
vt 0.7638 0.0750 0.0000
vt 0.7638 0.0640 0.0000
vt 0.7638 0.0542 0.0000
vt 0.7638 0.0460 0.0000
vt 0.7638 0.0394 0.0000
vt 0.7638 0.0343 0.0000
vt 0.7638 0.0303 0.0000
vt 0.7638 0.0269 0.0000
vt 0.7638 0.0240 0.0000
vt 0.7641 0.0213 0.0000
vt 0.7650 0.0189 0.0000
vt 0.0275 0.5473 0.5000
vt 0.0258 0.5502 0.5000
vt 0.0247 0.5498 0.5000
vt 0.0337 0.5455 0.5000
vt 0.5889 0.1840 0.0000
vt 0.5941 0.1844 0.0000
vt 0.5941 0.1706 0.0000
vt 0.5825 0.1706 0.0000
vt 0.5825 0.1836 0.0000
vt 0.0367 0.5456 0.5000
vt 0.0388 0.5444 0.5000
vt 0.0395 0.5459 0.5000
vt 0.0376 0.5471 0.5000
vt 0.0409 0.5432 0.5000
vt 0.0413 0.5446 0.5000
vt 0.0430 0.5421 0.5000
vt 0.0431 0.5433 0.5000
vt 0.0451 0.5410 0.5000
vt 0.0449 0.5420 0.5000
vt 0.5818 0.0165 0.0000
vt 0.5821 0.0189 0.0000
vt 0.5928 0.0189 0.0000
vt 0.5915 0.0165 0.0000
vt 0.5824 0.0213 0.0000
vt 0.5937 0.0213 0.0000
vt 0.5825 0.0240 0.0000
vt 0.5941 0.0240 0.0000
vt 0.5825 0.0269 0.0000
vt 0.5941 0.0269 0.0000
vt 0.5825 0.0303 0.0000
vt 0.5941 0.0303 0.0000
vt 0.5825 0.0343 0.0000
vt 0.5941 0.0343 0.0000
vt 0.5825 0.0394 0.0000
vt 0.5941 0.0394 0.0000
vt 0.5825 0.0460 0.0000
vt 0.5941 0.0460 0.0000
vt 0.5825 0.0542 0.0000
vt 0.5941 0.0542 0.0000
vt 0.5825 0.0640 0.0000
vt 0.5941 0.0640 0.0000
vt 0.5825 0.0750 0.0000
vt 0.5941 0.0750 0.0000
vt 0.5825 0.0870 0.0000
vt 0.5941 0.0870 0.0000
vt 0.5825 0.0998 0.0000
vt 0.5941 0.0998 0.0000
vt 0.5825 0.1139 0.0000
vt 0.5941 0.1139 0.0000
vt 0.5825 0.1301 0.0000
vt 0.5941 0.1301 0.0000
vt 0.5825 0.1487 0.0000
vt 0.5941 0.1487 0.0000
vt 0.5775 0.1833 0.0000
vt 0.5722 0.1706 0.0000
vt 0.5722 0.1830 0.0000
vt 0.5722 0.1487 0.0000
vt 0.6076 0.1706 0.0000
vt 0.6076 0.1487 0.0000
vt 0.6237 0.1706 0.0000
vt 0.6237 0.1487 0.0000
vt 0.6237 0.1301 0.0000
vt 0.6076 0.1301 0.0000
vt 0.6237 0.1139 0.0000
vt 0.6076 0.1139 0.0000
vt 0.6237 0.0998 0.0000
vt 0.6076 0.0998 0.0000
vt 0.6237 0.0870 0.0000
vt 0.6076 0.0870 0.0000
vt 0.6237 0.0750 0.0000
vt 0.6076 0.0750 0.0000
vt 0.6237 0.0640 0.0000
vt 0.6076 0.0640 0.0000
vt 0.6237 0.0542 0.0000
vt 0.6076 0.0542 0.0000
vt 0.6237 0.0460 0.0000
vt 0.6076 0.0460 0.0000
vt 0.6237 0.0394 0.0000
vt 0.6076 0.0394 0.0000
vt 0.6237 0.0343 0.0000
vt 0.6076 0.0343 0.0000
vt 0.6237 0.0303 0.0000
vt 0.6076 0.0303 0.0000
vt 0.6237 0.0269 0.0000
vt 0.6076 0.0269 0.0000
vt 0.6237 0.0240 0.0000
vt 0.6076 0.0240 0.0000
vt 0.6234 0.0213 0.0000
vt 0.6071 0.0213 0.0000
vt 0.6224 0.0189 0.0000
vt 0.6057 0.0189 0.0000
vt 0.0446 0.5430 0.5000
vt 0.0431 0.5445 0.5000
vt 0.6560 0.0196 0.0000
vt 0.6493 0.0168 0.0000
vt 0.6211 0.0165 0.0000
vt 0.6012 0.0165 0.0000
vt 0.5933 0.0180 0.0000
vt 0.0416 0.5460 0.5000
vt 0.6609 0.0189 0.0000
vt 0.6610 0.0165 0.0000
vt 0.6410 0.0165 0.0000
vt 0.6413 0.0189 0.0000
vt 0.0401 0.5475 0.5000
vt 0.6805 0.0189 0.0000
vt 0.6809 0.0165 0.0000
vt 0.0387 0.5490 0.5000
vt 0.0348 0.5472 0.5000
vt 0.0367 0.5461 0.5000
vt 0.6773 0.0189 0.0000
vt 0.6608 0.0213 0.0000
vt 0.6803 0.0213 0.0000
vt 0.6607 0.0240 0.0000
vt 0.6803 0.0240 0.0000
vt 0.6607 0.0269 0.0000
vt 0.6803 0.0269 0.0000
vt 0.6607 0.0303 0.0000
vt 0.6803 0.0303 0.0000
vt 0.6607 0.0343 0.0000
vt 0.6803 0.0343 0.0000
vt 0.6607 0.0394 0.0000
vt 0.6803 0.0394 0.0000
vt 0.6607 0.0460 0.0000
vt 0.6803 0.0460 0.0000
vt 0.6607 0.0542 0.0000
vt 0.6803 0.0542 0.0000
vt 0.6607 0.0640 0.0000
vt 0.6803 0.0640 0.0000
vt 0.6607 0.0750 0.0000
vt 0.6803 0.0750 0.0000
vt 0.6607 0.0870 0.0000
vt 0.6803 0.0870 0.0000
vt 0.6607 0.0998 0.0000
vt 0.6803 0.0998 0.0000
vt 0.6607 0.1139 0.0000
vt 0.6803 0.1139 0.0000
vt 0.6607 0.1301 0.0000
vt 0.6803 0.1301 0.0000
vt 0.6607 0.1487 0.0000
vt 0.6803 0.1487 0.0000
vt 0.6607 0.1706 0.0000
vt 0.6803 0.1706 0.0000
vt 0.6416 0.1487 0.0000
vt 0.6416 0.1706 0.0000
vt 0.6416 0.1301 0.0000
vt 0.6416 0.1139 0.0000
vt 0.6416 0.0998 0.0000
vt 0.6416 0.0870 0.0000
vt 0.6416 0.0750 0.0000
vt 0.6416 0.0640 0.0000
vt 0.6416 0.0542 0.0000
vt 0.6416 0.0460 0.0000
vt 0.6416 0.0394 0.0000
vt 0.6416 0.0343 0.0000
vt 0.6416 0.0303 0.0000
vt 0.6416 0.0269 0.0000
vt 0.6416 0.0240 0.0000
vt 0.6416 0.0213 0.0000
vt 0.5722 0.1301 0.0000
vt 0.5722 0.1139 0.0000
vt 0.5722 0.0998 0.0000
vt 0.5722 0.0870 0.0000
vt 0.5722 0.0750 0.0000
vt 0.5722 0.0640 0.0000
vt 0.5722 0.0542 0.0000
vt 0.5722 0.0460 0.0000
vt 0.5722 0.0394 0.0000
vt 0.5721 0.0343 0.0000
vt 0.5721 0.0303 0.0000
vt 0.5721 0.0269 0.0000
vt 0.5721 0.0240 0.0000
vt 0.5721 0.0213 0.0000
vt 0.5721 0.0189 0.0000
vt 0.0430 0.5409 0.5000
vt 0.0454 0.5400 0.5000
vt 0.0405 0.5419 0.5000
vt 0.0382 0.5429 0.5000
vt 0.0376 0.5415 0.5000
vt 0.0402 0.5405 0.5000
vt 0.0359 0.5441 0.5000
vt 0.7662 0.0165 0.0000
vt 0.7778 0.2017 0.0000
vt 0.7853 0.2024 0.0000
vt 0.7880 0.2026 0.0000
vt 0.7948 0.2031 0.0000
vt 0.7978 0.2033 0.0000
vt 0.8043 0.2038 0.0000
vt 0.8078 0.2040 0.0000
vt 0.8145 0.2045 0.0000
vt 0.8186 0.2047 0.0000
vt 0.8259 0.2052 0.0000
vt 0.8311 0.2054 0.0000
vt 0.8392 0.2059 0.0000
vt 0.8458 0.2061 0.0000
vt 0.8550 0.2065 0.0000
vt 0.8629 0.2068 0.0000
vt 0.8727 0.2072 0.0000
vt 0.8817 0.2075 0.0000
vt 0.8917 0.2078 0.0000
vt 0.9014 0.2081 0.0000
vt 0.9113 0.2084 0.0000
vt 0.9213 0.2086 0.0000
vt 0.9309 0.2088 0.0000
vt 0.9412 0.2089 0.0000
vt 0.9504 0.2090 0.0000
vt 0.9609 0.2089 0.0000
vt 0.9699 0.2089 0.0000
vt 0.9805 0.2087 0.0000
vt 0.9894 0.2084 0.0000
vt 0.0646 0.2086 0.0000
vt 0.0690 0.2088 0.0000
vt 0.0595 0.2084 0.0000
vt 0.0740 0.2088 0.0000
vt 0.0785 0.2088 0.0000
vt 0.0834 0.2087 0.0000
vt 0.0880 0.2086 0.0000
vt 0.0928 0.2084 0.0000
vt 0.0975 0.2082 0.0000
vt 0.1021 0.2080 0.0000
vt 0.1070 0.2078 0.0000
vt 0.1118 0.2076 0.0000
vt 0.1171 0.2073 0.0000
vt 0.1223 0.2071 0.0000
vt 0.1285 0.2067 0.0000
vt 0.1342 0.2064 0.0000
vt 0.1418 0.2059 0.0000
vt 0.1480 0.2055 0.0000
vt 0.1576 0.2047 0.0000
vt 0.1638 0.2042 0.0000
vt 0.1754 0.2033 0.0000
vt 0.1810 0.2029 0.0000
vt 0.6021 0.1850 0.0000
vt 0.6076 0.1855 0.0000
vt 0.6181 0.1865 0.0000
vt 0.6237 0.1871 0.0000
vt 0.6368 0.1885 0.0000
vt 0.6416 0.1890 0.0000
vt 0.6574 0.1907 0.0000
vt 0.6607 0.1911 0.0000
vt 0.6786 0.1929 0.0000
vt 0.6803 0.1931 0.0000
vt 0.6996 0.1950 0.0000
vt 0.6998 0.1950 0.0000
vt 0.7182 0.1967 0.0000
vt 0.7193 0.1968 0.0000
vt 0.7355 0.1982 0.0000
vt 0.7374 0.1983 0.0000
vt 0.7509 0.1995 0.0000
vt 0.7532 0.1996 0.0000
vt 0.5574 0.1821 0.0000
vt 0.5625 0.1825 0.0000
vt 0.5625 0.1706 0.0000
vt 0.5673 0.1827 0.0000
vt 0.5625 0.1487 0.0000
vt 0.5625 0.1301 0.0000
vt 0.5625 0.1139 0.0000
vt 0.5625 0.0998 0.0000
vt 0.5625 0.0870 0.0000
vt 0.5625 0.0750 0.0000
vt 0.5625 0.0640 0.0000
vt 0.5625 0.0542 0.0000
vt 0.5625 0.0460 0.0000
vt 0.5625 0.0394 0.0000
vt 0.5625 0.0343 0.0000
vt 0.5625 0.0303 0.0000
vt 0.5625 0.0269 0.0000
vt 0.5624 0.0240 0.0000
vt 0.5624 0.0213 0.0000
vt 0.5624 0.0189 0.0000
vt 0.5624 0.0165 0.0000
vt 0.0457 0.5390 0.5000
vt 0.0429 0.5397 0.5000
vt 0.0381 0.5430 0.5000
vt 0.0346 0.5468 0.5000
vt 0.5721 0.0165 0.0000
vt 0.5810 0.0167 0.0000
vt 0.3083 0.0145 0.0000
vt 0.2988 0.0148 0.0000
vt 0.3209 0.0167 0.0000
vt 0.3010 0.0186 0.0000
vt 0.3218 0.0192 0.0000
vt 0.3168 0.0145 0.0000
vt 0.2523 0.8000 0.0000
vt 0.2744 0.8210 0.0000
vt 0.2763 0.8222 0.0000
vt 0.4950 0.1280 0.0000
vt 0.8805 0.6129 0.0000
vt 0.8882 0.5885 0.0000
vt 0.8917 0.5633 0.0000
vt 0.7914 0.2450 0.0000
vt 0.7874 0.2386 0.0000
vt 0.7720 0.2202 0.0000
vt 0.8033 0.2626 0.0000
vt 0.8075 0.2696 0.0000
vt 0.7462 0.1957 0.0000
vt 0.7677 0.2147 0.0000
vt 0.7416 0.1913 0.0000
vt 0.7110 0.1719 0.0000
vt 0.7066 0.1689 0.0000
vt 0.6668 0.1507 0.0000
vt 0.6640 0.1493 0.0000
vt 0.6158 0.1345 0.0000
vt 0.6152 0.1343 0.0000
vt 0.5616 0.1263 0.0000
vt 0.5568 0.1264 0.0000
vt 0.5047 0.1266 0.0000
vt 0.8180 0.2862 0.0000
vt 0.8232 0.2936 0.0000
vt 0.8342 0.3090 0.0000
vt 0.8401 0.3175 0.0000
vt 0.8508 0.3333 0.0000
vt 0.8567 0.3438 0.0000
vt 0.8664 0.3614 0.0000
vt 0.8718 0.3752 0.0000
vt 0.8798 0.3958 0.0000
vt 0.8841 0.4140 0.0000
vt 0.8899 0.4387 0.0000
vt 0.8923 0.4605 0.0000
vt 0.8954 0.4871 0.0000
vt 0.8952 0.5114 0.0000
vt 0.8952 0.5381 0.0000
vt 0.8733 0.6354 0.0000
vt 0.8625 0.6582 0.0000
vt 0.8527 0.6780 0.0000
vt 0.8399 0.6985 0.0000
vt 0.8288 0.7155 0.0000
vt 0.8151 0.7329 0.0000
vt 0.8035 0.7471 0.0000
vt 0.7904 0.7607 0.0000
vt 0.7793 0.7720 0.0000
vt 0.7669 0.7828 0.0000
vt 0.7562 0.7921 0.0000
vt 0.7446 0.8012 0.0000
vt 0.7342 0.8093 0.0000
vt 0.7236 0.8177 0.0000
vt 0.7135 0.8255 0.0000
vt 0.7039 0.8340 0.0000
vt 0.6941 0.8424 0.0000
vt 0.6843 0.8506 0.0000
vt 0.6735 0.8591 0.0000
vt 0.6625 0.8664 0.0000
vt 0.6495 0.8745 0.0000
vt 0.6366 0.8803 0.0000
vt 0.6196 0.8876 0.0000
vt 0.6044 0.8916 0.0000
vt 0.5815 0.8974 0.0000
vt 0.5659 0.8994 0.0000
vt 0.5375 0.9029 0.0000
vt 0.5232 0.9029 0.0000
vt 0.4900 0.9031 0.0000
vt 0.4781 0.9017 0.0000
vt 0.4411 0.8972 0.0000
vt 0.4324 0.8948 0.0000
vt 0.3932 0.8842 0.0000
vt 0.3878 0.8820 0.0000
vt 0.3481 0.8661 0.0000
vt 0.3458 0.8648 0.0000
vt 0.3083 0.8448 0.0000
vt 0.3078 0.8445 0.0000
vt 0.2498 0.7977 0.0000
vt 0.2337 0.7782 0.0000
vt 0.2310 0.7750 0.0000
vt 0.2182 0.7571 0.0000
vt 0.4483 0.1338 0.0000
vt 0.4346 0.1371 0.0000
vt 0.2153 0.7533 0.0000
vt 0.3959 0.1461 0.0000
vt 0.3805 0.1514 0.0000
vt 0.3509 0.1617 0.0000
vt 0.3372 0.1685 0.0000
vt 0.3168 0.1791 0.0000
vt 0.3051 0.1868 0.0000
vt 0.2903 0.1972 0.0000
vt 0.2798 0.2054 0.0000
vt 0.2682 0.2153 0.0000
vt 0.2032 0.7372 0.0000
vt 0.1998 0.7330 0.0000
vt 0.2577 0.2235 0.0000
vt 0.2471 0.2323 0.0000
vt 0.1863 0.7188 0.0000
vt 0.2351 0.2401 0.0000
vt 0.2240 0.2476 0.0000
vt 0.2108 0.2562 0.0000
vt 0.2000 0.2636 0.0000
vt 0.1862 0.2746 0.0000
vt 0.1760 0.2829 0.0000
vt 0.1624 0.2978 0.0000
vt 0.1531 0.3082 0.0000
vt 0.1406 0.3283 0.0000
vt 0.1323 0.3420 0.0000
vt 0.1218 0.3657 0.0000
vt 0.1149 0.3822 0.0000
vt 0.1073 0.4079 0.0000
vt 0.1020 0.4268 0.0000
vt 0.0980 0.4527 0.0000
vt 0.0949 0.4739 0.0000
vt 0.0947 0.4983 0.0000
vt 0.0947 0.5212 0.0000
vt 0.0975 0.5428 0.0000
vt 0.1818 0.7144 0.0000
vt 0.1005 0.5668 0.0000
vt 0.1052 0.5847 0.0000
vt 0.1113 0.6087 0.0000
vt 0.1170 0.6225 0.0000
vt 0.1679 0.7003 0.0000
vt 0.1626 0.6951 0.0000
vt 0.1495 0.6795 0.0000
vt 0.1260 0.6447 0.0000
vt 0.1321 0.6542 0.0000
vt 0.1435 0.6727 0.0000
# 1733 texture coords

o Line001
g Line001
usemtl wire_085028177
s 2
f 4002/5536/3874 4003/5537/3875 4004/5538/3874 4005/5539/3874 
f 4003/5537/3875 4006/5540/3875 4007/5541/3876 4004/5538/3874 
f 4006/5540/3875 4008/5542/3877 4009/5543/3877 4007/5541/3876 
f 4010/5544/3878 4011/5545/3878 4009/5543/3877 4008/5542/3877 
f 4012/5546/3878 4013/5547/3877 4009/5543/3877 4011/5545/3878 
f 4014/5548/3879 4015/5549/3880 4011/5545/3878 4010/5544/3878 
f 4016/5550/3880 4012/5546/3878 4011/5545/3878 4015/5549/3880 
f 4017/5551/3881 4018/5552/3882 4019/5553/3882 4020/5554/3882 
f 4017/5555/3881 4021/5556/3883 4022/5557/3884 4018/5558/3882 
f 4021/5556/3883 4023/5559/3885 4024/5560/3886 4022/5557/3884 
f 4023/5559/3885 4025/5561/3887 4026/5562/3888 4024/5560/3886 
f 4025/5561/3887 4027/5563/3889 4028/5564/3890 4026/5562/3888 
f 4027/5563/3889 4029/5565/3891 4030/5566/3892 4028/5564/3890 
f 4029/5565/3891 4031/5567/3893 4032/5568/3894 4030/5566/3892 
f 4031/5567/3893 4033/5569/3895 4034/5570/3896 4032/5568/3894 
f 4033/5569/3895 4035/5571/3897 4036/5572/3898 4034/5570/3896 
f 4035/5571/3897 4037/5573/3899 4038/5574/3900 4036/5572/3898 
f 4039/5575/3901 4038/5576/3900 4037/5573/3899 4040/5577/3902 
f 4040/5577/3902 4041/5578/3903 4042/5579/3904 4039/5575/3901 
f 4043/5580/3905 4044/5581/3906 4040/5577/3902 4037/5573/3899 
f 4044/5581/3906 4045/5582/3907 4041/5578/3903 4040/5577/3902 
f 4046/5583/3908 4047/5584/3909 4044/5581/3906 4043/5580/3905 
f 4047/5584/3909 4048/5585/3910 4045/5582/3907 4044/5581/3906 
f 4049/5586/3911 4050/5587/3912 4047/5584/3909 4046/5583/3908 
f 4050/5587/3912 4051/5588/3913 4048/5585/3910 4047/5584/3909 
f 4052/5589/3914 4053/5590/3915 4050/5587/3912 4049/5586/3911 
f 4053/5590/3915 4054/5591/3916 4051/5588/3913 4050/5587/3912 
f 4055/5592/3917 4056/5593/3918 4053/5590/3915 4052/5589/3914 
f 4056/5593/3918 4057/5594/3919 4054/5591/3916 4053/5590/3915 
f 4058/5595/3920 4059/5596/3921 4056/5593/3918 4055/5592/3917 
f 4059/5596/3921 4060/5597/3922 4057/5594/3919 4056/5593/3918 
f 4061/5598/3923 4062/5599/3924 4059/5596/3921 4058/5595/3920 
f 4062/5599/3924 4063/5600/3925 4060/5597/3922 4059/5596/3921 
f 4064/5601/3926 4065/5602/3927 4062/5599/3924 4061/5598/3923 
f 4065/5602/3927 4066/5603/3928 4063/5600/3925 4062/5599/3924 
f 4067/5604/3929 4068/5605/3930 4065/5602/3927 4064/5601/3926 
f 4068/5605/3930 4069/5606/3931 4066/5603/3928 4065/5602/3927 
f 4070/5607/3932 4071/5608/3933 4069/5606/3931 4068/5605/3930 
f 4071/5608/3933 4072/5609/3934 4073/5610/3935 4069/5606/3931 
f 4074/5611/3936 4075/5612/3937 4071/5608/3933 4070/5607/3932 
f 4075/5612/3937 4076/5613/3938 4072/5609/3934 4071/5608/3933 
f 4077/5614/3939 4078/5615/3940 4075/5612/3937 4074/5611/3936 
f 4078/5615/3940 4079/5616/3941 4076/5613/3938 4075/5612/3937 
f 4080/5617/3942 4081/5618/3943 4079/5616/3941 4078/5615/3940 
f 4081/5618/3943 4082/5619/3944 4083/5620/3945 4079/5616/3941 
f 4084/5621/3946 4085/5622/3947 4081/5618/3943 4080/5617/3942 
f 4085/5622/3947 4086/5623/3948 4082/5619/3944 4081/5618/3943 
f 4087/5624/3949 4088/5625/3950 4085/5622/3947 4084/5621/3946 
f 4088/5625/3950 4089/5626/3951 4086/5623/3948 4085/5622/3947 
f 4090/5627/3952 4091/5628/3953 4088/5625/3950 4087/5624/3949 
f 4091/5628/3953 4092/5629/3954 4089/5626/3951 4088/5625/3950 
f 4093/5630/3955 4094/5631/3956 4091/5628/3953 4090/5627/3952 
f 4094/5631/3956 4095/5632/3957 4092/5629/3954 4091/5628/3953 
f 4096/5633/3958 4097/5634/3959 4094/5631/3956 4093/5630/3955 
f 4097/5634/3959 4098/5635/3960 4095/5632/3957 4094/5631/3956 
f 4099/5636/3961 4100/5637/3962 4097/5634/3959 4096/5633/3958 
f 4100/5637/3962 4101/5638/3963 4098/5635/3960 4097/5634/3959 
f 4102/5639/3964 4103/5640/3965 4100/5641/3962 4099/5642/3961 
f 4103/5640/3965 4104/5643/3966 4101/5644/3963 4100/5641/3962 
f 4105/5645/3967 4106/5646/3968 4103/5640/3965 4102/5639/3964 
f 4106/5646/3968 4107/5647/3969 4104/5643/3966 4103/5640/3965 
f 4108/5648/3970 4109/5649/3971 4106/5646/3968 4105/5645/3967 
f 4109/5649/3971 4110/5650/3972 4107/5647/3969 4106/5646/3968 
f 4111/5651/3973 4112/5652/3974 4109/5649/3971 4108/5648/3970 
f 4112/5652/3974 4113/5653/3975 4110/5650/3972 4109/5649/3971 
f 4114/5654/3976 4115/5655/3977 4112/5652/3974 4111/5651/3973 
f 4115/5655/3977 4116/5656/3978 4113/5653/3975 4112/5652/3974 
f 4117/5657/3979 4118/5658/3980 4115/5655/3977 4114/5654/3976 
f 4118/5658/3980 4119/5659/3981 4116/5656/3978 4115/5655/3977 
f 4120/5660/3982 4121/5661/3983 4118/5658/3980 4117/5657/3979 
f 4121/5661/3983 4122/5662/3984 4119/5659/3981 4118/5658/3980 
f 4123/5663/3985 4124/5664/3986 4121/5661/3983 4120/5660/3982 
f 4117/5657/3979 4125/5665/3987 4126/5666/3988 4120/5660/3982 
f 4125/5665/3987 4127/5667/3989 4128/5668/3990 4126/5666/3988 
f 4127/5667/3989 4129/5669/3991 4130/5670/3992 4128/5668/3990 
f 4129/5669/3991 4131/5671/3993 4132/5672/3994 4130/5670/3992 
f 4131/5671/3993 4133/5673/3995 4134/5674/3996 4132/5672/3994 
f 4133/5673/3995 4135/5675/3997 4136/5676/3998 4134/5674/3996 
f 4137/5677/3999 4138/5678/4000 4133/5673/3995 4131/5671/3993 
f 4138/5678/4000 4139/5679/4001 4135/5675/3997 4133/5673/3995 
f 4140/5680/4002 4141/5681/4003 4139/5679/4001 4138/5678/4000 
f 4141/5681/4003 4142/5682/4004 4143/5683/4005 4139/5679/4001 
f 4144/5684/4006 4145/5685/4007 4142/5682/4004 4141/5681/4003 
f 4145/5685/4007 4146/5686/4008 4147/5687/4009 4142/5682/4004 
f 4148/5688/4010 4149/5689/4011 4146/5686/4008 4145/5685/4007 
f 4149/5689/4011 4150/5690/4012 4151/5691/4013 4146/5686/4008 
f 4152/5692/4014 4153/5693/4015 4149/5689/4011 4148/5688/4010 
f 4153/5693/4015 4154/5694/4016 4150/5690/4012 4149/5689/4011 
f 4155/5695/4017 4156/5696/4018 4153/5693/4015 4152/5692/4014 
f 4156/5696/4018 4157/5697/4019 4154/5694/4016 4153/5693/4015 
f 4158/5698/4020 4159/5699/4021 4156/5700/4018 4155/5701/4017 
f 4159/5699/4021 4160/5702/4022 4157/5703/4019 4156/5700/4018 
f 4161/5704/4023 4162/5705/4024 4159/5699/4021 4158/5698/4020 
f 4162/5705/4024 4163/5706/4025 4160/5702/4022 4159/5699/4021 
f 4164/5707/4026 4165/5708/4027 4162/5705/4024 4161/5704/4023 
f 4165/5708/4027 4166/5709/4028 4163/5706/4025 4162/5705/4024 
f 4167/5710/4029 4168/5711/4030 4165/5708/4027 4164/5707/4026 
f 4168/5711/4030 4169/5712/4031 4166/5709/4028 4165/5708/4027 
f 4170/5713/4032 4171/5714/4033 4169/5712/4031 4168/5711/4030 
f 4171/5714/4033 4172/5715/4034 4173/5716/4035 4169/5712/4031 
f 4174/5717/4036 4175/5718/4037 4172/5715/4034 4171/5714/4033 
f 4175/5718/4037 4176/5719/4038 4177/5720/4038 4172/5715/4034 
f 4178/5721/4039 4179/5722/4040 4180/5723/4038 4176/5724/4038 
f 4179/5722/4040 4181/5725/4041 4182/5726/3875 4180/5723/4038 
f 4181/5725/4041 4183/5727/4041 4184/5728/4041 4182/5726/3875 
f 4183/5727/4041 4185/5729/4042 4186/5730/4043 4184/5728/4041 
f 4186/5730/4043 4185/5729/4042 4187/5731/4043 4188/5732/3878 
f 4188/5732/3878 4010/5733/3878 4008/5734/3877 4186/5730/4043 
f 4189/5735/3881 4190/5736/3879 4188/5732/3878 4187/5731/4043 
f 4190/5736/3879 4014/5548/3879 4010/5544/3878 4188/5732/3878 
f 4191/5737/3882 4020/5554/3882 4014/5548/3879 4190/5736/3879 
f 4192/5738/4044 4193/5739/4045 4194/5740/4046 4195/5741/4047 
f 4193/5739/4045 4196/5742/4048 4197/5743/4049 4194/5740/4046 
f 4196/5742/4048 4198/5744/4050 4199/5745/4051 4197/5743/4049 
f 4198/5744/4050 4200/5746/4052 4201/5747/4053 4199/5745/4051 
f 4200/5746/4052 4202/5748/4054 4203/5749/4055 4201/5747/4053 
f 4202/5748/4054 4204/5750/4056 4205/5751/4057 4203/5749/4055 
f 4204/5750/4056 4206/5752/4058 4207/5753/4059 4205/5751/4057 
f 4206/5752/4058 4046/5583/3908 4043/5580/3905 4207/5753/4059 
f 4208/5754/4060 4209/5755/4061 4206/5752/4058 4204/5750/4056 
f 4209/5755/4061 4049/5586/3911 4046/5583/3908 4206/5752/4058 
f 4210/5756/4062 4211/5757/4063 4209/5755/4061 4208/5754/4060 
f 4211/5757/4063 4052/5589/3914 4049/5586/3911 4209/5755/4061 
f 4212/5758/4064 4213/5759/4065 4211/5757/4063 4210/5756/4062 
f 4213/5759/4065 4055/5592/3917 4052/5589/3914 4211/5757/4063 
f 4214/5760/4066 4215/5761/4067 4213/5759/4065 4212/5758/4064 
f 4215/5761/4067 4058/5595/3920 4055/5592/3917 4213/5759/4065 
f 4216/5762/4068 4217/5763/4069 4215/5761/4067 4214/5760/4066 
f 4217/5763/4069 4061/5598/3923 4058/5595/3920 4215/5761/4067 
f 4218/5764/4070 4219/5765/4071 4217/5763/4069 4216/5762/4068 
f 4220/5766/4072 4221/5767/4073 4219/5765/4071 4218/5764/4070 
f 4221/5767/4073 4067/5604/3929 4064/5601/3926 4219/5765/4071 
f 4222/5768/4074 4223/5769/4075 4221/5767/4073 4220/5766/4072 
f 4223/5769/4075 4224/5770/4076 4067/5604/3929 4221/5767/4073 
f 4225/5771/4077 4226/5772/4078 4224/5770/4076 4223/5769/4075 
f 4226/5772/4078 4074/5611/3936 4070/5607/3932 4224/5770/4076 
f 4227/5773/4079 4228/5774/4080 4226/5772/4078 4225/5771/4077 
f 4228/5774/4080 4077/5614/3939 4074/5611/3936 4226/5772/4078 
f 4229/5775/4081 4230/5776/4082 4228/5774/4080 4227/5773/4079 
f 4230/5776/4082 4231/5777/4083 4077/5614/3939 4228/5774/4080 
f 4232/5778/4084 4233/5779/4085 4231/5777/4083 4230/5776/4082 
f 4233/5779/4085 4084/5621/3946 4080/5617/3942 4231/5777/4083 
f 4234/5780/4086 4235/5781/4087 4233/5779/4085 4232/5778/4084 
f 4235/5781/4087 4087/5624/3949 4084/5621/3946 4233/5779/4085 
f 4236/5782/4088 4237/5783/4089 4235/5781/4087 4234/5780/4086 
f 4237/5783/4089 4090/5627/3952 4087/5624/3949 4235/5781/4087 
f 4238/5784/4090 4239/5785/4091 4237/5783/4089 4236/5782/4088 
f 4239/5785/4091 4093/5630/3955 4090/5627/3952 4237/5783/4089 
f 4240/5786/4092 4241/5787/4093 4239/5785/4091 4238/5784/4090 
f 4241/5787/4093 4096/5633/3958 4093/5630/3955 4239/5785/4091 
f 4242/5788/4094 4243/5789/4095 4241/5787/4093 4240/5786/4092 
f 4243/5789/4095 4099/5636/3961 4096/5633/3958 4241/5787/4093 
f 4244/5790/4096 4245/5791/4097 4243/5792/4095 4242/5793/4094 
f 4245/5791/4097 4102/5639/3964 4099/5642/3961 4243/5792/4095 
f 4246/5794/4098 4247/5795/4099 4245/5791/4097 4244/5790/4096 
f 4247/5795/4099 4105/5645/3967 4102/5639/3964 4245/5791/4097 
f 4248/5796/4100 4249/5797/4101 4247/5795/4099 4246/5794/4098 
f 4249/5797/4101 4108/5648/3970 4105/5645/3967 4247/5795/4099 
f 4250/5798/4102 4251/5799/4103 4249/5797/4101 4248/5796/4100 
f 4251/5799/4103 4111/5651/3973 4108/5648/3970 4249/5797/4101 
f 4252/5800/4104 4253/5801/4105 4251/5799/4103 4250/5798/4102 
f 4253/5801/4105 4114/5654/3976 4111/5651/3973 4251/5799/4103 
f 4127/5667/3989 4125/5665/3987 4253/5801/4105 4252/5800/4104 
f 4250/5798/4102 4254/5802/4106 4255/5803/4107 4252/5800/4104 
f 4254/5802/4106 4256/5804/4108 4137/5677/3999 4255/5803/4107 
f 4257/5805/4109 4258/5806/4110 4256/5804/4108 4254/5802/4106 
f 4258/5806/4110 4259/5807/4111 4140/5680/4002 4256/5804/4108 
f 4260/5808/4112 4261/5809/4113 4259/5807/4111 4258/5806/4110 
f 4261/5809/4113 4262/5810/4114 4144/5684/4006 4259/5807/4111 
f 4263/5811/4115 4264/5812/4116 4262/5810/4114 4261/5809/4113 
f 4264/5812/4116 4152/5692/4014 4148/5688/4010 4262/5810/4114 
f 4265/5813/4117 4266/5814/4118 4264/5812/4116 4263/5811/4115 
f 4152/5692/4014 4264/5812/4116 4266/5814/4118 4155/5815/4017 
f 4267/5816/4119 4268/5817/4120 4266/5818/4118 4265/5819/4117 
f 4268/5817/4120 4158/5698/4020 4155/5701/4017 4266/5818/4118 
f 4269/5820/4121 4270/5821/4122 4268/5817/4120 4267/5816/4119 
f 4270/5821/4122 4161/5704/4023 4158/5698/4020 4268/5817/4120 
f 4271/5822/4123 4272/5823/4124 4270/5821/4122 4269/5820/4121 
f 4272/5823/4124 4164/5707/4026 4161/5704/4023 4270/5821/4122 
f 4273/5824/4125 4274/5825/4126 4272/5823/4124 4271/5822/4123 
f 4274/5825/4126 4167/5710/4029 4164/5707/4026 4272/5823/4124 
f 4275/5826/4127 4276/5827/4128 4274/5825/4126 4273/5824/4125 
f 4276/5827/4128 4277/5828/4129 4167/5710/4029 4274/5825/4126 
f 4278/5829/4130 4279/5830/4131 4277/5828/4129 4276/5827/4128 
f 4279/5830/4131 4280/5831/4132 4170/5713/4032 4277/5828/4129 
f 4281/5832/4133 4282/5833/4134 4280/5831/4132 4279/5830/4131 
f 4282/5833/4134 4283/5834/4135 4174/5717/4036 4280/5831/4132 
f 4284/5835/4136 4285/5836/4137 4283/5834/4135 4282/5833/4134 
f 4285/5836/4137 4286/5837/4138 4287/5838/4139 4283/5834/4135 
f 4288/5839/4140 4289/5840/4141 4286/5837/4138 4285/5836/4137 
f 4290/5841/4038 4286/5837/4138 4289/5840/4141 4291/5842/4040 
f 4290/5841/4038 4291/5842/4040 4179/5843/4040 4178/5844/4039 
f 4291/5845/4040 4289/5840/4141 4292/5846/4142 4293/5847/4143 
f 4291/5845/4040 4293/5847/4143 4181/5848/4041 4179/5849/4040 
f 4294/5850/4144 4295/5851/4143 4293/5847/4143 4292/5846/4142 
f 4183/5727/4041 4181/5725/4041 4293/5852/4143 4295/5853/4143 
f 4296/5854/4145 4297/5855/4146 4295/5851/4143 4294/5850/4144 
f 4185/5729/4042 4183/5727/4041 4295/5853/4143 4297/5856/4146 
f 4298/5857/4147 4299/5858/3881 4300/5859/4148 4301/5860/4149 
f 4299/5861/3881 4189/5735/3881 4187/5731/4043 4300/5862/4148 
f 4299/5858/3881 4298/5857/4147 4302/5863/4150 4303/5864/3881 
f 4304/5865/3881 4191/5866/3882 4190/5867/3879 4189/5868/3881 
f 4303/5864/3881 4304/5865/3881 4189/5868/3881 4299/5858/3881 
f 4305/5869/4151 4306/5870/3881 4303/5864/3881 4302/5863/4150 
f 4304/5871/3881 4303/5872/3881 4306/5870/3881 4307/5873/4152 
f 4306/5870/3881 4305/5869/4151 4192/5738/4044 4307/5873/4152 
f 4302/5863/4150 4308/5874/4153 4309/5875/4154 4305/5869/4151 
f 4308/5874/4153 4310/5876/4155 4311/5877/4156 4309/5875/4154 
f 4310/5876/4155 4312/5878/4157 4313/5879/4158 4311/5877/4156 
f 4312/5878/4157 4314/5880/4159 4315/5881/4160 4313/5879/4158 
f 4314/5880/4159 4316/5882/4161 4317/5883/4162 4315/5881/4160 
f 4316/5882/4161 4210/5756/4062 4208/5754/4060 4317/5883/4162 
f 4318/5884/4163 4319/5885/4164 4316/5882/4161 4314/5880/4159 
f 4319/5885/4164 4212/5758/4064 4210/5756/4062 4316/5882/4161 
f 4320/5886/4165 4321/5887/4166 4319/5885/4164 4318/5884/4163 
f 4321/5887/4166 4214/5760/4066 4212/5758/4064 4319/5885/4164 
f 4322/5888/4167 4323/5889/4168 4321/5887/4166 4320/5886/4165 
f 4323/5889/4168 4216/5762/4068 4214/5760/4066 4321/5887/4166 
f 4322/5890/4167 4324/5891/4169 4325/5892/4170 4323/5889/4168 
f 4325/5892/4170 4218/5764/4070 4216/5762/4068 4323/5889/4168 
f 4326/5893/4171 4327/5894/4172 4325/5892/4170 4324/5891/4169 
f 4327/5894/4172 4220/5766/4072 4218/5764/4070 4325/5892/4170 
f 4328/5895/4173 4329/5896/4174 4327/5894/4172 4326/5893/4171 
f 4329/5896/4174 4222/5768/4074 4220/5766/4072 4327/5894/4172 
f 4330/5897/4175 4331/5898/4176 4329/5896/4174 4328/5895/4173 
f 4331/5898/4176 4332/5899/4177 4222/5768/4074 4329/5896/4174 
f 4333/5900/4178 4334/5901/4179 4332/5899/4177 4331/5898/4176 
f 4334/5901/4179 4227/5773/4079 4225/5771/4077 4332/5899/4177 
f 4335/5902/4180 4336/5903/4181 4334/5901/4179 4333/5900/4178 
f 4336/5903/4181 4229/5775/4081 4227/5773/4079 4334/5901/4179 
f 4275/5826/4127 4337/5904/4182 4336/5903/4181 4335/5902/4180 
f 4337/5904/4182 4338/5905/4183 4229/5775/4081 4336/5903/4181 
f 4339/5906/4184 4340/5907/4185 4338/5905/4183 4337/5904/4182 
f 4340/5907/4185 4234/5780/4086 4232/5778/4084 4338/5905/4183 
f 4341/5908/4186 4342/5909/4187 4340/5907/4185 4339/5906/4184 
f 4342/5909/4187 4236/5782/4088 4234/5780/4086 4340/5907/4185 
f 4343/5910/4188 4344/5911/4189 4342/5909/4187 4341/5908/4186 
f 4344/5911/4189 4238/5784/4090 4236/5782/4088 4342/5909/4187 
f 4345/5912/4190 4346/5913/4191 4344/5911/4189 4343/5910/4188 
f 4346/5913/4191 4240/5786/4092 4238/5784/4090 4344/5911/4189 
f 4347/5914/4192 4348/5915/4193 4346/5913/4191 4345/5912/4190 
f 4348/5915/4193 4242/5788/4094 4240/5786/4092 4346/5913/4191 
f 4349/5916/4194 4350/5917/4195 4348/5918/4193 4347/5919/4192 
f 4350/5917/4195 4244/5790/4096 4242/5793/4094 4348/5918/4193 
f 4260/5808/4112 4351/5920/4196 4350/5917/4195 4349/5916/4194 
f 4351/5920/4196 4246/5794/4098 4244/5790/4096 4350/5917/4195 
f 4347/5919/4192 4265/5813/4117 4263/5811/4115 4349/5916/4194 
f 4345/5912/4190 4267/5816/4119 4265/5819/4117 4347/5914/4192 
f 4267/5816/4119 4345/5912/4190 4343/5910/4188 4269/5921/4121 
f 4341/5908/4186 4271/5822/4123 4269/5820/4121 4343/5910/4188 
f 4339/5906/4184 4273/5824/4125 4271/5822/4123 4341/5908/4186 
f 4337/5904/4182 4275/5826/4127 4273/5824/4125 4339/5906/4184 
f 4333/5900/4178 4352/5922/4197 4278/5829/4130 4335/5902/4180 
f 4331/5898/4176 4330/5897/4175 4352/5922/4197 4333/5900/4178 
f 4330/5897/4175 4353/5923/4198 4281/5832/4133 4352/5922/4197 
f 4328/5895/4173 4354/5924/4199 4353/5923/4198 4330/5897/4175 
f 4354/5924/4199 4355/5925/4200 4284/5835/4136 4353/5923/4198 
f 4356/5926/4201 4357/5927/4202 4355/5925/4200 4354/5924/4199 
f 4357/5927/4202 4358/5928/4203 4288/5839/4140 4355/5925/4200 
f 4359/5929/4204 4360/5930/4205 4358/5928/4203 4357/5927/4202 
f 4360/5930/4205 4294/5850/4144 4292/5846/4142 4358/5928/4203 
f 4361/5931/4206 4362/5932/4207 4360/5930/4205 4359/5929/4204 
f 4362/5932/4207 4296/5854/4145 4294/5850/4144 4360/5930/4205 
f 4363/5933/4208 4364/5934/4209 4362/5932/4207 4361/5931/4206 
f 4364/5934/4209 4301/5860/4149 4296/5854/4145 4362/5932/4207 
f 4365/5935/4210 4298/5857/4147 4301/5860/4149 4364/5934/4209 
f 4364/5934/4209 4363/5933/4208 4366/5936/4164 4365/5935/4210 
f 4310/5876/4155 4308/5874/4153 4365/5935/4210 4366/5936/4164 
f 4363/5933/4208 4367/5937/4211 4368/5938/4212 4366/5936/4164 
f 4367/5937/4211 4320/5886/4165 4318/5884/4163 4368/5938/4212 
f 4312/5878/4157 4310/5876/4155 4366/5936/4164 4368/5938/4212 
f 4361/5931/4206 4369/5939/4213 4367/5937/4211 4363/5933/4208 
f 4369/5939/4213 4322/5888/4167 4320/5886/4165 4367/5937/4211 
f 4359/5929/4204 4370/5940/4214 4369/5939/4213 4361/5931/4206 
f 4370/5940/4214 4324/5891/4169 4322/5888/4167 4369/5939/4213 
f 4357/5927/4202 4356/5926/4201 4370/5940/4214 4359/5929/4204 
f 4356/5926/4201 4326/5893/4171 4324/5891/4169 4370/5940/4214 
f 4354/5924/4199 4328/5895/4173 4326/5893/4171 4356/5926/4201 
f 4314/5880/4159 4312/5878/4157 4368/5938/4212 4318/5884/4163 
f 4202/5748/4054 4200/5746/4052 4315/5881/4160 4317/5883/4162 
f 4200/5746/4052 4198/5744/4050 4313/5879/4158 4315/5881/4160 
f 4198/5744/4050 4196/5742/4048 4311/5877/4156 4313/5879/4158 
f 4308/5874/4153 4302/5863/4150 4298/5857/4147 4365/5935/4210 
f 4196/5742/4048 4193/5739/4045 4309/5875/4154 4311/5877/4156 
f 4193/5739/4045 4192/5738/4044 4305/5869/4151 4309/5875/4154 
f 4289/5840/4141 4288/5839/4140 4358/5928/4203 4292/5846/4142 
f 4286/5941/4138 4290/5942/4038 4178/5943/4039 4287/5838/4139 
f 4178/5943/4039 4176/5719/4038 4175/5718/4037 4287/5838/4139 
f 4285/5836/4137 4284/5835/4136 4355/5925/4200 4288/5839/4140 
f 4282/5833/4134 4281/5832/4133 4353/5923/4198 4284/5835/4136 
f 4279/5830/4131 4278/5829/4130 4352/5922/4197 4281/5832/4133 
f 4276/5827/4128 4275/5826/4127 4335/5902/4180 4278/5829/4130 
f 4261/5809/4113 4260/5808/4112 4349/5916/4194 4263/5811/4115 
f 4351/5920/4196 4260/5944/4112 4258/5806/4110 4257/5805/4109 
f 4257/5805/4109 4248/5796/4100 4246/5794/4098 4351/5920/4196 
f 4254/5802/4106 4250/5798/4102 4248/5796/4100 4257/5805/4109 
f 4129/5669/3991 4127/5667/3989 4252/5800/4104 4255/5803/4107 
f 4230/5776/4082 4229/5775/4081 4338/5905/4183 4232/5778/4084 
f 4223/5769/4075 4222/5768/4074 4332/5899/4177 4225/5771/4077 
f 4204/5750/4056 4202/5748/4054 4317/5883/4162 4208/5754/4060 
f 4035/5571/3897 4033/5569/3895 4205/5751/4057 4207/5753/4059 
f 4033/5569/3895 4031/5567/3893 4203/5749/4055 4205/5751/4057 
f 4031/5567/3893 4029/5565/3891 4201/5747/4053 4203/5749/4055 
f 4029/5565/3891 4027/5563/3889 4199/5745/4051 4201/5747/4053 
f 4027/5563/3889 4025/5561/3887 4197/5743/4049 4199/5745/4051 
f 4025/5561/3887 4023/5559/3885 4194/5740/4046 4197/5743/4049 
f 4023/5559/3885 4021/5556/3883 4195/5741/4047 4194/5740/4046 
f 4300/5859/4148 4187/5945/4043 4185/5946/4042 4297/5855/4146 
f 4297/5855/4146 4296/5854/4145 4301/5860/4149 4300/5859/4148 
f 4008/5542/3877 4006/5540/3875 4184/5728/4041 4186/5730/4043 
f 4006/5540/3875 4003/5537/3875 4182/5726/3875 4184/5728/4041 
f 4003/5537/3875 4002/5536/3874 4180/5723/4038 4182/5726/3875 
f 4175/5718/4037 4174/5717/4036 4283/5834/4135 4287/5838/4139 
f 4171/5714/4033 4170/5713/4032 4280/5831/4132 4174/5717/4036 
f 4168/5711/4030 4167/5710/4029 4277/5828/4129 4170/5713/4032 
f 4145/5685/4007 4144/5684/4006 4262/5810/4114 4148/5688/4010 
f 4141/5681/4003 4140/5680/4002 4259/5807/4111 4144/5684/4006 
f 4138/5678/4000 4137/5677/3999 4256/5804/4108 4140/5680/4002 
f 4131/5671/3993 4129/5669/3991 4255/5803/4107 4137/5677/3999 
f 4371/5947/4215 4372/5948/4216 4132/5672/3994 4134/5674/3996 
f 4372/5948/4216 4373/5949/4217 4130/5670/3992 4132/5672/3994 
f 4373/5949/4217 4374/5950/4218 4128/5668/3990 4130/5670/3992 
f 4125/5665/3987 4117/5657/3979 4114/5654/3976 4253/5801/4105 
f 4374/5950/4218 4375/5951/4219 4126/5666/3988 4128/5668/3990 
f 4375/5951/4219 4123/5663/3985 4120/5660/3982 4126/5666/3988 
f 4078/5615/3940 4077/5614/3939 4231/5777/4083 4080/5617/3942 
f 4068/5605/3930 4067/5604/3929 4224/5770/4076 4070/5607/3932 
f 4061/5598/3923 4217/5952/4069 4219/5765/4071 4064/5601/3926 
f 4037/5573/3899 4035/5571/3897 4207/5753/4059 4043/5580/3905 
f 4376/5953/4220 4377/5954/4221 4038/5574/3900 4039/5575/3901 
f 4377/5954/4221 4378/5955/4222 4036/5572/3898 4038/5574/3900 
f 4378/5955/4222 4379/5956/4223 4034/5570/3896 4036/5572/3898 
f 4379/5956/4223 4380/5957/4224 4032/5568/3894 4034/5570/3896 
f 4380/5957/4224 4381/5958/4225 4030/5566/3892 4032/5568/3894 
f 4381/5958/4225 4382/5959/4226 4028/5564/3890 4030/5566/3892 
f 4382/5959/4226 4383/5960/4227 4026/5562/3888 4028/5564/3890 
f 4383/5960/4227 4384/5961/4228 4024/5560/3886 4026/5562/3888 
f 4384/5961/4228 4385/5962/4229 4022/5557/3884 4024/5560/3886 
f 4386/5963/4230 4387/5964/4231 4388/5965/4232 4389/5966/4230 
f 4387/5964/4231 4390/5967/4233 4391/5968/4234 4388/5965/4232 
f 4390/5967/4233 4392/5969/4235 4393/5970/4236 4391/5968/4234 
f 4392/5969/4235 4394/5971/4235 4395/5972/4237 4393/5970/4236 
f 4394/5971/4235 4396/5973/4238 4397/5974/4239 4395/5972/4237 
f 4397/5975/4239 4396/5973/4238 4398/5976/4240 4399/5977/4241 
f 4399/5978/4241 4398/5979/4240 4400/5980/4242 4401/5981/4243 
f 4400/5980/4242 4402/5982/4244 4403/5983/4245 4401/5981/4243 
f 4402/5982/4244 4404/5984/4246 4405/5985/4247 4403/5983/4245 
f 4404/5984/4246 4406/5986/4248 4407/5987/4249 4405/5985/4247 
f 4406/5986/4248 4408/5988/4250 4409/5989/4251 4407/5987/4249 
f 4408/5988/4250 4410/5990/4252 4411/5991/4253 4409/5989/4251 
f 4410/5990/4252 4412/5992/4254 4413/5993/4255 4411/5991/4253 
f 4412/5992/4254 4414/5994/4256 4415/5995/4257 4413/5993/4255 
f 4414/5994/4256 4416/5996/4258 4417/5997/4259 4415/5995/4257 
f 4416/5996/4258 4418/5998/4260 4419/5999/4261 4417/5997/4259 
f 4418/5998/4260 4420/6000/4262 4421/6001/4263 4419/5999/4261 
f 4420/6000/4262 4422/6002/4264 4423/6003/4265 4421/6001/4263 
f 4422/6002/4264 4424/6004/4266 4425/6005/4267 4423/6003/4265 
f 4424/6004/4266 4426/6006/4268 4427/6007/4269 4425/6005/4267 
f 4426/6006/4268 4428/6008/4270 4429/6009/4271 4427/6007/4269 
f 4430/6010/4272 4431/6011/4273 4426/6006/4268 4424/6004/4266 
f 4431/6011/4273 4432/6012/4274 4428/6008/4270 4426/6006/4268 
f 4433/6013/4275 4434/6014/4276 4431/6011/4273 4430/6010/4272 
f 4434/6014/4276 4435/6015/4277 4432/6012/4274 4431/6011/4273 
f 4436/6016/4278 4437/6017/4279 4434/6014/4276 4433/6013/4275 
f 4437/6017/4279 4438/6018/4280 4435/6015/4277 4434/6014/4276 
f 4439/6019/4281 4440/6020/4282 4437/6017/4279 4436/6016/4278 
f 4440/6020/4282 4441/6021/4283 4438/6018/4280 4437/6017/4279 
f 4442/6022/4284 4443/6023/4285 4440/6020/4282 4439/6019/4281 
f 4443/6023/4285 4444/6024/4286 4441/6021/4283 4440/6020/4282 
f 4445/6025/4287 4446/6026/4288 4443/6023/4285 4442/6022/4284 
f 4446/6026/4288 4447/6027/4289 4444/6024/4286 4443/6023/4285 
f 4448/6028/4290 4449/6029/4291 4446/6026/4288 4445/6025/4287 
f 4449/6029/4291 4450/6030/4292 4447/6027/4289 4446/6026/4288 
f 4451/6031/4293 4452/6032/4294 4449/6029/4291 4448/6028/4290 
f 4452/6032/4294 4453/6033/4295 4450/6030/4292 4449/6029/4291 
f 4454/6034/4296 4455/6035/4297 4452/6032/4294 4451/6031/4293 
f 4455/6035/4297 4456/6036/4298 4453/6033/4295 4452/6032/4294 
f 4457/6037/4299 4458/6038/4300 4455/6035/4297 4454/6034/4296 
f 4458/6038/4300 4459/6039/4301 4456/6036/4298 4455/6035/4297 
f 4460/6040/4302 4461/6041/4303 4458/6038/4300 4457/6037/4299 
f 4461/6041/4303 4462/6042/4304 4459/6039/4301 4458/6038/4300 
f 4463/6043/4305 4464/6044/4306 4462/6042/4304 4461/6041/4303 
f 4464/6044/4306 4465/6045/4307 4466/6046/4308 4462/6042/4304 
f 4467/6047/4309 4468/6048/4310 4464/6044/4306 4463/6043/4305 
f 4468/6048/4310 4469/6049/4311 4465/6045/4307 4464/6044/4306 
f 4470/6050/4312 4471/6051/4313 4468/6048/4310 4467/6047/4309 
f 4471/6051/4313 4472/6052/4314 4469/6049/4311 4468/6048/4310 
f 4473/6053/4315 4474/6054/4316 4472/6052/4314 4471/6051/4313 
f 4474/6054/4316 4475/6055/4317 4476/6056/4318 4472/6052/4314 
f 4477/6057/4319 4478/6058/4320 4474/6054/4316 4473/6053/4315 
f 4478/6058/4320 4479/6059/4321 4475/6055/4317 4474/6054/4316 
f 4480/6060/4322 4481/6061/4323 4478/6058/4320 4477/6057/4319 
f 4481/6061/4323 4482/6062/4324 4479/6059/4321 4478/6058/4320 
f 4483/6063/4325 4484/6064/4326 4481/6061/4323 4480/6060/4322 
f 4484/6064/4326 4485/6065/4327 4482/6062/4324 4481/6061/4323 
f 4486/6066/4328 4487/6067/4329 4484/6064/4326 4483/6063/4325 
f 4487/6067/4329 4488/6068/4330 4485/6065/4327 4484/6064/4326 
f 4489/6069/4331 4490/6070/4332 4487/6067/4329 4486/6066/4328 
f 4490/6070/4332 4491/6071/4333 4488/6068/4330 4487/6067/4329 
f 4492/6072/4334 4493/6073/4335 4490/6070/4332 4489/6069/4331 
f 4493/6073/4335 4494/6074/4336 4491/6071/4333 4490/6070/4332 
f 4495/6075/4337 4496/6076/4338 4493/6073/4335 4492/6072/4334 
f 4496/6076/4338 4497/6077/4339 4494/6074/4336 4493/6073/4335 
f 4498/6078/4340 4499/6079/4341 4496/6076/4338 4495/6075/4337 
f 4499/6079/4341 4500/6080/4342 4497/6077/4339 4496/6076/4338 
f 4501/6081/4343 4502/6082/4344 4499/6083/4341 4498/6084/4340 
f 4502/6082/4344 4503/6085/4345 4500/6086/4342 4499/6083/4341 
f 4504/6087/4346 4505/6088/4347 4502/6082/4344 4501/6081/4343 
f 4505/6088/4347 4506/6089/4348 4503/6085/4345 4502/6082/4344 
f 4507/6090/4349 4508/6091/4350 4505/6088/4347 4504/6087/4346 
f 4508/6091/4350 4509/6092/4351 4506/6089/4348 4505/6088/4347 
f 4510/6093/4352 4511/6094/4353 4508/6091/4350 4507/6090/4349 
f 4511/6094/4353 4512/6095/4354 4509/6092/4351 4508/6091/4350 
f 4513/6096/4355 4514/6097/4356 4511/6094/4353 4510/6093/4352 
f 4514/6097/4356 4515/6098/4357 4512/6095/4354 4511/6094/4353 
f 4516/6099/4358 4517/6100/4359 4514/6097/4356 4513/6096/4355 
f 4517/6100/4359 4518/6101/4360 4515/6098/4357 4514/6097/4356 
f 4519/6102/4361 4520/6103/4362 4517/6100/4359 4516/6099/4358 
f 4520/6103/4362 4521/6104/4363 4518/6101/4360 4517/6100/4359 
f 4522/6105/4364 4523/6106/4365 4520/6103/4362 4519/6102/4361 
f 4523/6106/4365 4524/6107/4366 4521/6104/4363 4520/6103/4362 
f 4525/6108/4367 4526/6109/4368 4523/6106/4365 4522/6105/4364 
f 4527/6110/4369 4528/6111/4370 4526/6109/4368 4525/6108/4367 
f 4528/6111/4370 4529/6112/4371 4530/6113/4372 4526/6109/4368 
f 4531/6114/4373 4532/6115/4374 4528/6111/4370 4527/6110/4369 
f 4532/6115/4374 4533/6116/4375 4529/6112/4371 4528/6111/4370 
f 4534/6117/4376 4535/6118/4377 4532/6115/4374 4531/6114/4373 
f 4527/6110/4369 4536/6119/4378 4537/6120/4379 4531/6114/4373 
f 4536/6119/4378 4538/6121/4380 4539/6122/4381 4537/6120/4379 
f 4538/6121/4380 4540/6123/4382 4541/6124/4383 4539/6122/4381 
f 4540/6123/4382 4542/6125/4384 4543/6126/4385 4541/6124/4383 
f 4542/6125/4384 4544/6127/4386 4545/6128/4387 4543/6126/4385 
f 4544/6127/4386 4546/6129/4388 4547/6130/4389 4545/6128/4387 
f 4546/6129/4388 4548/6131/4390 4549/6132/4391 4547/6130/4389 
f 4548/6131/4390 4550/6133/4392 4551/6134/4393 4549/6132/4391 
f 4550/6133/4392 4552/6135/4394 4553/6136/4395 4551/6134/4393 
f 4552/6135/4394 4554/6137/4396 4555/6138/4397 4553/6136/4395 
f 4554/6137/4396 4556/6139/4398 4557/6140/4399 4555/6138/4397 
f 4556/6139/4398 4558/6141/4400 4559/6142/4401 4557/6140/4399 
f 4558/6141/4400 4560/6143/4402 4561/6144/4403 4559/6142/4401 
f 4560/6143/4402 4562/6145/4404 4563/6146/4405 4561/6144/4403 
f 4564/6147/4406 4565/6148/4407 4561/6144/4403 4563/6146/4405 
f 4566/6149/4408 4567/6150/4409 4560/6143/4402 4558/6141/4400 
f 4567/6150/4409 4568/6151/4410 4562/6145/4404 4560/6143/4402 
f 4569/6152/4411 4570/6153/4412 4567/6150/4409 4566/6149/4408 
f 4570/6153/4412 4571/6154/4413 4568/6151/4410 4567/6150/4409 
f 4572/6155/4414 4573/6156/4415 4570/6153/4412 4569/6152/4411 
f 4573/6156/4415 4574/6157/4416 4571/6154/4413 4570/6153/4412 
f 4575/6158/4417 4576/6159/4418 4574/6157/4416 4573/6156/4415 
f 4576/6159/4418 4577/6160/4419 4578/6161/4420 4574/6157/4416 
f 4579/6162/4419 4580/6163/4421 4581/6164/4422 4577/6165/4419 
f 4582/6166/4421 4583/6167/4419 4580/6163/4421 4579/6162/4419 
f 4583/6167/4419 4584/6168/4421 4585/6169/4422 4580/6163/4421 
f 4586/6170/4421 4587/6171/4423 4588/6172/4230 4589/6173/4421 
f 4590/6174/4230 4591/6175/4422 4585/6169/4422 4589/6173/4421 
f 4586/6170/4421 4589/6173/4421 4585/6169/4422 4584/6168/4421 
f 4592/6176/4424 4593/6177/4424 4588/6178/4230 4587/6179/4423 
f 4593/6177/4424 4592/6176/4424 4594/6180/4425 4595/6181/4423 
f 4595/6182/4423 4596/6183/4424 4386/5963/4230 4593/6177/4424 
f 4597/6184/4425 4598/6185/4424 4596/6183/4424 4595/6182/4423 
f 4598/6185/4424 4599/6186/4426 4600/6187/4231 4596/6183/4424 
f 4599/6186/4426 4013/5547/3877 4601/6188/4427 4600/6187/4231 
f 4013/5547/3877 4012/5546/3878 4602/6189/4428 4601/6188/4427 
f 4012/5546/3878 4016/5550/3880 4603/6190/4429 4602/6189/4428 
f 4016/5550/3880 4604/6191/3882 4605/6192/4430 4603/6190/4429 
f 4604/6191/3882 4606/6193/4431 4607/6194/4431 4605/6192/4430 
f 4606/6195/4431 4385/5962/4229 4608/6196/4432 4607/6197/4431 
f 4385/5962/4229 4384/5961/4228 4609/6198/4433 4608/6196/4432 
f 4384/5961/4228 4383/5960/4227 4610/6199/4434 4609/6198/4433 
f 4383/5960/4227 4382/5959/4226 4611/6200/4435 4610/6199/4434 
f 4382/5959/4226 4381/5958/4225 4612/6201/4436 4611/6200/4435 
f 4381/5958/4225 4380/5957/4224 4613/6202/4437 4612/6201/4436 
f 4380/5957/4224 4379/5956/4223 4614/6203/4438 4613/6202/4437 
f 4379/5956/4223 4378/5955/4222 4615/6204/4439 4614/6203/4438 
f 4378/5955/4222 4377/5954/4221 4616/6205/4440 4615/6204/4439 
f 4377/5954/4221 4376/5953/4220 4617/6206/4441 4616/6205/4440 
f 4376/5953/4220 4618/6207/4442 4619/6208/4443 4617/6206/4441 
f 4618/6207/4442 4620/6209/4444 4621/6210/4445 4619/6208/4443 
f 4620/6209/4444 4433/6013/4275 4430/6010/4272 4621/6210/4445 
f 4042/5579/3904 4622/6211/4446 4620/6209/4444 4618/6207/4442 
f 4622/6211/4446 4436/6016/4278 4433/6013/4275 4620/6209/4444 
f 4041/5578/3903 4623/6212/4447 4622/6211/4446 4042/5579/3904 
f 4623/6212/4447 4439/6019/4281 4436/6016/4278 4622/6211/4446 
f 4045/5582/3907 4624/6213/4448 4623/6212/4447 4041/5578/3903 
f 4624/6213/4448 4442/6022/4284 4439/6019/4281 4623/6212/4447 
f 4048/5585/3910 4625/6214/4449 4624/6213/4448 4045/5582/3907 
f 4625/6214/4449 4445/6025/4287 4442/6022/4284 4624/6213/4448 
f 4051/5588/3913 4626/6215/4450 4625/6214/4449 4048/5585/3910 
f 4626/6215/4450 4448/6028/4290 4445/6025/4287 4625/6214/4449 
f 4054/5591/3916 4627/6216/4451 4626/6215/4450 4051/5588/3913 
f 4627/6216/4451 4451/6031/4293 4448/6028/4290 4626/6215/4450 
f 4057/5594/3919 4628/6217/4452 4627/6216/4451 4054/5591/3916 
f 4628/6217/4452 4454/6034/4296 4451/6031/4293 4627/6216/4451 
f 4060/5597/3922 4629/6218/4453 4628/6217/4452 4057/5594/3919 
f 4629/6218/4453 4457/6037/4299 4454/6034/4296 4628/6217/4452 
f 4063/5600/3925 4630/6219/4454 4629/6218/4453 4060/5597/3922 
f 4630/6219/4454 4460/6040/4302 4457/6037/4299 4629/6218/4453 
f 4066/5603/3928 4631/6220/4455 4630/6219/4454 4063/5600/3925 
f 4631/6220/4455 4632/6221/4456 4460/6040/4302 4630/6219/4454 
f 4073/5610/3935 4633/6222/4457 4632/6221/4456 4631/6220/4455 
f 4633/6222/4457 4467/6047/4309 4463/6043/4305 4632/6221/4456 
f 4072/5609/3934 4634/6223/4458 4633/6222/4457 4073/5610/3935 
f 4634/6223/4458 4470/6050/4312 4467/6047/4309 4633/6222/4457 
f 4076/5613/3938 4635/6224/4459 4634/6223/4458 4072/5609/3934 
f 4635/6224/4459 4636/6225/4460 4470/6050/4312 4634/6223/4458 
f 4083/5620/3945 4637/6226/4461 4636/6225/4460 4635/6224/4459 
f 4637/6226/4461 4477/6057/4319 4473/6053/4315 4636/6225/4460 
f 4082/5619/3944 4638/6227/4462 4637/6226/4461 4083/5620/3945 
f 4638/6227/4462 4480/6060/4322 4477/6057/4319 4637/6226/4461 
f 4086/5623/3948 4639/6228/4463 4638/6227/4462 4082/5619/3944 
f 4639/6228/4463 4483/6063/4325 4480/6060/4322 4638/6227/4462 
f 4089/5626/3951 4640/6229/4464 4639/6228/4463 4086/5623/3948 
f 4640/6229/4464 4486/6066/4328 4483/6063/4325 4639/6228/4463 
f 4092/5629/3954 4641/6230/4465 4640/6229/4464 4089/5626/3951 
f 4641/6230/4465 4489/6069/4331 4486/6066/4328 4640/6229/4464 
f 4095/5632/3957 4642/6231/4466 4641/6230/4465 4092/5629/3954 
f 4642/6231/4466 4492/6072/4334 4489/6069/4331 4641/6230/4465 
f 4098/5635/3960 4643/6232/4467 4642/6231/4466 4095/5632/3957 
f 4643/6232/4467 4495/6075/4337 4492/6072/4334 4642/6231/4466 
f 4101/5638/3963 4644/6233/4468 4643/6232/4467 4098/5635/3960 
f 4644/6233/4468 4498/6078/4340 4495/6075/4337 4643/6232/4467 
f 4104/5643/3966 4645/6234/4469 4644/6235/4468 4101/5644/3963 
f 4645/6234/4469 4501/6081/4343 4498/6084/4340 4644/6235/4468 
f 4107/5647/3969 4646/6236/4470 4645/6234/4469 4104/5643/3966 
f 4646/6236/4470 4504/6087/4346 4501/6081/4343 4645/6234/4469 
f 4110/5650/3972 4647/6237/4471 4646/6236/4470 4107/5647/3969 
f 4647/6237/4471 4507/6090/4349 4504/6087/4346 4646/6236/4470 
f 4113/5653/3975 4648/6238/4472 4647/6237/4471 4110/5650/3972 
f 4648/6238/4472 4510/6093/4352 4507/6090/4349 4647/6237/4471 
f 4116/5656/3978 4649/6239/4473 4648/6238/4472 4113/5653/3975 
f 4649/6239/4473 4513/6096/4355 4510/6093/4352 4648/6238/4472 
f 4119/5659/3981 4650/6240/4474 4649/6239/4473 4116/5656/3978 
f 4650/6240/4474 4516/6099/4358 4513/6096/4355 4649/6239/4473 
f 4122/5662/3984 4651/6241/4475 4650/6240/4474 4119/5659/3981 
f 4651/6241/4475 4519/6102/4361 4516/6099/4358 4650/6240/4474 
f 4652/6242/4476 4653/6243/4477 4651/6241/4475 4122/5662/3984 
f 4653/6243/4477 4522/6105/4364 4519/6102/4361 4651/6241/4475 
f 4654/6244/4478 4655/6245/4479 4653/6243/4477 4652/6242/4476 
f 4655/6245/4479 4525/6108/4367 4522/6105/4364 4653/6243/4477 
f 4538/6121/4380 4536/6119/4378 4655/6245/4479 4654/6244/4478 
f 4652/6242/4476 4124/5664/3986 4656/6246/4480 4654/6244/4478 
f 4124/5664/3986 4123/5663/3985 4657/6247/4481 4656/6246/4480 
f 4123/5663/3985 4375/5951/4219 4658/6248/4482 4657/6247/4481 
f 4375/5951/4219 4374/5950/4218 4659/6249/4483 4658/6248/4482 
f 4374/5950/4218 4373/5949/4217 4660/6250/4484 4659/6249/4483 
f 4373/5949/4217 4372/5948/4216 4661/6251/4485 4660/6250/4484 
f 4372/5948/4216 4371/5947/4215 4662/6252/4486 4661/6251/4485 
f 4371/5947/4215 4663/6253/4487 4664/6254/4488 4662/6252/4486 
f 4663/6253/4487 4665/6255/4489 4666/6256/4490 4664/6254/4488 
f 4665/6255/4489 4569/6152/4411 4566/6149/4408 4666/6256/4490 
f 4136/5676/3998 4667/6257/4491 4665/6255/4489 4663/6253/4487 
f 4667/6257/4491 4572/6155/4414 4569/6152/4411 4665/6255/4489 
f 4135/5675/3997 4668/6258/4492 4667/6257/4491 4136/5676/3998 
f 4668/6258/4492 4669/6259/4493 4572/6155/4414 4667/6257/4491 
f 4143/5683/4005 4670/6260/4494 4669/6259/4493 4668/6258/4492 
f 4670/6260/4494 4671/6261/4495 4575/6158/4417 4669/6259/4493 
f 4147/5687/4009 4672/6262/4496 4671/6261/4495 4670/6260/4494 
f 4672/6262/4496 4673/6263/4497 4674/6264/4498 4671/6261/4495 
f 4151/5691/4013 4675/6265/4499 4673/6263/4497 4672/6262/4496 
f 4150/5690/4012 4676/6266/4500 4675/6265/4499 4151/5691/4013 
f 4154/5694/4016 4677/6267/4501 4676/6266/4500 4150/5690/4012 
f 4157/5697/4019 4678/6268/4502 4677/6267/4501 4154/5694/4016 
f 4678/6268/4502 4587/6269/4423 4586/6270/4421 4677/6267/4501 
f 4160/5702/4022 4679/6271/4503 4678/6272/4502 4157/5703/4019 
f 4679/6271/4503 4592/6273/4424 4587/6274/4423 4678/6272/4502 
f 4163/5706/4025 4680/6275/4504 4679/6271/4503 4160/5702/4022 
f 4680/6275/4504 4594/6276/4425 4592/6273/4424 4679/6271/4503 
f 4166/5709/4028 4681/6277/4505 4680/6275/4504 4163/5706/4025 
f 4681/6277/4505 4682/6278/4506 4594/6276/4425 4680/6275/4504 
f 4173/5716/4035 4683/6279/4039 4682/6278/4506 4681/6277/4505 
f 4683/6280/4039 4005/5539/3874 4597/6184/4425 4682/6281/4506 
f 4177/6282/4038 4176/5724/4038 4180/6283/4038 4002/5536/3874 
f 4177/6282/4038 4002/5536/3874 4005/5539/3874 4683/6280/4039 
f 4683/6279/4039 4173/5716/4035 4172/5715/4034 4177/5720/4038 
f 4681/6277/4505 4166/5709/4028 4169/5712/4031 4173/5716/4035 
f 4672/6262/4496 4147/5687/4009 4146/5686/4008 4151/5691/4013 
f 4670/6260/4494 4143/5683/4005 4142/5682/4004 4147/5687/4009 
f 4668/6258/4492 4135/5675/3997 4139/5679/4001 4143/5683/4005 
f 4663/6253/4487 4371/5947/4215 4134/5674/3996 4136/5676/3998 
f 4556/6139/4398 4554/6137/4396 4664/6254/4488 4666/6256/4490 
f 4554/6137/4396 4552/6135/4394 4662/6252/4486 4664/6254/4488 
f 4552/6135/4394 4550/6133/4392 4661/6251/4485 4662/6252/4486 
f 4550/6133/4392 4548/6131/4390 4660/6250/4484 4661/6251/4485 
f 4548/6131/4390 4546/6129/4388 4659/6249/4483 4660/6250/4484 
f 4546/6129/4388 4544/6127/4386 4658/6248/4482 4659/6249/4483 
f 4544/6127/4386 4542/6125/4384 4657/6247/4481 4658/6248/4482 
f 4124/5664/3986 4652/6242/4476 4122/5662/3984 4121/5661/3983 
f 4542/6125/4384 4540/6123/4382 4656/6246/4480 4657/6247/4481 
f 4540/6123/4382 4538/6121/4380 4654/6244/4478 4656/6246/4480 
f 4635/6224/4459 4076/5613/3938 4079/5616/3941 4083/5620/3945 
f 4631/6220/4455 4066/5603/3928 4069/5606/3931 4073/5610/3935 
f 4618/6207/4442 4376/5953/4220 4039/5575/3901 4042/5579/3904 
f 4422/6002/4264 4420/6000/4262 4619/6208/4443 4621/6210/4445 
f 4420/6000/4262 4418/5998/4260 4617/6206/4441 4619/6208/4443 
f 4418/5998/4260 4416/5996/4258 4616/6205/4440 4617/6206/4441 
f 4416/5996/4258 4414/5994/4256 4615/6204/4439 4616/6205/4440 
f 4414/5994/4256 4412/5992/4254 4614/6203/4438 4615/6204/4439 
f 4412/5992/4254 4410/5990/4252 4613/6202/4437 4614/6203/4438 
f 4410/5990/4252 4408/5988/4250 4612/6201/4436 4613/6202/4437 
f 4408/5988/4250 4406/5986/4248 4611/6200/4435 4612/6201/4436 
f 4406/5986/4248 4404/5984/4246 4610/6199/4434 4611/6200/4435 
f 4404/5984/4246 4402/5982/4244 4609/6198/4433 4610/6199/4434 
f 4402/5982/4244 4400/5980/4242 4608/6196/4432 4609/6198/4433 
f 4400/5980/4242 4398/5979/4240 4607/6197/4431 4608/6196/4432 
f 4606/6195/4431 4604/6284/3882 4019/6285/3882 4018/5558/3882 
f 4018/5558/3882 4022/5557/3884 4385/5962/4229 4606/6195/4431 
f 4398/5976/4240 4396/5973/4238 4605/6192/4430 4607/6194/4431 
f 4604/6191/3882 4016/5550/3880 4015/5549/3880 4019/5553/3882 
f 4015/5549/3880 4014/5548/3879 4020/5554/3882 4019/5553/3882 
f 4396/5973/4238 4394/5971/4235 4603/6190/4429 4605/6192/4430 
f 4394/5971/4235 4392/5969/4235 4602/6189/4428 4603/6190/4429 
f 4392/5969/4235 4390/5967/4233 4601/6188/4427 4602/6189/4428 
f 4007/5541/3876 4009/5543/3877 4013/5547/3877 4599/6186/4426 
f 4390/5967/4233 4387/5964/4231 4600/6187/4231 4601/6188/4427 
f 4387/5964/4231 4386/5963/4230 4596/6183/4424 4600/6187/4231 
f 4598/6185/4424 4597/6184/4425 4005/5539/3874 4004/5538/3874 
f 4004/5538/3874 4007/5541/3876 4599/6186/4426 4598/6185/4424 
f 4595/6182/4423 4594/6180/4425 4682/6281/4506 4597/6184/4425 
f 4391/5968/4234 4684/6286/4507 4685/6287/4232 4388/5965/4232 
f 4388/5965/4232 4685/6287/4232 4590/6288/4230 4389/5966/4230 
f 4389/5966/4230 4590/6288/4230 4589/6289/4421 4588/6178/4230 
f 4389/5966/4230 4588/6178/4230 4593/6290/4424 4386/5963/4230 
f 4677/6291/4501 4586/6292/4421 4584/6293/4421 4676/6294/4500 
f 4582/6295/4421 4673/6296/4497 4675/6265/4499 4583/6297/4419 
f 4583/6297/4419 4675/6265/4499 4676/6294/4500 4584/6293/4421 
f 4591/6298/4422 4581/6164/4422 4580/6163/4421 4585/6169/4422 
f 4673/6299/4497 4582/6300/4421 4579/6301/4419 4674/6264/4498 
f 4579/6301/4419 4577/6160/4419 4576/6159/4418 4674/6264/4498 
f 4576/6159/4418 4575/6158/4417 4671/6261/4495 4674/6264/4498 
f 4573/6156/4415 4572/6155/4414 4669/6259/4493 4575/6158/4417 
f 4558/6141/4400 4556/6139/4398 4666/6256/4490 4566/6149/4408 
f 4565/6148/4407 4686/6302/4508 4559/6142/4401 4561/6144/4403 
f 4686/6302/4508 4687/6303/4509 4557/6140/4399 4559/6142/4401 
f 4687/6303/4509 4688/6304/4510 4555/6138/4397 4557/6140/4399 
f 4688/6304/4510 4689/6305/4511 4553/6136/4395 4555/6138/4397 
f 4689/6305/4511 4690/6306/4512 4551/6134/4393 4553/6136/4395 
f 4690/6306/4512 4691/6307/4513 4549/6132/4391 4551/6134/4393 
f 4691/6307/4513 4692/6308/4514 4547/6130/4389 4549/6132/4391 
f 4692/6308/4514 4693/6309/4515 4545/6128/4387 4547/6130/4389 
f 4693/6309/4515 4694/6310/4516 4543/6126/4385 4545/6128/4387 
f 4694/6310/4516 4695/6311/4517 4541/6124/4383 4543/6126/4385 
f 4695/6311/4517 4696/6312/4518 4539/6122/4381 4541/6124/4383 
f 4536/6119/4378 4527/6110/4369 4525/6108/4367 4655/6245/4479 
f 4696/6312/4518 4697/6313/4519 4537/6120/4379 4539/6122/4381 
f 4697/6313/4519 4534/6117/4376 4531/6114/4373 4537/6120/4379 
f 4471/6051/4313 4470/6050/4312 4636/6225/4460 4473/6053/4315 
f 4461/6041/4303 4460/6040/4302 4632/6221/4456 4463/6043/4305 
f 4424/6004/4266 4422/6002/4264 4621/6210/4445 4430/6010/4272 
f 4698/6314/4520 4699/6315/4521 4425/6005/4267 4427/6007/4269 
f 4700/6316/4522 4701/6317/4523 4699/6315/4521 4698/6314/4520 
f 4701/6317/4523 4702/6318/4524 4703/6319/4525 4699/6315/4521 
f 4702/6318/4524 4704/6320/4526 4705/6321/4527 4703/6319/4525 
f 4704/6320/4526 4706/6322/4528 4707/6323/4529 4705/6321/4527 
f 4706/6322/4528 4708/6324/4530 4709/6325/4531 4707/6323/4529 
f 4708/6324/4530 4710/6326/4532 4711/6327/4533 4709/6325/4531 
f 4710/6326/4532 4712/6328/4534 4713/6329/4535 4711/6327/4533 
f 4712/6328/4534 4714/6330/4536 4715/6331/4537 4713/6329/4535 
f 4714/6330/4536 4716/6332/4538 4717/6333/4539 4715/6331/4537 
f 4716/6332/4538 4718/6334/4540 4719/6335/4541 4717/6333/4539 
f 4718/6334/4540 4720/6336/4542 4721/6337/4543 4719/6335/4541 
f 4720/6336/4542 4722/6338/4544 4723/6339/4545 4721/6337/4543 
f 4722/6338/4544 4724/6340/4546 4725/6341/4547 4723/6339/4545 
f 4726/6342/4239 4725/6341/4547 4724/6340/4546 4727/6343/4548 
f 4727/6343/4548 4728/6344/4548 4729/6345/4549 4726/6342/4239 
f 4728/6346/4548 4730/6347/4550 4731/6348/4551 4729/6349/4549 
f 4732/6350/4552 4731/6348/4551 4730/6347/4550 4733/6351/4553 
f 4733/6351/4553 4730/6347/4550 4734/6352/4554 4735/6353/4555 
f 4736/6354/4552 4732/6350/4552 4733/6351/4553 4737/6355/4556 
f 4735/6353/4555 4738/6356/4555 4737/6355/4556 4733/6351/4553 
f 4739/6357/4557 4740/6358/4558 4735/6359/4555 4734/6360/4554 
f 4738/6361/4555 4735/6359/4555 4740/6358/4558 4741/6362/4558 
f 4738/6361/4555 4741/6362/4558 4742/6363/4559 4743/6364/4560 
f 4739/6365/4557 4744/6366/4561 4745/6367/4562 4740/6368/4558 
f 4744/6366/4561 4746/6369/4563 4747/6370/4564 4745/6367/4562 
f 4746/6369/4563 4748/6371/4565 4749/6372/4566 4747/6370/4564 
f 4748/6371/4565 4750/6373/4567 4751/6374/4568 4749/6372/4566 
f 4750/6373/4567 4752/6375/4569 4753/6376/4570 4751/6374/4568 
f 4752/6375/4569 4754/6377/4571 4755/6378/4572 4753/6376/4570 
f 4754/6377/4571 4756/6379/4573 4757/6380/4574 4755/6378/4572 
f 4756/6379/4573 4758/6381/4575 4759/6382/4576 4757/6380/4574 
f 4758/6381/4575 4760/6383/4577 4761/6384/4578 4759/6382/4576 
f 4760/6383/4577 4762/6385/4579 4763/6386/4580 4761/6384/4578 
f 4762/6385/4579 4764/6387/4581 4765/6388/4582 4763/6386/4580 
f 4764/6387/4581 4766/6389/4583 4767/6390/4584 4765/6388/4582 
f 4766/6389/4583 4768/6391/4585 4769/6392/4586 4767/6390/4584 
f 4768/6391/4585 4770/6393/4587 4771/6394/4588 4769/6392/4586 
f 4770/6393/4587 4772/6395/4589 4773/6396/4590 4771/6394/4588 
f 4774/6397/4591 4775/6398/4592 4770/6393/4587 4768/6391/4585 
f 4775/6398/4592 4776/6399/4593 4772/6395/4589 4770/6393/4587 
f 4777/6400/4594 4778/6401/4595 4775/6398/4592 4774/6397/4591 
f 4778/6401/4595 4779/6402/4596 4776/6399/4593 4775/6398/4592 
f 4780/6403/4597 4781/6404/4598 4778/6401/4595 4777/6400/4594 
f 4781/6404/4598 4782/6405/4599 4779/6402/4596 4778/6401/4595 
f 4701/6317/4523 4700/6316/4522 4781/6404/4598 4780/6403/4597 
f 4777/6400/4594 4783/6406/4600 4784/6407/4601 4780/6403/4597 
f 4783/6406/4600 4785/6408/4602 4786/6409/4603 4784/6407/4601 
f 4785/6408/4602 4787/6410/4604 4788/6411/4605 4786/6409/4603 
f 4787/6410/4604 4789/6412/4606 4790/6413/4607 4788/6411/4605 
f 4789/6412/4606 4791/6414/4608 4792/6415/4609 4790/6413/4607 
f 4791/6414/4608 4793/6416/4610 4794/6417/4611 4792/6415/4609 
f 4793/6416/4610 4795/6418/4612 4796/6419/4613 4794/6417/4611 
f 4795/6418/4612 4797/6420/4614 4798/6421/4615 4796/6419/4613 
f 4797/6420/4614 4799/6422/4616 4800/6423/4617 4798/6421/4615 
f 4799/6422/4616 4801/6424/4618 4802/6425/4619 4800/6423/4617 
f 4801/6424/4618 4803/6426/4620 4804/6427/4621 4802/6425/4619 
f 4803/6426/4620 4805/6428/4622 4806/6429/4623 4804/6427/4621 
f 4805/6428/4622 4807/6430/4624 4808/6431/4625 4806/6429/4623 
f 4807/6432/4624 4809/6433/4626 4810/6434/4625 4808/6435/4625 
f 4809/6433/4626 4739/6357/4557 4734/6360/4554 4810/6434/4625 
f 4807/6430/4624 4805/6428/4622 4811/6436/4627 4809/6437/4626 
f 4744/6366/4561 4739/6365/4557 4809/6437/4626 4811/6436/4627 
f 4805/6428/4622 4803/6426/4620 4812/6438/4628 4811/6436/4627 
f 4746/6369/4563 4744/6366/4561 4811/6436/4627 4812/6438/4628 
f 4803/6426/4620 4801/6424/4618 4813/6439/4629 4812/6438/4628 
f 4748/6371/4565 4746/6369/4563 4812/6438/4628 4813/6439/4629 
f 4724/6340/4546 4722/6338/4544 4804/6427/4621 4806/6429/4623 
f 4801/6424/4618 4799/6422/4616 4814/6440/4630 4813/6439/4629 
f 4750/6373/4567 4748/6371/4565 4813/6439/4629 4814/6440/4630 
f 4722/6338/4544 4720/6336/4542 4802/6425/4619 4804/6427/4621 
f 4799/6422/4616 4797/6420/4614 4815/6441/4631 4814/6440/4630 
f 4752/6375/4569 4750/6373/4567 4814/6440/4630 4815/6441/4631 
f 4720/6336/4542 4718/6334/4540 4800/6423/4617 4802/6425/4619 
f 4797/6420/4614 4795/6418/4612 4816/6442/4632 4815/6441/4631 
f 4754/6377/4571 4752/6375/4569 4815/6441/4631 4816/6442/4632 
f 4718/6334/4540 4716/6332/4538 4798/6421/4615 4800/6423/4617 
f 4795/6418/4612 4793/6416/4610 4817/6443/4633 4816/6442/4632 
f 4756/6379/4573 4754/6377/4571 4816/6442/4632 4817/6443/4633 
f 4716/6332/4538 4714/6330/4536 4796/6419/4613 4798/6421/4615 
f 4793/6416/4610 4791/6414/4608 4818/6444/4634 4817/6443/4633 
f 4758/6381/4575 4756/6379/4573 4817/6443/4633 4818/6444/4634 
f 4714/6330/4536 4712/6328/4534 4794/6417/4611 4796/6419/4613 
f 4791/6414/4608 4789/6412/4606 4819/6445/4635 4818/6444/4634 
f 4760/6383/4577 4758/6381/4575 4818/6444/4634 4819/6445/4635 
f 4712/6328/4534 4710/6326/4532 4792/6415/4609 4794/6417/4611 
f 4789/6412/4606 4787/6410/4604 4820/6446/4636 4819/6445/4635 
f 4762/6385/4579 4760/6383/4577 4819/6445/4635 4820/6446/4636 
f 4710/6326/4532 4708/6324/4530 4790/6413/4607 4792/6415/4609 
f 4787/6410/4604 4785/6408/4602 4821/6447/4637 4820/6446/4636 
f 4764/6387/4581 4762/6385/4579 4820/6446/4636 4821/6447/4637 
f 4708/6324/4530 4706/6322/4528 4788/6411/4605 4790/6413/4607 
f 4785/6408/4602 4783/6406/4600 4822/6448/4638 4821/6447/4637 
f 4766/6389/4583 4764/6387/4581 4821/6447/4637 4822/6448/4638 
f 4706/6322/4528 4704/6320/4526 4786/6409/4603 4788/6411/4605 
f 4783/6406/4600 4777/6400/4594 4774/6397/4591 4822/6448/4638 
f 4704/6320/4526 4702/6318/4524 4784/6407/4601 4786/6409/4603 
f 4702/6318/4524 4701/6317/4523 4780/6403/4597 4784/6407/4601 
f 4768/6391/4585 4766/6389/4583 4822/6448/4638 4774/6397/4591 
f 4823/6449/4639 4824/6450/4640 4769/6392/4586 4771/6394/4588 
f 4824/6450/4640 4825/6451/4641 4767/6390/4584 4769/6392/4586 
f 4825/6451/4641 4826/6452/4642 4765/6388/4582 4767/6390/4584 
f 4826/6452/4642 4827/6453/4643 4763/6386/4580 4765/6388/4582 
f 4827/6453/4643 4828/6454/4644 4761/6384/4578 4763/6386/4580 
f 4828/6454/4644 4829/6455/4645 4759/6382/4576 4761/6384/4578 
f 4829/6455/4645 4830/6456/4646 4757/6380/4574 4759/6382/4576 
f 4755/6378/4572 4757/6380/4574 4830/6456/4646 4831/6457/4647 
f 4741/6458/4558 4832/6459/4648 4833/6460/4649 4742/6461/4559 
f 4832/6459/4648 4834/6462/4650 4835/6463/4651 4833/6460/4649 
f 4834/6462/4650 4836/6464/4652 4837/6465/4653 4835/6463/4651 
f 4836/6464/4652 4838/6466/4654 4839/6467/4655 4837/6465/4653 
f 4838/6466/4654 4840/6468/4656 4841/6469/4657 4839/6467/4655 
f 4840/6468/4656 4831/6470/4647 4842/6471/4658 4841/6469/4657 
f 4831/6470/4647 4830/6456/4646 4843/6472/4659 4842/6471/4658 
f 4830/6456/4646 4829/6455/4645 4844/6473/4660 4843/6472/4659 
f 4829/6455/4645 4828/6454/4644 4845/6474/4661 4844/6473/4660 
f 4828/6454/4644 4827/6453/4643 4846/6475/4662 4845/6474/4661 
f 4827/6453/4643 4826/6452/4642 4847/6476/4663 4846/6475/4662 
f 4826/6452/4642 4825/6451/4641 4848/6477/4664 4847/6476/4663 
f 4825/6451/4641 4824/6450/4640 4849/6478/4665 4848/6477/4664 
f 4824/6450/4640 4823/6449/4639 4850/6479/4666 4849/6478/4665 
f 4823/6449/4639 4851/6480/4667 4852/6481/4668 4850/6479/4666 
f 4851/6480/4667 4853/6482/4669 4854/6483/4670 4852/6481/4668 
f 4853/6482/4669 4855/6484/4671 4856/6485/4672 4854/6483/4670 
f 4773/6396/4590 4857/6486/4673 4853/6482/4669 4851/6480/4667 
f 4857/6486/4673 4858/6487/4674 4855/6484/4671 4853/6482/4669 
f 4772/6395/4589 4859/6488/4675 4857/6486/4673 4773/6396/4590 
f 4859/6488/4675 4860/6489/4676 4858/6487/4674 4857/6486/4673 
f 4776/6399/4593 4861/6490/4677 4859/6488/4675 4772/6395/4589 
f 4861/6490/4677 4862/6491/4678 4860/6489/4676 4859/6488/4675 
f 4779/6402/4596 4863/6492/4679 4861/6490/4677 4776/6399/4593 
f 4863/6492/4679 4864/6493/4680 4862/6491/4678 4861/6490/4677 
f 4782/6405/4599 4865/6494/4681 4863/6492/4679 4779/6402/4596 
f 4865/6494/4681 4866/6495/4682 4864/6493/4680 4863/6492/4679 
f 4867/6496/4683 4868/6497/4684 4865/6494/4681 4782/6405/4599 
f 4868/6497/4684 4869/6498/4685 4866/6495/4682 4865/6494/4681 
f 4870/6499/4686 4871/6500/4687 4868/6497/4684 4867/6496/4683 
f 4871/6500/4687 4872/6501/4688 4869/6498/4685 4868/6497/4684 
f 4429/6009/4271 4873/6502/4689 4871/6500/4687 4870/6499/4686 
f 4873/6502/4689 4874/6503/4690 4872/6501/4688 4871/6500/4687 
f 4428/6008/4270 4875/6504/4691 4873/6502/4689 4429/6009/4271 
f 4875/6504/4691 4876/6505/4692 4874/6503/4690 4873/6502/4689 
f 4432/6012/4274 4877/6506/4693 4875/6504/4691 4428/6008/4270 
f 4877/6506/4693 4878/6507/4694 4876/6505/4692 4875/6504/4691 
f 4435/6015/4277 4879/6508/4695 4877/6506/4693 4432/6012/4274 
f 4879/6508/4695 4880/6509/4696 4878/6507/4694 4877/6506/4693 
f 4438/6018/4280 4881/6510/4697 4879/6508/4695 4435/6015/4277 
f 4881/6510/4697 4882/6511/4698 4880/6509/4696 4879/6508/4695 
f 4441/6021/4283 4883/6512/4699 4881/6510/4697 4438/6018/4280 
f 4883/6512/4699 4884/6513/4700 4882/6511/4698 4881/6510/4697 
f 4444/6024/4286 4885/6514/4701 4883/6512/4699 4441/6021/4283 
f 4885/6514/4701 4886/6515/4702 4884/6513/4700 4883/6512/4699 
f 4447/6027/4289 4887/6516/4703 4885/6514/4701 4444/6024/4286 
f 4887/6516/4703 4888/6517/4704 4886/6515/4702 4885/6514/4701 
f 4450/6030/4292 4889/6518/4705 4887/6516/4703 4447/6027/4289 
f 4889/6518/4705 4890/6519/4706 4888/6517/4704 4887/6516/4703 
f 4453/6033/4295 4891/6520/4707 4889/6518/4705 4450/6030/4292 
f 4891/6520/4707 4892/6521/4708 4890/6519/4706 4889/6518/4705 
f 4456/6036/4298 4893/6522/4709 4891/6520/4707 4453/6033/4295 
f 4893/6522/4709 4894/6523/4710 4892/6521/4708 4891/6520/4707 
f 4459/6039/4301 4895/6524/4711 4893/6522/4709 4456/6036/4298 
f 4895/6524/4711 4896/6525/4712 4894/6523/4710 4893/6522/4709 
f 4466/6046/4308 4897/6526/4713 4896/6525/4712 4895/6524/4711 
f 4897/6526/4713 4898/6527/4714 4899/6528/4715 4896/6525/4712 
f 4465/6045/4307 4900/6529/4716 4897/6526/4713 4466/6046/4308 
f 4900/6529/4716 4901/6530/4717 4898/6527/4714 4897/6526/4713 
f 4469/6049/4311 4902/6531/4718 4900/6529/4716 4465/6045/4307 
f 4902/6531/4718 4903/6532/4719 4901/6530/4717 4900/6529/4716 
f 4476/6056/4318 4904/6533/4720 4903/6532/4719 4902/6531/4718 
f 4475/6055/4317 4905/6534/4721 4904/6533/4720 4476/6056/4318 
f 4479/6059/4321 4906/6535/4722 4905/6534/4721 4475/6055/4317 
f 4482/6062/4324 4907/6536/4723 4906/6535/4722 4479/6059/4321 
f 4485/6065/4327 4908/6537/4724 4907/6536/4723 4482/6062/4324 
f 4488/6068/4330 4909/6538/4725 4908/6537/4724 4485/6065/4327 
f 4491/6071/4333 4910/6539/4726 4909/6538/4725 4488/6068/4330 
f 4494/6074/4336 4911/6540/4727 4910/6539/4726 4491/6071/4333 
f 4497/6077/4339 4912/6541/4728 4911/6540/4727 4494/6074/4336 
f 4500/6080/4342 4913/6542/4729 4912/6541/4728 4497/6077/4339 
f 4503/6085/4345 4914/6543/4730 4913/6544/4729 4500/6086/4342 
f 4506/6089/4348 4915/6545/4731 4914/6543/4730 4503/6085/4345 
f 4509/6092/4351 4916/6546/4732 4915/6545/4731 4506/6089/4348 
f 4512/6095/4354 4917/6547/4733 4916/6546/4732 4509/6092/4351 
f 4515/6098/4357 4918/6548/4734 4917/6547/4733 4512/6095/4354 
f 4518/6101/4360 4919/6549/4735 4918/6548/4734 4515/6098/4357 
f 4521/6104/4363 4920/6550/4736 4919/6549/4735 4518/6101/4360 
f 4524/6107/4366 4921/6551/4737 4920/6550/4736 4521/6104/4363 
f 4530/6113/4372 4922/6552/4738 4921/6551/4737 4524/6107/4366 
f 4529/6112/4371 4923/6553/4739 4922/6552/4738 4530/6113/4372 
f 4533/6116/4375 4924/6554/4740 4923/6553/4739 4529/6112/4371 
f 4925/6555/4741 4926/6556/4742 4924/6554/4740 4533/6116/4375 
f 4927/6557/4743 4928/6558/4744 4926/6556/4742 4925/6555/4741 
f 4929/6559/4745 4930/6560/4746 4928/6558/4744 4927/6557/4743 
f 4925/6555/4741 4535/6118/4377 4931/6561/4747 4927/6557/4743 
f 4535/6118/4377 4534/6117/4376 4932/6562/4748 4931/6561/4747 
f 4534/6117/4376 4697/6313/4519 4933/6563/4749 4932/6562/4748 
f 4697/6313/4519 4696/6312/4518 4934/6564/4750 4933/6563/4749 
f 4696/6312/4518 4695/6311/4517 4935/6565/4751 4934/6564/4750 
f 4695/6311/4517 4694/6310/4516 4936/6566/4752 4935/6565/4751 
f 4694/6310/4516 4693/6309/4515 4937/6567/4753 4936/6566/4752 
f 4693/6309/4515 4692/6308/4514 4938/6568/4754 4937/6567/4753 
f 4692/6308/4514 4691/6307/4513 4939/6569/4755 4938/6568/4754 
f 4691/6307/4513 4690/6306/4512 4940/6570/4756 4939/6569/4755 
f 4690/6306/4512 4689/6305/4511 4941/6571/4757 4940/6570/4756 
f 4689/6305/4511 4688/6304/4510 4942/6572/4758 4941/6571/4757 
f 4688/6304/4510 4687/6303/4509 4943/6573/4759 4942/6572/4758 
f 4687/6303/4509 4686/6302/4508 4944/6574/4760 4943/6573/4759 
f 4686/6302/4508 4565/6148/4407 4945/6575/4761 4944/6574/4760 
f 4565/6148/4407 4564/6147/4406 4946/6576/4762 4945/6575/4761 
f 4831/6470/4647 4840/6468/4656 4753/6376/4570 4755/6378/4572 
f 4840/6468/4656 4838/6466/4654 4751/6374/4568 4753/6376/4570 
f 4838/6466/4654 4836/6464/4652 4749/6372/4566 4751/6374/4568 
f 4836/6464/4652 4834/6462/4650 4747/6370/4564 4749/6372/4566 
f 4834/6462/4650 4832/6459/4648 4745/6367/4562 4747/6370/4564 
f 4832/6459/4648 4741/6458/4558 4740/6368/4558 4745/6367/4562 
f 4730/6347/4550 4728/6346/4548 4810/6434/4625 4734/6360/4554 
f 4393/5970/4236 4395/5972/4237 4731/6348/4551 4732/6350/4552 
f 4395/5972/4237 4397/5974/4239 4729/6349/4549 4731/6348/4551 
f 4397/5974/4239 4399/5977/4241 4726/6577/4239 4729/6349/4549 
f 4727/6343/4548 4724/6340/4546 4806/6429/4623 4808/6431/4625 
f 4808/6431/4625 4810/6578/4625 4728/6579/4548 4727/6343/4548 
f 4401/5981/4243 4403/5983/4245 4723/6339/4545 4725/6341/4547 
f 4405/5985/4247 4407/5987/4249 4719/6335/4541 4721/6337/4543 
f 4407/5987/4249 4409/5989/4251 4717/6333/4539 4719/6335/4541 
f 4409/5989/4251 4411/5991/4253 4715/6331/4537 4717/6333/4539 
f 4411/5991/4253 4413/5993/4255 4713/6329/4535 4715/6331/4537 
f 4413/5993/4255 4415/5995/4257 4711/6327/4533 4713/6329/4535 
f 4415/5995/4257 4417/5997/4259 4709/6325/4531 4711/6327/4533 
f 4417/5997/4259 4419/5999/4261 4707/6323/4529 4709/6325/4531 
f 4419/5999/4261 4421/6001/4263 4705/6321/4527 4707/6323/4529 
f 4421/6001/4263 4423/6003/4265 4703/6319/4525 4705/6321/4527 
f 4423/6003/4265 4425/6005/4267 4699/6315/4521 4703/6319/4525 
f 4700/6316/4522 4867/6496/4683 4782/6405/4599 4781/6404/4598 
f 4698/6314/4520 4870/6499/4686 4867/6496/4683 4700/6316/4522 
f 4427/6007/4269 4429/6009/4271 4870/6499/4686 4698/6314/4520 
f 4721/6337/4543 4723/6580/4545 4403/5983/4245 4405/5985/4247 
f 4726/6581/4239 4399/6582/4241 4401/5981/4243 4725/6341/4547 
f 4732/6350/4552 4736/6354/4552 4391/5968/4234 4393/5970/4236 
f 4581/6164/4422 4591/6298/4422 4947/6583/4763 4948/6584/4763 
f 4947/6583/4763 4591/6298/4422 4590/6585/4230 4685/6287/4232 
f 4947/6583/4763 4685/6287/4232 4684/6286/4507 4949/6586/4764 
f 4949/6586/4764 4950/6587/4763 4948/6588/4763 4947/6583/4763 
f 4948/6584/4763 4578/6589/4420 4577/6165/4419 4581/6164/4422 
f 4951/6590/4765 4952/6591/4766 4953/6592/4767 4954/6593/4767 
f 4954/6593/4767 4955/6594/4767 4956/6595/4768 4951/6590/4765 
f 4952/6591/4766 4957/6596/4769 4958/6597/4769 4953/6592/4767 
f 4957/6598/4769 4959/6599/4770 4960/6600/4771 4958/6601/4769 
f 4959/6599/4770 4961/6602/4772 4962/6603/4773 4960/6600/4771 
f 4961/6602/4772 4963/6604/4774 4964/6605/4775 4962/6603/4773 
f 4963/6604/4774 4965/6606/4776 4966/6607/4777 4964/6605/4775 
f 4965/6606/4776 4967/6608/4778 4968/6609/4779 4966/6607/4777 
f 4967/6608/4778 4969/6610/4780 4970/6611/4781 4968/6609/4779 
f 4969/6610/4780 4971/6612/4782 4972/6613/4783 4970/6611/4781 
f 4971/6612/4782 4973/6614/4784 4974/6615/4785 4972/6613/4783 
f 4973/6614/4784 4975/6616/4786 4976/6617/4787 4974/6615/4785 
f 4975/6616/4786 4977/6618/4788 4978/6619/4789 4976/6617/4787 
f 4977/6618/4788 4979/6620/4790 4980/6621/4791 4978/6619/4789 
f 4979/6620/4790 4981/6622/4792 4982/6623/4793 4980/6621/4791 
f 4981/6622/4792 4983/6624/4794 4984/6625/4795 4982/6623/4793 
f 4983/6624/4794 4985/6626/4796 4986/6627/4797 4984/6625/4795 
f 4985/6626/4796 4987/6628/4798 4988/6629/4799 4986/6627/4797 
f 4987/6628/4798 4989/6630/4800 4990/6631/4801 4988/6629/4799 
f 4989/6630/4800 4991/6632/4802 4992/6633/4803 4990/6631/4801 
f 4991/6632/4802 4993/6634/4804 4994/6635/4805 4992/6633/4803 
f 4995/6636/4806 4996/6637/4807 4993/6634/4804 4991/6632/4802 
f 4995/6636/4806 4997/6638/4808 4998/6639/4809 4999/6640/4810 
f 4997/6638/4808 5000/6641/4811 5001/6642/4812 4998/6639/4809 
f 5000/6641/4811 5002/6643/4813 5003/6644/4814 5001/6642/4812 
f 5002/6643/4813 5004/6645/4815 5005/6646/4816 5003/6644/4814 
f 5004/6645/4815 5006/6647/4817 5007/6648/4818 5005/6646/4816 
f 5006/6647/4817 5008/6649/4819 5009/6650/4820 5007/6648/4818 
f 5008/6649/4819 5010/6651/4821 5011/6652/4822 5009/6650/4820 
f 5010/6651/4821 5012/6653/4823 5013/6654/4824 5011/6652/4822 
f 5012/6653/4823 5014/6655/4825 5015/6656/4826 5013/6654/4824 
f 5014/6655/4825 5016/6657/4827 5017/6658/4828 5015/6656/4826 
f 5016/6657/4827 5018/6659/4829 5019/6660/4830 5017/6658/4828 
f 5018/6659/4829 5020/6661/4831 5021/6662/4832 5019/6660/4830 
f 5020/6661/4831 5022/6663/4833 5023/6664/4834 5021/6662/4832 
f 5022/6663/4833 5024/6665/4835 5025/6666/4836 5023/6664/4834 
f 5024/6665/4835 5026/6667/4837 5027/6668/4838 5025/6666/4836 
f 5026/6667/4837 5028/6669/4839 5029/6670/4840 5027/6668/4838 
f 5028/6669/4839 5030/6671/4841 5031/6672/4842 5029/6670/4840 
f 5032/6673/4766 5033/6674/4843 5034/6675/4844 5035/6676/4843 
f 5036/6677/4845 5031/6678/4842 5030/6679/4841 5037/6680/4766 
f 5035/6676/4843 5036/6677/4845 5037/6680/4766 5032/6673/4766 
f 4951/6590/4765 4956/6681/4768 5033/6682/4843 5032/6683/4766 
f 4956/6681/4768 5038/6684/4768 5039/6685/4844 5033/6682/4843 
f 5040/6686/4768 5041/6687/4844 5039/6685/4844 5038/6684/4768 
f 5041/6687/4844 5042/6688/4844 5043/6689/4844 5039/6685/4844 
f 5044/6690/4846 5045/6691/4844 5041/6687/4844 5040/6686/4768 
f 5045/6691/4844 5046/6692/4844 5042/6688/4844 5041/6687/4844 
f 5047/6693/4764 5048/6694/4847 5046/6692/4844 5045/6691/4844 
f 5047/6693/4764 5045/6691/4844 5044/6695/4846 5049/6696/4846 
f 4949/6586/4764 4684/6286/4507 5048/6694/4847 5047/6693/4764 
f 5047/6693/4764 5049/6696/4846 4950/6587/4763 4949/6586/4764 
f 4684/6286/4507 4391/5968/4234 5050/6697/4848 5048/6694/4847 
f 4391/5968/4234 4736/6354/4552 5051/6698/4849 5050/6697/4848 
f 4736/6354/4552 4737/6355/4556 5052/6699/4850 5051/6698/4849 
f 4737/6355/4556 4738/6361/4555 4743/6700/4560 5052/6699/4850 
f 5038/6684/4768 4956/6681/4768 4955/6701/4767 5053/6702/4767 
f 5054/6703/4851 5040/6686/4768 5038/6684/4768 5053/6702/4767 
f 4563/6146/4405 5054/6704/4851 5053/6705/4767 4564/6147/4406 
f 4955/6706/4767 4946/6576/4762 4564/6147/4406 5053/6705/4767 
f 4562/6145/4404 4568/6151/4410 5055/6707/4852 5056/6708/4851 
f 4562/6145/4404 5056/6708/4851 5054/6709/4851 4563/6710/4405 
f 4568/6151/4410 4571/6154/4413 5057/6711/4420 5055/6712/4852 
f 5055/6713/4852 5057/6714/4420 4950/6715/4763 5049/6696/4846 
f 4578/6589/4420 4948/6584/4763 4950/6716/4763 5057/6714/4420 
f 5057/6717/4420 4571/6154/4413 4574/6157/4416 4578/6161/4420 
f 4946/6576/4762 4955/6718/4767 4954/6719/4767 5058/6720/4853 
f 4953/6721/4767 5059/6722/4854 5058/6720/4853 4954/6719/4767 
f 5058/6720/4853 5060/6723/4855 4945/6575/4761 4946/6576/4762 
f 5060/6723/4855 5061/6724/4856 4944/6574/4760 4945/6575/4761 
f 5061/6724/4856 5062/6725/4857 4943/6573/4759 4944/6574/4760 
f 5062/6725/4857 5063/6726/4858 4942/6572/4758 4943/6573/4759 
f 5063/6726/4858 5064/6727/4859 4941/6571/4757 4942/6572/4758 
f 5064/6727/4859 5065/6728/4860 4940/6570/4756 4941/6571/4757 
f 5065/6728/4860 5066/6729/4861 4939/6569/4755 4940/6570/4756 
f 5066/6729/4861 5067/6730/4862 4938/6568/4754 4939/6569/4755 
f 5067/6730/4862 5068/6731/4863 4937/6567/4753 4938/6568/4754 
f 5068/6731/4863 5069/6732/4864 4936/6566/4752 4937/6567/4753 
f 5069/6732/4864 5070/6733/4865 4935/6565/4751 4936/6566/4752 
f 5070/6733/4865 5071/6734/4866 4934/6564/4750 4935/6565/4751 
f 5071/6734/4866 5072/6735/4867 4933/6563/4749 4934/6564/4750 
f 5072/6735/4867 5073/6736/4868 4932/6562/4748 4933/6563/4749 
f 4535/6118/4377 4925/6555/4741 4533/6116/4375 4532/6115/4374 
f 5073/6736/4868 5074/6737/4869 4931/6561/4747 4932/6562/4748 
f 5074/6737/4869 4929/6559/4745 4927/6557/4743 4931/6561/4747 
f 4523/6738/4365 4526/6109/4368 4530/6113/4372 4524/6107/4366 
f 4902/6531/4718 4469/6049/4311 4472/6052/4314 4476/6056/4318 
f 4895/6524/4711 4459/6039/4301 4462/6042/4304 4466/6046/4308 
f 4851/6480/4667 4823/6449/4639 4771/6394/4588 4773/6396/4590 
f 5075/6739/4870 5076/6740/4871 4852/6481/4668 4854/6483/4670 
f 5076/6740/4871 5077/6741/4872 4850/6479/4666 4852/6481/4668 
f 5077/6741/4872 5078/6742/4873 4849/6478/4665 4850/6479/4666 
f 5078/6742/4873 5079/6743/4874 4848/6477/4664 4849/6478/4665 
f 5079/6743/4874 5080/6744/4875 4847/6476/4663 4848/6477/4664 
f 5080/6744/4875 5081/6745/4876 4846/6475/4662 4847/6476/4663 
f 5081/6745/4876 5082/6746/4877 4845/6474/4661 4846/6475/4662 
f 5082/6746/4877 5083/6747/4878 4844/6473/4660 4845/6474/4661 
f 5083/6747/4878 5084/6748/4879 4843/6472/4659 4844/6473/4660 
f 5084/6748/4879 5085/6749/4880 4842/6471/4658 4843/6472/4659 
f 5085/6749/4880 5086/6750/4881 4841/6469/4657 4842/6471/4658 
f 5086/6750/4881 5087/6751/4882 4839/6467/4655 4841/6469/4657 
f 5087/6751/4882 5088/6752/4883 4837/6465/4653 4839/6467/4655 
f 5088/6752/4883 5089/6753/4884 4835/6463/4651 4837/6465/4653 
f 5089/6753/4884 5090/6754/4885 4833/6460/4649 4835/6463/4651 
f 5090/6754/4885 5091/6755/4886 4742/6461/4559 4833/6460/4649 
f 5091/6756/4886 5092/6757/4887 4743/6700/4560 4742/6758/4559 
f 5092/6757/4887 5093/6759/4845 5052/6699/4850 4743/6700/4560 
f 5093/6759/4845 5094/6760/4843 5051/6698/4849 5052/6699/4850 
f 5094/6760/4843 5095/6761/4844 5050/6697/4848 5051/6698/4849 
f 5048/6694/4847 5050/6697/4848 5095/6761/4844 5046/6692/4844 
f 5042/6688/4844 5096/6762/4844 5097/6763/4844 5043/6689/4844 
f 5046/6692/4844 5095/6761/4844 5096/6762/4844 5042/6688/4844 
f 5095/6761/4844 5094/6760/4843 5098/6764/4844 5096/6762/4844 
f 5094/6760/4843 5093/6759/4845 5099/6765/4888 5098/6764/4844 
f 5093/6759/4845 5092/6757/4887 5100/6766/4842 5099/6765/4888 
f 5092/6757/4887 5091/6756/4886 5101/6767/4889 5100/6766/4842 
f 5091/6755/4886 5090/6754/4885 5102/6768/4890 5101/6769/4889 
f 5090/6754/4885 5089/6753/4884 5103/6770/4891 5102/6768/4890 
f 5089/6753/4884 5088/6752/4883 5104/6771/4892 5103/6770/4891 
f 5088/6752/4883 5087/6751/4882 5105/6772/4893 5104/6771/4892 
f 5087/6751/4882 5086/6750/4881 5106/6773/4894 5105/6772/4893 
f 5086/6750/4881 5085/6749/4880 5107/6774/4895 5106/6773/4894 
f 5085/6749/4880 5084/6748/4879 5108/6775/4896 5107/6774/4895 
f 5084/6748/4879 5083/6747/4878 5109/6776/4897 5108/6775/4896 
f 5083/6747/4878 5082/6746/4877 5110/6777/4898 5109/6776/4897 
f 5082/6746/4877 5081/6745/4876 5111/6778/4899 5110/6777/4898 
f 5081/6745/4876 5080/6744/4875 5112/6779/4900 5111/6778/4899 
f 5080/6744/4875 5079/6743/4874 5113/6780/4901 5112/6779/4900 
f 5079/6743/4874 5078/6742/4873 5114/6781/4902 5113/6780/4901 
f 5078/6742/4873 5077/6741/4872 5115/6782/4903 5114/6781/4902 
f 5077/6741/4872 5076/6740/4871 5116/6783/4904 5115/6782/4903 
f 5076/6740/4871 5075/6739/4870 5117/6784/4905 5116/6783/4904 
f 5075/6739/4870 5118/6785/4906 5119/6786/4907 5117/6784/4905 
f 5120/6787/4908 5121/6788/4909 5119/6786/4907 5118/6785/4906 
f 5120/6787/4908 5118/6785/4906 5122/6789/4910 
f 5123/6790/4911 5122/6789/4910 5118/6785/4906 4856/6485/4672 
f 5123/6790/4911 4856/6485/4672 5124/6791/4912 
f 5125/6792/4913 5124/6791/4912 4856/6485/4672 4855/6484/4671 
f 5125/6792/4913 4855/6484/4671 5126/6793/4914 
f 5127/6794/4915 5126/6793/4914 4855/6484/4671 4858/6487/4674 
f 5127/6794/4915 4858/6487/4674 5128/6795/4916 
f 5129/6796/4917 5128/6795/4916 4858/6487/4674 4860/6489/4676 
f 5129/6796/4917 4860/6489/4676 5130/6797/4918 
f 5131/6798/4919 5130/6797/4918 4860/6489/4676 4862/6491/4678 
f 5131/6798/4919 4862/6491/4678 5132/6799/4920 
f 5133/6800/4921 5132/6799/4920 4862/6491/4678 4864/6493/4680 
f 5133/6800/4921 4864/6493/4680 5134/6801/4922 
f 5135/6802/4923 5134/6801/4922 4864/6493/4680 4866/6495/4682 
f 5135/6802/4923 4866/6495/4682 5136/6803/4924 
f 5137/6804/4925 5136/6803/4924 4866/6495/4682 4869/6498/4685 
f 5137/6804/4925 4869/6498/4685 5138/6805/4926 
f 5139/6806/4927 5138/6805/4926 4869/6498/4685 4872/6501/4688 
f 5139/6806/4927 4872/6501/4688 5140/6807/4928 
f 5141/6808/4929 5140/6807/4928 4872/6501/4688 4874/6503/4690 
f 5141/6808/4929 4874/6503/4690 5142/6809/4930 
f 5143/6810/4931 5142/6809/4930 4874/6503/4690 4876/6505/4692 
f 5143/6810/4931 4876/6505/4692 5144/6811/4932 
f 5145/6812/4933 5144/6811/4932 4876/6505/4692 4878/6507/4694 
f 5145/6812/4933 4878/6507/4694 5146/6813/4934 
f 5147/6814/4935 5146/6813/4934 4878/6507/4694 4880/6509/4696 
f 5147/6814/4935 4880/6509/4696 5148/6815/4936 
f 5149/6816/4937 5148/6815/4936 4880/6509/4696 4882/6511/4698 
f 5149/6816/4937 4882/6511/4698 5150/6817/4938 
f 5150/6817/4938 4882/6511/4698 4884/6513/4700 5151/6818/4939 
f 4884/6513/4700 5152/6819/4940 5151/6818/4939 
f 5152/6819/4940 4884/6513/4700 4886/6515/4702 5153/6820/4941 
f 4886/6515/4702 5154/6821/4942 5153/6820/4941 
f 5154/6821/4942 4886/6515/4702 4888/6517/4704 5155/6822/4943 
f 4888/6517/4704 5156/6823/4944 5155/6822/4943 
f 5157/6824/4945 5156/6823/4944 4888/6517/4704 4890/6519/4706 
f 5157/6824/4945 4890/6519/4706 5158/6825/4946 
f 5159/6826/4947 5158/6825/4946 4890/6519/4706 4892/6521/4708 
f 5159/6826/4947 4892/6521/4708 5160/6827/4948 
f 5160/6827/4949 5160/6827/4948 4892/6521/4708 4894/6523/4710 
f 5161/6828/4950 5160/6827/4949 4894/6523/4710 5162/6829/4951 
f 5162/6829/4951 5163/6830/4952 5164/6831/4953 5161/6828/4950 
f 5163/6830/4952 5162/6829/4951 4899/6528/4715 5165/6832/4954 
f 4899/6528/4715 5166/6833/4955 5165/6832/4954 
f 5166/6833/4955 4899/6528/4715 4898/6527/4714 5167/6834/4956 
f 4898/6527/4714 5168/6835/4957 5167/6834/4956 
f 5168/6835/4957 4898/6527/4714 4901/6530/4717 5169/6836/4958 
f 4901/6530/4717 5170/6837/4959 5169/6836/4958 
f 5171/6838/4960 5172/6839/4961 4930/6560/4746 5173/6840/4962 
f 5174/6841/4963 5171/6838/4960 5173/6840/4962 
f 4930/6560/4746 4929/6559/4745 5175/6842/4964 5173/6840/4962 
f 4929/6559/4745 5074/6737/4869 5176/6843/4965 5175/6842/4964 
f 5074/6737/4869 5073/6736/4868 5177/6844/4966 5176/6843/4965 
f 5073/6736/4868 5072/6735/4867 5178/6845/4967 5177/6844/4966 
f 5072/6735/4867 5071/6734/4866 5179/6846/4968 5178/6845/4967 
f 5071/6734/4866 5070/6733/4865 5180/6847/4969 5179/6846/4968 
f 5070/6733/4865 5069/6732/4864 5181/6848/4970 5180/6847/4969 
f 5069/6732/4864 5068/6731/4863 5182/6849/4971 5181/6848/4970 
f 5068/6731/4863 5067/6730/4862 5183/6850/4972 5182/6849/4971 
f 5067/6730/4862 5066/6729/4861 5184/6851/4973 5183/6850/4972 
f 5066/6729/4861 5065/6728/4860 5185/6852/4974 5184/6851/4973 
f 5065/6728/4860 5064/6727/4859 5186/6853/4975 5185/6852/4974 
f 5064/6727/4859 5063/6726/4858 5187/6854/4976 5186/6853/4975 
f 5063/6726/4858 5062/6725/4857 5188/6855/4977 5187/6854/4976 
f 5062/6725/4857 5061/6724/4856 5189/6856/4978 5188/6855/4977 
f 5061/6724/4856 5060/6723/4855 5190/6857/4979 5189/6856/4978 
f 5060/6723/4855 5058/6720/4853 5059/6858/4854 5190/6857/4979 
f 5044/6690/4846 5040/6859/4768 5054/6860/4851 5056/6861/4851 
f 5044/6690/4846 5056/6861/4851 5055/6713/4852 5049/6696/4846 
f 5043/6689/4844 5034/6862/4844 5033/6682/4843 5039/6685/4844 
f 4952/6591/4766 4951/6590/4765 5032/6683/4766 5037/6680/4766 
f 5191/6863/4980 5192/6864/4981 5193/6865/4982 5194/6866/4983 
f 5191/6863/4980 5194/6866/4983 5195/6867/4984 
f 5196/6868/4843 5197/6869/4985 5198/6870/4986 5199/6871/4887 
f 5197/6869/4985 5200/6872/4987 5201/6873/4988 5198/6870/4986 
f 5200/6872/4987 5202/6874/4889 5203/6875/4989 5201/6873/4988 
f 5202/6874/4889 5204/6876/4989 5205/6877/4990 5203/6875/4989 
f 5204/6878/4989 5206/6879/4991 5207/6880/4992 5205/6881/4990 
f 5206/6879/4991 5208/6882/4993 5209/6883/4994 5207/6880/4992 
f 5208/6882/4993 5210/6884/4995 5211/6885/4996 5209/6883/4994 
f 5210/6884/4995 5212/6886/4997 5213/6887/4998 5211/6885/4996 
f 5212/6886/4997 5214/6888/4999 5215/6889/5000 5213/6887/4998 
f 5214/6888/4999 5216/6890/5001 5217/6891/5002 5215/6889/5000 
f 5216/6890/5001 5218/6892/5003 5219/6893/5004 5217/6891/5002 
f 5218/6892/5003 5220/6894/5005 5221/6895/5006 5219/6893/5004 
f 5220/6894/5005 5222/6896/5007 5223/6897/5008 5221/6895/5006 
f 5222/6896/5007 5224/6898/5009 5225/6899/5010 5223/6897/5008 
f 5224/6898/5009 5226/6900/5011 5227/6901/5012 5225/6899/5010 
f 5226/6900/5011 5228/6902/5013 5229/6903/5014 5227/6901/5012 
f 5228/6902/5013 5230/6904/5015 5231/6905/5016 5229/6903/5014 
f 5230/6904/5015 5232/6906/5017 5233/6907/5018 5231/6905/5016 
f 5232/6906/5017 5234/6908/5019 5235/6909/5020 5233/6907/5018 
f 5234/6908/5019 5236/6910/5021 5237/6911/5022 5235/6909/5020 
f 5236/6910/5021 5194/6866/4983 5193/6865/4982 5237/6911/5022 
f 5238/6912/5023 5195/6867/4984 5194/6866/4983 5239/6913/5024 
f 5238/6912/5023 5239/6913/5024 5240/6914/5025 
f 5241/6915/5026 5239/6913/5024 5194/6866/4983 5236/6910/5021 
f 5242/6916/5027 5243/6917/5028 5237/6911/5022 5193/6865/4982 
f 5244/6918/5029 5245/6919/5030 5243/6917/5028 5242/6916/5027 
f 5245/6919/5030 5246/6920/5031 5247/6921/5032 5243/6917/5028 
f 5246/6920/5031 5248/6922/5033 5249/6923/5034 5247/6921/5032 
f 5248/6922/5033 5250/6924/5035 5251/6925/5036 5249/6923/5034 
f 5250/6924/5035 5252/6926/5037 5253/6927/5038 5251/6925/5036 
f 5252/6926/5037 5254/6928/5039 5255/6929/5040 5253/6927/5038 
f 5254/6928/5039 5256/6930/5041 5257/6931/5042 5255/6929/5040 
f 5256/6930/5041 5258/6932/5043 5259/6933/5044 5257/6931/5042 
f 5258/6932/5043 5260/6934/5045 5261/6935/5046 5259/6933/5044 
f 5260/6934/5045 5262/6936/5047 5263/6937/5048 5261/6935/5046 
f 5262/6936/5047 5264/6938/5049 5265/6939/5050 5263/6937/5048 
f 5264/6938/5049 5266/6940/5051 5267/6941/5052 5265/6939/5050 
f 5266/6940/5051 5268/6942/5053 5269/6943/5054 5267/6941/5052 
f 5268/6942/5053 5270/6944/5055 5271/6945/5056 5269/6943/5054 
f 5270/6944/5055 5272/6946/5057 5273/6947/5058 5271/6945/5056 
f 5272/6946/5057 5274/6948/5059 5275/6949/5060 5273/6947/5058 
f 5203/6875/4989 5205/6877/4990 5276/6950/4990 5277/6951/4990 
f 5278/6952/5061 5279/6953/4989 5277/6954/4990 5274/6948/5059 
f 5276/6955/4990 5275/6956/5060 5274/6948/5059 5277/6954/4990 
f 5201/6873/4988 5203/6875/4989 5277/6951/4990 5279/6957/4989 
f 5280/6958/5062 5281/6959/4889 5279/6960/4989 5278/6961/5061 
f 5198/6870/4986 5201/6873/4988 5279/6957/4989 5281/6962/4889 
f 5282/6963/5063 5283/6964/4987 5281/6959/4889 5280/6958/5062 
f 5199/6871/4887 5198/6870/4986 5281/6962/4889 5283/6965/4987 
f 5199/6871/4887 5283/6965/4987 5031/6678/4842 5036/6677/4845 
f 5036/6677/4845 5035/6966/4843 5196/6967/4843 5199/6871/4887 
f 5029/6670/4840 5031/6672/4842 5283/6964/4987 5282/6963/5063 
f 5282/6968/5063 5280/6958/5062 5284/6969/5064 5285/6970/5065 
f 5284/6969/5064 5286/6971/5066 5287/6972/5067 5285/6970/5065 
f 5286/6971/5066 5288/6973/5068 5289/6974/5069 5287/6972/5067 
f 5288/6973/5068 5290/6975/5070 5291/6976/5071 5289/6974/5069 
f 5290/6975/5070 5292/6977/5072 5293/6978/5073 5291/6976/5071 
f 5292/6977/5072 5294/6979/5074 5295/6980/5075 5293/6978/5073 
f 5294/6979/5074 5296/6981/5076 5297/6982/5077 5295/6980/5075 
f 5296/6981/5076 5298/6983/5078 5299/6984/5079 5297/6982/5077 
f 5298/6983/5078 5300/6985/5080 5301/6986/5081 5299/6984/5079 
f 5300/6985/5080 5302/6987/5082 5303/6988/5083 5301/6986/5081 
f 5302/6987/5082 5304/6989/5084 5305/6990/5085 5303/6988/5083 
f 5304/6989/5084 5306/6991/5086 5307/6992/5087 5305/6990/5085 
f 5306/6991/5086 5308/6993/5088 5309/6994/5089 5307/6992/5087 
f 5308/6993/5088 5310/6995/5090 5311/6996/5091 5309/6994/5089 
f 5310/6995/5090 5312/6997/5092 5313/6998/5093 5311/6996/5091 
f 5312/6997/5092 5314/6999/5094 5315/7000/5095 5313/6998/5093 
f 5316/7001/5096 5317/7002/5097 5314/6999/5094 5312/6997/5092 
f 5245/6919/5030 5244/6918/5029 5317/7002/5097 5316/7001/5096 
f 5312/6997/5092 5310/6995/5090 5318/7003/5098 5316/7001/5096 
f 5246/6920/5031 5245/6919/5030 5316/7001/5096 5318/7003/5098 
f 4999/6640/4810 4998/6639/4809 5313/6998/5093 5315/7000/5095 
f 5310/6995/5090 5308/6993/5088 5319/7004/5099 5318/7003/5098 
f 5248/6922/5033 5246/6920/5031 5318/7003/5098 5319/7004/5099 
f 4998/6639/4809 5001/6642/4812 5311/6996/5091 5313/6998/5093 
f 5308/6993/5088 5306/6991/5086 5320/7005/5100 5319/7004/5099 
f 5250/6924/5035 5248/6922/5033 5319/7004/5099 5320/7005/5100 
f 5001/6642/4812 5003/6644/4814 5309/6994/5089 5311/6996/5091 
f 5306/6991/5086 5304/6989/5084 5321/7006/5101 5320/7005/5100 
f 5252/6926/5037 5250/6924/5035 5320/7005/5100 5321/7006/5101 
f 5003/6644/4814 5005/6646/4816 5307/6992/5087 5309/6994/5089 
f 5304/6989/5084 5302/6987/5082 5322/7007/5102 5321/7006/5101 
f 5254/6928/5039 5252/6926/5037 5321/7006/5101 5322/7007/5102 
f 5005/6646/4816 5007/6648/4818 5305/6990/5085 5307/6992/5087 
f 5302/6987/5082 5300/6985/5080 5323/7008/5103 5322/7007/5102 
f 5256/6930/5041 5254/6928/5039 5322/7007/5102 5323/7008/5103 
f 5007/6648/4818 5009/6650/4820 5303/6988/5083 5305/6990/5085 
f 5300/6985/5080 5298/6983/5078 5324/7009/5104 5323/7008/5103 
f 5258/6932/5043 5256/6930/5041 5323/7008/5103 5324/7009/5104 
f 5009/6650/4820 5011/6652/4822 5301/6986/5081 5303/6988/5083 
f 5298/6983/5078 5296/6981/5076 5325/7010/5105 5324/7009/5104 
f 5260/6934/5045 5258/6932/5043 5324/7009/5104 5325/7010/5105 
f 5011/6652/4822 5013/6654/4824 5299/6984/5079 5301/6986/5081 
f 5296/6981/5076 5294/6979/5074 5326/7011/5106 5325/7010/5105 
f 5262/6936/5047 5260/6934/5045 5325/7010/5105 5326/7011/5106 
f 5013/6654/4824 5015/6656/4826 5297/6982/5077 5299/6984/5079 
f 5294/6979/5074 5292/6977/5072 5327/7012/5107 5326/7011/5106 
f 5264/6938/5049 5262/6936/5047 5326/7011/5106 5327/7012/5107 
f 5015/6656/4826 5017/6658/4828 5295/6980/5075 5297/6982/5077 
f 5292/6977/5072 5290/6975/5070 5328/7013/5108 5327/7012/5107 
f 5266/6940/5051 5264/6938/5049 5327/7012/5107 5328/7013/5108 
f 5017/6658/4828 5019/6660/4830 5293/6978/5073 5295/6980/5075 
f 5290/6975/5070 5288/6973/5068 5329/7014/5109 5328/7013/5108 
f 5268/6942/5053 5266/6940/5051 5328/7013/5108 5329/7014/5109 
f 5019/6660/4830 5021/6662/4832 5291/6976/5071 5293/6978/5073 
f 5288/6973/5068 5286/6971/5066 5330/7015/5110 5329/7014/5109 
f 5270/6944/5055 5268/6942/5053 5329/7014/5109 5330/7015/5110 
f 5021/6662/4832 5023/6664/4834 5289/6974/5069 5291/6976/5071 
f 5286/6971/5066 5284/6969/5064 5331/7016/5111 5330/7015/5110 
f 5272/6946/5057 5270/6944/5055 5330/7015/5110 5331/7016/5111 
f 5023/6664/4834 5025/6666/4836 5287/6972/5067 5289/6974/5069 
f 5284/6969/5064 5280/6958/5062 5278/6961/5061 5331/7016/5111 
f 5025/6666/4836 5027/6668/4838 5285/6970/5065 5287/6972/5067 
f 5027/6668/4838 5029/6670/4840 5282/6963/5063 5285/6970/5065 
f 5274/6948/5059 5272/6946/5057 5331/7016/5111 5278/6961/5061 
f 5205/6881/4990 5207/6880/4992 5275/6949/5060 5276/6955/4990 
f 5207/6880/4992 5209/6883/4994 5273/6947/5058 5275/6949/5060 
f 5209/6883/4994 5211/6885/4996 5271/6945/5056 5273/6947/5058 
f 5211/6885/4996 5213/6887/4998 5269/6943/5054 5271/6945/5056 
f 5213/6887/4998 5215/6889/5000 5267/6941/5052 5269/6943/5054 
f 5215/6889/5000 5217/6891/5002 5265/6939/5050 5267/6941/5052 
f 5217/6891/5002 5219/6893/5004 5263/6937/5048 5265/6939/5050 
f 5219/6893/5004 5221/6895/5006 5261/6935/5046 5263/6937/5048 
f 5221/6895/5006 5223/6897/5008 5259/6933/5044 5261/6935/5046 
f 5223/6897/5008 5225/6899/5010 5257/6931/5042 5259/6933/5044 
f 5225/6899/5010 5227/6901/5012 5255/6929/5040 5257/6931/5042 
f 5227/6901/5012 5229/6903/5014 5253/6927/5038 5255/6929/5040 
f 5229/6903/5014 5231/6905/5016 5251/6925/5036 5253/6927/5038 
f 5231/6905/5016 5233/6907/5018 5249/6923/5034 5251/6925/5036 
f 5233/6907/5018 5235/6909/5020 5247/6921/5032 5249/6923/5034 
f 5235/6909/5020 5237/6911/5022 5243/6917/5028 5247/6921/5032 
f 5332/7017/5112 5241/6915/5026 5236/6910/5021 5234/6908/5019 
f 5333/7018/5113 5332/7017/5112 5234/6908/5019 5232/6906/5017 
f 5334/7019/5114 5333/7018/5113 5232/6906/5017 5230/6904/5015 
f 5335/7020/5115 5334/7019/5114 5230/6904/5015 5228/6902/5013 
f 5336/7021/5116 5335/7020/5115 5228/6902/5013 5226/6900/5011 
f 5337/7022/5117 5336/7021/5116 5226/6900/5011 5224/6898/5009 
f 5338/7023/5118 5337/7022/5117 5224/6898/5009 5222/6896/5007 
f 5339/7024/5119 5338/7023/5118 5222/6896/5007 5220/6894/5005 
f 5340/7025/5120 5339/7024/5119 5220/6894/5005 5218/6892/5003 
f 5341/7026/5121 5340/7025/5120 5218/6892/5003 5216/6890/5001 
f 5342/7027/5122 5341/7026/5121 5216/6890/5001 5214/6888/4999 
f 5343/7028/5123 5342/7027/5122 5214/6888/4999 5212/6886/4997 
f 5344/7029/5124 5343/7028/5123 5212/6886/4997 5210/6884/4995 
f 5345/7030/5125 5344/7029/5124 5210/6884/4995 5208/6882/4993 
f 5346/7031/5126 5345/7030/5125 5208/6882/4993 5206/6879/4991 
f 5347/7032/5127 5348/7033/4989 5204/6876/4989 5202/6874/4889 
f 5349/7034/4888 5347/7032/5127 5202/6874/4889 5200/6872/4987 
f 5350/7035/4843 5349/7034/4888 5200/6872/4987 5197/6869/4985 
f 5349/7034/4888 5350/7035/4843 5351/7036/4843 5352/7037/4766 
f 5350/7035/4843 5353/7038/4843 5097/6763/4844 5351/7036/4843 
f 4957/6596/4769 4952/6591/4766 5037/6680/4766 5030/6679/4841 
f 4959/6599/4770 4957/6598/4769 5030/6671/4841 5028/6669/4839 
f 4961/6602/4772 4959/6599/4770 5028/6669/4839 5026/6667/4837 
f 4963/6604/4774 4961/6602/4772 5026/6667/4837 5024/6665/4835 
f 4965/6606/4776 4963/6604/4774 5024/6665/4835 5022/6663/4833 
f 4967/6608/4778 4965/6606/4776 5022/6663/4833 5020/6661/4831 
f 4969/6610/4780 4967/6608/4778 5020/6661/4831 5018/6659/4829 
f 4971/6612/4782 4969/6610/4780 5018/6659/4829 5016/6657/4827 
f 4973/6614/4784 4971/6612/4782 5016/6657/4827 5014/6655/4825 
f 4975/6616/4786 4973/6614/4784 5014/6655/4825 5012/6653/4823 
f 4977/6618/4788 4975/6616/4786 5012/6653/4823 5010/6651/4821 
f 4979/6620/4790 4977/6618/4788 5010/6651/4821 5008/6649/4819 
f 4981/6622/4792 4979/6620/4790 5008/6649/4819 5006/6647/4817 
f 4983/6624/4794 4981/6622/4792 5006/6647/4817 5004/6645/4815 
f 4985/6626/4796 4983/6624/4794 5004/6645/4815 5002/6643/4813 
f 4987/6628/4798 4985/6626/4796 5002/6643/4813 5000/6641/4811 
f 4989/6630/4800 4987/6628/4798 5000/6641/4811 4997/6638/4808 
f 4991/6632/4802 4989/6630/4800 4997/6638/4808 4995/6636/4806 
f 5173/6840/4962 5175/6842/4964 4992/6633/4803 4994/6635/4805 
f 5175/6842/4964 5176/6843/4965 4990/6631/4801 4992/6633/4803 
f 5176/6843/4965 5177/6844/4966 4988/6629/4799 4990/6631/4801 
f 5177/6844/4966 5178/6845/4967 4986/6627/4797 4988/6629/4799 
f 5178/6845/4967 5179/6846/4968 4984/6625/4795 4986/6627/4797 
f 5179/6846/4968 5180/6847/4969 4982/6623/4793 4984/6625/4795 
f 5180/6847/4969 5181/6848/4970 4980/6621/4791 4982/6623/4793 
f 5181/6848/4970 5182/6849/4971 4978/6619/4789 4980/6621/4791 
f 5182/6849/4971 5183/6850/4972 4976/6617/4787 4978/6619/4789 
f 5183/6850/4972 5184/6851/4973 4974/6615/4785 4976/6617/4787 
f 5184/6851/4973 5185/6852/4974 4972/6613/4783 4974/6615/4785 
f 5185/6852/4974 5186/6853/4975 4970/6611/4781 4972/6613/4783 
f 5186/6853/4975 5187/6854/4976 4968/6609/4779 4970/6611/4781 
f 5187/6854/4976 5188/6855/4977 4966/6607/4777 4968/6609/4779 
f 5188/6855/4977 5189/6856/4978 4964/6605/4775 4966/6607/4777 
f 5189/6856/4978 5190/6857/4979 4962/6603/4773 4964/6605/4775 
f 5190/6857/4979 5059/6858/4854 4960/6600/4771 4962/6603/4773 
f 5059/6858/4854 4953/7039/4767 4958/6601/4769 4960/6600/4771 
f 5354/7040/5128 5355/7041/5129 4928/6558/4744 4930/6560/4746 
f 5172/6839/4961 5354/7040/5128 4930/6560/4746 
f 5356/7042/5130 5357/7043/5131 4926/6556/4742 4928/6558/4744 
f 5355/7041/5129 5356/7042/5130 4928/6558/4744 
f 5358/7044/5132 5359/7045/5133 4924/6554/4740 4926/6556/4742 
f 5357/7043/5131 5358/7044/5132 4926/6556/4742 
f 5360/7046/5134 5361/7047/5135 4923/6553/4739 4924/6554/4740 
f 5359/7045/5133 5360/7046/5134 4924/6554/4740 
f 5362/7048/5136 5363/7049/5137 4922/6552/4738 4923/6553/4739 
f 5361/7047/5135 5362/7048/5136 4923/6553/4739 
f 5364/7050/5138 5365/7051/5139 4921/6551/4737 4922/6552/4738 
f 5363/7049/5137 5364/7050/5138 4922/6552/4738 
f 5366/7052/5140 5367/7053/5141 4920/6550/4736 4921/6551/4737 
f 5365/7051/5139 5366/7052/5140 4921/6551/4737 
f 5368/7054/5142 5369/7055/5143 4919/6549/4735 4920/6550/4736 
f 5367/7053/5141 5368/7054/5142 4920/6550/4736 
f 5370/7056/5144 5371/7057/5145 4918/6548/4734 4919/6549/4735 
f 5369/7055/5143 5370/7056/5144 4919/6549/4735 
f 5372/7058/5146 5373/7059/5147 4917/6547/4733 4918/6548/4734 
f 5371/7057/5145 5372/7058/5146 4918/6548/4734 
f 5374/7060/5148 5375/7061/5149 4916/6546/4732 4917/6547/4733 
f 5373/7059/5147 5374/7060/5148 4917/6547/4733 
f 5376/7062/5150 5377/7063/5151 4915/6545/4731 4916/6546/4732 
f 5375/7061/5149 5376/7062/5150 4916/6546/4732 
f 5378/7064/5152 5379/7065/5153 4914/6543/4730 4915/6545/4731 
f 5377/7063/5151 5378/7064/5152 4915/6545/4731 
f 5380/7066/5154 5381/7067/5155 4913/6544/4729 4914/6543/4730 
f 5379/7065/5153 5380/7066/5154 4914/6543/4730 
f 5382/7068/5156 5383/7069/5157 4912/6541/4728 4913/6542/4729 
f 5381/7070/5155 5382/7068/5156 4913/6542/4729 
f 5384/7071/5158 5385/7072/5159 4911/6540/4727 4912/6541/4728 
f 5383/7069/5157 5384/7071/5158 4912/6541/4728 
f 5386/7073/5160 5387/7074/5161 4910/6539/4726 4911/6540/4727 
f 5385/7072/5159 5386/7073/5160 4911/6540/4727 
f 5388/7075/5162 5389/7076/5163 4909/6538/4725 4910/6539/4726 
f 5387/7074/5161 5388/7075/5162 4910/6539/4726 
f 5390/7077/5164 5391/7078/5165 4908/6537/4724 4909/6538/4725 
f 5389/7076/5163 5390/7077/5164 4909/6538/4725 
f 5392/7079/5166 5393/7080/5167 4907/6536/4723 4908/6537/4724 
f 5391/7078/5165 5392/7079/5166 4908/6537/4724 
f 5394/7081/5168 5395/7082/5169 4906/6535/4722 4907/6536/4723 
f 5393/7080/5167 5394/7081/5168 4907/6536/4723 
f 5396/7083/5170 5397/7084/5171 4905/6534/4721 4906/6535/4722 
f 5395/7082/5169 5396/7083/5170 4906/6535/4722 
f 5398/7085/5172 5399/7086/5173 4904/6533/4720 4905/6534/4721 
f 5397/7084/5171 5398/7085/5172 4905/6534/4721 
f 5400/7087/5174 5401/7088/5175 4903/6532/4719 4904/6533/4720 
f 5399/7086/5173 5400/7087/5174 4904/6533/4720 
f 5402/7089/5176 5170/6837/4959 4901/6530/4717 4903/6532/4719 
f 5401/7088/5175 5402/7089/5176 4903/6532/4719 
f 5403/7090/5177 5404/7091/5178 5242/6916/5027 5193/6865/4982 
f 5192/6864/4981 5403/7090/5177 5193/6865/4982 
f 5405/7092/5179 5406/7093/5180 5244/6918/5029 5242/6916/5027 
f 5404/7091/5178 5405/7092/5179 5242/6916/5027 
f 5407/7094/5181 5408/7095/5182 5317/7002/5097 5244/6918/5029 
f 5406/7093/5180 5407/7094/5181 5244/6918/5029 
f 5409/7096/5183 5410/7097/5184 5314/6999/5094 5317/7002/5097 
f 5408/7095/5182 5409/7096/5183 5317/7002/5097 
f 5411/7098/5185 5412/7099/5186 5315/7000/5095 5314/6999/5094 
f 5410/7097/5184 5411/7098/5185 5314/6999/5094 
f 5413/7100/5187 5413/7100/5188 4999/6640/4810 5315/7000/5095 
f 5412/7099/5186 5413/7100/5187 5315/7000/5095 
f 4996/6637/4807 4995/6636/4806 4999/6640/4810 5414/7101/5189 
f 5414/7101/5189 4999/6640/4810 5413/7100/5188 
f 5414/7101/5189 5415/7102/5190 4996/6637/4807 
f 5416/7103/5191 5417/7104/5192 4993/6634/4804 4996/6637/4807 
f 5415/7102/5190 5416/7103/5191 4996/6637/4807 
f 5418/7105/5193 5419/7106/5194 4994/6635/4805 4993/6634/4804 
f 5417/7104/5192 5418/7105/5193 4993/6634/4804 
f 5420/7107/5195 5174/6841/4963 5173/6840/4962 4994/6635/4805 
f 5419/7106/5194 5420/7107/5195 4994/6635/4805 
f 5162/6829/4951 4894/6523/4710 4896/6525/4712 4899/6528/4715 
f 5118/6785/4906 5075/6739/4870 4854/6483/4670 4856/6485/4672 
f 5421/7108/5196 5422/7109/5197 5423/7110/5198 5119/6786/4907 
f 5121/6788/4909 5421/7108/5196 5119/6786/4907 
f 5424/7111/5199 5240/6914/5025 5239/6913/5024 5423/7110/5198 
f 5422/7109/5197 5424/7111/5199 5423/7110/5198 
f 5423/7110/5198 5425/7112/5200 5117/6784/4905 5119/6786/4907 
f 5425/7112/5200 5426/7113/5201 5116/6783/4904 5117/6784/4905 
f 5426/7113/5201 5427/7114/5202 5115/6782/4903 5116/6783/4904 
f 5427/7114/5202 5428/7115/5203 5114/6781/4902 5115/6782/4903 
f 5428/7115/5203 5429/7116/5204 5113/6780/4901 5114/6781/4902 
f 5429/7116/5204 5430/7117/5205 5112/6779/4900 5113/6780/4901 
f 5430/7117/5205 5431/7118/5206 5111/6778/4899 5112/6779/4900 
f 5431/7118/5206 5432/7119/5207 5110/6777/4898 5111/6778/4899 
f 5432/7119/5207 5433/7120/5208 5109/6776/4897 5110/6777/4898 
f 5433/7120/5208 5434/7121/5209 5108/6775/4896 5109/6776/4897 
f 5434/7121/5209 5435/7122/5210 5107/6774/4895 5108/6775/4896 
f 5435/7122/5210 5436/7123/5211 5106/6773/4894 5107/6774/4895 
f 5436/7123/5211 5437/7124/5212 5105/6772/4893 5106/6773/4894 
f 5437/7124/5212 5438/7125/5213 5104/6771/4892 5105/6772/4893 
f 5438/7125/5213 5439/7126/5214 5103/6770/4891 5104/6771/4892 
f 5439/7126/5214 5440/7127/5215 5102/6768/4890 5103/6770/4891 
f 5440/7127/5215 5441/7128/5216 5101/6769/4889 5102/6768/4890 
f 5441/7129/5216 5442/7130/5127 5100/6766/4842 5101/6767/4889 
f 5099/6765/4888 5100/6766/4842 5442/7130/5127 5352/7037/4766 
f 5347/7032/5127 5349/7034/4888 5352/7037/4766 5442/7130/5127 
f 5352/7037/4766 5351/7036/4843 5098/6764/4844 5099/6765/4888 
f 5351/7036/4843 5097/6763/4844 5096/6762/4844 5098/6764/4844 
f 5034/6862/4844 5043/6689/4844 5097/6763/4844 5353/7038/4843 
f 5353/7038/4843 5350/7131/4843 5197/6869/4985 5196/6868/4843 
f 5353/7038/4843 5196/6868/4843 5035/7132/4843 5034/6862/4844 
f 5239/6913/5024 5241/6915/5026 5425/7112/5200 5423/7110/5198 
f 5241/6915/5026 5332/7017/5112 5426/7113/5201 5425/7112/5200 
f 5332/7017/5112 5333/7018/5113 5427/7114/5202 5426/7113/5201 
f 5333/7018/5113 5334/7019/5114 5428/7115/5203 5427/7114/5202 
f 5334/7019/5114 5335/7020/5115 5429/7116/5204 5428/7115/5203 
f 5335/7020/5115 5336/7021/5116 5430/7117/5205 5429/7116/5204 
f 5336/7021/5116 5337/7022/5117 5431/7118/5206 5430/7117/5205 
f 5337/7022/5117 5338/7023/5118 5432/7119/5207 5431/7118/5206 
f 5338/7023/5118 5339/7024/5119 5433/7120/5208 5432/7119/5207 
f 5339/7024/5119 5340/7025/5120 5434/7121/5209 5433/7120/5208 
f 5340/7025/5120 5341/7026/5121 5435/7122/5210 5434/7121/5209 
f 5341/7026/5121 5342/7027/5122 5436/7123/5211 5435/7122/5210 
f 5342/7027/5122 5343/7028/5123 5437/7124/5212 5436/7123/5211 
f 5343/7028/5123 5344/7029/5124 5438/7125/5213 5437/7124/5212 
f 5344/7029/5124 5345/7030/5125 5439/7126/5214 5438/7125/5213 
f 5345/7030/5125 5346/7031/5126 5440/7127/5215 5439/7126/5214 
f 5346/7031/5126 5348/7133/4989 5441/7128/5216 5440/7127/5215 
f 5348/7033/4989 5347/7032/5127 5442/7130/5127 5441/7129/5216 
f 5204/7134/4989 5348/7133/4989 5346/7031/5126 5206/6879/4991 
f 4191/7135/3882 4304/7136/3881 4307/5873/4152 4017/7137/3881 
f 4307/5873/4152 4192/7138/4044 4195/5741/4047 4017/7137/3881 
f 4195/5741/4047 4021/7139/3883 4017/7137/3881 
f 4191/7135/3882 4017/7137/3881 4020/7140/3882 
s 1
f 5157/7141/4945 5158/7142/4946 5159/7143/4947 5409/7144/5183 
f 5374/7145/5148 5373/7146/5147 5372/7147/5146 5409/7144/5183 
f 5354/7148/5128 5172/7149/4961 5171/7150/4960 5355/7151/5129 
f 5356/7152/5130 5355/7151/5129 5171/7150/4960 5420/7153/5195 
f 5171/7150/4960 5174/7154/4963 5420/7153/5195 
f 5420/7153/5195 5419/7155/5194 5418/7156/5193 5356/7152/5130 
f 5418/7156/5193 5417/7157/5192 5416/7158/5191 5356/7152/5130 
f 5356/7152/5130 5416/7158/5191 5415/7159/5190 5414/7160/5189 
f 5414/7160/5189 5413/7161/5188 5413/7161/5187 5356/7152/5130 
f 5413/7161/5187 5412/7162/5186 5411/7163/5185 5356/7152/5130 
f 5356/7152/5130 5411/7163/5185 5410/7164/5184 5409/7144/5183 
f 5357/7165/5131 5356/7152/5130 5409/7144/5183 5358/7166/5132 
f 5359/7167/5133 5358/7166/5132 5409/7144/5183 5360/7168/5134 
f 5361/7169/5135 5360/7168/5134 5409/7144/5183 5362/7170/5136 
f 5363/7171/5137 5362/7170/5136 5409/7144/5183 5364/7172/5138 
f 5365/7173/5139 5364/7172/5138 5409/7144/5183 5366/7174/5140 
f 5367/7175/5141 5366/7174/5140 5409/7144/5183 5368/7176/5142 
f 5369/7177/5143 5368/7176/5142 5409/7144/5183 5370/7178/5144 
f 5371/7179/5145 5370/7178/5144 5409/7144/5183 5372/7147/5146 
f 5375/7180/5149 5374/7145/5148 5409/7144/5183 5376/7181/5150 
f 5377/7182/5151 5376/7181/5150 5409/7144/5183 5378/7183/5152 
f 5379/7184/5153 5378/7183/5152 5409/7144/5183 5380/7185/5154 
f 5381/7186/5155 5380/7185/5154 5409/7144/5183 5382/7187/5156 
f 5383/7188/5157 5382/7187/5156 5409/7144/5183 5384/7189/5158 
f 5385/7190/5159 5384/7189/5158 5409/7144/5183 5386/7191/5160 
f 5387/7192/5161 5386/7191/5160 5409/7144/5183 5388/7193/5162 
f 5389/7194/5163 5388/7193/5162 5409/7144/5183 5390/7195/5164 
f 5391/7196/5165 5390/7195/5164 5409/7144/5183 5392/7197/5166 
f 5393/7198/5167 5392/7197/5166 5409/7144/5183 5394/7199/5168 
f 5395/7200/5169 5394/7199/5168 5409/7144/5183 5396/7201/5170 
f 5397/7202/5171 5396/7201/5170 5409/7144/5183 5398/7203/5172 
f 5399/7204/5173 5398/7203/5172 5409/7144/5183 5400/7205/5174 
f 5401/7206/5175 5400/7205/5174 5409/7144/5183 5402/7207/5176 
f 5170/7208/4959 5402/7207/5176 5409/7144/5183 5169/7209/4958 
f 5168/7210/4957 5169/7209/4958 5409/7144/5183 5167/7211/4956 
f 5166/7212/4955 5167/7211/4956 5409/7144/5183 5165/7213/4954 
f 5163/7214/4952 5165/7213/4954 5409/7144/5183 5164/7215/4953 
f 5161/7216/4950 5164/7215/4953 5409/7144/5183 5160/7217/4949 
f 5160/7217/4948 5160/7217/4949 5409/7144/5183 5159/7143/4947 
f 5156/7218/4944 5157/7141/4945 5409/7144/5183 5155/7219/4943 
f 5154/7220/4942 5155/7219/4943 5409/7144/5183 5153/7221/4941 
f 5153/7221/4941 5409/7144/5183 5408/7222/5182 5407/7223/5181 
f 5152/7224/4940 5153/7221/4941 5407/7223/5181 5406/7225/5180 
f 5152/7224/4940 5406/7225/5180 5405/7226/5179 5404/7227/5178 
f 5152/7224/4940 5404/7227/5178 5403/7228/5177 5192/7229/4981 
f 5152/7224/4940 5192/7229/4981 5191/7230/4980 5195/7231/4984 
f 5152/7224/4940 5195/7231/4984 5238/7232/5023 5240/7233/5025 
f 5151/7234/4939 5152/7224/4940 5240/7233/5025 5150/7235/4938 
f 5150/7235/4938 5240/7233/5025 5424/7236/5199 5422/7237/5197 
f 5149/7238/4937 5150/7235/4938 5422/7237/5197 5421/7239/5196 
f 5149/7238/4937 5421/7239/5196 5121/7240/4909 5120/7241/4908 
f 5149/7238/4937 5120/7241/4908 5122/7242/4910 5123/7243/4911 
f 5149/7238/4937 5123/7243/4911 5124/7244/4912 5125/7245/4913 
f 5125/7245/4913 5126/7246/4914 5127/7247/4915 5149/7238/4937 
f 5149/7238/4937 5127/7247/4915 5128/7248/4916 5129/7249/4917 
f 5149/7238/4937 5129/7249/4917 5130/7250/4918 5131/7251/4919 
f 5149/7238/4937 5131/7251/4919 5132/7252/4920 5133/7253/4921 
f 5149/7238/4937 5133/7253/4921 5134/7254/4922 5135/7255/4923 
f 5149/7238/4937 5135/7255/4923 5136/7256/4924 5137/7257/4925 
f 5148/7258/4936 5149/7238/4937 5137/7257/4925 5138/7259/4926 
f 5148/7258/4936 5138/7259/4926 5139/7260/4927 5140/7261/4928 
f 5148/7258/4936 5140/7261/4928 5141/7262/4929 5147/7263/4935 
f 5146/7264/4934 5147/7263/4935 5141/7262/4929 5145/7265/4933 
f 5141/7262/4929 5142/7266/4930 5143/7267/4931 5145/7265/4933 
f 5145/7265/4933 5143/7267/4931 5144/7268/4932 
# 1407 polygons - 68 triangles

