# 3ds Max Wavefront OBJ Exporter v0.99 - (c)2007 guruware
# File Created: 02.09.2026 22:18:50

mtllib fan_hero.mtl

#
# object Object002
#

v  0.4960 0.3732 0.2229
v  0.4986 0.4025 0.2148
v  0.4947 0.4022 0.2125
v  0.4922 0.3727 0.2207
v  0.5030 0.4514 0.2007
v  0.4992 0.4512 0.1984
v  0.4964 0.4507 0.1948
v  0.4920 0.4014 0.2090
v  0.4894 0.3716 0.2173
v  0.4890 0.3388 0.2437
v  0.4929 0.3531 0.2325
v  0.4890 0.3526 0.2303
v  0.4851 0.3381 0.2416
v  0.4861 0.3511 0.2271
v  0.4821 0.3363 0.2387
v  0.4792 0.3164 0.2718
v  0.4844 0.3264 0.2569
v  0.4805 0.3257 0.2549
v  0.4752 0.3156 0.2699
v  0.4774 0.3237 0.2523
v  0.4721 0.3134 0.2675
v  0.4675 0.3044 0.3049
v  0.4735 0.3090 0.2879
v  0.4695 0.3081 0.2861
v  0.4634 0.3034 0.3033
v  0.4662 0.3058 0.2841
v  0.4600 0.3010 0.3016
v  0.4576 0.3008 0.3325
v  0.4612 0.3026 0.3224
v  0.4571 0.3017 0.3209
v  0.4532 0.2988 0.3350
v  0.4536 0.2992 0.3196
v  0.4510 0.2978 0.3303
v  0.4909 0.4003 0.2048
v  0.4882 0.3699 0.2133
v  0.4953 0.4500 0.1905
v  0.4960 0.4492 0.1861
v  0.4914 0.3990 0.2005
v  0.4887 0.3680 0.2093
v  0.4848 0.3489 0.2234
v  0.4807 0.3337 0.2353
v  0.4852 0.3464 0.2198
v  0.4810 0.3307 0.2321
v  0.4759 0.3206 0.2493
v  0.4704 0.3100 0.2651
v  0.4759 0.3171 0.2466
v  0.4702 0.3062 0.2628
v  0.4643 0.3022 0.2822
v  0.4579 0.2973 0.3002
v  0.4640 0.2981 0.2805
v  0.4574 0.2930 0.2992
v  0.4513 0.2954 0.3187
v  0.4487 0.2941 0.3338
v  0.4505 0.2910 0.3183
v  0.4482 0.2909 0.3297
v  0.4937 0.3977 0.1969
v  0.4909 0.3661 0.2060
v  0.4983 0.4484 0.1824
v  0.5019 0.4477 0.1797
v  0.4973 0.3967 0.1944
v  0.4944 0.3645 0.2037
v  0.4873 0.3439 0.2167
v  0.4829 0.3276 0.2294
v  0.4907 0.3418 0.2147
v  0.4862 0.3251 0.2278
v  0.4777 0.3137 0.2444
v  0.4718 0.3023 0.2612
v  0.4809 0.3107 0.2432
v  0.4748 0.2991 0.2604
v  0.4654 0.2939 0.2795
v  0.4585 0.2887 0.2988
v  0.4682 0.2904 0.2792
v  0.4611 0.2850 0.2990
v  0.4514 0.2867 0.3186
v  0.4486 0.2875 0.3344
v  0.4538 0.2830 0.3194
v  0.4509 0.2840 0.3311
v  0.5016 0.3960 0.1935
v  0.4987 0.3635 0.2029
v  0.5063 0.4473 0.1787
v  0.5107 0.4472 0.1794
v  0.5061 0.3958 0.1942
v  0.5031 0.3631 0.2036
v  0.4949 0.3404 0.2141
v  0.4904 0.3234 0.2274
v  0.4994 0.3400 0.2149
v  0.4948 0.3228 0.2283
v  0.4849 0.3088 0.2431
v  0.4788 0.2969 0.2607
v  0.4893 0.3081 0.2440
v  0.4831 0.2962 0.2618
v  0.4720 0.2882 0.2798
v  0.4648 0.2826 0.2999
v  0.4763 0.2874 0.2810
v  0.4691 0.2818 0.3013
v  0.4574 0.2806 0.3207
v  0.4529 0.2830 0.3364
v  0.4616 0.2797 0.3221
v  0.4575 0.2812 0.3336
v  0.5099 0.3961 0.1965
v  0.5070 0.3636 0.2059
v  0.5146 0.4475 0.1817
v  0.5173 0.4479 0.1853
v  0.5127 0.3969 0.2000
v  0.5098 0.3647 0.2092
v  0.5033 0.3405 0.2171
v  0.4987 0.3235 0.2304
v  0.5061 0.3420 0.2202
v  0.5016 0.3253 0.2333
v  0.4933 0.3089 0.2460
v  0.4871 0.2970 0.2636
v  0.4963 0.3109 0.2487
v  0.4902 0.2992 0.2660
v  0.4803 0.2883 0.2828
v  0.4732 0.2828 0.3029
v  0.4836 0.2906 0.2848
v  0.4766 0.2852 0.3046
v  0.4658 0.2807 0.3236
v  0.4592 0.2830 0.3387
v  0.4693 0.2832 0.3249
v  0.4641 0.2841 0.3358
v  0.5138 0.3980 0.2041
v  0.5110 0.3664 0.2132
v  0.5184 0.4486 0.1896
v  0.5178 0.4494 0.1940
v  0.5133 0.3993 0.2084
v  0.5105 0.3683 0.2172
v  0.5074 0.3442 0.2239
v  0.5030 0.3279 0.2367
v  0.5070 0.3467 0.2276
v  0.5028 0.3309 0.2399
v  0.4978 0.3139 0.2516
v  0.4919 0.3026 0.2685
v  0.4978 0.3174 0.2544
v  0.4921 0.3064 0.2707
v  0.4855 0.2942 0.2867
v  0.4786 0.2889 0.3060
v  0.4858 0.2983 0.2884
v  0.4792 0.2932 0.3070
v  0.4716 0.2869 0.3258
v  0.4637 0.2877 0.3398
v  0.4723 0.2913 0.3262
v  0.4669 0.2911 0.3364
v  0.5110 0.4006 0.2120
v  0.5083 0.3702 0.2206
v  0.5155 0.4502 0.1977
v  0.5119 0.4509 0.2004
v  0.5074 0.4016 0.2145
v  0.5048 0.3718 0.2229
v  0.5049 0.3492 0.2306
v  0.5009 0.3340 0.2425
v  0.5015 0.3513 0.2327
v  0.4976 0.3365 0.2442
v  0.4960 0.3209 0.2566
v  0.4905 0.3103 0.2723
v  0.4929 0.3239 0.2578
v  0.4875 0.3136 0.2731
v  0.4844 0.3025 0.2894
v  0.4780 0.2975 0.3074
v  0.4817 0.3060 0.2897
v  0.4754 0.3012 0.3072
v  0.4714 0.2957 0.3259
v  0.4638 0.2943 0.3392
v  0.4690 0.2994 0.3251
v  0.4642 0.2980 0.3350
v  0.5031 0.4023 0.2154
v  0.5005 0.3728 0.2237
v  0.5075 0.4513 0.2014
v  0.4973 0.3527 0.2333
v  0.4934 0.3382 0.2446
v  0.4888 0.3258 0.2579
v  0.4835 0.3157 0.2729
v  0.4778 0.3082 0.2891
v  0.4717 0.3035 0.3063
v  0.4654 0.3018 0.3239
v  0.4595 0.2989 0.3373
v  0.5079 0.5298 0.1713
v  0.5052 0.5294 0.1677
v  0.5118 0.5299 0.1736
v  0.5239 0.6527 0.1354
v  0.5201 0.6525 0.1331
v  0.5173 0.6521 0.1295
v  0.5041 0.5288 0.1633
v  0.5047 0.5282 0.1589
v  0.5163 0.6516 0.1251
v  0.5169 0.6510 0.1207
v  0.5071 0.5276 0.1551
v  0.5107 0.5271 0.1524
v  0.5192 0.6503 0.1169
v  0.5228 0.6498 0.1142
v  0.5151 0.5268 0.1514
v  0.5196 0.5267 0.1520
v  0.5272 0.6495 0.1131
v  0.5317 0.6495 0.1138
v  0.5234 0.5269 0.1544
v  0.5261 0.5273 0.1579
v  0.5356 0.6496 0.1161
v  0.5383 0.6500 0.1197
v  0.5272 0.5278 0.1623
v  0.5266 0.5284 0.1667
v  0.5394 0.6506 0.1241
v  0.5387 0.6512 0.1285
v  0.5242 0.5291 0.1705
v  0.5206 0.5296 0.1732
v  0.5364 0.6518 0.1323
v  0.5328 0.6523 0.1350
v  0.5162 0.5299 0.1743
v  0.5284 0.6526 0.1360
v  0.5347 0.8340 0.0858
v  0.5320 0.8336 0.0822
v  0.5386 0.8342 0.0881
v  0.5505 1.0467 0.0474
v  0.5466 1.0466 0.0451
v  0.5439 1.0462 0.0415
v  0.5309 0.8331 0.0778
v  0.5316 0.8324 0.0734
v  0.5428 1.0456 0.0372
v  0.5435 1.0450 0.0327
v  0.5339 0.8318 0.0696
v  0.5375 0.8313 0.0669
v  0.5458 1.0444 0.0289
v  0.5494 1.0439 0.0262
v  0.5419 0.8310 0.0659
v  0.5464 0.8310 0.0665
v  0.5538 1.0436 0.0252
v  0.5583 1.0435 0.0258
v  0.5502 0.8311 0.0688
v  0.5530 0.8315 0.0724
v  0.5621 1.0437 0.0282
v  0.5649 1.0441 0.0318
v  0.5540 0.8321 0.0768
v  0.5534 0.8327 0.0812
v  0.5659 1.0446 0.0361
v  0.5653 1.0453 0.0406
v  0.5511 0.8333 0.0850
v  0.5474 0.8338 0.0877
v  0.5630 1.0459 0.0444
v  0.5593 1.0464 0.0471
v  0.5431 0.8341 0.0887
v  0.5550 1.0467 0.0481
v  0.5464 1.7448 0.0341
v  0.5425 1.7449 0.0318
v  0.5429 1.7142 0.0319
v  0.5468 1.7142 0.0342
v  0.5398 1.7453 0.0282
v  0.5402 1.7142 0.0283
v  0.5409 1.6628 0.0280
v  0.5436 1.6631 0.0316
v  0.5475 1.6632 0.0339
v  0.5421 1.7839 0.0448
v  0.5382 1.7843 0.0425
v  0.5409 1.7671 0.0356
v  0.5448 1.7668 0.0379
v  0.5353 1.7854 0.0392
v  0.5381 1.7678 0.0321
v  0.5342 1.8137 0.0657
v  0.5302 1.8143 0.0636
v  0.5346 1.8002 0.0520
v  0.5385 1.7997 0.0541
v  0.5272 1.8160 0.0607
v  0.5317 1.8016 0.0488
v  0.5237 1.8350 0.0942
v  0.5196 1.8358 0.0923
v  0.5252 1.8262 0.0772
v  0.5292 1.8255 0.0792
v  0.5164 1.8379 0.0900
v  0.5221 1.8282 0.0746
v  0.5144 1.8466 0.1197
v  0.5102 1.8495 0.1216
v  0.5137 1.8427 0.1088
v  0.5177 1.8419 0.1105
v  0.5080 1.8493 0.1167
v  0.5103 1.8450 0.1068
v  0.5387 1.7459 0.0239
v  0.5391 1.7142 0.0239
v  0.5393 1.7466 0.0196
v  0.5397 1.7143 0.0195
v  0.5405 1.6619 0.0192
v  0.5399 1.6624 0.0236
v  0.5341 1.7871 0.0353
v  0.5370 1.7690 0.0280
v  0.5345 1.7892 0.0313
v  0.5375 1.7704 0.0237
v  0.5258 1.8186 0.0574
v  0.5303 1.8038 0.0452
v  0.5259 1.8218 0.0542
v  0.5306 1.8064 0.0416
v  0.5146 1.8413 0.0877
v  0.5205 1.8312 0.0717
v  0.5143 1.8452 0.0855
v  0.5204 1.8348 0.0690
v  0.5060 1.8540 0.1191
v  0.5083 1.8485 0.1049
v  0.5057 1.8561 0.1143
v  0.5078 1.8527 0.1034
v  0.5416 1.7474 0.0158
v  0.5420 1.7144 0.0157
v  0.5452 1.7481 0.0132
v  0.5456 1.7144 0.0130
v  0.5464 1.6611 0.0127
v  0.5428 1.6615 0.0154
v  0.5367 1.7912 0.0280
v  0.5397 1.7718 0.0202
v  0.5401 1.7930 0.0257
v  0.5432 1.7731 0.0177
v  0.5277 1.8249 0.0517
v  0.5326 1.8091 0.0386
v  0.5309 1.8276 0.0500
v  0.5360 1.8113 0.0366
v  0.5158 1.8491 0.0840
v  0.5221 1.8384 0.0669
v  0.5187 1.8525 0.0833
v  0.5251 1.8414 0.0657
v  0.5063 1.8605 0.1179
v  0.5091 1.8569 0.1025
v  0.5089 1.8629 0.1138
v  0.5118 1.8605 0.1023
v  0.5495 1.7485 0.0122
v  0.5500 1.7145 0.0120
v  0.5540 1.7487 0.0129
v  0.5545 1.7146 0.0126
v  0.5553 1.6609 0.0123
v  0.5508 1.6609 0.0117
v  0.5444 1.7942 0.0249
v  0.5476 1.7739 0.0168
v  0.5488 1.7947 0.0257
v  0.5520 1.7743 0.0174
v  0.5350 1.8294 0.0497
v  0.5402 1.8128 0.0360
v  0.5394 1.8301 0.0506
v  0.5446 1.8134 0.0368
v  0.5226 1.8547 0.0835
v  0.5291 1.8435 0.0657
v  0.5269 1.8556 0.0847
v  0.5335 1.8443 0.0667
v  0.5110 1.8651 0.1186
v  0.5155 1.8629 0.1028
v  0.5156 1.8658 0.1155
v  0.5198 1.8638 0.1041
v  0.5579 1.7486 0.0152
v  0.5584 1.7146 0.0150
v  0.5606 1.7483 0.0187
v  0.5611 1.7146 0.0186
v  0.5619 1.6613 0.0183
v  0.5592 1.6610 0.0147
v  0.5527 1.7943 0.0279
v  0.5559 1.7740 0.0197
v  0.5555 1.7932 0.0312
v  0.5587 1.7733 0.0232
v  0.5434 1.8295 0.0527
v  0.5485 1.8130 0.0390
v  0.5464 1.8278 0.0556
v  0.5514 1.8115 0.0421
v  0.5309 1.8549 0.0865
v  0.5374 1.8436 0.0687
v  0.5341 1.8527 0.0888
v  0.5406 1.8416 0.0713
v  0.5173 1.8652 0.1209
v  0.5239 1.8630 0.1058
v  0.5221 1.8630 0.1185
v  0.5272 1.8607 0.1078
v  0.5617 1.7476 0.0230
v  0.5622 1.7146 0.0229
v  0.5611 1.7469 0.0274
v  0.5616 1.7145 0.0273
v  0.5623 1.6622 0.0270
v  0.5629 1.6617 0.0226
v  0.5568 1.7915 0.0352
v  0.5598 1.7721 0.0274
v  0.5564 1.7894 0.0391
v  0.5593 1.7707 0.0316
v  0.5479 1.8252 0.0589
v  0.5528 1.8093 0.0458
v  0.5477 1.8220 0.0621
v  0.5525 1.8067 0.0494
v  0.5359 1.8494 0.0912
v  0.5422 1.8386 0.0742
v  0.5362 1.8455 0.0934
v  0.5423 1.8350 0.0768
v  0.5214 1.8607 0.1233
v  0.5292 1.8571 0.1097
v  0.5243 1.8563 0.1209
v  0.5297 1.8530 0.1112
v  0.5588 1.7461 0.0312
v  0.5592 1.7145 0.0311
v  0.5552 1.7455 0.0338
v  0.5556 1.7144 0.0338
v  0.5564 1.6630 0.0335
v  0.5600 1.6626 0.0309
v  0.5542 1.7874 0.0425
v  0.5571 1.7693 0.0352
v  0.5508 1.7856 0.0448
v  0.5536 1.7680 0.0377
v  0.5459 1.8189 0.0646
v  0.5504 1.8041 0.0524
v  0.5427 1.8162 0.0662
v  0.5471 1.8018 0.0544
v  0.5347 1.8415 0.0949
v  0.5406 1.8315 0.0789
v  0.5319 1.8381 0.0956
v  0.5376 1.8284 0.0801
v  0.5211 1.8542 0.1245
v  0.5284 1.8488 0.1121
v  0.5212 1.8495 0.1214
v  0.5258 1.8452 0.1123
v  0.5509 1.7450 0.0348
v  0.5512 1.7143 0.0349
v  0.5520 1.6632 0.0346
v  0.5465 1.7844 0.0455
v  0.5492 1.7672 0.0386
v  0.5386 1.8144 0.0666
v  0.5429 1.8003 0.0549
v  0.5280 1.8359 0.0953
v  0.5335 1.8263 0.0802
v  0.5164 1.8496 0.1238
v  0.5220 1.8428 0.1118
v  0.5437 1.5793 0.0232
v  0.5464 1.5796 0.0267
v  0.5466 1.4502 0.0196
v  0.5494 1.4506 0.0232
v  0.5532 1.4507 0.0256
v  0.5503 1.5798 0.0291
v  0.5433 1.5781 0.0144
v  0.5427 1.5787 0.0188
v  0.5462 1.4490 0.0108
v  0.5456 1.4496 0.0153
v  0.5492 1.5769 0.0079
v  0.5456 1.5774 0.0106
v  0.5521 1.4479 0.0043
v  0.5485 1.4484 0.0070
v  0.5581 1.5766 0.0075
v  0.5536 1.5766 0.0068
v  0.5610 1.4475 0.0039
v  0.5565 1.4476 0.0033
v  0.5647 1.5771 0.0134
v  0.5620 1.5767 0.0098
v  0.5676 1.4481 0.0099
v  0.5649 1.4477 0.0063
v  0.5651 1.5783 0.0222
v  0.5657 1.5777 0.0178
v  0.5680 1.4493 0.0187
v  0.5687 1.4486 0.0142
v  0.5592 1.5794 0.0287
v  0.5628 1.5789 0.0260
v  0.5621 1.4504 0.0252
v  0.5657 1.4499 0.0225
v  0.5548 1.5798 0.0297
v  0.5577 1.4507 0.0262
v  0.5477 1.2621 0.0232
v  0.5505 1.2625 0.0268
v  0.5543 1.2627 0.0291
v  0.5473 1.2609 0.0144
v  0.5467 1.2615 0.0188
v  0.5533 1.2598 0.0079
v  0.5496 1.2603 0.0106
v  0.5621 1.2594 0.0075
v  0.5576 1.2595 0.0069
v  0.5687 1.2600 0.0135
v  0.5660 1.2596 0.0099
v  0.5691 1.2612 0.0222
v  0.5698 1.2605 0.0178
v  0.5632 1.2623 0.0287
v  0.5668 1.2618 0.0261
v  0.5588 1.2626 0.0298
v  -0.1485 1.0520 -0.0859
v  -0.1184 1.0517 -0.0808
v  -0.1181 1.0559 -0.0823
v  -0.1484 1.0562 -0.0874
v  -0.0680 1.0511 -0.0728
v  -0.0676 1.0554 -0.0743
v  -0.0668 1.0587 -0.0772
v  -0.1176 1.0593 -0.0853
v  -0.1483 1.0596 -0.0904
v  -0.1890 1.0540 -0.0812
v  -0.1709 1.0528 -0.0856
v  -0.1709 1.0570 -0.0871
v  -0.1892 1.0583 -0.0827
v  -0.1712 1.0604 -0.0900
v  -0.1898 1.0617 -0.0855
v  -0.2220 1.0575 -0.0644
v  -0.2062 1.0556 -0.0741
v  -0.2064 1.0599 -0.0755
v  -0.2224 1.0618 -0.0657
v  -0.2074 1.0633 -0.0782
v  -0.2237 1.0653 -0.0682
v  -0.2480 1.0621 -0.0382
v  -0.2360 1.0597 -0.0523
v  -0.2365 1.0640 -0.0536
v  -0.2486 1.0665 -0.0394
v  -0.2382 1.0676 -0.0558
v  -0.2505 1.0701 -0.0413
v  -0.2639 1.0662 -0.0137
v  -0.2576 1.0647 -0.0225
v  -0.2583 1.0691 -0.0235
v  -0.2672 1.0700 -0.0116
v  -0.2603 1.0727 -0.0251
v  -0.2663 1.0731 -0.0158
v  -0.1170 1.0612 -0.0893
v  -0.1482 1.0615 -0.0944
v  -0.0658 1.0607 -0.0812
v  -0.0646 1.0609 -0.0855
v  -0.1163 1.0615 -0.0937
v  -0.1482 1.0618 -0.0989
v  -0.1718 1.0624 -0.0940
v  -0.1909 1.0637 -0.0894
v  -0.1724 1.0627 -0.0984
v  -0.1923 1.0640 -0.0936
v  -0.2091 1.0654 -0.0818
v  -0.2258 1.0674 -0.0715
v  -0.2111 1.0658 -0.0858
v  -0.2284 1.0679 -0.0752
v  -0.2407 1.0698 -0.0588
v  -0.2534 1.0723 -0.0439
v  -0.2438 1.0703 -0.0620
v  -0.2570 1.0730 -0.0465
v  -0.2636 1.0751 -0.0271
v  -0.2714 1.0745 -0.0139
v  -0.2675 1.0758 -0.0292
v  -0.2726 1.0758 -0.0188
v  -0.1157 1.0599 -0.0978
v  -0.1483 1.0603 -0.1031
v  -0.0635 1.0594 -0.0896
v  -0.0625 1.0564 -0.0928
v  -0.1152 1.0569 -0.1011
v  -0.1484 1.0573 -0.1064
v  -0.1732 1.0612 -0.1026
v  -0.1937 1.0626 -0.0976
v  -0.1739 1.0582 -0.1058
v  -0.1950 1.0597 -0.1008
v  -0.2131 1.0644 -0.0895
v  -0.2310 1.0666 -0.0785
v  -0.2149 1.0615 -0.0924
v  -0.2333 1.0638 -0.0812
v  -0.2470 1.0691 -0.0649
v  -0.2605 1.0718 -0.0489
v  -0.2497 1.0664 -0.0671
v  -0.2637 1.0692 -0.0507
v  -0.2714 1.0748 -0.0310
v  -0.2776 1.0744 -0.0162
v  -0.2748 1.0722 -0.0324
v  -0.2792 1.0727 -0.0211
v  -0.1150 1.0528 -0.1030
v  -0.1486 1.0532 -0.1083
v  -0.0620 1.0523 -0.0946
v  -0.0619 1.0478 -0.0948
v  -0.1150 1.0483 -0.1033
v  -0.1487 1.0487 -0.1086
v  -0.1744 1.0542 -0.1077
v  -0.1959 1.0556 -0.1025
v  -0.1747 1.0497 -0.1080
v  -0.1963 1.0511 -0.1027
v  -0.2162 1.0575 -0.0941
v  -0.2349 1.0598 -0.0826
v  -0.2167 1.0531 -0.0942
v  -0.2356 1.0554 -0.0827
v  -0.2516 1.0624 -0.0683
v  -0.2658 1.0653 -0.0516
v  -0.2524 1.0580 -0.0683
v  -0.2667 1.0609 -0.0515
v  -0.2771 1.0684 -0.0329
v  -0.2821 1.0697 -0.0172
v  -0.2781 1.0640 -0.0327
v  -0.2820 1.0657 -0.0211
v  -0.1153 1.0441 -0.1017
v  -0.1489 1.0445 -0.1070
v  -0.0623 1.0435 -0.0933
v  -0.0631 1.0401 -0.0905
v  -0.1158 1.0407 -0.0988
v  -0.1490 1.0411 -0.1041
v  -0.1747 1.0454 -0.1065
v  -0.1962 1.0469 -0.1013
v  -0.1744 1.0420 -0.1035
v  -0.1955 1.0434 -0.0984
v  -0.2165 1.0488 -0.0928
v  -0.2352 1.0511 -0.0813
v  -0.2155 1.0453 -0.0901
v  -0.2339 1.0476 -0.0788
v  -0.2519 1.0537 -0.0670
v  -0.2661 1.0565 -0.0504
v  -0.2503 1.0501 -0.0648
v  -0.2642 1.0529 -0.0484
v  -0.2774 1.0596 -0.0317
v  -0.2823 1.0631 -0.0162
v  -0.2754 1.0560 -0.0300
v  -0.2796 1.0589 -0.0191
v  -0.1164 1.0388 -0.0948
v  -0.1490 1.0391 -0.1000
v  -0.0642 1.0382 -0.0865
v  -0.0654 1.0380 -0.0822
v  -0.1171 1.0385 -0.0904
v  -0.1490 1.0389 -0.0956
v  -0.1739 1.0401 -0.0995
v  -0.1944 1.0415 -0.0946
v  -0.1732 1.0397 -0.0951
v  -0.1930 1.0411 -0.0903
v  -0.2138 1.0433 -0.0865
v  -0.2317 1.0454 -0.0755
v  -0.2118 1.0428 -0.0825
v  -0.2292 1.0450 -0.0719
v  -0.2477 1.0479 -0.0618
v  -0.2613 1.0507 -0.0459
v  -0.2446 1.0474 -0.0587
v  -0.2577 1.0500 -0.0432
v  -0.2721 1.0536 -0.0280
v  -0.2781 1.0585 -0.0139
v  -0.2682 1.0529 -0.0259
v  -0.2733 1.0562 -0.0160
v  -0.1177 1.0401 -0.0862
v  -0.1489 1.0404 -0.0914
v  -0.0665 1.0395 -0.0781
v  -0.0674 1.0425 -0.0749
v  -0.1182 1.0431 -0.0829
v  -0.1488 1.0434 -0.0880
v  -0.1725 1.0412 -0.0910
v  -0.1916 1.0425 -0.0863
v  -0.1718 1.0442 -0.0877
v  -0.1904 1.0455 -0.0832
v  -0.2098 1.0442 -0.0788
v  -0.2265 1.0463 -0.0685
v  -0.2080 1.0471 -0.0758
v  -0.2242 1.0491 -0.0659
v  -0.2414 1.0486 -0.0557
v  -0.2541 1.0512 -0.0408
v  -0.2387 1.0513 -0.0535
v  -0.2510 1.0538 -0.0390
v  -0.2643 1.0539 -0.0241
v  -0.2719 1.0587 -0.0116
v  -0.2609 1.0565 -0.0228
v  -0.2668 1.0592 -0.0138
v  -0.1184 1.0472 -0.0811
v  -0.1487 1.0474 -0.0861
v  -0.0679 1.0466 -0.0731
v  -0.1712 1.0483 -0.0858
v  -0.1895 1.0495 -0.0814
v  -0.2067 1.0511 -0.0742
v  -0.2227 1.0531 -0.0645
v  -0.2368 1.0553 -0.0523
v  -0.2489 1.0577 -0.0381
v  -0.2586 1.0603 -0.0222
v  -0.2674 1.0634 -0.0106
v  0.0155 1.0538 -0.0658
v  0.0164 1.0572 -0.0687
v  0.0151 1.0495 -0.0643
v  0.1431 1.0477 -0.0470
v  0.1435 1.0520 -0.0485
v  0.1444 1.0553 -0.0514
v  0.0176 1.0591 -0.0726
v  0.0190 1.0593 -0.0769
v  0.1456 1.0572 -0.0553
v  0.1470 1.0575 -0.0596
v  0.0203 1.0578 -0.0809
v  0.0213 1.0548 -0.0841
v  0.1483 1.0560 -0.0636
v  0.1493 1.0530 -0.0668
v  0.0220 1.0507 -0.0859
v  0.0221 1.0462 -0.0862
v  0.1500 1.0489 -0.0686
v  0.1501 1.0443 -0.0689
v  0.0217 1.0419 -0.0847
v  0.0208 1.0385 -0.0818
v  0.1497 1.0401 -0.0674
v  0.1488 1.0367 -0.0645
v  0.0196 1.0366 -0.0779
v  0.0182 1.0364 -0.0736
v  0.1476 1.0348 -0.0606
v  0.1462 1.0346 -0.0563
v  0.0169 1.0379 -0.0695
v  0.0159 1.0409 -0.0663
v  0.1449 1.0361 -0.0522
v  0.1439 1.0391 -0.0490
v  0.0152 1.0450 -0.0645
v  0.1432 1.0432 -0.0472
v  0.3285 1.0507 -0.0142
v  0.3294 1.0540 -0.0171
v  0.3281 1.0464 -0.0127
v  0.5379 1.0471 0.0414
v  0.5384 1.0514 0.0399
v  0.5392 1.0547 0.0370
v  0.3306 1.0559 -0.0210
v  0.3320 1.0562 -0.0253
v  0.5405 1.0566 0.0331
v  0.5418 1.0569 0.0288
v  0.3333 1.0547 -0.0293
v  0.3343 1.0516 -0.0326
v  0.5431 1.0553 0.0247
v  0.5442 1.0523 0.0215
v  0.3349 1.0475 -0.0344
v  0.3351 1.0430 -0.0346
v  0.5448 1.0482 0.0197
v  0.5449 1.0437 0.0195
v  0.3346 1.0388 -0.0331
v  0.3338 1.0354 -0.0302
v  0.5445 1.0395 0.0210
v  0.5436 1.0361 0.0238
v  0.3325 1.0335 -0.0263
v  0.3312 1.0332 -0.0220
v  0.5424 1.0342 0.0278
v  0.5410 1.0339 0.0321
v  0.3299 1.0348 -0.0180
v  0.3288 1.0378 -0.0148
v  0.5397 1.0355 0.0361
v  0.5387 1.0385 0.0393
v  0.3282 1.0419 -0.0129
v  0.5381 1.0426 0.0411
v  1.1721 1.0676 0.3327
v  1.1727 1.0718 0.3314
v  1.1451 1.0709 0.3181
v  1.1445 1.0666 0.3195
v  1.1743 1.0753 0.3289
v  1.1463 1.0743 0.3154
v  1.1002 1.0726 0.2927
v  1.0992 1.0692 0.2955
v  1.0988 1.0649 0.2970
v  1.2024 1.0705 0.3599
v  1.2033 1.0747 0.3587
v  1.1910 1.0731 0.3446
v  1.1902 1.0689 0.3459
v  1.2054 1.0782 0.3567
v  1.1928 1.0766 0.3424
v  1.2196 1.0746 0.3926
v  1.2206 1.0789 0.3917
v  1.2132 1.0767 0.3745
v  1.2123 1.0724 0.3756
v  1.2230 1.0824 0.3904
v  1.2155 1.0802 0.3729
v  1.2257 1.0796 0.4289
v  1.2268 1.0839 0.4283
v  1.2251 1.0813 0.4097
v  1.2241 1.0770 0.4105
v  1.2293 1.0876 0.4277
v  1.2277 1.0849 0.4088
v  1.2245 1.0838 0.4580
v  1.2259 1.0876 0.4617
v  1.2254 1.0866 0.4468
v  1.2244 1.0823 0.4473
v  1.2275 1.0907 0.4577
v  1.2280 1.0904 0.4466
v  1.1765 1.0772 0.3255
v  1.1481 1.0762 0.3117
v  1.1791 1.0775 0.3219
v  1.1500 1.0765 0.3077
v  1.1031 1.0747 0.2846
v  1.1015 1.0745 0.2889
v  1.2085 1.0802 0.3542
v  1.1955 1.0786 0.3394
v  1.2120 1.0807 0.3515
v  1.1986 1.0789 0.3362
v  1.2267 1.0846 0.3889
v  1.2189 1.0823 0.3708
v  1.2308 1.0852 0.3874
v  1.2228 1.0828 0.3687
v  1.2332 1.0899 0.4274
v  1.2314 1.0872 0.4079
v  1.2376 1.0907 0.4272
v  1.2358 1.0878 0.4070
v  1.2305 1.0923 0.4622
v  1.2318 1.0928 0.4469
v  1.2344 1.0936 0.4588
v  1.2361 1.0936 0.4474
v  1.1816 1.0760 0.3185
v  1.1520 1.0749 0.3040
v  1.1837 1.0731 0.3158
v  1.1535 1.0720 0.3010
v  1.1057 1.0702 0.2775
v  1.1045 1.0732 0.2807
v  1.2155 1.0793 0.3491
v  1.2016 1.0775 0.3332
v  1.2184 1.0764 0.3473
v  1.2042 1.0745 0.3310
v  1.2349 1.0839 0.3862
v  1.2267 1.0815 0.3669
v  1.2384 1.0812 0.3854
v  1.2299 1.0786 0.3655
v  1.2419 1.0896 0.4273
v  1.2400 1.0867 0.4065
v  1.2455 1.0870 0.4277
v  1.2436 1.0840 0.4062
v  1.2369 1.0923 0.4639
v  1.2404 1.0927 0.4482
v  1.2410 1.0907 0.4608
v  1.2440 1.0902 0.4491
v  1.1850 1.0690 0.3144
v  1.1545 1.0679 0.2994
v  1.1854 1.0645 0.3143
v  1.1548 1.0634 0.2992
v  1.1066 1.0616 0.2755
v  1.1064 1.0661 0.2758
v  1.2203 1.0724 0.3464
v  1.2058 1.0705 0.3298
v  1.2208 1.0679 0.3465
v  1.2063 1.0660 0.3298
v  1.2406 1.0773 0.3851
v  1.2320 1.0747 0.3650
v  1.2413 1.0728 0.3855
v  1.2326 1.0702 0.3652
v  1.2479 1.0832 0.4282
v  1.2459 1.0801 0.4064
v  1.2486 1.0788 0.4288
v  1.2467 1.0757 0.4069
v  1.2413 1.0877 0.4657
v  1.2463 1.0864 0.4500
v  1.2436 1.0838 0.4625
v  1.2471 1.0820 0.4508
v  1.1847 1.0602 0.3157
v  1.1542 1.0591 0.3007
v  1.1832 1.0568 0.3182
v  1.1530 1.0557 0.3034
v  1.1052 1.0540 0.2799
v  1.1061 1.0573 0.2770
v  1.2200 1.0636 0.3476
v  1.2055 1.0617 0.3310
v  1.2179 1.0602 0.3496
v  1.2036 1.0583 0.3333
v  1.2403 1.0685 0.3864
v  1.2317 1.0659 0.3662
v  1.2379 1.0650 0.3877
v  1.2294 1.0624 0.3679
v  1.2476 1.0745 0.4294
v  1.2456 1.0714 0.4076
v  1.2450 1.0708 0.4300
v  1.2431 1.0678 0.4086
v  1.2410 1.0811 0.4667
v  1.2460 1.0776 0.4513
v  1.2406 1.0769 0.4628
v  1.2435 1.0739 0.4514
v  1.1809 1.0549 0.3215
v  1.1513 1.0538 0.3070
v  1.1783 1.0546 0.3252
v  1.1493 1.0535 0.3110
v  1.1023 1.0518 0.2879
v  1.1038 1.0520 0.2837
v  1.2148 1.0581 0.3521
v  1.2009 1.0563 0.3363
v  1.2112 1.0577 0.3548
v  1.1978 1.0560 0.3395
v  1.2342 1.0628 0.3892
v  1.2260 1.0603 0.3699
v  1.2301 1.0622 0.3907
v  1.2221 1.0598 0.3720
v  1.2412 1.0685 0.4304
v  1.2393 1.0655 0.4095
v  1.2368 1.0677 0.4305
v  1.2350 1.0649 0.4103
v  1.2364 1.0765 0.4661
v  1.2397 1.0715 0.4512
v  1.2337 1.0740 0.4617
v  1.2353 1.0707 0.4507
v  1.1758 1.0561 0.3286
v  1.1474 1.0550 0.3147
v  1.1737 1.0590 0.3312
v  1.1458 1.0580 0.3177
v  1.0997 1.0563 0.2950
v  1.1008 1.0533 0.2919
v  1.2078 1.0591 0.3572
v  1.1948 1.0574 0.3424
v  1.2048 1.0620 0.3591
v  1.1923 1.0603 0.3447
v  1.2259 1.0635 0.3919
v  1.2182 1.0611 0.3739
v  1.2225 1.0662 0.3927
v  1.2150 1.0639 0.3752
v  1.2324 1.0688 0.4304
v  1.2307 1.0660 0.4109
v  1.2288 1.0714 0.4301
v  1.2271 1.0687 0.4111
v  1.2300 1.0764 0.4645
v  1.2311 1.0716 0.4499
v  1.2270 1.0769 0.4597
v  1.2274 1.0741 0.4490
v  1.1725 1.0631 0.3326
v  1.1448 1.0621 0.3193
v  1.0989 1.0604 0.2968
v  1.2030 1.0660 0.3600
v  1.1907 1.0644 0.3459
v  1.2203 1.0701 0.3929
v  1.2129 1.0679 0.3758
v  1.2265 1.0752 0.4295
v  1.2248 1.0726 0.4110
v  1.2256 1.0811 0.4626
v  1.2252 1.0779 0.4481
v  1.0273 1.0691 0.2518
v  1.0264 1.0658 0.2546
v  0.9127 1.0644 0.1922
v  0.9119 1.0611 0.1951
v  0.9115 1.0568 0.1966
v  1.0260 1.0615 0.2561
v  1.0298 1.0713 0.2435
v  1.0285 1.0710 0.2478
v  0.9153 1.0666 0.1840
v  0.9140 1.0663 0.1883
v  1.0322 1.0667 0.2363
v  1.0311 1.0698 0.2395
v  0.9177 1.0620 0.1767
v  0.9166 1.0651 0.1799
v  1.0329 1.0581 0.2343
v  1.0328 1.0626 0.2345
v  0.9184 1.0534 0.1747
v  0.9183 1.0580 0.1749
v  1.0317 1.0505 0.2386
v  1.0325 1.0539 0.2357
v  0.9171 1.0458 0.1791
v  0.9180 1.0492 0.1762
v  1.0291 1.0483 0.2468
v  1.0304 1.0486 0.2425
v  0.9146 1.0436 0.1873
v  0.9159 1.0439 0.1830
v  1.0267 1.0529 0.2541
v  1.0278 1.0499 0.2509
v  0.9122 1.0482 0.1945
v  0.9133 1.0452 0.1913
v  1.0261 1.0570 0.2559
v  0.9116 1.0523 0.1963
v  0.7419 1.0589 0.1137
v  0.7410 1.0555 0.1165
v  0.7406 1.0513 0.1180
v  0.7445 1.0611 0.1055
v  0.7431 1.0608 0.1098
v  0.7468 1.0565 0.0982
v  0.7458 1.0595 0.1014
v  0.7476 1.0479 0.0962
v  0.7474 1.0524 0.0964
v  0.7463 1.0403 0.1005
v  0.7471 1.0437 0.0977
v  0.7437 1.0381 0.1088
v  0.7450 1.0384 0.1044
v  0.7413 1.0427 0.1160
v  0.7424 1.0397 0.1128
v  0.7407 1.0468 0.1178
v  1.1192 1.5267 0.2874
v  1.1768 1.4237 0.3216
v  1.1759 1.4255 0.3289
v  1.1181 1.5287 0.2945
v  1.2179 1.3119 0.3520
v  1.2171 1.3135 0.3593
v  1.2190 1.3157 0.3662
v  1.1776 1.4283 0.3356
v  1.1195 1.5320 0.3011
v  0.9597 1.6962 0.2104
v  1.0461 1.6183 0.2499
v  1.0450 1.6204 0.2570
v  0.9584 1.6985 0.2174
v  1.0459 1.6242 0.2634
v  0.9589 1.7027 0.2236
v  0.7553 1.8039 0.1286
v  0.8619 1.7585 0.1696
v  0.8604 1.7609 0.1765
v  0.7536 1.8063 0.1355
v  0.8604 1.7655 0.1825
v  0.7530 1.8111 0.1412
v  0.5258 1.8391 0.0500
v  0.6423 1.8308 0.0884
v  0.6403 1.8334 0.0952
v  0.5236 1.8416 0.0567
v  0.6392 1.8383 0.1007
v  0.5219 1.8465 0.0620
v  0.2938 1.7984 -0.0177
v  0.4087 1.8281 0.0144
v  0.4063 1.8306 0.0210
v  0.2912 1.8009 -0.0111
v  0.4039 1.8355 0.0261
v  0.2882 1.8056 -0.0061
v  0.0819 1.6858 -0.0679
v  0.1840 1.7505 -0.0453
v  0.1812 1.7529 -0.0388
v  0.0789 1.6881 -0.0614
v  0.1776 1.7574 -0.0339
v  0.0748 1.6923 -0.0567
v  -0.0891 1.5124 -0.0956
v  -0.0098 1.6058 -0.0848
v  -0.0130 1.6079 -0.0783
v  -0.0924 1.5144 -0.0892
v  -0.0175 1.6116 -0.0737
v  -0.0973 1.5176 -0.0846
v  -0.2024 1.2951 -0.0982
v  -0.1537 1.4080 -0.1001
v  -0.1572 1.4097 -0.0937
v  -0.2060 1.2967 -0.0918
v  -0.1625 1.4124 -0.0891
v  -0.2115 1.2988 -0.0872
v  -0.2470 1.0552 -0.0754
v  -0.2337 1.1766 -0.0899
v  -0.2373 1.1778 -0.0835
v  -0.2506 1.0563 -0.0690
v  -0.2430 1.1793 -0.0788
v  -0.2564 1.0571 -0.0643
v  -0.2185 0.8162 -0.0295
v  -0.2418 0.9341 -0.0551
v  -0.2455 0.9349 -0.0486
v  -0.2221 0.8168 -0.0229
v  -0.2512 0.9352 -0.0438
v  -0.2277 0.8164 -0.0180
v  -0.1197 0.6014 0.0352
v  -0.1774 0.7044 0.0009
v  -0.1809 0.7047 0.0075
v  -0.1231 0.6016 0.0419
v  -0.1863 0.7038 0.0126
v  -0.1282 0.6001 0.0471
v  0.0397 0.4319 0.1122
v  -0.0467 0.5098 0.0726
v  -0.0500 0.5098 0.0793
v  0.0366 0.4317 0.1190
v  -0.0547 0.5079 0.0848
v  0.0323 0.4294 0.1246
v  0.2441 0.3243 0.1939
v  0.1375 0.3696 0.1529
v  0.1346 0.3693 0.1599
v  0.2414 0.3239 0.2009
v  0.1308 0.3666 0.1657
v  0.2382 0.3210 0.2070
v  0.4736 0.2891 0.2725
v  0.3571 0.2973 0.2341
v  0.3546 0.2969 0.2412
v  0.4714 0.2886 0.2797
v  0.3520 0.2938 0.2475
v  0.4693 0.2855 0.2862
v  0.7056 0.3297 0.3402
v  0.5907 0.3000 0.3082
v  0.5887 0.2996 0.3154
v  0.7038 0.3294 0.3475
v  0.5873 0.2966 0.3221
v  0.7030 0.3265 0.3543
v  0.9175 0.4423 0.3904
v  0.8154 0.3776 0.3678
v  0.8138 0.3773 0.3752
v  0.9161 0.4421 0.3978
v  0.8136 0.3747 0.3822
v  0.9164 0.4398 0.4049
v  1.0885 0.6157 0.4182
v  1.0092 0.5223 0.4073
v  1.0080 0.5224 0.4147
v  1.0874 0.6159 0.4256
v  1.0088 0.5205 0.4219
v  1.0886 0.6145 0.4328
v  1.2018 0.8330 0.4208
v  1.1531 0.7201 0.4226
v  1.1522 0.7205 0.4301
v  1.2009 0.8336 0.4282
v  1.1537 0.7196 0.4374
v  1.2027 0.8333 0.4354
v  1.2464 1.0729 0.3980
v  1.2331 0.9516 0.4124
v  1.2323 0.9524 0.4198
v  1.2456 1.0740 0.4053
v  1.2342 0.9527 0.4271
v  1.2476 1.0749 0.4125
v  1.2413 1.1940 0.3776
v  1.2405 1.1953 0.3850
v  1.2424 1.1969 0.3920
v  1.1817 1.4317 0.3408
v  1.1231 1.5363 0.3060
v  1.2234 1.3183 0.3716
v  1.2296 1.3208 0.3748
v  1.1875 1.4353 0.3437
v  1.1284 1.5408 0.3086
v  1.0490 1.6292 0.2680
v  0.9613 1.7083 0.2278
v  1.0536 1.6345 0.2703
v  0.9651 1.7144 0.2297
v  0.8620 1.7716 0.1864
v  0.7538 1.8175 0.1448
v  0.8649 1.7782 0.1879
v  0.7557 1.8246 0.1460
v  0.6391 1.8449 0.1040
v  0.5209 1.8533 0.0651
v  0.6400 1.8523 0.1048
v  0.5206 1.8607 0.0655
v  0.4020 1.8421 0.0289
v  0.2854 1.8120 -0.0037
v  0.4007 1.8494 0.0289
v  0.2830 1.8190 -0.0039
v  0.1739 1.7634 -0.0317
v  0.0703 1.6978 -0.0546
v  0.1705 1.7700 -0.0322
v  0.0660 1.7038 -0.0553
v  -0.0228 1.6165 -0.0717
v  -0.1032 1.5218 -0.0828
v  -0.0280 1.6217 -0.0726
v  -0.1091 1.5261 -0.0837
v  -0.1689 1.4157 -0.0873
v  -0.2183 1.3012 -0.0854
v  -0.1754 1.4192 -0.0883
v  -0.2252 1.3036 -0.0864
v  -0.2500 1.1808 -0.0769
v  -0.2636 1.0577 -0.0623
v  -0.2573 1.1821 -0.0778
v  -0.2709 1.0578 -0.0630
v  -0.2583 0.9347 -0.0416
v  -0.2346 0.8150 -0.0156
v  -0.2656 0.9337 -0.0422
v  -0.2418 0.8129 -0.0159
v  -0.1929 0.7015 0.0152
v  -0.1344 0.5970 0.0500
v  -0.1997 0.6984 0.0152
v  -0.1406 0.5929 0.0503
v  -0.0603 0.5041 0.0880
v  0.0274 0.4250 0.1281
v  -0.0658 0.4992 0.0886
v  0.0227 0.4193 0.1291
v  0.1267 0.3617 0.1695
v  0.2350 0.3157 0.2112
v  0.1229 0.3555 0.1709
v  0.2321 0.3091 0.2129
v  0.3497 0.2883 0.2519
v  0.4679 0.2800 0.2909
v  0.3479 0.2815 0.2541
v  0.4672 0.2730 0.2934
v  0.5868 0.2911 0.3271
v  0.7034 0.3213 0.3596
v  0.5872 0.2843 0.3299
v  0.7048 0.3147 0.3627
v  0.8148 0.3699 0.3877
v  0.9184 0.4355 0.4106
v  0.8173 0.3637 0.3910
v  0.9219 0.4300 0.4141
v  1.0115 0.5168 0.4277
v  1.0920 0.6115 0.4387
v  1.0158 0.5120 0.4314
v  1.0970 0.6076 0.4426
v  1.1576 0.7175 0.4433
v  1.2070 0.8321 0.4414
v  1.1632 0.7146 0.4472
v  1.2131 0.8302 0.4452
v  1.2388 0.9524 0.4329
v  1.2523 1.0756 0.4182
v  1.2451 0.9516 0.4367
v  1.2588 1.0759 0.4219
v  1.2471 1.1985 0.3976
v  1.2535 1.2000 0.4010
v  1.1942 1.4384 0.3437
v  1.1346 1.5448 0.3083
v  1.2367 1.3228 0.3751
v  1.2436 1.3242 0.3727
v  1.2008 1.4406 0.3411
v  1.1407 1.5479 0.3054
v  1.0591 1.6394 0.2696
v  0.9698 1.7200 0.2287
v  1.0647 1.6432 0.2665
v  0.9747 1.7244 0.2253
v  0.8688 1.7844 0.1866
v  0.7585 1.8313 0.1442
v  0.8729 1.7893 0.1828
v  0.7618 1.8365 0.1401
v  0.6417 1.8591 0.1027
v  0.5213 1.8676 0.0630
v  0.6441 1.8646 0.0982
v  0.5228 1.8732 0.0582
v  0.4003 1.8563 0.0261
v  0.2815 1.8256 -0.0070
v  0.4008 1.8617 0.0211
v  0.2811 1.8308 -0.0123
v  0.1681 1.7761 -0.0355
v  0.0626 1.7093 -0.0588
v  0.1668 1.7810 -0.0410
v  0.0605 1.7136 -0.0645
v  -0.0322 1.6265 -0.0763
v  -0.1141 1.5301 -0.0875
v  -0.0350 1.6302 -0.0821
v  -0.1176 1.5330 -0.0934
v  -0.1810 1.4221 -0.0922
v  -0.2313 1.3055 -0.0902
v  -0.1849 1.4242 -0.0981
v  -0.2356 1.3067 -0.0961
v  -0.2636 1.1829 -0.0816
v  -0.2774 1.0575 -0.0666
v  -0.2682 1.1832 -0.0875
v  -0.2821 1.0568 -0.0724
v  -0.2721 0.9323 -0.0456
v  -0.2480 0.8104 -0.0191
v  -0.2767 0.9307 -0.0512
v  -0.2524 0.8079 -0.0245
v  -0.2055 0.6949 0.0122
v  -0.1459 0.5884 0.0477
v  -0.2096 0.6914 0.0071
v  -0.1495 0.5842 0.0428
v  -0.0704 0.4938 0.0863
v  0.0189 0.4132 0.1272
v  -0.0735 0.4888 0.0817
v  0.0165 0.4076 0.1230
v  0.1200 0.3488 0.1694
v  0.2302 0.3020 0.2118
v  0.1184 0.3427 0.1654
v  0.2294 0.2956 0.2081
v  0.3470 0.2741 0.2533
v  0.4674 0.2656 0.2930
v  0.3471 0.2675 0.2500
v  0.4684 0.2589 0.2900
v  0.5885 0.2770 0.3298
v  0.7072 0.3077 0.3630
v  0.5904 0.2703 0.3271
v  0.7101 0.3012 0.3605
v  0.8207 0.3571 0.3915
v  0.9262 0.4240 0.4148
v  0.8244 0.3511 0.3892
v  0.9307 0.4185 0.4127
v  1.0210 0.5067 0.4323
v  1.1029 0.6032 0.4435
v  1.0263 0.5019 0.4303
v  1.1088 0.5991 0.4416
v  1.1697 0.7112 0.4481
v  1.2200 0.8278 0.4462
v  1.1761 0.7078 0.4463
v  1.2268 0.8254 0.4444
v  1.2524 0.9504 0.4376
v  1.2661 1.0758 0.4226
v  1.2594 0.9489 0.4357
v  1.2733 1.0752 0.4206
v  1.2608 1.2010 0.4016
v  1.2679 1.2014 0.3994
v  1.2062 1.4416 0.3360
v  1.1459 1.5494 0.3002
v  1.2492 1.3246 0.3678
v  1.2528 1.3240 0.3613
v  1.2097 1.4412 0.3294
v  1.1492 1.5492 0.2935
v  1.0694 1.6452 0.2610
v  0.9790 1.7268 0.2196
v  1.0727 1.6452 0.2543
v  0.9821 1.7270 0.2128
v  0.8766 1.7920 0.1769
v  0.7650 1.8394 0.1340
v  0.8795 1.7923 0.1700
v  0.7677 1.8398 0.1270
v  0.6467 1.8677 0.0919
v  0.5248 1.8763 0.0517
v  0.6492 1.8681 0.0849
v  0.5271 1.8767 0.0446
v  0.4022 1.8648 0.0144
v  0.2820 1.8337 -0.0191
v  0.4043 1.8652 0.0072
v  0.2838 1.8341 -0.0264
v  0.1670 1.7836 -0.0480
v  0.0602 1.7159 -0.0716
v  0.1686 1.7839 -0.0554
v  0.0616 1.7161 -0.0790
v  -0.0358 1.6321 -0.0893
v  -0.1187 1.5344 -0.1007
v  -0.0346 1.6321 -0.0967
v  -0.1177 1.5342 -0.1081
v  -0.1864 1.4251 -0.1054
v  -0.2374 1.3070 -0.1034
v  -0.1855 1.4247 -0.1128
v  -0.2365 1.3064 -0.1108
v  -0.2701 1.1829 -0.0947
v  -0.2841 1.0559 -0.0795
v  -0.2693 1.1820 -0.1021
v  -0.2833 1.0548 -0.0869
v  -0.2787 0.9291 -0.0583
v  -0.2542 0.8057 -0.0314
v  -0.2779 0.9278 -0.0656
v  -0.2534 0.8041 -0.0387
v  -0.2112 0.6887 0.0003
v  -0.1509 0.5809 0.0362
v  -0.2103 0.6869 -0.0069
v  -0.1498 0.5789 0.0290
v  -0.0744 0.4850 0.0754
v  0.0160 0.4034 0.1168
v  -0.0733 0.4829 0.0683
v  0.0173 0.4012 0.1098
v  0.1184 0.3382 0.1595
v  0.2300 0.2908 0.2024
v  0.1199 0.3358 0.1525
v  0.2317 0.2883 0.1955
v  0.3483 0.2626 0.2445
v  0.4702 0.2540 0.2846
v  0.3502 0.2600 0.2377
v  0.4723 0.2514 0.2779
v  0.5928 0.2655 0.3220
v  0.7130 0.2965 0.3555
v  0.5952 0.2629 0.3153
v  0.7156 0.2940 0.3489
v  0.8280 0.3466 0.3844
v  0.9348 0.4143 0.4080
v  0.8308 0.3442 0.3779
v  0.9378 0.4121 0.4015
v  1.0308 0.4981 0.4257
v  1.1137 0.5958 0.4371
v  1.0340 0.4960 0.4192
v  1.1171 0.5939 0.4306
v  1.1814 0.7051 0.4418
v  1.2324 0.8233 0.4398
v  1.1849 0.7034 0.4353
v  1.2359 0.8217 0.4334
v  1.2651 0.9474 0.4311
v  1.2791 1.0744 0.4159
v  1.2687 0.9461 0.4246
v  1.2827 1.0733 0.4095
v  1.2737 1.2011 0.3946
v  1.2773 1.2003 0.3881
v  1.2106 1.4395 0.3222
v  1.1503 1.5473 0.2863
v  1.2537 1.3224 0.3540
v  1.2518 1.3202 0.3471
v  1.2090 1.4367 0.3154
v  1.1489 1.5439 0.2797
v  1.0738 1.6431 0.2472
v  0.9834 1.7247 0.2057
v  1.0729 1.6393 0.2408
v  0.9829 1.7205 0.1996
v  0.8810 1.7899 0.1630
v  0.7694 1.8373 0.1201
v  0.8810 1.7854 0.1571
v  0.7700 1.8326 0.1144
v  0.6511 1.8655 0.0781
v  0.5292 1.8741 0.0379
v  0.6523 1.8607 0.0725
v  0.5310 1.8692 0.0325
v  0.4066 1.8627 0.0006
v  0.2864 1.8316 -0.0330
v  0.4090 1.8578 -0.0046
v  0.2893 1.8269 -0.0380
v  0.1715 1.7815 -0.0619
v  0.0646 1.7138 -0.0855
v  0.1750 1.7770 -0.0667
v  0.0687 1.7097 -0.0902
v  -0.0314 1.6300 -0.1032
v  -0.1143 1.5323 -0.1145
v  -0.0268 1.6263 -0.1078
v  -0.1094 1.5291 -0.1191
v  -0.1820 1.4230 -0.1192
v  -0.2330 1.3049 -0.1173
v  -0.1767 1.4203 -0.1238
v  -0.2274 1.3027 -0.1218
v  -0.2657 1.1807 -0.1086
v  -0.2796 1.0537 -0.0934
v  -0.2600 1.1792 -0.1132
v  -0.2739 1.0529 -0.0981
v  -0.2742 0.9270 -0.0721
v  -0.2498 0.8035 -0.0453
v  -0.2685 0.9267 -0.0769
v  -0.2442 0.8039 -0.0502
v  -0.2068 0.6865 -0.0135
v  -0.1464 0.5787 0.0224
v  -0.2014 0.6875 -0.0186
v  -0.1413 0.5802 0.0171
v  -0.0700 0.4829 0.0615
v  0.0204 0.4013 0.1029
v  -0.0653 0.4849 0.0561
v  0.0247 0.4037 0.0973
v  0.1228 0.3361 0.1456
v  0.2344 0.2887 0.1885
v  0.1266 0.3388 0.1398
v  0.2376 0.2916 0.1825
v  0.3527 0.2604 0.2306
v  0.4746 0.2518 0.2708
v  0.3553 0.2635 0.2243
v  0.4766 0.2549 0.2643
v  0.5972 0.2633 0.3081
v  0.7175 0.2944 0.3416
v  0.5986 0.2664 0.3014
v  0.7183 0.2973 0.3348
v  0.8324 0.3445 0.3706
v  0.9392 0.4122 0.3942
v  0.8326 0.3471 0.3636
v  0.9389 0.4145 0.3871
v  1.0352 0.4960 0.4118
v  1.1182 0.5937 0.4232
v  1.0344 0.4979 0.4046
v  1.1170 0.5951 0.4160
v  1.1858 0.7030 0.4279
v  1.2368 0.8211 0.4259
v  1.1843 0.7039 0.4206
v  1.2350 0.8214 0.4187
v  1.2695 0.9452 0.4172
v  1.2835 1.0722 0.4021
v  1.2676 0.9449 0.4100
v  1.2815 1.0713 0.3949
v  1.2781 1.1990 0.3808
v  1.2761 1.1974 0.3737
v  1.2049 1.4332 0.3103
v  1.1453 1.5397 0.2749
v  1.2474 1.3177 0.3417
v  1.2412 1.3152 0.3385
v  1.1991 1.4297 0.3074
v  1.1400 1.5352 0.2723
v  1.0698 1.6343 0.2362
v  0.9805 1.7149 0.1953
v  1.0652 1.6289 0.2339
v  0.9767 1.7088 0.1934
v  0.8794 1.7793 0.1531
v  0.7692 1.8261 0.1108
v  0.8765 1.7726 0.1516
v  0.7673 1.8190 0.1096
v  0.6524 1.8540 0.0692
v  0.5320 1.8625 0.0295
v  0.6515 1.8467 0.0685
v  0.5322 1.8551 0.0291
v  0.4110 1.8511 -0.0073
v  0.2922 1.8205 -0.0404
v  0.4123 1.8438 -0.0074
v  0.2946 1.8134 -0.0402
v  0.1787 1.7710 -0.0690
v  0.0732 1.7041 -0.0923
v  0.1821 1.7644 -0.0685
v  0.0776 1.6982 -0.0916
v  -0.0216 1.6214 -0.1097
v  -0.1035 1.5249 -0.1210
v  -0.0164 1.6161 -0.1089
v  -0.0976 1.5205 -0.1200
v  -0.1703 1.4170 -0.1256
v  -0.2206 1.3003 -0.1237
v  -0.1638 1.4135 -0.1246
v  -0.2137 1.2979 -0.1227
v  -0.2530 1.1777 -0.1151
v  -0.2667 1.0523 -0.1001
v  -0.2457 1.1765 -0.1142
v  -0.2594 1.0522 -0.0993
v  -0.2614 0.9272 -0.0791
v  -0.2373 0.8053 -0.0526
v  -0.2541 0.9281 -0.0785
v  -0.2302 0.8073 -0.0523
v  -0.1948 0.6897 -0.0212
v  -0.1352 0.5833 0.0142
v  -0.1881 0.6928 -0.0212
v  -0.1290 0.5873 0.0140
v  -0.0597 0.4887 0.0529
v  0.0296 0.4081 0.0938
v  -0.0542 0.4936 0.0523
v  0.0343 0.4137 0.0928
v  0.1307 0.3437 0.1359
v  0.2409 0.2968 0.1783
v  0.1345 0.3499 0.1346
v  0.2437 0.3035 0.1766
v  0.3577 0.2690 0.2198
v  0.4781 0.2605 0.2595
v  0.3595 0.2758 0.2177
v  0.4788 0.2674 0.2571
v  0.5991 0.2718 0.2964
v  0.7179 0.3025 0.3295
v  0.5987 0.2787 0.2936
v  0.7164 0.3091 0.3264
v  0.8314 0.3520 0.3580
v  0.9369 0.4188 0.3814
v  0.8289 0.3581 0.3547
v  0.9334 0.4244 0.3778
v  1.0317 0.5016 0.3988
v  1.1136 0.5980 0.4100
v  1.0274 0.5064 0.3951
v  1.1086 0.6020 0.4062
v  1.1804 0.7060 0.4147
v  1.2307 0.8226 0.4127
v  1.1748 0.7090 0.4108
v  1.2247 0.8246 0.4089
v  1.2630 0.9452 0.4041
v  1.2768 1.0706 0.3892
v  1.2567 0.9460 0.4004
v  1.2704 1.0703 0.3855
v  1.2715 1.1958 0.3682
v  1.2651 1.1944 0.3647
v  1.1923 1.4266 0.3073
v  1.1338 1.5311 0.2725
v  1.2341 1.3131 0.3381
v  1.2271 1.3117 0.3405
v  1.1857 1.4243 0.3099
v  1.1277 1.5280 0.2754
v  1.0597 1.6240 0.2346
v  0.9720 1.7032 0.1944
v  1.0541 1.6202 0.2377
v  0.9671 1.6988 0.1979
v  0.8727 1.7664 0.1530
v  0.7644 1.8124 0.1114
v  0.8686 1.7615 0.1568
v  0.7612 1.8071 0.1155
v  0.6498 1.8398 0.0706
v  0.5315 1.8481 0.0316
v  0.6474 1.8343 0.0750
v  0.5301 1.8426 0.0364
v  0.4126 1.8370 -0.0046
v  0.2960 1.8068 -0.0371
v  0.4121 1.8315 0.0005
v  0.2964 1.8016 -0.0318
v  0.1846 1.7583 -0.0651
v  0.0810 1.6926 -0.0880
v  0.1858 1.7534 -0.0596
v  0.0830 1.6883 -0.0823
v  -0.0121 1.6113 -0.1052
v  -0.0926 1.5166 -0.1162
v  -0.0093 1.6076 -0.0994
v  -0.0892 1.5136 -0.1103
v  -0.1582 1.4106 -0.1208
v  -0.2076 1.2960 -0.1189
v  -0.1543 1.4085 -0.1148
v  -0.2033 1.2948 -0.1129
v  -0.2394 1.1757 -0.1104
v  -0.2529 1.0525 -0.0957
v  -0.2348 1.1754 -0.1045
v  -0.2482 1.0532 -0.0900
v  -0.2476 0.9296 -0.0751
v  -0.2240 0.8099 -0.0491
v  -0.2430 0.9312 -0.0695
v  -0.2195 0.8124 -0.0437
v  -0.1823 0.6964 -0.0182
v  -0.1237 0.5918 0.0166
v  -0.1781 0.6998 -0.0131
v  -0.1201 0.5961 0.0214
v  -0.0496 0.4989 0.0545
v  0.0381 0.4198 0.0947
v  -0.0465 0.5039 0.0591
v  0.0405 0.4254 0.0990
v  0.1374 0.3566 0.1361
v  0.2456 0.3106 0.1777
v  0.1390 0.3626 0.1400
v  0.2464 0.3170 0.1813
v  0.3603 0.2832 0.2185
v  0.4785 0.2748 0.2575
v  0.3602 0.2898 0.2218
v  0.4775 0.2816 0.2605
v  0.5974 0.2860 0.2937
v  0.7141 0.3161 0.3262
v  0.5955 0.2926 0.2964
v  0.7112 0.3225 0.3287
v  0.8255 0.3647 0.3542
v  0.9291 0.4303 0.3771
v  0.8218 0.3707 0.3565
v  0.9246 0.4359 0.3792
v  1.0222 0.5116 0.3943
v  1.1026 0.6064 0.4053
v  1.0169 0.5165 0.3962
v  1.0968 0.6105 0.4071
v  1.1683 0.7124 0.4099
v  1.2177 0.8269 0.4079
v  1.1619 0.7157 0.4117
v  1.2109 0.8293 0.4098
v  1.2494 0.9473 0.3995
v  1.2630 1.0704 0.3848
v  1.2424 0.9488 0.4014
v  1.2558 1.0710 0.3868
v  1.2577 1.1934 0.3641
v  1.2506 1.1930 0.3663
v  1.1803 1.4234 0.3150
v  1.1225 1.5266 0.2807
v  1.2215 1.3114 0.3454
v  1.0494 1.6183 0.2432
v  0.9628 1.6964 0.2035
v  0.8648 1.7588 0.1627
v  0.7580 1.8042 0.1216
v  0.6448 1.8312 0.0813
v  0.5281 1.8395 0.0429
v  0.4107 1.8285 0.0071
v  0.2956 1.7987 -0.0250
v  0.1856 1.7508 -0.0526
v  0.0833 1.6860 -0.0752
v  -0.0086 1.6057 -0.0922
v  -0.0880 1.5122 -0.1030
v  -0.1528 1.4076 -0.1076
v  -0.2015 1.2945 -0.1057
v  -0.2329 1.1757 -0.0973
v  -0.2462 1.0541 -0.0828
v  -0.2411 0.9328 -0.0624
v  -0.2177 0.8146 -0.0368
v  -0.1765 0.7026 -0.0063
v  -0.1187 0.5994 0.0280
v  -0.0456 0.5077 0.0655
v  0.0410 0.4296 0.1051
v  0.1390 0.3672 0.1460
v  0.2459 0.3218 0.1871
v  0.3591 0.2947 0.2273
v  0.4758 0.2865 0.2658
v  0.5931 0.2975 0.3015
v  0.7082 0.3272 0.3336
v  0.8182 0.3752 0.3613
v  0.9205 0.4400 0.3839
v  1.0124 0.5202 0.4008
v  1.0918 0.6137 0.4117
v  1.1566 0.7184 0.4162
v  1.2054 0.8315 0.4143
v  1.2367 0.9503 0.4060
v  1.2501 1.0718 0.3915
v  1.2449 1.1932 0.3711
v  1.0251 1.4295 0.1886
v  1.0716 1.3464 0.2162
v  1.0708 1.3479 0.2221
v  1.0242 1.4310 0.1944
v  1.1047 1.2563 0.2407
v  1.1040 1.2575 0.2466
v  1.1055 1.2593 0.2521
v  1.0721 1.3501 0.2275
v  1.0253 1.4337 0.1997
v  0.8965 1.5661 0.1265
v  0.9662 1.5033 0.1584
v  0.9652 1.5050 0.1641
v  0.8955 1.5680 0.1322
v  0.9660 1.5080 0.1693
v  0.8959 1.5713 0.1372
v  0.7317 1.6529 0.0606
v  0.8177 1.6164 0.0936
v  0.8165 1.6183 0.0992
v  0.7303 1.6549 0.0661
v  0.8165 1.6219 0.1040
v  0.7299 1.6587 0.0707
v  0.5467 1.6813 -0.0028
v  0.6406 1.6746 0.0282
v  0.6390 1.6767 0.0337
v  0.5449 1.6833 0.0026
v  0.6381 1.6806 0.0381
v  0.5435 1.6873 0.0069
v  0.3596 1.6485 -0.0574
v  0.4523 1.6724 -0.0315
v  0.4503 1.6745 -0.0262
v  0.3575 1.6505 -0.0520
v  0.4484 1.6784 -0.0220
v  0.3551 1.6543 -0.0480
v  0.1888 1.5577 -0.0978
v  0.2711 1.6099 -0.0796
v  0.2688 1.6118 -0.0744
v  0.1864 1.5596 -0.0926
v  0.2660 1.6154 -0.0705
v  0.1831 1.5629 -0.0888
v  0.0510 1.4179 -0.1202
v  0.1149 1.4932 -0.1114
v  0.1123 1.4949 -0.1062
v  0.0483 1.4195 -0.1150
v  0.1086 1.4979 -0.1025
v  0.0443 1.4221 -0.1113
v  -0.0404 1.2428 -0.1223
v  -0.0012 1.3337 -0.1238
v  -0.0040 1.3351 -0.1186
v  -0.0433 1.2440 -0.1171
v  -0.0082 1.3373 -0.1150
v  -0.0477 1.2457 -0.1134
v  -0.0764 1.0493 -0.1039
v  -0.0656 1.1471 -0.1156
v  -0.0685 1.1482 -0.1104
v  -0.0793 1.0502 -0.0987
v  -0.0731 1.1494 -0.1067
v  -0.0840 1.0509 -0.0949
v  -0.0534 0.8566 -0.0668
v  -0.0722 0.9517 -0.0875
v  -0.0751 0.9523 -0.0823
v  -0.0563 0.8571 -0.0615
v  -0.0798 0.9525 -0.0784
v  -0.0608 0.8568 -0.0576
v  0.0262 0.6834 -0.0147
v  -0.0203 0.7665 -0.0424
v  -0.0231 0.7668 -0.0370
v  0.0235 0.6836 -0.0093
v  -0.0274 0.7660 -0.0329
v  0.0194 0.6824 -0.0051
v  0.1548 0.5468 0.0473
v  0.0851 0.6096 0.0154
v  0.0825 0.6096 0.0209
v  0.1523 0.5467 0.0528
v  0.0787 0.6081 0.0253
v  0.1488 0.5447 0.0574
v  0.3196 0.4600 0.1133
v  0.2336 0.4965 0.0802
v  0.2313 0.4963 0.0858
v  0.3174 0.4597 0.1189
v  0.2282 0.4942 0.0905
v  0.3148 0.4574 0.1238
v  0.5046 0.4316 0.1766
v  0.4107 0.4383 0.1457
v  0.4087 0.4379 0.1514
v  0.5028 0.4313 0.1824
v  0.4066 0.4355 0.1564
v  0.5012 0.4288 0.1876
v  0.6917 0.4644 0.2312
v  0.5990 0.4405 0.2054
v  0.5974 0.4402 0.2112
v  0.6902 0.4641 0.2371
v  0.5963 0.4377 0.2166
v  0.6895 0.4618 0.2426
v  0.8625 0.5551 0.2717
v  0.7802 0.5030 0.2535
v  0.7789 0.5028 0.2594
v  0.8613 0.5550 0.2776
v  0.7787 0.5007 0.2650
v  0.8616 0.5532 0.2833
v  1.0003 0.6950 0.2940
v  0.9364 0.6197 0.2853
v  0.9354 0.6197 0.2912
v  0.9994 0.6951 0.3000
v  0.9360 0.6182 0.2970
v  1.0004 0.6940 0.3059
v  1.0917 0.8701 0.2961
v  1.0525 0.7792 0.2977
v  1.0517 0.7795 0.3036
v  1.0910 0.8706 0.3021
v  1.0529 0.7788 0.3095
v  1.0924 0.8704 0.3080
v  1.1277 1.0636 0.2778
v  1.1169 0.9657 0.2894
v  1.1163 0.9664 0.2954
v  1.1270 1.0644 0.2837
v  1.1178 0.9667 0.3012
v  1.1286 1.0652 0.2895
v  1.1235 1.1612 0.2614
v  1.1229 1.1623 0.2673
v  1.1244 1.1636 0.2730
v  1.0755 1.3529 0.2316
v  1.0283 1.4372 0.2036
v  1.1091 1.2614 0.2565
v  1.1141 1.2634 0.2591
v  1.0801 1.3557 0.2340
v  1.0325 1.4408 0.2057
v  0.9685 1.5121 0.1730
v  0.8978 1.5759 0.1406
v  0.9722 1.5164 0.1748
v  0.9009 1.5808 0.1421
v  0.8178 1.6268 0.1072
v  0.7305 1.6639 0.0737
v  0.8201 1.6322 0.1084
v  0.7320 1.6696 0.0746
v  0.6380 1.6860 0.0408
v  0.5427 1.6927 0.0094
v  0.6387 1.6919 0.0414
v  0.5425 1.6987 0.0097
v  0.4469 1.6837 -0.0198
v  0.3528 1.6595 -0.0460
v  0.4458 1.6896 -0.0198
v  0.3509 1.6651 -0.0462
v  0.2630 1.6203 -0.0686
v  0.1795 1.5674 -0.0871
v  0.2603 1.6256 -0.0690
v  0.1760 1.5722 -0.0877
v  0.1044 1.5018 -0.1009
v  0.0395 1.4255 -0.1098
v  0.1002 1.5061 -0.1016
v  0.0348 1.4290 -0.1106
v  -0.0134 1.3400 -0.1135
v  -0.0532 1.2476 -0.1119
v  -0.0186 1.3427 -0.1143
v  -0.0588 1.2495 -0.1127
v  -0.0788 1.1506 -0.1051
v  -0.0897 1.0513 -0.0933
v  -0.0847 1.1516 -0.1058
v  -0.0957 1.0514 -0.0939
v  -0.0855 0.9522 -0.0766
v  -0.0664 0.8557 -0.0557
v  -0.0914 0.9514 -0.0771
v  -0.0721 0.8540 -0.0559
v  -0.0328 0.7642 -0.0308
v  0.0144 0.6799 -0.0028
v  -0.0382 0.7617 -0.0309
v  0.0094 0.6766 -0.0026
v  0.0742 0.6050 0.0278
v  0.1449 0.5412 0.0602
v  0.0697 0.6010 0.0283
v  0.1411 0.5367 0.0610
v  0.2249 0.4902 0.0936
v  0.3122 0.4531 0.1272
v  0.2218 0.4852 0.0947
v  0.3099 0.4478 0.1286
v  0.4047 0.4311 0.1600
v  0.5000 0.4243 0.1915
v  0.4032 0.4255 0.1617
v  0.4994 0.4187 0.1934
v  0.5958 0.4333 0.2206
v  0.6899 0.4576 0.2469
v  0.5961 0.4278 0.2229
v  0.6910 0.4523 0.2494
v  0.7797 0.4968 0.2695
v  0.8632 0.5497 0.2879
v  0.7817 0.4918 0.2722
v  0.8660 0.5452 0.2908
v  0.9383 0.6152 0.3017
v  1.0031 0.6916 0.3106
v  0.9417 0.6114 0.3047
v  1.0072 0.6884 0.3137
v  1.0561 0.7771 0.3143
v  1.0959 0.8694 0.3128
v  1.0606 0.7747 0.3174
v  1.1008 0.8679 0.3159
v  1.1215 0.9665 0.3059
v  1.1324 1.0658 0.2941
v  1.1266 0.9658 0.3090
v  1.1376 1.0660 0.2970
v  1.1282 1.1649 0.2775
v  1.1333 1.1660 0.2802
v  1.0856 1.3582 0.2340
v  1.0375 1.4441 0.2055
v  1.1198 1.2651 0.2593
v  1.1254 1.2662 0.2574
v  1.0909 1.3601 0.2319
v  1.0425 1.4465 0.2031
v  0.9767 1.5203 0.1743
v  0.9047 1.5853 0.1413
v  0.9811 1.5234 0.1717
v  0.9086 1.5889 0.1385
v  0.8232 1.6372 0.1073
v  0.7343 1.6750 0.0732
v  0.8265 1.6412 0.1043
v  0.7369 1.6792 0.0698
v  0.6402 1.6975 0.0397
v  0.5431 1.7043 0.0077
v  0.6421 1.7019 0.0361
v  0.5443 1.7088 0.0039
v  0.4455 1.6952 -0.0220
v  0.3498 1.6704 -0.0487
v  0.4459 1.6996 -0.0261
v  0.3494 1.6746 -0.0530
v  0.2583 1.6305 -0.0717
v  0.1732 1.5767 -0.0905
v  0.2572 1.6344 -0.0762
v  0.1715 1.5801 -0.0951
v  0.0968 1.5099 -0.1046
v  0.0307 1.4322 -0.1136
v  0.0945 1.5129 -0.1093
v  0.0280 1.4345 -0.1184
v  -0.0231 1.3451 -0.1174
v  -0.0637 1.2511 -0.1158
v  -0.0263 1.3468 -0.1222
v  -0.0672 1.2521 -0.1206
v  -0.0898 1.1523 -0.1089
v  -0.1009 1.0512 -0.0968
v  -0.0934 1.1525 -0.1136
v  -0.1046 1.0506 -0.1015
v  -0.0966 0.9502 -0.0799
v  -0.0771 0.8520 -0.0585
v  -0.1003 0.9489 -0.0844
v  -0.0807 0.8499 -0.0629
v  -0.0429 0.7588 -0.0332
v  0.0052 0.6730 -0.0047
v  -0.0462 0.7560 -0.0374
v  0.0022 0.6696 -0.0086
v  0.0660 0.5967 0.0265
v  0.1380 0.5318 0.0595
v  0.0635 0.5927 0.0228
v  0.1361 0.5272 0.0560
v  0.2195 0.4798 0.0935
v  0.3084 0.4421 0.1276
v  0.2182 0.4749 0.0903
v  0.3078 0.4369 0.1247
v  0.4025 0.4196 0.1611
v  0.4996 0.4127 0.1931
v  0.4026 0.4142 0.1585
v  0.5004 0.4073 0.1907
v  0.5972 0.4219 0.2228
v  0.6929 0.4466 0.2495
v  0.5988 0.4165 0.2206
v  0.6953 0.4415 0.2475
v  0.7844 0.4865 0.2725
v  0.8695 0.5404 0.2913
v  0.7874 0.4817 0.2707
v  0.8731 0.5360 0.2897
v  0.9459 0.6071 0.3054
v  1.0119 0.6849 0.3145
v  0.9502 0.6032 0.3039
v  1.0167 0.6816 0.3130
v  1.0658 0.7719 0.3182
v  1.1064 0.8660 0.3166
v  1.0710 0.7693 0.3168
v  1.1119 0.8640 0.3152
v  1.1325 0.9648 0.3097
v  1.1436 1.0659 0.2976
v  1.1381 0.9636 0.3082
v  1.1493 1.0655 0.2960
v  1.1393 1.1668 0.2807
v  1.1450 1.1672 0.2789
v  1.0952 1.3608 0.2278
v  1.0466 1.4477 0.1989
v  1.1299 1.2665 0.2535
v  1.1328 1.2660 0.2482
v  1.0981 1.3605 0.2225
v  1.0493 1.4476 0.1935
v  0.9850 1.5250 0.1673
v  0.9120 1.5908 0.1340
v  0.9876 1.5250 0.1619
v  0.9145 1.5909 0.1284
v  0.8295 1.6433 0.0995
v  0.7395 1.6816 0.0649
v  0.8319 1.6436 0.0940
v  0.7417 1.6819 0.0593
v  0.6442 1.7043 0.0310
v  0.5459 1.7113 -0.0014
v  0.6462 1.7047 0.0253
v  0.5477 1.7116 -0.0071
v  0.4471 1.7020 -0.0315
v  0.3501 1.6770 -0.0585
v  0.4487 1.7023 -0.0373
v  0.3516 1.6772 -0.0644
v  0.2574 1.6366 -0.0818
v  0.1713 1.5820 -0.1008
v  0.2587 1.6368 -0.0877
v  0.1724 1.5821 -0.1068
v  0.0939 1.5144 -0.1151
v  0.0270 1.4357 -0.1243
v  0.0949 1.5144 -0.1211
v  0.0279 1.4355 -0.1302
v  -0.0275 1.3475 -0.1281
v  -0.0686 1.2523 -0.1265
v  -0.0268 1.3472 -0.1340
v  -0.0679 1.2518 -0.1324
v  -0.0950 1.1522 -0.1194
v  -0.1062 1.0499 -0.1072
v  -0.0943 1.1516 -0.1254
v  -0.1056 1.0490 -0.1132
v  -0.1019 0.9476 -0.0901
v  -0.0822 0.8481 -0.0684
v  -0.1012 0.9466 -0.0960
v  -0.0815 0.8469 -0.0743
v  -0.0475 0.7538 -0.0428
v  0.0012 0.6669 -0.0139
v  -0.0468 0.7524 -0.0486
v  0.0020 0.6653 -0.0197
v  0.0628 0.5896 0.0177
v  0.1357 0.5239 0.0511
v  0.0637 0.5879 0.0120
v  0.1367 0.5220 0.0454
v  0.2182 0.4713 0.0855
v  0.3082 0.4330 0.1201
v  0.2194 0.4693 0.0799
v  0.3096 0.4310 0.1145
v  0.4036 0.4103 0.1540
v  0.5018 0.4033 0.1864
v  0.4051 0.4082 0.1485
v  0.5036 0.4013 0.1810
v  0.6007 0.4126 0.2165
v  0.6976 0.4376 0.2435
v  0.6026 0.4106 0.2111
v  0.6997 0.4357 0.2382
v  0.7903 0.4780 0.2668
v  0.8764 0.5326 0.2859
v  0.7926 0.4761 0.2616
v  0.8788 0.5308 0.2806
v  0.9538 0.6002 0.3001
v  1.0207 0.6789 0.3093
v  0.9564 0.5985 0.2949
v  1.0234 0.6774 0.3041
v  1.0753 0.7671 0.3131
v  1.1163 0.8623 0.3115
v  1.0780 0.7657 0.3079
v  1.1192 0.8611 0.3063
v  1.1427 0.9624 0.3045
v  1.1540 1.0648 0.2922
v  1.1456 0.9613 0.2993
v  1.1569 1.0639 0.2870
v  1.1496 1.1670 0.2751
v  1.1525 1.1663 0.2698
v  1.0988 1.3591 0.2167
v  1.0501 1.4460 0.1877
v  1.1335 1.2648 0.2423
v  1.1320 1.2630 0.2367
v  1.0975 1.3569 0.2112
v  1.0491 1.4433 0.1824
v  0.9885 1.5233 0.1562
v  0.9156 1.5890 0.1228
v  0.9877 1.5202 0.1510
v  0.9152 1.5857 0.1178
v  0.8331 1.6416 0.0884
v  0.7431 1.6799 0.0538
v  0.8331 1.6380 0.0836
v  0.7435 1.6760 0.0491
v  0.6477 1.7026 0.0199
v  0.5494 1.7096 -0.0125
v  0.6487 1.6987 0.0154
v  0.5509 1.7056 -0.0169
v  0.4506 1.7003 -0.0426
v  0.3537 1.6752 -0.0697
v  0.4525 1.6964 -0.0468
v  0.3560 1.6714 -0.0737
v  0.2610 1.6349 -0.0930
v  0.1749 1.5803 -0.1120
v  0.2638 1.6312 -0.0969
v  0.1781 1.5769 -0.1158
v  0.0975 1.5127 -0.1263
v  0.0306 1.4339 -0.1354
v  0.1011 1.5097 -0.1300
v  0.0346 1.4313 -0.1391
v  -0.0240 1.3458 -0.1392
v  -0.0650 1.2506 -0.1376
v  -0.0197 1.3436 -0.1429
v  -0.0606 1.2489 -0.1413
v  -0.0914 1.1505 -0.1306
v  -0.1027 1.0481 -0.1184
v  -0.0868 1.1493 -0.1343
v  -0.0980 1.0474 -0.1222
v  -0.0983 0.9459 -0.1012
v  -0.0786 0.8464 -0.0796
v  -0.0937 0.9457 -0.1051
v  -0.0741 0.8467 -0.0836
v  -0.0440 0.7521 -0.0540
v  0.0047 0.6652 -0.0251
v  -0.0396 0.7528 -0.0581
v  0.0088 0.6664 -0.0293
v  0.0663 0.5879 0.0065
v  0.1392 0.5221 0.0399
v  0.0701 0.5895 0.0021
v  0.1427 0.5240 0.0353
v  0.2218 0.4696 0.0743
v  0.3118 0.4313 0.1089
v  0.2248 0.4717 0.0696
v  0.3144 0.4337 0.1040
v  0.4071 0.4085 0.1428
v  0.5054 0.4016 0.1752
v  0.4092 0.4110 0.1378
v  0.5070 0.4041 0.1700
v  0.6042 0.4109 0.2053
v  0.7012 0.4359 0.2324
v  0.6054 0.4133 0.1999
v  0.7019 0.4383 0.2268
v  0.7938 0.4763 0.2557
v  0.8800 0.5309 0.2747
v  0.7940 0.4785 0.2500
v  0.8797 0.5328 0.2690
v  0.9574 0.5985 0.2889
v  1.0242 0.6772 0.2981
v  0.9568 0.6000 0.2831
v  1.0233 0.6784 0.2923
v  1.0788 0.7654 0.3019
v  1.1199 0.8606 0.3003
v  1.0776 0.7661 0.2960
v  1.1185 0.8608 0.2945
v  1.1463 0.9607 0.2933
v  1.1575 1.0630 0.2811
v  1.1447 0.9604 0.2875
v  1.1559 1.0623 0.2753
v  1.1532 1.1652 0.2639
v  1.1516 1.1640 0.2582
v  1.0942 1.3541 0.2071
v  1.0461 1.4399 0.1785
v  1.1284 1.2609 0.2324
v  1.1234 1.2589 0.2298
v  1.0895 1.3512 0.2047
v  1.0419 1.4363 0.1764
v  0.9853 1.5162 0.1473
v  0.9133 1.5811 0.1144
v  0.9815 1.5119 0.1455
v  0.9102 1.5762 0.1128
v  0.8318 1.6331 0.0804
v  0.7429 1.6708 0.0462
v  0.8294 1.6277 0.0792
v  0.7414 1.6651 0.0453
v  0.6487 1.6933 0.0127
v  0.5517 1.7002 -0.0193
v  0.6481 1.6874 0.0121
v  0.5519 1.6942 -0.0196
v  0.4541 1.6910 -0.0490
v  0.3584 1.6663 -0.0757
v  0.4551 1.6851 -0.0490
v  0.3603 1.6606 -0.0755
v  0.2669 1.6264 -0.0987
v  0.1818 1.5725 -0.1175
v  0.2696 1.6211 -0.0983
v  0.1853 1.5677 -0.1169
v  0.1054 1.5058 -0.1316
v  0.0393 1.4280 -0.1406
v  0.1096 1.5015 -0.1309
v  0.0441 1.4245 -0.1399
v  -0.0145 1.3410 -0.1444
v  -0.0551 1.2469 -0.1428
v  -0.0093 1.3382 -0.1436
v  -0.0495 1.2450 -0.1420
v  -0.0812 1.1481 -0.1358
v  -0.0923 1.0470 -0.1238
v  -0.0753 1.1471 -0.1351
v  -0.0863 1.0469 -0.1232
v  -0.0880 0.9461 -0.1068
v  -0.0685 0.8478 -0.0855
v  -0.0821 0.9469 -0.1064
v  -0.0628 0.8495 -0.0852
v  -0.0343 0.7547 -0.0602
v  0.0138 0.6688 -0.0316
v  -0.0289 0.7572 -0.0601
v  0.0188 0.6721 -0.0318
v  0.0746 0.5926 -0.0005
v  0.1466 0.5276 0.0325
v  0.0791 0.5965 -0.0010
v  0.1504 0.5321 0.0317
v  0.2281 0.4757 0.0665
v  0.3170 0.4379 0.1007
v  0.2312 0.4807 0.0654
v  0.3193 0.4433 0.0993
v  0.4111 0.4154 0.1342
v  0.5082 0.4086 0.1662
v  0.4126 0.4210 0.1325
v  0.5088 0.4142 0.1642
v  0.6058 0.4177 0.1959
v  0.7015 0.4425 0.2226
v  0.6055 0.4233 0.1936
v  0.7004 0.4478 0.2201
v  0.7930 0.4824 0.2456
v  0.8781 0.5362 0.2644
v  0.7910 0.4873 0.2429
v  0.8753 0.5407 0.2615
v  0.9545 0.6030 0.2784
v  1.0205 0.6807 0.2875
v  0.9511 0.6068 0.2755
v  1.0165 0.6839 0.2844
v  1.0744 0.7678 0.2912
v  1.1150 0.8618 0.2897
v  1.0699 0.7702 0.2881
v  1.1101 0.8634 0.2866
v  1.1411 0.9606 0.2827
v  1.1522 1.0617 0.2707
v  1.1359 0.9613 0.2797
v  1.1469 1.0615 0.2677
v  1.1479 1.1627 0.2537
v  1.1427 1.1615 0.2510
v  1.0841 1.3487 0.2047
v  1.0369 1.4330 0.1766
v  1.1177 1.2572 0.2295
v  1.1121 1.2561 0.2314
v  1.0787 1.3469 0.2068
v  1.0319 1.4305 0.1790
v  0.9771 1.5079 0.1460
v  0.9064 1.5717 0.1136
v  0.9726 1.5048 0.1486
v  0.9025 1.5682 0.1164
v  0.8264 1.6227 0.0802
v  0.7391 1.6598 0.0467
v  0.8231 1.6187 0.0833
v  0.7365 1.6555 0.0500
v  0.6466 1.6818 0.0138
v  0.5513 1.6886 -0.0176
v  0.6447 1.6774 0.0174
v  0.5501 1.6841 -0.0138
v  0.4555 1.6796 -0.0468
v  0.3614 1.6553 -0.0730
v  0.4550 1.6752 -0.0427
v  0.3617 1.6511 -0.0687
v  0.2716 1.6161 -0.0956
v  0.1881 1.5632 -0.1141
v  0.2726 1.6122 -0.0912
v  0.1897 1.5597 -0.1095
v  0.1130 1.4977 -0.1279
v  0.0481 1.4213 -0.1368
v  0.1152 1.4947 -0.1232
v  0.0509 1.4189 -0.1320
v  -0.0048 1.3358 -0.1405
v  -0.0446 1.2435 -0.1389
v  -0.0016 1.3341 -0.1357
v  -0.0411 1.2425 -0.1341
v  -0.0702 1.1464 -0.1321
v  -0.0811 1.0471 -0.1203
v  -0.0665 1.1462 -0.1274
v  -0.0774 1.0477 -0.1156
v  -0.0769 0.9480 -0.1036
v  -0.0578 0.8515 -0.0826
v  -0.0732 0.9493 -0.0991
v  -0.0542 0.8536 -0.0783
v  -0.0242 0.7600 -0.0578
v  0.0230 0.6757 -0.0297
v  -0.0208 0.7628 -0.0536
v  0.0260 0.6792 -0.0258
v  0.0828 0.6008 0.0009
v  0.1535 0.5370 0.0333
v  0.0853 0.6049 0.0046
v  0.1554 0.5416 0.0367
v  0.2335 0.4860 0.0666
v  0.3208 0.4490 0.1002
v  0.2348 0.4910 0.0698
v  0.3214 0.4542 0.1031
v  0.4133 0.4269 0.1331
v  0.5086 0.4202 0.1645
v  0.4132 0.4323 0.1357
v  0.5078 0.4256 0.1669
v  0.6044 0.4292 0.1937
v  0.6985 0.4534 0.2199
v  0.6029 0.4345 0.1959
v  0.6961 0.4586 0.2219
v  0.7883 0.4926 0.2425
v  0.8718 0.5455 0.2610
v  0.7853 0.4975 0.2443
v  0.8682 0.5500 0.2626
v  0.9469 0.6111 0.2748
v  1.0117 0.6874 0.2837
v  0.9426 0.6150 0.2763
v  1.0070 0.6908 0.2852
v  1.0647 0.7729 0.2873
v  1.1045 0.8653 0.2858
v  1.0595 0.7756 0.2888
v  1.0990 0.8672 0.2873
v  1.1301 0.9623 0.2790
v  1.1410 1.0616 0.2671
v  1.1244 0.9635 0.2805
v  1.1352 1.0620 0.2688
v  1.1368 1.1607 0.2505
v  1.1310 1.1604 0.2522
v  1.0744 1.3461 0.2109
v  1.0278 1.4293 0.1832
v  1.1076 1.2558 0.2354
v  0.9688 1.5033 0.1530
v  0.8990 1.5662 0.1210
v  0.8200 1.6166 0.0881
v  0.7339 1.6532 0.0549
v  0.6426 1.6750 0.0225
v  0.5485 1.6816 -0.0085
v  0.4539 1.6727 -0.0373
v  0.3611 1.6488 -0.0632
v  0.2724 1.6101 -0.0855
v  0.1899 1.5578 -0.1037
v  0.1159 1.4932 -0.1174
v  0.0518 1.4178 -0.1262
v  -0.0004 1.3334 -0.1298
v  -0.0397 1.2422 -0.1283
v  -0.0650 1.1465 -0.1215
v  -0.0757 1.0484 -0.1099
v  -0.0716 0.9506 -0.0934
v  -0.0527 0.8553 -0.0727
v  -0.0195 0.7650 -0.0482
v  0.0271 0.6818 -0.0205
v  0.0860 0.6079 0.0097
v  0.1558 0.5449 0.0417
v  0.2348 0.4946 0.0746
v  0.3210 0.4580 0.1077
v  0.4123 0.4362 0.1402
v  0.5063 0.4296 0.1712
v  0.6010 0.4384 0.2000
v  0.6938 0.4624 0.2259
v  0.7825 0.5011 0.2482
v  0.8649 0.5533 0.2664
v  0.9390 0.6180 0.2801
v  1.0030 0.6934 0.2888
v  1.0552 0.7778 0.2925
v  1.0946 0.8689 0.2909
v  1.1198 0.9647 0.2842
v  1.1306 1.0627 0.2725
v  1.1264 1.1606 0.2561
v  0.8891 1.3066 0.1118
v  0.9217 1.2485 0.1311
v  0.9212 1.2495 0.1352
v  0.8885 1.3078 0.1158
v  0.9449 1.1854 0.1483
v  0.9444 1.1862 0.1524
v  0.9455 1.1875 0.1563
v  0.9221 1.2511 0.1390
v  0.8893 1.3096 0.1195
v  0.7991 1.4023 0.0683
v  0.8479 1.3583 0.0906
v  0.8472 1.3595 0.0946
v  0.7984 1.4036 0.0723
v  0.8478 1.3617 0.0982
v  0.7986 1.4060 0.0757
v  0.6837 1.4631 0.0221
v  0.7439 1.4375 0.0453
v  0.7430 1.4389 0.0492
v  0.6827 1.4645 0.0260
v  0.7430 1.4414 0.0525
v  0.6824 1.4672 0.0292
v  0.5541 1.4830 -0.0223
v  0.6199 1.4783 -0.0006
v  0.6188 1.4798 0.0033
v  0.5529 1.4844 -0.0185
v  0.6181 1.4825 0.0064
v  0.5519 1.4872 -0.0155
v  0.4231 1.4600 -0.0605
v  0.4880 1.4768 -0.0424
v  0.4866 1.4782 -0.0386
v  0.4216 1.4614 -0.0568
v  0.4853 1.4810 -0.0357
v  0.4200 1.4641 -0.0539
v  0.3035 1.3965 -0.0888
v  0.3611 1.4330 -0.0761
v  0.3595 1.4343 -0.0724
v  0.3018 1.3978 -0.0851
v  0.3575 1.4369 -0.0696
v  0.2995 1.4001 -0.0825
v  0.2069 1.2986 -0.1045
v  0.2517 1.3513 -0.0983
v  0.2499 1.3525 -0.0947
v  0.2051 1.2997 -0.1008
v  0.2473 1.3546 -0.0921
v  0.2023 1.3015 -0.0983
v  0.1430 1.1759 -0.1059
v  0.1704 1.2396 -0.1070
v  0.1685 1.2406 -0.1034
v  0.1409 1.1767 -0.1023
v  0.1655 1.2421 -0.1008
v  0.1378 1.1779 -0.0997
v  0.1178 1.0404 -0.0931
v  0.1253 1.1089 -0.1012
v  0.1233 1.1097 -0.0976
v  0.1157 1.0410 -0.0894
v  0.1200 1.1105 -0.0950
v  0.1125 1.0415 -0.0868
v  0.1338 0.9054 -0.0671
v  0.1207 0.9720 -0.0816
v  0.1186 0.9725 -0.0779
v  0.1318 0.9058 -0.0634
v  0.1154 0.9726 -0.0752
v  0.1287 0.9056 -0.0606
v  0.1896 0.7842 -0.0306
v  0.1571 0.8423 -0.0500
v  0.1551 0.8425 -0.0462
v  0.1877 0.7843 -0.0268
v  0.1520 0.8420 -0.0434
v  0.1848 0.7834 -0.0239
v  0.2796 0.6885 0.0128
v  0.2309 0.7325 -0.0095
v  0.2290 0.7325 -0.0057
v  0.2779 0.6884 0.0167
v  0.2263 0.7314 -0.0026
v  0.2755 0.6871 0.0199
v  0.3951 0.6277 0.0590
v  0.3349 0.6533 0.0359
v  0.3332 0.6531 0.0398
v  0.3935 0.6275 0.0630
v  0.3311 0.6516 0.0431
v  0.3917 0.6259 0.0664
v  0.5246 0.6078 0.1034
v  0.4589 0.6125 0.0817
v  0.4575 0.6123 0.0857
v  0.5234 0.6076 0.1074
v  0.4560 0.6105 0.0892
v  0.5222 0.6058 0.1111
v  0.6556 0.6308 0.1416
v  0.5908 0.6140 0.1235
v  0.5896 0.6138 0.1276
v  0.6546 0.6306 0.1457
v  0.5888 0.6121 0.1314
v  0.6542 0.6290 0.1496
v  0.7753 0.6943 0.1699
v  0.7176 0.6578 0.1572
v  0.7167 0.6577 0.1613
v  0.7745 0.6943 0.1741
v  0.7166 0.6562 0.1653
v  0.7746 0.6930 0.1781
v  0.8718 0.7922 0.1856
v  0.8270 0.7396 0.1795
v  0.8264 0.7396 0.1837
v  0.8712 0.7924 0.1898
v  0.8268 0.7385 0.1877
v  0.8718 0.7916 0.1939
v  0.9358 0.9149 0.1871
v  0.9083 0.8512 0.1881
v  0.9078 0.8514 0.1923
v  0.9353 0.9153 0.1913
v  0.9086 0.8510 0.1964
v  0.9363 0.9151 0.1954
v  0.9610 1.0504 0.1742
v  0.9534 0.9819 0.1824
v  0.9530 0.9824 0.1866
v  0.9605 1.0510 0.1784
v  0.9541 0.9826 0.1906
v  0.9617 1.0516 0.1824
v  0.9581 1.1188 0.1627
v  0.9576 1.1195 0.1669
v  0.9587 1.1204 0.1708
v  0.9244 1.2530 0.1419
v  0.8914 1.3120 0.1223
v  0.9480 1.1889 0.1593
v  0.9515 1.1904 0.1611
v  0.9277 1.2550 0.1436
v  0.8943 1.3146 0.1237
v  0.8495 1.3645 0.1008
v  0.8000 1.4092 0.0782
v  0.8521 1.3675 0.1021
v  0.8021 1.4126 0.0792
v  0.7439 1.4449 0.0548
v  0.6828 1.4708 0.0313
v  0.7456 1.4486 0.0556
v  0.6839 1.4748 0.0319
v  0.6181 1.4863 0.0083
v  0.5513 1.4910 -0.0138
v  0.6186 1.4904 0.0087
v  0.5512 1.4952 -0.0135
v  0.4842 1.4847 -0.0342
v  0.4183 1.4677 -0.0526
v  0.4835 1.4888 -0.0341
v  0.4170 1.4717 -0.0527
v  0.3554 1.4403 -0.0684
v  0.2969 1.4032 -0.0813
v  0.3535 1.4440 -0.0686
v  0.2945 1.4066 -0.0817
v  0.2444 1.3573 -0.0910
v  0.1989 1.3038 -0.0972
v  0.2414 1.3603 -0.0915
v  0.1956 1.3063 -0.0977
v  0.1619 1.2440 -0.0998
v  0.1340 1.1793 -0.0987
v  0.1582 1.2459 -0.1003
v  0.1301 1.1806 -0.0993
v  0.1161 1.1113 -0.0939
v  0.1084 1.0418 -0.0856
v  0.1120 1.1121 -0.0944
v  0.1043 1.0419 -0.0861
v  0.1114 0.9724 -0.0740
v  0.1247 0.9048 -0.0593
v  0.1072 0.9718 -0.0743
v  0.1207 0.9036 -0.0595
v  0.1483 0.8407 -0.0419
v  0.1814 0.7817 -0.0223
v  0.1445 0.8390 -0.0419
v  0.1779 0.7794 -0.0221
v  0.2232 0.7293 -0.0008
v  0.2727 0.6846 0.0219
v  0.2201 0.7265 -0.0005
v  0.2701 0.6814 0.0224
v  0.3288 0.6489 0.0452
v  0.3899 0.6229 0.0687
v  0.3266 0.6454 0.0460
v  0.3883 0.6191 0.0697
v  0.4546 0.6074 0.0918
v  0.5214 0.6027 0.1138
v  0.4536 0.6035 0.0930
v  0.5210 0.5988 0.1152
v  0.5885 0.6090 0.1342
v  0.6544 0.6260 0.1526
v  0.5887 0.6051 0.1358
v  0.6552 0.6223 0.1543
v  0.7173 0.6535 0.1684
v  0.7758 0.6905 0.1813
v  0.7187 0.6500 0.1703
v  0.7777 0.6874 0.1833
v  0.8284 0.7364 0.1910
v  0.8738 0.7899 0.1972
v  0.8308 0.7337 0.1931
v  0.8766 0.7877 0.1994
v  0.9108 0.8498 0.1998
v  0.9387 0.9144 0.1987
v  0.9140 0.8481 0.2020
v  0.9421 0.9134 0.2009
v  0.9567 0.9824 0.1940
v  0.9643 1.0519 0.1857
v  0.9602 0.9819 0.1961
v  0.9679 1.0521 0.1877
v  0.9613 1.1213 0.1740
v  0.9650 1.1221 0.1759
v  0.9315 1.2568 0.1436
v  0.8978 1.3169 0.1236
v  0.9555 1.1915 0.1613
v  0.9594 1.1923 0.1600
v  0.9352 1.2580 0.1421
v  0.9013 1.3186 0.1220
v  0.8552 1.3703 0.1018
v  0.8048 1.4158 0.0787
v  0.8584 1.3724 0.1000
v  0.8076 1.4183 0.0767
v  0.7477 1.4521 0.0549
v  0.6855 1.4786 0.0309
v  0.7501 1.4549 0.0527
v  0.6873 1.4815 0.0286
v  0.6196 1.4943 0.0075
v  0.5516 1.4991 -0.0149
v  0.6209 1.4974 0.0050
v  0.5524 1.5022 -0.0176
v  0.4832 1.4927 -0.0357
v  0.4162 1.4754 -0.0544
v  0.4835 1.4958 -0.0386
v  0.4160 1.4783 -0.0574
v  0.3521 1.4475 -0.0705
v  0.2926 1.4097 -0.0837
v  0.3514 1.4502 -0.0737
v  0.2914 1.4122 -0.0869
v  0.2390 1.3630 -0.0936
v  0.1928 1.3085 -0.0999
v  0.2375 1.3651 -0.0969
v  0.1908 1.3102 -0.1032
v  0.1550 1.2476 -0.1025
v  0.1266 1.1817 -0.1014
v  0.1528 1.2488 -0.1059
v  0.1242 1.1824 -0.1048
v  0.1084 1.1125 -0.0966
v  0.1006 1.0417 -0.0881
v  0.1058 1.1127 -0.0999
v  0.0980 1.0413 -0.0914
v  0.1036 0.9710 -0.0762
v  0.1172 0.9022 -0.0613
v  0.1010 0.9701 -0.0794
v  0.1147 0.9008 -0.0643
v  0.1412 0.8370 -0.0436
v  0.1749 0.7769 -0.0236
v  0.1389 0.8350 -0.0465
v  0.1728 0.7745 -0.0263
v  0.2175 0.7235 -0.0017
v  0.2679 0.6780 0.0214
v  0.2157 0.7206 -0.0043
v  0.2666 0.6748 0.0189
v  0.3250 0.6416 0.0452
v  0.3872 0.6152 0.0691
v  0.3241 0.6382 0.0429
v  0.3868 0.6115 0.0670
v  0.4532 0.5994 0.0925
v  0.5211 0.5946 0.1149
v  0.4532 0.5956 0.0907
v  0.5217 0.5908 0.1132
v  0.5895 0.6010 0.1357
v  0.6565 0.6183 0.1544
v  0.5906 0.5973 0.1342
v  0.6581 0.6147 0.1530
v  0.7206 0.6463 0.1706
v  0.7802 0.6840 0.1837
v  0.7227 0.6429 0.1693
v  0.7827 0.6809 0.1826
v  0.8337 0.7307 0.1936
v  0.8799 0.7852 0.1999
v  0.8367 0.7280 0.1925
v  0.8833 0.7829 0.1989
v  0.9177 0.8462 0.2025
v  0.9461 0.9120 0.2014
v  0.9213 0.8443 0.2015
v  0.9499 0.9106 0.2004
v  0.9643 0.9812 0.1966
v  0.9721 1.0520 0.1881
v  0.9683 0.9804 0.1955
v  0.9761 1.0517 0.1870
v  0.9691 1.1227 0.1763
v  0.9731 1.1229 0.1750
v  0.9383 1.2586 0.1392
v  0.9042 1.3194 0.1190
v  0.9626 1.1925 0.1572
v  0.9646 1.1922 0.1535
v  0.9403 1.2584 0.1355
v  0.9061 1.3193 0.1152
v  0.8610 1.3735 0.0969
v  0.8100 1.4196 0.0735
v  0.8629 1.3735 0.0931
v  0.8117 1.4197 0.0696
v  0.7522 1.4564 0.0494
v  0.6892 1.4832 0.0252
v  0.7538 1.4566 0.0455
v  0.6907 1.4834 0.0212
v  0.6224 1.4991 0.0014
v  0.5535 1.5040 -0.0213
v  0.6238 1.4994 -0.0026
v  0.5548 1.5042 -0.0253
v  0.4843 1.4975 -0.0423
v  0.4164 1.4800 -0.0613
v  0.4855 1.4977 -0.0464
v  0.4175 1.4802 -0.0654
v  0.3515 1.4517 -0.0776
v  0.2912 1.4135 -0.0909
v  0.3524 1.4518 -0.0817
v  0.2920 1.4135 -0.0951
v  0.2370 1.3661 -0.1009
v  0.1902 1.3110 -0.1073
v  0.2377 1.3661 -0.1051
v  0.1908 1.3109 -0.1115
v  0.1520 1.2493 -0.1100
v  0.1232 1.1826 -0.1089
v  0.1525 1.2490 -0.1142
v  0.1237 1.1822 -0.1131
v  0.1047 1.1125 -0.1039
v  0.0968 1.0408 -0.0954
v  0.1052 1.1120 -0.1081
v  0.0973 1.0402 -0.0996
v  0.0999 0.9692 -0.0834
v  0.1137 0.8995 -0.0682
v  0.1003 0.9685 -0.0875
v  0.1141 0.8986 -0.0724
v  0.1380 0.8335 -0.0503
v  0.1721 0.7726 -0.0300
v  0.1385 0.8325 -0.0544
v  0.1726 0.7715 -0.0341
v  0.2152 0.7185 -0.0079
v  0.2663 0.6724 0.0155
v  0.2159 0.7173 -0.0119
v  0.2670 0.6711 0.0115
v  0.3241 0.6356 0.0396
v  0.3871 0.6088 0.0638
v  0.3249 0.6342 0.0356
v  0.3881 0.6074 0.0599
v  0.4539 0.5929 0.0875
v  0.5227 0.5880 0.1102
v  0.4550 0.5914 0.0837
v  0.5239 0.5866 0.1064
v  0.5919 0.5945 0.1313
v  0.6598 0.6121 0.1502
v  0.5933 0.5931 0.1275
v  0.6613 0.6107 0.1465
v  0.7247 0.6403 0.1666
v  0.7850 0.6786 0.1799
v  0.7263 0.6390 0.1629
v  0.7867 0.6773 0.1762
v  0.8392 0.7259 0.1899
v  0.8861 0.7810 0.1963
v  0.8410 0.7247 0.1862
v  0.8879 0.7799 0.1927
v  0.9243 0.8428 0.1989
v  0.9530 0.9095 0.1978
v  0.9262 0.8418 0.1953
v  0.9550 0.9086 0.1942
v  0.9715 0.9795 0.1929
v  0.9794 1.0512 0.1844
v  0.9736 0.9788 0.1893
v  0.9815 1.0506 0.1807
v  0.9763 1.1228 0.1723
v  0.9784 1.1223 0.1687
v  0.9408 1.2574 0.1314
v  0.9067 1.3182 0.1112
v  0.9651 1.1913 0.1494
v  0.9640 1.1901 0.1455
v  0.9398 1.2558 0.1276
v  0.9059 1.3164 0.1075
v  0.8635 1.3723 0.0891
v  0.8125 1.4184 0.0657
v  0.8630 1.3702 0.0855
v  0.8122 1.4160 0.0622
v  0.7547 1.4552 0.0416
v  0.6916 1.4820 0.0173
v  0.7547 1.4527 0.0382
v  0.6920 1.4793 0.0141
v  0.6249 1.4979 -0.0064
v  0.5560 1.5028 -0.0291
v  0.6255 1.4952 -0.0095
v  0.5570 1.5000 -0.0321
v  0.4868 1.4963 -0.0502
v  0.4189 1.4788 -0.0691
v  0.4882 1.4936 -0.0531
v  0.4206 1.4761 -0.0719
v  0.3540 1.4505 -0.0854
v  0.2937 1.4123 -0.0988
v  0.3560 1.4479 -0.0882
v  0.2960 1.4099 -0.1014
v  0.2395 1.3649 -0.1087
v  0.1927 1.3098 -0.1152
v  0.2421 1.3628 -0.1114
v  0.1955 1.3080 -0.1177
v  0.1545 1.2481 -0.1178
v  0.1257 1.1814 -0.1167
v  0.1574 1.2465 -0.1204
v  0.1288 1.1802 -0.1193
v  0.1072 1.1113 -0.1118
v  0.0993 1.0396 -0.1032
v  0.1104 1.1104 -0.1144
v  0.1026 1.0391 -0.1059
v  0.1024 0.9680 -0.0912
v  0.1162 0.8983 -0.0761
v  0.1056 0.9679 -0.0939
v  0.1193 0.8985 -0.0788
v  0.1405 0.8322 -0.0581
v  0.1746 0.7714 -0.0379
v  0.1435 0.8328 -0.0610
v  0.1774 0.7722 -0.0408
v  0.2177 0.7173 -0.0158
v  0.2688 0.6712 0.0076
v  0.2204 0.7184 -0.0188
v  0.2712 0.6726 0.0044
v  0.3266 0.6344 0.0317
v  0.3896 0.6076 0.0560
v  0.3287 0.6359 0.0284
v  0.3914 0.6093 0.0525
v  0.4564 0.5917 0.0797
v  0.5252 0.5868 0.1024
v  0.4578 0.5934 0.0762
v  0.5263 0.5886 0.0987
v  0.5944 0.5933 0.1235
v  0.6623 0.6108 0.1424
v  0.5952 0.5950 0.1197
v  0.6628 0.6125 0.1385
v  0.7272 0.6391 0.1587
v  0.7875 0.6774 0.1721
v  0.7273 0.6406 0.1548
v  0.7874 0.6787 0.1681
v  0.8417 0.7247 0.1820
v  0.8886 0.7798 0.1885
v  0.8413 0.7257 0.1780
v  0.8879 0.7806 0.1844
v  0.9268 0.8416 0.1911
v  0.9555 0.9082 0.1900
v  0.9259 0.8420 0.1870
v  0.9545 0.9084 0.1859
v  0.9740 0.9783 0.1851
v  0.9819 1.0500 0.1765
v  0.9729 0.9781 0.1810
v  0.9808 1.0495 0.1725
v  0.9788 1.1216 0.1645
v  0.9777 1.1207 0.1605
v  0.9375 1.2539 0.1247
v  0.9039 1.3140 0.1047
v  0.9615 1.1886 0.1424
v  0.9580 1.1872 0.1406
v  0.9342 1.2518 0.1231
v  0.9009 1.3114 0.1032
v  0.8612 1.3674 0.0829
v  0.8108 1.4129 0.0598
v  0.8586 1.3643 0.0816
v  0.8087 1.4094 0.0587
v  0.7538 1.4492 0.0360
v  0.6915 1.4757 0.0121
v  0.7521 1.4455 0.0351
v  0.6904 1.4717 0.0114
v  0.6256 1.4914 -0.0114
v  0.5576 1.4962 -0.0338
v  0.6251 1.4873 -0.0118
v  0.5577 1.4920 -0.0340
v  0.4893 1.4898 -0.0546
v  0.4222 1.4725 -0.0733
v  0.4900 1.4857 -0.0546
v  0.4235 1.4685 -0.0732
v  0.3581 1.4445 -0.0894
v  0.2986 1.4068 -0.1026
v  0.3600 1.4408 -0.0892
v  0.3010 1.4034 -0.1022
v  0.2450 1.3601 -0.1124
v  0.1988 1.3056 -0.1188
v  0.2480 1.3571 -0.1120
v  0.2021 1.3031 -0.1183
v  0.1611 1.2447 -0.1214
v  0.1327 1.1788 -0.1203
v  0.1647 1.2427 -0.1209
v  0.1366 1.1775 -0.1198
v  0.1144 1.1096 -0.1154
v  0.1066 1.0388 -0.1070
v  0.1185 1.1089 -0.1149
v  0.1108 1.0387 -0.1066
v  0.1096 0.9681 -0.0951
v  0.1232 0.8993 -0.0802
v  0.1138 0.9687 -0.0948
v  0.1273 0.9005 -0.0800
v  0.1472 0.8341 -0.0625
v  0.1809 0.7740 -0.0425
v  0.1510 0.8358 -0.0624
v  0.1844 0.7762 -0.0426
v  0.2235 0.7205 -0.0206
v  0.2739 0.6750 0.0025
v  0.2266 0.7233 -0.0210
v  0.2766 0.6782 0.0019
v  0.3310 0.6387 0.0263
v  0.3932 0.6122 0.0502
v  0.3332 0.6422 0.0255
v  0.3948 0.6160 0.0492
v  0.4592 0.5965 0.0736
v  0.5271 0.5917 0.0961
v  0.4602 0.6004 0.0725
v  0.5275 0.5956 0.0947
v  0.5955 0.5981 0.1169
v  0.6625 0.6154 0.1356
v  0.5953 0.6020 0.1153
v  0.6617 0.6191 0.1338
v  0.7266 0.6434 0.1517
v  0.7862 0.6811 0.1648
v  0.7252 0.6468 0.1498
v  0.7843 0.6842 0.1628
v  0.8397 0.7278 0.1747
v  0.8860 0.7823 0.1810
v  0.8373 0.7305 0.1726
v  0.8831 0.7845 0.1789
v  0.9237 0.8432 0.1837
v  0.9521 0.9091 0.1826
v  0.9205 0.8449 0.1815
v  0.9487 0.9102 0.1804
v  0.9704 0.9783 0.1777
v  0.9781 1.0491 0.1692
v  0.9668 0.9788 0.1756
v  0.9745 1.0489 0.1672
v  0.9751 1.1198 0.1574
v  0.9715 1.1190 0.1554
v  0.9304 1.2501 0.1230
v  0.8974 1.3091 0.1034
v  0.9540 1.1860 0.1404
v  0.9501 1.1852 0.1418
v  0.9267 1.2488 0.1245
v  0.8939 1.3074 0.1050
v  0.8555 1.3616 0.0819
v  0.8060 1.4063 0.0593
v  0.8524 1.3594 0.0837
v  0.8033 1.4038 0.0612
v  0.7500 1.4420 0.0359
v  0.6888 1.4679 0.0124
v  0.7477 1.4392 0.0380
v  0.6870 1.4650 0.0147
v  0.6241 1.4834 -0.0106
v  0.5573 1.4881 -0.0326
v  0.6228 1.4803 -0.0081
v  0.5565 1.4850 -0.0300
v  0.4902 1.4818 -0.0531
v  0.4244 1.4648 -0.0714
v  0.4899 1.4787 -0.0502
v  0.4246 1.4619 -0.0684
v  0.3614 1.4374 -0.0873
v  0.3029 1.4003 -0.1002
v  0.3622 1.4346 -0.0841
v  0.3041 1.3979 -0.0970
v  0.2504 1.3544 -0.1099
v  0.2050 1.3009 -0.1161
v  0.2520 1.3523 -0.1066
v  0.2069 1.2993 -0.1128
v  0.1679 1.2411 -0.1187
v  0.1400 1.1764 -0.1176
v  0.1701 1.2399 -0.1153
v  0.1424 1.1757 -0.1142
v  0.1221 1.1084 -0.1128
v  0.1144 1.0389 -0.1045
v  0.1247 1.1083 -0.1095
v  0.1171 1.0393 -0.1013
v  0.1174 0.9695 -0.0929
v  0.1308 0.9019 -0.0782
v  0.1200 0.9704 -0.0897
v  0.1333 0.9033 -0.0751
v  0.1543 0.8378 -0.0608
v  0.1874 0.7788 -0.0411
v  0.1566 0.8398 -0.0579
v  0.1894 0.7812 -0.0384
v  0.2292 0.7263 -0.0197
v  0.2787 0.6817 0.0030
v  0.2310 0.7292 -0.0171
v  0.2801 0.6848 0.0054
v  0.3348 0.6459 0.0264
v  0.3959 0.6200 0.0498
v  0.3357 0.6494 0.0286
v  0.3964 0.6236 0.0519
v  0.4607 0.6045 0.0729
v  0.5274 0.5998 0.0949
v  0.4606 0.6083 0.0747
v  0.5268 0.6036 0.0966
v  0.5945 0.6061 0.1153
v  0.6604 0.6231 0.1337
v  0.5934 0.6099 0.1169
v  0.6588 0.6267 0.1351
v  0.7233 0.6505 0.1495
v  0.7818 0.6876 0.1624
v  0.7212 0.6539 0.1508
v  0.7792 0.6907 0.1636
v  0.8344 0.7335 0.1721
v  0.8798 0.7870 0.1783
v  0.8314 0.7363 0.1732
v  0.8765 0.7893 0.1794
v  0.9169 0.8468 0.1809
v  0.9447 0.9115 0.1798
v  0.9132 0.8487 0.1819
v  0.9409 0.9129 0.1809
v  0.9627 0.9795 0.1751
v  0.9703 1.0490 0.1668
v  0.9587 0.9803 0.1761
v  0.9663 1.0493 0.1679
v  0.9674 1.1184 0.1551
v  0.9633 1.1182 0.1563
v  0.9237 1.2483 0.1274
v  0.8910 1.3065 0.1080
v  0.9469 1.1850 0.1445
v  0.8497 1.3583 0.0868
v  0.8008 1.4024 0.0644
v  0.7455 1.4377 0.0414
v  0.6852 1.4633 0.0182
v  0.6213 1.4786 -0.0046
v  0.5554 1.4832 -0.0263
v  0.4891 1.4770 -0.0465
v  0.4241 1.4602 -0.0646
v  0.3620 1.4331 -0.0802
v  0.3043 1.3966 -0.0930
v  0.2524 1.3513 -0.1025
v  0.2076 1.2985 -0.1087
v  0.1710 1.2394 -0.1112
v  0.1434 1.1755 -0.1101
v  0.1257 1.1084 -0.1054
v  0.1182 1.0398 -0.0972
v  0.1211 0.9713 -0.0857
v  0.1343 0.9046 -0.0712
v  0.1576 0.8413 -0.0541
v  0.1902 0.7831 -0.0347
v  0.2315 0.7313 -0.0135
v  0.2804 0.6872 0.0089
v  0.3357 0.6519 0.0319
v  0.3960 0.6263 0.0551
v  0.4600 0.6110 0.0779
v  0.5259 0.6064 0.0996
v  0.5921 0.6126 0.1198
v  0.6571 0.6294 0.1379
v  0.7192 0.6565 0.1535
v  0.7770 0.6931 0.1663
v  0.8288 0.7384 0.1758
v  0.8737 0.7912 0.1820
v  0.9103 0.8502 0.1845
v  0.9378 0.9141 0.1834
v  0.9555 0.9812 0.1787
v  0.9630 1.0498 0.1705
v  0.9601 1.1183 0.1590
v  0.7906 1.2330 0.0917
v  0.8139 1.1913 0.1056
v  0.8136 1.1920 0.1085
v  0.7901 1.2338 0.0946
v  0.8306 1.1459 0.1179
v  0.8303 1.1466 0.1209
v  0.8310 1.1475 0.1237
v  0.8142 1.1931 0.1113
v  0.7907 1.2352 0.0973
v  0.7259 1.3018 0.0605
v  0.7609 1.2701 0.0765
v  0.7605 1.2710 0.0794
v  0.7254 1.3027 0.0633
v  0.7609 1.2726 0.0820
v  0.7256 1.3044 0.0658
v  0.6430 1.3454 0.0273
v  0.6863 1.3270 0.0439
v  0.6856 1.3280 0.0468
v  0.6423 1.3464 0.0301
v  0.6856 1.3298 0.0492
v  0.6421 1.3483 0.0324
v  0.5500 1.3597 -0.0046
v  0.5972 1.3563 0.0110
v  0.5964 1.3574 0.0138
v  0.5491 1.3607 -0.0018
v  0.5959 1.3594 0.0160
v  0.5484 1.3627 0.0003
v  0.4559 1.3432 -0.0320
v  0.5025 1.3552 -0.0190
v  0.5015 1.3563 -0.0163
v  0.4548 1.3442 -0.0293
v  0.5005 1.3582 -0.0142
v  0.4536 1.3461 -0.0273
v  0.3699 1.2976 -0.0524
v  0.4113 1.3238 -0.0432
v  0.4102 1.3247 -0.0406
v  0.3687 1.2985 -0.0497
v  0.4088 1.3266 -0.0386
v  0.3671 1.3002 -0.0478
v  0.3006 1.2272 -0.0636
v  0.3328 1.2651 -0.0592
v  0.3315 1.2659 -0.0566
v  0.2993 1.2280 -0.0610
v  0.3296 1.2674 -0.0547
v  0.2973 1.2293 -0.0591
v  0.2547 1.1391 -0.0647
v  0.2744 1.1849 -0.0654
v  0.2730 1.1856 -0.0628
v  0.2532 1.1397 -0.0621
v  0.2709 1.1867 -0.0610
v  0.2510 1.1406 -0.0602
v  0.2366 1.0418 -0.0554
v  0.2420 1.0910 -0.0613
v  0.2405 1.0916 -0.0587
v  0.2351 1.0423 -0.0528
v  0.2382 1.0922 -0.0568
v  0.2328 1.0426 -0.0509
v  0.2481 0.9449 -0.0368
v  0.2387 0.9927 -0.0472
v  0.2372 0.9930 -0.0445
v  0.2467 0.9451 -0.0341
v  0.2349 0.9931 -0.0426
v  0.2444 0.9450 -0.0321
v  0.2882 0.8578 -0.0106
v  0.2648 0.8996 -0.0245
v  0.2634 0.8997 -0.0218
v  0.2868 0.8579 -0.0079
v  0.2612 0.8993 -0.0197
v  0.2847 0.8573 -0.0057
v  0.3528 0.7891 0.0207
v  0.3178 0.8207 0.0046
v  0.3165 0.8207 0.0073
v  0.3516 0.7890 0.0234
v  0.3146 0.8199 0.0096
v  0.3498 0.7880 0.0257
v  0.4357 0.7454 0.0538
v  0.3925 0.7638 0.0372
v  0.3913 0.7637 0.0400
v  0.4346 0.7453 0.0567
v  0.3898 0.7626 0.0424
v  0.4333 0.7441 0.0591
v  0.5288 0.7311 0.0857
v  0.4816 0.7345 0.0701
v  0.4805 0.7343 0.0730
v  0.5279 0.7310 0.0886
v  0.4795 0.7331 0.0755
v  0.5271 0.7297 0.0912
v  0.6229 0.7476 0.1131
v  0.5763 0.7356 0.1001
v  0.5755 0.7354 0.1031
v  0.6221 0.7475 0.1161
v  0.5749 0.7342 0.1058
v  0.6218 0.7463 0.1189
v  0.7088 0.7933 0.1335
v  0.6674 0.7670 0.1243
v  0.6667 0.7669 0.1273
v  0.7082 0.7932 0.1365
v  0.6666 0.7659 0.1301
v  0.7083 0.7923 0.1394
v  0.7781 0.8636 0.1447
v  0.7460 0.8257 0.1403
v  0.7455 0.8258 0.1433
v  0.7777 0.8637 0.1477
v  0.7458 0.8250 0.1462
v  0.7782 0.8631 0.1507
v  0.8241 0.9517 0.1458
v  0.8043 0.9059 0.1466
v  0.8040 0.9061 0.1496
v  0.8237 0.9520 0.1488
v  0.8046 0.9057 0.1525
v  0.8244 0.9518 0.1517
v  0.8422 1.0490 0.1365
v  0.8368 0.9998 0.1424
v  0.8364 1.0001 0.1454
v  0.8419 1.0494 0.1395
v  0.8372 1.0003 0.1483
v  0.8427 1.0498 0.1424
v  0.8401 1.0981 0.1283
v  0.8398 1.0986 0.1313
v  0.8406 1.0993 0.1341
v  0.8159 1.1945 0.1134
v  0.7922 1.2369 0.0992
v  0.8328 1.1485 0.1259
v  0.8353 1.1495 0.1272
v  0.8183 1.1959 0.1145
v  0.7943 1.2387 0.1003
v  0.7621 1.2746 0.0839
v  0.7266 1.3067 0.0676
v  0.7640 1.2767 0.0848
v  0.7281 1.3091 0.0683
v  0.6863 1.3323 0.0508
v  0.6424 1.3510 0.0339
v  0.6875 1.3350 0.0514
v  0.6432 1.3538 0.0344
v  0.5959 1.3621 0.0174
v  0.5479 1.3654 0.0016
v  0.5962 1.3650 0.0177
v  0.5479 1.3684 0.0017
v  0.4997 1.3609 -0.0131
v  0.4524 1.3487 -0.0263
v  0.4992 1.3639 -0.0131
v  0.4515 1.3516 -0.0264
v  0.4073 1.3290 -0.0377
v  0.3652 1.3024 -0.0470
v  0.4059 1.3317 -0.0379
v  0.3635 1.3048 -0.0472
v  0.3275 1.2694 -0.0539
v  0.2949 1.2310 -0.0584
v  0.3254 1.2716 -0.0543
v  0.2925 1.2328 -0.0588
v  0.2683 1.1880 -0.0602
v  0.2482 1.1416 -0.0595
v  0.2656 1.1894 -0.0606
v  0.2454 1.1425 -0.0599
v  0.2353 1.0928 -0.0560
v  0.2299 1.0428 -0.0501
v  0.2324 1.0933 -0.0564
v  0.2269 1.0429 -0.0504
v  0.2320 0.9930 -0.0417
v  0.2416 0.9444 -0.0312
v  0.2290 0.9926 -0.0419
v  0.2387 0.9436 -0.0313
v  0.2585 0.8984 -0.0187
v  0.2822 0.8560 -0.0045
v  0.2558 0.8971 -0.0187
v  0.2797 0.8544 -0.0044
v  0.3123 0.8183 0.0108
v  0.3479 0.7862 0.0271
v  0.3101 0.8163 0.0111
v  0.3459 0.7840 0.0275
v  0.3881 0.7606 0.0439
v  0.4320 0.7420 0.0608
v  0.3866 0.7581 0.0445
v  0.4309 0.7393 0.0615
v  0.4785 0.7308 0.0773
v  0.5265 0.7275 0.0931
v  0.4778 0.7281 0.0782
v  0.5262 0.7246 0.0941
v  0.5747 0.7320 0.1078
v  0.6220 0.7442 0.1210
v  0.5748 0.7292 0.1090
v  0.6226 0.7415 0.1223
v  0.6672 0.7639 0.1324
v  0.7092 0.7905 0.1417
v  0.6682 0.7614 0.1337
v  0.7106 0.7883 0.1431
v  0.7469 0.8235 0.1486
v  0.7795 0.8619 0.1531
v  0.7487 0.8215 0.1501
v  0.7816 0.8603 0.1546
v  0.8062 0.9049 0.1549
v  0.8262 0.9513 0.1542
v  0.8084 0.9037 0.1565
v  0.8286 0.9506 0.1557
v  0.8391 1.0002 0.1507
v  0.8446 1.0501 0.1448
v  0.8416 0.9998 0.1523
v  0.8472 1.0502 0.1462
v  0.8424 1.0999 0.1364
v  0.8450 1.1005 0.1378
v  0.8210 1.1972 0.1146
v  0.7968 1.2404 0.1002
v  0.8382 1.1504 0.1273
v  0.8410 1.1509 0.1263
v  0.8237 1.1981 0.1135
v  0.7993 1.2416 0.0990
v  0.7662 1.2787 0.0845
v  0.7300 1.3114 0.0679
v  0.7685 1.2803 0.0832
v  0.7320 1.3132 0.0665
v  0.6890 1.3375 0.0508
v  0.6443 1.3565 0.0337
v  0.6907 1.3395 0.0493
v  0.6456 1.3586 0.0320
v  0.5970 1.3678 0.0168
v  0.5481 1.3713 0.0007
v  0.5979 1.3700 0.0150
v  0.5487 1.3735 -0.0012
v  0.4991 1.3667 -0.0142
v  0.4509 1.3542 -0.0277
v  0.4993 1.3689 -0.0163
v  0.4507 1.3563 -0.0298
v  0.4049 1.3342 -0.0392
v  0.3621 1.3071 -0.0487
v  0.4044 1.3361 -0.0415
v  0.3613 1.3088 -0.0510
v  0.3237 1.2735 -0.0558
v  0.2904 1.2344 -0.0603
v  0.3225 1.2750 -0.0581
v  0.2891 1.2356 -0.0627
v  0.2633 1.1906 -0.0622
v  0.2429 1.1433 -0.0614
v  0.2617 1.1915 -0.0646
v  0.2412 1.1438 -0.0638
v  0.2298 1.0936 -0.0579
v  0.2242 1.0428 -0.0519
v  0.2280 1.0937 -0.0603
v  0.2224 1.0425 -0.0542
v  0.2264 0.9920 -0.0433
v  0.2362 0.9426 -0.0326
v  0.2245 0.9913 -0.0456
v  0.2344 0.9415 -0.0348
v  0.2534 0.8957 -0.0199
v  0.2776 0.8525 -0.0055
v  0.2517 0.8943 -0.0220
v  0.2761 0.8508 -0.0075
v  0.3082 0.8142 0.0102
v  0.3444 0.7815 0.0268
v  0.3069 0.8122 0.0083
v  0.3434 0.7792 0.0250
v  0.3854 0.7554 0.0439
v  0.4301 0.7364 0.0610
v  0.3847 0.7529 0.0423
v  0.4298 0.7338 0.0596
v  0.4774 0.7251 0.0779
v  0.5263 0.7216 0.0940
v  0.4775 0.7224 0.0765
v  0.5267 0.7189 0.0928
v  0.5754 0.7262 0.1089
v  0.6235 0.7387 0.1224
v  0.5762 0.7236 0.1078
v  0.6247 0.7361 0.1214
v  0.6695 0.7587 0.1339
v  0.7123 0.7859 0.1434
v  0.6710 0.7563 0.1330
v  0.7142 0.7836 0.1425
v  0.7508 0.8194 0.1505
v  0.7840 0.8585 0.1550
v  0.7529 0.8174 0.1497
v  0.7864 0.8568 0.1543
v  0.8111 0.9023 0.1569
v  0.8315 0.9496 0.1561
v  0.8137 0.9010 0.1562
v  0.8342 0.9486 0.1554
v  0.8446 0.9993 0.1526
v  0.8502 1.0502 0.1466
v  0.8474 0.9987 0.1518
v  0.8531 1.0499 0.1457
v  0.8480 1.1009 0.1380
v  0.8509 1.1011 0.1371
v  0.8259 1.1985 0.1114
v  0.8014 1.2422 0.0969
v  0.8433 1.1511 0.1243
v  0.8448 1.1508 0.1217
v  0.8273 1.1984 0.1088
v  0.8028 1.2421 0.0942
v  0.7704 1.2811 0.0810
v  0.7337 1.3142 0.0642
v  0.7717 1.2811 0.0783
v  0.7350 1.3142 0.0614
v  0.6922 1.3406 0.0469
v  0.6469 1.3598 0.0295
v  0.6934 1.3407 0.0441
v  0.6480 1.3600 0.0267
v  0.5990 1.3713 0.0125
v  0.5496 1.3748 -0.0038
v  0.6000 1.3715 0.0096
v  0.5505 1.3749 -0.0067
v  0.4998 1.3701 -0.0190
v  0.4511 1.3575 -0.0326
v  0.5007 1.3703 -0.0219
v  0.4518 1.3577 -0.0355
v  0.4045 1.3372 -0.0443
v  0.3611 1.3098 -0.0539
v  0.4051 1.3373 -0.0473
v  0.3617 1.3098 -0.0569
v  0.3222 1.2758 -0.0610
v  0.2886 1.2362 -0.0657
v  0.3227 1.2758 -0.0640
v  0.2890 1.2361 -0.0687
v  0.2611 1.1918 -0.0676
v  0.2405 1.1439 -0.0668
v  0.2615 1.1917 -0.0706
v  0.2408 1.1437 -0.0698
v  0.2272 1.0936 -0.0632
v  0.2215 1.0421 -0.0571
v  0.2275 1.0932 -0.0662
v  0.2219 1.0417 -0.0601
v  0.2237 0.9907 -0.0485
v  0.2336 0.9406 -0.0376
v  0.2241 0.9902 -0.0514
v  0.2340 0.9400 -0.0405
v  0.2511 0.8932 -0.0247
v  0.2756 0.8495 -0.0101
v  0.2514 0.8925 -0.0276
v  0.2760 0.8487 -0.0130
v  0.3066 0.8106 0.0057
v  0.3432 0.7775 0.0225
v  0.3070 0.8098 0.0029
v  0.3438 0.7766 0.0197
v  0.3847 0.7511 0.0398
v  0.4300 0.7318 0.0572
v  0.3853 0.7501 0.0370
v  0.4307 0.7308 0.0545
v  0.4780 0.7204 0.0743
v  0.5274 0.7169 0.0906
v  0.4787 0.7194 0.0715
v  0.5283 0.7159 0.0879
v  0.5771 0.7216 0.1057
v  0.6259 0.7342 0.1193
v  0.5781 0.7205 0.1030
v  0.6269 0.7332 0.1167
v  0.6725 0.7545 0.1311
v  0.7158 0.7819 0.1406
v  0.6736 0.7535 0.1284
v  0.7170 0.7810 0.1380
v  0.7547 0.8159 0.1478
v  0.7884 0.8555 0.1524
v  0.7560 0.8151 0.1452
v  0.7897 0.8548 0.1498
v  0.8158 0.8999 0.1543
v  0.8365 0.9478 0.1535
v  0.8172 0.8992 0.1517
v  0.8379 0.9472 0.1509
v  0.8497 0.9981 0.1500
v  0.8554 1.0496 0.1438
v  0.8512 0.9976 0.1474
v  0.8569 1.0492 0.1412
v  0.8532 1.1010 0.1352
v  0.8547 1.1007 0.1326
v  0.8277 1.1976 0.1058
v  0.8032 1.2414 0.0913
v  0.8451 1.1502 0.1187
v  0.8444 1.1493 0.1159
v  0.8270 1.1965 0.1031
v  0.8026 1.2400 0.0886
v  0.7722 1.2802 0.0754
v  0.7355 1.3133 0.0586
v  0.7718 1.2787 0.0728
v  0.7353 1.3116 0.0561
v  0.6940 1.3397 0.0413
v  0.6487 1.3590 0.0239
v  0.6940 1.3379 0.0389
v  0.6490 1.3570 0.0216
v  0.6008 1.3704 0.0068
v  0.5513 1.3739 -0.0095
v  0.6012 1.3684 0.0046
v  0.5521 1.3719 -0.0116
v  0.5016 1.3692 -0.0246
v  0.4529 1.3567 -0.0382
v  0.5026 1.3673 -0.0267
v  0.4541 1.3547 -0.0402
v  0.4063 1.3363 -0.0499
v  0.3629 1.3089 -0.0595
v  0.4077 1.3345 -0.0519
v  0.3646 1.3072 -0.0614
v  0.3240 1.2749 -0.0667
v  0.2904 1.2353 -0.0713
v  0.3258 1.2734 -0.0685
v  0.2924 1.2340 -0.0731
v  0.2629 1.1910 -0.0732
v  0.2423 1.1431 -0.0724
v  0.2651 1.1899 -0.0750
v  0.2445 1.1422 -0.0742
v  0.2290 1.0927 -0.0688
v  0.2233 1.0412 -0.0627
v  0.2313 1.0921 -0.0707
v  0.2257 1.0409 -0.0646
v  0.2255 0.9898 -0.0541
v  0.2354 0.9398 -0.0432
v  0.2279 0.9897 -0.0560
v  0.2377 0.9399 -0.0452
v  0.2529 0.8923 -0.0303
v  0.2774 0.8486 -0.0158
v  0.2551 0.8927 -0.0324
v  0.2794 0.8492 -0.0179
v  0.3083 0.8098 0.0001
v  0.3450 0.7767 0.0169
v  0.3103 0.8105 -0.0021
v  0.3468 0.7776 0.0146
v  0.3865 0.7502 0.0342
v  0.4318 0.7310 0.0516
v  0.3881 0.7513 0.0318
v  0.4331 0.7322 0.0492
v  0.4797 0.7195 0.0687
v  0.5292 0.7160 0.0850
v  0.4808 0.7208 0.0661
v  0.5300 0.7173 0.0823
v  0.5789 0.7207 0.1001
v  0.6277 0.7333 0.1137
v  0.5795 0.7219 0.0974
v  0.6280 0.7345 0.1109
v  0.6743 0.7536 0.1254
v  0.7176 0.7811 0.1350
v  0.6744 0.7547 0.1226
v  0.7175 0.7820 0.1321
v  0.7565 0.8151 0.1422
v  0.7902 0.8547 0.1468
v  0.7562 0.8158 0.1393
v  0.7897 0.8552 0.1439
v  0.8176 0.8990 0.1487
v  0.8383 0.9469 0.1479
v  0.8170 0.8994 0.1458
v  0.8375 0.9470 0.1449
v  0.8515 0.9972 0.1444
v  0.8572 1.0487 0.1382
v  0.8508 0.9971 0.1414
v  0.8564 1.0483 0.1353
v  0.8550 1.1001 0.1296
v  0.8542 1.0995 0.1267
v  0.8253 1.1951 0.1010
v  0.8012 1.2383 0.0866
v  0.8426 1.1483 0.1137
v  0.8400 1.1472 0.1124
v  0.8230 1.1937 0.0998
v  0.7990 1.2365 0.0856
v  0.7705 1.2766 0.0710
v  0.7343 1.3093 0.0544
v  0.7687 1.2745 0.0700
v  0.7328 1.3069 0.0536
v  0.6933 1.3354 0.0373
v  0.6486 1.3544 0.0201
v  0.6922 1.3327 0.0367
v  0.6479 1.3516 0.0196
v  0.6013 1.3657 0.0032
v  0.5525 1.3692 -0.0128
v  0.6009 1.3628 0.0029
v  0.5526 1.3662 -0.0130
v  0.5034 1.3646 -0.0278
v  0.4552 1.3521 -0.0412
v  0.5039 1.3616 -0.0278
v  0.4562 1.3493 -0.0411
v  0.4092 1.3321 -0.0528
v  0.3664 1.3050 -0.0623
v  0.4106 1.3294 -0.0526
v  0.3682 1.3025 -0.0620
v  0.3280 1.2714 -0.0693
v  0.2948 1.2323 -0.0739
v  0.3301 1.2693 -0.0690
v  0.2972 1.2305 -0.0735
v  0.2677 1.1885 -0.0758
v  0.2473 1.1412 -0.0750
v  0.2703 1.1871 -0.0754
v  0.2501 1.1403 -0.0746
v  0.2342 1.0915 -0.0715
v  0.2286 1.0407 -0.0654
v  0.2371 1.0910 -0.0711
v  0.2316 1.0406 -0.0651
v  0.2307 0.9899 -0.0569
v  0.2405 0.9405 -0.0462
v  0.2337 0.9903 -0.0567
v  0.2434 0.9413 -0.0460
v  0.2577 0.8936 -0.0334
v  0.2819 0.8504 -0.0191
v  0.2605 0.8949 -0.0334
v  0.2844 0.8521 -0.0192
v  0.3125 0.8121 -0.0034
v  0.3487 0.7794 0.0132
v  0.3148 0.8141 -0.0036
v  0.3506 0.7817 0.0128
v  0.3897 0.7533 0.0303
v  0.4344 0.7343 0.0475
v  0.3913 0.7558 0.0297
v  0.4356 0.7370 0.0468
v  0.4818 0.7230 0.0643
v  0.5306 0.7195 0.0804
v  0.4825 0.7258 0.0635
v  0.5309 0.7224 0.0794
v  0.5797 0.7242 0.0954
v  0.6278 0.7366 0.1088
v  0.5795 0.7269 0.0942
v  0.6273 0.7393 0.1075
v  0.6739 0.7567 0.1204
v  0.7166 0.7838 0.1298
v  0.6729 0.7591 0.1190
v  0.7153 0.7860 0.1284
v  0.7551 0.8173 0.1369
v  0.7883 0.8564 0.1415
v  0.7533 0.8193 0.1354
v  0.7863 0.8580 0.1399
v  0.8154 0.9002 0.1433
v  0.8358 0.9475 0.1425
v  0.8131 0.9014 0.1418
v  0.8333 0.9483 0.1410
v  0.8489 0.9972 0.1391
v  0.8545 1.0481 0.1330
v  0.8463 0.9975 0.1375
v  0.8519 1.0479 0.1315
v  0.8523 1.0988 0.1245
v  0.8497 1.0983 0.1231
v  0.8202 1.1924 0.0998
v  0.7965 1.2348 0.0857
v  0.8372 1.1464 0.1123
v  0.8344 1.1458 0.1133
v  0.8176 1.1915 0.1009
v  0.7940 1.2336 0.0869
v  0.7664 1.2725 0.0703
v  0.7309 1.3046 0.0540
v  0.7642 1.2709 0.0716
v  0.7289 1.3028 0.0554
v  0.6906 1.3302 0.0372
v  0.6467 1.3489 0.0203
v  0.6890 1.3282 0.0388
v  0.6454 1.3467 0.0220
v  0.6002 1.3600 0.0038
v  0.5523 1.3634 -0.0120
v  0.5993 1.3578 0.0056
v  0.5517 1.3611 -0.0101
v  0.5041 1.3588 -0.0267
v  0.4568 1.3466 -0.0399
v  0.5039 1.3566 -0.0246
v  0.4569 1.3445 -0.0377
v  0.4116 1.3269 -0.0512
v  0.3696 1.3003 -0.0605
v  0.4121 1.3250 -0.0490
v  0.3704 1.2985 -0.0582
v  0.3318 1.2673 -0.0675
v  0.2992 1.2289 -0.0720
v  0.3329 1.2658 -0.0651
v  0.3006 1.2277 -0.0696
v  0.2726 1.1859 -0.0738
v  0.2525 1.1395 -0.0730
v  0.2742 1.1851 -0.0714
v  0.2543 1.1390 -0.0706
v  0.2397 1.0907 -0.0696
v  0.2342 1.0407 -0.0636
v  0.2415 1.0906 -0.0672
v  0.2361 1.0410 -0.0613
v  0.2363 0.9909 -0.0553
v  0.2459 0.9423 -0.0447
v  0.2382 0.9915 -0.0530
v  0.2477 0.9434 -0.0425
v  0.2628 0.8963 -0.0322
v  0.2866 0.8539 -0.0181
v  0.2645 0.8977 -0.0301
v  0.2881 0.8556 -0.0161
v  0.3166 0.8162 -0.0027
v  0.3522 0.7842 0.0136
v  0.3179 0.8183 -0.0009
v  0.3532 0.7864 0.0153
v  0.3924 0.7585 0.0304
v  0.4363 0.7399 0.0472
v  0.3931 0.7610 0.0320
v  0.4367 0.7425 0.0487
v  0.4828 0.7288 0.0638
v  0.5308 0.7254 0.0796
v  0.4828 0.7315 0.0651
v  0.5304 0.7281 0.0808
v  0.5790 0.7299 0.0943
v  0.6263 0.7421 0.1074
v  0.5782 0.7326 0.0954
v  0.6251 0.7447 0.1084
v  0.6715 0.7618 0.1188
v  0.7135 0.7884 0.1281
v  0.6700 0.7643 0.1197
v  0.7117 0.7907 0.1289
v  0.7512 0.8214 0.1350
v  0.7839 0.8598 0.1395
v  0.7491 0.8234 0.1358
v  0.7815 0.8615 0.1403
v  0.8105 0.9028 0.1414
v  0.8305 0.9492 0.1406
v  0.8079 0.9041 0.1421
v  0.8278 0.9502 0.1413
v  0.8434 0.9981 0.1372
v  0.8489 1.0480 0.1312
v  0.8405 0.9987 0.1379
v  0.8460 1.0482 0.1320
v  0.8468 1.0979 0.1228
v  0.8439 1.0977 0.1237
v  0.8154 1.1911 0.1029
v  0.7919 1.2330 0.0890
v  0.8321 1.1457 0.1152
v  0.7623 1.2701 0.0738
v  0.7272 1.3018 0.0577
v  0.6874 1.3271 0.0411
v  0.6441 1.3455 0.0245
v  0.5982 1.3565 0.0082
v  0.5509 1.3598 -0.0074
v  0.5033 1.3554 -0.0219
v  0.4566 1.3433 -0.0350
v  0.4120 1.3239 -0.0462
v  0.3705 1.2976 -0.0553
v  0.3333 1.2651 -0.0622
v  0.3011 1.2271 -0.0666
v  0.2748 1.1847 -0.0684
v  0.2550 1.1389 -0.0677
v  0.2423 1.0907 -0.0643
v  0.2369 1.0414 -0.0584
v  0.2390 0.9922 -0.0501
v  0.2485 0.9443 -0.0397
v  0.2652 0.8988 -0.0274
v  0.2886 0.8570 -0.0135
v  0.3183 0.8198 0.0017
v  0.3534 0.7881 0.0178
v  0.3931 0.7628 0.0344
v  0.4364 0.7444 0.0510
v  0.4823 0.7334 0.0674
v  0.5297 0.7301 0.0830
v  0.5772 0.7346 0.0974
v  0.6239 0.7466 0.1105
v  0.6685 0.7661 0.1217
v  0.7100 0.7923 0.1309
v  0.7473 0.8249 0.1377
v  0.7795 0.8628 0.1421
v  0.8057 0.9052 0.1440
v  0.8255 0.9511 0.1432
v  0.8382 0.9993 0.1398
v  0.8436 1.0486 0.1339
v  0.8415 1.0978 0.1257
v  0.4545 0.2908 0.3417
v  0.5120 1.8589 0.1258
v  -0.2771 1.0673 -0.0093
v  1.2327 1.0851 0.4692
# 3492 vertices

vn -0.8929 0.3432 0.2916
vn -0.9120 0.2768 0.3028
vn -0.9579 0.2593 0.1231
vn -0.9398 0.3225 0.1131
vn -0.9113 0.2798 0.3021
vn -0.9573 0.2620 0.1224
vn -0.9453 0.1965 -0.2603
vn -0.9459 0.1948 -0.2597
vn -0.9323 0.2443 -0.2666
vn -0.7119 0.6791 0.1790
vn -0.8163 0.5240 0.2430
vn -0.8674 0.4931 0.0667
vn -0.7689 0.6393 0.0061
vn -0.8762 0.3748 -0.3030
vn -0.8007 0.4865 -0.3497
vn -0.5020 0.8633 0.0524
vn -0.6133 0.7808 0.1192
vn -0.6758 0.7354 -0.0504
vn -0.5707 0.8133 -0.1135
vn -0.7291 0.5603 -0.3931
vn -0.6483 0.6202 -0.4417
vn -0.2532 0.9626 -0.0964
vn -0.3811 0.9243 -0.0203
vn -0.4564 0.8709 -0.1821
vn -0.3356 0.9071 -0.2541
vn -0.5604 0.6646 -0.4942
vn -0.4675 0.6923 -0.5496
vn -0.3212 0.9188 -0.2295
vn -0.2104 0.9701 -0.1206
vn -0.3175 0.9115 -0.2614
vn -0.3698 0.9028 -0.2196
vn -0.4488 0.6985 -0.5574
vn -0.4948 0.7003 -0.5146
vn -0.7891 0.0997 -0.6061
vn -0.7821 0.1272 -0.6100
vn -0.7888 0.1003 -0.6064
vn -0.5092 -0.0119 -0.8605
vn -0.5092 -0.0119 -0.8606
vn -0.7512 0.1977 -0.6298
vn -0.7102 0.2580 -0.6550
vn -0.5091 -0.0120 -0.8606
vn -0.5091 -0.0120 -0.8607
vn -0.6713 0.2981 -0.6785
vn -0.6274 0.3307 -0.7050
vn -0.5091 -0.0119 -0.8606
vn -0.5796 0.3548 -0.7336
vn -0.5292 0.3700 -0.7636
vn -0.5605 0.3721 -0.7399
vn -0.6277 0.3780 -0.6806
vn -0.5542 -0.0128 -0.8323
vn -0.6299 0.0013 -0.7767
vn -0.1501 -0.1222 -0.9811
vn -0.1569 -0.1508 -0.9760
vn -0.1503 -0.1224 -0.9810
vn 0.2296 -0.2134 -0.9496
vn 0.2298 -0.2134 -0.9496
vn 0.2164 -0.2663 -0.9393
vn -0.1882 -0.2205 -0.9571
vn -0.2287 -0.2801 -0.9323
vn 0.1594 -0.3943 -0.9050
vn 0.0851 -0.5033 -0.8599
vn -0.2677 -0.3201 -0.9088
vn -0.3115 -0.3528 -0.8823
vn 0.0136 -0.5772 -0.8165
vn -0.0672 -0.6370 -0.7679
vn -0.3593 -0.3769 -0.8537
vn -0.4098 -0.3920 -0.8237
vn -0.1551 -0.6814 -0.7153
vn -0.2480 -0.7092 -0.6600
vn -0.5133 -0.3979 -0.7604
vn -0.6114 -0.3825 -0.6927
vn -0.3558 -0.7200 -0.5959
vn -0.4640 -0.7078 -0.5327
vn 0.5716 -0.2715 -0.7743
vn 0.5525 -0.3405 -0.7608
vn 0.5715 -0.2713 -0.7744
vn 0.8259 -0.2883 -0.4845
vn 0.8258 -0.2886 -0.4845
vn 0.8041 -0.3632 -0.4706
vn 0.4795 -0.5070 -0.7163
vn 0.3834 -0.6484 -0.6577
vn 0.7261 -0.5430 -0.4219
vn 0.6225 -0.6956 -0.3586
vn 0.2902 -0.7444 -0.6013
vn 0.1851 -0.8222 -0.5382
vn 0.5219 -0.7994 -0.2977
vn 0.4083 -0.8835 -0.2294
vn 0.0708 -0.8800 -0.4697
vn -0.0500 -0.9161 -0.3977
vn 0.2848 -0.9459 -0.1554
vn 0.1543 -0.9850 -0.0776
vn -0.2026 -0.9300 -0.3068
vn -0.3228 -0.9168 -0.2350
vn 0.0214 -0.9998 0.0013
vn -0.0973 -0.9927 0.0714
vn 0.9571 -0.2625 -0.1226
vn 0.9369 -0.3315 -0.1110
vn 0.9572 -0.2623 -0.1224
vn 0.9453 -0.1966 0.2604
vn 0.9454 -0.1966 0.2601
vn 0.9305 -0.2495 0.2681
vn 0.8648 -0.4979 -0.0650
vn 0.7689 -0.6393 -0.0061
vn 0.8746 -0.3775 0.3041
vn 0.8007 -0.4865 0.3497
vn 0.6758 -0.7354 0.0504
vn 0.5707 -0.8132 0.1136
vn 0.7291 -0.5604 0.3930
vn 0.6483 -0.6202 0.4416
vn 0.4564 -0.8710 0.1820
vn 0.3356 -0.9071 0.2541
vn 0.5604 -0.6646 0.4942
vn 0.4675 -0.6924 0.5496
vn 0.1827 -0.9209 0.3444
vn 0.0616 -0.9078 0.4148
vn 0.3596 -0.7030 0.6135
vn 0.2521 -0.6908 0.6777
vn 0.7889 -0.1002 0.6063
vn 0.7815 -0.1287 0.6104
vn 0.7887 -0.1003 0.6065
vn 0.5093 0.0119 0.8605
vn 0.5091 0.0120 0.8606
vn 0.5092 0.0119 0.8606
vn 0.7507 -0.1985 0.6301
vn 0.7102 -0.2579 0.6550
vn 0.5091 0.0119 0.8606
vn 0.6713 -0.2981 0.6786
vn 0.6274 -0.3306 0.7050
vn 0.5797 -0.3548 0.7336
vn 0.5292 -0.3699 0.7637
vn 0.4239 -0.3758 0.8240
vn 0.3172 -0.3607 0.8771
vn 0.4626 0.0111 0.8865
vn 0.3773 0.0249 0.9258
vn 0.1499 0.1217 0.9812
vn 0.1562 0.1493 0.9764
vn 0.1504 0.1223 0.9810
vn -0.0333 0.1694 0.9850
vn -0.0338 0.1680 0.9852
vn -0.0249 0.2068 0.9781
vn 0.1877 0.2197 0.9573
vn 0.2289 0.2800 0.9323
vn 0.0201 0.3082 0.9511
vn 0.0792 0.3951 0.9152
vn 0.2677 0.3201 0.9088
vn 0.3116 0.3526 0.8823
vn 0.1350 0.4526 0.8814
vn 0.1979 0.4991 0.8437
vn 0.3594 0.3768 0.8537
vn 0.4099 0.3918 0.8237
vn 0.2662 0.5338 0.8026
vn 0.3385 0.5553 0.7596
vn 0.3739 0.3940 0.8396
vn 0.2895 0.3995 0.8698
vn 0.3407 0.5602 0.7551
vn 0.3259 0.4226 0.8457
vn -0.4014 0.3041 0.8639
vn -0.4163 0.2460 0.8753
vn -0.5723 0.2684 0.7749
vn -0.5556 0.3315 0.7625
vn -0.4156 0.2481 0.8751
vn -0.5715 0.2711 0.7745
vn -0.7071 0.2846 0.6474
vn -0.7079 0.2815 0.6478
vn -0.6897 0.3479 0.6350
vn -0.2451 0.5900 0.7693
vn -0.3345 0.4582 0.8235
vn -0.4822 0.5021 0.7179
vn -0.3833 0.6483 0.6578
vn -0.6124 0.5288 0.5876
vn -0.5079 0.6839 0.5238
vn -0.0656 0.7478 0.6607
vn -0.1607 0.6771 0.7181
vn -0.2903 0.7444 0.6013
vn -0.1852 0.8223 0.5381
vn -0.4093 0.7856 0.4640
vn -0.2981 0.8680 0.3971
vn 0.1476 0.8329 0.5334
vn 0.0381 0.8001 0.5987
vn -0.0709 0.8800 0.4696
vn 0.0500 0.9162 0.3976
vn -0.1771 0.9291 0.3246
vn -0.0492 0.9674 0.2484
vn 0.0579 0.9129 0.4040
vn 0.1765 0.8398 0.5134
vn 0.0650 0.9206 0.3852
vn 0.0033 0.9116 0.4112
vn -0.0075 0.9749 0.2224
vn 0.0354 0.9271 0.3731
vn -0.9577 0.2799 -0.0665
vn -0.9432 0.3112 0.1163
vn -0.9484 0.2940 0.1189
vn -0.9623 0.2643 -0.0645
vn -0.8964 0.3316 0.2943
vn -0.9019 0.3134 0.2973
vn -0.9053 0.3016 0.2991
vn -0.9517 0.2827 0.1201
vn -0.9651 0.2540 -0.0639
vn -0.6658 0.0587 -0.7438
vn -0.7847 0.1215 -0.6079
vn -0.7864 0.1142 -0.6071
vn -0.6666 0.0547 -0.7434
vn -0.8744 0.1797 -0.4506
vn -0.8772 0.1692 -0.4494
vn -0.8786 0.1622 -0.4491
vn -0.7873 0.1093 -0.6069
vn -0.6670 0.0521 -0.7433
vn 0.0288 -0.1994 -0.9795
vn -0.1533 -0.1435 -0.9777
vn -0.1519 -0.1362 -0.9790
vn 0.0306 -0.1890 -0.9815
vn -0.3307 -0.0820 -0.9402
vn -0.3297 -0.0781 -0.9408
vn -0.3293 -0.0756 -0.9412
vn -0.1513 -0.1313 -0.9797
vn 0.0315 -0.1821 -0.9828
vn 0.6939 -0.3358 -0.6369
vn 0.5602 -0.3198 -0.7642
vn 0.5647 -0.3029 -0.7677
vn 0.6989 -0.3181 -0.6406
vn 0.4063 -0.2926 -0.8656
vn 0.4103 -0.2772 -0.8688
vn 0.4122 -0.2670 -0.8711
vn 0.5671 -0.2918 -0.7702
vn 0.7018 -0.3064 -0.6431
vn 0.9578 -0.2797 0.0664
vn 0.9433 -0.3108 -0.1165
vn 0.9484 -0.2939 -0.1189
vn 0.9623 -0.2642 0.0645
vn 0.8965 -0.3311 -0.2944
vn 0.9019 -0.3133 -0.2975
vn 0.9053 -0.3016 -0.2990
vn 0.9517 -0.2827 -0.1201
vn 0.9651 -0.2540 0.0637
vn 0.6659 -0.0587 0.7438
vn 0.7846 -0.1214 0.6080
vn 0.7864 -0.1142 0.6071
vn 0.6667 -0.0548 0.7433
vn 0.8744 -0.1794 0.4509
vn 0.8771 -0.1691 0.4495
vn 0.8786 -0.1622 0.4492
vn 0.7872 -0.1093 0.6069
vn 0.6669 -0.0521 0.7433
vn -0.0286 0.1996 0.9795
vn 0.1534 0.1435 0.9777
vn 0.1519 0.1362 0.9790
vn -0.0306 0.1890 0.9815
vn 0.3307 0.0820 0.9402
vn 0.3297 0.0781 0.9408
vn 0.3296 0.0755 0.9411
vn 0.1514 0.1313 0.9797
vn -0.0315 0.1821 0.9828
vn -0.6937 0.3363 0.6370
vn -0.5600 0.3202 0.7641
vn -0.5645 0.3030 0.7678
vn -0.6987 0.3182 0.6408
vn -0.4063 0.2929 0.8655
vn -0.4101 0.2772 0.8689
vn -0.4121 0.2670 0.8711
vn -0.5671 0.2918 0.7702
vn -0.7018 0.3064 0.6431
vn -0.9750 0.2137 -0.0608
vn -0.9631 0.2387 0.1246
vn -0.9703 0.2051 0.1280
vn -0.9813 0.1832 -0.0583
vn -0.9175 0.2552 0.3053
vn -0.9252 0.2197 0.3095
vn -0.9310 0.1887 0.3126
vn -0.9757 0.1757 0.1306
vn -0.9861 0.1566 -0.0562
vn -0.6683 0.0420 -0.7427
vn -0.7904 0.0903 -0.6059
vn -0.7925 0.0760 -0.6051
vn -0.6694 0.0345 -0.7421
vn -0.8838 0.1352 -0.4478
vn -0.8872 0.1149 -0.4468
vn -0.8899 0.0973 -0.4457
vn -0.7942 0.0638 -0.6043
vn -0.6704 0.0280 -0.7415
vn 0.0347 -0.1551 -0.9873
vn -0.1492 -0.1123 -0.9824
vn -0.1477 -0.0981 -0.9841
vn 0.0371 -0.1348 -0.9902
vn -0.3282 -0.0655 -0.9423
vn -0.3276 -0.0579 -0.9431
vn -0.3267 -0.0514 -0.9437
vn -0.1464 -0.0858 -0.9855
vn 0.0391 -0.1172 -0.9923
vn 0.7125 -0.2600 -0.6517
vn 0.5761 -0.2478 -0.7789
vn 0.5820 -0.2142 -0.7845
vn 0.7195 -0.2245 -0.6573
vn 0.4192 -0.2268 -0.8791
vn 0.4240 -0.1963 -0.8841
vn 0.4278 -0.1697 -0.8878
vn 0.5866 -0.1849 -0.7885
vn 0.7246 -0.1935 -0.6614
vn 0.9750 -0.2138 0.0605
vn 0.9631 -0.2387 -0.1247
vn 0.9703 -0.2051 -0.1280
vn 0.9813 -0.1832 0.0581
vn 0.9175 -0.2551 -0.3052
vn 0.9252 -0.2197 -0.3094
vn 0.9309 -0.1887 -0.3127
vn 0.9757 -0.1757 -0.1307
vn 0.9861 -0.1566 0.0560
vn 0.6683 -0.0420 0.7427
vn 0.7903 -0.0903 0.6060
vn 0.7925 -0.0760 0.6052
vn 0.6693 -0.0345 0.7422
vn 0.8838 -0.1352 0.4479
vn 0.8873 -0.1149 0.4467
vn 0.8899 -0.0972 0.4457
vn 0.7942 -0.0637 0.6043
vn 0.6703 -0.0280 0.7416
vn -0.0347 0.1551 0.9873
vn 0.1494 0.1123 0.9824
vn 0.1477 0.0981 0.9841
vn -0.0372 0.1348 0.9902
vn 0.3285 0.0654 0.9422
vn 0.3275 0.0579 0.9431
vn 0.3268 0.0513 0.9437
vn 0.1464 0.0858 0.9855
vn -0.0392 0.1172 0.9923
vn -0.7125 0.2600 0.6517
vn -0.5760 0.2478 0.7790
vn -0.5819 0.2142 0.7845
vn -0.7194 0.2245 0.6573
vn -0.4191 0.2268 0.8792
vn -0.4239 0.1963 0.8842
vn -0.4277 0.1697 0.8878
vn -0.5865 0.1849 0.7886
vn -0.7246 0.1935 0.6615
vn -0.8576 -0.0783 0.5083
vn -0.9862 -0.0775 0.1461
vn -0.9893 -0.0111 0.1454
vn -0.8606 -0.0069 0.5092
vn -0.9683 -0.0655 -0.2410
vn -0.9701 -0.0138 -0.2425
vn -0.9699 -0.0156 -0.2428
vn -0.9893 -0.0139 0.1452
vn -0.8606 -0.0102 0.5092
vn -0.7576 -0.4682 0.4547
vn -0.8940 -0.4379 0.0949
vn -0.9555 -0.2653 0.1293
vn -0.8242 -0.2814 0.4914
vn -0.8968 -0.3415 -0.2813
vn -0.9440 -0.2095 -0.2548
vn -0.5944 -0.7183 0.3616
vn -0.7429 -0.6693 0.0087
vn -0.8262 -0.5605 0.0565
vn -0.6844 -0.6007 0.4133
vn -0.7806 -0.5194 -0.3476
vn -0.8447 -0.4357 -0.3108
vn -0.3729 -0.8981 0.2331
vn -0.5379 -0.8358 -0.1102
vn -0.6460 -0.7619 -0.0473
vn -0.4897 -0.8183 0.3011
vn -0.6231 -0.6474 -0.4390
vn -0.7062 -0.5906 -0.3906
vn -0.3713 -0.8990 0.2322
vn -0.5696 -0.8183 -0.0775
vn -0.5214 -0.8454 -0.1163
vn -0.3331 -0.9192 0.2098
vn -0.6507 -0.6431 -0.4038
vn -0.6064 -0.6588 -0.4453
vn -0.8019 -0.0429 -0.5959
vn -0.8023 -0.0142 -0.5967
vn -0.5090 -0.0120 -0.8607
vn -0.8021 -0.0150 -0.5970
vn -0.7625 -0.1921 -0.6178
vn -0.7882 -0.1208 -0.6034
vn -0.5092 -0.0120 -0.8606
vn -0.6993 -0.2888 -0.6539
vn -0.7342 -0.2434 -0.6338
vn -0.6137 -0.3583 -0.7036
vn -0.6589 -0.3275 -0.6772
vn -0.7099 -0.3303 -0.6221
vn -0.6442 -0.3495 -0.6803
vn -0.6281 0.0163 -0.7780
vn -0.5522 0.0037 -0.8337
vn -0.1368 0.0225 -0.9903
vn -0.1367 -0.0073 -0.9906
vn 0.2535 0.0544 -0.9658
vn 0.2545 -0.0011 -0.9671
vn 0.2542 -0.0010 -0.9671
vn -0.1370 -0.0070 -0.9905
vn -0.1765 0.1701 -0.9695
vn -0.1509 0.0997 -0.9835
vn 0.1812 0.3247 -0.9283
vn 0.2279 0.1959 -0.9538
vn -0.2397 0.2668 -0.9335
vn -0.2048 0.2213 -0.9535
vn 0.0651 0.5026 -0.8621
vn 0.1292 0.4190 -0.8988
vn -0.3253 0.3363 -0.8838
vn -0.2802 0.3054 -0.9101
vn -0.0925 0.6306 -0.7706
vn -0.0094 0.5738 -0.8190
vn -0.5212 0.3944 -0.7568
vn -0.4235 0.3758 -0.8243
vn -0.3006 0.6990 -0.6489
vn -0.1938 0.6758 -0.7112
vn 0.6012 0.0781 -0.7953
vn 0.6038 0.0053 -0.7971
vn 0.8567 0.0896 -0.5080
vn 0.8606 0.0108 -0.5092
vn 0.8606 0.0104 -0.5092
vn 0.6036 0.0051 -0.7972
vn 0.5084 0.4288 -0.7468
vn 0.5687 0.2617 -0.7798
vn 0.7577 0.4682 -0.4547
vn 0.8225 0.2878 -0.4905
vn 0.3573 0.6603 -0.6606
vn 0.4406 0.5514 -0.7084
vn 0.5943 0.7183 -0.3616
vn 0.6844 0.6007 -0.4132
vn 0.1523 0.8267 -0.5416
vn 0.2605 0.7529 -0.6045
vn 0.3729 0.8981 -0.2331
vn 0.4896 0.8183 -0.3010
vn -0.1100 0.9158 -0.3863
vn 0.0086 0.8894 -0.4571
vn 0.1326 0.9869 -0.0920
vn 0.2484 0.9553 -0.1602
vn 0.9855 0.0871 -0.1455
vn 0.9893 0.0144 -0.1454
vn 0.9678 0.0712 0.2416
vn 0.9700 0.0157 0.2425
vn 0.9700 0.0158 0.2427
vn 0.9893 0.0142 -0.1453
vn 0.8940 0.4379 -0.0949
vn 0.9540 0.2708 -0.1284
vn 0.8968 0.3415 0.2813
vn 0.9432 0.2127 0.2554
vn 0.7429 0.6694 -0.0088
vn 0.8262 0.5605 -0.0566
vn 0.7806 0.5195 0.3475
vn 0.8447 0.4358 0.3107
vn 0.5379 0.8358 0.1102
vn 0.6460 0.7619 0.0472
vn 0.6231 0.6473 0.4390
vn 0.7061 0.5906 0.3906
vn 0.2744 0.9248 0.2636
vn 0.3939 0.8984 0.1942
vn 0.4153 0.7157 0.5615
vn 0.5216 0.6926 0.4983
vn 0.8017 0.0445 0.5960
vn 0.8023 0.0148 0.5967
vn 0.5091 0.0119 0.8607
vn 0.8021 0.0150 0.5970
vn 0.7625 0.1921 0.6178
vn 0.7879 0.1217 0.6036
vn 0.5092 0.0120 0.8606
vn 0.6994 0.2889 0.6538
vn 0.7342 0.2433 0.6338
vn 0.6137 0.3584 0.7035
vn 0.6588 0.3274 0.6773
vn 0.4074 0.4162 0.8129
vn 0.5138 0.3979 0.7601
vn 0.3790 0.0401 0.9245
vn 0.4645 0.0276 0.8851
vn 0.1365 -0.0209 0.9904
vn 0.1367 0.0078 0.9906
vn -0.2544 -0.0488 0.9659
vn -0.2546 0.0030 0.9670
vn -0.2541 0.0011 0.9672
vn 0.1369 0.0071 0.9906
vn 0.1764 -0.1701 0.9695
vn 0.1507 -0.0987 0.9836
vn -0.1812 -0.3247 0.9283
vn -0.2289 -0.1927 0.9542
vn 0.2395 -0.2669 0.9335
vn 0.2048 -0.2213 0.9535
vn -0.0651 -0.5027 0.8620
vn -0.1292 -0.4190 0.8988
vn 0.3252 -0.3364 0.8838
vn 0.2801 -0.3054 0.9101
vn 0.0925 -0.6306 0.7706
vn 0.0094 -0.5738 0.8189
vn 0.2072 -0.3089 0.9282
vn 0.2901 -0.3277 0.8991
vn 0.0482 -0.6267 0.7777
vn 0.1061 -0.6421 0.7592
vn -0.6022 -0.0685 0.7954
vn -0.6038 -0.0020 0.7971
vn -0.6036 -0.0049 0.7973
vn -0.5084 -0.4288 0.7468
vn -0.5703 -0.2562 0.7804
vn -0.3573 -0.6603 0.6606
vn -0.4406 -0.5514 0.7084
vn -0.1524 -0.8267 0.5415
vn -0.2604 -0.7528 0.6045
vn -0.1964 -0.8095 0.5533
vn -0.1389 -0.8364 0.5302
vn -0.9974 -0.0616 -0.0384
vn -0.9982 -0.0452 -0.0391
vn -0.9880 -0.0472 0.1470
vn -0.9869 -0.0653 0.1474
vn -0.9986 -0.0346 -0.0400
vn -0.9886 -0.0355 0.1463
vn -0.9444 -0.0351 0.3269
vn -0.9438 -0.0476 0.3272
vn -0.9426 -0.0667 0.3273
vn -0.6754 -0.0252 -0.7370
vn -0.6755 -0.0212 -0.7370
vn -0.8031 -0.0289 -0.5952
vn -0.8029 -0.0365 -0.5950
vn -0.6753 -0.0186 -0.7373
vn -0.8028 -0.0240 -0.5958
vn -0.9007 -0.0285 -0.4335
vn -0.9009 -0.0356 -0.4325
vn -0.9007 -0.0464 -0.4320
vn 0.0546 0.0264 -0.9982
vn 0.0544 0.0156 -0.9984
vn -0.1353 0.0069 -0.9908
vn -0.1351 0.0144 -0.9907
vn 0.0536 0.0086 -0.9985
vn -0.1359 0.0019 -0.9907
vn -0.3212 -0.0048 -0.9470
vn -0.3209 -0.0022 -0.9471
vn -0.3208 0.0018 -0.9471
vn 0.7400 0.0615 -0.6698
vn 0.7408 0.0427 -0.6704
vn 0.6043 0.0381 -0.7959
vn 0.6038 0.0559 -0.7952
vn 0.7408 0.0304 -0.6710
vn 0.6040 0.0264 -0.7966
vn 0.4457 0.0216 -0.8949
vn 0.4462 0.0322 -0.8944
vn 0.4461 0.0484 -0.8937
vn 0.9974 0.0613 0.0383
vn 0.9982 0.0451 0.0389
vn 0.9880 0.0471 -0.1471
vn 0.9869 0.0649 -0.1475
vn 0.9986 0.0346 0.0398
vn 0.9886 0.0355 -0.1465
vn 0.9444 0.0351 -0.3269
vn 0.9437 0.0474 -0.3273
vn 0.9426 0.0662 -0.3273
vn 0.6754 0.0252 0.7370
vn 0.6753 0.0212 0.7372
vn 0.8030 0.0289 0.5953
vn 0.8030 0.0364 0.5949
vn 0.6751 0.0186 0.7375
vn 0.8027 0.0240 0.5959
vn 0.9007 0.0285 0.4335
vn 0.9009 0.0355 0.4325
vn 0.9007 0.0462 0.4320
vn -0.0546 -0.0266 0.9982
vn -0.0544 -0.0157 0.9984
vn 0.1353 -0.0069 0.9908
vn 0.1350 -0.0145 0.9907
vn -0.0538 -0.0086 0.9985
vn 0.1358 -0.0019 0.9907
vn 0.3213 0.0048 0.9470
vn 0.3209 0.0022 0.9471
vn 0.3207 -0.0018 0.9472
vn -0.7400 -0.0620 0.6697
vn -0.7407 -0.0428 0.6705
vn -0.6041 -0.0382 0.7960
vn -0.6038 -0.0563 0.7952
vn -0.7409 -0.0304 0.6709
vn -0.6040 -0.0264 0.7966
vn -0.4455 -0.0216 0.8950
vn -0.4460 -0.0322 0.8945
vn -0.4459 -0.0487 0.8937
vn -0.9990 0.0068 -0.0437
vn -0.9982 0.0380 -0.0463
vn -0.9890 0.0446 0.1411
vn -0.9896 0.0102 0.1434
vn -0.9967 0.0649 -0.0486
vn -0.9875 0.0745 0.1390
vn -0.9434 0.0813 0.3215
vn -0.9450 0.0497 0.3233
vn -0.9456 0.0132 0.3252
vn -0.6744 -0.0084 -0.7383
vn -0.6735 -0.0009 -0.7392
vn -0.8002 0.0094 -0.5997
vn -0.8014 -0.0049 -0.5981
vn -0.6730 0.0057 -0.7397
vn -0.7991 0.0217 -0.6008
vn -0.8969 0.0370 -0.4407
vn -0.8983 0.0193 -0.4389
vn -0.8996 -0.0012 -0.4367
vn 0.0506 -0.0188 -0.9985
vn 0.0482 -0.0393 -0.9981
vn -0.1400 -0.0315 -0.9897
vn -0.1383 -0.0172 -0.9902
vn 0.0460 -0.0570 -0.9973
vn -0.1415 -0.0438 -0.9890
vn -0.3241 -0.0291 -0.9456
vn -0.3235 -0.0225 -0.9460
vn -0.3225 -0.0150 -0.9464
vn 0.7405 -0.0180 -0.6718
vn 0.7391 -0.0545 -0.6713
vn 0.6006 -0.0537 -0.7977
vn 0.6025 -0.0193 -0.7979
vn 0.7371 -0.0862 -0.6703
vn 0.5984 -0.0836 -0.7968
vn 0.4385 -0.0781 -0.8954
vn 0.4408 -0.0511 -0.8962
vn 0.4432 -0.0199 -0.8962
vn 0.9990 -0.0068 0.0434
vn 0.9982 -0.0380 0.0462
vn 0.9890 -0.0446 -0.1413
vn 0.9896 -0.0102 -0.1436
vn 0.9967 -0.0650 0.0484
vn 0.9875 -0.0745 -0.1391
vn 0.9434 -0.0813 -0.3216
vn 0.9449 -0.0497 -0.3236
vn 0.9455 -0.0132 -0.3252
vn 0.6742 0.0084 0.7385
vn 0.6734 0.0009 0.7392
vn 0.8002 -0.0094 0.5997
vn 0.8013 0.0049 0.5982
vn 0.6729 -0.0057 0.7397
vn 0.7990 -0.0217 0.6009
vn 0.8969 -0.0370 0.4408
vn 0.8983 -0.0193 0.4389
vn 0.8996 0.0012 0.4367
vn -0.0507 0.0188 0.9985
vn -0.0482 0.0393 0.9981
vn 0.1400 0.0315 0.9897
vn 0.1382 0.0172 0.9903
vn -0.0462 0.0570 0.9973
vn 0.1415 0.0438 0.9890
vn 0.3242 0.0291 0.9455
vn 0.3234 0.0225 0.9460
vn 0.3225 0.0150 0.9464
vn -0.7406 0.0180 0.6717
vn -0.7391 0.0545 0.6714
vn -0.6005 0.0537 0.7978
vn -0.6025 0.0193 0.7979
vn -0.7370 0.0862 0.6704
vn -0.5983 0.0836 0.7969
vn -0.4384 0.0781 0.8954
vn -0.4406 0.0511 0.8963
vn -0.4430 0.0199 0.8963
vn -0.6951 0.1444 0.7043
vn -0.7439 0.1456 0.6522
vn -0.6444 0.5093 0.5704
vn -0.5995 0.5070 0.6193
vn -0.7418 0.1455 0.6546
vn -0.6425 0.5095 0.5724
vn -0.4459 0.7989 0.4037
vn -0.4474 0.7987 0.4025
vn -0.4131 0.7966 0.4413
vn -0.3557 0.1243 0.9263
vn -0.5345 0.1371 0.8340
vn -0.4506 0.5012 0.7388
vn -0.2851 0.4897 0.8240
vn -0.2981 0.7924 0.5322
vn -0.1713 0.7836 0.5971
vn -0.0517 0.0947 0.9942
vn -0.2063 0.1107 0.9722
vn -0.1469 0.4771 0.8665
vn -0.0038 0.4621 0.8868
vn -0.0650 0.7740 0.6298
vn 0.0449 0.7625 0.6455
vn 0.2573 0.0558 0.9647
vn 0.1041 0.0761 0.9917
vn 0.1404 0.4449 0.8845
vn 0.2822 0.4261 0.8595
vn 0.1558 0.7493 0.6436
vn 0.2648 0.7348 0.6244
vn 0.2593 0.0556 0.9642
vn 0.3056 0.0489 0.9509
vn 0.3011 0.4206 0.8558
vn 0.2366 0.4206 0.8759
vn 0.2851 0.7292 0.6220
vn 0.2291 0.7248 0.6498
vn -0.1802 0.9686 0.1713
vn -0.1616 0.9678 0.1932
vn -0.1795 0.9686 0.1718
vn 0.1163 0.9893 -0.0881
vn -0.0989 0.9652 0.2420
vn -0.0303 0.9604 0.2770
vn 0.0275 0.9552 0.2948
vn 0.0872 0.9489 0.3033
vn 0.1475 0.9418 0.3022
vn 0.2067 0.9338 0.2919
vn 0.1720 0.9349 0.3103
vn 0.0932 0.9309 0.3531
vn 0.0678 0.9955 -0.0669
vn -0.0116 0.9998 -0.0150
vn 0.3942 0.8561 -0.3343
vn 0.3746 0.8559 -0.3566
vn 0.3939 0.8562 -0.3343
vn 0.6092 0.5919 -0.5276
vn 0.6095 0.5917 -0.5277
vn 0.5719 0.5912 -0.5687
vn 0.3125 0.8592 -0.4050
vn 0.2448 0.8643 -0.4395
vn 0.4586 0.5976 -0.6577
vn 0.3347 0.6068 -0.7210
vn 0.1870 0.8694 -0.4573
vn 0.1272 0.8758 -0.4657
vn 0.2284 0.6163 -0.7537
vn 0.1185 0.6279 -0.7693
vn 0.0669 0.8829 -0.4648
vn 0.0077 0.8908 -0.4543
vn 0.0076 0.6410 -0.7675
vn -0.1013 0.6557 -0.7482
vn -0.1042 0.9062 -0.4097
vn -0.2059 0.9152 -0.3463
vn -0.2188 0.6731 -0.7064
vn -0.3265 0.6918 -0.6440
vn 0.7303 0.2399 -0.6396
vn 0.6803 0.2399 -0.6925
vn 0.7304 0.2402 -0.6394
vn 0.7417 -0.1454 -0.6548
vn 0.7414 -0.1454 -0.6551
vn 0.6870 -0.1442 -0.7122
vn 0.5337 0.2478 -0.8085
vn 0.3732 0.2595 -0.8907
vn 0.5289 -0.1367 -0.8376
vn 0.3557 -0.1242 -0.9263
vn 0.2349 0.2721 -0.9332
vn 0.0919 0.2869 -0.9536
vn 0.2062 -0.1108 -0.9722
vn 0.0517 -0.0946 -0.9942
vn -0.0523 0.3040 -0.9512
vn -0.1941 0.3230 -0.9263
vn -0.1041 -0.0761 -0.9916
vn -0.2573 -0.0557 -0.9647
vn -0.3599 0.3476 -0.8658
vn -0.4807 0.3672 -0.7963
vn -0.4027 -0.0342 -0.9147
vn -0.5239 -0.0143 -0.8517
vn 0.6423 -0.5092 -0.5729
vn 0.5925 -0.5070 -0.6260
vn 0.6424 -0.5093 -0.5727
vn 0.4458 -0.7989 -0.4038
vn 0.4461 -0.7987 -0.4039
vn 0.4089 -0.7967 -0.4451
vn 0.4458 -0.5009 -0.7419
vn 0.2852 -0.4896 -0.8240
vn 0.2953 -0.7923 -0.5339
vn 0.1713 -0.7837 -0.5971
vn 0.1468 -0.4771 -0.8665
vn 0.0038 -0.4621 -0.8868
vn 0.0650 -0.7740 -0.6298
vn -0.0449 -0.7625 -0.6454
vn -0.1404 -0.4449 -0.8845
vn -0.2822 -0.4260 -0.8596
vn -0.1558 -0.7493 -0.6436
vn -0.2648 -0.7348 -0.6244
vn -0.4479 -0.4011 -0.7991
vn -0.5684 -0.3798 -0.7298
vn -0.3822 -0.7173 -0.5826
vn -0.4900 -0.6995 -0.5202
vn 0.1798 -0.9686 -0.1718
vn 0.1602 -0.9678 -0.1942
vn 0.1795 -0.9686 -0.1718
vn -0.1163 -0.9893 0.0881
vn 0.0980 -0.9652 -0.2425
vn 0.0303 -0.9604 -0.2770
vn -0.0275 -0.9552 -0.2947
vn -0.0872 -0.9489 -0.3032
vn -0.1475 -0.9417 -0.3023
vn -0.2067 -0.9339 -0.2918
vn -0.3183 -0.9151 -0.2476
vn -0.4180 -0.8893 -0.1857
vn -0.1644 -0.9804 0.1090
vn -0.2416 -0.9572 0.1593
vn -0.3947 -0.8560 0.3339
vn -0.3759 -0.8557 0.3556
vn -0.3940 -0.8561 0.3344
vn -0.6093 -0.5920 0.5275
vn -0.6107 -0.5917 0.5263
vn -0.5762 -0.5908 0.5648
vn -0.3134 -0.8591 0.4046
vn -0.2448 -0.8642 0.4395
vn -0.4615 -0.5973 0.6559
vn -0.3347 -0.6068 0.7209
vn -0.1870 -0.8694 0.4573
vn -0.1272 -0.8757 0.4657
vn -0.2284 -0.6163 0.7537
vn -0.1185 -0.6279 0.7692
vn -0.0670 -0.8829 0.4647
vn -0.0077 -0.8908 0.4543
vn -0.0077 -0.6411 0.7675
vn 0.1014 -0.6556 0.7483
vn -0.0414 -0.8806 0.4720
vn -0.1163 -0.8512 0.5118
vn 0.1224 -0.6554 0.7453
vn 0.0694 -0.6334 0.7707
vn -0.7325 -0.2400 0.6371
vn -0.6872 -0.2395 0.6858
vn -0.7306 -0.2402 0.6392
vn -0.5385 -0.2474 0.8055
vn -0.3732 -0.2597 0.8906
vn -0.2349 -0.2720 0.9332
vn -0.0919 -0.2869 0.9535
vn 0.0523 -0.3040 0.9512
vn 0.1942 -0.3230 0.9263
vn 0.2138 -0.3227 0.9221
vn 0.1514 -0.3044 0.9404
vn -0.5289 0.6573 0.5368
vn -0.6085 0.5063 0.6110
vn -0.6208 0.5072 0.5977
vn -0.5399 0.6583 0.5246
vn -0.6668 0.3387 0.6639
vn -0.6800 0.3394 0.6499
vn -0.6883 0.3401 0.6407
vn -0.6285 0.5082 0.5888
vn -0.5466 0.6593 0.5163
vn -0.0317 0.9978 0.0574
vn -0.1669 0.9676 0.1894
vn -0.1716 0.9679 0.1834
vn -0.0343 0.9979 0.0543
vn -0.2953 0.9024 0.3138
vn -0.3021 0.9031 0.3053
vn -0.3063 0.9036 0.2995
vn -0.1744 0.9682 0.1793
vn -0.0356 0.9980 0.0520
vn 0.4886 0.7414 -0.4600
vn 0.3811 0.8551 -0.3516
vn 0.3860 0.8553 -0.3458
vn 0.4956 0.7418 -0.4518
vn 0.2592 0.9381 -0.2298
vn 0.2618 0.9381 -0.2267
vn 0.2632 0.9383 -0.2245
vn 0.3887 0.8556 -0.3417
vn 0.4997 0.7425 -0.4461
vn 0.7134 0.0551 -0.6986
vn 0.6963 0.2383 -0.6770
vn 0.7086 0.2386 -0.6641
vn 0.7265 0.0551 -0.6850
vn 0.6550 0.4142 -0.6320
vn 0.6660 0.4146 -0.6201
vn 0.6730 0.4154 -0.6120
vn 0.7164 0.2392 -0.6554
vn 0.7348 0.0554 -0.6760
vn 0.5292 -0.6573 -0.5366
vn 0.6089 -0.5063 -0.6107
vn 0.6209 -0.5072 -0.5977
vn 0.5400 -0.6582 -0.5245
vn 0.6672 -0.3386 -0.6635
vn 0.6801 -0.3394 -0.6499
vn 0.6884 -0.3400 -0.6407
vn 0.6285 -0.5081 -0.5889
vn 0.5467 -0.6592 -0.5164
vn 0.0318 -0.9978 -0.0575
vn 0.1669 -0.9676 -0.1893
vn 0.1717 -0.9679 -0.1834
vn 0.0342 -0.9979 -0.0543
vn 0.2953 -0.9025 -0.3135
vn 0.3023 -0.9030 -0.3054
vn 0.3062 -0.9036 -0.2995
vn 0.1744 -0.9682 -0.1793
vn 0.0357 -0.9980 -0.0521
vn -0.4885 -0.7414 0.4602
vn -0.3811 -0.8550 0.3517
vn -0.3859 -0.8553 0.3458
vn -0.4955 -0.7418 0.4518
vn -0.2593 -0.9380 0.2299
vn -0.2618 -0.9381 0.2267
vn -0.2634 -0.9382 0.2246
vn -0.3888 -0.8556 0.3418
vn -0.4997 -0.7425 0.4461
vn -0.7131 -0.0551 0.6989
vn -0.6960 -0.2383 0.6773
vn -0.7085 -0.2386 0.6642
vn -0.7264 -0.0550 0.6851
vn -0.6548 -0.4142 0.6322
vn -0.6660 -0.4147 0.6201
vn -0.6729 -0.4154 0.6120
vn -0.7164 -0.2393 0.6554
vn -0.7348 -0.0555 0.6760
vn -0.5722 0.6623 0.4837
vn -0.6576 0.5109 0.5536
vn -0.6787 0.5123 0.5263
vn -0.5908 0.6638 0.4586
vn -0.7198 0.3420 0.6041
vn -0.7425 0.3429 0.5754
vn -0.7614 0.3433 0.5499
vn -0.6962 0.5130 0.5021
vn -0.6064 0.6646 0.4365
vn -0.0412 0.9982 0.0434
vn -0.1850 0.9691 0.1632
vn -0.1929 0.9695 0.1512
vn -0.0453 0.9983 0.0370
vn -0.3219 0.9053 0.2770
vn -0.3335 0.9062 0.2599
vn -0.3434 0.9067 0.2450
vn -0.1997 0.9697 0.1408
vn -0.0489 0.9983 0.0315
vn 0.5158 0.7445 -0.4239
vn 0.3996 0.8568 -0.3259
vn 0.4077 0.8575 -0.3139
vn 0.5277 0.7456 -0.4070
vn 0.2688 0.9387 -0.2159
vn 0.2731 0.9389 -0.2096
vn 0.2767 0.9390 -0.2041
vn 0.4146 0.8579 -0.3036
vn 0.5377 0.7463 -0.3923
vn 0.7667 0.0564 -0.6396
vn 0.7461 0.2412 -0.6207
vn 0.7674 0.2425 -0.5936
vn 0.7895 0.0570 -0.6110
vn 0.6992 0.4180 -0.5800
vn 0.7182 0.4196 -0.5551
vn 0.7341 0.4206 -0.5332
vn 0.7852 0.2432 -0.5695
vn 0.8085 0.0574 -0.5856
vn 0.5723 -0.6622 -0.4838
vn 0.6577 -0.5108 -0.5537
vn 0.6787 -0.5122 -0.5263
vn 0.5909 -0.6637 -0.4586
vn 0.7199 -0.3419 -0.6041
vn 0.7426 -0.3428 -0.5754
vn 0.7614 -0.3432 -0.5500
vn 0.6963 -0.5129 -0.5021
vn 0.6066 -0.6645 -0.4365
vn 0.0413 -0.9982 -0.0435
vn 0.1850 -0.9691 -0.1632
vn 0.1930 -0.9695 -0.1512
vn 0.0454 -0.9983 -0.0370
vn 0.3219 -0.9054 -0.2769
vn 0.3336 -0.9062 -0.2599
vn 0.3434 -0.9067 -0.2450
vn 0.1997 -0.9697 -0.1407
vn 0.0489 -0.9983 -0.0315
vn -0.5158 -0.7445 0.4238
vn -0.3997 -0.8568 0.3259
vn -0.4077 -0.8575 0.3139
vn -0.5277 -0.7456 0.4070
vn -0.2690 -0.9386 0.2161
vn -0.2730 -0.9389 0.2095
vn -0.2766 -0.9391 0.2040
vn -0.4146 -0.8579 0.3036
vn -0.5377 -0.7464 0.3922
vn -0.7667 -0.0564 0.6395
vn -0.7460 -0.2413 0.6206
vn -0.7674 -0.2426 0.5935
vn -0.7895 -0.0571 0.6110
vn -0.6992 -0.4181 0.5799
vn -0.7182 -0.4196 0.5551
vn -0.7341 -0.4206 0.5332
vn -0.7852 -0.2433 0.5695
vn -0.8085 -0.0576 0.5856
vn -0.9306 0.1395 0.3383
vn -0.8182 0.5023 0.2796
vn -0.7923 0.5062 0.3407
vn -0.9035 0.1422 0.4043
vn -0.5825 0.7931 0.1782
vn -0.5613 0.7964 0.2253
vn -0.5618 0.7965 0.2235
vn -0.7933 0.5064 0.3380
vn -0.9048 0.1421 0.4014
vn -0.9919 0.1111 -0.0621
vn -0.8740 0.4774 -0.0909
vn -0.8651 0.4925 0.0947
vn -0.9821 0.1278 0.1386
vn -0.6240 0.7742 -0.1061
vn -0.6175 0.7858 0.0360
vn -0.9274 0.0764 -0.3663
vn -0.8142 0.4453 -0.3724
vn -0.8552 0.4624 -0.2341
vn -0.9716 0.0949 -0.2169
vn -0.5781 0.7496 -0.3225
vn -0.6096 0.7627 -0.2162
vn -0.7721 0.0341 -0.6346
vn -0.6705 0.4063 -0.6207
vn -0.7522 0.4265 -0.5023
vn -0.8603 0.0560 -0.5067
vn -0.4676 0.7195 -0.5135
vn -0.5304 0.7350 -0.4224
vn -0.7708 0.0339 -0.6361
vn -0.7042 0.4010 -0.5859
vn -0.6593 0.4006 -0.6363
vn -0.7394 0.0269 -0.6727
vn -0.5053 0.7095 -0.4912
vn -0.4569 0.7138 -0.5308
vn -0.2545 0.9659 0.0487
vn -0.2424 0.9673 0.0747
vn -0.2425 0.9673 0.0738
vn -0.2763 0.9553 -0.1053
vn -0.2730 0.9616 -0.0285
vn 0.1162 0.9893 -0.0881
vn -0.2514 0.9419 -0.2229
vn -0.2686 0.9490 -0.1651
vn -0.1914 0.9255 -0.3267
vn -0.2255 0.9340 -0.2772
vn -0.2941 0.9229 -0.2486
vn -0.2226 0.9267 -0.3027
vn -0.0033 1.0000 -0.0022
vn 0.0768 0.9956 -0.0530
vn 0.4693 0.8578 -0.2095
vn 0.4571 0.8574 -0.2366
vn 0.7472 0.5949 -0.2963
vn 0.7255 0.5941 -0.3474
vn 0.7254 0.5944 -0.3473
vn 0.4570 0.8575 -0.2363
vn 0.4908 0.8694 -0.0572
vn 0.4875 0.8629 -0.1330
vn 0.7873 0.6163 -0.0177
vn 0.7812 0.6043 -0.1564
vn 0.4658 0.8828 0.0604
vn 0.4830 0.8756 0.0026
vn 0.7415 0.6409 0.1987
vn 0.7730 0.6277 0.0924
vn 0.4057 0.8991 0.1641
vn 0.4399 0.8907 0.1147
vn 0.6310 0.6709 0.3896
vn 0.6938 0.6554 0.2986
vn 0.2188 0.9241 0.3134
vn 0.3187 0.9150 0.2473
vn 0.4425 0.7078 0.5506
vn 0.5441 0.6889 0.4789
vn 0.9091 0.2448 -0.3370
vn 0.8817 0.2431 -0.4044
vn 0.9345 -0.1390 -0.3277
vn 0.9051 -0.1421 -0.4008
vn 0.9049 -0.1421 -0.4011
vn 0.8816 0.2432 -0.4046
vn 0.9620 0.2719 0.0242
vn 0.9539 0.2565 -0.1557
vn 0.9919 -0.1111 0.0622
vn 0.9830 -0.1273 -0.1320
vn 0.9024 0.3038 0.3057
vn 0.9432 0.2868 0.1674
vn 0.9274 -0.0763 0.3663
vn 0.9716 -0.0949 0.2169
vn 0.7586 0.3430 0.5540
vn 0.8403 0.3227 0.4356
vn 0.7720 -0.0343 0.6347
vn 0.8603 -0.0560 0.5067
vn 0.5212 0.3880 0.7601
vn 0.6346 0.3684 0.6794
vn 0.5583 0.0081 0.8296
vn 0.6660 -0.0119 0.7458
vn 0.8213 -0.5022 -0.2705
vn 0.7936 -0.5061 -0.3377
vn 0.5841 -0.7931 -0.1727
vn 0.5621 -0.7963 -0.2236
vn 0.5619 -0.7965 -0.2234
vn 0.7935 -0.5062 -0.3379
vn 0.8740 -0.4774 0.0909
vn 0.8659 -0.4922 -0.0890
vn 0.6239 -0.7742 0.1061
vn 0.6179 -0.7856 -0.0326
vn 0.8143 -0.4452 0.3724
vn 0.8552 -0.4624 0.2341
vn 0.5780 -0.7496 0.3225
vn 0.6095 -0.7627 0.2162
vn 0.6705 -0.4062 0.6208
vn 0.7522 -0.4265 0.5024
vn 0.4676 -0.7195 0.5135
vn 0.5304 -0.7350 0.4224
vn 0.4334 -0.3589 0.8267
vn 0.5466 -0.3802 0.7461
vn 0.2790 -0.6834 0.6746
vn 0.3807 -0.7013 0.6028
vn 0.2549 -0.9658 -0.0471
vn 0.2426 -0.9673 -0.0742
vn -0.1162 -0.9893 0.0881
vn 0.2425 -0.9673 -0.0738
vn 0.2764 -0.9553 0.1053
vn 0.2731 -0.9615 0.0295
vn 0.2514 -0.9419 0.2229
vn 0.2685 -0.9490 0.1651
vn 0.1913 -0.9256 0.3266
vn 0.2255 -0.9340 0.2772
vn 0.0068 -0.8804 0.4742
vn 0.1047 -0.9063 0.4095
vn -0.2333 -0.9571 0.1721
vn -0.1553 -0.9802 0.1231
vn -0.4689 -0.8577 0.2111
vn -0.4569 -0.8573 0.2372
vn -0.7455 -0.5943 0.3017
vn -0.7247 -0.5940 0.3492
vn -0.7253 -0.5944 0.3474
vn -0.4570 -0.8575 0.2364
vn -0.4908 -0.8694 0.0572
vn -0.4874 -0.8628 0.1340
vn -0.7874 -0.6163 0.0177
vn -0.7808 -0.6039 0.1598
vn -0.4658 -0.8828 -0.0604
vn -0.4829 -0.8757 -0.0026
vn -0.7415 -0.6409 -0.1987
vn -0.7730 -0.6277 -0.0924
vn -0.4058 -0.8991 -0.1641
vn -0.4399 -0.8907 -0.1147
vn -0.6310 -0.6708 -0.3896
vn -0.6938 -0.6553 -0.2986
vn -0.5036 -0.8593 -0.0899
vn -0.4359 -0.8889 -0.1410
vn -0.6650 -0.6486 -0.3702
vn -0.6196 -0.6708 -0.4075
vn -0.9059 -0.2440 0.3461
vn -0.8803 -0.2431 0.4074
vn -0.8814 -0.2433 0.4048
vn -0.9620 -0.2719 -0.0241
vn -0.9531 -0.2560 0.1614
vn -0.9023 -0.3040 -0.3057
vn -0.9433 -0.2868 -0.1674
vn -0.7586 -0.3430 -0.5540
vn -0.8403 -0.3228 -0.4356
vn -0.7894 -0.3241 -0.5213
vn -0.7466 -0.3427 -0.5701
vn -0.7156 0.6535 0.2467
vn -0.7091 0.6548 0.2617
vn -0.8073 0.5034 0.3079
vn -0.8143 0.5021 0.2912
vn -0.7044 0.6560 0.2712
vn -0.8025 0.5045 0.3186
vn -0.8724 0.3361 0.3548
vn -0.8773 0.3353 0.3433
vn -0.8845 0.3342 0.3256
vn -0.0776 0.9969 -0.0138
vn -0.0758 0.9971 -0.0102
vn -0.2498 0.9663 0.0619
vn -0.2532 0.9658 0.0551
vn -0.0743 0.9972 -0.0080
vn -0.2472 0.9667 0.0661
vn -0.4104 0.9015 0.1375
vn -0.4140 0.9007 0.1314
vn -0.4188 0.8999 0.1217
vn 0.6119 0.7440 -0.2683
vn 0.6075 0.7441 -0.2781
vn 0.4641 0.8569 -0.2243
vn 0.4674 0.8569 -0.2175
vn 0.6040 0.7446 -0.2842
vn 0.4616 0.8571 -0.2286
vn 0.3019 0.9391 -0.1644
vn 0.3033 0.9390 -0.1622
vn 0.3051 0.9390 -0.1586
vn 0.9306 0.0595 -0.3611
vn 0.9237 0.0592 -0.3786
vn 0.8950 0.2424 -0.3745
vn 0.9017 0.2425 -0.3580
vn 0.9189 0.0591 -0.3900
vn 0.8903 0.2427 -0.3852
vn 0.8307 0.4187 -0.3670
vn 0.8352 0.4181 -0.3573
vn 0.8415 0.4180 -0.3424
vn 0.7155 -0.6535 -0.2470
vn 0.7091 -0.6547 -0.2618
vn 0.8073 -0.5033 -0.3081
vn 0.8142 -0.5020 -0.2917
vn 0.7045 -0.6559 -0.2713
vn 0.8025 -0.5044 -0.3186
vn 0.8725 -0.3361 -0.3548
vn 0.8773 -0.3352 -0.3435
vn 0.8844 -0.3341 -0.3261
vn 0.0776 -0.9969 0.0138
vn 0.0758 -0.9971 0.0102
vn 0.2498 -0.9663 -0.0619
vn 0.2532 -0.9658 -0.0552
vn 0.0745 -0.9972 0.0080
vn 0.2473 -0.9667 -0.0661
vn 0.4105 -0.9014 -0.1376
vn 0.4140 -0.9007 -0.1315
vn 0.4187 -0.8999 -0.1218
vn -0.6120 -0.7440 0.2681
vn -0.6074 -0.7441 0.2780
vn -0.4641 -0.8569 0.2243
vn -0.4675 -0.8568 0.2175
vn -0.6040 -0.7446 0.2842
vn -0.4617 -0.8571 0.2286
vn -0.3020 -0.9390 0.1645
vn -0.3033 -0.9390 0.1622
vn -0.3052 -0.9390 0.1586
vn -0.9308 -0.0596 0.3606
vn -0.9237 -0.0594 0.3785
vn -0.8950 -0.2426 0.3744
vn -0.9018 -0.2426 0.3575
vn -0.9189 -0.0592 0.3900
vn -0.8903 -0.2428 0.3852
vn -0.8307 -0.4187 0.3670
vn -0.8351 -0.4182 0.3573
vn -0.8415 -0.4181 0.3421
vn -0.6853 0.6599 0.3080
vn -0.6703 0.6621 0.3353
vn -0.7664 0.5104 0.3900
vn -0.7825 0.5083 0.3596
vn -0.6565 0.6636 0.3586
vn -0.7516 0.5119 0.4160
vn -0.8201 0.3421 0.4588
vn -0.8354 0.3410 0.4310
vn -0.8521 0.3391 0.3986
vn -0.0688 0.9976 0.0006
vn -0.0647 0.9979 0.0070
vn -0.2294 0.9687 0.0946
vn -0.2370 0.9680 0.0824
vn -0.0611 0.9981 0.0126
vn -0.2227 0.9692 0.1051
vn -0.3763 0.9060 0.1939
vn -0.3858 0.9051 0.1788
vn -0.3964 0.9038 0.1611
vn 0.5904 0.7459 -0.3081
vn 0.5799 0.7467 -0.3259
vn 0.4441 0.8582 -0.2573
vn 0.4517 0.8579 -0.2451
vn 0.5706 0.7470 -0.3411
vn 0.4376 0.8583 -0.2679
vn 0.2889 0.9393 -0.1852
vn 0.2924 0.9393 -0.1796
vn 0.2964 0.9392 -0.1731
vn 0.8990 0.0590 -0.4340
vn 0.8825 0.0590 -0.4667
vn 0.8551 0.2443 -0.4573
vn 0.8710 0.2438 -0.4266
vn 0.8672 0.0587 -0.4945
vn 0.8406 0.2444 -0.4834
vn 0.7842 0.4216 -0.4553
vn 0.7976 0.4212 -0.4318
vn 0.8123 0.4204 -0.4042
vn 0.6854 -0.6598 -0.3080
vn 0.6703 -0.6620 -0.3353
vn 0.7664 -0.5103 -0.3901
vn 0.7826 -0.5082 -0.3596
vn 0.6567 -0.6634 -0.3587
vn 0.7517 -0.5117 -0.4161
vn 0.8201 -0.3420 -0.4588
vn 0.8355 -0.3408 -0.4311
vn 0.8521 -0.3391 -0.3986
vn 0.0690 -0.9976 -0.0007
vn 0.0647 -0.9979 -0.0070
vn 0.2294 -0.9687 -0.0946
vn 0.2371 -0.9680 -0.0824
vn 0.0611 -0.9981 -0.0126
vn 0.2227 -0.9692 -0.1051
vn 0.3763 -0.9060 -0.1939
vn 0.3858 -0.9051 -0.1788
vn 0.3964 -0.9038 -0.1611
vn -0.5904 -0.7460 0.3081
vn -0.5799 -0.7467 0.3259
vn -0.4441 -0.8582 0.2573
vn -0.4517 -0.8578 0.2451
vn -0.5706 -0.7470 0.3411
vn -0.4375 -0.8584 0.2679
vn -0.2888 -0.9393 0.1851
vn -0.2923 -0.9393 0.1795
vn -0.2966 -0.9392 0.1732
vn -0.8989 -0.0591 0.4341
vn -0.8825 -0.0591 0.4667
vn -0.8551 -0.2444 0.4573
vn -0.8709 -0.2438 0.4266
vn -0.8672 -0.0588 0.4945
vn -0.8405 -0.2445 0.4834
vn -0.7842 -0.4216 0.4553
vn -0.7975 -0.4214 0.4317
vn -0.8123 -0.4204 0.4042
vn -0.6629 -0.5495 -0.5086
vn -0.6911 -0.4207 -0.5877
vn -0.8105 -0.3699 -0.4541
vn -0.7839 -0.4915 -0.3794
vn -0.7064 -0.2809 -0.6497
vn -0.8250 -0.2378 -0.5126
vn -0.9152 -0.1863 -0.3573
vn -0.9021 -0.3060 -0.3042
vn -0.8779 -0.4163 -0.2365
vn -0.5707 -0.7615 -0.3073
vn -0.6224 -0.6640 -0.4144
vn -0.7456 -0.5998 -0.2904
vn -0.6968 -0.6918 -0.1892
vn -0.8433 -0.5144 -0.1558
vn -0.7990 -0.5978 -0.0641
vn -0.4391 -0.8960 -0.0654
vn -0.5091 -0.8395 -0.1900
vn -0.6387 -0.7655 -0.0784
vn -0.5725 -0.8190 0.0393
vn -0.7463 -0.6646 0.0363
vn -0.6863 -0.7131 0.1430
vn -0.2808 -0.9401 0.1934
vn -0.3624 -0.9299 0.0634
vn -0.5000 -0.8509 0.1610
vn -0.4230 -0.8606 0.2838
vn -0.6206 -0.7421 0.2533
vn -0.5508 -0.7508 0.3646
vn -0.1114 -0.8892 0.4437
vn -0.1965 -0.9264 0.3212
vn -0.3433 -0.8477 0.4045
vn -0.2629 -0.8125 0.5203
vn -0.4786 -0.7391 0.4740
vn -0.4057 -0.7072 0.5790
vn 0.0526 -0.7485 0.6611
vn -0.0277 -0.8294 0.5579
vn -0.1838 -0.7560 0.6282
vn -0.1080 -0.6795 0.7256
vn -0.3340 -0.6560 0.6768
vn -0.2653 -0.5867 0.7651
vn 0.1952 -0.5316 0.8242
vn 0.1274 -0.6484 0.7506
vn -0.0373 -0.5850 0.8102
vn 0.0266 -0.4747 0.8798
vn -0.2012 -0.5010 0.8417
vn -0.1435 -0.4009 0.9048
vn 0.3023 -0.2599 0.9171
vn 0.2539 -0.4010 0.8802
vn 0.0821 -0.3513 0.9327
vn 0.1278 -0.2180 0.9676
vn -0.0931 -0.2892 0.9527
vn -0.0517 -0.1683 0.9844
vn 0.3632 0.0402 0.9308
vn 0.3389 -0.1115 0.9342
vn 0.1625 -0.0779 0.9836
vn 0.1855 0.0655 0.9805
vn -0.0200 -0.0413 0.9989
vn 0.0007 0.0886 0.9961
vn 0.3724 0.3392 0.8639
vn 0.3745 0.1917 0.9072
vn 0.1962 0.2086 0.9581
vn 0.1943 0.3480 0.9172
vn 0.0105 0.2183 0.9758
vn 0.0088 0.3446 0.9387
vn 0.3290 0.6078 0.7227
vn 0.3573 0.4790 0.8018
vn 0.1798 0.4801 0.8586
vn 0.1531 0.6017 0.7839
vn -0.0045 0.4644 0.8856
vn -0.0287 0.5746 0.8179
vn 0.2369 0.8198 0.5214
vn 0.2885 0.7223 0.6285
vn 0.1149 0.7099 0.6949
vn 0.0661 0.8020 0.5937
vn -0.0633 0.6727 0.7372
vn -0.1076 0.7561 0.6455
vn 0.1053 0.9544 0.2795
vn 0.1753 0.8978 0.4041
vn 0.0079 0.8757 0.4829
vn -0.0582 0.9291 0.3652
vn -0.1603 0.8229 0.5451
vn -0.2203 0.8714 0.4384
vn -0.0530 0.9984 0.0207
vn 0.0285 0.9882 0.1507
vn -0.1307 0.9611 0.2434
vn -0.2077 0.9707 0.1207
vn -0.2859 0.9004 0.3280
vn -0.3557 0.9091 0.2168
vn -0.2224 0.9475 -0.2296
vn -0.1373 0.9847 -0.1071
vn -0.2874 0.9578 -0.0001
vn -0.3678 0.9227 -0.1158
vn -0.4280 0.8974 0.1073
vn -0.5008 0.8655 0.0024
vn -0.3865 0.8068 -0.4469
vn -0.3061 0.8877 -0.3439
vn -0.4469 0.8662 -0.2237
vn -0.5228 0.7897 -0.3211
vn -0.5725 0.8143 -0.0954
vn -0.6412 0.7450 -0.1837
vn -0.5289 0.5899 -0.6102
vn -0.4613 0.7067 -0.5364
vn -0.5935 0.6951 -0.4057
vn -0.6573 0.5848 -0.4753
vn -0.7053 0.6593 -0.2604
vn -0.7633 0.5593 -0.3234
vn -0.6358 0.3181 -0.7032
vn -0.5876 0.4593 -0.6661
vn -0.7128 0.4615 -0.5282
vn -0.7585 0.3281 -0.5631
vn -0.8135 0.4475 -0.3714
vn -0.8550 0.3266 -0.4029
vn -0.6972 0.0181 -0.7166
vn -0.6727 0.1698 -0.7201
vn -0.7932 0.1880 -0.5791
vn -0.8163 0.0447 -0.5759
vn -0.8865 0.1997 -0.4175
vn -0.9073 0.0697 -0.4147
vn -0.7084 -0.1334 -0.6931
vn -0.8269 -0.0985 -0.5537
vn -0.9169 -0.0600 -0.3945
vn -0.9738 -0.2060 0.0967
vn -0.9897 -0.1332 0.0520
vn -0.9749 -0.0434 0.2183
vn -0.9638 -0.0943 0.2495
vn -0.9984 -0.0541 0.0169
vn -0.9810 0.0118 0.1938
vn -0.9281 0.0775 0.3643
vn -0.9249 0.0481 0.3772
vn -0.9190 0.0211 0.3937
vn -0.9217 -0.3257 0.2106
vn -0.9509 -0.2707 0.1500
vn -0.9478 -0.1395 0.2867
vn -0.9274 -0.1779 0.3290
vn -0.9105 -0.0028 0.4135
vn -0.8997 -0.0233 0.4359
vn -0.8473 -0.4018 0.3473
vn -0.8869 -0.3698 0.2768
vn -0.9031 -0.2087 0.3753
vn -0.8755 -0.2311 0.4245
vn -0.8868 -0.0396 0.4605
vn -0.8721 -0.0515 0.4866
vn -0.7579 -0.4267 0.4935
vn -0.8039 -0.4210 0.4201
vn -0.8452 -0.2444 0.4753
vn -0.8130 -0.2484 0.5266
vn -0.8560 -0.0585 0.5136
vn -0.8390 -0.0606 0.5408
vn -0.6622 -0.3979 0.6350
vn -0.7102 -0.4190 0.5657
vn -0.7797 -0.2431 0.5770
vn -0.7461 -0.2284 0.6254
vn -0.8213 -0.0578 0.5676
vn -0.8035 -0.0501 0.5932
vn -0.5694 -0.3185 0.7579
vn -0.6148 -0.3642 0.6996
vn -0.7131 -0.2048 0.6705
vn -0.6814 -0.1728 0.7112
vn -0.7860 -0.0374 0.6171
vn -0.7692 -0.0204 0.6387
vn -0.4888 -0.1959 0.8501
vn -0.5271 -0.2618 0.8085
vn -0.6518 -0.1333 0.7466
vn -0.6251 -0.0873 0.7757
vn -0.7534 0.0004 0.6575
vn -0.7393 0.0249 0.6729
vn -0.4283 -0.0422 0.9026
vn -0.4557 -0.1220 0.8817
vn -0.6020 -0.0357 0.7977
vn -0.5829 0.0201 0.8123
vn -0.7270 0.0523 0.6847
vn -0.7169 0.0818 0.6924
vn -0.3938 0.1274 0.9103
vn -0.4076 0.0416 0.9122
vn -0.5684 0.0786 0.8190
vn -0.5588 0.1385 0.8177
vn -0.7092 0.1129 0.6959
vn -0.7041 0.1447 0.6952
vn -0.3888 0.2963 0.8724
vn -0.3874 0.2130 0.8970
vn -0.5543 0.1983 0.8084
vn -0.5552 0.2565 0.7912
vn -0.7017 0.1764 0.6903
vn -0.7021 0.2073 0.6812
vn -0.4132 0.4481 0.7927
vn -0.3973 0.3754 0.8374
vn -0.5611 0.3117 0.7668
vn -0.5723 0.3625 0.7355
vn -0.7053 0.2366 0.6683
vn -0.7113 0.2635 0.6516
vn -0.4652 0.5680 0.6789
vn -0.4360 0.5129 0.7395
vn -0.5882 0.4078 0.6984
vn -0.6086 0.4462 0.6561
vn -0.7197 0.2876 0.6320
vn -0.7305 0.3080 0.6095
vn -0.5397 0.6440 0.5422
vn -0.5000 0.6121 0.6126
vn -0.6329 0.4771 0.6098
vn -0.6606 0.4993 0.5606
vn -0.7434 0.3244 0.5850
vn -0.7581 0.3361 0.5588
vn -0.6292 0.6689 0.3960
vn -0.5830 0.6632 0.4694
vn -0.6909 0.5127 0.5097
vn -0.7231 0.5167 0.4585
vn -0.7741 0.3433 0.5318
vn -0.7912 0.3454 0.5046
vn -0.7248 0.6402 0.2544
vn -0.6768 0.6612 0.3237
vn -0.7564 0.5113 0.4080
vn -0.7899 0.4967 0.3596
vn -0.8089 0.3425 0.4779
vn -0.8267 0.3348 0.4522
vn -0.8176 0.5606 0.1316
vn -0.7722 0.6064 0.1899
vn -0.8230 0.4730 0.3145
vn -0.8547 0.4411 0.2739
vn -0.8443 0.3222 0.4282
vn -0.8611 0.3052 0.4067
vn -0.8981 0.4381 0.0394
vn -0.8598 0.5041 0.0809
vn -0.8842 0.4016 0.2385
vn -0.9109 0.3555 0.2095
vn -0.8768 0.2842 0.3880
vn -0.8909 0.2597 0.3726
vn -0.9586 0.2845 -0.0132
vn -0.9313 0.3643 0.0077
vn -0.9341 0.3039 0.1873
vn -0.9532 0.2482 0.1728
vn -0.9032 0.2325 0.3608
vn -0.9133 0.2029 0.3530
vn -0.9932 0.1149 -0.0209
vn -0.9794 0.2006 -0.0228
vn -0.9677 0.1897 0.1660
vn -0.9773 0.1298 0.1673
vn -0.9210 0.1718 0.3495
vn -0.9262 0.1400 0.3501
vn -0.9995 0.0292 -0.0075
vn -0.9818 0.0700 0.1767
vn -0.9285 0.1083 0.3551
vn -0.7112 0.2636 0.6517
vn -0.7054 0.2365 0.6682
vn -0.5722 0.3626 0.7356
vn -0.7022 0.2073 0.6812
vn -0.5551 0.2565 0.7912
vn -0.3886 0.2963 0.8725
vn -0.3972 0.3754 0.8375
vn -0.4131 0.4482 0.7927
vn -0.7305 0.3081 0.6095
vn -0.7198 0.2875 0.6319
vn -0.4653 0.5679 0.6789
vn -0.7581 0.3362 0.5588
vn -0.7434 0.3243 0.5849
vn -0.6330 0.4770 0.6098
vn -0.5001 0.6120 0.6126
vn -0.7742 0.3433 0.5318
vn -0.6291 0.6690 0.3959
vn -0.7563 0.5114 0.4080
vn -0.6767 0.6613 0.3237
vn -0.7249 0.6402 0.2545
vn -0.8230 0.4731 0.3145
vn -0.8175 0.5606 0.1316
vn -0.8909 0.2598 0.3725
vn -0.8768 0.2843 0.3879
vn -0.8599 0.5041 0.0810
vn -0.9032 0.2324 0.3608
vn -0.9586 0.2845 -0.0131
vn -0.9261 0.1400 0.3502
vn -0.9773 0.1298 0.1674
vn -0.9281 0.0774 0.3643
vn -0.9984 -0.0541 0.0170
vn -0.9190 0.0212 0.3938
vn -0.9738 -0.2059 0.0967
vn -0.8997 -0.0232 0.4359
vn -0.9274 -0.1780 0.3290
vn -0.9217 -0.3258 0.2105
vn -0.9031 -0.2088 0.3753
vn -0.8452 -0.2445 0.4753
vn -0.8130 -0.2485 0.5266
vn -0.8040 -0.4210 0.4201
vn -0.7797 -0.2431 0.5771
vn -0.6621 -0.3980 0.6350
vn -0.7692 -0.0205 0.6387
vn -0.7859 -0.0375 0.6172
vn -0.7131 -0.2047 0.6705
vn -0.6149 -0.3641 0.6996
vn -0.5695 -0.3184 0.7579
vn -0.7535 0.0004 0.6575
vn -0.6518 -0.1333 0.7465
vn -0.6252 -0.0872 0.7756
vn -0.5271 -0.2618 0.8084
vn -0.4889 -0.1958 0.8501
vn -0.7168 0.0818 0.6924
vn -0.7270 0.0523 0.6846
vn -0.5828 0.0200 0.8123
vn -0.4283 -0.0423 0.9026
vn -0.7041 0.1447 0.6953
vn -0.5587 0.1385 0.8177
vn -0.4075 0.0416 0.9123
vn -0.3937 0.1274 0.9104
vn 0.0086 0.3446 0.9387
vn 0.1942 0.3479 0.9172
vn 0.3725 0.3392 0.8638
vn 0.3572 0.4790 0.8019
vn 0.3289 0.6078 0.7228
vn -0.1075 0.7562 0.6455
vn -0.0632 0.6727 0.7372
vn 0.1150 0.7099 0.6948
vn 0.2886 0.7223 0.6285
vn 0.2368 0.8198 0.5214
vn -0.1602 0.8230 0.5450
vn -0.0583 0.9291 0.3652
vn 0.1052 0.9544 0.2795
vn -0.3558 0.9091 0.2168
vn -0.2078 0.9707 0.1207
vn 0.0285 0.9882 0.1506
vn -0.5008 0.8655 0.0025
vn -0.2874 0.9578 -0.0000
vn -0.5227 0.7897 -0.3212
vn -0.3062 0.8877 -0.3438
vn -0.3865 0.8068 -0.4470
vn -0.7632 0.5593 -0.3234
vn -0.5934 0.6951 -0.4057
vn -0.6574 0.5848 -0.4753
vn -0.4613 0.7067 -0.5365
vn -0.5289 0.5899 -0.6101
vn -0.8549 0.3266 -0.4031
vn -0.8135 0.4475 -0.3713
vn -0.5876 0.4593 -0.6662
vn -0.6361 0.3182 -0.7030
vn -0.8864 0.1996 -0.4176
vn -0.7932 0.1880 -0.5792
vn -0.8163 0.0446 -0.5760
vn -0.6728 0.1699 -0.7201
vn -0.6972 0.0181 -0.7167
vn -0.9170 -0.0600 -0.3945
vn -0.8269 -0.0985 -0.5536
vn -0.8250 -0.2378 -0.5127
vn -0.8780 -0.4163 -0.2365
vn -0.9021 -0.3061 -0.3043
vn -0.6910 -0.4207 -0.5878
vn -0.7991 -0.5978 -0.0641
vn -0.6864 -0.7131 0.1430
vn -0.6386 -0.7655 -0.0784
vn -0.4391 -0.8961 -0.0654
vn -0.5509 -0.7507 0.3646
vn -0.6206 -0.7420 0.2534
vn -0.3623 -0.9299 0.0634
vn -0.2808 -0.9401 0.1933
vn -0.4058 -0.7072 0.5790
vn -0.3340 -0.6561 0.6768
vn -0.1433 -0.4010 0.9048
vn -0.0372 -0.5850 0.8102
vn 0.1275 -0.6484 0.7505
vn 0.1951 -0.5316 0.8242
vn -0.0516 -0.1683 0.9844
vn -0.0929 -0.2892 0.9527
vn 0.0821 -0.3513 0.9326
vn 0.1277 -0.2179 0.9676
vn 0.2538 -0.4010 0.8802
vn 0.3021 -0.2598 0.9172
vn 0.0006 0.0886 0.9961
vn 0.1854 0.0655 0.9805
vn 0.3632 0.0402 0.9309
vn 0.6629 0.5495 0.5086
vn 0.6911 0.4207 0.5877
vn 0.8105 0.3699 0.4541
vn 0.7839 0.4916 0.3794
vn 0.7064 0.2809 0.6497
vn 0.8250 0.2378 0.5127
vn 0.9152 0.1863 0.3573
vn 0.9021 0.3060 0.3042
vn 0.8779 0.4163 0.2365
vn 0.5707 0.7615 0.3073
vn 0.6223 0.6640 0.4144
vn 0.7456 0.5998 0.2904
vn 0.6968 0.6918 0.1892
vn 0.8433 0.5144 0.1559
vn 0.7990 0.5978 0.0641
vn 0.4391 0.8961 0.0654
vn 0.5091 0.8395 0.1900
vn 0.6386 0.7655 0.0784
vn 0.5725 0.8190 -0.0393
vn 0.7463 0.6646 -0.0363
vn 0.6864 0.7130 -0.1430
vn 0.2808 0.9401 -0.1934
vn 0.3624 0.9299 -0.0634
vn 0.5000 0.8509 -0.1610
vn 0.4230 0.8606 -0.2838
vn 0.6206 0.7421 -0.2533
vn 0.5508 0.7508 -0.3646
vn 0.1114 0.8892 -0.4437
vn 0.1964 0.9264 -0.3211
vn 0.3433 0.8477 -0.4045
vn 0.2630 0.8125 -0.5203
vn 0.4786 0.7391 -0.4740
vn 0.4058 0.7072 -0.5790
vn -0.0525 0.7485 -0.6611
vn 0.0277 0.8294 -0.5579
vn 0.1839 0.7560 -0.6282
vn 0.1080 0.6795 -0.7256
vn 0.3341 0.6560 -0.6768
vn 0.2654 0.5867 -0.7651
vn -0.1950 0.5316 -0.8243
vn -0.1274 0.6484 -0.7506
vn 0.0373 0.5850 -0.8102
vn -0.0266 0.4747 -0.8798
vn 0.2012 0.5010 -0.8417
vn 0.1433 0.4010 -0.9048
vn -0.3019 0.2598 -0.9172
vn -0.2538 0.4010 -0.8802
vn -0.0821 0.3513 -0.9327
vn -0.1277 0.2179 -0.9676
vn 0.0930 0.2892 -0.9527
vn 0.0515 0.1683 -0.9844
vn -0.3632 -0.0402 -0.9308
vn -0.3390 0.1116 -0.9342
vn -0.1625 0.0779 -0.9836
vn -0.1855 -0.0655 -0.9805
vn 0.0201 0.0413 -0.9989
vn -0.0008 -0.0886 -0.9961
vn -0.3726 -0.3392 -0.8638
vn -0.3746 -0.1917 -0.9071
vn -0.1962 -0.2086 -0.9581
vn -0.1942 -0.3480 -0.9172
vn -0.0104 -0.2183 -0.9758
vn -0.0085 -0.3446 -0.9387
vn -0.3290 -0.6078 -0.7227
vn -0.3573 -0.4790 -0.8018
vn -0.1798 -0.4801 -0.8586
vn -0.1531 -0.6017 -0.7839
vn 0.0045 -0.4644 -0.8856
vn 0.0286 -0.5746 -0.8179
vn -0.2369 -0.8198 -0.5214
vn -0.2886 -0.7223 -0.6285
vn -0.1149 -0.7099 -0.6948
vn -0.0661 -0.8020 -0.5937
vn 0.0633 -0.6727 -0.7372
vn 0.1075 -0.7562 -0.6455
vn -0.1053 -0.9544 -0.2795
vn -0.1753 -0.8978 -0.4041
vn -0.0080 -0.8757 -0.4829
vn 0.0582 -0.9291 -0.3652
vn 0.1602 -0.8230 -0.5451
vn 0.2202 -0.8714 -0.4384
vn 0.0530 -0.9984 -0.0207
vn -0.0286 -0.9882 -0.1506
vn 0.1307 -0.9611 -0.2434
vn 0.2077 -0.9707 -0.1207
vn 0.2859 -0.9004 -0.3280
vn 0.3557 -0.9091 -0.2168
vn 0.2224 -0.9475 0.2296
vn 0.1373 -0.9847 0.1071
vn 0.2874 -0.9578 0.0000
vn 0.3678 -0.9227 0.1158
vn 0.4280 -0.8974 -0.1073
vn 0.5008 -0.8656 -0.0024
vn 0.3864 -0.8068 0.4470
vn 0.3061 -0.8877 0.3439
vn 0.4469 -0.8662 0.2237
vn 0.5227 -0.7897 0.3211
vn 0.5725 -0.8143 0.0954
vn 0.6413 -0.7450 0.1837
vn 0.5289 -0.5899 0.6102
vn 0.4613 -0.7067 0.5365
vn 0.5934 -0.6951 0.4057
vn 0.6573 -0.5848 0.4753
vn 0.7053 -0.6593 0.2604
vn 0.7632 -0.5593 0.3234
vn 0.6359 -0.3181 0.7031
vn 0.5876 -0.4593 0.6661
vn 0.7128 -0.4615 0.5282
vn 0.7585 -0.3281 0.5631
vn 0.8135 -0.4475 0.3714
vn 0.8549 -0.3266 0.4030
vn 0.6972 -0.0181 0.7166
vn 0.6729 -0.1699 0.7200
vn 0.7933 -0.1880 0.5791
vn 0.8162 -0.0446 0.5760
vn 0.8864 -0.1996 0.4176
vn 0.9073 -0.0697 0.4148
vn 0.7084 0.1334 0.6931
vn 0.8269 0.0985 0.5536
vn 0.9170 0.0600 0.3944
vn 0.9738 0.2059 -0.0967
vn 0.9897 0.1332 -0.0520
vn 0.9749 0.0435 -0.2182
vn 0.9638 0.0942 -0.2495
vn 0.9984 0.0541 -0.0170
vn 0.9810 -0.0118 -0.1938
vn 0.9281 -0.0774 -0.3643
vn 0.9249 -0.0481 -0.3771
vn 0.9190 -0.0212 -0.3938
vn 0.9217 0.3257 -0.2106
vn 0.9509 0.2707 -0.1500
vn 0.9478 0.1395 -0.2867
vn 0.9274 0.1779 -0.3290
vn 0.9105 0.0028 -0.4135
vn 0.8997 0.0232 -0.4359
vn 0.8473 0.4018 -0.3473
vn 0.8869 0.3699 -0.2768
vn 0.9031 0.2087 -0.3753
vn 0.8755 0.2311 -0.4245
vn 0.8868 0.0396 -0.4605
vn 0.8721 0.0515 -0.4866
vn 0.7579 0.4266 -0.4935
vn 0.8040 0.4209 -0.4201
vn 0.8452 0.2444 -0.4753
vn 0.8130 0.2484 -0.5266
vn 0.8560 0.0585 -0.5136
vn 0.8390 0.0606 -0.5408
vn 0.6621 0.3980 -0.6350
vn 0.7102 0.4189 -0.5658
vn 0.7797 0.2430 -0.5771
vn 0.7461 0.2284 -0.6254
vn 0.8213 0.0577 -0.5676
vn 0.8035 0.0500 -0.5932
vn 0.5694 0.3184 -0.7579
vn 0.6148 0.3642 -0.6996
vn 0.7131 0.2048 -0.6705
vn 0.6814 0.1728 -0.7112
vn 0.7859 0.0375 -0.6172
vn 0.7691 0.0205 -0.6387
vn 0.4889 0.1958 -0.8501
vn 0.5272 0.2618 -0.8084
vn 0.6519 0.1333 -0.7465
vn 0.6252 0.0872 -0.7756
vn 0.7535 -0.0005 -0.6575
vn 0.7393 -0.0250 -0.6729
vn 0.4284 0.0422 -0.9026
vn 0.4556 0.1221 -0.8818
vn 0.6019 0.0357 -0.7978
vn 0.5829 -0.0201 -0.8123
vn 0.7270 -0.0522 -0.6847
vn 0.7169 -0.0818 -0.6924
vn 0.3938 -0.1274 -0.9103
vn 0.4075 -0.0416 -0.9123
vn 0.5683 -0.0786 -0.8191
vn 0.5588 -0.1385 -0.8177
vn 0.7091 -0.1129 -0.6960
vn 0.7041 -0.1447 -0.6952
vn 0.3886 -0.2963 -0.8725
vn 0.3874 -0.2130 -0.8970
vn 0.5543 -0.1983 -0.8084
vn 0.5551 -0.2565 -0.7913
vn 0.7017 -0.1764 -0.6903
vn 0.7021 -0.2073 -0.6813
vn 0.4132 -0.4481 -0.7927
vn 0.3973 -0.3754 -0.8374
vn 0.5611 -0.3117 -0.7668
vn 0.5723 -0.3625 -0.7356
vn 0.7053 -0.2366 -0.6683
vn 0.7112 -0.2636 -0.6517
vn 0.4653 -0.5680 -0.6789
vn 0.4360 -0.5129 -0.7395
vn 0.5882 -0.4078 -0.6984
vn 0.6086 -0.4462 -0.6561
vn 0.7197 -0.2876 -0.6320
vn 0.7305 -0.3080 -0.6095
vn 0.5396 -0.6441 -0.5422
vn 0.5000 -0.6121 -0.6126
vn 0.6330 -0.4770 -0.6098
vn 0.6606 -0.4993 -0.5606
vn 0.7435 -0.3242 -0.5849
vn 0.7582 -0.3360 -0.5588
vn 0.6292 -0.6689 -0.3960
vn 0.5830 -0.6632 -0.4694
vn 0.6909 -0.5127 -0.5097
vn 0.7231 -0.5167 -0.4585
vn 0.7742 -0.3432 -0.5319
vn 0.7912 -0.3454 -0.5046
vn 0.7249 -0.6402 -0.2545
vn 0.6768 -0.6612 -0.3237
vn 0.7563 -0.5113 -0.4080
vn 0.7900 -0.4966 -0.3597
vn 0.8089 -0.3426 -0.4778
vn 0.8267 -0.3347 -0.4522
vn 0.8175 -0.5606 -0.1316
vn 0.7722 -0.6064 -0.1898
vn 0.8230 -0.4731 -0.3145
vn 0.8547 -0.4411 -0.2738
vn 0.8443 -0.3222 -0.4283
vn 0.8611 -0.3053 -0.4067
vn 0.8981 -0.4381 -0.0394
vn 0.8599 -0.5041 -0.0810
vn 0.8842 -0.4016 -0.2385
vn 0.9109 -0.3555 -0.2094
vn 0.8768 -0.2843 -0.3879
vn 0.8909 -0.2598 -0.3725
vn 0.9586 -0.2845 0.0131
vn 0.9313 -0.3642 -0.0077
vn 0.9341 -0.3039 -0.1874
vn 0.9532 -0.2482 -0.1728
vn 0.9032 -0.2324 -0.3608
vn 0.9133 -0.2029 -0.3531
vn 0.9932 -0.1149 0.0209
vn 0.9794 -0.2006 0.0228
vn 0.9677 -0.1897 -0.1660
vn 0.9773 -0.1298 -0.1673
vn 0.9210 -0.1718 -0.3495
vn 0.9261 -0.1400 -0.3502
vn 0.9995 -0.0292 0.0075
vn 0.9818 -0.0700 -0.1767
vn 0.9285 -0.1083 -0.3551
vn 0.7112 -0.2635 -0.6517
vn 0.7053 -0.2366 -0.6682
vn 0.7021 -0.2073 -0.6812
vn 0.5551 -0.2565 -0.7912
vn 0.3886 -0.2963 -0.8724
vn 0.3972 -0.3754 -0.8375
vn 0.4132 -0.4482 -0.7927
vn 0.7306 -0.3079 -0.6095
vn 0.7197 -0.2875 -0.6319
vn 0.5883 -0.4077 -0.6983
vn 0.6087 -0.4462 -0.6561
vn 0.4361 -0.5129 -0.7394
vn 0.4652 -0.5680 -0.6789
vn 0.7581 -0.3361 -0.5588
vn 0.7434 -0.3243 -0.5849
vn 0.6329 -0.4770 -0.6098
vn 0.6606 -0.4994 -0.5606
vn 0.6291 -0.6689 -0.3959
vn 0.8089 -0.3425 -0.4779
vn 0.7564 -0.5113 -0.4080
vn 0.7899 -0.4966 -0.3596
vn 0.8230 -0.4730 -0.3145
vn 0.7722 -0.6064 -0.1899
vn 0.8175 -0.5607 -0.1315
vn 0.8909 -0.2598 -0.3726
vn 0.8768 -0.2842 -0.3880
vn 0.9109 -0.3555 -0.2095
vn 0.8598 -0.5041 -0.0809
vn 0.9134 -0.2029 -0.3530
vn 0.9032 -0.2325 -0.3607
vn 0.9341 -0.3039 -0.1873
vn 0.9532 -0.2482 -0.1727
vn 0.9313 -0.3643 -0.0077
vn 0.9586 -0.2845 0.0132
vn 0.9262 -0.1400 -0.3502
vn 0.9211 -0.1718 -0.3494
vn 0.9773 -0.1298 -0.1674
vn 0.9281 -0.0774 -0.3642
vn 0.9249 -0.0481 -0.3772
vn 0.9749 0.0435 -0.2183
vn 0.9638 0.0943 -0.2495
vn 0.9738 0.2060 -0.0967
vn 0.8997 0.0233 -0.4359
vn 0.9105 0.0029 -0.4135
vn 0.8721 0.0513 -0.4866
vn 0.8755 0.2310 -0.4245
vn 0.8869 0.3698 -0.2768
vn 0.8560 0.0584 -0.5136
vn 0.8039 0.4210 -0.4201
vn 0.7579 0.4267 -0.4935
vn 0.8035 0.0499 -0.5932
vn 0.8213 0.0578 -0.5676
vn 0.7797 0.2431 -0.5771
vn 0.7461 0.2283 -0.6254
vn 0.7102 0.4190 -0.5657
vn 0.7393 -0.0249 -0.6729
vn 0.7534 -0.0004 -0.6575
vn 0.6518 0.1333 -0.7466
vn 0.6251 0.0872 -0.7756
vn 0.5271 0.2619 -0.8085
vn 0.4889 0.1959 -0.8501
vn 0.7169 -0.0819 -0.6923
vn 0.7270 -0.0523 -0.6846
vn 0.6020 0.0357 -0.7977
vn 0.5830 -0.0201 -0.8123
vn 0.4557 0.1220 -0.8817
vn 0.3937 -0.1274 -0.9104
vn 0.3875 -0.2130 -0.8969
vn 0.0287 -0.5746 -0.8179
vn 0.0044 -0.4644 -0.8856
vn -0.0087 -0.3446 -0.9387
vn -0.3725 -0.3392 -0.8638
vn -0.3571 -0.4790 -0.8019
vn -0.3289 -0.6078 -0.7228
vn 0.1075 -0.7561 -0.6455
vn 0.0632 -0.6727 -0.7372
vn -0.1150 -0.7099 -0.6948
vn 0.2203 -0.8714 -0.4384
vn 0.1602 -0.8230 -0.5450
vn -0.0079 -0.8756 -0.4829
vn -0.1752 -0.8978 -0.4041
vn 0.3558 -0.9091 -0.2168
vn 0.2078 -0.9707 -0.1207
vn 0.4279 -0.8974 -0.1073
vn 0.1374 -0.9847 0.1071
vn 0.2225 -0.9475 0.2296
vn 0.6412 -0.7450 0.1837
vn 0.5725 -0.8144 0.0954
vn 0.3062 -0.8877 0.3438
vn 0.3865 -0.8068 0.4470
vn 0.7633 -0.5593 0.3234
vn 0.8550 -0.3266 0.4030
vn 0.9073 -0.0697 0.4146
vn 0.8163 -0.0446 0.5759
vn 0.6728 -0.1699 0.7201
vn 0.6971 -0.0181 0.7167
vn 0.9170 0.0600 0.3945
vn 0.8269 0.0985 0.5537
vn 0.8250 0.2378 0.5126
vn 0.7064 0.2808 0.6497
vn 0.9021 0.3061 0.3043
vn 0.7839 0.4915 0.3794
vn 0.6910 0.4207 0.5878
vn 0.7991 0.5978 0.0641
vn 0.8433 0.5144 0.1558
vn 0.6864 0.7131 -0.1430
vn 0.4391 0.8960 0.0654
vn 0.4230 0.8605 -0.2838
vn 0.2809 0.9401 -0.1934
vn 0.4057 0.7072 -0.5790
vn 0.2629 0.8125 -0.5203
vn 0.1965 0.9264 -0.3212
vn 0.2653 0.5867 -0.7651
vn 0.3340 0.6560 -0.6768
vn 0.1838 0.7560 -0.6282
vn -0.0267 0.4747 -0.8798
vn -0.1952 0.5316 -0.8242
vn 0.0517 0.1683 -0.9844
vn 0.0931 0.2892 -0.9527
vn -0.1278 0.2179 -0.9676
vn -0.3022 0.2599 -0.9171
vn 0.0202 0.0413 -0.9989
vn -0.1624 0.0778 -0.9836
vn -0.3389 0.1115 -0.9342
vn -0.3632 -0.0402 -0.9309
vn -0.0105 -0.2183 -0.9758
vn -0.1963 -0.2086 -0.9581
vn -0.7065 -0.2808 -0.6496
vn -0.8251 -0.2378 -0.5126
vn -0.9153 -0.1863 -0.3572
vn -0.5708 -0.7615 -0.3073
vn -0.6223 -0.6640 -0.4144
vn -0.6969 -0.6918 -0.1892
vn -0.8433 -0.5144 -0.1559
vn -0.7463 -0.6646 0.0364
vn -0.4057 -0.7073 0.5789
vn 0.0525 -0.7485 0.6611
vn -0.0277 -0.8294 0.5580
vn -0.1839 -0.7560 0.6282
vn -0.3341 -0.6560 0.6768
vn -0.2654 -0.5867 0.7651
vn 0.0267 -0.4747 0.8797
vn 0.3020 -0.2598 0.9172
vn 0.1278 -0.2179 0.9676
vn -0.0930 -0.2892 0.9527
vn -0.0515 -0.1683 0.9844
vn 0.3634 0.0402 0.9308
vn 0.3390 -0.1116 0.9342
vn 0.1625 -0.0778 0.9836
vn 0.1856 0.0655 0.9804
vn -0.0201 -0.0413 0.9989
vn 0.3727 0.3392 0.8638
vn 0.3747 0.1917 0.9071
vn 0.1963 0.2086 0.9581
vn 0.1944 0.3479 0.9171
vn 0.3291 0.6078 0.7227
vn 0.1799 0.4801 0.8586
vn 0.1532 0.6017 0.7839
vn -0.0044 0.4644 0.8856
vn -0.0285 0.5747 0.8179
vn 0.0662 0.8020 0.5937
vn -0.1074 0.7562 0.6455
vn 0.1754 0.8978 0.4041
vn 0.0080 0.8757 0.4829
vn -0.0582 0.9291 0.3651
vn -0.2202 0.8714 0.4383
vn 0.0286 0.9882 0.1506
vn -0.2225 0.9475 -0.2296
vn -0.3864 0.8068 -0.4470
vn -0.5227 0.7897 -0.3211
vn -0.5290 0.5899 -0.6101
vn -0.4612 0.7067 -0.5365
vn -0.5934 0.6952 -0.4057
vn -0.7632 0.5593 -0.3235
vn -0.6360 0.3182 -0.7030
vn -0.5877 0.4593 -0.6661
vn -0.7128 0.4615 -0.5281
vn -0.8163 0.0446 -0.5759
vn -0.8864 0.1996 -0.4177
vn -0.7085 -0.1334 -0.6930
vn -0.8270 -0.0985 -0.5536
vn -0.9170 -0.0600 -0.3944
vn -0.9749 -0.0435 0.2183
vn -0.9281 0.0774 0.3642
vn -0.9249 0.0481 0.3771
vn -0.8473 -0.4017 0.3473
vn -0.8755 -0.2310 0.4245
vn -0.8721 -0.0514 0.4866
vn -0.7579 -0.4266 0.4935
vn -0.8040 -0.4209 0.4201
vn -0.8390 -0.0607 0.5408
vn -0.6622 -0.3978 0.6350
vn -0.7102 -0.4190 0.5658
vn -0.7797 -0.2430 0.5771
vn -0.7461 -0.2283 0.6254
vn -0.8213 -0.0577 0.5676
vn -0.8035 -0.0500 0.5932
vn -0.5695 -0.3183 0.7579
vn -0.7691 -0.0206 0.6388
vn -0.4891 -0.1957 0.8500
vn -0.4285 -0.0422 0.9026
vn -0.4558 -0.1220 0.8817
vn -0.6020 -0.0356 0.7977
vn -0.5830 0.0201 0.8123
vn -0.4075 0.0416 0.9122
vn -0.3875 0.2130 0.8969
vn -0.4133 0.4481 0.7927
vn -0.3972 0.3754 0.8374
vn -0.5612 0.3117 0.7668
vn -0.7054 0.2366 0.6682
vn -0.7113 0.2635 0.6517
vn -0.4654 0.5679 0.6789
vn -0.6087 0.4462 0.6561
vn -0.7197 0.2875 0.6319
vn -0.6329 0.4770 0.6098
vn -0.7435 0.3242 0.5849
vn -0.6291 0.6689 0.3960
vn -0.7742 0.3432 0.5318
vn -0.7249 0.6401 0.2545
vn -0.8089 0.3426 0.4778
vn -0.8267 0.3348 0.4521
vn -0.8547 0.4410 0.2739
vn -0.8443 0.3223 0.4282
vn -0.8981 0.4380 0.0394
vn -0.9109 0.3555 0.2094
vn -0.8909 0.2598 0.3724
vn -0.9133 0.2029 0.3531
vn -0.9932 0.1149 -0.0210
vn -0.5723 0.3626 0.7356
vn -0.7021 0.2073 0.6813
vn -0.5550 0.2565 0.7913
vn -0.4653 0.5680 0.6789
vn -0.6330 0.4769 0.6098
vn -0.5396 0.6441 0.5422
vn -0.7912 0.3455 0.5046
vn -0.7742 0.3432 0.5319
vn -0.7230 0.5168 0.4584
vn -0.8267 0.3347 0.4522
vn -0.7899 0.4966 0.3596
vn -0.8611 0.3053 0.4066
vn -0.7721 0.6064 0.1898
vn -0.8176 0.5606 0.1317
vn -0.9341 0.3039 0.1874
vn -0.9262 0.1400 0.3502
vn -0.9211 0.1718 0.3495
vn -0.9249 0.0482 0.3772
vn -0.9638 -0.0942 0.2495
vn -0.9897 -0.1331 0.0520
vn -0.8755 -0.2311 0.4244
vn -0.8869 -0.3699 0.2768
vn -0.8473 -0.4018 0.3472
vn -0.8390 -0.0608 0.5408
vn -0.8213 -0.0579 0.5676
vn -0.6621 -0.3979 0.6350
vn -0.5694 -0.3184 0.7579
vn -0.7392 0.0248 0.6730
vn -0.6518 -0.1334 0.7466
vn -0.6251 -0.0872 0.7756
vn -0.5270 -0.2619 0.8085
vn -0.4890 -0.1958 0.8501
vn -0.5829 0.0200 0.8123
vn -0.4557 -0.1220 0.8818
vn -0.4284 -0.0422 0.9026
vn -0.5683 0.0786 0.8190
vn -0.5542 0.1983 0.8084
vn -0.0286 0.5746 0.8179
vn 0.1942 0.3480 0.9172
vn 0.3726 0.3392 0.8638
vn 0.3571 0.4790 0.8019
vn -0.5008 0.8656 0.0024
vn -0.6412 0.7451 -0.1838
vn -0.4468 0.8662 -0.2238
vn -0.7585 0.3281 -0.5630
vn -0.6360 0.3181 -0.7031
vn -0.9073 0.0697 -0.4146
vn -0.8865 0.1996 -0.4175
vn -0.6727 0.1698 -0.7202
vn -0.6971 0.0181 -0.7168
vn -0.7064 -0.2809 -0.6498
vn -0.8105 -0.3699 -0.4542
vn -0.6628 -0.5495 -0.5087
vn -0.4391 -0.8961 -0.0655
vn -0.6206 -0.7420 0.2533
vn -0.5000 -0.8509 0.1611
vn -0.4230 -0.8605 0.2838
vn -0.3624 -0.9299 0.0635
vn -0.3433 -0.8476 0.4045
vn -0.1115 -0.8892 0.4437
vn -0.1081 -0.6795 0.7257
vn -0.0278 -0.8294 0.5580
vn 0.0525 -0.7484 0.6611
vn -0.1432 -0.4011 0.9048
vn 0.1273 -0.6483 0.7506
vn 0.1949 -0.5316 0.8243
vn 0.3633 0.0402 0.9308
vn 0.0104 0.2183 0.9758
vn 0.3746 0.1917 0.9072
vn 0.6628 0.5495 0.5087
vn 0.7838 0.4916 0.3794
vn 0.9152 0.1863 0.3574
vn 0.8779 0.4163 0.2366
vn 0.6224 0.6640 0.4144
vn 0.7990 0.5979 0.0642
vn 0.4392 0.8960 0.0654
vn 0.5725 0.8189 -0.0394
vn 0.6206 0.7420 -0.2533
vn 0.4057 0.7073 -0.5789
vn -0.0525 0.7484 -0.6611
vn 0.0276 0.8294 -0.5579
vn 0.1838 0.7561 -0.6282
vn 0.3340 0.6561 -0.6767
vn -0.1951 0.5316 -0.8242
vn 0.0372 0.5850 -0.8102
vn -0.0267 0.4747 -0.8797
vn 0.2011 0.5011 -0.8417
vn 0.1432 0.4011 -0.9048
vn -0.3022 0.2599 -0.9172
vn 0.0516 0.1683 -0.9844
vn -0.3634 -0.0402 -0.9308
vn -0.3389 0.1116 -0.9342
vn -0.1626 0.0779 -0.9836
vn -0.1856 -0.0655 -0.9804
vn 0.0200 0.0413 -0.9989
vn -0.3746 -0.1917 -0.9072
vn -0.0086 -0.3446 -0.9387
vn -0.3572 -0.4790 -0.8018
vn -0.1530 -0.6017 -0.7839
vn 0.0288 -0.5746 -0.8179
vn -0.2885 -0.7223 -0.6285
vn -0.1149 -0.7099 -0.6949
vn -0.0660 -0.8020 -0.5937
vn 0.1077 -0.7561 -0.6455
vn -0.1754 -0.8978 -0.4041
vn 0.1603 -0.8229 -0.5451
vn -0.0285 -0.9882 -0.1507
vn 0.3557 -0.9091 -0.2167
vn 0.4280 -0.8974 -0.1074
vn 0.5008 -0.8655 -0.0025
vn 0.3865 -0.8068 0.4469
vn 0.5228 -0.7897 0.3211
vn 0.5290 -0.5899 0.6101
vn 0.6574 -0.5848 0.4753
vn 0.6360 -0.3182 0.7031
vn 0.7585 -0.3281 0.5630
vn 0.8135 -0.4475 0.3713
vn 0.8550 -0.3266 0.4028
vn 0.6972 -0.0181 0.7167
vn 0.7932 -0.1880 0.5791
vn 0.8864 -0.1997 0.4176
vn 0.9073 -0.0697 0.4147
vn 0.7085 0.1334 0.6930
vn 0.9169 0.0600 0.3945
vn 0.9738 0.2059 -0.0968
vn 0.9749 0.0434 -0.2183
vn 0.9984 0.0541 -0.0171
vn 0.9248 -0.0482 -0.3773
vn 0.9105 0.0029 -0.4134
vn 0.9031 0.2088 -0.3753
vn 0.8868 0.0397 -0.4605
vn 0.8040 0.4210 -0.4201
vn 0.6622 0.3979 -0.6350
vn 0.8035 0.0501 -0.5932
vn 0.5695 0.3183 -0.7578
vn 0.6148 0.3641 -0.6996
vn 0.7131 0.2047 -0.6705
vn 0.7860 0.0374 -0.6171
vn 0.7691 0.0206 -0.6388
vn 0.4890 0.1958 -0.8501
vn 0.7393 -0.0249 -0.6730
vn 0.4075 -0.0416 -0.9122
vn 0.5683 -0.0786 -0.8190
vn 0.5587 -0.1385 -0.8177
vn 0.7040 -0.1447 -0.6953
vn 0.5542 -0.1983 -0.8084
vn 0.7016 -0.1764 -0.6904
vn 0.4131 -0.4482 -0.7927
vn 0.3972 -0.3754 -0.8374
vn 0.5722 -0.3626 -0.7356
vn 0.4361 -0.5129 -0.7395
vn 0.7196 -0.2877 -0.6320
vn 0.5830 -0.6631 -0.4694
vn 0.7231 -0.5166 -0.4585
vn 0.7741 -0.3433 -0.5318
vn 0.7913 -0.3451 -0.5047
vn 0.7249 -0.6401 -0.2545
vn 0.7563 -0.5114 -0.4080
vn 0.7899 -0.4967 -0.3596
vn 0.8089 -0.3426 -0.4779
vn 0.8267 -0.3348 -0.4521
vn 0.8176 -0.5606 -0.1316
vn 0.8230 -0.4730 -0.3146
vn 0.8611 -0.3053 -0.4066
vn 0.8882 -0.4590 -0.0202
vn 0.9016 -0.3365 -0.2718
vn 0.9313 -0.3642 -0.0078
vn 0.9932 -0.1149 0.0208
vn 0.9262 -0.1400 -0.3501
vn 0.7113 -0.2635 -0.6516
vn 0.5612 -0.3117 -0.7668
vn 0.3887 -0.2963 -0.8724
vn 0.4130 -0.4482 -0.7928
vn 0.6087 -0.4461 -0.6561
vn 0.4360 -0.5130 -0.7395
vn 0.4654 -0.5679 -0.6789
vn 0.7581 -0.3362 -0.5588
vn 0.5001 -0.6120 -0.6126
vn 0.5397 -0.6440 -0.5422
vn 0.7721 -0.6064 -0.1898
vn 0.8767 -0.2842 -0.3880
vn 0.9032 -0.2325 -0.3608
vn 0.9586 -0.2844 0.0131
vn 0.9897 0.1331 -0.0520
vn 0.8721 0.0514 -0.4866
vn 0.8390 0.0605 -0.5408
vn 0.8560 0.0586 -0.5136
vn 0.8213 0.0579 -0.5676
vn 0.7102 0.4190 -0.5658
vn 0.7691 0.0207 -0.6388
vn 0.6813 0.1729 -0.7113
vn 0.7394 -0.0250 -0.6728
vn 0.7270 -0.0523 -0.6847
vn 0.6020 0.0356 -0.7977
vn 0.4558 0.1220 -0.8817
vn 0.7092 -0.1129 -0.6959
vn 0.5684 -0.0786 -0.8190
vn -0.1943 -0.3480 -0.9172
vn -0.3290 -0.6078 -0.7228
vn 0.1073 -0.7562 -0.6454
vn -0.0662 -0.8020 -0.5937
vn 0.0531 -0.9984 -0.0208
vn 0.3679 -0.9227 0.1158
vn 0.7632 -0.5593 0.3235
vn 0.8549 -0.3266 0.4031
vn 0.5876 -0.4593 0.6662
vn 0.6360 -0.3181 0.7031
vn 0.7932 -0.1880 0.5792
vn 0.6727 -0.1699 0.7201
vn 0.9153 0.1863 0.3572
vn 0.7063 0.2809 0.6498
vn 0.8105 0.3699 0.4542
vn 0.6969 0.6918 0.1892
vn 0.5708 0.7614 0.3073
vn 0.6863 0.7131 -0.1430
vn 0.4533 0.8264 -0.3341
vn 0.3623 0.9299 -0.0634
vn 0.3219 0.9381 -0.1278
vn 0.1115 0.8892 -0.4437
vn -0.0526 0.7485 -0.6611
vn -0.1275 0.6484 -0.7505
vn 0.0518 0.1683 -0.9844
vn -0.0821 0.3513 -0.9326
vn -0.2539 0.4011 -0.8802
vn -0.0006 -0.0886 -0.9961
vn -0.3633 -0.0402 -0.9308
vn -0.3745 -0.1917 -0.9072
vn -0.7838 -0.4916 -0.3794
vn -0.7063 -0.2809 -0.6498
vn -0.8779 -0.4163 -0.2366
vn -0.5708 -0.7614 -0.3072
vn -0.6224 -0.6640 -0.4143
vn -0.7457 -0.5997 -0.2903
vn -0.7990 -0.5979 -0.0642
vn -0.4392 -0.8960 -0.0653
vn -0.5091 -0.8394 -0.1900
vn -0.2809 -0.9400 0.1934
vn -0.6207 -0.7420 0.2534
vn -0.1113 -0.8893 0.4437
vn -0.4059 -0.7071 0.5790
vn -0.2654 -0.5866 0.7651
vn 0.1950 -0.5316 0.8242
vn 0.1272 -0.6483 0.7507
vn -0.0374 -0.5849 0.8102
vn -0.1434 -0.4010 0.9048
vn 0.3018 -0.2598 0.9173
vn -0.0514 -0.1684 0.9844
vn 0.3388 -0.1115 0.9342
vn 0.0008 0.0886 0.9961
vn 0.1943 0.3480 0.9171
vn 0.0106 0.2183 0.9758
vn 0.3572 0.4790 0.8018
vn -0.0046 0.4644 0.8856
vn -0.0286 0.5747 0.8179
vn 0.2887 0.7223 0.6284
vn -0.1075 0.7561 0.6455
vn -0.1602 0.8229 0.5451
vn -0.0529 0.9984 0.0207
vn -0.1307 0.9611 0.2435
vn -0.2860 0.9003 0.3280
vn -0.2223 0.9475 -0.2297
vn -0.4280 0.8974 0.1074
vn -0.5009 0.8655 0.0025
vn -0.5291 0.5899 -0.6100
vn -0.6574 0.5848 -0.4752
vn -0.7632 0.5594 -0.3235
vn -0.8549 0.3266 -0.4030
vn -0.6973 0.0181 -0.7165
vn -0.9072 0.0697 -0.4148
vn -0.9738 -0.2059 0.0968
vn -0.9218 -0.3256 0.2107
vn -0.9105 -0.0029 0.4135
vn -0.8997 -0.0234 0.4358
vn -0.8868 -0.0397 0.4605
vn -0.8721 -0.0513 0.4866
vn -0.6620 -0.3981 0.6350
vn -0.7461 -0.2285 0.6254
vn -0.5693 -0.3185 0.7579
vn -0.6147 -0.3643 0.6996
vn -0.7860 -0.0375 0.6172
vn -0.7534 0.0004 0.6576
vn -0.7392 0.0249 0.6730
vn -0.4556 -0.1221 0.8818
vn -0.6019 -0.0357 0.7977
vn -0.7270 0.0522 0.6847
vn -0.7091 0.1129 0.6960
vn -0.3886 0.2963 0.8724
vn -0.5551 0.2565 0.7913
vn -0.7016 0.1764 0.6904
vn -0.5724 0.3625 0.7355
vn -0.7053 0.2366 0.6682
vn -0.7114 0.2635 0.6516
vn -0.5882 0.4077 0.6984
vn -0.6086 0.4463 0.6561
vn -0.6605 0.4994 0.5606
vn -0.7580 0.3362 0.5589
vn -0.6292 0.6688 0.3960
vn -0.7231 0.5166 0.4585
vn -0.7913 0.3453 0.5046
vn -0.7900 0.4966 0.3597
vn -0.8267 0.3346 0.4523
vn -0.7722 0.6064 0.1898
vn -0.8443 0.3222 0.4283
vn -0.8909 0.2599 0.3724
vn -0.9313 0.3643 0.0076
vn -0.9341 0.3040 0.1873
vn -0.9133 0.2028 0.3532
vn -0.9932 0.1149 -0.0207
vn -0.9794 0.2006 -0.0229
vn -0.9677 0.1897 0.1659
vn -0.9211 0.1718 0.3494
vn -0.9995 0.0292 -0.0076
vn -0.9285 0.1083 0.3552
vn -0.3887 0.2963 0.8724
vn -0.4135 0.4480 0.7927
vn -0.7581 0.3360 0.5588
vn -0.6607 0.4992 0.5606
vn -0.6291 0.6689 0.3959
vn -0.8611 0.3051 0.4068
vn -0.8175 0.5607 0.1315
vn -0.9134 0.2029 0.3530
vn -0.9032 0.2325 0.3607
vn -0.9261 0.1400 0.3503
vn -0.9810 0.0118 0.1939
vn -0.9189 0.0213 0.3939
vn -0.9738 -0.2060 0.0966
vn -0.8868 -0.0395 0.4605
vn -0.8560 -0.0586 0.5136
vn -0.7578 -0.4269 0.4935
vn -0.8035 -0.0498 0.5932
vn -0.7535 0.0005 0.6575
vn -0.6251 -0.0872 0.7757
vn -0.7168 0.0818 0.6925
vn -0.7269 0.0522 0.6847
vn -0.4286 -0.0422 0.9025
vn -0.7040 0.1447 0.6953
vn -0.7091 0.1129 0.6961
vn -0.3940 0.1274 0.9102
vn -0.0284 0.5747 0.8179
vn 0.3723 0.3392 0.8639
vn 0.0662 0.8020 0.5936
vn 0.2371 0.8198 0.5213
vn 0.1051 0.9543 0.2796
vn -0.3557 0.9091 0.2167
vn -0.0531 0.9984 0.0208
vn -0.3996 0.9150 -0.0559
vn -0.1374 0.9847 -0.1071
vn -0.1791 0.9692 -0.1692
vn -0.6413 0.7450 -0.1837
vn -0.7632 0.5594 -0.3236
vn -0.8550 0.3266 -0.4030
vn -0.6359 0.3181 -0.7031
vn -0.9074 0.0697 -0.4145
vn -0.6970 0.0181 -0.7168
vn -0.8780 -0.4162 -0.2364
vn -0.6909 -0.4208 -0.5879
vn -0.6627 -0.5495 -0.5087
vn -0.6223 -0.6641 -0.4145
vn -0.5706 -0.7615 -0.3074
vn -0.7463 -0.6647 0.0363
vn -0.5091 -0.8395 -0.1901
vn -0.5510 -0.7506 0.3647
vn -0.4231 -0.8605 0.2838
vn -0.4787 -0.7390 0.4741
vn -0.2630 -0.8125 0.5203
vn -0.1080 -0.6796 0.7256
vn 0.0265 -0.4746 0.8798
vn -0.0202 -0.0413 0.9989
vn 0.6627 0.5495 0.5088
vn 0.7065 0.2808 0.6496
vn 0.8780 0.4163 0.2364
vn 0.5706 0.7615 0.3074
vn 0.6223 0.6640 0.4145
vn 0.8432 0.5144 0.1559
vn 0.7991 0.5977 0.0640
vn 0.5091 0.8395 0.1901
vn 0.5725 0.8189 -0.0393
vn 0.7463 0.6647 -0.0363
vn 0.2808 0.9401 -0.1933
vn 0.4229 0.8606 -0.2838
vn 0.6207 0.7420 -0.2534
vn 0.1113 0.8893 -0.4436
vn 0.3432 0.8477 -0.4045
vn 0.4059 0.7071 -0.5790
vn -0.0527 0.7485 -0.6610
vn 0.1079 0.6796 -0.7256
vn -0.1950 0.5316 -0.8242
vn 0.1432 0.4010 -0.9048
vn -0.3021 0.2598 -0.9172
vn -0.3390 0.1116 -0.9341
vn -0.3727 -0.3392 -0.8638
vn -0.3747 -0.1917 -0.9071
vn -0.1944 -0.3480 -0.9171
vn -0.0103 -0.2183 -0.9758
vn -0.3291 -0.6078 -0.7227
vn -0.3574 -0.4790 -0.8018
vn -0.1799 -0.4801 -0.8586
vn -0.2371 -0.8198 -0.5213
vn -0.2887 -0.7223 -0.6284
vn -0.0662 -0.8020 -0.5936
vn 0.1076 -0.7561 -0.6455
vn -0.0080 -0.8757 -0.4828
vn 0.0582 -0.9291 -0.3651
vn 0.2202 -0.8714 -0.4383
vn 0.1374 -0.9847 0.1070
vn 0.2875 -0.9578 0.0000
vn 0.5289 -0.5899 0.6101
vn 0.5935 -0.6951 0.4057
vn 0.7054 -0.6593 0.2603
vn 0.6361 -0.3182 0.7030
vn 0.6971 -0.0181 0.7168
vn 0.6728 -0.1699 0.7200
vn 0.8865 -0.1997 0.4175
vn 0.7085 0.1333 0.6930
vn 0.9169 0.0600 0.3946
vn 0.9897 0.1331 -0.0521
vn 0.9810 -0.0118 -0.1939
vn 0.9190 -0.0211 -0.3937
vn 0.9217 0.3258 -0.2105
vn 0.9509 0.2706 -0.1500
vn 0.8473 0.4018 -0.3472
vn 0.8868 0.0395 -0.4605
vn 0.6620 0.3981 -0.6350
vn 0.8035 0.0498 -0.5932
vn 0.5695 0.3184 -0.7579
vn 0.6149 0.3641 -0.6996
vn 0.7860 0.0375 -0.6172
vn 0.5271 0.2618 -0.8085
vn 0.4283 0.0423 -0.9027
vn 0.5828 -0.0200 -0.8123
vn 0.4076 -0.0416 -0.9122
vn 0.3888 -0.2963 -0.8724
vn 0.5552 -0.2565 -0.7912
vn 0.4134 -0.4481 -0.7927
vn 0.5723 -0.3625 -0.7355
vn 0.4361 -0.5128 -0.7394
vn 0.5883 -0.4077 -0.6984
vn 0.7304 -0.3081 -0.6096
vn 0.5398 -0.6439 -0.5422
vn 0.5002 -0.6120 -0.6126
vn 0.7433 -0.3244 -0.5850
vn 0.7580 -0.3363 -0.5588
vn 0.6292 -0.6688 -0.3960
vn 0.6767 -0.6613 -0.3237
vn 0.8267 -0.3349 -0.4521
vn 0.8443 -0.3222 -0.4282
vn 0.8611 -0.3052 -0.4067
vn 0.8981 -0.4380 -0.0394
vn 0.9134 -0.2029 -0.3529
vn 0.9932 -0.1149 0.0207
vn 0.9773 -0.1298 -0.1675
vn 0.9995 -0.0293 0.0075
vn 0.7054 -0.2366 -0.6682
vn 0.7022 -0.2072 -0.6811
vn 0.3885 -0.2963 -0.8725
vn 0.3971 -0.3754 -0.8375
vn 0.7196 -0.2876 -0.6320
vn 0.5882 -0.4077 -0.6984
vn 0.4362 -0.5128 -0.7394
vn 0.4655 -0.5678 -0.6789
vn 0.7434 -0.3242 -0.5849
vn 0.5001 -0.6121 -0.6126
vn 0.5831 -0.6631 -0.4694
vn 0.8267 -0.3346 -0.4523
vn 0.8547 -0.4410 -0.2739
vn 0.8176 -0.5606 -0.1317
vn 0.9285 -0.1083 -0.3552
vn 0.9818 -0.0700 -0.1768
vn 0.9810 -0.0117 -0.1938
vn 0.9984 0.0541 -0.0169
vn 0.9249 -0.0482 -0.3772
vn 0.9738 0.2058 -0.0968
vn 0.9274 0.1780 -0.3289
vn 0.8390 0.0607 -0.5408
vn 0.8130 0.2485 -0.5266
vn 0.8034 0.0501 -0.5933
vn 0.7461 0.2285 -0.6254
vn 0.7692 0.0204 -0.6387
vn 0.6253 0.0871 -0.7755
vn 0.4891 0.1956 -0.8500
vn 0.7167 -0.0818 -0.6925
vn 0.4285 0.0422 -0.9025
vn 0.7092 -0.1129 -0.6960
vn 0.0046 -0.4644 -0.8856
vn -0.1943 -0.3479 -0.9172
vn -0.2367 -0.8198 -0.5215
vn 0.0583 -0.9291 -0.3652
vn -0.1052 -0.9544 -0.2796
vn 0.2858 -0.9004 -0.3280
vn 0.5009 -0.8655 -0.0025
vn 0.5227 -0.7897 0.3212
vn 0.3863 -0.8068 0.4471
vn 0.6574 -0.5848 0.4752
vn 0.4612 -0.7067 0.5365
vn 0.8865 -0.1996 0.4175
vn 0.6727 -0.1698 0.7202
vn 0.8433 0.5143 0.1558
vn 0.7457 0.5997 0.2904
vn 0.5707 0.7615 0.3074
vn 0.4390 0.8961 0.0655
vn 0.5509 0.7507 -0.3646
vn 0.4785 0.7391 -0.4740
vn 0.3340 0.6561 -0.6768
vn 0.1081 0.6795 -0.7257
vn 0.2013 0.5010 -0.8417
vn 0.0514 0.1684 -0.9844
vn -0.0822 0.3514 -0.9326
vn -0.1278 0.2180 -0.9675
vn -0.2540 0.4011 -0.8801
vn -0.1854 -0.0655 -0.9805
vn -0.3392 0.1116 -0.9341
vn -0.9152 -0.1863 -0.3574
vn -0.7457 -0.5997 -0.2904
vn -0.6969 -0.6917 -0.1891
vn -0.8433 -0.5143 -0.1558
vn -0.7991 -0.5977 -0.0640
vn -0.5092 -0.8394 -0.1900
vn -0.5725 -0.8189 0.0394
vn -0.5001 -0.8509 0.1611
vn -0.5508 -0.7507 0.3646
vn -0.1115 -0.8892 0.4438
vn -0.1079 -0.6796 0.7256
vn -0.2650 -0.5869 0.7650
vn 0.1275 -0.6484 0.7506
vn -0.2010 -0.5011 0.8417
vn -0.1436 -0.4008 0.9048
vn 0.2537 -0.4010 0.8803
vn 0.0820 -0.3513 0.9327
vn 0.1280 -0.2180 0.9675
vn 0.3635 0.0402 0.9307
vn 0.3391 -0.1116 0.9341
vn 0.1626 -0.0779 0.9836
vn 0.1857 0.0655 0.9804
vn 0.3727 0.3392 0.8637
vn 0.3749 0.1916 0.9070
vn 0.1943 0.3479 0.9172
vn 0.0085 0.3446 0.9387
vn 0.1530 0.6017 0.7839
vn -0.0043 0.4644 0.8856
vn -0.0289 0.5746 0.8179
vn 0.0660 0.8020 0.5937
vn -0.1079 0.7560 0.6456
vn 0.0079 0.8756 0.4829
vn -0.1604 0.8229 0.5451
vn -0.0528 0.9984 0.0206
vn -0.3559 0.9090 0.2169
vn -0.1374 0.9847 -0.1070
vn -0.4279 0.8974 0.1073
vn -0.3863 0.8068 -0.4471
vn -0.5725 0.8144 -0.0954
vn -0.6413 0.7450 -0.1836
vn -0.5935 0.6951 -0.4056
vn -0.7054 0.6593 -0.2603
vn -0.7633 0.5593 -0.3233
vn -0.7584 0.3281 -0.5632
vn -0.6970 0.0181 -0.7169
vn -0.7933 0.1880 -0.5791
vn -0.8162 0.0446 -0.5760
vn -0.9749 -0.0435 0.2182
vn -0.9281 0.0774 0.3641
vn -0.9189 0.0212 0.3938
vn -0.9217 -0.3258 0.2104
vn -0.9509 -0.2707 0.1499
vn -0.9274 -0.1780 0.3289
vn -0.8474 -0.4016 0.3474
vn -0.8869 -0.3698 0.2769
vn -0.8721 -0.0516 0.4866
vn -0.8390 -0.0605 0.5408
vn -0.6621 -0.3981 0.6350
vn -0.7102 -0.4191 0.5657
vn -0.8213 -0.0576 0.5676
vn -0.5696 -0.3183 0.7578
vn -0.4886 -0.1960 0.8502
vn -0.5271 -0.2619 0.8085
vn -0.7393 0.0250 0.6729
vn -0.4556 -0.1220 0.8818
vn -0.6019 -0.0357 0.7978
vn -0.5830 0.0201 0.8122
vn -0.3939 0.1274 0.9103
vn -0.4074 0.0416 0.9123
vn -0.7093 0.1129 0.6958
vn -0.3884 0.2964 0.8725
vn -0.7023 0.2072 0.6810
vn -0.4130 0.4482 0.7928
vn -0.5612 0.3117 0.7667
vn -0.5723 0.3625 0.7356
vn -0.7055 0.2365 0.6681
vn -0.4649 0.5682 0.6790
vn -0.5883 0.4077 0.6984
vn -0.7306 0.3078 0.6094
vn -0.5001 0.6121 0.6126
vn -0.7580 0.3363 0.5588
vn -0.8230 0.4730 0.3146
vn -0.8443 0.3221 0.4283
vn -0.8981 0.4381 0.0393
vn -0.9109 0.3554 0.2095
vn -0.8767 0.2842 0.3880
vn -0.8909 0.2598 0.3726
vn -0.9586 0.2844 -0.0131
vn -0.9032 0.2324 0.3609
vn -0.9262 0.1400 0.3500
vn -0.9995 0.0293 -0.0075
vn -0.9818 0.0700 0.1766
vn -0.9286 0.1083 0.3549
vn -0.4132 0.4482 0.7927
vn -0.7306 0.3079 0.6095
vn -0.7196 0.2877 0.6320
vn -0.6087 0.4461 0.6561
vn -0.4361 0.5129 0.7395
vn -0.7913 0.3452 0.5047
vn -0.6908 0.5128 0.5097
vn -0.5829 0.6633 0.4693
vn -0.6290 0.6691 0.3959
vn -0.8547 0.4411 0.2738
vn -0.8842 0.4017 0.2384
vn -0.8598 0.5042 0.0808
vn -0.9932 0.1149 -0.0208
vn -0.9280 0.0775 0.3644
vn -0.9809 0.0118 0.1940
vn -0.9984 -0.0541 0.0171
vn -0.9249 0.0482 0.3773
vn -0.9897 -0.1331 0.0521
vn -0.8996 -0.0231 0.4360
vn -0.8868 -0.0394 0.4606
vn -0.9031 -0.2086 0.3753
vn -0.7462 -0.2283 0.6254
vn -0.7101 -0.4191 0.5657
vn -0.7691 -0.0207 0.6388
vn -0.7860 -0.0373 0.6171
vn -0.6147 -0.3642 0.6996
vn -0.5696 -0.3182 0.7578
vn -0.7534 0.0005 0.6575
vn -0.6250 -0.0873 0.7757
vn -0.4887 -0.1959 0.8501
vn -0.7269 0.0522 0.6848
vn -0.7092 0.1129 0.6960
vn -0.4077 0.0416 0.9122
vn -0.5541 0.1983 0.8085
vn -0.3871 0.2130 0.8971
vn 0.0087 0.3446 0.9387
vn 0.3288 0.6078 0.7228
vn 0.2367 0.8198 0.5215
vn -0.5288 0.5899 -0.6102
vn -0.7129 0.4615 -0.5281
vn -0.5877 0.4593 -0.6660
vn -0.6971 0.0181 -0.7167
vn -0.9152 -0.1863 -0.3575
vn -0.7085 -0.1333 -0.6930
vn -0.7066 -0.2808 -0.6495
vn -0.9020 -0.3061 -0.3043
vn -0.7839 -0.4915 -0.3793
vn -0.6629 -0.5494 -0.5086
vn -0.6386 -0.7655 -0.0785
vn -0.5724 -0.8190 0.0393
vn -0.5090 -0.8395 -0.1901
vn -0.4390 -0.8961 -0.0655
vn -0.3624 -0.9298 0.0635
vn -0.4056 -0.7074 0.5789
vn -0.3434 -0.8476 0.4046
vn -0.2629 -0.8126 0.5202
vn -0.1966 -0.9264 0.3212
vn -0.2651 -0.5868 0.7651
vn -0.3340 -0.6561 0.6767
vn -0.1837 -0.7561 0.6282
vn -0.0276 -0.8294 0.5579
vn 0.0526 -0.7485 0.6610
vn 0.1950 -0.5316 0.8243
vn 0.1278 -0.2180 0.9675
vn 0.0010 0.0886 0.9961
vn -0.0199 -0.0414 0.9989
vn 0.0103 0.2184 0.9758
vn 0.1961 0.2086 0.9581
vn 0.6628 0.5495 0.5086
vn 0.8249 0.2378 0.5128
vn 0.6223 0.6641 0.4145
vn 0.5092 0.8394 0.1900
vn 0.6387 0.7655 0.0784
vn 0.2809 0.9400 -0.1934
vn 0.3624 0.9299 -0.0635
vn 0.2655 0.5866 -0.7651
vn -0.1275 0.6484 -0.7506
vn 0.1435 0.4009 -0.9048
vn -0.3023 0.2599 -0.9171
vn -0.2539 0.4010 -0.8802
vn -0.0820 0.3513 -0.9327
vn -0.1279 0.2180 -0.9675
vn 0.0933 0.2891 -0.9527
vn -0.1625 0.0778 -0.9836
vn -0.1855 -0.0655 -0.9804
vn -0.0106 -0.2183 -0.9758
vn -0.1054 -0.9544 -0.2794
vn 0.0581 -0.9291 -0.3651
vn 0.0529 -0.9984 -0.0207
vn 0.2225 -0.9475 0.2295
vn 0.3679 -0.9226 0.1157
vn 0.5009 -0.8655 -0.0024
vn 0.3863 -0.8068 0.4470
vn 0.5726 -0.8143 0.0953
vn 0.6413 -0.7450 0.1836
vn 0.4613 -0.7067 0.5364
vn 0.5935 -0.6951 0.4056
vn 0.7054 -0.6593 0.2602
vn 0.7632 -0.5594 0.3235
vn 0.6970 -0.0181 0.7169
vn 0.6727 -0.1698 0.7201
vn 0.8864 -0.1996 0.4177
vn 0.9897 0.1332 -0.0519
vn 0.9749 0.0435 -0.2181
vn 0.9810 -0.0117 -0.1937
vn 0.9189 -0.0212 -0.3938
vn 0.9217 0.3256 -0.2106
vn 0.9509 0.2707 -0.1499
vn 0.8039 0.4210 -0.4200
vn 0.8452 0.2445 -0.4753
vn 0.7797 0.2430 -0.5770
vn 0.7462 0.2282 -0.6254
vn 0.8035 0.0497 -0.5932
vn 0.5694 0.3185 -0.7579
vn 0.4887 0.1959 -0.8501
vn 0.5271 0.2618 -0.8084
vn 0.7534 -0.0004 -0.6576
vn 0.7394 -0.0251 -0.6728
vn 0.4288 0.0421 -0.9024
vn 0.5831 -0.0201 -0.8122
vn 0.7271 -0.0523 -0.6846
vn 0.3939 -0.1274 -0.9103
vn 0.4074 -0.0416 -0.9123
vn 0.5589 -0.1385 -0.8176
vn 0.7093 -0.1129 -0.6958
vn 0.5543 -0.1983 -0.8083
vn 0.4131 -0.4482 -0.7928
vn 0.7054 -0.2365 -0.6682
vn 0.6086 -0.4463 -0.6561
vn 0.7198 -0.2875 -0.6319
vn 0.7303 -0.3082 -0.6096
vn 0.6909 -0.5126 -0.5098
vn 0.7742 -0.3432 -0.5318
vn 0.7899 -0.4966 -0.3597
vn 0.8267 -0.3346 -0.4522
vn 0.8547 -0.4411 -0.2739
vn 0.8443 -0.3221 -0.4283
vn 0.9794 -0.2006 0.0227
vn 0.9677 -0.1897 -0.1661
vn 0.9210 -0.1718 -0.3496
vn 0.9995 -0.0292 0.0076
vn 0.7114 -0.2634 -0.6515
vn 0.7052 -0.2366 -0.6683
vn 0.4130 -0.4483 -0.7928
vn 0.7306 -0.3078 -0.6095
vn 0.4653 -0.5679 -0.6789
vn 0.7912 -0.3455 -0.5046
vn 0.6768 -0.6611 -0.3238
vn 0.8611 -0.3054 -0.4065
vn 0.8547 -0.4412 -0.2737
vn 0.7721 -0.6065 -0.1898
vn 0.8909 -0.2597 -0.3726
vn 0.8842 -0.4016 -0.2384
vn 0.9109 -0.3554 -0.2095
vn 0.8599 -0.5041 -0.0809
vn 0.9341 -0.3040 -0.1873
vn 0.9211 -0.1718 -0.3495
vn 0.9773 -0.1298 -0.1672
vn 0.9932 -0.1149 0.0210
vn 0.9281 -0.0775 -0.3643
vn 0.9818 -0.0700 -0.1766
vn 0.9249 -0.0482 -0.3773
vn 0.8998 0.0235 -0.4358
vn 0.8868 0.0397 -0.4604
vn 0.8869 0.3698 -0.2769
vn 0.8390 0.0608 -0.5408
vn 0.8130 0.2486 -0.5266
vn 0.7578 0.4269 -0.4935
vn 0.7797 0.2432 -0.5771
vn 0.7101 0.4191 -0.5657
vn 0.6814 0.1729 -0.7112
vn 0.6147 0.3642 -0.6996
vn 0.7269 -0.0522 -0.6847
vn 0.4285 0.0422 -0.9026
vn 0.7015 -0.1764 -0.6905
vn 0.5541 -0.1983 -0.8085
vn 0.3873 -0.2130 -0.8970
vn 0.0290 -0.5746 -0.8179
vn 0.0043 -0.4644 -0.8856
vn -0.1797 -0.4801 -0.8586
vn -0.3724 -0.3392 -0.8639
vn -0.3570 -0.4790 -0.8019
vn -0.2368 -0.8198 -0.5214
vn -0.1051 -0.9543 -0.2796
vn 0.2079 -0.9707 -0.1208
vn -0.0285 -0.9882 -0.1506
vn 0.0533 -0.9984 -0.0209
vn 0.2874 -0.9578 0.0001
vn 0.2224 -0.9475 0.2297
vn 0.6414 -0.7449 0.1835
vn 0.7053 -0.6594 0.2605
vn 0.5934 -0.6952 0.4058
vn 0.5288 -0.5899 0.6102
vn 0.6357 -0.3181 0.7033
vn 0.6729 -0.1699 0.7199
vn 0.6970 -0.0181 0.7168
vn 0.9151 0.1863 0.3575
vn 0.7083 0.1334 0.6932
vn 0.7838 0.4916 0.3795
vn 0.6627 0.5496 0.5088
vn 0.6225 0.6640 0.4143
vn 0.5510 0.7506 -0.3647
vn 0.2628 0.8126 -0.5202
vn 0.1965 0.9264 -0.3211
vn 0.1111 0.8893 -0.4435
vn 0.3339 0.6562 -0.6767
vn 0.1837 0.7561 -0.6282
vn -0.0528 0.7485 -0.6610
vn 0.2014 0.5009 -0.8417
vn 0.0374 0.5849 -0.8102
vn -0.0265 0.4746 -0.8798
vn -0.1280 0.2180 -0.9675
vn -0.2536 0.4010 -0.8803
vn -0.3391 0.1116 -0.9341
vn -0.1961 -0.2086 -0.9581
vn -0.6943 0.6501 -0.3088
vn -0.9699 0.2424 0.0227
vn -0.8578 0.0890 0.5062
vn -0.8152 0.5231 0.2484
vn -0.8275 0.0274 -0.5608
vn -0.9878 -0.1506 0.0399
vn -0.6837 -0.6385 -0.3534
vn -0.8590 -0.4228 0.2887
vn -0.3383 -0.9166 0.2129
vn -0.6616 -0.4181 0.6225
vn -0.0119 -0.6225 0.7825
vn -0.5088 -0.1393 0.8495
vn 0.0924 0.0489 0.9945
vn -0.4899 0.2537 0.8340
vn -0.0719 0.6647 0.7437
vn -0.6167 0.5279 0.5840
vn -0.3883 0.8955 0.2173
vn -0.5777 -0.7365 0.3520
vn -0.7096 -0.2719 0.6500
vn -0.8459 0.1917 0.4977
vn -0.9081 -0.2766 0.3145
vn -0.2071 -0.5016 0.8399
vn -0.5191 0.0029 0.8547
vn 0.0976 0.0930 0.9909
vn -0.4478 0.3871 0.8060
vn 0.1448 0.7272 0.6710
vn -0.5372 0.6528 0.5341
vn -0.1169 0.9916 0.0555
vn -0.7347 0.6481 0.2003
vn -0.5271 0.7114 -0.4648
vn -0.9267 0.3758 -0.0035
vn -0.8225 0.0713 -0.5643
vn -0.9990 -0.0083 0.0435
vn -0.8297 -0.5161 -0.2124
vn -0.0502 0.6883 0.7237
vn -0.6035 0.5947 0.5311
vn -0.8598 0.1447 0.4898
vn -0.5030 0.3273 0.7999
vn -0.2633 0.9559 0.1302
vn -0.7900 0.5847 0.1845
vn -0.5553 0.6911 -0.4626
vn -0.9518 0.3048 -0.0347
vn -0.7438 0.0279 -0.6678
vn -0.9969 -0.0788 -0.0006
vn -0.7088 -0.6145 -0.3463
vn -0.8994 -0.3459 0.2673
vn -0.4734 -0.8319 0.2895
vn -0.7132 -0.3379 0.6141
vn -0.1924 -0.5214 0.8314
vn -0.5484 -0.0582 0.8342
vn -0.0255 0.0918 0.9955
vn -0.9177 0.0730 -0.3906
vn -0.9856 -0.0675 0.1549
vn -0.8037 0.1458 0.5769
vn -0.9403 0.3183 0.1205
vn -0.8299 -0.5346 -0.1592
vn -0.8503 -0.3407 0.4011
vn -0.4494 -0.8314 0.3268
vn -0.6115 -0.3398 0.7145
vn 0.0292 -0.5991 0.8002
vn -0.4113 -0.0667 0.9090
vn 0.2993 0.0495 0.9529
vn -0.3663 0.3169 0.8748
vn 0.1825 0.7065 0.6838
vn -0.5022 0.5907 0.6315
vn -0.2393 0.9564 0.1676
vn -0.7406 0.5918 0.3181
vn -0.6878 0.6751 -0.2669
# 2966 vertex normals

vt 0.8063 0.5829 0.0000
vt 0.8056 0.5788 0.0000
vt 0.8063 0.5787 0.0000
vt 0.8070 0.5829 0.0000
vt 0.8030 0.5718 0.0000
vt 0.8037 0.5715 0.0000
vt 0.8043 0.5712 0.0000
vt 0.8069 0.5785 0.0000
vt 0.8076 0.5830 0.0000
vt 0.8041 0.5880 0.0000
vt 0.8058 0.5857 0.0000
vt 0.8064 0.5860 0.0000
vt 0.8047 0.5885 0.0000
vt 0.8071 0.5863 0.0000
vt 0.8053 0.5891 0.0000
vt 0.7976 0.5926 0.0000
vt 0.8011 0.5903 0.0000
vt 0.8017 0.5910 0.0000
vt 0.7982 0.5934 0.0000
vt 0.8023 0.5917 0.0000
vt 0.7988 0.5942 0.0000
vt 0.7907 0.5964 0.0000
vt 0.7941 0.5947 0.0000
vt 0.7946 0.5955 0.0000
vt 0.7911 0.5973 0.0000
vt 0.7952 0.5964 0.0000
vt 0.7915 0.5982 0.0000
vt 0.7506 0.5820 0.0000
vt 0.7873 0.5978 0.0000
vt 0.7876 0.5986 0.0000
vt 0.7513 0.5838 0.0000
vt 0.7879 0.5995 0.0000
vt 0.7709 0.5931 0.0000
vt 0.8076 0.5784 0.0000
vt 0.8083 0.5831 0.0000
vt 0.8049 0.5709 0.0000
vt 0.8056 0.5706 0.0000
vt 0.8083 0.5782 0.0000
vt 0.8091 0.5831 0.0000
vt 0.8077 0.5866 0.0000
vt 0.8059 0.5896 0.0000
vt 0.8085 0.5869 0.0000
vt 0.8066 0.5901 0.0000
vt 0.8030 0.5925 0.0000
vt 0.7994 0.5951 0.0000
vt 0.8036 0.5932 0.0000
vt 0.8000 0.5959 0.0000
vt 0.7957 0.5973 0.0000
vt 0.7919 0.5991 0.0000
vt 0.7962 0.5982 0.0000
vt 0.7923 0.6001 0.0000
vt 0.7881 0.6005 0.0000
vt 0.7516 0.5851 0.0000
vt 0.7884 0.6014 0.0000
vt 0.7712 0.5947 0.0000
vt 0.8090 0.5780 0.0000
vt 0.8098 0.5832 0.0000
vt 0.8062 0.5702 0.0000
vt 0.8069 0.5699 0.0000
vt 0.8097 0.5779 0.0000
vt 0.8106 0.5832 0.0000
vt 0.8092 0.5872 0.0000
vt 0.8073 0.5907 0.0000
vt 0.8100 0.5875 0.0000
vt 0.8081 0.5912 0.0000
vt 0.8043 0.5939 0.0000
vt 0.8006 0.5967 0.0000
vt 0.8050 0.5946 0.0000
vt 0.8012 0.5976 0.0000
vt 0.7967 0.5991 0.0000
vt 0.7926 0.6010 0.0000
vt 0.7972 0.6000 0.0000
vt 0.7930 0.6019 0.0000
vt 0.7886 0.6023 0.0000
vt 0.7519 0.5865 0.0000
vt 0.7888 0.6032 0.0000
vt 0.7715 0.5963 0.0000
vt 0.8104 0.5777 0.0000
vt 0.8113 0.5832 0.0000
vt 0.8076 0.5696 0.0000
vt 0.8095 0.5713 0.0000
vt 0.8112 0.5775 0.0000
vt 0.8129 0.5837 0.0000
vt 0.8108 0.5878 0.0000
vt 0.8089 0.5917 0.0000
vt 0.8116 0.5881 0.0000
vt 0.8103 0.5924 0.0000
vt 0.8057 0.5953 0.0000
vt 0.8018 0.5984 0.0000
vt 0.8064 0.5960 0.0000
vt 0.8026 0.5996 0.0000
vt 0.7977 0.6009 0.0000
vt 0.7934 0.6028 0.0000
vt 0.7981 0.6018 0.0000
vt 0.7937 0.6040 0.0000
vt 0.7891 0.6041 0.0000
vt 0.7521 0.5878 0.0000
vt 0.7893 0.6050 0.0000
vt 0.7849 0.6060 0.0000
vt 0.4123 0.4095 0.0000
vt 0.4134 0.4040 0.0000
vt 0.4141 0.4041 0.0000
vt 0.4133 0.4090 0.0000
vt 0.4145 0.3985 0.0000
vt 0.4153 0.3963 0.0000
vt 0.4160 0.3965 0.0000
vt 0.4148 0.4042 0.0000
vt 0.4140 0.4090 0.0000
vt 0.4130 0.4160 0.0000
vt 0.4126 0.4127 0.0000
vt 0.4133 0.4127 0.0000
vt 0.4138 0.4157 0.0000
vt 0.4140 0.4126 0.0000
vt 0.4145 0.4156 0.0000
vt 0.4154 0.4217 0.0000
vt 0.4142 0.4188 0.0000
vt 0.4148 0.4186 0.0000
vt 0.4161 0.4213 0.0000
vt 0.4154 0.4184 0.0000
vt 0.4166 0.4210 0.0000
vt 0.4191 0.4265 0.0000
vt 0.4172 0.4241 0.0000
vt 0.4177 0.4238 0.0000
vt 0.4197 0.4259 0.0000
vt 0.4182 0.4234 0.0000
vt 0.4201 0.4255 0.0000
vt 0.4240 0.4300 0.0000
vt 0.4215 0.4283 0.0000
vt 0.4219 0.4278 0.0000
vt 0.4243 0.4294 0.0000
vt 0.4223 0.4273 0.0000
vt 0.4686 0.4499 0.0000
vt 0.4154 0.4043 0.0000
vt 0.4147 0.4090 0.0000
vt 0.4167 0.3966 0.0000
vt 0.4174 0.3968 0.0000
vt 0.4161 0.4044 0.0000
vt 0.4153 0.4090 0.0000
vt 0.4146 0.4125 0.0000
vt 0.4151 0.4154 0.0000
vt 0.4153 0.4125 0.0000
vt 0.4157 0.4153 0.0000
vt 0.4160 0.4181 0.0000
vt 0.4172 0.4207 0.0000
vt 0.4166 0.4179 0.0000
vt 0.4177 0.4204 0.0000
vt 0.4187 0.4230 0.0000
vt 0.4205 0.4250 0.0000
vt 0.4192 0.4226 0.0000
vt 0.4210 0.4246 0.0000
vt 0.4226 0.4268 0.0000
vt 0.4805 0.4551 0.0000
vt 0.4230 0.4263 0.0000
vt 0.4491 0.4392 0.0000
vt 0.4168 0.4045 0.0000
vt 0.4160 0.4090 0.0000
vt 0.4181 0.3970 0.0000
vt 0.4186 0.3997 0.0000
vt 0.4175 0.4046 0.0000
vt 0.4164 0.4096 0.0000
vt 0.4159 0.4124 0.0000
vt 0.4164 0.4151 0.0000
vt 0.4166 0.4123 0.0000
vt 0.4168 0.4150 0.0000
vt 0.4172 0.4177 0.0000
vt 0.4183 0.4201 0.0000
vt 0.4178 0.4174 0.0000
vt 0.4187 0.4199 0.0000
vt 0.4197 0.4222 0.0000
vt 0.4214 0.4242 0.0000
vt 0.4202 0.4219 0.0000
vt 0.4217 0.4239 0.0000
vt 0.4233 0.4258 0.0000
vt 0.4809 0.4543 0.0000
vt 0.4237 0.4253 0.0000
vt 0.4256 0.4267 0.0000
vt 0.8058 0.5836 0.0000
vt 0.8044 0.5791 0.0000
vt 0.8050 0.5790 0.0000
vt 0.8057 0.5829 0.0000
vt 0.8029 0.5747 0.0000
vt 0.8023 0.5720 0.0000
vt 0.8037 0.5868 0.0000
vt 0.8047 0.5852 0.0000
vt 0.8053 0.5854 0.0000
vt 0.8036 0.5874 0.0000
vt 0.7965 0.5909 0.0000
vt 0.8001 0.5888 0.0000
vt 0.8006 0.5896 0.0000
vt 0.7970 0.5917 0.0000
vt 0.7899 0.5950 0.0000
vt 0.7932 0.5929 0.0000
vt 0.7937 0.5938 0.0000
vt 0.7903 0.5956 0.0000
vt 0.7835 0.5972 0.0000
vt 0.7867 0.5961 0.0000
vt 0.7870 0.5969 0.0000
vt 0.7837 0.5980 0.0000
vt 0.7985 0.5597 0.0000
vt 0.7991 0.5593 0.0000
vt 0.7978 0.5600 0.0000
vt 0.7884 0.5419 0.0000
vt 0.7891 0.5415 0.0000
vt 0.7897 0.5411 0.0000
vt 0.7997 0.5589 0.0000
vt 0.8003 0.5584 0.0000
vt 0.7904 0.5406 0.0000
vt 0.7910 0.5402 0.0000
vt 0.8010 0.5580 0.0000
vt 0.8016 0.5576 0.0000
vt 0.7916 0.5398 0.0000
vt 0.7922 0.5393 0.0000
vt 0.8023 0.5572 0.0000
vt 0.8029 0.5569 0.0000
vt 0.7929 0.5389 0.0000
vt 0.7964 0.5424 0.0000
vt 0.4169 0.3839 0.0000
vt 0.4176 0.3841 0.0000
vt 0.4162 0.3837 0.0000
vt 0.4180 0.3690 0.0000
vt 0.4199 0.3649 0.0000
vt 0.4206 0.3651 0.0000
vt 0.4183 0.3843 0.0000
vt 0.4190 0.3845 0.0000
vt 0.4213 0.3653 0.0000
vt 0.4219 0.3655 0.0000
vt 0.4197 0.3847 0.0000
vt 0.4203 0.3849 0.0000
vt 0.4226 0.3657 0.0000
vt 0.4221 0.3702 0.0000
vt 0.7971 0.5603 0.0000
vt 0.7965 0.5606 0.0000
vt 0.7900 0.5465 0.0000
vt 0.7878 0.5422 0.0000
vt 0.7739 0.5154 0.0000
vt 0.7746 0.5150 0.0000
vt 0.7733 0.5158 0.0000
vt 0.7544 0.4864 0.0000
vt 0.7550 0.4860 0.0000
vt 0.7557 0.4856 0.0000
vt 0.7752 0.5146 0.0000
vt 0.7758 0.5141 0.0000
vt 0.7563 0.4851 0.0000
vt 0.7569 0.4847 0.0000
vt 0.7765 0.5137 0.0000
vt 0.7771 0.5132 0.0000
vt 0.7576 0.4843 0.0000
vt 0.7582 0.4838 0.0000
vt 0.7777 0.5128 0.0000
vt 0.7784 0.5124 0.0000
vt 0.7588 0.4834 0.0000
vt 0.7604 0.4824 0.0000
vt 0.4253 0.3374 0.0000
vt 0.4260 0.3376 0.0000
vt 0.4246 0.3372 0.0000
vt 0.4312 0.3054 0.0000
vt 0.4335 0.3061 0.0000
vt 0.4342 0.3063 0.0000
vt 0.4267 0.3378 0.0000
vt 0.4273 0.3380 0.0000
vt 0.4349 0.3065 0.0000
vt 0.4356 0.3067 0.0000
vt 0.4280 0.3382 0.0000
vt 0.4287 0.3384 0.0000
vt 0.4362 0.3070 0.0000
vt 0.4353 0.3067 0.0000
vt 0.7726 0.5162 0.0000
vt 0.7720 0.5166 0.0000
vt 0.7540 0.4867 0.0000
vt 0.7538 0.4869 0.0000
vt 0.6853 0.3993 0.0000
vt 0.6858 0.3988 0.0000
vt 0.6887 0.4023 0.0000
vt 0.6882 0.4027 0.0000
vt 0.6863 0.3983 0.0000
vt 0.6893 0.4018 0.0000
vt 0.6944 0.4079 0.0000
vt 0.6938 0.4083 0.0000
vt 0.6932 0.4088 0.0000
vt 0.6813 0.3956 0.0000
vt 0.6816 0.3951 0.0000
vt 0.6835 0.3966 0.0000
vt 0.6831 0.3970 0.0000
vt 0.6819 0.3946 0.0000
vt 0.6839 0.3961 0.0000
vt 0.6777 0.3937 0.0000
vt 0.6779 0.3932 0.0000
vt 0.6797 0.3940 0.0000
vt 0.6795 0.3944 0.0000
vt 0.6780 0.3928 0.0000
vt 0.6799 0.3935 0.0000
vt 0.6746 0.3930 0.0000
vt 0.6746 0.3926 0.0000
vt 0.6762 0.3928 0.0000
vt 0.6761 0.3932 0.0000
vt 0.6746 0.3922 0.0000
vt 0.6762 0.3923 0.0000
vt 0.6655 0.3853 0.0000
vt 0.6565 0.3751 0.0000
vt 0.6731 0.3928 0.0000
vt 0.6732 0.3931 0.0000
vt 0.6653 0.3847 0.0000
vt 0.6730 0.3925 0.0000
vt 0.6867 0.3978 0.0000
vt 0.6898 0.4014 0.0000
vt 0.6872 0.3973 0.0000
vt 0.6904 0.4009 0.0000
vt 0.6956 0.4070 0.0000
vt 0.6950 0.4074 0.0000
vt 0.6822 0.3941 0.0000
vt 0.6843 0.3956 0.0000
vt 0.6825 0.3936 0.0000
vt 0.6847 0.3950 0.0000
vt 0.6782 0.3923 0.0000
vt 0.6801 0.3930 0.0000
vt 0.6783 0.3918 0.0000
vt 0.6804 0.3925 0.0000
vt 0.6746 0.3918 0.0000
vt 0.6763 0.3919 0.0000
vt 0.6745 0.3914 0.0000
vt 0.6763 0.3915 0.0000
vt 0.6563 0.3746 0.0000
vt 0.6730 0.3921 0.0000
vt 0.6651 0.3841 0.0000
vt 0.6729 0.3917 0.0000
vt 0.6877 0.3968 0.0000
vt 0.6909 0.4005 0.0000
vt 0.6881 0.3963 0.0000
vt 0.6915 0.4000 0.0000
vt 0.6968 0.4062 0.0000
vt 0.6962 0.4066 0.0000
vt 0.6828 0.3931 0.0000
vt 0.6850 0.3945 0.0000
vt 0.6830 0.3926 0.0000
vt 0.6854 0.3940 0.0000
vt 0.6784 0.3914 0.0000
vt 0.6806 0.3920 0.0000
vt 0.6785 0.3909 0.0000
vt 0.6807 0.3916 0.0000
vt 0.6745 0.3910 0.0000
vt 0.6764 0.3910 0.0000
vt 0.6744 0.3906 0.0000
vt 0.6764 0.3906 0.0000
vt 0.6561 0.3741 0.0000
vt 0.6727 0.3913 0.0000
vt 0.6557 0.3729 0.0000
vt 0.6726 0.3910 0.0000
vt 0.6886 0.3958 0.0000
vt 0.6920 0.3995 0.0000
vt 0.6887 0.3946 0.0000
vt 0.6925 0.3990 0.0000
vt 0.6963 0.4035 0.0000
vt 0.6974 0.4058 0.0000
vt 0.6833 0.3921 0.0000
vt 0.6858 0.3935 0.0000
vt 0.6835 0.3913 0.0000
vt 0.6861 0.3930 0.0000
vt 0.6786 0.3904 0.0000
vt 0.6809 0.3910 0.0000
vt 0.6787 0.3897 0.0000
vt 0.6811 0.3905 0.0000
vt 0.6744 0.3902 0.0000
vt 0.6764 0.3901 0.0000
vt 0.6743 0.3896 0.0000
vt 0.6765 0.3897 0.0000
vt 0.6707 0.3911 0.0000
vt 0.6725 0.3906 0.0000
vt 0.6705 0.3908 0.0000
vt 0.6724 0.3902 0.0000
vt 0.4781 0.2093 0.0000
vt 0.4786 0.2104 0.0000
vt 0.4760 0.2149 0.0000
vt 0.4754 0.2146 0.0000
vt 0.4792 0.2109 0.0000
vt 0.4766 0.2153 0.0000
vt 0.4728 0.2224 0.0000
vt 0.4722 0.2220 0.0000
vt 0.4728 0.2198 0.0000
vt 0.4832 0.2043 0.0000
vt 0.4839 0.2051 0.0000
vt 0.4812 0.2073 0.0000
vt 0.4806 0.2068 0.0000
vt 0.4843 0.2057 0.0000
vt 0.4817 0.2079 0.0000
vt 0.4900 0.2009 0.0000
vt 0.4904 0.2020 0.0000
vt 0.4870 0.2033 0.0000
vt 0.4866 0.2026 0.0000
vt 0.4906 0.2027 0.0000
vt 0.4873 0.2040 0.0000
vt 0.4979 0.1997 0.0000
vt 0.4980 0.2008 0.0000
vt 0.4941 0.2011 0.0000
vt 0.4939 0.2003 0.0000
vt 0.4980 0.2017 0.0000
vt 0.4942 0.2019 0.0000
vt 0.5063 0.2008 0.0000
vt 0.5309 0.2315 0.0000
vt 0.5020 0.2011 0.0000
vt 0.5021 0.2002 0.0000
vt 0.5156 0.2155 0.0000
vt 0.5018 0.2020 0.0000
vt 0.4798 0.2113 0.0000
vt 0.4773 0.2157 0.0000
vt 0.4803 0.2118 0.0000
vt 0.4779 0.2160 0.0000
vt 0.4741 0.2229 0.0000
vt 0.4735 0.2226 0.0000
vt 0.4847 0.2064 0.0000
vt 0.4822 0.2084 0.0000
vt 0.4851 0.2070 0.0000
vt 0.4827 0.2089 0.0000
vt 0.4908 0.2035 0.0000
vt 0.4876 0.2047 0.0000
vt 0.4911 0.2042 0.0000
vt 0.4879 0.2054 0.0000
vt 0.4979 0.2025 0.0000
vt 0.4943 0.2027 0.0000
vt 0.4979 0.2033 0.0000
vt 0.4944 0.2035 0.0000
vt 0.5305 0.2328 0.0000
vt 0.5017 0.2028 0.0000
vt 0.5245 0.2275 0.0000
vt 0.5016 0.2037 0.0000
vt 0.4809 0.2122 0.0000
vt 0.4785 0.2163 0.0000
vt 0.4815 0.2120 0.0000
vt 0.4791 0.2167 0.0000
vt 0.4768 0.2214 0.0000
vt 0.4748 0.2232 0.0000
vt 0.4855 0.2076 0.0000
vt 0.4831 0.2095 0.0000
vt 0.4858 0.2080 0.0000
vt 0.4836 0.2100 0.0000
vt 0.4913 0.2050 0.0000
vt 0.4883 0.2061 0.0000
vt 0.4914 0.2055 0.0000
vt 0.4886 0.2068 0.0000
vt 0.4979 0.2042 0.0000
vt 0.4945 0.2043 0.0000
vt 0.4978 0.2047 0.0000
vt 0.4946 0.2051 0.0000
vt 0.5050 0.2052 0.0000
vt 0.5014 0.2045 0.0000
vt 0.5047 0.2060 0.0000
vt 0.5013 0.2054 0.0000
vt 0.6839 0.3996 0.0000
vt 0.6848 0.3997 0.0000
vt 0.6877 0.4032 0.0000
vt 0.6871 0.4037 0.0000
vt 0.6927 0.4092 0.0000
vt 0.6904 0.4078 0.0000
vt 0.6806 0.3963 0.0000
vt 0.6809 0.3960 0.0000
vt 0.6827 0.3975 0.0000
vt 0.6822 0.3979 0.0000
vt 0.6774 0.3943 0.0000
vt 0.6776 0.3941 0.0000
vt 0.6792 0.3949 0.0000
vt 0.6790 0.3953 0.0000
vt 0.6745 0.3936 0.0000
vt 0.6746 0.3934 0.0000
vt 0.6760 0.3936 0.0000
vt 0.6759 0.3939 0.0000
vt 0.6722 0.3940 0.0000
vt 0.6567 0.3756 0.0000
vt 0.6733 0.3935 0.0000
vt 0.6733 0.3938 0.0000
vt 0.7030 0.4178 0.0000
vt 0.7024 0.4182 0.0000
vt 0.7162 0.4336 0.0000
vt 0.7156 0.4340 0.0000
vt 0.7150 0.4345 0.0000
vt 0.7018 0.4186 0.0000
vt 0.7043 0.4170 0.0000
vt 0.7037 0.4174 0.0000
vt 0.7175 0.4327 0.0000
vt 0.7169 0.4331 0.0000
vt 0.7056 0.4162 0.0000
vt 0.7050 0.4166 0.0000
vt 0.7188 0.4319 0.0000
vt 0.7182 0.4323 0.0000
vt 0.7068 0.4153 0.0000
vt 0.7062 0.4157 0.0000
vt 0.7173 0.4271 0.0000
vt 0.7195 0.4315 0.0000
vt 0.4665 0.2333 0.0000
vt 0.4658 0.2330 0.0000
vt 0.4575 0.2505 0.0000
vt 0.4582 0.2459 0.0000
vt 0.4575 0.2456 0.0000
vt 0.4651 0.2327 0.0000
vt 0.4678 0.2338 0.0000
vt 0.4671 0.2336 0.0000
vt 0.4588 0.2509 0.0000
vt 0.4581 0.2507 0.0000
vt 0.4692 0.2343 0.0000
vt 0.4685 0.2340 0.0000
vt 0.4616 0.2471 0.0000
vt 0.4595 0.2511 0.0000
vt 0.7013 0.4191 0.0000
vt 0.7144 0.4349 0.0000
vt 0.7111 0.4315 0.0000
vt 0.7007 0.4197 0.0000
vt 0.7350 0.4573 0.0000
vt 0.7344 0.4577 0.0000
vt 0.7338 0.4582 0.0000
vt 0.7363 0.4565 0.0000
vt 0.7357 0.4569 0.0000
vt 0.7376 0.4556 0.0000
vt 0.7369 0.4560 0.0000
vt 0.7388 0.4547 0.0000
vt 0.7382 0.4552 0.0000
vt 0.4457 0.2760 0.0000
vt 0.4450 0.2758 0.0000
vt 0.4582 0.2460 0.0000
vt 0.4444 0.2755 0.0000
vt 0.4575 0.2457 0.0000
vt 0.4471 0.2765 0.0000
vt 0.4464 0.2762 0.0000
vt 0.4484 0.2769 0.0000
vt 0.4477 0.2767 0.0000
vt 0.7331 0.4586 0.0000
vt 0.7325 0.4591 0.0000
vt 0.1925 0.5158 0.0000
vt 0.1918 0.5118 0.0000
vt 0.1924 0.5116 0.0000
vt 0.1931 0.5159 0.0000
vt 0.1892 0.5047 0.0000
vt 0.1898 0.5045 0.0000
vt 0.1905 0.5042 0.0000
vt 0.1931 0.5115 0.0000
vt 0.1938 0.5159 0.0000
vt 0.1903 0.5209 0.0000
vt 0.1920 0.5187 0.0000
vt 0.1926 0.5190 0.0000
vt 0.1909 0.5215 0.0000
vt 0.1932 0.5193 0.0000
vt 0.1915 0.5220 0.0000
vt 0.1838 0.5255 0.0000
vt 0.1873 0.5232 0.0000
vt 0.1879 0.5240 0.0000
vt 0.1843 0.5263 0.0000
vt 0.1885 0.5247 0.0000
vt 0.1850 0.5272 0.0000
vt 0.1769 0.5294 0.0000
vt 0.1803 0.5276 0.0000
vt 0.1808 0.5285 0.0000
vt 0.1773 0.5303 0.0000
vt 0.1813 0.5294 0.0000
vt 0.1777 0.5312 0.0000
vt 0.1730 0.5242 0.0000
vt 0.1735 0.5307 0.0000
vt 0.1738 0.5316 0.0000
vt 0.1724 0.5256 0.0000
vt 0.1740 0.5325 0.0000
vt 0.1726 0.5300 0.0000
vt 0.1938 0.5113 0.0000
vt 0.1945 0.5160 0.0000
vt 0.1911 0.5038 0.0000
vt 0.1918 0.5035 0.0000
vt 0.1945 0.5111 0.0000
vt 0.1952 0.5160 0.0000
vt 0.1939 0.5196 0.0000
vt 0.1921 0.5225 0.0000
vt 0.1946 0.5199 0.0000
vt 0.1928 0.5231 0.0000
vt 0.1892 0.5254 0.0000
vt 0.1856 0.5280 0.0000
vt 0.1898 0.5261 0.0000
vt 0.1862 0.5288 0.0000
vt 0.1819 0.5303 0.0000
vt 0.1781 0.5321 0.0000
vt 0.1824 0.5312 0.0000
vt 0.1785 0.5330 0.0000
vt 0.1743 0.5334 0.0000
vt 0.1727 0.5270 0.0000
vt 0.1745 0.5343 0.0000
vt 0.1729 0.5316 0.0000
vt 0.1952 0.5110 0.0000
vt 0.1960 0.5161 0.0000
vt 0.1924 0.5031 0.0000
vt 0.1931 0.5028 0.0000
vt 0.1959 0.5108 0.0000
vt 0.1967 0.5161 0.0000
vt 0.1954 0.5202 0.0000
vt 0.1935 0.5236 0.0000
vt 0.1962 0.5205 0.0000
vt 0.1943 0.5241 0.0000
vt 0.1905 0.5268 0.0000
vt 0.1868 0.5297 0.0000
vt 0.1912 0.5275 0.0000
vt 0.1874 0.5305 0.0000
vt 0.1829 0.5320 0.0000
vt 0.1788 0.5339 0.0000
vt 0.1833 0.5329 0.0000
vt 0.1792 0.5348 0.0000
vt 0.1748 0.5352 0.0000
vt 0.1729 0.5283 0.0000
vt 0.1750 0.5361 0.0000
vt 0.1732 0.5332 0.0000
vt 0.1966 0.5106 0.0000
vt 0.1975 0.5162 0.0000
vt 0.1938 0.5025 0.0000
vt 0.1957 0.5043 0.0000
vt 0.1974 0.5105 0.0000
vt 0.1991 0.5167 0.0000
vt 0.1970 0.5207 0.0000
vt 0.1950 0.5246 0.0000
vt 0.1978 0.5210 0.0000
vt 0.1965 0.5253 0.0000
vt 0.1919 0.5282 0.0000
vt 0.1880 0.5313 0.0000
vt 0.1926 0.5289 0.0000
vt 0.1887 0.5325 0.0000
vt 0.1838 0.5338 0.0000
vt 0.1795 0.5357 0.0000
vt 0.1843 0.5347 0.0000
vt 0.1799 0.5369 0.0000
vt 0.1752 0.5370 0.0000
vt 0.1732 0.5297 0.0000
vt 0.1755 0.5379 0.0000
vt 0.1711 0.5389 0.0000
vt 0.1707 0.4376 0.0000
vt 0.1718 0.4321 0.0000
vt 0.1725 0.4322 0.0000
vt 0.1718 0.4370 0.0000
vt 0.1729 0.4266 0.0000
vt 0.1738 0.4244 0.0000
vt 0.1745 0.4245 0.0000
vt 0.1732 0.4323 0.0000
vt 0.1725 0.4371 0.0000
vt 0.1715 0.4440 0.0000
vt 0.1711 0.4408 0.0000
vt 0.1718 0.4407 0.0000
vt 0.1723 0.4438 0.0000
vt 0.1724 0.4407 0.0000
vt 0.1729 0.4436 0.0000
vt 0.1738 0.4498 0.0000
vt 0.1727 0.4469 0.0000
vt 0.1732 0.4467 0.0000
vt 0.1746 0.4494 0.0000
vt 0.1738 0.4464 0.0000
vt 0.1751 0.4491 0.0000
vt 0.1776 0.4546 0.0000
vt 0.1757 0.4522 0.0000
vt 0.1762 0.4518 0.0000
vt 0.1781 0.4540 0.0000
vt 0.1767 0.4514 0.0000
vt 0.1786 0.4535 0.0000
vt 0.1824 0.4581 0.0000
vt 0.1800 0.4563 0.0000
vt 0.1804 0.4558 0.0000
vt 0.1827 0.4575 0.0000
vt 0.1807 0.4553 0.0000
vt 0.1805 0.4661 0.0000
vt 0.1739 0.4324 0.0000
vt 0.1731 0.4371 0.0000
vt 0.1752 0.4247 0.0000
vt 0.1758 0.4249 0.0000
vt 0.1746 0.4325 0.0000
vt 0.1738 0.4371 0.0000
vt 0.1731 0.4406 0.0000
vt 0.1736 0.4435 0.0000
vt 0.1737 0.4405 0.0000
vt 0.1742 0.4433 0.0000
vt 0.1744 0.4462 0.0000
vt 0.1756 0.4488 0.0000
vt 0.1750 0.4460 0.0000
vt 0.1762 0.4484 0.0000
vt 0.1772 0.4511 0.0000
vt 0.1790 0.4531 0.0000
vt 0.1777 0.4507 0.0000
vt 0.1794 0.4527 0.0000
vt 0.1811 0.4548 0.0000
vt 0.1808 0.4683 0.0000
vt 0.1814 0.4543 0.0000
vt 0.1817 0.4607 0.0000
vt 0.1752 0.4326 0.0000
vt 0.1745 0.4371 0.0000
vt 0.1765 0.4251 0.0000
vt 0.1770 0.4277 0.0000
vt 0.1759 0.4327 0.0000
vt 0.1748 0.4377 0.0000
vt 0.1744 0.4405 0.0000
vt 0.1748 0.4432 0.0000
vt 0.1751 0.4404 0.0000
vt 0.1753 0.4431 0.0000
vt 0.1756 0.4457 0.0000
vt 0.1767 0.4481 0.0000
vt 0.1762 0.4455 0.0000
vt 0.1771 0.4479 0.0000
vt 0.1782 0.4503 0.0000
vt 0.1798 0.4522 0.0000
vt 0.1786 0.4499 0.0000
vt 0.1802 0.4519 0.0000
vt 0.1818 0.4539 0.0000
vt 0.1812 0.4675 0.0000
vt 0.1821 0.4534 0.0000
vt 0.1841 0.4548 0.0000
vt 0.1920 0.5165 0.0000
vt 0.1905 0.5121 0.0000
vt 0.1912 0.5119 0.0000
vt 0.1919 0.5158 0.0000
vt 0.1891 0.5076 0.0000
vt 0.1885 0.5050 0.0000
vt 0.1899 0.5197 0.0000
vt 0.1909 0.5181 0.0000
vt 0.1915 0.5184 0.0000
vt 0.1898 0.5204 0.0000
vt 0.1826 0.5238 0.0000
vt 0.1863 0.5218 0.0000
vt 0.1868 0.5225 0.0000
vt 0.1832 0.5247 0.0000
vt 0.1761 0.5279 0.0000
vt 0.1794 0.5259 0.0000
vt 0.1798 0.5267 0.0000
vt 0.1765 0.5285 0.0000
vt 0.1697 0.5302 0.0000
vt 0.1729 0.5290 0.0000
vt 0.1732 0.5299 0.0000
vt 0.1699 0.5310 0.0000
vt 0.1846 0.4926 0.0000
vt 0.1853 0.4922 0.0000
vt 0.1840 0.4929 0.0000
vt 0.1746 0.4748 0.0000
vt 0.1753 0.4744 0.0000
vt 0.1759 0.4740 0.0000
vt 0.1859 0.4918 0.0000
vt 0.1865 0.4914 0.0000
vt 0.1765 0.4736 0.0000
vt 0.1771 0.4731 0.0000
vt 0.1871 0.4910 0.0000
vt 0.1878 0.4905 0.0000
vt 0.1778 0.4727 0.0000
vt 0.1784 0.4723 0.0000
vt 0.1884 0.4902 0.0000
vt 0.1891 0.4898 0.0000
vt 0.1790 0.4718 0.0000
vt 0.1826 0.4753 0.0000
vt 0.1754 0.4120 0.0000
vt 0.1761 0.4121 0.0000
vt 0.1747 0.4118 0.0000
vt 0.1765 0.3971 0.0000
vt 0.1784 0.3930 0.0000
vt 0.1791 0.3932 0.0000
vt 0.1768 0.4123 0.0000
vt 0.1774 0.4126 0.0000
vt 0.1797 0.3934 0.0000
vt 0.1804 0.3936 0.0000
vt 0.1781 0.4128 0.0000
vt 0.1788 0.4130 0.0000
vt 0.1811 0.3938 0.0000
vt 0.1806 0.3983 0.0000
vt 0.1833 0.4932 0.0000
vt 0.1826 0.4935 0.0000
vt 0.1761 0.4794 0.0000
vt 0.1739 0.4752 0.0000
vt 0.1601 0.4484 0.0000
vt 0.1608 0.4479 0.0000
vt 0.1595 0.4488 0.0000
vt 0.1406 0.4194 0.0000
vt 0.1412 0.4189 0.0000
vt 0.1418 0.4185 0.0000
vt 0.1614 0.4475 0.0000
vt 0.1620 0.4471 0.0000
vt 0.1425 0.4181 0.0000
vt 0.1431 0.4176 0.0000
vt 0.1626 0.4466 0.0000
vt 0.1633 0.4462 0.0000
vt 0.1438 0.4172 0.0000
vt 0.1444 0.4168 0.0000
vt 0.1639 0.4457 0.0000
vt 0.1645 0.4453 0.0000
vt 0.1450 0.4163 0.0000
vt 0.1465 0.4153 0.0000
vt 0.1838 0.3655 0.0000
vt 0.1844 0.3656 0.0000
vt 0.1831 0.3653 0.0000
vt 0.1897 0.3334 0.0000
vt 0.1920 0.3342 0.0000
vt 0.1927 0.3344 0.0000
vt 0.1851 0.3659 0.0000
vt 0.1858 0.3661 0.0000
vt 0.1933 0.3346 0.0000
vt 0.1940 0.3348 0.0000
vt 0.1865 0.3663 0.0000
vt 0.1872 0.3665 0.0000
vt 0.1947 0.3350 0.0000
vt 0.1938 0.3347 0.0000
vt 0.1588 0.4492 0.0000
vt 0.1582 0.4496 0.0000
vt 0.1402 0.4197 0.0000
vt 0.1399 0.4198 0.0000
vt 0.0715 0.3322 0.0000
vt 0.0720 0.3317 0.0000
vt 0.0749 0.3352 0.0000
vt 0.0744 0.3357 0.0000
vt 0.0725 0.3313 0.0000
vt 0.0755 0.3347 0.0000
vt 0.0806 0.3408 0.0000
vt 0.0800 0.3412 0.0000
vt 0.0794 0.3417 0.0000
vt 0.0674 0.3285 0.0000
vt 0.0678 0.3280 0.0000
vt 0.0697 0.3295 0.0000
vt 0.0693 0.3300 0.0000
vt 0.0681 0.3275 0.0000
vt 0.0701 0.3290 0.0000
vt 0.0639 0.3266 0.0000
vt 0.0641 0.3261 0.0000
vt 0.0659 0.3269 0.0000
vt 0.0656 0.3274 0.0000
vt 0.0642 0.3257 0.0000
vt 0.0661 0.3264 0.0000
vt 0.0608 0.3259 0.0000
vt 0.0608 0.3256 0.0000
vt 0.0623 0.3257 0.0000
vt 0.0623 0.3261 0.0000
vt 0.0607 0.3252 0.0000
vt 0.0624 0.3253 0.0000
vt 0.0672 0.3222 0.0000
vt 0.0776 0.3170 0.0000
vt 0.0593 0.3257 0.0000
vt 0.0594 0.3261 0.0000
vt 0.0670 0.3216 0.0000
vt 0.0592 0.3254 0.0000
vt 0.0729 0.3308 0.0000
vt 0.0760 0.3343 0.0000
vt 0.0734 0.3303 0.0000
vt 0.0766 0.3338 0.0000
vt 0.0818 0.3400 0.0000
vt 0.0812 0.3404 0.0000
vt 0.0684 0.3270 0.0000
vt 0.0705 0.3285 0.0000
vt 0.0687 0.3265 0.0000
vt 0.0709 0.3280 0.0000
vt 0.0643 0.3252 0.0000
vt 0.0663 0.3260 0.0000
vt 0.0645 0.3248 0.0000
vt 0.0665 0.3255 0.0000
vt 0.0607 0.3248 0.0000
vt 0.0625 0.3248 0.0000
vt 0.0607 0.3244 0.0000
vt 0.0625 0.3244 0.0000
vt 0.0774 0.3165 0.0000
vt 0.0591 0.3250 0.0000
vt 0.0668 0.3210 0.0000
vt 0.0590 0.3247 0.0000
vt 0.0738 0.3297 0.0000
vt 0.0771 0.3334 0.0000
vt 0.0743 0.3292 0.0000
vt 0.0776 0.3329 0.0000
vt 0.0830 0.3391 0.0000
vt 0.0824 0.3396 0.0000
vt 0.0689 0.3260 0.0000
vt 0.0712 0.3275 0.0000
vt 0.0692 0.3255 0.0000
vt 0.0716 0.3269 0.0000
vt 0.0646 0.3243 0.0000
vt 0.0667 0.3250 0.0000
vt 0.0647 0.3238 0.0000
vt 0.0669 0.3245 0.0000
vt 0.0607 0.3240 0.0000
vt 0.0626 0.3240 0.0000
vt 0.0606 0.3235 0.0000
vt 0.0626 0.3235 0.0000
vt 0.0772 0.3160 0.0000
vt 0.0589 0.3243 0.0000
vt 0.0781 0.3151 0.0000
vt 0.0588 0.3239 0.0000
vt 0.0747 0.3287 0.0000
vt 0.0782 0.3324 0.0000
vt 0.0749 0.3275 0.0000
vt 0.0787 0.3320 0.0000
vt 0.0825 0.3364 0.0000
vt 0.0836 0.3387 0.0000
vt 0.0695 0.3250 0.0000
vt 0.0719 0.3264 0.0000
vt 0.0697 0.3243 0.0000
vt 0.0723 0.3259 0.0000
vt 0.0648 0.3233 0.0000
vt 0.0671 0.3240 0.0000
vt 0.0648 0.3227 0.0000
vt 0.0673 0.3235 0.0000
vt 0.0606 0.3231 0.0000
vt 0.0626 0.3231 0.0000
vt 0.0604 0.3225 0.0000
vt 0.0626 0.3226 0.0000
vt 0.0569 0.3241 0.0000
vt 0.0587 0.3235 0.0000
vt 0.0567 0.3237 0.0000
vt 0.0586 0.3231 0.0000
vt 0.2365 0.2374 0.0000
vt 0.2371 0.2385 0.0000
vt 0.2345 0.2430 0.0000
vt 0.2339 0.2426 0.0000
vt 0.2377 0.2390 0.0000
vt 0.2351 0.2434 0.0000
vt 0.2313 0.2504 0.0000
vt 0.2306 0.2501 0.0000
vt 0.2312 0.2479 0.0000
vt 0.2417 0.2324 0.0000
vt 0.2423 0.2332 0.0000
vt 0.2396 0.2354 0.0000
vt 0.2391 0.2349 0.0000
vt 0.2428 0.2338 0.0000
vt 0.2401 0.2359 0.0000
vt 0.2485 0.2290 0.0000
vt 0.2488 0.2300 0.0000
vt 0.2454 0.2314 0.0000
vt 0.2451 0.2307 0.0000
vt 0.2491 0.2308 0.0000
vt 0.2458 0.2321 0.0000
vt 0.2564 0.2277 0.0000
vt 0.2564 0.2289 0.0000
vt 0.2525 0.2292 0.0000
vt 0.2524 0.2284 0.0000
vt 0.2564 0.2297 0.0000
vt 0.2526 0.2300 0.0000
vt 0.2648 0.2289 0.0000
vt 0.2312 0.2447 0.0000
vt 0.2604 0.2292 0.0000
vt 0.2606 0.2283 0.0000
vt 0.2482 0.2370 0.0000
vt 0.2603 0.2300 0.0000
vt 0.2382 0.2394 0.0000
vt 0.2357 0.2437 0.0000
vt 0.2388 0.2399 0.0000
vt 0.2363 0.2441 0.0000
vt 0.2326 0.2510 0.0000
vt 0.2319 0.2507 0.0000
vt 0.2432 0.2344 0.0000
vt 0.2406 0.2365 0.0000
vt 0.2436 0.2351 0.0000
vt 0.2411 0.2370 0.0000
vt 0.2493 0.2315 0.0000
vt 0.2461 0.2328 0.0000
vt 0.2495 0.2323 0.0000
vt 0.2464 0.2335 0.0000
vt 0.2564 0.2306 0.0000
vt 0.2528 0.2308 0.0000
vt 0.2564 0.2314 0.0000
vt 0.2529 0.2316 0.0000
vt 0.2308 0.2460 0.0000
vt 0.2602 0.2309 0.0000
vt 0.2364 0.2437 0.0000
vt 0.2600 0.2318 0.0000
vt 0.2393 0.2403 0.0000
vt 0.2370 0.2444 0.0000
vt 0.2399 0.2401 0.0000
vt 0.2376 0.2448 0.0000
vt 0.2352 0.2495 0.0000
vt 0.2333 0.2512 0.0000
vt 0.2440 0.2357 0.0000
vt 0.2416 0.2376 0.0000
vt 0.2443 0.2361 0.0000
vt 0.2421 0.2381 0.0000
vt 0.2497 0.2331 0.0000
vt 0.2467 0.2342 0.0000
vt 0.2498 0.2336 0.0000
vt 0.2470 0.2348 0.0000
vt 0.2564 0.2322 0.0000
vt 0.2530 0.2324 0.0000
vt 0.2563 0.2328 0.0000
vt 0.2531 0.2332 0.0000
vt 0.2635 0.2332 0.0000
vt 0.2599 0.2326 0.0000
vt 0.2632 0.2341 0.0000
vt 0.2597 0.2335 0.0000
vt 0.0701 0.3325 0.0000
vt 0.0710 0.3327 0.0000
vt 0.0738 0.3361 0.0000
vt 0.0733 0.3366 0.0000
vt 0.0789 0.3422 0.0000
vt 0.0765 0.3408 0.0000
vt 0.0667 0.3292 0.0000
vt 0.0671 0.3289 0.0000
vt 0.0688 0.3304 0.0000
vt 0.0684 0.3308 0.0000
vt 0.0635 0.3272 0.0000
vt 0.0637 0.3270 0.0000
vt 0.0654 0.3278 0.0000
vt 0.0651 0.3282 0.0000
vt 0.0607 0.3265 0.0000
vt 0.0607 0.3263 0.0000
vt 0.0622 0.3265 0.0000
vt 0.0621 0.3269 0.0000
vt 0.0583 0.3269 0.0000
vt 0.0778 0.3174 0.0000
vt 0.0594 0.3264 0.0000
vt 0.0595 0.3267 0.0000
vt 0.0892 0.3507 0.0000
vt 0.0886 0.3511 0.0000
vt 0.1024 0.3665 0.0000
vt 0.1018 0.3669 0.0000
vt 0.1012 0.3674 0.0000
vt 0.0880 0.3516 0.0000
vt 0.0905 0.3499 0.0000
vt 0.0899 0.3503 0.0000
vt 0.1037 0.3657 0.0000
vt 0.1031 0.3661 0.0000
vt 0.0918 0.3491 0.0000
vt 0.0911 0.3495 0.0000
vt 0.1050 0.3649 0.0000
vt 0.1044 0.3653 0.0000
vt 0.0930 0.3482 0.0000
vt 0.0924 0.3487 0.0000
vt 0.1035 0.3600 0.0000
vt 0.1056 0.3644 0.0000
vt 0.2249 0.2614 0.0000
vt 0.2243 0.2611 0.0000
vt 0.2159 0.2785 0.0000
vt 0.2167 0.2740 0.0000
vt 0.2160 0.2737 0.0000
vt 0.2236 0.2608 0.0000
vt 0.2263 0.2619 0.0000
vt 0.2256 0.2616 0.0000
vt 0.2173 0.2790 0.0000
vt 0.2166 0.2788 0.0000
vt 0.2276 0.2623 0.0000
vt 0.2270 0.2621 0.0000
vt 0.2200 0.2752 0.0000
vt 0.2180 0.2792 0.0000
vt 0.0875 0.3521 0.0000
vt 0.1006 0.3679 0.0000
vt 0.0973 0.3644 0.0000
vt 0.0869 0.3526 0.0000
vt 0.1212 0.3902 0.0000
vt 0.1206 0.3907 0.0000
vt 0.1199 0.3911 0.0000
vt 0.1225 0.3894 0.0000
vt 0.1218 0.3898 0.0000
vt 0.1238 0.3885 0.0000
vt 0.1231 0.3890 0.0000
vt 0.1250 0.3877 0.0000
vt 0.1244 0.3881 0.0000
vt 0.2042 0.3041 0.0000
vt 0.2035 0.3039 0.0000
vt 0.2166 0.2741 0.0000
vt 0.2028 0.3036 0.0000
vt 0.2160 0.2738 0.0000
vt 0.2055 0.3045 0.0000
vt 0.2048 0.3043 0.0000
vt 0.2069 0.3050 0.0000
vt 0.2062 0.3048 0.0000
vt 0.1193 0.3916 0.0000
vt 0.1187 0.3920 0.0000
vt 0.3136 0.0889 0.0000
vt 0.3264 0.0679 0.0000
vt 0.3277 0.0687 0.0000
vt 0.3152 0.0896 0.0000
vt 0.3397 0.0489 0.0000
vt 0.3408 0.0498 0.0000
vt 0.3413 0.0486 0.0000
vt 0.3291 0.0695 0.0000
vt 0.3168 0.0904 0.0000
vt 0.2948 0.1465 0.0000
vt 0.3032 0.1184 0.0000
vt 0.3049 0.1189 0.0000
vt 0.2964 0.1469 0.0000
vt 0.3065 0.1195 0.0000
vt 0.2962 0.1487 0.0000
vt 0.2890 0.1946 0.0000
vt 0.2901 0.1719 0.0000
vt 0.2916 0.1721 0.0000
vt 0.2904 0.1946 0.0000
vt 0.2931 0.1723 0.0000
vt 0.2900 0.1959 0.0000
vt 0.2968 0.2319 0.0000
vt 0.2914 0.2146 0.0000
vt 0.2926 0.2144 0.0000
vt 0.2978 0.2315 0.0000
vt 0.2938 0.2142 0.0000
vt 0.2975 0.2325 0.0000
vt 0.3146 0.2576 0.0000
vt 0.3046 0.2462 0.0000
vt 0.3055 0.2457 0.0000
vt 0.3153 0.2570 0.0000
vt 0.3063 0.2451 0.0000
vt 0.3150 0.2577 0.0000
vt 0.3395 0.2717 0.0000
vt 0.3264 0.2661 0.0000
vt 0.3268 0.2654 0.0000
vt 0.3398 0.2709 0.0000
vt 0.3273 0.2646 0.0000
vt 0.3395 0.2714 0.0000
vt 0.3686 0.2743 0.0000
vt 0.3537 0.2744 0.0000
vt 0.3538 0.2735 0.0000
vt 0.3685 0.2733 0.0000
vt 0.3539 0.2726 0.0000
vt 0.3682 0.2737 0.0000
vt 0.3990 0.2660 0.0000
vt 0.3838 0.2714 0.0000
vt 0.3836 0.2705 0.0000
vt 0.3986 0.2650 0.0000
vt 0.3833 0.2695 0.0000
vt 0.3984 0.2653 0.0000
vt 0.4279 0.2481 0.0000
vt 0.4138 0.2581 0.0000
vt 0.4133 0.2572 0.0000
vt 0.4272 0.2472 0.0000
vt 0.4127 0.2563 0.0000
vt 0.4270 0.2474 0.0000
vt 0.4530 0.2223 0.0000
vt 0.4411 0.2361 0.0000
vt 0.4403 0.2353 0.0000
vt 0.4521 0.2216 0.0000
vt 0.4395 0.2345 0.0000
vt 0.4519 0.2216 0.0000
vt 0.4724 0.1906 0.0000
vt 0.4635 0.2071 0.0000
vt 0.4626 0.2064 0.0000
vt 0.4714 0.1901 0.0000
vt 0.4616 0.2058 0.0000
vt 0.4712 0.1901 0.0000
vt 0.4848 0.1552 0.0000
vt 0.4795 0.1732 0.0000
vt 0.4784 0.1728 0.0000
vt 0.4836 0.1549 0.0000
vt 0.4773 0.1724 0.0000
vt 0.4834 0.1548 0.0000
vt 0.4891 0.1182 0.0000
vt 0.4880 0.1367 0.0000
vt 0.4868 0.1366 0.0000
vt 0.4880 0.1182 0.0000
vt 0.4857 0.1364 0.0000
vt 0.4879 0.1180 0.0000
vt 0.4852 0.0827 0.0000
vt 0.4882 0.1001 0.0000
vt 0.4871 0.1003 0.0000
vt 0.4842 0.0830 0.0000
vt 0.4860 0.1004 0.0000
vt 0.4841 0.0827 0.0000
vt 0.4735 0.0513 0.0000
vt 0.4803 0.0663 0.0000
vt 0.4793 0.0667 0.0000
vt 0.4725 0.0517 0.0000
vt 0.4783 0.0671 0.0000
vt 0.4725 0.0514 0.0000
vt 0.4546 0.0268 0.0000
vt 0.4649 0.0379 0.0000
vt 0.4641 0.0384 0.0000
vt 0.4547 0.0259 0.0000
vt 0.4632 0.0389 0.0000
vt 0.4539 0.0264 0.0000
vt 0.4288 0.0136 0.0000
vt 0.4424 0.0188 0.0000
vt 0.4421 0.0196 0.0000
vt 0.4286 0.0145 0.0000
vt 0.4551 0.0262 0.0000
vt 0.4548 0.0270 0.0000
vt 0.4418 0.0205 0.0000
vt 0.4288 0.0140 0.0000
vt 0.3994 0.0117 0.0000
vt 0.4144 0.0112 0.0000
vt 0.4143 0.0121 0.0000
vt 0.3996 0.0127 0.0000
vt 0.4143 0.0130 0.0000
vt 0.3998 0.0120 0.0000
vt 0.3689 0.0229 0.0000
vt 0.3841 0.0156 0.0000
vt 0.3845 0.0165 0.0000
vt 0.3695 0.0239 0.0000
vt 0.3849 0.0175 0.0000
vt 0.3699 0.0230 0.0000
vt 0.3540 0.0340 0.0000
vt 0.3548 0.0349 0.0000
vt 0.3556 0.0358 0.0000
vt 0.7449 0.1516 0.0000
vt 0.7447 0.1315 0.0000
vt 0.7460 0.1315 0.0000
vt 0.7446 0.1514 0.0000
vt 0.7445 0.1114 0.0000
vt 0.7442 0.1112 0.0000
vt 0.7455 0.1110 0.0000
vt 0.7473 0.1315 0.0000
vt 0.7458 0.1516 0.0000
vt 0.7330 0.1885 0.0000
vt 0.7389 0.1701 0.0000
vt 0.7401 0.1704 0.0000
vt 0.7328 0.1883 0.0000
vt 0.7413 0.1708 0.0000
vt 0.7338 0.1888 0.0000
vt 0.7107 0.2192 0.0000
vt 0.7218 0.2039 0.0000
vt 0.7228 0.2046 0.0000
vt 0.7106 0.2189 0.0000
vt 0.7238 0.2053 0.0000
vt 0.7114 0.2198 0.0000
vt 0.6806 0.2411 0.0000
vt 0.6957 0.2302 0.0000
vt 0.6964 0.2311 0.0000
vt 0.6806 0.2409 0.0000
vt 0.6971 0.2321 0.0000
vt 0.6811 0.2419 0.0000
vt 0.6457 0.2526 0.0000
vt 0.6632 0.2469 0.0000
vt 0.6635 0.2480 0.0000
vt 0.6457 0.2523 0.0000
vt 0.6639 0.2491 0.0000
vt 0.6459 0.2535 0.0000
vt 0.6092 0.2528 0.0000
vt 0.6274 0.2527 0.0000
vt 0.6274 0.2538 0.0000
vt 0.6092 0.2525 0.0000
vt 0.6274 0.2550 0.0000
vt 0.6091 0.2537 0.0000
vt 0.5745 0.2418 0.0000
vt 0.5919 0.2473 0.0000
vt 0.5915 0.2484 0.0000
vt 0.5747 0.2416 0.0000
vt 0.5912 0.2495 0.0000
vt 0.5742 0.2426 0.0000
vt 0.5450 0.2208 0.0000
vt 0.5598 0.2313 0.0000
vt 0.5591 0.2322 0.0000
vt 0.5451 0.2206 0.0000
vt 0.5584 0.2332 0.0000
vt 0.5443 0.2214 0.0000
vt 0.5231 0.1914 0.0000
vt 0.5340 0.2061 0.0000
vt 0.5331 0.2068 0.0000
vt 0.5233 0.1912 0.0000
vt 0.5322 0.2075 0.0000
vt 0.5223 0.1918 0.0000
vt 0.5111 0.1563 0.0000
vt 0.5171 0.1738 0.0000
vt 0.5160 0.1742 0.0000
vt 0.5114 0.1562 0.0000
vt 0.5149 0.1746 0.0000
vt 0.5102 0.1564 0.0000
vt 0.5103 0.1187 0.0000
vt 0.5107 0.1375 0.0000
vt 0.5095 0.1375 0.0000
vt 0.5105 0.1186 0.0000
vt 0.5083 0.1375 0.0000
vt 0.5093 0.1185 0.0000
vt 0.5207 0.0818 0.0000
vt 0.5155 0.1003 0.0000
vt 0.5144 0.0999 0.0000
vt 0.5209 0.0819 0.0000
vt 0.5132 0.0996 0.0000
vt 0.5198 0.0814 0.0000
vt 0.5414 0.0492 0.0000
vt 0.5311 0.0655 0.0000
vt 0.5300 0.0648 0.0000
vt 0.5415 0.0493 0.0000
vt 0.5290 0.0642 0.0000
vt 0.5406 0.0485 0.0000
vt 0.5704 0.0237 0.0000
vt 0.5559 0.0364 0.0000
vt 0.5551 0.0355 0.0000
vt 0.5706 0.0242 0.0000
vt 0.5543 0.0346 0.0000
vt 0.5700 0.0232 0.0000
vt 0.6060 0.0107 0.0000
vt 0.5882 0.0172 0.0000
vt 0.5878 0.0161 0.0000
vt 0.6060 0.0110 0.0000
vt 0.5874 0.0150 0.0000
vt 0.6057 0.0098 0.0000
vt 0.6431 0.0090 0.0000
vt 0.6246 0.0099 0.0000
vt 0.6245 0.0087 0.0000
vt 0.6430 0.0093 0.0000
vt 0.6245 0.0075 0.0000
vt 0.6431 0.0081 0.0000
vt 0.6783 0.0188 0.0000
vt 0.6607 0.0139 0.0000
vt 0.6610 0.0128 0.0000
vt 0.6782 0.0192 0.0000
vt 0.6613 0.0117 0.0000
vt 0.6787 0.0181 0.0000
vt 0.7087 0.0399 0.0000
vt 0.6935 0.0293 0.0000
vt 0.6942 0.0284 0.0000
vt 0.7086 0.0403 0.0000
vt 0.6949 0.0274 0.0000
vt 0.7094 0.0394 0.0000
vt 0.7314 0.0713 0.0000
vt 0.7201 0.0556 0.0000
vt 0.7211 0.0548 0.0000
vt 0.7313 0.0718 0.0000
vt 0.7221 0.0541 0.0000
vt 0.7325 0.0712 0.0000
vt 0.7380 0.0914 0.0000
vt 0.7392 0.0910 0.0000
vt 0.7404 0.0906 0.0000
vt 0.7485 0.1315 0.0000
vt 0.7471 0.1517 0.0000
vt 0.7468 0.1108 0.0000
vt 0.7480 0.1106 0.0000
vt 0.7498 0.1315 0.0000
vt 0.7483 0.1519 0.0000
vt 0.7424 0.1712 0.0000
vt 0.7349 0.1894 0.0000
vt 0.7436 0.1716 0.0000
vt 0.7360 0.1899 0.0000
vt 0.7248 0.2060 0.0000
vt 0.7123 0.2206 0.0000
vt 0.7257 0.2067 0.0000
vt 0.7131 0.2215 0.0000
vt 0.6978 0.2330 0.0000
vt 0.6816 0.2429 0.0000
vt 0.6985 0.2340 0.0000
vt 0.6822 0.2440 0.0000
vt 0.6642 0.2502 0.0000
vt 0.6460 0.2546 0.0000
vt 0.6646 0.2513 0.0000
vt 0.6462 0.2557 0.0000
vt 0.6274 0.2561 0.0000
vt 0.6089 0.2548 0.0000
vt 0.6274 0.2573 0.0000
vt 0.6087 0.2559 0.0000
vt 0.5908 0.2506 0.0000
vt 0.5736 0.2436 0.0000
vt 0.5905 0.2517 0.0000
vt 0.5731 0.2447 0.0000
vt 0.5578 0.2341 0.0000
vt 0.5435 0.2222 0.0000
vt 0.5571 0.2351 0.0000
vt 0.5427 0.2230 0.0000
vt 0.5313 0.2082 0.0000
vt 0.5213 0.1923 0.0000
vt 0.5303 0.2089 0.0000
vt 0.5202 0.1929 0.0000
vt 0.5138 0.1750 0.0000
vt 0.5090 0.1566 0.0000
vt 0.5127 0.1754 0.0000
vt 0.5079 0.1568 0.0000
vt 0.5071 0.1376 0.0000
vt 0.5081 0.1183 0.0000
vt 0.5060 0.1376 0.0000
vt 0.5070 0.1182 0.0000
vt 0.5120 0.0993 0.0000
vt 0.5187 0.0809 0.0000
vt 0.5109 0.0990 0.0000
vt 0.5176 0.0804 0.0000
vt 0.5280 0.0635 0.0000
vt 0.5397 0.0477 0.0000
vt 0.5270 0.0629 0.0000
vt 0.5388 0.0469 0.0000
vt 0.5536 0.0336 0.0000
vt 0.5694 0.0221 0.0000
vt 0.5528 0.0327 0.0000
vt 0.5688 0.0211 0.0000
vt 0.5869 0.0138 0.0000
vt 0.6055 0.0086 0.0000
vt 0.5865 0.0127 0.0000
vt 0.6053 0.0075 0.0000
vt 0.6244 0.0063 0.0000
vt 0.6433 0.0070 0.0000
vt 0.6244 0.0052 0.0000
vt 0.6434 0.0058 0.0000
vt 0.6616 0.0106 0.0000
vt 0.6792 0.0171 0.0000
vt 0.6620 0.0094 0.0000
vt 0.6797 0.0160 0.0000
vt 0.6955 0.0264 0.0000
vt 0.7103 0.0386 0.0000
vt 0.6962 0.0255 0.0000
vt 0.7111 0.0377 0.0000
vt 0.7231 0.0534 0.0000
vt 0.7336 0.0707 0.0000
vt 0.7241 0.0527 0.0000
vt 0.7347 0.0701 0.0000
vt 0.7417 0.0902 0.0000
vt 0.7429 0.0898 0.0000
vt 0.7511 0.1314 0.0000
vt 0.7495 0.1521 0.0000
vt 0.7493 0.1104 0.0000
vt 0.7523 0.1101 0.0000
vt 0.7524 0.1314 0.0000
vt 0.7524 0.1527 0.0000
vt 0.7448 0.1719 0.0000
vt 0.7371 0.1905 0.0000
vt 0.7460 0.1723 0.0000
vt 0.7395 0.1919 0.0000
vt 0.7267 0.2074 0.0000
vt 0.7139 0.2223 0.0000
vt 0.7277 0.2081 0.0000
vt 0.7158 0.2243 0.0000
vt 0.6991 0.2349 0.0000
vt 0.6827 0.2450 0.0000
vt 0.6998 0.2359 0.0000
vt 0.6839 0.2475 0.0000
vt 0.6650 0.2524 0.0000
vt 0.6464 0.2569 0.0000
vt 0.6653 0.2535 0.0000
vt 0.6468 0.2595 0.0000
vt 0.6275 0.2584 0.0000
vt 0.6085 0.2571 0.0000
vt 0.6275 0.2596 0.0000
vt 0.6081 0.2597 0.0000
vt 0.5901 0.2528 0.0000
vt 0.5726 0.2457 0.0000
vt 0.5898 0.2539 0.0000
vt 0.5714 0.2481 0.0000
vt 0.5564 0.2360 0.0000
vt 0.5419 0.2239 0.0000
vt 0.5558 0.2369 0.0000
vt 0.5401 0.2258 0.0000
vt 0.5294 0.2095 0.0000
vt 0.5192 0.1934 0.0000
vt 0.5285 0.2102 0.0000
vt 0.5169 0.1947 0.0000
vt 0.5116 0.1757 0.0000
vt 0.5067 0.1570 0.0000
vt 0.5105 0.1761 0.0000
vt 0.5041 0.1576 0.0000
vt 0.5048 0.1376 0.0000
vt 0.5058 0.1180 0.0000
vt 0.5036 0.1377 0.0000
vt 0.5031 0.1178 0.0000
vt 0.5097 0.0986 0.0000
vt 0.5165 0.0799 0.0000
vt 0.5085 0.0983 0.0000
vt 0.5140 0.0788 0.0000
vt 0.5259 0.0622 0.0000
vt 0.5378 0.0461 0.0000
vt 0.5249 0.0616 0.0000
vt 0.5358 0.0444 0.0000
vt 0.5519 0.0318 0.0000
vt 0.5672 0.0185 0.0000
vt 0.5511 0.0309 0.0000
vt 0.5664 0.0175 0.0000
vt 0.5862 0.0116 0.0000
vt 0.6051 0.0063 0.0000
vt 0.5674 0.0183 0.0000
vt 0.5670 0.0172 0.0000
vt 0.5858 0.0104 0.0000
vt 0.6046 0.0037 0.0000
vt 0.6243 0.0040 0.0000
vt 0.6435 0.0047 0.0000
vt 0.6243 0.0028 0.0000
vt 0.6439 0.0020 0.0000
vt 0.6623 0.0083 0.0000
vt 0.6802 0.0150 0.0000
vt 0.6626 0.0072 0.0000
vt 0.6813 0.0124 0.0000
vt 0.6969 0.0245 0.0000
vt 0.7119 0.0369 0.0000
vt 0.6975 0.0235 0.0000
vt 0.7138 0.0346 0.0000
vt 0.7251 0.0519 0.0000
vt 0.7359 0.0695 0.0000
vt 0.7261 0.0512 0.0000
vt 0.7383 0.0678 0.0000
vt 0.7441 0.0894 0.0000
vt 0.7453 0.0890 0.0000
vt 0.3006 0.0828 0.0000
vt 0.3156 0.0610 0.0000
vt 0.3169 0.0619 0.0000
vt 0.3022 0.0836 0.0000
vt 0.3306 0.0393 0.0000
vt 0.3321 0.0424 0.0000
vt 0.3332 0.0433 0.0000
vt 0.3183 0.0628 0.0000
vt 0.3038 0.0844 0.0000
vt 0.2790 0.1446 0.0000
vt 0.2898 0.1137 0.0000
vt 0.2915 0.1143 0.0000
vt 0.2830 0.1437 0.0000
vt 0.2931 0.1149 0.0000
vt 0.2847 0.1441 0.0000
vt 0.2761 0.1967 0.0000
vt 0.2775 0.1706 0.0000
vt 0.2791 0.1708 0.0000
vt 0.2792 0.1951 0.0000
vt 0.2807 0.1709 0.0000
vt 0.2807 0.1950 0.0000
vt 0.2872 0.2371 0.0000
vt 0.2817 0.2169 0.0000
vt 0.2829 0.2166 0.0000
vt 0.2895 0.2351 0.0000
vt 0.2841 0.2163 0.0000
vt 0.2906 0.2346 0.0000
vt 0.3085 0.2650 0.0000
vt 0.2979 0.2511 0.0000
vt 0.2987 0.2504 0.0000
vt 0.3100 0.2627 0.0000
vt 0.2996 0.2498 0.0000
vt 0.3107 0.2620 0.0000
vt 0.3367 0.2805 0.0000
vt 0.3226 0.2727 0.0000
vt 0.3231 0.2719 0.0000
vt 0.3375 0.2780 0.0000
vt 0.3236 0.2711 0.0000
vt 0.3378 0.2771 0.0000
vt 0.3691 0.2836 0.0000
vt 0.3529 0.2820 0.0000
vt 0.3530 0.2811 0.0000
vt 0.3692 0.2812 0.0000
vt 0.3531 0.2801 0.0000
vt 0.3691 0.2802 0.0000
vt 0.4026 0.2751 0.0000
vt 0.3859 0.2793 0.0000
vt 0.3856 0.2783 0.0000
vt 0.4019 0.2728 0.0000
vt 0.3854 0.2773 0.0000
vt 0.4015 0.2718 0.0000
vt 0.4341 0.2562 0.0000
vt 0.4183 0.2656 0.0000
vt 0.4178 0.2647 0.0000
vt 0.4329 0.2543 0.0000
vt 0.4172 0.2638 0.0000
vt 0.4322 0.2534 0.0000
vt 0.4612 0.2289 0.0000
vt 0.4477 0.2425 0.0000
vt 0.4468 0.2417 0.0000
vt 0.4595 0.2274 0.0000
vt 0.4460 0.2409 0.0000
vt 0.4586 0.2266 0.0000
vt 0.4821 0.1952 0.0000
vt 0.4717 0.2121 0.0000
vt 0.4706 0.2114 0.0000
vt 0.4800 0.1942 0.0000
vt 0.4696 0.2108 0.0000
vt 0.4789 0.1937 0.0000
vt 0.4952 0.1575 0.0000
vt 0.4886 0.1764 0.0000
vt 0.4875 0.1760 0.0000
vt 0.4929 0.1570 0.0000
vt 0.4864 0.1756 0.0000
vt 0.4918 0.1568 0.0000
vt 0.4996 0.1181 0.0000
vt 0.4974 0.1378 0.0000
vt 0.4962 0.1377 0.0000
vt 0.4973 0.1183 0.0000
vt 0.4951 0.1375 0.0000
vt 0.4962 0.1183 0.0000
vt 0.4950 0.0801 0.0000
vt 0.4973 0.0991 0.0000
vt 0.4962 0.0992 0.0000
vt 0.4929 0.0809 0.0000
vt 0.4951 0.0994 0.0000
vt 0.4918 0.0812 0.0000
vt 0.4818 0.0463 0.0000
vt 0.4884 0.0632 0.0000
vt 0.4874 0.0636 0.0000
vt 0.4798 0.0477 0.0000
vt 0.4864 0.0640 0.0000
vt 0.4789 0.0482 0.0000
vt 0.4605 0.0193 0.0000
vt 0.4712 0.0328 0.0000
vt 0.4704 0.0334 0.0000
vt 0.4589 0.0216 0.0000
vt 0.4696 0.0341 0.0000
vt 0.4583 0.0224 0.0000
vt 0.4313 0.0047 0.0000
vt 0.4459 0.0120 0.0000
vt 0.4455 0.0128 0.0000
vt 0.4306 0.0071 0.0000
vt 0.4450 0.0137 0.0000
vt 0.4304 0.0081 0.0000
vt 0.3985 0.0020 0.0000
vt 0.4149 0.0033 0.0000
vt 0.4148 0.0043 0.0000
vt 0.3984 0.0047 0.0000
vt 0.4148 0.0053 0.0000
vt 0.3986 0.0057 0.0000
vt 0.3641 0.0129 0.0000
vt 0.3813 0.0075 0.0000
vt 0.3817 0.0085 0.0000
vt 0.3648 0.0159 0.0000
vt 0.3820 0.0095 0.0000
vt 0.3654 0.0169 0.0000
vt 0.3474 0.0261 0.0000
vt 0.3482 0.0271 0.0000
vt 0.3490 0.0281 0.0000
vt 0.3196 0.0637 0.0000
vt 0.3054 0.0852 0.0000
vt 0.3342 0.0443 0.0000
vt 0.3353 0.0452 0.0000
vt 0.3209 0.0646 0.0000
vt 0.3070 0.0860 0.0000
vt 0.2948 0.1154 0.0000
vt 0.2864 0.1445 0.0000
vt 0.2965 0.1160 0.0000
vt 0.2881 0.1448 0.0000
vt 0.2823 0.1710 0.0000
vt 0.2821 0.1949 0.0000
vt 0.2838 0.1712 0.0000
vt 0.2835 0.1948 0.0000
vt 0.2853 0.2160 0.0000
vt 0.2916 0.2341 0.0000
vt 0.2866 0.2157 0.0000
vt 0.2927 0.2336 0.0000
vt 0.3004 0.2492 0.0000
vt 0.3114 0.2612 0.0000
vt 0.3013 0.2486 0.0000
vt 0.3120 0.2605 0.0000
vt 0.3240 0.2702 0.0000
vt 0.3381 0.2762 0.0000
vt 0.3245 0.2694 0.0000
vt 0.3384 0.2753 0.0000
vt 0.3532 0.2791 0.0000
vt 0.3690 0.2792 0.0000
vt 0.3533 0.2782 0.0000
vt 0.3689 0.2782 0.0000
vt 0.3851 0.2763 0.0000
vt 0.4011 0.2708 0.0000
vt 0.3849 0.2754 0.0000
vt 0.4007 0.2699 0.0000
vt 0.4167 0.2628 0.0000
vt 0.4315 0.2525 0.0000
vt 0.4161 0.2619 0.0000
vt 0.4308 0.2516 0.0000
vt 0.4452 0.2401 0.0000
vt 0.4577 0.2259 0.0000
vt 0.4444 0.2393 0.0000
vt 0.4568 0.2252 0.0000
vt 0.4686 0.2102 0.0000
vt 0.4779 0.1932 0.0000
vt 0.4676 0.2096 0.0000
vt 0.4768 0.1927 0.0000
vt 0.4852 0.1752 0.0000
vt 0.4906 0.1565 0.0000
vt 0.4841 0.1748 0.0000
vt 0.4894 0.1562 0.0000
vt 0.4939 0.1374 0.0000
vt 0.4950 0.1183 0.0000
vt 0.4927 0.1373 0.0000
vt 0.4938 0.1183 0.0000
vt 0.4939 0.0995 0.0000
vt 0.4907 0.0814 0.0000
vt 0.4928 0.0996 0.0000
vt 0.4896 0.0817 0.0000
vt 0.4853 0.0644 0.0000
vt 0.4780 0.0487 0.0000
vt 0.4843 0.0648 0.0000
vt 0.4771 0.0492 0.0000
vt 0.4688 0.0347 0.0000
vt 0.4577 0.0231 0.0000
vt 0.4680 0.0354 0.0000
vt 0.4570 0.0239 0.0000
vt 0.4446 0.0146 0.0000
vt 0.4301 0.0090 0.0000
vt 0.4441 0.0154 0.0000
vt 0.4298 0.0099 0.0000
vt 0.4147 0.0063 0.0000
vt 0.3987 0.0068 0.0000
vt 0.4146 0.0073 0.0000
vt 0.3988 0.0078 0.0000
vt 0.3824 0.0106 0.0000
vt 0.3660 0.0179 0.0000
vt 0.3827 0.0116 0.0000
vt 0.3666 0.0190 0.0000
vt 0.3498 0.0291 0.0000
vt 0.3506 0.0301 0.0000
vt 0.3223 0.0654 0.0000
vt 0.3087 0.0867 0.0000
vt 0.3364 0.0462 0.0000
vt 0.3375 0.0471 0.0000
vt 0.3237 0.0663 0.0000
vt 0.3103 0.0875 0.0000
vt 0.2982 0.1166 0.0000
vt 0.2897 0.1452 0.0000
vt 0.2999 0.1172 0.0000
vt 0.2914 0.1456 0.0000
vt 0.2854 0.1713 0.0000
vt 0.2849 0.1947 0.0000
vt 0.2870 0.1715 0.0000
vt 0.2863 0.1947 0.0000
vt 0.2878 0.2154 0.0000
vt 0.2937 0.2332 0.0000
vt 0.2890 0.2151 0.0000
vt 0.2947 0.2327 0.0000
vt 0.3021 0.2480 0.0000
vt 0.3127 0.2598 0.0000
vt 0.3030 0.2474 0.0000
vt 0.3133 0.2590 0.0000
vt 0.3250 0.2686 0.0000
vt 0.3387 0.2744 0.0000
vt 0.3254 0.2677 0.0000
vt 0.3390 0.2735 0.0000
vt 0.3534 0.2772 0.0000
vt 0.3689 0.2772 0.0000
vt 0.3535 0.2763 0.0000
vt 0.3688 0.2762 0.0000
vt 0.3846 0.2744 0.0000
vt 0.4003 0.2689 0.0000
vt 0.3843 0.2734 0.0000
vt 0.3999 0.2679 0.0000
vt 0.4155 0.2609 0.0000
vt 0.4301 0.2507 0.0000
vt 0.4150 0.2600 0.0000
vt 0.4293 0.2498 0.0000
vt 0.4436 0.2385 0.0000
vt 0.4558 0.2245 0.0000
vt 0.4427 0.2377 0.0000
vt 0.4549 0.2237 0.0000
vt 0.4666 0.2089 0.0000
vt 0.4757 0.1921 0.0000
vt 0.4656 0.2083 0.0000
vt 0.4746 0.1916 0.0000
vt 0.4830 0.1744 0.0000
vt 0.4883 0.1560 0.0000
vt 0.4818 0.1740 0.0000
vt 0.4871 0.1557 0.0000
vt 0.4915 0.1371 0.0000
vt 0.4926 0.1183 0.0000
vt 0.4903 0.1370 0.0000
vt 0.4915 0.1183 0.0000
vt 0.4916 0.0998 0.0000
vt 0.4885 0.0820 0.0000
vt 0.4905 0.0999 0.0000
vt 0.4874 0.0822 0.0000
vt 0.4833 0.0652 0.0000
vt 0.4762 0.0498 0.0000
vt 0.4823 0.0656 0.0000
vt 0.4753 0.0503 0.0000
vt 0.4672 0.0360 0.0000
vt 0.4564 0.0246 0.0000
vt 0.4665 0.0366 0.0000
vt 0.4558 0.0254 0.0000
vt 0.4437 0.0163 0.0000
vt 0.4296 0.0108 0.0000
vt 0.4433 0.0171 0.0000
vt 0.4293 0.0118 0.0000
vt 0.4146 0.0083 0.0000
vt 0.3990 0.0088 0.0000
vt 0.4145 0.0092 0.0000
vt 0.3991 0.0098 0.0000
vt 0.3831 0.0126 0.0000
vt 0.3671 0.0200 0.0000
vt 0.3834 0.0136 0.0000
vt 0.3677 0.0210 0.0000
vt 0.3515 0.0311 0.0000
vt 0.3523 0.0321 0.0000
vt 0.3250 0.0671 0.0000
vt 0.3119 0.0882 0.0000
vt 0.3386 0.0480 0.0000
vt 0.3015 0.1178 0.0000
vt 0.2931 0.1460 0.0000
vt 0.2885 0.1717 0.0000
vt 0.2877 0.1946 0.0000
vt 0.2902 0.2149 0.0000
vt 0.2958 0.2323 0.0000
vt 0.3038 0.2468 0.0000
vt 0.3140 0.2583 0.0000
vt 0.3259 0.2669 0.0000
vt 0.3392 0.2726 0.0000
vt 0.3536 0.2753 0.0000
vt 0.3687 0.2752 0.0000
vt 0.3841 0.2724 0.0000
vt 0.3994 0.2669 0.0000
vt 0.4144 0.2590 0.0000
vt 0.4286 0.2490 0.0000
vt 0.4419 0.2369 0.0000
vt 0.4540 0.2230 0.0000
vt 0.4646 0.2077 0.0000
vt 0.4735 0.1911 0.0000
vt 0.4807 0.1736 0.0000
vt 0.4859 0.1554 0.0000
vt 0.4891 0.1368 0.0000
vt 0.4903 0.1183 0.0000
vt 0.4893 0.1000 0.0000
vt 0.4863 0.0825 0.0000
vt 0.4813 0.0660 0.0000
vt 0.4744 0.0508 0.0000
vt 0.4657 0.0373 0.0000
vt 0.4552 0.0261 0.0000
vt 0.4428 0.0179 0.0000
vt 0.4291 0.0127 0.0000
vt 0.4144 0.0102 0.0000
vt 0.3993 0.0108 0.0000
vt 0.3838 0.0146 0.0000
vt 0.3683 0.0220 0.0000
vt 0.3531 0.0330 0.0000
vt 0.2591 0.3978 0.0000
vt 0.2694 0.3808 0.0000
vt 0.2705 0.3815 0.0000
vt 0.2604 0.3984 0.0000
vt 0.2801 0.3655 0.0000
vt 0.2810 0.3662 0.0000
vt 0.2815 0.3652 0.0000
vt 0.2716 0.3821 0.0000
vt 0.2617 0.3989 0.0000
vt 0.2439 0.4442 0.0000
vt 0.2507 0.4215 0.0000
vt 0.2521 0.4220 0.0000
vt 0.2452 0.4445 0.0000
vt 0.2534 0.4224 0.0000
vt 0.2451 0.4459 0.0000
vt 0.2393 0.4830 0.0000
vt 0.2402 0.4646 0.0000
vt 0.2414 0.4648 0.0000
vt 0.2404 0.4829 0.0000
vt 0.2426 0.4650 0.0000
vt 0.2401 0.4840 0.0000
vt 0.2456 0.5130 0.0000
vt 0.2412 0.4991 0.0000
vt 0.2422 0.4989 0.0000
vt 0.2464 0.5127 0.0000
vt 0.2431 0.4988 0.0000
vt 0.2461 0.5135 0.0000
vt 0.2599 0.5338 0.0000
vt 0.2519 0.5246 0.0000
vt 0.2525 0.5241 0.0000
vt 0.2604 0.5332 0.0000
vt 0.2532 0.5237 0.0000
vt 0.2602 0.5339 0.0000
vt 0.2800 0.5451 0.0000
vt 0.2694 0.5406 0.0000
vt 0.2698 0.5400 0.0000
vt 0.2802 0.5445 0.0000
vt 0.2701 0.5394 0.0000
vt 0.2800 0.5449 0.0000
vt 0.3034 0.5472 0.0000
vt 0.2914 0.5473 0.0000
vt 0.2915 0.5466 0.0000
vt 0.3034 0.5464 0.0000
vt 0.2916 0.5459 0.0000
vt 0.3031 0.5468 0.0000
vt 0.3280 0.5405 0.0000
vt 0.3157 0.5449 0.0000
vt 0.3155 0.5441 0.0000
vt 0.3276 0.5398 0.0000
vt 0.3153 0.5434 0.0000
vt 0.3275 0.5400 0.0000
vt 0.3513 0.5261 0.0000
vt 0.3399 0.5342 0.0000
vt 0.3395 0.5335 0.0000
vt 0.3507 0.5254 0.0000
vt 0.3390 0.5327 0.0000
vt 0.3506 0.5255 0.0000
vt 0.3715 0.5053 0.0000
vt 0.3619 0.5164 0.0000
vt 0.3612 0.5158 0.0000
vt 0.3708 0.5047 0.0000
vt 0.3606 0.5151 0.0000
vt 0.3706 0.5048 0.0000
vt 0.3872 0.4797 0.0000
vt 0.3800 0.4930 0.0000
vt 0.3792 0.4925 0.0000
vt 0.3863 0.4793 0.0000
vt 0.3784 0.4920 0.0000
vt 0.3862 0.4793 0.0000
vt 0.3971 0.4512 0.0000
vt 0.3929 0.4657 0.0000
vt 0.3920 0.4654 0.0000
vt 0.3962 0.4510 0.0000
vt 0.3911 0.4651 0.0000
vt 0.3960 0.4509 0.0000
vt 0.4006 0.4214 0.0000
vt 0.3997 0.4363 0.0000
vt 0.3988 0.4362 0.0000
vt 0.3997 0.4214 0.0000
vt 0.3978 0.4361 0.0000
vt 0.3996 0.4212 0.0000
vt 0.3975 0.3928 0.0000
vt 0.3999 0.4068 0.0000
vt 0.3990 0.4069 0.0000
vt 0.3966 0.3930 0.0000
vt 0.3981 0.4070 0.0000
vt 0.3966 0.3928 0.0000
vt 0.3880 0.3674 0.0000
vt 0.3935 0.3796 0.0000
vt 0.3927 0.3799 0.0000
vt 0.3873 0.3678 0.0000
vt 0.3919 0.3802 0.0000
vt 0.3872 0.3675 0.0000
vt 0.3728 0.3477 0.0000
vt 0.3811 0.3566 0.0000
vt 0.3804 0.3570 0.0000
vt 0.3729 0.3469 0.0000
vt 0.3797 0.3575 0.0000
vt 0.3722 0.3474 0.0000
vt 0.3520 0.3370 0.0000
vt 0.3630 0.3412 0.0000
vt 0.3627 0.3419 0.0000
vt 0.3518 0.3377 0.0000
vt 0.3732 0.3472 0.0000
vt 0.3729 0.3479 0.0000
vt 0.3624 0.3426 0.0000
vt 0.3520 0.3373 0.0000
vt 0.3283 0.3355 0.0000
vt 0.3404 0.3351 0.0000
vt 0.3403 0.3358 0.0000
vt 0.3284 0.3363 0.0000
vt 0.3403 0.3365 0.0000
vt 0.3286 0.3358 0.0000
vt 0.3037 0.3446 0.0000
vt 0.3160 0.3387 0.0000
vt 0.3163 0.3394 0.0000
vt 0.3042 0.3453 0.0000
vt 0.3166 0.3402 0.0000
vt 0.3045 0.3446 0.0000
vt 0.2917 0.3535 0.0000
vt 0.2923 0.3542 0.0000
vt 0.2930 0.3549 0.0000
vt 0.5600 0.5914 0.0000
vt 0.5599 0.5752 0.0000
vt 0.5609 0.5752 0.0000
vt 0.5598 0.5912 0.0000
vt 0.5597 0.5590 0.0000
vt 0.5595 0.5588 0.0000
vt 0.5605 0.5587 0.0000
vt 0.5619 0.5752 0.0000
vt 0.5608 0.5913 0.0000
vt 0.5504 0.6212 0.0000
vt 0.5552 0.6063 0.0000
vt 0.5562 0.6066 0.0000
vt 0.5502 0.6210 0.0000
vt 0.5571 0.6069 0.0000
vt 0.5511 0.6214 0.0000
vt 0.5325 0.6459 0.0000
vt 0.5414 0.6335 0.0000
vt 0.5422 0.6341 0.0000
vt 0.5323 0.6457 0.0000
vt 0.5430 0.6347 0.0000
vt 0.5330 0.6463 0.0000
vt 0.5082 0.6636 0.0000
vt 0.5203 0.6547 0.0000
vt 0.5209 0.6555 0.0000
vt 0.5082 0.6633 0.0000
vt 0.5215 0.6563 0.0000
vt 0.5086 0.6642 0.0000
vt 0.4800 0.6728 0.0000
vt 0.4941 0.6682 0.0000
vt 0.4944 0.6691 0.0000
vt 0.4800 0.6726 0.0000
vt 0.4947 0.6700 0.0000
vt 0.4802 0.6735 0.0000
vt 0.4506 0.6730 0.0000
vt 0.4653 0.6729 0.0000
vt 0.4653 0.6738 0.0000
vt 0.4506 0.6727 0.0000
vt 0.4653 0.6747 0.0000
vt 0.4505 0.6737 0.0000
vt 0.4227 0.6641 0.0000
vt 0.4366 0.6685 0.0000
vt 0.4364 0.6694 0.0000
vt 0.4228 0.6639 0.0000
vt 0.4361 0.6703 0.0000
vt 0.4224 0.6648 0.0000
vt 0.3988 0.6472 0.0000
vt 0.4108 0.6556 0.0000
vt 0.4102 0.6564 0.0000
vt 0.3990 0.6470 0.0000
vt 0.4097 0.6571 0.0000
vt 0.3983 0.6476 0.0000
vt 0.3812 0.6235 0.0000
vt 0.3900 0.6353 0.0000
vt 0.3893 0.6359 0.0000
vt 0.3814 0.6233 0.0000
vt 0.3885 0.6364 0.0000
vt 0.3805 0.6238 0.0000
vt 0.3715 0.5952 0.0000
vt 0.3764 0.6093 0.0000
vt 0.3755 0.6096 0.0000
vt 0.3717 0.5951 0.0000
vt 0.3746 0.6099 0.0000
vt 0.3708 0.5952 0.0000
vt 0.3709 0.5648 0.0000
vt 0.3712 0.5800 0.0000
vt 0.3703 0.5800 0.0000
vt 0.3711 0.5648 0.0000
vt 0.3693 0.5800 0.0000
vt 0.3701 0.5647 0.0000
vt 0.3793 0.5351 0.0000
vt 0.3751 0.5500 0.0000
vt 0.3741 0.5497 0.0000
vt 0.3794 0.5352 0.0000
vt 0.3732 0.5495 0.0000
vt 0.3785 0.5348 0.0000
vt 0.3960 0.5088 0.0000
vt 0.3876 0.5220 0.0000
vt 0.3868 0.5214 0.0000
vt 0.3961 0.5089 0.0000
vt 0.3860 0.5209 0.0000
vt 0.3953 0.5082 0.0000
vt 0.4193 0.4882 0.0000
vt 0.4077 0.4985 0.0000
vt 0.4070 0.4978 0.0000
vt 0.4195 0.4887 0.0000
vt 0.4064 0.4970 0.0000
vt 0.4190 0.4878 0.0000
vt 0.4481 0.4778 0.0000
vt 0.4337 0.4830 0.0000
vt 0.4334 0.4821 0.0000
vt 0.4480 0.4780 0.0000
vt 0.4330 0.4812 0.0000
vt 0.4478 0.4771 0.0000
vt 0.4779 0.4764 0.0000
vt 0.4630 0.4771 0.0000
vt 0.4630 0.4762 0.0000
vt 0.4779 0.4766 0.0000
vt 0.4629 0.4752 0.0000
vt 0.4780 0.4757 0.0000
vt 0.5063 0.4843 0.0000
vt 0.4921 0.4804 0.0000
vt 0.4924 0.4795 0.0000
vt 0.5062 0.4846 0.0000
vt 0.4926 0.4786 0.0000
vt 0.5066 0.4838 0.0000
vt 0.5308 0.5013 0.0000
vt 0.5186 0.4928 0.0000
vt 0.5191 0.4920 0.0000
vt 0.5307 0.5016 0.0000
vt 0.5197 0.4913 0.0000
vt 0.5314 0.5010 0.0000
vt 0.5491 0.5266 0.0000
vt 0.5400 0.5140 0.0000
vt 0.5408 0.5134 0.0000
vt 0.5491 0.5270 0.0000
vt 0.5416 0.5128 0.0000
vt 0.5500 0.5266 0.0000
vt 0.5544 0.5428 0.0000
vt 0.5554 0.5425 0.0000
vt 0.5564 0.5422 0.0000
vt 0.5630 0.5751 0.0000
vt 0.5618 0.5915 0.0000
vt 0.5615 0.5585 0.0000
vt 0.5625 0.5583 0.0000
vt 0.5640 0.5751 0.0000
vt 0.5628 0.5916 0.0000
vt 0.5580 0.6072 0.0000
vt 0.5520 0.6218 0.0000
vt 0.5590 0.6075 0.0000
vt 0.5528 0.6223 0.0000
vt 0.5438 0.6352 0.0000
vt 0.5337 0.6470 0.0000
vt 0.5446 0.6358 0.0000
vt 0.5344 0.6477 0.0000
vt 0.5220 0.6570 0.0000
vt 0.5090 0.6650 0.0000
vt 0.5226 0.6578 0.0000
vt 0.5094 0.6659 0.0000
vt 0.4950 0.6709 0.0000
vt 0.4803 0.6744 0.0000
vt 0.4953 0.6717 0.0000
vt 0.4805 0.6753 0.0000
vt 0.4653 0.6757 0.0000
vt 0.4504 0.6746 0.0000
vt 0.4653 0.6766 0.0000
vt 0.4502 0.6755 0.0000
vt 0.4358 0.6712 0.0000
vt 0.4219 0.6656 0.0000
vt 0.4355 0.6721 0.0000
vt 0.4215 0.6664 0.0000
vt 0.4091 0.6579 0.0000
vt 0.3977 0.6483 0.0000
vt 0.4086 0.6587 0.0000
vt 0.3970 0.6490 0.0000
vt 0.3878 0.6370 0.0000
vt 0.3797 0.6242 0.0000
vt 0.3870 0.6375 0.0000
vt 0.3789 0.6246 0.0000
vt 0.3737 0.6102 0.0000
vt 0.3699 0.5954 0.0000
vt 0.3728 0.6105 0.0000
vt 0.3689 0.5956 0.0000
vt 0.3683 0.5801 0.0000
vt 0.3691 0.5646 0.0000
vt 0.3674 0.5801 0.0000
vt 0.3682 0.5644 0.0000
vt 0.3723 0.5492 0.0000
vt 0.3776 0.5344 0.0000
vt 0.3713 0.5489 0.0000
vt 0.3768 0.5340 0.0000
vt 0.3851 0.5204 0.0000
vt 0.3946 0.5076 0.0000
vt 0.3843 0.5199 0.0000
vt 0.3938 0.5070 0.0000
vt 0.4058 0.4963 0.0000
vt 0.4185 0.4870 0.0000
vt 0.4051 0.4955 0.0000
vt 0.4180 0.4861 0.0000
vt 0.4327 0.4803 0.0000
vt 0.4476 0.4761 0.0000
vt 0.4323 0.4794 0.0000
vt 0.4475 0.4752 0.0000
vt 0.4629 0.4743 0.0000
vt 0.4781 0.4748 0.0000
vt 0.4628 0.4733 0.0000
vt 0.4782 0.4739 0.0000
vt 0.4929 0.4777 0.0000
vt 0.5070 0.4829 0.0000
vt 0.4931 0.4768 0.0000
vt 0.5074 0.4821 0.0000
vt 0.5202 0.4905 0.0000
vt 0.5321 0.5003 0.0000
vt 0.5208 0.4897 0.0000
vt 0.5328 0.4996 0.0000
vt 0.5424 0.5122 0.0000
vt 0.5509 0.5261 0.0000
vt 0.5432 0.5116 0.0000
vt 0.5518 0.5257 0.0000
vt 0.5574 0.5418 0.0000
vt 0.5584 0.5415 0.0000
vt 0.5650 0.5751 0.0000
vt 0.5638 0.5918 0.0000
vt 0.5636 0.5581 0.0000
vt 0.5660 0.5579 0.0000
vt 0.5660 0.5751 0.0000
vt 0.5661 0.5923 0.0000
vt 0.5599 0.6078 0.0000
vt 0.5537 0.6227 0.0000
vt 0.5609 0.6081 0.0000
vt 0.5557 0.6239 0.0000
vt 0.5453 0.6364 0.0000
vt 0.5351 0.6484 0.0000
vt 0.5461 0.6369 0.0000
vt 0.5366 0.6500 0.0000
vt 0.5231 0.6586 0.0000
vt 0.5099 0.6667 0.0000
vt 0.5237 0.6593 0.0000
vt 0.5108 0.6687 0.0000
vt 0.4956 0.6726 0.0000
vt 0.4806 0.6763 0.0000
vt 0.4959 0.6735 0.0000
vt 0.4809 0.6784 0.0000
vt 0.4653 0.6775 0.0000
vt 0.4501 0.6764 0.0000
vt 0.4653 0.6785 0.0000
vt 0.4497 0.6785 0.0000
vt 0.4352 0.6730 0.0000
vt 0.4211 0.6672 0.0000
vt 0.4350 0.6738 0.0000
vt 0.4202 0.6692 0.0000
vt 0.4081 0.6594 0.0000
vt 0.3964 0.6496 0.0000
vt 0.4075 0.6602 0.0000
vt 0.3949 0.6512 0.0000
vt 0.3863 0.6381 0.0000
vt 0.3781 0.6251 0.0000
vt 0.3855 0.6387 0.0000
vt 0.3762 0.6261 0.0000
vt 0.3719 0.6108 0.0000
vt 0.3680 0.5957 0.0000
vt 0.3710 0.6112 0.0000
vt 0.3659 0.5962 0.0000
vt 0.3664 0.5801 0.0000
vt 0.3672 0.5643 0.0000
vt 0.3655 0.5801 0.0000
vt 0.3651 0.5641 0.0000
vt 0.3704 0.5487 0.0000
vt 0.3759 0.5336 0.0000
vt 0.3695 0.5484 0.0000
vt 0.3739 0.5327 0.0000
vt 0.3835 0.5193 0.0000
vt 0.3931 0.5063 0.0000
vt 0.3826 0.5188 0.0000
vt 0.3914 0.5049 0.0000
vt 0.4044 0.4948 0.0000
vt 0.4167 0.4840 0.0000
vt 0.4038 0.4941 0.0000
vt 0.4161 0.4832 0.0000
vt 0.4320 0.4785 0.0000
vt 0.4473 0.4743 0.0000
vt 0.4169 0.4839 0.0000
vt 0.4166 0.4830 0.0000
vt 0.4318 0.4776 0.0000
vt 0.4469 0.4721 0.0000
vt 0.4628 0.4724 0.0000
vt 0.4783 0.4729 0.0000
vt 0.4628 0.4714 0.0000
vt 0.4786 0.4708 0.0000
vt 0.4934 0.4759 0.0000
vt 0.5078 0.4812 0.0000
vt 0.4937 0.4750 0.0000
vt 0.5087 0.4792 0.0000
vt 0.5213 0.4889 0.0000
vt 0.5335 0.4989 0.0000
vt 0.5218 0.4881 0.0000
vt 0.5349 0.4971 0.0000
vt 0.5440 0.5110 0.0000
vt 0.5527 0.5252 0.0000
vt 0.5448 0.5104 0.0000
vt 0.5547 0.5238 0.0000
vt 0.5594 0.5412 0.0000
vt 0.5604 0.5409 0.0000
vt 0.2486 0.3929 0.0000
vt 0.2607 0.3753 0.0000
vt 0.2618 0.3760 0.0000
vt 0.2499 0.3935 0.0000
vt 0.2728 0.3577 0.0000
vt 0.2740 0.3603 0.0000
vt 0.2749 0.3610 0.0000
vt 0.2629 0.3767 0.0000
vt 0.2512 0.3941 0.0000
vt 0.2312 0.4426 0.0000
vt 0.2399 0.4177 0.0000
vt 0.2413 0.4182 0.0000
vt 0.2345 0.4420 0.0000
vt 0.2426 0.4187 0.0000
vt 0.2358 0.4423 0.0000
vt 0.2289 0.4847 0.0000
vt 0.2300 0.4637 0.0000
vt 0.2313 0.4638 0.0000
vt 0.2314 0.4834 0.0000
vt 0.2326 0.4639 0.0000
vt 0.2325 0.4833 0.0000
vt 0.2379 0.5173 0.0000
vt 0.2334 0.5010 0.0000
vt 0.2343 0.5007 0.0000
vt 0.2397 0.5156 0.0000
vt 0.2353 0.5005 0.0000
vt 0.2406 0.5152 0.0000
vt 0.2550 0.5397 0.0000
vt 0.2464 0.5285 0.0000
vt 0.2471 0.5280 0.0000
vt 0.2562 0.5379 0.0000
vt 0.2478 0.5275 0.0000
vt 0.2568 0.5373 0.0000
vt 0.2778 0.5522 0.0000
vt 0.2664 0.5460 0.0000
vt 0.2668 0.5453 0.0000
vt 0.2784 0.5502 0.0000
vt 0.2671 0.5446 0.0000
vt 0.2786 0.5495 0.0000
vt 0.3039 0.5547 0.0000
vt 0.2908 0.5535 0.0000
vt 0.2909 0.5527 0.0000
vt 0.3039 0.5528 0.0000
vt 0.2910 0.5519 0.0000
vt 0.3039 0.5520 0.0000
vt 0.3309 0.5478 0.0000
vt 0.3174 0.5513 0.0000
vt 0.3172 0.5505 0.0000
vt 0.3303 0.5460 0.0000
vt 0.3170 0.5497 0.0000
vt 0.3300 0.5452 0.0000
vt 0.3563 0.5326 0.0000
vt 0.3436 0.5402 0.0000
vt 0.3431 0.5395 0.0000
vt 0.3553 0.5311 0.0000
vt 0.3427 0.5387 0.0000
vt 0.3547 0.5304 0.0000
vt 0.3781 0.5106 0.0000
vt 0.3672 0.5216 0.0000
vt 0.3665 0.5210 0.0000
vt 0.3768 0.5094 0.0000
vt 0.3659 0.5203 0.0000
vt 0.3760 0.5088 0.0000
vt 0.3949 0.4835 0.0000
vt 0.3865 0.4970 0.0000
vt 0.3857 0.4965 0.0000
vt 0.3933 0.4827 0.0000
vt 0.3849 0.4960 0.0000
vt 0.3924 0.4822 0.0000
vt 0.4055 0.4531 0.0000
vt 0.4002 0.4683 0.0000
vt 0.3993 0.4680 0.0000
vt 0.4037 0.4527 0.0000
vt 0.3984 0.4676 0.0000
vt 0.4028 0.4525 0.0000
vt 0.4091 0.4213 0.0000
vt 0.4073 0.4372 0.0000
vt 0.4064 0.4371 0.0000
vt 0.4072 0.4214 0.0000
vt 0.4054 0.4370 0.0000
vt 0.4063 0.4214 0.0000
vt 0.4054 0.3906 0.0000
vt 0.4072 0.4060 0.0000
vt 0.4063 0.4061 0.0000
vt 0.4036 0.3913 0.0000
vt 0.4054 0.4062 0.0000
vt 0.4028 0.3915 0.0000
vt 0.3947 0.3634 0.0000
vt 0.4000 0.3770 0.0000
vt 0.3992 0.3773 0.0000
vt 0.3931 0.3645 0.0000
vt 0.3984 0.3777 0.0000
vt 0.3924 0.3649 0.0000
vt 0.3776 0.3416 0.0000
vt 0.3861 0.3525 0.0000
vt 0.3855 0.3530 0.0000
vt 0.3763 0.3435 0.0000
vt 0.3849 0.3536 0.0000
vt 0.3758 0.3441 0.0000
vt 0.3540 0.3299 0.0000
vt 0.3658 0.3357 0.0000
vt 0.3654 0.3364 0.0000
vt 0.3535 0.3318 0.0000
vt 0.3651 0.3371 0.0000
vt 0.3532 0.3326 0.0000
vt 0.3275 0.3277 0.0000
vt 0.3408 0.3288 0.0000
vt 0.3407 0.3296 0.0000
vt 0.3275 0.3299 0.0000
vt 0.3407 0.3304 0.0000
vt 0.3276 0.3307 0.0000
vt 0.2999 0.3365 0.0000
vt 0.3137 0.3321 0.0000
vt 0.3140 0.3329 0.0000
vt 0.3004 0.3389 0.0000
vt 0.3143 0.3338 0.0000
vt 0.3009 0.3397 0.0000
vt 0.2863 0.3471 0.0000
vt 0.2870 0.3479 0.0000
vt 0.2876 0.3487 0.0000
vt 0.2639 0.3774 0.0000
vt 0.2525 0.3948 0.0000
vt 0.2758 0.3618 0.0000
vt 0.2766 0.3626 0.0000
vt 0.2650 0.3781 0.0000
vt 0.2538 0.3954 0.0000
vt 0.2440 0.4192 0.0000
vt 0.2372 0.4426 0.0000
vt 0.2453 0.4196 0.0000
vt 0.2385 0.4429 0.0000
vt 0.2338 0.4640 0.0000
vt 0.2337 0.4832 0.0000
vt 0.2351 0.4641 0.0000
vt 0.2348 0.4832 0.0000
vt 0.2363 0.5002 0.0000
vt 0.2414 0.5148 0.0000
vt 0.2373 0.5000 0.0000
vt 0.2422 0.5144 0.0000
vt 0.2485 0.5270 0.0000
vt 0.2573 0.5367 0.0000
vt 0.2492 0.5265 0.0000
vt 0.2578 0.5361 0.0000
vt 0.2675 0.5439 0.0000
vt 0.2789 0.5488 0.0000
vt 0.2679 0.5433 0.0000
vt 0.2791 0.5480 0.0000
vt 0.2911 0.5511 0.0000
vt 0.3038 0.5512 0.0000
vt 0.2911 0.5504 0.0000
vt 0.3037 0.5504 0.0000
vt 0.3168 0.5489 0.0000
vt 0.3297 0.5444 0.0000
vt 0.3166 0.5481 0.0000
vt 0.3293 0.5436 0.0000
vt 0.3422 0.5380 0.0000
vt 0.3541 0.5296 0.0000
vt 0.3417 0.5372 0.0000
vt 0.3536 0.5289 0.0000
vt 0.3652 0.5197 0.0000
vt 0.3753 0.5082 0.0000
vt 0.3646 0.5190 0.0000
vt 0.3745 0.5076 0.0000
vt 0.3841 0.4955 0.0000
vt 0.3915 0.4818 0.0000
vt 0.3833 0.4950 0.0000
vt 0.3907 0.4814 0.0000
vt 0.3975 0.4673 0.0000
vt 0.4018 0.4523 0.0000
vt 0.3966 0.4670 0.0000
vt 0.4009 0.4520 0.0000
vt 0.4045 0.4368 0.0000
vt 0.4054 0.4214 0.0000
vt 0.4035 0.4367 0.0000
vt 0.4044 0.4214 0.0000
vt 0.4045 0.4063 0.0000
vt 0.4019 0.3917 0.0000
vt 0.4036 0.4064 0.0000
vt 0.4010 0.3919 0.0000
vt 0.3976 0.3780 0.0000
vt 0.3917 0.3654 0.0000
vt 0.3968 0.3783 0.0000
vt 0.3909 0.3658 0.0000
vt 0.3842 0.3541 0.0000
vt 0.3753 0.3447 0.0000
vt 0.3836 0.3546 0.0000
vt 0.3748 0.3453 0.0000
vt 0.3647 0.3378 0.0000
vt 0.3530 0.3333 0.0000
vt 0.3644 0.3385 0.0000
vt 0.3528 0.3341 0.0000
vt 0.3406 0.3312 0.0000
vt 0.3277 0.3315 0.0000
vt 0.3406 0.3320 0.0000
vt 0.3278 0.3323 0.0000
vt 0.3145 0.3346 0.0000
vt 0.3013 0.3405 0.0000
vt 0.3148 0.3354 0.0000
vt 0.3018 0.3414 0.0000
vt 0.2883 0.3495 0.0000
vt 0.2890 0.3504 0.0000
vt 0.2661 0.3788 0.0000
vt 0.2551 0.3960 0.0000
vt 0.2775 0.3633 0.0000
vt 0.2784 0.3641 0.0000
vt 0.2672 0.3795 0.0000
vt 0.2564 0.3966 0.0000
vt 0.2467 0.4201 0.0000
vt 0.2399 0.4432 0.0000
vt 0.2480 0.4206 0.0000
vt 0.2412 0.4435 0.0000
vt 0.2364 0.4642 0.0000
vt 0.2359 0.4831 0.0000
vt 0.2377 0.4643 0.0000
vt 0.2371 0.4830 0.0000
vt 0.2383 0.4997 0.0000
vt 0.2431 0.5141 0.0000
vt 0.2393 0.4995 0.0000
vt 0.2439 0.5137 0.0000
vt 0.2499 0.5260 0.0000
vt 0.2584 0.5355 0.0000
vt 0.2505 0.5255 0.0000
vt 0.2589 0.5349 0.0000
vt 0.2683 0.5426 0.0000
vt 0.2793 0.5473 0.0000
vt 0.2687 0.5419 0.0000
vt 0.2796 0.5466 0.0000
vt 0.2912 0.5496 0.0000
vt 0.3037 0.5496 0.0000
vt 0.2913 0.5488 0.0000
vt 0.3036 0.5488 0.0000
vt 0.3163 0.5473 0.0000
vt 0.3290 0.5429 0.0000
vt 0.3161 0.5465 0.0000
vt 0.3287 0.5421 0.0000
vt 0.3413 0.5364 0.0000
vt 0.3530 0.5282 0.0000
vt 0.3408 0.5357 0.0000
vt 0.3524 0.5275 0.0000
vt 0.3639 0.5183 0.0000
vt 0.3738 0.5070 0.0000
vt 0.3632 0.5177 0.0000
vt 0.3730 0.5065 0.0000
vt 0.3825 0.4945 0.0000
vt 0.3898 0.4810 0.0000
vt 0.3816 0.4940 0.0000
vt 0.3889 0.4806 0.0000
vt 0.3957 0.4667 0.0000
vt 0.3999 0.4518 0.0000
vt 0.3947 0.4664 0.0000
vt 0.3990 0.4516 0.0000
vt 0.4025 0.4366 0.0000
vt 0.4035 0.4214 0.0000
vt 0.4016 0.4365 0.0000
vt 0.4025 0.4214 0.0000
vt 0.4026 0.4065 0.0000
vt 0.4001 0.3922 0.0000
vt 0.4017 0.4066 0.0000
vt 0.3992 0.3924 0.0000
vt 0.3959 0.3786 0.0000
vt 0.3902 0.3662 0.0000
vt 0.3951 0.3789 0.0000
vt 0.3895 0.3666 0.0000
vt 0.3830 0.3551 0.0000
vt 0.3743 0.3459 0.0000
vt 0.3824 0.3556 0.0000
vt 0.3738 0.3465 0.0000
vt 0.3640 0.3392 0.0000
vt 0.3526 0.3348 0.0000
vt 0.3636 0.3399 0.0000
vt 0.3524 0.3356 0.0000
vt 0.3405 0.3327 0.0000
vt 0.3279 0.3332 0.0000
vt 0.3405 0.3335 0.0000
vt 0.3280 0.3340 0.0000
vt 0.3151 0.3362 0.0000
vt 0.3023 0.3422 0.0000
vt 0.3154 0.3371 0.0000
vt 0.3028 0.3430 0.0000
vt 0.2896 0.3512 0.0000
vt 0.2903 0.3519 0.0000
vt 0.2683 0.3802 0.0000
vt 0.2578 0.3972 0.0000
vt 0.2793 0.3648 0.0000
vt 0.2494 0.4210 0.0000
vt 0.2426 0.4438 0.0000
vt 0.2389 0.4645 0.0000
vt 0.2382 0.4830 0.0000
vt 0.2403 0.4993 0.0000
vt 0.2447 0.5134 0.0000
vt 0.2512 0.5250 0.0000
vt 0.2594 0.5343 0.0000
vt 0.2690 0.5413 0.0000
vt 0.2798 0.5458 0.0000
vt 0.2914 0.5481 0.0000
vt 0.3035 0.5480 0.0000
vt 0.3159 0.5457 0.0000
vt 0.3283 0.5413 0.0000
vt 0.3404 0.5349 0.0000
vt 0.3519 0.5268 0.0000
vt 0.3626 0.5170 0.0000
vt 0.3723 0.5059 0.0000
vt 0.3808 0.4935 0.0000
vt 0.3880 0.4802 0.0000
vt 0.3938 0.4660 0.0000
vt 0.3980 0.4514 0.0000
vt 0.4006 0.4364 0.0000
vt 0.4016 0.4214 0.0000
vt 0.4008 0.4067 0.0000
vt 0.3984 0.3926 0.0000
vt 0.3943 0.3793 0.0000
vt 0.3887 0.3670 0.0000
vt 0.3817 0.3561 0.0000
vt 0.3733 0.3471 0.0000
vt 0.3633 0.3405 0.0000
vt 0.3522 0.3363 0.0000
vt 0.3404 0.3343 0.0000
vt 0.3282 0.3348 0.0000
vt 0.3157 0.3379 0.0000
vt 0.3032 0.3438 0.0000
vt 0.2910 0.3527 0.0000
vt 0.5424 0.6656 0.0000
vt 0.5496 0.6537 0.0000
vt 0.5504 0.6542 0.0000
vt 0.5433 0.6660 0.0000
vt 0.5572 0.6430 0.0000
vt 0.5578 0.6435 0.0000
vt 0.5581 0.6428 0.0000
vt 0.5512 0.6546 0.0000
vt 0.5442 0.6664 0.0000
vt 0.5318 0.6981 0.0000
vt 0.5366 0.6822 0.0000
vt 0.5375 0.6826 0.0000
vt 0.5327 0.6983 0.0000
vt 0.5384 0.6829 0.0000
vt 0.5326 0.6993 0.0000
vt 0.5286 0.7253 0.0000
vt 0.5292 0.7124 0.0000
vt 0.5300 0.7125 0.0000
vt 0.5293 0.7252 0.0000
vt 0.5309 0.7127 0.0000
vt 0.5291 0.7260 0.0000
vt 0.5329 0.7463 0.0000
vt 0.5299 0.7366 0.0000
vt 0.5306 0.7364 0.0000
vt 0.5335 0.7461 0.0000
vt 0.5312 0.7363 0.0000
vt 0.5333 0.7467 0.0000
vt 0.5430 0.7609 0.0000
vt 0.5374 0.7544 0.0000
vt 0.5378 0.7541 0.0000
vt 0.5434 0.7605 0.0000
vt 0.5383 0.7538 0.0000
vt 0.5432 0.7609 0.0000
vt 0.5571 0.7688 0.0000
vt 0.5496 0.7657 0.0000
vt 0.5499 0.7652 0.0000
vt 0.5572 0.7683 0.0000
vt 0.5501 0.7648 0.0000
vt 0.5571 0.7687 0.0000
vt 0.5735 0.7703 0.0000
vt 0.5651 0.7703 0.0000
vt 0.5651 0.7698 0.0000
vt 0.5734 0.7697 0.0000
vt 0.5652 0.7693 0.0000
vt 0.5733 0.7700 0.0000
vt 0.5907 0.7656 0.0000
vt 0.5821 0.7686 0.0000
vt 0.5819 0.7681 0.0000
vt 0.5904 0.7650 0.0000
vt 0.5818 0.7676 0.0000
vt 0.5903 0.7652 0.0000
vt 0.6070 0.7555 0.0000
vt 0.5990 0.7611 0.0000
vt 0.5987 0.7606 0.0000
vt 0.6066 0.7550 0.0000
vt 0.5984 0.7601 0.0000
vt 0.6065 0.7551 0.0000
vt 0.6212 0.7409 0.0000
vt 0.6144 0.7487 0.0000
vt 0.6140 0.7482 0.0000
vt 0.6206 0.7405 0.0000
vt 0.6135 0.7478 0.0000
vt 0.6205 0.7405 0.0000
vt 0.6321 0.7230 0.0000
vt 0.6271 0.7323 0.0000
vt 0.6265 0.7320 0.0000
vt 0.6315 0.7227 0.0000
vt 0.6260 0.7316 0.0000
vt 0.6314 0.7227 0.0000
vt 0.6391 0.7030 0.0000
vt 0.6361 0.7132 0.0000
vt 0.6355 0.7130 0.0000
vt 0.6384 0.7029 0.0000
vt 0.6349 0.7128 0.0000
vt 0.6383 0.7028 0.0000
vt 0.6415 0.6822 0.0000
vt 0.6409 0.6926 0.0000
vt 0.6402 0.6925 0.0000
vt 0.6409 0.6822 0.0000
vt 0.6396 0.6924 0.0000
vt 0.6408 0.6820 0.0000
vt 0.6393 0.6621 0.0000
vt 0.6410 0.6719 0.0000
vt 0.6404 0.6720 0.0000
vt 0.6387 0.6623 0.0000
vt 0.6398 0.6721 0.0000
vt 0.6387 0.6621 0.0000
vt 0.6327 0.6443 0.0000
vt 0.6365 0.6529 0.0000
vt 0.6360 0.6531 0.0000
vt 0.6322 0.6446 0.0000
vt 0.6354 0.6533 0.0000
vt 0.6322 0.6444 0.0000
vt 0.6220 0.6305 0.0000
vt 0.6278 0.6368 0.0000
vt 0.6274 0.6371 0.0000
vt 0.6221 0.6300 0.0000
vt 0.6269 0.6374 0.0000
vt 0.6216 0.6303 0.0000
vt 0.6075 0.6231 0.0000
vt 0.6152 0.6260 0.0000
vt 0.6150 0.6265 0.0000
vt 0.6074 0.6236 0.0000
vt 0.6223 0.6302 0.0000
vt 0.6221 0.6307 0.0000
vt 0.6148 0.6270 0.0000
vt 0.6075 0.6233 0.0000
vt 0.5909 0.6220 0.0000
vt 0.5993 0.6217 0.0000
vt 0.5993 0.6222 0.0000
vt 0.5910 0.6226 0.0000
vt 0.5993 0.6227 0.0000
vt 0.5911 0.6222 0.0000
vt 0.5737 0.6283 0.0000
vt 0.5823 0.6242 0.0000
vt 0.5825 0.6247 0.0000
vt 0.5740 0.6289 0.0000
vt 0.5827 0.6253 0.0000
vt 0.5742 0.6284 0.0000
vt 0.5652 0.6346 0.0000
vt 0.5657 0.6351 0.0000
vt 0.5662 0.6356 0.0000
vt 0.6959 0.8520 0.0000
vt 0.6958 0.8406 0.0000
vt 0.6965 0.8406 0.0000
vt 0.6957 0.8518 0.0000
vt 0.6957 0.8293 0.0000
vt 0.6955 0.8292 0.0000
vt 0.6962 0.8290 0.0000
vt 0.6972 0.8406 0.0000
vt 0.6964 0.8519 0.0000
vt 0.6892 0.8728 0.0000
vt 0.6925 0.8624 0.0000
vt 0.6932 0.8626 0.0000
vt 0.6891 0.8727 0.0000
vt 0.6939 0.8628 0.0000
vt 0.6897 0.8730 0.0000
vt 0.6766 0.8901 0.0000
vt 0.6829 0.8815 0.0000
vt 0.6834 0.8819 0.0000
vt 0.6765 0.8900 0.0000
vt 0.6840 0.8823 0.0000
vt 0.6770 0.8905 0.0000
vt 0.6596 0.9025 0.0000
vt 0.6681 0.8963 0.0000
vt 0.6685 0.8969 0.0000
vt 0.6596 0.9024 0.0000
vt 0.6689 0.8974 0.0000
vt 0.6599 0.9029 0.0000
vt 0.6399 0.9090 0.0000
vt 0.6498 0.9057 0.0000
vt 0.6500 0.9064 0.0000
vt 0.6399 0.9088 0.0000
vt 0.6502 0.9070 0.0000
vt 0.6400 0.9095 0.0000
vt 0.6193 0.9091 0.0000
vt 0.6296 0.9090 0.0000
vt 0.6296 0.9097 0.0000
vt 0.6193 0.9089 0.0000
vt 0.6296 0.9103 0.0000
vt 0.6192 0.9096 0.0000
vt 0.5997 0.9029 0.0000
vt 0.6095 0.9060 0.0000
vt 0.6093 0.9066 0.0000
vt 0.5998 0.9028 0.0000
vt 0.6091 0.9072 0.0000
vt 0.5995 0.9034 0.0000
vt 0.5830 0.8910 0.0000
vt 0.5914 0.8970 0.0000
vt 0.5910 0.8975 0.0000
vt 0.5831 0.8909 0.0000
vt 0.5906 0.8980 0.0000
vt 0.5827 0.8914 0.0000
vt 0.5707 0.8744 0.0000
vt 0.5769 0.8827 0.0000
vt 0.5763 0.8831 0.0000
vt 0.5708 0.8743 0.0000
vt 0.5758 0.8835 0.0000
vt 0.5702 0.8746 0.0000
vt 0.5639 0.8546 0.0000
vt 0.5673 0.8645 0.0000
vt 0.5667 0.8647 0.0000
vt 0.5641 0.8546 0.0000
vt 0.5661 0.8649 0.0000
vt 0.5634 0.8547 0.0000
vt 0.5634 0.8334 0.0000
vt 0.5637 0.8440 0.0000
vt 0.5630 0.8440 0.0000
vt 0.5636 0.8333 0.0000
vt 0.5623 0.8440 0.0000
vt 0.5629 0.8333 0.0000
vt 0.5693 0.8126 0.0000
vt 0.5664 0.8230 0.0000
vt 0.5657 0.8228 0.0000
vt 0.5694 0.8126 0.0000
vt 0.5651 0.8226 0.0000
vt 0.5688 0.8123 0.0000
vt 0.5810 0.7941 0.0000
vt 0.5752 0.8033 0.0000
vt 0.5746 0.8030 0.0000
vt 0.5811 0.7942 0.0000
vt 0.5740 0.8026 0.0000
vt 0.5806 0.7937 0.0000
vt 0.5974 0.7797 0.0000
vt 0.5892 0.7869 0.0000
vt 0.5888 0.7864 0.0000
vt 0.5975 0.7800 0.0000
vt 0.5883 0.7859 0.0000
vt 0.5972 0.7794 0.0000
vt 0.6175 0.7724 0.0000
vt 0.6075 0.7761 0.0000
vt 0.6072 0.7754 0.0000
vt 0.6175 0.7726 0.0000
vt 0.6070 0.7748 0.0000
vt 0.6173 0.7719 0.0000
vt 0.6384 0.7715 0.0000
vt 0.6280 0.7719 0.0000
vt 0.6279 0.7713 0.0000
vt 0.6384 0.7716 0.0000
vt 0.6279 0.7706 0.0000
vt 0.6384 0.7710 0.0000
vt 0.6583 0.7770 0.0000
vt 0.6484 0.7742 0.0000
vt 0.6485 0.7736 0.0000
vt 0.6582 0.7772 0.0000
vt 0.6487 0.7730 0.0000
vt 0.6585 0.7766 0.0000
vt 0.6755 0.7889 0.0000
vt 0.6669 0.7829 0.0000
vt 0.6673 0.7824 0.0000
vt 0.6754 0.7891 0.0000
vt 0.6677 0.7818 0.0000
vt 0.6759 0.7886 0.0000
vt 0.6883 0.8066 0.0000
vt 0.6819 0.7977 0.0000
vt 0.6824 0.7973 0.0000
vt 0.6883 0.8069 0.0000
vt 0.6830 0.7969 0.0000
vt 0.6889 0.8066 0.0000
vt 0.6920 0.8179 0.0000
vt 0.6927 0.8177 0.0000
vt 0.6934 0.8175 0.0000
vt 0.6980 0.8406 0.0000
vt 0.6971 0.8520 0.0000
vt 0.6970 0.8289 0.0000
vt 0.6977 0.8288 0.0000
vt 0.6987 0.8406 0.0000
vt 0.6978 0.8521 0.0000
vt 0.6945 0.8630 0.0000
vt 0.6903 0.8733 0.0000
vt 0.6952 0.8632 0.0000
vt 0.6909 0.8736 0.0000
vt 0.6845 0.8827 0.0000
vt 0.6775 0.8909 0.0000
vt 0.6851 0.8831 0.0000
vt 0.6780 0.8914 0.0000
vt 0.6693 0.8979 0.0000
vt 0.6602 0.9035 0.0000
vt 0.6697 0.8985 0.0000
vt 0.6605 0.9041 0.0000
vt 0.6504 0.9076 0.0000
vt 0.6401 0.9101 0.0000
vt 0.6506 0.9082 0.0000
vt 0.6402 0.9108 0.0000
vt 0.6296 0.9110 0.0000
vt 0.6191 0.9102 0.0000
vt 0.6296 0.9116 0.0000
vt 0.6190 0.9109 0.0000
vt 0.6089 0.9078 0.0000
vt 0.5992 0.9039 0.0000
vt 0.6087 0.9085 0.0000
vt 0.5989 0.9045 0.0000
vt 0.5902 0.8985 0.0000
vt 0.5822 0.8918 0.0000
vt 0.5899 0.8991 0.0000
vt 0.5818 0.8923 0.0000
vt 0.5753 0.8839 0.0000
vt 0.5696 0.8749 0.0000
vt 0.5748 0.8843 0.0000
vt 0.5691 0.8753 0.0000
vt 0.5654 0.8652 0.0000
vt 0.5627 0.8548 0.0000
vt 0.5648 0.8654 0.0000
vt 0.5621 0.8549 0.0000
vt 0.5617 0.8440 0.0000
vt 0.5622 0.8332 0.0000
vt 0.5610 0.8441 0.0000
vt 0.5616 0.8331 0.0000
vt 0.5644 0.8224 0.0000
vt 0.5682 0.8120 0.0000
vt 0.5638 0.8222 0.0000
vt 0.5676 0.8117 0.0000
vt 0.5734 0.8022 0.0000
vt 0.5800 0.7933 0.0000
vt 0.5729 0.8019 0.0000
vt 0.5795 0.7928 0.0000
vt 0.5879 0.7854 0.0000
vt 0.5968 0.7789 0.0000
vt 0.5874 0.7848 0.0000
vt 0.5965 0.7783 0.0000
vt 0.6067 0.7742 0.0000
vt 0.6172 0.7712 0.0000
vt 0.6065 0.7735 0.0000
vt 0.6171 0.7706 0.0000
vt 0.6279 0.7700 0.0000
vt 0.6385 0.7703 0.0000
vt 0.6279 0.7693 0.0000
vt 0.6386 0.7697 0.0000
vt 0.6489 0.7723 0.0000
vt 0.6588 0.7760 0.0000
vt 0.6491 0.7717 0.0000
vt 0.6591 0.7754 0.0000
vt 0.6680 0.7813 0.0000
vt 0.6764 0.7882 0.0000
vt 0.6684 0.7807 0.0000
vt 0.6768 0.7877 0.0000
vt 0.6836 0.7965 0.0000
vt 0.6895 0.8063 0.0000
vt 0.6841 0.7961 0.0000
vt 0.6902 0.8059 0.0000
vt 0.6941 0.8173 0.0000
vt 0.6948 0.8170 0.0000
vt 0.6994 0.8406 0.0000
vt 0.6985 0.8523 0.0000
vt 0.6984 0.8287 0.0000
vt 0.7001 0.8285 0.0000
vt 0.7001 0.8406 0.0000
vt 0.7001 0.8526 0.0000
vt 0.6958 0.8634 0.0000
vt 0.6915 0.8739 0.0000
vt 0.6965 0.8637 0.0000
vt 0.6929 0.8747 0.0000
vt 0.6856 0.8835 0.0000
vt 0.6784 0.8919 0.0000
vt 0.6862 0.8839 0.0000
vt 0.6795 0.8930 0.0000
vt 0.6701 0.8990 0.0000
vt 0.6608 0.9047 0.0000
vt 0.6705 0.8995 0.0000
vt 0.6615 0.9061 0.0000
vt 0.6508 0.9089 0.0000
vt 0.6403 0.9114 0.0000
vt 0.6510 0.9095 0.0000
vt 0.6405 0.9129 0.0000
vt 0.6296 0.9123 0.0000
vt 0.6189 0.9115 0.0000
vt 0.6296 0.9129 0.0000
vt 0.6187 0.9130 0.0000
vt 0.6085 0.9091 0.0000
vt 0.5986 0.9051 0.0000
vt 0.6083 0.9097 0.0000
vt 0.5980 0.9064 0.0000
vt 0.5895 0.8996 0.0000
vt 0.5813 0.8928 0.0000
vt 0.5891 0.9001 0.0000
vt 0.5803 0.8938 0.0000
vt 0.5742 0.8847 0.0000
vt 0.5685 0.8756 0.0000
vt 0.5737 0.8851 0.0000
vt 0.5672 0.8763 0.0000
vt 0.5642 0.8656 0.0000
vt 0.5614 0.8550 0.0000
vt 0.5635 0.8658 0.0000
vt 0.5599 0.8553 0.0000
vt 0.5603 0.8441 0.0000
vt 0.5609 0.8330 0.0000
vt 0.5597 0.8441 0.0000
vt 0.5594 0.8329 0.0000
vt 0.5631 0.8221 0.0000
vt 0.5669 0.8115 0.0000
vt 0.5625 0.8219 0.0000
vt 0.5655 0.8109 0.0000
vt 0.5723 0.8015 0.0000
vt 0.5790 0.7924 0.0000
vt 0.5717 0.8011 0.0000
vt 0.5778 0.7914 0.0000
vt 0.5870 0.7843 0.0000
vt 0.5956 0.7768 0.0000
vt 0.5865 0.7838 0.0000
vt 0.5951 0.7762 0.0000
vt 0.6063 0.7729 0.0000
vt 0.6170 0.7699 0.0000
vt 0.5957 0.7767 0.0000
vt 0.5954 0.7761 0.0000
vt 0.6061 0.7723 0.0000
vt 0.6167 0.7684 0.0000
vt 0.6278 0.7686 0.0000
vt 0.6387 0.7690 0.0000
vt 0.6278 0.7680 0.0000
vt 0.6389 0.7675 0.0000
vt 0.6493 0.7711 0.0000
vt 0.6594 0.7748 0.0000
vt 0.6494 0.7704 0.0000
vt 0.6600 0.7734 0.0000
vt 0.6688 0.7802 0.0000
vt 0.6773 0.7872 0.0000
vt 0.6692 0.7797 0.0000
vt 0.6783 0.7859 0.0000
vt 0.6847 0.7957 0.0000
vt 0.6908 0.8056 0.0000
vt 0.6853 0.7953 0.0000
vt 0.6922 0.8046 0.0000
vt 0.6955 0.8168 0.0000
vt 0.6962 0.8166 0.0000
vt 0.5351 0.6622 0.0000
vt 0.5435 0.6499 0.0000
vt 0.5443 0.6504 0.0000
vt 0.5360 0.6626 0.0000
vt 0.5520 0.6376 0.0000
vt 0.5529 0.6393 0.0000
vt 0.5535 0.6399 0.0000
vt 0.5451 0.6509 0.0000
vt 0.5369 0.6630 0.0000
vt 0.5229 0.6970 0.0000
vt 0.5290 0.6796 0.0000
vt 0.5299 0.6799 0.0000
vt 0.5252 0.6966 0.0000
vt 0.5309 0.6802 0.0000
vt 0.5261 0.6968 0.0000
vt 0.5212 0.7265 0.0000
vt 0.5221 0.7117 0.0000
vt 0.5230 0.7118 0.0000
vt 0.5230 0.7256 0.0000
vt 0.5238 0.7119 0.0000
vt 0.5238 0.7255 0.0000
vt 0.5275 0.7493 0.0000
vt 0.5244 0.7379 0.0000
vt 0.5251 0.7377 0.0000
vt 0.5288 0.7481 0.0000
vt 0.5258 0.7375 0.0000
vt 0.5294 0.7478 0.0000
vt 0.5395 0.7650 0.0000
vt 0.5335 0.7572 0.0000
vt 0.5340 0.7568 0.0000
vt 0.5404 0.7637 0.0000
vt 0.5345 0.7564 0.0000
vt 0.5408 0.7633 0.0000
vt 0.5555 0.7738 0.0000
vt 0.5475 0.7694 0.0000
vt 0.5478 0.7689 0.0000
vt 0.5559 0.7724 0.0000
vt 0.5481 0.7684 0.0000
vt 0.5561 0.7719 0.0000
vt 0.5738 0.7755 0.0000
vt 0.5646 0.7746 0.0000
vt 0.5647 0.7741 0.0000
vt 0.5738 0.7741 0.0000
vt 0.5647 0.7735 0.0000
vt 0.5738 0.7736 0.0000
vt 0.5927 0.7707 0.0000
vt 0.5832 0.7731 0.0000
vt 0.5831 0.7726 0.0000
vt 0.5923 0.7694 0.0000
vt 0.5829 0.7720 0.0000
vt 0.5921 0.7689 0.0000
vt 0.6105 0.7601 0.0000
vt 0.6016 0.7654 0.0000
vt 0.6013 0.7648 0.0000
vt 0.6098 0.7590 0.0000
vt 0.6009 0.7643 0.0000
vt 0.6094 0.7585 0.0000
vt 0.6258 0.7446 0.0000
vt 0.6181 0.7523 0.0000
vt 0.6177 0.7519 0.0000
vt 0.6248 0.7438 0.0000
vt 0.6172 0.7514 0.0000
vt 0.6243 0.7434 0.0000
vt 0.6376 0.7256 0.0000
vt 0.6317 0.7351 0.0000
vt 0.6311 0.7348 0.0000
vt 0.6364 0.7250 0.0000
vt 0.6305 0.7344 0.0000
vt 0.6358 0.7248 0.0000
vt 0.6450 0.7043 0.0000
vt 0.6413 0.7150 0.0000
vt 0.6406 0.7148 0.0000
vt 0.6437 0.7041 0.0000
vt 0.6400 0.7145 0.0000
vt 0.6430 0.7039 0.0000
vt 0.6475 0.6821 0.0000
vt 0.6462 0.6932 0.0000
vt 0.6456 0.6931 0.0000
vt 0.6462 0.6822 0.0000
vt 0.6449 0.6930 0.0000
vt 0.6455 0.6822 0.0000
vt 0.6449 0.6606 0.0000
vt 0.6462 0.6713 0.0000
vt 0.6455 0.6714 0.0000
vt 0.6436 0.6611 0.0000
vt 0.6449 0.6715 0.0000
vt 0.6430 0.6612 0.0000
vt 0.6374 0.6415 0.0000
vt 0.6411 0.6511 0.0000
vt 0.6405 0.6513 0.0000
vt 0.6363 0.6423 0.0000
vt 0.6400 0.6515 0.0000
vt 0.6358 0.6426 0.0000
vt 0.6254 0.6263 0.0000
vt 0.6314 0.6339 0.0000
vt 0.6309 0.6343 0.0000
vt 0.6245 0.6276 0.0000
vt 0.6305 0.6346 0.0000
vt 0.6241 0.6280 0.0000
vt 0.6089 0.6180 0.0000
vt 0.6171 0.6222 0.0000
vt 0.6169 0.6226 0.0000
vt 0.6085 0.6194 0.0000
vt 0.6166 0.6231 0.0000
vt 0.6084 0.6199 0.0000
vt 0.5904 0.6165 0.0000
vt 0.5996 0.6173 0.0000
vt 0.5996 0.6178 0.0000
vt 0.5903 0.6181 0.0000
vt 0.5995 0.6184 0.0000
vt 0.5904 0.6186 0.0000
vt 0.5710 0.6227 0.0000
vt 0.5807 0.6196 0.0000
vt 0.5809 0.6202 0.0000
vt 0.5713 0.6244 0.0000
vt 0.5811 0.6208 0.0000
vt 0.5717 0.6249 0.0000
vt 0.5615 0.6301 0.0000
vt 0.5620 0.6307 0.0000
vt 0.5624 0.6313 0.0000
vt 0.5458 0.6514 0.0000
vt 0.5378 0.6635 0.0000
vt 0.5541 0.6404 0.0000
vt 0.5547 0.6409 0.0000
vt 0.5466 0.6518 0.0000
vt 0.5387 0.6639 0.0000
vt 0.5318 0.6806 0.0000
vt 0.5271 0.6970 0.0000
vt 0.5328 0.6809 0.0000
vt 0.5280 0.6972 0.0000
vt 0.5247 0.7120 0.0000
vt 0.5246 0.7255 0.0000
vt 0.5256 0.7120 0.0000
vt 0.5254 0.7254 0.0000
vt 0.5265 0.7373 0.0000
vt 0.5300 0.7476 0.0000
vt 0.5272 0.7372 0.0000
vt 0.5306 0.7473 0.0000
vt 0.5350 0.7561 0.0000
vt 0.5412 0.7629 0.0000
vt 0.5355 0.7557 0.0000
vt 0.5415 0.7625 0.0000
vt 0.5483 0.7680 0.0000
vt 0.5563 0.7713 0.0000
vt 0.5486 0.7675 0.0000
vt 0.5564 0.7708 0.0000
vt 0.5648 0.7730 0.0000
vt 0.5737 0.7730 0.0000
vt 0.5649 0.7725 0.0000
vt 0.5737 0.7725 0.0000
vt 0.5828 0.7714 0.0000
vt 0.5918 0.7683 0.0000
vt 0.5827 0.7709 0.0000
vt 0.5916 0.7678 0.0000
vt 0.6006 0.7638 0.0000
vt 0.6090 0.7580 0.0000
vt 0.6003 0.7632 0.0000
vt 0.6086 0.7575 0.0000
vt 0.6167 0.7510 0.0000
vt 0.6238 0.7429 0.0000
vt 0.6163 0.7505 0.0000
vt 0.6233 0.7425 0.0000
vt 0.6300 0.7341 0.0000
vt 0.6352 0.7245 0.0000
vt 0.6294 0.7337 0.0000
vt 0.6346 0.7242 0.0000
vt 0.6393 0.7143 0.0000
vt 0.6424 0.7038 0.0000
vt 0.6387 0.7141 0.0000
vt 0.6417 0.7036 0.0000
vt 0.6442 0.6930 0.0000
vt 0.6448 0.6822 0.0000
vt 0.6435 0.6929 0.0000
vt 0.6442 0.6822 0.0000
vt 0.6442 0.6716 0.0000
vt 0.6424 0.6614 0.0000
vt 0.6436 0.6716 0.0000
vt 0.6418 0.6615 0.0000
vt 0.6394 0.6517 0.0000
vt 0.6353 0.6429 0.0000
vt 0.6388 0.6520 0.0000
vt 0.6347 0.6432 0.0000
vt 0.6301 0.6350 0.0000
vt 0.6238 0.6284 0.0000
vt 0.6296 0.6354 0.0000
vt 0.6234 0.6289 0.0000
vt 0.6164 0.6236 0.0000
vt 0.6082 0.6205 0.0000
vt 0.6161 0.6241 0.0000
vt 0.6081 0.6210 0.0000
vt 0.5995 0.6190 0.0000
vt 0.5905 0.6192 0.0000
vt 0.5995 0.6195 0.0000
vt 0.5905 0.6198 0.0000
vt 0.5813 0.6214 0.0000
vt 0.5720 0.6255 0.0000
vt 0.5814 0.6219 0.0000
vt 0.5723 0.6261 0.0000
vt 0.5629 0.6318 0.0000
vt 0.5633 0.6324 0.0000
vt 0.5473 0.6523 0.0000
vt 0.5396 0.6644 0.0000
vt 0.5553 0.6415 0.0000
vt 0.5559 0.6420 0.0000
vt 0.5481 0.6528 0.0000
vt 0.5406 0.6648 0.0000
vt 0.5337 0.6812 0.0000
vt 0.5290 0.6974 0.0000
vt 0.5347 0.6816 0.0000
vt 0.5299 0.6976 0.0000
vt 0.5265 0.7121 0.0000
vt 0.5262 0.7254 0.0000
vt 0.5274 0.7122 0.0000
vt 0.5270 0.7253 0.0000
vt 0.5279 0.7370 0.0000
vt 0.5312 0.7470 0.0000
vt 0.5285 0.7369 0.0000
vt 0.5318 0.7468 0.0000
vt 0.5359 0.7554 0.0000
vt 0.5419 0.7621 0.0000
vt 0.5364 0.7551 0.0000
vt 0.5423 0.7617 0.0000
vt 0.5489 0.7670 0.0000
vt 0.5566 0.7703 0.0000
vt 0.5491 0.7666 0.0000
vt 0.5567 0.7698 0.0000
vt 0.5649 0.7719 0.0000
vt 0.5736 0.7719 0.0000
vt 0.5650 0.7714 0.0000
vt 0.5736 0.7713 0.0000
vt 0.5825 0.7703 0.0000
vt 0.5914 0.7672 0.0000
vt 0.5824 0.7697 0.0000
vt 0.5911 0.7667 0.0000
vt 0.6000 0.7627 0.0000
vt 0.6082 0.7570 0.0000
vt 0.5997 0.7622 0.0000
vt 0.6078 0.7565 0.0000
vt 0.6158 0.7500 0.0000
vt 0.6227 0.7421 0.0000
vt 0.6153 0.7496 0.0000
vt 0.6222 0.7417 0.0000
vt 0.6288 0.7334 0.0000
vt 0.6339 0.7239 0.0000
vt 0.6282 0.7330 0.0000
vt 0.6333 0.7236 0.0000
vt 0.6380 0.7139 0.0000
vt 0.6410 0.7035 0.0000
vt 0.6374 0.7136 0.0000
vt 0.6404 0.7033 0.0000
vt 0.6429 0.6928 0.0000
vt 0.6435 0.6822 0.0000
vt 0.6422 0.6927 0.0000
vt 0.6429 0.6822 0.0000
vt 0.6429 0.6717 0.0000
vt 0.6412 0.6617 0.0000
vt 0.6423 0.6718 0.0000
vt 0.6406 0.6618 0.0000
vt 0.6383 0.6522 0.0000
vt 0.6342 0.6435 0.0000
vt 0.6377 0.6524 0.0000
vt 0.6337 0.6438 0.0000
vt 0.6292 0.6357 0.0000
vt 0.6231 0.6293 0.0000
vt 0.6287 0.6361 0.0000
vt 0.6227 0.6297 0.0000
vt 0.6159 0.6246 0.0000
vt 0.6079 0.6215 0.0000
vt 0.6156 0.6251 0.0000
vt 0.6078 0.6220 0.0000
vt 0.5994 0.6201 0.0000
vt 0.5906 0.6204 0.0000
vt 0.5994 0.6206 0.0000
vt 0.5907 0.6209 0.0000
vt 0.5816 0.6225 0.0000
vt 0.5727 0.6267 0.0000
vt 0.5819 0.6231 0.0000
vt 0.5730 0.6272 0.0000
vt 0.5638 0.6330 0.0000
vt 0.5643 0.6335 0.0000
vt 0.5489 0.6533 0.0000
vt 0.5415 0.6652 0.0000
vt 0.5565 0.6425 0.0000
vt 0.5356 0.6819 0.0000
vt 0.5308 0.6979 0.0000
vt 0.5283 0.7123 0.0000
vt 0.5278 0.7253 0.0000
vt 0.5292 0.7367 0.0000
vt 0.5324 0.7465 0.0000
vt 0.5369 0.7547 0.0000
vt 0.5426 0.7612 0.0000
vt 0.5494 0.7661 0.0000
vt 0.5569 0.7693 0.0000
vt 0.5650 0.7708 0.0000
vt 0.5735 0.7708 0.0000
vt 0.5822 0.7692 0.0000
vt 0.5909 0.7661 0.0000
vt 0.5993 0.7617 0.0000
vt 0.6074 0.7560 0.0000
vt 0.6149 0.7491 0.0000
vt 0.6217 0.7413 0.0000
vt 0.6277 0.7326 0.0000
vt 0.6327 0.7233 0.0000
vt 0.6368 0.7134 0.0000
vt 0.6397 0.7032 0.0000
vt 0.6415 0.6927 0.0000
vt 0.6422 0.6822 0.0000
vt 0.6417 0.6719 0.0000
vt 0.6400 0.6620 0.0000
vt 0.6371 0.6526 0.0000
vt 0.6332 0.6441 0.0000
vt 0.6283 0.6364 0.0000
vt 0.6224 0.6301 0.0000
vt 0.6154 0.6255 0.0000
vt 0.6076 0.6226 0.0000
vt 0.5994 0.6212 0.0000
vt 0.5908 0.6215 0.0000
vt 0.5821 0.6236 0.0000
vt 0.5733 0.6278 0.0000
vt 0.5648 0.6340 0.0000
vt 0.6836 0.9074 0.0000
vt 0.6887 0.8988 0.0000
vt 0.6893 0.8992 0.0000
vt 0.6842 0.9077 0.0000
vt 0.6941 0.8911 0.0000
vt 0.6946 0.8915 0.0000
vt 0.6948 0.8910 0.0000
vt 0.6898 0.8995 0.0000
vt 0.6848 0.9080 0.0000
vt 0.6759 0.9307 0.0000
vt 0.6793 0.9193 0.0000
vt 0.6800 0.9195 0.0000
vt 0.6766 0.9309 0.0000
vt 0.6807 0.9198 0.0000
vt 0.6765 0.9316 0.0000
vt 0.6736 0.9502 0.0000
vt 0.6740 0.9410 0.0000
vt 0.6746 0.9411 0.0000
vt 0.6741 0.9502 0.0000
vt 0.6753 0.9412 0.0000
vt 0.6740 0.9507 0.0000
vt 0.6767 0.9653 0.0000
vt 0.6746 0.9583 0.0000
vt 0.6750 0.9583 0.0000
vt 0.6771 0.9652 0.0000
vt 0.6755 0.9582 0.0000
vt 0.6770 0.9656 0.0000
vt 0.6840 0.9758 0.0000
vt 0.6799 0.9712 0.0000
vt 0.6803 0.9709 0.0000
vt 0.6842 0.9755 0.0000
vt 0.6806 0.9707 0.0000
vt 0.6841 0.9758 0.0000
vt 0.6941 0.9815 0.0000
vt 0.6887 0.9792 0.0000
vt 0.6889 0.9789 0.0000
vt 0.6942 0.9812 0.0000
vt 0.6891 0.9786 0.0000
vt 0.6941 0.9814 0.0000
vt 0.7059 0.9825 0.0000
vt 0.6998 0.9826 0.0000
vt 0.6999 0.9822 0.0000
vt 0.7058 0.9822 0.0000
vt 0.6999 0.9819 0.0000
vt 0.7057 0.9823 0.0000
vt 0.7182 0.9792 0.0000
vt 0.7120 0.9814 0.0000
vt 0.7119 0.9810 0.0000
vt 0.7180 0.9788 0.0000
vt 0.7118 0.9806 0.0000
vt 0.7179 0.9789 0.0000
vt 0.7299 0.9719 0.0000
vt 0.7242 0.9760 0.0000
vt 0.7240 0.9756 0.0000
vt 0.7296 0.9716 0.0000
vt 0.7237 0.9753 0.0000
vt 0.7401 0.9615 0.0000
vt 0.7353 0.9670 0.0000
vt 0.7349 0.9667 0.0000
vt 0.7397 0.9612 0.0000
vt 0.7346 0.9664 0.0000
vt 0.7480 0.9486 0.0000
vt 0.7444 0.9553 0.0000
vt 0.7440 0.9550 0.0000
vt 0.7475 0.9484 0.0000
vt 0.7436 0.9548 0.0000
vt 0.7530 0.9342 0.0000
vt 0.7509 0.9416 0.0000
vt 0.7504 0.9414 0.0000
vt 0.7525 0.9341 0.0000
vt 0.7499 0.9412 0.0000
vt 0.7524 0.9341 0.0000
vt 0.7547 0.9193 0.0000
vt 0.7543 0.9268 0.0000
vt 0.7538 0.9267 0.0000
vt 0.7543 0.9193 0.0000
vt 0.7533 0.9266 0.0000
vt 0.7542 0.9192 0.0000
vt 0.7532 0.9049 0.0000
vt 0.7544 0.9119 0.0000
vt 0.7539 0.9120 0.0000
vt 0.7527 0.9050 0.0000
vt 0.7535 0.9120 0.0000
vt 0.7527 0.9049 0.0000
vt 0.7484 0.8921 0.0000
vt 0.7512 0.8982 0.0000
vt 0.7507 0.8984 0.0000
vt 0.7480 0.8923 0.0000
vt 0.7504 0.8985 0.0000
vt 0.7480 0.8922 0.0000
vt 0.7407 0.8822 0.0000
vt 0.7449 0.8867 0.0000
vt 0.7446 0.8869 0.0000
vt 0.7408 0.8818 0.0000
vt 0.7442 0.8871 0.0000
vt 0.7404 0.8820 0.0000
vt 0.7303 0.8768 0.0000
vt 0.7358 0.8789 0.0000
vt 0.7357 0.8793 0.0000
vt 0.7302 0.8772 0.0000
vt 0.7410 0.8819 0.0000
vt 0.7408 0.8823 0.0000
vt 0.7355 0.8796 0.0000
vt 0.7303 0.8770 0.0000
vt 0.7184 0.8761 0.0000
vt 0.7244 0.8758 0.0000
vt 0.7244 0.8762 0.0000
vt 0.7184 0.8765 0.0000
vt 0.7244 0.8766 0.0000
vt 0.7185 0.8762 0.0000
vt 0.7060 0.8806 0.0000
vt 0.7122 0.8776 0.0000
vt 0.7123 0.8780 0.0000
vt 0.7062 0.8810 0.0000
vt 0.7125 0.8784 0.0000
vt 0.7064 0.8806 0.0000
vt 0.6999 0.8851 0.0000
vt 0.7003 0.8855 0.0000
vt 0.7006 0.8858 0.0000
vt 0.1598 0.9394 0.0000
vt 0.1598 0.9313 0.0000
vt 0.1603 0.9313 0.0000
vt 0.1597 0.9393 0.0000
vt 0.1597 0.9231 0.0000
vt 0.1596 0.9230 0.0000
vt 0.1601 0.9230 0.0000
vt 0.1608 0.9313 0.0000
vt 0.1602 0.9394 0.0000
vt 0.1550 0.9544 0.0000
vt 0.1574 0.9469 0.0000
vt 0.1579 0.9471 0.0000
vt 0.1549 0.9543 0.0000
vt 0.1584 0.9472 0.0000
vt 0.1554 0.9545 0.0000
vt 0.1460 0.9668 0.0000
vt 0.1505 0.9606 0.0000
vt 0.1509 0.9609 0.0000
vt 0.1459 0.9667 0.0000
vt 0.1513 0.9612 0.0000
vt 0.1463 0.9671 0.0000
vt 0.1338 0.9757 0.0000
vt 0.1399 0.9713 0.0000
vt 0.1402 0.9717 0.0000
vt 0.1338 0.9756 0.0000
vt 0.1404 0.9720 0.0000
vt 0.1340 0.9760 0.0000
vt 0.1196 0.9804 0.0000
vt 0.1267 0.9780 0.0000
vt 0.1268 0.9785 0.0000
vt 0.1196 0.9803 0.0000
vt 0.1270 0.9789 0.0000
vt 0.1197 0.9807 0.0000
vt 0.1048 0.9804 0.0000
vt 0.1122 0.9804 0.0000
vt 0.1122 0.9809 0.0000
vt 0.1048 0.9803 0.0000
vt 0.1122 0.9813 0.0000
vt 0.1048 0.9808 0.0000
vt 0.0908 0.9760 0.0000
vt 0.0978 0.9782 0.0000
vt 0.0976 0.9787 0.0000
vt 0.0908 0.9759 0.0000
vt 0.0975 0.9791 0.0000
vt 0.0906 0.9763 0.0000
vt 0.0788 0.9675 0.0000
vt 0.0848 0.9717 0.0000
vt 0.0845 0.9721 0.0000
vt 0.0788 0.9674 0.0000
vt 0.0842 0.9725 0.0000
vt 0.0785 0.9677 0.0000
vt 0.0699 0.9556 0.0000
vt 0.0743 0.9615 0.0000
vt 0.0740 0.9618 0.0000
vt 0.0700 0.9555 0.0000
vt 0.0736 0.9621 0.0000
vt 0.0696 0.9557 0.0000
vt 0.0650 0.9413 0.0000
vt 0.0675 0.9484 0.0000
vt 0.0670 0.9486 0.0000
vt 0.0651 0.9413 0.0000
vt 0.0666 0.9487 0.0000
vt 0.0647 0.9414 0.0000
vt 0.0647 0.9261 0.0000
vt 0.0649 0.9337 0.0000
vt 0.0644 0.9337 0.0000
vt 0.0648 0.9260 0.0000
vt 0.0639 0.9337 0.0000
vt 0.0643 0.9260 0.0000
vt 0.0689 0.9111 0.0000
vt 0.0668 0.9186 0.0000
vt 0.0664 0.9185 0.0000
vt 0.0690 0.9111 0.0000
vt 0.0659 0.9183 0.0000
vt 0.0686 0.9109 0.0000
vt 0.0773 0.8979 0.0000
vt 0.0731 0.9045 0.0000
vt 0.0727 0.9042 0.0000
vt 0.0774 0.8979 0.0000
vt 0.0723 0.9040 0.0000
vt 0.0770 0.8976 0.0000
vt 0.0891 0.8875 0.0000
vt 0.0832 0.8927 0.0000
vt 0.0829 0.8923 0.0000
vt 0.0892 0.8877 0.0000
vt 0.0826 0.8920 0.0000
vt 0.0889 0.8873 0.0000
vt 0.1035 0.8823 0.0000
vt 0.0963 0.8849 0.0000
vt 0.0961 0.8845 0.0000
vt 0.1035 0.8824 0.0000
vt 0.0960 0.8840 0.0000
vt 0.1034 0.8819 0.0000
vt 0.1186 0.8816 0.0000
vt 0.1110 0.8819 0.0000
vt 0.1110 0.8815 0.0000
vt 0.1185 0.8817 0.0000
vt 0.1110 0.8810 0.0000
vt 0.1186 0.8812 0.0000
vt 0.1328 0.8856 0.0000
vt 0.1257 0.8836 0.0000
vt 0.1258 0.8831 0.0000
vt 0.1328 0.8857 0.0000
vt 0.1259 0.8827 0.0000
vt 0.1330 0.8853 0.0000
vt 0.1452 0.8941 0.0000
vt 0.1390 0.8898 0.0000
vt 0.1393 0.8894 0.0000
vt 0.1451 0.8943 0.0000
vt 0.1395 0.8891 0.0000
vt 0.1455 0.8939 0.0000
vt 0.1544 0.9068 0.0000
vt 0.1498 0.9005 0.0000
vt 0.1502 0.9002 0.0000
vt 0.1543 0.9071 0.0000
vt 0.1506 0.8999 0.0000
vt 0.1548 0.9068 0.0000
vt 0.1570 0.9150 0.0000
vt 0.1575 0.9148 0.0000
vt 0.1580 0.9147 0.0000
vt 0.1613 0.9313 0.0000
vt 0.1607 0.9395 0.0000
vt 0.1606 0.9229 0.0000
vt 0.1611 0.9228 0.0000
vt 0.1618 0.9312 0.0000
vt 0.1612 0.9395 0.0000
vt 0.1588 0.9474 0.0000
vt 0.1558 0.9547 0.0000
vt 0.1593 0.9475 0.0000
vt 0.1562 0.9550 0.0000
vt 0.1517 0.9615 0.0000
vt 0.1466 0.9674 0.0000
vt 0.1521 0.9617 0.0000
vt 0.1469 0.9677 0.0000
vt 0.1407 0.9724 0.0000
vt 0.1342 0.9765 0.0000
vt 0.1410 0.9728 0.0000
vt 0.1344 0.9769 0.0000
vt 0.1271 0.9794 0.0000
vt 0.1198 0.9812 0.0000
vt 0.1273 0.9798 0.0000
vt 0.1198 0.9816 0.0000
vt 0.1122 0.9818 0.0000
vt 0.1047 0.9813 0.0000
vt 0.1122 0.9823 0.0000
vt 0.1046 0.9817 0.0000
vt 0.0974 0.9796 0.0000
vt 0.0904 0.9767 0.0000
vt 0.0972 0.9800 0.0000
vt 0.0902 0.9772 0.0000
vt 0.0840 0.9729 0.0000
vt 0.0782 0.9680 0.0000
vt 0.0837 0.9733 0.0000
vt 0.0778 0.9684 0.0000
vt 0.0732 0.9624 0.0000
vt 0.0692 0.9559 0.0000
vt 0.0728 0.9626 0.0000
vt 0.0687 0.9561 0.0000
vt 0.0661 0.9489 0.0000
vt 0.0642 0.9414 0.0000
vt 0.0657 0.9491 0.0000
vt 0.0637 0.9415 0.0000
vt 0.0634 0.9337 0.0000
vt 0.0638 0.9259 0.0000
vt 0.0629 0.9337 0.0000
vt 0.0634 0.9259 0.0000
vt 0.0654 0.9182 0.0000
vt 0.0681 0.9107 0.0000
vt 0.0649 0.9181 0.0000
vt 0.0677 0.9105 0.0000
vt 0.0719 0.9037 0.0000
vt 0.0766 0.8973 0.0000
vt 0.0715 0.9034 0.0000
vt 0.0762 0.8970 0.0000
vt 0.0823 0.8916 0.0000
vt 0.0887 0.8869 0.0000
vt 0.0819 0.8912 0.0000
vt 0.0884 0.8865 0.0000
vt 0.0958 0.8836 0.0000
vt 0.1033 0.8814 0.0000
vt 0.0956 0.8831 0.0000
vt 0.1032 0.8810 0.0000
vt 0.1110 0.8805 0.0000
vt 0.1186 0.8808 0.0000
vt 0.1110 0.8800 0.0000
vt 0.1187 0.8803 0.0000
vt 0.1261 0.8822 0.0000
vt 0.1332 0.8849 0.0000
vt 0.1262 0.8818 0.0000
vt 0.1334 0.8844 0.0000
vt 0.1398 0.8887 0.0000
vt 0.1458 0.8936 0.0000
vt 0.1401 0.8883 0.0000
vt 0.1461 0.8932 0.0000
vt 0.1510 0.8996 0.0000
vt 0.1553 0.9066 0.0000
vt 0.1514 0.8993 0.0000
vt 0.1557 0.9064 0.0000
vt 0.1585 0.9145 0.0000
vt 0.1590 0.9143 0.0000
vt 0.1623 0.9312 0.0000
vt 0.1617 0.9396 0.0000
vt 0.1616 0.9227 0.0000
vt 0.1629 0.9226 0.0000
vt 0.1629 0.9312 0.0000
vt 0.1629 0.9399 0.0000
vt 0.1598 0.9477 0.0000
vt 0.1567 0.9552 0.0000
vt 0.1603 0.9478 0.0000
vt 0.1577 0.9557 0.0000
vt 0.1525 0.9620 0.0000
vt 0.1473 0.9681 0.0000
vt 0.1529 0.9623 0.0000
vt 0.1480 0.9689 0.0000
vt 0.1413 0.9732 0.0000
vt 0.1346 0.9773 0.0000
vt 0.1416 0.9736 0.0000
vt 0.1351 0.9783 0.0000
vt 0.1274 0.9803 0.0000
vt 0.1199 0.9821 0.0000
vt 0.1276 0.9807 0.0000
vt 0.1201 0.9832 0.0000
vt 0.1122 0.9827 0.0000
vt 0.1045 0.9822 0.0000
vt 0.1122 0.9832 0.0000
vt 0.1044 0.9832 0.0000
vt 0.0971 0.9804 0.0000
vt 0.0900 0.9776 0.0000
vt 0.0969 0.9809 0.0000
vt 0.0895 0.9785 0.0000
vt 0.0834 0.9736 0.0000
vt 0.0775 0.9687 0.0000
vt 0.0831 0.9740 0.0000
vt 0.0768 0.9695 0.0000
vt 0.0725 0.9629 0.0000
vt 0.0683 0.9564 0.0000
vt 0.0721 0.9632 0.0000
vt 0.0674 0.9569 0.0000
vt 0.0652 0.9492 0.0000
vt 0.0633 0.9416 0.0000
vt 0.0648 0.9494 0.0000
vt 0.0622 0.9418 0.0000
vt 0.0625 0.9337 0.0000
vt 0.0629 0.9258 0.0000
vt 0.0620 0.9338 0.0000
vt 0.0618 0.9257 0.0000
vt 0.0645 0.9179 0.0000
vt 0.0672 0.9103 0.0000
vt 0.0640 0.9178 0.0000
vt 0.0662 0.9099 0.0000
vt 0.0710 0.9032 0.0000
vt 0.0759 0.8966 0.0000
vt 0.0706 0.9029 0.0000
vt 0.0750 0.8959 0.0000
vt 0.0816 0.8908 0.0000
vt 0.0878 0.8854 0.0000
vt 0.0812 0.8905 0.0000
vt 0.0875 0.8850 0.0000
vt 0.0955 0.8826 0.0000
vt 0.1031 0.8805 0.0000
vt 0.0879 0.8854 0.0000
vt 0.0877 0.8849 0.0000
vt 0.0953 0.8822 0.0000
vt 0.1030 0.8794 0.0000
vt 0.1109 0.8796 0.0000
vt 0.1187 0.8798 0.0000
vt 0.1109 0.8791 0.0000
vt 0.1189 0.8787 0.0000
vt 0.1263 0.8813 0.0000
vt 0.1336 0.8840 0.0000
vt 0.1265 0.8809 0.0000
vt 0.1340 0.8830 0.0000
vt 0.1404 0.8879 0.0000
vt 0.1465 0.8929 0.0000
vt 0.1406 0.8875 0.0000
vt 0.1472 0.8920 0.0000
vt 0.1518 0.8990 0.0000
vt 0.1562 0.9061 0.0000
vt 0.1522 0.8987 0.0000
vt 0.1572 0.9054 0.0000
vt 0.1595 0.9142 0.0000
vt 0.1600 0.9140 0.0000
vt 0.6783 0.9049 0.0000
vt 0.6844 0.8961 0.0000
vt 0.6849 0.8964 0.0000
vt 0.6789 0.9052 0.0000
vt 0.6904 0.8872 0.0000
vt 0.6911 0.8885 0.0000
vt 0.6915 0.8889 0.0000
vt 0.6854 0.8968 0.0000
vt 0.6796 0.9055 0.0000
vt 0.6695 0.9299 0.0000
vt 0.6739 0.9174 0.0000
vt 0.6746 0.9177 0.0000
vt 0.6712 0.9296 0.0000
vt 0.6753 0.9179 0.0000
vt 0.6718 0.9298 0.0000
vt 0.6683 0.9511 0.0000
vt 0.6689 0.9405 0.0000
vt 0.6696 0.9406 0.0000
vt 0.6696 0.9504 0.0000
vt 0.6702 0.9406 0.0000
vt 0.6702 0.9504 0.0000
vt 0.6729 0.9675 0.0000
vt 0.6706 0.9593 0.0000
vt 0.6711 0.9592 0.0000
vt 0.6738 0.9666 0.0000
vt 0.6716 0.9590 0.0000
vt 0.6742 0.9664 0.0000
vt 0.6815 0.9788 0.0000
vt 0.6772 0.9731 0.0000
vt 0.6775 0.9729 0.0000
vt 0.6821 0.9779 0.0000
vt 0.6779 0.9726 0.0000
vt 0.6824 0.9776 0.0000
vt 0.6929 0.9850 0.0000
vt 0.6872 0.9819 0.0000
vt 0.6874 0.9816 0.0000
vt 0.6933 0.9841 0.0000
vt 0.6876 0.9812 0.0000
vt 0.6934 0.9837 0.0000
vt 0.7061 0.9863 0.0000
vt 0.6995 0.9857 0.0000
vt 0.6995 0.9853 0.0000
vt 0.7061 0.9853 0.0000
vt 0.6996 0.9849 0.0000
vt 0.7061 0.9849 0.0000
vt 0.7196 0.9829 0.0000
vt 0.7129 0.9846 0.0000
vt 0.7128 0.9842 0.0000
vt 0.7194 0.9819 0.0000
vt 0.7127 0.9838 0.0000
vt 0.7192 0.9815 0.0000
vt 0.7324 0.9752 0.0000
vt 0.7260 0.9790 0.0000
vt 0.7258 0.9787 0.0000
vt 0.7319 0.9744 0.0000
vt 0.7256 0.9783 0.0000
vt 0.7316 0.9741 0.0000
vt 0.7434 0.9641 0.0000
vt 0.7379 0.9697 0.0000
vt 0.7376 0.9693 0.0000
vt 0.7427 0.9635 0.0000
vt 0.7373 0.9690 0.0000
vt 0.7424 0.9632 0.0000
vt 0.7519 0.9505 0.0000
vt 0.7477 0.9573 0.0000
vt 0.7472 0.9571 0.0000
vt 0.7510 0.9501 0.0000
vt 0.7468 0.9568 0.0000
vt 0.7506 0.9499 0.0000
vt 0.7572 0.9352 0.0000
vt 0.7545 0.9428 0.0000
vt 0.7541 0.9427 0.0000
vt 0.7563 0.9350 0.0000
vt 0.7536 0.9425 0.0000
vt 0.7558 0.9349 0.0000
vt 0.7590 0.9192 0.0000
vt 0.7581 0.9272 0.0000
vt 0.7576 0.9271 0.0000
vt 0.7581 0.9193 0.0000
vt 0.7571 0.9271 0.0000
vt 0.7576 0.9193 0.0000
vt 0.7571 0.9038 0.0000
vt 0.7581 0.9115 0.0000
vt 0.7576 0.9115 0.0000
vt 0.7562 0.9041 0.0000
vt 0.7571 0.9116 0.0000
vt 0.7558 0.9042 0.0000
vt 0.7517 0.8901 0.0000
vt 0.7544 0.8969 0.0000
vt 0.7540 0.8971 0.0000
vt 0.7510 0.8906 0.0000
vt 0.7536 0.8973 0.0000
vt 0.7506 0.8909 0.0000
vt 0.7431 0.8791 0.0000
vt 0.7474 0.8846 0.0000
vt 0.7471 0.8849 0.0000
vt 0.7425 0.8801 0.0000
vt 0.7468 0.8851 0.0000
vt 0.7422 0.8804 0.0000
vt 0.7313 0.8732 0.0000
vt 0.7372 0.8762 0.0000
vt 0.7370 0.8765 0.0000
vt 0.7310 0.8742 0.0000
vt 0.7369 0.8769 0.0000
vt 0.7309 0.8746 0.0000
vt 0.7180 0.8721 0.0000
vt 0.7246 0.8727 0.0000
vt 0.7246 0.8731 0.0000
vt 0.7180 0.8732 0.0000
vt 0.7246 0.8735 0.0000
vt 0.7180 0.8736 0.0000
vt 0.7041 0.8766 0.0000
vt 0.7110 0.8743 0.0000
vt 0.7112 0.8748 0.0000
vt 0.7043 0.8778 0.0000
vt 0.7113 0.8752 0.0000
vt 0.7046 0.8782 0.0000
vt 0.6972 0.8819 0.0000
vt 0.6976 0.8823 0.0000
vt 0.6979 0.8827 0.0000
vt 0.6860 0.8971 0.0000
vt 0.6802 0.9059 0.0000
vt 0.6919 0.8893 0.0000
vt 0.6924 0.8897 0.0000
vt 0.6865 0.8975 0.0000
vt 0.6809 0.9062 0.0000
vt 0.6759 0.9181 0.0000
vt 0.6725 0.9299 0.0000
vt 0.6766 0.9184 0.0000
vt 0.6732 0.9301 0.0000
vt 0.6709 0.9407 0.0000
vt 0.6708 0.9504 0.0000
vt 0.6715 0.9407 0.0000
vt 0.6713 0.9503 0.0000
vt 0.6721 0.9589 0.0000
vt 0.6746 0.9663 0.0000
vt 0.6726 0.9588 0.0000
vt 0.6751 0.9661 0.0000
vt 0.6782 0.9724 0.0000
vt 0.6826 0.9772 0.0000
vt 0.6786 0.9721 0.0000
vt 0.6829 0.9769 0.0000
vt 0.6878 0.9809 0.0000
vt 0.6935 0.9833 0.0000
vt 0.6880 0.9806 0.0000
vt 0.6936 0.9829 0.0000
vt 0.6996 0.9845 0.0000
vt 0.7060 0.9845 0.0000
vt 0.6997 0.9841 0.0000
vt 0.7060 0.9841 0.0000
vt 0.7126 0.9834 0.0000
vt 0.7190 0.9811 0.0000
vt 0.7125 0.9830 0.0000
vt 0.7189 0.9807 0.0000
vt 0.7253 0.9779 0.0000
vt 0.7313 0.9737 0.0000
vt 0.7251 0.9775 0.0000
vt 0.7311 0.9733 0.0000
vt 0.7369 0.9687 0.0000
vt 0.7420 0.9629 0.0000
vt 0.7366 0.9684 0.0000
vt 0.7416 0.9626 0.0000
vt 0.7464 0.9565 0.0000
vt 0.7502 0.9497 0.0000
vt 0.7460 0.9563 0.0000
vt 0.7497 0.9494 0.0000
vt 0.7532 0.9424 0.0000
vt 0.7553 0.9348 0.0000
vt 0.7527 0.9422 0.0000
vt 0.7549 0.9347 0.0000
vt 0.7567 0.9270 0.0000
vt 0.7571 0.9193 0.0000
vt 0.7562 0.9270 0.0000
vt 0.7566 0.9193 0.0000
vt 0.7567 0.9117 0.0000
vt 0.7554 0.9043 0.0000
vt 0.7562 0.9117 0.0000
vt 0.7549 0.9044 0.0000
vt 0.7532 0.8974 0.0000
vt 0.7502 0.8911 0.0000
vt 0.7528 0.8976 0.0000
vt 0.7499 0.8913 0.0000
vt 0.7465 0.8854 0.0000
vt 0.7420 0.8807 0.0000
vt 0.7462 0.8857 0.0000
vt 0.7417 0.8810 0.0000
vt 0.7367 0.8772 0.0000
vt 0.7308 0.8750 0.0000
vt 0.7365 0.8776 0.0000
vt 0.7307 0.8753 0.0000
vt 0.7246 0.8739 0.0000
vt 0.7181 0.8741 0.0000
vt 0.7245 0.8743 0.0000
vt 0.7181 0.8745 0.0000
vt 0.7114 0.8756 0.0000
vt 0.7048 0.8786 0.0000
vt 0.7116 0.8760 0.0000
vt 0.7050 0.8790 0.0000
vt 0.6982 0.8831 0.0000
vt 0.6986 0.8835 0.0000
vt 0.6871 0.8978 0.0000
vt 0.6816 0.9065 0.0000
vt 0.6928 0.8900 0.0000
vt 0.6932 0.8904 0.0000
vt 0.6876 0.8982 0.0000
vt 0.6822 0.9068 0.0000
vt 0.6773 0.9186 0.0000
vt 0.6739 0.9302 0.0000
vt 0.6780 0.9188 0.0000
vt 0.6746 0.9304 0.0000
vt 0.6721 0.9408 0.0000
vt 0.6719 0.9503 0.0000
vt 0.6728 0.9409 0.0000
vt 0.6725 0.9503 0.0000
vt 0.6731 0.9587 0.0000
vt 0.6755 0.9659 0.0000
vt 0.6736 0.9586 0.0000
vt 0.6759 0.9657 0.0000
vt 0.6789 0.9719 0.0000
vt 0.6832 0.9767 0.0000
vt 0.6792 0.9716 0.0000
vt 0.6835 0.9764 0.0000
vt 0.6882 0.9802 0.0000
vt 0.6937 0.9826 0.0000
vt 0.6884 0.9799 0.0000
vt 0.6938 0.9822 0.0000
vt 0.6997 0.9837 0.0000
vt 0.7060 0.9837 0.0000
vt 0.6997 0.9833 0.0000
vt 0.7059 0.9833 0.0000
vt 0.7123 0.9826 0.0000
vt 0.7187 0.9803 0.0000
vt 0.7122 0.9822 0.0000
vt 0.7185 0.9800 0.0000
vt 0.7249 0.9771 0.0000
vt 0.7308 0.9730 0.0000
vt 0.7247 0.9767 0.0000
vt 0.7305 0.9726 0.0000
vt 0.7363 0.9680 0.0000
vt 0.7412 0.9623 0.0000
vt 0.7359 0.9677 0.0000
vt 0.7409 0.9620 0.0000
vt 0.7456 0.9560 0.0000
vt 0.7493 0.9492 0.0000
vt 0.7452 0.9558 0.0000
vt 0.7488 0.9490 0.0000
vt 0.7522 0.9420 0.0000
vt 0.7544 0.9346 0.0000
vt 0.7518 0.9419 0.0000
vt 0.7539 0.9345 0.0000
vt 0.7557 0.9269 0.0000
vt 0.7562 0.9193 0.0000
vt 0.7552 0.9269 0.0000
vt 0.7557 0.9193 0.0000
vt 0.7557 0.9118 0.0000
vt 0.7545 0.9046 0.0000
vt 0.7553 0.9118 0.0000
vt 0.7540 0.9047 0.0000
vt 0.7524 0.8977 0.0000
vt 0.7495 0.8915 0.0000
vt 0.7520 0.8979 0.0000
vt 0.7491 0.8917 0.0000
vt 0.7459 0.8859 0.0000
vt 0.7415 0.8813 0.0000
vt 0.7455 0.8862 0.0000
vt 0.7412 0.8816 0.0000
vt 0.7363 0.8779 0.0000
vt 0.7306 0.8757 0.0000
vt 0.7361 0.8783 0.0000
vt 0.7305 0.8761 0.0000
vt 0.7245 0.8747 0.0000
vt 0.7182 0.8749 0.0000
vt 0.7245 0.8751 0.0000
vt 0.7182 0.8753 0.0000
vt 0.7117 0.8764 0.0000
vt 0.7053 0.8794 0.0000
vt 0.7119 0.8768 0.0000
vt 0.7055 0.8798 0.0000
vt 0.6989 0.8839 0.0000
vt 0.6993 0.8843 0.0000
vt 0.6882 0.8985 0.0000
vt 0.6829 0.9071 0.0000
vt 0.6937 0.8908 0.0000
vt 0.6787 0.9191 0.0000
vt 0.6752 0.9305 0.0000
vt 0.6734 0.9409 0.0000
vt 0.6730 0.9502 0.0000
vt 0.6741 0.9584 0.0000
vt 0.6763 0.9655 0.0000
vt 0.6796 0.9714 0.0000
vt 0.6837 0.9761 0.0000
vt 0.6886 0.9796 0.0000
vt 0.6940 0.9819 0.0000
vt 0.6998 0.9830 0.0000
vt 0.7059 0.9829 0.0000
vt 0.7121 0.9818 0.0000
vt 0.7184 0.9796 0.0000
vt 0.7244 0.9764 0.0000
vt 0.7302 0.9723 0.0000
vt 0.7356 0.9674 0.0000
vt 0.7405 0.9617 0.0000
vt 0.7448 0.9555 0.0000
vt 0.7484 0.9488 0.0000
vt 0.7513 0.9417 0.0000
vt 0.7534 0.9343 0.0000
vt 0.7547 0.9268 0.0000
vt 0.7552 0.9193 0.0000
vt 0.7548 0.9119 0.0000
vt 0.7536 0.9048 0.0000
vt 0.7516 0.8981 0.0000
vt 0.7488 0.8919 0.0000
vt 0.7452 0.8864 0.0000
vt 0.7360 0.8786 0.0000
vt 0.7304 0.8765 0.0000
vt 0.7245 0.8755 0.0000
vt 0.7183 0.8757 0.0000
vt 0.7120 0.8772 0.0000
vt 0.7057 0.8802 0.0000
vt 0.6996 0.8847 0.0000
vt 0.6497 0.5369 0.0000
vt 0.6047 0.5174 0.0000
vt 0.6048 0.5128 0.0000
vt 0.6094 0.3214 0.0000
vt 0.5887 0.2991 0.0000
vt 0.5886 0.2961 0.0000
vt 0.1755 0.5055 0.0000
vt 0.1770 0.4979 0.0000
vt 0.1771 0.4933 0.0000
vt 0.1352 0.2901 0.0000
vt 0.1610 0.2796 0.0000
vt 0.1609 0.2767 0.0000
# 3952 texture coords

o Object002
g Object002
usemtl wire_008110135
s 128
f 1/1/1 2/2/2 3/3/3 4/4/4 
f 2/2/2 5/5/5 6/6/6 3/3/3 
f 7/7/7 8/8/8 3/3/3 6/6/6 
f 8/8/8 9/9/9 4/4/4 3/3/3 
f 10/10/10 11/11/11 12/12/12 13/13/13 
f 11/11/11 1/1/1 4/4/4 12/12/12 
f 9/9/9 14/14/14 12/12/12 4/4/4 
f 14/14/14 15/15/15 13/13/13 12/12/12 
f 16/16/16 17/17/17 18/18/18 19/19/19 
f 17/17/17 10/10/10 13/13/13 18/18/18 
f 15/15/15 20/20/20 18/18/18 13/13/13 
f 20/20/20 21/21/21 19/19/19 18/18/18 
f 22/22/22 23/23/23 24/24/24 25/25/25 
f 23/23/23 16/16/16 19/19/19 24/24/24 
f 21/21/21 26/26/26 24/24/24 19/19/19 
f 26/26/26 27/27/27 25/25/25 24/24/24 
f 28/28/28 29/29/29 30/30/30 31/31/31 
f 29/29/29 22/22/22 25/25/25 30/30/30 
f 27/27/27 32/32/32 30/30/30 25/25/25 
f 32/32/32 33/33/33 31/31/31 30/30/30 
f 9/9/9 8/8/8 34/34/34 35/35/35 
f 8/8/8 7/7/7 36/36/36 34/34/34 
f 37/37/37 38/38/38 34/34/34 36/36/36 
f 38/38/38 39/39/38 35/35/35 34/34/34 
f 15/15/15 14/14/14 40/40/39 41/41/40 
f 14/14/14 9/9/9 35/35/35 40/40/39 
f 39/39/38 42/42/41 40/40/39 35/35/35 
f 42/42/41 43/43/42 41/41/40 40/40/39 
f 21/21/21 20/20/20 44/44/43 45/45/44 
f 20/20/20 15/15/15 41/41/40 44/44/43 
f 43/43/42 46/46/45 44/44/43 41/41/40 
f 46/46/45 47/47/45 45/45/44 44/44/43 
f 27/27/27 26/26/26 48/48/46 49/49/47 
f 26/26/26 21/21/21 45/45/44 48/48/46 
f 47/47/45 50/50/41 48/48/46 45/45/44 
f 50/50/41 51/51/41 49/49/47 48/48/46 
f 33/33/33 32/32/32 52/52/48 53/53/49 
f 32/32/32 27/27/27 49/49/47 52/52/48 
f 51/51/41 54/54/50 52/52/48 49/49/47 
f 54/54/50 55/55/51 53/53/49 52/52/48 
f 39/39/38 38/38/38 56/56/52 57/57/53 
f 38/38/38 37/37/37 58/58/54 56/56/52 
f 59/59/55 60/60/56 56/56/52 58/58/54 
f 60/60/56 61/61/57 57/57/53 56/56/52 
f 43/43/42 42/42/41 62/62/58 63/63/59 
f 42/42/41 39/39/38 57/57/53 62/62/58 
f 61/61/57 64/64/60 62/62/58 57/57/53 
f 64/64/60 65/65/61 63/63/59 62/62/58 
f 47/47/45 46/46/45 66/66/62 67/67/63 
f 46/46/45 43/43/42 63/63/59 66/66/62 
f 65/65/61 68/68/64 66/66/62 63/63/59 
f 68/68/64 69/69/65 67/67/63 66/66/62 
f 51/51/41 50/50/41 70/70/66 71/71/67 
f 50/50/41 47/47/45 67/67/63 70/70/66 
f 69/69/65 72/72/68 70/70/66 67/67/63 
f 72/72/68 73/73/69 71/71/67 70/70/66 
f 55/55/51 54/54/50 74/74/70 75/75/71 
f 54/54/50 51/51/41 71/71/67 74/74/70 
f 73/73/69 76/76/72 74/74/70 71/71/67 
f 76/76/72 77/77/73 75/75/71 74/74/70 
f 61/61/57 60/60/56 78/78/74 79/79/75 
f 60/60/56 59/59/55 80/80/76 78/78/74 
f 81/81/77 82/82/78 78/78/74 80/80/76 
f 82/82/78 83/83/79 79/79/75 78/78/74 
f 65/65/61 64/64/60 84/84/80 85/85/81 
f 64/64/60 61/61/57 79/79/75 84/84/80 
f 83/83/79 86/86/82 84/84/80 79/79/75 
f 86/86/82 87/87/83 85/85/81 84/84/80 
f 69/69/65 68/68/64 88/88/84 89/89/85 
f 68/68/64 65/65/61 85/85/81 88/88/84 
f 87/87/83 90/90/86 88/88/84 85/85/81 
f 90/90/86 91/91/87 89/89/85 88/88/84 
f 73/73/69 72/72/68 92/92/88 93/93/89 
f 72/72/68 69/69/65 89/89/85 92/92/88 
f 91/91/87 94/94/90 92/92/88 89/89/85 
f 94/94/90 95/95/91 93/93/89 92/92/88 
f 77/77/73 76/76/72 96/96/92 97/97/93 
f 76/76/72 73/73/69 93/93/89 96/96/92 
f 95/95/91 98/98/94 96/96/92 93/93/89 
f 98/98/94 99/99/95 97/97/93 96/96/92 
f 83/100/79 82/101/78 100/102/96 101/103/97 
f 82/101/78 81/104/77 102/105/98 100/102/96 
f 103/106/99 104/107/100 100/102/96 102/105/98 
f 104/107/100 105/108/101 101/103/97 100/102/96 
f 87/109/83 86/110/82 106/111/102 107/112/103 
f 86/110/82 83/100/79 101/103/97 106/111/102 
f 105/108/101 108/113/104 106/111/102 101/103/97 
f 108/113/104 109/114/105 107/112/103 106/111/102 
f 91/115/87 90/116/86 110/117/106 111/118/107 
f 90/116/86 87/109/83 107/112/103 110/117/106 
f 109/114/105 112/119/108 110/117/106 107/112/103 
f 112/119/108 113/120/109 111/118/107 110/117/106 
f 95/121/91 94/122/90 114/123/110 115/124/111 
f 94/122/90 91/115/87 111/118/107 114/123/110 
f 113/120/109 116/125/112 114/123/110 111/118/107 
f 116/125/112 117/126/113 115/124/111 114/123/110 
f 99/127/95 98/128/94 118/129/114 119/130/115 
f 98/128/94 95/121/91 115/124/111 118/129/114 
f 117/126/113 120/131/116 118/129/114 115/124/111 
f 120/131/116 121/132/117 119/130/115 118/129/114 
f 105/108/101 104/107/100 122/133/118 123/134/119 
f 104/107/100 103/106/99 124/135/120 122/133/118 
f 125/136/121 126/137/122 122/133/118 124/135/120 
f 126/137/122 127/138/123 123/134/119 122/133/118 
f 109/114/105 108/113/104 128/139/124 129/140/125 
f 108/113/104 105/108/101 123/134/119 128/139/124 
f 127/138/123 130/141/126 128/139/124 123/134/119 
f 130/141/126 131/142/122 129/140/125 128/139/124 
f 113/120/109 112/119/108 132/143/127 133/144/128 
f 112/119/108 109/114/105 129/140/125 132/143/127 
f 131/142/122 134/145/122 132/143/127 129/140/125 
f 134/145/122 135/146/122 133/144/128 132/143/127 
f 117/126/113 116/125/112 136/147/129 137/148/130 
f 116/125/112 113/120/109 133/144/128 136/147/129 
f 135/146/122 138/149/126 136/147/129 133/144/128 
f 138/149/126 139/150/126 137/148/130 136/147/129 
f 121/132/117 120/131/116 140/151/131 141/152/132 
f 120/131/116 117/126/113 137/148/130 140/151/131 
f 139/150/126 142/153/133 140/151/131 137/148/130 
f 142/153/133 143/154/134 141/152/132 140/151/131 
f 127/138/123 126/137/122 144/155/135 145/156/136 
f 126/137/122 125/136/121 146/157/137 144/155/135 
f 147/158/138 148/159/139 144/155/135 146/157/137 
f 148/159/139 149/160/140 145/156/136 144/155/135 
f 131/142/122 130/141/126 150/161/141 151/162/142 
f 130/141/126 127/138/123 145/156/136 150/161/141 
f 149/160/140 152/163/143 150/161/141 145/156/136 
f 152/163/143 153/164/144 151/162/142 150/161/141 
f 135/146/122 134/145/122 154/165/145 155/166/146 
f 134/145/122 131/142/122 151/162/142 154/165/145 
f 153/164/144 156/167/147 154/165/145 151/162/142 
f 156/167/147 157/168/148 155/166/146 154/165/145 
f 139/150/126 138/149/126 158/169/149 159/170/150 
f 138/149/126 135/146/122 155/166/146 158/169/149 
f 157/168/148 160/171/151 158/169/149 155/166/146 
f 160/171/151 161/172/152 159/170/150 158/169/149 
f 143/154/134 142/153/133 162/173/153 163/174/154 
f 142/153/133 139/150/126 159/170/150 162/173/153 
f 161/172/152 164/175/155 162/173/153 159/170/150 
f 164/175/155 165/176/156 163/174/154 162/173/153 
f 149/177/157 148/178/158 166/179/159 167/180/160 
f 148/178/158 147/181/161 168/182/162 166/179/159 
f 5/5/163 2/2/164 166/179/159 168/182/162 
f 2/2/164 1/1/165 167/180/160 166/179/159 
f 153/183/166 152/184/167 169/185/168 170/186/169 
f 152/184/167 149/177/157 167/180/160 169/185/168 
f 1/1/165 11/11/170 169/185/168 167/180/160 
f 11/11/170 10/10/171 170/186/169 169/185/168 
f 157/187/172 156/188/173 171/189/174 172/190/175 
f 156/188/173 153/183/166 170/186/169 171/189/174 
f 10/10/171 17/17/176 171/189/174 170/186/169 
f 17/17/176 16/16/177 172/190/175 171/189/174 
f 161/191/178 160/192/179 173/193/180 174/194/181 
f 160/192/179 157/187/172 172/190/175 173/193/180 
f 16/16/177 23/23/182 173/193/180 172/190/175 
f 23/23/182 22/22/183 174/194/181 173/193/180 
f 165/195/184 164/196/185 175/197/186 176/198/187 
f 164/196/185 161/191/178 174/194/181 175/197/186 
f 22/22/183 29/29/188 175/197/186 174/194/181 
f 29/29/188 28/28/189 176/198/187 175/197/186 
f 7/7/190 6/6/191 177/199/192 178/200/193 
f 6/6/191 5/5/194 179/201/195 177/199/192 
f 180/202/196 181/203/197 177/199/192 179/201/195 
f 181/203/197 182/204/198 178/200/193 177/199/192 
f 37/37/199 36/36/200 183/205/201 184/206/202 
f 36/36/200 7/7/203 178/200/204 183/205/201 
f 182/204/205 185/207/206 183/205/201 178/200/204 
f 185/207/206 186/208/207 184/206/202 183/205/201 
f 59/59/208 58/58/209 187/209/210 188/210/211 
f 58/58/209 37/37/212 184/206/213 187/209/210 
f 186/208/214 189/211/215 187/209/210 184/206/213 
f 189/211/215 190/212/216 188/210/211 187/209/210 
f 81/81/217 80/80/218 191/213/219 192/214/220 
f 80/80/218 59/59/221 188/210/222 191/213/219 
f 190/212/223 193/215/224 191/213/219 188/210/222 
f 193/215/224 194/216/225 192/214/220 191/213/219 
f 103/106/226 102/105/227 195/217/228 196/218/229 
f 102/105/227 81/104/230 192/219/231 195/217/228 
f 194/220/232 197/221/233 195/217/228 192/219/231 
f 197/221/233 198/222/234 196/218/229 195/217/228 
f 125/136/235 124/135/236 199/223/237 200/224/238 
f 124/135/236 103/106/239 196/218/240 199/223/237 
f 198/222/241 201/225/242 199/223/237 196/218/240 
f 201/225/242 202/226/243 200/224/238 199/223/237 
f 147/158/244 146/157/245 203/227/246 204/228/247 
f 146/157/245 125/136/248 200/224/249 203/227/246 
f 202/226/250 205/229/251 203/227/246 200/224/249 
f 205/229/251 206/230/252 204/228/247 203/227/246 
f 5/5/253 168/182/254 207/231/255 179/201/256 
f 168/182/254 147/181/257 204/232/258 207/231/255 
f 206/233/259 208/234/260 207/231/255 204/232/258 
f 208/234/260 180/202/261 179/201/256 207/231/255 
f 182/204/262 181/203/263 209/235/264 210/236/265 
f 181/203/263 180/202/266 211/237/267 209/235/264 
f 212/238/268 213/239/269 209/235/264 211/237/267 
f 213/239/269 214/240/270 210/236/265 209/235/264 
f 186/208/271 185/207/272 215/241/273 216/242/274 
f 185/207/272 182/204/275 210/236/276 215/241/273 
f 214/240/277 217/243/278 215/241/273 210/236/276 
f 217/243/278 218/244/279 216/242/274 215/241/273 
f 190/212/280 189/211/281 219/245/282 220/246/283 
f 189/211/281 186/208/284 216/242/285 219/245/282 
f 218/244/286 221/247/287 219/245/282 216/242/285 
f 221/247/287 222/248/288 220/246/283 219/245/282 
f 194/216/289 193/215/290 223/249/291 224/250/292 
f 193/215/290 190/212/293 220/246/294 223/249/291 
f 222/248/295 225/251/296 223/249/291 220/246/294 
f 225/251/296 226/252/297 224/250/292 223/249/291 
f 198/222/298 197/221/299 227/253/300 228/254/301 
f 197/221/299 194/220/302 224/255/303 227/253/300 
f 226/256/304 229/257/305 227/253/300 224/255/303 
f 229/257/305 230/258/306 228/254/301 227/253/300 
f 202/226/307 201/225/308 231/259/309 232/260/310 
f 201/225/308 198/222/311 228/254/312 231/259/309 
f 230/258/313 233/261/314 231/259/309 228/254/312 
f 233/261/314 234/262/315 232/260/310 231/259/309 
f 206/230/316 205/229/317 235/263/318 236/264/319 
f 205/229/317 202/226/320 232/260/321 235/263/318 
f 234/262/322 237/265/323 235/263/318 232/260/321 
f 237/265/323 238/266/324 236/264/319 235/263/318 
f 180/202/325 208/234/326 239/267/327 211/237/328 
f 208/234/326 206/233/329 236/268/330 239/267/327 
f 238/269/331 240/270/332 239/267/327 236/268/330 
f 240/270/332 212/238/333 211/237/328 239/267/327 
f 241/271/334 242/272/335 243/273/336 244/274/337 
f 242/272/335 245/275/338 246/276/339 243/273/336 
f 247/277/340 248/278/341 243/273/336 246/276/339 
f 248/278/341 249/279/342 244/274/337 243/273/336 
f 250/280/343 251/281/344 252/282/345 253/283/346 
f 251/281/344 254/284/347 255/285/348 252/282/345 
f 245/275/338 242/272/335 252/282/345 255/285/348 
f 242/272/335 241/271/334 253/283/346 252/282/345 
f 256/286/349 257/287/350 258/288/351 259/289/352 
f 257/287/350 260/290/353 261/291/354 258/288/351 
f 254/284/347 251/281/344 258/288/351 261/291/354 
f 251/281/344 250/280/343 259/289/352 258/288/351 
f 262/292/355 263/293/356 264/294/357 265/295/358 
f 263/293/356 266/296/359 267/297/360 264/294/357 
f 260/290/353 257/287/350 264/294/357 267/297/360 
f 257/287/350 256/286/349 265/295/358 264/294/357 
f 268/298/361 269/299/362 270/300/363 271/301/364 
f 269/299/362 272/302/365 273/303/366 270/300/363 
f 266/296/359 263/293/356 270/300/363 273/303/366 
f 263/293/356 262/292/355 271/301/364 270/300/363 
f 245/275/338 274/304/367 275/305/368 246/276/339 
f 274/304/367 276/306/45 277/307/369 275/305/368 
f 278/308/41 279/309/370 275/305/368 277/307/369 
f 279/309/370 247/277/340 246/276/339 275/305/368 
f 254/284/347 280/310/371 281/311/372 255/285/348 
f 280/310/371 282/312/41 283/313/373 281/311/372 
f 276/306/45 274/304/367 281/311/372 283/313/373 
f 274/304/367 245/275/338 255/285/348 281/311/372 
f 260/290/353 284/314/374 285/315/375 261/291/354 
f 284/314/374 286/316/45 287/317/41 285/315/375 
f 282/312/41 280/310/371 285/315/375 287/317/41 
f 280/310/371 254/284/347 261/291/354 285/315/375 
f 266/296/359 288/318/376 289/319/377 267/297/360 
f 288/318/376 290/320/41 291/321/45 289/319/377 
f 286/316/45 284/314/374 289/319/377 291/321/45 
f 284/314/374 260/290/353 267/297/360 289/319/377 
f 272/302/365 292/322/378 293/323/379 273/303/366 
f 292/322/378 294/324/380 295/325/381 293/323/379 
f 290/320/41 288/318/376 293/323/379 295/325/381 
f 288/318/376 266/296/359 273/303/366 293/323/379 
f 276/306/45 296/326/382 297/327/383 277/307/369 
f 296/326/382 298/328/384 299/329/385 297/327/383 
f 300/330/386 301/331/387 297/327/383 299/329/385 
f 301/331/387 278/308/41 277/307/369 297/327/383 
f 282/312/41 302/332/388 303/333/389 283/313/373 
f 302/332/388 304/334/390 305/335/391 303/333/389 
f 298/328/384 296/326/382 303/333/389 305/335/391 
f 296/326/382 276/306/45 283/313/373 303/333/389 
f 286/316/45 306/336/392 307/337/393 287/317/41 
f 306/336/392 308/338/394 309/339/395 307/337/393 
f 304/334/390 302/332/388 307/337/393 309/339/395 
f 302/332/388 282/312/41 287/317/41 307/337/393 
f 290/320/41 310/340/396 311/341/397 291/321/45 
f 310/340/396 312/342/398 313/343/399 311/341/397 
f 308/338/394 306/336/392 311/341/397 313/343/399 
f 306/336/392 286/316/45 291/321/45 311/341/397 
f 294/324/380 314/344/400 315/345/401 295/325/381 
f 314/344/400 316/346/402 317/347/403 315/345/401 
f 312/342/398 310/340/396 315/345/401 317/347/403 
f 310/340/396 290/320/41 295/325/381 315/345/401 
f 298/328/384 318/348/404 319/349/405 299/329/385 
f 318/348/404 320/350/406 321/351/407 319/349/405 
f 322/352/408 323/353/409 319/349/405 321/351/407 
f 323/353/409 300/330/386 299/329/385 319/349/405 
f 304/334/390 324/354/410 325/355/411 305/335/391 
f 324/354/410 326/356/412 327/357/413 325/355/411 
f 320/350/406 318/348/404 325/355/411 327/357/413 
f 318/348/404 298/328/384 305/335/391 325/355/411 
f 308/338/394 328/358/414 329/359/415 309/339/395 
f 328/358/414 330/360/416 331/361/417 329/359/415 
f 326/356/412 324/354/410 329/359/415 331/361/417 
f 324/354/410 304/334/390 309/339/395 329/359/415 
f 312/342/398 332/362/418 333/363/419 313/343/399 
f 332/362/418 334/364/420 335/365/421 333/363/419 
f 330/360/416 328/358/414 333/363/419 335/365/421 
f 328/358/414 308/338/394 313/343/399 333/363/419 
f 316/346/402 336/366/422 337/367/423 317/347/403 
f 336/366/422 338/368/424 339/369/425 337/367/423 
f 334/364/420 332/362/418 337/367/423 339/369/425 
f 332/362/418 312/342/398 317/347/403 337/367/423 
f 320/370/406 340/371/426 341/372/427 321/373/407 
f 340/371/426 342/374/428 343/375/429 341/372/427 
f 344/376/430 345/377/431 341/372/427 343/375/429 
f 345/377/431 322/378/408 321/373/407 341/372/427 
f 326/379/412 346/380/432 347/381/433 327/382/413 
f 346/380/432 348/383/434 349/384/435 347/381/433 
f 342/374/428 340/371/426 347/381/433 349/384/435 
f 340/371/426 320/370/406 327/382/413 347/381/433 
f 330/385/416 350/386/436 351/387/437 331/388/417 
f 350/386/436 352/389/438 353/390/439 351/387/437 
f 348/383/434 346/380/432 351/387/437 353/390/439 
f 346/380/432 326/379/412 331/388/417 351/387/437 
f 334/391/420 354/392/440 355/393/441 335/394/421 
f 354/392/440 356/395/442 357/396/443 355/393/441 
f 352/389/438 350/386/436 355/393/441 357/396/443 
f 350/386/436 330/385/416 335/394/421 355/393/441 
f 338/397/424 358/398/444 359/399/445 339/400/425 
f 358/398/444 360/401/446 361/402/447 359/399/445 
f 356/395/442 354/392/440 359/399/445 361/402/447 
f 354/392/440 334/391/420 339/400/425 359/399/445 
f 342/374/428 362/403/448 363/404/449 343/375/429 
f 362/403/448 364/405/123 365/406/126 363/404/449 
f 366/407/450 367/408/451 363/404/449 365/406/126 
f 367/408/451 344/376/430 343/375/429 363/404/449 
f 348/383/434 368/409/452 369/410/453 349/384/435 
f 368/409/452 370/411/122 371/412/454 369/410/453 
f 364/405/123 362/403/448 369/410/453 371/412/454 
f 362/403/448 342/374/428 349/384/435 369/410/453 
f 352/389/438 372/413/455 373/414/456 353/390/439 
f 372/413/455 374/415/126 375/416/126 373/414/456 
f 370/411/122 368/409/452 373/414/456 375/416/126 
f 368/409/452 348/383/434 353/390/439 373/414/456 
f 356/395/442 376/417/457 377/418/458 357/396/443 
f 376/417/457 378/419/126 379/420/126 377/418/458 
f 374/415/126 372/413/455 377/418/458 379/420/126 
f 372/413/455 352/389/438 357/396/443 377/418/458 
f 360/401/446 380/421/459 381/422/460 361/402/447 
f 380/421/459 382/423/461 383/424/462 381/422/460 
f 378/419/126 376/417/457 381/422/460 383/424/462 
f 376/417/457 356/395/442 361/402/447 381/422/460 
f 364/405/123 384/425/463 385/426/464 365/406/126 
f 384/425/463 386/427/465 387/428/466 385/426/464 
f 388/429/467 389/430/468 385/426/464 387/428/466 
f 389/430/468 366/407/450 365/406/126 385/426/464 
f 370/411/122 390/431/469 391/432/470 371/412/454 
f 390/431/469 392/433/471 393/434/472 391/432/470 
f 386/427/465 384/425/463 391/432/470 393/434/472 
f 384/425/463 364/405/123 371/412/454 391/432/470 
f 374/415/126 394/435/473 395/436/474 375/416/126 
f 394/435/473 396/437/475 397/438/476 395/436/474 
f 392/433/471 390/431/469 395/436/474 397/438/476 
f 390/431/469 370/411/122 375/416/126 395/436/474 
f 378/419/126 398/439/477 399/440/478 379/420/126 
f 398/439/477 400/441/479 401/442/480 399/440/478 
f 396/437/475 394/435/473 399/440/478 401/442/480 
f 394/435/473 374/415/126 379/420/126 399/440/478 
f 382/423/461 402/443/481 403/444/482 383/424/462 
f 402/443/481 404/445/483 405/446/484 403/444/482 
f 400/441/479 398/439/477 403/444/482 405/446/484 
f 398/439/477 378/419/126 383/424/462 403/444/482 
f 386/447/465 406/448/485 407/449/486 387/450/466 
f 406/448/485 241/271/334 244/274/337 407/449/486 
f 249/279/342 408/451/487 407/449/486 244/274/337 
f 408/451/487 388/452/467 387/450/466 407/449/486 
f 392/453/471 409/454/488 410/455/489 393/456/472 
f 409/454/488 250/280/343 253/283/346 410/455/489 
f 241/271/334 406/448/485 410/455/489 253/283/346 
f 406/448/485 386/447/465 393/456/472 410/455/489 
f 396/457/475 411/458/490 412/459/491 397/460/476 
f 411/458/490 256/286/349 259/289/352 412/459/491 
f 250/280/343 409/454/488 412/459/491 259/289/352 
f 409/454/488 392/453/471 397/460/476 412/459/491 
f 400/461/479 413/462/492 414/463/493 401/464/480 
f 413/462/492 262/292/355 265/295/358 414/463/493 
f 256/286/349 411/458/490 414/463/493 265/295/358 
f 411/458/490 396/457/475 401/464/480 414/463/493 
f 404/465/483 415/466/494 416/467/495 405/468/484 
f 415/466/494 268/298/361 271/301/364 416/467/495 
f 262/292/355 413/462/492 416/467/495 271/301/364 
f 413/462/492 400/461/479 405/468/484 416/467/495 
f 247/277/496 417/469/497 418/470/498 248/278/499 
f 417/469/497 419/471/500 420/472/501 418/470/498 
f 421/473/502 422/474/503 418/470/498 420/472/501 
f 422/474/503 249/279/504 248/278/499 418/470/498 
f 278/308/505 423/475/506 424/476/507 279/309/508 
f 423/475/506 425/477/509 426/478/510 424/476/507 
f 419/471/511 417/469/512 424/476/507 426/478/510 
f 417/469/512 247/277/513 279/309/508 424/476/507 
f 300/330/514 427/479/515 428/480/516 301/331/517 
f 427/479/515 429/481/518 430/482/519 428/480/516 
f 425/477/520 423/475/521 428/480/516 430/482/519 
f 423/475/521 278/308/522 301/331/517 428/480/516 
f 322/352/523 431/483/524 432/484/525 323/353/526 
f 431/483/524 433/485/527 434/486/528 432/484/525 
f 429/481/529 427/479/530 432/484/525 434/486/528 
f 427/479/530 300/330/531 323/353/526 432/484/525 
f 344/376/532 435/487/533 436/488/534 345/377/535 
f 435/487/533 437/489/536 438/490/537 436/488/534 
f 433/491/538 431/492/539 436/488/534 438/490/537 
f 431/492/539 322/378/540 345/377/535 436/488/534 
f 366/407/541 439/493/542 440/494/543 367/408/544 
f 439/493/542 441/495/545 442/496/546 440/494/543 
f 437/489/547 435/487/548 440/494/543 442/496/546 
f 435/487/548 344/376/549 367/408/544 440/494/543 
f 388/429/550 443/497/551 444/498/552 389/430/553 
f 443/497/551 445/499/554 446/500/555 444/498/552 
f 441/495/556 439/493/557 444/498/552 446/500/555 
f 439/493/557 366/407/558 389/430/553 444/498/552 
f 249/279/559 422/474/560 447/501/561 408/451/562 
f 422/474/560 421/473/563 448/502/564 447/501/561 
f 445/503/565 443/504/566 447/501/561 448/502/564 
f 443/504/566 388/452/567 408/451/562 447/501/561 
f 419/471/568 449/505/569 450/506/570 420/472/571 
f 449/505/569 214/240/572 213/239/573 450/506/570 
f 212/238/574 451/507/575 450/506/570 213/239/573 
f 451/507/575 421/473/576 420/472/571 450/506/570 
f 425/477/577 452/508/578 453/509/579 426/478/580 
f 452/508/578 218/244/581 217/243/582 453/509/579 
f 214/240/583 449/505/584 453/509/579 217/243/582 
f 449/505/584 419/471/585 426/478/580 453/509/579 
f 429/481/586 454/510/587 455/511/588 430/482/589 
f 454/510/587 222/248/590 221/247/591 455/511/588 
f 218/244/592 452/508/593 455/511/588 221/247/591 
f 452/508/593 425/477/594 430/482/589 455/511/588 
f 433/485/595 456/512/596 457/513/597 434/486/598 
f 456/512/596 226/252/599 225/251/600 457/513/597 
f 222/248/601 454/510/602 457/513/597 225/251/600 
f 454/510/602 429/481/603 434/486/598 457/513/597 
f 437/489/604 458/514/605 459/515/606 438/516/607 
f 458/514/605 230/258/608 229/257/609 459/515/606 
f 226/256/610 456/517/611 459/515/606 229/257/609 
f 456/517/611 433/518/612 438/516/607 459/515/606 
f 441/495/613 460/519/614 461/520/615 442/496/616 
f 460/519/614 234/262/617 233/261/618 461/520/615 
f 230/258/619 458/514/620 461/520/615 233/261/618 
f 458/514/620 437/489/621 442/496/616 461/520/615 
f 445/499/622 462/521/623 463/522/624 446/500/625 
f 462/521/623 238/266/626 237/265/627 463/522/624 
f 234/262/628 460/519/629 463/522/624 237/265/627 
f 460/519/629 441/495/630 446/500/625 463/522/624 
f 421/473/631 451/507/632 464/523/633 448/502/634 
f 451/507/632 212/238/635 240/270/636 464/523/633 
f 238/269/637 462/524/638 464/523/633 240/270/636 
f 462/524/638 445/503/639 448/502/634 464/523/633 
f 465/525/640 466/526/641 467/527/642 468/528/643 
f 466/526/641 469/529/644 470/530/645 467/527/642 
f 471/531/646 472/532/647 467/527/642 470/530/645 
f 472/532/647 473/533/648 468/528/643 467/527/642 
f 474/534/649 475/535/650 476/536/651 477/537/652 
f 475/535/650 465/525/640 468/528/643 476/536/651 
f 473/533/648 478/538/653 476/536/651 468/528/643 
f 478/538/653 479/539/654 477/537/652 476/536/651 
f 480/540/655 481/541/656 482/542/657 483/543/658 
f 481/541/656 474/534/649 477/537/652 482/542/657 
f 479/539/654 484/544/659 482/542/657 477/537/652 
f 484/544/659 485/545/660 483/543/658 482/542/657 
f 486/546/661 487/547/662 488/548/663 489/549/664 
f 487/547/662 480/540/655 483/543/658 488/548/663 
f 485/545/660 490/550/665 488/548/663 483/543/658 
f 490/550/665 491/551/666 489/549/664 488/548/663 
f 492/552/667 493/553/668 494/554/669 495/555/670 
f 493/553/668 486/546/661 489/549/664 494/554/669 
f 491/551/666 496/556/671 494/554/669 489/549/664 
f 496/556/671 497/557/672 495/555/670 494/554/669 
f 473/533/648 472/532/647 498/558/673 499/559/674 
f 472/532/647 471/531/646 500/560/675 498/558/673 
f 501/561/676 502/562/676 498/558/673 500/560/675 
f 502/562/676 503/563/676 499/559/674 498/558/673 
f 479/539/654 478/538/653 504/564/677 505/565/678 
f 478/538/653 473/533/648 499/559/674 504/564/677 
f 503/563/676 506/566/676 504/564/677 499/559/674 
f 506/566/676 507/567/676 505/565/678 504/564/677 
f 485/545/660 484/544/659 508/568/679 509/569/680 
f 484/544/659 479/539/654 505/565/678 508/568/679 
f 507/567/676 510/570/676 508/568/679 505/565/678 
f 510/570/676 511/571/676 509/569/680 508/568/679 
f 491/551/666 490/550/665 512/572/681 513/573/682 
f 490/550/665 485/545/660 509/569/680 512/572/681 
f 511/571/676 514/574/676 512/572/681 509/569/680 
f 514/574/676 515/575/676 513/573/682 512/572/681 
f 497/557/672 496/556/671 516/576/683 517/577/684 
f 496/556/671 491/551/666 513/573/682 516/576/683 
f 515/575/676 518/578/685 516/576/683 513/573/682 
f 518/578/685 519/579/686 517/577/684 516/576/683 
f 503/563/676 502/562/676 520/580/687 521/581/688 
f 502/562/676 501/561/676 522/582/689 520/580/687 
f 523/583/690 524/584/691 520/580/687 522/582/689 
f 524/584/691 525/585/692 521/581/688 520/580/687 
f 507/567/676 506/566/676 526/586/693 527/587/694 
f 506/566/676 503/563/676 521/581/688 526/586/693 
f 525/585/692 528/588/695 526/586/693 521/581/688 
f 528/588/695 529/589/696 527/587/694 526/586/693 
f 511/571/676 510/570/676 530/590/697 531/591/698 
f 510/570/676 507/567/676 527/587/694 530/590/697 
f 529/589/696 532/592/699 530/590/697 527/587/694 
f 532/592/699 533/593/700 531/591/698 530/590/697 
f 515/575/676 514/574/676 534/594/701 535/595/702 
f 514/574/676 511/571/676 531/591/698 534/594/701 
f 533/593/700 536/596/703 534/594/701 531/591/698 
f 536/596/703 537/597/704 535/595/702 534/594/701 
f 519/579/686 518/578/685 538/598/705 539/599/706 
f 518/578/685 515/575/676 535/595/702 538/598/705 
f 537/597/704 540/600/707 538/598/705 535/595/702 
f 540/600/707 541/601/708 539/599/706 538/598/705 
f 525/585/692 524/584/691 542/602/709 543/603/710 
f 524/584/691 523/583/690 544/604/711 542/602/709 
f 545/605/712 546/606/713 542/602/709 544/604/711 
f 546/606/713 547/607/714 543/603/710 542/602/709 
f 529/589/696 528/588/695 548/608/715 549/609/716 
f 528/588/695 525/585/692 543/603/710 548/608/715 
f 547/607/714 550/610/717 548/608/715 543/603/710 
f 550/610/717 551/611/718 549/609/716 548/608/715 
f 533/593/700 532/592/699 552/612/719 553/613/720 
f 532/592/699 529/589/696 549/609/716 552/612/719 
f 551/611/718 554/614/721 552/612/719 549/609/716 
f 554/614/721 555/615/722 553/613/720 552/612/719 
f 537/597/704 536/596/703 556/616/723 557/617/724 
f 536/596/703 533/593/700 553/613/720 556/616/723 
f 555/615/722 558/618/725 556/616/723 553/613/720 
f 558/618/725 559/619/726 557/617/724 556/616/723 
f 541/601/708 540/600/707 560/620/727 561/621/728 
f 540/600/707 537/597/704 557/617/724 560/620/727 
f 559/619/726 562/622/729 560/620/727 557/617/724 
f 562/622/729 563/623/730 561/621/728 560/620/727 
f 547/624/714 546/625/713 564/626/731 565/627/732 
f 546/625/713 545/628/712 566/629/733 564/626/731 
f 567/630/734 568/631/735 564/626/731 566/629/733 
f 568/631/735 569/632/736 565/627/732 564/626/731 
f 551/633/718 550/634/717 570/635/737 571/636/738 
f 550/634/717 547/624/714 565/627/732 570/635/737 
f 569/632/736 572/637/739 570/635/737 565/627/732 
f 572/637/739 573/638/740 571/636/738 570/635/737 
f 555/639/722 554/640/721 574/641/741 575/642/742 
f 554/640/721 551/633/718 571/636/738 574/641/741 
f 573/638/740 576/643/743 574/641/741 571/636/738 
f 576/643/743 577/644/744 575/642/742 574/641/741 
f 559/645/726 558/646/725 578/647/745 579/648/746 
f 558/646/725 555/639/722 575/642/742 578/647/745 
f 577/644/744 580/649/747 578/647/745 575/642/742 
f 580/649/747 581/650/748 579/648/746 578/647/745 
f 563/651/730 562/652/729 582/653/749 583/654/750 
f 562/652/729 559/645/726 579/648/746 582/653/749 
f 581/650/748 584/655/751 582/653/749 579/648/746 
f 584/655/751 585/656/752 583/654/750 582/653/749 
f 569/632/736 568/631/735 586/657/753 587/658/754 
f 568/631/735 567/630/734 588/659/755 586/657/753 
f 589/660/756 590/661/756 586/657/753 588/659/755 
f 590/661/756 591/662/756 587/658/754 586/657/753 
f 573/638/740 572/637/739 592/663/757 593/664/758 
f 572/637/739 569/632/736 587/658/754 592/663/757 
f 591/662/756 594/665/756 592/663/757 587/658/754 
f 594/665/756 595/666/756 593/664/758 592/663/757 
f 577/644/744 576/643/743 596/667/759 597/668/760 
f 576/643/743 573/638/740 593/664/758 596/667/759 
f 595/666/756 598/669/756 596/667/759 593/664/758 
f 598/669/756 599/670/756 597/668/760 596/667/759 
f 581/650/748 580/649/747 600/671/761 601/672/762 
f 580/649/747 577/644/744 597/668/760 600/671/761 
f 599/670/756 602/673/756 600/671/761 597/668/760 
f 602/673/756 603/674/756 601/672/762 600/671/761 
f 585/656/752 584/655/751 604/675/763 605/676/764 
f 584/655/751 581/650/748 601/672/762 604/675/763 
f 603/674/756 606/677/765 604/675/763 601/672/762 
f 606/677/765 607/678/766 605/676/764 604/675/763 
f 591/662/756 590/661/756 608/679/767 609/680/768 
f 590/661/756 589/660/756 610/681/769 608/679/767 
f 611/682/770 612/683/771 608/679/767 610/681/769 
f 612/683/771 613/684/772 609/680/768 608/679/767 
f 595/666/756 594/665/756 614/685/773 615/686/774 
f 594/665/756 591/662/756 609/680/768 614/685/773 
f 613/684/772 616/687/775 614/685/773 609/680/768 
f 616/687/775 617/688/776 615/686/774 614/685/773 
f 599/670/756 598/669/756 618/689/777 619/690/778 
f 598/669/756 595/666/756 615/686/774 618/689/777 
f 617/688/776 620/691/779 618/689/777 615/686/774 
f 620/691/779 621/692/780 619/690/778 618/689/777 
f 603/674/756 602/673/756 622/693/781 623/694/782 
f 602/673/756 599/670/756 619/690/778 622/693/781 
f 621/692/780 624/695/783 622/693/781 619/690/778 
f 624/695/783 625/696/784 623/694/782 622/693/781 
f 607/678/766 606/677/765 626/697/785 627/698/786 
f 606/677/765 603/674/756 623/694/782 626/697/785 
f 625/696/784 628/699/787 626/697/785 623/694/782 
f 628/699/787 629/700/788 627/698/786 626/697/785 
f 613/701/772 612/702/771 630/703/789 631/704/790 
f 612/702/771 611/705/770 632/706/791 630/703/789 
f 469/529/644 466/526/641 630/703/789 632/706/791 
f 466/526/641 465/525/640 631/704/790 630/703/789 
f 617/707/776 616/708/775 633/709/792 634/710/793 
f 616/708/775 613/701/772 631/704/790 633/709/792 
f 465/525/640 475/535/650 633/709/792 631/704/790 
f 475/535/650 474/534/649 634/710/793 633/709/792 
f 621/711/780 620/712/779 635/713/794 636/714/795 
f 620/712/779 617/707/776 634/710/793 635/713/794 
f 474/534/649 481/541/656 635/713/794 634/710/793 
f 481/541/656 480/540/655 636/714/795 635/713/794 
f 625/715/784 624/716/783 637/717/796 638/718/797 
f 624/716/783 621/711/780 636/714/795 637/717/796 
f 480/540/655 487/547/662 637/717/796 636/714/795 
f 487/547/662 486/546/661 638/718/797 637/717/796 
f 629/719/788 628/720/787 639/721/798 640/722/799 
f 628/720/787 625/715/784 638/718/797 639/721/798 
f 486/546/661 493/553/668 639/721/798 638/718/797 
f 493/553/668 492/552/667 640/722/799 639/721/798 
f 471/531/800 470/530/801 641/723/802 642/724/803 
f 470/530/801 469/529/804 643/725/805 641/723/802 
f 644/726/806 645/727/807 641/723/802 643/725/805 
f 645/727/807 646/728/808 642/724/803 641/723/802 
f 501/561/809 500/560/810 647/729/811 648/730/812 
f 500/560/810 471/531/813 642/724/814 647/729/811 
f 646/728/815 649/731/816 647/729/811 642/724/814 
f 649/731/816 650/732/817 648/730/812 647/729/811 
f 523/583/818 522/582/819 651/733/820 652/734/821 
f 522/582/819 501/561/822 648/730/823 651/733/820 
f 650/732/824 653/735/825 651/733/820 648/730/823 
f 653/735/825 654/736/826 652/734/821 651/733/820 
f 545/605/827 544/604/828 655/737/829 656/738/830 
f 544/604/828 523/583/831 652/734/832 655/737/829 
f 654/736/833 657/739/834 655/737/829 652/734/832 
f 657/739/834 658/740/835 656/738/830 655/737/829 
f 567/630/836 566/629/837 659/741/838 660/742/839 
f 566/629/837 545/628/840 656/743/841 659/741/838 
f 658/744/842 661/745/843 659/741/838 656/743/841 
f 661/745/843 662/746/844 660/742/839 659/741/838 
f 589/660/845 588/659/846 663/747/847 664/748/848 
f 588/659/846 567/630/849 660/742/850 663/747/847 
f 662/746/851 665/749/852 663/747/847 660/742/850 
f 665/749/852 666/750/853 664/748/848 663/747/847 
f 611/682/854 610/681/855 667/751/856 668/752/857 
f 610/681/855 589/660/858 664/748/859 667/751/856 
f 666/750/860 669/753/861 667/751/856 664/748/859 
f 669/753/861 670/754/862 668/752/857 667/751/856 
f 469/529/863 632/706/864 671/755/865 643/725/866 
f 632/706/864 611/705/867 668/756/868 671/755/865 
f 670/757/869 672/758/870 671/755/865 668/756/868 
f 672/758/870 644/726/871 643/725/866 671/755/865 
f 646/728/872 645/727/873 673/759/874 674/760/875 
f 645/727/873 644/726/876 675/761/877 673/759/874 
f 676/762/878 677/763/879 673/759/874 675/761/877 
f 677/763/879 678/764/880 674/760/875 673/759/874 
f 650/732/881 649/731/882 679/765/883 680/766/884 
f 649/731/882 646/728/885 674/760/886 679/765/883 
f 678/764/887 681/767/888 679/765/883 674/760/886 
f 681/767/888 682/768/889 680/766/884 679/765/883 
f 654/736/890 653/735/891 683/769/892 684/770/893 
f 653/735/891 650/732/894 680/766/895 683/769/892 
f 682/768/896 685/771/897 683/769/892 680/766/895 
f 685/771/897 686/772/898 684/770/893 683/769/892 
f 658/740/899 657/739/900 687/773/901 688/774/902 
f 657/739/900 654/736/903 684/770/904 687/773/901 
f 686/772/905 689/775/906 687/773/901 684/770/904 
f 689/775/906 690/776/907 688/774/902 687/773/901 
f 662/746/908 661/745/909 691/777/910 692/778/911 
f 661/745/909 658/744/912 688/779/913 691/777/910 
f 690/780/914 693/781/915 691/777/910 688/779/913 
f 693/781/915 694/782/916 692/778/911 691/777/910 
f 666/750/917 665/749/918 695/783/919 696/784/920 
f 665/749/918 662/746/921 692/778/922 695/783/919 
f 694/782/923 697/785/924 695/783/919 692/778/922 
f 697/785/924 698/786/925 696/784/920 695/783/919 
f 670/754/926 669/753/927 699/787/928 700/788/929 
f 669/753/927 666/750/930 696/784/931 699/787/928 
f 698/786/932 701/789/933 699/787/928 696/784/931 
f 701/789/933 702/790/934 700/788/929 699/787/928 
f 644/726/935 672/758/936 703/791/937 675/761/938 
f 672/758/936 670/757/939 700/792/940 703/791/937 
f 702/793/941 704/794/942 703/791/937 700/792/940 
f 704/794/942 676/762/943 675/761/938 703/791/937 
f 705/795/944 706/796/945 707/797/946 708/798/947 
f 706/796/945 709/799/948 710/800/949 707/797/946 
f 711/801/950 712/802/951 707/797/946 710/800/949 
f 712/802/951 713/803/952 708/798/947 707/797/946 
f 714/804/953 715/805/954 716/806/955 717/807/956 
f 715/805/954 718/808/957 719/809/958 716/806/955 
f 709/799/948 706/796/945 716/806/955 719/809/958 
f 706/796/945 705/795/944 717/807/956 716/806/955 
f 720/810/959 721/811/960 722/812/961 723/813/962 
f 721/811/960 724/814/963 725/815/964 722/812/961 
f 718/808/957 715/805/954 722/812/961 725/815/964 
f 715/805/954 714/804/953 723/813/962 722/812/961 
f 726/816/965 727/817/966 728/818/967 729/819/968 
f 727/817/966 730/820/969 731/821/970 728/818/967 
f 724/814/963 721/811/960 728/818/967 731/821/970 
f 721/811/960 720/810/959 729/819/968 728/818/967 
f 732/822/971 733/823/972 734/824/973 735/825/974 
f 733/823/972 736/826/975 737/827/976 734/824/973 
f 730/820/969 727/817/966 734/824/973 737/827/976 
f 727/817/966 726/816/965 735/825/974 734/824/973 
f 709/799/948 738/828/977 739/829/978 710/800/949 
f 738/828/977 740/830/676 741/831/676 739/829/978 
f 742/832/676 743/833/979 739/829/978 741/831/676 
f 743/833/979 711/801/950 710/800/949 739/829/978 
f 718/808/957 744/834/980 745/835/981 719/809/958 
f 744/834/980 746/836/676 747/837/982 745/835/981 
f 740/830/676 738/828/977 745/835/981 747/837/982 
f 738/828/977 709/799/948 719/809/958 745/835/981 
f 724/814/963 748/838/983 749/839/984 725/815/964 
f 748/838/983 750/840/676 751/841/676 749/839/984 
f 746/836/676 744/834/980 749/839/984 751/841/676 
f 744/834/980 718/808/957 725/815/964 749/839/984 
f 730/820/969 752/842/985 753/843/986 731/821/970 
f 752/842/985 754/844/676 755/845/676 753/843/986 
f 750/840/676 748/838/983 753/843/986 755/845/676 
f 748/838/983 724/814/963 731/821/970 753/843/986 
f 736/826/975 756/846/987 757/847/988 737/827/976 
f 756/846/987 758/848/989 759/849/990 757/847/988 
f 754/844/676 752/842/985 757/847/988 759/849/990 
f 752/842/985 730/820/969 737/827/976 757/847/988 
f 740/830/676 760/850/991 761/851/992 741/831/676 
f 760/850/991 762/852/993 763/853/994 761/851/992 
f 764/854/995 765/855/996 761/851/992 763/853/994 
f 765/855/996 742/832/676 741/831/676 761/851/992 
f 746/836/676 766/856/997 767/857/998 747/837/982 
f 766/856/997 768/858/999 769/859/1000 767/857/998 
f 762/852/993 760/850/991 767/857/998 769/859/1000 
f 760/850/991 740/830/676 747/837/982 767/857/998 
f 750/840/676 770/860/1001 771/861/1002 751/841/676 
f 770/860/1001 772/862/1003 773/863/1004 771/861/1002 
f 768/858/999 766/856/997 771/861/1002 773/863/1004 
f 766/856/997 746/836/676 751/841/676 771/861/1002 
f 754/844/676 774/864/1005 775/865/1006 755/845/676 
f 774/864/1005 776/866/1007 777/867/1008 775/865/1006 
f 772/862/1003 770/860/1001 775/865/1006 777/867/1008 
f 770/860/1001 750/840/676 755/845/676 775/865/1006 
f 758/848/989 778/868/1009 779/869/1010 759/849/990 
f 778/868/1009 780/870/1011 781/871/1012 779/869/1010 
f 776/866/1007 774/864/1005 779/869/1010 781/871/1012 
f 774/864/1005 754/844/676 759/849/990 779/869/1010 
f 762/852/993 782/872/1013 783/873/1014 763/853/994 
f 782/872/1013 784/874/1015 785/875/1016 783/873/1014 
f 786/876/1017 787/877/1018 783/873/1014 785/875/1016 
f 787/877/1018 764/854/995 763/853/994 783/873/1014 
f 768/858/999 788/878/1019 789/879/1020 769/859/1000 
f 788/878/1019 790/880/1021 791/881/1022 789/879/1020 
f 784/874/1015 782/872/1013 789/879/1020 791/881/1022 
f 782/872/1013 762/852/993 769/859/1000 789/879/1020 
f 772/862/1003 792/882/1023 793/883/1024 773/863/1004 
f 792/882/1023 794/884/1025 795/885/1026 793/883/1024 
f 790/880/1021 788/878/1019 793/883/1024 795/885/1026 
f 788/878/1019 768/858/999 773/863/1004 793/883/1024 
f 776/866/1007 796/886/1027 797/887/1028 777/867/1008 
f 796/886/1027 798/888/1029 799/889/1030 797/887/1028 
f 794/884/1025 792/882/1023 797/887/1028 799/889/1030 
f 792/882/1023 772/862/1003 777/867/1008 797/887/1028 
f 780/870/1011 800/890/1031 801/891/1032 781/871/1012 
f 800/890/1031 802/892/1033 803/893/1034 801/891/1032 
f 798/888/1029 796/886/1027 801/891/1032 803/893/1034 
f 796/886/1027 776/866/1007 781/871/1012 801/891/1032 
f 784/894/1015 804/895/1035 805/896/1036 785/897/1016 
f 804/895/1035 806/898/1037 807/899/1038 805/896/1036 
f 808/900/1039 809/901/1040 805/896/1036 807/899/1038 
f 809/901/1040 786/902/1017 785/897/1016 805/896/1036 
f 790/903/1021 810/904/1041 811/905/1042 791/906/1022 
f 810/904/1041 812/907/1043 813/908/1044 811/905/1042 
f 806/898/1037 804/895/1035 811/905/1042 813/908/1044 
f 804/895/1035 784/894/1015 791/906/1022 811/905/1042 
f 794/909/1025 814/910/1045 815/911/1046 795/912/1026 
f 814/910/1045 816/913/1047 817/914/1048 815/911/1046 
f 812/907/1043 810/904/1041 815/911/1046 817/914/1048 
f 810/904/1041 790/903/1021 795/912/1026 815/911/1046 
f 798/915/1029 818/916/1049 819/917/1050 799/918/1030 
f 818/916/1049 820/919/1051 821/920/1052 819/917/1050 
f 816/913/1047 814/910/1045 819/917/1050 821/920/1052 
f 814/910/1045 794/909/1025 799/918/1030 819/917/1050 
f 802/921/1033 822/922/1053 823/923/1054 803/924/1034 
f 822/922/1053 824/925/1055 825/926/1056 823/923/1054 
f 820/919/1051 818/916/1049 823/923/1054 825/926/1056 
f 818/916/1049 798/915/1029 803/924/1034 823/923/1054 
f 806/898/1037 826/927/1057 827/928/1058 807/899/1038 
f 826/927/1057 828/929/756 829/930/1059 827/928/1058 
f 830/931/756 831/932/1060 827/928/1058 829/930/1059 
f 831/932/1060 808/900/1039 807/899/1038 827/928/1058 
f 812/907/1043 832/933/1061 833/934/1062 813/908/1044 
f 832/933/1061 834/935/756 835/936/756 833/934/1062 
f 828/929/756 826/927/1057 833/934/1062 835/936/756 
f 826/927/1057 806/898/1037 813/908/1044 833/934/1062 
f 816/913/1047 836/937/1063 837/938/1064 817/914/1048 
f 836/937/1063 838/939/756 839/940/756 837/938/1064 
f 834/935/756 832/933/1061 837/938/1064 839/940/756 
f 832/933/1061 812/907/1043 817/914/1048 837/938/1064 
f 820/919/1051 840/941/1065 841/942/1066 821/920/1052 
f 840/941/1065 842/943/756 843/944/756 841/942/1066 
f 838/939/756 836/937/1063 841/942/1066 843/944/756 
f 836/937/1063 816/913/1047 821/920/1052 841/942/1066 
f 824/925/1055 844/945/1067 845/946/1068 825/926/1056 
f 844/945/1067 846/947/1069 847/948/1070 845/946/1068 
f 842/943/756 840/941/1065 845/946/1068 847/948/1070 
f 840/941/1065 820/919/1051 825/926/1056 845/946/1068 
f 828/929/756 848/949/1071 849/950/1072 829/930/1059 
f 848/949/1071 850/951/1073 851/952/1074 849/950/1072 
f 852/953/1075 853/954/1076 849/950/1072 851/952/1074 
f 853/954/1076 830/931/756 829/930/1059 849/950/1072 
f 834/935/756 854/955/1077 855/956/1078 835/936/756 
f 854/955/1077 856/957/1079 857/958/1080 855/956/1078 
f 850/951/1073 848/949/1071 855/956/1078 857/958/1080 
f 848/949/1071 828/929/756 835/936/756 855/956/1078 
f 838/939/756 858/959/1081 859/960/1082 839/940/756 
f 858/959/1081 860/961/1083 861/962/1084 859/960/1082 
f 856/957/1079 854/955/1077 859/960/1082 861/962/1084 
f 854/955/1077 834/935/756 839/940/756 859/960/1082 
f 842/943/756 862/963/1085 863/964/1086 843/944/756 
f 862/963/1085 864/965/1087 865/966/1088 863/964/1086 
f 860/961/1083 858/959/1081 863/964/1086 865/966/1088 
f 858/959/1081 838/939/756 843/944/756 863/964/1086 
f 846/947/1069 866/967/1089 867/968/1090 847/948/1070 
f 866/967/1089 868/969/1091 869/970/1092 867/968/1090 
f 864/965/1087 862/963/1085 867/968/1090 869/970/1092 
f 862/963/1085 842/943/756 847/948/1070 867/968/1090 
f 850/971/1073 870/972/1093 871/973/1094 851/974/1074 
f 870/972/1093 705/795/944 708/798/947 871/973/1094 
f 713/803/952 872/975/1095 871/973/1094 708/798/947 
f 872/975/1095 852/976/1075 851/974/1074 871/973/1094 
f 856/977/1079 873/978/1096 874/979/1097 857/980/1080 
f 873/978/1096 714/804/953 717/807/956 874/979/1097 
f 705/795/944 870/972/1093 874/979/1097 717/807/956 
f 870/972/1093 850/971/1073 857/980/1080 874/979/1097 
f 860/981/1083 875/982/1098 876/983/1099 861/984/1084 
f 875/982/1098 720/810/959 723/813/962 876/983/1099 
f 714/804/953 873/978/1096 876/983/1099 723/813/962 
f 873/978/1096 856/977/1079 861/984/1084 876/983/1099 
f 864/985/1087 877/986/1100 878/987/1101 865/988/1088 
f 877/986/1100 726/816/965 729/819/968 878/987/1101 
f 720/810/959 875/982/1098 878/987/1101 729/819/968 
f 875/982/1098 860/981/1083 865/988/1088 878/987/1101 
f 868/989/1091 879/990/1102 880/991/1103 869/992/1092 
f 879/990/1102 732/822/971 735/825/974 880/991/1103 
f 726/816/965 877/986/1100 880/991/1103 735/825/974 
f 877/986/1100 864/985/1087 869/992/1092 880/991/1103 
f 711/801/1104 881/993/1105 882/994/1106 712/802/1107 
f 881/993/1105 883/995/1108 884/996/1109 882/994/1106 
f 885/997/1110 886/998/1111 882/994/1106 884/996/1109 
f 886/998/1111 713/803/1112 712/802/1107 882/994/1106 
f 742/832/1113 887/999/1114 888/1000/1115 743/833/1116 
f 887/999/1114 889/1001/1117 890/1002/1118 888/1000/1115 
f 883/995/1119 881/993/1120 888/1000/1115 890/1002/1118 
f 881/993/1120 711/801/1121 743/833/1116 888/1000/1115 
f 764/854/1122 891/1003/1123 892/1004/1124 765/855/1125 
f 891/1003/1123 893/1005/1126 894/1006/1127 892/1004/1124 
f 889/1001/1128 887/999/1129 892/1004/1124 894/1006/1127 
f 887/999/1129 742/832/1130 765/855/1125 892/1004/1124 
f 786/876/1131 895/1007/1132 896/1008/1133 787/877/1134 
f 895/1007/1132 897/1009/1135 898/1010/1136 896/1008/1133 
f 893/1005/1137 891/1003/1138 896/1008/1133 898/1010/1136 
f 891/1003/1138 764/854/1139 787/877/1134 896/1008/1133 
f 808/900/1140 899/1011/1141 900/1012/1142 809/901/1143 
f 899/1011/1141 901/1013/1144 902/1014/1145 900/1012/1142 
f 897/1015/1146 895/1016/1147 900/1012/1142 902/1014/1145 
f 895/1016/1147 786/902/1148 809/901/1143 900/1012/1142 
f 830/931/1149 903/1017/1150 904/1018/1151 831/932/1152 
f 903/1017/1150 905/1019/1153 906/1020/1154 904/1018/1151 
f 901/1013/1155 899/1011/1156 904/1018/1151 906/1020/1154 
f 899/1011/1156 808/900/1157 831/932/1152 904/1018/1151 
f 852/953/1158 907/1021/1159 908/1022/1160 853/954/1161 
f 907/1021/1159 909/1023/1162 910/1024/1163 908/1022/1160 
f 905/1019/1164 903/1017/1165 908/1022/1160 910/1024/1163 
f 903/1017/1165 830/931/1166 853/954/1161 908/1022/1160 
f 713/803/1167 886/998/1168 911/1025/1169 872/975/1170 
f 886/998/1168 885/997/1171 912/1026/1172 911/1025/1169 
f 909/1027/1173 907/1028/1174 911/1025/1169 912/1026/1172 
f 907/1028/1174 852/976/1175 872/975/1170 911/1025/1169 
f 883/995/1176 913/1029/1177 914/1030/1178 884/996/1179 
f 913/1029/1177 678/764/1180 677/763/1181 914/1030/1178 
f 676/762/1182 915/1031/1183 914/1030/1178 677/763/1181 
f 915/1031/1183 885/997/1184 884/996/1179 914/1030/1178 
f 889/1001/1185 916/1032/1186 917/1033/1187 890/1002/1188 
f 916/1032/1186 682/768/1189 681/767/1190 917/1033/1187 
f 678/764/1191 913/1029/1192 917/1033/1187 681/767/1190 
f 913/1029/1192 883/995/1193 890/1002/1188 917/1033/1187 
f 893/1005/1194 918/1034/1195 919/1035/1196 894/1006/1197 
f 918/1034/1195 686/772/1198 685/771/1199 919/1035/1196 
f 682/768/1200 916/1032/1201 919/1035/1196 685/771/1199 
f 916/1032/1201 889/1001/1202 894/1006/1197 919/1035/1196 
f 897/1009/1203 920/1036/1204 921/1037/1205 898/1010/1206 
f 920/1036/1204 690/776/1207 689/775/1208 921/1037/1205 
f 686/772/1209 918/1034/1210 921/1037/1205 689/775/1208 
f 918/1034/1210 893/1005/1211 898/1010/1206 921/1037/1205 
f 901/1013/1212 922/1038/1213 923/1039/1214 902/1040/1215 
f 922/1038/1213 694/782/1216 693/781/1217 923/1039/1214 
f 690/780/1218 920/1041/1219 923/1039/1214 693/781/1217 
f 920/1041/1219 897/1042/1220 902/1040/1215 923/1039/1214 
f 905/1019/1221 924/1043/1222 925/1044/1223 906/1020/1224 
f 924/1043/1222 698/786/1225 697/785/1226 925/1044/1223 
f 694/782/1227 922/1038/1228 925/1044/1223 697/785/1226 
f 922/1038/1228 901/1013/1229 906/1020/1224 925/1044/1223 
f 909/1023/1230 926/1045/1231 927/1046/1232 910/1024/1233 
f 926/1045/1231 702/790/1234 701/789/1235 927/1046/1232 
f 698/786/1236 924/1043/1237 927/1046/1232 701/789/1235 
f 924/1043/1237 905/1019/1238 910/1024/1233 927/1046/1232 
f 885/997/1239 915/1031/1240 928/1047/1241 912/1026/1242 
f 915/1031/1240 676/762/1243 704/794/1244 928/1047/1241 
f 702/793/1245 926/1048/1246 928/1047/1241 704/794/1244 
f 926/1048/1246 909/1027/1247 912/1026/1242 928/1047/1241 
f 929/1049/1248 930/1050/1249 931/1051/1250 932/1052/1251 
f 930/1050/1249 933/1053/1252 934/1054/1253 931/1051/1250 
f 935/1055/1254 936/1056/1255 931/1051/1250 934/1054/1253 
f 936/1056/1255 937/1057/1256 932/1052/1251 931/1051/1250 
f 938/1058/1257 939/1059/1258 940/1060/1259 941/1061/1260 
f 939/1059/1258 929/1049/1248 932/1052/1251 940/1060/1259 
f 937/1057/1256 942/1062/1261 940/1060/1259 932/1052/1251 
f 942/1062/1261 943/1063/1262 941/1061/1260 940/1060/1259 
f 944/1064/1263 945/1065/1264 946/1066/1265 947/1067/1266 
f 945/1065/1264 938/1058/1257 941/1061/1260 946/1066/1265 
f 943/1063/1262 948/1068/1267 946/1066/1265 941/1061/1260 
f 948/1068/1267 949/1069/1268 947/1067/1266 946/1066/1265 
f 950/1070/1269 951/1071/1270 952/1072/1271 953/1073/1272 
f 951/1071/1270 944/1064/1263 947/1067/1266 952/1072/1271 
f 949/1069/1268 954/1074/1273 952/1072/1271 947/1067/1266 
f 954/1074/1273 955/1075/1274 953/1073/1272 952/1072/1271 
f 956/1076/1275 957/1077/1276 958/1078/1277 959/1079/1278 
f 957/1077/1276 950/1070/1269 953/1073/1272 958/1078/1277 
f 955/1075/1274 960/1080/1279 958/1078/1277 953/1073/1272 
f 960/1080/1279 961/1081/1280 959/1079/1278 958/1078/1277 
f 962/1082/1281 963/1083/1282 964/1084/1283 965/1085/1284 
f 963/1083/1282 956/1076/1275 959/1079/1278 964/1084/1283 
f 961/1081/1280 966/1086/1285 964/1084/1283 959/1079/1278 
f 966/1086/1285 967/1087/1286 965/1085/1284 964/1084/1283 
f 968/1088/1287 969/1089/1288 970/1090/1289 971/1091/1290 
f 969/1089/1288 962/1082/1281 965/1085/1284 970/1090/1289 
f 967/1087/1286 972/1092/1291 970/1090/1289 965/1085/1284 
f 972/1092/1291 973/1093/1292 971/1091/1290 970/1090/1289 
f 974/1094/1293 975/1095/1294 976/1096/1295 977/1097/1296 
f 975/1095/1294 968/1088/1287 971/1091/1290 976/1096/1295 
f 973/1093/1292 978/1098/1297 976/1096/1295 971/1091/1290 
f 978/1098/1297 979/1099/1298 977/1097/1296 976/1096/1295 
f 980/1100/1299 981/1101/1300 982/1102/1301 983/1103/1302 
f 981/1101/1300 974/1094/1293 977/1097/1296 982/1102/1301 
f 979/1099/1298 984/1104/1303 982/1102/1301 977/1097/1296 
f 984/1104/1303 985/1105/1304 983/1103/1302 982/1102/1301 
f 986/1106/1305 987/1107/1306 988/1108/1307 989/1109/1308 
f 987/1107/1306 980/1100/1299 983/1103/1302 988/1108/1307 
f 985/1105/1304 990/1110/1309 988/1108/1307 983/1103/1302 
f 990/1110/1309 991/1111/1310 989/1109/1308 988/1108/1307 
f 992/1112/1311 993/1113/1312 994/1114/1313 995/1115/1314 
f 993/1113/1312 986/1106/1305 989/1109/1308 994/1114/1313 
f 991/1111/1310 996/1116/1315 994/1114/1313 989/1109/1308 
f 996/1116/1315 997/1117/1316 995/1115/1314 994/1114/1313 
f 998/1118/1317 999/1119/1318 1000/1120/1319 1001/1121/1320 
f 999/1119/1318 992/1112/1311 995/1115/1314 1000/1120/1319 
f 997/1117/1316 1002/1122/1321 1000/1120/1319 995/1115/1314 
f 1002/1122/1321 1003/1123/1322 1001/1121/1320 1000/1120/1319 
f 1004/1124/1323 1005/1125/1324 1006/1126/1325 1007/1127/1326 
f 1005/1125/1324 998/1118/1317 1001/1121/1320 1006/1126/1325 
f 1003/1123/1322 1008/1128/1327 1006/1126/1325 1001/1121/1320 
f 1008/1128/1327 1009/1129/1328 1007/1127/1326 1006/1126/1325 
f 1010/1130/1329 1011/1131/1330 1012/1132/1331 1013/1133/1332 
f 1011/1131/1330 1004/1124/1323 1007/1127/1326 1012/1132/1331 
f 1009/1129/1328 1014/1134/1333 1012/1132/1331 1007/1127/1326 
f 1014/1134/1333 1015/1135/1334 1013/1133/1332 1012/1132/1331 
f 1016/1136/1335 1017/1137/1336 1018/1138/1337 1019/1139/1338 
f 1017/1137/1336 1010/1130/1329 1013/1133/1332 1018/1138/1337 
f 1015/1135/1334 1020/1140/1339 1018/1138/1337 1013/1133/1332 
f 1020/1140/1339 1021/1141/1340 1019/1139/1338 1018/1138/1337 
f 1022/1142/1341 1023/1143/1342 1024/1144/1343 1025/1145/1344 
f 1023/1143/1342 1016/1136/1335 1019/1139/1338 1024/1144/1343 
f 1021/1141/1340 1026/1146/1345 1024/1144/1343 1019/1139/1338 
f 1026/1146/1345 1027/1147/1346 1025/1145/1344 1024/1144/1343 
f 1028/1148/1347 1029/1149/1348 1030/1150/1349 1031/1151/1350 
f 1029/1149/1348 1022/1142/1341 1025/1152/1344 1030/1150/1349 
f 1027/1153/1346 1032/1154/1351 1030/1150/1349 1025/1152/1344 
f 1032/1154/1351 1033/1155/1352 1031/1151/1350 1030/1150/1349 
f 1034/1156/1353 1035/1157/1354 1036/1158/1355 1037/1159/1356 
f 1035/1157/1354 1028/1148/1347 1031/1151/1350 1036/1158/1355 
f 1033/1155/1352 1038/1160/1357 1036/1158/1355 1031/1151/1350 
f 1038/1160/1357 1039/1161/1358 1037/1159/1356 1036/1158/1355 
f 1040/1162/1359 1041/1163/1360 1042/1164/1361 1043/1165/1362 
f 1041/1163/1360 1034/1156/1353 1037/1159/1356 1042/1164/1361 
f 1039/1161/1358 1044/1166/1363 1042/1164/1361 1037/1159/1356 
f 1044/1166/1363 1045/1167/1364 1043/1165/1362 1042/1164/1361 
f 933/1053/1252 1046/1168/1365 1047/1169/1366 934/1054/1253 
f 1046/1168/1365 1040/1162/1359 1043/1165/1362 1047/1169/1366 
f 1045/1167/1364 1048/1170/1367 1047/1169/1366 1043/1165/1362 
f 1048/1170/1367 935/1055/1254 934/1054/1253 1047/1169/1366 
f 937/1171/1368 936/1172/1369 1049/1173/1370 1050/1174/1371 
f 936/1172/1369 935/1175/1372 1051/1176/1373 1049/1173/1370 
f 1052/1177/1374 1053/1178/1375 1049/1173/1370 1051/1176/1373 
f 1053/1178/1375 1054/1179/1376 1050/1174/1371 1049/1173/1370 
f 943/1180/1377 942/1181/1378 1055/1182/1379 1056/1183/1380 
f 942/1181/1378 937/1171/1368 1050/1174/1371 1055/1182/1379 
f 1054/1179/1376 1057/1184/1381 1055/1182/1379 1050/1174/1371 
f 1057/1184/1381 1058/1185/1382 1056/1183/1380 1055/1182/1379 
f 949/1186/1383 948/1187/1384 1059/1188/1385 1060/1189/1386 
f 948/1187/1384 943/1180/1377 1056/1183/1380 1059/1188/1385 
f 1058/1185/1382 1061/1190/1387 1059/1188/1385 1056/1183/1380 
f 1061/1190/1387 1062/1191/1388 1060/1189/1386 1059/1188/1385 
f 955/1192/1389 954/1193/1390 1063/1194/1391 1064/1195/1392 
f 954/1193/1390 949/1186/1383 1060/1189/1386 1063/1194/1391 
f 1062/1191/1388 1065/1196/1393 1063/1194/1391 1060/1189/1386 
f 1065/1196/1393 1066/1197/1394 1064/1195/1392 1063/1194/1391 
f 961/1198/1395 960/1199/1396 1067/1200/1397 1068/1201/1398 
f 960/1199/1396 955/1192/1389 1064/1195/1392 1067/1200/1397 
f 1066/1197/1394 1069/1202/1399 1067/1200/1397 1064/1195/1392 
f 1069/1202/1399 1070/1203/1400 1068/1201/1398 1067/1200/1397 
f 967/1204/1401 966/1205/1402 1071/1206/1403 1072/1207/1404 
f 966/1205/1402 961/1198/1395 1068/1201/1398 1071/1206/1403 
f 1070/1203/1400 1073/1208/1405 1071/1206/1403 1068/1201/1398 
f 1073/1208/1405 1074/1209/1406 1072/1207/1404 1071/1206/1403 
f 973/1210/1407 972/1211/1408 1075/1212/1409 1076/1213/1410 
f 972/1211/1408 967/1204/1401 1072/1207/1404 1075/1212/1409 
f 1074/1209/1406 1077/1214/1411 1075/1212/1409 1072/1207/1404 
f 1077/1214/1411 1078/1215/1412 1076/1213/1410 1075/1212/1409 
f 979/1216/1413 978/1217/1414 1079/1218/1415 1080/1219/1416 
f 978/1217/1414 973/1210/1407 1076/1213/1410 1079/1218/1415 
f 1078/1215/1412 1081/1220/1417 1079/1218/1415 1076/1213/1410 
f 1081/1220/1417 1082/1221/1418 1080/1219/1416 1079/1218/1415 
f 985/1222/1419 984/1223/1420 1083/1224/1421 1084/1225/1422 
f 984/1223/1420 979/1216/1413 1080/1219/1416 1083/1224/1421 
f 1082/1221/1418 1085/1226/1423 1083/1224/1421 1080/1219/1416 
f 1085/1226/1423 1086/1227/1424 1084/1225/1422 1083/1224/1421 
f 991/1228/1425 990/1229/1426 1087/1230/1427 1088/1231/1428 
f 990/1229/1426 985/1222/1419 1084/1225/1422 1087/1230/1427 
f 1086/1227/1424 1089/1232/1429 1087/1230/1427 1084/1225/1422 
f 1089/1232/1429 1090/1233/1430 1088/1231/1428 1087/1230/1427 
f 997/1234/1431 996/1235/1432 1091/1236/1433 1092/1237/1434 
f 996/1235/1432 991/1228/1425 1088/1231/1428 1091/1236/1433 
f 1090/1233/1430 1093/1238/1435 1091/1236/1433 1088/1231/1428 
f 1093/1238/1435 1094/1239/1436 1092/1237/1434 1091/1236/1433 
f 1003/1240/1437 1002/1241/1438 1095/1242/1439 1096/1243/1440 
f 1002/1241/1438 997/1234/1431 1092/1237/1434 1095/1242/1439 
f 1094/1239/1436 1097/1244/1441 1095/1242/1439 1092/1237/1434 
f 1097/1244/1441 1098/1245/1442 1096/1243/1440 1095/1242/1439 
f 1009/1246/1443 1008/1247/1444 1099/1248/1445 1100/1249/1446 
f 1008/1247/1444 1003/1240/1437 1096/1243/1440 1099/1248/1445 
f 1098/1245/1442 1101/1250/1447 1099/1248/1445 1096/1243/1440 
f 1101/1250/1447 1102/1251/1448 1100/1249/1446 1099/1248/1445 
f 1015/1252/1449 1014/1253/1450 1103/1254/1451 1104/1255/1452 
f 1014/1253/1450 1009/1246/1443 1100/1249/1446 1103/1254/1451 
f 1102/1251/1448 1105/1256/1453 1103/1254/1451 1100/1249/1446 
f 1105/1256/1453 1106/1257/1454 1104/1255/1452 1103/1254/1451 
f 1021/1258/1455 1020/1259/1456 1107/1260/1457 1108/1261/1458 
f 1020/1259/1456 1015/1252/1449 1104/1255/1452 1107/1260/1457 
f 1106/1257/1454 1109/1262/1459 1107/1260/1457 1104/1255/1452 
f 1109/1262/1459 1110/1263/1460 1108/1261/1458 1107/1260/1457 
f 1027/1264/1461 1026/1265/1462 1111/1266/1463 1112/1267/1464 
f 1026/1265/1462 1021/1258/1455 1108/1261/1458 1111/1266/1463 
f 1110/1263/1460 1113/1268/1465 1111/1266/1463 1108/1261/1458 
f 1113/1268/1465 1114/1269/1466 1112/1267/1464 1111/1266/1463 
f 1033/1270/1467 1032/1271/1468 1115/1272/1469 1116/1273/1470 
f 1032/1271/1468 1027/1264/1461 1112/1267/1464 1115/1272/1469 
f 1114/1269/1466 1117/1274/1471 1115/1272/1469 1112/1267/1464 
f 1117/1274/1471 1118/1275/1472 1116/1273/1470 1115/1272/1469 
f 1039/1276/1473 1038/1277/1474 1119/1278/1475 1120/1279/1476 
f 1038/1277/1474 1033/1270/1467 1116/1273/1470 1119/1278/1475 
f 1118/1275/1472 1121/1280/1477 1119/1278/1475 1116/1273/1470 
f 1121/1280/1477 1122/1281/1478 1120/1279/1476 1119/1278/1475 
f 1045/1282/1479 1044/1283/1480 1123/1284/1481 1124/1285/1482 
f 1044/1283/1480 1039/1276/1473 1120/1279/1476 1123/1284/1481 
f 1122/1281/1478 1125/1286/1483 1123/1284/1481 1120/1279/1476 
f 1125/1286/1483 1126/1287/1484 1124/1285/1482 1123/1284/1481 
f 935/1175/1372 1048/1288/1485 1127/1289/1486 1051/1176/1373 
f 1048/1288/1485 1045/1282/1479 1124/1285/1482 1127/1289/1486 
f 1126/1287/1484 1128/1290/1487 1127/1289/1486 1124/1285/1482 
f 1128/1290/1487 1052/1177/1374 1051/1176/1373 1127/1289/1486 
f 1054/1179/1488 1053/1178/1489 1129/1291/1433 1130/1292/1490 
f 1053/1178/1489 1052/1177/1491 1131/1293/1492 1129/1291/1433 
f 1132/1294/1493 1133/1295/1494 1129/1291/1433 1131/1293/1492 
f 1133/1295/1494 1134/1296/1495 1130/1292/1490 1129/1291/1433 
f 1058/1185/1496 1057/1184/1497 1135/1297/1439 1136/1298/1440 
f 1057/1184/1497 1054/1179/1488 1130/1292/1490 1135/1297/1439 
f 1134/1296/1495 1137/1299/1438 1135/1297/1439 1130/1292/1490 
f 1137/1299/1438 1138/1300/1498 1136/1298/1440 1135/1297/1439 
f 1062/1191/1499 1061/1190/1500 1139/1301/1501 1140/1302/1446 
f 1061/1190/1500 1058/1185/1496 1136/1298/1440 1139/1301/1501 
f 1138/1300/1498 1141/1303/1502 1139/1301/1501 1136/1298/1440 
f 1141/1303/1502 1142/1304/1443 1140/1302/1446 1139/1301/1501 
f 1066/1197/1454 1065/1196/1503 1143/1305/1451 1144/1306/1452 
f 1065/1196/1503 1062/1191/1499 1140/1302/1446 1143/1305/1451 
f 1142/1304/1443 1145/1307/1450 1143/1305/1451 1140/1302/1446 
f 1145/1307/1450 1146/1308/1504 1144/1306/1452 1143/1305/1451 
f 1070/1203/1460 1069/1202/1459 1147/1309/1505 1148/1310/1458 
f 1069/1202/1459 1066/1197/1454 1144/1306/1452 1147/1309/1505 
f 1146/1308/1504 1149/1311/1506 1147/1309/1505 1144/1306/1452 
f 1149/1311/1506 1150/1312/1507 1148/1310/1458 1147/1309/1505 
f 1074/1209/1466 1073/1208/1465 1151/1313/1508 1152/1314/1464 
f 1073/1208/1465 1070/1203/1460 1148/1310/1458 1151/1313/1508 
f 1150/1312/1507 1153/1315/1462 1151/1313/1508 1148/1310/1458 
f 1153/1315/1462 1154/1316/1509 1152/1314/1464 1151/1313/1508 
f 1078/1215/1510 1077/1214/1511 1155/1317/1469 1156/1318/1470 
f 1077/1214/1511 1074/1209/1466 1152/1314/1464 1155/1317/1469 
f 1154/1316/1509 1157/1319/1512 1155/1317/1469 1152/1314/1464 
f 1157/1319/1512 1158/1320/1467 1156/1318/1470 1155/1317/1469 
f 1082/1221/1478 1081/1220/1513 1159/1321/1475 1160/1322/1476 
f 1081/1220/1513 1078/1215/1510 1156/1318/1470 1159/1321/1475 
f 1158/1320/1467 1161/1323/1474 1159/1321/1475 1156/1318/1470 
f 1161/1323/1474 1162/1324/1514 1160/1322/1476 1159/1321/1475 
f 1086/1227/1515 1085/1226/1483 1163/1325/1481 1164/1326/1516 
f 1085/1226/1483 1082/1221/1478 1160/1322/1476 1163/1325/1481 
f 1162/1324/1514 1165/1327/1480 1163/1325/1481 1160/1322/1476 
f 1165/1327/1480 1166/1328/1479 1164/1326/1516 1163/1325/1481 
f 1090/1233/1517 1089/1232/1487 1167/1329/1486 1168/1330/1373 
f 1089/1232/1487 1086/1227/1515 1164/1326/1516 1167/1329/1486 
f 1166/1328/1479 1169/1331/1485 1167/1329/1486 1164/1326/1516 
f 1169/1331/1485 1170/1332/1518 1168/1330/1373 1167/1329/1486 
f 1094/1239/1519 1093/1238/1375 1171/1333/1370 1172/1334/1371 
f 1093/1238/1375 1090/1233/1517 1168/1330/1373 1171/1333/1370 
f 1170/1332/1518 1173/1335/1369 1171/1333/1370 1168/1330/1373 
f 1173/1335/1369 1174/1336/1520 1172/1334/1371 1171/1333/1370 
f 1098/1245/1521 1097/1244/1381 1175/1337/1379 1176/1338/1522 
f 1097/1244/1381 1094/1239/1519 1172/1334/1371 1175/1337/1379 
f 1174/1336/1520 1177/1339/1378 1175/1337/1379 1172/1334/1371 
f 1177/1339/1378 1178/1340/1523 1176/1338/1522 1175/1337/1379 
f 1102/1251/1388 1101/1250/1387 1179/1341/1524 1180/1342/1386 
f 1101/1250/1387 1098/1245/1521 1176/1338/1522 1179/1341/1524 
f 1178/1340/1523 1181/1343/1384 1179/1341/1524 1176/1338/1522 
f 1181/1343/1384 1182/1344/1383 1180/1342/1386 1179/1341/1524 
f 1106/1257/1394 1105/1256/1393 1183/1345/1525 1184/1346/1526 
f 1105/1256/1393 1102/1251/1388 1180/1342/1386 1183/1345/1525 
f 1182/1344/1383 1185/1347/1527 1183/1345/1525 1180/1342/1386 
f 1185/1347/1527 1186/1348/1389 1184/1346/1526 1183/1345/1525 
f 1110/1263/1400 1109/1262/1399 1187/1349/1528 1188/1350/1398 
f 1109/1262/1399 1106/1257/1394 1184/1346/1526 1187/1349/1528 
f 1186/1348/1389 1189/1351/1396 1187/1349/1528 1184/1346/1526 
f 1189/1351/1396 1190/1352/1529 1188/1350/1398 1187/1349/1528 
f 1114/1269/1530 1113/1268/1531 1191/1353/1532 1192/1354/1404 
f 1113/1268/1531 1110/1263/1400 1188/1350/1398 1191/1353/1532 
f 1190/1352/1529 1193/1355/1533 1191/1353/1532 1188/1350/1398 
f 1193/1355/1533 1194/1356/1534 1192/1354/1404 1191/1353/1532 
f 1118/1275/1412 1117/1274/1535 1195/1357/1536 1196/1358/1537 
f 1117/1274/1535 1114/1269/1530 1192/1354/1404 1195/1357/1536 
f 1194/1356/1534 1197/1359/1538 1195/1357/1536 1192/1354/1404 
f 1197/1359/1538 1198/1360/1539 1196/1358/1537 1195/1357/1536 
f 1122/1281/1540 1121/1280/1541 1199/1361/1415 1200/1362/1542 
f 1121/1280/1541 1118/1275/1412 1196/1358/1537 1199/1361/1415 
f 1198/1360/1539 1201/1363/1414 1199/1361/1415 1196/1358/1537 
f 1201/1363/1414 1202/1364/1543 1200/1362/1542 1199/1361/1415 
f 1126/1287/1544 1125/1286/1423 1203/1365/1421 1204/1366/1545 
f 1125/1286/1423 1122/1281/1540 1200/1362/1542 1203/1365/1421 
f 1202/1364/1543 1205/1367/1546 1203/1365/1421 1200/1362/1542 
f 1205/1367/1546 1206/1368/1547 1204/1366/1545 1203/1365/1421 
f 1052/1177/1491 1128/1290/1429 1207/1369/1427 1131/1293/1492 
f 1128/1290/1429 1126/1287/1544 1204/1366/1545 1207/1369/1427 
f 1206/1368/1547 1208/1370/1426 1207/1369/1427 1204/1366/1545 
f 1208/1370/1426 1132/1294/1493 1131/1293/1492 1207/1369/1427 
f 1134/1296/1316 1133/1295/1315 1209/1371/1313 1210/1372/1314 
f 1133/1295/1315 1132/1294/1548 1211/1373/1549 1209/1371/1313 
f 1212/1374/1550 1213/1375/1551 1209/1371/1313 1211/1373/1549 
f 1213/1375/1551 1214/1376/1552 1210/1372/1314 1209/1371/1313 
f 1138/1300/1553 1137/1299/1554 1215/1377/1555 1216/1378/1320 
f 1137/1299/1554 1134/1296/1316 1210/1372/1314 1215/1377/1555 
f 1214/1376/1552 1217/1379/1556 1215/1377/1555 1210/1372/1314 
f 1217/1379/1556 1218/1380/1557 1216/1378/1320 1215/1377/1555 
f 1142/1304/1328 1141/1303/1558 1219/1381/1325 1220/1382/1559 
f 1141/1303/1558 1138/1300/1553 1216/1378/1320 1219/1381/1325 
f 1218/1380/1557 1221/1383/1324 1219/1381/1325 1216/1378/1320 
f 1221/1383/1324 1222/1384/1560 1220/1382/1559 1219/1381/1325 
f 1146/1308/1561 1145/1307/1333 1223/1385/1331 1224/1386/1562 
f 1145/1307/1333 1142/1304/1328 1220/1382/1559 1223/1385/1331 
f 1222/1384/1560 1225/1387/1563 1223/1385/1331 1220/1382/1559 
f 1225/1387/1563 1226/1388/1329 1224/1386/1562 1223/1385/1331 
f 1150/1312/1564 1149/1311/1339 1227/1389/1565 1228/1390/1338 
f 1149/1311/1339 1146/1308/1561 1224/1386/1562 1227/1389/1565 
f 1226/1388/1329 1229/1391/1336 1227/1389/1565 1224/1386/1562 
f 1229/1391/1336 1230/1392/1335 1228/1390/1338 1227/1389/1565 
f 1154/1316/1346 1153/1315/1345 1231/1393/1343 1232/1394/1566 
f 1153/1315/1345 1150/1312/1564 1228/1390/1338 1231/1393/1343 
f 1230/1392/1335 1233/1395/1567 1231/1393/1343 1228/1390/1338 
f 1233/1395/1567 1234/1396/1568 1232/1394/1566 1231/1393/1343 
f 1158/1320/1569 1157/1319/1351 1235/1397/1570 1236/1398/1571 
f 1157/1319/1351 1154/1316/1346 1232/1394/1566 1235/1397/1570 
f 1234/1396/1568 1237/1399/1572 1235/1397/1570 1232/1394/1566 
f 1237/1399/1572 1238/1400/1573 1236/1398/1571 1235/1397/1570 
f 1162/1324/1574 1161/1323/1575 1239/1401/1355 1240/1402/1356 
f 1161/1323/1575 1158/1320/1569 1236/1398/1571 1239/1401/1355 
f 1238/1400/1573 1241/1403/1576 1239/1401/1355 1236/1398/1571 
f 1241/1403/1576 1242/1404/1577 1240/1402/1356 1239/1401/1355 
f 1166/1328/1364 1165/1327/1578 1243/1405/1579 1244/1406/1580 
f 1165/1327/1578 1162/1324/1574 1240/1402/1356 1243/1405/1579 
f 1242/1404/1577 1245/1407/1581 1243/1405/1579 1240/1402/1356 
f 1245/1407/1581 1246/1408/1582 1244/1406/1580 1243/1405/1579 
f 1170/1332/1254 1169/1331/1583 1247/1409/1584 1248/1410/1585 
f 1169/1331/1583 1166/1328/1364 1244/1406/1580 1247/1409/1584 
f 1246/1408/1582 1249/1411/1365 1247/1409/1584 1244/1406/1580 
f 1249/1411/1365 1250/1412/1252 1248/1410/1585 1247/1409/1584 
f 1174/1336/1586 1173/1335/1587 1251/1413/1250 1252/1414/1251 
f 1173/1335/1587 1170/1332/1254 1248/1410/1585 1251/1413/1250 
f 1250/1412/1252 1253/1415/1588 1251/1413/1250 1248/1410/1585 
f 1253/1415/1588 1254/1416/1248 1252/1414/1251 1251/1413/1250 
f 1178/1340/1589 1177/1339/1261 1255/1417/1259 1256/1418/1260 
f 1177/1339/1261 1174/1336/1586 1252/1414/1251 1255/1417/1259 
f 1254/1416/1248 1257/1419/1258 1255/1417/1259 1252/1414/1251 
f 1257/1419/1258 1258/1420/1257 1256/1418/1260 1255/1417/1259 
f 1182/1344/1590 1181/1343/1267 1259/1421/1591 1260/1422/1266 
f 1181/1343/1267 1178/1340/1589 1256/1418/1260 1259/1421/1591 
f 1258/1420/1257 1261/1423/1264 1259/1421/1591 1256/1418/1260 
f 1261/1423/1264 1262/1424/1592 1260/1422/1266 1259/1421/1591 
f 1186/1348/1593 1185/1347/1594 1263/1425/1271 1264/1426/1272 
f 1185/1347/1594 1182/1344/1590 1260/1422/1266 1263/1425/1271 
f 1262/1424/1592 1265/1427/1595 1263/1425/1271 1260/1422/1266 
f 1265/1427/1595 1266/1428/1596 1264/1426/1272 1263/1425/1271 
f 1190/1352/1597 1189/1351/1279 1267/1429/1277 1268/1430/1278 
f 1189/1351/1279 1186/1348/1593 1264/1431/1272 1267/1429/1277 
f 1266/1432/1596 1269/1433/1276 1267/1429/1277 1264/1431/1272 
f 1269/1433/1276 1270/1434/1275 1268/1430/1278 1267/1429/1277 
f 1194/1356/1286 1193/1355/1598 1271/1435/1283 1272/1436/1284 
f 1193/1355/1598 1190/1352/1597 1268/1430/1278 1271/1435/1283 
f 1270/1434/1275 1273/1437/1282 1271/1435/1283 1268/1430/1278 
f 1273/1437/1282 1274/1438/1281 1272/1436/1284 1271/1435/1283 
f 1198/1360/1599 1197/1359/1291 1275/1439/1600 1276/1440/1290 
f 1197/1359/1291 1194/1356/1286 1272/1436/1284 1275/1439/1600 
f 1274/1438/1281 1277/1441/1601 1275/1439/1600 1272/1436/1284 
f 1277/1441/1601 1278/1442/1602 1276/1440/1290 1275/1439/1600 
f 1202/1364/1603 1201/1363/1604 1279/1443/1605 1280/1444/1606 
f 1201/1363/1604 1198/1360/1599 1276/1440/1290 1279/1443/1605 
f 1278/1442/1602 1281/1445/1607 1279/1443/1605 1276/1440/1290 
f 1281/1445/1607 1282/1446/1608 1280/1444/1606 1279/1443/1605 
f 1206/1368/1609 1205/1367/1303 1283/1447/1301 1284/1448/1610 
f 1205/1367/1303 1202/1364/1603 1280/1444/1606 1283/1447/1301 
f 1282/1446/1608 1285/1449/1300 1283/1447/1301 1280/1444/1606 
f 1285/1449/1300 1286/1450/1611 1284/1448/1610 1283/1447/1301 
f 1132/1294/1548 1208/1370/1309 1287/1451/1307 1211/1373/1549 
f 1208/1370/1309 1206/1368/1609 1284/1448/1610 1287/1451/1307 
f 1286/1450/1611 1288/1452/1306 1287/1451/1307 1284/1448/1610 
f 1288/1452/1306 1212/1374/1550 1211/1373/1549 1287/1451/1307 
f 1214/1453/1612 1213/1454/1613 1289/1455/1614 1290/1456/1615 
f 1213/1454/1613 1212/1457/1616 1291/1458/1617 1289/1455/1614 
f 1292/1459/1618 1293/1460/1619 1289/1455/1614 1291/1458/1617 
f 1293/1460/1619 1294/1461/1620 1290/1456/1615 1289/1455/1614 
f 1218/1462/1621 1217/1463/1622 1295/1464/1623 1296/1465/1624 
f 1217/1463/1622 1214/1453/1612 1290/1456/1615 1295/1464/1623 
f 1294/1461/1620 1297/1466/1625 1295/1464/1623 1290/1456/1615 
f 1297/1466/1625 1298/1467/1626 1296/1465/1624 1295/1464/1623 
f 1222/1468/1627 1221/1469/1628 1299/1470/1629 1300/1471/1630 
f 1221/1469/1628 1218/1462/1621 1296/1465/1624 1299/1470/1629 
f 1298/1467/1626 1301/1472/1631 1299/1470/1629 1296/1465/1624 
f 1301/1472/1631 1302/1473/1632 1300/1471/1630 1299/1470/1629 
f 1226/1474/1633 1225/1475/1634 1303/1476/1635 1304/1477/1636 
f 1225/1475/1634 1222/1468/1627 1300/1471/1630 1303/1476/1635 
f 1302/1473/1632 1305/1478/1637 1303/1476/1635 1300/1471/1630 
f 1305/1478/1637 1306/1479/1638 1304/1477/1636 1303/1476/1635 
f 1230/1480/1639 1229/1481/1640 1307/1482/1641 1308/1483/1642 
f 1229/1481/1640 1226/1474/1633 1304/1477/1636 1307/1482/1641 
f 1306/1479/1638 1309/1484/1643 1307/1482/1641 1304/1477/1636 
f 1309/1484/1643 1310/1485/1644 1308/1483/1642 1307/1482/1641 
f 1234/1486/1645 1233/1487/1646 1311/1488/1647 1312/1489/1648 
f 1233/1487/1646 1230/1480/1639 1308/1483/1642 1311/1488/1647 
f 1310/1485/1644 1313/1490/1649 1311/1488/1647 1308/1483/1642 
f 1313/1490/1649 1314/1491/1650 1312/1489/1648 1311/1488/1647 
f 1238/1492/1651 1237/1493/1652 1315/1494/1653 1316/1495/1654 
f 1237/1493/1652 1234/1486/1645 1312/1489/1648 1315/1494/1653 
f 1314/1491/1650 1317/1496/1655 1315/1494/1653 1312/1489/1648 
f 1317/1496/1655 1318/1497/1656 1316/1495/1654 1315/1494/1653 
f 1242/1498/1657 1241/1499/1658 1319/1500/1659 1320/1501/1660 
f 1241/1499/1658 1238/1492/1651 1316/1495/1654 1319/1500/1659 
f 1318/1497/1656 1321/1502/1661 1319/1500/1659 1316/1495/1654 
f 1321/1502/1661 1322/1503/1662 1320/1501/1660 1319/1500/1659 
f 1246/1504/1663 1245/1505/1664 1323/1506/1665 1324/1507/1666 
f 1245/1505/1664 1242/1498/1657 1320/1501/1660 1323/1506/1665 
f 1322/1503/1662 1325/1508/1667 1323/1506/1665 1320/1501/1660 
f 1325/1508/1667 1326/1509/1668 1324/1507/1666 1323/1506/1665 
f 1250/1510/1669 1249/1511/1670 1327/1512/1671 1328/1513/1672 
f 1249/1511/1670 1246/1504/1663 1324/1507/1666 1327/1512/1671 
f 1326/1509/1668 1329/1514/1673 1327/1512/1671 1324/1507/1666 
f 1329/1514/1673 1330/1515/1674 1328/1513/1672 1327/1512/1671 
f 1254/1516/1675 1253/1517/1676 1331/1518/1677 1332/1519/1678 
f 1253/1517/1676 1250/1510/1669 1328/1513/1672 1331/1518/1677 
f 1330/1515/1674 1333/1520/1679 1331/1518/1677 1328/1513/1672 
f 1333/1520/1679 1334/1521/1680 1332/1519/1678 1331/1518/1677 
f 1258/1522/1681 1257/1523/1682 1335/1524/1683 1336/1525/1684 
f 1257/1523/1682 1254/1516/1675 1332/1519/1678 1335/1524/1683 
f 1334/1521/1680 1337/1526/1685 1335/1524/1683 1332/1519/1678 
f 1337/1526/1685 1338/1527/1686 1336/1525/1684 1335/1524/1683 
f 1262/1528/1687 1261/1529/1688 1339/1530/1689 1340/1531/1690 
f 1261/1529/1688 1258/1522/1681 1336/1525/1684 1339/1530/1689 
f 1338/1527/1686 1341/1532/1691 1339/1530/1689 1336/1525/1684 
f 1341/1532/1691 1342/1533/1692 1340/1531/1690 1339/1530/1689 
f 1266/1534/1693 1265/1535/1694 1343/1536/1695 1344/1537/1696 
f 1265/1535/1694 1262/1528/1687 1340/1531/1690 1343/1536/1695 
f 1342/1533/1692 1345/1538/1697 1343/1536/1695 1340/1531/1690 
f 1345/1538/1697 1346/1539/1698 1344/1537/1696 1343/1536/1695 
f 1270/1540/1699 1269/1541/1700 1347/1542/1701 1348/1543/1702 
f 1269/1541/1700 1266/1534/1693 1344/1537/1696 1347/1542/1701 
f 1346/1539/1698 1349/1544/1703 1347/1542/1701 1344/1537/1696 
f 1349/1544/1703 1350/1545/1704 1348/1543/1702 1347/1542/1701 
f 1274/1546/1705 1273/1547/1706 1351/1548/1707 1352/1549/1708 
f 1273/1547/1706 1270/1540/1699 1348/1543/1702 1351/1548/1707 
f 1350/1545/1704 1353/1550/1709 1351/1548/1707 1348/1543/1702 
f 1353/1550/1709 1354/1551/1710 1352/1549/1708 1351/1548/1707 
f 1278/1552/1711 1277/1553/1712 1355/1554/1713 1356/1555/1714 
f 1277/1553/1712 1274/1546/1705 1352/1549/1708 1355/1554/1713 
f 1354/1551/1710 1357/1556/1715 1355/1554/1713 1352/1549/1708 
f 1357/1556/1715 1358/1557/1716 1356/1555/1714 1355/1554/1713 
f 1282/1558/1717 1281/1559/1718 1359/1560/1719 1360/1561/1720 
f 1281/1559/1718 1278/1552/1711 1356/1555/1714 1359/1560/1719 
f 1358/1557/1716 1361/1562/1721 1359/1560/1719 1356/1555/1714 
f 1361/1562/1721 1362/1563/1722 1360/1561/1720 1359/1560/1719 
f 1286/1564/1723 1285/1565/1724 1363/1566/1725 1364/1567/1726 
f 1285/1565/1724 1282/1558/1717 1360/1561/1720 1363/1566/1725 
f 1362/1563/1722 1365/1568/1727 1363/1566/1725 1360/1561/1720 
f 1365/1568/1727 1366/1569/1728 1364/1567/1726 1363/1566/1725 
f 1212/1457/1616 1288/1570/1729 1367/1571/1730 1291/1458/1617 
f 1288/1570/1729 1286/1564/1723 1364/1567/1726 1367/1571/1730 
f 1366/1569/1728 1368/1572/1731 1367/1571/1730 1364/1567/1726 
f 1368/1572/1731 1292/1459/1618 1291/1458/1617 1367/1571/1730 
f 1294/1461/1732 1293/1460/1733 1369/1573/1734 1370/1574/1735 
f 1293/1460/1733 1292/1459/1736 1371/1575/1737 1369/1573/1734 
f 1372/1576/1738 1373/1577/1739 1369/1573/1734 1371/1575/1737 
f 1373/1577/1739 1374/1578/1740 1370/1574/1735 1369/1573/1734 
f 1298/1467/1741 1297/1466/1742 1375/1579/1743 1376/1580/1744 
f 1297/1466/1742 1294/1461/1732 1370/1574/1735 1375/1579/1743 
f 1374/1578/1740 1377/1581/1745 1375/1579/1743 1370/1574/1735 
f 1377/1581/1745 1378/1582/1746 1376/1580/1744 1375/1579/1743 
f 1302/1473/1747 1301/1472/1748 1379/1583/1749 1380/1584/1750 
f 1301/1472/1748 1298/1467/1741 1376/1580/1744 1379/1583/1749 
f 1378/1582/1746 1381/1585/1751 1379/1583/1749 1376/1580/1744 
f 1381/1585/1751 1382/1586/1752 1380/1584/1750 1379/1583/1749 
f 1306/1479/1753 1305/1478/1754 1383/1587/1755 1384/1588/1756 
f 1305/1478/1754 1302/1473/1747 1380/1584/1750 1383/1587/1755 
f 1382/1586/1752 1385/1589/1757 1383/1587/1755 1380/1584/1750 
f 1385/1589/1757 1386/1590/1758 1384/1588/1756 1383/1587/1755 
f 1310/1485/1759 1309/1484/1760 1387/1591/1761 1388/1592/1762 
f 1309/1484/1760 1306/1479/1753 1384/1588/1756 1387/1591/1761 
f 1386/1590/1758 1389/1593/1763 1387/1591/1761 1384/1588/1756 
f 1389/1593/1763 1390/1594/1764 1388/1592/1762 1387/1591/1761 
f 1314/1491/1765 1313/1490/1766 1391/1595/1767 1392/1596/1768 
f 1313/1490/1766 1310/1485/1759 1388/1592/1762 1391/1595/1767 
f 1390/1594/1764 1393/1597/1769 1391/1595/1767 1388/1592/1762 
f 1393/1597/1769 1394/1598/1770 1392/1596/1768 1391/1595/1767 
f 1318/1497/1771 1317/1496/1772 1395/1599/1773 1396/1600/1774 
f 1317/1496/1772 1314/1491/1765 1392/1596/1768 1395/1599/1773 
f 1394/1598/1770 1397/1601/1775 1395/1599/1773 1392/1596/1768 
f 1397/1601/1775 1398/1602/1776 1396/1600/1774 1395/1599/1773 
f 1322/1503/1777 1321/1502/1778 1399/1603/1779 1400/1604/1780 
f 1321/1502/1778 1318/1497/1771 1396/1600/1774 1399/1603/1779 
f 1398/1602/1776 1401/1605/1781 1399/1603/1779 1396/1600/1774 
f 1401/1605/1781 1402/1606/1782 1400/1604/1780 1399/1603/1779 
f 1326/1509/1783 1325/1508/1784 1403/1607/1785 1404/1608/1786 
f 1325/1508/1784 1322/1503/1777 1400/1604/1780 1403/1607/1785 
f 1402/1606/1782 1405/1609/1787 1403/1607/1785 1400/1604/1780 
f 1405/1609/1787 1406/1610/1788 1404/1608/1786 1403/1607/1785 
f 1330/1515/1789 1329/1514/1790 1407/1611/1791 1408/1612/1792 
f 1329/1514/1790 1326/1509/1783 1404/1608/1786 1407/1611/1791 
f 1406/1610/1788 1409/1613/1793 1407/1611/1791 1404/1608/1786 
f 1409/1613/1793 1410/1614/1794 1408/1612/1792 1407/1611/1791 
f 1334/1521/1795 1333/1520/1796 1411/1615/1797 1412/1616/1798 
f 1333/1520/1796 1330/1515/1789 1408/1612/1792 1411/1615/1797 
f 1410/1614/1794 1413/1617/1799 1411/1615/1797 1408/1612/1792 
f 1413/1617/1799 1414/1618/1800 1412/1616/1798 1411/1615/1797 
f 1338/1527/1801 1337/1526/1802 1415/1619/1803 1416/1620/1804 
f 1337/1526/1802 1334/1521/1795 1412/1616/1798 1415/1619/1803 
f 1414/1618/1800 1417/1621/1805 1415/1619/1803 1412/1616/1798 
f 1417/1621/1805 1418/1622/1806 1416/1620/1804 1415/1619/1803 
f 1342/1533/1807 1341/1532/1808 1419/1623/1809 1420/1624/1810 
f 1341/1532/1808 1338/1527/1801 1416/1620/1804 1419/1623/1809 
f 1418/1622/1806 1421/1625/1811 1419/1623/1809 1416/1620/1804 
f 1421/1625/1811 1422/1626/1812 1420/1624/1810 1419/1623/1809 
f 1346/1539/1813 1345/1538/1814 1423/1627/1815 1424/1628/1816 
f 1345/1538/1814 1342/1533/1807 1420/1624/1810 1423/1627/1815 
f 1422/1626/1812 1425/1629/1817 1423/1627/1815 1420/1624/1810 
f 1425/1629/1817 1426/1630/1818 1424/1628/1816 1423/1627/1815 
f 1350/1545/1819 1349/1544/1820 1427/1631/1821 1428/1632/1822 
f 1349/1544/1820 1346/1539/1813 1424/1628/1816 1427/1631/1821 
f 1426/1630/1818 1429/1633/1823 1427/1631/1821 1424/1628/1816 
f 1429/1633/1823 1430/1634/1824 1428/1632/1822 1427/1631/1821 
f 1354/1551/1825 1353/1550/1826 1431/1635/1827 1432/1636/1828 
f 1353/1550/1826 1350/1545/1819 1428/1632/1822 1431/1635/1827 
f 1430/1634/1824 1433/1637/1829 1431/1635/1827 1428/1632/1822 
f 1433/1637/1829 1434/1638/1830 1432/1636/1828 1431/1635/1827 
f 1358/1557/1831 1357/1556/1832 1435/1639/1833 1436/1640/1834 
f 1357/1556/1832 1354/1551/1825 1432/1636/1828 1435/1639/1833 
f 1434/1638/1830 1437/1641/1835 1435/1639/1833 1432/1636/1828 
f 1437/1641/1835 1438/1642/1836 1436/1640/1834 1435/1639/1833 
f 1362/1563/1837 1361/1562/1838 1439/1643/1839 1440/1644/1840 
f 1361/1562/1838 1358/1557/1831 1436/1640/1834 1439/1643/1839 
f 1438/1642/1836 1441/1645/1841 1439/1643/1839 1436/1640/1834 
f 1441/1645/1841 1442/1646/1842 1440/1644/1840 1439/1643/1839 
f 1366/1569/1843 1365/1568/1844 1443/1647/1845 1444/1648/1846 
f 1365/1568/1844 1362/1563/1837 1440/1644/1840 1443/1647/1845 
f 1442/1646/1842 1445/1649/1847 1443/1647/1845 1440/1644/1840 
f 1445/1649/1847 1446/1650/1848 1444/1648/1846 1443/1647/1845 
f 1292/1459/1736 1368/1572/1849 1447/1651/1850 1371/1575/1737 
f 1368/1572/1849 1366/1569/1843 1444/1648/1846 1447/1651/1850 
f 1446/1650/1848 1448/1652/1851 1447/1651/1850 1444/1648/1846 
f 1448/1652/1851 1372/1576/1738 1371/1575/1737 1447/1651/1850 
f 1374/1578/1852 1373/1577/1853 1449/1653/1797 1450/1654/1798 
f 1373/1577/1853 1372/1576/1854 1451/1655/1855 1449/1653/1797 
f 1452/1656/1856 1453/1657/1857 1449/1653/1797 1451/1655/1855 
f 1453/1657/1857 1454/1658/1858 1450/1654/1798 1449/1653/1797 
f 1378/1582/1859 1377/1581/1860 1455/1659/1861 1456/1660/1862 
f 1377/1581/1860 1374/1578/1852 1450/1654/1798 1455/1659/1861 
f 1454/1658/1858 1457/1661/1863 1455/1659/1861 1450/1654/1798 
f 1457/1661/1863 1458/1662/1864 1456/1660/1862 1455/1659/1861 
f 1382/1586/1865 1381/1585/1866 1459/1663/1867 1460/1664/1868 
f 1381/1585/1866 1378/1582/1859 1456/1660/1862 1459/1663/1867 
f 1458/1662/1864 1461/1665/1808 1459/1663/1867 1456/1660/1862 
f 1461/1665/1808 1462/1666/1807 1460/1664/1868 1459/1663/1867 
f 1386/1590/1818 1385/1589/1817 1463/1667/1815 1464/1668/1816 
f 1385/1589/1817 1382/1586/1865 1460/1664/1868 1463/1667/1815 
f 1462/1666/1807 1465/1669/1814 1463/1667/1815 1460/1664/1868 
f 1465/1669/1814 1466/1670/1869 1464/1668/1816 1463/1667/1815 
f 1390/1594/1824 1389/1593/1870 1467/1671/1871 1468/1672/1872 
f 1389/1593/1870 1386/1590/1818 1464/1668/1816 1467/1671/1871 
f 1466/1670/1869 1469/1673/1820 1467/1671/1871 1464/1668/1816 
f 1469/1673/1820 1470/1674/1819 1468/1672/1872 1467/1671/1871 
f 1394/1598/1830 1393/1597/1829 1471/1675/1873 1472/1676/1828 
f 1393/1597/1829 1390/1594/1824 1468/1672/1872 1471/1675/1873 
f 1470/1674/1819 1473/1677/1874 1471/1675/1873 1468/1672/1872 
f 1473/1677/1874 1474/1678/1875 1472/1676/1828 1471/1675/1873 
f 1398/1602/1876 1397/1601/1877 1475/1679/1833 1476/1680/1878 
f 1397/1601/1877 1394/1598/1830 1472/1676/1828 1475/1679/1833 
f 1474/1678/1875 1477/1681/1879 1475/1679/1833 1472/1676/1828 
f 1477/1681/1879 1478/1682/1831 1476/1680/1878 1475/1679/1833 
f 1402/1606/1880 1401/1605/1881 1479/1683/1882 1480/1684/1883 
f 1401/1605/1881 1398/1602/1876 1476/1680/1878 1479/1683/1882 
f 1478/1682/1831 1481/1685/1884 1479/1683/1882 1476/1680/1878 
f 1481/1685/1884 1482/1686/1885 1480/1684/1883 1479/1683/1882 
f 1406/1610/1886 1405/1609/1887 1483/1687/1845 1484/1688/1888 
f 1405/1609/1887 1402/1606/1880 1480/1684/1883 1483/1687/1845 
f 1482/1686/1885 1485/1689/1844 1483/1687/1845 1480/1684/1883 
f 1485/1689/1844 1486/1690/1843 1484/1688/1888 1483/1687/1845 
f 1410/1614/1889 1409/1613/1851 1487/1691/1850 1488/1692/1737 
f 1409/1613/1851 1406/1610/1886 1484/1688/1888 1487/1691/1850 
f 1486/1690/1843 1489/1693/1849 1487/1691/1850 1484/1688/1888 
f 1489/1693/1849 1490/1694/1736 1488/1692/1737 1487/1691/1850 
f 1414/1618/1740 1413/1617/1890 1491/1695/1891 1492/1696/1892 
f 1413/1617/1890 1410/1614/1889 1488/1692/1737 1491/1695/1891 
f 1490/1694/1736 1493/1697/1733 1491/1695/1891 1488/1692/1737 
f 1493/1697/1733 1494/1698/1893 1492/1696/1892 1491/1695/1891 
f 1418/1622/1894 1417/1621/1895 1495/1699/1743 1496/1700/1744 
f 1417/1621/1895 1414/1618/1740 1492/1696/1892 1495/1699/1743 
f 1494/1698/1893 1497/1701/1742 1495/1699/1743 1492/1696/1892 
f 1497/1701/1742 1498/1702/1741 1496/1700/1744 1495/1699/1743 
f 1422/1626/1896 1421/1625/1751 1499/1703/1749 1500/1704/1897 
f 1421/1625/1751 1418/1622/1894 1496/1700/1744 1499/1703/1749 
f 1498/1702/1741 1501/1705/1898 1499/1703/1749 1496/1700/1744 
f 1501/1705/1898 1502/1706/1747 1500/1704/1897 1499/1703/1749 
f 1426/1630/1758 1425/1629/1899 1503/1707/1755 1504/1708/1756 
f 1425/1629/1899 1422/1626/1896 1500/1704/1897 1503/1707/1755 
f 1502/1706/1747 1505/1709/1900 1503/1707/1755 1500/1704/1897 
f 1505/1709/1900 1506/1710/1901 1504/1708/1756 1503/1707/1755 
f 1430/1634/1902 1429/1633/1903 1507/1711/1904 1508/1712/1905 
f 1429/1633/1903 1426/1630/1758 1504/1708/1756 1507/1711/1904 
f 1506/1710/1901 1509/1713/1906 1507/1711/1904 1504/1708/1756 
f 1509/1713/1906 1510/1714/1759 1508/1712/1905 1507/1711/1904 
f 1434/1638/1770 1433/1637/1769 1511/1715/1767 1512/1716/1768 
f 1433/1637/1769 1430/1634/1902 1508/1712/1905 1511/1715/1767 
f 1510/1714/1759 1513/1717/1766 1511/1715/1767 1508/1712/1905 
f 1513/1717/1766 1514/1718/1765 1512/1716/1768 1511/1715/1767 
f 1438/1642/1907 1437/1641/1908 1515/1719/1909 1516/1720/1910 
f 1437/1641/1908 1434/1638/1770 1512/1716/1768 1515/1719/1909 
f 1514/1718/1765 1517/1721/1911 1515/1719/1909 1512/1716/1768 
f 1517/1721/1911 1518/1722/1912 1516/1720/1910 1515/1719/1909 
f 1442/1646/1913 1441/1645/1914 1519/1723/1915 1520/1724/1916 
f 1441/1645/1914 1438/1642/1907 1516/1720/1910 1519/1723/1915 
f 1518/1722/1912 1521/1725/1917 1519/1723/1915 1516/1720/1910 
f 1521/1725/1917 1522/1726/1777 1520/1724/1916 1519/1723/1915 
f 1446/1650/1788 1445/1649/1787 1523/1727/1785 1524/1728/1786 
f 1445/1649/1787 1442/1646/1913 1520/1724/1916 1523/1727/1785 
f 1522/1726/1777 1525/1729/1784 1523/1727/1785 1520/1724/1916 
f 1525/1729/1784 1526/1730/1918 1524/1728/1786 1523/1727/1785 
f 1372/1576/1854 1448/1652/1793 1527/1731/1791 1451/1655/1855 
f 1448/1652/1793 1446/1650/1788 1524/1728/1786 1527/1731/1791 
f 1526/1730/1918 1528/1732/1919 1527/1731/1791 1524/1728/1786 
f 1528/1732/1919 1452/1656/1856 1451/1655/1855 1527/1731/1791 
f 1454/1658/1920 1453/1657/1921 1529/1733/1677 1530/1734/1678 
f 1453/1657/1921 1452/1656/1922 1531/1735/1672 1529/1733/1677 
f 933/1053/1923 930/1050/1924 1529/1733/1677 1531/1735/1672 
f 930/1050/1924 929/1049/1925 1530/1734/1678 1529/1733/1677 
f 1458/1662/1926 1457/1661/1927 1532/1736/1928 1533/1737/1684 
f 1457/1661/1927 1454/1658/1920 1530/1734/1678 1532/1736/1928 
f 929/1049/1925 939/1059/1682 1532/1736/1928 1530/1734/1678 
f 939/1059/1682 938/1058/1681 1533/1737/1684 1532/1736/1928 
f 1462/1666/1929 1461/1665/1930 1534/1738/1931 1535/1739/1690 
f 1461/1665/1930 1458/1662/1926 1533/1737/1684 1534/1738/1931 
f 938/1058/1681 945/1065/1932 1534/1738/1931 1533/1737/1684 
f 945/1065/1932 944/1064/1687 1535/1739/1690 1534/1738/1931 
f 1466/1670/1933 1465/1669/1697 1536/1740/1695 1537/1741/1934 
f 1465/1669/1697 1462/1666/1929 1535/1739/1690 1536/1740/1695 
f 944/1064/1687 951/1071/1694 1536/1740/1695 1535/1739/1690 
f 951/1071/1694 950/1070/1693 1537/1741/1934 1536/1740/1695 
f 1470/1674/1704 1469/1673/1935 1538/1742/1701 1539/1743/1702 
f 1469/1673/1935 1466/1670/1933 1537/1741/1934 1538/1742/1701 
f 950/1070/1693 957/1077/1936 1538/1742/1701 1537/1741/1934 
f 957/1077/1936 956/1076/1937 1539/1743/1702 1538/1742/1701 
f 1474/1678/1938 1473/1677/1939 1540/1744/1707 1541/1745/1708 
f 1473/1677/1939 1470/1674/1704 1539/1743/1702 1540/1744/1707 
f 956/1076/1937 963/1083/1940 1540/1744/1707 1539/1743/1702 
f 963/1083/1940 962/1082/1941 1541/1745/1708 1540/1744/1707 
f 1478/1682/1942 1477/1681/1715 1542/1746/1713 1543/1747/1714 
f 1477/1681/1715 1474/1678/1938 1541/1745/1708 1542/1746/1713 
f 962/1082/1941 969/1089/1712 1542/1746/1713 1541/1745/1708 
f 969/1089/1712 968/1088/1711 1543/1747/1714 1542/1746/1713 
f 1482/1686/1943 1481/1685/1721 1544/1748/1719 1545/1749/1720 
f 1481/1685/1721 1478/1682/1942 1543/1747/1714 1544/1748/1719 
f 968/1088/1711 975/1095/1718 1544/1748/1719 1543/1747/1714 
f 975/1095/1718 974/1094/1717 1545/1749/1720 1544/1748/1719 
f 1486/1690/1944 1485/1689/1727 1546/1750/1725 1547/1751/1945 
f 1485/1689/1727 1482/1686/1943 1545/1749/1720 1546/1750/1725 
f 974/1094/1717 981/1101/1946 1546/1750/1725 1545/1749/1720 
f 981/1101/1946 980/1100/1947 1547/1751/1945 1546/1750/1725 
f 1490/1694/1618 1489/1693/1948 1548/1752/1949 1549/1753/1950 
f 1489/1693/1948 1486/1690/1944 1547/1751/1945 1548/1752/1949 
f 980/1100/1947 987/1107/1729 1548/1752/1949 1547/1751/1945 
f 987/1107/1729 986/1106/1951 1549/1753/1950 1548/1752/1949 
f 1494/1698/1620 1493/1697/1952 1550/1754/1614 1551/1755/1953 
f 1493/1697/1952 1490/1694/1618 1549/1753/1950 1550/1754/1614 
f 986/1106/1951 993/1113/1954 1550/1754/1614 1549/1753/1950 
f 993/1113/1954 992/1112/1612 1551/1755/1953 1550/1754/1614 
f 1498/1702/1955 1497/1701/1956 1552/1756/1623 1553/1757/1624 
f 1497/1701/1956 1494/1698/1620 1551/1755/1953 1552/1756/1623 
f 992/1112/1612 999/1119/1622 1552/1756/1623 1551/1755/1953 
f 999/1119/1622 998/1118/1621 1553/1757/1624 1552/1756/1623 
f 1502/1706/1957 1501/1705/1631 1554/1758/1629 1555/1759/1630 
f 1501/1705/1631 1498/1702/1955 1553/1757/1624 1554/1758/1629 
f 998/1118/1621 1005/1125/1628 1554/1758/1629 1553/1757/1624 
f 1005/1125/1628 1004/1124/1958 1555/1759/1630 1554/1758/1629 
f 1506/1710/1638 1505/1709/1637 1556/1760/1635 1557/1761/1959 
f 1505/1709/1637 1502/1706/1957 1555/1759/1630 1556/1760/1635 
f 1004/1124/1958 1011/1131/1634 1556/1760/1635 1555/1759/1630 
f 1011/1131/1634 1010/1130/1960 1557/1761/1959 1556/1760/1635 
f 1510/1714/1961 1509/1713/1643 1558/1762/1641 1559/1763/1962 
f 1509/1713/1643 1506/1710/1638 1557/1761/1959 1558/1762/1641 
f 1010/1130/1960 1017/1137/1963 1558/1762/1641 1557/1761/1959 
f 1017/1137/1963 1016/1136/1639 1559/1763/1962 1558/1762/1641 
f 1514/1718/1964 1513/1717/1965 1560/1764/1966 1561/1765/1648 
f 1513/1717/1965 1510/1714/1961 1559/1763/1962 1560/1764/1966 
f 1016/1136/1639 1023/1143/1646 1560/1764/1966 1559/1763/1962 
f 1023/1143/1646 1022/1142/1645 1561/1765/1648 1560/1764/1966 
f 1518/1722/1656 1517/1721/1655 1562/1766/1653 1563/1767/1967 
f 1517/1721/1655 1514/1718/1964 1561/1765/1648 1562/1766/1653 
f 1022/1142/1645 1029/1149/1652 1562/1766/1653 1561/1765/1648 
f 1029/1149/1652 1028/1148/1968 1563/1767/1967 1562/1766/1653 
f 1522/1726/1969 1521/1725/1970 1564/1768/1659 1565/1769/1971 
f 1521/1725/1970 1518/1722/1656 1563/1767/1967 1564/1768/1659 
f 1028/1148/1968 1035/1157/1658 1564/1768/1659 1563/1767/1967 
f 1035/1157/1658 1034/1156/1972 1565/1769/1971 1564/1768/1659 
f 1526/1730/1668 1525/1729/1973 1566/1770/1974 1567/1771/1666 
f 1525/1729/1973 1522/1726/1969 1565/1769/1971 1566/1770/1974 
f 1034/1156/1972 1041/1163/1975 1566/1770/1974 1565/1769/1971 
f 1041/1163/1975 1040/1162/1976 1567/1771/1666 1566/1770/1974 
f 1452/1656/1922 1528/1732/1977 1568/1772/1978 1531/1735/1672 
f 1528/1732/1977 1526/1730/1668 1567/1771/1666 1568/1772/1978 
f 1040/1162/1976 1046/1168/1670 1568/1772/1978 1567/1771/1666 
f 1046/1168/1670 933/1053/1923 1531/1735/1672 1568/1772/1978 
f 1569/1773/1248 1570/1774/1249 1571/1775/1250 1572/1776/1251 
f 1570/1774/1249 1573/1777/1979 1574/1778/1980 1571/1775/1250 
f 1575/1779/1981 1576/1780/1587 1571/1775/1250 1574/1778/1980 
f 1576/1780/1587 1577/1781/1256 1572/1776/1251 1571/1775/1250 
f 1578/1782/1982 1579/1783/1983 1580/1784/1259 1581/1785/1984 
f 1579/1783/1983 1569/1773/1248 1572/1776/1251 1580/1784/1259 
f 1577/1781/1256 1582/1786/1985 1580/1784/1259 1572/1776/1251 
f 1582/1786/1985 1583/1787/1589 1581/1785/1984 1580/1784/1259 
f 1584/1788/1592 1585/1789/1264 1586/1790/1265 1587/1791/1266 
f 1585/1789/1264 1578/1782/1982 1581/1785/1984 1586/1790/1265 
f 1583/1787/1589 1588/1792/1986 1586/1790/1265 1581/1785/1984 
f 1588/1792/1986 1589/1793/1268 1587/1791/1266 1586/1790/1265 
f 1590/1794/1269 1591/1795/1595 1592/1796/1271 1593/1797/1272 
f 1591/1795/1595 1584/1788/1592 1587/1791/1266 1592/1796/1271 
f 1589/1793/1268 1594/1798/1273 1592/1796/1271 1587/1791/1266 
f 1594/1798/1273 1595/1799/1274 1593/1797/1272 1592/1796/1271 
f 1596/1800/1275 1597/1801/1276 1598/1802/1277 1599/1803/1278 
f 1597/1801/1276 1590/1794/1269 1593/1797/1272 1598/1802/1277 
f 1595/1799/1274 1600/1804/1279 1598/1802/1277 1593/1797/1272 
f 1600/1804/1279 1601/1805/1987 1599/1803/1278 1598/1802/1277 
f 1602/1806/1988 1603/1807/1989 1604/1808/1990 1605/1809/1284 
f 1603/1807/1989 1596/1800/1275 1599/1803/1278 1604/1808/1990 
f 1601/1805/1987 1606/1810/1991 1604/1808/1990 1599/1803/1278 
f 1606/1810/1991 1607/1811/1992 1605/1809/1284 1604/1808/1990 
f 1608/1812/1602 1609/1813/1601 1610/1814/1600 1611/1815/1993 
f 1609/1813/1601 1602/1806/1988 1605/1809/1284 1610/1814/1600 
f 1607/1811/1992 1612/1816/1291 1610/1814/1600 1605/1809/1284 
f 1612/1816/1291 1613/1817/1599 1611/1815/1993 1610/1814/1600 
f 1614/1818/1994 1615/1819/1607 1616/1820/1605 1617/1821/1995 
f 1615/1819/1607 1608/1812/1602 1611/1815/1993 1616/1820/1605 
f 1613/1817/1599 1618/1822/1996 1616/1820/1605 1611/1815/1993 
f 1618/1822/1996 1619/1823/1997 1617/1821/1995 1616/1820/1605 
f 1620/1824/1998 1621/1825/1999 1622/1826/2000 1623/1827/2001 
f 1621/1825/1999 1614/1818/1994 1617/1821/1995 1622/1826/2000 
f 1619/1823/1997 1624/1828/2002 1622/1826/2000 1617/1821/1995 
f 1624/1828/2002 1625/1829/1609 1623/1827/2001 1622/1826/2000 
f 1626/1830/2003 1627/1831/2004 1628/1832/2005 1629/1833/2006 
f 1627/1831/2004 1620/1824/1998 1623/1827/2001 1628/1832/2005 
f 1625/1829/1609 1630/1834/1309 1628/1832/2005 1623/1827/2001 
f 1630/1834/1309 1631/1835/1310 1629/1833/2006 1628/1832/2005 
f 1632/1836/2007 1633/1837/1312 1634/1838/2008 1635/1839/2009 
f 1633/1837/1312 1626/1830/2003 1629/1833/2006 1634/1838/2008 
f 1631/1835/1310 1636/1840/2010 1634/1838/2008 1629/1833/2006 
f 1636/1840/2010 1637/1841/2011 1635/1839/2009 1634/1838/2008 
f 1638/1842/1317 1639/1843/1318 1640/1844/1555 1641/1845/2012 
f 1639/1843/1318 1632/1836/2007 1635/1839/2009 1640/1844/1555 
f 1637/1841/2011 1642/1846/1554 1640/1844/1555 1635/1839/2009 
f 1642/1846/1554 1643/1847/2013 1641/1845/2012 1640/1844/1555 
f 1644/1848/1323 1645/1849/2014 1646/1850/2015 1647/1851/2016 
f 1645/1849/2014 1638/1842/1317 1641/1845/2012 1646/1850/2015 
f 1643/1847/2013 1648/1852/1327 1646/1850/2015 1641/1845/2012 
f 1648/1852/1327 1649/1853/2017 1647/1851/2016 1646/1850/2015 
f 1650/1854/1329 1651/1855/2018 1652/1856/1331 1653/1857/1562 
f 1651/1855/2018 1644/1848/1323 1647/1851/2016 1652/1856/1331 
f 1649/1853/2017 1654/1858/1333 1652/1856/1331 1647/1851/2016 
f 1654/1858/1333 1655/1859/1561 1653/1857/1562 1652/1856/1331 
f 1656/1860/2019 1657/1861/1336 1658/1862/1337 1659/1863/1338 
f 1657/1861/1336 1650/1854/1329 1653/1857/1562 1658/1862/1337 
f 1655/1859/1561 1660/1864/1339 1658/1862/1337 1653/1857/1562 
f 1660/1864/1339 1661/1865/1340 1659/1863/1338 1658/1862/1337 
f 1662/1866/2020 1663/1867/1567 1664/1868/1343 1665/1869/2021 
f 1663/1867/1567 1656/1860/2019 1659/1863/1338 1664/1868/1343 
f 1661/1865/1340 1666/1870/1345 1664/1868/1343 1659/1863/1338 
f 1666/1870/1345 1667/1871/1346 1665/1869/2021 1664/1868/1343 
f 1668/1872/2022 1669/1873/2023 1670/1874/2024 1671/1875/1350 
f 1669/1873/2023 1662/1866/2020 1665/1876/2021 1670/1874/2024 
f 1667/1877/1346 1672/1878/1351 1670/1874/2024 1665/1876/2021 
f 1672/1878/1351 1673/1879/2025 1671/1875/1350 1670/1874/2024 
f 1674/1880/2026 1675/1881/2027 1676/1882/2028 1677/1883/1356 
f 1675/1881/2027 1668/1872/2022 1671/1875/1350 1676/1882/2028 
f 1673/1879/2025 1678/1884/1357 1676/1882/2028 1671/1875/1350 
f 1678/1884/1357 1679/1885/1574 1677/1883/1356 1676/1882/2028 
f 1680/1886/1582 1681/1887/1581 1682/1888/1579 1683/1889/2029 
f 1681/1887/1581 1674/1880/2026 1677/1883/1356 1682/1888/1579 
f 1679/1885/1574 1684/1890/2030 1682/1888/1579 1677/1883/1356 
f 1684/1890/2030 1685/1891/1364 1683/1889/2029 1682/1888/1579 
f 1573/1777/1979 1686/1892/2031 1687/1893/2032 1574/1778/1980 
f 1686/1892/2031 1680/1886/1582 1683/1889/2029 1687/1893/2032 
f 1685/1891/1364 1688/1894/2033 1687/1893/2032 1683/1889/2029 
f 1688/1894/2033 1575/1779/1981 1574/1778/1980 1687/1893/2032 
f 1577/1895/1520 1576/1896/1369 1689/1897/2034 1690/1898/1371 
f 1576/1896/1369 1575/1899/1372 1691/1900/1373 1689/1897/2034 
f 1692/1901/2035 1693/1902/2036 1689/1897/2034 1691/1900/1373 
f 1693/1902/2036 1694/1903/1519 1690/1898/1371 1689/1897/2034 
f 1583/1904/1523 1582/1905/1378 1695/1906/1379 1696/1907/1380 
f 1582/1905/1378 1577/1895/1520 1690/1898/1371 1695/1906/1379 
f 1694/1903/1519 1697/1908/1381 1695/1906/1379 1690/1898/1371 
f 1697/1908/1381 1698/1909/1521 1696/1907/1380 1695/1906/1379 
f 1589/1910/2037 1588/1911/1384 1699/1912/1385 1700/1913/2038 
f 1588/1911/1384 1583/1904/1523 1696/1907/1380 1699/1912/1385 
f 1698/1909/1521 1701/1914/1387 1699/1912/1385 1696/1907/1380 
f 1701/1914/1387 1702/1915/2039 1700/1913/2038 1699/1912/1385 
f 1595/1916/2040 1594/1917/2041 1703/1918/1391 1704/1919/1392 
f 1594/1917/2041 1589/1910/2037 1700/1913/2038 1703/1918/1391 
f 1702/1915/2039 1705/1920/1393 1703/1918/1391 1700/1913/2038 
f 1705/1920/1393 1706/1921/2042 1704/1919/1392 1703/1918/1391 
f 1601/1922/2043 1600/1923/2044 1707/1924/2045 1708/1925/2046 
f 1600/1923/2044 1595/1916/2040 1704/1919/1392 1707/1924/2045 
f 1706/1921/2042 1709/1926/2047 1707/1924/2045 1704/1919/1392 
f 1709/1926/2047 1710/1927/2048 1708/1925/2046 1707/1924/2045 
f 1607/1928/2049 1606/1929/1402 1711/1930/1403 1712/1931/1404 
f 1606/1929/1402 1601/1922/2043 1708/1925/2046 1711/1930/1403 
f 1710/1927/2048 1713/1932/1531 1711/1930/1403 1708/1925/2046 
f 1713/1932/1531 1714/1933/2050 1712/1931/1404 1711/1930/1403 
f 1613/1934/2051 1612/1935/1538 1715/1936/1536 1716/1937/1537 
f 1612/1935/1538 1607/1928/2049 1712/1931/1404 1715/1936/1536 
f 1714/1933/2050 1717/1938/1411 1715/1936/1536 1712/1931/1404 
f 1717/1938/1411 1718/1939/1412 1716/1937/1537 1715/1936/1536 
f 1619/1940/2052 1618/1941/2053 1719/1942/2054 1720/1943/2055 
f 1618/1941/2053 1613/1934/2051 1716/1937/1537 1719/1942/2054 
f 1718/1939/1412 1721/1944/1417 1719/1942/2054 1716/1937/1537 
f 1721/1944/1417 1722/1945/1418 1720/1943/2055 1719/1942/2054 
f 1625/1946/1419 1624/1947/2056 1723/1948/1421 1724/1949/1422 
f 1624/1947/2056 1619/1940/2052 1720/1943/2055 1723/1948/1421 
f 1722/1945/1418 1725/1950/1423 1723/1948/1421 1720/1943/2055 
f 1725/1950/1423 1726/1951/1424 1724/1949/1422 1723/1948/1421 
f 1631/1952/1425 1630/1953/2057 1727/1954/1427 1728/1955/1428 
f 1630/1953/2057 1625/1946/1419 1724/1949/1422 1727/1954/1427 
f 1726/1951/1424 1729/1956/1429 1727/1954/1427 1724/1949/1422 
f 1729/1956/1429 1730/1957/1430 1728/1955/1428 1727/1954/1427 
f 1637/1958/2058 1636/1959/2059 1731/1960/2060 1732/1961/1434 
f 1636/1959/2059 1631/1952/1425 1728/1955/1428 1731/1960/2060 
f 1730/1957/1430 1733/1962/2061 1731/1960/2060 1728/1955/1428 
f 1733/1962/2061 1734/1963/2062 1732/1961/1434 1731/1960/2060 
f 1643/1964/2063 1642/1965/1438 1735/1966/1439 1736/1967/2064 
f 1642/1965/1438 1637/1958/2058 1732/1961/1434 1735/1966/1439 
f 1734/1963/2062 1737/1968/2065 1735/1966/1439 1732/1961/1434 
f 1737/1968/2065 1738/1969/1442 1736/1967/2064 1735/1966/1439 
f 1649/1970/1443 1648/1971/1444 1739/1972/2066 1740/1973/1446 
f 1648/1971/1444 1643/1964/2063 1736/1967/2064 1739/1972/2066 
f 1738/1969/1442 1741/1974/2067 1739/1972/2066 1736/1967/2064 
f 1741/1974/2067 1742/1975/1448 1740/1973/1446 1739/1972/2066 
f 1655/1976/2068 1654/1977/1450 1743/1978/1451 1744/1979/1452 
f 1654/1977/1450 1649/1970/1443 1740/1973/1446 1743/1978/1451 
f 1742/1975/1448 1745/1980/2069 1743/1978/1451 1740/1973/1446 
f 1745/1980/2069 1746/1981/1454 1744/1979/1452 1743/1978/1451 
f 1661/1982/2070 1660/1983/1456 1747/1984/1505 1748/1985/1458 
f 1660/1983/1456 1655/1976/2068 1744/1979/1452 1747/1984/1505 
f 1746/1981/1454 1749/1986/2071 1747/1984/1505 1744/1979/1452 
f 1749/1986/2071 1750/1987/2072 1748/1985/1458 1747/1984/1505 
f 1667/1988/1509 1666/1989/1462 1751/1990/1508 1752/1991/2073 
f 1666/1989/1462 1661/1982/2070 1748/1985/1458 1751/1990/1508 
f 1750/1987/2072 1753/1992/2074 1751/1990/1508 1748/1985/1458 
f 1753/1992/2074 1754/1993/1466 1752/1991/2073 1751/1990/1508 
f 1673/1994/2075 1672/1995/1512 1755/1996/1469 1756/1997/2076 
f 1672/1995/1512 1667/1988/1509 1752/1991/2073 1755/1996/1469 
f 1754/1993/1466 1757/1998/1511 1755/1996/1469 1752/1991/2073 
f 1757/1998/1511 1758/1999/2077 1756/1997/2076 1755/1996/1469 
f 1679/2000/1514 1678/2001/1474 1759/2002/1475 1760/2003/1476 
f 1678/2001/1474 1673/1994/2075 1756/1997/2076 1759/2002/1475 
f 1758/1999/2077 1761/2004/1477 1759/2002/1475 1756/1997/2076 
f 1761/2004/1477 1762/2005/2078 1760/2003/1476 1759/2002/1475 
f 1685/2006/2079 1684/2007/1480 1763/2008/1481 1764/2009/1482 
f 1684/2007/1480 1679/2000/1514 1760/2003/1476 1763/2008/1481 
f 1762/2005/2078 1765/2010/1483 1763/2008/1481 1760/2003/1476 
f 1765/2010/1483 1766/2011/1515 1764/2009/1482 1763/2008/1481 
f 1575/1899/1372 1688/2012/1485 1767/2013/1486 1691/1900/1373 
f 1688/2012/1485 1685/2006/2079 1764/2009/1482 1767/2013/1486 
f 1766/2011/1515 1768/2014/1487 1767/2013/1486 1764/2009/1482 
f 1768/2014/1487 1692/1901/2035 1691/1900/1373 1767/2013/1486 
f 1694/1903/2062 1693/1902/1435 1769/2015/1433 1770/2016/2080 
f 1693/1902/1435 1692/1901/2081 1771/2017/2082 1769/2015/1433 
f 1772/2018/1493 1773/2019/2059 1769/2015/1433 1771/2017/2082 
f 1773/2019/2059 1774/2020/1495 1770/2016/2080 1769/2015/1433 
f 1698/1909/1442 1697/1908/2065 1775/2021/1439 1776/2022/1440 
f 1697/1908/2065 1694/1903/2062 1770/2016/2080 1775/2021/1439 
f 1774/2020/1495 1777/2023/1438 1775/2021/1439 1770/2016/2080 
f 1777/2023/1438 1778/2024/2083 1776/2022/1440 1775/2021/1439 
f 1702/1915/1448 1701/1914/2067 1779/2025/2084 1780/2026/1446 
f 1701/1914/2067 1698/1909/1442 1776/2022/1440 1779/2025/2084 
f 1778/2024/2083 1781/2027/1502 1779/2025/2084 1776/2022/1440 
f 1781/2027/1502 1782/2028/2085 1780/2026/1446 1779/2025/2084 
f 1706/1921/2086 1705/1920/2087 1783/2029/1451 1784/2030/2088 
f 1705/1920/2087 1702/1915/1448 1780/2026/1446 1783/2029/1451 
f 1782/2028/2085 1785/2031/1450 1783/2029/1451 1780/2026/1446 
f 1785/2031/1450 1786/2032/2068 1784/2030/2088 1783/2029/1451 
f 1710/1927/2089 1709/1926/1459 1787/2033/1457 1788/2034/2090 
f 1709/1926/1459 1706/1921/2086 1784/2030/2088 1787/2033/1457 
f 1786/2032/2068 1789/2035/1456 1787/2033/1457 1784/2030/2088 
f 1789/2035/1456 1790/2036/1507 1788/2034/2090 1787/2033/1457 
f 1714/1933/2091 1713/1932/1465 1791/2037/1508 1792/2038/1464 
f 1713/1932/1465 1710/1927/2089 1788/2034/2090 1791/2037/1508 
f 1790/2036/1507 1793/2039/2092 1791/2037/1508 1788/2034/2090 
f 1793/2039/2092 1794/2040/2093 1792/2038/1464 1791/2037/1508 
f 1718/1939/1510 1717/1938/1511 1795/2041/1469 1796/2042/1470 
f 1717/1938/1511 1714/1933/2091 1792/2038/1464 1795/2041/1469 
f 1794/2040/2093 1797/2043/1512 1795/2041/1469 1792/2038/1464 
f 1797/2043/1512 1798/2044/1467 1796/2042/1470 1795/2041/1469 
f 1722/1945/1478 1721/1944/1513 1799/2045/2094 1800/2046/1476 
f 1721/1944/1513 1718/1939/1510 1796/2042/1470 1799/2045/2094 
f 1798/2044/1467 1801/2047/1474 1799/2045/2094 1796/2042/1470 
f 1801/2047/1474 1802/2048/1473 1800/2046/1476 1799/2045/2094 
f 1726/1951/2095 1725/1950/2096 1803/2049/1481 1804/2050/1516 
f 1725/1950/2096 1722/1945/1478 1800/2046/1476 1803/2049/1481 
f 1802/2048/1473 1805/2051/1480 1803/2049/1481 1800/2046/1476 
f 1805/2051/1480 1806/2052/1479 1804/2050/1516 1803/2049/1481 
f 1730/1957/1517 1729/1956/1487 1807/2053/1486 1808/2054/1373 
f 1729/1956/1487 1726/1951/2095 1804/2050/1516 1807/2053/1486 
f 1806/2052/1479 1809/2055/1485 1807/2053/1486 1804/2050/1516 
f 1809/2055/1485 1810/2056/1518 1808/2054/1373 1807/2053/1486 
f 1734/1963/1519 1733/1962/2097 1811/2057/1370 1812/2058/2098 
f 1733/1962/2097 1730/1957/1517 1808/2054/1373 1811/2057/1370 
f 1810/2056/1518 1813/2059/2099 1811/2057/1370 1808/2054/1373 
f 1813/2059/2099 1814/2060/1520 1812/2058/2098 1811/2057/1370 
f 1738/1969/1382 1737/1968/1381 1815/2061/1379 1816/2062/1522 
f 1737/1968/1381 1734/1963/1519 1812/2058/2098 1815/2061/1379 
f 1814/2060/1520 1817/2063/1378 1815/2061/1379 1812/2058/2098 
f 1817/2063/1378 1818/2064/1523 1816/2062/1522 1815/2061/1379 
f 1742/1975/1388 1741/1974/1387 1819/2065/1524 1820/2066/2100 
f 1741/1974/1387 1738/1969/1382 1816/2062/1522 1819/2065/1524 
f 1818/2064/1523 1821/2067/2101 1819/2065/1524 1816/2062/1522 
f 1821/2067/2101 1822/2068/2102 1820/2066/2100 1819/2065/1524 
f 1746/1981/2103 1745/1980/1393 1823/2069/1391 1824/2070/1526 
f 1745/1980/1393 1742/1975/1388 1820/2066/2100 1823/2069/1391 
f 1822/2068/2102 1825/2071/1527 1823/2069/1391 1820/2066/2100 
f 1825/2071/1527 1826/2072/1389 1824/2070/1526 1823/2069/1391 
f 1750/1987/1400 1749/1986/2104 1827/2073/1397 1828/2074/1398 
f 1749/1986/2104 1746/1981/2103 1824/2070/1526 1827/2073/1397 
f 1826/2072/1389 1829/2075/1396 1827/2073/1397 1824/2070/1526 
f 1829/2075/1396 1830/2076/2105 1828/2074/1398 1827/2073/1397 
f 1754/1993/1406 1753/1992/1531 1831/2077/1403 1832/2078/1404 
f 1753/1992/1531 1750/1987/1400 1828/2074/1398 1831/2077/1403 
f 1830/2076/2105 1833/2079/1402 1831/2077/1403 1828/2074/1398 
f 1833/2079/1402 1834/2080/2106 1832/2078/1404 1831/2077/1403 
f 1758/1999/2107 1757/1998/1535 1835/2081/2108 1836/2082/2109 
f 1757/1998/1535 1754/1993/1406 1832/2078/1404 1835/2081/2108 
f 1834/2080/2106 1837/2083/2110 1835/2081/2108 1832/2078/1404 
f 1837/2083/2110 1838/2084/2111 1836/2082/2109 1835/2081/2108 
f 1762/2005/1418 1761/2004/1417 1839/2085/1415 1840/2086/2112 
f 1761/2004/1417 1758/1999/2107 1836/2082/2109 1839/2085/1415 
f 1838/2084/2111 1841/2087/2113 1839/2085/1415 1836/2082/2109 
f 1841/2087/2113 1842/2088/2114 1840/2086/2112 1839/2085/1415 
f 1766/2011/1544 1765/2010/1423 1843/2089/2115 1844/2090/1545 
f 1765/2010/1423 1762/2005/1418 1840/2086/2112 1843/2089/2115 
f 1842/2088/2114 1845/2091/2056 1843/2089/2115 1840/2086/2112 
f 1845/2091/2056 1846/2092/1419 1844/2090/1545 1843/2089/2115 
f 1692/1901/2081 1768/2014/1429 1847/2093/2116 1771/2017/2082 
f 1768/2014/1429 1766/2011/1544 1844/2090/1545 1847/2093/2116 
f 1846/2092/1419 1848/2094/1426 1847/2093/2116 1844/2090/1545 
f 1848/2094/1426 1772/2018/1493 1771/2017/2082 1847/2093/2116 
f 1774/2020/2117 1773/2019/2010 1849/2095/1313 1850/2096/2009 
f 1773/2019/2010 1772/2018/1548 1851/2097/2118 1849/2095/1313 
f 1852/2098/2119 1853/2099/2120 1849/2095/1313 1851/2097/2118 
f 1853/2099/2120 1854/2100/2007 1850/2096/2009 1849/2095/1313 
f 1778/2024/1322 1777/2023/1321 1855/2101/1555 1856/2102/1320 
f 1777/2023/1321 1774/2020/2117 1850/2096/2009 1855/2101/1555 
f 1854/2100/2007 1857/2103/1556 1855/2101/1555 1850/2096/2009 
f 1857/2103/1556 1858/2104/1317 1856/2102/1320 1855/2101/1555 
f 1782/2028/1328 1781/2027/1558 1859/2105/2015 1860/2106/1559 
f 1781/2027/1558 1778/2024/1322 1856/2102/1320 1859/2105/2015 
f 1858/2104/1317 1861/2107/1324 1859/2105/2015 1856/2102/1320 
f 1861/2107/1324 1862/2108/1560 1860/2106/1559 1859/2105/2015 
f 1786/2032/1561 1785/2031/1333 1863/2109/1331 1864/2110/1562 
f 1785/2031/1333 1782/2028/1328 1860/2106/1559 1863/2109/1331 
f 1862/2108/1560 1865/2111/2018 1863/2109/1331 1860/2106/1559 
f 1865/2111/2018 1866/2112/1329 1864/2110/1562 1863/2109/1331 
f 1790/2036/2121 1789/2035/1339 1867/2113/1337 1868/2114/1338 
f 1789/2035/1339 1786/2032/1561 1864/2110/1562 1867/2113/1337 
f 1866/2112/1329 1869/2115/1336 1867/2113/1337 1864/2110/1562 
f 1869/2115/1336 1870/2116/1335 1868/2114/1338 1867/2113/1337 
f 1794/2040/2122 1793/2039/1345 1871/2117/2123 1872/2118/1566 
f 1793/2039/1345 1790/2036/2121 1868/2114/1338 1871/2117/2123 
f 1870/2116/1335 1873/2119/1342 1871/2117/2123 1868/2114/1338 
f 1873/2119/1342 1874/2120/1341 1872/2118/1566 1871/2117/2123 
f 1798/2044/1352 1797/2043/1351 1875/2121/1570 1876/2122/1350 
f 1797/2043/1351 1794/2040/2122 1872/2118/1566 1875/2121/1570 
f 1874/2120/1341 1877/2123/1572 1875/2121/1570 1872/2118/1566 
f 1877/2123/1572 1878/2124/1347 1876/2122/1350 1875/2121/1570 
f 1802/2048/1358 1801/2047/1357 1879/2125/1355 1880/2126/2124 
f 1801/2047/1357 1798/2044/1352 1876/2122/1350 1879/2125/1355 
f 1878/2124/1347 1881/2127/1354 1879/2125/1355 1876/2122/1350 
f 1881/2127/1354 1882/2128/2125 1880/2126/2124 1879/2125/1355 
f 1806/2052/2126 1805/2051/2127 1883/2129/1579 1884/2130/1580 
f 1805/2051/2127 1802/2048/1358 1880/2126/2124 1883/2129/1579 
f 1882/2128/2125 1885/2131/2128 1883/2129/1579 1880/2126/2124 
f 1885/2131/2128 1886/2132/2129 1884/2130/1580 1883/2129/1579 
f 1810/2056/1254 1809/2055/2033 1887/2133/1584 1888/2134/1585 
f 1809/2055/2033 1806/2052/2126 1884/2130/1580 1887/2133/1584 
f 1886/2132/2129 1889/2135/1365 1887/2133/1584 1884/2130/1580 
f 1889/2135/1365 1890/2136/2130 1888/2134/1585 1887/2133/1584 
f 1814/2060/1586 1813/2059/1587 1891/2137/2131 1892/2138/1251 
f 1813/2059/1587 1810/2056/1254 1888/2134/1585 1891/2137/2131 
f 1890/2136/2130 1893/2139/1588 1891/2137/2131 1888/2134/1585 
f 1893/2139/1588 1894/2140/2132 1892/2138/1251 1891/2137/2131 
f 1818/2064/1589 1817/2063/1261 1895/2141/1259 1896/2142/1260 
f 1817/2063/1261 1814/2060/1586 1892/2138/1251 1895/2141/1259 
f 1894/2140/2132 1897/2143/1983 1895/2141/1259 1892/2138/1251 
f 1897/2143/1983 1898/2144/1257 1896/2142/1260 1895/2141/1259 
f 1822/2068/1590 1821/2067/1267 1899/2145/1591 1900/2146/1266 
f 1821/2067/1267 1818/2064/1589 1896/2142/1260 1899/2145/1591 
f 1898/2144/1257 1901/2147/1264 1899/2145/1591 1896/2142/1260 
f 1901/2147/1264 1902/2148/2133 1900/2146/1266 1899/2145/1591 
f 1826/2072/1593 1825/2071/2134 1903/2149/2135 1904/2150/2136 
f 1825/2071/2134 1822/2068/1590 1900/2146/1266 1903/2149/2135 
f 1902/2148/2133 1905/2151/2137 1903/2149/2135 1900/2146/1266 
f 1905/2151/2137 1906/2152/1596 1904/2150/2136 1903/2149/2135 
f 1830/2076/1597 1829/2075/1279 1907/2153/2138 1908/2154/1278 
f 1829/2075/1279 1826/2072/1593 1904/2155/2136 1907/2153/2138 
f 1906/2156/1596 1909/2157/1276 1907/2153/2138 1904/2155/2136 
f 1909/2157/1276 1910/2158/2139 1908/2154/1278 1907/2153/2138 
f 1834/2080/1992 1833/2079/1991 1911/2159/1990 1912/2160/2140 
f 1833/2079/1991 1830/2076/1597 1908/2154/1278 1911/2159/1990 
f 1910/2158/2139 1913/2161/2141 1911/2159/1990 1908/2154/1278 
f 1913/2161/2141 1914/2162/2142 1912/2160/2140 1911/2159/1990 
f 1838/2084/2143 1837/2083/1291 1915/2163/1289 1916/2164/1290 
f 1837/2083/1291 1834/2080/1992 1912/2160/2140 1915/2163/1289 
f 1914/2162/2142 1917/2165/2144 1915/2163/1289 1912/2160/2140 
f 1917/2165/2144 1918/2166/2145 1916/2164/1290 1915/2163/1289 
f 1842/2088/1603 1841/2087/1297 1919/2167/1295 1920/2168/1606 
f 1841/2087/1297 1838/2084/2143 1916/2164/1290 1919/2167/1295 
f 1918/2166/2145 1921/2169/1607 1919/2167/1295 1916/2164/1290 
f 1921/2169/1607 1922/2170/1608 1920/2168/1606 1919/2167/1295 
f 1846/2092/1609 1845/2091/2002 1923/2171/1301 1924/2172/1302 
f 1845/2091/2002 1842/2088/1603 1920/2168/1606 1923/2171/1301 
f 1922/2170/1608 1925/2173/1999 1923/2171/1301 1920/2168/1606 
f 1925/2173/1999 1926/2174/2146 1924/2172/1302 1923/2171/1301 
f 1772/2018/1548 1848/2094/2147 1927/2175/1307 1851/2097/2118 
f 1848/2094/2147 1846/2092/1609 1924/2172/1302 1927/2175/1307 
f 1926/2174/2146 1928/2176/2148 1927/2175/1307 1924/2172/1302 
f 1928/2176/2148 1852/2098/2119 1851/2097/2118 1927/2175/1307 
f 1854/2177/2149 1853/2178/1613 1929/2179/1614 1930/2180/2150 
f 1853/2178/1613 1852/2181/1616 1931/2182/1617 1929/2179/1614 
f 1932/2183/2151 1933/2184/1952 1929/2179/1614 1931/2182/1617 
f 1933/2184/1952 1934/2185/2152 1930/2180/2150 1929/2179/1614 
f 1858/2186/1621 1857/2187/2153 1935/2188/1623 1936/2189/1624 
f 1857/2187/2153 1854/2177/2149 1930/2180/2150 1935/2188/1623 
f 1934/2185/2152 1937/2190/1956 1935/2188/1623 1930/2180/2150 
f 1937/2190/1956 1938/2191/2154 1936/2189/1624 1935/2188/1623 
f 1862/2192/2155 1861/2193/1628 1939/2194/1629 1940/2195/2156 
f 1861/2193/1628 1858/2186/1621 1936/2189/1624 1939/2194/1629 
f 1938/2191/2154 1941/2196/1631 1939/2194/1629 1936/2189/1624 
f 1941/2196/1631 1942/2197/1957 1940/2195/2156 1939/2194/1629 
f 1866/2198/1960 1865/2199/1634 1943/2200/1635 1944/2201/1636 
f 1865/2199/1634 1862/2192/2155 1940/2195/2156 1943/2200/1635 
f 1942/2197/1957 1945/2202/2157 1943/2200/1635 1940/2195/2156 
f 1945/2202/2157 1946/2203/1638 1944/2201/1636 1943/2200/1635 
f 1870/2204/1639 1869/2205/1963 1947/2206/1641 1948/2207/1962 
f 1869/2205/1963 1866/2198/1960 1944/2201/1636 1947/2206/1641 
f 1946/2203/1638 1949/2208/1643 1947/2206/1641 1944/2201/1636 
f 1949/2208/1643 1950/2209/2158 1948/2207/1962 1947/2206/1641 
f 1874/2210/2159 1873/2211/2160 1951/2212/2161 1952/2213/1648 
f 1873/2211/2160 1870/2204/1639 1948/2207/1962 1951/2212/2161 
f 1950/2209/2158 1953/2214/2162 1951/2212/2161 1948/2207/1962 
f 1953/2214/2162 1954/2215/1964 1952/2213/1648 1951/2212/2161 
f 1878/2216/2163 1877/2217/1652 1955/2218/2164 1956/2219/2165 
f 1877/2217/1652 1874/2210/2159 1952/2213/1648 1955/2218/2164 
f 1954/2215/1964 1957/2220/2166 1955/2218/2164 1952/2213/1648 
f 1957/2220/2166 1958/2221/2167 1956/2219/2165 1955/2218/2164 
f 1882/2222/2168 1881/2223/1658 1959/2224/1659 1960/2225/1971 
f 1881/2223/1658 1878/2216/2163 1956/2219/2165 1959/2224/1659 
f 1958/2221/2167 1961/2226/1970 1959/2224/1659 1956/2219/2165 
f 1961/2226/1970 1962/2227/2169 1960/2225/1971 1959/2224/1659 
f 1886/2228/2170 1885/2229/2171 1963/2230/2172 1964/2231/2173 
f 1885/2229/2171 1882/2222/2168 1960/2225/1971 1963/2230/2172 
f 1962/2227/2169 1965/2232/2174 1963/2230/2172 1960/2225/1971 
f 1965/2232/2174 1966/2233/1668 1964/2231/2173 1963/2230/2172 
f 1890/2234/1923 1889/2235/2175 1967/2236/1671 1968/2237/1672 
f 1889/2235/2175 1886/2228/2170 1964/2231/2173 1967/2236/1671 
f 1966/2233/1668 1969/2238/1673 1967/2236/1671 1964/2231/2173 
f 1969/2238/1673 1970/2239/2176 1968/2237/1672 1967/2236/1671 
f 1894/2240/1675 1893/2241/2177 1971/2242/1677 1972/2243/2178 
f 1893/2241/2177 1890/2234/1923 1968/2237/1672 1971/2242/1677 
f 1970/2239/2176 1973/2244/1679 1971/2242/1677 1968/2237/1672 
f 1973/2244/1679 1974/2245/2179 1972/2243/2178 1971/2242/1677 
f 1898/2246/1681 1897/2247/2180 1975/2248/2181 1976/2249/2182 
f 1897/2247/2180 1894/2240/1675 1972/2243/2178 1975/2248/2181 
f 1974/2245/2179 1977/2250/1685 1975/2248/2181 1972/2243/2178 
f 1977/2250/1685 1978/2251/2183 1976/2249/2182 1975/2248/2181 
f 1902/2252/1687 1901/2253/2184 1979/2254/1689 1980/2255/1690 
f 1901/2253/2184 1898/2246/1681 1976/2249/2182 1979/2254/1689 
f 1978/2251/2183 1981/2256/2185 1979/2254/1689 1976/2249/2182 
f 1981/2256/2185 1982/2257/1929 1980/2255/1690 1979/2254/1689 
f 1906/2258/1693 1905/2259/2186 1983/2260/1695 1984/2261/1696 
f 1905/2259/2186 1902/2252/1687 1980/2255/1690 1983/2260/1695 
f 1982/2257/1929 1985/2262/1697 1983/2260/1695 1980/2255/1690 
f 1985/2262/1697 1986/2263/2187 1984/2261/1696 1983/2260/1695 
f 1910/2264/1699 1909/2265/1700 1987/2266/1701 1988/2267/1702 
f 1909/2265/1700 1906/2258/1693 1984/2261/1696 1987/2266/1701 
f 1986/2263/2187 1989/2268/2188 1987/2266/1701 1984/2261/1696 
f 1989/2268/2188 1990/2269/2189 1988/2267/1702 1987/2266/1701 
f 1914/2270/2190 1913/2271/1706 1991/2272/1707 1992/2273/2191 
f 1913/2271/1706 1910/2264/1699 1988/2267/1702 1991/2272/1707 
f 1990/2269/2189 1993/2274/1709 1991/2272/1707 1988/2267/1702 
f 1993/2274/1709 1994/2275/1938 1992/2273/2191 1991/2272/1707 
f 1918/2276/2192 1917/2277/1712 1995/2278/1713 1996/2279/2193 
f 1917/2277/1712 1914/2270/2190 1992/2273/2191 1995/2278/1713 
f 1994/2275/1938 1997/2280/1715 1995/2278/1713 1992/2273/2191 
f 1997/2280/1715 1998/2281/1942 1996/2279/2193 1995/2278/1713 
f 1922/2282/2194 1921/2283/1718 1999/2284/1719 2000/2285/2195 
f 1921/2283/1718 1918/2276/2192 1996/2279/2193 1999/2284/1719 
f 1998/2281/1942 2001/2286/2196 1999/2284/1719 1996/2279/2193 
f 2001/2286/2196 2002/2287/2197 2000/2285/2195 1999/2284/1719 
f 1926/2288/2198 1925/2289/1946 2003/2290/2199 2004/2291/1945 
f 1925/2289/1946 1922/2282/2194 2000/2285/2195 2003/2290/2199 
f 2002/2287/2197 2005/2292/2200 2003/2290/2199 2000/2285/2195 
f 2005/2292/2200 2006/2293/2201 2004/2291/1945 2003/2290/2199 
f 1852/2181/1616 1928/2294/2202 2007/2295/1730 1931/2182/1617 
f 1928/2294/2202 1926/2288/2198 2004/2291/1945 2007/2295/1730 
f 2006/2293/2201 2008/2296/2203 2007/2295/1730 2004/2291/1945 
f 2008/2296/2203 1932/2183/2151 1931/2182/1617 2007/2295/1730 
f 1934/2185/2204 1933/2184/1733 2009/2297/2205 2010/2298/1892 
f 1933/2184/1733 1932/2183/2206 2011/2299/1737 2009/2297/2205 
f 2012/2300/1889 2013/2301/2207 2009/2297/2205 2011/2299/1737 
f 2013/2301/2207 2014/2302/1740 2010/2298/1892 2009/2297/2205 
f 1938/2191/1741 1937/2190/1742 2015/2303/1743 2016/2304/1744 
f 1937/2190/1742 1934/2185/2204 2010/2298/1892 2015/2303/1743 
f 2014/2302/1740 2017/2305/2208 2015/2303/1743 2010/2298/1892 
f 2017/2305/2208 2018/2306/1894 2016/2304/1744 2015/2303/1743 
f 1942/2197/1747 1941/2196/1898 2019/2307/2209 2020/2308/1750 
f 1941/2196/1898 1938/2191/1741 2016/2304/1744 2019/2307/2209 
f 2018/2306/1894 2021/2309/2210 2019/2307/2209 2016/2304/1744 
f 2021/2309/2210 2022/2310/1752 2020/2308/1750 2019/2307/2209 
f 1946/2203/1901 1945/2202/2211 2023/2311/1755 2024/2312/1756 
f 1945/2202/2211 1942/2197/1747 2020/2308/1750 2023/2311/1755 
f 2022/2310/1752 2025/2313/1899 2023/2311/1755 2020/2308/1750 
f 2025/2313/1899 2026/2314/1758 2024/2312/1756 2023/2311/1755 
f 1950/2209/2212 1949/2208/1906 2027/2315/1761 2028/2316/1905 
f 1949/2208/1906 1946/2203/1901 2024/2312/1756 2027/2315/1761 
f 2026/2314/1758 2029/2317/1763 2027/2315/1761 2024/2312/1756 
f 2029/2317/1763 2030/2318/2213 2028/2316/1905 2027/2315/1761 
f 1954/2215/2214 1953/2214/2215 2031/2319/2216 2032/2320/1768 
f 1953/2214/2215 1950/2209/2212 2028/2316/1905 2031/2319/2216 
f 2030/2318/2213 2033/2321/2217 2031/2319/2216 2028/2316/1905 
f 2033/2321/2217 2034/2322/2218 2032/2320/1768 2031/2319/2216 
f 1958/2221/2219 1957/2220/1772 2035/2323/1773 2036/2324/1774 
f 1957/2220/1772 1954/2215/2214 2032/2320/1768 2035/2323/1773 
f 2034/2322/2218 2037/2325/1775 2035/2323/1773 2032/2320/1768 
f 2037/2325/1775 2038/2326/2220 2036/2324/1774 2035/2323/1773 
f 1962/2227/1777 1961/2226/1778 2039/2327/1779 2040/2328/1780 
f 1961/2226/1778 1958/2221/2219 2036/2324/1774 2039/2327/1779 
f 2038/2326/2220 2041/2329/1914 2039/2327/1779 2036/2324/1774 
f 2041/2329/1914 2042/2330/1782 2040/2328/1780 2039/2327/1779 
f 1966/2233/1783 1965/2232/2221 2043/2331/2222 2044/2332/2223 
f 1965/2232/2221 1962/2227/1777 2040/2328/1780 2043/2331/2222 
f 2042/2330/1782 2045/2333/1787 2043/2331/2222 2040/2328/1780 
f 2045/2333/1787 2046/2334/2224 2044/2332/2223 2043/2331/2222 
f 1970/2239/1789 1969/2238/1790 2047/2335/2225 2048/2336/1855 
f 1969/2238/1790 1966/2233/1783 2044/2332/2223 2047/2335/2225 
f 2046/2334/2224 2049/2337/2226 2047/2335/2225 2044/2332/2223 
f 2049/2337/2226 2050/2338/1854 2048/2336/1855 2047/2335/2225 
f 1974/2245/2227 1973/2244/2228 2051/2339/1797 2052/2340/2229 
f 1973/2244/2228 1970/2239/1789 2048/2336/1855 2051/2339/1797 
f 2050/2338/1854 2053/2341/1853 2051/2339/1797 2048/2336/1855 
f 2053/2341/1853 2054/2342/1800 2052/2340/2229 2051/2339/1797 
f 1978/2251/1864 1977/2250/2230 2055/2343/1803 2056/2344/1804 
f 1977/2250/2230 1974/2245/2227 2052/2340/2229 2055/2343/1803 
f 2054/2342/1800 2057/2345/2231 2055/2343/1803 2052/2340/2229 
f 2057/2345/2231 2058/2346/1806 2056/2344/1804 2055/2343/1803 
f 1982/2257/1807 1981/2256/1808 2059/2347/1867 2060/2348/1810 
f 1981/2256/1808 1978/2251/1864 2056/2344/1804 2059/2347/1867 
f 2058/2346/1806 2061/2349/1866 2059/2347/1867 2056/2344/1804 
f 2061/2349/1866 2062/2350/1865 2060/2348/1810 2059/2347/1867 
f 1986/2263/1813 1985/2262/2232 2063/2351/1815 2064/2352/2233 
f 1985/2262/2232 1982/2257/1807 2060/2348/1810 2063/2351/1815 
f 2062/2350/1865 2065/2353/2234 2063/2351/1815 2060/2348/1810 
f 2065/2353/2234 2066/2354/2235 2064/2352/2233 2063/2351/1815 
f 1990/2269/2236 1989/2268/1820 2067/2355/2237 2068/2356/2238 
f 1989/2268/1820 1986/2263/1813 2064/2352/2233 2067/2355/2237 
f 2066/2354/2235 2069/2357/2239 2067/2355/2237 2064/2352/2233 
f 2069/2357/2239 2070/2358/2240 2068/2356/2238 2067/2355/2237 
f 1994/2275/2241 1993/2274/1874 2071/2359/2242 2072/2360/1828 
f 1993/2274/1874 1990/2269/2236 2068/2356/2238 2071/2359/2242 
f 2070/2358/2240 2073/2361/1829 2071/2359/2242 2068/2356/2238 
f 2073/2361/1829 2074/2362/2243 2072/2360/1828 2071/2359/2242 
f 1998/2281/2244 1997/2280/1832 2075/2363/1833 2076/2364/2245 
f 1997/2280/1832 1994/2275/2241 2072/2360/1828 2075/2363/1833 
f 2074/2362/2243 2077/2365/1835 2075/2363/1833 2072/2360/1828 
f 2077/2365/1835 2078/2366/1836 2076/2364/2245 2075/2363/1833 
f 2002/2287/1885 2001/2286/2246 2079/2367/1882 2080/2368/1883 
f 2001/2286/2246 1998/2281/2244 2076/2364/2245 2079/2367/1882 
f 2078/2366/1836 2081/2369/1881 2079/2367/1882 2076/2364/2245 
f 2081/2369/1881 2082/2370/1880 2080/2368/1883 2079/2367/1882 
f 2006/2293/2247 2005/2292/1844 2083/2371/1845 2084/2372/1888 
f 2005/2292/1844 2002/2287/1885 2080/2368/1883 2083/2371/1845 
f 2082/2370/1880 2085/2373/1887 2083/2371/1845 2080/2368/1883 
f 2085/2373/1887 2086/2374/2248 2084/2372/1888 2083/2371/1845 
f 1932/2183/2206 2008/2296/1849 2087/2375/1850 2011/2299/1737 
f 2008/2296/1849 2006/2293/2247 2084/2372/1888 2087/2375/1850 
f 2086/2374/2248 2088/2376/1851 2087/2375/1850 2084/2372/1888 
f 2088/2376/1851 2012/2300/1889 2011/2299/1737 2087/2375/1850 
f 2014/2302/2249 2013/2301/1853 2089/2377/2250 2090/2378/2229 
f 2013/2301/1853 2012/2300/1794 2091/2379/1855 2089/2377/2250 
f 2092/2380/2251 2093/2381/2228 2089/2377/2250 2091/2379/1855 
f 2093/2381/2228 2094/2382/2252 2090/2378/2229 2089/2377/2250 
f 2018/2306/1859 2017/2305/1860 2095/2383/1803 2096/2384/2253 
f 2017/2305/1860 2014/2302/2249 2090/2378/2229 2095/2383/1803 
f 2094/2382/2252 2097/2385/2254 2095/2383/1803 2090/2378/2229 
f 2097/2385/2254 2098/2386/2255 2096/2384/2253 2095/2383/1803 
f 2022/2310/2256 2021/2309/1866 2099/2387/1867 2100/2388/1810 
f 2021/2309/1866 2018/2306/1859 2096/2384/2253 2099/2387/1867 
f 2098/2386/2255 2101/2389/2257 2099/2387/1867 2096/2384/2253 
f 2101/2389/2257 2102/2390/2258 2100/2388/1810 2099/2387/1867 
f 2026/2314/1818 2025/2313/1817 2103/2391/1815 2104/2392/1816 
f 2025/2313/1817 2022/2310/2256 2100/2388/1810 2103/2391/1815 
f 2102/2390/2258 2105/2393/1814 2103/2391/1815 2100/2388/1810 
f 2105/2393/1814 2106/2394/1869 2104/2392/1816 2103/2391/1815 
f 2030/2318/2240 2029/2317/1823 2107/2395/2237 2108/2396/1872 
f 2029/2317/1823 2026/2314/1818 2104/2392/1816 2107/2395/2237 
f 2106/2394/1869 2109/2397/1820 2107/2395/2237 2104/2392/1816 
f 2109/2397/1820 2110/2398/2236 2108/2396/1872 2107/2395/2237 
f 2034/2322/2243 2033/2321/1829 2111/2399/1827 2112/2400/1828 
f 2033/2321/1829 2030/2318/2240 2108/2396/1872 2111/2399/1827 
f 2110/2398/2236 2113/2401/2259 2111/2399/1827 2108/2396/1872 
f 2113/2401/2259 2114/2402/1825 2112/2400/1828 2111/2399/1827 
f 2038/2326/1836 2037/2325/2260 2115/2403/1833 2116/2404/1834 
f 2037/2325/2260 2034/2322/2243 2112/2400/1828 2115/2403/1833 
f 2114/2402/1825 2117/2405/1879 2115/2403/1833 2112/2400/1828 
f 2117/2405/1879 2118/2406/1831 2116/2404/1834 2115/2403/1833 
f 2042/2330/1880 2041/2329/2261 2119/2407/1882 2120/2408/1840 
f 2041/2329/2261 2038/2326/1836 2116/2404/1834 2119/2407/1882 
f 2118/2406/1831 2121/2409/1884 2119/2407/1882 2116/2404/1834 
f 2121/2409/1884 2122/2410/2262 2120/2408/1840 2119/2407/1882 
f 2046/2334/1886 2045/2333/1887 2123/2411/1845 2124/2412/1846 
f 2045/2333/1887 2042/2330/1880 2120/2408/1840 2123/2411/1845 
f 2122/2410/2262 2125/2413/1844 2123/2411/1845 2120/2408/1840 
f 2125/2413/1844 2126/2414/1843 2124/2412/1846 2123/2411/1845 
f 2050/2338/1889 2049/2337/1851 2127/2415/1850 2128/2416/1737 
f 2049/2337/1851 2046/2334/1886 2124/2412/1846 2127/2415/1850 
f 2126/2414/1843 2129/2417/1849 2127/2415/1850 2124/2412/1846 
f 2129/2417/1849 2130/2418/1736 2128/2416/1737 2127/2415/1850 
f 2054/2342/1740 2053/2341/1739 2131/2419/1891 2132/2420/1735 
f 2053/2341/1739 2050/2338/1889 2128/2416/1737 2131/2419/1891 
f 2130/2418/1736 2133/2421/2263 2131/2419/1891 2128/2416/1737 
f 2133/2421/2263 2134/2422/2204 2132/2420/1735 2131/2419/1891 
f 2058/2346/1894 2057/2345/1745 2135/2423/1743 2136/2424/1744 
f 2057/2345/1745 2054/2342/1740 2132/2420/1735 2135/2423/1743 
f 2134/2422/2204 2137/2425/1742 2135/2423/1743 2132/2420/1735 
f 2137/2425/1742 2138/2426/1741 2136/2424/1744 2135/2423/1743 
f 2062/2350/2264 2061/2349/1751 2139/2427/1749 2140/2428/1750 
f 2061/2349/1751 2058/2346/1894 2136/2424/1744 2139/2427/1749 
f 2138/2426/1741 2141/2429/1898 2139/2427/1749 2136/2424/1744 
f 2141/2429/1898 2142/2430/1747 2140/2428/1750 2139/2427/1749 
f 2066/2354/2265 2065/2353/2266 2143/2431/1755 2144/2432/1756 
f 2065/2353/2266 2062/2350/2264 2140/2428/1750 2143/2431/1755 
f 2142/2430/1747 2145/2433/1754 2143/2431/1755 2140/2428/1750 
f 2145/2433/1754 2146/2434/1753 2144/2432/1756 2143/2431/1755 
f 2070/2358/1764 2069/2357/2267 2147/2435/1904 2148/2436/1905 
f 2069/2357/2267 2066/2354/2265 2144/2432/1756 2147/2435/1904 
f 2146/2434/1753 2149/2437/2268 2147/2435/1904 2144/2432/1756 
f 2149/2437/2268 2150/2438/2212 2148/2436/1905 2147/2435/1904 
f 2074/2362/2269 2073/2361/1769 2151/2439/1767 2152/2440/2270 
f 2073/2361/1769 2070/2358/1764 2148/2436/1905 2151/2439/1767 
f 2150/2438/2212 2153/2441/1766 2151/2439/1767 2148/2436/1905 
f 2153/2441/1766 2154/2442/1765 2152/2440/2270 2151/2439/1767 
f 2078/2366/2271 2077/2365/1908 2155/2443/1909 2156/2444/1774 
f 2077/2365/1908 2074/2362/2269 2152/2440/2270 2155/2443/1909 
f 2154/2442/1765 2157/2445/1911 2155/2443/1909 2152/2440/2270 
f 2157/2445/1911 2158/2446/1771 2156/2444/1774 2155/2443/1909 
f 2082/2370/1782 2081/2369/2272 2159/2447/2273 2160/2448/1780 
f 2081/2369/2272 2078/2366/2271 2156/2444/1774 2159/2447/2273 
f 2158/2446/1771 2161/2449/2274 2159/2447/2273 2156/2444/1774 
f 2161/2449/2274 2162/2450/1777 2160/2448/1780 2159/2447/2273 
f 2086/2374/2224 2085/2373/2275 2163/2451/2276 2164/2452/2223 
f 2085/2373/2275 2082/2370/1782 2160/2448/1780 2163/2451/2276 
f 2162/2450/1777 2165/2453/2221 2163/2451/2276 2160/2448/1780 
f 2165/2453/2221 2166/2454/1783 2164/2452/2223 2163/2451/2276 
f 2012/2300/1794 2088/2376/1793 2167/2455/1791 2091/2379/1855 
f 2088/2376/1793 2086/2374/2224 2164/2452/2223 2167/2455/1791 
f 2166/2454/1783 2168/2456/1790 2167/2455/1791 2164/2452/2223 
f 2168/2456/1790 2092/2380/2251 2091/2379/1855 2167/2455/1791 
f 2094/2382/2179 2093/2381/1679 2169/2457/1677 2170/2458/2178 
f 2093/2381/1679 2092/2380/1922 2171/2459/2277 2169/2457/1677 
f 1573/1777/1923 1570/1774/2177 2169/2457/1677 2171/2459/2277 
f 1570/1774/2177 1569/1773/2278 2170/2458/2178 2169/2457/1677 
f 2098/2386/2279 2097/2385/1685 2172/2460/2181 2173/2461/2280 
f 2097/2385/1685 2094/2382/2179 2170/2458/2178 2172/2460/2181 
f 1569/1773/2278 1579/1783/1682 2172/2460/2181 2170/2458/2178 
f 1579/1783/1682 1578/1782/1681 2173/2461/2280 2172/2460/2181 
f 2102/2390/1692 2101/2389/1930 2174/2462/1689 2175/2463/1690 
f 2101/2389/1930 2098/2386/2279 2173/2461/2280 2174/2462/1689 
f 1578/1782/1681 1585/1789/1688 2174/2462/1689 2173/2461/2280 
f 1585/1789/1688 1584/1788/1687 2175/2463/1690 2174/2462/1689 
f 2106/2394/1933 2105/2393/1697 2176/2464/1695 2177/2465/1934 
f 2105/2393/1697 2102/2390/1692 2175/2463/1690 2176/2464/1695 
f 1584/1788/1687 1591/1795/1694 2176/2464/1695 2175/2463/1690 
f 1591/1795/1694 1590/1794/2281 2177/2465/1934 2176/2464/1695 
f 2110/2398/1704 2109/2397/2188 2178/2466/1701 2179/2467/2282 
f 2109/2397/2188 2106/2394/1933 2177/2465/1934 2178/2466/1701 
f 1590/1794/2281 1597/1801/1700 2178/2466/1701 2177/2465/1934 
f 1597/1801/1700 1596/1800/1937 2179/2467/2282 2178/2466/1701 
f 2114/2402/1938 2113/2401/1709 2180/2468/1707 2181/2469/2191 
f 2113/2401/1709 2110/2398/1704 2179/2467/2282 2180/2468/1707 
f 1596/1800/1937 1603/1807/1940 2180/2468/1707 2179/2467/2282 
f 1603/1807/1940 1602/1806/2190 2181/2469/2191 2180/2468/1707 
f 2118/2406/2283 2117/2405/1715 2182/2470/1713 2183/2471/2193 
f 2117/2405/1715 2114/2402/1938 2181/2469/2191 2182/2470/1713 
f 1602/1806/2190 1609/1813/1712 2182/2470/1713 2181/2469/2191 
f 1609/1813/1712 1608/1812/2192 2183/2471/2193 2182/2470/1713 
f 2122/2410/2284 2121/2409/1721 2184/2472/1719 2185/2473/1720 
f 2121/2409/1721 2118/2406/2283 2183/2471/2193 2184/2472/1719 
f 1608/1812/2192 1615/1819/2285 2184/2472/1719 2183/2471/2193 
f 1615/1819/2285 1614/1818/2286 2185/2473/1720 2184/2472/1719 
f 2126/2414/1944 2125/2413/2200 2186/2474/2287 2187/2475/1945 
f 2125/2413/2200 2122/2410/2284 2185/2473/1720 2186/2474/2287 
f 1614/1818/2286 1621/1825/2288 2186/2474/2287 2185/2473/1720 
f 1621/1825/2288 1620/1824/1947 2187/2475/1945 2186/2474/2287 
f 2130/2418/2289 2129/2417/1948 2188/2476/1730 2189/2477/1617 
f 2129/2417/1948 2126/2414/1944 2187/2475/1945 2188/2476/1730 
f 1620/1824/1947 1627/1831/1729 2188/2476/1730 2187/2475/1945 
f 1627/1831/1729 1626/1830/2290 2189/2477/1617 2188/2476/1730 
f 2134/2422/1620 2133/2421/1952 2190/2478/2291 2191/2479/2150 
f 2133/2421/1952 2130/2418/2289 2189/2477/1617 2190/2478/2291 
f 1626/1830/2290 1633/1837/1954 2190/2478/2291 2189/2477/1617 
f 1633/1837/1954 1632/1836/2149 2191/2479/2150 2190/2478/2291 
f 2138/2426/1626 2137/2425/1956 2192/2480/1623 2193/2481/2292 
f 2137/2425/1956 2134/2422/1620 2191/2479/2150 2192/2480/1623 
f 1632/1836/2149 1639/1843/1622 2192/2480/1623 2191/2479/2150 
f 1639/1843/1622 1638/1842/2293 2193/2481/2292 2192/2480/1623 
f 2142/2430/2294 2141/2429/1631 2194/2482/1629 2195/2483/1630 
f 2141/2429/1631 2138/2426/1626 2193/2481/2292 2194/2482/1629 
f 1638/1842/2293 1645/1849/1628 2194/2482/1629 2193/2481/2292 
f 1645/1849/1628 1644/1848/1958 2195/2483/1630 2194/2482/1629 
f 2146/2434/1638 2145/2433/2157 2196/2484/1635 2197/2485/2295 
f 2145/2433/2157 2142/2430/2294 2195/2483/1630 2196/2484/1635 
f 1644/1848/1958 1651/1855/2296 2196/2484/1635 2195/2483/1630 
f 1651/1855/2296 1650/1854/2297 2197/2485/2295 2196/2484/1635 
f 2150/2438/2158 2149/2437/1643 2198/2486/1641 2199/2487/1962 
f 2149/2437/1643 2146/2434/1638 2197/2485/2295 2198/2486/1641 
f 1650/1854/2297 1657/1861/1963 2198/2486/1641 2197/2485/2295 
f 1657/1861/1963 1656/1860/2298 2199/2487/1962 2198/2486/1641 
f 2154/2442/1650 2153/2441/1649 2200/2488/1647 2201/2489/1648 
f 2153/2441/1649 2150/2438/2158 2199/2487/1962 2200/2488/1647 
f 1656/1860/2298 1663/1867/1646 2200/2488/1647 2199/2487/1962 
f 1663/1867/1646 1662/1866/2299 2201/2489/1648 2200/2488/1647 
f 2158/2446/1656 2157/2445/1655 2202/2490/2164 2203/2491/1654 
f 2157/2445/1655 2154/2442/1650 2201/2489/1648 2202/2490/2164 
f 1662/1866/2299 1669/1873/2300 2202/2490/2164 2201/2489/1648 
f 1669/1873/2300 1668/1872/1651 2203/2491/1654 2202/2490/2164 
f 2162/2450/2301 2161/2449/1970 2204/2492/2302 2205/2493/1971 
f 2161/2449/1970 2158/2446/1656 2203/2491/1654 2204/2492/2302 
f 1668/1872/1651 1675/1881/2303 2204/2492/2302 2203/2491/1654 
f 1675/1881/2303 1674/1880/1972 2205/2493/1971 2204/2492/2302 
f 2166/2454/2304 2165/2453/2174 2206/2494/2172 2207/2495/1666 
f 2165/2453/2174 2162/2450/2301 2205/2493/1971 2206/2494/2172 
f 1674/1880/1972 1681/1887/1664 2206/2494/2172 2205/2493/1971 
f 1681/1887/1664 1680/1886/2305 2207/2495/1666 2206/2494/2172 
f 2092/2380/1922 2168/2456/1977 2208/2496/1671 2171/2459/2277 
f 2168/2456/1977 2166/2454/2304 2207/2495/1666 2208/2496/1671 
f 1680/1886/2305 1686/1892/2306 2208/2496/1671 2207/2495/1666 
f 1686/1892/2306 1573/1777/1923 2171/2459/2277 2208/2496/1671 
f 2209/2497/1248 2210/2498/1588 2211/2499/2131 2212/2500/2307 
f 2210/2498/1588 2213/2501/2308 2214/2502/1585 2211/2499/2131 
f 2215/2503/1254 2216/2504/1255 2211/2499/2131 2214/2502/1585 
f 2216/2504/1255 2217/2505/2309 2212/2500/2307 2211/2499/2131 
f 2218/2506/2310 2219/2507/2311 2220/2508/2312 2221/2509/1260 
f 2219/2507/2311 2209/2497/1248 2212/2500/2307 2220/2508/2312 
f 2217/2505/2309 2222/2510/1261 2220/2508/2312 2212/2500/2307 
f 2222/2510/1261 2223/2511/2313 2221/2509/1260 2220/2508/2312 
f 2224/2512/2314 2225/2513/2315 2226/2514/1591 2227/2515/1266 
f 2225/2513/2315 2218/2506/2310 2221/2509/1260 2226/2514/1591 
f 2223/2511/2313 2228/2516/1267 2226/2514/1591 2221/2509/1260 
f 2228/2516/1267 2229/2517/1268 2227/2515/1266 2226/2514/1591 
f 2230/2518/2316 2231/2519/1595 2232/2520/2135 2233/2521/2136 
f 2231/2519/1595 2224/2512/2314 2227/2515/1266 2232/2520/2135 
f 2229/2517/1268 2234/2522/2317 2232/2520/2135 2227/2515/1266 
f 2234/2522/2317 2235/2523/1593 2233/2521/2136 2232/2520/2135 
f 2236/2524/2318 2237/2525/1276 2238/2526/1277 2239/2527/1278 
f 2237/2525/1276 2230/2518/2316 2233/2521/2136 2238/2526/1277 
f 2235/2523/1593 2240/2528/1279 2238/2526/1277 2233/2521/2136 
f 2240/2528/1279 2241/2529/2319 2239/2527/1278 2238/2526/1277 
f 2242/2530/1281 2243/2531/1282 2244/2532/1990 2245/2533/1284 
f 2243/2531/1282 2236/2524/2318 2239/2527/1278 2244/2532/1990 
f 2241/2529/2319 2246/2534/1991 2244/2532/1990 2239/2527/1278 
f 2246/2534/1991 2247/2535/2320 2245/2533/1284 2244/2532/1990 
f 2248/2536/2321 2249/2537/2322 2250/2538/2323 2251/2539/1290 
f 2249/2537/2322 2242/2530/1281 2245/2533/1284 2250/2538/2323 
f 2247/2535/2320 2252/2540/1291 2250/2538/2323 2245/2533/1284 
f 2252/2540/1291 2253/2541/2324 2251/2539/1290 2250/2538/2323 
f 2254/2542/2325 2255/2543/1294 2256/2544/1605 2257/2545/1606 
f 2255/2543/1294 2248/2536/2321 2251/2539/1290 2256/2544/1605 
f 2253/2541/2324 2258/2546/1996 2256/2544/1605 2251/2539/1290 
f 2258/2546/1996 2259/2547/2326 2257/2545/1606 2256/2544/1605 
f 2260/2548/1611 2261/2549/2327 2262/2550/2000 2263/2551/1302 
f 2261/2549/2327 2254/2542/2325 2257/2545/1606 2262/2550/2000 
f 2259/2547/2326 2264/2552/1303 2262/2550/2000 2257/2545/1606 
f 2264/2552/1303 2265/2553/2328 2263/2551/1302 2262/2550/2000 
f 2266/2554/1550 2267/2555/1306 2268/2556/2005 2269/2557/2329 
f 2267/2555/1306 2260/2548/1611 2263/2551/1302 2268/2556/2005 
f 2265/2553/2328 2270/2558/2330 2268/2556/2005 2263/2551/1302 
f 2270/2558/2330 2271/2559/1310 2269/2557/2329 2268/2556/2005 
f 2272/2560/1311 2273/2561/2331 2274/2562/1313 2275/2563/2009 
f 2273/2561/2331 2266/2554/1550 2269/2557/2329 2274/2562/1313 
f 2271/2559/1310 2276/2564/2332 2274/2562/1313 2269/2557/2329 
f 2276/2564/2332 2277/2565/2333 2275/2563/2009 2274/2562/1313 
f 2278/2566/1317 2279/2567/2334 2280/2568/1555 2281/2569/1320 
f 2279/2567/2334 2272/2560/1311 2275/2563/2009 2280/2568/1555 
f 2277/2565/2333 2282/2570/1321 2280/2568/1555 2275/2563/2009 
f 2282/2570/1321 2283/2571/2335 2281/2569/1320 2280/2568/1555 
f 2284/2572/1323 2285/2573/1324 2286/2574/2015 2287/2575/1326 
f 2285/2573/1324 2278/2566/1317 2281/2569/1320 2286/2574/2015 
f 2283/2571/2335 2288/2576/2336 2286/2574/2015 2281/2569/1320 
f 2288/2576/2336 2289/2577/1328 2287/2575/1326 2286/2574/2015 
f 2290/2578/2337 2291/2579/1330 2292/2580/2338 2293/2581/1332 
f 2291/2579/1330 2284/2572/1323 2287/2575/1326 2292/2580/2338 
f 2289/2577/1328 2294/2582/2339 2292/2580/2338 2287/2575/1326 
f 2294/2582/2339 2295/2583/1561 2293/2581/1332 2292/2580/2338 
f 2296/2584/2340 2297/2585/1336 2298/2586/1337 2299/2587/1338 
f 2297/2585/1336 2290/2578/2337 2293/2581/1332 2298/2586/1337 
f 2295/2583/1561 2300/2588/2341 2298/2586/1337 2293/2581/1332 
f 2300/2588/2341 2301/2589/2342 2299/2587/1338 2298/2586/1337 
f 2302/2590/1568 2303/2591/1567 2304/2592/1343 2305/2593/1566 
f 2303/2591/1567 2296/2584/2340 2299/2587/1338 2304/2592/1343 
f 2301/2589/2342 2306/2594/1345 2304/2592/1343 2299/2587/1338 
f 2306/2594/1345 2307/2595/2122 2305/2593/1566 2304/2592/1343 
f 2308/2596/2343 2309/2597/1572 2310/2598/1570 2311/2599/2344 
f 2309/2597/1572 2302/2590/1568 2305/2600/1566 2310/2598/1570 
f 2307/2601/2122 2312/2602/1351 2310/2598/1570 2305/2600/1566 
f 2312/2602/1351 2313/2603/2345 2311/2599/2344 2310/2598/1570 
f 2314/2604/1577 2315/2605/1354 2316/2606/2028 2317/2607/2124 
f 2315/2605/1354 2308/2596/2343 2311/2599/2344 2316/2606/2028 
f 2313/2603/2345 2318/2608/1575 2316/2606/2028 2311/2599/2344 
f 2318/2608/1575 2319/2609/2346 2317/2607/2124 2316/2606/2028 
f 2320/2610/2347 2321/2611/1360 2322/2612/1579 2323/2613/2029 
f 2321/2611/1360 2314/2604/1577 2317/2607/2124 2322/2612/1579 
f 2319/2609/2346 2324/2614/2127 2322/2612/1579 2317/2607/2124 
f 2324/2614/2127 2325/2615/2348 2323/2613/2029 2322/2612/1579 
f 2213/2501/2308 2326/2616/1365 2327/2617/1584 2214/2502/1585 
f 2326/2616/1365 2320/2610/2347 2323/2613/2029 2327/2617/1584 
f 2325/2615/2348 2328/2618/2033 2327/2617/1584 2323/2613/2029 
f 2328/2618/2033 2215/2503/1254 2214/2502/1585 2327/2617/1584 
f 2217/2619/2349 2216/2620/1369 2329/2621/2034 2330/2622/1371 
f 2216/2620/1369 2215/2623/1518 2331/2624/1373 2329/2621/2034 
f 2332/2625/1517 2333/2626/2097 2329/2621/2034 2331/2624/1373 
f 2333/2626/2097 2334/2627/1519 2330/2622/1371 2329/2621/2034 
f 2223/2628/2350 2222/2629/1378 2335/2630/1379 2336/2631/1380 
f 2222/2629/1378 2217/2619/2349 2330/2622/1371 2335/2630/1379 
f 2334/2627/1519 2337/2632/2351 2335/2630/1379 2330/2622/1371 
f 2337/2632/2351 2338/2633/2352 2336/2631/1380 2335/2630/1379 
f 2229/2634/1383 2228/2635/1384 2339/2636/1524 2340/2637/2038 
f 2228/2635/1384 2223/2628/2350 2336/2631/1380 2339/2636/1524 
f 2338/2633/2352 2341/2638/2353 2339/2636/1524 2336/2631/1380 
f 2341/2638/2353 2342/2639/2354 2340/2637/2038 2339/2636/1524 
f 2235/2640/1389 2234/2641/1390 2343/2642/1391 2344/2643/1526 
f 2234/2641/1390 2229/2634/1383 2340/2637/2038 2343/2642/1391 
f 2342/2639/2354 2345/2644/1393 2343/2642/1391 2340/2637/2038 
f 2345/2644/1393 2346/2645/2042 2344/2643/1526 2343/2642/1391 
f 2241/2646/2355 2240/2647/1396 2347/2648/1528 2348/2649/2356 
f 2240/2647/1396 2235/2640/1389 2344/2643/1526 2347/2648/1528 
f 2346/2645/2042 2349/2650/1399 2347/2648/1528 2344/2643/1526 
f 2349/2650/1399 2350/2651/2048 2348/2649/2356 2347/2648/1528 
f 2247/2652/2357 2246/2653/2358 2351/2654/1403 2352/2655/1404 
f 2246/2653/2358 2241/2646/2355 2348/2649/2356 2351/2654/1403 
f 2350/2651/2048 2353/2656/2359 2351/2654/1403 2348/2649/2356 
f 2353/2656/2359 2354/2657/1406 2352/2655/1404 2351/2654/1403 
f 2253/2658/1539 2252/2659/2110 2355/2660/2108 2356/2661/2109 
f 2252/2659/2110 2247/2652/2357 2352/2655/1404 2355/2660/2108 
f 2354/2657/1406 2357/2662/2360 2355/2660/2108 2352/2655/1404 
f 2357/2662/2360 2358/2663/2361 2356/2661/2109 2355/2660/2108 
f 2259/2664/2114 2258/2665/2362 2359/2666/2363 2360/2667/1416 
f 2258/2665/2362 2253/2658/1539 2356/2661/2109 2359/2666/2363 
f 2358/2663/2361 2361/2668/2364 2359/2666/2363 2356/2661/2109 
f 2361/2668/2364 2362/2669/1540 2360/2667/1416 2359/2666/2363 
f 2265/2670/1419 2264/2671/1420 2363/2672/1421 2364/2673/1422 
f 2264/2671/1420 2259/2664/2114 2360/2667/1416 2363/2672/1421 
f 2362/2669/1540 2365/2674/2365 2363/2672/1421 2360/2667/1416 
f 2365/2674/2365 2366/2675/1424 2364/2673/1422 2363/2672/1421 
f 2271/2676/2366 2270/2677/2057 2367/2678/1427 2368/2679/2367 
f 2270/2677/2057 2265/2670/1419 2364/2673/1422 2367/2678/1427 
f 2366/2675/1424 2369/2680/2368 2367/2678/1427 2364/2673/1422 
f 2369/2680/2368 2370/2681/1430 2368/2679/2367 2367/2678/1427 
f 2277/2682/2058 2276/2683/2059 2371/2684/1433 2372/2685/2369 
f 2276/2683/2059 2271/2676/2366 2368/2679/2367 2371/2684/1433 
f 2370/2681/1430 2373/2686/2370 2371/2684/1433 2368/2679/2367 
f 2373/2686/2370 2374/2687/2371 2372/2685/2369 2371/2684/1433 
f 2283/2688/1437 2282/2689/1438 2375/2690/2372 2376/2691/2373 
f 2282/2689/1438 2277/2682/2058 2372/2685/2369 2375/2690/2372 
f 2374/2687/2371 2377/2692/2065 2375/2690/2372 2372/2685/2369 
f 2377/2692/2065 2378/2693/1442 2376/2691/2373 2375/2690/2372 
f 2289/2694/2085 2288/2695/1444 2379/2696/2066 2380/2697/2374 
f 2288/2695/1444 2283/2688/1437 2376/2691/2373 2379/2696/2066 
f 2378/2693/1442 2381/2698/1500 2379/2696/2066 2376/2691/2373 
f 2381/2698/1500 2382/2699/2375 2380/2697/2374 2379/2696/2066 
f 2295/2700/2376 2294/2701/1450 2383/2702/1451 2384/2703/2377 
f 2294/2701/1450 2289/2694/2085 2380/2697/2374 2383/2702/1451 
f 2382/2699/2375 2385/2704/2087 2383/2702/1451 2380/2697/2374 
f 2385/2704/2087 2386/2705/2378 2384/2703/2377 2383/2702/1451 
f 2301/2706/1455 2300/2707/1456 2387/2708/1457 2388/2709/2379 
f 2300/2707/1456 2295/2700/2376 2384/2703/2377 2387/2708/1457 
f 2386/2705/2378 2389/2710/1459 2387/2708/1457 2384/2703/2377 
f 2389/2710/1459 2390/2711/2380 2388/2709/2379 2387/2708/1457 
f 2307/2712/2093 2306/2713/2381 2391/2714/1508 2392/2715/2073 
f 2306/2713/2381 2301/2706/1455 2388/2709/2379 2391/2714/1508 
f 2390/2711/2380 2393/2716/2382 2391/2714/1508 2388/2709/2379 
f 2393/2716/2382 2394/2717/1466 2392/2715/2073 2391/2714/1508 
f 2313/2718/2075 2312/2719/1512 2395/2720/1469 2396/2721/2076 
f 2312/2719/1512 2307/2712/2093 2392/2715/2073 2395/2720/1469 
f 2394/2717/1466 2397/2722/1511 2395/2720/1469 2392/2715/2073 
f 2397/2722/1511 2398/2723/2383 2396/2721/2076 2395/2720/1469 
f 2319/2724/1473 2318/2725/2384 2399/2726/2385 2400/2727/1476 
f 2318/2725/2384 2313/2718/2075 2396/2721/2076 2399/2726/2385 
f 2398/2723/2383 2401/2728/1513 2399/2726/2385 2396/2721/2076 
f 2401/2728/1513 2402/2729/2386 2400/2727/1476 2399/2726/2385 
f 2325/2730/2387 2324/2731/2388 2403/2732/2389 2404/2733/1516 
f 2324/2731/2388 2319/2724/1473 2400/2727/1476 2403/2732/2389 
f 2402/2729/2386 2405/2734/2390 2403/2732/2389 2400/2727/1476 
f 2405/2734/2390 2406/2735/1484 2404/2733/1516 2403/2732/2389 
f 2215/2623/1518 2328/2736/2391 2407/2737/1486 2331/2624/1373 
f 2328/2736/2391 2325/2730/2387 2404/2733/1516 2407/2737/1486 
f 2406/2735/1484 2408/2738/2392 2407/2737/1486 2404/2733/1516 
f 2408/2738/2392 2332/2625/1517 2331/2624/1373 2407/2737/1486 
f 2334/2627/1488 2333/2626/1435 2409/2739/1433 2410/2740/2369 
f 2333/2626/1435 2332/2625/2081 2411/2741/2367 2409/2739/1433 
f 2412/2742/2393 2413/2743/1494 2409/2739/1433 2411/2741/2367 
f 2413/2743/1494 2414/2744/2394 2410/2740/2369 2409/2739/1433 
f 2338/2633/1442 2337/2632/2065 2415/2745/1439 2416/2746/2064 
f 2337/2632/2065 2334/2627/1488 2410/2740/2369 2415/2745/1439 
f 2414/2744/2394 2417/2747/1438 2415/2745/1439 2410/2740/2369 
f 2417/2747/1438 2418/2748/2063 2416/2746/2064 2415/2745/1439 
f 2342/2639/2395 2341/2638/1447 2419/2749/2066 2420/2750/2396 
f 2341/2638/1447 2338/2633/1442 2416/2746/2064 2419/2749/2066 
f 2418/2748/2063 2421/2751/1502 2419/2749/2066 2416/2746/2064 
f 2421/2751/1502 2422/2752/1443 2420/2750/2396 2419/2749/2066 
f 2346/2645/2378 2345/2644/1453 2423/2753/1451 2424/2754/1452 
f 2345/2644/1453 2342/2639/2395 2420/2750/2396 2423/2753/1451 
f 2422/2752/1443 2425/2755/1450 2423/2753/1451 2420/2750/2396 
f 2425/2755/1450 2426/2756/2397 2424/2754/1452 2423/2753/1451 
f 2350/2651/2089 2349/2650/1459 2427/2757/1505 2428/2758/2379 
f 2349/2650/1459 2346/2645/2378 2424/2754/1452 2427/2757/1505 
f 2426/2756/2397 2429/2759/1506 2427/2757/1505 2424/2754/1452 
f 2429/2759/1506 2430/2760/1507 2428/2758/2379 2427/2757/1505 
f 2354/2657/2398 2353/2656/2074 2431/2761/1463 2432/2762/2073 
f 2353/2656/2074 2350/2651/2089 2428/2758/2379 2431/2761/1463 
f 2430/2760/1507 2433/2763/1462 2431/2761/1463 2428/2758/2379 
f 2433/2763/1462 2434/2764/2399 2432/2762/2073 2431/2761/1463 
f 2358/2663/1510 2357/2662/1511 2435/2765/1469 2436/2766/1470 
f 2357/2662/1511 2354/2657/2398 2432/2762/2073 2435/2765/1469 
f 2434/2764/2399 2437/2767/1512 2435/2765/1469 2432/2762/2073 
f 2437/2767/1512 2438/2768/2075 2436/2766/1470 2435/2765/1469 
f 2362/2669/2400 2361/2668/2401 2439/2769/2385 2440/2770/1476 
f 2361/2668/2401 2358/2663/1510 2436/2766/1470 2439/2769/2385 
f 2438/2768/2075 2441/2771/2384 2439/2769/2385 2436/2766/1470 
f 2441/2771/2384 2442/2772/1473 2440/2770/1476 2439/2769/2385 
f 2366/2675/2402 2365/2674/1483 2443/2773/1481 2444/2774/1482 
f 2365/2674/1483 2362/2669/2400 2440/2770/1476 2443/2773/1481 
f 2442/2772/1473 2445/2775/1480 2443/2773/1481 2440/2770/1476 
f 2445/2775/1480 2446/2776/2079 2444/2774/1482 2443/2773/1481 
f 2370/2681/1517 2369/2680/1487 2447/2777/1486 2448/2778/2403 
f 2369/2680/1487 2366/2675/2402 2444/2774/1482 2447/2777/1486 
f 2446/2776/2079 2449/2779/2391 2447/2777/1486 2444/2774/1482 
f 2449/2779/2391 2450/2780/1518 2448/2778/2403 2447/2777/1486 
f 2374/2687/2404 2373/2686/1375 2451/2781/1370 2452/2782/1371 
f 2373/2686/1375 2370/2681/1517 2448/2778/2403 2451/2781/1370 
f 2450/2780/1518 2453/2783/1369 2451/2781/1370 2448/2778/2403 
f 2453/2783/1369 2454/2784/2405 2452/2782/1371 2451/2781/1370 
f 2378/2693/1382 2377/2692/2351 2455/2785/1379 2456/2786/1380 
f 2377/2692/2351 2374/2687/2404 2452/2782/1371 2455/2785/1379 
f 2454/2784/2405 2457/2787/1378 2455/2785/1379 2452/2782/1371 
f 2457/2787/1378 2458/2788/1377 2456/2786/1380 2455/2785/1379 
f 2382/2699/1388 2381/2698/2406 2459/2789/1385 2460/2790/2038 
f 2381/2698/2406 2378/2693/1382 2456/2786/1380 2459/2789/1385 
f 2458/2788/1377 2461/2791/2101 2459/2789/1385 2456/2786/1380 
f 2461/2791/2101 2462/2792/2037 2460/2790/2038 2459/2789/1385 
f 2386/2705/1394 2385/2704/2407 2463/2793/1391 2464/2794/1526 
f 2385/2704/2407 2382/2699/1388 2460/2790/2038 2463/2793/1391 
f 2462/2792/2037 2465/2795/2041 2463/2793/1391 2460/2790/2038 
f 2465/2795/2041 2466/2796/2408 2464/2794/1526 2463/2793/1391 
f 2390/2711/2409 2389/2710/1399 2467/2797/1528 2468/2798/2046 
f 2389/2710/1399 2386/2705/1394 2464/2794/1526 2467/2797/1528 
f 2466/2796/2408 2469/2799/1396 2467/2797/1528 2464/2794/1526 
f 2469/2799/1396 2470/2800/1529 2468/2798/2046 2467/2797/1528 
f 2394/2717/1406 2393/2716/1405 2471/2801/1403 2472/2802/1404 
f 2393/2716/1405 2390/2711/2409 2468/2798/2046 2471/2801/1403 
f 2470/2800/1529 2473/2803/2358 2471/2801/1403 2468/2798/2046 
f 2473/2803/2358 2474/2804/2106 2472/2802/1404 2471/2801/1403 
f 2398/2723/1412 2397/2722/2410 2475/2805/1409 2476/2806/2411 
f 2397/2722/2410 2394/2717/1406 2472/2802/1404 2475/2805/1409 
f 2474/2804/2106 2477/2807/2110 2475/2805/1409 2472/2802/1404 
f 2477/2807/2110 2478/2808/1407 2476/2806/2411 2475/2805/1409 
f 2402/2729/2412 2401/2728/2413 2479/2809/2363 2480/2810/1416 
f 2401/2728/2413 2398/2723/1412 2476/2806/2411 2479/2809/2363 
f 2478/2808/1407 2481/2811/1414 2479/2809/2363 2476/2806/2411 
f 2481/2811/1414 2482/2812/2414 2480/2810/1416 2479/2809/2363 
f 2406/2735/2415 2405/2734/2416 2483/2813/2115 2484/2814/1422 
f 2405/2734/2416 2402/2729/2412 2480/2810/1416 2483/2813/2115 
f 2482/2812/2414 2485/2815/1420 2483/2813/2115 2480/2810/1416 
f 2485/2815/1420 2486/2816/2417 2484/2814/1422 2483/2813/2115 
f 2332/2625/2081 2408/2738/2368 2487/2817/1427 2411/2741/2367 
f 2408/2738/2368 2406/2735/2415 2484/2814/1422 2487/2817/1427 
f 2486/2816/2417 2488/2818/2057 2487/2817/1427 2484/2814/1422 
f 2488/2818/2057 2412/2742/2393 2411/2741/2367 2487/2817/1427 
f 2414/2744/2418 2413/2743/2332 2489/2819/1313 2490/2820/2009 
f 2413/2743/2332 2412/2742/1310 2491/2821/1308 2489/2819/1313 
f 2492/2822/2419 2493/2823/1312 2489/2819/1313 2491/2821/1308 
f 2493/2823/1312 2494/2824/1311 2490/2820/2009 2489/2819/1313 
f 2418/2748/1553 2417/2747/1321 2495/2825/1319 2496/2826/2420 
f 2417/2747/1321 2414/2744/2418 2490/2820/2009 2495/2825/1319 
f 2494/2824/1311 2497/2827/1556 2495/2825/1319 2490/2820/2009 
f 2497/2827/1556 2498/2828/2421 2496/2826/2420 2495/2825/1319 
f 2422/2752/2017 2421/2751/1558 2499/2829/2015 2500/2830/1559 
f 2421/2751/1558 2418/2748/1553 2496/2826/2420 2499/2829/2015 
f 2498/2828/2421 2501/2831/1324 2499/2829/2015 2496/2826/2420 
f 2501/2831/1324 2502/2832/2422 2500/2830/1559 2499/2829/2015 
f 2426/2756/2423 2425/2755/1333 2503/2833/1331 2504/2834/1562 
f 2425/2755/1333 2422/2752/2017 2500/2830/1559 2503/2833/1331 
f 2502/2832/2422 2505/2835/1330 2503/2833/1331 2500/2830/1559 
f 2505/2835/1330 2506/2836/2424 2504/2834/1562 2503/2833/1331 
f 2430/2760/2342 2429/2759/1339 2507/2837/1565 2508/2838/2425 
f 2429/2759/1339 2426/2756/2423 2504/2834/1562 2507/2837/1565 
f 2506/2836/2424 2509/2839/2426 2507/2837/1565 2504/2834/1562 
f 2509/2839/2426 2510/2840/2427 2508/2838/2425 2507/2837/1565 
f 2434/2764/2428 2433/2763/1345 2511/2841/1343 2512/2842/1566 
f 2433/2763/1345 2430/2760/2342 2508/2838/2425 2511/2841/1343 
f 2510/2840/2427 2513/2843/1342 2511/2841/1343 2508/2838/2425 
f 2513/2843/1342 2514/2844/2020 2512/2842/1566 2511/2841/1343 
f 2438/2768/2429 2437/2767/1351 2515/2845/1570 2516/2846/1350 
f 2437/2767/1351 2434/2764/2428 2512/2842/1566 2515/2845/1570 
f 2514/2844/2020 2517/2847/2023 2515/2845/1570 2512/2842/1566 
f 2517/2847/2023 2518/2848/1573 2516/2846/1350 2515/2845/1570 
f 2442/2772/2430 2441/2771/1357 2519/2849/1355 2520/2850/1356 
f 2441/2771/1357 2438/2768/2429 2516/2846/1350 2519/2849/1355 
f 2518/2848/1573 2521/2851/1576 2519/2849/1355 2516/2846/1350 
f 2521/2851/1576 2522/2852/2431 2520/2850/1356 2519/2849/1355 
f 2446/2776/2432 2445/2775/2127 2523/2853/1579 2524/2854/2029 
f 2445/2775/2127 2442/2772/2430 2520/2850/1356 2523/2853/1579 
f 2522/2852/2431 2525/2855/1360 2523/2853/1579 2520/2850/1356 
f 2525/2855/1360 2526/2856/2433 2524/2854/2029 2523/2853/1579 
f 2450/2780/1254 2449/2779/2033 2527/2857/2032 2528/2858/1253 
f 2449/2779/2033 2446/2776/2432 2524/2854/2029 2527/2857/2032 
f 2526/2856/2433 2529/2859/2031 2527/2857/2032 2524/2854/2029 
f 2529/2859/2031 2530/2860/1252 2528/2858/1253 2527/2857/2032 
f 2454/2784/2434 2453/2783/1255 2531/2861/2131 2532/2862/2307 
f 2453/2783/1255 2450/2780/1254 2528/2858/1253 2531/2861/2131 
f 2530/2860/1252 2533/2863/2435 2531/2861/2131 2528/2858/1253 
f 2533/2863/2435 2534/2864/2436 2532/2862/2307 2531/2861/2131 
f 2458/2788/1589 2457/2787/1261 2535/2865/1259 2536/2866/1260 
f 2457/2787/1261 2454/2784/2434 2532/2862/2307 2535/2865/1259 
f 2534/2864/2436 2537/2867/2437 2535/2865/1259 2532/2862/2307 
f 2537/2867/2437 2538/2868/2438 2536/2866/1260 2535/2865/1259 
f 2462/2792/1268 2461/2791/2439 2539/2869/1591 2540/2870/1266 
f 2461/2791/2439 2458/2788/1589 2536/2866/1260 2539/2869/1591 
f 2538/2868/2438 2541/2871/2440 2539/2869/1591 2536/2866/1260 
f 2541/2871/2440 2542/2872/1592 2540/2870/1266 2539/2869/1591 
f 2466/2796/2441 2465/2795/1594 2543/2873/1271 2544/2874/2442 
f 2465/2795/1594 2462/2792/1268 2540/2870/1266 2543/2873/1271 
f 2542/2872/1592 2545/2875/1270 2543/2873/1271 2540/2870/1266 
f 2545/2875/1270 2546/2876/2316 2544/2874/2442 2543/2873/1271 
f 2470/2800/2319 2469/2799/2443 2547/2877/2138 2548/2878/2444 
f 2469/2799/2443 2466/2796/2441 2544/2879/2442 2547/2877/2138 
f 2546/2880/2316 2549/2881/1276 2547/2877/2138 2544/2879/2442 
f 2549/2881/1276 2550/2882/1275 2548/2878/2444 2547/2877/2138 
f 2474/2804/1286 2473/2803/1991 2551/2883/1283 2552/2884/2445 
f 2473/2803/1991 2470/2800/2319 2548/2878/2444 2551/2883/1283 
f 2550/2882/1275 2553/2885/1282 2551/2883/1283 2548/2878/2444 
f 2553/2885/1282 2554/2886/1281 2552/2884/2445 2551/2883/1283 
f 2478/2808/1292 2477/2807/1291 2555/2887/1600 2556/2888/2446 
f 2477/2807/1291 2474/2804/1286 2552/2884/2445 2555/2887/1600 
f 2554/2886/1281 2557/2889/1601 2555/2887/1600 2552/2884/2445 
f 2557/2889/1601 2558/2890/2321 2556/2888/2446 2555/2887/1600 
f 2482/2812/1603 2481/2811/1297 2559/2891/1605 2560/2892/1995 
f 2481/2811/1297 2478/2808/1292 2556/2888/2446 2559/2891/1605 
f 2558/2890/2321 2561/2893/1294 2559/2891/1605 2556/2888/2446 
f 2561/2893/1294 2562/2894/1608 2560/2892/1995 2559/2891/1605 
f 2486/2816/1609 2485/2815/2447 2563/2895/1301 2564/2896/1302 
f 2485/2815/2447 2482/2812/1603 2560/2892/1995 2563/2895/1301 
f 2562/2894/1608 2565/2897/1999 2563/2895/1301 2560/2892/1995 
f 2565/2897/1999 2566/2898/1998 2564/2896/1302 2563/2895/1301 
f 2412/2742/1310 2488/2818/2147 2567/2899/1307 2491/2821/1308 
f 2488/2818/2147 2486/2816/1609 2564/2896/1302 2567/2899/1307 
f 2566/2898/1998 2568/2900/1306 2567/2899/1307 2564/2896/1302 
f 2568/2900/1306 2492/2822/2419 2491/2821/1308 2567/2899/1307 
f 2494/2901/2448 2493/2902/1954 2569/2903/2291 2570/2904/2150 
f 2493/2902/1954 2492/2905/2449 2571/2906/1950 2569/2903/2291 
f 2572/2907/1618 2573/2908/1952 2569/2903/2291 2571/2906/1950 
f 2573/2908/1952 2574/2909/2450 2570/2904/2150 2569/2903/2291 
f 2498/2910/2451 2497/2911/2452 2575/2912/1623 2576/2913/1624 
f 2497/2911/2452 2494/2901/2448 2570/2904/2150 2575/2912/1623 
f 2574/2909/2450 2577/2914/2453 2575/2912/1623 2570/2904/2150 
f 2577/2914/2453 2578/2915/2454 2576/2913/1624 2575/2912/1623 
f 2502/2916/2155 2501/2917/2455 2579/2918/1629 2580/2919/2456 
f 2501/2917/2455 2498/2910/2451 2576/2913/1624 2579/2918/1629 
f 2578/2915/2454 2581/2920/2457 2579/2918/1629 2576/2913/1624 
f 2581/2920/2457 2582/2921/1632 2580/2919/2456 2579/2918/1629 
f 2506/2922/2458 2505/2923/2296 2583/2924/1635 2584/2925/2459 
f 2505/2923/2296 2502/2916/2155 2580/2919/2456 2583/2924/1635 
f 2582/2921/1632 2585/2926/2460 2583/2924/1635 2580/2919/2456 
f 2585/2926/2460 2586/2927/1638 2584/2925/2459 2583/2924/1635 
f 2510/2928/2461 2509/2929/1640 2587/2930/2462 2588/2931/1962 
f 2509/2929/1640 2506/2922/2458 2584/2925/2459 2587/2930/2462 
f 2586/2927/1638 2589/2932/1643 2587/2930/2462 2584/2925/2459 
f 2589/2932/1643 2590/2933/2463 2588/2931/1962 2587/2930/2462 
f 2514/2934/2464 2513/2935/1646 2591/2936/1966 2592/2937/2465 
f 2513/2935/1646 2510/2928/2461 2588/2931/1962 2591/2936/1966 
f 2590/2933/2463 2593/2938/1649 2591/2936/1966 2588/2931/1962 
f 2593/2938/1649 2594/2939/1964 2592/2937/2465 2591/2936/1966 
f 2518/2940/2466 2517/2941/2300 2595/2942/2164 2596/2943/1654 
f 2517/2941/2300 2514/2934/2464 2592/2937/2465 2595/2942/2164 
f 2594/2939/1964 2597/2944/1655 2595/2942/2164 2592/2937/2465 
f 2597/2944/1655 2598/2945/2467 2596/2943/1654 2595/2942/2164 
f 2522/2946/2468 2521/2947/2303 2599/2948/2302 2600/2949/1660 
f 2521/2947/2303 2518/2940/2466 2596/2943/1654 2599/2948/2302 
f 2598/2945/2467 2601/2950/1661 2599/2948/2302 2596/2943/1654 
f 2601/2950/1661 2602/2951/2301 2600/2949/1660 2599/2948/2302 
f 2526/2952/2170 2525/2953/2469 2603/2954/1665 2604/2955/2173 
f 2525/2953/2469 2522/2946/2468 2600/2949/1660 2603/2954/1665 
f 2602/2951/2301 2605/2956/1973 2603/2954/1665 2600/2949/1660 
f 2605/2956/1973 2606/2957/1668 2604/2955/2173 2603/2954/1665 
f 2530/2958/2470 2529/2959/2471 2607/2960/1671 2608/2961/2472 
f 2529/2959/2471 2526/2952/2170 2604/2955/2173 2607/2960/1671 
f 2606/2957/1668 2609/2962/2473 2607/2960/1671 2604/2955/2173 
f 2609/2962/2473 2610/2963/1922 2608/2961/2472 2607/2960/1671 
f 2534/2964/2474 2533/2965/2475 2611/2966/2476 2612/2967/1678 
f 2533/2965/2475 2530/2958/2470 2608/2961/2472 2611/2966/2476 
f 2610/2963/1922 2613/2968/1921 2611/2966/2476 2608/2961/2472 
f 2613/2968/1921 2614/2969/1920 2612/2967/1678 2611/2966/2476 
f 2538/2970/2477 2537/2971/2478 2615/2972/1928 2616/2973/2479 
f 2537/2971/2478 2534/2964/2474 2612/2967/1678 2615/2972/1928 
f 2614/2969/1920 2617/2974/1927 2615/2972/1928 2612/2967/1678 
f 2617/2974/1927 2618/2975/2480 2616/2973/2479 2615/2972/1928 
f 2542/2976/1687 2541/2977/1688 2619/2978/2481 2620/2979/2482 
f 2541/2977/1688 2538/2970/2477 2616/2973/2479 2619/2978/2481 
f 2618/2975/2480 2621/2980/1930 2619/2978/2481 2616/2973/2479 
f 2621/2980/1930 2622/2981/2483 2620/2979/2482 2619/2978/2481 
f 2546/2982/2281 2545/2983/1694 2623/2984/1695 2624/2985/1934 
f 2545/2983/1694 2542/2976/1687 2620/2979/2482 2623/2984/1695 
f 2622/2981/2483 2625/2986/1697 2623/2984/1695 2620/2979/2482 
f 2625/2986/1697 2626/2987/2187 2624/2985/1934 2623/2984/1695 
f 2550/2988/1937 2549/2989/2484 2627/2990/2485 2628/2991/1702 
f 2549/2989/2484 2546/2982/2281 2624/2985/1934 2627/2990/2485 
f 2626/2987/2187 2629/2992/1703 2627/2990/2485 2624/2985/1934 
f 2629/2992/1703 2630/2993/1704 2628/2991/1702 2627/2990/2485 
f 2554/2994/2190 2553/2995/1706 2631/2996/1707 2632/2997/2191 
f 2553/2995/1706 2550/2988/1937 2628/2991/1702 2631/2996/1707 
f 2630/2993/1704 2633/2998/1939 2631/2996/1707 2628/2991/1702 
f 2633/2998/1939 2634/2999/1938 2632/2997/2191 2631/2996/1707 
f 2558/3000/2486 2557/3001/1712 2635/3002/2487 2636/3003/1714 
f 2557/3001/1712 2554/2994/2190 2632/2997/2191 2635/3002/2487 
f 2634/2999/1938 2637/3004/2488 2635/3002/2487 2632/2997/2191 
f 2637/3004/2488 2638/3005/2283 2636/3003/1714 2635/3002/2487 
f 2562/3006/2489 2561/3007/2285 2639/3008/1719 2640/3009/1720 
f 2561/3007/2285 2558/3000/2486 2636/3003/1714 2639/3008/1719 
f 2638/3005/2283 2641/3010/1721 2639/3008/1719 2636/3003/1714 
f 2641/3010/1721 2642/3011/1722 2640/3009/1720 2639/3008/1719 
f 2566/3012/2490 2565/3013/2491 2643/3014/1725 2644/3015/1945 
f 2565/3013/2491 2562/3006/2489 2640/3009/1720 2643/3014/1725 
f 2642/3011/1722 2645/3016/2492 2643/3014/1725 2640/3009/1720 
f 2645/3016/2492 2646/3017/1944 2644/3015/1945 2643/3014/1725 
f 2492/2905/2449 2568/3018/2493 2647/3019/1730 2571/2906/1950 
f 2568/3018/2493 2566/3012/2490 2644/3015/1945 2647/3019/1730 
f 2646/3017/1944 2648/3020/2494 2647/3019/1730 2644/3015/1945 
f 2648/3020/2494 2572/2907/1618 2571/2906/1950 2647/3019/1730 
f 2574/2909/1893 2573/2908/2495 2649/3021/2205 2650/3022/1892 
f 2573/2908/2495 2572/2907/1736 2651/3023/2496 2649/3021/2205 
f 2652/3024/1889 2653/3025/1739 2649/3021/2205 2651/3023/2496 
f 2653/3025/1739 2654/3026/2497 2650/3022/1892 2649/3021/2205 
f 2578/2915/2498 2577/2914/2499 2655/3027/1743 2656/3028/1744 
f 2577/2914/2499 2574/2909/1893 2650/3022/1892 2655/3027/1743 
f 2654/3026/2497 2657/3029/1745 2655/3027/1743 2650/3022/1892 
f 2657/3029/1745 2658/3030/1746 2656/3028/1744 2655/3027/1743 
f 2582/2921/2500 2581/2920/1898 2659/3031/1749 2660/3032/1750 
f 2581/2920/1898 2578/2915/2498 2656/3028/1744 2659/3031/1749 
f 2658/3030/1746 2661/3033/2501 2659/3031/1749 2656/3028/1744 
f 2661/3033/2501 2662/3034/2264 2660/3032/1750 2659/3031/1749 
f 2586/2927/1901 2585/2926/1900 2663/3035/1755 2664/3036/1756 
f 2585/2926/1900 2582/2921/2500 2660/3032/1750 2663/3035/1755 
f 2662/3034/2264 2665/3037/1757 2663/3035/1755 2660/3032/1750 
f 2665/3037/1757 2666/3038/1758 2664/3036/1756 2663/3035/1755 
f 2590/2933/2502 2589/2932/1760 2667/3039/1761 2668/3040/1762 
f 2589/2932/1760 2586/2927/1901 2664/3036/1756 2667/3039/1761 
f 2666/3038/1758 2669/3041/1903 2667/3039/1761 2664/3036/1756 
f 2669/3041/1903 2670/3042/2503 2668/3040/1762 2667/3039/1761 
f 2594/2939/2504 2593/2938/2505 2671/3043/2216 2672/3044/1768 
f 2593/2938/2505 2590/2933/2502 2668/3040/1762 2671/3043/2216 
f 2670/3042/2503 2673/3045/2506 2671/3043/2216 2668/3040/1762 
f 2673/3045/2506 2674/3046/1770 2672/3044/1768 2671/3043/2216 
f 2598/2945/1771 2597/2944/2507 2675/3047/1773 2676/3048/1774 
f 2597/2944/2507 2594/2939/2504 2672/3044/1768 2675/3047/1773 
f 2674/3046/1770 2677/3049/1775 2675/3047/1773 2672/3044/1768 
f 2677/3049/1775 2678/3050/2271 2676/3048/1774 2675/3047/1773 
f 2602/2951/2508 2601/2950/1778 2679/3051/1915 2680/3052/2509 
f 2601/2950/1778 2598/2945/1771 2676/3048/1774 2679/3051/1915 
f 2678/3050/2271 2681/3053/1914 2679/3051/1915 2676/3048/1774 
f 2681/3053/1914 2682/3054/1782 2680/3052/2509 2679/3051/1915 
f 2606/2957/1783 2605/2956/2510 2683/3055/2276 2684/3056/2223 
f 2605/2956/2510 2602/2951/2508 2680/3052/2509 2683/3055/2276 
f 2682/3054/1782 2685/3057/1787 2683/3055/2276 2680/3052/2509 
f 2685/3057/1787 2686/3058/2224 2684/3056/2223 2683/3055/2276 
f 2610/2963/2511 2609/2962/1919 2687/3059/1791 2688/3060/2512 
f 2609/2962/1919 2606/2957/1783 2684/3056/2223 2687/3059/1791 
f 2686/3058/2224 2689/3061/1793 2687/3059/1791 2684/3056/2223 
f 2689/3061/1793 2690/3062/1794 2688/3060/2512 2687/3059/1791 
f 2614/2969/2513 2613/2968/1796 2691/3063/1797 2692/3064/2514 
f 2613/2968/1796 2610/2963/2511 2688/3060/2512 2691/3063/1797 
f 2690/3062/1794 2693/3065/1799 2691/3063/1797 2688/3060/2512 
f 2693/3065/1799 2694/3066/1800 2692/3064/2514 2691/3063/1797 
f 2618/2975/2255 2617/2974/2515 2695/3067/2516 2696/3068/1804 
f 2617/2974/2515 2614/2969/2513 2692/3064/2514 2695/3067/2516 
f 2694/3066/1800 2697/3069/1860 2695/3067/2516 2692/3064/2514 
f 2697/3069/1860 2698/3070/2517 2696/3068/1804 2695/3067/2516 
f 2622/2981/2518 2621/2980/2519 2699/3071/1867 2700/3072/1810 
f 2621/2980/2519 2618/2975/2255 2696/3068/1804 2699/3071/1867 
f 2698/3070/2517 2701/3073/2520 2699/3071/1867 2696/3068/1804 
f 2701/3073/2520 2702/3074/2521 2700/3072/1810 2699/3071/1867 
f 2626/2987/2522 2625/2986/1814 2703/3075/1815 2704/3076/1816 
f 2625/2986/1814 2622/2981/2518 2700/3072/1810 2703/3075/1815 
f 2702/3074/2521 2705/3077/2234 2703/3075/1815 2700/3072/1810 
f 2705/3077/2234 2706/3078/1818 2704/3076/1816 2703/3075/1815 
f 2630/2993/2236 2629/2992/2523 2707/3079/2237 2708/3080/2238 
f 2629/2992/2523 2626/2987/2522 2704/3076/1816 2707/3079/2237 
f 2706/3078/1818 2709/3081/1870 2707/3079/2237 2704/3076/1816 
f 2709/3081/1870 2710/3082/2524 2708/3080/2238 2707/3079/2237 
f 2634/2999/1825 2633/2998/1874 2711/3083/1873 2712/3084/1828 
f 2633/2998/1874 2630/2993/2236 2708/3080/2238 2711/3083/1873 
f 2710/3082/2524 2713/3085/2525 2711/3083/1873 2708/3080/2238 
f 2713/3085/2525 2714/3086/2526 2712/3084/1828 2711/3083/1873 
f 2638/3005/2527 2637/3004/1832 2715/3087/1833 2716/3088/1834 
f 2637/3004/1832 2634/2999/1825 2712/3084/1828 2715/3087/1833 
f 2714/3086/2526 2717/3089/1835 2715/3087/1833 2712/3084/1828 
f 2717/3089/1835 2718/3090/1836 2716/3088/1834 2715/3087/1833 
f 2642/3011/1885 2641/3010/1838 2719/3091/1882 2720/3092/1883 
f 2641/3010/1838 2638/3005/2527 2716/3088/1834 2719/3091/1882 
f 2718/3090/1836 2721/3093/1881 2719/3091/1882 2716/3088/1834 
f 2721/3093/1881 2722/3094/2528 2720/3092/1883 2719/3091/1882 
f 2646/3017/2529 2645/3016/1844 2723/3095/1845 2724/3096/2530 
f 2645/3016/1844 2642/3011/1885 2720/3092/1883 2723/3095/1845 
f 2722/3094/2528 2725/3097/1887 2723/3095/1845 2720/3092/1883 
f 2725/3097/1887 2726/3098/1886 2724/3096/2530 2723/3095/1845 
f 2572/2907/1736 2648/3020/2531 2727/3099/1850 2651/3023/2496 
f 2648/3020/2531 2646/3017/2529 2724/3096/2530 2727/3099/1850 
f 2726/3098/1886 2728/3100/1851 2727/3099/1850 2724/3096/2530 
f 2728/3100/1851 2652/3024/1889 2651/3023/2496 2727/3099/1850 
f 2654/3026/2249 2653/3025/2532 2729/3101/1797 2730/3102/1798 
f 2653/3025/2532 2652/3024/2533 2731/3103/1855 2729/3101/1797 
f 2732/3104/2534 2733/3105/2535 2729/3101/1797 2731/3103/1855 
f 2733/3105/2535 2734/3106/1858 2730/3102/1798 2729/3101/1797 
f 2658/3030/2517 2657/3029/2536 2735/3107/2537 2736/3108/1862 
f 2657/3029/2536 2654/3026/2249 2730/3102/1798 2735/3107/2537 
f 2734/3106/1858 2737/3109/2538 2735/3107/2537 2730/3102/1798 
f 2737/3109/2538 2738/3110/2539 2736/3108/1862 2735/3107/2537 
f 2662/3034/1812 2661/3033/2540 2739/3111/1809 2740/3112/1810 
f 2661/3033/2540 2658/3030/2517 2736/3108/1862 2739/3111/1809 
f 2738/3110/2539 2741/3113/2541 2739/3111/1809 2736/3108/1862 
f 2741/3113/2541 2742/3114/1807 2740/3112/1810 2739/3111/1809 
f 2666/3038/1818 2665/3037/2234 2743/3115/1815 2744/3116/2233 
f 2665/3037/2234 2662/3034/1812 2740/3112/1810 2743/3115/1815 
f 2742/3114/1807 2745/3117/2542 2743/3115/1815 2740/3112/1810 
f 2745/3117/2542 2746/3118/1813 2744/3116/2233 2743/3115/1815 
f 2670/3042/2543 2669/3041/1870 2747/3119/1871 2748/3120/1822 
f 2669/3041/1870 2666/3038/1818 2744/3116/2233 2747/3119/1871 
f 2746/3118/1813 2749/3121/1820 2747/3119/1871 2744/3116/2233 
f 2749/3121/1820 2750/3122/1819 2748/3120/1822 2747/3119/1871 
f 2674/3046/2526 2673/3045/2525 2751/3123/1873 2752/3124/2544 
f 2673/3045/2525 2670/3042/2543 2748/3120/1822 2751/3123/1873 
f 2750/3122/1819 2753/3125/1874 2751/3123/1873 2748/3120/1822 
f 2753/3125/1874 2754/3126/2545 2752/3124/2544 2751/3123/1873 
f 2678/3050/1836 2677/3049/1835 2755/3127/1833 2756/3128/1878 
f 2677/3049/1835 2674/3046/2526 2752/3124/2544 2755/3127/1833 
f 2754/3126/2545 2757/3129/1832 2755/3127/1833 2752/3124/2544 
f 2757/3129/1832 2758/3130/2527 2756/3128/1878 2755/3127/1833 
f 2682/3054/1842 2681/3053/1841 2759/3131/1839 2760/3132/1840 
f 2681/3053/1841 2678/3050/1836 2756/3128/1878 2759/3131/1839 
f 2758/3130/2527 2761/3133/1884 2759/3131/1839 2756/3128/1878 
f 2761/3133/1884 2762/3134/1885 2760/3132/1840 2759/3131/1839 
f 2686/3058/2248 2685/3057/1887 2763/3135/1845 2764/3136/1888 
f 2685/3057/1887 2682/3054/1842 2760/3132/1840 2763/3135/1845 
f 2762/3134/1885 2765/3137/1844 2763/3135/1845 2760/3132/1840 
f 2765/3137/1844 2766/3138/2529 2764/3136/1888 2763/3135/1845 
f 2690/3062/1889 2689/3061/2546 2767/3139/2547 2768/3140/2548 
f 2689/3061/2546 2686/3058/2248 2764/3136/1888 2767/3139/2547 
f 2766/3138/2529 2769/3141/2531 2767/3139/2547 2764/3136/1888 
f 2769/3141/2531 2770/3142/2549 2768/3140/2548 2767/3139/2547 
f 2694/3066/1740 2693/3065/2550 2771/3143/2205 2772/3144/1735 
f 2693/3065/2550 2690/3062/1889 2768/3140/2548 2771/3143/2205 
f 2770/3142/2549 2773/3145/1733 2771/3143/2205 2768/3140/2548 
f 2773/3145/1733 2774/3146/2551 2772/3144/1735 2771/3143/2205 
f 2698/3070/1894 2697/3069/1745 2775/3147/1743 2776/3148/2552 
f 2697/3069/1745 2694/3066/1740 2772/3144/1735 2775/3147/1743 
f 2774/3146/2551 2777/3149/2499 2775/3147/1743 2772/3144/1735 
f 2777/3149/2499 2778/3150/1741 2776/3148/2552 2775/3147/1743 
f 2702/3074/2264 2701/3073/1751 2779/3151/1749 2780/3152/1897 
f 2701/3073/1751 2698/3070/1894 2776/3148/2552 2779/3151/1749 
f 2778/3150/1741 2781/3153/1898 2779/3151/1749 2776/3148/2552 
f 2781/3153/1898 2782/3154/1747 2780/3152/1897 2779/3151/1749 
f 2706/3078/2553 2705/3077/1757 2783/3155/1755 2784/3156/2554 
f 2705/3077/1757 2702/3074/2264 2780/3152/1897 2783/3155/1755 
f 2782/3154/1747 2785/3157/1754 2783/3155/1755 2780/3152/1897 
f 2785/3157/1754 2786/3158/1901 2784/3156/2554 2783/3155/1755 
f 2710/3082/2555 2709/3081/1903 2787/3159/1904 2788/3160/2556 
f 2709/3081/1903 2706/3078/2553 2784/3156/2554 2787/3159/1904 
f 2786/3158/1901 2789/3161/1906 2787/3159/1904 2784/3156/2554 
f 2789/3161/1906 2790/3162/2502 2788/3160/2556 2787/3159/1904 
f 2714/3086/2557 2713/3085/2217 2791/3163/1767 2792/3164/1768 
f 2713/3085/2217 2710/3082/2555 2788/3160/2556 2791/3163/1767 
f 2790/3162/2502 2793/3165/1766 2791/3163/1767 2788/3160/2556 
f 2793/3165/1766 2794/3166/1765 2792/3164/1768 2791/3163/1767 
f 2718/3090/1907 2717/3089/1908 2795/3167/1909 2796/3168/2558 
f 2717/3089/1908 2714/3086/2557 2792/3164/1768 2795/3167/1909 
f 2794/3166/1765 2797/3169/2507 2795/3167/1909 2792/3164/1768 
f 2797/3169/2507 2798/3170/2559 2796/3168/2558 2795/3167/1909 
f 2722/3094/2560 2721/3093/2272 2799/3171/1915 2800/3172/2509 
f 2721/3093/2272 2718/3090/1907 2796/3168/2558 2799/3171/1915 
f 2798/3170/2559 2801/3173/1917 2799/3171/1915 2796/3168/2558 
f 2801/3173/1917 2802/3174/2561 2800/3172/2509 2799/3171/1915 
f 2726/3098/1788 2725/3097/2562 2803/3175/2222 2804/3176/1786 
f 2725/3097/2562 2722/3094/2560 2800/3172/2509 2803/3175/2222 
f 2802/3174/2561 2805/3177/1784 2803/3175/2222 2800/3172/2509 
f 2805/3177/1784 2806/3178/1783 2804/3176/1786 2803/3175/2222 
f 2652/3024/2533 2728/3100/1793 2807/3179/1791 2731/3103/1855 
f 2728/3100/1793 2726/3098/1788 2804/3176/1786 2807/3179/1791 
f 2806/3178/1783 2808/3180/1919 2807/3179/1791 2804/3176/1786 
f 2808/3180/1919 2732/3104/2534 2731/3103/1855 2807/3179/1791 
f 2734/3106/1680 2733/3105/2563 2809/3181/1677 2810/3182/1678 
f 2733/3105/2563 2732/3104/1674 2811/3183/2564 2809/3181/1677 
f 2213/2501/2470 2210/2498/1676 2809/3181/1677 2811/3183/2564 
f 2210/2498/1676 2209/2497/1675 2810/3182/1678 2809/3181/1677 
f 2738/3110/2279 2737/3109/1685 2812/3184/2181 2813/3185/2280 
f 2737/3109/1685 2734/3106/1680 2810/3182/1678 2812/3184/2181 
f 2209/2497/1675 2219/2507/1682 2812/3184/2181 2810/3182/1678 
f 2219/2507/1682 2218/2506/2565 2813/3185/2280 2812/3184/2181 
f 2742/3114/1692 2741/3113/2185 2814/3186/1689 2815/3187/2566 
f 2741/3113/2185 2738/3110/2279 2813/3185/2280 2814/3186/1689 
f 2218/2506/2565 2225/2513/1688 2814/3186/1689 2813/3185/2280 
f 2225/2513/1688 2224/2512/2567 2815/3187/2566 2814/3186/1689 
f 2746/3118/1698 2745/3117/2568 2816/3188/1695 2817/3189/1934 
f 2745/3117/2568 2742/3114/1692 2815/3187/2566 2816/3188/1695 
f 2224/2512/2567 2231/2519/2186 2816/3188/1695 2815/3187/2566 
f 2231/2519/2186 2230/2518/2281 2817/3189/1934 2816/3188/1695 
f 2750/3122/2569 2749/3121/2188 2818/3190/1701 2819/3191/2282 
f 2749/3121/2188 2746/3118/1698 2817/3189/1934 2818/3190/1701 
f 2230/2518/2281 2237/2525/1936 2818/3190/1701 2817/3189/1934 
f 2237/2525/1936 2236/2524/1937 2819/3191/2282 2818/3190/1701 
f 2754/3126/1938 2753/3125/1709 2820/3192/1707 2821/3193/2570 
f 2753/3125/1709 2750/3122/2569 2819/3191/2282 2820/3192/1707 
f 2236/2524/1937 2243/2531/1706 2820/3192/1707 2819/3191/2282 
f 2243/2531/1706 2242/2530/2571 2821/3193/2570 2820/3192/1707 
f 2758/3130/1716 2757/3129/2488 2822/3194/1713 2823/3195/2572 
f 2757/3129/2488 2754/3126/1938 2821/3193/2570 2822/3194/1713 
f 2242/2530/2571 2249/2537/2573 2822/3194/1713 2821/3193/2570 
f 2249/2537/2573 2248/2536/2192 2823/3195/2572 2822/3194/1713 
f 2762/3134/2284 2761/3133/1721 2824/3196/1719 2825/3197/1720 
f 2761/3133/1721 2758/3130/1716 2823/3195/2572 2824/3196/1719 
f 2248/2536/2192 2255/2543/2285 2824/3196/1719 2823/3195/2572 
f 2255/2543/2285 2254/2542/2489 2825/3197/1720 2824/3196/1719 
f 2766/3138/2201 2765/3137/2574 2826/3198/2287 2827/3199/1945 
f 2765/3137/2574 2762/3134/2284 2825/3197/1720 2826/3198/2287 
f 2254/2542/2489 2261/2549/2575 2826/3198/2287 2825/3197/1720 
f 2261/2549/2575 2260/2548/1723 2827/3199/1945 2826/3198/2287 
f 2770/3142/1618 2769/3141/2203 2828/3200/1730 2829/3201/1617 
f 2769/3141/2203 2766/3138/2201 2827/3199/1945 2828/3200/1730 
f 2260/2548/1723 2267/2555/1729 2828/3200/1730 2827/3199/1945 
f 2267/2555/1729 2266/2554/2290 2829/3201/1617 2828/3200/1730 
f 2774/3146/1620 2773/3145/1619 2830/3202/1614 2831/3203/2150 
f 2773/3145/1619 2770/3142/1618 2829/3201/1617 2830/3202/1614 
f 2266/2554/2290 2273/2561/1954 2830/3202/1614 2829/3201/1617 
f 2273/2561/1954 2272/2560/2149 2831/3203/2150 2830/3202/1614 
f 2778/3150/1955 2777/3149/2576 2832/3204/2577 2833/3205/1624 
f 2777/3149/2576 2774/3146/1620 2831/3203/2150 2832/3204/2577 
f 2272/2560/2149 2279/2567/2153 2832/3204/2577 2831/3203/2150 
f 2279/2567/2153 2278/2566/2578 2833/3205/1624 2832/3204/2577 
f 2782/3154/1957 2781/3153/1631 2834/3206/1629 2835/3207/1630 
f 2781/3153/1631 2778/3150/1955 2833/3205/1624 2834/3206/1629 
f 2278/2566/2578 2285/2573/2455 2834/3206/1629 2833/3205/1624 
f 2285/2573/2455 2284/2572/2579 2835/3207/1630 2834/3206/1629 
f 2786/3158/2580 2785/3157/2157 2836/3208/1635 2837/3209/1636 
f 2785/3157/2157 2782/3154/1957 2835/3207/1630 2836/3208/1635 
f 2284/2572/2579 2291/2579/2296 2836/3208/1635 2835/3207/1630 
f 2291/2579/2296 2290/2578/2458 2837/3209/1636 2836/3208/1635 
f 2790/3162/1644 2789/3161/2581 2838/3210/1641 2839/3211/1962 
f 2789/3161/2581 2786/3158/2580 2837/3209/1636 2838/3210/1641 
f 2290/2578/2458 2297/2585/1963 2838/3210/1641 2837/3209/1636 
f 2297/2585/1963 2296/2584/2461 2839/3211/1962 2838/3210/1641 
f 2794/3166/1650 2793/3165/2582 2840/3212/1966 2841/3213/2583 
f 2793/3165/2582 2790/3162/1644 2839/3211/1962 2840/3212/1966 
f 2296/2584/2461 2303/2591/1646 2840/3212/1966 2839/3211/1962 
f 2303/2591/1646 2302/2590/1645 2841/3213/2583 2840/3212/1966 
f 2798/3170/2467 2797/3169/2584 2842/3214/2164 2843/3215/2165 
f 2797/3169/2584 2794/3166/1650 2841/3213/2583 2842/3214/2164 
f 2302/2590/1645 2309/2597/2300 2842/3214/2164 2841/3213/2583 
f 2309/2597/2300 2308/2596/2163 2843/3215/2165 2842/3214/2164 
f 2802/3174/2585 2801/3173/1970 2844/3216/2586 2845/3217/2587 
f 2801/3173/1970 2798/3170/2467 2843/3215/2165 2844/3216/2586 
f 2308/2596/2163 2315/2605/2588 2844/3216/2586 2843/3215/2165 
f 2315/2605/2588 2314/2604/2468 2845/3217/2587 2844/3216/2586 
f 2806/3178/2304 2805/3177/1973 2846/3218/2172 2847/3219/2589 
f 2805/3177/1973 2802/3174/2585 2845/3217/2587 2846/3218/2172 
f 2314/2604/2468 2321/2611/2590 2846/3218/2172 2845/3217/2587 
f 2321/2611/2590 2320/2610/1663 2847/3219/2589 2846/3218/2172 
f 2732/3104/1674 2808/3180/1977 2848/3220/1978 2811/3183/2564 
f 2808/3180/1977 2806/3178/2304 2847/3219/2589 2848/3220/1978 
f 2320/2610/1663 2326/2616/2471 2848/3220/1978 2847/3219/2589 
f 2326/2616/2471 2213/2501/2470 2811/3183/2564 2848/3220/1978 
f 2849/3221/1248 2850/3222/1249 2851/3223/1250 2852/3224/1251 
f 2850/3222/1249 2853/3225/1252 2854/3226/1585 2851/3223/1250 
f 2855/3227/2591 2856/3228/1255 2851/3223/1250 2854/3226/1585 
f 2856/3228/1255 2857/3229/1586 2852/3224/1251 2851/3223/1250 
f 2858/3230/2310 2859/3231/1258 2860/3232/2592 2861/3233/2593 
f 2859/3231/1258 2849/3221/1248 2852/3224/1251 2860/3232/2592 
f 2857/3229/1586 2862/3234/2594 2860/3232/2592 2852/3224/1251 
f 2862/3234/2594 2863/3235/2595 2861/3233/2593 2860/3232/2592 
f 2864/3236/2314 2865/3237/2596 2866/3238/1591 2867/3239/2597 
f 2865/3237/2596 2858/3230/2310 2861/3233/2593 2866/3238/1591 
f 2863/3235/2595 2868/3240/2439 2866/3238/1591 2861/3233/2593 
f 2868/3240/2439 2869/3241/1268 2867/3239/2597 2866/3238/1591 
f 2870/3242/2316 2871/3243/2137 2872/3244/2598 2873/3245/2136 
f 2871/3243/2137 2864/3236/2314 2867/3239/2597 2872/3244/2598 
f 2869/3241/1268 2874/3246/2317 2872/3244/2598 2867/3239/2597 
f 2874/3246/2317 2875/3247/2599 2873/3245/2136 2872/3244/2598 
f 2876/3248/2600 2877/3249/1276 2878/3250/1277 2879/3251/1278 
f 2877/3249/1276 2870/3242/2316 2873/3245/2136 2878/3250/1277 
f 2875/3247/2599 2880/3252/1279 2878/3250/1277 2873/3245/2136 
f 2880/3252/1279 2881/3253/1987 2879/3251/1278 2878/3250/1277 
f 2882/3254/1988 2883/3255/2141 2884/3256/1990 2885/3257/2601 
f 2883/3255/2141 2876/3248/2600 2879/3251/1278 2884/3256/1990 
f 2881/3253/1987 2886/3258/1991 2884/3256/1990 2879/3251/1278 
f 2886/3258/1991 2887/3259/2602 2885/3257/2601 2884/3256/1990 
f 2888/3260/1287 2889/3261/2603 2890/3262/1600 2891/3263/2446 
f 2889/3261/2603 2882/3254/1988 2885/3257/2601 2890/3262/1600 
f 2887/3259/2602 2892/3264/2604 2890/3262/1600 2885/3257/2601 
f 2892/3264/2604 2893/3265/2605 2891/3263/2446 2890/3262/1600 
f 2894/3266/1293 2895/3267/2606 2896/3268/2607 2897/3269/2608 
f 2895/3267/2606 2888/3260/1287 2891/3263/2446 2896/3268/2607 
f 2893/3265/2605 2898/3270/1996 2896/3268/2607 2891/3263/2446 
f 2898/3270/1996 2899/3271/2326 2897/3269/2608 2896/3268/2607 
f 2900/3272/2609 2901/3273/2610 2902/3274/2611 2903/3275/2612 
f 2901/3273/2610 2894/3266/1293 2897/3269/2608 2902/3274/2611 
f 2899/3271/2326 2904/3276/2447 2902/3274/2611 2897/3269/2608 
f 2904/3276/2447 2905/3275/2328 2903/3275/2612 2902/3274/2611 
f 2906/3277/2613 2907/3278/2614 2908/3279/2005 2909/3280/2615 
f 2907/3278/2614 2900/3272/2609 2903/3275/2612 2908/3279/2005 
f 2905/3275/2328 2910/3281/2147 2908/3279/2005 2903/3275/2612 
f 2910/3281/2147 2911/3280/2616 2909/3280/2615 2908/3279/2005 
f 2912/3282/2007 2913/3283/2331 2914/3284/2008 2915/3285/2617 
f 2913/3283/2331 2906/3277/2613 2909/3280/2615 2914/3284/2008 
f 2911/3280/2616 2916/3286/2618 2914/3284/2008 2909/3280/2615 
f 2916/3286/2618 2917/3285/2619 2915/3285/2617 2914/3284/2008 
f 2918/3287/2421 2919/3288/1556 2920/3289/1319 2921/3290/2620 
f 2919/3288/1556 2912/3282/2007 2915/3285/2617 2920/3289/1319 
f 2917/3285/2619 2922/3291/1321 2920/3289/1319 2915/3285/2617 
f 2922/3291/1321 2923/3292/2621 2921/3290/2620 2920/3289/1319 
f 2924/3293/1323 2925/3294/1324 2926/3295/2622 2927/3296/1559 
f 2925/3294/1324 2918/3287/2421 2921/3290/2620 2926/3295/2622 
f 2923/3292/2621 2928/3297/2623 2926/3295/2622 2921/3290/2620 
f 2928/3297/2623 2929/3298/1328 2927/3296/1559 2926/3295/2622 
f 2930/3299/2624 2931/3300/2018 2932/3301/1331 2933/3302/1562 
f 2931/3300/2018 2924/3293/1323 2927/3296/1559 2932/3301/1331 
f 2929/3298/1328 2934/3303/1333 2932/3301/1331 2927/3296/1559 
f 2934/3303/1333 2935/3304/2625 2933/3302/1562 2932/3301/1331 
f 2936/3305/2340 2937/3306/2626 2938/3307/1565 2939/3308/1338 
f 2937/3306/2626 2930/3299/2624 2933/3302/1562 2938/3307/1565 
f 2935/3304/2625 2940/3309/2627 2938/3307/1565 2933/3302/1562 
f 2940/3309/2627 2941/3310/2121 2939/3308/1338 2938/3307/1565 
f 2942/3311/2628 2943/3312/1342 2944/3313/1343 2945/3314/2021 
f 2943/3312/1342 2936/3305/2340 2939/3308/1338 2944/3313/1343 
f 2941/3310/2121 2946/3315/2629 2944/3313/1343 2939/3308/1338 
f 2946/3315/2629 2947/3316/2630 2945/3314/2021 2944/3313/1343 
f 2948/3317/2022 2949/3318/1348 2950/3319/2631 2951/3320/2344 
f 2949/3318/1348 2942/3311/2628 2945/3321/2021 2950/3319/2631 
f 2947/3322/2630 2952/3323/2632 2950/3319/2631 2945/3321/2021 
f 2952/3323/2632 2953/3324/2633 2951/3320/2344 2950/3319/2631 
f 2954/3325/1353 2955/3326/1354 2956/3327/1355 2957/3328/2634 
f 2955/3326/1354 2948/3317/2022 2951/3320/2344 2956/3327/1355 
f 2953/3324/2633 2958/3329/1575 2956/3327/1355 2951/3320/2344 
f 2958/3329/1575 2959/3330/1574 2957/3328/2634 2956/3327/1355 
f 2960/3331/2635 2961/3332/1581 2962/3333/2636 2963/3334/2637 
f 2961/3332/1581 2954/3325/1353 2957/3328/2634 2962/3333/2636 
f 2959/3330/1574 2964/3335/1578 2962/3333/2636 2957/3328/2634 
f 2964/3335/1578 2965/3336/2126 2963/3334/2637 2962/3333/2636 
f 2853/3225/1252 2966/3337/1365 2967/3338/1366 2854/3226/1585 
f 2966/3337/1365 2960/3331/2635 2963/3334/2637 2967/3338/1366 
f 2965/3336/2126 2968/3339/1367 2967/3338/1366 2963/3334/2637 
f 2968/3339/1367 2855/3227/2591 2854/3226/1585 2967/3338/1366 
f 2857/3340/2405 2856/3341/1369 2969/3342/2638 2970/3343/1371 
f 2856/3341/1369 2855/3344/1518 2971/3345/1373 2969/3342/2638 
f 2972/3346/2639 2973/3347/2036 2969/3342/2638 2971/3345/1373 
f 2973/3347/2036 2974/3348/2640 2970/3343/1371 2969/3342/2638 
f 2863/3349/2641 2862/3350/2642 2975/3351/1379 2976/3352/2643 
f 2862/3350/2642 2857/3340/2405 2970/3343/1371 2975/3351/1379 
f 2974/3348/2640 2977/3353/1381 2975/3351/1379 2970/3343/1371 
f 2977/3353/1381 2978/3354/1521 2976/3352/2643 2975/3351/1379 
f 2869/3355/2644 2868/3356/2645 2979/3357/1385 2980/3358/2038 
f 2868/3356/2645 2863/3349/2641 2976/3352/2643 2979/3357/1385 
f 2978/3354/1521 2981/3359/2406 2979/3357/1385 2976/3352/2643 
f 2981/3359/2406 2982/3360/2646 2980/3358/2038 2979/3357/1385 
f 2875/3361/1389 2874/3362/1390 2983/3363/1391 2984/3364/1392 
f 2874/3362/1390 2869/3355/2644 2980/3358/2038 2983/3363/1391 
f 2982/3360/2646 2985/3365/1393 2983/3363/1391 2980/3358/2038 
f 2985/3365/1393 2986/3366/2647 2984/3364/1392 2983/3363/1391 
f 2881/3367/2648 2880/3368/2649 2987/3369/2045 2988/3370/1398 
f 2880/3368/2649 2875/3361/1389 2984/3364/1392 2987/3369/2045 
f 2986/3366/2647 2989/3371/2650 2987/3369/2045 2984/3364/1392 
f 2989/3371/2650 2990/3372/2048 2988/3370/1398 2987/3369/2045 
f 2887/3373/2651 2886/3374/2358 2991/3375/1403 2992/3376/1404 
f 2886/3374/2358 2881/3367/2648 2988/3370/1398 2991/3375/1403 
f 2990/3372/2048 2993/3377/1531 2991/3375/1403 2988/3370/1398 
f 2993/3377/1531 2994/3378/2050 2992/3376/1404 2991/3375/1403 
f 2893/3379/2652 2892/3380/2653 2995/3381/2108 2996/3382/1410 
f 2892/3380/2653 2887/3373/2651 2992/3376/1404 2995/3381/2108 
f 2994/3378/2050 2997/3383/2360 2995/3381/2108 2992/3376/1404 
f 2997/3383/2360 2998/3384/2654 2996/3382/1410 2995/3381/2108 
f 2899/3385/2414 2898/3386/2655 2999/3387/2656 3000/3388/2657 
f 2898/3386/2655 2893/3379/2652 2996/3382/1410 2999/3387/2656 
f 2998/3384/2654 3001/3389/2413 2999/3387/2656 2996/3382/1410 
f 3001/3389/2413 3002/3390/1418 3000/3388/2657 2999/3387/2656 
f 2905/3391/2658 2904/3392/2659 3003/3393/1421 3004/3394/1422 
f 2904/3392/2659 2899/3385/2414 3000/3388/2657 3003/3393/1421 
f 3002/3390/1418 3005/3395/2660 3003/3393/1421 3000/3388/2657 
f 3005/3395/2660 3006/3396/2415 3004/3394/1422 3003/3393/1421 
f 2911/3397/2661 2910/3398/1426 3007/3399/1427 3008/3400/1428 
f 2910/3398/1426 2905/3391/2658 3004/3394/1422 3007/3399/1427 
f 3006/3396/2415 3009/3401/1429 3007/3399/1427 3004/3394/1422 
f 3009/3401/1429 3010/3402/2662 3008/3400/1428 3007/3399/1427 
f 2917/3403/2663 2916/3404/2059 3011/3405/2664 3012/3406/2665 
f 2916/3404/2059 2911/3397/2661 3008/3400/1428 3011/3405/2664 
f 3010/3402/2662 3013/3407/2666 3011/3405/2664 3008/3400/1428 
f 3013/3407/2666 3014/3408/1436 3012/3406/2665 3011/3405/2664 
f 2923/3409/2667 2922/3410/1438 3015/3411/2668 3016/3412/2373 
f 2922/3410/1438 2917/3403/2663 3012/3406/2665 3015/3411/2668 
f 3014/3408/1436 3017/3413/1497 3015/3411/2668 3012/3406/2665 
f 3017/3413/1497 3018/3414/2669 3016/3412/2373 3015/3411/2668 
f 2929/3415/2085 2928/3416/2670 3019/3417/2066 3020/3418/2374 
f 2928/3416/2670 2923/3409/2667 3016/3412/2373 3019/3417/2066 
f 3018/3414/2669 3021/3419/1447 3019/3417/2066 3016/3412/2373 
f 3021/3419/1447 3022/3420/2671 3020/3418/2374 3019/3417/2066 
f 2935/3421/2397 2934/3422/1450 3023/3423/1451 3024/3424/2088 
f 2934/3422/1450 2929/3415/2085 3020/3418/2374 3023/3423/1451 
f 3022/3420/2671 3025/3425/2087 3023/3423/1451 3020/3418/2374 
f 3025/3425/2087 3026/3426/2086 3024/3424/2088 3023/3423/1451 
f 2941/3427/2070 2940/3428/1456 3027/3429/1457 3028/3430/2379 
f 2940/3428/1456 2935/3421/2397 3024/3424/2088 3027/3429/1457 
f 3026/3426/2086 3029/3431/1459 3027/3429/1457 3024/3424/2088 
f 3029/3431/1459 3030/3432/2089 3028/3430/2379 3027/3429/1457 
f 2947/3433/2093 2946/3434/1462 3031/3435/2672 3032/3436/2073 
f 2946/3434/1462 2941/3427/2070 3028/3430/2379 3031/3435/2672 
f 3030/3432/2089 3033/3437/2673 3031/3435/2672 3028/3430/2379 
f 3033/3437/2673 3034/3438/2091 3032/3436/2073 3031/3435/2672 
f 2953/3439/2674 2952/3440/1468 3035/3441/1469 3036/3442/2675 
f 2952/3440/1468 2947/3433/2093 3032/3436/2073 3035/3441/1469 
f 3034/3438/2091 3037/3443/2676 3035/3441/1469 3032/3436/2073 
f 3037/3443/2676 3038/3444/2677 3036/3442/2675 3035/3441/1469 
f 2959/3445/2678 2958/3446/1474 3039/3447/2094 3040/3448/1476 
f 2958/3446/1474 2953/3439/2674 3036/3442/2675 3039/3447/2094 
f 3038/3444/2677 3041/3449/2679 3039/3447/2094 3036/3442/2675 
f 3041/3449/2679 3042/3450/2078 3040/3448/1476 3039/3447/2094 
f 2965/3451/1479 2964/3452/1480 3043/3453/1481 3044/3454/1482 
f 2964/3452/1480 2959/3445/2678 3040/3448/1476 3043/3453/1481 
f 3042/3450/2078 3045/3455/2096 3043/3453/1481 3040/3448/1476 
f 3045/3455/2096 3046/3456/2680 3044/3454/1482 3043/3453/1481 
f 2855/3344/1518 2968/3457/2681 3047/3458/2682 2971/3345/1373 
f 2968/3457/2681 2965/3451/1479 3044/3454/1482 3047/3458/2682 
f 3046/3456/2680 3048/3459/2683 3047/3458/2682 3044/3454/1482 
f 3048/3459/2683 2972/3346/2639 2971/3345/1373 3047/3458/2682 
f 2974/3348/1436 2973/3347/2061 3049/3460/2060 3050/3461/1434 
f 2973/3347/2061 2972/3346/1430 3051/3462/2082 3049/3460/2060 
f 3052/3463/2661 3053/3464/2059 3049/3460/2060 3051/3462/2082 
f 3053/3464/2059 3054/3465/2684 3050/3461/1434 3049/3460/2060 
f 2978/3354/2685 2977/3353/2686 3055/3466/1439 3056/3467/2687 
f 2977/3353/2686 2974/3348/1436 3050/3461/1434 3055/3466/1439 
f 3054/3465/2684 3057/3468/2688 3055/3466/1439 3050/3461/1434 
f 3057/3468/2688 3058/3469/2063 3056/3467/2687 3055/3466/1439 
f 2982/3360/1499 2981/3359/1447 3059/3470/2066 3060/3471/1446 
f 2981/3359/1447 2978/3354/2685 3056/3467/2687 3059/3470/2066 
f 3058/3469/2063 3061/3472/1502 3059/3470/2066 3056/3467/2687 
f 3061/3472/1502 3062/3473/1443 3060/3471/1446 3059/3470/2066 
f 2986/3366/2689 2985/3365/1453 3063/3474/2690 3064/3475/2088 
f 2985/3365/1453 2982/3360/1499 3060/3471/1446 3063/3474/2690 
f 3062/3473/1443 3065/3476/2691 3063/3474/2690 3060/3471/1446 
f 3065/3476/2691 3066/3477/2692 3064/3475/2088 3063/3474/2690 
f 2990/3372/1460 2989/3371/1459 3067/3478/1457 3068/3479/1458 
f 2989/3371/1459 2986/3366/2689 3064/3475/2088 3067/3478/1457 
f 3066/3477/2692 3069/3480/1456 3067/3478/1457 3064/3475/2088 
f 3069/3480/1456 3070/3481/1507 3068/3479/1458 3067/3478/1457 
f 2994/3378/2091 2993/3377/2074 3071/3482/1508 3072/3483/2693 
f 2993/3377/2074 2990/3372/1460 3068/3479/1458 3071/3482/1508 
f 3070/3481/1507 3073/3484/2381 3071/3482/1508 3068/3479/1458 
f 3073/3484/2381 3074/3485/2399 3072/3483/2693 3071/3482/1508 
f 2998/3384/2677 2997/3383/1511 3075/3486/2694 3076/3487/1470 
f 2997/3383/1511 2994/3378/2091 3072/3483/2693 3075/3486/2694 
f 3074/3485/2399 3077/3488/2695 3075/3486/2694 3072/3483/2693 
f 3077/3488/2695 3078/3489/1467 3076/3487/1470 3075/3486/2694 
f 3002/3390/2078 3001/3389/1477 3079/3490/2385 3080/3491/1476 
f 3001/3389/1477 2998/3384/2677 3076/3487/1470 3079/3490/2385 
f 3078/3489/1467 3081/3492/2384 3079/3490/2385 3076/3487/1470 
f 3081/3492/2384 3082/3493/2678 3080/3491/1476 3079/3490/2385 
f 3006/3396/1484 3005/3395/1483 3083/3494/1481 3084/3495/1482 
f 3005/3395/1483 3002/3390/2078 3080/3491/1476 3083/3494/1481 
f 3082/3493/2678 3085/3496/1480 3083/3494/1481 3080/3491/1476 
f 3085/3496/1480 3086/3497/2696 3084/3495/1482 3083/3494/1481 
f 3010/3402/2697 3009/3401/1487 3087/3498/1486 3088/3499/2698 
f 3009/3401/1487 3006/3396/1484 3084/3495/1482 3087/3498/1486 
f 3086/3497/2696 3089/3500/2681 3087/3498/1486 3084/3495/1482 
f 3089/3500/2681 3090/3501/2699 3088/3499/2698 3087/3498/1486 
f 3014/3408/1519 3013/3407/2700 3091/3502/1370 3092/3503/1371 
f 3013/3407/2700 3010/3402/2697 3088/3499/2698 3091/3502/1370 
f 3090/3501/2699 3093/3504/2701 3091/3502/1370 3088/3499/2698 
f 3093/3504/2701 3094/3505/2349 3092/3503/1371 3091/3502/1370 
f 3018/3414/2702 3017/3413/1381 3095/3506/1379 3096/3507/1380 
f 3017/3413/1381 3014/3408/1519 3092/3503/1371 3095/3506/1379 
f 3094/3505/2349 3097/3508/2642 3095/3506/1379 3092/3503/1371 
f 3097/3508/2642 3098/3509/1377 3096/3507/1380 3095/3506/1379 
f 3022/3420/1388 3021/3419/2703 3099/3510/2704 3100/3511/1386 
f 3021/3419/2703 3018/3414/2702 3096/3507/1380 3099/3510/2704 
f 3098/3509/1377 3101/3512/1384 3099/3510/2704 3096/3507/1380 
f 3101/3512/1384 3102/3513/1383 3100/3511/1386 3099/3510/2704 
f 3026/3426/2042 3025/3425/1393 3103/3514/1391 3104/3515/1392 
f 3025/3425/1393 3022/3420/1388 3100/3511/1386 3103/3514/1391 
f 3102/3513/1383 3105/3516/1390 3103/3514/1391 3100/3511/1386 
f 3105/3516/1390 3106/3517/2040 3104/3515/1392 3103/3514/1391 
f 3030/3432/2048 3029/3431/2047 3107/3518/1528 3108/3519/2705 
f 3029/3431/2047 3026/3426/2042 3104/3515/1392 3107/3518/1528 
f 3106/3517/2040 3109/3520/2706 3107/3518/1528 3104/3515/1392 
f 3109/3520/2706 3110/3521/2043 3108/3519/2705 3107/3518/1528 
f 3034/3438/2707 3033/3437/2708 3111/3522/1532 3112/3523/1404 
f 3033/3437/2708 3030/3432/2048 3108/3519/2705 3111/3522/1532 
f 3110/3521/2043 3113/3524/2709 3111/3522/1532 3108/3519/2705 
f 3113/3524/2709 3114/3525/2710 3112/3523/1404 3111/3522/1532 
f 3038/3444/2361 3037/3443/2711 3115/3526/1409 3116/3527/2712 
f 3037/3443/2711 3034/3438/2707 3112/3523/1404 3115/3526/1409 
f 3114/3525/2710 3117/3528/1408 3115/3526/1409 3112/3523/1404 
f 3117/3528/1408 3118/3529/2713 3116/3527/2712 3115/3526/1409 
f 3042/3450/1418 3041/3449/2714 3119/3530/2656 3120/3531/2657 
f 3041/3449/2714 3038/3444/2361 3116/3527/2712 3119/3530/2656 
f 3118/3529/2713 3121/3532/1414 3119/3530/2656 3116/3527/2712 
f 3121/3532/1414 3122/3533/2414 3120/3531/2657 3119/3530/2656 
f 3046/3456/2415 3045/3455/2715 3123/3534/1421 3124/3535/1545 
f 3045/3455/2715 3042/3450/1418 3120/3531/2657 3123/3534/1421 
f 3122/3533/2414 3125/3536/2716 3123/3534/1421 3120/3531/2657 
f 3125/3536/2716 3126/3537/2658 3124/3535/1545 3123/3534/1421 
f 2972/3346/1430 3048/3459/1429 3127/3538/2717 3051/3462/2082 
f 3048/3459/1429 3046/3456/2415 3124/3535/1545 3127/3538/2717 
f 3126/3537/2658 3128/3539/2718 3127/3538/2717 3124/3535/1545 
f 3128/3539/2718 3052/3463/2661 3051/3462/2082 3127/3538/2717 
f 3054/3465/1316 3053/3464/2618 3129/3540/2008 3130/3541/2617 
f 3053/3464/2618 3052/3463/2719 3131/3542/2615 3129/3540/2008 
f 3132/3543/2119 3133/3544/2331 3129/3540/2008 3131/3542/2615 
f 3133/3544/2331 3134/3545/2720 3130/3541/2617 3129/3540/2008 
f 3058/3469/2013 3057/3468/1321 3135/3546/1555 3136/3547/1320 
f 3057/3468/1321 3054/3465/1316 3130/3541/2617 3135/3546/1555 
f 3134/3545/2720 3137/3548/2334 3135/3546/1555 3130/3541/2617 
f 3137/3548/2334 3138/3549/2721 3136/3547/1320 3135/3546/1555 
f 3062/3473/2017 3061/3472/1327 3139/3550/2622 3140/3551/1326 
f 3061/3472/1327 3058/3469/2013 3136/3547/1320 3139/3550/2622 
f 3138/3549/2721 3141/3552/1324 3139/3550/2622 3136/3547/1320 
f 3141/3552/1324 3142/3553/1323 3140/3551/1326 3139/3550/2622 
f 3066/3477/2625 3065/3476/2339 3143/3554/1331 3144/3555/1332 
f 3065/3476/2339 3062/3473/2017 3140/3551/1326 3143/3554/1331 
f 3142/3553/1323 3145/3556/2018 3143/3554/1331 3140/3551/1326 
f 3145/3556/2018 3146/3557/2624 3144/3555/1332 3143/3554/1331 
f 3070/3481/2121 3069/3480/2627 3147/3558/1337 3148/3559/1338 
f 3069/3480/2627 3066/3477/2625 3144/3555/1332 3147/3558/1337 
f 3146/3557/2624 3149/3560/1336 3147/3558/1337 3144/3555/1332 
f 3149/3560/1336 3150/3561/2019 3148/3559/1338 3147/3558/1337 
f 3074/3485/2122 3073/3484/2629 3151/3562/1343 3152/3563/2021 
f 3073/3484/2629 3070/3481/2121 3148/3559/1338 3151/3562/1343 
f 3150/3561/2019 3153/3564/1342 3151/3562/1343 3148/3559/1338 
f 3153/3564/1342 3154/3565/2020 3152/3563/2021 3151/3562/1343 
f 3078/3489/1352 3077/3488/1351 3155/3566/1570 3156/3567/1350 
f 3077/3488/1351 3074/3485/2122 3152/3563/2021 3155/3566/1570 
f 3154/3565/2020 3157/3568/2023 3155/3566/1570 3152/3563/2021 
f 3157/3568/2023 3158/3569/2722 3156/3567/1350 3155/3566/1570 
f 3082/3493/2346 3081/3492/1575 3159/3570/2723 3160/3571/1356 
f 3081/3492/1575 3078/3489/1352 3156/3567/1350 3159/3570/2723 
f 3158/3569/2722 3161/3572/2724 3159/3570/2723 3156/3567/1350 
f 3161/3572/2724 3162/3573/2125 3160/3571/1356 3159/3570/2723 
f 3086/3497/1364 3085/3496/1578 3163/3574/2636 3164/3575/2029 
f 3085/3496/1578 3082/3493/2346 3160/3571/1356 3163/3574/2636 
f 3162/3573/2125 3165/3576/1581 3163/3574/2636 3160/3571/1356 
f 3165/3576/1581 3166/3577/2725 3164/3575/2029 3163/3574/2636 
f 3090/3501/2726 3089/3500/1367 3167/3578/1584 3168/3579/1253 
f 3089/3500/1367 3086/3497/1364 3164/3575/2029 3167/3578/1584 
f 3166/3577/2725 3169/3580/2727 3167/3578/1584 3164/3575/2029 
f 3169/3580/2727 3170/3581/2728 3168/3579/1253 3167/3578/1584 
f 3094/3505/1586 3093/3504/2729 3171/3582/2131 3172/3583/2730 
f 3093/3504/2729 3090/3501/2726 3168/3579/1253 3171/3582/2131 
f 3170/3581/2728 3173/3584/1588 3171/3582/2131 3168/3579/1253 
f 3173/3584/1588 3174/3585/2731 3172/3583/2730 3171/3582/2131 
f 3098/3509/2595 3097/3508/1261 3175/3586/2592 3176/3587/1984 
f 3097/3508/1261 3094/3505/1586 3172/3583/2730 3175/3586/2592 
f 3174/3585/2731 3177/3588/2311 3175/3586/2592 3172/3583/2730 
f 3177/3588/2311 3178/3589/2438 3176/3587/1984 3175/3586/2592 
f 3102/3513/1268 3101/3512/1267 3179/3590/2732 3180/3591/2733 
f 3101/3512/1267 3098/3509/2595 3176/3587/1984 3179/3590/2732 
f 3178/3589/2438 3181/3592/2734 3179/3590/2732 3176/3587/1984 
f 3181/3592/2734 3182/3593/2735 3180/3591/2733 3179/3590/2732 
f 3106/3517/1274 3105/3516/2317 3183/3594/2598 3184/3595/1272 
f 3105/3516/2317 3102/3513/1268 3180/3591/2733 3183/3594/2598 
f 3182/3593/2735 3185/3596/2736 3183/3594/2598 3180/3591/2733 
f 3185/3596/2736 3186/3597/1269 3184/3595/1272 3183/3594/2598 
f 3110/3521/2737 3109/3520/1279 3187/3598/2738 3188/3599/2739 
f 3109/3520/1279 3106/3517/1274 3184/3600/1272 3187/3598/2738 
f 3186/3601/1269 3189/3602/2740 3187/3598/2738 3184/3600/1272 
f 3189/3602/2740 3190/3603/2139 3188/3599/2739 3187/3598/2738 
f 3114/3525/2741 3113/3524/2742 3191/3604/2743 3192/3605/2601 
f 3113/3524/2742 3110/3521/2737 3188/3599/2739 3191/3604/2743 
f 3190/3603/2139 3193/3606/2744 3191/3604/2743 3188/3599/2739 
f 3193/3606/2744 3194/3607/2745 3192/3605/2601 3191/3604/2743 
f 3118/3529/2324 3117/3528/2604 3195/3608/1289 3196/3609/2446 
f 3117/3528/2604 3114/3525/2741 3192/3605/2601 3195/3608/1289 
f 3194/3607/2745 3197/3610/2144 3195/3608/1289 3192/3605/2601 
f 3197/3610/2144 3198/3611/2746 3196/3609/2446 3195/3608/1289 
f 3122/3533/2326 3121/3532/1996 3199/3612/2607 3200/3613/2747 
f 3121/3532/1996 3118/3529/2324 3196/3609/2446 3199/3612/2607 
f 3198/3611/2746 3201/3614/2606 3199/3612/2607 3196/3609/2446 
f 3201/3614/2606 3202/3615/1608 3200/3613/2747 3199/3612/2607 
f 3126/3537/2748 3125/3536/2749 3203/3616/2611 3204/3617/2612 
f 3125/3536/2749 3122/3533/2326 3200/3613/2747 3203/3616/2611 
f 3202/3615/1608 3205/3618/2327 3203/3616/2611 3200/3613/2747 
f 3205/3618/2327 3206/3619/2146 3204/3617/2612 3203/3616/2611 
f 3052/3463/2719 3128/3539/2750 3207/3620/2751 3131/3542/2615 
f 3128/3539/2750 3126/3537/2748 3204/3617/2612 3207/3620/2751 
f 3206/3619/2146 3208/3621/1306 3207/3620/2751 3204/3617/2612 
f 3208/3621/1306 3132/3543/2119 3131/3542/2615 3207/3620/2751 
f 3134/3622/2752 3133/3623/1954 3209/3624/1614 3210/3625/1615 
f 3133/3623/1954 3132/3626/2290 3211/3627/2753 3209/3624/1614 
f 3212/3628/2151 3213/3629/1952 3209/3624/1614 3211/3627/2753 
f 3213/3629/1952 3214/3630/1620 3210/3625/1615 3209/3624/1614 
f 3138/3631/2293 3137/3632/2754 3215/3633/1623 3216/3634/1624 
f 3137/3632/2754 3134/3622/2752 3210/3625/1615 3215/3633/1623 
f 3214/3630/1620 3217/3635/2576 3215/3633/1623 3210/3625/1615 
f 3217/3635/2576 3218/3636/2154 3216/3634/1624 3215/3633/1623 
f 3142/3637/1627 3141/3638/2755 3219/3639/2756 3220/3640/1630 
f 3141/3638/2755 3138/3631/2293 3216/3634/1624 3219/3639/2756 
f 3218/3636/2154 3221/3641/1631 3219/3639/2756 3216/3634/1624 
f 3221/3641/1631 3222/3642/2294 3220/3640/1630 3219/3639/2756 
f 3146/3643/2757 3145/3644/2758 3223/3645/1635 3224/3646/1959 
f 3145/3644/2758 3142/3637/1627 3220/3640/1630 3223/3645/1635 
f 3222/3642/2294 3225/3647/2157 3223/3645/1635 3220/3640/1630 
f 3225/3647/2157 3226/3648/1638 3224/3646/1959 3223/3645/1635 
f 3150/3649/1639 3149/3650/1963 3227/3651/1641 3228/3652/1642 
f 3149/3650/1963 3146/3643/2757 3224/3646/1959 3227/3651/1641 
f 3226/3648/1638 3229/3653/1643 3227/3651/1641 3224/3646/1959 
f 3229/3653/1643 3230/3654/1644 3228/3652/1642 3227/3651/1641 
f 3154/3655/2299 3153/3656/1646 3231/3657/1966 3232/3658/2583 
f 3153/3656/1646 3150/3649/1639 3228/3652/1642 3231/3657/1966 
f 3230/3654/1644 3233/3659/1649 3231/3657/1966 3228/3652/1642 
f 3233/3659/1649 3234/3660/2759 3232/3658/2583 3231/3657/1966 
f 3158/3661/1968 3157/3662/2760 3235/3663/2164 3236/3664/1654 
f 3157/3662/2760 3154/3655/2299 3232/3658/2583 3235/3663/2164 
f 3234/3660/2759 3237/3665/1655 3235/3663/2164 3232/3658/2583 
f 3237/3665/1655 3238/3666/2761 3236/3664/1654 3235/3663/2164 
f 3162/3667/2762 3161/3668/2763 3239/3669/2764 3240/3670/2765 
f 3161/3668/2763 3158/3661/1968 3236/3664/1654 3239/3669/2764 
f 3238/3666/2761 3241/3671/2766 3239/3669/2764 3236/3664/1654 
f 3241/3671/2766 3242/3672/2585 3240/3670/2765 3239/3669/2764 
f 3166/3673/2305 3165/3674/1975 3243/3675/2767 3244/3676/2768 
f 3165/3674/1975 3162/3667/2762 3240/3670/2765 3243/3675/2767 
f 3242/3672/2585 3245/3677/1973 3243/3675/2767 3240/3670/2765 
f 3245/3677/1973 3246/3678/1668 3244/3676/2768 3243/3675/2767 
f 3170/3679/1923 3169/3680/2306 3247/3681/1671 3248/3682/1672 
f 3169/3680/2306 3166/3673/2305 3244/3676/2768 3247/3681/1671 
f 3246/3678/1668 3249/3683/2769 3247/3681/1671 3244/3676/2768 
f 3249/3683/2769 3250/3684/2176 3248/3682/1672 3247/3681/1671 
f 3174/3685/1925 3173/3686/2475 3251/3687/2476 3252/3688/2178 
f 3173/3686/2475 3170/3679/1923 3248/3682/1672 3251/3687/2476 
f 3250/3684/2176 3253/3689/1679 3251/3687/2476 3248/3682/1672 
f 3253/3689/1679 3254/3690/2179 3252/3688/2178 3251/3687/2476 
f 3178/3691/2477 3177/3692/1682 3255/3693/2181 3256/3694/2479 
f 3177/3692/1682 3174/3685/1925 3252/3688/2178 3255/3693/2181 
f 3254/3690/2179 3257/3695/1685 3255/3693/2181 3252/3688/2178 
f 3257/3695/1685 3258/3696/1926 3256/3694/2479 3255/3693/2181 
f 3182/3697/2770 3181/3698/2184 3259/3699/2481 3260/3700/2771 
f 3181/3698/2184 3178/3691/2477 3256/3694/2479 3259/3699/2481 
f 3258/3696/1926 3261/3701/1930 3259/3699/2481 3256/3694/2479 
f 3261/3701/1930 3262/3702/2483 3260/3700/2771 3259/3699/2481 
f 3186/3703/2772 3185/3704/2186 3263/3705/1695 3264/3706/1696 
f 3185/3704/2186 3182/3697/2770 3260/3700/2771 3263/3705/1695 
f 3262/3702/2483 3265/3707/2568 3263/3705/1695 3260/3700/2771 
f 3265/3707/2568 3266/3708/1698 3264/3706/1696 3263/3705/1695 
f 3190/3709/2773 3189/3710/1700 3267/3711/1701 3268/3712/2774 
f 3189/3710/1700 3186/3703/2772 3264/3706/1696 3267/3711/1701 
f 3266/3708/1698 3269/3713/2188 3267/3711/1701 3264/3706/1696 
f 3269/3713/2188 3270/3714/2775 3268/3712/2774 3267/3711/1701 
f 3194/3715/2776 3193/3716/1706 3271/3717/1707 3272/3718/2191 
f 3193/3716/1706 3190/3709/2773 3268/3712/2774 3271/3717/1707 
f 3270/3714/2775 3273/3719/2777 3271/3717/1707 3268/3712/2774 
f 3273/3719/2777 3274/3720/2778 3272/3718/2191 3271/3717/1707 
f 3198/3721/2486 3197/3722/2779 3275/3723/2780 3276/3724/1714 
f 3197/3722/2779 3194/3715/2776 3272/3718/2191 3275/3723/2780 
f 3274/3720/2778 3277/3725/2781 3275/3723/2780 3272/3718/2191 
f 3277/3725/2781 3278/3726/2782 3276/3724/1714 3275/3723/2780 
f 3202/3727/1717 3201/3728/1718 3279/3729/1719 3280/3730/1720 
f 3201/3728/1718 3198/3721/2486 3276/3724/1714 3279/3729/1719 
f 3278/3726/2782 3281/3731/1721 3279/3729/1719 3276/3724/1714 
f 3281/3731/1721 3282/3732/1722 3280/3730/1720 3279/3729/1719 
f 3206/3733/2783 3205/3734/2784 3283/3735/2287 3284/3736/1726 
f 3205/3734/2784 3202/3727/1717 3280/3730/1720 3283/3735/2287 
f 3282/3732/1722 3285/3737/2785 3283/3735/2287 3280/3730/1720 
f 3285/3737/2785 3286/3738/1944 3284/3736/1726 3283/3735/2287 
f 3132/3626/2290 3208/3739/1729 3287/3740/1730 3211/3627/2753 
f 3208/3739/1729 3206/3733/2783 3284/3736/1726 3287/3740/1730 
f 3286/3738/1944 3288/3741/1731 3287/3740/1730 3284/3736/1726 
f 3288/3741/1731 3212/3628/2151 3211/3627/2753 3287/3740/1730 
f 3214/3630/1893 3213/3629/2786 3289/3742/2787 3290/3743/1892 
f 3213/3629/2786 3212/3628/1736 3291/3744/2788 3289/3742/2787 
f 3292/3745/1889 3293/3746/1739 3289/3742/2787 3291/3744/2788 
f 3293/3746/1739 3294/3747/2789 3290/3743/1892 3289/3742/2787 
f 3218/3636/2790 3217/3635/2791 3295/3748/1743 3296/3749/1744 
f 3217/3635/2791 3214/3630/1893 3290/3743/1892 3295/3748/1743 
f 3294/3747/2789 3297/3750/1745 3295/3748/1743 3290/3743/1892 
f 3297/3750/1745 3298/3751/1746 3296/3749/1744 3295/3748/1743 
f 3222/3642/1747 3221/3641/1748 3299/3752/2209 3300/3753/1897 
f 3221/3641/1748 3218/3636/2790 3296/3749/1744 3299/3752/2209 
f 3298/3751/1746 3301/3754/2501 3299/3752/2209 3296/3749/1744 
f 3301/3754/2501 3302/3755/1896 3300/3753/1897 3299/3752/2209 
f 3226/3648/1753 3225/3647/2792 3303/3756/2793 3304/3757/1756 
f 3225/3647/2792 3222/3642/1747 3300/3753/1897 3303/3756/2793 
f 3302/3755/1896 3305/3758/1757 3303/3756/2793 3300/3753/1897 
f 3305/3758/1757 3306/3759/2553 3304/3757/1756 3303/3756/2793 
f 3230/3654/1759 3229/3653/1906 3307/3760/2794 3308/3761/2795 
f 3229/3653/1906 3226/3648/1753 3304/3757/1756 3307/3760/2794 
f 3306/3759/2553 3309/3762/1763 3307/3760/2794 3304/3757/1756 
f 3309/3762/1763 3310/3763/2796 3308/3761/2795 3307/3760/2794 
f 3234/3660/2797 3233/3659/1766 3311/3764/1767 3312/3765/2270 
f 3233/3659/1766 3230/3654/1759 3308/3761/2795 3311/3764/1767 
f 3310/3763/2796 3313/3766/2506 3311/3764/1767 3308/3761/2795 
f 3313/3766/2506 3314/3767/2269 3312/3765/2270 3311/3764/1767 
f 3238/3666/2798 3237/3665/2799 3315/3768/1909 3316/3769/1774 
f 3237/3665/2799 3234/3660/2797 3312/3765/2270 3315/3768/1909 
f 3314/3767/2269 3317/3770/2800 3315/3768/1909 3312/3765/2270 
f 3317/3770/2800 3318/3771/2801 3316/3769/1774 3315/3768/1909 
f 3242/3672/2802 3241/3671/1917 3319/3772/2273 3320/3773/2803 
f 3241/3671/1917 3238/3666/2798 3316/3769/1774 3319/3772/2273 
f 3318/3771/2801 3321/3774/2804 3319/3772/2273 3316/3769/1774 
f 3321/3774/2804 3322/3775/1782 3320/3773/2803 3319/3772/2273 
f 3246/3678/2805 3245/3677/2806 3323/3776/2276 3324/3777/2807 
f 3245/3677/2806 3242/3672/2802 3320/3773/2803 3323/3776/2276 
f 3322/3775/1782 3325/3778/2808 3323/3776/2276 3320/3773/2803 
f 3325/3778/2808 3326/3779/1788 3324/3777/2807 3323/3776/2276 
f 3250/3684/1856 3249/3683/1919 3327/3780/2809 3328/3781/2512 
f 3249/3683/1919 3246/3678/2805 3324/3777/2807 3327/3780/2809 
f 3326/3779/1788 3329/3782/1793 3327/3780/2809 3324/3777/2807 
f 3329/3782/1793 3330/3783/2533 3328/3781/2512 3327/3780/2809 
f 3254/3690/2810 3253/3689/2228 3331/3784/2250 3332/3785/2229 
f 3253/3689/2228 3250/3684/1856 3328/3781/2512 3331/3784/2250 
f 3330/3783/2533 3333/3786/2811 3331/3784/2250 3328/3781/2512 
f 3333/3786/2811 3334/3787/1800 3332/3785/2229 3331/3784/2250 
f 3258/3696/2255 3257/3695/1802 3335/3788/2537 3336/3789/2812 
f 3257/3695/1802 3254/3690/2810 3332/3785/2229 3335/3788/2537 
f 3334/3787/1800 3337/3790/2813 3335/3788/2537 3332/3785/2229 
f 3337/3790/2813 3338/3791/2814 3336/3789/2812 3335/3788/2537 
f 3262/3702/2518 3261/3701/2519 3339/3792/1809 3340/3793/1810 
f 3261/3701/2519 3258/3696/2255 3336/3789/2812 3339/3792/1809 
f 3338/3791/2814 3341/3794/1866 3339/3792/1809 3336/3789/2812 
f 3341/3794/1866 3342/3795/2256 3340/3793/1810 3339/3792/1809 
f 3266/3708/2522 3265/3707/2542 3343/3796/2815 3344/3797/1816 
f 3265/3707/2542 3262/3702/2518 3340/3793/1810 3343/3796/2815 
f 3342/3795/2256 3345/3798/2816 3343/3796/2815 3340/3793/1810 
f 3345/3798/2816 3346/3799/1818 3344/3797/1816 3343/3796/2815 
f 3270/3714/1819 3269/3713/1820 3347/3800/1821 3348/3801/2817 
f 3269/3713/1820 3266/3708/2522 3344/3797/1816 3347/3800/1821 
f 3346/3799/1818 3349/3802/1823 3347/3800/1821 3344/3797/1816 
f 3349/3802/1823 3350/3803/2818 3348/3801/2817 3347/3800/1821 
f 3274/3720/2545 3273/3719/2259 3351/3804/1873 3352/3805/2819 
f 3273/3719/2259 3270/3714/1819 3348/3801/2817 3351/3804/1873 
f 3350/3803/2818 3353/3806/2820 3351/3804/1873 3348/3801/2817 
f 3353/3806/2820 3354/3807/2243 3352/3805/2819 3351/3804/1873 
f 3278/3726/1831 3277/3725/1879 3355/3808/1833 3356/3809/1878 
f 3277/3725/1879 3274/3720/2545 3352/3805/2819 3355/3808/1833 
f 3354/3807/2243 3357/3810/1835 3355/3808/1833 3352/3805/2819 
f 3357/3810/1835 3358/3811/1876 3356/3809/1878 3355/3808/1833 
f 3282/3732/2262 3281/3731/1884 3359/3812/1882 3360/3813/1840 
f 3281/3731/1884 3278/3726/1831 3356/3809/1878 3359/3812/1882 
f 3358/3811/1876 3361/3814/1881 3359/3812/1882 3356/3809/1878 
f 3361/3814/1881 3362/3815/1880 3360/3813/1840 3359/3812/1882 
f 3286/3738/2247 3285/3737/2821 3363/3816/2822 3364/3817/1888 
f 3285/3737/2821 3282/3732/2262 3360/3813/1840 3363/3816/2822 
f 3362/3815/1880 3365/3818/2823 3363/3816/2822 3360/3813/1840 
f 3365/3818/2823 3366/3819/2248 3364/3817/1888 3363/3816/2822 
f 3212/3628/1736 3288/3741/2824 3367/3820/1850 3291/3744/2788 
f 3288/3741/2824 3286/3738/2247 3364/3817/1888 3367/3820/1850 
f 3366/3819/2248 3368/3821/2546 3367/3820/1850 3364/3817/1888 
f 3368/3821/2546 3292/3745/1889 3291/3744/2788 3367/3820/1850 
f 3294/3747/2825 3293/3746/2826 3369/3822/1797 3370/3823/1798 
f 3293/3746/2826 3292/3745/1794 3371/3824/2512 3369/3822/1797 
f 3372/3825/2511 3373/3826/2228 3369/3822/1797 3371/3824/2512 
f 3373/3826/2228 3374/3827/2827 3370/3823/1798 3369/3822/1797 
f 3298/3751/2828 3297/3750/2813 3375/3828/1861 3376/3829/2253 
f 3297/3750/2813 3294/3747/2825 3370/3823/1798 3375/3828/1861 
f 3374/3827/2827 3377/3830/1863 3375/3828/1861 3370/3823/1798 
f 3377/3830/1863 3378/3831/2829 3376/3829/2253 3375/3828/1861 
f 3302/3755/1812 3301/3754/1866 3379/3832/1809 3380/3833/1810 
f 3301/3754/1866 3298/3751/2828 3376/3829/2253 3379/3832/1809 
f 3378/3831/2829 3381/3834/2257 3379/3832/1809 3376/3829/2253 
f 3381/3834/2257 3382/3835/2258 3380/3833/1810 3379/3832/1809 
f 3306/3759/2830 3305/3758/2816 3383/3836/1815 3384/3837/1816 
f 3305/3758/2816 3302/3755/1812 3380/3833/1810 3383/3836/1815 
f 3382/3835/2258 3385/3838/1814 3383/3836/1815 3380/3833/1810 
f 3385/3838/1814 3386/3839/2522 3384/3837/1816 3383/3836/1815 
f 3310/3763/2543 3309/3762/1870 3387/3840/1871 3388/3841/1822 
f 3309/3762/1870 3306/3759/2830 3384/3837/1816 3387/3840/1871 
f 3386/3839/2522 3389/3842/2831 3387/3840/1871 3384/3837/1816 
f 3389/3842/2831 3390/3843/2236 3388/3841/1822 3387/3840/1871 
f 3314/3767/2832 3313/3766/1829 3391/3844/1827 3392/3845/2833 
f 3313/3766/1829 3310/3763/2543 3388/3841/1822 3391/3844/1827 
f 3390/3843/2236 3393/3846/2834 3391/3844/1827 3388/3841/1822 
f 3393/3846/2834 3394/3847/1875 3392/3845/2833 3391/3844/1827 
f 3318/3771/2835 3317/3770/1835 3395/3848/2836 3396/3849/2837 
f 3317/3770/1835 3314/3767/2832 3392/3845/2833 3395/3848/2836 
f 3394/3847/1875 3397/3850/2838 3395/3848/2836 3392/3845/2833 
f 3397/3850/2838 3398/3851/2527 3396/3849/2837 3395/3848/2836 
f 3322/3775/2528 3321/3774/2261 3399/3852/2839 3400/3853/1883 
f 3321/3774/2261 3318/3771/2835 3396/3849/2837 3399/3852/2839 
f 3398/3851/2527 3401/3854/1884 3399/3852/2839 3396/3849/2837 
f 3401/3854/1884 3402/3855/1885 3400/3853/1883 3399/3852/2839 
f 3326/3779/2248 3325/3778/2840 3403/3856/1845 3404/3857/2841 
f 3325/3778/2840 3322/3775/2528 3400/3853/1883 3403/3856/1845 
f 3402/3855/1885 3405/3858/1844 3403/3856/1845 3400/3853/1883 
f 3405/3858/1844 3406/3859/2842 3404/3857/2841 3403/3856/1845 
f 3330/3783/2843 3329/3782/1851 3407/3860/2844 3408/3861/1737 
f 3329/3782/1851 3326/3779/2248 3404/3857/2841 3407/3860/2844 
f 3406/3859/2842 3409/3862/2824 3407/3860/2844 3404/3857/2841 
f 3409/3862/2824 3410/3863/1736 3408/3861/1737 3407/3860/2844 
f 3334/3787/2497 3333/3786/2845 3411/3864/2205 3412/3865/1892 
f 3333/3786/2845 3330/3783/2843 3408/3861/1737 3411/3864/2205 
f 3410/3863/1736 3413/3866/1733 3411/3864/2205 3408/3861/1737 
f 3413/3866/1733 3414/3867/2204 3412/3865/1892 3411/3864/2205 
f 3338/3791/2846 3337/3790/1895 3415/3868/1743 3416/3869/2552 
f 3337/3790/1895 3334/3787/2497 3412/3865/1892 3415/3868/1743 
f 3414/3867/2204 3417/3870/2791 3415/3868/1743 3412/3865/1892 
f 3417/3870/2791 3418/3871/1741 3416/3869/2552 3415/3868/1743 
f 3342/3795/2264 3341/3794/2847 3419/3872/2209 3420/3873/1750 
f 3341/3794/2847 3338/3791/2846 3416/3869/2552 3419/3872/2209 
f 3418/3871/1741 3421/3874/2848 3419/3872/2209 3416/3869/2552 
f 3421/3874/2848 3422/3875/1747 3420/3873/1750 3419/3872/2209 
f 3346/3799/2849 3345/3798/2266 3423/3876/1755 3424/3877/2850 
f 3345/3798/2266 3342/3795/2264 3420/3873/1750 3423/3876/1755 
f 3422/3875/1747 3425/3878/1754 3423/3876/1755 3420/3873/1750 
f 3425/3878/1754 3426/3879/2851 3424/3877/2850 3423/3876/1755 
f 3350/3803/1764 3349/3802/2267 3427/3880/2852 3428/3881/1762 
f 3349/3802/2267 3346/3799/2849 3424/3877/2850 3427/3880/2852 
f 3426/3879/2851 3429/3882/2853 3427/3880/2852 3424/3877/2850 
f 3429/3882/2853 3430/3883/1759 3428/3881/1762 3427/3880/2852 
f 3354/3807/2218 3353/3806/2217 3431/3884/1767 3432/3885/2854 
f 3353/3806/2217 3350/3803/1764 3428/3881/1762 3431/3884/1767 
f 3430/3883/1759 3433/3886/2855 3431/3884/1767 3428/3881/1762 
f 3433/3886/2855 3434/3887/2504 3432/3885/2854 3431/3884/1767 
f 3358/3811/2271 3357/3810/2800 3435/3888/1909 3436/3889/1774 
f 3357/3810/2800 3354/3807/2218 3432/3885/2854 3435/3888/1909 
f 3434/3887/2504 3437/3890/2799 3435/3888/1909 3432/3885/2854 
f 3437/3890/2799 3438/3891/2798 3436/3889/1774 3435/3888/1909 
f 3362/3815/2560 3361/3814/2856 3439/3892/1779 3440/3893/1780 
f 3361/3814/2856 3358/3811/2271 3436/3889/1774 3439/3892/1779 
f 3438/3891/2798 3441/3894/1778 3439/3892/1779 3436/3889/1774 
f 3441/3894/1778 3442/3895/2857 3440/3893/1780 3439/3892/1779 
f 3366/3819/2224 3365/3818/2808 3443/3896/2276 3444/3897/2223 
f 3365/3818/2808 3362/3815/2560 3440/3893/1780 3443/3896/2276 
f 3442/3895/2857 3445/3898/2510 3443/3896/2276 3440/3893/1780 
f 3445/3898/2510 3446/3899/2805 3444/3897/2223 3443/3896/2276 
f 3292/3745/1794 3368/3821/2858 3447/3900/2859 3371/3824/2512 
f 3368/3821/2858 3366/3819/2224 3444/3897/2223 3447/3900/2859 
f 3446/3899/2805 3448/3901/2860 3447/3900/2859 3444/3897/2223 
f 3448/3901/2860 3372/3825/2511 3371/3824/2512 3447/3900/2859 
f 3374/3827/2861 3373/3826/2862 3449/3902/2863 3450/3903/2178 
f 3373/3826/2862 3372/3825/2176 3451/3904/1672 3449/3902/2863 
f 2853/3225/2864 2850/3222/2865 3449/3902/2863 3451/3904/1672 
f 2850/3222/2865 2849/3221/1675 3450/3903/2178 3449/3902/2863 
f 3378/3831/1926 3377/3830/1685 3452/3905/2181 3453/3906/1684 
f 3377/3830/1685 3374/3827/2861 3450/3903/2178 3452/3905/2181 
f 2849/3221/1675 2859/3231/2180 3452/3905/2181 3450/3903/2178 
f 2859/3231/2180 2858/3230/2866 3453/3906/1684 3452/3905/2181 
f 3382/3835/2483 3381/3834/1930 3454/3907/1689 3455/3908/2566 
f 3381/3834/1930 3378/3831/1926 3453/3906/1684 3454/3907/1689 
f 2858/3230/2866 2865/3237/1688 3454/3907/1689 3453/3906/1684 
f 2865/3237/1688 2864/3236/2867 3455/3908/2566 3454/3907/1689 
f 3386/3839/1933 3385/3838/1697 3456/3909/1695 3457/3910/2868 
f 3385/3838/1697 3382/3835/2483 3455/3908/2566 3456/3909/1695 
f 2864/3236/2867 2871/3243/2869 3456/3909/1695 3455/3908/2566 
f 2871/3243/2869 2870/3242/2870 3457/3910/2868 3456/3909/1695 
f 3390/3843/1704 3389/3842/1935 3458/3911/2871 3459/3912/1702 
f 3389/3842/1935 3386/3839/1933 3457/3910/2868 3458/3911/2871 
f 2870/3242/2870 2877/3249/1700 3458/3911/2871 3457/3910/2868 
f 2877/3249/1700 2876/3248/2872 3459/3912/1702 3458/3911/2871 
f 3394/3847/2873 3393/3846/1939 3460/3913/1707 3461/3914/2191 
f 3393/3846/1939 3390/3843/1704 3459/3912/1702 3460/3913/1707 
f 2876/3248/2872 2883/3255/1940 3460/3913/1707 3459/3912/1702 
f 2883/3255/1940 2882/3254/2571 3461/3914/2191 3460/3913/1707 
f 3398/3851/2283 3397/3850/2874 3462/3915/2875 3463/3916/1714 
f 3397/3850/2874 3394/3847/2873 3461/3914/2191 3462/3915/2875 
f 2882/3254/2571 2889/3261/2573 3462/3915/2875 3461/3914/2191 
f 2889/3261/2573 2888/3260/2876 3463/3916/1714 3462/3915/2875 
f 3402/3855/2197 3401/3854/1721 3464/3917/1719 3465/3918/1720 
f 3401/3854/1721 3398/3851/2283 3463/3916/1714 3464/3917/1719 
f 2888/3260/2876 2895/3267/1718 3464/3917/1719 3463/3916/1714 
f 2895/3267/1718 2894/3266/2877 3465/3918/1720 3464/3917/1719 
f 3406/3859/1944 3405/3858/2785 3466/3919/2287 3467/3920/1726 
f 3405/3858/2785 3402/3855/2197 3465/3918/1720 3466/3919/2287 
f 2894/3266/2877 2901/3273/2878 3466/3919/2287 3465/3918/1720 
f 2901/3273/2878 2900/3272/2879 3467/3920/1726 3466/3919/2287 
f 3410/3863/2880 3409/3862/1731 3468/3921/1949 3469/3922/2753 
f 3409/3862/1731 3406/3859/1944 3467/3920/1726 3468/3921/1949 
f 2900/3272/2879 2907/3278/2881 3468/3921/1949 3467/3920/1726 
f 2907/3278/2881 2906/3277/2290 3469/3922/2753 3468/3921/1949 
f 3414/3867/1620 3413/3866/1952 3470/3923/1614 3471/3924/2882 
f 3413/3866/1952 3410/3863/2880 3469/3922/2753 3470/3923/1614 
f 2906/3277/2290 2913/3283/1954 3470/3923/1614 3469/3922/2753 
f 2913/3283/1954 2912/3282/2883 3471/3924/2882 3470/3923/1614 
f 3418/3871/1955 3417/3870/1625 3472/3925/2577 3473/3926/1624 
f 3417/3870/1625 3414/3867/1620 3471/3924/2882 3472/3925/2577 
f 2912/3282/2883 2919/3288/2884 3472/3925/2577 3471/3924/2882 
f 2919/3288/2884 2918/3287/2451 3473/3926/1624 3472/3925/2577 
f 3422/3875/2294 3421/3874/2457 3474/3927/1629 3475/3928/1630 
f 3421/3874/2457 3418/3871/1955 3473/3926/1624 3474/3927/1629 
f 2918/3287/2451 2925/3294/1628 3474/3927/1629 3473/3926/1624 
f 2925/3294/1628 2924/3293/1627 3475/3928/1630 3474/3927/1629 
f 3426/3879/2885 3425/3878/1637 3476/3929/1635 3477/3930/1959 
f 3425/3878/1637 3422/3875/2294 3475/3928/1630 3476/3929/1635 
f 2924/3293/1627 2931/3300/2758 3476/3929/1635 3475/3928/1630 
f 2931/3300/2758 2930/3299/2458 3477/3930/1959 3476/3929/1635 
f 3430/3883/2463 3429/3882/1643 3478/3931/1641 3479/3932/2886 
f 3429/3882/1643 3426/3879/2885 3477/3930/1959 3478/3931/1641 
f 2930/3299/2458 2937/3306/2887 3478/3931/1641 3477/3930/1959 
f 2937/3306/2887 2936/3305/2888 3479/3932/2886 3478/3931/1641 
f 3434/3887/1650 3433/3886/2889 3480/3933/2890 3481/3321/2465 
f 3433/3886/2889 3430/3883/2463 3479/3932/2886 3480/3933/2890 
f 2936/3305/2888 2943/3312/1646 3480/3933/2890 3479/3932/2886 
f 2943/3312/1646 2942/3311/2891 3481/3321/2465 3480/3933/2890 
f 3438/3891/2761 3437/3890/2892 3482/3934/2893 3483/3935/2894 
f 3437/3890/2892 3434/3887/1650 3481/3321/2465 3482/3934/2893 
f 2942/3311/2891 2949/3318/1652 3482/3934/2893 3481/3321/2465 
f 2949/3318/1652 2948/3317/1651 3483/3935/2894 3482/3934/2893 
f 3442/3895/2585 3441/3894/1970 3484/3936/2764 3485/3937/2895 
f 3441/3894/1970 3438/3891/2761 3483/3935/2894 3484/3936/2764 
f 2948/3317/1651 2955/3326/2896 3484/3936/2764 3483/3935/2894 
f 2955/3326/2896 2954/3325/2762 3485/3937/2895 3484/3936/2764 
f 3446/3899/2304 3445/3898/1973 3486/3938/2172 3487/3939/2589 
f 3445/3898/1973 3442/3895/2585 3485/3937/2895 3486/3938/2172 
f 2954/3325/2762 2961/3332/2897 3486/3938/2172 3485/3937/2895 
f 2961/3332/2897 2960/3331/2305 3487/3939/2589 3486/3938/2172 
f 3372/3825/2176 3448/3901/1673 3488/3940/2898 3451/3904/1672 
f 3448/3901/1673 3446/3899/2304 3487/3939/2589 3488/3940/2898 
f 2960/3331/2305 2966/3337/2306 3488/3940/2898 3487/3939/2589 
f 2966/3337/2306 2853/3225/2864 3451/3904/1672 3488/3940/2898 
f 33/33/2899 53/53/2900 3489/3941/2901 31/31/2902 
f 53/53/2900 55/55/2903 75/75/2904 3489/3941/2901 
f 77/77/2905 97/97/2906 3489/3941/2901 75/75/2904 
f 97/97/2906 99/99/2907 119/3942/2908 3489/3941/2901 
f 121/132/2909 141/152/2910 3489/3941/2901 119/3942/2908 
f 141/152/2910 143/154/2911 163/174/2912 3489/3941/2901 
f 165/176/2913 176/3943/2914 3489/3941/2901 163/174/2912 
f 176/3943/2914 28/28/2915 31/31/2902 3489/3941/2901 
f 268/298/2916 415/466/2917 3490/3944/2918 269/299/2919 
f 415/466/2917 404/465/2920 402/3945/2921 3490/3944/2918 
f 382/423/2922 380/421/2923 3490/3944/2918 402/3945/2921 
f 380/421/2923 360/401/2924 358/398/2925 3490/3944/2918 
f 338/397/2926 336/3946/2927 3490/3944/2918 358/398/2925 
f 336/3946/2927 316/346/2928 314/344/2929 3490/3944/2918 
f 294/324/2930 292/322/2931 3490/3944/2918 314/344/2929 
f 292/322/2931 272/302/2932 269/299/2919 3490/3944/2918 
f 497/557/2933 517/577/2934 3491/3947/2935 495/555/2936 
f 517/577/2934 519/579/2937 539/599/2938 3491/3947/2935 
f 541/601/2939 561/621/2940 3491/3947/2935 539/599/2938 
f 561/621/2940 563/623/2941 583/3948/2942 3491/3947/2935 
f 585/656/2943 605/676/2944 3491/3947/2935 583/3948/2942 
f 605/676/2944 607/678/2945 627/698/2946 3491/3947/2935 
f 629/700/2947 640/3949/2948 3491/3947/2935 627/698/2946 
f 640/3949/2948 492/552/2949 495/555/2936 3491/3947/2935 
f 732/822/2950 879/990/2951 3492/3950/2952 733/823/2953 
f 879/990/2951 868/989/2954 866/3951/2955 3492/3950/2952 
f 846/947/2956 844/945/2957 3492/3950/2952 866/3951/2955 
f 844/945/2957 824/925/2958 822/922/2959 3492/3950/2952 
f 802/921/2960 800/3952/2961 3492/3950/2952 822/922/2959 
f 800/3952/2961 780/870/2962 778/868/2963 3492/3950/2952 
f 758/848/2964 756/846/2965 3492/3950/2952 778/868/2963 
f 756/846/2965 736/826/2966 733/823/2953 3492/3950/2952 
# 3488 polygons

#
# object Object003
#

v  0.4428 0.3147 0.3733
v  0.4487 0.3079 0.3570
v  0.4445 0.3069 0.3558
v  0.4385 0.3138 0.3722
v  0.4521 0.3031 0.3478
v  0.4501 0.3001 0.3437
v  0.4453 0.3002 0.3461
v  0.4407 0.3046 0.3552
v  0.4346 0.3116 0.3719
v  0.4323 0.3361 0.4018
v  0.4373 0.3242 0.3884
v  0.4329 0.3234 0.3874
v  0.4279 0.3354 0.4009
v  0.4289 0.3214 0.3874
v  0.4238 0.3336 0.4013
v  0.4244 0.3658 0.4227
v  0.4280 0.3501 0.4134
v  0.4236 0.3495 0.4126
v  0.4200 0.3653 0.4220
v  0.4194 0.3479 0.4132
v  0.4157 0.3641 0.4228
v  0.4201 0.4049 0.4334
v  0.4217 0.3829 0.4296
v  0.4173 0.3825 0.4290
v  0.4156 0.4047 0.4327
v  0.4129 0.3817 0.4299
v  0.4113 0.4043 0.4337
v  0.4190 0.4865 0.4336
v  0.4197 0.4355 0.4333
v  0.4153 0.4354 0.4327
v  0.4145 0.4865 0.4330
v  0.4109 0.4353 0.4337
v  0.4101 0.4868 0.4340
v  0.4381 0.3010 0.3554
v  0.4318 0.3082 0.3727
v  0.4454 0.2955 0.3430
v  0.4421 0.2934 0.3466
v  0.4368 0.2968 0.3563
v  0.4303 0.3043 0.3742
v  0.4259 0.3183 0.3886
v  0.4206 0.3308 0.4029
v  0.4242 0.3147 0.3907
v  0.4188 0.3277 0.4055
v  0.4160 0.3457 0.4151
v  0.4123 0.3623 0.4250
v  0.4140 0.3430 0.4181
v  0.4101 0.3603 0.4284
v  0.4094 0.3805 0.4324
v  0.4077 0.4036 0.4364
v  0.4072 0.3790 0.4359
v  0.4054 0.4028 0.4401
v  0.4073 0.4353 0.4364
v  0.4065 0.4871 0.4367
v  0.4049 0.4352 0.4402
v  0.4042 0.4875 0.4405
v  0.4373 0.2926 0.3578
v  0.4306 0.3004 0.3763
v  0.4451 0.2890 0.3442
v  0.4444 0.2867 0.3490
v  0.4393 0.2891 0.3597
v  0.4324 0.2970 0.3787
v  0.4243 0.3111 0.3934
v  0.4186 0.3246 0.4086
v  0.4259 0.3081 0.3962
v  0.4201 0.3219 0.4119
v  0.4137 0.3404 0.4217
v  0.4097 0.3582 0.4323
v  0.4151 0.3382 0.4254
v  0.4109 0.3565 0.4363
v  0.4066 0.3776 0.4401
v  0.4048 0.4021 0.4445
v  0.4078 0.3765 0.4443
v  0.4059 0.4015 0.4488
v  0.4043 0.4351 0.4446
v  0.4035 0.4880 0.4449
v  0.4054 0.4351 0.4490
v  0.4046 0.4884 0.4493
v  0.4426 0.2868 0.3617
v  0.4356 0.2949 0.3810
v  0.4492 0.2845 0.3467
v  0.4508 0.2840 0.3520
v  0.4467 0.2859 0.3634
v  0.4396 0.2941 0.3829
v  0.4290 0.3061 0.3989
v  0.4231 0.3202 0.4148
v  0.4330 0.3054 0.4008
v  0.4271 0.3196 0.4169
v  0.4180 0.3368 0.4285
v  0.4138 0.3554 0.4396
v  0.4219 0.3363 0.4307
v  0.4177 0.3550 0.4419
v  0.4106 0.3757 0.4478
v  0.4086 0.4011 0.4523
v  0.4145 0.3755 0.4501
v  0.4125 0.4010 0.4547
v  0.4081 0.4351 0.4525
v  0.4073 0.4887 0.4529
v  0.4120 0.4351 0.4549
v  0.4112 0.4889 0.4552
v  0.4510 0.2869 0.3647
v  0.4439 0.2950 0.3840
v  0.4555 0.2846 0.3489
v  0.4576 0.2869 0.3538
v  0.4547 0.2893 0.3653
v  0.4478 0.2972 0.3842
v  0.4374 0.3062 0.4018
v  0.4315 0.3203 0.4178
v  0.4414 0.3083 0.4018
v  0.4356 0.3221 0.4175
v  0.4263 0.3369 0.4315
v  0.4221 0.3555 0.4426
v  0.4305 0.3384 0.4309
v  0.4264 0.3567 0.4418
v  0.4189 0.3758 0.4508
v  0.4170 0.4012 0.4553
v  0.4233 0.3766 0.4499
v  0.4213 0.4017 0.4543
v  0.4165 0.4352 0.4555
v  0.4157 0.4888 0.4558
v  0.4208 0.4353 0.4545
v  0.4201 0.4886 0.4548
v  0.4574 0.2929 0.3651
v  0.4507 0.3006 0.3835
v  0.4601 0.2892 0.3496
v  0.4608 0.2937 0.3533
v  0.4586 0.2970 0.3641
v  0.4521 0.3045 0.3820
v  0.4444 0.3114 0.4006
v  0.4387 0.3248 0.4159
v  0.4461 0.3150 0.3985
v  0.4406 0.3280 0.4133
v  0.4338 0.3407 0.4290
v  0.4298 0.3585 0.4396
v  0.4359 0.3433 0.4260
v  0.4320 0.3606 0.4362
v  0.4268 0.3779 0.4474
v  0.4249 0.4023 0.4517
v  0.4290 0.3793 0.4438
v  0.4272 0.4031 0.4480
v  0.4244 0.4354 0.4518
v  0.4237 0.4883 0.4521
v  0.4268 0.4355 0.4480
v  0.4260 0.4878 0.4483
v  0.4582 0.3012 0.3626
v  0.4519 0.3085 0.3799
v  0.4605 0.2957 0.3484
v  0.4585 0.3004 0.3508
v  0.4562 0.3047 0.3607
v  0.4501 0.3118 0.3775
v  0.4460 0.3185 0.3958
v  0.4407 0.3311 0.4101
v  0.4444 0.3215 0.3930
v  0.4392 0.3338 0.4068
v  0.4362 0.3459 0.4224
v  0.4324 0.3626 0.4323
v  0.4348 0.3481 0.4187
v  0.4311 0.3643 0.4283
v  0.4295 0.3807 0.4396
v  0.4278 0.4039 0.4436
v  0.4284 0.3819 0.4354
v  0.4267 0.4045 0.4393
v  0.4274 0.4355 0.4436
v  0.4266 0.4874 0.4439
v  0.4263 0.4355 0.4392
v  0.4256 0.4870 0.4395
v  0.4528 0.3070 0.3588
v  0.4468 0.3139 0.3752
v  0.4563 0.3002 0.3460
v  0.4413 0.3235 0.3904
v  0.4362 0.3355 0.4039
v  0.4319 0.3496 0.4156
v  0.4283 0.3654 0.4250
v  0.4256 0.3827 0.4319
v  0.4239 0.4048 0.4357
v  0.4236 0.4355 0.4357
v  0.4228 0.4867 0.4359
v  0.4117 0.5700 0.4378
v  0.4162 0.5699 0.4384
v  0.4073 0.5703 0.4388
v  0.4044 0.6994 0.4423
v  0.4088 0.6991 0.4413
v  0.4133 0.6990 0.4419
v  0.4037 0.5708 0.4415
v  0.4014 0.5714 0.4453
v  0.3985 0.7005 0.4488
v  0.4008 0.6999 0.4450
v  0.4007 0.5720 0.4497
v  0.4018 0.5726 0.4541
v  0.3989 0.7017 0.4576
v  0.3978 0.7011 0.4532
v  0.4045 0.5730 0.4577
v  0.4084 0.5732 0.4600
v  0.4055 0.7022 0.4635
v  0.4016 0.7021 0.4612
v  0.4129 0.5731 0.4607
v  0.4172 0.5728 0.4596
v  0.4144 0.7019 0.4631
v  0.4100 0.7022 0.4642
v  0.4209 0.5723 0.4570
v  0.4232 0.5717 0.4532
v  0.4203 0.7007 0.4567
v  0.4180 0.7014 0.4605
v  0.4238 0.5710 0.4487
v  0.4228 0.5705 0.4444
v  0.4199 0.6996 0.4479
v  0.4209 0.7001 0.4522
v  0.4200 0.5701 0.4408
v  0.4171 0.6992 0.4443
v  0.4078 0.8871 0.4376
v  0.4122 0.8870 0.4382
v  0.4034 0.8874 0.4386
v  0.4072 1.1033 0.4202
v  0.4116 1.1030 0.4191
v  0.4161 1.1029 0.4198
v  0.3998 0.8879 0.4413
v  0.3974 0.8885 0.4451
v  0.4013 1.1044 0.4267
v  0.4036 1.1038 0.4229
v  0.3968 0.8892 0.4495
v  0.3979 0.8897 0.4539
v  0.4017 1.1056 0.4355
v  0.4007 1.1051 0.4311
v  0.4006 0.8901 0.4575
v  0.4044 0.8903 0.4598
v  0.4083 1.1062 0.4414
v  0.4044 1.1060 0.4390
v  0.4089 0.8902 0.4604
v  0.4133 0.8899 0.4594
v  0.4172 1.1058 0.4410
v  0.4128 1.1061 0.4420
v  0.4169 0.8894 0.4567
v  0.4193 0.8888 0.4529
v  0.4231 1.1047 0.4345
v  0.4208 1.1053 0.4383
v  0.4199 0.8882 0.4485
v  0.4188 0.8876 0.4441
v  0.4227 1.1035 0.4257
v  0.4238 1.1041 0.4301
v  0.4161 0.8872 0.4405
v  0.4200 1.1031 0.4221
v  0.4990 1.8453 0.1626
v  0.4948 1.8462 0.1613
v  0.5011 1.8479 0.1436
v  0.5053 1.8471 0.1451
v  0.4910 1.8486 0.1604
v  0.4975 1.8504 0.1424
v  0.5023 1.8517 0.1325
v  0.5070 1.8508 0.1303
v  0.5088 1.8489 0.1351
v  0.4873 1.8333 0.1958
v  0.4829 1.8340 0.1947
v  0.4887 1.8415 0.1784
v  0.4930 1.8407 0.1796
v  0.4790 1.8362 0.1944
v  0.4848 1.8438 0.1779
v  0.4775 1.8110 0.2238
v  0.4731 1.8115 0.2229
v  0.4777 1.8240 0.2096
v  0.4821 1.8233 0.2106
v  0.4689 1.8132 0.2233
v  0.4736 1.8259 0.2097
v  0.4704 1.7765 0.2446
v  0.4660 1.7769 0.2439
v  0.4692 1.7971 0.2342
v  0.4736 1.7966 0.2350
v  0.4617 1.7779 0.2447
v  0.4649 1.7984 0.2348
v  0.4635 1.6984 0.2668
v  0.4590 1.6985 0.2661
v  0.4634 1.7474 0.2521
v  0.4679 1.7472 0.2528
v  0.4546 1.6989 0.2671
v  0.4591 1.7481 0.2530
v  0.4885 1.8522 0.1601
v  0.4951 1.8541 0.1416
v  0.4873 1.8565 0.1605
v  0.4941 1.8584 0.1413
v  0.4996 1.8586 0.1311
v  0.5027 1.8554 0.1283
v  0.4760 1.8394 0.1952
v  0.4820 1.8473 0.1781
v  0.4744 1.8433 0.1968
v  0.4807 1.8514 0.1792
v  0.4656 1.8158 0.2250
v  0.4705 1.8288 0.2110
v  0.4637 1.8188 0.2276
v  0.4687 1.8323 0.2131
v  0.4582 1.7795 0.2470
v  0.4616 1.8005 0.2369
v  0.4560 1.7814 0.2503
v  0.4595 1.8030 0.2399
v  0.4510 1.6995 0.2698
v  0.4555 1.7492 0.2555
v  0.4487 1.7003 0.2735
v  0.4532 1.7504 0.2591
v  0.4878 1.8608 0.1615
v  0.4949 1.8628 0.1417
v  0.4899 1.8645 0.1629
v  0.4972 1.8666 0.1426
v  0.5024 1.8656 0.1317
v  0.5028 1.8620 0.1277
v  0.4745 1.8472 0.1991
v  0.4810 1.8555 0.1808
v  0.4762 1.8505 0.2015
v  0.4829 1.8591 0.1827
v  0.4634 1.8218 0.2309
v  0.4686 1.8358 0.2159
v  0.4648 1.8245 0.2342
v  0.4702 1.8388 0.2188
v  0.4555 1.7834 0.2543
v  0.4591 1.8056 0.2436
v  0.4567 1.7850 0.2583
v  0.4604 1.8077 0.2473
v  0.4481 1.7011 0.2779
v  0.4527 1.7517 0.2634
v  0.4492 1.7018 0.2822
v  0.4538 1.7529 0.2676
v  0.4933 1.8670 0.1646
v  0.5007 1.8691 0.1439
v  0.4974 1.8679 0.1662
v  0.5049 1.8700 0.1454
v  0.5090 1.8685 0.1339
v  0.5073 1.8667 0.1289
v  0.4794 1.8527 0.2039
v  0.4861 1.8615 0.1848
v  0.4834 1.8535 0.2058
v  0.4902 1.8624 0.1865
v  0.4678 1.8262 0.2371
v  0.4732 1.8408 0.2215
v  0.4717 1.8269 0.2392
v  0.4772 1.8416 0.2235
v  0.4595 1.7862 0.2617
v  0.4632 1.8092 0.2505
v  0.4634 1.7866 0.2639
v  0.4671 1.8098 0.2526
v  0.4519 1.7023 0.2858
v  0.4565 1.7536 0.2710
v  0.4557 1.7025 0.2881
v  0.4604 1.7539 0.2734
v  0.5016 1.8671 0.1676
v  0.5091 1.8692 0.1469
v  0.5054 1.8647 0.1685
v  0.5127 1.8668 0.1481
v  0.5156 1.8657 0.1364
v  0.5136 1.8668 0.1311
v  0.4877 1.8528 0.2069
v  0.4945 1.8616 0.1877
v  0.4917 1.8507 0.2071
v  0.4983 1.8593 0.1883
v  0.4761 1.8263 0.2401
v  0.4816 1.8409 0.2245
v  0.4803 1.8247 0.2398
v  0.4856 1.8390 0.2244
v  0.4678 1.7863 0.2647
v  0.4716 1.8093 0.2534
v  0.4721 1.7852 0.2639
v  0.4758 1.8079 0.2528
v  0.4602 1.7024 0.2888
v  0.4649 1.7537 0.2740
v  0.4646 1.7020 0.2878
v  0.4692 1.7530 0.2731
v  0.5080 1.8611 0.1687
v  0.5150 1.8631 0.1489
v  0.5091 1.8568 0.1683
v  0.5160 1.8587 0.1492
v  0.5183 1.8589 0.1378
v  0.5179 1.8622 0.1331
v  0.4947 1.8474 0.2063
v  0.5011 1.8558 0.1880
v  0.4963 1.8436 0.2047
v  0.5025 1.8517 0.1870
v  0.4836 1.8221 0.2381
v  0.4888 1.8361 0.2231
v  0.4855 1.8191 0.2355
v  0.4905 1.8326 0.2210
v  0.4756 1.7836 0.2616
v  0.4792 1.8058 0.2508
v  0.4778 1.7817 0.2582
v  0.4813 1.8033 0.2478
v  0.4682 1.7013 0.2851
v  0.4728 1.7520 0.2706
v  0.4705 1.7006 0.2814
v  0.4751 1.7507 0.2670
v  0.5086 1.8525 0.1673
v  0.5152 1.8543 0.1488
v  0.5065 1.8487 0.1659
v  0.5129 1.8505 0.1479
v  0.5155 1.8519 0.1373
v  0.5178 1.8556 0.1337
v  0.4961 1.8397 0.2025
v  0.5022 1.8475 0.1854
v  0.4944 1.8364 0.2000
v  0.5003 1.8440 0.1834
v  0.4858 1.8160 0.2322
v  0.4906 1.8291 0.2182
v  0.4843 1.8134 0.2288
v  0.4891 1.8261 0.2153
v  0.4783 1.7798 0.2542
v  0.4817 1.8008 0.2441
v  0.4771 1.7781 0.2502
v  0.4804 1.7986 0.2404
v  0.4711 1.6998 0.2770
v  0.4756 1.7494 0.2627
v  0.4701 1.6991 0.2727
v  0.4745 1.7483 0.2585
v  0.5031 1.8463 0.1642
v  0.5094 1.8481 0.1466
v  0.5133 1.8509 0.1325
v  0.4913 1.8341 0.1976
v  0.4970 1.8416 0.1814
v  0.4814 1.8116 0.2259
v  0.4860 1.8241 0.2126
v  0.4743 1.7770 0.2469
v  0.4775 1.7972 0.2372
v  0.4673 1.6986 0.2691
v  0.4718 1.7475 0.2551
v  0.4547 1.6198 0.2939
v  0.4503 1.6199 0.2933
v  0.4426 1.4970 0.3321
v  0.4381 1.4971 0.3314
v  0.4337 1.4974 0.3325
v  0.4459 1.6202 0.2943
v  0.4423 1.6207 0.2970
v  0.4301 1.4979 0.3351
v  0.4278 1.4985 0.3390
v  0.4399 1.6213 0.3008
v  0.4393 1.6219 0.3052
v  0.4271 1.4991 0.3434
v  0.4282 1.4997 0.3478
v  0.4404 1.6225 0.3096
v  0.4431 1.6229 0.3132
v  0.4309 1.5001 0.3513
v  0.4348 1.5003 0.3537
v  0.4469 1.6231 0.3155
v  0.4514 1.6230 0.3162
v  0.4393 1.5002 0.3543
v  0.4437 1.4999 0.3533
v  0.4558 1.6227 0.3151
v  0.4594 1.6222 0.3125
v  0.4473 1.4994 0.3506
v  0.4496 1.4988 0.3468
v  0.4618 1.6216 0.3086
v  0.4624 1.6209 0.3042
v  0.4502 1.4981 0.3424
v  0.4492 1.4976 0.3380
v  0.4613 1.6204 0.2998
v  0.4586 1.6200 0.2963
v  0.4464 1.4972 0.3344
v  0.4280 1.3155 0.3792
v  0.4235 1.3156 0.3786
v  0.4191 1.3159 0.3796
v  0.4155 1.3164 0.3823
v  0.4131 1.3170 0.3861
v  0.4125 1.3176 0.3905
v  0.4136 1.3182 0.3949
v  0.4163 1.3186 0.3985
v  0.4202 1.3187 0.4008
v  0.4246 1.3187 0.4015
v  0.4290 1.3184 0.4004
v  0.4326 1.3179 0.3978
v  0.4350 1.3173 0.3939
v  0.4356 1.3166 0.3895
v  0.4346 1.3161 0.3852
v  0.4318 1.3157 0.3816
v  -0.2701 1.0728 0.0310
v  -0.2688 1.0701 0.0126
v  -0.2695 1.0745 0.0118
v  -0.2708 1.0772 0.0304
v  -0.2688 1.0686 0.0018
v  -0.2700 1.0713 -0.0028
v  -0.2714 1.0755 0.0002
v  -0.2718 1.0783 0.0109
v  -0.2732 1.0811 0.0298
v  -0.2639 1.0778 0.0673
v  -0.2684 1.0754 0.0494
v  -0.2692 1.0798 0.0489
v  -0.2647 1.0823 0.0669
v  -0.2715 1.0837 0.0487
v  -0.2669 1.0862 0.0672
v  -0.2468 1.0820 0.1000
v  -0.2567 1.0800 0.0843
v  -0.2573 1.0845 0.0841
v  -0.2474 1.0864 0.0999
v  -0.2594 1.0885 0.0847
v  -0.2492 1.0904 0.1008
v  -0.2164 1.0848 0.1272
v  -0.2346 1.0835 0.1140
v  -0.2350 1.0880 0.1140
v  -0.2168 1.0893 0.1272
v  -0.2366 1.0921 0.1152
v  -0.2181 1.0934 0.1287
v  -0.1432 1.0875 0.1629
v  -0.1889 1.0858 0.1404
v  -0.1892 1.0903 0.1406
v  -0.1433 1.0920 0.1631
v  -0.1901 1.0944 0.1422
v  -0.1440 1.0961 0.1648
v  -0.2754 1.0808 0.0100
v  -0.2768 1.0836 0.0295
v  -0.2744 1.0760 -0.0046
v  -0.2781 1.0784 -0.0018
v  -0.2797 1.0818 0.0092
v  -0.2811 1.0847 0.0294
v  -0.2751 1.0864 0.0490
v  -0.2703 1.0889 0.0680
v  -0.2794 1.0875 0.0495
v  -0.2744 1.0902 0.0692
v  -0.2626 1.0913 0.0860
v  -0.2521 1.0933 0.1026
v  -0.2664 1.0926 0.0879
v  -0.2556 1.0947 0.1051
v  -0.2392 1.0950 0.1175
v  -0.2202 1.0964 0.1313
v  -0.2422 1.0965 0.1204
v  -0.2227 1.0979 0.1347
v  -0.1917 1.0974 0.1451
v  -0.1452 1.0991 0.1680
v  -0.1936 1.0989 0.1489
v  -0.1467 1.1006 0.1720
v  -0.2841 1.0809 0.0087
v  -0.2856 1.0839 0.0295
v  -0.2807 1.0759 -0.0063
v  -0.2849 1.0755 -0.0029
v  -0.2878 1.0785 0.0085
v  -0.2894 1.0816 0.0299
v  -0.2837 1.0869 0.0504
v  -0.2786 1.0896 0.0707
v  -0.2875 1.0846 0.0513
v  -0.2822 1.0874 0.0722
v  -0.2703 1.0921 0.0900
v  -0.2592 1.0943 0.1078
v  -0.2737 1.0900 0.0920
v  -0.2622 1.0922 0.1103
v  -0.2453 1.0961 0.1236
v  -0.2253 1.0975 0.1383
v  -0.2480 1.0941 0.1266
v  -0.2275 1.0956 0.1417
v  -0.1956 1.0986 0.1529
v  -0.1482 1.1004 0.1762
v  -0.1974 1.0967 0.1565
v  -0.1495 1.0985 0.1800
v  -0.2904 1.0748 0.0086
v  -0.2919 1.0780 0.0304
v  -0.2854 1.0713 -0.0068
v  -0.2880 1.0686 -0.0026
v  -0.2914 1.0704 0.0091
v  -0.2930 1.0736 0.0311
v  -0.2900 1.0810 0.0522
v  -0.2847 1.0839 0.0735
v  -0.2910 1.0767 0.0530
v  -0.2857 1.0796 0.0744
v  -0.2760 1.0865 0.0937
v  -0.2643 1.0888 0.1123
v  -0.2770 1.0822 0.0947
v  -0.2652 1.0845 0.1134
v  -0.2498 1.0907 0.1288
v  -0.2291 1.0922 0.1442
v  -0.2506 1.0864 0.1301
v  -0.2297 1.0879 0.1456
v  -0.1986 1.0933 0.1592
v  -0.1505 1.0951 0.1829
v  -0.1991 1.0891 0.1606
v  -0.1509 1.0908 0.1843
v  -0.2907 1.0660 0.0099
v  -0.2922 1.0692 0.0317
v  -0.2856 1.0647 -0.0058
v  -0.2854 1.0617 -0.0009
v  -0.2884 1.0623 0.0108
v  -0.2899 1.0654 0.0322
v  -0.2903 1.0723 0.0535
v  -0.2850 1.0751 0.0747
v  -0.2880 1.0684 0.0536
v  -0.2828 1.0712 0.0745
v  -0.2763 1.0777 0.0949
v  -0.2646 1.0800 0.1135
v  -0.2743 1.0738 0.0943
v  -0.2628 1.0760 0.1126
v  -0.2501 1.0819 0.1301
v  -0.2294 1.0834 0.1455
v  -0.2485 1.0779 0.1289
v  -0.2281 1.0793 0.1440
v  -0.1989 1.0845 0.1605
v  -0.1508 1.0863 0.1841
v  -0.1979 1.0805 0.1588
v  -0.1501 1.0822 0.1824
v  -0.2848 1.0598 0.0117
v  -0.2863 1.0628 0.0326
v  -0.2813 1.0601 -0.0040
v  -0.2787 1.0588 0.0010
v  -0.2805 1.0588 0.0125
v  -0.2819 1.0617 0.0327
v  -0.2844 1.0657 0.0534
v  -0.2793 1.0685 0.0737
v  -0.2801 1.0646 0.0528
v  -0.2752 1.0672 0.0725
v  -0.2711 1.0710 0.0930
v  -0.2599 1.0731 0.1108
v  -0.2672 1.0696 0.0912
v  -0.2564 1.0717 0.1084
v  -0.2460 1.0749 0.1266
v  -0.2260 1.0764 0.1414
v  -0.2430 1.0735 0.1237
v  -0.2235 1.0749 0.1380
v  -0.1963 1.0775 0.1559
v  -0.1489 1.0792 0.1792
v  -0.1944 1.0759 0.1522
v  -0.1474 1.0777 0.1752
v  -0.2761 1.0597 0.0130
v  -0.2775 1.0625 0.0325
v  -0.2749 1.0601 -0.0023
v  -0.2719 1.0617 0.0022
v  -0.2724 1.0621 0.0132
v  -0.2737 1.0648 0.0322
v  -0.2758 1.0652 0.0520
v  -0.2710 1.0678 0.0710
v  -0.2720 1.0675 0.0511
v  -0.2674 1.0700 0.0695
v  -0.2633 1.0701 0.0890
v  -0.2528 1.0722 0.1057
v  -0.2599 1.0722 0.0870
v  -0.2498 1.0742 0.1031
v  -0.2399 1.0739 0.1205
v  -0.2209 1.0752 0.1344
v  -0.2372 1.0758 0.1175
v  -0.2187 1.0772 0.1310
v  -0.1924 1.0762 0.1482
v  -0.1459 1.0779 0.1710
v  -0.1907 1.0782 0.1445
v  -0.1446 1.0799 0.1672
v  -0.2698 1.0658 0.0131
v  -0.2711 1.0685 0.0316
v  -0.2702 1.0648 -0.0018
v  -0.2695 1.0711 0.0501
v  -0.2650 1.0735 0.0682
v  -0.2576 1.0757 0.0854
v  -0.2477 1.0777 0.1012
v  -0.2353 1.0793 0.1153
v  -0.2171 1.0806 0.1285
v  -0.1895 1.0816 0.1418
v  -0.1436 1.0832 0.1643
v  -0.0705 1.0954 0.2040
v  -0.0703 1.0909 0.2037
v  -0.0711 1.0995 0.2058
v  0.0434 1.1042 0.2653
v  0.0441 1.1001 0.2635
v  0.0442 1.0956 0.2633
v  -0.0721 1.1025 0.2090
v  -0.0734 1.1041 0.2130
v  0.0411 1.1088 0.2726
v  0.0424 1.1072 0.2685
v  -0.0748 1.1038 0.2173
v  -0.0760 1.1019 0.2213
v  0.0385 1.1066 0.2808
v  0.0397 1.1085 0.2769
v  -0.0769 1.0985 0.2241
v  -0.0773 1.0943 0.2256
v  0.0372 1.0990 0.2851
v  0.0376 1.1032 0.2837
v  -0.0772 1.0898 0.2254
v  -0.0766 1.0857 0.2236
v  0.0380 1.0904 0.2831
v  0.0373 1.0945 0.2849
v  -0.0755 1.0827 0.2204
v  -0.0742 1.0811 0.2163
v  0.0403 1.0858 0.2759
v  0.0390 1.0874 0.2799
v  -0.0729 1.0814 0.2120
v  -0.0716 1.0833 0.2081
v  0.0429 1.0880 0.2676
v  0.0417 1.0861 0.2716
v  -0.0708 1.0867 0.2052
v  0.0438 1.0913 0.2648
v  0.2150 1.1056 0.3419
v  0.2151 1.1011 0.3416
v  0.2144 1.1097 0.3437
v  0.4170 1.1139 0.4203
v  0.4177 1.1098 0.4185
v  0.4178 1.1053 0.4182
v  0.2133 1.1127 0.3469
v  0.2120 1.1143 0.3509
v  0.4147 1.1184 0.4275
v  0.4160 1.1169 0.4235
v  0.2107 1.1140 0.3552
v  0.2094 1.1121 0.3591
v  0.4121 1.1163 0.4357
v  0.4133 1.1182 0.4318
v  0.2086 1.1087 0.3620
v  0.2081 1.1045 0.3635
v  0.4108 1.1086 0.4401
v  0.4112 1.1129 0.4386
v  0.2083 1.1000 0.3633
v  0.2089 1.0959 0.3615
v  0.4116 1.1000 0.4381
v  0.4109 1.1041 0.4399
v  0.2099 1.0928 0.3583
v  0.2112 1.0913 0.3542
v  0.4139 1.0955 0.4308
v  0.4126 1.0970 0.4349
v  0.2126 1.0916 0.3499
v  0.2138 1.0935 0.3460
v  0.4165 1.0976 0.4226
v  0.4153 1.0957 0.4265
v  0.2147 1.0968 0.3431
v  0.4174 1.1010 0.4197
v  1.2036 1.0903 0.4981
v  1.2045 1.0947 0.4980
v  1.2142 1.0921 0.4821
v  1.2132 1.0877 0.4823
v  1.2067 1.0986 0.4989
v  1.2165 1.0959 0.4827
v  1.2224 1.0932 0.4737
v  1.2230 1.0890 0.4705
v  1.2195 1.0862 0.4736
v  1.1776 1.0949 0.5242
v  1.1783 1.0994 0.5243
v  1.1925 1.0971 0.5122
v  1.1917 1.0927 0.5122
v  1.1799 1.1033 0.5258
v  1.1943 1.1011 0.5134
v  1.1447 1.0984 0.5411
v  1.1451 1.1029 0.5413
v  1.1624 1.1013 0.5341
v  1.1618 1.0968 0.5339
v  1.1460 1.1070 0.5431
v  1.1636 1.1053 0.5357
v  1.1042 1.1005 0.5458
v  1.1043 1.1050 0.5460
v  1.1269 1.1042 0.5457
v  1.1266 1.0997 0.5454
v  1.1045 1.1091 0.5479
v  1.1274 1.1082 0.5476
v  1.0236 1.1013 0.5327
v  1.0236 1.1058 0.5330
v  1.0740 1.1053 0.5410
v  1.0740 1.1007 0.5407
v  1.0230 1.1099 0.5348
v  1.0738 1.1094 0.5428
v  1.2098 1.1012 0.5007
v  1.2199 1.0985 0.4840
v  1.2134 1.1024 0.5031
v  1.2239 1.0995 0.4858
v  1.2289 1.0962 0.4759
v  1.2276 1.0937 0.4715
v  1.1822 1.1061 0.5284
v  1.1971 1.1038 0.5156
v  1.1848 1.1075 0.5317
v  1.2002 1.1050 0.5185
v  1.1473 1.1099 0.5462
v  1.1654 1.1082 0.5387
v  1.1487 1.1113 0.5502
v  1.1675 1.1096 0.5424
v  1.1046 1.1120 0.5513
v  1.1281 1.1112 0.5509
v  1.1046 1.1136 0.5555
v  1.1289 1.1127 0.5550
v  1.0221 1.1129 0.5380
v  1.0733 1.1124 0.5461
v  1.0210 1.1145 0.5421
v  1.0727 1.1139 0.5503
v  1.2169 1.1017 0.5058
v  1.2278 1.0988 0.4879
v  1.2198 1.0995 0.5083
v  1.2310 1.0965 0.4899
v  1.2353 1.0935 0.4789
v  1.2337 1.0939 0.4738
v  1.1874 1.1070 0.5354
v  1.2033 1.1045 0.5217
v  1.1895 1.1049 0.5387
v  1.2059 1.1023 0.5247
v  1.1500 1.1110 0.5544
v  1.1695 1.1091 0.5464
v  1.1511 1.1090 0.5583
v  1.1711 1.1071 0.5500
v  1.1047 1.1133 0.5599
v  1.1295 1.1124 0.5594
v  1.1046 1.1113 0.5640
v  1.1301 1.1104 0.5634
v  1.0198 1.1142 0.5464
v  1.0720 1.1136 0.5547
v  1.0187 1.1123 0.5503
v  1.0714 1.1117 0.5587
v  1.2217 1.0959 0.5102
v  1.2331 1.0928 0.4915
v  1.2223 1.0915 0.5114
v  1.2337 1.0885 0.4926
v  1.2377 1.0867 0.4810
v  1.2380 1.0893 0.4761
v  1.1908 1.1014 0.5412
v  1.2075 1.0987 0.5269
v  1.1912 1.0971 0.5425
v  1.2080 1.0944 0.5282
v  1.1518 1.1055 0.5611
v  1.1721 1.1036 0.5527
v  1.1519 1.1013 0.5626
v  1.1724 1.0994 0.5541
v  1.1045 1.1080 0.5669
v  1.1304 1.1070 0.5663
v  1.1044 1.1037 0.5684
v  1.1304 1.1027 0.5678
v  1.0180 1.1089 0.5532
v  1.0709 1.1083 0.5616
v  1.0176 1.1047 0.5547
v  1.0706 1.1041 0.5631
v  1.2214 1.0871 0.5115
v  1.2328 1.0840 0.4928
v  1.2193 1.0832 0.5106
v  1.2305 1.0802 0.4922
v  1.2348 1.0797 0.4809
v  1.2377 1.0827 0.4770
v  1.1906 1.0926 0.5424
v  1.2072 1.0900 0.5282
v  1.1890 1.0886 0.5410
v  1.2053 1.0861 0.5270
v  1.1515 1.0968 0.5624
v  1.1718 1.0949 0.5539
v  1.1506 1.0927 0.5606
v  1.1706 1.0909 0.5523
v  1.1042 1.0992 0.5682
v  1.1301 1.0982 0.5676
v  1.1041 1.0951 0.5663
v  1.1295 1.0942 0.5657
v  1.0177 1.1001 0.5545
v  1.0706 1.0996 0.5629
v  1.0182 1.0961 0.5527
v  1.0709 1.0955 0.5610
v  1.2162 1.0806 0.5088
v  1.2270 1.0776 0.4909
v  1.2126 1.0794 0.5064
v  1.2231 1.0766 0.4891
v  1.2283 1.0766 0.4787
v  1.2332 1.0780 0.4761
v  1.1867 1.0858 0.5384
v  1.2026 1.0833 0.5247
v  1.1840 1.0845 0.5350
v  1.1994 1.0821 0.5218
v  1.1493 1.0898 0.5575
v  1.1688 1.0880 0.5494
v  1.1479 1.0884 0.5535
v  1.1667 1.0866 0.5457
v  1.1039 1.0921 0.5629
v  1.1288 1.0912 0.5624
v  1.1039 1.0906 0.5587
v  1.1281 1.0897 0.5583
v  1.0191 1.0930 0.5494
v  1.0713 1.0925 0.5577
v  1.0202 1.0915 0.5454
v  1.0719 1.0909 0.5536
v  1.2091 1.0801 0.5037
v  1.2192 1.0773 0.4870
v  1.2061 1.0823 0.5012
v  1.2160 1.0797 0.4850
v  1.2219 1.0794 0.4757
v  1.2270 1.0779 0.4738
v  1.1815 1.0850 0.5314
v  1.1964 1.0827 0.5187
v  1.1793 1.0871 0.5281
v  1.1938 1.0848 0.5157
v  1.1465 1.0887 0.5493
v  1.1647 1.0870 0.5417
v  1.1454 1.0907 0.5454
v  1.1631 1.0891 0.5381
v  1.1039 1.0909 0.5543
v  1.1274 1.0900 0.5539
v  1.1039 1.0928 0.5502
v  1.1269 1.0920 0.5499
v  1.0214 1.0918 0.5410
v  1.0726 1.0912 0.5492
v  1.0225 1.0937 0.5371
v  1.0733 1.0931 0.5452
v  1.2042 1.0859 0.4993
v  1.2139 1.0833 0.4834
v  1.2228 1.0824 0.4715
v  1.1780 1.0906 0.5256
v  1.1922 1.0884 0.5135
v  1.1448 1.0942 0.5426
v  1.1621 1.0925 0.5354
v  1.1040 1.0962 0.5473
v  1.1266 1.0954 0.5470
v  1.0233 1.0970 0.5342
v  1.0737 1.0965 0.5422
v  0.9405 1.1029 0.5242
v  0.9404 1.1074 0.5244
v  0.8125 1.1047 0.5068
v  0.8124 1.1092 0.5071
v  0.8118 1.1133 0.5089
v  0.9398 1.1115 0.5262
v  0.9387 1.1145 0.5294
v  0.8107 1.1163 0.5121
v  0.8094 1.1179 0.5161
v  0.9374 1.1160 0.5335
v  0.9361 1.1158 0.5378
v  0.8081 1.1176 0.5204
v  0.8069 1.1157 0.5243
v  0.9348 1.1139 0.5417
v  0.9340 1.1105 0.5446
v  0.8060 1.1123 0.5272
v  0.8056 1.1081 0.5287
v  0.9335 1.1062 0.5460
v  0.9337 1.1017 0.5458
v  0.8057 1.1035 0.5285
v  0.8063 1.0994 0.5267
v  0.9343 1.0976 0.5440
v  0.9353 1.0946 0.5408
v  0.8074 1.0964 0.5234
v  0.8087 1.0949 0.5194
v  0.9366 1.0931 0.5368
v  0.9380 1.0933 0.5325
v  0.8100 1.0952 0.5151
v  0.8113 1.0971 0.5112
v  0.9392 1.0952 0.5285
v  0.9401 1.0986 0.5257
v  0.8121 1.1004 0.5083
v  0.6276 1.1060 0.4724
v  0.6275 1.1105 0.4726
v  0.6269 1.1146 0.4744
v  0.6258 1.1176 0.4776
v  0.6245 1.1191 0.4817
v  0.6232 1.1189 0.4860
v  0.6219 1.1170 0.4899
v  0.6211 1.1136 0.4928
v  0.6206 1.1093 0.4943
v  0.6208 1.1048 0.4940
v  0.6214 1.1007 0.4922
v  0.6224 1.0977 0.4890
v  0.6237 1.0962 0.4850
v  0.6251 1.0964 0.4807
v  0.6263 1.0983 0.4768
v  0.6272 1.1017 0.4739
v  1.0735 1.5491 0.4240
v  1.1312 1.4461 0.4583
v  1.1303 1.4479 0.4655
v  1.0725 1.5511 0.4312
v  1.1723 1.3343 0.4886
v  1.1715 1.3359 0.4959
v  1.1733 1.3381 0.5028
v  1.1319 1.4507 0.4723
v  1.0738 1.5544 0.4377
v  0.9141 1.7186 0.3470
v  1.0005 1.6407 0.3866
v  0.9993 1.6428 0.3937
v  0.9128 1.7209 0.3540
v  1.0003 1.6466 0.4001
v  0.9133 1.7251 0.3602
v  0.7096 1.8262 0.2652
v  0.8163 1.7809 0.3062
v  0.8148 1.7833 0.3132
v  0.7079 1.8287 0.2721
v  0.8148 1.7879 0.3191
v  0.7074 1.8335 0.2778
v  0.4802 1.8614 0.1866
v  0.5967 1.8532 0.2251
v  0.5947 1.8558 0.2318
v  0.4780 1.8640 0.1934
v  0.5936 1.8607 0.2374
v  0.4763 1.8689 0.1987
v  0.2482 1.8208 0.1190
v  0.3631 1.8505 0.1510
v  0.3607 1.8530 0.1576
v  0.2456 1.8233 0.1255
v  0.3583 1.8579 0.1628
v  0.2426 1.8280 0.1305
v  0.0363 1.7082 0.0688
v  0.1384 1.7729 0.0913
v  0.1355 1.7753 0.0979
v  0.0333 1.7105 0.0753
v  0.1320 1.7798 0.1027
v  0.0292 1.7146 0.0800
v  -0.1347 1.5348 0.0410
v  -0.0554 1.6282 0.0519
v  -0.0586 1.6303 0.0583
v  -0.1380 1.5368 0.0475
v  -0.0632 1.6340 0.0630
v  -0.1430 1.5400 0.0520
v  -0.2480 1.3175 0.0384
v  -0.1993 1.4304 0.0365
v  -0.2028 1.4321 0.0430
v  -0.2516 1.3190 0.0449
v  -0.2081 1.4348 0.0475
v  -0.2571 1.3212 0.0494
v  -0.2926 1.0776 0.0612
v  -0.2793 1.1989 0.0468
v  -0.2829 1.2002 0.0532
v  -0.2963 1.0787 0.0677
v  -0.2886 1.2017 0.0578
v  -0.3020 1.0795 0.0724
v  -0.2642 0.8386 0.1072
v  -0.2875 0.9565 0.0816
v  -0.2911 0.9573 0.0881
v  -0.2677 0.8391 0.1138
v  -0.2968 0.9575 0.0929
v  -0.2734 0.8388 0.1187
v  -0.1654 0.6238 0.1718
v  -0.2230 0.7268 0.1375
v  -0.2266 0.7271 0.1442
v  -0.1688 0.6239 0.1785
v  -0.2320 0.7262 0.1492
v  -0.1739 0.6225 0.1838
v  -0.0059 0.4543 0.2488
v  -0.0923 0.5322 0.2092
v  -0.0956 0.5322 0.2160
v  -0.0090 0.4541 0.2556
v  -0.1003 0.5303 0.2214
v  -0.0133 0.4517 0.2613
v  0.1985 0.3466 0.3306
v  0.0919 0.3920 0.2896
v  0.0890 0.3917 0.2965
v  0.1958 0.3463 0.3376
v  0.0852 0.3890 0.3024
v  0.1926 0.3434 0.3437
v  0.4280 0.3114 0.4092
v  0.3115 0.3197 0.3708
v  0.3090 0.3193 0.3778
v  0.4257 0.3110 0.4163
v  0.3064 0.3162 0.3841
v  0.4237 0.3079 0.4228
v  0.6600 0.3521 0.4769
v  0.5451 0.3224 0.4448
v  0.5431 0.3220 0.4520
v  0.6582 0.3518 0.4841
v  0.5417 0.3190 0.4587
v  0.6574 0.3489 0.4910
v  0.8719 0.4646 0.5271
v  0.7698 0.4000 0.5045
v  0.7682 0.3997 0.5118
v  0.8705 0.4645 0.5344
v  0.7680 0.3971 0.5188
v  0.8708 0.4622 0.5415
v  1.0428 0.6381 0.5548
v  0.9636 0.5447 0.5439
v  0.9624 0.5448 0.5513
v  1.0418 0.6383 0.5622
v  0.9631 0.5429 0.5585
v  1.0429 0.6369 0.5695
v  1.1562 0.8554 0.5574
v  1.1075 0.7425 0.5593
v  1.1066 0.7429 0.5667
v  1.1553 0.8560 0.5648
v  1.1081 0.7420 0.5740
v  1.1571 0.8557 0.5721
v  1.2008 1.0953 0.5346
v  1.1875 0.9739 0.5491
v  1.1867 0.9748 0.5565
v  1.2000 1.0964 0.5420
v  1.1886 0.9751 0.5637
v  1.2020 1.0973 0.5491
v  1.1956 1.2164 0.5143
v  1.1948 1.2177 0.5216
v  1.1968 1.2193 0.5287
v  1.1360 1.4541 0.4774
v  1.0775 1.5587 0.4426
v  1.1778 1.3406 0.5082
v  1.1840 1.3432 0.5114
v  1.1419 1.4577 0.4803
v  1.0828 1.5632 0.4452
v  1.0034 1.6516 0.4047
v  0.9157 1.7307 0.3645
v  1.0080 1.6569 0.4069
v  0.9195 1.7368 0.3664
v  0.8164 1.7939 0.3231
v  0.7082 1.8399 0.2815
v  0.8193 1.8006 0.3246
v  0.7101 1.8470 0.2826
v  0.5935 1.8673 0.2407
v  0.4752 1.8757 0.2017
v  0.5943 1.8747 0.2414
v  0.4750 1.8831 0.2021
v  0.3564 1.8645 0.1655
v  0.2397 1.8344 0.1330
v  0.3551 1.8718 0.1656
v  0.2374 1.8414 0.1328
v  0.1283 1.7858 0.1050
v  0.0247 1.7202 0.0821
v  0.1249 1.7924 0.1045
v  0.0203 1.7261 0.0814
v  -0.0684 1.6389 0.0649
v  -0.1489 1.5441 0.0539
v  -0.0736 1.6441 0.0641
v  -0.1548 1.5485 0.0529
v  -0.2145 1.4381 0.0493
v  -0.2639 1.3236 0.0513
v  -0.2210 1.4415 0.0483
v  -0.2709 1.3259 0.0503
v  -0.2957 1.2032 0.0597
v  -0.3092 1.0801 0.0744
v  -0.3029 1.2045 0.0588
v  -0.3166 1.0802 0.0736
v  -0.3039 0.9571 0.0950
v  -0.2803 0.8374 0.1210
v  -0.3113 0.9561 0.0945
v  -0.2874 0.8353 0.1207
v  -0.2385 0.7239 0.1519
v  -0.1800 0.6194 0.1867
v  -0.2453 0.7208 0.1518
v  -0.1862 0.6153 0.1869
v  -0.1059 0.5265 0.2246
v  -0.0182 0.4473 0.2648
v  -0.1114 0.5216 0.2252
v  -0.0229 0.4417 0.2658
v  0.0811 0.3841 0.3062
v  0.1893 0.3381 0.3478
v  0.0773 0.3779 0.3076
v  0.1865 0.3315 0.3495
v  0.3040 0.3107 0.3886
v  0.4223 0.3024 0.4276
v  0.3022 0.3038 0.3907
v  0.4216 0.2954 0.4300
v  0.5411 0.3135 0.4638
v  0.6578 0.3437 0.4963
v  0.5415 0.3067 0.4666
v  0.6592 0.3371 0.4994
v  0.7692 0.3922 0.5243
v  0.8728 0.4579 0.5472
v  0.7717 0.3861 0.5277
v  0.8762 0.4523 0.5508
v  0.9659 0.5392 0.5644
v  1.0464 0.6339 0.5754
v  0.9702 0.5344 0.5681
v  1.0514 0.6300 0.5792
v  1.1120 0.7399 0.5800
v  1.1614 0.8545 0.5780
v  1.1176 0.7369 0.5838
v  1.1674 0.8525 0.5819
v  1.1932 0.9748 0.5696
v  1.2067 1.0980 0.5549
v  1.1995 0.9740 0.5733
v  1.2131 1.0983 0.5585
v  1.2014 1.2209 0.5342
v  1.2079 1.2224 0.5377
v  1.1486 1.4608 0.4804
v  1.0890 1.5672 0.4450
v  1.1911 1.3452 0.5118
v  1.1980 1.3466 0.5094
v  1.1552 1.4630 0.4778
v  1.0951 1.5703 0.4421
v  1.0135 1.6618 0.4063
v  0.9242 1.7424 0.3654
v  1.0191 1.6656 0.4031
v  0.9291 1.7468 0.3619
v  0.8231 1.8068 0.3232
v  0.7129 1.8536 0.2809
v  0.8272 1.8117 0.3194
v  0.7162 1.8589 0.2767
v  0.5961 1.8815 0.2393
v  0.4757 1.8900 0.1996
v  0.5985 1.8870 0.2349
v  0.4772 1.8956 0.1949
v  0.3547 1.8787 0.1628
v  0.2359 1.8480 0.1297
v  0.3552 1.8841 0.1578
v  0.2355 1.8532 0.1244
v  0.1224 1.7985 0.1011
v  0.0169 1.7317 0.0778
v  0.1212 1.8034 0.0956
v  0.0149 1.7360 0.0721
v  -0.0779 1.6489 0.0604
v  -0.1598 1.5525 0.0491
v  -0.0807 1.6526 0.0545
v  -0.1632 1.5554 0.0432
v  -0.2266 1.4445 0.0445
v  -0.2769 1.3279 0.0464
v  -0.2305 1.4466 0.0385
v  -0.2812 1.3291 0.0405
v  -0.3092 1.2053 0.0550
v  -0.3230 1.0799 0.0700
v  -0.3138 1.2056 0.0492
v  -0.3277 1.0792 0.0642
v  -0.3177 0.9547 0.0910
v  -0.2936 0.8328 0.1175
v  -0.3223 0.9531 0.0854
v  -0.2980 0.8303 0.1121
v  -0.2511 0.7173 0.1489
v  -0.1915 0.6108 0.1843
v  -0.2552 0.7138 0.1437
v  -0.1951 0.6066 0.1794
v  -0.1160 0.5162 0.2230
v  -0.0267 0.4356 0.2639
v  -0.1191 0.5112 0.2184
v  -0.0291 0.4300 0.2596
v  0.0744 0.3712 0.3060
v  0.1846 0.3244 0.3484
v  0.0727 0.3651 0.3021
v  0.1838 0.3179 0.3448
v  0.3014 0.2965 0.3899
v  0.4218 0.2880 0.4296
v  0.3015 0.2898 0.3866
v  0.4228 0.2813 0.4266
v  0.5428 0.2994 0.4665
v  0.6616 0.3300 0.4996
v  0.5448 0.2927 0.4638
v  0.6645 0.3236 0.4971
v  0.7751 0.3795 0.5281
v  0.8806 0.4464 0.5515
v  0.7788 0.3735 0.5259
v  0.8851 0.4408 0.5494
v  0.9754 0.5291 0.5689
v  1.0573 0.6256 0.5801
v  0.9806 0.5242 0.5670
v  1.0632 0.6214 0.5783
v  1.1241 0.7335 0.5848
v  1.1744 0.8502 0.5828
v  1.1305 0.7302 0.5830
v  1.1812 0.8478 0.5810
v  1.2067 0.9727 0.5742
v  1.2205 1.0982 0.5593
v  1.2138 0.9713 0.5723
v  1.2277 1.0976 0.5573
v  1.2152 1.2233 0.5383
v  1.2223 1.2238 0.5361
v  1.1606 1.4640 0.4727
v  1.1002 1.5718 0.4368
v  1.2036 1.3470 0.5045
v  1.2072 1.3464 0.4979
v  1.1641 1.4636 0.4661
v  1.1036 1.5716 0.4301
v  1.0238 1.6676 0.3977
v  0.9334 1.7492 0.3562
v  1.0270 1.6676 0.3909
v  0.9365 1.7493 0.3494
v  0.8310 1.8144 0.3135
v  0.7194 1.8618 0.2706
v  0.8339 1.8147 0.3066
v  0.7221 1.8622 0.2636
v  0.6011 1.8901 0.2286
v  0.4792 1.8987 0.1884
v  0.6036 1.8905 0.2215
v  0.4814 1.8991 0.1812
v  0.3566 1.8872 0.1511
v  0.2363 1.8561 0.1175
v  0.3586 1.8876 0.1439
v  0.2381 1.8565 0.1103
v  0.1214 1.8060 0.0886
v  0.0146 1.7383 0.0650
v  0.1230 1.8063 0.0813
v  0.0160 1.7384 0.0576
v  -0.0814 1.6545 0.0473
v  -0.1644 1.5568 0.0360
v  -0.0802 1.6545 0.0399
v  -0.1633 1.5566 0.0285
v  -0.2320 1.4475 0.0313
v  -0.2830 1.3294 0.0332
v  -0.2311 1.4471 0.0238
v  -0.2821 1.3288 0.0258
v  -0.3157 1.2053 0.0420
v  -0.3297 1.0783 0.0571
v  -0.3149 1.2044 0.0345
v  -0.3289 1.0772 0.0497
v  -0.3243 0.9515 0.0784
v  -0.2999 0.8281 0.1052
v  -0.3235 0.9502 0.0710
v  -0.2990 0.8265 0.0979
v  -0.2568 0.7110 0.1370
v  -0.1965 0.6032 0.1729
v  -0.2559 0.7093 0.1298
v  -0.1955 0.6013 0.1657
v  -0.1200 0.5074 0.2120
v  -0.0296 0.4258 0.2534
v  -0.1189 0.5053 0.2049
v  -0.0283 0.4235 0.2464
v  0.0727 0.3606 0.2961
v  0.1844 0.3132 0.3390
v  0.0743 0.3582 0.2892
v  0.1861 0.3107 0.3322
v  0.3026 0.2849 0.3811
v  0.4246 0.2763 0.4213
v  0.3046 0.2824 0.3743
v  0.4267 0.2738 0.4146
v  0.5471 0.2878 0.4586
v  0.6674 0.3189 0.4922
v  0.5495 0.2853 0.4520
v  0.6700 0.3164 0.4856
v  0.7823 0.3690 0.5211
v  0.8892 0.4367 0.5447
v  0.7851 0.3666 0.5145
v  0.8922 0.4344 0.5382
v  0.9852 0.5205 0.5623
v  1.0681 0.6182 0.5737
v  0.9883 0.5184 0.5559
v  1.0715 0.6163 0.5673
v  1.1358 0.7275 0.5784
v  1.1867 0.8456 0.5764
v  1.1393 0.7258 0.5720
v  1.1903 0.8441 0.5700
v  1.2195 0.9698 0.5677
v  1.2334 1.0968 0.5526
v  1.2231 0.9685 0.5613
v  1.2371 1.0957 0.5461
v  1.2280 1.2235 0.5313
v  1.2317 1.2227 0.5248
v  1.1650 1.4618 0.4588
v  1.1046 1.5696 0.4230
v  1.2080 1.3448 0.4906
v  1.2062 1.3426 0.4837
v  1.1634 1.4591 0.4521
v  1.1033 1.5663 0.4164
v  1.0282 1.6654 0.3838
v  0.9378 1.7471 0.3424
v  1.0273 1.6617 0.3774
v  0.9373 1.7429 0.3362
v  0.8354 1.8123 0.2997
v  0.7238 1.8597 0.2568
v  0.8354 1.8077 0.2937
v  0.7243 1.8549 0.2510
v  0.6055 1.8879 0.2147
v  0.4836 1.8965 0.1745
v  0.6067 1.8830 0.2092
v  0.4854 1.8916 0.1692
v  0.3610 1.8850 0.1372
v  0.2408 1.8540 0.1037
v  0.3634 1.8802 0.1321
v  0.2437 1.8492 0.0987
v  0.1258 1.8039 0.0748
v  0.0190 1.7362 0.0512
v  0.1294 1.7994 0.0699
v  0.0231 1.7320 0.0464
v  -0.0770 1.6524 0.0335
v  -0.1599 1.5547 0.0221
v  -0.0725 1.6486 0.0288
v  -0.1550 1.5514 0.0175
v  -0.2276 1.4454 0.0174
v  -0.2786 1.3272 0.0194
v  -0.2224 1.4427 0.0128
v  -0.2730 1.3251 0.0148
v  -0.3113 1.2031 0.0281
v  -0.3253 1.0761 0.0432
v  -0.3056 1.2016 0.0235
v  -0.3195 1.0753 0.0386
v  -0.3199 0.9494 0.0645
v  -0.2955 0.8259 0.0914
v  -0.3141 0.9491 0.0597
v  -0.2898 0.8263 0.0864
v  -0.2524 0.7089 0.1231
v  -0.1921 0.6011 0.1590
v  -0.2470 0.7099 0.1181
v  -0.1870 0.6026 0.1538
v  -0.1156 0.5053 0.1982
v  -0.0252 0.4237 0.2396
v  -0.1109 0.5073 0.1927
v  -0.0209 0.4261 0.2339
v  0.0772 0.3585 0.2823
v  0.1888 0.3111 0.3252
v  0.0809 0.3612 0.2764
v  0.1920 0.3140 0.3191
v  0.3071 0.2828 0.3672
v  0.4290 0.2742 0.4074
v  0.3097 0.2859 0.3610
v  0.4310 0.2773 0.4010
v  0.5516 0.2857 0.4448
v  0.6718 0.3168 0.4783
v  0.5530 0.2888 0.4381
v  0.6726 0.3197 0.4715
v  0.7867 0.3669 0.5072
v  0.8936 0.4346 0.5308
v  0.7870 0.3695 0.5002
v  0.8933 0.4369 0.5237
v  0.9896 0.5184 0.5485
v  1.0725 0.6161 0.5599
v  0.9888 0.5203 0.5413
v  1.0714 0.6175 0.5526
v  1.1402 0.7254 0.5646
v  1.1912 0.8435 0.5626
v  1.1387 0.7263 0.5573
v  1.1894 0.8438 0.5553
v  1.2239 0.9676 0.5539
v  1.2378 1.0946 0.5387
v  1.2220 0.9673 0.5467
v  1.2359 1.0937 0.5316
v  1.2324 1.2214 0.5174
v  1.2305 1.2198 0.5104
v  1.1593 1.4556 0.4469
v  1.0996 1.5621 0.4115
v  1.2017 1.3401 0.4783
v  1.1955 1.3376 0.4751
v  1.1534 1.4521 0.4440
v  1.0944 1.5576 0.4089
v  1.0242 1.6567 0.3728
v  0.9349 1.7373 0.3319
v  1.0196 1.6513 0.3706
v  0.9311 1.7312 0.3301
v  0.8338 1.8017 0.2898
v  0.7236 1.8485 0.2474
v  0.8309 1.7950 0.2883
v  0.7216 1.8414 0.2463
v  0.6068 1.8764 0.2059
v  0.4864 1.8849 0.1662
v  0.6059 1.8690 0.2051
v  0.4866 1.8775 0.1658
v  0.3653 1.8735 0.1293
v  0.2466 1.8428 0.0962
v  0.3666 1.8662 0.1293
v  0.2489 1.8358 0.0964
v  0.1331 1.7934 0.0677
v  0.0276 1.7265 0.0444
v  0.1365 1.7868 0.0682
v  0.0319 1.7205 0.0450
v  -0.0672 1.6438 0.0269
v  -0.1491 1.5473 0.0157
v  -0.0620 1.6385 0.0278
v  -0.1432 1.5429 0.0166
v  -0.2159 1.4393 0.0110
v  -0.2663 1.3227 0.0130
v  -0.2094 1.4359 0.0120
v  -0.2593 1.3203 0.0140
v  -0.2986 1.2001 0.0216
v  -0.3124 1.0747 0.0366
v  -0.2913 1.1989 0.0225
v  -0.3050 1.0746 0.0373
v  -0.3070 0.9495 0.0576
v  -0.2829 0.8277 0.0841
v  -0.2997 0.9505 0.0581
v  -0.2758 0.8297 0.0844
v  -0.2404 0.7121 0.1154
v  -0.1808 0.6057 0.1509
v  -0.2337 0.7152 0.1155
v  -0.1746 0.6097 0.1506
v  -0.1053 0.5110 0.1895
v  -0.0160 0.4305 0.2304
v  -0.0998 0.5160 0.1889
v  -0.0113 0.4361 0.2295
v  0.0850 0.3661 0.2726
v  0.1953 0.3192 0.3150
v  0.0888 0.3723 0.2712
v  0.1981 0.3259 0.3132
v  0.3121 0.2913 0.3565
v  0.4324 0.2829 0.3962
v  0.3138 0.2982 0.3544
v  0.4331 0.2898 0.3937
v  0.5535 0.2942 0.4330
v  0.6723 0.3249 0.4662
v  0.5531 0.3011 0.4302
v  0.6708 0.3315 0.4631
v  0.7857 0.3744 0.4947
v  0.8912 0.4412 0.5180
v  0.7833 0.3805 0.4913
v  0.8878 0.4467 0.5145
v  0.9860 0.5240 0.5355
v  1.0679 0.6204 0.5467
v  0.9818 0.5288 0.5318
v  1.0629 0.6244 0.5429
v  1.1348 0.7284 0.5513
v  1.1851 0.8450 0.5494
v  1.1292 0.7313 0.5475
v  1.1790 0.8469 0.5455
v  1.2174 0.9676 0.5408
v  1.2312 1.0930 0.5258
v  1.2111 0.9684 0.5370
v  1.2247 1.0927 0.5222
v  1.2258 1.2182 0.5048
v  1.2194 1.2168 0.5014
v  1.1467 1.4490 0.4440
v  1.0882 1.5535 0.4092
v  1.1884 1.3355 0.4748
v  1.1815 1.3341 0.4772
v  1.1401 1.4467 0.4466
v  1.0820 1.5504 0.4121
v  1.0140 1.6464 0.3712
v  0.9263 1.7255 0.3310
v  1.0085 1.6426 0.3744
v  0.9215 1.7211 0.3345
v  0.8271 1.7888 0.2896
v  0.7188 1.8348 0.2480
v  0.8230 1.7839 0.2934
v  0.7156 1.8295 0.2522
v  0.6041 1.8622 0.2072
v  0.4859 1.8705 0.1683
v  0.6018 1.8567 0.2117
v  0.4845 1.8650 0.1730
v  0.3670 1.8594 0.1321
v  0.2504 1.8292 0.0995
v  0.3665 1.8539 0.1371
v  0.2508 1.8240 0.1048
v  0.1389 1.7806 0.0715
v  0.0353 1.7150 0.0486
v  0.1402 1.7758 0.0770
v  0.0374 1.7107 0.0543
v  -0.0578 1.6337 0.0315
v  -0.1382 1.5390 0.0204
v  -0.0550 1.6300 0.0373
v  -0.1348 1.5360 0.0264
v  -0.2038 1.4330 0.0159
v  -0.2532 1.3184 0.0178
v  -0.1999 1.4309 0.0218
v  -0.2489 1.3172 0.0237
v  -0.2850 1.1981 0.0263
v  -0.2985 1.0749 0.0409
v  -0.2804 1.1978 0.0321
v  -0.2939 1.0756 0.0467
v  -0.2933 0.9520 0.0616
v  -0.2696 0.8322 0.0876
v  -0.2886 0.9536 0.0672
v  -0.2652 0.8348 0.0930
v  -0.2279 0.7188 0.1184
v  -0.1693 0.6142 0.1532
v  -0.2238 0.7222 0.1236
v  -0.1657 0.6185 0.1581
v  -0.0952 0.5213 0.1912
v  -0.0075 0.4422 0.2313
v  -0.0921 0.5263 0.1958
v  -0.0051 0.4478 0.2356
v  0.0917 0.3789 0.2727
v  0.2000 0.3329 0.3144
v  0.0934 0.3850 0.2767
v  0.2008 0.3394 0.3180
v  0.3147 0.3056 0.3551
v  0.4329 0.2972 0.3941
v  0.3146 0.3122 0.3585
v  0.4319 0.3039 0.3971
v  0.5518 0.3084 0.4303
v  0.6684 0.3385 0.4628
v  0.5499 0.3150 0.4330
v  0.6656 0.3449 0.4653
v  0.7799 0.3871 0.4909
v  0.8835 0.4527 0.5138
v  0.7761 0.3931 0.4931
v  0.8789 0.4582 0.5158
v  0.9766 0.5340 0.5309
v  1.0570 0.6287 0.5419
v  0.9713 0.5389 0.5328
v  1.0511 0.6329 0.5438
v  1.1227 0.7348 0.5465
v  1.1721 0.8493 0.5446
v  1.1163 0.7381 0.5483
v  1.1653 0.8517 0.5464
v  1.2038 0.9697 0.5361
v  1.2173 1.0928 0.5214
v  1.1968 0.9712 0.5380
v  1.2102 1.0934 0.5234
v  1.2121 1.2158 0.5008
v  1.2050 1.2153 0.5030
v  1.1347 1.4458 0.4517
v  1.0769 1.5489 0.4173
v  1.1759 1.3337 0.4821
v  1.0038 1.6406 0.3798
v  0.9172 1.7188 0.3402
v  0.8192 1.7812 0.2993
v  0.7123 1.8266 0.2582
v  0.5991 1.8536 0.2180
v  0.4824 1.8619 0.1795
v  0.3651 1.8509 0.1438
v  0.2500 1.8211 0.1117
v  0.1400 1.7732 0.0840
v  0.0377 1.7084 0.0614
v  -0.0542 1.6281 0.0445
v  -0.1336 1.5346 0.0336
v  -0.1984 1.4300 0.0291
v  -0.2472 1.3169 0.0310
v  -0.2785 1.1981 0.0393
v  -0.2919 1.0765 0.0538
v  -0.2867 0.9552 0.0742
v  -0.2633 0.8370 0.0999
v  -0.2221 0.7250 0.1303
v  -0.1643 0.6218 0.1647
v  -0.0912 0.5301 0.2021
v  -0.0046 0.4520 0.2418
v  0.0934 0.3896 0.2827
v  0.2002 0.3442 0.3237
v  0.3134 0.3171 0.3640
v  0.4301 0.3089 0.4025
v  0.5475 0.3199 0.4382
v  0.6626 0.3496 0.4703
v  0.7726 0.3976 0.4980
v  0.8749 0.4624 0.5206
v  0.9668 0.5426 0.5375
v  1.0462 0.6361 0.5484
v  1.1110 0.7408 0.5529
v  1.1597 0.8538 0.5510
v  1.1911 0.9727 0.5426
v  1.2044 1.0942 0.5281
v  1.1993 1.2156 0.5078
v  0.9332 1.4685 0.4690
v  0.9797 1.3855 0.4966
v  0.9789 1.3869 0.5024
v  0.9324 1.4701 0.4747
v  1.0128 1.2954 0.5211
v  1.0122 1.2966 0.5269
v  1.0136 1.2984 0.5325
v  0.9803 1.3891 0.5079
v  0.9334 1.4728 0.4800
v  0.8046 1.6052 0.4069
v  0.8743 1.5423 0.4388
v  0.8734 1.5440 0.4445
v  0.8036 1.6070 0.4126
v  0.8741 1.5471 0.4497
v  0.8040 1.6104 0.4175
v  0.6398 1.6919 0.3410
v  0.7258 1.6554 0.3740
v  0.7246 1.6573 0.3796
v  0.6384 1.6939 0.3465
v  0.7246 1.6610 0.3844
v  0.6380 1.6978 0.3511
v  0.4548 1.7203 0.2776
v  0.5487 1.7137 0.3086
v  0.5472 1.7157 0.3140
v  0.4531 1.7224 0.2830
v  0.5462 1.7197 0.3185
v  0.4517 1.7264 0.2873
v  0.2677 1.6875 0.2230
v  0.3604 1.7115 0.2489
v  0.3585 1.7135 0.2542
v  0.2656 1.6895 0.2283
v  0.3566 1.7174 0.2584
v  0.2633 1.6933 0.2324
v  0.0969 1.5968 0.1826
v  0.1792 1.6489 0.2008
v  0.1770 1.6509 0.2060
v  0.0945 1.5986 0.1878
v  0.1741 1.6545 0.2099
v  0.0912 1.6020 0.1916
v  -0.0409 1.4570 0.1602
v  0.0230 1.5322 0.1690
v  0.0204 1.5339 0.1742
v  -0.0436 1.4586 0.1654
v  0.0168 1.5369 0.1779
v  -0.0476 1.4612 0.1691
v  -0.1323 1.2818 0.1581
v  -0.0930 1.3728 0.1566
v  -0.0958 1.3742 0.1618
v  -0.1351 1.2830 0.1633
v  -0.1001 1.3764 0.1654
v  -0.1396 1.2847 0.1670
v  -0.1682 1.0884 0.1765
v  -0.1575 1.1862 0.1648
v  -0.1604 1.1872 0.1700
v  -0.1712 1.0892 0.1817
v  -0.1650 1.1884 0.1737
v  -0.1758 1.0899 0.1855
v  -0.1453 0.8956 0.2135
v  -0.1641 0.9907 0.1929
v  -0.1670 0.9914 0.1981
v  -0.1482 0.8961 0.2188
v  -0.1716 0.9916 0.2020
v  -0.1527 0.8958 0.2228
v  -0.0656 0.7225 0.2656
v  -0.1121 0.8055 0.2380
v  -0.1150 0.8058 0.2433
v  -0.0684 0.7226 0.2710
v  -0.1193 0.8050 0.2474
v  -0.0725 0.7214 0.2753
v  0.0629 0.5858 0.3277
v  -0.0068 0.6487 0.2958
v  -0.0094 0.6487 0.3013
v  0.0604 0.5857 0.3332
v  -0.0132 0.6471 0.3057
v  0.0570 0.5838 0.3378
v  0.2277 0.4991 0.3936
v  0.1417 0.5356 0.3606
v  0.1394 0.5354 0.3662
v  0.2256 0.4988 0.3993
v  0.1364 0.5332 0.3709
v  0.2230 0.4964 0.4042
v  0.4127 0.4707 0.4570
v  0.3188 0.4773 0.4260
v  0.3168 0.4770 0.4317
v  0.4109 0.4703 0.4628
v  0.3147 0.4745 0.4368
v  0.4093 0.4678 0.4680
v  0.5998 0.5035 0.5116
v  0.5072 0.4795 0.4857
v  0.5055 0.4792 0.4916
v  0.5983 0.5032 0.5174
v  0.5044 0.4768 0.4969
v  0.5977 0.5009 0.5230
v  0.7706 0.5942 0.5520
v  0.6883 0.5421 0.5339
v  0.6870 0.5419 0.5398
v  0.7695 0.5941 0.5580
v  0.6868 0.5397 0.5454
v  0.7697 0.5922 0.5637
v  0.9084 0.7340 0.5744
v  0.8445 0.6588 0.5657
v  0.8436 0.6588 0.5716
v  0.9076 0.7342 0.5804
v  0.8442 0.6573 0.5774
v  0.9085 0.7330 0.5862
v  0.9998 0.9092 0.5765
v  0.9606 0.8182 0.5780
v  0.9598 0.8185 0.5840
v  0.9991 0.9097 0.5825
v  0.9610 0.8178 0.5899
v  1.0005 0.9095 0.5884
v  1.0358 1.1026 0.5581
v  1.0250 1.0048 0.5698
v  1.0244 1.0055 0.5758
v  1.0352 1.1035 0.5641
v  1.0259 1.0058 0.5816
v  1.0368 1.1043 0.5698
v  1.0316 1.2003 0.5417
v  1.0310 1.2013 0.5477
v  1.0326 1.2026 0.5533
v  0.9836 1.3919 0.5120
v  0.9364 1.4762 0.4840
v  1.0172 1.3004 0.5369
v  1.0222 1.3025 0.5394
v  0.9883 1.3948 0.5144
v  0.9406 1.4798 0.4861
v  0.8766 1.5511 0.4534
v  0.8059 1.6149 0.4210
v  0.8803 1.5554 0.4552
v  0.8090 1.6198 0.4225
v  0.7259 1.6659 0.3876
v  0.6386 1.7030 0.3540
v  0.7282 1.6713 0.3888
v  0.6402 1.7087 0.3550
v  0.5461 1.7251 0.3212
v  0.4508 1.7318 0.2897
v  0.5468 1.7310 0.3218
v  0.4507 1.7378 0.2901
v  0.3550 1.7228 0.2606
v  0.2610 1.6985 0.2343
v  0.3539 1.7287 0.2606
v  0.2590 1.7042 0.2342
v  0.1711 1.6593 0.2117
v  0.0876 1.6064 0.1933
v  0.1684 1.6646 0.2114
v  0.0841 1.6112 0.1927
v  0.0125 1.5409 0.1795
v  -0.0523 1.4645 0.1706
v  0.0083 1.5451 0.1788
v  -0.0571 1.4680 0.1698
v  -0.1052 1.3790 0.1669
v  -0.1451 1.2867 0.1684
v  -0.1105 1.3818 0.1661
v  -0.1507 1.2886 0.1677
v  -0.1707 1.1896 0.1753
v  -0.1816 1.0904 0.1871
v  -0.1765 1.1907 0.1745
v  -0.1875 1.0905 0.1865
v  -0.1774 0.9912 0.2037
v  -0.1583 0.8947 0.2247
v  -0.1833 0.9904 0.2033
v  -0.1640 0.8931 0.2244
v  -0.1246 0.8032 0.2496
v  -0.0774 0.7190 0.2776
v  -0.1301 0.8007 0.2495
v  -0.0824 0.7157 0.2778
v  -0.0177 0.6441 0.3082
v  0.0530 0.5803 0.3406
v  -0.0221 0.6401 0.3087
v  0.0492 0.5757 0.3414
v  0.1330 0.5293 0.3740
v  0.2203 0.4922 0.4075
v  0.1300 0.5243 0.3751
v  0.2181 0.4868 0.4089
v  0.3128 0.4701 0.4404
v  0.4081 0.4634 0.4718
v  0.3114 0.4646 0.4421
v  0.4075 0.4578 0.4738
v  0.5040 0.4724 0.5010
v  0.5980 0.4967 0.5272
v  0.5043 0.4668 0.5033
v  0.5992 0.4913 0.5297
v  0.6878 0.5358 0.5498
v  0.7714 0.5888 0.5683
v  0.6898 0.5309 0.5525
v  0.7741 0.5843 0.5712
v  0.8464 0.6543 0.5821
v  0.9113 0.7307 0.5910
v  0.8499 0.6504 0.5851
v  0.9153 0.7275 0.5941
v  0.9642 0.8161 0.5947
v  1.0040 0.9085 0.5931
v  0.9687 0.8137 0.5978
v  1.0089 0.9069 0.5962
v  1.0296 1.0055 0.5863
v  1.0405 1.1048 0.5745
v  1.0347 1.0049 0.5894
v  1.0457 1.1051 0.5774
v  1.0363 1.2039 0.5578
v  1.0415 1.2051 0.5606
v  0.9937 1.3973 0.5144
v  0.9456 1.4831 0.4859
v  1.0280 1.3041 0.5397
v  1.0335 1.3052 0.5378
v  0.9990 1.3991 0.5123
v  0.9506 1.4856 0.4835
v  0.8848 1.5594 0.4547
v  0.8128 1.6244 0.4217
v  0.8893 1.5624 0.4521
v  0.8167 1.6279 0.4189
v  0.7313 1.6763 0.3877
v  0.6424 1.7140 0.3536
v  0.7346 1.6802 0.3846
v  0.6451 1.7183 0.3502
v  0.5483 1.7365 0.3201
v  0.4512 1.7434 0.2881
v  0.5502 1.7409 0.3165
v  0.4524 1.7478 0.2842
v  0.3536 1.7342 0.2584
v  0.2579 1.7095 0.2317
v  0.3540 1.7386 0.2543
v  0.2576 1.7137 0.2274
v  0.1664 1.6696 0.2087
v  0.0813 1.6157 0.1899
v  0.1654 1.6735 0.2042
v  0.0797 1.6192 0.1853
v  0.0049 1.5490 0.1758
v  -0.0611 1.4712 0.1667
v  0.0027 1.5520 0.1711
v  -0.0639 1.4736 0.1620
v  -0.1150 1.3842 0.1630
v  -0.1556 1.2901 0.1646
v  -0.1182 1.3859 0.1582
v  -0.1591 1.2911 0.1598
v  -0.1816 1.1913 0.1715
v  -0.1927 1.0902 0.1836
v  -0.1853 1.1916 0.1668
v  -0.1965 1.0897 0.1789
v  -0.1884 0.9893 0.2005
v  -0.1690 0.8910 0.2219
v  -0.1922 0.9880 0.1960
v  -0.1726 0.8890 0.2175
v  -0.1348 0.7979 0.2472
v  -0.0867 0.7120 0.2757
v  -0.1381 0.7951 0.2430
v  -0.0896 0.7086 0.2718
v  -0.0258 0.6358 0.3069
v  0.0461 0.5708 0.3399
v  -0.0283 0.6318 0.3032
v  0.0442 0.5663 0.3364
v  0.1276 0.5189 0.3739
v  0.2165 0.4811 0.4080
v  0.1263 0.5140 0.3707
v  0.2159 0.4759 0.4051
v  0.3107 0.4586 0.4415
v  0.4077 0.4518 0.4735
v  0.3108 0.4533 0.4388
v  0.4086 0.4464 0.4711
v  0.5053 0.4609 0.5032
v  0.6011 0.4857 0.5299
v  0.5069 0.4556 0.5010
v  0.6034 0.4805 0.5279
v  0.6926 0.5256 0.5529
v  0.7776 0.5795 0.5717
v  0.6956 0.5207 0.5511
v  0.7813 0.5750 0.5701
v  0.8540 0.6462 0.5858
v  0.9201 0.7240 0.5948
v  0.8583 0.6422 0.5842
v  0.9248 0.7206 0.5934
v  0.9740 0.8110 0.5986
v  1.0145 0.9050 0.5970
v  0.9791 0.8083 0.5971
v  1.0200 0.9031 0.5955
v  1.0406 1.0038 0.5901
v  1.0517 1.1049 0.5780
v  1.0463 1.0026 0.5885
v  1.0574 1.1045 0.5764
v  1.0474 1.2059 0.5611
v  1.0531 1.2062 0.5593
v  1.0034 1.3999 0.5082
v  0.9547 1.4868 0.4793
v  1.0381 1.3055 0.5338
v  1.0410 1.3051 0.5285
v  1.0062 1.3996 0.5029
v  0.9574 1.4866 0.4739
v  0.8931 1.5640 0.4477
v  0.8202 1.6298 0.4143
v  0.8957 1.5640 0.4423
v  0.8227 1.6299 0.4088
v  0.7376 1.6824 0.3799
v  0.6476 1.7206 0.3453
v  0.7400 1.6826 0.3743
v  0.6498 1.7209 0.3397
v  0.5523 1.7434 0.3114
v  0.4540 1.7503 0.2790
v  0.5543 1.7437 0.3057
v  0.4558 1.7507 0.2732
v  0.3552 1.7411 0.2489
v  0.2582 1.7160 0.2219
v  0.3568 1.7414 0.2431
v  0.2597 1.7163 0.2160
v  0.1656 1.6756 0.1986
v  0.0794 1.6211 0.1795
v  0.1669 1.6758 0.1927
v  0.0806 1.6212 0.1736
v  0.0020 1.5535 0.1653
v  -0.0648 1.4747 0.1561
v  0.0030 1.5535 0.1593
v  -0.0640 1.4746 0.1501
v  -0.1194 1.3866 0.1523
v  -0.1605 1.2914 0.1539
v  -0.1186 1.3863 0.1463
v  -0.1598 1.2909 0.1479
v  -0.1869 1.1913 0.1609
v  -0.1981 1.0889 0.1732
v  -0.1862 1.1906 0.1550
v  -0.1975 1.0880 0.1672
v  -0.1938 0.9867 0.1903
v  -0.1741 0.8872 0.2119
v  -0.1931 0.9856 0.1844
v  -0.1734 0.8859 0.2061
v  -0.1394 0.7928 0.2376
v  -0.0907 0.7059 0.2665
v  -0.1387 0.7914 0.2317
v  -0.0899 0.7044 0.2607
v  -0.0291 0.6287 0.2981
v  0.0438 0.5629 0.3315
v  -0.0282 0.6270 0.2923
v  0.0449 0.5611 0.3258
v  0.1263 0.5103 0.3659
v  0.2163 0.4721 0.4005
v  0.1275 0.5084 0.3603
v  0.2177 0.4701 0.3949
v  0.3117 0.4493 0.4344
v  0.4100 0.4424 0.4668
v  0.3132 0.4473 0.4289
v  0.4117 0.4403 0.4614
v  0.5088 0.4517 0.4969
v  0.6058 0.4767 0.5239
v  0.5107 0.4496 0.4915
v  0.6079 0.4747 0.5186
v  0.6984 0.5171 0.5472
v  0.7845 0.5717 0.5662
v  0.7007 0.5152 0.5419
v  0.7870 0.5698 0.5610
v  0.8619 0.6392 0.5805
v  0.9288 0.7180 0.5897
v  0.8645 0.6375 0.5753
v  0.9315 0.7164 0.5845
v  0.9834 0.8061 0.5935
v  1.0245 0.9014 0.5919
v  0.9862 0.8047 0.5883
v  1.0273 0.9001 0.5867
v  1.0508 1.0014 0.5848
v  1.0621 1.1038 0.5726
v  1.0538 1.0004 0.5796
v  1.0650 1.1030 0.5674
v  1.0577 1.2060 0.5555
v  1.0607 1.2054 0.5502
v  1.0069 1.3982 0.4970
v  0.9583 1.4851 0.4681
v  1.0416 1.3038 0.5227
v  1.0401 1.3020 0.5171
v  1.0056 1.3959 0.4916
v  0.9572 1.4824 0.4628
v  0.8966 1.5623 0.4366
v  0.8237 1.6281 0.4032
v  0.8959 1.5592 0.4314
v  0.8233 1.6247 0.3982
v  0.7412 1.6807 0.3687
v  0.6512 1.7189 0.3341
v  0.7412 1.6770 0.3639
v  0.6517 1.7151 0.3295
v  0.5559 1.7417 0.3002
v  0.4576 1.7486 0.2678
v  0.5568 1.7377 0.2958
v  0.4590 1.7446 0.2635
v  0.3587 1.7393 0.2378
v  0.2618 1.7143 0.2107
v  0.3606 1.7354 0.2336
v  0.2642 1.7105 0.2067
v  0.1691 1.6739 0.1874
v  0.0830 1.6193 0.1684
v  0.1720 1.6703 0.1835
v  0.0863 1.6160 0.1646
v  0.0056 1.5518 0.1541
v  -0.0613 1.4730 0.1449
v  0.0093 1.5488 0.1504
v  -0.0573 1.4704 0.1413
v  -0.1158 1.3849 0.1412
v  -0.1569 1.2896 0.1428
v  -0.1116 1.3827 0.1375
v  -0.1524 1.2879 0.1391
v  -0.1833 1.1896 0.1498
v  -0.1946 1.0872 0.1620
v  -0.1787 1.1884 0.1461
v  -0.1899 1.0865 0.1582
v  -0.1902 0.9850 0.1792
v  -0.1705 0.8855 0.2008
v  -0.1856 0.9848 0.1753
v  -0.1660 0.8858 0.1968
v  -0.1358 0.7911 0.2264
v  -0.0872 0.7042 0.2553
v  -0.1315 0.7919 0.2223
v  -0.0830 0.7054 0.2511
v  -0.0255 0.6270 0.2869
v  0.0474 0.5612 0.3203
v  -0.0217 0.6286 0.2825
v  0.0508 0.5631 0.3157
v  0.1299 0.5086 0.3547
v  0.2199 0.4704 0.3893
v  0.1329 0.5108 0.3500
v  0.2225 0.4727 0.3844
v  0.3152 0.4476 0.4232
v  0.4135 0.4407 0.4556
v  0.3174 0.4501 0.4181
v  0.4152 0.4432 0.4504
v  0.5124 0.4499 0.4857
v  0.6093 0.4750 0.5127
v  0.5135 0.4524 0.4803
v  0.6100 0.4773 0.5072
v  0.7020 0.5154 0.5360
v  0.7881 0.5699 0.5551
v  0.7022 0.5175 0.5304
v  0.7879 0.5718 0.5493
v  0.8655 0.6375 0.5693
v  0.9324 0.7163 0.5785
v  0.8649 0.6391 0.5635
v  0.9314 0.7174 0.5726
v  0.9869 0.8044 0.5823
v  1.0280 0.8996 0.5807
v  0.9857 0.8051 0.5764
v  1.0266 0.8999 0.5748
v  1.0544 0.9997 0.5737
v  1.0657 1.1021 0.5614
v  1.0529 0.9994 0.5678
v  1.0640 1.1013 0.5557
v  1.0613 1.2043 0.5443
v  1.0597 1.2030 0.5386
v  1.0023 1.3931 0.4875
v  0.9542 1.4790 0.4589
v  1.0366 1.3000 0.5127
v  1.0316 1.2980 0.5102
v  0.9976 1.3903 0.4851
v  0.9500 1.4753 0.4568
v  0.8934 1.5552 0.4277
v  0.8214 1.6202 0.3947
v  0.8897 1.5509 0.4259
v  0.8183 1.6153 0.3932
v  0.7399 1.6721 0.3608
v  0.6510 1.7099 0.3266
v  0.7376 1.6668 0.3595
v  0.6495 1.7042 0.3257
v  0.5569 1.7324 0.2931
v  0.4598 1.7392 0.2611
v  0.5562 1.7265 0.2925
v  0.4600 1.7332 0.2608
v  0.3622 1.7301 0.2314
v  0.2665 1.7053 0.2047
v  0.3633 1.7242 0.2313
v  0.2684 1.6997 0.2049
v  0.1750 1.6654 0.1817
v  0.0899 1.6115 0.1629
v  0.1777 1.6601 0.1821
v  0.0934 1.6067 0.1634
v  0.0135 1.5448 0.1488
v  -0.0525 1.4670 0.1398
v  0.0177 1.5406 0.1495
v  -0.0478 1.4635 0.1405
v  -0.1064 1.3800 0.1360
v  -0.1470 1.2860 0.1376
v  -0.1012 1.3773 0.1368
v  -0.1414 1.2841 0.1384
v  -0.1730 1.1872 0.1445
v  -0.1841 1.0861 0.1566
v  -0.1672 1.1861 0.1453
v  -0.1782 1.0859 0.1572
v  -0.1798 0.9851 0.1735
v  -0.1604 0.8869 0.1949
v  -0.1739 0.9859 0.1740
v  -0.1547 0.8885 0.1952
v  -0.1262 0.7937 0.2202
v  -0.0781 0.7079 0.2488
v  -0.1207 0.7962 0.2202
v  -0.0731 0.7112 0.2485
v  -0.0172 0.6316 0.2799
v  0.0547 0.5666 0.3129
v  -0.0128 0.6356 0.2794
v  0.0586 0.5712 0.3121
v  0.1362 0.5147 0.3469
v  0.2251 0.4770 0.3810
v  0.1393 0.5197 0.3458
v  0.2274 0.4823 0.3796
v  0.3193 0.4545 0.4145
v  0.4163 0.4476 0.4465
v  0.3207 0.4600 0.4128
v  0.4169 0.4532 0.4445
v  0.5139 0.4568 0.4762
v  0.6097 0.4815 0.5029
v  0.5136 0.4623 0.4740
v  0.6085 0.4868 0.5004
v  0.7012 0.5214 0.5260
v  0.7862 0.5753 0.5448
v  0.6992 0.5264 0.5233
v  0.7835 0.5798 0.5419
v  0.8626 0.6420 0.5588
v  0.9287 0.7198 0.5679
v  0.8592 0.6459 0.5558
v  0.9246 0.7230 0.5648
v  0.9826 0.8068 0.5716
v  1.0231 0.9009 0.5700
v  0.9780 0.8092 0.5685
v  1.0182 0.9024 0.5670
v  1.0492 0.9997 0.5631
v  1.0603 1.1008 0.5510
v  1.0441 1.0003 0.5601
v  1.0551 1.1005 0.5481
v  1.0560 1.2017 0.5341
v  1.0508 1.2006 0.5313
v  0.9922 1.3878 0.4851
v  0.9450 1.4720 0.4570
v  1.0258 1.2963 0.5099
v  1.0202 1.2952 0.5118
v  0.9869 1.3860 0.4872
v  0.9400 1.4696 0.4593
v  0.8852 1.5470 0.4264
v  0.8145 1.6108 0.3940
v  0.8807 1.5439 0.4290
v  0.8106 1.6072 0.3968
v  0.7345 1.6617 0.3606
v  0.6472 1.6988 0.3271
v  0.7312 1.6578 0.3637
v  0.6446 1.6946 0.3304
v  0.5547 1.7209 0.2942
v  0.4594 1.7276 0.2628
v  0.5528 1.7165 0.2978
v  0.4583 1.7232 0.2666
v  0.3636 1.7186 0.2336
v  0.2696 1.6944 0.2074
v  0.3632 1.7142 0.2377
v  0.2699 1.6902 0.2116
v  0.1797 1.6552 0.1848
v  0.0962 1.6023 0.1663
v  0.1807 1.6513 0.1892
v  0.0978 1.5988 0.1709
v  0.0211 1.5367 0.1525
v  -0.0437 1.4603 0.1436
v  0.0234 1.5338 0.1572
v  -0.0410 1.4580 0.1484
v  -0.0967 1.3749 0.1399
v  -0.1365 1.2825 0.1415
v  -0.0935 1.3732 0.1447
v  -0.1330 1.2815 0.1463
v  -0.1621 1.1855 0.1483
v  -0.1730 1.0862 0.1601
v  -0.1584 1.1852 0.1530
v  -0.1692 1.0867 0.1648
v  -0.1688 0.9871 0.1768
v  -0.1497 0.8906 0.1977
v  -0.1650 0.9884 0.1813
v  -0.1461 0.8926 0.2021
v  -0.1160 0.7991 0.2226
v  -0.0688 0.7148 0.2506
v  -0.1127 0.8019 0.2267
v  -0.0659 0.7182 0.2546
v  -0.0091 0.6399 0.2812
v  0.0616 0.5761 0.3136
v  -0.0066 0.6439 0.2849
v  0.0636 0.5806 0.3171
v  0.1416 0.5251 0.3470
v  0.2289 0.4880 0.3806
v  0.1430 0.5300 0.3502
v  0.2296 0.4932 0.3835
v  0.3214 0.4659 0.4134
v  0.4167 0.4592 0.4449
v  0.3213 0.4713 0.4161
v  0.4159 0.4646 0.4473
v  0.5126 0.4682 0.4740
v  0.6066 0.4925 0.5003
v  0.5110 0.4736 0.4762
v  0.6043 0.4977 0.5023
v  0.6964 0.5317 0.5229
v  0.7800 0.5846 0.5413
v  0.6934 0.5365 0.5247
v  0.7763 0.5890 0.5430
v  0.8550 0.6501 0.5551
v  0.9199 0.7265 0.5640
v  0.8508 0.6541 0.5567
v  0.9151 0.7298 0.5655
v  0.9728 0.8120 0.5677
v  1.0126 0.9043 0.5662
v  0.9676 0.8146 0.5692
v  1.0071 0.9063 0.5676
v  1.0382 1.0014 0.5594
v  1.0491 1.1007 0.5475
v  1.0325 1.0026 0.5609
v  1.0434 1.1011 0.5491
v  1.0449 1.1998 0.5309
v  1.0392 1.1994 0.5326
v  0.9825 1.3852 0.4913
v  0.9359 1.4684 0.4636
v  1.0157 1.2949 0.5158
v  0.8769 1.5423 0.4334
v  0.8071 1.6053 0.4014
v  0.7281 1.6556 0.3684
v  0.6420 1.6922 0.3353
v  0.5507 1.7140 0.3029
v  0.4566 1.7207 0.2718
v  0.3620 1.7118 0.2431
v  0.2692 1.6878 0.2172
v  0.1805 1.6491 0.1949
v  0.0981 1.5969 0.1766
v  0.0240 1.5322 0.1630
v  -0.0400 1.4568 0.1542
v  -0.0923 1.3725 0.1506
v  -0.1316 1.2813 0.1521
v  -0.1568 1.1855 0.1588
v  -0.1676 1.0875 0.1705
v  -0.1634 0.9897 0.1870
v  -0.1446 0.8944 0.2077
v  -0.1114 0.8041 0.2322
v  -0.0648 0.7209 0.2599
v  -0.0058 0.6470 0.2901
v  0.0640 0.5840 0.3221
v  0.1430 0.5337 0.3550
v  0.2291 0.4971 0.3881
v  0.3204 0.4753 0.4206
v  0.4145 0.4686 0.4516
v  0.5091 0.4775 0.4804
v  0.6019 0.5015 0.5063
v  0.6906 0.5401 0.5286
v  0.7730 0.5924 0.5468
v  0.8471 0.6571 0.5604
v  0.9111 0.7325 0.5692
v  0.9634 0.8168 0.5729
v  1.0027 0.9080 0.5713
v  1.0279 1.0038 0.5646
v  1.0387 1.1018 0.5529
v  1.0345 1.1996 0.5365
v  0.7683 1.3613 0.4879
v  0.8009 1.3031 0.5072
v  0.8004 1.3041 0.5113
v  0.7678 1.3624 0.4919
v  0.8241 1.2400 0.5244
v  0.8236 1.2409 0.5285
v  0.8247 1.2421 0.5324
v  0.8013 1.3057 0.5151
v  0.7685 1.3642 0.4956
v  0.6783 1.4570 0.4444
v  0.7271 1.4129 0.4668
v  0.7264 1.4142 0.4708
v  0.6776 1.4583 0.4484
v  0.7270 1.4163 0.4744
v  0.6779 1.4606 0.4519
v  0.5629 1.5177 0.3983
v  0.6231 1.4921 0.4214
v  0.6223 1.4935 0.4253
v  0.5619 1.5191 0.4021
v  0.6223 1.4961 0.4287
v  0.5616 1.5218 0.4054
v  0.4333 1.5376 0.3539
v  0.4991 1.5330 0.3756
v  0.4980 1.5344 0.3794
v  0.4321 1.5390 0.3577
v  0.4974 1.5372 0.3825
v  0.4311 1.5418 0.3607
v  0.3023 1.5146 0.3157
v  0.3672 1.5314 0.3338
v  0.3659 1.5328 0.3375
v  0.3009 1.5160 0.3194
v  0.3645 1.5356 0.3404
v  0.2992 1.5187 0.3222
v  0.1827 1.4511 0.2873
v  0.2403 1.4876 0.3001
v  0.2387 1.4890 0.3038
v  0.1810 1.4524 0.2910
v  0.2367 1.4915 0.3065
v  0.1787 1.4547 0.2937
v  0.0862 1.3532 0.2717
v  0.1309 1.4059 0.2778
v  0.1291 1.4071 0.2814
v  0.0843 1.3543 0.2753
v  0.1266 1.4092 0.2841
v  0.0815 1.3561 0.2779
v  0.0222 1.2305 0.2702
v  0.0497 1.2942 0.2691
v  0.0477 1.2952 0.2727
v  0.0202 1.2314 0.2738
v  0.0447 1.2967 0.2753
v  0.0170 1.2326 0.2764
v  -0.0030 1.0950 0.2831
v  0.0045 1.1636 0.2749
v  0.0025 1.1643 0.2785
v  -0.0051 1.0956 0.2867
v  -0.0007 1.1651 0.2811
v  -0.0083 1.0961 0.2894
v  0.0131 0.9601 0.3090
v  -0.0001 1.0267 0.2945
v  -0.0021 1.0271 0.2982
v  0.0110 0.9604 0.3127
v  -0.0054 1.0273 0.3009
v  0.0079 0.9602 0.3155
v  0.0688 0.8388 0.3455
v  0.0363 0.8969 0.3262
v  0.0343 0.8972 0.3299
v  0.0669 0.8389 0.3493
v  0.0312 0.8966 0.3328
v  0.0640 0.8381 0.3523
v  0.1589 0.7431 0.3890
v  0.1101 0.7871 0.3666
v  0.1082 0.7871 0.3704
v  0.1571 0.7430 0.3928
v  0.1056 0.7860 0.3735
v  0.1547 0.7417 0.3960
v  0.2743 0.6823 0.4352
v  0.2141 0.7079 0.4120
v  0.2124 0.7078 0.4159
v  0.2728 0.6821 0.4391
v  0.2103 0.7062 0.4192
v  0.2710 0.6805 0.4425
v  0.4039 0.6625 0.4795
v  0.3381 0.6671 0.4578
v  0.3367 0.6669 0.4618
v  0.4026 0.6622 0.4836
v  0.3352 0.6651 0.4654
v  0.4014 0.6605 0.4872
v  0.5349 0.6854 0.5177
v  0.4700 0.6687 0.4996
v  0.4688 0.6684 0.5037
v  0.5338 0.6852 0.5219
v  0.4680 0.6667 0.5075
v  0.5334 0.6836 0.5257
v  0.6545 0.7490 0.5461
v  0.5969 0.7124 0.5333
v  0.5959 0.7123 0.5375
v  0.6537 0.7489 0.5502
v  0.5958 0.7108 0.5414
v  0.6538 0.7476 0.5542
v  0.7510 0.8469 0.5617
v  0.7063 0.7942 0.5556
v  0.7056 0.7942 0.5598
v  0.7504 0.8470 0.5659
v  0.7060 0.7931 0.5638
v  0.7511 0.8462 0.5700
v  0.8150 0.9696 0.5632
v  0.7875 0.9058 0.5643
v  0.7870 0.9061 0.5685
v  0.8145 0.9699 0.5674
v  0.7878 0.9056 0.5726
v  0.8155 0.9698 0.5715
v  0.8402 1.1050 0.5503
v  0.8327 1.0365 0.5585
v  0.8322 1.0370 0.5627
v  0.8398 1.1056 0.5545
v  0.8333 1.0372 0.5668
v  0.8409 1.1062 0.5585
v  0.8373 1.1734 0.5389
v  0.8368 1.1742 0.5430
v  0.8379 1.1750 0.5470
v  0.8036 1.3076 0.5181
v  0.7706 1.3667 0.4984
v  0.8272 1.2436 0.5354
v  0.8307 1.2450 0.5373
v  0.8069 1.3096 0.5197
v  0.7736 1.3692 0.4999
v  0.7287 1.4191 0.4770
v  0.6792 1.4638 0.4543
v  0.7313 1.4221 0.4782
v  0.6814 1.4672 0.4554
v  0.6232 1.4995 0.4309
v  0.5620 1.5255 0.4074
v  0.6248 1.5033 0.4318
v  0.5631 1.5295 0.4081
v  0.4973 1.5409 0.3844
v  0.4305 1.5456 0.3624
v  0.4978 1.5451 0.3848
v  0.4304 1.5498 0.3626
v  0.3634 1.5393 0.3420
v  0.2976 1.5223 0.3236
v  0.3627 1.5435 0.3420
v  0.2962 1.5263 0.3235
v  0.2346 1.4949 0.3078
v  0.1761 1.4578 0.2948
v  0.2327 1.4986 0.3075
v  0.1737 1.4612 0.2944
v  0.1236 1.4119 0.2852
v  0.0782 1.3585 0.2789
v  0.1207 1.4149 0.2847
v  0.0748 1.3609 0.2784
v  0.0411 1.2986 0.2763
v  0.0132 1.2339 0.2774
v  0.0374 1.3005 0.2758
v  0.0093 1.2353 0.2769
v  -0.0047 1.1660 0.2822
v  -0.0124 1.0964 0.2905
v  -0.0088 1.1667 0.2817
v  -0.0165 1.0965 0.2901
v  -0.0094 1.0270 0.3022
v  0.0040 0.9594 0.3168
v  -0.0135 1.0265 0.3018
v  -0.0001 0.9583 0.3167
v  0.0275 0.8954 0.3342
v  0.0606 0.8363 0.3539
v  0.0237 0.8936 0.3342
v  0.0571 0.8340 0.3540
v  0.1024 0.7839 0.3753
v  0.1519 0.7392 0.3980
v  0.0993 0.7811 0.3757
v  0.1493 0.7360 0.3986
v  0.2080 0.7035 0.4214
v  0.2691 0.6775 0.4449
v  0.2058 0.7000 0.4221
v  0.2675 0.6738 0.4459
v  0.3339 0.6621 0.4679
v  0.4006 0.6573 0.4899
v  0.3329 0.6582 0.4691
v  0.4002 0.6534 0.4913
v  0.4677 0.6636 0.5103
v  0.5336 0.6806 0.5287
v  0.4680 0.6598 0.5119
v  0.5344 0.6769 0.5305
v  0.5965 0.7081 0.5445
v  0.6550 0.7451 0.5575
v  0.5979 0.7046 0.5464
v  0.6569 0.7420 0.5595
v  0.7076 0.7910 0.5671
v  0.7530 0.8445 0.5734
v  0.7100 0.7883 0.5692
v  0.7558 0.8423 0.5755
v  0.7901 0.9044 0.5759
v  0.8180 0.9691 0.5749
v  0.7932 0.9027 0.5781
v  0.8214 0.9680 0.5770
v  0.8359 1.0370 0.5701
v  0.8435 1.1066 0.5618
v  0.8395 1.0366 0.5722
v  0.8472 1.1067 0.5638
v  0.8406 1.1760 0.5501
v  0.8442 1.1768 0.5521
v  0.8107 1.3114 0.5197
v  0.7771 1.3715 0.4997
v  0.8347 1.2461 0.5374
v  0.8386 1.2469 0.5361
v  0.8144 1.3127 0.5183
v  0.7805 1.3732 0.4981
v  0.7344 1.4249 0.4779
v  0.6840 1.4704 0.4548
v  0.7376 1.4270 0.4761
v  0.6868 1.4729 0.4528
v  0.6270 1.5068 0.4310
v  0.5647 1.5332 0.4071
v  0.6293 1.5095 0.4288
v  0.5666 1.5362 0.4047
v  0.4988 1.5490 0.3836
v  0.4308 1.5537 0.3612
v  0.5001 1.5520 0.3811
v  0.4316 1.5569 0.3585
v  0.3625 1.5473 0.3404
v  0.2954 1.5300 0.3217
v  0.3628 1.5504 0.3376
v  0.2952 1.5330 0.3187
v  0.2313 1.5021 0.3056
v  0.1718 1.4643 0.2924
v  0.2306 1.5048 0.3025
v  0.1706 1.4668 0.2892
v  0.1182 1.4176 0.2826
v  0.0720 1.3631 0.2762
v  0.1167 1.4197 0.2793
v  0.0701 1.3648 0.2729
v  0.0343 1.3022 0.2736
v  0.0059 1.2363 0.2747
v  0.0320 1.3034 0.2702
v  0.0034 1.2370 0.2714
v  -0.0124 1.1671 0.2796
v  -0.0202 1.0963 0.2880
v  -0.0150 1.1673 0.2763
v  -0.0228 1.0960 0.2848
v  -0.0172 1.0257 0.2999
v  -0.0036 0.9568 0.3148
v  -0.0198 1.0247 0.2967
v  -0.0061 0.9554 0.3118
v  0.0204 0.8916 0.3326
v  0.0541 0.8315 0.3526
v  0.0181 0.8896 0.3297
v  0.0520 0.8291 0.3498
v  0.0967 0.7781 0.3744
v  0.1471 0.7326 0.3975
v  0.0950 0.7753 0.3718
v  0.1458 0.7294 0.3951
v  0.2042 0.6962 0.4213
v  0.2664 0.6698 0.4452
v  0.2033 0.6928 0.4191
v  0.2660 0.6661 0.4432
v  0.3324 0.6540 0.4687
v  0.4004 0.6492 0.4911
v  0.3324 0.6503 0.4668
v  0.4009 0.6454 0.4894
v  0.4687 0.6556 0.5119
v  0.5358 0.6730 0.5306
v  0.4698 0.6519 0.5103
v  0.5374 0.6693 0.5292
v  0.5998 0.7009 0.5467
v  0.6594 0.7386 0.5599
v  0.6019 0.6975 0.5454
v  0.6620 0.7355 0.5587
v  0.7129 0.7854 0.5697
v  0.7592 0.8398 0.5761
v  0.7159 0.7826 0.5686
v  0.7625 0.8375 0.5750
v  0.7969 0.9008 0.5787
v  0.8253 0.9666 0.5776
v  0.8005 0.8989 0.5777
v  0.8291 0.9653 0.5765
v  0.8436 1.0358 0.5727
v  0.8513 1.1066 0.5643
v  0.8475 1.0350 0.5716
v  0.8554 1.1063 0.5631
v  0.8483 1.1773 0.5524
v  0.8523 1.1776 0.5512
v  0.8175 1.3132 0.5154
v  0.7834 1.3741 0.4951
v  0.8418 1.2471 0.5333
v  0.8438 1.2468 0.5296
v  0.8195 1.3130 0.5116
v  0.7853 1.3740 0.4914
v  0.7403 1.4282 0.4730
v  0.6892 1.4742 0.4496
v  0.7421 1.4282 0.4692
v  0.6909 1.4743 0.4458
v  0.6314 1.5110 0.4255
v  0.5684 1.5378 0.4013
v  0.6330 1.5112 0.4216
v  0.5699 1.5380 0.3974
v  0.5016 1.5538 0.3776
v  0.4328 1.5586 0.3549
v  0.5030 1.5540 0.3736
v  0.4340 1.5589 0.3508
v  0.3636 1.5521 0.3338
v  0.2956 1.5346 0.3149
v  0.3647 1.5524 0.3297
v  0.2967 1.5348 0.3107
v  0.2308 1.5063 0.2985
v  0.1704 1.4681 0.2852
v  0.2317 1.5064 0.2944
v  0.1712 1.4682 0.2810
v  0.1162 1.4208 0.2752
v  0.0694 1.3656 0.2688
v  0.1169 1.4208 0.2710
v  0.0700 1.3655 0.2646
v  0.0312 1.3039 0.2661
v  0.0024 1.2372 0.2673
v  0.0317 1.3037 0.2620
v  0.0029 1.2368 0.2631
v  -0.0161 1.1671 0.2722
v  -0.0239 1.0954 0.2807
v  -0.0156 1.1666 0.2680
v  -0.0235 1.0948 0.2766
v  -0.0209 1.0238 0.2928
v  -0.0071 0.9541 0.3079
v  -0.0204 1.0231 0.2886
v  -0.0066 0.9533 0.3038
v  0.0172 0.8881 0.3258
v  0.0513 0.8272 0.3461
v  0.0177 0.8871 0.3218
v  0.0519 0.8261 0.3421
v  0.0944 0.7731 0.3682
v  0.1455 0.7270 0.3916
v  0.0951 0.7719 0.3642
v  0.1462 0.7258 0.3876
v  0.2033 0.6902 0.4157
v  0.2663 0.6634 0.4399
v  0.2041 0.6889 0.4118
v  0.2673 0.6620 0.4360
v  0.3331 0.6475 0.4637
v  0.4019 0.6426 0.4864
v  0.3342 0.6461 0.4598
v  0.4031 0.6412 0.4826
v  0.4711 0.6491 0.5074
v  0.5390 0.6667 0.5264
v  0.4725 0.6477 0.5037
v  0.5405 0.6653 0.5227
v  0.6039 0.6950 0.5427
v  0.6642 0.7332 0.5560
v  0.6055 0.6936 0.5390
v  0.6659 0.7319 0.5524
v  0.7184 0.7805 0.5660
v  0.7653 0.8357 0.5724
v  0.7202 0.7793 0.5624
v  0.7672 0.8346 0.5688
v  0.8035 0.8974 0.5751
v  0.8323 0.9641 0.5740
v  0.8054 0.8964 0.5715
v  0.8343 0.9632 0.5703
v  0.8507 1.0342 0.5690
v  0.8586 1.1059 0.5605
v  0.8528 1.0334 0.5654
v  0.8607 1.1053 0.5568
v  0.8556 1.1774 0.5485
v  0.8576 1.1770 0.5448
v  0.8200 1.3120 0.5076
v  0.7859 1.3729 0.4873
v  0.8443 1.2459 0.5255
v  0.8432 1.2447 0.5216
v  0.8191 1.3104 0.5038
v  0.7852 1.3710 0.4836
v  0.7427 1.4269 0.4652
v  0.6917 1.4730 0.4418
v  0.7422 1.4248 0.4616
v  0.6914 1.4707 0.4383
v  0.6339 1.5098 0.4177
v  0.5709 1.5366 0.3935
v  0.6339 1.5073 0.4143
v  0.5712 1.5339 0.3902
v  0.5041 1.5526 0.3697
v  0.4353 1.5574 0.3470
v  0.5047 1.5498 0.3666
v  0.4362 1.5546 0.3440
v  0.3660 1.5509 0.3260
v  0.2981 1.5334 0.3070
v  0.3674 1.5482 0.3231
v  0.2998 1.5307 0.3042
v  0.2333 1.5051 0.2907
v  0.1729 1.4669 0.2774
v  0.2352 1.5026 0.2880
v  0.1752 1.4645 0.2747
v  0.1187 1.4196 0.2674
v  0.0719 1.3644 0.2610
v  0.1213 1.4175 0.2648
v  0.0747 1.3626 0.2584
v  0.0337 1.3027 0.2583
v  0.0049 1.2360 0.2594
v  0.0367 1.3012 0.2557
v  0.0080 1.2348 0.2569
v  -0.0136 1.1659 0.2644
v  -0.0214 1.0942 0.2729
v  -0.0103 1.1651 0.2618
v  -0.0182 1.0937 0.2703
v  -0.0184 1.0226 0.2849
v  -0.0046 0.9529 0.3001
v  -0.0151 1.0225 0.2822
v  -0.0014 0.9531 0.2973
v  0.0197 0.8869 0.3180
v  0.0538 0.8260 0.3383
v  0.0227 0.8874 0.3152
v  0.0567 0.8268 0.3353
v  0.0969 0.7719 0.3604
v  0.1480 0.7258 0.3838
v  0.0996 0.7730 0.3573
v  0.1504 0.7272 0.3806
v  0.2058 0.6890 0.4079
v  0.2688 0.6622 0.4321
v  0.2079 0.6905 0.4046
v  0.2706 0.6639 0.4287
v  0.3356 0.6463 0.4558
v  0.4044 0.6414 0.4785
v  0.3371 0.6480 0.4523
v  0.4056 0.6432 0.4749
v  0.4736 0.6479 0.4996
v  0.5415 0.6655 0.5185
v  0.4744 0.6497 0.4958
v  0.5420 0.6671 0.5147
v  0.6064 0.6938 0.5349
v  0.6667 0.7320 0.5482
v  0.6066 0.6953 0.5309
v  0.6666 0.7333 0.5442
v  0.7209 0.7793 0.5582
v  0.7678 0.8345 0.5646
v  0.7205 0.7804 0.5541
v  0.7671 0.8353 0.5605
v  0.8060 0.8962 0.5673
v  0.8348 0.9629 0.5661
v  0.8051 0.8967 0.5632
v  0.8338 0.9630 0.5620
v  0.8532 1.0329 0.5612
v  0.8611 1.1047 0.5527
v  0.8521 1.0328 0.5571
v  0.8600 1.1041 0.5486
v  0.8581 1.1762 0.5406
v  0.8569 1.1753 0.5367
v  0.8167 1.3085 0.5008
v  0.7831 1.3686 0.4808
v  0.8407 1.2432 0.5186
v  0.8372 1.2418 0.5168
v  0.8135 1.3065 0.4992
v  0.7801 1.3660 0.4794
v  0.7405 1.4220 0.4590
v  0.6901 1.4675 0.4359
v  0.7379 1.4190 0.4577
v  0.6879 1.4641 0.4348
v  0.6330 1.5039 0.4121
v  0.5707 1.5303 0.3882
v  0.6313 1.5001 0.4113
v  0.5697 1.5263 0.3875
v  0.5048 1.5460 0.3647
v  0.4368 1.5508 0.3423
v  0.5043 1.5419 0.3643
v  0.4370 1.5467 0.3421
v  0.3685 1.5444 0.3215
v  0.3014 1.5271 0.3028
v  0.3692 1.5403 0.3215
v  0.3028 1.5231 0.3029
v  0.2374 1.4992 0.2867
v  0.1778 1.4614 0.2735
v  0.2393 1.4955 0.2870
v  0.1802 1.4581 0.2739
v  0.1243 1.4147 0.2637
v  0.0780 1.3602 0.2573
v  0.1272 1.4117 0.2642
v  0.0814 1.3578 0.2579
v  0.0403 1.2993 0.2547
v  0.0119 1.2334 0.2558
v  0.0440 1.2974 0.2553
v  0.0158 1.2321 0.2564
v  -0.0064 1.1642 0.2607
v  -0.0142 1.0934 0.2691
v  -0.0023 1.1635 0.2612
v  -0.0100 1.0933 0.2696
v  -0.0111 1.0227 0.2810
v  0.0025 0.9539 0.2960
v  -0.0070 1.0233 0.2813
v  0.0065 0.9551 0.2961
v  0.0265 0.8887 0.3137
v  0.0601 0.8286 0.3337
v  0.0303 0.8904 0.3137
v  0.0636 0.8309 0.3335
v  0.1027 0.7752 0.3555
v  0.1532 0.7297 0.3786
v  0.1059 0.7779 0.3552
v  0.1558 0.7328 0.3780
v  0.2102 0.6933 0.4024
v  0.2725 0.6669 0.4263
v  0.2124 0.6968 0.4016
v  0.2741 0.6706 0.4253
v  0.3384 0.6511 0.4498
v  0.4064 0.6463 0.4722
v  0.3394 0.6550 0.4486
v  0.4068 0.6502 0.4708
v  0.4747 0.6527 0.4930
v  0.5418 0.6700 0.5117
v  0.4745 0.6566 0.4914
v  0.5410 0.6738 0.5099
v  0.6058 0.6980 0.5278
v  0.6654 0.7357 0.5410
v  0.6045 0.7015 0.5259
v  0.6635 0.7389 0.5390
v  0.7189 0.7825 0.5508
v  0.7652 0.8369 0.5572
v  0.7165 0.7852 0.5487
v  0.7624 0.8391 0.5550
v  0.8029 0.8979 0.5598
v  0.8313 0.9637 0.5587
v  0.7998 0.8995 0.5576
v  0.8279 0.9648 0.5565
v  0.8496 1.0329 0.5538
v  0.8574 1.1037 0.5454
v  0.8460 1.0334 0.5517
v  0.8537 1.1036 0.5433
v  0.8543 1.1744 0.5335
v  0.8507 1.1736 0.5316
v  0.8097 1.3047 0.4992
v  0.7766 1.3637 0.4795
v  0.8332 1.2406 0.5166
v  0.8293 1.2399 0.5179
v  0.8059 1.3034 0.5006
v  0.7731 1.3620 0.4811
v  0.7348 1.4162 0.4581
v  0.6852 1.4609 0.4354
v  0.7316 1.4141 0.4599
v  0.6825 1.4584 0.4374
v  0.6292 1.4966 0.4120
v  0.5681 1.5225 0.3885
v  0.6269 1.4938 0.4142
v  0.5662 1.5196 0.3909
v  0.5033 1.5380 0.3655
v  0.4366 1.5427 0.3435
v  0.5020 1.5349 0.3680
v  0.4357 1.5396 0.3462
v  0.3694 1.5364 0.3231
v  0.3036 1.5194 0.3047
v  0.3691 1.5334 0.3259
v  0.3038 1.5165 0.3077
v  0.2407 1.4920 0.2889
v  0.1822 1.4549 0.2759
v  0.2414 1.4893 0.2920
v  0.1833 1.4525 0.2792
v  0.1296 1.4090 0.2663
v  0.0842 1.3555 0.2600
v  0.1312 1.4069 0.2696
v  0.0861 1.3539 0.2634
v  0.0471 1.2957 0.2575
v  0.0192 1.2310 0.2585
v  0.0493 1.2945 0.2608
v  0.0217 1.2303 0.2619
v  0.0013 1.1630 0.2633
v  -0.0063 1.0935 0.2716
v  0.0039 1.1629 0.2666
v  -0.0037 1.0939 0.2749
v  -0.0034 1.0241 0.2833
v  0.0100 0.9565 0.2980
v  -0.0008 1.0250 0.2864
v  0.0125 0.9580 0.3010
v  0.0335 0.8924 0.3154
v  0.0666 0.8334 0.3350
v  0.0359 0.8944 0.3183
v  0.0687 0.8358 0.3378
v  0.1085 0.7810 0.3564
v  0.1580 0.7363 0.3791
v  0.1102 0.7838 0.3590
v  0.1593 0.7394 0.3815
v  0.2140 0.7006 0.4025
v  0.2751 0.6746 0.4260
v  0.2149 0.7040 0.4047
v  0.2756 0.6782 0.4280
v  0.3399 0.6591 0.4490
v  0.4066 0.6544 0.4710
v  0.3398 0.6629 0.4509
v  0.4061 0.6582 0.4727
v  0.4738 0.6607 0.4915
v  0.5396 0.6777 0.5098
v  0.4727 0.6645 0.4930
v  0.5380 0.6814 0.5112
v  0.6025 0.7052 0.5256
v  0.6610 0.7422 0.5386
v  0.6004 0.7086 0.5269
v  0.6585 0.7453 0.5397
v  0.7136 0.7881 0.5483
v  0.7590 0.8416 0.5545
v  0.7106 0.7909 0.5493
v  0.7557 0.8440 0.5555
v  0.7961 0.9015 0.5571
v  0.8240 0.9661 0.5560
v  0.7925 0.9033 0.5581
v  0.8201 0.9675 0.5570
v  0.8419 1.0341 0.5512
v  0.8495 1.1036 0.5429
v  0.8379 1.0349 0.5523
v  0.8455 1.1039 0.5440
v  0.8466 1.1731 0.5313
v  0.8426 1.1728 0.5325
v  0.8029 1.3029 0.5035
v  0.7703 1.3612 0.4841
v  0.8261 1.2397 0.5207
v  0.7289 1.4129 0.4630
v  0.6801 1.4571 0.4406
v  0.6247 1.4923 0.4175
v  0.5644 1.5179 0.3943
v  0.5005 1.5332 0.3716
v  0.4346 1.5378 0.3498
v  0.3683 1.5316 0.3297
v  0.3033 1.5148 0.3116
v  0.2412 1.4878 0.2959
v  0.1835 1.4512 0.2832
v  0.1316 1.4059 0.2736
v  0.0868 1.3531 0.2675
v  0.0502 1.2940 0.2649
v  0.0227 1.2302 0.2660
v  0.0050 1.1631 0.2707
v  -0.0026 1.0944 0.2789
v  0.0003 1.0259 0.2904
v  0.0135 0.9592 0.3049
v  0.0368 0.8960 0.3221
v  0.0694 0.8377 0.3415
v  0.1107 0.7859 0.3626
v  0.1596 0.7418 0.3850
v  0.2149 0.7066 0.4081
v  0.2753 0.6809 0.4313
v  0.3392 0.6657 0.4540
v  0.4051 0.6610 0.4757
v  0.4713 0.6672 0.4959
v  0.5363 0.6840 0.5140
v  0.5984 0.7111 0.5296
v  0.6562 0.7477 0.5424
v  0.7081 0.7930 0.5520
v  0.7529 0.8458 0.5581
v  0.7895 0.9049 0.5607
v  0.8170 0.9687 0.5596
v  0.8347 1.0358 0.5549
v  0.8422 1.1044 0.5467
v  0.8393 1.1729 0.5352
v  0.4545 0.2908 0.3417
v  0.5120 1.8589 0.1258
v  -0.2771 1.0673 -0.0093
v  1.2327 1.0851 0.4692
# 2852 vertices

vn 0.3729 0.8981 -0.2331
vn 0.3407 0.9154 -0.2143
vn 0.1425 0.8331 -0.5344
vn 0.1500 0.8254 -0.5443
vn 0.4203 0.8691 -0.2607
vn 0.5774 0.4712 -0.6668
vn 0.0049 0.5992 -0.8006
vn -0.0982 0.6348 -0.7664
vn -0.0972 0.6256 -0.7740
vn 0.5944 0.7183 -0.3615
vn 0.4897 0.8183 -0.3010
vn 0.2579 0.7516 -0.6071
vn 0.3547 0.6592 -0.6631
vn -0.0147 0.5693 -0.8220
vn 0.0590 0.4987 -0.8648
vn 0.7577 0.4682 -0.4547
vn 0.6844 0.6007 -0.4132
vn 0.4380 0.5505 -0.7107
vn 0.5055 0.4281 -0.7491
vn 0.1228 0.4157 -0.9012
vn 0.1743 0.3221 -0.9305
vn 0.8565 0.0912 -0.5080
vn 0.8217 0.2909 -0.4902
vn 0.5636 0.2643 -0.7826
vn 0.5971 0.0803 -0.7981
vn 0.2168 0.1971 -0.9561
vn 0.2444 0.0576 -0.9680
vn 0.8598 0.0374 -0.5092
vn 0.8606 0.0059 -0.5092
vn 0.6036 0.0011 -0.7973
vn 0.6043 0.0303 -0.7962
vn 0.2544 -0.0036 -0.9671
vn 0.2571 0.0187 -0.9662
vn -0.2849 0.3207 -0.9033
vn -0.3302 0.3287 -0.8848
vn 0.2988 0.0897 -0.9501
vn -0.3215 -0.0586 -0.9451
vn -0.4494 -0.0379 -0.8925
vn -0.5129 -0.0212 -0.8582
vn -0.2860 0.2986 -0.9105
vn -0.2464 0.2608 -0.9334
vn -0.5141 -0.0203 -0.8575
vn -0.5152 -0.0194 -0.8568
vn -0.2123 0.2163 -0.9530
vn -0.1846 0.1661 -0.9687
vn -0.5161 -0.0181 -0.8563
vn -0.5169 -0.0167 -0.8559
vn -0.1639 0.0990 -0.9815
vn -0.1477 0.0254 -0.9887
vn -0.5210 -0.0157 -0.8534
vn -0.5193 -0.0122 -0.8545
vn -0.1366 -0.0081 -0.9906
vn -0.1332 0.0041 -0.9911
vn -0.5089 -0.0119 -0.8608
vn -0.5059 -0.0113 -0.8625
vn -0.5027 -0.4047 -0.7639
vn -0.6149 -0.3652 -0.6989
vn 0.1811 -0.4467 -0.8762
vn -0.3584 -0.7258 -0.5871
vn -0.4983 -0.7020 -0.5088
vn -0.6224 -0.6515 -0.4338
vn -0.6610 -0.3337 -0.6722
vn -0.7023 -0.2944 -0.6482
vn -0.7060 -0.5943 -0.3852
vn -0.7810 -0.5227 -0.3418
vn -0.7378 -0.2479 -0.6279
vn -0.7667 -0.1957 -0.6115
vn -0.8455 -0.4384 -0.3049
vn -0.8979 -0.3436 -0.2752
vn -0.7935 -0.1277 -0.5950
vn -0.8068 -0.0495 -0.5887
vn -0.9435 -0.2203 -0.2476
vn -0.9686 -0.0803 -0.2352
vn -0.8020 -0.0147 -0.5971
vn -0.8006 -0.0253 -0.5987
vn -0.9699 -0.0157 -0.2429
vn -0.9691 -0.0353 -0.2440
vn -0.3791 -0.9033 -0.2010
vn -0.5368 -0.8368 -0.1073
vn 0.2954 -0.8229 -0.4854
vn -0.0789 -0.9950 0.0605
vn -0.2231 -0.9639 0.1454
vn -0.3729 -0.8981 0.2330
vn -0.6451 -0.7628 -0.0444
vn -0.7421 -0.6702 0.0117
vn -0.4897 -0.8183 0.3010
vn -0.5944 -0.7183 0.3616
vn -0.8256 -0.5612 0.0596
vn -0.8934 -0.4384 0.0981
vn -0.6844 -0.6007 0.4132
vn -0.7576 -0.4682 0.4547
vn -0.9513 -0.2790 0.1315
vn -0.9840 -0.0990 0.1482
vn -0.8202 -0.2963 0.4893
vn -0.8555 -0.1026 0.5076
vn -0.9893 -0.0144 0.1452
vn -0.9886 -0.0399 0.1449
vn -0.8606 -0.0109 0.5092
vn -0.8598 -0.0383 0.5092
vn 0.0046 -0.8942 0.4476
vn -0.1543 -0.8278 0.5393
vn 0.5777 -0.8162 -0.0082
vn 0.3508 -0.7090 0.6118
vn 0.2145 -0.6852 0.6961
vn 0.0884 -0.6348 0.7676
vn -0.2625 -0.7539 0.6023
vn -0.3595 -0.6612 0.6584
vn 0.0048 -0.5776 0.8163
vn -0.0703 -0.5060 0.8597
vn -0.4430 -0.5522 0.7063
vn -0.5109 -0.4294 0.7447
vn -0.1346 -0.4217 0.8967
vn -0.1872 -0.3270 0.9263
vn -0.5700 -0.2700 0.7760
vn -0.6026 -0.0901 0.7929
vn -0.2348 -0.2037 0.9505
vn -0.2596 -0.0637 0.9636
vn -0.6035 -0.0054 0.7974
vn -0.6026 -0.0308 0.7975
vn -0.2540 0.0012 0.9672
vn -0.2525 -0.0185 0.9674
vn 0.4321 -0.3829 0.8165
vn 0.3208 -0.3432 0.8828
vn 0.8605 -0.4307 0.2723
vn 0.6740 -0.0352 0.7379
vn 0.5661 -0.0143 0.8242
vn 0.5053 0.0028 0.8630
vn 0.2747 -0.3117 0.9096
vn 0.2334 -0.2723 0.9335
vn 0.5041 0.0036 0.8637
vn 0.5029 0.0045 0.8643
vn 0.1979 -0.2259 0.9538
vn 0.1690 -0.1737 0.9702
vn 0.5021 0.0058 0.8648
vn 0.5012 0.0071 0.8653
vn 0.1407 -0.1058 0.9844
vn 0.1280 -0.0276 0.9914
vn 0.4971 0.0082 0.8676
vn 0.4988 0.0117 0.8667
vn 0.1370 0.0074 0.9905
vn 0.1393 -0.0032 0.9902
vn 0.5093 0.0120 0.8605
vn 0.5123 0.0126 0.8587
vn 0.6505 0.3426 0.6779
vn 0.6123 0.3508 0.7085
vn 0.9754 0.1054 0.1936
vn 0.6966 0.6154 0.3687
vn 0.6165 0.6516 0.4419
vn 0.6238 0.6425 0.4450
vn 0.6565 0.3207 0.6827
vn 0.6961 0.2827 0.6600
vn 0.7063 0.5862 0.3969
vn 0.7802 0.5156 0.3543
vn 0.7302 0.2383 0.6403
vn 0.7579 0.1882 0.6246
vn 0.8438 0.4326 0.3177
vn 0.8955 0.3390 0.2885
vn 0.7799 0.1212 0.6140
vn 0.7949 0.0475 0.6049
vn 0.9398 0.2140 0.2663
vn 0.9652 0.0745 0.2506
vn 0.8023 0.0139 0.5967
vn 0.8042 0.0261 0.5937
vn 0.9700 0.0132 0.2427
vn 0.9703 0.0355 0.2393
vn 0.5268 0.8422 0.1152
vn 0.5392 0.8345 0.1136
vn 0.8566 0.4778 -0.1949
vn 0.6471 0.7607 0.0508
vn 0.7438 0.6683 -0.0051
vn 0.8270 0.5596 -0.0529
vn 0.8947 0.4372 -0.0911
vn 0.9540 0.2735 -0.1226
vn 0.9860 0.0895 -0.1408
vn 0.9894 0.0102 -0.1452
vn 0.9883 0.0393 -0.1471
vn 0.6033 0.0414 -0.7964
vn 0.8593 0.0498 -0.5090
vn 0.2543 0.0267 -0.9668
vn 0.2514 -0.0026 -0.9679
vn 0.6024 0.0033 -0.7982
vn 0.8606 0.0086 -0.5092
vn -0.1375 0.0078 -0.9905
vn -0.5110 -0.0125 -0.8595
vn -0.5121 -0.0125 -0.8589
vn -0.1403 -0.0082 -0.9901
vn -0.8039 -0.0305 -0.5940
vn -0.9700 -0.0435 -0.2391
vn -0.9703 -0.0142 -0.2413
vn -0.8035 -0.0145 -0.5951
vn -0.9878 -0.0497 0.1476
vn -0.8594 -0.0487 0.5091
vn -0.8606 -0.0077 0.5093
vn -0.9892 -0.0117 0.1458
vn -0.6044 -0.0407 0.7956
vn -0.2572 -0.0267 0.9660
vn -0.2558 0.0026 0.9667
vn -0.6040 -0.0027 0.7969
vn 0.1337 -0.0084 0.9910
vn 0.5072 0.0114 0.8617
vn 0.5062 0.0114 0.8623
vn 0.1345 0.0075 0.9909
vn 0.8017 0.0298 0.5970
vn 0.9693 0.0435 0.2420
vn 0.9693 0.0142 0.2457
vn 0.8002 0.0139 0.5995
vn 0.9880 0.0505 -0.1461
vn 0.9896 0.0124 -0.1436
vn 0.5993 -0.0518 -0.7988
vn 0.8599 -0.0510 -0.5080
vn 0.2468 -0.0447 -0.9680
vn 0.2382 -0.1074 -0.9653
vn 0.5911 -0.1343 -0.7953
vn 0.8530 -0.1405 -0.5026
vn -0.1438 -0.0308 -0.9891
vn -0.5130 -0.0121 -0.8583
vn -0.5151 -0.0110 -0.8571
vn -0.1499 -0.0641 -0.9866
vn -0.8025 0.0086 -0.5966
vn -0.9692 0.0281 -0.2445
vn -0.9644 0.0915 -0.2483
vn -0.8003 0.0435 -0.5980
vn -0.9888 0.0433 0.1427
vn -0.8599 0.0518 0.5079
vn -0.8530 0.1405 0.5026
vn -0.9825 0.1254 0.1376
vn -0.6019 0.0523 0.7968
vn -0.2530 0.0449 0.9664
vn -0.2481 0.1083 0.9627
vn -0.5953 0.1345 0.7921
vn 0.1361 0.0306 0.9902
vn 0.5052 0.0118 0.8629
vn 0.5031 0.0129 0.8641
vn 0.1380 0.0656 0.9883
vn 0.7979 -0.0087 0.6027
vn 0.9677 -0.0278 0.2506
vn 0.9619 -0.0904 0.2580
vn 0.7932 -0.0419 0.6075
vn 0.9893 -0.0426 -0.1396
vn 0.9833 -0.1251 -0.1324
vn 0.1543 -0.9850 -0.0775
vn -0.0520 -0.9148 -0.4006
vn -0.0609 -0.9189 -0.3897
vn 0.1194 -0.9912 -0.0568
vn -0.2516 -0.7038 -0.6643
vn -0.2545 -0.7113 -0.6552
vn -0.1465 -0.7061 -0.6928
vn 0.4424 -0.6918 -0.5706
vn 0.2065 -0.9724 -0.1087
vn 0.4084 -0.8835 -0.2293
vn 0.1828 -0.8210 -0.5408
vn 0.0687 -0.8787 -0.4724
vn 0.2849 -0.9459 -0.1553
vn -0.0723 -0.6322 -0.7714
vn -0.1594 -0.6764 -0.7191
vn 0.6225 -0.6956 -0.3587
vn 0.3806 -0.6473 -0.6604
vn 0.2877 -0.7433 -0.6039
vn 0.5219 -0.7994 -0.2976
vn 0.0789 -0.4996 -0.8627
vn 0.0079 -0.5729 -0.8196
vn 0.8036 -0.3648 -0.4702
vn 0.5481 -0.3422 -0.7632
vn 0.4738 -0.5088 -0.7188
vn 0.7245 -0.5457 -0.4211
vn 0.2067 -0.2675 -0.9411
vn 0.1482 -0.3933 -0.9074
vn 0.8190 -0.3140 -0.4801
vn 0.5666 -0.2955 -0.7692
vn 0.5725 -0.2675 -0.7751
vn 0.8270 -0.2839 -0.4852
vn 0.2279 -0.2329 -0.9454
vn 0.2303 -0.2109 -0.9500
vn -0.4129 -0.3837 -0.8260
vn -0.3673 -0.3892 -0.8447
vn -0.5107 -0.0018 -0.8598
vn -0.4456 -0.0057 -0.8952
vn -0.3174 -0.0235 -0.9480
vn 0.2526 -0.3078 -0.9173
vn -0.3168 -0.3452 -0.8834
vn -0.3635 -0.3689 -0.8554
vn -0.5133 -0.0028 -0.8582
vn -0.5120 -0.0023 -0.8590
vn -0.2358 -0.2742 -0.9323
vn -0.2738 -0.3136 -0.9092
vn -0.5155 -0.0048 -0.8569
vn -0.5144 -0.0038 -0.8575
vn -0.1681 -0.1508 -0.9742
vn -0.2005 -0.2166 -0.9554
vn -0.5189 -0.0084 -0.8548
vn -0.5196 -0.0045 -0.8544
vn -0.1494 -0.1340 -0.9797
vn -0.1498 -0.1214 -0.9812
vn -0.5062 -0.0136 -0.8623
vn -0.5089 -0.0120 -0.8607
vn -0.5287 0.3776 -0.7602
vn -0.4117 0.3795 -0.8286
vn -0.4658 0.6970 -0.5451
vn -0.3350 0.7051 -0.6250
vn -0.1949 0.6835 -0.7035
vn 0.2614 0.2457 -0.9334
vn -0.6289 0.3375 -0.7004
vn -0.5802 0.3620 -0.7296
vn -0.6478 0.6243 -0.4366
vn -0.5593 0.6690 -0.4895
vn -0.7134 0.2634 -0.6494
vn -0.6737 0.3043 -0.6735
vn -0.8011 0.4898 -0.3439
vn -0.7291 0.5641 -0.3877
vn -0.7853 0.1359 -0.6041
vn -0.7547 0.2070 -0.6225
vn -0.9292 0.2595 -0.2632
vn -0.8731 0.3862 -0.2976
vn -0.7849 0.1096 -0.6099
vn -0.7888 0.1000 -0.6065
vn -0.9401 0.2150 -0.2647
vn -0.9453 0.1965 -0.2604
vn -0.3343 0.9083 -0.2514
vn -0.1673 0.9210 -0.3517
vn -0.1543 0.9850 0.0776
vn 0.0049 0.9998 -0.0168
vn 0.1507 0.9832 -0.1030
vn 0.4657 0.6444 -0.6065
vn -0.5698 0.8143 -0.1109
vn -0.4552 0.8721 -0.1794
vn -0.4083 0.8835 0.2294
vn -0.2848 0.9459 0.1554
vn -0.7682 0.6402 0.0090
vn -0.6749 0.7363 -0.0476
vn -0.6225 0.6956 0.3587
vn -0.5219 0.7994 0.2976
vn -0.9326 0.3430 0.1118
vn -0.8601 0.5056 0.0668
vn -0.8000 0.3754 0.4680
vn -0.7219 0.5504 0.4195
vn -0.9507 0.2867 0.1179
vn -0.9572 0.2625 0.1223
vn -0.8189 0.3149 0.4799
vn -0.8258 0.2887 0.4844
vn 0.0483 0.9173 0.3952
vn 0.2164 0.9300 0.2970
vn 0.2449 0.7136 0.6563
vn 0.3778 0.7218 0.5799
vn 0.5144 0.7001 0.4953
vn 0.7480 0.6509 -0.1293
vn -0.1871 0.8233 0.5359
vn -0.0727 0.8811 0.4673
vn 0.0629 0.6410 0.7649
vn 0.1514 0.6856 0.7121
vn -0.3856 0.6491 0.6557
vn -0.2923 0.7453 0.5992
vn -0.0904 0.5065 0.8575
vn -0.0183 0.5808 0.8139
vn -0.5513 0.3520 0.7564
vn -0.4789 0.5146 0.7112
vn -0.2200 0.2761 0.9356
vn -0.1645 0.4029 0.9004
vn -0.5647 0.2958 0.7705
vn -0.5713 0.2716 0.7745
vn -0.2233 0.2318 0.9468
vn -0.2294 0.2132 0.9497
vn 0.4070 0.3994 0.8215
vn 0.5232 0.4014 0.7518
vn 0.5075 0.0220 0.8614
vn 0.5699 0.0182 0.8215
vn 0.6781 -0.0001 0.7350
vn 0.9409 0.2617 0.2152
vn 0.3067 0.3596 0.8813
vn 0.3555 0.3840 0.8521
vn 0.5049 0.0210 0.8629
vn 0.5062 0.0216 0.8621
vn 0.2223 0.2854 0.9323
vn 0.2620 0.3263 0.9082
vn 0.5027 0.0191 0.8643
vn 0.5038 0.0201 0.8636
vn 0.1495 0.1578 0.9761
vn 0.1795 0.2289 0.9567
vn 0.4992 0.0155 0.8664
vn 0.4985 0.0194 0.8667
vn 0.1550 0.1317 0.9791
vn 0.1503 0.1221 0.9811
vn 0.5120 0.0103 0.8589
vn 0.5093 0.0119 0.8605
vn 0.5296 -0.3616 0.7673
vn 0.5680 -0.3673 0.7365
vn 0.4695 -0.6869 0.5548
vn 0.4602 -0.6945 0.5530
vn 0.5450 -0.6899 0.4764
vn 0.9292 -0.2919 0.2265
vn 0.6258 -0.3233 0.7098
vn 0.5791 -0.3469 0.7378
vn 0.6489 -0.6153 0.4476
vn 0.5616 -0.6594 0.4998
vn 0.7068 -0.2521 0.6610
vn 0.6687 -0.2914 0.6840
vn 0.8001 -0.4826 0.3564
vn 0.7290 -0.5560 0.3993
vn 0.7745 -0.1287 0.6194
vn 0.7433 -0.1945 0.6401
vn 0.9275 -0.2506 0.2774
vn 0.8713 -0.3763 0.3150
vn 0.7883 -0.1121 0.6050
vn 0.7892 -0.0994 0.6060
vn 0.9411 -0.2161 0.2601
vn 0.9460 -0.1941 0.2598
vn 0.3372 -0.9056 0.2573
vn 0.3234 -0.9099 0.2600
vn 0.7216 -0.6852 -0.0987
vn 0.5720 -0.8118 0.1171
vn 0.4578 -0.8695 0.1854
vn 0.7698 -0.6382 -0.0024
vn 0.6768 -0.7341 0.0539
vn 0.9369 -0.3331 -0.1060
vn 0.8642 -0.4996 -0.0588
vn 0.9505 -0.2865 -0.1202
vn 0.9582 -0.2584 -0.1231
vn 0.8157 -0.3257 -0.4781
vn 0.5629 -0.3060 -0.7678
vn 0.8263 -0.2865 -0.4849
vn 0.5705 -0.2694 -0.7759
vn 0.2270 -0.2113 -0.9507
vn 0.2233 -0.2400 -0.9447
vn -0.1541 -0.1365 -0.9786
vn -0.1532 -0.1205 -0.9808
vn -0.5118 -0.0105 -0.8590
vn -0.5108 -0.0108 -0.8596
vn -0.7869 0.1161 -0.6061
vn -0.7902 0.1005 -0.6046
vn -0.9460 0.1954 -0.2586
vn -0.9390 0.2238 -0.2612
vn -0.9476 0.2964 0.1190
vn -0.9577 0.2600 0.1234
vn -0.8266 0.2856 0.4850
vn -0.8160 0.3247 0.4782
vn -0.5642 0.3054 0.7671
vn -0.5726 0.2691 0.7745
vn -0.2314 0.2122 0.9494
vn -0.2261 0.2405 0.9439
vn 0.1507 0.1381 0.9789
vn 0.1479 0.1225 0.9814
vn 0.5064 0.0134 0.8622
vn 0.5074 0.0130 0.8616
vn 0.7850 -0.1145 0.6089
vn 0.7872 -0.0984 0.6088
vn 0.9450 -0.1945 0.2630
vn 0.9383 -0.2232 0.2640
vn 0.9476 -0.2970 -0.1174
vn 0.9579 -0.2603 -0.1210
vn 0.8392 -0.2289 -0.4933
vn 0.5803 -0.2159 -0.7853
vn 0.2322 -0.1699 -0.9577
vn -0.1516 -0.0977 -0.9836
vn -0.5128 -0.0105 -0.8584
vn -0.7945 0.0778 -0.6023
vn -0.9546 0.1540 -0.2549
vn -0.9698 0.2066 0.1294
vn -0.8393 0.2281 0.4935
vn -0.5829 0.2157 0.7834
vn -0.2384 0.1709 0.9560
vn 0.1441 0.0999 0.9845
vn 0.5055 0.0134 0.8627
vn 0.7901 -0.0757 0.6082
vn 0.9531 -0.1529 0.2611
vn 0.9702 -0.2068 -0.1260
vn 0.7721 -0.0342 0.6346
vn 0.7457 -0.0284 0.6657
vn 0.7502 0.3436 0.5649
vn 0.7579 0.3466 0.5527
vn 0.8093 -0.0429 0.5858
vn 0.9839 0.1672 0.0630
vn 0.7043 0.6325 0.3223
vn 0.6263 0.6713 0.3965
vn 0.6274 0.6765 0.3856
vn 0.9274 -0.0764 0.3663
vn 0.8603 -0.0560 0.5067
vn 0.8394 0.3264 0.4346
vn 0.9014 0.3076 0.3048
vn 0.6897 0.6611 0.2953
vn 0.7370 0.6467 0.1962
vn 0.9919 -0.1111 0.0621
vn 0.9716 -0.0948 0.2169
vn 0.9422 0.2905 0.1668
vn 0.9610 0.2756 0.0237
vn 0.7683 0.6336 0.0908
vn 0.7826 0.6222 -0.0185
vn 0.9351 -0.1389 -0.3261
vn 0.9835 -0.1271 -0.1288
vn 0.9529 0.2621 -0.1525
vn 0.9088 0.2493 -0.3345
vn 0.7751 0.6132 -0.1525
vn 0.7432 0.6023 -0.2912
vn 0.9157 -0.1412 -0.3763
vn 0.9031 -0.1422 -0.4053
vn 0.8799 0.2431 -0.4083
vn 0.8920 0.2423 -0.3817
vn 0.7243 0.5942 -0.3497
vn 0.7351 0.5922 -0.3300
vn 0.4390 0.8888 0.1318
vn 0.3997 0.9029 0.1585
vn 0.7854 0.5550 -0.2742
vn 0.2782 0.9367 -0.2127
vn 0.1659 0.9762 -0.1394
vn 0.1083 0.9896 -0.0947
vn 0.4331 0.8946 0.1101
vn 0.4584 0.8869 0.0570
vn 0.1075 0.9898 -0.0933
vn 0.1067 0.9900 -0.0919
vn 0.4752 0.8799 0.0005
vn 0.4829 0.8738 -0.0581
vn 0.1063 0.9902 -0.0903
vn 0.1060 0.9904 -0.0888
vn 0.4769 0.8694 -0.1290
vn 0.4617 0.8635 -0.2029
vn 0.1022 0.9911 -0.0858
vn 0.1054 0.9909 -0.0834
vn 0.4567 0.8573 -0.2374
vn 0.4646 0.8558 -0.2275
vn 0.1165 0.9893 -0.0882
vn 0.1198 0.9888 -0.0890
vn -0.0976 0.9021 -0.4203
vn -0.1977 0.9226 -0.3313
vn 0.4360 0.5605 -0.7041
vn -0.2281 0.6678 -0.7086
vn -0.3620 0.6948 -0.6214
vn -0.4717 0.7151 -0.5159
vn -0.2324 0.9312 -0.2808
vn -0.2590 0.9392 -0.2255
vn -0.5348 0.7307 -0.4243
vn -0.5828 0.7453 -0.3238
vn -0.2763 0.9465 -0.1665
vn -0.2844 0.9529 -0.1055
vn -0.6145 0.7585 -0.2168
vn -0.6291 0.7701 -0.1060
vn -0.2846 0.9582 -0.0308
vn -0.2648 0.9632 0.0462
vn -0.6257 0.7796 0.0280
vn -0.5922 0.7884 0.1665
vn -0.2423 0.9674 0.0741
vn -0.2447 0.9675 0.0635
vn -0.5617 0.7966 0.2234
vn -0.5687 0.7966 0.2050
vn -0.5342 0.3764 -0.7569
vn -0.6718 0.4034 -0.6212
vn 0.1405 0.1769 -0.9741
vn -0.5056 -0.0174 -0.8626
vn -0.6433 0.0075 -0.7656
vn -0.7720 0.0343 -0.6347
vn -0.7536 0.4236 -0.5027
vn -0.8157 0.4424 -0.3726
vn -0.8603 0.0560 -0.5067
vn -0.9274 0.0764 -0.3663
vn -0.8567 0.4596 -0.2341
vn -0.8755 0.4746 -0.0907
vn -0.9716 0.0949 -0.2169
vn -0.9919 0.1111 -0.0621
vn -0.8691 0.4879 0.0816
vn -0.8268 0.4989 0.2599
vn -0.9843 0.1267 0.1232
vn -0.9388 0.1384 0.3153
vn -0.7935 0.5064 0.3376
vn -0.8035 0.5056 0.3142
vn -0.9051 0.1421 0.4007
vn -0.9160 0.1411 0.3756
vn -0.6219 -0.3694 -0.6905
vn -0.7592 -0.3400 -0.5550
vn 0.0761 -0.3717 -0.9252
vn -0.3900 -0.7104 -0.5859
vn -0.5248 -0.6903 -0.4980
vn -0.6340 -0.6661 -0.3929
vn -0.8410 -0.3198 -0.4365
vn -0.9031 -0.3008 -0.3064
vn -0.6972 -0.6505 -0.3014
vn -0.7452 -0.6358 -0.2008
vn -0.9441 -0.2837 -0.1679
vn -0.9629 -0.2688 -0.0245
vn -0.7768 -0.6227 -0.0938
vn -0.7914 -0.6110 0.0170
vn -0.9562 -0.2529 0.1475
vn -0.9139 -0.2421 0.3259
vn -0.7876 -0.5975 0.1506
vn -0.7541 -0.5896 0.2892
vn -0.8816 -0.2434 0.4044
vn -0.8917 -0.2444 0.3810
vn -0.7252 -0.5946 0.3473
vn -0.7324 -0.5961 0.3290
vn -0.3111 -0.9145 -0.2585
vn -0.4114 -0.8956 -0.1694
vn 0.2808 -0.7597 -0.5865
vn 0.0508 -0.9979 -0.0404
vn -0.0660 -0.9972 0.0364
vn -0.1242 -0.9889 0.0815
vn -0.4461 -0.8870 -0.1189
vn -0.4726 -0.8790 -0.0635
vn -0.1250 -0.9887 0.0829
vn -0.1258 -0.9885 0.0843
vn -0.4900 -0.8717 -0.0046
vn -0.4981 -0.8653 0.0565
vn -0.1262 -0.9883 0.0859
vn -0.1265 -0.9881 0.0875
vn -0.4980 -0.8573 0.1309
vn -0.4783 -0.8532 0.2079
vn -0.1304 -0.9873 0.0904
vn -0.1272 -0.9875 0.0928
vn -0.4568 -0.8575 0.2366
vn -0.4593 -0.8590 0.2262
vn -0.1161 -0.9893 0.0880
vn -0.1127 -0.9898 0.0872
vn 0.2254 -0.9289 0.2937
vn 0.1844 -0.9287 0.3216
vn 0.6308 -0.7599 -0.1572
vn 0.5464 -0.7114 0.4421
vn 0.4630 -0.7176 0.5202
vn 0.4627 -0.7248 0.5104
vn 0.2179 -0.9369 0.2733
vn 0.2431 -0.9447 0.2201
vn 0.5251 -0.7401 0.4202
vn 0.5723 -0.7546 0.3210
vn 0.2601 -0.9516 0.1636
vn 0.2676 -0.9578 0.1051
vn 0.6037 -0.7676 0.2155
vn 0.6179 -0.7790 0.1063
vn 0.2613 -0.9646 0.0343
vn 0.2464 -0.9683 -0.0398
vn 0.6099 -0.7920 -0.0273
vn 0.5786 -0.7985 -0.1664
vn 0.2423 -0.9673 -0.0749
vn 0.2504 -0.9659 -0.0652
vn 0.5609 -0.7965 -0.2258
vn 0.5722 -0.7937 -0.2066
vn 0.6624 -0.4031 0.6314
vn 0.6690 -0.4098 0.6201
vn 0.9201 -0.3754 0.1114
vn 0.7506 -0.4298 0.5019
vn 0.8125 -0.4487 0.3722
vn 0.8534 -0.4658 0.2341
vn 0.8721 -0.4808 0.0911
vn 0.8637 -0.4968 -0.0849
vn 0.8200 -0.5061 -0.2672
vn 0.7918 -0.5064 -0.3415
vn 0.8043 -0.5037 -0.3152
vn 0.8960 0.2436 -0.3713
vn 0.9203 -0.1407 -0.3649
vn 0.7368 0.5945 -0.3220
vn 0.7230 0.5967 -0.3480
vn 0.8804 0.2448 -0.4061
vn 0.9042 -0.1422 -0.4028
vn 0.4628 0.8580 -0.2227
vn 0.1141 0.9896 -0.0877
vn 0.1131 0.9898 -0.0872
vn 0.4539 0.8592 -0.2362
vn -0.2519 0.9658 0.0611
vn -0.5756 0.7931 0.1993
vn -0.5624 0.7956 0.2254
vn -0.2444 0.9667 0.0752
vn -0.8085 0.5029 0.3057
vn -0.9200 0.1407 0.3659
vn -0.9038 0.1422 0.4037
vn -0.7927 0.5058 0.3402
vn -0.8961 -0.2421 0.3721
vn -0.7384 -0.5922 0.3227
vn -0.7256 -0.5931 0.3490
vn -0.8807 -0.2425 0.4069
vn -0.4659 -0.8562 0.2234
vn -0.1184 -0.9890 0.0885
vn -0.1194 -0.9888 0.0890
vn -0.4586 -0.8563 0.2376
vn 0.2483 -0.9668 -0.0602
vn 0.5735 -0.7949 -0.1982
vn 0.5591 -0.7984 -0.2238
vn 0.2392 -0.9682 -0.0736
vn 0.8081 -0.5041 -0.3047
vn 0.7919 -0.5078 -0.3391
vn 0.8556 0.2460 -0.4554
vn 0.8781 -0.1439 -0.4564
vn 0.7022 0.5989 -0.3849
vn 0.6685 0.6008 -0.4383
vn 0.8134 0.2468 -0.5268
vn 0.8328 -0.1455 -0.5341
vn 0.4413 0.8602 -0.2554
vn 0.1121 0.9899 -0.0864
vn 0.1104 0.9903 -0.0843
vn 0.4217 0.8614 -0.2830
vn -0.2331 0.9677 0.0955
vn -0.5421 0.7982 0.2626
vn -0.5100 0.7994 0.3175
vn -0.2162 0.9682 0.1262
vn -0.7678 0.5090 0.3892
vn -0.8777 0.1439 0.4571
vn -0.8328 0.1455 0.5341
vn -0.7260 0.5108 0.4604
vn -0.8561 -0.2428 0.4562
vn -0.7057 -0.5938 0.3865
vn -0.6736 -0.5927 0.4415
vn -0.8145 -0.2417 0.5275
vn -0.4475 -0.8563 0.2579
vn -0.1204 -0.9887 0.0898
vn -0.1222 -0.9882 0.0919
vn -0.4305 -0.8552 0.2886
vn 0.2263 -0.9697 -0.0924
vn 0.5376 -0.8021 -0.2601
vn 0.5033 -0.8054 -0.3131
vn 0.2063 -0.9711 -0.1198
vn 0.7666 -0.5117 -0.3879
vn 0.7238 -0.5152 -0.4590
vn -0.2573 -0.0557 -0.9647
vn -0.1933 0.3268 -0.9251
vn -0.2076 0.3237 -0.9231
vn -0.2965 -0.0500 -0.9537
vn -0.0993 0.6614 -0.7435
vn -0.1096 0.6559 -0.7469
vn -0.0094 0.6176 -0.7864
vn 0.3481 0.1539 -0.9247
vn -0.1973 -0.0640 -0.9782
vn 0.0517 -0.0945 -0.9942
vn 0.0922 0.2908 -0.9523
vn -0.0518 0.3078 -0.9501
vn -0.1041 -0.0762 -0.9916
vn 0.1188 0.6339 -0.7643
vn 0.0088 0.6468 -0.7626
vn 0.3557 -0.1244 -0.9263
vn 0.3731 0.2633 -0.8896
vn 0.2350 0.2757 -0.9321
vn 0.2062 -0.1109 -0.9722
vn 0.3334 0.6129 -0.7164
vn 0.2280 0.6223 -0.7489
vn 0.6858 -0.1441 -0.7134
vn 0.6778 0.2446 -0.6934
vn 0.5303 0.2533 -0.8091
vn 0.5262 -0.1365 -0.8393
vn 0.5656 0.5986 -0.5673
vn 0.4524 0.6064 -0.6540
vn 0.7235 -0.1451 -0.6749
vn 0.7139 0.2386 -0.6584
vn 0.7331 0.2400 -0.6364
vn 0.7447 -0.1455 -0.6514
vn 0.5976 0.5893 -0.5437
vn 0.6110 0.5918 -0.5257
vn 0.0103 0.8947 -0.4465
vn 0.0510 0.8806 -0.4710
vn 0.1189 0.9898 -0.0781
vn 0.1837 0.9766 -0.1118
vn 0.2974 0.9371 -0.1827
vn 0.5681 0.5504 -0.6118
vn 0.1272 0.8799 -0.4577
vn 0.0682 0.8870 -0.4568
vn 0.1157 0.9902 -0.0779
vn 0.1173 0.9900 -0.0779
vn 0.2422 0.8688 -0.4319
vn 0.1857 0.8738 -0.4495
vn 0.1126 0.9905 -0.0784
vn 0.1141 0.9904 -0.0782
vn 0.3655 0.8614 -0.3526
vn 0.3044 0.8658 -0.3971
vn 0.1075 0.9910 -0.0802
vn 0.1083 0.9912 -0.0762
vn 0.3890 0.8543 -0.3448
vn 0.3948 0.8560 -0.3337
vn 0.1186 0.9888 -0.0910
vn 0.1165 0.9893 -0.0883
vn 0.2084 0.9310 0.2997
vn 0.3311 0.9110 0.2457
vn 0.2654 0.7304 0.6293
vn 0.4071 0.7108 0.5737
vn 0.5423 0.6837 0.4883
vn 0.8145 0.5684 -0.1160
vn 0.0865 0.9464 0.3112
vn 0.1479 0.9391 0.3101
vn 0.0442 0.7584 0.6503
vn 0.1557 0.7451 0.6486
vn -0.0334 0.9581 0.2844
vn 0.0255 0.9528 0.3024
vn -0.1735 0.7796 0.6017
vn -0.0665 0.7700 0.6346
vn -0.1635 0.9653 0.2036
vn -0.1016 0.9620 0.2536
vn -0.4065 0.7922 0.4551
vn -0.2942 0.7865 0.5431
vn -0.1709 0.9691 0.1780
vn -0.1796 0.9687 0.1715
vn -0.4319 0.7994 0.4176
vn -0.4458 0.7990 0.4036
vn 0.2822 0.4233 0.8609
vn 0.4630 0.3969 0.7925
vn 0.2574 0.0556 0.9647
vn 0.4302 0.0297 0.9023
vn 0.5758 0.0050 0.8176
vn 0.9426 0.1937 0.2719
vn -0.0042 0.4593 0.8883
vn 0.1402 0.4423 0.8859
vn -0.0517 0.0945 0.9942
vn 0.1041 0.0760 0.9917
vn -0.2860 0.4869 0.8254
vn -0.1475 0.4743 0.8679
vn -0.3556 0.1243 0.9263
vn -0.2062 0.1107 0.9722
vn -0.5851 0.5039 0.6353
vn -0.4402 0.4969 0.7479
vn -0.6776 0.1440 0.7212
vn -0.5214 0.1362 0.8424
vn -0.6250 0.5093 0.5916
vn -0.6421 0.5096 0.5728
vn -0.7229 0.1451 0.6755
vn -0.7413 0.1456 0.6551
vn 0.1948 -0.3201 0.9271
vn 0.3754 -0.3485 0.8588
vn 0.1031 -0.6507 0.7523
vn 0.2444 -0.6742 0.6969
vn 0.3803 -0.6943 0.6110
vn 0.8781 -0.3550 0.3208
vn -0.0916 -0.2840 0.9544
vn 0.0528 -0.3013 0.9521
vn -0.1182 -0.6229 0.7733
vn -0.0066 -0.6360 0.7716
vn -0.3733 -0.2566 0.8915
vn -0.2348 -0.2690 0.9341
vn -0.3358 -0.6016 0.7248
vn -0.2289 -0.6112 0.7577
vn -0.6722 -0.2371 0.7014
vn -0.5273 -0.2441 0.8139
vn -0.5684 -0.5857 0.5778
vn -0.4560 -0.5905 0.6658
vn -0.7131 -0.2408 0.6584
vn -0.7302 -0.2402 0.6396
vn -0.5955 -0.5933 0.5416
vn -0.6093 -0.5921 0.5275
vn -0.0054 -0.8872 0.4614
vn 0.1176 -0.9056 0.4075
vn -0.1136 -0.9887 0.0980
vn -0.0483 -0.9968 0.0639
vn 0.0700 -0.9975 -0.0104
vn 0.6594 -0.7518 0.0016
vn -0.1272 -0.8718 0.4731
vn -0.0658 -0.8791 0.4721
vn -0.1168 -0.9883 0.0985
vn -0.1152 -0.9885 0.0982
vn -0.2472 -0.8600 0.4464
vn -0.1882 -0.8654 0.4644
vn -0.1199 -0.9880 0.0976
vn -0.1184 -0.9881 0.0980
vn -0.3770 -0.8511 0.3654
vn -0.3150 -0.8534 0.4153
vn -0.1251 -0.9875 0.0961
vn -0.1242 -0.9872 0.0999
vn -0.3856 -0.8575 0.3407
vn -0.3941 -0.8563 0.3340
vn -0.1139 -0.9898 0.0852
vn -0.2050 -0.9368 -0.2835
vn -0.1626 -0.9370 -0.3091
vn -0.2641 -0.7399 -0.6187
vn -0.2729 -0.7330 -0.6231
vn -0.1673 -0.7262 -0.6668
vn 0.4136 -0.7644 -0.4946
vn -0.0881 -0.9516 -0.2945
vn -0.1470 -0.9445 -0.2938
vn -0.0458 -0.7675 -0.6394
vn -0.1558 -0.7543 -0.6378
vn 0.0269 -0.9628 -0.2688
vn -0.0296 -0.9577 -0.2863
vn 0.1688 -0.7884 -0.5916
vn 0.0633 -0.7788 -0.6240
vn 0.1501 -0.9703 -0.1894
vn 0.0888 -0.9682 -0.2338
vn 0.4009 -0.8021 -0.4426
vn 0.2872 -0.7987 -0.5287
vn 0.1749 -0.9675 -0.1826
vn 0.1803 -0.9686 -0.1711
vn 0.4348 -0.7965 -0.4203
vn 0.4476 -0.7989 -0.4018
vn -0.2823 -0.4297 -0.8577
vn -0.2954 -0.4230 -0.8566
vn 0.2844 -0.3886 -0.8764
vn 0.0033 -0.4656 -0.8850
vn -0.1406 -0.4485 -0.8826
vn 0.2842 -0.4930 -0.8223
vn 0.1461 -0.4806 -0.8647
vn 0.5891 -0.5109 -0.6261
vn 0.4411 -0.5056 -0.7414
vn 0.6262 -0.5074 -0.5919
vn 0.6450 -0.5094 -0.5697
vn 0.7151 -0.1450 -0.6838
vn 0.7061 0.2396 -0.6664
vn 0.7429 -0.1455 -0.6534
vn 0.7313 0.2417 -0.6378
vn 0.6090 0.5943 -0.5253
vn 0.5910 0.5915 -0.5485
vn 0.3840 0.8564 -0.3453
vn 0.3926 0.8579 -0.3316
vn 0.1141 0.9898 -0.0856
vn 0.1149 0.9896 -0.0863
vn -0.1718 0.9675 0.1856
vn -0.1815 0.9681 0.1729
vn -0.4477 0.7980 0.4034
vn -0.4295 0.7961 0.4263
vn -0.6193 0.5068 0.5997
vn -0.6442 0.5088 0.5710
vn -0.7435 0.1455 0.6527
vn -0.7158 0.1450 0.6831
vn -0.7068 -0.2381 0.6661
vn -0.7321 -0.2395 0.6377
vn -0.6109 -0.5908 0.5270
vn -0.5923 -0.5891 0.5497
vn -0.3859 -0.8545 0.3478
vn -0.3958 -0.8549 0.3353
vn -0.1185 -0.9888 0.0907
vn -0.1176 -0.9890 0.0899
vn 0.1695 -0.9684 -0.1828
vn 0.1778 -0.9695 -0.1689
vn 0.4450 -0.8007 -0.4011
vn 0.4277 -0.7978 -0.4248
vn 0.6182 -0.5080 -0.5998
vn 0.6429 -0.5108 -0.5708
vn 0.7808 -0.1459 -0.6075
vn 0.7659 0.2442 -0.5948
vn 0.6339 0.5975 -0.4911
vn 0.4048 0.8595 -0.3122
vn 0.1130 0.9899 -0.0851
vn -0.1952 0.9686 0.1542
vn -0.4732 0.7997 0.3695
vn -0.6785 0.5108 0.5279
vn -0.7813 0.1458 0.6068
vn -0.7668 -0.2410 0.5949
vn -0.6369 -0.5924 0.4935
vn -0.4097 -0.8555 0.3167
vn -0.1196 -0.9886 0.0912
vn 0.1896 -0.9704 -0.1492
vn 0.4692 -0.8035 -0.3664
vn 0.6768 -0.5136 -0.5273
vn -0.5062 -0.5906 -0.6284
vn -0.5350 -0.4592 -0.7092
vn -0.8127 -0.3687 -0.4512
vn -0.7861 -0.4902 -0.3765
vn -0.5507 -0.3164 -0.7724
vn -0.8272 -0.2368 -0.5096
vn -0.9786 -0.1204 -0.1671
vn -0.9675 -0.2212 -0.1225
vn -0.9472 -0.3140 -0.0654
vn -0.4122 -0.8070 -0.4229
vn -0.4649 -0.7075 -0.5322
vn -0.7479 -0.5982 -0.2877
vn -0.6993 -0.6901 -0.1866
vn -0.9180 -0.3966 0.0024
vn -0.8808 -0.4667 0.0797
vn -0.2778 -0.9444 -0.1760
vn -0.3493 -0.8866 -0.3032
vn -0.6411 -0.7637 -0.0761
vn -0.5751 -0.8171 0.0415
vn -0.8364 -0.5230 0.1641
vn -0.7860 -0.5637 0.2540
vn -0.1163 -0.9893 0.0881
vn -0.1995 -0.9789 -0.0445
vn -0.5027 -0.8490 0.1630
vn -0.4258 -0.8586 0.2856
vn -0.7306 -0.5882 0.3468
vn -0.6719 -0.5954 0.4405
vn 0.0567 -0.9374 0.3436
vn -0.0302 -0.9754 0.2186
vn -0.3462 -0.8457 0.4061
vn -0.2660 -0.8106 0.5217
vn -0.6111 -0.5857 0.5325
vn -0.5499 -0.5587 0.6209
vn 0.2241 -0.7937 0.5655
vn 0.1421 -0.8764 0.4602
vn -0.1870 -0.7542 0.6294
vn -0.1113 -0.6779 0.7267
vn -0.4894 -0.5158 0.7032
vn -0.4317 -0.4573 0.7775
vn 0.3695 -0.5724 0.7320
vn 0.3005 -0.6916 0.6569
vn -0.0406 -0.5835 0.8111
vn 0.0231 -0.4733 0.8806
vn -0.3776 -0.3853 0.8420
vn -0.3290 -0.3010 0.8950
vn 0.4788 -0.2950 0.8269
vn 0.4295 -0.4391 0.7892
vn 0.0785 -0.3502 0.9334
vn 0.1240 -0.2170 0.9683
vn -0.2866 -0.2070 0.9354
vn -0.2519 -0.1052 0.9620
vn 0.5412 0.0113 0.8408
vn 0.5163 -0.1436 0.8443
vn 0.1588 -0.0771 0.9843
vn 0.1817 0.0660 0.9811
vn -0.2252 0.0016 0.9743
vn -0.2078 0.1110 0.9719
vn 0.5506 0.3164 0.7725
vn 0.5527 0.1659 0.8167
vn 0.1925 0.2089 0.9588
vn 0.1905 0.3480 0.9179
vn -0.1995 0.2201 0.9548
vn -0.2011 0.3264 0.9236
vn 0.5062 0.5906 0.6285
vn 0.5350 0.4592 0.7092
vn 0.1761 0.4799 0.8595
vn 0.1494 0.6014 0.7849
vn -0.2120 0.4272 0.8789
vn -0.2325 0.5200 0.8219
vn 0.4122 0.8070 0.4230
vn 0.4649 0.7075 0.5322
vn 0.1113 0.7094 0.6960
vn 0.0625 0.8013 0.5950
vn -0.2616 0.6025 0.7540
vn -0.2989 0.6727 0.6768
vn 0.2778 0.9444 0.1760
vn 0.3493 0.8866 0.3032
vn 0.0045 0.8749 0.4843
vn -0.0616 0.9283 0.3668
vn -0.3431 0.7290 0.5923
vn -0.3937 0.7697 0.5025
vn 0.1163 0.9893 -0.0881
vn 0.1995 0.9789 0.0445
vn -0.1339 0.9602 0.2453
vn -0.2109 0.9698 0.1227
vn -0.4489 0.7942 0.4096
vn -0.5078 0.8014 0.3161
vn -0.0567 0.9374 -0.3436
vn 0.0302 0.9754 -0.2186
vn -0.2904 0.9569 0.0022
vn -0.3707 0.9218 -0.1134
vn -0.5685 0.7916 0.2239
vn -0.6298 0.7648 0.1357
vn -0.2240 0.7937 -0.5655
vn -0.1421 0.8764 -0.4602
vn -0.4496 0.8654 -0.2211
vn -0.5254 0.7890 -0.3184
vn -0.6901 0.7218 0.0532
vn -0.7480 0.6634 -0.0210
vn -0.3695 0.5724 -0.7320
vn -0.3005 0.6916 -0.6568
vn -0.5960 0.6947 -0.4029
vn -0.6597 0.5845 -0.4723
vn -0.8019 0.5913 -0.0856
vn -0.8507 0.5071 -0.1386
vn -0.4787 0.2950 -0.8269
vn -0.4294 0.4391 -0.7892
vn -0.7151 0.4613 -0.5252
vn -0.7608 0.3282 -0.5599
vn -0.8930 0.4130 -0.1790
vn -0.9278 0.3113 -0.2055
vn -0.5412 -0.0113 -0.8408
vn -0.5163 0.1436 -0.8443
vn -0.7954 0.1883 -0.5760
vn -0.8184 0.0452 -0.5728
vn -0.9543 0.2044 -0.2179
vn -0.9719 0.0950 -0.2154
vn -0.5527 -0.1659 -0.8167
vn -0.8291 -0.0977 -0.5505
vn -0.9800 -0.0141 -0.1984
vn -0.9733 -0.0391 0.2260
vn -0.9624 -0.0888 0.2567
vn -0.9792 0.0149 0.2022
vn -0.8271 0.1487 0.5420
vn -0.8273 0.1501 0.5413
vn -0.8275 0.1516 0.5406
vn -0.9468 -0.1331 0.2930
vn -0.9269 -0.1706 0.3344
vn -0.8280 0.1527 0.5395
vn -0.8285 0.1538 0.5384
vn -0.9031 -0.2008 0.3796
vn -0.8760 -0.2226 0.4278
vn -0.8292 0.1545 0.5371
vn -0.8299 0.1552 0.5359
vn -0.8464 -0.2358 0.4775
vn -0.8149 -0.2396 0.5277
vn -0.8307 0.1554 0.5345
vn -0.8316 0.1557 0.5331
vn -0.7823 -0.2344 0.5771
vn -0.7495 -0.2200 0.6244
vn -0.8325 0.1554 0.5318
vn -0.8334 0.1551 0.5305
vn -0.7171 -0.1970 0.6685
vn -0.6862 -0.1656 0.7083
vn -0.8342 0.1544 0.5294
vn -0.8351 0.1536 0.5282
vn -0.6572 -0.1270 0.7429
vn -0.6312 -0.0819 0.7713
vn -0.8359 0.1525 0.5273
vn -0.8366 0.1513 0.5265
vn -0.6084 -0.0315 0.7930
vn -0.5898 0.0231 0.8072
vn -0.8372 0.1499 0.5260
vn -0.8377 0.1485 0.5255
vn -0.5755 0.0803 0.8138
vn -0.5662 0.1389 0.8125
vn -0.8381 0.1469 0.5254
vn -0.8384 0.1453 0.5254
vn -0.5617 0.1974 0.8034
vn -0.5627 0.2543 0.7866
vn -0.8384 0.1437 0.5257
vn -0.8385 0.1422 0.5261
vn -0.5685 0.3084 0.7627
vn -0.5795 0.3580 0.7321
vn -0.8382 0.1408 0.5268
vn -0.8380 0.1394 0.5276
vn -0.5950 0.4024 0.6958
vn -0.6150 0.4399 0.6544
vn -0.8375 0.1383 0.5286
vn -0.8371 0.1371 0.5297
vn -0.6387 0.4701 0.6091
vn -0.6659 0.4918 0.5610
vn -0.8363 0.1364 0.5310
vn -0.8356 0.1357 0.5322
vn -0.6954 0.5050 0.5112
vn -0.7270 0.5088 0.4611
vn -0.8348 0.1354 0.5336
vn -0.8340 0.1352 0.5350
vn -0.7595 0.5037 0.4117
vn -0.7924 0.4893 0.3644
vn -0.8331 0.1355 0.5363
vn -0.8322 0.1357 0.5376
vn -0.8247 0.4663 0.3202
vn -0.8557 0.4349 0.2805
vn -0.8313 0.1365 0.5387
vn -0.8305 0.1372 0.5399
vn -0.8846 0.3963 0.2458
vn -0.9107 0.3512 0.2175
vn -0.8297 0.1384 0.5408
vn -0.8290 0.1395 0.5416
vn -0.9334 0.3008 0.1958
vn -0.9520 0.2462 0.1816
vn -0.8284 0.1409 0.5421
vn -0.8278 0.1424 0.5426
vn -0.9663 0.1890 0.1749
vn -0.9757 0.1304 0.1763
vn -0.8275 0.1440 0.5427
vn -0.8272 0.1456 0.5427
vn -0.9800 0.0719 0.1854
vn -0.8271 0.1471 0.5424
vn -0.5543 0.3148 0.7705
vn -0.5657 0.3666 0.7387
vn -0.5481 0.2585 0.7955
vn -0.1871 0.3281 0.9259
vn -0.1984 0.4303 0.8806
vn -0.2189 0.5244 0.8228
vn -0.5820 0.4127 0.7007
vn -0.6027 0.4520 0.6576
vn -0.2485 0.6081 0.7539
vn -0.2862 0.6794 0.6757
vn -0.6276 0.4833 0.6104
vn -0.6557 0.5062 0.5602
vn -0.3313 0.7364 0.5899
vn -0.3824 0.7777 0.4989
vn -0.6866 0.5197 0.5083
vn -0.7194 0.5239 0.4560
vn -0.4385 0.8024 0.4047
vn -0.4981 0.8099 0.3097
vn -0.7534 0.5183 0.4046
vn -0.7876 0.5034 0.3552
vn -0.5598 0.7999 0.2164
vn -0.6219 0.7727 0.1268
vn -0.8214 0.4793 0.3093
vn -0.8537 0.4468 0.2677
vn -0.6831 0.7290 0.0433
vn -0.7418 0.6699 -0.0321
vn -0.8838 0.4064 0.2317
vn -0.9110 0.3594 0.2020
vn -0.7965 0.5967 -0.0975
vn -0.8459 0.5114 -0.1514
vn -0.9347 0.3068 0.1795
vn -0.9541 0.2500 0.1646
vn -0.8889 0.4159 -0.1922
vn -0.9242 0.3128 -0.2193
vn -0.9690 0.1903 0.1578
vn -0.9788 0.1292 0.1591
vn -0.9511 0.2044 -0.2317
vn -0.9689 0.0934 -0.2293
vn -0.9833 0.0682 0.1687
vn -0.9825 0.0088 0.1861
vn -0.9771 -0.0172 -0.2119
vn -0.9756 -0.1251 -0.1803
vn -0.9763 -0.0474 0.2111
vn -0.9650 -0.0993 0.2429
vn -0.9644 -0.2272 -0.1349
vn -0.9438 -0.3214 -0.0772
vn -0.9487 -0.1454 0.2809
vn -0.9279 -0.1847 0.3239
vn -0.9143 -0.4051 -0.0083
vn -0.8765 -0.4763 0.0700
vn -0.9031 -0.2160 0.3712
vn -0.8749 -0.2389 0.4213
vn -0.8315 -0.5333 0.1557
vn -0.7803 -0.5747 0.2468
vn -0.8440 -0.2524 0.4732
vn -0.8112 -0.2566 0.5255
vn -0.7242 -0.5994 0.3410
vn -0.6646 -0.6068 0.4359
vn -0.7772 -0.2510 0.5770
vn -0.7429 -0.2361 0.6263
vn -0.6030 -0.5968 0.5293
vn -0.5408 -0.5697 0.6189
vn -0.7093 -0.2119 0.6723
vn -0.6769 -0.1795 0.7139
vn -0.4797 -0.5259 0.7024
vn -0.4210 -0.4668 0.7777
vn -0.6468 -0.1391 0.7498
vn -0.6196 -0.0921 0.7795
vn -0.3662 -0.3936 0.8432
vn -0.3167 -0.3083 0.8970
vn -0.5960 -0.0395 0.8020
vn -0.5765 0.0173 0.8169
vn -0.2739 -0.2129 0.9379
vn -0.2386 -0.1097 0.9649
vn -0.5617 0.0770 0.8238
vn -0.5519 0.1381 0.8224
vn -0.2116 -0.0013 0.9774
vn -0.1938 0.1096 0.9749
vn -0.5474 0.1991 0.8128
vn -0.1857 0.2203 0.9576
vn 0.1828 0.4802 0.8579
vn 0.1562 0.6020 0.7831
vn 0.1974 0.3479 0.9165
vn 0.5506 0.3164 0.7724
vn 0.1179 0.7103 0.6939
vn 0.0691 0.8025 0.5926
vn 0.4122 0.8070 0.4229
vn 0.0108 0.8763 0.4817
vn -0.0554 0.9298 0.3638
vn -0.1280 0.9618 0.2419
vn -0.2051 0.9715 0.1190
vn -0.2850 0.9585 -0.0019
vn -0.3654 0.9234 -0.1178
vn -0.0566 0.9374 -0.3436
vn -0.4446 0.8668 -0.2258
vn -0.5205 0.7902 -0.3234
vn -0.5914 0.6955 -0.4080
vn -0.6553 0.5851 -0.4777
vn -0.7109 0.4616 -0.5307
vn -0.7566 0.3280 -0.5656
vn -0.4788 0.2950 -0.8269
vn -0.7914 0.1877 -0.5817
vn -0.8145 0.0442 -0.5785
vn -0.5164 0.1436 -0.8442
vn -0.5413 -0.0113 -0.8408
vn -0.8252 -0.0991 -0.5561
vn -0.8232 -0.2386 -0.5152
vn -0.5506 -0.3164 -0.7724
vn -0.8087 -0.3709 -0.4565
vn -0.7820 -0.4927 -0.3817
vn -0.7438 -0.6010 -0.2926
vn -0.6949 -0.6932 -0.1913
vn -0.6366 -0.7670 -0.0803
vn -0.5704 -0.8205 0.0375
vn -0.2778 -0.9444 -0.1761
vn -0.4978 -0.8525 0.1594
vn -0.4207 -0.8622 0.2823
vn -0.3409 -0.8492 0.4032
vn -0.2604 -0.8141 0.5191
vn -0.1812 -0.7575 0.6272
vn -0.1053 -0.6809 0.7247
vn -0.0344 -0.5863 0.8094
vn 0.0295 -0.4758 0.8791
vn 0.0851 -0.3523 0.9320
vn 0.1309 -0.2188 0.9670
vn 0.4294 -0.4391 0.7892
vn 0.1657 -0.0785 0.9831
vn 0.1887 0.0651 0.9799
vn 0.5164 -0.1436 0.8442
vn 0.1993 0.2084 0.9575
vn 0.8087 0.3709 0.4566
vn 0.7820 0.4927 0.3818
vn 0.8232 0.2386 0.5152
vn 0.9756 0.1251 0.1803
vn 0.9644 0.2273 0.1350
vn 0.9438 0.3214 0.0772
vn 0.7437 0.6010 0.2926
vn 0.6949 0.6932 0.1913
vn 0.9142 0.4051 0.0083
vn 0.8765 0.4763 -0.0700
vn 0.6366 0.7670 0.0803
vn 0.5704 0.8205 -0.0375
vn 0.8315 0.5333 -0.1557
vn 0.7803 0.5747 -0.2468
vn 0.4978 0.8525 -0.1594
vn 0.4206 0.8622 -0.2823
vn 0.7242 0.5994 -0.3409
vn 0.6646 0.6069 -0.4359
vn 0.3409 0.8492 -0.4032
vn 0.2604 0.8141 -0.5191
vn 0.6030 0.5968 -0.5293
vn 0.5408 0.5697 -0.6189
vn 0.1812 0.7575 -0.6272
vn 0.1053 0.6809 -0.7247
vn 0.4796 0.5260 -0.7024
vn 0.4210 0.4668 -0.7777
vn 0.0345 0.5862 -0.8094
vn -0.0295 0.4758 -0.8791
vn 0.3663 0.3936 -0.8432
vn 0.3168 0.3083 -0.8970
vn -0.0850 0.3523 -0.9320
vn -0.1307 0.2187 -0.9670
vn 0.2739 0.2128 -0.9379
vn 0.2386 0.1097 -0.9649
vn -0.1656 0.0784 -0.9831
vn -0.1886 -0.0651 -0.9799
vn 0.2117 0.0013 -0.9773
vn 0.1938 -0.1096 -0.9749
vn -0.1993 -0.2084 -0.9575
vn -0.1974 -0.3479 -0.9165
vn 0.1856 -0.2203 -0.9576
vn 0.1870 -0.3281 -0.9259
vn -0.1829 -0.4802 -0.8579
vn -0.1562 -0.6020 -0.7831
vn 0.1983 -0.4303 -0.8806
vn 0.2189 -0.5245 -0.8228
vn -0.1179 -0.7103 -0.6939
vn -0.0691 -0.8025 -0.5926
vn 0.2485 -0.6081 -0.7539
vn 0.2862 -0.6794 -0.6757
vn -0.0108 -0.8763 -0.4817
vn 0.0555 -0.9298 -0.3638
vn 0.3313 -0.7363 -0.5899
vn 0.3824 -0.7778 -0.4989
vn 0.1280 -0.9618 -0.2419
vn 0.2052 -0.9715 -0.1190
vn 0.4385 -0.8024 -0.4047
vn 0.4981 -0.8099 -0.3097
vn 0.2849 -0.9585 0.0019
vn 0.3654 -0.9234 0.1178
vn 0.5598 -0.7999 -0.2164
vn 0.6219 -0.7728 -0.1268
vn 0.4446 -0.8668 0.2258
vn 0.5205 -0.7902 0.3234
vn 0.6831 -0.7290 -0.0433
vn 0.7418 -0.6699 0.0321
vn 0.5914 -0.6955 0.4080
vn 0.6553 -0.5851 0.4777
vn 0.7965 -0.5967 0.0975
vn 0.8459 -0.5114 0.1514
vn 0.7109 -0.4616 0.5307
vn 0.7566 -0.3280 0.5657
vn 0.8888 -0.4159 0.1922
vn 0.9242 -0.3128 0.2193
vn 0.7914 -0.1877 0.5817
vn 0.8144 -0.0442 0.5786
vn 0.9511 -0.2044 0.2317
vn 0.9689 -0.0935 0.2293
vn 0.8252 0.0991 0.5561
vn 0.9771 0.0173 0.2119
vn 0.9763 0.0474 -0.2111
vn 0.9650 0.0993 -0.2429
vn 0.9825 -0.0088 -0.1860
vn 0.8384 -0.1422 -0.5261
vn 0.8382 -0.1408 -0.5268
vn 0.8380 -0.1393 -0.5276
vn 0.9487 0.1454 -0.2809
vn 0.9279 0.1846 -0.3240
vn 0.8375 -0.1382 -0.5286
vn 0.8370 -0.1371 -0.5297
vn 0.9031 0.2160 -0.3712
vn 0.8749 0.2389 -0.4213
vn 0.8363 -0.1364 -0.5310
vn 0.8357 -0.1357 -0.5322
vn 0.8440 0.2524 -0.4732
vn 0.8112 0.2565 -0.5255
vn 0.8348 -0.1355 -0.5336
vn 0.8340 -0.1352 -0.5350
vn 0.7772 0.2510 -0.5770
vn 0.7429 0.2362 -0.6263
vn 0.8331 -0.1355 -0.5363
vn 0.8322 -0.1358 -0.5376
vn 0.7093 0.2120 -0.6723
vn 0.6769 0.1795 -0.7139
vn 0.8313 -0.1365 -0.5387
vn 0.8305 -0.1372 -0.5399
vn 0.6468 0.1391 -0.7498
vn 0.6195 0.0922 -0.7796
vn 0.8297 -0.1384 -0.5408
vn 0.8290 -0.1395 -0.5416
vn 0.5959 0.0395 -0.8020
vn 0.5764 -0.0173 -0.8170
vn 0.8284 -0.1410 -0.5421
vn 0.8279 -0.1424 -0.5426
vn 0.5617 -0.0770 -0.8237
vn 0.5518 -0.1381 -0.8224
vn 0.8275 -0.1440 -0.5426
vn 0.8272 -0.1456 -0.5427
vn 0.5474 -0.1991 -0.8129
vn 0.5481 -0.2585 -0.7955
vn 0.8272 -0.1471 -0.5424
vn 0.8271 -0.1487 -0.5420
vn 0.5544 -0.3147 -0.7705
vn 0.5656 -0.3666 -0.7387
vn 0.8273 -0.1501 -0.5413
vn 0.8276 -0.1515 -0.5405
vn 0.5820 -0.4127 -0.7007
vn 0.6028 -0.4519 -0.6576
vn 0.8281 -0.1526 -0.5395
vn 0.8286 -0.1537 -0.5384
vn 0.6276 -0.4833 -0.6104
vn 0.6557 -0.5062 -0.5602
vn 0.8292 -0.1545 -0.5371
vn 0.8299 -0.1552 -0.5359
vn 0.6867 -0.5197 -0.5084
vn 0.7194 -0.5239 -0.4560
vn 0.8308 -0.1554 -0.5345
vn 0.8316 -0.1556 -0.5331
vn 0.7534 -0.5183 -0.4046
vn 0.7877 -0.5034 -0.3553
vn 0.8325 -0.1554 -0.5318
vn 0.8334 -0.1551 -0.5305
vn 0.8214 -0.4793 -0.3093
vn 0.8537 -0.4467 -0.2677
vn 0.8342 -0.1544 -0.5294
vn 0.8351 -0.1536 -0.5282
vn 0.8838 -0.4064 -0.2318
vn 0.9110 -0.3594 -0.2020
vn 0.8358 -0.1525 -0.5274
vn 0.8366 -0.1514 -0.5265
vn 0.9347 -0.3068 -0.1796
vn 0.9542 -0.2500 -0.1646
vn 0.8371 -0.1499 -0.5260
vn 0.8377 -0.1485 -0.5256
vn 0.9690 -0.1903 -0.1578
vn 0.9788 -0.1292 -0.1591
vn 0.8380 -0.1469 -0.5255
vn 0.8384 -0.1453 -0.5254
vn 0.9833 -0.0682 -0.1687
vn 0.8384 -0.1438 -0.5257
vn 0.5684 -0.3084 -0.7627
vn 0.5795 -0.3581 -0.7321
vn 0.5626 -0.2543 -0.7866
vn 0.2012 -0.3264 -0.9236
vn 0.2120 -0.4272 -0.8789
vn 0.2325 -0.5200 -0.8219
vn 0.5950 -0.4024 -0.6958
vn 0.6151 -0.4399 -0.6544
vn 0.2615 -0.6025 -0.7540
vn 0.2989 -0.6727 -0.6768
vn 0.6387 -0.4701 -0.6091
vn 0.6659 -0.4918 -0.5610
vn 0.3431 -0.7290 -0.5923
vn 0.3937 -0.7697 -0.5025
vn 0.6954 -0.5051 -0.5112
vn 0.7270 -0.5088 -0.4611
vn 0.4489 -0.7942 -0.4096
vn 0.5078 -0.8014 -0.3161
vn 0.7595 -0.5037 -0.4117
vn 0.7924 -0.4893 -0.3644
vn 0.5685 -0.7916 -0.2239
vn 0.6299 -0.7648 -0.1357
vn 0.8247 -0.4663 -0.3202
vn 0.8557 -0.4349 -0.2805
vn 0.6901 -0.7218 -0.0533
vn 0.7480 -0.6634 0.0210
vn 0.8846 -0.3963 -0.2458
vn 0.9107 -0.3511 -0.2175
vn 0.8019 -0.5913 0.0856
vn 0.8507 -0.5071 0.1385
vn 0.9334 -0.3008 -0.1957
vn 0.9520 -0.2462 -0.1816
vn 0.8930 -0.4130 0.1790
vn 0.9278 -0.3113 0.2055
vn 0.9663 -0.1890 -0.1749
vn 0.9757 -0.1304 -0.1764
vn 0.9543 -0.2044 0.2179
vn 0.9719 -0.0950 0.2154
vn 0.9800 -0.0719 -0.1853
vn 0.9792 -0.0149 -0.2021
vn 0.9800 0.0141 0.1984
vn 0.9786 0.1204 0.1670
vn 0.9733 0.0391 -0.2260
vn 0.9624 0.0888 -0.2567
vn 0.9675 0.2212 0.1225
vn 0.9472 0.3140 0.0654
vn 0.9468 0.1331 -0.2930
vn 0.9269 0.1706 -0.3344
vn 0.9180 0.3965 -0.0024
vn 0.8808 0.4667 -0.0797
vn 0.9031 0.2008 -0.3796
vn 0.8760 0.2226 -0.4278
vn 0.8364 0.5230 -0.1641
vn 0.7860 0.5637 -0.2540
vn 0.8464 0.2358 -0.4775
vn 0.8149 0.2396 -0.5277
vn 0.7306 0.5882 -0.3468
vn 0.6719 0.5954 -0.4405
vn 0.7823 0.2345 -0.5771
vn 0.7495 0.2199 -0.6244
vn 0.6111 0.5857 -0.5325
vn 0.5499 0.5587 -0.6209
vn 0.7171 0.1970 -0.6685
vn 0.6862 0.1656 -0.7083
vn 0.4894 0.5158 -0.7032
vn 0.4317 0.4573 -0.7775
vn 0.6572 0.1271 -0.7429
vn 0.6311 0.0819 -0.7713
vn 0.3776 0.3853 -0.8420
vn 0.3290 0.3011 -0.8951
vn 0.6084 0.0315 -0.7930
vn 0.5898 -0.0230 -0.8072
vn 0.2865 0.2071 -0.9354
vn 0.2519 0.1052 -0.9620
vn 0.5755 -0.0803 -0.8138
vn 0.5663 -0.1389 -0.8124
vn 0.2252 -0.0016 -0.9743
vn 0.2078 -0.1110 -0.9719
vn 0.5617 -0.1974 -0.8035
vn 0.1995 -0.2201 -0.9548
vn -0.1760 -0.4799 -0.8595
vn -0.1494 -0.6014 -0.7849
vn -0.1905 -0.3480 -0.9179
vn -0.1113 -0.7094 -0.6960
vn -0.0625 -0.8013 -0.5950
vn -0.0045 -0.8749 -0.4843
vn 0.0616 -0.9283 -0.3668
vn 0.1340 -0.9602 -0.2453
vn 0.2109 -0.9698 -0.1227
vn 0.2904 -0.9569 -0.0022
vn 0.3707 -0.9218 0.1133
vn 0.4496 -0.8654 0.2211
vn 0.5254 -0.7891 0.3184
vn 0.5959 -0.6947 0.4029
vn 0.6598 -0.5845 0.4723
vn 0.7151 -0.4613 0.5251
vn 0.7608 -0.3282 0.5599
vn 0.7954 -0.1883 0.5760
vn 0.8185 -0.0452 0.5728
vn 0.8291 0.0977 0.5505
vn 0.8272 0.2368 0.5096
vn 0.8127 0.3687 0.4512
vn 0.7861 0.4902 0.3766
vn 0.7479 0.5982 0.2877
vn 0.6993 0.6901 0.1866
vn 0.6411 0.7637 0.0761
vn 0.5751 0.8170 -0.0415
vn 0.5027 0.8490 -0.1630
vn 0.4258 0.8586 -0.2856
vn 0.3462 0.8457 -0.4061
vn 0.2660 0.8106 -0.5217
vn 0.1870 0.7542 -0.6294
vn 0.1113 0.6779 -0.7267
vn 0.0407 0.5835 -0.8111
vn -0.0231 0.4733 -0.8806
vn -0.0786 0.3502 -0.9334
vn -0.1240 0.2170 -0.9683
vn -0.1588 0.0771 -0.9843
vn -0.1818 -0.0660 -0.9811
vn -0.1924 -0.2089 -0.9588
vn -0.5062 -0.5906 -0.6285
vn -0.7861 -0.4902 -0.3766
vn -0.5506 -0.3164 -0.7725
vn -0.6992 -0.6901 -0.1867
vn -0.9180 -0.3965 0.0024
vn -0.6411 -0.7637 -0.0760
vn -0.5751 -0.8170 0.0415
vn -0.5498 -0.5588 0.6208
vn 0.2240 -0.7937 0.5655
vn 0.1421 -0.8763 0.4602
vn -0.1114 -0.6778 0.7267
vn -0.4895 -0.5157 0.7032
vn -0.4316 -0.4574 0.7775
vn 0.3004 -0.6916 0.6569
vn -0.0407 -0.5835 0.8111
vn -0.3290 -0.3011 0.8951
vn 0.4295 -0.4391 0.7891
vn 0.1241 -0.2170 0.9682
vn -0.2518 -0.1052 0.9620
vn 0.1589 -0.0771 0.9843
vn 0.5507 0.3164 0.7724
vn 0.1924 0.2089 0.9588
vn 0.1904 0.3480 0.9180
vn -0.2121 0.4272 0.8789
vn -0.3432 0.7290 0.5923
vn -0.1339 0.9602 0.2452
vn -0.2110 0.9698 0.1228
vn -0.3707 0.9218 -0.1133
vn -0.5685 0.7917 0.2239
vn -0.2241 0.7937 -0.5655
vn -0.6901 0.7218 0.0533
vn -0.3004 0.6916 -0.6569
vn -0.5960 0.6946 -0.4029
vn -0.7151 0.4613 -0.5251
vn -0.8929 0.4130 -0.1791
vn -0.9733 -0.0391 0.2261
vn -0.9031 -0.2009 0.3796
vn -0.8292 0.1545 0.5372
vn -0.8149 -0.2395 0.5277
vn -0.8307 0.1555 0.5345
vn -0.7823 -0.2345 0.5771
vn -0.7495 -0.2199 0.6244
vn -0.8334 0.1552 0.5305
vn -0.7172 -0.1969 0.6685
vn -0.8351 0.1537 0.5282
vn -0.6572 -0.1271 0.7429
vn -0.6311 -0.0819 0.7713
vn -0.8358 0.1525 0.5274
vn -0.5899 0.0231 0.8071
vn -0.8380 0.1469 0.5255
vn -0.5618 0.1974 0.8034
vn -0.8385 0.1422 0.5260
vn -0.5684 0.3084 0.7627
vn -0.8382 0.1408 0.5269
vn -0.5950 0.4023 0.6958
vn -0.6151 0.4399 0.6544
vn -0.8375 0.1382 0.5286
vn -0.6659 0.4919 0.5610
vn -0.8357 0.1356 0.5322
vn -0.7270 0.5089 0.4611
vn -0.8331 0.1354 0.5363
vn -0.8322 0.1358 0.5376
vn -0.9107 0.3511 0.2175
vn -0.9334 0.3008 0.1957
vn -0.9521 0.2462 0.1816
vn -0.8278 0.1424 0.5427
vn -0.8276 0.1440 0.5426
vn -0.9801 0.0718 0.1853
vn -0.8272 0.1471 0.5424
vn -0.5544 0.3147 0.7705
vn -0.5656 0.3666 0.7387
vn -0.1870 0.3281 0.9259
vn -0.1983 0.4303 0.8806
vn -0.6028 0.4519 0.6576
vn -0.3313 0.7363 0.5900
vn -0.3824 0.7778 0.4989
vn -0.6866 0.5198 0.5083
vn -0.7534 0.5184 0.4046
vn -0.7876 0.5035 0.3552
vn -0.5597 0.7999 0.2163
vn -0.6219 0.7728 0.1268
vn -0.8537 0.4467 0.2677
vn -0.9347 0.3068 0.1796
vn -0.9788 0.1292 0.1592
vn -0.9689 0.0935 -0.2293
vn -0.9825 0.0089 0.1861
vn -0.9771 -0.0173 -0.2120
vn -0.9644 -0.2273 -0.1350
vn -0.8765 -0.4764 0.0699
vn -0.7803 -0.5747 0.2467
vn -0.8112 -0.2565 0.5255
vn -0.7242 -0.5993 0.3410
vn -0.4796 -0.5260 0.7024
vn -0.4209 -0.4668 0.7777
vn -0.6469 -0.1391 0.7498
vn -0.3168 -0.3083 0.8970
vn -0.5959 -0.0395 0.8021
vn -0.5618 0.0770 0.8237
vn -0.5518 0.1381 0.8224
vn -0.2117 -0.0013 0.9773
vn -0.5473 0.1991 0.8129
vn -0.1855 0.2203 0.9576
vn 0.1829 0.4802 0.8579
vn 0.1975 0.3479 0.9165
vn 0.5062 0.5906 0.6284
vn -0.0555 0.9298 0.3638
vn -0.3655 0.9234 -0.1177
vn -0.6553 0.5851 -0.4778
vn -0.3005 0.6916 -0.6569
vn -0.7566 0.3280 -0.5657
vn -0.8144 0.0442 -0.5786
vn -0.5411 -0.0113 -0.8409
vn -0.8251 -0.0991 -0.5562
vn -0.7820 -0.4927 -0.3818
vn -0.4206 -0.8622 0.2823
vn -0.0302 -0.9754 0.2185
vn 0.3005 -0.6916 0.6568
vn 0.0850 -0.3522 0.9320
vn 0.1308 -0.2187 0.9670
vn 0.4789 -0.2950 0.8268
vn 0.1656 -0.0785 0.9831
vn 0.5165 -0.1436 0.8442
vn 0.1994 0.2084 0.9575
vn 0.8087 0.3709 0.4565
vn 0.7242 0.5994 -0.3410
vn 0.6030 0.5969 -0.5293
vn 0.1813 0.7575 -0.6272
vn 0.4797 0.5259 -0.7024
vn 0.4210 0.4668 -0.7778
vn -0.0851 0.3523 -0.9320
vn -0.1306 0.2187 -0.9670
vn 0.2739 0.2129 -0.9379
vn 0.2385 0.1097 -0.9649
vn -0.1655 0.0784 -0.9831
vn 0.1937 -0.1096 -0.9749
vn -0.1828 -0.4802 -0.8579
vn 0.2189 -0.5244 -0.8228
vn -0.0690 -0.8025 -0.5926
vn 0.3824 -0.7777 -0.4989
vn 0.4386 -0.8024 -0.4047
vn 0.2850 -0.9585 0.0018
vn 0.3655 -0.9233 0.1177
vn 0.6219 -0.7727 -0.1268
vn 0.8459 -0.5114 0.1513
vn 0.7109 -0.4616 0.5306
vn 0.7567 -0.3280 0.5656
vn 0.9511 -0.2044 0.2318
vn 0.9689 -0.0934 0.2293
vn 0.8251 0.0991 0.5562
vn 0.9825 -0.0089 -0.1861
vn 0.8385 -0.1422 -0.5261
vn 0.8382 -0.1408 -0.5269
vn 0.8380 -0.1394 -0.5276
vn 0.9487 0.1453 -0.2809
vn 0.8112 0.2566 -0.5255
vn 0.7430 0.2360 -0.6263
vn 0.7093 0.2119 -0.6723
vn 0.6770 0.1793 -0.7138
vn 0.8305 -0.1373 -0.5399
vn 0.6468 0.1391 -0.7499
vn 0.5959 0.0395 -0.8021
vn 0.8284 -0.1409 -0.5421
vn 0.8278 -0.1424 -0.5426
vn 0.5617 -0.0770 -0.8238
vn 0.8275 -0.1440 -0.5427
vn 0.5473 -0.1991 -0.8129
vn 0.8271 -0.1471 -0.5424
vn 0.5543 -0.3148 -0.7705
vn 0.5656 -0.3667 -0.7387
vn 0.8275 -0.1515 -0.5406
vn 0.6027 -0.4520 -0.6576
vn 0.8280 -0.1527 -0.5395
vn 0.8285 -0.1538 -0.5384
vn 0.6557 -0.5061 -0.5602
vn 0.8292 -0.1545 -0.5372
vn 0.7195 -0.5239 -0.4560
vn 0.8307 -0.1554 -0.5345
vn 0.7877 -0.5034 -0.3552
vn 0.8537 -0.4467 -0.2678
vn 0.8342 -0.1544 -0.5293
vn 0.8351 -0.1537 -0.5282
vn 0.8838 -0.4064 -0.2317
vn 0.8359 -0.1525 -0.5273
vn 0.8366 -0.1513 -0.5265
vn 0.9541 -0.2500 -0.1646
vn 0.8372 -0.1499 -0.5260
vn 0.8377 -0.1485 -0.5255
vn 0.8384 -0.1438 -0.5258
vn 0.5794 -0.3581 -0.7322
vn 0.5627 -0.2543 -0.7866
vn 0.2011 -0.3264 -0.9236
vn 0.2121 -0.4272 -0.8789
vn 0.5950 -0.4023 -0.6958
vn 0.6150 -0.4399 -0.6544
vn 0.2616 -0.6025 -0.7540
vn 0.6658 -0.4919 -0.5610
vn 0.3432 -0.7290 -0.5923
vn 0.7269 -0.5090 -0.4610
vn 0.5077 -0.8014 -0.3161
vn 0.7924 -0.4892 -0.3644
vn 0.5685 -0.7917 -0.2239
vn 0.6901 -0.7217 -0.0533
vn 0.9107 -0.3512 -0.2175
vn 0.8507 -0.5071 0.1386
vn 0.9521 -0.2462 -0.1816
vn 0.8929 -0.4130 0.1790
vn 0.9757 -0.1304 -0.1763
vn 0.9801 -0.0718 -0.1853
vn 0.9792 -0.0149 -0.2022
vn 0.9800 0.0141 0.1985
vn 0.9786 0.1204 0.1671
vn 0.9472 0.3139 0.0654
vn 0.9180 0.3966 -0.0024
vn 0.9031 0.2008 -0.3797
vn 0.8760 0.2225 -0.4278
vn 0.6719 0.5954 -0.4404
vn 0.6862 0.1655 -0.7083
vn 0.4895 0.5157 -0.7032
vn 0.6572 0.1270 -0.7429
vn 0.3290 0.3010 -0.8950
vn 0.6085 0.0315 -0.7930
vn 0.5898 -0.0231 -0.8072
vn 0.2866 0.2070 -0.9354
vn 0.2518 0.1053 -0.9620
vn 0.5662 -0.1389 -0.8125
vn 0.2253 -0.0016 -0.9743
vn 0.5617 -0.1974 -0.8034
vn 0.1996 -0.2201 -0.9548
vn -0.1493 -0.6014 -0.7849
vn -0.1904 -0.3480 -0.9179
vn -0.0044 -0.8749 -0.4843
vn 0.0617 -0.9282 -0.3668
vn 0.1339 -0.9602 -0.2453
vn 0.2109 -0.9698 -0.1228
vn 0.3707 -0.9218 0.1134
vn 0.4496 -0.8654 0.2212
vn 0.6992 0.6901 0.1867
vn 0.5751 0.8171 -0.0415
vn 0.1114 0.6778 -0.7267
vn 0.0406 0.5835 -0.8111
vn -0.0785 0.3502 -0.9334
vn -0.1241 0.2170 -0.9683
vn -0.1817 -0.0660 -0.9811
vn -0.1923 -0.2089 -0.9588
vn -0.5505 -0.3165 -0.7725
vn -0.9786 -0.1204 -0.1670
vn -0.4649 -0.7075 -0.5323
vn -0.2779 -0.9444 -0.1760
vn -0.5026 -0.8490 0.1630
vn -0.6719 -0.5954 0.4404
vn 0.0566 -0.9374 0.3436
vn -0.3461 -0.8458 0.4061
vn -0.2661 -0.8105 0.5217
vn -0.6110 -0.5858 0.5325
vn -0.5498 -0.5588 0.6209
vn -0.3289 -0.3011 0.8951
vn 0.1241 -0.2170 0.9683
vn -0.2865 -0.2070 0.9354
vn 0.1589 -0.0772 0.9843
vn 0.1820 0.0660 0.9811
vn -0.2251 0.0016 0.9743
vn -0.2077 0.1110 0.9719
vn -0.1995 0.2201 0.9549
vn 0.5063 0.5906 0.6284
vn 0.5351 0.4592 0.7091
vn 0.1114 0.7094 0.6960
vn -0.2615 0.6026 0.7540
vn -0.2988 0.6727 0.6768
vn -0.0617 0.9282 0.3668
vn -0.1340 0.9602 0.2453
vn -0.4490 0.7941 0.4097
vn -0.2904 0.9569 0.0021
vn -0.5684 0.7917 0.2239
vn -0.6299 0.7648 0.1357
vn -0.6901 0.7217 0.0533
vn -0.3694 0.5724 -0.7321
vn -0.5959 0.6947 -0.4029
vn -0.6598 0.5845 -0.4722
vn -0.7954 0.1883 -0.5761
vn -0.8185 0.0452 -0.5727
vn -0.8291 -0.0977 -0.5506
vn -0.9800 -0.0142 -0.1985
vn -0.9624 -0.0888 0.2566
vn -0.8271 0.1487 0.5421
vn -0.9269 -0.1707 0.3344
vn -0.9031 -0.2008 0.3797
vn -0.8292 0.1546 0.5372
vn -0.8299 0.1553 0.5359
vn -0.8464 -0.2357 0.4775
vn -0.8325 0.1555 0.5318
vn -0.6862 -0.1657 0.7083
vn -0.8366 0.1514 0.5265
vn -0.5899 0.0231 0.8072
vn -0.5663 0.1389 0.8124
vn -0.5626 0.2544 0.7866
vn -0.8384 0.1438 0.5258
vn -0.8384 0.1422 0.5261
vn -0.5794 0.3581 0.7321
vn -0.8364 0.1364 0.5310
vn -0.8357 0.1357 0.5322
vn -0.6954 0.5051 0.5112
vn -0.8348 0.1355 0.5336
vn -0.8340 0.1353 0.5350
vn -0.7924 0.4892 0.3644
vn -0.8305 0.1373 0.5399
vn -0.9107 0.3512 0.2174
vn -0.8297 0.1384 0.5407
vn -0.9520 0.2462 0.1817
vn -0.8284 0.1410 0.5421
vn -0.8271 0.1456 0.5428
vn -0.5656 0.3667 0.7387
vn -0.5480 0.2585 0.7955
vn -0.2190 0.5244 0.8228
vn -0.5820 0.4126 0.7007
vn -0.2486 0.6081 0.7539
vn -0.6275 0.4833 0.6104
vn -0.6557 0.5061 0.5602
vn -0.3313 0.7363 0.5899
vn -0.6867 0.5197 0.5084
vn -0.9542 0.2500 0.1645
vn -0.8888 0.4159 -0.1922
vn -0.9689 0.0935 -0.2292
vn -0.9650 -0.0993 0.2428
vn -0.9645 -0.2272 -0.1349
vn -0.9142 -0.4051 -0.0083
vn -0.8765 -0.4763 0.0699
vn -0.8749 -0.2388 0.4214
vn -0.8440 -0.2524 0.4733
vn -0.7430 -0.2361 0.6263
vn -0.5407 -0.5698 0.6189
vn -0.7093 -0.2120 0.6723
vn -0.6769 -0.1794 0.7138
vn -0.6195 -0.0921 0.7795
vn -0.3663 -0.3936 0.8432
vn -0.2740 -0.2128 0.9379
vn -0.2387 -0.1096 0.9649
vn -0.5617 0.0770 0.8237
vn -0.1940 0.1096 0.9749
vn -0.5474 0.1991 0.8129
vn 0.1830 0.4802 0.8579
vn 0.1563 0.6020 0.7831
vn 0.5506 0.3165 0.7725
vn 0.0690 0.8025 0.5926
vn 0.4121 0.8070 0.4230
vn 0.0107 0.8763 0.4817
vn 0.2778 0.9444 0.1761
vn -0.2052 0.9715 0.1190
vn -0.4446 0.8668 -0.2259
vn -0.5528 -0.1659 -0.8166
vn -0.7437 -0.6010 -0.2926
vn -0.5704 -0.8205 0.0376
vn -0.0301 -0.9754 0.2185
vn -0.0345 -0.5862 0.8094
vn 0.0294 -0.4758 0.8791
vn 0.3694 -0.5724 0.7321
vn 0.1307 -0.2187 0.9670
vn 0.1655 -0.0784 0.9831
vn 0.1886 0.0651 0.9799
vn 0.8231 0.2386 0.5153
vn 0.9644 0.2272 0.1349
vn 0.7438 0.6010 0.2926
vn 0.9143 0.4050 0.0082
vn 0.4207 0.8622 -0.2823
vn 0.3409 0.8493 -0.4032
vn 0.1054 0.6809 -0.7248
vn 0.4209 0.4668 -0.7777
vn -0.0296 0.4758 -0.8790
vn 0.3662 0.3936 -0.8432
vn 0.3167 0.3083 -0.8970
vn -0.1309 0.2187 -0.9670
vn -0.1657 0.0785 -0.9831
vn 0.1939 -0.1096 -0.9749
vn -0.1992 -0.2084 -0.9575
vn -0.1973 -0.3479 -0.9165
vn 0.1871 -0.3281 -0.9259
vn 0.2188 -0.5245 -0.8228
vn -0.1180 -0.7103 -0.6939
vn 0.2485 -0.6082 -0.7539
vn 0.0554 -0.9298 -0.3638
vn 0.3312 -0.7364 -0.5899
vn 0.5598 -0.7999 -0.2163
vn 0.6219 -0.7728 -0.1267
vn 0.4446 -0.8668 0.2259
vn 0.5206 -0.7902 0.3234
vn 0.6554 -0.5851 0.4777
vn 0.7108 -0.4616 0.5307
vn 0.7566 -0.3280 0.5656
vn 0.8889 -0.4159 0.1922
vn 0.9242 -0.3127 0.2193
vn 0.9689 -0.0935 0.2292
vn 0.9771 0.0172 0.2119
vn 0.9825 -0.0088 -0.1861
vn 0.8385 -0.1422 -0.5260
vn 0.8375 -0.1383 -0.5286
vn 0.9031 0.2159 -0.3712
vn 0.8111 0.2566 -0.5255
vn 0.8348 -0.1354 -0.5336
vn 0.7773 0.2509 -0.5770
vn 0.7430 0.2361 -0.6263
vn 0.8322 -0.1357 -0.5376
vn 0.6196 0.0921 -0.7795
vn 0.5519 -0.1381 -0.8224
vn 0.8273 -0.1456 -0.5427
vn 0.5482 -0.2585 -0.7954
vn 0.5543 -0.3147 -0.7705
vn 0.5657 -0.3666 -0.7387
vn 0.8274 -0.1501 -0.5413
vn 0.6866 -0.5197 -0.5083
vn 0.7194 -0.5240 -0.4560
vn 0.8316 -0.1557 -0.5331
vn 0.7876 -0.5035 -0.3552
vn 0.8325 -0.1553 -0.5318
vn 0.8334 -0.1552 -0.5305
vn 0.8537 -0.4468 -0.2677
vn 0.8342 -0.1545 -0.5293
vn 0.9110 -0.3594 -0.2021
vn 0.8384 -0.1453 -0.5253
vn 0.8384 -0.1437 -0.5257
vn 0.5684 -0.3084 -0.7628
vn 0.2010 -0.3264 -0.9236
vn 0.2326 -0.5200 -0.8219
vn 0.6388 -0.4701 -0.6091
vn 0.6954 -0.5050 -0.5112
vn 0.7269 -0.5089 -0.4610
vn 0.5077 -0.8015 -0.3160
vn 0.6298 -0.7648 -0.1357
vn 0.8247 -0.4662 -0.3202
vn 0.9521 -0.2462 -0.1815
vn 0.9719 -0.0951 0.2153
vn 0.9792 -0.0150 -0.2022
vn 0.9624 0.0887 -0.2567
vn 0.9468 0.1331 -0.2929
vn 0.9031 0.2009 -0.3796
vn 0.7306 0.5881 -0.3468
vn 0.5498 0.5589 -0.6208
vn 0.6312 0.0818 -0.7713
vn 0.3777 0.3852 -0.8420
vn 0.5897 -0.0230 -0.8073
vn 0.2865 0.2070 -0.9354
vn 0.2077 -0.1110 -0.9719
vn 0.1995 -0.2201 -0.9549
vn -0.1904 -0.3480 -0.9180
vn -0.0044 -0.8749 -0.4844
vn 0.3708 -0.9218 0.1133
vn 0.5254 -0.7890 0.3184
vn 0.5960 -0.6946 0.4028
vn 0.6597 -0.5845 0.4724
vn 0.7151 -0.4613 0.5252
vn 0.7954 -0.1883 0.5761
vn 0.8184 -0.0452 0.5729
vn 0.6992 0.6901 0.1866
vn 0.4257 0.8586 -0.2855
vn 0.2659 0.8106 -0.5217
vn -0.0230 0.4733 -0.8806
vn -0.0785 0.3501 -0.9334
vn -0.1239 0.2169 -0.9683
vn -0.1589 0.0771 -0.9843
vn -0.1816 -0.0660 -0.9811
vn -0.1925 -0.2089 -0.9588
vn 0.8407 -0.2210 -0.4943
vn 0.8595 -0.0592 -0.5077
vn 0.7858 -0.1459 -0.6010
vn 0.8742 -0.1440 -0.4636
# 2000 vertex normals

vt 0.7774 0.5990 0.0000
vt 0.7806 0.5991 0.0000
vt 0.7807 0.5999 0.0000
vt 0.7774 0.5998 0.0000
vt 0.7675 0.5920 0.0000
vt 0.7495 0.5839 0.0000
vt 0.7676 0.5935 0.0000
vt 0.7807 0.6007 0.0000
vt 0.7773 0.6006 0.0000
vt 0.7716 0.5978 0.0000
vt 0.7744 0.5986 0.0000
vt 0.7742 0.5994 0.0000
vt 0.7713 0.5985 0.0000
vt 0.7741 0.6001 0.0000
vt 0.7710 0.5992 0.0000
vt 0.7665 0.5951 0.0000
vt 0.7689 0.5966 0.0000
vt 0.7686 0.5973 0.0000
vt 0.7661 0.5957 0.0000
vt 0.7682 0.5979 0.0000
vt 0.7657 0.5963 0.0000
vt 0.7622 0.5907 0.0000
vt 0.7644 0.5933 0.0000
vt 0.7639 0.5938 0.0000
vt 0.7617 0.5912 0.0000
vt 0.7634 0.5943 0.0000
vt 0.7611 0.5916 0.0000
vt 0.7557 0.5803 0.0000
vt 0.7597 0.5869 0.0000
vt 0.7591 0.5873 0.0000
vt 0.7550 0.5807 0.0000
vt 0.7585 0.5877 0.0000
vt 0.7544 0.5810 0.0000
vt 0.7807 0.6016 0.0000
vt 0.7772 0.6015 0.0000
vt 0.7497 0.5852 0.0000
vt 0.7678 0.5951 0.0000
vt 0.7807 0.6025 0.0000
vt 0.7771 0.6023 0.0000
vt 0.7739 0.6009 0.0000
vt 0.7708 0.5999 0.0000
vt 0.7737 0.6017 0.0000
vt 0.7705 0.6006 0.0000
vt 0.7679 0.5986 0.0000
vt 0.7652 0.5969 0.0000
vt 0.7675 0.5992 0.0000
vt 0.7648 0.5975 0.0000
vt 0.7629 0.5949 0.0000
vt 0.7605 0.5921 0.0000
vt 0.7624 0.5954 0.0000
vt 0.7600 0.5926 0.0000
vt 0.7579 0.5880 0.0000
vt 0.7538 0.5813 0.0000
vt 0.7573 0.5884 0.0000
vt 0.7531 0.5816 0.0000
vt 0.7807 0.6033 0.0000
vt 0.7770 0.6031 0.0000
vt 0.7498 0.5865 0.0000
vt 0.7478 0.5869 0.0000
vt 0.7807 0.6042 0.0000
vt 0.7769 0.6039 0.0000
vt 0.7735 0.6024 0.0000
vt 0.7702 0.6014 0.0000
vt 0.7733 0.6032 0.0000
vt 0.7699 0.6021 0.0000
vt 0.7671 0.5999 0.0000
vt 0.7644 0.5981 0.0000
vt 0.7668 0.6006 0.0000
vt 0.7639 0.5987 0.0000
vt 0.7619 0.5960 0.0000
vt 0.7594 0.5930 0.0000
vt 0.7614 0.5965 0.0000
vt 0.7588 0.5935 0.0000
vt 0.7566 0.5888 0.0000
vt 0.7525 0.5819 0.0000
vt 0.7560 0.5892 0.0000
vt 0.7518 0.5822 0.0000
vt 0.7807 0.6050 0.0000
vt 0.7768 0.6047 0.0000
vt 0.7848 0.6051 0.0000
vt 0.7849 0.6060 0.0000
vt 0.7807 0.6059 0.0000
vt 0.7766 0.6058 0.0000
vt 0.7731 0.6040 0.0000
vt 0.7696 0.6028 0.0000
vt 0.7729 0.6048 0.0000
vt 0.7692 0.6037 0.0000
vt 0.7664 0.6012 0.0000
vt 0.7635 0.5993 0.0000
vt 0.7660 0.6019 0.0000
vt 0.7629 0.6000 0.0000
vt 0.7609 0.5970 0.0000
vt 0.7583 0.5940 0.0000
vt 0.7603 0.5976 0.0000
vt 0.7578 0.5951 0.0000
vt 0.7554 0.5896 0.0000
vt 0.7512 0.5826 0.0000
vt 0.7548 0.5899 0.0000
vt 0.7518 0.5848 0.0000
vt 0.4296 0.4319 0.0000
vt 0.4268 0.4309 0.0000
vt 0.4270 0.4304 0.0000
vt 0.4298 0.4313 0.0000
vt 0.4240 0.4300 0.0000
vt 0.4812 0.4564 0.0000
vt 0.4507 0.4412 0.0000
vt 0.4272 0.4298 0.0000
vt 0.4300 0.4304 0.0000
vt 0.4359 0.4314 0.0000
vt 0.4330 0.4317 0.0000
vt 0.4329 0.4310 0.0000
vt 0.4357 0.4305 0.0000
vt 0.4300 0.4319 0.0000
vt 0.4300 0.4313 0.0000
vt 0.4328 0.4304 0.0000
vt 0.4356 0.4299 0.0000
vt 0.4416 0.4290 0.0000
vt 0.4388 0.4302 0.0000
vt 0.4385 0.4296 0.0000
vt 0.4412 0.4282 0.0000
vt 0.4383 0.4290 0.0000
vt 0.4408 0.4277 0.0000
vt 0.4465 0.4249 0.0000
vt 0.4440 0.4269 0.0000
vt 0.4436 0.4264 0.0000
vt 0.4460 0.4238 0.0000
vt 0.4432 0.4260 0.0000
vt 0.4455 0.4233 0.0000
vt 0.4521 0.4152 0.0000
vt 0.4493 0.4201 0.0000
vt 0.4487 0.4197 0.0000
vt 0.4528 0.4130 0.0000
vt 0.4481 0.4193 0.0000
vt 0.4522 0.4127 0.0000
vt 0.4274 0.4292 0.0000
vt 0.4300 0.4298 0.0000
vt 0.4816 0.4555 0.0000
vt 0.4710 0.4497 0.0000
vt 0.4276 0.4286 0.0000
vt 0.4301 0.4292 0.0000
vt 0.4327 0.4298 0.0000
vt 0.4354 0.4293 0.0000
vt 0.4327 0.4292 0.0000
vt 0.4353 0.4287 0.0000
vt 0.4380 0.4285 0.0000
vt 0.4405 0.4272 0.0000
vt 0.4378 0.4279 0.0000
vt 0.4401 0.4266 0.0000
vt 0.4428 0.4255 0.0000
vt 0.4450 0.4229 0.0000
vt 0.4423 0.4250 0.0000
vt 0.4445 0.4225 0.0000
vt 0.4475 0.4189 0.0000
vt 0.4515 0.4124 0.0000
vt 0.4470 0.4186 0.0000
vt 0.4509 0.4121 0.0000
vt 0.4278 0.4280 0.0000
vt 0.4302 0.4286 0.0000
vt 0.4254 0.4273 0.0000
vt 0.4256 0.4267 0.0000
vt 0.4279 0.4275 0.0000
vt 0.4302 0.4282 0.0000
vt 0.4327 0.4286 0.0000
vt 0.4351 0.4282 0.0000
vt 0.4326 0.4280 0.0000
vt 0.4350 0.4278 0.0000
vt 0.4375 0.4273 0.0000
vt 0.4398 0.4261 0.0000
vt 0.4373 0.4268 0.0000
vt 0.4396 0.4258 0.0000
vt 0.4419 0.4245 0.0000
vt 0.4440 0.4220 0.0000
vt 0.4415 0.4240 0.0000
vt 0.4434 0.4223 0.0000
vt 0.4464 0.4182 0.0000
vt 0.4503 0.4118 0.0000
vt 0.4458 0.4179 0.0000
vt 0.4482 0.4135 0.0000
vt 0.7774 0.5977 0.0000
vt 0.7805 0.5975 0.0000
vt 0.7805 0.5983 0.0000
vt 0.7775 0.5983 0.0000
vt 0.7835 0.5972 0.0000
vt 0.7493 0.5826 0.0000
vt 0.7719 0.5966 0.0000
vt 0.7747 0.5972 0.0000
vt 0.7745 0.5979 0.0000
vt 0.7718 0.5971 0.0000
vt 0.7672 0.5942 0.0000
vt 0.7696 0.5954 0.0000
vt 0.7693 0.5960 0.0000
vt 0.7670 0.5946 0.0000
vt 0.7635 0.5905 0.0000
vt 0.7654 0.5924 0.0000
vt 0.7649 0.5928 0.0000
vt 0.7628 0.5903 0.0000
vt 0.7582 0.5816 0.0000
vt 0.7609 0.5861 0.0000
vt 0.7603 0.5865 0.0000
vt 0.7562 0.5799 0.0000
vt 0.7484 0.5700 0.0000
vt 0.7490 0.5697 0.0000
vt 0.7477 0.5703 0.0000
vt 0.7378 0.5537 0.0000
vt 0.7384 0.5533 0.0000
vt 0.7390 0.5530 0.0000
vt 0.7470 0.5706 0.0000
vt 0.7464 0.5709 0.0000
vt 0.7364 0.5542 0.0000
vt 0.7371 0.5539 0.0000
vt 0.7457 0.5712 0.0000
vt 0.7451 0.5715 0.0000
vt 0.7351 0.5548 0.0000
vt 0.7358 0.5545 0.0000
vt 0.7444 0.5718 0.0000
vt 0.7438 0.5721 0.0000
vt 0.7358 0.5594 0.0000
vt 0.7345 0.5551 0.0000
vt 0.4596 0.4026 0.0000
vt 0.4602 0.4029 0.0000
vt 0.4589 0.4023 0.0000
vt 0.4688 0.3858 0.0000
vt 0.4695 0.3861 0.0000
vt 0.4683 0.3905 0.0000
vt 0.4583 0.4020 0.0000
vt 0.4576 0.4017 0.0000
vt 0.4675 0.3853 0.0000
vt 0.4682 0.3855 0.0000
vt 0.4570 0.4014 0.0000
vt 0.4563 0.4012 0.0000
vt 0.4644 0.3888 0.0000
vt 0.4668 0.3850 0.0000
vt 0.7496 0.5693 0.0000
vt 0.7502 0.5689 0.0000
vt 0.7396 0.5526 0.0000
vt 0.7422 0.5562 0.0000
vt 0.7246 0.5287 0.0000
vt 0.7252 0.5284 0.0000
vt 0.7239 0.5290 0.0000
vt 0.7089 0.5002 0.0000
vt 0.7095 0.4999 0.0000
vt 0.7102 0.4996 0.0000
vt 0.7233 0.5293 0.0000
vt 0.7226 0.5296 0.0000
vt 0.7076 0.5008 0.0000
vt 0.7082 0.5005 0.0000
vt 0.7220 0.5299 0.0000
vt 0.7213 0.5302 0.0000
vt 0.7063 0.5014 0.0000
vt 0.7070 0.5011 0.0000
vt 0.7207 0.5305 0.0000
vt 0.7200 0.5308 0.0000
vt 0.7043 0.5023 0.0000
vt 0.7057 0.5018 0.0000
vt 0.4829 0.3615 0.0000
vt 0.4836 0.3618 0.0000
vt 0.4823 0.3612 0.0000
vt 0.4962 0.3318 0.0000
vt 0.4968 0.3321 0.0000
vt 0.4988 0.3330 0.0000
vt 0.4816 0.3609 0.0000
vt 0.4809 0.3606 0.0000
vt 0.4948 0.3313 0.0000
vt 0.4955 0.3316 0.0000
vt 0.4803 0.3604 0.0000
vt 0.4796 0.3601 0.0000
vt 0.4942 0.3310 0.0000
vt 0.7258 0.5280 0.0000
vt 0.7264 0.5277 0.0000
vt 0.7108 0.4993 0.0000
vt 0.7107 0.4992 0.0000
vt 0.6701 0.3952 0.0000
vt 0.6698 0.3950 0.0000
vt 0.6707 0.3940 0.0000
vt 0.6709 0.3943 0.0000
vt 0.6695 0.3948 0.0000
vt 0.6705 0.3937 0.0000
vt 0.6642 0.3853 0.0000
vt 0.6558 0.3755 0.0000
vt 0.6552 0.3754 0.0000
vt 0.6690 0.3978 0.0000
vt 0.6686 0.3977 0.0000
vt 0.6691 0.3963 0.0000
vt 0.6694 0.3964 0.0000
vt 0.6682 0.3976 0.0000
vt 0.6688 0.3961 0.0000
vt 0.6690 0.4013 0.0000
vt 0.6685 0.4013 0.0000
vt 0.6684 0.3994 0.0000
vt 0.6689 0.3995 0.0000
vt 0.6680 0.4014 0.0000
vt 0.6680 0.3994 0.0000
vt 0.6702 0.4060 0.0000
vt 0.6697 0.4062 0.0000
vt 0.6688 0.4034 0.0000
vt 0.6694 0.4033 0.0000
vt 0.6691 0.4063 0.0000
vt 0.6683 0.4036 0.0000
vt 0.6745 0.4162 0.0000
vt 0.6739 0.4165 0.0000
vt 0.6712 0.4099 0.0000
vt 0.6718 0.4097 0.0000
vt 0.6733 0.4168 0.0000
vt 0.6706 0.4102 0.0000
vt 0.6692 0.3946 0.0000
vt 0.6703 0.3935 0.0000
vt 0.6689 0.3943 0.0000
vt 0.6700 0.3932 0.0000
vt 0.6638 0.3848 0.0000
vt 0.6555 0.3750 0.0000
vt 0.6678 0.3975 0.0000
vt 0.6684 0.3959 0.0000
vt 0.6674 0.3974 0.0000
vt 0.6680 0.3958 0.0000
vt 0.6675 0.4014 0.0000
vt 0.6675 0.3994 0.0000
vt 0.6669 0.4014 0.0000
vt 0.6670 0.3993 0.0000
vt 0.6685 0.4065 0.0000
vt 0.6677 0.4036 0.0000
vt 0.6679 0.4067 0.0000
vt 0.6672 0.4037 0.0000
vt 0.6727 0.4171 0.0000
vt 0.6700 0.4104 0.0000
vt 0.6721 0.4174 0.0000
vt 0.6694 0.4107 0.0000
vt 0.6686 0.3941 0.0000
vt 0.6698 0.3929 0.0000
vt 0.6683 0.3939 0.0000
vt 0.6696 0.3926 0.0000
vt 0.6634 0.3842 0.0000
vt 0.6552 0.3746 0.0000
vt 0.6670 0.3973 0.0000
vt 0.6677 0.3956 0.0000
vt 0.6666 0.3972 0.0000
vt 0.6673 0.3954 0.0000
vt 0.6664 0.4014 0.0000
vt 0.6666 0.3993 0.0000
vt 0.6659 0.4014 0.0000
vt 0.6661 0.3992 0.0000
vt 0.6673 0.4068 0.0000
vt 0.6666 0.4038 0.0000
vt 0.6667 0.4069 0.0000
vt 0.6660 0.4039 0.0000
vt 0.6715 0.4177 0.0000
vt 0.6688 0.4109 0.0000
vt 0.6709 0.4180 0.0000
vt 0.6683 0.4111 0.0000
vt 0.6680 0.3936 0.0000
vt 0.6693 0.3923 0.0000
vt 0.6676 0.3932 0.0000
vt 0.6691 0.3920 0.0000
vt 0.6705 0.3908 0.0000
vt 0.6549 0.3741 0.0000
vt 0.6662 0.3970 0.0000
vt 0.6670 0.3952 0.0000
vt 0.6656 0.3968 0.0000
vt 0.6666 0.3950 0.0000
vt 0.6654 0.4014 0.0000
vt 0.6656 0.3991 0.0000
vt 0.6647 0.4013 0.0000
vt 0.6651 0.3990 0.0000
vt 0.6661 0.4071 0.0000
vt 0.6655 0.4039 0.0000
vt 0.6651 0.4067 0.0000
vt 0.6649 0.4040 0.0000
vt 0.6703 0.4183 0.0000
vt 0.6677 0.4113 0.0000
vt 0.6690 0.4164 0.0000
vt 0.6670 0.4116 0.0000
vt 0.5147 0.2045 0.0000
vt 0.5140 0.2057 0.0000
vt 0.5101 0.2035 0.0000
vt 0.5105 0.2027 0.0000
vt 0.5135 0.2065 0.0000
vt 0.5097 0.2044 0.0000
vt 0.5281 0.2272 0.0000
vt 0.5061 0.2017 0.0000
vt 0.5063 0.2008 0.0000
vt 0.5222 0.2109 0.0000
vt 0.5211 0.2118 0.0000
vt 0.5178 0.2084 0.0000
vt 0.5184 0.2077 0.0000
vt 0.5203 0.2124 0.0000
vt 0.5171 0.2092 0.0000
vt 0.5269 0.2195 0.0000
vt 0.5256 0.2198 0.0000
vt 0.5237 0.2156 0.0000
vt 0.5245 0.2152 0.0000
vt 0.5247 0.2201 0.0000
vt 0.5229 0.2161 0.0000
vt 0.5280 0.2279 0.0000
vt 0.5267 0.2284 0.0000
vt 0.5266 0.2238 0.0000
vt 0.5275 0.2237 0.0000
vt 0.5259 0.2284 0.0000
vt 0.5258 0.2240 0.0000
vt 0.5251 0.2403 0.0000
vt 0.5240 0.2423 0.0000
vt 0.5258 0.2340 0.0000
vt 0.5266 0.2341 0.0000
vt 0.5233 0.2421 0.0000
vt 0.5250 0.2339 0.0000
vt 0.5130 0.2073 0.0000
vt 0.5093 0.2052 0.0000
vt 0.5124 0.2081 0.0000
vt 0.5089 0.2061 0.0000
vt 0.5184 0.2181 0.0000
vt 0.5323 0.2334 0.0000
vt 0.5195 0.2131 0.0000
vt 0.5164 0.2100 0.0000
vt 0.5187 0.2138 0.0000
vt 0.5157 0.2107 0.0000
vt 0.5238 0.2204 0.0000
vt 0.5220 0.2167 0.0000
vt 0.5230 0.2208 0.0000
vt 0.5212 0.2172 0.0000
vt 0.5251 0.2284 0.0000
vt 0.5249 0.2241 0.0000
vt 0.5243 0.2284 0.0000
vt 0.5241 0.2243 0.0000
vt 0.5225 0.2419 0.0000
vt 0.5243 0.2337 0.0000
vt 0.5218 0.2417 0.0000
vt 0.5236 0.2336 0.0000
vt 0.5119 0.2089 0.0000
vt 0.5085 0.2069 0.0000
vt 0.5114 0.2094 0.0000
vt 0.5081 0.2077 0.0000
vt 0.5047 0.2060 0.0000
vt 0.5319 0.2347 0.0000
vt 0.5179 0.2145 0.0000
vt 0.5151 0.2115 0.0000
vt 0.5174 0.2150 0.0000
vt 0.5144 0.2122 0.0000
vt 0.5222 0.2211 0.0000
vt 0.5203 0.2177 0.0000
vt 0.5217 0.2214 0.0000
vt 0.5196 0.2182 0.0000
vt 0.5235 0.2284 0.0000
vt 0.5233 0.2245 0.0000
vt 0.5233 0.2279 0.0000
vt 0.5225 0.2247 0.0000
vt 0.5211 0.2414 0.0000
vt 0.5228 0.2335 0.0000
vt 0.5209 0.2388 0.0000
vt 0.5221 0.2333 0.0000
vt 0.6705 0.3954 0.0000
vt 0.6704 0.3954 0.0000
vt 0.6711 0.3945 0.0000
vt 0.6713 0.3947 0.0000
vt 0.6720 0.3937 0.0000
vt 0.6722 0.3940 0.0000
vt 0.6697 0.3978 0.0000
vt 0.6694 0.3979 0.0000
vt 0.6698 0.3965 0.0000
vt 0.6701 0.3966 0.0000
vt 0.6698 0.4010 0.0000
vt 0.6694 0.4012 0.0000
vt 0.6693 0.3994 0.0000
vt 0.6697 0.3994 0.0000
vt 0.6710 0.4049 0.0000
vt 0.6708 0.4057 0.0000
vt 0.6699 0.4032 0.0000
vt 0.6704 0.4030 0.0000
vt 0.6750 0.4135 0.0000
vt 0.6751 0.4160 0.0000
vt 0.6724 0.4095 0.0000
vt 0.6730 0.4092 0.0000
vt 0.6788 0.4273 0.0000
vt 0.6781 0.4276 0.0000
vt 0.6858 0.4448 0.0000
vt 0.6851 0.4451 0.0000
vt 0.6845 0.4454 0.0000
vt 0.6775 0.4279 0.0000
vt 0.6769 0.4283 0.0000
vt 0.6839 0.4457 0.0000
vt 0.6833 0.4461 0.0000
vt 0.6763 0.4286 0.0000
vt 0.6757 0.4290 0.0000
vt 0.6827 0.4464 0.0000
vt 0.6821 0.4467 0.0000
vt 0.6751 0.4293 0.0000
vt 0.6745 0.4296 0.0000
vt 0.6814 0.4471 0.0000
vt 0.6788 0.4433 0.0000
vt 0.6739 0.4299 0.0000
vt 0.5220 0.2554 0.0000
vt 0.5213 0.2552 0.0000
vt 0.5189 0.2705 0.0000
vt 0.5165 0.2743 0.0000
vt 0.5158 0.2740 0.0000
vt 0.5206 0.2549 0.0000
vt 0.5199 0.2547 0.0000
vt 0.5151 0.2738 0.0000
vt 0.5145 0.2735 0.0000
vt 0.5192 0.2544 0.0000
vt 0.5186 0.2541 0.0000
vt 0.5138 0.2732 0.0000
vt 0.5149 0.2688 0.0000
vt 0.5179 0.2538 0.0000
vt 0.6801 0.4269 0.0000
vt 0.6794 0.4271 0.0000
vt 0.6851 0.4403 0.0000
vt 0.6864 0.4445 0.0000
vt 0.6966 0.4703 0.0000
vt 0.6960 0.4706 0.0000
vt 0.6953 0.4709 0.0000
vt 0.6947 0.4712 0.0000
vt 0.6941 0.4715 0.0000
vt 0.6935 0.4719 0.0000
vt 0.6928 0.4722 0.0000
vt 0.6922 0.4725 0.0000
vt 0.6916 0.4728 0.0000
vt 0.5088 0.3017 0.0000
vt 0.5082 0.3015 0.0000
vt 0.5075 0.3012 0.0000
vt 0.5068 0.3009 0.0000
vt 0.5062 0.3007 0.0000
vt 0.5055 0.3004 0.0000
vt 0.5048 0.3001 0.0000
vt 0.6979 0.4697 0.0000
vt 0.6973 0.4700 0.0000
vt 0.1636 0.5320 0.0000
vt 0.1668 0.5320 0.0000
vt 0.1668 0.5328 0.0000
vt 0.1635 0.5328 0.0000
vt 0.1692 0.5289 0.0000
vt 0.1706 0.5258 0.0000
vt 0.1693 0.5304 0.0000
vt 0.1669 0.5337 0.0000
vt 0.1635 0.5336 0.0000
vt 0.1577 0.5307 0.0000
vt 0.1606 0.5315 0.0000
vt 0.1604 0.5323 0.0000
vt 0.1575 0.5314 0.0000
vt 0.1602 0.5331 0.0000
vt 0.1572 0.5321 0.0000
vt 0.1527 0.5281 0.0000
vt 0.1551 0.5296 0.0000
vt 0.1548 0.5302 0.0000
vt 0.1523 0.5286 0.0000
vt 0.1544 0.5309 0.0000
vt 0.1519 0.5292 0.0000
vt 0.1484 0.5236 0.0000
vt 0.1506 0.5262 0.0000
vt 0.1501 0.5268 0.0000
vt 0.1478 0.5241 0.0000
vt 0.1496 0.5273 0.0000
vt 0.1473 0.5246 0.0000
vt 0.1418 0.5133 0.0000
vt 0.1459 0.5198 0.0000
vt 0.1453 0.5202 0.0000
vt 0.1412 0.5136 0.0000
vt 0.1447 0.5206 0.0000
vt 0.1406 0.5140 0.0000
vt 0.1669 0.5345 0.0000
vt 0.1634 0.5344 0.0000
vt 0.1707 0.5271 0.0000
vt 0.1695 0.5320 0.0000
vt 0.1669 0.5354 0.0000
vt 0.1633 0.5352 0.0000
vt 0.1601 0.5338 0.0000
vt 0.1569 0.5329 0.0000
vt 0.1599 0.5346 0.0000
vt 0.1567 0.5336 0.0000
vt 0.1541 0.5315 0.0000
vt 0.1514 0.5298 0.0000
vt 0.1537 0.5322 0.0000
vt 0.1510 0.5304 0.0000
vt 0.1491 0.5278 0.0000
vt 0.1467 0.5250 0.0000
vt 0.1486 0.5284 0.0000
vt 0.1461 0.5255 0.0000
vt 0.1440 0.5210 0.0000
vt 0.1399 0.5143 0.0000
vt 0.1434 0.5213 0.0000
vt 0.1393 0.5146 0.0000
vt 0.1669 0.5363 0.0000
vt 0.1632 0.5360 0.0000
vt 0.1709 0.5284 0.0000
vt 0.1702 0.5290 0.0000
vt 0.1669 0.5371 0.0000
vt 0.1631 0.5369 0.0000
vt 0.1597 0.5354 0.0000
vt 0.1564 0.5343 0.0000
vt 0.1595 0.5362 0.0000
vt 0.1561 0.5350 0.0000
vt 0.1533 0.5328 0.0000
vt 0.1505 0.5310 0.0000
vt 0.1529 0.5335 0.0000
vt 0.1501 0.5316 0.0000
vt 0.1481 0.5289 0.0000
vt 0.1456 0.5260 0.0000
vt 0.1475 0.5294 0.0000
vt 0.1450 0.5264 0.0000
vt 0.1428 0.5217 0.0000
vt 0.1386 0.5149 0.0000
vt 0.1422 0.5221 0.0000
vt 0.1380 0.5152 0.0000
vt 0.1669 0.5380 0.0000
vt 0.1630 0.5377 0.0000
vt 0.1710 0.5380 0.0000
vt 0.1711 0.5389 0.0000
vt 0.1669 0.5388 0.0000
vt 0.1628 0.5387 0.0000
vt 0.1593 0.5369 0.0000
vt 0.1558 0.5357 0.0000
vt 0.1591 0.5377 0.0000
vt 0.1554 0.5367 0.0000
vt 0.1526 0.5342 0.0000
vt 0.1497 0.5322 0.0000
vt 0.1522 0.5348 0.0000
vt 0.1490 0.5330 0.0000
vt 0.1470 0.5300 0.0000
vt 0.1444 0.5269 0.0000
vt 0.1465 0.5305 0.0000
vt 0.1440 0.5280 0.0000
vt 0.1416 0.5225 0.0000
vt 0.1373 0.5155 0.0000
vt 0.1410 0.5229 0.0000
vt 0.1380 0.5178 0.0000
vt 0.1881 0.4600 0.0000
vt 0.1853 0.4590 0.0000
vt 0.1855 0.4584 0.0000
vt 0.1882 0.4594 0.0000
vt 0.1824 0.4581 0.0000
vt 0.1815 0.4696 0.0000
vt 0.1833 0.4627 0.0000
vt 0.1857 0.4578 0.0000
vt 0.1884 0.4585 0.0000
vt 0.1944 0.4594 0.0000
vt 0.1914 0.4597 0.0000
vt 0.1913 0.4591 0.0000
vt 0.1942 0.4586 0.0000
vt 0.1884 0.4600 0.0000
vt 0.1884 0.4594 0.0000
vt 0.1913 0.4585 0.0000
vt 0.1941 0.4580 0.0000
vt 0.2001 0.4571 0.0000
vt 0.1972 0.4583 0.0000
vt 0.1970 0.4577 0.0000
vt 0.1996 0.4563 0.0000
vt 0.1967 0.4571 0.0000
vt 0.1993 0.4558 0.0000
vt 0.2049 0.4529 0.0000
vt 0.2025 0.4550 0.0000
vt 0.2021 0.4545 0.0000
vt 0.2045 0.4518 0.0000
vt 0.2016 0.4540 0.0000
vt 0.2040 0.4514 0.0000
vt 0.2105 0.4433 0.0000
vt 0.2077 0.4481 0.0000
vt 0.2072 0.4477 0.0000
vt 0.2112 0.4411 0.0000
vt 0.2066 0.4474 0.0000
vt 0.2106 0.4408 0.0000
vt 0.1859 0.4573 0.0000
vt 0.1885 0.4578 0.0000
vt 0.1819 0.4687 0.0000
vt 0.1829 0.4659 0.0000
vt 0.1860 0.4567 0.0000
vt 0.1886 0.4572 0.0000
vt 0.1912 0.4579 0.0000
vt 0.1939 0.4574 0.0000
vt 0.1912 0.4573 0.0000
vt 0.1938 0.4568 0.0000
vt 0.1965 0.4565 0.0000
vt 0.1989 0.4552 0.0000
vt 0.1962 0.4560 0.0000
vt 0.1986 0.4547 0.0000
vt 0.2012 0.4535 0.0000
vt 0.2035 0.4510 0.0000
vt 0.2008 0.4531 0.0000
vt 0.2030 0.4505 0.0000
vt 0.2060 0.4470 0.0000
vt 0.2100 0.4405 0.0000
vt 0.2054 0.4467 0.0000
vt 0.2094 0.4402 0.0000
vt 0.1862 0.4561 0.0000
vt 0.1886 0.4566 0.0000
vt 0.1838 0.4553 0.0000
vt 0.1841 0.4548 0.0000
vt 0.1864 0.4555 0.0000
vt 0.1887 0.4563 0.0000
vt 0.1911 0.4567 0.0000
vt 0.1936 0.4562 0.0000
vt 0.1911 0.4561 0.0000
vt 0.1935 0.4558 0.0000
vt 0.1960 0.4554 0.0000
vt 0.1983 0.4542 0.0000
vt 0.1958 0.4548 0.0000
vt 0.1980 0.4538 0.0000
vt 0.2004 0.4526 0.0000
vt 0.2025 0.4501 0.0000
vt 0.2000 0.4521 0.0000
vt 0.2019 0.4504 0.0000
vt 0.2049 0.4463 0.0000
vt 0.2087 0.4399 0.0000
vt 0.2043 0.4460 0.0000
vt 0.2067 0.4416 0.0000
vt 0.1636 0.5307 0.0000
vt 0.1667 0.5304 0.0000
vt 0.1667 0.5312 0.0000
vt 0.1636 0.5312 0.0000
vt 0.1697 0.5302 0.0000
vt 0.1704 0.5245 0.0000
vt 0.1581 0.5296 0.0000
vt 0.1609 0.5301 0.0000
vt 0.1607 0.5308 0.0000
vt 0.1580 0.5301 0.0000
vt 0.1534 0.5271 0.0000
vt 0.1558 0.5283 0.0000
vt 0.1554 0.5289 0.0000
vt 0.1531 0.5275 0.0000
vt 0.1497 0.5235 0.0000
vt 0.1516 0.5253 0.0000
vt 0.1511 0.5258 0.0000
vt 0.1490 0.5232 0.0000
vt 0.1443 0.5145 0.0000
vt 0.1470 0.5190 0.0000
vt 0.1464 0.5194 0.0000
vt 0.1424 0.5129 0.0000
vt 0.1345 0.5030 0.0000
vt 0.1352 0.5026 0.0000
vt 0.1339 0.5033 0.0000
vt 0.1239 0.4866 0.0000
vt 0.1246 0.4863 0.0000
vt 0.1252 0.4859 0.0000
vt 0.1332 0.5036 0.0000
vt 0.1326 0.5038 0.0000
vt 0.1226 0.4872 0.0000
vt 0.1233 0.4869 0.0000
vt 0.1319 0.5041 0.0000
vt 0.1312 0.5044 0.0000
vt 0.1213 0.4877 0.0000
vt 0.1219 0.4874 0.0000
vt 0.1306 0.5047 0.0000
vt 0.1299 0.5050 0.0000
vt 0.1219 0.4923 0.0000
vt 0.1206 0.4880 0.0000
vt 0.2180 0.4306 0.0000
vt 0.2187 0.4310 0.0000
vt 0.2174 0.4303 0.0000
vt 0.2273 0.4139 0.0000
vt 0.2279 0.4142 0.0000
vt 0.2268 0.4186 0.0000
vt 0.2167 0.4300 0.0000
vt 0.2161 0.4298 0.0000
vt 0.2260 0.4133 0.0000
vt 0.2266 0.4136 0.0000
vt 0.2154 0.4295 0.0000
vt 0.2148 0.4292 0.0000
vt 0.2229 0.4169 0.0000
vt 0.2253 0.4131 0.0000
vt 0.1358 0.5022 0.0000
vt 0.1363 0.5018 0.0000
vt 0.1258 0.4856 0.0000
vt 0.1284 0.4891 0.0000
vt 0.1107 0.4616 0.0000
vt 0.1114 0.4613 0.0000
vt 0.1101 0.4620 0.0000
vt 0.0951 0.4331 0.0000
vt 0.0957 0.4328 0.0000
vt 0.0963 0.4325 0.0000
vt 0.1094 0.4623 0.0000
vt 0.1088 0.4626 0.0000
vt 0.0938 0.4338 0.0000
vt 0.0944 0.4334 0.0000
vt 0.1081 0.4628 0.0000
vt 0.1075 0.4631 0.0000
vt 0.0925 0.4344 0.0000
vt 0.0931 0.4341 0.0000
vt 0.1068 0.4635 0.0000
vt 0.1062 0.4638 0.0000
vt 0.0905 0.4352 0.0000
vt 0.0919 0.4347 0.0000
vt 0.2414 0.3896 0.0000
vt 0.2420 0.3899 0.0000
vt 0.2407 0.3893 0.0000
vt 0.2546 0.3599 0.0000
vt 0.2553 0.3602 0.0000
vt 0.2572 0.3611 0.0000
vt 0.2401 0.3890 0.0000
vt 0.2394 0.3887 0.0000
vt 0.2533 0.3593 0.0000
vt 0.2540 0.3596 0.0000
vt 0.2387 0.3884 0.0000
vt 0.2381 0.3882 0.0000
vt 0.2533 0.3594 0.0000
vt 0.2526 0.3591 0.0000
vt 0.1120 0.4610 0.0000
vt 0.1126 0.4606 0.0000
vt 0.0970 0.4322 0.0000
vt 0.0969 0.4321 0.0000
vt 0.0563 0.3281 0.0000
vt 0.0560 0.3279 0.0000
vt 0.0569 0.3269 0.0000
vt 0.0571 0.3272 0.0000
vt 0.0557 0.3277 0.0000
vt 0.0567 0.3267 0.0000
vt 0.0658 0.3222 0.0000
vt 0.0769 0.3173 0.0000
vt 0.0776 0.3176 0.0000
vt 0.0552 0.3307 0.0000
vt 0.0548 0.3307 0.0000
vt 0.0553 0.3292 0.0000
vt 0.0556 0.3293 0.0000
vt 0.0544 0.3306 0.0000
vt 0.0549 0.3290 0.0000
vt 0.0552 0.3342 0.0000
vt 0.0547 0.3343 0.0000
vt 0.0546 0.3324 0.0000
vt 0.0550 0.3324 0.0000
vt 0.0541 0.3343 0.0000
vt 0.0541 0.3323 0.0000
vt 0.0564 0.3389 0.0000
vt 0.0558 0.3391 0.0000
vt 0.0550 0.3364 0.0000
vt 0.0555 0.3362 0.0000
vt 0.0553 0.3393 0.0000
vt 0.0544 0.3365 0.0000
vt 0.0607 0.3492 0.0000
vt 0.0601 0.3494 0.0000
vt 0.0574 0.3428 0.0000
vt 0.0580 0.3426 0.0000
vt 0.0595 0.3497 0.0000
vt 0.0568 0.3431 0.0000
vt 0.0554 0.3275 0.0000
vt 0.0565 0.3264 0.0000
vt 0.0551 0.3273 0.0000
vt 0.0562 0.3261 0.0000
vt 0.0655 0.3217 0.0000
vt 0.0766 0.3169 0.0000
vt 0.0540 0.3305 0.0000
vt 0.0546 0.3289 0.0000
vt 0.0536 0.3304 0.0000
vt 0.0542 0.3287 0.0000
vt 0.0536 0.3343 0.0000
vt 0.0537 0.3323 0.0000
vt 0.0531 0.3344 0.0000
vt 0.0532 0.3322 0.0000
vt 0.0547 0.3394 0.0000
vt 0.0539 0.3366 0.0000
vt 0.0541 0.3396 0.0000
vt 0.0533 0.3367 0.0000
vt 0.0589 0.3500 0.0000
vt 0.0562 0.3433 0.0000
vt 0.0583 0.3503 0.0000
vt 0.0556 0.3436 0.0000
vt 0.0548 0.3270 0.0000
vt 0.0560 0.3258 0.0000
vt 0.0545 0.3268 0.0000
vt 0.0557 0.3255 0.0000
vt 0.0651 0.3211 0.0000
vt 0.0763 0.3164 0.0000
vt 0.0532 0.3302 0.0000
vt 0.0539 0.3285 0.0000
vt 0.0527 0.3301 0.0000
vt 0.0535 0.3283 0.0000
vt 0.0526 0.3344 0.0000
vt 0.0527 0.3322 0.0000
vt 0.0521 0.3344 0.0000
vt 0.0523 0.3321 0.0000
vt 0.0535 0.3397 0.0000
vt 0.0528 0.3367 0.0000
vt 0.0529 0.3399 0.0000
vt 0.0522 0.3368 0.0000
vt 0.0577 0.3507 0.0000
vt 0.0550 0.3438 0.0000
vt 0.0571 0.3510 0.0000
vt 0.0544 0.3441 0.0000
vt 0.0542 0.3265 0.0000
vt 0.0555 0.3252 0.0000
vt 0.0538 0.3261 0.0000
vt 0.0552 0.3249 0.0000
vt 0.0567 0.3237 0.0000
vt 0.0760 0.3159 0.0000
vt 0.0523 0.3300 0.0000
vt 0.0531 0.3281 0.0000
vt 0.0518 0.3297 0.0000
vt 0.0528 0.3279 0.0000
vt 0.0516 0.3343 0.0000
vt 0.0518 0.3320 0.0000
vt 0.0509 0.3342 0.0000
vt 0.0513 0.3320 0.0000
vt 0.0523 0.3400 0.0000
vt 0.0517 0.3369 0.0000
vt 0.0513 0.3396 0.0000
vt 0.0511 0.3369 0.0000
vt 0.0565 0.3512 0.0000
vt 0.0538 0.3443 0.0000
vt 0.0551 0.3494 0.0000
vt 0.0532 0.3445 0.0000
vt 0.2731 0.2326 0.0000
vt 0.2725 0.2337 0.0000
vt 0.2686 0.2316 0.0000
vt 0.2690 0.2307 0.0000
vt 0.2720 0.2346 0.0000
vt 0.2682 0.2324 0.0000
vt 0.2401 0.2433 0.0000
vt 0.2645 0.2298 0.0000
vt 0.2648 0.2289 0.0000
vt 0.2807 0.2389 0.0000
vt 0.2796 0.2398 0.0000
vt 0.2762 0.2365 0.0000
vt 0.2769 0.2358 0.0000
vt 0.2788 0.2405 0.0000
vt 0.2756 0.2373 0.0000
vt 0.2853 0.2475 0.0000
vt 0.2840 0.2478 0.0000
vt 0.2822 0.2437 0.0000
vt 0.2830 0.2432 0.0000
vt 0.2832 0.2481 0.0000
vt 0.2813 0.2442 0.0000
vt 0.2865 0.2560 0.0000
vt 0.2852 0.2565 0.0000
vt 0.2851 0.2519 0.0000
vt 0.2859 0.2518 0.0000
vt 0.2844 0.2565 0.0000
vt 0.2842 0.2520 0.0000
vt 0.2836 0.2684 0.0000
vt 0.2824 0.2704 0.0000
vt 0.2843 0.2621 0.0000
vt 0.2850 0.2622 0.0000
vt 0.2817 0.2702 0.0000
vt 0.2835 0.2619 0.0000
vt 0.2714 0.2354 0.0000
vt 0.2678 0.2333 0.0000
vt 0.2709 0.2362 0.0000
vt 0.2674 0.2341 0.0000
vt 0.2510 0.2396 0.0000
vt 0.2326 0.2466 0.0000
vt 0.2780 0.2412 0.0000
vt 0.2749 0.2380 0.0000
vt 0.2772 0.2419 0.0000
vt 0.2742 0.2388 0.0000
vt 0.2823 0.2485 0.0000
vt 0.2805 0.2447 0.0000
vt 0.2815 0.2488 0.0000
vt 0.2796 0.2453 0.0000
vt 0.2836 0.2565 0.0000
vt 0.2834 0.2522 0.0000
vt 0.2828 0.2565 0.0000
vt 0.2826 0.2524 0.0000
vt 0.2810 0.2700 0.0000
vt 0.2828 0.2618 0.0000
vt 0.2803 0.2697 0.0000
vt 0.2820 0.2617 0.0000
vt 0.2703 0.2370 0.0000
vt 0.2669 0.2350 0.0000
vt 0.2699 0.2375 0.0000
vt 0.2665 0.2358 0.0000
vt 0.2632 0.2341 0.0000
vt 0.2322 0.2479 0.0000
vt 0.2764 0.2426 0.0000
vt 0.2735 0.2396 0.0000
vt 0.2759 0.2431 0.0000
vt 0.2729 0.2403 0.0000
vt 0.2806 0.2492 0.0000
vt 0.2788 0.2458 0.0000
vt 0.2802 0.2495 0.0000
vt 0.2780 0.2463 0.0000
vt 0.2820 0.2565 0.0000
vt 0.2818 0.2526 0.0000
vt 0.2817 0.2560 0.0000
vt 0.2809 0.2527 0.0000
vt 0.2796 0.2695 0.0000
vt 0.2813 0.2615 0.0000
vt 0.2794 0.2669 0.0000
vt 0.2805 0.2614 0.0000
vt 0.0567 0.3284 0.0000
vt 0.0565 0.3283 0.0000
vt 0.0573 0.3274 0.0000
vt 0.0575 0.3276 0.0000
vt 0.0582 0.3266 0.0000
vt 0.0583 0.3269 0.0000
vt 0.0558 0.3308 0.0000
vt 0.0556 0.3308 0.0000
vt 0.0559 0.3294 0.0000
vt 0.0563 0.3296 0.0000
vt 0.0559 0.3340 0.0000
vt 0.0556 0.3341 0.0000
vt 0.0555 0.3324 0.0000
vt 0.0559 0.3324 0.0000
vt 0.0572 0.3379 0.0000
vt 0.0570 0.3387 0.0000
vt 0.0561 0.3361 0.0000
vt 0.0566 0.3359 0.0000
vt 0.0612 0.3464 0.0000
vt 0.0613 0.3489 0.0000
vt 0.0586 0.3424 0.0000
vt 0.0592 0.3422 0.0000
vt 0.0649 0.3603 0.0000
vt 0.0643 0.3605 0.0000
vt 0.0719 0.3777 0.0000
vt 0.0713 0.3780 0.0000
vt 0.0707 0.3783 0.0000
vt 0.0637 0.3609 0.0000
vt 0.0631 0.3612 0.0000
vt 0.0701 0.3786 0.0000
vt 0.0694 0.3790 0.0000
vt 0.0625 0.3615 0.0000
vt 0.0619 0.3619 0.0000
vt 0.0688 0.3793 0.0000
vt 0.0682 0.3797 0.0000
vt 0.0613 0.3622 0.0000
vt 0.0607 0.3625 0.0000
vt 0.0676 0.3800 0.0000
vt 0.0650 0.3763 0.0000
vt 0.0601 0.3628 0.0000
vt 0.2805 0.2835 0.0000
vt 0.2798 0.2832 0.0000
vt 0.2774 0.2985 0.0000
vt 0.2750 0.3024 0.0000
vt 0.2743 0.3021 0.0000
vt 0.2791 0.2830 0.0000
vt 0.2784 0.2827 0.0000
vt 0.2736 0.3018 0.0000
vt 0.2729 0.3015 0.0000
vt 0.2777 0.2824 0.0000
vt 0.2770 0.2822 0.0000
vt 0.2723 0.3013 0.0000
vt 0.2733 0.2969 0.0000
vt 0.2763 0.2819 0.0000
vt 0.0662 0.3598 0.0000
vt 0.0656 0.3600 0.0000
vt 0.0713 0.3732 0.0000
vt 0.0726 0.3775 0.0000
vt 0.0828 0.4032 0.0000
vt 0.0822 0.4035 0.0000
vt 0.0815 0.4038 0.0000
vt 0.0809 0.4041 0.0000
vt 0.0803 0.4045 0.0000
vt 0.0796 0.4048 0.0000
vt 0.0790 0.4051 0.0000
vt 0.0784 0.4055 0.0000
vt 0.0778 0.4058 0.0000
vt 0.2673 0.3298 0.0000
vt 0.2666 0.3296 0.0000
vt 0.2660 0.3293 0.0000
vt 0.2653 0.3290 0.0000
vt 0.2646 0.3287 0.0000
vt 0.2640 0.3285 0.0000
vt 0.2633 0.3282 0.0000
vt 0.0841 0.4026 0.0000
vt 0.0834 0.4029 0.0000
vt 0.0884 0.0889 0.0000
vt 0.1012 0.0679 0.0000
vt 0.1025 0.0687 0.0000
vt 0.0900 0.0896 0.0000
vt 0.1145 0.0489 0.0000
vt 0.1156 0.0498 0.0000
vt 0.1162 0.0486 0.0000
vt 0.1039 0.0695 0.0000
vt 0.0916 0.0904 0.0000
vt 0.0696 0.1465 0.0000
vt 0.0780 0.1184 0.0000
vt 0.0797 0.1189 0.0000
vt 0.0712 0.1469 0.0000
vt 0.0813 0.1195 0.0000
vt 0.0710 0.1487 0.0000
vt 0.0639 0.1946 0.0000
vt 0.0649 0.1719 0.0000
vt 0.0664 0.1721 0.0000
vt 0.0652 0.1946 0.0000
vt 0.0679 0.1723 0.0000
vt 0.0648 0.1959 0.0000
vt 0.0716 0.2319 0.0000
vt 0.0662 0.2146 0.0000
vt 0.0674 0.2144 0.0000
vt 0.0726 0.2315 0.0000
vt 0.0686 0.2142 0.0000
vt 0.0723 0.2325 0.0000
vt 0.0894 0.2576 0.0000
vt 0.0795 0.2462 0.0000
vt 0.0803 0.2457 0.0000
vt 0.0901 0.2570 0.0000
vt 0.0811 0.2451 0.0000
vt 0.0898 0.2577 0.0000
vt 0.1143 0.2717 0.0000
vt 0.1012 0.2661 0.0000
vt 0.1016 0.2654 0.0000
vt 0.1146 0.2709 0.0000
vt 0.1021 0.2646 0.0000
vt 0.1143 0.2714 0.0000
vt 0.1434 0.2743 0.0000
vt 0.1285 0.2744 0.0000
vt 0.1286 0.2735 0.0000
vt 0.1433 0.2733 0.0000
vt 0.1287 0.2726 0.0000
vt 0.1430 0.2737 0.0000
vt 0.1738 0.2660 0.0000
vt 0.1586 0.2714 0.0000
vt 0.1584 0.2705 0.0000
vt 0.1734 0.2650 0.0000
vt 0.1581 0.2695 0.0000
vt 0.1732 0.2653 0.0000
vt 0.2028 0.2481 0.0000
vt 0.1886 0.2581 0.0000
vt 0.1881 0.2572 0.0000
vt 0.2021 0.2472 0.0000
vt 0.1875 0.2563 0.0000
vt 0.2018 0.2474 0.0000
vt 0.2279 0.2223 0.0000
vt 0.2159 0.2361 0.0000
vt 0.2151 0.2353 0.0000
vt 0.2269 0.2216 0.0000
vt 0.2143 0.2345 0.0000
vt 0.2267 0.2216 0.0000
vt 0.2473 0.1906 0.0000
vt 0.2384 0.2071 0.0000
vt 0.2374 0.2064 0.0000
vt 0.2462 0.1901 0.0000
vt 0.2364 0.2058 0.0000
vt 0.2460 0.1901 0.0000
vt 0.2596 0.1552 0.0000
vt 0.2544 0.1732 0.0000
vt 0.2532 0.1728 0.0000
vt 0.2584 0.1549 0.0000
vt 0.2521 0.1724 0.0000
vt 0.2583 0.1548 0.0000
vt 0.2639 0.1182 0.0000
vt 0.2628 0.1367 0.0000
vt 0.2616 0.1366 0.0000
vt 0.2628 0.1182 0.0000
vt 0.2605 0.1364 0.0000
vt 0.2627 0.1180 0.0000
vt 0.2601 0.0827 0.0000
vt 0.2630 0.1001 0.0000
vt 0.2619 0.1003 0.0000
vt 0.2590 0.0830 0.0000
vt 0.2608 0.1004 0.0000
vt 0.2589 0.0827 0.0000
vt 0.2483 0.0513 0.0000
vt 0.2551 0.0663 0.0000
vt 0.2541 0.0667 0.0000
vt 0.2474 0.0517 0.0000
vt 0.2531 0.0671 0.0000
vt 0.2473 0.0514 0.0000
vt 0.2294 0.0268 0.0000
vt 0.2397 0.0379 0.0000
vt 0.2389 0.0384 0.0000
vt 0.2295 0.0259 0.0000
vt 0.2380 0.0389 0.0000
vt 0.2287 0.0264 0.0000
vt 0.2036 0.0136 0.0000
vt 0.2172 0.0188 0.0000
vt 0.2169 0.0196 0.0000
vt 0.2034 0.0145 0.0000
vt 0.2300 0.0262 0.0000
vt 0.2296 0.0270 0.0000
vt 0.2166 0.0205 0.0000
vt 0.2036 0.0140 0.0000
vt 0.1742 0.0117 0.0000
vt 0.1892 0.0111 0.0000
vt 0.1892 0.0121 0.0000
vt 0.1744 0.0127 0.0000
vt 0.1891 0.0130 0.0000
vt 0.1746 0.0120 0.0000
vt 0.1437 0.0229 0.0000
vt 0.1590 0.0156 0.0000
vt 0.1593 0.0165 0.0000
vt 0.1443 0.0239 0.0000
vt 0.1597 0.0175 0.0000
vt 0.1447 0.0230 0.0000
vt 0.1288 0.0340 0.0000
vt 0.1296 0.0349 0.0000
vt 0.1305 0.0358 0.0000
vt 0.9192 0.3423 0.0000
vt 0.9191 0.3222 0.0000
vt 0.9203 0.3222 0.0000
vt 0.9189 0.3421 0.0000
vt 0.9189 0.3022 0.0000
vt 0.9186 0.3020 0.0000
vt 0.9198 0.3017 0.0000
vt 0.9216 0.3222 0.0000
vt 0.9202 0.3423 0.0000
vt 0.9073 0.3793 0.0000
vt 0.9133 0.3608 0.0000
vt 0.9145 0.3612 0.0000
vt 0.9071 0.3790 0.0000
vt 0.9156 0.3615 0.0000
vt 0.9082 0.3796 0.0000
vt 0.8851 0.4099 0.0000
vt 0.8962 0.3946 0.0000
vt 0.8972 0.3953 0.0000
vt 0.8849 0.4097 0.0000
vt 0.8981 0.3960 0.0000
vt 0.8858 0.4105 0.0000
vt 0.8550 0.4319 0.0000
vt 0.8700 0.4209 0.0000
vt 0.8707 0.4219 0.0000
vt 0.8549 0.4316 0.0000
vt 0.8714 0.4228 0.0000
vt 0.8554 0.4326 0.0000
vt 0.8200 0.4433 0.0000
vt 0.8375 0.4376 0.0000
vt 0.8379 0.4387 0.0000
vt 0.8200 0.4431 0.0000
vt 0.8382 0.4398 0.0000
vt 0.8202 0.4442 0.0000
vt 0.7835 0.4435 0.0000
vt 0.8018 0.4434 0.0000
vt 0.8018 0.4446 0.0000
vt 0.7836 0.4433 0.0000
vt 0.8018 0.4457 0.0000
vt 0.7834 0.4444 0.0000
vt 0.7489 0.4326 0.0000
vt 0.7662 0.4380 0.0000
vt 0.7659 0.4391 0.0000
vt 0.7490 0.4323 0.0000
vt 0.7655 0.4402 0.0000
vt 0.7485 0.4334 0.0000
vt 0.7193 0.4115 0.0000
vt 0.7341 0.4220 0.0000
vt 0.7334 0.4230 0.0000
vt 0.7195 0.4113 0.0000
vt 0.7328 0.4239 0.0000
vt 0.7187 0.4121 0.0000
vt 0.6974 0.3821 0.0000
vt 0.7084 0.3968 0.0000
vt 0.7074 0.3975 0.0000
vt 0.6977 0.3820 0.0000
vt 0.7065 0.3982 0.0000
vt 0.6966 0.3825 0.0000
vt 0.6855 0.3470 0.0000
vt 0.6915 0.3646 0.0000
vt 0.6904 0.3650 0.0000
vt 0.6857 0.3469 0.0000
vt 0.6892 0.3653 0.0000
vt 0.6845 0.3471 0.0000
vt 0.6846 0.3094 0.0000
vt 0.6851 0.3282 0.0000
vt 0.6839 0.3282 0.0000
vt 0.6849 0.3094 0.0000
vt 0.6827 0.3283 0.0000
vt 0.6837 0.3092 0.0000
vt 0.6951 0.2726 0.0000
vt 0.6899 0.2910 0.0000
vt 0.6887 0.2907 0.0000
vt 0.6952 0.2726 0.0000
vt 0.6875 0.2903 0.0000
vt 0.6941 0.2721 0.0000
vt 0.7157 0.2399 0.0000
vt 0.7054 0.2562 0.0000
vt 0.7044 0.2556 0.0000
vt 0.7159 0.2400 0.0000
vt 0.7034 0.2549 0.0000
vt 0.7149 0.2392 0.0000
vt 0.7448 0.2144 0.0000
vt 0.7302 0.2271 0.0000
vt 0.7295 0.2262 0.0000
vt 0.7450 0.2149 0.0000
vt 0.7287 0.2253 0.0000
vt 0.7444 0.2139 0.0000
vt 0.7804 0.2014 0.0000
vt 0.7626 0.2079 0.0000
vt 0.7621 0.2068 0.0000
vt 0.7803 0.2017 0.0000
vt 0.7617 0.2057 0.0000
vt 0.7801 0.2005 0.0000
vt 0.8174 0.1997 0.0000
vt 0.7989 0.2006 0.0000
vt 0.7989 0.1994 0.0000
vt 0.8173 0.2000 0.0000
vt 0.7988 0.1983 0.0000
vt 0.8175 0.1989 0.0000
vt 0.8526 0.2096 0.0000
vt 0.8350 0.2046 0.0000
vt 0.8353 0.2035 0.0000
vt 0.8525 0.2099 0.0000
vt 0.8357 0.2024 0.0000
vt 0.8530 0.2089 0.0000
vt 0.8831 0.2306 0.0000
vt 0.8678 0.2201 0.0000
vt 0.8685 0.2191 0.0000
vt 0.8829 0.2310 0.0000
vt 0.8692 0.2181 0.0000
vt 0.8838 0.2302 0.0000
vt 0.9057 0.2620 0.0000
vt 0.8944 0.2463 0.0000
vt 0.8954 0.2456 0.0000
vt 0.9057 0.2625 0.0000
vt 0.8964 0.2449 0.0000
vt 0.9068 0.2620 0.0000
vt 0.9123 0.2821 0.0000
vt 0.9135 0.2817 0.0000
vt 0.9148 0.2813 0.0000
vt 0.9229 0.3222 0.0000
vt 0.9214 0.3425 0.0000
vt 0.9211 0.3015 0.0000
vt 0.9224 0.3013 0.0000
vt 0.9242 0.3222 0.0000
vt 0.9226 0.3427 0.0000
vt 0.9168 0.3619 0.0000
vt 0.9093 0.3801 0.0000
vt 0.9180 0.3623 0.0000
vt 0.9103 0.3807 0.0000
vt 0.8991 0.3967 0.0000
vt 0.8866 0.4114 0.0000
vt 0.9001 0.3974 0.0000
vt 0.8874 0.4122 0.0000
vt 0.8721 0.4238 0.0000
vt 0.8560 0.4337 0.0000
vt 0.8728 0.4247 0.0000
vt 0.8565 0.4347 0.0000
vt 0.8386 0.4409 0.0000
vt 0.8204 0.4453 0.0000
vt 0.8390 0.4420 0.0000
vt 0.8206 0.4465 0.0000
vt 0.8018 0.4469 0.0000
vt 0.7832 0.4455 0.0000
vt 0.8018 0.4480 0.0000
vt 0.7831 0.4467 0.0000
vt 0.7652 0.4413 0.0000
vt 0.7480 0.4344 0.0000
vt 0.7648 0.4424 0.0000
vt 0.7475 0.4354 0.0000
vt 0.7321 0.4248 0.0000
vt 0.7179 0.4129 0.0000
vt 0.7314 0.4258 0.0000
vt 0.7170 0.4138 0.0000
vt 0.7056 0.3989 0.0000
vt 0.6956 0.3830 0.0000
vt 0.7047 0.3996 0.0000
vt 0.6946 0.3836 0.0000
vt 0.6881 0.3657 0.0000
vt 0.6834 0.3473 0.0000
vt 0.6870 0.3661 0.0000
vt 0.6822 0.3475 0.0000
vt 0.6815 0.3283 0.0000
vt 0.6825 0.3091 0.0000
vt 0.6803 0.3283 0.0000
vt 0.6813 0.3089 0.0000
vt 0.6864 0.2900 0.0000
vt 0.6930 0.2716 0.0000
vt 0.6852 0.2897 0.0000
vt 0.6919 0.2711 0.0000
vt 0.7023 0.2543 0.0000
vt 0.7140 0.2384 0.0000
vt 0.7013 0.2536 0.0000
vt 0.7131 0.2376 0.0000
vt 0.7279 0.2244 0.0000
vt 0.7437 0.2128 0.0000
vt 0.7271 0.2234 0.0000
vt 0.7431 0.2118 0.0000
vt 0.7613 0.2046 0.0000
vt 0.7799 0.1994 0.0000
vt 0.7609 0.2035 0.0000
vt 0.7796 0.1982 0.0000
vt 0.7988 0.1971 0.0000
vt 0.8176 0.1977 0.0000
vt 0.7987 0.1959 0.0000
vt 0.8177 0.1966 0.0000
vt 0.8360 0.2013 0.0000
vt 0.8535 0.2078 0.0000
vt 0.8363 0.2002 0.0000
vt 0.8540 0.2067 0.0000
vt 0.8699 0.2172 0.0000
vt 0.8846 0.2293 0.0000
vt 0.8705 0.2162 0.0000
vt 0.8854 0.2285 0.0000
vt 0.8974 0.2441 0.0000
vt 0.9080 0.2614 0.0000
vt 0.8984 0.2434 0.0000
vt 0.9091 0.2608 0.0000
vt 0.9160 0.2809 0.0000
vt 0.9172 0.2805 0.0000
vt 0.9254 0.3222 0.0000
vt 0.9239 0.3429 0.0000
vt 0.9237 0.3011 0.0000
vt 0.9267 0.3009 0.0000
vt 0.9267 0.3222 0.0000
vt 0.9267 0.3435 0.0000
vt 0.9191 0.3627 0.0000
vt 0.9114 0.3812 0.0000
vt 0.9203 0.3631 0.0000
vt 0.9139 0.3826 0.0000
vt 0.9010 0.3981 0.0000
vt 0.8883 0.4130 0.0000
vt 0.9020 0.3988 0.0000
vt 0.8901 0.4150 0.0000
vt 0.8735 0.4257 0.0000
vt 0.8570 0.4358 0.0000
vt 0.8742 0.4266 0.0000
vt 0.8582 0.4382 0.0000
vt 0.8393 0.4431 0.0000
vt 0.8208 0.4476 0.0000
vt 0.8397 0.4442 0.0000
vt 0.8211 0.4503 0.0000
vt 0.8018 0.4492 0.0000
vt 0.7829 0.4478 0.0000
vt 0.8018 0.4503 0.0000
vt 0.7825 0.4504 0.0000
vt 0.7645 0.4435 0.0000
vt 0.7470 0.4364 0.0000
vt 0.7641 0.4446 0.0000
vt 0.7458 0.4388 0.0000
vt 0.7308 0.4267 0.0000
vt 0.7162 0.4146 0.0000
vt 0.7301 0.4277 0.0000
vt 0.7144 0.4165 0.0000
vt 0.7037 0.4003 0.0000
vt 0.6935 0.3841 0.0000
vt 0.7028 0.4010 0.0000
vt 0.6912 0.3854 0.0000
vt 0.6859 0.3665 0.0000
vt 0.6811 0.3477 0.0000
vt 0.6848 0.3669 0.0000
vt 0.6784 0.3483 0.0000
vt 0.6791 0.3284 0.0000
vt 0.6801 0.3088 0.0000
vt 0.6779 0.3284 0.0000
vt 0.6774 0.3085 0.0000
vt 0.6840 0.2894 0.0000
vt 0.6908 0.2706 0.0000
vt 0.6829 0.2890 0.0000
vt 0.6883 0.2696 0.0000
vt 0.7003 0.2530 0.0000
vt 0.7122 0.2368 0.0000
vt 0.6992 0.2523 0.0000
vt 0.7101 0.2351 0.0000
vt 0.7263 0.2225 0.0000
vt 0.7415 0.2092 0.0000
vt 0.7254 0.2217 0.0000
vt 0.7407 0.2082 0.0000
vt 0.7605 0.2023 0.0000
vt 0.7794 0.1971 0.0000
vt 0.7418 0.2090 0.0000
vt 0.7413 0.2079 0.0000
vt 0.7601 0.2012 0.0000
vt 0.7790 0.1944 0.0000
vt 0.7987 0.1947 0.0000
vt 0.8179 0.1954 0.0000
vt 0.7986 0.1936 0.0000
vt 0.8182 0.1927 0.0000
vt 0.8366 0.1991 0.0000
vt 0.8545 0.2057 0.0000
vt 0.8369 0.1979 0.0000
vt 0.8556 0.2032 0.0000
vt 0.8712 0.2152 0.0000
vt 0.8863 0.2276 0.0000
vt 0.8719 0.2143 0.0000
vt 0.8881 0.2254 0.0000
vt 0.8994 0.2427 0.0000
vt 0.9102 0.2602 0.0000
vt 0.9004 0.2419 0.0000
vt 0.9127 0.2585 0.0000
vt 0.9184 0.2801 0.0000
vt 0.9197 0.2797 0.0000
vt 0.0754 0.0828 0.0000
vt 0.0904 0.0610 0.0000
vt 0.0917 0.0619 0.0000
vt 0.0770 0.0836 0.0000
vt 0.1054 0.0393 0.0000
vt 0.1069 0.0424 0.0000
vt 0.1080 0.0433 0.0000
vt 0.0931 0.0628 0.0000
vt 0.0786 0.0844 0.0000
vt 0.0538 0.1446 0.0000
vt 0.0646 0.1137 0.0000
vt 0.0663 0.1143 0.0000
vt 0.0578 0.1437 0.0000
vt 0.0680 0.1149 0.0000
vt 0.0595 0.1441 0.0000
vt 0.0509 0.1967 0.0000
vt 0.0523 0.1706 0.0000
vt 0.0539 0.1708 0.0000
vt 0.0541 0.1951 0.0000
vt 0.0555 0.1709 0.0000
vt 0.0555 0.1950 0.0000
vt 0.0620 0.2371 0.0000
vt 0.0565 0.2169 0.0000
vt 0.0577 0.2166 0.0000
vt 0.0643 0.2351 0.0000
vt 0.0589 0.2163 0.0000
vt 0.0654 0.2346 0.0000
vt 0.0833 0.2650 0.0000
vt 0.0727 0.2511 0.0000
vt 0.0735 0.2504 0.0000
vt 0.0848 0.2627 0.0000
vt 0.0744 0.2498 0.0000
vt 0.0855 0.2620 0.0000
vt 0.1116 0.2805 0.0000
vt 0.0974 0.2727 0.0000
vt 0.0979 0.2719 0.0000
vt 0.1124 0.2780 0.0000
vt 0.0984 0.2711 0.0000
vt 0.1126 0.2771 0.0000
vt 0.1439 0.2836 0.0000
vt 0.1277 0.2820 0.0000
vt 0.1278 0.2811 0.0000
vt 0.1440 0.2812 0.0000
vt 0.1279 0.2801 0.0000
vt 0.1439 0.2802 0.0000
vt 0.1774 0.2751 0.0000
vt 0.1607 0.2793 0.0000
vt 0.1604 0.2783 0.0000
vt 0.1768 0.2728 0.0000
vt 0.1602 0.2773 0.0000
vt 0.1763 0.2718 0.0000
vt 0.2089 0.2562 0.0000
vt 0.1932 0.2656 0.0000
vt 0.1926 0.2647 0.0000
vt 0.2077 0.2543 0.0000
vt 0.1920 0.2637 0.0000
vt 0.2070 0.2534 0.0000
vt 0.2360 0.2289 0.0000
vt 0.2225 0.2425 0.0000
vt 0.2217 0.2417 0.0000
vt 0.2343 0.2274 0.0000
vt 0.2208 0.2409 0.0000
vt 0.2334 0.2266 0.0000
vt 0.2569 0.1952 0.0000
vt 0.2465 0.2121 0.0000
vt 0.2455 0.2114 0.0000
vt 0.2548 0.1942 0.0000
vt 0.2444 0.2108 0.0000
vt 0.2538 0.1937 0.0000
vt 0.2700 0.1575 0.0000
vt 0.2635 0.1764 0.0000
vt 0.2623 0.1760 0.0000
vt 0.2678 0.1570 0.0000
vt 0.2612 0.1756 0.0000
vt 0.2666 0.1568 0.0000
vt 0.2745 0.1181 0.0000
vt 0.2722 0.1378 0.0000
vt 0.2711 0.1377 0.0000
vt 0.2722 0.1183 0.0000
vt 0.2699 0.1375 0.0000
vt 0.2710 0.1183 0.0000
vt 0.2698 0.0801 0.0000
vt 0.2721 0.0991 0.0000
vt 0.2710 0.0992 0.0000
vt 0.2677 0.0809 0.0000
vt 0.2699 0.0994 0.0000
vt 0.2666 0.0812 0.0000
vt 0.2566 0.0463 0.0000
vt 0.2632 0.0632 0.0000
vt 0.2622 0.0636 0.0000
vt 0.2547 0.0477 0.0000
vt 0.2612 0.0640 0.0000
vt 0.2537 0.0482 0.0000
vt 0.2354 0.0193 0.0000
vt 0.2460 0.0328 0.0000
vt 0.2452 0.0334 0.0000
vt 0.2337 0.0216 0.0000
vt 0.2444 0.0341 0.0000
vt 0.2331 0.0224 0.0000
vt 0.2061 0.0047 0.0000
vt 0.2208 0.0120 0.0000
vt 0.2203 0.0128 0.0000
vt 0.2054 0.0071 0.0000
vt 0.2199 0.0137 0.0000
vt 0.2052 0.0081 0.0000
vt 0.1733 0.0020 0.0000
vt 0.1897 0.0033 0.0000
vt 0.1896 0.0043 0.0000
vt 0.1732 0.0047 0.0000
vt 0.1896 0.0053 0.0000
vt 0.1734 0.0057 0.0000
vt 0.1390 0.0129 0.0000
vt 0.1561 0.0075 0.0000
vt 0.1565 0.0085 0.0000
vt 0.1396 0.0159 0.0000
vt 0.1568 0.0095 0.0000
vt 0.1402 0.0169 0.0000
vt 0.1222 0.0261 0.0000
vt 0.1230 0.0271 0.0000
vt 0.1238 0.0281 0.0000
vt 0.0944 0.0637 0.0000
vt 0.0802 0.0852 0.0000
vt 0.1091 0.0443 0.0000
vt 0.1101 0.0452 0.0000
vt 0.0958 0.0646 0.0000
vt 0.0818 0.0860 0.0000
vt 0.0696 0.1154 0.0000
vt 0.0612 0.1445 0.0000
vt 0.0713 0.1160 0.0000
vt 0.0629 0.1448 0.0000
vt 0.0571 0.1710 0.0000
vt 0.0569 0.1949 0.0000
vt 0.0587 0.1712 0.0000
vt 0.0583 0.1948 0.0000
vt 0.0601 0.2160 0.0000
vt 0.0664 0.2341 0.0000
vt 0.0614 0.2157 0.0000
vt 0.0675 0.2336 0.0000
vt 0.0752 0.2492 0.0000
vt 0.0862 0.2612 0.0000
vt 0.0761 0.2486 0.0000
vt 0.0868 0.2605 0.0000
vt 0.0989 0.2702 0.0000
vt 0.1129 0.2762 0.0000
vt 0.0993 0.2694 0.0000
vt 0.1132 0.2753 0.0000
vt 0.1280 0.2791 0.0000
vt 0.1438 0.2792 0.0000
vt 0.1281 0.2782 0.0000
vt 0.1437 0.2782 0.0000
vt 0.1599 0.2763 0.0000
vt 0.1759 0.2708 0.0000
vt 0.1597 0.2753 0.0000
vt 0.1755 0.2699 0.0000
vt 0.1915 0.2628 0.0000
vt 0.2063 0.2525 0.0000
vt 0.1909 0.2619 0.0000
vt 0.2056 0.2516 0.0000
vt 0.2200 0.2401 0.0000
vt 0.2325 0.2259 0.0000
vt 0.2192 0.2393 0.0000
vt 0.2316 0.2252 0.0000
vt 0.2434 0.2102 0.0000
vt 0.2527 0.1932 0.0000
vt 0.2424 0.2096 0.0000
vt 0.2516 0.1927 0.0000
vt 0.2600 0.1752 0.0000
vt 0.2654 0.1565 0.0000
vt 0.2589 0.1748 0.0000
vt 0.2643 0.1562 0.0000
vt 0.2687 0.1374 0.0000
vt 0.2698 0.1183 0.0000
vt 0.2675 0.1373 0.0000
vt 0.2686 0.1183 0.0000
vt 0.2687 0.0995 0.0000
vt 0.2655 0.0814 0.0000
vt 0.2676 0.0996 0.0000
vt 0.2644 0.0817 0.0000
vt 0.2602 0.0644 0.0000
vt 0.2528 0.0487 0.0000
vt 0.2591 0.0648 0.0000
vt 0.2519 0.0492 0.0000
vt 0.2436 0.0347 0.0000
vt 0.2325 0.0231 0.0000
vt 0.2428 0.0354 0.0000
vt 0.2319 0.0239 0.0000
vt 0.2194 0.0146 0.0000
vt 0.2049 0.0090 0.0000
vt 0.2190 0.0154 0.0000
vt 0.2046 0.0099 0.0000
vt 0.1895 0.0063 0.0000
vt 0.1735 0.0068 0.0000
vt 0.1894 0.0073 0.0000
vt 0.1736 0.0078 0.0000
vt 0.1572 0.0106 0.0000
vt 0.1408 0.0179 0.0000
vt 0.1575 0.0116 0.0000
vt 0.1414 0.0190 0.0000
vt 0.1246 0.0291 0.0000
vt 0.1255 0.0301 0.0000
vt 0.0971 0.0654 0.0000
vt 0.0835 0.0867 0.0000
vt 0.1112 0.0462 0.0000
vt 0.1123 0.0471 0.0000
vt 0.0985 0.0663 0.0000
vt 0.0851 0.0875 0.0000
vt 0.0730 0.1166 0.0000
vt 0.0646 0.1452 0.0000
vt 0.0747 0.1172 0.0000
vt 0.0662 0.1456 0.0000
vt 0.0602 0.1713 0.0000
vt 0.0597 0.1947 0.0000
vt 0.0618 0.1715 0.0000
vt 0.0611 0.1947 0.0000
vt 0.0626 0.2154 0.0000
vt 0.0685 0.2332 0.0000
vt 0.0638 0.2151 0.0000
vt 0.0695 0.2327 0.0000
vt 0.0769 0.2480 0.0000
vt 0.0875 0.2598 0.0000
vt 0.0778 0.2474 0.0000
vt 0.0881 0.2590 0.0000
vt 0.0998 0.2686 0.0000
vt 0.1135 0.2744 0.0000
vt 0.1003 0.2677 0.0000
vt 0.1138 0.2735 0.0000
vt 0.1282 0.2772 0.0000
vt 0.1437 0.2772 0.0000
vt 0.1283 0.2763 0.0000
vt 0.1436 0.2762 0.0000
vt 0.1594 0.2744 0.0000
vt 0.1751 0.2689 0.0000
vt 0.1592 0.2734 0.0000
vt 0.1747 0.2679 0.0000
vt 0.1903 0.2609 0.0000
vt 0.2049 0.2507 0.0000
vt 0.1898 0.2600 0.0000
vt 0.2042 0.2498 0.0000
vt 0.2184 0.2385 0.0000
vt 0.2306 0.2245 0.0000
vt 0.2175 0.2377 0.0000
vt 0.2297 0.2237 0.0000
vt 0.2414 0.2089 0.0000
vt 0.2505 0.1921 0.0000
vt 0.2404 0.2083 0.0000
vt 0.2494 0.1916 0.0000
vt 0.2578 0.1744 0.0000
vt 0.2631 0.1560 0.0000
vt 0.2566 0.1740 0.0000
vt 0.2619 0.1557 0.0000
vt 0.2663 0.1371 0.0000
vt 0.2675 0.1183 0.0000
vt 0.2651 0.1370 0.0000
vt 0.2663 0.1183 0.0000
vt 0.2664 0.0998 0.0000
vt 0.2633 0.0820 0.0000
vt 0.2653 0.0999 0.0000
vt 0.2622 0.0822 0.0000
vt 0.2581 0.0652 0.0000
vt 0.2510 0.0498 0.0000
vt 0.2571 0.0656 0.0000
vt 0.2501 0.0503 0.0000
vt 0.2421 0.0360 0.0000
vt 0.2312 0.0246 0.0000
vt 0.2413 0.0366 0.0000
vt 0.2306 0.0254 0.0000
vt 0.2185 0.0163 0.0000
vt 0.2044 0.0108 0.0000
vt 0.2181 0.0171 0.0000
vt 0.2041 0.0118 0.0000
vt 0.1894 0.0083 0.0000
vt 0.1738 0.0088 0.0000
vt 0.1893 0.0092 0.0000
vt 0.1739 0.0098 0.0000
vt 0.1579 0.0126 0.0000
vt 0.1420 0.0200 0.0000
vt 0.1582 0.0136 0.0000
vt 0.1425 0.0210 0.0000
vt 0.1263 0.0311 0.0000
vt 0.1271 0.0321 0.0000
vt 0.0998 0.0671 0.0000
vt 0.0867 0.0882 0.0000
vt 0.1134 0.0480 0.0000
vt 0.0764 0.1178 0.0000
vt 0.0679 0.1460 0.0000
vt 0.0634 0.1717 0.0000
vt 0.0625 0.1946 0.0000
vt 0.0650 0.2149 0.0000
vt 0.0706 0.2323 0.0000
vt 0.0786 0.2468 0.0000
vt 0.0888 0.2583 0.0000
vt 0.1007 0.2669 0.0000
vt 0.1140 0.2726 0.0000
vt 0.1284 0.2753 0.0000
vt 0.1435 0.2752 0.0000
vt 0.1589 0.2724 0.0000
vt 0.1743 0.2669 0.0000
vt 0.1892 0.2590 0.0000
vt 0.2035 0.2490 0.0000
vt 0.2167 0.2369 0.0000
vt 0.2288 0.2230 0.0000
vt 0.2394 0.2077 0.0000
vt 0.2483 0.1911 0.0000
vt 0.2555 0.1736 0.0000
vt 0.2607 0.1554 0.0000
vt 0.2640 0.1368 0.0000
vt 0.2651 0.1183 0.0000
vt 0.2642 0.1000 0.0000
vt 0.2611 0.0825 0.0000
vt 0.2561 0.0660 0.0000
vt 0.2492 0.0508 0.0000
vt 0.2405 0.0373 0.0000
vt 0.2300 0.0261 0.0000
vt 0.2176 0.0179 0.0000
vt 0.2039 0.0127 0.0000
vt 0.1893 0.0102 0.0000
vt 0.1741 0.0108 0.0000
vt 0.1586 0.0146 0.0000
vt 0.1431 0.0220 0.0000
vt 0.1280 0.0330 0.0000
vt 0.5170 0.3331 0.0000
vt 0.5273 0.3162 0.0000
vt 0.5284 0.3168 0.0000
vt 0.5183 0.3337 0.0000
vt 0.5380 0.3009 0.0000
vt 0.5389 0.3016 0.0000
vt 0.5394 0.3006 0.0000
vt 0.5295 0.3175 0.0000
vt 0.5196 0.3343 0.0000
vt 0.5018 0.3795 0.0000
vt 0.5086 0.3569 0.0000
vt 0.5099 0.3573 0.0000
vt 0.5031 0.3799 0.0000
vt 0.5113 0.3578 0.0000
vt 0.5030 0.3813 0.0000
vt 0.4972 0.4183 0.0000
vt 0.4980 0.4000 0.0000
vt 0.4993 0.4002 0.0000
vt 0.4983 0.4183 0.0000
vt 0.5005 0.4003 0.0000
vt 0.4980 0.4194 0.0000
vt 0.5034 0.4484 0.0000
vt 0.4991 0.4345 0.0000
vt 0.5001 0.4343 0.0000
vt 0.5042 0.4481 0.0000
vt 0.5010 0.4341 0.0000
vt 0.5040 0.4489 0.0000
vt 0.5178 0.4692 0.0000
vt 0.5098 0.4599 0.0000
vt 0.5104 0.4595 0.0000
vt 0.5183 0.4686 0.0000
vt 0.5111 0.4591 0.0000
vt 0.5181 0.4692 0.0000
vt 0.5379 0.4805 0.0000
vt 0.5273 0.4760 0.0000
vt 0.5276 0.4754 0.0000
vt 0.5381 0.4798 0.0000
vt 0.5280 0.4748 0.0000
vt 0.5379 0.4803 0.0000
vt 0.5613 0.4826 0.0000
vt 0.5493 0.4827 0.0000
vt 0.5494 0.4819 0.0000
vt 0.5612 0.4818 0.0000
vt 0.5494 0.4812 0.0000
vt 0.5610 0.4821 0.0000
vt 0.5859 0.4759 0.0000
vt 0.5736 0.4803 0.0000
vt 0.5734 0.4795 0.0000
vt 0.5855 0.4751 0.0000
vt 0.5732 0.4787 0.0000
vt 0.5853 0.4753 0.0000
vt 0.6092 0.4615 0.0000
vt 0.5978 0.4695 0.0000
vt 0.5973 0.4688 0.0000
vt 0.6086 0.4608 0.0000
vt 0.5969 0.4681 0.0000
vt 0.6084 0.4609 0.0000
vt 0.6294 0.4407 0.0000
vt 0.6198 0.4518 0.0000
vt 0.6191 0.4511 0.0000
vt 0.6287 0.4401 0.0000
vt 0.6185 0.4505 0.0000
vt 0.6285 0.4401 0.0000
vt 0.6451 0.4151 0.0000
vt 0.6379 0.4284 0.0000
vt 0.6371 0.4279 0.0000
vt 0.6442 0.4147 0.0000
vt 0.6363 0.4274 0.0000
vt 0.6440 0.4147 0.0000
vt 0.6550 0.3865 0.0000
vt 0.6508 0.4011 0.0000
vt 0.6499 0.4008 0.0000
vt 0.6541 0.3863 0.0000
vt 0.6490 0.4005 0.0000
vt 0.6539 0.3863 0.0000
vt 0.6585 0.3568 0.0000
vt 0.6576 0.3717 0.0000
vt 0.6566 0.3716 0.0000
vt 0.6576 0.3568 0.0000
vt 0.6557 0.3714 0.0000
vt 0.6575 0.3566 0.0000
vt 0.6554 0.3282 0.0000
vt 0.6578 0.3422 0.0000
vt 0.6569 0.3423 0.0000
vt 0.6545 0.3284 0.0000
vt 0.6560 0.3424 0.0000
vt 0.6545 0.3281 0.0000
vt 0.6459 0.3028 0.0000
vt 0.6514 0.3149 0.0000
vt 0.6506 0.3152 0.0000
vt 0.6451 0.3032 0.0000
vt 0.6498 0.3155 0.0000
vt 0.6451 0.3029 0.0000
vt 0.6307 0.2831 0.0000
vt 0.6390 0.2920 0.0000
vt 0.6383 0.2924 0.0000
vt 0.6307 0.2823 0.0000
vt 0.6376 0.2928 0.0000
vt 0.6301 0.2827 0.0000
vt 0.6099 0.2724 0.0000
vt 0.6208 0.2766 0.0000
vt 0.6206 0.2773 0.0000
vt 0.6097 0.2731 0.0000
vt 0.6311 0.2826 0.0000
vt 0.6308 0.2832 0.0000
vt 0.6203 0.2780 0.0000
vt 0.6098 0.2727 0.0000
vt 0.5862 0.2709 0.0000
vt 0.5983 0.2704 0.0000
vt 0.5982 0.2712 0.0000
vt 0.5863 0.2717 0.0000
vt 0.5982 0.2719 0.0000
vt 0.5865 0.2711 0.0000
vt 0.5616 0.2799 0.0000
vt 0.5739 0.2740 0.0000
vt 0.5742 0.2748 0.0000
vt 0.5621 0.2807 0.0000
vt 0.5745 0.2755 0.0000
vt 0.5624 0.2800 0.0000
vt 0.5495 0.2888 0.0000
vt 0.5502 0.2896 0.0000
vt 0.5509 0.2903 0.0000
vt 0.1968 0.6490 0.0000
vt 0.1967 0.6328 0.0000
vt 0.1977 0.6328 0.0000
vt 0.1966 0.6489 0.0000
vt 0.1965 0.6167 0.0000
vt 0.1963 0.6165 0.0000
vt 0.1973 0.6163 0.0000
vt 0.1987 0.6328 0.0000
vt 0.1976 0.6490 0.0000
vt 0.1872 0.6788 0.0000
vt 0.1920 0.6639 0.0000
vt 0.1929 0.6642 0.0000
vt 0.1870 0.6786 0.0000
vt 0.1939 0.6645 0.0000
vt 0.1879 0.6791 0.0000
vt 0.1692 0.7035 0.0000
vt 0.1782 0.6912 0.0000
vt 0.1790 0.6917 0.0000
vt 0.1691 0.7033 0.0000
vt 0.1798 0.6923 0.0000
vt 0.1698 0.7040 0.0000
vt 0.1450 0.7212 0.0000
vt 0.1571 0.7124 0.0000
vt 0.1577 0.7132 0.0000
vt 0.1449 0.7210 0.0000
vt 0.1582 0.7139 0.0000
vt 0.1454 0.7218 0.0000
vt 0.1168 0.7305 0.0000
vt 0.1309 0.7258 0.0000
vt 0.1312 0.7267 0.0000
vt 0.1168 0.7302 0.0000
vt 0.1315 0.7276 0.0000
vt 0.1170 0.7312 0.0000
vt 0.0874 0.7306 0.0000
vt 0.1021 0.7305 0.0000
vt 0.1021 0.7315 0.0000
vt 0.0874 0.7304 0.0000
vt 0.1021 0.7324 0.0000
vt 0.0873 0.7313 0.0000
vt 0.0595 0.7218 0.0000
vt 0.0734 0.7262 0.0000
vt 0.0731 0.7271 0.0000
vt 0.0596 0.7216 0.0000
vt 0.0729 0.7280 0.0000
vt 0.0592 0.7224 0.0000
vt 0.0356 0.7048 0.0000
vt 0.0475 0.7133 0.0000
vt 0.0470 0.7141 0.0000
vt 0.0357 0.7046 0.0000
vt 0.0465 0.7148 0.0000
vt 0.0351 0.7053 0.0000
vt 0.0180 0.6811 0.0000
vt 0.0268 0.6930 0.0000
vt 0.0261 0.6935 0.0000
vt 0.0182 0.6810 0.0000
vt 0.0253 0.6941 0.0000
vt 0.0173 0.6814 0.0000
vt 0.0083 0.6528 0.0000
vt 0.0132 0.6670 0.0000
vt 0.0123 0.6673 0.0000
vt 0.0085 0.6527 0.0000
vt 0.0114 0.6676 0.0000
vt 0.0076 0.6529 0.0000
vt 0.0077 0.6225 0.0000
vt 0.0080 0.6377 0.0000
vt 0.0070 0.6377 0.0000
vt 0.0078 0.6225 0.0000
vt 0.0061 0.6377 0.0000
vt 0.0069 0.6223 0.0000
vt 0.0161 0.5928 0.0000
vt 0.0119 0.6076 0.0000
vt 0.0109 0.6074 0.0000
vt 0.0162 0.5928 0.0000
vt 0.0100 0.6071 0.0000
vt 0.0153 0.5924 0.0000
vt 0.0327 0.5665 0.0000
vt 0.0244 0.5796 0.0000
vt 0.0236 0.5791 0.0000
vt 0.0328 0.5665 0.0000
vt 0.0228 0.5786 0.0000
vt 0.0321 0.5659 0.0000
vt 0.0561 0.5459 0.0000
vt 0.0444 0.5562 0.0000
vt 0.0438 0.5554 0.0000
vt 0.0563 0.5463 0.0000
vt 0.0432 0.5547 0.0000
vt 0.0558 0.5455 0.0000
vt 0.0849 0.5355 0.0000
vt 0.0705 0.5407 0.0000
vt 0.0702 0.5398 0.0000
vt 0.0848 0.5357 0.0000
vt 0.0698 0.5389 0.0000
vt 0.0846 0.5347 0.0000
vt 0.1147 0.5341 0.0000
vt 0.0998 0.5348 0.0000
vt 0.0997 0.5338 0.0000
vt 0.1146 0.5343 0.0000
vt 0.0997 0.5329 0.0000
vt 0.1148 0.5334 0.0000
vt 0.1431 0.5420 0.0000
vt 0.1289 0.5380 0.0000
vt 0.1292 0.5371 0.0000
vt 0.1430 0.5423 0.0000
vt 0.1294 0.5362 0.0000
vt 0.1434 0.5414 0.0000
vt 0.1676 0.5589 0.0000
vt 0.1554 0.5505 0.0000
vt 0.1559 0.5497 0.0000
vt 0.1675 0.5593 0.0000
vt 0.1565 0.5489 0.0000
vt 0.1682 0.5586 0.0000
vt 0.1859 0.5843 0.0000
vt 0.1768 0.5716 0.0000
vt 0.1776 0.5710 0.0000
vt 0.1859 0.5847 0.0000
vt 0.1784 0.5705 0.0000
vt 0.1868 0.5843 0.0000
vt 0.1912 0.6005 0.0000
vt 0.1922 0.6002 0.0000
vt 0.1932 0.5998 0.0000
vt 0.1997 0.6328 0.0000
vt 0.1986 0.6492 0.0000
vt 0.1983 0.6161 0.0000
vt 0.1993 0.6160 0.0000
vt 0.2008 0.6328 0.0000
vt 0.1996 0.6493 0.0000
vt 0.1948 0.6648 0.0000
vt 0.1888 0.6795 0.0000
vt 0.1958 0.6651 0.0000
vt 0.1896 0.6800 0.0000
vt 0.1806 0.6929 0.0000
vt 0.1705 0.7047 0.0000
vt 0.1814 0.6934 0.0000
vt 0.1712 0.7054 0.0000
vt 0.1588 0.7147 0.0000
vt 0.1458 0.7227 0.0000
vt 0.1594 0.7154 0.0000
vt 0.1462 0.7235 0.0000
vt 0.1318 0.7285 0.0000
vt 0.1171 0.7321 0.0000
vt 0.1321 0.7294 0.0000
vt 0.1173 0.7330 0.0000
vt 0.1021 0.7333 0.0000
vt 0.0872 0.7322 0.0000
vt 0.1021 0.7343 0.0000
vt 0.0870 0.7332 0.0000
vt 0.0726 0.7288 0.0000
vt 0.0587 0.7233 0.0000
vt 0.0723 0.7297 0.0000
vt 0.0583 0.7241 0.0000
vt 0.0459 0.7156 0.0000
vt 0.0344 0.7060 0.0000
vt 0.0454 0.7163 0.0000
vt 0.0338 0.7066 0.0000
vt 0.0246 0.6946 0.0000
vt 0.0165 0.6819 0.0000
vt 0.0238 0.6952 0.0000
vt 0.0157 0.6823 0.0000
vt 0.0105 0.6679 0.0000
vt 0.0067 0.6531 0.0000
vt 0.0096 0.6682 0.0000
vt 0.0057 0.6532 0.0000
vt 0.0051 0.6377 0.0000
vt 0.0059 0.6222 0.0000
vt 0.0042 0.6378 0.0000
vt 0.0050 0.6221 0.0000
vt 0.0091 0.6069 0.0000
vt 0.0144 0.5920 0.0000
vt 0.0081 0.6066 0.0000
vt 0.0135 0.5916 0.0000
vt 0.0219 0.5781 0.0000
vt 0.0314 0.5653 0.0000
vt 0.0211 0.5775 0.0000
vt 0.0306 0.5646 0.0000
vt 0.0426 0.5539 0.0000
vt 0.0553 0.5446 0.0000
vt 0.0419 0.5532 0.0000
vt 0.0548 0.5438 0.0000
vt 0.0695 0.5380 0.0000
vt 0.0844 0.5338 0.0000
vt 0.0691 0.5371 0.0000
vt 0.0842 0.5329 0.0000
vt 0.0997 0.5319 0.0000
vt 0.1149 0.5324 0.0000
vt 0.0996 0.5310 0.0000
vt 0.1150 0.5315 0.0000
vt 0.1297 0.5353 0.0000
vt 0.1438 0.5406 0.0000
vt 0.1299 0.5344 0.0000
vt 0.1442 0.5397 0.0000
vt 0.1570 0.5481 0.0000
vt 0.1689 0.5579 0.0000
vt 0.1575 0.5474 0.0000
vt 0.1696 0.5572 0.0000
vt 0.1792 0.5699 0.0000
vt 0.1877 0.5838 0.0000
vt 0.1800 0.5693 0.0000
vt 0.1886 0.5833 0.0000
vt 0.1942 0.5995 0.0000
vt 0.1952 0.5992 0.0000
vt 0.2018 0.6328 0.0000
vt 0.2005 0.6495 0.0000
vt 0.2004 0.6158 0.0000
vt 0.2028 0.6156 0.0000
vt 0.2028 0.6328 0.0000
vt 0.2028 0.6500 0.0000
vt 0.1967 0.6654 0.0000
vt 0.1905 0.6804 0.0000
vt 0.1977 0.6657 0.0000
vt 0.1925 0.6815 0.0000
vt 0.1821 0.6940 0.0000
vt 0.1718 0.7060 0.0000
vt 0.1829 0.6946 0.0000
vt 0.1734 0.7076 0.0000
vt 0.1599 0.7162 0.0000
vt 0.1467 0.7244 0.0000
vt 0.1605 0.7170 0.0000
vt 0.1476 0.7263 0.0000
vt 0.1324 0.7303 0.0000
vt 0.1174 0.7339 0.0000
vt 0.1327 0.7312 0.0000
vt 0.1177 0.7361 0.0000
vt 0.1021 0.7352 0.0000
vt 0.0869 0.7341 0.0000
vt 0.1021 0.7361 0.0000
vt 0.0865 0.7362 0.0000
vt 0.0720 0.7306 0.0000
vt 0.0579 0.7249 0.0000
vt 0.0718 0.7315 0.0000
vt 0.0570 0.7268 0.0000
vt 0.0449 0.7171 0.0000
vt 0.0331 0.7073 0.0000
vt 0.0443 0.7178 0.0000
vt 0.0317 0.7089 0.0000
vt 0.0231 0.6958 0.0000
vt 0.0148 0.6827 0.0000
vt 0.0223 0.6963 0.0000
vt 0.0130 0.6838 0.0000
vt 0.0087 0.6685 0.0000
vt 0.0048 0.6534 0.0000
vt 0.0078 0.6688 0.0000
vt 0.0027 0.6538 0.0000
vt 0.0032 0.6378 0.0000
vt 0.0040 0.6220 0.0000
vt 0.0023 0.6378 0.0000
vt 0.0019 0.6218 0.0000
vt 0.0072 0.6063 0.0000
vt 0.0126 0.5912 0.0000
vt 0.0063 0.6061 0.0000
vt 0.0107 0.5904 0.0000
vt 0.0203 0.5770 0.0000
vt 0.0299 0.5640 0.0000
vt 0.0194 0.5765 0.0000
vt 0.0282 0.5626 0.0000
vt 0.0412 0.5525 0.0000
vt 0.0535 0.5417 0.0000
vt 0.0406 0.5517 0.0000
vt 0.0529 0.5409 0.0000
vt 0.0688 0.5362 0.0000
vt 0.0841 0.5319 0.0000
vt 0.0537 0.5416 0.0000
vt 0.0534 0.5407 0.0000
vt 0.0685 0.5352 0.0000
vt 0.0837 0.5298 0.0000
vt 0.0996 0.5300 0.0000
vt 0.1151 0.5306 0.0000
vt 0.0995 0.5291 0.0000
vt 0.1154 0.5284 0.0000
vt 0.1302 0.5335 0.0000
vt 0.1446 0.5389 0.0000
vt 0.1304 0.5326 0.0000
vt 0.1455 0.5368 0.0000
vt 0.1581 0.5466 0.0000
vt 0.1702 0.5565 0.0000
vt 0.1586 0.5458 0.0000
vt 0.1717 0.5547 0.0000
vt 0.1808 0.5687 0.0000
vt 0.1895 0.5829 0.0000
vt 0.1816 0.5681 0.0000
vt 0.1915 0.5815 0.0000
vt 0.1962 0.5989 0.0000
vt 0.1972 0.5985 0.0000
vt 0.5065 0.3282 0.0000
vt 0.5186 0.3107 0.0000
vt 0.5197 0.3114 0.0000
vt 0.5078 0.3289 0.0000
vt 0.5307 0.2931 0.0000
vt 0.5319 0.2956 0.0000
vt 0.5328 0.2964 0.0000
vt 0.5207 0.3121 0.0000
vt 0.5091 0.3295 0.0000
vt 0.4891 0.3780 0.0000
vt 0.4978 0.3531 0.0000
vt 0.4991 0.3536 0.0000
vt 0.4923 0.3773 0.0000
vt 0.5005 0.3541 0.0000
vt 0.4937 0.3776 0.0000
vt 0.4867 0.4200 0.0000
vt 0.4879 0.3990 0.0000
vt 0.4892 0.3991 0.0000
vt 0.4893 0.4188 0.0000
vt 0.4905 0.3992 0.0000
vt 0.4904 0.4187 0.0000
vt 0.4957 0.4526 0.0000
vt 0.4912 0.4363 0.0000
vt 0.4922 0.4361 0.0000
vt 0.4976 0.4510 0.0000
vt 0.4932 0.4358 0.0000
vt 0.4984 0.4506 0.0000
vt 0.5129 0.4751 0.0000
vt 0.5043 0.4639 0.0000
vt 0.5050 0.4634 0.0000
vt 0.5141 0.4733 0.0000
vt 0.5057 0.4629 0.0000
vt 0.5146 0.4727 0.0000
vt 0.5357 0.4876 0.0000
vt 0.5243 0.4813 0.0000
vt 0.5246 0.4807 0.0000
vt 0.5363 0.4856 0.0000
vt 0.5250 0.4800 0.0000
vt 0.5365 0.4849 0.0000
vt 0.5617 0.4901 0.0000
vt 0.5487 0.4888 0.0000
vt 0.5488 0.4881 0.0000
vt 0.5618 0.4881 0.0000
vt 0.5489 0.4873 0.0000
vt 0.5617 0.4873 0.0000
vt 0.5887 0.4832 0.0000
vt 0.5752 0.4867 0.0000
vt 0.5750 0.4859 0.0000
vt 0.5882 0.4814 0.0000
vt 0.5748 0.4850 0.0000
vt 0.5879 0.4806 0.0000
vt 0.6141 0.4680 0.0000
vt 0.6014 0.4756 0.0000
vt 0.6010 0.4748 0.0000
vt 0.6131 0.4664 0.0000
vt 0.6005 0.4741 0.0000
vt 0.6126 0.4657 0.0000
vt 0.6360 0.4460 0.0000
vt 0.6251 0.4570 0.0000
vt 0.6244 0.4563 0.0000
vt 0.6346 0.4448 0.0000
vt 0.6238 0.4557 0.0000
vt 0.6339 0.4442 0.0000
vt 0.6528 0.4188 0.0000
vt 0.6444 0.4324 0.0000
vt 0.6436 0.4319 0.0000
vt 0.6512 0.4180 0.0000
vt 0.6428 0.4314 0.0000
vt 0.6503 0.4176 0.0000
vt 0.6634 0.3884 0.0000
vt 0.6581 0.4036 0.0000
vt 0.6572 0.4033 0.0000
vt 0.6616 0.3880 0.0000
vt 0.6563 0.4030 0.0000
vt 0.6606 0.3878 0.0000
vt 0.6670 0.3566 0.0000
vt 0.6652 0.3725 0.0000
vt 0.6642 0.3724 0.0000
vt 0.6651 0.3568 0.0000
vt 0.6633 0.3723 0.0000
vt 0.6642 0.3568 0.0000
vt 0.6633 0.3260 0.0000
vt 0.6651 0.3413 0.0000
vt 0.6642 0.3414 0.0000
vt 0.6615 0.3267 0.0000
vt 0.6633 0.3415 0.0000
vt 0.6606 0.3269 0.0000
vt 0.6526 0.2988 0.0000
vt 0.6579 0.3124 0.0000
vt 0.6571 0.3127 0.0000
vt 0.6510 0.2999 0.0000
vt 0.6563 0.3130 0.0000
vt 0.6503 0.3003 0.0000
vt 0.6355 0.2770 0.0000
vt 0.6440 0.2879 0.0000
vt 0.6434 0.2884 0.0000
vt 0.6342 0.2789 0.0000
vt 0.6427 0.2889 0.0000
vt 0.6336 0.2795 0.0000
vt 0.6119 0.2652 0.0000
vt 0.6237 0.2711 0.0000
vt 0.6233 0.2718 0.0000
vt 0.6113 0.2672 0.0000
vt 0.6230 0.2725 0.0000
vt 0.6111 0.2679 0.0000
vt 0.5854 0.2631 0.0000
vt 0.5987 0.2641 0.0000
vt 0.5986 0.2649 0.0000
vt 0.5854 0.2653 0.0000
vt 0.5986 0.2657 0.0000
vt 0.5855 0.2661 0.0000
vt 0.5577 0.2719 0.0000
vt 0.5716 0.2675 0.0000
vt 0.5719 0.2683 0.0000
vt 0.5583 0.2743 0.0000
vt 0.5721 0.2691 0.0000
vt 0.5587 0.2751 0.0000
vt 0.5442 0.2825 0.0000
vt 0.5449 0.2833 0.0000
vt 0.5455 0.2841 0.0000
vt 0.5218 0.3128 0.0000
vt 0.5104 0.3301 0.0000
vt 0.5336 0.2972 0.0000
vt 0.5345 0.2979 0.0000
vt 0.5229 0.3135 0.0000
vt 0.5117 0.3307 0.0000
vt 0.5018 0.3545 0.0000
vt 0.4950 0.3779 0.0000
vt 0.5032 0.3550 0.0000
vt 0.4964 0.3782 0.0000
vt 0.4917 0.3993 0.0000
vt 0.4916 0.4186 0.0000
vt 0.4930 0.3994 0.0000
vt 0.4927 0.4185 0.0000
vt 0.4942 0.4356 0.0000
vt 0.4993 0.4502 0.0000
vt 0.4952 0.4353 0.0000
vt 0.5001 0.4498 0.0000
vt 0.5064 0.4624 0.0000
vt 0.5152 0.4721 0.0000
vt 0.5071 0.4619 0.0000
vt 0.5157 0.4715 0.0000
vt 0.5254 0.4793 0.0000
vt 0.5368 0.4841 0.0000
vt 0.5258 0.4786 0.0000
vt 0.5370 0.4834 0.0000
vt 0.5489 0.4865 0.0000
vt 0.5617 0.4865 0.0000
vt 0.5490 0.4857 0.0000
vt 0.5616 0.4857 0.0000
vt 0.5746 0.4842 0.0000
vt 0.5875 0.4798 0.0000
vt 0.5744 0.4834 0.0000
vt 0.5872 0.4790 0.0000
vt 0.6001 0.4733 0.0000
vt 0.6120 0.4650 0.0000
vt 0.5996 0.4726 0.0000
vt 0.6114 0.4643 0.0000
vt 0.6231 0.4550 0.0000
vt 0.6331 0.4436 0.0000
vt 0.6224 0.4544 0.0000
vt 0.6324 0.4430 0.0000
vt 0.6420 0.4309 0.0000
vt 0.6494 0.4172 0.0000
vt 0.6412 0.4304 0.0000
vt 0.6486 0.4168 0.0000
vt 0.6554 0.4027 0.0000
vt 0.6597 0.3876 0.0000
vt 0.6544 0.4024 0.0000
vt 0.6588 0.3874 0.0000
vt 0.6623 0.3722 0.0000
vt 0.6632 0.3568 0.0000
vt 0.6614 0.3721 0.0000
vt 0.6623 0.3568 0.0000
vt 0.6624 0.3417 0.0000
vt 0.6598 0.3271 0.0000
vt 0.6614 0.3418 0.0000
vt 0.6589 0.3273 0.0000
vt 0.6555 0.3134 0.0000
vt 0.6495 0.3007 0.0000
vt 0.6546 0.3137 0.0000
vt 0.6488 0.3011 0.0000
vt 0.6421 0.2894 0.0000
vt 0.6331 0.2801 0.0000
vt 0.6415 0.2900 0.0000
vt 0.6326 0.2807 0.0000
vt 0.6226 0.2732 0.0000
vt 0.6109 0.2687 0.0000
vt 0.6222 0.2739 0.0000
vt 0.6107 0.2694 0.0000
vt 0.5985 0.2665 0.0000
vt 0.5856 0.2669 0.0000
vt 0.5984 0.2673 0.0000
vt 0.5857 0.2677 0.0000
vt 0.5724 0.2700 0.0000
vt 0.5592 0.2759 0.0000
vt 0.5727 0.2708 0.0000
vt 0.5597 0.2767 0.0000
vt 0.5462 0.2849 0.0000
vt 0.5469 0.2857 0.0000
vt 0.5240 0.3142 0.0000
vt 0.5130 0.3314 0.0000
vt 0.5354 0.2987 0.0000
vt 0.5363 0.2994 0.0000
vt 0.5251 0.3149 0.0000
vt 0.5143 0.3320 0.0000
vt 0.5046 0.3555 0.0000
vt 0.4978 0.3785 0.0000
vt 0.5059 0.3559 0.0000
vt 0.4991 0.3789 0.0000
vt 0.4943 0.3996 0.0000
vt 0.4938 0.4185 0.0000
vt 0.4955 0.3997 0.0000
vt 0.4950 0.4184 0.0000
vt 0.4962 0.4351 0.0000
vt 0.5009 0.4494 0.0000
vt 0.4972 0.4349 0.0000
vt 0.5018 0.4491 0.0000
vt 0.5077 0.4614 0.0000
vt 0.5162 0.4709 0.0000
vt 0.5084 0.4609 0.0000
vt 0.5168 0.4703 0.0000
vt 0.5262 0.4780 0.0000
vt 0.5372 0.4827 0.0000
vt 0.5265 0.4773 0.0000
vt 0.5374 0.4819 0.0000
vt 0.5491 0.4850 0.0000
vt 0.5615 0.4849 0.0000
vt 0.5492 0.4842 0.0000
vt 0.5615 0.4841 0.0000
vt 0.5742 0.4826 0.0000
vt 0.5869 0.4782 0.0000
vt 0.5740 0.4818 0.0000
vt 0.5865 0.4774 0.0000
vt 0.5992 0.4718 0.0000
vt 0.6109 0.4636 0.0000
vt 0.5987 0.4710 0.0000
vt 0.6103 0.4629 0.0000
vt 0.6218 0.4537 0.0000
vt 0.6317 0.4424 0.0000
vt 0.6211 0.4531 0.0000
vt 0.6309 0.4418 0.0000
vt 0.6403 0.4299 0.0000
vt 0.6477 0.4164 0.0000
vt 0.6395 0.4294 0.0000
vt 0.6468 0.4159 0.0000
vt 0.6535 0.4021 0.0000
vt 0.6578 0.3872 0.0000
vt 0.6526 0.4017 0.0000
vt 0.6569 0.3870 0.0000
vt 0.6604 0.3720 0.0000
vt 0.6613 0.3568 0.0000
vt 0.6595 0.3719 0.0000
vt 0.6604 0.3568 0.0000
vt 0.6605 0.3419 0.0000
vt 0.6580 0.3275 0.0000
vt 0.6596 0.3420 0.0000
vt 0.6571 0.3277 0.0000
vt 0.6538 0.3140 0.0000
vt 0.6481 0.3016 0.0000
vt 0.6530 0.3143 0.0000
vt 0.6473 0.3020 0.0000
vt 0.6409 0.2905 0.0000
vt 0.6321 0.2813 0.0000
vt 0.6402 0.2910 0.0000
vt 0.6316 0.2819 0.0000
vt 0.6219 0.2746 0.0000
vt 0.6105 0.2702 0.0000
vt 0.6215 0.2752 0.0000
vt 0.6103 0.2709 0.0000
vt 0.5984 0.2681 0.0000
vt 0.5858 0.2685 0.0000
vt 0.5983 0.2689 0.0000
vt 0.5859 0.2693 0.0000
vt 0.5730 0.2716 0.0000
vt 0.5602 0.2775 0.0000
vt 0.5733 0.2724 0.0000
vt 0.5606 0.2784 0.0000
vt 0.5475 0.2865 0.0000
vt 0.5482 0.2873 0.0000
vt 0.5262 0.3155 0.0000
vt 0.5156 0.3326 0.0000
vt 0.5371 0.3002 0.0000
vt 0.5073 0.3564 0.0000
vt 0.5005 0.3792 0.0000
vt 0.4968 0.3998 0.0000
vt 0.4961 0.4184 0.0000
vt 0.4981 0.4347 0.0000
vt 0.5026 0.4487 0.0000
vt 0.5091 0.4604 0.0000
vt 0.5173 0.4697 0.0000
vt 0.5269 0.4766 0.0000
vt 0.5377 0.4812 0.0000
vt 0.5492 0.4834 0.0000
vt 0.5614 0.4833 0.0000
vt 0.5738 0.4810 0.0000
vt 0.5862 0.4766 0.0000
vt 0.5982 0.4703 0.0000
vt 0.6097 0.4622 0.0000
vt 0.6204 0.4524 0.0000
vt 0.6302 0.4412 0.0000
vt 0.6387 0.4289 0.0000
vt 0.6459 0.4155 0.0000
vt 0.6517 0.4014 0.0000
vt 0.6559 0.3868 0.0000
vt 0.6585 0.3718 0.0000
vt 0.6594 0.3568 0.0000
vt 0.6587 0.3421 0.0000
vt 0.6562 0.3279 0.0000
vt 0.6522 0.3146 0.0000
vt 0.6466 0.3024 0.0000
vt 0.6396 0.2915 0.0000
vt 0.6311 0.2825 0.0000
vt 0.6212 0.2759 0.0000
vt 0.6101 0.2717 0.0000
vt 0.5983 0.2697 0.0000
vt 0.5860 0.2701 0.0000
vt 0.5736 0.2732 0.0000
vt 0.5611 0.2792 0.0000
vt 0.5489 0.2881 0.0000
vt 0.8221 0.6597 0.0000
vt 0.8293 0.6478 0.0000
vt 0.8301 0.6482 0.0000
vt 0.8230 0.6601 0.0000
vt 0.8368 0.6371 0.0000
vt 0.8374 0.6376 0.0000
vt 0.8378 0.6369 0.0000
vt 0.8308 0.6487 0.0000
vt 0.8239 0.6605 0.0000
vt 0.8115 0.6922 0.0000
vt 0.8162 0.6763 0.0000
vt 0.8172 0.6766 0.0000
vt 0.8124 0.6924 0.0000
vt 0.8181 0.6769 0.0000
vt 0.8123 0.6934 0.0000
vt 0.8082 0.7193 0.0000
vt 0.8088 0.7065 0.0000
vt 0.8097 0.7066 0.0000
vt 0.8090 0.7193 0.0000
vt 0.8105 0.7067 0.0000
vt 0.8088 0.7200 0.0000
vt 0.8126 0.7404 0.0000
vt 0.8096 0.7306 0.0000
vt 0.8102 0.7305 0.0000
vt 0.8132 0.7401 0.0000
vt 0.8109 0.7304 0.0000
vt 0.8130 0.7407 0.0000
vt 0.8227 0.7549 0.0000
vt 0.8170 0.7485 0.0000
vt 0.8175 0.7482 0.0000
vt 0.8230 0.7545 0.0000
vt 0.8180 0.7479 0.0000
vt 0.8229 0.7550 0.0000
vt 0.8367 0.7629 0.0000
vt 0.8293 0.7597 0.0000
vt 0.8296 0.7593 0.0000
vt 0.8369 0.7624 0.0000
vt 0.8298 0.7589 0.0000
vt 0.8367 0.7627 0.0000
vt 0.8531 0.7643 0.0000
vt 0.8447 0.7644 0.0000
vt 0.8448 0.7639 0.0000
vt 0.8531 0.7638 0.0000
vt 0.8448 0.7634 0.0000
vt 0.8529 0.7640 0.0000
vt 0.8703 0.7596 0.0000
vt 0.8617 0.7627 0.0000
vt 0.8616 0.7622 0.0000
vt 0.8701 0.7591 0.0000
vt 0.8615 0.7616 0.0000
vt 0.8700 0.7592 0.0000
vt 0.8867 0.7495 0.0000
vt 0.8787 0.7552 0.0000
vt 0.8784 0.7547 0.0000
vt 0.8863 0.7490 0.0000
vt 0.8781 0.7542 0.0000
vt 0.8861 0.7491 0.0000
vt 0.9008 0.7350 0.0000
vt 0.8941 0.7427 0.0000
vt 0.8936 0.7423 0.0000
vt 0.9003 0.7346 0.0000
vt 0.8932 0.7419 0.0000
vt 0.9002 0.7346 0.0000
vt 0.9118 0.7171 0.0000
vt 0.9068 0.7264 0.0000
vt 0.9062 0.7260 0.0000
vt 0.9112 0.7168 0.0000
vt 0.9056 0.7257 0.0000
vt 0.9111 0.7168 0.0000
vt 0.9187 0.6971 0.0000
vt 0.9158 0.7073 0.0000
vt 0.9152 0.7070 0.0000
vt 0.9181 0.6969 0.0000
vt 0.9145 0.7068 0.0000
vt 0.9180 0.6969 0.0000
vt 0.9212 0.6762 0.0000
vt 0.9206 0.6866 0.0000
vt 0.9199 0.6866 0.0000
vt 0.9206 0.6762 0.0000
vt 0.9192 0.6865 0.0000
vt 0.9205 0.6761 0.0000
vt 0.9190 0.6562 0.0000
vt 0.9207 0.6660 0.0000
vt 0.9201 0.6661 0.0000
vt 0.9184 0.6563 0.0000
vt 0.9194 0.6661 0.0000
vt 0.9184 0.6562 0.0000
vt 0.9124 0.6384 0.0000
vt 0.9162 0.6469 0.0000
vt 0.9157 0.6471 0.0000
vt 0.9118 0.6387 0.0000
vt 0.9151 0.6473 0.0000
vt 0.9118 0.6385 0.0000
vt 0.9017 0.6246 0.0000
vt 0.9075 0.6308 0.0000
vt 0.9070 0.6311 0.0000
vt 0.9018 0.6241 0.0000
vt 0.9066 0.6314 0.0000
vt 0.9013 0.6244 0.0000
vt 0.8872 0.6171 0.0000
vt 0.8948 0.6201 0.0000
vt 0.8946 0.6205 0.0000
vt 0.8870 0.6176 0.0000
vt 0.9020 0.6242 0.0000
vt 0.9018 0.6247 0.0000
vt 0.8945 0.6210 0.0000
vt 0.8871 0.6173 0.0000
vt 0.8705 0.6161 0.0000
vt 0.8790 0.6158 0.0000
vt 0.8790 0.6163 0.0000
vt 0.8706 0.6166 0.0000
vt 0.8790 0.6168 0.0000
vt 0.8708 0.6162 0.0000
vt 0.8533 0.6224 0.0000
vt 0.8619 0.6183 0.0000
vt 0.8621 0.6188 0.0000
vt 0.8537 0.6229 0.0000
vt 0.8623 0.6193 0.0000
vt 0.8539 0.6224 0.0000
vt 0.8449 0.6286 0.0000
vt 0.8454 0.6292 0.0000
vt 0.8458 0.6297 0.0000
vt 0.8793 0.8547 0.0000
vt 0.8792 0.8434 0.0000
vt 0.8799 0.8434 0.0000
vt 0.8792 0.8546 0.0000
vt 0.8791 0.8320 0.0000
vt 0.8789 0.8319 0.0000
vt 0.8797 0.8318 0.0000
vt 0.8807 0.8434 0.0000
vt 0.8799 0.8547 0.0000
vt 0.8726 0.8756 0.0000
vt 0.8760 0.8652 0.0000
vt 0.8766 0.8654 0.0000
vt 0.8725 0.8754 0.0000
vt 0.8773 0.8656 0.0000
vt 0.8731 0.8758 0.0000
vt 0.8600 0.8929 0.0000
vt 0.8663 0.8842 0.0000
vt 0.8669 0.8846 0.0000
vt 0.8600 0.8927 0.0000
vt 0.8674 0.8850 0.0000
vt 0.8604 0.8932 0.0000
vt 0.8431 0.9053 0.0000
vt 0.8515 0.8991 0.0000
vt 0.8519 0.8996 0.0000
vt 0.8430 0.9051 0.0000
vt 0.8523 0.9002 0.0000
vt 0.8433 0.9057 0.0000
vt 0.8233 0.9117 0.0000
vt 0.8332 0.9085 0.0000
vt 0.8334 0.9091 0.0000
vt 0.8233 0.9116 0.0000
vt 0.8336 0.9098 0.0000
vt 0.8234 0.9122 0.0000
vt 0.8027 0.9119 0.0000
vt 0.8130 0.9118 0.0000
vt 0.8130 0.9124 0.0000
vt 0.8027 0.9117 0.0000
vt 0.8130 0.9131 0.0000
vt 0.8026 0.9123 0.0000
vt 0.7831 0.9057 0.0000
vt 0.7929 0.9088 0.0000
vt 0.7927 0.9094 0.0000
vt 0.7832 0.9055 0.0000
vt 0.7925 0.9100 0.0000
vt 0.7829 0.9061 0.0000
vt 0.7664 0.8938 0.0000
vt 0.7748 0.8997 0.0000
vt 0.7744 0.9003 0.0000
vt 0.7665 0.8937 0.0000
vt 0.7740 0.9008 0.0000
vt 0.7661 0.8941 0.0000
vt 0.7541 0.8772 0.0000
vt 0.7603 0.8855 0.0000
vt 0.7598 0.8859 0.0000
vt 0.7542 0.8771 0.0000
vt 0.7592 0.8863 0.0000
vt 0.7536 0.8774 0.0000
vt 0.7473 0.8574 0.0000
vt 0.7507 0.8673 0.0000
vt 0.7501 0.8675 0.0000
vt 0.7475 0.8573 0.0000
vt 0.7495 0.8677 0.0000
vt 0.7468 0.8574 0.0000
vt 0.7469 0.8361 0.0000
vt 0.7471 0.8468 0.0000
vt 0.7464 0.8468 0.0000
vt 0.7470 0.8361 0.0000
vt 0.7458 0.8468 0.0000
vt 0.7463 0.8360 0.0000
vt 0.7528 0.8153 0.0000
vt 0.7498 0.8257 0.0000
vt 0.7492 0.8256 0.0000
vt 0.7529 0.8154 0.0000
vt 0.7485 0.8254 0.0000
vt 0.7522 0.8151 0.0000
vt 0.7644 0.7969 0.0000
vt 0.7586 0.8061 0.0000
vt 0.7580 0.8057 0.0000
vt 0.7645 0.7969 0.0000
vt 0.7574 0.8054 0.0000
vt 0.7640 0.7965 0.0000
vt 0.7808 0.7825 0.0000
vt 0.7726 0.7897 0.0000
vt 0.7722 0.7892 0.0000
vt 0.7809 0.7828 0.0000
vt 0.7717 0.7886 0.0000
vt 0.7806 0.7822 0.0000
vt 0.8009 0.7752 0.0000
vt 0.7909 0.7788 0.0000
vt 0.7906 0.7782 0.0000
vt 0.8009 0.7753 0.0000
vt 0.7904 0.7776 0.0000
vt 0.8008 0.7747 0.0000
vt 0.8218 0.7742 0.0000
vt 0.8114 0.7747 0.0000
vt 0.8114 0.7740 0.0000
vt 0.8218 0.7744 0.0000
vt 0.8113 0.7734 0.0000
vt 0.8219 0.7737 0.0000
vt 0.8417 0.7798 0.0000
vt 0.8318 0.7770 0.0000
vt 0.8320 0.7764 0.0000
vt 0.8417 0.7800 0.0000
vt 0.8321 0.7757 0.0000
vt 0.8420 0.7794 0.0000
vt 0.8589 0.7916 0.0000
vt 0.8503 0.7857 0.0000
vt 0.8507 0.7852 0.0000
vt 0.8588 0.7919 0.0000
vt 0.8511 0.7846 0.0000
vt 0.8593 0.7914 0.0000
vt 0.8717 0.8094 0.0000
vt 0.8653 0.8005 0.0000
vt 0.8659 0.8001 0.0000
vt 0.8717 0.8097 0.0000
vt 0.8664 0.7997 0.0000
vt 0.8723 0.8094 0.0000
vt 0.8754 0.8207 0.0000
vt 0.8761 0.8205 0.0000
vt 0.8768 0.8203 0.0000
vt 0.8814 0.8434 0.0000
vt 0.8806 0.8548 0.0000
vt 0.8804 0.8317 0.0000
vt 0.8811 0.8316 0.0000
vt 0.8821 0.8434 0.0000
vt 0.8812 0.8549 0.0000
vt 0.8779 0.8658 0.0000
vt 0.8737 0.8761 0.0000
vt 0.8786 0.8660 0.0000
vt 0.8743 0.8764 0.0000
vt 0.8680 0.8854 0.0000
vt 0.8609 0.8937 0.0000
vt 0.8685 0.8858 0.0000
vt 0.8614 0.8942 0.0000
vt 0.8527 0.9007 0.0000
vt 0.8436 0.9063 0.0000
vt 0.8531 0.9012 0.0000
vt 0.8439 0.9069 0.0000
vt 0.8338 0.9104 0.0000
vt 0.8235 0.9129 0.0000
vt 0.8340 0.9110 0.0000
vt 0.8236 0.9135 0.0000
vt 0.8130 0.9138 0.0000
vt 0.8025 0.9130 0.0000
vt 0.8130 0.9144 0.0000
vt 0.8024 0.9136 0.0000
vt 0.7923 0.9106 0.0000
vt 0.7826 0.9067 0.0000
vt 0.7921 0.9112 0.0000
vt 0.7823 0.9073 0.0000
vt 0.7737 0.9013 0.0000
vt 0.7656 0.8946 0.0000
vt 0.7733 0.9018 0.0000
vt 0.7652 0.8951 0.0000
vt 0.7587 0.8867 0.0000
vt 0.7531 0.8777 0.0000
vt 0.7582 0.8871 0.0000
vt 0.7525 0.8780 0.0000
vt 0.7488 0.8679 0.0000
vt 0.7462 0.8575 0.0000
vt 0.7482 0.8681 0.0000
vt 0.7455 0.8577 0.0000
vt 0.7451 0.8468 0.0000
vt 0.7457 0.8359 0.0000
vt 0.7444 0.8468 0.0000
vt 0.7450 0.8359 0.0000
vt 0.7479 0.8252 0.0000
vt 0.7516 0.8148 0.0000
vt 0.7472 0.8250 0.0000
vt 0.7510 0.8145 0.0000
vt 0.7569 0.8050 0.0000
vt 0.7635 0.7961 0.0000
vt 0.7563 0.8046 0.0000
vt 0.7629 0.7956 0.0000
vt 0.7713 0.7881 0.0000
vt 0.7802 0.7816 0.0000
vt 0.7709 0.7876 0.0000
vt 0.7799 0.7810 0.0000
vt 0.7901 0.7770 0.0000
vt 0.8006 0.7740 0.0000
vt 0.7899 0.7763 0.0000
vt 0.8005 0.7734 0.0000
vt 0.8113 0.7727 0.0000
vt 0.8219 0.7731 0.0000
vt 0.8113 0.7721 0.0000
vt 0.8220 0.7724 0.0000
vt 0.8323 0.7751 0.0000
vt 0.8422 0.7788 0.0000
vt 0.8325 0.7745 0.0000
vt 0.8425 0.7782 0.0000
vt 0.8515 0.7841 0.0000
vt 0.8598 0.7909 0.0000
vt 0.8518 0.7835 0.0000
vt 0.8603 0.7904 0.0000
vt 0.8670 0.7993 0.0000
vt 0.8730 0.8090 0.0000
vt 0.8676 0.7989 0.0000
vt 0.8736 0.8087 0.0000
vt 0.8775 0.8200 0.0000
vt 0.8782 0.8198 0.0000
vt 0.8828 0.8433 0.0000
vt 0.8819 0.8550 0.0000
vt 0.8818 0.8315 0.0000
vt 0.8835 0.8313 0.0000
vt 0.8835 0.8433 0.0000
vt 0.8836 0.8554 0.0000
vt 0.8793 0.8662 0.0000
vt 0.8749 0.8767 0.0000
vt 0.8799 0.8664 0.0000
vt 0.8763 0.8775 0.0000
vt 0.8691 0.8862 0.0000
vt 0.8618 0.8946 0.0000
vt 0.8696 0.8866 0.0000
vt 0.8629 0.8958 0.0000
vt 0.8535 0.9018 0.0000
vt 0.8442 0.9075 0.0000
vt 0.8539 0.9023 0.0000
vt 0.8449 0.9088 0.0000
vt 0.8342 0.9116 0.0000
vt 0.8237 0.9142 0.0000
vt 0.8344 0.9123 0.0000
vt 0.8239 0.9157 0.0000
vt 0.8130 0.9151 0.0000
vt 0.8023 0.9143 0.0000
vt 0.8130 0.9157 0.0000
vt 0.8021 0.9157 0.0000
vt 0.7919 0.9119 0.0000
vt 0.7821 0.9079 0.0000
vt 0.7918 0.9125 0.0000
vt 0.7814 0.9092 0.0000
vt 0.7729 0.9024 0.0000
vt 0.7647 0.8955 0.0000
vt 0.7725 0.9029 0.0000
vt 0.7637 0.8966 0.0000
vt 0.7577 0.8874 0.0000
vt 0.7519 0.8783 0.0000
vt 0.7571 0.8878 0.0000
vt 0.7506 0.8791 0.0000
vt 0.7476 0.8684 0.0000
vt 0.7449 0.8578 0.0000
vt 0.7470 0.8686 0.0000
vt 0.7434 0.8581 0.0000
vt 0.7438 0.8468 0.0000
vt 0.7443 0.8358 0.0000
vt 0.7431 0.8469 0.0000
vt 0.7428 0.8356 0.0000
vt 0.7465 0.8248 0.0000
vt 0.7504 0.8142 0.0000
vt 0.7459 0.8246 0.0000
vt 0.7490 0.8136 0.0000
vt 0.7557 0.8043 0.0000
vt 0.7624 0.7952 0.0000
vt 0.7551 0.8039 0.0000
vt 0.7613 0.7942 0.0000
vt 0.7704 0.7871 0.0000
vt 0.7790 0.7796 0.0000
vt 0.7699 0.7866 0.0000
vt 0.7785 0.7790 0.0000
vt 0.7897 0.7757 0.0000
vt 0.8004 0.7727 0.0000
vt 0.7791 0.7795 0.0000
vt 0.7789 0.7788 0.0000
vt 0.7895 0.7750 0.0000
vt 0.8001 0.7712 0.0000
vt 0.8112 0.7714 0.0000
vt 0.8221 0.7718 0.0000
vt 0.8112 0.7707 0.0000
vt 0.8223 0.7703 0.0000
vt 0.8327 0.7738 0.0000
vt 0.8428 0.7776 0.0000
vt 0.8329 0.7732 0.0000
vt 0.8434 0.7761 0.0000
vt 0.8522 0.7830 0.0000
vt 0.8607 0.7899 0.0000
vt 0.8526 0.7824 0.0000
vt 0.8618 0.7887 0.0000
vt 0.8681 0.7985 0.0000
vt 0.8742 0.8084 0.0000
vt 0.8687 0.7980 0.0000
vt 0.8756 0.8074 0.0000
vt 0.8789 0.8196 0.0000
vt 0.8796 0.8194 0.0000
vt 0.8148 0.6562 0.0000
vt 0.8232 0.6439 0.0000
vt 0.8240 0.6444 0.0000
vt 0.8157 0.6567 0.0000
vt 0.8317 0.6316 0.0000
vt 0.8325 0.6334 0.0000
vt 0.8331 0.6339 0.0000
vt 0.8247 0.6449 0.0000
vt 0.8166 0.6571 0.0000
vt 0.8026 0.6911 0.0000
vt 0.8087 0.6737 0.0000
vt 0.8096 0.6740 0.0000
vt 0.8048 0.6906 0.0000
vt 0.8106 0.6743 0.0000
vt 0.8058 0.6908 0.0000
vt 0.8009 0.7205 0.0000
vt 0.8017 0.7058 0.0000
vt 0.8026 0.7059 0.0000
vt 0.8027 0.7196 0.0000
vt 0.8035 0.7060 0.0000
vt 0.8035 0.7196 0.0000
vt 0.8072 0.7433 0.0000
vt 0.8041 0.7319 0.0000
vt 0.8048 0.7318 0.0000
vt 0.8085 0.7422 0.0000
vt 0.8055 0.7316 0.0000
vt 0.8091 0.7419 0.0000
vt 0.8192 0.7591 0.0000
vt 0.8132 0.7512 0.0000
vt 0.8137 0.7509 0.0000
vt 0.8201 0.7578 0.0000
vt 0.8142 0.7505 0.0000
vt 0.8205 0.7574 0.0000
vt 0.8352 0.7678 0.0000
vt 0.8272 0.7635 0.0000
vt 0.8275 0.7630 0.0000
vt 0.8356 0.7664 0.0000
vt 0.8277 0.7625 0.0000
vt 0.8358 0.7659 0.0000
vt 0.8534 0.7696 0.0000
vt 0.8443 0.7687 0.0000
vt 0.8444 0.7682 0.0000
vt 0.8535 0.7682 0.0000
vt 0.8444 0.7676 0.0000
vt 0.8534 0.7676 0.0000
vt 0.8724 0.7648 0.0000
vt 0.8629 0.7672 0.0000
vt 0.8628 0.7666 0.0000
vt 0.8720 0.7635 0.0000
vt 0.8626 0.7661 0.0000
vt 0.8717 0.7629 0.0000
vt 0.8901 0.7541 0.0000
vt 0.8812 0.7594 0.0000
vt 0.8809 0.7589 0.0000
vt 0.8894 0.7530 0.0000
vt 0.8806 0.7584 0.0000
vt 0.8890 0.7525 0.0000
vt 0.9055 0.7387 0.0000
vt 0.8978 0.7464 0.0000
vt 0.8973 0.7459 0.0000
vt 0.9045 0.7378 0.0000
vt 0.8969 0.7455 0.0000
vt 0.9040 0.7374 0.0000
vt 0.9172 0.7197 0.0000
vt 0.9113 0.7292 0.0000
vt 0.9108 0.7288 0.0000
vt 0.9161 0.7191 0.0000
vt 0.9102 0.7285 0.0000
vt 0.9155 0.7188 0.0000
vt 0.9246 0.6984 0.0000
vt 0.9209 0.7090 0.0000
vt 0.9203 0.7088 0.0000
vt 0.9234 0.6981 0.0000
vt 0.9196 0.7086 0.0000
vt 0.9227 0.6980 0.0000
vt 0.9271 0.6761 0.0000
vt 0.9259 0.6873 0.0000
vt 0.9252 0.6872 0.0000
vt 0.9258 0.6762 0.0000
vt 0.9246 0.6871 0.0000
vt 0.9252 0.6762 0.0000
vt 0.9245 0.6547 0.0000
vt 0.9258 0.6654 0.0000
vt 0.9252 0.6655 0.0000
vt 0.9233 0.6551 0.0000
vt 0.9246 0.6656 0.0000
vt 0.9227 0.6553 0.0000
vt 0.9170 0.6356 0.0000
vt 0.9208 0.6451 0.0000
vt 0.9202 0.6454 0.0000
vt 0.9160 0.6364 0.0000
vt 0.9196 0.6456 0.0000
vt 0.9155 0.6367 0.0000
vt 0.9051 0.6203 0.0000
vt 0.9111 0.6280 0.0000
vt 0.9106 0.6283 0.0000
vt 0.9042 0.6217 0.0000
vt 0.9102 0.6287 0.0000
vt 0.9038 0.6221 0.0000
vt 0.8886 0.6121 0.0000
vt 0.8968 0.6162 0.0000
vt 0.8966 0.6167 0.0000
vt 0.8882 0.6135 0.0000
vt 0.8963 0.6172 0.0000
vt 0.8880 0.6140 0.0000
vt 0.8700 0.6106 0.0000
vt 0.8793 0.6113 0.0000
vt 0.8793 0.6119 0.0000
vt 0.8700 0.6121 0.0000
vt 0.8792 0.6125 0.0000
vt 0.8701 0.6127 0.0000
vt 0.8506 0.6168 0.0000
vt 0.8603 0.6137 0.0000
vt 0.8605 0.6143 0.0000
vt 0.8510 0.6184 0.0000
vt 0.8607 0.6148 0.0000
vt 0.8513 0.6190 0.0000
vt 0.8412 0.6242 0.0000
vt 0.8416 0.6248 0.0000
vt 0.8421 0.6253 0.0000
vt 0.8255 0.6454 0.0000
vt 0.8175 0.6576 0.0000
vt 0.8338 0.6345 0.0000
vt 0.8344 0.6350 0.0000
vt 0.8262 0.6459 0.0000
vt 0.8184 0.6580 0.0000
vt 0.8115 0.6746 0.0000
vt 0.8067 0.6910 0.0000
vt 0.8124 0.6750 0.0000
vt 0.8077 0.6912 0.0000
vt 0.8044 0.7060 0.0000
vt 0.8043 0.7195 0.0000
vt 0.8053 0.7061 0.0000
vt 0.8051 0.7195 0.0000
vt 0.8061 0.7314 0.0000
vt 0.8097 0.7416 0.0000
vt 0.8068 0.7312 0.0000
vt 0.8103 0.7414 0.0000
vt 0.8147 0.7502 0.0000
vt 0.8208 0.7570 0.0000
vt 0.8151 0.7498 0.0000
vt 0.8212 0.7565 0.0000
vt 0.8280 0.7620 0.0000
vt 0.8359 0.7654 0.0000
vt 0.8283 0.7616 0.0000
vt 0.8361 0.7649 0.0000
vt 0.8445 0.7671 0.0000
vt 0.8534 0.7671 0.0000
vt 0.8445 0.7665 0.0000
vt 0.8533 0.7665 0.0000
vt 0.8625 0.7655 0.0000
vt 0.8715 0.7624 0.0000
vt 0.8623 0.7649 0.0000
vt 0.8713 0.7618 0.0000
vt 0.8803 0.7578 0.0000
vt 0.8886 0.7520 0.0000
vt 0.8800 0.7573 0.0000
vt 0.8882 0.7515 0.0000
vt 0.8964 0.7450 0.0000
vt 0.9034 0.7370 0.0000
vt 0.8959 0.7446 0.0000
vt 0.9029 0.7366 0.0000
vt 0.9096 0.7281 0.0000
vt 0.9148 0.7185 0.0000
vt 0.9091 0.7278 0.0000
vt 0.9142 0.7182 0.0000
vt 0.9190 0.7084 0.0000
vt 0.9220 0.6978 0.0000
vt 0.9184 0.7082 0.0000
vt 0.9214 0.6977 0.0000
vt 0.9239 0.6870 0.0000
vt 0.9245 0.6762 0.0000
vt 0.9232 0.6870 0.0000
vt 0.9239 0.6762 0.0000
vt 0.9239 0.6656 0.0000
vt 0.9221 0.6554 0.0000
vt 0.9233 0.6657 0.0000
vt 0.9215 0.6556 0.0000
vt 0.9191 0.6458 0.0000
vt 0.9149 0.6370 0.0000
vt 0.9185 0.6460 0.0000
vt 0.9144 0.6373 0.0000
vt 0.9097 0.6291 0.0000
vt 0.9034 0.6225 0.0000
vt 0.9093 0.6294 0.0000
vt 0.9031 0.6229 0.0000
vt 0.8961 0.6177 0.0000
vt 0.8879 0.6145 0.0000
vt 0.8958 0.6182 0.0000
vt 0.8877 0.6151 0.0000
vt 0.8792 0.6130 0.0000
vt 0.8701 0.6133 0.0000
vt 0.8791 0.6136 0.0000
vt 0.8702 0.6138 0.0000
vt 0.8609 0.6154 0.0000
vt 0.8517 0.6196 0.0000
vt 0.8611 0.6160 0.0000
vt 0.8520 0.6202 0.0000
vt 0.8426 0.6259 0.0000
vt 0.8430 0.6265 0.0000
vt 0.8270 0.6464 0.0000
vt 0.8193 0.6584 0.0000
vt 0.8350 0.6355 0.0000
vt 0.8356 0.6361 0.0000
vt 0.8278 0.6469 0.0000
vt 0.8202 0.6589 0.0000
vt 0.8134 0.6753 0.0000
vt 0.8086 0.6915 0.0000
vt 0.8143 0.6756 0.0000
vt 0.8096 0.6917 0.0000
vt 0.8062 0.7062 0.0000
vt 0.8059 0.7194 0.0000
vt 0.8071 0.7063 0.0000
vt 0.8067 0.7194 0.0000
vt 0.8075 0.7311 0.0000
vt 0.8109 0.7411 0.0000
vt 0.8082 0.7309 0.0000
vt 0.8115 0.7409 0.0000
vt 0.8156 0.7495 0.0000
vt 0.8216 0.7561 0.0000
vt 0.8161 0.7491 0.0000
vt 0.8220 0.7557 0.0000
vt 0.8285 0.7611 0.0000
vt 0.8363 0.7644 0.0000
vt 0.8288 0.7606 0.0000
vt 0.8364 0.7639 0.0000
vt 0.8446 0.7660 0.0000
vt 0.8533 0.7660 0.0000
vt 0.8446 0.7654 0.0000
vt 0.8532 0.7654 0.0000
vt 0.8622 0.7644 0.0000
vt 0.8710 0.7613 0.0000
vt 0.8620 0.7638 0.0000
vt 0.8708 0.7607 0.0000
vt 0.8797 0.7568 0.0000
vt 0.8879 0.7510 0.0000
vt 0.8793 0.7562 0.0000
vt 0.8875 0.7505 0.0000
vt 0.8955 0.7441 0.0000
vt 0.9024 0.7362 0.0000
vt 0.8950 0.7436 0.0000
vt 0.9019 0.7358 0.0000
vt 0.9085 0.7274 0.0000
vt 0.9136 0.7179 0.0000
vt 0.9079 0.7271 0.0000
vt 0.9130 0.7177 0.0000
vt 0.9177 0.7079 0.0000
vt 0.9207 0.6975 0.0000
vt 0.9171 0.7077 0.0000
vt 0.9201 0.6974 0.0000
vt 0.9226 0.6869 0.0000
vt 0.9232 0.6762 0.0000
vt 0.9219 0.6868 0.0000
vt 0.9225 0.6762 0.0000
vt 0.9226 0.6658 0.0000
vt 0.9209 0.6557 0.0000
vt 0.9220 0.6659 0.0000
vt 0.9202 0.6559 0.0000
vt 0.9179 0.6463 0.0000
vt 0.9139 0.6376 0.0000
vt 0.9174 0.6465 0.0000
vt 0.9134 0.6378 0.0000
vt 0.9088 0.6298 0.0000
vt 0.9027 0.6234 0.0000
vt 0.9084 0.6301 0.0000
vt 0.9024 0.6238 0.0000
vt 0.8956 0.6186 0.0000
vt 0.8876 0.6156 0.0000
vt 0.8953 0.6191 0.0000
vt 0.8874 0.6161 0.0000
vt 0.8791 0.6141 0.0000
vt 0.8703 0.6144 0.0000
vt 0.8791 0.6147 0.0000
vt 0.8704 0.6150 0.0000
vt 0.8613 0.6166 0.0000
vt 0.8523 0.6207 0.0000
vt 0.8615 0.6171 0.0000
vt 0.8527 0.6213 0.0000
vt 0.8435 0.6270 0.0000
vt 0.8440 0.6276 0.0000
vt 0.8285 0.6473 0.0000
vt 0.8212 0.6593 0.0000
vt 0.8362 0.6366 0.0000
vt 0.8153 0.6760 0.0000
vt 0.8105 0.6919 0.0000
vt 0.8080 0.7064 0.0000
vt 0.8075 0.7193 0.0000
vt 0.8089 0.7308 0.0000
vt 0.8120 0.7406 0.0000
vt 0.8166 0.7488 0.0000
vt 0.8223 0.7553 0.0000
vt 0.8291 0.7602 0.0000
vt 0.8366 0.7634 0.0000
vt 0.8447 0.7649 0.0000
vt 0.8532 0.7649 0.0000
vt 0.8619 0.7632 0.0000
vt 0.8706 0.7602 0.0000
vt 0.8790 0.7557 0.0000
vt 0.8871 0.7500 0.0000
vt 0.8945 0.7432 0.0000
vt 0.9014 0.7354 0.0000
vt 0.9073 0.7267 0.0000
vt 0.9124 0.7174 0.0000
vt 0.9164 0.7075 0.0000
vt 0.9194 0.6972 0.0000
vt 0.9212 0.6867 0.0000
vt 0.9219 0.6762 0.0000
vt 0.9213 0.6659 0.0000
vt 0.9196 0.6560 0.0000
vt 0.9168 0.6467 0.0000
vt 0.9129 0.6381 0.0000
vt 0.9080 0.6305 0.0000
vt 0.8951 0.6196 0.0000
vt 0.8873 0.6166 0.0000
vt 0.8790 0.6152 0.0000
vt 0.8705 0.6155 0.0000
vt 0.8617 0.6177 0.0000
vt 0.8530 0.6219 0.0000
vt 0.8444 0.6281 0.0000
vt 0.6493 0.5362 0.0000
vt 0.6043 0.5125 0.0000
vt 0.6043 0.5171 0.0000
vt 0.6090 0.3217 0.0000
vt 0.5882 0.2967 0.0000
vt 0.5883 0.2997 0.0000
vt 0.1751 0.5049 0.0000
vt 0.1766 0.4930 0.0000
vt 0.1766 0.4976 0.0000
vt 0.1348 0.2903 0.0000
vt 0.1605 0.2772 0.0000
vt 0.1606 0.2802 0.0000
# 3230 texture coords

o Object003
g Object003
usemtl wire_006134006
s 128
f 3493/3953/2967 3494/3954/2968 3495/3955/2969 3496/3956/2970 
f 3494/3954/2968 3497/3957/2971 3498/3958/2972 3495/3955/2969 
f 3499/3959/2973 3500/3960/2974 3495/3955/2969 3498/3958/2972 
f 3500/3960/2974 3501/3961/2975 3496/3956/2970 3495/3955/2969 
f 3502/3962/2976 3503/3963/2977 3504/3964/2978 3505/3965/2979 
f 3503/3963/2977 3493/3953/2967 3496/3956/2970 3504/3964/2978 
f 3501/3961/2975 3506/3966/2980 3504/3964/2978 3496/3956/2970 
f 3506/3966/2980 3507/3967/2981 3505/3965/2979 3504/3964/2978 
f 3508/3968/2982 3509/3969/2983 3510/3970/2984 3511/3971/2985 
f 3509/3969/2983 3502/3962/2976 3505/3965/2979 3510/3970/2984 
f 3507/3967/2981 3512/3972/2986 3510/3970/2984 3505/3965/2979 
f 3512/3972/2986 3513/3973/2987 3511/3971/2985 3510/3970/2984 
f 3514/3974/2988 3515/3975/2989 3516/3976/2990 3517/3977/2991 
f 3515/3975/2989 3508/3968/2982 3511/3971/2985 3516/3976/2990 
f 3513/3973/2987 3518/3978/2992 3516/3976/2990 3511/3971/2985 
f 3518/3978/2992 3519/3979/2993 3517/3977/2991 3516/3976/2990 
f 3520/3980/2994 3521/3981/2995 3522/3982/2996 3523/3983/2997 
f 3521/3981/2995 3514/3974/2988 3517/3977/2991 3522/3982/2996 
f 3519/3979/2993 3524/3984/2998 3522/3982/2996 3517/3977/2991 
f 3524/3984/2998 3525/3985/2999 3523/3983/2997 3522/3982/2996 
f 3501/3961/2975 3500/3960/2974 3526/3986/3000 3527/3987/3001 
f 3500/3960/2974 3499/3959/2973 3528/3988/3002 3526/3986/3000 
f 3529/3989/3003 3530/3990/3004 3526/3986/3000 3528/3988/3002 
f 3530/3990/3004 3531/3991/3005 3527/3987/3001 3526/3986/3000 
f 3507/3967/2981 3506/3966/2980 3532/3992/3006 3533/3993/3007 
f 3506/3966/2980 3501/3961/2975 3527/3987/3001 3532/3992/3006 
f 3531/3991/3005 3534/3994/3008 3532/3992/3006 3527/3987/3001 
f 3534/3994/3008 3535/3995/3009 3533/3993/3007 3532/3992/3006 
f 3513/3973/2987 3512/3972/2986 3536/3996/3010 3537/3997/3011 
f 3512/3972/2986 3507/3967/2981 3533/3993/3007 3536/3996/3010 
f 3535/3995/3009 3538/3998/3012 3536/3996/3010 3533/3993/3007 
f 3538/3998/3012 3539/3999/3013 3537/3997/3011 3536/3996/3010 
f 3519/3979/2993 3518/3978/2992 3540/4000/3014 3541/4001/3015 
f 3518/3978/2992 3513/3973/2987 3537/3997/3011 3540/4000/3014 
f 3539/3999/3013 3542/4002/3016 3540/4000/3014 3537/3997/3011 
f 3542/4002/3016 3543/4003/3017 3541/4001/3015 3540/4000/3014 
f 3525/3985/2999 3524/3984/2998 3544/4004/3018 3545/4005/3019 
f 3524/3984/2998 3519/3979/2993 3541/4001/3015 3544/4004/3018 
f 3543/4003/3017 3546/4006/3020 3544/4004/3018 3541/4001/3015 
f 3546/4006/3020 3547/4007/3021 3545/4005/3019 3544/4004/3018 
f 3531/3991/3005 3530/3990/3004 3548/4008/3022 3549/4009/3023 
f 3530/3990/3004 3529/3989/3003 3550/4010/3024 3548/4008/3022 
f 3551/4011/3025 3552/4012/3026 3548/4008/3022 3550/4010/3024 
f 3552/4012/3026 3553/4013/3027 3549/4009/3023 3548/4008/3022 
f 3535/3995/3009 3534/3994/3008 3554/4014/3028 3555/4015/3029 
f 3534/3994/3008 3531/3991/3005 3549/4009/3023 3554/4014/3028 
f 3553/4013/3027 3556/4016/3030 3554/4014/3028 3549/4009/3023 
f 3556/4016/3030 3557/4017/3031 3555/4015/3029 3554/4014/3028 
f 3539/3999/3013 3538/3998/3012 3558/4018/3032 3559/4019/3033 
f 3538/3998/3012 3535/3995/3009 3555/4015/3029 3558/4018/3032 
f 3557/4017/3031 3560/4020/3034 3558/4018/3032 3555/4015/3029 
f 3560/4020/3034 3561/4021/3035 3559/4019/3033 3558/4018/3032 
f 3543/4003/3017 3542/4002/3016 3562/4022/3036 3563/4023/3037 
f 3542/4002/3016 3539/3999/3013 3559/4019/3033 3562/4022/3036 
f 3561/4021/3035 3564/4024/3038 3562/4022/3036 3559/4019/3033 
f 3564/4024/3038 3565/4025/3039 3563/4023/3037 3562/4022/3036 
f 3547/4007/3021 3546/4006/3020 3566/4026/3040 3567/4027/3041 
f 3546/4006/3020 3543/4003/3017 3563/4023/3037 3566/4026/3040 
f 3565/4025/3039 3568/4028/3042 3566/4026/3040 3563/4023/3037 
f 3568/4028/3042 3569/4029/3043 3567/4027/3041 3566/4026/3040 
f 3553/4013/3027 3552/4012/3026 3570/4030/3044 3571/4031/3045 
f 3552/4012/3026 3551/4011/3025 3572/4032/3046 3570/4030/3044 
f 3573/4033/3047 3574/4034/3048 3570/4030/3044 3572/4032/3046 
f 3574/4034/3048 3575/4035/3049 3571/4031/3045 3570/4030/3044 
f 3557/4017/3031 3556/4016/3030 3576/4036/3050 3577/4037/3051 
f 3556/4016/3030 3553/4013/3027 3571/4031/3045 3576/4036/3050 
f 3575/4035/3049 3578/4038/3052 3576/4036/3050 3571/4031/3045 
f 3578/4038/3052 3579/4039/3053 3577/4037/3051 3576/4036/3050 
f 3561/4021/3035 3560/4020/3034 3580/4040/3054 3581/4041/3055 
f 3560/4020/3034 3557/4017/3031 3577/4037/3051 3580/4040/3054 
f 3579/4039/3053 3582/4042/3056 3580/4040/3054 3577/4037/3051 
f 3582/4042/3056 3583/4043/3057 3581/4041/3055 3580/4040/3054 
f 3565/4025/3039 3564/4024/3038 3584/4044/3058 3585/4045/3059 
f 3564/4024/3038 3561/4021/3035 3581/4041/3055 3584/4044/3058 
f 3583/4043/3057 3586/4046/3060 3584/4044/3058 3581/4041/3055 
f 3586/4046/3060 3587/4047/3061 3585/4045/3059 3584/4044/3058 
f 3569/4029/3043 3568/4028/3042 3588/4048/3062 3589/4049/3063 
f 3568/4028/3042 3565/4025/3039 3585/4045/3059 3588/4048/3062 
f 3587/4047/3061 3590/4050/3064 3588/4048/3062 3585/4045/3059 
f 3590/4050/3064 3591/4051/3065 3589/4049/3063 3588/4048/3062 
f 3575/4052/3049 3574/4053/3048 3592/4054/3066 3593/4055/3067 
f 3574/4053/3048 3573/4056/3047 3594/4057/3068 3592/4054/3066 
f 3595/4058/3069 3596/4059/3070 3592/4054/3066 3594/4057/3068 
f 3596/4059/3070 3597/4060/3071 3593/4055/3067 3592/4054/3066 
f 3579/4061/3053 3578/4062/3052 3598/4063/3072 3599/4064/3073 
f 3578/4062/3052 3575/4065/3049 3593/4066/3067 3598/4063/3072 
f 3597/4060/3071 3600/4067/3074 3598/4063/3072 3593/4066/3067 
f 3600/4067/3074 3601/4068/3075 3599/4064/3073 3598/4063/3072 
f 3583/4069/3057 3582/4070/3056 3602/4071/3076 3603/4072/3077 
f 3582/4070/3056 3579/4061/3053 3599/4064/3073 3602/4071/3076 
f 3601/4068/3075 3604/4073/3078 3602/4071/3076 3599/4064/3073 
f 3604/4073/3078 3605/4074/3079 3603/4072/3077 3602/4071/3076 
f 3587/4075/3061 3586/4076/3060 3606/4077/3080 3607/4078/3081 
f 3586/4076/3060 3583/4069/3057 3603/4072/3077 3606/4077/3080 
f 3605/4074/3079 3608/4079/3082 3606/4077/3080 3603/4072/3077 
f 3608/4079/3082 3609/4080/3083 3607/4078/3081 3606/4077/3080 
f 3591/4081/3065 3590/4082/3064 3610/4083/3084 3611/4084/3085 
f 3590/4082/3064 3587/4075/3061 3607/4078/3081 3610/4083/3084 
f 3609/4080/3083 3612/4085/3086 3610/4083/3084 3607/4078/3081 
f 3612/4085/3086 3613/4086/3087 3611/4084/3085 3610/4083/3084 
f 3597/4060/3071 3596/4059/3070 3614/4087/3088 3615/4088/3089 
f 3596/4059/3070 3595/4058/3069 3616/4089/3090 3614/4087/3088 
f 3617/4090/3091 3618/4091/3092 3614/4087/3088 3616/4089/3090 
f 3618/4091/3092 3619/4092/3093 3615/4088/3089 3614/4087/3088 
f 3601/4068/3075 3600/4067/3074 3620/4093/3094 3621/4094/3095 
f 3600/4067/3074 3597/4060/3071 3615/4088/3089 3620/4093/3094 
f 3619/4092/3093 3622/4095/3096 3620/4093/3094 3615/4088/3089 
f 3622/4095/3096 3623/4096/3097 3621/4094/3095 3620/4093/3094 
f 3605/4074/3079 3604/4073/3078 3624/4097/3098 3625/4098/3099 
f 3604/4073/3078 3601/4068/3075 3621/4094/3095 3624/4097/3098 
f 3623/4096/3097 3626/4099/3100 3624/4097/3098 3621/4094/3095 
f 3626/4099/3100 3627/4100/3101 3625/4098/3099 3624/4097/3098 
f 3609/4080/3083 3608/4079/3082 3628/4101/3102 3629/4102/3103 
f 3608/4079/3082 3605/4074/3079 3625/4098/3099 3628/4101/3102 
f 3627/4100/3101 3630/4103/3104 3628/4101/3102 3625/4098/3099 
f 3630/4103/3104 3631/4104/3105 3629/4102/3103 3628/4101/3102 
f 3613/4086/3087 3612/4085/3086 3632/4105/3106 3633/4106/3107 
f 3612/4085/3086 3609/4080/3083 3629/4102/3103 3632/4105/3106 
f 3631/4104/3105 3634/4107/3108 3632/4105/3106 3629/4102/3103 
f 3634/4107/3108 3635/4108/3109 3633/4106/3107 3632/4105/3106 
f 3619/4092/3093 3618/4091/3092 3636/4109/3110 3637/4110/3111 
f 3618/4091/3092 3617/4090/3091 3638/4111/3112 3636/4109/3110 
f 3639/4112/3113 3640/4113/3114 3636/4109/3110 3638/4111/3112 
f 3640/4113/3114 3641/4114/3115 3637/4110/3111 3636/4109/3110 
f 3623/4096/3097 3622/4095/3096 3642/4115/3116 3643/4116/3117 
f 3622/4095/3096 3619/4092/3093 3637/4110/3111 3642/4115/3116 
f 3641/4114/3115 3644/4117/3118 3642/4115/3116 3637/4110/3111 
f 3644/4117/3118 3645/4118/3119 3643/4116/3117 3642/4115/3116 
f 3627/4100/3101 3626/4099/3100 3646/4119/3120 3647/4120/3121 
f 3626/4099/3100 3623/4096/3097 3643/4116/3117 3646/4119/3120 
f 3645/4118/3119 3648/4121/3122 3646/4119/3120 3643/4116/3117 
f 3648/4121/3122 3649/4122/3123 3647/4120/3121 3646/4119/3120 
f 3631/4104/3105 3630/4103/3104 3650/4123/3124 3651/4124/3125 
f 3630/4103/3104 3627/4100/3101 3647/4120/3121 3650/4123/3124 
f 3649/4122/3123 3652/4125/3126 3650/4123/3124 3647/4120/3121 
f 3652/4125/3126 3653/4126/3127 3651/4124/3125 3650/4123/3124 
f 3635/4108/3109 3634/4107/3108 3654/4127/3128 3655/4128/3129 
f 3634/4107/3108 3631/4104/3105 3651/4124/3125 3654/4127/3128 
f 3653/4126/3127 3656/4129/3130 3654/4127/3128 3651/4124/3125 
f 3656/4129/3130 3657/4130/3131 3655/4128/3129 3654/4127/3128 
f 3641/4131/3115 3640/4132/3114 3658/4133/3132 3659/4134/3133 
f 3640/4132/3114 3639/4135/3113 3660/4136/3134 3658/4133/3132 
f 3497/3957/2971 3494/3954/2968 3658/4133/3132 3660/4136/3134 
f 3494/3954/2968 3493/3953/2967 3659/4134/3133 3658/4133/3132 
f 3645/4137/3119 3644/4138/3118 3661/4139/3135 3662/4140/3136 
f 3644/4138/3118 3641/4131/3115 3659/4134/3133 3661/4139/3135 
f 3493/3953/2967 3503/3963/2977 3661/4139/3135 3659/4134/3133 
f 3503/3963/2977 3502/3962/2976 3662/4140/3136 3661/4139/3135 
f 3649/4141/3123 3648/4142/3122 3663/4143/3137 3664/4144/3138 
f 3648/4142/3122 3645/4137/3119 3662/4140/3136 3663/4143/3137 
f 3502/3962/2976 3509/3969/2983 3663/4143/3137 3662/4140/3136 
f 3509/3969/2983 3508/3968/2982 3664/4144/3138 3663/4143/3137 
f 3653/4145/3127 3652/4146/3126 3665/4147/3139 3666/4148/3140 
f 3652/4146/3126 3649/4141/3123 3664/4144/3138 3665/4147/3139 
f 3508/3968/2982 3515/3975/2989 3665/4147/3139 3664/4144/3138 
f 3515/3975/2989 3514/3974/2988 3666/4148/3140 3665/4147/3139 
f 3657/4149/3131 3656/4150/3130 3667/4151/3141 3668/4152/3142 
f 3656/4150/3130 3653/4145/3127 3666/4148/3140 3667/4151/3141 
f 3514/3974/2988 3521/3981/2995 3667/4151/3141 3666/4148/3140 
f 3521/3981/2995 3520/3980/2994 3668/4152/3142 3667/4151/3141 
f 3520/3980/2994 3523/3983/2997 3669/4153/3143 3670/4154/3144 
f 3523/3983/2997 3525/3985/2999 3671/4155/3145 3669/4153/3143 
f 3672/4156/3146 3673/4157/3147 3669/4153/3143 3671/4155/3145 
f 3673/4157/3147 3674/4158/3148 3670/4154/3144 3669/4153/3143 
f 3525/3985/2999 3545/4005/3019 3675/4159/3149 3671/4155/3145 
f 3545/4005/3019 3547/4007/3021 3676/4160/3150 3675/4159/3149 
f 3677/4161/3151 3678/4162/3152 3675/4159/3149 3676/4160/3150 
f 3678/4162/3152 3672/4156/3146 3671/4155/3145 3675/4159/3149 
f 3547/4007/3021 3567/4027/3041 3679/4163/3153 3676/4160/3150 
f 3567/4027/3041 3569/4029/3043 3680/4164/3154 3679/4163/3153 
f 3681/4165/3155 3682/4166/3156 3679/4163/3153 3680/4164/3154 
f 3682/4166/3156 3677/4161/3151 3676/4160/3150 3679/4163/3153 
f 3569/4029/3043 3589/4049/3063 3683/4167/3157 3680/4164/3154 
f 3589/4049/3063 3591/4051/3065 3684/4168/3158 3683/4167/3157 
f 3685/4169/3159 3686/4170/3160 3683/4167/3157 3684/4168/3158 
f 3686/4170/3160 3681/4165/3155 3680/4164/3154 3683/4167/3157 
f 3591/4081/3065 3611/4084/3085 3687/4171/3161 3684/4172/3158 
f 3611/4084/3085 3613/4086/3087 3688/4173/3162 3687/4171/3161 
f 3689/4174/3163 3690/4175/3164 3687/4171/3161 3688/4173/3162 
f 3690/4175/3164 3685/4176/3159 3684/4172/3158 3687/4171/3161 
f 3613/4086/3087 3633/4106/3107 3691/4177/3165 3688/4173/3162 
f 3633/4106/3107 3635/4108/3109 3692/4178/3166 3691/4177/3165 
f 3693/4179/3167 3694/4180/3168 3691/4177/3165 3692/4178/3166 
f 3694/4180/3168 3689/4174/3163 3688/4173/3162 3691/4177/3165 
f 3635/4108/3109 3655/4128/3129 3695/4181/3169 3692/4178/3166 
f 3655/4128/3129 3657/4130/3131 3696/4182/3170 3695/4181/3169 
f 3697/4183/3171 3698/4184/3172 3695/4181/3169 3696/4182/3170 
f 3698/4184/3172 3693/4179/3167 3692/4178/3166 3695/4181/3169 
f 3657/4149/3131 3668/4152/3142 3699/4185/3173 3696/4186/3170 
f 3668/4152/3142 3520/3980/2994 3670/4154/3144 3699/4185/3173 
f 3674/4158/3148 3700/4187/3174 3699/4185/3173 3670/4154/3144 
f 3700/4187/3174 3697/4188/3171 3696/4186/3170 3699/4185/3173 
f 3674/4158/3148 3673/4157/3147 3701/4189/3175 3702/4190/3176 
f 3673/4157/3147 3672/4156/3146 3703/4191/3177 3701/4189/3175 
f 3704/4192/3178 3705/4193/3179 3701/4189/3175 3703/4191/3177 
f 3705/4193/3179 3706/4194/3180 3702/4190/3176 3701/4189/3175 
f 3672/4156/3146 3678/4162/3152 3707/4195/3181 3703/4191/3177 
f 3678/4162/3152 3677/4161/3151 3708/4196/3182 3707/4195/3181 
f 3709/4197/3183 3710/4198/3184 3707/4195/3181 3708/4196/3182 
f 3710/4198/3184 3704/4192/3178 3703/4191/3177 3707/4195/3181 
f 3677/4161/3151 3682/4166/3156 3711/4199/3185 3708/4196/3182 
f 3682/4166/3156 3681/4165/3155 3712/4200/3186 3711/4199/3185 
f 3713/4201/3187 3714/4202/3188 3711/4199/3185 3712/4200/3186 
f 3714/4202/3188 3709/4197/3183 3708/4196/3182 3711/4199/3185 
f 3681/4165/3155 3686/4170/3160 3715/4203/3189 3712/4200/3186 
f 3686/4170/3160 3685/4169/3159 3716/4204/3190 3715/4203/3189 
f 3717/4205/3191 3718/4206/3192 3715/4203/3189 3716/4204/3190 
f 3718/4206/3192 3713/4201/3187 3712/4200/3186 3715/4203/3189 
f 3685/4176/3159 3690/4175/3164 3719/4207/3193 3716/4208/3190 
f 3690/4175/3164 3689/4174/3163 3720/4209/3194 3719/4207/3193 
f 3721/4210/3195 3722/4211/3196 3719/4207/3193 3720/4209/3194 
f 3722/4211/3196 3717/4212/3191 3716/4208/3190 3719/4207/3193 
f 3689/4174/3163 3694/4180/3168 3723/4213/3197 3720/4209/3194 
f 3694/4180/3168 3693/4179/3167 3724/4214/3198 3723/4213/3197 
f 3725/4215/3199 3726/4216/3200 3723/4213/3197 3724/4214/3198 
f 3726/4216/3200 3721/4210/3195 3720/4209/3194 3723/4213/3197 
f 3693/4179/3167 3698/4184/3172 3727/4217/3201 3724/4214/3198 
f 3698/4184/3172 3697/4183/3171 3728/4218/3202 3727/4217/3201 
f 3729/4215/3203 3730/4219/3204 3727/4217/3201 3728/4218/3202 
f 3730/4219/3204 3725/4215/3199 3724/4214/3198 3727/4217/3201 
f 3697/4188/3171 3700/4187/3174 3731/4220/3205 3728/4221/3202 
f 3700/4187/3174 3674/4158/3148 3702/4190/3176 3731/4220/3205 
f 3706/4194/3180 3732/4222/3206 3731/4220/3205 3702/4190/3176 
f 3732/4222/3206 3729/4223/3203 3728/4221/3202 3731/4220/3205 
f 3733/4224/3207 3734/4225/3208 3735/4226/3209 3736/4227/3210 
f 3734/4225/3208 3737/4228/3211 3738/4229/3212 3735/4226/3209 
f 3739/4230/3213 3740/4231/3214 3735/4226/3209 3738/4229/3212 
f 3740/4231/3214 3741/4232/3215 3736/4227/3210 3735/4226/3209 
f 3742/4233/3216 3743/4234/3217 3744/4235/3218 3745/4236/3219 
f 3743/4234/3217 3746/4237/3220 3747/4238/3221 3744/4235/3218 
f 3737/4228/3211 3734/4225/3208 3744/4235/3218 3747/4238/3221 
f 3734/4225/3208 3733/4224/3207 3745/4236/3219 3744/4235/3218 
f 3748/4239/3222 3749/4240/3223 3750/4241/3224 3751/4242/3225 
f 3749/4240/3223 3752/4243/3226 3753/4244/3227 3750/4241/3224 
f 3746/4237/3220 3743/4234/3217 3750/4241/3224 3753/4244/3227 
f 3743/4234/3217 3742/4233/3216 3751/4242/3225 3750/4241/3224 
f 3754/4245/3228 3755/4246/3229 3756/4247/3230 3757/4248/3231 
f 3755/4246/3229 3758/4249/3232 3759/4250/3233 3756/4247/3230 
f 3752/4243/3226 3749/4240/3223 3756/4247/3230 3759/4250/3233 
f 3749/4240/3223 3748/4239/3222 3757/4248/3231 3756/4247/3230 
f 3760/4251/3234 3761/4252/3235 3762/4253/3236 3763/4254/3237 
f 3761/4252/3235 3764/4255/3238 3765/4256/3239 3762/4253/3236 
f 3758/4249/3232 3755/4246/3229 3762/4253/3236 3765/4256/3239 
f 3755/4246/3229 3754/4245/3228 3763/4254/3237 3762/4253/3236 
f 3737/4228/3211 3766/4257/3240 3767/4258/3241 3738/4229/3212 
f 3766/4257/3240 3768/4259/3242 3769/4260/3243 3767/4258/3241 
f 3770/4261/3244 3771/4262/3245 3767/4258/3241 3769/4260/3243 
f 3771/4262/3245 3739/4230/3213 3738/4229/3212 3767/4258/3241 
f 3746/4237/3220 3772/4263/3246 3773/4264/3247 3747/4238/3221 
f 3772/4263/3246 3774/4265/3248 3775/4266/3249 3773/4264/3247 
f 3768/4259/3242 3766/4257/3240 3773/4264/3247 3775/4266/3249 
f 3766/4257/3240 3737/4228/3211 3747/4238/3221 3773/4264/3247 
f 3752/4243/3226 3776/4267/3250 3777/4268/3251 3753/4244/3227 
f 3776/4267/3250 3778/4269/3252 3779/4270/3253 3777/4268/3251 
f 3774/4265/3248 3772/4263/3246 3777/4268/3251 3779/4270/3253 
f 3772/4263/3246 3746/4237/3220 3753/4244/3227 3777/4268/3251 
f 3758/4249/3232 3780/4271/3254 3781/4272/3255 3759/4250/3233 
f 3780/4271/3254 3782/4273/3256 3783/4274/3257 3781/4272/3255 
f 3778/4269/3252 3776/4267/3250 3781/4272/3255 3783/4274/3257 
f 3776/4267/3250 3752/4243/3226 3759/4250/3233 3781/4272/3255 
f 3764/4255/3238 3784/4275/3258 3785/4276/3259 3765/4256/3239 
f 3784/4275/3258 3786/4277/3260 3787/4278/3261 3785/4276/3259 
f 3782/4273/3256 3780/4271/3254 3785/4276/3259 3787/4278/3261 
f 3780/4271/3254 3758/4249/3232 3765/4256/3239 3785/4276/3259 
f 3768/4259/3242 3788/4279/3262 3789/4280/3263 3769/4260/3243 
f 3788/4279/3262 3790/4281/3264 3791/4282/3265 3789/4280/3263 
f 3792/4283/3266 3793/4284/3267 3789/4280/3263 3791/4282/3265 
f 3793/4284/3267 3770/4261/3244 3769/4260/3243 3789/4280/3263 
f 3774/4265/3248 3794/4285/3268 3795/4286/3269 3775/4266/3249 
f 3794/4285/3268 3796/4287/3270 3797/4288/3271 3795/4286/3269 
f 3790/4281/3264 3788/4279/3262 3795/4286/3269 3797/4288/3271 
f 3788/4279/3262 3768/4259/3242 3775/4266/3249 3795/4286/3269 
f 3778/4269/3252 3798/4289/3272 3799/4290/3273 3779/4270/3253 
f 3798/4289/3272 3800/4291/3274 3801/4292/3275 3799/4290/3273 
f 3796/4287/3270 3794/4285/3268 3799/4290/3273 3801/4292/3275 
f 3794/4285/3268 3774/4265/3248 3779/4270/3253 3799/4290/3273 
f 3782/4273/3256 3802/4293/3276 3803/4294/3277 3783/4274/3257 
f 3802/4293/3276 3804/4295/3278 3805/4296/3279 3803/4294/3277 
f 3800/4291/3274 3798/4289/3272 3803/4294/3277 3805/4296/3279 
f 3798/4289/3272 3778/4269/3252 3783/4274/3257 3803/4294/3277 
f 3786/4277/3260 3806/4297/3280 3807/4298/3281 3787/4278/3261 
f 3806/4297/3280 3808/4299/3282 3809/4300/3283 3807/4298/3281 
f 3804/4295/3278 3802/4293/3276 3807/4298/3281 3809/4300/3283 
f 3802/4293/3276 3782/4273/3256 3787/4278/3261 3807/4298/3281 
f 3790/4281/3264 3810/4301/3284 3811/4302/3285 3791/4282/3265 
f 3810/4301/3284 3812/4303/3286 3813/4304/3287 3811/4302/3285 
f 3814/4305/3288 3815/4306/3289 3811/4302/3285 3813/4304/3287 
f 3815/4306/3289 3792/4283/3266 3791/4282/3265 3811/4302/3285 
f 3796/4287/3270 3816/4307/3290 3817/4308/3291 3797/4288/3271 
f 3816/4307/3290 3818/4309/3292 3819/4310/3293 3817/4308/3291 
f 3812/4303/3286 3810/4301/3284 3817/4308/3291 3819/4310/3293 
f 3810/4301/3284 3790/4281/3264 3797/4288/3271 3817/4308/3291 
f 3800/4291/3274 3820/4311/3294 3821/4312/3295 3801/4292/3275 
f 3820/4311/3294 3822/4313/3296 3823/4314/3297 3821/4312/3295 
f 3818/4309/3292 3816/4307/3290 3821/4312/3295 3823/4314/3297 
f 3816/4307/3290 3796/4287/3270 3801/4292/3275 3821/4312/3295 
f 3804/4295/3278 3824/4315/3298 3825/4316/3299 3805/4296/3279 
f 3824/4315/3298 3826/4317/3300 3827/4318/3301 3825/4316/3299 
f 3822/4313/3296 3820/4311/3294 3825/4316/3299 3827/4318/3301 
f 3820/4311/3294 3800/4291/3274 3805/4296/3279 3825/4316/3299 
f 3808/4299/3282 3828/4319/3302 3829/4320/3303 3809/4300/3283 
f 3828/4319/3302 3830/4321/3304 3831/4322/3305 3829/4320/3303 
f 3826/4317/3300 3824/4315/3298 3829/4320/3303 3831/4322/3305 
f 3824/4315/3298 3804/4295/3278 3809/4300/3283 3829/4320/3303 
f 3812/4323/3286 3832/4324/3306 3833/4325/3307 3813/4326/3287 
f 3832/4324/3306 3834/4327/3308 3835/4328/3309 3833/4325/3307 
f 3836/4329/3310 3837/4330/3311 3833/4325/3307 3835/4328/3309 
f 3837/4330/3311 3814/4331/3288 3813/4326/3287 3833/4325/3307 
f 3818/4332/3292 3838/4333/3312 3839/4334/3313 3819/4335/3293 
f 3838/4333/3312 3840/4336/3314 3841/4337/3315 3839/4334/3313 
f 3834/4327/3308 3832/4324/3306 3839/4334/3313 3841/4337/3315 
f 3832/4324/3306 3812/4323/3286 3819/4335/3293 3839/4334/3313 
f 3822/4338/3296 3842/4339/3316 3843/4340/3317 3823/4341/3297 
f 3842/4339/3316 3844/4342/3318 3845/4343/3319 3843/4340/3317 
f 3840/4336/3314 3838/4333/3312 3843/4340/3317 3845/4343/3319 
f 3838/4333/3312 3818/4332/3292 3823/4341/3297 3843/4340/3317 
f 3826/4344/3300 3846/4345/3320 3847/4346/3321 3827/4347/3301 
f 3846/4345/3320 3848/4348/3322 3849/4349/3323 3847/4346/3321 
f 3844/4342/3318 3842/4339/3316 3847/4346/3321 3849/4349/3323 
f 3842/4339/3316 3822/4338/3296 3827/4347/3301 3847/4346/3321 
f 3830/4350/3304 3850/4351/3324 3851/4352/3325 3831/4353/3305 
f 3850/4351/3324 3852/4354/3326 3853/4355/3327 3851/4352/3325 
f 3848/4348/3322 3846/4345/3320 3851/4352/3325 3853/4355/3327 
f 3846/4345/3320 3826/4344/3300 3831/4353/3305 3851/4352/3325 
f 3834/4327/3308 3854/4356/3328 3855/4357/3329 3835/4328/3309 
f 3854/4356/3328 3856/4358/3330 3857/4359/3331 3855/4357/3329 
f 3858/4360/3332 3859/4361/3333 3855/4357/3329 3857/4359/3331 
f 3859/4361/3333 3836/4329/3310 3835/4328/3309 3855/4357/3329 
f 3840/4336/3314 3860/4362/3334 3861/4363/3335 3841/4337/3315 
f 3860/4362/3334 3862/4364/3336 3863/4365/3337 3861/4363/3335 
f 3856/4358/3330 3854/4356/3328 3861/4363/3335 3863/4365/3337 
f 3854/4356/3328 3834/4327/3308 3841/4337/3315 3861/4363/3335 
f 3844/4342/3318 3864/4366/3338 3865/4367/3339 3845/4343/3319 
f 3864/4366/3338 3866/4368/3340 3867/4369/3341 3865/4367/3339 
f 3862/4364/3336 3860/4362/3334 3865/4367/3339 3867/4369/3341 
f 3860/4362/3334 3840/4336/3314 3845/4343/3319 3865/4367/3339 
f 3848/4348/3322 3868/4370/3342 3869/4371/3343 3849/4349/3323 
f 3868/4370/3342 3870/4372/3344 3871/4373/3345 3869/4371/3343 
f 3866/4368/3340 3864/4366/3338 3869/4371/3343 3871/4373/3345 
f 3864/4366/3338 3844/4342/3318 3849/4349/3323 3869/4371/3343 
f 3852/4354/3326 3872/4374/3346 3873/4375/3347 3853/4355/3327 
f 3872/4374/3346 3874/4376/3348 3875/4377/3349 3873/4375/3347 
f 3870/4372/3344 3868/4370/3342 3873/4375/3347 3875/4377/3349 
f 3868/4370/3342 3848/4348/3322 3853/4355/3327 3873/4375/3347 
f 3856/4358/3330 3876/4378/3350 3877/4379/3351 3857/4359/3331 
f 3876/4378/3350 3878/4380/3352 3879/4381/3353 3877/4379/3351 
f 3880/4382/3354 3881/4383/3355 3877/4379/3351 3879/4381/3353 
f 3881/4383/3355 3858/4360/3332 3857/4359/3331 3877/4379/3351 
f 3862/4364/3336 3882/4384/3356 3883/4385/3357 3863/4365/3337 
f 3882/4384/3356 3884/4386/3358 3885/4387/3359 3883/4385/3357 
f 3878/4380/3352 3876/4378/3350 3883/4385/3357 3885/4387/3359 
f 3876/4378/3350 3856/4358/3330 3863/4365/3337 3883/4385/3357 
f 3866/4368/3340 3886/4388/3360 3887/4389/3361 3867/4369/3341 
f 3886/4388/3360 3888/4390/3362 3889/4391/3363 3887/4389/3361 
f 3884/4386/3358 3882/4384/3356 3887/4389/3361 3889/4391/3363 
f 3882/4384/3356 3862/4364/3336 3867/4369/3341 3887/4389/3361 
f 3870/4372/3344 3890/4392/3364 3891/4393/3365 3871/4373/3345 
f 3890/4392/3364 3892/4394/3366 3893/4395/3367 3891/4393/3365 
f 3888/4390/3362 3886/4388/3360 3891/4393/3365 3893/4395/3367 
f 3886/4388/3360 3866/4368/3340 3871/4373/3345 3891/4393/3365 
f 3874/4376/3348 3894/4396/3368 3895/4397/3369 3875/4377/3349 
f 3894/4396/3368 3896/4398/3370 3897/4399/3371 3895/4397/3369 
f 3892/4394/3366 3890/4392/3364 3895/4397/3369 3897/4399/3371 
f 3890/4392/3364 3870/4372/3344 3875/4377/3349 3895/4397/3369 
f 3878/4400/3352 3898/4401/3372 3899/4402/3373 3879/4403/3353 
f 3898/4401/3372 3733/4224/3207 3736/4227/3210 3899/4402/3373 
f 3741/4232/3215 3900/4404/3374 3899/4402/3373 3736/4227/3210 
f 3900/4404/3374 3880/4405/3354 3879/4403/3353 3899/4402/3373 
f 3884/4406/3358 3901/4407/3375 3902/4408/3376 3885/4409/3359 
f 3901/4407/3375 3742/4233/3216 3745/4236/3219 3902/4408/3376 
f 3733/4224/3207 3898/4401/3372 3902/4408/3376 3745/4236/3219 
f 3898/4401/3372 3878/4400/3352 3885/4409/3359 3902/4408/3376 
f 3888/4410/3362 3903/4411/3377 3904/4412/3378 3889/4413/3363 
f 3903/4411/3377 3748/4239/3222 3751/4242/3225 3904/4412/3378 
f 3742/4233/3216 3901/4407/3375 3904/4412/3378 3751/4242/3225 
f 3901/4407/3375 3884/4406/3358 3889/4413/3363 3904/4412/3378 
f 3892/4414/3366 3905/4415/3379 3906/4416/3380 3893/4417/3367 
f 3905/4415/3379 3754/4245/3228 3757/4248/3231 3906/4416/3380 
f 3748/4239/3222 3903/4411/3377 3906/4416/3380 3757/4248/3231 
f 3903/4411/3377 3888/4410/3362 3893/4417/3367 3906/4416/3380 
f 3896/4418/3370 3907/4419/3381 3908/4420/3382 3897/4421/3371 
f 3907/4419/3381 3760/4251/3234 3763/4254/3237 3908/4420/3382 
f 3754/4245/3228 3905/4415/3379 3908/4420/3382 3763/4254/3237 
f 3905/4415/3379 3892/4414/3366 3897/4421/3371 3908/4420/3382 
f 3760/4251/3234 3909/4422/3383 3910/4423/3384 3761/4252/3235 
f 3909/4422/3383 3911/4424/3385 3912/4425/3386 3910/4423/3384 
f 3913/4426/3387 3914/4427/3388 3910/4423/3384 3912/4425/3386 
f 3914/4427/3388 3764/4255/3238 3761/4252/3235 3910/4423/3384 
f 3764/4255/3238 3914/4427/3388 3915/4428/3389 3784/4275/3258 
f 3914/4427/3388 3913/4426/3387 3916/4429/3390 3915/4428/3389 
f 3917/4430/3391 3918/4431/3392 3915/4428/3389 3916/4429/3390 
f 3918/4431/3392 3786/4277/3260 3784/4275/3258 3915/4428/3389 
f 3786/4277/3260 3918/4431/3392 3919/4432/3393 3806/4297/3280 
f 3918/4431/3392 3917/4430/3391 3920/4433/3394 3919/4432/3393 
f 3921/4434/3395 3922/4435/3396 3919/4432/3393 3920/4433/3394 
f 3922/4435/3396 3808/4299/3282 3806/4297/3280 3919/4432/3393 
f 3808/4299/3282 3922/4435/3396 3923/4436/3397 3828/4319/3302 
f 3922/4435/3396 3921/4434/3395 3924/4437/3398 3923/4436/3397 
f 3925/4438/3399 3926/4439/3400 3923/4436/3397 3924/4437/3398 
f 3926/4439/3400 3830/4321/3304 3828/4319/3302 3923/4436/3397 
f 3830/4350/3304 3926/4440/3400 3927/4441/3401 3850/4351/3324 
f 3926/4440/3400 3925/4442/3399 3928/4443/3402 3927/4441/3401 
f 3929/4444/3403 3930/4445/3404 3927/4441/3401 3928/4443/3402 
f 3930/4445/3404 3852/4354/3326 3850/4351/3324 3927/4441/3401 
f 3852/4354/3326 3930/4445/3404 3931/4446/3405 3872/4374/3346 
f 3930/4445/3404 3929/4444/3403 3932/4447/3406 3931/4446/3405 
f 3933/4448/3407 3934/4449/3408 3931/4446/3405 3932/4447/3406 
f 3934/4449/3408 3874/4376/3348 3872/4374/3346 3931/4446/3405 
f 3874/4376/3348 3934/4449/3408 3935/4450/3409 3894/4396/3368 
f 3934/4449/3408 3933/4448/3407 3936/4451/3410 3935/4450/3409 
f 3937/4452/3411 3938/4453/3412 3935/4450/3409 3936/4451/3410 
f 3938/4453/3412 3896/4398/3370 3894/4396/3368 3935/4450/3409 
f 3896/4418/3370 3938/4454/3412 3939/4455/3413 3907/4419/3381 
f 3938/4454/3412 3937/4456/3411 3940/4457/3414 3939/4455/3413 
f 3911/4424/3385 3909/4422/3383 3939/4455/3413 3940/4457/3414 
f 3909/4422/3383 3760/4251/3234 3907/4419/3381 3939/4455/3413 
f 3911/4424/3385 3941/4458/3415 3942/4459/3416 3912/4425/3386 
f 3941/4458/3415 3706/4194/3180 3705/4193/3179 3942/4459/3416 
f 3704/4192/3178 3943/4460/3417 3942/4459/3416 3705/4193/3179 
f 3943/4460/3417 3913/4426/3387 3912/4425/3386 3942/4459/3416 
f 3913/4426/3387 3943/4460/3417 3944/4461/3418 3916/4429/3390 
f 3943/4460/3417 3704/4192/3178 3710/4198/3184 3944/4461/3418 
f 3709/4197/3183 3945/4462/3419 3944/4461/3418 3710/4198/3184 
f 3945/4462/3419 3917/4430/3391 3916/4429/3390 3944/4461/3418 
f 3917/4430/3391 3945/4462/3419 3946/4463/3420 3920/4433/3394 
f 3945/4462/3419 3709/4197/3183 3714/4202/3188 3946/4463/3420 
f 3713/4201/3187 3947/4464/3421 3946/4463/3420 3714/4202/3188 
f 3947/4464/3421 3921/4434/3395 3920/4433/3394 3946/4463/3420 
f 3921/4434/3395 3947/4464/3421 3948/4465/3422 3924/4437/3398 
f 3947/4464/3421 3713/4201/3187 3718/4206/3192 3948/4465/3422 
f 3717/4205/3191 3949/4466/3423 3948/4465/3422 3718/4206/3192 
f 3949/4466/3423 3925/4438/3399 3924/4437/3398 3948/4465/3422 
f 3925/4442/3399 3949/4467/3423 3950/4468/3424 3928/4443/3402 
f 3949/4467/3423 3717/4212/3191 3722/4211/3196 3950/4468/3424 
f 3721/4210/3195 3951/4469/3425 3950/4468/3424 3722/4211/3196 
f 3951/4469/3425 3929/4444/3403 3928/4443/3402 3950/4468/3424 
f 3929/4444/3403 3951/4469/3425 3952/4470/3426 3932/4447/3406 
f 3951/4469/3425 3721/4210/3195 3726/4216/3200 3952/4470/3426 
f 3725/4215/3199 3953/4471/3427 3952/4470/3426 3726/4216/3200 
f 3953/4471/3427 3933/4448/3407 3932/4447/3406 3952/4470/3426 
f 3933/4448/3407 3953/4471/3427 3954/4472/3428 3936/4451/3410 
f 3953/4471/3427 3725/4215/3199 3730/4219/3204 3954/4472/3428 
f 3729/4215/3203 3955/4473/3429 3954/4472/3428 3730/4219/3204 
f 3955/4473/3429 3937/4452/3411 3936/4451/3410 3954/4472/3428 
f 3937/4456/3411 3955/4474/3429 3956/4475/3430 3940/4457/3414 
f 3955/4474/3429 3729/4223/3203 3732/4222/3206 3956/4475/3430 
f 3706/4194/3180 3941/4458/3415 3956/4475/3430 3732/4222/3206 
f 3941/4458/3415 3911/4424/3385 3940/4457/3414 3956/4475/3430 
f 3957/4476/3431 3958/4477/3432 3959/4478/3433 3960/4479/3434 
f 3958/4477/3432 3961/4480/3435 3962/4481/3436 3959/4478/3433 
f 3963/4482/3437 3964/4483/3438 3959/4478/3433 3962/4481/3436 
f 3964/4483/3438 3965/4484/3439 3960/4479/3434 3959/4478/3433 
f 3966/4485/3440 3967/4486/3441 3968/4487/3442 3969/4488/3443 
f 3967/4486/3441 3957/4476/3431 3960/4479/3434 3968/4487/3442 
f 3965/4484/3439 3970/4489/3444 3968/4487/3442 3960/4479/3434 
f 3970/4489/3444 3971/4490/3445 3969/4488/3443 3968/4487/3442 
f 3972/4491/3446 3973/4492/3447 3974/4493/3448 3975/4494/3449 
f 3973/4492/3447 3966/4485/3440 3969/4488/3443 3974/4493/3448 
f 3971/4490/3445 3976/4495/3450 3974/4493/3448 3969/4488/3443 
f 3976/4495/3450 3977/4496/3451 3975/4494/3449 3974/4493/3448 
f 3978/4497/3452 3979/4498/3453 3980/4499/3454 3981/4500/3455 
f 3979/4498/3453 3972/4491/3446 3975/4494/3449 3980/4499/3454 
f 3977/4496/3451 3982/4501/3456 3980/4499/3454 3975/4494/3449 
f 3982/4501/3456 3983/4502/3457 3981/4500/3455 3980/4499/3454 
f 3984/4503/3458 3985/4504/3459 3986/4505/3460 3987/4506/3461 
f 3985/4504/3459 3978/4497/3452 3981/4500/3455 3986/4505/3460 
f 3983/4502/3457 3988/4507/3462 3986/4505/3460 3981/4500/3455 
f 3988/4507/3462 3989/4508/3463 3987/4506/3461 3986/4505/3460 
f 3965/4484/3439 3964/4483/3438 3990/4509/3464 3991/4510/3465 
f 3964/4483/3438 3963/4482/3437 3992/4511/3466 3990/4509/3464 
f 3993/4512/3467 3994/4513/3468 3990/4509/3464 3992/4511/3466 
f 3994/4513/3468 3995/4514/3469 3991/4510/3465 3990/4509/3464 
f 3971/4490/3445 3970/4489/3444 3996/4515/3470 3997/4516/3471 
f 3970/4489/3444 3965/4484/3439 3991/4510/3465 3996/4515/3470 
f 3995/4514/3469 3998/4517/3472 3996/4515/3470 3991/4510/3465 
f 3998/4517/3472 3999/4518/3473 3997/4516/3471 3996/4515/3470 
f 3977/4496/3451 3976/4495/3450 4000/4519/3474 4001/4520/3475 
f 3976/4495/3450 3971/4490/3445 3997/4516/3471 4000/4519/3474 
f 3999/4518/3473 4002/4521/3476 4000/4519/3474 3997/4516/3471 
f 4002/4521/3476 4003/4522/3477 4001/4520/3475 4000/4519/3474 
f 3983/4502/3457 3982/4501/3456 4004/4523/3478 4005/4524/3479 
f 3982/4501/3456 3977/4496/3451 4001/4520/3475 4004/4523/3478 
f 4003/4522/3477 4006/4525/3480 4004/4523/3478 4001/4520/3475 
f 4006/4525/3480 4007/4526/3481 4005/4524/3479 4004/4523/3478 
f 3989/4508/3463 3988/4507/3462 4008/4527/3482 4009/4528/3483 
f 3988/4507/3462 3983/4502/3457 4005/4524/3479 4008/4527/3482 
f 4007/4526/3481 4010/4529/3484 4008/4527/3482 4005/4524/3479 
f 4010/4529/3484 4011/4530/3485 4009/4528/3483 4008/4527/3482 
f 3995/4514/3469 3994/4513/3468 4012/4531/3486 4013/4532/3487 
f 3994/4513/3468 3993/4512/3467 4014/4533/3488 4012/4531/3486 
f 4015/4534/3489 4016/4535/3490 4012/4531/3486 4014/4533/3488 
f 4016/4535/3490 4017/4536/3491 4013/4532/3487 4012/4531/3486 
f 3999/4518/3473 3998/4517/3472 4018/4537/3492 4019/4538/3493 
f 3998/4517/3472 3995/4514/3469 4013/4532/3487 4018/4537/3492 
f 4017/4536/3491 4020/4539/3494 4018/4537/3492 4013/4532/3487 
f 4020/4539/3494 4021/4540/3495 4019/4538/3493 4018/4537/3492 
f 4003/4522/3477 4002/4521/3476 4022/4541/3496 4023/4542/3497 
f 4002/4521/3476 3999/4518/3473 4019/4538/3493 4022/4541/3496 
f 4021/4540/3495 4024/4543/3498 4022/4541/3496 4019/4538/3493 
f 4024/4543/3498 4025/4544/3499 4023/4542/3497 4022/4541/3496 
f 4007/4526/3481 4006/4525/3480 4026/4545/3500 4027/4546/3501 
f 4006/4525/3480 4003/4522/3477 4023/4542/3497 4026/4545/3500 
f 4025/4544/3499 4028/4547/3502 4026/4545/3500 4023/4542/3497 
f 4028/4547/3502 4029/4548/3503 4027/4546/3501 4026/4545/3500 
f 4011/4530/3485 4010/4529/3484 4030/4549/3504 4031/4550/3505 
f 4010/4529/3484 4007/4526/3481 4027/4546/3501 4030/4549/3504 
f 4029/4548/3503 4032/4551/3506 4030/4549/3504 4027/4546/3501 
f 4032/4551/3506 4033/4552/3507 4031/4550/3505 4030/4549/3504 
f 4017/4536/3491 4016/4535/3490 4034/4553/3508 4035/4554/3509 
f 4016/4535/3490 4015/4534/3489 4036/4555/3510 4034/4553/3508 
f 4037/4556/3511 4038/4557/3512 4034/4553/3508 4036/4555/3510 
f 4038/4557/3512 4039/4558/3513 4035/4554/3509 4034/4553/3508 
f 4021/4540/3495 4020/4539/3494 4040/4559/3514 4041/4560/3515 
f 4020/4539/3494 4017/4536/3491 4035/4554/3509 4040/4559/3514 
f 4039/4558/3513 4042/4561/3516 4040/4559/3514 4035/4554/3509 
f 4042/4561/3516 4043/4562/3517 4041/4560/3515 4040/4559/3514 
f 4025/4544/3499 4024/4543/3498 4044/4563/3518 4045/4564/3519 
f 4024/4543/3498 4021/4540/3495 4041/4560/3515 4044/4563/3518 
f 4043/4562/3517 4046/4565/3520 4044/4563/3518 4041/4560/3515 
f 4046/4565/3520 4047/4566/3521 4045/4564/3519 4044/4563/3518 
f 4029/4548/3503 4028/4547/3502 4048/4567/3522 4049/4568/3523 
f 4028/4547/3502 4025/4544/3499 4045/4564/3519 4048/4567/3522 
f 4047/4566/3521 4050/4569/3524 4048/4567/3522 4045/4564/3519 
f 4050/4569/3524 4051/4570/3525 4049/4568/3523 4048/4567/3522 
f 4033/4552/3507 4032/4551/3506 4052/4571/3526 4053/4572/3527 
f 4032/4551/3506 4029/4548/3503 4049/4568/3523 4052/4571/3526 
f 4051/4570/3525 4054/4573/3528 4052/4571/3526 4049/4568/3523 
f 4054/4573/3528 4055/4574/3529 4053/4572/3527 4052/4571/3526 
f 4039/4575/3513 4038/4576/3512 4056/4577/3530 4057/4578/3531 
f 4038/4576/3512 4037/4579/3511 4058/4580/3532 4056/4577/3530 
f 4059/4581/3533 4060/4582/3534 4056/4577/3530 4058/4580/3532 
f 4060/4582/3534 4061/4583/3535 4057/4578/3531 4056/4577/3530 
f 4043/4584/3517 4042/4585/3516 4062/4586/3536 4063/4587/3537 
f 4042/4585/3516 4039/4588/3513 4057/4589/3531 4062/4586/3536 
f 4061/4583/3535 4064/4590/3538 4062/4586/3536 4057/4589/3531 
f 4064/4590/3538 4065/4591/3539 4063/4587/3537 4062/4586/3536 
f 4047/4592/3521 4046/4593/3520 4066/4594/3540 4067/4595/3541 
f 4046/4593/3520 4043/4584/3517 4063/4587/3537 4066/4594/3540 
f 4065/4591/3539 4068/4596/3542 4066/4594/3540 4063/4587/3537 
f 4068/4596/3542 4069/4597/3543 4067/4595/3541 4066/4594/3540 
f 4051/4598/3525 4050/4599/3524 4070/4600/3544 4071/4601/3545 
f 4050/4599/3524 4047/4592/3521 4067/4595/3541 4070/4600/3544 
f 4069/4597/3543 4072/4602/3546 4070/4600/3544 4067/4595/3541 
f 4072/4602/3546 4073/4603/3547 4071/4601/3545 4070/4600/3544 
f 4055/4604/3529 4054/4605/3528 4074/4606/3548 4075/4607/3549 
f 4054/4605/3528 4051/4598/3525 4071/4601/3545 4074/4606/3548 
f 4073/4603/3547 4076/4608/3550 4074/4606/3548 4071/4601/3545 
f 4076/4608/3550 4077/4609/3551 4075/4607/3549 4074/4606/3548 
f 4061/4583/3535 4060/4582/3534 4078/4610/3552 4079/4611/3553 
f 4060/4582/3534 4059/4581/3533 4080/4612/3554 4078/4610/3552 
f 4081/4613/3555 4082/4614/3556 4078/4610/3552 4080/4612/3554 
f 4082/4614/3556 4083/4615/3557 4079/4611/3553 4078/4610/3552 
f 4065/4591/3539 4064/4590/3538 4084/4616/3558 4085/4617/3559 
f 4064/4590/3538 4061/4583/3535 4079/4611/3553 4084/4616/3558 
f 4083/4615/3557 4086/4618/3560 4084/4616/3558 4079/4611/3553 
f 4086/4618/3560 4087/4619/3561 4085/4617/3559 4084/4616/3558 
f 4069/4597/3543 4068/4596/3542 4088/4620/3562 4089/4621/3563 
f 4068/4596/3542 4065/4591/3539 4085/4617/3559 4088/4620/3562 
f 4087/4619/3561 4090/4622/3564 4088/4620/3562 4085/4617/3559 
f 4090/4622/3564 4091/4623/3565 4089/4621/3563 4088/4620/3562 
f 4073/4603/3547 4072/4602/3546 4092/4624/3566 4093/4625/3567 
f 4072/4602/3546 4069/4597/3543 4089/4621/3563 4092/4624/3566 
f 4091/4623/3565 4094/4626/3568 4092/4624/3566 4089/4621/3563 
f 4094/4626/3568 4095/4627/3569 4093/4625/3567 4092/4624/3566 
f 4077/4609/3551 4076/4608/3550 4096/4628/3570 4097/4629/3571 
f 4076/4608/3550 4073/4603/3547 4093/4625/3567 4096/4628/3570 
f 4095/4627/3569 4098/4630/3572 4096/4628/3570 4093/4625/3567 
f 4098/4630/3572 4099/4631/3573 4097/4629/3571 4096/4628/3570 
f 4083/4615/3557 4082/4614/3556 4100/4632/3574 4101/4633/3575 
f 4082/4614/3556 4081/4613/3555 4102/4634/3576 4100/4632/3574 
f 4103/4635/3577 4104/4636/3578 4100/4632/3574 4102/4634/3576 
f 4104/4636/3578 4105/4637/3579 4101/4633/3575 4100/4632/3574 
f 4087/4619/3561 4086/4618/3560 4106/4638/3580 4107/4639/3581 
f 4086/4618/3560 4083/4615/3557 4101/4633/3575 4106/4638/3580 
f 4105/4637/3579 4108/4640/3582 4106/4638/3580 4101/4633/3575 
f 4108/4640/3582 4109/4641/3583 4107/4639/3581 4106/4638/3580 
f 4091/4623/3565 4090/4622/3564 4110/4642/3584 4111/4643/3585 
f 4090/4622/3564 4087/4619/3561 4107/4639/3581 4110/4642/3584 
f 4109/4641/3583 4112/4644/3586 4110/4642/3584 4107/4639/3581 
f 4112/4644/3586 4113/4645/3587 4111/4643/3585 4110/4642/3584 
f 4095/4627/3569 4094/4626/3568 4114/4646/3588 4115/4647/3589 
f 4094/4626/3568 4091/4623/3565 4111/4643/3585 4114/4646/3588 
f 4113/4645/3587 4116/4648/3590 4114/4646/3588 4111/4643/3585 
f 4116/4648/3590 4117/4649/3591 4115/4647/3589 4114/4646/3588 
f 4099/4631/3573 4098/4630/3572 4118/4650/3592 4119/4651/3593 
f 4098/4630/3572 4095/4627/3569 4115/4647/3589 4118/4650/3592 
f 4117/4649/3591 4120/4652/3594 4118/4650/3592 4115/4647/3589 
f 4120/4652/3594 4121/4653/3595 4119/4651/3593 4118/4650/3592 
f 4105/4654/3579 4104/4655/3578 4122/4656/3596 4123/4657/3597 
f 4104/4655/3578 4103/4658/3577 4124/4659/3598 4122/4656/3596 
f 3961/4480/3435 3958/4477/3432 4122/4656/3596 4124/4659/3598 
f 3958/4477/3432 3957/4476/3431 4123/4657/3597 4122/4656/3596 
f 4109/4660/3583 4108/4661/3582 4125/4662/3599 4126/4663/3600 
f 4108/4661/3582 4105/4654/3579 4123/4657/3597 4125/4662/3599 
f 3957/4476/3431 3967/4486/3441 4125/4662/3599 4123/4657/3597 
f 3967/4486/3441 3966/4485/3440 4126/4663/3600 4125/4662/3599 
f 4113/4664/3587 4112/4665/3586 4127/4666/3601 4128/4667/3602 
f 4112/4665/3586 4109/4660/3583 4126/4663/3600 4127/4666/3601 
f 3966/4485/3440 3973/4492/3447 4127/4666/3601 4126/4663/3600 
f 3973/4492/3447 3972/4491/3446 4128/4667/3602 4127/4666/3601 
f 4117/4668/3591 4116/4669/3590 4129/4670/3603 4130/4671/3604 
f 4116/4669/3590 4113/4664/3587 4128/4667/3602 4129/4670/3603 
f 3972/4491/3446 3979/4498/3453 4129/4670/3603 4128/4667/3602 
f 3979/4498/3453 3978/4497/3452 4130/4671/3604 4129/4670/3603 
f 4121/4672/3595 4120/4673/3594 4131/4674/3605 4132/4675/3606 
f 4120/4673/3594 4117/4668/3591 4130/4671/3604 4131/4674/3605 
f 3978/4497/3452 3985/4504/3459 4131/4674/3605 4130/4671/3604 
f 3985/4504/3459 3984/4503/3458 4132/4675/3606 4131/4674/3605 
f 3984/4503/3458 3987/4506/3461 4133/4676/3607 4134/4677/3608 
f 3987/4506/3461 3989/4508/3463 4135/4678/3609 4133/4676/3607 
f 4136/4679/3610 4137/4680/3611 4133/4676/3607 4135/4678/3609 
f 4137/4680/3611 4138/4681/3612 4134/4677/3608 4133/4676/3607 
f 3989/4508/3463 4009/4528/3483 4139/4682/3613 4135/4678/3609 
f 4009/4528/3483 4011/4530/3485 4140/4683/3614 4139/4682/3613 
f 4141/4684/3615 4142/4685/3616 4139/4682/3613 4140/4683/3614 
f 4142/4685/3616 4136/4679/3610 4135/4678/3609 4139/4682/3613 
f 4011/4530/3485 4031/4550/3505 4143/4686/3617 4140/4683/3614 
f 4031/4550/3505 4033/4552/3507 4144/4687/3618 4143/4686/3617 
f 4145/4688/3619 4146/4689/3620 4143/4686/3617 4144/4687/3618 
f 4146/4689/3620 4141/4684/3615 4140/4683/3614 4143/4686/3617 
f 4033/4552/3507 4053/4572/3527 4147/4690/3621 4144/4687/3618 
f 4053/4572/3527 4055/4574/3529 4148/4691/3622 4147/4690/3621 
f 4149/4692/3623 4150/4693/3624 4147/4690/3621 4148/4691/3622 
f 4150/4693/3624 4145/4688/3619 4144/4687/3618 4147/4690/3621 
f 4055/4604/3529 4075/4607/3549 4151/4694/3625 4148/4695/3622 
f 4075/4607/3549 4077/4609/3551 4152/4696/3626 4151/4694/3625 
f 4153/4697/3627 4154/4698/3628 4151/4694/3625 4152/4696/3626 
f 4154/4698/3628 4149/4699/3623 4148/4695/3622 4151/4694/3625 
f 4077/4609/3551 4097/4629/3571 4155/4700/3629 4152/4696/3626 
f 4097/4629/3571 4099/4631/3573 4156/4701/3630 4155/4700/3629 
f 4157/4702/3631 4158/4703/3632 4155/4700/3629 4156/4701/3630 
f 4158/4703/3632 4153/4697/3627 4152/4696/3626 4155/4700/3629 
f 4099/4631/3573 4119/4651/3593 4159/4704/3633 4156/4701/3630 
f 4119/4651/3593 4121/4653/3595 4160/4705/3634 4159/4704/3633 
f 4161/4706/3635 4162/4707/3636 4159/4704/3633 4160/4705/3634 
f 4162/4707/3636 4157/4702/3631 4156/4701/3630 4159/4704/3633 
f 4121/4672/3595 4132/4675/3606 4163/4708/3637 4160/4709/3634 
f 4132/4675/3606 3984/4503/3458 4134/4677/3608 4163/4708/3637 
f 4138/4681/3612 4164/4710/3638 4163/4708/3637 4134/4677/3608 
f 4164/4710/3638 4161/4711/3635 4160/4709/3634 4163/4708/3637 
f 4138/4681/3612 4137/4680/3611 4165/4712/3639 4166/4713/3640 
f 4137/4680/3611 4136/4679/3610 4167/4714/3641 4165/4712/3639 
f 4168/4715/3642 4169/4716/3643 4165/4712/3639 4167/4714/3641 
f 4169/4716/3643 4170/4717/3644 4166/4713/3640 4165/4712/3639 
f 4136/4679/3610 4142/4685/3616 4171/4718/3645 4167/4714/3641 
f 4142/4685/3616 4141/4684/3615 4172/4719/3646 4171/4718/3645 
f 4173/4720/3647 4174/4721/3648 4171/4718/3645 4172/4719/3646 
f 4174/4721/3648 4168/4715/3642 4167/4714/3641 4171/4718/3645 
f 4141/4684/3615 4146/4689/3620 4175/4722/3649 4172/4719/3646 
f 4146/4689/3620 4145/4688/3619 4176/4723/3650 4175/4722/3649 
f 4177/4724/3651 4178/4725/3652 4175/4722/3649 4176/4723/3650 
f 4178/4725/3652 4173/4720/3647 4172/4719/3646 4175/4722/3649 
f 4145/4688/3619 4150/4693/3624 4179/4726/3653 4176/4723/3650 
f 4150/4693/3624 4149/4692/3623 4180/4727/3654 4179/4726/3653 
f 4181/4728/3655 4182/4729/3656 4179/4726/3653 4180/4727/3654 
f 4182/4729/3656 4177/4724/3651 4176/4723/3650 4179/4726/3653 
f 4149/4699/3623 4154/4698/3628 4183/4730/3657 4180/4731/3654 
f 4154/4698/3628 4153/4697/3627 4184/4732/3658 4183/4730/3657 
f 4185/4733/3659 4186/4734/3660 4183/4730/3657 4184/4732/3658 
f 4186/4734/3660 4181/4735/3655 4180/4731/3654 4183/4730/3657 
f 4153/4697/3627 4158/4703/3632 4187/4736/3661 4184/4732/3658 
f 4158/4703/3632 4157/4702/3631 4188/4737/3662 4187/4736/3661 
f 4189/4738/3663 4190/4739/3664 4187/4736/3661 4188/4737/3662 
f 4190/4739/3664 4185/4733/3659 4184/4732/3658 4187/4736/3661 
f 4157/4702/3631 4162/4707/3636 4191/4740/3665 4188/4737/3662 
f 4162/4707/3636 4161/4706/3635 4192/4741/3666 4191/4740/3665 
f 4193/4742/3667 4194/4743/3668 4191/4740/3665 4192/4741/3666 
f 4194/4743/3668 4189/4738/3663 4188/4737/3662 4191/4740/3665 
f 4161/4711/3635 4164/4710/3638 4195/4744/3669 4192/4745/3666 
f 4164/4710/3638 4138/4681/3612 4166/4713/3640 4195/4744/3669 
f 4170/4717/3644 4196/4746/3670 4195/4744/3669 4166/4713/3640 
f 4196/4746/3670 4193/4747/3667 4192/4745/3666 4195/4744/3669 
f 4197/4748/3671 4198/4749/3672 4199/4750/3673 4200/4751/3674 
f 4198/4749/3672 4201/4752/3675 4202/4753/3676 4199/4750/3673 
f 4203/4754/3677 4204/4755/3678 4199/4750/3673 4202/4753/3676 
f 4204/4755/3678 4205/4756/3679 4200/4751/3674 4199/4750/3673 
f 4206/4757/3680 4207/4758/3681 4208/4759/3682 4209/4760/3683 
f 4207/4758/3681 4210/4761/3684 4211/4762/3685 4208/4759/3682 
f 4201/4752/3675 4198/4749/3672 4208/4759/3682 4211/4762/3685 
f 4198/4749/3672 4197/4748/3671 4209/4760/3683 4208/4759/3682 
f 4212/4763/3686 4213/4764/3687 4214/4765/3688 4215/4766/3689 
f 4213/4764/3687 4216/4767/3690 4217/4768/3691 4214/4765/3688 
f 4210/4761/3684 4207/4758/3681 4214/4765/3688 4217/4768/3691 
f 4207/4758/3681 4206/4757/3680 4215/4766/3689 4214/4765/3688 
f 4218/4769/3692 4219/4770/3693 4220/4771/3694 4221/4772/3695 
f 4219/4770/3693 4222/4773/3696 4223/4774/3697 4220/4771/3694 
f 4216/4767/3690 4213/4764/3687 4220/4771/3694 4223/4774/3697 
f 4213/4764/3687 4212/4763/3686 4221/4772/3695 4220/4771/3694 
f 4224/4775/3698 4225/4776/3699 4226/4777/3700 4227/4778/3701 
f 4225/4776/3699 4228/4779/3702 4229/4780/3703 4226/4777/3700 
f 4222/4773/3696 4219/4770/3693 4226/4777/3700 4229/4780/3703 
f 4219/4770/3693 4218/4769/3692 4227/4778/3701 4226/4777/3700 
f 4201/4752/3675 4230/4781/3704 4231/4782/3705 4202/4753/3676 
f 4230/4781/3704 4232/4783/3706 4233/4784/3707 4231/4782/3705 
f 4234/4785/3708 4235/4786/3709 4231/4782/3705 4233/4784/3707 
f 4235/4786/3709 4203/4754/3677 4202/4753/3676 4231/4782/3705 
f 4210/4761/3684 4236/4787/3710 4237/4788/3711 4211/4762/3685 
f 4236/4787/3710 4238/4789/3712 4239/4790/3713 4237/4788/3711 
f 4232/4783/3706 4230/4781/3704 4237/4788/3711 4239/4790/3713 
f 4230/4781/3704 4201/4752/3675 4211/4762/3685 4237/4788/3711 
f 4216/4767/3690 4240/4791/3714 4241/4792/3715 4217/4768/3691 
f 4240/4791/3714 4242/4793/3716 4243/4794/3717 4241/4792/3715 
f 4238/4789/3712 4236/4787/3710 4241/4792/3715 4243/4794/3717 
f 4236/4787/3710 4210/4761/3684 4217/4768/3691 4241/4792/3715 
f 4222/4773/3696 4244/4795/3718 4245/4796/3719 4223/4774/3697 
f 4244/4795/3718 4246/4797/3720 4247/4798/3721 4245/4796/3719 
f 4242/4793/3716 4240/4791/3714 4245/4796/3719 4247/4798/3721 
f 4240/4791/3714 4216/4767/3690 4223/4774/3697 4245/4796/3719 
f 4228/4779/3702 4248/4799/3722 4249/4800/3723 4229/4780/3703 
f 4248/4799/3722 4250/4801/3724 4251/4802/3725 4249/4800/3723 
f 4246/4797/3720 4244/4795/3718 4249/4800/3723 4251/4802/3725 
f 4244/4795/3718 4222/4773/3696 4229/4780/3703 4249/4800/3723 
f 4232/4783/3706 4252/4803/3726 4253/4804/3727 4233/4784/3707 
f 4252/4803/3726 4254/4805/3728 4255/4806/3729 4253/4804/3727 
f 4256/4807/3730 4257/4808/3731 4253/4804/3727 4255/4806/3729 
f 4257/4808/3731 4234/4785/3708 4233/4784/3707 4253/4804/3727 
f 4238/4789/3712 4258/4809/3732 4259/4810/3733 4239/4790/3713 
f 4258/4809/3732 4260/4811/3734 4261/4812/3735 4259/4810/3733 
f 4254/4805/3728 4252/4803/3726 4259/4810/3733 4261/4812/3735 
f 4252/4803/3726 4232/4783/3706 4239/4790/3713 4259/4810/3733 
f 4242/4793/3716 4262/4813/3736 4263/4814/3737 4243/4794/3717 
f 4262/4813/3736 4264/4815/3738 4265/4816/3739 4263/4814/3737 
f 4260/4811/3734 4258/4809/3732 4263/4814/3737 4265/4816/3739 
f 4258/4809/3732 4238/4789/3712 4243/4794/3717 4263/4814/3737 
f 4246/4797/3720 4266/4817/3740 4267/4818/3741 4247/4798/3721 
f 4266/4817/3740 4268/4819/3742 4269/4820/3743 4267/4818/3741 
f 4264/4815/3738 4262/4813/3736 4267/4818/3741 4269/4820/3743 
f 4262/4813/3736 4242/4793/3716 4247/4798/3721 4267/4818/3741 
f 4250/4801/3724 4270/4821/3744 4271/4822/3745 4251/4802/3725 
f 4270/4821/3744 4272/4823/3746 4273/4824/3747 4271/4822/3745 
f 4268/4819/3742 4266/4817/3740 4271/4822/3745 4273/4824/3747 
f 4266/4817/3740 4246/4797/3720 4251/4802/3725 4271/4822/3745 
f 4254/4805/3728 4274/4825/3748 4275/4826/3749 4255/4806/3729 
f 4274/4825/3748 4276/4827/3750 4277/4828/3751 4275/4826/3749 
f 4278/4829/3752 4279/4830/3753 4275/4826/3749 4277/4828/3751 
f 4279/4830/3753 4256/4807/3730 4255/4806/3729 4275/4826/3749 
f 4260/4811/3734 4280/4831/3754 4281/4832/3755 4261/4812/3735 
f 4280/4831/3754 4282/4833/3756 4283/4834/3757 4281/4832/3755 
f 4276/4827/3750 4274/4825/3748 4281/4832/3755 4283/4834/3757 
f 4274/4825/3748 4254/4805/3728 4261/4812/3735 4281/4832/3755 
f 4264/4815/3738 4284/4835/3758 4285/4836/3759 4265/4816/3739 
f 4284/4835/3758 4286/4837/3760 4287/4838/3761 4285/4836/3759 
f 4282/4833/3756 4280/4831/3754 4285/4836/3759 4287/4838/3761 
f 4280/4831/3754 4260/4811/3734 4265/4816/3739 4285/4836/3759 
f 4268/4819/3742 4288/4839/3762 4289/4840/3763 4269/4820/3743 
f 4288/4839/3762 4290/4841/3764 4291/4842/3765 4289/4840/3763 
f 4286/4837/3760 4284/4835/3758 4289/4840/3763 4291/4842/3765 
f 4284/4835/3758 4264/4815/3738 4269/4820/3743 4289/4840/3763 
f 4272/4823/3746 4292/4843/3766 4293/4844/3767 4273/4824/3747 
f 4292/4843/3766 4294/4845/3768 4295/4846/3769 4293/4844/3767 
f 4290/4841/3764 4288/4839/3762 4293/4844/3767 4295/4846/3769 
f 4288/4839/3762 4268/4819/3742 4273/4824/3747 4293/4844/3767 
f 4276/4847/3750 4296/4848/3770 4297/4849/3771 4277/4850/3751 
f 4296/4848/3770 4298/4851/3772 4299/4852/3773 4297/4849/3771 
f 4300/4853/3774 4301/4854/3775 4297/4849/3771 4299/4852/3773 
f 4301/4854/3775 4278/4855/3752 4277/4850/3751 4297/4849/3771 
f 4282/4856/3756 4302/4857/3776 4303/4858/3777 4283/4859/3757 
f 4302/4857/3776 4304/4860/3778 4305/4861/3779 4303/4858/3777 
f 4298/4851/3772 4296/4848/3770 4303/4858/3777 4305/4861/3779 
f 4296/4848/3770 4276/4847/3750 4283/4859/3757 4303/4858/3777 
f 4286/4862/3760 4306/4863/3780 4307/4864/3781 4287/4865/3761 
f 4306/4863/3780 4308/4866/3782 4309/4867/3783 4307/4864/3781 
f 4304/4860/3778 4302/4857/3776 4307/4864/3781 4309/4867/3783 
f 4302/4857/3776 4282/4856/3756 4287/4865/3761 4307/4864/3781 
f 4290/4868/3764 4310/4869/3784 4311/4870/3785 4291/4871/3765 
f 4310/4869/3784 4312/4872/3786 4313/4873/3787 4311/4870/3785 
f 4308/4866/3782 4306/4863/3780 4311/4870/3785 4313/4873/3787 
f 4306/4863/3780 4286/4862/3760 4291/4871/3765 4311/4870/3785 
f 4294/4874/3768 4314/4875/3788 4315/4876/3789 4295/4877/3769 
f 4314/4875/3788 4316/4878/3790 4317/4879/3791 4315/4876/3789 
f 4312/4872/3786 4310/4869/3784 4315/4876/3789 4317/4879/3791 
f 4310/4869/3784 4290/4868/3764 4295/4877/3769 4315/4876/3789 
f 4298/4851/3772 4318/4880/3792 4319/4881/3793 4299/4852/3773 
f 4318/4880/3792 4320/4882/3794 4321/4883/3795 4319/4881/3793 
f 4322/4884/3796 4323/4885/3797 4319/4881/3793 4321/4883/3795 
f 4323/4885/3797 4300/4853/3774 4299/4852/3773 4319/4881/3793 
f 4304/4860/3778 4324/4886/3798 4325/4887/3799 4305/4861/3779 
f 4324/4886/3798 4326/4888/3800 4327/4889/3801 4325/4887/3799 
f 4320/4882/3794 4318/4880/3792 4325/4887/3799 4327/4889/3801 
f 4318/4880/3792 4298/4851/3772 4305/4861/3779 4325/4887/3799 
f 4308/4866/3782 4328/4890/3802 4329/4891/3803 4309/4867/3783 
f 4328/4890/3802 4330/4892/3804 4331/4893/3805 4329/4891/3803 
f 4326/4888/3800 4324/4886/3798 4329/4891/3803 4331/4893/3805 
f 4324/4886/3798 4304/4860/3778 4309/4867/3783 4329/4891/3803 
f 4312/4872/3786 4332/4894/3806 4333/4895/3807 4313/4873/3787 
f 4332/4894/3806 4334/4896/3808 4335/4897/3809 4333/4895/3807 
f 4330/4892/3804 4328/4890/3802 4333/4895/3807 4335/4897/3809 
f 4328/4890/3802 4308/4866/3782 4313/4873/3787 4333/4895/3807 
f 4316/4878/3790 4336/4898/3810 4337/4899/3811 4317/4879/3791 
f 4336/4898/3810 4338/4900/3812 4339/4901/3572 4337/4899/3811 
f 4334/4896/3808 4332/4894/3806 4337/4899/3811 4339/4901/3572 
f 4332/4894/3806 4312/4872/3786 4317/4879/3791 4337/4899/3811 
f 4320/4882/3794 4340/4902/3813 4341/4903/3814 4321/4883/3795 
f 4340/4902/3813 4342/4904/3815 4343/4905/3816 4341/4903/3814 
f 4344/4906/3817 4345/4907/3818 4341/4903/3814 4343/4905/3816 
f 4345/4907/3818 4322/4884/3796 4321/4883/3795 4341/4903/3814 
f 4326/4888/3800 4346/4908/3819 4347/4909/3820 4327/4889/3801 
f 4346/4908/3819 4348/4910/3821 4349/4911/3822 4347/4909/3820 
f 4342/4904/3815 4340/4902/3813 4347/4909/3820 4349/4911/3822 
f 4340/4902/3813 4320/4882/3794 4327/4889/3801 4347/4909/3820 
f 4330/4892/3804 4350/4912/3823 4351/4913/3824 4331/4893/3805 
f 4350/4912/3823 4352/4914/3825 4353/4915/3826 4351/4913/3824 
f 4348/4910/3821 4346/4908/3819 4351/4913/3824 4353/4915/3826 
f 4346/4908/3819 4326/4888/3800 4331/4893/3805 4351/4913/3824 
f 4334/4896/3808 4354/4916/3827 4355/4917/3828 4335/4897/3809 
f 4354/4916/3827 4356/4918/3829 4357/4919/3830 4355/4917/3828 
f 4352/4914/3825 4350/4912/3823 4355/4917/3828 4357/4919/3830 
f 4350/4912/3823 4330/4892/3804 4335/4897/3809 4355/4917/3828 
f 4338/4900/3812 4358/4920/3831 4359/4921/3832 4339/4901/3572 
f 4358/4920/3831 4360/4922/3833 4361/4923/3834 4359/4921/3832 
f 4356/4918/3829 4354/4916/3827 4359/4921/3832 4361/4923/3834 
f 4354/4916/3827 4334/4896/3808 4339/4901/3572 4359/4921/3832 
f 4342/4924/3815 4362/4925/3835 4363/4926/3836 4343/4927/3816 
f 4362/4925/3835 4197/4748/3671 4200/4751/3674 4363/4926/3836 
f 4205/4756/3679 4364/4928/3837 4363/4926/3836 4200/4751/3674 
f 4364/4928/3837 4344/4929/3817 4343/4927/3816 4363/4926/3836 
f 4348/4930/3821 4365/4931/3838 4366/4932/3839 4349/4933/3822 
f 4365/4931/3838 4206/4757/3680 4209/4760/3683 4366/4932/3839 
f 4197/4748/3671 4362/4925/3835 4366/4932/3839 4209/4760/3683 
f 4362/4925/3835 4342/4924/3815 4349/4933/3822 4366/4932/3839 
f 4352/4934/3825 4367/4935/3840 4368/4936/3841 4353/4937/3826 
f 4367/4935/3840 4212/4763/3686 4215/4766/3689 4368/4936/3841 
f 4206/4757/3680 4365/4931/3838 4368/4936/3841 4215/4766/3689 
f 4365/4931/3838 4348/4930/3821 4353/4937/3826 4368/4936/3841 
f 4356/4938/3829 4369/4939/3842 4370/4940/3843 4357/4941/3830 
f 4369/4939/3842 4218/4769/3692 4221/4772/3695 4370/4940/3843 
f 4212/4763/3686 4367/4935/3840 4370/4940/3843 4221/4772/3695 
f 4367/4935/3840 4352/4934/3825 4357/4941/3830 4370/4940/3843 
f 4360/4942/3833 4371/4943/3844 4372/4944/3845 4361/4945/3834 
f 4371/4943/3844 4224/4775/3698 4227/4778/3701 4372/4944/3845 
f 4218/4769/3692 4369/4939/3842 4372/4944/3845 4227/4778/3701 
f 4369/4939/3842 4356/4938/3829 4361/4945/3834 4372/4944/3845 
f 4224/4775/3698 4373/4946/3846 4374/4947/3847 4225/4776/3699 
f 4373/4946/3846 4375/4948/3848 4376/4949/3849 4374/4947/3847 
f 4377/4950/3850 4378/4951/3851 4374/4947/3847 4376/4949/3849 
f 4378/4951/3851 4228/4779/3702 4225/4776/3699 4374/4947/3847 
f 4228/4779/3702 4378/4951/3851 4379/4952/3852 4248/4799/3722 
f 4378/4951/3851 4377/4950/3850 4380/4953/3853 4379/4952/3852 
f 4381/4954/3854 4382/4955/3855 4379/4952/3852 4380/4953/3853 
f 4382/4955/3855 4250/4801/3724 4248/4799/3722 4379/4952/3852 
f 4250/4801/3724 4382/4955/3855 4383/4956/3856 4270/4821/3744 
f 4382/4955/3855 4381/4954/3854 4384/4957/3857 4383/4956/3856 
f 4385/4958/3858 4386/4959/3859 4383/4956/3856 4384/4957/3857 
f 4386/4959/3859 4272/4823/3746 4270/4821/3744 4383/4956/3856 
f 4272/4823/3746 4386/4959/3859 4387/4960/3860 4292/4843/3766 
f 4386/4959/3859 4385/4958/3858 4388/4961/3861 4387/4960/3860 
f 4389/4962/3862 4390/4963/3863 4387/4960/3860 4388/4961/3861 
f 4390/4963/3863 4294/4845/3768 4292/4843/3766 4387/4960/3860 
f 4294/4874/3768 4390/4964/3863 4391/4965/3864 4314/4875/3788 
f 4390/4964/3863 4389/4966/3862 4392/4967/3865 4391/4965/3864 
f 4393/4968/3866 4394/4969/3867 4391/4965/3864 4392/4967/3865 
f 4394/4969/3867 4316/4878/3790 4314/4875/3788 4391/4965/3864 
f 4316/4878/3790 4394/4969/3867 4395/4970/3868 4336/4898/3810 
f 4394/4969/3867 4393/4968/3866 4396/4971/3869 4395/4970/3868 
f 4397/4972/3870 4398/4973/3871 4395/4970/3868 4396/4971/3869 
f 4398/4973/3871 4338/4900/3812 4336/4898/3810 4395/4970/3868 
f 4338/4900/3812 4398/4973/3871 4399/4974/3872 4358/4920/3831 
f 4398/4973/3871 4397/4972/3870 4400/4975/3873 4399/4974/3872 
f 4401/4976/3874 4402/4977/3875 4399/4974/3872 4400/4975/3873 
f 4402/4977/3875 4360/4922/3833 4358/4920/3831 4399/4974/3872 
f 4360/4942/3833 4402/4978/3875 4403/4979/3876 4371/4943/3844 
f 4402/4978/3875 4401/4980/3874 4404/4981/3877 4403/4979/3876 
f 4375/4948/3848 4373/4946/3846 4403/4979/3876 4404/4981/3877 
f 4373/4946/3846 4224/4775/3698 4371/4943/3844 4403/4979/3876 
f 4375/4948/3848 4405/4982/3878 4406/4983/3879 4376/4949/3849 
f 4405/4982/3878 4170/4717/3644 4169/4716/3643 4406/4983/3879 
f 4168/4715/3642 4407/4984/3880 4406/4983/3879 4169/4716/3643 
f 4407/4984/3880 4377/4950/3850 4376/4949/3849 4406/4983/3879 
f 4377/4950/3850 4407/4984/3880 4408/4985/3881 4380/4953/3853 
f 4407/4984/3880 4168/4715/3642 4174/4721/3648 4408/4985/3881 
f 4173/4720/3647 4409/4986/3882 4408/4985/3881 4174/4721/3648 
f 4409/4986/3882 4381/4954/3854 4380/4953/3853 4408/4985/3881 
f 4381/4954/3854 4409/4986/3882 4410/4987/3883 4384/4957/3857 
f 4409/4986/3882 4173/4720/3647 4178/4725/3652 4410/4987/3883 
f 4177/4724/3651 4411/4988/3884 4410/4987/3883 4178/4725/3652 
f 4411/4988/3884 4385/4958/3858 4384/4957/3857 4410/4987/3883 
f 4385/4958/3858 4411/4988/3884 4412/4989/3885 4388/4961/3861 
f 4411/4988/3884 4177/4724/3651 4182/4729/3656 4412/4989/3885 
f 4181/4728/3655 4413/4990/3886 4412/4989/3885 4182/4729/3656 
f 4413/4990/3886 4389/4962/3862 4388/4961/3861 4412/4989/3885 
f 4389/4966/3862 4413/4991/3886 4414/4992/3887 4392/4967/3865 
f 4413/4991/3886 4181/4735/3655 4186/4734/3660 4414/4992/3887 
f 4185/4733/3659 4415/4993/3888 4414/4992/3887 4186/4734/3660 
f 4415/4993/3888 4393/4968/3866 4392/4967/3865 4414/4992/3887 
f 4393/4968/3866 4415/4993/3888 4416/4994/3889 4396/4971/3869 
f 4415/4993/3888 4185/4733/3659 4190/4739/3664 4416/4994/3889 
f 4189/4738/3663 4417/4995/3890 4416/4994/3889 4190/4739/3664 
f 4417/4995/3890 4397/4972/3870 4396/4971/3869 4416/4994/3889 
f 4397/4972/3870 4417/4995/3890 4418/4996/3891 4400/4975/3873 
f 4417/4995/3890 4189/4738/3663 4194/4743/3668 4418/4996/3891 
f 4193/4742/3667 4419/4997/3892 4418/4996/3891 4194/4743/3668 
f 4419/4997/3892 4401/4976/3874 4400/4975/3873 4418/4996/3891 
f 4401/4980/3874 4419/4998/3892 4420/4999/3893 4404/4981/3877 
f 4419/4998/3892 4193/4747/3667 4196/4746/3670 4420/4999/3893 
f 4170/4717/3644 4405/4982/3878 4420/4999/3893 4196/4746/3670 
f 4405/4982/3878 4375/4948/3848 4404/4981/3877 4420/4999/3893 
f 4421/5000/3894 4422/5001/3895 4423/5002/3896 4424/5003/3897 
f 4422/5001/3895 4425/5004/3898 4426/5005/3899 4423/5002/3896 
f 4427/5006/3900 4428/5007/3901 4423/5002/3896 4426/5005/3899 
f 4428/5007/3901 4429/5008/3902 4424/5003/3897 4423/5002/3896 
f 4430/5009/3903 4431/5010/3904 4432/5011/3905 4433/5012/3906 
f 4431/5010/3904 4421/5000/3894 4424/5003/3897 4432/5011/3905 
f 4429/5008/3902 4434/5013/3907 4432/5011/3905 4424/5003/3897 
f 4434/5013/3907 4435/5014/3908 4433/5012/3906 4432/5011/3905 
f 4436/5015/3909 4437/5016/3910 4438/5017/3911 4439/5018/3912 
f 4437/5016/3910 4430/5009/3903 4433/5012/3906 4438/5017/3911 
f 4435/5014/3908 4440/5019/3913 4438/5017/3911 4433/5012/3906 
f 4440/5019/3913 4441/5020/3914 4439/5018/3912 4438/5017/3911 
f 4442/5021/3915 4443/5022/3916 4444/5023/3917 4445/5024/3918 
f 4443/5022/3916 4436/5015/3909 4439/5018/3912 4444/5023/3917 
f 4441/5020/3914 4446/5025/3919 4444/5023/3917 4439/5018/3912 
f 4446/5025/3919 4447/5026/3920 4445/5024/3918 4444/5023/3917 
f 4448/5027/3921 4449/5028/3922 4450/5029/3923 4451/5030/3924 
f 4449/5028/3922 4442/5021/3915 4445/5024/3918 4450/5029/3923 
f 4447/5026/3920 4452/5031/3925 4450/5029/3923 4445/5024/3918 
f 4452/5031/3925 4453/5032/3926 4451/5030/3924 4450/5029/3923 
f 4454/5033/3927 4455/5034/3928 4456/5035/3929 4457/5036/3930 
f 4455/5034/3928 4448/5027/3921 4451/5030/3924 4456/5035/3929 
f 4453/5032/3926 4458/5037/3931 4456/5035/3929 4451/5030/3924 
f 4458/5037/3931 4459/5038/3932 4457/5036/3930 4456/5035/3929 
f 4460/5039/3933 4461/5040/3934 4462/5041/3935 4463/5042/3936 
f 4461/5040/3934 4454/5033/3927 4457/5036/3930 4462/5041/3935 
f 4459/5038/3932 4464/5043/3937 4462/5041/3935 4457/5036/3930 
f 4464/5043/3937 4465/5044/3938 4463/5042/3936 4462/5041/3935 
f 4466/5045/3939 4467/5046/3940 4468/5047/3941 4469/5048/3942 
f 4467/5046/3940 4460/5039/3933 4463/5042/3936 4468/5047/3941 
f 4465/5044/3938 4470/5049/3943 4468/5047/3941 4463/5042/3936 
f 4470/5049/3943 4471/5050/3944 4469/5048/3942 4468/5047/3941 
f 4472/5051/3945 4473/5052/3946 4474/5053/3947 4475/5054/3948 
f 4473/5052/3946 4466/5045/3939 4469/5048/3942 4474/5053/3947 
f 4471/5050/3944 4476/5055/3949 4474/5053/3947 4469/5048/3942 
f 4476/5055/3949 4477/5056/3950 4475/5054/3948 4474/5053/3947 
f 4478/5057/3951 4479/5058/3952 4480/5059/3953 4481/5060/3954 
f 4479/5058/3952 4472/5051/3945 4475/5054/3948 4480/5059/3953 
f 4477/5056/3950 4482/5061/3955 4480/5059/3953 4475/5054/3948 
f 4482/5061/3955 4483/5062/3956 4481/5060/3954 4480/5059/3953 
f 4484/5063/3957 4485/5064/3958 4486/5065/3959 4487/5066/3960 
f 4485/5064/3958 4478/5057/3951 4481/5060/3954 4486/5065/3959 
f 4483/5062/3956 4488/5067/3961 4486/5065/3959 4481/5060/3954 
f 4488/5067/3961 4489/5068/3962 4487/5066/3960 4486/5065/3959 
f 4490/5069/3963 4491/5070/3964 4492/5071/3965 4493/5072/3966 
f 4491/5070/3964 4484/5063/3957 4487/5066/3960 4492/5071/3965 
f 4489/5068/3962 4494/5073/3967 4492/5071/3965 4487/5066/3960 
f 4494/5073/3967 4495/5074/3968 4493/5072/3966 4492/5071/3965 
f 4496/5075/3969 4497/5076/3970 4498/5077/3971 4499/5078/3972 
f 4497/5076/3970 4490/5069/3963 4493/5072/3966 4498/5077/3971 
f 4495/5074/3968 4500/5079/3973 4498/5077/3971 4493/5072/3966 
f 4500/5079/3973 4501/5080/3974 4499/5078/3972 4498/5077/3971 
f 4502/5081/3975 4503/5082/3976 4504/5083/3977 4505/5084/3978 
f 4503/5082/3976 4496/5075/3969 4499/5078/3972 4504/5083/3977 
f 4501/5080/3974 4506/5085/3979 4504/5083/3977 4499/5078/3972 
f 4506/5085/3979 4507/5086/3980 4505/5084/3978 4504/5083/3977 
f 4508/5087/3981 4509/5088/3982 4510/5089/3983 4511/5090/3984 
f 4509/5088/3982 4502/5081/3975 4505/5084/3978 4510/5089/3983 
f 4507/5086/3980 4512/5091/3985 4510/5089/3983 4505/5084/3978 
f 4512/5091/3985 4513/5092/3986 4511/5090/3984 4510/5089/3983 
f 4514/5093/3987 4515/5094/3988 4516/5095/3989 4517/5096/3990 
f 4515/5094/3988 4508/5087/3981 4511/5090/3984 4516/5095/3989 
f 4513/5092/3986 4518/5097/3991 4516/5095/3989 4511/5090/3984 
f 4518/5097/3991 4519/5098/3992 4517/5096/3990 4516/5095/3989 
f 4520/5099/3993 4521/5100/3994 4522/5101/3995 4523/5102/3996 
f 4521/5100/3994 4514/5093/3987 4517/5103/3990 4522/5101/3995 
f 4519/5104/3992 4524/5105/3997 4522/5101/3995 4517/5103/3990 
f 4524/5105/3997 4525/5106/3998 4523/5102/3996 4522/5101/3995 
f 4526/5107/3999 4527/5108/4000 4528/5109/4001 4529/5110/4002 
f 4527/5108/4000 4520/5099/3993 4523/5102/3996 4528/5109/4001 
f 4525/5106/3998 4530/5111/4003 4528/5109/4001 4523/5102/3996 
f 4530/5111/4003 4531/5112/4004 4529/5110/4002 4528/5109/4001 
f 4532/5113/4005 4533/5114/4006 4534/5115/4007 4535/5116/4008 
f 4533/5114/4006 4526/5107/3999 4529/5110/4002 4534/5115/4007 
f 4531/5112/4004 4536/5117/4009 4534/5115/4007 4529/5110/4002 
f 4536/5117/4009 4537/5118/4010 4535/5116/4008 4534/5115/4007 
f 4425/5004/3898 4538/5119/4011 4539/5120/4012 4426/5005/3899 
f 4538/5119/4011 4532/5113/4005 4535/5116/4008 4539/5120/4012 
f 4537/5118/4010 4540/5121/4013 4539/5120/4012 4535/5116/4008 
f 4540/5121/4013 4427/5006/3900 4426/5005/3899 4539/5120/4012 
f 4429/5122/3902 4428/5123/3901 4541/5124/4014 4542/5125/4015 
f 4428/5123/3901 4427/5126/3900 4543/5127/4016 4541/5124/4014 
f 4544/5128/4017 4545/5129/4018 4541/5124/4014 4543/5127/4016 
f 4545/5129/4018 4546/5130/4019 4542/5125/4015 4541/5124/4014 
f 4435/5131/3908 4434/5132/3907 4547/5133/4020 4548/5134/4021 
f 4434/5132/3907 4429/5122/3902 4542/5125/4015 4547/5133/4020 
f 4546/5130/4019 4549/5135/4022 4547/5133/4020 4542/5125/4015 
f 4549/5135/4022 4550/5136/4023 4548/5134/4021 4547/5133/4020 
f 4441/5137/3914 4440/5138/3913 4551/5139/4024 4552/5140/4025 
f 4440/5138/3913 4435/5131/3908 4548/5134/4021 4551/5139/4024 
f 4550/5136/4023 4553/5141/4026 4551/5139/4024 4548/5134/4021 
f 4553/5141/4026 4554/5142/4027 4552/5140/4025 4551/5139/4024 
f 4447/5143/3920 4446/5144/3919 4555/5145/4028 4556/5146/4029 
f 4446/5144/3919 4441/5137/3914 4552/5140/4025 4555/5145/4028 
f 4554/5142/4027 4557/5147/4030 4555/5145/4028 4552/5140/4025 
f 4557/5147/4030 4558/5148/4031 4556/5146/4029 4555/5145/4028 
f 4453/5149/3926 4452/5150/3925 4559/5151/4032 4560/5152/4033 
f 4452/5150/3925 4447/5143/3920 4556/5146/4029 4559/5151/4032 
f 4558/5148/4031 4561/5153/4034 4559/5151/4032 4556/5146/4029 
f 4561/5153/4034 4562/5154/4035 4560/5152/4033 4559/5151/4032 
f 4459/5155/3932 4458/5156/3931 4563/5157/4036 4564/5158/4037 
f 4458/5156/3931 4453/5149/3926 4560/5152/4033 4563/5157/4036 
f 4562/5154/4035 4565/5159/4038 4563/5157/4036 4560/5152/4033 
f 4565/5159/4038 4566/5160/4039 4564/5158/4037 4563/5157/4036 
f 4465/5161/3938 4464/5162/3937 4567/5163/4040 4568/5164/4041 
f 4464/5162/3937 4459/5155/3932 4564/5158/4037 4567/5163/4040 
f 4566/5160/4039 4569/5165/4042 4567/5163/4040 4564/5158/4037 
f 4569/5165/4042 4570/5166/4043 4568/5164/4041 4567/5163/4040 
f 4471/5167/3944 4470/5168/3943 4571/5169/4044 4572/5170/4045 
f 4470/5168/3943 4465/5161/3938 4568/5164/4041 4571/5169/4044 
f 4570/5166/4043 4573/5171/4046 4571/5169/4044 4568/5164/4041 
f 4573/5171/4046 4574/5172/4047 4572/5170/4045 4571/5169/4044 
f 4477/5173/3950 4476/5174/3949 4575/5175/4048 4576/5176/4049 
f 4476/5174/3949 4471/5167/3944 4572/5170/4045 4575/5175/4048 
f 4574/5172/4047 4577/5177/4050 4575/5175/4048 4572/5170/4045 
f 4577/5177/4050 4578/5178/4051 4576/5176/4049 4575/5175/4048 
f 4483/5179/3956 4482/5180/3955 4579/5181/4052 4580/5182/4053 
f 4482/5180/3955 4477/5173/3950 4576/5176/4049 4579/5181/4052 
f 4578/5178/4051 4581/5183/4054 4579/5181/4052 4576/5176/4049 
f 4581/5183/4054 4582/5184/4055 4580/5182/4053 4579/5181/4052 
f 4489/5185/3962 4488/5186/3961 4583/5187/4056 4584/5188/4057 
f 4488/5186/3961 4483/5179/3956 4580/5182/4053 4583/5187/4056 
f 4582/5184/4055 4585/5189/4058 4583/5187/4056 4580/5182/4053 
f 4585/5189/4058 4586/5190/4059 4584/5188/4057 4583/5187/4056 
f 4495/5191/3968 4494/5192/3967 4587/5193/4060 4588/5194/4061 
f 4494/5192/3967 4489/5185/3962 4584/5188/4057 4587/5193/4060 
f 4586/5190/4059 4589/5195/4062 4587/5193/4060 4584/5188/4057 
f 4589/5195/4062 4590/5196/4063 4588/5194/4061 4587/5193/4060 
f 4501/5197/3974 4500/5198/3973 4591/5199/4064 4592/5200/4065 
f 4500/5198/3973 4495/5191/3968 4588/5194/4061 4591/5199/4064 
f 4590/5196/4063 4593/5201/4066 4591/5199/4064 4588/5194/4061 
f 4593/5201/4066 4594/5202/4067 4592/5200/4065 4591/5199/4064 
f 4507/5203/3980 4506/5204/3979 4595/5205/4068 4596/5206/4069 
f 4506/5204/3979 4501/5197/3974 4592/5200/4065 4595/5205/4068 
f 4594/5202/4067 4597/5207/4070 4595/5205/4068 4592/5200/4065 
f 4597/5207/4070 4598/5208/4071 4596/5206/4069 4595/5205/4068 
f 4513/5209/3986 4512/5210/3985 4599/5211/4072 4600/5212/4073 
f 4512/5210/3985 4507/5203/3980 4596/5206/4069 4599/5211/4072 
f 4598/5208/4071 4601/5213/4074 4599/5211/4072 4596/5206/4069 
f 4601/5213/4074 4602/5214/4075 4600/5212/4073 4599/5211/4072 
f 4519/5215/3992 4518/5216/3991 4603/5217/4076 4604/5218/4077 
f 4518/5216/3991 4513/5209/3986 4600/5212/4073 4603/5217/4076 
f 4602/5214/4075 4605/5219/4078 4603/5217/4076 4600/5212/4073 
f 4605/5219/4078 4606/5220/4079 4604/5218/4077 4603/5217/4076 
f 4525/5221/3998 4524/5222/3997 4607/5223/4080 4608/5224/4081 
f 4524/5222/3997 4519/5215/3992 4604/5218/4077 4607/5223/4080 
f 4606/5220/4079 4609/5225/4082 4607/5223/4080 4604/5218/4077 
f 4609/5225/4082 4610/5226/4083 4608/5224/4081 4607/5223/4080 
f 4531/5227/4004 4530/5228/4003 4611/5229/4084 4612/5230/4085 
f 4530/5228/4003 4525/5221/3998 4608/5224/4081 4611/5229/4084 
f 4610/5226/4083 4613/5231/4086 4611/5229/4084 4608/5224/4081 
f 4613/5231/4086 4614/5232/4087 4612/5230/4085 4611/5229/4084 
f 4537/5233/4010 4536/5234/4009 4615/5235/4088 4616/5236/4089 
f 4536/5234/4009 4531/5227/4004 4612/5230/4085 4615/5235/4088 
f 4614/5232/4087 4617/5237/4090 4615/5235/4088 4612/5230/4085 
f 4617/5237/4090 4618/5238/4091 4616/5236/4089 4615/5235/4088 
f 4427/5126/3900 4540/5239/4013 4619/5240/4092 4543/5127/4016 
f 4540/5239/4013 4537/5233/4010 4616/5236/4089 4619/5240/4092 
f 4618/5238/4091 4620/5241/4093 4619/5240/4092 4616/5236/4089 
f 4620/5241/4093 4544/5128/4017 4543/5127/4016 4619/5240/4092 
f 4546/5130/4019 4545/5129/4018 4621/5242/4094 4622/5243/4095 
f 4545/5129/4018 4544/5128/4017 4623/5244/4096 4621/5242/4094 
f 4624/5245/4097 4625/5246/4098 4621/5242/4094 4623/5244/4096 
f 4625/5246/4098 4626/5247/4099 4622/5243/4095 4621/5242/4094 
f 4550/5136/4023 4549/5135/4022 4627/5248/4100 4628/5249/4101 
f 4549/5135/4022 4546/5130/4019 4622/5243/4095 4627/5248/4100 
f 4626/5247/4099 4629/5250/4102 4627/5248/4100 4622/5243/4095 
f 4629/5250/4102 4630/5251/4103 4628/5249/4101 4627/5248/4100 
f 4554/5142/4027 4553/5141/4026 4631/5252/4104 4632/5253/4105 
f 4553/5141/4026 4550/5136/4023 4628/5249/4101 4631/5252/4104 
f 4630/5251/4103 4633/5254/4106 4631/5252/4104 4628/5249/4101 
f 4633/5254/4106 4634/5255/4107 4632/5253/4105 4631/5252/4104 
f 4558/5148/4031 4557/5147/4030 4635/5256/4108 4636/5257/4109 
f 4557/5147/4030 4554/5142/4027 4632/5253/4105 4635/5256/4108 
f 4634/5255/4107 4637/5258/4110 4635/5256/4108 4632/5253/4105 
f 4637/5258/4110 4638/5259/4111 4636/5257/4109 4635/5256/4108 
f 4562/5154/4035 4561/5153/4034 4639/5260/4112 4640/5261/4113 
f 4561/5153/4034 4558/5148/4031 4636/5257/4109 4639/5260/4112 
f 4638/5259/4111 4641/5262/4114 4639/5260/4112 4636/5257/4109 
f 4641/5262/4114 4642/5263/4115 4640/5261/4113 4639/5260/4112 
f 4566/5160/4039 4565/5159/4038 4643/5264/4116 4644/5265/4117 
f 4565/5159/4038 4562/5154/4035 4640/5261/4113 4643/5264/4116 
f 4642/5263/4115 4645/5266/4118 4643/5264/4116 4640/5261/4113 
f 4645/5266/4118 4646/5267/4119 4644/5265/4117 4643/5264/4116 
f 4570/5166/4043 4569/5165/4042 4647/5268/4120 4648/5269/4121 
f 4569/5165/4042 4566/5160/4039 4644/5265/4117 4647/5268/4120 
f 4646/5267/4119 4649/5270/4122 4647/5268/4120 4644/5265/4117 
f 4649/5270/4122 4650/5271/4123 4648/5269/4121 4647/5268/4120 
f 4574/5172/4047 4573/5171/4046 4651/5272/4124 4652/5273/4125 
f 4573/5171/4046 4570/5166/4043 4648/5269/4121 4651/5272/4124 
f 4650/5271/4123 4653/5274/4126 4651/5272/4124 4648/5269/4121 
f 4653/5274/4126 4654/5275/4127 4652/5273/4125 4651/5272/4124 
f 4578/5178/4051 4577/5177/4050 4655/5276/4128 4656/5277/4129 
f 4577/5177/4050 4574/5172/4047 4652/5273/4125 4655/5276/4128 
f 4654/5275/4127 4657/5278/4130 4655/5276/4128 4652/5273/4125 
f 4657/5278/4130 4658/5279/4131 4656/5277/4129 4655/5276/4128 
f 4582/5184/4055 4581/5183/4054 4659/5280/4132 4660/5281/4133 
f 4581/5183/4054 4578/5178/4051 4656/5277/4129 4659/5280/4132 
f 4658/5279/4131 4661/5282/4134 4659/5280/4132 4656/5277/4129 
f 4661/5282/4134 4662/5283/4135 4660/5281/4133 4659/5280/4132 
f 4586/5190/4059 4585/5189/4058 4663/5284/4136 4664/5285/4137 
f 4585/5189/4058 4582/5184/4055 4660/5281/4133 4663/5284/4136 
f 4662/5283/4135 4665/5286/4138 4663/5284/4136 4660/5281/4133 
f 4665/5286/4138 4666/5287/4139 4664/5285/4137 4663/5284/4136 
f 4590/5196/4063 4589/5195/4062 4667/5288/4140 4668/5289/4141 
f 4589/5195/4062 4586/5190/4059 4664/5285/4137 4667/5288/4140 
f 4666/5287/4139 4669/5290/4142 4667/5288/4140 4664/5285/4137 
f 4669/5290/4142 4670/5291/4143 4668/5289/4141 4667/5288/4140 
f 4594/5202/4067 4593/5201/4066 4671/5292/4144 4672/5293/4145 
f 4593/5201/4066 4590/5196/4063 4668/5289/4141 4671/5292/4144 
f 4670/5291/4143 4673/5294/4146 4671/5292/4144 4668/5289/4141 
f 4673/5294/4146 4674/5295/4147 4672/5293/4145 4671/5292/4144 
f 4598/5208/4071 4597/5207/4070 4675/5296/4148 4676/5297/4149 
f 4597/5207/4070 4594/5202/4067 4672/5293/4145 4675/5296/4148 
f 4674/5295/4147 4677/5298/4150 4675/5296/4148 4672/5293/4145 
f 4677/5298/4150 4678/5299/4151 4676/5297/4149 4675/5296/4148 
f 4602/5214/4075 4601/5213/4074 4679/5300/4152 4680/5301/4153 
f 4601/5213/4074 4598/5208/4071 4676/5297/4149 4679/5300/4152 
f 4678/5299/4151 4681/5302/4154 4679/5300/4152 4676/5297/4149 
f 4681/5302/4154 4682/5303/4155 4680/5301/4153 4679/5300/4152 
f 4606/5220/4079 4605/5219/4078 4683/5304/4156 4684/5305/4157 
f 4605/5219/4078 4602/5214/4075 4680/5301/4153 4683/5304/4156 
f 4682/5303/4155 4685/5306/4158 4683/5304/4156 4680/5301/4153 
f 4685/5306/4158 4686/5307/4159 4684/5305/4157 4683/5304/4156 
f 4610/5226/4083 4609/5225/4082 4687/5308/4160 4688/5309/4161 
f 4609/5225/4082 4606/5220/4079 4684/5305/4157 4687/5308/4160 
f 4686/5307/4159 4689/5310/4162 4687/5308/4160 4684/5305/4157 
f 4689/5310/4162 4690/5311/4163 4688/5309/4161 4687/5308/4160 
f 4614/5232/4087 4613/5231/4086 4691/5312/4164 4692/5313/4165 
f 4613/5231/4086 4610/5226/4083 4688/5309/4161 4691/5312/4164 
f 4690/5311/4163 4693/5314/4166 4691/5312/4164 4688/5309/4161 
f 4693/5314/4166 4694/5315/4167 4692/5313/4165 4691/5312/4164 
f 4618/5238/4091 4617/5237/4090 4695/5316/4168 4696/5317/4169 
f 4617/5237/4090 4614/5232/4087 4692/5313/4165 4695/5316/4168 
f 4694/5315/4167 4697/5318/4170 4695/5316/4168 4692/5313/4165 
f 4697/5318/4170 4698/5319/4171 4696/5317/4169 4695/5316/4168 
f 4544/5128/4017 4620/5241/4093 4699/5320/4172 4623/5244/4096 
f 4620/5241/4093 4618/5238/4091 4696/5317/4169 4699/5320/4172 
f 4698/5319/4171 4700/5321/4173 4699/5320/4172 4696/5317/4169 
f 4700/5321/4173 4624/5245/4097 4623/5244/4096 4699/5320/4172 
f 4626/5247/4099 4625/5246/4098 4701/5322/4174 4702/5323/4175 
f 4625/5246/4098 4624/5245/4097 4703/5324/4176 4701/5322/4174 
f 4704/5325/4177 4705/5326/3958 4701/5322/4174 4703/5324/4176 
f 4705/5326/3958 4706/5327/3957 4702/5323/4175 4701/5322/4174 
f 4630/5251/4103 4629/5250/4102 4707/5328/4178 4708/5329/4179 
f 4629/5250/4102 4626/5247/4099 4702/5323/4175 4707/5328/4178 
f 4706/5327/3957 4709/5330/3964 4707/5328/4178 4702/5323/4175 
f 4709/5330/3964 4710/5331/4180 4708/5329/4179 4707/5328/4178 
f 4634/5255/4107 4633/5254/4106 4711/5332/4181 4712/5333/4182 
f 4633/5254/4106 4630/5251/4103 4708/5329/4179 4711/5332/4181 
f 4710/5331/4180 4713/5334/3970 4711/5332/4181 4708/5329/4179 
f 4713/5334/3970 4714/5335/3969 4712/5333/4182 4711/5332/4181 
f 4638/5259/4111 4637/5258/4110 4715/5336/4183 4716/5337/4184 
f 4637/5258/4110 4634/5255/4107 4712/5333/4182 4715/5336/4183 
f 4714/5335/3969 4717/5338/3976 4715/5336/4183 4712/5333/4182 
f 4717/5338/3976 4718/5339/3975 4716/5337/4184 4715/5336/4183 
f 4642/5263/4115 4641/5262/4114 4719/5340/4185 4720/5341/4186 
f 4641/5262/4114 4638/5259/4111 4716/5337/4184 4719/5340/4185 
f 4718/5339/3975 4721/5342/3982 4719/5340/4185 4716/5337/4184 
f 4721/5342/3982 4722/5343/4187 4720/5341/4186 4719/5340/4185 
f 4646/5267/4119 4645/5266/4118 4723/5344/4188 4724/5345/4189 
f 4645/5266/4118 4642/5263/4115 4720/5341/4186 4723/5344/4188 
f 4722/5343/4187 4725/5346/3988 4723/5344/4188 4720/5341/4186 
f 4725/5346/3988 4726/5347/3987 4724/5345/4189 4723/5344/4188 
f 4650/5271/4123 4649/5270/4122 4727/5348/4190 4728/5349/4191 
f 4649/5270/4122 4646/5267/4119 4724/5345/4189 4727/5348/4190 
f 4726/5347/3987 4729/5350/3994 4727/5348/4190 4724/5345/4189 
f 4729/5350/3994 4730/5351/3993 4728/5349/4191 4727/5348/4190 
f 4654/5275/4127 4653/5274/4126 4731/5352/4192 4732/5353/4193 
f 4653/5274/4126 4650/5271/4123 4728/5349/4191 4731/5352/4192 
f 4730/5351/3993 4733/5354/4000 4731/5352/4192 4728/5349/4191 
f 4733/5354/4000 4734/5355/4194 4732/5353/4193 4731/5352/4192 
f 4658/5279/4131 4657/5278/4130 4735/5356/4195 4736/5357/4196 
f 4657/5278/4130 4654/5275/4127 4732/5353/4193 4735/5356/4195 
f 4734/5355/4194 4737/5358/4197 4735/5356/4195 4732/5353/4193 
f 4737/5358/4197 4738/5359/4198 4736/5357/4196 4735/5356/4195 
f 4662/5283/4135 4661/5282/4134 4739/5360/4199 4740/5361/4200 
f 4661/5282/4134 4658/5279/4131 4736/5357/4196 4739/5360/4199 
f 4738/5359/4198 4741/5362/4011 4739/5360/4199 4736/5357/4196 
f 4741/5362/4011 4742/5363/4201 4740/5361/4200 4739/5360/4199 
f 4666/5287/4139 4665/5286/4138 4743/5364/4202 4744/5365/4203 
f 4665/5286/4138 4662/5283/4135 4740/5361/4200 4743/5364/4202 
f 4742/5363/4201 4745/5366/3895 4743/5364/4202 4740/5361/4200 
f 4745/5366/3895 4746/5367/3894 4744/5365/4203 4743/5364/4202 
f 4670/5291/4143 4669/5290/4142 4747/5368/4204 4748/5369/4205 
f 4669/5290/4142 4666/5287/4139 4744/5365/4203 4747/5368/4204 
f 4746/5367/3894 4749/5370/3904 4747/5368/4204 4744/5365/4203 
f 4749/5370/3904 4750/5371/3903 4748/5369/4205 4747/5368/4204 
f 4674/5295/4147 4673/5294/4146 4751/5372/4206 4752/5373/4207 
f 4673/5294/4146 4670/5291/4143 4748/5369/4205 4751/5372/4206 
f 4750/5371/3903 4753/5374/3910 4751/5372/4206 4748/5369/4205 
f 4753/5374/3910 4754/5375/4208 4752/5373/4207 4751/5372/4206 
f 4678/5299/4151 4677/5298/4150 4755/5376/4209 4756/5377/4210 
f 4677/5298/4150 4674/5295/4147 4752/5373/4207 4755/5376/4209 
f 4754/5375/4208 4757/5378/3916 4755/5376/4209 4752/5373/4207 
f 4757/5378/3916 4758/5379/3915 4756/5377/4210 4755/5376/4209 
f 4682/5303/4155 4681/5302/4154 4759/5380/4211 4760/5381/4212 
f 4681/5302/4154 4678/5299/4151 4756/5382/4210 4759/5380/4211 
f 4758/5383/3915 4761/5384/3922 4759/5380/4211 4756/5382/4210 
f 4761/5384/3922 4762/5385/3921 4760/5381/4212 4759/5380/4211 
f 4686/5307/4159 4685/5306/4158 4763/5386/4213 4764/5387/4214 
f 4685/5306/4158 4682/5303/4155 4760/5381/4212 4763/5386/4213 
f 4762/5385/3921 4765/5388/3928 4763/5386/4213 4760/5381/4212 
f 4765/5388/3928 4766/5389/3927 4764/5387/4214 4763/5386/4213 
f 4690/5311/4163 4689/5310/4162 4767/5390/4215 4768/5391/4216 
f 4689/5310/4162 4686/5307/4159 4764/5387/4214 4767/5390/4215 
f 4766/5389/3927 4769/5392/3934 4767/5390/4215 4764/5387/4214 
f 4769/5392/3934 4770/5393/3933 4768/5391/4216 4767/5390/4215 
f 4694/5315/4167 4693/5314/4166 4771/5394/4217 4772/5395/4218 
f 4693/5314/4166 4690/5311/4163 4768/5391/4216 4771/5394/4217 
f 4770/5393/3933 4773/5396/4219 4771/5394/4217 4768/5391/4216 
f 4773/5396/4219 4774/5397/3939 4772/5395/4218 4771/5394/4217 
f 4698/5319/4171 4697/5318/4170 4775/5398/4220 4776/5399/4221 
f 4697/5318/4170 4694/5315/4167 4772/5395/4218 4775/5398/4220 
f 4774/5397/3939 4777/5400/4222 4775/5398/4220 4772/5395/4218 
f 4777/5400/4222 4778/5401/3945 4776/5399/4221 4775/5398/4220 
f 4624/5245/4097 4700/5321/4173 4779/5402/4223 4703/5324/4176 
f 4700/5321/4173 4698/5319/4171 4776/5399/4221 4779/5402/4223 
f 4778/5401/3945 4780/5403/3952 4779/5402/4223 4776/5399/4221 
f 4780/5403/3952 4704/5325/4177 4703/5324/4176 4779/5402/4223 
f 4706/5404/3957 4705/5405/3958 4781/5406/4224 4782/5407/4225 
f 4705/5405/3958 4704/5408/4177 4783/5409/4226 4781/5406/4224 
f 4784/5410/4227 4785/5411/4228 4781/5406/4224 4783/5409/4226 
f 4785/5411/4228 4786/5412/4229 4782/5407/4225 4781/5406/4224 
f 4710/5413/4180 4709/5414/3964 4787/5415/4230 4788/5416/4231 
f 4709/5414/3964 4706/5404/3957 4782/5407/4225 4787/5415/4230 
f 4786/5412/4229 4789/5417/4232 4787/5415/4230 4782/5407/4225 
f 4789/5417/4232 4790/5418/4233 4788/5416/4231 4787/5415/4230 
f 4714/5419/3969 4713/5420/3970 4791/5421/4234 4792/5422/4235 
f 4713/5420/3970 4710/5413/4180 4788/5416/4231 4791/5421/4234 
f 4790/5418/4233 4793/5423/4236 4791/5421/4234 4788/5416/4231 
f 4793/5423/4236 4794/5424/4237 4792/5422/4235 4791/5421/4234 
f 4718/5425/3975 4717/5426/3976 4795/5427/4238 4796/5428/4239 
f 4717/5426/3976 4714/5419/3969 4792/5422/4235 4795/5427/4238 
f 4794/5424/4237 4797/5429/4240 4795/5427/4238 4792/5422/4235 
f 4797/5429/4240 4798/5430/4241 4796/5428/4239 4795/5427/4238 
f 4722/5431/4187 4721/5432/3982 4799/5433/4242 4800/5434/4243 
f 4721/5432/3982 4718/5425/3975 4796/5428/4239 4799/5433/4242 
f 4798/5430/4241 4801/5435/4244 4799/5433/4242 4796/5428/4239 
f 4801/5435/4244 4802/5436/4245 4800/5434/4243 4799/5433/4242 
f 4726/5437/3987 4725/5438/3988 4803/5439/4246 4804/5440/4247 
f 4725/5438/3988 4722/5431/4187 4800/5434/4243 4803/5439/4246 
f 4802/5436/4245 4805/5441/4248 4803/5439/4246 4800/5434/4243 
f 4805/5441/4248 4806/5442/4249 4804/5440/4247 4803/5439/4246 
f 4730/5443/3993 4729/5444/3994 4807/5445/4250 4808/5446/4251 
f 4729/5444/3994 4726/5437/3987 4804/5440/4247 4807/5445/4250 
f 4806/5442/4249 4809/5447/4252 4807/5445/4250 4804/5440/4247 
f 4809/5447/4252 4810/5448/4253 4808/5446/4251 4807/5445/4250 
f 4734/5449/4194 4733/5450/4000 4811/5451/4254 4812/5452/4255 
f 4733/5450/4000 4730/5443/3993 4808/5446/4251 4811/5451/4254 
f 4810/5448/4253 4813/5453/4256 4811/5451/4254 4808/5446/4251 
f 4813/5453/4256 4814/5454/4257 4812/5452/4255 4811/5451/4254 
f 4738/5455/4198 4737/5456/4197 4815/5457/4258 4816/5458/4259 
f 4737/5456/4197 4734/5449/4194 4812/5452/4255 4815/5457/4258 
f 4814/5454/4257 4817/5459/4260 4815/5457/4258 4812/5452/4255 
f 4817/5459/4260 4818/5460/4261 4816/5458/4259 4815/5457/4258 
f 4742/5461/4201 4741/5462/4011 4819/5463/4262 4820/5464/4263 
f 4741/5462/4011 4738/5455/4198 4816/5458/4259 4819/5463/4262 
f 4818/5460/4261 4821/5465/4264 4819/5463/4262 4816/5458/4259 
f 4821/5465/4264 4822/5466/4265 4820/5464/4263 4819/5463/4262 
f 4746/5467/3894 4745/5468/3895 4823/5469/4266 4824/5470/4267 
f 4745/5468/3895 4742/5461/4201 4820/5464/4263 4823/5469/4266 
f 4822/5466/4265 4825/5471/4268 4823/5469/4266 4820/5464/4263 
f 4825/5471/4268 4826/5472/4269 4824/5470/4267 4823/5469/4266 
f 4750/5473/3903 4749/5474/3904 4827/5475/4270 4828/5476/4271 
f 4749/5474/3904 4746/5467/3894 4824/5470/4267 4827/5475/4270 
f 4826/5472/4269 4829/5477/4272 4827/5475/4270 4824/5470/4267 
f 4829/5477/4272 4830/5478/4273 4828/5476/4271 4827/5475/4270 
f 4754/5479/4208 4753/5480/3910 4831/5481/4274 4832/5482/4275 
f 4753/5480/3910 4750/5473/3903 4828/5476/4271 4831/5481/4274 
f 4830/5478/4273 4833/5483/4276 4831/5481/4274 4828/5476/4271 
f 4833/5483/4276 4834/5484/4277 4832/5482/4275 4831/5481/4274 
f 4758/5485/3915 4757/5486/3916 4835/5487/4278 4836/5488/4279 
f 4757/5486/3916 4754/5479/4208 4832/5482/4275 4835/5487/4278 
f 4834/5484/4277 4837/5489/4280 4835/5487/4278 4832/5482/4275 
f 4837/5489/4280 4838/5490/4281 4836/5488/4279 4835/5487/4278 
f 4762/5491/3921 4761/5492/3922 4839/5493/4282 4840/5494/4283 
f 4761/5492/3922 4758/5485/3915 4836/5488/4279 4839/5493/4282 
f 4838/5490/4281 4841/5495/4284 4839/5493/4282 4836/5488/4279 
f 4841/5495/4284 4842/5496/4285 4840/5494/4283 4839/5493/4282 
f 4766/5497/3927 4765/5498/3928 4843/5499/4286 4844/5500/4287 
f 4765/5498/3928 4762/5491/3921 4840/5494/4283 4843/5499/4286 
f 4842/5496/4285 4845/5501/4288 4843/5499/4286 4840/5494/4283 
f 4845/5501/4288 4846/5502/4289 4844/5500/4287 4843/5499/4286 
f 4770/5503/3933 4769/5504/3934 4847/5505/4290 4848/5506/4291 
f 4769/5504/3934 4766/5497/3927 4844/5500/4287 4847/5505/4290 
f 4846/5502/4289 4849/5507/4292 4847/5505/4290 4844/5500/4287 
f 4849/5507/4292 4850/5508/4293 4848/5506/4291 4847/5505/4290 
f 4774/5509/3939 4773/5510/4219 4851/5511/4294 4852/5512/4295 
f 4773/5510/4219 4770/5503/3933 4848/5506/4291 4851/5511/4294 
f 4850/5508/4293 4853/5513/4296 4851/5511/4294 4848/5506/4291 
f 4853/5513/4296 4854/5514/4297 4852/5512/4295 4851/5511/4294 
f 4778/5515/3945 4777/5516/4222 4855/5517/4298 4856/5518/4299 
f 4777/5516/4222 4774/5509/3939 4852/5512/4295 4855/5517/4298 
f 4854/5514/4297 4857/5519/4300 4855/5517/4298 4852/5512/4295 
f 4857/5519/4300 4858/5520/4301 4856/5518/4299 4855/5517/4298 
f 4704/5408/4177 4780/5521/3952 4859/5522/4302 4783/5409/4226 
f 4780/5521/3952 4778/5515/3945 4856/5518/4299 4859/5522/4302 
f 4858/5520/4301 4860/5523/4303 4859/5522/4302 4856/5518/4299 
f 4860/5523/4303 4784/5410/4227 4783/5409/4226 4859/5522/4302 
f 4786/5412/4229 4785/5411/4228 4861/5524/4304 4862/5525/4305 
f 4785/5411/4228 4784/5410/4227 4863/5526/4306 4861/5524/4304 
f 4864/5527/4307 4865/5528/4308 4861/5524/4304 4863/5526/4306 
f 4865/5528/4308 4866/5529/4309 4862/5525/4305 4861/5524/4304 
f 4790/5418/4233 4789/5417/4232 4867/5530/4310 4868/5531/4311 
f 4789/5417/4232 4786/5412/4229 4862/5525/4305 4867/5530/4310 
f 4866/5529/4309 4869/5532/4312 4867/5530/4310 4862/5525/4305 
f 4869/5532/4312 4870/5533/4313 4868/5531/4311 4867/5530/4310 
f 4794/5424/4237 4793/5423/4236 4871/5534/4314 4872/5535/4315 
f 4793/5423/4236 4790/5418/4233 4868/5531/4311 4871/5534/4314 
f 4870/5533/4313 4873/5536/4316 4871/5534/4314 4868/5531/4311 
f 4873/5536/4316 4874/5537/4317 4872/5535/4315 4871/5534/4314 
f 4798/5430/4241 4797/5429/4240 4875/5538/4318 4876/5539/4319 
f 4797/5429/4240 4794/5424/4237 4872/5535/4315 4875/5538/4318 
f 4874/5537/4317 4877/5540/4320 4875/5538/4318 4872/5535/4315 
f 4877/5540/4320 4878/5541/4321 4876/5539/4319 4875/5538/4318 
f 4802/5436/4245 4801/5435/4244 4879/5542/4322 4880/5543/4323 
f 4801/5435/4244 4798/5430/4241 4876/5539/4319 4879/5542/4322 
f 4878/5541/4321 4881/5544/4324 4879/5542/4322 4876/5539/4319 
f 4881/5544/4324 4882/5545/4325 4880/5543/4323 4879/5542/4322 
f 4806/5442/4249 4805/5441/4248 4883/5546/4326 4884/5547/4327 
f 4805/5441/4248 4802/5436/4245 4880/5543/4323 4883/5546/4326 
f 4882/5545/4325 4885/5548/4328 4883/5546/4326 4880/5543/4323 
f 4885/5548/4328 4886/5549/4329 4884/5547/4327 4883/5546/4326 
f 4810/5448/4253 4809/5447/4252 4887/5550/4330 4888/5551/4331 
f 4809/5447/4252 4806/5442/4249 4884/5547/4327 4887/5550/4330 
f 4886/5549/4329 4889/5552/4332 4887/5550/4330 4884/5547/4327 
f 4889/5552/4332 4890/5553/4333 4888/5551/4331 4887/5550/4330 
f 4814/5454/4257 4813/5453/4256 4891/5554/4334 4892/5555/4335 
f 4813/5453/4256 4810/5448/4253 4888/5551/4331 4891/5554/4334 
f 4890/5553/4333 4893/5556/4336 4891/5554/4334 4888/5551/4331 
f 4893/5556/4336 4894/5557/4337 4892/5555/4335 4891/5554/4334 
f 4818/5460/4261 4817/5459/4260 4895/5558/4338 4896/5559/4339 
f 4817/5459/4260 4814/5454/4257 4892/5555/4335 4895/5558/4338 
f 4894/5557/4337 4897/5560/4340 4895/5558/4338 4892/5555/4335 
f 4897/5560/4340 4898/5561/4341 4896/5559/4339 4895/5558/4338 
f 4822/5466/4265 4821/5465/4264 4899/5562/4342 4900/5563/4343 
f 4821/5465/4264 4818/5460/4261 4896/5559/4339 4899/5562/4342 
f 4898/5561/4341 4901/5564/4344 4899/5562/4342 4896/5559/4339 
f 4901/5564/4344 4902/5565/4345 4900/5563/4343 4899/5562/4342 
f 4826/5472/4269 4825/5471/4268 4903/5566/4346 4904/5567/4347 
f 4825/5471/4268 4822/5466/4265 4900/5563/4343 4903/5566/4346 
f 4902/5565/4345 4905/5568/4348 4903/5566/4346 4900/5563/4343 
f 4905/5568/4348 4906/5569/4349 4904/5567/4347 4903/5566/4346 
f 4830/5478/4273 4829/5477/4272 4907/5570/4350 4908/5571/4351 
f 4829/5477/4272 4826/5472/4269 4904/5567/4347 4907/5570/4350 
f 4906/5569/4349 4909/5572/4352 4907/5570/4350 4904/5567/4347 
f 4909/5572/4352 4910/5573/4353 4908/5571/4351 4907/5570/4350 
f 4834/5484/4277 4833/5483/4276 4911/5574/4354 4912/5575/4355 
f 4833/5483/4276 4830/5478/4273 4908/5571/4351 4911/5574/4354 
f 4910/5573/4353 4913/5576/4356 4911/5574/4354 4908/5571/4351 
f 4913/5576/4356 4914/5577/4357 4912/5575/4355 4911/5574/4354 
f 4838/5490/4281 4837/5489/4280 4915/5578/4358 4916/5579/4359 
f 4837/5489/4280 4834/5484/4277 4912/5575/4355 4915/5578/4358 
f 4914/5577/4357 4917/5580/4360 4915/5578/4358 4912/5575/4355 
f 4917/5580/4360 4918/5581/4361 4916/5579/4359 4915/5578/4358 
f 4842/5496/4285 4841/5495/4284 4919/5582/4362 4920/5583/4363 
f 4841/5495/4284 4838/5490/4281 4916/5579/4359 4919/5582/4362 
f 4918/5581/4361 4921/5584/4364 4919/5582/4362 4916/5579/4359 
f 4921/5584/4364 4922/5585/4365 4920/5583/4363 4919/5582/4362 
f 4846/5502/4289 4845/5501/4288 4923/5586/4366 4924/5587/4367 
f 4845/5501/4288 4842/5496/4285 4920/5583/4363 4923/5586/4366 
f 4922/5585/4365 4925/5588/4368 4923/5586/4366 4920/5583/4363 
f 4925/5588/4368 4926/5589/4369 4924/5587/4367 4923/5586/4366 
f 4850/5508/4293 4849/5507/4292 4927/5590/4370 4928/5591/4371 
f 4849/5507/4292 4846/5502/4289 4924/5587/4367 4927/5590/4370 
f 4926/5589/4369 4929/5592/4372 4927/5590/4370 4924/5587/4367 
f 4929/5592/4372 4930/5593/4373 4928/5591/4371 4927/5590/4370 
f 4854/5514/4297 4853/5513/4296 4931/5594/4374 4932/5595/4375 
f 4853/5513/4296 4850/5508/4293 4928/5591/4371 4931/5594/4374 
f 4930/5593/4373 4933/5596/4376 4931/5594/4374 4928/5591/4371 
f 4933/5596/4376 4934/5597/4377 4932/5595/4375 4931/5594/4374 
f 4858/5520/4301 4857/5519/4300 4935/5598/4378 4936/5599/4379 
f 4857/5519/4300 4854/5514/4297 4932/5595/4375 4935/5598/4378 
f 4934/5597/4377 4937/5600/4380 4935/5598/4378 4932/5595/4375 
f 4937/5600/4380 4938/5601/4381 4936/5599/4379 4935/5598/4378 
f 4784/5410/4227 4860/5523/4303 4939/5602/4382 4863/5526/4306 
f 4860/5523/4303 4858/5520/4301 4936/5599/4379 4939/5602/4382 
f 4938/5601/4381 4940/5603/4383 4939/5602/4382 4936/5599/4379 
f 4940/5603/4383 4864/5527/4307 4863/5526/4306 4939/5602/4382 
f 4866/5529/4309 4865/5528/4308 4941/5604/4384 4942/5605/4385 
f 4865/5528/4308 4864/5527/4307 4943/5606/4386 4941/5604/4384 
f 4944/5607/4387 4945/5608/4388 4941/5604/4384 4943/5606/4386 
f 4945/5608/4388 4946/5609/4389 4942/5605/4385 4941/5604/4384 
f 4870/5533/4313 4869/5532/4312 4947/5610/4390 4948/5611/4391 
f 4869/5532/4312 4866/5529/4309 4942/5605/4385 4947/5610/4390 
f 4946/5609/4389 4949/5612/4392 4947/5610/4390 4942/5605/4385 
f 4949/5612/4392 4950/5613/4393 4948/5611/4391 4947/5610/4390 
f 4874/5537/4317 4873/5536/4316 4951/5614/4394 4952/5615/4395 
f 4873/5536/4316 4870/5533/4313 4948/5611/4391 4951/5614/4394 
f 4950/5613/4393 4953/5616/4396 4951/5614/4394 4948/5611/4391 
f 4953/5616/4396 4954/5617/4397 4952/5615/4395 4951/5614/4394 
f 4878/5541/4321 4877/5540/4320 4955/5618/4398 4956/5619/4399 
f 4877/5540/4320 4874/5537/4317 4952/5615/4395 4955/5618/4398 
f 4954/5617/4397 4957/5620/4400 4955/5618/4398 4952/5615/4395 
f 4957/5620/4400 4958/5621/4401 4956/5619/4399 4955/5618/4398 
f 4882/5545/4325 4881/5544/4324 4959/5622/4402 4960/5623/4403 
f 4881/5544/4324 4878/5541/4321 4956/5619/4399 4959/5622/4402 
f 4958/5621/4401 4961/5624/4404 4959/5622/4402 4956/5619/4399 
f 4961/5624/4404 4962/5625/4405 4960/5623/4403 4959/5622/4402 
f 4886/5549/4329 4885/5548/4328 4963/5626/4406 4964/5627/4407 
f 4885/5548/4328 4882/5545/4325 4960/5623/4403 4963/5626/4406 
f 4962/5625/4405 4965/5628/4408 4963/5626/4406 4960/5623/4403 
f 4965/5628/4408 4966/5629/4409 4964/5627/4407 4963/5626/4406 
f 4890/5553/4333 4889/5552/4332 4967/5630/4410 4968/5631/4411 
f 4889/5552/4332 4886/5549/4329 4964/5627/4407 4967/5630/4410 
f 4966/5629/4409 4969/5632/4412 4967/5630/4410 4964/5627/4407 
f 4969/5632/4412 4970/5633/4413 4968/5631/4411 4967/5630/4410 
f 4894/5557/4337 4893/5556/4336 4971/5634/4414 4972/5635/4415 
f 4893/5556/4336 4890/5553/4333 4968/5631/4411 4971/5634/4414 
f 4970/5633/4413 4973/5636/4416 4971/5634/4414 4968/5631/4411 
f 4973/5636/4416 4974/5637/4417 4972/5635/4415 4971/5634/4414 
f 4898/5561/4341 4897/5560/4340 4975/5638/4418 4976/5639/4419 
f 4897/5560/4340 4894/5557/4337 4972/5635/4415 4975/5638/4418 
f 4974/5637/4417 4977/5640/4420 4975/5638/4418 4972/5635/4415 
f 4977/5640/4420 4978/5641/4421 4976/5639/4419 4975/5638/4418 
f 4902/5565/4345 4901/5564/4344 4979/5642/4422 4980/5643/4423 
f 4901/5564/4344 4898/5561/4341 4976/5639/4419 4979/5642/4422 
f 4978/5641/4421 4981/5644/4424 4979/5642/4422 4976/5639/4419 
f 4981/5644/4424 4982/5645/4425 4980/5643/4423 4979/5642/4422 
f 4906/5569/4349 4905/5568/4348 4983/5646/4426 4984/5647/4427 
f 4905/5568/4348 4902/5565/4345 4980/5643/4423 4983/5646/4426 
f 4982/5645/4425 4985/5648/4428 4983/5646/4426 4980/5643/4423 
f 4985/5648/4428 4986/5649/4429 4984/5647/4427 4983/5646/4426 
f 4910/5573/4353 4909/5572/4352 4987/5650/4430 4988/5651/4431 
f 4909/5572/4352 4906/5569/4349 4984/5647/4427 4987/5650/4430 
f 4986/5649/4429 4989/5652/4432 4987/5650/4430 4984/5647/4427 
f 4989/5652/4432 4990/5653/4433 4988/5651/4431 4987/5650/4430 
f 4914/5577/4357 4913/5576/4356 4991/5654/4434 4992/5655/4435 
f 4913/5576/4356 4910/5573/4353 4988/5651/4431 4991/5654/4434 
f 4990/5653/4433 4993/5656/4436 4991/5654/4434 4988/5651/4431 
f 4993/5656/4436 4994/5657/4437 4992/5655/4435 4991/5654/4434 
f 4918/5581/4361 4917/5580/4360 4995/5658/4438 4996/5659/4439 
f 4917/5580/4360 4914/5577/4357 4992/5655/4435 4995/5658/4438 
f 4994/5657/4437 4997/5660/4440 4995/5658/4438 4992/5655/4435 
f 4997/5660/4440 4998/5661/4441 4996/5659/4439 4995/5658/4438 
f 4922/5585/4365 4921/5584/4364 4999/5662/4442 5000/5663/4443 
f 4921/5584/4364 4918/5581/4361 4996/5659/4439 4999/5662/4442 
f 4998/5661/4441 5001/5664/4444 4999/5662/4442 4996/5659/4439 
f 5001/5664/4444 5002/5665/4445 5000/5663/4443 4999/5662/4442 
f 4926/5589/4369 4925/5588/4368 5003/5666/4446 5004/5667/4447 
f 4925/5588/4368 4922/5585/4365 5000/5663/4443 5003/5666/4446 
f 5002/5665/4445 5005/5668/4448 5003/5666/4446 5000/5663/4443 
f 5005/5668/4448 5006/5669/4449 5004/5667/4447 5003/5666/4446 
f 4930/5593/4373 4929/5592/4372 5007/5670/4450 5008/5671/4451 
f 4929/5592/4372 4926/5589/4369 5004/5667/4447 5007/5670/4450 
f 5006/5669/4449 5009/5672/4452 5007/5670/4450 5004/5667/4447 
f 5009/5672/4452 5010/5673/4453 5008/5671/4451 5007/5670/4450 
f 4934/5597/4377 4933/5596/4376 5011/5674/4454 5012/5675/4455 
f 4933/5596/4376 4930/5593/4373 5008/5671/4451 5011/5674/4454 
f 5010/5673/4453 5013/5676/4456 5011/5674/4454 5008/5671/4451 
f 5013/5676/4456 5014/5677/4457 5012/5675/4455 5011/5674/4454 
f 4938/5601/4381 4937/5600/4380 5015/5678/4458 5016/5679/4459 
f 4937/5600/4380 4934/5597/4377 5012/5675/4455 5015/5678/4458 
f 5014/5677/4457 5017/5680/4460 5015/5678/4458 5012/5675/4455 
f 5017/5680/4460 5018/5681/4461 5016/5679/4459 5015/5678/4458 
f 4864/5527/4307 4940/5603/4383 5019/5682/4462 4943/5606/4386 
f 4940/5603/4383 4938/5601/4381 5016/5679/4459 5019/5682/4462 
f 5018/5681/4461 5020/5683/4463 5019/5682/4462 5016/5679/4459 
f 5020/5683/4463 4944/5607/4387 4943/5606/4386 5019/5682/4462 
f 4946/5609/4389 4945/5608/4388 5021/5684/4464 5022/5685/4465 
f 4945/5608/4388 4944/5607/4387 5023/5686/4466 5021/5684/4464 
f 4425/5004/3898 4422/5001/3895 5021/5684/4464 5023/5686/4466 
f 4422/5001/3895 4421/5000/3894 5022/5685/4465 5021/5684/4464 
f 4950/5613/4393 4949/5612/4392 5024/5687/4467 5025/5688/4468 
f 4949/5612/4392 4946/5609/4389 5022/5685/4465 5024/5687/4467 
f 4421/5000/3894 4431/5010/3904 5024/5687/4467 5022/5685/4465 
f 4431/5010/3904 4430/5009/3903 5025/5688/4468 5024/5687/4467 
f 4954/5617/4397 4953/5616/4396 5026/5689/4469 5027/5690/4470 
f 4953/5616/4396 4950/5613/4393 5025/5688/4468 5026/5689/4469 
f 4430/5009/3903 4437/5016/3910 5026/5689/4469 5025/5688/4468 
f 4437/5016/3910 4436/5015/3909 5027/5690/4470 5026/5689/4469 
f 4958/5621/4401 4957/5620/4400 5028/5691/4471 5029/5692/4472 
f 4957/5620/4400 4954/5617/4397 5027/5690/4470 5028/5691/4471 
f 4436/5015/3909 4443/5022/3916 5028/5691/4471 5027/5690/4470 
f 4443/5022/3916 4442/5021/3915 5029/5692/4472 5028/5691/4471 
f 4962/5625/4405 4961/5624/4404 5030/5693/4473 5031/5694/4474 
f 4961/5624/4404 4958/5621/4401 5029/5692/4472 5030/5693/4473 
f 4442/5021/3915 4449/5028/3922 5030/5693/4473 5029/5692/4472 
f 4449/5028/3922 4448/5027/3921 5031/5694/4474 5030/5693/4473 
f 4966/5629/4409 4965/5628/4408 5032/5695/4475 5033/5696/4476 
f 4965/5628/4408 4962/5625/4405 5031/5694/4474 5032/5695/4475 
f 4448/5027/3921 4455/5034/3928 5032/5695/4475 5031/5694/4474 
f 4455/5034/3928 4454/5033/3927 5033/5696/4476 5032/5695/4475 
f 4970/5633/4413 4969/5632/4412 5034/5697/4477 5035/5698/4478 
f 4969/5632/4412 4966/5629/4409 5033/5696/4476 5034/5697/4477 
f 4454/5033/3927 4461/5040/3934 5034/5697/4477 5033/5696/4476 
f 4461/5040/3934 4460/5039/3933 5035/5698/4478 5034/5697/4477 
f 4974/5637/4417 4973/5636/4416 5036/5699/4479 5037/5700/4480 
f 4973/5636/4416 4970/5633/4413 5035/5698/4478 5036/5699/4479 
f 4460/5039/3933 4467/5046/3940 5036/5699/4479 5035/5698/4478 
f 4467/5046/3940 4466/5045/3939 5037/5700/4480 5036/5699/4479 
f 4978/5641/4421 4977/5640/4420 5038/5701/4481 5039/5702/4482 
f 4977/5640/4420 4974/5637/4417 5037/5700/4480 5038/5701/4481 
f 4466/5045/3939 4473/5052/3946 5038/5701/4481 5037/5700/4480 
f 4473/5052/3946 4472/5051/3945 5039/5702/4482 5038/5701/4481 
f 4982/5645/4425 4981/5644/4424 5040/5703/4483 5041/5704/4484 
f 4981/5644/4424 4978/5641/4421 5039/5702/4482 5040/5703/4483 
f 4472/5051/3945 4479/5058/3952 5040/5703/4483 5039/5702/4482 
f 4479/5058/3952 4478/5057/3951 5041/5704/4484 5040/5703/4483 
f 4986/5649/4429 4985/5648/4428 5042/5705/4485 5043/5706/4486 
f 4985/5648/4428 4982/5645/4425 5041/5704/4484 5042/5705/4485 
f 4478/5057/3951 4485/5064/3958 5042/5705/4485 5041/5704/4484 
f 4485/5064/3958 4484/5063/3957 5043/5706/4486 5042/5705/4485 
f 4990/5653/4433 4989/5652/4432 5044/5707/4487 5045/5708/4488 
f 4989/5652/4432 4986/5649/4429 5043/5706/4486 5044/5707/4487 
f 4484/5063/3957 4491/5070/3964 5044/5707/4487 5043/5706/4486 
f 4491/5070/3964 4490/5069/3963 5045/5708/4488 5044/5707/4487 
f 4994/5657/4437 4993/5656/4436 5046/5709/4489 5047/5710/4490 
f 4993/5656/4436 4990/5653/4433 5045/5708/4488 5046/5709/4489 
f 4490/5069/3963 4497/5076/3970 5046/5709/4489 5045/5708/4488 
f 4497/5076/3970 4496/5075/3969 5047/5710/4490 5046/5709/4489 
f 4998/5661/4441 4997/5660/4440 5048/5711/4491 5049/5712/4492 
f 4997/5660/4440 4994/5657/4437 5047/5710/4490 5048/5711/4491 
f 4496/5075/3969 4503/5082/3976 5048/5711/4491 5047/5710/4490 
f 4503/5082/3976 4502/5081/3975 5049/5712/4492 5048/5711/4491 
f 5002/5665/4445 5001/5664/4444 5050/5713/4493 5051/5714/4494 
f 5001/5664/4444 4998/5661/4441 5049/5712/4492 5050/5713/4493 
f 4502/5081/3975 4509/5088/3982 5050/5713/4493 5049/5712/4492 
f 4509/5088/3982 4508/5087/3981 5051/5714/4494 5050/5713/4493 
f 5006/5669/4449 5005/5668/4448 5052/5715/4495 5053/5716/4496 
f 5005/5668/4448 5002/5665/4445 5051/5714/4494 5052/5715/4495 
f 4508/5087/3981 4515/5094/3988 5052/5715/4495 5051/5714/4494 
f 4515/5094/3988 4514/5093/3987 5053/5716/4496 5052/5715/4495 
f 5010/5673/4453 5009/5672/4452 5054/5717/4497 5055/5718/4498 
f 5009/5672/4452 5006/5669/4449 5053/5716/4496 5054/5717/4497 
f 4514/5093/3987 4521/5100/3994 5054/5717/4497 5053/5716/4496 
f 4521/5100/3994 4520/5099/3993 5055/5718/4498 5054/5717/4497 
f 5014/5677/4457 5013/5676/4456 5056/5719/4499 5057/5720/4500 
f 5013/5676/4456 5010/5673/4453 5055/5718/4498 5056/5719/4499 
f 4520/5099/3993 4527/5108/4000 5056/5719/4499 5055/5718/4498 
f 4527/5108/4000 4526/5107/3999 5057/5720/4500 5056/5719/4499 
f 5018/5681/4461 5017/5680/4460 5058/5721/4501 5059/5722/4502 
f 5017/5680/4460 5014/5677/4457 5057/5720/4500 5058/5721/4501 
f 4526/5107/3999 4533/5114/4006 5058/5721/4501 5057/5720/4500 
f 4533/5114/4006 4532/5113/4005 5059/5722/4502 5058/5721/4501 
f 4944/5607/4387 5020/5683/4463 5060/5723/4503 5023/5686/4466 
f 5020/5683/4463 5018/5681/4461 5059/5722/4502 5060/5723/4503 
f 4532/5113/4005 4538/5119/4011 5060/5723/4503 5059/5722/4502 
f 4538/5119/4011 4425/5004/3898 5023/5686/4466 5060/5723/4503 
f 5061/5724/4504 5062/5725/3895 5063/5726/3896 5064/5727/4505 
f 5062/5725/3895 5065/5728/4506 5066/5729/3899 5063/5726/3896 
f 5067/5730/3900 5068/5731/3901 5063/5726/3896 5066/5729/3899 
f 5068/5731/3901 5069/5732/3902 5064/5727/4505 5063/5726/3896 
f 5070/5733/3903 5071/5734/3904 5072/5735/3905 5073/5736/4507 
f 5071/5734/3904 5061/5724/4504 5064/5727/4505 5072/5735/3905 
f 5069/5732/3902 5074/5737/4508 5072/5735/3905 5064/5727/4505 
f 5074/5737/4508 5075/5738/3908 5073/5736/4507 5072/5735/3905 
f 5076/5739/3909 5077/5740/3910 5078/5741/4509 5079/5742/4510 
f 5077/5740/3910 5070/5733/3903 5073/5736/4507 5078/5741/4509 
f 5075/5738/3908 5080/5743/3913 5078/5741/4509 5073/5736/4507 
f 5080/5743/3913 5081/5744/3914 5079/5742/4510 5078/5741/4509 
f 5082/5745/3915 5083/5746/3916 5084/5747/3917 5085/5748/3918 
f 5083/5746/3916 5076/5739/3909 5079/5742/4510 5084/5747/3917 
f 5081/5744/3914 5086/5749/3919 5084/5747/3917 5079/5742/4510 
f 5086/5749/3919 5087/5750/3920 5085/5748/3918 5084/5747/3917 
f 5088/5751/3921 5089/5752/3922 5090/5753/3923 5091/5754/3924 
f 5089/5752/3922 5082/5745/3915 5085/5748/3918 5090/5753/3923 
f 5087/5750/3920 5092/5755/3925 5090/5753/3923 5085/5748/3918 
f 5092/5755/3925 5093/5756/4511 5091/5754/3924 5090/5753/3923 
f 5094/5757/4512 5095/5758/4513 5096/5759/3929 5097/5760/4514 
f 5095/5758/4513 5088/5751/3921 5091/5754/3924 5096/5759/3929 
f 5093/5756/4511 5098/5761/4515 5096/5759/3929 5091/5754/3924 
f 5098/5761/4515 5099/5762/4516 5097/5760/4514 5096/5759/3929 
f 5100/5763/3933 5101/5764/4517 5102/5765/4518 5103/5766/3936 
f 5101/5764/4517 5094/5757/4512 5097/5760/4514 5102/5765/4518 
f 5099/5762/4516 5104/5767/3937 5102/5765/4518 5097/5760/4514 
f 5104/5767/3937 5105/5768/4519 5103/5766/3936 5102/5765/4518 
f 5106/5769/3939 5107/5770/4520 5108/5771/3941 5109/5772/4521 
f 5107/5770/4520 5100/5763/3933 5103/5766/3936 5108/5771/3941 
f 5105/5768/4519 5110/5773/3943 5108/5771/3941 5103/5766/3936 
f 5110/5773/3943 5111/5774/4522 5109/5772/4521 5108/5771/3941 
f 5112/5775/3945 5113/5776/4222 5114/5777/4523 5115/5778/3948 
f 5113/5776/4222 5106/5769/3939 5109/5772/4521 5114/5777/4523 
f 5111/5774/4522 5116/5779/3949 5114/5777/4523 5109/5772/4521 
f 5116/5779/3949 5117/5780/3950 5115/5778/3948 5114/5777/4523 
f 5118/5781/4524 5119/5782/3952 5120/5783/4525 5121/5784/4526 
f 5119/5782/3952 5112/5775/3945 5115/5778/3948 5120/5783/4525 
f 5117/5780/3950 5122/5785/3955 5120/5783/4525 5115/5778/3948 
f 5122/5785/3955 5123/5786/3956 5121/5784/4526 5120/5783/4525 
f 5124/5787/3957 5125/5788/3958 5126/5789/3959 5127/5790/3960 
f 5125/5788/3958 5118/5781/4524 5121/5784/4526 5126/5789/3959 
f 5123/5786/3956 5128/5791/4527 5126/5789/3959 5121/5784/4526 
f 5128/5791/4527 5129/5792/3962 5127/5790/3960 5126/5789/3959 
f 5130/5793/4180 5131/5794/3964 5132/5795/3965 5133/5796/3966 
f 5131/5794/3964 5124/5787/3957 5127/5790/3960 5132/5795/3965 
f 5129/5792/3962 5134/5797/3967 5132/5795/3965 5127/5790/3960 
f 5134/5797/3967 5135/5798/3968 5133/5796/3966 5132/5795/3965 
f 5136/5799/3969 5137/5800/3970 5138/5801/3971 5139/5802/3972 
f 5137/5800/3970 5130/5793/4180 5133/5796/3966 5138/5801/3971 
f 5135/5798/3968 5140/5803/4528 5138/5801/3971 5133/5796/3966 
f 5140/5803/4528 5141/5804/3974 5139/5802/3972 5138/5801/3971 
f 5142/5805/3975 5143/5806/3976 5144/5807/4529 5145/5808/4530 
f 5143/5806/3976 5136/5799/3969 5139/5802/3972 5144/5807/4529 
f 5141/5804/3974 5146/5809/3979 5144/5807/4529 5139/5802/3972 
f 5146/5809/3979 5147/5810/3980 5145/5808/4530 5144/5807/4529 
f 5148/5811/3981 5149/5812/3982 5150/5813/3983 5151/5814/4531 
f 5149/5812/3982 5142/5805/3975 5145/5808/4530 5150/5813/3983 
f 5147/5810/3980 5152/5815/4532 5150/5813/3983 5145/5808/4530 
f 5152/5815/4532 5153/5816/3986 5151/5814/4531 5150/5813/3983 
f 5154/5817/4533 5155/5818/3988 5156/5819/3989 5157/5820/3990 
f 5155/5818/3988 5148/5811/3981 5151/5814/4531 5156/5819/3989 
f 5153/5816/3986 5158/5821/4534 5156/5819/3989 5151/5814/4531 
f 5158/5821/4534 5159/5822/3992 5157/5820/3990 5156/5819/3989 
f 5160/5823/3993 5161/5824/4535 5162/5825/4536 5163/5826/3996 
f 5161/5824/4535 5154/5817/4533 5157/5827/3990 5162/5825/4536 
f 5159/5828/3992 5164/5829/3997 5162/5825/4536 5157/5827/3990 
f 5164/5829/3997 5165/5830/3998 5163/5826/3996 5162/5825/4536 
f 5166/5831/4194 5167/5832/4000 5168/5833/4537 5169/5834/4002 
f 5167/5832/4000 5160/5823/3993 5163/5826/3996 5168/5833/4537 
f 5165/5830/3998 5170/5835/4538 5168/5833/4537 5163/5826/3996 
f 5170/5835/4538 5171/5836/4004 5169/5834/4002 5168/5833/4537 
f 5172/5837/4005 5173/5838/4197 5174/5839/4007 5175/5840/4008 
f 5173/5838/4197 5166/5831/4194 5169/5834/4002 5174/5839/4007 
f 5171/5836/4004 5176/5841/4009 5174/5839/4007 5169/5834/4002 
f 5176/5841/4009 5177/5842/4010 5175/5840/4008 5174/5839/4007 
f 5065/5728/4506 5178/5843/4011 5179/5844/4012 5066/5729/3899 
f 5178/5843/4011 5172/5837/4005 5175/5840/4008 5179/5844/4012 
f 5177/5842/4010 5180/5845/4013 5179/5844/4012 5175/5840/4008 
f 5180/5845/4013 5067/5730/3900 5066/5729/3899 5179/5844/4012 
f 5069/5846/3902 5068/5847/3901 5181/5848/4539 5182/5849/4015 
f 5068/5847/3901 5067/5850/3900 5183/5851/4016 5181/5848/4539 
f 5184/5852/4017 5185/5853/4018 5181/5848/4539 5183/5851/4016 
f 5185/5853/4018 5186/5854/4019 5182/5849/4015 5181/5848/4539 
f 5075/5855/3908 5074/5856/4508 5187/5857/4020 5188/5858/4021 
f 5074/5856/4508 5069/5846/3902 5182/5849/4015 5187/5857/4020 
f 5186/5854/4019 5189/5859/4022 5187/5857/4020 5182/5849/4015 
f 5189/5859/4022 5190/5860/4023 5188/5858/4021 5187/5857/4020 
f 5081/5861/3914 5080/5862/3913 5191/5863/4540 5192/5864/4025 
f 5080/5862/3913 5075/5855/3908 5188/5858/4021 5191/5863/4540 
f 5190/5860/4023 5193/5865/4541 5191/5863/4540 5188/5858/4021 
f 5193/5865/4541 5194/5866/4027 5192/5864/4025 5191/5863/4540 
f 5087/5867/3920 5086/5868/3919 5195/5869/4028 5196/5870/4542 
f 5086/5868/3919 5081/5861/3914 5192/5864/4025 5195/5869/4028 
f 5194/5866/4027 5197/5871/4543 5195/5869/4028 5192/5864/4025 
f 5197/5871/4543 5198/5872/4031 5196/5870/4542 5195/5869/4028 
f 5093/5873/4511 5092/5874/3925 5199/5875/4544 5200/5876/4545 
f 5092/5874/3925 5087/5867/3920 5196/5870/4542 5199/5875/4544 
f 5198/5872/4031 5201/5877/4034 5199/5875/4544 5196/5870/4542 
f 5201/5877/4034 5202/5878/4546 5200/5876/4545 5199/5875/4544 
f 5099/5879/4516 5098/5880/4515 5203/5881/4547 5204/5882/4037 
f 5098/5880/4515 5093/5873/4511 5200/5876/4545 5203/5881/4547 
f 5202/5878/4546 5205/5883/4038 5203/5881/4547 5200/5876/4545 
f 5205/5883/4038 5206/5884/4548 5204/5882/4037 5203/5881/4547 
f 5105/5885/4519 5104/5886/3937 5207/5887/4549 5208/5888/4550 
f 5104/5886/3937 5099/5879/4516 5204/5882/4037 5207/5887/4549 
f 5206/5884/4548 5209/5889/4551 5207/5887/4549 5204/5882/4037 
f 5209/5889/4551 5210/5890/4043 5208/5888/4550 5207/5887/4549 
f 5111/5891/4522 5110/5892/3943 5211/5893/4044 5212/5894/4552 
f 5110/5892/3943 5105/5885/4519 5208/5888/4550 5211/5893/4044 
f 5210/5890/4043 5213/5895/4046 5211/5893/4044 5208/5888/4550 
f 5213/5895/4046 5214/5896/4047 5212/5894/4552 5211/5893/4044 
f 5117/5897/3950 5116/5898/3949 5215/5899/4048 5216/5900/4049 
f 5116/5898/3949 5111/5891/4522 5212/5894/4552 5215/5899/4048 
f 5214/5896/4047 5217/5901/4553 5215/5899/4048 5212/5894/4552 
f 5217/5901/4553 5218/5902/4051 5216/5900/4049 5215/5899/4048 
f 5123/5903/3956 5122/5904/3955 5219/5905/4554 5220/5906/4053 
f 5122/5904/3955 5117/5897/3950 5216/5900/4049 5219/5905/4554 
f 5218/5902/4051 5221/5907/4054 5219/5905/4554 5216/5900/4049 
f 5221/5907/4054 5222/5908/4555 5220/5906/4053 5219/5905/4554 
f 5129/5909/3962 5128/5910/4527 5223/5911/4556 5224/5912/4057 
f 5128/5910/4527 5123/5903/3956 5220/5906/4053 5223/5911/4556 
f 5222/5908/4555 5225/5913/4557 5223/5911/4556 5220/5906/4053 
f 5225/5913/4557 5226/5914/4059 5224/5912/4057 5223/5911/4556 
f 5135/5915/3968 5134/5916/3967 5227/5917/4558 5228/5918/4559 
f 5134/5916/3967 5129/5909/3962 5224/5912/4057 5227/5917/4558 
f 5226/5914/4059 5229/5919/4560 5227/5917/4558 5224/5912/4057 
f 5229/5919/4560 5230/5920/4063 5228/5918/4559 5227/5917/4558 
f 5141/5921/3974 5140/5922/4528 5231/5923/4064 5232/5924/4561 
f 5140/5922/4528 5135/5915/3968 5228/5918/4559 5231/5923/4064 
f 5230/5920/4063 5233/5925/4066 5231/5923/4064 5228/5918/4559 
f 5233/5925/4066 5234/5926/4562 5232/5924/4561 5231/5923/4064 
f 5147/5927/3980 5146/5928/3979 5235/5929/4068 5236/5930/4563 
f 5146/5928/3979 5141/5921/3974 5232/5924/4561 5235/5929/4068 
f 5234/5926/4562 5237/5931/4070 5235/5929/4068 5232/5924/4561 
f 5237/5931/4070 5238/5932/4071 5236/5930/4563 5235/5929/4068 
f 5153/5933/3986 5152/5934/4532 5239/5935/4072 5240/5936/4073 
f 5152/5934/4532 5147/5927/3980 5236/5930/4563 5239/5935/4072 
f 5238/5932/4071 5241/5937/4564 5239/5935/4072 5236/5930/4563 
f 5241/5937/4564 5242/5938/4565 5240/5936/4073 5239/5935/4072 
f 5159/5939/3992 5158/5940/4534 5243/5941/4076 5244/5942/4077 
f 5158/5940/4534 5153/5933/3986 5240/5936/4073 5243/5941/4076 
f 5242/5938/4565 5245/5943/4078 5243/5941/4076 5240/5936/4073 
f 5245/5943/4078 5246/5944/4079 5244/5942/4077 5243/5941/4076 
f 5165/5945/3998 5164/5946/3997 5247/5947/4080 5248/5948/4566 
f 5164/5946/3997 5159/5939/3992 5244/5942/4077 5247/5947/4080 
f 5246/5944/4079 5249/5949/4082 5247/5947/4080 5244/5942/4077 
f 5249/5949/4082 5250/5950/4083 5248/5948/4566 5247/5947/4080 
f 5171/5951/4004 5170/5952/4538 5251/5953/4567 5252/5954/4568 
f 5170/5952/4538 5165/5945/3998 5248/5948/4566 5251/5953/4567 
f 5250/5950/4083 5253/5955/4086 5251/5953/4567 5248/5948/4566 
f 5253/5955/4086 5254/5956/4569 5252/5954/4568 5251/5953/4567 
f 5177/5957/4010 5176/5958/4009 5255/5959/4088 5256/5960/4089 
f 5176/5958/4009 5171/5951/4004 5252/5954/4568 5255/5959/4088 
f 5254/5956/4569 5257/5961/4570 5255/5959/4088 5252/5954/4568 
f 5257/5961/4570 5258/5962/4091 5256/5960/4089 5255/5959/4088 
f 5067/5850/3900 5180/5963/4013 5259/5964/4571 5183/5851/4016 
f 5180/5963/4013 5177/5957/4010 5256/5960/4089 5259/5964/4571 
f 5258/5962/4091 5260/5965/4572 5259/5964/4571 5256/5960/4089 
f 5260/5965/4572 5184/5852/4017 5183/5851/4016 5259/5964/4571 
f 5186/5854/4019 5185/5853/4018 5261/5966/4573 5262/5967/4574 
f 5185/5853/4018 5184/5852/4017 5263/5968/4096 5261/5966/4573 
f 5264/5969/4575 5265/5970/4576 5261/5966/4573 5263/5968/4096 
f 5265/5970/4576 5266/5971/4099 5262/5967/4574 5261/5966/4573 
f 5190/5860/4023 5189/5859/4022 5267/5972/4100 5268/5973/4577 
f 5189/5859/4022 5186/5854/4019 5262/5967/4574 5267/5972/4100 
f 5266/5971/4099 5269/5974/4102 5267/5972/4100 5262/5967/4574 
f 5269/5974/4102 5270/5975/4103 5268/5973/4577 5267/5972/4100 
f 5194/5866/4027 5193/5865/4541 5271/5976/4104 5272/5977/4105 
f 5193/5865/4541 5190/5860/4023 5268/5973/4577 5271/5976/4104 
f 5270/5975/4103 5273/5978/4578 5271/5976/4104 5268/5973/4577 
f 5273/5978/4578 5274/5979/4579 5272/5977/4105 5271/5976/4104 
f 5198/5872/4031 5197/5871/4543 5275/5980/4580 5276/5981/4109 
f 5197/5871/4543 5194/5866/4027 5272/5977/4105 5275/5980/4580 
f 5274/5979/4579 5277/5982/4110 5275/5980/4580 5272/5977/4105 
f 5277/5982/4110 5278/5983/4111 5276/5981/4109 5275/5980/4580 
f 5202/5878/4546 5201/5877/4034 5279/5984/4581 5280/5985/4582 
f 5201/5877/4034 5198/5872/4031 5276/5981/4109 5279/5984/4581 
f 5278/5983/4111 5281/5986/4583 5279/5984/4581 5276/5981/4109 
f 5281/5986/4583 5282/5987/4584 5280/5985/4582 5279/5984/4581 
f 5206/5884/4548 5205/5883/4038 5283/5988/4116 5284/5989/4585 
f 5205/5883/4038 5202/5878/4546 5280/5985/4582 5283/5988/4116 
f 5282/5987/4584 5285/5990/4118 5283/5988/4116 5280/5985/4582 
f 5285/5990/4118 5286/5991/4119 5284/5989/4585 5283/5988/4116 
f 5210/5890/4043 5209/5889/4551 5287/5992/4120 5288/5993/4121 
f 5209/5889/4551 5206/5884/4548 5284/5989/4585 5287/5992/4120 
f 5286/5991/4119 5289/5994/4122 5287/5992/4120 5284/5989/4585 
f 5289/5994/4122 5290/5995/4123 5288/5993/4121 5287/5992/4120 
f 5214/5896/4047 5213/5895/4046 5291/5996/4586 5292/5997/4125 
f 5213/5895/4046 5210/5890/4043 5288/5993/4121 5291/5996/4586 
f 5290/5995/4123 5293/5998/4126 5291/5996/4586 5288/5993/4121 
f 5293/5998/4126 5294/5999/4127 5292/5997/4125 5291/5996/4586 
f 5218/5902/4051 5217/5901/4553 5295/6000/4128 5296/6001/4587 
f 5217/5901/4553 5214/5896/4047 5292/5997/4125 5295/6000/4128 
f 5294/5999/4127 5297/6002/4130 5295/6000/4128 5292/5997/4125 
f 5297/6002/4130 5298/6003/4588 5296/6001/4587 5295/6000/4128 
f 5222/5908/4555 5221/5907/4054 5299/6004/4132 5300/6005/4589 
f 5221/5907/4054 5218/5902/4051 5296/6001/4587 5299/6004/4132 
f 5298/6003/4588 5301/6006/4590 5299/6004/4132 5296/6001/4587 
f 5301/6006/4590 5302/6007/4135 5300/6005/4589 5299/6004/4132 
f 5226/5914/4059 5225/5913/4557 5303/6008/4136 5304/6009/4137 
f 5225/5913/4557 5222/5908/4555 5300/6005/4589 5303/6008/4136 
f 5302/6007/4135 5305/6010/4591 5303/6008/4136 5300/6005/4589 
f 5305/6010/4591 5306/6011/4139 5304/6009/4137 5303/6008/4136 
f 5230/5920/4063 5229/5919/4560 5307/6012/4140 5308/6013/4141 
f 5229/5919/4560 5226/5914/4059 5304/6009/4137 5307/6012/4140 
f 5306/6011/4139 5309/6014/4142 5307/6012/4140 5304/6009/4137 
f 5309/6014/4142 5310/6015/4592 5308/6013/4141 5307/6012/4140 
f 5234/5926/4562 5233/5925/4066 5311/6016/4144 5312/6017/4145 
f 5233/5925/4066 5230/5920/4063 5308/6013/4141 5311/6016/4144 
f 5310/6015/4592 5313/6018/4146 5311/6016/4144 5308/6013/4141 
f 5313/6018/4146 5314/6019/4593 5312/6017/4145 5311/6016/4144 
f 5238/5932/4071 5237/5931/4070 5315/6020/4148 5316/6021/4594 
f 5237/5931/4070 5234/5926/4562 5312/6017/4145 5315/6020/4148 
f 5314/6019/4593 5317/6022/4595 5315/6020/4148 5312/6017/4145 
f 5317/6022/4595 5318/6023/4151 5316/6021/4594 5315/6020/4148 
f 5242/5938/4565 5241/5937/4564 5319/6024/4152 5320/6025/4153 
f 5241/5937/4564 5238/5932/4071 5316/6021/4594 5319/6024/4152 
f 5318/6023/4151 5321/6026/4154 5319/6024/4152 5316/6021/4594 
f 5321/6026/4154 5322/6027/4155 5320/6025/4153 5319/6024/4152 
f 5246/5944/4079 5245/5943/4078 5323/6028/4156 5324/6029/4157 
f 5245/5943/4078 5242/5938/4565 5320/6025/4153 5323/6028/4156 
f 5322/6027/4155 5325/6030/4596 5323/6028/4156 5320/6025/4153 
f 5325/6030/4596 5326/6031/4597 5324/6029/4157 5323/6028/4156 
f 5250/5950/4083 5249/5949/4082 5327/6032/4598 5328/6033/4161 
f 5249/5949/4082 5246/5944/4079 5324/6029/4157 5327/6032/4598 
f 5326/6031/4597 5329/6034/4162 5327/6032/4598 5324/6029/4157 
f 5329/6034/4162 5330/6035/4599 5328/6033/4161 5327/6032/4598 
f 5254/5956/4569 5253/5955/4086 5331/6036/4600 5332/6037/4165 
f 5253/5955/4086 5250/5950/4083 5328/6033/4161 5331/6036/4600 
f 5330/6035/4599 5333/6038/4166 5331/6036/4600 5328/6033/4161 
f 5333/6038/4166 5334/6039/4167 5332/6037/4165 5331/6036/4600 
f 5258/5962/4091 5257/5961/4570 5335/6040/4601 5336/6041/4602 
f 5257/5961/4570 5254/5956/4569 5332/6037/4165 5335/6040/4601 
f 5334/6039/4167 5337/6042/4603 5335/6040/4601 5332/6037/4165 
f 5337/6042/4603 5338/6043/4171 5336/6041/4602 5335/6040/4601 
f 5184/5852/4017 5260/5965/4572 5339/6044/4604 5263/5968/4096 
f 5260/5965/4572 5258/5962/4091 5336/6041/4602 5339/6044/4604 
f 5338/6043/4171 5340/6045/4605 5339/6044/4604 5336/6041/4602 
f 5340/6045/4605 5264/5969/4575 5263/5968/4096 5339/6044/4604 
f 5266/5971/4099 5265/5970/4576 5341/6046/4606 5342/6047/4175 
f 5265/5970/4576 5264/5969/4575 5343/6048/4607 5341/6046/4606 
f 5344/6049/3951 5345/6050/3958 5341/6046/4606 5343/6048/4607 
f 5345/6050/3958 5346/6051/4608 5342/6047/4175 5341/6046/4606 
f 5270/5975/4103 5269/5974/4102 5347/6052/4178 5348/6053/4179 
f 5269/5974/4102 5266/5971/4099 5342/6047/4175 5347/6052/4178 
f 5346/6051/4608 5349/6054/3964 5347/6052/4178 5342/6047/4175 
f 5349/6054/3964 5350/6055/4180 5348/6053/4179 5347/6052/4178 
f 5274/5979/4579 5273/5978/4578 5351/6056/4181 5352/6057/4609 
f 5273/5978/4578 5270/5975/4103 5348/6053/4179 5351/6056/4181 
f 5350/6055/4180 5353/6058/3970 5351/6056/4181 5348/6053/4179 
f 5353/6058/3970 5354/6059/3969 5352/6057/4609 5351/6056/4181 
f 5278/5983/4111 5277/5982/4110 5355/6060/4183 5356/6061/4184 
f 5277/5982/4110 5274/5979/4579 5352/6057/4609 5355/6060/4183 
f 5354/6059/3969 5357/6062/3976 5355/6060/4183 5352/6057/4609 
f 5357/6062/3976 5358/6063/3975 5356/6061/4184 5355/6060/4183 
f 5282/5987/4584 5281/5986/4583 5359/6064/4185 5360/6065/4610 
f 5281/5986/4583 5278/5983/4111 5356/6061/4184 5359/6064/4185 
f 5358/6063/3975 5361/6066/3982 5359/6064/4185 5356/6061/4184 
f 5361/6066/3982 5362/6067/4187 5360/6065/4610 5359/6064/4185 
f 5286/5991/4119 5285/5990/4118 5363/6068/4188 5364/6069/4189 
f 5285/5990/4118 5282/5987/4584 5360/6065/4610 5363/6068/4188 
f 5362/6067/4187 5365/6070/3988 5363/6068/4188 5360/6065/4610 
f 5365/6070/3988 5366/6071/4533 5364/6069/4189 5363/6068/4188 
f 5290/5995/4123 5289/5994/4122 5367/6072/4190 5368/6073/4611 
f 5289/5994/4122 5286/5991/4119 5364/6069/4189 5367/6072/4190 
f 5366/6071/4533 5369/6074/4612 5367/6072/4190 5364/6069/4189 
f 5369/6074/4612 5370/6075/3993 5368/6073/4611 5367/6072/4190 
f 5294/5999/4127 5293/5998/4126 5371/6076/4192 5372/6077/4613 
f 5293/5998/4126 5290/5995/4123 5368/6073/4611 5371/6076/4192 
f 5370/6075/3993 5373/6078/4000 5371/6076/4192 5368/6073/4611 
f 5373/6078/4000 5374/6079/3999 5372/6077/4613 5371/6076/4192 
f 5298/6003/4588 5297/6002/4130 5375/6080/4195 5376/6081/4614 
f 5297/6002/4130 5294/5999/4127 5372/6077/4613 5375/6080/4195 
f 5374/6079/3999 5377/6082/4006 5375/6080/4195 5372/6077/4613 
f 5377/6082/4006 5378/6083/4615 5376/6081/4614 5375/6080/4195 
f 5302/6007/4135 5301/6006/4590 5379/6084/4616 5380/6085/4200 
f 5301/6006/4590 5298/6003/4588 5376/6081/4614 5379/6084/4616 
f 5378/6083/4615 5381/6086/4011 5379/6084/4616 5376/6081/4614 
f 5381/6086/4011 5382/6087/4506 5380/6085/4200 5379/6084/4616 
f 5306/6011/4139 5305/6010/4591 5383/6088/4202 5384/6089/4617 
f 5305/6010/4591 5302/6007/4135 5380/6085/4200 5383/6088/4202 
f 5382/6087/4506 5385/6090/3895 5383/6088/4202 5380/6085/4200 
f 5385/6090/3895 5386/6091/4504 5384/6089/4617 5383/6088/4202 
f 5310/6015/4592 5309/6014/4142 5387/6092/4204 5388/6093/4205 
f 5309/6014/4142 5306/6011/4139 5384/6089/4617 5387/6092/4204 
f 5386/6091/4504 5389/6094/3904 5387/6092/4204 5384/6089/4617 
f 5389/6094/3904 5390/6095/3903 5388/6093/4205 5387/6092/4204 
f 5314/6019/4593 5313/6018/4146 5391/6096/4206 5392/6097/4207 
f 5313/6018/4146 5310/6015/4592 5388/6093/4205 5391/6096/4206 
f 5390/6095/3903 5393/6098/3910 5391/6096/4206 5388/6093/4205 
f 5393/6098/3910 5394/6099/3909 5392/6097/4207 5391/6096/4206 
f 5318/6023/4151 5317/6022/4595 5395/6100/4209 5396/6101/4618 
f 5317/6022/4595 5314/6019/4593 5392/6097/4207 5395/6100/4209 
f 5394/6099/3909 5397/6102/3916 5395/6100/4209 5392/6097/4207 
f 5397/6102/3916 5398/6103/3915 5396/6101/4618 5395/6100/4209 
f 5322/6027/4155 5321/6026/4154 5399/6104/4211 5400/6105/4212 
f 5321/6026/4154 5318/6023/4151 5396/6106/4618 5399/6104/4211 
f 5398/6107/3915 5401/6108/4619 5399/6104/4211 5396/6106/4618 
f 5401/6108/4619 5402/6109/3921 5400/6105/4212 5399/6104/4211 
f 5326/6031/4597 5325/6030/4596 5403/6110/4213 5404/6111/4214 
f 5325/6030/4596 5322/6027/4155 5400/6105/4212 5403/6110/4213 
f 5402/6109/3921 5405/6112/3928 5403/6110/4213 5400/6105/4212 
f 5405/6112/3928 5406/6113/4512 5404/6111/4214 5403/6110/4213 
f 5330/6035/4599 5329/6034/4162 5407/6114/4215 5408/6115/4216 
f 5329/6034/4162 5326/6031/4597 5404/6111/4214 5407/6114/4215 
f 5406/6113/4512 5409/6116/4620 5407/6114/4215 5404/6111/4214 
f 5409/6116/4620 5410/6117/3933 5408/6115/4216 5407/6114/4215 
f 5334/6039/4167 5333/6038/4166 5411/6118/4621 5412/6119/4622 
f 5333/6038/4166 5330/6035/4599 5408/6115/4216 5411/6118/4621 
f 5410/6117/3933 5413/6120/4219 5411/6118/4621 5408/6115/4216 
f 5413/6120/4219 5414/6121/4623 5412/6119/4622 5411/6118/4621 
f 5338/6043/4171 5337/6042/4603 5415/6122/4624 5416/6123/4221 
f 5337/6042/4603 5334/6039/4167 5412/6119/4622 5415/6122/4624 
f 5414/6121/4623 5417/6124/4625 5415/6122/4624 5412/6119/4622 
f 5417/6124/4625 5418/6125/3945 5416/6123/4221 5415/6122/4624 
f 5264/5969/4575 5340/6045/4605 5419/6126/4626 5343/6048/4607 
f 5340/6045/4605 5338/6043/4171 5416/6123/4221 5419/6126/4626 
f 5418/6125/3945 5420/6127/3952 5419/6126/4626 5416/6123/4221 
f 5420/6127/3952 5344/6049/3951 5343/6048/4607 5419/6126/4626 
f 5346/6128/4608 5345/6129/3958 5421/6130/4627 5422/6131/4225 
f 5345/6129/3958 5344/6132/3951 5423/6133/4226 5421/6130/4627 
f 5424/6134/4227 5425/6135/4228 5421/6130/4627 5423/6133/4226 
f 5425/6135/4228 5426/6136/4229 5422/6131/4225 5421/6130/4627 
f 5350/6137/4180 5349/6138/3964 5427/6139/4230 5428/6140/4231 
f 5349/6138/3964 5346/6128/4608 5422/6131/4225 5427/6139/4230 
f 5426/6136/4229 5429/6141/4232 5427/6139/4230 5422/6131/4225 
f 5429/6141/4232 5430/6142/4233 5428/6140/4231 5427/6139/4230 
f 5354/6143/3969 5353/6144/3970 5431/6145/4234 5432/6146/4235 
f 5353/6144/3970 5350/6137/4180 5428/6140/4231 5431/6145/4234 
f 5430/6142/4233 5433/6147/4236 5431/6145/4234 5428/6140/4231 
f 5433/6147/4236 5434/6148/4237 5432/6146/4235 5431/6145/4234 
f 5358/6149/3975 5357/6150/3976 5435/6151/4238 5436/6152/4239 
f 5357/6150/3976 5354/6143/3969 5432/6146/4235 5435/6151/4238 
f 5434/6148/4237 5437/6153/4628 5435/6151/4238 5432/6146/4235 
f 5437/6153/4628 5438/6154/4241 5436/6152/4239 5435/6151/4238 
f 5362/6155/4187 5361/6156/3982 5439/6157/4242 5440/6158/4243 
f 5361/6156/3982 5358/6149/3975 5436/6152/4239 5439/6157/4242 
f 5438/6154/4241 5441/6159/4629 5439/6157/4242 5436/6152/4239 
f 5441/6159/4629 5442/6160/4245 5440/6158/4243 5439/6157/4242 
f 5366/6161/4533 5365/6162/3988 5443/6163/4630 5444/6164/4247 
f 5365/6162/3988 5362/6155/4187 5440/6158/4243 5443/6163/4630 
f 5442/6160/4245 5445/6165/4631 5443/6163/4630 5440/6158/4243 
f 5445/6165/4631 5446/6166/4632 5444/6164/4247 5443/6163/4630 
f 5370/6167/3993 5369/6168/4612 5447/6169/4250 5448/6170/4251 
f 5369/6168/4612 5366/6161/4533 5444/6164/4247 5447/6169/4250 
f 5446/6166/4632 5449/6171/4252 5447/6169/4250 5444/6164/4247 
f 5449/6171/4252 5450/6172/4253 5448/6170/4251 5447/6169/4250 
f 5374/6173/3999 5373/6174/4000 5451/6175/4633 5452/6176/4634 
f 5373/6174/4000 5370/6167/3993 5448/6170/4251 5451/6175/4633 
f 5450/6172/4253 5453/6177/4635 5451/6175/4633 5448/6170/4251 
f 5453/6177/4635 5454/6178/4636 5452/6176/4634 5451/6175/4633 
f 5378/6179/4615 5377/6180/4006 5455/6181/4637 5456/6182/4259 
f 5377/6180/4006 5374/6173/3999 5452/6176/4634 5455/6181/4637 
f 5454/6178/4636 5457/6183/4260 5455/6181/4637 5452/6176/4634 
f 5457/6183/4260 5458/6184/4638 5456/6182/4259 5455/6181/4637 
f 5382/6185/4506 5381/6186/4011 5459/6187/4262 5460/6188/4263 
f 5381/6186/4011 5378/6179/4615 5456/6182/4259 5459/6187/4262 
f 5458/6184/4638 5461/6189/4264 5459/6187/4262 5456/6182/4259 
f 5461/6189/4264 5462/6190/4265 5460/6188/4263 5459/6187/4262 
f 5386/6191/4504 5385/6192/3895 5463/6193/4639 5464/6194/4267 
f 5385/6192/3895 5382/6185/4506 5460/6188/4263 5463/6193/4639 
f 5462/6190/4265 5465/6195/4268 5463/6193/4639 5460/6188/4263 
f 5465/6195/4268 5466/6196/4640 5464/6194/4267 5463/6193/4639 
f 5390/6197/3903 5389/6198/3904 5467/6199/4270 5468/6200/4641 
f 5389/6198/3904 5386/6191/4504 5464/6194/4267 5467/6199/4270 
f 5466/6196/4640 5469/6201/4272 5467/6199/4270 5464/6194/4267 
f 5469/6201/4272 5470/6202/4273 5468/6200/4641 5467/6199/4270 
f 5394/6203/3909 5393/6204/3910 5471/6205/4274 5472/6206/4275 
f 5393/6204/3910 5390/6197/3903 5468/6200/4641 5471/6205/4274 
f 5470/6202/4273 5473/6207/4276 5471/6205/4274 5468/6200/4641 
f 5473/6207/4276 5474/6208/4642 5472/6206/4275 5471/6205/4274 
f 5398/6209/3915 5397/6210/3916 5475/6211/4278 5476/6212/4279 
f 5397/6210/3916 5394/6203/3909 5472/6206/4275 5475/6211/4278 
f 5474/6208/4642 5477/6213/4643 5475/6211/4278 5472/6206/4275 
f 5477/6213/4643 5478/6214/4281 5476/6212/4279 5475/6211/4278 
f 5402/6215/3921 5401/6216/4619 5479/6217/4644 5480/6218/4645 
f 5401/6216/4619 5398/6209/3915 5476/6212/4279 5479/6217/4644 
f 5478/6214/4281 5481/6219/4284 5479/6217/4644 5476/6212/4279 
f 5481/6219/4284 5482/6220/4646 5480/6218/4645 5479/6217/4644 
f 5406/6221/4512 5405/6222/3928 5483/6223/4286 5484/6224/4287 
f 5405/6222/3928 5402/6215/3921 5480/6218/4645 5483/6223/4286 
f 5482/6220/4646 5485/6225/4288 5483/6223/4286 5480/6218/4645 
f 5485/6225/4288 5486/6226/4289 5484/6224/4287 5483/6223/4286 
f 5410/6227/3933 5409/6228/4620 5487/6229/4290 5488/6230/4291 
f 5409/6228/4620 5406/6221/4512 5484/6224/4287 5487/6229/4290 
f 5486/6226/4289 5489/6231/4292 5487/6229/4290 5484/6224/4287 
f 5489/6231/4292 5490/6232/4647 5488/6230/4291 5487/6229/4290 
f 5414/6233/4623 5413/6234/4219 5491/6235/4648 5492/6236/4649 
f 5413/6234/4219 5410/6227/3933 5488/6230/4291 5491/6235/4648 
f 5490/6232/4647 5493/6237/4296 5491/6235/4648 5488/6230/4291 
f 5493/6237/4296 5494/6238/4297 5492/6236/4649 5491/6235/4648 
f 5418/6239/3945 5417/6240/4625 5495/6241/4298 5496/6242/4299 
f 5417/6240/4625 5414/6233/4623 5492/6236/4649 5495/6241/4298 
f 5494/6238/4297 5497/6243/4650 5495/6241/4298 5492/6236/4649 
f 5497/6243/4650 5498/6244/4651 5496/6242/4299 5495/6241/4298 
f 5344/6132/3951 5420/6245/3952 5499/6246/4652 5423/6133/4226 
f 5420/6245/3952 5418/6239/3945 5496/6242/4299 5499/6246/4652 
f 5498/6244/4651 5500/6247/4303 5499/6246/4652 5496/6242/4299 
f 5500/6247/4303 5424/6134/4227 5423/6133/4226 5499/6246/4652 
f 5426/6136/4229 5425/6135/4228 5501/6248/4304 5502/6249/4305 
f 5425/6135/4228 5424/6134/4227 5503/6250/4653 5501/6248/4304 
f 5504/6251/4654 5505/6252/4655 5501/6248/4304 5503/6250/4653 
f 5505/6252/4655 5506/6253/4656 5502/6249/4305 5501/6248/4304 
f 5430/6142/4233 5429/6141/4232 5507/6254/4657 5508/6255/4311 
f 5429/6141/4232 5426/6136/4229 5502/6249/4305 5507/6254/4657 
f 5506/6253/4656 5509/6256/4312 5507/6254/4657 5502/6249/4305 
f 5509/6256/4312 5510/6257/4313 5508/6255/4311 5507/6254/4657 
f 5434/6148/4237 5433/6147/4236 5511/6258/4314 5512/6259/4315 
f 5433/6147/4236 5430/6142/4233 5508/6255/4311 5511/6258/4314 
f 5510/6257/4313 5513/6260/4316 5511/6258/4314 5508/6255/4311 
f 5513/6260/4316 5514/6261/4317 5512/6259/4315 5511/6258/4314 
f 5438/6154/4241 5437/6153/4628 5515/6262/4318 5516/6263/4658 
f 5437/6153/4628 5434/6148/4237 5512/6259/4315 5515/6262/4318 
f 5514/6261/4317 5517/6264/4320 5515/6262/4318 5512/6259/4315 
f 5517/6264/4320 5518/6265/4321 5516/6263/4658 5515/6262/4318 
f 5442/6160/4245 5441/6159/4629 5519/6266/4322 5520/6267/4659 
f 5441/6159/4629 5438/6154/4241 5516/6263/4658 5519/6266/4322 
f 5518/6265/4321 5521/6268/4324 5519/6266/4322 5516/6263/4658 
f 5521/6268/4324 5522/6269/4325 5520/6267/4659 5519/6266/4322 
f 5446/6166/4632 5445/6165/4631 5523/6270/4660 5524/6271/4661 
f 5445/6165/4631 5442/6160/4245 5520/6267/4659 5523/6270/4660 
f 5522/6269/4325 5525/6272/4328 5523/6270/4660 5520/6267/4659 
f 5525/6272/4328 5526/6273/4662 5524/6271/4661 5523/6270/4660 
f 5450/6172/4253 5449/6171/4252 5527/6274/4663 5528/6275/4331 
f 5449/6171/4252 5446/6166/4632 5524/6271/4661 5527/6274/4663 
f 5526/6273/4662 5529/6276/4332 5527/6274/4663 5524/6271/4661 
f 5529/6276/4332 5530/6277/4333 5528/6275/4331 5527/6274/4663 
f 5454/6178/4636 5453/6177/4635 5531/6278/4664 5532/6279/4335 
f 5453/6177/4635 5450/6172/4253 5528/6275/4331 5531/6278/4664 
f 5530/6277/4333 5533/6280/4665 5531/6278/4664 5528/6275/4331 
f 5533/6280/4665 5534/6281/4666 5532/6279/4335 5531/6278/4664 
f 5458/6184/4638 5457/6183/4260 5535/6282/4667 5536/6283/4339 
f 5457/6183/4260 5454/6178/4636 5532/6279/4335 5535/6282/4667 
f 5534/6281/4666 5537/6284/4668 5535/6282/4667 5532/6279/4335 
f 5537/6284/4668 5538/6285/4341 5536/6283/4339 5535/6282/4667 
f 5462/6190/4265 5461/6189/4264 5539/6286/4669 5540/6287/4343 
f 5461/6189/4264 5458/6184/4638 5536/6283/4339 5539/6286/4669 
f 5538/6285/4341 5541/6288/4670 5539/6286/4669 5536/6283/4339 
f 5541/6288/4670 5542/6289/4345 5540/6287/4343 5539/6286/4669 
f 5466/6196/4640 5465/6195/4268 5543/6290/4671 5544/6291/4672 
f 5465/6195/4268 5462/6190/4265 5540/6287/4343 5543/6290/4671 
f 5542/6289/4345 5545/6292/4348 5543/6290/4671 5540/6287/4343 
f 5545/6292/4348 5546/6293/4673 5544/6291/4672 5543/6290/4671 
f 5470/6202/4273 5469/6201/4272 5547/6294/4350 5548/6295/4674 
f 5469/6201/4272 5466/6196/4640 5544/6291/4672 5547/6294/4350 
f 5546/6293/4673 5549/6296/4675 5547/6294/4350 5544/6291/4672 
f 5549/6296/4675 5550/6297/4676 5548/6295/4674 5547/6294/4350 
f 5474/6208/4642 5473/6207/4276 5551/6298/4354 5552/6299/4677 
f 5473/6207/4276 5470/6202/4273 5548/6295/4674 5551/6298/4354 
f 5550/6297/4676 5553/6300/4678 5551/6298/4354 5548/6295/4674 
f 5553/6300/4678 5554/6301/4357 5552/6299/4677 5551/6298/4354 
f 5478/6214/4281 5477/6213/4643 5555/6302/4358 5556/6303/4679 
f 5477/6213/4643 5474/6208/4642 5552/6299/4677 5555/6302/4358 
f 5554/6301/4357 5557/6304/4680 5555/6302/4358 5552/6299/4677 
f 5557/6304/4680 5558/6305/4361 5556/6303/4679 5555/6302/4358 
f 5482/6220/4646 5481/6219/4284 5559/6306/4362 5560/6307/4681 
f 5481/6219/4284 5478/6214/4281 5556/6303/4679 5559/6306/4362 
f 5558/6305/4361 5561/6308/4364 5559/6306/4362 5556/6303/4679 
f 5561/6308/4364 5562/6309/4365 5560/6307/4681 5559/6306/4362 
f 5486/6226/4289 5485/6225/4288 5563/6310/4366 5564/6311/4682 
f 5485/6225/4288 5482/6220/4646 5560/6307/4681 5563/6310/4366 
f 5562/6309/4365 5565/6312/4683 5563/6310/4366 5560/6307/4681 
f 5565/6312/4683 5566/6313/4684 5564/6311/4682 5563/6310/4366 
f 5490/6232/4647 5489/6231/4292 5567/6314/4685 5568/6315/4371 
f 5489/6231/4292 5486/6226/4289 5564/6311/4682 5567/6314/4685 
f 5566/6313/4684 5569/6316/4686 5567/6314/4685 5564/6311/4682 
f 5569/6316/4686 5570/6317/4687 5568/6315/4371 5567/6314/4685 
f 5494/6238/4297 5493/6237/4296 5571/6318/4374 5572/6319/4688 
f 5493/6237/4296 5490/6232/4647 5568/6315/4371 5571/6318/4374 
f 5570/6317/4687 5573/6320/4689 5571/6318/4374 5568/6315/4371 
f 5573/6320/4689 5574/6321/4690 5572/6319/4688 5571/6318/4374 
f 5498/6244/4651 5497/6243/4650 5575/6322/4378 5576/6323/4379 
f 5497/6243/4650 5494/6238/4297 5572/6319/4688 5575/6322/4378 
f 5574/6321/4690 5577/6324/4380 5575/6322/4378 5572/6319/4688 
f 5577/6324/4380 5578/6325/4381 5576/6323/4379 5575/6322/4378 
f 5424/6134/4227 5500/6247/4303 5579/6326/4382 5503/6250/4653 
f 5500/6247/4303 5498/6244/4651 5576/6323/4379 5579/6326/4382 
f 5578/6325/4381 5580/6327/4691 5579/6326/4382 5576/6323/4379 
f 5580/6327/4691 5504/6251/4654 5503/6250/4653 5579/6326/4382 
f 5506/6253/4656 5505/6252/4655 5581/6328/4384 5582/6329/4692 
f 5505/6252/4655 5504/6251/4654 5583/6330/4693 5581/6328/4384 
f 5584/6331/4694 5585/6332/4695 5581/6328/4384 5583/6330/4693 
f 5585/6332/4695 5586/6333/4389 5582/6329/4692 5581/6328/4384 
f 5510/6257/4313 5509/6256/4312 5587/6334/4696 5588/6335/4697 
f 5509/6256/4312 5506/6253/4656 5582/6329/4692 5587/6334/4696 
f 5586/6333/4389 5589/6336/4698 5587/6334/4696 5582/6329/4692 
f 5589/6336/4698 5590/6337/4393 5588/6335/4697 5587/6334/4696 
f 5514/6261/4317 5513/6260/4316 5591/6338/4394 5592/6339/4699 
f 5513/6260/4316 5510/6257/4313 5588/6335/4697 5591/6338/4394 
f 5590/6337/4393 5593/6340/4700 5591/6338/4394 5588/6335/4697 
f 5593/6340/4700 5594/6341/4397 5592/6339/4699 5591/6338/4394 
f 5518/6265/4321 5517/6264/4320 5595/6342/4398 5596/6343/4701 
f 5517/6264/4320 5514/6261/4317 5592/6339/4699 5595/6342/4398 
f 5594/6341/4397 5597/6344/4400 5595/6342/4398 5592/6339/4699 
f 5597/6344/4400 5598/6345/4702 5596/6343/4701 5595/6342/4398 
f 5522/6269/4325 5521/6268/4324 5599/6346/4402 5600/6347/4703 
f 5521/6268/4324 5518/6265/4321 5596/6343/4701 5599/6346/4402 
f 5598/6345/4702 5601/6348/4704 5599/6346/4402 5596/6343/4701 
f 5601/6348/4704 5602/6349/4405 5600/6347/4703 5599/6346/4402 
f 5526/6273/4662 5525/6272/4328 5603/6350/4406 5604/6351/4407 
f 5525/6272/4328 5522/6269/4325 5600/6347/4703 5603/6350/4406 
f 5602/6349/4405 5605/6352/4705 5603/6350/4406 5600/6347/4703 
f 5605/6352/4705 5606/6353/4409 5604/6351/4407 5603/6350/4406 
f 5530/6277/4333 5529/6276/4332 5607/6354/4410 5608/6355/4706 
f 5529/6276/4332 5526/6273/4662 5604/6351/4407 5607/6354/4410 
f 5606/6353/4409 5609/6356/4412 5607/6354/4410 5604/6351/4407 
f 5609/6356/4412 5610/6357/4707 5608/6355/4706 5607/6354/4410 
f 5534/6281/4666 5533/6280/4665 5611/6358/4414 5612/6359/4708 
f 5533/6280/4665 5530/6277/4333 5608/6355/4706 5611/6358/4414 
f 5610/6357/4707 5613/6360/4709 5611/6358/4414 5608/6355/4706 
f 5613/6360/4709 5614/6361/4417 5612/6359/4708 5611/6358/4414 
f 5538/6285/4341 5537/6284/4668 5615/6362/4418 5616/6363/4710 
f 5537/6284/4668 5534/6281/4666 5612/6359/4708 5615/6362/4418 
f 5614/6361/4417 5617/6364/4420 5615/6362/4418 5612/6359/4708 
f 5617/6364/4420 5618/6365/4421 5616/6363/4710 5615/6362/4418 
f 5542/6289/4345 5541/6288/4670 5619/6366/4711 5620/6367/4712 
f 5541/6288/4670 5538/6285/4341 5616/6363/4710 5619/6366/4711 
f 5618/6365/4421 5621/6368/4713 5619/6366/4711 5616/6363/4710 
f 5621/6368/4713 5622/6369/4714 5620/6367/4712 5619/6366/4711 
f 5546/6293/4673 5545/6292/4348 5623/6370/4426 5624/6371/4427 
f 5545/6292/4348 5542/6289/4345 5620/6367/4712 5623/6370/4426 
f 5622/6369/4714 5625/6372/4428 5623/6370/4426 5620/6367/4712 
f 5625/6372/4428 5626/6373/4715 5624/6371/4427 5623/6370/4426 
f 5550/6297/4676 5549/6296/4675 5627/6374/4430 5628/6375/4431 
f 5549/6296/4675 5546/6293/4673 5624/6371/4427 5627/6374/4430 
f 5626/6373/4715 5629/6376/4716 5627/6374/4430 5624/6371/4427 
f 5629/6376/4716 5630/6377/4433 5628/6375/4431 5627/6374/4430 
f 5554/6301/4357 5553/6300/4678 5631/6378/4717 5632/6379/4718 
f 5553/6300/4678 5550/6297/4676 5628/6375/4431 5631/6378/4717 
f 5630/6377/4433 5633/6380/4436 5631/6378/4717 5628/6375/4431 
f 5633/6380/4436 5634/6381/4437 5632/6379/4718 5631/6378/4717 
f 5558/6305/4361 5557/6304/4680 5635/6382/4438 5636/6383/4439 
f 5557/6304/4680 5554/6301/4357 5632/6379/4718 5635/6382/4438 
f 5634/6381/4437 5637/6384/4440 5635/6382/4438 5632/6379/4718 
f 5637/6384/4440 5638/6385/4719 5636/6383/4439 5635/6382/4438 
f 5562/6309/4365 5561/6308/4364 5639/6386/4442 5640/6387/4443 
f 5561/6308/4364 5558/6305/4361 5636/6383/4439 5639/6386/4442 
f 5638/6385/4719 5641/6388/4444 5639/6386/4442 5636/6383/4439 
f 5641/6388/4444 5642/6389/4445 5640/6387/4443 5639/6386/4442 
f 5566/6313/4684 5565/6312/4683 5643/6390/4446 5644/6391/4720 
f 5565/6312/4683 5562/6309/4365 5640/6387/4443 5643/6390/4446 
f 5642/6389/4445 5645/6392/4721 5643/6390/4446 5640/6387/4443 
f 5645/6392/4721 5646/6393/4449 5644/6391/4720 5643/6390/4446 
f 5570/6317/4687 5569/6316/4686 5647/6394/4722 5648/6395/4451 
f 5569/6316/4686 5566/6313/4684 5644/6391/4720 5647/6394/4722 
f 5646/6393/4449 5649/6396/4452 5647/6394/4722 5644/6391/4720 
f 5649/6396/4452 5650/6397/4723 5648/6395/4451 5647/6394/4722 
f 5574/6321/4690 5573/6320/4689 5651/6398/4724 5652/6399/4725 
f 5573/6320/4689 5570/6317/4687 5648/6395/4451 5651/6398/4724 
f 5650/6397/4723 5653/6400/4726 5651/6398/4724 5648/6395/4451 
f 5653/6400/4726 5654/6401/4727 5652/6399/4725 5651/6398/4724 
f 5578/6325/4381 5577/6324/4380 5655/6402/4458 5656/6403/4728 
f 5577/6324/4380 5574/6321/4690 5652/6399/4725 5655/6402/4458 
f 5654/6401/4727 5657/6404/4729 5655/6402/4458 5652/6399/4725 
f 5657/6404/4729 5658/6405/4461 5656/6403/4728 5655/6402/4458 
f 5504/6251/4654 5580/6327/4691 5659/6406/4730 5583/6330/4693 
f 5580/6327/4691 5578/6325/4381 5656/6403/4728 5659/6406/4730 
f 5658/6405/4461 5660/6407/4731 5659/6406/4730 5656/6403/4728 
f 5660/6407/4731 5584/6331/4694 5583/6330/4693 5659/6406/4730 
f 5586/6333/4389 5585/6332/4695 5661/6408/4464 5662/6409/4732 
f 5585/6332/4695 5584/6331/4694 5663/6410/4733 5661/6408/4464 
f 5065/5728/4506 5062/5725/3895 5661/6408/4464 5663/6410/4733 
f 5062/5725/3895 5061/5724/4504 5662/6409/4732 5661/6408/4464 
f 5590/6337/4393 5589/6336/4698 5664/6411/4467 5665/6412/4468 
f 5589/6336/4698 5586/6333/4389 5662/6409/4732 5664/6411/4467 
f 5061/5724/4504 5071/5734/3904 5664/6411/4467 5662/6409/4732 
f 5071/5734/3904 5070/5733/3903 5665/6412/4468 5664/6411/4467 
f 5594/6341/4397 5593/6340/4700 5666/6413/4734 5667/6414/4735 
f 5593/6340/4700 5590/6337/4393 5665/6412/4468 5666/6413/4734 
f 5070/5733/3903 5077/5740/3910 5666/6413/4734 5665/6412/4468 
f 5077/5740/3910 5076/5739/3909 5667/6414/4735 5666/6413/4734 
f 5598/6345/4702 5597/6344/4400 5668/6415/4736 5669/6416/4737 
f 5597/6344/4400 5594/6341/4397 5667/6414/4735 5668/6415/4736 
f 5076/5739/3909 5083/5746/3916 5668/6415/4736 5667/6414/4735 
f 5083/5746/3916 5082/5745/3915 5669/6416/4737 5668/6415/4736 
f 5602/6349/4405 5601/6348/4704 5670/6417/4473 5671/6418/4738 
f 5601/6348/4704 5598/6345/4702 5669/6416/4737 5670/6417/4473 
f 5082/5745/3915 5089/5752/3922 5670/6417/4473 5669/6416/4737 
f 5089/5752/3922 5088/5751/3921 5671/6418/4738 5670/6417/4473 
f 5606/6353/4409 5605/6352/4705 5672/6419/4739 5673/6420/4476 
f 5605/6352/4705 5602/6349/4405 5671/6418/4738 5672/6419/4739 
f 5088/5751/3921 5095/5758/4513 5672/6419/4739 5671/6418/4738 
f 5095/5758/4513 5094/5757/4512 5673/6420/4476 5672/6419/4739 
f 5610/6357/4707 5609/6356/4412 5674/6421/4477 5675/6422/4478 
f 5609/6356/4412 5606/6353/4409 5673/6420/4476 5674/6421/4477 
f 5094/5757/4512 5101/5764/4517 5674/6421/4477 5673/6420/4476 
f 5101/5764/4517 5100/5763/3933 5675/6422/4478 5674/6421/4477 
f 5614/6361/4417 5613/6360/4709 5676/6423/4479 5677/6424/4480 
f 5613/6360/4709 5610/6357/4707 5675/6422/4478 5676/6423/4479 
f 5100/5763/3933 5107/5770/4520 5676/6423/4479 5675/6422/4478 
f 5107/5770/4520 5106/5769/3939 5677/6424/4480 5676/6423/4479 
f 5618/6365/4421 5617/6364/4420 5678/6425/4481 5679/6426/4482 
f 5617/6364/4420 5614/6361/4417 5677/6424/4480 5678/6425/4481 
f 5106/5769/3939 5113/5776/4222 5678/6425/4481 5677/6424/4480 
f 5113/5776/4222 5112/5775/3945 5679/6426/4482 5678/6425/4481 
f 5622/6369/4714 5621/6368/4713 5680/6427/4483 5681/6428/4484 
f 5621/6368/4713 5618/6365/4421 5679/6426/4482 5680/6427/4483 
f 5112/5775/3945 5119/5782/3952 5680/6427/4483 5679/6426/4482 
f 5119/5782/3952 5118/5781/4524 5681/6428/4484 5680/6427/4483 
f 5626/6373/4715 5625/6372/4428 5682/6429/4485 5683/6430/4486 
f 5625/6372/4428 5622/6369/4714 5681/6428/4484 5682/6429/4485 
f 5118/5781/4524 5125/5788/3958 5682/6429/4485 5681/6428/4484 
f 5125/5788/3958 5124/5787/3957 5683/6430/4486 5682/6429/4485 
f 5630/6377/4433 5629/6376/4716 5684/6431/4487 5685/6432/4740 
f 5629/6376/4716 5626/6373/4715 5683/6430/4486 5684/6431/4487 
f 5124/5787/3957 5131/5794/3964 5684/6431/4487 5683/6430/4486 
f 5131/5794/3964 5130/5793/4180 5685/6432/4740 5684/6431/4487 
f 5634/6381/4437 5633/6380/4436 5686/6433/4489 5687/6434/4741 
f 5633/6380/4436 5630/6377/4433 5685/6432/4740 5686/6433/4489 
f 5130/5793/4180 5137/5800/3970 5686/6433/4489 5685/6432/4740 
f 5137/5800/3970 5136/5799/3969 5687/6434/4741 5686/6433/4489 
f 5638/6385/4719 5637/6384/4440 5688/6435/4491 5689/6436/4492 
f 5637/6384/4440 5634/6381/4437 5687/6434/4741 5688/6435/4491 
f 5136/5799/3969 5143/5806/3976 5688/6435/4491 5687/6434/4741 
f 5143/5806/3976 5142/5805/3975 5689/6436/4492 5688/6435/4491 
f 5642/6389/4445 5641/6388/4444 5690/6437/4493 5691/6438/4494 
f 5641/6388/4444 5638/6385/4719 5689/6436/4492 5690/6437/4493 
f 5142/5805/3975 5149/5812/3982 5690/6437/4493 5689/6436/4492 
f 5149/5812/3982 5148/5811/3981 5691/6438/4494 5690/6437/4493 
f 5646/6393/4449 5645/6392/4721 5692/6439/4495 5693/6440/4742 
f 5645/6392/4721 5642/6389/4445 5691/6438/4494 5692/6439/4495 
f 5148/5811/3981 5155/5818/3988 5692/6439/4495 5691/6438/4494 
f 5155/5818/3988 5154/5817/4533 5693/6440/4742 5692/6439/4495 
f 5650/6397/4723 5649/6396/4452 5694/6441/4743 5695/6442/4498 
f 5649/6396/4452 5646/6393/4449 5693/6440/4742 5694/6441/4743 
f 5154/5817/4533 5161/5824/4535 5694/6441/4743 5693/6440/4742 
f 5161/5824/4535 5160/5823/3993 5695/6442/4498 5694/6441/4743 
f 5654/6401/4727 5653/6400/4726 5696/6443/4744 5697/6444/4745 
f 5653/6400/4726 5650/6397/4723 5695/6442/4498 5696/6443/4744 
f 5160/5823/3993 5167/5832/4000 5696/6443/4744 5695/6442/4498 
f 5167/5832/4000 5166/5831/4194 5697/6444/4745 5696/6443/4744 
f 5658/6405/4461 5657/6404/4729 5698/6445/4501 5699/6446/4746 
f 5657/6404/4729 5654/6401/4727 5697/6444/4745 5698/6445/4501 
f 5166/5831/4194 5173/5838/4197 5698/6445/4501 5697/6444/4745 
f 5173/5838/4197 5172/5837/4005 5699/6446/4746 5698/6445/4501 
f 5584/6331/4694 5660/6407/4731 5700/6447/4747 5663/6410/4733 
f 5660/6407/4731 5658/6405/4461 5699/6446/4746 5700/6447/4747 
f 5172/5837/4005 5178/5843/4011 5700/6447/4747 5699/6446/4746 
f 5178/5843/4011 5065/5728/4506 5663/6410/4733 5700/6447/4747 
f 5701/6448/3894 5702/6449/3895 5703/6450/3896 5704/6451/4505 
f 5702/6449/3895 5705/6452/4748 5706/6453/3899 5703/6450/3896 
f 5707/6454/4749 5708/6455/3901 5703/6450/3896 5706/6453/3899 
f 5708/6455/3901 5709/6456/3902 5704/6451/4505 5703/6450/3896 
f 5710/6457/3903 5711/6458/4750 5712/6459/3905 5713/6460/4507 
f 5711/6458/4750 5701/6448/3894 5704/6451/4505 5712/6459/3905 
f 5709/6456/3902 5714/6461/3907 5712/6459/3905 5704/6451/4505 
f 5714/6461/3907 5715/6462/3908 5713/6460/4507 5712/6459/3905 
f 5716/6463/4751 5717/6464/3910 5718/6465/4509 5719/6466/4510 
f 5717/6464/3910 5710/6457/3903 5713/6460/4507 5718/6465/4509 
f 5715/6462/3908 5720/6467/3913 5718/6465/4509 5713/6460/4507 
f 5720/6467/3913 5721/6468/3914 5719/6466/4510 5718/6465/4509 
f 5722/6469/3915 5723/6470/3916 5724/6471/4752 5725/6472/3918 
f 5723/6470/3916 5716/6463/4751 5719/6466/4510 5724/6471/4752 
f 5721/6468/3914 5726/6473/3919 5724/6471/4752 5719/6466/4510 
f 5726/6473/3919 5727/6474/4753 5725/6472/3918 5724/6471/4752 
f 5728/6475/4754 5729/6476/3922 5730/6477/4755 5731/6478/4756 
f 5729/6476/3922 5722/6469/3915 5725/6472/3918 5730/6477/4755 
f 5727/6474/4753 5732/6479/4757 5730/6477/4755 5725/6472/3918 
f 5732/6479/4757 5733/6480/4758 5731/6478/4756 5730/6477/4755 
f 5734/6481/3927 5735/6482/3928 5736/6483/3929 5737/6484/4514 
f 5735/6482/3928 5728/6475/4754 5731/6478/4756 5736/6483/3929 
f 5733/6480/4758 5738/6485/3931 5736/6483/3929 5731/6478/4756 
f 5738/6485/3931 5739/6486/3932 5737/6484/4514 5736/6483/3929 
f 5740/6487/3933 5741/6488/4620 5742/6489/3935 5743/6490/3936 
f 5741/6488/4620 5734/6481/3927 5737/6484/4514 5742/6489/3935 
f 5739/6486/3932 5744/6491/3937 5742/6489/3935 5737/6484/4514 
f 5744/6491/3937 5745/6492/4759 5743/6490/3936 5742/6489/3935 
f 5746/6493/3939 5747/6494/4219 5748/6495/3941 5749/6496/4760 
f 5747/6494/4219 5740/6487/3933 5743/6490/3936 5748/6495/3941 
f 5745/6492/4759 5750/6497/4761 5748/6495/3941 5743/6490/3936 
f 5750/6497/4761 5751/6498/3944 5749/6496/4760 5748/6495/3941 
f 5752/6499/3945 5753/6500/4222 5754/6501/4762 5755/6502/4763 
f 5753/6500/4222 5746/6493/3939 5749/6496/4760 5754/6501/4762 
f 5751/6498/3944 5756/6503/4764 5754/6501/4762 5749/6496/4760 
f 5756/6503/4764 5757/6504/4765 5755/6502/4763 5754/6501/4762 
f 5758/6505/3951 5759/6506/3952 5760/6507/4525 5761/6508/4526 
f 5759/6506/3952 5752/6499/3945 5755/6502/4763 5760/6507/4525 
f 5757/6504/4765 5762/6509/4766 5760/6507/4525 5755/6502/4763 
f 5762/6509/4766 5763/6510/3956 5761/6508/4526 5760/6507/4525 
f 5764/6511/4767 5765/6512/4768 5766/6513/3959 5767/6514/3960 
f 5765/6512/4768 5758/6505/3951 5761/6508/4526 5766/6513/3959 
f 5763/6510/3956 5768/6515/4527 5766/6513/3959 5761/6508/4526 
f 5768/6515/4527 5769/6516/3962 5767/6514/3960 5766/6513/3959 
f 5770/6517/4180 5771/6518/3964 5772/6519/4769 5773/6520/3966 
f 5771/6518/3964 5764/6511/4767 5767/6514/3960 5772/6519/4769 
f 5769/6516/3962 5774/6521/4770 5772/6519/4769 5767/6514/3960 
f 5774/6521/4770 5775/6522/4771 5773/6520/3966 5772/6519/4769 
f 5776/6523/3969 5777/6524/3970 5778/6525/3971 5779/6526/4772 
f 5777/6524/3970 5770/6517/4180 5773/6520/3966 5778/6525/3971 
f 5775/6522/4771 5780/6527/4528 5778/6525/3971 5773/6520/3966 
f 5780/6527/4528 5781/6528/3974 5779/6526/4772 5778/6525/3971 
f 5782/6529/3975 5783/6530/3976 5784/6531/4773 5785/6532/3978 
f 5783/6530/3976 5776/6523/3969 5779/6526/4772 5784/6531/4773 
f 5781/6528/3974 5786/6533/4774 5784/6531/4773 5779/6526/4772 
f 5786/6533/4774 5787/6534/3980 5785/6532/3978 5784/6531/4773 
f 5788/6535/3981 5789/6536/3982 5790/6537/4775 5791/6538/3984 
f 5789/6536/3982 5782/6529/3975 5785/6532/3978 5790/6537/4775 
f 5787/6534/3980 5792/6539/4776 5790/6537/4775 5785/6532/3978 
f 5792/6539/4776 5793/6540/4777 5791/6538/3984 5790/6537/4775 
f 5794/6541/3987 5795/6542/3988 5796/6543/3989 5797/6544/3990 
f 5795/6542/3988 5788/6535/3981 5791/6538/3984 5796/6543/3989 
f 5793/6540/4777 5798/6545/4778 5796/6543/3989 5791/6538/3984 
f 5798/6545/4778 5799/6546/3992 5797/6544/3990 5796/6543/3989 
f 5800/6547/4779 5801/6548/3994 5802/6549/4780 5803/6550/4781 
f 5801/6548/3994 5794/6541/3987 5797/6551/3990 5802/6549/4780 
f 5799/6552/3992 5804/6553/3997 5802/6549/4780 5797/6551/3990 
f 5804/6553/3997 5805/6554/3998 5803/6550/4781 5802/6549/4780 
f 5806/6555/4194 5807/6556/4000 5808/6557/4537 5809/6558/4002 
f 5807/6556/4000 5800/6547/4779 5803/6550/4781 5808/6557/4537 
f 5805/6554/3998 5810/6559/4003 5808/6557/4537 5803/6550/4781 
f 5810/6559/4003 5811/6560/4004 5809/6558/4002 5808/6557/4537 
f 5812/6561/4198 5813/6562/4197 5814/6563/4782 5815/6564/4783 
f 5813/6562/4197 5806/6555/4194 5809/6558/4002 5814/6563/4782 
f 5811/6560/4004 5816/6565/4009 5814/6563/4782 5809/6558/4002 
f 5816/6565/4009 5817/6566/4010 5815/6564/4783 5814/6563/4782 
f 5705/6452/4748 5818/6567/4011 5819/6568/4784 5706/6453/3899 
f 5818/6567/4011 5812/6561/4198 5815/6564/4783 5819/6568/4784 
f 5817/6566/4010 5820/6569/4785 5819/6568/4784 5815/6564/4783 
f 5820/6569/4785 5707/6454/4749 5706/6453/3899 5819/6568/4784 
f 5709/6570/3902 5708/6571/3901 5821/6572/4014 5822/6573/4786 
f 5708/6571/3901 5707/6574/4749 5823/6575/4016 5821/6572/4014 
f 5824/6576/4787 5825/6577/4018 5821/6572/4014 5823/6575/4016 
f 5825/6577/4018 5826/6578/4019 5822/6573/4786 5821/6572/4014 
f 5715/6579/3908 5714/6580/3907 5827/6581/4020 5828/6582/4788 
f 5714/6580/3907 5709/6570/3902 5822/6573/4786 5827/6581/4020 
f 5826/6578/4019 5829/6583/4022 5827/6581/4020 5822/6573/4786 
f 5829/6583/4022 5830/6584/4023 5828/6582/4788 5827/6581/4020 
f 5721/6585/3914 5720/6586/3913 5831/6587/4789 5832/6588/4025 
f 5720/6586/3913 5715/6579/3908 5828/6582/4788 5831/6587/4789 
f 5830/6584/4023 5833/6589/4790 5831/6587/4789 5828/6582/4788 
f 5833/6589/4790 5834/6590/4791 5832/6588/4025 5831/6587/4789 
f 5727/6591/4753 5726/6592/3919 5835/6593/4792 5836/6594/4542 
f 5726/6592/3919 5721/6585/3914 5832/6588/4025 5835/6593/4792 
f 5834/6590/4791 5837/6595/4030 5835/6593/4792 5832/6588/4025 
f 5837/6595/4030 5838/6596/4031 5836/6594/4542 5835/6593/4792 
f 5733/6597/4758 5732/6598/4757 5839/6599/4544 5840/6600/4033 
f 5732/6598/4757 5727/6591/4753 5836/6594/4542 5839/6599/4544 
f 5838/6596/4031 5841/6601/4793 5839/6599/4544 5836/6594/4542 
f 5841/6601/4793 5842/6602/4035 5840/6600/4033 5839/6599/4544 
f 5739/6603/3932 5738/6604/3931 5843/6605/4036 5844/6606/4794 
f 5738/6604/3931 5733/6597/4758 5840/6600/4033 5843/6605/4036 
f 5842/6602/4035 5845/6607/4038 5843/6605/4036 5840/6600/4033 
f 5845/6607/4038 5846/6608/4039 5844/6606/4794 5843/6605/4036 
f 5745/6609/4759 5744/6610/3937 5847/6611/4040 5848/6612/4041 
f 5744/6610/3937 5739/6603/3932 5844/6606/4794 5847/6611/4040 
f 5846/6608/4039 5849/6613/4042 5847/6611/4040 5844/6606/4794 
f 5849/6613/4042 5850/6614/4795 5848/6612/4041 5847/6611/4040 
f 5751/6615/3944 5750/6616/4761 5851/6617/4044 5852/6618/4796 
f 5750/6616/4761 5745/6609/4759 5848/6612/4041 5851/6617/4044 
f 5850/6614/4795 5853/6619/4046 5851/6617/4044 5848/6612/4041 
f 5853/6619/4046 5854/6620/4047 5852/6618/4796 5851/6617/4044 
f 5757/6621/4765 5756/6622/4764 5855/6623/4048 5856/6624/4797 
f 5756/6622/4764 5751/6615/3944 5852/6618/4796 5855/6623/4048 
f 5854/6620/4047 5857/6625/4050 5855/6623/4048 5852/6618/4796 
f 5857/6625/4050 5858/6626/4051 5856/6624/4797 5855/6623/4048 
f 5763/6627/3956 5762/6628/4766 5859/6629/4052 5860/6630/4798 
f 5762/6628/4766 5757/6621/4765 5856/6624/4797 5859/6629/4052 
f 5858/6626/4051 5861/6631/4799 5859/6629/4052 5856/6624/4797 
f 5861/6631/4799 5862/6632/4800 5860/6630/4798 5859/6629/4052 
f 5769/6633/3962 5768/6634/4527 5863/6635/4056 5864/6636/4801 
f 5768/6634/4527 5763/6627/3956 5860/6630/4798 5863/6635/4056 
f 5862/6632/4800 5865/6637/4058 5863/6635/4056 5860/6630/4798 
f 5865/6637/4058 5866/6638/4059 5864/6636/4801 5863/6635/4056 
f 5775/6639/4771 5774/6640/4770 5867/6641/4558 5868/6642/4061 
f 5774/6640/4770 5769/6633/3962 5864/6636/4801 5867/6641/4558 
f 5866/6638/4059 5869/6643/4560 5867/6641/4558 5864/6636/4801 
f 5869/6643/4560 5870/6644/4063 5868/6642/4061 5867/6641/4558 
f 5781/6645/3974 5780/6646/4528 5871/6647/4064 5872/6648/4065 
f 5780/6646/4528 5775/6639/4771 5868/6642/4061 5871/6647/4064 
f 5870/6644/4063 5873/6649/4802 5871/6647/4064 5868/6642/4061 
f 5873/6649/4802 5874/6650/4803 5872/6648/4065 5871/6647/4064 
f 5787/6651/3980 5786/6652/4774 5875/6653/4804 5876/6654/4563 
f 5786/6652/4774 5781/6645/3974 5872/6648/4065 5875/6653/4804 
f 5874/6650/4803 5877/6655/4805 5875/6653/4804 5872/6648/4065 
f 5877/6655/4805 5878/6656/4806 5876/6654/4563 5875/6653/4804 
f 5793/6657/4777 5792/6658/4776 5879/6659/4072 5880/6660/4807 
f 5792/6658/4776 5787/6651/3980 5876/6654/4563 5879/6659/4072 
f 5878/6656/4806 5881/6661/4074 5879/6659/4072 5876/6654/4563 
f 5881/6661/4074 5882/6662/4565 5880/6660/4807 5879/6659/4072 
f 5799/6663/3992 5798/6664/4778 5883/6665/4076 5884/6666/4077 
f 5798/6664/4778 5793/6657/4777 5880/6660/4807 5883/6665/4076 
f 5882/6662/4565 5885/6667/4078 5883/6665/4076 5880/6660/4807 
f 5885/6667/4078 5886/6668/4808 5884/6666/4077 5883/6665/4076 
f 5805/6669/3998 5804/6670/3997 5887/6671/4080 5888/6672/4809 
f 5804/6670/3997 5799/6663/3992 5884/6666/4077 5887/6671/4080 
f 5886/6668/4808 5889/6673/4810 5887/6671/4080 5884/6666/4077 
f 5889/6673/4810 5890/6674/4083 5888/6672/4809 5887/6671/4080 
f 5811/6675/4004 5810/6676/4003 5891/6677/4567 5892/6678/4811 
f 5810/6676/4003 5805/6669/3998 5888/6672/4809 5891/6677/4567 
f 5890/6674/4083 5893/6679/4812 5891/6677/4567 5888/6672/4809 
f 5893/6679/4812 5894/6680/4569 5892/6678/4811 5891/6677/4567 
f 5817/6681/4010 5816/6682/4009 5895/6683/4088 5896/6684/4089 
f 5816/6682/4009 5811/6675/4004 5892/6678/4811 5895/6683/4088 
f 5894/6680/4569 5897/6685/4090 5895/6683/4088 5892/6678/4811 
f 5897/6685/4090 5898/6686/4813 5896/6684/4089 5895/6683/4088 
f 5707/6574/4749 5820/6687/4785 5899/6688/4571 5823/6575/4016 
f 5820/6687/4785 5817/6681/4010 5896/6684/4089 5899/6688/4571 
f 5898/6686/4813 5900/6689/4093 5899/6688/4571 5896/6684/4089 
f 5900/6689/4093 5824/6576/4787 5823/6575/4016 5899/6688/4571 
f 5826/6578/4019 5825/6577/4018 5901/6690/4573 5902/6691/4814 
f 5825/6577/4018 5824/6576/4787 5903/6692/4815 5901/6690/4573 
f 5904/6693/4097 5905/6694/4576 5901/6690/4573 5903/6692/4815 
f 5905/6694/4576 5906/6695/4816 5902/6691/4814 5901/6690/4573 
f 5830/6584/4023 5829/6583/4022 5907/6696/4817 5908/6697/4101 
f 5829/6583/4022 5826/6578/4019 5902/6691/4814 5907/6696/4817 
f 5906/6695/4816 5909/6698/4818 5907/6696/4817 5902/6691/4814 
f 5909/6698/4818 5910/6699/4103 5908/6697/4101 5907/6696/4817 
f 5834/6590/4791 5833/6589/4790 5911/6700/4819 5912/6701/4820 
f 5833/6589/4790 5830/6584/4023 5908/6697/4101 5911/6700/4819 
f 5910/6699/4103 5913/6702/4821 5911/6700/4819 5908/6697/4101 
f 5913/6702/4821 5914/6703/4107 5912/6701/4820 5911/6700/4819 
f 5838/6596/4031 5837/6595/4030 5915/6704/4822 5916/6705/4109 
f 5837/6595/4030 5834/6590/4791 5912/6701/4820 5915/6704/4822 
f 5914/6703/4107 5917/6706/4110 5915/6704/4822 5912/6701/4820 
f 5917/6706/4110 5918/6707/4111 5916/6705/4109 5915/6704/4822 
f 5842/6602/4035 5841/6601/4793 5919/6708/4581 5920/6709/4113 
f 5841/6601/4793 5838/6596/4031 5916/6705/4109 5919/6708/4581 
f 5918/6707/4111 5921/6710/4583 5919/6708/4581 5916/6705/4109 
f 5921/6710/4583 5922/6711/4584 5920/6709/4113 5919/6708/4581 
f 5846/6608/4039 5845/6607/4038 5923/6712/4116 5924/6713/4117 
f 5845/6607/4038 5842/6602/4035 5920/6709/4113 5923/6712/4116 
f 5922/6711/4584 5925/6714/4118 5923/6712/4116 5920/6709/4113 
f 5925/6714/4118 5926/6715/4119 5924/6713/4117 5923/6712/4116 
f 5850/6614/4795 5849/6613/4042 5927/6716/4120 5928/6717/4121 
f 5849/6613/4042 5846/6608/4039 5924/6713/4117 5927/6716/4120 
f 5926/6715/4119 5929/6718/4122 5927/6716/4120 5924/6713/4117 
f 5929/6718/4122 5930/6719/4123 5928/6717/4121 5927/6716/4120 
f 5854/6620/4047 5853/6619/4046 5931/6720/4124 5932/6721/4823 
f 5853/6619/4046 5850/6614/4795 5928/6717/4121 5931/6720/4124 
f 5930/6719/4123 5933/6722/4824 5931/6720/4124 5928/6717/4121 
f 5933/6722/4824 5934/6723/4127 5932/6721/4823 5931/6720/4124 
f 5858/6626/4051 5857/6625/4050 5935/6724/4128 5936/6725/4587 
f 5857/6625/4050 5854/6620/4047 5932/6721/4823 5935/6724/4128 
f 5934/6723/4127 5937/6726/4130 5935/6724/4128 5932/6721/4823 
f 5937/6726/4130 5938/6727/4825 5936/6725/4587 5935/6724/4128 
f 5862/6632/4800 5861/6631/4799 5939/6728/4132 5940/6729/4133 
f 5861/6631/4799 5858/6626/4051 5936/6725/4587 5939/6728/4132 
f 5938/6727/4825 5941/6730/4590 5939/6728/4132 5936/6725/4587 
f 5941/6730/4590 5942/6731/4135 5940/6729/4133 5939/6728/4132 
f 5866/6638/4059 5865/6637/4058 5943/6732/4136 5944/6733/4826 
f 5865/6637/4058 5862/6632/4800 5940/6729/4133 5943/6732/4136 
f 5942/6731/4135 5945/6734/4827 5943/6732/4136 5940/6729/4133 
f 5945/6734/4827 5946/6735/4139 5944/6733/4826 5943/6732/4136 
f 5870/6644/4063 5869/6643/4560 5947/6736/4140 5948/6737/4141 
f 5869/6643/4560 5866/6638/4059 5944/6733/4826 5947/6736/4140 
f 5946/6735/4139 5949/6738/4828 5947/6736/4140 5944/6733/4826 
f 5949/6738/4828 5950/6739/4829 5948/6737/4141 5947/6736/4140 
f 5874/6650/4803 5873/6649/4802 5951/6740/4144 5952/6741/4830 
f 5873/6649/4802 5870/6644/4063 5948/6737/4141 5951/6740/4144 
f 5950/6739/4829 5953/6742/4146 5951/6740/4144 5948/6737/4141 
f 5953/6742/4146 5954/6743/4147 5952/6741/4830 5951/6740/4144 
f 5878/6656/4806 5877/6655/4805 5955/6744/4831 5956/6745/4149 
f 5877/6655/4805 5874/6650/4803 5952/6741/4830 5955/6744/4831 
f 5954/6743/4147 5957/6746/4595 5955/6744/4831 5952/6741/4830 
f 5957/6746/4595 5958/6747/4151 5956/6745/4149 5955/6744/4831 
f 5882/6662/4565 5881/6661/4074 5959/6748/4152 5960/6749/4832 
f 5881/6661/4074 5878/6656/4806 5956/6745/4149 5959/6748/4152 
f 5958/6747/4151 5961/6750/4154 5959/6748/4152 5956/6745/4149 
f 5961/6750/4154 5962/6751/4833 5960/6749/4832 5959/6748/4152 
f 5886/6668/4808 5885/6667/4078 5963/6752/4834 5964/6753/4835 
f 5885/6667/4078 5882/6662/4565 5960/6749/4832 5963/6752/4834 
f 5962/6751/4833 5965/6754/4596 5963/6752/4834 5960/6749/4832 
f 5965/6754/4596 5966/6755/4597 5964/6753/4835 5963/6752/4834 
f 5890/6674/4083 5889/6673/4810 5967/6756/4160 5968/6757/4836 
f 5889/6673/4810 5886/6668/4808 5964/6753/4835 5967/6756/4160 
f 5966/6755/4597 5969/6758/4837 5967/6756/4160 5964/6753/4835 
f 5969/6758/4837 5970/6759/4599 5968/6757/4836 5967/6756/4160 
f 5894/6680/4569 5893/6679/4812 5971/6760/4164 5972/6761/4165 
f 5893/6679/4812 5890/6674/4083 5968/6757/4836 5971/6760/4164 
f 5970/6759/4599 5973/6762/4838 5971/6760/4164 5968/6757/4836 
f 5973/6762/4838 5974/6763/4839 5972/6761/4165 5971/6760/4164 
f 5898/6686/4813 5897/6685/4090 5975/6764/4840 5976/6765/4602 
f 5897/6685/4090 5894/6680/4569 5972/6761/4165 5975/6764/4840 
f 5974/6763/4839 5977/6766/4603 5975/6764/4840 5972/6761/4165 
f 5977/6766/4603 5978/6767/4841 5976/6765/4602 5975/6764/4840 
f 5824/6576/4787 5900/6689/4093 5979/6768/4842 5903/6692/4815 
f 5900/6689/4093 5898/6686/4813 5976/6765/4602 5979/6768/4842 
f 5978/6767/4841 5980/6769/4173 5979/6768/4842 5976/6765/4602 
f 5980/6769/4173 5904/6693/4097 5903/6692/4815 5979/6768/4842 
f 5906/6695/4816 5905/6694/4576 5981/6770/4843 5982/6771/4844 
f 5905/6694/4576 5904/6693/4097 5983/6772/4176 5981/6770/4843 
f 5984/6773/4845 5985/6774/3958 5981/6770/4843 5983/6772/4176 
f 5985/6774/3958 5986/6775/4608 5982/6771/4844 5981/6770/4843 
f 5910/6699/4103 5909/6698/4818 5987/6776/4178 5988/6777/4846 
f 5909/6698/4818 5906/6695/4816 5982/6771/4844 5987/6776/4178 
f 5986/6775/4608 5989/6778/3964 5987/6776/4178 5982/6771/4844 
f 5989/6778/3964 5990/6779/4847 5988/6777/4846 5987/6776/4178 
f 5914/6703/4107 5913/6702/4821 5991/6780/4848 5992/6781/4182 
f 5913/6702/4821 5910/6699/4103 5988/6777/4846 5991/6780/4848 
f 5990/6779/4847 5993/6782/3970 5991/6780/4848 5988/6777/4846 
f 5993/6782/3970 5994/6783/4849 5992/6781/4182 5991/6780/4848 
f 5918/6707/4111 5917/6706/4110 5995/6784/4183 5996/6785/4850 
f 5917/6706/4110 5914/6703/4107 5992/6781/4182 5995/6784/4183 
f 5994/6783/4849 5997/6786/3976 5995/6784/4183 5992/6781/4182 
f 5997/6786/3976 5998/6787/3975 5996/6785/4850 5995/6784/4183 
f 5922/6711/4584 5921/6710/4583 5999/6788/4185 6000/6789/4186 
f 5921/6710/4583 5918/6707/4111 5996/6785/4850 5999/6788/4185 
f 5998/6787/3975 6001/6790/3982 5999/6788/4185 5996/6785/4850 
f 6001/6790/3982 6002/6791/3981 6000/6789/4186 5999/6788/4185 
f 5926/6715/4119 5925/6714/4118 6003/6792/4851 6004/6793/4189 
f 5925/6714/4118 5922/6711/4584 6000/6789/4186 6003/6792/4851 
f 6002/6791/3981 6005/6794/3988 6003/6792/4851 6000/6789/4186 
f 6005/6794/3988 6006/6795/3987 6004/6793/4189 6003/6792/4851 
f 5930/6719/4123 5929/6718/4122 6007/6796/4190 6008/6797/4611 
f 5929/6718/4122 5926/6715/4119 6004/6793/4189 6007/6796/4190 
f 6006/6795/3987 6009/6798/3994 6007/6796/4190 6004/6793/4189 
f 6009/6798/3994 6010/6799/3993 6008/6797/4611 6007/6796/4190 
f 5934/6723/4127 5933/6722/4824 6011/6800/4192 6012/6801/4613 
f 5933/6722/4824 5930/6719/4123 6008/6797/4611 6011/6800/4192 
f 6010/6799/3993 6013/6802/4000 6011/6800/4192 6008/6797/4611 
f 6013/6802/4000 6014/6803/4194 6012/6801/4613 6011/6800/4192 
f 5938/6727/4825 5937/6726/4130 6015/6804/4195 6016/6805/4196 
f 5937/6726/4130 5934/6723/4127 6012/6801/4613 6015/6804/4195 
f 6014/6803/4194 6017/6806/4197 6015/6804/4195 6012/6801/4613 
f 6017/6806/4197 6018/6807/4005 6016/6805/4196 6015/6804/4195 
f 5942/6731/4135 5941/6730/4590 6019/6808/4199 6020/6809/4200 
f 5941/6730/4590 5938/6727/4825 6016/6805/4196 6019/6808/4199 
f 6018/6807/4005 6021/6810/4852 6019/6808/4199 6016/6805/4196 
f 6021/6810/4852 6022/6811/4201 6020/6809/4200 6019/6808/4199 
f 5946/6735/4139 5945/6734/4827 6023/6812/4202 6024/6813/4203 
f 5945/6734/4827 5942/6731/4135 6020/6809/4200 6023/6812/4202 
f 6022/6811/4201 6025/6814/3895 6023/6812/4202 6020/6809/4200 
f 6025/6814/3895 6026/6815/3894 6024/6813/4203 6023/6812/4202 
f 5950/6739/4829 5949/6738/4828 6027/6816/4853 6028/6817/4205 
f 5949/6738/4828 5946/6735/4139 6024/6813/4203 6027/6816/4853 
f 6026/6815/3894 6029/6818/3904 6027/6816/4853 6024/6813/4203 
f 6029/6818/3904 6030/6819/3903 6028/6817/4205 6027/6816/4853 
f 5954/6743/4147 5953/6742/4146 6031/6820/4206 6032/6821/4854 
f 5953/6742/4146 5950/6739/4829 6028/6817/4205 6031/6820/4206 
f 6030/6819/3903 6033/6822/3910 6031/6820/4206 6028/6817/4205 
f 6033/6822/3910 6034/6823/3909 6032/6821/4854 6031/6820/4206 
f 5958/6747/4151 5957/6746/4595 6035/6824/4209 6036/6825/4210 
f 5957/6746/4595 5954/6743/4147 6032/6821/4854 6035/6824/4209 
f 6034/6823/3909 6037/6826/3916 6035/6824/4209 6032/6821/4854 
f 6037/6826/3916 6038/6827/3915 6036/6825/4210 6035/6824/4209 
f 5962/6751/4833 5961/6750/4154 6039/6828/4211 6040/6829/4212 
f 5961/6750/4154 5958/6747/4151 6036/6830/4210 6039/6828/4211 
f 6038/6831/3915 6041/6832/4855 6039/6828/4211 6036/6830/4210 
f 6041/6832/4855 6042/6833/3921 6040/6829/4212 6039/6828/4211 
f 5966/6755/4597 5965/6754/4596 6043/6834/4213 6044/6835/4214 
f 5965/6754/4596 5962/6751/4833 6040/6829/4212 6043/6834/4213 
f 6042/6833/3921 6045/6836/3928 6043/6834/4213 6040/6829/4212 
f 6045/6836/3928 6046/6837/4512 6044/6835/4214 6043/6834/4213 
f 5970/6759/4599 5969/6758/4837 6047/6838/4856 6048/6839/4857 
f 5969/6758/4837 5966/6755/4597 6044/6835/4214 6047/6838/4856 
f 6046/6837/4512 6049/6840/4517 6047/6838/4856 6044/6835/4214 
f 6049/6840/4517 6050/6841/4858 6048/6839/4857 6047/6838/4856 
f 5974/6763/4839 5973/6762/4838 6051/6842/4217 6052/6843/4859 
f 5973/6762/4838 5970/6759/4599 6048/6839/4857 6051/6842/4217 
f 6050/6841/4858 6053/6844/4219 6051/6842/4217 6048/6839/4857 
f 6053/6844/4219 6054/6845/3939 6052/6843/4859 6051/6842/4217 
f 5978/6767/4841 5977/6766/4603 6055/6846/4860 6056/6847/4861 
f 5977/6766/4603 5974/6763/4839 6052/6843/4859 6055/6846/4860 
f 6054/6845/3939 6057/6848/3946 6055/6846/4860 6052/6843/4859 
f 6057/6848/3946 6058/6849/3945 6056/6847/4861 6055/6846/4860 
f 5904/6693/4097 5980/6769/4173 6059/6850/4223 5983/6772/4176 
f 5980/6769/4173 5978/6767/4841 6056/6847/4861 6059/6850/4223 
f 6058/6849/3945 6060/6851/3952 6059/6850/4223 6056/6847/4861 
f 6060/6851/3952 5984/6773/4845 5983/6772/4176 6059/6850/4223 
f 5986/6852/4608 5985/6853/3958 6061/6854/4224 6062/6855/4225 
f 5985/6853/3958 5984/6856/4845 6063/6857/4862 6061/6854/4224 
f 6064/6858/4227 6065/6859/4863 6061/6854/4224 6063/6857/4862 
f 6065/6859/4863 6066/6860/4229 6062/6855/4225 6061/6854/4224 
f 5990/6861/4847 5989/6862/3964 6067/6863/4864 6068/6864/4231 
f 5989/6862/3964 5986/6852/4608 6062/6855/4225 6067/6863/4864 
f 6066/6860/4229 6069/6865/4865 6067/6863/4864 6062/6855/4225 
f 6069/6865/4865 6070/6866/4233 6068/6864/4231 6067/6863/4864 
f 5994/6867/4849 5993/6868/3970 6071/6869/4234 6072/6870/4235 
f 5993/6868/3970 5990/6861/4847 6068/6864/4231 6071/6869/4234 
f 6070/6866/4233 6073/6871/4236 6071/6869/4234 6068/6864/4231 
f 6073/6871/4236 6074/6872/4237 6072/6870/4235 6071/6869/4234 
f 5998/6873/3975 5997/6874/3976 6075/6875/4238 6076/6876/4866 
f 5997/6874/3976 5994/6867/4849 6072/6870/4235 6075/6875/4238 
f 6074/6872/4237 6077/6877/4628 6075/6875/4238 6072/6870/4235 
f 6077/6877/4628 6078/6878/4241 6076/6876/4866 6075/6875/4238 
f 6002/6879/3981 6001/6880/3982 6079/6881/4867 6080/6882/4243 
f 6001/6880/3982 5998/6873/3975 6076/6876/4866 6079/6881/4867 
f 6078/6878/4241 6081/6883/4629 6079/6881/4867 6076/6876/4866 
f 6081/6883/4629 6082/6884/4245 6080/6882/4243 6079/6881/4867 
f 6006/6885/3987 6005/6886/3988 6083/6887/4246 6084/6888/4868 
f 6005/6886/3988 6002/6879/3981 6080/6882/4243 6083/6887/4246 
f 6082/6884/4245 6085/6889/4631 6083/6887/4246 6080/6882/4243 
f 6085/6889/4631 6086/6890/4869 6084/6888/4868 6083/6887/4246 
f 6010/6891/3993 6009/6892/3994 6087/6893/4250 6088/6894/4870 
f 6009/6892/3994 6006/6885/3987 6084/6888/4868 6087/6893/4250 
f 6086/6890/4869 6089/6895/4871 6087/6893/4250 6084/6888/4868 
f 6089/6895/4871 6090/6896/4872 6088/6894/4870 6087/6893/4250 
f 6014/6897/4194 6013/6898/4000 6091/6899/4254 6092/6900/4873 
f 6013/6898/4000 6010/6891/3993 6088/6894/4870 6091/6899/4254 
f 6090/6896/4872 6093/6901/4635 6091/6899/4254 6088/6894/4870 
f 6093/6901/4635 6094/6902/4636 6092/6900/4873 6091/6899/4254 
f 6018/6903/4005 6017/6904/4197 6095/6905/4874 6096/6906/4259 
f 6017/6904/4197 6014/6897/4194 6092/6900/4873 6095/6905/4874 
f 6094/6902/4636 6097/6907/4260 6095/6905/4874 6092/6900/4873 
f 6097/6907/4260 6098/6908/4875 6096/6906/4259 6095/6905/4874 
f 6022/6909/4201 6021/6910/4852 6099/6911/4876 6100/6912/4877 
f 6021/6910/4852 6018/6903/4005 6096/6906/4259 6099/6911/4876 
f 6098/6908/4875 6101/6913/4264 6099/6911/4876 6096/6906/4259 
f 6101/6913/4264 6102/6914/4878 6100/6912/4877 6099/6911/4876 
f 6026/6915/3894 6025/6916/3895 6103/6917/4266 6104/6918/4267 
f 6025/6916/3895 6022/6909/4201 6100/6912/4877 6103/6917/4266 
f 6102/6914/4878 6105/6919/4268 6103/6917/4266 6100/6912/4877 
f 6105/6919/4268 6106/6920/4879 6104/6918/4267 6103/6917/4266 
f 6030/6921/3903 6029/6922/3904 6107/6923/4880 6108/6924/4271 
f 6029/6922/3904 6026/6915/3894 6104/6918/4267 6107/6923/4880 
f 6106/6920/4879 6109/6925/4881 6107/6923/4880 6104/6918/4267 
f 6109/6925/4881 6110/6926/4273 6108/6924/4271 6107/6923/4880 
f 6034/6927/3909 6033/6928/3910 6111/6929/4274 6112/6930/4882 
f 6033/6928/3910 6030/6921/3903 6108/6924/4271 6111/6929/4274 
f 6110/6926/4273 6113/6931/4883 6111/6929/4274 6108/6924/4271 
f 6113/6931/4883 6114/6932/4277 6112/6930/4882 6111/6929/4274 
f 6038/6933/3915 6037/6934/3916 6115/6935/4278 6116/6936/4279 
f 6037/6934/3916 6034/6927/3909 6112/6930/4882 6115/6935/4278 
f 6114/6932/4277 6117/6937/4280 6115/6935/4278 6112/6930/4882 
f 6117/6937/4280 6118/6938/4281 6116/6936/4279 6115/6935/4278 
f 6042/6939/3921 6041/6940/4855 6119/6941/4282 6120/6942/4645 
f 6041/6940/4855 6038/6933/3915 6116/6936/4279 6119/6941/4282 
f 6118/6938/4281 6121/6943/4884 6119/6941/4282 6116/6936/4279 
f 6121/6943/4884 6122/6944/4885 6120/6942/4645 6119/6941/4282 
f 6046/6945/4512 6045/6946/3928 6123/6947/4886 6124/6948/4887 
f 6045/6946/3928 6042/6939/3921 6120/6942/4645 6123/6947/4886 
f 6122/6944/4885 6125/6949/4288 6123/6947/4886 6120/6942/4645 
f 6125/6949/4288 6126/6950/4289 6124/6948/4887 6123/6947/4886 
f 6050/6951/4858 6049/6952/4517 6127/6953/4290 6128/6954/4888 
f 6049/6952/4517 6046/6945/4512 6124/6948/4887 6127/6953/4290 
f 6126/6950/4289 6129/6955/4292 6127/6953/4290 6124/6948/4887 
f 6129/6955/4292 6130/6956/4647 6128/6954/4888 6127/6953/4290 
f 6054/6957/3939 6053/6958/4219 6131/6959/4889 6132/6960/4890 
f 6053/6958/4219 6050/6951/4858 6128/6954/4888 6131/6959/4889 
f 6130/6956/4647 6133/6961/4891 6131/6959/4889 6128/6954/4888 
f 6133/6961/4891 6134/6962/4892 6132/6960/4890 6131/6959/4889 
f 6058/6963/3945 6057/6964/3946 6135/6965/4298 6136/6966/4299 
f 6057/6964/3946 6054/6957/3939 6132/6960/4890 6135/6965/4298 
f 6134/6962/4892 6137/6967/4300 6135/6965/4298 6132/6960/4890 
f 6137/6967/4300 6138/6968/4893 6136/6966/4299 6135/6965/4298 
f 5984/6856/4845 6060/6969/3952 6139/6970/4302 6063/6857/4862 
f 6060/6969/3952 6058/6963/3945 6136/6966/4299 6139/6970/4302 
f 6138/6968/4893 6140/6971/4894 6139/6970/4302 6136/6966/4299 
f 6140/6971/4894 6064/6858/4227 6063/6857/4862 6139/6970/4302 
f 6066/6860/4229 6065/6859/4863 6141/6972/4304 6142/6973/4305 
f 6065/6859/4863 6064/6858/4227 6143/6974/4895 6141/6972/4304 
f 6144/6975/4896 6145/6976/4655 6141/6972/4304 6143/6974/4895 
f 6145/6976/4655 6146/6977/4656 6142/6973/4305 6141/6972/4304 
f 6070/6866/4233 6069/6865/4865 6147/6978/4310 6148/6979/4311 
f 6069/6865/4865 6066/6860/4229 6142/6973/4305 6147/6978/4310 
f 6146/6977/4656 6149/6980/4897 6147/6978/4310 6142/6973/4305 
f 6149/6980/4897 6150/6981/4313 6148/6979/4311 6147/6978/4310 
f 6074/6872/4237 6073/6871/4236 6151/6982/4898 6152/6983/4315 
f 6073/6871/4236 6070/6866/4233 6148/6979/4311 6151/6982/4898 
f 6150/6981/4313 6153/6984/4316 6151/6982/4898 6148/6979/4311 
f 6153/6984/4316 6154/6985/4317 6152/6983/4315 6151/6982/4898 
f 6078/6878/4241 6077/6877/4628 6155/6986/4318 6156/6987/4899 
f 6077/6877/4628 6074/6872/4237 6152/6983/4315 6155/6986/4318 
f 6154/6985/4317 6157/6988/4900 6155/6986/4318 6152/6983/4315 
f 6157/6988/4900 6158/6989/4321 6156/6987/4899 6155/6986/4318 
f 6082/6884/4245 6081/6883/4629 6159/6990/4901 6160/6991/4902 
f 6081/6883/4629 6078/6878/4241 6156/6987/4899 6159/6990/4901 
f 6158/6989/4321 6161/6992/4324 6159/6990/4901 6156/6987/4899 
f 6161/6992/4324 6162/6993/4903 6160/6991/4902 6159/6990/4901 
f 6086/6890/4869 6085/6889/4631 6163/6994/4660 6164/6995/4327 
f 6085/6889/4631 6082/6884/4245 6160/6991/4902 6163/6994/4660 
f 6162/6993/4903 6165/6996/4328 6163/6994/4660 6160/6991/4902 
f 6165/6996/4328 6166/6997/4662 6164/6995/4327 6163/6994/4660 
f 6090/6896/4872 6089/6895/4871 6167/6998/4330 6168/6999/4904 
f 6089/6895/4871 6086/6890/4869 6164/6995/4327 6167/6998/4330 
f 6166/6997/4662 6169/7000/4332 6167/6998/4330 6164/6995/4327 
f 6169/7000/4332 6170/7001/4333 6168/6999/4904 6167/6998/4330 
f 6094/6902/4636 6093/6901/4635 6171/7002/4664 6172/7003/4335 
f 6093/6901/4635 6090/6896/4872 6168/6999/4904 6171/7002/4664 
f 6170/7001/4333 6173/7004/4336 6171/7002/4664 6168/6999/4904 
f 6173/7004/4336 6174/7005/4666 6172/7003/4335 6171/7002/4664 
f 6098/6908/4875 6097/6907/4260 6175/7006/4338 6176/7007/4905 
f 6097/6907/4260 6094/6902/4636 6172/7003/4335 6175/7006/4338 
f 6174/7005/4666 6177/7008/4340 6175/7006/4338 6172/7003/4335 
f 6177/7008/4340 6178/7009/4906 6176/7007/4905 6175/7006/4338 
f 6102/6914/4878 6101/6913/4264 6179/7010/4669 6180/7011/4907 
f 6101/6913/4264 6098/6908/4875 6176/7007/4905 6179/7010/4669 
f 6178/7009/4906 6181/7012/4344 6179/7010/4669 6176/7007/4905 
f 6181/7012/4344 6182/7013/4345 6180/7011/4907 6179/7010/4669 
f 6106/6920/4879 6105/6919/4268 6183/7014/4908 6184/7015/4909 
f 6105/6919/4268 6102/6914/4878 6180/7011/4907 6183/7014/4908 
f 6182/7013/4345 6185/7016/4910 6183/7014/4908 6180/7011/4907 
f 6185/7016/4910 6186/7017/4349 6184/7015/4909 6183/7014/4908 
f 6110/6926/4273 6109/6925/4881 6187/7018/4350 6188/7019/4351 
f 6109/6925/4881 6106/6920/4879 6184/7015/4909 6187/7018/4350 
f 6186/7017/4349 6189/7020/4352 6187/7018/4350 6184/7015/4909 
f 6189/7020/4352 6190/7021/4676 6188/7019/4351 6187/7018/4350 
f 6114/6932/4277 6113/6931/4883 6191/7022/4354 6192/7023/4677 
f 6113/6931/4883 6110/6926/4273 6188/7019/4351 6191/7022/4354 
f 6190/7021/4676 6193/7024/4356 6191/7022/4354 6188/7019/4351 
f 6193/7024/4356 6194/7025/4357 6192/7023/4677 6191/7022/4354 
f 6118/6938/4281 6117/6937/4280 6195/7026/4911 6196/7027/4912 
f 6117/6937/4280 6114/6932/4277 6192/7023/4677 6195/7026/4911 
f 6194/7025/4357 6197/7028/4680 6195/7026/4911 6192/7023/4677 
f 6197/7028/4680 6198/7029/4913 6196/7027/4912 6195/7026/4911 
f 6122/6944/4885 6121/6943/4884 6199/7030/4362 6200/7031/4914 
f 6121/6943/4884 6118/6938/4281 6196/7027/4912 6199/7030/4362 
f 6198/7029/4913 6201/7032/4915 6199/7030/4362 6196/7027/4912 
f 6201/7032/4915 6202/7033/4916 6200/7031/4914 6199/7030/4362 
f 6126/6950/4289 6125/6949/4288 6203/7034/4366 6204/7035/4917 
f 6125/6949/4288 6122/6944/4885 6200/7031/4914 6203/7034/4366 
f 6202/7033/4916 6205/7036/4918 6203/7034/4366 6200/7031/4914 
f 6205/7036/4918 6206/7037/4369 6204/7035/4917 6203/7034/4366 
f 6130/6956/4647 6129/6955/4292 6207/7038/4685 6208/7039/4919 
f 6129/6955/4292 6126/6950/4289 6204/7035/4917 6207/7038/4685 
f 6206/7037/4369 6209/7040/4372 6207/7038/4685 6204/7035/4917 
f 6209/7040/4372 6210/7041/4687 6208/7039/4919 6207/7038/4685 
f 6134/6962/4892 6133/6961/4891 6211/7042/4374 6212/7043/4688 
f 6133/6961/4891 6130/6956/4647 6208/7039/4919 6211/7042/4374 
f 6210/7041/4687 6213/7044/4689 6211/7042/4374 6208/7039/4919 
f 6213/7044/4689 6214/7045/4690 6212/7043/4688 6211/7042/4374 
f 6138/6968/4893 6137/6967/4300 6215/7046/4378 6216/7047/4379 
f 6137/6967/4300 6134/6962/4892 6212/7043/4688 6215/7046/4378 
f 6214/7045/4690 6217/7048/4380 6215/7046/4378 6212/7043/4688 
f 6217/7048/4380 6218/7049/4920 6216/7047/4379 6215/7046/4378 
f 6064/6858/4227 6140/6971/4894 6219/7050/4382 6143/6974/4895 
f 6140/6971/4894 6138/6968/4893 6216/7047/4379 6219/7050/4382 
f 6218/7049/4920 6220/7051/4921 6219/7050/4382 6216/7047/4379 
f 6220/7051/4921 6144/6975/4896 6143/6974/4895 6219/7050/4382 
f 6146/6977/4656 6145/6976/4655 6221/7052/4922 6222/7053/4692 
f 6145/6976/4655 6144/6975/4896 6223/7054/4693 6221/7052/4922 
f 6224/7055/4923 6225/7056/4695 6221/7052/4922 6223/7054/4693 
f 6225/7056/4695 6226/7057/4924 6222/7053/4692 6221/7052/4922 
f 6150/6981/4313 6149/6980/4897 6227/7058/4390 6228/7059/4697 
f 6149/6980/4897 6146/6977/4656 6222/7053/4692 6227/7058/4390 
f 6226/7057/4924 6229/7060/4698 6227/7058/4390 6222/7053/4692 
f 6229/7060/4698 6230/7061/4393 6228/7059/4697 6227/7058/4390 
f 6154/6985/4317 6153/6984/4316 6231/7062/4925 6232/7063/4395 
f 6153/6984/4316 6150/6981/4313 6228/7059/4697 6231/7062/4925 
f 6230/7061/4393 6233/7064/4700 6231/7062/4925 6228/7059/4697 
f 6233/7064/4700 6234/7065/4397 6232/7063/4395 6231/7062/4925 
f 6158/6989/4321 6157/6988/4900 6235/7066/4926 6236/7067/4927 
f 6157/6988/4900 6154/6985/4317 6232/7063/4395 6235/7066/4926 
f 6234/7065/4397 6237/7068/4400 6235/7066/4926 6232/7063/4395 
f 6237/7068/4400 6238/7069/4928 6236/7067/4927 6235/7066/4926 
f 6162/6993/4903 6161/6992/4324 6239/7070/4402 6240/7071/4403 
f 6161/6992/4324 6158/6989/4321 6236/7067/4927 6239/7070/4402 
f 6238/7069/4928 6241/7072/4704 6239/7070/4402 6236/7067/4927 
f 6241/7072/4704 6242/7073/4929 6240/7071/4403 6239/7070/4402 
f 6166/6997/4662 6165/6996/4328 6243/7074/4930 6244/7075/4407 
f 6165/6996/4328 6162/6993/4903 6240/7071/4403 6243/7074/4930 
f 6242/7073/4929 6245/7076/4408 6243/7074/4930 6240/7071/4403 
f 6245/7076/4408 6246/7077/4409 6244/7075/4407 6243/7074/4930 
f 6170/7001/4333 6169/7000/4332 6247/7078/4410 6248/7079/4411 
f 6169/7000/4332 6166/6997/4662 6244/7075/4407 6247/7078/4410 
f 6246/7077/4409 6249/7080/4412 6247/7078/4410 6244/7075/4407 
f 6249/7080/4412 6250/7081/4707 6248/7079/4411 6247/7078/4410 
f 6174/7005/4666 6173/7004/4336 6251/7082/4414 6252/7083/4931 
f 6173/7004/4336 6170/7001/4333 6248/7079/4411 6251/7082/4414 
f 6250/7081/4707 6253/7084/4416 6251/7082/4414 6248/7079/4411 
f 6253/7084/4416 6254/7085/4417 6252/7083/4931 6251/7082/4414 
f 6178/7009/4906 6177/7008/4340 6255/7086/4418 6256/7087/4710 
f 6177/7008/4340 6174/7005/4666 6252/7083/4931 6255/7086/4418 
f 6254/7085/4417 6257/7088/4420 6255/7086/4418 6252/7083/4931 
f 6257/7088/4420 6258/7089/4932 6256/7087/4710 6255/7086/4418 
f 6182/7013/4345 6181/7012/4344 6259/7090/4422 6260/7091/4933 
f 6181/7012/4344 6178/7009/4906 6256/7087/4710 6259/7090/4422 
f 6258/7089/4932 6261/7092/4713 6259/7090/4422 6256/7087/4710 
f 6261/7092/4713 6262/7093/4714 6260/7091/4933 6259/7090/4422 
f 6186/7017/4349 6185/7016/4910 6263/7094/4426 6264/7095/4934 
f 6185/7016/4910 6182/7013/4345 6260/7091/4933 6263/7094/4426 
f 6262/7093/4714 6265/7096/4428 6263/7094/4426 6260/7091/4933 
f 6265/7096/4428 6266/7097/4429 6264/7095/4934 6263/7094/4426 
f 6190/7021/4676 6189/7020/4352 6267/7098/4935 6268/7099/4431 
f 6189/7020/4352 6186/7017/4349 6264/7095/4934 6267/7098/4935 
f 6266/7097/4429 6269/7100/4716 6267/7098/4935 6264/7095/4934 
f 6269/7100/4716 6270/7101/4433 6268/7099/4431 6267/7098/4935 
f 6194/7025/4357 6193/7024/4356 6271/7102/4936 6272/7103/4435 
f 6193/7024/4356 6190/7021/4676 6268/7099/4431 6271/7102/4936 
f 6270/7101/4433 6273/7104/4436 6271/7102/4936 6268/7099/4431 
f 6273/7104/4436 6274/7105/4437 6272/7103/4435 6271/7102/4936 
f 6198/7029/4913 6197/7028/4680 6275/7106/4438 6276/7107/4439 
f 6197/7028/4680 6194/7025/4357 6272/7103/4435 6275/7106/4438 
f 6274/7105/4437 6277/7108/4937 6275/7106/4438 6272/7103/4435 
f 6277/7108/4937 6278/7109/4719 6276/7107/4439 6275/7106/4438 
f 6202/7033/4916 6201/7032/4915 6279/7110/4442 6280/7111/4443 
f 6201/7032/4915 6198/7029/4913 6276/7107/4439 6279/7110/4442 
f 6278/7109/4719 6281/7112/4444 6279/7110/4442 6276/7107/4439 
f 6281/7112/4444 6282/7113/4938 6280/7111/4443 6279/7110/4442 
f 6206/7037/4369 6205/7036/4918 6283/7114/4446 6284/7115/4447 
f 6205/7036/4918 6202/7033/4916 6280/7111/4443 6283/7114/4446 
f 6282/7113/4938 6285/7116/4721 6283/7114/4446 6280/7111/4443 
f 6285/7116/4721 6286/7117/4449 6284/7115/4447 6283/7114/4446 
f 6210/7041/4687 6209/7040/4372 6287/7118/4722 6288/7119/4939 
f 6209/7040/4372 6206/7037/4369 6284/7115/4447 6287/7118/4722 
f 6286/7117/4449 6289/7120/4940 6287/7118/4722 6284/7115/4447 
f 6289/7120/4940 6290/7121/4453 6288/7119/4939 6287/7118/4722 
f 6214/7045/4690 6213/7044/4689 6291/7122/4454 6292/7123/4941 
f 6213/7044/4689 6210/7041/4687 6288/7119/4939 6291/7122/4454 
f 6290/7121/4453 6293/7124/4942 6291/7122/4454 6288/7119/4939 
f 6293/7124/4942 6294/7125/4457 6292/7123/4941 6291/7122/4454 
f 6218/7049/4920 6217/7048/4380 6295/7126/4458 6296/7127/4728 
f 6217/7048/4380 6214/7045/4690 6292/7123/4941 6295/7126/4458 
f 6294/7125/4457 6297/7128/4729 6295/7126/4458 6292/7123/4941 
f 6297/7128/4729 6298/7129/4943 6296/7127/4728 6295/7126/4458 
f 6144/6975/4896 6220/7051/4921 6299/7130/4730 6223/7054/4693 
f 6220/7051/4921 6218/7049/4920 6296/7127/4728 6299/7130/4730 
f 6298/7129/4943 6300/7131/4944 6299/7130/4730 6296/7127/4728 
f 6300/7131/4944 6224/7055/4923 6223/7054/4693 6299/7130/4730 
f 6226/7057/4924 6225/7056/4695 6301/7132/4464 6302/7133/4732 
f 6225/7056/4695 6224/7055/4923 6303/7134/4945 6301/7132/4464 
f 5705/6452/4748 5702/6449/3895 6301/7132/4464 6303/7134/4945 
f 5702/6449/3895 5701/6448/3894 6302/7133/4732 6301/7132/4464 
f 6230/7061/4393 6229/7060/4698 6304/7135/4467 6305/7136/4468 
f 6229/7060/4698 6226/7057/4924 6302/7133/4732 6304/7135/4467 
f 5701/6448/3894 5711/6458/4750 6304/7135/4467 6302/7133/4732 
f 5711/6458/4750 5710/6457/3903 6305/7136/4468 6304/7135/4467 
f 6234/7065/4397 6233/7064/4700 6306/7137/4946 6307/7138/4470 
f 6233/7064/4700 6230/7061/4393 6305/7136/4468 6306/7137/4946 
f 5710/6457/3903 5717/6464/3910 6306/7137/4946 6305/7136/4468 
f 5717/6464/3910 5716/6463/4751 6307/7138/4470 6306/7137/4946 
f 6238/7069/4928 6237/7068/4400 6308/7139/4736 6309/7140/4472 
f 6237/7068/4400 6234/7065/4397 6307/7138/4470 6308/7139/4736 
f 5716/6463/4751 5723/6470/3916 6308/7139/4736 6307/7138/4470 
f 5723/6470/3916 5722/6469/3915 6309/7140/4472 6308/7139/4736 
f 6242/7073/4929 6241/7072/4704 6310/7141/4473 6311/7142/4947 
f 6241/7072/4704 6238/7069/4928 6309/7140/4472 6310/7141/4473 
f 5722/6469/3915 5729/6476/3922 6310/7141/4473 6309/7140/4472 
f 5729/6476/3922 5728/6475/4754 6311/7142/4947 6310/7141/4473 
f 6246/7077/4409 6245/7076/4408 6312/7143/4475 6313/7144/4948 
f 6245/7076/4408 6242/7073/4929 6311/7142/4947 6312/7143/4475 
f 5728/6475/4754 5735/6482/3928 6312/7143/4475 6311/7142/4947 
f 5735/6482/3928 5734/6481/3927 6313/7144/4948 6312/7143/4475 
f 6250/7081/4707 6249/7080/4412 6314/7145/4949 6315/7146/4950 
f 6249/7080/4412 6246/7077/4409 6313/7144/4948 6314/7145/4949 
f 5734/6481/3927 5741/6488/4620 6314/7145/4949 6313/7144/4948 
f 5741/6488/4620 5740/6487/3933 6315/7146/4950 6314/7145/4949 
f 6254/7085/4417 6253/7084/4416 6316/7147/4951 6317/7148/4480 
f 6253/7084/4416 6250/7081/4707 6315/7146/4950 6316/7147/4951 
f 5740/6487/3933 5747/6494/4219 6316/7147/4951 6315/7146/4950 
f 5747/6494/4219 5746/6493/3939 6317/7148/4480 6316/7147/4951 
f 6258/7089/4932 6257/7088/4420 6318/7149/4952 6319/7150/4953 
f 6257/7088/4420 6254/7085/4417 6317/7148/4480 6318/7149/4952 
f 5746/6493/3939 5753/6500/4222 6318/7149/4952 6317/7148/4480 
f 5753/6500/4222 5752/6499/3945 6319/7150/4953 6318/7149/4952 
f 6262/7093/4714 6261/7092/4713 6320/7151/4483 6321/7152/4484 
f 6261/7092/4713 6258/7089/4932 6319/7150/4953 6320/7151/4483 
f 5752/6499/3945 5759/6506/3952 6320/7151/4483 6319/7150/4953 
f 5759/6506/3952 5758/6505/3951 6321/7152/4484 6320/7151/4483 
f 6266/7097/4429 6265/7096/4428 6322/7153/4485 6323/7154/4486 
f 6265/7096/4428 6262/7093/4714 6321/7152/4484 6322/7153/4485 
f 5758/6505/3951 5765/6512/4768 6322/7153/4485 6321/7152/4484 
f 5765/6512/4768 5764/6511/4767 6323/7154/4486 6322/7153/4485 
f 6270/7101/4433 6269/7100/4716 6324/7155/4487 6325/7156/4954 
f 6269/7100/4716 6266/7097/4429 6323/7154/4486 6324/7155/4487 
f 5764/6511/4767 5771/6518/3964 6324/7155/4487 6323/7154/4486 
f 5771/6518/3964 5770/6517/4180 6325/7156/4954 6324/7155/4487 
f 6274/7105/4437 6273/7104/4436 6326/7157/4489 6327/7158/4741 
f 6273/7104/4436 6270/7101/4433 6325/7156/4954 6326/7157/4489 
f 5770/6517/4180 5777/6524/3970 6326/7157/4489 6325/7156/4954 
f 5777/6524/3970 5776/6523/3969 6327/7158/4741 6326/7157/4489 
f 6278/7109/4719 6277/7108/4937 6328/7159/4491 6329/7160/4955 
f 6277/7108/4937 6274/7105/4437 6327/7158/4741 6328/7159/4491 
f 5776/6523/3969 5783/6530/3976 6328/7159/4491 6327/7158/4741 
f 5783/6530/3976 5782/6529/3975 6329/7160/4955 6328/7159/4491 
f 6282/7113/4938 6281/7112/4444 6330/7161/4493 6331/7162/4956 
f 6281/7112/4444 6278/7109/4719 6329/7160/4955 6330/7161/4493 
f 5782/6529/3975 5789/6536/3982 6330/7161/4493 6329/7160/4955 
f 5789/6536/3982 5788/6535/3981 6331/7162/4956 6330/7161/4493 
f 6286/7117/4449 6285/7116/4721 6332/7163/4495 6333/6551/4496 
f 6285/7116/4721 6282/7113/4938 6331/7162/4956 6332/7163/4495 
f 5788/6535/3981 5795/6542/3988 6332/7163/4495 6331/7162/4956 
f 5795/6542/3988 5794/6541/3987 6333/6551/4496 6332/7163/4495 
f 6290/7121/4453 6289/7120/4940 6334/7164/4743 6335/7165/4957 
f 6289/7120/4940 6286/7117/4449 6333/6551/4496 6334/7164/4743 
f 5794/6541/3987 5801/6548/3994 6334/7164/4743 6333/6551/4496 
f 5801/6548/3994 5800/6547/4779 6335/7165/4957 6334/7164/4743 
f 6294/7125/4457 6293/7124/4942 6336/7166/4958 6337/7167/4959 
f 6293/7124/4942 6290/7121/4453 6335/7165/4957 6336/7166/4958 
f 5800/6547/4779 5807/6556/4000 6336/7166/4958 6335/7165/4957 
f 5807/6556/4000 5806/6555/4194 6337/7167/4959 6336/7166/4958 
f 6298/7129/4943 6297/7128/4729 6338/7168/4960 6339/7169/4961 
f 6297/7128/4729 6294/7125/4457 6337/7167/4959 6338/7168/4960 
f 5806/6555/4194 5813/6562/4197 6338/7168/4960 6337/7167/4959 
f 5813/6562/4197 5812/6561/4198 6339/7169/4961 6338/7168/4960 
f 6224/7055/4923 6300/7131/4944 6340/7170/4962 6303/7134/4945 
f 6300/7131/4944 6298/7129/4943 6339/7169/4961 6340/7170/4962 
f 5812/6561/4198 5818/6567/4011 6340/7170/4962 6339/7169/4961 
f 5818/6567/4011 5705/6452/4748 6303/7134/4945 6340/7170/4962 
f 3497/3957/2971 3660/4136/3134 6341/7171/4963 3498/3958/2972 
f 3660/4136/3134 3639/4135/3113 3638/7172/3112 6341/7171/4963 
f 3617/4090/3091 3616/4089/3090 6341/7171/4963 3638/7172/3112 
f 3616/4089/3090 3595/4058/3069 3594/4057/3068 6341/7171/4963 
f 3573/4056/3047 3572/7173/3046 6341/7171/4963 3594/4057/3068 
f 3572/7173/3046 3551/4011/3025 3550/4010/3024 6341/7171/4963 
f 3529/3989/3003 3528/3988/3002 6341/7171/4963 3550/4010/3024 
f 3528/3988/3002 3499/3959/2973 3498/3958/2972 6341/7171/4963 
f 3739/4230/3213 3771/4262/3245 6342/7174/4964 3740/4231/3214 
f 3771/4262/3245 3770/4261/3244 3793/4284/3267 6342/7174/4964 
f 3792/4283/3266 3815/4306/3289 6342/7174/4964 3793/4284/3267 
f 3815/4306/3289 3814/4305/3288 3837/7175/3311 6342/7174/4964 
f 3836/4329/3310 3859/4361/3333 6342/7174/4964 3837/7175/3311 
f 3859/4361/3333 3858/4360/3332 3881/4383/3355 6342/7174/4964 
f 3880/4382/3354 3900/7176/3374 6342/7174/4964 3881/4383/3355 
f 3900/7176/3374 3741/4232/3215 3740/4231/3214 6342/7174/4964 
f 3961/4480/3435 4124/4659/3598 6343/7177/4965 3962/4481/3436 
f 4124/4659/3598 4103/4658/3577 4102/7178/3576 6343/7177/4965 
f 4081/4613/3555 4080/4612/3554 6343/7177/4965 4102/7178/3576 
f 4080/4612/3554 4059/4581/3533 4058/4580/3532 6343/7177/4965 
f 4037/4579/3511 4036/7179/3510 6343/7177/4965 4058/4580/3532 
f 4036/7179/3510 4015/4534/3489 4014/4533/3488 6343/7177/4965 
f 3993/4512/3467 3992/4511/3466 6343/7177/4965 4014/4533/3488 
f 3992/4511/3466 3963/4482/3437 3962/4481/3436 6343/7177/4965 
f 4203/4754/3677 4235/4786/3709 6344/7180/4966 4204/4755/3678 
f 4235/4786/3709 4234/4785/3708 4257/4808/3731 6344/7180/4966 
f 4256/4807/3730 4279/4830/3753 6344/7180/4966 4257/4808/3731 
f 4279/4830/3753 4278/4829/3752 4301/7181/3775 6344/7180/4966 
f 4300/4853/3774 4323/4885/3797 6344/7180/4966 4301/7181/3775 
f 4323/4885/3797 4322/4884/3796 4345/4907/3818 6344/7180/4966 
f 4344/4906/3817 4364/7182/3837 6344/7180/4966 4345/4907/3818 
f 4364/7182/3837 4205/4756/3679 4204/4755/3678 6344/7180/4966 
# 2848 polygons

