# 3ds Max Wavefront OBJ Exporter v0.99 - (c)2007 guruware
# File Created: 02.09.2026 22:19:12

mtllib grape_hero.mtl

#
# object Sphere001
#

v  -0.0157 0.5735 4.1882
v  -0.0121 0.5437 4.1197
v  -0.0337 0.5612 4.1167
v  -0.0547 0.5780 4.1245
v  -0.0717 0.5916 4.1421
v  -0.0822 0.5999 4.1666
v  -0.0847 0.6017 4.1944
v  -0.0786 0.5967 4.2213
v  -0.0650 0.5857 4.2431
v  -0.0459 0.5702 4.2565
v  -0.0243 0.5528 4.2595
v  -0.0033 0.5360 4.2517
v  0.0137 0.5224 4.2342
v  0.0242 0.5140 4.2096
v  0.0267 0.5122 4.1818
v  0.0206 0.5172 4.1549
v  0.0070 0.5283 4.1331
v  -0.0356 0.4854 4.0615
v  -0.0756 0.5176 4.0559
v  -0.1143 0.5487 4.0704
v  -0.1458 0.5739 4.1028
v  -0.1653 0.5893 4.1481
v  -0.1697 0.5926 4.1995
v  -0.1586 0.5833 4.2491
v  -0.1334 0.5629 4.2894
v  -0.0982 0.5344 4.3143
v  -0.0581 0.5021 4.3198
v  -0.0194 0.4711 4.3053
v  0.0120 0.4459 4.2729
v  0.0315 0.4305 4.2276
v  0.0360 0.4272 4.1762
v  0.0248 0.4365 4.1266
v  -0.0003 0.4569 4.0863
v  -0.0827 0.4074 4.0223
v  -0.1350 0.4496 4.0150
v  -0.1856 0.4901 4.0340
v  -0.2267 0.5230 4.0763
v  -0.2521 0.5431 4.1356
v  -0.2580 0.5475 4.2027
v  -0.2434 0.5354 4.2675
v  -0.2105 0.5087 4.3202
v  -0.1645 0.4714 4.3526
v  -0.1122 0.4293 4.3599
v  -0.0616 0.3887 4.3409
v  -0.0205 0.3559 4.2986
v  0.0050 0.3357 4.2394
v  0.0108 0.3314 4.1722
v  -0.0038 0.3435 4.1074
v  -0.0366 0.3702 4.0548
v  -0.1462 0.3217 4.0083
v  -0.2028 0.3673 4.0004
v  -0.2575 0.4112 4.0209
v  -0.3021 0.4467 4.0667
v  -0.3296 0.4685 4.1308
v  -0.3359 0.4732 4.2035
v  -0.3201 0.4601 4.2737
v  -0.2846 0.4312 4.3307
v  -0.2347 0.3909 4.3658
v  -0.1781 0.3453 4.3737
v  -0.1234 0.3014 4.3531
v  -0.0789 0.2658 4.3073
v  -0.0513 0.2440 4.2432
v  -0.0450 0.2393 4.1705
v  -0.0608 0.2524 4.1003
v  -0.0963 0.2813 4.0434
v  -0.2165 0.2412 4.0214
v  -0.2688 0.2833 4.0141
v  -0.3193 0.3239 4.0331
v  -0.3604 0.3567 4.0754
v  -0.3859 0.3769 4.1346
v  -0.3917 0.3812 4.2018
v  -0.3771 0.3691 4.2666
v  -0.3443 0.3424 4.3193
v  -0.2982 0.3051 4.3517
v  -0.2459 0.2630 4.3590
v  -0.1954 0.2224 4.3400
v  -0.1542 0.1896 4.2977
v  -0.1288 0.1695 4.2385
v  -0.1229 0.1651 4.1713
v  -0.1375 0.1772 4.1065
v  -0.1704 0.2039 4.0538
v  -0.2827 0.1782 4.0598
v  -0.3228 0.2104 4.0542
v  -0.3615 0.2415 4.0687
v  -0.3930 0.2666 4.1011
v  -0.4124 0.2820 4.1464
v  -0.4169 0.2854 4.1978
v  -0.4057 0.2761 4.2475
v  -0.3806 0.2557 4.2877
v  -0.3453 0.2272 4.3126
v  -0.3053 0.1949 4.3181
v  -0.2666 0.1639 4.3036
v  -0.2351 0.1387 4.2712
v  -0.2157 0.1233 4.2259
v  -0.2112 0.1200 4.1745
v  -0.2224 0.1292 4.1249
v  -0.2475 0.1497 4.0846
v  -0.3350 0.1423 4.1175
v  -0.3567 0.1598 4.1145
v  -0.3776 0.1766 4.1223
v  -0.3946 0.1902 4.1399
v  -0.4052 0.1985 4.1644
v  -0.4076 0.2003 4.1922
v  -0.4016 0.1953 4.2191
v  -0.3880 0.1843 4.2409
v  -0.3689 0.1688 4.2543
v  -0.3472 0.1514 4.2573
v  -0.3263 0.1346 4.2495
v  -0.3092 0.1210 4.2319
v  -0.2987 0.1126 4.2074
v  -0.2963 0.1108 4.1796
v  -0.3023 0.1158 4.1527
v  -0.3159 0.1269 4.1309
v  -0.3652 0.1391 4.1858
# 114 vertices

vn 0.6268 0.7791 0.0043
vn 0.6689 0.6386 -0.3806
vn 0.5471 0.7366 -0.3976
vn 0.4293 0.8311 -0.3535
vn 0.3336 0.9076 -0.2549
vn 0.2744 0.9545 -0.1169
vn 0.2607 0.9646 0.0394
vn 0.2947 0.9364 0.1904
vn 0.3712 0.8742 0.3129
vn 0.4785 0.7875 0.3885
vn 0.6002 0.6894 0.4054
vn 0.7180 0.5950 0.3613
vn 0.8137 0.5185 0.2627
vn 0.8729 0.4716 0.1248
vn 0.8866 0.4615 -0.0316
vn 0.8526 0.4896 -0.1825
vn 0.7761 0.5518 -0.3051
vn 0.6055 0.4088 -0.6828
vn 0.3884 0.5837 -0.7131
vn 0.1784 0.7522 -0.6343
vn 0.0076 0.8886 -0.4586
vn -0.0980 0.9722 -0.2126
vn -0.1223 0.9903 0.0663
vn -0.0617 0.9400 0.3355
vn 0.0746 0.8291 0.5541
vn 0.2660 0.6744 0.6888
vn 0.4831 0.4996 0.7190
vn 0.6931 0.3311 0.6403
vn 0.8639 0.1946 0.4645
vn 0.9695 0.1110 0.2185
vn 0.9938 0.0930 -0.0603
vn 0.9332 0.1432 -0.3295
vn 0.7969 0.2541 -0.5481
vn 0.4537 0.1204 -0.8830
vn 0.1735 0.3460 -0.9221
vn -0.0973 0.5633 -0.8205
vn -0.3176 0.7393 -0.5938
vn -0.4538 0.8471 -0.2764
vn -0.4852 0.8704 0.0833
vn -0.4070 0.8056 0.4305
vn -0.2311 0.6625 0.7125
vn 0.0157 0.4630 0.8862
vn 0.2958 0.2374 0.9253
vn 0.5666 0.0201 0.8237
vn 0.7869 -0.1559 0.5970
vn 0.9232 -0.2638 0.2796
vn 0.9546 -0.2870 -0.0801
vn 0.8764 -0.2222 -0.4273
vn 0.7005 -0.0792 -0.7093
vn 0.2362 -0.1848 -0.9540
vn -0.0659 0.0585 -0.9961
vn -0.3580 0.2929 -0.8866
vn -0.5956 0.4827 -0.6421
vn -0.7425 0.5990 -0.2998
vn -0.7764 0.6241 0.0881
vn -0.6920 0.5542 0.4625
vn -0.5023 0.3999 0.7666
vn -0.2362 0.1848 0.9540
vn 0.0659 -0.0585 0.9961
vn 0.3580 -0.2929 0.8866
vn 0.5956 -0.4827 0.6421
vn 0.7425 -0.5990 0.2998
vn 0.7764 -0.6241 -0.0881
vn 0.6920 -0.5542 -0.4625
vn 0.5023 -0.3999 -0.7666
vn -0.0157 -0.4630 -0.8862
vn -0.2958 -0.2374 -0.9253
vn -0.5666 -0.0201 -0.8237
vn -0.7869 0.1559 -0.5970
vn -0.9232 0.2638 -0.2796
vn -0.9546 0.2870 0.0801
vn -0.8764 0.2222 0.4273
vn -0.7005 0.0792 0.7093
vn -0.4537 -0.1204 0.8830
vn -0.1735 -0.3460 0.9221
vn 0.0973 -0.5633 0.8205
vn 0.3176 -0.7393 0.5938
vn 0.4538 -0.8471 0.2764
vn 0.4852 -0.8704 -0.0833
vn 0.4070 -0.8056 -0.4305
vn 0.2311 -0.6625 -0.7125
vn -0.2660 -0.6744 -0.6888
vn -0.4831 -0.4996 -0.7190
vn -0.6931 -0.3311 -0.6403
vn -0.8639 -0.1946 -0.4645
vn -0.9695 -0.1110 -0.2185
vn -0.9938 -0.0930 0.0603
vn -0.9332 -0.1432 0.3295
vn -0.7969 -0.2541 0.5481
vn -0.6055 -0.4088 0.6828
vn -0.3884 -0.5837 0.7131
vn -0.1784 -0.7522 0.6343
vn -0.0076 -0.8886 0.4586
vn 0.0980 -0.9722 0.2126
vn 0.1223 -0.9903 -0.0663
vn 0.0617 -0.9400 -0.3355
vn -0.0746 -0.8291 -0.5541
vn -0.4785 -0.7875 -0.3885
vn -0.6002 -0.6894 -0.4054
vn -0.7180 -0.5950 -0.3613
vn -0.8137 -0.5185 -0.2627
vn -0.8729 -0.4716 -0.1248
vn -0.8866 -0.4615 0.0316
vn -0.8526 -0.4896 0.1825
vn -0.7761 -0.5518 0.3051
vn -0.6689 -0.6386 0.3806
vn -0.5471 -0.7366 0.3976
vn -0.4293 -0.8311 0.3535
vn -0.3336 -0.9076 0.2549
vn -0.2744 -0.9545 0.1169
vn -0.2607 -0.9646 -0.0394
vn -0.2947 -0.9364 -0.1904
vn -0.3712 -0.8742 -0.3129
vn -0.6268 -0.7791 -0.0043
# 114 vertex normals

vt 0.0000 1.0000 0.0000
vt 0.0000 0.8750 0.0000
vt 0.0625 0.8750 0.0000
vt 0.0625 1.0000 0.0000
vt 0.1250 0.8750 0.0000
vt 0.1250 1.0000 0.0000
vt 0.1875 0.8750 0.0000
vt 0.1875 1.0000 0.0000
vt 0.2500 0.8750 0.0000
vt 0.2500 1.0000 0.0000
vt 0.3125 0.8750 0.0000
vt 0.3125 1.0000 0.0000
vt 0.3750 0.8750 0.0000
vt 0.3750 1.0000 0.0000
vt 0.4375 0.8750 0.0000
vt 0.4375 1.0000 0.0000
vt 0.5000 0.8750 0.0000
vt 0.5000 1.0000 0.0000
vt 0.5625 0.8750 0.0000
vt 0.5625 1.0000 0.0000
vt 0.6250 0.8750 0.0000
vt 0.6250 1.0000 0.0000
vt 0.6875 0.8750 0.0000
vt 0.6875 1.0000 0.0000
vt 0.7500 0.8750 0.0000
vt 0.7500 1.0000 0.0000
vt 0.8125 0.8750 0.0000
vt 0.8125 1.0000 0.0000
vt 0.8750 0.8750 0.0000
vt 0.8750 1.0000 0.0000
vt 0.9375 0.8750 0.0000
vt 0.9375 1.0000 0.0000
vt 1.0000 0.8750 0.0000
vt 0.0000 0.7500 0.0000
vt 0.0625 0.7500 0.0000
vt 0.1250 0.7500 0.0000
vt 0.1875 0.7500 0.0000
vt 0.2500 0.7500 0.0000
vt 0.3125 0.7500 0.0000
vt 0.3750 0.7500 0.0000
vt 0.4375 0.7500 0.0000
vt 0.5000 0.7500 0.0000
vt 0.5625 0.7500 0.0000
vt 0.6250 0.7500 0.0000
vt 0.6875 0.7500 0.0000
vt 0.7500 0.7500 0.0000
vt 0.8125 0.7500 0.0000
vt 0.8750 0.7500 0.0000
vt 0.9375 0.7500 0.0000
vt 1.0000 0.7500 0.0000
vt 0.0000 0.6250 0.0000
vt 0.0625 0.6250 0.0000
vt 0.1250 0.6250 0.0000
vt 0.1875 0.6250 0.0000
vt 0.2500 0.6250 0.0000
vt 0.3125 0.6250 0.0000
vt 0.3750 0.6250 0.0000
vt 0.4375 0.6250 0.0000
vt 0.5000 0.6250 0.0000
vt 0.5625 0.6250 0.0000
vt 0.6250 0.6250 0.0000
vt 0.6875 0.6250 0.0000
vt 0.7500 0.6250 0.0000
vt 0.8125 0.6250 0.0000
vt 0.8750 0.6250 0.0000
vt 0.9375 0.6250 0.0000
vt 1.0000 0.6250 0.0000
vt 0.0000 0.5000 0.0000
vt 0.0625 0.5000 0.0000
vt 0.1250 0.5000 0.0000
vt 0.1875 0.5000 0.0000
vt 0.2500 0.5000 0.0000
vt 0.3125 0.5000 0.0000
vt 0.3750 0.5000 0.0000
vt 0.4375 0.5000 0.0000
vt 0.5000 0.5000 0.0000
vt 0.5625 0.5000 0.0000
vt 0.6250 0.5000 0.0000
vt 0.6875 0.5000 0.0000
vt 0.7500 0.5000 0.0000
vt 0.8125 0.5000 0.0000
vt 0.8750 0.5000 0.0000
vt 0.9375 0.5000 0.0000
vt 1.0000 0.5000 0.0000
vt 0.0000 0.3750 0.0000
vt 0.0625 0.3750 0.0000
vt 0.1250 0.3750 0.0000
vt 0.1875 0.3750 0.0000
vt 0.2500 0.3750 0.0000
vt 0.3125 0.3750 0.0000
vt 0.3750 0.3750 0.0000
vt 0.4375 0.3750 0.0000
vt 0.5000 0.3750 0.0000
vt 0.5625 0.3750 0.0000
vt 0.6250 0.3750 0.0000
vt 0.6875 0.3750 0.0000
vt 0.7500 0.3750 0.0000
vt 0.8125 0.3750 0.0000
vt 0.8750 0.3750 0.0000
vt 0.9375 0.3750 0.0000
vt 1.0000 0.3750 0.0000
vt 0.0000 0.2500 0.0000
vt 0.0625 0.2500 0.0000
vt 0.1250 0.2500 0.0000
vt 0.1875 0.2500 0.0000
vt 0.2500 0.2500 0.0000
vt 0.3125 0.2500 0.0000
vt 0.3750 0.2500 0.0000
vt 0.4375 0.2500 0.0000
vt 0.5000 0.2500 0.0000
vt 0.5625 0.2500 0.0000
vt 0.6250 0.2500 0.0000
vt 0.6875 0.2500 0.0000
vt 0.7500 0.2500 0.0000
vt 0.8125 0.2500 0.0000
vt 0.8750 0.2500 0.0000
vt 0.9375 0.2500 0.0000
vt 1.0000 0.2500 0.0000
vt 0.0000 0.1250 0.0000
vt 0.0625 0.1250 0.0000
vt 0.1250 0.1250 0.0000
vt 0.1875 0.1250 0.0000
vt 0.2500 0.1250 0.0000
vt 0.3125 0.1250 0.0000
vt 0.3750 0.1250 0.0000
vt 0.4375 0.1250 0.0000
vt 0.5000 0.1250 0.0000
vt 0.5625 0.1250 0.0000
vt 0.6250 0.1250 0.0000
vt 0.6875 0.1250 0.0000
vt 0.7500 0.1250 0.0000
vt 0.8125 0.1250 0.0000
vt 0.8750 0.1250 0.0000
vt 0.9375 0.1250 0.0000
vt 1.0000 0.1250 0.0000
vt 0.0000 0.0000 0.0000
vt 0.0625 0.0000 0.0000
vt 0.1250 0.0000 0.0000
vt 0.1875 0.0000 0.0000
vt 0.2500 0.0000 0.0000
vt 0.3125 0.0000 0.0000
vt 0.3750 0.0000 0.0000
vt 0.4375 0.0000 0.0000
vt 0.5000 0.0000 0.0000
vt 0.5625 0.0000 0.0000
vt 0.6250 0.0000 0.0000
vt 0.6875 0.0000 0.0000
vt 0.7500 0.0000 0.0000
vt 0.8125 0.0000 0.0000
vt 0.8750 0.0000 0.0000
vt 0.9375 0.0000 0.0000
# 151 texture coords

o Sphere001
g Sphere001
usemtl wire_224086086
s 1
f 1/1/1 2/2/2 3/3/3 
f 1/4/1 3/3/3 4/5/4 
f 1/6/1 4/5/4 5/7/5 
f 1/8/1 5/7/5 6/9/6 
f 1/10/1 6/9/6 7/11/7 
f 1/12/1 7/11/7 8/13/8 
f 1/14/1 8/13/8 9/15/9 
f 1/16/1 9/15/9 10/17/10 
f 1/18/1 10/17/10 11/19/11 
f 1/20/1 11/19/11 12/21/12 
f 1/22/1 12/21/12 13/23/13 
f 1/24/1 13/23/13 14/25/14 
f 1/26/1 14/25/14 15/27/15 
f 1/28/1 15/27/15 16/29/16 
f 1/30/1 16/29/16 17/31/17 
f 1/32/1 17/31/17 2/33/2 
f 2/2/2 18/34/18 19/35/19 3/3/3 
f 3/3/3 19/35/19 20/36/20 4/5/4 
f 4/5/4 20/36/20 21/37/21 5/7/5 
f 5/7/5 21/37/21 22/38/22 6/9/6 
f 6/9/6 22/38/22 23/39/23 7/11/7 
f 7/11/7 23/39/23 24/40/24 8/13/8 
f 8/13/8 24/40/24 25/41/25 9/15/9 
f 9/15/9 25/41/25 26/42/26 10/17/10 
f 10/17/10 26/42/26 27/43/27 11/19/11 
f 11/19/11 27/43/27 28/44/28 12/21/12 
f 12/21/12 28/44/28 29/45/29 13/23/13 
f 13/23/13 29/45/29 30/46/30 14/25/14 
f 14/25/14 30/46/30 31/47/31 15/27/15 
f 15/27/15 31/47/31 32/48/32 16/29/16 
f 16/29/16 32/48/32 33/49/33 17/31/17 
f 17/31/17 33/49/33 18/50/18 2/33/2 
f 18/34/18 34/51/34 35/52/35 19/35/19 
f 19/35/19 35/52/35 36/53/36 20/36/20 
f 20/36/20 36/53/36 37/54/37 21/37/21 
f 21/37/21 37/54/37 38/55/38 22/38/22 
f 22/38/22 38/55/38 39/56/39 23/39/23 
f 23/39/23 39/56/39 40/57/40 24/40/24 
f 24/40/24 40/57/40 41/58/41 25/41/25 
f 25/41/25 41/58/41 42/59/42 26/42/26 
f 26/42/26 42/59/42 43/60/43 27/43/27 
f 27/43/27 43/60/43 44/61/44 28/44/28 
f 28/44/28 44/61/44 45/62/45 29/45/29 
f 29/45/29 45/62/45 46/63/46 30/46/30 
f 30/46/30 46/63/46 47/64/47 31/47/31 
f 31/47/31 47/64/47 48/65/48 32/48/32 
f 32/48/32 48/65/48 49/66/49 33/49/33 
f 33/49/33 49/66/49 34/67/34 18/50/18 
f 34/51/34 50/68/50 51/69/51 35/52/35 
f 35/52/35 51/69/51 52/70/52 36/53/36 
f 36/53/36 52/70/52 53/71/53 37/54/37 
f 37/54/37 53/71/53 54/72/54 38/55/38 
f 38/55/38 54/72/54 55/73/55 39/56/39 
f 39/56/39 55/73/55 56/74/56 40/57/40 
f 40/57/40 56/74/56 57/75/57 41/58/41 
f 41/58/41 57/75/57 58/76/58 42/59/42 
f 42/59/42 58/76/58 59/77/59 43/60/43 
f 43/60/43 59/77/59 60/78/60 44/61/44 
f 44/61/44 60/78/60 61/79/61 45/62/45 
f 45/62/45 61/79/61 62/80/62 46/63/46 
f 46/63/46 62/80/62 63/81/63 47/64/47 
f 47/64/47 63/81/63 64/82/64 48/65/48 
f 48/65/48 64/82/64 65/83/65 49/66/49 
f 49/66/49 65/83/65 50/84/50 34/67/34 
f 50/68/50 66/85/66 67/86/67 51/69/51 
f 51/69/51 67/86/67 68/87/68 52/70/52 
f 52/70/52 68/87/68 69/88/69 53/71/53 
f 53/71/53 69/88/69 70/89/70 54/72/54 
f 54/72/54 70/89/70 71/90/71 55/73/55 
f 55/73/55 71/90/71 72/91/72 56/74/56 
f 56/74/56 72/91/72 73/92/73 57/75/57 
f 57/75/57 73/92/73 74/93/74 58/76/58 
f 58/76/58 74/93/74 75/94/75 59/77/59 
f 59/77/59 75/94/75 76/95/76 60/78/60 
f 60/78/60 76/95/76 77/96/77 61/79/61 
f 61/79/61 77/96/77 78/97/78 62/80/62 
f 62/80/62 78/97/78 79/98/79 63/81/63 
f 63/81/63 79/98/79 80/99/80 64/82/64 
f 64/82/64 80/99/80 81/100/81 65/83/65 
f 65/83/65 81/100/81 66/101/66 50/84/50 
f 66/85/66 82/102/82 83/103/83 67/86/67 
f 67/86/67 83/103/83 84/104/84 68/87/68 
f 68/87/68 84/104/84 85/105/85 69/88/69 
f 69/88/69 85/105/85 86/106/86 70/89/70 
f 70/89/70 86/106/86 87/107/87 71/90/71 
f 71/90/71 87/107/87 88/108/88 72/91/72 
f 72/91/72 88/108/88 89/109/89 73/92/73 
f 73/92/73 89/109/89 90/110/90 74/93/74 
f 74/93/74 90/110/90 91/111/91 75/94/75 
f 75/94/75 91/111/91 92/112/92 76/95/76 
f 76/95/76 92/112/92 93/113/93 77/96/77 
f 77/96/77 93/113/93 94/114/94 78/97/78 
f 78/97/78 94/114/94 95/115/95 79/98/79 
f 79/98/79 95/115/95 96/116/96 80/99/80 
f 80/99/80 96/116/96 97/117/97 81/100/81 
f 81/100/81 97/117/97 82/118/82 66/101/66 
f 82/102/82 98/119/98 99/120/99 83/103/83 
f 83/103/83 99/120/99 100/121/100 84/104/84 
f 84/104/84 100/121/100 101/122/101 85/105/85 
f 85/105/85 101/122/101 102/123/102 86/106/86 
f 86/106/86 102/123/102 103/124/103 87/107/87 
f 87/107/87 103/124/103 104/125/104 88/108/88 
f 88/108/88 104/125/104 105/126/105 89/109/89 
f 89/109/89 105/126/105 106/127/106 90/110/90 
f 90/110/90 106/127/106 107/128/107 91/111/91 
f 91/111/91 107/128/107 108/129/108 92/112/92 
f 92/112/92 108/129/108 109/130/109 93/113/93 
f 93/113/93 109/130/109 110/131/110 94/114/94 
f 94/114/94 110/131/110 111/132/111 95/115/95 
f 95/115/95 111/132/111 112/133/112 96/116/96 
f 96/116/96 112/133/112 113/134/113 97/117/97 
f 97/117/97 113/134/113 98/135/98 82/118/82 
f 114/136/114 99/120/99 98/119/98 
f 114/137/114 100/121/100 99/120/99 
f 114/138/114 101/122/101 100/121/100 
f 114/139/114 102/123/102 101/122/101 
f 114/140/114 103/124/103 102/123/102 
f 114/141/114 104/125/104 103/124/103 
f 114/142/114 105/126/105 104/125/104 
f 114/143/114 106/127/106 105/126/105 
f 114/144/114 107/128/107 106/127/106 
f 114/145/114 108/129/108 107/128/107 
f 114/146/114 109/130/109 108/129/108 
f 114/147/114 110/131/110 109/130/109 
f 114/148/114 111/132/111 110/131/110 
f 114/149/114 112/133/112 111/132/111 
f 114/150/114 113/134/113 112/133/112 
f 114/151/114 98/135/98 113/134/113 
# 96 polygons - 32 triangles

#
# object Line001
#

v  -0.0176 0.5706 4.2049
v  -0.0332 0.5679 4.2145
v  -0.0317 0.5579 4.2142
v  -0.0137 0.5609 4.2030
v  -0.0233 0.5788 4.2019
v  -0.0371 0.5764 4.2105
v  -0.0292 0.5833 4.1949
v  -0.0425 0.5810 4.2032
v  -0.0338 0.5829 4.1858
v  -0.0478 0.5805 4.1945
v  -0.0358 0.5778 4.1769
v  -0.0517 0.5751 4.1868
v  -0.0347 0.5692 4.1707
v  -0.0530 0.5661 4.1822
v  -0.0308 0.5595 4.1689
v  -0.0515 0.5560 4.1818
v  -0.0251 0.5514 4.1719
v  -0.0476 0.5475 4.1859
v  -0.0192 0.5469 4.1789
v  -0.0422 0.5429 4.1932
v  -0.0146 0.5472 4.1880
v  -0.0369 0.5434 4.2019
v  -0.0126 0.5524 4.1968
v  -0.0330 0.5489 4.2096
v  -0.0020 0.5846 4.1986
v  0.0049 0.5776 4.1956
v  -0.0098 0.5909 4.1965
v  -0.0165 0.5947 4.1898
v  -0.0201 0.5952 4.1803
v  -0.0198 0.5921 4.1705
v  -0.0157 0.5863 4.1631
v  -0.0088 0.5793 4.1601
v  -0.0010 0.5730 4.1622
v  0.0056 0.5692 4.1689
v  0.0093 0.5687 4.1784
v  0.0090 0.5718 4.1882
v  0.0156 0.6098 4.1943
v  0.0236 0.6045 4.1910
v  0.0070 0.6150 4.1924
v  0.0001 0.6185 4.1858
v  -0.0032 0.6194 4.1762
v  -0.0021 0.6175 4.1662
v  0.0032 0.6133 4.1586
v  0.0112 0.6079 4.1552
v  0.0198 0.6028 4.1572
v  0.0267 0.5993 4.1638
v  0.0300 0.5984 4.1734
v  0.0289 0.6003 4.1834
v  0.0334 0.6422 4.1920
v  0.0419 0.6377 4.1886
v  0.0244 0.6467 4.1901
v  0.0174 0.6500 4.1835
v  0.0142 0.6511 4.1739
v  0.0156 0.6498 4.1639
v  0.0214 0.6465 4.1561
v  0.0299 0.6420 4.1527
v  0.0388 0.6375 4.1546
v  0.0459 0.6342 4.1612
v  0.0491 0.6331 4.1708
v  0.0476 0.6344 4.1808
v  0.0503 0.6777 4.1908
v  0.0590 0.6736 4.1874
v  0.0411 0.6818 4.1890
v  0.0340 0.6849 4.1823
v  0.0308 0.6861 4.1727
v  0.0324 0.6851 4.1627
v  0.0384 0.6822 4.1550
v  0.0471 0.6781 4.1516
v  0.0562 0.6740 4.1534
v  0.0633 0.6709 4.1600
v  0.0665 0.6697 4.1697
v  0.0649 0.6707 4.1797
v  0.0655 0.7123 4.1901
v  0.0743 0.7084 4.1867
v  0.0563 0.7163 4.1883
v  0.0491 0.7192 4.1816
v  0.0459 0.7204 4.1720
v  0.0475 0.7194 4.1620
v  0.0535 0.7166 4.1543
v  0.0623 0.7126 4.1509
v  0.0715 0.7087 4.1527
v  0.0786 0.7058 4.1593
v  0.0819 0.7046 4.1689
v  0.0803 0.7056 4.1790
v  0.0783 0.7421 4.1890
v  0.0871 0.7382 4.1856
v  0.0691 0.7461 4.1872
v  0.0619 0.7489 4.1806
v  0.0587 0.7500 4.1710
v  0.0602 0.7489 4.1609
v  0.0662 0.7461 4.1532
v  0.0750 0.7422 4.1498
v  0.0842 0.7383 4.1517
v  0.0914 0.7354 4.1583
v  0.0947 0.7343 4.1679
v  0.0931 0.7354 4.1779
# 96 vertices

vn 0.3663 0.2099 0.9065
vn -0.1955 0.1358 0.9713
vn -0.1379 -0.2516 0.9580
vn 0.5444 -0.2533 0.7997
vn 0.0774 0.6376 0.7665
vn -0.3479 0.4618 0.8159
vn -0.2470 0.8885 0.3867
vn -0.5540 0.6390 0.5336
vn -0.4935 0.8625 -0.1118
vn -0.7587 0.6200 0.1999
vn -0.5868 0.5886 -0.5562
vn -0.9072 0.4097 -0.0957
vn -0.5222 0.1728 -0.8351
vn -0.9595 0.0647 -0.2742
vn -0.3288 -0.2795 -0.9021
vn -0.9018 -0.3227 -0.2874
vn -0.0506 -0.6670 -0.7434
vn -0.7495 -0.6487 -0.1320
vn 0.2450 -0.8877 -0.3899
vn -0.5434 -0.8259 0.1503
vn 0.4763 -0.8769 0.0647
vn -0.3386 -0.8070 0.4839
vn 0.5831 -0.6438 0.4955
vn -0.1902 -0.5967 0.7796
vn 0.1910 0.1155 0.9748
vn 0.5348 -0.2349 0.8117
vn -0.2103 0.4397 0.8732
vn -0.5570 0.6437 0.5247
vn -0.7459 0.6655 0.0280
vn -0.7255 0.5024 -0.4704
vn -0.5102 0.2065 -0.8349
vn -0.1630 -0.1407 -0.9765
vn 0.2259 -0.4506 -0.8637
vn 0.5564 -0.6434 -0.5258
vn 0.7418 -0.6686 -0.0510
vn 0.7342 -0.5199 0.4367
vn 0.1218 0.0432 0.9916
vn 0.5271 -0.2292 0.8183
vn -0.3189 0.3055 0.8972
vn -0.6741 0.4852 0.5570
vn -0.8444 0.5319 0.0640
vn -0.7840 0.4335 -0.4445
vn -0.5127 0.2188 -0.8302
vn -0.1062 -0.0530 -0.9929
vn 0.3273 -0.3101 -0.8926
vn 0.6740 -0.4852 -0.5571
vn 0.8432 -0.5324 -0.0748
vn 0.7900 -0.4392 0.4278
vn 0.0941 0.0042 0.9956
vn 0.5245 -0.2252 0.8211
vn -0.3628 0.2331 0.9022
vn -0.7223 0.3993 0.5646
vn -0.8862 0.4573 0.0739
vn -0.8103 0.3916 -0.4360
vn -0.5165 0.2207 -0.8273
vn -0.0854 -0.0088 -0.9963
vn 0.3677 -0.2355 -0.8996
vn 0.7226 -0.3994 -0.5641
vn 0.8858 -0.4574 -0.0789
vn 0.8137 -0.3938 0.4276
vn 0.0834 -0.0120 0.9964
vn 0.5249 -0.2186 0.8226
vn -0.3811 0.1981 0.9031
vn -0.7435 0.3551 0.5666
vn -0.9058 0.4166 0.0775
vn -0.8242 0.3658 -0.4323
vn -0.5212 0.2168 -0.8254
vn -0.0788 0.0099 -0.9968
vn 0.3841 -0.1995 -0.9015
vn 0.7442 -0.3554 -0.5656
vn 0.9057 -0.4166 -0.0789
vn 0.8256 -0.3666 0.4290
vn 0.0830 -0.0079 0.9965
vn 0.5279 -0.2065 0.8238
vn -0.3843 0.1928 0.9029
vn -0.7489 0.3421 0.5675
vn -0.9131 0.3998 0.0800
vn -0.8325 0.3502 -0.4294
vn -0.5282 0.2066 -0.8236
vn -0.0820 0.0075 -0.9966
vn 0.3861 -0.1936 -0.9019
vn 0.7503 -0.3427 -0.5653
vn 0.9133 -0.3998 -0.0774
vn 0.8318 -0.3499 0.4309
vn 0.3231 0.5990 0.7326
vn 0.6607 0.4488 0.6017
vn -0.0318 0.7494 0.6614
vn -0.3089 0.8596 0.4071
vn -0.4340 0.9001 0.0378
vn -0.3736 0.8601 -0.3473
vn -0.1439 0.7503 -0.6452
vn 0.1936 0.6000 -0.7762
vn 0.5485 0.4498 -0.7049
vn 0.8256 0.3395 -0.4507
vn 0.9508 0.2990 -0.0814
vn 0.8904 0.3390 0.3038
# 96 vertex normals

o Line001
g Line001
usemtl wire_153228214
s 5
f 115//115 116//116 117//117 118//118 
s 12
f 119//119 120//120 116//116 115//115 
s 93
f 121//121 122//122 120//120 119//119 
s 180
f 123//123 124//124 122//122 121//121 
s 293
f 125//125 126//126 124//124 123//123 
s 289
f 127//127 128//128 126//126 125//125 
s 5
f 129//129 130//130 128//128 127//127 
s 12
f 131//131 132//132 130//130 129//129 
s 93
f 133//133 134//134 132//132 131//131 
s 180
f 135//135 136//136 134//134 133//133 
s 293
f 137//137 138//138 136//136 135//135 
s 289
f 118//118 117//117 138//138 137//137 
s 5
f 139//139 115//115 118//118 140//140 
s 69
f 141//141 119//119 115//115 139//139 
s 193
f 142//142 121//121 119//119 141//141 
s 384
f 143//143 123//123 121//121 142//142 
s 256
f 144//144 125//125 123//123 143//143 
s 289
f 145//145 127//127 125//125 144//144 
s 5
f 146//146 129//129 127//127 145//145 
s 69
f 147//147 131//131 129//129 146//146 
s 193
f 148//148 133//133 131//131 147//147 
s 384
f 149//149 135//135 133//133 148//148 
s 256
f 150//150 137//137 135//135 149//149 
s 289
f 140//140 118//118 137//137 150//150 
s 1
f 151//151 139//139 140//140 152//152 
s 65
f 153//153 141//141 139//139 151//151 
s 193
f 154//154 142//142 141//141 153//153 
s 449
f 155//155 143//143 142//142 154//154 
s 385
f 156//156 144//144 143//143 155//155 
s 257
f 157//157 145//145 144//144 156//156 
s 1
f 158//158 146//146 145//145 157//157 
s 65
f 159//159 147//147 146//146 158//158 
s 193
f 160//160 148//148 147//147 159//159 
s 449
f 161//161 149//149 148//148 160//160 
s 385
f 162//162 150//150 149//149 161//161 
s 257
f 152//152 140//140 150//150 162//162 
s 1
f 163//163 151//151 152//152 164//164 
f 165//165 153//153 151//151 163//163 
f 166//166 154//154 153//153 165//165 
f 167//167 155//155 154//154 166//166 
f 168//168 156//156 155//155 167//167 
f 169//169 157//157 156//156 168//168 
f 170//170 158//158 157//157 169//169 
f 171//171 159//159 158//158 170//170 
f 172//172 160//160 159//159 171//171 
f 173//173 161//161 160//160 172//172 
f 174//174 162//162 161//161 173//173 
f 164//164 152//152 162//162 174//174 
f 175//175 163//163 164//164 176//176 
f 177//177 165//165 163//163 175//175 
f 178//178 166//166 165//165 177//177 
f 179//179 167//167 166//166 178//178 
f 180//180 168//168 167//167 179//179 
f 181//181 169//169 168//168 180//180 
f 182//182 170//170 169//169 181//181 
f 183//183 171//171 170//170 182//182 
f 184//184 172//172 171//171 183//183 
f 185//185 173//173 172//172 184//184 
f 186//186 174//174 173//173 185//185 
f 176//176 164//164 174//174 186//186 
f 187//187 175//175 176//176 188//188 
f 189//189 177//177 175//175 187//187 
f 190//190 178//178 177//177 189//189 
f 191//191 179//179 178//178 190//190 
f 192//192 180//180 179//179 191//191 
f 193//193 181//181 180//180 192//192 
f 194//194 182//182 181//181 193//193 
f 195//195 183//183 182//182 194//194 
f 196//196 184//184 183//183 195//195 
f 197//197 185//185 184//184 196//196 
f 198//198 186//186 185//185 197//197 
f 188//188 176//176 186//186 198//198 
f 199//199 187//187 188//188 200//200 
f 201//201 189//189 187//187 199//199 
f 202//202 190//190 189//189 201//201 
f 203//203 191//191 190//190 202//202 
f 204//204 192//192 191//191 203//203 
f 205//205 193//193 192//192 204//204 
f 206//206 194//194 193//193 205//205 
f 207//207 195//195 194//194 206//206 
f 208//208 196//196 195//195 207//207 
f 209//209 197//197 196//196 208//208 
f 210//210 198//198 197//197 209//209 
f 200//200 188//188 198//198 210//210 
s 2
f 136//136 138//138 117//117 134//134 
f 132//132 134//134 117//117 130//130 
f 128//128 130//130 117//117 126//126 
f 124//124 126//126 117//117 122//122 
f 120//120 122//122 117//117 116//116 
f 201//201 199//199 200//200 
f 202//202 201//201 200//200 203//203 
f 200//200 209//209 208//208 207//207 
f 200//200 207//207 206//206 205//205 
f 200//200 205//205 204//204 203//203 
f 210//210 209//209 200//200 
# 93 polygons - 2 triangles

#
# object Sphere002
#

v  0.0602 0.6905 4.0222
v  0.1072 0.6550 3.9741
v  0.0980 0.6764 3.9578
v  0.0812 0.6979 3.9496
v  0.0594 0.7161 3.9507
v  0.0359 0.7283 3.9609
v  0.0142 0.7326 3.9788
v  -0.0023 0.7285 4.0016
v  -0.0112 0.7164 4.0258
v  -0.0110 0.6983 4.0477
v  -0.0018 0.6769 4.0640
v  0.0150 0.6554 4.0722
v  0.0368 0.6372 4.0711
v  0.0603 0.6250 4.0608
v  0.0820 0.6207 4.0430
v  0.0985 0.6249 4.0202
v  0.1073 0.6369 3.9960
v  0.1228 0.5974 3.9107
v  0.1058 0.6369 3.8805
v  0.0748 0.6765 3.8653
v  0.0345 0.7102 3.8674
v  -0.0089 0.7327 3.8864
v  -0.0490 0.7408 3.9194
v  -0.0795 0.7330 3.9615
v  -0.0959 0.7107 4.0061
v  -0.0955 0.6773 4.0466
v  -0.0786 0.6377 4.0768
v  -0.0476 0.5981 4.0920
v  -0.0073 0.5645 4.0900
v  0.0362 0.5419 4.0710
v  0.0762 0.5339 4.0379
v  0.1068 0.5416 3.9959
v  0.1231 0.5639 3.9512
v  0.1047 0.5263 3.8416
v  0.0825 0.5780 3.8022
v  0.0420 0.6297 3.7824
v  -0.0106 0.6737 3.7850
v  -0.0674 0.7031 3.8098
v  -0.1198 0.7136 3.8530
v  -0.1596 0.7035 3.9080
v  -0.1810 0.6744 3.9663
v  -0.1806 0.6307 4.0193
v  -0.1584 0.5790 4.0586
v  -0.1179 0.5272 4.0785
v  -0.0653 0.4833 4.0758
v  -0.0085 0.4538 4.0510
v  0.0439 0.4433 4.0079
v  0.0838 0.4534 3.9529
v  0.1051 0.4826 3.8945
v  0.0556 0.4526 3.7774
v  0.0316 0.5085 3.7348
v  -0.0122 0.5645 3.7133
v  -0.0692 0.6121 3.7162
v  -0.1307 0.6439 3.7430
v  -0.1873 0.6553 3.7897
v  -0.2305 0.6444 3.8492
v  -0.2536 0.6129 3.9124
v  -0.2531 0.5655 3.9697
v  -0.2292 0.5096 4.0123
v  -0.1854 0.4536 4.0338
v  -0.1284 0.4060 4.0309
v  -0.0669 0.3741 4.0041
v  -0.0102 0.3628 3.9574
v  0.0329 0.3737 3.8979
v  0.0561 0.4052 3.8347
v  -0.0170 0.3874 3.7279
v  -0.0391 0.4391 3.6885
v  -0.0796 0.4908 3.6686
v  -0.1323 0.5348 3.6713
v  -0.1891 0.5642 3.6961
v  -0.2414 0.5747 3.7392
v  -0.2813 0.5646 3.7942
v  -0.3026 0.5355 3.8526
v  -0.3022 0.4918 3.9055
v  -0.2801 0.4401 3.9449
v  -0.2396 0.3884 3.9648
v  -0.1869 0.3444 3.9621
v  -0.1301 0.3150 3.9373
v  -0.0778 0.3045 3.8941
v  -0.0379 0.3146 3.8392
v  -0.0166 0.3437 3.7808
v  -0.1020 0.3408 3.7005
v  -0.1190 0.3804 3.6703
v  -0.1499 0.4200 3.6551
v  -0.1903 0.4536 3.6572
v  -0.2337 0.4761 3.6762
v  -0.2738 0.4842 3.7092
v  -0.3043 0.4764 3.7513
v  -0.3206 0.4542 3.7959
v  -0.3203 0.4207 3.8364
v  -0.3034 0.3811 3.8666
v  -0.2724 0.3415 3.8818
v  -0.2321 0.3079 3.8797
v  -0.1886 0.2854 3.8608
v  -0.1485 0.2773 3.8277
v  -0.1180 0.2851 3.7857
v  -0.1017 0.3073 3.7410
v  -0.1866 0.3198 3.6995
v  -0.1957 0.3412 3.6831
v  -0.2125 0.3626 3.6749
v  -0.2343 0.3808 3.6760
v  -0.2578 0.3930 3.6863
v  -0.2795 0.3974 3.7042
v  -0.2960 0.3932 3.7269
v  -0.3049 0.3811 3.7511
v  -0.3047 0.3630 3.7730
v  -0.2955 0.3416 3.7893
v  -0.2788 0.3202 3.7976
v  -0.2569 0.3020 3.7965
v  -0.2334 0.2898 3.7862
v  -0.2117 0.2854 3.7683
v  -0.1952 0.2896 3.7455
v  -0.1864 0.3017 3.7214
v  -0.2577 0.3276 3.7249
# 114 vertices

vn 0.5610 0.6403 0.5246
vn 0.8402 0.4664 0.2766
vn 0.7895 0.5848 0.1864
vn 0.6967 0.7034 0.1408
vn 0.5760 0.8041 0.1469
vn 0.4459 0.8716 0.2038
vn 0.3259 0.8956 0.3027
vn 0.2346 0.8725 0.4286
vn 0.1857 0.8058 0.5623
vn 0.1867 0.7056 0.6836
vn 0.2374 0.5872 0.7738
vn 0.3301 0.4686 0.8194
vn 0.4508 0.3679 0.8133
vn 0.5810 0.3004 0.7564
vn 0.7009 0.2764 0.6575
vn 0.7923 0.2995 0.5316
vn 0.8412 0.3663 0.3979
vn 0.9727 0.2319 0.0018
vn 0.8823 0.4430 -0.1592
vn 0.7169 0.6545 -0.2404
vn 0.5017 0.8341 -0.2295
vn 0.2695 0.9544 -0.1281
vn 0.0557 0.9973 0.0483
vn -0.1073 0.9561 0.2728
vn -0.1945 0.8371 0.5114
vn -0.1927 0.6584 0.7276
vn -0.1023 0.4473 0.8885
vn 0.0631 0.2358 0.9697
vn 0.2783 0.0562 0.9588
vn 0.5105 -0.0642 0.8575
vn 0.7243 -0.1070 0.6811
vn 0.8873 -0.0658 0.4565
vn 0.9745 0.0532 0.2180
vn 0.9617 -0.0354 -0.2717
vn 0.8450 0.2370 -0.4793
vn 0.6316 0.5098 -0.5841
vn 0.3541 0.7414 -0.5700
vn 0.0546 0.8967 -0.4393
vn -0.2212 0.9520 -0.2118
vn -0.4314 0.8988 0.0779
vn -0.5439 0.7453 0.3856
vn -0.5417 0.5148 0.6645
vn -0.4250 0.2425 0.8721
vn -0.2116 -0.0303 0.9769
vn 0.0660 -0.2620 0.9628
vn 0.3655 -0.4172 0.8321
vn 0.6413 -0.4725 0.6045
vn 0.8515 -0.4193 0.3149
vn 0.9640 -0.2658 0.0072
vn 0.8107 -0.2967 -0.5048
vn 0.6848 -0.0029 -0.7287
vn 0.4547 0.2912 -0.8417
vn 0.1554 0.5410 -0.8265
vn -0.1676 0.7085 -0.6855
vn -0.4651 0.7681 -0.4402
vn -0.6917 0.7107 -0.1278
vn -0.8131 0.5452 0.2040
vn -0.8107 0.2967 0.5048
vn -0.6848 0.0029 0.7287
vn -0.4547 -0.2912 0.8417
vn -0.1554 -0.5410 0.8265
vn 0.1676 -0.7085 0.6855
vn 0.4651 -0.7681 0.4402
vn 0.6918 -0.7107 0.1278
vn 0.8131 -0.5452 -0.2040
vn 0.5417 -0.5148 -0.6645
vn 0.4250 -0.2425 -0.8721
vn 0.2116 0.0303 -0.9769
vn -0.0660 0.2620 -0.9628
vn -0.3655 0.4172 -0.8321
vn -0.6413 0.4725 -0.6046
vn -0.8515 0.4193 -0.3149
vn -0.9640 0.2658 -0.0072
vn -0.9617 0.0354 0.2717
vn -0.8450 -0.2370 0.4793
vn -0.6316 -0.5098 0.5841
vn -0.3541 -0.7414 0.5700
vn -0.0546 -0.8967 0.4393
vn 0.2212 -0.9520 0.2118
vn 0.4314 -0.8988 -0.0779
vn 0.5439 -0.7453 -0.3856
vn 0.1927 -0.6584 -0.7276
vn 0.1023 -0.4473 -0.8885
vn -0.0631 -0.2358 -0.9697
vn -0.2783 -0.0562 -0.9588
vn -0.5105 0.0642 -0.8575
vn -0.7243 0.1070 -0.6811
vn -0.8873 0.0658 -0.4565
vn -0.9745 -0.0532 -0.2180
vn -0.9727 -0.2319 -0.0018
vn -0.8823 -0.4430 0.1592
vn -0.7169 -0.6545 0.2404
vn -0.5017 -0.8341 0.2295
vn -0.2695 -0.9544 0.1281
vn -0.0557 -0.9973 -0.0483
vn 0.1073 -0.9561 -0.2728
vn 0.1945 -0.8371 -0.5114
vn -0.1867 -0.7056 -0.6836
vn -0.2374 -0.5872 -0.7738
vn -0.3301 -0.4686 -0.8194
vn -0.4508 -0.3679 -0.8133
vn -0.5810 -0.3004 -0.7564
vn -0.7009 -0.2764 -0.6575
vn -0.7923 -0.2995 -0.5316
vn -0.8412 -0.3663 -0.3979
vn -0.8402 -0.4664 -0.2766
vn -0.7895 -0.5848 -0.1864
vn -0.6967 -0.7034 -0.1408
vn -0.5760 -0.8041 -0.1469
vn -0.4459 -0.8716 -0.2038
vn -0.3259 -0.8956 -0.3027
vn -0.2346 -0.8725 -0.4286
vn -0.1857 -0.8058 -0.5623
vn -0.5610 -0.6403 -0.5246
# 114 vertex normals

vt 0.0000 1.0000 0.0000
vt 0.0000 0.8750 0.0000
vt 0.0625 0.8750 0.0000
vt 0.0625 1.0000 0.0000
vt 0.1250 0.8750 0.0000
vt 0.1250 1.0000 0.0000
vt 0.1875 0.8750 0.0000
vt 0.1875 1.0000 0.0000
vt 0.2500 0.8750 0.0000
vt 0.2500 1.0000 0.0000
vt 0.3125 0.8750 0.0000
vt 0.3125 1.0000 0.0000
vt 0.3750 0.8750 0.0000
vt 0.3750 1.0000 0.0000
vt 0.4375 0.8750 0.0000
vt 0.4375 1.0000 0.0000
vt 0.5000 0.8750 0.0000
vt 0.5000 1.0000 0.0000
vt 0.5625 0.8750 0.0000
vt 0.5625 1.0000 0.0000
vt 0.6250 0.8750 0.0000
vt 0.6250 1.0000 0.0000
vt 0.6875 0.8750 0.0000
vt 0.6875 1.0000 0.0000
vt 0.7500 0.8750 0.0000
vt 0.7500 1.0000 0.0000
vt 0.8125 0.8750 0.0000
vt 0.8125 1.0000 0.0000
vt 0.8750 0.8750 0.0000
vt 0.8750 1.0000 0.0000
vt 0.9375 0.8750 0.0000
vt 0.9375 1.0000 0.0000
vt 1.0000 0.8750 0.0000
vt 0.0000 0.7500 0.0000
vt 0.0625 0.7500 0.0000
vt 0.1250 0.7500 0.0000
vt 0.1875 0.7500 0.0000
vt 0.2500 0.7500 0.0000
vt 0.3125 0.7500 0.0000
vt 0.3750 0.7500 0.0000
vt 0.4375 0.7500 0.0000
vt 0.5000 0.7500 0.0000
vt 0.5625 0.7500 0.0000
vt 0.6250 0.7500 0.0000
vt 0.6875 0.7500 0.0000
vt 0.7500 0.7500 0.0000
vt 0.8125 0.7500 0.0000
vt 0.8750 0.7500 0.0000
vt 0.9375 0.7500 0.0000
vt 1.0000 0.7500 0.0000
vt 0.0000 0.6250 0.0000
vt 0.0625 0.6250 0.0000
vt 0.1250 0.6250 0.0000
vt 0.1875 0.6250 0.0000
vt 0.2500 0.6250 0.0000
vt 0.3125 0.6250 0.0000
vt 0.3750 0.6250 0.0000
vt 0.4375 0.6250 0.0000
vt 0.5000 0.6250 0.0000
vt 0.5625 0.6250 0.0000
vt 0.6250 0.6250 0.0000
vt 0.6875 0.6250 0.0000
vt 0.7500 0.6250 0.0000
vt 0.8125 0.6250 0.0000
vt 0.8750 0.6250 0.0000
vt 0.9375 0.6250 0.0000
vt 1.0000 0.6250 0.0000
vt 0.0000 0.5000 0.0000
vt 0.0625 0.5000 0.0000
vt 0.1250 0.5000 0.0000
vt 0.1875 0.5000 0.0000
vt 0.2500 0.5000 0.0000
vt 0.3125 0.5000 0.0000
vt 0.3750 0.5000 0.0000
vt 0.4375 0.5000 0.0000
vt 0.5000 0.5000 0.0000
vt 0.5625 0.5000 0.0000
vt 0.6250 0.5000 0.0000
vt 0.6875 0.5000 0.0000
vt 0.7500 0.5000 0.0000
vt 0.8125 0.5000 0.0000
vt 0.8750 0.5000 0.0000
vt 0.9375 0.5000 0.0000
vt 1.0000 0.5000 0.0000
vt 0.0000 0.3750 0.0000
vt 0.0625 0.3750 0.0000
vt 0.1250 0.3750 0.0000
vt 0.1875 0.3750 0.0000
vt 0.2500 0.3750 0.0000
vt 0.3125 0.3750 0.0000
vt 0.3750 0.3750 0.0000
vt 0.4375 0.3750 0.0000
vt 0.5000 0.3750 0.0000
vt 0.5625 0.3750 0.0000
vt 0.6250 0.3750 0.0000
vt 0.6875 0.3750 0.0000
vt 0.7500 0.3750 0.0000
vt 0.8125 0.3750 0.0000
vt 0.8750 0.3750 0.0000
vt 0.9375 0.3750 0.0000
vt 1.0000 0.3750 0.0000
vt 0.0000 0.2500 0.0000
vt 0.0625 0.2500 0.0000
vt 0.1250 0.2500 0.0000
vt 0.1875 0.2500 0.0000
vt 0.2500 0.2500 0.0000
vt 0.3125 0.2500 0.0000
vt 0.3750 0.2500 0.0000
vt 0.4375 0.2500 0.0000
vt 0.5000 0.2500 0.0000
vt 0.5625 0.2500 0.0000
vt 0.6250 0.2500 0.0000
vt 0.6875 0.2500 0.0000
vt 0.7500 0.2500 0.0000
vt 0.8125 0.2500 0.0000
vt 0.8750 0.2500 0.0000
vt 0.9375 0.2500 0.0000
vt 1.0000 0.2500 0.0000
vt 0.0000 0.1250 0.0000
vt 0.0625 0.1250 0.0000
vt 0.1250 0.1250 0.0000
vt 0.1875 0.1250 0.0000
vt 0.2500 0.1250 0.0000
vt 0.3125 0.1250 0.0000
vt 0.3750 0.1250 0.0000
vt 0.4375 0.1250 0.0000
vt 0.5000 0.1250 0.0000
vt 0.5625 0.1250 0.0000
vt 0.6250 0.1250 0.0000
vt 0.6875 0.1250 0.0000
vt 0.7500 0.1250 0.0000
vt 0.8125 0.1250 0.0000
vt 0.8750 0.1250 0.0000
vt 0.9375 0.1250 0.0000
vt 1.0000 0.1250 0.0000
vt 0.0000 0.0000 0.0000
vt 0.0625 0.0000 0.0000
vt 0.1250 0.0000 0.0000
vt 0.1875 0.0000 0.0000
vt 0.2500 0.0000 0.0000
vt 0.3125 0.0000 0.0000
vt 0.3750 0.0000 0.0000
vt 0.4375 0.0000 0.0000
vt 0.5000 0.0000 0.0000
vt 0.5625 0.0000 0.0000
vt 0.6250 0.0000 0.0000
vt 0.6875 0.0000 0.0000
vt 0.7500 0.0000 0.0000
vt 0.8125 0.0000 0.0000
vt 0.8750 0.0000 0.0000
vt 0.9375 0.0000 0.0000
# 151 texture coords

o Sphere002
g Sphere002
usemtl wire_224086086
s 1
f 211/152/211 212/153/212 213/154/213 
f 211/155/211 213/154/213 214/156/214 
f 211/157/211 214/156/214 215/158/215 
f 211/159/211 215/158/215 216/160/216 
f 211/161/211 216/160/216 217/162/217 
f 211/163/211 217/162/217 218/164/218 
f 211/165/211 218/164/218 219/166/219 
f 211/167/211 219/166/219 220/168/220 
f 211/169/211 220/168/220 221/170/221 
f 211/171/211 221/170/221 222/172/222 
f 211/173/211 222/172/222 223/174/223 
f 211/175/211 223/174/223 224/176/224 
f 211/177/211 224/176/224 225/178/225 
f 211/179/211 225/178/225 226/180/226 
f 211/181/211 226/180/226 227/182/227 
f 211/183/211 227/182/227 212/184/212 
f 212/153/212 228/185/228 229/186/229 213/154/213 
f 213/154/213 229/186/229 230/187/230 214/156/214 
f 214/156/214 230/187/230 231/188/231 215/158/215 
f 215/158/215 231/188/231 232/189/232 216/160/216 
f 216/160/216 232/189/232 233/190/233 217/162/217 
f 217/162/217 233/190/233 234/191/234 218/164/218 
f 218/164/218 234/191/234 235/192/235 219/166/219 
f 219/166/219 235/192/235 236/193/236 220/168/220 
f 220/168/220 236/193/236 237/194/237 221/170/221 
f 221/170/221 237/194/237 238/195/238 222/172/222 
f 222/172/222 238/195/238 239/196/239 223/174/223 
f 223/174/223 239/196/239 240/197/240 224/176/224 
f 224/176/224 240/197/240 241/198/241 225/178/225 
f 225/178/225 241/198/241 242/199/242 226/180/226 
f 226/180/226 242/199/242 243/200/243 227/182/227 
f 227/182/227 243/200/243 228/201/228 212/184/212 
f 228/185/228 244/202/244 245/203/245 229/186/229 
f 229/186/229 245/203/245 246/204/246 230/187/230 
f 230/187/230 246/204/246 247/205/247 231/188/231 
f 231/188/231 247/205/247 248/206/248 232/189/232 
f 232/189/232 248/206/248 249/207/249 233/190/233 
f 233/190/233 249/207/249 250/208/250 234/191/234 
f 234/191/234 250/208/250 251/209/251 235/192/235 
f 235/192/235 251/209/251 252/210/252 236/193/236 
f 236/193/236 252/210/252 253/211/253 237/194/237 
f 237/194/237 253/211/253 254/212/254 238/195/238 
f 238/195/238 254/212/254 255/213/255 239/196/239 
f 239/196/239 255/213/255 256/214/256 240/197/240 
f 240/197/240 256/214/256 257/215/257 241/198/241 
f 241/198/241 257/215/257 258/216/258 242/199/242 
f 242/199/242 258/216/258 259/217/259 243/200/243 
f 243/200/243 259/217/259 244/218/244 228/201/228 
f 244/202/244 260/219/260 261/220/261 245/203/245 
f 245/203/245 261/220/261 262/221/262 246/204/246 
f 246/204/246 262/221/262 263/222/263 247/205/247 
f 247/205/247 263/222/263 264/223/264 248/206/248 
f 248/206/248 264/223/264 265/224/265 249/207/249 
f 249/207/249 265/224/265 266/225/266 250/208/250 
f 250/208/250 266/225/266 267/226/267 251/209/251 
f 251/209/251 267/226/267 268/227/268 252/210/252 
f 252/210/252 268/227/268 269/228/269 253/211/253 
f 253/211/253 269/228/269 270/229/270 254/212/254 
f 254/212/254 270/229/270 271/230/271 255/213/255 
f 255/213/255 271/230/271 272/231/272 256/214/256 
f 256/214/256 272/231/272 273/232/273 257/215/257 
f 257/215/257 273/232/273 274/233/274 258/216/258 
f 258/216/258 274/233/274 275/234/275 259/217/259 
f 259/217/259 275/234/275 260/235/260 244/218/244 
f 260/219/260 276/236/276 277/237/277 261/220/261 
f 261/220/261 277/237/277 278/238/278 262/221/262 
f 262/221/262 278/238/278 279/239/279 263/222/263 
f 263/222/263 279/239/279 280/240/280 264/223/264 
f 264/223/264 280/240/280 281/241/281 265/224/265 
f 265/224/265 281/241/281 282/242/282 266/225/266 
f 266/225/266 282/242/282 283/243/283 267/226/267 
f 267/226/267 283/243/283 284/244/284 268/227/268 
f 268/227/268 284/244/284 285/245/285 269/228/269 
f 269/228/269 285/245/285 286/246/286 270/229/270 
f 270/229/270 286/246/286 287/247/287 271/230/271 
f 271/230/271 287/247/287 288/248/288 272/231/272 
f 272/231/272 288/248/288 289/249/289 273/232/273 
f 273/232/273 289/249/289 290/250/290 274/233/274 
f 274/233/274 290/250/290 291/251/291 275/234/275 
f 275/234/275 291/251/291 276/252/276 260/235/260 
f 276/236/276 292/253/292 293/254/293 277/237/277 
f 277/237/277 293/254/293 294/255/294 278/238/278 
f 278/238/278 294/255/294 295/256/295 279/239/279 
f 279/239/279 295/256/295 296/257/296 280/240/280 
f 280/240/280 296/257/296 297/258/297 281/241/281 
f 281/241/281 297/258/297 298/259/298 282/242/282 
f 282/242/282 298/259/298 299/260/299 283/243/283 
f 283/243/283 299/260/299 300/261/300 284/244/284 
f 284/244/284 300/261/300 301/262/301 285/245/285 
f 285/245/285 301/262/301 302/263/302 286/246/286 
f 286/246/286 302/263/302 303/264/303 287/247/287 
f 287/247/287 303/264/303 304/265/304 288/248/288 
f 288/248/288 304/265/304 305/266/305 289/249/289 
f 289/249/289 305/266/305 306/267/306 290/250/290 
f 290/250/290 306/267/306 307/268/307 291/251/291 
f 291/251/291 307/268/307 292/269/292 276/252/276 
f 292/253/292 308/270/308 309/271/309 293/254/293 
f 293/254/293 309/271/309 310/272/310 294/255/294 
f 294/255/294 310/272/310 311/273/311 295/256/295 
f 295/256/295 311/273/311 312/274/312 296/257/296 
f 296/257/296 312/274/312 313/275/313 297/258/297 
f 297/258/297 313/275/313 314/276/314 298/259/298 
f 298/259/298 314/276/314 315/277/315 299/260/299 
f 299/260/299 315/277/315 316/278/316 300/261/300 
f 300/261/300 316/278/316 317/279/317 301/262/301 
f 301/262/301 317/279/317 318/280/318 302/263/302 
f 302/263/302 318/280/318 319/281/319 303/264/303 
f 303/264/303 319/281/319 320/282/320 304/265/304 
f 304/265/304 320/282/320 321/283/321 305/266/305 
f 305/266/305 321/283/321 322/284/322 306/267/306 
f 306/267/306 322/284/322 323/285/323 307/268/307 
f 307/268/307 323/285/323 308/286/308 292/269/292 
f 324/287/324 309/271/309 308/270/308 
f 324/288/324 310/272/310 309/271/309 
f 324/289/324 311/273/311 310/272/310 
f 324/290/324 312/274/312 311/273/311 
f 324/291/324 313/275/313 312/274/312 
f 324/292/324 314/276/314 313/275/313 
f 324/293/324 315/277/315 314/276/314 
f 324/294/324 316/278/316 315/277/315 
f 324/295/324 317/279/317 316/278/316 
f 324/296/324 318/280/318 317/279/317 
f 324/297/324 319/281/319 318/280/318 
f 324/298/324 320/282/320 319/281/319 
f 324/299/324 321/283/321 320/282/320 
f 324/300/324 322/284/322 321/283/321 
f 324/301/324 323/285/323 322/284/322 
f 324/302/324 308/286/308 323/285/323 
# 96 polygons - 32 triangles

#
# object Line002
#

v  0.0286 0.6812 3.9848
v  0.0181 0.6876 3.9702
v  0.0153 0.6781 3.9680
v  0.0265 0.6712 3.9837
v  0.0350 0.6891 3.9835
v  0.0246 0.6954 3.9690
v  0.0439 0.6927 3.9800
v  0.0329 0.6994 3.9647
v  0.0531 0.6910 3.9754
v  0.0410 0.6984 3.9585
v  0.0599 0.6846 3.9708
v  0.0465 0.6928 3.9521
v  0.0627 0.6751 3.9674
v  0.0481 0.6840 3.9471
v  0.0606 0.6651 3.9663
v  0.0453 0.6745 3.9449
v  0.0543 0.6573 3.9676
v  0.0388 0.6667 3.9462
v  0.0453 0.6537 3.9711
v  0.0305 0.6628 3.9504
v  0.0362 0.6553 3.9758
v  0.0224 0.6637 3.9566
v  0.0293 0.6618 3.9804
v  0.0169 0.6693 3.9631
v  0.0348 0.6805 4.0074
v  0.0333 0.6704 4.0083
v  0.0411 0.6883 4.0057
v  0.0504 0.6919 4.0036
v  0.0603 0.6902 4.0017
v  0.0681 0.6837 4.0004
v  0.0718 0.6741 4.0002
v  0.0703 0.6640 4.0011
v  0.0640 0.6562 4.0028
v  0.0547 0.6526 4.0049
v  0.0448 0.6543 4.0068
v  0.0370 0.6608 4.0081
v  0.0391 0.6851 4.0399
v  0.0378 0.6753 4.0421
v  0.0453 0.6929 4.0376
v  0.0546 0.6966 4.0359
v  0.0647 0.6950 4.0351
v  0.0727 0.6888 4.0356
v  0.0766 0.6795 4.0371
v  0.0753 0.6696 4.0393
v  0.0691 0.6618 4.0416
v  0.0598 0.6582 4.0433
v  0.0497 0.6597 4.0440
v  0.0417 0.6659 4.0436
v  0.0420 0.6951 4.0765
v  0.0408 0.6855 4.0798
v  0.0481 0.7027 4.0735
v  0.0574 0.7062 4.0715
v  0.0675 0.7048 4.0712
v  0.0757 0.6988 4.0725
v  0.0796 0.6898 4.0752
v  0.0784 0.6802 4.0785
v  0.0723 0.6726 4.0815
v  0.0630 0.6691 4.0835
v  0.0529 0.6705 4.0839
v  0.0448 0.6765 4.0825
v  0.0451 0.7095 4.1126
v  0.0440 0.7004 4.1172
v  0.0511 0.7166 4.1084
v  0.0603 0.7199 4.1057
v  0.0704 0.7185 4.1052
v  0.0786 0.7127 4.1071
v  0.0827 0.7041 4.1108
v  0.0816 0.6950 4.1153
v  0.0756 0.6879 4.1195
v  0.0663 0.6846 4.1222
v  0.0562 0.6860 4.1227
v  0.0480 0.6918 4.1209
v  0.0500 0.7277 4.1440
v  0.0492 0.7197 4.1503
v  0.0557 0.7338 4.1379
v  0.0647 0.7362 4.1337
v  0.0747 0.7344 4.1325
v  0.0829 0.7287 4.1346
v  0.0872 0.7208 4.1395
v  0.0864 0.7127 4.1458
v  0.0807 0.7067 4.1518
v  0.0716 0.7043 4.1560
v  0.0617 0.7061 4.1572
v  0.0534 0.7118 4.1551
v  0.0584 0.7486 4.1657
v  0.0579 0.7414 4.1728
v  0.0638 0.7538 4.1587
v  0.0725 0.7554 4.1537
v  0.0823 0.7531 4.1520
v  0.0905 0.7476 4.1542
v  0.0950 0.7402 4.1596
v  0.0945 0.7329 4.1667
v  0.0892 0.7278 4.1738
v  0.0805 0.7261 4.1787
v  0.0707 0.7284 4.1804
v  0.0624 0.7340 4.1782
# 96 vertices

vn -0.8060 0.3730 0.4596
vn -0.8817 0.4716 -0.0138
vn -0.9898 0.1042 -0.0970
vn -0.9059 -0.1516 0.3955
vn -0.4633 0.7969 0.3878
vn -0.6335 0.7713 -0.0608
vn 0.0123 0.9793 0.2019
vn -0.3118 0.9230 -0.2254
vn 0.4684 0.8829 -0.0338
vn -0.0029 0.8860 -0.4637
vn 0.7894 0.5588 -0.2541
vn 0.2108 0.6703 -0.7115
vn 0.9078 0.0954 -0.4083
vn 0.2718 0.3337 -0.9027
vn 0.7951 -0.3960 -0.4594
vn 0.1636 -0.0337 -0.9860
vn 0.4754 -0.7878 -0.3916
vn -0.0846 -0.3335 -0.9390
vn 0.0341 -0.9743 -0.2228
vn -0.4063 -0.4852 -0.7743
vn -0.4120 -0.9112 0.0012
vn -0.7153 -0.4482 -0.5361
vn -0.7545 -0.6164 0.2254
vn -0.9289 -0.2325 -0.2882
vn -0.9011 0.4030 0.1602
vn -0.9722 -0.1150 0.2041
vn -0.5782 0.8128 0.0713
vn -0.0939 0.9949 -0.0375
vn 0.4118 0.9012 -0.1349
vn 0.8009 0.5662 -0.1949
vn 0.9755 0.0844 -0.2030
vn 0.8945 -0.4183 -0.1580
vn 0.5796 -0.8117 -0.0716
vn 0.1134 -0.9930 0.0334
vn -0.3826 -0.9148 0.1298
vn -0.7797 -0.5958 0.1923
vn -0.9222 0.3863 0.0174
vn -0.9847 -0.1178 0.1286
vn -0.6080 0.7877 -0.0991
vn -0.1264 0.9739 -0.1887
vn 0.3887 0.8931 -0.2264
vn 0.7957 0.5708 -0.2026
vn 0.9874 0.0975 -0.1247
vn 0.9165 -0.3998 -0.0140
vn 0.6039 -0.7907 0.1002
vn 0.1323 -0.9732 0.1879
vn -0.3743 -0.8993 0.2262
vn -0.7830 -0.5874 0.2047
vn -0.9286 0.3682 -0.0467
vn -0.9856 -0.1180 0.1207
vn -0.6207 0.7575 -0.2023
vn -0.1425 0.9421 -0.3034
vn 0.3752 0.8693 -0.3217
vn 0.7893 0.5597 -0.2523
vn 0.9883 0.1004 -0.1150
vn 0.9220 -0.3836 0.0524
vn 0.6113 -0.7643 0.2053
vn 0.1395 -0.9425 0.3038
vn -0.3689 -0.8719 0.3221
vn -0.7803 -0.5710 0.2553
vn -0.9316 0.3580 -0.0631
vn -0.9810 -0.1002 0.1663
vn -0.6327 0.7232 -0.2769
vn -0.1598 0.8947 -0.4172
vn 0.3594 0.8211 -0.4434
vn 0.7795 0.5212 -0.3474
vn 0.9843 0.0803 -0.1569
vn 0.9224 -0.3791 0.0745
vn 0.6155 -0.7349 0.2847
vn 0.1472 -0.8959 0.4193
vn -0.3594 -0.8211 0.4434
vn -0.7715 -0.5306 0.3511
vn -0.9293 0.3677 -0.0341
vn -0.9601 -0.0354 0.2773
vn -0.6536 0.6768 -0.3387
vn -0.1973 0.8074 -0.5561
vn 0.3207 0.7147 -0.6216
vn 0.7504 0.4191 -0.5112
vn 0.9660 0.0082 -0.2583
vn 0.9150 -0.3987 0.0612
vn 0.6223 -0.6948 0.3604
vn 0.1688 -0.8082 0.5642
vn -0.3288 -0.7114 0.6211
vn -0.7411 -0.4291 0.5163
vn -0.5177 0.7382 0.4326
vn -0.5362 0.4598 0.7078
vn -0.3131 0.9356 0.1628
vn 0.0226 0.9993 -0.0292
vn 0.3995 0.9121 -0.0919
vn 0.7167 0.6974 -0.0088
vn 0.8890 0.4127 0.1983
vn 0.8704 0.1344 0.4736
vn 0.6659 -0.0632 0.7433
vn 0.3302 -0.1268 0.9354
vn -0.0467 -0.0396 0.9981
vn -0.3638 0.1751 0.9149
# 96 vertex normals

o Line002
g Line002
usemtl wire_153228214
s 1
f 325//325 326//326 327//327 328//328 
f 329//329 330//330 326//326 325//325 
f 331//331 332//332 330//330 329//329 
f 333//333 334//334 332//332 331//331 
f 335//335 336//336 334//334 333//333 
f 337//337 338//338 336//336 335//335 
f 339//339 340//340 338//338 337//337 
f 341//341 342//342 340//340 339//339 
f 343//343 344//344 342//342 341//341 
f 345//345 346//346 344//344 343//343 
f 347//347 348//348 346//346 345//345 
f 328//328 327//327 348//348 347//347 
f 349//349 325//325 328//328 350//350 
f 351//351 329//329 325//325 349//349 
f 352//352 331//331 329//329 351//351 
f 353//353 333//333 331//331 352//352 
f 354//354 335//335 333//333 353//353 
f 355//355 337//337 335//335 354//354 
f 356//356 339//339 337//337 355//355 
f 357//357 341//341 339//339 356//356 
f 358//358 343//343 341//341 357//357 
f 359//359 345//345 343//343 358//358 
f 360//360 347//347 345//345 359//359 
f 350//350 328//328 347//347 360//360 
f 361//361 349//349 350//350 362//362 
f 363//363 351//351 349//349 361//361 
f 364//364 352//352 351//351 363//363 
f 365//365 353//353 352//352 364//364 
f 366//366 354//354 353//353 365//365 
f 367//367 355//355 354//354 366//366 
f 368//368 356//356 355//355 367//367 
f 369//369 357//357 356//356 368//368 
f 370//370 358//358 357//357 369//369 
f 371//371 359//359 358//358 370//370 
f 372//372 360//360 359//359 371//371 
f 362//362 350//350 360//360 372//372 
f 373//373 361//361 362//362 374//374 
f 375//375 363//363 361//361 373//373 
f 376//376 364//364 363//363 375//375 
f 377//377 365//365 364//364 376//376 
f 378//378 366//366 365//365 377//377 
f 379//379 367//367 366//366 378//378 
f 380//380 368//368 367//367 379//379 
f 381//381 369//369 368//368 380//380 
f 382//382 370//370 369//369 381//381 
f 383//383 371//371 370//370 382//382 
f 384//384 372//372 371//371 383//383 
f 374//374 362//362 372//372 384//384 
f 385//385 373//373 374//374 386//386 
f 387//387 375//375 373//373 385//385 
f 388//388 376//376 375//375 387//387 
f 389//389 377//377 376//376 388//388 
f 390//390 378//378 377//377 389//389 
f 391//391 379//379 378//378 390//390 
f 392//392 380//380 379//379 391//391 
f 393//393 381//381 380//380 392//392 
f 394//394 382//382 381//381 393//393 
f 395//395 383//383 382//382 394//394 
f 396//396 384//384 383//383 395//395 
f 386//386 374//374 384//384 396//396 
f 397//397 385//385 386//386 398//398 
f 399//399 387//387 385//385 397//397 
f 400//400 388//388 387//387 399//399 
f 401//401 389//389 388//388 400//400 
f 402//402 390//390 389//389 401//401 
f 403//403 391//391 390//390 402//402 
f 404//404 392//392 391//391 403//403 
f 405//405 393//393 392//392 404//404 
f 406//406 394//394 393//393 405//405 
f 407//407 395//395 394//394 406//406 
f 408//408 396//396 395//395 407//407 
f 398//398 386//386 396//396 408//408 
f 409//409 397//397 398//398 410//410 
f 411//411 399//399 397//397 409//409 
f 412//412 400//400 399//399 411//411 
f 413//413 401//401 400//400 412//412 
f 414//414 402//402 401//401 413//413 
f 415//415 403//403 402//402 414//414 
f 416//416 404//404 403//403 415//415 
f 417//417 405//405 404//404 416//416 
f 418//418 406//406 405//405 417//417 
f 419//419 407//407 406//406 418//418 
f 420//420 408//408 407//407 419//419 
f 410//410 398//398 408//408 420//420 
s 2
f 346//346 348//348 327//327 344//344 
f 342//342 344//344 327//327 340//340 
f 338//338 340//340 327//327 336//336 
f 334//334 336//336 327//327 332//332 
f 330//330 332//332 327//327 326//326 
f 411//411 409//409 410//410 
f 412//412 411//411 410//410 413//413 
f 410//410 419//419 418//418 417//417 
f 410//410 417//417 416//416 415//415 
f 410//410 415//415 414//414 413//413 
f 420//420 419//419 410//410 
# 93 polygons - 2 triangles

#
# object Sphere003
#

v  0.1408 0.6784 4.1434
v  0.1928 0.6194 4.1685
v  0.2128 0.6409 4.1588
v  0.2225 0.6661 4.1438
v  0.2205 0.6913 4.1259
v  0.2071 0.7125 4.1078
v  0.1844 0.7265 4.0922
v  0.1558 0.7312 4.0816
v  0.1256 0.7259 4.0775
v  0.0985 0.7114 4.0805
v  0.0785 0.6898 4.0902
v  0.0688 0.6646 4.1052
v  0.0708 0.6395 4.1231
v  0.0842 0.6183 4.1412
v  0.1069 0.6043 4.1568
v  0.1355 0.5996 4.1674
v  0.1657 0.6049 4.1715
v  0.2467 0.5432 4.1521
v  0.2835 0.5830 4.1341
v  0.3015 0.6297 4.1065
v  0.2978 0.6761 4.0734
v  0.2731 0.7152 4.0399
v  0.2311 0.7411 4.0112
v  0.1782 0.7498 3.9915
v  0.1225 0.7400 3.9839
v  0.0724 0.7132 3.9895
v  0.0355 0.6734 4.0075
v  0.0176 0.6268 4.0351
v  0.0212 0.5803 4.0682
v  0.0459 0.5412 4.1016
v  0.0879 0.5153 4.1304
v  0.1408 0.5066 4.1501
v  0.1966 0.5164 4.1577
v  0.2942 0.4616 4.0966
v  0.3423 0.5135 4.0731
v  0.3658 0.5745 4.0370
v  0.3610 0.6351 3.9938
v  0.3287 0.6863 3.9501
v  0.2738 0.7201 3.9125
v  0.2047 0.7315 3.8868
v  0.1319 0.7187 3.8768
v  0.0664 0.6836 3.8842
v  0.0183 0.6317 3.9077
v  -0.0052 0.5707 3.9438
v  -0.0004 0.5101 3.9870
v  0.0319 0.4589 4.0307
v  0.0868 0.4251 4.0683
v  0.1559 0.4137 4.0940
v  0.2287 0.4265 4.1040
v  0.3281 0.3869 4.0106
v  0.3801 0.4431 3.9851
v  0.4055 0.5091 3.9460
v  0.4004 0.5747 3.8993
v  0.3654 0.6301 3.8520
v  0.3060 0.6667 3.8113
v  0.2312 0.6790 3.7834
v  0.1524 0.6651 3.7727
v  0.0815 0.6272 3.7806
v  0.0294 0.5709 3.8061
v  0.0041 0.5050 3.8451
v  0.0092 0.4393 3.8919
v  0.0442 0.3840 3.9392
v  0.1036 0.3473 3.9799
v  0.1784 0.3350 4.0077
v  0.2572 0.3489 4.0185
v  0.3432 0.3304 3.9070
v  0.3913 0.3824 3.8835
v  0.4148 0.4433 3.8474
v  0.4100 0.5040 3.8042
v  0.3777 0.5551 3.7605
v  0.3228 0.5889 3.7229
v  0.2537 0.6003 3.6972
v  0.1809 0.5875 3.6872
v  0.1154 0.5524 3.6946
v  0.0673 0.5005 3.7181
v  0.0438 0.4395 3.7542
v  0.0486 0.3789 3.7974
v  0.0809 0.3277 3.8411
v  0.1358 0.2939 3.8786
v  0.2049 0.2825 3.9044
v  0.2777 0.2954 3.9143
v  0.3372 0.3008 3.8017
v  0.3741 0.3406 3.7837
v  0.3920 0.3873 3.7561
v  0.3884 0.4337 3.7230
v  0.3637 0.4728 3.6895
v  0.3217 0.4987 3.6608
v  0.2688 0.5074 3.6411
v  0.2130 0.4976 3.6335
v  0.1629 0.4708 3.6391
v  0.1261 0.4310 3.6571
v  0.1081 0.3844 3.6847
v  0.1118 0.3379 3.7178
v  0.1365 0.2988 3.7512
v  0.1785 0.2729 3.7800
v  0.2314 0.2642 3.7997
v  0.2871 0.2740 3.8073
v  0.3111 0.3027 3.7107
v  0.3310 0.3242 3.7009
v  0.3408 0.3494 3.6860
v  0.3388 0.3746 3.6681
v  0.3254 0.3957 3.6500
v  0.3027 0.4098 3.6344
v  0.2741 0.4145 3.6238
v  0.2439 0.4092 3.6196
v  0.2168 0.3946 3.6227
v  0.1968 0.3731 3.6324
v  0.1871 0.3479 3.6474
v  0.1891 0.3227 3.6653
v  0.2025 0.3016 3.6834
v  0.2252 0.2876 3.6989
v  0.2538 0.2828 3.7096
v  0.2840 0.2882 3.7137
v  0.2688 0.3356 3.6478
# 114 vertices

vn -0.2078 0.5565 0.8044
vn 0.0498 0.2753 0.9601
vn 0.1512 0.3848 0.9105
vn 0.2007 0.5133 0.8344
vn 0.1906 0.6411 0.7434
vn 0.1226 0.7489 0.6512
vn 0.0069 0.8202 0.5720
vn -0.1387 0.8442 0.5178
vn -0.2922 0.8172 0.4968
vn -0.4302 0.7433 0.5123
vn -0.5317 0.6338 0.5618
vn -0.5811 0.5053 0.6379
vn -0.5711 0.3775 0.7290
vn -0.5030 0.2697 0.8211
vn -0.3874 0.1984 0.9003
vn -0.2417 0.1744 0.9546
vn -0.0882 0.2014 0.9755
vn 0.2836 -0.0304 0.9585
vn 0.4645 0.1649 0.8701
vn 0.5527 0.3939 0.7344
vn 0.5347 0.6220 0.5721
vn 0.4134 0.8142 0.4077
vn 0.2071 0.9413 0.2665
vn -0.0527 0.9841 0.1698
vn -0.3265 0.9359 0.1324
vn -0.5725 0.8041 0.1599
vn -0.7534 0.6088 0.2483
vn -0.8416 0.3798 0.3840
vn -0.8237 0.1518 0.5464
vn -0.7024 -0.0405 0.7107
vn -0.4961 -0.1676 0.8519
vn -0.2363 -0.2104 0.9486
vn 0.0375 -0.1622 0.9860
vn 0.4743 -0.3299 0.8162
vn 0.7077 -0.0780 0.7022
vn 0.8215 0.2175 0.5272
vn 0.7983 0.5116 0.3177
vn 0.6418 0.7595 0.1058
vn 0.3757 0.9236 -0.0765
vn 0.0406 0.9787 -0.2012
vn -0.3125 0.9166 -0.2494
vn -0.6300 0.7466 -0.2139
vn -0.8633 0.4947 -0.0999
vn -0.9771 0.1992 0.0751
vn -0.9539 -0.0949 0.2846
vn -0.7974 -0.3429 0.4965
vn -0.5313 -0.5069 0.6788
vn -0.1962 -0.5620 0.8035
vn 0.1569 -0.4999 0.8518
vn 0.5954 -0.5805 0.5554
vn 0.8471 -0.3088 0.4325
vn 0.9698 0.0099 0.2437
vn 0.9448 0.3270 0.0179
vn 0.7760 0.5944 -0.2107
vn 0.4891 0.7713 -0.4072
vn 0.1277 0.8308 -0.5417
vn -0.2531 0.7638 -0.5938
vn -0.5954 0.5805 -0.5554
vn -0.8471 0.3088 -0.4325
vn -0.9698 -0.0099 -0.2437
vn -0.9448 -0.3270 -0.0179
vn -0.7760 -0.5944 0.2107
vn -0.4891 -0.7713 0.4072
vn -0.1277 -0.8308 0.5417
vn 0.2531 -0.7638 0.5938
vn 0.6300 -0.7466 0.2139
vn 0.8633 -0.4947 0.0999
vn 0.9771 -0.1992 -0.0751
vn 0.9539 0.0949 -0.2846
vn 0.7974 0.3429 -0.4965
vn 0.5314 0.5069 -0.6788
vn 0.1962 0.5620 -0.8035
vn -0.1569 0.4999 -0.8518
vn -0.4743 0.3299 -0.8162
vn -0.7077 0.0780 -0.7022
vn -0.8215 -0.2175 -0.5272
vn -0.7983 -0.5116 -0.3177
vn -0.6418 -0.7595 -0.1058
vn -0.3757 -0.9236 0.0765
vn -0.0406 -0.9787 0.2012
vn 0.3125 -0.9166 0.2494
vn 0.5725 -0.8041 -0.1599
vn 0.7534 -0.6088 -0.2483
vn 0.8416 -0.3798 -0.3840
vn 0.8237 -0.1518 -0.5464
vn 0.7024 0.0405 -0.7107
vn 0.4961 0.1676 -0.8519
vn 0.2363 0.2104 -0.9486
vn -0.0375 0.1622 -0.9860
vn -0.2836 0.0304 -0.9585
vn -0.4645 -0.1649 -0.8701
vn -0.5527 -0.3939 -0.7344
vn -0.5347 -0.6220 -0.5721
vn -0.4134 -0.8142 -0.4077
vn -0.2071 -0.9413 -0.2665
vn 0.0527 -0.9841 -0.1698
vn 0.3265 -0.9359 -0.1324
vn 0.4302 -0.7433 -0.5123
vn 0.5317 -0.6338 -0.5618
vn 0.5811 -0.5053 -0.6379
vn 0.5711 -0.3775 -0.7290
vn 0.5030 -0.2697 -0.8211
vn 0.3874 -0.1984 -0.9003
vn 0.2417 -0.1744 -0.9546
vn 0.0882 -0.2014 -0.9755
vn -0.0498 -0.2753 -0.9601
vn -0.1512 -0.3848 -0.9105
vn -0.2007 -0.5133 -0.8344
vn -0.1906 -0.6411 -0.7434
vn -0.1226 -0.7489 -0.6512
vn -0.0069 -0.8202 -0.5720
vn 0.1387 -0.8442 -0.5178
vn 0.2922 -0.8172 -0.4968
vn 0.2078 -0.5565 -0.8044
# 114 vertex normals

vt 0.0000 1.0000 0.0000
vt 0.0000 0.8750 0.0000
vt 0.0625 0.8750 0.0000
vt 0.0625 1.0000 0.0000
vt 0.1250 0.8750 0.0000
vt 0.1250 1.0000 0.0000
vt 0.1875 0.8750 0.0000
vt 0.1875 1.0000 0.0000
vt 0.2500 0.8750 0.0000
vt 0.2500 1.0000 0.0000
vt 0.3125 0.8750 0.0000
vt 0.3125 1.0000 0.0000
vt 0.3750 0.8750 0.0000
vt 0.3750 1.0000 0.0000
vt 0.4375 0.8750 0.0000
vt 0.4375 1.0000 0.0000
vt 0.5000 0.8750 0.0000
vt 0.5000 1.0000 0.0000
vt 0.5625 0.8750 0.0000
vt 0.5625 1.0000 0.0000
vt 0.6250 0.8750 0.0000
vt 0.6250 1.0000 0.0000
vt 0.6875 0.8750 0.0000
vt 0.6875 1.0000 0.0000
vt 0.7500 0.8750 0.0000
vt 0.7500 1.0000 0.0000
vt 0.8125 0.8750 0.0000
vt 0.8125 1.0000 0.0000
vt 0.8750 0.8750 0.0000
vt 0.8750 1.0000 0.0000
vt 0.9375 0.8750 0.0000
vt 0.9375 1.0000 0.0000
vt 1.0000 0.8750 0.0000
vt 0.0000 0.7500 0.0000
vt 0.0625 0.7500 0.0000
vt 0.1250 0.7500 0.0000
vt 0.1875 0.7500 0.0000
vt 0.2500 0.7500 0.0000
vt 0.3125 0.7500 0.0000
vt 0.3750 0.7500 0.0000
vt 0.4375 0.7500 0.0000
vt 0.5000 0.7500 0.0000
vt 0.5625 0.7500 0.0000
vt 0.6250 0.7500 0.0000
vt 0.6875 0.7500 0.0000
vt 0.7500 0.7500 0.0000
vt 0.8125 0.7500 0.0000
vt 0.8750 0.7500 0.0000
vt 0.9375 0.7500 0.0000
vt 1.0000 0.7500 0.0000
vt 0.0000 0.6250 0.0000
vt 0.0625 0.6250 0.0000
vt 0.1250 0.6250 0.0000
vt 0.1875 0.6250 0.0000
vt 0.2500 0.6250 0.0000
vt 0.3125 0.6250 0.0000
vt 0.3750 0.6250 0.0000
vt 0.4375 0.6250 0.0000
vt 0.5000 0.6250 0.0000
vt 0.5625 0.6250 0.0000
vt 0.6250 0.6250 0.0000
vt 0.6875 0.6250 0.0000
vt 0.7500 0.6250 0.0000
vt 0.8125 0.6250 0.0000
vt 0.8750 0.6250 0.0000
vt 0.9375 0.6250 0.0000
vt 1.0000 0.6250 0.0000
vt 0.0000 0.5000 0.0000
vt 0.0625 0.5000 0.0000
vt 0.1250 0.5000 0.0000
vt 0.1875 0.5000 0.0000
vt 0.2500 0.5000 0.0000
vt 0.3125 0.5000 0.0000
vt 0.3750 0.5000 0.0000
vt 0.4375 0.5000 0.0000
vt 0.5000 0.5000 0.0000
vt 0.5625 0.5000 0.0000
vt 0.6250 0.5000 0.0000
vt 0.6875 0.5000 0.0000
vt 0.7500 0.5000 0.0000
vt 0.8125 0.5000 0.0000
vt 0.8750 0.5000 0.0000
vt 0.9375 0.5000 0.0000
vt 1.0000 0.5000 0.0000
vt 0.0000 0.3750 0.0000
vt 0.0625 0.3750 0.0000
vt 0.1250 0.3750 0.0000
vt 0.1875 0.3750 0.0000
vt 0.2500 0.3750 0.0000
vt 0.3125 0.3750 0.0000
vt 0.3750 0.3750 0.0000
vt 0.4375 0.3750 0.0000
vt 0.5000 0.3750 0.0000
vt 0.5625 0.3750 0.0000
vt 0.6250 0.3750 0.0000
vt 0.6875 0.3750 0.0000
vt 0.7500 0.3750 0.0000
vt 0.8125 0.3750 0.0000
vt 0.8750 0.3750 0.0000
vt 0.9375 0.3750 0.0000
vt 1.0000 0.3750 0.0000
vt 0.0000 0.2500 0.0000
vt 0.0625 0.2500 0.0000
vt 0.1250 0.2500 0.0000
vt 0.1875 0.2500 0.0000
vt 0.2500 0.2500 0.0000
vt 0.3125 0.2500 0.0000
vt 0.3750 0.2500 0.0000
vt 0.4375 0.2500 0.0000
vt 0.5000 0.2500 0.0000
vt 0.5625 0.2500 0.0000
vt 0.6250 0.2500 0.0000
vt 0.6875 0.2500 0.0000
vt 0.7500 0.2500 0.0000
vt 0.8125 0.2500 0.0000
vt 0.8750 0.2500 0.0000
vt 0.9375 0.2500 0.0000
vt 1.0000 0.2500 0.0000
vt 0.0000 0.1250 0.0000
vt 0.0625 0.1250 0.0000
vt 0.1250 0.1250 0.0000
vt 0.1875 0.1250 0.0000
vt 0.2500 0.1250 0.0000
vt 0.3125 0.1250 0.0000
vt 0.3750 0.1250 0.0000
vt 0.4375 0.1250 0.0000
vt 0.5000 0.1250 0.0000
vt 0.5625 0.1250 0.0000
vt 0.6250 0.1250 0.0000
vt 0.6875 0.1250 0.0000
vt 0.7500 0.1250 0.0000
vt 0.8125 0.1250 0.0000
vt 0.8750 0.1250 0.0000
vt 0.9375 0.1250 0.0000
vt 1.0000 0.1250 0.0000
vt 0.0000 0.0000 0.0000
vt 0.0625 0.0000 0.0000
vt 0.1250 0.0000 0.0000
vt 0.1875 0.0000 0.0000
vt 0.2500 0.0000 0.0000
vt 0.3125 0.0000 0.0000
vt 0.3750 0.0000 0.0000
vt 0.4375 0.0000 0.0000
vt 0.5000 0.0000 0.0000
vt 0.5625 0.0000 0.0000
vt 0.6250 0.0000 0.0000
vt 0.6875 0.0000 0.0000
vt 0.7500 0.0000 0.0000
vt 0.8125 0.0000 0.0000
vt 0.8750 0.0000 0.0000
vt 0.9375 0.0000 0.0000
# 151 texture coords

o Sphere003
g Sphere003
usemtl wire_224086086
s 1
f 421/303/421 422/304/422 423/305/423 
f 421/306/421 423/305/423 424/307/424 
f 421/308/421 424/307/424 425/309/425 
f 421/310/421 425/309/425 426/311/426 
f 421/312/421 426/311/426 427/313/427 
f 421/314/421 427/313/427 428/315/428 
f 421/316/421 428/315/428 429/317/429 
f 421/318/421 429/317/429 430/319/430 
f 421/320/421 430/319/430 431/321/431 
f 421/322/421 431/321/431 432/323/432 
f 421/324/421 432/323/432 433/325/433 
f 421/326/421 433/325/433 434/327/434 
f 421/328/421 434/327/434 435/329/435 
f 421/330/421 435/329/435 436/331/436 
f 421/332/421 436/331/436 437/333/437 
f 421/334/421 437/333/437 422/335/422 
f 422/304/422 438/336/438 439/337/439 423/305/423 
f 423/305/423 439/337/439 440/338/440 424/307/424 
f 424/307/424 440/338/440 441/339/441 425/309/425 
f 425/309/425 441/339/441 442/340/442 426/311/426 
f 426/311/426 442/340/442 443/341/443 427/313/427 
f 427/313/427 443/341/443 444/342/444 428/315/428 
f 428/315/428 444/342/444 445/343/445 429/317/429 
f 429/317/429 445/343/445 446/344/446 430/319/430 
f 430/319/430 446/344/446 447/345/447 431/321/431 
f 431/321/431 447/345/447 448/346/448 432/323/432 
f 432/323/432 448/346/448 449/347/449 433/325/433 
f 433/325/433 449/347/449 450/348/450 434/327/434 
f 434/327/434 450/348/450 451/349/451 435/329/435 
f 435/329/435 451/349/451 452/350/452 436/331/436 
f 436/331/436 452/350/452 453/351/453 437/333/437 
f 437/333/437 453/351/453 438/352/438 422/335/422 
f 438/336/438 454/353/454 455/354/455 439/337/439 
f 439/337/439 455/354/455 456/355/456 440/338/440 
f 440/338/440 456/355/456 457/356/457 441/339/441 
f 441/339/441 457/356/457 458/357/458 442/340/442 
f 442/340/442 458/357/458 459/358/459 443/341/443 
f 443/341/443 459/358/459 460/359/460 444/342/444 
f 444/342/444 460/359/460 461/360/461 445/343/445 
f 445/343/445 461/360/461 462/361/462 446/344/446 
f 446/344/446 462/361/462 463/362/463 447/345/447 
f 447/345/447 463/362/463 464/363/464 448/346/448 
f 448/346/448 464/363/464 465/364/465 449/347/449 
f 449/347/449 465/364/465 466/365/466 450/348/450 
f 450/348/450 466/365/466 467/366/467 451/349/451 
f 451/349/451 467/366/467 468/367/468 452/350/452 
f 452/350/452 468/367/468 469/368/469 453/351/453 
f 453/351/453 469/368/469 454/369/454 438/352/438 
f 454/353/454 470/370/470 471/371/471 455/354/455 
f 455/354/455 471/371/471 472/372/472 456/355/456 
f 456/355/456 472/372/472 473/373/473 457/356/457 
f 457/356/457 473/373/473 474/374/474 458/357/458 
f 458/357/458 474/374/474 475/375/475 459/358/459 
f 459/358/459 475/375/475 476/376/476 460/359/460 
f 460/359/460 476/376/476 477/377/477 461/360/461 
f 461/360/461 477/377/477 478/378/478 462/361/462 
f 462/361/462 478/378/478 479/379/479 463/362/463 
f 463/362/463 479/379/479 480/380/480 464/363/464 
f 464/363/464 480/380/480 481/381/481 465/364/465 
f 465/364/465 481/381/481 482/382/482 466/365/466 
f 466/365/466 482/382/482 483/383/483 467/366/467 
f 467/366/467 483/383/483 484/384/484 468/367/468 
f 468/367/468 484/384/484 485/385/485 469/368/469 
f 469/368/469 485/385/485 470/386/470 454/369/454 
f 470/370/470 486/387/486 487/388/487 471/371/471 
f 471/371/471 487/388/487 488/389/488 472/372/472 
f 472/372/472 488/389/488 489/390/489 473/373/473 
f 473/373/473 489/390/489 490/391/490 474/374/474 
f 474/374/474 490/391/490 491/392/491 475/375/475 
f 475/375/475 491/392/491 492/393/492 476/376/476 
f 476/376/476 492/393/492 493/394/493 477/377/477 
f 477/377/477 493/394/493 494/395/494 478/378/478 
f 478/378/478 494/395/494 495/396/495 479/379/479 
f 479/379/479 495/396/495 496/397/496 480/380/480 
f 480/380/480 496/397/496 497/398/497 481/381/481 
f 481/381/481 497/398/497 498/399/498 482/382/482 
f 482/382/482 498/399/498 499/400/499 483/383/483 
f 483/383/483 499/400/499 500/401/500 484/384/484 
f 484/384/484 500/401/500 501/402/501 485/385/485 
f 485/385/485 501/402/501 486/403/486 470/386/470 
f 486/387/486 502/404/502 503/405/503 487/388/487 
f 487/388/487 503/405/503 504/406/504 488/389/488 
f 488/389/488 504/406/504 505/407/505 489/390/489 
f 489/390/489 505/407/505 506/408/506 490/391/490 
f 490/391/490 506/408/506 507/409/507 491/392/491 
f 491/392/491 507/409/507 508/410/508 492/393/492 
f 492/393/492 508/410/508 509/411/509 493/394/493 
f 493/394/493 509/411/509 510/412/510 494/395/494 
f 494/395/494 510/412/510 511/413/511 495/396/495 
f 495/396/495 511/413/511 512/414/512 496/397/496 
f 496/397/496 512/414/512 513/415/513 497/398/497 
f 497/398/497 513/415/513 514/416/514 498/399/498 
f 498/399/498 514/416/514 515/417/515 499/400/499 
f 499/400/499 515/417/515 516/418/516 500/401/500 
f 500/401/500 516/418/516 517/419/517 501/402/501 
f 501/402/501 517/419/517 502/420/502 486/403/486 
f 502/404/502 518/421/518 519/422/519 503/405/503 
f 503/405/503 519/422/519 520/423/520 504/406/504 
f 504/406/504 520/423/520 521/424/521 505/407/505 
f 505/407/505 521/424/521 522/425/522 506/408/506 
f 506/408/506 522/425/522 523/426/523 507/409/507 
f 507/409/507 523/426/523 524/427/524 508/410/508 
f 508/410/508 524/427/524 525/428/525 509/411/509 
f 509/411/509 525/428/525 526/429/526 510/412/510 
f 510/412/510 526/429/526 527/430/527 511/413/511 
f 511/413/511 527/430/527 528/431/528 512/414/512 
f 512/414/512 528/431/528 529/432/529 513/415/513 
f 513/415/513 529/432/529 530/433/530 514/416/514 
f 514/416/514 530/433/530 531/434/531 515/417/515 
f 515/417/515 531/434/531 532/435/532 516/418/516 
f 516/418/516 532/435/532 533/436/533 517/419/517 
f 517/419/517 533/436/533 518/437/518 502/420/502 
f 534/438/534 519/422/519 518/421/518 
f 534/439/534 520/423/520 519/422/519 
f 534/440/534 521/424/521 520/423/520 
f 534/441/534 522/425/522 521/424/521 
f 534/442/534 523/426/523 522/425/522 
f 534/443/534 524/427/524 523/426/523 
f 534/444/534 525/428/525 524/427/524 
f 534/445/534 526/429/526 525/428/525 
f 534/446/534 527/430/527 526/429/526 
f 534/447/534 528/431/528 527/430/527 
f 534/448/534 529/432/529 528/431/528 
f 534/449/534 530/433/530 529/432/529 
f 534/450/534 531/434/531 530/433/530 
f 534/451/534 532/435/532 531/434/531 
f 534/452/534 533/436/533 532/435/532 
f 534/453/534 518/437/518 533/436/533 
# 96 polygons - 32 triangles

#
# object Sphere004
#

v  0.1265 0.6887 4.1041
v  0.0878 0.6255 4.1406
v  0.1025 0.6379 4.1647
v  0.1232 0.6554 4.1796
v  0.1467 0.6752 4.1830
v  0.1694 0.6943 4.1744
v  0.1879 0.7099 4.1551
v  0.1993 0.7194 4.1280
v  0.2019 0.7216 4.0973
v  0.1954 0.7160 4.0676
v  0.1806 0.7035 4.0435
v  0.1599 0.6860 4.0286
v  0.1364 0.6662 4.0252
v  0.1137 0.6471 4.0338
v  0.0953 0.6316 4.0531
v  0.0839 0.6220 4.0802
v  0.0812 0.6199 4.1109
v  0.0852 0.5360 4.1716
v  0.1125 0.5591 4.2162
v  0.1507 0.5914 4.2437
v  0.1941 0.6280 4.2500
v  0.2361 0.6633 4.2341
v  0.2702 0.6920 4.1984
v  0.2913 0.7096 4.1483
v  0.2961 0.7136 4.0916
v  0.2840 0.7033 4.0367
v  0.2567 0.6803 3.9921
v  0.2185 0.6480 3.9646
v  0.1751 0.6114 3.9584
v  0.1331 0.5761 3.9743
v  0.0990 0.5474 4.0100
v  0.0779 0.5297 4.0600
v  0.0731 0.5257 4.1168
v  0.1191 0.4340 4.1924
v  0.1548 0.4641 4.2507
v  0.2047 0.5063 4.2866
v  0.2614 0.5541 4.2948
v  0.3162 0.6002 4.2740
v  0.3608 0.6377 4.2274
v  0.3884 0.6608 4.1620
v  0.3947 0.6660 4.0878
v  0.3789 0.6525 4.0162
v  0.3432 0.6224 3.9579
v  0.2933 0.5802 3.9220
v  0.2366 0.5324 3.9138
v  0.1818 0.4863 3.9346
v  0.1372 0.4488 3.9812
v  0.1096 0.4257 4.0466
v  0.1033 0.4205 4.1208
v  0.1844 0.3349 4.1999
v  0.2229 0.3675 4.2629
v  0.2770 0.4131 4.3018
v  0.3384 0.4648 4.3107
v  0.3977 0.5148 4.2882
v  0.4460 0.5554 4.2377
v  0.4758 0.5804 4.1669
v  0.4827 0.5860 4.0866
v  0.4655 0.5714 4.0091
v  0.4270 0.5388 3.9460
v  0.3729 0.4932 3.9071
v  0.3115 0.4414 3.8983
v  0.2522 0.3915 3.9208
v  0.2039 0.3509 3.9713
v  0.1741 0.3259 4.0420
v  0.1672 0.3203 4.1223
v  0.2710 0.2537 4.1928
v  0.3067 0.2838 4.2510
v  0.3566 0.3260 4.2870
v  0.4133 0.3738 4.2952
v  0.4682 0.4200 4.2744
v  0.5127 0.4575 4.2277
v  0.5403 0.4806 4.1623
v  0.5466 0.4858 4.0882
v  0.5308 0.4723 4.0165
v  0.4952 0.4422 3.9583
v  0.4452 0.4000 3.9223
v  0.3885 0.3522 3.9141
v  0.3337 0.3060 3.9349
v  0.2891 0.2685 3.9816
v  0.2615 0.2454 4.0470
v  0.2552 0.2402 4.1211
v  0.3659 0.2030 4.1722
v  0.3932 0.2260 4.2168
v  0.4314 0.2583 4.2443
v  0.4748 0.2949 4.2506
v  0.5168 0.3302 4.2347
v  0.5509 0.3589 4.1990
v  0.5720 0.3766 4.1489
v  0.5768 0.3805 4.0922
v  0.5647 0.3702 4.0373
v  0.5374 0.3472 3.9928
v  0.4992 0.3149 3.9652
v  0.4558 0.2783 3.9590
v  0.4138 0.2430 3.9749
v  0.3797 0.2143 4.0106
v  0.3586 0.1966 4.0606
v  0.3538 0.1926 4.1174
v  0.4545 0.1903 4.1414
v  0.4693 0.2027 4.1655
v  0.4900 0.2202 4.1804
v  0.5135 0.2400 4.1838
v  0.5362 0.2591 4.1752
v  0.5546 0.2747 4.1559
v  0.5661 0.2842 4.1288
v  0.5687 0.2864 4.0981
v  0.5621 0.2808 4.0684
v  0.5474 0.2683 4.0442
v  0.5267 0.2509 4.0294
v  0.5032 0.2311 4.0260
v  0.4805 0.2119 4.0346
v  0.4620 0.1964 4.0539
v  0.4506 0.1868 4.0810
v  0.4480 0.1847 4.1117
v  0.5234 0.2176 4.1049
# 114 vertices

vn -0.6444 0.7647 -0.0014
vn -0.8635 0.4695 0.1845
vn -0.7884 0.5330 0.3072
vn -0.6831 0.6219 0.3830
vn -0.5635 0.7226 0.4003
vn -0.4480 0.8199 0.3565
vn -0.3540 0.8989 0.2581
vn -0.2960 0.9476 0.1203
vn -0.2826 0.9586 -0.0360
vn -0.3160 0.9301 -0.1870
vn -0.3911 0.8666 -0.3098
vn -0.4964 0.7778 -0.3856
vn -0.6159 0.6770 -0.4029
vn -0.7315 0.5797 -0.3590
vn -0.8254 0.5007 -0.2607
vn -0.8835 0.4520 -0.1229
vn -0.8969 0.4411 0.0334
vn -0.9361 0.1208 0.3303
vn -0.8022 0.2340 0.5492
vn -0.6144 0.3926 0.6844
vn -0.4012 0.5722 0.7152
vn -0.1952 0.7457 0.6370
vn -0.0276 0.8866 0.4617
vn 0.0759 0.9735 0.2159
vn 0.0998 0.9930 -0.0629
vn 0.0402 0.9423 -0.3323
vn -0.0937 0.8291 -0.5512
vn -0.2815 0.6706 -0.6863
vn -0.4947 0.4909 -0.7172
vn -0.7007 0.3174 -0.6389
vn -0.8683 0.1765 -0.4636
vn -0.9719 0.0897 -0.2178
vn -0.9957 0.0701 0.0610
vn -0.8709 -0.2436 0.4268
vn -0.6982 -0.0975 0.7092
vn -0.4559 0.1070 0.8836
vn -0.1810 0.3387 0.9233
vn 0.0848 0.5625 0.8224
vn 0.3009 0.7443 0.5962
vn 0.4346 0.8563 0.2792
vn 0.4653 0.8815 -0.0804
vn 0.3884 0.8161 -0.4279
vn 0.2157 0.6701 -0.7103
vn -0.0265 0.4656 -0.8846
vn -0.3015 0.2338 -0.9244
vn -0.5673 0.0100 -0.8235
vn -0.7834 -0.1717 -0.5973
vn -0.9170 -0.2837 -0.2803
vn -0.9478 -0.3090 0.0794
vn -0.6791 -0.5714 0.4608
vn -0.4928 -0.4139 0.7654
vn -0.2315 -0.1934 0.9534
vn 0.0650 0.0566 0.9963
vn 0.3516 0.2979 0.8875
vn 0.5847 0.4939 0.6436
vn 0.7288 0.6147 0.3017
vn 0.7619 0.6419 -0.0861
vn 0.6791 0.5714 -0.4608
vn 0.4928 0.4139 -0.7654
vn 0.2315 0.1934 -0.9534
vn -0.0650 -0.0566 -0.9963
vn -0.3516 -0.2979 -0.8875
vn -0.5847 -0.4939 -0.6436
vn -0.7288 -0.6147 -0.3017
vn -0.7619 -0.6419 0.0861
vn -0.3884 -0.8161 0.4279
vn -0.2157 -0.6701 0.7103
vn 0.0265 -0.4656 0.8846
vn 0.3015 -0.2338 0.9244
vn 0.5673 -0.0100 0.8235
vn 0.7834 0.1717 0.5973
vn 0.9170 0.2837 0.2803
vn 0.9478 0.3090 -0.0794
vn 0.8709 0.2436 -0.4268
vn 0.6982 0.0975 -0.7092
vn 0.4559 -0.1070 -0.8836
vn 0.1810 -0.3387 -0.9233
vn -0.0848 -0.5625 -0.8224
vn -0.3009 -0.7443 -0.5962
vn -0.4346 -0.8563 -0.2792
vn -0.4653 -0.8815 0.0804
vn -0.0402 -0.9423 0.3323
vn 0.0937 -0.8291 0.5512
vn 0.2815 -0.6706 0.6863
vn 0.4947 -0.4909 0.7172
vn 0.7007 -0.3174 0.6389
vn 0.8683 -0.1765 0.4636
vn 0.9719 -0.0897 0.2178
vn 0.9957 -0.0701 -0.0610
vn 0.9361 -0.1208 -0.3303
vn 0.8022 -0.2340 -0.5492
vn 0.6144 -0.3926 -0.6844
vn 0.4012 -0.5722 -0.7152
vn 0.1952 -0.7457 -0.6370
vn 0.0276 -0.8866 -0.4617
vn -0.0759 -0.9735 -0.2159
vn -0.0998 -0.9930 0.0629
vn 0.3160 -0.9301 0.1870
vn 0.3911 -0.8666 0.3098
vn 0.4964 -0.7778 0.3856
vn 0.6159 -0.6770 0.4029
vn 0.7315 -0.5797 0.3590
vn 0.8254 -0.5007 0.2607
vn 0.8835 -0.4520 0.1229
vn 0.8969 -0.4411 -0.0334
vn 0.8635 -0.4695 -0.1845
vn 0.7884 -0.5330 -0.3072
vn 0.6831 -0.6219 -0.3830
vn 0.5635 -0.7226 -0.4003
vn 0.4480 -0.8199 -0.3565
vn 0.3540 -0.8989 -0.2581
vn 0.2960 -0.9476 -0.1203
vn 0.2826 -0.9586 0.0360
vn 0.6444 -0.7647 0.0014
# 114 vertex normals

vt 0.0000 1.0000 0.0000
vt 0.0000 0.8750 0.0000
vt 0.0625 0.8750 0.0000
vt 0.0625 1.0000 0.0000
vt 0.1250 0.8750 0.0000
vt 0.1250 1.0000 0.0000
vt 0.1875 0.8750 0.0000
vt 0.1875 1.0000 0.0000
vt 0.2500 0.8750 0.0000
vt 0.2500 1.0000 0.0000
vt 0.3125 0.8750 0.0000
vt 0.3125 1.0000 0.0000
vt 0.3750 0.8750 0.0000
vt 0.3750 1.0000 0.0000
vt 0.4375 0.8750 0.0000
vt 0.4375 1.0000 0.0000
vt 0.5000 0.8750 0.0000
vt 0.5000 1.0000 0.0000
vt 0.5625 0.8750 0.0000
vt 0.5625 1.0000 0.0000
vt 0.6250 0.8750 0.0000
vt 0.6250 1.0000 0.0000
vt 0.6875 0.8750 0.0000
vt 0.6875 1.0000 0.0000
vt 0.7500 0.8750 0.0000
vt 0.7500 1.0000 0.0000
vt 0.8125 0.8750 0.0000
vt 0.8125 1.0000 0.0000
vt 0.8750 0.8750 0.0000
vt 0.8750 1.0000 0.0000
vt 0.9375 0.8750 0.0000
vt 0.9375 1.0000 0.0000
vt 1.0000 0.8750 0.0000
vt 0.0000 0.7500 0.0000
vt 0.0625 0.7500 0.0000
vt 0.1250 0.7500 0.0000
vt 0.1875 0.7500 0.0000
vt 0.2500 0.7500 0.0000
vt 0.3125 0.7500 0.0000
vt 0.3750 0.7500 0.0000
vt 0.4375 0.7500 0.0000
vt 0.5000 0.7500 0.0000
vt 0.5625 0.7500 0.0000
vt 0.6250 0.7500 0.0000
vt 0.6875 0.7500 0.0000
vt 0.7500 0.7500 0.0000
vt 0.8125 0.7500 0.0000
vt 0.8750 0.7500 0.0000
vt 0.9375 0.7500 0.0000
vt 1.0000 0.7500 0.0000
vt 0.0000 0.6250 0.0000
vt 0.0625 0.6250 0.0000
vt 0.1250 0.6250 0.0000
vt 0.1875 0.6250 0.0000
vt 0.2500 0.6250 0.0000
vt 0.3125 0.6250 0.0000
vt 0.3750 0.6250 0.0000
vt 0.4375 0.6250 0.0000
vt 0.5000 0.6250 0.0000
vt 0.5625 0.6250 0.0000
vt 0.6250 0.6250 0.0000
vt 0.6875 0.6250 0.0000
vt 0.7500 0.6250 0.0000
vt 0.8125 0.6250 0.0000
vt 0.8750 0.6250 0.0000
vt 0.9375 0.6250 0.0000
vt 1.0000 0.6250 0.0000
vt 0.0000 0.5000 0.0000
vt 0.0625 0.5000 0.0000
vt 0.1250 0.5000 0.0000
vt 0.1875 0.5000 0.0000
vt 0.2500 0.5000 0.0000
vt 0.3125 0.5000 0.0000
vt 0.3750 0.5000 0.0000
vt 0.4375 0.5000 0.0000
vt 0.5000 0.5000 0.0000
vt 0.5625 0.5000 0.0000
vt 0.6250 0.5000 0.0000
vt 0.6875 0.5000 0.0000
vt 0.7500 0.5000 0.0000
vt 0.8125 0.5000 0.0000
vt 0.8750 0.5000 0.0000
vt 0.9375 0.5000 0.0000
vt 1.0000 0.5000 0.0000
vt 0.0000 0.3750 0.0000
vt 0.0625 0.3750 0.0000
vt 0.1250 0.3750 0.0000
vt 0.1875 0.3750 0.0000
vt 0.2500 0.3750 0.0000
vt 0.3125 0.3750 0.0000
vt 0.3750 0.3750 0.0000
vt 0.4375 0.3750 0.0000
vt 0.5000 0.3750 0.0000
vt 0.5625 0.3750 0.0000
vt 0.6250 0.3750 0.0000
vt 0.6875 0.3750 0.0000
vt 0.7500 0.3750 0.0000
vt 0.8125 0.3750 0.0000
vt 0.8750 0.3750 0.0000
vt 0.9375 0.3750 0.0000
vt 1.0000 0.3750 0.0000
vt 0.0000 0.2500 0.0000
vt 0.0625 0.2500 0.0000
vt 0.1250 0.2500 0.0000
vt 0.1875 0.2500 0.0000
vt 0.2500 0.2500 0.0000
vt 0.3125 0.2500 0.0000
vt 0.3750 0.2500 0.0000
vt 0.4375 0.2500 0.0000
vt 0.5000 0.2500 0.0000
vt 0.5625 0.2500 0.0000
vt 0.6250 0.2500 0.0000
vt 0.6875 0.2500 0.0000
vt 0.7500 0.2500 0.0000
vt 0.8125 0.2500 0.0000
vt 0.8750 0.2500 0.0000
vt 0.9375 0.2500 0.0000
vt 1.0000 0.2500 0.0000
vt 0.0000 0.1250 0.0000
vt 0.0625 0.1250 0.0000
vt 0.1250 0.1250 0.0000
vt 0.1875 0.1250 0.0000
vt 0.2500 0.1250 0.0000
vt 0.3125 0.1250 0.0000
vt 0.3750 0.1250 0.0000
vt 0.4375 0.1250 0.0000
vt 0.5000 0.1250 0.0000
vt 0.5625 0.1250 0.0000
vt 0.6250 0.1250 0.0000
vt 0.6875 0.1250 0.0000
vt 0.7500 0.1250 0.0000
vt 0.8125 0.1250 0.0000
vt 0.8750 0.1250 0.0000
vt 0.9375 0.1250 0.0000
vt 1.0000 0.1250 0.0000
vt 0.0000 0.0000 0.0000
vt 0.0625 0.0000 0.0000
vt 0.1250 0.0000 0.0000
vt 0.1875 0.0000 0.0000
vt 0.2500 0.0000 0.0000
vt 0.3125 0.0000 0.0000
vt 0.3750 0.0000 0.0000
vt 0.4375 0.0000 0.0000
vt 0.5000 0.0000 0.0000
vt 0.5625 0.0000 0.0000
vt 0.6250 0.0000 0.0000
vt 0.6875 0.0000 0.0000
vt 0.7500 0.0000 0.0000
vt 0.8125 0.0000 0.0000
vt 0.8750 0.0000 0.0000
vt 0.9375 0.0000 0.0000
# 151 texture coords

o Sphere004
g Sphere004
usemtl wire_224086086
s 1
f 535/454/535 536/455/536 537/456/537 
f 535/457/535 537/456/537 538/458/538 
f 535/459/535 538/458/538 539/460/539 
f 535/461/535 539/460/539 540/462/540 
f 535/463/535 540/462/540 541/464/541 
f 535/465/535 541/464/541 542/466/542 
f 535/467/535 542/466/542 543/468/543 
f 535/469/535 543/468/543 544/470/544 
f 535/471/535 544/470/544 545/472/545 
f 535/473/535 545/472/545 546/474/546 
f 535/475/535 546/474/546 547/476/547 
f 535/477/535 547/476/547 548/478/548 
f 535/479/535 548/478/548 549/480/549 
f 535/481/535 549/480/549 550/482/550 
f 535/483/535 550/482/550 551/484/551 
f 535/485/535 551/484/551 536/486/536 
f 536/455/536 552/487/552 553/488/553 537/456/537 
f 537/456/537 553/488/553 554/489/554 538/458/538 
f 538/458/538 554/489/554 555/490/555 539/460/539 
f 539/460/539 555/490/555 556/491/556 540/462/540 
f 540/462/540 556/491/556 557/492/557 541/464/541 
f 541/464/541 557/492/557 558/493/558 542/466/542 
f 542/466/542 558/493/558 559/494/559 543/468/543 
f 543/468/543 559/494/559 560/495/560 544/470/544 
f 544/470/544 560/495/560 561/496/561 545/472/545 
f 545/472/545 561/496/561 562/497/562 546/474/546 
f 546/474/546 562/497/562 563/498/563 547/476/547 
f 547/476/547 563/498/563 564/499/564 548/478/548 
f 548/478/548 564/499/564 565/500/565 549/480/549 
f 549/480/549 565/500/565 566/501/566 550/482/550 
f 550/482/550 566/501/566 567/502/567 551/484/551 
f 551/484/551 567/502/567 552/503/552 536/486/536 
f 552/487/552 568/504/568 569/505/569 553/488/553 
f 553/488/553 569/505/569 570/506/570 554/489/554 
f 554/489/554 570/506/570 571/507/571 555/490/555 
f 555/490/555 571/507/571 572/508/572 556/491/556 
f 556/491/556 572/508/572 573/509/573 557/492/557 
f 557/492/557 573/509/573 574/510/574 558/493/558 
f 558/493/558 574/510/574 575/511/575 559/494/559 
f 559/494/559 575/511/575 576/512/576 560/495/560 
f 560/495/560 576/512/576 577/513/577 561/496/561 
f 561/496/561 577/513/577 578/514/578 562/497/562 
f 562/497/562 578/514/578 579/515/579 563/498/563 
f 563/498/563 579/515/579 580/516/580 564/499/564 
f 564/499/564 580/516/580 581/517/581 565/500/565 
f 565/500/565 581/517/581 582/518/582 566/501/566 
f 566/501/566 582/518/582 583/519/583 567/502/567 
f 567/502/567 583/519/583 568/520/568 552/503/552 
f 568/504/568 584/521/584 585/522/585 569/505/569 
f 569/505/569 585/522/585 586/523/586 570/506/570 
f 570/506/570 586/523/586 587/524/587 571/507/571 
f 571/507/571 587/524/587 588/525/588 572/508/572 
f 572/508/572 588/525/588 589/526/589 573/509/573 
f 573/509/573 589/526/589 590/527/590 574/510/574 
f 574/510/574 590/527/590 591/528/591 575/511/575 
f 575/511/575 591/528/591 592/529/592 576/512/576 
f 576/512/576 592/529/592 593/530/593 577/513/577 
f 577/513/577 593/530/593 594/531/594 578/514/578 
f 578/514/578 594/531/594 595/532/595 579/515/579 
f 579/515/579 595/532/595 596/533/596 580/516/580 
f 580/516/580 596/533/596 597/534/597 581/517/581 
f 581/517/581 597/534/597 598/535/598 582/518/582 
f 582/518/582 598/535/598 599/536/599 583/519/583 
f 583/519/583 599/536/599 584/537/584 568/520/568 
f 584/521/584 600/538/600 601/539/601 585/522/585 
f 585/522/585 601/539/601 602/540/602 586/523/586 
f 586/523/586 602/540/602 603/541/603 587/524/587 
f 587/524/587 603/541/603 604/542/604 588/525/588 
f 588/525/588 604/542/604 605/543/605 589/526/589 
f 589/526/589 605/543/605 606/544/606 590/527/590 
f 590/527/590 606/544/606 607/545/607 591/528/591 
f 591/528/591 607/545/607 608/546/608 592/529/592 
f 592/529/592 608/546/608 609/547/609 593/530/593 
f 593/530/593 609/547/609 610/548/610 594/531/594 
f 594/531/594 610/548/610 611/549/611 595/532/595 
f 595/532/595 611/549/611 612/550/612 596/533/596 
f 596/533/596 612/550/612 613/551/613 597/534/597 
f 597/534/597 613/551/613 614/552/614 598/535/598 
f 598/535/598 614/552/614 615/553/615 599/536/599 
f 599/536/599 615/553/615 600/554/600 584/537/584 
f 600/538/600 616/555/616 617/556/617 601/539/601 
f 601/539/601 617/556/617 618/557/618 602/540/602 
f 602/540/602 618/557/618 619/558/619 603/541/603 
f 603/541/603 619/558/619 620/559/620 604/542/604 
f 604/542/604 620/559/620 621/560/621 605/543/605 
f 605/543/605 621/560/621 622/561/622 606/544/606 
f 606/544/606 622/561/622 623/562/623 607/545/607 
f 607/545/607 623/562/623 624/563/624 608/546/608 
f 608/546/608 624/563/624 625/564/625 609/547/609 
f 609/547/609 625/564/625 626/565/626 610/548/610 
f 610/548/610 626/565/626 627/566/627 611/549/611 
f 611/549/611 627/566/627 628/567/628 612/550/612 
f 612/550/612 628/567/628 629/568/629 613/551/613 
f 613/551/613 629/568/629 630/569/630 614/552/614 
f 614/552/614 630/569/630 631/570/631 615/553/615 
f 615/553/615 631/570/631 616/571/616 600/554/600 
f 616/555/616 632/572/632 633/573/633 617/556/617 
f 617/556/617 633/573/633 634/574/634 618/557/618 
f 618/557/618 634/574/634 635/575/635 619/558/619 
f 619/558/619 635/575/635 636/576/636 620/559/620 
f 620/559/620 636/576/636 637/577/637 621/560/621 
f 621/560/621 637/577/637 638/578/638 622/561/622 
f 622/561/622 638/578/638 639/579/639 623/562/623 
f 623/562/623 639/579/639 640/580/640 624/563/624 
f 624/563/624 640/580/640 641/581/641 625/564/625 
f 625/564/625 641/581/641 642/582/642 626/565/626 
f 626/565/626 642/582/642 643/583/643 627/566/627 
f 627/566/627 643/583/643 644/584/644 628/567/628 
f 628/567/628 644/584/644 645/585/645 629/568/629 
f 629/568/629 645/585/645 646/586/646 630/569/630 
f 630/569/630 646/586/646 647/587/647 631/570/631 
f 631/570/631 647/587/647 632/588/632 616/571/616 
f 648/589/648 633/573/633 632/572/632 
f 648/590/648 634/574/634 633/573/633 
f 648/591/648 635/575/635 634/574/634 
f 648/592/648 636/576/636 635/575/635 
f 648/593/648 637/577/637 636/576/636 
f 648/594/648 638/578/638 637/577/637 
f 648/595/648 639/579/639 638/578/638 
f 648/596/648 640/580/640 639/579/639 
f 648/597/648 641/581/641 640/580/640 
f 648/598/648 642/582/642 641/581/641 
f 648/599/648 643/583/643 642/582/642 
f 648/600/648 644/584/644 643/583/643 
f 648/601/648 645/585/645 644/584/644 
f 648/602/648 646/586/646 645/585/645 
f 648/603/648 647/587/647 646/586/646 
f 648/604/648 632/588/632 647/587/647 
# 96 polygons - 32 triangles

#
# object Line003
#

v  0.1614 0.6786 4.1349
v  0.1763 0.6811 4.1491
v  0.1802 0.6720 4.1465
v  0.1637 0.6693 4.1308
v  0.1571 0.6845 4.1426
v  0.1700 0.6866 4.1548
v  0.1519 0.6854 4.1517
v  0.1629 0.6872 4.1621
v  0.1473 0.6811 4.1598
v  0.1570 0.6827 4.1691
v  0.1444 0.6726 4.1648
v  0.1539 0.6742 4.1738
v  0.1440 0.6624 4.1653
v  0.1544 0.6641 4.1751
v  0.1463 0.6531 4.1611
v  0.1583 0.6551 4.1725
v  0.1506 0.6472 4.1535
v  0.1646 0.6495 4.1668
v  0.1558 0.6463 4.1444
v  0.1717 0.6489 4.1595
v  0.1604 0.6507 4.1362
v  0.1776 0.6535 4.1525
v  0.1633 0.6591 4.1313
v  0.1807 0.6619 4.1477
v  0.1447 0.6810 4.1303
v  0.1426 0.6723 4.1249
v  0.1456 0.6861 4.1394
v  0.1449 0.6864 4.1498
v  0.1429 0.6816 4.1587
v  0.1402 0.6731 4.1636
v  0.1374 0.6632 4.1634
v  0.1353 0.6545 4.1579
v  0.1344 0.6494 4.1488
v  0.1351 0.6492 4.1384
v  0.1371 0.6540 4.1295
v  0.1398 0.6625 4.1246
v  0.1304 0.6874 4.1326
v  0.1248 0.6803 4.1277
v  0.1348 0.6909 4.1413
v  0.1369 0.6899 4.1512
v  0.1361 0.6845 4.1599
v  0.1326 0.6763 4.1649
v  0.1274 0.6675 4.1649
v  0.1218 0.6604 4.1599
v  0.1174 0.6569 4.1513
v  0.1153 0.6580 4.1414
v  0.1161 0.6633 4.1327
v  0.1196 0.6715 4.1277
v  0.1182 0.6969 4.1377
v  0.1109 0.6912 4.1334
v  0.1240 0.6993 4.1458
v  0.1267 0.6977 4.1554
v  0.1256 0.6925 4.1642
v  0.1211 0.6851 4.1696
v  0.1142 0.6776 4.1702
v  0.1069 0.6718 4.1660
v  0.1011 0.6694 4.1579
v  0.0984 0.6711 4.1482
v  0.0994 0.6763 4.1395
v  0.1040 0.6836 4.1341
v  0.1075 0.7094 4.1429
v  0.0993 0.7047 4.1390
v  0.1135 0.7114 4.1508
v  0.1159 0.7102 4.1607
v  0.1139 0.7060 4.1698
v  0.1081 0.7000 4.1757
v  0.1001 0.6938 4.1769
v  0.0919 0.6891 4.1731
v  0.0858 0.6871 4.1651
v  0.0835 0.6883 4.1553
v  0.0855 0.6925 4.1462
v  0.0913 0.6985 4.1402
v  0.0980 0.7251 4.1461
v  0.0895 0.7210 4.1423
v  0.1039 0.7275 4.1541
v  0.1054 0.7275 4.1642
v  0.1023 0.7251 4.1737
v  0.0954 0.7211 4.1801
v  0.0864 0.7164 4.1816
v  0.0779 0.7123 4.1778
v  0.0720 0.7099 4.1698
v  0.0704 0.7099 4.1597
v  0.0735 0.7122 4.1502
v  0.0805 0.7163 4.1438
v  0.0887 0.7469 4.1453
v  0.0801 0.7430 4.1415
v  0.0944 0.7496 4.1533
v  0.0956 0.7505 4.1634
v  0.0920 0.7493 4.1728
v  0.0845 0.7464 4.1791
v  0.0752 0.7425 4.1806
v  0.0666 0.7386 4.1768
v  0.0609 0.7359 4.1688
v  0.0597 0.7350 4.1587
v  0.0633 0.7362 4.1493
v  0.0708 0.7391 4.1430
# 96 vertices

vn 0.3873 0.6323 -0.6710
vn 0.8170 0.5766 -0.0041
vn 0.9680 0.2288 -0.1033
vn 0.4881 0.1777 -0.8545
vn 0.1902 0.9279 -0.3207
vn 0.5732 0.7904 0.2159
vn -0.0615 0.9906 0.1218
vn 0.3019 0.8131 0.4978
vn -0.3074 0.7762 0.5505
vn 0.0756 0.6383 0.7660
vn -0.4670 0.3178 0.8251
vn -0.0448 0.3132 0.9486
vn -0.4825 -0.2325 0.8445
vn -0.0272 -0.0754 0.9968
vn -0.3610 -0.6930 0.6241
vn 0.1238 -0.4232 0.8975
vn -0.1505 -0.9564 0.2502
vn 0.3675 -0.6371 0.6775
vn 0.0957 -0.9785 -0.1828
vn 0.6390 -0.6597 0.3956
vn 0.3208 -0.7528 -0.5748
vn 0.8652 -0.4850 0.1275
vn 0.4651 -0.3292 -0.8218
vn 0.9856 -0.1598 -0.0553
vn 0.2353 0.6526 -0.7202
vn 0.1309 0.2281 -0.9648
vn 0.2806 0.9146 -0.2911
vn 0.2521 0.9399 0.2302
vn 0.1495 0.6927 0.7056
vn 0.0004 0.2315 0.9728
vn -0.1457 -0.2865 0.9469
vn -0.2465 -0.7062 0.6637
vn -0.2816 -0.9345 0.2177
vn -0.2455 -0.9272 -0.2828
vn -0.1460 -0.6823 -0.7164
vn -0.0080 -0.2587 -0.9659
vn 0.2047 0.6729 -0.7108
vn -0.0720 0.3130 -0.9470
vn 0.4303 0.8577 -0.2815
vn 0.5408 0.8082 0.2333
vn 0.4988 0.5286 0.6869
vn 0.3156 0.1004 0.9436
vn 0.0481 -0.3488 0.9360
vn -0.2281 -0.6979 0.6789
vn -0.4425 -0.8622 0.2466
vn -0.5419 -0.8025 -0.2495
vn -0.5005 -0.5340 -0.6814
vn -0.3288 -0.1268 -0.9358
vn 0.2764 0.6294 -0.7263
vn -0.0962 0.3340 -0.9377
vn 0.5764 0.7546 -0.3135
vn 0.7175 0.6706 0.1881
vn 0.6594 0.4012 0.6358
vn 0.4221 0.0250 0.9062
vn 0.0742 -0.3546 0.9321
vn -0.2915 -0.6388 0.7120
vn -0.5802 -0.7549 0.3057
vn -0.7169 -0.6734 -0.1807
vn -0.6658 -0.4154 -0.6198
vn -0.4398 -0.0480 -0.8968
vn 0.3881 0.5117 -0.7666
vn -0.0336 0.2655 -0.9635
vn 0.7031 0.6161 -0.3550
vn 0.8217 0.5490 0.1530
vn 0.7152 0.3332 0.6143
vn 0.4191 0.0306 0.9074
vn 0.0143 -0.2785 0.9603
vn -0.3938 -0.5144 0.7618
vn -0.6989 -0.6157 0.3639
vn -0.8212 -0.5559 -0.1291
vn -0.7283 -0.3503 -0.5890
vn -0.4420 -0.0507 -0.8956
vn 0.5095 0.3236 -0.7973
vn 0.0636 0.1103 -0.9919
vn 0.8113 0.4455 -0.3785
vn 0.8855 0.4429 0.1402
vn 0.7208 0.3213 0.6142
vn 0.3678 0.1162 0.9226
vn -0.0803 -0.1187 0.9897
vn -0.5078 -0.3228 0.7987
vn -0.8027 -0.4427 0.3995
vn -0.8884 -0.4472 -0.1037
vn -0.7416 -0.3346 -0.5815
vn -0.3956 -0.1316 -0.9089
vn 0.1685 0.7590 -0.6290
vn -0.1642 0.6112 -0.7743
vn 0.3873 0.8642 -0.3212
vn 0.4334 0.8987 0.0664
vn 0.2948 0.8533 0.4302
vn 0.0084 0.7400 0.6725
vn -0.3491 0.5893 0.7286
vn -0.6818 0.4417 0.5832
vn -0.9005 0.3364 0.2756
vn -0.9467 0.3018 -0.1121
vn -0.8081 0.3473 -0.4758
vn -0.5216 0.4605 -0.7182
# 96 vertex normals

o Line003
g Line003
usemtl wire_153228214
s 81
f 649//649 650//650 651//651 652//652 
s 1
f 653//653 654//654 650//650 649//649 
s 5
f 655//655 656//656 654//654 653//653 
s 12
f 657//657 658//658 656//656 655//655 
s 120
f 659//659 660//660 658//658 657//657 
s 153
f 661//661 662//662 660//660 659//659 
s 17
f 663//663 664//664 662//662 661//661 
s 1
f 665//665 666//666 664//664 663//663 
s 5
f 667//667 668//668 666//666 665//665 
s 12
f 669//669 670//670 668//668 667//667 
s 56
f 671//671 672//672 670//670 669//669 
s 89
f 652//652 651//651 672//672 671//671 
s 209
f 673//673 649//649 652//652 674//674 
s 1
f 675//675 653//653 649//649 673//673 
s 5
f 676//676 655//655 653//653 675//675 
s 100
f 677//677 657//657 655//655 676//676 
s 739
f 678//678 659//659 657//657 677//677 
s 897
f 679//679 661//661 659//659 678//678 
s 657
f 680//680 663//663 661//661 679//679 
s 1
f 681//681 665//665 663//663 680//680 
s 5
f 682//682 667//667 665//665 681//681 
s 36
f 683//683 669//669 667//667 682//682 
s 99
f 684//684 671//671 669//669 683//683 
s 192
f 674//674 652//652 671//671 684//684 
s 193
f 685//685 673//673 674//674 686//686 
s 1
f 687//687 675//675 673//673 685//685 
s 5
f 688//688 676//676 675//675 687//687 
s 7
f 689//689 677//677 676//676 688//688 
s 771
f 690//690 678//678 677//677 689//689 
s 768
f 691//691 679//679 678//678 690//690 
s 897
f 692//692 680//680 679//679 691//691 
s 1
f 693//693 681//681 680//680 692//692 
s 5
f 694//694 682//682 681//681 693//693 
s 7
f 695//695 683//683 682//682 694//694 
s 131
f 696//696 684//684 683//683 695//695 
s 128
f 686//686 674//674 684//684 696//696 
s 129
f 697//697 685//685 686//686 698//698 
s 1
f 699//699 687//687 685//685 697//697 
f 700//700 688//688 687//687 699//699 
s 3
f 701//701 689//689 688//688 700//700 
s 259
f 702//702 690//690 689//689 701//701 
s 771
f 703//703 691//691 690//690 702//702 
s 769
f 704//704 692//692 691//691 703//703 
s 1
f 705//705 693//693 692//692 704//704 
f 706//706 694//694 693//693 705//705 
s 3
f 707//707 695//695 694//694 706//706 
s 131
f 708//708 696//696 695//695 707//707 
f 698//698 686//686 696//696 708//708 
s 1
f 709//709 697//697 698//698 710//710 
f 711//711 699//699 697//697 709//709 
f 712//712 700//700 699//699 711//711 
f 713//713 701//701 700//700 712//712 
f 714//714 702//702 701//701 713//713 
f 715//715 703//703 702//702 714//714 
f 716//716 704//704 703//703 715//715 
f 717//717 705//705 704//704 716//716 
f 718//718 706//706 705//705 717//717 
f 719//719 707//707 706//706 718//718 
f 720//720 708//708 707//707 719//719 
f 710//710 698//698 708//708 720//720 
f 721//721 709//709 710//710 722//722 
f 723//723 711//711 709//709 721//721 
f 724//724 712//712 711//711 723//723 
f 725//725 713//713 712//712 724//724 
f 726//726 714//714 713//713 725//725 
f 727//727 715//715 714//714 726//726 
f 728//728 716//716 715//715 727//727 
f 729//729 717//717 716//716 728//728 
f 730//730 718//718 717//717 729//729 
f 731//731 719//719 718//718 730//730 
f 732//732 720//720 719//719 731//731 
f 722//722 710//710 720//720 732//732 
f 733//733 721//721 722//722 734//734 
f 735//735 723//723 721//721 733//733 
f 736//736 724//724 723//723 735//735 
f 737//737 725//725 724//724 736//736 
f 738//738 726//726 725//725 737//737 
f 739//739 727//727 726//726 738//738 
f 740//740 728//728 727//727 739//739 
f 741//741 729//729 728//728 740//740 
f 742//742 730//730 729//729 741//741 
f 743//743 731//731 730//730 742//742 
f 744//744 732//732 731//731 743//743 
f 734//734 722//722 732//732 744//744 
s 2
f 670//670 672//672 651//651 668//668 
f 666//666 668//668 651//651 664//664 
f 662//662 664//664 651//651 660//660 
f 658//658 660//660 651//651 656//656 
f 654//654 656//656 651//651 650//650 
f 735//735 733//733 734//734 
f 736//736 735//735 734//734 737//737 
f 734//734 743//743 742//742 741//741 
f 734//734 741//741 740//740 739//739 
f 734//734 739//739 738//738 737//737 
f 744//744 743//743 734//734 
# 93 polygons - 2 triangles

#
# object Sphere005
#

v  0.1049 0.5387 4.1949
v  0.0475 0.4911 4.1910
v  0.0443 0.5011 4.2169
v  0.0514 0.5140 4.2407
v  0.0676 0.5279 4.2587
v  0.0906 0.5406 4.2681
v  0.1168 0.5503 4.2676
v  0.1423 0.5553 4.2573
v  0.1631 0.5551 4.2387
v  0.1761 0.5496 4.2146
v  0.1793 0.5396 4.1887
v  0.1722 0.5267 4.1649
v  0.1559 0.5128 4.1470
v  0.1330 0.5001 4.1375
v  0.1067 0.4904 4.1380
v  0.0813 0.4853 4.1483
v  0.0605 0.4856 4.1669
v  0.0127 0.4139 4.2037
v  0.0068 0.4324 4.2516
v  0.0198 0.4563 4.2954
v  0.0499 0.4819 4.3286
v  0.0924 0.5054 4.3461
v  0.1408 0.5233 4.3453
v  0.1878 0.5327 4.3261
v  0.2262 0.5322 4.2917
v  0.2503 0.5220 4.2472
v  0.2562 0.5035 4.1993
v  0.2431 0.4797 4.1554
v  0.2131 0.4540 4.1222
v  0.1706 0.4305 4.1047
v  0.1221 0.4127 4.1056
v  0.0751 0.4033 4.1247
v  0.0367 0.4037 4.1592
v  0.0057 0.3190 4.2309
v  -0.0020 0.3431 4.2934
v  0.0150 0.3743 4.3507
v  0.0543 0.4078 4.3941
v  0.1098 0.4385 4.4170
v  0.1731 0.4618 4.4159
v  0.2345 0.4741 4.3909
v  0.2848 0.4736 4.3459
v  0.3161 0.4602 4.2877
v  0.3239 0.4361 4.2252
v  0.3068 0.4049 4.1679
v  0.2675 0.3714 4.1245
v  0.2120 0.3406 4.1016
v  0.1487 0.3174 4.1027
v  0.0873 0.3051 4.1277
v  0.0371 0.3056 4.1727
v  0.0277 0.2207 4.2685
v  0.0193 0.2468 4.3362
v  0.0378 0.2806 4.3982
v  0.0803 0.3169 4.4452
v  0.1404 0.3501 4.4699
v  0.2089 0.3753 4.4687
v  0.2753 0.3887 4.4417
v  0.3297 0.3880 4.3930
v  0.3637 0.3736 4.3300
v  0.3720 0.3475 4.2623
v  0.3536 0.3137 4.2003
v  0.3111 0.2774 4.1533
v  0.2510 0.2442 4.1286
v  0.1825 0.2190 4.1298
v  0.1160 0.2057 4.1568
v  0.0616 0.2063 4.2056
v  0.0752 0.1341 4.3108
v  0.0675 0.1582 4.3733
v  0.0845 0.1894 4.4306
v  0.1238 0.2229 4.4740
v  0.1793 0.2537 4.4969
v  0.2426 0.2770 4.4958
v  0.3040 0.2892 4.4708
v  0.3542 0.2887 4.4258
v  0.3856 0.2753 4.3676
v  0.3934 0.2512 4.3051
v  0.3763 0.2200 4.2478
v  0.3370 0.1865 4.2044
v  0.2815 0.1558 4.1815
v  0.2182 0.1325 4.1827
v  0.1568 0.1202 4.2076
v  0.1066 0.1208 4.2526
v  0.1411 0.0723 4.3514
v  0.1352 0.0908 4.3992
v  0.1482 0.1146 4.4431
v  0.1783 0.1403 4.4763
v  0.2208 0.1638 4.4938
v  0.2692 0.1816 4.4929
v  0.3162 0.1910 4.4738
v  0.3546 0.1906 4.4393
v  0.3787 0.1804 4.3948
v  0.3846 0.1619 4.3470
v  0.3715 0.1381 4.3031
v  0.3415 0.1124 4.2699
v  0.2990 0.0889 4.2524
v  0.2505 0.0711 4.2533
v  0.2035 0.0616 4.2724
v  0.1651 0.0621 4.3068
v  0.2153 0.0447 4.3840
v  0.2121 0.0547 4.4098
v  0.2191 0.0676 4.4336
v  0.2354 0.0815 4.4516
v  0.2584 0.0943 4.4610
v  0.2846 0.1039 4.4606
v  0.3100 0.1090 4.4502
v  0.3308 0.1088 4.4316
v  0.3438 0.1032 4.4075
v  0.3470 0.0932 4.3816
v  0.3400 0.0803 4.3578
v  0.3237 0.0664 4.3399
v  0.3007 0.0537 4.3304
v  0.2745 0.0441 4.3309
v  0.2491 0.0390 4.3412
v  0.2283 0.0392 4.3598
v  0.2865 0.0556 4.4037
# 114 vertices

vn -0.3261 0.8678 -0.3750
vn -0.6604 0.6295 -0.4094
vn -0.6785 0.6857 -0.2636
vn -0.6387 0.7584 -0.1300
vn -0.5471 0.8366 -0.0288
vn -0.4176 0.9083 0.0246
vn -0.2701 0.9626 0.0219
vn -0.1268 0.9913 -0.0364
vn -0.0097 0.9899 -0.1413
vn 0.0635 0.9588 -0.2770
vn 0.0815 0.9025 -0.4228
vn 0.0417 0.8298 -0.5565
vn -0.0499 0.7517 -0.6577
vn -0.1793 0.6800 -0.7110
vn -0.3269 0.6257 -0.7083
vn -0.4701 0.5970 -0.6501
vn -0.5873 0.5983 -0.5451
vn -0.8722 0.3096 -0.3787
vn -0.9044 0.4099 -0.1188
vn -0.8334 0.5396 0.1196
vn -0.6701 0.6789 0.3001
vn -0.4392 0.8068 0.3952
vn -0.1760 0.9037 0.3904
vn 0.0794 0.9548 0.2865
vn 0.2883 0.9524 0.0993
vn 0.4188 0.8968 -0.1427
vn 0.4509 0.7966 -0.4027
vn 0.3800 0.6669 -0.6410
vn 0.2166 0.5275 -0.8215
vn -0.0142 0.3996 -0.9166
vn -0.2774 0.3028 -0.9118
vn -0.5329 0.2517 -0.8079
vn -0.7417 0.2541 -0.6207
vn -0.9547 -0.0539 -0.2926
vn -0.9962 0.0755 0.0427
vn -0.9047 0.2427 0.3502
vn -0.6940 0.4225 0.5830
vn -0.3962 0.5875 0.7056
vn -0.0567 0.7124 0.6995
vn 0.2728 0.7783 0.5655
vn 0.5422 0.7752 0.3240
vn 0.7105 0.7036 0.0118
vn 0.7520 0.5743 -0.3235
vn 0.6605 0.4070 -0.6310
vn 0.4498 0.2272 -0.8638
vn 0.1520 0.0623 -0.9864
vn -0.1875 -0.0627 -0.9803
vn -0.5170 -0.1286 -0.8463
vn -0.7864 -0.1255 -0.6048
vn -0.8979 -0.4084 -0.1642
vn -0.9427 -0.2690 0.1975
vn -0.8440 -0.0885 0.5290
vn -0.6167 0.1053 0.7801
vn -0.2956 0.2832 0.9124
vn 0.0705 0.4179 0.9057
vn 0.4259 0.4890 0.7612
vn 0.7164 0.4857 0.5008
vn 0.8979 0.4084 0.1642
vn 0.9427 0.2690 -0.1975
vn 0.8440 0.0885 -0.5290
vn 0.6167 -0.1053 -0.7801
vn 0.2956 -0.2832 -0.9124
vn -0.0705 -0.4179 -0.9057
vn -0.4259 -0.4890 -0.7612
vn -0.7164 -0.4857 -0.5008
vn -0.7105 -0.7036 -0.0118
vn -0.7520 -0.5743 0.3235
vn -0.6605 -0.4070 0.6310
vn -0.4498 -0.2272 0.8638
vn -0.1520 -0.0623 0.9864
vn 0.1875 0.0627 0.9803
vn 0.5170 0.1286 0.8463
vn 0.7864 0.1255 0.6048
vn 0.9547 0.0539 0.2926
vn 0.9962 -0.0755 -0.0427
vn 0.9047 -0.2427 -0.3502
vn 0.6940 -0.4225 -0.5830
vn 0.3962 -0.5875 -0.7056
vn 0.0567 -0.7124 -0.6995
vn -0.2728 -0.7783 -0.5655
vn -0.5422 -0.7752 -0.3240
vn -0.4188 -0.8968 0.1427
vn -0.4509 -0.7966 0.4027
vn -0.3800 -0.6669 0.6410
vn -0.2166 -0.5275 0.8215
vn 0.0142 -0.3996 0.9166
vn 0.2774 -0.3028 0.9118
vn 0.5329 -0.2517 0.8079
vn 0.7417 -0.2541 0.6207
vn 0.8722 -0.3096 0.3787
vn 0.9044 -0.4099 0.1188
vn 0.8334 -0.5396 -0.1196
vn 0.6701 -0.6789 -0.3001
vn 0.4392 -0.8068 -0.3952
vn 0.1760 -0.9037 -0.3904
vn -0.0794 -0.9548 -0.2865
vn -0.2883 -0.9524 -0.0993
vn -0.0635 -0.9588 0.2770
vn -0.0815 -0.9025 0.4228
vn -0.0417 -0.8298 0.5565
vn 0.0499 -0.7517 0.6577
vn 0.1793 -0.6800 0.7110
vn 0.3269 -0.6257 0.7083
vn 0.4701 -0.5970 0.6501
vn 0.5873 -0.5983 0.5451
vn 0.6604 -0.6295 0.4094
vn 0.6785 -0.6857 0.2636
vn 0.6387 -0.7584 0.1300
vn 0.5471 -0.8366 0.0288
vn 0.4176 -0.9083 -0.0246
vn 0.2701 -0.9626 -0.0219
vn 0.1268 -0.9913 0.0364
vn 0.0097 -0.9899 0.1413
vn 0.3261 -0.8678 0.3750
# 114 vertex normals

vt 0.0000 1.0000 0.0000
vt 0.0000 0.8750 0.0000
vt 0.0625 0.8750 0.0000
vt 0.0625 1.0000 0.0000
vt 0.1250 0.8750 0.0000
vt 0.1250 1.0000 0.0000
vt 0.1875 0.8750 0.0000
vt 0.1875 1.0000 0.0000
vt 0.2500 0.8750 0.0000
vt 0.2500 1.0000 0.0000
vt 0.3125 0.8750 0.0000
vt 0.3125 1.0000 0.0000
vt 0.3750 0.8750 0.0000
vt 0.3750 1.0000 0.0000
vt 0.4375 0.8750 0.0000
vt 0.4375 1.0000 0.0000
vt 0.5000 0.8750 0.0000
vt 0.5000 1.0000 0.0000
vt 0.5625 0.8750 0.0000
vt 0.5625 1.0000 0.0000
vt 0.6250 0.8750 0.0000
vt 0.6250 1.0000 0.0000
vt 0.6875 0.8750 0.0000
vt 0.6875 1.0000 0.0000
vt 0.7500 0.8750 0.0000
vt 0.7500 1.0000 0.0000
vt 0.8125 0.8750 0.0000
vt 0.8125 1.0000 0.0000
vt 0.8750 0.8750 0.0000
vt 0.8750 1.0000 0.0000
vt 0.9375 0.8750 0.0000
vt 0.9375 1.0000 0.0000
vt 1.0000 0.8750 0.0000
vt 0.0000 0.7500 0.0000
vt 0.0625 0.7500 0.0000
vt 0.1250 0.7500 0.0000
vt 0.1875 0.7500 0.0000
vt 0.2500 0.7500 0.0000
vt 0.3125 0.7500 0.0000
vt 0.3750 0.7500 0.0000
vt 0.4375 0.7500 0.0000
vt 0.5000 0.7500 0.0000
vt 0.5625 0.7500 0.0000
vt 0.6250 0.7500 0.0000
vt 0.6875 0.7500 0.0000
vt 0.7500 0.7500 0.0000
vt 0.8125 0.7500 0.0000
vt 0.8750 0.7500 0.0000
vt 0.9375 0.7500 0.0000
vt 1.0000 0.7500 0.0000
vt 0.0000 0.6250 0.0000
vt 0.0625 0.6250 0.0000
vt 0.1250 0.6250 0.0000
vt 0.1875 0.6250 0.0000
vt 0.2500 0.6250 0.0000
vt 0.3125 0.6250 0.0000
vt 0.3750 0.6250 0.0000
vt 0.4375 0.6250 0.0000
vt 0.5000 0.6250 0.0000
vt 0.5625 0.6250 0.0000
vt 0.6250 0.6250 0.0000
vt 0.6875 0.6250 0.0000
vt 0.7500 0.6250 0.0000
vt 0.8125 0.6250 0.0000
vt 0.8750 0.6250 0.0000
vt 0.9375 0.6250 0.0000
vt 1.0000 0.6250 0.0000
vt 0.0000 0.5000 0.0000
vt 0.0625 0.5000 0.0000
vt 0.1250 0.5000 0.0000
vt 0.1875 0.5000 0.0000
vt 0.2500 0.5000 0.0000
vt 0.3125 0.5000 0.0000
vt 0.3750 0.5000 0.0000
vt 0.4375 0.5000 0.0000
vt 0.5000 0.5000 0.0000
vt 0.5625 0.5000 0.0000
vt 0.6250 0.5000 0.0000
vt 0.6875 0.5000 0.0000
vt 0.7500 0.5000 0.0000
vt 0.8125 0.5000 0.0000
vt 0.8750 0.5000 0.0000
vt 0.9375 0.5000 0.0000
vt 1.0000 0.5000 0.0000
vt 0.0000 0.3750 0.0000
vt 0.0625 0.3750 0.0000
vt 0.1250 0.3750 0.0000
vt 0.1875 0.3750 0.0000
vt 0.2500 0.3750 0.0000
vt 0.3125 0.3750 0.0000
vt 0.3750 0.3750 0.0000
vt 0.4375 0.3750 0.0000
vt 0.5000 0.3750 0.0000
vt 0.5625 0.3750 0.0000
vt 0.6250 0.3750 0.0000
vt 0.6875 0.3750 0.0000
vt 0.7500 0.3750 0.0000
vt 0.8125 0.3750 0.0000
vt 0.8750 0.3750 0.0000
vt 0.9375 0.3750 0.0000
vt 1.0000 0.3750 0.0000
vt 0.0000 0.2500 0.0000
vt 0.0625 0.2500 0.0000
vt 0.1250 0.2500 0.0000
vt 0.1875 0.2500 0.0000
vt 0.2500 0.2500 0.0000
vt 0.3125 0.2500 0.0000
vt 0.3750 0.2500 0.0000
vt 0.4375 0.2500 0.0000
vt 0.5000 0.2500 0.0000
vt 0.5625 0.2500 0.0000
vt 0.6250 0.2500 0.0000
vt 0.6875 0.2500 0.0000
vt 0.7500 0.2500 0.0000
vt 0.8125 0.2500 0.0000
vt 0.8750 0.2500 0.0000
vt 0.9375 0.2500 0.0000
vt 1.0000 0.2500 0.0000
vt 0.0000 0.1250 0.0000
vt 0.0625 0.1250 0.0000
vt 0.1250 0.1250 0.0000
vt 0.1875 0.1250 0.0000
vt 0.2500 0.1250 0.0000
vt 0.3125 0.1250 0.0000
vt 0.3750 0.1250 0.0000
vt 0.4375 0.1250 0.0000
vt 0.5000 0.1250 0.0000
vt 0.5625 0.1250 0.0000
vt 0.6250 0.1250 0.0000
vt 0.6875 0.1250 0.0000
vt 0.7500 0.1250 0.0000
vt 0.8125 0.1250 0.0000
vt 0.8750 0.1250 0.0000
vt 0.9375 0.1250 0.0000
vt 1.0000 0.1250 0.0000
vt 0.0000 0.0000 0.0000
vt 0.0625 0.0000 0.0000
vt 0.1250 0.0000 0.0000
vt 0.1875 0.0000 0.0000
vt 0.2500 0.0000 0.0000
vt 0.3125 0.0000 0.0000
vt 0.3750 0.0000 0.0000
vt 0.4375 0.0000 0.0000
vt 0.5000 0.0000 0.0000
vt 0.5625 0.0000 0.0000
vt 0.6250 0.0000 0.0000
vt 0.6875 0.0000 0.0000
vt 0.7500 0.0000 0.0000
vt 0.8125 0.0000 0.0000
vt 0.8750 0.0000 0.0000
vt 0.9375 0.0000 0.0000
# 151 texture coords

o Sphere005
g Sphere005
usemtl wire_224086086
s 1
f 745/605/745 746/606/746 747/607/747 
f 745/608/745 747/607/747 748/609/748 
f 745/610/745 748/609/748 749/611/749 
f 745/612/745 749/611/749 750/613/750 
f 745/614/745 750/613/750 751/615/751 
f 745/616/745 751/615/751 752/617/752 
f 745/618/745 752/617/752 753/619/753 
f 745/620/745 753/619/753 754/621/754 
f 745/622/745 754/621/754 755/623/755 
f 745/624/745 755/623/755 756/625/756 
f 745/626/745 756/625/756 757/627/757 
f 745/628/745 757/627/757 758/629/758 
f 745/630/745 758/629/758 759/631/759 
f 745/632/745 759/631/759 760/633/760 
f 745/634/745 760/633/760 761/635/761 
f 745/636/745 761/635/761 746/637/746 
f 746/606/746 762/638/762 763/639/763 747/607/747 
f 747/607/747 763/639/763 764/640/764 748/609/748 
f 748/609/748 764/640/764 765/641/765 749/611/749 
f 749/611/749 765/641/765 766/642/766 750/613/750 
f 750/613/750 766/642/766 767/643/767 751/615/751 
f 751/615/751 767/643/767 768/644/768 752/617/752 
f 752/617/752 768/644/768 769/645/769 753/619/753 
f 753/619/753 769/645/769 770/646/770 754/621/754 
f 754/621/754 770/646/770 771/647/771 755/623/755 
f 755/623/755 771/647/771 772/648/772 756/625/756 
f 756/625/756 772/648/772 773/649/773 757/627/757 
f 757/627/757 773/649/773 774/650/774 758/629/758 
f 758/629/758 774/650/774 775/651/775 759/631/759 
f 759/631/759 775/651/775 776/652/776 760/633/760 
f 760/633/760 776/652/776 777/653/777 761/635/761 
f 761/635/761 777/653/777 762/654/762 746/637/746 
f 762/638/762 778/655/778 779/656/779 763/639/763 
f 763/639/763 779/656/779 780/657/780 764/640/764 
f 764/640/764 780/657/780 781/658/781 765/641/765 
f 765/641/765 781/658/781 782/659/782 766/642/766 
f 766/642/766 782/659/782 783/660/783 767/643/767 
f 767/643/767 783/660/783 784/661/784 768/644/768 
f 768/644/768 784/661/784 785/662/785 769/645/769 
f 769/645/769 785/662/785 786/663/786 770/646/770 
f 770/646/770 786/663/786 787/664/787 771/647/771 
f 771/647/771 787/664/787 788/665/788 772/648/772 
f 772/648/772 788/665/788 789/666/789 773/649/773 
f 773/649/773 789/666/789 790/667/790 774/650/774 
f 774/650/774 790/667/790 791/668/791 775/651/775 
f 775/651/775 791/668/791 792/669/792 776/652/776 
f 776/652/776 792/669/792 793/670/793 777/653/777 
f 777/653/777 793/670/793 778/671/778 762/654/762 
f 778/655/778 794/672/794 795/673/795 779/656/779 
f 779/656/779 795/673/795 796/674/796 780/657/780 
f 780/657/780 796/674/796 797/675/797 781/658/781 
f 781/658/781 797/675/797 798/676/798 782/659/782 
f 782/659/782 798/676/798 799/677/799 783/660/783 
f 783/660/783 799/677/799 800/678/800 784/661/784 
f 784/661/784 800/678/800 801/679/801 785/662/785 
f 785/662/785 801/679/801 802/680/802 786/663/786 
f 786/663/786 802/680/802 803/681/803 787/664/787 
f 787/664/787 803/681/803 804/682/804 788/665/788 
f 788/665/788 804/682/804 805/683/805 789/666/789 
f 789/666/789 805/683/805 806/684/806 790/667/790 
f 790/667/790 806/684/806 807/685/807 791/668/791 
f 791/668/791 807/685/807 808/686/808 792/669/792 
f 792/669/792 808/686/808 809/687/809 793/670/793 
f 793/670/793 809/687/809 794/688/794 778/671/778 
f 794/672/794 810/689/810 811/690/811 795/673/795 
f 795/673/795 811/690/811 812/691/812 796/674/796 
f 796/674/796 812/691/812 813/692/813 797/675/797 
f 797/675/797 813/692/813 814/693/814 798/676/798 
f 798/676/798 814/693/814 815/694/815 799/677/799 
f 799/677/799 815/694/815 816/695/816 800/678/800 
f 800/678/800 816/695/816 817/696/817 801/679/801 
f 801/679/801 817/696/817 818/697/818 802/680/802 
f 802/680/802 818/697/818 819/698/819 803/681/803 
f 803/681/803 819/698/819 820/699/820 804/682/804 
f 804/682/804 820/699/820 821/700/821 805/683/805 
f 805/683/805 821/700/821 822/701/822 806/684/806 
f 806/684/806 822/701/822 823/702/823 807/685/807 
f 807/685/807 823/702/823 824/703/824 808/686/808 
f 808/686/808 824/703/824 825/704/825 809/687/809 
f 809/687/809 825/704/825 810/705/810 794/688/794 
f 810/689/810 826/706/826 827/707/827 811/690/811 
f 811/690/811 827/707/827 828/708/828 812/691/812 
f 812/691/812 828/708/828 829/709/829 813/692/813 
f 813/692/813 829/709/829 830/710/830 814/693/814 
f 814/693/814 830/710/830 831/711/831 815/694/815 
f 815/694/815 831/711/831 832/712/832 816/695/816 
f 816/695/816 832/712/832 833/713/833 817/696/817 
f 817/696/817 833/713/833 834/714/834 818/697/818 
f 818/697/818 834/714/834 835/715/835 819/698/819 
f 819/698/819 835/715/835 836/716/836 820/699/820 
f 820/699/820 836/716/836 837/717/837 821/700/821 
f 821/700/821 837/717/837 838/718/838 822/701/822 
f 822/701/822 838/718/838 839/719/839 823/702/823 
f 823/702/823 839/719/839 840/720/840 824/703/824 
f 824/703/824 840/720/840 841/721/841 825/704/825 
f 825/704/825 841/721/841 826/722/826 810/705/810 
f 826/706/826 842/723/842 843/724/843 827/707/827 
f 827/707/827 843/724/843 844/725/844 828/708/828 
f 828/708/828 844/725/844 845/726/845 829/709/829 
f 829/709/829 845/726/845 846/727/846 830/710/830 
f 830/710/830 846/727/846 847/728/847 831/711/831 
f 831/711/831 847/728/847 848/729/848 832/712/832 
f 832/712/832 848/729/848 849/730/849 833/713/833 
f 833/713/833 849/730/849 850/731/850 834/714/834 
f 834/714/834 850/731/850 851/732/851 835/715/835 
f 835/715/835 851/732/851 852/733/852 836/716/836 
f 836/716/836 852/733/852 853/734/853 837/717/837 
f 837/717/837 853/734/853 854/735/854 838/718/838 
f 838/718/838 854/735/854 855/736/855 839/719/839 
f 839/719/839 855/736/855 856/737/856 840/720/840 
f 840/720/840 856/737/856 857/738/857 841/721/841 
f 841/721/841 857/738/857 842/739/842 826/722/826 
f 858/740/858 843/724/843 842/723/842 
f 858/741/858 844/725/844 843/724/843 
f 858/742/858 845/726/845 844/725/844 
f 858/743/858 846/727/846 845/726/845 
f 858/744/858 847/728/847 846/727/846 
f 858/745/858 848/729/848 847/728/847 
f 858/746/858 849/730/849 848/729/848 
f 858/747/858 850/731/850 849/730/849 
f 858/748/858 851/732/851 850/731/850 
f 858/749/858 852/733/852 851/732/851 
f 858/750/858 853/734/853 852/733/852 
f 858/751/858 854/735/854 853/734/853 
f 858/752/858 855/736/855 854/735/854 
f 858/753/858 856/737/856 855/736/855 
f 858/754/858 857/738/857 856/737/856 
f 858/755/858 842/739/842 857/738/857 
# 96 polygons - 32 triangles

#
# object Line004
#

v  0.1213 0.5245 4.2230
v  0.1251 0.5182 4.2388
v  0.1275 0.5092 4.2347
v  0.1231 0.5167 4.2158
v  0.1149 0.5298 4.2293
v  0.1181 0.5245 4.2429
v  0.1055 0.5314 4.2330
v  0.1085 0.5263 4.2459
v  0.0956 0.5286 4.2330
v  0.0989 0.5232 4.2469
v  0.0879 0.5224 4.2295
v  0.0918 0.5160 4.2458
v  0.0845 0.5143 4.2233
v  0.0891 0.5066 4.2428
v  0.0862 0.5065 4.2161
v  0.0915 0.4976 4.2386
v  0.0926 0.5012 4.2098
v  0.0985 0.4914 4.2345
v  0.1020 0.4996 4.2061
v  0.1080 0.4896 4.2316
v  0.1119 0.5023 4.2061
v  0.1177 0.4927 4.2305
v  0.1196 0.5086 4.2096
v  0.1248 0.4999 4.2317
v  0.1182 0.5454 4.2112
v  0.1193 0.5416 4.2017
v  0.1122 0.5479 4.2191
v  0.1029 0.5486 4.2232
v  0.0928 0.5471 4.2226
v  0.0846 0.5439 4.2173
v  0.0806 0.5399 4.2088
v  0.0817 0.5361 4.1993
v  0.0877 0.5335 4.1914
v  0.0970 0.5329 4.1873
v  0.1070 0.5344 4.1879
v  0.1152 0.5375 4.1932
v  0.1149 0.5812 4.2012
v  0.1159 0.5791 4.1912
v  0.1090 0.5826 4.2094
v  0.0998 0.5829 4.2137
v  0.0897 0.5819 4.2129
v  0.0814 0.5799 4.2072
v  0.0772 0.5776 4.1983
v  0.0782 0.5754 4.1883
v  0.0840 0.5740 4.1801
v  0.0933 0.5738 4.1759
v  0.1034 0.5748 4.1766
v  0.1117 0.5767 4.1823
v  0.1118 0.6252 4.1935
v  0.1128 0.6237 4.1834
v  0.1060 0.6261 4.2018
v  0.0968 0.6261 4.2061
v  0.0866 0.6253 4.2053
v  0.0783 0.6238 4.1996
v  0.0741 0.6221 4.1905
v  0.0750 0.6206 4.1804
v  0.0808 0.6197 4.1721
v  0.0901 0.6197 4.1678
v  0.1002 0.6205 4.1686
v  0.1085 0.6220 4.1743
v  0.1087 0.6713 4.1873
v  0.1097 0.6700 4.1772
v  0.1029 0.6720 4.1956
v  0.0937 0.6720 4.1999
v  0.0836 0.6711 4.1991
v  0.0752 0.6697 4.1934
v  0.0710 0.6682 4.1843
v  0.0719 0.6669 4.1742
v  0.0777 0.6662 4.1659
v  0.0869 0.6663 4.1615
v  0.0971 0.6671 4.1623
v  0.1054 0.6685 4.1681
v  0.1054 0.7144 4.1814
v  0.1063 0.7129 4.1714
v  0.0996 0.7152 4.1897
v  0.0904 0.7151 4.1941
v  0.0802 0.7140 4.1933
v  0.0720 0.7123 4.1876
v  0.0677 0.7104 4.1786
v  0.0686 0.7089 4.1685
v  0.0745 0.7081 4.1602
v  0.0837 0.7083 4.1559
v  0.0938 0.7093 4.1567
v  0.1021 0.7110 4.1623
v  0.1017 0.7484 4.1750
v  0.1026 0.7466 4.1650
v  0.0958 0.7493 4.1833
v  0.0866 0.7491 4.1877
v  0.0765 0.7479 4.1869
v  0.0683 0.7459 4.1813
v  0.0640 0.7437 4.1723
v  0.0650 0.7420 4.1623
v  0.0709 0.7410 4.1540
v  0.0801 0.7412 4.1496
v  0.0901 0.7425 4.1504
v  0.0984 0.7444 4.1560
# 96 vertices

vn 0.9162 0.3854 0.1100
vn 0.7851 0.1625 0.5977
vn 0.8794 -0.1834 0.4393
vn 0.9739 0.0166 -0.2262
vn 0.5990 0.6707 0.4375
vn 0.5180 0.4023 0.7549
vn 0.0750 0.7602 0.6453
vn 0.1495 0.4716 0.8691
vn -0.4700 0.6040 0.6436
vn -0.2215 0.3520 0.9094
vn -0.8456 0.2806 0.4540
vn -0.4957 0.0755 0.8652
vn -0.9826 -0.0965 0.1586
vn -0.5996 -0.2839 0.7482
vn -0.8794 -0.4444 -0.1707
vn -0.5053 -0.6298 0.5899
vn -0.5558 -0.6894 -0.4646
vn -0.2382 -0.8696 0.4326
vn -0.0805 -0.7606 -0.6442
vn 0.1303 -0.9389 0.3185
vn 0.4148 -0.6321 -0.6545
vn 0.5014 -0.8193 0.2781
vn 0.7936 -0.3474 -0.4995
vn 0.7756 -0.5427 0.3224
vn 0.9327 0.2276 0.2799
vn 0.9796 0.0347 -0.1982
vn 0.6299 0.3608 0.6878
vn 0.1478 0.3943 0.9070
vn -0.3755 0.3169 0.8710
vn -0.7894 0.1527 0.5945
vn -0.9855 -0.0505 0.1618
vn -0.9204 -0.2386 -0.3099
vn -0.6151 -0.3639 -0.6994
vn -0.1492 -0.3944 -0.9067
vn 0.3555 -0.3220 -0.8775
vn 0.7674 -0.1656 -0.6194
vn 0.9366 0.1470 0.3180
vn 0.9818 0.0363 -0.1863
vn 0.6380 0.2184 0.7384
vn 0.1649 0.2306 0.9590
vn -0.3531 0.1799 0.9181
vn -0.7739 0.0806 0.6282
vn -0.9846 -0.0401 0.1704
vn -0.9317 -0.1496 -0.3311
vn -0.6317 -0.2191 -0.7436
vn -0.1650 -0.2306 -0.9589
vn 0.3453 -0.1812 -0.9208
vn 0.7648 -0.0837 -0.6389
vn 0.9375 0.1152 0.3284
vn 0.9825 0.0393 -0.1818
vn 0.6404 0.1603 0.7511
vn 0.1704 0.1622 0.9719
vn -0.3456 0.1204 0.9306
vn -0.7681 0.0461 0.6387
vn -0.9837 -0.0404 0.1755
vn -0.9354 -0.1159 -0.3340
vn -0.6374 -0.1605 -0.7536
vn -0.1698 -0.1622 -0.9721
vn 0.3431 -0.1207 -0.9315
vn 0.7647 -0.0470 -0.6427
vn 0.9368 0.1122 0.3315
vn 0.9826 0.0468 -0.1795
vn 0.6402 0.1477 0.7539
vn 0.1722 0.1436 0.9745
vn -0.3422 0.1011 0.9342
vn -0.7649 0.0314 0.6433
vn -0.9826 -0.0467 0.1798
vn -0.9366 -0.1123 -0.3320
vn -0.6392 -0.1477 -0.7547
vn -0.1706 -0.1435 -0.9748
vn 0.3436 -0.1009 -0.9337
vn 0.7656 -0.0312 -0.6425
vn 0.9333 0.1408 0.3303
vn 0.9821 0.0632 -0.1775
vn 0.6364 0.1808 0.7498
vn 0.1706 0.1729 0.9701
vn -0.3409 0.1189 0.9326
vn -0.7622 0.0332 0.6465
vn -0.9805 -0.0615 0.1867
vn -0.9355 -0.1400 -0.3244
vn -0.6377 -0.1808 -0.7488
vn -0.1671 -0.1726 -0.9707
vn 0.3482 -0.1178 -0.9300
vn 0.7686 -0.0314 -0.6390
vn 0.6354 0.7621 0.1243
vn 0.6720 0.6935 -0.2599
vn 0.4098 0.7975 0.4428
vn 0.0555 0.7902 0.6103
vn -0.3324 0.7422 0.5820
vn -0.6501 0.6662 0.3654
vn -0.8124 0.5828 0.0185
vn -0.7759 0.5141 -0.3656
vn -0.5503 0.4787 -0.6841
vn -0.1960 0.4860 -0.8517
vn 0.1919 0.5341 -0.8233
vn 0.5096 0.6100 -0.6067
# 96 vertex normals

o Line004
g Line004
usemtl wire_153228214
s 5
f 859//859 860//860 861//861 862//862 
s 12
f 863//863 864//864 860//860 859//859 
s 93
f 865//865 866//866 864//864 863//863 
s 180
f 867//867 868//868 866//866 865//865 
s 293
f 869//869 870//870 868//868 867//867 
s 289
f 871//871 872//872 870//870 869//869 
s 5
f 873//873 874//874 872//872 871//871 
s 12
f 875//875 876//876 874//874 873//873 
s 93
f 877//877 878//878 876//876 875//875 
s 180
f 879//879 880//880 878//878 877//877 
s 293
f 881//881 882//882 880//880 879//879 
s 289
f 862//862 861//861 882//882 881//881 
s 5
f 883//883 859//859 862//862 884//884 
s 69
f 885//885 863//863 859//859 883//883 
s 193
f 886//886 865//865 863//863 885//885 
s 384
f 887//887 867//867 865//865 886//886 
s 256
f 888//888 869//869 867//867 887//887 
s 289
f 889//889 871//871 869//869 888//888 
s 5
f 890//890 873//873 871//871 889//889 
s 69
f 891//891 875//875 873//873 890//890 
s 193
f 892//892 877//877 875//875 891//891 
s 384
f 893//893 879//879 877//877 892//892 
s 256
f 894//894 881//881 879//879 893//893 
s 289
f 884//884 862//862 881//881 894//894 
s 1
f 895//895 883//883 884//884 896//896 
s 65
f 897//897 885//885 883//883 895//895 
s 193
f 898//898 886//886 885//885 897//897 
s 449
f 899//899 887//887 886//886 898//898 
s 385
f 900//900 888//888 887//887 899//899 
s 257
f 901//901 889//889 888//888 900//900 
s 1
f 902//902 890//890 889//889 901//901 
s 65
f 903//903 891//891 890//890 902//902 
s 193
f 904//904 892//892 891//891 903//903 
s 449
f 905//905 893//893 892//892 904//904 
s 385
f 906//906 894//894 893//893 905//905 
s 257
f 896//896 884//884 894//894 906//906 
s 1
f 907//907 895//895 896//896 908//908 
f 909//909 897//897 895//895 907//907 
f 910//910 898//898 897//897 909//909 
f 911//911 899//899 898//898 910//910 
f 912//912 900//900 899//899 911//911 
f 913//913 901//901 900//900 912//912 
f 914//914 902//902 901//901 913//913 
f 915//915 903//903 902//902 914//914 
f 916//916 904//904 903//903 915//915 
f 917//917 905//905 904//904 916//916 
f 918//918 906//906 905//905 917//917 
f 908//908 896//896 906//906 918//918 
f 919//919 907//907 908//908 920//920 
f 921//921 909//909 907//907 919//919 
f 922//922 910//910 909//909 921//921 
f 923//923 911//911 910//910 922//922 
f 924//924 912//912 911//911 923//923 
f 925//925 913//913 912//912 924//924 
f 926//926 914//914 913//913 925//925 
f 927//927 915//915 914//914 926//926 
f 928//928 916//916 915//915 927//927 
f 929//929 917//917 916//916 928//928 
f 930//930 918//918 917//917 929//929 
f 920//920 908//908 918//918 930//930 
f 931//931 919//919 920//920 932//932 
f 933//933 921//921 919//919 931//931 
f 934//934 922//922 921//921 933//933 
f 935//935 923//923 922//922 934//934 
f 936//936 924//924 923//923 935//935 
f 937//937 925//925 924//924 936//936 
f 938//938 926//926 925//925 937//937 
f 939//939 927//927 926//926 938//938 
f 940//940 928//928 927//927 939//939 
f 941//941 929//929 928//928 940//940 
f 942//942 930//930 929//929 941//941 
f 932//932 920//920 930//930 942//942 
f 943//943 931//931 932//932 944//944 
f 945//945 933//933 931//931 943//943 
f 946//946 934//934 933//933 945//945 
f 947//947 935//935 934//934 946//946 
f 948//948 936//936 935//935 947//947 
f 949//949 937//937 936//936 948//948 
f 950//950 938//938 937//937 949//949 
f 951//951 939//939 938//938 950//950 
f 952//952 940//940 939//939 951//951 
f 953//953 941//941 940//940 952//952 
f 954//954 942//942 941//941 953//953 
f 944//944 932//932 942//942 954//954 
s 2
f 880//880 882//882 861//861 878//878 
f 876//876 878//878 861//861 874//874 
f 872//872 874//874 861//861 870//870 
f 868//868 870//870 861//861 866//866 
f 864//864 866//866 861//861 860//860 
f 945//945 943//943 944//944 
f 946//946 945//945 944//944 947//947 
f 944//944 953//953 952//952 951//951 
f 944//944 951//951 950//950 949//949 
f 944//944 949//949 948//948 947//947 
f 954//954 953//953 944//944 
# 93 polygons - 2 triangles

#
# object Sphere006
#

v  0.1146 0.2711 4.0522
v  0.0585 0.2241 4.0674
v  0.0643 0.2338 4.0930
v  0.0791 0.2463 4.1131
v  0.1007 0.2598 4.1247
v  0.1257 0.2722 4.1260
v  0.1504 0.2815 4.1169
v  0.1710 0.2865 4.0987
v  0.1843 0.2862 4.0741
v  0.1884 0.2809 4.0470
v  0.1826 0.2712 4.0215
v  0.1678 0.2587 4.0013
v  0.1463 0.2452 3.9897
v  0.1212 0.2329 3.9884
v  0.0966 0.2235 3.9975
v  0.0760 0.2186 4.0158
v  0.0626 0.2188 4.0403
v  0.0288 0.1472 4.0903
v  0.0395 0.1651 4.1375
v  0.0669 0.1882 4.1747
v  0.1067 0.2131 4.1962
v  0.1529 0.2359 4.1986
v  0.1985 0.2532 4.1817
v  0.2366 0.2624 4.1481
v  0.2612 0.2620 4.1027
v  0.2688 0.2521 4.0526
v  0.2581 0.2342 4.0054
v  0.2307 0.2110 3.9682
v  0.1909 0.1862 3.9468
v  0.1447 0.1633 3.9443
v  0.0991 0.1460 3.9612
v  0.0611 0.1369 3.9949
v  0.0364 0.1373 4.0402
v  0.0300 0.0520 4.1175
v  0.0440 0.0754 4.1792
v  0.0797 0.1056 4.2277
v  0.1317 0.1381 4.2557
v  0.1921 0.1679 4.2590
v  0.2517 0.1905 4.2369
v  0.3014 0.2025 4.1929
v  0.3336 0.2019 4.1337
v  0.3435 0.1890 4.0682
v  0.3295 0.1657 4.0065
v  0.2938 0.1354 3.9580
v  0.2418 0.1029 3.9299
v  0.1814 0.0731 3.9267
v  0.1218 0.0505 3.9488
v  0.0721 0.0385 3.9928
v  0.0399 0.0391 4.0520
v  0.0618 -0.0470 4.1447
v  0.0769 -0.0217 4.2115
v  0.1156 0.0110 4.2640
v  0.1719 0.0462 4.2944
v  0.2373 0.0785 4.2979
v  0.3018 0.1030 4.2740
v  0.3556 0.1159 4.2263
v  0.3905 0.1153 4.1622
v  0.4012 0.1013 4.0914
v  0.3860 0.0760 4.0246
v  0.3474 0.0433 3.9720
v  0.2911 0.0081 3.9417
v  0.2257 -0.0242 3.9382
v  0.1612 -0.0486 3.9621
v  0.1074 -0.0616 4.0097
v  0.0725 -0.0610 4.0739
v  0.1195 -0.1347 4.1679
v  0.1335 -0.1113 4.2296
v  0.1692 -0.0811 4.2781
v  0.2212 -0.0486 4.3061
v  0.2816 -0.0187 4.3094
v  0.3412 0.0039 4.2873
v  0.3909 0.0158 4.2433
v  0.4231 0.0153 4.1841
v  0.4330 0.0023 4.1186
v  0.4190 -0.0210 4.0569
v  0.3833 -0.0513 4.0084
v  0.3313 -0.0838 3.9803
v  0.2709 -0.1136 3.9771
v  0.2113 -0.1362 3.9992
v  0.1616 -0.1481 4.0432
v  0.1293 -0.1476 4.1024
v  0.1942 -0.1977 4.1834
v  0.2049 -0.1798 4.2307
v  0.2322 -0.1567 4.2678
v  0.2720 -0.1318 4.2893
v  0.3183 -0.1090 4.2917
v  0.3639 -0.0917 4.2749
v  0.4019 -0.0826 4.2412
v  0.4266 -0.0830 4.1958
v  0.4341 -0.0929 4.1458
v  0.4234 -0.1107 4.0985
v  0.3961 -0.1339 4.0614
v  0.3563 -0.1588 4.0399
v  0.3101 -0.1816 4.0375
v  0.2644 -0.1989 4.0543
v  0.2264 -0.2080 4.0880
v  0.2017 -0.2076 4.1334
v  0.2746 -0.2265 4.1891
v  0.2804 -0.2169 4.2146
v  0.2952 -0.2043 4.2347
v  0.3167 -0.1909 4.2464
v  0.3417 -0.1785 4.2477
v  0.3664 -0.1692 4.2385
v  0.3870 -0.1642 4.2203
v  0.4004 -0.1644 4.1958
v  0.4044 -0.1698 4.1687
v  0.3986 -0.1795 4.1431
v  0.3839 -0.1920 4.1230
v  0.3623 -0.2055 4.1114
v  0.3373 -0.2178 4.1101
v  0.3126 -0.2272 4.1192
v  0.2920 -0.2321 4.1374
v  0.2787 -0.2319 4.1620
v  0.3484 -0.2167 4.1839
# 114 vertices

vn -0.4200 0.8762 -0.2365
vn -0.7500 0.6421 -0.1590
vn -0.7174 0.6965 -0.0152
vn -0.6340 0.7671 0.0981
vn -0.5127 0.8429 0.1634
vn -0.3718 0.9124 0.1710
vn -0.2329 0.9651 0.1195
vn -0.1170 0.9930 0.0169
vn -0.0418 0.9917 -0.1213
vn -0.0188 0.9616 -0.2739
vn -0.0514 0.9071 -0.4178
vn -0.1347 0.8366 -0.5310
vn -0.2560 0.7608 -0.5964
vn -0.3969 0.6912 -0.6039
vn -0.5359 0.6385 -0.5524
vn -0.6517 0.6107 -0.4498
vn -0.7269 0.6119 -0.3117
vn -0.9440 0.3242 -0.0620
vn -0.8858 0.4213 0.1946
vn -0.7372 0.5471 0.3965
vn -0.5208 0.6823 0.5131
vn -0.2696 0.8063 0.5265
vn -0.0218 0.9003 0.4347
vn 0.1849 0.9500 0.2517
vn 0.3189 0.9478 0.0054
vn 0.3600 0.8940 -0.2668
vn 0.3018 0.7968 -0.5234
vn 0.1533 0.6711 -0.7254
vn -0.0631 0.5359 -0.8419
vn -0.3143 0.4118 -0.8553
vn -0.5621 0.3178 -0.7636
vn -0.7688 0.2681 -0.5806
vn -0.9029 0.2704 -0.3342
vn -0.9983 -0.0395 0.0436
vn -0.9232 0.0858 0.3746
vn -0.7316 0.2480 0.6351
vn -0.4525 0.4224 0.7854
vn -0.1284 0.5824 0.8027
vn 0.1912 0.7037 0.6843
vn 0.4578 0.7678 0.4482
vn 0.6308 0.7649 0.1305
vn 0.6838 0.6955 -0.2206
vn 0.6088 0.5702 -0.5517
vn 0.4171 0.4080 -0.8122
vn 0.1380 0.2336 -0.9625
vn -0.1861 0.0736 -0.9798
vn -0.5057 -0.0477 -0.8614
vn -0.7723 -0.1118 -0.6253
vn -0.9453 -0.1089 -0.3076
vn -0.9070 -0.3963 0.1425
vn -0.8261 -0.2612 0.4994
vn -0.6194 -0.0862 0.7804
vn -0.3184 0.1018 0.9425
vn 0.0311 0.2744 0.9611
vn 0.3758 0.4051 0.8334
vn 0.6633 0.4743 0.5789
vn 0.8498 0.4712 0.2362
vn 0.9070 0.3963 -0.1425
vn 0.8261 0.2612 -0.4994
vn 0.6194 0.0862 -0.7804
vn 0.3184 -0.1018 -0.9425
vn -0.0311 -0.2744 -0.9611
vn -0.3758 -0.4051 -0.8334
vn -0.6633 -0.4743 -0.5789
vn -0.8498 -0.4712 -0.2362
vn -0.6838 -0.6955 0.2206
vn -0.6088 -0.5702 0.5517
vn -0.4171 -0.4080 0.8122
vn -0.1380 -0.2336 0.9625
vn 0.1860 -0.0736 0.9798
vn 0.5057 0.0477 0.8614
vn 0.7723 0.1118 0.6253
vn 0.9453 0.1089 0.3076
vn 0.9983 0.0395 -0.0436
vn 0.9232 -0.0858 -0.3746
vn 0.7316 -0.2480 -0.6351
vn 0.4525 -0.4224 -0.7854
vn 0.1284 -0.5824 -0.8027
vn -0.1912 -0.7037 -0.6843
vn -0.4578 -0.7678 -0.4482
vn -0.6308 -0.7649 -0.1305
vn -0.3600 -0.8940 0.2668
vn -0.3018 -0.7968 0.5234
vn -0.1533 -0.6711 0.7254
vn 0.0631 -0.5359 0.8419
vn 0.3143 -0.4118 0.8553
vn 0.5621 -0.3178 0.7636
vn 0.7688 -0.2681 0.5806
vn 0.9029 -0.2704 0.3342
vn 0.9440 -0.3242 0.0620
vn 0.8858 -0.4213 -0.1946
vn 0.7372 -0.5471 -0.3965
vn 0.5208 -0.6823 -0.5131
vn 0.2696 -0.8063 -0.5265
vn 0.0218 -0.9003 -0.4347
vn -0.1849 -0.9500 -0.2517
vn -0.3189 -0.9478 -0.0054
vn 0.0188 -0.9616 0.2739
vn 0.0514 -0.9071 0.4178
vn 0.1347 -0.8366 0.5310
vn 0.2560 -0.7608 0.5964
vn 0.3969 -0.6912 0.6039
vn 0.5359 -0.6385 0.5524
vn 0.6517 -0.6107 0.4498
vn 0.7269 -0.6119 0.3117
vn 0.7500 -0.6421 0.1590
vn 0.7174 -0.6965 0.0152
vn 0.6340 -0.7671 -0.0981
vn 0.5127 -0.8429 -0.1634
vn 0.3718 -0.9124 -0.1710
vn 0.2329 -0.9651 -0.1195
vn 0.1170 -0.9930 -0.0169
vn 0.0418 -0.9917 0.1213
vn 0.4200 -0.8762 0.2365
# 114 vertex normals

vt 0.0000 1.0000 0.0000
vt 0.0000 0.8750 0.0000
vt 0.0625 0.8750 0.0000
vt 0.0625 1.0000 0.0000
vt 0.1250 0.8750 0.0000
vt 0.1250 1.0000 0.0000
vt 0.1875 0.8750 0.0000
vt 0.1875 1.0000 0.0000
vt 0.2500 0.8750 0.0000
vt 0.2500 1.0000 0.0000
vt 0.3125 0.8750 0.0000
vt 0.3125 1.0000 0.0000
vt 0.3750 0.8750 0.0000
vt 0.3750 1.0000 0.0000
vt 0.4375 0.8750 0.0000
vt 0.4375 1.0000 0.0000
vt 0.5000 0.8750 0.0000
vt 0.5000 1.0000 0.0000
vt 0.5625 0.8750 0.0000
vt 0.5625 1.0000 0.0000
vt 0.6250 0.8750 0.0000
vt 0.6250 1.0000 0.0000
vt 0.6875 0.8750 0.0000
vt 0.6875 1.0000 0.0000
vt 0.7500 0.8750 0.0000
vt 0.7500 1.0000 0.0000
vt 0.8125 0.8750 0.0000
vt 0.8125 1.0000 0.0000
vt 0.8750 0.8750 0.0000
vt 0.8750 1.0000 0.0000
vt 0.9375 0.8750 0.0000
vt 0.9375 1.0000 0.0000
vt 1.0000 0.8750 0.0000
vt 0.0000 0.7500 0.0000
vt 0.0625 0.7500 0.0000
vt 0.1250 0.7500 0.0000
vt 0.1875 0.7500 0.0000
vt 0.2500 0.7500 0.0000
vt 0.3125 0.7500 0.0000
vt 0.3750 0.7500 0.0000
vt 0.4375 0.7500 0.0000
vt 0.5000 0.7500 0.0000
vt 0.5625 0.7500 0.0000
vt 0.6250 0.7500 0.0000
vt 0.6875 0.7500 0.0000
vt 0.7500 0.7500 0.0000
vt 0.8125 0.7500 0.0000
vt 0.8750 0.7500 0.0000
vt 0.9375 0.7500 0.0000
vt 1.0000 0.7500 0.0000
vt 0.0000 0.6250 0.0000
vt 0.0625 0.6250 0.0000
vt 0.1250 0.6250 0.0000
vt 0.1875 0.6250 0.0000
vt 0.2500 0.6250 0.0000
vt 0.3125 0.6250 0.0000
vt 0.3750 0.6250 0.0000
vt 0.4375 0.6250 0.0000
vt 0.5000 0.6250 0.0000
vt 0.5625 0.6250 0.0000
vt 0.6250 0.6250 0.0000
vt 0.6875 0.6250 0.0000
vt 0.7500 0.6250 0.0000
vt 0.8125 0.6250 0.0000
vt 0.8750 0.6250 0.0000
vt 0.9375 0.6250 0.0000
vt 1.0000 0.6250 0.0000
vt 0.0000 0.5000 0.0000
vt 0.0625 0.5000 0.0000
vt 0.1250 0.5000 0.0000
vt 0.1875 0.5000 0.0000
vt 0.2500 0.5000 0.0000
vt 0.3125 0.5000 0.0000
vt 0.3750 0.5000 0.0000
vt 0.4375 0.5000 0.0000
vt 0.5000 0.5000 0.0000
vt 0.5625 0.5000 0.0000
vt 0.6250 0.5000 0.0000
vt 0.6875 0.5000 0.0000
vt 0.7500 0.5000 0.0000
vt 0.8125 0.5000 0.0000
vt 0.8750 0.5000 0.0000
vt 0.9375 0.5000 0.0000
vt 1.0000 0.5000 0.0000
vt 0.0000 0.3750 0.0000
vt 0.0625 0.3750 0.0000
vt 0.1250 0.3750 0.0000
vt 0.1875 0.3750 0.0000
vt 0.2500 0.3750 0.0000
vt 0.3125 0.3750 0.0000
vt 0.3750 0.3750 0.0000
vt 0.4375 0.3750 0.0000
vt 0.5000 0.3750 0.0000
vt 0.5625 0.3750 0.0000
vt 0.6250 0.3750 0.0000
vt 0.6875 0.3750 0.0000
vt 0.7500 0.3750 0.0000
vt 0.8125 0.3750 0.0000
vt 0.8750 0.3750 0.0000
vt 0.9375 0.3750 0.0000
vt 1.0000 0.3750 0.0000
vt 0.0000 0.2500 0.0000
vt 0.0625 0.2500 0.0000
vt 0.1250 0.2500 0.0000
vt 0.1875 0.2500 0.0000
vt 0.2500 0.2500 0.0000
vt 0.3125 0.2500 0.0000
vt 0.3750 0.2500 0.0000
vt 0.4375 0.2500 0.0000
vt 0.5000 0.2500 0.0000
vt 0.5625 0.2500 0.0000
vt 0.6250 0.2500 0.0000
vt 0.6875 0.2500 0.0000
vt 0.7500 0.2500 0.0000
vt 0.8125 0.2500 0.0000
vt 0.8750 0.2500 0.0000
vt 0.9375 0.2500 0.0000
vt 1.0000 0.2500 0.0000
vt 0.0000 0.1250 0.0000
vt 0.0625 0.1250 0.0000
vt 0.1250 0.1250 0.0000
vt 0.1875 0.1250 0.0000
vt 0.2500 0.1250 0.0000
vt 0.3125 0.1250 0.0000
vt 0.3750 0.1250 0.0000
vt 0.4375 0.1250 0.0000
vt 0.5000 0.1250 0.0000
vt 0.5625 0.1250 0.0000
vt 0.6250 0.1250 0.0000
vt 0.6875 0.1250 0.0000
vt 0.7500 0.1250 0.0000
vt 0.8125 0.1250 0.0000
vt 0.8750 0.1250 0.0000
vt 0.9375 0.1250 0.0000
vt 1.0000 0.1250 0.0000
vt 0.0000 0.0000 0.0000
vt 0.0625 0.0000 0.0000
vt 0.1250 0.0000 0.0000
vt 0.1875 0.0000 0.0000
vt 0.2500 0.0000 0.0000
vt 0.3125 0.0000 0.0000
vt 0.3750 0.0000 0.0000
vt 0.4375 0.0000 0.0000
vt 0.5000 0.0000 0.0000
vt 0.5625 0.0000 0.0000
vt 0.6250 0.0000 0.0000
vt 0.6875 0.0000 0.0000
vt 0.7500 0.0000 0.0000
vt 0.8125 0.0000 0.0000
vt 0.8750 0.0000 0.0000
vt 0.9375 0.0000 0.0000
# 151 texture coords

o Sphere006
g Sphere006
usemtl wire_224086086
s 1
f 955/756/955 956/757/956 957/758/957 
f 955/759/955 957/758/957 958/760/958 
f 955/761/955 958/760/958 959/762/959 
f 955/763/955 959/762/959 960/764/960 
f 955/765/955 960/764/960 961/766/961 
f 955/767/955 961/766/961 962/768/962 
f 955/769/955 962/768/962 963/770/963 
f 955/771/955 963/770/963 964/772/964 
f 955/773/955 964/772/964 965/774/965 
f 955/775/955 965/774/965 966/776/966 
f 955/777/955 966/776/966 967/778/967 
f 955/779/955 967/778/967 968/780/968 
f 955/781/955 968/780/968 969/782/969 
f 955/783/955 969/782/969 970/784/970 
f 955/785/955 970/784/970 971/786/971 
f 955/787/955 971/786/971 956/788/956 
f 956/757/956 972/789/972 973/790/973 957/758/957 
f 957/758/957 973/790/973 974/791/974 958/760/958 
f 958/760/958 974/791/974 975/792/975 959/762/959 
f 959/762/959 975/792/975 976/793/976 960/764/960 
f 960/764/960 976/793/976 977/794/977 961/766/961 
f 961/766/961 977/794/977 978/795/978 962/768/962 
f 962/768/962 978/795/978 979/796/979 963/770/963 
f 963/770/963 979/796/979 980/797/980 964/772/964 
f 964/772/964 980/797/980 981/798/981 965/774/965 
f 965/774/965 981/798/981 982/799/982 966/776/966 
f 966/776/966 982/799/982 983/800/983 967/778/967 
f 967/778/967 983/800/983 984/801/984 968/780/968 
f 968/780/968 984/801/984 985/802/985 969/782/969 
f 969/782/969 985/802/985 986/803/986 970/784/970 
f 970/784/970 986/803/986 987/804/987 971/786/971 
f 971/786/971 987/804/987 972/805/972 956/788/956 
f 972/789/972 988/806/988 989/807/989 973/790/973 
f 973/790/973 989/807/989 990/808/990 974/791/974 
f 974/791/974 990/808/990 991/809/991 975/792/975 
f 975/792/975 991/809/991 992/810/992 976/793/976 
f 976/793/976 992/810/992 993/811/993 977/794/977 
f 977/794/977 993/811/993 994/812/994 978/795/978 
f 978/795/978 994/812/994 995/813/995 979/796/979 
f 979/796/979 995/813/995 996/814/996 980/797/980 
f 980/797/980 996/814/996 997/815/997 981/798/981 
f 981/798/981 997/815/997 998/816/998 982/799/982 
f 982/799/982 998/816/998 999/817/999 983/800/983 
f 983/800/983 999/817/999 1000/818/1000 984/801/984 
f 984/801/984 1000/818/1000 1001/819/1001 985/802/985 
f 985/802/985 1001/819/1001 1002/820/1002 986/803/986 
f 986/803/986 1002/820/1002 1003/821/1003 987/804/987 
f 987/804/987 1003/821/1003 988/822/988 972/805/972 
f 988/806/988 1004/823/1004 1005/824/1005 989/807/989 
f 989/807/989 1005/824/1005 1006/825/1006 990/808/990 
f 990/808/990 1006/825/1006 1007/826/1007 991/809/991 
f 991/809/991 1007/826/1007 1008/827/1008 992/810/992 
f 992/810/992 1008/827/1008 1009/828/1009 993/811/993 
f 993/811/993 1009/828/1009 1010/829/1010 994/812/994 
f 994/812/994 1010/829/1010 1011/830/1011 995/813/995 
f 995/813/995 1011/830/1011 1012/831/1012 996/814/996 
f 996/814/996 1012/831/1012 1013/832/1013 997/815/997 
f 997/815/997 1013/832/1013 1014/833/1014 998/816/998 
f 998/816/998 1014/833/1014 1015/834/1015 999/817/999 
f 999/817/999 1015/834/1015 1016/835/1016 1000/818/1000 
f 1000/818/1000 1016/835/1016 1017/836/1017 1001/819/1001 
f 1001/819/1001 1017/836/1017 1018/837/1018 1002/820/1002 
f 1002/820/1002 1018/837/1018 1019/838/1019 1003/821/1003 
f 1003/821/1003 1019/838/1019 1004/839/1004 988/822/988 
f 1004/823/1004 1020/840/1020 1021/841/1021 1005/824/1005 
f 1005/824/1005 1021/841/1021 1022/842/1022 1006/825/1006 
f 1006/825/1006 1022/842/1022 1023/843/1023 1007/826/1007 
f 1007/826/1007 1023/843/1023 1024/844/1024 1008/827/1008 
f 1008/827/1008 1024/844/1024 1025/845/1025 1009/828/1009 
f 1009/828/1009 1025/845/1025 1026/846/1026 1010/829/1010 
f 1010/829/1010 1026/846/1026 1027/847/1027 1011/830/1011 
f 1011/830/1011 1027/847/1027 1028/848/1028 1012/831/1012 
f 1012/831/1012 1028/848/1028 1029/849/1029 1013/832/1013 
f 1013/832/1013 1029/849/1029 1030/850/1030 1014/833/1014 
f 1014/833/1014 1030/850/1030 1031/851/1031 1015/834/1015 
f 1015/834/1015 1031/851/1031 1032/852/1032 1016/835/1016 
f 1016/835/1016 1032/852/1032 1033/853/1033 1017/836/1017 
f 1017/836/1017 1033/853/1033 1034/854/1034 1018/837/1018 
f 1018/837/1018 1034/854/1034 1035/855/1035 1019/838/1019 
f 1019/838/1019 1035/855/1035 1020/856/1020 1004/839/1004 
f 1020/840/1020 1036/857/1036 1037/858/1037 1021/841/1021 
f 1021/841/1021 1037/858/1037 1038/859/1038 1022/842/1022 
f 1022/842/1022 1038/859/1038 1039/860/1039 1023/843/1023 
f 1023/843/1023 1039/860/1039 1040/861/1040 1024/844/1024 
f 1024/844/1024 1040/861/1040 1041/862/1041 1025/845/1025 
f 1025/845/1025 1041/862/1041 1042/863/1042 1026/846/1026 
f 1026/846/1026 1042/863/1042 1043/864/1043 1027/847/1027 
f 1027/847/1027 1043/864/1043 1044/865/1044 1028/848/1028 
f 1028/848/1028 1044/865/1044 1045/866/1045 1029/849/1029 
f 1029/849/1029 1045/866/1045 1046/867/1046 1030/850/1030 
f 1030/850/1030 1046/867/1046 1047/868/1047 1031/851/1031 
f 1031/851/1031 1047/868/1047 1048/869/1048 1032/852/1032 
f 1032/852/1032 1048/869/1048 1049/870/1049 1033/853/1033 
f 1033/853/1033 1049/870/1049 1050/871/1050 1034/854/1034 
f 1034/854/1034 1050/871/1050 1051/872/1051 1035/855/1035 
f 1035/855/1035 1051/872/1051 1036/873/1036 1020/856/1020 
f 1036/857/1036 1052/874/1052 1053/875/1053 1037/858/1037 
f 1037/858/1037 1053/875/1053 1054/876/1054 1038/859/1038 
f 1038/859/1038 1054/876/1054 1055/877/1055 1039/860/1039 
f 1039/860/1039 1055/877/1055 1056/878/1056 1040/861/1040 
f 1040/861/1040 1056/878/1056 1057/879/1057 1041/862/1041 
f 1041/862/1041 1057/879/1057 1058/880/1058 1042/863/1042 
f 1042/863/1042 1058/880/1058 1059/881/1059 1043/864/1043 
f 1043/864/1043 1059/881/1059 1060/882/1060 1044/865/1044 
f 1044/865/1044 1060/882/1060 1061/883/1061 1045/866/1045 
f 1045/866/1045 1061/883/1061 1062/884/1062 1046/867/1046 
f 1046/867/1046 1062/884/1062 1063/885/1063 1047/868/1047 
f 1047/868/1047 1063/885/1063 1064/886/1064 1048/869/1048 
f 1048/869/1048 1064/886/1064 1065/887/1065 1049/870/1049 
f 1049/870/1049 1065/887/1065 1066/888/1066 1050/871/1050 
f 1050/871/1050 1066/888/1066 1067/889/1067 1051/872/1051 
f 1051/872/1051 1067/889/1067 1052/890/1052 1036/873/1036 
f 1068/891/1068 1053/875/1053 1052/874/1052 
f 1068/892/1068 1054/876/1054 1053/875/1053 
f 1068/893/1068 1055/877/1055 1054/876/1054 
f 1068/894/1068 1056/878/1056 1055/877/1055 
f 1068/895/1068 1057/879/1057 1056/878/1056 
f 1068/896/1068 1058/880/1058 1057/879/1057 
f 1068/897/1068 1059/881/1059 1058/880/1058 
f 1068/898/1068 1060/882/1060 1059/881/1059 
f 1068/899/1068 1061/883/1061 1060/882/1060 
f 1068/900/1068 1062/884/1062 1061/883/1061 
f 1068/901/1068 1063/885/1063 1062/884/1062 
f 1068/902/1068 1064/886/1064 1063/885/1063 
f 1068/903/1068 1065/887/1065 1064/886/1064 
f 1068/904/1068 1066/888/1066 1065/887/1065 
f 1068/905/1068 1067/889/1067 1066/888/1066 
f 1068/906/1068 1052/890/1052 1067/889/1067 
# 96 polygons - 32 triangles

#
# object Sphere007
#

v  0.1610 0.3311 4.0344
v  0.1402 0.2867 4.0708
v  0.1555 0.2966 4.0845
v  0.1733 0.3097 4.0903
v  0.1908 0.3241 4.0873
v  0.2054 0.3374 4.0759
v  0.2149 0.3478 4.0578
v  0.2178 0.3535 4.0359
v  0.2137 0.3538 4.0134
v  0.2031 0.3485 3.9938
v  0.1878 0.3386 3.9801
v  0.1700 0.3254 3.9743
v  0.1525 0.3111 3.9774
v  0.1379 0.2977 3.9888
v  0.1284 0.2874 4.0068
v  0.1255 0.2817 4.0287
v  0.1297 0.2814 4.0512
v  0.1439 0.2220 4.0974
v  0.1722 0.2404 4.1228
v  0.2050 0.2647 4.1335
v  0.2374 0.2912 4.1278
v  0.2644 0.3158 4.1067
v  0.2819 0.3349 4.0734
v  0.2873 0.3455 4.0329
v  0.2796 0.3460 3.9913
v  0.2602 0.3363 3.9551
v  0.2319 0.3179 3.9298
v  0.1991 0.2936 3.9191
v  0.1667 0.2671 3.9247
v  0.1397 0.2425 3.9458
v  0.1222 0.2234 3.9792
v  0.1168 0.2128 4.0197
v  0.1244 0.2123 4.0612
v  0.1715 0.1470 4.1102
v  0.2085 0.1710 4.1433
v  0.2514 0.2027 4.1573
v  0.2937 0.2373 4.1499
v  0.3290 0.2696 4.1224
v  0.3519 0.2945 4.0788
v  0.3589 0.3083 4.0259
v  0.3489 0.3090 3.9716
v  0.3235 0.2963 3.9243
v  0.2865 0.2723 3.8911
v  0.2436 0.2406 3.8772
v  0.2013 0.2060 3.8845
v  0.1660 0.1737 3.9121
v  0.1431 0.1488 3.9557
v  0.1362 0.1350 4.0086
v  0.1461 0.1343 4.0629
v  0.2189 0.0730 4.1072
v  0.2589 0.0990 4.1431
v  0.3054 0.1333 4.1582
v  0.3512 0.1708 4.1502
v  0.3894 0.2057 4.1204
v  0.4141 0.2327 4.0732
v  0.4217 0.2476 4.0159
v  0.4109 0.2483 3.9572
v  0.3834 0.2346 3.9060
v  0.3434 0.2086 3.8701
v  0.2969 0.1743 3.8550
v  0.2511 0.1368 3.8630
v  0.2129 0.1019 3.8928
v  0.1882 0.0750 3.9399
v  0.1806 0.0600 3.9973
v  0.1914 0.0593 4.0560
v  0.2788 0.0113 4.0889
v  0.3158 0.0353 4.1220
v  0.3587 0.0670 4.1360
v  0.4010 0.1016 4.1286
v  0.4363 0.1339 4.1010
v  0.4592 0.1588 4.0575
v  0.4661 0.1726 4.0045
v  0.4562 0.1733 3.9503
v  0.4308 0.1606 3.9030
v  0.3938 0.1366 3.8698
v  0.3509 0.1049 3.8559
v  0.3086 0.0703 3.8632
v  0.2733 0.0380 3.8908
v  0.2504 0.0131 3.9344
v  0.2434 -0.0007 3.9873
v  0.2534 -0.0014 4.0416
v  0.3421 -0.0287 4.0580
v  0.3704 -0.0103 4.0834
v  0.4032 0.0140 4.0941
v  0.4356 0.0405 4.0884
v  0.4626 0.0651 4.0673
v  0.4801 0.0842 4.0340
v  0.4855 0.0948 3.9935
v  0.4779 0.0953 3.9519
v  0.4584 0.0856 3.9157
v  0.4301 0.0672 3.8904
v  0.3973 0.0429 3.8797
v  0.3649 0.0164 3.8853
v  0.3379 -0.0082 3.9064
v  0.3204 -0.0273 3.9398
v  0.3150 -0.0379 3.9803
v  0.3227 -0.0384 4.0218
v  0.3992 -0.0409 4.0193
v  0.4145 -0.0310 4.0331
v  0.4323 -0.0178 4.0389
v  0.4498 -0.0035 4.0358
v  0.4644 0.0099 4.0244
v  0.4739 0.0202 4.0063
v  0.4768 0.0259 3.9844
v  0.4726 0.0262 3.9619
v  0.4621 0.0209 3.9423
v  0.4468 0.0110 3.9286
v  0.4290 -0.0021 3.9228
v  0.4115 -0.0165 3.9259
v  0.3969 -0.0298 3.9373
v  0.3874 -0.0402 3.9553
v  0.3845 -0.0459 3.9773
v  0.3887 -0.0462 3.9997
v  0.4413 -0.0235 3.9787
# 114 vertices

vn -0.6156 0.7785 0.1223
vn -0.7800 0.4996 0.3770
vn -0.6746 0.5681 0.4715
vn -0.5522 0.6585 0.5113
vn -0.4316 0.7572 0.4903
vn -0.3310 0.8491 0.4117
vn -0.2658 0.9202 0.2875
vn -0.2458 0.9596 0.1365
vn -0.2743 0.9615 -0.0181
vn -0.3467 0.9254 -0.1530
vn -0.4521 0.8569 -0.2475
vn -0.5744 0.7665 -0.2873
vn -0.6951 0.6678 -0.2663
vn -0.7957 0.5759 -0.1878
vn -0.8609 0.5048 -0.0635
vn -0.8808 0.4653 0.0874
vn -0.8524 0.4635 0.2421
vn -0.8142 0.1615 0.5576
vn -0.6263 0.2836 0.7262
vn -0.4081 0.4450 0.7972
vn -0.1929 0.6210 0.7597
vn -0.0135 0.7848 0.6196
vn 0.1028 0.9116 0.3980
vn 0.1383 0.9820 0.1289
vn 0.0876 0.9853 -0.1470
vn -0.0416 0.9209 -0.3875
vn -0.2295 0.7988 -0.5561
vn -0.4477 0.6374 -0.6271
vn -0.6629 0.4614 -0.5896
vn -0.8423 0.2976 -0.4495
vn -0.9586 0.1708 -0.2279
vn -0.9941 0.1004 0.0412
vn -0.9434 0.0972 0.3171
vn -0.7288 -0.1983 0.6554
vn -0.4863 -0.0408 0.8728
vn -0.2049 0.1673 0.9644
vn 0.0727 0.3944 0.9161
vn 0.3041 0.6057 0.7353
vn 0.4541 0.7692 0.4495
vn 0.4999 0.8600 0.1023
vn 0.4345 0.8642 -0.2535
vn 0.2679 0.7813 -0.5638
vn 0.0254 0.6237 -0.7812
vn -0.2560 0.4156 -0.8728
vn -0.5336 0.1886 -0.8245
vn -0.7650 -0.0228 -0.6437
vn -0.9150 -0.1863 -0.3579
vn -0.9608 -0.2771 -0.0107
vn -0.8954 -0.2813 0.3451
vn -0.5374 -0.5282 0.6574
vn -0.2759 -0.3583 0.8919
vn 0.0276 -0.1339 0.9906
vn 0.3269 0.1110 0.9385
vn 0.5764 0.3389 0.7436
vn 0.7382 0.5152 0.4354
vn 0.7876 0.6131 0.0609
vn 0.7171 0.6177 -0.3228
vn 0.5374 0.5282 -0.6574
vn 0.2759 0.3583 -0.8919
vn -0.0276 0.1339 -0.9906
vn -0.3269 -0.1110 -0.9385
vn -0.5764 -0.3389 -0.7436
vn -0.7382 -0.5152 -0.4354
vn -0.7876 -0.6131 -0.0609
vn -0.7171 -0.6177 0.3228
vn -0.2679 -0.7813 0.5638
vn -0.0254 -0.6237 0.7812
vn 0.2560 -0.4156 0.8728
vn 0.5336 -0.1886 0.8245
vn 0.7650 0.0228 0.6437
vn 0.9150 0.1863 0.3579
vn 0.9608 0.2771 0.0107
vn 0.8954 0.2813 -0.3451
vn 0.7288 0.1983 -0.6554
vn 0.4863 0.0408 -0.8728
vn 0.2049 -0.1673 -0.9644
vn -0.0727 -0.3944 -0.9161
vn -0.3041 -0.6057 -0.7353
vn -0.4541 -0.7692 -0.4495
vn -0.4999 -0.8600 -0.1023
vn -0.4345 -0.8642 0.2535
vn 0.0416 -0.9209 0.3875
vn 0.2295 -0.7988 0.5561
vn 0.4477 -0.6374 0.6271
vn 0.6629 -0.4614 0.5896
vn 0.8423 -0.2976 0.4495
vn 0.9586 -0.1708 0.2279
vn 0.9941 -0.1004 -0.0412
vn 0.9434 -0.0972 -0.3171
vn 0.8142 -0.1615 -0.5576
vn 0.6263 -0.2836 -0.7262
vn 0.4081 -0.4450 -0.7972
vn 0.1929 -0.6210 -0.7597
vn 0.0135 -0.7848 -0.6196
vn -0.1028 -0.9116 -0.3980
vn -0.1383 -0.9820 -0.1289
vn -0.0876 -0.9853 0.1470
vn 0.3467 -0.9254 0.1530
vn 0.4521 -0.8569 0.2475
vn 0.5744 -0.7665 0.2873
vn 0.6951 -0.6678 0.2663
vn 0.7957 -0.5759 0.1878
vn 0.8609 -0.5048 0.0635
vn 0.8808 -0.4653 -0.0874
vn 0.8524 -0.4635 -0.2421
vn 0.7800 -0.4996 -0.3770
vn 0.6746 -0.5681 -0.4715
vn 0.5522 -0.6585 -0.5113
vn 0.4316 -0.7572 -0.4903
vn 0.3310 -0.8491 -0.4117
vn 0.2658 -0.9202 -0.2875
vn 0.2458 -0.9596 -0.1365
vn 0.2743 -0.9615 0.0181
vn 0.6156 -0.7785 -0.1223
# 114 vertex normals

vt 0.0000 1.0000 0.0000
vt 0.0000 0.8750 0.0000
vt 0.0625 0.8750 0.0000
vt 0.0625 1.0000 0.0000
vt 0.1250 0.8750 0.0000
vt 0.1250 1.0000 0.0000
vt 0.1875 0.8750 0.0000
vt 0.1875 1.0000 0.0000
vt 0.2500 0.8750 0.0000
vt 0.2500 1.0000 0.0000
vt 0.3125 0.8750 0.0000
vt 0.3125 1.0000 0.0000
vt 0.3750 0.8750 0.0000
vt 0.3750 1.0000 0.0000
vt 0.4375 0.8750 0.0000
vt 0.4375 1.0000 0.0000
vt 0.5000 0.8750 0.0000
vt 0.5000 1.0000 0.0000
vt 0.5625 0.8750 0.0000
vt 0.5625 1.0000 0.0000
vt 0.6250 0.8750 0.0000
vt 0.6250 1.0000 0.0000
vt 0.6875 0.8750 0.0000
vt 0.6875 1.0000 0.0000
vt 0.7500 0.8750 0.0000
vt 0.7500 1.0000 0.0000
vt 0.8125 0.8750 0.0000
vt 0.8125 1.0000 0.0000
vt 0.8750 0.8750 0.0000
vt 0.8750 1.0000 0.0000
vt 0.9375 0.8750 0.0000
vt 0.9375 1.0000 0.0000
vt 1.0000 0.8750 0.0000
vt 0.0000 0.7500 0.0000
vt 0.0625 0.7500 0.0000
vt 0.1250 0.7500 0.0000
vt 0.1875 0.7500 0.0000
vt 0.2500 0.7500 0.0000
vt 0.3125 0.7500 0.0000
vt 0.3750 0.7500 0.0000
vt 0.4375 0.7500 0.0000
vt 0.5000 0.7500 0.0000
vt 0.5625 0.7500 0.0000
vt 0.6250 0.7500 0.0000
vt 0.6875 0.7500 0.0000
vt 0.7500 0.7500 0.0000
vt 0.8125 0.7500 0.0000
vt 0.8750 0.7500 0.0000
vt 0.9375 0.7500 0.0000
vt 1.0000 0.7500 0.0000
vt 0.0000 0.6250 0.0000
vt 0.0625 0.6250 0.0000
vt 0.1250 0.6250 0.0000
vt 0.1875 0.6250 0.0000
vt 0.2500 0.6250 0.0000
vt 0.3125 0.6250 0.0000
vt 0.3750 0.6250 0.0000
vt 0.4375 0.6250 0.0000
vt 0.5000 0.6250 0.0000
vt 0.5625 0.6250 0.0000
vt 0.6250 0.6250 0.0000
vt 0.6875 0.6250 0.0000
vt 0.7500 0.6250 0.0000
vt 0.8125 0.6250 0.0000
vt 0.8750 0.6250 0.0000
vt 0.9375 0.6250 0.0000
vt 1.0000 0.6250 0.0000
vt 0.0000 0.5000 0.0000
vt 0.0625 0.5000 0.0000
vt 0.1250 0.5000 0.0000
vt 0.1875 0.5000 0.0000
vt 0.2500 0.5000 0.0000
vt 0.3125 0.5000 0.0000
vt 0.3750 0.5000 0.0000
vt 0.4375 0.5000 0.0000
vt 0.5000 0.5000 0.0000
vt 0.5625 0.5000 0.0000
vt 0.6250 0.5000 0.0000
vt 0.6875 0.5000 0.0000
vt 0.7500 0.5000 0.0000
vt 0.8125 0.5000 0.0000
vt 0.8750 0.5000 0.0000
vt 0.9375 0.5000 0.0000
vt 1.0000 0.5000 0.0000
vt 0.0000 0.3750 0.0000
vt 0.0625 0.3750 0.0000
vt 0.1250 0.3750 0.0000
vt 0.1875 0.3750 0.0000
vt 0.2500 0.3750 0.0000
vt 0.3125 0.3750 0.0000
vt 0.3750 0.3750 0.0000
vt 0.4375 0.3750 0.0000
vt 0.5000 0.3750 0.0000
vt 0.5625 0.3750 0.0000
vt 0.6250 0.3750 0.0000
vt 0.6875 0.3750 0.0000
vt 0.7500 0.3750 0.0000
vt 0.8125 0.3750 0.0000
vt 0.8750 0.3750 0.0000
vt 0.9375 0.3750 0.0000
vt 1.0000 0.3750 0.0000
vt 0.0000 0.2500 0.0000
vt 0.0625 0.2500 0.0000
vt 0.1250 0.2500 0.0000
vt 0.1875 0.2500 0.0000
vt 0.2500 0.2500 0.0000
vt 0.3125 0.2500 0.0000
vt 0.3750 0.2500 0.0000
vt 0.4375 0.2500 0.0000
vt 0.5000 0.2500 0.0000
vt 0.5625 0.2500 0.0000
vt 0.6250 0.2500 0.0000
vt 0.6875 0.2500 0.0000
vt 0.7500 0.2500 0.0000
vt 0.8125 0.2500 0.0000
vt 0.8750 0.2500 0.0000
vt 0.9375 0.2500 0.0000
vt 1.0000 0.2500 0.0000
vt 0.0000 0.1250 0.0000
vt 0.0625 0.1250 0.0000
vt 0.1250 0.1250 0.0000
vt 0.1875 0.1250 0.0000
vt 0.2500 0.1250 0.0000
vt 0.3125 0.1250 0.0000
vt 0.3750 0.1250 0.0000
vt 0.4375 0.1250 0.0000
vt 0.5000 0.1250 0.0000
vt 0.5625 0.1250 0.0000
vt 0.6250 0.1250 0.0000
vt 0.6875 0.1250 0.0000
vt 0.7500 0.1250 0.0000
vt 0.8125 0.1250 0.0000
vt 0.8750 0.1250 0.0000
vt 0.9375 0.1250 0.0000
vt 1.0000 0.1250 0.0000
vt 0.0000 0.0000 0.0000
vt 0.0625 0.0000 0.0000
vt 0.1250 0.0000 0.0000
vt 0.1875 0.0000 0.0000
vt 0.2500 0.0000 0.0000
vt 0.3125 0.0000 0.0000
vt 0.3750 0.0000 0.0000
vt 0.4375 0.0000 0.0000
vt 0.5000 0.0000 0.0000
vt 0.5625 0.0000 0.0000
vt 0.6250 0.0000 0.0000
vt 0.6875 0.0000 0.0000
vt 0.7500 0.0000 0.0000
vt 0.8125 0.0000 0.0000
vt 0.8750 0.0000 0.0000
vt 0.9375 0.0000 0.0000
# 151 texture coords

o Sphere007
g Sphere007
usemtl wire_224086086
s 1
f 1069/907/1069 1070/908/1070 1071/909/1071 
f 1069/910/1069 1071/909/1071 1072/911/1072 
f 1069/912/1069 1072/911/1072 1073/913/1073 
f 1069/914/1069 1073/913/1073 1074/915/1074 
f 1069/916/1069 1074/915/1074 1075/917/1075 
f 1069/918/1069 1075/917/1075 1076/919/1076 
f 1069/920/1069 1076/919/1076 1077/921/1077 
f 1069/922/1069 1077/921/1077 1078/923/1078 
f 1069/924/1069 1078/923/1078 1079/925/1079 
f 1069/926/1069 1079/925/1079 1080/927/1080 
f 1069/928/1069 1080/927/1080 1081/929/1081 
f 1069/930/1069 1081/929/1081 1082/931/1082 
f 1069/932/1069 1082/931/1082 1083/933/1083 
f 1069/934/1069 1083/933/1083 1084/935/1084 
f 1069/936/1069 1084/935/1084 1085/937/1085 
f 1069/938/1069 1085/937/1085 1070/939/1070 
f 1070/908/1070 1086/940/1086 1087/941/1087 1071/909/1071 
f 1071/909/1071 1087/941/1087 1088/942/1088 1072/911/1072 
f 1072/911/1072 1088/942/1088 1089/943/1089 1073/913/1073 
f 1073/913/1073 1089/943/1089 1090/944/1090 1074/915/1074 
f 1074/915/1074 1090/944/1090 1091/945/1091 1075/917/1075 
f 1075/917/1075 1091/945/1091 1092/946/1092 1076/919/1076 
f 1076/919/1076 1092/946/1092 1093/947/1093 1077/921/1077 
f 1077/921/1077 1093/947/1093 1094/948/1094 1078/923/1078 
f 1078/923/1078 1094/948/1094 1095/949/1095 1079/925/1079 
f 1079/925/1079 1095/949/1095 1096/950/1096 1080/927/1080 
f 1080/927/1080 1096/950/1096 1097/951/1097 1081/929/1081 
f 1081/929/1081 1097/951/1097 1098/952/1098 1082/931/1082 
f 1082/931/1082 1098/952/1098 1099/953/1099 1083/933/1083 
f 1083/933/1083 1099/953/1099 1100/954/1100 1084/935/1084 
f 1084/935/1084 1100/954/1100 1101/955/1101 1085/937/1085 
f 1085/937/1085 1101/955/1101 1086/956/1086 1070/939/1070 
f 1086/940/1086 1102/957/1102 1103/958/1103 1087/941/1087 
f 1087/941/1087 1103/958/1103 1104/959/1104 1088/942/1088 
f 1088/942/1088 1104/959/1104 1105/960/1105 1089/943/1089 
f 1089/943/1089 1105/960/1105 1106/961/1106 1090/944/1090 
f 1090/944/1090 1106/961/1106 1107/962/1107 1091/945/1091 
f 1091/945/1091 1107/962/1107 1108/963/1108 1092/946/1092 
f 1092/946/1092 1108/963/1108 1109/964/1109 1093/947/1093 
f 1093/947/1093 1109/964/1109 1110/965/1110 1094/948/1094 
f 1094/948/1094 1110/965/1110 1111/966/1111 1095/949/1095 
f 1095/949/1095 1111/966/1111 1112/967/1112 1096/950/1096 
f 1096/950/1096 1112/967/1112 1113/968/1113 1097/951/1097 
f 1097/951/1097 1113/968/1113 1114/969/1114 1098/952/1098 
f 1098/952/1098 1114/969/1114 1115/970/1115 1099/953/1099 
f 1099/953/1099 1115/970/1115 1116/971/1116 1100/954/1100 
f 1100/954/1100 1116/971/1116 1117/972/1117 1101/955/1101 
f 1101/955/1101 1117/972/1117 1102/973/1102 1086/956/1086 
f 1102/957/1102 1118/974/1118 1119/975/1119 1103/958/1103 
f 1103/958/1103 1119/975/1119 1120/976/1120 1104/959/1104 
f 1104/959/1104 1120/976/1120 1121/977/1121 1105/960/1105 
f 1105/960/1105 1121/977/1121 1122/978/1122 1106/961/1106 
f 1106/961/1106 1122/978/1122 1123/979/1123 1107/962/1107 
f 1107/962/1107 1123/979/1123 1124/980/1124 1108/963/1108 
f 1108/963/1108 1124/980/1124 1125/981/1125 1109/964/1109 
f 1109/964/1109 1125/981/1125 1126/982/1126 1110/965/1110 
f 1110/965/1110 1126/982/1126 1127/983/1127 1111/966/1111 
f 1111/966/1111 1127/983/1127 1128/984/1128 1112/967/1112 
f 1112/967/1112 1128/984/1128 1129/985/1129 1113/968/1113 
f 1113/968/1113 1129/985/1129 1130/986/1130 1114/969/1114 
f 1114/969/1114 1130/986/1130 1131/987/1131 1115/970/1115 
f 1115/970/1115 1131/987/1131 1132/988/1132 1116/971/1116 
f 1116/971/1116 1132/988/1132 1133/989/1133 1117/972/1117 
f 1117/972/1117 1133/989/1133 1118/990/1118 1102/973/1102 
f 1118/974/1118 1134/991/1134 1135/992/1135 1119/975/1119 
f 1119/975/1119 1135/992/1135 1136/993/1136 1120/976/1120 
f 1120/976/1120 1136/993/1136 1137/994/1137 1121/977/1121 
f 1121/977/1121 1137/994/1137 1138/995/1138 1122/978/1122 
f 1122/978/1122 1138/995/1138 1139/996/1139 1123/979/1123 
f 1123/979/1123 1139/996/1139 1140/997/1140 1124/980/1124 
f 1124/980/1124 1140/997/1140 1141/998/1141 1125/981/1125 
f 1125/981/1125 1141/998/1141 1142/999/1142 1126/982/1126 
f 1126/982/1126 1142/999/1142 1143/1000/1143 1127/983/1127 
f 1127/983/1127 1143/1000/1143 1144/1001/1144 1128/984/1128 
f 1128/984/1128 1144/1001/1144 1145/1002/1145 1129/985/1129 
f 1129/985/1129 1145/1002/1145 1146/1003/1146 1130/986/1130 
f 1130/986/1130 1146/1003/1146 1147/1004/1147 1131/987/1131 
f 1131/987/1131 1147/1004/1147 1148/1005/1148 1132/988/1132 
f 1132/988/1132 1148/1005/1148 1149/1006/1149 1133/989/1133 
f 1133/989/1133 1149/1006/1149 1134/1007/1134 1118/990/1118 
f 1134/991/1134 1150/1008/1150 1151/1009/1151 1135/992/1135 
f 1135/992/1135 1151/1009/1151 1152/1010/1152 1136/993/1136 
f 1136/993/1136 1152/1010/1152 1153/1011/1153 1137/994/1137 
f 1137/994/1137 1153/1011/1153 1154/1012/1154 1138/995/1138 
f 1138/995/1138 1154/1012/1154 1155/1013/1155 1139/996/1139 
f 1139/996/1139 1155/1013/1155 1156/1014/1156 1140/997/1140 
f 1140/997/1140 1156/1014/1156 1157/1015/1157 1141/998/1141 
f 1141/998/1141 1157/1015/1157 1158/1016/1158 1142/999/1142 
f 1142/999/1142 1158/1016/1158 1159/1017/1159 1143/1000/1143 
f 1143/1000/1143 1159/1017/1159 1160/1018/1160 1144/1001/1144 
f 1144/1001/1144 1160/1018/1160 1161/1019/1161 1145/1002/1145 
f 1145/1002/1145 1161/1019/1161 1162/1020/1162 1146/1003/1146 
f 1146/1003/1146 1162/1020/1162 1163/1021/1163 1147/1004/1147 
f 1147/1004/1147 1163/1021/1163 1164/1022/1164 1148/1005/1148 
f 1148/1005/1148 1164/1022/1164 1165/1023/1165 1149/1006/1149 
f 1149/1006/1149 1165/1023/1165 1150/1024/1150 1134/1007/1134 
f 1150/1008/1150 1166/1025/1166 1167/1026/1167 1151/1009/1151 
f 1151/1009/1151 1167/1026/1167 1168/1027/1168 1152/1010/1152 
f 1152/1010/1152 1168/1027/1168 1169/1028/1169 1153/1011/1153 
f 1153/1011/1153 1169/1028/1169 1170/1029/1170 1154/1012/1154 
f 1154/1012/1154 1170/1029/1170 1171/1030/1171 1155/1013/1155 
f 1155/1013/1155 1171/1030/1171 1172/1031/1172 1156/1014/1156 
f 1156/1014/1156 1172/1031/1172 1173/1032/1173 1157/1015/1157 
f 1157/1015/1157 1173/1032/1173 1174/1033/1174 1158/1016/1158 
f 1158/1016/1158 1174/1033/1174 1175/1034/1175 1159/1017/1159 
f 1159/1017/1159 1175/1034/1175 1176/1035/1176 1160/1018/1160 
f 1160/1018/1160 1176/1035/1176 1177/1036/1177 1161/1019/1161 
f 1161/1019/1161 1177/1036/1177 1178/1037/1178 1162/1020/1162 
f 1162/1020/1162 1178/1037/1178 1179/1038/1179 1163/1021/1163 
f 1163/1021/1163 1179/1038/1179 1180/1039/1180 1164/1022/1164 
f 1164/1022/1164 1180/1039/1180 1181/1040/1181 1165/1023/1165 
f 1165/1023/1165 1181/1040/1181 1166/1041/1166 1150/1024/1150 
f 1182/1042/1182 1167/1026/1167 1166/1025/1166 
f 1182/1043/1182 1168/1027/1168 1167/1026/1167 
f 1182/1044/1182 1169/1028/1169 1168/1027/1168 
f 1182/1045/1182 1170/1029/1170 1169/1028/1169 
f 1182/1046/1182 1171/1030/1171 1170/1029/1170 
f 1182/1047/1182 1172/1031/1172 1171/1030/1171 
f 1182/1048/1182 1173/1032/1173 1172/1031/1172 
f 1182/1049/1182 1174/1033/1174 1173/1032/1173 
f 1182/1050/1182 1175/1034/1175 1174/1033/1174 
f 1182/1051/1182 1176/1035/1176 1175/1034/1175 
f 1182/1052/1182 1177/1036/1177 1176/1035/1176 
f 1182/1053/1182 1178/1037/1178 1177/1036/1177 
f 1182/1054/1182 1179/1038/1179 1178/1037/1178 
f 1182/1055/1182 1180/1039/1180 1179/1038/1179 
f 1182/1056/1182 1181/1040/1181 1180/1039/1180 
f 1182/1057/1182 1166/1041/1166 1181/1040/1181 
# 96 polygons - 32 triangles

#
# object Sphere008
#

v  0.1130 0.3256 4.0527
v  0.1645 0.2947 4.0415
v  0.1666 0.3121 4.0268
v  0.1601 0.3298 4.0140
v  0.1458 0.3453 4.0051
v  0.1261 0.3562 4.0014
v  0.1038 0.3607 4.0036
v  0.0824 0.3583 4.0112
v  0.0651 0.3493 4.0231
v  0.0546 0.3351 4.0376
v  0.0525 0.3177 4.0523
v  0.0590 0.3000 4.0651
v  0.0732 0.2845 4.0740
v  0.0930 0.2736 4.0776
v  0.1153 0.2690 4.0755
v  0.1367 0.2714 4.0679
v  0.1540 0.2805 4.0560
v  0.2012 0.2470 4.0058
v  0.2052 0.2790 3.9785
v  0.1931 0.3119 3.9549
v  0.1667 0.3405 3.9385
v  0.1302 0.3606 3.9317
v  0.0890 0.3690 3.9356
v  0.0495 0.3646 3.9497
v  0.0176 0.3479 3.9718
v  -0.0019 0.3216 3.9984
v  -0.0058 0.2895 4.0256
v  0.0063 0.2567 4.0493
v  0.0326 0.2281 4.0657
v  0.0691 0.2080 4.0725
v  0.1103 0.1995 4.0686
v  0.1499 0.2040 4.0545
v  0.1818 0.2207 4.0324
v  0.2175 0.1898 3.9509
v  0.2227 0.2316 3.9153
v  0.2069 0.2745 3.8844
v  0.1725 0.3119 3.8629
v  0.1248 0.3381 3.8541
v  0.0710 0.3492 3.8592
v  0.0193 0.3434 3.8776
v  -0.0224 0.3216 3.9064
v  -0.0478 0.2872 3.9413
v  -0.0529 0.2453 3.9768
v  -0.0371 0.2024 4.0077
v  -0.0028 0.1650 4.0292
v  0.0450 0.1388 4.0381
v  0.0988 0.1278 4.0329
v  0.1505 0.1336 4.0145
v  0.1922 0.1553 3.9857
v  0.2110 0.1317 3.8852
v  0.2166 0.1770 3.8467
v  0.1995 0.2235 3.8132
v  0.1623 0.2639 3.7899
v  0.1106 0.2923 3.7804
v  0.0524 0.3043 3.7860
v  -0.0035 0.2980 3.8059
v  -0.0487 0.2744 3.8370
v  -0.0761 0.2371 3.8748
v  -0.0817 0.1919 3.9133
v  -0.0646 0.1454 3.9467
v  -0.0274 0.1049 3.9700
v  0.0242 0.0766 3.9795
v  0.0825 0.0646 3.9739
v  0.1384 0.0709 3.9540
v  0.1836 0.0945 3.9229
v  0.1826 0.0817 3.8187
v  0.1878 0.1236 3.7831
v  0.1720 0.1664 3.7522
v  0.1376 0.2038 3.7307
v  0.0899 0.2301 3.7219
v  0.0361 0.2411 3.7270
v  -0.0156 0.2353 3.7454
v  -0.0573 0.2135 3.7742
v  -0.0827 0.1791 3.8091
v  -0.0878 0.1373 3.8446
v  -0.0720 0.0944 3.8755
v  -0.0376 0.0570 3.8970
v  0.0101 0.0307 3.9059
v  0.0639 0.0197 3.9007
v  0.1156 0.0255 3.8823
v  0.1573 0.0473 3.8535
v  0.1367 0.0473 3.7615
v  0.1407 0.0794 3.7343
v  0.1286 0.1122 3.7106
v  0.1023 0.1408 3.6942
v  0.0658 0.1609 3.6874
v  0.0246 0.1693 3.6914
v  -0.0150 0.1649 3.7054
v  -0.0469 0.1482 3.7275
v  -0.0663 0.1219 3.7541
v  -0.0703 0.0898 3.7814
v  -0.0582 0.0570 3.8050
v  -0.0319 0.0284 3.8215
v  0.0047 0.0083 3.8282
v  0.0458 -0.0001 3.8243
v  0.0854 0.0043 3.8102
v  0.1173 0.0210 3.7882
v  0.0803 0.0338 3.7224
v  0.0824 0.0512 3.7076
v  0.0759 0.0689 3.6948
v  0.0616 0.0844 3.6859
v  0.0419 0.0953 3.6823
v  0.0196 0.0998 3.6844
v  -0.0018 0.0974 3.6920
v  -0.0191 0.0884 3.7040
v  -0.0296 0.0742 3.7184
v  -0.0318 0.0568 3.7331
v  -0.0252 0.0391 3.7459
v  -0.0110 0.0236 3.7548
v  0.0088 0.0127 3.7585
v  0.0311 0.0081 3.7563
v  0.0525 0.0105 3.7487
v  0.0698 0.0196 3.7368
v  0.0219 0.0432 3.7072
# 114 vertices

vn 0.2002 0.6201 0.7586
vn 0.5614 0.4287 0.7079
vn 0.5761 0.5480 0.6065
vn 0.5311 0.6702 0.5184
vn 0.4330 0.7769 0.4571
vn 0.2970 0.8516 0.4319
vn 0.1436 0.8831 0.4466
vn -0.0038 0.8666 0.4991
vn -0.1227 0.8045 0.5812
vn -0.1950 0.7063 0.6805
vn -0.2098 0.5870 0.7819
vn -0.1647 0.4647 0.8700
vn -0.0667 0.3581 0.9313
vn 0.0694 0.2833 0.9565
vn 0.2228 0.2518 0.9418
vn 0.3701 0.2684 0.8894
vn 0.4890 0.3305 0.8072
vn 0.8136 0.1835 0.5517
vn 0.8399 0.3962 0.3709
vn 0.7595 0.6143 0.2138
vn 0.5847 0.8045 0.1045
vn 0.3421 0.9378 0.0596
vn 0.0685 0.9939 0.0858
vn -0.1943 0.9644 0.1793
vn -0.4063 0.8537 0.3258
vn -0.5353 0.6786 0.5029
vn -0.5616 0.4659 0.6838
vn -0.4813 0.2478 0.8408
vn -0.3065 0.0576 0.9501
vn -0.0638 -0.0757 0.9951
vn 0.2097 -0.1318 0.9688
vn 0.4725 -0.1023 0.8754
vn 0.6846 0.0084 0.7289
vn 0.9449 -0.0872 0.3155
vn 0.9789 0.1872 0.0822
vn 0.8752 0.4685 -0.1204
vn 0.6497 0.7138 -0.2614
vn 0.3367 0.8858 -0.3194
vn -0.0161 0.9582 -0.2855
vn -0.3551 0.9202 -0.1649
vn -0.6286 0.7773 0.0240
vn -0.7950 0.5515 0.2525
vn -0.8290 0.2770 0.4858
vn -0.7253 -0.0042 0.6884
vn -0.4999 -0.2495 0.8294
vn -0.1869 -0.4215 0.8874
vn 0.1660 -0.4940 0.8535
vn 0.5050 -0.4559 0.7329
vn 0.7785 -0.3130 0.5440
vn 0.9382 -0.3444 0.0340
vn 0.9748 -0.0484 -0.2176
vn 0.8630 0.2549 -0.4361
vn 0.6199 0.5194 -0.5882
vn 0.2823 0.7049 -0.6507
vn -0.0982 0.7830 -0.6142
vn -0.4638 0.7420 -0.4841
vn -0.7588 0.5879 -0.2804
vn -0.9382 0.3444 -0.0340
vn -0.9748 0.0484 0.2176
vn -0.8630 -0.2549 0.4361
vn -0.6199 -0.5194 0.5882
vn -0.2823 -0.7049 0.6507
vn 0.0982 -0.7830 0.6142
vn 0.4638 -0.7420 0.4841
vn 0.7588 -0.5879 0.2804
vn 0.7950 -0.5515 -0.2525
vn 0.8290 -0.2770 -0.4858
vn 0.7253 0.0042 -0.6884
vn 0.4999 0.2495 -0.8294
vn 0.1869 0.4215 -0.8874
vn -0.1660 0.4940 -0.8535
vn -0.5050 0.4559 -0.7329
vn -0.7785 0.3130 -0.5440
vn -0.9449 0.0872 -0.3155
vn -0.9789 -0.1872 -0.0822
vn -0.8752 -0.4685 0.1204
vn -0.6497 -0.7138 0.2614
vn -0.3367 -0.8858 0.3194
vn 0.0161 -0.9582 0.2855
vn 0.3551 -0.9202 0.1649
vn 0.6286 -0.7773 -0.0240
vn 0.5353 -0.6786 -0.5029
vn 0.5616 -0.4659 -0.6838
vn 0.4813 -0.2478 -0.8408
vn 0.3065 -0.0576 -0.9501
vn 0.0638 0.0757 -0.9951
vn -0.2097 0.1318 -0.9688
vn -0.4725 0.1023 -0.8754
vn -0.6846 -0.0084 -0.7289
vn -0.8136 -0.1835 -0.5517
vn -0.8399 -0.3962 -0.3709
vn -0.7595 -0.6143 -0.2138
vn -0.5847 -0.8045 -0.1045
vn -0.3421 -0.9378 -0.0596
vn -0.0685 -0.9939 -0.0858
vn 0.1943 -0.9644 -0.1793
vn 0.4063 -0.8537 -0.3258
vn 0.1950 -0.7063 -0.6805
vn 0.2098 -0.5870 -0.7819
vn 0.1647 -0.4647 -0.8700
vn 0.0667 -0.3581 -0.9313
vn -0.0694 -0.2833 -0.9565
vn -0.2228 -0.2518 -0.9418
vn -0.3701 -0.2684 -0.8894
vn -0.4890 -0.3305 -0.8072
vn -0.5614 -0.4287 -0.7079
vn -0.5761 -0.5480 -0.6065
vn -0.5311 -0.6702 -0.5184
vn -0.4330 -0.7769 -0.4571
vn -0.2970 -0.8516 -0.4319
vn -0.1436 -0.8831 -0.4466
vn 0.0038 -0.8666 -0.4991
vn 0.1227 -0.8045 -0.5812
vn -0.2002 -0.6201 -0.7586
# 114 vertex normals

vt 0.0000 1.0000 0.0000
vt 0.0000 0.8750 0.0000
vt 0.0625 0.8750 0.0000
vt 0.0625 1.0000 0.0000
vt 0.1250 0.8750 0.0000
vt 0.1250 1.0000 0.0000
vt 0.1875 0.8750 0.0000
vt 0.1875 1.0000 0.0000
vt 0.2500 0.8750 0.0000
vt 0.2500 1.0000 0.0000
vt 0.3125 0.8750 0.0000
vt 0.3125 1.0000 0.0000
vt 0.3750 0.8750 0.0000
vt 0.3750 1.0000 0.0000
vt 0.4375 0.8750 0.0000
vt 0.4375 1.0000 0.0000
vt 0.5000 0.8750 0.0000
vt 0.5000 1.0000 0.0000
vt 0.5625 0.8750 0.0000
vt 0.5625 1.0000 0.0000
vt 0.6250 0.8750 0.0000
vt 0.6250 1.0000 0.0000
vt 0.6875 0.8750 0.0000
vt 0.6875 1.0000 0.0000
vt 0.7500 0.8750 0.0000
vt 0.7500 1.0000 0.0000
vt 0.8125 0.8750 0.0000
vt 0.8125 1.0000 0.0000
vt 0.8750 0.8750 0.0000
vt 0.8750 1.0000 0.0000
vt 0.9375 0.8750 0.0000
vt 0.9375 1.0000 0.0000
vt 1.0000 0.8750 0.0000
vt 0.0000 0.7500 0.0000
vt 0.0625 0.7500 0.0000
vt 0.1250 0.7500 0.0000
vt 0.1875 0.7500 0.0000
vt 0.2500 0.7500 0.0000
vt 0.3125 0.7500 0.0000
vt 0.3750 0.7500 0.0000
vt 0.4375 0.7500 0.0000
vt 0.5000 0.7500 0.0000
vt 0.5625 0.7500 0.0000
vt 0.6250 0.7500 0.0000
vt 0.6875 0.7500 0.0000
vt 0.7500 0.7500 0.0000
vt 0.8125 0.7500 0.0000
vt 0.8750 0.7500 0.0000
vt 0.9375 0.7500 0.0000
vt 1.0000 0.7500 0.0000
vt 0.0000 0.6250 0.0000
vt 0.0625 0.6250 0.0000
vt 0.1250 0.6250 0.0000
vt 0.1875 0.6250 0.0000
vt 0.2500 0.6250 0.0000
vt 0.3125 0.6250 0.0000
vt 0.3750 0.6250 0.0000
vt 0.4375 0.6250 0.0000
vt 0.5000 0.6250 0.0000
vt 0.5625 0.6250 0.0000
vt 0.6250 0.6250 0.0000
vt 0.6875 0.6250 0.0000
vt 0.7500 0.6250 0.0000
vt 0.8125 0.6250 0.0000
vt 0.8750 0.6250 0.0000
vt 0.9375 0.6250 0.0000
vt 1.0000 0.6250 0.0000
vt 0.0000 0.5000 0.0000
vt 0.0625 0.5000 0.0000
vt 0.1250 0.5000 0.0000
vt 0.1875 0.5000 0.0000
vt 0.2500 0.5000 0.0000
vt 0.3125 0.5000 0.0000
vt 0.3750 0.5000 0.0000
vt 0.4375 0.5000 0.0000
vt 0.5000 0.5000 0.0000
vt 0.5625 0.5000 0.0000
vt 0.6250 0.5000 0.0000
vt 0.6875 0.5000 0.0000
vt 0.7500 0.5000 0.0000
vt 0.8125 0.5000 0.0000
vt 0.8750 0.5000 0.0000
vt 0.9375 0.5000 0.0000
vt 1.0000 0.5000 0.0000
vt 0.0000 0.3750 0.0000
vt 0.0625 0.3750 0.0000
vt 0.1250 0.3750 0.0000
vt 0.1875 0.3750 0.0000
vt 0.2500 0.3750 0.0000
vt 0.3125 0.3750 0.0000
vt 0.3750 0.3750 0.0000
vt 0.4375 0.3750 0.0000
vt 0.5000 0.3750 0.0000
vt 0.5625 0.3750 0.0000
vt 0.6250 0.3750 0.0000
vt 0.6875 0.3750 0.0000
vt 0.7500 0.3750 0.0000
vt 0.8125 0.3750 0.0000
vt 0.8750 0.3750 0.0000
vt 0.9375 0.3750 0.0000
vt 1.0000 0.3750 0.0000
vt 0.0000 0.2500 0.0000
vt 0.0625 0.2500 0.0000
vt 0.1250 0.2500 0.0000
vt 0.1875 0.2500 0.0000
vt 0.2500 0.2500 0.0000
vt 0.3125 0.2500 0.0000
vt 0.3750 0.2500 0.0000
vt 0.4375 0.2500 0.0000
vt 0.5000 0.2500 0.0000
vt 0.5625 0.2500 0.0000
vt 0.6250 0.2500 0.0000
vt 0.6875 0.2500 0.0000
vt 0.7500 0.2500 0.0000
vt 0.8125 0.2500 0.0000
vt 0.8750 0.2500 0.0000
vt 0.9375 0.2500 0.0000
vt 1.0000 0.2500 0.0000
vt 0.0000 0.1250 0.0000
vt 0.0625 0.1250 0.0000
vt 0.1250 0.1250 0.0000
vt 0.1875 0.1250 0.0000
vt 0.2500 0.1250 0.0000
vt 0.3125 0.1250 0.0000
vt 0.3750 0.1250 0.0000
vt 0.4375 0.1250 0.0000
vt 0.5000 0.1250 0.0000
vt 0.5625 0.1250 0.0000
vt 0.6250 0.1250 0.0000
vt 0.6875 0.1250 0.0000
vt 0.7500 0.1250 0.0000
vt 0.8125 0.1250 0.0000
vt 0.8750 0.1250 0.0000
vt 0.9375 0.1250 0.0000
vt 1.0000 0.1250 0.0000
vt 0.0000 0.0000 0.0000
vt 0.0625 0.0000 0.0000
vt 0.1250 0.0000 0.0000
vt 0.1875 0.0000 0.0000
vt 0.2500 0.0000 0.0000
vt 0.3125 0.0000 0.0000
vt 0.3750 0.0000 0.0000
vt 0.4375 0.0000 0.0000
vt 0.5000 0.0000 0.0000
vt 0.5625 0.0000 0.0000
vt 0.6250 0.0000 0.0000
vt 0.6875 0.0000 0.0000
vt 0.7500 0.0000 0.0000
vt 0.8125 0.0000 0.0000
vt 0.8750 0.0000 0.0000
vt 0.9375 0.0000 0.0000
# 151 texture coords

o Sphere008
g Sphere008
usemtl wire_224086086
s 1
f 1183/1058/1183 1184/1059/1184 1185/1060/1185 
f 1183/1061/1183 1185/1060/1185 1186/1062/1186 
f 1183/1063/1183 1186/1062/1186 1187/1064/1187 
f 1183/1065/1183 1187/1064/1187 1188/1066/1188 
f 1183/1067/1183 1188/1066/1188 1189/1068/1189 
f 1183/1069/1183 1189/1068/1189 1190/1070/1190 
f 1183/1071/1183 1190/1070/1190 1191/1072/1191 
f 1183/1073/1183 1191/1072/1191 1192/1074/1192 
f 1183/1075/1183 1192/1074/1192 1193/1076/1193 
f 1183/1077/1183 1193/1076/1193 1194/1078/1194 
f 1183/1079/1183 1194/1078/1194 1195/1080/1195 
f 1183/1081/1183 1195/1080/1195 1196/1082/1196 
f 1183/1083/1183 1196/1082/1196 1197/1084/1197 
f 1183/1085/1183 1197/1084/1197 1198/1086/1198 
f 1183/1087/1183 1198/1086/1198 1199/1088/1199 
f 1183/1089/1183 1199/1088/1199 1184/1090/1184 
f 1184/1059/1184 1200/1091/1200 1201/1092/1201 1185/1060/1185 
f 1185/1060/1185 1201/1092/1201 1202/1093/1202 1186/1062/1186 
f 1186/1062/1186 1202/1093/1202 1203/1094/1203 1187/1064/1187 
f 1187/1064/1187 1203/1094/1203 1204/1095/1204 1188/1066/1188 
f 1188/1066/1188 1204/1095/1204 1205/1096/1205 1189/1068/1189 
f 1189/1068/1189 1205/1096/1205 1206/1097/1206 1190/1070/1190 
f 1190/1070/1190 1206/1097/1206 1207/1098/1207 1191/1072/1191 
f 1191/1072/1191 1207/1098/1207 1208/1099/1208 1192/1074/1192 
f 1192/1074/1192 1208/1099/1208 1209/1100/1209 1193/1076/1193 
f 1193/1076/1193 1209/1100/1209 1210/1101/1210 1194/1078/1194 
f 1194/1078/1194 1210/1101/1210 1211/1102/1211 1195/1080/1195 
f 1195/1080/1195 1211/1102/1211 1212/1103/1212 1196/1082/1196 
f 1196/1082/1196 1212/1103/1212 1213/1104/1213 1197/1084/1197 
f 1197/1084/1197 1213/1104/1213 1214/1105/1214 1198/1086/1198 
f 1198/1086/1198 1214/1105/1214 1215/1106/1215 1199/1088/1199 
f 1199/1088/1199 1215/1106/1215 1200/1107/1200 1184/1090/1184 
f 1200/1091/1200 1216/1108/1216 1217/1109/1217 1201/1092/1201 
f 1201/1092/1201 1217/1109/1217 1218/1110/1218 1202/1093/1202 
f 1202/1093/1202 1218/1110/1218 1219/1111/1219 1203/1094/1203 
f 1203/1094/1203 1219/1111/1219 1220/1112/1220 1204/1095/1204 
f 1204/1095/1204 1220/1112/1220 1221/1113/1221 1205/1096/1205 
f 1205/1096/1205 1221/1113/1221 1222/1114/1222 1206/1097/1206 
f 1206/1097/1206 1222/1114/1222 1223/1115/1223 1207/1098/1207 
f 1207/1098/1207 1223/1115/1223 1224/1116/1224 1208/1099/1208 
f 1208/1099/1208 1224/1116/1224 1225/1117/1225 1209/1100/1209 
f 1209/1100/1209 1225/1117/1225 1226/1118/1226 1210/1101/1210 
f 1210/1101/1210 1226/1118/1226 1227/1119/1227 1211/1102/1211 
f 1211/1102/1211 1227/1119/1227 1228/1120/1228 1212/1103/1212 
f 1212/1103/1212 1228/1120/1228 1229/1121/1229 1213/1104/1213 
f 1213/1104/1213 1229/1121/1229 1230/1122/1230 1214/1105/1214 
f 1214/1105/1214 1230/1122/1230 1231/1123/1231 1215/1106/1215 
f 1215/1106/1215 1231/1123/1231 1216/1124/1216 1200/1107/1200 
f 1216/1108/1216 1232/1125/1232 1233/1126/1233 1217/1109/1217 
f 1217/1109/1217 1233/1126/1233 1234/1127/1234 1218/1110/1218 
f 1218/1110/1218 1234/1127/1234 1235/1128/1235 1219/1111/1219 
f 1219/1111/1219 1235/1128/1235 1236/1129/1236 1220/1112/1220 
f 1220/1112/1220 1236/1129/1236 1237/1130/1237 1221/1113/1221 
f 1221/1113/1221 1237/1130/1237 1238/1131/1238 1222/1114/1222 
f 1222/1114/1222 1238/1131/1238 1239/1132/1239 1223/1115/1223 
f 1223/1115/1223 1239/1132/1239 1240/1133/1240 1224/1116/1224 
f 1224/1116/1224 1240/1133/1240 1241/1134/1241 1225/1117/1225 
f 1225/1117/1225 1241/1134/1241 1242/1135/1242 1226/1118/1226 
f 1226/1118/1226 1242/1135/1242 1243/1136/1243 1227/1119/1227 
f 1227/1119/1227 1243/1136/1243 1244/1137/1244 1228/1120/1228 
f 1228/1120/1228 1244/1137/1244 1245/1138/1245 1229/1121/1229 
f 1229/1121/1229 1245/1138/1245 1246/1139/1246 1230/1122/1230 
f 1230/1122/1230 1246/1139/1246 1247/1140/1247 1231/1123/1231 
f 1231/1123/1231 1247/1140/1247 1232/1141/1232 1216/1124/1216 
f 1232/1125/1232 1248/1142/1248 1249/1143/1249 1233/1126/1233 
f 1233/1126/1233 1249/1143/1249 1250/1144/1250 1234/1127/1234 
f 1234/1127/1234 1250/1144/1250 1251/1145/1251 1235/1128/1235 
f 1235/1128/1235 1251/1145/1251 1252/1146/1252 1236/1129/1236 
f 1236/1129/1236 1252/1146/1252 1253/1147/1253 1237/1130/1237 
f 1237/1130/1237 1253/1147/1253 1254/1148/1254 1238/1131/1238 
f 1238/1131/1238 1254/1148/1254 1255/1149/1255 1239/1132/1239 
f 1239/1132/1239 1255/1149/1255 1256/1150/1256 1240/1133/1240 
f 1240/1133/1240 1256/1150/1256 1257/1151/1257 1241/1134/1241 
f 1241/1134/1241 1257/1151/1257 1258/1152/1258 1242/1135/1242 
f 1242/1135/1242 1258/1152/1258 1259/1153/1259 1243/1136/1243 
f 1243/1136/1243 1259/1153/1259 1260/1154/1260 1244/1137/1244 
f 1244/1137/1244 1260/1154/1260 1261/1155/1261 1245/1138/1245 
f 1245/1138/1245 1261/1155/1261 1262/1156/1262 1246/1139/1246 
f 1246/1139/1246 1262/1156/1262 1263/1157/1263 1247/1140/1247 
f 1247/1140/1247 1263/1157/1263 1248/1158/1248 1232/1141/1232 
f 1248/1142/1248 1264/1159/1264 1265/1160/1265 1249/1143/1249 
f 1249/1143/1249 1265/1160/1265 1266/1161/1266 1250/1144/1250 
f 1250/1144/1250 1266/1161/1266 1267/1162/1267 1251/1145/1251 
f 1251/1145/1251 1267/1162/1267 1268/1163/1268 1252/1146/1252 
f 1252/1146/1252 1268/1163/1268 1269/1164/1269 1253/1147/1253 
f 1253/1147/1253 1269/1164/1269 1270/1165/1270 1254/1148/1254 
f 1254/1148/1254 1270/1165/1270 1271/1166/1271 1255/1149/1255 
f 1255/1149/1255 1271/1166/1271 1272/1167/1272 1256/1150/1256 
f 1256/1150/1256 1272/1167/1272 1273/1168/1273 1257/1151/1257 
f 1257/1151/1257 1273/1168/1273 1274/1169/1274 1258/1152/1258 
f 1258/1152/1258 1274/1169/1274 1275/1170/1275 1259/1153/1259 
f 1259/1153/1259 1275/1170/1275 1276/1171/1276 1260/1154/1260 
f 1260/1154/1260 1276/1171/1276 1277/1172/1277 1261/1155/1261 
f 1261/1155/1261 1277/1172/1277 1278/1173/1278 1262/1156/1262 
f 1262/1156/1262 1278/1173/1278 1279/1174/1279 1263/1157/1263 
f 1263/1157/1263 1279/1174/1279 1264/1175/1264 1248/1158/1248 
f 1264/1159/1264 1280/1176/1280 1281/1177/1281 1265/1160/1265 
f 1265/1160/1265 1281/1177/1281 1282/1178/1282 1266/1161/1266 
f 1266/1161/1266 1282/1178/1282 1283/1179/1283 1267/1162/1267 
f 1267/1162/1267 1283/1179/1283 1284/1180/1284 1268/1163/1268 
f 1268/1163/1268 1284/1180/1284 1285/1181/1285 1269/1164/1269 
f 1269/1164/1269 1285/1181/1285 1286/1182/1286 1270/1165/1270 
f 1270/1165/1270 1286/1182/1286 1287/1183/1287 1271/1166/1271 
f 1271/1166/1271 1287/1183/1287 1288/1184/1288 1272/1167/1272 
f 1272/1167/1272 1288/1184/1288 1289/1185/1289 1273/1168/1273 
f 1273/1168/1273 1289/1185/1289 1290/1186/1290 1274/1169/1274 
f 1274/1169/1274 1290/1186/1290 1291/1187/1291 1275/1170/1275 
f 1275/1170/1275 1291/1187/1291 1292/1188/1292 1276/1171/1276 
f 1276/1171/1276 1292/1188/1292 1293/1189/1293 1277/1172/1277 
f 1277/1172/1277 1293/1189/1293 1294/1190/1294 1278/1173/1278 
f 1278/1173/1278 1294/1190/1294 1295/1191/1295 1279/1174/1279 
f 1279/1174/1279 1295/1191/1295 1280/1192/1280 1264/1175/1264 
f 1296/1193/1296 1281/1177/1281 1280/1176/1280 
f 1296/1194/1296 1282/1178/1282 1281/1177/1281 
f 1296/1195/1296 1283/1179/1283 1282/1178/1282 
f 1296/1196/1296 1284/1180/1284 1283/1179/1283 
f 1296/1197/1296 1285/1181/1285 1284/1180/1284 
f 1296/1198/1296 1286/1182/1286 1285/1181/1285 
f 1296/1199/1296 1287/1183/1287 1286/1182/1286 
f 1296/1200/1296 1288/1184/1288 1287/1183/1287 
f 1296/1201/1296 1289/1185/1289 1288/1184/1288 
f 1296/1202/1296 1290/1186/1290 1289/1185/1289 
f 1296/1203/1296 1291/1187/1291 1290/1186/1290 
f 1296/1204/1296 1292/1188/1292 1291/1187/1291 
f 1296/1205/1296 1293/1189/1293 1292/1188/1292 
f 1296/1206/1296 1294/1190/1294 1293/1189/1293 
f 1296/1207/1296 1295/1191/1295 1294/1190/1294 
f 1296/1208/1296 1280/1192/1280 1295/1191/1295 
# 96 polygons - 32 triangles

#
# object Sphere009
#

v  0.0152 0.0737 4.0193
v  0.0460 0.0513 3.9787
v  0.0304 0.0596 3.9677
v  0.0116 0.0679 3.9641
v  -0.0075 0.0748 3.9685
v  -0.0241 0.0794 3.9802
v  -0.0356 0.0810 3.9976
v  -0.0402 0.0792 4.0178
v  -0.0374 0.0744 4.0379
v  -0.0274 0.0673 4.0547
v  -0.0118 0.0590 4.0658
v  0.0070 0.0507 4.0694
v  0.0261 0.0437 4.0650
v  0.0427 0.0391 4.0532
v  0.0542 0.0376 4.0359
v  0.0588 0.0394 4.0156
v  0.0559 0.0442 3.9956
v  0.0603 0.0034 3.9391
v  0.0316 0.0187 3.9186
v  -0.0031 0.0340 3.9120
v  -0.0385 0.0469 3.9202
v  -0.0691 0.0554 3.9419
v  -0.0903 0.0582 3.9739
v  -0.0989 0.0549 4.0113
v  -0.0936 0.0461 4.0483
v  -0.0751 0.0329 4.0795
v  -0.0464 0.0176 4.0999
v  -0.0117 0.0023 4.1066
v  0.0237 -0.0106 4.0984
v  0.0543 -0.0191 4.0767
v  0.0755 -0.0219 4.0447
v  0.0841 -0.0186 4.0073
v  0.0788 -0.0098 3.9702
v  0.0561 -0.0627 3.9064
v  0.0185 -0.0426 3.8797
v  -0.0268 -0.0227 3.8710
v  -0.0730 -0.0059 3.8817
v  -0.1130 0.0052 3.9101
v  -0.1407 0.0089 3.9519
v  -0.1520 0.0047 4.0007
v  -0.1450 -0.0069 4.0492
v  -0.1209 -0.0241 4.0899
v  -0.0833 -0.0442 4.1166
v  -0.0380 -0.0641 4.1253
v  0.0082 -0.0810 4.1146
v  0.0482 -0.0921 4.0862
v  0.0760 -0.0957 4.0444
v  0.0872 -0.0915 3.9955
v  0.0802 -0.0799 3.9471
v  0.0339 -0.1369 3.8857
v  -0.0067 -0.1152 3.8568
v  -0.0558 -0.0936 3.8474
v  -0.1058 -0.0754 3.8590
v  -0.1491 -0.0634 3.8897
v  -0.1791 -0.0594 3.9350
v  -0.1913 -0.0640 3.9878
v  -0.1837 -0.0765 4.0403
v  -0.1576 -0.0951 4.0843
v  -0.1170 -0.1168 4.1132
v  -0.0679 -0.1385 4.1226
v  -0.0179 -0.1567 4.1110
v  0.0254 -0.1687 4.0803
v  0.0554 -0.1727 4.0351
v  0.0676 -0.1680 3.9822
v  0.0600 -0.1555 3.9298
v  -0.0028 -0.2079 3.8801
v  -0.0404 -0.1879 3.8534
v  -0.0857 -0.1679 3.8448
v  -0.1319 -0.1511 3.8554
v  -0.1719 -0.1400 3.8838
v  -0.1997 -0.1363 3.9256
v  -0.2109 -0.1406 3.9745
v  -0.2039 -0.1521 4.0229
v  -0.1798 -0.1693 4.0636
v  -0.1422 -0.1894 4.0903
v  -0.0969 -0.2094 4.0990
v  -0.0507 -0.2262 4.0883
v  -0.0107 -0.2373 4.0599
v  0.0170 -0.2410 4.0181
v  0.0283 -0.2367 3.9693
v  0.0213 -0.2251 3.9208
v  -0.0486 -0.2650 3.8905
v  -0.0773 -0.2496 3.8701
v  -0.1120 -0.2343 3.8634
v  -0.1474 -0.2214 3.8716
v  -0.1780 -0.2129 3.8933
v  -0.1992 -0.2101 3.9253
v  -0.2078 -0.2134 3.9627
v  -0.2025 -0.2223 3.9998
v  -0.1840 -0.2354 4.0309
v  -0.1553 -0.2508 4.0514
v  -0.1206 -0.2660 4.0580
v  -0.0852 -0.2789 4.0498
v  -0.0546 -0.2874 4.0281
v  -0.0334 -0.2902 3.9961
v  -0.0248 -0.2870 3.9587
v  -0.0301 -0.2781 3.9217
v  -0.0963 -0.2993 3.9153
v  -0.1119 -0.2910 3.9042
v  -0.1307 -0.2827 3.9006
v  -0.1498 -0.2757 3.9051
v  -0.1664 -0.2711 3.9168
v  -0.1779 -0.2696 3.9341
v  -0.1825 -0.2714 3.9544
v  -0.1796 -0.2762 3.9744
v  -0.1696 -0.2833 3.9913
v  -0.1541 -0.2916 4.0023
v  -0.1353 -0.2999 4.0059
v  -0.1162 -0.3069 4.0015
v  -0.0996 -0.3115 3.9898
v  -0.0881 -0.3130 3.9724
v  -0.0835 -0.3112 3.9522
v  -0.0863 -0.3064 3.9321
v  -0.1389 -0.3057 3.9507
# 114 vertices

vn 0.3709 0.9138 0.1653
vn 0.6162 0.7759 -0.1355
vn 0.4986 0.8387 -0.2190
vn 0.3568 0.9012 -0.2461
vn 0.2124 0.9537 -0.2128
vn 0.0873 0.9884 -0.1240
vn 0.0006 1.0000 0.0067
vn -0.0345 0.9866 0.1594
vn -0.0127 0.9504 0.3109
vn 0.0627 0.8967 0.4381
vn 0.1802 0.8339 0.5216
vn 0.3220 0.7715 0.5488
vn 0.4664 0.7189 0.5154
vn 0.5915 0.6842 0.4266
vn 0.6782 0.6726 0.2959
vn 0.7134 0.6860 0.1432
vn 0.6916 0.7223 -0.0083
vn 0.7513 0.5275 -0.3965
vn 0.5417 0.6395 -0.5455
vn 0.2889 0.7509 -0.5939
vn 0.0313 0.8447 -0.5344
vn -0.1917 0.9066 -0.3760
vn -0.3464 0.9271 -0.1429
vn -0.4090 0.9033 0.1294
vn -0.3702 0.8386 0.3996
vn -0.2357 0.7430 0.6264
vn -0.0261 0.6310 0.7753
vn 0.2267 0.5196 0.8238
vn 0.4843 0.4259 0.7643
vn 0.7074 0.3640 0.6059
vn 0.8620 0.3434 0.3728
vn 0.9247 0.3672 0.1005
vn 0.8858 0.4319 -0.1697
vn 0.7755 0.2031 -0.5978
vn 0.5051 0.3476 -0.7900
vn 0.1789 0.4913 -0.8524
vn -0.1533 0.6122 -0.7757
vn -0.4411 0.6921 -0.5714
vn -0.6405 0.7186 -0.2707
vn -0.7214 0.6879 0.0806
vn -0.6712 0.6045 0.4291
vn -0.4978 0.4811 0.7216
vn -0.2274 0.3366 0.9138
vn 0.0988 0.1930 0.9762
vn 0.4310 0.0720 0.8995
vn 0.7188 -0.0078 0.6952
vn 0.9182 -0.0344 0.3945
vn 0.9991 -0.0036 0.0432
vn 0.9489 0.0798 -0.3053
vn 0.6865 -0.1499 -0.7115
vn 0.3949 0.0059 -0.9187
vn 0.0432 0.1609 -0.9860
vn -0.3151 0.2913 -0.9033
vn -0.6254 0.3774 -0.6830
vn -0.8405 0.4060 -0.3587
vn -0.9277 0.3729 0.0202
vn -0.8736 0.2829 0.3960
vn -0.6865 0.1499 0.7115
vn -0.3949 -0.0059 0.9187
vn -0.0432 -0.1609 0.9860
vn 0.3151 -0.2913 0.9033
vn 0.6254 -0.3774 0.6830
vn 0.8405 -0.4060 0.3587
vn 0.9277 -0.3729 -0.0202
vn 0.8736 -0.2829 -0.3960
vn 0.4978 -0.4811 -0.7216
vn 0.2274 -0.3366 -0.9138
vn -0.0988 -0.1930 -0.9762
vn -0.4310 -0.0720 -0.8995
vn -0.7188 0.0078 -0.6952
vn -0.9182 0.0344 -0.3945
vn -0.9991 0.0036 -0.0432
vn -0.9489 -0.0798 0.3053
vn -0.7755 -0.2031 0.5978
vn -0.5051 -0.3476 0.7900
vn -0.1789 -0.4913 0.8524
vn 0.1533 -0.6122 0.7757
vn 0.4411 -0.6921 0.5714
vn 0.6405 -0.7186 0.2707
vn 0.7214 -0.6879 -0.0806
vn 0.6712 -0.6045 -0.4291
vn 0.2357 -0.7430 -0.6264
vn 0.0261 -0.6310 -0.7753
vn -0.2267 -0.5196 -0.8238
vn -0.4843 -0.4259 -0.7643
vn -0.7074 -0.3640 -0.6059
vn -0.8620 -0.3434 -0.3728
vn -0.9247 -0.3672 -0.1005
vn -0.8858 -0.4319 0.1697
vn -0.7513 -0.5275 0.3965
vn -0.5417 -0.6395 0.5455
vn -0.2889 -0.7509 0.5939
vn -0.0313 -0.8447 0.5344
vn 0.1917 -0.9066 0.3760
vn 0.3464 -0.9271 0.1429
vn 0.4090 -0.9033 -0.1294
vn 0.3702 -0.8386 -0.3996
vn -0.0627 -0.8967 -0.4381
vn -0.1802 -0.8339 -0.5216
vn -0.3220 -0.7715 -0.5488
vn -0.4664 -0.7189 -0.5154
vn -0.5915 -0.6842 -0.4266
vn -0.6782 -0.6726 -0.2959
vn -0.7134 -0.6860 -0.1432
vn -0.6916 -0.7223 0.0083
vn -0.6162 -0.7759 0.1355
vn -0.4986 -0.8387 0.2190
vn -0.3568 -0.9012 0.2461
vn -0.2124 -0.9537 0.2128
vn -0.0873 -0.9884 0.1240
vn -0.0006 -1.0000 -0.0067
vn 0.0345 -0.9866 -0.1594
vn 0.0127 -0.9503 -0.3109
vn -0.3709 -0.9138 -0.1653
# 114 vertex normals

vt 0.0000 1.0000 0.0000
vt 0.0000 0.8750 0.0000
vt 0.0625 0.8750 0.0000
vt 0.0625 1.0000 0.0000
vt 0.1250 0.8750 0.0000
vt 0.1250 1.0000 0.0000
vt 0.1875 0.8750 0.0000
vt 0.1875 1.0000 0.0000
vt 0.2500 0.8750 0.0000
vt 0.2500 1.0000 0.0000
vt 0.3125 0.8750 0.0000
vt 0.3125 1.0000 0.0000
vt 0.3750 0.8750 0.0000
vt 0.3750 1.0000 0.0000
vt 0.4375 0.8750 0.0000
vt 0.4375 1.0000 0.0000
vt 0.5000 0.8750 0.0000
vt 0.5000 1.0000 0.0000
vt 0.5625 0.8750 0.0000
vt 0.5625 1.0000 0.0000
vt 0.6250 0.8750 0.0000
vt 0.6250 1.0000 0.0000
vt 0.6875 0.8750 0.0000
vt 0.6875 1.0000 0.0000
vt 0.7500 0.8750 0.0000
vt 0.7500 1.0000 0.0000
vt 0.8125 0.8750 0.0000
vt 0.8125 1.0000 0.0000
vt 0.8750 0.8750 0.0000
vt 0.8750 1.0000 0.0000
vt 0.9375 0.8750 0.0000
vt 0.9375 1.0000 0.0000
vt 1.0000 0.8750 0.0000
vt 0.0000 0.7500 0.0000
vt 0.0625 0.7500 0.0000
vt 0.1250 0.7500 0.0000
vt 0.1875 0.7500 0.0000
vt 0.2500 0.7500 0.0000
vt 0.3125 0.7500 0.0000
vt 0.3750 0.7500 0.0000
vt 0.4375 0.7500 0.0000
vt 0.5000 0.7500 0.0000
vt 0.5625 0.7500 0.0000
vt 0.6250 0.7500 0.0000
vt 0.6875 0.7500 0.0000
vt 0.7500 0.7500 0.0000
vt 0.8125 0.7500 0.0000
vt 0.8750 0.7500 0.0000
vt 0.9375 0.7500 0.0000
vt 1.0000 0.7500 0.0000
vt 0.0000 0.6250 0.0000
vt 0.0625 0.6250 0.0000
vt 0.1250 0.6250 0.0000
vt 0.1875 0.6250 0.0000
vt 0.2500 0.6250 0.0000
vt 0.3125 0.6250 0.0000
vt 0.3750 0.6250 0.0000
vt 0.4375 0.6250 0.0000
vt 0.5000 0.6250 0.0000
vt 0.5625 0.6250 0.0000
vt 0.6250 0.6250 0.0000
vt 0.6875 0.6250 0.0000
vt 0.7500 0.6250 0.0000
vt 0.8125 0.6250 0.0000
vt 0.8750 0.6250 0.0000
vt 0.9375 0.6250 0.0000
vt 1.0000 0.6250 0.0000
vt 0.0000 0.5000 0.0000
vt 0.0625 0.5000 0.0000
vt 0.1250 0.5000 0.0000
vt 0.1875 0.5000 0.0000
vt 0.2500 0.5000 0.0000
vt 0.3125 0.5000 0.0000
vt 0.3750 0.5000 0.0000
vt 0.4375 0.5000 0.0000
vt 0.5000 0.5000 0.0000
vt 0.5625 0.5000 0.0000
vt 0.6250 0.5000 0.0000
vt 0.6875 0.5000 0.0000
vt 0.7500 0.5000 0.0000
vt 0.8125 0.5000 0.0000
vt 0.8750 0.5000 0.0000
vt 0.9375 0.5000 0.0000
vt 1.0000 0.5000 0.0000
vt 0.0000 0.3750 0.0000
vt 0.0625 0.3750 0.0000
vt 0.1250 0.3750 0.0000
vt 0.1875 0.3750 0.0000
vt 0.2500 0.3750 0.0000
vt 0.3125 0.3750 0.0000
vt 0.3750 0.3750 0.0000
vt 0.4375 0.3750 0.0000
vt 0.5000 0.3750 0.0000
vt 0.5625 0.3750 0.0000
vt 0.6250 0.3750 0.0000
vt 0.6875 0.3750 0.0000
vt 0.7500 0.3750 0.0000
vt 0.8125 0.3750 0.0000
vt 0.8750 0.3750 0.0000
vt 0.9375 0.3750 0.0000
vt 1.0000 0.3750 0.0000
vt 0.0000 0.2500 0.0000
vt 0.0625 0.2500 0.0000
vt 0.1250 0.2500 0.0000
vt 0.1875 0.2500 0.0000
vt 0.2500 0.2500 0.0000
vt 0.3125 0.2500 0.0000
vt 0.3750 0.2500 0.0000
vt 0.4375 0.2500 0.0000
vt 0.5000 0.2500 0.0000
vt 0.5625 0.2500 0.0000
vt 0.6250 0.2500 0.0000
vt 0.6875 0.2500 0.0000
vt 0.7500 0.2500 0.0000
vt 0.8125 0.2500 0.0000
vt 0.8750 0.2500 0.0000
vt 0.9375 0.2500 0.0000
vt 1.0000 0.2500 0.0000
vt 0.0000 0.1250 0.0000
vt 0.0625 0.1250 0.0000
vt 0.1250 0.1250 0.0000
vt 0.1875 0.1250 0.0000
vt 0.2500 0.1250 0.0000
vt 0.3125 0.1250 0.0000
vt 0.3750 0.1250 0.0000
vt 0.4375 0.1250 0.0000
vt 0.5000 0.1250 0.0000
vt 0.5625 0.1250 0.0000
vt 0.6250 0.1250 0.0000
vt 0.6875 0.1250 0.0000
vt 0.7500 0.1250 0.0000
vt 0.8125 0.1250 0.0000
vt 0.8750 0.1250 0.0000
vt 0.9375 0.1250 0.0000
vt 1.0000 0.1250 0.0000
vt 0.0000 0.0000 0.0000
vt 0.0625 0.0000 0.0000
vt 0.1250 0.0000 0.0000
vt 0.1875 0.0000 0.0000
vt 0.2500 0.0000 0.0000
vt 0.3125 0.0000 0.0000
vt 0.3750 0.0000 0.0000
vt 0.4375 0.0000 0.0000
vt 0.5000 0.0000 0.0000
vt 0.5625 0.0000 0.0000
vt 0.6250 0.0000 0.0000
vt 0.6875 0.0000 0.0000
vt 0.7500 0.0000 0.0000
vt 0.8125 0.0000 0.0000
vt 0.8750 0.0000 0.0000
vt 0.9375 0.0000 0.0000
# 151 texture coords

o Sphere009
g Sphere009
usemtl wire_224086086
s 1
f 1297/1209/1297 1298/1210/1298 1299/1211/1299 
f 1297/1212/1297 1299/1211/1299 1300/1213/1300 
f 1297/1214/1297 1300/1213/1300 1301/1215/1301 
f 1297/1216/1297 1301/1215/1301 1302/1217/1302 
f 1297/1218/1297 1302/1217/1302 1303/1219/1303 
f 1297/1220/1297 1303/1219/1303 1304/1221/1304 
f 1297/1222/1297 1304/1221/1304 1305/1223/1305 
f 1297/1224/1297 1305/1223/1305 1306/1225/1306 
f 1297/1226/1297 1306/1225/1306 1307/1227/1307 
f 1297/1228/1297 1307/1227/1307 1308/1229/1308 
f 1297/1230/1297 1308/1229/1308 1309/1231/1309 
f 1297/1232/1297 1309/1231/1309 1310/1233/1310 
f 1297/1234/1297 1310/1233/1310 1311/1235/1311 
f 1297/1236/1297 1311/1235/1311 1312/1237/1312 
f 1297/1238/1297 1312/1237/1312 1313/1239/1313 
f 1297/1240/1297 1313/1239/1313 1298/1241/1298 
f 1298/1210/1298 1314/1242/1314 1315/1243/1315 1299/1211/1299 
f 1299/1211/1299 1315/1243/1315 1316/1244/1316 1300/1213/1300 
f 1300/1213/1300 1316/1244/1316 1317/1245/1317 1301/1215/1301 
f 1301/1215/1301 1317/1245/1317 1318/1246/1318 1302/1217/1302 
f 1302/1217/1302 1318/1246/1318 1319/1247/1319 1303/1219/1303 
f 1303/1219/1303 1319/1247/1319 1320/1248/1320 1304/1221/1304 
f 1304/1221/1304 1320/1248/1320 1321/1249/1321 1305/1223/1305 
f 1305/1223/1305 1321/1249/1321 1322/1250/1322 1306/1225/1306 
f 1306/1225/1306 1322/1250/1322 1323/1251/1323 1307/1227/1307 
f 1307/1227/1307 1323/1251/1323 1324/1252/1324 1308/1229/1308 
f 1308/1229/1308 1324/1252/1324 1325/1253/1325 1309/1231/1309 
f 1309/1231/1309 1325/1253/1325 1326/1254/1326 1310/1233/1310 
f 1310/1233/1310 1326/1254/1326 1327/1255/1327 1311/1235/1311 
f 1311/1235/1311 1327/1255/1327 1328/1256/1328 1312/1237/1312 
f 1312/1237/1312 1328/1256/1328 1329/1257/1329 1313/1239/1313 
f 1313/1239/1313 1329/1257/1329 1314/1258/1314 1298/1241/1298 
f 1314/1242/1314 1330/1259/1330 1331/1260/1331 1315/1243/1315 
f 1315/1243/1315 1331/1260/1331 1332/1261/1332 1316/1244/1316 
f 1316/1244/1316 1332/1261/1332 1333/1262/1333 1317/1245/1317 
f 1317/1245/1317 1333/1262/1333 1334/1263/1334 1318/1246/1318 
f 1318/1246/1318 1334/1263/1334 1335/1264/1335 1319/1247/1319 
f 1319/1247/1319 1335/1264/1335 1336/1265/1336 1320/1248/1320 
f 1320/1248/1320 1336/1265/1336 1337/1266/1337 1321/1249/1321 
f 1321/1249/1321 1337/1266/1337 1338/1267/1338 1322/1250/1322 
f 1322/1250/1322 1338/1267/1338 1339/1268/1339 1323/1251/1323 
f 1323/1251/1323 1339/1268/1339 1340/1269/1340 1324/1252/1324 
f 1324/1252/1324 1340/1269/1340 1341/1270/1341 1325/1253/1325 
f 1325/1253/1325 1341/1270/1341 1342/1271/1342 1326/1254/1326 
f 1326/1254/1326 1342/1271/1342 1343/1272/1343 1327/1255/1327 
f 1327/1255/1327 1343/1272/1343 1344/1273/1344 1328/1256/1328 
f 1328/1256/1328 1344/1273/1344 1345/1274/1345 1329/1257/1329 
f 1329/1257/1329 1345/1274/1345 1330/1275/1330 1314/1258/1314 
f 1330/1259/1330 1346/1276/1346 1347/1277/1347 1331/1260/1331 
f 1331/1260/1331 1347/1277/1347 1348/1278/1348 1332/1261/1332 
f 1332/1261/1332 1348/1278/1348 1349/1279/1349 1333/1262/1333 
f 1333/1262/1333 1349/1279/1349 1350/1280/1350 1334/1263/1334 
f 1334/1263/1334 1350/1280/1350 1351/1281/1351 1335/1264/1335 
f 1335/1264/1335 1351/1281/1351 1352/1282/1352 1336/1265/1336 
f 1336/1265/1336 1352/1282/1352 1353/1283/1353 1337/1266/1337 
f 1337/1266/1337 1353/1283/1353 1354/1284/1354 1338/1267/1338 
f 1338/1267/1338 1354/1284/1354 1355/1285/1355 1339/1268/1339 
f 1339/1268/1339 1355/1285/1355 1356/1286/1356 1340/1269/1340 
f 1340/1269/1340 1356/1286/1356 1357/1287/1357 1341/1270/1341 
f 1341/1270/1341 1357/1287/1357 1358/1288/1358 1342/1271/1342 
f 1342/1271/1342 1358/1288/1358 1359/1289/1359 1343/1272/1343 
f 1343/1272/1343 1359/1289/1359 1360/1290/1360 1344/1273/1344 
f 1344/1273/1344 1360/1290/1360 1361/1291/1361 1345/1274/1345 
f 1345/1274/1345 1361/1291/1361 1346/1292/1346 1330/1275/1330 
f 1346/1276/1346 1362/1293/1362 1363/1294/1363 1347/1277/1347 
f 1347/1277/1347 1363/1294/1363 1364/1295/1364 1348/1278/1348 
f 1348/1278/1348 1364/1295/1364 1365/1296/1365 1349/1279/1349 
f 1349/1279/1349 1365/1296/1365 1366/1297/1366 1350/1280/1350 
f 1350/1280/1350 1366/1297/1366 1367/1298/1367 1351/1281/1351 
f 1351/1281/1351 1367/1298/1367 1368/1299/1368 1352/1282/1352 
f 1352/1282/1352 1368/1299/1368 1369/1300/1369 1353/1283/1353 
f 1353/1283/1353 1369/1300/1369 1370/1301/1370 1354/1284/1354 
f 1354/1284/1354 1370/1301/1370 1371/1302/1371 1355/1285/1355 
f 1355/1285/1355 1371/1302/1371 1372/1303/1372 1356/1286/1356 
f 1356/1286/1356 1372/1303/1372 1373/1304/1373 1357/1287/1357 
f 1357/1287/1357 1373/1304/1373 1374/1305/1374 1358/1288/1358 
f 1358/1288/1358 1374/1305/1374 1375/1306/1375 1359/1289/1359 
f 1359/1289/1359 1375/1306/1375 1376/1307/1376 1360/1290/1360 
f 1360/1290/1360 1376/1307/1376 1377/1308/1377 1361/1291/1361 
f 1361/1291/1361 1377/1308/1377 1362/1309/1362 1346/1292/1346 
f 1362/1293/1362 1378/1310/1378 1379/1311/1379 1363/1294/1363 
f 1363/1294/1363 1379/1311/1379 1380/1312/1380 1364/1295/1364 
f 1364/1295/1364 1380/1312/1380 1381/1313/1381 1365/1296/1365 
f 1365/1296/1365 1381/1313/1381 1382/1314/1382 1366/1297/1366 
f 1366/1297/1366 1382/1314/1382 1383/1315/1383 1367/1298/1367 
f 1367/1298/1367 1383/1315/1383 1384/1316/1384 1368/1299/1368 
f 1368/1299/1368 1384/1316/1384 1385/1317/1385 1369/1300/1369 
f 1369/1300/1369 1385/1317/1385 1386/1318/1386 1370/1301/1370 
f 1370/1301/1370 1386/1318/1386 1387/1319/1387 1371/1302/1371 
f 1371/1302/1371 1387/1319/1387 1388/1320/1388 1372/1303/1372 
f 1372/1303/1372 1388/1320/1388 1389/1321/1389 1373/1304/1373 
f 1373/1304/1373 1389/1321/1389 1390/1322/1390 1374/1305/1374 
f 1374/1305/1374 1390/1322/1390 1391/1323/1391 1375/1306/1375 
f 1375/1306/1375 1391/1323/1391 1392/1324/1392 1376/1307/1376 
f 1376/1307/1376 1392/1324/1392 1393/1325/1393 1377/1308/1377 
f 1377/1308/1377 1393/1325/1393 1378/1326/1378 1362/1309/1362 
f 1378/1310/1378 1394/1327/1394 1395/1328/1395 1379/1311/1379 
f 1379/1311/1379 1395/1328/1395 1396/1329/1396 1380/1312/1380 
f 1380/1312/1380 1396/1329/1396 1397/1330/1397 1381/1313/1381 
f 1381/1313/1381 1397/1330/1397 1398/1331/1398 1382/1314/1382 
f 1382/1314/1382 1398/1331/1398 1399/1332/1399 1383/1315/1383 
f 1383/1315/1383 1399/1332/1399 1400/1333/1400 1384/1316/1384 
f 1384/1316/1384 1400/1333/1400 1401/1334/1401 1385/1317/1385 
f 1385/1317/1385 1401/1334/1401 1402/1335/1402 1386/1318/1386 
f 1386/1318/1386 1402/1335/1402 1403/1336/1403 1387/1319/1387 
f 1387/1319/1387 1403/1336/1403 1404/1337/1404 1388/1320/1388 
f 1388/1320/1388 1404/1337/1404 1405/1338/1405 1389/1321/1389 
f 1389/1321/1389 1405/1338/1405 1406/1339/1406 1390/1322/1390 
f 1390/1322/1390 1406/1339/1406 1407/1340/1407 1391/1323/1391 
f 1391/1323/1391 1407/1340/1407 1408/1341/1408 1392/1324/1392 
f 1392/1324/1392 1408/1341/1408 1409/1342/1409 1393/1325/1393 
f 1393/1325/1393 1409/1342/1409 1394/1343/1394 1378/1326/1378 
f 1410/1344/1410 1395/1328/1395 1394/1327/1394 
f 1410/1345/1410 1396/1329/1396 1395/1328/1395 
f 1410/1346/1410 1397/1330/1397 1396/1329/1396 
f 1410/1347/1410 1398/1331/1398 1397/1330/1397 
f 1410/1348/1410 1399/1332/1399 1398/1331/1398 
f 1410/1349/1410 1400/1333/1400 1399/1332/1399 
f 1410/1350/1410 1401/1334/1401 1400/1333/1400 
f 1410/1351/1410 1402/1335/1402 1401/1334/1401 
f 1410/1352/1410 1403/1336/1403 1402/1335/1402 
f 1410/1353/1410 1404/1337/1404 1403/1336/1403 
f 1410/1354/1410 1405/1338/1405 1404/1337/1404 
f 1410/1355/1410 1406/1339/1406 1405/1338/1405 
f 1410/1356/1410 1407/1340/1407 1406/1339/1406 
f 1410/1357/1410 1408/1341/1408 1407/1340/1407 
f 1410/1358/1410 1409/1342/1409 1408/1341/1408 
f 1410/1359/1410 1394/1343/1394 1409/1342/1409 
# 96 polygons - 32 triangles

#
# object Sphere010
#

v  0.0798 0.4046 4.0843
v  0.0336 0.3759 4.0373
v  0.0166 0.3868 4.0551
v  0.0085 0.3975 4.0784
v  0.0106 0.4065 4.1036
v  0.0225 0.4124 4.1270
v  0.0424 0.4142 4.1450
v  0.0673 0.4118 4.1547
v  0.0934 0.4055 4.1549
v  0.1168 0.3962 4.1453
v  0.1338 0.3853 4.1275
v  0.1419 0.3746 4.1043
v  0.1398 0.3656 4.0790
v  0.1279 0.3597 4.0556
v  0.1080 0.3579 4.0377
v  0.0831 0.3603 4.0279
v  0.0570 0.3666 4.0278
v  -0.0146 0.3143 4.0115
v  -0.0460 0.3344 4.0443
v  -0.0610 0.3542 4.0873
v  -0.0572 0.3708 4.1340
v  -0.0352 0.3817 4.1772
v  0.0016 0.3851 4.2103
v  0.0477 0.3807 4.2284
v  0.0960 0.3689 4.2286
v  0.1391 0.3518 4.2110
v  0.1705 0.3317 4.1782
v  0.1855 0.3119 4.1351
v  0.1817 0.2953 4.0885
v  0.1597 0.2844 4.0453
v  0.1229 0.2810 4.0121
v  0.0768 0.2855 3.9941
v  0.0285 0.2972 3.9938
v  -0.0575 0.2293 4.0107
v  -0.0986 0.2555 4.0536
v  -0.1182 0.2814 4.1098
v  -0.1132 0.3031 4.1708
v  -0.0844 0.3173 4.2272
v  -0.0363 0.3218 4.2705
v  0.0238 0.3160 4.2941
v  0.0869 0.3006 4.2944
v  0.1433 0.2782 4.2714
v  0.1843 0.2520 4.2285
v  0.2039 0.2261 4.1723
v  0.1989 0.2044 4.1113
v  0.1702 0.1902 4.0549
v  0.1221 0.1857 4.0116
v  0.0619 0.1916 3.9880
v  -0.0012 0.2069 3.9877
v  -0.0887 0.1338 4.0351
v  -0.1331 0.1621 4.0816
v  -0.1543 0.1901 4.1424
v  -0.1489 0.2136 4.2084
v  -0.1178 0.2290 4.2695
v  -0.0657 0.2339 4.3164
v  -0.0006 0.2275 4.3419
v  0.0677 0.2110 4.3422
v  0.1287 0.1867 4.3173
v  0.1731 0.1584 4.2709
v  0.1943 0.1303 4.2100
v  0.1889 0.1068 4.1440
v  0.1578 0.0915 4.0830
v  0.1057 0.0866 4.0361
v  0.0406 0.0929 4.0105
v  -0.0277 0.1095 4.0102
v  -0.1033 0.0422 4.0810
v  -0.1444 0.0684 4.1239
v  -0.1639 0.0943 4.1801
v  -0.1589 0.1160 4.2411
v  -0.1302 0.1302 4.2975
v  -0.0821 0.1347 4.3409
v  -0.0219 0.1289 4.3645
v  0.0412 0.1136 4.3648
v  0.0975 0.0911 4.3417
v  0.1386 0.0650 4.2988
v  0.1581 0.0391 4.2426
v  0.1532 0.0174 4.1817
v  0.1244 0.0032 4.1252
v  0.0763 -0.0014 4.0819
v  0.0161 0.0045 4.0583
v  -0.0469 0.0198 4.0580
v  -0.0991 -0.0313 4.1414
v  -0.1305 -0.0113 4.1743
v  -0.1455 0.0085 4.2173
v  -0.1417 0.0251 4.2639
v  -0.1197 0.0360 4.3071
v  -0.0829 0.0395 4.3403
v  -0.0368 0.0350 4.3583
v  0.0114 0.0233 4.3586
v  0.0546 0.0061 4.3409
v  0.0860 -0.0139 4.3081
v  0.1010 -0.0338 4.2651
v  0.0972 -0.0504 4.2184
v  0.0752 -0.0612 4.1752
v  0.0383 -0.0647 4.1421
v  -0.0077 -0.0602 4.1240
v  -0.0560 -0.0485 4.1238
v  -0.0768 -0.0757 4.2071
v  -0.0938 -0.0649 4.2249
v  -0.1019 -0.0542 4.2482
v  -0.0999 -0.0452 4.2734
v  -0.0880 -0.0393 4.2968
v  -0.0680 -0.0374 4.3147
v  -0.0431 -0.0398 4.3245
v  -0.0170 -0.0462 4.3246
v  0.0064 -0.0555 4.3151
v  0.0234 -0.0663 4.2973
v  0.0315 -0.0771 4.2740
v  0.0294 -0.0860 4.2488
v  0.0175 -0.0919 4.2254
v  -0.0024 -0.0938 4.2075
v  -0.0273 -0.0914 4.1977
v  -0.0535 -0.0850 4.1976
v  -0.0398 -0.0842 4.2681
# 114 vertices

vn 0.2231 0.9125 -0.3430
vn -0.0392 0.7758 -0.6298
vn -0.1387 0.8392 -0.5258
vn -0.1861 0.9020 -0.3896
vn -0.1740 0.9546 -0.2419
vn -0.1044 0.9890 -0.1051
vn 0.0122 0.9999 -0.0001
vn 0.1581 0.9858 0.0571
vn 0.3109 0.9487 0.0578
vn 0.4475 0.8943 0.0020
vn 0.5470 0.8309 -0.1020
vn 0.5944 0.7681 -0.2382
vn 0.5823 0.7155 -0.3859
vn 0.5127 0.6811 -0.5227
vn 0.3961 0.6702 -0.6277
vn 0.2503 0.6843 -0.6849
vn 0.0974 0.7214 -0.6856
vn -0.2788 0.5286 -0.8017
vn -0.4564 0.6417 -0.6164
vn -0.5408 0.7537 -0.3734
vn -0.5193 0.8475 -0.1100
vn -0.3951 0.9088 0.1339
vn -0.1872 0.9283 0.3211
vn 0.0729 0.9031 0.4232
vn 0.3454 0.8370 0.4245
vn 0.5890 0.7400 0.3249
vn 0.7665 0.6269 0.1395
vn 0.8510 0.5149 -0.1034
vn 0.8295 0.4211 -0.3669
vn 0.7053 0.3598 -0.6108
vn 0.4974 0.3403 -0.7980
vn 0.2373 0.3655 -0.9001
vn -0.0353 0.4316 -0.9014
vn -0.4762 0.2053 -0.8550
vn -0.7052 0.3512 -0.6159
vn -0.8141 0.4956 -0.3026
vn -0.7864 0.6166 0.0373
vn -0.6262 0.6957 0.3519
vn -0.3580 0.7209 0.5934
vn -0.0226 0.6883 0.7250
vn 0.3290 0.6030 0.7267
vn 0.6433 0.4779 0.5982
vn 0.8723 0.3320 0.3591
vn 0.9812 0.1876 0.0457
vn 0.9534 0.0666 -0.2941
vn 0.7933 -0.0125 -0.6087
vn 0.5250 -0.0377 -0.8502
vn 0.1896 -0.0052 -0.9818
vn -0.1620 0.0802 -0.9835
vn -0.6036 -0.1470 -0.7836
vn -0.8506 0.0103 -0.5257
vn -0.9681 0.1661 -0.1878
vn -0.9381 0.2965 0.1787
vn -0.7654 0.3819 0.5180
vn -0.4761 0.4090 0.7784
vn -0.1144 0.3739 0.9204
vn 0.2648 0.2819 0.9222
vn 0.6036 0.1470 0.7836
vn 0.8506 -0.0103 0.5257
vn 0.9681 -0.1661 0.1878
vn 0.9381 -0.2965 -0.1787
vn 0.7654 -0.3819 -0.5180
vn 0.4761 -0.4090 -0.7784
vn 0.1144 -0.3739 -0.9204
vn -0.2648 -0.2819 -0.9222
vn -0.6433 -0.4779 -0.5982
vn -0.8723 -0.3320 -0.3591
vn -0.9812 -0.1876 -0.0457
vn -0.9534 -0.0666 0.2941
vn -0.7933 0.0125 0.6087
vn -0.5250 0.0377 0.8502
vn -0.1896 0.0052 0.9818
vn 0.1620 -0.0802 0.9835
vn 0.4762 -0.2053 0.8550
vn 0.7052 -0.3512 0.6159
vn 0.8141 -0.4956 0.3026
vn 0.7864 -0.6166 -0.0373
vn 0.6262 -0.6957 -0.3519
vn 0.3580 -0.7209 -0.5934
vn 0.0226 -0.6883 -0.7250
vn -0.3290 -0.6030 -0.7267
vn -0.5890 -0.7400 -0.3249
vn -0.7665 -0.6269 -0.1395
vn -0.8510 -0.5149 0.1034
vn -0.8295 -0.4211 0.3669
vn -0.7053 -0.3598 0.6108
vn -0.4974 -0.3403 0.7980
vn -0.2373 -0.3655 0.9001
vn 0.0353 -0.4316 0.9014
vn 0.2788 -0.5286 0.8017
vn 0.4564 -0.6417 0.6164
vn 0.5408 -0.7537 0.3734
vn 0.5193 -0.8475 0.1100
vn 0.3951 -0.9088 -0.1339
vn 0.1872 -0.9283 -0.3212
vn -0.0729 -0.9031 -0.4232
vn -0.3454 -0.8370 -0.4245
vn -0.4475 -0.8943 -0.0020
vn -0.5470 -0.8309 0.1020
vn -0.5944 -0.7681 0.2382
vn -0.5823 -0.7155 0.3859
vn -0.5127 -0.6811 0.5227
vn -0.3961 -0.6702 0.6277
vn -0.2503 -0.6843 0.6849
vn -0.0974 -0.7214 0.6856
vn 0.0392 -0.7758 0.6298
vn 0.1387 -0.8392 0.5258
vn 0.1861 -0.9020 0.3896
vn 0.1740 -0.9546 0.2419
vn 0.1044 -0.9890 0.1051
vn -0.0122 -0.9999 0.0001
vn -0.1581 -0.9858 -0.0571
vn -0.3109 -0.9487 -0.0578
vn -0.2231 -0.9125 0.3430
# 114 vertex normals

vt 0.0000 1.0000 0.0000
vt 0.0000 0.8750 0.0000
vt 0.0625 0.8750 0.0000
vt 0.0625 1.0000 0.0000
vt 0.1250 0.8750 0.0000
vt 0.1250 1.0000 0.0000
vt 0.1875 0.8750 0.0000
vt 0.1875 1.0000 0.0000
vt 0.2500 0.8750 0.0000
vt 0.2500 1.0000 0.0000
vt 0.3125 0.8750 0.0000
vt 0.3125 1.0000 0.0000
vt 0.3750 0.8750 0.0000
vt 0.3750 1.0000 0.0000
vt 0.4375 0.8750 0.0000
vt 0.4375 1.0000 0.0000
vt 0.5000 0.8750 0.0000
vt 0.5000 1.0000 0.0000
vt 0.5625 0.8750 0.0000
vt 0.5625 1.0000 0.0000
vt 0.6250 0.8750 0.0000
vt 0.6250 1.0000 0.0000
vt 0.6875 0.8750 0.0000
vt 0.6875 1.0000 0.0000
vt 0.7500 0.8750 0.0000
vt 0.7500 1.0000 0.0000
vt 0.8125 0.8750 0.0000
vt 0.8125 1.0000 0.0000
vt 0.8750 0.8750 0.0000
vt 0.8750 1.0000 0.0000
vt 0.9375 0.8750 0.0000
vt 0.9375 1.0000 0.0000
vt 1.0000 0.8750 0.0000
vt 0.0000 0.7500 0.0000
vt 0.0625 0.7500 0.0000
vt 0.1250 0.7500 0.0000
vt 0.1875 0.7500 0.0000
vt 0.2500 0.7500 0.0000
vt 0.3125 0.7500 0.0000
vt 0.3750 0.7500 0.0000
vt 0.4375 0.7500 0.0000
vt 0.5000 0.7500 0.0000
vt 0.5625 0.7500 0.0000
vt 0.6250 0.7500 0.0000
vt 0.6875 0.7500 0.0000
vt 0.7500 0.7500 0.0000
vt 0.8125 0.7500 0.0000
vt 0.8750 0.7500 0.0000
vt 0.9375 0.7500 0.0000
vt 1.0000 0.7500 0.0000
vt 0.0000 0.6250 0.0000
vt 0.0625 0.6250 0.0000
vt 0.1250 0.6250 0.0000
vt 0.1875 0.6250 0.0000
vt 0.2500 0.6250 0.0000
vt 0.3125 0.6250 0.0000
vt 0.3750 0.6250 0.0000
vt 0.4375 0.6250 0.0000
vt 0.5000 0.6250 0.0000
vt 0.5625 0.6250 0.0000
vt 0.6250 0.6250 0.0000
vt 0.6875 0.6250 0.0000
vt 0.7500 0.6250 0.0000
vt 0.8125 0.6250 0.0000
vt 0.8750 0.6250 0.0000
vt 0.9375 0.6250 0.0000
vt 1.0000 0.6250 0.0000
vt 0.0000 0.5000 0.0000
vt 0.0625 0.5000 0.0000
vt 0.1250 0.5000 0.0000
vt 0.1875 0.5000 0.0000
vt 0.2500 0.5000 0.0000
vt 0.3125 0.5000 0.0000
vt 0.3750 0.5000 0.0000
vt 0.4375 0.5000 0.0000
vt 0.5000 0.5000 0.0000
vt 0.5625 0.5000 0.0000
vt 0.6250 0.5000 0.0000
vt 0.6875 0.5000 0.0000
vt 0.7500 0.5000 0.0000
vt 0.8125 0.5000 0.0000
vt 0.8750 0.5000 0.0000
vt 0.9375 0.5000 0.0000
vt 1.0000 0.5000 0.0000
vt 0.0000 0.3750 0.0000
vt 0.0625 0.3750 0.0000
vt 0.1250 0.3750 0.0000
vt 0.1875 0.3750 0.0000
vt 0.2500 0.3750 0.0000
vt 0.3125 0.3750 0.0000
vt 0.3750 0.3750 0.0000
vt 0.4375 0.3750 0.0000
vt 0.5000 0.3750 0.0000
vt 0.5625 0.3750 0.0000
vt 0.6250 0.3750 0.0000
vt 0.6875 0.3750 0.0000
vt 0.7500 0.3750 0.0000
vt 0.8125 0.3750 0.0000
vt 0.8750 0.3750 0.0000
vt 0.9375 0.3750 0.0000
vt 1.0000 0.3750 0.0000
vt 0.0000 0.2500 0.0000
vt 0.0625 0.2500 0.0000
vt 0.1250 0.2500 0.0000
vt 0.1875 0.2500 0.0000
vt 0.2500 0.2500 0.0000
vt 0.3125 0.2500 0.0000
vt 0.3750 0.2500 0.0000
vt 0.4375 0.2500 0.0000
vt 0.5000 0.2500 0.0000
vt 0.5625 0.2500 0.0000
vt 0.6250 0.2500 0.0000
vt 0.6875 0.2500 0.0000
vt 0.7500 0.2500 0.0000
vt 0.8125 0.2500 0.0000
vt 0.8750 0.2500 0.0000
vt 0.9375 0.2500 0.0000
vt 1.0000 0.2500 0.0000
vt 0.0000 0.1250 0.0000
vt 0.0625 0.1250 0.0000
vt 0.1250 0.1250 0.0000
vt 0.1875 0.1250 0.0000
vt 0.2500 0.1250 0.0000
vt 0.3125 0.1250 0.0000
vt 0.3750 0.1250 0.0000
vt 0.4375 0.1250 0.0000
vt 0.5000 0.1250 0.0000
vt 0.5625 0.1250 0.0000
vt 0.6250 0.1250 0.0000
vt 0.6875 0.1250 0.0000
vt 0.7500 0.1250 0.0000
vt 0.8125 0.1250 0.0000
vt 0.8750 0.1250 0.0000
vt 0.9375 0.1250 0.0000
vt 1.0000 0.1250 0.0000
vt 0.0000 0.0000 0.0000
vt 0.0625 0.0000 0.0000
vt 0.1250 0.0000 0.0000
vt 0.1875 0.0000 0.0000
vt 0.2500 0.0000 0.0000
vt 0.3125 0.0000 0.0000
vt 0.3750 0.0000 0.0000
vt 0.4375 0.0000 0.0000
vt 0.5000 0.0000 0.0000
vt 0.5625 0.0000 0.0000
vt 0.6250 0.0000 0.0000
vt 0.6875 0.0000 0.0000
vt 0.7500 0.0000 0.0000
vt 0.8125 0.0000 0.0000
vt 0.8750 0.0000 0.0000
vt 0.9375 0.0000 0.0000
# 151 texture coords

o Sphere010
g Sphere010
usemtl wire_224086086
s 1
f 1411/1360/1411 1412/1361/1412 1413/1362/1413 
f 1411/1363/1411 1413/1362/1413 1414/1364/1414 
f 1411/1365/1411 1414/1364/1414 1415/1366/1415 
f 1411/1367/1411 1415/1366/1415 1416/1368/1416 
f 1411/1369/1411 1416/1368/1416 1417/1370/1417 
f 1411/1371/1411 1417/1370/1417 1418/1372/1418 
f 1411/1373/1411 1418/1372/1418 1419/1374/1419 
f 1411/1375/1411 1419/1374/1419 1420/1376/1420 
f 1411/1377/1411 1420/1376/1420 1421/1378/1421 
f 1411/1379/1411 1421/1378/1421 1422/1380/1422 
f 1411/1381/1411 1422/1380/1422 1423/1382/1423 
f 1411/1383/1411 1423/1382/1423 1424/1384/1424 
f 1411/1385/1411 1424/1384/1424 1425/1386/1425 
f 1411/1387/1411 1425/1386/1425 1426/1388/1426 
f 1411/1389/1411 1426/1388/1426 1427/1390/1427 
f 1411/1391/1411 1427/1390/1427 1412/1392/1412 
f 1412/1361/1412 1428/1393/1428 1429/1394/1429 1413/1362/1413 
f 1413/1362/1413 1429/1394/1429 1430/1395/1430 1414/1364/1414 
f 1414/1364/1414 1430/1395/1430 1431/1396/1431 1415/1366/1415 
f 1415/1366/1415 1431/1396/1431 1432/1397/1432 1416/1368/1416 
f 1416/1368/1416 1432/1397/1432 1433/1398/1433 1417/1370/1417 
f 1417/1370/1417 1433/1398/1433 1434/1399/1434 1418/1372/1418 
f 1418/1372/1418 1434/1399/1434 1435/1400/1435 1419/1374/1419 
f 1419/1374/1419 1435/1400/1435 1436/1401/1436 1420/1376/1420 
f 1420/1376/1420 1436/1401/1436 1437/1402/1437 1421/1378/1421 
f 1421/1378/1421 1437/1402/1437 1438/1403/1438 1422/1380/1422 
f 1422/1380/1422 1438/1403/1438 1439/1404/1439 1423/1382/1423 
f 1423/1382/1423 1439/1404/1439 1440/1405/1440 1424/1384/1424 
f 1424/1384/1424 1440/1405/1440 1441/1406/1441 1425/1386/1425 
f 1425/1386/1425 1441/1406/1441 1442/1407/1442 1426/1388/1426 
f 1426/1388/1426 1442/1407/1442 1443/1408/1443 1427/1390/1427 
f 1427/1390/1427 1443/1408/1443 1428/1409/1428 1412/1392/1412 
f 1428/1393/1428 1444/1410/1444 1445/1411/1445 1429/1394/1429 
f 1429/1394/1429 1445/1411/1445 1446/1412/1446 1430/1395/1430 
f 1430/1395/1430 1446/1412/1446 1447/1413/1447 1431/1396/1431 
f 1431/1396/1431 1447/1413/1447 1448/1414/1448 1432/1397/1432 
f 1432/1397/1432 1448/1414/1448 1449/1415/1449 1433/1398/1433 
f 1433/1398/1433 1449/1415/1449 1450/1416/1450 1434/1399/1434 
f 1434/1399/1434 1450/1416/1450 1451/1417/1451 1435/1400/1435 
f 1435/1400/1435 1451/1417/1451 1452/1418/1452 1436/1401/1436 
f 1436/1401/1436 1452/1418/1452 1453/1419/1453 1437/1402/1437 
f 1437/1402/1437 1453/1419/1453 1454/1420/1454 1438/1403/1438 
f 1438/1403/1438 1454/1420/1454 1455/1421/1455 1439/1404/1439 
f 1439/1404/1439 1455/1421/1455 1456/1422/1456 1440/1405/1440 
f 1440/1405/1440 1456/1422/1456 1457/1423/1457 1441/1406/1441 
f 1441/1406/1441 1457/1423/1457 1458/1424/1458 1442/1407/1442 
f 1442/1407/1442 1458/1424/1458 1459/1425/1459 1443/1408/1443 
f 1443/1408/1443 1459/1425/1459 1444/1426/1444 1428/1409/1428 
f 1444/1410/1444 1460/1427/1460 1461/1428/1461 1445/1411/1445 
f 1445/1411/1445 1461/1428/1461 1462/1429/1462 1446/1412/1446 
f 1446/1412/1446 1462/1429/1462 1463/1430/1463 1447/1413/1447 
f 1447/1413/1447 1463/1430/1463 1464/1431/1464 1448/1414/1448 
f 1448/1414/1448 1464/1431/1464 1465/1432/1465 1449/1415/1449 
f 1449/1415/1449 1465/1432/1465 1466/1433/1466 1450/1416/1450 
f 1450/1416/1450 1466/1433/1466 1467/1434/1467 1451/1417/1451 
f 1451/1417/1451 1467/1434/1467 1468/1435/1468 1452/1418/1452 
f 1452/1418/1452 1468/1435/1468 1469/1436/1469 1453/1419/1453 
f 1453/1419/1453 1469/1436/1469 1470/1437/1470 1454/1420/1454 
f 1454/1420/1454 1470/1437/1470 1471/1438/1471 1455/1421/1455 
f 1455/1421/1455 1471/1438/1471 1472/1439/1472 1456/1422/1456 
f 1456/1422/1456 1472/1439/1472 1473/1440/1473 1457/1423/1457 
f 1457/1423/1457 1473/1440/1473 1474/1441/1474 1458/1424/1458 
f 1458/1424/1458 1474/1441/1474 1475/1442/1475 1459/1425/1459 
f 1459/1425/1459 1475/1442/1475 1460/1443/1460 1444/1426/1444 
f 1460/1427/1460 1476/1444/1476 1477/1445/1477 1461/1428/1461 
f 1461/1428/1461 1477/1445/1477 1478/1446/1478 1462/1429/1462 
f 1462/1429/1462 1478/1446/1478 1479/1447/1479 1463/1430/1463 
f 1463/1430/1463 1479/1447/1479 1480/1448/1480 1464/1431/1464 
f 1464/1431/1464 1480/1448/1480 1481/1449/1481 1465/1432/1465 
f 1465/1432/1465 1481/1449/1481 1482/1450/1482 1466/1433/1466 
f 1466/1433/1466 1482/1450/1482 1483/1451/1483 1467/1434/1467 
f 1467/1434/1467 1483/1451/1483 1484/1452/1484 1468/1435/1468 
f 1468/1435/1468 1484/1452/1484 1485/1453/1485 1469/1436/1469 
f 1469/1436/1469 1485/1453/1485 1486/1454/1486 1470/1437/1470 
f 1470/1437/1470 1486/1454/1486 1487/1455/1487 1471/1438/1471 
f 1471/1438/1471 1487/1455/1487 1488/1456/1488 1472/1439/1472 
f 1472/1439/1472 1488/1456/1488 1489/1457/1489 1473/1440/1473 
f 1473/1440/1473 1489/1457/1489 1490/1458/1490 1474/1441/1474 
f 1474/1441/1474 1490/1458/1490 1491/1459/1491 1475/1442/1475 
f 1475/1442/1475 1491/1459/1491 1476/1460/1476 1460/1443/1460 
f 1476/1444/1476 1492/1461/1492 1493/1462/1493 1477/1445/1477 
f 1477/1445/1477 1493/1462/1493 1494/1463/1494 1478/1446/1478 
f 1478/1446/1478 1494/1463/1494 1495/1464/1495 1479/1447/1479 
f 1479/1447/1479 1495/1464/1495 1496/1465/1496 1480/1448/1480 
f 1480/1448/1480 1496/1465/1496 1497/1466/1497 1481/1449/1481 
f 1481/1449/1481 1497/1466/1497 1498/1467/1498 1482/1450/1482 
f 1482/1450/1482 1498/1467/1498 1499/1468/1499 1483/1451/1483 
f 1483/1451/1483 1499/1468/1499 1500/1469/1500 1484/1452/1484 
f 1484/1452/1484 1500/1469/1500 1501/1470/1501 1485/1453/1485 
f 1485/1453/1485 1501/1470/1501 1502/1471/1502 1486/1454/1486 
f 1486/1454/1486 1502/1471/1502 1503/1472/1503 1487/1455/1487 
f 1487/1455/1487 1503/1472/1503 1504/1473/1504 1488/1456/1488 
f 1488/1456/1488 1504/1473/1504 1505/1474/1505 1489/1457/1489 
f 1489/1457/1489 1505/1474/1505 1506/1475/1506 1490/1458/1490 
f 1490/1458/1490 1506/1475/1506 1507/1476/1507 1491/1459/1491 
f 1491/1459/1491 1507/1476/1507 1492/1477/1492 1476/1460/1476 
f 1492/1461/1492 1508/1478/1508 1509/1479/1509 1493/1462/1493 
f 1493/1462/1493 1509/1479/1509 1510/1480/1510 1494/1463/1494 
f 1494/1463/1494 1510/1480/1510 1511/1481/1511 1495/1464/1495 
f 1495/1464/1495 1511/1481/1511 1512/1482/1512 1496/1465/1496 
f 1496/1465/1496 1512/1482/1512 1513/1483/1513 1497/1466/1497 
f 1497/1466/1497 1513/1483/1513 1514/1484/1514 1498/1467/1498 
f 1498/1467/1498 1514/1484/1514 1515/1485/1515 1499/1468/1499 
f 1499/1468/1499 1515/1485/1515 1516/1486/1516 1500/1469/1500 
f 1500/1469/1500 1516/1486/1516 1517/1487/1517 1501/1470/1501 
f 1501/1470/1501 1517/1487/1517 1518/1488/1518 1502/1471/1502 
f 1502/1471/1502 1518/1488/1518 1519/1489/1519 1503/1472/1503 
f 1503/1472/1503 1519/1489/1519 1520/1490/1520 1504/1473/1504 
f 1504/1473/1504 1520/1490/1520 1521/1491/1521 1505/1474/1505 
f 1505/1474/1505 1521/1491/1521 1522/1492/1522 1506/1475/1506 
f 1506/1475/1506 1522/1492/1522 1523/1493/1523 1507/1476/1507 
f 1507/1476/1507 1523/1493/1523 1508/1494/1508 1492/1477/1492 
f 1524/1495/1524 1509/1479/1509 1508/1478/1508 
f 1524/1496/1524 1510/1480/1510 1509/1479/1509 
f 1524/1497/1524 1511/1481/1511 1510/1480/1510 
f 1524/1498/1524 1512/1482/1512 1511/1481/1511 
f 1524/1499/1524 1513/1483/1513 1512/1482/1512 
f 1524/1500/1524 1514/1484/1514 1513/1483/1513 
f 1524/1501/1524 1515/1485/1515 1514/1484/1514 
f 1524/1502/1524 1516/1486/1516 1515/1485/1515 
f 1524/1503/1524 1517/1487/1517 1516/1486/1516 
f 1524/1504/1524 1518/1488/1518 1517/1487/1517 
f 1524/1505/1524 1519/1489/1519 1518/1488/1518 
f 1524/1506/1524 1520/1490/1520 1519/1489/1519 
f 1524/1507/1524 1521/1491/1521 1520/1490/1520 
f 1524/1508/1524 1522/1492/1522 1521/1491/1521 
f 1524/1509/1524 1523/1493/1523 1522/1492/1522 
f 1524/1510/1524 1508/1494/1508 1523/1493/1523 
# 96 polygons - 32 triangles

#
# object Sphere011
#

v  -0.0652 0.3449 4.0620
v  -0.0309 0.3209 4.0072
v  -0.0459 0.3387 3.9962
v  -0.0654 0.3554 3.9939
v  -0.0866 0.3683 4.0009
v  -0.1063 0.3755 4.0160
v  -0.1213 0.3759 4.0369
v  -0.1296 0.3694 4.0604
v  -0.1297 0.3570 4.0831
v  -0.1217 0.3407 4.1013
v  -0.1067 0.3228 4.1124
v  -0.0872 0.3061 4.1146
v  -0.0660 0.2932 4.1077
v  -0.0463 0.2860 4.0926
v  -0.0313 0.2856 4.0717
v  -0.0230 0.2921 4.0481
v  -0.0229 0.3045 4.0255
v  -0.0242 0.2723 3.9453
v  -0.0517 0.3053 3.9248
v  -0.0878 0.3361 3.9207
v  -0.1270 0.3600 3.9335
v  -0.1633 0.3733 3.9614
v  -0.1912 0.3740 4.0000
v  -0.2064 0.3620 4.0436
v  -0.2066 0.3392 4.0854
v  -0.1918 0.3089 4.1191
v  -0.1642 0.2759 4.1395
v  -0.1281 0.2451 4.1437
v  -0.0889 0.2213 4.1308
v  -0.0526 0.2080 4.1030
v  -0.0247 0.2073 4.0643
v  -0.0096 0.2192 4.0208
v  -0.0094 0.2421 3.9790
v  -0.0459 0.2066 3.8856
v  -0.0819 0.2498 3.8588
v  -0.1291 0.2900 3.8534
v  -0.1803 0.3212 3.8702
v  -0.2277 0.3385 3.9066
v  -0.2641 0.3395 3.9571
v  -0.2839 0.3238 4.0140
v  -0.2842 0.2940 4.0686
v  -0.2649 0.2545 4.1126
v  -0.2289 0.2113 4.1394
v  -0.1816 0.1711 4.1448
v  -0.1304 0.1399 4.1280
v  -0.0830 0.1226 4.0916
v  -0.0466 0.1216 4.0411
v  -0.0268 0.1373 3.9843
v  -0.0265 0.1671 3.9296
v  -0.0927 0.1338 3.8372
v  -0.1317 0.1805 3.8083
v  -0.1828 0.2240 3.8024
v  -0.2382 0.2578 3.8206
v  -0.2896 0.2766 3.8600
v  -0.3290 0.2776 3.9146
v  -0.3504 0.2606 3.9762
v  -0.3507 0.2283 4.0353
v  -0.3298 0.1856 4.0830
v  -0.2908 0.1389 4.1120
v  -0.2397 0.0953 4.1178
v  -0.1843 0.0616 4.0996
v  -0.1330 0.0428 4.0602
v  -0.0936 0.0418 4.0056
v  -0.0721 0.0587 3.9440
v  -0.0718 0.0911 3.8849
v  -0.1577 0.0649 3.8076
v  -0.1937 0.1081 3.7808
v  -0.2409 0.1483 3.7754
v  -0.2921 0.1794 3.7922
v  -0.3395 0.1968 3.8286
v  -0.3759 0.1977 3.8791
v  -0.3958 0.1821 3.9360
v  -0.3960 0.1522 3.9906
v  -0.3767 0.1127 4.0346
v  -0.3407 0.0696 4.0614
v  -0.2935 0.0294 4.0668
v  -0.2423 -0.0018 4.0500
v  -0.1948 -0.0192 4.0136
v  -0.1584 -0.0201 3.9631
v  -0.1386 -0.0044 3.9062
v  -0.1383 0.0254 3.8516
v  -0.2308 0.0105 3.8012
v  -0.2583 0.0435 3.7807
v  -0.2945 0.0743 3.7765
v  -0.3336 0.0981 3.7894
v  -0.3699 0.1114 3.8172
v  -0.3978 0.1121 3.8559
v  -0.4130 0.1001 3.8994
v  -0.4132 0.0773 3.9412
v  -0.3984 0.0471 3.9749
v  -0.3708 0.0140 3.9954
v  -0.3347 -0.0167 3.9996
v  -0.2955 -0.0406 3.9867
v  -0.2592 -0.0539 3.9588
v  -0.2314 -0.0546 3.9202
v  -0.2162 -0.0426 3.8767
v  -0.2160 -0.0198 3.8349
v  -0.3009 -0.0213 3.8189
v  -0.3158 -0.0034 3.8078
v  -0.3354 0.0132 3.8056
v  -0.3566 0.0262 3.8126
v  -0.3762 0.0333 3.8276
v  -0.3913 0.0337 3.8485
v  -0.3995 0.0272 3.8721
v  -0.3996 0.0149 3.8947
v  -0.3916 -0.0015 3.9130
v  -0.3767 -0.0193 3.9241
v  -0.3571 -0.0360 3.9263
v  -0.3359 -0.0489 3.9193
v  -0.3163 -0.0561 3.9043
v  -0.3012 -0.0565 3.8834
v  -0.2930 -0.0500 3.8598
v  -0.2929 -0.0376 3.8372
v  -0.3574 -0.0255 3.8582
# 114 vertices

vn 0.5686 0.7207 0.3967
vn 0.7970 0.5991 0.0762
vn 0.7060 0.7081 0.0085
vn 0.5868 0.8097 -0.0051
vn 0.4574 0.8885 0.0373
vn 0.3376 0.9324 0.1293
vn 0.2456 0.9347 0.2568
vn 0.1955 0.8952 0.4006
vn 0.1948 0.8198 0.5386
vn 0.2437 0.7199 0.6499
vn 0.3347 0.6109 0.7175
vn 0.4539 0.5093 0.7311
vn 0.5833 0.4306 0.6887
vn 0.7031 0.3867 0.5968
vn 0.7951 0.3843 0.4692
vn 0.8452 0.4239 0.3255
vn 0.8459 0.4993 0.1875
vn 0.8887 0.3932 -0.2358
vn 0.7264 0.5877 -0.3564
vn 0.5137 0.7689 -0.3807
vn 0.2830 0.9093 -0.3051
vn 0.0693 0.9876 -0.1411
vn -0.0947 0.9918 0.0864
vn -0.1841 0.9212 0.3427
vn -0.1853 0.7867 0.5888
vn -0.0982 0.6087 0.7873
vn 0.0641 0.4143 0.9079
vn 0.2768 0.2331 0.9322
vn 0.5075 0.0927 0.8566
vn 0.7212 0.0144 0.6926
vn 0.8852 0.0102 0.4651
vn 0.9746 0.0807 0.2088
vn 0.9758 0.2152 -0.0373
vn 0.8493 0.1308 -0.5114
vn 0.6400 0.3816 -0.6669
vn 0.3656 0.6154 -0.6983
vn 0.0680 0.7965 -0.6008
vn -0.2076 0.8975 -0.3892
vn -0.4191 0.9029 -0.0958
vn -0.5345 0.8119 0.2349
vn -0.5361 0.6384 0.5524
vn -0.4236 0.4088 0.8084
vn -0.2143 0.1580 0.9639
vn 0.0601 -0.0758 0.9953
vn 0.3577 -0.2569 0.8978
vn 0.6333 -0.3579 0.6862
vn 0.8449 -0.3633 0.3928
vn 0.9602 -0.2723 0.0621
vn 0.9618 -0.0988 -0.2554
vn 0.6864 -0.1499 -0.7116
vn 0.4606 0.1206 -0.8794
vn 0.1648 0.3727 -0.9132
vn -0.1562 0.5680 -0.8081
vn -0.4534 0.6769 -0.5799
vn -0.6816 0.6827 -0.2634
vn -0.8060 0.5846 0.0931
vn -0.8077 0.3975 0.4355
vn -0.6864 0.1499 0.7116
vn -0.4606 -0.1206 0.8794
vn -0.1648 -0.3727 0.9132
vn 0.1562 -0.5680 0.8081
vn 0.4534 -0.6769 0.5799
vn 0.6816 -0.6827 0.2634
vn 0.8060 -0.5846 -0.0932
vn 0.8077 -0.3975 -0.4355
vn 0.4236 -0.4088 -0.8084
vn 0.2143 -0.1580 -0.9639
vn -0.0601 0.0758 -0.9953
vn -0.3577 0.2569 -0.8978
vn -0.6333 0.3579 -0.6862
vn -0.8449 0.3633 -0.3928
vn -0.9602 0.2723 -0.0621
vn -0.9618 0.0988 0.2554
vn -0.8493 -0.1308 0.5114
vn -0.6400 -0.3816 0.6669
vn -0.3656 -0.6154 0.6983
vn -0.0680 -0.7965 0.6008
vn 0.2076 -0.8975 0.3892
vn 0.4191 -0.9029 0.0958
vn 0.5345 -0.8119 -0.2349
vn 0.5361 -0.6384 -0.5524
vn 0.0982 -0.6087 -0.7873
vn -0.0641 -0.4143 -0.9079
vn -0.2768 -0.2331 -0.9322
vn -0.5075 -0.0927 -0.8566
vn -0.7212 -0.0144 -0.6926
vn -0.8852 -0.0102 -0.4651
vn -0.9746 -0.0807 -0.2088
vn -0.9758 -0.2152 0.0373
vn -0.8887 -0.3932 0.2358
vn -0.7264 -0.5877 0.3564
vn -0.5137 -0.7689 0.3807
vn -0.2830 -0.9093 0.3051
vn -0.0693 -0.9876 0.1411
vn 0.0947 -0.9918 -0.0864
vn 0.1841 -0.9212 -0.3427
vn 0.1853 -0.7867 -0.5888
vn -0.2437 -0.7199 -0.6499
vn -0.3347 -0.6109 -0.7175
vn -0.4539 -0.5093 -0.7311
vn -0.5833 -0.4306 -0.6887
vn -0.7031 -0.3867 -0.5968
vn -0.7951 -0.3843 -0.4692
vn -0.8452 -0.4239 -0.3255
vn -0.8459 -0.4993 -0.1875
vn -0.7970 -0.5991 -0.0762
vn -0.7060 -0.7081 -0.0085
vn -0.5868 -0.8097 0.0051
vn -0.4574 -0.8885 -0.0373
vn -0.3376 -0.9324 -0.1293
vn -0.2456 -0.9347 -0.2568
vn -0.1955 -0.8952 -0.4006
vn -0.1948 -0.8198 -0.5386
vn -0.5686 -0.7207 -0.3967
# 114 vertex normals

vt 0.0000 1.0000 0.0000
vt 0.0000 0.8750 0.0000
vt 0.0625 0.8750 0.0000
vt 0.0625 1.0000 0.0000
vt 0.1250 0.8750 0.0000
vt 0.1250 1.0000 0.0000
vt 0.1875 0.8750 0.0000
vt 0.1875 1.0000 0.0000
vt 0.2500 0.8750 0.0000
vt 0.2500 1.0000 0.0000
vt 0.3125 0.8750 0.0000
vt 0.3125 1.0000 0.0000
vt 0.3750 0.8750 0.0000
vt 0.3750 1.0000 0.0000
vt 0.4375 0.8750 0.0000
vt 0.4375 1.0000 0.0000
vt 0.5000 0.8750 0.0000
vt 0.5000 1.0000 0.0000
vt 0.5625 0.8750 0.0000
vt 0.5625 1.0000 0.0000
vt 0.6250 0.8750 0.0000
vt 0.6250 1.0000 0.0000
vt 0.6875 0.8750 0.0000
vt 0.6875 1.0000 0.0000
vt 0.7500 0.8750 0.0000
vt 0.7500 1.0000 0.0000
vt 0.8125 0.8750 0.0000
vt 0.8125 1.0000 0.0000
vt 0.8750 0.8750 0.0000
vt 0.8750 1.0000 0.0000
vt 0.9375 0.8750 0.0000
vt 0.9375 1.0000 0.0000
vt 1.0000 0.8750 0.0000
vt 0.0000 0.7500 0.0000
vt 0.0625 0.7500 0.0000
vt 0.1250 0.7500 0.0000
vt 0.1875 0.7500 0.0000
vt 0.2500 0.7500 0.0000
vt 0.3125 0.7500 0.0000
vt 0.3750 0.7500 0.0000
vt 0.4375 0.7500 0.0000
vt 0.5000 0.7500 0.0000
vt 0.5625 0.7500 0.0000
vt 0.6250 0.7500 0.0000
vt 0.6875 0.7500 0.0000
vt 0.7500 0.7500 0.0000
vt 0.8125 0.7500 0.0000
vt 0.8750 0.7500 0.0000
vt 0.9375 0.7500 0.0000
vt 1.0000 0.7500 0.0000
vt 0.0000 0.6250 0.0000
vt 0.0625 0.6250 0.0000
vt 0.1250 0.6250 0.0000
vt 0.1875 0.6250 0.0000
vt 0.2500 0.6250 0.0000
vt 0.3125 0.6250 0.0000
vt 0.3750 0.6250 0.0000
vt 0.4375 0.6250 0.0000
vt 0.5000 0.6250 0.0000
vt 0.5625 0.6250 0.0000
vt 0.6250 0.6250 0.0000
vt 0.6875 0.6250 0.0000
vt 0.7500 0.6250 0.0000
vt 0.8125 0.6250 0.0000
vt 0.8750 0.6250 0.0000
vt 0.9375 0.6250 0.0000
vt 1.0000 0.6250 0.0000
vt 0.0000 0.5000 0.0000
vt 0.0625 0.5000 0.0000
vt 0.1250 0.5000 0.0000
vt 0.1875 0.5000 0.0000
vt 0.2500 0.5000 0.0000
vt 0.3125 0.5000 0.0000
vt 0.3750 0.5000 0.0000
vt 0.4375 0.5000 0.0000
vt 0.5000 0.5000 0.0000
vt 0.5625 0.5000 0.0000
vt 0.6250 0.5000 0.0000
vt 0.6875 0.5000 0.0000
vt 0.7500 0.5000 0.0000
vt 0.8125 0.5000 0.0000
vt 0.8750 0.5000 0.0000
vt 0.9375 0.5000 0.0000
vt 1.0000 0.5000 0.0000
vt 0.0000 0.3750 0.0000
vt 0.0625 0.3750 0.0000
vt 0.1250 0.3750 0.0000
vt 0.1875 0.3750 0.0000
vt 0.2500 0.3750 0.0000
vt 0.3125 0.3750 0.0000
vt 0.3750 0.3750 0.0000
vt 0.4375 0.3750 0.0000
vt 0.5000 0.3750 0.0000
vt 0.5625 0.3750 0.0000
vt 0.6250 0.3750 0.0000
vt 0.6875 0.3750 0.0000
vt 0.7500 0.3750 0.0000
vt 0.8125 0.3750 0.0000
vt 0.8750 0.3750 0.0000
vt 0.9375 0.3750 0.0000
vt 1.0000 0.3750 0.0000
vt 0.0000 0.2500 0.0000
vt 0.0625 0.2500 0.0000
vt 0.1250 0.2500 0.0000
vt 0.1875 0.2500 0.0000
vt 0.2500 0.2500 0.0000
vt 0.3125 0.2500 0.0000
vt 0.3750 0.2500 0.0000
vt 0.4375 0.2500 0.0000
vt 0.5000 0.2500 0.0000
vt 0.5625 0.2500 0.0000
vt 0.6250 0.2500 0.0000
vt 0.6875 0.2500 0.0000
vt 0.7500 0.2500 0.0000
vt 0.8125 0.2500 0.0000
vt 0.8750 0.2500 0.0000
vt 0.9375 0.2500 0.0000
vt 1.0000 0.2500 0.0000
vt 0.0000 0.1250 0.0000
vt 0.0625 0.1250 0.0000
vt 0.1250 0.1250 0.0000
vt 0.1875 0.1250 0.0000
vt 0.2500 0.1250 0.0000
vt 0.3125 0.1250 0.0000
vt 0.3750 0.1250 0.0000
vt 0.4375 0.1250 0.0000
vt 0.5000 0.1250 0.0000
vt 0.5625 0.1250 0.0000
vt 0.6250 0.1250 0.0000
vt 0.6875 0.1250 0.0000
vt 0.7500 0.1250 0.0000
vt 0.8125 0.1250 0.0000
vt 0.8750 0.1250 0.0000
vt 0.9375 0.1250 0.0000
vt 1.0000 0.1250 0.0000
vt 0.0000 0.0000 0.0000
vt 0.0625 0.0000 0.0000
vt 0.1250 0.0000 0.0000
vt 0.1875 0.0000 0.0000
vt 0.2500 0.0000 0.0000
vt 0.3125 0.0000 0.0000
vt 0.3750 0.0000 0.0000
vt 0.4375 0.0000 0.0000
vt 0.5000 0.0000 0.0000
vt 0.5625 0.0000 0.0000
vt 0.6250 0.0000 0.0000
vt 0.6875 0.0000 0.0000
vt 0.7500 0.0000 0.0000
vt 0.8125 0.0000 0.0000
vt 0.8750 0.0000 0.0000
vt 0.9375 0.0000 0.0000
# 151 texture coords

o Sphere011
g Sphere011
usemtl wire_224086086
s 1
f 1525/1511/1525 1526/1512/1526 1527/1513/1527 
f 1525/1514/1525 1527/1513/1527 1528/1515/1528 
f 1525/1516/1525 1528/1515/1528 1529/1517/1529 
f 1525/1518/1525 1529/1517/1529 1530/1519/1530 
f 1525/1520/1525 1530/1519/1530 1531/1521/1531 
f 1525/1522/1525 1531/1521/1531 1532/1523/1532 
f 1525/1524/1525 1532/1523/1532 1533/1525/1533 
f 1525/1526/1525 1533/1525/1533 1534/1527/1534 
f 1525/1528/1525 1534/1527/1534 1535/1529/1535 
f 1525/1530/1525 1535/1529/1535 1536/1531/1536 
f 1525/1532/1525 1536/1531/1536 1537/1533/1537 
f 1525/1534/1525 1537/1533/1537 1538/1535/1538 
f 1525/1536/1525 1538/1535/1538 1539/1537/1539 
f 1525/1538/1525 1539/1537/1539 1540/1539/1540 
f 1525/1540/1525 1540/1539/1540 1541/1541/1541 
f 1525/1542/1525 1541/1541/1541 1526/1543/1526 
f 1526/1512/1526 1542/1544/1542 1543/1545/1543 1527/1513/1527 
f 1527/1513/1527 1543/1545/1543 1544/1546/1544 1528/1515/1528 
f 1528/1515/1528 1544/1546/1544 1545/1547/1545 1529/1517/1529 
f 1529/1517/1529 1545/1547/1545 1546/1548/1546 1530/1519/1530 
f 1530/1519/1530 1546/1548/1546 1547/1549/1547 1531/1521/1531 
f 1531/1521/1531 1547/1549/1547 1548/1550/1548 1532/1523/1532 
f 1532/1523/1532 1548/1550/1548 1549/1551/1549 1533/1525/1533 
f 1533/1525/1533 1549/1551/1549 1550/1552/1550 1534/1527/1534 
f 1534/1527/1534 1550/1552/1550 1551/1553/1551 1535/1529/1535 
f 1535/1529/1535 1551/1553/1551 1552/1554/1552 1536/1531/1536 
f 1536/1531/1536 1552/1554/1552 1553/1555/1553 1537/1533/1537 
f 1537/1533/1537 1553/1555/1553 1554/1556/1554 1538/1535/1538 
f 1538/1535/1538 1554/1556/1554 1555/1557/1555 1539/1537/1539 
f 1539/1537/1539 1555/1557/1555 1556/1558/1556 1540/1539/1540 
f 1540/1539/1540 1556/1558/1556 1557/1559/1557 1541/1541/1541 
f 1541/1541/1541 1557/1559/1557 1542/1560/1542 1526/1543/1526 
f 1542/1544/1542 1558/1561/1558 1559/1562/1559 1543/1545/1543 
f 1543/1545/1543 1559/1562/1559 1560/1563/1560 1544/1546/1544 
f 1544/1546/1544 1560/1563/1560 1561/1564/1561 1545/1547/1545 
f 1545/1547/1545 1561/1564/1561 1562/1565/1562 1546/1548/1546 
f 1546/1548/1546 1562/1565/1562 1563/1566/1563 1547/1549/1547 
f 1547/1549/1547 1563/1566/1563 1564/1567/1564 1548/1550/1548 
f 1548/1550/1548 1564/1567/1564 1565/1568/1565 1549/1551/1549 
f 1549/1551/1549 1565/1568/1565 1566/1569/1566 1550/1552/1550 
f 1550/1552/1550 1566/1569/1566 1567/1570/1567 1551/1553/1551 
f 1551/1553/1551 1567/1570/1567 1568/1571/1568 1552/1554/1552 
f 1552/1554/1552 1568/1571/1568 1569/1572/1569 1553/1555/1553 
f 1553/1555/1553 1569/1572/1569 1570/1573/1570 1554/1556/1554 
f 1554/1556/1554 1570/1573/1570 1571/1574/1571 1555/1557/1555 
f 1555/1557/1555 1571/1574/1571 1572/1575/1572 1556/1558/1556 
f 1556/1558/1556 1572/1575/1572 1573/1576/1573 1557/1559/1557 
f 1557/1559/1557 1573/1576/1573 1558/1577/1558 1542/1560/1542 
f 1558/1561/1558 1574/1578/1574 1575/1579/1575 1559/1562/1559 
f 1559/1562/1559 1575/1579/1575 1576/1580/1576 1560/1563/1560 
f 1560/1563/1560 1576/1580/1576 1577/1581/1577 1561/1564/1561 
f 1561/1564/1561 1577/1581/1577 1578/1582/1578 1562/1565/1562 
f 1562/1565/1562 1578/1582/1578 1579/1583/1579 1563/1566/1563 
f 1563/1566/1563 1579/1583/1579 1580/1584/1580 1564/1567/1564 
f 1564/1567/1564 1580/1584/1580 1581/1585/1581 1565/1568/1565 
f 1565/1568/1565 1581/1585/1581 1582/1586/1582 1566/1569/1566 
f 1566/1569/1566 1582/1586/1582 1583/1587/1583 1567/1570/1567 
f 1567/1570/1567 1583/1587/1583 1584/1588/1584 1568/1571/1568 
f 1568/1571/1568 1584/1588/1584 1585/1589/1585 1569/1572/1569 
f 1569/1572/1569 1585/1589/1585 1586/1590/1586 1570/1573/1570 
f 1570/1573/1570 1586/1590/1586 1587/1591/1587 1571/1574/1571 
f 1571/1574/1571 1587/1591/1587 1588/1592/1588 1572/1575/1572 
f 1572/1575/1572 1588/1592/1588 1589/1593/1589 1573/1576/1573 
f 1573/1576/1573 1589/1593/1589 1574/1594/1574 1558/1577/1558 
f 1574/1578/1574 1590/1595/1590 1591/1596/1591 1575/1579/1575 
f 1575/1579/1575 1591/1596/1591 1592/1597/1592 1576/1580/1576 
f 1576/1580/1576 1592/1597/1592 1593/1598/1593 1577/1581/1577 
f 1577/1581/1577 1593/1598/1593 1594/1599/1594 1578/1582/1578 
f 1578/1582/1578 1594/1599/1594 1595/1600/1595 1579/1583/1579 
f 1579/1583/1579 1595/1600/1595 1596/1601/1596 1580/1584/1580 
f 1580/1584/1580 1596/1601/1596 1597/1602/1597 1581/1585/1581 
f 1581/1585/1581 1597/1602/1597 1598/1603/1598 1582/1586/1582 
f 1582/1586/1582 1598/1603/1598 1599/1604/1599 1583/1587/1583 
f 1583/1587/1583 1599/1604/1599 1600/1605/1600 1584/1588/1584 
f 1584/1588/1584 1600/1605/1600 1601/1606/1601 1585/1589/1585 
f 1585/1589/1585 1601/1606/1601 1602/1607/1602 1586/1590/1586 
f 1586/1590/1586 1602/1607/1602 1603/1608/1603 1587/1591/1587 
f 1587/1591/1587 1603/1608/1603 1604/1609/1604 1588/1592/1588 
f 1588/1592/1588 1604/1609/1604 1605/1610/1605 1589/1593/1589 
f 1589/1593/1589 1605/1610/1605 1590/1611/1590 1574/1594/1574 
f 1590/1595/1590 1606/1612/1606 1607/1613/1607 1591/1596/1591 
f 1591/1596/1591 1607/1613/1607 1608/1614/1608 1592/1597/1592 
f 1592/1597/1592 1608/1614/1608 1609/1615/1609 1593/1598/1593 
f 1593/1598/1593 1609/1615/1609 1610/1616/1610 1594/1599/1594 
f 1594/1599/1594 1610/1616/1610 1611/1617/1611 1595/1600/1595 
f 1595/1600/1595 1611/1617/1611 1612/1618/1612 1596/1601/1596 
f 1596/1601/1596 1612/1618/1612 1613/1619/1613 1597/1602/1597 
f 1597/1602/1597 1613/1619/1613 1614/1620/1614 1598/1603/1598 
f 1598/1603/1598 1614/1620/1614 1615/1621/1615 1599/1604/1599 
f 1599/1604/1599 1615/1621/1615 1616/1622/1616 1600/1605/1600 
f 1600/1605/1600 1616/1622/1616 1617/1623/1617 1601/1606/1601 
f 1601/1606/1601 1617/1623/1617 1618/1624/1618 1602/1607/1602 
f 1602/1607/1602 1618/1624/1618 1619/1625/1619 1603/1608/1603 
f 1603/1608/1603 1619/1625/1619 1620/1626/1620 1604/1609/1604 
f 1604/1609/1604 1620/1626/1620 1621/1627/1621 1605/1610/1605 
f 1605/1610/1605 1621/1627/1621 1606/1628/1606 1590/1611/1590 
f 1606/1612/1606 1622/1629/1622 1623/1630/1623 1607/1613/1607 
f 1607/1613/1607 1623/1630/1623 1624/1631/1624 1608/1614/1608 
f 1608/1614/1608 1624/1631/1624 1625/1632/1625 1609/1615/1609 
f 1609/1615/1609 1625/1632/1625 1626/1633/1626 1610/1616/1610 
f 1610/1616/1610 1626/1633/1626 1627/1634/1627 1611/1617/1611 
f 1611/1617/1611 1627/1634/1627 1628/1635/1628 1612/1618/1612 
f 1612/1618/1612 1628/1635/1628 1629/1636/1629 1613/1619/1613 
f 1613/1619/1613 1629/1636/1629 1630/1637/1630 1614/1620/1614 
f 1614/1620/1614 1630/1637/1630 1631/1638/1631 1615/1621/1615 
f 1615/1621/1615 1631/1638/1631 1632/1639/1632 1616/1622/1616 
f 1616/1622/1616 1632/1639/1632 1633/1640/1633 1617/1623/1617 
f 1617/1623/1617 1633/1640/1633 1634/1641/1634 1618/1624/1618 
f 1618/1624/1618 1634/1641/1634 1635/1642/1635 1619/1625/1619 
f 1619/1625/1619 1635/1642/1635 1636/1643/1636 1620/1626/1620 
f 1620/1626/1620 1636/1643/1636 1637/1644/1637 1621/1627/1621 
f 1621/1627/1621 1637/1644/1637 1622/1645/1622 1606/1628/1606 
f 1638/1646/1638 1623/1630/1623 1622/1629/1622 
f 1638/1647/1638 1624/1631/1624 1623/1630/1623 
f 1638/1648/1638 1625/1632/1625 1624/1631/1624 
f 1638/1649/1638 1626/1633/1626 1625/1632/1625 
f 1638/1650/1638 1627/1634/1627 1626/1633/1626 
f 1638/1651/1638 1628/1635/1628 1627/1634/1627 
f 1638/1652/1638 1629/1636/1629 1628/1635/1628 
f 1638/1653/1638 1630/1637/1630 1629/1636/1629 
f 1638/1654/1638 1631/1638/1631 1630/1637/1630 
f 1638/1655/1638 1632/1639/1632 1631/1638/1631 
f 1638/1656/1638 1633/1640/1633 1632/1639/1632 
f 1638/1657/1638 1634/1641/1634 1633/1640/1633 
f 1638/1658/1638 1635/1642/1635 1634/1641/1634 
f 1638/1659/1638 1636/1643/1636 1635/1642/1635 
f 1638/1660/1638 1637/1644/1637 1636/1643/1636 
f 1638/1661/1638 1622/1645/1622 1637/1644/1637 
# 96 polygons - 32 triangles

#
# object Sphere012
#

v  0.1029 0.0060 3.9476
v  0.1421 -0.0309 3.9619
v  0.1516 -0.0210 3.9462
v  0.1534 -0.0089 3.9293
v  0.1471 0.0035 3.9138
v  0.1338 0.0143 3.9020
v  0.1155 0.0220 3.8958
v  0.0949 0.0254 3.8960
v  0.0752 0.0238 3.9027
v  0.0595 0.0177 3.9148
v  0.0500 0.0078 3.9305
v  0.0482 -0.0043 3.9474
v  0.0545 -0.0167 3.9629
v  0.0678 -0.0276 3.9747
v  0.0861 -0.0353 3.9810
v  0.1067 -0.0386 3.9807
v  0.1263 -0.0370 3.9740
v  0.1710 -0.0874 3.9555
v  0.1885 -0.0692 3.9265
v  0.1918 -0.0469 3.8953
v  0.1802 -0.0240 3.8666
v  0.1556 -0.0039 3.8449
v  0.1218 0.0103 3.8333
v  0.0838 0.0165 3.8338
v  0.0474 0.0136 3.8461
v  0.0183 0.0022 3.8685
v  0.0007 -0.0160 3.8976
v  -0.0025 -0.0383 3.9288
v  0.0091 -0.0612 3.9575
v  0.0336 -0.0813 3.9792
v  0.0675 -0.0955 3.9908
v  0.1055 -0.1017 3.9903
v  0.1419 -0.0988 3.9779
v  0.1852 -0.1550 3.9295
v  0.2082 -0.1312 3.8916
v  0.2124 -0.1021 3.8508
v  0.1973 -0.0721 3.8133
v  0.1652 -0.0459 3.7849
v  0.1209 -0.0273 3.7698
v  0.0713 -0.0193 3.7704
v  0.0238 -0.0230 3.7866
v  -0.0143 -0.0379 3.8158
v  -0.0372 -0.0617 3.8537
v  -0.0415 -0.0908 3.8945
v  -0.0264 -0.1208 3.9320
v  0.0058 -0.1471 3.9604
v  0.0500 -0.1656 3.9755
v  0.0997 -0.1737 3.9749
v  0.1472 -0.1699 3.9588
v  0.1826 -0.2234 3.8877
v  0.2074 -0.1976 3.8467
v  0.2120 -0.1661 3.8025
v  0.1957 -0.1337 3.7620
v  0.1609 -0.1052 3.7312
v  0.1130 -0.0852 3.7149
v  0.0593 -0.0765 3.7155
v  0.0079 -0.0805 3.7330
v  -0.0334 -0.0966 3.7647
v  -0.0582 -0.1224 3.8057
v  -0.0627 -0.1539 3.8499
v  -0.0464 -0.1863 3.8905
v  -0.0116 -0.2148 3.9212
v  0.0363 -0.2349 3.9375
v  0.0900 -0.2436 3.9369
v  0.1414 -0.2395 3.9194
v  0.1636 -0.2821 3.8366
v  0.1865 -0.2583 3.7987
v  0.1907 -0.2292 3.7579
v  0.1756 -0.1992 3.7204
v  0.1435 -0.1730 3.6920
v  0.0992 -0.1544 3.6769
v  0.0496 -0.1464 3.6775
v  0.0021 -0.1501 3.6936
v  -0.0360 -0.1650 3.7229
v  -0.0589 -0.1888 3.7608
v  -0.0631 -0.2179 3.8016
v  -0.0480 -0.2479 3.8391
v  -0.0159 -0.2741 3.8675
v  0.0283 -0.2927 3.8826
v  0.0780 -0.3007 3.8820
v  0.1255 -0.2970 3.8659
v  0.1310 -0.3222 3.7839
v  0.1485 -0.3040 3.7548
v  0.1517 -0.2817 3.7236
v  0.1402 -0.2588 3.6949
v  0.1156 -0.2387 3.6732
v  0.0817 -0.2245 3.6616
v  0.0437 -0.2183 3.6621
v  0.0074 -0.2212 3.6745
v  -0.0218 -0.2326 3.6969
v  -0.0393 -0.2508 3.7259
v  -0.0425 -0.2731 3.7571
v  -0.0310 -0.2960 3.7858
v  -0.0064 -0.3161 3.8076
v  0.0275 -0.3303 3.8191
v  0.0655 -0.3365 3.8186
v  0.1018 -0.3336 3.8063
v  0.0898 -0.3377 3.7376
v  0.0993 -0.3278 3.7219
v  0.1010 -0.3157 3.7050
v  0.0948 -0.3033 3.6895
v  0.0815 -0.2924 3.6777
v  0.0632 -0.2848 3.6714
v  0.0426 -0.2814 3.6717
v  0.0229 -0.2830 3.6784
v  0.0071 -0.2891 3.6905
v  -0.0024 -0.2990 3.7062
v  -0.0041 -0.3111 3.7231
v  0.0022 -0.3235 3.7386
v  0.0155 -0.3344 3.7504
v  0.0338 -0.3420 3.7567
v  0.0544 -0.3454 3.7564
v  0.0740 -0.3438 3.7497
v  0.0463 -0.3260 3.7048
# 114 vertices

vn 0.1364 0.7997 0.5847
vn 0.4368 0.5487 0.7128
vn 0.5084 0.6232 0.5942
vn 0.5216 0.7142 0.4667
vn 0.4744 0.8079 0.3495
vn 0.3740 0.8901 0.2606
vn 0.2356 0.9481 0.2135
vn 0.0804 0.9732 0.2153
vn -0.0681 0.9616 0.2659
vn -0.1872 0.9150 0.3574
vn -0.2588 0.8405 0.4759
vn -0.2721 0.7495 0.6035
vn -0.2248 0.6558 0.7207
vn -0.1244 0.5737 0.8096
vn 0.0140 0.5156 0.8567
vn 0.1692 0.4905 0.8549
vn 0.3177 0.5021 0.8043
vn 0.6512 0.2293 0.7234
vn 0.7790 0.3621 0.5119
vn 0.8025 0.5245 0.2844
vn 0.7183 0.6916 0.0755
vn 0.5392 0.8380 -0.0831
vn 0.2925 0.9416 -0.1671
vn 0.0156 0.9864 -0.1638
vn -0.2492 0.9656 -0.0737
vn -0.4616 0.8825 0.0895
vn -0.5894 0.7497 0.3010
vn -0.6129 0.5874 0.5285
vn -0.5287 0.4203 0.7374
vn -0.3496 0.2738 0.8960
vn -0.1029 0.1703 0.9800
vn 0.1740 0.1255 0.9767
vn 0.4388 0.1462 0.8866
vn 0.7688 -0.1219 0.6277
vn 0.9336 0.0494 0.3550
vn 0.9640 0.2588 0.0615
vn 0.8554 0.4744 -0.2080
vn 0.6243 0.6633 -0.4126
vn 0.3060 0.7968 -0.5210
vn -0.0511 0.8546 -0.5167
vn -0.3927 0.8279 -0.4005
vn -0.6667 0.7207 -0.1899
vn -0.8315 0.5494 0.0828
vn -0.8619 0.3400 0.3763
vn -0.7533 0.1244 0.6458
vn -0.5222 -0.0645 0.8504
vn -0.2039 -0.1981 0.9587
vn 0.1532 -0.2559 0.9545
vn 0.4948 -0.2291 0.8383
vn 0.7741 -0.4544 0.4409
vn 0.9517 -0.2696 0.1467
vn 0.9845 -0.0438 -0.1698
vn 0.8674 0.1887 -0.4604
vn 0.6183 0.3925 -0.6810
vn 0.2750 0.5365 -0.7979
vn -0.1102 0.5988 -0.7933
vn -0.4785 0.5700 -0.6679
vn -0.7741 0.4544 -0.4409
vn -0.9517 0.2696 -0.1467
vn -0.9845 0.0438 0.1698
vn -0.8674 -0.1887 0.4604
vn -0.6183 -0.3925 0.6810
vn -0.2750 -0.5365 0.7979
vn 0.1102 -0.5988 0.7933
vn 0.4785 -0.5700 0.6679
vn 0.6667 -0.7207 0.1899
vn 0.8315 -0.5494 -0.0828
vn 0.8619 -0.3400 -0.3763
vn 0.7533 -0.1244 -0.6458
vn 0.5222 0.0645 -0.8504
vn 0.2039 0.1981 -0.9587
vn -0.1532 0.2559 -0.9545
vn -0.4948 0.2291 -0.8383
vn -0.7688 0.1219 -0.6277
vn -0.9336 -0.0494 -0.3550
vn -0.9640 -0.2588 -0.0615
vn -0.8554 -0.4744 0.2080
vn -0.6243 -0.6633 0.4126
vn -0.3060 -0.7968 0.5210
vn 0.0511 -0.8546 0.5167
vn 0.3927 -0.8279 0.4005
vn 0.4616 -0.8825 -0.0895
vn 0.5894 -0.7497 -0.3010
vn 0.6129 -0.5874 -0.5285
vn 0.5287 -0.4203 -0.7374
vn 0.3496 -0.2738 -0.8960
vn 0.1029 -0.1703 -0.9800
vn -0.1740 -0.1255 -0.9767
vn -0.4388 -0.1462 -0.8866
vn -0.6512 -0.2293 -0.7234
vn -0.7790 -0.3621 -0.5119
vn -0.8025 -0.5245 -0.2844
vn -0.7183 -0.6916 -0.0755
vn -0.5392 -0.8381 0.0831
vn -0.2925 -0.9416 0.1671
vn -0.0156 -0.9864 0.1638
vn 0.2492 -0.9656 0.0737
vn 0.1872 -0.9150 -0.3574
vn 0.2588 -0.8405 -0.4759
vn 0.2721 -0.7495 -0.6035
vn 0.2248 -0.6558 -0.7207
vn 0.1244 -0.5737 -0.8096
vn -0.0140 -0.5156 -0.8567
vn -0.1692 -0.4905 -0.8549
vn -0.3177 -0.5021 -0.8043
vn -0.4368 -0.5487 -0.7128
vn -0.5084 -0.6232 -0.5942
vn -0.5216 -0.7142 -0.4667
vn -0.4744 -0.8079 -0.3495
vn -0.3740 -0.8901 -0.2606
vn -0.2356 -0.9481 -0.2135
vn -0.0804 -0.9732 -0.2153
vn 0.0681 -0.9616 -0.2659
vn -0.1364 -0.7997 -0.5847
# 114 vertex normals

vt 0.0000 1.0000 0.0000
vt 0.0000 0.8750 0.0000
vt 0.0625 0.8750 0.0000
vt 0.0625 1.0000 0.0000
vt 0.1250 0.8750 0.0000
vt 0.1250 1.0000 0.0000
vt 0.1875 0.8750 0.0000
vt 0.1875 1.0000 0.0000
vt 0.2500 0.8750 0.0000
vt 0.2500 1.0000 0.0000
vt 0.3125 0.8750 0.0000
vt 0.3125 1.0000 0.0000
vt 0.3750 0.8750 0.0000
vt 0.3750 1.0000 0.0000
vt 0.4375 0.8750 0.0000
vt 0.4375 1.0000 0.0000
vt 0.5000 0.8750 0.0000
vt 0.5000 1.0000 0.0000
vt 0.5625 0.8750 0.0000
vt 0.5625 1.0000 0.0000
vt 0.6250 0.8750 0.0000
vt 0.6250 1.0000 0.0000
vt 0.6875 0.8750 0.0000
vt 0.6875 1.0000 0.0000
vt 0.7500 0.8750 0.0000
vt 0.7500 1.0000 0.0000
vt 0.8125 0.8750 0.0000
vt 0.8125 1.0000 0.0000
vt 0.8750 0.8750 0.0000
vt 0.8750 1.0000 0.0000
vt 0.9375 0.8750 0.0000
vt 0.9375 1.0000 0.0000
vt 1.0000 0.8750 0.0000
vt 0.0000 0.7500 0.0000
vt 0.0625 0.7500 0.0000
vt 0.1250 0.7500 0.0000
vt 0.1875 0.7500 0.0000
vt 0.2500 0.7500 0.0000
vt 0.3125 0.7500 0.0000
vt 0.3750 0.7500 0.0000
vt 0.4375 0.7500 0.0000
vt 0.5000 0.7500 0.0000
vt 0.5625 0.7500 0.0000
vt 0.6250 0.7500 0.0000
vt 0.6875 0.7500 0.0000
vt 0.7500 0.7500 0.0000
vt 0.8125 0.7500 0.0000
vt 0.8750 0.7500 0.0000
vt 0.9375 0.7500 0.0000
vt 1.0000 0.7500 0.0000
vt 0.0000 0.6250 0.0000
vt 0.0625 0.6250 0.0000
vt 0.1250 0.6250 0.0000
vt 0.1875 0.6250 0.0000
vt 0.2500 0.6250 0.0000
vt 0.3125 0.6250 0.0000
vt 0.3750 0.6250 0.0000
vt 0.4375 0.6250 0.0000
vt 0.5000 0.6250 0.0000
vt 0.5625 0.6250 0.0000
vt 0.6250 0.6250 0.0000
vt 0.6875 0.6250 0.0000
vt 0.7500 0.6250 0.0000
vt 0.8125 0.6250 0.0000
vt 0.8750 0.6250 0.0000
vt 0.9375 0.6250 0.0000
vt 1.0000 0.6250 0.0000
vt 0.0000 0.5000 0.0000
vt 0.0625 0.5000 0.0000
vt 0.1250 0.5000 0.0000
vt 0.1875 0.5000 0.0000
vt 0.2500 0.5000 0.0000
vt 0.3125 0.5000 0.0000
vt 0.3750 0.5000 0.0000
vt 0.4375 0.5000 0.0000
vt 0.5000 0.5000 0.0000
vt 0.5625 0.5000 0.0000
vt 0.6250 0.5000 0.0000
vt 0.6875 0.5000 0.0000
vt 0.7500 0.5000 0.0000
vt 0.8125 0.5000 0.0000
vt 0.8750 0.5000 0.0000
vt 0.9375 0.5000 0.0000
vt 1.0000 0.5000 0.0000
vt 0.0000 0.3750 0.0000
vt 0.0625 0.3750 0.0000
vt 0.1250 0.3750 0.0000
vt 0.1875 0.3750 0.0000
vt 0.2500 0.3750 0.0000
vt 0.3125 0.3750 0.0000
vt 0.3750 0.3750 0.0000
vt 0.4375 0.3750 0.0000
vt 0.5000 0.3750 0.0000
vt 0.5625 0.3750 0.0000
vt 0.6250 0.3750 0.0000
vt 0.6875 0.3750 0.0000
vt 0.7500 0.3750 0.0000
vt 0.8125 0.3750 0.0000
vt 0.8750 0.3750 0.0000
vt 0.9375 0.3750 0.0000
vt 1.0000 0.3750 0.0000
vt 0.0000 0.2500 0.0000
vt 0.0625 0.2500 0.0000
vt 0.1250 0.2500 0.0000
vt 0.1875 0.2500 0.0000
vt 0.2500 0.2500 0.0000
vt 0.3125 0.2500 0.0000
vt 0.3750 0.2500 0.0000
vt 0.4375 0.2500 0.0000
vt 0.5000 0.2500 0.0000
vt 0.5625 0.2500 0.0000
vt 0.6250 0.2500 0.0000
vt 0.6875 0.2500 0.0000
vt 0.7500 0.2500 0.0000
vt 0.8125 0.2500 0.0000
vt 0.8750 0.2500 0.0000
vt 0.9375 0.2500 0.0000
vt 1.0000 0.2500 0.0000
vt 0.0000 0.1250 0.0000
vt 0.0625 0.1250 0.0000
vt 0.1250 0.1250 0.0000
vt 0.1875 0.1250 0.0000
vt 0.2500 0.1250 0.0000
vt 0.3125 0.1250 0.0000
vt 0.3750 0.1250 0.0000
vt 0.4375 0.1250 0.0000
vt 0.5000 0.1250 0.0000
vt 0.5625 0.1250 0.0000
vt 0.6250 0.1250 0.0000
vt 0.6875 0.1250 0.0000
vt 0.7500 0.1250 0.0000
vt 0.8125 0.1250 0.0000
vt 0.8750 0.1250 0.0000
vt 0.9375 0.1250 0.0000
vt 1.0000 0.1250 0.0000
vt 0.0000 0.0000 0.0000
vt 0.0625 0.0000 0.0000
vt 0.1250 0.0000 0.0000
vt 0.1875 0.0000 0.0000
vt 0.2500 0.0000 0.0000
vt 0.3125 0.0000 0.0000
vt 0.3750 0.0000 0.0000
vt 0.4375 0.0000 0.0000
vt 0.5000 0.0000 0.0000
vt 0.5625 0.0000 0.0000
vt 0.6250 0.0000 0.0000
vt 0.6875 0.0000 0.0000
vt 0.7500 0.0000 0.0000
vt 0.8125 0.0000 0.0000
vt 0.8750 0.0000 0.0000
vt 0.9375 0.0000 0.0000
# 151 texture coords

o Sphere012
g Sphere012
usemtl wire_224086086
s 1
f 1639/1662/1639 1640/1663/1640 1641/1664/1641 
f 1639/1665/1639 1641/1664/1641 1642/1666/1642 
f 1639/1667/1639 1642/1666/1642 1643/1668/1643 
f 1639/1669/1639 1643/1668/1643 1644/1670/1644 
f 1639/1671/1639 1644/1670/1644 1645/1672/1645 
f 1639/1673/1639 1645/1672/1645 1646/1674/1646 
f 1639/1675/1639 1646/1674/1646 1647/1676/1647 
f 1639/1677/1639 1647/1676/1647 1648/1678/1648 
f 1639/1679/1639 1648/1678/1648 1649/1680/1649 
f 1639/1681/1639 1649/1680/1649 1650/1682/1650 
f 1639/1683/1639 1650/1682/1650 1651/1684/1651 
f 1639/1685/1639 1651/1684/1651 1652/1686/1652 
f 1639/1687/1639 1652/1686/1652 1653/1688/1653 
f 1639/1689/1639 1653/1688/1653 1654/1690/1654 
f 1639/1691/1639 1654/1690/1654 1655/1692/1655 
f 1639/1693/1639 1655/1692/1655 1640/1694/1640 
f 1640/1663/1640 1656/1695/1656 1657/1696/1657 1641/1664/1641 
f 1641/1664/1641 1657/1696/1657 1658/1697/1658 1642/1666/1642 
f 1642/1666/1642 1658/1697/1658 1659/1698/1659 1643/1668/1643 
f 1643/1668/1643 1659/1698/1659 1660/1699/1660 1644/1670/1644 
f 1644/1670/1644 1660/1699/1660 1661/1700/1661 1645/1672/1645 
f 1645/1672/1645 1661/1700/1661 1662/1701/1662 1646/1674/1646 
f 1646/1674/1646 1662/1701/1662 1663/1702/1663 1647/1676/1647 
f 1647/1676/1647 1663/1702/1663 1664/1703/1664 1648/1678/1648 
f 1648/1678/1648 1664/1703/1664 1665/1704/1665 1649/1680/1649 
f 1649/1680/1649 1665/1704/1665 1666/1705/1666 1650/1682/1650 
f 1650/1682/1650 1666/1705/1666 1667/1706/1667 1651/1684/1651 
f 1651/1684/1651 1667/1706/1667 1668/1707/1668 1652/1686/1652 
f 1652/1686/1652 1668/1707/1668 1669/1708/1669 1653/1688/1653 
f 1653/1688/1653 1669/1708/1669 1670/1709/1670 1654/1690/1654 
f 1654/1690/1654 1670/1709/1670 1671/1710/1671 1655/1692/1655 
f 1655/1692/1655 1671/1710/1671 1656/1711/1656 1640/1694/1640 
f 1656/1695/1656 1672/1712/1672 1673/1713/1673 1657/1696/1657 
f 1657/1696/1657 1673/1713/1673 1674/1714/1674 1658/1697/1658 
f 1658/1697/1658 1674/1714/1674 1675/1715/1675 1659/1698/1659 
f 1659/1698/1659 1675/1715/1675 1676/1716/1676 1660/1699/1660 
f 1660/1699/1660 1676/1716/1676 1677/1717/1677 1661/1700/1661 
f 1661/1700/1661 1677/1717/1677 1678/1718/1678 1662/1701/1662 
f 1662/1701/1662 1678/1718/1678 1679/1719/1679 1663/1702/1663 
f 1663/1702/1663 1679/1719/1679 1680/1720/1680 1664/1703/1664 
f 1664/1703/1664 1680/1720/1680 1681/1721/1681 1665/1704/1665 
f 1665/1704/1665 1681/1721/1681 1682/1722/1682 1666/1705/1666 
f 1666/1705/1666 1682/1722/1682 1683/1723/1683 1667/1706/1667 
f 1667/1706/1667 1683/1723/1683 1684/1724/1684 1668/1707/1668 
f 1668/1707/1668 1684/1724/1684 1685/1725/1685 1669/1708/1669 
f 1669/1708/1669 1685/1725/1685 1686/1726/1686 1670/1709/1670 
f 1670/1709/1670 1686/1726/1686 1687/1727/1687 1671/1710/1671 
f 1671/1710/1671 1687/1727/1687 1672/1728/1672 1656/1711/1656 
f 1672/1712/1672 1688/1729/1688 1689/1730/1689 1673/1713/1673 
f 1673/1713/1673 1689/1730/1689 1690/1731/1690 1674/1714/1674 
f 1674/1714/1674 1690/1731/1690 1691/1732/1691 1675/1715/1675 
f 1675/1715/1675 1691/1732/1691 1692/1733/1692 1676/1716/1676 
f 1676/1716/1676 1692/1733/1692 1693/1734/1693 1677/1717/1677 
f 1677/1717/1677 1693/1734/1693 1694/1735/1694 1678/1718/1678 
f 1678/1718/1678 1694/1735/1694 1695/1736/1695 1679/1719/1679 
f 1679/1719/1679 1695/1736/1695 1696/1737/1696 1680/1720/1680 
f 1680/1720/1680 1696/1737/1696 1697/1738/1697 1681/1721/1681 
f 1681/1721/1681 1697/1738/1697 1698/1739/1698 1682/1722/1682 
f 1682/1722/1682 1698/1739/1698 1699/1740/1699 1683/1723/1683 
f 1683/1723/1683 1699/1740/1699 1700/1741/1700 1684/1724/1684 
f 1684/1724/1684 1700/1741/1700 1701/1742/1701 1685/1725/1685 
f 1685/1725/1685 1701/1742/1701 1702/1743/1702 1686/1726/1686 
f 1686/1726/1686 1702/1743/1702 1703/1744/1703 1687/1727/1687 
f 1687/1727/1687 1703/1744/1703 1688/1745/1688 1672/1728/1672 
f 1688/1729/1688 1704/1746/1704 1705/1747/1705 1689/1730/1689 
f 1689/1730/1689 1705/1747/1705 1706/1748/1706 1690/1731/1690 
f 1690/1731/1690 1706/1748/1706 1707/1749/1707 1691/1732/1691 
f 1691/1732/1691 1707/1749/1707 1708/1750/1708 1692/1733/1692 
f 1692/1733/1692 1708/1750/1708 1709/1751/1709 1693/1734/1693 
f 1693/1734/1693 1709/1751/1709 1710/1752/1710 1694/1735/1694 
f 1694/1735/1694 1710/1752/1710 1711/1753/1711 1695/1736/1695 
f 1695/1736/1695 1711/1753/1711 1712/1754/1712 1696/1737/1696 
f 1696/1737/1696 1712/1754/1712 1713/1755/1713 1697/1738/1697 
f 1697/1738/1697 1713/1755/1713 1714/1756/1714 1698/1739/1698 
f 1698/1739/1698 1714/1756/1714 1715/1757/1715 1699/1740/1699 
f 1699/1740/1699 1715/1757/1715 1716/1758/1716 1700/1741/1700 
f 1700/1741/1700 1716/1758/1716 1717/1759/1717 1701/1742/1701 
f 1701/1742/1701 1717/1759/1717 1718/1760/1718 1702/1743/1702 
f 1702/1743/1702 1718/1760/1718 1719/1761/1719 1703/1744/1703 
f 1703/1744/1703 1719/1761/1719 1704/1762/1704 1688/1745/1688 
f 1704/1746/1704 1720/1763/1720 1721/1764/1721 1705/1747/1705 
f 1705/1747/1705 1721/1764/1721 1722/1765/1722 1706/1748/1706 
f 1706/1748/1706 1722/1765/1722 1723/1766/1723 1707/1749/1707 
f 1707/1749/1707 1723/1766/1723 1724/1767/1724 1708/1750/1708 
f 1708/1750/1708 1724/1767/1724 1725/1768/1725 1709/1751/1709 
f 1709/1751/1709 1725/1768/1725 1726/1769/1726 1710/1752/1710 
f 1710/1752/1710 1726/1769/1726 1727/1770/1727 1711/1753/1711 
f 1711/1753/1711 1727/1770/1727 1728/1771/1728 1712/1754/1712 
f 1712/1754/1712 1728/1771/1728 1729/1772/1729 1713/1755/1713 
f 1713/1755/1713 1729/1772/1729 1730/1773/1730 1714/1756/1714 
f 1714/1756/1714 1730/1773/1730 1731/1774/1731 1715/1757/1715 
f 1715/1757/1715 1731/1774/1731 1732/1775/1732 1716/1758/1716 
f 1716/1758/1716 1732/1775/1732 1733/1776/1733 1717/1759/1717 
f 1717/1759/1717 1733/1776/1733 1734/1777/1734 1718/1760/1718 
f 1718/1760/1718 1734/1777/1734 1735/1778/1735 1719/1761/1719 
f 1719/1761/1719 1735/1778/1735 1720/1779/1720 1704/1762/1704 
f 1720/1763/1720 1736/1780/1736 1737/1781/1737 1721/1764/1721 
f 1721/1764/1721 1737/1781/1737 1738/1782/1738 1722/1765/1722 
f 1722/1765/1722 1738/1782/1738 1739/1783/1739 1723/1766/1723 
f 1723/1766/1723 1739/1783/1739 1740/1784/1740 1724/1767/1724 
f 1724/1767/1724 1740/1784/1740 1741/1785/1741 1725/1768/1725 
f 1725/1768/1725 1741/1785/1741 1742/1786/1742 1726/1769/1726 
f 1726/1769/1726 1742/1786/1742 1743/1787/1743 1727/1770/1727 
f 1727/1770/1727 1743/1787/1743 1744/1788/1744 1728/1771/1728 
f 1728/1771/1728 1744/1788/1744 1745/1789/1745 1729/1772/1729 
f 1729/1772/1729 1745/1789/1745 1746/1790/1746 1730/1773/1730 
f 1730/1773/1730 1746/1790/1746 1747/1791/1747 1731/1774/1731 
f 1731/1774/1731 1747/1791/1747 1748/1792/1748 1732/1775/1732 
f 1732/1775/1732 1748/1792/1748 1749/1793/1749 1733/1776/1733 
f 1733/1776/1733 1749/1793/1749 1750/1794/1750 1734/1777/1734 
f 1734/1777/1734 1750/1794/1750 1751/1795/1751 1735/1778/1735 
f 1735/1778/1735 1751/1795/1751 1736/1796/1736 1720/1779/1720 
f 1752/1797/1752 1737/1781/1737 1736/1780/1736 
f 1752/1798/1752 1738/1782/1738 1737/1781/1737 
f 1752/1799/1752 1739/1783/1739 1738/1782/1738 
f 1752/1800/1752 1740/1784/1740 1739/1783/1739 
f 1752/1801/1752 1741/1785/1741 1740/1784/1740 
f 1752/1802/1752 1742/1786/1742 1741/1785/1741 
f 1752/1803/1752 1743/1787/1743 1742/1786/1742 
f 1752/1804/1752 1744/1788/1744 1743/1787/1743 
f 1752/1805/1752 1745/1789/1745 1744/1788/1744 
f 1752/1806/1752 1746/1790/1746 1745/1789/1745 
f 1752/1807/1752 1747/1791/1747 1746/1790/1746 
f 1752/1808/1752 1748/1792/1748 1747/1791/1747 
f 1752/1809/1752 1749/1793/1749 1748/1792/1748 
f 1752/1810/1752 1750/1794/1750 1749/1793/1749 
f 1752/1811/1752 1751/1795/1751 1750/1794/1750 
f 1752/1812/1752 1736/1796/1736 1751/1795/1751 
# 96 polygons - 32 triangles

#
# object Sphere013
#

v  0.0981 -0.0279 4.1115
v  0.0793 -0.0722 4.1447
v  0.0989 -0.0684 4.1536
v  0.1193 -0.0606 4.1550
v  0.1373 -0.0500 4.1488
v  0.1502 -0.0381 4.1358
v  0.1561 -0.0267 4.1181
v  0.1540 -0.0177 4.0983
v  0.1443 -0.0123 4.0795
v  0.1285 -0.0114 4.0645
v  0.1089 -0.0152 4.0556
v  0.0885 -0.0230 4.0541
v  0.0705 -0.0336 4.0604
v  0.0576 -0.0455 4.0734
v  0.0517 -0.0569 4.0911
v  0.0538 -0.0659 4.1109
v  0.0635 -0.0713 4.1297
v  0.0750 -0.1374 4.1589
v  0.1112 -0.1305 4.1753
v  0.1488 -0.1161 4.1779
v  0.1821 -0.0964 4.1664
v  0.2060 -0.0744 4.1424
v  0.2169 -0.0535 4.1097
v  0.2130 -0.0367 4.0732
v  0.1951 -0.0268 4.0384
v  0.1658 -0.0252 4.0107
v  0.1296 -0.0321 3.9943
v  0.0920 -0.0465 3.9916
v  0.0587 -0.0662 4.0031
v  0.0348 -0.0882 4.0271
v  0.0240 -0.1092 4.0598
v  0.0278 -0.1259 4.0964
v  0.0457 -0.1358 4.1311
v  0.0858 -0.2138 4.1519
v  0.1332 -0.2047 4.1734
v  0.1823 -0.1859 4.1769
v  0.2258 -0.1602 4.1618
v  0.2570 -0.1314 4.1305
v  0.2712 -0.1040 4.0877
v  0.2662 -0.0822 4.0400
v  0.2427 -0.0692 3.9945
v  0.2045 -0.0671 3.9583
v  0.1572 -0.0761 3.9369
v  0.1080 -0.0950 3.9334
v  0.0645 -0.1207 3.9485
v  0.0333 -0.1495 3.9798
v  0.0191 -0.1768 4.0226
v  0.0241 -0.1987 4.0703
v  0.0476 -0.2116 4.1157
v  0.1101 -0.2896 4.1249
v  0.1613 -0.2798 4.1482
v  0.2145 -0.2594 4.1519
v  0.2616 -0.2315 4.1356
v  0.2954 -0.2004 4.1017
v  0.3107 -0.1708 4.0554
v  0.3053 -0.1472 4.0038
v  0.2800 -0.1331 3.9546
v  0.2385 -0.1308 3.9154
v  0.1873 -0.1406 3.8922
v  0.1341 -0.1610 3.8884
v  0.0871 -0.1888 3.9047
v  0.0533 -0.2199 3.9386
v  0.0379 -0.2496 3.9849
v  0.0433 -0.2732 4.0366
v  0.0687 -0.2872 4.0858
v  0.1442 -0.3533 4.0820
v  0.1915 -0.3442 4.1035
v  0.2406 -0.3254 4.1069
v  0.2841 -0.2997 4.0919
v  0.3153 -0.2709 4.0606
v  0.3295 -0.2435 4.0178
v  0.3245 -0.2217 3.9700
v  0.3011 -0.2087 3.9246
v  0.2628 -0.2066 3.8884
v  0.2155 -0.2156 3.8669
v  0.1664 -0.2345 3.8635
v  0.1229 -0.2602 3.8786
v  0.0917 -0.2889 3.9099
v  0.0775 -0.3163 3.9526
v  0.0825 -0.3382 4.0004
v  0.1059 -0.3511 4.0458
v  0.1829 -0.3952 4.0297
v  0.2191 -0.3883 4.0461
v  0.2567 -0.3739 4.0487
v  0.2900 -0.3542 4.0372
v  0.3138 -0.3322 4.0132
v  0.3247 -0.3112 3.9805
v  0.3209 -0.2945 3.9440
v  0.3029 -0.2846 3.9092
v  0.2736 -0.2829 3.8815
v  0.2374 -0.2899 3.8651
v  0.1998 -0.3043 3.8624
v  0.1665 -0.3240 3.8739
v  0.1427 -0.3460 3.8979
v  0.1318 -0.3669 3.9306
v  0.1356 -0.3836 3.9672
v  0.1536 -0.3936 4.0020
v  0.2202 -0.4089 3.9759
v  0.2398 -0.4052 3.9848
v  0.2602 -0.3974 3.9862
v  0.2782 -0.3867 3.9800
v  0.2911 -0.3748 3.9670
v  0.2970 -0.3635 3.9493
v  0.2949 -0.3545 3.9295
v  0.2852 -0.3491 3.9107
v  0.2693 -0.3482 3.8957
v  0.2497 -0.3519 3.8868
v  0.2294 -0.3597 3.8854
v  0.2114 -0.3704 3.8916
v  0.1985 -0.3823 3.9046
v  0.1926 -0.3936 3.9223
v  0.1947 -0.4027 3.9421
v  0.2044 -0.4081 3.9609
v  0.2506 -0.3924 3.9288
# 114 vertices

vn -0.3503 0.8373 0.4197
vn -0.4975 0.5476 0.6728
vn -0.3564 0.5745 0.7368
vn -0.2098 0.6307 0.7472
vn -0.0801 0.7074 0.7022
vn 0.0130 0.7932 0.6088
vn 0.0553 0.8748 0.4812
vn 0.0404 0.9400 0.3389
vn -0.0295 0.9787 0.2034
vn -0.1437 0.9850 0.0954
vn -0.2848 0.9581 0.0314
vn -0.4313 0.9019 0.0210
vn -0.5610 0.8252 0.0660
vn -0.6541 0.7394 0.1593
vn -0.6964 0.6578 0.2869
vn -0.6815 0.5926 0.4293
vn -0.6117 0.5540 0.5648
vn -0.5590 0.1920 0.8066
vn -0.3073 0.2401 0.9208
vn -0.0460 0.3402 0.9392
vn 0.1853 0.4771 0.8591
vn 0.3513 0.6300 0.6926
vn 0.4268 0.7756 0.4650
vn 0.4002 0.8918 0.2111
vn 0.2756 0.9608 -0.0305
vn 0.0720 0.9721 -0.2231
vn -0.1797 0.9241 -0.3373
vn -0.4410 0.8240 -0.3557
vn -0.6723 0.6871 -0.2756
vn -0.8383 0.5341 -0.1090
vn -0.9138 0.3885 0.1185
vn -0.8872 0.2724 0.3724
vn -0.7626 0.2034 0.6141
vn -0.5381 -0.1897 0.8213
vn -0.2135 -0.1277 0.9686
vn 0.1237 0.0014 0.9923
vn 0.4220 0.1781 0.8889
vn 0.6361 0.3753 0.6741
vn 0.7335 0.5632 0.3806
vn 0.6992 0.7130 0.0531
vn 0.5385 0.8020 -0.2586
vn 0.2758 0.8166 -0.5070
vn -0.0488 0.7546 -0.6543
vn -0.3859 0.6255 -0.6781
vn -0.6843 0.4489 -0.5747
vn -0.8984 0.2516 -0.3599
vn -0.9958 0.0638 -0.0664
vn -0.9615 -0.0860 0.2612
vn -0.8007 -0.1750 0.5729
vn -0.4389 -0.5426 0.7162
vn -0.0888 -0.4758 0.8751
vn 0.2748 -0.3365 0.9007
vn 0.5965 -0.1460 0.7892
vn 0.8275 0.0667 0.5576
vn 0.9324 0.2693 0.2410
vn 0.8954 0.4308 -0.1122
vn 0.7221 0.5268 -0.4483
vn 0.4389 0.5426 -0.7162
vn 0.0888 0.4758 -0.8751
vn -0.2748 0.3365 -0.9007
vn -0.5965 0.1460 -0.7892
vn -0.8275 -0.0667 -0.5576
vn -0.9324 -0.2693 -0.2410
vn -0.8954 -0.4308 0.1122
vn -0.7221 -0.5268 0.4483
vn -0.2758 -0.8166 0.5070
vn 0.0488 -0.7546 0.6543
vn 0.3859 -0.6255 0.6781
vn 0.6843 -0.4489 0.5747
vn 0.8984 -0.2516 0.3599
vn 0.9958 -0.0638 0.0664
vn 0.9615 0.0860 -0.2612
vn 0.8007 0.1750 -0.5729
vn 0.5381 0.1897 -0.8213
vn 0.2135 0.1277 -0.9686
vn -0.1237 -0.0014 -0.9923
vn -0.4220 -0.1781 -0.8889
vn -0.6361 -0.3753 -0.6741
vn -0.7335 -0.5632 -0.3806
vn -0.6992 -0.7130 -0.0531
vn -0.5385 -0.8020 0.2586
vn -0.0720 -0.9721 0.2231
vn 0.1797 -0.9241 0.3373
vn 0.4410 -0.8240 0.3557
vn 0.6723 -0.6871 0.2756
vn 0.8383 -0.5341 0.1090
vn 0.9138 -0.3885 -0.1185
vn 0.8872 -0.2724 -0.3724
vn 0.7626 -0.2034 -0.6141
vn 0.5590 -0.1920 -0.8066
vn 0.3073 -0.2401 -0.9208
vn 0.0460 -0.3402 -0.9392
vn -0.1853 -0.4771 -0.8591
vn -0.3513 -0.6300 -0.6926
vn -0.4268 -0.7756 -0.4650
vn -0.4002 -0.8918 -0.2111
vn -0.2756 -0.9608 0.0305
vn 0.1437 -0.9850 -0.0954
vn 0.2848 -0.9581 -0.0314
vn 0.4313 -0.9019 -0.0210
vn 0.5610 -0.8252 -0.0660
vn 0.6541 -0.7394 -0.1593
vn 0.6964 -0.6578 -0.2869
vn 0.6815 -0.5926 -0.4293
vn 0.6117 -0.5540 -0.5648
vn 0.4975 -0.5476 -0.6728
vn 0.3564 -0.5745 -0.7368
vn 0.2098 -0.6307 -0.7472
vn 0.0801 -0.7074 -0.7022
vn -0.0130 -0.7932 -0.6088
vn -0.0553 -0.8748 -0.4812
vn -0.0404 -0.9400 -0.3389
vn 0.0295 -0.9787 -0.2034
vn 0.3503 -0.8373 -0.4197
# 114 vertex normals

vt 0.0000 1.0000 0.0000
vt 0.0000 0.8750 0.0000
vt 0.0625 0.8750 0.0000
vt 0.0625 1.0000 0.0000
vt 0.1250 0.8750 0.0000
vt 0.1250 1.0000 0.0000
vt 0.1875 0.8750 0.0000
vt 0.1875 1.0000 0.0000
vt 0.2500 0.8750 0.0000
vt 0.2500 1.0000 0.0000
vt 0.3125 0.8750 0.0000
vt 0.3125 1.0000 0.0000
vt 0.3750 0.8750 0.0000
vt 0.3750 1.0000 0.0000
vt 0.4375 0.8750 0.0000
vt 0.4375 1.0000 0.0000
vt 0.5000 0.8750 0.0000
vt 0.5000 1.0000 0.0000
vt 0.5625 0.8750 0.0000
vt 0.5625 1.0000 0.0000
vt 0.6250 0.8750 0.0000
vt 0.6250 1.0000 0.0000
vt 0.6875 0.8750 0.0000
vt 0.6875 1.0000 0.0000
vt 0.7500 0.8750 0.0000
vt 0.7500 1.0000 0.0000
vt 0.8125 0.8750 0.0000
vt 0.8125 1.0000 0.0000
vt 0.8750 0.8750 0.0000
vt 0.8750 1.0000 0.0000
vt 0.9375 0.8750 0.0000
vt 0.9375 1.0000 0.0000
vt 1.0000 0.8750 0.0000
vt 0.0000 0.7500 0.0000
vt 0.0625 0.7500 0.0000
vt 0.1250 0.7500 0.0000
vt 0.1875 0.7500 0.0000
vt 0.2500 0.7500 0.0000
vt 0.3125 0.7500 0.0000
vt 0.3750 0.7500 0.0000
vt 0.4375 0.7500 0.0000
vt 0.5000 0.7500 0.0000
vt 0.5625 0.7500 0.0000
vt 0.6250 0.7500 0.0000
vt 0.6875 0.7500 0.0000
vt 0.7500 0.7500 0.0000
vt 0.8125 0.7500 0.0000
vt 0.8750 0.7500 0.0000
vt 0.9375 0.7500 0.0000
vt 1.0000 0.7500 0.0000
vt 0.0000 0.6250 0.0000
vt 0.0625 0.6250 0.0000
vt 0.1250 0.6250 0.0000
vt 0.1875 0.6250 0.0000
vt 0.2500 0.6250 0.0000
vt 0.3125 0.6250 0.0000
vt 0.3750 0.6250 0.0000
vt 0.4375 0.6250 0.0000
vt 0.5000 0.6250 0.0000
vt 0.5625 0.6250 0.0000
vt 0.6250 0.6250 0.0000
vt 0.6875 0.6250 0.0000
vt 0.7500 0.6250 0.0000
vt 0.8125 0.6250 0.0000
vt 0.8750 0.6250 0.0000
vt 0.9375 0.6250 0.0000
vt 1.0000 0.6250 0.0000
vt 0.0000 0.5000 0.0000
vt 0.0625 0.5000 0.0000
vt 0.1250 0.5000 0.0000
vt 0.1875 0.5000 0.0000
vt 0.2500 0.5000 0.0000
vt 0.3125 0.5000 0.0000
vt 0.3750 0.5000 0.0000
vt 0.4375 0.5000 0.0000
vt 0.5000 0.5000 0.0000
vt 0.5625 0.5000 0.0000
vt 0.6250 0.5000 0.0000
vt 0.6875 0.5000 0.0000
vt 0.7500 0.5000 0.0000
vt 0.8125 0.5000 0.0000
vt 0.8750 0.5000 0.0000
vt 0.9375 0.5000 0.0000
vt 1.0000 0.5000 0.0000
vt 0.0000 0.3750 0.0000
vt 0.0625 0.3750 0.0000
vt 0.1250 0.3750 0.0000
vt 0.1875 0.3750 0.0000
vt 0.2500 0.3750 0.0000
vt 0.3125 0.3750 0.0000
vt 0.3750 0.3750 0.0000
vt 0.4375 0.3750 0.0000
vt 0.5000 0.3750 0.0000
vt 0.5625 0.3750 0.0000
vt 0.6250 0.3750 0.0000
vt 0.6875 0.3750 0.0000
vt 0.7500 0.3750 0.0000
vt 0.8125 0.3750 0.0000
vt 0.8750 0.3750 0.0000
vt 0.9375 0.3750 0.0000
vt 1.0000 0.3750 0.0000
vt 0.0000 0.2500 0.0000
vt 0.0625 0.2500 0.0000
vt 0.1250 0.2500 0.0000
vt 0.1875 0.2500 0.0000
vt 0.2500 0.2500 0.0000
vt 0.3125 0.2500 0.0000
vt 0.3750 0.2500 0.0000
vt 0.4375 0.2500 0.0000
vt 0.5000 0.2500 0.0000
vt 0.5625 0.2500 0.0000
vt 0.6250 0.2500 0.0000
vt 0.6875 0.2500 0.0000
vt 0.7500 0.2500 0.0000
vt 0.8125 0.2500 0.0000
vt 0.8750 0.2500 0.0000
vt 0.9375 0.2500 0.0000
vt 1.0000 0.2500 0.0000
vt 0.0000 0.1250 0.0000
vt 0.0625 0.1250 0.0000
vt 0.1250 0.1250 0.0000
vt 0.1875 0.1250 0.0000
vt 0.2500 0.1250 0.0000
vt 0.3125 0.1250 0.0000
vt 0.3750 0.1250 0.0000
vt 0.4375 0.1250 0.0000
vt 0.5000 0.1250 0.0000
vt 0.5625 0.1250 0.0000
vt 0.6250 0.1250 0.0000
vt 0.6875 0.1250 0.0000
vt 0.7500 0.1250 0.0000
vt 0.8125 0.1250 0.0000
vt 0.8750 0.1250 0.0000
vt 0.9375 0.1250 0.0000
vt 1.0000 0.1250 0.0000
vt 0.0000 0.0000 0.0000
vt 0.0625 0.0000 0.0000
vt 0.1250 0.0000 0.0000
vt 0.1875 0.0000 0.0000
vt 0.2500 0.0000 0.0000
vt 0.3125 0.0000 0.0000
vt 0.3750 0.0000 0.0000
vt 0.4375 0.0000 0.0000
vt 0.5000 0.0000 0.0000
vt 0.5625 0.0000 0.0000
vt 0.6250 0.0000 0.0000
vt 0.6875 0.0000 0.0000
vt 0.7500 0.0000 0.0000
vt 0.8125 0.0000 0.0000
vt 0.8750 0.0000 0.0000
vt 0.9375 0.0000 0.0000
# 151 texture coords

o Sphere013
g Sphere013
usemtl wire_224086086
s 1
f 1753/1813/1753 1754/1814/1754 1755/1815/1755 
f 1753/1816/1753 1755/1815/1755 1756/1817/1756 
f 1753/1818/1753 1756/1817/1756 1757/1819/1757 
f 1753/1820/1753 1757/1819/1757 1758/1821/1758 
f 1753/1822/1753 1758/1821/1758 1759/1823/1759 
f 1753/1824/1753 1759/1823/1759 1760/1825/1760 
f 1753/1826/1753 1760/1825/1760 1761/1827/1761 
f 1753/1828/1753 1761/1827/1761 1762/1829/1762 
f 1753/1830/1753 1762/1829/1762 1763/1831/1763 
f 1753/1832/1753 1763/1831/1763 1764/1833/1764 
f 1753/1834/1753 1764/1833/1764 1765/1835/1765 
f 1753/1836/1753 1765/1835/1765 1766/1837/1766 
f 1753/1838/1753 1766/1837/1766 1767/1839/1767 
f 1753/1840/1753 1767/1839/1767 1768/1841/1768 
f 1753/1842/1753 1768/1841/1768 1769/1843/1769 
f 1753/1844/1753 1769/1843/1769 1754/1845/1754 
f 1754/1814/1754 1770/1846/1770 1771/1847/1771 1755/1815/1755 
f 1755/1815/1755 1771/1847/1771 1772/1848/1772 1756/1817/1756 
f 1756/1817/1756 1772/1848/1772 1773/1849/1773 1757/1819/1757 
f 1757/1819/1757 1773/1849/1773 1774/1850/1774 1758/1821/1758 
f 1758/1821/1758 1774/1850/1774 1775/1851/1775 1759/1823/1759 
f 1759/1823/1759 1775/1851/1775 1776/1852/1776 1760/1825/1760 
f 1760/1825/1760 1776/1852/1776 1777/1853/1777 1761/1827/1761 
f 1761/1827/1761 1777/1853/1777 1778/1854/1778 1762/1829/1762 
f 1762/1829/1762 1778/1854/1778 1779/1855/1779 1763/1831/1763 
f 1763/1831/1763 1779/1855/1779 1780/1856/1780 1764/1833/1764 
f 1764/1833/1764 1780/1856/1780 1781/1857/1781 1765/1835/1765 
f 1765/1835/1765 1781/1857/1781 1782/1858/1782 1766/1837/1766 
f 1766/1837/1766 1782/1858/1782 1783/1859/1783 1767/1839/1767 
f 1767/1839/1767 1783/1859/1783 1784/1860/1784 1768/1841/1768 
f 1768/1841/1768 1784/1860/1784 1785/1861/1785 1769/1843/1769 
f 1769/1843/1769 1785/1861/1785 1770/1862/1770 1754/1845/1754 
f 1770/1846/1770 1786/1863/1786 1787/1864/1787 1771/1847/1771 
f 1771/1847/1771 1787/1864/1787 1788/1865/1788 1772/1848/1772 
f 1772/1848/1772 1788/1865/1788 1789/1866/1789 1773/1849/1773 
f 1773/1849/1773 1789/1866/1789 1790/1867/1790 1774/1850/1774 
f 1774/1850/1774 1790/1867/1790 1791/1868/1791 1775/1851/1775 
f 1775/1851/1775 1791/1868/1791 1792/1869/1792 1776/1852/1776 
f 1776/1852/1776 1792/1869/1792 1793/1870/1793 1777/1853/1777 
f 1777/1853/1777 1793/1870/1793 1794/1871/1794 1778/1854/1778 
f 1778/1854/1778 1794/1871/1794 1795/1872/1795 1779/1855/1779 
f 1779/1855/1779 1795/1872/1795 1796/1873/1796 1780/1856/1780 
f 1780/1856/1780 1796/1873/1796 1797/1874/1797 1781/1857/1781 
f 1781/1857/1781 1797/1874/1797 1798/1875/1798 1782/1858/1782 
f 1782/1858/1782 1798/1875/1798 1799/1876/1799 1783/1859/1783 
f 1783/1859/1783 1799/1876/1799 1800/1877/1800 1784/1860/1784 
f 1784/1860/1784 1800/1877/1800 1801/1878/1801 1785/1861/1785 
f 1785/1861/1785 1801/1878/1801 1786/1879/1786 1770/1862/1770 
f 1786/1863/1786 1802/1880/1802 1803/1881/1803 1787/1864/1787 
f 1787/1864/1787 1803/1881/1803 1804/1882/1804 1788/1865/1788 
f 1788/1865/1788 1804/1882/1804 1805/1883/1805 1789/1866/1789 
f 1789/1866/1789 1805/1883/1805 1806/1884/1806 1790/1867/1790 
f 1790/1867/1790 1806/1884/1806 1807/1885/1807 1791/1868/1791 
f 1791/1868/1791 1807/1885/1807 1808/1886/1808 1792/1869/1792 
f 1792/1869/1792 1808/1886/1808 1809/1887/1809 1793/1870/1793 
f 1793/1870/1793 1809/1887/1809 1810/1888/1810 1794/1871/1794 
f 1794/1871/1794 1810/1888/1810 1811/1889/1811 1795/1872/1795 
f 1795/1872/1795 1811/1889/1811 1812/1890/1812 1796/1873/1796 
f 1796/1873/1796 1812/1890/1812 1813/1891/1813 1797/1874/1797 
f 1797/1874/1797 1813/1891/1813 1814/1892/1814 1798/1875/1798 
f 1798/1875/1798 1814/1892/1814 1815/1893/1815 1799/1876/1799 
f 1799/1876/1799 1815/1893/1815 1816/1894/1816 1800/1877/1800 
f 1800/1877/1800 1816/1894/1816 1817/1895/1817 1801/1878/1801 
f 1801/1878/1801 1817/1895/1817 1802/1896/1802 1786/1879/1786 
f 1802/1880/1802 1818/1897/1818 1819/1898/1819 1803/1881/1803 
f 1803/1881/1803 1819/1898/1819 1820/1899/1820 1804/1882/1804 
f 1804/1882/1804 1820/1899/1820 1821/1900/1821 1805/1883/1805 
f 1805/1883/1805 1821/1900/1821 1822/1901/1822 1806/1884/1806 
f 1806/1884/1806 1822/1901/1822 1823/1902/1823 1807/1885/1807 
f 1807/1885/1807 1823/1902/1823 1824/1903/1824 1808/1886/1808 
f 1808/1886/1808 1824/1903/1824 1825/1904/1825 1809/1887/1809 
f 1809/1887/1809 1825/1904/1825 1826/1905/1826 1810/1888/1810 
f 1810/1888/1810 1826/1905/1826 1827/1906/1827 1811/1889/1811 
f 1811/1889/1811 1827/1906/1827 1828/1907/1828 1812/1890/1812 
f 1812/1890/1812 1828/1907/1828 1829/1908/1829 1813/1891/1813 
f 1813/1891/1813 1829/1908/1829 1830/1909/1830 1814/1892/1814 
f 1814/1892/1814 1830/1909/1830 1831/1910/1831 1815/1893/1815 
f 1815/1893/1815 1831/1910/1831 1832/1911/1832 1816/1894/1816 
f 1816/1894/1816 1832/1911/1832 1833/1912/1833 1817/1895/1817 
f 1817/1895/1817 1833/1912/1833 1818/1913/1818 1802/1896/1802 
f 1818/1897/1818 1834/1914/1834 1835/1915/1835 1819/1898/1819 
f 1819/1898/1819 1835/1915/1835 1836/1916/1836 1820/1899/1820 
f 1820/1899/1820 1836/1916/1836 1837/1917/1837 1821/1900/1821 
f 1821/1900/1821 1837/1917/1837 1838/1918/1838 1822/1901/1822 
f 1822/1901/1822 1838/1918/1838 1839/1919/1839 1823/1902/1823 
f 1823/1902/1823 1839/1919/1839 1840/1920/1840 1824/1903/1824 
f 1824/1903/1824 1840/1920/1840 1841/1921/1841 1825/1904/1825 
f 1825/1904/1825 1841/1921/1841 1842/1922/1842 1826/1905/1826 
f 1826/1905/1826 1842/1922/1842 1843/1923/1843 1827/1906/1827 
f 1827/1906/1827 1843/1923/1843 1844/1924/1844 1828/1907/1828 
f 1828/1907/1828 1844/1924/1844 1845/1925/1845 1829/1908/1829 
f 1829/1908/1829 1845/1925/1845 1846/1926/1846 1830/1909/1830 
f 1830/1909/1830 1846/1926/1846 1847/1927/1847 1831/1910/1831 
f 1831/1910/1831 1847/1927/1847 1848/1928/1848 1832/1911/1832 
f 1832/1911/1832 1848/1928/1848 1849/1929/1849 1833/1912/1833 
f 1833/1912/1833 1849/1929/1849 1834/1930/1834 1818/1913/1818 
f 1834/1914/1834 1850/1931/1850 1851/1932/1851 1835/1915/1835 
f 1835/1915/1835 1851/1932/1851 1852/1933/1852 1836/1916/1836 
f 1836/1916/1836 1852/1933/1852 1853/1934/1853 1837/1917/1837 
f 1837/1917/1837 1853/1934/1853 1854/1935/1854 1838/1918/1838 
f 1838/1918/1838 1854/1935/1854 1855/1936/1855 1839/1919/1839 
f 1839/1919/1839 1855/1936/1855 1856/1937/1856 1840/1920/1840 
f 1840/1920/1840 1856/1937/1856 1857/1938/1857 1841/1921/1841 
f 1841/1921/1841 1857/1938/1857 1858/1939/1858 1842/1922/1842 
f 1842/1922/1842 1858/1939/1858 1859/1940/1859 1843/1923/1843 
f 1843/1923/1843 1859/1940/1859 1860/1941/1860 1844/1924/1844 
f 1844/1924/1844 1860/1941/1860 1861/1942/1861 1845/1925/1845 
f 1845/1925/1845 1861/1942/1861 1862/1943/1862 1846/1926/1846 
f 1846/1926/1846 1862/1943/1862 1863/1944/1863 1847/1927/1847 
f 1847/1927/1847 1863/1944/1863 1864/1945/1864 1848/1928/1848 
f 1848/1928/1848 1864/1945/1864 1865/1946/1865 1849/1929/1849 
f 1849/1929/1849 1865/1946/1865 1850/1947/1850 1834/1930/1834 
f 1866/1948/1866 1851/1932/1851 1850/1931/1850 
f 1866/1949/1866 1852/1933/1852 1851/1932/1851 
f 1866/1950/1866 1853/1934/1853 1852/1933/1852 
f 1866/1951/1866 1854/1935/1854 1853/1934/1853 
f 1866/1952/1866 1855/1936/1855 1854/1935/1854 
f 1866/1953/1866 1856/1937/1856 1855/1936/1855 
f 1866/1954/1866 1857/1938/1857 1856/1937/1856 
f 1866/1955/1866 1858/1939/1858 1857/1938/1857 
f 1866/1956/1866 1859/1940/1859 1858/1939/1858 
f 1866/1957/1866 1860/1941/1860 1859/1940/1859 
f 1866/1958/1866 1861/1942/1861 1860/1941/1860 
f 1866/1959/1866 1862/1943/1862 1861/1942/1861 
f 1866/1960/1866 1863/1944/1863 1862/1943/1862 
f 1866/1961/1866 1864/1945/1864 1863/1944/1863 
f 1866/1962/1866 1865/1946/1865 1864/1945/1864 
f 1866/1963/1866 1850/1947/1850 1865/1946/1865 
# 96 polygons - 32 triangles

#
# object Sphere014
#

v  0.0031 -0.1640 3.9879
v  -0.0102 -0.1854 3.9353
v  -0.0302 -0.1820 3.9435
v  -0.0454 -0.1783 3.9587
v  -0.0535 -0.1749 3.9787
v  -0.0533 -0.1723 4.0004
v  -0.0448 -0.1710 4.0205
v  -0.0293 -0.1711 4.0359
v  -0.0092 -0.1725 4.0443
v  0.0125 -0.1752 4.0444
v  0.0324 -0.1786 4.0363
v  0.0476 -0.1823 4.0210
v  0.0557 -0.1857 4.0010
v  0.0555 -0.1882 3.9793
v  0.0470 -0.1896 3.9592
v  0.0316 -0.1895 3.9438
v  0.0115 -0.1881 3.9354
v  -0.0255 -0.2362 3.8945
v  -0.0624 -0.2299 3.9097
v  -0.0905 -0.2231 3.9379
v  -0.1055 -0.2168 3.9748
v  -0.1051 -0.2121 4.0149
v  -0.0895 -0.2096 4.0520
v  -0.0609 -0.2097 4.0805
v  -0.0237 -0.2125 4.0960
v  0.0163 -0.2174 4.0963
v  0.0532 -0.2237 4.0811
v  0.0813 -0.2305 4.0529
v  0.0963 -0.2368 4.0160
v  0.0959 -0.2415 3.9759
v  0.0803 -0.2440 3.9388
v  0.0517 -0.2439 3.9103
v  0.0145 -0.2411 3.8948
v  -0.0405 -0.3087 3.8719
v  -0.0887 -0.3004 3.8917
v  -0.1254 -0.2915 3.9285
v  -0.1450 -0.2834 3.9768
v  -0.1445 -0.2772 4.0292
v  -0.1240 -0.2740 4.0776
v  -0.0867 -0.2741 4.1149
v  -0.0381 -0.2777 4.1352
v  0.0142 -0.2841 4.1355
v  0.0624 -0.2924 4.1157
v  0.0991 -0.3013 4.0789
v  0.1186 -0.3094 4.0306
v  0.1182 -0.3156 3.9782
v  0.0977 -0.3188 3.9297
v  0.0604 -0.3187 3.8925
v  0.0118 -0.3151 3.8722
v  -0.0529 -0.3918 3.8708
v  -0.1050 -0.3829 3.8922
v  -0.1447 -0.3733 3.9321
v  -0.1659 -0.3644 3.9843
v  -0.1654 -0.3577 4.0410
v  -0.1433 -0.3542 4.0935
v  -0.1028 -0.3544 4.1338
v  -0.0503 -0.3582 4.1558
v  0.0064 -0.3652 4.1561
v  0.0585 -0.3741 4.1347
v  0.0982 -0.3838 4.0948
v  0.1194 -0.3926 4.0426
v  0.1189 -0.3993 3.9859
v  0.0967 -0.4028 3.9334
v  0.0563 -0.4026 3.8931
v  0.0038 -0.3988 3.8711
v  -0.0607 -0.4729 3.8915
v  -0.1089 -0.4646 3.9112
v  -0.1456 -0.4558 3.9481
v  -0.1652 -0.4476 3.9963
v  -0.1647 -0.4414 4.0487
v  -0.1442 -0.4382 4.0972
v  -0.1069 -0.4383 4.1344
v  -0.0583 -0.4419 4.1547
v  -0.0060 -0.4483 4.1550
v  0.0422 -0.4566 4.1352
v  0.0789 -0.4655 4.0984
v  0.0984 -0.4736 4.0501
v  0.0980 -0.4798 3.9978
v  0.0775 -0.4831 3.9493
v  0.0402 -0.4829 3.9120
v  -0.0084 -0.4793 3.8917
v  -0.0629 -0.5396 3.9307
v  -0.0997 -0.5333 3.9458
v  -0.1278 -0.5265 3.9740
v  -0.1428 -0.5203 4.0109
v  -0.1424 -0.5155 4.0510
v  -0.1268 -0.5130 4.0881
v  -0.0982 -0.5132 4.1166
v  -0.0610 -0.5159 4.1322
v  -0.0210 -0.5208 4.1324
v  0.0159 -0.5271 4.1172
v  0.0440 -0.5339 4.0890
v  0.0590 -0.5402 4.0521
v  0.0586 -0.5449 4.0120
v  0.0429 -0.5474 3.9749
v  0.0143 -0.5473 3.9464
v  -0.0228 -0.5445 3.9309
v  -0.0590 -0.5818 3.9825
v  -0.0789 -0.5784 3.9907
v  -0.0941 -0.5747 4.0059
v  -0.1022 -0.5713 4.0259
v  -0.1020 -0.5688 4.0476
v  -0.0936 -0.5674 4.0677
v  -0.0781 -0.5675 4.0831
v  -0.0580 -0.5690 4.0915
v  -0.0363 -0.5716 4.0916
v  -0.0164 -0.5750 4.0834
v  -0.0012 -0.5787 4.0682
v  0.0070 -0.5821 4.0482
v  0.0068 -0.5847 4.0265
v  -0.0017 -0.5860 4.0064
v  -0.0172 -0.5859 3.9910
v  -0.0373 -0.5845 3.9826
v  -0.0497 -0.5930 4.0390
# 114 vertices

vn 0.1212 0.9857 -0.1173
vn 0.0294 0.8653 -0.5004
vn -0.1143 0.8900 -0.4414
vn -0.2237 0.9165 -0.3316
vn -0.2822 0.9408 -0.1876
vn -0.2807 0.9593 -0.0314
vn -0.2197 0.9690 0.1132
vn -0.1083 0.9685 0.2243
vn 0.0364 0.9579 0.2848
vn 0.1926 0.9388 0.2856
vn 0.3362 0.9141 0.2267
vn 0.4456 0.8876 0.1168
vn 0.5041 0.8632 -0.0272
vn 0.5027 0.8448 -0.1834
vn 0.4416 0.8351 -0.3280
vn 0.3302 0.8356 -0.4390
vn 0.1855 0.8462 -0.4996
vn -0.0612 0.6196 -0.7825
vn -0.3175 0.6637 -0.6773
vn -0.5126 0.7110 -0.4814
vn -0.6168 0.7544 -0.2246
vn -0.6143 0.7872 0.0539
vn -0.5054 0.8046 0.3118
vn -0.3068 0.8037 0.5099
vn -0.0486 0.7848 0.6178
vn 0.2298 0.7507 0.6193
vn 0.4861 0.7067 0.5141
vn 0.6811 0.6594 0.3182
vn 0.7854 0.6160 0.0615
vn 0.7828 0.5831 -0.2171
vn 0.6740 0.5658 -0.4750
vn 0.4753 0.5667 -0.6730
vn 0.2172 0.5856 -0.7810
vn -0.1423 0.2845 -0.9481
vn -0.4729 0.3413 -0.8124
vn -0.7245 0.4023 -0.5597
vn -0.8589 0.4583 -0.2285
vn -0.8557 0.5007 0.1308
vn -0.7153 0.5230 0.4635
vn -0.4590 0.5219 0.7190
vn -0.1260 0.4975 0.8583
vn 0.2331 0.4535 0.8602
vn 0.5636 0.3967 0.7245
vn 0.8153 0.3357 0.4718
vn 0.9497 0.2797 0.1406
vn 0.9465 0.2373 -0.2187
vn 0.8061 0.2150 -0.5514
vn 0.5498 0.2161 -0.8068
vn 0.2168 0.2405 -0.9461
vn -0.2024 -0.0912 -0.9750
vn -0.5589 -0.0299 -0.8287
vn -0.8303 0.0359 -0.5562
vn -0.9753 0.0963 -0.1990
vn -0.9718 0.1420 0.1885
vn -0.8203 0.1661 0.5473
vn -0.5440 0.1649 0.8227
vn -0.1849 0.1386 0.9729
vn 0.2024 0.0912 0.9750
vn 0.5589 0.0299 0.8287
vn 0.8303 -0.0359 0.5562
vn 0.9753 -0.0963 0.1990
vn 0.9718 -0.1420 -0.1885
vn 0.8203 -0.1661 -0.5473
vn 0.5440 -0.1649 -0.8227
vn 0.1849 -0.1386 -0.9729
vn -0.2331 -0.4535 -0.8602
vn -0.5636 -0.3967 -0.7245
vn -0.8153 -0.3357 -0.4718
vn -0.9497 -0.2797 -0.1406
vn -0.9465 -0.2373 0.2187
vn -0.8061 -0.2150 0.5514
vn -0.5498 -0.2161 0.8068
vn -0.2168 -0.2405 0.9461
vn 0.1423 -0.2845 0.9481
vn 0.4729 -0.3413 0.8124
vn 0.7245 -0.4023 0.5597
vn 0.8589 -0.4583 0.2285
vn 0.8557 -0.5007 -0.1308
vn 0.7153 -0.5230 -0.4635
vn 0.4590 -0.5219 -0.7190
vn 0.1260 -0.4975 -0.8583
vn -0.2298 -0.7507 -0.6193
vn -0.4861 -0.7067 -0.5141
vn -0.6811 -0.6594 -0.3182
vn -0.7854 -0.6160 -0.0615
vn -0.7828 -0.5831 0.2171
vn -0.6740 -0.5658 0.4750
vn -0.4753 -0.5667 0.6730
vn -0.2172 -0.5856 0.7810
vn 0.0612 -0.6196 0.7825
vn 0.3175 -0.6637 0.6773
vn 0.5126 -0.7110 0.4814
vn 0.6168 -0.7544 0.2246
vn 0.6143 -0.7872 -0.0539
vn 0.5054 -0.8046 -0.3118
vn 0.3068 -0.8037 -0.5099
vn 0.0486 -0.7848 -0.6178
vn -0.1926 -0.9388 -0.2856
vn -0.3362 -0.9141 -0.2267
vn -0.4456 -0.8876 -0.1168
vn -0.5041 -0.8632 0.0272
vn -0.5027 -0.8448 0.1834
vn -0.4416 -0.8351 0.3280
vn -0.3302 -0.8356 0.4390
vn -0.1855 -0.8462 0.4996
vn -0.0294 -0.8653 0.5004
vn 0.1143 -0.8900 0.4414
vn 0.2237 -0.9165 0.3316
vn 0.2822 -0.9408 0.1876
vn 0.2807 -0.9593 0.0314
vn 0.2197 -0.9690 -0.1132
vn 0.1083 -0.9685 -0.2243
vn -0.0364 -0.9579 -0.2848
vn -0.1212 -0.9857 0.1173
# 114 vertex normals

vt 0.0000 1.0000 0.0000
vt 0.0000 0.8750 0.0000
vt 0.0625 0.8750 0.0000
vt 0.0625 1.0000 0.0000
vt 0.1250 0.8750 0.0000
vt 0.1250 1.0000 0.0000
vt 0.1875 0.8750 0.0000
vt 0.1875 1.0000 0.0000
vt 0.2500 0.8750 0.0000
vt 0.2500 1.0000 0.0000
vt 0.3125 0.8750 0.0000
vt 0.3125 1.0000 0.0000
vt 0.3750 0.8750 0.0000
vt 0.3750 1.0000 0.0000
vt 0.4375 0.8750 0.0000
vt 0.4375 1.0000 0.0000
vt 0.5000 0.8750 0.0000
vt 0.5000 1.0000 0.0000
vt 0.5625 0.8750 0.0000
vt 0.5625 1.0000 0.0000
vt 0.6250 0.8750 0.0000
vt 0.6250 1.0000 0.0000
vt 0.6875 0.8750 0.0000
vt 0.6875 1.0000 0.0000
vt 0.7500 0.8750 0.0000
vt 0.7500 1.0000 0.0000
vt 0.8125 0.8750 0.0000
vt 0.8125 1.0000 0.0000
vt 0.8750 0.8750 0.0000
vt 0.8750 1.0000 0.0000
vt 0.9375 0.8750 0.0000
vt 0.9375 1.0000 0.0000
vt 1.0000 0.8750 0.0000
vt 0.0000 0.7500 0.0000
vt 0.0625 0.7500 0.0000
vt 0.1250 0.7500 0.0000
vt 0.1875 0.7500 0.0000
vt 0.2500 0.7500 0.0000
vt 0.3125 0.7500 0.0000
vt 0.3750 0.7500 0.0000
vt 0.4375 0.7500 0.0000
vt 0.5000 0.7500 0.0000
vt 0.5625 0.7500 0.0000
vt 0.6250 0.7500 0.0000
vt 0.6875 0.7500 0.0000
vt 0.7500 0.7500 0.0000
vt 0.8125 0.7500 0.0000
vt 0.8750 0.7500 0.0000
vt 0.9375 0.7500 0.0000
vt 1.0000 0.7500 0.0000
vt 0.0000 0.6250 0.0000
vt 0.0625 0.6250 0.0000
vt 0.1250 0.6250 0.0000
vt 0.1875 0.6250 0.0000
vt 0.2500 0.6250 0.0000
vt 0.3125 0.6250 0.0000
vt 0.3750 0.6250 0.0000
vt 0.4375 0.6250 0.0000
vt 0.5000 0.6250 0.0000
vt 0.5625 0.6250 0.0000
vt 0.6250 0.6250 0.0000
vt 0.6875 0.6250 0.0000
vt 0.7500 0.6250 0.0000
vt 0.8125 0.6250 0.0000
vt 0.8750 0.6250 0.0000
vt 0.9375 0.6250 0.0000
vt 1.0000 0.6250 0.0000
vt 0.0000 0.5000 0.0000
vt 0.0625 0.5000 0.0000
vt 0.1250 0.5000 0.0000
vt 0.1875 0.5000 0.0000
vt 0.2500 0.5000 0.0000
vt 0.3125 0.5000 0.0000
vt 0.3750 0.5000 0.0000
vt 0.4375 0.5000 0.0000
vt 0.5000 0.5000 0.0000
vt 0.5625 0.5000 0.0000
vt 0.6250 0.5000 0.0000
vt 0.6875 0.5000 0.0000
vt 0.7500 0.5000 0.0000
vt 0.8125 0.5000 0.0000
vt 0.8750 0.5000 0.0000
vt 0.9375 0.5000 0.0000
vt 1.0000 0.5000 0.0000
vt 0.0000 0.3750 0.0000
vt 0.0625 0.3750 0.0000
vt 0.1250 0.3750 0.0000
vt 0.1875 0.3750 0.0000
vt 0.2500 0.3750 0.0000
vt 0.3125 0.3750 0.0000
vt 0.3750 0.3750 0.0000
vt 0.4375 0.3750 0.0000
vt 0.5000 0.3750 0.0000
vt 0.5625 0.3750 0.0000
vt 0.6250 0.3750 0.0000
vt 0.6875 0.3750 0.0000
vt 0.7500 0.3750 0.0000
vt 0.8125 0.3750 0.0000
vt 0.8750 0.3750 0.0000
vt 0.9375 0.3750 0.0000
vt 1.0000 0.3750 0.0000
vt 0.0000 0.2500 0.0000
vt 0.0625 0.2500 0.0000
vt 0.1250 0.2500 0.0000
vt 0.1875 0.2500 0.0000
vt 0.2500 0.2500 0.0000
vt 0.3125 0.2500 0.0000
vt 0.3750 0.2500 0.0000
vt 0.4375 0.2500 0.0000
vt 0.5000 0.2500 0.0000
vt 0.5625 0.2500 0.0000
vt 0.6250 0.2500 0.0000
vt 0.6875 0.2500 0.0000
vt 0.7500 0.2500 0.0000
vt 0.8125 0.2500 0.0000
vt 0.8750 0.2500 0.0000
vt 0.9375 0.2500 0.0000
vt 1.0000 0.2500 0.0000
vt 0.0000 0.1250 0.0000
vt 0.0625 0.1250 0.0000
vt 0.1250 0.1250 0.0000
vt 0.1875 0.1250 0.0000
vt 0.2500 0.1250 0.0000
vt 0.3125 0.1250 0.0000
vt 0.3750 0.1250 0.0000
vt 0.4375 0.1250 0.0000
vt 0.5000 0.1250 0.0000
vt 0.5625 0.1250 0.0000
vt 0.6250 0.1250 0.0000
vt 0.6875 0.1250 0.0000
vt 0.7500 0.1250 0.0000
vt 0.8125 0.1250 0.0000
vt 0.8750 0.1250 0.0000
vt 0.9375 0.1250 0.0000
vt 1.0000 0.1250 0.0000
vt 0.0000 0.0000 0.0000
vt 0.0625 0.0000 0.0000
vt 0.1250 0.0000 0.0000
vt 0.1875 0.0000 0.0000
vt 0.2500 0.0000 0.0000
vt 0.3125 0.0000 0.0000
vt 0.3750 0.0000 0.0000
vt 0.4375 0.0000 0.0000
vt 0.5000 0.0000 0.0000
vt 0.5625 0.0000 0.0000
vt 0.6250 0.0000 0.0000
vt 0.6875 0.0000 0.0000
vt 0.7500 0.0000 0.0000
vt 0.8125 0.0000 0.0000
vt 0.8750 0.0000 0.0000
vt 0.9375 0.0000 0.0000
# 151 texture coords

o Sphere014
g Sphere014
usemtl wire_224086086
s 1
f 1867/1964/1867 1868/1965/1868 1869/1966/1869 
f 1867/1967/1867 1869/1966/1869 1870/1968/1870 
f 1867/1969/1867 1870/1968/1870 1871/1970/1871 
f 1867/1971/1867 1871/1970/1871 1872/1972/1872 
f 1867/1973/1867 1872/1972/1872 1873/1974/1873 
f 1867/1975/1867 1873/1974/1873 1874/1976/1874 
f 1867/1977/1867 1874/1976/1874 1875/1978/1875 
f 1867/1979/1867 1875/1978/1875 1876/1980/1876 
f 1867/1981/1867 1876/1980/1876 1877/1982/1877 
f 1867/1983/1867 1877/1982/1877 1878/1984/1878 
f 1867/1985/1867 1878/1984/1878 1879/1986/1879 
f 1867/1987/1867 1879/1986/1879 1880/1988/1880 
f 1867/1989/1867 1880/1988/1880 1881/1990/1881 
f 1867/1991/1867 1881/1990/1881 1882/1992/1882 
f 1867/1993/1867 1882/1992/1882 1883/1994/1883 
f 1867/1995/1867 1883/1994/1883 1868/1996/1868 
f 1868/1965/1868 1884/1997/1884 1885/1998/1885 1869/1966/1869 
f 1869/1966/1869 1885/1998/1885 1886/1999/1886 1870/1968/1870 
f 1870/1968/1870 1886/1999/1886 1887/2000/1887 1871/1970/1871 
f 1871/1970/1871 1887/2000/1887 1888/2001/1888 1872/1972/1872 
f 1872/1972/1872 1888/2001/1888 1889/2002/1889 1873/1974/1873 
f 1873/1974/1873 1889/2002/1889 1890/2003/1890 1874/1976/1874 
f 1874/1976/1874 1890/2003/1890 1891/2004/1891 1875/1978/1875 
f 1875/1978/1875 1891/2004/1891 1892/2005/1892 1876/1980/1876 
f 1876/1980/1876 1892/2005/1892 1893/2006/1893 1877/1982/1877 
f 1877/1982/1877 1893/2006/1893 1894/2007/1894 1878/1984/1878 
f 1878/1984/1878 1894/2007/1894 1895/2008/1895 1879/1986/1879 
f 1879/1986/1879 1895/2008/1895 1896/2009/1896 1880/1988/1880 
f 1880/1988/1880 1896/2009/1896 1897/2010/1897 1881/1990/1881 
f 1881/1990/1881 1897/2010/1897 1898/2011/1898 1882/1992/1882 
f 1882/1992/1882 1898/2011/1898 1899/2012/1899 1883/1994/1883 
f 1883/1994/1883 1899/2012/1899 1884/2013/1884 1868/1996/1868 
f 1884/1997/1884 1900/2014/1900 1901/2015/1901 1885/1998/1885 
f 1885/1998/1885 1901/2015/1901 1902/2016/1902 1886/1999/1886 
f 1886/1999/1886 1902/2016/1902 1903/2017/1903 1887/2000/1887 
f 1887/2000/1887 1903/2017/1903 1904/2018/1904 1888/2001/1888 
f 1888/2001/1888 1904/2018/1904 1905/2019/1905 1889/2002/1889 
f 1889/2002/1889 1905/2019/1905 1906/2020/1906 1890/2003/1890 
f 1890/2003/1890 1906/2020/1906 1907/2021/1907 1891/2004/1891 
f 1891/2004/1891 1907/2021/1907 1908/2022/1908 1892/2005/1892 
f 1892/2005/1892 1908/2022/1908 1909/2023/1909 1893/2006/1893 
f 1893/2006/1893 1909/2023/1909 1910/2024/1910 1894/2007/1894 
f 1894/2007/1894 1910/2024/1910 1911/2025/1911 1895/2008/1895 
f 1895/2008/1895 1911/2025/1911 1912/2026/1912 1896/2009/1896 
f 1896/2009/1896 1912/2026/1912 1913/2027/1913 1897/2010/1897 
f 1897/2010/1897 1913/2027/1913 1914/2028/1914 1898/2011/1898 
f 1898/2011/1898 1914/2028/1914 1915/2029/1915 1899/2012/1899 
f 1899/2012/1899 1915/2029/1915 1900/2030/1900 1884/2013/1884 
f 1900/2014/1900 1916/2031/1916 1917/2032/1917 1901/2015/1901 
f 1901/2015/1901 1917/2032/1917 1918/2033/1918 1902/2016/1902 
f 1902/2016/1902 1918/2033/1918 1919/2034/1919 1903/2017/1903 
f 1903/2017/1903 1919/2034/1919 1920/2035/1920 1904/2018/1904 
f 1904/2018/1904 1920/2035/1920 1921/2036/1921 1905/2019/1905 
f 1905/2019/1905 1921/2036/1921 1922/2037/1922 1906/2020/1906 
f 1906/2020/1906 1922/2037/1922 1923/2038/1923 1907/2021/1907 
f 1907/2021/1907 1923/2038/1923 1924/2039/1924 1908/2022/1908 
f 1908/2022/1908 1924/2039/1924 1925/2040/1925 1909/2023/1909 
f 1909/2023/1909 1925/2040/1925 1926/2041/1926 1910/2024/1910 
f 1910/2024/1910 1926/2041/1926 1927/2042/1927 1911/2025/1911 
f 1911/2025/1911 1927/2042/1927 1928/2043/1928 1912/2026/1912 
f 1912/2026/1912 1928/2043/1928 1929/2044/1929 1913/2027/1913 
f 1913/2027/1913 1929/2044/1929 1930/2045/1930 1914/2028/1914 
f 1914/2028/1914 1930/2045/1930 1931/2046/1931 1915/2029/1915 
f 1915/2029/1915 1931/2046/1931 1916/2047/1916 1900/2030/1900 
f 1916/2031/1916 1932/2048/1932 1933/2049/1933 1917/2032/1917 
f 1917/2032/1917 1933/2049/1933 1934/2050/1934 1918/2033/1918 
f 1918/2033/1918 1934/2050/1934 1935/2051/1935 1919/2034/1919 
f 1919/2034/1919 1935/2051/1935 1936/2052/1936 1920/2035/1920 
f 1920/2035/1920 1936/2052/1936 1937/2053/1937 1921/2036/1921 
f 1921/2036/1921 1937/2053/1937 1938/2054/1938 1922/2037/1922 
f 1922/2037/1922 1938/2054/1938 1939/2055/1939 1923/2038/1923 
f 1923/2038/1923 1939/2055/1939 1940/2056/1940 1924/2039/1924 
f 1924/2039/1924 1940/2056/1940 1941/2057/1941 1925/2040/1925 
f 1925/2040/1925 1941/2057/1941 1942/2058/1942 1926/2041/1926 
f 1926/2041/1926 1942/2058/1942 1943/2059/1943 1927/2042/1927 
f 1927/2042/1927 1943/2059/1943 1944/2060/1944 1928/2043/1928 
f 1928/2043/1928 1944/2060/1944 1945/2061/1945 1929/2044/1929 
f 1929/2044/1929 1945/2061/1945 1946/2062/1946 1930/2045/1930 
f 1930/2045/1930 1946/2062/1946 1947/2063/1947 1931/2046/1931 
f 1931/2046/1931 1947/2063/1947 1932/2064/1932 1916/2047/1916 
f 1932/2048/1932 1948/2065/1948 1949/2066/1949 1933/2049/1933 
f 1933/2049/1933 1949/2066/1949 1950/2067/1950 1934/2050/1934 
f 1934/2050/1934 1950/2067/1950 1951/2068/1951 1935/2051/1935 
f 1935/2051/1935 1951/2068/1951 1952/2069/1952 1936/2052/1936 
f 1936/2052/1936 1952/2069/1952 1953/2070/1953 1937/2053/1937 
f 1937/2053/1937 1953/2070/1953 1954/2071/1954 1938/2054/1938 
f 1938/2054/1938 1954/2071/1954 1955/2072/1955 1939/2055/1939 
f 1939/2055/1939 1955/2072/1955 1956/2073/1956 1940/2056/1940 
f 1940/2056/1940 1956/2073/1956 1957/2074/1957 1941/2057/1941 
f 1941/2057/1941 1957/2074/1957 1958/2075/1958 1942/2058/1942 
f 1942/2058/1942 1958/2075/1958 1959/2076/1959 1943/2059/1943 
f 1943/2059/1943 1959/2076/1959 1960/2077/1960 1944/2060/1944 
f 1944/2060/1944 1960/2077/1960 1961/2078/1961 1945/2061/1945 
f 1945/2061/1945 1961/2078/1961 1962/2079/1962 1946/2062/1946 
f 1946/2062/1946 1962/2079/1962 1963/2080/1963 1947/2063/1947 
f 1947/2063/1947 1963/2080/1963 1948/2081/1948 1932/2064/1932 
f 1948/2065/1948 1964/2082/1964 1965/2083/1965 1949/2066/1949 
f 1949/2066/1949 1965/2083/1965 1966/2084/1966 1950/2067/1950 
f 1950/2067/1950 1966/2084/1966 1967/2085/1967 1951/2068/1951 
f 1951/2068/1951 1967/2085/1967 1968/2086/1968 1952/2069/1952 
f 1952/2069/1952 1968/2086/1968 1969/2087/1969 1953/2070/1953 
f 1953/2070/1953 1969/2087/1969 1970/2088/1970 1954/2071/1954 
f 1954/2071/1954 1970/2088/1970 1971/2089/1971 1955/2072/1955 
f 1955/2072/1955 1971/2089/1971 1972/2090/1972 1956/2073/1956 
f 1956/2073/1956 1972/2090/1972 1973/2091/1973 1957/2074/1957 
f 1957/2074/1957 1973/2091/1973 1974/2092/1974 1958/2075/1958 
f 1958/2075/1958 1974/2092/1974 1975/2093/1975 1959/2076/1959 
f 1959/2076/1959 1975/2093/1975 1976/2094/1976 1960/2077/1960 
f 1960/2077/1960 1976/2094/1976 1977/2095/1977 1961/2078/1961 
f 1961/2078/1961 1977/2095/1977 1978/2096/1978 1962/2079/1962 
f 1962/2079/1962 1978/2096/1978 1979/2097/1979 1963/2080/1963 
f 1963/2080/1963 1979/2097/1979 1964/2098/1964 1948/2081/1948 
f 1980/2099/1980 1965/2083/1965 1964/2082/1964 
f 1980/2100/1980 1966/2084/1966 1965/2083/1965 
f 1980/2101/1980 1967/2085/1967 1966/2084/1966 
f 1980/2102/1980 1968/2086/1968 1967/2085/1967 
f 1980/2103/1980 1969/2087/1969 1968/2086/1968 
f 1980/2104/1980 1970/2088/1970 1969/2087/1969 
f 1980/2105/1980 1971/2089/1971 1970/2088/1970 
f 1980/2106/1980 1972/2090/1972 1971/2089/1971 
f 1980/2107/1980 1973/2091/1973 1972/2090/1972 
f 1980/2108/1980 1974/2092/1974 1973/2091/1973 
f 1980/2109/1980 1975/2093/1975 1974/2092/1974 
f 1980/2110/1980 1976/2094/1976 1975/2093/1975 
f 1980/2111/1980 1977/2095/1977 1976/2094/1976 
f 1980/2112/1980 1978/2096/1978 1977/2095/1977 
f 1980/2113/1980 1979/2097/1979 1978/2096/1978 
f 1980/2114/1980 1964/2098/1964 1979/2097/1979 
# 96 polygons - 32 triangles

#
# object Sphere015
#

v  -0.1899 0.1789 4.1628
v  -0.2032 0.1575 4.1102
v  -0.2232 0.1609 4.1184
v  -0.2383 0.1646 4.1336
v  -0.2465 0.1680 4.1536
v  -0.2463 0.1705 4.1753
v  -0.2378 0.1719 4.1954
v  -0.2223 0.1718 4.2108
v  -0.2022 0.1703 4.2192
v  -0.1805 0.1677 4.2193
v  -0.1606 0.1643 4.2111
v  -0.1454 0.1606 4.1959
v  -0.1373 0.1572 4.1759
v  -0.1375 0.1546 4.1542
v  -0.1459 0.1533 4.1341
v  -0.1614 0.1534 4.1187
v  -0.1815 0.1548 4.1103
v  -0.2185 0.1066 4.0694
v  -0.2554 0.1130 4.0846
v  -0.2835 0.1198 4.1127
v  -0.2985 0.1260 4.1497
v  -0.2981 0.1308 4.1898
v  -0.2824 0.1333 4.2269
v  -0.2539 0.1331 4.2554
v  -0.2167 0.1304 4.2709
v  -0.1766 0.1255 4.2711
v  -0.1398 0.1192 4.2560
v  -0.1117 0.1124 4.2278
v  -0.0967 0.1061 4.1909
v  -0.0971 0.1014 4.1508
v  -0.1127 0.0989 4.1137
v  -0.1413 0.0990 4.0852
v  -0.1785 0.1017 4.0696
v  -0.2335 0.0342 4.0468
v  -0.2817 0.0424 4.0666
v  -0.3184 0.0513 4.1034
v  -0.3380 0.0595 4.1517
v  -0.3375 0.0657 4.2040
v  -0.3170 0.0689 4.2525
v  -0.2797 0.0688 4.2898
v  -0.2311 0.0652 4.3101
v  -0.1788 0.0588 4.3103
v  -0.1306 0.0505 4.2906
v  -0.0939 0.0416 4.2537
v  -0.0743 0.0335 4.2055
v  -0.0748 0.0273 4.1531
v  -0.0953 0.0240 4.1046
v  -0.1326 0.0242 4.0674
v  -0.1812 0.0277 4.0471
v  -0.2459 -0.0490 4.0457
v  -0.2980 -0.0400 4.0671
v  -0.3377 -0.0304 4.1070
v  -0.3589 -0.0215 4.1592
v  -0.3584 -0.0149 4.2159
v  -0.3362 -0.0113 4.2684
v  -0.2958 -0.0115 4.3087
v  -0.2433 -0.0154 4.3307
v  -0.1866 -0.0223 4.3310
v  -0.1345 -0.0313 4.3096
v  -0.0948 -0.0409 4.2697
v  -0.0736 -0.0497 4.2175
v  -0.0741 -0.0564 4.1608
v  -0.0963 -0.0599 4.1083
v  -0.1367 -0.0597 4.0680
v  -0.1892 -0.0559 4.0460
v  -0.2537 -0.1301 4.0663
v  -0.3019 -0.1218 4.0861
v  -0.3386 -0.1129 4.1229
v  -0.3582 -0.1047 4.1712
v  -0.3577 -0.0985 4.2236
v  -0.3372 -0.0953 4.2721
v  -0.2999 -0.0954 4.3093
v  -0.2513 -0.0990 4.3296
v  -0.1990 -0.1054 4.3299
v  -0.1508 -0.1137 4.3101
v  -0.1141 -0.1226 4.2733
v  -0.0945 -0.1307 4.2250
v  -0.0950 -0.1369 4.1726
v  -0.1155 -0.1402 4.1242
v  -0.1528 -0.1400 4.0869
v  -0.2014 -0.1365 4.0666
v  -0.2559 -0.1968 4.1055
v  -0.2927 -0.1904 4.1207
v  -0.3208 -0.1836 4.1489
v  -0.3358 -0.1774 4.1858
v  -0.3354 -0.1726 4.2259
v  -0.3198 -0.1702 4.2630
v  -0.2912 -0.1703 4.2915
v  -0.2540 -0.1730 4.3070
v  -0.2140 -0.1779 4.3073
v  -0.1771 -0.1842 4.2921
v  -0.1490 -0.1910 4.2639
v  -0.1340 -0.1973 4.2270
v  -0.1344 -0.2020 4.1869
v  -0.1501 -0.2045 4.1498
v  -0.1786 -0.2044 4.1213
v  -0.2158 -0.2017 4.1058
v  -0.2520 -0.2389 4.1574
v  -0.2719 -0.2355 4.1655
v  -0.2871 -0.2318 4.1808
v  -0.2952 -0.2285 4.2008
v  -0.2950 -0.2259 4.2225
v  -0.2866 -0.2245 4.2426
v  -0.2711 -0.2246 4.2580
v  -0.2510 -0.2261 4.2664
v  -0.2293 -0.2287 4.2665
v  -0.2093 -0.2322 4.2583
v  -0.1942 -0.2359 4.2431
v  -0.1860 -0.2392 4.2231
v  -0.1862 -0.2418 4.2014
v  -0.1947 -0.2431 4.1813
v  -0.2102 -0.2431 4.1659
v  -0.2303 -0.2416 4.1575
v  -0.2426 -0.2502 4.2139
# 114 vertices

vn 0.1212 0.9857 -0.1173
vn 0.0294 0.8653 -0.5004
vn -0.1143 0.8900 -0.4414
vn -0.2237 0.9165 -0.3316
vn -0.2822 0.9408 -0.1876
vn -0.2807 0.9593 -0.0314
vn -0.2197 0.9690 0.1132
vn -0.1083 0.9685 0.2243
vn 0.0364 0.9579 0.2848
vn 0.1926 0.9388 0.2856
vn 0.3362 0.9141 0.2267
vn 0.4456 0.8876 0.1168
vn 0.5041 0.8632 -0.0272
vn 0.5027 0.8448 -0.1834
vn 0.4416 0.8351 -0.3280
vn 0.3302 0.8356 -0.4390
vn 0.1855 0.8462 -0.4996
vn -0.0612 0.6196 -0.7825
vn -0.3175 0.6637 -0.6773
vn -0.5126 0.7110 -0.4814
vn -0.6168 0.7544 -0.2246
vn -0.6143 0.7872 0.0539
vn -0.5054 0.8046 0.3118
vn -0.3068 0.8037 0.5099
vn -0.0486 0.7848 0.6178
vn 0.2298 0.7507 0.6193
vn 0.4861 0.7067 0.5141
vn 0.6811 0.6594 0.3182
vn 0.7854 0.6160 0.0615
vn 0.7828 0.5831 -0.2171
vn 0.6740 0.5658 -0.4750
vn 0.4753 0.5667 -0.6730
vn 0.2172 0.5856 -0.7810
vn -0.1423 0.2845 -0.9481
vn -0.4729 0.3413 -0.8124
vn -0.7245 0.4023 -0.5597
vn -0.8589 0.4583 -0.2285
vn -0.8557 0.5007 0.1308
vn -0.7153 0.5230 0.4635
vn -0.4590 0.5219 0.7190
vn -0.1260 0.4975 0.8583
vn 0.2331 0.4535 0.8602
vn 0.5636 0.3967 0.7245
vn 0.8153 0.3357 0.4718
vn 0.9497 0.2797 0.1406
vn 0.9465 0.2373 -0.2187
vn 0.8061 0.2150 -0.5514
vn 0.5498 0.2161 -0.8068
vn 0.2168 0.2405 -0.9461
vn -0.2024 -0.0912 -0.9750
vn -0.5589 -0.0299 -0.8287
vn -0.8303 0.0359 -0.5562
vn -0.9753 0.0963 -0.1990
vn -0.9718 0.1420 0.1885
vn -0.8203 0.1661 0.5473
vn -0.5440 0.1649 0.8227
vn -0.1849 0.1386 0.9729
vn 0.2024 0.0912 0.9750
vn 0.5589 0.0299 0.8287
vn 0.8303 -0.0359 0.5562
vn 0.9753 -0.0963 0.1990
vn 0.9718 -0.1420 -0.1885
vn 0.8203 -0.1661 -0.5473
vn 0.5440 -0.1649 -0.8227
vn 0.1849 -0.1386 -0.9729
vn -0.2331 -0.4535 -0.8602
vn -0.5636 -0.3967 -0.7245
vn -0.8153 -0.3357 -0.4718
vn -0.9497 -0.2797 -0.1406
vn -0.9465 -0.2373 0.2187
vn -0.8061 -0.2150 0.5514
vn -0.5498 -0.2161 0.8068
vn -0.2168 -0.2405 0.9461
vn 0.1423 -0.2845 0.9481
vn 0.4729 -0.3413 0.8124
vn 0.7245 -0.4023 0.5597
vn 0.8589 -0.4583 0.2285
vn 0.8557 -0.5007 -0.1308
vn 0.7153 -0.5230 -0.4635
vn 0.4590 -0.5219 -0.7190
vn 0.1260 -0.4975 -0.8583
vn -0.2298 -0.7507 -0.6193
vn -0.4861 -0.7067 -0.5141
vn -0.6811 -0.6594 -0.3182
vn -0.7854 -0.6160 -0.0615
vn -0.7828 -0.5831 0.2171
vn -0.6740 -0.5658 0.4750
vn -0.4753 -0.5667 0.6730
vn -0.2172 -0.5856 0.7810
vn 0.0612 -0.6196 0.7825
vn 0.3175 -0.6637 0.6773
vn 0.5126 -0.7110 0.4814
vn 0.6168 -0.7544 0.2246
vn 0.6143 -0.7872 -0.0539
vn 0.5054 -0.8046 -0.3118
vn 0.3068 -0.8037 -0.5099
vn 0.0486 -0.7848 -0.6178
vn -0.1926 -0.9388 -0.2856
vn -0.3362 -0.9141 -0.2267
vn -0.4456 -0.8876 -0.1168
vn -0.5041 -0.8632 0.0272
vn -0.5027 -0.8448 0.1834
vn -0.4416 -0.8351 0.3280
vn -0.3302 -0.8356 0.4390
vn -0.1855 -0.8462 0.4996
vn -0.0294 -0.8653 0.5004
vn 0.1143 -0.8900 0.4414
vn 0.2237 -0.9165 0.3316
vn 0.2822 -0.9408 0.1876
vn 0.2807 -0.9593 0.0314
vn 0.2197 -0.9690 -0.1132
vn 0.1083 -0.9685 -0.2243
vn -0.0364 -0.9579 -0.2848
vn -0.1212 -0.9857 0.1173
# 114 vertex normals

vt 0.0000 1.0000 0.0000
vt 0.0000 0.8750 0.0000
vt 0.0625 0.8750 0.0000
vt 0.0625 1.0000 0.0000
vt 0.1250 0.8750 0.0000
vt 0.1250 1.0000 0.0000
vt 0.1875 0.8750 0.0000
vt 0.1875 1.0000 0.0000
vt 0.2500 0.8750 0.0000
vt 0.2500 1.0000 0.0000
vt 0.3125 0.8750 0.0000
vt 0.3125 1.0000 0.0000
vt 0.3750 0.8750 0.0000
vt 0.3750 1.0000 0.0000
vt 0.4375 0.8750 0.0000
vt 0.4375 1.0000 0.0000
vt 0.5000 0.8750 0.0000
vt 0.5000 1.0000 0.0000
vt 0.5625 0.8750 0.0000
vt 0.5625 1.0000 0.0000
vt 0.6250 0.8750 0.0000
vt 0.6250 1.0000 0.0000
vt 0.6875 0.8750 0.0000
vt 0.6875 1.0000 0.0000
vt 0.7500 0.8750 0.0000
vt 0.7500 1.0000 0.0000
vt 0.8125 0.8750 0.0000
vt 0.8125 1.0000 0.0000
vt 0.8750 0.8750 0.0000
vt 0.8750 1.0000 0.0000
vt 0.9375 0.8750 0.0000
vt 0.9375 1.0000 0.0000
vt 1.0000 0.8750 0.0000
vt 0.0000 0.7500 0.0000
vt 0.0625 0.7500 0.0000
vt 0.1250 0.7500 0.0000
vt 0.1875 0.7500 0.0000
vt 0.2500 0.7500 0.0000
vt 0.3125 0.7500 0.0000
vt 0.3750 0.7500 0.0000
vt 0.4375 0.7500 0.0000
vt 0.5000 0.7500 0.0000
vt 0.5625 0.7500 0.0000
vt 0.6250 0.7500 0.0000
vt 0.6875 0.7500 0.0000
vt 0.7500 0.7500 0.0000
vt 0.8125 0.7500 0.0000
vt 0.8750 0.7500 0.0000
vt 0.9375 0.7500 0.0000
vt 1.0000 0.7500 0.0000
vt 0.0000 0.6250 0.0000
vt 0.0625 0.6250 0.0000
vt 0.1250 0.6250 0.0000
vt 0.1875 0.6250 0.0000
vt 0.2500 0.6250 0.0000
vt 0.3125 0.6250 0.0000
vt 0.3750 0.6250 0.0000
vt 0.4375 0.6250 0.0000
vt 0.5000 0.6250 0.0000
vt 0.5625 0.6250 0.0000
vt 0.6250 0.6250 0.0000
vt 0.6875 0.6250 0.0000
vt 0.7500 0.6250 0.0000
vt 0.8125 0.6250 0.0000
vt 0.8750 0.6250 0.0000
vt 0.9375 0.6250 0.0000
vt 1.0000 0.6250 0.0000
vt 0.0000 0.5000 0.0000
vt 0.0625 0.5000 0.0000
vt 0.1250 0.5000 0.0000
vt 0.1875 0.5000 0.0000
vt 0.2500 0.5000 0.0000
vt 0.3125 0.5000 0.0000
vt 0.3750 0.5000 0.0000
vt 0.4375 0.5000 0.0000
vt 0.5000 0.5000 0.0000
vt 0.5625 0.5000 0.0000
vt 0.6250 0.5000 0.0000
vt 0.6875 0.5000 0.0000
vt 0.7500 0.5000 0.0000
vt 0.8125 0.5000 0.0000
vt 0.8750 0.5000 0.0000
vt 0.9375 0.5000 0.0000
vt 1.0000 0.5000 0.0000
vt 0.0000 0.3750 0.0000
vt 0.0625 0.3750 0.0000
vt 0.1250 0.3750 0.0000
vt 0.1875 0.3750 0.0000
vt 0.2500 0.3750 0.0000
vt 0.3125 0.3750 0.0000
vt 0.3750 0.3750 0.0000
vt 0.4375 0.3750 0.0000
vt 0.5000 0.3750 0.0000
vt 0.5625 0.3750 0.0000
vt 0.6250 0.3750 0.0000
vt 0.6875 0.3750 0.0000
vt 0.7500 0.3750 0.0000
vt 0.8125 0.3750 0.0000
vt 0.8750 0.3750 0.0000
vt 0.9375 0.3750 0.0000
vt 1.0000 0.3750 0.0000
vt 0.0000 0.2500 0.0000
vt 0.0625 0.2500 0.0000
vt 0.1250 0.2500 0.0000
vt 0.1875 0.2500 0.0000
vt 0.2500 0.2500 0.0000
vt 0.3125 0.2500 0.0000
vt 0.3750 0.2500 0.0000
vt 0.4375 0.2500 0.0000
vt 0.5000 0.2500 0.0000
vt 0.5625 0.2500 0.0000
vt 0.6250 0.2500 0.0000
vt 0.6875 0.2500 0.0000
vt 0.7500 0.2500 0.0000
vt 0.8125 0.2500 0.0000
vt 0.8750 0.2500 0.0000
vt 0.9375 0.2500 0.0000
vt 1.0000 0.2500 0.0000
vt 0.0000 0.1250 0.0000
vt 0.0625 0.1250 0.0000
vt 0.1250 0.1250 0.0000
vt 0.1875 0.1250 0.0000
vt 0.2500 0.1250 0.0000
vt 0.3125 0.1250 0.0000
vt 0.3750 0.1250 0.0000
vt 0.4375 0.1250 0.0000
vt 0.5000 0.1250 0.0000
vt 0.5625 0.1250 0.0000
vt 0.6250 0.1250 0.0000
vt 0.6875 0.1250 0.0000
vt 0.7500 0.1250 0.0000
vt 0.8125 0.1250 0.0000
vt 0.8750 0.1250 0.0000
vt 0.9375 0.1250 0.0000
vt 1.0000 0.1250 0.0000
vt 0.0000 0.0000 0.0000
vt 0.0625 0.0000 0.0000
vt 0.1250 0.0000 0.0000
vt 0.1875 0.0000 0.0000
vt 0.2500 0.0000 0.0000
vt 0.3125 0.0000 0.0000
vt 0.3750 0.0000 0.0000
vt 0.4375 0.0000 0.0000
vt 0.5000 0.0000 0.0000
vt 0.5625 0.0000 0.0000
vt 0.6250 0.0000 0.0000
vt 0.6875 0.0000 0.0000
vt 0.7500 0.0000 0.0000
vt 0.8125 0.0000 0.0000
vt 0.8750 0.0000 0.0000
vt 0.9375 0.0000 0.0000
# 151 texture coords

o Sphere015
g Sphere015
usemtl wire_224086086
s 1
f 1981/2115/1981 1982/2116/1982 1983/2117/1983 
f 1981/2118/1981 1983/2117/1983 1984/2119/1984 
f 1981/2120/1981 1984/2119/1984 1985/2121/1985 
f 1981/2122/1981 1985/2121/1985 1986/2123/1986 
f 1981/2124/1981 1986/2123/1986 1987/2125/1987 
f 1981/2126/1981 1987/2125/1987 1988/2127/1988 
f 1981/2128/1981 1988/2127/1988 1989/2129/1989 
f 1981/2130/1981 1989/2129/1989 1990/2131/1990 
f 1981/2132/1981 1990/2131/1990 1991/2133/1991 
f 1981/2134/1981 1991/2133/1991 1992/2135/1992 
f 1981/2136/1981 1992/2135/1992 1993/2137/1993 
f 1981/2138/1981 1993/2137/1993 1994/2139/1994 
f 1981/2140/1981 1994/2139/1994 1995/2141/1995 
f 1981/2142/1981 1995/2141/1995 1996/2143/1996 
f 1981/2144/1981 1996/2143/1996 1997/2145/1997 
f 1981/2146/1981 1997/2145/1997 1982/2147/1982 
f 1982/2116/1982 1998/2148/1998 1999/2149/1999 1983/2117/1983 
f 1983/2117/1983 1999/2149/1999 2000/2150/2000 1984/2119/1984 
f 1984/2119/1984 2000/2150/2000 2001/2151/2001 1985/2121/1985 
f 1985/2121/1985 2001/2151/2001 2002/2152/2002 1986/2123/1986 
f 1986/2123/1986 2002/2152/2002 2003/2153/2003 1987/2125/1987 
f 1987/2125/1987 2003/2153/2003 2004/2154/2004 1988/2127/1988 
f 1988/2127/1988 2004/2154/2004 2005/2155/2005 1989/2129/1989 
f 1989/2129/1989 2005/2155/2005 2006/2156/2006 1990/2131/1990 
f 1990/2131/1990 2006/2156/2006 2007/2157/2007 1991/2133/1991 
f 1991/2133/1991 2007/2157/2007 2008/2158/2008 1992/2135/1992 
f 1992/2135/1992 2008/2158/2008 2009/2159/2009 1993/2137/1993 
f 1993/2137/1993 2009/2159/2009 2010/2160/2010 1994/2139/1994 
f 1994/2139/1994 2010/2160/2010 2011/2161/2011 1995/2141/1995 
f 1995/2141/1995 2011/2161/2011 2012/2162/2012 1996/2143/1996 
f 1996/2143/1996 2012/2162/2012 2013/2163/2013 1997/2145/1997 
f 1997/2145/1997 2013/2163/2013 1998/2164/1998 1982/2147/1982 
f 1998/2148/1998 2014/2165/2014 2015/2166/2015 1999/2149/1999 
f 1999/2149/1999 2015/2166/2015 2016/2167/2016 2000/2150/2000 
f 2000/2150/2000 2016/2167/2016 2017/2168/2017 2001/2151/2001 
f 2001/2151/2001 2017/2168/2017 2018/2169/2018 2002/2152/2002 
f 2002/2152/2002 2018/2169/2018 2019/2170/2019 2003/2153/2003 
f 2003/2153/2003 2019/2170/2019 2020/2171/2020 2004/2154/2004 
f 2004/2154/2004 2020/2171/2020 2021/2172/2021 2005/2155/2005 
f 2005/2155/2005 2021/2172/2021 2022/2173/2022 2006/2156/2006 
f 2006/2156/2006 2022/2173/2022 2023/2174/2023 2007/2157/2007 
f 2007/2157/2007 2023/2174/2023 2024/2175/2024 2008/2158/2008 
f 2008/2158/2008 2024/2175/2024 2025/2176/2025 2009/2159/2009 
f 2009/2159/2009 2025/2176/2025 2026/2177/2026 2010/2160/2010 
f 2010/2160/2010 2026/2177/2026 2027/2178/2027 2011/2161/2011 
f 2011/2161/2011 2027/2178/2027 2028/2179/2028 2012/2162/2012 
f 2012/2162/2012 2028/2179/2028 2029/2180/2029 2013/2163/2013 
f 2013/2163/2013 2029/2180/2029 2014/2181/2014 1998/2164/1998 
f 2014/2165/2014 2030/2182/2030 2031/2183/2031 2015/2166/2015 
f 2015/2166/2015 2031/2183/2031 2032/2184/2032 2016/2167/2016 
f 2016/2167/2016 2032/2184/2032 2033/2185/2033 2017/2168/2017 
f 2017/2168/2017 2033/2185/2033 2034/2186/2034 2018/2169/2018 
f 2018/2169/2018 2034/2186/2034 2035/2187/2035 2019/2170/2019 
f 2019/2170/2019 2035/2187/2035 2036/2188/2036 2020/2171/2020 
f 2020/2171/2020 2036/2188/2036 2037/2189/2037 2021/2172/2021 
f 2021/2172/2021 2037/2189/2037 2038/2190/2038 2022/2173/2022 
f 2022/2173/2022 2038/2190/2038 2039/2191/2039 2023/2174/2023 
f 2023/2174/2023 2039/2191/2039 2040/2192/2040 2024/2175/2024 
f 2024/2175/2024 2040/2192/2040 2041/2193/2041 2025/2176/2025 
f 2025/2176/2025 2041/2193/2041 2042/2194/2042 2026/2177/2026 
f 2026/2177/2026 2042/2194/2042 2043/2195/2043 2027/2178/2027 
f 2027/2178/2027 2043/2195/2043 2044/2196/2044 2028/2179/2028 
f 2028/2179/2028 2044/2196/2044 2045/2197/2045 2029/2180/2029 
f 2029/2180/2029 2045/2197/2045 2030/2198/2030 2014/2181/2014 
f 2030/2182/2030 2046/2199/2046 2047/2200/2047 2031/2183/2031 
f 2031/2183/2031 2047/2200/2047 2048/2201/2048 2032/2184/2032 
f 2032/2184/2032 2048/2201/2048 2049/2202/2049 2033/2185/2033 
f 2033/2185/2033 2049/2202/2049 2050/2203/2050 2034/2186/2034 
f 2034/2186/2034 2050/2203/2050 2051/2204/2051 2035/2187/2035 
f 2035/2187/2035 2051/2204/2051 2052/2205/2052 2036/2188/2036 
f 2036/2188/2036 2052/2205/2052 2053/2206/2053 2037/2189/2037 
f 2037/2189/2037 2053/2206/2053 2054/2207/2054 2038/2190/2038 
f 2038/2190/2038 2054/2207/2054 2055/2208/2055 2039/2191/2039 
f 2039/2191/2039 2055/2208/2055 2056/2209/2056 2040/2192/2040 
f 2040/2192/2040 2056/2209/2056 2057/2210/2057 2041/2193/2041 
f 2041/2193/2041 2057/2210/2057 2058/2211/2058 2042/2194/2042 
f 2042/2194/2042 2058/2211/2058 2059/2212/2059 2043/2195/2043 
f 2043/2195/2043 2059/2212/2059 2060/2213/2060 2044/2196/2044 
f 2044/2196/2044 2060/2213/2060 2061/2214/2061 2045/2197/2045 
f 2045/2197/2045 2061/2214/2061 2046/2215/2046 2030/2198/2030 
f 2046/2199/2046 2062/2216/2062 2063/2217/2063 2047/2200/2047 
f 2047/2200/2047 2063/2217/2063 2064/2218/2064 2048/2201/2048 
f 2048/2201/2048 2064/2218/2064 2065/2219/2065 2049/2202/2049 
f 2049/2202/2049 2065/2219/2065 2066/2220/2066 2050/2203/2050 
f 2050/2203/2050 2066/2220/2066 2067/2221/2067 2051/2204/2051 
f 2051/2204/2051 2067/2221/2067 2068/2222/2068 2052/2205/2052 
f 2052/2205/2052 2068/2222/2068 2069/2223/2069 2053/2206/2053 
f 2053/2206/2053 2069/2223/2069 2070/2224/2070 2054/2207/2054 
f 2054/2207/2054 2070/2224/2070 2071/2225/2071 2055/2208/2055 
f 2055/2208/2055 2071/2225/2071 2072/2226/2072 2056/2209/2056 
f 2056/2209/2056 2072/2226/2072 2073/2227/2073 2057/2210/2057 
f 2057/2210/2057 2073/2227/2073 2074/2228/2074 2058/2211/2058 
f 2058/2211/2058 2074/2228/2074 2075/2229/2075 2059/2212/2059 
f 2059/2212/2059 2075/2229/2075 2076/2230/2076 2060/2213/2060 
f 2060/2213/2060 2076/2230/2076 2077/2231/2077 2061/2214/2061 
f 2061/2214/2061 2077/2231/2077 2062/2232/2062 2046/2215/2046 
f 2062/2216/2062 2078/2233/2078 2079/2234/2079 2063/2217/2063 
f 2063/2217/2063 2079/2234/2079 2080/2235/2080 2064/2218/2064 
f 2064/2218/2064 2080/2235/2080 2081/2236/2081 2065/2219/2065 
f 2065/2219/2065 2081/2236/2081 2082/2237/2082 2066/2220/2066 
f 2066/2220/2066 2082/2237/2082 2083/2238/2083 2067/2221/2067 
f 2067/2221/2067 2083/2238/2083 2084/2239/2084 2068/2222/2068 
f 2068/2222/2068 2084/2239/2084 2085/2240/2085 2069/2223/2069 
f 2069/2223/2069 2085/2240/2085 2086/2241/2086 2070/2224/2070 
f 2070/2224/2070 2086/2241/2086 2087/2242/2087 2071/2225/2071 
f 2071/2225/2071 2087/2242/2087 2088/2243/2088 2072/2226/2072 
f 2072/2226/2072 2088/2243/2088 2089/2244/2089 2073/2227/2073 
f 2073/2227/2073 2089/2244/2089 2090/2245/2090 2074/2228/2074 
f 2074/2228/2074 2090/2245/2090 2091/2246/2091 2075/2229/2075 
f 2075/2229/2075 2091/2246/2091 2092/2247/2092 2076/2230/2076 
f 2076/2230/2076 2092/2247/2092 2093/2248/2093 2077/2231/2077 
f 2077/2231/2077 2093/2248/2093 2078/2249/2078 2062/2232/2062 
f 2094/2250/2094 2079/2234/2079 2078/2233/2078 
f 2094/2251/2094 2080/2235/2080 2079/2234/2079 
f 2094/2252/2094 2081/2236/2081 2080/2235/2080 
f 2094/2253/2094 2082/2237/2082 2081/2236/2081 
f 2094/2254/2094 2083/2238/2083 2082/2237/2082 
f 2094/2255/2094 2084/2239/2084 2083/2238/2083 
f 2094/2256/2094 2085/2240/2085 2084/2239/2084 
f 2094/2257/2094 2086/2241/2086 2085/2240/2085 
f 2094/2258/2094 2087/2242/2087 2086/2241/2086 
f 2094/2259/2094 2088/2243/2088 2087/2242/2087 
f 2094/2260/2094 2089/2244/2089 2088/2243/2088 
f 2094/2261/2094 2090/2245/2090 2089/2244/2089 
f 2094/2262/2094 2091/2246/2091 2090/2245/2090 
f 2094/2263/2094 2092/2247/2092 2091/2246/2091 
f 2094/2264/2094 2093/2248/2093 2092/2247/2092 
f 2094/2265/2094 2078/2249/2078 2093/2248/2093 
# 96 polygons - 32 triangles

#
# object Cylinder001
#

v  -0.0109 0.7041 4.3915
v  -0.0165 0.7558 4.3843
v  -0.0334 0.7502 4.3805
v  -0.0476 0.7391 4.3780
v  0.0172 0.7483 4.3940
v  0.0011 0.7551 4.3890
v  0.0378 0.7202 4.4025
v  0.0300 0.7362 4.3987
v  0.0355 0.6845 4.4058
v  0.0397 0.7022 4.4050
v  0.0115 0.6581 4.4025
v  0.0257 0.6692 4.4050
v  -0.0230 0.6532 4.3940
v  -0.0054 0.6525 4.3986
v  -0.0518 0.6721 4.3843
v  -0.0391 0.6600 4.3890
v  -0.0616 0.7061 4.3780
v  -0.0597 0.6881 4.3805
v  -0.0574 0.7238 4.3771
v  0.0038 0.7563 4.2964
v  -0.0042 0.7465 4.2936
v  0.0145 0.7626 4.3002
v  0.0266 0.7647 4.3046
v  0.0387 0.7623 4.3091
v  0.0494 0.7558 4.3131
v  0.0573 0.7458 4.3162
v  0.0614 0.7336 4.3179
v  0.0614 0.7206 4.3180
v  0.0572 0.7085 4.3167
v  0.0492 0.6987 4.3139
v  0.0385 0.6924 4.3100
v  0.0264 0.6903 4.3056
v  0.0143 0.6927 4.3011
v  0.0036 0.6993 4.2971
v  -0.0043 0.7093 4.2941
v  -0.0084 0.7215 4.2924
v  -0.0084 0.7344 4.2922
v  0.0378 0.7699 4.2123
v  0.0335 0.7601 4.2084
v  0.0453 0.7773 4.2169
v  0.0551 0.7816 4.2218
v  0.0659 0.7822 4.2263
v  0.0765 0.7790 4.2299
v  0.0856 0.7724 4.2321
v  0.0920 0.7632 4.2328
v  0.0951 0.7525 4.2318
v  0.0944 0.7416 4.2292
v  0.0901 0.7319 4.2253
v  0.0825 0.7244 4.2207
v  0.0728 0.7201 4.2158
v  0.0620 0.7196 4.2113
v  0.0514 0.7228 4.2077
v  0.0423 0.7294 4.2054
v  0.0358 0.7386 4.2048
v  0.0328 0.7493 4.2058
v  0.0685 0.7886 4.1300
v  0.0656 0.7781 4.1238
v  0.0754 0.7973 4.1366
v  0.0854 0.8033 4.1426
v  0.0973 0.8057 4.1474
v  0.1098 0.8044 4.1504
v  0.1212 0.7994 4.1512
v  0.1302 0.7914 4.1498
v  0.1357 0.7813 4.1463
v  0.1372 0.7704 4.1411
v  0.1342 0.7599 4.1348
v  0.1274 0.7512 4.1283
v  0.1174 0.7452 4.1222
v  0.1054 0.7428 4.1174
v  0.0930 0.7441 4.1144
v  0.0816 0.7491 4.1136
v  0.0726 0.7571 4.1151
v  0.0670 0.7672 4.1186
v  0.0957 0.8100 4.0516
v  0.0927 0.7986 4.0412
v  0.1039 0.8200 4.0614
v  0.1163 0.8272 4.0694
v  0.1314 0.8309 4.0745
v  0.1474 0.8305 4.0762
v  0.1624 0.8262 4.0743
v  0.1746 0.8185 4.0689
v  0.1824 0.8082 4.0609
v  0.1850 0.7966 4.0510
v  0.1820 0.7852 4.0405
v  0.1738 0.7753 4.0307
v  0.1614 0.7680 4.0228
v  0.1462 0.7644 4.0177
v  0.1302 0.7647 4.0160
v  0.1152 0.7690 4.0179
v  0.1031 0.7768 4.0232
v  0.0952 0.7870 4.0313
v  0.1191 0.8318 3.9789
v  0.1150 0.8196 3.9619
v  0.1300 0.8426 3.9936
v  0.1465 0.8509 4.0042
v  0.1666 0.8555 4.0094
v  0.1879 0.8560 4.0087
v  0.2077 0.8522 4.0020
v  0.2238 0.8447 3.9903
v  0.2341 0.8343 3.9748
v  0.2375 0.8223 3.9576
v  0.2335 0.8102 3.9406
v  0.2225 0.7993 3.9259
v  0.2060 0.7911 3.9153
v  0.1859 0.7864 3.9100
v  0.1646 0.7860 3.9108
v  0.1448 0.7897 3.9174
v  0.1287 0.7973 3.9292
v  0.1184 0.8076 3.9446
v  0.1763 0.8210 3.9597
# 110 vertices

vn -0.2869 0.0263 0.9576
vn -0.2838 0.7386 0.6115
vn -0.5227 0.6806 0.5133
vn -0.7370 0.5328 0.4159
vn 0.1725 0.6179 0.7671
vn -0.0468 0.7142 0.6984
vn 0.5029 0.2332 0.8323
vn 0.3617 0.4559 0.8132
vn 0.5421 -0.3214 0.7764
vn 0.5708 -0.0365 0.8203
vn 0.1991 -0.7608 0.6177
vn 0.4119 -0.5765 0.7057
vn -0.3362 -0.8362 0.4333
vn -0.0624 -0.8497 0.5235
vn -0.7932 -0.5294 0.3009
vn -0.5894 -0.7251 0.3562
vn -0.9579 0.0212 0.2865
vn -0.9226 -0.2701 0.2755
vn -0.8920 0.3031 0.3355
vn -0.5982 0.7767 -0.1974
vn -0.7868 0.5100 -0.3477
vn -0.3340 0.9419 -0.0356
vn -0.0319 0.9928 0.1153
vn 0.2747 0.9316 0.2379
vn 0.5573 0.7667 0.3186
vn 0.7867 0.5107 0.3470
vn 0.9301 0.1867 0.3164
vn 0.9593 -0.1641 0.2298
vn 0.8667 -0.4884 0.1016
vn 0.6713 -0.7398 -0.0459
vn 0.4082 -0.8924 -0.1924
vn 0.1127 -0.9394 -0.3239
vn -0.1855 -0.8830 -0.4313
vn -0.4605 -0.7285 -0.5072
vn -0.6852 -0.4851 -0.5432
vn -0.8301 -0.1716 -0.5306
vn -0.8680 0.1768 -0.4641
vn -0.7671 0.6149 -0.1827
vn -0.8970 0.3137 -0.3115
vn -0.5521 0.8331 -0.0331
vn -0.2822 0.9517 0.1210
vn 0.0161 0.9644 0.2640
vn 0.3174 0.8690 0.3796
vn 0.5917 0.6686 0.4504
vn 0.8022 0.3787 0.4616
vn 0.9123 0.0349 0.4081
vn 0.9020 -0.3110 0.2995
vn 0.7774 -0.6091 0.1571
vn 0.5636 -0.8260 0.0040
vn 0.2906 -0.9462 -0.1425
vn -0.0139 -0.9627 -0.2704
vn -0.3219 -0.8715 -0.3701
vn -0.6004 -0.6734 -0.4313
vn -0.8100 -0.3829 -0.4441
vn -0.9145 -0.0362 -0.4029
vn -0.8370 0.5251 -0.1539
vn -0.9420 0.2063 -0.2649
vn -0.6492 0.7603 -0.0230
vn -0.4088 0.9048 0.1192
vn -0.1316 0.9551 0.2653
vn 0.1699 0.9001 0.4011
vn 0.4693 0.7267 0.5016
vn 0.7181 0.4419 0.5376
vn 0.8641 0.0906 0.4952
vn 0.8841 -0.2606 0.3879
vn 0.7915 -0.5595 0.2459
vn 0.6148 -0.7828 0.0961
vn 0.3784 -0.9245 -0.0457
vn 0.0987 -0.9803 -0.1711
vn -0.2080 -0.9391 -0.2734
vn -0.5145 -0.7857 -0.3435
vn -0.7727 -0.5163 -0.3692
vn -0.9256 -0.1629 -0.3416
vn -0.8389 0.5352 -0.0989
vn -0.9573 0.2066 -0.2024
vn -0.6492 0.7605 0.0155
vn -0.4241 0.8946 0.1410
vn -0.1670 0.9449 0.2816
vn 0.1285 0.8940 0.4292
vn 0.4436 0.7076 0.5500
vn 0.7090 0.3849 0.5909
vn 0.8484 0.0025 0.5293
vn 0.8500 -0.3440 0.3990
vn 0.7513 -0.6119 0.2472
vn 0.5886 -0.8021 0.1015
vn 0.3800 -0.9246 -0.0282
vn 0.1310 -0.9816 -0.1391
vn -0.1563 -0.9609 -0.2287
vn -0.4682 -0.8345 -0.2906
vn -0.7574 -0.5736 -0.3119
vn -0.9397 -0.1956 -0.2807
vn -0.4969 0.7690 -0.4022
vn -0.6295 0.5840 -0.5126
vn -0.3538 0.8792 -0.3190
vn -0.2125 0.9465 -0.2427
vn -0.0539 0.9861 -0.1574
vn 0.1543 0.9861 -0.0611
vn 0.4260 0.9047 0.0124
vn 0.6991 0.7150 -0.0078
vn 0.8746 0.4636 -0.1420
vn 0.9165 0.2153 -0.3371
vn 0.8441 0.0056 -0.5362
vn 0.6889 -0.1538 -0.7084
vn 0.4746 -0.2603 -0.8408
vn 0.2158 -0.3094 -0.9261
vn -0.0725 -0.2886 -0.9547
vn -0.3599 -0.1789 -0.9157
vn -0.5880 0.0317 -0.8082
vn -0.6841 0.3151 -0.6578
vn 0.0415 0.7464 -0.6642
# 110 vertex normals

vt 0.5000 0.0000 0.0000
vt 0.8611 0.0000 1.0000
vt 0.8056 0.0000 1.0000
vt 0.7500 0.0000 1.0000
vt 0.9722 0.0000 1.0000
vt 0.9167 0.0000 1.0000
vt 0.0833 0.0000 1.0000
vt 0.0278 0.0000 1.0000
vt -0.0278 0.0000 1.0000
vt 0.1944 0.0000 1.0000
vt 0.1389 0.0000 1.0000
vt 0.3056 0.0000 1.0000
vt 0.2500 0.0000 1.0000
vt 0.4167 0.0000 1.0000
vt 0.3611 0.0000 1.0000
vt 0.5278 0.0000 1.0000
vt 0.4722 0.0000 1.0000
vt 0.6389 0.0000 1.0000
vt 0.5833 0.0000 1.0000
vt 0.6944 0.0000 1.0000
vt 0.8056 0.2000 1.0000
vt 0.7500 0.2000 1.0000
vt 0.8611 0.2000 1.0000
vt 0.9167 0.2000 1.0000
vt 0.9722 0.2000 1.0000
vt 0.0278 0.2000 1.0000
vt -0.0278 0.2000 1.0000
vt 0.0833 0.2000 1.0000
vt 0.1389 0.2000 1.0000
vt 0.1944 0.2000 1.0000
vt 0.2500 0.2000 1.0000
vt 0.3056 0.2000 1.0000
vt 0.3611 0.2000 1.0000
vt 0.4167 0.2000 1.0000
vt 0.4722 0.2000 1.0000
vt 0.5278 0.2000 1.0000
vt 0.5833 0.2000 1.0000
vt 0.6389 0.2000 1.0000
vt 0.6944 0.2000 1.0000
vt 0.8056 0.4000 1.0000
vt 0.7500 0.4000 1.0000
vt 0.8611 0.4000 1.0000
vt 0.9167 0.4000 1.0000
vt 0.9722 0.4000 1.0000
vt 0.0278 0.4000 1.0000
vt -0.0278 0.4000 1.0000
vt 0.0833 0.4000 1.0000
vt 0.1389 0.4000 1.0000
vt 0.1944 0.4000 1.0000
vt 0.2500 0.4000 1.0000
vt 0.3056 0.4000 1.0000
vt 0.3611 0.4000 1.0000
vt 0.4167 0.4000 1.0000
vt 0.4722 0.4000 1.0000
vt 0.5278 0.4000 1.0000
vt 0.5833 0.4000 1.0000
vt 0.6389 0.4000 1.0000
vt 0.6944 0.4000 1.0000
vt 0.8056 0.6000 1.0000
vt 0.7500 0.6000 1.0000
vt 0.8611 0.6000 1.0000
vt 0.9167 0.6000 1.0000
vt 0.9722 0.6000 1.0000
vt 0.0278 0.6000 1.0000
vt -0.0278 0.6000 1.0000
vt 0.0833 0.6000 1.0000
vt 0.1389 0.6000 1.0000
vt 0.1944 0.6000 1.0000
vt 0.2500 0.6000 1.0000
vt 0.3056 0.6000 1.0000
vt 0.3611 0.6000 1.0000
vt 0.4167 0.6000 1.0000
vt 0.4722 0.6000 1.0000
vt 0.5278 0.6000 1.0000
vt 0.5833 0.6000 1.0000
vt 0.6389 0.6000 1.0000
vt 0.6944 0.6000 1.0000
vt 0.8056 0.8000 1.0000
vt 0.7500 0.8000 1.0000
vt 0.8611 0.8000 1.0000
vt 0.9167 0.8000 1.0000
vt 0.9722 0.8000 1.0000
vt 0.0278 0.8000 1.0000
vt -0.0278 0.8000 1.0000
vt 0.0833 0.8000 1.0000
vt 0.1389 0.8000 1.0000
vt 0.1944 0.8000 1.0000
vt 0.2500 0.8000 1.0000
vt 0.3056 0.8000 1.0000
vt 0.3611 0.8000 1.0000
vt 0.4167 0.8000 1.0000
vt 0.4722 0.8000 1.0000
vt 0.5278 0.8000 1.0000
vt 0.5833 0.8000 1.0000
vt 0.6389 0.8000 1.0000
vt 0.6944 0.8000 1.0000
vt 0.8056 1.0000 1.0000
vt 0.7500 1.0000 1.0000
vt 0.8611 1.0000 1.0000
vt 0.9167 1.0000 1.0000
vt 0.9722 1.0000 1.0000
vt 0.0278 1.0000 1.0000
vt -0.0278 1.0000 1.0000
vt 0.0833 1.0000 1.0000
vt 0.1389 1.0000 1.0000
vt 0.1944 1.0000 1.0000
vt 0.2500 1.0000 1.0000
vt 0.3056 1.0000 1.0000
vt 0.3611 1.0000 1.0000
vt 0.4167 1.0000 1.0000
vt 0.4722 1.0000 1.0000
vt 0.5278 1.0000 1.0000
vt 0.5833 1.0000 1.0000
vt 0.6389 1.0000 1.0000
vt 0.6944 1.0000 1.0000
vt 0.5000 1.0000 0.0000
vt -0.0197 1.0000 0.8794
# 117 texture coords

o Cylinder001
g Cylinder001
usemtl wire_198225087
s 1
f 2095/2266/2095 2096/2267/2096 2097/2268/2097 2098/2269/2098 
f 2095/2266/2095 2099/2270/2099 2100/2271/2100 2096/2267/2096 
f 2095/2266/2095 2101/2272/2101 2102/2273/2102 2099/2274/2099 
f 2095/2266/2095 2103/2275/2103 2104/2276/2104 2101/2272/2101 
f 2095/2266/2095 2105/2277/2105 2106/2278/2106 2103/2275/2103 
f 2095/2266/2095 2107/2279/2107 2108/2280/2108 2105/2277/2105 
f 2095/2266/2095 2109/2281/2109 2110/2282/2110 2107/2279/2107 
f 2095/2266/2095 2111/2283/2111 2112/2284/2112 2109/2281/2109 
f 2095/2266/2095 2098/2269/2098 2113/2285/2113 2111/2283/2111 
s 8
f 2098/2269/2098 2097/2268/2097 2114/2286/2114 2115/2287/2115 
f 2097/2268/2097 2096/2267/2096 2116/2288/2116 2114/2286/2114 
f 2096/2267/2096 2100/2271/2100 2117/2289/2117 2116/2288/2116 
f 2100/2271/2100 2099/2270/2099 2118/2290/2118 2117/2289/2117 
f 2099/2274/2099 2102/2273/2102 2119/2291/2119 2118/2292/2118 
f 2102/2273/2102 2101/2272/2101 2120/2293/2120 2119/2291/2119 
f 2101/2272/2101 2104/2276/2104 2121/2294/2121 2120/2293/2120 
f 2104/2276/2104 2103/2275/2103 2122/2295/2122 2121/2294/2121 
f 2103/2275/2103 2106/2278/2106 2123/2296/2123 2122/2295/2122 
f 2106/2278/2106 2105/2277/2105 2124/2297/2124 2123/2296/2123 
f 2105/2277/2105 2108/2280/2108 2125/2298/2125 2124/2297/2124 
f 2108/2280/2108 2107/2279/2107 2126/2299/2126 2125/2298/2125 
f 2107/2279/2107 2110/2282/2110 2127/2300/2127 2126/2299/2126 
f 2110/2282/2110 2109/2281/2109 2128/2301/2128 2127/2300/2127 
f 2109/2281/2109 2112/2284/2112 2129/2302/2129 2128/2301/2128 
f 2112/2284/2112 2111/2283/2111 2130/2303/2130 2129/2302/2129 
f 2111/2283/2111 2113/2285/2113 2131/2304/2131 2130/2303/2130 
f 2113/2285/2113 2098/2269/2098 2115/2287/2115 2131/2304/2131 
f 2115/2287/2115 2114/2286/2114 2132/2305/2132 2133/2306/2133 
f 2114/2286/2114 2116/2288/2116 2134/2307/2134 2132/2305/2132 
f 2116/2288/2116 2117/2289/2117 2135/2308/2135 2134/2307/2134 
f 2117/2289/2117 2118/2290/2118 2136/2309/2136 2135/2308/2135 
f 2118/2292/2118 2119/2291/2119 2137/2310/2137 2136/2311/2136 
f 2119/2291/2119 2120/2293/2120 2138/2312/2138 2137/2310/2137 
f 2120/2293/2120 2121/2294/2121 2139/2313/2139 2138/2312/2138 
f 2121/2294/2121 2122/2295/2122 2140/2314/2140 2139/2313/2139 
f 2122/2295/2122 2123/2296/2123 2141/2315/2141 2140/2314/2140 
f 2123/2296/2123 2124/2297/2124 2142/2316/2142 2141/2315/2141 
f 2124/2297/2124 2125/2298/2125 2143/2317/2143 2142/2316/2142 
f 2125/2298/2125 2126/2299/2126 2144/2318/2144 2143/2317/2143 
f 2126/2299/2126 2127/2300/2127 2145/2319/2145 2144/2318/2144 
f 2127/2300/2127 2128/2301/2128 2146/2320/2146 2145/2319/2145 
f 2128/2301/2128 2129/2302/2129 2147/2321/2147 2146/2320/2146 
f 2129/2302/2129 2130/2303/2130 2148/2322/2148 2147/2321/2147 
f 2130/2303/2130 2131/2304/2131 2149/2323/2149 2148/2322/2148 
f 2131/2304/2131 2115/2287/2115 2133/2306/2133 2149/2323/2149 
f 2133/2306/2133 2132/2305/2132 2150/2324/2150 2151/2325/2151 
f 2132/2305/2132 2134/2307/2134 2152/2326/2152 2150/2324/2150 
f 2134/2307/2134 2135/2308/2135 2153/2327/2153 2152/2326/2152 
f 2135/2308/2135 2136/2309/2136 2154/2328/2154 2153/2327/2153 
f 2136/2311/2136 2137/2310/2137 2155/2329/2155 2154/2330/2154 
f 2137/2310/2137 2138/2312/2138 2156/2331/2156 2155/2329/2155 
f 2138/2312/2138 2139/2313/2139 2157/2332/2157 2156/2331/2156 
f 2139/2313/2139 2140/2314/2140 2158/2333/2158 2157/2332/2157 
f 2140/2314/2140 2141/2315/2141 2159/2334/2159 2158/2333/2158 
f 2141/2315/2141 2142/2316/2142 2160/2335/2160 2159/2334/2159 
f 2142/2316/2142 2143/2317/2143 2161/2336/2161 2160/2335/2160 
f 2143/2317/2143 2144/2318/2144 2162/2337/2162 2161/2336/2161 
f 2144/2318/2144 2145/2319/2145 2163/2338/2163 2162/2337/2162 
f 2145/2319/2145 2146/2320/2146 2164/2339/2164 2163/2338/2163 
f 2146/2320/2146 2147/2321/2147 2165/2340/2165 2164/2339/2164 
f 2147/2321/2147 2148/2322/2148 2166/2341/2166 2165/2340/2165 
f 2148/2322/2148 2149/2323/2149 2167/2342/2167 2166/2341/2166 
f 2149/2323/2149 2133/2306/2133 2151/2325/2151 2167/2342/2167 
f 2151/2325/2151 2150/2324/2150 2168/2343/2168 2169/2344/2169 
f 2150/2324/2150 2152/2326/2152 2170/2345/2170 2168/2343/2168 
f 2152/2326/2152 2153/2327/2153 2171/2346/2171 2170/2345/2170 
f 2153/2327/2153 2154/2328/2154 2172/2347/2172 2171/2346/2171 
f 2154/2330/2154 2155/2329/2155 2173/2348/2173 2172/2349/2172 
f 2155/2329/2155 2156/2331/2156 2174/2350/2174 2173/2348/2173 
f 2156/2331/2156 2157/2332/2157 2175/2351/2175 2174/2350/2174 
f 2157/2332/2157 2158/2333/2158 2176/2352/2176 2175/2351/2175 
f 2158/2333/2158 2159/2334/2159 2177/2353/2177 2176/2352/2176 
f 2159/2334/2159 2160/2335/2160 2178/2354/2178 2177/2353/2177 
f 2160/2335/2160 2161/2336/2161 2179/2355/2179 2178/2354/2178 
f 2161/2336/2161 2162/2337/2162 2180/2356/2180 2179/2355/2179 
f 2162/2337/2162 2163/2338/2163 2181/2357/2181 2180/2356/2180 
f 2163/2338/2163 2164/2339/2164 2182/2358/2182 2181/2357/2181 
f 2164/2339/2164 2165/2340/2165 2183/2359/2183 2182/2358/2182 
f 2165/2340/2165 2166/2341/2166 2184/2360/2184 2183/2359/2183 
f 2166/2341/2166 2167/2342/2167 2185/2361/2185 2184/2360/2184 
f 2167/2342/2167 2151/2325/2151 2169/2344/2169 2185/2361/2185 
f 2169/2344/2169 2168/2343/2168 2186/2362/2186 2187/2363/2187 
f 2168/2343/2168 2170/2345/2170 2188/2364/2188 2186/2362/2186 
f 2170/2345/2170 2171/2346/2171 2189/2365/2189 2188/2364/2188 
f 2171/2346/2171 2172/2347/2172 2190/2366/2190 2189/2365/2189 
f 2172/2349/2172 2173/2348/2173 2191/2367/2191 2190/2368/2190 
f 2173/2348/2173 2174/2350/2174 2192/2369/2192 2191/2367/2191 
f 2174/2350/2174 2175/2351/2175 2193/2370/2193 2192/2369/2192 
f 2175/2351/2175 2176/2352/2176 2194/2371/2194 2193/2370/2193 
f 2176/2352/2176 2177/2353/2177 2195/2372/2195 2194/2371/2194 
f 2177/2353/2177 2178/2354/2178 2196/2373/2196 2195/2372/2195 
f 2178/2354/2178 2179/2355/2179 2197/2374/2197 2196/2373/2196 
f 2179/2355/2179 2180/2356/2180 2198/2375/2198 2197/2374/2197 
f 2180/2356/2180 2181/2357/2181 2199/2376/2199 2198/2375/2198 
f 2181/2357/2181 2182/2358/2182 2200/2377/2200 2199/2376/2199 
f 2182/2358/2182 2183/2359/2183 2201/2378/2201 2200/2377/2200 
f 2183/2359/2183 2184/2360/2184 2202/2379/2202 2201/2378/2201 
f 2184/2360/2184 2185/2361/2185 2203/2380/2203 2202/2379/2202 
f 2185/2361/2185 2169/2344/2169 2187/2363/2187 2203/2380/2203 
s 1
f 2204/2381/2204 2203/2380/2203 2187/2363/2187 2186/2362/2186 
f 2204/2381/2204 2186/2362/2186 2188/2364/2188 2189/2365/2189 
f 2204/2381/2204 2189/2382/2189 2190/2368/2190 2191/2367/2191 
f 2204/2381/2204 2191/2367/2191 2192/2369/2192 2193/2370/2193 
f 2204/2381/2204 2193/2370/2193 2194/2371/2194 2195/2372/2195 
f 2204/2381/2204 2195/2372/2195 2196/2373/2196 2197/2374/2197 
f 2204/2381/2204 2197/2374/2197 2198/2375/2198 2199/2376/2199 
f 2204/2381/2204 2199/2376/2199 2200/2377/2200 2201/2378/2201 
f 2204/2381/2204 2201/2378/2201 2202/2379/2202 2203/2380/2203 
# 108 polygons

